999
DXF file generated by netDxf https://github.com/haplokuon/netDxf, Copyright(C) 2009-2020 Daniel Carvajal, Licensed under LGPL
0
SECTION
2
HEADER
9
$ACADVER
1
AC1024
9
$DWGCODEPAGE
3
ANSI_1252
9
$LASTSAVEDBY
1
Admin
9
$HANDSEED
5
2CB
9
$ANGBASE
50
0.0
9
$ANGDIR
70
0
9
$ATTMODE
70
1
9
$AUNITS
70
0
9
$AUPREC
70
0
9
$CECOLOR
62
256
9
$CELTSCALE
40
1.0
9
$CELTYPE
6
ByLayer
9
$CELWEIGHT
370
-1
9
$CLAYER
8
0
9
$CMLJUST
70
0
9
$CMLSCALE
40
20.0
9
$CMLSTYLE
2
Standard
9
$DIMSTYLE
2
Standard
9
$TEXTSIZE
40
2.5
9
$TEXTSTYLE
7
Standard
9
$LUNITS
70
2
9
$LUPREC
70
4
9
$MIRRTEXT
70
0
9
$EXTNAMES
290
1
9
$INSBASE
10
0.0
20
0.0
30
0.0
9
$INSUNITS
70
0
9
$LTSCALE
40
1.0
9
$LWDISPLAY
290
0
9
$PDMODE
70
33
9
$PDSIZE
40
0.75
9
$PLINEGEN
70
0
9
$PSLTSCALE
70
1
9
$TDCREATE
40
2460893.56925115
9
$TDUCREATE
40
2460893.15258448
9
$TDUPDATE
40
2460893.56925115
9
$TDUUPDATE
40
2460893.15258448
9
$TDINDWG
40
0.0
9
$UCSORG
10
0.0
20
0.0
30
0.0
9
$UCSXDIR
10
1.0
20
0.0
30
0.0
9
$UCSYDIR
10
0.0
20
1.0
30
0.0
9
$DIMADEC
70
0
9
$DIMALT
70
0
9
$DIMALTD
70
2
9
$DIMALTF
40
25.4
9
$DIMALTRND
40
0.0
9
$DIMALTTD
70
2
9
$DIMALTTZ
70
0
9
$DIMALTU
70
2
9
$DIMALTZ
70
0
9
$DIMAPOST
1

9
$DIMATFIT
70
3
9
$DIMAUNIT
70
0
9
$DIMASZ
40
0.18
9
$DIMAZIN
70
0
9
$DIMSAH
70
0
9
$DIMBLK
1

9
$DIMLDRBLK
1

9
$DIMCEN
40
0.09
9
$DIMCLRD
70
0
9
$DIMCLRE
70
0
9
$DIMCLRT
70
0
9
$DIMDEC
70
4
9
$DIMDLE
40
0.0
9
$DIMDLI
40
0.38
9
$DIMDSEP
70
46
9
$DIMEXE
40
0.18
9
$DIMEXO
40
0.0625
9
$DIMFXLON
70
0
9
$DIMFXL
40
1.0
9
$DIMGAP
40
0.09
9
$DIMJUST
70
0
9
$DIMLFAC
40
1.0
9
$DIMLUNIT
70
2
9
$DIMLWD
70
-2
9
$DIMLWE
70
-2
9
$DIMPOST
1

9
$DIMRND
40
0.0
9
$DIMSCALE
40
1.0
9
$DIMSD1
70
0
9
$DIMSD2
70
0
9
$DIMSE1
70
0
9
$DIMSE2
70
0
9
$DIMSOXD
70
0
9
$DIMTAD
70
0
9
$DIMTDEC
70
4
9
$DIMTFAC
40
1.0
9
$DIMTIH
70
0
9
$DIMTIX
70
0
9
$DIMTM
40
0.0
9
$DIMTMOVE
70
0
9
$DIMTOFL
70
0
9
$DIMTOH
70
0
9
$DIMTOL
70
0
9
$DIMLIM
70
0
9
$DIMTOLJ
70
1
9
$DIMTP
40
0.0
9
$DIMTXT
40
0.18
9
$DIMTXTDIRECTION
70
0
9
$DIMTZIN
70
0
9
$DIMZIN
70
0
9
$DIMFRAC
70
0
9
$DIMLTYPE
6
ByBlock
9
$DIMLTEX1
6
ByBlock
9
$DIMLTEX2
6
ByBlock
0
ENDSEC
0
SECTION
2
CLASSES
0
CLASS
1
RASTERVARIABLES
2
AcDbRasterVariables
3
ISM
90
0
91
1
280
0
281
0
0
ENDSEC
0
SECTION
2
TABLES
0
TABLE
2
APPID
5
4
330
0
100
AcDbSymbolTable
70
4
0
APPID
5
19
330
4
100
AcDbSymbolTableRecord
100
AcDbRegAppTableRecord
2
ACAD
70
0
0
APPID
5
2C6
330
4
100
AcDbSymbolTableRecord
100
AcDbRegAppTableRecord
2
AcCmTransparency
70
0
0
APPID
5
2C7
330
4
100
AcDbSymbolTableRecord
100
AcDbRegAppTableRecord
2
GradientColor1ACI
70
0
0
APPID
5
2C8
330
4
100
AcDbSymbolTableRecord
100
AcDbRegAppTableRecord
2
GradientColor2ACI
70
0
0
ENDTAB
0
TABLE
2
VPORT
5
1
330
0
100
AcDbSymbolTable
70
1
0
VPORT
5
2
330
1
100
AcDbSymbolTableRecord
100
AcDbViewportTableRecord
2
*Active
70
0
10
0.0
20
0.0
11
1.0
21
1.0
12
0.0
22
0.0
13
0.0
23
0.0
14
0.5
24
0.5
15
10.0
25
10.0
16
0.0
26
0.0
36
1.0
17
1395677.9097103
27
357954.965228186
37
0.0
40
6179.8380471167
41
1.0
75
0
76
1
0
ENDTAB
0
TABLE
2
LTYPE
5
7
330
0
100
AcDbSymbolTable
70
3
0
LTYPE
5
15
330
7
100
AcDbSymbolTableRecord
100
AcDbLinetypeTableRecord
2
Continuous
70
0
3
Solid line
72
65
73
0
40
0.0
0
LTYPE
5
16
330
7
100
AcDbSymbolTableRecord
100
AcDbLinetypeTableRecord
2
ByLayer
70
0
3

72
65
73
0
40
0.0
0
LTYPE
5
17
330
7
100
AcDbSymbolTableRecord
100
AcDbLinetypeTableRecord
2
ByBlock
70
0
3

72
65
73
0
40
0.0
0
ENDTAB
0
TABLE
2
LAYER
5
5
102
{ACAD_XDICTIONARY
360
6
102
}
330
0
100
AcDbSymbolTable
70
2
0
LAYER
5
14
330
5
100
AcDbSymbolTableRecord
100
AcDbLayerTableRecord
2
0
70
0
62
7
6
Continuous
290
1
370
-3
390
0
0
LAYER
5
22
330
5
100
AcDbSymbolTableRecord
100
AcDbLayerTableRecord
2
1 - границы Достопримечательного места
70
0
62
7
6
Continuous
290
1
370
-3
390
0
0
ENDTAB
0
TABLE
2
STYLE
5
8
330
0
100
AcDbSymbolTable
70
1
0
STYLE
5
18
330
8
100
AcDbSymbolTableRecord
100
AcDbTextStyleTableRecord
2
Standard
3
simplex.shx
70
0
71
0
40
0.0
41
1.0
42
0.0
50
0.0
0
ENDTAB
0
TABLE
2
DIMSTYLE
5
A
330
0
100
AcDbSymbolTable
70
1
100
AcDbDimStyleTable
0
DIMSTYLE
105
1A
330
A
100
AcDbSymbolTableRecord
100
AcDbDimStyleTableRecord
2
Standard
3

4

40
1.0
41
0.18
42
0.0625
43
0.38
44
0.18
45
0.0
46
0.0
47
0.0
48
0.0
49
1.0
70
0
71
0
72
0
73
0
74
0
75
0
76
0
77
0
78
0
79
0
140
0.18
141
0.09
143
25.4
144
1.0
146
1.0
147
0.09
148
0.0
170
0
171
2
172
0
174
0
175
0
176
0
177
0
178
0
179
0
271
4
272
4
273
2
274
2
275
0
276
0
277
2
278
46
279
0
280
0
281
0
282
0
283
1
284
0
285
0
286
0
289
3
290
0
294
0
340
18
173
0
345
17
346
17
347
17
371
-2
372
-2
0
ENDTAB
0
TABLE
2
VIEW
5
3
330
0
100
AcDbSymbolTable
70
0
0
ENDTAB
0
TABLE
2
UCS
5
C
330
0
100
AcDbSymbolTable
70
0
0
ENDTAB
0
TABLE
2
BLOCK_RECORD
5
D
330
0
100
AcDbSymbolTable
70
2
0
BLOCK_RECORD
5
1C
330
D
100
AcDbSymbolTableRecord
100
AcDbBlockTableRecord
2
*Model_Space
340
20
0
BLOCK_RECORD
5
2C0
330
D
100
AcDbSymbolTableRecord
100
AcDbBlockTableRecord
2
*Paper_Space
340
2C5
0
ENDTAB
0
ENDSEC
0
SECTION
2
BLOCKS
0
BLOCK
5
1E
330
1C
100
AcDbEntity
67
0
8
0
100
AcDbBlockBegin
2
*Model_Space
70
0
10
0.0
20
0.0
30
0.0
3
*Model_Space
4

0
ENDBLK
5
1D
330
1C
100
AcDbEntity
8
0
100
AcDbBlockEnd
0
BLOCK
5
2C2
330
2C0
100
AcDbEntity
67
1
8
0
100
AcDbBlockBegin
2
*Paper_Space
70
0
10
0.0
20
0.0
30
0.0
3
*Paper_Space
4

0
ENDBLK
5
2C1
330
2C0
100
AcDbEntity
8
0
100
AcDbBlockEnd
0
ENDSEC
0
SECTION
2
ENTITIES
0
POINT
5
23
330
1C
100
AcDbEntity
67
0
8
1 - границы Достопримечательного места
62
256
6
ByLayer
370
-1
48
1.0
60
0
100
AcDbPoint
10
1391719.71529228
20
354905.79133692
30
0.0
39
0.0
210
0.0
220
0.0
230
1.0
50
360.0
0
TEXT
5
24
330
1C
100
AcDbEntity
67
0
8
1 - границы Достопримечательного места
62
7
6
ByLayer
370
-1
48
1.0
60
0
100
AcDbText
1
1
10
1391719.84443061
20
354906.065770164
30
0.0
40
0.31111111111
41
1.0
50
0.0
51
0.0
7
Standard
11
1391719.84443061
21
354906.065770164
31
0.0
210
0.0
220
0.0
230
1.0
71
0
72
0
100
AcDbText
73
0
0
POINT
5
25
330
1C
100
AcDbEntity
67
0
8
1 - границы Достопримечательного места
62
256
6
ByLayer
370
-1
48
1.0
60
0
100
AcDbPoint
10
1391664.65825269
20
355618.573805464
30
0.0
39
0.0
210
0.0
220
0.0
230
1.0
50
360.0
0
TEXT
5
26
330
1C
100
AcDbEntity
67
0
8
1 - границы Достопримечательного места
62
7
6
ByLayer
370
-1
48
1.0
60
0
100
AcDbText
1
2
10
1391664.78738973
20
355618.848238591
30
0.0
40
0.31111111111
41
1.0
50
0.0
51
0.0
7
Standard
11
1391664.78738973
21
355618.848238591
31
0.0
210
0.0
220
0.0
230
1.0
71
0
72
0
100
AcDbText
73
0
0
POINT
5
27
330
1C
100
AcDbEntity
67
0
8
1 - границы Достопримечательного места
62
256
6
ByLayer
370
-1
48
1.0
60
0
100
AcDbPoint
10
1391801.58858251
20
355672.331698034
30
0.0
39
0.0
210
0.0
220
0.0
230
1.0
50
360.0
0
TEXT
5
28
330
1C
100
AcDbEntity
67
0
8
1 - границы Достопримечательного места
62
7
6
ByLayer
370
-1
48
1.0
60
0
100
AcDbText
1
3
10
1391801.71771944
20
355672.606131407
30
0.0
40
0.31111111111
41
1.0
50
0.0
51
0.0
7
Standard
11
1391801.71771944
21
355672.606131407
31
0.0
210
0.0
220
0.0
230
1.0
71
0
72
0
100
AcDbText
73
0
0
POINT
5
29
330
1C
100
AcDbEntity
67
0
8
1 - границы Достопримечательного места
62
256
6
ByLayer
370
-1
48
1.0
60
0
100
AcDbPoint
10
1391878.61056258
20
355670.972591158
30
0.0
39
0.0
210
0.0
220
0.0
230
1.0
50
360.0
0
TEXT
5
2A
330
1C
100
AcDbEntity
67
0
8
1 - границы Достопримечательного места
62
7
6
ByLayer
370
-1
48
1.0
60
0
100
AcDbText
1
4
10
1391878.73969952
20
355671.247024672
30
0.0
40
0.31111111111
41
1.0
50
0.0
51
0.0
7
Standard
11
1391878.73969952
21
355671.247024672
31
0.0
210
0.0
220
0.0
230
1.0
71
0
72
0
100
AcDbText
73
0
0
POINT
5
2B
330
1C
100
AcDbEntity
67
0
8
1 - границы Достопримечательного места
62
256
6
ByLayer
370
-1
48
1.0
60
0
100
AcDbPoint
10
1392093.36294604
20
355615.197456132
30
0.0
39
0.0
210
0.0
220
0.0
230
1.0
50
360.0
0
TEXT
5
2C
330
1C
100
AcDbEntity
67
0
8
1 - границы Достопримечательного места
62
7
6
ByLayer
370
-1
48
1.0
60
0
100
AcDbText
1
5
10
1392093.49208308
20
355615.471890041
30
0.0
40
0.31111111111
41
1.0
50
0.0
51
0.0
7
Standard
11
1392093.49208308
21
355615.471890041
31
0.0
210
0.0
220
0.0
230
1.0
71
0
72
0
100
AcDbText
73
0
0
POINT
5
2D
330
1C
100
AcDbEntity
67
0
8
1 - границы Достопримечательного места
62
256
6
ByLayer
370
-1
48
1.0
60
0
100
AcDbPoint
10
1392528.7910253
20
355709.399354001
30
0.0
39
0.0
210
0.0
220
0.0
230
1.0
50
360.0
0
TEXT
5
2E
330
1C
100
AcDbEntity
67
0
8
1 - границы Достопримечательного места
62
7
6
ByLayer
370
-1
48
1.0
60
0
100
AcDbText
1
6
10
1392528.92016215
20
355709.673788698
30
0.0
40
0.31111111111
41
1.0
50
0.0
51
0.0
7
Standard
11
1392528.92016215
21
355709.673788698
31
0.0
210
0.0
220
0.0
230
1.0
71
0
72
0
100
AcDbText
73
0
0
POINT
5
2F
330
1C
100
AcDbEntity
67
0
8
1 - границы Достопримечательного места
62
256
6
ByLayer
370
-1
48
1.0
60
0
100
AcDbPoint
10
1392599.85967056
20
355759.995755262
30
0.0
39
0.0
210
0.0
220
0.0
230
1.0
50
360.0
0
TEXT
5
30
330
1C
100
AcDbEntity
67
0
8
1 - границы Достопримечательного места
62
7
6
ByLayer
370
-1
48
1.0
60
0
100
AcDbText
1
7
10
1392599.98880732
20
355760.270190089
30
0.0
40
0.31111111111
41
1.0
50
0.0
51
0.0
7
Standard
11
1392599.98880732
21
355760.270190089
31
0.0
210
0.0
220
0.0
230
1.0
71
0
72
0
100
AcDbText
73
0
0
POINT
5
31
330
1C
100
AcDbEntity
67
0
8
1 - границы Достопримечательного места
62
256
6
ByLayer
370
-1
48
1.0
60
0
100
AcDbPoint
10
1392693.97132776
20
355892.703227528
30
0.0
39
0.0
210
0.0
220
0.0
230
1.0
50
360.0
0
TEXT
5
32
330
1C
100
AcDbEntity
67
0
8
1 - границы Достопримечательного места
62
7
6
ByLayer
370
-1
48
1.0
60
0
100
AcDbText
1
8
10
1392694.10046427
20
355892.977662527
30
0.0
40
0.31111111111
41
1.0
50
0.0
51
0.0
7
Standard
11
1392694.10046427
21
355892.977662527
31
0.0
210
0.0
220
0.0
230
1.0
71
0
72
0
100
AcDbText
73
0
0
POINT
5
33
330
1C
100
AcDbEntity
67
0
8
1 - границы Достопримечательного места
62
256
6
ByLayer
370
-1
48
1.0
60
0
100
AcDbPoint
10
1392745.94967908
20
355930.035696885
30
0.0
39
0.0
210
0.0
220
0.0
230
1.0
50
360.0
0
TEXT
5
34
330
1C
100
AcDbEntity
67
0
8
1 - границы Достопримечательного места
62
7
6
ByLayer
370
-1
48
1.0
60
0
100
AcDbText
1
9
10
1392746.07881552
20
355930.310131977
30
0.0
40
0.31111111111
41
1.0
50
0.0
51
0.0
7
Standard
11
1392746.07881552
21
355930.310131977
31
0.0
210
0.0
220
0.0
230
1.0
71
0
72
0
100
AcDbText
73
0
0
POINT
5
35
330
1C
100
AcDbEntity
67
0
8
1 - границы Достопримечательного места
62
256
6
ByLayer
370
-1
48
1.0
60
0
100
AcDbPoint
10
1392772.37968319
20
355973.755684086
30
0.0
39
0.0
210
0.0
220
0.0
230
1.0
50
360.0
0
TEXT
5
36
330
1C
100
AcDbEntity
67
0
8
1 - границы Достопримечательного места
62
7
6
ByLayer
370
-1
48
1.0
60
0
100
AcDbText
1
10
10
1392772.50881955
20
355974.030119225
30
0.0
40
0.31111111111
41
1.0
50
0.0
51
0.0
7
Standard
11
1392772.50881955
21
355974.030119225
31
0.0
210
0.0
220
0.0
230
1.0
71
0
72
0
100
AcDbText
73
0
0
POINT
5
37
330
1C
100
AcDbEntity
67
0
8
1 - границы Достопримечательного места
62
256
6
ByLayer
370
-1
48
1.0
60
0
100
AcDbPoint
10
1392854.38968665
20
356062.595652461
30
0.0
39
0.0
210
0.0
220
0.0
230
1.0
50
360.0
0
TEXT
5
38
330
1C
100
AcDbEntity
67
0
8
1 - границы Достопримечательного места
62
7
6
ByLayer
370
-1
48
1.0
60
0
100
AcDbText
1
11
10
1392854.51882285
20
356062.870087746
30
0.0
40
0.31111111111
41
1.0
50
0.0
51
0.0
7
Standard
11
1392854.51882285
21
356062.870087746
31
0.0
210
0.0
220
0.0
230
1.0
71
0
72
0
100
AcDbText
73
0
0
POINT
5
39
330
1C
100
AcDbEntity
67
0
8
1 - границы Достопримечательного места
62
256
6
ByLayer
370
-1
48
1.0
60
0
100
AcDbPoint
10
1392899.79169086
20
356114.365789087
30
0.0
39
0.0
210
0.0
220
0.0
230
1.0
50
360.0
0
TEXT
5
3A
330
1C
100
AcDbEntity
67
0
8
1 - границы Достопримечательного места
62
7
6
ByLayer
370
-1
48
1.0
60
0
100
AcDbText
1
12
10
1392899.92082696
20
356114.640224455
30
0.0
40
0.31111111111
41
1.0
50
0.0
51
0.0
7
Standard
11
1392899.92082696
21
356114.640224455
31
0.0
210
0.0
220
0.0
230
1.0
71
0
72
0
100
AcDbText
73
0
0
POINT
5
3B
330
1C
100
AcDbEntity
67
0
8
1 - границы Достопримечательного места
62
256
6
ByLayer
370
-1
48
1.0
60
0
100
AcDbPoint
10
1392890.25461758
20
356143.091197662
30
0.0
39
0.0
210
0.0
220
0.0
230
1.0
50
360.0
0
TEXT
5
3C
330
1C
100
AcDbEntity
67
0
8
1 - границы Достопримечательного места
62
7
6
ByLayer
370
-1
48
1.0
60
0
100
AcDbText
1
13
10
1392890.38375363
20
356143.365633012
30
0.0
40
0.31111111111
41
1.0
50
0.0
51
0.0
7
Standard
11
1392890.38375363
21
356143.365633012
31
0.0
210
0.0
220
0.0
230
1.0
71
0
72
0
100
AcDbText
73
0
0
POINT
5
3D
330
1C
100
AcDbEntity
67
0
8
1 - границы Достопримечательного места
62
256
6
ByLayer
370
-1
48
1.0
60
0
100
AcDbPoint
10
1393059.50012637
20
356447.022049634
30
0.0
39
0.0
210
0.0
220
0.0
230
1.0
50
360.0
0
TEXT
5
3E
330
1C
100
AcDbEntity
67
0
8
1 - границы Достопримечательного места
62
7
6
ByLayer
370
-1
48
1.0
60
0
100
AcDbText
1
14
10
1393059.62926186
20
356447.296485281
30
0.0
40
0.31111111111
41
1.0
50
0.0
51
0.0
7
Standard
11
1393059.62926186
21
356447.296485281
31
0.0
210
0.0
220
0.0
230
1.0
71
0
72
0
100
AcDbText
73
0
0
POINT
5
3F
330
1C
100
AcDbEntity
67
0
8
1 - границы Достопримечательного места
62
256
6
ByLayer
370
-1
48
1.0
60
0
100
AcDbPoint
10
1393134.53491806
20
356431.957627842
30
0.0
39
0.0
210
0.0
220
0.0
230
1.0
50
360.0
0
TEXT
5
40
330
1C
100
AcDbEntity
67
0
8
1 - границы Достопримечательного места
62
7
6
ByLayer
370
-1
48
1.0
60
0
100
AcDbText
1
15
10
1393134.66405358
20
356432.23206363
30
0.0
40
0.31111111111
41
1.0
50
0.0
51
0.0
7
Standard
11
1393134.66405358
21
356432.23206363
31
0.0
210
0.0
220
0.0
230
1.0
71
0
72
0
100
AcDbText
73
0
0
POINT
5
41
330
1C
100
AcDbEntity
67
0
8
1 - границы Достопримечательного места
62
256
6
ByLayer
370
-1
48
1.0
60
0
100
AcDbPoint
10
1393227.6218511
20
356565.63502676
30
0.0
39
0.0
210
0.0
220
0.0
230
1.0
50
360.0
0
TEXT
5
42
330
1C
100
AcDbEntity
67
0
8
1 - границы Достопримечательного места
62
7
6
ByLayer
370
-1
48
1.0
60
0
100
AcDbText
1
16
10
1393227.75098637
20
356565.909462713
30
0.0
40
0.31111111111
41
1.0
50
0.0
51
0.0
7
Standard
11
1393227.75098637
21
356565.909462713
31
0.0
210
0.0
220
0.0
230
1.0
71
0
72
0
100
AcDbText
73
0
0
POINT
5
43
330
1C
100
AcDbEntity
67
0
8
1 - границы Достопримечательного места
62
256
6
ByLayer
370
-1
48
1.0
60
0
100
AcDbPoint
10
1393295.47569815
20
356500.993794603
30
0.0
39
0.0
210
0.0
220
0.0
230
1.0
50
360.0
0
TEXT
5
44
330
1C
100
AcDbEntity
67
0
8
1 - границы Достопримечательного места
62
7
6
ByLayer
370
-1
48
1.0
60
0
100
AcDbText
1
17
10
1393295.60483354
20
356501.268230682
30
0.0
40
0.31111111111
41
1.0
50
0.0
51
0.0
7
Standard
11
1393295.60483354
21
356501.268230682
31
0.0
210
0.0
220
0.0
230
1.0
71
0
72
0
100
AcDbText
73
0
0
POINT
5
45
330
1C
100
AcDbEntity
67
0
8
1 - границы Достопримечательного места
62
256
6
ByLayer
370
-1
48
1.0
60
0
100
AcDbPoint
10
1393496.78619926
20
356644.860795384
30
0.0
39
0.0
210
0.0
220
0.0
230
1.0
50
360.0
0
TEXT
5
46
330
1C
100
AcDbEntity
67
0
8
1 - границы Достопримечательного места
62
7
6
ByLayer
370
-1
48
1.0
60
0
100
AcDbText
1
18
10
1393496.91533438
20
356645.135231826
30
0.0
40
0.31111111111
41
1.0
50
0.0
51
0.0
7
Standard
11
1393496.91533438
21
356645.135231826
31
0.0
210
0.0
220
0.0
230
1.0
71
0
72
0
100
AcDbText
73
0
0
POINT
5
47
330
1C
100
AcDbEntity
67
0
8
1 - границы Достопримечательного места
62
256
6
ByLayer
370
-1
48
1.0
60
0
100
AcDbPoint
10
1393746.21917856
20
356938.409808682
30
0.0
39
0.0
210
0.0
220
0.0
230
1.0
50
360.0
0
TEXT
5
48
330
1C
100
AcDbEntity
67
0
8
1 - границы Достопримечательного места
62
7
6
ByLayer
370
-1
48
1.0
60
0
100
AcDbText
1
19
10
1393746.34831314
20
356938.684245571
30
0.0
40
0.31111111111
41
1.0
50
0.0
51
0.0
7
Standard
11
1393746.34831314
21
356938.684245571
31
0.0
210
0.0
220
0.0
230
1.0
71
0
72
0
100
AcDbText
73
0
0
POINT
5
49
330
1C
100
AcDbEntity
67
0
8
1 - границы Достопримечательного места
62
256
6
ByLayer
370
-1
48
1.0
60
0
100
AcDbPoint
10
1394148.35173092
20
357411.997162455
30
0.0
39
0.0
210
0.0
220
0.0
230
1.0
50
360.0
0
TEXT
5
4A
330
1C
100
AcDbEntity
67
0
8
1 - границы Достопримечательного места
62
7
6
ByLayer
370
-1
48
1.0
60
0
100
AcDbText
1
20
10
1394148.48086462
20
357412.271600065
30
0.0
40
0.31111111111
41
1.0
50
0.0
51
0.0
7
Standard
11
1394148.48086462
21
357412.271600065
31
0.0
210
0.0
220
0.0
230
1.0
71
0
72
0
100
AcDbText
73
0
0
POINT
5
4B
330
1C
100
AcDbEntity
67
0
8
1 - границы Достопримечательного места
62
256
6
ByLayer
370
-1
48
1.0
60
0
100
AcDbPoint
10
1394095.72851353
20
357590.304772797
30
0.0
39
0.0
210
0.0
220
0.0
230
1.0
50
360.0
0
TEXT
5
4C
330
1C
100
AcDbEntity
67
0
8
1 - границы Достопримечательного места
62
7
6
ByLayer
370
-1
48
1.0
60
0
100
AcDbText
1
21
10
1394095.85764691
20
357590.579210305
30
0.0
40
0.31111111111
41
1.0
50
0.0
51
0.0
7
Standard
11
1394095.85764691
21
357590.579210305
31
0.0
210
0.0
220
0.0
230
1.0
71
0
72
0
100
AcDbText
73
0
0
POINT
5
4D
330
1C
100
AcDbEntity
67
0
8
1 - границы Достопримечательного места
62
256
6
ByLayer
370
-1
48
1.0
60
0
100
AcDbPoint
10
1393718.54297175
20
357789.5180426
30
0.0
39
0.0
210
0.0
220
0.0
230
1.0
50
360.0
0
TEXT
5
4E
330
1C
100
AcDbEntity
67
0
8
1 - границы Достопримечательного места
62
7
6
ByLayer
370
-1
48
1.0
60
0
100
AcDbText
1
22
10
1393718.67210478
20
357789.792479418
30
0.0
40
0.31111111111
41
1.0
50
0.0
51
0.0
7
Standard
11
1393718.67210478
21
357789.792479418
31
0.0
210
0.0
220
0.0
230
1.0
71
0
72
0
100
AcDbText
73
0
0
POINT
5
4F
330
1C
100
AcDbEntity
67
0
8
1 - границы Достопримечательного места
62
256
6
ByLayer
370
-1
48
1.0
60
0
100
AcDbPoint
10
1394119.2653608
20
358143.433684014
30
0.0
39
0.0
210
0.0
220
0.0
230
1.0
50
360.0
0
TEXT
5
50
330
1C
100
AcDbEntity
67
0
8
1 - границы Достопримечательного места
62
7
6
ByLayer
370
-1
48
1.0
60
0
100
AcDbText
1
23
10
1394119.39449317
20
358143.708121555
30
0.0
40
0.31111111111
41
1.0
50
0.0
51
0.0
7
Standard
11
1394119.39449317
21
358143.708121555
31
0.0
210
0.0
220
0.0
230
1.0
71
0
72
0
100
AcDbText
73
0
0
POINT
5
51
330
1C
100
AcDbEntity
67
0
8
1 - границы Достопримечательного места
62
256
6
ByLayer
370
-1
48
1.0
60
0
100
AcDbPoint
10
1394381.1862155
20
358366.772590998
30
0.0
39
0.0
210
0.0
220
0.0
230
1.0
50
360.0
0
TEXT
5
52
330
1C
100
AcDbEntity
67
0
8
1 - границы Достопримечательного места
62
7
6
ByLayer
370
-1
48
1.0
60
0
100
AcDbText
1
24
10
1394381.31534746
20
358367.04702901
30
0.0
40
0.31111111111
41
1.0
50
0.0
51
0.0
7
Standard
11
1394381.31534746
21
358367.04702901
31
0.0
210
0.0
220
0.0
230
1.0
71
0
72
0
100
AcDbText
73
0
0
POINT
5
53
330
1C
100
AcDbEntity
67
0
8
1 - границы Достопримечательного места
62
256
6
ByLayer
370
-1
48
1.0
60
0
100
AcDbPoint
10
1394563.55603235
20
358520.394909831
30
0.0
39
0.0
210
0.0
220
0.0
230
1.0
50
360.0
0
TEXT
5
54
330
1C
100
AcDbEntity
67
0
8
1 - границы Достопримечательного места
62
7
6
ByLayer
370
-1
48
1.0
60
0
100
AcDbText
1
25
10
1394563.68516402
20
358520.669348173
30
0.0
40
0.31111111111
41
1.0
50
0.0
51
0.0
7
Standard
11
1394563.68516402
21
358520.669348173
31
0.0
210
0.0
220
0.0
230
1.0
71
0
72
0
100
AcDbText
73
0
0
POINT
5
55
330
1C
100
AcDbEntity
67
0
8
1 - границы Достопримечательного места
62
256
6
ByLayer
370
-1
48
1.0
60
0
100
AcDbPoint
10
1394510.36489735
20
358576.900847323
30
0.0
39
0.0
210
0.0
220
0.0
230
1.0
50
360.0
0
TEXT
5
56
330
1C
100
AcDbEntity
67
0
8
1 - границы Достопримечательного места
62
7
6
ByLayer
370
-1
48
1.0
60
0
100
AcDbText
1
26
10
1394510.49402891
20
358577.175285566
30
0.0
40
0.31111111111
41
1.0
50
0.0
51
0.0
7
Standard
11
1394510.49402891
21
358577.175285566
31
0.0
210
0.0
220
0.0
230
1.0
71
0
72
0
100
AcDbText
73
0
0
POINT
5
57
330
1C
100
AcDbEntity
67
0
8
1 - границы Достопримечательного места
62
256
6
ByLayer
370
-1
48
1.0
60
0
100
AcDbPoint
10
1394603.92526551
20
358695.255893883
30
0.0
39
0.0
210
0.0
220
0.0
230
1.0
50
360.0
0
TEXT
5
58
330
1C
100
AcDbEntity
67
0
8
1 - границы Достопримечательного места
62
7
6
ByLayer
370
-1
48
1.0
60
0
100
AcDbText
1
27
10
1394604.05439686
20
358695.530332296
30
0.0
40
0.31111111111
41
1.0
50
0.0
51
0.0
7
Standard
11
1394604.05439686
21
358695.530332296
31
0.0
210
0.0
220
0.0
230
1.0
71
0
72
0
100
AcDbText
73
0
0
POINT
5
59
330
1C
100
AcDbEntity
67
0
8
1 - границы Достопримечательного места
62
256
6
ByLayer
370
-1
48
1.0
60
0
100
AcDbPoint
10
1394772.1554512
20
358836.388331205
30
0.0
39
0.0
210
0.0
220
0.0
230
1.0
50
360.0
0
TEXT
5
5A
330
1C
100
AcDbEntity
67
0
8
1 - границы Достопримечательного места
62
7
6
ByLayer
370
-1
48
1.0
60
0
100
AcDbText
1
28
10
1394772.28458228
20
358836.662769919
30
0.0
40
0.31111111111
41
1.0
50
0.0
51
0.0
7
Standard
11
1394772.28458228
21
358836.662769919
31
0.0
210
0.0
220
0.0
230
1.0
71
0
72
0
100
AcDbText
73
0
0
POINT
5
5B
330
1C
100
AcDbEntity
67
0
8
1 - границы Достопримечательного места
62
256
6
ByLayer
370
-1
48
1.0
60
0
100
AcDbPoint
10
1394803.62767455
20
358973.943689037
30
0.0
39
0.0
210
0.0
220
0.0
230
1.0
50
360.0
0
TEXT
5
5C
330
1C
100
AcDbEntity
67
0
8
1 - границы Достопримечательного места
62
7
6
ByLayer
370
-1
48
1.0
60
0
100
AcDbText
1
29
10
1394803.75680539
20
358974.218127805
30
0.0
40
0.31111111111
41
1.0
50
0.0
51
0.0
7
Standard
11
1394803.75680539
21
358974.218127805
31
0.0
210
0.0
220
0.0
230
1.0
71
0
72
0
100
AcDbText
73
0
0
POINT
5
5D
330
1C
100
AcDbEntity
67
0
8
1 - границы Достопримечательного места
62
256
6
ByLayer
370
-1
48
1.0
60
0
100
AcDbPoint
10
1394840.82043558
20
359068.373164374
30
0.0
39
0.0
210
0.0
220
0.0
230
1.0
50
360.0
0
TEXT
5
5E
330
1C
100
AcDbEntity
67
0
8
1 - границы Достопримечательного места
62
7
6
ByLayer
370
-1
48
1.0
60
0
100
AcDbText
1
30
10
1394840.94956625
20
359068.647603208
30
0.0
40
0.31111111111
41
1.0
50
0.0
51
0.0
7
Standard
11
1394840.94956625
21
359068.647603208
31
0.0
210
0.0
220
0.0
230
1.0
71
0
72
0
100
AcDbText
73
0
0
POINT
5
5F
330
1C
100
AcDbEntity
67
0
8
1 - границы Достопримечательного места
62
256
6
ByLayer
370
-1
48
1.0
60
0
100
AcDbPoint
10
1394869.21986914
20
359058.54538667
30
0.0
39
0.0
210
0.0
220
0.0
230
1.0
50
360.0
0
TEXT
5
60
330
1C
100
AcDbEntity
67
0
8
1 - границы Достопримечательного места
62
7
6
ByLayer
370
-1
48
1.0
60
0
100
AcDbText
1
31
10
1394869.34899982
20
359058.819825555
30
0.0
40
0.31111111111
41
1.0
50
0.0
51
0.0
7
Standard
11
1394869.34899982
21
359058.819825555
31
0.0
210
0.0
220
0.0
230
1.0
71
0
72
0
100
AcDbText
73
0
0
POINT
5
61
330
1C
100
AcDbEntity
67
0
8
1 - границы Достопримечательного места
62
256
6
ByLayer
370
-1
48
1.0
60
0
100
AcDbPoint
10
1395005.50991795
20
359422.855295561
30
0.0
39
0.0
210
0.0
220
0.0
230
1.0
50
360.0
0
TEXT
5
62
330
1C
100
AcDbEntity
67
0
8
1 - границы Достопримечательного места
62
7
6
ByLayer
370
-1
48
1.0
60
0
100
AcDbText
1
32
10
1395005.63904796
20
359423.129734688
30
0.0
40
0.31111111111
41
1.0
50
0.0
51
0.0
7
Standard
11
1395005.63904796
21
359423.129734688
31
0.0
210
0.0
220
0.0
230
1.0
71
0
72
0
100
AcDbText
73
0
0
POINT
5
63
330
1C
100
AcDbEntity
67
0
8
1 - границы Достопримечательного места
62
256
6
ByLayer
370
-1
48
1.0
60
0
100
AcDbPoint
10
1395029.82418966
20
359430.933519348
30
0.0
39
0.0
210
0.0
220
0.0
230
1.0
50
360.0
0
TEXT
5
64
330
1C
100
AcDbEntity
67
0
8
1 - границы Достопримечательного места
62
7
6
ByLayer
370
-1
48
1.0
60
0
100
AcDbText
1
33
10
1395029.95331966
20
359431.207958518
30
0.0
40
0.31111111111
41
1.0
50
0.0
51
0.0
7
Standard
11
1395029.95331966
21
359431.207958518
31
0.0
210
0.0
220
0.0
230
1.0
71
0
72
0
100
AcDbText
73
0
0
POINT
5
65
330
1C
100
AcDbEntity
67
0
8
1 - границы Достопримечательного места
62
256
6
ByLayer
370
-1
48
1.0
60
0
100
AcDbPoint
10
1395229.92986895
20
359370.985258184
30
0.0
39
0.0
210
0.0
220
0.0
230
1.0
50
360.0
0
TEXT
5
66
330
1C
100
AcDbEntity
67
0
8
1 - границы Достопримечательного места
62
7
6
ByLayer
370
-1
48
1.0
60
0
100
AcDbText
1
34
10
1395230.05899906
20
359371.259697721
30
0.0
40
0.31111111111
41
1.0
50
0.0
51
0.0
7
Standard
11
1395230.05899906
21
359371.259697721
31
0.0
210
0.0
220
0.0
230
1.0
71
0
72
0
100
AcDbText
73
0
0
POINT
5
67
330
1C
100
AcDbEntity
67
0
8
1 - границы Достопримечательного места
62
256
6
ByLayer
370
-1
48
1.0
60
0
100
AcDbPoint
10
1395365.80983498
20
359318.045239151
30
0.0
39
0.0
210
0.0
220
0.0
230
1.0
50
360.0
0
TEXT
5
68
330
1C
100
AcDbEntity
67
0
8
1 - границы Достопримечательного места
62
7
6
ByLayer
370
-1
48
1.0
60
0
100
AcDbText
1
35
10
1395365.93896517
20
359318.319678936
30
0.0
40
0.31111111111
41
1.0
50
0.0
51
0.0
7
Standard
11
1395365.93896517
21
359318.319678936
31
0.0
210
0.0
220
0.0
230
1.0
71
0
72
0
100
AcDbText
73
0
0
POINT
5
69
330
1C
100
AcDbEntity
67
0
8
1 - границы Достопримечательного места
62
256
6
ByLayer
370
-1
48
1.0
60
0
100
AcDbPoint
10
1395367.53983533
20
359321.345238303
30
0.0
39
0.0
210
0.0
220
0.0
230
1.0
50
360.0
0
TEXT
5
6A
330
1C
100
AcDbEntity
67
0
8
1 - границы Достопримечательного места
62
7
6
ByLayer
370
-1
48
1.0
60
0
100
AcDbText
1
36
10
1395367.66896552
20
359321.619678092
30
0.0
40
0.31111111111
41
1.0
50
0.0
51
0.0
7
Standard
11
1395367.66896552
21
359321.619678092
31
0.0
210
0.0
220
0.0
230
1.0
71
0
72
0
100
AcDbText
73
0
0
POINT
5
6B
330
1C
100
AcDbEntity
67
0
8
1 - границы Достопримечательного места
62
256
6
ByLayer
370
-1
48
1.0
60
0
100
AcDbPoint
10
1395351.66922247
20
359374.398569895
30
0.0
39
0.0
210
0.0
220
0.0
230
1.0
50
360.0
0
TEXT
5
6C
330
1C
100
AcDbEntity
67
0
8
1 - границы Достопримечательного места
62
7
6
ByLayer
370
-1
48
1.0
60
0
100
AcDbText
1
37
10
1395351.79835256
20
359374.67300965
30
0.0
40
0.31111111111
41
1.0
50
0.0
51
0.0
7
Standard
11
1395351.79835256
21
359374.67300965
31
0.0
210
0.0
220
0.0
230
1.0
71
0
72
0
100
AcDbText
73
0
0
POINT
5
6D
330
1C
100
AcDbEntity
67
0
8
1 - границы Достопримечательного места
62
256
6
ByLayer
370
-1
48
1.0
60
0
100
AcDbPoint
10
1395412.24947509
20
359351.636044469
30
0.0
39
0.0
210
0.0
220
0.0
230
1.0
50
360.0
0
TEXT
5
6E
330
1C
100
AcDbEntity
67
0
8
1 - границы Достопримечательного места
62
7
6
ByLayer
370
-1
48
1.0
60
0
100
AcDbText
1
38
10
1395412.37860522
20
359351.910484336
30
0.0
40
0.31111111111
41
1.0
50
0.0
51
0.0
7
Standard
11
1395412.37860522
21
359351.910484336
31
0.0
210
0.0
220
0.0
230
1.0
71
0
72
0
100
AcDbText
73
0
0
POINT
5
6F
330
1C
100
AcDbEntity
67
0
8
1 - границы Достопримечательного места
62
256
6
ByLayer
370
-1
48
1.0
60
0
100
AcDbPoint
10
1395566.300628
20
359297.83337943
30
0.0
39
0.0
210
0.0
220
0.0
230
1.0
50
360.0
0
TEXT
5
70
330
1C
100
AcDbEntity
67
0
8
1 - границы Достопримечательного места
62
7
6
ByLayer
370
-1
48
1.0
60
0
100
AcDbText
1
39
10
1395566.42975823
20
359298.107819578
30
0.0
40
0.31111111111
41
1.0
50
0.0
51
0.0
7
Standard
11
1395566.42975823
21
359298.107819578
31
0.0
210
0.0
220
0.0
230
1.0
71
0
72
0
100
AcDbText
73
0
0
POINT
5
71
330
1C
100
AcDbEntity
67
0
8
1 - границы Достопримечательного места
62
256
6
ByLayer
370
-1
48
1.0
60
0
100
AcDbPoint
10
1395714.02082504
20
359249.013534176
30
0.0
39
0.0
210
0.0
220
0.0
230
1.0
50
360.0
0
TEXT
5
72
330
1C
100
AcDbEntity
67
0
8
1 - границы Достопримечательного места
62
7
6
ByLayer
370
-1
48
1.0
60
0
100
AcDbText
1
40
10
1395714.14995535
20
359249.287974597
30
0.0
40
0.31111111111
41
1.0
50
0.0
51
0.0
7
Standard
11
1395714.14995535
21
359249.287974597
31
0.0
210
0.0
220
0.0
230
1.0
71
0
72
0
100
AcDbText
73
0
0
POINT
5
73
330
1C
100
AcDbEntity
67
0
8
1 - границы Достопримечательного места
62
256
6
ByLayer
370
-1
48
1.0
60
0
100
AcDbPoint
10
1395880.53378519
20
359243.20432415
30
0.0
39
0.0
210
0.0
220
0.0
230
1.0
50
360.0
0
TEXT
5
74
330
1C
100
AcDbEntity
67
0
8
1 - границы Достопримечательного места
62
7
6
ByLayer
370
-1
48
1.0
60
0
100
AcDbText
1
41
10
1395880.66291551
20
359243.478764875
30
0.0
40
0.31111111111
41
1.0
50
0.0
51
0.0
7
Standard
11
1395880.66291551
21
359243.478764875
31
0.0
210
0.0
220
0.0
230
1.0
71
0
72
0
100
AcDbText
73
0
0
POINT
5
75
330
1C
100
AcDbEntity
67
0
8
1 - границы Достопримечательного места
62
256
6
ByLayer
370
-1
48
1.0
60
0
100
AcDbPoint
10
1396091.01206311
20
359286.153658275
30
0.0
39
0.0
210
0.0
220
0.0
230
1.0
50
360.0
0
TEXT
5
76
330
1C
100
AcDbEntity
67
0
8
1 - границы Достопримечательного места
62
7
6
ByLayer
370
-1
48
1.0
60
0
100
AcDbText
1
42
10
1396091.14119334
20
359286.428099388
30
0.0
40
0.31111111111
41
1.0
50
0.0
51
0.0
7
Standard
11
1396091.14119334
21
359286.428099388
31
0.0
210
0.0
220
0.0
230
1.0
71
0
72
0
100
AcDbText
73
0
0
POINT
5
77
330
1C
100
AcDbEntity
67
0
8
1 - границы Достопримечательного места
62
256
6
ByLayer
370
-1
48
1.0
60
0
100
AcDbPoint
10
1396075.21689591
20
359368.39447086
30
0.0
39
0.0
210
0.0
220
0.0
230
1.0
50
360.0
0
TEXT
5
78
330
1C
100
AcDbEntity
67
0
8
1 - границы Достопримечательного места
62
7
6
ByLayer
370
-1
48
1.0
60
0
100
AcDbText
1
43
10
1396075.346026
20
359368.668911934
30
0.0
40
0.31111111111
41
1.0
50
0.0
51
0.0
7
Standard
11
1396075.346026
21
359368.668911934
31
0.0
210
0.0
220
0.0
230
1.0
71
0
72
0
100
AcDbText
73
0
0
POINT
5
79
330
1C
100
AcDbEntity
67
0
8
1 - границы Достопримечательного места
62
256
6
ByLayer
370
-1
48
1.0
60
0
100
AcDbPoint
10
1396378.11968186
20
359425.75501138
30
0.0
39
0.0
210
0.0
220
0.0
230
1.0
50
360.0
0
TEXT
5
7A
330
1C
100
AcDbEntity
67
0
8
1 - границы Достопримечательного места
62
7
6
ByLayer
370
-1
48
1.0
60
0
100
AcDbText
1
44
10
1396378.24881183
20
359426.029453006
30
0.0
40
0.31111111111
41
1.0
50
0.0
51
0.0
7
Standard
11
1396378.24881183
21
359426.029453006
31
0.0
210
0.0
220
0.0
230
1.0
71
0
72
0
100
AcDbText
73
0
0
POINT
5
7B
330
1C
100
AcDbEntity
67
0
8
1 - границы Достопримечательного места
62
256
6
ByLayer
370
-1
48
1.0
60
0
100
AcDbPoint
10
1396682.86960906
20
359323.784966052
30
0.0
39
0.0
210
0.0
220
0.0
230
1.0
50
360.0
0
TEXT
5
7C
330
1C
100
AcDbEntity
67
0
8
1 - границы Достопримечательного места
62
7
6
ByLayer
370
-1
48
1.0
60
0
100
AcDbText
1
45
10
1396682.99873921
20
359324.059408237
30
0.0
40
0.31111111111
41
1.0
50
0.0
51
0.0
7
Standard
11
1396682.99873921
21
359324.059408237
31
0.0
210
0.0
220
0.0
230
1.0
71
0
72
0
100
AcDbText
73
0
0
POINT
5
7D
330
1C
100
AcDbEntity
67
0
8
1 - границы Достопримечательного места
62
256
6
ByLayer
370
-1
48
1.0
60
0
100
AcDbPoint
10
1396740.10959611
20
359308.194956926
30
0.0
39
0.0
210
0.0
220
0.0
230
1.0
50
360.0
0
TEXT
5
7E
330
1C
100
AcDbEntity
67
0
8
1 - границы Достопримечательного места
62
7
6
ByLayer
370
-1
48
1.0
60
0
100
AcDbText
1
46
10
1396740.23872629
20
359308.469399217
30
0.0
40
0.31111111111
41
1.0
50
0.0
51
0.0
7
Standard
11
1396740.23872629
21
359308.469399217
31
0.0
210
0.0
220
0.0
230
1.0
71
0
72
0
100
AcDbText
73
0
0
POINT
5
7F
330
1C
100
AcDbEntity
67
0
8
1 - границы Достопримечательного места
62
256
6
ByLayer
370
-1
48
1.0
60
0
100
AcDbPoint
10
1396809.6295842
20
359308.594942396
30
0.0
39
0.0
210
0.0
220
0.0
230
1.0
50
360.0
0
TEXT
5
80
330
1C
100
AcDbEntity
67
0
8
1 - границы Достопримечательного места
62
7
6
ByLayer
370
-1
48
1.0
60
0
100
AcDbText
1
47
10
1396809.75871437
20
359308.869384812
30
0.0
40
0.31111111111
41
1.0
50
0.0
51
0.0
7
Standard
11
1396809.75871437
21
359308.869384812
31
0.0
210
0.0
220
0.0
230
1.0
71
0
72
0
100
AcDbText
73
0
0
POINT
5
81
330
1C
100
AcDbEntity
67
0
8
1 - границы Достопримечательного места
62
256
6
ByLayer
370
-1
48
1.0
60
0
100
AcDbPoint
10
1396866.82956772
20
359275.174936424
30
0.0
39
0.0
210
0.0
220
0.0
230
1.0
50
360.0
0
TEXT
5
82
330
1C
100
AcDbEntity
67
0
8
1 - границы Достопримечательного места
62
7
6
ByLayer
370
-1
48
1.0
60
0
100
AcDbText
1
48
10
1396866.95869795
20
359275.449378951
30
0.0
40
0.31111111111
41
1.0
50
0.0
51
0.0
7
Standard
11
1396866.95869795
21
359275.449378951
31
0.0
210
0.0
220
0.0
230
1.0
71
0
72
0
100
AcDbText
73
0
0
POINT
5
83
330
1C
100
AcDbEntity
67
0
8
1 - границы Достопримечательного места
62
256
6
ByLayer
370
-1
48
1.0
60
0
100
AcDbPoint
10
1397037.31952027
20
359184.624916799
30
0.0
39
0.0
210
0.0
220
0.0
230
1.0
50
360.0
0
TEXT
5
84
330
1C
100
AcDbEntity
67
0
8
1 - границы Достопримечательного места
62
7
6
ByLayer
370
-1
48
1.0
60
0
100
AcDbText
1
49
10
1397037.44865067
20
359184.899359634
30
0.0
40
0.31111111111
41
1.0
50
0.0
51
0.0
7
Standard
11
1397037.44865067
21
359184.899359634
31
0.0
210
0.0
220
0.0
230
1.0
71
0
72
0
100
AcDbText
73
0
0
POINT
5
85
330
1C
100
AcDbEntity
67
0
8
1 - границы Достопримечательного места
62
256
6
ByLayer
370
-1
48
1.0
60
0
100
AcDbPoint
10
1397208.67948577
20
359159.434885785
30
0.0
39
0.0
210
0.0
220
0.0
230
1.0
50
360.0
0
TEXT
5
86
330
1C
100
AcDbEntity
67
0
8
1 - границы Достопримечательного места
62
7
6
ByLayer
370
-1
48
1.0
60
0
100
AcDbText
1
50
10
1397208.80861621
20
359159.70932893
30
0.0
40
0.31111111111
41
1.0
50
0.0
51
0.0
7
Standard
11
1397208.80861621
21
359159.70932893
31
0.0
210
0.0
220
0.0
230
1.0
71
0
72
0
100
AcDbText
73
0
0
POINT
5
87
330
1C
100
AcDbEntity
67
0
8
1 - границы Достопримечательного места
62
256
6
ByLayer
370
-1
48
1.0
60
0
100
AcDbPoint
10
1397430.01943912
20
359116.934847368
30
0.0
39
0.0
210
0.0
220
0.0
230
1.0
50
360.0
0
TEXT
5
88
330
1C
100
AcDbEntity
67
0
8
1 - границы Достопримечательного места
62
7
6
ByLayer
370
-1
48
1.0
60
0
100
AcDbText
1
51
10
1397430.14856962
20
359117.209290921
30
0.0
40
0.31111111111
41
1.0
50
0.0
51
0.0
7
Standard
11
1397430.14856962
21
359117.209290921
31
0.0
210
0.0
220
0.0
230
1.0
71
0
72
0
100
AcDbText
73
0
0
POINT
5
89
330
1C
100
AcDbEntity
67
0
8
1 - границы Достопримечательного места
62
256
6
ByLayer
370
-1
48
1.0
60
0
100
AcDbPoint
10
1397764.43069754
20
358983.408074723
30
0.0
39
0.0
210
0.0
220
0.0
230
1.0
50
360.0
0
TEXT
5
8A
330
1C
100
AcDbEntity
67
0
8
1 - границы Достопримечательного места
62
7
6
ByLayer
370
-1
48
1.0
60
0
100
AcDbText
1
52
10
1397764.55982829
20
358983.682518888
30
0.0
40
0.31111111111
41
1.0
50
0.0
51
0.0
7
Standard
11
1397764.55982829
21
358983.682518888
31
0.0
210
0.0
220
0.0
230
1.0
71
0
72
0
100
AcDbText
73
0
0
POINT
5
8B
330
1C
100
AcDbEntity
67
0
8
1 - границы Достопримечательного места
62
256
6
ByLayer
370
-1
48
1.0
60
0
100
AcDbPoint
10
1397757.74976853
20
358966.558780316
30
0.0
39
0.0
210
0.0
220
0.0
230
1.0
50
360.0
0
TEXT
5
8C
330
1C
100
AcDbEntity
67
0
8
1 - границы Достопримечательного места
62
7
6
ByLayer
370
-1
48
1.0
60
0
100
AcDbText
1
53
10
1397757.87889931
20
358966.833224472
30
0.0
40
0.31111111111
41
1.0
50
0.0
51
0.0
7
Standard
11
1397757.87889931
21
358966.833224472
31
0.0
210
0.0
220
0.0
230
1.0
71
0
72
0
100
AcDbText
73
0
0
POINT
5
8D
330
1C
100
AcDbEntity
67
0
8
1 - границы Достопримечательного места
62
256
6
ByLayer
370
-1
48
1.0
60
0
100
AcDbPoint
10
1397770.3193496
20
358961.574803913
30
0.0
39
0.0
210
0.0
220
0.0
230
1.0
50
360.0
0
TEXT
5
8E
330
1C
100
AcDbEntity
67
0
8
1 - границы Достопримечательного места
62
7
6
ByLayer
370
-1
48
1.0
60
0
100
AcDbText
1
54
10
1397770.44848039
20
358961.849248092
30
0.0
40
0.31111111111
41
1.0
50
0.0
51
0.0
7
Standard
11
1397770.44848039
21
358961.849248092
31
0.0
210
0.0
220
0.0
230
1.0
71
0
72
0
100
AcDbText
73
0
0
POINT
5
8F
330
1C
100
AcDbEntity
67
0
8
1 - границы Достопримечательного места
62
256
6
ByLayer
370
-1
48
1.0
60
0
100
AcDbPoint
10
1397777.21935211
20
358979.81479932
30
0.0
39
0.0
210
0.0
220
0.0
230
1.0
50
360.0
0
TEXT
5
90
330
1C
100
AcDbEntity
67
0
8
1 - границы Достопримечательного места
62
7
6
ByLayer
370
-1
48
1.0
60
0
100
AcDbText
1
55
10
1397777.34848286
20
358980.08924351
30
0.0
40
0.31111111111
41
1.0
50
0.0
51
0.0
7
Standard
11
1397777.34848286
21
358980.08924351
31
0.0
210
0.0
220
0.0
230
1.0
71
0
72
0
100
AcDbText
73
0
0
POINT
5
91
330
1C
100
AcDbEntity
67
0
8
1 - границы Достопримечательного места
62
256
6
ByLayer
370
-1
48
1.0
60
0
100
AcDbPoint
10
1397801.32934647
20
358972.464795664
30
0.0
39
0.0
210
0.0
220
0.0
230
1.0
50
360.0
0
TEXT
5
92
330
1C
100
AcDbEntity
67
0
8
1 - границы Достопримечательного места
62
7
6
ByLayer
370
-1
48
1.0
60
0
100
AcDbText
1
56
10
1397801.45847723
20
358972.739239898
30
0.0
40
0.31111111111
41
1.0
50
0.0
51
0.0
7
Standard
11
1397801.45847723
21
358972.739239898
31
0.0
210
0.0
220
0.0
230
1.0
71
0
72
0
100
AcDbText
73
0
0
POINT
5
93
330
1C
100
AcDbEntity
67
0
8
1 - границы Достопримечательного места
62
256
6
ByLayer
370
-1
48
1.0
60
0
100
AcDbPoint
10
1398189.4293349
20
358934.434097074
30
0.0
39
0.0
210
0.0
220
0.0
230
1.0
50
360.0
0
TEXT
5
94
330
1C
100
AcDbEntity
67
0
8
1 - границы Достопримечательного места
62
7
6
ByLayer
370
-1
48
1.0
60
0
100
AcDbText
1
57
10
1398189.55846572
20
358934.708542016
30
0.0
40
0.31111111111
41
1.0
50
0.0
51
0.0
7
Standard
11
1398189.55846572
21
358934.708542016
31
0.0
210
0.0
220
0.0
230
1.0
71
0
72
0
100
AcDbText
73
0
0
POINT
5
95
330
1C
100
AcDbEntity
67
0
8
1 - границы Достопримечательного места
62
256
6
ByLayer
370
-1
48
1.0
60
0
100
AcDbPoint
10
1398407.16129492
20
358922.53305591
30
0.0
39
0.0
210
0.0
220
0.0
230
1.0
50
360.0
0
TEXT
5
96
330
1C
100
AcDbEntity
67
0
8
1 - границы Достопримечательного места
62
7
6
ByLayer
370
-1
48
1.0
60
0
100
AcDbText
1
58
10
1398407.29042575
20
358922.807501254
30
0.0
40
0.31111111111
41
1.0
50
0.0
51
0.0
7
Standard
11
1398407.29042575
21
358922.807501254
31
0.0
210
0.0
220
0.0
230
1.0
71
0
72
0
100
AcDbText
73
0
0
POINT
5
97
330
1C
100
AcDbEntity
67
0
8
1 - границы Достопримечательного места
62
256
6
ByLayer
370
-1
48
1.0
60
0
100
AcDbPoint
10
1398420.00930402
20
358979.606043487
30
0.0
39
0.0
210
0.0
220
0.0
230
1.0
50
360.0
0
TEXT
5
98
330
1C
100
AcDbEntity
67
0
8
1 - границы Достопримечательного места
62
7
6
ByLayer
370
-1
48
1.0
60
0
100
AcDbText
1
59
10
1398420.13843476
20
358979.880488849
30
0.0
40
0.31111111111
41
1.0
50
0.0
51
0.0
7
Standard
11
1398420.13843476
21
358979.880488849
31
0.0
210
0.0
220
0.0
230
1.0
71
0
72
0
100
AcDbText
73
0
0
POINT
5
99
330
1C
100
AcDbEntity
67
0
8
1 - границы Достопримечательного места
62
256
6
ByLayer
370
-1
48
1.0
60
0
100
AcDbPoint
10
1398530.83128022
20
358956.792525486
30
0.0
39
0.0
210
0.0
220
0.0
230
1.0
50
360.0
0
TEXT
5
9A
330
1C
100
AcDbEntity
67
0
8
1 - границы Достопримечательного места
62
7
6
ByLayer
370
-1
48
1.0
60
0
100
AcDbText
1
60
10
1398530.96041099
20
358957.06697105
30
0.0
40
0.31111111111
41
1.0
50
0.0
51
0.0
7
Standard
11
1398530.96041099
21
358957.06697105
31
0.0
210
0.0
220
0.0
230
1.0
71
0
72
0
100
AcDbText
73
0
0
POINT
5
9B
330
1C
100
AcDbEntity
67
0
8
1 - границы Достопримечательного места
62
256
6
ByLayer
370
-1
48
1.0
60
0
100
AcDbPoint
10
1398655.05125155
20
358919.893007142
30
0.0
39
0.0
210
0.0
220
0.0
230
1.0
50
360.0
0
TEXT
5
9C
330
1C
100
AcDbEntity
67
0
8
1 - границы Достопримечательного места
62
7
6
ByLayer
370
-1
48
1.0
60
0
100
AcDbText
1
61
10
1398655.18038239
20
358920.167452936
30
0.0
40
0.31111111111
41
1.0
50
0.0
51
0.0
7
Standard
11
1398655.18038239
21
358920.167452936
31
0.0
210
0.0
220
0.0
230
1.0
71
0
72
0
100
AcDbText
73
0
0
POINT
5
9D
330
1C
100
AcDbEntity
67
0
8
1 - границы Достопримечательного места
62
256
6
ByLayer
370
-1
48
1.0
60
0
100
AcDbPoint
10
1398793.03922532
20
358907.863981831
30
0.0
39
0.0
210
0.0
220
0.0
230
1.0
50
360.0
0
TEXT
5
9E
330
1C
100
AcDbEntity
67
0
8
1 - границы Достопримечательного места
62
7
6
ByLayer
370
-1
48
1.0
60
0
100
AcDbText
1
62
10
1398793.16835617
20
358908.138427877
30
0.0
40
0.31111111111
41
1.0
50
0.0
51
0.0
7
Standard
11
1398793.16835617
21
358908.138427877
31
0.0
210
0.0
220
0.0
230
1.0
71
0
72
0
100
AcDbText
73
0
0
POINT
5
9F
330
1C
100
AcDbEntity
67
0
8
1 - границы Достопримечательного места
62
256
6
ByLayer
370
-1
48
1.0
60
0
100
AcDbPoint
10
1398811.39923557
20
358975.493966492
30
0.0
39
0.0
210
0.0
220
0.0
230
1.0
50
360.0
0
TEXT
5
A0
330
1C
100
AcDbEntity
67
0
8
1 - границы Достопримечательного места
62
7
6
ByLayer
370
-1
48
1.0
60
0
100
AcDbText
1
63
10
1398811.5283663
20
358975.768412569
30
0.0
40
0.31111111111
41
1.0
50
0.0
51
0.0
7
Standard
11
1398811.5283663
21
358975.768412569
31
0.0
210
0.0
220
0.0
230
1.0
71
0
72
0
100
AcDbText
73
0
0
POINT
5
A1
330
1C
100
AcDbEntity
67
0
8
1 - границы Достопримечательного места
62
256
6
ByLayer
370
-1
48
1.0
60
0
100
AcDbPoint
10
1398845.38620768
20
359008.267762986
30
0.0
39
0.0
210
0.0
220
0.0
230
1.0
50
360.0
0
TEXT
5
A2
330
1C
100
AcDbEntity
67
0
8
1 - границы Достопримечательного места
62
7
6
ByLayer
370
-1
48
1.0
60
0
100
AcDbText
1
64
10
1398845.51533835
20
359008.542209124
30
0.0
40
0.31111111111
41
1.0
50
0.0
51
0.0
7
Standard
11
1398845.51533835
21
359008.542209124
31
0.0
210
0.0
220
0.0
230
1.0
71
0
72
0
100
AcDbText
73
0
0
POINT
5
A3
330
1C
100
AcDbEntity
67
0
8
1 - границы Достопримечательного места
62
256
6
ByLayer
370
-1
48
1.0
60
0
100
AcDbPoint
10
1398899.36939956
20
359035.209256289
30
0.0
39
0.0
210
0.0
220
0.0
230
1.0
50
360.0
0
TEXT
5
A4
330
1C
100
AcDbEntity
67
0
8
1 - границы Достопримечательного места
62
7
6
ByLayer
370
-1
48
1.0
60
0
100
AcDbText
1
65
10
1398899.49853018
20
359035.483702524
30
0.0
40
0.31111111111
41
1.0
50
0.0
51
0.0
7
Standard
11
1398899.49853018
21
359035.483702524
31
0.0
210
0.0
220
0.0
230
1.0
71
0
72
0
100
AcDbText
73
0
0
POINT
5
A5
330
1C
100
AcDbEntity
67
0
8
1 - границы Достопримечательного места
62
256
6
ByLayer
370
-1
48
1.0
60
0
100
AcDbPoint
10
1399031.68817525
20
359129.676502004
30
0.0
39
0.0
210
0.0
220
0.0
230
1.0
50
360.0
0
TEXT
5
A6
330
1C
100
AcDbEntity
67
0
8
1 - границы Достопримечательного места
62
7
6
ByLayer
370
-1
48
1.0
60
0
100
AcDbText
1
66
10
1399031.81730569
20
359129.95094848
30
0.0
40
0.31111111111
41
1.0
50
0.0
51
0.0
7
Standard
11
1399031.81730569
21
359129.95094848
31
0.0
210
0.0
220
0.0
230
1.0
71
0
72
0
100
AcDbText
73
0
0
POINT
5
A7
330
1C
100
AcDbEntity
67
0
8
1 - границы Достопримечательного места
62
256
6
ByLayer
370
-1
48
1.0
60
0
100
AcDbPoint
10
1399111.41144152
20
359130.897000871
30
0.0
39
0.0
210
0.0
220
0.0
230
1.0
50
360.0
0
TEXT
5
A8
330
1C
100
AcDbEntity
67
0
8
1 - границы Достопримечательного места
62
7
6
ByLayer
370
-1
48
1.0
60
0
100
AcDbText
1
67
10
1399111.54057196
20
359131.171447491
30
0.0
40
0.31111111111
41
1.0
50
0.0
51
0.0
7
Standard
11
1399111.54057196
21
359131.171447491
31
0.0
210
0.0
220
0.0
230
1.0
71
0
72
0
100
AcDbText
73
0
0
POINT
5
A9
330
1C
100
AcDbEntity
67
0
8
1 - границы Достопримечательного места
62
256
6
ByLayer
370
-1
48
1.0
60
0
100
AcDbPoint
10
1399220.34048072
20
359059.609703511
30
0.0
39
0.0
210
0.0
220
0.0
230
1.0
50
360.0
0
TEXT
5
AA
330
1C
100
AcDbEntity
67
0
8
1 - границы Достопримечательного места
62
7
6
ByLayer
370
-1
48
1.0
60
0
100
AcDbText
1
68
10
1399220.46961129
20
359059.88415033
30
0.0
40
0.31111111111
41
1.0
50
0.0
51
0.0
7
Standard
11
1399220.46961129
21
359059.88415033
31
0.0
210
0.0
220
0.0
230
1.0
71
0
72
0
100
AcDbText
73
0
0
POINT
5
AB
330
1C
100
AcDbEntity
67
0
8
1 - границы Достопримечательного места
62
256
6
ByLayer
370
-1
48
1.0
60
0
100
AcDbPoint
10
1399327.66288684
20
359134.207637173
30
0.0
39
0.0
210
0.0
220
0.0
230
1.0
50
360.0
0
TEXT
5
AC
330
1C
100
AcDbEntity
67
0
8
1 - границы Достопримечательного места
62
7
6
ByLayer
370
-1
48
1.0
60
0
100
AcDbText
1
69
10
1399327.79201727
20
359134.482084189
30
0.0
40
0.31111111111
41
1.0
50
0.0
51
0.0
7
Standard
11
1399327.79201727
21
359134.482084189
31
0.0
210
0.0
220
0.0
230
1.0
71
0
72
0
100
AcDbText
73
0
0
POINT
5
AD
330
1C
100
AcDbEntity
67
0
8
1 - границы Достопримечательного места
62
256
6
ByLayer
370
-1
48
1.0
60
0
100
AcDbPoint
10
1399317.80918708
20
359172.093831961
30
0.0
39
0.0
210
0.0
220
0.0
230
1.0
50
360.0
0
TEXT
5
AE
330
1C
100
AcDbEntity
67
0
8
1 - границы Достопримечательного места
62
7
6
ByLayer
370
-1
48
1.0
60
0
100
AcDbText
1
70
10
1399317.93831744
20
359172.368278953
30
0.0
40
0.31111111111
41
1.0
50
0.0
51
0.0
7
Standard
11
1399317.93831744
21
359172.368278953
31
0.0
210
0.0
220
0.0
230
1.0
71
0
72
0
100
AcDbText
73
0
0
POINT
5
AF
330
1C
100
AcDbEntity
67
0
8
1 - границы Достопримечательного места
62
256
6
ByLayer
370
-1
48
1.0
60
0
100
AcDbPoint
10
1399307.38545052
20
359291.759802954
30
0.0
39
0.0
210
0.0
220
0.0
230
1.0
50
360.0
0
TEXT
5
B0
330
1C
100
AcDbEntity
67
0
8
1 - границы Достопримечательного места
62
7
6
ByLayer
370
-1
48
1.0
60
0
100
AcDbText
1
71
10
1399307.51458066
20
359292.034249926
30
0.0
40
0.31111111111
41
1.0
50
0.0
51
0.0
7
Standard
11
1399307.51458066
21
359292.034249926
31
0.0
210
0.0
220
0.0
230
1.0
71
0
72
0
100
AcDbText
73
0
0
POINT
5
B1
330
1C
100
AcDbEntity
67
0
8
1 - границы Достопримечательного места
62
256
6
ByLayer
370
-1
48
1.0
60
0
100
AcDbPoint
10
1399320.50676922
20
359315.114615733
30
0.0
39
0.0
210
0.0
220
0.0
230
1.0
50
360.0
0
TEXT
5
B2
330
1C
100
AcDbEntity
67
0
8
1 - границы Достопримечательного места
62
7
6
ByLayer
370
-1
48
1.0
60
0
100
AcDbText
1
72
10
1399320.63589931
20
359315.389062727
30
0.0
40
0.31111111111
41
1.0
50
0.0
51
0.0
7
Standard
11
1399320.63589931
21
359315.389062727
31
0.0
210
0.0
220
0.0
230
1.0
71
0
72
0
100
AcDbText
73
0
0
POINT
5
B3
330
1C
100
AcDbEntity
67
0
8
1 - границы Достопримечательного места
62
256
6
ByLayer
370
-1
48
1.0
60
0
100
AcDbPoint
10
1399318.25722002
20
359338.823790786
30
0.0
39
0.0
210
0.0
220
0.0
230
1.0
50
360.0
0
TEXT
5
B4
330
1C
100
AcDbEntity
67
0
8
1 - границы Достопримечательного места
62
7
6
ByLayer
370
-1
48
1.0
60
0
100
AcDbText
1
73
10
1399318.38635006
20
359339.098237778
30
0.0
40
0.31111111111
41
1.0
50
0.0
51
0.0
7
Standard
11
1399318.38635006
21
359339.098237778
31
0.0
210
0.0
220
0.0
230
1.0
71
0
72
0
100
AcDbText
73
0
0
POINT
5
B5
330
1C
100
AcDbEntity
67
0
8
1 - границы Достопримечательного места
62
256
6
ByLayer
370
-1
48
1.0
60
0
100
AcDbPoint
10
1399303.10922249
20
359337.713806246
30
0.0
39
0.0
210
0.0
220
0.0
230
1.0
50
360.0
0
TEXT
5
B6
330
1C
100
AcDbEntity
67
0
8
1 - границы Достопримечательного места
62
7
6
ByLayer
370
-1
48
1.0
60
0
100
AcDbText
1
74
10
1399303.23835255
20
359337.988253212
30
0.0
40
0.31111111111
41
1.0
50
0.0
51
0.0
7
Standard
11
1399303.23835255
21
359337.988253212
31
0.0
210
0.0
220
0.0
230
1.0
71
0
72
0
100
AcDbText
73
0
0
POINT
5
B7
330
1C
100
AcDbEntity
67
0
8
1 - границы Достопримечательного места
62
256
6
ByLayer
370
-1
48
1.0
60
0
100
AcDbPoint
10
1399299.70821305
20
359394.414614554
30
0.0
39
0.0
210
0.0
220
0.0
230
1.0
50
360.0
0
TEXT
5
B8
330
1C
100
AcDbEntity
67
0
8
1 - границы Достопримечательного места
62
7
6
ByLayer
370
-1
48
1.0
60
0
100
AcDbText
1
75
10
1399299.83734301
20
359394.689061508
30
0.0
40
0.31111111111
41
1.0
50
0.0
51
0.0
7
Standard
11
1399299.83734301
21
359394.689061508
31
0.0
210
0.0
220
0.0
230
1.0
71
0
72
0
100
AcDbText
73
0
0
POINT
5
B9
330
1C
100
AcDbEntity
67
0
8
1 - границы Достопримечательного места
62
256
6
ByLayer
370
-1
48
1.0
60
0
100
AcDbPoint
10
1399302.27924445
20
359447.593787421
30
0.0
39
0.0
210
0.0
220
0.0
230
1.0
50
360.0
0
TEXT
5
BA
330
1C
100
AcDbEntity
67
0
8
1 - границы Достопримечательного места
62
7
6
ByLayer
370
-1
48
1.0
60
0
100
AcDbText
1
76
10
1399302.4083743
20
359447.868234381
30
0.0
40
0.31111111111
41
1.0
50
0.0
51
0.0
7
Standard
11
1399302.4083743
21
359447.868234381
31
0.0
210
0.0
220
0.0
230
1.0
71
0
72
0
100
AcDbText
73
0
0
POINT
5
BB
330
1C
100
AcDbEntity
67
0
8
1 - границы Достопримечательного места
62
256
6
ByLayer
370
-1
48
1.0
60
0
100
AcDbPoint
10
1399307.96346774
20
359620.162098803
30
0.0
39
0.0
210
0.0
220
0.0
230
1.0
50
360.0
0
TEXT
5
BC
330
1C
100
AcDbEntity
67
0
8
1 - границы Достопримечательного места
62
7
6
ByLayer
370
-1
48
1.0
60
0
100
AcDbText
1
77
10
1399308.09259728
20
359620.436545767
30
0.0
40
0.31111111111
41
1.0
50
0.0
51
0.0
7
Standard
11
1399308.09259728
21
359620.436545767
31
0.0
210
0.0
220
0.0
230
1.0
71
0
72
0
100
AcDbText
73
0
0
POINT
5
BD
330
1C
100
AcDbEntity
67
0
8
1 - границы Достопримечательного места
62
256
6
ByLayer
370
-1
48
1.0
60
0
100
AcDbPoint
10
1399368.03446405
20
359621.433350652
30
0.0
39
0.0
210
0.0
220
0.0
230
1.0
50
360.0
0
TEXT
5
BE
330
1C
100
AcDbEntity
67
0
8
1 - границы Достопримечательного места
62
7
6
ByLayer
370
-1
48
1.0
60
0
100
AcDbText
1
78
10
1399368.16359359
20
359621.707797726
30
0.0
40
0.31111111111
41
1.0
50
0.0
51
0.0
7
Standard
11
1399368.16359359
21
359621.707797726
31
0.0
210
0.0
220
0.0
230
1.0
71
0
72
0
100
AcDbText
73
0
0
POINT
5
BF
330
1C
100
AcDbEntity
67
0
8
1 - границы Достопримечательного места
62
256
6
ByLayer
370
-1
48
1.0
60
0
100
AcDbPoint
10
1399359.17927861
20
359669.2737378
30
0.0
39
0.0
210
0.0
220
0.0
230
1.0
50
360.0
0
TEXT
5
C0
330
1C
100
AcDbEntity
67
0
8
1 - границы Достопримечательного места
62
7
6
ByLayer
370
-1
48
1.0
60
0
100
AcDbText
1
79
10
1399359.30840806
20
359669.548184856
30
0.0
40
0.31111111111
41
1.0
50
0.0
51
0.0
7
Standard
11
1399359.30840806
21
359669.548184856
31
0.0
210
0.0
220
0.0
230
1.0
71
0
72
0
100
AcDbText
73
0
0
POINT
5
C1
330
1C
100
AcDbEntity
67
0
8
1 - границы Достопримечательного места
62
256
6
ByLayer
370
-1
48
1.0
60
0
100
AcDbPoint
10
1399310.94930225
20
359747.823734067
30
0.0
39
0.0
210
0.0
220
0.0
230
1.0
50
360.0
0
TEXT
5
C2
330
1C
100
AcDbEntity
67
0
8
1 - границы Достопримечательного места
62
7
6
ByLayer
370
-1
48
1.0
60
0
100
AcDbText
1
80
10
1399311.07843156
20
359748.098181035
30
0.0
40
0.31111111111
41
1.0
50
0.0
51
0.0
7
Standard
11
1399311.07843156
21
359748.098181035
31
0.0
210
0.0
220
0.0
230
1.0
71
0
72
0
100
AcDbText
73
0
0
POINT
5
C3
330
1C
100
AcDbEntity
67
0
8
1 - границы Достопримечательного места
62
256
6
ByLayer
370
-1
48
1.0
60
0
100
AcDbPoint
10
1399325.98930198
20
359758.173729277
30
0.0
39
0.0
210
0.0
220
0.0
230
1.0
50
360.0
0
TEXT
5
C4
330
1C
100
AcDbEntity
67
0
8
1 - границы Достопримечательного места
62
7
6
ByLayer
370
-1
48
1.0
60
0
100
AcDbText
1
81
10
1399326.11843127
20
359758.448176273
30
0.0
40
0.31111111111
41
1.0
50
0.0
51
0.0
7
Standard
11
1399326.11843127
21
359758.448176273
31
0.0
210
0.0
220
0.0
230
1.0
71
0
72
0
100
AcDbText
73
0
0
POINT
5
C5
330
1C
100
AcDbEntity
67
0
8
1 - границы Достопримечательного места
62
256
6
ByLayer
370
-1
48
1.0
60
0
100
AcDbPoint
10
1399333.63930135
20
359757.793727797
30
0.0
39
0.0
210
0.0
220
0.0
230
1.0
50
360.0
0
TEXT
5
C6
330
1C
100
AcDbEntity
67
0
8
1 - границы Достопримечательного места
62
7
6
ByLayer
370
-1
48
1.0
60
0
100
AcDbText
1
82
10
1399333.76843065
20
359758.068174804
30
0.0
40
0.31111111111
41
1.0
50
0.0
51
0.0
7
Standard
11
1399333.76843065
21
359758.068174804
31
0.0
210
0.0
220
0.0
230
1.0
71
0
72
0
100
AcDbText
73
0
0
POINT
5
C7
330
1C
100
AcDbEntity
67
0
8
1 - границы Достопримечательного места
62
256
6
ByLayer
370
-1
48
1.0
60
0
100
AcDbPoint
10
1399349.93929875
20
359762.703723478
30
0.0
39
0.0
210
0.0
220
0.0
230
1.0
50
360.0
0
TEXT
5
C8
330
1C
100
AcDbEntity
67
0
8
1 - границы Достопримечательного места
62
7
6
ByLayer
370
-1
48
1.0
60
0
100
AcDbText
1
83
10
1399350.06842803
20
359762.978170518
30
0.0
40
0.31111111111
41
1.0
50
0.0
51
0.0
7
Standard
11
1399350.06842803
21
359762.978170518
31
0.0
210
0.0
220
0.0
230
1.0
71
0
72
0
100
AcDbText
73
0
0
POINT
5
C9
330
1C
100
AcDbEntity
67
0
8
1 - границы Достопримечательного места
62
256
6
ByLayer
370
-1
48
1.0
60
0
100
AcDbPoint
10
1399354.51930706
20
359808.553714647
30
0.0
39
0.0
210
0.0
220
0.0
230
1.0
50
360.0
0
TEXT
5
CA
330
1C
100
AcDbEntity
67
0
8
1 - границы Достопримечательного места
62
7
6
ByLayer
370
-1
48
1.0
60
0
100
AcDbText
1
84
10
1399354.64843626
20
359808.828161693
30
0.0
40
0.31111111111
41
1.0
50
0.0
51
0.0
7
Standard
11
1399354.64843626
21
359808.828161693
31
0.0
210
0.0
220
0.0
230
1.0
71
0
72
0
100
AcDbText
73
0
0
POINT
5
CB
330
1C
100
AcDbEntity
67
0
8
1 - границы Достопримечательного места
62
256
6
ByLayer
370
-1
48
1.0
60
0
100
AcDbPoint
10
1399415.63830267
20
359816.275358271
30
0.0
39
0.0
210
0.0
220
0.0
230
1.0
50
360.0
0
TEXT
5
CC
330
1C
100
AcDbEntity
67
0
8
1 - границы Достопримечательного места
62
7
6
ByLayer
370
-1
48
1.0
60
0
100
AcDbText
1
85
10
1399415.76743185
20
359816.549805427
30
0.0
40
0.31111111111
41
1.0
50
0.0
51
0.0
7
Standard
11
1399415.76743185
21
359816.549805427
31
0.0
210
0.0
220
0.0
230
1.0
71
0
72
0
100
AcDbText
73
0
0
POINT
5
CD
330
1C
100
AcDbEntity
67
0
8
1 - границы Достопримечательного места
62
256
6
ByLayer
370
-1
48
1.0
60
0
100
AcDbPoint
10
1399458.04931811
20
359954.373668876
30
0.0
39
0.0
210
0.0
220
0.0
230
1.0
50
360.0
0
TEXT
5
CE
330
1C
100
AcDbEntity
67
0
8
1 - границы Достопримечательного места
62
7
6
ByLayer
370
-1
48
1.0
60
0
100
AcDbText
1
86
10
1399458.17844704
20
359954.648116107
30
0.0
40
0.31111111111
41
1.0
50
0.0
51
0.0
7
Standard
11
1399458.17844704
21
359954.648116107
31
0.0
210
0.0
220
0.0
230
1.0
71
0
72
0
100
AcDbText
73
0
0
POINT
5
CF
330
1C
100
AcDbEntity
67
0
8
1 - границы Достопримечательного места
62
256
6
ByLayer
370
-1
48
1.0
60
0
100
AcDbPoint
10
1399463.01932098
20
359973.163664645
30
0.0
39
0.0
210
0.0
220
0.0
230
1.0
50
360.0
0
TEXT
5
D0
330
1C
100
AcDbEntity
67
0
8
1 - границы Достопримечательного места
62
7
6
ByLayer
370
-1
48
1.0
60
0
100
AcDbText
1
87
10
1399463.14844988
20
359973.438111886
30
0.0
40
0.31111111111
41
1.0
50
0.0
51
0.0
7
Standard
11
1399463.14844988
21
359973.438111886
31
0.0
210
0.0
220
0.0
230
1.0
71
0
72
0
100
AcDbText
73
0
0
POINT
5
D1
330
1C
100
AcDbEntity
67
0
8
1 - границы Достопримечательного места
62
256
6
ByLayer
370
-1
48
1.0
60
0
100
AcDbPoint
10
1399487.26866419
20
360097.691305452
30
0.0
39
0.0
210
0.0
220
0.0
230
1.0
50
360.0
0
TEXT
5
D2
330
1C
100
AcDbEntity
67
0
8
1 - границы Достопримечательного места
62
7
6
ByLayer
370
-1
48
1.0
60
0
100
AcDbText
1
88
10
1399487.39779285
20
360097.965752733
30
0.0
40
0.31111111111
41
1.0
50
0.0
51
0.0
7
Standard
11
1399487.39779285
21
360097.965752733
31
0.0
210
0.0
220
0.0
230
1.0
71
0
72
0
100
AcDbText
73
0
0
POINT
5
D3
330
1C
100
AcDbEntity
67
0
8
1 - границы Достопримечательного места
62
256
6
ByLayer
370
-1
48
1.0
60
0
100
AcDbPoint
10
1399541.85561691
20
360087.439478027
30
0.0
39
0.0
210
0.0
220
0.0
230
1.0
50
360.0
0
TEXT
5
D4
330
1C
100
AcDbEntity
67
0
8
1 - границы Достопримечательного места
62
7
6
ByLayer
370
-1
48
1.0
60
0
100
AcDbText
1
89
10
1399541.9847456
20
360087.713925407
30
0.0
40
0.31111111111
41
1.0
50
0.0
51
0.0
7
Standard
11
1399541.9847456
21
360087.713925407
31
0.0
210
0.0
220
0.0
230
1.0
71
0
72
0
100
AcDbText
73
0
0
POINT
5
D5
330
1C
100
AcDbEntity
67
0
8
1 - границы Достопримечательного места
62
256
6
ByLayer
370
-1
48
1.0
60
0
100
AcDbPoint
10
1399561.30933872
20
360148.133614878
30
0.0
39
0.0
210
0.0
220
0.0
230
1.0
50
360.0
0
TEXT
5
D6
330
1C
100
AcDbEntity
67
0
8
1 - границы Достопримечательного места
62
7
6
ByLayer
370
-1
48
1.0
60
0
100
AcDbText
1
90
10
1399561.43846729
20
360148.40806229
30
0.0
40
0.31111111111
41
1.0
50
0.0
51
0.0
7
Standard
11
1399561.43846729
21
360148.40806229
31
0.0
210
0.0
220
0.0
230
1.0
71
0
72
0
100
AcDbText
73
0
0
POINT
5
D7
330
1C
100
AcDbEntity
67
0
8
1 - границы Достопримечательного места
62
256
6
ByLayer
370
-1
48
1.0
60
0
100
AcDbPoint
10
1399633.79932511
20
360142.693601429
30
0.0
39
0.0
210
0.0
220
0.0
230
1.0
50
360.0
0
TEXT
5
D8
330
1C
100
AcDbEntity
67
0
8
1 - границы Достопримечательного места
62
7
6
ByLayer
370
-1
48
1.0
60
0
100
AcDbText
1
91
10
1399633.92845369
20
360142.968048976
30
0.0
40
0.31111111111
41
1.0
50
0.0
51
0.0
7
Standard
11
1399633.92845369
21
360142.968048976
31
0.0
210
0.0
220
0.0
230
1.0
71
0
72
0
100
AcDbText
73
0
0
POINT
5
D9
330
1C
100
AcDbEntity
67
0
8
1 - границы Достопримечательного места
62
256
6
ByLayer
370
-1
48
1.0
60
0
100
AcDbPoint
10
1399725.89930595
20
360126.35358596
30
0.0
39
0.0
210
0.0
220
0.0
230
1.0
50
360.0
0
TEXT
5
DA
330
1C
100
AcDbEntity
67
0
8
1 - границы Достопримечательного места
62
7
6
ByLayer
370
-1
48
1.0
60
0
100
AcDbText
1
92
10
1399726.02843455
20
360126.628033674
30
0.0
40
0.31111111111
41
1.0
50
0.0
51
0.0
7
Standard
11
1399726.02843455
21
360126.628033674
31
0.0
210
0.0
220
0.0
230
1.0
71
0
72
0
100
AcDbText
73
0
0
POINT
5
DB
330
1C
100
AcDbEntity
67
0
8
1 - границы Достопримечательного места
62
256
6
ByLayer
370
-1
48
1.0
60
0
100
AcDbPoint
10
1399751.86930448
20
360141.543578178
30
0.0
39
0.0
210
0.0
220
0.0
230
1.0
50
360.0
0
TEXT
5
DC
330
1C
100
AcDbEntity
67
0
8
1 - границы Достопримечательного места
62
7
6
ByLayer
370
-1
48
1.0
60
0
100
AcDbText
1
93
10
1399751.99843306
20
360141.818025939
30
0.0
40
0.31111111111
41
1.0
50
0.0
51
0.0
7
Standard
11
1399751.99843306
21
360141.818025939
31
0.0
210
0.0
220
0.0
230
1.0
71
0
72
0
100
AcDbText
73
0
0
POINT
5
DD
330
1C
100
AcDbEntity
67
0
8
1 - границы Достопримечательного места
62
256
6
ByLayer
370
-1
48
1.0
60
0
100
AcDbPoint
10
1399823.47704029
20
360311.797626304
30
0.0
39
0.0
210
0.0
220
0.0
230
1.0
50
360.0
0
TEXT
5
DE
330
1C
100
AcDbEntity
67
0
8
1 - границы Достопримечательного места
62
7
6
ByLayer
370
-1
48
1.0
60
0
100
AcDbText
1
94
10
1399823.60616856
20
360312.072074189
30
0.0
40
0.31111111111
41
1.0
50
0.0
51
0.0
7
Standard
11
1399823.60616856
21
360312.072074189
31
0.0
210
0.0
220
0.0
230
1.0
71
0
72
0
100
AcDbText
73
0
0
POINT
5
DF
330
1C
100
AcDbEntity
67
0
8
1 - границы Достопримечательного места
62
256
6
ByLayer
370
-1
48
1.0
60
0
100
AcDbPoint
10
1399868.82934412
20
360443.123502821
30
0.0
39
0.0
210
0.0
220
0.0
230
1.0
50
360.0
0
TEXT
5
E0
330
1C
100
AcDbEntity
67
0
8
1 - границы Достопримечательного места
62
7
6
ByLayer
370
-1
48
1.0
60
0
100
AcDbText
1
95
10
1399868.95847215
20
360443.397950786
30
0.0
40
0.31111111111
41
1.0
50
0.0
51
0.0
7
Standard
11
1399868.95847215
21
360443.397950786
31
0.0
210
0.0
220
0.0
230
1.0
71
0
72
0
100
AcDbText
73
0
0
POINT
5
E1
330
1C
100
AcDbEntity
67
0
8
1 - границы Достопримечательного места
62
256
6
ByLayer
370
-1
48
1.0
60
0
100
AcDbPoint
10
1399912.39935774
20
360549.593475757
30
0.0
39
0.0
210
0.0
220
0.0
230
1.0
50
360.0
0
TEXT
5
E2
330
1C
100
AcDbEntity
67
0
8
1 - границы Достопримечательного места
62
7
6
ByLayer
370
-1
48
1.0
60
0
100
AcDbText
1
96
10
1399912.52848556
20
360549.867923799
30
0.0
40
0.31111111111
41
1.0
50
0.0
51
0.0
7
Standard
11
1399912.52848556
21
360549.867923799
31
0.0
210
0.0
220
0.0
230
1.0
71
0
72
0
100
AcDbText
73
0
0
POINT
5
E3
330
1C
100
AcDbEntity
67
0
8
1 - границы Достопримечательного места
62
256
6
ByLayer
370
-1
48
1.0
60
0
100
AcDbPoint
10
1399948.38936819
20
360633.613454084
30
0.0
39
0.0
210
0.0
220
0.0
230
1.0
50
360.0
0
TEXT
5
E4
330
1C
100
AcDbEntity
67
0
8
1 - границы Достопримечательного места
62
7
6
ByLayer
370
-1
48
1.0
60
0
100
AcDbText
1
97
10
1399948.51849587
20
360633.887902191
30
0.0
40
0.31111111111
41
1.0
50
0.0
51
0.0
7
Standard
11
1399948.51849587
21
360633.887902191
31
0.0
210
0.0
220
0.0
230
1.0
71
0
72
0
100
AcDbText
73
0
0
POINT
5
E5
330
1C
100
AcDbEntity
67
0
8
1 - границы Достопримечательного места
62
256
6
ByLayer
370
-1
48
1.0
60
0
100
AcDbPoint
10
1399887.03938397
20
360659.713461759
30
0.0
39
0.0
210
0.0
220
0.0
230
1.0
50
360.0
0
TEXT
5
E6
330
1C
100
AcDbEntity
67
0
8
1 - границы Достопримечательного места
62
7
6
ByLayer
370
-1
48
1.0
60
0
100
AcDbText
1
98
10
1399887.1685116
20
360659.987909753
30
0.0
40
0.31111111111
41
1.0
50
0.0
51
0.0
7
Standard
11
1399887.1685116
21
360659.987909753
31
0.0
210
0.0
220
0.0
230
1.0
71
0
72
0
100
AcDbText
73
0
0
POINT
5
E7
330
1C
100
AcDbEntity
67
0
8
1 - границы Достопримечательного места
62
256
6
ByLayer
370
-1
48
1.0
60
0
100
AcDbPoint
10
1399845.87733889
20
360657.446500638
30
0.0
39
0.0
210
0.0
220
0.0
230
1.0
50
360.0
0
TEXT
5
E8
330
1C
100
AcDbEntity
67
0
8
1 - границы Достопримечательного места
62
7
6
ByLayer
370
-1
48
1.0
60
0
100
AcDbText
1
99
10
1399846.00646652
20
360657.720948557
30
0.0
40
0.31111111111
41
1.0
50
0.0
51
0.0
7
Standard
11
1399846.00646652
21
360657.720948557
31
0.0
210
0.0
220
0.0
230
1.0
71
0
72
0
100
AcDbText
73
0
0
POINT
5
E9
330
1C
100
AcDbEntity
67
0
8
1 - границы Достопримечательного места
62
256
6
ByLayer
370
-1
48
1.0
60
0
100
AcDbPoint
10
1399778.82087157
20
360716.404328771
30
0.0
39
0.0
210
0.0
220
0.0
230
1.0
50
360.0
0
TEXT
5
EA
330
1C
100
AcDbEntity
67
0
8
1 - границы Достопримечательного места
62
7
6
ByLayer
370
-1
48
1.0
60
0
100
AcDbText
1
100
10
1399778.9499991
20
360716.678776563
30
0.0
40
0.31111111111
41
1.0
50
0.0
51
0.0
7
Standard
11
1399778.9499991
21
360716.678776563
31
0.0
210
0.0
220
0.0
230
1.0
71
0
72
0
100
AcDbText
73
0
0
POINT
5
EB
330
1C
100
AcDbEntity
67
0
8
1 - границы Достопримечательного места
62
256
6
ByLayer
370
-1
48
1.0
60
0
100
AcDbPoint
10
1399715.63181774
20
360788.638336694
30
0.0
39
0.0
210
0.0
220
0.0
230
1.0
50
360.0
0
TEXT
5
EC
330
1C
100
AcDbEntity
67
0
8
1 - границы Достопримечательного места
62
7
6
ByLayer
370
-1
48
1.0
60
0
100
AcDbText
1
101
10
1399715.76094514
20
360788.912784373
30
0.0
40
0.31111111111
41
1.0
50
0.0
51
0.0
7
Standard
11
1399715.76094514
21
360788.912784373
31
0.0
210
0.0
220
0.0
230
1.0
71
0
72
0
100
AcDbText
73
0
0
POINT
5
ED
330
1C
100
AcDbEntity
67
0
8
1 - границы Достопримечательного места
62
256
6
ByLayer
370
-1
48
1.0
60
0
100
AcDbPoint
10
1399658.3052096
20
360824.012199624
30
0.0
39
0.0
210
0.0
220
0.0
230
1.0
50
360.0
0
TEXT
5
EE
330
1C
100
AcDbEntity
67
0
8
1 - границы Достопримечательного места
62
7
6
ByLayer
370
-1
48
1.0
60
0
100
AcDbText
1
102
10
1399658.43433693
20
360824.286647196
30
0.0
40
0.31111111111
41
1.0
50
0.0
51
0.0
7
Standard
11
1399658.43433693
21
360824.286647196
31
0.0
210
0.0
220
0.0
230
1.0
71
0
72
0
100
AcDbText
73
0
0
POINT
5
EF
330
1C
100
AcDbEntity
67
0
8
1 - границы Достопримечательного места
62
256
6
ByLayer
370
-1
48
1.0
60
0
100
AcDbPoint
10
1399521.69797807
20
360836.401537854
30
0.0
39
0.0
210
0.0
220
0.0
230
1.0
50
360.0
0
TEXT
5
F0
330
1C
100
AcDbEntity
67
0
8
1 - границы Достопримечательного места
62
7
6
ByLayer
370
-1
48
1.0
60
0
100
AcDbText
1
103
10
1399521.82710538
20
360836.67598518
30
0.0
40
0.31111111111
41
1.0
50
0.0
51
0.0
7
Standard
11
1399521.82710538
21
360836.67598518
31
0.0
210
0.0
220
0.0
230
1.0
71
0
72
0
100
AcDbText
73
0
0
POINT
5
F1
330
1C
100
AcDbEntity
67
0
8
1 - границы Достопримечательного места
62
256
6
ByLayer
370
-1
48
1.0
60
0
100
AcDbPoint
10
1399496.79921966
20
360831.101574005
30
0.0
39
0.0
210
0.0
220
0.0
230
1.0
50
360.0
0
TEXT
5
F2
330
1C
100
AcDbEntity
67
0
8
1 - границы Достопримечательного места
62
7
6
ByLayer
370
-1
48
1.0
60
0
100
AcDbText
1
104
10
1399496.92834698
20
360831.376021285
30
0.0
40
0.31111111111
41
1.0
50
0.0
51
0.0
7
Standard
11
1399496.92834698
21
360831.376021285
31
0.0
210
0.0
220
0.0
230
1.0
71
0
72
0
100
AcDbText
73
0
0
POINT
5
F3
330
1C
100
AcDbEntity
67
0
8
1 - границы Достопримечательного места
62
256
6
ByLayer
370
-1
48
1.0
60
0
100
AcDbPoint
10
1399482.73947386
20
360760.553524601
30
0.0
39
0.0
210
0.0
220
0.0
230
1.0
50
360.0
0
TEXT
5
F4
330
1C
100
AcDbEntity
67
0
8
1 - границы Достопримечательного места
62
7
6
ByLayer
370
-1
48
1.0
60
0
100
AcDbText
1
105
10
1399482.86860132
20
360760.827971854
30
0.0
40
0.31111111111
41
1.0
50
0.0
51
0.0
7
Standard
11
1399482.86860132
21
360760.827971854
31
0.0
210
0.0
220
0.0
230
1.0
71
0
72
0
100
AcDbText
73
0
0
POINT
5
F5
330
1C
100
AcDbEntity
67
0
8
1 - границы Достопримечательного места
62
256
6
ByLayer
370
-1
48
1.0
60
0
100
AcDbPoint
10
1399359.63815861
20
360469.775127152
30
0.0
39
0.0
210
0.0
220
0.0
230
1.0
50
360.0
0
TEXT
5
F6
330
1C
100
AcDbEntity
67
0
8
1 - границы Достопримечательного места
62
7
6
ByLayer
370
-1
48
1.0
60
0
100
AcDbText
1
106
10
1399359.7672866
20
360470.049574191
30
0.0
40
0.31111111111
41
1.0
50
0.0
51
0.0
7
Standard
11
1399359.7672866
21
360470.049574191
31
0.0
210
0.0
220
0.0
230
1.0
71
0
72
0
100
AcDbText
73
0
0
POINT
5
F7
330
1C
100
AcDbEntity
67
0
8
1 - границы Достопримечательного места
62
256
6
ByLayer
370
-1
48
1.0
60
0
100
AcDbPoint
10
1399318.9994234
20
360363.783625713
30
0.0
39
0.0
210
0.0
220
0.0
230
1.0
50
360.0
0
TEXT
5
F8
330
1C
100
AcDbEntity
67
0
8
1 - границы Достопримечательного места
62
7
6
ByLayer
370
-1
48
1.0
60
0
100
AcDbText
1
107
10
1399319.12855158
20
360364.058072678
30
0.0
40
0.31111111111
41
1.0
50
0.0
51
0.0
7
Standard
11
1399319.12855158
21
360364.058072678
31
0.0
210
0.0
220
0.0
230
1.0
71
0
72
0
100
AcDbText
73
0
0
POINT
5
F9
330
1C
100
AcDbEntity
67
0
8
1 - границы Достопримечательного места
62
256
6
ByLayer
370
-1
48
1.0
60
0
100
AcDbPoint
10
1399266.49739993
20
360199.775664488
30
0.0
39
0.0
210
0.0
220
0.0
230
1.0
50
360.0
0
TEXT
5
FA
330
1C
100
AcDbEntity
67
0
8
1 - границы Достопримечательного места
62
7
6
ByLayer
370
-1
48
1.0
60
0
100
AcDbText
1
108
10
1399266.62652841
20
360200.05011136
30
0.0
40
0.31111111111
41
1.0
50
0.0
51
0.0
7
Standard
11
1399266.62652841
21
360200.05011136
31
0.0
210
0.0
220
0.0
230
1.0
71
0
72
0
100
AcDbText
73
0
0
POINT
5
FB
330
1C
100
AcDbEntity
67
0
8
1 - границы Достопримечательного места
62
256
6
ByLayer
370
-1
48
1.0
60
0
100
AcDbPoint
10
1399276.26938303
20
360123.183675791
30
0.0
39
0.0
210
0.0
220
0.0
230
1.0
50
360.0
0
TEXT
5
FC
330
1C
100
AcDbEntity
67
0
8
1 - границы Достопримечательного места
62
7
6
ByLayer
370
-1
48
1.0
60
0
100
AcDbText
1
109
10
1399276.39851165
20
360123.458122685
30
0.0
40
0.31111111111
41
1.0
50
0.0
51
0.0
7
Standard
11
1399276.39851165
21
360123.458122685
31
0.0
210
0.0
220
0.0
230
1.0
71
0
72
0
100
AcDbText
73
0
0
POINT
5
FD
330
1C
100
AcDbEntity
67
0
8
1 - границы Достопримечательного места
62
256
6
ByLayer
370
-1
48
1.0
60
0
100
AcDbPoint
10
1399276.00936935
20
360054.013687799
30
0.0
39
0.0
210
0.0
220
0.0
230
1.0
50
360.0
0
TEXT
5
FE
330
1C
100
AcDbEntity
67
0
8
1 - границы Достопримечательного места
62
7
6
ByLayer
370
-1
48
1.0
60
0
100
AcDbText
1
110
10
1399276.1384981
20
360054.288134695
30
0.0
40
0.31111111111
41
1.0
50
0.0
51
0.0
7
Standard
11
1399276.1384981
21
360054.288134695
31
0.0
210
0.0
220
0.0
230
1.0
71
0
72
0
100
AcDbText
73
0
0
POINT
5
FF
330
1C
100
AcDbEntity
67
0
8
1 - границы Достопримечательного места
62
256
6
ByLayer
370
-1
48
1.0
60
0
100
AcDbPoint
10
1399269.03936318
20
360016.863695605
30
0.0
39
0.0
210
0.0
220
0.0
230
1.0
50
360.0
0
TEXT
5
100
330
1C
100
AcDbEntity
67
0
8
1 - границы Достопримечательного места
62
7
6
ByLayer
370
-1
48
1.0
60
0
100
AcDbText
1
111
10
1399269.168492
20
360017.138142486
30
0.0
40
0.31111111111
41
1.0
50
0.0
51
0.0
7
Standard
11
1399269.168492
21
360017.138142486
31
0.0
210
0.0
220
0.0
230
1.0
71
0
72
0
100
AcDbText
73
0
0
POINT
5
101
330
1C
100
AcDbEntity
67
0
8
1 - границы Достопримечательного места
62
256
6
ByLayer
370
-1
48
1.0
60
0
100
AcDbPoint
10
1399250.87935289
20
359949.213710908
30
0.0
39
0.0
210
0.0
220
0.0
230
1.0
50
360.0
0
TEXT
5
102
330
1C
100
AcDbEntity
67
0
8
1 - границы Достопримечательного места
62
7
6
ByLayer
370
-1
48
1.0
60
0
100
AcDbText
1
112
10
1399251.00848183
20
359949.48815776
30
0.0
40
0.31111111111
41
1.0
50
0.0
51
0.0
7
Standard
11
1399251.00848183
21
359949.48815776
31
0.0
210
0.0
220
0.0
230
1.0
71
0
72
0
100
AcDbText
73
0
0
POINT
5
103
330
1C
100
AcDbEntity
67
0
8
1 - границы Достопримечательного места
62
256
6
ByLayer
370
-1
48
1.0
60
0
100
AcDbPoint
10
1399245.06935209
20
359940.113713636
30
0.0
39
0.0
210
0.0
220
0.0
230
1.0
50
360.0
0
TEXT
5
104
330
1C
100
AcDbEntity
67
0
8
1 - границы Достопримечательного места
62
7
6
ByLayer
370
-1
48
1.0
60
0
100
AcDbText
1
113
10
1399245.19848105
20
359940.388160479
30
0.0
40
0.31111111111
41
1.0
50
0.0
51
0.0
7
Standard
11
1399245.19848105
21
359940.388160479
31
0.0
210
0.0
220
0.0
230
1.0
71
0
72
0
100
AcDbText
73
0
0
POINT
5
105
330
1C
100
AcDbEntity
67
0
8
1 - границы Достопримечательного места
62
256
6
ByLayer
370
-1
48
1.0
60
0
100
AcDbPoint
10
1399224.1823109
20
359888.376493304
30
0.0
39
0.0
210
0.0
220
0.0
230
1.0
50
360.0
0
TEXT
5
106
330
1C
100
AcDbEntity
67
0
8
1 - границы Достопримечательного места
62
7
6
ByLayer
370
-1
48
1.0
60
0
100
AcDbText
1
114
10
1399224.31143995
20
359888.65094011
30
0.0
40
0.31111111111
41
1.0
50
0.0
51
0.0
7
Standard
11
1399224.31143995
21
359888.65094011
31
0.0
210
0.0
220
0.0
230
1.0
71
0
72
0
100
AcDbText
73
0
0
POINT
5
107
330
1C
100
AcDbEntity
67
0
8
1 - границы Достопримечательного места
62
256
6
ByLayer
370
-1
48
1.0
60
0
100
AcDbPoint
10
1399212.89280229
20
359893.064601565
30
0.0
39
0.0
210
0.0
220
0.0
230
1.0
50
360.0
0
TEXT
5
108
330
1C
100
AcDbEntity
67
0
8
1 - границы Достопримечательного места
62
7
6
ByLayer
370
-1
48
1.0
60
0
100
AcDbText
1
115
10
1399213.02193134
20
359893.339048349
30
0.0
40
0.31111111111
41
1.0
50
0.0
51
0.0
7
Standard
11
1399213.02193134
21
359893.339048349
31
0.0
210
0.0
220
0.0
230
1.0
71
0
72
0
100
AcDbText
73
0
0
POINT
5
109
330
1C
100
AcDbEntity
67
0
8
1 - границы Достопримечательного места
62
256
6
ByLayer
370
-1
48
1.0
60
0
100
AcDbPoint
10
1399179.18815554
20
359808.278304916
30
0.0
39
0.0
210
0.0
220
0.0
230
1.0
50
360.0
0
TEXT
5
10A
330
1C
100
AcDbEntity
67
0
8
1 - границы Достопримечательного места
62
7
6
ByLayer
370
-1
48
1.0
60
0
100
AcDbText
1
116
10
1399179.31728474
20
359808.552751641
30
0.0
40
0.31111111111
41
1.0
50
0.0
51
0.0
7
Standard
11
1399179.31728474
21
359808.552751641
31
0.0
210
0.0
220
0.0
230
1.0
71
0
72
0
100
AcDbText
73
0
0
POINT
5
10B
330
1C
100
AcDbEntity
67
0
8
1 - границы Достопримечательного места
62
256
6
ByLayer
370
-1
48
1.0
60
0
100
AcDbPoint
10
1399162.85919013
20
359727.535060573
30
0.0
39
0.0
210
0.0
220
0.0
230
1.0
50
360.0
0
TEXT
5
10C
330
1C
100
AcDbEntity
67
0
8
1 - границы Достопримечательного места
62
7
6
ByLayer
370
-1
48
1.0
60
0
100
AcDbText
1
117
10
1399162.98831948
20
359727.809507268
30
0.0
40
0.31111111111
41
1.0
50
0.0
51
0.0
7
Standard
11
1399162.98831948
21
359727.809507268
31
0.0
210
0.0
220
0.0
230
1.0
71
0
72
0
100
AcDbText
73
0
0
POINT
5
10D
330
1C
100
AcDbEntity
67
0
8
1 - границы Достопримечательного места
62
256
6
ByLayer
370
-1
48
1.0
60
0
100
AcDbPoint
10
1399167.33108955
20
359618.336933126
30
0.0
39
0.0
210
0.0
220
0.0
230
1.0
50
360.0
0
TEXT
5
10E
330
1C
100
AcDbEntity
67
0
8
1 - границы Достопримечательного места
62
7
6
ByLayer
370
-1
48
1.0
60
0
100
AcDbText
1
118
10
1399167.4602191
20
359618.611379833
30
0.0
40
0.31111111111
41
1.0
50
0.0
51
0.0
7
Standard
11
1399167.4602191
21
359618.611379833
31
0.0
210
0.0
220
0.0
230
1.0
71
0
72
0
100
AcDbText
73
0
0
POINT
5
10F
330
1C
100
AcDbEntity
67
0
8
1 - границы Достопримечательного места
62
256
6
ByLayer
370
-1
48
1.0
60
0
100
AcDbPoint
10
1399106.16931115
20
359612.973797764
30
0.0
39
0.0
210
0.0
220
0.0
230
1.0
50
360.0
0
TEXT
5
110
330
1C
100
AcDbEntity
67
0
8
1 - границы Достопримечательного места
62
7
6
ByLayer
370
-1
48
1.0
60
0
100
AcDbText
1
119
10
1399106.29844071
20
359613.248244365
30
0.0
40
0.31111111111
41
1.0
50
0.0
51
0.0
7
Standard
11
1399106.29844071
21
359613.248244365
31
0.0
210
0.0
220
0.0
230
1.0
71
0
72
0
100
AcDbText
73
0
0
POINT
5
111
330
1C
100
AcDbEntity
67
0
8
1 - границы Достопримечательного места
62
256
6
ByLayer
370
-1
48
1.0
60
0
100
AcDbPoint
10
1399064.79205867
20
359602.925553346
30
0.0
39
0.0
210
0.0
220
0.0
230
1.0
50
360.0
0
TEXT
5
112
330
1C
100
AcDbEntity
67
0
8
1 - границы Достопримечательного места
62
7
6
ByLayer
370
-1
48
1.0
60
0
100
AcDbText
1
120
10
1399064.92118825
20
359603.199999869
30
0.0
40
0.31111111111
41
1.0
50
0.0
51
0.0
7
Standard
11
1399064.92118825
21
359603.199999869
31
0.0
210
0.0
220
0.0
230
1.0
71
0
72
0
100
AcDbText
73
0
0
POINT
5
113
330
1C
100
AcDbEntity
67
0
8
1 - границы Достопримечательного места
62
256
6
ByLayer
370
-1
48
1.0
60
0
100
AcDbPoint
10
1398965.17933301
20
359600.283827953
30
0.0
39
0.0
210
0.0
220
0.0
230
1.0
50
360.0
0
TEXT
5
114
330
1C
100
AcDbEntity
67
0
8
1 - границы Достопримечательного места
62
7
6
ByLayer
370
-1
48
1.0
60
0
100
AcDbText
1
121
10
1398965.30846259
20
359600.558274294
30
0.0
40
0.31111111111
41
1.0
50
0.0
51
0.0
7
Standard
11
1398965.30846259
21
359600.558274294
31
0.0
210
0.0
220
0.0
230
1.0
71
0
72
0
100
AcDbText
73
0
0
POINT
5
115
330
1C
100
AcDbEntity
67
0
8
1 - границы Достопримечательного места
62
256
6
ByLayer
370
-1
48
1.0
60
0
100
AcDbPoint
10
1398801.11183053
20
359576.988780774
30
0.0
39
0.0
210
0.0
220
0.0
230
1.0
50
360.0
0
TEXT
5
116
330
1C
100
AcDbEntity
67
0
8
1 - границы Достопримечательного места
62
7
6
ByLayer
370
-1
48
1.0
60
0
100
AcDbText
1
122
10
1398801.24096016
20
359577.263226815
30
0.0
40
0.31111111111
41
1.0
50
0.0
51
0.0
7
Standard
11
1398801.24096016
21
359577.263226815
31
0.0
210
0.0
220
0.0
230
1.0
71
0
72
0
100
AcDbText
73
0
0
POINT
5
117
330
1C
100
AcDbEntity
67
0
8
1 - границы Достопримечательного места
62
256
6
ByLayer
370
-1
48
1.0
60
0
100
AcDbPoint
10
1398791.0098251
20
359646.328859069
30
0.0
39
0.0
210
0.0
220
0.0
230
1.0
50
360.0
0
TEXT
5
118
330
1C
100
AcDbEntity
67
0
8
1 - границы Достопримечательного места
62
7
6
ByLayer
370
-1
48
1.0
60
0
100
AcDbText
1
123
10
1398791.13895461
20
359646.603305088
30
0.0
40
0.31111111111
41
1.0
50
0.0
51
0.0
7
Standard
11
1398791.13895461
21
359646.603305088
31
0.0
210
0.0
220
0.0
230
1.0
71
0
72
0
100
AcDbText
73
0
0
POINT
5
119
330
1C
100
AcDbEntity
67
0
8
1 - границы Достопримечательного места
62
256
6
ByLayer
370
-1
48
1.0
60
0
100
AcDbPoint
10
1398760.49446962
20
359649.876456514
30
0.0
39
0.0
210
0.0
220
0.0
230
1.0
50
360.0
0
TEXT
5
11A
330
1C
100
AcDbEntity
67
0
8
1 - границы Достопримечательного места
62
7
6
ByLayer
370
-1
48
1.0
60
0
100
AcDbText
1
124
10
1398760.62359912
20
359650.15090248
30
0.0
40
0.31111111111
41
1.0
50
0.0
51
0.0
7
Standard
11
1398760.62359912
21
359650.15090248
31
0.0
210
0.0
220
0.0
230
1.0
71
0
72
0
100
AcDbText
73
0
0
POINT
5
11B
330
1C
100
AcDbEntity
67
0
8
1 - границы Достопримечательного места
62
256
6
ByLayer
370
-1
48
1.0
60
0
100
AcDbPoint
10
1398703.00770408
20
359642.924267354
30
0.0
39
0.0
210
0.0
220
0.0
230
1.0
50
360.0
0
TEXT
5
11C
330
1C
100
AcDbEntity
67
0
8
1 - границы Достопримечательного места
62
7
6
ByLayer
370
-1
48
1.0
60
0
100
AcDbText
1
125
10
1398703.13683359
20
359643.198713217
30
0.0
40
0.31111111111
41
1.0
50
0.0
51
0.0
7
Standard
11
1398703.13683359
21
359643.198713217
31
0.0
210
0.0
220
0.0
230
1.0
71
0
72
0
100
AcDbText
73
0
0
POINT
5
11D
330
1C
100
AcDbEntity
67
0
8
1 - границы Достопримечательного места
62
256
6
ByLayer
370
-1
48
1.0
60
0
100
AcDbPoint
10
1398712.33670053
20
359557.091093531
30
0.0
39
0.0
210
0.0
220
0.0
230
1.0
50
360.0
0
TEXT
5
11E
330
1C
100
AcDbEntity
67
0
8
1 - границы Достопримечательного места
62
7
6
ByLayer
370
-1
48
1.0
60
0
100
AcDbText
1
126
10
1398712.4658302
20
359557.365539411
30
0.0
40
0.31111111111
41
1.0
50
0.0
51
0.0
7
Standard
11
1398712.4658302
21
359557.365539411
31
0.0
210
0.0
220
0.0
230
1.0
71
0
72
0
100
AcDbText
73
0
0
POINT
5
11F
330
1C
100
AcDbEntity
67
0
8
1 - границы Достопримечательного места
62
256
6
ByLayer
370
-1
48
1.0
60
0
100
AcDbPoint
10
1398629.60341719
20
359544.805825632
30
0.0
39
0.0
210
0.0
220
0.0
230
1.0
50
360.0
0
TEXT
5
120
330
1C
100
AcDbEntity
67
0
8
1 - границы Достопримечательного места
62
7
6
ByLayer
370
-1
48
1.0
60
0
100
AcDbText
1
127
10
1398629.73254688
20
359545.080271364
30
0.0
40
0.31111111111
41
1.0
50
0.0
51
0.0
7
Standard
11
1398629.73254688
21
359545.080271364
31
0.0
210
0.0
220
0.0
230
1.0
71
0
72
0
100
AcDbText
73
0
0
POINT
5
121
330
1C
100
AcDbEntity
67
0
8
1 - границы Достопримечательного места
62
256
6
ByLayer
370
-1
48
1.0
60
0
100
AcDbPoint
10
1398541.79268231
20
359531.963423298
30
0.0
39
0.0
210
0.0
220
0.0
230
1.0
50
360.0
0
TEXT
5
122
330
1C
100
AcDbEntity
67
0
8
1 - границы Достопримечательного места
62
7
6
ByLayer
370
-1
48
1.0
60
0
100
AcDbText
1
128
10
1398541.92181203
20
359532.237868867
30
0.0
40
0.31111111111
41
1.0
50
0.0
51
0.0
7
Standard
11
1398541.92181203
21
359532.237868867
31
0.0
210
0.0
220
0.0
230
1.0
71
0
72
0
100
AcDbText
73
0
0
POINT
5
123
330
1C
100
AcDbEntity
67
0
8
1 - границы Достопримечательного места
62
256
6
ByLayer
370
-1
48
1.0
60
0
100
AcDbPoint
10
1398541.00072836
20
359524.003147534
30
0.0
39
0.0
210
0.0
220
0.0
230
1.0
50
360.0
0
TEXT
5
124
330
1C
100
AcDbEntity
67
0
8
1 - границы Достопримечательного места
62
7
6
ByLayer
370
-1
48
1.0
60
0
100
AcDbText
1
129
10
1398541.1298581
20
359524.277593101
30
0.0
40
0.31111111111
41
1.0
50
0.0
51
0.0
7
Standard
11
1398541.1298581
21
359524.277593101
31
0.0
210
0.0
220
0.0
230
1.0
71
0
72
0
100
AcDbText
73
0
0
POINT
5
125
330
1C
100
AcDbEntity
67
0
8
1 - границы Достопримечательного места
62
256
6
ByLayer
370
-1
48
1.0
60
0
100
AcDbPoint
10
1398505.5072342
20
359522.559955152
30
0.0
39
0.0
210
0.0
220
0.0
230
1.0
50
360.0
0
TEXT
5
126
330
1C
100
AcDbEntity
67
0
8
1 - границы Достопримечательного места
62
7
6
ByLayer
370
-1
48
1.0
60
0
100
AcDbText
1
130
10
1398505.63636394
20
359522.834400658
30
0.0
40
0.31111111111
41
1.0
50
0.0
51
0.0
7
Standard
11
1398505.63636394
21
359522.834400658
31
0.0
210
0.0
220
0.0
230
1.0
71
0
72
0
100
AcDbText
73
0
0
POINT
5
127
330
1C
100
AcDbEntity
67
0
8
1 - границы Достопримечательного места
62
256
6
ByLayer
370
-1
48
1.0
60
0
100
AcDbPoint
10
1398508.45962738
20
359490.563760003
30
0.0
39
0.0
210
0.0
220
0.0
230
1.0
50
360.0
0
TEXT
5
128
330
1C
100
AcDbEntity
67
0
8
1 - границы Достопримечательного места
62
7
6
ByLayer
370
-1
48
1.0
60
0
100
AcDbText
1
131
10
1398508.58875718
20
359490.838205514
30
0.0
40
0.31111111111
41
1.0
50
0.0
51
0.0
7
Standard
11
1398508.58875718
21
359490.838205514
31
0.0
210
0.0
220
0.0
230
1.0
71
0
72
0
100
AcDbText
73
0
0
POINT
5
129
330
1C
100
AcDbEntity
67
0
8
1 - границы Достопримечательного места
62
256
6
ByLayer
370
-1
48
1.0
60
0
100
AcDbPoint
10
1398450.76193601
20
359483.96397312
30
0.0
39
0.0
210
0.0
220
0.0
230
1.0
50
360.0
0
TEXT
5
12A
330
1C
100
AcDbEntity
67
0
8
1 - границы Достопримечательного места
62
7
6
ByLayer
370
-1
48
1.0
60
0
100
AcDbText
1
132
10
1398450.89106582
20
359484.238418525
30
0.0
40
0.31111111111
41
1.0
50
0.0
51
0.0
7
Standard
11
1398450.89106582
21
359484.238418525
31
0.0
210
0.0
220
0.0
230
1.0
71
0
72
0
100
AcDbText
73
0
0
POINT
5
12B
330
1C
100
AcDbEntity
67
0
8
1 - границы Достопримечательного места
62
256
6
ByLayer
370
-1
48
1.0
60
0
100
AcDbPoint
10
1398431.39964018
20
359488.51057634
30
0.0
39
0.0
210
0.0
220
0.0
230
1.0
50
360.0
0
TEXT
5
12C
330
1C
100
AcDbEntity
67
0
8
1 - границы Достопримечательного места
62
7
6
ByLayer
370
-1
48
1.0
60
0
100
AcDbText
1
133
10
1398431.52876999
20
359488.785021709
30
0.0
40
0.31111111111
41
1.0
50
0.0
51
0.0
7
Standard
11
1398431.52876999
21
359488.785021709
31
0.0
210
0.0
220
0.0
230
1.0
71
0
72
0
100
AcDbText
73
0
0
POINT
5
12D
330
1C
100
AcDbEntity
67
0
8
1 - границы Достопримечательного места
62
256
6
ByLayer
370
-1
48
1.0
60
0
100
AcDbPoint
10
1398431.10564103
20
359492.158175758
30
0.0
39
0.0
210
0.0
220
0.0
230
1.0
50
360.0
0
TEXT
5
12E
330
1C
100
AcDbEntity
67
0
8
1 - границы Достопримечательного места
62
7
6
ByLayer
370
-1
48
1.0
60
0
100
AcDbText
1
134
10
1398431.23477083
20
359492.432621127
30
0.0
40
0.31111111111
41
1.0
50
0.0
51
0.0
7
Standard
11
1398431.23477083
21
359492.432621127
31
0.0
210
0.0
220
0.0
230
1.0
71
0
72
0
100
AcDbText
73
0
0
POINT
5
12F
330
1C
100
AcDbEntity
67
0
8
1 - границы Достопримечательного места
62
256
6
ByLayer
370
-1
48
1.0
60
0
100
AcDbPoint
10
1398374.39799329
20
359486.508591596
30
0.0
39
0.0
210
0.0
220
0.0
230
1.0
50
360.0
0
TEXT
5
130
330
1C
100
AcDbEntity
67
0
8
1 - границы Достопримечательного места
62
7
6
ByLayer
370
-1
48
1.0
60
0
100
AcDbText
1
135
10
1398374.5271231
20
359486.783036863
30
0.0
40
0.31111111111
41
1.0
50
0.0
51
0.0
7
Standard
11
1398374.5271231
21
359486.783036863
31
0.0
210
0.0
220
0.0
230
1.0
71
0
72
0
100
AcDbText
73
0
0
POINT
5
131
330
1C
100
AcDbEntity
67
0
8
1 - границы Достопримечательного места
62
256
6
ByLayer
370
-1
48
1.0
60
0
100
AcDbPoint
10
1398370.45942714
20
359556.733953566
30
0.0
39
0.0
210
0.0
220
0.0
230
1.0
50
360.0
0
TEXT
5
132
330
1C
100
AcDbEntity
67
0
8
1 - границы Достопримечательного места
62
7
6
ByLayer
370
-1
48
1.0
60
0
100
AcDbText
1
136
10
1398370.58855682
20
359557.008398823
30
0.0
40
0.31111111111
41
1.0
50
0.0
51
0.0
7
Standard
11
1398370.58855682
21
359557.008398823
31
0.0
210
0.0
220
0.0
230
1.0
71
0
72
0
100
AcDbText
73
0
0
POINT
5
133
330
1C
100
AcDbEntity
67
0
8
1 - границы Достопримечательного места
62
256
6
ByLayer
370
-1
48
1.0
60
0
100
AcDbPoint
10
1398365.57913836
20
359646.753483267
30
0.0
39
0.0
210
0.0
220
0.0
230
1.0
50
360.0
0
TEXT
5
134
330
1C
100
AcDbEntity
67
0
8
1 - границы Достопримечательного места
62
7
6
ByLayer
370
-1
48
1.0
60
0
100
AcDbText
1
137
10
1398365.70826787
20
359647.027928512
30
0.0
40
0.31111111111
41
1.0
50
0.0
51
0.0
7
Standard
11
1398365.70826787
21
359647.027928512
31
0.0
210
0.0
220
0.0
230
1.0
71
0
72
0
100
AcDbText
73
0
0
POINT
5
135
330
1C
100
AcDbEntity
67
0
8
1 - границы Достопримечательного места
62
256
6
ByLayer
370
-1
48
1.0
60
0
100
AcDbPoint
10
1398365.90945718
20
359704.143928991
30
0.0
39
0.0
210
0.0
220
0.0
230
1.0
50
360.0
0
TEXT
5
136
330
1C
100
AcDbEntity
67
0
8
1 - границы Достопримечательного места
62
7
6
ByLayer
370
-1
48
1.0
60
0
100
AcDbText
1
138
10
1398366.03858659
20
359704.418374235
30
0.0
40
0.31111111111
41
1.0
50
0.0
51
0.0
7
Standard
11
1398366.03858659
21
359704.418374235
31
0.0
210
0.0
220
0.0
230
1.0
71
0
72
0
100
AcDbText
73
0
0
POINT
5
137
330
1C
100
AcDbEntity
67
0
8
1 - границы Достопримечательного места
62
256
6
ByLayer
370
-1
48
1.0
60
0
100
AcDbPoint
10
1398430.71944657
20
359707.133915603
30
0.0
39
0.0
210
0.0
220
0.0
230
1.0
50
360.0
0
TEXT
5
138
330
1C
100
AcDbEntity
67
0
8
1 - границы Достопримечательного места
62
7
6
ByLayer
370
-1
48
1.0
60
0
100
AcDbText
1
139
10
1398430.84857597
20
359707.408360965
30
0.0
40
0.31111111111
41
1.0
50
0.0
51
0.0
7
Standard
11
1398430.84857597
21
359707.408360965
31
0.0
210
0.0
220
0.0
230
1.0
71
0
72
0
100
AcDbText
73
0
0
POINT
5
139
330
1C
100
AcDbEntity
67
0
8
1 - границы Достопримечательного места
62
256
6
ByLayer
370
-1
48
1.0
60
0
100
AcDbPoint
10
1398442.96994152
20
359796.951940707
30
0.0
39
0.0
210
0.0
220
0.0
230
1.0
50
360.0
0
TEXT
5
13A
330
1C
100
AcDbEntity
67
0
8
1 - границы Достопримечательного места
62
7
6
ByLayer
370
-1
48
1.0
60
0
100
AcDbText
1
140
10
1398443.09907077
20
359797.226386091
30
0.0
40
0.31111111111
41
1.0
50
0.0
51
0.0
7
Standard
11
1398443.09907077
21
359797.226386091
31
0.0
210
0.0
220
0.0
230
1.0
71
0
72
0
100
AcDbText
73
0
0
POINT
5
13B
330
1C
100
AcDbEntity
67
0
8
1 - границы Достопримечательного места
62
256
6
ByLayer
370
-1
48
1.0
60
0
100
AcDbPoint
10
1398381.10947295
20
359796.843909946
30
0.0
39
0.0
210
0.0
220
0.0
230
1.0
50
360.0
0
TEXT
5
13C
330
1C
100
AcDbEntity
67
0
8
1 - границы Достопримечательного места
62
7
6
ByLayer
370
-1
48
1.0
60
0
100
AcDbText
1
141
10
1398381.23860219
20
359797.118355214
30
0.0
40
0.31111111111
41
1.0
50
0.0
51
0.0
7
Standard
11
1398381.23860219
21
359797.118355214
31
0.0
210
0.0
220
0.0
230
1.0
71
0
72
0
100
AcDbText
73
0
0
POINT
5
13D
330
1C
100
AcDbEntity
67
0
8
1 - границы Достопримечательного места
62
256
6
ByLayer
370
-1
48
1.0
60
0
100
AcDbPoint
10
1398299.58508709
20
359790.994919828
30
0.0
39
0.0
210
0.0
220
0.0
230
1.0
50
360.0
0
TEXT
5
13E
330
1C
100
AcDbEntity
67
0
8
1 - границы Достопримечательного места
62
7
6
ByLayer
370
-1
48
1.0
60
0
100
AcDbText
1
142
10
1398299.71421634
20
359791.269364949
30
0.0
40
0.31111111111
41
1.0
50
0.0
51
0.0
7
Standard
11
1398299.71421634
21
359791.269364949
31
0.0
210
0.0
220
0.0
230
1.0
71
0
72
0
100
AcDbText
73
0
0
POINT
5
13F
330
1C
100
AcDbEntity
67
0
8
1 - границы Достопримечательного места
62
256
6
ByLayer
370
-1
48
1.0
60
0
100
AcDbPoint
10
1398284.439496
20
359828.783923613
30
0.0
39
0.0
210
0.0
220
0.0
230
1.0
50
360.0
0
TEXT
5
140
330
1C
100
AcDbEntity
67
0
8
1 - границы Достопримечательного места
62
7
6
ByLayer
370
-1
48
1.0
60
0
100
AcDbText
1
143
10
1398284.56862518
20
359829.058368709
30
0.0
40
0.31111111111
41
1.0
50
0.0
51
0.0
7
Standard
11
1398284.56862518
21
359829.058368709
31
0.0
210
0.0
220
0.0
230
1.0
71
0
72
0
100
AcDbText
73
0
0
POINT
5
141
330
1C
100
AcDbEntity
67
0
8
1 - границы Достопримечательного места
62
256
6
ByLayer
370
-1
48
1.0
60
0
100
AcDbPoint
10
1398291.35415817
20
359916.752116151
30
0.0
39
0.0
210
0.0
220
0.0
230
1.0
50
360.0
0
TEXT
5
142
330
1C
100
AcDbEntity
67
0
8
1 - границы Достопримечательного места
62
7
6
ByLayer
370
-1
48
1.0
60
0
100
AcDbText
1
144
10
1398291.48328719
20
359917.026561258
30
0.0
40
0.31111111111
41
1.0
50
0.0
51
0.0
7
Standard
11
1398291.48328719
21
359917.026561258
31
0.0
210
0.0
220
0.0
230
1.0
71
0
72
0
100
AcDbText
73
0
0
POINT
5
143
330
1C
100
AcDbEntity
67
0
8
1 - границы Достопримечательного места
62
256
6
ByLayer
370
-1
48
1.0
60
0
100
AcDbPoint
10
1398282.60722918
20
360009.67516142
30
0.0
39
0.0
210
0.0
220
0.0
230
1.0
50
360.0
0
TEXT
5
144
330
1C
100
AcDbEntity
67
0
8
1 - границы Достопримечательного места
62
7
6
ByLayer
370
-1
48
1.0
60
0
100
AcDbText
1
145
10
1398282.73635803
20
360009.949606502
30
0.0
40
0.31111111111
41
1.0
50
0.0
51
0.0
7
Standard
11
1398282.73635803
21
360009.949606502
31
0.0
210
0.0
220
0.0
230
1.0
71
0
72
0
100
AcDbText
73
0
0
POINT
5
145
330
1C
100
AcDbEntity
67
0
8
1 - границы Достопримечательного места
62
256
6
ByLayer
370
-1
48
1.0
60
0
100
AcDbPoint
10
1398308.35712969
20
360039.405168856
30
0.0
39
0.0
210
0.0
220
0.0
230
1.0
50
360.0
0
TEXT
5
146
330
1C
100
AcDbEntity
67
0
8
1 - границы Достопримечательного места
62
7
6
ByLayer
370
-1
48
1.0
60
0
100
AcDbText
1
146
10
1398308.48625849
20
360039.679613988
30
0.0
40
0.31111111111
41
1.0
50
0.0
51
0.0
7
Standard
11
1398308.48625849
21
360039.679613988
31
0.0
210
0.0
220
0.0
230
1.0
71
0
72
0
100
AcDbText
73
0
0
POINT
5
147
330
1C
100
AcDbEntity
67
0
8
1 - границы Достопримечательного места
62
256
6
ByLayer
370
-1
48
1.0
60
0
100
AcDbPoint
10
1398262.00087263
20
360071.686990949
30
0.0
39
0.0
210
0.0
220
0.0
230
1.0
50
360.0
0
TEXT
5
148
330
1C
100
AcDbEntity
67
0
8
1 - границы Достопримечательного места
62
7
6
ByLayer
370
-1
48
1.0
60
0
100
AcDbText
1
147
10
1398262.13000138
20
360071.961435994
30
0.0
40
0.31111111111
41
1.0
50
0.0
51
0.0
7
Standard
11
1398262.13000138
21
360071.961435994
31
0.0
210
0.0
220
0.0
230
1.0
71
0
72
0
100
AcDbText
73
0
0
POINT
5
149
330
1C
100
AcDbEntity
67
0
8
1 - границы Достопримечательного места
62
256
6
ByLayer
370
-1
48
1.0
60
0
100
AcDbPoint
10
1398231.83641551
20
360080.364102093
30
0.0
39
0.0
210
0.0
220
0.0
230
1.0
50
360.0
0
TEXT
5
14A
330
1C
100
AcDbEntity
67
0
8
1 - границы Достопримечательного места
62
7
6
ByLayer
370
-1
48
1.0
60
0
100
AcDbText
1
148
10
1398231.96554424
20
360080.63854708
30
0.0
40
0.31111111111
41
1.0
50
0.0
51
0.0
7
Standard
11
1398231.96554424
21
360080.63854708
31
0.0
210
0.0
220
0.0
230
1.0
71
0
72
0
100
AcDbText
73
0
0
POINT
5
14B
330
1C
100
AcDbEntity
67
0
8
1 - границы Достопримечательного места
62
256
6
ByLayer
370
-1
48
1.0
60
0
100
AcDbPoint
10
1398180.28221373
20
360088.30122066
30
0.0
39
0.0
210
0.0
220
0.0
230
1.0
50
360.0
0
TEXT
5
14C
330
1C
100
AcDbEntity
67
0
8
1 - границы Достопримечательного места
62
7
6
ByLayer
370
-1
48
1.0
60
0
100
AcDbText
1
149
10
1398180.41134245
20
360088.575665555
30
0.0
40
0.31111111111
41
1.0
50
0.0
51
0.0
7
Standard
11
1398180.41134245
21
360088.575665555
31
0.0
210
0.0
220
0.0
230
1.0
71
0
72
0
100
AcDbText
73
0
0
POINT
5
14D
330
1C
100
AcDbEntity
67
0
8
1 - границы Достопримечательного места
62
256
6
ByLayer
370
-1
48
1.0
60
0
100
AcDbPoint
10
1398140.40801171
20
360085.527187381
30
0.0
39
0.0
210
0.0
220
0.0
230
1.0
50
360.0
0
TEXT
5
14E
330
1C
100
AcDbEntity
67
0
8
1 - границы Достопримечательного места
62
7
6
ByLayer
370
-1
48
1.0
60
0
100
AcDbText
1
150
10
1398140.53714043
20
360085.801632203
30
0.0
40
0.31111111111
41
1.0
50
0.0
51
0.0
7
Standard
11
1398140.53714043
21
360085.801632203
31
0.0
210
0.0
220
0.0
230
1.0
71
0
72
0
100
AcDbText
73
0
0
POINT
5
14F
330
1C
100
AcDbEntity
67
0
8
1 - границы Достопримечательного места
62
256
6
ByLayer
370
-1
48
1.0
60
0
100
AcDbPoint
10
1397967.28003189
20
360068.206227269
30
0.0
39
0.0
210
0.0
220
0.0
230
1.0
50
360.0
0
TEXT
5
150
330
1C
100
AcDbEntity
67
0
8
1 - границы Достопримечательного места
62
7
6
ByLayer
370
-1
48
1.0
60
0
100
AcDbText
1
151
10
1397967.40916065
20
360068.480671777
30
0.0
40
0.31111111111
41
1.0
50
0.0
51
0.0
7
Standard
11
1397967.40916065
21
360068.480671777
31
0.0
210
0.0
220
0.0
230
1.0
71
0
72
0
100
AcDbText
73
0
0
POINT
5
151
330
1C
100
AcDbEntity
67
0
8
1 - границы Достопримечательного места
62
256
6
ByLayer
370
-1
48
1.0
60
0
100
AcDbPoint
10
1397948.50702869
20
360056.051895789
30
0.0
39
0.0
210
0.0
220
0.0
230
1.0
50
360.0
0
TEXT
5
152
330
1C
100
AcDbEntity
67
0
8
1 - границы Достопримечательного места
62
7
6
ByLayer
370
-1
48
1.0
60
0
100
AcDbText
1
152
10
1397948.63615746
20
360056.326340263
30
0.0
40
0.31111111111
41
1.0
50
0.0
51
0.0
7
Standard
11
1397948.63615746
21
360056.326340263
31
0.0
210
0.0
220
0.0
230
1.0
71
0
72
0
100
AcDbText
73
0
0
POINT
5
153
330
1C
100
AcDbEntity
67
0
8
1 - границы Достопримечательного места
62
256
6
ByLayer
370
-1
48
1.0
60
0
100
AcDbPoint
10
1397893.83768569
20
360035.837344531
30
0.0
39
0.0
210
0.0
220
0.0
230
1.0
50
360.0
0
TEXT
5
154
330
1C
100
AcDbEntity
67
0
8
1 - границы Достопримечательного места
62
7
6
ByLayer
370
-1
48
1.0
60
0
100
AcDbText
1
153
10
1397893.96681451
20
360036.111788904
30
0.0
40
0.31111111111
41
1.0
50
0.0
51
0.0
7
Standard
11
1397893.96681451
21
360036.111788904
31
0.0
210
0.0
220
0.0
230
1.0
71
0
72
0
100
AcDbText
73
0
0
POINT
5
155
330
1C
100
AcDbEntity
67
0
8
1 - границы Достопримечательного места
62
256
6
ByLayer
370
-1
48
1.0
60
0
100
AcDbPoint
10
1397874.80605476
20
360031.27235905
30
0.0
39
0.0
210
0.0
220
0.0
230
1.0
50
360.0
0
TEXT
5
156
330
1C
100
AcDbEntity
67
0
8
1 - границы Достопримечательного места
62
7
6
ByLayer
370
-1
48
1.0
60
0
100
AcDbText
1
154
10
1397874.93518359
20
360031.546803392
30
0.0
40
0.31111111111
41
1.0
50
0.0
51
0.0
7
Standard
11
1397874.93518359
21
360031.546803392
31
0.0
210
0.0
220
0.0
230
1.0
71
0
72
0
100
AcDbText
73
0
0
POINT
5
157
330
1C
100
AcDbEntity
67
0
8
1 - границы Достопримечательного места
62
256
6
ByLayer
370
-1
48
1.0
60
0
100
AcDbPoint
10
1397842.594868
20
360027.69487573
30
0.0
39
0.0
210
0.0
220
0.0
230
1.0
50
360.0
0
TEXT
5
158
330
1C
100
AcDbEntity
67
0
8
1 - границы Достопримечательного места
62
7
6
ByLayer
370
-1
48
1.0
60
0
100
AcDbText
1
155
10
1397842.72399683
20
360027.969320011
30
0.0
40
0.31111111111
41
1.0
50
0.0
51
0.0
7
Standard
11
1397842.72399683
21
360027.969320011
31
0.0
210
0.0
220
0.0
230
1.0
71
0
72
0
100
AcDbText
73
0
0
POINT
5
159
330
1C
100
AcDbEntity
67
0
8
1 - границы Достопримечательного места
62
256
6
ByLayer
370
-1
48
1.0
60
0
100
AcDbPoint
10
1397787.08619219
20
360024.263479386
30
0.0
39
0.0
210
0.0
220
0.0
230
1.0
50
360.0
0
TEXT
5
15A
330
1C
100
AcDbEntity
67
0
8
1 - границы Достопримечательного места
62
7
6
ByLayer
370
-1
48
1.0
60
0
100
AcDbText
1
156
10
1397787.21532103
20
360024.537923565
30
0.0
40
0.31111111111
41
1.0
50
0.0
51
0.0
7
Standard
11
1397787.21532103
21
360024.537923565
31
0.0
210
0.0
220
0.0
230
1.0
71
0
72
0
100
AcDbText
73
0
0
POINT
5
15B
330
1C
100
AcDbEntity
67
0
8
1 - границы Достопримечательного места
62
256
6
ByLayer
370
-1
48
1.0
60
0
100
AcDbPoint
10
1397785.68121997
20
360055.534151399
30
0.0
39
0.0
210
0.0
220
0.0
230
1.0
50
360.0
0
TEXT
5
15C
330
1C
100
AcDbEntity
67
0
8
1 - границы Достопримечательного места
62
7
6
ByLayer
370
-1
48
1.0
60
0
100
AcDbText
1
157
10
1397785.81034875
20
360055.808595577
30
0.0
40
0.31111111111
41
1.0
50
0.0
51
0.0
7
Standard
11
1397785.81034875
21
360055.808595577
31
0.0
210
0.0
220
0.0
230
1.0
71
0
72
0
100
AcDbText
73
0
0
POINT
5
15D
330
1C
100
AcDbEntity
67
0
8
1 - границы Достопримечательного места
62
256
6
ByLayer
370
-1
48
1.0
60
0
100
AcDbPoint
10
1397788.36963487
20
360096.603975815
30
0.0
39
0.0
210
0.0
220
0.0
230
1.0
50
360.0
0
TEXT
5
15E
330
1C
100
AcDbEntity
67
0
8
1 - границы Достопримечательного места
62
7
6
ByLayer
370
-1
48
1.0
60
0
100
AcDbText
1
158
10
1397788.49876358
20
360096.878419998
30
0.0
40
0.31111111111
41
1.0
50
0.0
51
0.0
7
Standard
11
1397788.49876358
21
360096.878419998
31
0.0
210
0.0
220
0.0
230
1.0
71
0
72
0
100
AcDbText
73
0
0
POINT
5
15F
330
1C
100
AcDbEntity
67
0
8
1 - границы Достопримечательного места
62
256
6
ByLayer
370
-1
48
1.0
60
0
100
AcDbPoint
10
1397804.44963142
20
360093.183973221
30
0.0
39
0.0
210
0.0
220
0.0
230
1.0
50
360.0
0
TEXT
5
160
330
1C
100
AcDbEntity
67
0
8
1 - границы Достопримечательного места
62
7
6
ByLayer
370
-1
48
1.0
60
0
100
AcDbText
1
159
10
1397804.57876013
20
360093.45841743
30
0.0
40
0.31111111111
41
1.0
50
0.0
51
0.0
7
Standard
11
1397804.57876013
21
360093.45841743
31
0.0
210
0.0
220
0.0
230
1.0
71
0
72
0
100
AcDbText
73
0
0
POINT
5
161
330
1C
100
AcDbEntity
67
0
8
1 - границы Достопримечательного места
62
256
6
ByLayer
370
-1
48
1.0
60
0
100
AcDbPoint
10
1397809.58963501
20
360115.773968289
30
0.0
39
0.0
210
0.0
220
0.0
230
1.0
50
360.0
0
TEXT
5
162
330
1C
100
AcDbEntity
67
0
8
1 - границы Достопримечательного места
62
7
6
ByLayer
370
-1
48
1.0
60
0
100
AcDbText
1
160
10
1397809.71876369
20
360116.048412512
30
0.0
40
0.31111111111
41
1.0
50
0.0
51
0.0
7
Standard
11
1397809.71876369
21
360116.048412512
31
0.0
210
0.0
220
0.0
230
1.0
71
0
72
0
100
AcDbText
73
0
0
POINT
5
163
330
1C
100
AcDbEntity
67
0
8
1 - границы Достопримечательного места
62
256
6
ByLayer
370
-1
48
1.0
60
0
100
AcDbPoint
10
1397800.12963827
20
360123.953968754
30
0.0
39
0.0
210
0.0
220
0.0
230
1.0
50
360.0
0
TEXT
5
164
330
1C
100
AcDbEntity
67
0
8
1 - границы Достопримечательного места
62
7
6
ByLayer
370
-1
48
1.0
60
0
100
AcDbText
1
161
10
1397800.25876693
20
360124.22841296
30
0.0
40
0.31111111111
41
1.0
50
0.0
51
0.0
7
Standard
11
1397800.25876693
21
360124.22841296
31
0.0
210
0.0
220
0.0
230
1.0
71
0
72
0
100
AcDbText
73
0
0
POINT
5
165
330
1C
100
AcDbEntity
67
0
8
1 - границы Достопримечательного места
62
256
6
ByLayer
370
-1
48
1.0
60
0
100
AcDbPoint
10
1397809.03964686
20
360174.993958163
30
0.0
39
0.0
210
0.0
220
0.0
230
1.0
50
360.0
0
TEXT
5
166
330
1C
100
AcDbEntity
67
0
8
1 - границы Достопримечательного места
62
7
6
ByLayer
370
-1
48
1.0
60
0
100
AcDbText
1
162
10
1397809.16877543
20
360175.268402383
30
0.0
40
0.31111111111
41
1.0
50
0.0
51
0.0
7
Standard
11
1397809.16877543
21
360175.268402383
31
0.0
210
0.0
220
0.0
230
1.0
71
0
72
0
100
AcDbText
73
0
0
POINT
5
167
330
1C
100
AcDbEntity
67
0
8
1 - границы Достопримечательного места
62
256
6
ByLayer
370
-1
48
1.0
60
0
100
AcDbPoint
10
1397856.00965607
20
360262.273933754
30
0.0
39
0.0
210
0.0
220
0.0
230
1.0
50
360.0
0
TEXT
5
168
330
1C
100
AcDbEntity
67
0
8
1 - границы Достопримечательного места
62
7
6
ByLayer
370
-1
48
1.0
60
0
100
AcDbText
1
163
10
1397856.13878448
20
360262.548378055
30
0.0
40
0.31111111111
41
1.0
50
0.0
51
0.0
7
Standard
11
1397856.13878448
21
360262.548378055
31
0.0
210
0.0
220
0.0
230
1.0
71
0
72
0
100
AcDbText
73
0
0
POINT
5
169
330
1C
100
AcDbEntity
67
0
8
1 - границы Достопримечательного места
62
256
6
ByLayer
370
-1
48
1.0
60
0
100
AcDbPoint
10
1397886.85758165
20
360320.167285651
30
0.0
39
0.0
210
0.0
220
0.0
230
1.0
50
360.0
0
TEXT
5
16A
330
1C
100
AcDbEntity
67
0
8
1 - границы Достопримечательного места
62
7
6
ByLayer
370
-1
48
1.0
60
0
100
AcDbText
1
164
10
1397886.98670995
20
360320.441730008
30
0.0
40
0.31111111111
41
1.0
50
0.0
51
0.0
7
Standard
11
1397886.98670995
21
360320.441730008
31
0.0
210
0.0
220
0.0
230
1.0
71
0
72
0
100
AcDbText
73
0
0
POINT
5
16B
330
1C
100
AcDbEntity
67
0
8
1 - границы Достопримечательного места
62
256
6
ByLayer
370
-1
48
1.0
60
0
100
AcDbPoint
10
1397891.09489997
20
360383.443249178
30
0.0
39
0.0
210
0.0
220
0.0
230
1.0
50
360.0
0
TEXT
5
16C
330
1C
100
AcDbEntity
67
0
8
1 - границы Достопримечательного места
62
7
6
ByLayer
370
-1
48
1.0
60
0
100
AcDbText
1
165
10
1397891.22402816
20
360383.717693538
30
0.0
40
0.31111111111
41
1.0
50
0.0
51
0.0
7
Standard
11
1397891.22402816
21
360383.717693538
31
0.0
210
0.0
220
0.0
230
1.0
71
0
72
0
100
AcDbText
73
0
0
POINT
5
16D
330
1C
100
AcDbEntity
67
0
8
1 - границы Достопримечательного места
62
256
6
ByLayer
370
-1
48
1.0
60
0
100
AcDbPoint
10
1397858.34255605
20
360465.26829834
30
0.0
39
0.0
210
0.0
220
0.0
230
1.0
50
360.0
0
TEXT
5
16E
330
1C
100
AcDbEntity
67
0
8
1 - границы Достопримечательного места
62
7
6
ByLayer
370
-1
48
1.0
60
0
100
AcDbText
1
166
10
1397858.47168409
20
360465.542742636
30
0.0
40
0.31111111111
41
1.0
50
0.0
51
0.0
7
Standard
11
1397858.47168409
21
360465.542742636
31
0.0
210
0.0
220
0.0
230
1.0
71
0
72
0
100
AcDbText
73
0
0
POINT
5
16F
330
1C
100
AcDbEntity
67
0
8
1 - границы Достопримечательного места
62
256
6
ByLayer
370
-1
48
1.0
60
0
100
AcDbPoint
10
1397783.27728908
20
360491.369056585
30
0.0
39
0.0
210
0.0
220
0.0
230
1.0
50
360.0
0
TEXT
5
170
330
1C
100
AcDbEntity
67
0
8
1 - границы Достопримечательного места
62
7
6
ByLayer
370
-1
48
1.0
60
0
100
AcDbText
1
167
10
1397783.40641707
20
360491.643500747
30
0.0
40
0.31111111111
41
1.0
50
0.0
51
0.0
7
Standard
11
1397783.40641707
21
360491.643500747
31
0.0
210
0.0
220
0.0
230
1.0
71
0
72
0
100
AcDbText
73
0
0
POINT
5
171
330
1C
100
AcDbEntity
67
0
8
1 - границы Достопримечательного места
62
256
6
ByLayer
370
-1
48
1.0
60
0
100
AcDbPoint
10
1397722.95312962
20
360490.826905444
30
0.0
39
0.0
210
0.0
220
0.0
230
1.0
50
360.0
0
TEXT
5
172
330
1C
100
AcDbEntity
67
0
8
1 - границы Достопримечательного места
62
7
6
ByLayer
370
-1
48
1.0
60
0
100
AcDbText
1
168
10
1397723.08225761
20
360491.101349495
30
0.0
40
0.31111111111
41
1.0
50
0.0
51
0.0
7
Standard
11
1397723.08225761
21
360491.101349495
31
0.0
210
0.0
220
0.0
230
1.0
71
0
72
0
100
AcDbText
73
0
0
POINT
5
173
330
1C
100
AcDbEntity
67
0
8
1 - границы Достопримечательного места
62
256
6
ByLayer
370
-1
48
1.0
60
0
100
AcDbPoint
10
1397620.11817792
20
360477.077360294
30
0.0
39
0.0
210
0.0
220
0.0
230
1.0
50
360.0
0
TEXT
5
174
330
1C
100
AcDbEntity
67
0
8
1 - границы Достопримечательного места
62
7
6
ByLayer
370
-1
48
1.0
60
0
100
AcDbText
1
169
10
1397620.24730595
20
360477.351804162
30
0.0
40
0.31111111111
41
1.0
50
0.0
51
0.0
7
Standard
11
1397620.24730595
21
360477.351804162
31
0.0
210
0.0
220
0.0
230
1.0
71
0
72
0
100
AcDbText
73
0
0
POINT
5
175
330
1C
100
AcDbEntity
67
0
8
1 - границы Достопримечательного места
62
256
6
ByLayer
370
-1
48
1.0
60
0
100
AcDbPoint
10
1397509.36467036
20
360417.110802698
30
0.0
39
0.0
210
0.0
220
0.0
230
1.0
50
360.0
0
TEXT
5
176
330
1C
100
AcDbEntity
67
0
8
1 - границы Достопримечательного места
62
7
6
ByLayer
370
-1
48
1.0
60
0
100
AcDbText
1
170
10
1397509.49379849
20
360417.385246363
30
0.0
40
0.31111111111
41
1.0
50
0.0
51
0.0
7
Standard
11
1397509.49379849
21
360417.385246363
31
0.0
210
0.0
220
0.0
230
1.0
71
0
72
0
100
AcDbText
73
0
0
POINT
5
177
330
1C
100
AcDbEntity
67
0
8
1 - границы Достопримечательного места
62
256
6
ByLayer
370
-1
48
1.0
60
0
100
AcDbPoint
10
1397489.18388118
20
360378.325086736
30
0.0
39
0.0
210
0.0
220
0.0
230
1.0
50
360.0
0
TEXT
5
178
330
1C
100
AcDbEntity
67
0
8
1 - границы Достопримечательного места
62
7
6
ByLayer
370
-1
48
1.0
60
0
100
AcDbText
1
171
10
1397489.31300939
20
360378.599530363
30
0.0
40
0.31111111111
41
1.0
50
0.0
51
0.0
7
Standard
11
1397489.31300939
21
360378.599530363
31
0.0
210
0.0
220
0.0
230
1.0
71
0
72
0
100
AcDbText
73
0
0
POINT
5
179
330
1C
100
AcDbEntity
67
0
8
1 - границы Достопримечательного места
62
256
6
ByLayer
370
-1
48
1.0
60
0
100
AcDbPoint
10
1397490.84350669
20
360342.579941346
30
0.0
39
0.0
210
0.0
220
0.0
230
1.0
50
360.0
0
TEXT
5
17A
330
1C
100
AcDbEntity
67
0
8
1 - границы Достопримечательного места
62
7
6
ByLayer
370
-1
48
1.0
60
0
100
AcDbText
1
172
10
1397490.97263497
20
360342.854384979
30
0.0
40
0.31111111111
41
1.0
50
0.0
51
0.0
7
Standard
11
1397490.97263497
21
360342.854384979
31
0.0
210
0.0
220
0.0
230
1.0
71
0
72
0
100
AcDbText
73
0
0
POINT
5
17B
330
1C
100
AcDbEntity
67
0
8
1 - границы Достопримечательного места
62
256
6
ByLayer
370
-1
48
1.0
60
0
100
AcDbPoint
10
1397400.24131686
20
360264.321575286
30
0.0
39
0.0
210
0.0
220
0.0
230
1.0
50
360.0
0
TEXT
5
17C
330
1C
100
AcDbEntity
67
0
8
1 - границы Достопримечательного места
62
7
6
ByLayer
370
-1
48
1.0
60
0
100
AcDbText
1
173
10
1397400.37044528
20
360264.596018754
30
0.0
40
0.31111111111
41
1.0
50
0.0
51
0.0
7
Standard
11
1397400.37044528
21
360264.596018754
31
0.0
210
0.0
220
0.0
230
1.0
71
0
72
0
100
AcDbText
73
0
0
POINT
5
17D
330
1C
100
AcDbEntity
67
0
8
1 - границы Достопримечательного места
62
256
6
ByLayer
370
-1
48
1.0
60
0
100
AcDbPoint
10
1397379.12973536
20
360246.644031149
30
0.0
39
0.0
210
0.0
220
0.0
230
1.0
50
360.0
0
TEXT
5
17E
330
1C
100
AcDbEntity
67
0
8
1 - границы Достопримечательного места
62
7
6
ByLayer
370
-1
48
1.0
60
0
100
AcDbText
1
174
10
1397379.25886381
20
360246.91847458
30
0.0
40
0.31111111111
41
1.0
50
0.0
51
0.0
7
Standard
11
1397379.25886381
21
360246.91847458
31
0.0
210
0.0
220
0.0
230
1.0
71
0
72
0
100
AcDbText
73
0
0
POINT
5
17F
330
1C
100
AcDbEntity
67
0
8
1 - границы Достопримечательного места
62
256
6
ByLayer
370
-1
48
1.0
60
0
100
AcDbPoint
10
1397358.08973497
20
360226.374038829
30
0.0
39
0.0
210
0.0
220
0.0
230
1.0
50
360.0
0
TEXT
5
180
330
1C
100
AcDbEntity
67
0
8
1 - границы Достопримечательного места
62
7
6
ByLayer
370
-1
48
1.0
60
0
100
AcDbText
1
175
10
1397358.21886346
20
360226.648482224
30
0.0
40
0.31111111111
41
1.0
50
0.0
51
0.0
7
Standard
11
1397358.21886346
21
360226.648482224
31
0.0
210
0.0
220
0.0
230
1.0
71
0
72
0
100
AcDbText
73
0
0
POINT
5
181
330
1C
100
AcDbEntity
67
0
8
1 - границы Достопримечательного места
62
256
6
ByLayer
370
-1
48
1.0
60
0
100
AcDbPoint
10
1397348.14973432
20
360214.454042863
30
0.0
39
0.0
210
0.0
220
0.0
230
1.0
50
360.0
0
TEXT
5
182
330
1C
100
AcDbEntity
67
0
8
1 - границы Достопримечательного места
62
7
6
ByLayer
370
-1
48
1.0
60
0
100
AcDbText
1
176
10
1397348.27886283
20
360214.728486242
30
0.0
40
0.31111111111
41
1.0
50
0.0
51
0.0
7
Standard
11
1397348.27886283
21
360214.728486242
31
0.0
210
0.0
220
0.0
230
1.0
71
0
72
0
100
AcDbText
73
0
0
POINT
5
183
330
1C
100
AcDbEntity
67
0
8
1 - границы Достопримечательного места
62
256
6
ByLayer
370
-1
48
1.0
60
0
100
AcDbPoint
10
1397341.04921373
20
360202.876758412
30
0.0
39
0.0
210
0.0
220
0.0
230
1.0
50
360.0
0
TEXT
5
184
330
1C
100
AcDbEntity
67
0
8
1 - границы Достопримечательного места
62
7
6
ByLayer
370
-1
48
1.0
60
0
100
AcDbText
1
177
10
1397341.17834226
20
360203.151201778
30
0.0
40
0.31111111111
41
1.0
50
0.0
51
0.0
7
Standard
11
1397341.17834226
21
360203.151201778
31
0.0
210
0.0
220
0.0
230
1.0
71
0
72
0
100
AcDbText
73
0
0
POINT
5
185
330
1C
100
AcDbEntity
67
0
8
1 - границы Достопримечательного места
62
256
6
ByLayer
370
-1
48
1.0
60
0
100
AcDbPoint
10
1397329.9397301
20
360177.284052902
30
0.0
39
0.0
210
0.0
220
0.0
230
1.0
50
360.0
0
TEXT
5
186
330
1C
100
AcDbEntity
67
0
8
1 - границы Достопримечательного места
62
7
6
ByLayer
370
-1
48
1.0
60
0
100
AcDbText
1
178
10
1397330.06885867
20
360177.558496245
30
0.0
40
0.31111111111
41
1.0
50
0.0
51
0.0
7
Standard
11
1397330.06885867
21
360177.558496245
31
0.0
210
0.0
220
0.0
230
1.0
71
0
72
0
100
AcDbText
73
0
0
POINT
5
187
330
1C
100
AcDbEntity
67
0
8
1 - границы Достопримечательного места
62
256
6
ByLayer
370
-1
48
1.0
60
0
100
AcDbPoint
10
1397324.03972992
20
360171.284055112
30
0.0
39
0.0
210
0.0
220
0.0
230
1.0
50
360.0
0
TEXT
5
188
330
1C
100
AcDbEntity
67
0
8
1 - границы Достопримечательного места
62
7
6
ByLayer
370
-1
48
1.0
60
0
100
AcDbText
1
179
10
1397324.16885851
20
360171.558498446
30
0.0
40
0.31111111111
41
1.0
50
0.0
51
0.0
7
Standard
11
1397324.16885851
21
360171.558498446
31
0.0
210
0.0
220
0.0
230
1.0
71
0
72
0
100
AcDbText
73
0
0
POINT
5
189
330
1C
100
AcDbEntity
67
0
8
1 - границы Достопримечательного места
62
256
6
ByLayer
370
-1
48
1.0
60
0
100
AcDbPoint
10
1397326.25972356
20
360141.104059888
30
0.0
39
0.0
210
0.0
220
0.0
230
1.0
50
360.0
0
TEXT
5
18A
330
1C
100
AcDbEntity
67
0
8
1 - границы Достопримечательного места
62
7
6
ByLayer
370
-1
48
1.0
60
0
100
AcDbText
1
180
10
1397326.3888522
20
360141.378503225
30
0.0
40
0.31111111111
41
1.0
50
0.0
51
0.0
7
Standard
11
1397326.3888522
21
360141.378503225
31
0.0
210
0.0
220
0.0
230
1.0
71
0
72
0
100
AcDbText
73
0
0
POINT
5
18B
330
1C
100
AcDbEntity
67
0
8
1 - границы Достопримечательного места
62
256
6
ByLayer
370
-1
48
1.0
60
0
100
AcDbPoint
10
1397345.74971961
20
360138.224056507
30
0.0
39
0.0
210
0.0
220
0.0
230
1.0
50
360.0
0
TEXT
5
18C
330
1C
100
AcDbEntity
67
0
8
1 - границы Достопримечательного места
62
7
6
ByLayer
370
-1
48
1.0
60
0
100
AcDbText
1
181
10
1397345.87884826
20
360138.498499881
30
0.0
40
0.31111111111
41
1.0
50
0.0
51
0.0
7
Standard
11
1397345.87884826
21
360138.498499881
31
0.0
210
0.0
220
0.0
230
1.0
71
0
72
0
100
AcDbText
73
0
0
POINT
5
18D
330
1C
100
AcDbEntity
67
0
8
1 - границы Достопримечательного места
62
256
6
ByLayer
370
-1
48
1.0
60
0
100
AcDbPoint
10
1397386.17971007
20
360125.324050716
30
0.0
39
0.0
210
0.0
220
0.0
230
1.0
50
360.0
0
TEXT
5
18E
330
1C
100
AcDbEntity
67
0
8
1 - границы Достопримечательного места
62
7
6
ByLayer
370
-1
48
1.0
60
0
100
AcDbText
1
182
10
1397386.30883874
20
360125.598494164
30
0.0
40
0.31111111111
41
1.0
50
0.0
51
0.0
7
Standard
11
1397386.30883874
21
360125.598494164
31
0.0
210
0.0
220
0.0
230
1.0
71
0
72
0
100
AcDbText
73
0
0
POINT
5
18F
330
1C
100
AcDbEntity
67
0
8
1 - границы Достопримечательного места
62
256
6
ByLayer
370
-1
48
1.0
60
0
100
AcDbPoint
10
1397383.18970854
20
360114.994053089
30
0.0
39
0.0
210
0.0
220
0.0
230
1.0
50
360.0
0
TEXT
5
190
330
1C
100
AcDbEntity
67
0
8
1 - границы Достопримечательного места
62
7
6
ByLayer
370
-1
48
1.0
60
0
100
AcDbText
1
183
10
1397383.31883722
20
360115.268496531
30
0.0
40
0.31111111111
41
1.0
50
0.0
51
0.0
7
Standard
11
1397383.31883722
21
360115.268496531
31
0.0
210
0.0
220
0.0
230
1.0
71
0
72
0
100
AcDbText
73
0
0
POINT
5
191
330
1C
100
AcDbEntity
67
0
8
1 - границы Достопримечательного места
62
256
6
ByLayer
370
-1
48
1.0
60
0
100
AcDbPoint
10
1397380.47970867
20
360113.354053922
30
0.0
39
0.0
210
0.0
220
0.0
230
1.0
50
360.0
0
TEXT
5
192
330
1C
100
AcDbEntity
67
0
8
1 - границы Достопримечательного места
62
7
6
ByLayer
370
-1
48
1.0
60
0
100
AcDbText
1
184
10
1397380.60883736
20
360113.628497355
30
0.0
40
0.31111111111
41
1.0
50
0.0
51
0.0
7
Standard
11
1397380.60883736
21
360113.628497355
31
0.0
210
0.0
220
0.0
230
1.0
71
0
72
0
100
AcDbText
73
0
0
POINT
5
193
330
1C
100
AcDbEntity
67
0
8
1 - границы Достопримечательного места
62
256
6
ByLayer
370
-1
48
1.0
60
0
100
AcDbPoint
10
1397369.35970573
20
360088.834060363
30
0.0
39
0.0
210
0.0
220
0.0
230
1.0
50
360.0
0
TEXT
5
194
330
1C
100
AcDbEntity
67
0
8
1 - границы Достопримечательного места
62
7
6
ByLayer
370
-1
48
1.0
60
0
100
AcDbText
1
185
10
1397369.48883447
20
360089.10850378
30
0.0
40
0.31111111111
41
1.0
50
0.0
51
0.0
7
Standard
11
1397369.48883447
21
360089.10850378
31
0.0
210
0.0
220
0.0
230
1.0
71
0
72
0
100
AcDbText
73
0
0
POINT
5
195
330
1C
100
AcDbEntity
67
0
8
1 - границы Достопримечательного места
62
256
6
ByLayer
370
-1
48
1.0
60
0
100
AcDbPoint
10
1397366.09970388
20
360076.684063106
30
0.0
39
0.0
210
0.0
220
0.0
230
1.0
50
360.0
0
TEXT
5
196
330
1C
100
AcDbEntity
67
0
8
1 - границы Достопримечательного места
62
7
6
ByLayer
370
-1
48
1.0
60
0
100
AcDbText
1
186
10
1397366.22883264
20
360076.958506519
30
0.0
40
0.31111111111
41
1.0
50
0.0
51
0.0
7
Standard
11
1397366.22883264
21
360076.958506519
31
0.0
210
0.0
220
0.0
230
1.0
71
0
72
0
100
AcDbText
73
0
0
POINT
5
197
330
1C
100
AcDbEntity
67
0
8
1 - границы Достопримечательного места
62
256
6
ByLayer
370
-1
48
1.0
60
0
100
AcDbPoint
10
1397159.76969242
20
360158.084723383
30
0.0
39
0.0
210
0.0
220
0.0
230
1.0
50
360.0
0
TEXT
5
198
330
1C
100
AcDbEntity
67
0
8
1 - границы Достопримечательного места
62
7
6
ByLayer
370
-1
48
1.0
60
0
100
AcDbText
1
187
10
1397159.89882104
20
360158.359166419
30
0.0
40
0.31111111111
41
1.0
50
0.0
51
0.0
7
Standard
11
1397159.89882104
21
360158.359166419
31
0.0
210
0.0
220
0.0
230
1.0
71
0
72
0
100
AcDbText
73
0
0
POINT
5
199
330
1C
100
AcDbEntity
67
0
8
1 - границы Достопримечательного места
62
256
6
ByLayer
370
-1
48
1.0
60
0
100
AcDbPoint
10
1397115.83970294
20
360172.944729818
30
0.0
39
0.0
210
0.0
220
0.0
230
1.0
50
360.0
0
TEXT
5
19A
330
1C
100
AcDbEntity
67
0
8
1 - границы Достопримечательного места
62
7
6
ByLayer
370
-1
48
1.0
60
0
100
AcDbText
1
188
10
1397115.96883153
20
360173.219172773
30
0.0
40
0.31111111111
41
1.0
50
0.0
51
0.0
7
Standard
11
1397115.96883153
21
360173.219172773
31
0.0
210
0.0
220
0.0
230
1.0
71
0
72
0
100
AcDbText
73
0
0
POINT
5
19B
330
1C
100
AcDbEntity
67
0
8
1 - границы Достопримечательного места
62
256
6
ByLayer
370
-1
48
1.0
60
0
100
AcDbPoint
10
1397069.31000854
20
360185.284689342
30
0.0
39
0.0
210
0.0
220
0.0
230
1.0
50
360.0
0
TEXT
5
19C
330
1C
100
AcDbEntity
67
0
8
1 - границы Достопримечательного места
62
7
6
ByLayer
370
-1
48
1.0
60
0
100
AcDbText
1
189
10
1397069.43913711
20
360185.559132207
30
0.0
40
0.31111111111
41
1.0
50
0.0
51
0.0
7
Standard
11
1397069.43913711
21
360185.559132207
31
0.0
210
0.0
220
0.0
230
1.0
71
0
72
0
100
AcDbText
73
0
0
POINT
5
19D
330
1C
100
AcDbEntity
67
0
8
1 - границы Достопримечательного места
62
256
6
ByLayer
370
-1
48
1.0
60
0
100
AcDbPoint
10
1397047.05971794
20
360188.90474129
30
0.0
39
0.0
210
0.0
220
0.0
230
1.0
50
360.0
0
TEXT
5
19E
330
1C
100
AcDbEntity
67
0
8
1 - границы Достопримечательного места
62
7
6
ByLayer
370
-1
48
1.0
60
0
100
AcDbText
1
190
10
1397047.1888465
20
360189.179184119
30
0.0
40
0.31111111111
41
1.0
50
0.0
51
0.0
7
Standard
11
1397047.1888465
21
360189.179184119
31
0.0
210
0.0
220
0.0
230
1.0
71
0
72
0
100
AcDbText
73
0
0
POINT
5
19F
330
1C
100
AcDbEntity
67
0
8
1 - границы Достопримечательного места
62
256
6
ByLayer
370
-1
48
1.0
60
0
100
AcDbPoint
10
1397028.19972187
20
360192.17474464
30
0.0
39
0.0
210
0.0
220
0.0
230
1.0
50
360.0
0
TEXT
5
1A0
330
1C
100
AcDbEntity
67
0
8
1 - границы Достопримечательного места
62
7
6
ByLayer
370
-1
48
1.0
60
0
100
AcDbText
1
191
10
1397028.32885043
20
360192.449187434
30
0.0
40
0.31111111111
41
1.0
50
0.0
51
0.0
7
Standard
11
1397028.32885043
21
360192.449187434
31
0.0
210
0.0
220
0.0
230
1.0
71
0
72
0
100
AcDbText
73
0
0
POINT
5
1A1
330
1C
100
AcDbEntity
67
0
8
1 - границы Достопримечательного места
62
256
6
ByLayer
370
-1
48
1.0
60
0
100
AcDbPoint
10
1397017.70972404
20
360194.094746486
30
0.0
39
0.0
210
0.0
220
0.0
230
1.0
50
360.0
0
TEXT
5
1A2
330
1C
100
AcDbEntity
67
0
8
1 - границы Достопримечательного места
62
7
6
ByLayer
370
-1
48
1.0
60
0
100
AcDbText
1
192
10
1397017.8388526
20
360194.369189258
30
0.0
40
0.31111111111
41
1.0
50
0.0
51
0.0
7
Standard
11
1397017.8388526
21
360194.369189258
31
0.0
210
0.0
220
0.0
230
1.0
71
0
72
0
100
AcDbText
73
0
0
POINT
5
1A3
330
1C
100
AcDbEntity
67
0
8
1 - границы Достопримечательного места
62
256
6
ByLayer
370
-1
48
1.0
60
0
100
AcDbPoint
10
1397003.38972964
20
360209.844746773
30
0.0
39
0.0
210
0.0
220
0.0
230
1.0
50
360.0
0
TEXT
5
1A4
330
1C
100
AcDbEntity
67
0
8
1 - границы Достопримечательного места
62
7
6
ByLayer
370
-1
48
1.0
60
0
100
AcDbText
1
193
10
1397003.51885817
20
360210.11918952
30
0.0
40
0.31111111111
41
1.0
50
0.0
51
0.0
7
Standard
11
1397003.51885817
21
360210.11918952
31
0.0
210
0.0
220
0.0
230
1.0
71
0
72
0
100
AcDbText
73
0
0
POINT
5
1A5
330
1C
100
AcDbEntity
67
0
8
1 - границы Достопримечательного места
62
256
6
ByLayer
370
-1
48
1.0
60
0
100
AcDbPoint
10
1396978.04979885
20
360217.354115853
30
0.0
39
0.0
210
0.0
220
0.0
230
1.0
50
360.0
0
TEXT
5
1A6
330
1C
100
AcDbEntity
67
0
8
1 - границы Достопримечательного места
62
7
6
ByLayer
370
-1
48
1.0
60
0
100
AcDbText
1
194
10
1396978.17892736
20
360217.628558551
30
0.0
40
0.31111111111
41
1.0
50
0.0
51
0.0
7
Standard
11
1396978.17892736
21
360217.628558551
31
0.0
210
0.0
220
0.0
230
1.0
71
0
72
0
100
AcDbText
73
0
0
POINT
5
1A7
330
1C
100
AcDbEntity
67
0
8
1 - границы Достопримечательного места
62
256
6
ByLayer
370
-1
48
1.0
60
0
100
AcDbPoint
10
1396966.65973812
20
360220.614752462
30
0.0
39
0.0
210
0.0
220
0.0
230
1.0
50
360.0
0
TEXT
5
1A8
330
1C
100
AcDbEntity
67
0
8
1 - границы Достопримечательного места
62
7
6
ByLayer
370
-1
48
1.0
60
0
100
AcDbText
1
195
10
1396966.78886663
20
360220.889195141
30
0.0
40
0.31111111111
41
1.0
50
0.0
51
0.0
7
Standard
11
1396966.78886663
21
360220.889195141
31
0.0
210
0.0
220
0.0
230
1.0
71
0
72
0
100
AcDbText
73
0
0
POINT
5
1A9
330
1C
100
AcDbEntity
67
0
8
1 - границы Достопримечательного места
62
256
6
ByLayer
370
-1
48
1.0
60
0
100
AcDbPoint
10
1396942.56974164
20
360217.674757922
30
0.0
39
0.0
210
0.0
220
0.0
230
1.0
50
360.0
0
TEXT
5
1AA
330
1C
100
AcDbEntity
67
0
8
1 - границы Достопримечательного места
62
7
6
ByLayer
370
-1
48
1.0
60
0
100
AcDbText
1
196
10
1396942.69887016
20
360217.949200559
30
0.0
40
0.31111111111
41
1.0
50
0.0
51
0.0
7
Standard
11
1396942.69887016
21
360217.949200559
31
0.0
210
0.0
220
0.0
230
1.0
71
0
72
0
100
AcDbText
73
0
0
POINT
5
1AB
330
1C
100
AcDbEntity
67
0
8
1 - границы Достопримечательного места
62
256
6
ByLayer
370
-1
48
1.0
60
0
100
AcDbPoint
10
1396879.70974844
20
360196.934774549
30
0.0
39
0.0
210
0.0
220
0.0
230
1.0
50
360.0
0
TEXT
5
1AC
330
1C
100
AcDbEntity
67
0
8
1 - границы Достопримечательного места
62
7
6
ByLayer
370
-1
48
1.0
60
0
100
AcDbText
1
197
10
1396879.83887699
20
360197.209217072
30
0.0
40
0.31111111111
41
1.0
50
0.0
51
0.0
7
Standard
11
1396879.83887699
21
360197.209217072
31
0.0
210
0.0
220
0.0
230
1.0
71
0
72
0
100
AcDbText
73
0
0
POINT
5
1AD
330
1C
100
AcDbEntity
67
0
8
1 - границы Достопримечательного места
62
256
6
ByLayer
370
-1
48
1.0
60
0
100
AcDbPoint
10
1396852.90975295
20
360196.734780108
30
0.0
39
0.0
210
0.0
220
0.0
230
1.0
50
360.0
0
TEXT
5
1AE
330
1C
100
AcDbEntity
67
0
8
1 - границы Достопримечательного места
62
7
6
ByLayer
370
-1
48
1.0
60
0
100
AcDbText
1
198
10
1396853.0388815
20
360197.009222582
30
0.0
40
0.31111111111
41
1.0
50
0.0
51
0.0
7
Standard
11
1396853.0388815
21
360197.009222582
31
0.0
210
0.0
220
0.0
230
1.0
71
0
72
0
100
AcDbText
73
0
0
POINT
5
1AF
330
1C
100
AcDbEntity
67
0
8
1 - границы Достопримечательного места
62
256
6
ByLayer
370
-1
48
1.0
60
0
100
AcDbPoint
10
1396811.71976281
20
360210.264786279
30
0.0
39
0.0
210
0.0
220
0.0
230
1.0
50
360.0
0
TEXT
5
1B0
330
1C
100
AcDbEntity
67
0
8
1 - границы Достопримечательного места
62
7
6
ByLayer
370
-1
48
1.0
60
0
100
AcDbText
1
199
10
1396811.84889134
20
360210.539228675
30
0.0
40
0.31111111111
41
1.0
50
0.0
51
0.0
7
Standard
11
1396811.84889134
21
360210.539228675
31
0.0
210
0.0
220
0.0
230
1.0
71
0
72
0
100
AcDbText
73
0
0
POINT
5
1B1
330
1C
100
AcDbEntity
67
0
8
1 - границы Достопримечательного места
62
256
6
ByLayer
370
-1
48
1.0
60
0
100
AcDbPoint
10
1396787.39977173
20
360234.154787194
30
0.0
39
0.0
210
0.0
220
0.0
230
1.0
50
360.0
0
TEXT
5
1B2
330
1C
100
AcDbEntity
67
0
8
1 - границы Достопримечательного места
62
7
6
ByLayer
370
-1
48
1.0
60
0
100
AcDbText
1
200
10
1396787.52890021
20
360234.429229545
30
0.0
40
0.31111111111
41
1.0
50
0.0
51
0.0
7
Standard
11
1396787.52890021
21
360234.429229545
31
0.0
210
0.0
220
0.0
230
1.0
71
0
72
0
100
AcDbText
73
0
0
POINT
5
1B3
330
1C
100
AcDbEntity
67
0
8
1 - границы Достопримечательного места
62
256
6
ByLayer
370
-1
48
1.0
60
0
100
AcDbPoint
10
1396777.10977597
20
360246.674787111
30
0.0
39
0.0
210
0.0
220
0.0
230
1.0
50
360.0
0
TEXT
5
1B4
330
1C
100
AcDbEntity
67
0
8
1 - границы Достопримечательного места
62
7
6
ByLayer
370
-1
48
1.0
60
0
100
AcDbText
1
201
10
1396777.23890444
20
360246.949229447
30
0.0
40
0.31111111111
41
1.0
50
0.0
51
0.0
7
Standard
11
1396777.23890444
21
360246.949229447
31
0.0
210
0.0
220
0.0
230
1.0
71
0
72
0
100
AcDbText
73
0
0
POINT
5
1B5
330
1C
100
AcDbEntity
67
0
8
1 - границы Достопримечательного места
62
256
6
ByLayer
370
-1
48
1.0
60
0
100
AcDbPoint
10
1396760.77978344
20
360270.124786473
30
0.0
39
0.0
210
0.0
220
0.0
230
1.0
50
360.0
0
TEXT
5
1B6
330
1C
100
AcDbEntity
67
0
8
1 - границы Достопримечательного места
62
7
6
ByLayer
370
-1
48
1.0
60
0
100
AcDbText
1
202
10
1396760.90891187
20
360270.399228777
30
0.0
40
0.31111111111
41
1.0
50
0.0
51
0.0
7
Standard
11
1396760.90891187
21
360270.399228777
31
0.0
210
0.0
220
0.0
230
1.0
71
0
72
0
100
AcDbText
73
0
0
POINT
5
1B7
330
1C
100
AcDbEntity
67
0
8
1 - границы Достопримечательного места
62
256
6
ByLayer
370
-1
48
1.0
60
0
100
AcDbPoint
10
1396718.00978613
20
360246.584799389
30
0.0
39
0.0
210
0.0
220
0.0
230
1.0
50
360.0
0
TEXT
5
1B8
330
1C
100
AcDbEntity
67
0
8
1 - границы Достопримечательного места
62
7
6
ByLayer
370
-1
48
1.0
60
0
100
AcDbText
1
203
10
1396718.1389146
20
360246.859241615
30
0.0
40
0.31111111111
41
1.0
50
0.0
51
0.0
7
Standard
11
1396718.1389146
21
360246.859241615
31
0.0
210
0.0
220
0.0
230
1.0
71
0
72
0
100
AcDbText
73
0
0
POINT
5
1B9
330
1C
100
AcDbEntity
67
0
8
1 - границы Достопримечательного места
62
256
6
ByLayer
370
-1
48
1.0
60
0
100
AcDbPoint
10
1396696.60962814
20
360237.214070534
30
0.0
39
0.0
210
0.0
220
0.0
230
1.0
50
360.0
0
TEXT
5
1BA
330
1C
100
AcDbEntity
67
0
8
1 - границы Достопримечательного места
62
7
6
ByLayer
370
-1
48
1.0
60
0
100
AcDbText
1
204
10
1396696.73875662
20
360237.488512721
30
0.0
40
0.31111111111
41
1.0
50
0.0
51
0.0
7
Standard
11
1396696.73875662
21
360237.488512721
31
0.0
210
0.0
220
0.0
230
1.0
71
0
72
0
100
AcDbText
73
0
0
POINT
5
1BB
330
1C
100
AcDbEntity
67
0
8
1 - границы Достопримечательного места
62
256
6
ByLayer
370
-1
48
1.0
60
0
100
AcDbPoint
10
1396644.1298644
20
360256.934175309
30
0.0
39
0.0
210
0.0
220
0.0
230
1.0
50
360.0
0
TEXT
5
1BC
330
1C
100
AcDbEntity
67
0
8
1 - границы Достопримечательного места
62
7
6
ByLayer
370
-1
48
1.0
60
0
100
AcDbText
1
205
10
1396644.25899284
20
360257.208617403
30
0.0
40
0.31111111111
41
1.0
50
0.0
51
0.0
7
Standard
11
1396644.25899284
21
360257.208617403
31
0.0
210
0.0
220
0.0
230
1.0
71
0
72
0
100
AcDbText
73
0
0
POINT
5
1BD
330
1C
100
AcDbEntity
67
0
8
1 - границы Достопримечательного места
62
256
6
ByLayer
370
-1
48
1.0
60
0
100
AcDbPoint
10
1396544.83986865
20
360191.974206258
30
0.0
39
0.0
210
0.0
220
0.0
230
1.0
50
360.0
0
TEXT
5
1BE
330
1C
100
AcDbEntity
67
0
8
1 - границы Достопримечательного места
62
7
6
ByLayer
370
-1
48
1.0
60
0
100
AcDbText
1
206
10
1396544.96899723
20
360192.248648168
30
0.0
40
0.31111111111
41
1.0
50
0.0
51
0.0
7
Standard
11
1396544.96899723
21
360192.248648168
31
0.0
210
0.0
220
0.0
230
1.0
71
0
72
0
100
AcDbText
73
0
0
POINT
5
1BF
330
1C
100
AcDbEntity
67
0
8
1 - границы Достопримечательного места
62
256
6
ByLayer
370
-1
48
1.0
60
0
100
AcDbPoint
10
1396487.54987237
20
360160.824223009
30
0.0
39
0.0
210
0.0
220
0.0
230
1.0
50
360.0
0
TEXT
5
1C0
330
1C
100
AcDbEntity
67
0
8
1 - границы Достопримечательного места
62
7
6
ByLayer
370
-1
48
1.0
60
0
100
AcDbText
1
207
10
1396487.679001
20
360161.098664814
30
0.0
40
0.31111111111
41
1.0
50
0.0
51
0.0
7
Standard
11
1396487.679001
21
360161.098664814
31
0.0
210
0.0
220
0.0
230
1.0
71
0
72
0
100
AcDbText
73
0
0
POINT
5
1C1
330
1C
100
AcDbEntity
67
0
8
1 - границы Достопримечательного места
62
256
6
ByLayer
370
-1
48
1.0
60
0
100
AcDbPoint
10
1396459.28584601
20
360222.585895724
30
0.0
39
0.0
210
0.0
220
0.0
230
1.0
50
360.0
0
TEXT
5
1C2
330
1C
100
AcDbEntity
67
0
8
1 - границы Достопримечательного места
62
7
6
ByLayer
370
-1
48
1.0
60
0
100
AcDbText
1
208
10
1396459.41497452
20
360222.860337476
30
0.0
40
0.31111111111
41
1.0
50
0.0
51
0.0
7
Standard
11
1396459.41497452
21
360222.860337476
31
0.0
210
0.0
220
0.0
230
1.0
71
0
72
0
100
AcDbText
73
0
0
POINT
5
1C3
330
1C
100
AcDbEntity
67
0
8
1 - границы Достопримечательного места
62
256
6
ByLayer
370
-1
48
1.0
60
0
100
AcDbPoint
10
1396403.22991647
20
360309.604214045
30
0.0
39
0.0
210
0.0
220
0.0
230
1.0
50
360.0
0
TEXT
5
1C4
330
1C
100
AcDbEntity
67
0
8
1 - границы Достопримечательного места
62
7
6
ByLayer
370
-1
48
1.0
60
0
100
AcDbText
1
209
10
1396403.35904483
20
360309.878655696
30
0.0
40
0.31111111111
41
1.0
50
0.0
51
0.0
7
Standard
11
1396403.35904483
21
360309.878655696
31
0.0
210
0.0
220
0.0
230
1.0
71
0
72
0
100
AcDbText
73
0
0
POINT
5
1C5
330
1C
100
AcDbEntity
67
0
8
1 - границы Достопримечательного места
62
256
6
ByLayer
370
-1
48
1.0
60
0
100
AcDbPoint
10
1396372.78993157
20
360359.154211518
30
0.0
39
0.0
210
0.0
220
0.0
230
1.0
50
360.0
0
TEXT
5
1C6
330
1C
100
AcDbEntity
67
0
8
1 - границы Достопримечательного места
62
7
6
ByLayer
370
-1
48
1.0
60
0
100
AcDbText
1
210
10
1396372.91905984
20
360359.42865311
30
0.0
40
0.31111111111
41
1.0
50
0.0
51
0.0
7
Standard
11
1396372.91905984
21
360359.42865311
31
0.0
210
0.0
220
0.0
230
1.0
71
0
72
0
100
AcDbText
73
0
0
POINT
5
1C7
330
1C
100
AcDbEntity
67
0
8
1 - границы Достопримечательного места
62
256
6
ByLayer
370
-1
48
1.0
60
0
100
AcDbPoint
10
1396325.98958193
20
360403.38446888
30
0.0
39
0.0
210
0.0
220
0.0
230
1.0
50
360.0
0
TEXT
5
1C8
330
1C
100
AcDbEntity
67
0
8
1 - границы Достопримечательного места
62
7
6
ByLayer
370
-1
48
1.0
60
0
100
AcDbText
1
211
10
1396326.11871012
20
360403.658910383
30
0.0
40
0.31111111111
41
1.0
50
0.0
51
0.0
7
Standard
11
1396326.11871012
21
360403.658910383
31
0.0
210
0.0
220
0.0
230
1.0
71
0
72
0
100
AcDbText
73
0
0
POINT
5
1C9
330
1C
100
AcDbEntity
67
0
8
1 - границы Достопримечательного места
62
256
6
ByLayer
370
-1
48
1.0
60
0
100
AcDbPoint
10
1396368.11988831
20
360457.444835264
30
0.0
39
0.0
210
0.0
220
0.0
230
1.0
50
360.0
0
TEXT
5
1CA
330
1C
100
AcDbEntity
67
0
8
1 - границы Достопримечательного места
62
7
6
ByLayer
370
-1
48
1.0
60
0
100
AcDbText
1
212
10
1396368.2490164
20
360457.719276845
30
0.0
40
0.31111111111
41
1.0
50
0.0
51
0.0
7
Standard
11
1396368.2490164
21
360457.719276845
31
0.0
210
0.0
220
0.0
230
1.0
71
0
72
0
100
AcDbText
73
0
0
POINT
5
1CB
330
1C
100
AcDbEntity
67
0
8
1 - границы Достопримечательного места
62
256
6
ByLayer
370
-1
48
1.0
60
0
100
AcDbPoint
10
1396388.81989025
20
360484.964826197
30
0.0
39
0.0
210
0.0
220
0.0
230
1.0
50
360.0
0
TEXT
5
1CC
330
1C
100
AcDbEntity
67
0
8
1 - границы Достопримечательного места
62
7
6
ByLayer
370
-1
48
1.0
60
0
100
AcDbText
1
213
10
1396388.94901829
20
360485.239267816
30
0.0
40
0.31111111111
41
1.0
50
0.0
51
0.0
7
Standard
11
1396388.94901829
21
360485.239267816
31
0.0
210
0.0
220
0.0
230
1.0
71
0
72
0
100
AcDbText
73
0
0
POINT
5
1CD
330
1C
100
AcDbEntity
67
0
8
1 - границы Достопримечательного места
62
256
6
ByLayer
370
-1
48
1.0
60
0
100
AcDbPoint
10
1396417.60990274
20
360572.764805103
30
0.0
39
0.0
210
0.0
220
0.0
230
1.0
50
360.0
0
TEXT
5
1CE
330
1C
100
AcDbEntity
67
0
8
1 - границы Достопримечательного места
62
7
6
ByLayer
370
-1
48
1.0
60
0
100
AcDbText
1
214
10
1396417.73903062
20
360573.039246771
30
0.0
40
0.31111111111
41
1.0
50
0.0
51
0.0
7
Standard
11
1396417.73903062
21
360573.039246771
31
0.0
210
0.0
220
0.0
230
1.0
71
0
72
0
100
AcDbText
73
0
0
POINT
5
1CF
330
1C
100
AcDbEntity
67
0
8
1 - границы Достопримечательного места
62
256
6
ByLayer
370
-1
48
1.0
60
0
100
AcDbPoint
10
1396392.29991188
20
360596.90480613
30
0.0
39
0.0
210
0.0
220
0.0
230
1.0
50
360.0
0
TEXT
5
1D0
330
1C
100
AcDbEntity
67
0
8
1 - границы Достопримечательного места
62
7
6
ByLayer
370
-1
48
1.0
60
0
100
AcDbText
1
215
10
1396392.42903971
20
360597.179247754
30
0.0
40
0.31111111111
41
1.0
50
0.0
51
0.0
7
Standard
11
1396392.42903971
21
360597.179247754
31
0.0
210
0.0
220
0.0
230
1.0
71
0
72
0
100
AcDbText
73
0
0
POINT
5
1D1
330
1C
100
AcDbEntity
67
0
8
1 - границы Достопримечательного места
62
256
6
ByLayer
370
-1
48
1.0
60
0
100
AcDbPoint
10
1396377.97992407
20
360646.294800582
30
0.0
39
0.0
210
0.0
220
0.0
230
1.0
50
360.0
0
TEXT
5
1D2
330
1C
100
AcDbEntity
67
0
8
1 - границы Достопримечательного места
62
7
6
ByLayer
370
-1
48
1.0
60
0
100
AcDbText
1
216
10
1396378.10905182
20
360646.569242177
30
0.0
40
0.31111111111
41
1.0
50
0.0
51
0.0
7
Standard
11
1396378.10905182
21
360646.569242177
31
0.0
210
0.0
220
0.0
230
1.0
71
0
72
0
100
AcDbText
73
0
0
POINT
5
1D3
330
1C
100
AcDbEntity
67
0
8
1 - границы Достопримечательного места
62
256
6
ByLayer
370
-1
48
1.0
60
0
100
AcDbPoint
10
1396374.59992653
20
360655.754799649
30
0.0
39
0.0
210
0.0
220
0.0
230
1.0
50
360.0
0
TEXT
5
1D4
330
1C
100
AcDbEntity
67
0
8
1 - границы Достопримечательного места
62
7
6
ByLayer
370
-1
48
1.0
60
0
100
AcDbText
1
217
10
1396374.72905426
20
360656.029241235
30
0.0
40
0.31111111111
41
1.0
50
0.0
51
0.0
7
Standard
11
1396374.72905426
21
360656.029241235
31
0.0
210
0.0
220
0.0
230
1.0
71
0
72
0
100
AcDbText
73
0
0
POINT
5
1D5
330
1C
100
AcDbEntity
67
0
8
1 - границы Достопримечательного места
62
256
6
ByLayer
370
-1
48
1.0
60
0
100
AcDbPoint
10
1396360.81993326
20
360677.214798756
30
0.0
39
0.0
210
0.0
220
0.0
230
1.0
50
360.0
0
TEXT
5
1D6
330
1C
100
AcDbEntity
67
0
8
1 - границы Достопримечательного места
62
7
6
ByLayer
370
-1
48
1.0
60
0
100
AcDbText
1
218
10
1396360.94906095
20
360677.489240324
30
0.0
40
0.31111111111
41
1.0
50
0.0
51
0.0
7
Standard
11
1396360.94906095
21
360677.489240324
31
0.0
210
0.0
220
0.0
230
1.0
71
0
72
0
100
AcDbText
73
0
0
POINT
5
1D7
330
1C
100
AcDbEntity
67
0
8
1 - границы Достопримечательного места
62
256
6
ByLayer
370
-1
48
1.0
60
0
100
AcDbPoint
10
1396356.58993575
20
360686.324798071
30
0.0
39
0.0
210
0.0
220
0.0
230
1.0
50
360.0
0
TEXT
5
1D8
330
1C
100
AcDbEntity
67
0
8
1 - границы Достопримечательного места
62
7
6
ByLayer
370
-1
48
1.0
60
0
100
AcDbText
1
219
10
1396356.71906342
20
360686.599239627
30
0.0
40
0.31111111111
41
1.0
50
0.0
51
0.0
7
Standard
11
1396356.71906342
21
360686.599239627
31
0.0
210
0.0
220
0.0
230
1.0
71
0
72
0
100
AcDbText
73
0
0
POINT
5
1D9
330
1C
100
AcDbEntity
67
0
8
1 - границы Достопримечательного места
62
256
6
ByLayer
370
-1
48
1.0
60
0
100
AcDbPoint
10
1396353.23993824
20
360695.90479711
30
0.0
39
0.0
210
0.0
220
0.0
230
1.0
50
360.0
0
TEXT
5
1DA
330
1C
100
AcDbEntity
67
0
8
1 - границы Достопримечательного места
62
7
6
ByLayer
370
-1
48
1.0
60
0
100
AcDbText
1
220
10
1396353.3690659
20
360696.179238659
30
0.0
40
0.31111111111
41
1.0
50
0.0
51
0.0
7
Standard
11
1396353.3690659
21
360696.179238659
31
0.0
210
0.0
220
0.0
230
1.0
71
0
72
0
100
AcDbText
73
0
0
POINT
5
1DB
330
1C
100
AcDbEntity
67
0
8
1 - границы Достопримечательного места
62
256
6
ByLayer
370
-1
48
1.0
60
0
100
AcDbPoint
10
1396351.12994075
20
360706.674795665
30
0.0
39
0.0
210
0.0
220
0.0
230
1.0
50
360.0
0
TEXT
5
1DC
330
1C
100
AcDbEntity
67
0
8
1 - границы Достопримечательного места
62
7
6
ByLayer
370
-1
48
1.0
60
0
100
AcDbText
1
221
10
1396351.25906838
20
360706.949237208
30
0.0
40
0.31111111111
41
1.0
50
0.0
51
0.0
7
Standard
11
1396351.25906838
21
360706.949237208
31
0.0
210
0.0
220
0.0
230
1.0
71
0
72
0
100
AcDbText
73
0
0
POINT
5
1DD
330
1C
100
AcDbEntity
67
0
8
1 - границы Достопримечательного места
62
256
6
ByLayer
370
-1
48
1.0
60
0
100
AcDbPoint
10
1396350.88994249
20
360715.384794208
30
0.0
39
0.0
210
0.0
220
0.0
230
1.0
50
360.0
0
TEXT
5
1DE
330
1C
100
AcDbEntity
67
0
8
1 - границы Достопримечательного места
62
7
6
ByLayer
370
-1
48
1.0
60
0
100
AcDbText
1
222
10
1396351.01907011
20
360715.65923575
30
0.0
40
0.31111111111
41
1.0
50
0.0
51
0.0
7
Standard
11
1396351.01907011
21
360715.65923575
31
0.0
210
0.0
220
0.0
230
1.0
71
0
72
0
100
AcDbText
73
0
0
POINT
5
1DF
330
1C
100
AcDbEntity
67
0
8
1 - границы Достопримечательного места
62
256
6
ByLayer
370
-1
48
1.0
60
0
100
AcDbPoint
10
1396349.82994369
20
360720.374793629
30
0.0
39
0.0
210
0.0
220
0.0
230
1.0
50
360.0
0
TEXT
5
1E0
330
1C
100
AcDbEntity
67
0
8
1 - границы Достопримечательного места
62
7
6
ByLayer
370
-1
48
1.0
60
0
100
AcDbText
1
223
10
1396349.9590713
20
360720.649235168
30
0.0
40
0.31111111111
41
1.0
50
0.0
51
0.0
7
Standard
11
1396349.9590713
21
360720.649235168
31
0.0
210
0.0
220
0.0
230
1.0
71
0
72
0
100
AcDbText
73
0
0
POINT
5
1E1
330
1C
100
AcDbEntity
67
0
8
1 - границы Достопримечательного места
62
256
6
ByLayer
370
-1
48
1.0
60
0
100
AcDbPoint
10
1396106.29996335
20
360608.124863301
30
0.0
39
0.0
210
0.0
220
0.0
230
1.0
50
360.0
0
TEXT
5
1E2
330
1C
100
AcDbEntity
67
0
8
1 - границы Достопримечательного места
62
7
6
ByLayer
370
-1
48
1.0
60
0
100
AcDbText
1
224
10
1396106.42909117
20
360608.3993044
30
0.0
40
0.31111111111
41
1.0
50
0.0
51
0.0
7
Standard
11
1396106.42909117
21
360608.3993044
31
0.0
210
0.0
220
0.0
230
1.0
71
0
72
0
100
AcDbText
73
0
0
POINT
5
1E3
330
1C
100
AcDbEntity
67
0
8
1 - границы Достопримечательного места
62
256
6
ByLayer
370
-1
48
1.0
60
0
100
AcDbPoint
10
1396109.63002521
20
360601.844221835
30
0.0
39
0.0
210
0.0
220
0.0
230
1.0
50
360.0
0
TEXT
5
1E4
330
1C
100
AcDbEntity
67
0
8
1 - границы Достопримечательного места
62
7
6
ByLayer
370
-1
48
1.0
60
0
100
AcDbText
1
225
10
1396109.75915304
20
360602.118662941
30
0.0
40
0.31111111111
41
1.0
50
0.0
51
0.0
7
Standard
11
1396109.75915304
21
360602.118662941
31
0.0
210
0.0
220
0.0
230
1.0
71
0
72
0
100
AcDbText
73
0
0
POINT
5
1E5
330
1C
100
AcDbEntity
67
0
8
1 - границы Достопримечательного места
62
256
6
ByLayer
370
-1
48
1.0
60
0
100
AcDbPoint
10
1396050.37995993
20
360541.994886295
30
0.0
39
0.0
210
0.0
220
0.0
230
1.0
50
360.0
0
TEXT
5
1E6
330
1C
100
AcDbEntity
67
0
8
1 - границы Достопримечательного места
62
7
6
ByLayer
370
-1
48
1.0
60
0
100
AcDbText
1
226
10
1396050.50908788
20
360542.269327296
30
0.0
40
0.31111111111
41
1.0
50
0.0
51
0.0
7
Standard
11
1396050.50908788
21
360542.269327296
31
0.0
210
0.0
220
0.0
230
1.0
71
0
72
0
100
AcDbText
73
0
0
POINT
5
1E7
330
1C
100
AcDbEntity
67
0
8
1 - границы Достопримечательного места
62
256
6
ByLayer
370
-1
48
1.0
60
0
100
AcDbPoint
10
1396046.1300224
20
360532.424246437
30
0.0
39
0.0
210
0.0
220
0.0
230
1.0
50
360.0
0
TEXT
5
1E8
330
1C
100
AcDbEntity
67
0
8
1 - границы Достопримечательного места
62
7
6
ByLayer
370
-1
48
1.0
60
0
100
AcDbText
1
227
10
1396046.25915036
20
360532.698687428
30
0.0
40
0.31111111111
41
1.0
50
0.0
51
0.0
7
Standard
11
1396046.25915036
21
360532.698687428
31
0.0
210
0.0
220
0.0
230
1.0
71
0
72
0
100
AcDbText
73
0
0
POINT
5
1E9
330
1C
100
AcDbEntity
67
0
8
1 - границы Достопримечательного места
62
256
6
ByLayer
370
-1
48
1.0
60
0
100
AcDbPoint
10
1396003.29002556
20
360511.094258627
30
0.0
39
0.0
210
0.0
220
0.0
230
1.0
50
360.0
0
TEXT
5
1EA
330
1C
100
AcDbEntity
67
0
8
1 - границы Достопримечательного места
62
7
6
ByLayer
370
-1
48
1.0
60
0
100
AcDbText
1
228
10
1396003.41915356
20
360511.368699543
30
0.0
40
0.31111111111
41
1.0
50
0.0
51
0.0
7
Standard
11
1396003.41915356
21
360511.368699543
31
0.0
210
0.0
220
0.0
230
1.0
71
0
72
0
100
AcDbText
73
0
0
POINT
5
1EB
330
1C
100
AcDbEntity
67
0
8
1 - границы Достопримечательного места
62
256
6
ByLayer
370
-1
48
1.0
60
0
100
AcDbPoint
10
1395965.03314523
20
360509.996442741
30
0.0
39
0.0
210
0.0
220
0.0
230
1.0
50
360.0
0
TEXT
5
1EC
330
1C
100
AcDbEntity
67
0
8
1 - границы Достопримечательного места
62
7
6
ByLayer
370
-1
48
1.0
60
0
100
AcDbText
1
229
10
1395965.16227323
20
360510.270883583
30
0.0
40
0.31111111111
41
1.0
50
0.0
51
0.0
7
Standard
11
1395965.16227323
21
360510.270883583
31
0.0
210
0.0
220
0.0
230
1.0
71
0
72
0
100
AcDbText
73
0
0
POINT
5
1ED
330
1C
100
AcDbEntity
67
0
8
1 - границы Достопримечательного места
62
256
6
ByLayer
370
-1
48
1.0
60
0
100
AcDbPoint
10
1395945.63997135
20
360508.834913697
30
0.0
39
0.0
210
0.0
220
0.0
230
1.0
50
360.0
0
TEXT
5
1EE
330
1C
100
AcDbEntity
67
0
8
1 - границы Достопримечательного места
62
7
6
ByLayer
370
-1
48
1.0
60
0
100
AcDbText
1
230
10
1395945.76909936
20
360509.109354506
30
0.0
40
0.31111111111
41
1.0
50
0.0
51
0.0
7
Standard
11
1395945.76909936
21
360509.109354506
31
0.0
210
0.0
220
0.0
230
1.0
71
0
72
0
100
AcDbText
73
0
0
POINT
5
1EF
330
1C
100
AcDbEntity
67
0
8
1 - границы Достопримечательного места
62
256
6
ByLayer
370
-1
48
1.0
60
0
100
AcDbPoint
10
1395941.95997292
20
360513.524913629
30
0.0
39
0.0
210
0.0
220
0.0
230
1.0
50
360.0
0
TEXT
5
1F0
330
1C
100
AcDbEntity
67
0
8
1 - границы Достопримечательного места
62
7
6
ByLayer
370
-1
48
1.0
60
0
100
AcDbText
1
231
10
1395942.08910093
20
360513.79935443
30
0.0
40
0.31111111111
41
1.0
50
0.0
51
0.0
7
Standard
11
1395942.08910093
21
360513.79935443
31
0.0
210
0.0
220
0.0
230
1.0
71
0
72
0
100
AcDbText
73
0
0
POINT
5
1F1
330
1C
100
AcDbEntity
67
0
8
1 - границы Достопримечательного места
62
256
6
ByLayer
370
-1
48
1.0
60
0
100
AcDbPoint
10
1395936.89997507
20
360519.984913566
30
0.0
39
0.0
210
0.0
220
0.0
230
1.0
50
360.0
0
TEXT
5
1F2
330
1C
100
AcDbEntity
67
0
8
1 - границы Достопримечательного места
62
7
6
ByLayer
370
-1
48
1.0
60
0
100
AcDbText
1
232
10
1395937.02910306
20
360520.25935436
30
0.0
40
0.31111111111
41
1.0
50
0.0
51
0.0
7
Standard
11
1395937.02910306
21
360520.25935436
31
0.0
210
0.0
220
0.0
230
1.0
71
0
72
0
100
AcDbText
73
0
0
POINT
5
1F3
330
1C
100
AcDbEntity
67
0
8
1 - границы Достопримечательного места
62
256
6
ByLayer
370
-1
48
1.0
60
0
100
AcDbPoint
10
1395925.94997918
20
360530.844913979
30
0.0
39
0.0
210
0.0
220
0.0
230
1.0
50
360.0
0
TEXT
5
1F4
330
1C
100
AcDbEntity
67
0
8
1 - границы Достопримечательного места
62
7
6
ByLayer
370
-1
48
1.0
60
0
100
AcDbText
1
233
10
1395926.07910715
20
360531.119354755
30
0.0
40
0.31111111111
41
1.0
50
0.0
51
0.0
7
Standard
11
1395926.07910715
21
360531.119354755
31
0.0
210
0.0
220
0.0
230
1.0
71
0
72
0
100
AcDbText
73
0
0
POINT
5
1F5
330
1C
100
AcDbEntity
67
0
8
1 - границы Достопримечательного места
62
256
6
ByLayer
370
-1
48
1.0
60
0
100
AcDbPoint
10
1395906.00998433
20
360539.464916579
30
0.0
39
0.0
210
0.0
220
0.0
230
1.0
50
360.0
0
TEXT
5
1F6
330
1C
100
AcDbEntity
67
0
8
1 - границы Достопримечательного места
62
7
6
ByLayer
370
-1
48
1.0
60
0
100
AcDbText
1
234
10
1395906.13911229
20
360539.739357316
30
0.0
40
0.31111111111
41
1.0
50
0.0
51
0.0
7
Standard
11
1395906.13911229
21
360539.739357316
31
0.0
210
0.0
220
0.0
230
1.0
71
0
72
0
100
AcDbText
73
0
0
POINT
5
1F7
330
1C
100
AcDbEntity
67
0
8
1 - границы Достопримечательного места
62
256
6
ByLayer
370
-1
48
1.0
60
0
100
AcDbPoint
10
1395901.06998522
20
360540.004917466
30
0.0
39
0.0
210
0.0
220
0.0
230
1.0
50
360.0
0
TEXT
5
1F8
330
1C
100
AcDbEntity
67
0
8
1 - границы Достопримечательного места
62
7
6
ByLayer
370
-1
48
1.0
60
0
100
AcDbText
1
235
10
1395901.19911317
20
360540.279358193
30
0.0
40
0.31111111111
41
1.0
50
0.0
51
0.0
7
Standard
11
1395901.19911317
21
360540.279358193
31
0.0
210
0.0
220
0.0
230
1.0
71
0
72
0
100
AcDbText
73
0
0
POINT
5
1F9
330
1C
100
AcDbEntity
67
0
8
1 - границы Достопримечательного места
62
256
6
ByLayer
370
-1
48
1.0
60
0
100
AcDbPoint
10
1395890.11998742
20
360541.204919565
30
0.0
39
0.0
210
0.0
220
0.0
230
1.0
50
360.0
0
TEXT
5
1FA
330
1C
100
AcDbEntity
67
0
8
1 - границы Достопримечательного места
62
7
6
ByLayer
370
-1
48
1.0
60
0
100
AcDbText
1
236
10
1395890.24911537
20
360541.479360275
30
0.0
40
0.31111111111
41
1.0
50
0.0
51
0.0
7
Standard
11
1395890.24911537
21
360541.479360275
31
0.0
210
0.0
220
0.0
230
1.0
71
0
72
0
100
AcDbText
73
0
0
POINT
5
1FB
330
1C
100
AcDbEntity
67
0
8
1 - границы Достопримечательного места
62
256
6
ByLayer
370
-1
48
1.0
60
0
100
AcDbPoint
10
1395927.17998435
20
360558.354908982
30
0.0
39
0.0
210
0.0
220
0.0
230
1.0
50
360.0
0
TEXT
5
1FC
330
1C
100
AcDbEntity
67
0
8
1 - границы Достопримечательного места
62
7
6
ByLayer
370
-1
48
1.0
60
0
100
AcDbText
1
237
10
1395927.30911227
20
360558.629349758
30
0.0
40
0.31111111111
41
1.0
50
0.0
51
0.0
7
Standard
11
1395927.30911227
21
360558.629349758
31
0.0
210
0.0
220
0.0
230
1.0
71
0
72
0
100
AcDbText
73
0
0
POINT
5
1FD
330
1C
100
AcDbEntity
67
0
8
1 - границы Достопримечательного места
62
256
6
ByLayer
370
-1
48
1.0
60
0
100
AcDbPoint
10
1395923.68998625
20
360564.644908614
30
0.0
39
0.0
210
0.0
220
0.0
230
1.0
50
360.0
0
TEXT
5
1FE
330
1C
100
AcDbEntity
67
0
8
1 - границы Достопримечательного места
62
7
6
ByLayer
370
-1
48
1.0
60
0
100
AcDbText
1
238
10
1395923.81911416
20
360564.919349381
30
0.0
40
0.31111111111
41
1.0
50
0.0
51
0.0
7
Standard
11
1395923.81911416
21
360564.919349381
31
0.0
210
0.0
220
0.0
230
1.0
71
0
72
0
100
AcDbText
73
0
0
POINT
5
1FF
330
1C
100
AcDbEntity
67
0
8
1 - границы Достопримечательного места
62
256
6
ByLayer
370
-1
48
1.0
60
0
100
AcDbPoint
10
1395916.1699902
20
360578.154907839
30
0.0
39
0.0
210
0.0
220
0.0
230
1.0
50
360.0
0
TEXT
5
200
330
1C
100
AcDbEntity
67
0
8
1 - границы Достопримечательного места
62
7
6
ByLayer
370
-1
48
1.0
60
0
100
AcDbText
1
239
10
1395916.29911808
20
360578.429348595
30
0.0
40
0.31111111111
41
1.0
50
0.0
51
0.0
7
Standard
11
1395916.29911808
21
360578.429348595
31
0.0
210
0.0
220
0.0
230
1.0
71
0
72
0
100
AcDbText
73
0
0
POINT
5
201
330
1C
100
AcDbEntity
67
0
8
1 - границы Достопримечательного места
62
256
6
ByLayer
370
-1
48
1.0
60
0
100
AcDbPoint
10
1395911.79999258
20
360586.014907305
30
0.0
39
0.0
210
0.0
220
0.0
230
1.0
50
360.0
0
TEXT
5
202
330
1C
100
AcDbEntity
67
0
8
1 - границы Достопримечательного места
62
7
6
ByLayer
370
-1
48
1.0
60
0
100
AcDbText
1
240
10
1395911.92912044
20
360586.289348049
30
0.0
40
0.31111111111
41
1.0
50
0.0
51
0.0
7
Standard
11
1395911.92912044
21
360586.289348049
31
0.0
210
0.0
220
0.0
230
1.0
71
0
72
0
100
AcDbText
73
0
0
POINT
5
203
330
1C
100
AcDbEntity
67
0
8
1 - границы Достопримечательного места
62
256
6
ByLayer
370
-1
48
1.0
60
0
100
AcDbPoint
10
1395893.56000216
20
360618.834905475
30
0.0
39
0.0
210
0.0
220
0.0
230
1.0
50
360.0
0
TEXT
5
204
330
1C
100
AcDbEntity
67
0
8
1 - границы Достопримечательного места
62
7
6
ByLayer
370
-1
48
1.0
60
0
100
AcDbText
1
241
10
1395893.68912996
20
360619.109346188
30
0.0
40
0.31111111111
41
1.0
50
0.0
51
0.0
7
Standard
11
1395893.68912996
21
360619.109346188
31
0.0
210
0.0
220
0.0
230
1.0
71
0
72
0
100
AcDbText
73
0
0
POINT
5
205
330
1C
100
AcDbEntity
67
0
8
1 - границы Достопримечательного места
62
256
6
ByLayer
370
-1
48
1.0
60
0
100
AcDbPoint
10
1395877.97001042
20
360646.884903842
30
0.0
39
0.0
210
0.0
220
0.0
230
1.0
50
360.0
0
TEXT
5
206
330
1C
100
AcDbEntity
67
0
8
1 - границы Достопримечательного места
62
7
6
ByLayer
370
-1
48
1.0
60
0
100
AcDbText
1
242
10
1395878.09913818
20
360647.159344523
30
0.0
40
0.31111111111
41
1.0
50
0.0
51
0.0
7
Standard
11
1395878.09913818
21
360647.159344523
31
0.0
210
0.0
220
0.0
230
1.0
71
0
72
0
100
AcDbText
73
0
0
POINT
5
207
330
1C
100
AcDbEntity
67
0
8
1 - границы Достопримечательного места
62
256
6
ByLayer
370
-1
48
1.0
60
0
100
AcDbPoint
10
1395875.97001148
20
360650.484903578
30
0.0
39
0.0
210
0.0
220
0.0
230
1.0
50
360.0
0
TEXT
5
208
330
1C
100
AcDbEntity
67
0
8
1 - границы Достопримечательного места
62
7
6
ByLayer
370
-1
48
1.0
60
0
100
AcDbText
1
243
10
1395876.09913923
20
360650.75934426
30
0.0
40
0.31111111111
41
1.0
50
0.0
51
0.0
7
Standard
11
1395876.09913923
21
360650.75934426
31
0.0
210
0.0
220
0.0
230
1.0
71
0
72
0
100
AcDbText
73
0
0
POINT
5
209
330
1C
100
AcDbEntity
67
0
8
1 - границы Достопримечательного места
62
256
6
ByLayer
370
-1
48
1.0
60
0
100
AcDbPoint
10
1395796.47356611
20
360607.150582631
30
0.0
39
0.0
210
0.0
220
0.0
230
1.0
50
360.0
0
TEXT
5
20A
330
1C
100
AcDbEntity
67
0
8
1 - границы Достопримечательного места
62
7
6
ByLayer
370
-1
48
1.0
60
0
100
AcDbText
1
244
10
1395796.60269394
20
360607.425023166
30
0.0
40
0.31111111111
41
1.0
50
0.0
51
0.0
7
Standard
11
1395796.60269394
21
360607.425023166
31
0.0
210
0.0
220
0.0
230
1.0
71
0
72
0
100
AcDbText
73
0
0
POINT
5
20B
330
1C
100
AcDbEntity
67
0
8
1 - границы Достопримечательного места
62
256
6
ByLayer
370
-1
48
1.0
60
0
100
AcDbPoint
10
1395761.24035763
20
360670.650143321
30
0.0
39
0.0
210
0.0
220
0.0
230
1.0
50
360.0
0
TEXT
5
20C
330
1C
100
AcDbEntity
67
0
8
1 - границы Достопримечательного места
62
7
6
ByLayer
370
-1
48
1.0
60
0
100
AcDbText
1
245
10
1395761.36948535
20
360670.924583793
30
0.0
40
0.31111111111
41
1.0
50
0.0
51
0.0
7
Standard
11
1395761.36948535
21
360670.924583793
31
0.0
210
0.0
220
0.0
230
1.0
71
0
72
0
100
AcDbText
73
0
0
POINT
5
20D
330
1C
100
AcDbEntity
67
0
8
1 - границы Достопримечательного места
62
256
6
ByLayer
370
-1
48
1.0
60
0
100
AcDbPoint
10
1395773.84751264
20
360678.507502609
30
0.0
39
0.0
210
0.0
220
0.0
230
1.0
50
360.0
0
TEXT
5
20E
330
1C
100
AcDbEntity
67
0
8
1 - границы Достопримечательного места
62
7
6
ByLayer
370
-1
48
1.0
60
0
100
AcDbText
1
246
10
1395773.97664034
20
360678.781943104
30
0.0
40
0.31111111111
41
1.0
50
0.0
51
0.0
7
Standard
11
1395773.97664034
21
360678.781943104
31
0.0
210
0.0
220
0.0
230
1.0
71
0
72
0
100
AcDbText
73
0
0
POINT
5
20F
330
1C
100
AcDbEntity
67
0
8
1 - границы Достопримечательного места
62
256
6
ByLayer
370
-1
48
1.0
60
0
100
AcDbPoint
10
1395739.50491642
20
360735.367696197
30
0.0
39
0.0
210
0.0
220
0.0
230
1.0
50
360.0
0
TEXT
5
210
330
1C
100
AcDbEntity
67
0
8
1 - границы Достопримечательного места
62
7
6
ByLayer
370
-1
48
1.0
60
0
100
AcDbText
1
247
10
1395739.63404402
20
360735.642136623
30
0.0
40
0.31111111111
41
1.0
50
0.0
51
0.0
7
Standard
11
1395739.63404402
21
360735.642136623
31
0.0
210
0.0
220
0.0
230
1.0
71
0
72
0
100
AcDbText
73
0
0
POINT
5
211
330
1C
100
AcDbEntity
67
0
8
1 - границы Достопримечательного места
62
256
6
ByLayer
370
-1
48
1.0
60
0
100
AcDbPoint
10
1395724.83671105
20
360726.340107347
30
0.0
39
0.0
210
0.0
220
0.0
230
1.0
50
360.0
0
TEXT
5
212
330
1C
100
AcDbEntity
67
0
8
1 - границы Достопримечательного места
62
7
6
ByLayer
370
-1
48
1.0
60
0
100
AcDbText
1
248
10
1395724.96583867
20
360726.614547747
30
0.0
40
0.31111111111
41
1.0
50
0.0
51
0.0
7
Standard
11
1395724.96583867
21
360726.614547747
31
0.0
210
0.0
220
0.0
230
1.0
71
0
72
0
100
AcDbText
73
0
0
POINT
5
213
330
1C
100
AcDbEntity
67
0
8
1 - границы Достопримечательного места
62
256
6
ByLayer
370
-1
48
1.0
60
0
100
AcDbPoint
10
1395709.57112406
20
360751.624275387
30
0.0
39
0.0
210
0.0
220
0.0
230
1.0
50
360.0
0
TEXT
5
214
330
1C
100
AcDbEntity
67
0
8
1 - границы Достопримечательного места
62
7
6
ByLayer
370
-1
48
1.0
60
0
100
AcDbText
1
249
10
1395709.70025163
20
360751.89871576
30
0.0
40
0.31111111111
41
1.0
50
0.0
51
0.0
7
Standard
11
1395709.70025163
21
360751.89871576
31
0.0
210
0.0
220
0.0
230
1.0
71
0
72
0
100
AcDbText
73
0
0
POINT
5
215
330
1C
100
AcDbEntity
67
0
8
1 - границы Достопримечательного места
62
256
6
ByLayer
370
-1
48
1.0
60
0
100
AcDbPoint
10
1395687.87013563
20
360791.044272889
30
0.0
39
0.0
210
0.0
220
0.0
230
1.0
50
360.0
0
TEXT
5
216
330
1C
100
AcDbEntity
67
0
8
1 - границы Достопримечательного места
62
7
6
ByLayer
370
-1
48
1.0
60
0
100
AcDbText
1
250
10
1395687.99926313
20
360791.31871322
30
0.0
40
0.31111111111
41
1.0
50
0.0
51
0.0
7
Standard
11
1395687.99926313
21
360791.31871322
31
0.0
210
0.0
220
0.0
230
1.0
71
0
72
0
100
AcDbText
73
0
0
POINT
5
217
330
1C
100
AcDbEntity
67
0
8
1 - границы Достопримечательного места
62
256
6
ByLayer
370
-1
48
1.0
60
0
100
AcDbPoint
10
1395613.79993786
20
360973.655857487
30
0.0
39
0.0
210
0.0
220
0.0
230
1.0
50
360.0
0
TEXT
5
218
330
1C
100
AcDbEntity
67
0
8
1 - границы Достопримечательного места
62
7
6
ByLayer
370
-1
48
1.0
60
0
100
AcDbText
1
251
10
1395613.92906504
20
360973.930297681
30
0.0
40
0.31111111111
41
1.0
50
0.0
51
0.0
7
Standard
11
1395613.92906504
21
360973.930297681
31
0.0
210
0.0
220
0.0
230
1.0
71
0
72
0
100
AcDbText
73
0
0
POINT
5
219
330
1C
100
AcDbEntity
67
0
8
1 - границы Достопримечательного места
62
256
6
ByLayer
370
-1
48
1.0
60
0
100
AcDbPoint
10
1395594.44019714
20
361019.624251939
30
0.0
39
0.0
210
0.0
220
0.0
230
1.0
50
360.0
0
TEXT
5
21A
330
1C
100
AcDbEntity
67
0
8
1 - границы Достопримечательного места
62
7
6
ByLayer
370
-1
48
1.0
60
0
100
AcDbText
1
252
10
1395594.56932423
20
361019.898692095
30
0.0
40
0.31111111111
41
1.0
50
0.0
51
0.0
7
Standard
11
1395594.56932423
21
361019.898692095
31
0.0
210
0.0
220
0.0
230
1.0
71
0
72
0
100
AcDbText
73
0
0
POINT
5
21B
330
1C
100
AcDbEntity
67
0
8
1 - границы Достопримечательного места
62
256
6
ByLayer
370
-1
48
1.0
60
0
100
AcDbPoint
10
1395579.68603669
20
361028.060920986
30
0.0
39
0.0
210
0.0
220
0.0
230
1.0
50
360.0
0
TEXT
5
21C
330
1C
100
AcDbEntity
67
0
8
1 - границы Достопримечательного места
62
7
6
ByLayer
370
-1
48
1.0
60
0
100
AcDbText
1
253
10
1395579.81516376
20
361028.335361116
30
0.0
40
0.31111111111
41
1.0
50
0.0
51
0.0
7
Standard
11
1395579.81516376
21
361028.335361116
31
0.0
210
0.0
220
0.0
230
1.0
71
0
72
0
100
AcDbText
73
0
0
POINT
5
21D
330
1C
100
AcDbEntity
67
0
8
1 - границы Достопримечательного места
62
256
6
ByLayer
370
-1
48
1.0
60
0
100
AcDbPoint
10
1395552.04020934
20
361044.174256116
30
0.0
39
0.0
210
0.0
220
0.0
230
1.0
50
360.0
0
TEXT
5
21E
330
1C
100
AcDbEntity
67
0
8
1 - границы Достопримечательного места
62
7
6
ByLayer
370
-1
48
1.0
60
0
100
AcDbText
1
254
10
1395552.16933638
20
361044.448696196
30
0.0
40
0.31111111111
41
1.0
50
0.0
51
0.0
7
Standard
11
1395552.16933638
21
361044.448696196
31
0.0
210
0.0
220
0.0
230
1.0
71
0
72
0
100
AcDbText
73
0
0
POINT
5
21F
330
1C
100
AcDbEntity
67
0
8
1 - границы Достопримечательного места
62
256
6
ByLayer
370
-1
48
1.0
60
0
100
AcDbPoint
10
1395425.55018867
20
360829.974318247
30
0.0
39
0.0
210
0.0
220
0.0
230
1.0
50
360.0
0
TEXT
5
220
330
1C
100
AcDbEntity
67
0
8
1 - границы Достопримечательного места
62
7
6
ByLayer
370
-1
48
1.0
60
0
100
AcDbText
1
255
10
1395425.6793161
20
360830.2487581
30
0.0
40
0.31111111111
41
1.0
50
0.0
51
0.0
7
Standard
11
1395425.6793161
21
360830.2487581
31
0.0
210
0.0
220
0.0
230
1.0
71
0
72
0
100
AcDbText
73
0
0
POINT
5
221
330
1C
100
AcDbEntity
67
0
8
1 - границы Достопримечательного места
62
256
6
ByLayer
370
-1
48
1.0
60
0
100
AcDbPoint
10
1395419.63018807
20
360821.774320841
30
0.0
39
0.0
210
0.0
220
0.0
230
1.0
50
360.0
0
TEXT
5
222
330
1C
100
AcDbEntity
67
0
8
1 - границы Достопримечательного места
62
7
6
ByLayer
370
-1
48
1.0
60
0
100
AcDbText
1
256
10
1395419.75931552
20
360822.048760685
30
0.0
40
0.31111111111
41
1.0
50
0.0
51
0.0
7
Standard
11
1395419.75931552
21
360822.048760685
31
0.0
210
0.0
220
0.0
230
1.0
71
0
72
0
100
AcDbText
73
0
0
POINT
5
223
330
1C
100
AcDbEntity
67
0
8
1 - границы Достопримечательного места
62
256
6
ByLayer
370
-1
48
1.0
60
0
100
AcDbPoint
10
1395407.159426
20
360808.7530082
30
0.0
39
0.0
210
0.0
220
0.0
230
1.0
50
360.0
0
TEXT
5
224
330
1C
100
AcDbEntity
67
0
8
1 - границы Достопримечательного места
62
7
6
ByLayer
370
-1
48
1.0
60
0
100
AcDbText
1
257
10
1395407.28855348
20
360809.027448021
30
0.0
40
0.31111111111
41
1.0
50
0.0
51
0.0
7
Standard
11
1395407.28855348
21
360809.027448021
31
0.0
210
0.0
220
0.0
230
1.0
71
0
72
0
100
AcDbText
73
0
0
POINT
5
225
330
1C
100
AcDbEntity
67
0
8
1 - границы Достопримечательного места
62
256
6
ByLayer
370
-1
48
1.0
60
0
100
AcDbPoint
10
1395364.74256927
20
360794.176778593
30
0.0
39
0.0
210
0.0
220
0.0
230
1.0
50
360.0
0
TEXT
5
226
330
1C
100
AcDbEntity
67
0
8
1 - границы Достопримечательного места
62
7
6
ByLayer
370
-1
48
1.0
60
0
100
AcDbText
1
258
10
1395364.87169677
20
360794.451218337
30
0.0
40
0.31111111111
41
1.0
50
0.0
51
0.0
7
Standard
11
1395364.87169677
21
360794.451218337
31
0.0
210
0.0
220
0.0
230
1.0
71
0
72
0
100
AcDbText
73
0
0
POINT
5
227
330
1C
100
AcDbEntity
67
0
8
1 - границы Достопримечательного места
62
256
6
ByLayer
370
-1
48
1.0
60
0
100
AcDbPoint
10
1395350.74019536
20
360798.584338524
30
0.0
39
0.0
210
0.0
220
0.0
230
1.0
50
360.0
0
TEXT
5
228
330
1C
100
AcDbEntity
67
0
8
1 - границы Достопримечательного места
62
7
6
ByLayer
370
-1
48
1.0
60
0
100
AcDbText
1
259
10
1395350.86932286
20
360798.858778244
30
0.0
40
0.31111111111
41
1.0
50
0.0
51
0.0
7
Standard
11
1395350.86932286
21
360798.858778244
31
0.0
210
0.0
220
0.0
230
1.0
71
0
72
0
100
AcDbText
73
0
0
POINT
5
229
330
1C
100
AcDbEntity
67
0
8
1 - границы Достопримечательного места
62
256
6
ByLayer
370
-1
48
1.0
60
0
100
AcDbPoint
10
1395301.63020649
20
360811.874345977
30
0.0
39
0.0
210
0.0
220
0.0
230
1.0
50
360.0
0
TEXT
5
22A
330
1C
100
AcDbEntity
67
0
8
1 - границы Достопримечательного места
62
7
6
ByLayer
370
-1
48
1.0
60
0
100
AcDbText
1
260
10
1395301.75933396
20
360812.148785605
30
0.0
40
0.31111111111
41
1.0
50
0.0
51
0.0
7
Standard
11
1395301.75933396
21
360812.148785605
31
0.0
210
0.0
220
0.0
230
1.0
71
0
72
0
100
AcDbText
73
0
0
POINT
5
22B
330
1C
100
AcDbEntity
67
0
8
1 - границы Достопримечательного места
62
256
6
ByLayer
370
-1
48
1.0
60
0
100
AcDbPoint
10
1395304.90446251
20
360826.011089208
30
0.0
39
0.0
210
0.0
220
0.0
230
1.0
50
360.0
0
TEXT
5
22C
330
1C
100
AcDbEntity
67
0
8
1 - границы Достопримечательного места
62
7
6
ByLayer
370
-1
48
1.0
60
0
100
AcDbText
1
261
10
1395305.03358996
20
360826.285528845
30
0.0
40
0.31111111111
41
1.0
50
0.0
51
0.0
7
Standard
11
1395305.03358996
21
360826.285528845
31
0.0
210
0.0
220
0.0
230
1.0
71
0
72
0
100
AcDbText
73
0
0
POINT
5
22D
330
1C
100
AcDbEntity
67
0
8
1 - границы Достопримечательного места
62
256
6
ByLayer
370
-1
48
1.0
60
0
100
AcDbPoint
10
1395270.57021607
20
360833.144348466
30
0.0
39
0.0
210
0.0
220
0.0
230
1.0
50
360.0
0
TEXT
5
22E
330
1C
100
AcDbEntity
67
0
8
1 - границы Достопримечательного места
62
7
6
ByLayer
370
-1
48
1.0
60
0
100
AcDbText
1
262
10
1395270.69934351
20
360833.418788039
30
0.0
40
0.31111111111
41
1.0
50
0.0
51
0.0
7
Standard
11
1395270.69934351
21
360833.418788039
31
0.0
210
0.0
220
0.0
230
1.0
71
0
72
0
100
AcDbText
73
0
0
POINT
5
22F
330
1C
100
AcDbEntity
67
0
8
1 - границы Достопримечательного места
62
256
6
ByLayer
370
-1
48
1.0
60
0
100
AcDbPoint
10
1395256.62021816
20
360831.524351524
30
0.0
39
0.0
210
0.0
220
0.0
230
1.0
50
360.0
0
TEXT
5
230
330
1C
100
AcDbEntity
67
0
8
1 - границы Достопримечательного места
62
7
6
ByLayer
370
-1
48
1.0
60
0
100
AcDbText
1
263
10
1395256.7493456
20
360831.798791072
30
0.0
40
0.31111111111
41
1.0
50
0.0
51
0.0
7
Standard
11
1395256.7493456
21
360831.798791072
31
0.0
210
0.0
220
0.0
230
1.0
71
0
72
0
100
AcDbText
73
0
0
POINT
5
231
330
1C
100
AcDbEntity
67
0
8
1 - границы Достопримечательного места
62
256
6
ByLayer
370
-1
48
1.0
60
0
100
AcDbPoint
10
1395211.23022286
20
360815.684363274
30
0.0
39
0.0
210
0.0
220
0.0
230
1.0
50
360.0
0
TEXT
5
232
330
1C
100
AcDbEntity
67
0
8
1 - границы Достопримечательного места
62
7
6
ByLayer
370
-1
48
1.0
60
0
100
AcDbText
1
264
10
1395211.35935032
20
360815.958802736
30
0.0
40
0.31111111111
41
1.0
50
0.0
51
0.0
7
Standard
11
1395211.35935032
21
360815.958802736
31
0.0
210
0.0
220
0.0
230
1.0
71
0
72
0
100
AcDbText
73
0
0
POINT
5
233
330
1C
100
AcDbEntity
67
0
8
1 - границы Достопримечательного места
62
256
6
ByLayer
370
-1
48
1.0
60
0
100
AcDbPoint
10
1395175.93023074
20
360824.634368734
30
0.0
39
0.0
210
0.0
220
0.0
230
1.0
50
360.0
0
TEXT
5
234
330
1C
100
AcDbEntity
67
0
8
1 - границы Достопримечательного места
62
7
6
ByLayer
370
-1
48
1.0
60
0
100
AcDbText
1
265
10
1395176.05935819
20
360824.908808135
30
0.0
40
0.31111111111
41
1.0
50
0.0
51
0.0
7
Standard
11
1395176.05935819
21
360824.908808135
31
0.0
210
0.0
220
0.0
230
1.0
71
0
72
0
100
AcDbText
73
0
0
POINT
5
235
330
1C
100
AcDbEntity
67
0
8
1 - границы Достопримечательного места
62
256
6
ByLayer
370
-1
48
1.0
60
0
100
AcDbPoint
10
1395161.49023242
20
360820.534372313
30
0.0
39
0.0
210
0.0
220
0.0
230
1.0
50
360.0
0
TEXT
5
236
330
1C
100
AcDbEntity
67
0
8
1 - границы Достопримечательного места
62
7
6
ByLayer
370
-1
48
1.0
60
0
100
AcDbText
1
266
10
1395161.61935988
20
360820.808811687
30
0.0
40
0.31111111111
41
1.0
50
0.0
51
0.0
7
Standard
11
1395161.61935988
21
360820.808811687
31
0.0
210
0.0
220
0.0
230
1.0
71
0
72
0
100
AcDbText
73
0
0
POINT
5
237
330
1C
100
AcDbEntity
67
0
8
1 - границы Достопримечательного места
62
256
6
ByLayer
370
-1
48
1.0
60
0
100
AcDbPoint
10
1395135.22023807
20
360826.164376554
30
0.0
39
0.0
210
0.0
220
0.0
230
1.0
50
360.0
0
TEXT
5
238
330
1C
100
AcDbEntity
67
0
8
1 - границы Достопримечательного места
62
7
6
ByLayer
370
-1
48
1.0
60
0
100
AcDbText
1
267
10
1395135.34936552
20
360826.438815881
30
0.0
40
0.31111111111
41
1.0
50
0.0
51
0.0
7
Standard
11
1395135.34936552
21
360826.438815881
31
0.0
210
0.0
220
0.0
230
1.0
71
0
72
0
100
AcDbText
73
0
0
POINT
5
239
330
1C
100
AcDbEntity
67
0
8
1 - границы Достопримечательного места
62
256
6
ByLayer
370
-1
48
1.0
60
0
100
AcDbPoint
10
1395125.39023917
20
360823.174379019
30
0.0
39
0.0
210
0.0
220
0.0
230
1.0
50
360.0
0
TEXT
5
23A
330
1C
100
AcDbEntity
67
0
8
1 - границы Достопримечательного места
62
7
6
ByLayer
370
-1
48
1.0
60
0
100
AcDbText
1
268
10
1395125.51936663
20
360823.448818326
30
0.0
40
0.31111111111
41
1.0
50
0.0
51
0.0
7
Standard
11
1395125.51936663
21
360823.448818326
31
0.0
210
0.0
220
0.0
230
1.0
71
0
72
0
100
AcDbText
73
0
0
POINT
5
23B
330
1C
100
AcDbEntity
67
0
8
1 - границы Достопримечательного места
62
256
6
ByLayer
370
-1
48
1.0
60
0
100
AcDbPoint
10
1395109.84024258
20
360826.744381497
30
0.0
39
0.0
210
0.0
220
0.0
230
1.0
50
360.0
0
TEXT
5
23C
330
1C
100
AcDbEntity
67
0
8
1 - границы Достопримечательного места
62
7
6
ByLayer
370
-1
48
1.0
60
0
100
AcDbText
1
269
10
1395109.96937002
20
360827.018820776
30
0.0
40
0.31111111111
41
1.0
50
0.0
51
0.0
7
Standard
11
1395109.96937002
21
360827.018820776
31
0.0
210
0.0
220
0.0
230
1.0
71
0
72
0
100
AcDbText
73
0
0
POINT
5
23D
330
1C
100
AcDbEntity
67
0
8
1 - границы Достопримечательного места
62
256
6
ByLayer
370
-1
48
1.0
60
0
100
AcDbPoint
10
1395099.65895245
20
360818.9960942
30
0.0
39
0.0
210
0.0
220
0.0
230
1.0
50
360.0
0
TEXT
5
23E
330
1C
100
AcDbEntity
67
0
8
1 - границы Достопримечательного места
62
7
6
ByLayer
370
-1
48
1.0
60
0
100
AcDbText
1
270
10
1395099.78807992
20
360819.27053346
30
0.0
40
0.31111111111
41
1.0
50
0.0
51
0.0
7
Standard
11
1395099.78807992
21
360819.27053346
31
0.0
210
0.0
220
0.0
230
1.0
71
0
72
0
100
AcDbText
73
0
0
POINT
5
23F
330
1C
100
AcDbEntity
67
0
8
1 - границы Достопримечательного места
62
256
6
ByLayer
370
-1
48
1.0
60
0
100
AcDbPoint
10
1395057.98037079
20
360828.014855383
30
0.0
39
0.0
210
0.0
220
0.0
230
1.0
50
360.0
0
TEXT
5
240
330
1C
100
AcDbEntity
67
0
8
1 - границы Достопримечательного места
62
7
6
ByLayer
370
-1
48
1.0
60
0
100
AcDbText
1
271
10
1395058.10949824
20
360828.289294567
30
0.0
40
0.31111111111
41
1.0
50
0.0
51
0.0
7
Standard
11
1395058.10949824
21
360828.289294567
31
0.0
210
0.0
220
0.0
230
1.0
71
0
72
0
100
AcDbText
73
0
0
POINT
5
241
330
1C
100
AcDbEntity
67
0
8
1 - границы Достопримечательного места
62
256
6
ByLayer
370
-1
48
1.0
60
0
100
AcDbPoint
10
1395053.05024811
20
360805.214396495
30
0.0
39
0.0
210
0.0
220
0.0
230
1.0
50
360.0
0
TEXT
5
242
330
1C
100
AcDbEntity
67
0
8
1 - границы Достопримечательного места
62
7
6
ByLayer
370
-1
48
1.0
60
0
100
AcDbText
1
272
10
1395053.1793756
20
360805.488835672
30
0.0
40
0.31111111111
41
1.0
50
0.0
51
0.0
7
Standard
11
1395053.1793756
21
360805.488835672
31
0.0
210
0.0
220
0.0
230
1.0
71
0
72
0
100
AcDbText
73
0
0
POINT
5
243
330
1C
100
AcDbEntity
67
0
8
1 - границы Достопримечательного места
62
256
6
ByLayer
370
-1
48
1.0
60
0
100
AcDbPoint
10
1395041.64023961
20
360752.464407877
30
0.0
39
0.0
210
0.0
220
0.0
230
1.0
50
360.0
0
TEXT
5
244
330
1C
100
AcDbEntity
67
0
8
1 - границы Достопримечательного места
62
7
6
ByLayer
370
-1
48
1.0
60
0
100
AcDbText
1
273
10
1395041.7693672
20
360752.738847032
30
0.0
40
0.31111111111
41
1.0
50
0.0
51
0.0
7
Standard
11
1395041.7693672
21
360752.738847032
31
0.0
210
0.0
220
0.0
230
1.0
71
0
72
0
100
AcDbText
73
0
0
POINT
5
245
330
1C
100
AcDbEntity
67
0
8
1 - границы Достопримечательного места
62
256
6
ByLayer
370
-1
48
1.0
60
0
100
AcDbPoint
10
1395028.26022975
20
360691.184421121
30
0.0
39
0.0
210
0.0
220
0.0
230
1.0
50
360.0
0
TEXT
5
246
330
1C
100
AcDbEntity
67
0
8
1 - границы Достопримечательного места
62
7
6
ByLayer
370
-1
48
1.0
60
0
100
AcDbText
1
274
10
1395028.38935745
20
360691.458860258
30
0.0
40
0.31111111111
41
1.0
50
0.0
51
0.0
7
Standard
11
1395028.38935745
21
360691.458860258
31
0.0
210
0.0
220
0.0
230
1.0
71
0
72
0
100
AcDbText
73
0
0
POINT
5
247
330
1C
100
AcDbEntity
67
0
8
1 - границы Достопримечательного места
62
256
6
ByLayer
370
-1
48
1.0
60
0
100
AcDbPoint
10
1395029.43015833
20
360654.94507788
30
0.0
39
0.0
210
0.0
220
0.0
230
1.0
50
360.0
0
TEXT
5
248
330
1C
100
AcDbEntity
67
0
8
1 - границы Достопримечательного места
62
7
6
ByLayer
370
-1
48
1.0
60
0
100
AcDbText
1
275
10
1395029.55928609
20
360655.219517017
30
0.0
40
0.31111111111
41
1.0
50
0.0
51
0.0
7
Standard
11
1395029.55928609
21
360655.219517017
31
0.0
210
0.0
220
0.0
230
1.0
71
0
72
0
100
AcDbText
73
0
0
POINT
5
249
330
1C
100
AcDbEntity
67
0
8
1 - границы Достопримечательного места
62
256
6
ByLayer
370
-1
48
1.0
60
0
100
AcDbPoint
10
1394963.85016939
20
360653.455091607
30
0.0
39
0.0
210
0.0
220
0.0
230
1.0
50
360.0
0
TEXT
5
24A
330
1C
100
AcDbEntity
67
0
8
1 - границы Достопримечательного места
62
7
6
ByLayer
370
-1
48
1.0
60
0
100
AcDbText
1
276
10
1394963.97929716
20
360653.729530626
30
0.0
40
0.31111111111
41
1.0
50
0.0
51
0.0
7
Standard
11
1394963.97929716
21
360653.729530626
31
0.0
210
0.0
220
0.0
230
1.0
71
0
72
0
100
AcDbText
73
0
0
POINT
5
24B
330
1C
100
AcDbEntity
67
0
8
1 - границы Достопримечательного места
62
256
6
ByLayer
370
-1
48
1.0
60
0
100
AcDbPoint
10
1394961.10016663
20
360637.385094981
30
0.0
39
0.0
210
0.0
220
0.0
230
1.0
50
360.0
0
TEXT
5
24C
330
1C
100
AcDbEntity
67
0
8
1 - границы Достопримечательного места
62
7
6
ByLayer
370
-1
48
1.0
60
0
100
AcDbText
1
277
10
1394961.22929443
20
360637.659533992
30
0.0
40
0.31111111111
41
1.0
50
0.0
51
0.0
7
Standard
11
1394961.22929443
21
360637.659533992
31
0.0
210
0.0
220
0.0
230
1.0
71
0
72
0
100
AcDbText
73
0
0
POINT
5
24D
330
1C
100
AcDbEntity
67
0
8
1 - границы Достопримечательного места
62
256
6
ByLayer
370
-1
48
1.0
60
0
100
AcDbPoint
10
1394865.33018619
20
360652.72511217
30
0.0
39
0.0
210
0.0
220
0.0
230
1.0
50
360.0
0
TEXT
5
24E
330
1C
100
AcDbEntity
67
0
8
1 - границы Достопримечательного места
62
7
6
ByLayer
370
-1
48
1.0
60
0
100
AcDbText
1
278
10
1394865.45931396
20
360652.99955101
30
0.0
40
0.31111111111
41
1.0
50
0.0
51
0.0
7
Standard
11
1394865.45931396
21
360652.99955101
31
0.0
210
0.0
220
0.0
230
1.0
71
0
72
0
100
AcDbText
73
0
0
POINT
5
24F
330
1C
100
AcDbEntity
67
0
8
1 - границы Достопримечательного места
62
256
6
ByLayer
370
-1
48
1.0
60
0
100
AcDbPoint
10
1394821.60019639
20
360666.345118886
30
0.0
39
0.0
210
0.0
220
0.0
230
1.0
50
360.0
0
TEXT
5
250
330
1C
100
AcDbEntity
67
0
8
1 - границы Достопримечательного места
62
7
6
ByLayer
370
-1
48
1.0
60
0
100
AcDbText
1
279
10
1394821.72932414
20
360666.619557641
30
0.0
40
0.31111111111
41
1.0
50
0.0
51
0.0
7
Standard
11
1394821.72932414
21
360666.619557641
31
0.0
210
0.0
220
0.0
230
1.0
71
0
72
0
100
AcDbText
73
0
0
POINT
5
251
330
1C
100
AcDbEntity
67
0
8
1 - границы Достопримечательного места
62
256
6
ByLayer
370
-1
48
1.0
60
0
100
AcDbPoint
10
1394815.35019403
20
360648.725123222
30
0.0
39
0.0
210
0.0
220
0.0
230
1.0
50
360.0
0
TEXT
5
252
330
1C
100
AcDbEntity
67
0
8
1 - границы Достопримечательного места
62
7
6
ByLayer
370
-1
48
1.0
60
0
100
AcDbText
1
280
10
1394815.47932181
20
360648.99956197
30
0.0
40
0.31111111111
41
1.0
50
0.0
51
0.0
7
Standard
11
1394815.47932181
21
360648.99956197
31
0.0
210
0.0
220
0.0
230
1.0
71
0
72
0
100
AcDbText
73
0
0
POINT
5
253
330
1C
100
AcDbEntity
67
0
8
1 - границы Достопримечательного места
62
256
6
ByLayer
370
-1
48
1.0
60
0
100
AcDbPoint
10
1394799.92019772
20
360654.225125461
30
0.0
39
0.0
210
0.0
220
0.0
230
1.0
50
360.0
0
TEXT
5
254
330
1C
100
AcDbEntity
67
0
8
1 - границы Достопримечательного места
62
7
6
ByLayer
370
-1
48
1.0
60
0
100
AcDbText
1
281
10
1394800.04932549
20
360654.499564177
30
0.0
40
0.31111111111
41
1.0
50
0.0
51
0.0
7
Standard
11
1394800.04932549
21
360654.499564177
31
0.0
210
0.0
220
0.0
230
1.0
71
0
72
0
100
AcDbText
73
0
0
POINT
5
255
330
1C
100
AcDbEntity
67
0
8
1 - границы Достопримечательного места
62
256
6
ByLayer
370
-1
48
1.0
60
0
100
AcDbPoint
10
1394734.11020829
20
360650.33513974
30
0.0
39
0.0
210
0.0
220
0.0
230
1.0
50
360.0
0
TEXT
5
256
330
1C
100
AcDbEntity
67
0
8
1 - границы Достопримечательного места
62
7
6
ByLayer
370
-1
48
1.0
60
0
100
AcDbText
1
282
10
1394734.23933608
20
360650.609578338
30
0.0
40
0.31111111111
41
1.0
50
0.0
51
0.0
7
Standard
11
1394734.23933608
21
360650.609578338
31
0.0
210
0.0
220
0.0
230
1.0
71
0
72
0
100
AcDbText
73
0
0
POINT
5
257
330
1C
100
AcDbEntity
67
0
8
1 - границы Достопримечательного места
62
256
6
ByLayer
370
-1
48
1.0
60
0
100
AcDbPoint
10
1394728.0202094
20
360650.435140911
30
0.0
39
0.0
210
0.0
220
0.0
230
1.0
50
360.0
0
TEXT
5
258
330
1C
100
AcDbEntity
67
0
8
1 - границы Достопримечательного места
62
7
6
ByLayer
370
-1
48
1.0
60
0
100
AcDbText
1
283
10
1394728.14933718
20
360650.7095795
30
0.0
40
0.31111111111
41
1.0
50
0.0
51
0.0
7
Standard
11
1394728.14933718
21
360650.7095795
31
0.0
210
0.0
220
0.0
230
1.0
71
0
72
0
100
AcDbText
73
0
0
POINT
5
259
330
1C
100
AcDbEntity
67
0
8
1 - границы Достопримечательного места
62
256
6
ByLayer
370
-1
48
1.0
60
0
100
AcDbPoint
10
1394728.09020329
20
360619.525146286
30
0.0
39
0.0
210
0.0
220
0.0
230
1.0
50
360.0
0
TEXT
5
25A
330
1C
100
AcDbEntity
67
0
8
1 - границы Достопримечательного места
62
7
6
ByLayer
370
-1
48
1.0
60
0
100
AcDbText
1
284
10
1394728.21933113
20
360619.799584873
30
0.0
40
0.31111111111
41
1.0
50
0.0
51
0.0
7
Standard
11
1394728.21933113
21
360619.799584873
31
0.0
210
0.0
220
0.0
230
1.0
71
0
72
0
100
AcDbText
73
0
0
POINT
5
25B
330
1C
100
AcDbEntity
67
0
8
1 - границы Достопримечательного места
62
256
6
ByLayer
370
-1
48
1.0
60
0
100
AcDbPoint
10
1394726.52019963
20
360599.845149946
30
0.0
39
0.0
210
0.0
220
0.0
230
1.0
50
360.0
0
TEXT
5
25C
330
1C
100
AcDbEntity
67
0
8
1 - границы Достопримечательного места
62
7
6
ByLayer
370
-1
48
1.0
60
0
100
AcDbText
1
285
10
1394726.6493275
20
360600.119588535
30
0.0
40
0.31111111111
41
1.0
50
0.0
51
0.0
7
Standard
11
1394726.6493275
21
360600.119588535
31
0.0
210
0.0
220
0.0
230
1.0
71
0
72
0
100
AcDbText
73
0
0
POINT
5
25D
330
1C
100
AcDbEntity
67
0
8
1 - границы Достопримечательного места
62
256
6
ByLayer
370
-1
48
1.0
60
0
100
AcDbPoint
10
1394680.12020984
20
360610.795157705
30
0.0
39
0.0
210
0.0
220
0.0
230
1.0
50
360.0
0
TEXT
5
25E
330
1C
100
AcDbEntity
67
0
8
1 - границы Достопримечательного места
62
7
6
ByLayer
370
-1
48
1.0
60
0
100
AcDbText
1
286
10
1394680.24933769
20
360611.069596206
30
0.0
40
0.31111111111
41
1.0
50
0.0
51
0.0
7
Standard
11
1394680.24933769
21
360611.069596206
31
0.0
210
0.0
220
0.0
230
1.0
71
0
72
0
100
AcDbText
73
0
0
POINT
5
25F
330
1C
100
AcDbEntity
67
0
8
1 - границы Достопримечательного места
62
256
6
ByLayer
370
-1
48
1.0
60
0
100
AcDbPoint
10
1394621.63167179
20
360627.412805315
30
0.0
39
0.0
210
0.0
220
0.0
230
1.0
50
360.0
0
TEXT
5
260
330
1C
100
AcDbEntity
67
0
8
1 - границы Достопримечательного места
62
7
6
ByLayer
370
-1
48
1.0
60
0
100
AcDbText
1
287
10
1394621.76079961
20
360627.687243707
30
0.0
40
0.31111111111
41
1.0
50
0.0
51
0.0
7
Standard
11
1394621.76079961
21
360627.687243707
31
0.0
210
0.0
220
0.0
230
1.0
71
0
72
0
100
AcDbText
73
0
0
POINT
5
261
330
1C
100
AcDbEntity
67
0
8
1 - границы Достопримечательного места
62
256
6
ByLayer
370
-1
48
1.0
60
0
100
AcDbPoint
10
1394550.56415331
20
360626.46429401
30
0.0
39
0.0
210
0.0
220
0.0
230
1.0
50
360.0
0
TEXT
5
262
330
1C
100
AcDbEntity
67
0
8
1 - границы Достопримечательного места
62
7
6
ByLayer
370
-1
48
1.0
60
0
100
AcDbText
1
288
10
1394550.69328114
20
360626.738732273
30
0.0
40
0.31111111111
41
1.0
50
0.0
51
0.0
7
Standard
11
1394550.69328114
21
360626.738732273
31
0.0
210
0.0
220
0.0
230
1.0
71
0
72
0
100
AcDbText
73
0
0
POINT
5
263
330
1C
100
AcDbEntity
67
0
8
1 - границы Достопримечательного места
62
256
6
ByLayer
370
-1
48
1.0
60
0
100
AcDbPoint
10
1394522.31030258
20
360617.754534273
30
0.0
39
0.0
210
0.0
220
0.0
230
1.0
50
360.0
0
TEXT
5
264
330
1C
100
AcDbEntity
67
0
8
1 - границы Достопримечательного места
62
7
6
ByLayer
370
-1
48
1.0
60
0
100
AcDbText
1
289
10
1394522.43943042
20
360618.028972482
30
0.0
40
0.31111111111
41
1.0
50
0.0
51
0.0
7
Standard
11
1394522.43943042
21
360618.028972482
31
0.0
210
0.0
220
0.0
230
1.0
71
0
72
0
100
AcDbText
73
0
0
POINT
5
265
330
1C
100
AcDbEntity
67
0
8
1 - границы Достопримечательного места
62
256
6
ByLayer
370
-1
48
1.0
60
0
100
AcDbPoint
10
1394477.22031082
20
360620.064542824
30
0.0
39
0.0
210
0.0
220
0.0
230
1.0
50
360.0
0
TEXT
5
266
330
1C
100
AcDbEntity
67
0
8
1 - границы Достопримечательного места
62
7
6
ByLayer
370
-1
48
1.0
60
0
100
AcDbText
1
290
10
1394477.34943867
20
360620.338980956
30
0.0
40
0.31111111111
41
1.0
50
0.0
51
0.0
7
Standard
11
1394477.34943867
21
360620.338980956
31
0.0
210
0.0
220
0.0
230
1.0
71
0
72
0
100
AcDbText
73
0
0
POINT
5
267
330
1C
100
AcDbEntity
67
0
8
1 - границы Достопримечательного места
62
256
6
ByLayer
370
-1
48
1.0
60
0
100
AcDbPoint
10
1394463.78031254
20
360651.404505559
30
0.0
39
0.0
210
0.0
220
0.0
230
1.0
50
360.0
0
TEXT
5
268
330
1C
100
AcDbEntity
67
0
8
1 - границы Достопримечательного места
62
7
6
ByLayer
370
-1
48
1.0
60
0
100
AcDbText
1
291
10
1394463.90944033
20
360651.678943664
30
0.0
40
0.31111111111
41
1.0
50
0.0
51
0.0
7
Standard
11
1394463.90944033
21
360651.678943664
31
0.0
210
0.0
220
0.0
230
1.0
71
0
72
0
100
AcDbText
73
0
0
POINT
5
269
330
1C
100
AcDbEntity
67
0
8
1 - границы Достопримечательного места
62
256
6
ByLayer
370
-1
48
1.0
60
0
100
AcDbPoint
10
1394405.4236491
20
360693.451474377
30
0.0
39
0.0
210
0.0
220
0.0
230
1.0
50
360.0
0
TEXT
5
26A
330
1C
100
AcDbEntity
67
0
8
1 - границы Достопримечательного места
62
7
6
ByLayer
370
-1
48
1.0
60
0
100
AcDbText
1
292
10
1394405.55277681
20
360693.725912375
30
0.0
40
0.31111111111
41
1.0
50
0.0
51
0.0
7
Standard
11
1394405.55277681
21
360693.725912375
31
0.0
210
0.0
220
0.0
230
1.0
71
0
72
0
100
AcDbText
73
0
0
POINT
5
26B
330
1C
100
AcDbEntity
67
0
8
1 - границы Достопримечательного места
62
256
6
ByLayer
370
-1
48
1.0
60
0
100
AcDbPoint
10
1394375.84990794
20
360815.818786403
30
0.0
39
0.0
210
0.0
220
0.0
230
1.0
50
360.0
0
TEXT
5
26C
330
1C
100
AcDbEntity
67
0
8
1 - границы Достопримечательного места
62
7
6
ByLayer
370
-1
48
1.0
60
0
100
AcDbText
1
293
10
1394375.97903544
20
360816.093224343
30
0.0
40
0.31111111111
41
1.0
50
0.0
51
0.0
7
Standard
11
1394375.97903544
21
360816.093224343
31
0.0
210
0.0
220
0.0
230
1.0
71
0
72
0
100
AcDbText
73
0
0
POINT
5
26D
330
1C
100
AcDbEntity
67
0
8
1 - границы Достопримечательного места
62
256
6
ByLayer
370
-1
48
1.0
60
0
100
AcDbPoint
10
1394249.88374919
20
360843.323901548
30
0.0
39
0.0
210
0.0
220
0.0
230
1.0
50
360.0
0
TEXT
5
26E
330
1C
100
AcDbEntity
67
0
8
1 - границы Достопримечательного места
62
7
6
ByLayer
370
-1
48
1.0
60
0
100
AcDbText
1
294
10
1394250.01287663
20
360843.598339256
30
0.0
40
0.31111111111
41
1.0
50
0.0
51
0.0
7
Standard
11
1394250.01287663
21
360843.598339256
31
0.0
210
0.0
220
0.0
230
1.0
71
0
72
0
100
AcDbText
73
0
0
POINT
5
26F
330
1C
100
AcDbEntity
67
0
8
1 - границы Достопримечательного места
62
256
6
ByLayer
370
-1
48
1.0
60
0
100
AcDbPoint
10
1394236.18240188
20
360777.419555561
30
0.0
39
0.0
210
0.0
220
0.0
230
1.0
50
360.0
0
TEXT
5
270
330
1C
100
AcDbEntity
67
0
8
1 - границы Достопримечательного места
62
7
6
ByLayer
370
-1
48
1.0
60
0
100
AcDbText
1
295
10
1394236.31152944
20
360777.693993251
30
0.0
40
0.31111111111
41
1.0
50
0.0
51
0.0
7
Standard
11
1394236.31152944
21
360777.693993251
31
0.0
210
0.0
220
0.0
230
1.0
71
0
72
0
100
AcDbText
73
0
0
POINT
5
271
330
1C
100
AcDbEntity
67
0
8
1 - границы Достопримечательного места
62
256
6
ByLayer
370
-1
48
1.0
60
0
100
AcDbPoint
10
1394206.25666828
20
360656.720923908
30
0.0
39
0.0
210
0.0
220
0.0
230
1.0
50
360.0
0
TEXT
5
272
330
1C
100
AcDbEntity
67
0
8
1 - границы Достопримечательного места
62
7
6
ByLayer
370
-1
48
1.0
60
0
100
AcDbText
1
296
10
1394206.38579606
20
360656.995361544
30
0.0
40
0.31111111111
41
1.0
50
0.0
51
0.0
7
Standard
11
1394206.38579606
21
360656.995361544
31
0.0
210
0.0
220
0.0
230
1.0
71
0
72
0
100
AcDbText
73
0
0
POINT
5
273
330
1C
100
AcDbEntity
67
0
8
1 - границы Достопримечательного места
62
256
6
ByLayer
370
-1
48
1.0
60
0
100
AcDbPoint
10
1394153.96032189
20
360394.504645991
30
0.0
39
0.0
210
0.0
220
0.0
230
1.0
50
360.0
0
TEXT
5
274
330
1C
100
AcDbEntity
67
0
8
1 - границы Достопримечательного места
62
7
6
ByLayer
370
-1
48
1.0
60
0
100
AcDbText
1
297
10
1394154.08945016
20
360394.779083536
30
0.0
40
0.31111111111
41
1.0
50
0.0
51
0.0
7
Standard
11
1394154.08945016
21
360394.779083536
31
0.0
210
0.0
220
0.0
230
1.0
71
0
72
0
100
AcDbText
73
0
0
POINT
5
275
330
1C
100
AcDbEntity
67
0
8
1 - границы Достопримечательного места
62
256
6
ByLayer
370
-1
48
1.0
60
0
100
AcDbPoint
10
1394142.19466059
20
360245.763110029
30
0.0
39
0.0
210
0.0
220
0.0
230
1.0
50
360.0
0
TEXT
5
276
330
1C
100
AcDbEntity
67
0
8
1 - границы Достопримечательного места
62
7
6
ByLayer
370
-1
48
1.0
60
0
100
AcDbText
1
298
10
1394142.32378912
20
360246.037547557
30
0.0
40
0.31111111111
41
1.0
50
0.0
51
0.0
7
Standard
11
1394142.32378912
21
360246.037547557
31
0.0
210
0.0
220
0.0
230
1.0
71
0
72
0
100
AcDbText
73
0
0
POINT
5
277
330
1C
100
AcDbEntity
67
0
8
1 - границы Достопримечательного места
62
256
6
ByLayer
370
-1
48
1.0
60
0
100
AcDbPoint
10
1394095.63570503
20
360204.816325169
30
0.0
39
0.0
210
0.0
220
0.0
230
1.0
50
360.0
0
TEXT
5
278
330
1C
100
AcDbEntity
67
0
8
1 - границы Достопримечательного места
62
7
6
ByLayer
370
-1
48
1.0
60
0
100
AcDbText
1
299
10
1394095.76483364
20
360205.090762612
30
0.0
40
0.31111111111
41
1.0
50
0.0
51
0.0
7
Standard
11
1394095.76483364
21
360205.090762612
31
0.0
210
0.0
220
0.0
230
1.0
71
0
72
0
100
AcDbText
73
0
0
POINT
5
279
330
1C
100
AcDbEntity
67
0
8
1 - границы Достопримечательного места
62
256
6
ByLayer
370
-1
48
1.0
60
0
100
AcDbPoint
10
1394214.73348824
20
359871.056840027
30
0.0
39
0.0
210
0.0
220
0.0
230
1.0
50
360.0
0
TEXT
5
27A
330
1C
100
AcDbEntity
67
0
8
1 - границы Достопримечательного места
62
7
6
ByLayer
370
-1
48
1.0
60
0
100
AcDbText
1
300
10
1394214.86261746
20
359871.331277697
30
0.0
40
0.31111111111
41
1.0
50
0.0
51
0.0
7
Standard
11
1394214.86261746
21
359871.331277697
31
0.0
210
0.0
220
0.0
230
1.0
71
0
72
0
100
AcDbText
73
0
0
POINT
5
27B
330
1C
100
AcDbEntity
67
0
8
1 - границы Достопримечательного места
62
256
6
ByLayer
370
-1
48
1.0
60
0
100
AcDbPoint
10
1394025.49795653
20
359637.002884248
30
0.0
39
0.0
210
0.0
220
0.0
230
1.0
50
360.0
0
TEXT
5
27C
330
1C
100
AcDbEntity
67
0
8
1 - границы Достопримечательного места
62
7
6
ByLayer
370
-1
48
1.0
60
0
100
AcDbText
1
301
10
1394025.62708618
20
359637.27732158
30
0.0
40
0.31111111111
41
1.0
50
0.0
51
0.0
7
Standard
11
1394025.62708618
21
359637.27732158
31
0.0
210
0.0
220
0.0
230
1.0
71
0
72
0
100
AcDbText
73
0
0
POINT
5
27D
330
1C
100
AcDbEntity
67
0
8
1 - границы Достопримечательного места
62
256
6
ByLayer
370
-1
48
1.0
60
0
100
AcDbPoint
10
1393933.98502462
20
359550.496504127
30
0.0
39
0.0
210
0.0
220
0.0
230
1.0
50
360.0
0
TEXT
5
27E
330
1C
100
AcDbEntity
67
0
8
1 - границы Достопримечательного места
62
7
6
ByLayer
370
-1
48
1.0
60
0
100
AcDbText
1
302
10
1393934.11415442
20
359550.770941296
30
0.0
40
0.31111111111
41
1.0
50
0.0
51
0.0
7
Standard
11
1393934.11415442
21
359550.770941296
31
0.0
210
0.0
220
0.0
230
1.0
71
0
72
0
100
AcDbText
73
0
0
POINT
5
27F
330
1C
100
AcDbEntity
67
0
8
1 - границы Достопримечательного места
62
256
6
ByLayer
370
-1
48
1.0
60
0
100
AcDbPoint
10
1393787.43400841
20
359541.143098653
30
0.0
39
0.0
210
0.0
220
0.0
230
1.0
50
360.0
0
TEXT
5
280
330
1C
100
AcDbEntity
67
0
8
1 - границы Достопримечательного места
62
7
6
ByLayer
370
-1
48
1.0
60
0
100
AcDbText
1
303
10
1393787.56313824
20
359541.417535556
30
0.0
40
0.31111111111
41
1.0
50
0.0
51
0.0
7
Standard
11
1393787.56313824
21
359541.417535556
31
0.0
210
0.0
220
0.0
230
1.0
71
0
72
0
100
AcDbText
73
0
0
POINT
5
281
330
1C
100
AcDbEntity
67
0
8
1 - границы Достопримечательного места
62
256
6
ByLayer
370
-1
48
1.0
60
0
100
AcDbPoint
10
1393709.12803531
20
359414.444761243
30
0.0
39
0.0
210
0.0
220
0.0
230
1.0
50
360.0
0
TEXT
5
282
330
1C
100
AcDbEntity
67
0
8
1 - границы Достопримечательного места
62
7
6
ByLayer
370
-1
48
1.0
60
0
100
AcDbText
1
304
10
1393709.25716537
20
359414.719198003
30
0.0
40
0.31111111111
41
1.0
50
0.0
51
0.0
7
Standard
11
1393709.25716537
21
359414.719198003
31
0.0
210
0.0
220
0.0
230
1.0
71
0
72
0
100
AcDbText
73
0
0
POINT
5
283
330
1C
100
AcDbEntity
67
0
8
1 - границы Достопримечательного места
62
256
6
ByLayer
370
-1
48
1.0
60
0
100
AcDbPoint
10
1393739.8601817
20
359327.874912513
30
0.0
39
0.0
210
0.0
220
0.0
230
1.0
50
360.0
0
TEXT
5
284
330
1C
100
AcDbEntity
67
0
8
1 - границы Достопримечательного места
62
7
6
ByLayer
370
-1
48
1.0
60
0
100
AcDbText
1
305
10
1393739.98931192
20
359328.149349331
30
0.0
40
0.31111111111
41
1.0
50
0.0
51
0.0
7
Standard
11
1393739.98931192
21
359328.149349331
31
0.0
210
0.0
220
0.0
230
1.0
71
0
72
0
100
AcDbText
73
0
0
POINT
5
285
330
1C
100
AcDbEntity
67
0
8
1 - границы Достопримечательного места
62
256
6
ByLayer
370
-1
48
1.0
60
0
100
AcDbPoint
10
1393944.14007721
20
358979.184932202
30
0.0
39
0.0
210
0.0
220
0.0
230
1.0
50
360.0
0
TEXT
5
286
330
1C
100
AcDbEntity
67
0
8
1 - границы Достопримечательного места
62
7
6
ByLayer
370
-1
48
1.0
60
0
100
AcDbText
1
306
10
1393944.26920806
20
358979.459369404
30
0.0
40
0.31111111111
41
1.0
50
0.0
51
0.0
7
Standard
11
1393944.26920806
21
358979.459369404
31
0.0
210
0.0
220
0.0
230
1.0
71
0
72
0
100
AcDbText
73
0
0
POINT
5
287
330
1C
100
AcDbEntity
67
0
8
1 - границы Достопримечательного места
62
256
6
ByLayer
370
-1
48
1.0
60
0
100
AcDbPoint
10
1394043.75075631
20
358892.266188597
30
0.0
39
0.0
210
0.0
220
0.0
230
1.0
50
360.0
0
TEXT
5
288
330
1C
100
AcDbEntity
67
0
8
1 - границы Достопримечательного места
62
7
6
ByLayer
370
-1
48
1.0
60
0
100
AcDbText
1
307
10
1394043.87988732
20
358892.540625979
30
0.0
40
0.31111111111
41
1.0
50
0.0
51
0.0
7
Standard
11
1394043.87988732
21
358892.540625979
31
0.0
210
0.0
220
0.0
230
1.0
71
0
72
0
100
AcDbText
73
0
0
POINT
5
289
330
1C
100
AcDbEntity
67
0
8
1 - границы Достопримечательного места
62
256
6
ByLayer
370
-1
48
1.0
60
0
100
AcDbPoint
10
1393937.00107416
20
358733.353951459
30
0.0
39
0.0
210
0.0
220
0.0
230
1.0
50
360.0
0
TEXT
5
28A
330
1C
100
AcDbEntity
67
0
8
1 - границы Достопримечательного места
62
7
6
ByLayer
370
-1
48
1.0
60
0
100
AcDbText
1
308
10
1393937.13020545
20
358733.628388652
30
0.0
40
0.31111111111
41
1.0
50
0.0
51
0.0
7
Standard
11
1393937.13020545
21
358733.628388652
31
0.0
210
0.0
220
0.0
230
1.0
71
0
72
0
100
AcDbText
73
0
0
POINT
5
28B
330
1C
100
AcDbEntity
67
0
8
1 - границы Достопримечательного места
62
256
6
ByLayer
370
-1
48
1.0
60
0
100
AcDbPoint
10
1393216.28213822
20
358437.997385899
30
0.0
39
0.0
210
0.0
220
0.0
230
1.0
50
360.0
0
TEXT
5
28C
330
1C
100
AcDbEntity
67
0
8
1 - границы Достопримечательного места
62
7
6
ByLayer
370
-1
48
1.0
60
0
100
AcDbText
1
309
10
1393216.41127007
20
358438.271821785
30
0.0
40
0.31111111111
41
1.0
50
0.0
51
0.0
7
Standard
11
1393216.41127007
21
358438.271821785
31
0.0
210
0.0
220
0.0
230
1.0
71
0
72
0
100
AcDbText
73
0
0
POINT
5
28D
330
1C
100
AcDbEntity
67
0
8
1 - границы Достопримечательного места
62
256
6
ByLayer
370
-1
48
1.0
60
0
100
AcDbPoint
10
1393188.24902291
20
358478.660767047
30
0.0
39
0.0
210
0.0
220
0.0
230
1.0
50
360.0
0
TEXT
5
28E
330
1C
100
AcDbEntity
67
0
8
1 - границы Достопримечательного места
62
7
6
ByLayer
370
-1
48
1.0
60
0
100
AcDbText
1
310
10
1393188.37815469
20
358478.93520288
30
0.0
40
0.31111111111
41
1.0
50
0.0
51
0.0
7
Standard
11
1393188.37815469
21
358478.93520288
31
0.0
210
0.0
220
0.0
230
1.0
71
0
72
0
100
AcDbText
73
0
0
POINT
5
28F
330
1C
100
AcDbEntity
67
0
8
1 - границы Достопримечательного места
62
256
6
ByLayer
370
-1
48
1.0
60
0
100
AcDbPoint
10
1393101.5330675
20
358470.816286487
30
0.0
39
0.0
210
0.0
220
0.0
230
1.0
50
360.0
0
TEXT
5
290
330
1C
100
AcDbEntity
67
0
8
1 - границы Достопримечательного места
62
7
6
ByLayer
370
-1
48
1.0
60
0
100
AcDbText
1
311
10
1393101.66219929
20
358471.090722164
30
0.0
40
0.31111111111
41
1.0
50
0.0
51
0.0
7
Standard
11
1393101.66219929
21
358471.090722164
31
0.0
210
0.0
220
0.0
230
1.0
71
0
72
0
100
AcDbText
73
0
0
POINT
5
291
330
1C
100
AcDbEntity
67
0
8
1 - границы Достопримечательного места
62
256
6
ByLayer
370
-1
48
1.0
60
0
100
AcDbPoint
10
1393002.35614431
20
358352.166523741
30
0.0
39
0.0
210
0.0
220
0.0
230
1.0
50
360.0
0
TEXT
5
292
330
1C
100
AcDbEntity
67
0
8
1 - границы Достопримечательного места
62
7
6
ByLayer
370
-1
48
1.0
60
0
100
AcDbText
1
312
10
1393002.48527633
20
358352.44095924
30
0.0
40
0.31111111111
41
1.0
50
0.0
51
0.0
7
Standard
11
1393002.48527633
21
358352.44095924
31
0.0
210
0.0
220
0.0
230
1.0
71
0
72
0
100
AcDbText
73
0
0
POINT
5
293
330
1C
100
AcDbEntity
67
0
8
1 - границы Достопримечательного места
62
256
6
ByLayer
370
-1
48
1.0
60
0
100
AcDbPoint
10
1392990.03009146
20
358320.415393182
30
0.0
39
0.0
210
0.0
220
0.0
230
1.0
50
360.0
0
TEXT
5
294
330
1C
100
AcDbEntity
67
0
8
1 - границы Достопримечательного места
62
7
6
ByLayer
370
-1
48
1.0
60
0
100
AcDbText
1
313
10
1392990.15922353
20
358320.689828657
30
0.0
40
0.31111111111
41
1.0
50
0.0
51
0.0
7
Standard
11
1392990.15922353
21
358320.689828657
31
0.0
210
0.0
220
0.0
230
1.0
71
0
72
0
100
AcDbText
73
0
0
POINT
5
295
330
1C
100
AcDbEntity
67
0
8
1 - границы Достопримечательного места
62
256
6
ByLayer
370
-1
48
1.0
60
0
100
AcDbPoint
10
1392989.5056259
20
358258.124160339
30
0.0
39
0.0
210
0.0
220
0.0
230
1.0
50
360.0
0
TEXT
5
296
330
1C
100
AcDbEntity
67
0
8
1 - границы Достопримечательного места
62
7
6
ByLayer
370
-1
48
1.0
60
0
100
AcDbText
1
314
10
1392989.63475809
20
358258.398595816
30
0.0
40
0.31111111111
41
1.0
50
0.0
51
0.0
7
Standard
11
1392989.63475809
21
358258.398595816
31
0.0
210
0.0
220
0.0
230
1.0
71
0
72
0
100
AcDbText
73
0
0
POINT
5
297
330
1C
100
AcDbEntity
67
0
8
1 - границы Достопримечательного места
62
256
6
ByLayer
370
-1
48
1.0
60
0
100
AcDbPoint
10
1393067.60208886
20
358275.06322789
30
0.0
39
0.0
210
0.0
220
0.0
230
1.0
50
360.0
0
TEXT
5
298
330
1C
100
AcDbEntity
67
0
8
1 - границы Достопримечательного места
62
7
6
ByLayer
370
-1
48
1.0
60
0
100
AcDbText
1
315
10
1393067.73122102
20
358275.33766351
30
0.0
40
0.31111111111
41
1.0
50
0.0
51
0.0
7
Standard
11
1393067.73122102
21
358275.33766351
31
0.0
210
0.0
220
0.0
230
1.0
71
0
72
0
100
AcDbText
73
0
0
POINT
5
299
330
1C
100
AcDbEntity
67
0
8
1 - границы Достопримечательного места
62
256
6
ByLayer
370
-1
48
1.0
60
0
100
AcDbPoint
10
1393120.65005274
20
358139.207240829
30
0.0
39
0.0
210
0.0
220
0.0
230
1.0
50
360.0
0
TEXT
5
29A
330
1C
100
AcDbEntity
67
0
8
1 - границы Достопримечательного места
62
7
6
ByLayer
370
-1
48
1.0
60
0
100
AcDbText
1
316
10
1393120.77918515
20
358139.481676546
30
0.0
40
0.31111111111
41
1.0
50
0.0
51
0.0
7
Standard
11
1393120.77918515
21
358139.481676546
31
0.0
210
0.0
220
0.0
230
1.0
71
0
72
0
100
AcDbText
73
0
0
POINT
5
29B
330
1C
100
AcDbEntity
67
0
8
1 - границы Достопримечательного места
62
256
6
ByLayer
370
-1
48
1.0
60
0
100
AcDbPoint
10
1392988.57379753
20
357874.926776919
30
0.0
39
0.0
210
0.0
220
0.0
230
1.0
50
360.0
0
TEXT
5
29C
330
1C
100
AcDbEntity
67
0
8
1 - границы Достопримечательного места
62
7
6
ByLayer
370
-1
48
1.0
60
0
100
AcDbText
1
317
10
1392988.70293041
20
357875.201212402
30
0.0
40
0.31111111111
41
1.0
50
0.0
51
0.0
7
Standard
11
1392988.70293041
21
357875.201212402
31
0.0
210
0.0
220
0.0
230
1.0
71
0
72
0
100
AcDbText
73
0
0
POINT
5
29D
330
1C
100
AcDbEntity
67
0
8
1 - границы Достопримечательного места
62
256
6
ByLayer
370
-1
48
1.0
60
0
100
AcDbPoint
10
1392852.40754712
20
357740.946038016
30
0.0
39
0.0
210
0.0
220
0.0
230
1.0
50
360.0
0
TEXT
5
29E
330
1C
100
AcDbEntity
67
0
8
1 - границы Достопримечательного места
62
7
6
ByLayer
370
-1
48
1.0
60
0
100
AcDbText
1
318
10
1392852.53668025
20
357741.220473255
30
0.0
40
0.31111111111
41
1.0
50
0.0
51
0.0
7
Standard
11
1392852.53668025
21
357741.220473255
31
0.0
210
0.0
220
0.0
230
1.0
71
0
72
0
100
AcDbText
73
0
0
POINT
5
29F
330
1C
100
AcDbEntity
67
0
8
1 - границы Достопримечательного места
62
256
6
ByLayer
370
-1
48
1.0
60
0
100
AcDbPoint
10
1392906.79899281
20
357651.077367618
30
0.0
39
0.0
210
0.0
220
0.0
230
1.0
50
360.0
0
TEXT
5
2A0
330
1C
100
AcDbEntity
67
0
8
1 - границы Достопримечательного места
62
7
6
ByLayer
370
-1
48
1.0
60
0
100
AcDbText
1
319
10
1392906.92812611
20
357651.351802957
30
0.0
40
0.31111111111
41
1.0
50
0.0
51
0.0
7
Standard
11
1392906.92812611
21
357651.351802957
31
0.0
210
0.0
220
0.0
230
1.0
71
0
72
0
100
AcDbText
73
0
0
POINT
5
2A1
330
1C
100
AcDbEntity
67
0
8
1 - границы Достопримечательного места
62
256
6
ByLayer
370
-1
48
1.0
60
0
100
AcDbPoint
10
1392821.06668973
20
357487.527083485
30
0.0
39
0.0
210
0.0
220
0.0
230
1.0
50
360.0
0
TEXT
5
2A2
330
1C
100
AcDbEntity
67
0
8
1 - границы Достопримечательного места
62
7
6
ByLayer
370
-1
48
1.0
60
0
100
AcDbText
1
320
10
1392821.19582332
20
357487.801518674
30
0.0
40
0.31111111111
41
1.0
50
0.0
51
0.0
7
Standard
11
1392821.19582332
21
357487.801518674
31
0.0
210
0.0
220
0.0
230
1.0
71
0
72
0
100
AcDbText
73
0
0
POINT
5
2A3
330
1C
100
AcDbEntity
67
0
8
1 - границы Достопримечательного места
62
256
6
ByLayer
370
-1
48
1.0
60
0
100
AcDbPoint
10
1392617.25323269
20
357408.573501408
30
0.0
39
0.0
210
0.0
220
0.0
230
1.0
50
360.0
0
TEXT
5
2A4
330
1C
100
AcDbEntity
67
0
8
1 - границы Достопримечательного места
62
7
6
ByLayer
370
-1
48
1.0
60
0
100
AcDbText
1
321
10
1392617.38236644
20
357408.847936224
30
0.0
40
0.31111111111
41
1.0
50
0.0
51
0.0
7
Standard
11
1392617.38236644
21
357408.847936224
31
0.0
210
0.0
220
0.0
230
1.0
71
0
72
0
100
AcDbText
73
0
0
POINT
5
2A5
330
1C
100
AcDbEntity
67
0
8
1 - границы Достопримечательного места
62
256
6
ByLayer
370
-1
48
1.0
60
0
100
AcDbPoint
10
1392537.73234886
20
357178.06796838
30
0.0
39
0.0
210
0.0
220
0.0
230
1.0
50
360.0
0
TEXT
5
2A6
330
1C
100
AcDbEntity
67
0
8
1 - границы Достопримечательного места
62
7
6
ByLayer
370
-1
48
1.0
60
0
100
AcDbText
1
322
10
1392537.86148303
20
357178.342403057
30
0.0
40
0.31111111111
41
1.0
50
0.0
51
0.0
7
Standard
11
1392537.86148303
21
357178.342403057
31
0.0
210
0.0
220
0.0
230
1.0
71
0
72
0
100
AcDbText
73
0
0
POINT
5
2A7
330
1C
100
AcDbEntity
67
0
8
1 - границы Достопримечательного места
62
256
6
ByLayer
370
-1
48
1.0
60
0
100
AcDbPoint
10
1392501.06752927
20
356822.574480414
30
0.0
39
0.0
210
0.0
220
0.0
230
1.0
50
360.0
0
TEXT
5
2A8
330
1C
100
AcDbEntity
67
0
8
1 - границы Достопримечательного места
62
7
6
ByLayer
370
-1
48
1.0
60
0
100
AcDbText
1
323
10
1392501.19666409
20
356822.848915037
30
0.0
40
0.31111111111
41
1.0
50
0.0
51
0.0
7
Standard
11
1392501.19666409
21
356822.848915037
31
0.0
210
0.0
220
0.0
230
1.0
71
0
72
0
100
AcDbText
73
0
0
POINT
5
2A9
330
1C
100
AcDbEntity
67
0
8
1 - границы Достопримечательного места
62
256
6
ByLayer
370
-1
48
1.0
60
0
100
AcDbPoint
10
1392389.86673698
20
356720.292638246
30
0.0
39
0.0
210
0.0
220
0.0
230
1.0
50
360.0
0
TEXT
5
2AA
330
1C
100
AcDbEntity
67
0
8
1 - границы Достопримечательного места
62
7
6
ByLayer
370
-1
48
1.0
60
0
100
AcDbText
1
324
10
1392389.99587199
20
356720.567072665
30
0.0
40
0.31111111111
41
1.0
50
0.0
51
0.0
7
Standard
11
1392389.99587199
21
356720.567072665
31
0.0
210
0.0
220
0.0
230
1.0
71
0
72
0
100
AcDbText
73
0
0
POINT
5
2AB
330
1C
100
AcDbEntity
67
0
8
1 - границы Достопримечательного места
62
256
6
ByLayer
370
-1
48
1.0
60
0
100
AcDbPoint
10
1392006.87594837
20
356551.137013585
30
0.0
39
0.0
210
0.0
220
0.0
230
1.0
50
360.0
0
TEXT
5
2AC
330
1C
100
AcDbEntity
67
0
8
1 - границы Достопримечательного места
62
7
6
ByLayer
370
-1
48
1.0
60
0
100
AcDbText
1
325
10
1392007.00508369
20
356551.411447312
30
0.0
40
0.31111111111
41
1.0
50
0.0
51
0.0
7
Standard
11
1392007.00508369
21
356551.411447312
31
0.0
210
0.0
220
0.0
230
1.0
71
0
72
0
100
AcDbText
73
0
0
POINT
5
2AD
330
1C
100
AcDbEntity
67
0
8
1 - границы Достопримечательного места
62
256
6
ByLayer
370
-1
48
1.0
60
0
100
AcDbPoint
10
1391938.38015298
20
356448.08554023
30
0.0
39
0.0
210
0.0
220
0.0
230
1.0
50
360.0
0
TEXT
5
2AE
330
1C
100
AcDbEntity
67
0
8
1 - границы Достопримечательного места
62
7
6
ByLayer
370
-1
48
1.0
60
0
100
AcDbText
1
326
10
1391938.5092885
20
356448.359973836
30
0.0
40
0.31111111111
41
1.0
50
0.0
51
0.0
7
Standard
11
1391938.5092885
21
356448.359973836
31
0.0
210
0.0
220
0.0
230
1.0
71
0
72
0
100
AcDbText
73
0
0
POINT
5
2AF
330
1C
100
AcDbEntity
67
0
8
1 - границы Достопримечательного места
62
256
6
ByLayer
370
-1
48
1.0
60
0
100
AcDbPoint
10
1391908.25020018
20
356214.10614743
30
0.0
39
0.0
210
0.0
220
0.0
230
1.0
50
360.0
0
TEXT
5
2B0
330
1C
100
AcDbEntity
67
0
8
1 - границы Достопримечательного места
62
7
6
ByLayer
370
-1
48
1.0
60
0
100
AcDbText
1
327
10
1391908.37933613
20
356214.380580984
30
0.0
40
0.31111111111
41
1.0
50
0.0
51
0.0
7
Standard
11
1391908.37933613
21
356214.380580984
31
0.0
210
0.0
220
0.0
230
1.0
71
0
72
0
100
AcDbText
73
0
0
POINT
5
2B1
330
1C
100
AcDbEntity
67
0
8
1 - границы Достопримечательного места
62
256
6
ByLayer
370
-1
48
1.0
60
0
100
AcDbPoint
10
1391552.292016
20
355891.636866966
30
0.0
39
0.0
210
0.0
220
0.0
230
1.0
50
360.0
0
TEXT
5
2B2
330
1C
100
AcDbEntity
67
0
8
1 - границы Достопримечательного места
62
7
6
ByLayer
370
-1
48
1.0
60
0
100
AcDbText
1
328
10
1391552.42115254
20
355891.911299878
30
0.0
40
0.31111111111
41
1.0
50
0.0
51
0.0
7
Standard
11
1391552.42115254
21
355891.911299878
31
0.0
210
0.0
220
0.0
230
1.0
71
0
72
0
100
AcDbText
73
0
0
POINT
5
2B3
330
1C
100
AcDbEntity
67
0
8
1 - границы Достопримечательного места
62
256
6
ByLayer
370
-1
48
1.0
60
0
100
AcDbPoint
10
1391406.93412138
20
355333.065975002
30
0.0
39
0.0
210
0.0
220
0.0
230
1.0
50
360.0
0
TEXT
5
2B4
330
1C
100
AcDbEntity
67
0
8
1 - границы Достопримечательного места
62
7
6
ByLayer
370
-1
48
1.0
60
0
100
AcDbText
1
329
10
1391407.06325895
20
355333.340407662
30
0.0
40
0.31111111111
41
1.0
50
0.0
51
0.0
7
Standard
11
1391407.06325895
21
355333.340407662
31
0.0
210
0.0
220
0.0
230
1.0
71
0
72
0
100
AcDbText
73
0
0
POINT
5
2B5
330
1C
100
AcDbEntity
67
0
8
1 - границы Достопримечательного места
62
256
6
ByLayer
370
-1
48
1.0
60
0
100
AcDbPoint
10
1391450.31056611
20
355154.006827804
30
0.0
39
0.0
210
0.0
220
0.0
230
1.0
50
360.0
0
TEXT
5
2B6
330
1C
100
AcDbEntity
67
0
8
1 - границы Достопримечательного места
62
7
6
ByLayer
370
-1
48
1.0
60
0
100
AcDbText
1
330
10
1391450.43970401
20
355154.281260549
30
0.0
40
0.31111111111
41
1.0
50
0.0
51
0.0
7
Standard
11
1391450.43970401
21
355154.281260549
31
0.0
210
0.0
220
0.0
230
1.0
71
0
72
0
100
AcDbText
73
0
0
POINT
5
2B7
330
1C
100
AcDbEntity
67
0
8
1 - границы Достопримечательного места
62
256
6
ByLayer
370
-1
48
1.0
60
0
100
AcDbPoint
10
1391642.23117619
20
354865.221204625
30
0.0
39
0.0
210
0.0
220
0.0
230
1.0
50
360.0
0
TEXT
5
2B8
330
1C
100
AcDbEntity
67
0
8
1 - границы Достопримечательного места
62
7
6
ByLayer
370
-1
48
1.0
60
0
100
AcDbText
1
331
10
1391642.3603146
20
354865.495637726
30
0.0
40
0.31111111111
41
1.0
50
0.0
51
0.0
7
Standard
11
1391642.3603146
21
354865.495637726
31
0.0
210
0.0
220
0.0
230
1.0
71
0
72
0
100
AcDbText
73
0
0
POINT
5
2B9
330
1C
100
AcDbEntity
67
0
8
1 - границы Достопримечательного места
62
256
6
ByLayer
370
-1
48
1.0
60
0
100
AcDbPoint
10
1395616.52628411
20
358659.722601909
30
0.0
39
0.0
210
0.0
220
0.0
230
1.0
50
360.0
0
TEXT
5
2BA
330
1C
100
AcDbEntity
67
0
8
1 - границы Достопримечательного места
62
7
6
ByLayer
370
-1
48
1.0
60
0
100
AcDbText
1
332
10
1395616.6554155
20
358659.997042167
30
0.0
40
0.31111111111
41
1.0
50
0.0
51
0.0
7
Standard
11
1395616.6554155
21
358659.997042167
31
0.0
210
0.0
220
0.0
230
1.0
71
0
72
0
100
AcDbText
73
0
0
POINT
5
2BB
330
1C
100
AcDbEntity
67
0
8
1 - границы Достопримечательного места
62
256
6
ByLayer
370
-1
48
1.0
60
0
100
AcDbPoint
10
1395586.66861997
20
358659.265541036
30
0.0
39
0.0
210
0.0
220
0.0
230
1.0
50
360.0
0
TEXT
5
2BC
330
1C
100
AcDbEntity
67
0
8
1 - границы Достопримечательного места
62
7
6
ByLayer
370
-1
48
1.0
60
0
100
AcDbText
1
333
10
1395586.79775136
20
358659.53998124
30
0.0
40
0.31111111111
41
1.0
50
0.0
51
0.0
7
Standard
11
1395586.79775136
21
358659.53998124
31
0.0
210
0.0
220
0.0
230
1.0
71
0
72
0
100
AcDbText
73
0
0
LWPOLYLINE
5
2BD
330
1C
100
AcDbEntity
67
0
8
1 - границы Достопримечательного места
62
7
6
ByLayer
370
20
48
1.0
60
0
100
AcDbPolyline
90
332
70
1
38
0.0
39
0.0
10
1391719.71529228
20
354905.79133692
40
0.0
41
0.0
42
0.0
10
1391642.23117619
20
354865.221204625
40
0.0
41
0.0
42
0.0
10
1391450.31056611
20
355154.006827804
40
0.0
41
0.0
42
0.0
10
1391406.93412138
20
355333.065975002
40
0.0
41
0.0
42
0.0
10
1391552.292016
20
355891.636866966
40
0.0
41
0.0
42
0.0
10
1391908.25020018
20
356214.10614743
40
0.0
41
0.0
42
0.0
10
1391938.38015298
20
356448.08554023
40
0.0
41
0.0
42
0.0
10
1392006.87594837
20
356551.137013585
40
0.0
41
0.0
42
0.0
10
1392389.86673698
20
356720.292638246
40
0.0
41
0.0
42
0.0
10
1392501.06752927
20
356822.574480414
40
0.0
41
0.0
42
0.0
10
1392537.73234886
20
357178.06796838
40
0.0
41
0.0
42
0.0
10
1392617.25323269
20
357408.573501408
40
0.0
41
0.0
42
0.0
10
1392821.06668973
20
357487.527083485
40
0.0
41
0.0
42
0.0
10
1392906.79899281
20
357651.077367618
40
0.0
41
0.0
42
0.0
10
1392852.40754712
20
357740.946038016
40
0.0
41
0.0
42
0.0
10
1392988.57379753
20
357874.926776919
40
0.0
41
0.0
42
0.0
10
1393120.65005274
20
358139.207240829
40
0.0
41
0.0
42
0.0
10
1393067.60208886
20
358275.06322789
40
0.0
41
0.0
42
0.0
10
1392989.5056259
20
358258.124160339
40
0.0
41
0.0
42
0.0
10
1392990.03009146
20
358320.415393182
40
0.0
41
0.0
42
0.0
10
1393002.35614431
20
358352.166523741
40
0.0
41
0.0
42
0.0
10
1393101.5330675
20
358470.816286487
40
0.0
41
0.0
42
0.0
10
1393188.24902291
20
358478.660767047
40
0.0
41
0.0
42
0.0
10
1393216.28213822
20
358437.997385899
40
0.0
41
0.0
42
0.0
10
1393937.00107416
20
358733.353951459
40
0.0
41
0.0
42
0.0
10
1394043.75075631
20
358892.266188597
40
0.0
41
0.0
42
0.0
10
1393944.14007721
20
358979.184932202
40
0.0
41
0.0
42
0.0
10
1393739.8601817
20
359327.874912513
40
0.0
41
0.0
42
0.0
10
1393709.12803531
20
359414.444761243
40
0.0
41
0.0
42
0.0
10
1393787.43400841
20
359541.143098653
40
0.0
41
0.0
42
0.0
10
1393933.98502462
20
359550.496504127
40
0.0
41
0.0
42
0.0
10
1394025.49795653
20
359637.002884248
40
0.0
41
0.0
42
0.0
10
1394214.73348824
20
359871.056840027
40
0.0
41
0.0
42
0.0
10
1394095.63570503
20
360204.816325169
40
0.0
41
0.0
42
0.0
10
1394142.19466059
20
360245.763110029
40
0.0
41
0.0
42
0.0
10
1394153.96032189
20
360394.504645991
40
0.0
41
0.0
42
0.0
10
1394206.25666828
20
360656.720923908
40
0.0
41
0.0
42
0.0
10
1394236.18240188
20
360777.419555561
40
0.0
41
0.0
42
0.0
10
1394249.88374919
20
360843.323901548
40
0.0
41
0.0
42
0.0
10
1394375.84990794
20
360815.818786403
40
0.0
41
0.0
42
0.0
10
1394405.4236491
20
360693.451474377
40
0.0
41
0.0
42
0.0
10
1394463.78031254
20
360651.404505559
40
0.0
41
0.0
42
0.0
10
1394477.22031082
20
360620.064542824
40
0.0
41
0.0
42
0.0
10
1394522.31030258
20
360617.754534273
40
0.0
41
0.0
42
0.0
10
1394550.56415331
20
360626.46429401
40
0.0
41
0.0
42
0.0
10
1394621.63167179
20
360627.412805315
40
0.0
41
0.0
42
0.0
10
1394680.12020984
20
360610.795157705
40
0.0
41
0.0
42
0.0
10
1394726.52019963
20
360599.845149946
40
0.0
41
0.0
42
0.0
10
1394728.09020329
20
360619.525146286
40
0.0
41
0.0
42
0.0
10
1394728.0202094
20
360650.435140911
40
0.0
41
0.0
42
0.0
10
1394734.11020829
20
360650.33513974
40
0.0
41
0.0
42
0.0
10
1394799.92019772
20
360654.225125461
40
0.0
41
0.0
42
0.0
10
1394815.35019403
20
360648.725123222
40
0.0
41
0.0
42
0.0
10
1394821.60019639
20
360666.345118886
40
0.0
41
0.0
42
0.0
10
1394865.33018619
20
360652.72511217
40
0.0
41
0.0
42
0.0
10
1394961.10016663
20
360637.385094981
40
0.0
41
0.0
42
0.0
10
1394963.85016939
20
360653.455091607
40
0.0
41
0.0
42
0.0
10
1395029.43015833
20
360654.94507788
40
0.0
41
0.0
42
0.0
10
1395028.26022975
20
360691.184421121
40
0.0
41
0.0
42
0.0
10
1395041.64023961
20
360752.464407877
40
0.0
41
0.0
42
0.0
10
1395053.05024811
20
360805.214396495
40
0.0
41
0.0
42
0.0
10
1395057.98037079
20
360828.014855383
40
0.0
41
0.0
42
0.0
10
1395099.65895245
20
360818.9960942
40
0.0
41
0.0
42
0.0
10
1395109.84024258
20
360826.744381497
40
0.0
41
0.0
42
0.0
10
1395125.39023917
20
360823.174379019
40
0.0
41
0.0
42
0.0
10
1395135.22023807
20
360826.164376554
40
0.0
41
0.0
42
0.0
10
1395161.49023242
20
360820.534372313
40
0.0
41
0.0
42
0.0
10
1395175.93023074
20
360824.634368734
40
0.0
41
0.0
42
0.0
10
1395211.23022286
20
360815.684363274
40
0.0
41
0.0
42
0.0
10
1395256.62021816
20
360831.524351524
40
0.0
41
0.0
42
0.0
10
1395270.57021607
20
360833.144348466
40
0.0
41
0.0
42
0.0
10
1395304.90446251
20
360826.011089208
40
0.0
41
0.0
42
0.0
10
1395301.63020649
20
360811.874345977
40
0.0
41
0.0
42
0.0
10
1395350.74019536
20
360798.584338524
40
0.0
41
0.0
42
0.0
10
1395364.74256927
20
360794.176778593
40
0.0
41
0.0
42
0.0
10
1395407.159426
20
360808.7530082
40
0.0
41
0.0
42
0.0
10
1395419.63018807
20
360821.774320841
40
0.0
41
0.0
42
0.0
10
1395425.55018867
20
360829.974318247
40
0.0
41
0.0
42
0.0
10
1395552.04020934
20
361044.174256116
40
0.0
41
0.0
42
0.0
10
1395579.68603669
20
361028.060920986
40
0.0
41
0.0
42
0.0
10
1395594.44019714
20
361019.624251939
40
0.0
41
0.0
42
0.0
10
1395613.79993786
20
360973.655857487
40
0.0
41
0.0
42
0.0
10
1395687.87013563
20
360791.044272889
40
0.0
41
0.0
42
0.0
10
1395709.57112406
20
360751.624275387
40
0.0
41
0.0
42
0.0
10
1395724.83671105
20
360726.340107347
40
0.0
41
0.0
42
0.0
10
1395739.50491642
20
360735.367696197
40
0.0
41
0.0
42
0.0
10
1395773.84751264
20
360678.507502609
40
0.0
41
0.0
42
0.0
10
1395761.24035763
20
360670.650143321
40
0.0
41
0.0
42
0.0
10
1395796.47356611
20
360607.150582631
40
0.0
41
0.0
42
0.0
10
1395875.97001148
20
360650.484903578
40
0.0
41
0.0
42
0.0
10
1395877.97001042
20
360646.884903842
40
0.0
41
0.0
42
0.0
10
1395893.56000216
20
360618.834905475
40
0.0
41
0.0
42
0.0
10
1395911.79999258
20
360586.014907305
40
0.0
41
0.0
42
0.0
10
1395916.1699902
20
360578.154907839
40
0.0
41
0.0
42
0.0
10
1395923.68998625
20
360564.644908614
40
0.0
41
0.0
42
0.0
10
1395927.17998435
20
360558.354908982
40
0.0
41
0.0
42
0.0
10
1395890.11998742
20
360541.204919565
40
0.0
41
0.0
42
0.0
10
1395901.06998522
20
360540.004917466
40
0.0
41
0.0
42
0.0
10
1395906.00998433
20
360539.464916579
40
0.0
41
0.0
42
0.0
10
1395925.94997918
20
360530.844913979
40
0.0
41
0.0
42
0.0
10
1395936.89997507
20
360519.984913566
40
0.0
41
0.0
42
0.0
10
1395941.95997292
20
360513.524913629
40
0.0
41
0.0
42
0.0
10
1395945.63997135
20
360508.834913697
40
0.0
41
0.0
42
0.0
10
1395965.03314523
20
360509.996442741
40
0.0
41
0.0
42
0.0
10
1396003.29002556
20
360511.094258627
40
0.0
41
0.0
42
0.0
10
1396046.1300224
20
360532.424246437
40
0.0
41
0.0
42
0.0
10
1396050.37995993
20
360541.994886295
40
0.0
41
0.0
42
0.0
10
1396109.63002521
20
360601.844221835
40
0.0
41
0.0
42
0.0
10
1396106.29996335
20
360608.124863301
40
0.0
41
0.0
42
0.0
10
1396349.82994369
20
360720.374793629
40
0.0
41
0.0
42
0.0
10
1396350.88994249
20
360715.384794208
40
0.0
41
0.0
42
0.0
10
1396351.12994075
20
360706.674795665
40
0.0
41
0.0
42
0.0
10
1396353.23993824
20
360695.90479711
40
0.0
41
0.0
42
0.0
10
1396356.58993575
20
360686.324798071
40
0.0
41
0.0
42
0.0
10
1396360.81993326
20
360677.214798756
40
0.0
41
0.0
42
0.0
10
1396374.59992653
20
360655.754799649
40
0.0
41
0.0
42
0.0
10
1396377.97992407
20
360646.294800582
40
0.0
41
0.0
42
0.0
10
1396392.29991188
20
360596.90480613
40
0.0
41
0.0
42
0.0
10
1396417.60990274
20
360572.764805103
40
0.0
41
0.0
42
0.0
10
1396388.81989025
20
360484.964826197
40
0.0
41
0.0
42
0.0
10
1396368.11988831
20
360457.444835264
40
0.0
41
0.0
42
0.0
10
1396325.98958193
20
360403.38446888
40
0.0
41
0.0
42
0.0
10
1396372.78993157
20
360359.154211518
40
0.0
41
0.0
42
0.0
10
1396403.22991647
20
360309.604214045
40
0.0
41
0.0
42
0.0
10
1396459.28584601
20
360222.585895724
40
0.0
41
0.0
42
0.0
10
1396487.54987237
20
360160.824223009
40
0.0
41
0.0
42
0.0
10
1396544.83986865
20
360191.974206258
40
0.0
41
0.0
42
0.0
10
1396644.1298644
20
360256.934175309
40
0.0
41
0.0
42
0.0
10
1396696.60962814
20
360237.214070534
40
0.0
41
0.0
42
0.0
10
1396718.00978613
20
360246.584799389
40
0.0
41
0.0
42
0.0
10
1396760.77978344
20
360270.124786473
40
0.0
41
0.0
42
0.0
10
1396777.10977597
20
360246.674787111
40
0.0
41
0.0
42
0.0
10
1396787.39977173
20
360234.154787194
40
0.0
41
0.0
42
0.0
10
1396811.71976281
20
360210.264786279
40
0.0
41
0.0
42
0.0
10
1396852.90975295
20
360196.734780108
40
0.0
41
0.0
42
0.0
10
1396879.70974844
20
360196.934774549
40
0.0
41
0.0
42
0.0
10
1396942.56974164
20
360217.674757922
40
0.0
41
0.0
42
0.0
10
1396966.65973812
20
360220.614752462
40
0.0
41
0.0
42
0.0
10
1396978.04979885
20
360217.354115853
40
0.0
41
0.0
42
0.0
10
1397003.38972964
20
360209.844746773
40
0.0
41
0.0
42
0.0
10
1397017.70972404
20
360194.094746486
40
0.0
41
0.0
42
0.0
10
1397028.19972187
20
360192.17474464
40
0.0
41
0.0
42
0.0
10
1397047.05971794
20
360188.90474129
40
0.0
41
0.0
42
0.0
10
1397069.31000854
20
360185.284689342
40
0.0
41
0.0
42
0.0
10
1397115.83970294
20
360172.944729818
40
0.0
41
0.0
42
0.0
10
1397159.76969242
20
360158.084723383
40
0.0
41
0.0
42
0.0
10
1397366.09970388
20
360076.684063106
40
0.0
41
0.0
42
0.0
10
1397369.35970573
20
360088.834060363
40
0.0
41
0.0
42
0.0
10
1397380.47970867
20
360113.354053922
40
0.0
41
0.0
42
0.0
10
1397383.18970854
20
360114.994053089
40
0.0
41
0.0
42
0.0
10
1397386.17971007
20
360125.324050716
40
0.0
41
0.0
42
0.0
10
1397345.74971961
20
360138.224056507
40
0.0
41
0.0
42
0.0
10
1397326.25972356
20
360141.104059888
40
0.0
41
0.0
42
0.0
10
1397324.03972992
20
360171.284055112
40
0.0
41
0.0
42
0.0
10
1397329.9397301
20
360177.284052902
40
0.0
41
0.0
42
0.0
10
1397341.04921373
20
360202.876758412
40
0.0
41
0.0
42
0.0
10
1397348.14973432
20
360214.454042863
40
0.0
41
0.0
42
0.0
10
1397358.08973497
20
360226.374038829
40
0.0
41
0.0
42
0.0
10
1397379.12973536
20
360246.644031149
40
0.0
41
0.0
42
0.0
10
1397400.24131686
20
360264.321575286
40
0.0
41
0.0
42
0.0
10
1397490.84350669
20
360342.579941346
40
0.0
41
0.0
42
0.0
10
1397489.18388118
20
360378.325086736
40
0.0
41
0.0
42
0.0
10
1397509.36467036
20
360417.110802698
40
0.0
41
0.0
42
0.0
10
1397620.11817792
20
360477.077360294
40
0.0
41
0.0
42
0.0
10
1397722.95312962
20
360490.826905444
40
0.0
41
0.0
42
0.0
10
1397783.27728908
20
360491.369056585
40
0.0
41
0.0
42
0.0
10
1397858.34255605
20
360465.26829834
40
0.0
41
0.0
42
0.0
10
1397891.09489997
20
360383.443249178
40
0.0
41
0.0
42
0.0
10
1397886.85758165
20
360320.167285651
40
0.0
41
0.0
42
0.0
10
1397856.00965607
20
360262.273933754
40
0.0
41
0.0
42
0.0
10
1397809.03964686
20
360174.993958163
40
0.0
41
0.0
42
0.0
10
1397800.12963827
20
360123.953968754
40
0.0
41
0.0
42
0.0
10
1397809.58963501
20
360115.773968289
40
0.0
41
0.0
42
0.0
10
1397804.44963142
20
360093.183973221
40
0.0
41
0.0
42
0.0
10
1397788.36963487
20
360096.603975815
40
0.0
41
0.0
42
0.0
10
1397785.68121997
20
360055.534151399
40
0.0
41
0.0
42
0.0
10
1397787.08619219
20
360024.263479386
40
0.0
41
0.0
42
0.0
10
1397842.594868
20
360027.69487573
40
0.0
41
0.0
42
0.0
10
1397874.80605476
20
360031.27235905
40
0.0
41
0.0
42
0.0
10
1397893.83768569
20
360035.837344531
40
0.0
41
0.0
42
0.0
10
1397948.50702869
20
360056.051895789
40
0.0
41
0.0
42
0.0
10
1397967.28003189
20
360068.206227269
40
0.0
41
0.0
42
0.0
10
1398140.40801171
20
360085.527187381
40
0.0
41
0.0
42
0.0
10
1398180.28221373
20
360088.30122066
40
0.0
41
0.0
42
0.0
10
1398231.83641551
20
360080.364102093
40
0.0
41
0.0
42
0.0
10
1398262.00087263
20
360071.686990949
40
0.0
41
0.0
42
0.0
10
1398308.35712969
20
360039.405168856
40
0.0
41
0.0
42
0.0
10
1398282.60722918
20
360009.67516142
40
0.0
41
0.0
42
0.0
10
1398291.35415817
20
359916.752116151
40
0.0
41
0.0
42
0.0
10
1398284.439496
20
359828.783923613
40
0.0
41
0.0
42
0.0
10
1398299.58508709
20
359790.994919828
40
0.0
41
0.0
42
0.0
10
1398381.10947295
20
359796.843909946
40
0.0
41
0.0
42
0.0
10
1398442.96994152
20
359796.951940707
40
0.0
41
0.0
42
0.0
10
1398430.71944657
20
359707.133915603
40
0.0
41
0.0
42
0.0
10
1398365.90945718
20
359704.143928991
40
0.0
41
0.0
42
0.0
10
1398365.57913836
20
359646.753483267
40
0.0
41
0.0
42
0.0
10
1398370.45942714
20
359556.733953566
40
0.0
41
0.0
42
0.0
10
1398374.39799329
20
359486.508591596
40
0.0
41
0.0
42
0.0
10
1398431.10564103
20
359492.158175758
40
0.0
41
0.0
42
0.0
10
1398431.39964018
20
359488.51057634
40
0.0
41
0.0
42
0.0
10
1398450.76193601
20
359483.96397312
40
0.0
41
0.0
42
0.0
10
1398508.45962738
20
359490.563760003
40
0.0
41
0.0
42
0.0
10
1398505.5072342
20
359522.559955152
40
0.0
41
0.0
42
0.0
10
1398541.00072836
20
359524.003147534
40
0.0
41
0.0
42
0.0
10
1398541.79268231
20
359531.963423298
40
0.0
41
0.0
42
0.0
10
1398629.60341719
20
359544.805825632
40
0.0
41
0.0
42
0.0
10
1398712.33670053
20
359557.091093531
40
0.0
41
0.0
42
0.0
10
1398703.00770408
20
359642.924267354
40
0.0
41
0.0
42
0.0
10
1398760.49446962
20
359649.876456514
40
0.0
41
0.0
42
0.0
10
1398791.0098251
20
359646.328859069
40
0.0
41
0.0
42
0.0
10
1398801.11183053
20
359576.988780774
40
0.0
41
0.0
42
0.0
10
1398965.17933301
20
359600.283827953
40
0.0
41
0.0
42
0.0
10
1399064.79205867
20
359602.925553346
40
0.0
41
0.0
42
0.0
10
1399106.16931115
20
359612.973797764
40
0.0
41
0.0
42
0.0
10
1399167.33108955
20
359618.336933126
40
0.0
41
0.0
42
0.0
10
1399162.85919013
20
359727.535060573
40
0.0
41
0.0
42
0.0
10
1399179.18815554
20
359808.278304916
40
0.0
41
0.0
42
0.0
10
1399212.89280229
20
359893.064601565
40
0.0
41
0.0
42
0.0
10
1399224.1823109
20
359888.376493304
40
0.0
41
0.0
42
0.0
10
1399245.06935209
20
359940.113713636
40
0.0
41
0.0
42
0.0
10
1399250.87935289
20
359949.213710908
40
0.0
41
0.0
42
0.0
10
1399269.03936318
20
360016.863695605
40
0.0
41
0.0
42
0.0
10
1399276.00936935
20
360054.013687799
40
0.0
41
0.0
42
0.0
10
1399276.26938303
20
360123.183675791
40
0.0
41
0.0
42
0.0
10
1399266.49739993
20
360199.775664488
40
0.0
41
0.0
42
0.0
10
1399318.9994234
20
360363.783625713
40
0.0
41
0.0
42
0.0
10
1399359.63815861
20
360469.775127152
40
0.0
41
0.0
42
0.0
10
1399482.73947386
20
360760.553524601
40
0.0
41
0.0
42
0.0
10
1399496.79921966
20
360831.101574005
40
0.0
41
0.0
42
0.0
10
1399521.69797807
20
360836.401537854
40
0.0
41
0.0
42
0.0
10
1399658.3052096
20
360824.012199624
40
0.0
41
0.0
42
0.0
10
1399715.63181774
20
360788.638336694
40
0.0
41
0.0
42
0.0
10
1399778.82087157
20
360716.404328771
40
0.0
41
0.0
42
0.0
10
1399845.87733889
20
360657.446500638
40
0.0
41
0.0
42
0.0
10
1399887.03938397
20
360659.713461759
40
0.0
41
0.0
42
0.0
10
1399948.38936819
20
360633.613454084
40
0.0
41
0.0
42
0.0
10
1399912.39935774
20
360549.593475757
40
0.0
41
0.0
42
0.0
10
1399868.82934412
20
360443.123502821
40
0.0
41
0.0
42
0.0
10
1399823.47704029
20
360311.797626304
40
0.0
41
0.0
42
0.0
10
1399751.86930448
20
360141.543578178
40
0.0
41
0.0
42
0.0
10
1399725.89930595
20
360126.35358596
40
0.0
41
0.0
42
0.0
10
1399633.79932511
20
360142.693601429
40
0.0
41
0.0
42
0.0
10
1399561.30933872
20
360148.133614878
40
0.0
41
0.0
42
0.0
10
1399541.85561691
20
360087.439478027
40
0.0
41
0.0
42
0.0
10
1399487.26866419
20
360097.691305452
40
0.0
41
0.0
42
0.0
10
1399463.01932098
20
359973.163664645
40
0.0
41
0.0
42
0.0
10
1399458.04931811
20
359954.373668876
40
0.0
41
0.0
42
0.0
10
1399415.63830267
20
359816.275358271
40
0.0
41
0.0
42
0.0
10
1399354.51930706
20
359808.553714647
40
0.0
41
0.0
42
0.0
10
1399349.93929875
20
359762.703723478
40
0.0
41
0.0
42
0.0
10
1399333.63930135
20
359757.793727797
40
0.0
41
0.0
42
0.0
10
1399325.98930198
20
359758.173729277
40
0.0
41
0.0
42
0.0
10
1399310.94930225
20
359747.823734067
40
0.0
41
0.0
42
0.0
10
1399359.17927861
20
359669.2737378
40
0.0
41
0.0
42
0.0
10
1399368.03446405
20
359621.433350652
40
0.0
41
0.0
42
0.0
10
1399307.96346774
20
359620.162098803
40
0.0
41
0.0
42
0.0
10
1399302.27924445
20
359447.593787421
40
0.0
41
0.0
42
0.0
10
1399299.70821305
20
359394.414614554
40
0.0
41
0.0
42
0.0
10
1399303.10922249
20
359337.713806246
40
0.0
41
0.0
42
0.0
10
1399318.25722002
20
359338.823790786
40
0.0
41
0.0
42
0.0
10
1399320.50676922
20
359315.114615733
40
0.0
41
0.0
42
0.0
10
1399307.38545052
20
359291.759802954
40
0.0
41
0.0
42
0.0
10
1399317.80918708
20
359172.093831961
40
0.0
41
0.0
42
0.0
10
1399327.66288684
20
359134.207637173
40
0.0
41
0.0
42
0.0
10
1399220.34048072
20
359059.609703511
40
0.0
41
0.0
42
0.0
10
1399111.41144152
20
359130.897000871
40
0.0
41
0.0
42
0.0
10
1399031.68817525
20
359129.676502004
40
0.0
41
0.0
42
0.0
10
1398899.36939956
20
359035.209256289
40
0.0
41
0.0
42
0.0
10
1398845.38620768
20
359008.267762986
40
0.0
41
0.0
42
0.0
10
1398811.39923557
20
358975.493966492
40
0.0
41
0.0
42
0.0
10
1398793.03922532
20
358907.863981831
40
0.0
41
0.0
42
0.0
10
1398655.05125155
20
358919.893007142
40
0.0
41
0.0
42
0.0
10
1398530.83128022
20
358956.792525486
40
0.0
41
0.0
42
0.0
10
1398420.00930402
20
358979.606043487
40
0.0
41
0.0
42
0.0
10
1398407.16129492
20
358922.53305591
40
0.0
41
0.0
42
0.0
10
1398189.4293349
20
358934.434097074
40
0.0
41
0.0
42
0.0
10
1397801.32934647
20
358972.464795664
40
0.0
41
0.0
42
0.0
10
1397777.21935211
20
358979.81479932
40
0.0
41
0.0
42
0.0
10
1397770.3193496
20
358961.574803913
40
0.0
41
0.0
42
0.0
10
1397757.74976853
20
358966.558780316
40
0.0
41
0.0
42
0.0
10
1397764.43069754
20
358983.408074723
40
0.0
41
0.0
42
0.0
10
1397430.01943912
20
359116.934847368
40
0.0
41
0.0
42
0.0
10
1397208.67948577
20
359159.434885785
40
0.0
41
0.0
42
0.0
10
1397037.31952027
20
359184.624916799
40
0.0
41
0.0
42
0.0
10
1396866.82956772
20
359275.174936424
40
0.0
41
0.0
42
0.0
10
1396809.6295842
20
359308.594942396
40
0.0
41
0.0
42
0.0
10
1396740.10959611
20
359308.194956926
40
0.0
41
0.0
42
0.0
10
1396682.86960906
20
359323.784966052
40
0.0
41
0.0
42
0.0
10
1396378.11968186
20
359425.75501138
40
0.0
41
0.0
42
0.0
10
1396075.21689591
20
359368.39447086
40
0.0
41
0.0
42
0.0
10
1396091.01206311
20
359286.153658275
40
0.0
41
0.0
42
0.0
10
1395880.53378519
20
359243.20432415
40
0.0
41
0.0
42
0.0
10
1395714.02082504
20
359249.013534176
40
0.0
41
0.0
42
0.0
10
1395566.300628
20
359297.83337943
40
0.0
41
0.0
42
0.0
10
1395412.24947509
20
359351.636044469
40
0.0
41
0.0
42
0.0
10
1395351.66922247
20
359374.398569895
40
0.0
41
0.0
42
0.0
10
1395367.53983533
20
359321.345238303
40
0.0
41
0.0
42
0.0
10
1395365.80983498
20
359318.045239151
40
0.0
41
0.0
42
0.0
10
1395229.92986895
20
359370.985258184
40
0.0
41
0.0
42
0.0
10
1395029.82418966
20
359430.933519348
40
0.0
41
0.0
42
0.0
10
1395005.50991795
20
359422.855295561
40
0.0
41
0.0
42
0.0
10
1394869.21986914
20
359058.54538667
40
0.0
41
0.0
42
0.0
10
1394840.82043558
20
359068.373164374
40
0.0
41
0.0
42
0.0
10
1394803.62767455
20
358973.943689037
40
0.0
41
0.0
42
0.0
10
1394772.1554512
20
358836.388331205
40
0.0
41
0.0
42
0.0
10
1394603.92526551
20
358695.255893883
40
0.0
41
0.0
42
0.0
10
1394510.36489735
20
358576.900847323
40
0.0
41
0.0
42
0.0
10
1394563.55603235
20
358520.394909831
40
0.0
41
0.0
42
0.0
10
1394381.1862155
20
358366.772590998
40
0.0
41
0.0
42
0.0
10
1394119.2653608
20
358143.433684014
40
0.0
41
0.0
42
0.0
10
1393718.54297175
20
357789.5180426
40
0.0
41
0.0
42
0.0
10
1394095.72851353
20
357590.304772797
40
0.0
41
0.0
42
0.0
10
1394148.35173092
20
357411.997162455
40
0.0
41
0.0
42
0.0
10
1393746.21917856
20
356938.409808682
40
0.0
41
0.0
42
0.0
10
1393496.78619926
20
356644.860795384
40
0.0
41
0.0
42
0.0
10
1393295.47569815
20
356500.993794603
40
0.0
41
0.0
42
0.0
10
1393227.6218511
20
356565.63502676
40
0.0
41
0.0
42
0.0
10
1393134.53491806
20
356431.957627842
40
0.0
41
0.0
42
0.0
10
1393059.50012637
20
356447.022049634
40
0.0
41
0.0
42
0.0
10
1392890.25461758
20
356143.091197662
40
0.0
41
0.0
42
0.0
10
1392899.79169086
20
356114.365789087
40
0.0
41
0.0
42
0.0
10
1392854.38968665
20
356062.595652461
40
0.0
41
0.0
42
0.0
10
1392772.37968319
20
355973.755684086
40
0.0
41
0.0
42
0.0
10
1392745.94967908
20
355930.035696885
40
0.0
41
0.0
42
0.0
10
1392693.97132776
20
355892.703227528
40
0.0
41
0.0
42
0.0
10
1392599.85967056
20
355759.995755262
40
0.0
41
0.0
42
0.0
10
1392528.7910253
20
355709.399354001
40
0.0
41
0.0
42
0.0
10
1392093.36294604
20
355615.197456132
40
0.0
41
0.0
42
0.0
10
1391878.61056258
20
355670.972591158
40
0.0
41
0.0
42
0.0
10
1391801.58858251
20
355672.331698034
40
0.0
41
0.0
42
0.0
10
1391664.65825269
20
355618.573805464
40
0.0
41
0.0
42
0.0
10
1391719.71529228
20
354905.79133692
40
0.0
41
0.0
42
0.0
210
0.0
220
0.0
230
1.0
0
TEXT
5
2BE
330
1C
100
AcDbEntity
67
0
8
1 - границы Достопримечательного места
62
7
6
ByLayer
370
-1
48
1.0
60
0
100
AcDbText
1
10 555 036,23
10
1394382.17628586
20
358828.597737118
30
0.0
40
0.31111111111
41
1.0
50
0.0
51
0.0
7
Standard
11
1394382.17628586
21
358828.597737118
31
0.0
210
0.0
220
0.0
230
1.0
71
0
72
0
100
AcDbText
73
0
0
LWPOLYLINE
5
2BF
330
1C
100
AcDbEntity
67
0
8
1 - границы Достопримечательного места
62
7
6
ByLayer
370
20
48
1.0
60
0
100
AcDbPolyline
90
2
70
0
38
0.0
39
0.0
10
1395616.52628411
20
358659.722601909
40
0.0
41
0.0
42
0.0
10
1395586.66861997
20
358659.265541036
40
0.0
41
0.0
42
0.0
210
0.0
220
0.0
230
1.0
0
VIEWPORT
5
2C4
330
2C0
100
AcDbEntity
67
1
8
0
62
256
6
ByLayer
370
-1
48
1.0
60
0
100
AcDbViewport
10
0.0
20
0.0
30
0.0
40
297.0
41
210.0
68
1
69
1
12
50.0
22
100.0
13
0.0
23
0.0
14
10.0
24
10.0
15
10.0
25
10.0
16
0.0
26
0.0
36
1.0
17
0.0
27
0.0
37
0.0
42
50.0
43
0.0
44
0.0
45
250.0
50
0.0
51
0.0
72
1000
90
819232
110
0.0
120
0.0
130
0.0
111
1.0
121
0.0
131
0.0
112
0.0
122
1.0
132
0.0
0
ENDSEC
0
SECTION
2
OBJECTS
0
DICTIONARY
5
2C9
330
0
100
AcDbDictionary
280
1
281
1
3
ACAD_GROUP
350
12
3
ACAD_LAYOUT
350
2C3
3
ACAD_DGNDEFINITIONS
350
F
3
ACAD_DWFDEFINITIONS
350
10
3
ACAD_PDFDEFINITIONS
350
11
3
ACAD_MLINESTYLE
350
B
3
ACAD_IMAGE_DICT
350
E
3
ACAD_IMAGE_VARS
350
21
0
DICTIONARY
5
12
330
2C9
100
AcDbDictionary
280
1
281
1
0
DICTIONARY
5
2C3
330
2C9
100
AcDbDictionary
280
1
281
1
3
Model
350
20
3
Layout1
350
2C5
0
DICTIONARY
5
F
330
2C9
100
AcDbDictionary
280
1
281
1
0
DICTIONARY
5
10
330
2C9
100
AcDbDictionary
280
1
281
1
0
DICTIONARY
5
11
330
2C9
100
AcDbDictionary
280
1
281
1
0
DICTIONARY
5
B
330
2C9
100
AcDbDictionary
280
1
281
1
3
Standard
350
1B
0
DICTIONARY
5
E
330
2C9
100
AcDbDictionary
280
1
281
1
0
DICTIONARY
5
6
330
5
100
AcDbDictionary
280
1
281
1
3
ACAD_LAYERSTATES
360
2CA
0
DICTIONARY
5
2CA
330
6
100
AcDbDictionary
280
1
281
1
0
LAYOUT
5
20
330
2C3
100
AcDbPlotSettings
1

2
none_device
4
ISO_A4_(210.00_x_297.00_MM)
6

40
7.5
41
20.0
42
7.5
43
20.0
44
210.0
45
297.0
46
0.0
47
0.0
48
0.0
49
0.0
140
0.0
141
0.0
142
1.0
143
1.0
70
11952
72
1
73
1
74
1
7

75
0
76
0
77
2
78
300
147
1.0
148
0.0
149
0.0
100
AcDbLayout
1
Model
71
0
10
1391406.75912138
20
354865.046204627
11
1399949.06029921
21
361044.884251744
12
0.0
22
0.0
32
0.0
14
1399949.06029921
24
361044.884251744
34
0.0
15
231.3
25
175.5
35
0.0
146
0.0
13
0.0
23
0.0
33
0.0
16
1.0
26
0.0
36
0.0
17
0.0
27
1.0
37
0.0
76
0
330
1C
0
LAYOUT
5
2C5
330
2C3
100
AcDbPlotSettings
1

2
none_device
4
ISO_A4_(210.00_x_297.00_MM)
6

40
7.5
41
20.0
42
7.5
43
20.0
44
210.0
45
297.0
46
0.0
47
0.0
48
0.0
49
0.0
140
0.0
141
0.0
142
1.0
143
1.0
70
688
72
1
73
1
74
1
7

75
0
76
0
77
2
78
300
147
1.0
148
0.0
149
0.0
100
AcDbLayout
1
Layout1
71
1
10
-20.0
20
-7.5
11
277.0
21
202.5
12
0.0
22
0.0
32
0.0
14
25.7
24
19.5
34
0.0
15
231.3
25
175.5
35
0.0
146
0.0
13
0.0
23
0.0
33
0.0
16
1.0
26
0.0
36
0.0
17
0.0
27
1.0
37
0.0
76
0
330
2C0
0
MLINESTYLE
5
1B
330
B
100
AcDbMlineStyle
2
Standard
70
0
3

62
256
51
90.0
52
90.0
71
2
49
0.5
62
256
6
ByLayer
49
-0.5
62
256
6
ByLayer
0
RASTERVARIABLES
5
21
330
E
100
AcDbRasterVariables
90
0
70
1
71
1
72
0
0
ENDSEC
0
EOF
