999
DXF file generated by netDxf https://github.com/haplokuon/netDxf, Copyright(C) 2009-2020 Daniel Carvajal, Licensed under LGPL
0
SECTION
2
HEADER
9
$ACADVER
1
AC1024
9
$DWGCODEPAGE
3
ANSI_1252
9
$LASTSAVEDBY
1
Admin
9
$HANDSEED
5
6DD
9
$ANGBASE
50
0.0
9
$ANGDIR
70
0
9
$ATTMODE
70
1
9
$AUNITS
70
0
9
$AUPREC
70
0
9
$CECOLOR
62
256
9
$CELTSCALE
40
1.0
9
$CELTYPE
6
ByLayer
9
$CELWEIGHT
370
-1
9
$CLAYER
8
0
9
$CMLJUST
70
0
9
$CMLSCALE
40
20.0
9
$CMLSTYLE
2
Standard
9
$DIMSTYLE
2
Standard
9
$TEXTSIZE
40
2.5
9
$TEXTSTYLE
7
Standard
9
$LUNITS
70
2
9
$LUPREC
70
4
9
$MIRRTEXT
70
0
9
$EXTNAMES
290
1
9
$INSBASE
10
0.0
20
0.0
30
0.0
9
$INSUNITS
70
0
9
$LTSCALE
40
1.0
9
$LWDISPLAY
290
0
9
$PDMODE
70
33
9
$PDSIZE
40
0.75
9
$PLINEGEN
70
0
9
$PSLTSCALE
70
1
9
$TDCREATE
40
2460893.5858549
9
$TDUCREATE
40
2460893.16918823
9
$TDUPDATE
40
2460893.5858549
9
$TDUUPDATE
40
2460893.16918823
9
$TDINDWG
40
0.0
9
$UCSORG
10
0.0
20
0.0
30
0.0
9
$UCSXDIR
10
1.0
20
0.0
30
0.0
9
$UCSYDIR
10
0.0
20
1.0
30
0.0
9
$DIMADEC
70
0
9
$DIMALT
70
0
9
$DIMALTD
70
2
9
$DIMALTF
40
25.4
9
$DIMALTRND
40
0.0
9
$DIMALTTD
70
2
9
$DIMALTTZ
70
0
9
$DIMALTU
70
2
9
$DIMALTZ
70
0
9
$DIMAPOST
1

9
$DIMATFIT
70
3
9
$DIMAUNIT
70
0
9
$DIMASZ
40
0.18
9
$DIMAZIN
70
0
9
$DIMSAH
70
0
9
$DIMBLK
1

9
$DIMLDRBLK
1

9
$DIMCEN
40
0.09
9
$DIMCLRD
70
0
9
$DIMCLRE
70
0
9
$DIMCLRT
70
0
9
$DIMDEC
70
4
9
$DIMDLE
40
0.0
9
$DIMDLI
40
0.38
9
$DIMDSEP
70
46
9
$DIMEXE
40
0.18
9
$DIMEXO
40
0.0625
9
$DIMFXLON
70
0
9
$DIMFXL
40
1.0
9
$DIMGAP
40
0.09
9
$DIMJUST
70
0
9
$DIMLFAC
40
1.0
9
$DIMLUNIT
70
2
9
$DIMLWD
70
-2
9
$DIMLWE
70
-2
9
$DIMPOST
1

9
$DIMRND
40
0.0
9
$DIMSCALE
40
1.0
9
$DIMSD1
70
0
9
$DIMSD2
70
0
9
$DIMSE1
70
0
9
$DIMSE2
70
0
9
$DIMSOXD
70
0
9
$DIMTAD
70
0
9
$DIMTDEC
70
4
9
$DIMTFAC
40
1.0
9
$DIMTIH
70
0
9
$DIMTIX
70
0
9
$DIMTM
40
0.0
9
$DIMTMOVE
70
0
9
$DIMTOFL
70
0
9
$DIMTOH
70
0
9
$DIMTOL
70
0
9
$DIMLIM
70
0
9
$DIMTOLJ
70
1
9
$DIMTP
40
0.0
9
$DIMTXT
40
0.18
9
$DIMTXTDIRECTION
70
0
9
$DIMTZIN
70
0
9
$DIMZIN
70
0
9
$DIMFRAC
70
0
9
$DIMLTYPE
6
ByBlock
9
$DIMLTEX1
6
ByBlock
9
$DIMLTEX2
6
ByBlock
0
ENDSEC
0
SECTION
2
CLASSES
0
CLASS
1
RASTERVARIABLES
2
AcDbRasterVariables
3
ISM
90
0
91
1
280
0
281
0
0
ENDSEC
0
SECTION
2
TABLES
0
TABLE
2
APPID
5
4
330
0
100
AcDbSymbolTable
70
4
0
APPID
5
19
330
4
100
AcDbSymbolTableRecord
100
AcDbRegAppTableRecord
2
ACAD
70
0
0
APPID
5
6D8
330
4
100
AcDbSymbolTableRecord
100
AcDbRegAppTableRecord
2
AcCmTransparency
70
0
0
APPID
5
6D9
330
4
100
AcDbSymbolTableRecord
100
AcDbRegAppTableRecord
2
GradientColor1ACI
70
0
0
APPID
5
6DA
330
4
100
AcDbSymbolTableRecord
100
AcDbRegAppTableRecord
2
GradientColor2ACI
70
0
0
ENDTAB
0
TABLE
2
VPORT
5
1
330
0
100
AcDbSymbolTable
70
1
0
VPORT
5
2
330
1
100
AcDbSymbolTableRecord
100
AcDbViewportTableRecord
2
*Active
70
0
10
0.0
20
0.0
11
1.0
21
1.0
12
0.0
22
0.0
13
0.0
23
0.0
14
0.5
24
0.5
15
10.0
25
10.0
16
0.0
26
0.0
36
1.0
17
1395390.83145594
27
358323.159385638
37
0.0
40
5424.57321673981
41
1.0
75
0
76
1
0
ENDTAB
0
TABLE
2
LTYPE
5
7
330
0
100
AcDbSymbolTable
70
3
0
LTYPE
5
15
330
7
100
AcDbSymbolTableRecord
100
AcDbLinetypeTableRecord
2
Continuous
70
0
3
Solid line
72
65
73
0
40
0.0
0
LTYPE
5
16
330
7
100
AcDbSymbolTableRecord
100
AcDbLinetypeTableRecord
2
ByLayer
70
0
3

72
65
73
0
40
0.0
0
LTYPE
5
17
330
7
100
AcDbSymbolTableRecord
100
AcDbLinetypeTableRecord
2
ByBlock
70
0
3

72
65
73
0
40
0.0
0
ENDTAB
0
TABLE
2
LAYER
5
5
102
{ACAD_XDICTIONARY
360
6
102
}
330
0
100
AcDbSymbolTable
70
2
0
LAYER
5
14
330
5
100
AcDbSymbolTableRecord
100
AcDbLayerTableRecord
2
0
70
0
62
7
6
Continuous
290
1
370
-3
390
0
0
LAYER
5
22
330
5
100
AcDbSymbolTableRecord
100
AcDbLayerTableRecord
2
15 - историческая планировочная структура
70
0
62
7
6
Continuous
290
1
370
-3
390
0
0
ENDTAB
0
TABLE
2
STYLE
5
8
330
0
100
AcDbSymbolTable
70
1
0
STYLE
5
18
330
8
100
AcDbSymbolTableRecord
100
AcDbTextStyleTableRecord
2
Standard
3
simplex.shx
70
0
71
0
40
0.0
41
1.0
42
0.0
50
0.0
0
ENDTAB
0
TABLE
2
DIMSTYLE
5
A
330
0
100
AcDbSymbolTable
70
1
100
AcDbDimStyleTable
0
DIMSTYLE
105
1A
330
A
100
AcDbSymbolTableRecord
100
AcDbDimStyleTableRecord
2
Standard
3

4

40
1.0
41
0.18
42
0.0625
43
0.38
44
0.18
45
0.0
46
0.0
47
0.0
48
0.0
49
1.0
70
0
71
0
72
0
73
0
74
0
75
0
76
0
77
0
78
0
79
0
140
0.18
141
0.09
143
25.4
144
1.0
146
1.0
147
0.09
148
0.0
170
0
171
2
172
0
174
0
175
0
176
0
177
0
178
0
179
0
271
4
272
4
273
2
274
2
275
0
276
0
277
2
278
46
279
0
280
0
281
0
282
0
283
1
284
0
285
0
286
0
289
3
290
0
294
0
340
18
173
0
345
17
346
17
347
17
371
-2
372
-2
0
ENDTAB
0
TABLE
2
VIEW
5
3
330
0
100
AcDbSymbolTable
70
0
0
ENDTAB
0
TABLE
2
UCS
5
C
330
0
100
AcDbSymbolTable
70
0
0
ENDTAB
0
TABLE
2
BLOCK_RECORD
5
D
330
0
100
AcDbSymbolTable
70
2
0
BLOCK_RECORD
5
1C
330
D
100
AcDbSymbolTableRecord
100
AcDbBlockTableRecord
2
*Model_Space
340
20
0
BLOCK_RECORD
5
6D2
330
D
100
AcDbSymbolTableRecord
100
AcDbBlockTableRecord
2
*Paper_Space
340
6D7
0
ENDTAB
0
ENDSEC
0
SECTION
2
BLOCKS
0
BLOCK
5
1E
330
1C
100
AcDbEntity
67
0
8
0
100
AcDbBlockBegin
2
*Model_Space
70
0
10
0.0
20
0.0
30
0.0
3
*Model_Space
4

0
ENDBLK
5
1D
330
1C
100
AcDbEntity
8
0
100
AcDbBlockEnd
0
BLOCK
5
6D4
330
6D2
100
AcDbEntity
67
1
8
0
100
AcDbBlockBegin
2
*Paper_Space
70
0
10
0.0
20
0.0
30
0.0
3
*Paper_Space
4

0
ENDBLK
5
6D3
330
6D2
100
AcDbEntity
8
0
100
AcDbBlockEnd
0
ENDSEC
0
SECTION
2
ENTITIES
0
POINT
5
23
330
1C
100
AcDbEntity
67
0
8
15 - историческая планировочная структура
62
256
6
ByLayer
370
-1
48
1.0
60
0
100
AcDbPoint
10
1393675.61101041
20
358188.929417996
30
0.0
39
0.0
210
0.0
220
0.0
230
1.0
50
360.0
0
TEXT
5
24
330
1C
100
AcDbEntity
67
0
8
15 - историческая планировочная структура
62
7
6
ByLayer
370
-1
48
1.0
60
0
100
AcDbText
1
1
10
1393675.74014271
20
358189.203854727
30
0.0
40
0.31111111111
41
1.0
50
0.0
51
0.0
7
Standard
11
1393675.74014271
21
358189.203854727
31
0.0
210
0.0
220
0.0
230
1.0
71
0
72
0
100
AcDbText
73
0
0
POINT
5
25
330
1C
100
AcDbEntity
67
0
8
15 - историческая планировочная структура
62
256
6
ByLayer
370
-1
48
1.0
60
0
100
AcDbPoint
10
1393668.73079362
20
358182.509471181
30
0.0
39
0.0
210
0.0
220
0.0
230
1.0
50
360.0
0
TEXT
5
26
330
1C
100
AcDbEntity
67
0
8
15 - историческая планировочная структура
62
7
6
ByLayer
370
-1
48
1.0
60
0
100
AcDbText
1
2
10
1393668.85992593
20
358182.783907898
30
0.0
40
0.31111111111
41
1.0
50
0.0
51
0.0
7
Standard
11
1393668.85992593
21
358182.783907898
31
0.0
210
0.0
220
0.0
230
1.0
71
0
72
0
100
AcDbText
73
0
0
POINT
5
27
330
1C
100
AcDbEntity
67
0
8
15 - историческая планировочная структура
62
256
6
ByLayer
370
-1
48
1.0
60
0
100
AcDbPoint
10
1393549.59389117
20
358062.031018197
30
0.0
39
0.0
210
0.0
220
0.0
230
1.0
50
360.0
0
TEXT
5
28
330
1C
100
AcDbEntity
67
0
8
15 - историческая планировочная структура
62
7
6
ByLayer
370
-1
48
1.0
60
0
100
AcDbText
1
3
10
1393549.72302371
20
358062.305454699
30
0.0
40
0.31111111111
41
1.0
50
0.0
51
0.0
7
Standard
11
1393549.72302371
21
358062.305454699
31
0.0
210
0.0
220
0.0
230
1.0
71
0
72
0
100
AcDbText
73
0
0
POINT
5
29
330
1C
100
AcDbEntity
67
0
8
15 - историческая планировочная структура
62
256
6
ByLayer
370
-1
48
1.0
60
0
100
AcDbPoint
10
1393503.40006496
20
358019.749112895
30
0.0
39
0.0
210
0.0
220
0.0
230
1.0
50
360.0
0
TEXT
5
2A
330
1C
100
AcDbEntity
67
0
8
15 - историческая планировочная структура
62
7
6
ByLayer
370
-1
48
1.0
60
0
100
AcDbText
1
4
10
1393503.52919757
20
358020.023549316
30
0.0
40
0.31111111111
41
1.0
50
0.0
51
0.0
7
Standard
11
1393503.52919757
21
358020.023549316
31
0.0
210
0.0
220
0.0
230
1.0
71
0
72
0
100
AcDbText
73
0
0
POINT
5
2B
330
1C
100
AcDbEntity
67
0
8
15 - историческая планировочная структура
62
256
6
ByLayer
370
-1
48
1.0
60
0
100
AcDbPoint
10
1393408.52966877
20
357932.510814958
30
0.0
39
0.0
210
0.0
220
0.0
230
1.0
50
360.0
0
TEXT
5
2C
330
1C
100
AcDbEntity
67
0
8
15 - историческая планировочная структура
62
7
6
ByLayer
370
-1
48
1.0
60
0
100
AcDbText
1
5
10
1393408.65880154
20
357932.785251209
30
0.0
40
0.31111111111
41
1.0
50
0.0
51
0.0
7
Standard
11
1393408.65880154
21
357932.785251209
31
0.0
210
0.0
220
0.0
230
1.0
71
0
72
0
100
AcDbText
73
0
0
POINT
5
2D
330
1C
100
AcDbEntity
67
0
8
15 - историческая планировочная структура
62
256
6
ByLayer
370
-1
48
1.0
60
0
100
AcDbPoint
10
1393361.84381748
20
357895.346874887
30
0.0
39
0.0
210
0.0
220
0.0
230
1.0
50
360.0
0
TEXT
5
2E
330
1C
100
AcDbEntity
67
0
8
15 - историческая планировочная структура
62
7
6
ByLayer
370
-1
48
1.0
60
0
100
AcDbText
1
6
10
1393361.97295031
20
357895.62131105
30
0.0
40
0.31111111111
41
1.0
50
0.0
51
0.0
7
Standard
11
1393361.97295031
21
357895.62131105
31
0.0
210
0.0
220
0.0
230
1.0
71
0
72
0
100
AcDbText
73
0
0
POINT
5
2F
330
1C
100
AcDbEntity
67
0
8
15 - историческая планировочная структура
62
256
6
ByLayer
370
-1
48
1.0
60
0
100
AcDbPoint
10
1393309.37509159
20
357859.531869277
30
0.0
39
0.0
210
0.0
220
0.0
230
1.0
50
360.0
0
TEXT
5
30
330
1C
100
AcDbEntity
67
0
8
15 - историческая планировочная структура
62
7
6
ByLayer
370
-1
48
1.0
60
0
100
AcDbText
1
7
10
1393309.5042245
20
357859.806305349
30
0.0
40
0.31111111111
41
1.0
50
0.0
51
0.0
7
Standard
11
1393309.5042245
21
357859.806305349
31
0.0
210
0.0
220
0.0
230
1.0
71
0
72
0
100
AcDbText
73
0
0
POINT
5
31
330
1C
100
AcDbEntity
67
0
8
15 - историческая планировочная структура
62
256
6
ByLayer
370
-1
48
1.0
60
0
100
AcDbPoint
10
1393259.42566062
20
357815.205307213
30
0.0
39
0.0
210
0.0
220
0.0
230
1.0
50
360.0
0
TEXT
5
32
330
1C
100
AcDbEntity
67
0
8
15 - историческая планировочная структура
62
7
6
ByLayer
370
-1
48
1.0
60
0
100
AcDbText
1
8
10
1393259.55479361
20
357815.479743195
30
0.0
40
0.31111111111
41
1.0
50
0.0
51
0.0
7
Standard
11
1393259.55479361
21
357815.479743195
31
0.0
210
0.0
220
0.0
230
1.0
71
0
72
0
100
AcDbText
73
0
0
POINT
5
33
330
1C
100
AcDbEntity
67
0
8
15 - историческая планировочная структура
62
256
6
ByLayer
370
-1
48
1.0
60
0
100
AcDbPoint
10
1393251.63009057
20
357222.066685962
30
0.0
39
0.0
210
0.0
220
0.0
230
1.0
50
360.0
0
TEXT
5
34
330
1C
100
AcDbEntity
67
0
8
15 - историческая планировочная структура
62
7
6
ByLayer
370
-1
48
1.0
60
0
100
AcDbText
1
9
10
1393251.75922464
20
357222.341121941
30
0.0
40
0.31111111111
41
1.0
50
0.0
51
0.0
7
Standard
11
1393251.75922464
21
357222.341121941
31
0.0
210
0.0
220
0.0
230
1.0
71
0
72
0
100
AcDbText
73
0
0
POINT
5
35
330
1C
100
AcDbEntity
67
0
8
15 - историческая планировочная структура
62
256
6
ByLayer
370
-1
48
1.0
60
0
100
AcDbPoint
10
1393263.30267673
20
357213.885170796
30
0.0
39
0.0
210
0.0
220
0.0
230
1.0
50
360.0
0
TEXT
5
36
330
1C
100
AcDbEntity
67
0
8
15 - историческая планировочная структура
62
7
6
ByLayer
370
-1
48
1.0
60
0
100
AcDbText
1
10
10
1393263.43181082
20
357214.159606798
30
0.0
40
0.31111111111
41
1.0
50
0.0
51
0.0
7
Standard
11
1393263.43181082
21
357214.159606798
31
0.0
210
0.0
220
0.0
230
1.0
71
0
72
0
100
AcDbText
73
0
0
POINT
5
37
330
1C
100
AcDbEntity
67
0
8
15 - историческая планировочная структура
62
256
6
ByLayer
370
-1
48
1.0
60
0
100
AcDbPoint
10
1393276.79111774
20
357206.539044891
30
0.0
39
0.0
210
0.0
220
0.0
230
1.0
50
360.0
0
TEXT
5
38
330
1C
100
AcDbEntity
67
0
8
15 - историческая планировочная структура
62
7
6
ByLayer
370
-1
48
1.0
60
0
100
AcDbText
1
11
10
1393276.92025184
20
357206.81348092
30
0.0
40
0.31111111111
41
1.0
50
0.0
51
0.0
7
Standard
11
1393276.92025184
21
357206.81348092
31
0.0
210
0.0
220
0.0
230
1.0
71
0
72
0
100
AcDbText
73
0
0
POINT
5
39
330
1C
100
AcDbEntity
67
0
8
15 - историческая планировочная структура
62
256
6
ByLayer
370
-1
48
1.0
60
0
100
AcDbPoint
10
1393281.69089534
20
357204.22405234
30
0.0
39
0.0
210
0.0
220
0.0
230
1.0
50
360.0
0
TEXT
5
3A
330
1C
100
AcDbEntity
67
0
8
15 - историческая планировочная структура
62
7
6
ByLayer
370
-1
48
1.0
60
0
100
AcDbText
1
12
10
1393281.82002944
20
357204.498488373
30
0.0
40
0.31111111111
41
1.0
50
0.0
51
0.0
7
Standard
11
1393281.82002944
21
357204.498488373
31
0.0
210
0.0
220
0.0
230
1.0
71
0
72
0
100
AcDbText
73
0
0
POINT
5
3B
330
1C
100
AcDbEntity
67
0
8
15 - историческая планировочная структура
62
256
6
ByLayer
370
-1
48
1.0
60
0
100
AcDbPoint
10
1393287.05488157
20
357203.381170923
30
0.0
39
0.0
210
0.0
220
0.0
230
1.0
50
360.0
0
TEXT
5
3C
330
1C
100
AcDbEntity
67
0
8
15 - историческая планировочная структура
62
7
6
ByLayer
370
-1
48
1.0
60
0
100
AcDbText
1
13
10
1393287.18401567
20
357203.655606968
30
0.0
40
0.31111111111
41
1.0
50
0.0
51
0.0
7
Standard
11
1393287.18401567
21
357203.655606968
31
0.0
210
0.0
220
0.0
230
1.0
71
0
72
0
100
AcDbText
73
0
0
POINT
5
3D
330
1C
100
AcDbEntity
67
0
8
15 - историческая планировочная структура
62
256
6
ByLayer
370
-1
48
1.0
60
0
100
AcDbPoint
10
1393362.35671044
20
357202.252550113
30
0.0
39
0.0
210
0.0
220
0.0
230
1.0
50
360.0
0
TEXT
5
3E
330
1C
100
AcDbEntity
67
0
8
15 - историческая планировочная структура
62
7
6
ByLayer
370
-1
48
1.0
60
0
100
AcDbText
1
14
10
1393362.48584454
20
357202.526986296
30
0.0
40
0.31111111111
41
1.0
50
0.0
51
0.0
7
Standard
11
1393362.48584454
21
357202.526986296
31
0.0
210
0.0
220
0.0
230
1.0
71
0
72
0
100
AcDbText
73
0
0
POINT
5
3F
330
1C
100
AcDbEntity
67
0
8
15 - историческая планировочная структура
62
256
6
ByLayer
370
-1
48
1.0
60
0
100
AcDbPoint
10
1393390.27750335
20
357202.09735161
30
0.0
39
0.0
210
0.0
220
0.0
230
1.0
50
360.0
0
TEXT
5
40
330
1C
100
AcDbEntity
67
0
8
15 - историческая планировочная структура
62
7
6
ByLayer
370
-1
48
1.0
60
0
100
AcDbText
1
15
10
1393390.40663746
20
357202.371787843
30
0.0
40
0.31111111111
41
1.0
50
0.0
51
0.0
7
Standard
11
1393390.40663746
21
357202.371787843
31
0.0
210
0.0
220
0.0
230
1.0
71
0
72
0
100
AcDbText
73
0
0
POINT
5
41
330
1C
100
AcDbEntity
67
0
8
15 - историческая планировочная структура
62
256
6
ByLayer
370
-1
48
1.0
60
0
100
AcDbPoint
10
1393398.83342215
20
357199.233376837
30
0.0
39
0.0
210
0.0
220
0.0
230
1.0
50
360.0
0
TEXT
5
42
330
1C
100
AcDbEntity
67
0
8
15 - историческая планировочная структура
62
7
6
ByLayer
370
-1
48
1.0
60
0
100
AcDbText
1
16
10
1393398.96255626
20
357199.507813087
30
0.0
40
0.31111111111
41
1.0
50
0.0
51
0.0
7
Standard
11
1393398.96255626
21
357199.507813087
31
0.0
210
0.0
220
0.0
230
1.0
71
0
72
0
100
AcDbText
73
0
0
POINT
5
43
330
1C
100
AcDbEntity
67
0
8
15 - историческая планировочная структура
62
256
6
ByLayer
370
-1
48
1.0
60
0
100
AcDbPoint
10
1393407.23686894
20
357196.11261855
30
0.0
39
0.0
210
0.0
220
0.0
230
1.0
50
360.0
0
TEXT
5
44
330
1C
100
AcDbEntity
67
0
8
15 - историческая планировочная структура
62
7
6
ByLayer
370
-1
48
1.0
60
0
100
AcDbText
1
17
10
1393407.36600306
20
357196.387054816
30
0.0
40
0.31111111111
41
1.0
50
0.0
51
0.0
7
Standard
11
1393407.36600306
21
357196.387054816
31
0.0
210
0.0
220
0.0
230
1.0
71
0
72
0
100
AcDbText
73
0
0
POINT
5
45
330
1C
100
AcDbEntity
67
0
8
15 - историческая планировочная структура
62
256
6
ByLayer
370
-1
48
1.0
60
0
100
AcDbPoint
10
1393424.78879845
20
357194.352919669
30
0.0
39
0.0
210
0.0
220
0.0
230
1.0
50
360.0
0
TEXT
5
46
330
1C
100
AcDbEntity
67
0
8
15 - историческая планировочная структура
62
7
6
ByLayer
370
-1
48
1.0
60
0
100
AcDbText
1
18
10
1393424.91793256
20
357194.627355967
30
0.0
40
0.31111111111
41
1.0
50
0.0
51
0.0
7
Standard
11
1393424.91793256
21
357194.627355967
31
0.0
210
0.0
220
0.0
230
1.0
71
0
72
0
100
AcDbText
73
0
0
POINT
5
47
330
1C
100
AcDbEntity
67
0
8
15 - историческая планировочная структура
62
256
6
ByLayer
370
-1
48
1.0
60
0
100
AcDbPoint
10
1393437.82646711
20
357194.552451209
30
0.0
39
0.0
210
0.0
220
0.0
230
1.0
50
360.0
0
TEXT
5
48
330
1C
100
AcDbEntity
67
0
8
15 - историческая планировочная структура
62
7
6
ByLayer
370
-1
48
1.0
60
0
100
AcDbText
1
19
10
1393437.95560123
20
357194.826887532
30
0.0
40
0.31111111111
41
1.0
50
0.0
51
0.0
7
Standard
11
1393437.95560123
21
357194.826887532
31
0.0
210
0.0
220
0.0
230
1.0
71
0
72
0
100
AcDbText
73
0
0
POINT
5
49
330
1C
100
AcDbEntity
67
0
8
15 - историческая планировочная структура
62
256
6
ByLayer
370
-1
48
1.0
60
0
100
AcDbPoint
10
1393451.52831171
20
357197.781939277
30
0.0
39
0.0
210
0.0
220
0.0
230
1.0
50
360.0
0
TEXT
5
4A
330
1C
100
AcDbEntity
67
0
8
15 - историческая планировочная структура
62
7
6
ByLayer
370
-1
48
1.0
60
0
100
AcDbText
1
20
10
1393451.65744581
20
357198.056375624
30
0.0
40
0.31111111111
41
1.0
50
0.0
51
0.0
7
Standard
11
1393451.65744581
21
357198.056375624
31
0.0
210
0.0
220
0.0
230
1.0
71
0
72
0
100
AcDbText
73
0
0
POINT
5
4B
330
1C
100
AcDbEntity
67
0
8
15 - историческая планировочная структура
62
256
6
ByLayer
370
-1
48
1.0
60
0
100
AcDbPoint
10
1393467.176847
20
357200.947984693
30
0.0
39
0.0
210
0.0
220
0.0
230
1.0
50
360.0
0
TEXT
5
4C
330
1C
100
AcDbEntity
67
0
8
15 - историческая планировочная структура
62
7
6
ByLayer
370
-1
48
1.0
60
0
100
AcDbText
1
21
10
1393467.3059811
20
357201.222421068
30
0.0
40
0.31111111111
41
1.0
50
0.0
51
0.0
7
Standard
11
1393467.3059811
21
357201.222421068
31
0.0
210
0.0
220
0.0
230
1.0
71
0
72
0
100
AcDbText
73
0
0
POINT
5
4D
330
1C
100
AcDbEntity
67
0
8
15 - историческая планировочная структура
62
256
6
ByLayer
370
-1
48
1.0
60
0
100
AcDbPoint
10
1393479.70392575
20
357202.248344376
30
0.0
39
0.0
210
0.0
220
0.0
230
1.0
50
360.0
0
TEXT
5
4E
330
1C
100
AcDbEntity
67
0
8
15 - историческая планировочная структура
62
7
6
ByLayer
370
-1
48
1.0
60
0
100
AcDbText
1
22
10
1393479.83305985
20
357202.522780774
30
0.0
40
0.31111111111
41
1.0
50
0.0
51
0.0
7
Standard
11
1393479.83305985
21
357202.522780774
31
0.0
210
0.0
220
0.0
230
1.0
71
0
72
0
100
AcDbText
73
0
0
POINT
5
4F
330
1C
100
AcDbEntity
67
0
8
15 - историческая планировочная структура
62
256
6
ByLayer
370
-1
48
1.0
60
0
100
AcDbPoint
10
1393519.89489796
20
357202.286711109
30
0.0
39
0.0
210
0.0
220
0.0
230
1.0
50
360.0
0
TEXT
5
50
330
1C
100
AcDbEntity
67
0
8
15 - историческая планировочная структура
62
7
6
ByLayer
370
-1
48
1.0
60
0
100
AcDbText
1
23
10
1393520.02403206
20
357202.561147579
30
0.0
40
0.31111111111
41
1.0
50
0.0
51
0.0
7
Standard
11
1393520.02403206
21
357202.561147579
31
0.0
210
0.0
220
0.0
230
1.0
71
0
72
0
100
AcDbText
73
0
0
POINT
5
51
330
1C
100
AcDbEntity
67
0
8
15 - историческая планировочная структура
62
256
6
ByLayer
370
-1
48
1.0
60
0
100
AcDbPoint
10
1393528.70502351
20
357203.073606643
30
0.0
39
0.0
210
0.0
220
0.0
230
1.0
50
360.0
0
TEXT
5
52
330
1C
100
AcDbEntity
67
0
8
15 - историческая планировочная структура
62
7
6
ByLayer
370
-1
48
1.0
60
0
100
AcDbText
1
24
10
1393528.83415761
20
357203.348043127
30
0.0
40
0.31111111111
41
1.0
50
0.0
51
0.0
7
Standard
11
1393528.83415761
21
357203.348043127
31
0.0
210
0.0
220
0.0
230
1.0
71
0
72
0
100
AcDbText
73
0
0
POINT
5
53
330
1C
100
AcDbEntity
67
0
8
15 - историческая планировочная структура
62
256
6
ByLayer
370
-1
48
1.0
60
0
100
AcDbPoint
10
1393535.81405984
20
357205.961470715
30
0.0
39
0.0
210
0.0
220
0.0
230
1.0
50
360.0
0
TEXT
5
54
330
1C
100
AcDbEntity
67
0
8
15 - историческая планировочная структура
62
7
6
ByLayer
370
-1
48
1.0
60
0
100
AcDbText
1
25
10
1393535.94319393
20
357206.235907213
30
0.0
40
0.31111111111
41
1.0
50
0.0
51
0.0
7
Standard
11
1393535.94319393
21
357206.235907213
31
0.0
210
0.0
220
0.0
230
1.0
71
0
72
0
100
AcDbText
73
0
0
POINT
5
55
330
1C
100
AcDbEntity
67
0
8
15 - историческая планировочная структура
62
256
6
ByLayer
370
-1
48
1.0
60
0
100
AcDbPoint
10
1394668.69363518
20
359800.710017818
30
0.0
39
0.0
210
0.0
220
0.0
230
1.0
50
360.0
0
TEXT
5
56
330
1C
100
AcDbEntity
67
0
8
15 - историческая планировочная структура
62
7
6
ByLayer
370
-1
48
1.0
60
0
100
AcDbText
1
26
10
1394668.82276451
20
359800.984456318
30
0.0
40
0.31111111111
41
1.0
50
0.0
51
0.0
7
Standard
11
1394668.82276451
21
359800.984456318
31
0.0
210
0.0
220
0.0
230
1.0
71
0
72
0
100
AcDbText
73
0
0
POINT
5
57
330
1C
100
AcDbEntity
67
0
8
15 - историческая планировочная структура
62
256
6
ByLayer
370
-1
48
1.0
60
0
100
AcDbPoint
10
1394638.63891415
20
359647.51200759
30
0.0
39
0.0
210
0.0
220
0.0
230
1.0
50
360.0
0
TEXT
5
58
330
1C
100
AcDbEntity
67
0
8
15 - историческая планировочная структура
62
7
6
ByLayer
370
-1
48
1.0
60
0
100
AcDbText
1
27
10
1394638.76804376
20
359647.786446041
30
0.0
40
0.31111111111
41
1.0
50
0.0
51
0.0
7
Standard
11
1394638.76804376
21
359647.786446041
31
0.0
210
0.0
220
0.0
230
1.0
71
0
72
0
100
AcDbText
73
0
0
POINT
5
59
330
1C
100
AcDbEntity
67
0
8
15 - историческая планировочная структура
62
256
6
ByLayer
370
-1
48
1.0
60
0
100
AcDbPoint
10
1394624.67584536
20
359585.484541563
30
0.0
39
0.0
210
0.0
220
0.0
230
1.0
50
360.0
0
TEXT
5
5A
330
1C
100
AcDbEntity
67
0
8
15 - историческая планировочная структура
62
7
6
ByLayer
370
-1
48
1.0
60
0
100
AcDbText
1
28
10
1394624.80497508
20
359585.758979985
30
0.0
40
0.31111111111
41
1.0
50
0.0
51
0.0
7
Standard
11
1394624.80497508
21
359585.758979985
31
0.0
210
0.0
220
0.0
230
1.0
71
0
72
0
100
AcDbText
73
0
0
POINT
5
5B
330
1C
100
AcDbEntity
67
0
8
15 - историческая планировочная структура
62
256
6
ByLayer
370
-1
48
1.0
60
0
100
AcDbPoint
10
1394596.7394938
20
359473.8595698
30
0.0
39
0.0
210
0.0
220
0.0
230
1.0
50
360.0
0
TEXT
5
5C
330
1C
100
AcDbEntity
67
0
8
15 - историческая планировочная структура
62
7
6
ByLayer
370
-1
48
1.0
60
0
100
AcDbText
1
29
10
1394596.86862373
20
359474.13400818
30
0.0
40
0.31111111111
41
1.0
50
0.0
51
0.0
7
Standard
11
1394596.86862373
21
359474.13400818
31
0.0
210
0.0
220
0.0
230
1.0
71
0
72
0
100
AcDbText
73
0
0
POINT
5
5D
330
1C
100
AcDbEntity
67
0
8
15 - историческая планировочная структура
62
256
6
ByLayer
370
-1
48
1.0
60
0
100
AcDbPoint
10
1394549.31198916
20
359305.748391318
30
0.0
39
0.0
210
0.0
220
0.0
230
1.0
50
360.0
0
TEXT
5
5E
330
1C
100
AcDbEntity
67
0
8
15 - историческая планировочная структура
62
7
6
ByLayer
370
-1
48
1.0
60
0
100
AcDbText
1
30
10
1394549.4411194
20
359306.022829612
30
0.0
40
0.31111111111
41
1.0
50
0.0
51
0.0
7
Standard
11
1394549.4411194
21
359306.022829612
31
0.0
210
0.0
220
0.0
230
1.0
71
0
72
0
100
AcDbText
73
0
0
POINT
5
5F
330
1C
100
AcDbEntity
67
0
8
15 - историческая планировочная структура
62
256
6
ByLayer
370
-1
48
1.0
60
0
100
AcDbPoint
10
1394508.42344304
20
359138.506671323
30
0.0
39
0.0
210
0.0
220
0.0
230
1.0
50
360.0
0
TEXT
5
60
330
1C
100
AcDbEntity
67
0
8
15 - историческая планировочная структура
62
7
6
ByLayer
370
-1
48
1.0
60
0
100
AcDbText
1
31
10
1394508.55257359
20
359138.781109546
30
0.0
40
0.31111111111
41
1.0
50
0.0
51
0.0
7
Standard
11
1394508.55257359
21
359138.781109546
31
0.0
210
0.0
220
0.0
230
1.0
71
0
72
0
100
AcDbText
73
0
0
POINT
5
61
330
1C
100
AcDbEntity
67
0
8
15 - историческая планировочная структура
62
256
6
ByLayer
370
-1
48
1.0
60
0
100
AcDbPoint
10
1394488.22111448
20
359060.445782436
30
0.0
39
0.0
210
0.0
220
0.0
230
1.0
50
360.0
0
TEXT
5
62
330
1C
100
AcDbEntity
67
0
8
15 - историческая планировочная структура
62
7
6
ByLayer
370
-1
48
1.0
60
0
100
AcDbText
1
32
10
1394488.35024516
20
359060.720220624
30
0.0
40
0.31111111111
41
1.0
50
0.0
51
0.0
7
Standard
11
1394488.35024516
21
359060.720220624
31
0.0
210
0.0
220
0.0
230
1.0
71
0
72
0
100
AcDbText
73
0
0
POINT
5
63
330
1C
100
AcDbEntity
67
0
8
15 - историческая планировочная структура
62
256
6
ByLayer
370
-1
48
1.0
60
0
100
AcDbPoint
10
1394465.1977416
20
358971.456401566
30
0.0
39
0.0
210
0.0
220
0.0
230
1.0
50
360.0
0
TEXT
5
64
330
1C
100
AcDbEntity
67
0
8
15 - историческая планировочная структура
62
7
6
ByLayer
370
-1
48
1.0
60
0
100
AcDbText
1
33
10
1394465.32687245
20
358971.730839719
30
0.0
40
0.31111111111
41
1.0
50
0.0
51
0.0
7
Standard
11
1394465.32687245
21
358971.730839719
31
0.0
210
0.0
220
0.0
230
1.0
71
0
72
0
100
AcDbText
73
0
0
POINT
5
65
330
1C
100
AcDbEntity
67
0
8
15 - историческая планировочная структура
62
256
6
ByLayer
370
-1
48
1.0
60
0
100
AcDbPoint
10
1394436.70199132
20
358866.90988015
30
0.0
39
0.0
210
0.0
220
0.0
230
1.0
50
360.0
0
TEXT
5
66
330
1C
100
AcDbEntity
67
0
8
15 - историческая планировочная структура
62
7
6
ByLayer
370
-1
48
1.0
60
0
100
AcDbText
1
34
10
1394436.83112236
20
358867.184318252
30
0.0
40
0.31111111111
41
1.0
50
0.0
51
0.0
7
Standard
11
1394436.83112236
21
358867.184318252
31
0.0
210
0.0
220
0.0
230
1.0
71
0
72
0
100
AcDbText
73
0
0
POINT
5
67
330
1C
100
AcDbEntity
67
0
8
15 - историческая планировочная структура
62
256
6
ByLayer
370
-1
48
1.0
60
0
100
AcDbPoint
10
1394383.42065266
20
358830.397148451
30
0.0
39
0.0
210
0.0
220
0.0
230
1.0
50
360.0
0
TEXT
5
68
330
1C
100
AcDbEntity
67
0
8
15 - историческая планировочная структура
62
7
6
ByLayer
370
-1
48
1.0
60
0
100
AcDbText
1
35
10
1394383.54978377
20
358830.671586453
30
0.0
40
0.31111111111
41
1.0
50
0.0
51
0.0
7
Standard
11
1394383.54978377
21
358830.671586453
31
0.0
210
0.0
220
0.0
230
1.0
71
0
72
0
100
AcDbText
73
0
0
POINT
5
69
330
1C
100
AcDbEntity
67
0
8
15 - историческая планировочная структура
62
256
6
ByLayer
370
-1
48
1.0
60
0
100
AcDbPoint
10
1394355.7550411
20
358812.115207102
30
0.0
39
0.0
210
0.0
220
0.0
230
1.0
50
360.0
0
TEXT
5
6A
330
1C
100
AcDbEntity
67
0
8
15 - историческая планировочная структура
62
7
6
ByLayer
370
-1
48
1.0
60
0
100
AcDbText
1
36
10
1394355.88417224
20
358812.389645057
30
0.0
40
0.31111111111
41
1.0
50
0.0
51
0.0
7
Standard
11
1394355.88417224
21
358812.389645057
31
0.0
210
0.0
220
0.0
230
1.0
71
0
72
0
100
AcDbText
73
0
0
POINT
5
6B
330
1C
100
AcDbEntity
67
0
8
15 - историческая планировочная структура
62
256
6
ByLayer
370
-1
48
1.0
60
0
100
AcDbPoint
10
1394328.90857326
20
358784.670549877
30
0.0
39
0.0
210
0.0
220
0.0
230
1.0
50
360.0
0
TEXT
5
6C
330
1C
100
AcDbEntity
67
0
8
15 - историческая планировочная структура
62
7
6
ByLayer
370
-1
48
1.0
60
0
100
AcDbText
1
37
10
1394329.03770446
20
358784.944987784
30
0.0
40
0.31111111111
41
1.0
50
0.0
51
0.0
7
Standard
11
1394329.03770446
21
358784.944987784
31
0.0
210
0.0
220
0.0
230
1.0
71
0
72
0
100
AcDbText
73
0
0
POINT
5
6D
330
1C
100
AcDbEntity
67
0
8
15 - историческая планировочная структура
62
256
6
ByLayer
370
-1
48
1.0
60
0
100
AcDbPoint
10
1394290.57755778
20
358745.251220705
30
0.0
39
0.0
210
0.0
220
0.0
230
1.0
50
360.0
0
TEXT
5
6E
330
1C
100
AcDbEntity
67
0
8
15 - историческая планировочная структура
62
7
6
ByLayer
370
-1
48
1.0
60
0
100
AcDbText
1
38
10
1394290.70668905
20
358745.525658543
30
0.0
40
0.31111111111
41
1.0
50
0.0
51
0.0
7
Standard
11
1394290.70668905
21
358745.525658543
31
0.0
210
0.0
220
0.0
230
1.0
71
0
72
0
100
AcDbText
73
0
0
POINT
5
6F
330
1C
100
AcDbEntity
67
0
8
15 - историческая планировочная структура
62
256
6
ByLayer
370
-1
48
1.0
60
0
100
AcDbPoint
10
1394282.89858305
20
358731.734934856
30
0.0
39
0.0
210
0.0
220
0.0
230
1.0
50
360.0
0
TEXT
5
70
330
1C
100
AcDbEntity
67
0
8
15 - историческая планировочная структура
62
7
6
ByLayer
370
-1
48
1.0
60
0
100
AcDbText
1
39
10
1394283.02771434
20
358732.009372683
30
0.0
40
0.31111111111
41
1.0
50
0.0
51
0.0
7
Standard
11
1394283.02771434
21
358732.009372683
31
0.0
210
0.0
220
0.0
230
1.0
71
0
72
0
100
AcDbText
73
0
0
POINT
5
71
330
1C
100
AcDbEntity
67
0
8
15 - историческая планировочная структура
62
256
6
ByLayer
370
-1
48
1.0
60
0
100
AcDbPoint
10
1394262.66809861
20
358669.782808164
30
0.0
39
0.0
210
0.0
220
0.0
230
1.0
50
360.0
0
TEXT
5
72
330
1C
100
AcDbEntity
67
0
8
15 - историческая планировочная структура
62
7
6
ByLayer
370
-1
48
1.0
60
0
100
AcDbText
1
40
10
1394262.79723001
20
358670.057245951
30
0.0
40
0.31111111111
41
1.0
50
0.0
51
0.0
7
Standard
11
1394262.79723001
21
358670.057245951
31
0.0
210
0.0
220
0.0
230
1.0
71
0
72
0
100
AcDbText
73
0
0
POINT
5
73
330
1C
100
AcDbEntity
67
0
8
15 - историческая планировочная структура
62
256
6
ByLayer
370
-1
48
1.0
60
0
100
AcDbPoint
10
1394250.06709536
20
358648.400895524
30
0.0
39
0.0
210
0.0
220
0.0
230
1.0
50
360.0
0
TEXT
5
74
330
1C
100
AcDbEntity
67
0
8
15 - историческая планировочная структура
62
7
6
ByLayer
370
-1
48
1.0
60
0
100
AcDbText
1
41
10
1394250.1962268
20
358648.675333289
30
0.0
40
0.31111111111
41
1.0
50
0.0
51
0.0
7
Standard
11
1394250.1962268
21
358648.675333289
31
0.0
210
0.0
220
0.0
230
1.0
71
0
72
0
100
AcDbText
73
0
0
POINT
5
75
330
1C
100
AcDbEntity
67
0
8
15 - историческая планировочная структура
62
256
6
ByLayer
370
-1
48
1.0
60
0
100
AcDbPoint
10
1394219.08993661
20
358615.755455687
30
0.0
39
0.0
210
0.0
220
0.0
230
1.0
50
360.0
0
TEXT
5
76
330
1C
100
AcDbEntity
67
0
8
15 - историческая планировочная структура
62
7
6
ByLayer
370
-1
48
1.0
60
0
100
AcDbText
1
42
10
1394219.21906812
20
358616.029893398
30
0.0
40
0.31111111111
41
1.0
50
0.0
51
0.0
7
Standard
11
1394219.21906812
21
358616.029893398
31
0.0
210
0.0
220
0.0
230
1.0
71
0
72
0
100
AcDbText
73
0
0
POINT
5
77
330
1C
100
AcDbEntity
67
0
8
15 - историческая планировочная структура
62
256
6
ByLayer
370
-1
48
1.0
60
0
100
AcDbPoint
10
1394182.71652541
20
358586.846314388
30
0.0
39
0.0
210
0.0
220
0.0
230
1.0
50
360.0
0
TEXT
5
78
330
1C
100
AcDbEntity
67
0
8
15 - историческая планировочная структура
62
7
6
ByLayer
370
-1
48
1.0
60
0
100
AcDbText
1
43
10
1394182.84565696
20
358587.120752034
30
0.0
40
0.31111111111
41
1.0
50
0.0
51
0.0
7
Standard
11
1394182.84565696
21
358587.120752034
31
0.0
210
0.0
220
0.0
230
1.0
71
0
72
0
100
AcDbText
73
0
0
POINT
5
79
330
1C
100
AcDbEntity
67
0
8
15 - историческая планировочная структура
62
256
6
ByLayer
370
-1
48
1.0
60
0
100
AcDbPoint
10
1394157.32564717
20
358569.881409655
30
0.0
39
0.0
210
0.0
220
0.0
230
1.0
50
360.0
0
TEXT
5
7A
330
1C
100
AcDbEntity
67
0
8
15 - историческая планировочная структура
62
7
6
ByLayer
370
-1
48
1.0
60
0
100
AcDbText
1
44
10
1394157.45477876
20
358570.155847255
30
0.0
40
0.31111111111
41
1.0
50
0.0
51
0.0
7
Standard
11
1394157.45477876
21
358570.155847255
31
0.0
210
0.0
220
0.0
230
1.0
71
0
72
0
100
AcDbText
73
0
0
POINT
5
7B
330
1C
100
AcDbEntity
67
0
8
15 - историческая планировочная структура
62
256
6
ByLayer
370
-1
48
1.0
60
0
100
AcDbPoint
10
1394128.87413579
20
358553.695687969
30
0.0
39
0.0
210
0.0
220
0.0
230
1.0
50
360.0
0
TEXT
5
7C
330
1C
100
AcDbEntity
67
0
8
15 - историческая планировочная структура
62
7
6
ByLayer
370
-1
48
1.0
60
0
100
AcDbText
1
45
10
1394129.00326741
20
358553.970125515
30
0.0
40
0.31111111111
41
1.0
50
0.0
51
0.0
7
Standard
11
1394129.00326741
21
358553.970125515
31
0.0
210
0.0
220
0.0
230
1.0
71
0
72
0
100
AcDbText
73
0
0
POINT
5
7D
330
1C
100
AcDbEntity
67
0
8
15 - историческая планировочная структура
62
256
6
ByLayer
370
-1
48
1.0
60
0
100
AcDbPoint
10
1394125.30839626
20
358552.226365848
30
0.0
39
0.0
210
0.0
220
0.0
230
1.0
50
360.0
0
TEXT
5
7E
330
1C
100
AcDbEntity
67
0
8
15 - историческая планировочная структура
62
7
6
ByLayer
370
-1
48
1.0
60
0
100
AcDbText
1
46
10
1394125.43752788
20
358552.500803387
30
0.0
40
0.31111111111
41
1.0
50
0.0
51
0.0
7
Standard
11
1394125.43752788
21
358552.500803387
31
0.0
210
0.0
220
0.0
230
1.0
71
0
72
0
100
AcDbText
73
0
0
POINT
5
7F
330
1C
100
AcDbEntity
67
0
8
15 - историческая планировочная структура
62
256
6
ByLayer
370
-1
48
1.0
60
0
100
AcDbPoint
10
1394123.35479939
20
358550.814611731
30
0.0
39
0.0
210
0.0
220
0.0
230
1.0
50
360.0
0
TEXT
5
80
330
1C
100
AcDbEntity
67
0
8
15 - историческая планировочная структура
62
7
6
ByLayer
370
-1
48
1.0
60
0
100
AcDbText
1
47
10
1394123.48393102
20
358551.089049269
30
0.0
40
0.31111111111
41
1.0
50
0.0
51
0.0
7
Standard
11
1394123.48393102
21
358551.089049269
31
0.0
210
0.0
220
0.0
230
1.0
71
0
72
0
100
AcDbText
73
0
0
POINT
5
81
330
1C
100
AcDbEntity
67
0
8
15 - историческая планировочная структура
62
256
6
ByLayer
370
-1
48
1.0
60
0
100
AcDbPoint
10
1394122.36723304
20
358548.660928727
30
0.0
39
0.0
210
0.0
220
0.0
230
1.0
50
360.0
0
TEXT
5
82
330
1C
100
AcDbEntity
67
0
8
15 - историческая планировочная структура
62
7
6
ByLayer
370
-1
48
1.0
60
0
100
AcDbText
1
48
10
1394122.49636467
20
358548.935366264
30
0.0
40
0.31111111111
41
1.0
50
0.0
51
0.0
7
Standard
11
1394122.49636467
21
358548.935366264
31
0.0
210
0.0
220
0.0
230
1.0
71
0
72
0
100
AcDbText
73
0
0
POINT
5
83
330
1C
100
AcDbEntity
67
0
8
15 - историческая планировочная структура
62
256
6
ByLayer
370
-1
48
1.0
60
0
100
AcDbPoint
10
1394121.8488481
20
358543.816534572
30
0.0
39
0.0
210
0.0
220
0.0
230
1.0
50
360.0
0
TEXT
5
84
330
1C
100
AcDbEntity
67
0
8
15 - историческая планировочная структура
62
7
6
ByLayer
370
-1
48
1.0
60
0
100
AcDbText
1
49
10
1394121.97797974
20
358544.090972106
30
0.0
40
0.31111111111
41
1.0
50
0.0
51
0.0
7
Standard
11
1394121.97797974
21
358544.090972106
31
0.0
210
0.0
220
0.0
230
1.0
71
0
72
0
100
AcDbText
73
0
0
POINT
5
85
330
1C
100
AcDbEntity
67
0
8
15 - историческая планировочная структура
62
256
6
ByLayer
370
-1
48
1.0
60
0
100
AcDbPoint
10
1394658.59283442
20
359173.002737477
30
0.0
39
0.0
210
0.0
220
0.0
230
1.0
50
360.0
0
TEXT
5
86
330
1C
100
AcDbEntity
67
0
8
15 - историческая планировочная структура
62
7
6
ByLayer
370
-1
48
1.0
60
0
100
AcDbText
1
50
10
1394658.7219649
20
359173.277175972
30
0.0
40
0.31111111111
41
1.0
50
0.0
51
0.0
7
Standard
11
1394658.7219649
21
359173.277175972
31
0.0
210
0.0
220
0.0
230
1.0
71
0
72
0
100
AcDbText
73
0
0
POINT
5
87
330
1C
100
AcDbEntity
67
0
8
15 - историческая планировочная структура
62
256
6
ByLayer
370
-1
48
1.0
60
0
100
AcDbPoint
10
1394638.20585904
20
359063.082752815
30
0.0
39
0.0
210
0.0
220
0.0
230
1.0
50
360.0
0
TEXT
5
88
330
1C
100
AcDbEntity
67
0
8
15 - историческая планировочная структура
62
7
6
ByLayer
370
-1
48
1.0
60
0
100
AcDbText
1
51
10
1394638.33498972
20
359063.357191278
30
0.0
40
0.31111111111
41
1.0
50
0.0
51
0.0
7
Standard
11
1394638.33498972
21
359063.357191278
31
0.0
210
0.0
220
0.0
230
1.0
71
0
72
0
100
AcDbText
73
0
0
POINT
5
89
330
1C
100
AcDbEntity
67
0
8
15 - историческая планировочная структура
62
256
6
ByLayer
370
-1
48
1.0
60
0
100
AcDbPoint
10
1394615.3565568
20
358928.995005634
30
0.0
39
0.0
210
0.0
220
0.0
230
1.0
50
360.0
0
TEXT
5
8A
330
1C
100
AcDbEntity
67
0
8
15 - историческая планировочная структура
62
7
6
ByLayer
370
-1
48
1.0
60
0
100
AcDbText
1
52
10
1394615.48568773
20
358929.26944406
30
0.0
40
0.31111111111
41
1.0
50
0.0
51
0.0
7
Standard
11
1394615.48568773
21
358929.26944406
31
0.0
210
0.0
220
0.0
230
1.0
71
0
72
0
100
AcDbText
73
0
0
POINT
5
8B
330
1C
100
AcDbEntity
67
0
8
15 - историческая планировочная структура
62
256
6
ByLayer
370
-1
48
1.0
60
0
100
AcDbPoint
10
1394607.33855121
20
358909.245176766
30
0.0
39
0.0
210
0.0
220
0.0
230
1.0
50
360.0
0
TEXT
5
8C
330
1C
100
AcDbEntity
67
0
8
15 - историческая планировочная структура
62
7
6
ByLayer
370
-1
48
1.0
60
0
100
AcDbText
1
53
10
1394607.46768217
20
358909.519615176
30
0.0
40
0.31111111111
41
1.0
50
0.0
51
0.0
7
Standard
11
1394607.46768217
21
358909.519615176
31
0.0
210
0.0
220
0.0
230
1.0
71
0
72
0
100
AcDbText
73
0
0
POINT
5
8D
330
1C
100
AcDbEntity
67
0
8
15 - историческая планировочная структура
62
256
6
ByLayer
370
-1
48
1.0
60
0
100
AcDbPoint
10
1394452.94662587
20
358732.058465082
30
0.0
39
0.0
210
0.0
220
0.0
230
1.0
50
360.0
0
TEXT
5
8E
330
1C
100
AcDbEntity
67
0
8
15 - историческая планировочная структура
62
7
6
ByLayer
370
-1
48
1.0
60
0
100
AcDbText
1
54
10
1394453.07575716
20
358732.332903214
30
0.0
40
0.31111111111
41
1.0
50
0.0
51
0.0
7
Standard
11
1394453.07575716
21
358732.332903214
31
0.0
210
0.0
220
0.0
230
1.0
71
0
72
0
100
AcDbText
73
0
0
POINT
5
8F
330
1C
100
AcDbEntity
67
0
8
15 - историческая планировочная структура
62
256
6
ByLayer
370
-1
48
1.0
60
0
100
AcDbPoint
10
1394438.84358651
20
358720.301406553
30
0.0
39
0.0
210
0.0
220
0.0
230
1.0
50
360.0
0
TEXT
5
90
330
1C
100
AcDbEntity
67
0
8
15 - историческая планировочная структура
62
7
6
ByLayer
370
-1
48
1.0
60
0
100
AcDbText
1
55
10
1394438.97271782
20
358720.575844661
30
0.0
40
0.31111111111
41
1.0
50
0.0
51
0.0
7
Standard
11
1394438.97271782
21
358720.575844661
31
0.0
210
0.0
220
0.0
230
1.0
71
0
72
0
100
AcDbText
73
0
0
POINT
5
91
330
1C
100
AcDbEntity
67
0
8
15 - историческая планировочная структура
62
256
6
ByLayer
370
-1
48
1.0
60
0
100
AcDbPoint
10
1394424.474256
20
358708.871338287
30
0.0
39
0.0
210
0.0
220
0.0
230
1.0
50
360.0
0
TEXT
5
92
330
1C
100
AcDbEntity
67
0
8
15 - историческая планировочная структура
62
7
6
ByLayer
370
-1
48
1.0
60
0
100
AcDbText
1
56
10
1394424.60338733
20
358709.145776369
30
0.0
40
0.31111111111
41
1.0
50
0.0
51
0.0
7
Standard
11
1394424.60338733
21
358709.145776369
31
0.0
210
0.0
220
0.0
230
1.0
71
0
72
0
100
AcDbText
73
0
0
POINT
5
93
330
1C
100
AcDbEntity
67
0
8
15 - историческая планировочная структура
62
256
6
ByLayer
370
-1
48
1.0
60
0
100
AcDbPoint
10
1394409.84621424
20
358697.774289637
30
0.0
39
0.0
210
0.0
220
0.0
230
1.0
50
360.0
0
TEXT
5
94
330
1C
100
AcDbEntity
67
0
8
15 - историческая планировочная структура
62
7
6
ByLayer
370
-1
48
1.0
60
0
100
AcDbText
1
57
10
1394409.97534559
20
358698.048727693
30
0.0
40
0.31111111111
41
1.0
50
0.0
51
0.0
7
Standard
11
1394409.97534559
21
358698.048727693
31
0.0
210
0.0
220
0.0
230
1.0
71
0
72
0
100
AcDbText
73
0
0
POINT
5
95
330
1C
100
AcDbEntity
67
0
8
15 - историческая планировочная структура
62
256
6
ByLayer
370
-1
48
1.0
60
0
100
AcDbPoint
10
1394394.96717757
20
358687.016114288
30
0.0
39
0.0
210
0.0
220
0.0
230
1.0
50
360.0
0
TEXT
5
96
330
1C
100
AcDbEntity
67
0
8
15 - историческая планировочная структура
62
7
6
ByLayer
370
-1
48
1.0
60
0
100
AcDbText
1
58
10
1394395.09630894
20
358687.290552318
30
0.0
40
0.31111111111
41
1.0
50
0.0
51
0.0
7
Standard
11
1394395.09630894
21
358687.290552318
31
0.0
210
0.0
220
0.0
230
1.0
71
0
72
0
100
AcDbText
73
0
0
POINT
5
97
330
1C
100
AcDbEntity
67
0
8
15 - историческая планировочная структура
62
256
6
ByLayer
370
-1
48
1.0
60
0
100
AcDbPoint
10
1394369.81406199
20
358666.777933396
30
0.0
39
0.0
210
0.0
220
0.0
230
1.0
50
360.0
0
TEXT
5
98
330
1C
100
AcDbEntity
67
0
8
15 - историческая планировочная структура
62
7
6
ByLayer
370
-1
48
1.0
60
0
100
AcDbText
1
59
10
1394369.9431934
20
358667.05237138
30
0.0
40
0.31111111111
41
1.0
50
0.0
51
0.0
7
Standard
11
1394369.9431934
21
358667.05237138
31
0.0
210
0.0
220
0.0
230
1.0
71
0
72
0
100
AcDbText
73
0
0
POINT
5
99
330
1C
100
AcDbEntity
67
0
8
15 - историческая планировочная структура
62
256
6
ByLayer
370
-1
48
1.0
60
0
100
AcDbPoint
10
1394340.75234931
20
358638.637989413
30
0.0
39
0.0
210
0.0
220
0.0
230
1.0
50
360.0
0
TEXT
5
9A
330
1C
100
AcDbEntity
67
0
8
15 - историческая планировочная структура
62
7
6
ByLayer
370
-1
48
1.0
60
0
100
AcDbText
1
60
10
1394340.88148077
20
358638.912427346
30
0.0
40
0.31111111111
41
1.0
50
0.0
51
0.0
7
Standard
11
1394340.88148077
21
358638.912427346
31
0.0
210
0.0
220
0.0
230
1.0
71
0
72
0
100
AcDbText
73
0
0
POINT
5
9B
330
1C
100
AcDbEntity
67
0
8
15 - историческая планировочная структура
62
256
6
ByLayer
370
-1
48
1.0
60
0
100
AcDbPoint
10
1394322.71093645
20
358623.786131008
30
0.0
39
0.0
210
0.0
220
0.0
230
1.0
50
360.0
0
TEXT
5
9C
330
1C
100
AcDbEntity
67
0
8
15 - историческая планировочная структура
62
7
6
ByLayer
370
-1
48
1.0
60
0
100
AcDbText
1
61
10
1394322.84006794
20
358624.060568908
30
0.0
40
0.31111111111
41
1.0
50
0.0
51
0.0
7
Standard
11
1394322.84006794
21
358624.060568908
31
0.0
210
0.0
220
0.0
230
1.0
71
0
72
0
100
AcDbText
73
0
0
POINT
5
9D
330
1C
100
AcDbEntity
67
0
8
15 - историческая планировочная структура
62
256
6
ByLayer
370
-1
48
1.0
60
0
100
AcDbPoint
10
1394278.16610271
20
358595.030528986
30
0.0
39
0.0
210
0.0
220
0.0
230
1.0
50
360.0
0
TEXT
5
9E
330
1C
100
AcDbEntity
67
0
8
15 - историческая планировочная структура
62
7
6
ByLayer
370
-1
48
1.0
60
0
100
AcDbText
1
62
10
1394278.29523425
20
358595.304966805
30
0.0
40
0.31111111111
41
1.0
50
0.0
51
0.0
7
Standard
11
1394278.29523425
21
358595.304966805
31
0.0
210
0.0
220
0.0
230
1.0
71
0
72
0
100
AcDbText
73
0
0
POINT
5
9F
330
1C
100
AcDbEntity
67
0
8
15 - историческая планировочная структура
62
256
6
ByLayer
370
-1
48
1.0
60
0
100
AcDbPoint
10
1394188.42799524
20
358554.301974129
30
0.0
39
0.0
210
0.0
220
0.0
230
1.0
50
360.0
0
TEXT
5
A0
330
1C
100
AcDbEntity
67
0
8
15 - историческая планировочная структура
62
7
6
ByLayer
370
-1
48
1.0
60
0
100
AcDbText
1
63
10
1394188.55712685
20
358554.576411785
30
0.0
40
0.31111111111
41
1.0
50
0.0
51
0.0
7
Standard
11
1394188.55712685
21
358554.576411785
31
0.0
210
0.0
220
0.0
230
1.0
71
0
72
0
100
AcDbText
73
0
0
POINT
5
A1
330
1C
100
AcDbEntity
67
0
8
15 - историческая планировочная структура
62
256
6
ByLayer
370
-1
48
1.0
60
0
100
AcDbPoint
10
1394159.30083788
20
358538.873390689
30
0.0
39
0.0
210
0.0
220
0.0
230
1.0
50
360.0
0
TEXT
5
A2
330
1C
100
AcDbEntity
67
0
8
15 - историческая планировочная структура
62
7
6
ByLayer
370
-1
48
1.0
60
0
100
AcDbText
1
64
10
1394159.42996953
20
358539.147828293
30
0.0
40
0.31111111111
41
1.0
50
0.0
51
0.0
7
Standard
11
1394159.42996953
21
358539.147828293
31
0.0
210
0.0
220
0.0
230
1.0
71
0
72
0
100
AcDbText
73
0
0
POINT
5
A3
330
1C
100
AcDbEntity
67
0
8
15 - историческая планировочная структура
62
256
6
ByLayer
370
-1
48
1.0
60
0
100
AcDbPoint
10
1394132.18550755
20
358536.549586271
30
0.0
39
0.0
210
0.0
220
0.0
230
1.0
50
360.0
0
TEXT
5
A4
330
1C
100
AcDbEntity
67
0
8
15 - историческая планировочная структура
62
7
6
ByLayer
370
-1
48
1.0
60
0
100
AcDbText
1
65
10
1394132.3146392
20
358536.824023827
30
0.0
40
0.31111111111
41
1.0
50
0.0
51
0.0
7
Standard
11
1394132.3146392
21
358536.824023827
31
0.0
210
0.0
220
0.0
230
1.0
71
0
72
0
100
AcDbText
73
0
0
POINT
5
A5
330
1C
100
AcDbEntity
67
0
8
15 - историческая планировочная структура
62
256
6
ByLayer
370
-1
48
1.0
60
0
100
AcDbPoint
10
1394112.50671002
20
358538.957936444
30
0.0
39
0.0
210
0.0
220
0.0
230
1.0
50
360.0
0
TEXT
5
A6
330
1C
100
AcDbEntity
67
0
8
15 - историческая планировочная структура
62
7
6
ByLayer
370
-1
48
1.0
60
0
100
AcDbText
1
66
10
1394112.63584167
20
358539.232373959
30
0.0
40
0.31111111111
41
1.0
50
0.0
51
0.0
7
Standard
11
1394112.63584167
21
358539.232373959
31
0.0
210
0.0
220
0.0
230
1.0
71
0
72
0
100
AcDbText
73
0
0
POINT
5
A7
330
1C
100
AcDbEntity
67
0
8
15 - историческая планировочная структура
62
256
6
ByLayer
370
-1
48
1.0
60
0
100
AcDbPoint
10
1394092.44487245
20
358538.511262839
30
0.0
39
0.0
210
0.0
220
0.0
230
1.0
50
360.0
0
TEXT
5
A8
330
1C
100
AcDbEntity
67
0
8
15 - историческая планировочная структура
62
7
6
ByLayer
370
-1
48
1.0
60
0
100
AcDbText
1
67
10
1394092.5740041
20
358538.78570032
30
0.0
40
0.31111111111
41
1.0
50
0.0
51
0.0
7
Standard
11
1394092.5740041
21
358538.78570032
31
0.0
210
0.0
220
0.0
230
1.0
71
0
72
0
100
AcDbText
73
0
0
POINT
5
A9
330
1C
100
AcDbEntity
67
0
8
15 - историческая планировочная структура
62
256
6
ByLayer
370
-1
48
1.0
60
0
100
AcDbPoint
10
1394057.07813689
20
358518.507914295
30
0.0
39
0.0
210
0.0
220
0.0
230
1.0
50
360.0
0
TEXT
5
AA
330
1C
100
AcDbEntity
67
0
8
15 - историческая планировочная структура
62
7
6
ByLayer
370
-1
48
1.0
60
0
100
AcDbText
1
68
10
1394057.20726858
20
358518.782351715
30
0.0
40
0.31111111111
41
1.0
50
0.0
51
0.0
7
Standard
11
1394057.20726858
21
358518.782351715
31
0.0
210
0.0
220
0.0
230
1.0
71
0
72
0
100
AcDbText
73
0
0
POINT
5
AB
330
1C
100
AcDbEntity
67
0
8
15 - историческая планировочная структура
62
256
6
ByLayer
370
-1
48
1.0
60
0
100
AcDbPoint
10
1393942.52954145
20
358444.540979266
30
0.0
39
0.0
210
0.0
220
0.0
230
1.0
50
360.0
0
TEXT
5
AC
330
1C
100
AcDbEntity
67
0
8
15 - историческая планировочная структура
62
7
6
ByLayer
370
-1
48
1.0
60
0
100
AcDbText
1
69
10
1393942.65867328
20
358444.815416473
30
0.0
40
0.31111111111
41
1.0
50
0.0
51
0.0
7
Standard
11
1393942.65867328
21
358444.815416473
31
0.0
210
0.0
220
0.0
230
1.0
71
0
72
0
100
AcDbText
73
0
0
POINT
5
AD
330
1C
100
AcDbEntity
67
0
8
15 - историческая планировочная структура
62
256
6
ByLayer
370
-1
48
1.0
60
0
100
AcDbPoint
10
1393926.21279931
20
358430.988612757
30
0.0
39
0.0
210
0.0
220
0.0
230
1.0
50
360.0
0
TEXT
5
AE
330
1C
100
AcDbEntity
67
0
8
15 - историческая планировочная структура
62
7
6
ByLayer
370
-1
48
1.0
60
0
100
AcDbText
1
70
10
1393926.34193116
20
358431.263049938
30
0.0
40
0.31111111111
41
1.0
50
0.0
51
0.0
7
Standard
11
1393926.34193116
21
358431.263049938
31
0.0
210
0.0
220
0.0
230
1.0
71
0
72
0
100
AcDbText
73
0
0
POINT
5
AF
330
1C
100
AcDbEntity
67
0
8
15 - историческая планировочная структура
62
256
6
ByLayer
370
-1
48
1.0
60
0
100
AcDbPoint
10
1393825.57155232
20
358332.375109654
30
0.0
39
0.0
210
0.0
220
0.0
230
1.0
50
360.0
0
TEXT
5
B0
330
1C
100
AcDbEntity
67
0
8
15 - историческая планировочная структура
62
7
6
ByLayer
370
-1
48
1.0
60
0
100
AcDbText
1
71
10
1393825.70068435
20
358332.649546654
30
0.0
40
0.31111111111
41
1.0
50
0.0
51
0.0
7
Standard
11
1393825.70068435
21
358332.649546654
31
0.0
210
0.0
220
0.0
230
1.0
71
0
72
0
100
AcDbText
73
0
0
POINT
5
B1
330
1C
100
AcDbEntity
67
0
8
15 - историческая планировочная структура
62
256
6
ByLayer
370
-1
48
1.0
60
0
100
AcDbPoint
10
1393805.87203568
20
358312.574209136
30
0.0
39
0.0
210
0.0
220
0.0
230
1.0
50
360.0
0
TEXT
5
B2
330
1C
100
AcDbEntity
67
0
8
15 - историческая планировочная структура
62
7
6
ByLayer
370
-1
48
1.0
60
0
100
AcDbText
1
72
10
1393806.00116775
20
358312.848646099
30
0.0
40
0.31111111111
41
1.0
50
0.0
51
0.0
7
Standard
11
1393806.00116775
21
358312.848646099
31
0.0
210
0.0
220
0.0
230
1.0
71
0
72
0
100
AcDbText
73
0
0
POINT
5
B3
330
1C
100
AcDbEntity
67
0
8
15 - историческая планировочная структура
62
256
6
ByLayer
370
-1
48
1.0
60
0
100
AcDbPoint
10
1393756.52132555
20
358264.42704332
30
0.0
39
0.0
210
0.0
220
0.0
230
1.0
50
360.0
0
TEXT
5
B4
330
1C
100
AcDbEntity
67
0
8
15 - историческая планировочная структура
62
7
6
ByLayer
370
-1
48
1.0
60
0
100
AcDbText
1
73
10
1393756.6504577
20
358264.701480196
30
0.0
40
0.31111111111
41
1.0
50
0.0
51
0.0
7
Standard
11
1393756.6504577
21
358264.701480196
31
0.0
210
0.0
220
0.0
230
1.0
71
0
72
0
100
AcDbText
73
0
0
POINT
5
B5
330
1C
100
AcDbEntity
67
0
8
15 - историческая планировочная структура
62
256
6
ByLayer
370
-1
48
1.0
60
0
100
AcDbPoint
10
1393211.82801173
20
357762.109768276
30
0.0
39
0.0
210
0.0
220
0.0
230
1.0
50
360.0
0
TEXT
5
B6
330
1C
100
AcDbEntity
67
0
8
15 - историческая планировочная структура
62
7
6
ByLayer
370
-1
48
1.0
60
0
100
AcDbText
1
74
10
1393211.95714482
20
357762.384204169
30
0.0
40
0.31111111111
41
1.0
50
0.0
51
0.0
7
Standard
11
1393211.95714482
21
357762.384204169
31
0.0
210
0.0
220
0.0
230
1.0
71
0
72
0
100
AcDbText
73
0
0
POINT
5
B7
330
1C
100
AcDbEntity
67
0
8
15 - историческая планировочная структура
62
256
6
ByLayer
370
-1
48
1.0
60
0
100
AcDbPoint
10
1393140.38337907
20
357676.349081047
30
0.0
39
0.0
210
0.0
220
0.0
230
1.0
50
360.0
0
TEXT
5
B8
330
1C
100
AcDbEntity
67
0
8
15 - историческая планировочная структура
62
7
6
ByLayer
370
-1
48
1.0
60
0
100
AcDbText
1
75
10
1393140.51251231
20
357676.623516814
30
0.0
40
0.31111111111
41
1.0
50
0.0
51
0.0
7
Standard
11
1393140.51251231
21
357676.623516814
31
0.0
210
0.0
220
0.0
230
1.0
71
0
72
0
100
AcDbText
73
0
0
POINT
5
B9
330
1C
100
AcDbEntity
67
0
8
15 - историческая планировочная структура
62
256
6
ByLayer
370
-1
48
1.0
60
0
100
AcDbPoint
10
1393083.66750607
20
357603.863154368
30
0.0
39
0.0
210
0.0
220
0.0
230
1.0
50
360.0
0
TEXT
5
BA
330
1C
100
AcDbEntity
67
0
8
15 - историческая планировочная структура
62
7
6
ByLayer
370
-1
48
1.0
60
0
100
AcDbText
1
76
10
1393083.79663945
20
357604.137590033
30
0.0
40
0.31111111111
41
1.0
50
0.0
51
0.0
7
Standard
11
1393083.79663945
21
357604.137590033
31
0.0
210
0.0
220
0.0
230
1.0
71
0
72
0
100
AcDbText
73
0
0
POINT
5
BB
330
1C
100
AcDbEntity
67
0
8
15 - историческая планировочная структура
62
256
6
ByLayer
370
-1
48
1.0
60
0
100
AcDbPoint
10
1393280.72250463
20
357290.644802679
30
0.0
39
0.0
210
0.0
220
0.0
230
1.0
50
360.0
0
TEXT
5
BC
330
1C
100
AcDbEntity
67
0
8
15 - историческая планировочная структура
62
7
6
ByLayer
370
-1
48
1.0
60
0
100
AcDbText
1
77
10
1393280.85163858
20
357290.919238709
30
0.0
40
0.31111111111
41
1.0
50
0.0
51
0.0
7
Standard
11
1393280.85163858
21
357290.919238709
31
0.0
210
0.0
220
0.0
230
1.0
71
0
72
0
100
AcDbText
73
0
0
POINT
5
BD
330
1C
100
AcDbEntity
67
0
8
15 - историческая планировочная структура
62
256
6
ByLayer
370
-1
48
1.0
60
0
100
AcDbPoint
10
1393270.0963432
20
357275.643019149
30
0.0
39
0.0
210
0.0
220
0.0
230
1.0
50
360.0
0
TEXT
5
BE
330
1C
100
AcDbEntity
67
0
8
15 - историческая планировочная структура
62
7
6
ByLayer
370
-1
48
1.0
60
0
100
AcDbText
1
78
10
1393270.22547717
20
357275.917455162
30
0.0
40
0.31111111111
41
1.0
50
0.0
51
0.0
7
Standard
11
1393270.22547717
21
357275.917455162
31
0.0
210
0.0
220
0.0
230
1.0
71
0
72
0
100
AcDbText
73
0
0
POINT
5
BF
330
1C
100
AcDbEntity
67
0
8
15 - историческая планировочная структура
62
256
6
ByLayer
370
-1
48
1.0
60
0
100
AcDbPoint
10
1393267.53026986
20
357270.65620537
30
0.0
39
0.0
210
0.0
220
0.0
230
1.0
50
360.0
0
TEXT
5
C0
330
1C
100
AcDbEntity
67
0
8
15 - историческая планировочная структура
62
7
6
ByLayer
370
-1
48
1.0
60
0
100
AcDbText
1
79
10
1393267.65940385
20
357270.93064138
30
0.0
40
0.31111111111
41
1.0
50
0.0
51
0.0
7
Standard
11
1393267.65940385
21
357270.93064138
31
0.0
210
0.0
220
0.0
230
1.0
71
0
72
0
100
AcDbText
73
0
0
POINT
5
C1
330
1C
100
AcDbEntity
67
0
8
15 - историческая планировочная структура
62
256
6
ByLayer
370
-1
48
1.0
60
0
100
AcDbPoint
10
1393266.51774166
20
357264.787934732
30
0.0
39
0.0
210
0.0
220
0.0
230
1.0
50
360.0
0
TEXT
5
C2
330
1C
100
AcDbEntity
67
0
8
15 - историческая планировочная структура
62
7
6
ByLayer
370
-1
48
1.0
60
0
100
AcDbText
1
80
10
1393266.64687565
20
357265.06237074
30
0.0
40
0.31111111111
41
1.0
50
0.0
51
0.0
7
Standard
11
1393266.64687565
21
357265.06237074
31
0.0
210
0.0
220
0.0
230
1.0
71
0
72
0
100
AcDbText
73
0
0
POINT
5
C3
330
1C
100
AcDbEntity
67
0
8
15 - историческая планировочная структура
62
256
6
ByLayer
370
-1
48
1.0
60
0
100
AcDbPoint
10
1393265.77178752
20
357254.994302655
30
0.0
39
0.0
210
0.0
220
0.0
230
1.0
50
360.0
0
TEXT
5
C4
330
1C
100
AcDbEntity
67
0
8
15 - историческая планировочная структура
62
7
6
ByLayer
370
-1
48
1.0
60
0
100
AcDbText
1
81
10
1393265.90092153
20
357255.268738661
30
0.0
40
0.31111111111
41
1.0
50
0.0
51
0.0
7
Standard
11
1393265.90092153
21
357255.268738661
31
0.0
210
0.0
220
0.0
230
1.0
71
0
72
0
100
AcDbText
73
0
0
POINT
5
C5
330
1C
100
AcDbEntity
67
0
8
15 - историческая планировочная структура
62
256
6
ByLayer
370
-1
48
1.0
60
0
100
AcDbPoint
10
1393250.11779017
20
357229.619342812
30
0.0
39
0.0
210
0.0
220
0.0
230
1.0
50
360.0
0
TEXT
5
C6
330
1C
100
AcDbEntity
67
0
8
15 - историческая планировочная структура
62
7
6
ByLayer
370
-1
48
1.0
60
0
100
AcDbText
1
82
10
1393250.24692423
20
357229.89377879
30
0.0
40
0.31111111111
41
1.0
50
0.0
51
0.0
7
Standard
11
1393250.24692423
21
357229.89377879
31
0.0
210
0.0
220
0.0
230
1.0
71
0
72
0
100
AcDbText
73
0
0
POINT
5
C7
330
1C
100
AcDbEntity
67
0
8
15 - историческая планировочная структура
62
256
6
ByLayer
370
-1
48
1.0
60
0
100
AcDbPoint
10
1393193.91370897
20
357159.534503121
30
0.0
39
0.0
210
0.0
220
0.0
230
1.0
50
360.0
0
TEXT
5
C8
330
1C
100
AcDbEntity
67
0
8
15 - историческая планировочная структура
62
7
6
ByLayer
370
-1
48
1.0
60
0
100
AcDbText
1
83
10
1393194.04284315
20
357159.808938998
30
0.0
40
0.31111111111
41
1.0
50
0.0
51
0.0
7
Standard
11
1393194.04284315
21
357159.808938998
31
0.0
210
0.0
220
0.0
230
1.0
71
0
72
0
100
AcDbText
73
0
0
POINT
5
C9
330
1C
100
AcDbEntity
67
0
8
15 - историческая планировочная структура
62
256
6
ByLayer
370
-1
48
1.0
60
0
100
AcDbPoint
10
1393136.87145269
20
357084.674338313
30
0.0
39
0.0
210
0.0
220
0.0
230
1.0
50
360.0
0
TEXT
5
CA
330
1C
100
AcDbEntity
67
0
8
15 - историческая планировочная структура
62
7
6
ByLayer
370
-1
48
1.0
60
0
100
AcDbText
1
84
10
1393137.00058701
20
357084.948774086
30
0.0
40
0.31111111111
41
1.0
50
0.0
51
0.0
7
Standard
11
1393137.00058701
21
357084.948774086
31
0.0
210
0.0
220
0.0
230
1.0
71
0
72
0
100
AcDbText
73
0
0
POINT
5
CB
330
1C
100
AcDbEntity
67
0
8
15 - историческая планировочная структура
62
256
6
ByLayer
370
-1
48
1.0
60
0
100
AcDbPoint
10
1393125.9434405
20
357064.951123417
30
0.0
39
0.0
210
0.0
220
0.0
230
1.0
50
360.0
0
TEXT
5
CC
330
1C
100
AcDbEntity
67
0
8
15 - историческая планировочная структура
62
7
6
ByLayer
370
-1
48
1.0
60
0
100
AcDbText
1
85
10
1393126.07257486
20
357065.225559174
30
0.0
40
0.31111111111
41
1.0
50
0.0
51
0.0
7
Standard
11
1393126.07257486
21
357065.225559174
31
0.0
210
0.0
220
0.0
230
1.0
71
0
72
0
100
AcDbText
73
0
0
POINT
5
CD
330
1C
100
AcDbEntity
67
0
8
15 - историческая планировочная структура
62
256
6
ByLayer
370
-1
48
1.0
60
0
100
AcDbPoint
10
1393066.35153644
20
356889.232165592
30
0.0
39
0.0
210
0.0
220
0.0
230
1.0
50
360.0
0
TEXT
5
CE
330
1C
100
AcDbEntity
67
0
8
15 - историческая планировочная структура
62
7
6
ByLayer
370
-1
48
1.0
60
0
100
AcDbText
1
86
10
1393066.48067112
20
356889.506601244
30
0.0
40
0.31111111111
41
1.0
50
0.0
51
0.0
7
Standard
11
1393066.48067112
21
356889.506601244
31
0.0
210
0.0
220
0.0
230
1.0
71
0
72
0
100
AcDbText
73
0
0
POINT
5
CF
330
1C
100
AcDbEntity
67
0
8
15 - историческая планировочная структура
62
256
6
ByLayer
370
-1
48
1.0
60
0
100
AcDbPoint
10
1393059.10745165
20
356872.118518669
30
0.0
39
0.0
210
0.0
220
0.0
230
1.0
50
360.0
0
TEXT
5
D0
330
1C
100
AcDbEntity
67
0
8
15 - историческая планировочная структура
62
7
6
ByLayer
370
-1
48
1.0
60
0
100
AcDbText
1
87
10
1393059.23658637
20
356872.392954307
30
0.0
40
0.31111111111
41
1.0
50
0.0
51
0.0
7
Standard
11
1393059.23658637
21
356872.392954307
31
0.0
210
0.0
220
0.0
230
1.0
71
0
72
0
100
AcDbText
73
0
0
POINT
5
D1
330
1C
100
AcDbEntity
67
0
8
15 - историческая планировочная структура
62
256
6
ByLayer
370
-1
48
1.0
60
0
100
AcDbPoint
10
1393025.08946754
20
356817.517224193
30
0.0
39
0.0
210
0.0
220
0.0
230
1.0
50
360.0
0
TEXT
5
D2
330
1C
100
AcDbEntity
67
0
8
15 - историческая планировочная структура
62
7
6
ByLayer
370
-1
48
1.0
60
0
100
AcDbText
1
88
10
1393025.21860235
20
356817.791659772
30
0.0
40
0.31111111111
41
1.0
50
0.0
51
0.0
7
Standard
11
1393025.21860235
21
356817.791659772
31
0.0
210
0.0
220
0.0
230
1.0
71
0
72
0
100
AcDbText
73
0
0
POINT
5
D3
330
1C
100
AcDbEntity
67
0
8
15 - историческая планировочная структура
62
256
6
ByLayer
370
-1
48
1.0
60
0
100
AcDbPoint
10
1392984.5374125
20
356754.3759902
30
0.0
39
0.0
210
0.0
220
0.0
230
1.0
50
360.0
0
TEXT
5
D4
330
1C
100
AcDbEntity
67
0
8
15 - историческая планировочная структура
62
7
6
ByLayer
370
-1
48
1.0
60
0
100
AcDbText
1
89
10
1392984.66654743
20
356754.650425704
30
0.0
40
0.31111111111
41
1.0
50
0.0
51
0.0
7
Standard
11
1392984.66654743
21
356754.650425704
31
0.0
210
0.0
220
0.0
230
1.0
71
0
72
0
100
AcDbText
73
0
0
POINT
5
D5
330
1C
100
AcDbEntity
67
0
8
15 - историческая планировочная структура
62
256
6
ByLayer
370
-1
48
1.0
60
0
100
AcDbPoint
10
1392951.75448526
20
356699.443762234
30
0.0
39
0.0
210
0.0
220
0.0
230
1.0
50
360.0
0
TEXT
5
D6
330
1C
100
AcDbEntity
67
0
8
15 - историческая планировочная структура
62
7
6
ByLayer
370
-1
48
1.0
60
0
100
AcDbText
1
90
10
1392951.88362029
20
356699.718197684
30
0.0
40
0.31111111111
41
1.0
50
0.0
51
0.0
7
Standard
11
1392951.88362029
21
356699.718197684
31
0.0
210
0.0
220
0.0
230
1.0
71
0
72
0
100
AcDbText
73
0
0
POINT
5
D7
330
1C
100
AcDbEntity
67
0
8
15 - историческая планировочная структура
62
256
6
ByLayer
370
-1
48
1.0
60
0
100
AcDbPoint
10
1392922.55308845
20
356644.427905523
30
0.0
39
0.0
210
0.0
220
0.0
230
1.0
50
360.0
0
TEXT
5
D8
330
1C
100
AcDbEntity
67
0
8
15 - историческая планировочная структура
62
7
6
ByLayer
370
-1
48
1.0
60
0
100
AcDbText
1
91
10
1392922.68222358
20
356644.70234092
30
0.0
40
0.31111111111
41
1.0
50
0.0
51
0.0
7
Standard
11
1392922.68222358
21
356644.70234092
31
0.0
210
0.0
220
0.0
230
1.0
71
0
72
0
100
AcDbText
73
0
0
POINT
5
D9
330
1C
100
AcDbEntity
67
0
8
15 - историческая планировочная структура
62
256
6
ByLayer
370
-1
48
1.0
60
0
100
AcDbPoint
10
1392902.25621397
20
356599.952645757
30
0.0
39
0.0
210
0.0
220
0.0
230
1.0
50
360.0
0
TEXT
5
DA
330
1C
100
AcDbEntity
67
0
8
15 - историческая планировочная структура
62
7
6
ByLayer
370
-1
48
1.0
60
0
100
AcDbText
1
92
10
1392902.38534919
20
356600.227081119
30
0.0
40
0.31111111111
41
1.0
50
0.0
51
0.0
7
Standard
11
1392902.38534919
21
356600.227081119
31
0.0
210
0.0
220
0.0
230
1.0
71
0
72
0
100
AcDbText
73
0
0
POINT
5
DB
330
1C
100
AcDbEntity
67
0
8
15 - историческая планировочная структура
62
256
6
ByLayer
370
-1
48
1.0
60
0
100
AcDbPoint
10
1392894.57303753
20
356582.67611831
30
0.0
39
0.0
210
0.0
220
0.0
230
1.0
50
360.0
0
TEXT
5
DC
330
1C
100
AcDbEntity
67
0
8
15 - историческая планировочная структура
62
7
6
ByLayer
370
-1
48
1.0
60
0
100
AcDbText
1
93
10
1392894.70217278
20
356582.950553658
30
0.0
40
0.31111111111
41
1.0
50
0.0
51
0.0
7
Standard
11
1392894.70217278
21
356582.950553658
31
0.0
210
0.0
220
0.0
230
1.0
71
0
72
0
100
AcDbText
73
0
0
POINT
5
DD
330
1C
100
AcDbEntity
67
0
8
15 - историческая планировочная структура
62
256
6
ByLayer
370
-1
48
1.0
60
0
100
AcDbPoint
10
1392892.86117888
20
356565.601540386
30
0.0
39
0.0
210
0.0
220
0.0
230
1.0
50
360.0
0
TEXT
5
DE
330
1C
100
AcDbEntity
67
0
8
15 - историческая планировочная структура
62
7
6
ByLayer
370
-1
48
1.0
60
0
100
AcDbText
1
94
10
1392892.99031416
20
356565.875975729
30
0.0
40
0.31111111111
41
1.0
50
0.0
51
0.0
7
Standard
11
1392892.99031416
21
356565.875975729
31
0.0
210
0.0
220
0.0
230
1.0
71
0
72
0
100
AcDbText
73
0
0
POINT
5
DF
330
1C
100
AcDbEntity
67
0
8
15 - историческая планировочная структура
62
256
6
ByLayer
370
-1
48
1.0
60
0
100
AcDbPoint
10
1392892.37848797
20
356526.897225107
30
0.0
39
0.0
210
0.0
220
0.0
230
1.0
50
360.0
0
TEXT
5
E0
330
1C
100
AcDbEntity
67
0
8
15 - историческая планировочная структура
62
7
6
ByLayer
370
-1
48
1.0
60
0
100
AcDbText
1
95
10
1392892.50762332
20
356527.171660449
30
0.0
40
0.31111111111
41
1.0
50
0.0
51
0.0
7
Standard
11
1392892.50762332
21
356527.171660449
31
0.0
210
0.0
220
0.0
230
1.0
71
0
72
0
100
AcDbText
73
0
0
POINT
5
E1
330
1C
100
AcDbEntity
67
0
8
15 - историческая планировочная структура
62
256
6
ByLayer
370
-1
48
1.0
60
0
100
AcDbPoint
10
1392894.12799361
20
356470.178311582
30
0.0
39
0.0
210
0.0
220
0.0
230
1.0
50
360.0
0
TEXT
5
E2
330
1C
100
AcDbEntity
67
0
8
15 - историческая планировочная структура
62
7
6
ByLayer
370
-1
48
1.0
60
0
100
AcDbText
1
96
10
1392894.25712906
20
356470.452746929
30
0.0
40
0.31111111111
41
1.0
50
0.0
51
0.0
7
Standard
11
1392894.25712906
21
356470.452746929
31
0.0
210
0.0
220
0.0
230
1.0
71
0
72
0
100
AcDbText
73
0
0
POINT
5
E3
330
1C
100
AcDbEntity
67
0
8
15 - историческая планировочная структура
62
256
6
ByLayer
370
-1
48
1.0
60
0
100
AcDbPoint
10
1392890.22575057
20
356448.523031529
30
0.0
39
0.0
210
0.0
220
0.0
230
1.0
50
360.0
0
TEXT
5
E4
330
1C
100
AcDbEntity
67
0
8
15 - историческая планировочная структура
62
7
6
ByLayer
370
-1
48
1.0
60
0
100
AcDbText
1
97
10
1392890.35488606
20
356448.797466868
30
0.0
40
0.31111111111
41
1.0
50
0.0
51
0.0
7
Standard
11
1392890.35488606
21
356448.797466868
31
0.0
210
0.0
220
0.0
230
1.0
71
0
72
0
100
AcDbText
73
0
0
POINT
5
E5
330
1C
100
AcDbEntity
67
0
8
15 - историческая планировочная структура
62
256
6
ByLayer
370
-1
48
1.0
60
0
100
AcDbPoint
10
1392881.69181918
20
356424.644872524
30
0.0
39
0.0
210
0.0
220
0.0
230
1.0
50
360.0
0
TEXT
5
E6
330
1C
100
AcDbEntity
67
0
8
15 - историческая планировочная структура
62
7
6
ByLayer
370
-1
48
1.0
60
0
100
AcDbText
1
98
10
1392881.82095472
20
356424.919307851
30
0.0
40
0.31111111111
41
1.0
50
0.0
51
0.0
7
Standard
11
1392881.82095472
21
356424.919307851
31
0.0
210
0.0
220
0.0
230
1.0
71
0
72
0
100
AcDbText
73
0
0
POINT
5
E7
330
1C
100
AcDbEntity
67
0
8
15 - историческая планировочная структура
62
256
6
ByLayer
370
-1
48
1.0
60
0
100
AcDbPoint
10
1392859.49183583
20
356383.564755844
30
0.0
39
0.0
210
0.0
220
0.0
230
1.0
50
360.0
0
TEXT
5
E8
330
1C
100
AcDbEntity
67
0
8
15 - историческая планировочная структура
62
7
6
ByLayer
370
-1
48
1.0
60
0
100
AcDbText
1
99
10
1392859.62097144
20
356383.83919113
30
0.0
40
0.31111111111
41
1.0
50
0.0
51
0.0
7
Standard
11
1392859.62097144
21
356383.83919113
31
0.0
210
0.0
220
0.0
230
1.0
71
0
72
0
100
AcDbText
73
0
0
POINT
5
E9
330
1C
100
AcDbEntity
67
0
8
15 - историческая планировочная структура
62
256
6
ByLayer
370
-1
48
1.0
60
0
100
AcDbPoint
10
1392807.40394467
20
356292.333024136
30
0.0
39
0.0
210
0.0
220
0.0
230
1.0
50
360.0
0
TEXT
5
EA
330
1C
100
AcDbEntity
67
0
8
15 - историческая планировочная структура
62
7
6
ByLayer
370
-1
48
1.0
60
0
100
AcDbText
1
100
10
1392807.53308045
20
356292.607459329
30
0.0
40
0.31111111111
41
1.0
50
0.0
51
0.0
7
Standard
11
1392807.53308045
21
356292.607459329
31
0.0
210
0.0
220
0.0
230
1.0
71
0
72
0
100
AcDbText
73
0
0
POINT
5
EB
330
1C
100
AcDbEntity
67
0
8
15 - историческая планировочная структура
62
256
6
ByLayer
370
-1
48
1.0
60
0
100
AcDbPoint
10
1392793.17117576
20
356274.327593658
30
0.0
39
0.0
210
0.0
220
0.0
230
1.0
50
360.0
0
TEXT
5
EC
330
1C
100
AcDbEntity
67
0
8
15 - историческая планировочная структура
62
7
6
ByLayer
370
-1
48
1.0
60
0
100
AcDbText
1
101
10
1392793.30031157
20
356274.602028826
30
0.0
40
0.31111111111
41
1.0
50
0.0
51
0.0
7
Standard
11
1392793.30031157
21
356274.602028826
31
0.0
210
0.0
220
0.0
230
1.0
71
0
72
0
100
AcDbText
73
0
0
POINT
5
ED
330
1C
100
AcDbEntity
67
0
8
15 - историческая планировочная структура
62
256
6
ByLayer
370
-1
48
1.0
60
0
100
AcDbPoint
10
1392778.82311618
20
356264.60612621
30
0.0
39
0.0
210
0.0
220
0.0
230
1.0
50
360.0
0
TEXT
5
EE
330
1C
100
AcDbEntity
67
0
8
15 - историческая планировочная структура
62
7
6
ByLayer
370
-1
48
1.0
60
0
100
AcDbText
1
102
10
1392778.95225201
20
356264.88056135
30
0.0
40
0.31111111111
41
1.0
50
0.0
51
0.0
7
Standard
11
1392778.95225201
21
356264.88056135
31
0.0
210
0.0
220
0.0
230
1.0
71
0
72
0
100
AcDbText
73
0
0
POINT
5
EF
330
1C
100
AcDbEntity
67
0
8
15 - историческая планировочная структура
62
256
6
ByLayer
370
-1
48
1.0
60
0
100
AcDbPoint
10
1392761.70688011
20
356261.933050079
30
0.0
39
0.0
210
0.0
220
0.0
230
1.0
50
360.0
0
TEXT
5
F0
330
1C
100
AcDbEntity
67
0
8
15 - историческая планировочная структура
62
7
6
ByLayer
370
-1
48
1.0
60
0
100
AcDbText
1
103
10
1392761.83601594
20
356262.20748519
30
0.0
40
0.31111111111
41
1.0
50
0.0
51
0.0
7
Standard
11
1392761.83601594
21
356262.20748519
31
0.0
210
0.0
220
0.0
230
1.0
71
0
72
0
100
AcDbText
73
0
0
POINT
5
F1
330
1C
100
AcDbEntity
67
0
8
15 - историческая планировочная структура
62
256
6
ByLayer
370
-1
48
1.0
60
0
100
AcDbPoint
10
1392648.85047072
20
356262.283129635
30
0.0
39
0.0
210
0.0
220
0.0
230
1.0
50
360.0
0
TEXT
5
F2
330
1C
100
AcDbEntity
67
0
8
15 - историческая планировочная структура
62
7
6
ByLayer
370
-1
48
1.0
60
0
100
AcDbText
1
104
10
1392648.97960656
20
356262.557564539
30
0.0
40
0.31111111111
41
1.0
50
0.0
51
0.0
7
Standard
11
1392648.97960656
21
356262.557564539
31
0.0
210
0.0
220
0.0
230
1.0
71
0
72
0
100
AcDbText
73
0
0
POINT
5
F3
330
1C
100
AcDbEntity
67
0
8
15 - историческая планировочная структура
62
256
6
ByLayer
370
-1
48
1.0
60
0
100
AcDbPoint
10
1392615.69868261
20
356260.970894785
30
0.0
39
0.0
210
0.0
220
0.0
230
1.0
50
360.0
0
TEXT
5
F4
330
1C
100
AcDbEntity
67
0
8
15 - историческая планировочная структура
62
7
6
ByLayer
370
-1
48
1.0
60
0
100
AcDbText
1
105
10
1392615.82781845
20
356261.245329629
30
0.0
40
0.31111111111
41
1.0
50
0.0
51
0.0
7
Standard
11
1392615.82781845
21
356261.245329629
31
0.0
210
0.0
220
0.0
230
1.0
71
0
72
0
100
AcDbText
73
0
0
POINT
5
F5
330
1C
100
AcDbEntity
67
0
8
15 - историческая планировочная структура
62
256
6
ByLayer
370
-1
48
1.0
60
0
100
AcDbPoint
10
1392568.86551134
20
356258.463077907
30
0.0
39
0.0
210
0.0
220
0.0
230
1.0
50
360.0
0
TEXT
5
F6
330
1C
100
AcDbEntity
67
0
8
15 - историческая планировочная структура
62
7
6
ByLayer
370
-1
48
1.0
60
0
100
AcDbText
1
106
10
1392568.99464719
20
356258.737512667
30
0.0
40
0.31111111111
41
1.0
50
0.0
51
0.0
7
Standard
11
1392568.99464719
21
356258.737512667
31
0.0
210
0.0
220
0.0
230
1.0
71
0
72
0
100
AcDbText
73
0
0
POINT
5
F7
330
1C
100
AcDbEntity
67
0
8
15 - историческая планировочная структура
62
256
6
ByLayer
370
-1
48
1.0
60
0
100
AcDbPoint
10
1392545.48007237
20
356254.443657322
30
0.0
39
0.0
210
0.0
220
0.0
230
1.0
50
360.0
0
TEXT
5
F8
330
1C
100
AcDbEntity
67
0
8
15 - историческая планировочная структура
62
7
6
ByLayer
370
-1
48
1.0
60
0
100
AcDbText
1
107
10
1392545.60920822
20
356254.718092039
30
0.0
40
0.31111111111
41
1.0
50
0.0
51
0.0
7
Standard
11
1392545.60920822
21
356254.718092039
31
0.0
210
0.0
220
0.0
230
1.0
71
0
72
0
100
AcDbText
73
0
0
POINT
5
F9
330
1C
100
AcDbEntity
67
0
8
15 - историческая планировочная структура
62
256
6
ByLayer
370
-1
48
1.0
60
0
100
AcDbPoint
10
1392524.82397772
20
356247.451456077
30
0.0
39
0.0
210
0.0
220
0.0
230
1.0
50
360.0
0
TEXT
5
FA
330
1C
100
AcDbEntity
67
0
8
15 - историческая планировочная структура
62
7
6
ByLayer
370
-1
48
1.0
60
0
100
AcDbText
1
108
10
1392524.95311359
20
356247.725890758
30
0.0
40
0.31111111111
41
1.0
50
0.0
51
0.0
7
Standard
11
1392524.95311359
21
356247.725890758
31
0.0
210
0.0
220
0.0
230
1.0
71
0
72
0
100
AcDbText
73
0
0
POINT
5
FB
330
1C
100
AcDbEntity
67
0
8
15 - историческая планировочная структура
62
256
6
ByLayer
370
-1
48
1.0
60
0
100
AcDbPoint
10
1392503.63953424
20
356233.685071708
30
0.0
39
0.0
210
0.0
220
0.0
230
1.0
50
360.0
0
TEXT
5
FC
330
1C
100
AcDbEntity
67
0
8
15 - историческая планировочная структура
62
7
6
ByLayer
370
-1
48
1.0
60
0
100
AcDbText
1
109
10
1392503.76867013
20
356233.959506351
30
0.0
40
0.31111111111
41
1.0
50
0.0
51
0.0
7
Standard
11
1392503.76867013
21
356233.959506351
31
0.0
210
0.0
220
0.0
230
1.0
71
0
72
0
100
AcDbText
73
0
0
POINT
5
FD
330
1C
100
AcDbEntity
67
0
8
15 - историческая планировочная структура
62
256
6
ByLayer
370
-1
48
1.0
60
0
100
AcDbPoint
10
1392485.05790615
20
356215.354257167
30
0.0
39
0.0
210
0.0
220
0.0
230
1.0
50
360.0
0
TEXT
5
FE
330
1C
100
AcDbEntity
67
0
8
15 - историческая планировочная структура
62
7
6
ByLayer
370
-1
48
1.0
60
0
100
AcDbText
1
110
10
1392485.18704208
20
356215.62869177
30
0.0
40
0.31111111111
41
1.0
50
0.0
51
0.0
7
Standard
11
1392485.18704208
21
356215.62869177
31
0.0
210
0.0
220
0.0
230
1.0
71
0
72
0
100
AcDbText
73
0
0
POINT
5
FF
330
1C
100
AcDbEntity
67
0
8
15 - историческая планировочная структура
62
256
6
ByLayer
370
-1
48
1.0
60
0
100
AcDbPoint
10
1392461.59778808
20
356181.929872678
30
0.0
39
0.0
210
0.0
220
0.0
230
1.0
50
360.0
0
TEXT
5
100
330
1C
100
AcDbEntity
67
0
8
15 - историческая планировочная структура
62
7
6
ByLayer
370
-1
48
1.0
60
0
100
AcDbText
1
111
10
1392461.72692407
20
356182.204307244
30
0.0
40
0.31111111111
41
1.0
50
0.0
51
0.0
7
Standard
11
1392461.72692407
21
356182.204307244
31
0.0
210
0.0
220
0.0
230
1.0
71
0
72
0
100
AcDbText
73
0
0
POINT
5
101
330
1C
100
AcDbEntity
67
0
8
15 - историческая планировочная структура
62
256
6
ByLayer
370
-1
48
1.0
60
0
100
AcDbPoint
10
1392442.57116204
20
356154.957295627
30
0.0
39
0.0
210
0.0
220
0.0
230
1.0
50
360.0
0
TEXT
5
102
330
1C
100
AcDbEntity
67
0
8
15 - историческая планировочная структура
62
7
6
ByLayer
370
-1
48
1.0
60
0
100
AcDbText
1
112
10
1392442.70029808
20
356155.231730156
30
0.0
40
0.31111111111
41
1.0
50
0.0
51
0.0
7
Standard
11
1392442.70029808
21
356155.231730156
31
0.0
210
0.0
220
0.0
230
1.0
71
0
72
0
100
AcDbText
73
0
0
POINT
5
103
330
1C
100
AcDbEntity
67
0
8
15 - историческая планировочная структура
62
256
6
ByLayer
370
-1
48
1.0
60
0
100
AcDbPoint
10
1392427.72132799
20
356120.81657501
30
0.0
39
0.0
210
0.0
220
0.0
230
1.0
50
360.0
0
TEXT
5
104
330
1C
100
AcDbEntity
67
0
8
15 - историческая планировочная структура
62
7
6
ByLayer
370
-1
48
1.0
60
0
100
AcDbText
1
113
10
1392427.85046409
20
356121.091009515
30
0.0
40
0.31111111111
41
1.0
50
0.0
51
0.0
7
Standard
11
1392427.85046409
21
356121.091009515
31
0.0
210
0.0
220
0.0
230
1.0
71
0
72
0
100
AcDbText
73
0
0
POINT
5
105
330
1C
100
AcDbEntity
67
0
8
15 - историческая планировочная структура
62
256
6
ByLayer
370
-1
48
1.0
60
0
100
AcDbPoint
10
1392414.51694487
20
356088.382977592
30
0.0
39
0.0
210
0.0
220
0.0
230
1.0
50
360.0
0
TEXT
5
106
330
1C
100
AcDbEntity
67
0
8
15 - историческая планировочная структура
62
7
6
ByLayer
370
-1
48
1.0
60
0
100
AcDbText
1
114
10
1392414.64608103
20
356088.657412075
30
0.0
40
0.31111111111
41
1.0
50
0.0
51
0.0
7
Standard
11
1392414.64608103
21
356088.657412075
31
0.0
210
0.0
220
0.0
230
1.0
71
0
72
0
100
AcDbText
73
0
0
POINT
5
107
330
1C
100
AcDbEntity
67
0
8
15 - историческая планировочная структура
62
256
6
ByLayer
370
-1
48
1.0
60
0
100
AcDbPoint
10
1392401.28759278
20
356043.507153059
30
0.0
39
0.0
210
0.0
220
0.0
230
1.0
50
360.0
0
TEXT
5
108
330
1C
100
AcDbEntity
67
0
8
15 - историческая планировочная структура
62
7
6
ByLayer
370
-1
48
1.0
60
0
100
AcDbText
1
115
10
1392401.41672903
20
356043.781587516
30
0.0
40
0.31111111111
41
1.0
50
0.0
51
0.0
7
Standard
11
1392401.41672903
21
356043.781587516
31
0.0
210
0.0
220
0.0
230
1.0
71
0
72
0
100
AcDbText
73
0
0
POINT
5
109
330
1C
100
AcDbEntity
67
0
8
15 - историческая планировочная структура
62
256
6
ByLayer
370
-1
48
1.0
60
0
100
AcDbPoint
10
1392394.21272262
20
356021.497673275
30
0.0
39
0.0
210
0.0
220
0.0
230
1.0
50
360.0
0
TEXT
5
10A
330
1C
100
AcDbEntity
67
0
8
15 - историческая планировочная структура
62
7
6
ByLayer
370
-1
48
1.0
60
0
100
AcDbText
1
116
10
1392394.3418589
20
356021.772107723
30
0.0
40
0.31111111111
41
1.0
50
0.0
51
0.0
7
Standard
11
1392394.3418589
21
356021.772107723
31
0.0
210
0.0
220
0.0
230
1.0
71
0
72
0
100
AcDbText
73
0
0
POINT
5
10B
330
1C
100
AcDbEntity
67
0
8
15 - историческая планировочная структура
62
256
6
ByLayer
370
-1
48
1.0
60
0
100
AcDbPoint
10
1392386.13738217
20
355988.739215819
30
0.0
39
0.0
210
0.0
220
0.0
230
1.0
50
360.0
0
TEXT
5
10C
330
1C
100
AcDbEntity
67
0
8
15 - историческая планировочная структура
62
7
6
ByLayer
370
-1
48
1.0
60
0
100
AcDbText
1
117
10
1392386.26651852
20
355989.013650251
30
0.0
40
0.31111111111
41
1.0
50
0.0
51
0.0
7
Standard
11
1392386.26651852
21
355989.013650251
31
0.0
210
0.0
220
0.0
230
1.0
71
0
72
0
100
AcDbText
73
0
0
POINT
5
10D
330
1C
100
AcDbEntity
67
0
8
15 - историческая планировочная структура
62
256
6
ByLayer
370
-1
48
1.0
60
0
100
AcDbPoint
10
1392370.89592201
20
355943.230050464
30
0.0
39
0.0
210
0.0
220
0.0
230
1.0
50
360.0
0
TEXT
5
10E
330
1C
100
AcDbEntity
67
0
8
15 - историческая планировочная структура
62
7
6
ByLayer
370
-1
48
1.0
60
0
100
AcDbText
1
118
10
1392371.02505843
20
355943.504484872
30
0.0
40
0.31111111111
41
1.0
50
0.0
51
0.0
7
Standard
11
1392371.02505843
21
355943.504484872
31
0.0
210
0.0
220
0.0
230
1.0
71
0
72
0
100
AcDbText
73
0
0
POINT
5
10F
330
1C
100
AcDbEntity
67
0
8
15 - историческая планировочная структура
62
256
6
ByLayer
370
-1
48
1.0
60
0
100
AcDbPoint
10
1392355.07729052
20
355922.052624915
30
0.0
39
0.0
210
0.0
220
0.0
230
1.0
50
360.0
0
TEXT
5
110
330
1C
100
AcDbEntity
67
0
8
15 - историческая планировочная структура
62
7
6
ByLayer
370
-1
48
1.0
60
0
100
AcDbText
1
119
10
1392355.20642698
20
355922.327059292
30
0.0
40
0.31111111111
41
1.0
50
0.0
51
0.0
7
Standard
11
1392355.20642698
21
355922.327059292
31
0.0
210
0.0
220
0.0
230
1.0
71
0
72
0
100
AcDbText
73
0
0
POINT
5
111
330
1C
100
AcDbEntity
67
0
8
15 - историческая планировочная структура
62
256
6
ByLayer
370
-1
48
1.0
60
0
100
AcDbPoint
10
1392349.74882325
20
355919.003558075
30
0.0
39
0.0
210
0.0
220
0.0
230
1.0
50
360.0
0
TEXT
5
112
330
1C
100
AcDbEntity
67
0
8
15 - историческая планировочная структура
62
7
6
ByLayer
370
-1
48
1.0
60
0
100
AcDbText
1
120
10
1392349.87795972
20
355919.277992443
30
0.0
40
0.31111111111
41
1.0
50
0.0
51
0.0
7
Standard
11
1392349.87795972
21
355919.277992443
31
0.0
210
0.0
220
0.0
230
1.0
71
0
72
0
100
AcDbText
73
0
0
POINT
5
113
330
1C
100
AcDbEntity
67
0
8
15 - историческая планировочная структура
62
256
6
ByLayer
370
-1
48
1.0
60
0
100
AcDbPoint
10
1392198.89800821
20
355836.39215715
30
0.0
39
0.0
210
0.0
220
0.0
230
1.0
50
360.0
0
TEXT
5
114
330
1C
100
AcDbEntity
67
0
8
15 - историческая планировочная структура
62
7
6
ByLayer
370
-1
48
1.0
60
0
100
AcDbText
1
121
10
1392199.02714484
20
355836.666591242
30
0.0
40
0.31111111111
41
1.0
50
0.0
51
0.0
7
Standard
11
1392199.02714484
21
355836.666591242
31
0.0
210
0.0
220
0.0
230
1.0
71
0
72
0
100
AcDbText
73
0
0
POINT
5
115
330
1C
100
AcDbEntity
67
0
8
15 - историческая планировочная структура
62
256
6
ByLayer
370
-1
48
1.0
60
0
100
AcDbPoint
10
1392184.98968795
20
355818.922301189
30
0.0
39
0.0
210
0.0
220
0.0
230
1.0
50
360.0
0
TEXT
5
116
330
1C
100
AcDbEntity
67
0
8
15 - историческая планировочная структура
62
7
6
ByLayer
370
-1
48
1.0
60
0
100
AcDbText
1
122
10
1392185.11882461
20
355819.196735257
30
0.0
40
0.31111111111
41
1.0
50
0.0
51
0.0
7
Standard
11
1392185.11882461
21
355819.196735257
31
0.0
210
0.0
220
0.0
230
1.0
71
0
72
0
100
AcDbText
73
0
0
POINT
5
117
330
1C
100
AcDbEntity
67
0
8
15 - историческая планировочная структура
62
256
6
ByLayer
370
-1
48
1.0
60
0
100
AcDbPoint
10
1392149.8065841
20
355764.864247823
30
0.0
39
0.0
210
0.0
220
0.0
230
1.0
50
360.0
0
TEXT
5
118
330
1C
100
AcDbEntity
67
0
8
15 - историческая планировочная структура
62
7
6
ByLayer
370
-1
48
1.0
60
0
100
AcDbText
1
123
10
1392149.93572086
20
355765.138681831
30
0.0
40
0.31111111111
41
1.0
50
0.0
51
0.0
7
Standard
11
1392149.93572086
21
355765.138681831
31
0.0
210
0.0
220
0.0
230
1.0
71
0
72
0
100
AcDbText
73
0
0
POINT
5
119
330
1C
100
AcDbEntity
67
0
8
15 - историческая планировочная структура
62
256
6
ByLayer
370
-1
48
1.0
60
0
100
AcDbPoint
10
1392146.49893382
20
355761.277493068
30
0.0
39
0.0
210
0.0
220
0.0
230
1.0
50
360.0
0
TEXT
5
11A
330
1C
100
AcDbEntity
67
0
8
15 - историческая планировочная структура
62
7
6
ByLayer
370
-1
48
1.0
60
0
100
AcDbText
1
124
10
1392146.62807058
20
355761.551927069
30
0.0
40
0.31111111111
41
1.0
50
0.0
51
0.0
7
Standard
11
1392146.62807058
21
355761.551927069
31
0.0
210
0.0
220
0.0
230
1.0
71
0
72
0
100
AcDbText
73
0
0
POINT
5
11B
330
1C
100
AcDbEntity
67
0
8
15 - историческая планировочная структура
62
256
6
ByLayer
370
-1
48
1.0
60
0
100
AcDbPoint
10
1392132.07590441
20
355742.91617106
30
0.0
39
0.0
210
0.0
220
0.0
230
1.0
50
360.0
0
TEXT
5
11C
330
1C
100
AcDbEntity
67
0
8
15 - историческая планировочная структура
62
7
6
ByLayer
370
-1
48
1.0
60
0
100
AcDbText
1
125
10
1392132.20504121
20
355743.190605035
30
0.0
40
0.31111111111
41
1.0
50
0.0
51
0.0
7
Standard
11
1392132.20504121
21
355743.190605035
31
0.0
210
0.0
220
0.0
230
1.0
71
0
72
0
100
AcDbText
73
0
0
POINT
5
11D
330
1C
100
AcDbEntity
67
0
8
15 - историческая планировочная структура
62
256
6
ByLayer
370
-1
48
1.0
60
0
100
AcDbPoint
10
1392119.67371133
20
355724.815214317
30
0.0
39
0.0
210
0.0
220
0.0
230
1.0
50
360.0
0
TEXT
5
11E
330
1C
100
AcDbEntity
67
0
8
15 - историческая планировочная структура
62
7
6
ByLayer
370
-1
48
1.0
60
0
100
AcDbText
1
126
10
1392119.80284816
20
355725.08964827
30
0.0
40
0.31111111111
41
1.0
50
0.0
51
0.0
7
Standard
11
1392119.80284816
21
355725.08964827
31
0.0
210
0.0
220
0.0
230
1.0
71
0
72
0
100
AcDbText
73
0
0
POINT
5
11F
330
1C
100
AcDbEntity
67
0
8
15 - историческая планировочная структура
62
256
6
ByLayer
370
-1
48
1.0
60
0
100
AcDbPoint
10
1392108.86190689
20
355714.084392239
30
0.0
39
0.0
210
0.0
220
0.0
230
1.0
50
360.0
0
TEXT
5
120
330
1C
100
AcDbEntity
67
0
8
15 - историческая планировочная структура
62
7
6
ByLayer
370
-1
48
1.0
60
0
100
AcDbText
1
127
10
1392108.99104374
20
355714.358826171
30
0.0
40
0.31111111111
41
1.0
50
0.0
51
0.0
7
Standard
11
1392108.99104374
21
355714.358826171
31
0.0
210
0.0
220
0.0
230
1.0
71
0
72
0
100
AcDbText
73
0
0
POINT
5
121
330
1C
100
AcDbEntity
67
0
8
15 - историческая планировочная структура
62
256
6
ByLayer
370
-1
48
1.0
60
0
100
AcDbPoint
10
1392103.80282411
20
355712.541679213
30
0.0
39
0.0
210
0.0
220
0.0
230
1.0
50
360.0
0
TEXT
5
122
330
1C
100
AcDbEntity
67
0
8
15 - историческая планировочная структура
62
7
6
ByLayer
370
-1
48
1.0
60
0
100
AcDbText
1
128
10
1392103.93196096
20
355712.816113139
30
0.0
40
0.31111111111
41
1.0
50
0.0
51
0.0
7
Standard
11
1392103.93196096
21
355712.816113139
31
0.0
210
0.0
220
0.0
230
1.0
71
0
72
0
100
AcDbText
73
0
0
POINT
5
123
330
1C
100
AcDbEntity
67
0
8
15 - историческая планировочная структура
62
256
6
ByLayer
370
-1
48
1.0
60
0
100
AcDbPoint
10
1392098.58596413
20
355712.688741261
30
0.0
39
0.0
210
0.0
220
0.0
230
1.0
50
360.0
0
TEXT
5
124
330
1C
100
AcDbEntity
67
0
8
15 - историческая планировочная структура
62
7
6
ByLayer
370
-1
48
1.0
60
0
100
AcDbText
1
129
10
1392098.71510098
20
355712.963175176
30
0.0
40
0.31111111111
41
1.0
50
0.0
51
0.0
7
Standard
11
1392098.71510098
21
355712.963175176
31
0.0
210
0.0
220
0.0
230
1.0
71
0
72
0
100
AcDbText
73
0
0
POINT
5
125
330
1C
100
AcDbEntity
67
0
8
15 - историческая планировочная структура
62
256
6
ByLayer
370
-1
48
1.0
60
0
100
AcDbPoint
10
1392091.02846621
20
355714.72213612
30
0.0
39
0.0
210
0.0
220
0.0
230
1.0
50
360.0
0
TEXT
5
126
330
1C
100
AcDbEntity
67
0
8
15 - историческая планировочная структура
62
7
6
ByLayer
370
-1
48
1.0
60
0
100
AcDbText
1
130
10
1392091.15760306
20
355714.996570021
30
0.0
40
0.31111111111
41
1.0
50
0.0
51
0.0
7
Standard
11
1392091.15760306
21
355714.996570021
31
0.0
210
0.0
220
0.0
230
1.0
71
0
72
0
100
AcDbText
73
0
0
POINT
5
127
330
1C
100
AcDbEntity
67
0
8
15 - историческая планировочная структура
62
256
6
ByLayer
370
-1
48
1.0
60
0
100
AcDbPoint
10
1392084.09645512
20
355718.543165179
30
0.0
39
0.0
210
0.0
220
0.0
230
1.0
50
360.0
0
TEXT
5
128
330
1C
100
AcDbEntity
67
0
8
15 - историческая планировочная структура
62
7
6
ByLayer
370
-1
48
1.0
60
0
100
AcDbText
1
131
10
1392084.22559197
20
355718.81759907
30
0.0
40
0.31111111111
41
1.0
50
0.0
51
0.0
7
Standard
11
1392084.22559197
21
355718.81759907
31
0.0
210
0.0
220
0.0
230
1.0
71
0
72
0
100
AcDbText
73
0
0
POINT
5
129
330
1C
100
AcDbEntity
67
0
8
15 - историческая планировочная структура
62
256
6
ByLayer
370
-1
48
1.0
60
0
100
AcDbPoint
10
1392065.59442462
20
355730.086542864
30
0.0
39
0.0
210
0.0
220
0.0
230
1.0
50
360.0
0
TEXT
5
12A
330
1C
100
AcDbEntity
67
0
8
15 - историческая планировочная структура
62
7
6
ByLayer
370
-1
48
1.0
60
0
100
AcDbText
1
132
10
1392065.72356144
20
355730.360976718
30
0.0
40
0.31111111111
41
1.0
50
0.0
51
0.0
7
Standard
11
1392065.72356144
21
355730.360976718
31
0.0
210
0.0
220
0.0
230
1.0
71
0
72
0
100
AcDbText
73
0
0
POINT
5
12B
330
1C
100
AcDbEntity
67
0
8
15 - историческая планировочная структура
62
256
6
ByLayer
370
-1
48
1.0
60
0
100
AcDbPoint
10
1392038.02447506
20
355748.348060497
30
0.0
39
0.0
210
0.0
220
0.0
230
1.0
50
360.0
0
TEXT
5
12C
330
1C
100
AcDbEntity
67
0
8
15 - историческая планировочная структура
62
7
6
ByLayer
370
-1
48
1.0
60
0
100
AcDbText
1
133
10
1392038.15361184
20
355748.6224943
30
0.0
40
0.31111111111
41
1.0
50
0.0
51
0.0
7
Standard
11
1392038.15361184
21
355748.6224943
31
0.0
210
0.0
220
0.0
230
1.0
71
0
72
0
100
AcDbText
73
0
0
POINT
5
12D
330
1C
100
AcDbEntity
67
0
8
15 - историческая планировочная структура
62
256
6
ByLayer
370
-1
48
1.0
60
0
100
AcDbPoint
10
1392024.40444131
20
355756.839380141
30
0.0
39
0.0
210
0.0
220
0.0
230
1.0
50
360.0
0
TEXT
5
12E
330
1C
100
AcDbEntity
67
0
8
15 - историческая планировочная структура
62
7
6
ByLayer
370
-1
48
1.0
60
0
100
AcDbText
1
134
10
1392024.53357809
20
355757.11381392
30
0.0
40
0.31111111111
41
1.0
50
0.0
51
0.0
7
Standard
11
1392024.53357809
21
355757.11381392
31
0.0
210
0.0
220
0.0
230
1.0
71
0
72
0
100
AcDbText
73
0
0
POINT
5
12F
330
1C
100
AcDbEntity
67
0
8
15 - историческая планировочная структура
62
256
6
ByLayer
370
-1
48
1.0
60
0
100
AcDbPoint
10
1392010.83742175
20
355764.359114122
30
0.0
39
0.0
210
0.0
220
0.0
230
1.0
50
360.0
0
TEXT
5
130
330
1C
100
AcDbEntity
67
0
8
15 - историческая планировочная структура
62
7
6
ByLayer
370
-1
48
1.0
60
0
100
AcDbText
1
135
10
1392010.96655851
20
355764.633547875
30
0.0
40
0.31111111111
41
1.0
50
0.0
51
0.0
7
Standard
11
1392010.96655851
21
355764.633547875
31
0.0
210
0.0
220
0.0
230
1.0
71
0
72
0
100
AcDbText
73
0
0
POINT
5
131
330
1C
100
AcDbEntity
67
0
8
15 - историческая планировочная структура
62
256
6
ByLayer
370
-1
48
1.0
60
0
100
AcDbPoint
10
1391986.16309219
20
355775.284189512
30
0.0
39
0.0
210
0.0
220
0.0
230
1.0
50
360.0
0
TEXT
5
132
330
1C
100
AcDbEntity
67
0
8
15 - историческая планировочная структура
62
7
6
ByLayer
370
-1
48
1.0
60
0
100
AcDbText
1
136
10
1391986.29222894
20
355775.55862322
30
0.0
40
0.31111111111
41
1.0
50
0.0
51
0.0
7
Standard
11
1391986.29222894
21
355775.55862322
31
0.0
210
0.0
220
0.0
230
1.0
71
0
72
0
100
AcDbText
73
0
0
POINT
5
133
330
1C
100
AcDbEntity
67
0
8
15 - историческая планировочная структура
62
256
6
ByLayer
370
-1
48
1.0
60
0
100
AcDbPoint
10
1391965.93704062
20
355780.751811382
30
0.0
39
0.0
210
0.0
220
0.0
230
1.0
50
360.0
0
TEXT
5
134
330
1C
100
AcDbEntity
67
0
8
15 - историческая планировочная структура
62
7
6
ByLayer
370
-1
48
1.0
60
0
100
AcDbText
1
137
10
1391966.06617734
20
355781.026245054
30
0.0
40
0.31111111111
41
1.0
50
0.0
51
0.0
7
Standard
11
1391966.06617734
21
355781.026245054
31
0.0
210
0.0
220
0.0
230
1.0
71
0
72
0
100
AcDbText
73
0
0
POINT
5
135
330
1C
100
AcDbEntity
67
0
8
15 - историческая планировочная структура
62
256
6
ByLayer
370
-1
48
1.0
60
0
100
AcDbPoint
10
1391945.97268126
20
355782.38099154
30
0.0
39
0.0
210
0.0
220
0.0
230
1.0
50
360.0
0
TEXT
5
136
330
1C
100
AcDbEntity
67
0
8
15 - историческая планировочная структура
62
7
6
ByLayer
370
-1
48
1.0
60
0
100
AcDbText
1
138
10
1391946.10181799
20
355782.655425173
30
0.0
40
0.31111111111
41
1.0
50
0.0
51
0.0
7
Standard
11
1391946.10181799
21
355782.655425173
31
0.0
210
0.0
220
0.0
230
1.0
71
0
72
0
100
AcDbText
73
0
0
POINT
5
137
330
1C
100
AcDbEntity
67
0
8
15 - историческая планировочная структура
62
256
6
ByLayer
370
-1
48
1.0
60
0
100
AcDbPoint
10
1391902.45893353
20
355785.874608034
30
0.0
39
0.0
210
0.0
220
0.0
230
1.0
50
360.0
0
TEXT
5
138
330
1C
100
AcDbEntity
67
0
8
15 - историческая планировочная структура
62
7
6
ByLayer
370
-1
48
1.0
60
0
100
AcDbText
1
139
10
1391902.58807026
20
355786.149041588
30
0.0
40
0.31111111111
41
1.0
50
0.0
51
0.0
7
Standard
11
1391902.58807026
21
355786.149041588
31
0.0
210
0.0
220
0.0
230
1.0
71
0
72
0
100
AcDbText
73
0
0
POINT
5
139
330
1C
100
AcDbEntity
67
0
8
15 - историческая планировочная структура
62
256
6
ByLayer
370
-1
48
1.0
60
0
100
AcDbPoint
10
1391851.61113052
20
355791.290363757
30
0.0
39
0.0
210
0.0
220
0.0
230
1.0
50
360.0
0
TEXT
5
13A
330
1C
100
AcDbEntity
67
0
8
15 - историческая планировочная структура
62
7
6
ByLayer
370
-1
48
1.0
60
0
100
AcDbText
1
140
10
1391851.74026724
20
355791.564797219
30
0.0
40
0.31111111111
41
1.0
50
0.0
51
0.0
7
Standard
11
1391851.74026724
21
355791.564797219
31
0.0
210
0.0
220
0.0
230
1.0
71
0
72
0
100
AcDbText
73
0
0
POINT
5
13B
330
1C
100
AcDbEntity
67
0
8
15 - историческая планировочная структура
62
256
6
ByLayer
370
-1
48
1.0
60
0
100
AcDbPoint
10
1391841.02262524
20
355791.86598748
30
0.0
39
0.0
210
0.0
220
0.0
230
1.0
50
360.0
0
TEXT
5
13C
330
1C
100
AcDbEntity
67
0
8
15 - историческая планировочная структура
62
7
6
ByLayer
370
-1
48
1.0
60
0
100
AcDbText
1
141
10
1391841.15176196
20
355792.140420922
30
0.0
40
0.31111111111
41
1.0
50
0.0
51
0.0
7
Standard
11
1391841.15176196
21
355792.140420922
31
0.0
210
0.0
220
0.0
230
1.0
71
0
72
0
100
AcDbText
73
0
0
POINT
5
13D
330
1C
100
AcDbEntity
67
0
8
15 - историческая планировочная структура
62
256
6
ByLayer
370
-1
48
1.0
60
0
100
AcDbPoint
10
1391830.81035693
20
355789.807552569
30
0.0
39
0.0
210
0.0
220
0.0
230
1.0
50
360.0
0
TEXT
5
13E
330
1C
100
AcDbEntity
67
0
8
15 - историческая планировочная структура
62
7
6
ByLayer
370
-1
48
1.0
60
0
100
AcDbText
1
142
10
1391830.93949365
20
355790.081985992
30
0.0
40
0.31111111111
41
1.0
50
0.0
51
0.0
7
Standard
11
1391830.93949365
21
355790.081985992
31
0.0
210
0.0
220
0.0
230
1.0
71
0
72
0
100
AcDbText
73
0
0
POINT
5
13F
330
1C
100
AcDbEntity
67
0
8
15 - историческая планировочная структура
62
256
6
ByLayer
370
-1
48
1.0
60
0
100
AcDbPoint
10
1391812.6043764
20
355784.964916702
30
0.0
39
0.0
210
0.0
220
0.0
230
1.0
50
360.0
0
TEXT
5
140
330
1C
100
AcDbEntity
67
0
8
15 - историческая планировочная структура
62
7
6
ByLayer
370
-1
48
1.0
60
0
100
AcDbText
1
143
10
1391812.73351313
20
355785.239350093
30
0.0
40
0.31111111111
41
1.0
50
0.0
51
0.0
7
Standard
11
1391812.73351313
21
355785.239350093
31
0.0
210
0.0
220
0.0
230
1.0
71
0
72
0
100
AcDbText
73
0
0
POINT
5
141
330
1C
100
AcDbEntity
67
0
8
15 - историческая планировочная структура
62
256
6
ByLayer
370
-1
48
1.0
60
0
100
AcDbPoint
10
1391804.29879486
20
355782.272039613
30
0.0
39
0.0
210
0.0
220
0.0
230
1.0
50
360.0
0
TEXT
5
142
330
1C
100
AcDbEntity
67
0
8
15 - историческая планировочная структура
62
7
6
ByLayer
370
-1
48
1.0
60
0
100
AcDbText
1
144
10
1391804.42793159
20
355782.546472989
30
0.0
40
0.31111111111
41
1.0
50
0.0
51
0.0
7
Standard
11
1391804.42793159
21
355782.546472989
31
0.0
210
0.0
220
0.0
230
1.0
71
0
72
0
100
AcDbText
73
0
0
POINT
5
143
330
1C
100
AcDbEntity
67
0
8
15 - историческая планировочная структура
62
256
6
ByLayer
370
-1
48
1.0
60
0
100
AcDbPoint
10
1391792.98761742
20
355774.578968365
30
0.0
39
0.0
210
0.0
220
0.0
230
1.0
50
360.0
0
TEXT
5
144
330
1C
100
AcDbEntity
67
0
8
15 - историческая планировочная структура
62
7
6
ByLayer
370
-1
48
1.0
60
0
100
AcDbText
1
145
10
1391793.11675417
20
355774.853401719
30
0.0
40
0.31111111111
41
1.0
50
0.0
51
0.0
7
Standard
11
1391793.11675417
21
355774.853401719
31
0.0
210
0.0
220
0.0
230
1.0
71
0
72
0
100
AcDbText
73
0
0
POINT
5
145
330
1C
100
AcDbEntity
67
0
8
15 - историческая планировочная структура
62
256
6
ByLayer
370
-1
48
1.0
60
0
100
AcDbPoint
10
1391770.64035213
20
355755.156404014
30
0.0
39
0.0
210
0.0
220
0.0
230
1.0
50
360.0
0
TEXT
5
146
330
1C
100
AcDbEntity
67
0
8
15 - историческая планировочная структура
62
7
6
ByLayer
370
-1
48
1.0
60
0
100
AcDbText
1
146
10
1391770.76948891
20
355755.430837329
30
0.0
40
0.31111111111
41
1.0
50
0.0
51
0.0
7
Standard
11
1391770.76948891
21
355755.430837329
31
0.0
210
0.0
220
0.0
230
1.0
71
0
72
0
100
AcDbText
73
0
0
POINT
5
147
330
1C
100
AcDbEntity
67
0
8
15 - историческая планировочная структура
62
256
6
ByLayer
370
-1
48
1.0
60
0
100
AcDbPoint
10
1391739.30641133
20
355734.226338601
30
0.0
39
0.0
210
0.0
220
0.0
230
1.0
50
360.0
0
TEXT
5
148
330
1C
100
AcDbEntity
67
0
8
15 - историческая планировочная структура
62
7
6
ByLayer
370
-1
48
1.0
60
0
100
AcDbText
1
147
10
1391739.43554815
20
355734.500771858
30
0.0
40
0.31111111111
41
1.0
50
0.0
51
0.0
7
Standard
11
1391739.43554815
21
355734.500771858
31
0.0
210
0.0
220
0.0
230
1.0
71
0
72
0
100
AcDbText
73
0
0
POINT
5
149
330
1C
100
AcDbEntity
67
0
8
15 - историческая планировочная структура
62
256
6
ByLayer
370
-1
48
1.0
60
0
100
AcDbPoint
10
1391704.14457706
20
355709.377024572
30
0.0
39
0.0
210
0.0
220
0.0
230
1.0
50
360.0
0
TEXT
5
14A
330
1C
100
AcDbEntity
67
0
8
15 - историческая планировочная структура
62
7
6
ByLayer
370
-1
48
1.0
60
0
100
AcDbText
1
148
10
1391704.27371392
20
355709.651457765
30
0.0
40
0.31111111111
41
1.0
50
0.0
51
0.0
7
Standard
11
1391704.27371392
21
355709.651457765
31
0.0
210
0.0
220
0.0
230
1.0
71
0
72
0
100
AcDbText
73
0
0
POINT
5
14B
330
1C
100
AcDbEntity
67
0
8
15 - историческая планировочная структура
62
256
6
ByLayer
370
-1
48
1.0
60
0
100
AcDbPoint
10
1391680.82785958
20
355695.893289841
30
0.0
39
0.0
210
0.0
220
0.0
230
1.0
50
360.0
0
TEXT
5
14C
330
1C
100
AcDbEntity
67
0
8
15 - историческая планировочная структура
62
7
6
ByLayer
370
-1
48
1.0
60
0
100
AcDbText
1
149
10
1391680.95699647
20
355696.167722994
30
0.0
40
0.31111111111
41
1.0
50
0.0
51
0.0
7
Standard
11
1391680.95699647
21
355696.167722994
31
0.0
210
0.0
220
0.0
230
1.0
71
0
72
0
100
AcDbText
73
0
0
POINT
5
14D
330
1C
100
AcDbEntity
67
0
8
15 - историческая планировочная структура
62
256
6
ByLayer
370
-1
48
1.0
60
0
100
AcDbPoint
10
1391651.92894847
20
355684.861351883
30
0.0
39
0.0
210
0.0
220
0.0
230
1.0
50
360.0
0
TEXT
5
14E
330
1C
100
AcDbEntity
67
0
8
15 - историческая планировочная структура
62
7
6
ByLayer
370
-1
48
1.0
60
0
100
AcDbText
1
150
10
1391652.05808539
20
355685.135784983
30
0.0
40
0.31111111111
41
1.0
50
0.0
51
0.0
7
Standard
11
1391652.05808539
21
355685.135784983
31
0.0
210
0.0
220
0.0
230
1.0
71
0
72
0
100
AcDbText
73
0
0
POINT
5
14F
330
1C
100
AcDbEntity
67
0
8
15 - историческая планировочная структура
62
256
6
ByLayer
370
-1
48
1.0
60
0
100
AcDbPoint
10
1391616.50005669
20
355670.507145303
30
0.0
39
0.0
210
0.0
220
0.0
230
1.0
50
360.0
0
TEXT
5
150
330
1C
100
AcDbEntity
67
0
8
15 - историческая планировочная структура
62
7
6
ByLayer
370
-1
48
1.0
60
0
100
AcDbText
1
151
10
1391616.62919363
20
355670.781578338
30
0.0
40
0.31111111111
41
1.0
50
0.0
51
0.0
7
Standard
11
1391616.62919363
21
355670.781578338
31
0.0
210
0.0
220
0.0
230
1.0
71
0
72
0
100
AcDbText
73
0
0
POINT
5
151
330
1C
100
AcDbEntity
67
0
8
15 - историческая планировочная структура
62
256
6
ByLayer
370
-1
48
1.0
60
0
100
AcDbPoint
10
1391586.76079546
20
355660.627915863
30
0.0
39
0.0
210
0.0
220
0.0
230
1.0
50
360.0
0
TEXT
5
152
330
1C
100
AcDbEntity
67
0
8
15 - историческая планировочная структура
62
7
6
ByLayer
370
-1
48
1.0
60
0
100
AcDbText
1
152
10
1391586.88993243
20
355660.902348845
30
0.0
40
0.31111111111
41
1.0
50
0.0
51
0.0
7
Standard
11
1391586.88993243
21
355660.902348845
31
0.0
210
0.0
220
0.0
230
1.0
71
0
72
0
100
AcDbText
73
0
0
POINT
5
153
330
1C
100
AcDbEntity
67
0
8
15 - историческая планировочная структура
62
256
6
ByLayer
370
-1
48
1.0
60
0
100
AcDbPoint
10
1391570.28496318
20
355657.125188344
30
0.0
39
0.0
210
0.0
220
0.0
230
1.0
50
360.0
0
TEXT
5
154
330
1C
100
AcDbEntity
67
0
8
15 - историческая планировочная структура
62
7
6
ByLayer
370
-1
48
1.0
60
0
100
AcDbText
1
153
10
1391570.41410015
20
355657.399621294
30
0.0
40
0.31111111111
41
1.0
50
0.0
51
0.0
7
Standard
11
1391570.41410015
21
355657.399621294
31
0.0
210
0.0
220
0.0
230
1.0
71
0
72
0
100
AcDbText
73
0
0
POINT
5
155
330
1C
100
AcDbEntity
67
0
8
15 - историческая планировочная структура
62
256
6
ByLayer
370
-1
48
1.0
60
0
100
AcDbPoint
10
1391557.26172169
20
355649.672162971
30
0.0
39
0.0
210
0.0
220
0.0
230
1.0
50
360.0
0
TEXT
5
156
330
1C
100
AcDbEntity
67
0
8
15 - историческая планировочная структура
62
7
6
ByLayer
370
-1
48
1.0
60
0
100
AcDbText
1
154
10
1391557.39085867
20
355649.946595899
30
0.0
40
0.31111111111
41
1.0
50
0.0
51
0.0
7
Standard
11
1391557.39085867
21
355649.946595899
31
0.0
210
0.0
220
0.0
230
1.0
71
0
72
0
100
AcDbText
73
0
0
POINT
5
157
330
1C
100
AcDbEntity
67
0
8
15 - историческая планировочная структура
62
256
6
ByLayer
370
-1
48
1.0
60
0
100
AcDbPoint
10
1391546.2724327
20
355642.177705055
30
0.0
39
0.0
210
0.0
220
0.0
230
1.0
50
360.0
0
TEXT
5
158
330
1C
100
AcDbEntity
67
0
8
15 - историческая планировочная структура
62
7
6
ByLayer
370
-1
48
1.0
60
0
100
AcDbText
1
155
10
1391546.40156969
20
355642.452137962
30
0.0
40
0.31111111111
41
1.0
50
0.0
51
0.0
7
Standard
11
1391546.40156969
21
355642.452137962
31
0.0
210
0.0
220
0.0
230
1.0
71
0
72
0
100
AcDbText
73
0
0
POINT
5
159
330
1C
100
AcDbEntity
67
0
8
15 - историческая планировочная структура
62
256
6
ByLayer
370
-1
48
1.0
60
0
100
AcDbPoint
10
1391534.46850171
20
355631.64353904
30
0.0
39
0.0
210
0.0
220
0.0
230
1.0
50
360.0
0
TEXT
5
15A
330
1C
100
AcDbEntity
67
0
8
15 - историческая планировочная структура
62
7
6
ByLayer
370
-1
48
1.0
60
0
100
AcDbText
1
156
10
1391534.59763873
20
355631.917971923
30
0.0
40
0.31111111111
41
1.0
50
0.0
51
0.0
7
Standard
11
1391534.59763873
21
355631.917971923
31
0.0
210
0.0
220
0.0
230
1.0
71
0
72
0
100
AcDbText
73
0
0
POINT
5
15B
330
1C
100
AcDbEntity
67
0
8
15 - историческая планировочная структура
62
256
6
ByLayer
370
-1
48
1.0
60
0
100
AcDbPoint
10
1391525.23782346
20
355620.66003678
30
0.0
39
0.0
210
0.0
220
0.0
230
1.0
50
360.0
0
TEXT
5
15C
330
1C
100
AcDbEntity
67
0
8
15 - историческая планировочная структура
62
7
6
ByLayer
370
-1
48
1.0
60
0
100
AcDbText
1
157
10
1391525.3669605
20
355620.934469652
30
0.0
40
0.31111111111
41
1.0
50
0.0
51
0.0
7
Standard
11
1391525.3669605
21
355620.934469652
31
0.0
210
0.0
220
0.0
230
1.0
71
0
72
0
100
AcDbText
73
0
0
POINT
5
15D
330
1C
100
AcDbEntity
67
0
8
15 - историческая планировочная структура
62
256
6
ByLayer
370
-1
48
1.0
60
0
100
AcDbPoint
10
1391521.72097742
20
355611.047777265
30
0.0
39
0.0
210
0.0
220
0.0
230
1.0
50
360.0
0
TEXT
5
15E
330
1C
100
AcDbEntity
67
0
8
15 - историческая планировочная структура
62
7
6
ByLayer
370
-1
48
1.0
60
0
100
AcDbText
1
158
10
1391521.85011447
20
355611.322210132
30
0.0
40
0.31111111111
41
1.0
50
0.0
51
0.0
7
Standard
11
1391521.85011447
21
355611.322210132
31
0.0
210
0.0
220
0.0
230
1.0
71
0
72
0
100
AcDbText
73
0
0
POINT
5
15F
330
1C
100
AcDbEntity
67
0
8
15 - историческая планировочная структура
62
256
6
ByLayer
370
-1
48
1.0
60
0
100
AcDbPoint
10
1394556.75271348
20
359309.918558556
30
0.0
39
0.0
210
0.0
220
0.0
230
1.0
50
360.0
0
TEXT
5
160
330
1C
100
AcDbEntity
67
0
8
15 - историческая планировочная структура
62
7
6
ByLayer
370
-1
48
1.0
60
0
100
AcDbText
1
159
10
1394556.8818437
20
359310.192996866
30
0.0
40
0.31111111111
41
1.0
50
0.0
51
0.0
7
Standard
11
1394556.8818437
21
359310.192996866
31
0.0
210
0.0
220
0.0
230
1.0
71
0
72
0
100
AcDbText
73
0
0
POINT
5
161
330
1C
100
AcDbEntity
67
0
8
15 - историческая планировочная структура
62
256
6
ByLayer
370
-1
48
1.0
60
0
100
AcDbPoint
10
1394673.21373824
20
359282.375600554
30
0.0
39
0.0
210
0.0
220
0.0
230
1.0
50
360.0
0
TEXT
5
162
330
1C
100
AcDbEntity
67
0
8
15 - историческая планировочная структура
62
7
6
ByLayer
370
-1
48
1.0
60
0
100
AcDbText
1
160
10
1394673.34286851
20
359282.650039073
30
0.0
40
0.31111111111
41
1.0
50
0.0
51
0.0
7
Standard
11
1394673.34286851
21
359282.650039073
31
0.0
210
0.0
220
0.0
230
1.0
71
0
72
0
100
AcDbText
73
0
0
POINT
5
163
330
1C
100
AcDbEntity
67
0
8
15 - историческая планировочная структура
62
256
6
ByLayer
370
-1
48
1.0
60
0
100
AcDbPoint
10
1394373.70853274
20
359102.999798043
30
0.0
39
0.0
210
0.0
220
0.0
230
1.0
50
360.0
0
TEXT
5
164
330
1C
100
AcDbEntity
67
0
8
15 - историческая планировочная структура
62
7
6
ByLayer
370
-1
48
1.0
60
0
100
AcDbText
1
161
10
1394373.83766335
20
359103.274236023
30
0.0
40
0.31111111111
41
1.0
50
0.0
51
0.0
7
Standard
11
1394373.83766335
21
359103.274236023
31
0.0
210
0.0
220
0.0
230
1.0
71
0
72
0
100
AcDbText
73
0
0
POINT
5
165
330
1C
100
AcDbEntity
67
0
8
15 - историческая планировочная структура
62
256
6
ByLayer
370
-1
48
1.0
60
0
100
AcDbPoint
10
1394442.36517427
20
359088.04101141
30
0.0
39
0.0
210
0.0
220
0.0
230
1.0
50
360.0
0
TEXT
5
166
330
1C
100
AcDbEntity
67
0
8
15 - историческая планировочная структура
62
7
6
ByLayer
370
-1
48
1.0
60
0
100
AcDbText
1
162
10
1394442.49430491
20
359088.315449512
30
0.0
40
0.31111111111
41
1.0
50
0.0
51
0.0
7
Standard
11
1394442.49430491
21
359088.315449512
31
0.0
210
0.0
220
0.0
230
1.0
71
0
72
0
100
AcDbText
73
0
0
POINT
5
167
330
1C
100
AcDbEntity
67
0
8
15 - историческая планировочная структура
62
256
6
ByLayer
370
-1
48
1.0
60
0
100
AcDbPoint
10
1394485.31891288
20
359083.033297169
30
0.0
39
0.0
210
0.0
220
0.0
230
1.0
50
360.0
0
TEXT
5
168
330
1C
100
AcDbEntity
67
0
8
15 - историческая планировочная структура
62
7
6
ByLayer
370
-1
48
1.0
60
0
100
AcDbText
1
163
10
1394485.44804353
20
359083.307735354
30
0.0
40
0.31111111111
41
1.0
50
0.0
51
0.0
7
Standard
11
1394485.44804353
21
359083.307735354
31
0.0
210
0.0
220
0.0
230
1.0
71
0
72
0
100
AcDbText
73
0
0
POINT
5
169
330
1C
100
AcDbEntity
67
0
8
15 - историческая планировочная структура
62
256
6
ByLayer
370
-1
48
1.0
60
0
100
AcDbPoint
10
1394487.82808498
20
359082.438906902
30
0.0
39
0.0
210
0.0
220
0.0
230
1.0
50
360.0
0
TEXT
5
16A
330
1C
100
AcDbEntity
67
0
8
15 - историческая планировочная структура
62
7
6
ByLayer
370
-1
48
1.0
60
0
100
AcDbText
1
164
10
1394487.95721563
20
359082.713345094
30
0.0
40
0.31111111111
41
1.0
50
0.0
51
0.0
7
Standard
11
1394487.95721563
21
359082.713345094
31
0.0
210
0.0
220
0.0
230
1.0
71
0
72
0
100
AcDbText
73
0
0
POINT
5
16B
330
1C
100
AcDbEntity
67
0
8
15 - историческая планировочная структура
62
256
6
ByLayer
370
-1
48
1.0
60
0
100
AcDbPoint
10
1394234.68854241
20
359235.455015789
30
0.0
39
0.0
210
0.0
220
0.0
230
1.0
50
360.0
0
TEXT
5
16C
330
1C
100
AcDbEntity
67
0
8
15 - историческая планировочная структура
62
7
6
ByLayer
370
-1
48
1.0
60
0
100
AcDbText
1
165
10
1394234.81767278
20
359235.729453511
30
0.0
40
0.31111111111
41
1.0
50
0.0
51
0.0
7
Standard
11
1394234.81767278
21
359235.729453511
31
0.0
210
0.0
220
0.0
230
1.0
71
0
72
0
100
AcDbText
73
0
0
POINT
5
16D
330
1C
100
AcDbEntity
67
0
8
15 - историческая планировочная структура
62
256
6
ByLayer
370
-1
48
1.0
60
0
100
AcDbPoint
10
1394330.9448585
20
359317.30778142
30
0.0
39
0.0
210
0.0
220
0.0
230
1.0
50
360.0
0
TEXT
5
16E
330
1C
100
AcDbEntity
67
0
8
15 - историческая планировочная структура
62
7
6
ByLayer
370
-1
48
1.0
60
0
100
AcDbText
1
166
10
1394331.07398873
20
359317.582219314
30
0.0
40
0.31111111111
41
1.0
50
0.0
51
0.0
7
Standard
11
1394331.07398873
21
359317.582219314
31
0.0
210
0.0
220
0.0
230
1.0
71
0
72
0
100
AcDbText
73
0
0
POINT
5
16F
330
1C
100
AcDbEntity
67
0
8
15 - историческая планировочная структура
62
256
6
ByLayer
370
-1
48
1.0
60
0
100
AcDbPoint
10
1394362.18852234
20
359346.281660442
30
0.0
39
0.0
210
0.0
220
0.0
230
1.0
50
360.0
0
TEXT
5
170
330
1C
100
AcDbEntity
67
0
8
15 - историческая планировочная структура
62
7
6
ByLayer
370
-1
48
1.0
60
0
100
AcDbText
1
167
10
1394362.31765251
20
359346.556098394
30
0.0
40
0.31111111111
41
1.0
50
0.0
51
0.0
7
Standard
11
1394362.31765251
21
359346.556098394
31
0.0
210
0.0
220
0.0
230
1.0
71
0
72
0
100
AcDbText
73
0
0
POINT
5
171
330
1C
100
AcDbEntity
67
0
8
15 - историческая планировочная структура
62
256
6
ByLayer
370
-1
48
1.0
60
0
100
AcDbPoint
10
1394363.05121818
20
359350.057090466
30
0.0
39
0.0
210
0.0
220
0.0
230
1.0
50
360.0
0
TEXT
5
172
330
1C
100
AcDbEntity
67
0
8
15 - историческая планировочная структура
62
7
6
ByLayer
370
-1
48
1.0
60
0
100
AcDbText
1
168
10
1394363.18034834
20
359350.331528416
30
0.0
40
0.31111111111
41
1.0
50
0.0
51
0.0
7
Standard
11
1394363.18034834
21
359350.331528416
31
0.0
210
0.0
220
0.0
230
1.0
71
0
72
0
100
AcDbText
73
0
0
POINT
5
173
330
1C
100
AcDbEntity
67
0
8
15 - историческая планировочная структура
62
256
6
ByLayer
370
-1
48
1.0
60
0
100
AcDbPoint
10
1394788.90192937
20
359776.622123518
30
0.0
39
0.0
210
0.0
220
0.0
230
1.0
50
360.0
0
TEXT
5
174
330
1C
100
AcDbEntity
67
0
8
15 - историческая планировочная структура
62
7
6
ByLayer
370
-1
48
1.0
60
0
100
AcDbText
1
169
10
1394789.03105874
20
359776.89656224
30
0.0
40
0.31111111111
41
1.0
50
0.0
51
0.0
7
Standard
11
1394789.03105874
21
359776.89656224
31
0.0
210
0.0
220
0.0
230
1.0
71
0
72
0
100
AcDbText
73
0
0
POINT
5
175
330
1C
100
AcDbEntity
67
0
8
15 - историческая планировочная структура
62
256
6
ByLayer
370
-1
48
1.0
60
0
100
AcDbPoint
10
1394547.15188619
20
359835.267103745
30
0.0
39
0.0
210
0.0
220
0.0
230
1.0
50
360.0
0
TEXT
5
176
330
1C
100
AcDbEntity
67
0
8
15 - историческая планировочная структура
62
7
6
ByLayer
370
-1
48
1.0
60
0
100
AcDbText
1
170
10
1394547.28101547
20
359835.541542023
30
0.0
40
0.31111111111
41
1.0
50
0.0
51
0.0
7
Standard
11
1394547.28101547
21
359835.541542023
31
0.0
210
0.0
220
0.0
230
1.0
71
0
72
0
100
AcDbText
73
0
0
POINT
5
177
330
1C
100
AcDbEntity
67
0
8
15 - историческая планировочная структура
62
256
6
ByLayer
370
-1
48
1.0
60
0
100
AcDbPoint
10
1394536.45139063
20
359837.862884604
30
0.0
39
0.0
210
0.0
220
0.0
230
1.0
50
360.0
0
TEXT
5
178
330
1C
100
AcDbEntity
67
0
8
15 - историческая планировочная структура
62
7
6
ByLayer
370
-1
48
1.0
60
0
100
AcDbText
1
171
10
1394536.58051989
20
359838.137322861
30
0.0
40
0.31111111111
41
1.0
50
0.0
51
0.0
7
Standard
11
1394536.58051989
21
359838.137322861
31
0.0
210
0.0
220
0.0
230
1.0
71
0
72
0
100
AcDbText
73
0
0
POINT
5
179
330
1C
100
AcDbEntity
67
0
8
15 - историческая планировочная структура
62
256
6
ByLayer
370
-1
48
1.0
60
0
100
AcDbPoint
10
1394428.04182243
20
359864.161426975
30
0.0
39
0.0
210
0.0
220
0.0
230
1.0
50
360.0
0
TEXT
5
17A
330
1C
100
AcDbEntity
67
0
8
15 - историческая планировочная структура
62
7
6
ByLayer
370
-1
48
1.0
60
0
100
AcDbText
1
172
10
1394428.17095165
20
359864.435865032
30
0.0
40
0.31111111111
41
1.0
50
0.0
51
0.0
7
Standard
11
1394428.17095165
21
359864.435865032
31
0.0
210
0.0
220
0.0
230
1.0
71
0
72
0
100
AcDbText
73
0
0
POINT
5
17B
330
1C
100
AcDbEntity
67
0
8
15 - историческая планировочная структура
62
256
6
ByLayer
370
-1
48
1.0
60
0
100
AcDbPoint
10
1394425.48053439
20
359864.177007335
30
0.0
39
0.0
210
0.0
220
0.0
230
1.0
50
360.0
0
TEXT
5
17C
330
1C
100
AcDbEntity
67
0
8
15 - историческая планировочная структура
62
7
6
ByLayer
370
-1
48
1.0
60
0
100
AcDbText
1
173
10
1394425.60966361
20
359864.451445389
30
0.0
40
0.31111111111
41
1.0
50
0.0
51
0.0
7
Standard
11
1394425.60966361
21
359864.451445389
31
0.0
210
0.0
220
0.0
230
1.0
71
0
72
0
100
AcDbText
73
0
0
POINT
5
17D
330
1C
100
AcDbEntity
67
0
8
15 - историческая планировочная структура
62
256
6
ByLayer
370
-1
48
1.0
60
0
100
AcDbPoint
10
1394422.93112517
20
359863.930123225
30
0.0
39
0.0
210
0.0
220
0.0
230
1.0
50
360.0
0
TEXT
5
17E
330
1C
100
AcDbEntity
67
0
8
15 - историческая планировочная структура
62
7
6
ByLayer
370
-1
48
1.0
60
0
100
AcDbText
1
174
10
1394423.0602544
20
359864.204561274
30
0.0
40
0.31111111111
41
1.0
50
0.0
51
0.0
7
Standard
11
1394423.0602544
21
359864.204561274
31
0.0
210
0.0
220
0.0
230
1.0
71
0
72
0
100
AcDbText
73
0
0
POINT
5
17F
330
1C
100
AcDbEntity
67
0
8
15 - историческая планировочная структура
62
256
6
ByLayer
370
-1
48
1.0
60
0
100
AcDbPoint
10
1394420.42041958
20
359863.423372354
30
0.0
39
0.0
210
0.0
220
0.0
230
1.0
50
360.0
0
TEXT
5
180
330
1C
100
AcDbEntity
67
0
8
15 - историческая планировочная структура
62
7
6
ByLayer
370
-1
48
1.0
60
0
100
AcDbText
1
175
10
1394420.5495488
20
359863.697810399
30
0.0
40
0.31111111111
41
1.0
50
0.0
51
0.0
7
Standard
11
1394420.5495488
21
359863.697810399
31
0.0
210
0.0
220
0.0
230
1.0
71
0
72
0
100
AcDbText
73
0
0
POINT
5
181
330
1C
100
AcDbEntity
67
0
8
15 - историческая планировочная структура
62
256
6
ByLayer
370
-1
48
1.0
60
0
100
AcDbPoint
10
1394417.97483516
20
359862.662086744
30
0.0
39
0.0
210
0.0
220
0.0
230
1.0
50
360.0
0
TEXT
5
182
330
1C
100
AcDbEntity
67
0
8
15 - историческая планировочная структура
62
7
6
ByLayer
370
-1
48
1.0
60
0
100
AcDbText
1
176
10
1394418.10396438
20
359862.936524784
30
0.0
40
0.31111111111
41
1.0
50
0.0
51
0.0
7
Standard
11
1394418.10396438
21
359862.936524784
31
0.0
210
0.0
220
0.0
230
1.0
71
0
72
0
100
AcDbText
73
0
0
POINT
5
183
330
1C
100
AcDbEntity
67
0
8
15 - историческая планировочная структура
62
256
6
ByLayer
370
-1
48
1.0
60
0
100
AcDbPoint
10
1394415.62010426
20
359861.654276617
30
0.0
39
0.0
210
0.0
220
0.0
230
1.0
50
360.0
0
TEXT
5
184
330
1C
100
AcDbEntity
67
0
8
15 - историческая планировочная структура
62
7
6
ByLayer
370
-1
48
1.0
60
0
100
AcDbText
1
177
10
1394415.74923349
20
359861.928714655
30
0.0
40
0.31111111111
41
1.0
50
0.0
51
0.0
7
Standard
11
1394415.74923349
21
359861.928714655
31
0.0
210
0.0
220
0.0
230
1.0
71
0
72
0
100
AcDbText
73
0
0
POINT
5
185
330
1C
100
AcDbEntity
67
0
8
15 - историческая планировочная структура
62
256
6
ByLayer
370
-1
48
1.0
60
0
100
AcDbPoint
10
1394413.38100327
20
359860.41054612
30
0.0
39
0.0
210
0.0
220
0.0
230
1.0
50
360.0
0
TEXT
5
186
330
1C
100
AcDbEntity
67
0
8
15 - историческая планировочная структура
62
7
6
ByLayer
370
-1
48
1.0
60
0
100
AcDbText
1
178
10
1394413.5101325
20
359860.684984155
30
0.0
40
0.31111111111
41
1.0
50
0.0
51
0.0
7
Standard
11
1394413.5101325
21
359860.684984155
31
0.0
210
0.0
220
0.0
230
1.0
71
0
72
0
100
AcDbText
73
0
0
POINT
5
187
330
1C
100
AcDbEntity
67
0
8
15 - историческая планировочная структура
62
256
6
ByLayer
370
-1
48
1.0
60
0
100
AcDbPoint
10
1394411.28109193
20
359858.943981742
30
0.0
39
0.0
210
0.0
220
0.0
230
1.0
50
360.0
0
TEXT
5
188
330
1C
100
AcDbEntity
67
0
8
15 - историческая планировочная структура
62
7
6
ByLayer
370
-1
48
1.0
60
0
100
AcDbText
1
179
10
1394411.41022116
20
359859.218419774
30
0.0
40
0.31111111111
41
1.0
50
0.0
51
0.0
7
Standard
11
1394411.41022116
21
359859.218419774
31
0.0
210
0.0
220
0.0
230
1.0
71
0
72
0
100
AcDbText
73
0
0
POINT
5
189
330
1C
100
AcDbEntity
67
0
8
15 - историческая планировочная структура
62
256
6
ByLayer
370
-1
48
1.0
60
0
100
AcDbPoint
10
1394409.34246543
20
359857.270014625
30
0.0
39
0.0
210
0.0
220
0.0
230
1.0
50
360.0
0
TEXT
5
18A
330
1C
100
AcDbEntity
67
0
8
15 - историческая планировочная структура
62
7
6
ByLayer
370
-1
48
1.0
60
0
100
AcDbText
1
180
10
1394409.47159466
20
359857.544452653
30
0.0
40
0.31111111111
41
1.0
50
0.0
51
0.0
7
Standard
11
1394409.47159466
21
359857.544452653
31
0.0
210
0.0
220
0.0
230
1.0
71
0
72
0
100
AcDbText
73
0
0
POINT
5
18B
330
1C
100
AcDbEntity
67
0
8
15 - историческая планировочная структура
62
256
6
ByLayer
370
-1
48
1.0
60
0
100
AcDbPoint
10
1394356.8127884
20
359797.283538733
30
0.0
39
0.0
210
0.0
220
0.0
230
1.0
50
360.0
0
TEXT
5
18C
330
1C
100
AcDbEntity
67
0
8
15 - историческая планировочная структура
62
7
6
ByLayer
370
-1
48
1.0
60
0
100
AcDbText
1
181
10
1394356.94191775
20
359797.557976664
30
0.0
40
0.31111111111
41
1.0
50
0.0
51
0.0
7
Standard
11
1394356.94191775
21
359797.557976664
31
0.0
210
0.0
220
0.0
230
1.0
71
0
72
0
100
AcDbText
73
0
0
POINT
5
18D
330
1C
100
AcDbEntity
67
0
8
15 - историческая планировочная структура
62
256
6
ByLayer
370
-1
48
1.0
60
0
100
AcDbPoint
10
1394237.92392077
20
359662.19271858
30
0.0
39
0.0
210
0.0
220
0.0
230
1.0
50
360.0
0
TEXT
5
18E
330
1C
100
AcDbEntity
67
0
8
15 - историческая планировочная структура
62
7
6
ByLayer
370
-1
48
1.0
60
0
100
AcDbText
1
182
10
1394238.05305036
20
359662.467156296
30
0.0
40
0.31111111111
41
1.0
50
0.0
51
0.0
7
Standard
11
1394238.05305036
21
359662.467156296
31
0.0
210
0.0
220
0.0
230
1.0
71
0
72
0
100
AcDbText
73
0
0
POINT
5
18F
330
1C
100
AcDbEntity
67
0
8
15 - историческая планировочная структура
62
256
6
ByLayer
370
-1
48
1.0
60
0
100
AcDbPoint
10
1394208.3152815
20
359617.586547185
30
0.0
39
0.0
210
0.0
220
0.0
230
1.0
50
360.0
0
TEXT
5
190
330
1C
100
AcDbEntity
67
0
8
15 - историческая планировочная структура
62
7
6
ByLayer
370
-1
48
1.0
60
0
100
AcDbText
1
183
10
1394208.44441118
20
359617.86098485
30
0.0
40
0.31111111111
41
1.0
50
0.0
51
0.0
7
Standard
11
1394208.44441118
21
359617.86098485
31
0.0
210
0.0
220
0.0
230
1.0
71
0
72
0
100
AcDbText
73
0
0
POINT
5
191
330
1C
100
AcDbEntity
67
0
8
15 - историческая планировочная структура
62
256
6
ByLayer
370
-1
48
1.0
60
0
100
AcDbPoint
10
1394175.62999036
20
359570.601092881
30
0.0
39
0.0
210
0.0
220
0.0
230
1.0
50
360.0
0
TEXT
5
192
330
1C
100
AcDbEntity
67
0
8
15 - историческая планировочная структура
62
7
6
ByLayer
370
-1
48
1.0
60
0
100
AcDbText
1
184
10
1394175.75912012
20
359570.875530487
30
0.0
40
0.31111111111
41
1.0
50
0.0
51
0.0
7
Standard
11
1394175.75912012
21
359570.875530487
31
0.0
210
0.0
220
0.0
230
1.0
71
0
72
0
100
AcDbText
73
0
0
POINT
5
193
330
1C
100
AcDbEntity
67
0
8
15 - историческая планировочная структура
62
256
6
ByLayer
370
-1
48
1.0
60
0
100
AcDbPoint
10
1394163.79382264
20
359554.507725715
30
0.0
39
0.0
210
0.0
220
0.0
230
1.0
50
360.0
0
TEXT
5
194
330
1C
100
AcDbEntity
67
0
8
15 - историческая планировочная структура
62
7
6
ByLayer
370
-1
48
1.0
60
0
100
AcDbText
1
185
10
1394163.92295243
20
359554.7821633
30
0.0
40
0.31111111111
41
1.0
50
0.0
51
0.0
7
Standard
11
1394163.92295243
21
359554.7821633
31
0.0
210
0.0
220
0.0
230
1.0
71
0
72
0
100
AcDbText
73
0
0
POINT
5
195
330
1C
100
AcDbEntity
67
0
8
15 - историческая планировочная структура
62
256
6
ByLayer
370
-1
48
1.0
60
0
100
AcDbPoint
10
1394152.57767931
20
359535.233186502
30
0.0
39
0.0
210
0.0
220
0.0
230
1.0
50
360.0
0
TEXT
5
196
330
1C
100
AcDbEntity
67
0
8
15 - историческая планировочная структура
62
7
6
ByLayer
370
-1
48
1.0
60
0
100
AcDbText
1
186
10
1394152.70680914
20
359535.507624065
30
0.0
40
0.31111111111
41
1.0
50
0.0
51
0.0
7
Standard
11
1394152.70680914
21
359535.507624065
31
0.0
210
0.0
220
0.0
230
1.0
71
0
72
0
100
AcDbText
73
0
0
POINT
5
197
330
1C
100
AcDbEntity
67
0
8
15 - историческая планировочная структура
62
256
6
ByLayer
370
-1
48
1.0
60
0
100
AcDbPoint
10
1394148.25742663
20
359527.001525092
30
0.0
39
0.0
210
0.0
220
0.0
230
1.0
50
360.0
0
TEXT
5
198
330
1C
100
AcDbEntity
67
0
8
15 - историческая планировочная структура
62
7
6
ByLayer
370
-1
48
1.0
60
0
100
AcDbText
1
187
10
1394148.38655647
20
359527.27596265
30
0.0
40
0.31111111111
41
1.0
50
0.0
51
0.0
7
Standard
11
1394148.38655647
21
359527.27596265
31
0.0
210
0.0
220
0.0
230
1.0
71
0
72
0
100
AcDbText
73
0
0
POINT
5
199
330
1C
100
AcDbEntity
67
0
8
15 - историческая планировочная структура
62
256
6
ByLayer
370
-1
48
1.0
60
0
100
AcDbPoint
10
1394146.5278937
20
359518.405084569
30
0.0
39
0.0
210
0.0
220
0.0
230
1.0
50
360.0
0
TEXT
5
19A
330
1C
100
AcDbEntity
67
0
8
15 - историческая планировочная структура
62
7
6
ByLayer
370
-1
48
1.0
60
0
100
AcDbText
1
188
10
1394146.65702356
20
359518.679522124
30
0.0
40
0.31111111111
41
1.0
50
0.0
51
0.0
7
Standard
11
1394146.65702356
21
359518.679522124
31
0.0
210
0.0
220
0.0
230
1.0
71
0
72
0
100
AcDbText
73
0
0
POINT
5
19B
330
1C
100
AcDbEntity
67
0
8
15 - историческая планировочная структура
62
256
6
ByLayer
370
-1
48
1.0
60
0
100
AcDbPoint
10
1394146.87989055
20
359506.611130028
30
0.0
39
0.0
210
0.0
220
0.0
230
1.0
50
360.0
0
TEXT
5
19C
330
1C
100
AcDbEntity
67
0
8
15 - историческая планировочная структура
62
7
6
ByLayer
370
-1
48
1.0
60
0
100
AcDbText
1
189
10
1394147.00902043
20
359506.885567588
30
0.0
40
0.31111111111
41
1.0
50
0.0
51
0.0
7
Standard
11
1394147.00902043
21
359506.885567588
31
0.0
210
0.0
220
0.0
230
1.0
71
0
72
0
100
AcDbText
73
0
0
POINT
5
19D
330
1C
100
AcDbEntity
67
0
8
15 - историческая планировочная структура
62
256
6
ByLayer
370
-1
48
1.0
60
0
100
AcDbPoint
10
1394152.04536647
20
359487.107419064
30
0.0
39
0.0
210
0.0
220
0.0
230
1.0
50
360.0
0
TEXT
5
19E
330
1C
100
AcDbEntity
67
0
8
15 - историческая планировочная структура
62
7
6
ByLayer
370
-1
48
1.0
60
0
100
AcDbText
1
190
10
1394152.17449639
20
359487.381856632
30
0.0
40
0.31111111111
41
1.0
50
0.0
51
0.0
7
Standard
11
1394152.17449639
21
359487.381856632
31
0.0
210
0.0
220
0.0
230
1.0
71
0
72
0
100
AcDbText
73
0
0
POINT
5
19F
330
1C
100
AcDbEntity
67
0
8
15 - историческая планировочная структура
62
256
6
ByLayer
370
-1
48
1.0
60
0
100
AcDbPoint
10
1394165.67219734
20
359449.887299287
30
0.0
39
0.0
210
0.0
220
0.0
230
1.0
50
360.0
0
TEXT
5
1A0
330
1C
100
AcDbEntity
67
0
8
15 - историческая планировочная структура
62
7
6
ByLayer
370
-1
48
1.0
60
0
100
AcDbText
1
191
10
1394165.80132733
20
359450.161736877
30
0.0
40
0.31111111111
41
1.0
50
0.0
51
0.0
7
Standard
11
1394165.80132733
21
359450.161736877
31
0.0
210
0.0
220
0.0
230
1.0
71
0
72
0
100
AcDbText
73
0
0
POINT
5
1A1
330
1C
100
AcDbEntity
67
0
8
15 - историческая планировочная структура
62
256
6
ByLayer
370
-1
48
1.0
60
0
100
AcDbPoint
10
1394192.94586289
20
359381.301425406
30
0.0
39
0.0
210
0.0
220
0.0
230
1.0
50
360.0
0
TEXT
5
1A2
330
1C
100
AcDbEntity
67
0
8
15 - историческая планировочная структура
62
7
6
ByLayer
370
-1
48
1.0
60
0
100
AcDbText
1
192
10
1394193.074993
20
359381.575863052
30
0.0
40
0.31111111111
41
1.0
50
0.0
51
0.0
7
Standard
11
1394193.074993
21
359381.575863052
31
0.0
210
0.0
220
0.0
230
1.0
71
0
72
0
100
AcDbText
73
0
0
POINT
5
1A3
330
1C
100
AcDbEntity
67
0
8
15 - историческая планировочная структура
62
256
6
ByLayer
370
-1
48
1.0
60
0
100
AcDbPoint
10
1394424.51728277
20
359335.677620015
30
0.0
39
0.0
210
0.0
220
0.0
230
1.0
50
360.0
0
TEXT
5
1A4
330
1C
100
AcDbEntity
67
0
8
15 - историческая планировочная структура
62
7
6
ByLayer
370
-1
48
1.0
60
0
100
AcDbText
1
193
10
1394424.64641296
20
359335.952058081
30
0.0
40
0.31111111111
41
1.0
50
0.0
51
0.0
7
Standard
11
1394424.64641296
21
359335.952058081
31
0.0
210
0.0
220
0.0
230
1.0
71
0
72
0
100
AcDbText
73
0
0
POINT
5
1A5
330
1C
100
AcDbEntity
67
0
8
15 - историческая планировочная структура
62
256
6
ByLayer
370
-1
48
1.0
60
0
100
AcDbPoint
10
1394398.56242054
20
359222.630557255
30
0.0
39
0.0
210
0.0
220
0.0
230
1.0
50
360.0
0
TEXT
5
1A6
330
1C
100
AcDbEntity
67
0
8
15 - историческая планировочная структура
62
7
6
ByLayer
370
-1
48
1.0
60
0
100
AcDbText
1
194
10
1394398.69155093
20
359222.904995279
30
0.0
40
0.31111111111
41
1.0
50
0.0
51
0.0
7
Standard
11
1394398.69155093
21
359222.904995279
31
0.0
210
0.0
220
0.0
230
1.0
71
0
72
0
100
AcDbText
73
0
0
POINT
5
1A7
330
1C
100
AcDbEntity
67
0
8
15 - историческая планировочная структура
62
256
6
ByLayer
370
-1
48
1.0
60
0
100
AcDbPoint
10
1394358.83834259
20
359059.062683631
30
0.0
39
0.0
210
0.0
220
0.0
230
1.0
50
360.0
0
TEXT
5
1A8
330
1C
100
AcDbEntity
67
0
8
15 - историческая планировочная структура
62
7
6
ByLayer
370
-1
48
1.0
60
0
100
AcDbText
1
195
10
1394358.96747328
20
359059.337121584
30
0.0
40
0.31111111111
41
1.0
50
0.0
51
0.0
7
Standard
11
1394358.96747328
21
359059.337121584
31
0.0
210
0.0
220
0.0
230
1.0
71
0
72
0
100
AcDbText
73
0
0
POINT
5
1A9
330
1C
100
AcDbEntity
67
0
8
15 - историческая планировочная структура
62
256
6
ByLayer
370
-1
48
1.0
60
0
100
AcDbPoint
10
1394349.34263578
20
359023.818004644
30
0.0
39
0.0
210
0.0
220
0.0
230
1.0
50
360.0
0
TEXT
5
1AA
330
1C
100
AcDbEntity
67
0
8
15 - историческая планировочная структура
62
7
6
ByLayer
370
-1
48
1.0
60
0
100
AcDbText
1
196
10
1394349.47176654
20
359024.092442584
30
0.0
40
0.31111111111
41
1.0
50
0.0
51
0.0
7
Standard
11
1394349.47176654
21
359024.092442584
31
0.0
210
0.0
220
0.0
230
1.0
71
0
72
0
100
AcDbText
73
0
0
POINT
5
1AB
330
1C
100
AcDbEntity
67
0
8
15 - историческая планировочная структура
62
256
6
ByLayer
370
-1
48
1.0
60
0
100
AcDbPoint
10
1394338.65817761
20
358976.140668028
30
0.0
39
0.0
210
0.0
220
0.0
230
1.0
50
360.0
0
TEXT
5
1AC
330
1C
100
AcDbEntity
67
0
8
15 - историческая планировочная структура
62
7
6
ByLayer
370
-1
48
1.0
60
0
100
AcDbText
1
197
10
1394338.78730845
20
358976.415105948
30
0.0
40
0.31111111111
41
1.0
50
0.0
51
0.0
7
Standard
11
1394338.78730845
21
358976.415105948
31
0.0
210
0.0
220
0.0
230
1.0
71
0
72
0
100
AcDbText
73
0
0
POINT
5
1AD
330
1C
100
AcDbEntity
67
0
8
15 - историческая планировочная структура
62
256
6
ByLayer
370
-1
48
1.0
60
0
100
AcDbPoint
10
1394322.18972246
20
358907.420235221
30
0.0
39
0.0
210
0.0
220
0.0
230
1.0
50
360.0
0
TEXT
5
1AE
330
1C
100
AcDbEntity
67
0
8
15 - историческая планировочная структура
62
7
6
ByLayer
370
-1
48
1.0
60
0
100
AcDbText
1
198
10
1394322.31885343
20
358907.694673113
30
0.0
40
0.31111111111
41
1.0
50
0.0
51
0.0
7
Standard
11
1394322.31885343
21
358907.694673113
31
0.0
210
0.0
220
0.0
230
1.0
71
0
72
0
100
AcDbText
73
0
0
POINT
5
1AF
330
1C
100
AcDbEntity
67
0
8
15 - историческая планировочная структура
62
256
6
ByLayer
370
-1
48
1.0
60
0
100
AcDbPoint
10
1394304.22011982
20
358835.174172164
30
0.0
39
0.0
210
0.0
220
0.0
230
1.0
50
360.0
0
TEXT
5
1B0
330
1C
100
AcDbEntity
67
0
8
15 - историческая планировочная структура
62
7
6
ByLayer
370
-1
48
1.0
60
0
100
AcDbText
1
199
10
1394304.34925092
20
358835.448610025
30
0.0
40
0.31111111111
41
1.0
50
0.0
51
0.0
7
Standard
11
1394304.34925092
21
358835.448610025
31
0.0
210
0.0
220
0.0
230
1.0
71
0
72
0
100
AcDbText
73
0
0
POINT
5
1B1
330
1C
100
AcDbEntity
67
0
8
15 - историческая планировочная структура
62
256
6
ByLayer
370
-1
48
1.0
60
0
100
AcDbPoint
10
1394286.2984575
20
358768.218085628
30
0.0
39
0.0
210
0.0
220
0.0
230
1.0
50
360.0
0
TEXT
5
1B2
330
1C
100
AcDbEntity
67
0
8
15 - историческая планировочная структура
62
7
6
ByLayer
370
-1
48
1.0
60
0
100
AcDbText
1
200
10
1394286.42758873
20
358768.492523459
30
0.0
40
0.31111111111
41
1.0
50
0.0
51
0.0
7
Standard
11
1394286.42758873
21
358768.492523459
31
0.0
210
0.0
220
0.0
230
1.0
71
0
72
0
100
AcDbText
73
0
0
POINT
5
1B3
330
1C
100
AcDbEntity
67
0
8
15 - историческая планировочная структура
62
256
6
ByLayer
370
-1
48
1.0
60
0
100
AcDbPoint
10
1394284.404774
20
358756.848883333
30
0.0
39
0.0
210
0.0
220
0.0
230
1.0
50
360.0
0
TEXT
5
1B4
330
1C
100
AcDbEntity
67
0
8
15 - историческая планировочная структура
62
7
6
ByLayer
370
-1
48
1.0
60
0
100
AcDbText
1
201
10
1394284.53390525
20
358757.12332116
30
0.0
40
0.31111111111
41
1.0
50
0.0
51
0.0
7
Standard
11
1394284.53390525
21
358757.12332116
31
0.0
210
0.0
220
0.0
230
1.0
71
0
72
0
100
AcDbText
73
0
0
POINT
5
1B5
330
1C
100
AcDbEntity
67
0
8
15 - историческая планировочная структура
62
256
6
ByLayer
370
-1
48
1.0
60
0
100
AcDbPoint
10
1394289.02850249
20
358752.156247062
30
0.0
39
0.0
210
0.0
220
0.0
230
1.0
50
360.0
0
TEXT
5
1B6
330
1C
100
AcDbEntity
67
0
8
15 - историческая планировочная структура
62
7
6
ByLayer
370
-1
48
1.0
60
0
100
AcDbText
1
202
10
1394289.15763374
20
358752.430684894
30
0.0
40
0.31111111111
41
1.0
50
0.0
51
0.0
7
Standard
11
1394289.15763374
21
358752.430684894
31
0.0
210
0.0
220
0.0
230
1.0
71
0
72
0
100
AcDbText
73
0
0
POINT
5
1B7
330
1C
100
AcDbEntity
67
0
8
15 - историческая планировочная структура
62
256
6
ByLayer
370
-1
48
1.0
60
0
100
AcDbPoint
10
1393259.71944668
20
357815.080683478
30
0.0
39
0.0
210
0.0
220
0.0
230
1.0
50
360.0
0
TEXT
5
1B8
330
1C
100
AcDbEntity
67
0
8
15 - историческая планировочная структура
62
7
6
ByLayer
370
-1
48
1.0
60
0
100
AcDbText
1
203
10
1393259.84857967
20
357815.355119456
30
0.0
40
0.31111111111
41
1.0
50
0.0
51
0.0
7
Standard
11
1393259.84857967
21
357815.355119456
31
0.0
210
0.0
220
0.0
230
1.0
71
0
72
0
100
AcDbText
73
0
0
POINT
5
1B9
330
1C
100
AcDbEntity
67
0
8
15 - историческая планировочная структура
62
256
6
ByLayer
370
-1
48
1.0
60
0
100
AcDbPoint
10
1393343.55598612
20
357921.065559533
30
0.0
39
0.0
210
0.0
220
0.0
230
1.0
50
360.0
0
TEXT
5
1BA
330
1C
100
AcDbEntity
67
0
8
15 - историческая планировочная структура
62
7
6
ByLayer
370
-1
48
1.0
60
0
100
AcDbText
1
204
10
1393343.68511892
20
357921.339995663
30
0.0
40
0.31111111111
41
1.0
50
0.0
51
0.0
7
Standard
11
1393343.68511892
21
357921.339995663
31
0.0
210
0.0
220
0.0
230
1.0
71
0
72
0
100
AcDbText
73
0
0
POINT
5
1BB
330
1C
100
AcDbEntity
67
0
8
15 - историческая планировочная структура
62
256
6
ByLayer
370
-1
48
1.0
60
0
100
AcDbPoint
10
1393392.14710274
20
357984.052254844
30
0.0
39
0.0
210
0.0
220
0.0
230
1.0
50
360.0
0
TEXT
5
1BC
330
1C
100
AcDbEntity
67
0
8
15 - историческая планировочная структура
62
7
6
ByLayer
370
-1
48
1.0
60
0
100
AcDbText
1
205
10
1393392.27623542
20
357984.326691062
30
0.0
40
0.31111111111
41
1.0
50
0.0
51
0.0
7
Standard
11
1393392.27623542
21
357984.326691062
31
0.0
210
0.0
220
0.0
230
1.0
71
0
72
0
100
AcDbText
73
0
0
POINT
5
1BD
330
1C
100
AcDbEntity
67
0
8
15 - историческая планировочная структура
62
256
6
ByLayer
370
-1
48
1.0
60
0
100
AcDbPoint
10
1393459.25057721
20
358069.043110342
30
0.0
39
0.0
210
0.0
220
0.0
230
1.0
50
360.0
0
TEXT
5
1BE
330
1C
100
AcDbEntity
67
0
8
15 - историческая планировочная структура
62
7
6
ByLayer
370
-1
48
1.0
60
0
100
AcDbText
1
206
10
1393459.37970973
20
358069.31754668
30
0.0
40
0.31111111111
41
1.0
50
0.0
51
0.0
7
Standard
11
1393459.37970973
21
358069.31754668
31
0.0
210
0.0
220
0.0
230
1.0
71
0
72
0
100
AcDbText
73
0
0
POINT
5
1BF
330
1C
100
AcDbEntity
67
0
8
15 - историческая планировочная структура
62
256
6
ByLayer
370
-1
48
1.0
60
0
100
AcDbPoint
10
1393508.17971829
20
358121.487019936
30
0.0
39
0.0
210
0.0
220
0.0
230
1.0
50
360.0
0
TEXT
5
1C0
330
1C
100
AcDbEntity
67
0
8
15 - историческая планировочная структура
62
7
6
ByLayer
370
-1
48
1.0
60
0
100
AcDbText
1
207
10
1393508.30885072
20
358121.761456362
30
0.0
40
0.31111111111
41
1.0
50
0.0
51
0.0
7
Standard
11
1393508.30885072
21
358121.761456362
31
0.0
210
0.0
220
0.0
230
1.0
71
0
72
0
100
AcDbText
73
0
0
POINT
5
1C1
330
1C
100
AcDbEntity
67
0
8
15 - историческая планировочная структура
62
256
6
ByLayer
370
-1
48
1.0
60
0
100
AcDbPoint
10
1393615.82585766
20
358167.577984222
30
0.0
39
0.0
210
0.0
220
0.0
230
1.0
50
360.0
0
TEXT
5
1C2
330
1C
100
AcDbEntity
67
0
8
15 - историческая планировочная структура
62
7
6
ByLayer
370
-1
48
1.0
60
0
100
AcDbText
1
208
10
1393615.95499
20
358167.852420844
30
0.0
40
0.31111111111
41
1.0
50
0.0
51
0.0
7
Standard
11
1393615.95499
21
358167.852420844
31
0.0
210
0.0
220
0.0
230
1.0
71
0
72
0
100
AcDbText
73
0
0
POINT
5
1C3
330
1C
100
AcDbEntity
67
0
8
15 - историческая планировочная структура
62
256
6
ByLayer
370
-1
48
1.0
60
0
100
AcDbPoint
10
1393616.23060142
20
358166.260445986
30
0.0
39
0.0
210
0.0
220
0.0
230
1.0
50
360.0
0
TEXT
5
1C4
330
1C
100
AcDbEntity
67
0
8
15 - историческая планировочная структура
62
7
6
ByLayer
370
-1
48
1.0
60
0
100
AcDbText
1
209
10
1393616.35973376
20
358166.53488261
30
0.0
40
0.31111111111
41
1.0
50
0.0
51
0.0
7
Standard
11
1393616.35973376
21
358166.53488261
31
0.0
210
0.0
220
0.0
230
1.0
71
0
72
0
100
AcDbText
73
0
0
POINT
5
1C5
330
1C
100
AcDbEntity
67
0
8
15 - историческая планировочная структура
62
256
6
ByLayer
370
-1
48
1.0
60
0
100
AcDbPoint
10
1393646.36332351
20
358177.779459553
30
0.0
39
0.0
210
0.0
220
0.0
230
1.0
50
360.0
0
TEXT
5
1C6
330
1C
100
AcDbEntity
67
0
8
15 - историческая планировочная структура
62
7
6
ByLayer
370
-1
48
1.0
60
0
100
AcDbText
1
210
10
1393646.49245583
20
358178.053896228
30
0.0
40
0.31111111111
41
1.0
50
0.0
51
0.0
7
Standard
11
1393646.49245583
21
358178.053896228
31
0.0
210
0.0
220
0.0
230
1.0
71
0
72
0
100
AcDbText
73
0
0
POINT
5
1C7
330
1C
100
AcDbEntity
67
0
8
15 - историческая планировочная структура
62
256
6
ByLayer
370
-1
48
1.0
60
0
100
AcDbPoint
10
1393673.97016915
20
358189.055122792
30
0.0
39
0.0
210
0.0
220
0.0
230
1.0
50
360.0
0
TEXT
5
1C8
330
1C
100
AcDbEntity
67
0
8
15 - историческая планировочная структура
62
7
6
ByLayer
370
-1
48
1.0
60
0
100
AcDbText
1
211
10
1393674.09930144
20
358189.32955952
30
0.0
40
0.31111111111
41
1.0
50
0.0
51
0.0
7
Standard
11
1393674.09930144
21
358189.32955952
31
0.0
210
0.0
220
0.0
230
1.0
71
0
72
0
100
AcDbText
73
0
0
POINT
5
1C9
330
1C
100
AcDbEntity
67
0
8
15 - историческая планировочная структура
62
256
6
ByLayer
370
-1
48
1.0
60
0
100
AcDbPoint
10
1393158.91194117
20
357949.343299882
30
0.0
39
0.0
210
0.0
220
0.0
230
1.0
50
360.0
0
TEXT
5
1CA
330
1C
100
AcDbEntity
67
0
8
15 - историческая планировочная структура
62
7
6
ByLayer
370
-1
48
1.0
60
0
100
AcDbText
1
212
10
1393159.04107391
20
357949.617735673
30
0.0
40
0.31111111111
41
1.0
50
0.0
51
0.0
7
Standard
11
1393159.04107391
21
357949.617735673
31
0.0
210
0.0
220
0.0
230
1.0
71
0
72
0
100
AcDbText
73
0
0
POINT
5
1CB
330
1C
100
AcDbEntity
67
0
8
15 - историческая планировочная структура
62
256
6
ByLayer
370
-1
48
1.0
60
0
100
AcDbPoint
10
1393121.8015768
20
357879.672123486
30
0.0
39
0.0
210
0.0
220
0.0
230
1.0
50
360.0
0
TEXT
5
1CC
330
1C
100
AcDbEntity
67
0
8
15 - историческая планировочная структура
62
7
6
ByLayer
370
-1
48
1.0
60
0
100
AcDbText
1
213
10
1393121.93070968
20
357879.946559216
30
0.0
40
0.31111111111
41
1.0
50
0.0
51
0.0
7
Standard
11
1393121.93070968
21
357879.946559216
31
0.0
210
0.0
220
0.0
230
1.0
71
0
72
0
100
AcDbText
73
0
0
POINT
5
1CD
330
1C
100
AcDbEntity
67
0
8
15 - историческая планировочная структура
62
256
6
ByLayer
370
-1
48
1.0
60
0
100
AcDbPoint
10
1393104.23369002
20
357847.02475212
30
0.0
39
0.0
210
0.0
220
0.0
230
1.0
50
360.0
0
TEXT
5
1CE
330
1C
100
AcDbEntity
67
0
8
15 - историческая планировочная структура
62
7
6
ByLayer
370
-1
48
1.0
60
0
100
AcDbText
1
214
10
1393104.36282296
20
357847.299187817
30
0.0
40
0.31111111111
41
1.0
50
0.0
51
0.0
7
Standard
11
1393104.36282296
21
357847.299187817
31
0.0
210
0.0
220
0.0
230
1.0
71
0
72
0
100
AcDbText
73
0
0
POINT
5
1CF
330
1C
100
AcDbEntity
67
0
8
15 - историческая планировочная структура
62
256
6
ByLayer
370
-1
48
1.0
60
0
100
AcDbPoint
10
1393096.36368519
20
357834.97754523
30
0.0
39
0.0
210
0.0
220
0.0
230
1.0
50
360.0
0
TEXT
5
1D0
330
1C
100
AcDbEntity
67
0
8
15 - историческая планировочная структура
62
7
6
ByLayer
370
-1
48
1.0
60
0
100
AcDbText
1
215
10
1393096.49281814
20
357835.251980911
30
0.0
40
0.31111111111
41
1.0
50
0.0
51
0.0
7
Standard
11
1393096.49281814
21
357835.251980911
31
0.0
210
0.0
220
0.0
230
1.0
71
0
72
0
100
AcDbText
73
0
0
POINT
5
1D1
330
1C
100
AcDbEntity
67
0
8
15 - историческая планировочная структура
62
256
6
ByLayer
370
-1
48
1.0
60
0
100
AcDbPoint
10
1393093.49533781
20
357827.479447064
30
0.0
39
0.0
210
0.0
220
0.0
230
1.0
50
360.0
0
TEXT
5
1D2
330
1C
100
AcDbEntity
67
0
8
15 - историческая планировочная структура
62
7
6
ByLayer
370
-1
48
1.0
60
0
100
AcDbText
1
216
10
1393093.62447079
20
357827.753882741
30
0.0
40
0.31111111111
41
1.0
50
0.0
51
0.0
7
Standard
11
1393093.62447079
21
357827.753882741
31
0.0
210
0.0
220
0.0
230
1.0
71
0
72
0
100
AcDbText
73
0
0
POINT
5
1D3
330
1C
100
AcDbEntity
67
0
8
15 - историческая планировочная структура
62
256
6
ByLayer
370
-1
48
1.0
60
0
100
AcDbPoint
10
1393088.36897516
20
357811.157892256
30
0.0
39
0.0
210
0.0
220
0.0
230
1.0
50
360.0
0
TEXT
5
1D4
330
1C
100
AcDbEntity
67
0
8
15 - историческая планировочная структура
62
7
6
ByLayer
370
-1
48
1.0
60
0
100
AcDbText
1
217
10
1393088.49810816
20
357811.432327923
30
0.0
40
0.31111111111
41
1.0
50
0.0
51
0.0
7
Standard
11
1393088.49810816
21
357811.432327923
31
0.0
210
0.0
220
0.0
230
1.0
71
0
72
0
100
AcDbText
73
0
0
POINT
5
1D5
330
1C
100
AcDbEntity
67
0
8
15 - историческая планировочная структура
62
256
6
ByLayer
370
-1
48
1.0
60
0
100
AcDbPoint
10
1393086.55710397
20
357799.600995603
30
0.0
39
0.0
210
0.0
220
0.0
230
1.0
50
360.0
0
TEXT
5
1D6
330
1C
100
AcDbEntity
67
0
8
15 - историческая планировочная структура
62
7
6
ByLayer
370
-1
48
1.0
60
0
100
AcDbText
1
218
10
1393086.68623699
20
357799.875431269
30
0.0
40
0.31111111111
41
1.0
50
0.0
51
0.0
7
Standard
11
1393086.68623699
21
357799.875431269
31
0.0
210
0.0
220
0.0
230
1.0
71
0
72
0
100
AcDbText
73
0
0
POINT
5
1D7
330
1C
100
AcDbEntity
67
0
8
15 - историческая планировочная структура
62
256
6
ByLayer
370
-1
48
1.0
60
0
100
AcDbPoint
10
1393084.25734424
20
357761.1541964
30
0.0
39
0.0
210
0.0
220
0.0
230
1.0
50
360.0
0
TEXT
5
1D8
330
1C
100
AcDbEntity
67
0
8
15 - историческая планировочная структура
62
7
6
ByLayer
370
-1
48
1.0
60
0
100
AcDbText
1
219
10
1393084.38647733
20
357761.428632062
30
0.0
40
0.31111111111
41
1.0
50
0.0
51
0.0
7
Standard
11
1393084.38647733
21
357761.428632062
31
0.0
210
0.0
220
0.0
230
1.0
71
0
72
0
100
AcDbText
73
0
0
POINT
5
1D9
330
1C
100
AcDbEntity
67
0
8
15 - историческая планировочная структура
62
256
6
ByLayer
370
-1
48
1.0
60
0
100
AcDbPoint
10
1393074.21847009
20
357641.95620931
30
0.0
39
0.0
210
0.0
220
0.0
230
1.0
50
360.0
0
TEXT
5
1DA
330
1C
100
AcDbEntity
67
0
8
15 - историческая планировочная структура
62
7
6
ByLayer
370
-1
48
1.0
60
0
100
AcDbText
1
220
10
1393074.3476034
20
357642.23064496
30
0.0
40
0.31111111111
41
1.0
50
0.0
51
0.0
7
Standard
11
1393074.3476034
21
357642.23064496
31
0.0
210
0.0
220
0.0
230
1.0
71
0
72
0
100
AcDbText
73
0
0
POINT
5
1DB
330
1C
100
AcDbEntity
67
0
8
15 - историческая планировочная структура
62
256
6
ByLayer
370
-1
48
1.0
60
0
100
AcDbPoint
10
1393071.83273352
20
357616.445941391
30
0.0
39
0.0
210
0.0
220
0.0
230
1.0
50
360.0
0
TEXT
5
1DC
330
1C
100
AcDbEntity
67
0
8
15 - историческая планировочная структура
62
7
6
ByLayer
370
-1
48
1.0
60
0
100
AcDbText
1
221
10
1393071.96186688
20
357616.720377034
30
0.0
40
0.31111111111
41
1.0
50
0.0
51
0.0
7
Standard
11
1393071.96186688
21
357616.720377034
31
0.0
210
0.0
220
0.0
230
1.0
71
0
72
0
100
AcDbText
73
0
0
POINT
5
1DD
330
1C
100
AcDbEntity
67
0
8
15 - историческая планировочная структура
62
256
6
ByLayer
370
-1
48
1.0
60
0
100
AcDbPoint
10
1393080.37682047
20
357609.085646779
30
0.0
39
0.0
210
0.0
220
0.0
230
1.0
50
360.0
0
TEXT
5
1DE
330
1C
100
AcDbEntity
67
0
8
15 - историческая планировочная структура
62
7
6
ByLayer
370
-1
48
1.0
60
0
100
AcDbText
1
222
10
1393080.50595384
20
357609.360082439
30
0.0
40
0.31111111111
41
1.0
50
0.0
51
0.0
7
Standard
11
1393080.50595384
21
357609.360082439
31
0.0
210
0.0
220
0.0
230
1.0
71
0
72
0
100
AcDbText
73
0
0
POINT
5
1DF
330
1C
100
AcDbEntity
67
0
8
15 - историческая планировочная структура
62
256
6
ByLayer
370
-1
48
1.0
60
0
100
AcDbPoint
10
1393283.64566966
20
357288.717770361
30
0.0
39
0.0
210
0.0
220
0.0
230
1.0
50
360.0
0
TEXT
5
1E0
330
1C
100
AcDbEntity
67
0
8
15 - историческая планировочная структура
62
7
6
ByLayer
370
-1
48
1.0
60
0
100
AcDbText
1
223
10
1393283.77480361
20
357288.992206401
30
0.0
40
0.31111111111
41
1.0
50
0.0
51
0.0
7
Standard
11
1393283.77480361
21
357288.992206401
31
0.0
210
0.0
220
0.0
230
1.0
71
0
72
0
100
AcDbText
73
0
0
POINT
5
1E1
330
1C
100
AcDbEntity
67
0
8
15 - историческая планировочная структура
62
256
6
ByLayer
370
-1
48
1.0
60
0
100
AcDbPoint
10
1393352.71274729
20
357366.722179799
30
0.0
39
0.0
210
0.0
220
0.0
230
1.0
50
360.0
0
TEXT
5
1E2
330
1C
100
AcDbEntity
67
0
8
15 - историческая планировочная структура
62
7
6
ByLayer
370
-1
48
1.0
60
0
100
AcDbText
1
224
10
1393352.84188109
20
357366.996615963
30
0.0
40
0.31111111111
41
1.0
50
0.0
51
0.0
7
Standard
11
1393352.84188109
21
357366.996615963
31
0.0
210
0.0
220
0.0
230
1.0
71
0
72
0
100
AcDbText
73
0
0
POINT
5
1E3
330
1C
100
AcDbEntity
67
0
8
15 - историческая планировочная структура
62
256
6
ByLayer
370
-1
48
1.0
60
0
100
AcDbPoint
10
1393399.02512763
20
357421.856454976
30
0.0
39
0.0
210
0.0
220
0.0
230
1.0
50
360.0
0
TEXT
5
1E4
330
1C
100
AcDbEntity
67
0
8
15 - историческая планировочная структура
62
7
6
ByLayer
370
-1
48
1.0
60
0
100
AcDbText
1
225
10
1393399.15426133
20
357422.130891222
30
0.0
40
0.31111111111
41
1.0
50
0.0
51
0.0
7
Standard
11
1393399.15426133
21
357422.130891222
31
0.0
210
0.0
220
0.0
230
1.0
71
0
72
0
100
AcDbText
73
0
0
POINT
5
1E5
330
1C
100
AcDbEntity
67
0
8
15 - историческая планировочная структура
62
256
6
ByLayer
370
-1
48
1.0
60
0
100
AcDbPoint
10
1393416.08264102
20
357440.362145407
30
0.0
39
0.0
210
0.0
220
0.0
230
1.0
50
360.0
0
TEXT
5
1E6
330
1C
100
AcDbEntity
67
0
8
15 - историческая планировочная структура
62
7
6
ByLayer
370
-1
48
1.0
60
0
100
AcDbText
1
226
10
1393416.21177469
20
357440.636581681
30
0.0
40
0.31111111111
41
1.0
50
0.0
51
0.0
7
Standard
11
1393416.21177469
21
357440.636581681
31
0.0
210
0.0
220
0.0
230
1.0
71
0
72
0
100
AcDbText
73
0
0
POINT
5
1E7
330
1C
100
AcDbEntity
67
0
8
15 - историческая планировочная структура
62
256
6
ByLayer
370
-1
48
1.0
60
0
100
AcDbPoint
10
1394540.61862124
20
359831.724461365
30
0.0
39
0.0
210
0.0
220
0.0
230
1.0
50
360.0
0
TEXT
5
1E8
330
1C
100
AcDbEntity
67
0
8
15 - историческая планировочная структура
62
7
6
ByLayer
370
-1
48
1.0
60
0
100
AcDbText
1
227
10
1394540.74775052
20
359831.998899629
30
0.0
40
0.31111111111
41
1.0
50
0.0
51
0.0
7
Standard
11
1394540.74775052
21
359831.998899629
31
0.0
210
0.0
220
0.0
230
1.0
71
0
72
0
100
AcDbText
73
0
0
POINT
5
1E9
330
1C
100
AcDbEntity
67
0
8
15 - историческая планировочная структура
62
256
6
ByLayer
370
-1
48
1.0
60
0
100
AcDbPoint
10
1394518.2284524
20
359727.742079027
30
0.0
39
0.0
210
0.0
220
0.0
230
1.0
50
360.0
0
TEXT
5
1EA
330
1C
100
AcDbEntity
67
0
8
15 - историческая планировочная структура
62
7
6
ByLayer
370
-1
48
1.0
60
0
100
AcDbText
1
228
10
1394518.35758186
20
359728.016517254
30
0.0
40
0.31111111111
41
1.0
50
0.0
51
0.0
7
Standard
11
1394518.35758186
21
359728.016517254
31
0.0
210
0.0
220
0.0
230
1.0
71
0
72
0
100
AcDbText
73
0
0
POINT
5
1EB
330
1C
100
AcDbEntity
67
0
8
15 - историческая планировочная структура
62
256
6
ByLayer
370
-1
48
1.0
60
0
100
AcDbPoint
10
1394510.99881284
20
359717.83348689
30
0.0
39
0.0
210
0.0
220
0.0
230
1.0
50
360.0
0
TEXT
5
1EC
330
1C
100
AcDbEntity
67
0
8
15 - историческая планировочная структура
62
7
6
ByLayer
370
-1
48
1.0
60
0
100
AcDbText
1
229
10
1394511.12794233
20
359718.107925104
30
0.0
40
0.31111111111
41
1.0
50
0.0
51
0.0
7
Standard
11
1394511.12794233
21
359718.107925104
31
0.0
210
0.0
220
0.0
230
1.0
71
0
72
0
100
AcDbText
73
0
0
POINT
5
1ED
330
1C
100
AcDbEntity
67
0
8
15 - историческая планировочная структура
62
256
6
ByLayer
370
-1
48
1.0
60
0
100
AcDbPoint
10
1394429.74795224
20
359648.469856114
30
0.0
39
0.0
210
0.0
220
0.0
230
1.0
50
360.0
0
TEXT
5
1EE
330
1C
100
AcDbEntity
67
0
8
15 - историческая планировочная структура
62
7
6
ByLayer
370
-1
48
1.0
60
0
100
AcDbText
1
230
10
1394429.87708186
20
359648.744294184
30
0.0
40
0.31111111111
41
1.0
50
0.0
51
0.0
7
Standard
11
1394429.87708186
21
359648.744294184
31
0.0
210
0.0
220
0.0
230
1.0
71
0
72
0
100
AcDbText
73
0
0
POINT
5
1EF
330
1C
100
AcDbEntity
67
0
8
15 - историческая планировочная структура
62
256
6
ByLayer
370
-1
48
1.0
60
0
100
AcDbPoint
10
1394376.07966171
20
359609.357276652
30
0.0
39
0.0
210
0.0
220
0.0
230
1.0
50
360.0
0
TEXT
5
1F0
330
1C
100
AcDbEntity
67
0
8
15 - историческая планировочная структура
62
7
6
ByLayer
370
-1
48
1.0
60
0
100
AcDbText
1
231
10
1394376.2087914
20
359609.631714622
30
0.0
40
0.31111111111
41
1.0
50
0.0
51
0.0
7
Standard
11
1394376.2087914
21
359609.631714622
31
0.0
210
0.0
220
0.0
230
1.0
71
0
72
0
100
AcDbText
73
0
0
POINT
5
1F1
330
1C
100
AcDbEntity
67
0
8
15 - историческая планировочная структура
62
256
6
ByLayer
370
-1
48
1.0
60
0
100
AcDbPoint
10
1394343.66620798
20
359586.490587833
30
0.0
39
0.0
210
0.0
220
0.0
230
1.0
50
360.0
0
TEXT
5
1F2
330
1C
100
AcDbEntity
67
0
8
15 - историческая планировочная структура
62
7
6
ByLayer
370
-1
48
1.0
60
0
100
AcDbText
1
232
10
1394343.79533772
20
359586.765025743
30
0.0
40
0.31111111111
41
1.0
50
0.0
51
0.0
7
Standard
11
1394343.79533772
21
359586.765025743
31
0.0
210
0.0
220
0.0
230
1.0
71
0
72
0
100
AcDbText
73
0
0
POINT
5
1F3
330
1C
100
AcDbEntity
67
0
8
15 - историческая планировочная структура
62
256
6
ByLayer
370
-1
48
1.0
60
0
100
AcDbPoint
10
1394300.02421769
20
359548.547777832
30
0.0
39
0.0
210
0.0
220
0.0
230
1.0
50
360.0
0
TEXT
5
1F4
330
1C
100
AcDbEntity
67
0
8
15 - историческая планировочная структура
62
7
6
ByLayer
370
-1
48
1.0
60
0
100
AcDbText
1
233
10
1394300.15334749
20
359548.822215664
30
0.0
40
0.31111111111
41
1.0
50
0.0
51
0.0
7
Standard
11
1394300.15334749
21
359548.822215664
31
0.0
210
0.0
220
0.0
230
1.0
71
0
72
0
100
AcDbText
73
0
0
POINT
5
1F5
330
1C
100
AcDbEntity
67
0
8
15 - историческая планировочная структура
62
256
6
ByLayer
370
-1
48
1.0
60
0
100
AcDbPoint
10
1394226.00446844
20
359440.434009178
30
0.0
39
0.0
210
0.0
220
0.0
230
1.0
50
360.0
0
TEXT
5
1F6
330
1C
100
AcDbEntity
67
0
8
15 - историческая планировочная структура
62
7
6
ByLayer
370
-1
48
1.0
60
0
100
AcDbText
1
234
10
1394226.13359844
20
359440.708446882
30
0.0
40
0.31111111111
41
1.0
50
0.0
51
0.0
7
Standard
11
1394226.13359844
21
359440.708446882
31
0.0
210
0.0
220
0.0
230
1.0
71
0
72
0
100
AcDbText
73
0
0
POINT
5
1F7
330
1C
100
AcDbEntity
67
0
8
15 - историческая планировочная структура
62
256
6
ByLayer
370
-1
48
1.0
60
0
100
AcDbPoint
10
1394202.13485992
20
359407.530480968
30
0.0
39
0.0
210
0.0
220
0.0
230
1.0
50
360.0
0
TEXT
5
1F8
330
1C
100
AcDbEntity
67
0
8
15 - историческая планировочная структура
62
7
6
ByLayer
370
-1
48
1.0
60
0
100
AcDbText
1
235
10
1394202.26398999
20
359407.804918628
30
0.0
40
0.31111111111
41
1.0
50
0.0
51
0.0
7
Standard
11
1394202.26398999
21
359407.804918628
31
0.0
210
0.0
220
0.0
230
1.0
71
0
72
0
100
AcDbText
73
0
0
POINT
5
1F9
330
1C
100
AcDbEntity
67
0
8
15 - историческая планировочная структура
62
256
6
ByLayer
370
-1
48
1.0
60
0
100
AcDbPoint
10
1394195.8153384
20
359399.169744325
30
0.0
39
0.0
210
0.0
220
0.0
230
1.0
50
360.0
0
TEXT
5
1FA
330
1C
100
AcDbEntity
67
0
8
15 - историческая планировочная структура
62
7
6
ByLayer
370
-1
48
1.0
60
0
100
AcDbText
1
236
10
1394195.94446848
20
359399.444181974
30
0.0
40
0.31111111111
41
1.0
50
0.0
51
0.0
7
Standard
11
1394195.94446848
21
359399.444181974
31
0.0
210
0.0
220
0.0
230
1.0
71
0
72
0
100
AcDbText
73
0
0
POINT
5
1FB
330
1C
100
AcDbEntity
67
0
8
15 - историческая планировочная структура
62
256
6
ByLayer
370
-1
48
1.0
60
0
100
AcDbPoint
10
1394191.83817084
20
359397.531703619
30
0.0
39
0.0
210
0.0
220
0.0
230
1.0
50
360.0
0
TEXT
5
1FC
330
1C
100
AcDbEntity
67
0
8
15 - историческая планировочная структура
62
7
6
ByLayer
370
-1
48
1.0
60
0
100
AcDbText
1
237
10
1394191.96730092
20
359397.806141257
30
0.0
40
0.31111111111
41
1.0
50
0.0
51
0.0
7
Standard
11
1394191.96730092
21
359397.806141257
31
0.0
210
0.0
220
0.0
230
1.0
71
0
72
0
100
AcDbText
73
0
0
POINT
5
1FD
330
1C
100
AcDbEntity
67
0
8
15 - историческая планировочная структура
62
256
6
ByLayer
370
-1
48
1.0
60
0
100
AcDbPoint
10
1394193.25093996
20
359381.637235434
30
0.0
39
0.0
210
0.0
220
0.0
230
1.0
50
360.0
0
TEXT
5
1FE
330
1C
100
AcDbEntity
67
0
8
15 - историческая планировочная структура
62
7
6
ByLayer
370
-1
48
1.0
60
0
100
AcDbText
1
238
10
1394193.38007007
20
359381.911673074
30
0.0
40
0.31111111111
41
1.0
50
0.0
51
0.0
7
Standard
11
1394193.38007007
21
359381.911673074
31
0.0
210
0.0
220
0.0
230
1.0
71
0
72
0
100
AcDbText
73
0
0
POINT
5
1FF
330
1C
100
AcDbEntity
67
0
8
15 - историческая планировочная структура
62
256
6
ByLayer
370
-1
48
1.0
60
0
100
AcDbPoint
10
1394194.15301947
20
359378.462937083
30
0.0
39
0.0
210
0.0
220
0.0
230
1.0
50
360.0
0
TEXT
5
200
330
1C
100
AcDbEntity
67
0
8
15 - историческая планировочная структура
62
7
6
ByLayer
370
-1
48
1.0
60
0
100
AcDbText
1
239
10
1394194.28214958
20
359378.737374731
30
0.0
40
0.31111111111
41
1.0
50
0.0
51
0.0
7
Standard
11
1394194.28214958
21
359378.737374731
31
0.0
210
0.0
220
0.0
230
1.0
71
0
72
0
100
AcDbText
73
0
0
POINT
5
201
330
1C
100
AcDbEntity
67
0
8
15 - историческая планировочная структура
62
256
6
ByLayer
370
-1
48
1.0
60
0
100
AcDbPoint
10
1394195.3763808
20
359375.398087238
30
0.0
39
0.0
210
0.0
220
0.0
230
1.0
50
360.0
0
TEXT
5
202
330
1C
100
AcDbEntity
67
0
8
15 - историческая планировочная структура
62
7
6
ByLayer
370
-1
48
1.0
60
0
100
AcDbText
1
240
10
1394195.50551092
20
359375.672524885
30
0.0
40
0.31111111111
41
1.0
50
0.0
51
0.0
7
Standard
11
1394195.50551092
21
359375.672524885
31
0.0
210
0.0
220
0.0
230
1.0
71
0
72
0
100
AcDbText
73
0
0
POINT
5
203
330
1C
100
AcDbEntity
67
0
8
15 - историческая планировочная структура
62
256
6
ByLayer
370
-1
48
1.0
60
0
100
AcDbPoint
10
1394196.9080824
20
359372.475107969
30
0.0
39
0.0
210
0.0
220
0.0
230
1.0
50
360.0
0
TEXT
5
204
330
1C
100
AcDbEntity
67
0
8
15 - историческая планировочная структура
62
7
6
ByLayer
370
-1
48
1.0
60
0
100
AcDbText
1
241
10
1394197.03721252
20
359372.749545618
30
0.0
40
0.31111111111
41
1.0
50
0.0
51
0.0
7
Standard
11
1394197.03721252
21
359372.749545618
31
0.0
210
0.0
220
0.0
230
1.0
71
0
72
0
100
AcDbText
73
0
0
POINT
5
205
330
1C
100
AcDbEntity
67
0
8
15 - историческая планировочная структура
62
256
6
ByLayer
370
-1
48
1.0
60
0
100
AcDbPoint
10
1394198.73192088
20
359369.724920543
30
0.0
39
0.0
210
0.0
220
0.0
230
1.0
50
360.0
0
TEXT
5
206
330
1C
100
AcDbEntity
67
0
8
15 - историческая планировочная структура
62
7
6
ByLayer
370
-1
48
1.0
60
0
100
AcDbText
1
242
10
1394198.86105101
20
359369.999358197
30
0.0
40
0.31111111111
41
1.0
50
0.0
51
0.0
7
Standard
11
1394198.86105101
21
359369.999358197
31
0.0
210
0.0
220
0.0
230
1.0
71
0
72
0
100
AcDbText
73
0
0
POINT
5
207
330
1C
100
AcDbEntity
67
0
8
15 - историческая планировочная структура
62
256
6
ByLayer
370
-1
48
1.0
60
0
100
AcDbPoint
10
1394200.82860245
20
359367.176618326
30
0.0
39
0.0
210
0.0
220
0.0
230
1.0
50
360.0
0
TEXT
5
208
330
1C
100
AcDbEntity
67
0
8
15 - историческая планировочная структура
62
7
6
ByLayer
370
-1
48
1.0
60
0
100
AcDbText
1
243
10
1394200.95773258
20
359367.451055984
30
0.0
40
0.31111111111
41
1.0
50
0.0
51
0.0
7
Standard
11
1394200.95773258
21
359367.451055984
31
0.0
210
0.0
220
0.0
230
1.0
71
0
72
0
100
AcDbText
73
0
0
POINT
5
209
330
1C
100
AcDbEntity
67
0
8
15 - историческая планировочная структура
62
256
6
ByLayer
370
-1
48
1.0
60
0
100
AcDbPoint
10
1394203.17594698
20
359364.857158997
30
0.0
39
0.0
210
0.0
220
0.0
230
1.0
50
360.0
0
TEXT
5
20A
330
1C
100
AcDbEntity
67
0
8
15 - историческая планировочная структура
62
7
6
ByLayer
370
-1
48
1.0
60
0
100
AcDbText
1
244
10
1394203.30507712
20
359365.131596658
30
0.0
40
0.31111111111
41
1.0
50
0.0
51
0.0
7
Standard
11
1394203.30507712
21
359365.131596658
31
0.0
210
0.0
220
0.0
230
1.0
71
0
72
0
100
AcDbText
73
0
0
POINT
5
20B
330
1C
100
AcDbEntity
67
0
8
15 - историческая планировочная структура
62
256
6
ByLayer
370
-1
48
1.0
60
0
100
AcDbPoint
10
1394205.74912266
20
359362.79107938
30
0.0
39
0.0
210
0.0
220
0.0
230
1.0
50
360.0
0
TEXT
5
20C
330
1C
100
AcDbEntity
67
0
8
15 - историческая планировочная структура
62
7
6
ByLayer
370
-1
48
1.0
60
0
100
AcDbText
1
245
10
1394205.8782528
20
359363.065517049
30
0.0
40
0.31111111111
41
1.0
50
0.0
51
0.0
7
Standard
11
1394205.8782528
21
359363.065517049
31
0.0
210
0.0
220
0.0
230
1.0
71
0
72
0
100
AcDbText
73
0
0
POINT
5
20D
330
1C
100
AcDbEntity
67
0
8
15 - историческая планировочная структура
62
256
6
ByLayer
370
-1
48
1.0
60
0
100
AcDbPoint
10
1394208.52090869
20
359361.00023589
30
0.0
39
0.0
210
0.0
220
0.0
230
1.0
50
360.0
0
TEXT
5
20E
330
1C
100
AcDbEntity
67
0
8
15 - историческая планировочная структура
62
7
6
ByLayer
370
-1
48
1.0
60
0
100
AcDbText
1
246
10
1394208.65003883
20
359361.274673561
30
0.0
40
0.31111111111
41
1.0
50
0.0
51
0.0
7
Standard
11
1394208.65003883
21
359361.274673561
31
0.0
210
0.0
220
0.0
230
1.0
71
0
72
0
100
AcDbText
73
0
0
POINT
5
20F
330
1C
100
AcDbEntity
67
0
8
15 - историческая планировочная структура
62
256
6
ByLayer
370
-1
48
1.0
60
0
100
AcDbPoint
10
1394211.46198322
20
359359.503573289
30
0.0
39
0.0
210
0.0
220
0.0
230
1.0
50
360.0
0
TEXT
5
210
330
1C
100
AcDbEntity
67
0
8
15 - историческая планировочная структура
62
7
6
ByLayer
370
-1
48
1.0
60
0
100
AcDbText
1
247
10
1394211.59111337
20
359359.778010969
30
0.0
40
0.31111111111
41
1.0
50
0.0
51
0.0
7
Standard
11
1394211.59111337
21
359359.778010969
31
0.0
210
0.0
220
0.0
230
1.0
71
0
72
0
100
AcDbText
73
0
0
POINT
5
211
330
1C
100
AcDbEntity
67
0
8
15 - историческая планировочная структура
62
256
6
ByLayer
370
-1
48
1.0
60
0
100
AcDbPoint
10
1394214.54123357
20
359358.31692431
30
0.0
39
0.0
210
0.0
220
0.0
230
1.0
50
360.0
0
TEXT
5
212
330
1C
100
AcDbEntity
67
0
8
15 - историческая планировочная структура
62
7
6
ByLayer
370
-1
48
1.0
60
0
100
AcDbText
1
248
10
1394214.67036372
20
359358.59136199
30
0.0
40
0.31111111111
41
1.0
50
0.0
51
0.0
7
Standard
11
1394214.67036372
21
359358.59136199
31
0.0
210
0.0
220
0.0
230
1.0
71
0
72
0
100
AcDbText
73
0
0
POINT
5
213
330
1C
100
AcDbEntity
67
0
8
15 - историческая планировочная структура
62
256
6
ByLayer
370
-1
48
1.0
60
0
100
AcDbPoint
10
1394217.72608533
20
359357.452842135
30
0.0
39
0.0
210
0.0
220
0.0
230
1.0
50
360.0
0
TEXT
5
214
330
1C
100
AcDbEntity
67
0
8
15 - историческая планировочная структура
62
7
6
ByLayer
370
-1
48
1.0
60
0
100
AcDbText
1
249
10
1394217.85521548
20
359357.727279824
30
0.0
40
0.31111111111
41
1.0
50
0.0
51
0.0
7
Standard
11
1394217.85521548
21
359357.727279824
31
0.0
210
0.0
220
0.0
230
1.0
71
0
72
0
100
AcDbText
73
0
0
POINT
5
215
330
1C
100
AcDbEntity
67
0
8
15 - историческая планировочная структура
62
256
6
ByLayer
370
-1
48
1.0
60
0
100
AcDbPoint
10
1394220.98284695
20
359356.920467634
30
0.0
39
0.0
210
0.0
220
0.0
230
1.0
50
360.0
0
TEXT
5
216
330
1C
100
AcDbEntity
67
0
8
15 - историческая планировочная структура
62
7
6
ByLayer
370
-1
48
1.0
60
0
100
AcDbText
1
250
10
1394221.11197711
20
359357.194905329
30
0.0
40
0.31111111111
41
1.0
50
0.0
51
0.0
7
Standard
11
1394221.11197711
21
359357.194905329
31
0.0
210
0.0
220
0.0
230
1.0
71
0
72
0
100
AcDbText
73
0
0
POINT
5
217
330
1C
100
AcDbEntity
67
0
8
15 - историческая планировочная структура
62
256
6
ByLayer
370
-1
48
1.0
60
0
100
AcDbPoint
10
1394224.2770662
20
359356.72543263
30
0.0
39
0.0
210
0.0
220
0.0
230
1.0
50
360.0
0
TEXT
5
218
330
1C
100
AcDbEntity
67
0
8
15 - историческая планировочная структура
62
7
6
ByLayer
370
-1
48
1.0
60
0
100
AcDbText
1
251
10
1394224.40619635
20
359356.99987033
30
0.0
40
0.31111111111
41
1.0
50
0.0
51
0.0
7
Standard
11
1394224.40619635
21
359356.99987033
31
0.0
210
0.0
220
0.0
230
1.0
71
0
72
0
100
AcDbText
73
0
0
POINT
5
219
330
1C
100
AcDbEntity
67
0
8
15 - историческая планировочная структура
62
256
6
ByLayer
370
-1
48
1.0
60
0
100
AcDbPoint
10
1394227.57389455
20
359356.869800349
30
0.0
39
0.0
210
0.0
220
0.0
230
1.0
50
360.0
0
TEXT
5
21A
330
1C
100
AcDbEntity
67
0
8
15 - историческая планировочная структура
62
7
6
ByLayer
370
-1
48
1.0
60
0
100
AcDbText
1
252
10
1394227.7030247
20
359357.144238056
30
0.0
40
0.31111111111
41
1.0
50
0.0
51
0.0
7
Standard
11
1394227.7030247
21
359357.144238056
31
0.0
210
0.0
220
0.0
230
1.0
71
0
72
0
100
AcDbText
73
0
0
POINT
5
21B
330
1C
100
AcDbEntity
67
0
8
15 - историческая планировочная структура
62
256
6
ByLayer
370
-1
48
1.0
60
0
100
AcDbPoint
10
1394230.83845592
20
359357.352043577
30
0.0
39
0.0
210
0.0
220
0.0
230
1.0
50
360.0
0
TEXT
5
21C
330
1C
100
AcDbEntity
67
0
8
15 - историческая планировочная структура
62
7
6
ByLayer
370
-1
48
1.0
60
0
100
AcDbText
1
253
10
1394230.96758607
20
359357.62648129
30
0.0
40
0.31111111111
41
1.0
50
0.0
51
0.0
7
Standard
11
1394230.96758607
21
359357.62648129
31
0.0
210
0.0
220
0.0
230
1.0
71
0
72
0
100
AcDbText
73
0
0
POINT
5
21D
330
1C
100
AcDbEntity
67
0
8
15 - историческая планировочная структура
62
256
6
ByLayer
370
-1
48
1.0
60
0
100
AcDbPoint
10
1394234.03621552
20
359358.167060823
30
0.0
39
0.0
210
0.0
220
0.0
230
1.0
50
360.0
0
TEXT
5
21E
330
1C
100
AcDbEntity
67
0
8
15 - историческая планировочная структура
62
7
6
ByLayer
370
-1
48
1.0
60
0
100
AcDbText
1
254
10
1394234.16534567
20
359358.441498543
30
0.0
40
0.31111111111
41
1.0
50
0.0
51
0.0
7
Standard
11
1394234.16534567
21
359358.441498543
31
0.0
210
0.0
220
0.0
230
1.0
71
0
72
0
100
AcDbText
73
0
0
POINT
5
21F
330
1C
100
AcDbEntity
67
0
8
15 - историческая планировочная структура
62
256
6
ByLayer
370
-1
48
1.0
60
0
100
AcDbPoint
10
1394284.85060185
20
359374.223200306
30
0.0
39
0.0
210
0.0
220
0.0
230
1.0
50
360.0
0
TEXT
5
220
330
1C
100
AcDbEntity
67
0
8
15 - историческая планировочная структура
62
7
6
ByLayer
370
-1
48
1.0
60
0
100
AcDbText
1
255
10
1394284.97973197
20
359374.497638114
30
0.0
40
0.31111111111
41
1.0
50
0.0
51
0.0
7
Standard
11
1394284.97973197
21
359374.497638114
31
0.0
210
0.0
220
0.0
230
1.0
71
0
72
0
100
AcDbText
73
0
0
POINT
5
221
330
1C
100
AcDbEntity
67
0
8
15 - историческая планировочная структура
62
256
6
ByLayer
370
-1
48
1.0
60
0
100
AcDbPoint
10
1394545.14160548
20
359312.584340943
30
0.0
39
0.0
210
0.0
220
0.0
230
1.0
50
360.0
0
TEXT
5
222
330
1C
100
AcDbEntity
67
0
8
15 - историческая планировочная структура
62
7
6
ByLayer
370
-1
48
1.0
60
0
100
AcDbText
1
256
10
1394545.2707357
20
359312.85877923
30
0.0
40
0.31111111111
41
1.0
50
0.0
51
0.0
7
Standard
11
1394545.2707357
21
359312.85877923
31
0.0
210
0.0
220
0.0
230
1.0
71
0
72
0
100
AcDbText
73
0
0
POINT
5
223
330
1C
100
AcDbEntity
67
0
8
15 - историческая планировочная структура
62
256
6
ByLayer
370
-1
48
1.0
60
0
100
AcDbPoint
10
1395892.48523101
20
360831.484241603
30
0.0
39
0.0
210
0.0
220
0.0
230
1.0
50
360.0
0
TEXT
5
224
330
1C
100
AcDbEntity
67
0
8
15 - историческая планировочная структура
62
7
6
ByLayer
370
-1
48
1.0
60
0
100
AcDbText
1
257
10
1395892.61435843
20
360831.758682311
30
0.0
40
0.31111111111
41
1.0
50
0.0
51
0.0
7
Standard
11
1395892.61435843
21
360831.758682311
31
0.0
210
0.0
220
0.0
230
1.0
71
0
72
0
100
AcDbText
73
0
0
POINT
5
225
330
1C
100
AcDbEntity
67
0
8
15 - историческая планировочная структура
62
256
6
ByLayer
370
-1
48
1.0
60
0
100
AcDbPoint
10
1395722.06978332
20
360734.742024124
30
0.0
39
0.0
210
0.0
220
0.0
230
1.0
50
360.0
0
TEXT
5
226
330
1C
100
AcDbEntity
67
0
8
15 - историческая планировочная структура
62
7
6
ByLayer
370
-1
48
1.0
60
0
100
AcDbText
1
258
10
1395722.19891092
20
360735.01646452
30
0.0
40
0.31111111111
41
1.0
50
0.0
51
0.0
7
Standard
11
1395722.19891092
21
360735.01646452
31
0.0
210
0.0
220
0.0
230
1.0
71
0
72
0
100
AcDbText
73
0
0
POINT
5
227
330
1C
100
AcDbEntity
67
0
8
15 - историческая планировочная структура
62
256
6
ByLayer
370
-1
48
1.0
60
0
100
AcDbPoint
10
1395562.25599872
20
360648.31930923
30
0.0
39
0.0
210
0.0
220
0.0
230
1.0
50
360.0
0
TEXT
5
228
330
1C
100
AcDbEntity
67
0
8
15 - историческая планировочная структура
62
7
6
ByLayer
370
-1
48
1.0
60
0
100
AcDbText
1
259
10
1395562.38512649
20
360648.593749342
30
0.0
40
0.31111111111
41
1.0
50
0.0
51
0.0
7
Standard
11
1395562.38512649
21
360648.593749342
31
0.0
210
0.0
220
0.0
230
1.0
71
0
72
0
100
AcDbText
73
0
0
POINT
5
229
330
1C
100
AcDbEntity
67
0
8
15 - историческая планировочная структура
62
256
6
ByLayer
370
-1
48
1.0
60
0
100
AcDbPoint
10
1395502.16735192
20
360625.670430158
30
0.0
39
0.0
210
0.0
220
0.0
230
1.0
50
360.0
0
TEXT
5
22A
330
1C
100
AcDbEntity
67
0
8
15 - историческая планировочная структура
62
7
6
ByLayer
370
-1
48
1.0
60
0
100
AcDbText
1
260
10
1395502.29647972
20
360625.944870156
30
0.0
40
0.31111111111
41
1.0
50
0.0
51
0.0
7
Standard
11
1395502.29647972
21
360625.944870156
31
0.0
210
0.0
220
0.0
230
1.0
71
0
72
0
100
AcDbText
73
0
0
POINT
5
22B
330
1C
100
AcDbEntity
67
0
8
15 - историческая планировочная структура
62
256
6
ByLayer
370
-1
48
1.0
60
0
100
AcDbPoint
10
1395462.79920845
20
360619.31585715
30
0.0
39
0.0
210
0.0
220
0.0
230
1.0
50
360.0
0
TEXT
5
22C
330
1C
100
AcDbEntity
67
0
8
15 - историческая планировочная структура
62
7
6
ByLayer
370
-1
48
1.0
60
0
100
AcDbText
1
261
10
1395462.92833627
20
360619.590297076
30
0.0
40
0.31111111111
41
1.0
50
0.0
51
0.0
7
Standard
11
1395462.92833627
21
360619.590297076
31
0.0
210
0.0
220
0.0
230
1.0
71
0
72
0
100
AcDbText
73
0
0
POINT
5
22D
330
1C
100
AcDbEntity
67
0
8
15 - историческая планировочная структура
62
256
6
ByLayer
370
-1
48
1.0
60
0
100
AcDbPoint
10
1395440.79637757
20
360619.323713796
30
0.0
39
0.0
210
0.0
220
0.0
230
1.0
50
360.0
0
TEXT
5
22E
330
1C
100
AcDbEntity
67
0
8
15 - историческая планировочная структура
62
7
6
ByLayer
370
-1
48
1.0
60
0
100
AcDbText
1
262
10
1395440.9255054
20
360619.598153682
30
0.0
40
0.31111111111
41
1.0
50
0.0
51
0.0
7
Standard
11
1395440.9255054
21
360619.598153682
31
0.0
210
0.0
220
0.0
230
1.0
71
0
72
0
100
AcDbText
73
0
0
POINT
5
22F
330
1C
100
AcDbEntity
67
0
8
15 - историческая планировочная структура
62
256
6
ByLayer
370
-1
48
1.0
60
0
100
AcDbPoint
10
1395249.73083156
20
360659.768561983
30
0.0
39
0.0
210
0.0
220
0.0
230
1.0
50
360.0
0
TEXT
5
230
330
1C
100
AcDbEntity
67
0
8
15 - историческая планировочная структура
62
7
6
ByLayer
370
-1
48
1.0
60
0
100
AcDbText
1
263
10
1395249.85995931
20
360660.043001524
30
0.0
40
0.31111111111
41
1.0
50
0.0
51
0.0
7
Standard
11
1395249.85995931
21
360660.043001524
31
0.0
210
0.0
220
0.0
230
1.0
71
0
72
0
100
AcDbText
73
0
0
POINT
5
231
330
1C
100
AcDbEntity
67
0
8
15 - историческая планировочная структура
62
256
6
ByLayer
370
-1
48
1.0
60
0
100
AcDbPoint
10
1395186.59769347
20
360664.724845226
30
0.0
39
0.0
210
0.0
220
0.0
230
1.0
50
360.0
0
TEXT
5
232
330
1C
100
AcDbEntity
67
0
8
15 - историческая планировочная структура
62
7
6
ByLayer
370
-1
48
1.0
60
0
100
AcDbText
1
264
10
1395186.72682121
20
360664.999284651
30
0.0
40
0.31111111111
41
1.0
50
0.0
51
0.0
7
Standard
11
1395186.72682121
21
360664.999284651
31
0.0
210
0.0
220
0.0
230
1.0
71
0
72
0
100
AcDbText
73
0
0
POINT
5
233
330
1C
100
AcDbEntity
67
0
8
15 - историческая планировочная структура
62
256
6
ByLayer
370
-1
48
1.0
60
0
100
AcDbPoint
10
1395040.69032228
20
360629.470130934
30
0.0
39
0.0
210
0.0
220
0.0
230
1.0
50
360.0
0
TEXT
5
234
330
1C
100
AcDbEntity
67
0
8
15 - историческая планировочная структура
62
7
6
ByLayer
370
-1
48
1.0
60
0
100
AcDbText
1
265
10
1395040.81945009
20
360629.744570095
30
0.0
40
0.31111111111
41
1.0
50
0.0
51
0.0
7
Standard
11
1395040.81945009
21
360629.744570095
31
0.0
210
0.0
220
0.0
230
1.0
71
0
72
0
100
AcDbText
73
0
0
POINT
5
235
330
1C
100
AcDbEntity
67
0
8
15 - историческая планировочная структура
62
256
6
ByLayer
370
-1
48
1.0
60
0
100
AcDbPoint
10
1395005.88191216
20
360606.723141533
30
0.0
39
0.0
210
0.0
220
0.0
230
1.0
50
360.0
0
TEXT
5
236
330
1C
100
AcDbEntity
67
0
8
15 - историческая планировочная структура
62
7
6
ByLayer
370
-1
48
1.0
60
0
100
AcDbText
1
266
10
1395006.01104001
20
360606.997580628
30
0.0
40
0.31111111111
41
1.0
50
0.0
51
0.0
7
Standard
11
1395006.01104001
21
360606.997580628
31
0.0
210
0.0
220
0.0
230
1.0
71
0
72
0
100
AcDbText
73
0
0
POINT
5
237
330
1C
100
AcDbEntity
67
0
8
15 - историческая планировочная структура
62
256
6
ByLayer
370
-1
48
1.0
60
0
100
AcDbPoint
10
1394993.30211025
20
360588.709753052
30
0.0
39
0.0
210
0.0
220
0.0
230
1.0
50
360.0
0
TEXT
5
238
330
1C
100
AcDbEntity
67
0
8
15 - историческая планировочная структура
62
7
6
ByLayer
370
-1
48
1.0
60
0
100
AcDbText
1
267
10
1394993.43123814
20
360588.984192121
30
0.0
40
0.31111111111
41
1.0
50
0.0
51
0.0
7
Standard
11
1394993.43123814
21
360588.984192121
31
0.0
210
0.0
220
0.0
230
1.0
71
0
72
0
100
AcDbText
73
0
0
POINT
5
239
330
1C
100
AcDbEntity
67
0
8
15 - историческая планировочная структура
62
256
6
ByLayer
370
-1
48
1.0
60
0
100
AcDbPoint
10
1394935.84189631
20
360345.52540843
30
0.0
39
0.0
210
0.0
220
0.0
230
1.0
50
360.0
0
TEXT
5
23A
330
1C
100
AcDbEntity
67
0
8
15 - историческая планировочная структура
62
7
6
ByLayer
370
-1
48
1.0
60
0
100
AcDbText
1
268
10
1394935.97102465
20
360345.799847402
30
0.0
40
0.31111111111
41
1.0
50
0.0
51
0.0
7
Standard
11
1394935.97102465
21
360345.799847402
31
0.0
210
0.0
220
0.0
230
1.0
71
0
72
0
100
AcDbText
73
0
0
POINT
5
23B
330
1C
100
AcDbEntity
67
0
8
15 - историческая планировочная структура
62
256
6
ByLayer
370
-1
48
1.0
60
0
100
AcDbPoint
10
1394861.81391658
20
360046.691497658
30
0.0
39
0.0
210
0.0
220
0.0
230
1.0
50
360.0
0
TEXT
5
23C
330
1C
100
AcDbEntity
67
0
8
15 - историческая планировочная структура
62
7
6
ByLayer
370
-1
48
1.0
60
0
100
AcDbText
1
269
10
1394861.94304546
20
360046.965936504
30
0.0
40
0.31111111111
41
1.0
50
0.0
51
0.0
7
Standard
11
1394861.94304546
21
360046.965936504
31
0.0
210
0.0
220
0.0
230
1.0
71
0
72
0
100
AcDbText
73
0
0
POINT
5
23D
330
1C
100
AcDbEntity
67
0
8
15 - историческая планировочная структура
62
256
6
ByLayer
370
-1
48
1.0
60
0
100
AcDbPoint
10
1394819.03980341
20
359874.193097381
30
0.0
39
0.0
210
0.0
220
0.0
230
1.0
50
360.0
0
TEXT
5
23E
330
1C
100
AcDbEntity
67
0
8
15 - историческая планировочная структура
62
7
6
ByLayer
370
-1
48
1.0
60
0
100
AcDbText
1
270
10
1394819.1689326
20
359874.467536152
30
0.0
40
0.31111111111
41
1.0
50
0.0
51
0.0
7
Standard
11
1394819.1689326
21
359874.467536152
31
0.0
210
0.0
220
0.0
230
1.0
71
0
72
0
100
AcDbText
73
0
0
POINT
5
23F
330
1C
100
AcDbEntity
67
0
8
15 - историческая планировочная структура
62
256
6
ByLayer
370
-1
48
1.0
60
0
100
AcDbPoint
10
1394763.08066533
20
359646.902694226
30
0.0
39
0.0
210
0.0
220
0.0
230
1.0
50
360.0
0
TEXT
5
240
330
1C
100
AcDbEntity
67
0
8
15 - историческая планировочная структура
62
7
6
ByLayer
370
-1
48
1.0
60
0
100
AcDbText
1
271
10
1394763.20979495
20
359647.177132902
30
0.0
40
0.31111111111
41
1.0
50
0.0
51
0.0
7
Standard
11
1394763.20979495
21
359647.177132902
31
0.0
210
0.0
220
0.0
230
1.0
71
0
72
0
100
AcDbText
73
0
0
POINT
5
241
330
1C
100
AcDbEntity
67
0
8
15 - историческая планировочная структура
62
256
6
ByLayer
370
-1
48
1.0
60
0
100
AcDbPoint
10
1394702.62020297
20
359385.630700877
30
0.0
39
0.0
210
0.0
220
0.0
230
1.0
50
360.0
0
TEXT
5
242
330
1C
100
AcDbEntity
67
0
8
15 - историческая планировочная структура
62
7
6
ByLayer
370
-1
48
1.0
60
0
100
AcDbText
1
272
10
1394702.74933306
20
359385.905139446
30
0.0
40
0.31111111111
41
1.0
50
0.0
51
0.0
7
Standard
11
1394702.74933306
21
359385.905139446
31
0.0
210
0.0
220
0.0
230
1.0
71
0
72
0
100
AcDbText
73
0
0
POINT
5
243
330
1C
100
AcDbEntity
67
0
8
15 - историческая планировочная структура
62
256
6
ByLayer
370
-1
48
1.0
60
0
100
AcDbPoint
10
1394679.02675004
20
359283.175982384
30
0.0
39
0.0
210
0.0
220
0.0
230
1.0
50
360.0
0
TEXT
5
244
330
1C
100
AcDbEntity
67
0
8
15 - историческая планировочная структура
62
7
6
ByLayer
370
-1
48
1.0
60
0
100
AcDbText
1
273
10
1394679.15588032
20
359283.450420916
30
0.0
40
0.31111111111
41
1.0
50
0.0
51
0.0
7
Standard
11
1394679.15588032
21
359283.450420916
31
0.0
210
0.0
220
0.0
230
1.0
71
0
72
0
100
AcDbText
73
0
0
POINT
5
245
330
1C
100
AcDbEntity
67
0
8
15 - историческая планировочная структура
62
256
6
ByLayer
370
-1
48
1.0
60
0
100
AcDbPoint
10
1392325.68471012
20
355905.233540931
30
0.0
39
0.0
210
0.0
220
0.0
230
1.0
50
360.0
0
TEXT
5
246
330
1C
100
AcDbEntity
67
0
8
15 - историческая планировочная структура
62
7
6
ByLayer
370
-1
48
1.0
60
0
100
AcDbText
1
274
10
1392325.81384662
20
355905.507975258
30
0.0
40
0.31111111111
41
1.0
50
0.0
51
0.0
7
Standard
11
1392325.81384662
21
355905.507975258
31
0.0
210
0.0
220
0.0
230
1.0
71
0
72
0
100
AcDbText
73
0
0
POINT
5
247
330
1C
100
AcDbEntity
67
0
8
15 - историческая планировочная структура
62
256
6
ByLayer
370
-1
48
1.0
60
0
100
AcDbPoint
10
1392217.94670773
20
355851.616905553
30
0.0
39
0.0
210
0.0
220
0.0
230
1.0
50
360.0
0
TEXT
5
248
330
1C
100
AcDbEntity
67
0
8
15 - историческая планировочная структура
62
7
6
ByLayer
370
-1
48
1.0
60
0
100
AcDbText
1
275
10
1392218.07584433
20
355851.891339679
30
0.0
40
0.31111111111
41
1.0
50
0.0
51
0.0
7
Standard
11
1392218.07584433
21
355851.891339679
31
0.0
210
0.0
220
0.0
230
1.0
71
0
72
0
100
AcDbText
73
0
0
POINT
5
249
330
1C
100
AcDbEntity
67
0
8
15 - историческая планировочная структура
62
256
6
ByLayer
370
-1
48
1.0
60
0
100
AcDbPoint
10
1392200.16903375
20
355837.988657215
30
0.0
39
0.0
210
0.0
220
0.0
230
1.0
50
360.0
0
TEXT
5
24A
330
1C
100
AcDbEntity
67
0
8
15 - историческая планировочная структура
62
7
6
ByLayer
370
-1
48
1.0
60
0
100
AcDbText
1
276
10
1392200.29817037
20
355838.263091309
30
0.0
40
0.31111111111
41
1.0
50
0.0
51
0.0
7
Standard
11
1392200.29817037
21
355838.263091309
31
0.0
210
0.0
220
0.0
230
1.0
71
0
72
0
100
AcDbText
73
0
0
POINT
5
24B
330
1C
100
AcDbEntity
67
0
8
15 - историческая планировочная структура
62
256
6
ByLayer
370
-1
48
1.0
60
0
100
AcDbPoint
10
1394271.78394922
20
359129.213506643
30
0.0
39
0.0
210
0.0
220
0.0
230
1.0
50
360.0
0
TEXT
5
24C
330
1C
100
AcDbEntity
67
0
8
15 - историческая планировочная структура
62
7
6
ByLayer
370
-1
48
1.0
60
0
100
AcDbText
1
277
10
1394271.91307979
20
359129.487944435
30
0.0
40
0.31111111111
41
1.0
50
0.0
51
0.0
7
Standard
11
1394271.91307979
21
359129.487944435
31
0.0
210
0.0
220
0.0
230
1.0
71
0
72
0
100
AcDbText
73
0
0
POINT
5
24D
330
1C
100
AcDbEntity
67
0
8
15 - историческая планировочная структура
62
256
6
ByLayer
370
-1
48
1.0
60
0
100
AcDbPoint
10
1394324.73224799
20
359118.111469317
30
0.0
39
0.0
210
0.0
220
0.0
230
1.0
50
360.0
0
TEXT
5
24E
330
1C
100
AcDbEntity
67
0
8
15 - историческая планировочная структура
62
7
6
ByLayer
370
-1
48
1.0
60
0
100
AcDbText
1
278
10
1394324.86137857
20
359118.385907207
30
0.0
40
0.31111111111
41
1.0
50
0.0
51
0.0
7
Standard
11
1394324.86137857
21
359118.385907207
31
0.0
210
0.0
220
0.0
230
1.0
71
0
72
0
100
AcDbText
73
0
0
POINT
5
24F
330
1C
100
AcDbEntity
67
0
8
15 - историческая планировочная структура
62
256
6
ByLayer
370
-1
48
1.0
60
0
100
AcDbPoint
10
1394366.61334105
20
359107.940227942
30
0.0
39
0.0
210
0.0
220
0.0
230
1.0
50
360.0
0
TEXT
5
250
330
1C
100
AcDbEntity
67
0
8
15 - историческая планировочная структура
62
7
6
ByLayer
370
-1
48
1.0
60
0
100
AcDbText
1
279
10
1394366.74247166
20
359108.214665911
30
0.0
40
0.31111111111
41
1.0
50
0.0
51
0.0
7
Standard
11
1394366.74247166
21
359108.214665911
31
0.0
210
0.0
220
0.0
230
1.0
71
0
72
0
100
AcDbText
73
0
0
POINT
5
251
330
1C
100
AcDbEntity
67
0
8
15 - историческая планировочная структура
62
256
6
ByLayer
370
-1
48
1.0
60
0
100
AcDbPoint
10
1394951.81332477
20
359604.570757975
30
0.0
39
0.0
210
0.0
220
0.0
230
1.0
50
360.0
0
TEXT
5
252
330
1C
100
AcDbEntity
67
0
8
15 - историческая планировочная структура
62
7
6
ByLayer
370
-1
48
1.0
60
0
100
AcDbText
1
280
10
1394951.94245445
20
359604.845196996
30
0.0
40
0.31111111111
41
1.0
50
0.0
51
0.0
7
Standard
11
1394951.94245445
21
359604.845196996
31
0.0
210
0.0
220
0.0
230
1.0
71
0
72
0
100
AcDbText
73
0
0
POINT
5
253
330
1C
100
AcDbEntity
67
0
8
15 - историческая планировочная структура
62
256
6
ByLayer
370
-1
48
1.0
60
0
100
AcDbPoint
10
1394994.63192604
20
359569.378238069
30
0.0
39
0.0
210
0.0
220
0.0
230
1.0
50
360.0
0
TEXT
5
254
330
1C
100
AcDbEntity
67
0
8
15 - историческая планировочная структура
62
7
6
ByLayer
370
-1
48
1.0
60
0
100
AcDbText
1
281
10
1394994.76105578
20
359569.652677172
30
0.0
40
0.31111111111
41
1.0
50
0.0
51
0.0
7
Standard
11
1394994.76105578
21
359569.652677172
31
0.0
210
0.0
220
0.0
230
1.0
71
0
72
0
100
AcDbText
73
0
0
POINT
5
255
330
1C
100
AcDbEntity
67
0
8
15 - историческая планировочная структура
62
256
6
ByLayer
370
-1
48
1.0
60
0
100
AcDbPoint
10
1395023.04315524
20
359558.903566268
30
0.0
39
0.0
210
0.0
220
0.0
230
1.0
50
360.0
0
TEXT
5
256
330
1C
100
AcDbEntity
67
0
8
15 - историческая планировочная структура
62
7
6
ByLayer
370
-1
48
1.0
60
0
100
AcDbText
1
282
10
1395023.17228501
20
359559.178005419
30
0.0
40
0.31111111111
41
1.0
50
0.0
51
0.0
7
Standard
11
1395023.17228501
21
359559.178005419
31
0.0
210
0.0
220
0.0
230
1.0
71
0
72
0
100
AcDbText
73
0
0
POINT
5
257
330
1C
100
AcDbEntity
67
0
8
15 - историческая планировочная структура
62
256
6
ByLayer
370
-1
48
1.0
60
0
100
AcDbPoint
10
1395043.24882515
20
359554.411103205
30
0.0
39
0.0
210
0.0
220
0.0
230
1.0
50
360.0
0
TEXT
5
258
330
1C
100
AcDbEntity
67
0
8
15 - историческая планировочная структура
62
7
6
ByLayer
370
-1
48
1.0
60
0
100
AcDbText
1
283
10
1395043.37795492
20
359554.685542395
30
0.0
40
0.31111111111
41
1.0
50
0.0
51
0.0
7
Standard
11
1395043.37795492
21
359554.685542395
31
0.0
210
0.0
220
0.0
230
1.0
71
0
72
0
100
AcDbText
73
0
0
POINT
5
259
330
1C
100
AcDbEntity
67
0
8
15 - историческая планировочная структура
62
256
6
ByLayer
370
-1
48
1.0
60
0
100
AcDbPoint
10
1395153.23617181
20
359532.279068289
30
0.0
39
0.0
210
0.0
220
0.0
230
1.0
50
360.0
0
TEXT
5
25A
330
1C
100
AcDbEntity
67
0
8
15 - историческая планировочная структура
62
7
6
ByLayer
370
-1
48
1.0
60
0
100
AcDbText
1
284
10
1395153.36530162
20
359532.553507681
30
0.0
40
0.31111111111
41
1.0
50
0.0
51
0.0
7
Standard
11
1395153.36530162
21
359532.553507681
31
0.0
210
0.0
220
0.0
230
1.0
71
0
72
0
100
AcDbText
73
0
0
POINT
5
25B
330
1C
100
AcDbEntity
67
0
8
15 - историческая планировочная структура
62
256
6
ByLayer
370
-1
48
1.0
60
0
100
AcDbPoint
10
1395212.21982997
20
359517.491639755
30
0.0
39
0.0
210
0.0
220
0.0
230
1.0
50
360.0
0
TEXT
5
25C
330
1C
100
AcDbEntity
67
0
8
15 - историческая планировочная структура
62
7
6
ByLayer
370
-1
48
1.0
60
0
100
AcDbText
1
285
10
1395212.3489598
20
359517.766079254
30
0.0
40
0.31111111111
41
1.0
50
0.0
51
0.0
7
Standard
11
1395212.3489598
21
359517.766079254
31
0.0
210
0.0
220
0.0
230
1.0
71
0
72
0
100
AcDbText
73
0
0
POINT
5
25D
330
1C
100
AcDbEntity
67
0
8
15 - историческая планировочная структура
62
256
6
ByLayer
370
-1
48
1.0
60
0
100
AcDbPoint
10
1395268.15979926
20
359499.613555218
30
0.0
39
0.0
210
0.0
220
0.0
230
1.0
50
360.0
0
TEXT
5
25E
330
1C
100
AcDbEntity
67
0
8
15 - историческая планировочная структура
62
7
6
ByLayer
370
-1
48
1.0
60
0
100
AcDbText
1
286
10
1395268.28892912
20
359499.88799482
30
0.0
40
0.31111111111
41
1.0
50
0.0
51
0.0
7
Standard
11
1395268.28892912
21
359499.88799482
31
0.0
210
0.0
220
0.0
230
1.0
71
0
72
0
100
AcDbText
73
0
0
POINT
5
25F
330
1C
100
AcDbEntity
67
0
8
15 - историческая планировочная структура
62
256
6
ByLayer
370
-1
48
1.0
60
0
100
AcDbPoint
10
1395473.9312289
20
359431.157603987
30
0.0
39
0.0
210
0.0
220
0.0
230
1.0
50
360.0
0
TEXT
5
260
330
1C
100
AcDbEntity
67
0
8
15 - историческая планировочная структура
62
7
6
ByLayer
370
-1
48
1.0
60
0
100
AcDbText
1
287
10
1395474.06035888
20
359431.432043966
30
0.0
40
0.31111111111
41
1.0
50
0.0
51
0.0
7
Standard
11
1395474.06035888
21
359431.432043966
31
0.0
210
0.0
220
0.0
230
1.0
71
0
72
0
100
AcDbText
73
0
0
POINT
5
261
330
1C
100
AcDbEntity
67
0
8
15 - историческая планировочная структура
62
256
6
ByLayer
370
-1
48
1.0
60
0
100
AcDbPoint
10
1395585.89051384
20
359392.550961021
30
0.0
39
0.0
210
0.0
220
0.0
230
1.0
50
360.0
0
TEXT
5
262
330
1C
100
AcDbEntity
67
0
8
15 - историческая планировочная структура
62
7
6
ByLayer
370
-1
48
1.0
60
0
100
AcDbText
1
288
10
1395586.01964389
20
359392.825401203
30
0.0
40
0.31111111111
41
1.0
50
0.0
51
0.0
7
Standard
11
1395586.01964389
21
359392.825401203
31
0.0
210
0.0
220
0.0
230
1.0
71
0
72
0
100
AcDbText
73
0
0
POINT
5
263
330
1C
100
AcDbEntity
67
0
8
15 - историческая планировочная структура
62
256
6
ByLayer
370
-1
48
1.0
60
0
100
AcDbPoint
10
1395650.37920587
20
359374.449542967
30
0.0
39
0.0
210
0.0
220
0.0
230
1.0
50
360.0
0
TEXT
5
264
330
1C
100
AcDbEntity
67
0
8
15 - историческая планировочная структура
62
7
6
ByLayer
370
-1
48
1.0
60
0
100
AcDbText
1
289
10
1395650.50833596
20
359374.723983272
30
0.0
40
0.31111111111
41
1.0
50
0.0
51
0.0
7
Standard
11
1395650.50833596
21
359374.723983272
31
0.0
210
0.0
220
0.0
230
1.0
71
0
72
0
100
AcDbText
73
0
0
POINT
5
265
330
1C
100
AcDbEntity
67
0
8
15 - историческая планировочная структура
62
256
6
ByLayer
370
-1
48
1.0
60
0
100
AcDbPoint
10
1395680.94551748
20
359368.825363926
30
0.0
39
0.0
210
0.0
220
0.0
230
1.0
50
360.0
0
TEXT
5
266
330
1C
100
AcDbEntity
67
0
8
15 - историческая планировочная структура
62
7
6
ByLayer
370
-1
48
1.0
60
0
100
AcDbText
1
290
10
1395681.07464758
20
359369.099804285
30
0.0
40
0.31111111111
41
1.0
50
0.0
51
0.0
7
Standard
11
1395681.07464758
21
359369.099804285
31
0.0
210
0.0
220
0.0
230
1.0
71
0
72
0
100
AcDbText
73
0
0
POINT
5
267
330
1C
100
AcDbEntity
67
0
8
15 - историческая планировочная структура
62
256
6
ByLayer
370
-1
48
1.0
60
0
100
AcDbPoint
10
1395714.39649288
20
359366.688941362
30
0.0
39
0.0
210
0.0
220
0.0
230
1.0
50
360.0
0
TEXT
5
268
330
1C
100
AcDbEntity
67
0
8
15 - историческая планировочная структура
62
7
6
ByLayer
370
-1
48
1.0
60
0
100
AcDbText
1
291
10
1395714.52562298
20
359366.963381782
30
0.0
40
0.31111111111
41
1.0
50
0.0
51
0.0
7
Standard
11
1395714.52562298
21
359366.963381782
31
0.0
210
0.0
220
0.0
230
1.0
71
0
72
0
100
AcDbText
73
0
0
POINT
5
269
330
1C
100
AcDbEntity
67
0
8
15 - историческая планировочная структура
62
256
6
ByLayer
370
-1
48
1.0
60
0
100
AcDbPoint
10
1395724.31266462
20
359367.604127765
30
0.0
39
0.0
210
0.0
220
0.0
230
1.0
50
360.0
0
TEXT
5
26A
330
1C
100
AcDbEntity
67
0
8
15 - историческая планировочная структура
62
7
6
ByLayer
370
-1
48
1.0
60
0
100
AcDbText
1
292
10
1395724.44179472
20
359367.878568202
30
0.0
40
0.31111111111
41
1.0
50
0.0
51
0.0
7
Standard
11
1395724.44179472
21
359367.878568202
31
0.0
210
0.0
220
0.0
230
1.0
71
0
72
0
100
AcDbText
73
0
0
POINT
5
26B
330
1C
100
AcDbEntity
67
0
8
15 - историческая планировочная структура
62
256
6
ByLayer
370
-1
48
1.0
60
0
100
AcDbPoint
10
1394929.52216167
20
359728.790079761
30
0.0
39
0.0
210
0.0
220
0.0
230
1.0
50
360.0
0
TEXT
5
26C
330
1C
100
AcDbEntity
67
0
8
15 - историческая планировочная структура
62
7
6
ByLayer
370
-1
48
1.0
60
0
100
AcDbText
1
293
10
1394929.65129113
20
359729.064518738
30
0.0
40
0.31111111111
41
1.0
50
0.0
51
0.0
7
Standard
11
1394929.65129113
21
359729.064518738
31
0.0
210
0.0
220
0.0
230
1.0
71
0
72
0
100
AcDbText
73
0
0
POINT
5
26D
330
1C
100
AcDbEntity
67
0
8
15 - историческая планировочная структура
62
256
6
ByLayer
370
-1
48
1.0
60
0
100
AcDbPoint
10
1394925.53677988
20
359711.259017405
30
0.0
39
0.0
210
0.0
220
0.0
230
1.0
50
360.0
0
TEXT
5
26E
330
1C
100
AcDbEntity
67
0
8
15 - историческая планировочная структура
62
7
6
ByLayer
370
-1
48
1.0
60
0
100
AcDbText
1
294
10
1394925.66590937
20
359711.533456379
30
0.0
40
0.31111111111
41
1.0
50
0.0
51
0.0
7
Standard
11
1394925.66590937
21
359711.533456379
31
0.0
210
0.0
220
0.0
230
1.0
71
0
72
0
100
AcDbText
73
0
0
POINT
5
26F
330
1C
100
AcDbEntity
67
0
8
15 - историческая планировочная структура
62
256
6
ByLayer
370
-1
48
1.0
60
0
100
AcDbPoint
10
1394924.5631602
20
359702.370439555
30
0.0
39
0.0
210
0.0
220
0.0
230
1.0
50
360.0
0
TEXT
5
270
330
1C
100
AcDbEntity
67
0
8
15 - историческая планировочная структура
62
7
6
ByLayer
370
-1
48
1.0
60
0
100
AcDbText
1
295
10
1394924.69228971
20
359702.644878525
30
0.0
40
0.31111111111
41
1.0
50
0.0
51
0.0
7
Standard
11
1394924.69228971
21
359702.644878525
31
0.0
210
0.0
220
0.0
230
1.0
71
0
72
0
100
AcDbText
73
0
0
POINT
5
271
330
1C
100
AcDbEntity
67
0
8
15 - историческая планировочная структура
62
256
6
ByLayer
370
-1
48
1.0
60
0
100
AcDbPoint
10
1394924.26878816
20
359685.358049354
30
0.0
39
0.0
210
0.0
220
0.0
230
1.0
50
360.0
0
TEXT
5
272
330
1C
100
AcDbEntity
67
0
8
15 - историческая планировочная структура
62
7
6
ByLayer
370
-1
48
1.0
60
0
100
AcDbText
1
296
10
1394924.39791769
20
359685.632488327
30
0.0
40
0.31111111111
41
1.0
50
0.0
51
0.0
7
Standard
11
1394924.39791769
21
359685.632488327
31
0.0
210
0.0
220
0.0
230
1.0
71
0
72
0
100
AcDbText
73
0
0
POINT
5
273
330
1C
100
AcDbEntity
67
0
8
15 - историческая планировочная структура
62
256
6
ByLayer
370
-1
48
1.0
60
0
100
AcDbPoint
10
1394925.1112201
20
359672.615046305
30
0.0
39
0.0
210
0.0
220
0.0
230
1.0
50
360.0
0
TEXT
5
274
330
1C
100
AcDbEntity
67
0
8
15 - историческая планировочная структура
62
7
6
ByLayer
370
-1
48
1.0
60
0
100
AcDbText
1
297
10
1394925.24034966
20
359672.889485276
30
0.0
40
0.31111111111
41
1.0
50
0.0
51
0.0
7
Standard
11
1394925.24034966
21
359672.889485276
31
0.0
210
0.0
220
0.0
230
1.0
71
0
72
0
100
AcDbText
73
0
0
POINT
5
275
330
1C
100
AcDbEntity
67
0
8
15 - историческая планировочная структура
62
256
6
ByLayer
370
-1
48
1.0
60
0
100
AcDbPoint
10
1394926.73159564
20
359663.427061138
30
0.0
39
0.0
210
0.0
220
0.0
230
1.0
50
360.0
0
TEXT
5
276
330
1C
100
AcDbEntity
67
0
8
15 - историческая планировочная структура
62
7
6
ByLayer
370
-1
48
1.0
60
0
100
AcDbText
1
298
10
1394926.86072522
20
359663.701500113
30
0.0
40
0.31111111111
41
1.0
50
0.0
51
0.0
7
Standard
11
1394926.86072522
21
359663.701500113
31
0.0
210
0.0
220
0.0
230
1.0
71
0
72
0
100
AcDbText
73
0
0
POINT
5
277
330
1C
100
AcDbEntity
67
0
8
15 - историческая планировочная структура
62
256
6
ByLayer
370
-1
48
1.0
60
0
100
AcDbPoint
10
1394930.76692053
20
359647.497733657
30
0.0
39
0.0
210
0.0
220
0.0
230
1.0
50
360.0
0
TEXT
5
278
330
1C
100
AcDbEntity
67
0
8
15 - историческая планировочная структура
62
7
6
ByLayer
370
-1
48
1.0
60
0
100
AcDbText
1
299
10
1394930.89605013
20
359647.772172639
30
0.0
40
0.31111111111
41
1.0
50
0.0
51
0.0
7
Standard
11
1394930.89605013
21
359647.772172639
31
0.0
210
0.0
220
0.0
230
1.0
71
0
72
0
100
AcDbText
73
0
0
POINT
5
279
330
1C
100
AcDbEntity
67
0
8
15 - историческая планировочная структура
62
256
6
ByLayer
370
-1
48
1.0
60
0
100
AcDbPoint
10
1394936.51781581
20
359634.275268514
30
0.0
39
0.0
210
0.0
220
0.0
230
1.0
50
360.0
0
TEXT
5
27A
330
1C
100
AcDbEntity
67
0
8
15 - историческая планировочная структура
62
7
6
ByLayer
370
-1
48
1.0
60
0
100
AcDbText
1
300
10
1394936.64694544
20
359634.549707511
30
0.0
40
0.31111111111
41
1.0
50
0.0
51
0.0
7
Standard
11
1394936.64694544
21
359634.549707511
31
0.0
210
0.0
220
0.0
230
1.0
71
0
72
0
100
AcDbText
73
0
0
POINT
5
27B
330
1C
100
AcDbEntity
67
0
8
15 - историческая планировочная структура
62
256
6
ByLayer
370
-1
48
1.0
60
0
100
AcDbPoint
10
1394942.07189348
20
359621.934210137
30
0.0
39
0.0
210
0.0
220
0.0
230
1.0
50
360.0
0
TEXT
5
27C
330
1C
100
AcDbEntity
67
0
8
15 - историческая планировочная структура
62
7
6
ByLayer
370
-1
48
1.0
60
0
100
AcDbText
1
301
10
1394942.20102313
20
359622.208649139
30
0.0
40
0.31111111111
41
1.0
50
0.0
51
0.0
7
Standard
11
1394942.20102313
21
359622.208649139
31
0.0
210
0.0
220
0.0
230
1.0
71
0
72
0
100
AcDbText
73
0
0
POINT
5
27D
330
1C
100
AcDbEntity
67
0
8
15 - историческая планировочная структура
62
256
6
ByLayer
370
-1
48
1.0
60
0
100
AcDbPoint
10
1394947.47527558
20
359611.64767078
30
0.0
39
0.0
210
0.0
220
0.0
230
1.0
50
360.0
0
TEXT
5
27E
330
1C
100
AcDbEntity
67
0
8
15 - историческая планировочная структура
62
7
6
ByLayer
370
-1
48
1.0
60
0
100
AcDbText
1
302
10
1394947.60440525
20
359611.922109795
30
0.0
40
0.31111111111
41
1.0
50
0.0
51
0.0
7
Standard
11
1394947.60440525
21
359611.922109795
31
0.0
210
0.0
220
0.0
230
1.0
71
0
72
0
100
AcDbText
73
0
0
POINT
5
27F
330
1C
100
AcDbEntity
67
0
8
15 - историческая планировочная структура
62
256
6
ByLayer
370
-1
48
1.0
60
0
100
AcDbPoint
10
1394951.93114376
20
359604.829025516
30
0.0
39
0.0
210
0.0
220
0.0
230
1.0
50
360.0
0
TEXT
5
280
330
1C
100
AcDbEntity
67
0
8
15 - историческая планировочная структура
62
7
6
ByLayer
370
-1
48
1.0
60
0
100
AcDbText
1
303
10
1394952.06027344
20
359605.103464537
30
0.0
40
0.31111111111
41
1.0
50
0.0
51
0.0
7
Standard
11
1394952.06027344
21
359605.103464537
31
0.0
210
0.0
220
0.0
230
1.0
71
0
72
0
100
AcDbText
73
0
0
POINT
5
281
330
1C
100
AcDbEntity
67
0
8
15 - историческая планировочная структура
62
256
6
ByLayer
370
-1
48
1.0
60
0
100
AcDbPoint
10
1395557.43589365
20
360325.184573566
30
0.0
39
0.0
210
0.0
220
0.0
230
1.0
50
360.0
0
TEXT
5
282
330
1C
100
AcDbEntity
67
0
8
15 - историческая планировочная структура
62
7
6
ByLayer
370
-1
48
1.0
60
0
100
AcDbText
1
304
10
1395557.56502201
20
360325.459013677
30
0.0
40
0.31111111111
41
1.0
50
0.0
51
0.0
7
Standard
11
1395557.56502201
21
360325.459013677
31
0.0
210
0.0
220
0.0
230
1.0
71
0
72
0
100
AcDbText
73
0
0
POINT
5
283
330
1C
100
AcDbEntity
67
0
8
15 - историческая планировочная структура
62
256
6
ByLayer
370
-1
48
1.0
60
0
100
AcDbPoint
10
1395563.81796785
20
360323.21387017
30
0.0
39
0.0
210
0.0
220
0.0
230
1.0
50
360.0
0
TEXT
5
284
330
1C
100
AcDbEntity
67
0
8
15 - историческая планировочная структура
62
7
6
ByLayer
370
-1
48
1.0
60
0
100
AcDbText
1
305
10
1395563.9470962
20
360323.488310293
30
0.0
40
0.31111111111
41
1.0
50
0.0
51
0.0
7
Standard
11
1395563.9470962
21
360323.488310293
31
0.0
210
0.0
220
0.0
230
1.0
71
0
72
0
100
AcDbText
73
0
0
POINT
5
285
330
1C
100
AcDbEntity
67
0
8
15 - историческая планировочная структура
62
256
6
ByLayer
370
-1
48
1.0
60
0
100
AcDbPoint
10
1395788.25974615
20
360266.435749768
30
0.0
39
0.0
210
0.0
220
0.0
230
1.0
50
360.0
0
TEXT
5
286
330
1C
100
AcDbEntity
67
0
8
15 - историческая планировочная структура
62
7
6
ByLayer
370
-1
48
1.0
60
0
100
AcDbText
1
306
10
1395788.3888746
20
360266.710190298
30
0.0
40
0.31111111111
41
1.0
50
0.0
51
0.0
7
Standard
11
1395788.3888746
21
360266.710190298
31
0.0
210
0.0
220
0.0
230
1.0
71
0
72
0
100
AcDbText
73
0
0
POINT
5
287
330
1C
100
AcDbEntity
67
0
8
15 - историческая планировочная структура
62
256
6
ByLayer
370
-1
48
1.0
60
0
100
AcDbPoint
10
1394578.22889371
20
359959.693620606
30
0.0
39
0.0
210
0.0
220
0.0
230
1.0
50
360.0
0
TEXT
5
288
330
1C
100
AcDbEntity
67
0
8
15 - историческая планировочная структура
62
7
6
ByLayer
370
-1
48
1.0
60
0
100
AcDbText
1
307
10
1394578.35802275
20
359959.968058939
30
0.0
40
0.31111111111
41
1.0
50
0.0
51
0.0
7
Standard
11
1394578.35802275
21
359959.968058939
31
0.0
210
0.0
220
0.0
230
1.0
71
0
72
0
100
AcDbText
73
0
0
POINT
5
289
330
1C
100
AcDbEntity
67
0
8
15 - историческая планировочная структура
62
256
6
ByLayer
370
-1
48
1.0
60
0
100
AcDbPoint
10
1394817.86483649
20
359900.501475833
30
0.0
39
0.0
210
0.0
220
0.0
230
1.0
50
360.0
0
TEXT
5
28A
330
1C
100
AcDbEntity
67
0
8
15 - историческая планировочная структура
62
7
6
ByLayer
370
-1
48
1.0
60
0
100
AcDbText
1
308
10
1394817.99396564
20
359900.775914601
30
0.0
40
0.31111111111
41
1.0
50
0.0
51
0.0
7
Standard
11
1394817.99396564
21
359900.775914601
31
0.0
210
0.0
220
0.0
230
1.0
71
0
72
0
100
AcDbText
73
0
0
POINT
5
28B
330
1C
100
AcDbEntity
67
0
8
15 - историческая планировочная структура
62
256
6
ByLayer
370
-1
48
1.0
60
0
100
AcDbPoint
10
1394800.67326358
20
359768.284998395
30
0.0
39
0.0
210
0.0
220
0.0
230
1.0
50
360.0
0
TEXT
5
28C
330
1C
100
AcDbEntity
67
0
8
15 - историческая планировочная структура
62
7
6
ByLayer
370
-1
48
1.0
60
0
100
AcDbText
1
309
10
1394800.80239297
20
359768.559437135
30
0.0
40
0.31111111111
41
1.0
50
0.0
51
0.0
7
Standard
11
1394800.80239297
21
359768.559437135
31
0.0
210
0.0
220
0.0
230
1.0
71
0
72
0
100
AcDbText
73
0
0
POINT
5
28D
330
1C
100
AcDbEntity
67
0
8
15 - историческая планировочная структура
62
256
6
ByLayer
370
-1
48
1.0
60
0
100
AcDbPoint
10
1395150.74826506
20
359682.128302032
30
0.0
39
0.0
210
0.0
220
0.0
230
1.0
50
360.0
0
TEXT
5
28E
330
1C
100
AcDbEntity
67
0
8
15 - историческая планировочная структура
62
7
6
ByLayer
370
-1
48
1.0
60
0
100
AcDbText
1
310
10
1395150.87739459
20
359682.402741412
30
0.0
40
0.31111111111
41
1.0
50
0.0
51
0.0
7
Standard
11
1395150.87739459
21
359682.402741412
31
0.0
210
0.0
220
0.0
230
1.0
71
0
72
0
100
AcDbText
73
0
0
POINT
5
28F
330
1C
100
AcDbEntity
67
0
8
15 - историческая планировочная структура
62
256
6
ByLayer
370
-1
48
1.0
60
0
100
AcDbPoint
10
1395177.96252735
20
359679.797177574
30
0.0
39
0.0
210
0.0
220
0.0
230
1.0
50
360.0
0
TEXT
5
290
330
1C
100
AcDbEntity
67
0
8
15 - историческая планировочная структура
62
7
6
ByLayer
370
-1
48
1.0
60
0
100
AcDbText
1
311
10
1395178.09165689
20
359680.071617006
30
0.0
40
0.31111111111
41
1.0
50
0.0
51
0.0
7
Standard
11
1395178.09165689
21
359680.071617006
31
0.0
210
0.0
220
0.0
230
1.0
71
0
72
0
100
AcDbText
73
0
0
POINT
5
291
330
1C
100
AcDbEntity
67
0
8
15 - историческая планировочная структура
62
256
6
ByLayer
370
-1
48
1.0
60
0
100
AcDbPoint
10
1395619.17962228
20
359569.28342037
30
0.0
39
0.0
210
0.0
220
0.0
230
1.0
50
360.0
0
TEXT
5
292
330
1C
100
AcDbEntity
67
0
8
15 - историческая планировочная структура
62
7
6
ByLayer
370
-1
48
1.0
60
0
100
AcDbText
1
312
10
1395619.308752
20
359569.557860607
30
0.0
40
0.31111111111
41
1.0
50
0.0
51
0.0
7
Standard
11
1395619.308752
21
359569.557860607
31
0.0
210
0.0
220
0.0
230
1.0
71
0
72
0
100
AcDbText
73
0
0
POINT
5
293
330
1C
100
AcDbEntity
67
0
8
15 - историческая планировочная структура
62
256
6
ByLayer
370
-1
48
1.0
60
0
100
AcDbPoint
10
1395913.37487424
20
359495.544644226
30
0.0
39
0.0
210
0.0
220
0.0
230
1.0
50
360.0
0
TEXT
5
294
330
1C
100
AcDbEntity
67
0
8
15 - историческая планировочная структура
62
7
6
ByLayer
370
-1
48
1.0
60
0
100
AcDbText
1
313
10
1395913.50400409
20
359495.819085003
30
0.0
40
0.31111111111
41
1.0
50
0.0
51
0.0
7
Standard
11
1395913.50400409
21
359495.819085003
31
0.0
210
0.0
220
0.0
230
1.0
71
0
72
0
100
AcDbText
73
0
0
POINT
5
295
330
1C
100
AcDbEntity
67
0
8
15 - историческая планировочная структура
62
256
6
ByLayer
370
-1
48
1.0
60
0
100
AcDbPoint
10
1395951.89091676
20
359496.405490637
30
0.0
39
0.0
210
0.0
220
0.0
230
1.0
50
360.0
0
TEXT
5
296
330
1C
100
AcDbEntity
67
0
8
15 - историческая планировочная структура
62
7
6
ByLayer
370
-1
48
1.0
60
0
100
AcDbText
1
314
10
1395952.02004662
20
359496.679931487
30
0.0
40
0.31111111111
41
1.0
50
0.0
51
0.0
7
Standard
11
1395952.02004662
21
359496.679931487
31
0.0
210
0.0
220
0.0
230
1.0
71
0
72
0
100
AcDbText
73
0
0
POINT
5
297
330
1C
100
AcDbEntity
67
0
8
15 - историческая планировочная структура
62
256
6
ByLayer
370
-1
48
1.0
60
0
100
AcDbPoint
10
1396042.33757177
20
359515.712345433
30
0.0
39
0.0
210
0.0
220
0.0
230
1.0
50
360.0
0
TEXT
5
298
330
1C
100
AcDbEntity
67
0
8
15 - историческая планировочная структура
62
7
6
ByLayer
370
-1
48
1.0
60
0
100
AcDbText
1
315
10
1396042.46670158
20
359515.986786445
30
0.0
40
0.31111111111
41
1.0
50
0.0
51
0.0
7
Standard
11
1396042.46670158
21
359515.986786445
31
0.0
210
0.0
220
0.0
230
1.0
71
0
72
0
100
AcDbText
73
0
0
POINT
5
299
330
1C
100
AcDbEntity
67
0
8
15 - историческая планировочная структура
62
256
6
ByLayer
370
-1
48
1.0
60
0
100
AcDbPoint
10
1396429.50243074
20
359650.373264528
30
0.0
39
0.0
210
0.0
220
0.0
230
1.0
50
360.0
0
TEXT
5
29A
330
1C
100
AcDbEntity
67
0
8
15 - историческая планировочная структура
62
7
6
ByLayer
370
-1
48
1.0
60
0
100
AcDbText
1
316
10
1396429.6315603
20
359650.647706246
30
0.0
40
0.31111111111
41
1.0
50
0.0
51
0.0
7
Standard
11
1396429.6315603
21
359650.647706246
31
0.0
210
0.0
220
0.0
230
1.0
71
0
72
0
100
AcDbText
73
0
0
POINT
5
29B
330
1C
100
AcDbEntity
67
0
8
15 - историческая планировочная структура
62
256
6
ByLayer
370
-1
48
1.0
60
0
100
AcDbPoint
10
1396618.82312317
20
359721.667232829
30
0.0
39
0.0
210
0.0
220
0.0
230
1.0
50
360.0
0
TEXT
5
29C
330
1C
100
AcDbEntity
67
0
8
15 - историческая планировочная структура
62
7
6
ByLayer
370
-1
48
1.0
60
0
100
AcDbText
1
317
10
1396618.9522526
20
359721.941674887
30
0.0
40
0.31111111111
41
1.0
50
0.0
51
0.0
7
Standard
11
1396618.9522526
21
359721.941674887
31
0.0
210
0.0
220
0.0
230
1.0
71
0
72
0
100
AcDbText
73
0
0
POINT
5
29D
330
1C
100
AcDbEntity
67
0
8
15 - историческая планировочная структура
62
256
6
ByLayer
370
-1
48
1.0
60
0
100
AcDbPoint
10
1396633.56236221
20
359722.906547299
30
0.0
39
0.0
210
0.0
220
0.0
230
1.0
50
360.0
0
TEXT
5
29E
330
1C
100
AcDbEntity
67
0
8
15 - историческая планировочная структура
62
7
6
ByLayer
370
-1
48
1.0
60
0
100
AcDbText
1
318
10
1396633.69149163
20
359723.180989384
30
0.0
40
0.31111111111
41
1.0
50
0.0
51
0.0
7
Standard
11
1396633.69149163
21
359723.180989384
31
0.0
210
0.0
220
0.0
230
1.0
71
0
72
0
100
AcDbText
73
0
0
POINT
5
29F
330
1C
100
AcDbEntity
67
0
8
15 - историческая планировочная структура
62
256
6
ByLayer
370
-1
48
1.0
60
0
100
AcDbPoint
10
1396706.97094068
20
359712.355525573
30
0.0
39
0.0
210
0.0
220
0.0
230
1.0
50
360.0
0
TEXT
5
2A0
330
1C
100
AcDbEntity
67
0
8
15 - историческая планировочная структура
62
7
6
ByLayer
370
-1
48
1.0
60
0
100
AcDbText
1
319
10
1396707.10007012
20
359712.629967793
30
0.0
40
0.31111111111
41
1.0
50
0.0
51
0.0
7
Standard
11
1396707.10007012
21
359712.629967793
31
0.0
210
0.0
220
0.0
230
1.0
71
0
72
0
100
AcDbText
73
0
0
POINT
5
2A1
330
1C
100
AcDbEntity
67
0
8
15 - историческая планировочная структура
62
256
6
ByLayer
370
-1
48
1.0
60
0
100
AcDbPoint
10
1396988.26988578
20
359618.769410109
30
0.0
39
0.0
210
0.0
220
0.0
230
1.0
50
360.0
0
TEXT
5
2A2
330
1C
100
AcDbEntity
67
0
8
15 - историческая планировочная структура
62
7
6
ByLayer
370
-1
48
1.0
60
0
100
AcDbText
1
320
10
1396988.39901538
20
359619.043852842
30
0.0
40
0.31111111111
41
1.0
50
0.0
51
0.0
7
Standard
11
1396988.39901538
21
359619.043852842
31
0.0
210
0.0
220
0.0
230
1.0
71
0
72
0
100
AcDbText
73
0
0
POINT
5
2A3
330
1C
100
AcDbEntity
67
0
8
15 - историческая планировочная структура
62
256
6
ByLayer
370
-1
48
1.0
60
0
100
AcDbPoint
10
1397100.7836215
20
359534.141932953
30
0.0
39
0.0
210
0.0
220
0.0
230
1.0
50
360.0
0
TEXT
5
2A4
330
1C
100
AcDbEntity
67
0
8
15 - историческая планировочная структура
62
7
6
ByLayer
370
-1
48
1.0
60
0
100
AcDbText
1
321
10
1397100.91275126
20
359534.416375897
30
0.0
40
0.31111111111
41
1.0
50
0.0
51
0.0
7
Standard
11
1397100.91275126
21
359534.416375897
31
0.0
210
0.0
220
0.0
230
1.0
71
0
72
0
100
AcDbText
73
0
0
POINT
5
2A5
330
1C
100
AcDbEntity
67
0
8
15 - историческая планировочная структура
62
256
6
ByLayer
370
-1
48
1.0
60
0
100
AcDbPoint
10
1397119.38779574
20
359524.278660455
30
0.0
39
0.0
210
0.0
220
0.0
230
1.0
50
360.0
0
TEXT
5
2A6
330
1C
100
AcDbEntity
67
0
8
15 - историческая планировочная структура
62
7
6
ByLayer
370
-1
48
1.0
60
0
100
AcDbText
1
322
10
1397119.51692551
20
359524.553103429
30
0.0
40
0.31111111111
41
1.0
50
0.0
51
0.0
7
Standard
11
1397119.51692551
21
359524.553103429
31
0.0
210
0.0
220
0.0
230
1.0
71
0
72
0
100
AcDbText
73
0
0
POINT
5
2A7
330
1C
100
AcDbEntity
67
0
8
15 - историческая планировочная структура
62
256
6
ByLayer
370
-1
48
1.0
60
0
100
AcDbPoint
10
1397183.09393606
20
359501.406355549
30
0.0
39
0.0
210
0.0
220
0.0
230
1.0
50
360.0
0
TEXT
5
2A8
330
1C
100
AcDbEntity
67
0
8
15 - историческая планировочная структура
62
7
6
ByLayer
370
-1
48
1.0
60
0
100
AcDbText
1
323
10
1397183.22306588
20
359501.680798641
30
0.0
40
0.31111111111
41
1.0
50
0.0
51
0.0
7
Standard
11
1397183.22306588
21
359501.680798641
31
0.0
210
0.0
220
0.0
230
1.0
71
0
72
0
100
AcDbText
73
0
0
POINT
5
2A9
330
1C
100
AcDbEntity
67
0
8
15 - историческая планировочная структура
62
256
6
ByLayer
370
-1
48
1.0
60
0
100
AcDbPoint
10
1397405.34769501
20
359437.788284585
30
0.0
39
0.0
210
0.0
220
0.0
230
1.0
50
360.0
0
TEXT
5
2AA
330
1C
100
AcDbEntity
67
0
8
15 - историческая планировочная структура
62
7
6
ByLayer
370
-1
48
1.0
60
0
100
AcDbText
1
324
10
1397405.47682493
20
359438.062728087
30
0.0
40
0.31111111111
41
1.0
50
0.0
51
0.0
7
Standard
11
1397405.47682493
21
359438.062728087
31
0.0
210
0.0
220
0.0
230
1.0
71
0
72
0
100
AcDbText
73
0
0
POINT
5
2AB
330
1C
100
AcDbEntity
67
0
8
15 - историческая планировочная структура
62
256
6
ByLayer
370
-1
48
1.0
60
0
100
AcDbPoint
10
1397628.73566266
20
359376.655183109
30
0.0
39
0.0
210
0.0
220
0.0
230
1.0
50
360.0
0
TEXT
5
2AC
330
1C
100
AcDbEntity
67
0
8
15 - историческая планировочная структура
62
7
6
ByLayer
370
-1
48
1.0
60
0
100
AcDbText
1
325
10
1397628.86479268
20
359376.929627018
30
0.0
40
0.31111111111
41
1.0
50
0.0
51
0.0
7
Standard
11
1397628.86479268
21
359376.929627018
31
0.0
210
0.0
220
0.0
230
1.0
71
0
72
0
100
AcDbText
73
0
0
POINT
5
2AD
330
1C
100
AcDbEntity
67
0
8
15 - историческая планировочная структура
62
256
6
ByLayer
370
-1
48
1.0
60
0
100
AcDbPoint
10
1397699.51978453
20
359362.031083279
30
0.0
39
0.0
210
0.0
220
0.0
230
1.0
50
360.0
0
TEXT
5
2AE
330
1C
100
AcDbEntity
67
0
8
15 - историческая планировочная структура
62
7
6
ByLayer
370
-1
48
1.0
60
0
100
AcDbText
1
326
10
1397699.64891458
20
359362.305527317
30
0.0
40
0.31111111111
41
1.0
50
0.0
51
0.0
7
Standard
11
1397699.64891458
21
359362.305527317
31
0.0
210
0.0
220
0.0
230
1.0
71
0
72
0
100
AcDbText
73
0
0
POINT
5
2AF
330
1C
100
AcDbEntity
67
0
8
15 - историческая планировочная структура
62
256
6
ByLayer
370
-1
48
1.0
60
0
100
AcDbPoint
10
1397881.60681528
20
359364.818798264
30
0.0
39
0.0
210
0.0
220
0.0
230
1.0
50
360.0
0
TEXT
5
2B0
330
1C
100
AcDbEntity
67
0
8
15 - историческая планировочная структура
62
7
6
ByLayer
370
-1
48
1.0
60
0
100
AcDbText
1
327
10
1397881.73594533
20
359365.093242636
30
0.0
40
0.31111111111
41
1.0
50
0.0
51
0.0
7
Standard
11
1397881.73594533
21
359365.093242636
31
0.0
210
0.0
220
0.0
230
1.0
71
0
72
0
100
AcDbText
73
0
0
POINT
5
2B1
330
1C
100
AcDbEntity
67
0
8
15 - историческая планировочная структура
62
256
6
ByLayer
370
-1
48
1.0
60
0
100
AcDbPoint
10
1397964.83841421
20
359358.266557059
30
0.0
39
0.0
210
0.0
220
0.0
230
1.0
50
360.0
0
TEXT
5
2B2
330
1C
100
AcDbEntity
67
0
8
15 - историческая планировочная структура
62
7
6
ByLayer
370
-1
48
1.0
60
0
100
AcDbText
1
328
10
1397964.96754426
20
359358.541001581
30
0.0
40
0.31111111111
41
1.0
50
0.0
51
0.0
7
Standard
11
1397964.96754426
21
359358.541001581
31
0.0
210
0.0
220
0.0
230
1.0
71
0
72
0
100
AcDbText
73
0
0
POINT
5
2B3
330
1C
100
AcDbEntity
67
0
8
15 - историческая планировочная структура
62
256
6
ByLayer
370
-1
48
1.0
60
0
100
AcDbPoint
10
1398214.17621019
20
359353.018161991
30
0.0
39
0.0
210
0.0
220
0.0
230
1.0
50
360.0
0
TEXT
5
2B4
330
1C
100
AcDbEntity
67
0
8
15 - историческая планировочная структура
62
7
6
ByLayer
370
-1
48
1.0
60
0
100
AcDbText
1
329
10
1398214.30534025
20
359353.292606966
30
0.0
40
0.31111111111
41
1.0
50
0.0
51
0.0
7
Standard
11
1398214.30534025
21
359353.292606966
31
0.0
210
0.0
220
0.0
230
1.0
71
0
72
0
100
AcDbText
73
0
0
POINT
5
2B5
330
1C
100
AcDbEntity
67
0
8
15 - историческая планировочная структура
62
256
6
ByLayer
370
-1
48
1.0
60
0
100
AcDbPoint
10
1398933.55118893
20
359313.683526161
30
0.0
39
0.0
210
0.0
220
0.0
230
1.0
50
360.0
0
TEXT
5
2B6
330
1C
100
AcDbEntity
67
0
8
15 - историческая планировочная структура
62
7
6
ByLayer
370
-1
48
1.0
60
0
100
AcDbText
1
330
10
1398933.68031905
20
359313.957972449
30
0.0
40
0.31111111111
41
1.0
50
0.0
51
0.0
7
Standard
11
1398933.68031905
21
359313.957972449
31
0.0
210
0.0
220
0.0
230
1.0
71
0
72
0
100
AcDbText
73
0
0
POINT
5
2B7
330
1C
100
AcDbEntity
67
0
8
15 - историческая планировочная структура
62
256
6
ByLayer
370
-1
48
1.0
60
0
100
AcDbPoint
10
1398943.5912558
20
359311.23881122
30
0.0
39
0.0
210
0.0
220
0.0
230
1.0
50
360.0
0
TEXT
5
2B8
330
1C
100
AcDbEntity
67
0
8
15 - историческая планировочная структура
62
7
6
ByLayer
370
-1
48
1.0
60
0
100
AcDbText
1
331
10
1398943.72038591
20
359311.513257527
30
0.0
40
0.31111111111
41
1.0
50
0.0
51
0.0
7
Standard
11
1398943.72038591
21
359311.513257527
31
0.0
210
0.0
220
0.0
230
1.0
71
0
72
0
100
AcDbText
73
0
0
POINT
5
2B9
330
1C
100
AcDbEntity
67
0
8
15 - историческая планировочная структура
62
256
6
ByLayer
370
-1
48
1.0
60
0
100
AcDbPoint
10
1399125.16561138
20
359189.233659877
30
0.0
39
0.0
210
0.0
220
0.0
230
1.0
50
360.0
0
TEXT
5
2BA
330
1C
100
AcDbEntity
67
0
8
15 - историческая планировочная структура
62
7
6
ByLayer
370
-1
48
1.0
60
0
100
AcDbText
1
332
10
1399125.29474172
20
359189.508106519
30
0.0
40
0.31111111111
41
1.0
50
0.0
51
0.0
7
Standard
11
1399125.29474172
21
359189.508106519
31
0.0
210
0.0
220
0.0
230
1.0
71
0
72
0
100
AcDbText
73
0
0
POINT
5
2BB
330
1C
100
AcDbEntity
67
0
8
15 - историческая планировочная структура
62
256
6
ByLayer
370
-1
48
1.0
60
0
100
AcDbPoint
10
1399231.84423249
20
359113.138157771
30
0.0
39
0.0
210
0.0
220
0.0
230
1.0
50
360.0
0
TEXT
5
2BC
330
1C
100
AcDbEntity
67
0
8
15 - историческая планировочная структура
62
7
6
ByLayer
370
-1
48
1.0
60
0
100
AcDbText
1
333
10
1399231.97336295
20
359113.412604613
30
0.0
40
0.31111111111
41
1.0
50
0.0
51
0.0
7
Standard
11
1399231.97336295
21
359113.412604613
31
0.0
210
0.0
220
0.0
230
1.0
71
0
72
0
100
AcDbText
73
0
0
POINT
5
2BD
330
1C
100
AcDbEntity
67
0
8
15 - историческая планировочная структура
62
256
6
ByLayer
370
-1
48
1.0
60
0
100
AcDbPoint
10
1395568.23353293
20
361034.735998349
30
0.0
39
0.0
210
0.0
220
0.0
230
1.0
50
360.0
0
TEXT
5
2BE
330
1C
100
AcDbEntity
67
0
8
15 - историческая планировочная структура
62
7
6
ByLayer
370
-1
48
1.0
60
0
100
AcDbText
1
334
10
1395568.36265999
20
361035.010438459
30
0.0
40
0.31111111111
41
1.0
50
0.0
51
0.0
7
Standard
11
1395568.36265999
21
361035.010438459
31
0.0
210
0.0
220
0.0
230
1.0
71
0
72
0
100
AcDbText
73
0
0
POINT
5
2BF
330
1C
100
AcDbEntity
67
0
8
15 - историческая планировочная структура
62
256
6
ByLayer
370
-1
48
1.0
60
0
100
AcDbPoint
10
1395444.21999993
20
360824.547639954
30
0.0
39
0.0
210
0.0
220
0.0
230
1.0
50
360.0
0
TEXT
5
2C0
330
1C
100
AcDbEntity
67
0
8
15 - историческая планировочная структура
62
7
6
ByLayer
370
-1
48
1.0
60
0
100
AcDbText
1
335
10
1395444.34912738
20
360824.822079842
30
0.0
40
0.31111111111
41
1.0
50
0.0
51
0.0
7
Standard
11
1395444.34912738
21
360824.822079842
31
0.0
210
0.0
220
0.0
230
1.0
71
0
72
0
100
AcDbText
73
0
0
POINT
5
2C1
330
1C
100
AcDbEntity
67
0
8
15 - историческая планировочная структура
62
256
6
ByLayer
370
-1
48
1.0
60
0
100
AcDbPoint
10
1395438.34181486
20
360815.484199551
30
0.0
39
0.0
210
0.0
220
0.0
230
1.0
50
360.0
0
TEXT
5
2C2
330
1C
100
AcDbEntity
67
0
8
15 - историческая планировочная структура
62
7
6
ByLayer
370
-1
48
1.0
60
0
100
AcDbText
1
336
10
1395438.47094232
20
360815.758639427
30
0.0
40
0.31111111111
41
1.0
50
0.0
51
0.0
7
Standard
11
1395438.47094232
21
360815.758639427
31
0.0
210
0.0
220
0.0
230
1.0
71
0
72
0
100
AcDbText
73
0
0
POINT
5
2C3
330
1C
100
AcDbEntity
67
0
8
15 - историческая планировочная структура
62
256
6
ByLayer
370
-1
48
1.0
60
0
100
AcDbPoint
10
1395431.33503946
20
360806.912303506
30
0.0
39
0.0
210
0.0
220
0.0
230
1.0
50
360.0
0
TEXT
5
2C4
330
1C
100
AcDbEntity
67
0
8
15 - историческая планировочная структура
62
7
6
ByLayer
370
-1
48
1.0
60
0
100
AcDbText
1
337
10
1395431.46416694
20
360807.186743372
30
0.0
40
0.31111111111
41
1.0
50
0.0
51
0.0
7
Standard
11
1395431.46416694
21
360807.186743372
31
0.0
210
0.0
220
0.0
230
1.0
71
0
72
0
100
AcDbText
73
0
0
POINT
5
2C5
330
1C
100
AcDbEntity
67
0
8
15 - историческая планировочная структура
62
256
6
ByLayer
370
-1
48
1.0
60
0
100
AcDbPoint
10
1395419.77771881
20
360799.639483266
30
0.0
39
0.0
210
0.0
220
0.0
230
1.0
50
360.0
0
TEXT
5
2C6
330
1C
100
AcDbEntity
67
0
8
15 - историческая планировочная структура
62
7
6
ByLayer
370
-1
48
1.0
60
0
100
AcDbText
1
338
10
1395419.9068463
20
360799.913923107
30
0.0
40
0.31111111111
41
1.0
50
0.0
51
0.0
7
Standard
11
1395419.9068463
21
360799.913923107
31
0.0
210
0.0
220
0.0
230
1.0
71
0
72
0
100
AcDbText
73
0
0
POINT
5
2C7
330
1C
100
AcDbEntity
67
0
8
15 - историческая планировочная структура
62
256
6
ByLayer
370
-1
48
1.0
60
0
100
AcDbPoint
10
1395407.9689146
20
360794.071113279
30
0.0
39
0.0
210
0.0
220
0.0
230
1.0
50
360.0
0
TEXT
5
2C8
330
1C
100
AcDbEntity
67
0
8
15 - историческая планировочная структура
62
7
6
ByLayer
370
-1
48
1.0
60
0
100
AcDbText
1
339
10
1395408.0980421
20
360794.345553101
30
0.0
40
0.31111111111
41
1.0
50
0.0
51
0.0
7
Standard
11
1395408.0980421
21
360794.345553101
31
0.0
210
0.0
220
0.0
230
1.0
71
0
72
0
100
AcDbText
73
0
0
POINT
5
2C9
330
1C
100
AcDbEntity
67
0
8
15 - историческая планировочная структура
62
256
6
ByLayer
370
-1
48
1.0
60
0
100
AcDbPoint
10
1395331.22037434
20
360767.410651473
30
0.0
39
0.0
210
0.0
220
0.0
230
1.0
50
360.0
0
TEXT
5
2CA
330
1C
100
AcDbEntity
67
0
8
15 - историческая планировочная структура
62
7
6
ByLayer
370
-1
48
1.0
60
0
100
AcDbText
1
340
10
1395331.3495019
20
360767.685091156
30
0.0
40
0.31111111111
41
1.0
50
0.0
51
0.0
7
Standard
11
1395331.3495019
21
360767.685091156
31
0.0
210
0.0
220
0.0
230
1.0
71
0
72
0
100
AcDbText
73
0
0
POINT
5
2CB
330
1C
100
AcDbEntity
67
0
8
15 - историческая планировочная структура
62
256
6
ByLayer
370
-1
48
1.0
60
0
100
AcDbPoint
10
1395309.45771214
20
360747.608298437
30
0.0
39
0.0
210
0.0
220
0.0
230
1.0
50
360.0
0
TEXT
5
2CC
330
1C
100
AcDbEntity
67
0
8
15 - историческая планировочная структура
62
7
6
ByLayer
370
-1
48
1.0
60
0
100
AcDbText
1
341
10
1395309.58683973
20
360747.882738081
30
0.0
40
0.31111111111
41
1.0
50
0.0
51
0.0
7
Standard
11
1395309.58683973
21
360747.882738081
31
0.0
210
0.0
220
0.0
230
1.0
71
0
72
0
100
AcDbText
73
0
0
POINT
5
2CD
330
1C
100
AcDbEntity
67
0
8
15 - историческая планировочная структура
62
256
6
ByLayer
370
-1
48
1.0
60
0
100
AcDbPoint
10
1395302.52484002
20
360732.999648557
30
0.0
39
0.0
210
0.0
220
0.0
230
1.0
50
360.0
0
TEXT
5
2CE
330
1C
100
AcDbEntity
67
0
8
15 - историческая планировочная структура
62
7
6
ByLayer
370
-1
48
1.0
60
0
100
AcDbText
1
342
10
1395302.65396763
20
360733.27408819
30
0.0
40
0.31111111111
41
1.0
50
0.0
51
0.0
7
Standard
11
1395302.65396763
21
360733.27408819
31
0.0
210
0.0
220
0.0
230
1.0
71
0
72
0
100
AcDbText
73
0
0
POINT
5
2CF
330
1C
100
AcDbEntity
67
0
8
15 - историческая планировочная структура
62
256
6
ByLayer
370
-1
48
1.0
60
0
100
AcDbPoint
10
1395223.03415613
20
360439.508420452
30
0.0
39
0.0
210
0.0
220
0.0
230
1.0
50
360.0
0
TEXT
5
2D0
330
1C
100
AcDbEntity
67
0
8
15 - историческая планировочная структура
62
7
6
ByLayer
370
-1
48
1.0
60
0
100
AcDbText
1
343
10
1395223.16328428
20
360439.782859945
30
0.0
40
0.31111111111
41
1.0
50
0.0
51
0.0
7
Standard
11
1395223.16328428
21
360439.782859945
31
0.0
210
0.0
220
0.0
230
1.0
71
0
72
0
100
AcDbText
73
0
0
POINT
5
2D1
330
1C
100
AcDbEntity
67
0
8
15 - историческая планировочная структура
62
256
6
ByLayer
370
-1
48
1.0
60
0
100
AcDbPoint
10
1395163.67657188
20
360200.022167438
30
0.0
39
0.0
210
0.0
220
0.0
230
1.0
50
360.0
0
TEXT
5
2D2
330
1C
100
AcDbEntity
67
0
8
15 - историческая планировочная структура
62
7
6
ByLayer
370
-1
48
1.0
60
0
100
AcDbText
1
344
10
1395163.80570047
20
360200.29660683
30
0.0
40
0.31111111111
41
1.0
50
0.0
51
0.0
7
Standard
11
1395163.80570047
21
360200.29660683
31
0.0
210
0.0
220
0.0
230
1.0
71
0
72
0
100
AcDbText
73
0
0
POINT
5
2D3
330
1C
100
AcDbEntity
67
0
8
15 - историческая планировочная структура
62
256
6
ByLayer
370
-1
48
1.0
60
0
100
AcDbPoint
10
1395109.80301058
20
359966.571810417
30
0.0
39
0.0
210
0.0
220
0.0
230
1.0
50
360.0
0
TEXT
5
2D4
330
1C
100
AcDbEntity
67
0
8
15 - историческая планировочная структура
62
7
6
ByLayer
370
-1
48
1.0
60
0
100
AcDbText
1
345
10
1395109.9321396
20
359966.846249713
30
0.0
40
0.31111111111
41
1.0
50
0.0
51
0.0
7
Standard
11
1395109.9321396
21
359966.846249713
31
0.0
210
0.0
220
0.0
230
1.0
71
0
72
0
100
AcDbText
73
0
0
POINT
5
2D5
330
1C
100
AcDbEntity
67
0
8
15 - историческая планировочная структура
62
256
6
ByLayer
370
-1
48
1.0
60
0
100
AcDbPoint
10
1395045.64698923
20
359715.097225343
30
0.0
39
0.0
210
0.0
220
0.0
230
1.0
50
360.0
0
TEXT
5
2D6
330
1C
100
AcDbEntity
67
0
8
15 - историческая планировочная структура
62
7
6
ByLayer
370
-1
48
1.0
60
0
100
AcDbText
1
346
10
1395045.7761187
20
359715.371664532
30
0.0
40
0.31111111111
41
1.0
50
0.0
51
0.0
7
Standard
11
1395045.7761187
21
359715.371664532
31
0.0
210
0.0
220
0.0
230
1.0
71
0
72
0
100
AcDbText
73
0
0
POINT
5
2D7
330
1C
100
AcDbEntity
67
0
8
15 - историческая планировочная структура
62
256
6
ByLayer
370
-1
48
1.0
60
0
100
AcDbPoint
10
1395288.21545544
20
360651.622119663
30
0.0
39
0.0
210
0.0
220
0.0
230
1.0
50
360.0
0
TEXT
5
2D8
330
1C
100
AcDbEntity
67
0
8
15 - историческая планировочная структура
62
7
6
ByLayer
370
-1
48
1.0
60
0
100
AcDbText
1
347
10
1395288.34458321
20
360651.896559271
30
0.0
40
0.31111111111
41
1.0
50
0.0
51
0.0
7
Standard
11
1395288.34458321
21
360651.896559271
31
0.0
210
0.0
220
0.0
230
1.0
71
0
72
0
100
AcDbText
73
0
0
POINT
5
2D9
330
1C
100
AcDbEntity
67
0
8
15 - историческая планировочная структура
62
256
6
ByLayer
370
-1
48
1.0
60
0
100
AcDbPoint
10
1395012.77206222
20
360605.870152607
30
0.0
39
0.0
210
0.0
220
0.0
230
1.0
50
360.0
0
TEXT
5
2DA
330
1C
100
AcDbEntity
67
0
8
15 - историческая планировочная структура
62
7
6
ByLayer
370
-1
48
1.0
60
0
100
AcDbText
1
348
10
1395012.90119008
20
360606.144591714
30
0.0
40
0.31111111111
41
1.0
50
0.0
51
0.0
7
Standard
11
1395012.90119008
21
360606.144591714
31
0.0
210
0.0
220
0.0
230
1.0
71
0
72
0
100
AcDbText
73
0
0
POINT
5
2DB
330
1C
100
AcDbEntity
67
0
8
15 - историческая планировочная структура
62
256
6
ByLayer
370
-1
48
1.0
60
0
100
AcDbPoint
10
1395003.30667971
20
360596.718644677
30
0.0
39
0.0
210
0.0
220
0.0
230
1.0
50
360.0
0
TEXT
5
2DC
330
1C
100
AcDbEntity
67
0
8
15 - историческая планировочная структура
62
7
6
ByLayer
370
-1
48
1.0
60
0
100
AcDbText
1
349
10
1395003.43580758
20
360596.993083765
30
0.0
40
0.31111111111
41
1.0
50
0.0
51
0.0
7
Standard
11
1395003.43580758
21
360596.993083765
31
0.0
210
0.0
220
0.0
230
1.0
71
0
72
0
100
AcDbText
73
0
0
POINT
5
2DD
330
1C
100
AcDbEntity
67
0
8
15 - историческая планировочная структура
62
256
6
ByLayer
370
-1
48
1.0
60
0
100
AcDbPoint
10
1394991.99829163
20
360575.935701467
30
0.0
39
0.0
210
0.0
220
0.0
230
1.0
50
360.0
0
TEXT
5
2DE
330
1C
100
AcDbEntity
67
0
8
15 - историческая планировочная структура
62
7
6
ByLayer
370
-1
48
1.0
60
0
100
AcDbText
1
350
10
1394992.12741954
20
360576.210140536
30
0.0
40
0.31111111111
41
1.0
50
0.0
51
0.0
7
Standard
11
1394992.12741954
21
360576.210140536
31
0.0
210
0.0
220
0.0
230
1.0
71
0
72
0
100
AcDbText
73
0
0
POINT
5
2DF
330
1C
100
AcDbEntity
67
0
8
15 - историческая планировочная структура
62
256
6
ByLayer
370
-1
48
1.0
60
0
100
AcDbPoint
10
1394657.27499919
20
359162.355146264
30
0.0
39
0.0
210
0.0
220
0.0
230
1.0
50
360.0
0
TEXT
5
2E0
330
1C
100
AcDbEntity
67
0
8
15 - историческая планировочная структура
62
7
6
ByLayer
370
-1
48
1.0
60
0
100
AcDbText
1
351
10
1394657.40412969
20
359162.629584758
30
0.0
40
0.31111111111
41
1.0
50
0.0
51
0.0
7
Standard
11
1394657.40412969
21
359162.629584758
31
0.0
210
0.0
220
0.0
230
1.0
71
0
72
0
100
AcDbText
73
0
0
POINT
5
2E1
330
1C
100
AcDbEntity
67
0
8
15 - историческая планировочная структура
62
256
6
ByLayer
370
-1
48
1.0
60
0
100
AcDbPoint
10
1394738.69124036
20
360650.594943499
30
0.0
39
0.0
210
0.0
220
0.0
230
1.0
50
360.0
0
TEXT
5
2E2
330
1C
100
AcDbEntity
67
0
8
15 - историческая планировочная структура
62
7
6
ByLayer
370
-1
48
1.0
60
0
100
AcDbText
1
352
10
1394738.82036814
20
360650.869382103
30
0.0
40
0.31111111111
41
1.0
50
0.0
51
0.0
7
Standard
11
1394738.82036814
21
360650.869382103
31
0.0
210
0.0
220
0.0
230
1.0
71
0
72
0
100
AcDbText
73
0
0
POINT
5
2E3
330
1C
100
AcDbEntity
67
0
8
15 - историческая планировочная структура
62
256
6
ByLayer
370
-1
48
1.0
60
0
100
AcDbPoint
10
1394736.5452982
20
360603.58704835
30
0.0
39
0.0
210
0.0
220
0.0
230
1.0
50
360.0
0
TEXT
5
2E4
330
1C
100
AcDbEntity
67
0
8
15 - историческая планировочная структура
62
7
6
ByLayer
370
-1
48
1.0
60
0
100
AcDbText
1
353
10
1394736.67442607
20
360603.861486954
30
0.0
40
0.31111111111
41
1.0
50
0.0
51
0.0
7
Standard
11
1394736.67442607
21
360603.861486954
31
0.0
210
0.0
220
0.0
230
1.0
71
0
72
0
100
AcDbText
73
0
0
POINT
5
2E5
330
1C
100
AcDbEntity
67
0
8
15 - историческая планировочная структура
62
256
6
ByLayer
370
-1
48
1.0
60
0
100
AcDbPoint
10
1394727.25399911
20
360556.876631652
30
0.0
39
0.0
210
0.0
220
0.0
230
1.0
50
360.0
0
TEXT
5
2E6
330
1C
100
AcDbEntity
67
0
8
15 - историческая планировочная структура
62
7
6
ByLayer
370
-1
48
1.0
60
0
100
AcDbText
1
354
10
1394727.38312707
20
360557.151070238
30
0.0
40
0.31111111111
41
1.0
50
0.0
51
0.0
7
Standard
11
1394727.38312707
21
360557.151070238
31
0.0
210
0.0
220
0.0
230
1.0
71
0
72
0
100
AcDbText
73
0
0
POINT
5
2E7
330
1C
100
AcDbEntity
67
0
8
15 - историческая планировочная структура
62
256
6
ByLayer
370
-1
48
1.0
60
0
100
AcDbPoint
10
1394720.66121241
20
360536.222744351
30
0.0
39
0.0
210
0.0
220
0.0
230
1.0
50
360.0
0
TEXT
5
2E8
330
1C
100
AcDbEntity
67
0
8
15 - историческая планировочная структура
62
7
6
ByLayer
370
-1
48
1.0
60
0
100
AcDbText
1
355
10
1394720.7903404
20
360536.497182929
30
0.0
40
0.31111111111
41
1.0
50
0.0
51
0.0
7
Standard
11
1394720.7903404
21
360536.497182929
31
0.0
210
0.0
220
0.0
230
1.0
71
0
72
0
100
AcDbText
73
0
0
POINT
5
2E9
330
1C
100
AcDbEntity
67
0
8
15 - историческая планировочная структура
62
256
6
ByLayer
370
-1
48
1.0
60
0
100
AcDbPoint
10
1394687.60472292
20
360407.723061695
30
0.0
39
0.0
210
0.0
220
0.0
230
1.0
50
360.0
0
TEXT
5
2EA
330
1C
100
AcDbEntity
67
0
8
15 - историческая планировочная структура
62
7
6
ByLayer
370
-1
48
1.0
60
0
100
AcDbText
1
356
10
1394687.73385114
20
360407.997500216
30
0.0
40
0.31111111111
41
1.0
50
0.0
51
0.0
7
Standard
11
1394687.73385114
21
360407.997500216
31
0.0
210
0.0
220
0.0
230
1.0
71
0
72
0
100
AcDbText
73
0
0
POINT
5
2EB
330
1C
100
AcDbEntity
67
0
8
15 - историческая планировочная структура
62
256
6
ByLayer
370
-1
48
1.0
60
0
100
AcDbPoint
10
1394661.24675838
20
360306.718561468
30
0.0
39
0.0
210
0.0
220
0.0
230
1.0
50
360.0
0
TEXT
5
2EC
330
1C
100
AcDbEntity
67
0
8
15 - историческая планировочная структура
62
7
6
ByLayer
370
-1
48
1.0
60
0
100
AcDbText
1
357
10
1394661.37588679
20
360306.992999939
30
0.0
40
0.31111111111
41
1.0
50
0.0
51
0.0
7
Standard
11
1394661.37588679
21
360306.992999939
31
0.0
210
0.0
220
0.0
230
1.0
71
0
72
0
100
AcDbText
73
0
0
POINT
5
2ED
330
1C
100
AcDbEntity
67
0
8
15 - историческая планировочная структура
62
256
6
ByLayer
370
-1
48
1.0
60
0
100
AcDbPoint
10
1394652.19778993
20
360272.203952573
30
0.0
39
0.0
210
0.0
220
0.0
230
1.0
50
360.0
0
TEXT
5
2EE
330
1C
100
AcDbEntity
67
0
8
15 - историческая планировочная структура
62
7
6
ByLayer
370
-1
48
1.0
60
0
100
AcDbText
1
358
10
1394652.3269184
20
360272.478391031
30
0.0
40
0.31111111111
41
1.0
50
0.0
51
0.0
7
Standard
11
1394652.3269184
21
360272.478391031
31
0.0
210
0.0
220
0.0
230
1.0
71
0
72
0
100
AcDbText
73
0
0
POINT
5
2EF
330
1C
100
AcDbEntity
67
0
8
15 - историческая планировочная структура
62
256
6
ByLayer
370
-1
48
1.0
60
0
100
AcDbPoint
10
1394651.31880109
20
360268.674363071
30
0.0
39
0.0
210
0.0
220
0.0
230
1.0
50
360.0
0
TEXT
5
2F0
330
1C
100
AcDbEntity
67
0
8
15 - историческая планировочная структура
62
7
6
ByLayer
370
-1
48
1.0
60
0
100
AcDbText
1
359
10
1394651.44792956
20
360268.948801527
30
0.0
40
0.31111111111
41
1.0
50
0.0
51
0.0
7
Standard
11
1394651.44792956
21
360268.948801527
31
0.0
210
0.0
220
0.0
230
1.0
71
0
72
0
100
AcDbText
73
0
0
POINT
5
2F1
330
1C
100
AcDbEntity
67
0
8
15 - историческая планировочная структура
62
256
6
ByLayer
370
-1
48
1.0
60
0
100
AcDbPoint
10
1394575.76797456
20
359972.575998616
30
0.0
39
0.0
210
0.0
220
0.0
230
1.0
50
360.0
0
TEXT
5
2F2
330
1C
100
AcDbEntity
67
0
8
15 - историческая планировочная структура
62
7
6
ByLayer
370
-1
48
1.0
60
0
100
AcDbText
1
360
10
1394575.89710359
20
359972.850436943
30
0.0
40
0.31111111111
41
1.0
50
0.0
51
0.0
7
Standard
11
1394575.89710359
21
359972.850436943
31
0.0
210
0.0
220
0.0
230
1.0
71
0
72
0
100
AcDbText
73
0
0
POINT
5
2F3
330
1C
100
AcDbEntity
67
0
8
15 - историческая планировочная структура
62
256
6
ByLayer
370
-1
48
1.0
60
0
100
AcDbPoint
10
1394542.97469236
20
359841.384443506
30
0.0
39
0.0
210
0.0
220
0.0
230
1.0
50
360.0
0
TEXT
5
2F4
330
1C
100
AcDbEntity
67
0
8
15 - историческая планировочная структура
62
7
6
ByLayer
370
-1
48
1.0
60
0
100
AcDbText
1
361
10
1394543.10382162
20
359841.658881775
30
0.0
40
0.31111111111
41
1.0
50
0.0
51
0.0
7
Standard
11
1394543.10382162
21
359841.658881775
31
0.0
210
0.0
220
0.0
230
1.0
71
0
72
0
100
AcDbText
73
0
0
POINT
5
2F5
330
1C
100
AcDbEntity
67
0
8
15 - историческая планировочная структура
62
256
6
ByLayer
370
-1
48
1.0
60
0
100
AcDbPoint
10
1394554.73447904
20
359310.175053616
30
0.0
39
0.0
210
0.0
220
0.0
230
1.0
50
360.0
0
TEXT
5
2F6
330
1C
100
AcDbEntity
67
0
8
15 - историческая планировочная структура
62
7
6
ByLayer
370
-1
48
1.0
60
0
100
AcDbText
1
362
10
1394554.86360927
20
359310.449491921
30
0.0
40
0.31111111111
41
1.0
50
0.0
51
0.0
7
Standard
11
1394554.86360927
21
359310.449491921
31
0.0
210
0.0
220
0.0
230
1.0
71
0
72
0
100
AcDbText
73
0
0
POINT
5
2F7
330
1C
100
AcDbEntity
67
0
8
15 - историческая планировочная структура
62
256
6
ByLayer
370
-1
48
1.0
60
0
100
AcDbPoint
10
1394671.81053288
20
359282.390851364
30
0.0
39
0.0
210
0.0
220
0.0
230
1.0
50
360.0
0
TEXT
5
2F8
330
1C
100
AcDbEntity
67
0
8
15 - историческая планировочная структура
62
7
6
ByLayer
370
-1
48
1.0
60
0
100
AcDbText
1
363
10
1394671.93966316
20
359282.66528988
30
0.0
40
0.31111111111
41
1.0
50
0.0
51
0.0
7
Standard
11
1394671.93966316
21
359282.66528988
31
0.0
210
0.0
220
0.0
230
1.0
71
0
72
0
100
AcDbText
73
0
0
POINT
5
2F9
330
1C
100
AcDbEntity
67
0
8
15 - историческая планировочная структура
62
256
6
ByLayer
370
-1
48
1.0
60
0
100
AcDbPoint
10
1399153.38558258
20
359615.789837434
30
0.0
39
0.0
210
0.0
220
0.0
230
1.0
50
360.0
0
TEXT
5
2FA
330
1C
100
AcDbEntity
67
0
8
15 - историческая планировочная структура
62
7
6
ByLayer
370
-1
48
1.0
60
0
100
AcDbText
1
364
10
1399153.51471213
20
359616.06428412
30
0.0
40
0.31111111111
41
1.0
50
0.0
51
0.0
7
Standard
11
1399153.51471213
21
359616.06428412
31
0.0
210
0.0
220
0.0
230
1.0
71
0
72
0
100
AcDbText
73
0
0
POINT
5
2FB
330
1C
100
AcDbEntity
67
0
8
15 - историческая планировочная структура
62
256
6
ByLayer
370
-1
48
1.0
60
0
100
AcDbPoint
10
1399169.72358687
20
359447.833738988
30
0.0
39
0.0
210
0.0
220
0.0
230
1.0
50
360.0
0
TEXT
5
2FC
330
1C
100
AcDbEntity
67
0
8
15 - историческая планировочная структура
62
7
6
ByLayer
370
-1
48
1.0
60
0
100
AcDbText
1
365
10
1399169.85271673
20
359448.108185709
30
0.0
40
0.31111111111
41
1.0
50
0.0
51
0.0
7
Standard
11
1399169.85271673
21
359448.108185709
31
0.0
210
0.0
220
0.0
230
1.0
71
0
72
0
100
AcDbText
73
0
0
POINT
5
2FD
330
1C
100
AcDbEntity
67
0
8
15 - историческая планировочная структура
62
256
6
ByLayer
370
-1
48
1.0
60
0
100
AcDbPoint
10
1399184.33687717
20
359361.856255649
30
0.0
39
0.0
210
0.0
220
0.0
230
1.0
50
360.0
0
TEXT
5
2FE
330
1C
100
AcDbEntity
67
0
8
15 - историческая планировочная структура
62
7
6
ByLayer
370
-1
48
1.0
60
0
100
AcDbText
1
366
10
1399184.46600718
20
359362.130702396
30
0.0
40
0.31111111111
41
1.0
50
0.0
51
0.0
7
Standard
11
1399184.46600718
21
359362.130702396
31
0.0
210
0.0
220
0.0
230
1.0
71
0
72
0
100
AcDbText
73
0
0
POINT
5
2FF
330
1C
100
AcDbEntity
67
0
8
15 - историческая планировочная структура
62
256
6
ByLayer
370
-1
48
1.0
60
0
100
AcDbPoint
10
1399189.41796563
20
359346.81751771
30
0.0
39
0.0
210
0.0
220
0.0
230
1.0
50
360.0
0
TEXT
5
300
330
1C
100
AcDbEntity
67
0
8
15 - историческая планировочная структура
62
7
6
ByLayer
370
-1
48
1.0
60
0
100
AcDbText
1
367
10
1399189.54709567
20
359347.091964465
30
0.0
40
0.31111111111
41
1.0
50
0.0
51
0.0
7
Standard
11
1399189.54709567
21
359347.091964465
31
0.0
210
0.0
220
0.0
230
1.0
71
0
72
0
100
AcDbText
73
0
0
POINT
5
301
330
1C
100
AcDbEntity
67
0
8
15 - историческая планировочная структура
62
256
6
ByLayer
370
-1
48
1.0
60
0
100
AcDbPoint
10
1399200.20940765
20
359293.590035894
30
0.0
39
0.0
210
0.0
220
0.0
230
1.0
50
360.0
0
TEXT
5
302
330
1C
100
AcDbEntity
67
0
8
15 - историческая планировочная структура
62
7
6
ByLayer
370
-1
48
1.0
60
0
100
AcDbText
1
368
10
1399200.33853779
20
359293.86448267
30
0.0
40
0.31111111111
41
1.0
50
0.0
51
0.0
7
Standard
11
1399200.33853779
21
359293.86448267
31
0.0
210
0.0
220
0.0
230
1.0
71
0
72
0
100
AcDbText
73
0
0
POINT
5
303
330
1C
100
AcDbEntity
67
0
8
15 - историческая планировочная структура
62
256
6
ByLayer
370
-1
48
1.0
60
0
100
AcDbPoint
10
1399219.83349509
20
359201.791992137
30
0.0
39
0.0
210
0.0
220
0.0
230
1.0
50
360.0
0
TEXT
5
304
330
1C
100
AcDbEntity
67
0
8
15 - историческая планировочная структура
62
7
6
ByLayer
370
-1
48
1.0
60
0
100
AcDbText
1
369
10
1399219.9626254
20
359202.066438952
30
0.0
40
0.31111111111
41
1.0
50
0.0
51
0.0
7
Standard
11
1399219.9626254
21
359202.066438952
31
0.0
210
0.0
220
0.0
230
1.0
71
0
72
0
100
AcDbText
73
0
0
POINT
5
305
330
1C
100
AcDbEntity
67
0
8
15 - историческая планировочная структура
62
256
6
ByLayer
370
-1
48
1.0
60
0
100
AcDbPoint
10
1399259.18843233
20
359139.823956492
30
0.0
39
0.0
210
0.0
220
0.0
230
1.0
50
360.0
0
TEXT
5
306
330
1C
100
AcDbEntity
67
0
8
15 - историческая планировочная структура
62
7
6
ByLayer
370
-1
48
1.0
60
0
100
AcDbText
1
370
10
1399259.31756275
20
359140.098403381
30
0.0
40
0.31111111111
41
1.0
50
0.0
51
0.0
7
Standard
11
1399259.31756275
21
359140.098403381
31
0.0
210
0.0
220
0.0
230
1.0
71
0
72
0
100
AcDbText
73
0
0
POINT
5
307
330
1C
100
AcDbEntity
67
0
8
15 - историческая планировочная структура
62
256
6
ByLayer
370
-1
48
1.0
60
0
100
AcDbPoint
10
1399161.51008074
20
359457.705288991
30
0.0
39
0.0
210
0.0
220
0.0
230
1.0
50
360.0
0
TEXT
5
308
330
1C
100
AcDbEntity
67
0
8
15 - историческая планировочная структура
62
7
6
ByLayer
370
-1
48
1.0
60
0
100
AcDbText
1
371
10
1399161.63921059
20
359457.979735692
30
0.0
40
0.31111111111
41
1.0
50
0.0
51
0.0
7
Standard
11
1399161.63921059
21
359457.979735692
31
0.0
210
0.0
220
0.0
230
1.0
71
0
72
0
100
AcDbText
73
0
0
POINT
5
309
330
1C
100
AcDbEntity
67
0
8
15 - историческая планировочная структура
62
256
6
ByLayer
370
-1
48
1.0
60
0
100
AcDbPoint
10
1399080.43530232
20
359448.45243621
30
0.0
39
0.0
210
0.0
220
0.0
230
1.0
50
360.0
0
TEXT
5
30A
330
1C
100
AcDbEntity
67
0
8
15 - историческая планировочная структура
62
7
6
ByLayer
370
-1
48
1.0
60
0
100
AcDbText
1
372
10
1399080.56443218
20
359448.726882764
30
0.0
40
0.31111111111
41
1.0
50
0.0
51
0.0
7
Standard
11
1399080.56443218
21
359448.726882764
31
0.0
210
0.0
220
0.0
230
1.0
71
0
72
0
100
AcDbText
73
0
0
POINT
5
30B
330
1C
100
AcDbEntity
67
0
8
15 - историческая планировочная структура
62
256
6
ByLayer
370
-1
48
1.0
60
0
100
AcDbPoint
10
1398947.08695267
20
359435.159167458
30
0.0
39
0.0
210
0.0
220
0.0
230
1.0
50
360.0
0
TEXT
5
30C
330
1C
100
AcDbEntity
67
0
8
15 - историческая планировочная структура
62
7
6
ByLayer
370
-1
48
1.0
60
0
100
AcDbText
1
373
10
1398947.21608256
20
359435.433613772
30
0.0
40
0.31111111111
41
1.0
50
0.0
51
0.0
7
Standard
11
1398947.21608256
21
359435.433613772
31
0.0
210
0.0
220
0.0
230
1.0
71
0
72
0
100
AcDbText
73
0
0
POINT
5
30D
330
1C
100
AcDbEntity
67
0
8
15 - историческая планировочная структура
62
256
6
ByLayer
370
-1
48
1.0
60
0
100
AcDbPoint
10
1398721.71301149
20
359411.769350789
30
0.0
39
0.0
210
0.0
220
0.0
230
1.0
50
360.0
0
TEXT
5
30E
330
1C
100
AcDbEntity
67
0
8
15 - историческая планировочная структура
62
7
6
ByLayer
370
-1
48
1.0
60
0
100
AcDbText
1
374
10
1398721.84214142
20
359412.043796692
30
0.0
40
0.31111111111
41
1.0
50
0.0
51
0.0
7
Standard
11
1398721.84214142
21
359412.043796692
31
0.0
210
0.0
220
0.0
230
1.0
71
0
72
0
100
AcDbText
73
0
0
POINT
5
30F
330
1C
100
AcDbEntity
67
0
8
15 - историческая планировочная структура
62
256
6
ByLayer
370
-1
48
1.0
60
0
100
AcDbPoint
10
1398602.11876101
20
359396.961682746
30
0.0
39
0.0
210
0.0
220
0.0
230
1.0
50
360.0
0
TEXT
5
310
330
1C
100
AcDbEntity
67
0
8
15 - историческая планировочная структура
62
7
6
ByLayer
370
-1
48
1.0
60
0
100
AcDbText
1
375
10
1398602.24789098
20
359397.236128432
30
0.0
40
0.31111111111
41
1.0
50
0.0
51
0.0
7
Standard
11
1398602.24789098
21
359397.236128432
31
0.0
210
0.0
220
0.0
230
1.0
71
0
72
0
100
AcDbText
73
0
0
POINT
5
311
330
1C
100
AcDbEntity
67
0
8
15 - историческая планировочная структура
62
256
6
ByLayer
370
-1
48
1.0
60
0
100
AcDbPoint
10
1398475.35311308
20
359381.162834857
30
0.0
39
0.0
210
0.0
220
0.0
230
1.0
50
360.0
0
TEXT
5
312
330
1C
100
AcDbEntity
67
0
8
15 - историческая планировочная структура
62
7
6
ByLayer
370
-1
48
1.0
60
0
100
AcDbText
1
376
10
1398475.48224308
20
359381.43728031
30
0.0
40
0.31111111111
41
1.0
50
0.0
51
0.0
7
Standard
11
1398475.48224308
21
359381.43728031
31
0.0
210
0.0
220
0.0
230
1.0
71
0
72
0
100
AcDbText
73
0
0
POINT
5
313
330
1C
100
AcDbEntity
67
0
8
15 - историческая планировочная структура
62
256
6
ByLayer
370
-1
48
1.0
60
0
100
AcDbPoint
10
1398314.59501924
20
359364.753538476
30
0.0
39
0.0
210
0.0
220
0.0
230
1.0
50
360.0
0
TEXT
5
314
330
1C
100
AcDbEntity
67
0
8
15 - историческая планировочная структура
62
7
6
ByLayer
370
-1
48
1.0
60
0
100
AcDbText
1
377
10
1398314.72414927
20
359365.027983635
30
0.0
40
0.31111111111
41
1.0
50
0.0
51
0.0
7
Standard
11
1398314.72414927
21
359365.027983635
31
0.0
210
0.0
220
0.0
230
1.0
71
0
72
0
100
AcDbText
73
0
0
POINT
5
315
330
1C
100
AcDbEntity
67
0
8
15 - историческая планировочная структура
62
256
6
ByLayer
370
-1
48
1.0
60
0
100
AcDbPoint
10
1398258.23213232
20
359360.018899539
30
0.0
39
0.0
210
0.0
220
0.0
230
1.0
50
360.0
0
TEXT
5
316
330
1C
100
AcDbEntity
67
0
8
15 - историческая планировочная структура
62
7
6
ByLayer
370
-1
48
1.0
60
0
100
AcDbText
1
378
10
1398258.36126236
20
359360.293344596
30
0.0
40
0.31111111111
41
1.0
50
0.0
51
0.0
7
Standard
11
1398258.36126236
21
359360.293344596
31
0.0
210
0.0
220
0.0
230
1.0
71
0
72
0
100
AcDbText
73
0
0
POINT
5
317
330
1C
100
AcDbEntity
67
0
8
15 - историческая планировочная структура
62
256
6
ByLayer
370
-1
48
1.0
60
0
100
AcDbPoint
10
1398214.07437754
20
359354.790178594
30
0.0
39
0.0
210
0.0
220
0.0
230
1.0
50
360.0
0
TEXT
5
318
330
1C
100
AcDbEntity
67
0
8
15 - историческая планировочная структура
62
7
6
ByLayer
370
-1
48
1.0
60
0
100
AcDbText
1
379
10
1398214.2035076
20
359355.06462357
30
0.0
40
0.31111111111
41
1.0
50
0.0
51
0.0
7
Standard
11
1398214.2035076
21
359355.06462357
31
0.0
210
0.0
220
0.0
230
1.0
71
0
72
0
100
AcDbText
73
0
0
POINT
5
319
330
1C
100
AcDbEntity
67
0
8
15 - историческая планировочная структура
62
256
6
ByLayer
370
-1
48
1.0
60
0
100
AcDbPoint
10
1394183.55962478
20
359077.124092065
30
0.0
39
0.0
210
0.0
220
0.0
230
1.0
50
360.0
0
TEXT
5
31A
330
1C
100
AcDbEntity
67
0
8
15 - историческая планировочная структура
62
7
6
ByLayer
370
-1
48
1.0
60
0
100
AcDbText
1
380
10
1394183.68875544
20
359077.398529701
30
0.0
40
0.31111111111
41
1.0
50
0.0
51
0.0
7
Standard
11
1394183.68875544
21
359077.398529701
31
0.0
210
0.0
220
0.0
230
1.0
71
0
72
0
100
AcDbText
73
0
0
POINT
5
31B
330
1C
100
AcDbEntity
67
0
8
15 - историческая планировочная структура
62
256
6
ByLayer
370
-1
48
1.0
60
0
100
AcDbPoint
10
1394202.27152911
20
359111.782735785
30
0.0
39
0.0
210
0.0
220
0.0
230
1.0
50
360.0
0
TEXT
5
31C
330
1C
100
AcDbEntity
67
0
8
15 - историческая планировочная структура
62
7
6
ByLayer
370
-1
48
1.0
60
0
100
AcDbText
1
381
10
1394202.40065972
20
359112.057173451
30
0.0
40
0.31111111111
41
1.0
50
0.0
51
0.0
7
Standard
11
1394202.40065972
21
359112.057173451
31
0.0
210
0.0
220
0.0
230
1.0
71
0
72
0
100
AcDbText
73
0
0
POINT
5
31D
330
1C
100
AcDbEntity
67
0
8
15 - историческая планировочная структура
62
256
6
ByLayer
370
-1
48
1.0
60
0
100
AcDbPoint
10
1394209.28749247
20
359116.184556108
30
0.0
39
0.0
210
0.0
220
0.0
230
1.0
50
360.0
0
TEXT
5
31E
330
1C
100
AcDbEntity
67
0
8
15 - историческая планировочная структура
62
7
6
ByLayer
370
-1
48
1.0
60
0
100
AcDbText
1
382
10
1394209.41662307
20
359116.458993788
30
0.0
40
0.31111111111
41
1.0
50
0.0
51
0.0
7
Standard
11
1394209.41662307
21
359116.458993788
31
0.0
210
0.0
220
0.0
230
1.0
71
0
72
0
100
AcDbText
73
0
0
POINT
5
31F
330
1C
100
AcDbEntity
67
0
8
15 - историческая планировочная структура
62
256
6
ByLayer
370
-1
48
1.0
60
0
100
AcDbPoint
10
1394216.62813254
20
359120.020539667
30
0.0
39
0.0
210
0.0
220
0.0
230
1.0
50
360.0
0
TEXT
5
320
330
1C
100
AcDbEntity
67
0
8
15 - историческая планировочная структура
62
7
6
ByLayer
370
-1
48
1.0
60
0
100
AcDbText
1
383
10
1394216.75726313
20
359120.29497736
30
0.0
40
0.31111111111
41
1.0
50
0.0
51
0.0
7
Standard
11
1394216.75726313
21
359120.29497736
31
0.0
210
0.0
220
0.0
230
1.0
71
0
72
0
100
AcDbText
73
0
0
POINT
5
321
330
1C
100
AcDbEntity
67
0
8
15 - историческая планировочная структура
62
256
6
ByLayer
370
-1
48
1.0
60
0
100
AcDbPoint
10
1394224.24790874
20
359123.266888363
30
0.0
39
0.0
210
0.0
220
0.0
230
1.0
50
360.0
0
TEXT
5
322
330
1C
100
AcDbEntity
67
0
8
15 - историческая планировочная структура
62
7
6
ByLayer
370
-1
48
1.0
60
0
100
AcDbText
1
384
10
1394224.37703932
20
359123.541326072
30
0.0
40
0.31111111111
41
1.0
50
0.0
51
0.0
7
Standard
11
1394224.37703932
21
359123.541326072
31
0.0
210
0.0
220
0.0
230
1.0
71
0
72
0
100
AcDbText
73
0
0
POINT
5
323
330
1C
100
AcDbEntity
67
0
8
15 - историческая планировочная структура
62
256
6
ByLayer
370
-1
48
1.0
60
0
100
AcDbPoint
10
1394232.09954874
20
359125.903462141
30
0.0
39
0.0
210
0.0
220
0.0
230
1.0
50
360.0
0
TEXT
5
324
330
1C
100
AcDbEntity
67
0
8
15 - историческая планировочная структура
62
7
6
ByLayer
370
-1
48
1.0
60
0
100
AcDbText
1
385
10
1394232.22867931
20
359126.177899863
30
0.0
40
0.31111111111
41
1.0
50
0.0
51
0.0
7
Standard
11
1394232.22867931
21
359126.177899863
31
0.0
210
0.0
220
0.0
230
1.0
71
0
72
0
100
AcDbText
73
0
0
POINT
5
325
330
1C
100
AcDbEntity
67
0
8
15 - историческая планировочная структура
62
256
6
ByLayer
370
-1
48
1.0
60
0
100
AcDbPoint
10
1394240.13434174
20
359127.913903912
30
0.0
39
0.0
210
0.0
220
0.0
230
1.0
50
360.0
0
TEXT
5
326
330
1C
100
AcDbEntity
67
0
8
15 - историческая планировочная структура
62
7
6
ByLayer
370
-1
48
1.0
60
0
100
AcDbText
1
386
10
1394240.26347231
20
359128.188341648
30
0.0
40
0.31111111111
41
1.0
50
0.0
51
0.0
7
Standard
11
1394240.26347231
21
359128.188341648
31
0.0
210
0.0
220
0.0
230
1.0
71
0
72
0
100
AcDbText
73
0
0
POINT
5
327
330
1C
100
AcDbEntity
67
0
8
15 - историческая планировочная структура
62
256
6
ByLayer
370
-1
48
1.0
60
0
100
AcDbPoint
10
1394248.30244069
20
359129.285741056
30
0.0
39
0.0
210
0.0
220
0.0
230
1.0
50
360.0
0
TEXT
5
328
330
1C
100
AcDbEntity
67
0
8
15 - историческая планировочная структура
62
7
6
ByLayer
370
-1
48
1.0
60
0
100
AcDbText
1
387
10
1394248.43157126
20
359129.560178806
30
0.0
40
0.31111111111
41
1.0
50
0.0
51
0.0
7
Standard
11
1394248.43157126
21
359129.560178806
31
0.0
210
0.0
220
0.0
230
1.0
71
0
72
0
100
AcDbText
73
0
0
POINT
5
329
330
1C
100
AcDbEntity
67
0
8
15 - историческая планировочная структура
62
256
6
ByLayer
370
-1
48
1.0
60
0
100
AcDbPoint
10
1394256.5531715
20
359130.010462786
30
0.0
39
0.0
210
0.0
220
0.0
230
1.0
50
360.0
0
TEXT
5
32A
330
1C
100
AcDbEntity
67
0
8
15 - историческая планировочная структура
62
7
6
ByLayer
370
-1
48
1.0
60
0
100
AcDbText
1
388
10
1394256.68230206
20
359130.284900551
30
0.0
40
0.31111111111
41
1.0
50
0.0
51
0.0
7
Standard
11
1394256.68230206
21
359130.284900551
31
0.0
210
0.0
220
0.0
230
1.0
71
0
72
0
100
AcDbText
73
0
0
POINT
5
32B
330
1C
100
AcDbEntity
67
0
8
15 - историческая планировочная структура
62
256
6
ByLayer
370
-1
48
1.0
60
0
100
AcDbPoint
10
1394264.83534744
20
359130.083572961
30
0.0
39
0.0
210
0.0
220
0.0
230
1.0
50
360.0
0
TEXT
5
32C
330
1C
100
AcDbEntity
67
0
8
15 - историческая планировочная структура
62
7
6
ByLayer
370
-1
48
1.0
60
0
100
AcDbText
1
389
10
1394264.964478
20
359130.358010741
30
0.0
40
0.31111111111
41
1.0
50
0.0
51
0.0
7
Standard
11
1394264.964478
21
359130.358010741
31
0.0
210
0.0
220
0.0
230
1.0
71
0
72
0
100
AcDbText
73
0
0
POINT
5
32D
330
1C
100
AcDbEntity
67
0
8
15 - историческая планировочная структура
62
256
6
ByLayer
370
-1
48
1.0
60
0
100
AcDbPoint
10
1394282.10471835
20
359128.163168624
30
0.0
39
0.0
210
0.0
220
0.0
230
1.0
50
360.0
0
TEXT
5
32E
330
1C
100
AcDbEntity
67
0
8
15 - историческая планировочная структура
62
7
6
ByLayer
370
-1
48
1.0
60
0
100
AcDbText
1
390
10
1394282.23384892
20
359128.437606436
30
0.0
40
0.31111111111
41
1.0
50
0.0
51
0.0
7
Standard
11
1394282.23384892
21
359128.437606436
31
0.0
210
0.0
220
0.0
230
1.0
71
0
72
0
100
AcDbText
73
0
0
POINT
5
32F
330
1C
100
AcDbEntity
67
0
8
15 - историческая планировочная структура
62
256
6
ByLayer
370
-1
48
1.0
60
0
100
AcDbPoint
10
1394489.57975779
20
359081.174283076
30
0.0
39
0.0
210
0.0
220
0.0
230
1.0
50
360.0
0
TEXT
5
330
330
1C
100
AcDbEntity
67
0
8
15 - историческая планировочная структура
62
7
6
ByLayer
370
-1
48
1.0
60
0
100
AcDbText
1
391
10
1394489.70888844
20
359081.44872127
30
0.0
40
0.31111111111
41
1.0
50
0.0
51
0.0
7
Standard
11
1394489.70888844
21
359081.44872127
31
0.0
210
0.0
220
0.0
230
1.0
71
0
72
0
100
AcDbText
73
0
0
POINT
5
331
330
1C
100
AcDbEntity
67
0
8
15 - историческая планировочная структура
62
256
6
ByLayer
370
-1
48
1.0
60
0
100
AcDbPoint
10
1395578.15420963
20
360648.408757868
30
0.0
39
0.0
210
0.0
220
0.0
230
1.0
50
360.0
0
TEXT
5
332
330
1C
100
AcDbEntity
67
0
8
15 - историческая планировочная структура
62
7
6
ByLayer
370
-1
48
1.0
60
0
100
AcDbText
1
392
10
1395578.28333739
20
360648.683198004
30
0.0
40
0.31111111111
41
1.0
50
0.0
51
0.0
7
Standard
11
1395578.28333739
21
360648.683198004
31
0.0
210
0.0
220
0.0
230
1.0
71
0
72
0
100
AcDbText
73
0
0
POINT
5
333
330
1C
100
AcDbEntity
67
0
8
15 - историческая планировочная структура
62
256
6
ByLayer
370
-1
48
1.0
60
0
100
AcDbPoint
10
1395581.7281765
20
360641.966839707
30
0.0
39
0.0
210
0.0
220
0.0
230
1.0
50
360.0
0
TEXT
5
334
330
1C
100
AcDbEntity
67
0
8
15 - историческая планировочная структура
62
7
6
ByLayer
370
-1
48
1.0
60
0
100
AcDbText
1
393
10
1395581.85730428
20
360642.241279851
30
0.0
40
0.31111111111
41
1.0
50
0.0
51
0.0
7
Standard
11
1395581.85730428
21
360642.241279851
31
0.0
210
0.0
220
0.0
230
1.0
71
0
72
0
100
AcDbText
73
0
0
POINT
5
335
330
1C
100
AcDbEntity
67
0
8
15 - историческая планировочная структура
62
256
6
ByLayer
370
-1
48
1.0
60
0
100
AcDbPoint
10
1395531.27821661
20
360596.805275893
30
0.0
39
0.0
210
0.0
220
0.0
230
1.0
50
360.0
0
TEXT
5
336
330
1C
100
AcDbEntity
67
0
8
15 - историческая планировочная структура
62
7
6
ByLayer
370
-1
48
1.0
60
0
100
AcDbText
1
394
10
1395531.40734447
20
360597.079715945
30
0.0
40
0.31111111111
41
1.0
50
0.0
51
0.0
7
Standard
11
1395531.40734447
21
360597.079715945
31
0.0
210
0.0
220
0.0
230
1.0
71
0
72
0
100
AcDbText
73
0
0
POINT
5
337
330
1C
100
AcDbEntity
67
0
8
15 - историческая планировочная структура
62
256
6
ByLayer
370
-1
48
1.0
60
0
100
AcDbPoint
10
1395527.90403492
20
360591.959804412
30
0.0
39
0.0
210
0.0
220
0.0
230
1.0
50
360.0
0
TEXT
5
338
330
1C
100
AcDbEntity
67
0
8
15 - историческая планировочная структура
62
7
6
ByLayer
370
-1
48
1.0
60
0
100
AcDbText
1
395
10
1395528.03316279
20
360592.234244455
30
0.0
40
0.31111111111
41
1.0
50
0.0
51
0.0
7
Standard
11
1395528.03316279
21
360592.234244455
31
0.0
210
0.0
220
0.0
230
1.0
71
0
72
0
100
AcDbText
73
0
0
POINT
5
339
330
1C
100
AcDbEntity
67
0
8
15 - историческая планировочная структура
62
256
6
ByLayer
370
-1
48
1.0
60
0
100
AcDbPoint
10
1395525.06237194
20
360586.784029407
30
0.0
39
0.0
210
0.0
220
0.0
230
1.0
50
360.0
0
TEXT
5
33A
330
1C
100
AcDbEntity
67
0
8
15 - историческая планировочная структура
62
7
6
ByLayer
370
-1
48
1.0
60
0
100
AcDbText
1
396
10
1395525.19149981
20
360587.058469446
30
0.0
40
0.31111111111
41
1.0
50
0.0
51
0.0
7
Standard
11
1395525.19149981
21
360587.058469446
31
0.0
210
0.0
220
0.0
230
1.0
71
0
72
0
100
AcDbText
73
0
0
POINT
5
33B
330
1C
100
AcDbEntity
67
0
8
15 - историческая планировочная структура
62
256
6
ByLayer
370
-1
48
1.0
60
0
100
AcDbPoint
10
1395522.78523385
20
360581.336246638
30
0.0
39
0.0
210
0.0
220
0.0
230
1.0
50
360.0
0
TEXT
5
33C
330
1C
100
AcDbEntity
67
0
8
15 - историческая планировочная структура
62
7
6
ByLayer
370
-1
48
1.0
60
0
100
AcDbText
1
397
10
1395522.91436173
20
360581.610686678
30
0.0
40
0.31111111111
41
1.0
50
0.0
51
0.0
7
Standard
11
1395522.91436173
21
360581.610686678
31
0.0
210
0.0
220
0.0
230
1.0
71
0
72
0
100
AcDbText
73
0
0
POINT
5
33D
330
1C
100
AcDbEntity
67
0
8
15 - историческая планировочная структура
62
256
6
ByLayer
370
-1
48
1.0
60
0
100
AcDbPoint
10
1395521.09826848
20
360575.677815547
30
0.0
39
0.0
210
0.0
220
0.0
230
1.0
50
360.0
0
TEXT
5
33E
330
1C
100
AcDbEntity
67
0
8
15 - историческая планировочная структура
62
7
6
ByLayer
370
-1
48
1.0
60
0
100
AcDbText
1
398
10
1395521.22739638
20
360575.952255579
30
0.0
40
0.31111111111
41
1.0
50
0.0
51
0.0
7
Standard
11
1395521.22739638
21
360575.952255579
31
0.0
210
0.0
220
0.0
230
1.0
71
0
72
0
100
AcDbText
73
0
0
POINT
5
33F
330
1C
100
AcDbEntity
67
0
8
15 - историческая планировочная структура
62
256
6
ByLayer
370
-1
48
1.0
60
0
100
AcDbPoint
10
1395520.02047646
20
360569.872468123
30
0.0
39
0.0
210
0.0
220
0.0
230
1.0
50
360.0
0
TEXT
5
340
330
1C
100
AcDbEntity
67
0
8
15 - историческая планировочная структура
62
7
6
ByLayer
370
-1
48
1.0
60
0
100
AcDbText
1
399
10
1395520.14960437
20
360570.146908156
30
0.0
40
0.31111111111
41
1.0
50
0.0
51
0.0
7
Standard
11
1395520.14960437
21
360570.146908156
31
0.0
210
0.0
220
0.0
230
1.0
71
0
72
0
100
AcDbText
73
0
0
POINT
5
341
330
1C
100
AcDbEntity
67
0
8
15 - историческая планировочная структура
62
256
6
ByLayer
370
-1
48
1.0
60
0
100
AcDbPoint
10
1395519.56399715
20
360563.985591121
30
0.0
39
0.0
210
0.0
220
0.0
230
1.0
50
360.0
0
TEXT
5
342
330
1C
100
AcDbEntity
67
0
8
15 - историческая планировочная структура
62
7
6
ByLayer
370
-1
48
1.0
60
0
100
AcDbText
1
400
10
1395519.69312506
20
360564.260031151
30
0.0
40
0.31111111111
41
1.0
50
0.0
51
0.0
7
Standard
11
1395519.69312506
21
360564.260031151
31
0.0
210
0.0
220
0.0
230
1.0
71
0
72
0
100
AcDbText
73
0
0
POINT
5
343
330
1C
100
AcDbEntity
67
0
8
15 - историческая планировочная структура
62
256
6
ByLayer
370
-1
48
1.0
60
0
100
AcDbPoint
10
1395519.73397195
20
360558.083489564
30
0.0
39
0.0
210
0.0
220
0.0
230
1.0
50
360.0
0
TEXT
5
344
330
1C
100
AcDbEntity
67
0
8
15 - историческая планировочная структура
62
7
6
ByLayer
370
-1
48
1.0
60
0
100
AcDbText
1
401
10
1395519.86309988
20
360558.3579296
30
0.0
40
0.31111111111
41
1.0
50
0.0
51
0.0
7
Standard
11
1395519.86309988
21
360558.3579296
31
0.0
210
0.0
220
0.0
230
1.0
71
0
72
0
100
AcDbText
73
0
0
POINT
5
345
330
1C
100
AcDbEntity
67
0
8
15 - историческая планировочная структура
62
256
6
ByLayer
370
-1
48
1.0
60
0
100
AcDbPoint
10
1395520.52848642
20
360552.23263997
30
0.0
39
0.0
210
0.0
220
0.0
230
1.0
50
360.0
0
TEXT
5
346
330
1C
100
AcDbEntity
67
0
8
15 - историческая планировочная структура
62
7
6
ByLayer
370
-1
48
1.0
60
0
100
AcDbText
1
402
10
1395520.65761436
20
360552.507080003
30
0.0
40
0.31111111111
41
1.0
50
0.0
51
0.0
7
Standard
11
1395520.65761436
21
360552.507080003
31
0.0
210
0.0
220
0.0
230
1.0
71
0
72
0
100
AcDbText
73
0
0
POINT
5
347
330
1C
100
AcDbEntity
67
0
8
15 - историческая планировочная структура
62
256
6
ByLayer
370
-1
48
1.0
60
0
100
AcDbPoint
10
1395530.61150242
20
360496.7787212
30
0.0
39
0.0
210
0.0
220
0.0
230
1.0
50
360.0
0
TEXT
5
348
330
1C
100
AcDbEntity
67
0
8
15 - историческая планировочная структура
62
7
6
ByLayer
370
-1
48
1.0
60
0
100
AcDbText
1
403
10
1395530.74063046
20
360497.053161256
30
0.0
40
0.31111111111
41
1.0
50
0.0
51
0.0
7
Standard
11
1395530.74063046
21
360497.053161256
31
0.0
210
0.0
220
0.0
230
1.0
71
0
72
0
100
AcDbText
73
0
0
POINT
5
349
330
1C
100
AcDbEntity
67
0
8
15 - историческая планировочная структура
62
256
6
ByLayer
370
-1
48
1.0
60
0
100
AcDbPoint
10
1395563.86140904
20
360440.821501898
30
0.0
39
0.0
210
0.0
220
0.0
230
1.0
50
360.0
0
TEXT
5
34A
330
1C
100
AcDbEntity
67
0
8
15 - историческая планировочная структура
62
7
6
ByLayer
370
-1
48
1.0
60
0
100
AcDbText
1
404
10
1395563.99053718
20
360441.095942014
30
0.0
40
0.31111111111
41
1.0
50
0.0
51
0.0
7
Standard
11
1395563.99053718
21
360441.095942014
31
0.0
210
0.0
220
0.0
230
1.0
71
0
72
0
100
AcDbText
73
0
0
POINT
5
34B
330
1C
100
AcDbEntity
67
0
8
15 - историческая планировочная структура
62
256
6
ByLayer
370
-1
48
1.0
60
0
100
AcDbPoint
10
1395570.05532536
20
360426.721856786
30
0.0
39
0.0
210
0.0
220
0.0
230
1.0
50
360.0
0
TEXT
5
34C
330
1C
100
AcDbEntity
67
0
8
15 - историческая планировочная структура
62
7
6
ByLayer
370
-1
48
1.0
60
0
100
AcDbText
1
405
10
1395570.18445352
20
360426.996296917
30
0.0
40
0.31111111111
41
1.0
50
0.0
51
0.0
7
Standard
11
1395570.18445352
21
360426.996296917
31
0.0
210
0.0
220
0.0
230
1.0
71
0
72
0
100
AcDbText
73
0
0
POINT
5
34D
330
1C
100
AcDbEntity
67
0
8
15 - историческая планировочная структура
62
256
6
ByLayer
370
-1
48
1.0
60
0
100
AcDbPoint
10
1395570.35046852
20
360407.447210008
30
0.0
39
0.0
210
0.0
220
0.0
230
1.0
50
360.0
0
TEXT
5
34E
330
1C
100
AcDbEntity
67
0
8
15 - историческая планировочная структура
62
7
6
ByLayer
370
-1
48
1.0
60
0
100
AcDbText
1
406
10
1395570.47959672
20
360407.721650134
30
0.0
40
0.31111111111
41
1.0
50
0.0
51
0.0
7
Standard
11
1395570.47959672
21
360407.721650134
31
0.0
210
0.0
220
0.0
230
1.0
71
0
72
0
100
AcDbText
73
0
0
POINT
5
34F
330
1C
100
AcDbEntity
67
0
8
15 - историческая планировочная структура
62
256
6
ByLayer
370
-1
48
1.0
60
0
100
AcDbPoint
10
1395519.97909505
20
360196.018534712
30
0.0
39
0.0
210
0.0
220
0.0
230
1.0
50
360.0
0
TEXT
5
350
330
1C
100
AcDbEntity
67
0
8
15 - историческая планировочная структура
62
7
6
ByLayer
370
-1
48
1.0
60
0
100
AcDbText
1
407
10
1395520.10822364
20
360196.292974754
30
0.0
40
0.31111111111
41
1.0
50
0.0
51
0.0
7
Standard
11
1395520.10822364
21
360196.292974754
31
0.0
210
0.0
220
0.0
230
1.0
71
0
72
0
100
AcDbText
73
0
0
POINT
5
351
330
1C
100
AcDbEntity
67
0
8
15 - историческая планировочная структура
62
256
6
ByLayer
370
-1
48
1.0
60
0
100
AcDbPoint
10
1395487.86940605
20
360058.043991098
30
0.0
39
0.0
210
0.0
220
0.0
230
1.0
50
360.0
0
TEXT
5
352
330
1C
100
AcDbEntity
67
0
8
15 - историческая планировочная структура
62
7
6
ByLayer
370
-1
48
1.0
60
0
100
AcDbText
1
408
10
1395487.99853489
20
360058.318431084
30
0.0
40
0.31111111111
41
1.0
50
0.0
51
0.0
7
Standard
11
1395487.99853489
21
360058.318431084
31
0.0
210
0.0
220
0.0
230
1.0
71
0
72
0
100
AcDbText
73
0
0
POINT
5
353
330
1C
100
AcDbEntity
67
0
8
15 - историческая планировочная структура
62
256
6
ByLayer
370
-1
48
1.0
60
0
100
AcDbPoint
10
1395464.25427191
20
359944.757128408
30
0.0
39
0.0
210
0.0
220
0.0
230
1.0
50
360.0
0
TEXT
5
354
330
1C
100
AcDbEntity
67
0
8
15 - историческая планировочная структура
62
7
6
ByLayer
370
-1
48
1.0
60
0
100
AcDbText
1
409
10
1395464.38340096
20
359945.031568356
30
0.0
40
0.31111111111
41
1.0
50
0.0
51
0.0
7
Standard
11
1395464.38340096
21
359945.031568356
31
0.0
210
0.0
220
0.0
230
1.0
71
0
72
0
100
AcDbText
73
0
0
POINT
5
355
330
1C
100
AcDbEntity
67
0
8
15 - историческая планировочная структура
62
256
6
ByLayer
370
-1
48
1.0
60
0
100
AcDbPoint
10
1395336.59734674
20
359907.980607575
30
0.0
39
0.0
210
0.0
220
0.0
230
1.0
50
360.0
0
TEXT
5
356
330
1C
100
AcDbEntity
67
0
8
15 - историческая планировочная структура
62
7
6
ByLayer
370
-1
48
1.0
60
0
100
AcDbText
1
410
10
1395336.72647586
20
359908.25504729
30
0.0
40
0.31111111111
41
1.0
50
0.0
51
0.0
7
Standard
11
1395336.72647586
21
359908.25504729
31
0.0
210
0.0
220
0.0
230
1.0
71
0
72
0
100
AcDbText
73
0
0
POINT
5
357
330
1C
100
AcDbEntity
67
0
8
15 - историческая планировочная структура
62
256
6
ByLayer
370
-1
48
1.0
60
0
100
AcDbPoint
10
1395327.17939614
20
359906.460299681
30
0.0
39
0.0
210
0.0
220
0.0
230
1.0
50
360.0
0
TEXT
5
358
330
1C
100
AcDbEntity
67
0
8
15 - историческая планировочная структура
62
7
6
ByLayer
370
-1
48
1.0
60
0
100
AcDbText
1
411
10
1395327.30852526
20
359906.734739375
30
0.0
40
0.31111111111
41
1.0
50
0.0
51
0.0
7
Standard
11
1395327.30852526
21
359906.734739375
31
0.0
210
0.0
220
0.0
230
1.0
71
0
72
0
100
AcDbText
73
0
0
POINT
5
359
330
1C
100
AcDbEntity
67
0
8
15 - историческая планировочная структура
62
256
6
ByLayer
370
-1
48
1.0
60
0
100
AcDbPoint
10
1395269.90341049
20
359664.200984593
30
0.0
39
0.0
210
0.0
220
0.0
230
1.0
50
360.0
0
TEXT
5
35A
330
1C
100
AcDbEntity
67
0
8
15 - историческая планировочная структура
62
7
6
ByLayer
370
-1
48
1.0
60
0
100
AcDbText
1
412
10
1395270.03254005
20
359664.475424193
30
0.0
40
0.31111111111
41
1.0
50
0.0
51
0.0
7
Standard
11
1395270.03254005
21
359664.475424193
31
0.0
210
0.0
220
0.0
230
1.0
71
0
72
0
100
AcDbText
73
0
0
POINT
5
35B
330
1C
100
AcDbEntity
67
0
8
15 - историческая планировочная структура
62
256
6
ByLayer
370
-1
48
1.0
60
0
100
AcDbPoint
10
1394468.62890565
20
360631.766169696
30
0.0
39
0.0
210
0.0
220
0.0
230
1.0
50
360.0
0
TEXT
5
35C
330
1C
100
AcDbEntity
67
0
8
15 - историческая планировочная структура
62
7
6
ByLayer
370
-1
48
1.0
60
0
100
AcDbText
1
413
10
1394468.75803348
20
360632.040607809
30
0.0
40
0.31111111111
41
1.0
50
0.0
51
0.0
7
Standard
11
1394468.75803348
21
360632.040607809
31
0.0
210
0.0
220
0.0
230
1.0
71
0
72
0
100
AcDbText
73
0
0
POINT
5
35D
330
1C
100
AcDbEntity
67
0
8
15 - историческая планировочная структура
62
256
6
ByLayer
370
-1
48
1.0
60
0
100
AcDbPoint
10
1394463.29100306
20
360593.908046256
30
0.0
39
0.0
210
0.0
220
0.0
230
1.0
50
360.0
0
TEXT
5
35E
330
1C
100
AcDbEntity
67
0
8
15 - историческая планировочная структура
62
7
6
ByLayer
370
-1
48
1.0
60
0
100
AcDbText
1
414
10
1394463.42013095
20
360594.182484359
30
0.0
40
0.31111111111
41
1.0
50
0.0
51
0.0
7
Standard
11
1394463.42013095
21
360594.182484359
31
0.0
210
0.0
220
0.0
230
1.0
71
0
72
0
100
AcDbText
73
0
0
POINT
5
35F
330
1C
100
AcDbEntity
67
0
8
15 - историческая планировочная структура
62
256
6
ByLayer
370
-1
48
1.0
60
0
100
AcDbPoint
10
1394405.87813361
20
360331.129230443
30
0.0
39
0.0
210
0.0
220
0.0
230
1.0
50
360.0
0
TEXT
5
360
330
1C
100
AcDbEntity
67
0
8
15 - историческая планировочная структура
62
7
6
ByLayer
370
-1
48
1.0
60
0
100
AcDbText
1
415
10
1394406.00726198
20
360331.40366845
30
0.0
40
0.31111111111
41
1.0
50
0.0
51
0.0
7
Standard
11
1394406.00726198
21
360331.40366845
31
0.0
210
0.0
220
0.0
230
1.0
71
0
72
0
100
AcDbText
73
0
0
POINT
5
361
330
1C
100
AcDbEntity
67
0
8
15 - историческая планировочная структура
62
256
6
ByLayer
370
-1
48
1.0
60
0
100
AcDbPoint
10
1394384.82927689
20
360245.106658205
30
0.0
39
0.0
210
0.0
220
0.0
230
1.0
50
360.0
0
TEXT
5
362
330
1C
100
AcDbEntity
67
0
8
15 - историческая планировочная структура
62
7
6
ByLayer
370
-1
48
1.0
60
0
100
AcDbText
1
416
10
1394384.95840543
20
360245.381096177
30
0.0
40
0.31111111111
41
1.0
50
0.0
51
0.0
7
Standard
11
1394384.95840543
21
360245.381096177
31
0.0
210
0.0
220
0.0
230
1.0
71
0
72
0
100
AcDbText
73
0
0
POINT
5
363
330
1C
100
AcDbEntity
67
0
8
15 - историческая планировочная структура
62
256
6
ByLayer
370
-1
48
1.0
60
0
100
AcDbPoint
10
1394249.53069628
20
360277.100192595
30
0.0
39
0.0
210
0.0
220
0.0
230
1.0
50
360.0
0
TEXT
5
364
330
1C
100
AcDbEntity
67
0
8
15 - историческая планировочная структура
62
7
6
ByLayer
370
-1
48
1.0
60
0
100
AcDbText
1
417
10
1394249.65982476
20
360277.374630318
30
0.0
40
0.31111111111
41
1.0
50
0.0
51
0.0
7
Standard
11
1394249.65982476
21
360277.374630318
31
0.0
210
0.0
220
0.0
230
1.0
71
0
72
0
100
AcDbText
73
0
0
POINT
5
365
330
1C
100
AcDbEntity
67
0
8
15 - историческая планировочная структура
62
256
6
ByLayer
370
-1
48
1.0
60
0
100
AcDbPoint
10
1394258.43593462
20
360265.410681287
30
0.0
39
0.0
210
0.0
220
0.0
230
1.0
50
360.0
0
TEXT
5
366
330
1C
100
AcDbEntity
67
0
8
15 - историческая планировочная структура
62
7
6
ByLayer
370
-1
48
1.0
60
0
100
AcDbText
1
418
10
1394258.56506311
20
360265.685119028
30
0.0
40
0.31111111111
41
1.0
50
0.0
51
0.0
7
Standard
11
1394258.56506311
21
360265.685119028
31
0.0
210
0.0
220
0.0
230
1.0
71
0
72
0
100
AcDbText
73
0
0
POINT
5
367
330
1C
100
AcDbEntity
67
0
8
15 - историческая планировочная структура
62
256
6
ByLayer
370
-1
48
1.0
60
0
100
AcDbPoint
10
1394626.59901766
20
360193.06699445
30
0.0
39
0.0
210
0.0
220
0.0
230
1.0
50
360.0
0
TEXT
5
368
330
1C
100
AcDbEntity
67
0
8
15 - историческая планировочная структура
62
7
6
ByLayer
370
-1
48
1.0
60
0
100
AcDbText
1
419
10
1394626.72814628
20
360193.341432862
30
0.0
40
0.31111111111
41
1.0
50
0.0
51
0.0
7
Standard
11
1394626.72814628
21
360193.341432862
31
0.0
210
0.0
220
0.0
230
1.0
71
0
72
0
100
AcDbText
73
0
0
POINT
5
369
330
1C
100
AcDbEntity
67
0
8
15 - историческая планировочная структура
62
256
6
ByLayer
370
-1
48
1.0
60
0
100
AcDbPoint
10
1394727.18241812
20
360539.534686065
30
0.0
39
0.0
210
0.0
220
0.0
230
1.0
50
360.0
0
TEXT
5
36A
330
1C
100
AcDbEntity
67
0
8
15 - историческая планировочная структура
62
7
6
ByLayer
370
-1
48
1.0
60
0
100
AcDbText
1
420
10
1394727.3115461
20
360539.809124652
30
0.0
40
0.31111111111
41
1.0
50
0.0
51
0.0
7
Standard
11
1394727.3115461
21
360539.809124652
31
0.0
210
0.0
220
0.0
230
1.0
71
0
72
0
100
AcDbText
73
0
0
POINT
5
36B
330
1C
100
AcDbEntity
67
0
8
15 - историческая планировочная структура
62
256
6
ByLayer
370
-1
48
1.0
60
0
100
AcDbPoint
10
1394759.17458056
20
360531.309558183
30
0.0
39
0.0
210
0.0
220
0.0
230
1.0
50
360.0
0
TEXT
5
36C
330
1C
100
AcDbEntity
67
0
8
15 - историческая планировочная структура
62
7
6
ByLayer
370
-1
48
1.0
60
0
100
AcDbText
1
421
10
1394759.30370856
20
360531.583996831
30
0.0
40
0.31111111111
41
1.0
50
0.0
51
0.0
7
Standard
11
1394759.30370856
21
360531.583996831
31
0.0
210
0.0
220
0.0
230
1.0
71
0
72
0
100
AcDbText
73
0
0
POINT
5
36D
330
1C
100
AcDbEntity
67
0
8
15 - историческая планировочная структура
62
256
6
ByLayer
370
-1
48
1.0
60
0
100
AcDbPoint
10
1394960.26947749
20
360477.339857806
30
0.0
39
0.0
210
0.0
220
0.0
230
1.0
50
360.0
0
TEXT
5
36E
330
1C
100
AcDbEntity
67
0
8
15 - историческая планировочная структура
62
7
6
ByLayer
370
-1
48
1.0
60
0
100
AcDbText
1
422
10
1394960.39860559
20
360477.614296821
30
0.0
40
0.31111111111
41
1.0
50
0.0
51
0.0
7
Standard
11
1394960.39860559
21
360477.614296821
31
0.0
210
0.0
220
0.0
230
1.0
71
0
72
0
100
AcDbText
73
0
0
POINT
5
36F
330
1C
100
AcDbEntity
67
0
8
15 - историческая планировочная структура
62
256
6
ByLayer
370
-1
48
1.0
60
0
100
AcDbPoint
10
1394974.77655546
20
360473.446457741
30
0.0
39
0.0
210
0.0
220
0.0
230
1.0
50
360.0
0
TEXT
5
370
330
1C
100
AcDbEntity
67
0
8
15 - историческая планировочная структура
62
7
6
ByLayer
370
-1
48
1.0
60
0
100
AcDbText
1
423
10
1394974.90568356
20
360473.720896781
30
0.0
40
0.31111111111
41
1.0
50
0.0
51
0.0
7
Standard
11
1394974.90568356
21
360473.720896781
31
0.0
210
0.0
220
0.0
230
1.0
71
0
72
0
100
AcDbText
73
0
0
POINT
5
371
330
1C
100
AcDbEntity
67
0
8
15 - историческая планировочная структура
62
256
6
ByLayer
370
-1
48
1.0
60
0
100
AcDbPoint
10
1394978.18050207
20
360472.532908762
30
0.0
39
0.0
210
0.0
220
0.0
230
1.0
50
360.0
0
TEXT
5
372
330
1C
100
AcDbEntity
67
0
8
15 - историческая планировочная структура
62
7
6
ByLayer
370
-1
48
1.0
60
0
100
AcDbText
1
424
10
1394978.30963017
20
360472.807347811
30
0.0
40
0.31111111111
41
1.0
50
0.0
51
0.0
7
Standard
11
1394978.30963017
21
360472.807347811
31
0.0
210
0.0
220
0.0
230
1.0
71
0
72
0
100
AcDbText
73
0
0
POINT
5
373
330
1C
100
AcDbEntity
67
0
8
15 - историческая планировочная структура
62
256
6
ByLayer
370
-1
48
1.0
60
0
100
AcDbPoint
10
1395208.87464674
20
360413.620549222
30
0.0
39
0.0
210
0.0
220
0.0
230
1.0
50
360.0
0
TEXT
5
374
330
1C
100
AcDbEntity
67
0
8
15 - историческая планировочная структура
62
7
6
ByLayer
370
-1
48
1.0
60
0
100
AcDbText
1
425
10
1395209.00377494
20
360413.894988692
30
0.0
40
0.31111111111
41
1.0
50
0.0
51
0.0
7
Standard
11
1395209.00377494
21
360413.894988692
31
0.0
210
0.0
220
0.0
230
1.0
71
0
72
0
100
AcDbText
73
0
0
POINT
5
375
330
1C
100
AcDbEntity
67
0
8
15 - историческая планировочная структура
62
256
6
ByLayer
370
-1
48
1.0
60
0
100
AcDbPoint
10
1395208.8981271
20
360413.61329879
30
0.0
39
0.0
210
0.0
220
0.0
230
1.0
50
360.0
0
TEXT
5
376
330
1C
100
AcDbEntity
67
0
8
15 - историческая планировочная структура
62
7
6
ByLayer
370
-1
48
1.0
60
0
100
AcDbText
1
426
10
1395209.02725531
20
360413.88773826
30
0.0
40
0.31111111111
41
1.0
50
0.0
51
0.0
7
Standard
11
1395209.02725531
21
360413.88773826
31
0.0
210
0.0
220
0.0
230
1.0
71
0
72
0
100
AcDbText
73
0
0
POINT
5
377
330
1C
100
AcDbEntity
67
0
8
15 - историческая планировочная структура
62
256
6
ByLayer
370
-1
48
1.0
60
0
100
AcDbPoint
10
1395223.30953036
20
360409.163244183
30
0.0
39
0.0
210
0.0
220
0.0
230
1.0
50
360.0
0
TEXT
5
378
330
1C
100
AcDbEntity
67
0
8
15 - историческая планировочная структура
62
7
6
ByLayer
370
-1
48
1.0
60
0
100
AcDbText
1
427
10
1395223.43865857
20
360409.437683675
30
0.0
40
0.31111111111
41
1.0
50
0.0
51
0.0
7
Standard
11
1395223.43865857
21
360409.437683675
31
0.0
210
0.0
220
0.0
230
1.0
71
0
72
0
100
AcDbText
73
0
0
POINT
5
379
330
1C
100
AcDbEntity
67
0
8
15 - историческая планировочная структура
62
256
6
ByLayer
370
-1
48
1.0
60
0
100
AcDbPoint
10
1395229.69159951
20
360407.192543858
30
0.0
39
0.0
210
0.0
220
0.0
230
1.0
50
360.0
0
TEXT
5
37A
330
1C
100
AcDbEntity
67
0
8
15 - историческая планировочная структура
62
7
6
ByLayer
370
-1
48
1.0
60
0
100
AcDbText
1
428
10
1395229.82072772
20
360407.466983367
30
0.0
40
0.31111111111
41
1.0
50
0.0
51
0.0
7
Standard
11
1395229.82072772
21
360407.466983367
31
0.0
210
0.0
220
0.0
230
1.0
71
0
72
0
100
AcDbText
73
0
0
POINT
5
37B
330
1C
100
AcDbEntity
67
0
8
15 - историческая планировочная структура
62
256
6
ByLayer
370
-1
48
1.0
60
0
100
AcDbPoint
10
1395544.74960146
20
360327.67554088
30
0.0
39
0.0
210
0.0
220
0.0
230
1.0
50
360.0
0
TEXT
5
37C
330
1C
100
AcDbEntity
67
0
8
15 - историческая планировочная структура
62
7
6
ByLayer
370
-1
48
1.0
60
0
100
AcDbText
1
429
10
1395544.87872981
20
360327.949980965
30
0.0
40
0.31111111111
41
1.0
50
0.0
51
0.0
7
Standard
11
1395544.87872981
21
360327.949980965
31
0.0
210
0.0
220
0.0
230
1.0
71
0
72
0
100
AcDbText
73
0
0
POINT
5
37D
330
1C
100
AcDbEntity
67
0
8
15 - историческая планировочная структура
62
256
6
ByLayer
370
-1
48
1.0
60
0
100
AcDbPoint
10
1395014.06423364
20
360596.609816789
30
0.0
39
0.0
210
0.0
220
0.0
230
1.0
50
360.0
0
TEXT
5
37E
330
1C
100
AcDbEntity
67
0
8
15 - историческая планировочная структура
62
7
6
ByLayer
370
-1
48
1.0
60
0
100
AcDbText
1
430
10
1395014.19336152
20
360596.884255897
30
0.0
40
0.31111111111
41
1.0
50
0.0
51
0.0
7
Standard
11
1395014.19336152
21
360596.884255897
31
0.0
210
0.0
220
0.0
230
1.0
71
0
72
0
100
AcDbText
73
0
0
POINT
5
37F
330
1C
100
AcDbEntity
67
0
8
15 - историческая планировочная структура
62
256
6
ByLayer
370
-1
48
1.0
60
0
100
AcDbPoint
10
1395016.08106015
20
360594.569863088
30
0.0
39
0.0
210
0.0
220
0.0
230
1.0
50
360.0
0
TEXT
5
380
330
1C
100
AcDbEntity
67
0
8
15 - историческая планировочная структура
62
7
6
ByLayer
370
-1
48
1.0
60
0
100
AcDbText
1
431
10
1395016.21018802
20
360594.844302199
30
0.0
40
0.31111111111
41
1.0
50
0.0
51
0.0
7
Standard
11
1395016.21018802
21
360594.844302199
31
0.0
210
0.0
220
0.0
230
1.0
71
0
72
0
100
AcDbText
73
0
0
POINT
5
381
330
1C
100
AcDbEntity
67
0
8
15 - историческая планировочная структура
62
256
6
ByLayer
370
-1
48
1.0
60
0
100
AcDbPoint
10
1395067.96755709
20
360579.877667786
30
0.0
39
0.0
210
0.0
220
0.0
230
1.0
50
360.0
0
TEXT
5
382
330
1C
100
AcDbEntity
67
0
8
15 - историческая планировочная структура
62
7
6
ByLayer
370
-1
48
1.0
60
0
100
AcDbText
1
432
10
1395068.09668499
20
360580.152106994
30
0.0
40
0.31111111111
41
1.0
50
0.0
51
0.0
7
Standard
11
1395068.09668499
21
360580.152106994
31
0.0
210
0.0
220
0.0
230
1.0
71
0
72
0
100
AcDbText
73
0
0
POINT
5
383
330
1C
100
AcDbEntity
67
0
8
15 - историческая планировочная структура
62
256
6
ByLayer
370
-1
48
1.0
60
0
100
AcDbPoint
10
1395082.45341162
20
360578.696800527
30
0.0
39
0.0
210
0.0
220
0.0
230
1.0
50
360.0
0
TEXT
5
384
330
1C
100
AcDbEntity
67
0
8
15 - историческая планировочная структура
62
7
6
ByLayer
370
-1
48
1.0
60
0
100
AcDbText
1
433
10
1395082.58253953
20
360578.971239762
30
0.0
40
0.31111111111
41
1.0
50
0.0
51
0.0
7
Standard
11
1395082.58253953
21
360578.971239762
31
0.0
210
0.0
220
0.0
230
1.0
71
0
72
0
100
AcDbText
73
0
0
POINT
5
385
330
1C
100
AcDbEntity
67
0
8
15 - историческая планировочная структура
62
256
6
ByLayer
370
-1
48
1.0
60
0
100
AcDbPoint
10
1395242.58006675
20
360537.444555663
30
0.0
39
0.0
210
0.0
220
0.0
230
1.0
50
360.0
0
TEXT
5
386
330
1C
100
AcDbEntity
67
0
8
15 - историческая планировочная структура
62
7
6
ByLayer
370
-1
48
1.0
60
0
100
AcDbText
1
434
10
1395242.70919472
20
360537.71899519
30
0.0
40
0.31111111111
41
1.0
50
0.0
51
0.0
7
Standard
11
1395242.70919472
21
360537.71899519
31
0.0
210
0.0
220
0.0
230
1.0
71
0
72
0
100
AcDbText
73
0
0
POINT
5
387
330
1C
100
AcDbEntity
67
0
8
15 - историческая планировочная структура
62
256
6
ByLayer
370
-1
48
1.0
60
0
100
AcDbPoint
10
1395325.38372596
20
360513.417899537
30
0.0
39
0.0
210
0.0
220
0.0
230
1.0
50
360.0
0
TEXT
5
388
330
1C
100
AcDbEntity
67
0
8
15 - историческая планировочная структура
62
7
6
ByLayer
370
-1
48
1.0
60
0
100
AcDbText
1
435
10
1395325.51285398
20
360513.692339219
30
0.0
40
0.31111111111
41
1.0
50
0.0
51
0.0
7
Standard
11
1395325.51285398
21
360513.692339219
31
0.0
210
0.0
220
0.0
230
1.0
71
0
72
0
100
AcDbText
73
0
0
POINT
5
389
330
1C
100
AcDbEntity
67
0
8
15 - историческая планировочная структура
62
256
6
ByLayer
370
-1
48
1.0
60
0
100
AcDbPoint
10
1395390.68716541
20
360495.828111541
30
0.0
39
0.0
210
0.0
220
0.0
230
1.0
50
360.0
0
TEXT
5
38A
330
1C
100
AcDbEntity
67
0
8
15 - историческая планировочная структура
62
7
6
ByLayer
370
-1
48
1.0
60
0
100
AcDbText
1
436
10
1395390.81629346
20
360496.102551339
30
0.0
40
0.31111111111
41
1.0
50
0.0
51
0.0
7
Standard
11
1395390.81629346
21
360496.102551339
31
0.0
210
0.0
220
0.0
230
1.0
71
0
72
0
100
AcDbText
73
0
0
POINT
5
38B
330
1C
100
AcDbEntity
67
0
8
15 - историческая планировочная структура
62
256
6
ByLayer
370
-1
48
1.0
60
0
100
AcDbPoint
10
1395506.64720309
20
360467.797492094
30
0.0
39
0.0
210
0.0
220
0.0
230
1.0
50
360.0
0
TEXT
5
38C
330
1C
100
AcDbEntity
67
0
8
15 - историческая планировочная структура
62
7
6
ByLayer
370
-1
48
1.0
60
0
100
AcDbText
1
437
10
1395506.77633118
20
360468.071932107
30
0.0
40
0.31111111111
41
1.0
50
0.0
51
0.0
7
Standard
11
1395506.77633118
21
360468.071932107
31
0.0
210
0.0
220
0.0
230
1.0
71
0
72
0
100
AcDbText
73
0
0
POINT
5
38D
330
1C
100
AcDbEntity
67
0
8
15 - историческая планировочная структура
62
256
6
ByLayer
370
-1
48
1.0
60
0
100
AcDbPoint
10
1395535.7381873
20
360459.068848267
30
0.0
39
0.0
210
0.0
220
0.0
230
1.0
50
360.0
0
TEXT
5
38E
330
1C
100
AcDbEntity
67
0
8
15 - историческая планировочная структура
62
7
6
ByLayer
370
-1
48
1.0
60
0
100
AcDbText
1
438
10
1395535.8673154
20
360459.343288334
30
0.0
40
0.31111111111
41
1.0
50
0.0
51
0.0
7
Standard
11
1395535.8673154
21
360459.343288334
31
0.0
210
0.0
220
0.0
230
1.0
71
0
72
0
100
AcDbText
73
0
0
POINT
5
38F
330
1C
100
AcDbEntity
67
0
8
15 - историческая планировочная структура
62
256
6
ByLayer
370
-1
48
1.0
60
0
100
AcDbPoint
10
1395540.88676084
20
360459.009968227
30
0.0
39
0.0
210
0.0
220
0.0
230
1.0
50
360.0
0
TEXT
5
390
330
1C
100
AcDbEntity
67
0
8
15 - историческая планировочная структура
62
7
6
ByLayer
370
-1
48
1.0
60
0
100
AcDbText
1
439
10
1395541.01588895
20
360459.284408298
30
0.0
40
0.31111111111
41
1.0
50
0.0
51
0.0
7
Standard
11
1395541.01588895
21
360459.284408298
31
0.0
210
0.0
220
0.0
230
1.0
71
0
72
0
100
AcDbText
73
0
0
POINT
5
391
330
1C
100
AcDbEntity
67
0
8
15 - историческая планировочная структура
62
256
6
ByLayer
370
-1
48
1.0
60
0
100
AcDbPoint
10
1395543.07461219
20
360459.554815724
30
0.0
39
0.0
210
0.0
220
0.0
230
1.0
50
360.0
0
TEXT
5
392
330
1C
100
AcDbEntity
67
0
8
15 - историческая планировочная структура
62
7
6
ByLayer
370
-1
48
1.0
60
0
100
AcDbText
1
440
10
1395543.2037403
20
360459.829255802
30
0.0
40
0.31111111111
41
1.0
50
0.0
51
0.0
7
Standard
11
1395543.2037403
21
360459.829255802
31
0.0
210
0.0
220
0.0
230
1.0
71
0
72
0
100
AcDbText
73
0
0
POINT
5
393
330
1C
100
AcDbEntity
67
0
8
15 - историческая планировочная структура
62
256
6
ByLayer
370
-1
48
1.0
60
0
100
AcDbPoint
10
1395544.64258919
20
360460.494427817
30
0.0
39
0.0
210
0.0
220
0.0
230
1.0
50
360.0
0
TEXT
5
394
330
1C
100
AcDbEntity
67
0
8
15 - историческая планировочная структура
62
7
6
ByLayer
370
-1
48
1.0
60
0
100
AcDbText
1
441
10
1395544.7717173
20
360460.768867896
30
0.0
40
0.31111111111
41
1.0
50
0.0
51
0.0
7
Standard
11
1395544.7717173
21
360460.768867896
31
0.0
210
0.0
220
0.0
230
1.0
71
0
72
0
100
AcDbText
73
0
0
POINT
5
395
330
1C
100
AcDbEntity
67
0
8
15 - историческая планировочная структура
62
256
6
ByLayer
370
-1
48
1.0
60
0
100
AcDbPoint
10
1394567.11382169
20
360444.56309324
30
0.0
39
0.0
210
0.0
220
0.0
230
1.0
50
360.0
0
TEXT
5
396
330
1C
100
AcDbEntity
67
0
8
15 - историческая планировочная структура
62
7
6
ByLayer
370
-1
48
1.0
60
0
100
AcDbText
1
442
10
1394567.24294985
20
360444.837531538
30
0.0
40
0.31111111111
41
1.0
50
0.0
51
0.0
7
Standard
11
1394567.24294985
21
360444.837531538
31
0.0
210
0.0
220
0.0
230
1.0
71
0
72
0
100
AcDbText
73
0
0
POINT
5
397
330
1C
100
AcDbEntity
67
0
8
15 - историческая планировочная структура
62
256
6
ByLayer
370
-1
48
1.0
60
0
100
AcDbPoint
10
1394683.50941872
20
360413.754710665
30
0.0
39
0.0
210
0.0
220
0.0
230
1.0
50
360.0
0
TEXT
5
398
330
1C
100
AcDbEntity
67
0
8
15 - историческая планировочная структура
62
7
6
ByLayer
370
-1
48
1.0
60
0
100
AcDbText
1
443
10
1394683.63854693
20
360414.029149177
30
0.0
40
0.31111111111
41
1.0
50
0.0
51
0.0
7
Standard
11
1394683.63854693
21
360414.029149177
31
0.0
210
0.0
220
0.0
230
1.0
71
0
72
0
100
AcDbText
73
0
0
POINT
5
399
330
1C
100
AcDbEntity
67
0
8
15 - историческая планировочная структура
62
256
6
ByLayer
370
-1
48
1.0
60
0
100
AcDbPoint
10
1394694.20501227
20
360410.923727329
30
0.0
39
0.0
210
0.0
220
0.0
230
1.0
50
360.0
0
TEXT
5
39A
330
1C
100
AcDbEntity
67
0
8
15 - историческая планировочная структура
62
7
6
ByLayer
370
-1
48
1.0
60
0
100
AcDbText
1
444
10
1394694.33414048
20
360411.19816586
30
0.0
40
0.31111111111
41
1.0
50
0.0
51
0.0
7
Standard
11
1394694.33414048
21
360411.19816586
31
0.0
210
0.0
220
0.0
230
1.0
71
0
72
0
100
AcDbText
73
0
0
POINT
5
39B
330
1C
100
AcDbEntity
67
0
8
15 - историческая планировочная структура
62
256
6
ByLayer
370
-1
48
1.0
60
0
100
AcDbPoint
10
1394698.26025712
20
360409.850357178
30
0.0
39
0.0
210
0.0
220
0.0
230
1.0
50
360.0
0
TEXT
5
39C
330
1C
100
AcDbEntity
67
0
8
15 - историческая планировочная структура
62
7
6
ByLayer
370
-1
48
1.0
60
0
100
AcDbText
1
445
10
1394698.38938534
20
360410.124795717
30
0.0
40
0.31111111111
41
1.0
50
0.0
51
0.0
7
Standard
11
1394698.38938534
21
360410.124795717
31
0.0
210
0.0
220
0.0
230
1.0
71
0
72
0
100
AcDbText
73
0
0
POINT
5
39D
330
1C
100
AcDbEntity
67
0
8
15 - историческая планировочная структура
62
256
6
ByLayer
370
-1
48
1.0
60
0
100
AcDbPoint
10
1394819.58024035
20
360378.103684002
30
0.0
39
0.0
210
0.0
220
0.0
230
1.0
50
360.0
0
TEXT
5
39E
330
1C
100
AcDbEntity
67
0
8
15 - историческая планировочная структура
62
7
6
ByLayer
370
-1
48
1.0
60
0
100
AcDbText
1
446
10
1394819.70936862
20
360378.378122762
30
0.0
40
0.31111111111
41
1.0
50
0.0
51
0.0
7
Standard
11
1394819.70936862
21
360378.378122762
31
0.0
210
0.0
220
0.0
230
1.0
71
0
72
0
100
AcDbText
73
0
0
POINT
5
39F
330
1C
100
AcDbEntity
67
0
8
15 - историческая планировочная структура
62
256
6
ByLayer
370
-1
48
1.0
60
0
100
AcDbPoint
10
1394929.062427
20
360349.348097816
30
0.0
39
0.0
210
0.0
220
0.0
230
1.0
50
360.0
0
TEXT
5
3A0
330
1C
100
AcDbEntity
67
0
8
15 - историческая планировочная структура
62
7
6
ByLayer
370
-1
48
1.0
60
0
100
AcDbText
1
447
10
1394929.19155533
20
360349.622536777
30
0.0
40
0.31111111111
41
1.0
50
0.0
51
0.0
7
Standard
11
1394929.19155533
21
360349.622536777
31
0.0
210
0.0
220
0.0
230
1.0
71
0
72
0
100
AcDbText
73
0
0
POINT
5
3A1
330
1C
100
AcDbEntity
67
0
8
15 - историческая планировочная структура
62
256
6
ByLayer
370
-1
48
1.0
60
0
100
AcDbPoint
10
1394943.54139879
20
360345.545183345
30
0.0
39
0.0
210
0.0
220
0.0
230
1.0
50
360.0
0
TEXT
5
3A2
330
1C
100
AcDbEntity
67
0
8
15 - историческая планировочная структура
62
7
6
ByLayer
370
-1
48
1.0
60
0
100
AcDbText
1
448
10
1394943.67052712
20
360345.819622329
30
0.0
40
0.31111111111
41
1.0
50
0.0
51
0.0
7
Standard
11
1394943.67052712
21
360345.819622329
31
0.0
210
0.0
220
0.0
230
1.0
71
0
72
0
100
AcDbText
73
0
0
POINT
5
3A3
330
1C
100
AcDbEntity
67
0
8
15 - историческая планировочная структура
62
256
6
ByLayer
370
-1
48
1.0
60
0
100
AcDbPoint
10
1394945.98095473
20
360344.904431848
30
0.0
39
0.0
210
0.0
220
0.0
230
1.0
50
360.0
0
TEXT
5
3A4
330
1C
100
AcDbEntity
67
0
8
15 - историческая планировочная структура
62
7
6
ByLayer
370
-1
48
1.0
60
0
100
AcDbText
1
449
10
1394946.11008306
20
360345.17887084
30
0.0
40
0.31111111111
41
1.0
50
0.0
51
0.0
7
Standard
11
1394946.11008306
21
360345.17887084
31
0.0
210
0.0
220
0.0
230
1.0
71
0
72
0
100
AcDbText
73
0
0
POINT
5
3A5
330
1C
100
AcDbEntity
67
0
8
15 - историческая планировочная структура
62
256
6
ByLayer
370
-1
48
1.0
60
0
100
AcDbPoint
10
1395099.43254522
20
360306.331749275
30
0.0
39
0.0
210
0.0
220
0.0
230
1.0
50
360.0
0
TEXT
5
3A6
330
1C
100
AcDbEntity
67
0
8
15 - историческая планировочная структура
62
7
6
ByLayer
370
-1
48
1.0
60
0
100
AcDbText
1
450
10
1395099.56167362
20
360306.606188548
30
0.0
40
0.31111111111
41
1.0
50
0.0
51
0.0
7
Standard
11
1395099.56167362
21
360306.606188548
31
0.0
210
0.0
220
0.0
230
1.0
71
0
72
0
100
AcDbText
73
0
0
POINT
5
3A7
330
1C
100
AcDbEntity
67
0
8
15 - историческая планировочная структура
62
256
6
ByLayer
370
-1
48
1.0
60
0
100
AcDbPoint
10
1395177.49211916
20
360286.426631637
30
0.0
39
0.0
210
0.0
220
0.0
230
1.0
50
360.0
0
TEXT
5
3A8
330
1C
100
AcDbEntity
67
0
8
15 - историческая планировочная структура
62
7
6
ByLayer
370
-1
48
1.0
60
0
100
AcDbText
1
451
10
1395177.6212476
20
360286.701071054
30
0.0
40
0.31111111111
41
1.0
50
0.0
51
0.0
7
Standard
11
1395177.6212476
21
360286.701071054
31
0.0
210
0.0
220
0.0
230
1.0
71
0
72
0
100
AcDbText
73
0
0
POINT
5
3A9
330
1C
100
AcDbEntity
67
0
8
15 - историческая планировочная структура
62
256
6
ByLayer
370
-1
48
1.0
60
0
100
AcDbPoint
10
1394412.14295759
20
360337.968174007
30
0.0
39
0.0
210
0.0
220
0.0
230
1.0
50
360.0
0
TEXT
5
3AA
330
1C
100
AcDbEntity
67
0
8
15 - историческая планировочная структура
62
7
6
ByLayer
370
-1
48
1.0
60
0
100
AcDbText
1
452
10
1394412.27208594
20
360338.242612023
30
0.0
40
0.31111111111
41
1.0
50
0.0
51
0.0
7
Standard
11
1394412.27208594
21
360338.242612023
31
0.0
210
0.0
220
0.0
230
1.0
71
0
72
0
100
AcDbText
73
0
0
POINT
5
3AB
330
1C
100
AcDbEntity
67
0
8
15 - историческая планировочная структура
62
256
6
ByLayer
370
-1
48
1.0
60
0
100
AcDbPoint
10
1394665.18497008
20
360273.544173173
30
0.0
39
0.0
210
0.0
220
0.0
230
1.0
50
360.0
0
TEXT
5
3AC
330
1C
100
AcDbEntity
67
0
8
15 - историческая планировочная структура
62
7
6
ByLayer
370
-1
48
1.0
60
0
100
AcDbText
1
453
10
1394665.31409855
20
360273.818611655
30
0.0
40
0.31111111111
41
1.0
50
0.0
51
0.0
7
Standard
11
1394665.31409855
21
360273.818611655
31
0.0
210
0.0
220
0.0
230
1.0
71
0
72
0
100
AcDbText
73
0
0
POINT
5
3AD
330
1C
100
AcDbEntity
67
0
8
15 - историческая планировочная структура
62
256
6
ByLayer
370
-1
48
1.0
60
0
100
AcDbPoint
10
1394666.53422019
20
360310.36562122
30
0.0
39
0.0
210
0.0
220
0.0
230
1.0
50
360.0
0
TEXT
5
3AE
330
1C
100
AcDbEntity
67
0
8
15 - историческая планировочная структура
62
7
6
ByLayer
370
-1
48
1.0
60
0
100
AcDbText
1
454
10
1394666.66334859
20
360310.640059707
30
0.0
40
0.31111111111
41
1.0
50
0.0
51
0.0
7
Standard
11
1394666.66334859
21
360310.640059707
31
0.0
210
0.0
220
0.0
230
1.0
71
0
72
0
100
AcDbText
73
0
0
POINT
5
3AF
330
1C
100
AcDbEntity
67
0
8
15 - историческая планировочная структура
62
256
6
ByLayer
370
-1
48
1.0
60
0
100
AcDbPoint
10
1394694.67081516
20
360276.043287234
30
0.0
39
0.0
210
0.0
220
0.0
230
1.0
50
360.0
0
TEXT
5
3B0
330
1C
100
AcDbEntity
67
0
8
15 - историческая планировочная структура
62
7
6
ByLayer
370
-1
48
1.0
60
0
100
AcDbText
1
455
10
1394694.79994362
20
360276.317725769
30
0.0
40
0.31111111111
41
1.0
50
0.0
51
0.0
7
Standard
11
1394694.79994362
21
360276.317725769
31
0.0
210
0.0
220
0.0
230
1.0
71
0
72
0
100
AcDbText
73
0
0
POINT
5
3B1
330
1C
100
AcDbEntity
67
0
8
15 - историческая планировочная структура
62
256
6
ByLayer
370
-1
48
1.0
60
0
100
AcDbPoint
10
1394897.41741999
20
360221.424398645
30
0.0
39
0.0
210
0.0
220
0.0
230
1.0
50
360.0
0
TEXT
5
3B2
330
1C
100
AcDbEntity
67
0
8
15 - историческая планировочная структура
62
7
6
ByLayer
370
-1
48
1.0
60
0
100
AcDbText
1
456
10
1394897.54654855
20
360221.69883755
30
0.0
40
0.31111111111
41
1.0
50
0.0
51
0.0
7
Standard
11
1394897.54654855
21
360221.69883755
31
0.0
210
0.0
220
0.0
230
1.0
71
0
72
0
100
AcDbText
73
0
0
POINT
5
3B3
330
1C
100
AcDbEntity
67
0
8
15 - историческая планировочная структура
62
256
6
ByLayer
370
-1
48
1.0
60
0
100
AcDbPoint
10
1394911.82133947
20
360217.544055934
30
0.0
39
0.0
210
0.0
220
0.0
230
1.0
50
360.0
0
TEXT
5
3B4
330
1C
100
AcDbEntity
67
0
8
15 - историческая планировочная структура
62
7
6
ByLayer
370
-1
48
1.0
60
0
100
AcDbText
1
457
10
1394911.95046804
20
360217.818494868
30
0.0
40
0.31111111111
41
1.0
50
0.0
51
0.0
7
Standard
11
1394911.95046804
21
360217.818494868
31
0.0
210
0.0
220
0.0
230
1.0
71
0
72
0
100
AcDbText
73
0
0
POINT
5
3B5
330
1C
100
AcDbEntity
67
0
8
15 - историческая планировочная структура
62
256
6
ByLayer
370
-1
48
1.0
60
0
100
AcDbPoint
10
1394913.24268561
20
360217.161152501
30
0.0
39
0.0
210
0.0
220
0.0
230
1.0
50
360.0
0
TEXT
5
3B6
330
1C
100
AcDbEntity
67
0
8
15 - историческая планировочная структура
62
7
6
ByLayer
370
-1
48
1.0
60
0
100
AcDbText
1
458
10
1394913.37181418
20
360217.435591437
30
0.0
40
0.31111111111
41
1.0
50
0.0
51
0.0
7
Standard
11
1394913.37181418
21
360217.435591437
31
0.0
210
0.0
220
0.0
230
1.0
71
0
72
0
100
AcDbText
73
0
0
POINT
5
3B7
330
1C
100
AcDbEntity
67
0
8
15 - историческая планировочная структура
62
256
6
ByLayer
370
-1
48
1.0
60
0
100
AcDbPoint
10
1395146.32495282
20
360158.217053446
30
0.0
39
0.0
210
0.0
220
0.0
230
1.0
50
360.0
0
TEXT
5
3B8
330
1C
100
AcDbEntity
67
0
8
15 - историческая планировочная структура
62
7
6
ByLayer
370
-1
48
1.0
60
0
100
AcDbText
1
459
10
1395146.45408149
20
360158.491492805
30
0.0
40
0.31111111111
41
1.0
50
0.0
51
0.0
7
Standard
11
1395146.45408149
21
360158.491492805
31
0.0
210
0.0
220
0.0
230
1.0
71
0
72
0
100
AcDbText
73
0
0
POINT
5
3B9
330
1C
100
AcDbEntity
67
0
8
15 - историческая планировочная структура
62
256
6
ByLayer
370
-1
48
1.0
60
0
100
AcDbPoint
10
1395160.83824188
20
360154.546791225
30
0.0
39
0.0
210
0.0
220
0.0
230
1.0
50
360.0
0
TEXT
5
3BA
330
1C
100
AcDbEntity
67
0
8
15 - историческая планировочная структура
62
7
6
ByLayer
370
-1
48
1.0
60
0
100
AcDbText
1
460
10
1395160.96737056
20
360154.821230614
30
0.0
40
0.31111111111
41
1.0
50
0.0
51
0.0
7
Standard
11
1395160.96737056
21
360154.821230614
31
0.0
210
0.0
220
0.0
230
1.0
71
0
72
0
100
AcDbText
73
0
0
POINT
5
3BB
330
1C
100
AcDbEntity
67
0
8
15 - историческая планировочная структура
62
256
6
ByLayer
370
-1
48
1.0
60
0
100
AcDbPoint
10
1395166.95082488
20
360153.000981525
30
0.0
39
0.0
210
0.0
220
0.0
230
1.0
50
360.0
0
TEXT
5
3BC
330
1C
100
AcDbEntity
67
0
8
15 - историческая планировочная структура
62
7
6
ByLayer
370
-1
48
1.0
60
0
100
AcDbText
1
461
10
1395167.07995355
20
360153.275420923
30
0.0
40
0.31111111111
41
1.0
50
0.0
51
0.0
7
Standard
11
1395167.07995355
21
360153.275420923
31
0.0
210
0.0
220
0.0
230
1.0
71
0
72
0
100
AcDbText
73
0
0
POINT
5
3BD
330
1C
100
AcDbEntity
67
0
8
15 - историческая планировочная структура
62
256
6
ByLayer
370
-1
48
1.0
60
0
100
AcDbPoint
10
1395486.00245199
20
360076.19408071
30
0.0
39
0.0
210
0.0
220
0.0
230
1.0
50
360.0
0
TEXT
5
3BE
330
1C
100
AcDbEntity
67
0
8
15 - историческая планировочная структура
62
7
6
ByLayer
370
-1
48
1.0
60
0
100
AcDbText
1
462
10
1395486.1315808
20
360076.468520694
30
0.0
40
0.31111111111
41
1.0
50
0.0
51
0.0
7
Standard
11
1395486.1315808
21
360076.468520694
31
0.0
210
0.0
220
0.0
230
1.0
71
0
72
0
100
AcDbText
73
0
0
POINT
5
3BF
330
1C
100
AcDbEntity
67
0
8
15 - историческая планировочная структура
62
256
6
ByLayer
370
-1
48
1.0
60
0
100
AcDbPoint
10
1394611.02287943
20
360089.323970112
30
0.0
39
0.0
210
0.0
220
0.0
230
1.0
50
360.0
0
TEXT
5
3C0
330
1C
100
AcDbEntity
67
0
8
15 - историческая планировочная структура
62
7
6
ByLayer
370
-1
48
1.0
60
0
100
AcDbText
1
463
10
1394611.15200824
20
360089.598408501
30
0.0
40
0.31111111111
41
1.0
50
0.0
51
0.0
7
Standard
11
1394611.15200824
21
360089.598408501
31
0.0
210
0.0
220
0.0
230
1.0
71
0
72
0
100
AcDbText
73
0
0
POINT
5
3C1
330
1C
100
AcDbEntity
67
0
8
15 - историческая планировочная структура
62
256
6
ByLayer
370
-1
48
1.0
60
0
100
AcDbPoint
10
1394849.04335678
20
360026.288859406
30
0.0
39
0.0
210
0.0
220
0.0
230
1.0
50
360.0
0
TEXT
5
3C2
330
1C
100
AcDbEntity
67
0
8
15 - историческая планировочная структура
62
7
6
ByLayer
370
-1
48
1.0
60
0
100
AcDbText
1
464
10
1394849.17248569
20
360026.56329823
30
0.0
40
0.31111111111
41
1.0
50
0.0
51
0.0
7
Standard
11
1394849.17248569
21
360026.56329823
31
0.0
210
0.0
220
0.0
230
1.0
71
0
72
0
100
AcDbText
73
0
0
POINT
5
3C3
330
1C
100
AcDbEntity
67
0
8
15 - историческая планировочная структура
62
256
6
ByLayer
370
-1
48
1.0
60
0
100
AcDbPoint
10
1394863.49177929
20
360022.462473373
30
0.0
39
0.0
210
0.0
220
0.0
230
1.0
50
360.0
0
TEXT
5
3C4
330
1C
100
AcDbEntity
67
0
8
15 - историческая планировочная структура
62
7
6
ByLayer
370
-1
48
1.0
60
0
100
AcDbText
1
465
10
1394863.62090821
20
360022.736912222
30
0.0
40
0.31111111111
41
1.0
50
0.0
51
0.0
7
Standard
11
1394863.62090821
21
360022.736912222
31
0.0
210
0.0
220
0.0
230
1.0
71
0
72
0
100
AcDbText
73
0
0
POINT
5
3C5
330
1C
100
AcDbEntity
67
0
8
15 - историческая планировочная структура
62
256
6
ByLayer
370
-1
48
1.0
60
0
100
AcDbPoint
10
1394893.07877846
20
360014.626926815
30
0.0
39
0.0
210
0.0
220
0.0
230
1.0
50
360.0
0
TEXT
5
3C6
330
1C
100
AcDbEntity
67
0
8
15 - историческая планировочная структура
62
7
6
ByLayer
370
-1
48
1.0
60
0
100
AcDbText
1
466
10
1394893.2079074
20
360014.901365717
30
0.0
40
0.31111111111
41
1.0
50
0.0
51
0.0
7
Standard
11
1394893.2079074
21
360014.901365717
31
0.0
210
0.0
220
0.0
230
1.0
71
0
72
0
100
AcDbText
73
0
0
POINT
5
3C7
330
1C
100
AcDbEntity
67
0
8
15 - историческая планировочная структура
62
256
6
ByLayer
370
-1
48
1.0
60
0
100
AcDbPoint
10
1394976.75947818
20
359993.807059936
30
0.0
39
0.0
210
0.0
220
0.0
230
1.0
50
360.0
0
TEXT
5
3C8
330
1C
100
AcDbEntity
67
0
8
15 - историческая планировочная структура
62
7
6
ByLayer
370
-1
48
1.0
60
0
100
AcDbText
1
467
10
1394976.88860715
20
359994.081498994
30
0.0
40
0.31111111111
41
1.0
50
0.0
51
0.0
7
Standard
11
1394976.88860715
21
359994.081498994
31
0.0
210
0.0
220
0.0
230
1.0
71
0
72
0
100
AcDbText
73
0
0
POINT
5
3C9
330
1C
100
AcDbEntity
67
0
8
15 - историческая планировочная структура
62
256
6
ByLayer
370
-1
48
1.0
60
0
100
AcDbPoint
10
1395100.99967612
20
359962.864563619
30
0.0
39
0.0
210
0.0
220
0.0
230
1.0
50
360.0
0
TEXT
5
3CA
330
1C
100
AcDbEntity
67
0
8
15 - историческая планировочная структура
62
7
6
ByLayer
370
-1
48
1.0
60
0
100
AcDbText
1
468
10
1395101.12880515
20
359963.139002902
30
0.0
40
0.31111111111
41
1.0
50
0.0
51
0.0
7
Standard
11
1395101.12880515
21
359963.139002902
31
0.0
210
0.0
220
0.0
230
1.0
71
0
72
0
100
AcDbText
73
0
0
POINT
5
3CB
330
1C
100
AcDbEntity
67
0
8
15 - историческая планировочная структура
62
256
6
ByLayer
370
-1
48
1.0
60
0
100
AcDbPoint
10
1395115.69417546
20
359959.204841677
30
0.0
39
0.0
210
0.0
220
0.0
230
1.0
50
360.0
0
TEXT
5
3CC
330
1C
100
AcDbEntity
67
0
8
15 - историческая планировочная структура
62
7
6
ByLayer
370
-1
48
1.0
60
0
100
AcDbText
1
469
10
1395115.82330449
20
359959.479280991
30
0.0
40
0.31111111111
41
1.0
50
0.0
51
0.0
7
Standard
11
1395115.82330449
21
359959.479280991
31
0.0
210
0.0
220
0.0
230
1.0
71
0
72
0
100
AcDbText
73
0
0
POINT
5
3CD
330
1C
100
AcDbEntity
67
0
8
15 - историческая планировочная структура
62
256
6
ByLayer
370
-1
48
1.0
60
0
100
AcDbPoint
10
1395121.79477498
20
359957.685463711
30
0.0
39
0.0
210
0.0
220
0.0
230
1.0
50
360.0
0
TEXT
5
3CE
330
1C
100
AcDbEntity
67
0
8
15 - историческая планировочная структура
62
7
6
ByLayer
370
-1
48
1.0
60
0
100
AcDbText
1
470
10
1395121.92390402
20
359957.959903034
30
0.0
40
0.31111111111
41
1.0
50
0.0
51
0.0
7
Standard
11
1395121.92390402
21
359957.959903034
31
0.0
210
0.0
220
0.0
230
1.0
71
0
72
0
100
AcDbText
73
0
0
POINT
5
3CF
330
1C
100
AcDbEntity
67
0
8
15 - историческая планировочная структура
62
256
6
ByLayer
370
-1
48
1.0
60
0
100
AcDbPoint
10
1395320.49427905
20
359906.306894441
30
0.0
39
0.0
210
0.0
220
0.0
230
1.0
50
360.0
0
TEXT
5
3D0
330
1C
100
AcDbEntity
67
0
8
15 - историческая планировочная структура
62
7
6
ByLayer
370
-1
48
1.0
60
0
100
AcDbText
1
471
10
1395320.62340817
20
359906.581334124
30
0.0
40
0.31111111111
41
1.0
50
0.0
51
0.0
7
Standard
11
1395320.62340817
21
359906.581334124
31
0.0
210
0.0
220
0.0
230
1.0
71
0
72
0
100
AcDbText
73
0
0
POINT
5
3D1
330
1C
100
AcDbEntity
67
0
8
15 - историческая планировочная структура
62
256
6
ByLayer
370
-1
48
1.0
60
0
100
AcDbPoint
10
1394884.31933471
20
360106.521161541
30
0.0
39
0.0
210
0.0
220
0.0
230
1.0
50
360.0
0
TEXT
5
3D2
330
1C
100
AcDbEntity
67
0
8
15 - историческая планировочная структура
62
7
6
ByLayer
370
-1
48
1.0
60
0
100
AcDbText
1
472
10
1394884.44846348
20
360106.795600428
30
0.0
40
0.31111111111
41
1.0
50
0.0
51
0.0
7
Standard
11
1394884.44846348
21
360106.795600428
31
0.0
210
0.0
220
0.0
230
1.0
71
0
72
0
100
AcDbText
73
0
0
POINT
5
3D3
330
1C
100
AcDbEntity
67
0
8
15 - историческая планировочная структура
62
256
6
ByLayer
370
-1
48
1.0
60
0
100
AcDbPoint
10
1394892.84439214
20
360104.445972083
30
0.0
39
0.0
210
0.0
220
0.0
230
1.0
50
360.0
0
TEXT
5
3D4
330
1C
100
AcDbEntity
67
0
8
15 - историческая планировочная структура
62
7
6
ByLayer
370
-1
48
1.0
60
0
100
AcDbText
1
473
10
1394892.97352091
20
360104.720410981
30
0.0
40
0.31111111111
41
1.0
50
0.0
51
0.0
7
Standard
11
1394892.97352091
21
360104.720410981
31
0.0
210
0.0
220
0.0
230
1.0
71
0
72
0
100
AcDbText
73
0
0
POINT
5
3D5
330
1C
100
AcDbEntity
67
0
8
15 - историческая планировочная структура
62
256
6
ByLayer
370
-1
48
1.0
60
0
100
AcDbPoint
10
1395125.1495651
20
360153.219573245
30
0.0
39
0.0
210
0.0
220
0.0
230
1.0
50
360.0
0
TEXT
5
3D6
330
1C
100
AcDbEntity
67
0
8
15 - историческая планировочная структура
62
7
6
ByLayer
370
-1
48
1.0
60
0
100
AcDbText
1
474
10
1395125.27869377
20
360153.494012569
30
0.0
40
0.31111111111
41
1.0
50
0.0
51
0.0
7
Standard
11
1395125.27869377
21
360153.494012569
31
0.0
210
0.0
220
0.0
230
1.0
71
0
72
0
100
AcDbText
73
0
0
POINT
5
3D7
330
1C
100
AcDbEntity
67
0
8
15 - историческая планировочная структура
62
256
6
ByLayer
370
-1
48
1.0
60
0
100
AcDbPoint
10
1395126.28027259
20
360157.698592597
30
0.0
39
0.0
210
0.0
220
0.0
230
1.0
50
360.0
0
TEXT
5
3D8
330
1C
100
AcDbEntity
67
0
8
15 - историческая планировочная структура
62
7
6
ByLayer
370
-1
48
1.0
60
0
100
AcDbText
1
475
10
1395126.40940126
20
360157.973031924
30
0.0
40
0.31111111111
41
1.0
50
0.0
51
0.0
7
Standard
11
1395126.40940126
21
360157.973031924
31
0.0
210
0.0
220
0.0
230
1.0
71
0
72
0
100
AcDbText
73
0
0
POINT
5
3D9
330
1C
100
AcDbEntity
67
0
8
15 - историческая планировочная структура
62
256
6
ByLayer
370
-1
48
1.0
60
0
100
AcDbPoint
10
1395217.90774174
20
360276.967489656
30
0.0
39
0.0
210
0.0
220
0.0
230
1.0
50
360.0
0
TEXT
5
3DA
330
1C
100
AcDbEntity
67
0
8
15 - историческая планировочная структура
62
7
6
ByLayer
370
-1
48
1.0
60
0
100
AcDbText
1
476
10
1395218.03687019
20
360277.241929148
30
0.0
40
0.31111111111
41
1.0
50
0.0
51
0.0
7
Standard
11
1395218.03687019
21
360277.241929148
31
0.0
210
0.0
220
0.0
230
1.0
71
0
72
0
100
AcDbText
73
0
0
POINT
5
3DB
330
1C
100
AcDbEntity
67
0
8
15 - историческая планировочная структура
62
256
6
ByLayer
370
-1
48
1.0
60
0
100
AcDbPoint
10
1395268.50708758
20
360259.05766084
30
0.0
39
0.0
210
0.0
220
0.0
230
1.0
50
360.0
0
TEXT
5
3DC
330
1C
100
AcDbEntity
67
0
8
15 - историческая планировочная структура
62
7
6
ByLayer
370
-1
48
1.0
60
0
100
AcDbText
1
477
10
1395268.63621606
20
360259.332100423
30
0.0
40
0.31111111111
41
1.0
50
0.0
51
0.0
7
Standard
11
1395268.63621606
21
360259.332100423
31
0.0
210
0.0
220
0.0
230
1.0
71
0
72
0
100
AcDbText
73
0
0
POINT
5
3DD
330
1C
100
AcDbEntity
67
0
8
15 - историческая планировочная структура
62
256
6
ByLayer
370
-1
48
1.0
60
0
100
AcDbPoint
10
1395412.44465498
20
360223.260674523
30
0.0
39
0.0
210
0.0
220
0.0
230
1.0
50
360.0
0
TEXT
5
3DE
330
1C
100
AcDbEntity
67
0
8
15 - историческая планировочная структура
62
7
6
ByLayer
370
-1
48
1.0
60
0
100
AcDbText
1
478
10
1395412.57378353
20
360223.535114371
30
0.0
40
0.31111111111
41
1.0
50
0.0
51
0.0
7
Standard
11
1395412.57378353
21
360223.535114371
31
0.0
210
0.0
220
0.0
230
1.0
71
0
72
0
100
AcDbText
73
0
0
POINT
5
3DF
330
1C
100
AcDbEntity
67
0
8
15 - историческая планировочная структура
62
256
6
ByLayer
370
-1
48
1.0
60
0
100
AcDbPoint
10
1395514.41061181
20
360199.479454037
30
0.0
39
0.0
210
0.0
220
0.0
230
1.0
50
360.0
0
TEXT
5
3E0
330
1C
100
AcDbEntity
67
0
8
15 - историческая планировочная структура
62
7
6
ByLayer
370
-1
48
1.0
60
0
100
AcDbText
1
479
10
1395514.53974039
20
360199.753894068
30
0.0
40
0.31111111111
41
1.0
50
0.0
51
0.0
7
Standard
11
1395514.53974039
21
360199.753894068
31
0.0
210
0.0
220
0.0
230
1.0
71
0
72
0
100
AcDbText
73
0
0
POINT
5
3E1
330
1C
100
AcDbEntity
67
0
8
15 - историческая планировочная структура
62
256
6
ByLayer
370
-1
48
1.0
60
0
100
AcDbPoint
10
1395471.69701806
20
359950.676860676
30
0.0
39
0.0
210
0.0
220
0.0
230
1.0
50
360.0
0
TEXT
5
3E2
330
1C
100
AcDbEntity
67
0
8
15 - историческая планировочная структура
62
7
6
ByLayer
370
-1
48
1.0
60
0
100
AcDbText
1
480
10
1395471.82614709
20
359950.951300636
30
0.0
40
0.31111111111
41
1.0
50
0.0
51
0.0
7
Standard
11
1395471.82614709
21
359950.951300636
31
0.0
210
0.0
220
0.0
230
1.0
71
0
72
0
100
AcDbText
73
0
0
POINT
5
3E3
330
1C
100
AcDbEntity
67
0
8
15 - историческая планировочная структура
62
256
6
ByLayer
370
-1
48
1.0
60
0
100
AcDbPoint
10
1395929.89539212
20
359831.679980525
30
0.0
39
0.0
210
0.0
220
0.0
230
1.0
50
360.0
0
TEXT
5
3E4
330
1C
100
AcDbEntity
67
0
8
15 - историческая планировочная структура
62
7
6
ByLayer
370
-1
48
1.0
60
0
100
AcDbText
1
481
10
1395930.02452137
20
359831.954421321
30
0.0
40
0.31111111111
41
1.0
50
0.0
51
0.0
7
Standard
11
1395930.02452137
21
359831.954421321
31
0.0
210
0.0
220
0.0
230
1.0
71
0
72
0
100
AcDbText
73
0
0
POINT
5
3E5
330
1C
100
AcDbEntity
67
0
8
15 - историческая планировочная структура
62
256
6
ByLayer
370
-1
48
1.0
60
0
100
AcDbPoint
10
1396034.44480025
20
359865.018590619
30
0.0
39
0.0
210
0.0
220
0.0
230
1.0
50
360.0
0
TEXT
5
3E6
330
1C
100
AcDbEntity
67
0
8
15 - историческая планировочная структура
62
7
6
ByLayer
370
-1
48
1.0
60
0
100
AcDbText
1
482
10
1396034.57392943
20
359865.293031608
30
0.0
40
0.31111111111
41
1.0
50
0.0
51
0.0
7
Standard
11
1396034.57392943
21
359865.293031608
31
0.0
210
0.0
220
0.0
230
1.0
71
0
72
0
100
AcDbText
73
0
0
POINT
5
3E7
330
1C
100
AcDbEntity
67
0
8
15 - историческая планировочная структура
62
256
6
ByLayer
370
-1
48
1.0
60
0
100
AcDbPoint
10
1396088.24984386
20
359872.601714597
30
0.0
39
0.0
210
0.0
220
0.0
230
1.0
50
360.0
0
TEXT
5
3E8
330
1C
100
AcDbEntity
67
0
8
15 - историческая планировочная структура
62
7
6
ByLayer
370
-1
48
1.0
60
0
100
AcDbText
1
483
10
1396088.37897302
20
359872.876155685
30
0.0
40
0.31111111111
41
1.0
50
0.0
51
0.0
7
Standard
11
1396088.37897302
21
359872.876155685
31
0.0
210
0.0
220
0.0
230
1.0
71
0
72
0
100
AcDbText
73
0
0
POINT
5
3E9
330
1C
100
AcDbEntity
67
0
8
15 - историческая планировочная структура
62
256
6
ByLayer
370
-1
48
1.0
60
0
100
AcDbPoint
10
1396146.34552271
20
359895.477227232
30
0.0
39
0.0
210
0.0
220
0.0
230
1.0
50
360.0
0
TEXT
5
3EA
330
1C
100
AcDbEntity
67
0
8
15 - историческая планировочная структура
62
7
6
ByLayer
370
-1
48
1.0
60
0
100
AcDbText
1
484
10
1396146.47465184
20
359895.751668424
30
0.0
40
0.31111111111
41
1.0
50
0.0
51
0.0
7
Standard
11
1396146.47465184
21
359895.751668424
31
0.0
210
0.0
220
0.0
230
1.0
71
0
72
0
100
AcDbText
73
0
0
POINT
5
3EB
330
1C
100
AcDbEntity
67
0
8
15 - историческая планировочная структура
62
256
6
ByLayer
370
-1
48
1.0
60
0
100
AcDbPoint
10
1396203.95868323
20
359942.089706316
30
0.0
39
0.0
210
0.0
220
0.0
230
1.0
50
360.0
0
TEXT
5
3EC
330
1C
100
AcDbEntity
67
0
8
15 - историческая планировочная структура
62
7
6
ByLayer
370
-1
48
1.0
60
0
100
AcDbText
1
485
10
1396204.08781227
20
359942.364147613
30
0.0
40
0.31111111111
41
1.0
50
0.0
51
0.0
7
Standard
11
1396204.08781227
21
359942.364147613
31
0.0
210
0.0
220
0.0
230
1.0
71
0
72
0
100
AcDbText
73
0
0
POINT
5
3ED
330
1C
100
AcDbEntity
67
0
8
15 - историческая планировочная структура
62
256
6
ByLayer
370
-1
48
1.0
60
0
100
AcDbPoint
10
1396221.7523039
20
359945.471893629
30
0.0
39
0.0
210
0.0
220
0.0
230
1.0
50
360.0
0
TEXT
5
3EE
330
1C
100
AcDbEntity
67
0
8
15 - историческая планировочная структура
62
7
6
ByLayer
370
-1
48
1.0
60
0
100
AcDbText
1
486
10
1396221.88143293
20
359945.746334961
30
0.0
40
0.31111111111
41
1.0
50
0.0
51
0.0
7
Standard
11
1396221.88143293
21
359945.746334961
31
0.0
210
0.0
220
0.0
230
1.0
71
0
72
0
100
AcDbText
73
0
0
POINT
5
3EF
330
1C
100
AcDbEntity
67
0
8
15 - историческая планировочная структура
62
256
6
ByLayer
370
-1
48
1.0
60
0
100
AcDbPoint
10
1394832.26879056
20
359897.262470385
30
0.0
39
0.0
210
0.0
220
0.0
230
1.0
50
360.0
0
TEXT
5
3F0
330
1C
100
AcDbEntity
67
0
8
15 - историческая планировочная структура
62
7
6
ByLayer
370
-1
48
1.0
60
0
100
AcDbText
1
487
10
1394832.39791972
20
359897.536909182
30
0.0
40
0.31111111111
41
1.0
50
0.0
51
0.0
7
Standard
11
1394832.39791972
21
359897.536909182
31
0.0
210
0.0
220
0.0
230
1.0
71
0
72
0
100
AcDbText
73
0
0
POINT
5
3F1
330
1C
100
AcDbEntity
67
0
8
15 - историческая планировочная структура
62
256
6
ByLayer
370
-1
48
1.0
60
0
100
AcDbPoint
10
1394898.54513911
20
359881.262141221
30
0.0
39
0.0
210
0.0
220
0.0
230
1.0
50
360.0
0
TEXT
5
3F2
330
1C
100
AcDbEntity
67
0
8
15 - историческая планировочная структура
62
7
6
ByLayer
370
-1
48
1.0
60
0
100
AcDbText
1
488
10
1394898.67426829
20
359881.536580136
30
0.0
40
0.31111111111
41
1.0
50
0.0
51
0.0
7
Standard
11
1394898.67426829
21
359881.536580136
31
0.0
210
0.0
220
0.0
230
1.0
71
0
72
0
100
AcDbText
73
0
0
POINT
5
3F3
330
1C
100
AcDbEntity
67
0
8
15 - историческая планировочная структура
62
256
6
ByLayer
370
-1
48
1.0
60
0
100
AcDbPoint
10
1394968.87796015
20
359865.089175382
30
0.0
39
0.0
210
0.0
220
0.0
230
1.0
50
360.0
0
TEXT
5
3F4
330
1C
100
AcDbEntity
67
0
8
15 - историческая планировочная структура
62
7
6
ByLayer
370
-1
48
1.0
60
0
100
AcDbText
1
489
10
1394969.00708936
20
359865.36361443
30
0.0
40
0.31111111111
41
1.0
50
0.0
51
0.0
7
Standard
11
1394969.00708936
21
359865.36361443
31
0.0
210
0.0
220
0.0
230
1.0
71
0
72
0
100
AcDbText
73
0
0
POINT
5
3F5
330
1C
100
AcDbEntity
67
0
8
15 - историческая планировочная структура
62
256
6
ByLayer
370
-1
48
1.0
60
0
100
AcDbPoint
10
1395069.74817972
20
359839.662054994
30
0.0
39
0.0
210
0.0
220
0.0
230
1.0
50
360.0
0
TEXT
5
3F6
330
1C
100
AcDbEntity
67
0
8
15 - историческая планировочная структура
62
7
6
ByLayer
370
-1
48
1.0
60
0
100
AcDbText
1
490
10
1395069.87730897
20
359839.936494223
30
0.0
40
0.31111111111
41
1.0
50
0.0
51
0.0
7
Standard
11
1395069.87730897
21
359839.936494223
31
0.0
210
0.0
220
0.0
230
1.0
71
0
72
0
100
AcDbText
73
0
0
POINT
5
3F7
330
1C
100
AcDbEntity
67
0
8
15 - историческая планировочная структура
62
256
6
ByLayer
370
-1
48
1.0
60
0
100
AcDbPoint
10
1395084.00486747
20
359835.287994584
30
0.0
39
0.0
210
0.0
220
0.0
230
1.0
50
360.0
0
TEXT
5
3F8
330
1C
100
AcDbEntity
67
0
8
15 - историческая планировочная структура
62
7
6
ByLayer
370
-1
48
1.0
60
0
100
AcDbText
1
491
10
1395084.13399674
20
359835.562433841
30
0.0
40
0.31111111111
41
1.0
50
0.0
51
0.0
7
Standard
11
1395084.13399674
21
359835.562433841
31
0.0
210
0.0
220
0.0
230
1.0
71
0
72
0
100
AcDbText
73
0
0
POINT
5
3F9
330
1C
100
AcDbEntity
67
0
8
15 - историческая планировочная структура
62
256
6
ByLayer
370
-1
48
1.0
60
0
100
AcDbPoint
10
1395094.01937007
20
359832.203975518
30
0.0
39
0.0
210
0.0
220
0.0
230
1.0
50
360.0
0
TEXT
5
3FA
330
1C
100
AcDbEntity
67
0
8
15 - историческая планировочная структура
62
7
6
ByLayer
370
-1
48
1.0
60
0
100
AcDbText
1
492
10
1395094.14849934
20
359832.478414795
30
0.0
40
0.31111111111
41
1.0
50
0.0
51
0.0
7
Standard
11
1395094.14849934
21
359832.478414795
31
0.0
210
0.0
220
0.0
230
1.0
71
0
72
0
100
AcDbText
73
0
0
POINT
5
3FB
330
1C
100
AcDbEntity
67
0
8
15 - историческая планировочная структура
62
256
6
ByLayer
370
-1
48
1.0
60
0
100
AcDbPoint
10
1395214.05260255
20
359802.840003217
30
0.0
39
0.0
210
0.0
220
0.0
230
1.0
50
360.0
0
TEXT
5
3FC
330
1C
100
AcDbEntity
67
0
8
15 - историческая планировочная структура
62
7
6
ByLayer
370
-1
48
1.0
60
0
100
AcDbText
1
493
10
1395214.18173187
20
359803.114442708
30
0.0
40
0.31111111111
41
1.0
50
0.0
51
0.0
7
Standard
11
1395214.18173187
21
359803.114442708
31
0.0
210
0.0
220
0.0
230
1.0
71
0
72
0
100
AcDbText
73
0
0
POINT
5
3FD
330
1C
100
AcDbEntity
67
0
8
15 - историческая планировочная структура
62
256
6
ByLayer
370
-1
48
1.0
60
0
100
AcDbPoint
10
1395291.35641831
20
359782.967378351
30
0.0
39
0.0
210
0.0
220
0.0
230
1.0
50
360.0
0
TEXT
5
3FE
330
1C
100
AcDbEntity
67
0
8
15 - историческая планировочная структура
62
7
6
ByLayer
370
-1
48
1.0
60
0
100
AcDbText
1
494
10
1395291.48554766
20
359783.241817988
30
0.0
40
0.31111111111
41
1.0
50
0.0
51
0.0
7
Standard
11
1395291.48554766
21
359783.241817988
31
0.0
210
0.0
220
0.0
230
1.0
71
0
72
0
100
AcDbText
73
0
0
POINT
5
3FF
330
1C
100
AcDbEntity
67
0
8
15 - историческая планировочная структура
62
256
6
ByLayer
370
-1
48
1.0
60
0
100
AcDbPoint
10
1395613.31519598
20
359578.257786338
30
0.0
39
0.0
210
0.0
220
0.0
230
1.0
50
360.0
0
TEXT
5
400
330
1C
100
AcDbEntity
67
0
8
15 - историческая планировочная структура
62
7
6
ByLayer
370
-1
48
1.0
60
0
100
AcDbText
1
495
10
1395613.44432569
20
359578.532226568
30
0.0
40
0.31111111111
41
1.0
50
0.0
51
0.0
7
Standard
11
1395613.44432569
21
359578.532226568
31
0.0
210
0.0
220
0.0
230
1.0
71
0
72
0
100
AcDbText
73
0
0
POINT
5
401
330
1C
100
AcDbEntity
67
0
8
15 - историческая планировочная структура
62
256
6
ByLayer
370
-1
48
1.0
60
0
100
AcDbPoint
10
1395637.81675712
20
359677.149010188
30
0.0
39
0.0
210
0.0
220
0.0
230
1.0
50
360.0
0
TEXT
5
402
330
1C
100
AcDbEntity
67
0
8
15 - историческая планировочная структура
62
7
6
ByLayer
370
-1
48
1.0
60
0
100
AcDbText
1
496
10
1395637.94588665
20
359677.423450459
30
0.0
40
0.31111111111
41
1.0
50
0.0
51
0.0
7
Standard
11
1395637.94588665
21
359677.423450459
31
0.0
210
0.0
220
0.0
230
1.0
71
0
72
0
100
AcDbText
73
0
0
POINT
5
403
330
1C
100
AcDbEntity
67
0
8
15 - историческая планировочная структура
62
256
6
ByLayer
370
-1
48
1.0
60
0
100
AcDbPoint
10
1395648.23035999
20
359724.262208584
30
0.0
39
0.0
210
0.0
220
0.0
230
1.0
50
360.0
0
TEXT
5
404
330
1C
100
AcDbEntity
67
0
8
15 - историческая планировочная структура
62
7
6
ByLayer
370
-1
48
1.0
60
0
100
AcDbText
1
497
10
1395648.35948943
20
359724.536648872
30
0.0
40
0.31111111111
41
1.0
50
0.0
51
0.0
7
Standard
11
1395648.35948943
21
359724.536648872
31
0.0
210
0.0
220
0.0
230
1.0
71
0
72
0
100
AcDbText
73
0
0
POINT
5
405
330
1C
100
AcDbEntity
67
0
8
15 - историческая планировочная структура
62
256
6
ByLayer
370
-1
48
1.0
60
0
100
AcDbPoint
10
1395779.19067799
20
359536.656239032
30
0.0
39
0.0
210
0.0
220
0.0
230
1.0
50
360.0
0
TEXT
5
406
330
1C
100
AcDbEntity
67
0
8
15 - историческая планировочная структура
62
7
6
ByLayer
370
-1
48
1.0
60
0
100
AcDbText
1
498
10
1395779.31980777
20
359536.930679564
30
0.0
40
0.31111111111
41
1.0
50
0.0
51
0.0
7
Standard
11
1395779.31980777
21
359536.930679564
31
0.0
210
0.0
220
0.0
230
1.0
71
0
72
0
100
AcDbText
73
0
0
POINT
5
407
330
1C
100
AcDbEntity
67
0
8
15 - историческая планировочная структура
62
256
6
ByLayer
370
-1
48
1.0
60
0
100
AcDbPoint
10
1395803.69226018
20
359635.547502373
30
0.0
39
0.0
210
0.0
220
0.0
230
1.0
50
360.0
0
TEXT
5
408
330
1C
100
AcDbEntity
67
0
8
15 - историческая планировочная структура
62
7
6
ByLayer
370
-1
48
1.0
60
0
100
AcDbText
1
499
10
1395803.82138979
20
359635.821942949
30
0.0
40
0.31111111111
41
1.0
50
0.0
51
0.0
7
Standard
11
1395803.82138979
21
359635.821942949
31
0.0
210
0.0
220
0.0
230
1.0
71
0
72
0
100
AcDbText
73
0
0
POINT
5
409
330
1C
100
AcDbEntity
67
0
8
15 - историческая планировочная структура
62
256
6
ByLayer
370
-1
48
1.0
60
0
100
AcDbPoint
10
1395817.99240282
20
359710.901383424
30
0.0
39
0.0
210
0.0
220
0.0
230
1.0
50
360.0
0
TEXT
5
40A
330
1C
100
AcDbEntity
67
0
8
15 - историческая планировочная структура
62
7
6
ByLayer
370
-1
48
1.0
60
0
100
AcDbText
1
500
10
1395818.12153229
20
359711.17582402
30
0.0
40
0.31111111111
41
1.0
50
0.0
51
0.0
7
Standard
11
1395818.12153229
21
359711.17582402
31
0.0
210
0.0
220
0.0
230
1.0
71
0
72
0
100
AcDbText
73
0
0
POINT
5
40B
330
1C
100
AcDbEntity
67
0
8
15 - историческая планировочная структура
62
256
6
ByLayer
370
-1
48
1.0
60
0
100
AcDbPoint
10
1395847.16066316
20
359831.550662962
30
0.0
39
0.0
210
0.0
220
0.0
230
1.0
50
360.0
0
TEXT
5
40C
330
1C
100
AcDbEntity
67
0
8
15 - историческая планировочная структура
62
7
6
ByLayer
370
-1
48
1.0
60
0
100
AcDbText
1
501
10
1395847.2897924
20
359831.825103609
30
0.0
40
0.31111111111
41
1.0
50
0.0
51
0.0
7
Standard
11
1395847.2897924
21
359831.825103609
31
0.0
210
0.0
220
0.0
230
1.0
71
0
72
0
100
AcDbText
73
0
0
POINT
5
40D
330
1C
100
AcDbEntity
67
0
8
15 - историческая планировочная структура
62
256
6
ByLayer
370
-1
48
1.0
60
0
100
AcDbPoint
10
1395815.57122908
20
359726.547029343
30
0.0
39
0.0
210
0.0
220
0.0
230
1.0
50
360.0
0
TEXT
5
40E
330
1C
100
AcDbEntity
67
0
8
15 - историческая планировочная структура
62
7
6
ByLayer
370
-1
48
1.0
60
0
100
AcDbText
1
502
10
1395815.70035852
20
359726.821469936
30
0.0
40
0.31111111111
41
1.0
50
0.0
51
0.0
7
Standard
11
1395815.70035852
21
359726.821469936
31
0.0
210
0.0
220
0.0
230
1.0
71
0
72
0
100
AcDbText
73
0
0
POINT
5
40F
330
1C
100
AcDbEntity
67
0
8
15 - историческая планировочная структура
62
256
6
ByLayer
370
-1
48
1.0
60
0
100
AcDbPoint
10
1395812.91405357
20
359727.155857549
30
0.0
39
0.0
210
0.0
220
0.0
230
1.0
50
360.0
0
TEXT
5
410
330
1C
100
AcDbEntity
67
0
8
15 - историческая планировочная структура
62
7
6
ByLayer
370
-1
48
1.0
60
0
100
AcDbText
1
503
10
1395813.043183
20
359727.430298142
30
0.0
40
0.31111111111
41
1.0
50
0.0
51
0.0
7
Standard
11
1395813.043183
21
359727.430298142
31
0.0
210
0.0
220
0.0
230
1.0
71
0
72
0
100
AcDbText
73
0
0
POINT
5
411
330
1C
100
AcDbEntity
67
0
8
15 - историческая планировочная структура
62
256
6
ByLayer
370
-1
48
1.0
60
0
100
AcDbPoint
10
1395809.94058846
20
359729.017595373
30
0.0
39
0.0
210
0.0
220
0.0
230
1.0
50
360.0
0
TEXT
5
412
330
1C
100
AcDbEntity
67
0
8
15 - историческая планировочная структура
62
7
6
ByLayer
370
-1
48
1.0
60
0
100
AcDbText
1
504
10
1395810.0697179
20
359729.292035957
30
0.0
40
0.31111111111
41
1.0
50
0.0
51
0.0
7
Standard
11
1395810.0697179
21
359729.292035957
31
0.0
210
0.0
220
0.0
230
1.0
71
0
72
0
100
AcDbText
73
0
0
POINT
5
413
330
1C
100
AcDbEntity
67
0
8
15 - историческая планировочная структура
62
256
6
ByLayer
370
-1
48
1.0
60
0
100
AcDbPoint
10
1395806.73767921
20
359732.607627306
30
0.0
39
0.0
210
0.0
220
0.0
230
1.0
50
360.0
0
TEXT
5
414
330
1C
100
AcDbEntity
67
0
8
15 - историческая планировочная структура
62
7
6
ByLayer
370
-1
48
1.0
60
0
100
AcDbText
1
505
10
1395806.86680864
20
359732.882067884
30
0.0
40
0.31111111111
41
1.0
50
0.0
51
0.0
7
Standard
11
1395806.86680864
21
359732.882067884
31
0.0
210
0.0
220
0.0
230
1.0
71
0
72
0
100
AcDbText
73
0
0
POINT
5
415
330
1C
100
AcDbEntity
67
0
8
15 - историческая планировочная структура
62
256
6
ByLayer
370
-1
48
1.0
60
0
100
AcDbPoint
10
1395728.51484019
20
359856.550702574
30
0.0
39
0.0
210
0.0
220
0.0
230
1.0
50
360.0
0
TEXT
5
416
330
1C
100
AcDbEntity
67
0
8
15 - историческая планировочная структура
62
7
6
ByLayer
370
-1
48
1.0
60
0
100
AcDbText
1
506
10
1395728.64396939
20
359856.825143007
30
0.0
40
0.31111111111
41
1.0
50
0.0
51
0.0
7
Standard
11
1395728.64396939
21
359856.825143007
31
0.0
210
0.0
220
0.0
230
1.0
71
0
72
0
100
AcDbText
73
0
0
POINT
5
417
330
1C
100
AcDbEntity
67
0
8
15 - историческая планировочная структура
62
256
6
ByLayer
370
-1
48
1.0
60
0
100
AcDbPoint
10
1395723.32643473
20
359864.678971858
30
0.0
39
0.0
210
0.0
220
0.0
230
1.0
50
360.0
0
TEXT
5
418
330
1C
100
AcDbEntity
67
0
8
15 - историческая планировочная структура
62
7
6
ByLayer
370
-1
48
1.0
60
0
100
AcDbText
1
507
10
1395723.45556392
20
359864.953412281
30
0.0
40
0.31111111111
41
1.0
50
0.0
51
0.0
7
Standard
11
1395723.45556392
21
359864.953412281
31
0.0
210
0.0
220
0.0
230
1.0
71
0
72
0
100
AcDbText
73
0
0
POINT
5
419
330
1C
100
AcDbEntity
67
0
8
15 - историческая планировочная структура
62
256
6
ByLayer
370
-1
48
1.0
60
0
100
AcDbPoint
10
1395719.42048024
20
359872.521048895
30
0.0
39
0.0
210
0.0
220
0.0
230
1.0
50
360.0
0
TEXT
5
41A
330
1C
100
AcDbEntity
67
0
8
15 - историческая планировочная структура
62
7
6
ByLayer
370
-1
48
1.0
60
0
100
AcDbText
1
508
10
1395719.54960941
20
359872.79548931
30
0.0
40
0.31111111111
41
1.0
50
0.0
51
0.0
7
Standard
11
1395719.54960941
21
359872.79548931
31
0.0
210
0.0
220
0.0
230
1.0
71
0
72
0
100
AcDbText
73
0
0
POINT
5
41B
330
1C
100
AcDbEntity
67
0
8
15 - историческая планировочная структура
62
256
6
ByLayer
370
-1
48
1.0
60
0
100
AcDbPoint
10
1395720.8899987
20
359878.248511583
30
0.0
39
0.0
210
0.0
220
0.0
230
1.0
50
360.0
0
TEXT
5
41C
330
1C
100
AcDbEntity
67
0
8
15 - историческая планировочная структура
62
7
6
ByLayer
370
-1
48
1.0
60
0
100
AcDbText
1
509
10
1395721.01912787
20
359878.522952
30
0.0
40
0.31111111111
41
1.0
50
0.0
51
0.0
7
Standard
11
1395721.01912787
21
359878.522952
31
0.0
210
0.0
220
0.0
230
1.0
71
0
72
0
100
AcDbText
73
0
0
POINT
5
41D
330
1C
100
AcDbEntity
67
0
8
15 - историческая планировочная структура
62
256
6
ByLayer
370
-1
48
1.0
60
0
100
AcDbPoint
10
1396081.35499811
20
359768.080210947
30
0.0
39
0.0
210
0.0
220
0.0
230
1.0
50
360.0
0
TEXT
5
41E
330
1C
100
AcDbEntity
67
0
8
15 - историческая планировочная структура
62
7
6
ByLayer
370
-1
48
1.0
60
0
100
AcDbText
1
510
10
1396081.48412747
20
359768.354652023
30
0.0
40
0.31111111111
41
1.0
50
0.0
51
0.0
7
Standard
11
1396081.48412747
21
359768.354652023
31
0.0
210
0.0
220
0.0
230
1.0
71
0
72
0
100
AcDbText
73
0
0
POINT
5
41F
330
1C
100
AcDbEntity
67
0
8
15 - историческая планировочная структура
62
256
6
ByLayer
370
-1
48
1.0
60
0
100
AcDbPoint
10
1396105.19103593
20
359772.945865777
30
0.0
39
0.0
210
0.0
220
0.0
230
1.0
50
360.0
0
TEXT
5
420
330
1C
100
AcDbEntity
67
0
8
15 - историческая планировочная структура
62
7
6
ByLayer
370
-1
48
1.0
60
0
100
AcDbText
1
511
10
1396105.32016528
20
359773.220306898
30
0.0
40
0.31111111111
41
1.0
50
0.0
51
0.0
7
Standard
11
1396105.32016528
21
359773.220306898
31
0.0
210
0.0
220
0.0
230
1.0
71
0
72
0
100
AcDbText
73
0
0
POINT
5
421
330
1C
100
AcDbEntity
67
0
8
15 - историческая планировочная структура
62
256
6
ByLayer
370
-1
48
1.0
60
0
100
AcDbPoint
10
1396166.36149362
20
359780.237846175
30
0.0
39
0.0
210
0.0
220
0.0
230
1.0
50
360.0
0
TEXT
5
422
330
1C
100
AcDbEntity
67
0
8
15 - историческая планировочная структура
62
7
6
ByLayer
370
-1
48
1.0
60
0
100
AcDbText
1
512
10
1396166.49062295
20
359780.512287408
30
0.0
40
0.31111111111
41
1.0
50
0.0
51
0.0
7
Standard
11
1396166.49062295
21
359780.512287408
31
0.0
210
0.0
220
0.0
230
1.0
71
0
72
0
100
AcDbText
73
0
0
POINT
5
423
330
1C
100
AcDbEntity
67
0
8
15 - историческая планировочная структура
62
256
6
ByLayer
370
-1
48
1.0
60
0
100
AcDbPoint
10
1396263.68524492
20
359807.894950086
30
0.0
39
0.0
210
0.0
220
0.0
230
1.0
50
360.0
0
TEXT
5
424
330
1C
100
AcDbEntity
67
0
8
15 - историческая планировочная структура
62
7
6
ByLayer
370
-1
48
1.0
60
0
100
AcDbText
1
513
10
1396263.8143742
20
359808.169391492
30
0.0
40
0.31111111111
41
1.0
50
0.0
51
0.0
7
Standard
11
1396263.8143742
21
359808.169391492
31
0.0
210
0.0
220
0.0
230
1.0
71
0
72
0
100
AcDbText
73
0
0
POINT
5
425
330
1C
100
AcDbEntity
67
0
8
15 - историческая планировочная структура
62
256
6
ByLayer
370
-1
48
1.0
60
0
100
AcDbPoint
10
1396284.12489975
20
359801.647405742
30
0.0
39
0.0
210
0.0
220
0.0
230
1.0
50
360.0
0
TEXT
5
426
330
1C
100
AcDbEntity
67
0
8
15 - историческая планировочная структура
62
7
6
ByLayer
370
-1
48
1.0
60
0
100
AcDbText
1
514
10
1396284.25402905
20
359801.921847188
30
0.0
40
0.31111111111
41
1.0
50
0.0
51
0.0
7
Standard
11
1396284.25402905
21
359801.921847188
31
0.0
210
0.0
220
0.0
230
1.0
71
0
72
0
100
AcDbText
73
0
0
POINT
5
427
330
1C
100
AcDbEntity
67
0
8
15 - историческая планировочная структура
62
256
6
ByLayer
370
-1
48
1.0
60
0
100
AcDbPoint
10
1396326.89393946
20
359790.50260827
30
0.0
39
0.0
210
0.0
220
0.0
230
1.0
50
360.0
0
TEXT
5
428
330
1C
100
AcDbEntity
67
0
8
15 - историческая планировочная структура
62
7
6
ByLayer
370
-1
48
1.0
60
0
100
AcDbText
1
515
10
1396327.02306877
20
359790.777049797
30
0.0
40
0.31111111111
41
1.0
50
0.0
51
0.0
7
Standard
11
1396327.02306877
21
359790.777049797
31
0.0
210
0.0
220
0.0
230
1.0
71
0
72
0
100
AcDbText
73
0
0
POINT
5
429
330
1C
100
AcDbEntity
67
0
8
15 - историческая планировочная структура
62
256
6
ByLayer
370
-1
48
1.0
60
0
100
AcDbPoint
10
1396347.6318902
20
359781.796866444
30
0.0
39
0.0
210
0.0
220
0.0
230
1.0
50
360.0
0
TEXT
5
42A
330
1C
100
AcDbEntity
67
0
8
15 - историческая планировочная структура
62
7
6
ByLayer
370
-1
48
1.0
60
0
100
AcDbText
1
516
10
1396347.76101952
20
359782.071308009
30
0.0
40
0.31111111111
41
1.0
50
0.0
51
0.0
7
Standard
11
1396347.76101952
21
359782.071308009
31
0.0
210
0.0
220
0.0
230
1.0
71
0
72
0
100
AcDbText
73
0
0
POINT
5
42B
330
1C
100
AcDbEntity
67
0
8
15 - историческая планировочная структура
62
256
6
ByLayer
370
-1
48
1.0
60
0
100
AcDbPoint
10
1396379.67046547
20
359754.845149901
30
0.0
39
0.0
210
0.0
220
0.0
230
1.0
50
360.0
0
TEXT
5
42C
330
1C
100
AcDbEntity
67
0
8
15 - историческая планировочная структура
62
7
6
ByLayer
370
-1
48
1.0
60
0
100
AcDbText
1
517
10
1396379.79959484
20
359755.119591521
30
0.0
40
0.31111111111
41
1.0
50
0.0
51
0.0
7
Standard
11
1396379.79959484
21
359755.119591521
31
0.0
210
0.0
220
0.0
230
1.0
71
0
72
0
100
AcDbText
73
0
0
POINT
5
42D
330
1C
100
AcDbEntity
67
0
8
15 - историческая планировочная структура
62
256
6
ByLayer
370
-1
48
1.0
60
0
100
AcDbPoint
10
1396381.09549473
20
359754.455829396
30
0.0
39
0.0
210
0.0
220
0.0
230
1.0
50
360.0
0
TEXT
5
42E
330
1C
100
AcDbEntity
67
0
8
15 - историческая планировочная структура
62
7
6
ByLayer
370
-1
48
1.0
60
0
100
AcDbText
1
518
10
1396381.22462411
20
359754.73027102
30
0.0
40
0.31111111111
41
1.0
50
0.0
51
0.0
7
Standard
11
1396381.22462411
21
359754.73027102
31
0.0
210
0.0
220
0.0
230
1.0
71
0
72
0
100
AcDbText
73
0
0
POINT
5
42F
330
1C
100
AcDbEntity
67
0
8
15 - историческая планировочная структура
62
256
6
ByLayer
370
-1
48
1.0
60
0
100
AcDbPoint
10
1395923.18734411
20
359502.78459906
30
0.0
39
0.0
210
0.0
220
0.0
230
1.0
50
360.0
0
TEXT
5
430
330
1C
100
AcDbEntity
67
0
8
15 - историческая планировочная структура
62
7
6
ByLayer
370
-1
48
1.0
60
0
100
AcDbText
1
519
10
1395923.31647396
20
359503.059039854
30
0.0
40
0.31111111111
41
1.0
50
0.0
51
0.0
7
Standard
11
1395923.31647396
21
359503.059039854
31
0.0
210
0.0
220
0.0
230
1.0
71
0
72
0
100
AcDbText
73
0
0
POINT
5
431
330
1C
100
AcDbEntity
67
0
8
15 - историческая планировочная структура
62
256
6
ByLayer
370
-1
48
1.0
60
0
100
AcDbPoint
10
1395925.97091685
20
359543.566223495
30
0.0
39
0.0
210
0.0
220
0.0
230
1.0
50
360.0
0
TEXT
5
432
330
1C
100
AcDbEntity
67
0
8
15 - историческая планировочная структура
62
7
6
ByLayer
370
-1
48
1.0
60
0
100
AcDbText
1
520
10
1395926.10004661
20
359543.840664297
30
0.0
40
0.31111111111
41
1.0
50
0.0
51
0.0
7
Standard
11
1395926.10004661
21
359543.840664297
31
0.0
210
0.0
220
0.0
230
1.0
71
0
72
0
100
AcDbText
73
0
0
POINT
5
433
330
1C
100
AcDbEntity
67
0
8
15 - историческая планировочная структура
62
256
6
ByLayer
370
-1
48
1.0
60
0
100
AcDbPoint
10
1395927.62347711
20
359566.457809356
30
0.0
39
0.0
210
0.0
220
0.0
230
1.0
50
360.0
0
TEXT
5
434
330
1C
100
AcDbEntity
67
0
8
15 - историческая планировочная структура
62
7
6
ByLayer
370
-1
48
1.0
60
0
100
AcDbText
1
521
10
1395927.75260684
20
359566.732250157
30
0.0
40
0.31111111111
41
1.0
50
0.0
51
0.0
7
Standard
11
1395927.75260684
21
359566.732250157
31
0.0
210
0.0
220
0.0
230
1.0
71
0
72
0
100
AcDbText
73
0
0
POINT
5
435
330
1C
100
AcDbEntity
67
0
8
15 - историческая планировочная структура
62
256
6
ByLayer
370
-1
48
1.0
60
0
100
AcDbPoint
10
1395935.20965902
20
359583.220407662
30
0.0
39
0.0
210
0.0
220
0.0
230
1.0
50
360.0
0
TEXT
5
436
330
1C
100
AcDbEntity
67
0
8
15 - историческая планировочная структура
62
7
6
ByLayer
370
-1
48
1.0
60
0
100
AcDbText
1
522
10
1395935.33878871
20
359583.494848478
30
0.0
40
0.31111111111
41
1.0
50
0.0
51
0.0
7
Standard
11
1395935.33878871
21
359583.494848478
31
0.0
210
0.0
220
0.0
230
1.0
71
0
72
0
100
AcDbText
73
0
0
POINT
5
437
330
1C
100
AcDbEntity
67
0
8
15 - историческая планировочная структура
62
256
6
ByLayer
370
-1
48
1.0
60
0
100
AcDbPoint
10
1395956.20056012
20
359598.500056226
30
0.0
39
0.0
210
0.0
220
0.0
230
1.0
50
360.0
0
TEXT
5
438
330
1C
100
AcDbEntity
67
0
8
15 - историческая планировочная структура
62
7
6
ByLayer
370
-1
48
1.0
60
0
100
AcDbText
1
523
10
1395956.32968978
20
359598.774497077
30
0.0
40
0.31111111111
41
1.0
50
0.0
51
0.0
7
Standard
11
1395956.32968978
21
359598.774497077
31
0.0
210
0.0
220
0.0
230
1.0
71
0
72
0
100
AcDbText
73
0
0
POINT
5
439
330
1C
100
AcDbEntity
67
0
8
15 - историческая планировочная структура
62
256
6
ByLayer
370
-1
48
1.0
60
0
100
AcDbPoint
10
1395989.27953597
20
359609.550845313
30
0.0
39
0.0
210
0.0
220
0.0
230
1.0
50
360.0
0
TEXT
5
43A
330
1C
100
AcDbEntity
67
0
8
15 - историческая планировочная структура
62
7
6
ByLayer
370
-1
48
1.0
60
0
100
AcDbText
1
524
10
1395989.40866561
20
359609.825286229
30
0.0
40
0.31111111111
41
1.0
50
0.0
51
0.0
7
Standard
11
1395989.40866561
21
359609.825286229
31
0.0
210
0.0
220
0.0
230
1.0
71
0
72
0
100
AcDbText
73
0
0
POINT
5
43B
330
1C
100
AcDbEntity
67
0
8
15 - историческая планировочная структура
62
256
6
ByLayer
370
-1
48
1.0
60
0
100
AcDbPoint
10
1396099.77347848
20
359644.696931114
30
0.0
39
0.0
210
0.0
220
0.0
230
1.0
50
360.0
0
TEXT
5
43C
330
1C
100
AcDbEntity
67
0
8
15 - историческая планировочная структура
62
7
6
ByLayer
370
-1
48
1.0
60
0
100
AcDbText
1
525
10
1396099.90260806
20
359644.971372228
30
0.0
40
0.31111111111
41
1.0
50
0.0
51
0.0
7
Standard
11
1396099.90260806
21
359644.971372228
31
0.0
210
0.0
220
0.0
230
1.0
71
0
72
0
100
AcDbText
73
0
0
POINT
5
43D
330
1C
100
AcDbEntity
67
0
8
15 - историческая планировочная структура
62
256
6
ByLayer
370
-1
48
1.0
60
0
100
AcDbPoint
10
1396208.58628786
20
359681.126142587
30
0.0
39
0.0
210
0.0
220
0.0
230
1.0
50
360.0
0
TEXT
5
43E
330
1C
100
AcDbEntity
67
0
8
15 - историческая планировочная структура
62
7
6
ByLayer
370
-1
48
1.0
60
0
100
AcDbText
1
526
10
1396208.71541737
20
359681.400583896
30
0.0
40
0.31111111111
41
1.0
50
0.0
51
0.0
7
Standard
11
1396208.71541737
21
359681.400583896
31
0.0
210
0.0
220
0.0
230
1.0
71
0
72
0
100
AcDbText
73
0
0
POINT
5
43F
330
1C
100
AcDbEntity
67
0
8
15 - историческая планировочная структура
62
256
6
ByLayer
370
-1
48
1.0
60
0
100
AcDbPoint
10
1396319.45809288
20
359720.177958621
30
0.0
39
0.0
210
0.0
220
0.0
230
1.0
50
360.0
0
TEXT
5
440
330
1C
100
AcDbEntity
67
0
8
15 - историческая планировочная структура
62
7
6
ByLayer
370
-1
48
1.0
60
0
100
AcDbText
1
527
10
1396319.58722232
20
359720.452400131
30
0.0
40
0.31111111111
41
1.0
50
0.0
51
0.0
7
Standard
11
1396319.58722232
21
359720.452400131
31
0.0
210
0.0
220
0.0
230
1.0
71
0
72
0
100
AcDbText
73
0
0
POINT
5
441
330
1C
100
AcDbEntity
67
0
8
15 - историческая планировочная структура
62
256
6
ByLayer
370
-1
48
1.0
60
0
100
AcDbPoint
10
1396361.11645497
20
359735.089584347
30
0.0
39
0.0
210
0.0
220
0.0
230
1.0
50
360.0
0
TEXT
5
442
330
1C
100
AcDbEntity
67
0
8
15 - историческая планировочная структура
62
7
6
ByLayer
370
-1
48
1.0
60
0
100
AcDbText
1
528
10
1396361.24558438
20
359735.364025936
30
0.0
40
0.31111111111
41
1.0
50
0.0
51
0.0
7
Standard
11
1396361.24558438
21
359735.364025936
31
0.0
210
0.0
220
0.0
230
1.0
71
0
72
0
100
AcDbText
73
0
0
POINT
5
443
330
1C
100
AcDbEntity
67
0
8
15 - историческая планировочная структура
62
256
6
ByLayer
370
-1
48
1.0
60
0
100
AcDbPoint
10
1396383.67186782
20
359742.870680471
30
0.0
39
0.0
210
0.0
220
0.0
230
1.0
50
360.0
0
TEXT
5
444
330
1C
100
AcDbEntity
67
0
8
15 - историческая планировочная структура
62
7
6
ByLayer
370
-1
48
1.0
60
0
100
AcDbText
1
529
10
1396383.80099721
20
359743.145122099
30
0.0
40
0.31111111111
41
1.0
50
0.0
51
0.0
7
Standard
11
1396383.80099721
21
359743.145122099
31
0.0
210
0.0
220
0.0
230
1.0
71
0
72
0
100
AcDbText
73
0
0
POINT
5
445
330
1C
100
AcDbEntity
67
0
8
15 - историческая планировочная структура
62
256
6
ByLayer
370
-1
48
1.0
60
0
100
AcDbPoint
10
1396384.79318854
20
359746.207728181
30
0.0
39
0.0
210
0.0
220
0.0
230
1.0
50
360.0
0
TEXT
5
446
330
1C
100
AcDbEntity
67
0
8
15 - историческая планировочная структура
62
7
6
ByLayer
370
-1
48
1.0
60
0
100
AcDbText
1
530
10
1396384.92231792
20
359746.482169811
30
0.0
40
0.31111111111
41
1.0
50
0.0
51
0.0
7
Standard
11
1396384.92231792
21
359746.482169811
31
0.0
210
0.0
220
0.0
230
1.0
71
0
72
0
100
AcDbText
73
0
0
POINT
5
447
330
1C
100
AcDbEntity
67
0
8
15 - историческая планировочная структура
62
256
6
ByLayer
370
-1
48
1.0
60
0
100
AcDbPoint
10
1394318.86635612
20
360637.390111068
30
0.0
39
0.0
210
0.0
220
0.0
230
1.0
50
360.0
0
TEXT
5
448
330
1C
100
AcDbEntity
67
0
8
15 - историческая планировочная структура
62
7
6
ByLayer
370
-1
48
1.0
60
0
100
AcDbText
1
531
10
1394318.99548394
20
360637.664548906
30
0.0
40
0.31111111111
41
1.0
50
0.0
51
0.0
7
Standard
11
1394318.99548394
21
360637.664548906
31
0.0
210
0.0
220
0.0
230
1.0
71
0
72
0
100
AcDbText
73
0
0
POINT
5
449
330
1C
100
AcDbEntity
67
0
8
15 - историческая планировочная структура
62
256
6
ByLayer
370
-1
48
1.0
60
0
100
AcDbPoint
10
1394393.90251598
20
360619.824732719
30
0.0
39
0.0
210
0.0
220
0.0
230
1.0
50
360.0
0
TEXT
5
44A
330
1C
100
AcDbEntity
67
0
8
15 - историческая планировочная структура
62
7
6
ByLayer
370
-1
48
1.0
60
0
100
AcDbText
1
532
10
1394394.03164382
20
360620.099170698
30
0.0
40
0.31111111111
41
1.0
50
0.0
51
0.0
7
Standard
11
1394394.03164382
21
360620.099170698
31
0.0
210
0.0
220
0.0
230
1.0
71
0
72
0
100
AcDbText
73
0
0
POINT
5
44B
330
1C
100
AcDbEntity
67
0
8
15 - историческая планировочная структура
62
256
6
ByLayer
370
-1
48
1.0
60
0
100
AcDbPoint
10
1394460.27749147
20
360605.450143742
30
0.0
39
0.0
210
0.0
220
0.0
230
1.0
50
360.0
0
TEXT
5
44C
330
1C
100
AcDbEntity
67
0
8
15 - историческая планировочная структура
62
7
6
ByLayer
370
-1
48
1.0
60
0
100
AcDbText
1
533
10
1394460.40661934
20
360605.724581841
30
0.0
40
0.31111111111
41
1.0
50
0.0
51
0.0
7
Standard
11
1394460.40661934
21
360605.724581841
31
0.0
210
0.0
220
0.0
230
1.0
71
0
72
0
100
AcDbText
73
0
0
POINT
5
44D
330
1C
100
AcDbEntity
67
0
8
15 - историческая планировочная структура
62
256
6
ByLayer
370
-1
48
1.0
60
0
100
AcDbPoint
10
1394366.06538954
20
359351.589380645
30
0.0
39
0.0
210
0.0
220
0.0
230
1.0
50
360.0
0
TEXT
5
44E
330
1C
100
AcDbEntity
67
0
8
15 - историческая планировочная структура
62
7
6
ByLayer
370
-1
48
1.0
60
0
100
AcDbText
1
534
10
1394366.1945197
20
359351.863818605
30
0.0
40
0.31111111111
41
1.0
50
0.0
51
0.0
7
Standard
11
1394366.1945197
21
359351.863818605
31
0.0
210
0.0
220
0.0
230
1.0
71
0
72
0
100
AcDbText
73
0
0
POINT
5
44F
330
1C
100
AcDbEntity
67
0
8
15 - историческая планировочная структура
62
256
6
ByLayer
370
-1
48
1.0
60
0
100
AcDbPoint
10
1396338.61457978
20
359626.680694868
30
0.0
39
0.0
210
0.0
220
0.0
230
1.0
50
360.0
0
TEXT
5
450
330
1C
100
AcDbEntity
67
0
8
15 - историческая планировочная структура
62
7
6
ByLayer
370
-1
48
1.0
60
0
100
AcDbText
1
535
10
1396338.74370939
20
359626.955136419
30
0.0
40
0.31111111111
41
1.0
50
0.0
51
0.0
7
Standard
11
1396338.74370939
21
359626.955136419
31
0.0
210
0.0
220
0.0
230
1.0
71
0
72
0
100
AcDbText
73
0
0
POINT
5
451
330
1C
100
AcDbEntity
67
0
8
15 - историческая планировочная структура
62
256
6
ByLayer
370
-1
48
1.0
60
0
100
AcDbPoint
10
1396338.26810276
20
359627.683015199
30
0.0
39
0.0
210
0.0
220
0.0
230
1.0
50
360.0
0
TEXT
5
452
330
1C
100
AcDbEntity
67
0
8
15 - историческая планировочная структура
62
7
6
ByLayer
370
-1
48
1.0
60
0
100
AcDbText
1
536
10
1396338.39723236
20
359627.957456748
30
0.0
40
0.31111111111
41
1.0
50
0.0
51
0.0
7
Standard
11
1396338.39723236
21
359627.957456748
31
0.0
210
0.0
220
0.0
230
1.0
71
0
72
0
100
AcDbText
73
0
0
POINT
5
453
330
1C
100
AcDbEntity
67
0
8
15 - историческая планировочная структура
62
256
6
ByLayer
370
-1
48
1.0
60
0
100
AcDbPoint
10
1396338.31778466
20
359630.297996877
30
0.0
39
0.0
210
0.0
220
0.0
230
1.0
50
360.0
0
TEXT
5
454
330
1C
100
AcDbEntity
67
0
8
15 - историческая планировочная структура
62
7
6
ByLayer
370
-1
48
1.0
60
0
100
AcDbText
1
537
10
1396338.44691426
20
359630.572438425
30
0.0
40
0.31111111111
41
1.0
50
0.0
51
0.0
7
Standard
11
1396338.44691426
21
359630.572438425
31
0.0
210
0.0
220
0.0
230
1.0
71
0
72
0
100
AcDbText
73
0
0
POINT
5
455
330
1C
100
AcDbEntity
67
0
8
15 - историческая планировочная структура
62
256
6
ByLayer
370
-1
48
1.0
60
0
100
AcDbPoint
10
1396340.18182555
20
359633.112279347
30
0.0
39
0.0
210
0.0
220
0.0
230
1.0
50
360.0
0
TEXT
5
456
330
1C
100
AcDbEntity
67
0
8
15 - историческая планировочная структура
62
7
6
ByLayer
370
-1
48
1.0
60
0
100
AcDbText
1
538
10
1396340.31095514
20
359633.386720901
30
0.0
40
0.31111111111
41
1.0
50
0.0
51
0.0
7
Standard
11
1396340.31095514
21
359633.386720901
31
0.0
210
0.0
220
0.0
230
1.0
71
0
72
0
100
AcDbText
73
0
0
POINT
5
457
330
1C
100
AcDbEntity
67
0
8
15 - историческая планировочная структура
62
256
6
ByLayer
370
-1
48
1.0
60
0
100
AcDbPoint
10
1396342.66598771
20
359635.644015598
30
0.0
39
0.0
210
0.0
220
0.0
230
1.0
50
360.0
0
TEXT
5
458
330
1C
100
AcDbEntity
67
0
8
15 - историческая планировочная структура
62
7
6
ByLayer
370
-1
48
1.0
60
0
100
AcDbText
1
539
10
1396342.79511729
20
359635.918457153
30
0.0
40
0.31111111111
41
1.0
50
0.0
51
0.0
7
Standard
11
1396342.79511729
21
359635.918457153
31
0.0
210
0.0
220
0.0
230
1.0
71
0
72
0
100
AcDbText
73
0
0
POINT
5
459
330
1C
100
AcDbEntity
67
0
8
15 - историческая планировочная структура
62
256
6
ByLayer
370
-1
48
1.0
60
0
100
AcDbPoint
10
1396357.03228835
20
359648.219728
30
0.0
39
0.0
210
0.0
220
0.0
230
1.0
50
360.0
0
TEXT
5
45A
330
1C
100
AcDbEntity
67
0
8
15 - историческая планировочная структура
62
7
6
ByLayer
370
-1
48
1.0
60
0
100
AcDbText
1
540
10
1396357.16141792
20
359648.494169582
30
0.0
40
0.31111111111
41
1.0
50
0.0
51
0.0
7
Standard
11
1396357.16141792
21
359648.494169582
31
0.0
210
0.0
220
0.0
230
1.0
71
0
72
0
100
AcDbText
73
0
0
POINT
5
45B
330
1C
100
AcDbEntity
67
0
8
15 - историческая планировочная структура
62
256
6
ByLayer
370
-1
48
1.0
60
0
100
AcDbPoint
10
1396384.63848934
20
359679.174103955
30
0.0
39
0.0
210
0.0
220
0.0
230
1.0
50
360.0
0
TEXT
5
45C
330
1C
100
AcDbEntity
67
0
8
15 - историческая планировочная структура
62
7
6
ByLayer
370
-1
48
1.0
60
0
100
AcDbText
1
541
10
1396384.76761885
20
359679.448545589
30
0.0
40
0.31111111111
41
1.0
50
0.0
51
0.0
7
Standard
11
1396384.76761885
21
359679.448545589
31
0.0
210
0.0
220
0.0
230
1.0
71
0
72
0
100
AcDbText
73
0
0
POINT
5
45D
330
1C
100
AcDbEntity
67
0
8
15 - историческая планировочная структура
62
256
6
ByLayer
370
-1
48
1.0
60
0
100
AcDbPoint
10
1396406.55590707
20
359715.264668522
30
0.0
39
0.0
210
0.0
220
0.0
230
1.0
50
360.0
0
TEXT
5
45E
330
1C
100
AcDbEntity
67
0
8
15 - историческая планировочная структура
62
7
6
ByLayer
370
-1
48
1.0
60
0
100
AcDbText
1
542
10
1396406.68503651
20
359715.539110192
30
0.0
40
0.31111111111
41
1.0
50
0.0
51
0.0
7
Standard
11
1396406.68503651
21
359715.539110192
31
0.0
210
0.0
220
0.0
230
1.0
71
0
72
0
100
AcDbText
73
0
0
POINT
5
45F
330
1C
100
AcDbEntity
67
0
8
15 - историческая планировочная структура
62
256
6
ByLayer
370
-1
48
1.0
60
0
100
AcDbPoint
10
1396421.94385681
20
359745.541643388
30
0.0
39
0.0
210
0.0
220
0.0
230
1.0
50
360.0
0
TEXT
5
460
330
1C
100
AcDbEntity
67
0
8
15 - историческая планировочная структура
62
7
6
ByLayer
370
-1
48
1.0
60
0
100
AcDbText
1
543
10
1396422.07298619
20
359745.816085085
30
0.0
40
0.31111111111
41
1.0
50
0.0
51
0.0
7
Standard
11
1396422.07298619
21
359745.816085085
31
0.0
210
0.0
220
0.0
230
1.0
71
0
72
0
100
AcDbText
73
0
0
POINT
5
461
330
1C
100
AcDbEntity
67
0
8
15 - историческая планировочная структура
62
256
6
ByLayer
370
-1
48
1.0
60
0
100
AcDbPoint
10
1396424.75923838
20
359752.895051526
30
0.0
39
0.0
210
0.0
220
0.0
230
1.0
50
360.0
0
TEXT
5
462
330
1C
100
AcDbEntity
67
0
8
15 - историческая планировочная структура
62
7
6
ByLayer
370
-1
48
1.0
60
0
100
AcDbText
1
544
10
1396424.88836775
20
359753.169493229
30
0.0
40
0.31111111111
41
1.0
50
0.0
51
0.0
7
Standard
11
1396424.88836775
21
359753.169493229
31
0.0
210
0.0
220
0.0
230
1.0
71
0
72
0
100
AcDbText
73
0
0
POINT
5
463
330
1C
100
AcDbEntity
67
0
8
15 - историческая планировочная структура
62
256
6
ByLayer
370
-1
48
1.0
60
0
100
AcDbPoint
10
1396423.91590647
20
359755.017819159
30
0.0
39
0.0
210
0.0
220
0.0
230
1.0
50
360.0
0
TEXT
5
464
330
1C
100
AcDbEntity
67
0
8
15 - историческая планировочная структура
62
7
6
ByLayer
370
-1
48
1.0
60
0
100
AcDbText
1
545
10
1396424.04503585
20
359755.292260861
30
0.0
40
0.31111111111
41
1.0
50
0.0
51
0.0
7
Standard
11
1396424.04503585
21
359755.292260861
31
0.0
210
0.0
220
0.0
230
1.0
71
0
72
0
100
AcDbText
73
0
0
POINT
5
465
330
1C
100
AcDbEntity
67
0
8
15 - историческая планировочная структура
62
256
6
ByLayer
370
-1
48
1.0
60
0
100
AcDbPoint
10
1396269.47844985
20
359813.344619141
30
0.0
39
0.0
210
0.0
220
0.0
230
1.0
50
360.0
0
TEXT
5
466
330
1C
100
AcDbEntity
67
0
8
15 - историческая планировочная структура
62
7
6
ByLayer
370
-1
48
1.0
60
0
100
AcDbText
1
546
10
1396269.60757912
20
359813.619060561
30
0.0
40
0.31111111111
41
1.0
50
0.0
51
0.0
7
Standard
11
1396269.60757912
21
359813.619060561
31
0.0
210
0.0
220
0.0
230
1.0
71
0
72
0
100
AcDbText
73
0
0
POINT
5
467
330
1C
100
AcDbEntity
67
0
8
15 - историческая планировочная структура
62
256
6
ByLayer
370
-1
48
1.0
60
0
100
AcDbPoint
10
1396270.95547409
20
359814.903673581
30
0.0
39
0.0
210
0.0
220
0.0
230
1.0
50
360.0
0
TEXT
5
468
330
1C
100
AcDbEntity
67
0
8
15 - историческая планировочная структура
62
7
6
ByLayer
370
-1
48
1.0
60
0
100
AcDbText
1
547
10
1396271.08460335
20
359815.178115004
30
0.0
40
0.31111111111
41
1.0
50
0.0
51
0.0
7
Standard
11
1396271.08460335
21
359815.178115004
31
0.0
210
0.0
220
0.0
230
1.0
71
0
72
0
100
AcDbText
73
0
0
POINT
5
469
330
1C
100
AcDbEntity
67
0
8
15 - историческая планировочная структура
62
256
6
ByLayer
370
-1
48
1.0
60
0
100
AcDbPoint
10
1396273.13037338
20
359815.837896302
30
0.0
39
0.0
210
0.0
220
0.0
230
1.0
50
360.0
0
TEXT
5
46A
330
1C
100
AcDbEntity
67
0
8
15 - историческая планировочная структура
62
7
6
ByLayer
370
-1
48
1.0
60
0
100
AcDbText
1
548
10
1396273.25950265
20
359816.112337725
30
0.0
40
0.31111111111
41
1.0
50
0.0
51
0.0
7
Standard
11
1396273.25950265
21
359816.112337725
31
0.0
210
0.0
220
0.0
230
1.0
71
0
72
0
100
AcDbText
73
0
0
POINT
5
46B
330
1C
100
AcDbEntity
67
0
8
15 - историческая планировочная структура
62
256
6
ByLayer
370
-1
48
1.0
60
0
100
AcDbPoint
10
1396279.95608601
20
359817.905130566
30
0.0
39
0.0
210
0.0
220
0.0
230
1.0
50
360.0
0
TEXT
5
46C
330
1C
100
AcDbEntity
67
0
8
15 - историческая планировочная структура
62
7
6
ByLayer
370
-1
48
1.0
60
0
100
AcDbText
1
549
10
1396280.08521527
20
359818.179572004
30
0.0
40
0.31111111111
41
1.0
50
0.0
51
0.0
7
Standard
11
1396280.08521527
21
359818.179572004
31
0.0
210
0.0
220
0.0
230
1.0
71
0
72
0
100
AcDbText
73
0
0
POINT
5
46D
330
1C
100
AcDbEntity
67
0
8
15 - историческая планировочная структура
62
256
6
ByLayer
370
-1
48
1.0
60
0
100
AcDbPoint
10
1396302.35557559
20
359822.653508772
30
0.0
39
0.0
210
0.0
220
0.0
230
1.0
50
360.0
0
TEXT
5
46E
330
1C
100
AcDbEntity
67
0
8
15 - историческая планировочная структура
62
7
6
ByLayer
370
-1
48
1.0
60
0
100
AcDbText
1
550
10
1396302.48470484
20
359822.927950249
30
0.0
40
0.31111111111
41
1.0
50
0.0
51
0.0
7
Standard
11
1396302.48470484
21
359822.927950249
31
0.0
210
0.0
220
0.0
230
1.0
71
0
72
0
100
AcDbText
73
0
0
POINT
5
46F
330
1C
100
AcDbEntity
67
0
8
15 - историческая планировочная структура
62
256
6
ByLayer
370
-1
48
1.0
60
0
100
AcDbPoint
10
1396364.94668726
20
359843.64117447
30
0.0
39
0.0
210
0.0
220
0.0
230
1.0
50
360.0
0
TEXT
5
470
330
1C
100
AcDbEntity
67
0
8
15 - историческая планировочная структура
62
7
6
ByLayer
370
-1
48
1.0
60
0
100
AcDbText
1
551
10
1396365.07581647
20
359843.915616064
30
0.0
40
0.31111111111
41
1.0
50
0.0
51
0.0
7
Standard
11
1396365.07581647
21
359843.915616064
31
0.0
210
0.0
220
0.0
230
1.0
71
0
72
0
100
AcDbText
73
0
0
POINT
5
471
330
1C
100
AcDbEntity
67
0
8
15 - историческая планировочная структура
62
256
6
ByLayer
370
-1
48
1.0
60
0
100
AcDbPoint
10
1396379.83157521
20
359855.307804214
30
0.0
39
0.0
210
0.0
220
0.0
230
1.0
50
360.0
0
TEXT
5
472
330
1C
100
AcDbEntity
67
0
8
15 - историческая планировочная структура
62
7
6
ByLayer
370
-1
48
1.0
60
0
100
AcDbText
1
552
10
1396379.9607044
20
359855.582245833
30
0.0
40
0.31111111111
41
1.0
50
0.0
51
0.0
7
Standard
11
1396379.9607044
21
359855.582245833
31
0.0
210
0.0
220
0.0
230
1.0
71
0
72
0
100
AcDbText
73
0
0
POINT
5
473
330
1C
100
AcDbEntity
67
0
8
15 - историческая планировочная структура
62
256
6
ByLayer
370
-1
48
1.0
60
0
100
AcDbPoint
10
1396401.75301581
20
359867.091429537
30
0.0
39
0.0
210
0.0
220
0.0
230
1.0
50
360.0
0
TEXT
5
474
330
1C
100
AcDbEntity
67
0
8
15 - историческая планировочная структура
62
7
6
ByLayer
370
-1
48
1.0
60
0
100
AcDbText
1
553
10
1396401.88214498
20
359867.365871191
30
0.0
40
0.31111111111
41
1.0
50
0.0
51
0.0
7
Standard
11
1396401.88214498
21
359867.365871191
31
0.0
210
0.0
220
0.0
230
1.0
71
0
72
0
100
AcDbText
73
0
0
POINT
5
475
330
1C
100
AcDbEntity
67
0
8
15 - историческая планировочная структура
62
256
6
ByLayer
370
-1
48
1.0
60
0
100
AcDbPoint
10
1396427.37099395
20
359889.895511443
30
0.0
39
0.0
210
0.0
220
0.0
230
1.0
50
360.0
0
TEXT
5
476
330
1C
100
AcDbEntity
67
0
8
15 - историческая планировочная структура
62
7
6
ByLayer
370
-1
48
1.0
60
0
100
AcDbText
1
554
10
1396427.50012307
20
359890.169953151
30
0.0
40
0.31111111111
41
1.0
50
0.0
51
0.0
7
Standard
11
1396427.50012307
21
359890.169953151
31
0.0
210
0.0
220
0.0
230
1.0
71
0
72
0
100
AcDbText
73
0
0
POINT
5
477
330
1C
100
AcDbEntity
67
0
8
15 - историческая планировочная структура
62
256
6
ByLayer
370
-1
48
1.0
60
0
100
AcDbPoint
10
1396457.57791589
20
359916.346616695
30
0.0
39
0.0
210
0.0
220
0.0
230
1.0
50
360.0
0
TEXT
5
478
330
1C
100
AcDbEntity
67
0
8
15 - историческая планировочная структура
62
7
6
ByLayer
370
-1
48
1.0
60
0
100
AcDbText
1
555
10
1396457.70704496
20
359916.621058453
30
0.0
40
0.31111111111
41
1.0
50
0.0
51
0.0
7
Standard
11
1396457.70704496
21
359916.621058453
31
0.0
210
0.0
220
0.0
230
1.0
71
0
72
0
100
AcDbText
73
0
0
POINT
5
479
330
1C
100
AcDbEntity
67
0
8
15 - историческая планировочная структура
62
256
6
ByLayer
370
-1
48
1.0
60
0
100
AcDbPoint
10
1396514.2333456
20
359949.84010432
30
0.0
39
0.0
210
0.0
220
0.0
230
1.0
50
360.0
0
TEXT
5
47A
330
1C
100
AcDbEntity
67
0
8
15 - историческая планировочная структура
62
7
6
ByLayer
370
-1
48
1.0
60
0
100
AcDbText
1
556
10
1396514.36247461
20
359950.114546182
30
0.0
40
0.31111111111
41
1.0
50
0.0
51
0.0
7
Standard
11
1396514.36247461
21
359950.114546182
31
0.0
210
0.0
220
0.0
230
1.0
71
0
72
0
100
AcDbText
73
0
0
POINT
5
47B
330
1C
100
AcDbEntity
67
0
8
15 - историческая планировочная структура
62
256
6
ByLayer
370
-1
48
1.0
60
0
100
AcDbPoint
10
1396543.07650585
20
359963.619963526
30
0.0
39
0.0
210
0.0
220
0.0
230
1.0
50
360.0
0
TEXT
5
47C
330
1C
100
AcDbEntity
67
0
8
15 - историческая планировочная структура
62
7
6
ByLayer
370
-1
48
1.0
60
0
100
AcDbText
1
557
10
1396543.20563484
20
359963.894405443
30
0.0
40
0.31111111111
41
1.0
50
0.0
51
0.0
7
Standard
11
1396543.20563484
21
359963.894405443
31
0.0
210
0.0
220
0.0
230
1.0
71
0
72
0
100
AcDbText
73
0
0
POINT
5
47D
330
1C
100
AcDbEntity
67
0
8
15 - историческая планировочная структура
62
256
6
ByLayer
370
-1
48
1.0
60
0
100
AcDbPoint
10
1396567.61102618
20
359976.232322972
30
0.0
39
0.0
210
0.0
220
0.0
230
1.0
50
360.0
0
TEXT
5
47E
330
1C
100
AcDbEntity
67
0
8
15 - историческая планировочная структура
62
7
6
ByLayer
370
-1
48
1.0
60
0
100
AcDbText
1
558
10
1396567.74015515
20
359976.506764933
30
0.0
40
0.31111111111
41
1.0
50
0.0
51
0.0
7
Standard
11
1396567.74015515
21
359976.506764933
31
0.0
210
0.0
220
0.0
230
1.0
71
0
72
0
100
AcDbText
73
0
0
POINT
5
47F
330
1C
100
AcDbEntity
67
0
8
15 - историческая планировочная структура
62
256
6
ByLayer
370
-1
48
1.0
60
0
100
AcDbPoint
10
1396594.67464965
20
359980.923735755
30
0.0
39
0.0
210
0.0
220
0.0
230
1.0
50
360.0
0
TEXT
5
480
330
1C
100
AcDbEntity
67
0
8
15 - историческая планировочная структура
62
7
6
ByLayer
370
-1
48
1.0
60
0
100
AcDbText
1
559
10
1396594.8037786
20
359981.198177763
30
0.0
40
0.31111111111
41
1.0
50
0.0
51
0.0
7
Standard
11
1396594.8037786
21
359981.198177763
31
0.0
210
0.0
220
0.0
230
1.0
71
0
72
0
100
AcDbText
73
0
0
POINT
5
481
330
1C
100
AcDbEntity
67
0
8
15 - историческая планировочная структура
62
256
6
ByLayer
370
-1
48
1.0
60
0
100
AcDbPoint
10
1396641.85536213
20
359982.739584885
30
0.0
39
0.0
210
0.0
220
0.0
230
1.0
50
360.0
0
TEXT
5
482
330
1C
100
AcDbEntity
67
0
8
15 - историческая планировочная структура
62
7
6
ByLayer
370
-1
48
1.0
60
0
100
AcDbText
1
560
10
1396641.98449108
20
359983.014026979
30
0.0
40
0.31111111111
41
1.0
50
0.0
51
0.0
7
Standard
11
1396641.98449108
21
359983.014026979
31
0.0
210
0.0
220
0.0
230
1.0
71
0
72
0
100
AcDbText
73
0
0
POINT
5
483
330
1C
100
AcDbEntity
67
0
8
15 - историческая планировочная структура
62
256
6
ByLayer
370
-1
48
1.0
60
0
100
AcDbPoint
10
1396673.34271472
20
359992.605855677
30
0.0
39
0.0
210
0.0
220
0.0
230
1.0
50
360.0
0
TEXT
5
484
330
1C
100
AcDbEntity
67
0
8
15 - историческая планировочная структура
62
7
6
ByLayer
370
-1
48
1.0
60
0
100
AcDbText
1
561
10
1396673.47184365
20
359992.880297824
30
0.0
40
0.31111111111
41
1.0
50
0.0
51
0.0
7
Standard
11
1396673.47184365
21
359992.880297824
31
0.0
210
0.0
220
0.0
230
1.0
71
0
72
0
100
AcDbText
73
0
0
POINT
5
485
330
1C
100
AcDbEntity
67
0
8
15 - историческая планировочная структура
62
256
6
ByLayer
370
-1
48
1.0
60
0
100
AcDbPoint
10
1396698.13928733
20
360002.631567681
30
0.0
39
0.0
210
0.0
220
0.0
230
1.0
50
360.0
0
TEXT
5
486
330
1C
100
AcDbEntity
67
0
8
15 - историческая планировочная структура
62
7
6
ByLayer
370
-1
48
1.0
60
0
100
AcDbText
1
562
10
1396698.26841624
20
360002.906009875
30
0.0
40
0.31111111111
41
1.0
50
0.0
51
0.0
7
Standard
11
1396698.26841624
21
360002.906009875
31
0.0
210
0.0
220
0.0
230
1.0
71
0
72
0
100
AcDbText
73
0
0
POINT
5
487
330
1C
100
AcDbEntity
67
0
8
15 - историческая планировочная структура
62
256
6
ByLayer
370
-1
48
1.0
60
0
100
AcDbPoint
10
1396722.83266585
20
360014.680177824
30
0.0
39
0.0
210
0.0
220
0.0
230
1.0
50
360.0
0
TEXT
5
488
330
1C
100
AcDbEntity
67
0
8
15 - историческая планировочная структура
62
7
6
ByLayer
370
-1
48
1.0
60
0
100
AcDbText
1
563
10
1396722.96179474
20
360014.954620064
30
0.0
40
0.31111111111
41
1.0
50
0.0
51
0.0
7
Standard
11
1396722.96179474
21
360014.954620064
31
0.0
210
0.0
220
0.0
230
1.0
71
0
72
0
100
AcDbText
73
0
0
POINT
5
489
330
1C
100
AcDbEntity
67
0
8
15 - историческая планировочная структура
62
256
6
ByLayer
370
-1
48
1.0
60
0
100
AcDbPoint
10
1396758.92379347
20
360025.712804803
30
0.0
39
0.0
210
0.0
220
0.0
230
1.0
50
360.0
0
TEXT
5
48A
330
1C
100
AcDbEntity
67
0
8
15 - историческая планировочная структура
62
7
6
ByLayer
370
-1
48
1.0
60
0
100
AcDbText
1
564
10
1396759.05292234
20
360025.987247109
30
0.0
40
0.31111111111
41
1.0
50
0.0
51
0.0
7
Standard
11
1396759.05292234
21
360025.987247109
31
0.0
210
0.0
220
0.0
230
1.0
71
0
72
0
100
AcDbText
73
0
0
POINT
5
48B
330
1C
100
AcDbEntity
67
0
8
15 - историческая планировочная структура
62
256
6
ByLayer
370
-1
48
1.0
60
0
100
AcDbPoint
10
1396764.62019022
20
360029.987332895
30
0.0
39
0.0
210
0.0
220
0.0
230
1.0
50
360.0
0
TEXT
5
48C
330
1C
100
AcDbEntity
67
0
8
15 - историческая планировочная структура
62
7
6
ByLayer
370
-1
48
1.0
60
0
100
AcDbText
1
565
10
1396764.74931908
20
360030.261775211
30
0.0
40
0.31111111111
41
1.0
50
0.0
51
0.0
7
Standard
11
1396764.74931908
21
360030.261775211
31
0.0
210
0.0
220
0.0
230
1.0
71
0
72
0
100
AcDbText
73
0
0
POINT
5
48D
330
1C
100
AcDbEntity
67
0
8
15 - историческая планировочная структура
62
256
6
ByLayer
370
-1
48
1.0
60
0
100
AcDbPoint
10
1396764.50630413
20
360032.170336713
30
0.0
39
0.0
210
0.0
220
0.0
230
1.0
50
360.0
0
TEXT
5
48E
330
1C
100
AcDbEntity
67
0
8
15 - историческая планировочная структура
62
7
6
ByLayer
370
-1
48
1.0
60
0
100
AcDbText
1
566
10
1396764.63543299
20
360032.44477903
30
0.0
40
0.31111111111
41
1.0
50
0.0
51
0.0
7
Standard
11
1396764.63543299
21
360032.44477903
31
0.0
210
0.0
220
0.0
230
1.0
71
0
72
0
100
AcDbText
73
0
0
POINT
5
48F
330
1C
100
AcDbEntity
67
0
8
15 - историческая планировочная структура
62
256
6
ByLayer
370
-1
48
1.0
60
0
100
AcDbPoint
10
1397173.99346097
20
359975.004594514
30
0.0
39
0.0
210
0.0
220
0.0
230
1.0
50
360.0
0
TEXT
5
490
330
1C
100
AcDbEntity
67
0
8
15 - историческая планировочная структура
62
7
6
ByLayer
370
-1
48
1.0
60
0
100
AcDbText
1
567
10
1397174.12258992
20
359975.279037579
30
0.0
40
0.31111111111
41
1.0
50
0.0
51
0.0
7
Standard
11
1397174.12258992
21
359975.279037579
31
0.0
210
0.0
220
0.0
230
1.0
71
0
72
0
100
AcDbText
73
0
0
POINT
5
491
330
1C
100
AcDbEntity
67
0
8
15 - историческая планировочная структура
62
256
6
ByLayer
370
-1
48
1.0
60
0
100
AcDbPoint
10
1397174.61888091
20
359964.242548846
30
0.0
39
0.0
210
0.0
220
0.0
230
1.0
50
360.0
0
TEXT
5
492
330
1C
100
AcDbEntity
67
0
8
15 - историческая планировочная структура
62
7
6
ByLayer
370
-1
48
1.0
60
0
100
AcDbText
1
568
10
1397174.74800988
20
359964.516991912
30
0.0
40
0.31111111111
41
1.0
50
0.0
51
0.0
7
Standard
11
1397174.74800988
21
359964.516991912
31
0.0
210
0.0
220
0.0
230
1.0
71
0
72
0
100
AcDbText
73
0
0
POINT
5
493
330
1C
100
AcDbEntity
67
0
8
15 - историческая планировочная структура
62
256
6
ByLayer
370
-1
48
1.0
60
0
100
AcDbPoint
10
1397173.06200407
20
359951.605790996
30
0.0
39
0.0
210
0.0
220
0.0
230
1.0
50
360.0
0
TEXT
5
494
330
1C
100
AcDbEntity
67
0
8
15 - историческая планировочная структура
62
7
6
ByLayer
370
-1
48
1.0
60
0
100
AcDbText
1
569
10
1397173.19113306
20
359951.88023406
30
0.0
40
0.31111111111
41
1.0
50
0.0
51
0.0
7
Standard
11
1397173.19113306
21
359951.88023406
31
0.0
210
0.0
220
0.0
230
1.0
71
0
72
0
100
AcDbText
73
0
0
POINT
5
495
330
1C
100
AcDbEntity
67
0
8
15 - историческая планировочная структура
62
256
6
ByLayer
370
-1
48
1.0
60
0
100
AcDbPoint
10
1397167.75639325
20
359931.044723756
30
0.0
39
0.0
210
0.0
220
0.0
230
1.0
50
360.0
0
TEXT
5
496
330
1C
100
AcDbEntity
67
0
8
15 - историческая планировочная структура
62
7
6
ByLayer
370
-1
48
1.0
60
0
100
AcDbText
1
570
10
1397167.88552228
20
359931.319166808
30
0.0
40
0.31111111111
41
1.0
50
0.0
51
0.0
7
Standard
11
1397167.88552228
21
359931.319166808
31
0.0
210
0.0
220
0.0
230
1.0
71
0
72
0
100
AcDbText
73
0
0
POINT
5
497
330
1C
100
AcDbEntity
67
0
8
15 - историческая планировочная структура
62
256
6
ByLayer
370
-1
48
1.0
60
0
100
AcDbPoint
10
1397159.25842775
20
359908.450734138
30
0.0
39
0.0
210
0.0
220
0.0
230
1.0
50
360.0
0
TEXT
5
498
330
1C
100
AcDbEntity
67
0
8
15 - историческая планировочная структура
62
7
6
ByLayer
370
-1
48
1.0
60
0
100
AcDbText
1
571
10
1397159.38755683
20
359908.725177176
30
0.0
40
0.31111111111
41
1.0
50
0.0
51
0.0
7
Standard
11
1397159.38755683
21
359908.725177176
31
0.0
210
0.0
220
0.0
230
1.0
71
0
72
0
100
AcDbText
73
0
0
POINT
5
499
330
1C
100
AcDbEntity
67
0
8
15 - историческая планировочная структура
62
256
6
ByLayer
370
-1
48
1.0
60
0
100
AcDbPoint
10
1397152.63721776
20
359896.68409711
30
0.0
39
0.0
210
0.0
220
0.0
230
1.0
50
360.0
0
TEXT
5
49A
330
1C
100
AcDbEntity
67
0
8
15 - историческая планировочная структура
62
7
6
ByLayer
370
-1
48
1.0
60
0
100
AcDbText
1
572
10
1397152.76634686
20
359896.958540136
30
0.0
40
0.31111111111
41
1.0
50
0.0
51
0.0
7
Standard
11
1397152.76634686
21
359896.958540136
31
0.0
210
0.0
220
0.0
230
1.0
71
0
72
0
100
AcDbText
73
0
0
POINT
5
49B
330
1C
100
AcDbEntity
67
0
8
15 - историческая планировочная структура
62
256
6
ByLayer
370
-1
48
1.0
60
0
100
AcDbPoint
10
1397141.99967688
20
359879.292363718
30
0.0
39
0.0
210
0.0
220
0.0
230
1.0
50
360.0
0
TEXT
5
49C
330
1C
100
AcDbEntity
67
0
8
15 - историческая планировочная структура
62
7
6
ByLayer
370
-1
48
1.0
60
0
100
AcDbText
1
573
10
1397142.12880601
20
359879.566806725
30
0.0
40
0.31111111111
41
1.0
50
0.0
51
0.0
7
Standard
11
1397142.12880601
21
359879.566806725
31
0.0
210
0.0
220
0.0
230
1.0
71
0
72
0
100
AcDbText
73
0
0
POINT
5
49D
330
1C
100
AcDbEntity
67
0
8
15 - историческая планировочная структура
62
256
6
ByLayer
370
-1
48
1.0
60
0
100
AcDbPoint
10
1397134.35879988
20
359868.278480231
30
0.0
39
0.0
210
0.0
220
0.0
230
1.0
50
360.0
0
TEXT
5
49E
330
1C
100
AcDbEntity
67
0
8
15 - историческая планировочная структура
62
7
6
ByLayer
370
-1
48
1.0
60
0
100
AcDbText
1
574
10
1397134.48792902
20
359868.552923228
30
0.0
40
0.31111111111
41
1.0
50
0.0
51
0.0
7
Standard
11
1397134.48792902
21
359868.552923228
31
0.0
210
0.0
220
0.0
230
1.0
71
0
72
0
100
AcDbText
73
0
0
POINT
5
49F
330
1C
100
AcDbEntity
67
0
8
15 - историческая планировочная структура
62
256
6
ByLayer
370
-1
48
1.0
60
0
100
AcDbPoint
10
1397127.10801523
20
359860.657441576
30
0.0
39
0.0
210
0.0
220
0.0
230
1.0
50
360.0
0
TEXT
5
4A0
330
1C
100
AcDbEntity
67
0
8
15 - историческая планировочная структура
62
7
6
ByLayer
370
-1
48
1.0
60
0
100
AcDbText
1
575
10
1397127.23714439
20
359860.931884561
30
0.0
40
0.31111111111
41
1.0
50
0.0
51
0.0
7
Standard
11
1397127.23714439
21
359860.931884561
31
0.0
210
0.0
220
0.0
230
1.0
71
0
72
0
100
AcDbText
73
0
0
POINT
5
4A1
330
1C
100
AcDbEntity
67
0
8
15 - историческая планировочная структура
62
256
6
ByLayer
370
-1
48
1.0
60
0
100
AcDbPoint
10
1397118.02858991
20
359856.984295362
30
0.0
39
0.0
210
0.0
220
0.0
230
1.0
50
360.0
0
TEXT
5
4A2
330
1C
100
AcDbEntity
67
0
8
15 - историческая планировочная структура
62
7
6
ByLayer
370
-1
48
1.0
60
0
100
AcDbText
1
576
10
1397118.15771908
20
359857.258738331
30
0.0
40
0.31111111111
41
1.0
50
0.0
51
0.0
7
Standard
11
1397118.15771908
21
359857.258738331
31
0.0
210
0.0
220
0.0
230
1.0
71
0
72
0
100
AcDbText
73
0
0
POINT
5
4A3
330
1C
100
AcDbEntity
67
0
8
15 - историческая планировочная структура
62
256
6
ByLayer
370
-1
48
1.0
60
0
100
AcDbPoint
10
1397103.94949807
20
359852.64559672
30
0.0
39
0.0
210
0.0
220
0.0
230
1.0
50
360.0
0
TEXT
5
4A4
330
1C
100
AcDbEntity
67
0
8
15 - историческая планировочная структура
62
7
6
ByLayer
370
-1
48
1.0
60
0
100
AcDbText
1
577
10
1397104.07862725
20
359852.920039659
30
0.0
40
0.31111111111
41
1.0
50
0.0
51
0.0
7
Standard
11
1397104.07862725
21
359852.920039659
31
0.0
210
0.0
220
0.0
230
1.0
71
0
72
0
100
AcDbText
73
0
0
POINT
5
4A5
330
1C
100
AcDbEntity
67
0
8
15 - историческая планировочная структура
62
256
6
ByLayer
370
-1
48
1.0
60
0
100
AcDbPoint
10
1397090.04476866
20
359846.542478148
30
0.0
39
0.0
210
0.0
220
0.0
230
1.0
50
360.0
0
TEXT
5
4A6
330
1C
100
AcDbEntity
67
0
8
15 - историческая планировочная структура
62
7
6
ByLayer
370
-1
48
1.0
60
0
100
AcDbText
1
578
10
1397090.17389785
20
359846.816921062
30
0.0
40
0.31111111111
41
1.0
50
0.0
51
0.0
7
Standard
11
1397090.17389785
21
359846.816921062
31
0.0
210
0.0
220
0.0
230
1.0
71
0
72
0
100
AcDbText
73
0
0
POINT
5
4A7
330
1C
100
AcDbEntity
67
0
8
15 - историческая планировочная структура
62
256
6
ByLayer
370
-1
48
1.0
60
0
100
AcDbPoint
10
1397085.12170986
20
359840.871412827
30
0.0
39
0.0
210
0.0
220
0.0
230
1.0
50
360.0
0
TEXT
5
4A8
330
1C
100
AcDbEntity
67
0
8
15 - историческая планировочная структура
62
7
6
ByLayer
370
-1
48
1.0
60
0
100
AcDbText
1
579
10
1397085.25083906
20
359841.145855731
30
0.0
40
0.31111111111
41
1.0
50
0.0
51
0.0
7
Standard
11
1397085.25083906
21
359841.145855731
31
0.0
210
0.0
220
0.0
230
1.0
71
0
72
0
100
AcDbText
73
0
0
POINT
5
4A9
330
1C
100
AcDbEntity
67
0
8
15 - историческая планировочная структура
62
256
6
ByLayer
370
-1
48
1.0
60
0
100
AcDbPoint
10
1397065.5520394
20
359845.267930356
30
0.0
39
0.0
210
0.0
220
0.0
230
1.0
50
360.0
0
TEXT
5
4AA
330
1C
100
AcDbEntity
67
0
8
15 - историческая планировочная структура
62
7
6
ByLayer
370
-1
48
1.0
60
0
100
AcDbText
1
580
10
1397065.68116859
20
359845.542373228
30
0.0
40
0.31111111111
41
1.0
50
0.0
51
0.0
7
Standard
11
1397065.68116859
21
359845.542373228
31
0.0
210
0.0
220
0.0
230
1.0
71
0
72
0
100
AcDbText
73
0
0
POINT
5
4AB
330
1C
100
AcDbEntity
67
0
8
15 - историческая планировочная структура
62
256
6
ByLayer
370
-1
48
1.0
60
0
100
AcDbPoint
10
1396980.87102689
20
359871.213582077
30
0.0
39
0.0
210
0.0
220
0.0
230
1.0
50
360.0
0
TEXT
5
4AC
330
1C
100
AcDbEntity
67
0
8
15 - историческая планировочная структура
62
7
6
ByLayer
370
-1
48
1.0
60
0
100
AcDbText
1
581
10
1396981.00015603
20
359871.488024789
30
0.0
40
0.31111111111
41
1.0
50
0.0
51
0.0
7
Standard
11
1396981.00015603
21
359871.488024789
31
0.0
210
0.0
220
0.0
230
1.0
71
0
72
0
100
AcDbText
73
0
0
POINT
5
4AD
330
1C
100
AcDbEntity
67
0
8
15 - историческая планировочная структура
62
256
6
ByLayer
370
-1
48
1.0
60
0
100
AcDbPoint
10
1396932.84211918
20
359886.264969384
30
0.0
39
0.0
210
0.0
220
0.0
230
1.0
50
360.0
0
TEXT
5
4AE
330
1C
100
AcDbEntity
67
0
8
15 - историческая планировочная структура
62
7
6
ByLayer
370
-1
48
1.0
60
0
100
AcDbText
1
582
10
1396932.9712483
20
359886.539412012
30
0.0
40
0.31111111111
41
1.0
50
0.0
51
0.0
7
Standard
11
1396932.9712483
21
359886.539412012
31
0.0
210
0.0
220
0.0
230
1.0
71
0
72
0
100
AcDbText
73
0
0
POINT
5
4AF
330
1C
100
AcDbEntity
67
0
8
15 - историческая планировочная структура
62
256
6
ByLayer
370
-1
48
1.0
60
0
100
AcDbPoint
10
1396905.47165969
20
359893.503172223
30
0.0
39
0.0
210
0.0
220
0.0
230
1.0
50
360.0
0
TEXT
5
4B0
330
1C
100
AcDbEntity
67
0
8
15 - историческая планировочная структура
62
7
6
ByLayer
370
-1
48
1.0
60
0
100
AcDbText
1
583
10
1396905.60078879
20
359893.777614798
30
0.0
40
0.31111111111
41
1.0
50
0.0
51
0.0
7
Standard
11
1396905.60078879
21
359893.777614798
31
0.0
210
0.0
220
0.0
230
1.0
71
0
72
0
100
AcDbText
73
0
0
POINT
5
4B1
330
1C
100
AcDbEntity
67
0
8
15 - историческая планировочная структура
62
256
6
ByLayer
370
-1
48
1.0
60
0
100
AcDbPoint
10
1396893.23553547
20
359893.904841641
30
0.0
39
0.0
210
0.0
220
0.0
230
1.0
50
360.0
0
TEXT
5
4B2
330
1C
100
AcDbEntity
67
0
8
15 - историческая планировочная структура
62
7
6
ByLayer
370
-1
48
1.0
60
0
100
AcDbText
1
584
10
1396893.36466458
20
359894.179284194
30
0.0
40
0.31111111111
41
1.0
50
0.0
51
0.0
7
Standard
11
1396893.36466458
21
359894.179284194
31
0.0
210
0.0
220
0.0
230
1.0
71
0
72
0
100
AcDbText
73
0
0
POINT
5
4B3
330
1C
100
AcDbEntity
67
0
8
15 - историческая планировочная структура
62
256
6
ByLayer
370
-1
48
1.0
60
0
100
AcDbPoint
10
1396825.98893555
20
359892.580518938
30
0.0
39
0.0
210
0.0
220
0.0
230
1.0
50
360.0
0
TEXT
5
4B4
330
1C
100
AcDbEntity
67
0
8
15 - историческая планировочная структура
62
7
6
ByLayer
370
-1
48
1.0
60
0
100
AcDbText
1
585
10
1396826.11806466
20
359892.854961371
30
0.0
40
0.31111111111
41
1.0
50
0.0
51
0.0
7
Standard
11
1396826.11806466
21
359892.854961371
31
0.0
210
0.0
220
0.0
230
1.0
71
0
72
0
100
AcDbText
73
0
0
POINT
5
4B5
330
1C
100
AcDbEntity
67
0
8
15 - историческая планировочная структура
62
256
6
ByLayer
370
-1
48
1.0
60
0
100
AcDbPoint
10
1396779.76143984
20
359889.958408389
30
0.0
39
0.0
210
0.0
220
0.0
230
1.0
50
360.0
0
TEXT
5
4B6
330
1C
100
AcDbEntity
67
0
8
15 - историческая планировочная структура
62
7
6
ByLayer
370
-1
48
1.0
60
0
100
AcDbText
1
586
10
1396779.89056896
20
359890.232850738
30
0.0
40
0.31111111111
41
1.0
50
0.0
51
0.0
7
Standard
11
1396779.89056896
21
359890.232850738
31
0.0
210
0.0
220
0.0
230
1.0
71
0
72
0
100
AcDbText
73
0
0
POINT
5
4B7
330
1C
100
AcDbEntity
67
0
8
15 - историческая планировочная структура
62
256
6
ByLayer
370
-1
48
1.0
60
0
100
AcDbPoint
10
1396763.52303114
20
359891.91861129
30
0.0
39
0.0
210
0.0
220
0.0
230
1.0
50
360.0
0
TEXT
5
4B8
330
1C
100
AcDbEntity
67
0
8
15 - историческая планировочная структура
62
7
6
ByLayer
370
-1
48
1.0
60
0
100
AcDbText
1
587
10
1396763.65216025
20
359892.193053606
30
0.0
40
0.31111111111
41
1.0
50
0.0
51
0.0
7
Standard
11
1396763.65216025
21
359892.193053606
31
0.0
210
0.0
220
0.0
230
1.0
71
0
72
0
100
AcDbText
73
0
0
POINT
5
4B9
330
1C
100
AcDbEntity
67
0
8
15 - историческая планировочная структура
62
256
6
ByLayer
370
-1
48
1.0
60
0
100
AcDbPoint
10
1396737.21310439
20
359897.258717884
30
0.0
39
0.0
210
0.0
220
0.0
230
1.0
50
360.0
0
TEXT
5
4BA
330
1C
100
AcDbEntity
67
0
8
15 - историческая планировочная структура
62
7
6
ByLayer
370
-1
48
1.0
60
0
100
AcDbText
1
588
10
1396737.34223349
20
359897.533160153
30
0.0
40
0.31111111111
41
1.0
50
0.0
51
0.0
7
Standard
11
1396737.34223349
21
359897.533160153
31
0.0
210
0.0
220
0.0
230
1.0
71
0
72
0
100
AcDbText
73
0
0
POINT
5
4BB
330
1C
100
AcDbEntity
67
0
8
15 - историческая планировочная структура
62
256
6
ByLayer
370
-1
48
1.0
60
0
100
AcDbPoint
10
1396731.37920557
20
359896.520382983
30
0.0
39
0.0
210
0.0
220
0.0
230
1.0
50
360.0
0
TEXT
5
4BC
330
1C
100
AcDbEntity
67
0
8
15 - историческая планировочная структура
62
7
6
ByLayer
370
-1
48
1.0
60
0
100
AcDbText
1
589
10
1396731.50833468
20
359896.794825246
30
0.0
40
0.31111111111
41
1.0
50
0.0
51
0.0
7
Standard
11
1396731.50833468
21
359896.794825246
31
0.0
210
0.0
220
0.0
230
1.0
71
0
72
0
100
AcDbText
73
0
0
POINT
5
4BD
330
1C
100
AcDbEntity
67
0
8
15 - историческая планировочная структура
62
256
6
ByLayer
370
-1
48
1.0
60
0
100
AcDbPoint
10
1396725.27090723
20
359894.087624191
30
0.0
39
0.0
210
0.0
220
0.0
230
1.0
50
360.0
0
TEXT
5
4BE
330
1C
100
AcDbEntity
67
0
8
15 - историческая планировочная структура
62
7
6
ByLayer
370
-1
48
1.0
60
0
100
AcDbText
1
590
10
1396725.40003634
20
359894.362066439
30
0.0
40
0.31111111111
41
1.0
50
0.0
51
0.0
7
Standard
11
1396725.40003634
21
359894.362066439
31
0.0
210
0.0
220
0.0
230
1.0
71
0
72
0
100
AcDbText
73
0
0
POINT
5
4BF
330
1C
100
AcDbEntity
67
0
8
15 - историческая планировочная структура
62
256
6
ByLayer
370
-1
48
1.0
60
0
100
AcDbPoint
10
1396720.40593087
20
359889.788364861
30
0.0
39
0.0
210
0.0
220
0.0
230
1.0
50
360.0
0
TEXT
5
4C0
330
1C
100
AcDbEntity
67
0
8
15 - историческая планировочная структура
62
7
6
ByLayer
370
-1
48
1.0
60
0
100
AcDbText
1
591
10
1396720.53505998
20
359890.062807098
30
0.0
40
0.31111111111
41
1.0
50
0.0
51
0.0
7
Standard
11
1396720.53505998
21
359890.062807098
31
0.0
210
0.0
220
0.0
230
1.0
71
0
72
0
100
AcDbText
73
0
0
POINT
5
4C1
330
1C
100
AcDbEntity
67
0
8
15 - историческая планировочная структура
62
256
6
ByLayer
370
-1
48
1.0
60
0
100
AcDbPoint
10
1396716.68033339
20
359884.304717725
30
0.0
39
0.0
210
0.0
220
0.0
230
1.0
50
360.0
0
TEXT
5
4C2
330
1C
100
AcDbEntity
67
0
8
15 - историческая планировочная структура
62
7
6
ByLayer
370
-1
48
1.0
60
0
100
AcDbText
1
592
10
1396716.80946251
20
359884.579159958
30
0.0
40
0.31111111111
41
1.0
50
0.0
51
0.0
7
Standard
11
1396716.80946251
21
359884.579159958
31
0.0
210
0.0
220
0.0
230
1.0
71
0
72
0
100
AcDbText
73
0
0
POINT
5
4C3
330
1C
100
AcDbEntity
67
0
8
15 - историческая планировочная структура
62
256
6
ByLayer
370
-1
48
1.0
60
0
100
AcDbPoint
10
1396714.43113964
20
359879.631414451
30
0.0
39
0.0
210
0.0
220
0.0
230
1.0
50
360.0
0
TEXT
5
4C4
330
1C
100
AcDbEntity
67
0
8
15 - историческая планировочная структура
62
7
6
ByLayer
370
-1
48
1.0
60
0
100
AcDbText
1
593
10
1396714.56026877
20
359879.905856679
30
0.0
40
0.31111111111
41
1.0
50
0.0
51
0.0
7
Standard
11
1396714.56026877
21
359879.905856679
31
0.0
210
0.0
220
0.0
230
1.0
71
0
72
0
100
AcDbText
73
0
0
POINT
5
4C5
330
1C
100
AcDbEntity
67
0
8
15 - историческая планировочная структура
62
256
6
ByLayer
370
-1
48
1.0
60
0
100
AcDbPoint
10
1396713.1961505
20
359872.028042111
30
0.0
39
0.0
210
0.0
220
0.0
230
1.0
50
360.0
0
TEXT
5
4C6
330
1C
100
AcDbEntity
67
0
8
15 - историческая планировочная структура
62
7
6
ByLayer
370
-1
48
1.0
60
0
100
AcDbText
1
594
10
1396713.32527965
20
359872.302484335
30
0.0
40
0.31111111111
41
1.0
50
0.0
51
0.0
7
Standard
11
1396713.32527965
21
359872.302484335
31
0.0
210
0.0
220
0.0
230
1.0
71
0
72
0
100
AcDbText
73
0
0
POINT
5
4C7
330
1C
100
AcDbEntity
67
0
8
15 - историческая планировочная структура
62
256
6
ByLayer
370
-1
48
1.0
60
0
100
AcDbPoint
10
1396860.89477568
20
359669.053922974
30
0.0
39
0.0
210
0.0
220
0.0
230
1.0
50
360.0
0
TEXT
5
4C8
330
1C
100
AcDbEntity
67
0
8
15 - историческая планировочная структура
62
7
6
ByLayer
370
-1
48
1.0
60
0
100
AcDbText
1
595
10
1396861.0239052
20
359669.328365476
30
0.0
40
0.31111111111
41
1.0
50
0.0
51
0.0
7
Standard
11
1396861.0239052
21
359669.328365476
31
0.0
210
0.0
220
0.0
230
1.0
71
0
72
0
100
AcDbText
73
0
0
POINT
5
4C9
330
1C
100
AcDbEntity
67
0
8
15 - историческая планировочная структура
62
256
6
ByLayer
370
-1
48
1.0
60
0
100
AcDbPoint
10
1396883.90815594
20
359736.057769805
30
0.0
39
0.0
210
0.0
220
0.0
230
1.0
50
360.0
0
TEXT
5
4CA
330
1C
100
AcDbEntity
67
0
8
15 - историческая планировочная структура
62
7
6
ByLayer
370
-1
48
1.0
60
0
100
AcDbText
1
596
10
1396884.03728533
20
359736.332212346
30
0.0
40
0.31111111111
41
1.0
50
0.0
51
0.0
7
Standard
11
1396884.03728533
21
359736.332212346
31
0.0
210
0.0
220
0.0
230
1.0
71
0
72
0
100
AcDbText
73
0
0
POINT
5
4CB
330
1C
100
AcDbEntity
67
0
8
15 - историческая планировочная структура
62
256
6
ByLayer
370
-1
48
1.0
60
0
100
AcDbPoint
10
1396886.26632754
20
359739.052516275
30
0.0
39
0.0
210
0.0
220
0.0
230
1.0
50
360.0
0
TEXT
5
4CC
330
1C
100
AcDbEntity
67
0
8
15 - историческая планировочная структура
62
7
6
ByLayer
370
-1
48
1.0
60
0
100
AcDbText
1
597
10
1396886.39545692
20
359739.32695882
30
0.0
40
0.31111111111
41
1.0
50
0.0
51
0.0
7
Standard
11
1396886.39545692
21
359739.32695882
31
0.0
210
0.0
220
0.0
230
1.0
71
0
72
0
100
AcDbText
73
0
0
POINT
5
4CD
330
1C
100
AcDbEntity
67
0
8
15 - историческая планировочная структура
62
256
6
ByLayer
370
-1
48
1.0
60
0
100
AcDbPoint
10
1398233.18811077
20
359361.969835245
30
0.0
39
0.0
210
0.0
220
0.0
230
1.0
50
360.0
0
TEXT
5
4CE
330
1C
100
AcDbEntity
67
0
8
15 - историческая планировочная структура
62
7
6
ByLayer
370
-1
48
1.0
60
0
100
AcDbText
1
598
10
1398233.31724081
20
359362.244280257
30
0.0
40
0.31111111111
41
1.0
50
0.0
51
0.0
7
Standard
11
1398233.31724081
21
359362.244280257
31
0.0
210
0.0
220
0.0
230
1.0
71
0
72
0
100
AcDbText
73
0
0
POINT
5
4CF
330
1C
100
AcDbEntity
67
0
8
15 - историческая планировочная структура
62
256
6
ByLayer
370
-1
48
1.0
60
0
100
AcDbPoint
10
1398232.36900698
20
359381.291558076
30
0.0
39
0.0
210
0.0
220
0.0
230
1.0
50
360.0
0
TEXT
5
4D0
330
1C
100
AcDbEntity
67
0
8
15 - историческая планировочная структура
62
7
6
ByLayer
370
-1
48
1.0
60
0
100
AcDbText
1
599
10
1398232.49813699
20
359381.566003085
30
0.0
40
0.31111111111
41
1.0
50
0.0
51
0.0
7
Standard
11
1398232.49813699
21
359381.566003085
31
0.0
210
0.0
220
0.0
230
1.0
71
0
72
0
100
AcDbText
73
0
0
POINT
5
4D1
330
1C
100
AcDbEntity
67
0
8
15 - историческая планировочная структура
62
256
6
ByLayer
370
-1
48
1.0
60
0
100
AcDbPoint
10
1398231.29674737
20
359458.939891022
30
0.0
39
0.0
210
0.0
220
0.0
230
1.0
50
360.0
0
TEXT
5
4D2
330
1C
100
AcDbEntity
67
0
8
15 - историческая планировочная структура
62
7
6
ByLayer
370
-1
48
1.0
60
0
100
AcDbText
1
600
10
1398231.42587723
20
359459.214336028
30
0.0
40
0.31111111111
41
1.0
50
0.0
51
0.0
7
Standard
11
1398231.42587723
21
359459.214336028
31
0.0
210
0.0
220
0.0
230
1.0
71
0
72
0
100
AcDbText
73
0
0
POINT
5
4D3
330
1C
100
AcDbEntity
67
0
8
15 - историческая планировочная структура
62
256
6
ByLayer
370
-1
48
1.0
60
0
100
AcDbPoint
10
1398229.68764394
20
359547.459008439
30
0.0
39
0.0
210
0.0
220
0.0
230
1.0
50
360.0
0
TEXT
5
4D4
330
1C
100
AcDbEntity
67
0
8
15 - историческая планировочная структура
62
7
6
ByLayer
370
-1
48
1.0
60
0
100
AcDbText
1
601
10
1398229.81677364
20
359547.733453442
30
0.0
40
0.31111111111
41
1.0
50
0.0
51
0.0
7
Standard
11
1398229.81677364
21
359547.733453442
31
0.0
210
0.0
220
0.0
230
1.0
71
0
72
0
100
AcDbText
73
0
0
POINT
5
4D5
330
1C
100
AcDbEntity
67
0
8
15 - историческая планировочная структура
62
256
6
ByLayer
370
-1
48
1.0
60
0
100
AcDbPoint
10
1398229.78823464
20
359606.50493251
30
0.0
39
0.0
210
0.0
220
0.0
230
1.0
50
360.0
0
TEXT
5
4D6
330
1C
100
AcDbEntity
67
0
8
15 - историческая планировочная структура
62
7
6
ByLayer
370
-1
48
1.0
60
0
100
AcDbText
1
602
10
1398229.91736423
20
359606.779377509
30
0.0
40
0.31111111111
41
1.0
50
0.0
51
0.0
7
Standard
11
1398229.91736423
21
359606.779377509
31
0.0
210
0.0
220
0.0
230
1.0
71
0
72
0
100
AcDbText
73
0
0
POINT
5
4D7
330
1C
100
AcDbEntity
67
0
8
15 - историческая планировочная структура
62
256
6
ByLayer
370
-1
48
1.0
60
0
100
AcDbPoint
10
1394787.97829355
20
359776.728311221
30
0.0
39
0.0
210
0.0
220
0.0
230
1.0
50
360.0
0
TEXT
5
4D8
330
1C
100
AcDbEntity
67
0
8
15 - историческая планировочная структура
62
7
6
ByLayer
370
-1
48
1.0
60
0
100
AcDbText
1
603
10
1394788.10742292
20
359777.002749937
30
0.0
40
0.31111111111
41
1.0
50
0.0
51
0.0
7
Standard
11
1394788.10742292
21
359777.002749937
31
0.0
210
0.0
220
0.0
230
1.0
71
0
72
0
100
AcDbText
73
0
0
POINT
5
4D9
330
1C
100
AcDbEntity
67
0
8
15 - историческая планировочная структура
62
256
6
ByLayer
370
-1
48
1.0
60
0
100
AcDbPoint
10
1394536.43837653
20
359837.865835246
30
0.0
39
0.0
210
0.0
220
0.0
230
1.0
50
360.0
0
TEXT
5
4DA
330
1C
100
AcDbEntity
67
0
8
15 - историческая планировочная структура
62
7
6
ByLayer
370
-1
48
1.0
60
0
100
AcDbText
1
604
10
1394536.5675058
20
359838.140273502
30
0.0
40
0.31111111111
41
1.0
50
0.0
51
0.0
7
Standard
11
1394536.5675058
21
359838.140273502
31
0.0
210
0.0
220
0.0
230
1.0
71
0
72
0
100
AcDbText
73
0
0
POINT
5
4DB
330
1C
100
AcDbEntity
67
0
8
15 - историческая планировочная структура
62
256
6
ByLayer
370
-1
48
1.0
60
0
100
AcDbPoint
10
1394425.36038164
20
359864.171279336
30
0.0
39
0.0
210
0.0
220
0.0
230
1.0
50
360.0
0
TEXT
5
4DC
330
1C
100
AcDbEntity
67
0
8
15 - историческая планировочная структура
62
7
6
ByLayer
370
-1
48
1.0
60
0
100
AcDbText
1
605
10
1394425.48951086
20
359864.445717391
30
0.0
40
0.31111111111
41
1.0
50
0.0
51
0.0
7
Standard
11
1394425.48951086
21
359864.445717391
31
0.0
210
0.0
220
0.0
230
1.0
71
0
72
0
100
AcDbText
73
0
0
POINT
5
4DD
330
1C
100
AcDbEntity
67
0
8
15 - историческая планировочная структура
62
256
6
ByLayer
370
-1
48
1.0
60
0
100
AcDbPoint
10
1394420.95510304
20
359863.553906673
30
0.0
39
0.0
210
0.0
220
0.0
230
1.0
50
360.0
0
TEXT
5
4DE
330
1C
100
AcDbEntity
67
0
8
15 - историческая планировочная структура
62
7
6
ByLayer
370
-1
48
1.0
60
0
100
AcDbText
1
606
10
1394421.08423226
20
359863.828344719
30
0.0
40
0.31111111111
41
1.0
50
0.0
51
0.0
7
Standard
11
1394421.08423226
21
359863.828344719
31
0.0
210
0.0
220
0.0
230
1.0
71
0
72
0
100
AcDbText
73
0
0
POINT
5
4DF
330
1C
100
AcDbEntity
67
0
8
15 - историческая планировочная структура
62
256
6
ByLayer
370
-1
48
1.0
60
0
100
AcDbPoint
10
1394416.72927431
20
359862.16466238
30
0.0
39
0.0
210
0.0
220
0.0
230
1.0
50
360.0
0
TEXT
5
4E0
330
1C
100
AcDbEntity
67
0
8
15 - историческая планировочная структура
62
7
6
ByLayer
370
-1
48
1.0
60
0
100
AcDbText
1
607
10
1394416.85840354
20
359862.43910042
30
0.0
40
0.31111111111
41
1.0
50
0.0
51
0.0
7
Standard
11
1394416.85840354
21
359862.43910042
31
0.0
210
0.0
220
0.0
230
1.0
71
0
72
0
100
AcDbText
73
0
0
POINT
5
4E1
330
1C
100
AcDbEntity
67
0
8
15 - историческая планировочная структура
62
256
6
ByLayer
370
-1
48
1.0
60
0
100
AcDbPoint
10
1394412.81700803
20
359860.047636099
30
0.0
39
0.0
210
0.0
220
0.0
230
1.0
50
360.0
0
TEXT
5
4E2
330
1C
100
AcDbEntity
67
0
8
15 - историческая планировочная структура
62
7
6
ByLayer
370
-1
48
1.0
60
0
100
AcDbText
1
608
10
1394412.94613726
20
359860.322074128
30
0.0
40
0.31111111111
41
1.0
50
0.0
51
0.0
7
Standard
11
1394412.94613726
21
359860.322074128
31
0.0
210
0.0
220
0.0
230
1.0
71
0
72
0
100
AcDbText
73
0
0
POINT
5
4E3
330
1C
100
AcDbEntity
67
0
8
15 - историческая планировочная структура
62
256
6
ByLayer
370
-1
48
1.0
60
0
100
AcDbPoint
10
1395621.88042404
20
359561.145482046
30
0.0
39
0.0
210
0.0
220
0.0
230
1.0
50
360.0
0
TEXT
5
4E4
330
1C
100
AcDbEntity
67
0
8
15 - историческая планировочная структура
62
7
6
ByLayer
370
-1
48
1.0
60
0
100
AcDbText
1
609
10
1395622.00955379
20
359561.41992229
30
0.0
40
0.31111111111
41
1.0
50
0.0
51
0.0
7
Standard
11
1395622.00955379
21
359561.41992229
31
0.0
210
0.0
220
0.0
230
1.0
71
0
72
0
100
AcDbText
73
0
0
POINT
5
4E5
330
1C
100
AcDbEntity
67
0
8
15 - историческая планировочная структура
62
256
6
ByLayer
370
-1
48
1.0
60
0
100
AcDbPoint
10
1395589.55255319
20
359399.927171054
30
0.0
39
0.0
210
0.0
220
0.0
230
1.0
50
360.0
0
TEXT
5
4E6
330
1C
100
AcDbEntity
67
0
8
15 - историческая планировочная структура
62
7
6
ByLayer
370
-1
48
1.0
60
0
100
AcDbText
1
610
10
1395589.68168323
20
359400.201611247
30
0.0
40
0.31111111111
41
1.0
50
0.0
51
0.0
7
Standard
11
1395589.68168323
21
359400.201611247
31
0.0
210
0.0
220
0.0
230
1.0
71
0
72
0
100
AcDbText
73
0
0
POINT
5
4E7
330
1C
100
AcDbEntity
67
0
8
15 - историческая планировочная структура
62
256
6
ByLayer
370
-1
48
1.0
60
0
100
AcDbPoint
10
1395686.8370587
20
359544.649715279
30
0.0
39
0.0
210
0.0
220
0.0
230
1.0
50
360.0
0
TEXT
5
4E8
330
1C
100
AcDbEntity
67
0
8
15 - историческая планировочная структура
62
7
6
ByLayer
370
-1
48
1.0
60
0
100
AcDbText
1
611
10
1395686.96618847
20
359544.924155639
30
0.0
40
0.31111111111
41
1.0
50
0.0
51
0.0
7
Standard
11
1395686.96618847
21
359544.924155639
31
0.0
210
0.0
220
0.0
230
1.0
71
0
72
0
100
AcDbText
73
0
0
POINT
5
4E9
330
1C
100
AcDbEntity
67
0
8
15 - историческая планировочная структура
62
256
6
ByLayer
370
-1
48
1.0
60
0
100
AcDbPoint
10
1395669.92536587
20
359477.086041043
30
0.0
39
0.0
210
0.0
220
0.0
230
1.0
50
360.0
0
TEXT
5
4EA
330
1C
100
AcDbEntity
67
0
8
15 - историческая планировочная структура
62
7
6
ByLayer
370
-1
48
1.0
60
0
100
AcDbText
1
612
10
1395670.05449577
20
359477.360481377
30
0.0
40
0.31111111111
41
1.0
50
0.0
51
0.0
7
Standard
11
1395670.05449577
21
359477.360481377
31
0.0
210
0.0
220
0.0
230
1.0
71
0
72
0
100
AcDbText
73
0
0
POINT
5
4EB
330
1C
100
AcDbEntity
67
0
8
15 - историческая планировочная структура
62
256
6
ByLayer
370
-1
48
1.0
60
0
100
AcDbPoint
10
1395647.34822412
20
359383.071557608
30
0.0
39
0.0
210
0.0
220
0.0
230
1.0
50
360.0
0
TEXT
5
4EC
330
1C
100
AcDbEntity
67
0
8
15 - историческая планировочная структура
62
7
6
ByLayer
370
-1
48
1.0
60
0
100
AcDbText
1
613
10
1395647.47735419
20
359383.345997902
30
0.0
40
0.31111111111
41
1.0
50
0.0
51
0.0
7
Standard
11
1395647.47735419
21
359383.345997902
31
0.0
210
0.0
220
0.0
230
1.0
71
0
72
0
100
AcDbText
73
0
0
POINT
5
4ED
330
1C
100
AcDbEntity
67
0
8
15 - историческая планировочная структура
62
256
6
ByLayer
370
-1
48
1.0
60
0
100
AcDbPoint
10
1396909.06801431
20
359813.204738308
30
0.0
39
0.0
210
0.0
220
0.0
230
1.0
50
360.0
0
TEXT
5
4EE
330
1C
100
AcDbEntity
67
0
8
15 - историческая планировочная структура
62
7
6
ByLayer
370
-1
48
1.0
60
0
100
AcDbText
1
614
10
1396909.19714356
20
359813.479180893
30
0.0
40
0.31111111111
41
1.0
50
0.0
51
0.0
7
Standard
11
1396909.19714356
21
359813.479180893
31
0.0
210
0.0
220
0.0
230
1.0
71
0
72
0
100
AcDbText
73
0
0
POINT
5
4EF
330
1C
100
AcDbEntity
67
0
8
15 - историческая планировочная структура
62
256
6
ByLayer
370
-1
48
1.0
60
0
100
AcDbPoint
10
1396961.46368535
20
359797.851612378
30
0.0
39
0.0
210
0.0
220
0.0
230
1.0
50
360.0
0
TEXT
5
4F0
330
1C
100
AcDbEntity
67
0
8
15 - историческая планировочная структура
62
7
6
ByLayer
370
-1
48
1.0
60
0
100
AcDbText
1
615
10
1396961.59281463
20
359798.12605506
30
0.0
40
0.31111111111
41
1.0
50
0.0
51
0.0
7
Standard
11
1396961.59281463
21
359798.12605506
31
0.0
210
0.0
220
0.0
230
1.0
71
0
72
0
100
AcDbText
73
0
0
POINT
5
4F1
330
1C
100
AcDbEntity
67
0
8
15 - историческая планировочная структура
62
256
6
ByLayer
370
-1
48
1.0
60
0
100
AcDbPoint
10
1397043.85756918
20
359769.23354658
30
0.0
39
0.0
210
0.0
220
0.0
230
1.0
50
360.0
0
TEXT
5
4F2
330
1C
100
AcDbEntity
67
0
8
15 - историческая планировочная структура
62
7
6
ByLayer
370
-1
48
1.0
60
0
100
AcDbText
1
616
10
1397043.98669851
20
359769.507989415
30
0.0
40
0.31111111111
41
1.0
50
0.0
51
0.0
7
Standard
11
1397043.98669851
21
359769.507989415
31
0.0
210
0.0
220
0.0
230
1.0
71
0
72
0
100
AcDbText
73
0
0
POINT
5
4F3
330
1C
100
AcDbEntity
67
0
8
15 - историческая планировочная структура
62
256
6
ByLayer
370
-1
48
1.0
60
0
100
AcDbPoint
10
1397134.64107834
20
359738.132525502
30
0.0
39
0.0
210
0.0
220
0.0
230
1.0
50
360.0
0
TEXT
5
4F4
330
1C
100
AcDbEntity
67
0
8
15 - историческая планировочная структура
62
7
6
ByLayer
370
-1
48
1.0
60
0
100
AcDbText
1
617
10
1397134.77020773
20
359738.406968497
30
0.0
40
0.31111111111
41
1.0
50
0.0
51
0.0
7
Standard
11
1397134.77020773
21
359738.406968497
31
0.0
210
0.0
220
0.0
230
1.0
71
0
72
0
100
AcDbText
73
0
0
POINT
5
4F5
330
1C
100
AcDbEntity
67
0
8
15 - историческая планировочная структура
62
256
6
ByLayer
370
-1
48
1.0
60
0
100
AcDbPoint
10
1397214.59340749
20
359709.972183658
30
0.0
39
0.0
210
0.0
220
0.0
230
1.0
50
360.0
0
TEXT
5
4F6
330
1C
100
AcDbEntity
67
0
8
15 - историческая планировочная структура
62
7
6
ByLayer
370
-1
48
1.0
60
0
100
AcDbText
1
618
10
1397214.72253692
20
359710.246626803
30
0.0
40
0.31111111111
41
1.0
50
0.0
51
0.0
7
Standard
11
1397214.72253692
21
359710.246626803
31
0.0
210
0.0
220
0.0
230
1.0
71
0
72
0
100
AcDbText
73
0
0
POINT
5
4F7
330
1C
100
AcDbEntity
67
0
8
15 - историческая планировочная структура
62
256
6
ByLayer
370
-1
48
1.0
60
0
100
AcDbPoint
10
1397600.71887008
20
359261.506259517
30
0.0
39
0.0
210
0.0
220
0.0
230
1.0
50
360.0
0
TEXT
5
4F8
330
1C
100
AcDbEntity
67
0
8
15 - историческая планировочная структура
62
7
6
ByLayer
370
-1
48
1.0
60
0
100
AcDbText
1
619
10
1397600.84800032
20
359261.780703379
30
0.0
40
0.31111111111
41
1.0
50
0.0
51
0.0
7
Standard
11
1397600.84800032
21
359261.780703379
31
0.0
210
0.0
220
0.0
230
1.0
71
0
72
0
100
AcDbText
73
0
0
POINT
5
4F9
330
1C
100
AcDbEntity
67
0
8
15 - историческая планировочная структура
62
256
6
ByLayer
370
-1
48
1.0
60
0
100
AcDbPoint
10
1397629.71320725
20
359368.473796474
30
0.0
39
0.0
210
0.0
220
0.0
230
1.0
50
360.0
0
TEXT
5
4FA
330
1C
100
AcDbEntity
67
0
8
15 - историческая планировочная структура
62
7
6
ByLayer
370
-1
48
1.0
60
0
100
AcDbText
1
620
10
1397629.84233729
20
359368.748240383
30
0.0
40
0.31111111111
41
1.0
50
0.0
51
0.0
7
Standard
11
1397629.84233729
21
359368.748240383
31
0.0
210
0.0
220
0.0
230
1.0
71
0
72
0
100
AcDbText
73
0
0
POINT
5
4FB
330
1C
100
AcDbEntity
67
0
8
15 - историческая планировочная структура
62
256
6
ByLayer
370
-1
48
1.0
60
0
100
AcDbPoint
10
1397825.96392413
20
359186.045622126
30
0.0
39
0.0
210
0.0
220
0.0
230
1.0
50
360.0
0
TEXT
5
4FC
330
1C
100
AcDbEntity
67
0
8
15 - историческая планировочная структура
62
7
6
ByLayer
370
-1
48
1.0
60
0
100
AcDbText
1
621
10
1397826.09305449
20
359186.3200664
30
0.0
40
0.31111111111
41
1.0
50
0.0
51
0.0
7
Standard
11
1397826.09305449
21
359186.3200664
31
0.0
210
0.0
220
0.0
230
1.0
71
0
72
0
100
AcDbText
73
0
0
POINT
5
4FD
330
1C
100
AcDbEntity
67
0
8
15 - историческая планировочная структура
62
256
6
ByLayer
370
-1
48
1.0
60
0
100
AcDbPoint
10
1397831.8765831
20
359316.606743021
30
0.0
39
0.0
210
0.0
220
0.0
230
1.0
50
360.0
0
TEXT
5
4FE
330
1C
100
AcDbEntity
67
0
8
15 - историческая планировочная структура
62
7
6
ByLayer
370
-1
48
1.0
60
0
100
AcDbText
1
622
10
1397832.00571323
20
359316.881187305
30
0.0
40
0.31111111111
41
1.0
50
0.0
51
0.0
7
Standard
11
1397832.00571323
21
359316.881187305
31
0.0
210
0.0
220
0.0
230
1.0
71
0
72
0
100
AcDbText
73
0
0
POINT
5
4FF
330
1C
100
AcDbEntity
67
0
8
15 - историческая планировочная структура
62
256
6
ByLayer
370
-1
48
1.0
60
0
100
AcDbPoint
10
1397834.0530549
20
359356.487454235
30
0.0
39
0.0
210
0.0
220
0.0
230
1.0
50
360.0
0
TEXT
5
500
330
1C
100
AcDbEntity
67
0
8
15 - историческая планировочная структура
62
7
6
ByLayer
370
-1
48
1.0
60
0
100
AcDbText
1
623
10
1397834.18218496
20
359356.761898519
30
0.0
40
0.31111111111
41
1.0
50
0.0
51
0.0
7
Standard
11
1397834.18218496
21
359356.761898519
31
0.0
210
0.0
220
0.0
230
1.0
71
0
72
0
100
AcDbText
73
0
0
POINT
5
501
330
1C
100
AcDbEntity
67
0
8
15 - историческая планировочная структура
62
256
6
ByLayer
370
-1
48
1.0
60
0
100
AcDbPoint
10
1398202.28143354
20
359046.115263875
30
0.0
39
0.0
210
0.0
220
0.0
230
1.0
50
360.0
0
TEXT
5
502
330
1C
100
AcDbEntity
67
0
8
15 - историческая планировочная структура
62
7
6
ByLayer
370
-1
48
1.0
60
0
100
AcDbText
1
624
10
1398202.41056415
20
359046.389708837
30
0.0
40
0.31111111111
41
1.0
50
0.0
51
0.0
7
Standard
11
1398202.41056415
21
359046.389708837
31
0.0
210
0.0
220
0.0
230
1.0
71
0
72
0
100
AcDbText
73
0
0
POINT
5
503
330
1C
100
AcDbEntity
67
0
8
15 - историческая планировочная структура
62
256
6
ByLayer
370
-1
48
1.0
60
0
100
AcDbPoint
10
1398231.13446051
20
359259.380713299
30
0.0
39
0.0
210
0.0
220
0.0
230
1.0
50
360.0
0
TEXT
5
504
330
1C
100
AcDbEntity
67
0
8
15 - историческая планировочная структура
62
7
6
ByLayer
370
-1
48
1.0
60
0
100
AcDbText
1
625
10
1398231.26359074
20
359259.655158312
30
0.0
40
0.31111111111
41
1.0
50
0.0
51
0.0
7
Standard
11
1398231.26359074
21
359259.655158312
31
0.0
210
0.0
220
0.0
230
1.0
71
0
72
0
100
AcDbText
73
0
0
POINT
5
505
330
1C
100
AcDbEntity
67
0
8
15 - историческая планировочная структура
62
256
6
ByLayer
370
-1
48
1.0
60
0
100
AcDbPoint
10
1398230.96148704
20
359334.576725401
30
0.0
39
0.0
210
0.0
220
0.0
230
1.0
50
360.0
0
TEXT
5
506
330
1C
100
AcDbEntity
67
0
8
15 - историческая планировочная структура
62
7
6
ByLayer
370
-1
48
1.0
60
0
100
AcDbText
1
626
10
1398231.09061714
20
359334.851170408
30
0.0
40
0.31111111111
41
1.0
50
0.0
51
0.0
7
Standard
11
1398231.09061714
21
359334.851170408
31
0.0
210
0.0
220
0.0
230
1.0
71
0
72
0
100
AcDbText
73
0
0
POINT
5
507
330
1C
100
AcDbEntity
67
0
8
15 - историческая планировочная структура
62
256
6
ByLayer
370
-1
48
1.0
60
0
100
AcDbPoint
10
1398383.73721456
20
359377.353708481
30
0.0
39
0.0
210
0.0
220
0.0
230
1.0
50
360.0
0
TEXT
5
508
330
1C
100
AcDbEntity
67
0
8
15 - историческая планировочная структура
62
7
6
ByLayer
370
-1
48
1.0
60
0
100
AcDbText
1
627
10
1398383.86634457
20
359377.628153769
30
0.0
40
0.31111111111
41
1.0
50
0.0
51
0.0
7
Standard
11
1398383.86634457
21
359377.628153769
31
0.0
210
0.0
220
0.0
230
1.0
71
0
72
0
100
AcDbText
73
0
0
POINT
5
509
330
1C
100
AcDbEntity
67
0
8
15 - историческая планировочная структура
62
256
6
ByLayer
370
-1
48
1.0
60
0
100
AcDbPoint
10
1398371.17076971
20
359482.109625911
30
0.0
39
0.0
210
0.0
220
0.0
230
1.0
50
360.0
0
TEXT
5
50A
330
1C
100
AcDbEntity
67
0
8
15 - историческая планировочная структура
62
7
6
ByLayer
370
-1
48
1.0
60
0
100
AcDbText
1
628
10
1398371.29989952
20
359482.384071173
30
0.0
40
0.31111111111
41
1.0
50
0.0
51
0.0
7
Standard
11
1398371.29989952
21
359482.384071173
31
0.0
210
0.0
220
0.0
230
1.0
71
0
72
0
100
AcDbText
73
0
0
POINT
5
50B
330
1C
100
AcDbEntity
67
0
8
15 - историческая планировочная структура
62
256
6
ByLayer
370
-1
48
1.0
60
0
100
AcDbPoint
10
1398366.7423358
20
359538.14333681
30
0.0
39
0.0
210
0.0
220
0.0
230
1.0
50
360.0
0
TEXT
5
50C
330
1C
100
AcDbEntity
67
0
8
15 - историческая планировочная структура
62
7
6
ByLayer
370
-1
48
1.0
60
0
100
AcDbText
1
629
10
1398366.87146551
20
359538.417782062
30
0.0
40
0.31111111111
41
1.0
50
0.0
51
0.0
7
Standard
11
1398366.87146551
21
359538.417782062
31
0.0
210
0.0
220
0.0
230
1.0
71
0
72
0
100
AcDbText
73
0
0
POINT
5
50D
330
1C
100
AcDbEntity
67
0
8
15 - историческая планировочная структура
62
256
6
ByLayer
370
-1
48
1.0
60
0
100
AcDbPoint
10
1398362.5194772
20
359610.751654572
30
0.0
39
0.0
210
0.0
220
0.0
230
1.0
50
360.0
0
TEXT
5
50E
330
1C
100
AcDbEntity
67
0
8
15 - историческая планировочная структура
62
7
6
ByLayer
370
-1
48
1.0
60
0
100
AcDbText
1
630
10
1398362.64860678
20
359611.026099813
30
0.0
40
0.31111111111
41
1.0
50
0.0
51
0.0
7
Standard
11
1398362.64860678
21
359611.026099813
31
0.0
210
0.0
220
0.0
230
1.0
71
0
72
0
100
AcDbText
73
0
0
POINT
5
50F
330
1C
100
AcDbEntity
67
0
8
15 - историческая планировочная структура
62
256
6
ByLayer
370
-1
48
1.0
60
0
100
AcDbPoint
10
1398361.70068823
20
359637.529624093
30
0.0
39
0.0
210
0.0
220
0.0
230
1.0
50
360.0
0
TEXT
5
510
330
1C
100
AcDbEntity
67
0
8
15 - историческая планировочная структура
62
7
6
ByLayer
370
-1
48
1.0
60
0
100
AcDbText
1
631
10
1398361.82981777
20
359637.804069332
30
0.0
40
0.31111111111
41
1.0
50
0.0
51
0.0
7
Standard
11
1398361.82981777
21
359637.804069332
31
0.0
210
0.0
220
0.0
230
1.0
71
0
72
0
100
AcDbText
73
0
0
POINT
5
511
330
1C
100
AcDbEntity
67
0
8
15 - историческая планировочная структура
62
256
6
ByLayer
370
-1
48
1.0
60
0
100
AcDbPoint
10
1398357.20256064
20
359669.219688149
30
0.0
39
0.0
210
0.0
220
0.0
230
1.0
50
360.0
0
TEXT
5
512
330
1C
100
AcDbEntity
67
0
8
15 - историческая планировочная структура
62
7
6
ByLayer
370
-1
48
1.0
60
0
100
AcDbText
1
632
10
1398357.33169012
20
359669.494133379
30
0.0
40
0.31111111111
41
1.0
50
0.0
51
0.0
7
Standard
11
1398357.33169012
21
359669.494133379
31
0.0
210
0.0
220
0.0
230
1.0
71
0
72
0
100
AcDbText
73
0
0
POINT
5
513
330
1C
100
AcDbEntity
67
0
8
15 - историческая планировочная структура
62
256
6
ByLayer
370
-1
48
1.0
60
0
100
AcDbPoint
10
1398354.71630717
20
359675.337176741
30
0.0
39
0.0
210
0.0
220
0.0
230
1.0
50
360.0
0
TEXT
5
514
330
1C
100
AcDbEntity
67
0
8
15 - историческая планировочная структура
62
7
6
ByLayer
370
-1
48
1.0
60
0
100
AcDbText
1
633
10
1398354.84543664
20
359675.611621968
30
0.0
40
0.31111111111
41
1.0
50
0.0
51
0.0
7
Standard
11
1398354.84543664
21
359675.611621968
31
0.0
210
0.0
220
0.0
230
1.0
71
0
72
0
100
AcDbText
73
0
0
POINT
5
515
330
1C
100
AcDbEntity
67
0
8
15 - историческая планировочная структура
62
256
6
ByLayer
370
-1
48
1.0
60
0
100
AcDbPoint
10
1398350.84538985
20
359678.698219644
30
0.0
39
0.0
210
0.0
220
0.0
230
1.0
50
360.0
0
TEXT
5
516
330
1C
100
AcDbEntity
67
0
8
15 - историческая планировочная структура
62
7
6
ByLayer
370
-1
48
1.0
60
0
100
AcDbText
1
634
10
1398350.97451931
20
359678.972664861
30
0.0
40
0.31111111111
41
1.0
50
0.0
51
0.0
7
Standard
11
1398350.97451931
21
359678.972664861
31
0.0
210
0.0
220
0.0
230
1.0
71
0
72
0
100
AcDbText
73
0
0
POINT
5
517
330
1C
100
AcDbEntity
67
0
8
15 - историческая планировочная структура
62
256
6
ByLayer
370
-1
48
1.0
60
0
100
AcDbPoint
10
1398345.32231971
20
359679.580196191
30
0.0
39
0.0
210
0.0
220
0.0
230
1.0
50
360.0
0
TEXT
5
518
330
1C
100
AcDbEntity
67
0
8
15 - историческая планировочная структура
62
7
6
ByLayer
370
-1
48
1.0
60
0
100
AcDbText
1
635
10
1398345.45144916
20
359679.854641394
30
0.0
40
0.31111111111
41
1.0
50
0.0
51
0.0
7
Standard
11
1398345.45144916
21
359679.854641394
31
0.0
210
0.0
220
0.0
230
1.0
71
0
72
0
100
AcDbText
73
0
0
POINT
5
519
330
1C
100
AcDbEntity
67
0
8
15 - историческая планировочная структура
62
256
6
ByLayer
370
-1
48
1.0
60
0
100
AcDbPoint
10
1398323.37989767
20
359682.008732766
30
0.0
39
0.0
210
0.0
220
0.0
230
1.0
50
360.0
0
TEXT
5
51A
330
1C
100
AcDbEntity
67
0
8
15 - историческая планировочная структура
62
7
6
ByLayer
370
-1
48
1.0
60
0
100
AcDbText
1
636
10
1398323.50902712
20
359682.283177935
30
0.0
40
0.31111111111
41
1.0
50
0.0
51
0.0
7
Standard
11
1398323.50902712
21
359682.283177935
31
0.0
210
0.0
220
0.0
230
1.0
71
0
72
0
100
AcDbText
73
0
0
POINT
5
51B
330
1C
100
AcDbEntity
67
0
8
15 - историческая планировочная структура
62
256
6
ByLayer
370
-1
48
1.0
60
0
100
AcDbPoint
10
1398300.49787719
20
359680.773758236
30
0.0
39
0.0
210
0.0
220
0.0
230
1.0
50
360.0
0
TEXT
5
51C
330
1C
100
AcDbEntity
67
0
8
15 - историческая планировочная структура
62
7
6
ByLayer
370
-1
48
1.0
60
0
100
AcDbText
1
637
10
1398300.62700664
20
359681.048203365
30
0.0
40
0.31111111111
41
1.0
50
0.0
51
0.0
7
Standard
11
1398300.62700664
21
359681.048203365
31
0.0
210
0.0
220
0.0
230
1.0
71
0
72
0
100
AcDbText
73
0
0
POINT
5
51D
330
1C
100
AcDbEntity
67
0
8
15 - историческая планировочная структура
62
256
6
ByLayer
370
-1
48
1.0
60
0
100
AcDbPoint
10
1398283.27710052
20
359678.298513197
30
0.0
39
0.0
210
0.0
220
0.0
230
1.0
50
360.0
0
TEXT
5
51E
330
1C
100
AcDbEntity
67
0
8
15 - историческая планировочная структура
62
7
6
ByLayer
370
-1
48
1.0
60
0
100
AcDbText
1
638
10
1398283.40622999
20
359678.572958291
30
0.0
40
0.31111111111
41
1.0
50
0.0
51
0.0
7
Standard
11
1398283.40622999
21
359678.572958291
31
0.0
210
0.0
220
0.0
230
1.0
71
0
72
0
100
AcDbText
73
0
0
POINT
5
51F
330
1C
100
AcDbEntity
67
0
8
15 - историческая планировочная структура
62
256
6
ByLayer
370
-1
48
1.0
60
0
100
AcDbPoint
10
1398264.46897729
20
359675.017081189
30
0.0
39
0.0
210
0.0
220
0.0
230
1.0
50
360.0
0
TEXT
5
520
330
1C
100
AcDbEntity
67
0
8
15 - историческая планировочная структура
62
7
6
ByLayer
370
-1
48
1.0
60
0
100
AcDbText
1
639
10
1398264.59810676
20
359675.291526249
30
0.0
40
0.31111111111
41
1.0
50
0.0
51
0.0
7
Standard
11
1398264.59810676
21
359675.291526249
31
0.0
210
0.0
220
0.0
230
1.0
71
0
72
0
100
AcDbText
73
0
0
POINT
5
521
330
1C
100
AcDbEntity
67
0
8
15 - историческая планировочная структура
62
256
6
ByLayer
370
-1
48
1.0
60
0
100
AcDbPoint
10
1398250.25996218
20
359670.929252775
30
0.0
39
0.0
210
0.0
220
0.0
230
1.0
50
360.0
0
TEXT
5
522
330
1C
100
AcDbEntity
67
0
8
15 - историческая планировочная структура
62
7
6
ByLayer
370
-1
48
1.0
60
0
100
AcDbText
1
640
10
1398250.38909165
20
359671.203697809
30
0.0
40
0.31111111111
41
1.0
50
0.0
51
0.0
7
Standard
11
1398250.38909165
21
359671.203697809
31
0.0
210
0.0
220
0.0
230
1.0
71
0
72
0
100
AcDbText
73
0
0
POINT
5
523
330
1C
100
AcDbEntity
67
0
8
15 - историческая планировочная структура
62
256
6
ByLayer
370
-1
48
1.0
60
0
100
AcDbPoint
10
1398234.87829277
20
359663.948390314
30
0.0
39
0.0
210
0.0
220
0.0
230
1.0
50
360.0
0
TEXT
5
524
330
1C
100
AcDbEntity
67
0
8
15 - историческая планировочная структура
62
7
6
ByLayer
370
-1
48
1.0
60
0
100
AcDbText
1
641
10
1398235.00742225
20
359664.222835321
30
0.0
40
0.31111111111
41
1.0
50
0.0
51
0.0
7
Standard
11
1398235.00742225
21
359664.222835321
31
0.0
210
0.0
220
0.0
230
1.0
71
0
72
0
100
AcDbText
73
0
0
POINT
5
525
330
1C
100
AcDbEntity
67
0
8
15 - историческая планировочная структура
62
256
6
ByLayer
370
-1
48
1.0
60
0
100
AcDbPoint
10
1398227.19052977
20
359659.680039963
30
0.0
39
0.0
210
0.0
220
0.0
230
1.0
50
360.0
0
TEXT
5
526
330
1C
100
AcDbEntity
67
0
8
15 - историческая планировочная структура
62
7
6
ByLayer
370
-1
48
1.0
60
0
100
AcDbText
1
642
10
1398227.31965927
20
359659.954484956
30
0.0
40
0.31111111111
41
1.0
50
0.0
51
0.0
7
Standard
11
1398227.31965927
21
359659.954484956
31
0.0
210
0.0
220
0.0
230
1.0
71
0
72
0
100
AcDbText
73
0
0
POINT
5
527
330
1C
100
AcDbEntity
67
0
8
15 - историческая планировочная структура
62
256
6
ByLayer
370
-1
48
1.0
60
0
100
AcDbPoint
10
1395362.30797037
20
360100.395364218
30
0.0
39
0.0
210
0.0
220
0.0
230
1.0
50
360.0
0
TEXT
5
528
330
1C
100
AcDbEntity
67
0
8
15 - историческая планировочная структура
62
7
6
ByLayer
370
-1
48
1.0
60
0
100
AcDbText
1
643
10
1395362.43709914
20
360100.669803977
30
0.0
40
0.31111111111
41
1.0
50
0.0
51
0.0
7
Standard
11
1395362.43709914
21
360100.669803977
31
0.0
210
0.0
220
0.0
230
1.0
71
0
72
0
100
AcDbText
73
0
0
POINT
5
529
330
1C
100
AcDbEntity
67
0
8
15 - историческая планировочная структура
62
256
6
ByLayer
370
-1
48
1.0
60
0
100
AcDbPoint
10
1395355.4540748
20
360079.119197636
30
0.0
39
0.0
210
0.0
220
0.0
230
1.0
50
360.0
0
TEXT
5
52A
330
1C
100
AcDbEntity
67
0
8
15 - историческая планировочная структура
62
7
6
ByLayer
370
-1
48
1.0
60
0
100
AcDbText
1
644
10
1395355.5832036
20
360079.393637382
30
0.0
40
0.31111111111
41
1.0
50
0.0
51
0.0
7
Standard
11
1395355.5832036
21
360079.393637382
31
0.0
210
0.0
220
0.0
230
1.0
71
0
72
0
100
AcDbText
73
0
0
POINT
5
52B
330
1C
100
AcDbEntity
67
0
8
15 - историческая планировочная структура
62
256
6
ByLayer
370
-1
48
1.0
60
0
100
AcDbPoint
10
1395281.6743768
20
360044.05872708
30
0.0
39
0.0
210
0.0
220
0.0
230
1.0
50
360.0
0
TEXT
5
52C
330
1C
100
AcDbEntity
67
0
8
15 - историческая планировочная структура
62
7
6
ByLayer
370
-1
48
1.0
60
0
100
AcDbText
1
645
10
1395281.80350568
20
360044.33316669
30
0.0
40
0.31111111111
41
1.0
50
0.0
51
0.0
7
Standard
11
1395281.80350568
21
360044.33316669
31
0.0
210
0.0
220
0.0
230
1.0
71
0
72
0
100
AcDbText
73
0
0
POINT
5
52D
330
1C
100
AcDbEntity
67
0
8
15 - историческая планировочная структура
62
256
6
ByLayer
370
-1
48
1.0
60
0
100
AcDbPoint
10
1395219.5741179
20
360011.361360866
30
0.0
39
0.0
210
0.0
220
0.0
230
1.0
50
360.0
0
TEXT
5
52E
330
1C
100
AcDbEntity
67
0
8
15 - историческая планировочная структура
62
7
6
ByLayer
370
-1
48
1.0
60
0
100
AcDbText
1
646
10
1395219.70324683
20
360011.635800361
30
0.0
40
0.31111111111
41
1.0
50
0.0
51
0.0
7
Standard
11
1395219.70324683
21
360011.635800361
31
0.0
210
0.0
220
0.0
230
1.0
71
0
72
0
100
AcDbText
73
0
0
POINT
5
52F
330
1C
100
AcDbEntity
67
0
8
15 - историческая планировочная структура
62
256
6
ByLayer
370
-1
48
1.0
60
0
100
AcDbPoint
10
1395194.87934832
20
359998.822520924
30
0.0
39
0.0
210
0.0
220
0.0
230
1.0
50
360.0
0
TEXT
5
530
330
1C
100
AcDbEntity
67
0
8
15 - историческая планировочная структура
62
7
6
ByLayer
370
-1
48
1.0
60
0
100
AcDbText
1
647
10
1395195.00847728
20
359999.096960378
30
0.0
40
0.31111111111
41
1.0
50
0.0
51
0.0
7
Standard
11
1395195.00847728
21
359999.096960378
31
0.0
210
0.0
220
0.0
230
1.0
71
0
72
0
100
AcDbText
73
0
0
POINT
5
531
330
1C
100
AcDbEntity
67
0
8
15 - историческая планировочная структура
62
256
6
ByLayer
370
-1
48
1.0
60
0
100
AcDbPoint
10
1395035.6257701
20
360724.91833787
30
0.0
39
0.0
210
0.0
220
0.0
230
1.0
50
360.0
0
TEXT
5
532
330
1C
100
AcDbEntity
67
0
8
15 - историческая планировочная структура
62
7
6
ByLayer
370
-1
48
1.0
60
0
100
AcDbText
1
648
10
1395035.75489774
20
360725.192777013
30
0.0
40
0.31111111111
41
1.0
50
0.0
51
0.0
7
Standard
11
1395035.75489774
21
360725.192777013
31
0.0
210
0.0
220
0.0
230
1.0
71
0
72
0
100
AcDbText
73
0
0
POINT
5
533
330
1C
100
AcDbEntity
67
0
8
15 - историческая планировочная структура
62
256
6
ByLayer
370
-1
48
1.0
60
0
100
AcDbPoint
10
1395277.40313486
20
360669.235152951
30
0.0
39
0.0
210
0.0
220
0.0
230
1.0
50
360.0
0
TEXT
5
534
330
1C
100
AcDbEntity
67
0
8
15 - историческая планировочная структура
62
7
6
ByLayer
370
-1
48
1.0
60
0
100
AcDbText
1
649
10
1395277.53226259
20
360669.50959254
30
0.0
40
0.31111111111
41
1.0
50
0.0
51
0.0
7
Standard
11
1395277.53226259
21
360669.50959254
31
0.0
210
0.0
220
0.0
230
1.0
71
0
72
0
100
AcDbText
73
0
0
POINT
5
535
330
1C
100
AcDbEntity
67
0
8
15 - историческая планировочная структура
62
256
6
ByLayer
370
-1
48
1.0
60
0
100
AcDbPoint
10
1397191.47416628
20
359650.074348956
30
0.0
39
0.0
210
0.0
220
0.0
230
1.0
50
360.0
0
TEXT
5
536
330
1C
100
AcDbEntity
67
0
8
15 - историческая планировочная структура
62
7
6
ByLayer
370
-1
48
1.0
60
0
100
AcDbText
1
650
10
1397191.60329582
20
359650.34879206
30
0.0
40
0.31111111111
41
1.0
50
0.0
51
0.0
7
Standard
11
1397191.60329582
21
359650.34879206
31
0.0
210
0.0
220
0.0
230
1.0
71
0
72
0
100
AcDbText
73
0
0
POINT
5
537
330
1C
100
AcDbEntity
67
0
8
15 - историческая планировочная структура
62
256
6
ByLayer
370
-1
48
1.0
60
0
100
AcDbPoint
10
1397210.20871721
20
359707.920544652
30
0.0
39
0.0
210
0.0
220
0.0
230
1.0
50
360.0
0
TEXT
5
538
330
1C
100
AcDbEntity
67
0
8
15 - историческая планировочная структура
62
7
6
ByLayer
370
-1
48
1.0
60
0
100
AcDbText
1
651
10
1397210.33784665
20
359708.194987791
30
0.0
40
0.31111111111
41
1.0
50
0.0
51
0.0
7
Standard
11
1397210.33784665
21
359708.194987791
31
0.0
210
0.0
220
0.0
230
1.0
71
0
72
0
100
AcDbText
73
0
0
POINT
5
539
330
1C
100
AcDbEntity
67
0
8
15 - историческая планировочная структура
62
256
6
ByLayer
370
-1
48
1.0
60
0
100
AcDbPoint
10
1396891.59362397
20
359752.676161024
30
0.0
39
0.0
210
0.0
220
0.0
230
1.0
50
360.0
0
TEXT
5
53A
330
1C
100
AcDbEntity
67
0
8
15 - историческая планировочная структура
62
7
6
ByLayer
370
-1
48
1.0
60
0
100
AcDbText
1
652
10
1396891.72275333
20
359752.950603582
30
0.0
40
0.31111111111
41
1.0
50
0.0
51
0.0
7
Standard
11
1396891.72275333
21
359752.950603582
31
0.0
210
0.0
220
0.0
230
1.0
71
0
72
0
100
AcDbText
73
0
0
POINT
5
53B
330
1C
100
AcDbEntity
67
0
8
15 - историческая планировочная структура
62
256
6
ByLayer
370
-1
48
1.0
60
0
100
AcDbPoint
10
1396893.37441681
20
359755.868957952
30
0.0
39
0.0
210
0.0
220
0.0
230
1.0
50
360.0
0
TEXT
5
53C
330
1C
100
AcDbEntity
67
0
8
15 - историческая планировочная структура
62
7
6
ByLayer
370
-1
48
1.0
60
0
100
AcDbText
1
653
10
1396893.50354617
20
359756.143400511
30
0.0
40
0.31111111111
41
1.0
50
0.0
51
0.0
7
Standard
11
1396893.50354617
21
359756.143400511
31
0.0
210
0.0
220
0.0
230
1.0
71
0
72
0
100
AcDbText
73
0
0
POINT
5
53D
330
1C
100
AcDbEntity
67
0
8
15 - историческая планировочная структура
62
256
6
ByLayer
370
-1
48
1.0
60
0
100
AcDbPoint
10
1396910.76387632
20
359808.959368595
30
0.0
39
0.0
210
0.0
220
0.0
230
1.0
50
360.0
0
TEXT
5
53E
330
1C
100
AcDbEntity
67
0
8
15 - историческая планировочная структура
62
7
6
ByLayer
370
-1
48
1.0
60
0
100
AcDbText
1
654
10
1396910.89300557
20
359809.233811189
30
0.0
40
0.31111111111
41
1.0
50
0.0
51
0.0
7
Standard
11
1396910.89300557
21
359809.233811189
31
0.0
210
0.0
220
0.0
230
1.0
71
0
72
0
100
AcDbText
73
0
0
POINT
5
53F
330
1C
100
AcDbEntity
67
0
8
15 - историческая планировочная структура
62
256
6
ByLayer
370
-1
48
1.0
60
0
100
AcDbPoint
10
1398203.82353595
20
359646.70636853
30
0.0
39
0.0
210
0.0
220
0.0
230
1.0
50
360.0
0
TEXT
5
540
330
1C
100
AcDbEntity
67
0
8
15 - историческая планировочная структура
62
7
6
ByLayer
370
-1
48
1.0
60
0
100
AcDbText
1
655
10
1398203.95266547
20
359646.980813482
30
0.0
40
0.31111111111
41
1.0
50
0.0
51
0.0
7
Standard
11
1398203.95266547
21
359646.980813482
31
0.0
210
0.0
220
0.0
230
1.0
71
0
72
0
100
AcDbText
73
0
0
POINT
5
541
330
1C
100
AcDbEntity
67
0
8
15 - историческая планировочная структура
62
256
6
ByLayer
370
-1
48
1.0
60
0
100
AcDbPoint
10
1398190.98782017
20
359639.533852887
30
0.0
39
0.0
210
0.0
220
0.0
230
1.0
50
360.0
0
TEXT
5
542
330
1C
100
AcDbEntity
67
0
8
15 - историческая планировочная структура
62
7
6
ByLayer
370
-1
48
1.0
60
0
100
AcDbText
1
656
10
1398191.11694971
20
359639.808297816
30
0.0
40
0.31111111111
41
1.0
50
0.0
51
0.0
7
Standard
11
1398191.11694971
21
359639.808297816
31
0.0
210
0.0
220
0.0
230
1.0
71
0
72
0
100
AcDbText
73
0
0
POINT
5
543
330
1C
100
AcDbEntity
67
0
8
15 - историческая планировочная структура
62
256
6
ByLayer
370
-1
48
1.0
60
0
100
AcDbPoint
10
1398172.90452802
20
359637.105261883
30
0.0
39
0.0
210
0.0
220
0.0
230
1.0
50
360.0
0
TEXT
5
544
330
1C
100
AcDbEntity
67
0
8
15 - историческая планировочная структура
62
7
6
ByLayer
370
-1
48
1.0
60
0
100
AcDbText
1
657
10
1398173.03365756
20
359637.379706777
30
0.0
40
0.31111111111
41
1.0
50
0.0
51
0.0
7
Standard
11
1398173.03365756
21
359637.379706777
31
0.0
210
0.0
220
0.0
230
1.0
71
0
72
0
100
AcDbText
73
0
0
POINT
5
545
330
1C
100
AcDbEntity
67
0
8
15 - историческая планировочная структура
62
256
6
ByLayer
370
-1
48
1.0
60
0
100
AcDbPoint
10
1398163.53205899
20
359637.715776757
30
0.0
39
0.0
210
0.0
220
0.0
230
1.0
50
360.0
0
TEXT
5
546
330
1C
100
AcDbEntity
67
0
8
15 - историческая планировочная структура
62
7
6
ByLayer
370
-1
48
1.0
60
0
100
AcDbText
1
658
10
1398163.66118853
20
359637.990221634
30
0.0
40
0.31111111111
41
1.0
50
0.0
51
0.0
7
Standard
11
1398163.66118853
21
359637.990221634
31
0.0
210
0.0
220
0.0
230
1.0
71
0
72
0
100
AcDbText
73
0
0
POINT
5
547
330
1C
100
AcDbEntity
67
0
8
15 - историческая планировочная структура
62
256
6
ByLayer
370
-1
48
1.0
60
0
100
AcDbPoint
10
1398156.74876378
20
359640.697365293
30
0.0
39
0.0
210
0.0
220
0.0
230
1.0
50
360.0
0
TEXT
5
548
330
1C
100
AcDbEntity
67
0
8
15 - историческая планировочная структура
62
7
6
ByLayer
370
-1
48
1.0
60
0
100
AcDbText
1
659
10
1398156.87789331
20
359640.971810158
30
0.0
40
0.31111111111
41
1.0
50
0.0
51
0.0
7
Standard
11
1398156.87789331
21
359640.971810158
31
0.0
210
0.0
220
0.0
230
1.0
71
0
72
0
100
AcDbText
73
0
0
POINT
5
549
330
1C
100
AcDbEntity
67
0
8
15 - историческая планировочная структура
62
256
6
ByLayer
370
-1
48
1.0
60
0
100
AcDbPoint
10
1398152.6271823
20
359652.560958373
30
0.0
39
0.0
210
0.0
220
0.0
230
1.0
50
360.0
0
TEXT
5
54A
330
1C
100
AcDbEntity
67
0
8
15 - историческая планировочная структура
62
7
6
ByLayer
370
-1
48
1.0
60
0
100
AcDbText
1
660
10
1398152.75631182
20
359652.835403229
30
0.0
40
0.31111111111
41
1.0
50
0.0
51
0.0
7
Standard
11
1398152.75631182
21
359652.835403229
31
0.0
210
0.0
220
0.0
230
1.0
71
0
72
0
100
AcDbText
73
0
0
POINT
5
54B
330
1C
100
AcDbEntity
67
0
8
15 - историческая планировочная структура
62
256
6
ByLayer
370
-1
48
1.0
60
0
100
AcDbPoint
10
1398154.35268722
20
359664.851619321
30
0.0
39
0.0
210
0.0
220
0.0
230
1.0
50
360.0
0
TEXT
5
54C
330
1C
100
AcDbEntity
67
0
8
15 - историческая планировочная структура
62
7
6
ByLayer
370
-1
48
1.0
60
0
100
AcDbText
1
661
10
1398154.48181671
20
359665.126064181
30
0.0
40
0.31111111111
41
1.0
50
0.0
51
0.0
7
Standard
11
1398154.48181671
21
359665.126064181
31
0.0
210
0.0
220
0.0
230
1.0
71
0
72
0
100
AcDbText
73
0
0
POINT
5
54D
330
1C
100
AcDbEntity
67
0
8
15 - историческая планировочная структура
62
256
6
ByLayer
370
-1
48
1.0
60
0
100
AcDbPoint
10
1398166.47296641
20
359684.924256927
30
0.0
39
0.0
210
0.0
220
0.0
230
1.0
50
360.0
0
TEXT
5
54E
330
1C
100
AcDbEntity
67
0
8
15 - историческая планировочная структура
62
7
6
ByLayer
370
-1
48
1.0
60
0
100
AcDbText
1
662
10
1398166.60209586
20
359685.198701806
30
0.0
40
0.31111111111
41
1.0
50
0.0
51
0.0
7
Standard
11
1398166.60209586
21
359685.198701806
31
0.0
210
0.0
220
0.0
230
1.0
71
0
72
0
100
AcDbText
73
0
0
POINT
5
54F
330
1C
100
AcDbEntity
67
0
8
15 - историческая планировочная структура
62
256
6
ByLayer
370
-1
48
1.0
60
0
100
AcDbPoint
10
1398180.6078638
20
359700.222179087
30
0.0
39
0.0
210
0.0
220
0.0
230
1.0
50
360.0
0
TEXT
5
550
330
1C
100
AcDbEntity
67
0
8
15 - историческая планировочная структура
62
7
6
ByLayer
370
-1
48
1.0
60
0
100
AcDbText
1
663
10
1398180.73699322
20
359700.496623994
30
0.0
40
0.31111111111
41
1.0
50
0.0
51
0.0
7
Standard
11
1398180.73699322
21
359700.496623994
31
0.0
210
0.0
220
0.0
230
1.0
71
0
72
0
100
AcDbText
73
0
0
POINT
5
551
330
1C
100
AcDbEntity
67
0
8
15 - историческая планировочная структура
62
256
6
ByLayer
370
-1
48
1.0
60
0
100
AcDbPoint
10
1398246.96245562
20
359750.428699081
30
0.0
39
0.0
210
0.0
220
0.0
230
1.0
50
360.0
0
TEXT
5
552
330
1C
100
AcDbEntity
67
0
8
15 - историческая планировочная структура
62
7
6
ByLayer
370
-1
48
1.0
60
0
100
AcDbText
1
664
10
1398247.09158495
20
359750.703144111
30
0.0
40
0.31111111111
41
1.0
50
0.0
51
0.0
7
Standard
11
1398247.09158495
21
359750.703144111
31
0.0
210
0.0
220
0.0
230
1.0
71
0
72
0
100
AcDbText
73
0
0
POINT
5
553
330
1C
100
AcDbEntity
67
0
8
15 - историческая планировочная структура
62
256
6
ByLayer
370
-1
48
1.0
60
0
100
AcDbPoint
10
1398287.03436748
20
359781.018038686
30
0.0
39
0.0
210
0.0
220
0.0
230
1.0
50
360.0
0
TEXT
5
554
330
1C
100
AcDbEntity
67
0
8
15 - историческая планировочная структура
62
7
6
ByLayer
370
-1
48
1.0
60
0
100
AcDbText
1
665
10
1398287.16349675
20
359781.292483783
30
0.0
40
0.31111111111
41
1.0
50
0.0
51
0.0
7
Standard
11
1398287.16349675
21
359781.292483783
31
0.0
210
0.0
220
0.0
230
1.0
71
0
72
0
100
AcDbText
73
0
0
POINT
5
555
330
1C
100
AcDbEntity
67
0
8
15 - историческая планировочная структура
62
256
6
ByLayer
370
-1
48
1.0
60
0
100
AcDbPoint
10
1398299.97398814
20
359787.48811469
30
0.0
39
0.0
210
0.0
220
0.0
230
1.0
50
360.0
0
TEXT
5
556
330
1C
100
AcDbEntity
67
0
8
15 - историческая планировочная структура
62
7
6
ByLayer
370
-1
48
1.0
60
0
100
AcDbText
1
666
10
1398300.1031174
20
359787.76255981
30
0.0
40
0.31111111111
41
1.0
50
0.0
51
0.0
7
Standard
11
1398300.1031174
21
359787.76255981
31
0.0
210
0.0
220
0.0
230
1.0
71
0
72
0
100
AcDbText
73
0
0
POINT
5
557
330
1C
100
AcDbEntity
67
0
8
15 - историческая планировочная структура
62
256
6
ByLayer
370
-1
48
1.0
60
0
100
AcDbPoint
10
1398242.31756766
20
359353.046464275
30
0.0
39
0.0
210
0.0
220
0.0
230
1.0
50
360.0
0
TEXT
5
558
330
1C
100
AcDbEntity
67
0
8
15 - историческая планировочная структура
62
7
6
ByLayer
370
-1
48
1.0
60
0
100
AcDbText
1
667
10
1398242.44669771
20
359353.320909303
30
0.0
40
0.31111111111
41
1.0
50
0.0
51
0.0
7
Standard
11
1398242.44669771
21
359353.320909303
31
0.0
210
0.0
220
0.0
230
1.0
71
0
72
0
100
AcDbText
73
0
0
POINT
5
559
330
1C
100
AcDbEntity
67
0
8
15 - историческая планировочная структура
62
256
6
ByLayer
370
-1
48
1.0
60
0
100
AcDbPoint
10
1398242.89911466
20
359347.092174527
30
0.0
39
0.0
210
0.0
220
0.0
230
1.0
50
360.0
0
TEXT
5
55A
330
1C
100
AcDbEntity
67
0
8
15 - историческая планировочная структура
62
7
6
ByLayer
370
-1
48
1.0
60
0
100
AcDbText
1
668
10
1398243.02824473
20
359347.366619556
30
0.0
40
0.31111111111
41
1.0
50
0.0
51
0.0
7
Standard
11
1398243.02824473
21
359347.366619556
31
0.0
210
0.0
220
0.0
230
1.0
71
0
72
0
100
AcDbText
73
0
0
POINT
5
55B
330
1C
100
AcDbEntity
67
0
8
15 - историческая планировочная структура
62
256
6
ByLayer
370
-1
48
1.0
60
0
100
AcDbPoint
10
1398243.76625979
20
359343.837944986
30
0.0
39
0.0
210
0.0
220
0.0
230
1.0
50
360.0
0
TEXT
5
55C
330
1C
100
AcDbEntity
67
0
8
15 - историческая планировочная структура
62
7
6
ByLayer
370
-1
48
1.0
60
0
100
AcDbText
1
669
10
1398243.89538986
20
359344.112390016
30
0.0
40
0.31111111111
41
1.0
50
0.0
51
0.0
7
Standard
11
1398243.89538986
21
359344.112390016
31
0.0
210
0.0
220
0.0
230
1.0
71
0
72
0
100
AcDbText
73
0
0
POINT
5
55D
330
1C
100
AcDbEntity
67
0
8
15 - историческая планировочная структура
62
256
6
ByLayer
370
-1
48
1.0
60
0
100
AcDbPoint
10
1398249.38019606
20
359340.166262479
30
0.0
39
0.0
210
0.0
220
0.0
230
1.0
50
360.0
0
TEXT
5
55E
330
1C
100
AcDbEntity
67
0
8
15 - историческая планировочная структура
62
7
6
ByLayer
370
-1
48
1.0
60
0
100
AcDbText
1
670
10
1398249.50932614
20
359340.440707522
30
0.0
40
0.31111111111
41
1.0
50
0.0
51
0.0
7
Standard
11
1398249.50932614
21
359340.440707522
31
0.0
210
0.0
220
0.0
230
1.0
71
0
72
0
100
AcDbText
73
0
0
POINT
5
55F
330
1C
100
AcDbEntity
67
0
8
15 - историческая планировочная структура
62
256
6
ByLayer
370
-1
48
1.0
60
0
100
AcDbPoint
10
1398478.71239698
20
359276.732806761
30
0.0
39
0.0
210
0.0
220
0.0
230
1.0
50
360.0
0
TEXT
5
560
330
1C
100
AcDbEntity
67
0
8
15 - историческая планировочная структура
62
7
6
ByLayer
370
-1
48
1.0
60
0
100
AcDbText
1
671
10
1398478.84152717
20
359277.007252224
30
0.0
40
0.31111111111
41
1.0
50
0.0
51
0.0
7
Standard
11
1398478.84152717
21
359277.007252224
31
0.0
210
0.0
220
0.0
230
1.0
71
0
72
0
100
AcDbText
73
0
0
POINT
5
561
330
1C
100
AcDbEntity
67
0
8
15 - историческая планировочная структура
62
256
6
ByLayer
370
-1
48
1.0
60
0
100
AcDbPoint
10
1398499.62101486
20
359274.114352478
30
0.0
39
0.0
210
0.0
220
0.0
230
1.0
50
360.0
0
TEXT
5
562
330
1C
100
AcDbEntity
67
0
8
15 - историческая планировочная структура
62
7
6
ByLayer
370
-1
48
1.0
60
0
100
AcDbText
1
672
10
1398499.75014506
20
359274.388797977
30
0.0
40
0.31111111111
41
1.0
50
0.0
51
0.0
7
Standard
11
1398499.75014506
21
359274.388797977
31
0.0
210
0.0
220
0.0
230
1.0
71
0
72
0
100
AcDbText
73
0
0
POINT
5
563
330
1C
100
AcDbEntity
67
0
8
15 - историческая планировочная структура
62
256
6
ByLayer
370
-1
48
1.0
60
0
100
AcDbPoint
10
1398928.09889078
20
359315.011138282
30
0.0
39
0.0
210
0.0
220
0.0
230
1.0
50
360.0
0
TEXT
5
564
330
1C
100
AcDbEntity
67
0
8
15 - историческая планировочная структура
62
7
6
ByLayer
370
-1
48
1.0
60
0
100
AcDbText
1
673
10
1398928.22802089
20
359315.285584564
30
0.0
40
0.31111111111
41
1.0
50
0.0
51
0.0
7
Standard
11
1398928.22802089
21
359315.285584564
31
0.0
210
0.0
220
0.0
230
1.0
71
0
72
0
100
AcDbText
73
0
0
POINT
5
565
330
1C
100
AcDbEntity
67
0
8
15 - историческая планировочная структура
62
256
6
ByLayer
370
-1
48
1.0
60
0
100
AcDbPoint
10
1396395.39943372
20
359750.547967995
30
0.0
39
0.0
210
0.0
220
0.0
230
1.0
50
360.0
0
TEXT
5
566
330
1C
100
AcDbEntity
67
0
8
15 - историческая планировочная структура
62
7
6
ByLayer
370
-1
48
1.0
60
0
100
AcDbText
1
674
10
1396395.5285631
20
359750.822409644
30
0.0
40
0.31111111111
41
1.0
50
0.0
51
0.0
7
Standard
11
1396395.5285631
21
359750.822409644
31
0.0
210
0.0
220
0.0
230
1.0
71
0
72
0
100
AcDbText
73
0
0
POINT
5
567
330
1C
100
AcDbEntity
67
0
8
15 - историческая планировочная структура
62
256
6
ByLayer
370
-1
48
1.0
60
0
100
AcDbPoint
10
1396453.93737623
20
359775.506237309
30
0.0
39
0.0
210
0.0
220
0.0
230
1.0
50
360.0
0
TEXT
5
568
330
1C
100
AcDbEntity
67
0
8
15 - историческая планировочная структура
62
7
6
ByLayer
370
-1
48
1.0
60
0
100
AcDbText
1
675
10
1396454.06650556
20
359775.780679066
30
0.0
40
0.31111111111
41
1.0
50
0.0
51
0.0
7
Standard
11
1396454.06650556
21
359775.780679066
31
0.0
210
0.0
220
0.0
230
1.0
71
0
72
0
100
AcDbText
73
0
0
POINT
5
569
330
1C
100
AcDbEntity
67
0
8
15 - историческая планировочная структура
62
256
6
ByLayer
370
-1
48
1.0
60
0
100
AcDbPoint
10
1396611.51563015
20
359841.171379016
30
0.0
39
0.0
210
0.0
220
0.0
230
1.0
50
360.0
0
TEXT
5
56A
330
1C
100
AcDbEntity
67
0
8
15 - историческая планировочная структура
62
7
6
ByLayer
370
-1
48
1.0
60
0
100
AcDbText
1
676
10
1396611.64475936
20
359841.44582106
30
0.0
40
0.31111111111
41
1.0
50
0.0
51
0.0
7
Standard
11
1396611.64475936
21
359841.44582106
31
0.0
210
0.0
220
0.0
230
1.0
71
0
72
0
100
AcDbText
73
0
0
POINT
5
56B
330
1C
100
AcDbEntity
67
0
8
15 - историческая планировочная структура
62
256
6
ByLayer
370
-1
48
1.0
60
0
100
AcDbPoint
10
1396677.46002898
20
359866.051464723
30
0.0
39
0.0
210
0.0
220
0.0
230
1.0
50
360.0
0
TEXT
5
56C
330
1C
100
AcDbEntity
67
0
8
15 - историческая планировочная структура
62
7
6
ByLayer
370
-1
48
1.0
60
0
100
AcDbText
1
677
10
1396677.58915814
20
359866.325906887
30
0.0
40
0.31111111111
41
1.0
50
0.0
51
0.0
7
Standard
11
1396677.58915814
21
359866.325906887
31
0.0
210
0.0
220
0.0
230
1.0
71
0
72
0
100
AcDbText
73
0
0
POINT
5
56D
330
1C
100
AcDbEntity
67
0
8
15 - историческая планировочная структура
62
256
6
ByLayer
370
-1
48
1.0
60
0
100
AcDbPoint
10
1396699.27875981
20
359866.50156479
30
0.0
39
0.0
210
0.0
220
0.0
230
1.0
50
360.0
0
TEXT
5
56E
330
1C
100
AcDbEntity
67
0
8
15 - историческая планировочная структура
62
7
6
ByLayer
370
-1
48
1.0
60
0
100
AcDbText
1
678
10
1396699.40788897
20
359866.776006991
30
0.0
40
0.31111111111
41
1.0
50
0.0
51
0.0
7
Standard
11
1396699.40788897
21
359866.776006991
31
0.0
210
0.0
220
0.0
230
1.0
71
0
72
0
100
AcDbText
73
0
0
POINT
5
56F
330
1C
100
AcDbEntity
67
0
8
15 - историческая планировочная структура
62
256
6
ByLayer
370
-1
48
1.0
60
0
100
AcDbPoint
10
1396725.32734782
20
359863.651844316
30
0.0
39
0.0
210
0.0
220
0.0
230
1.0
50
360.0
0
TEXT
5
570
330
1C
100
AcDbEntity
67
0
8
15 - историческая планировочная структура
62
7
6
ByLayer
370
-1
48
1.0
60
0
100
AcDbText
1
679
10
1396725.45647699
20
359863.926286565
30
0.0
40
0.31111111111
41
1.0
50
0.0
51
0.0
7
Standard
11
1396725.45647699
21
359863.926286565
31
0.0
210
0.0
220
0.0
230
1.0
71
0
72
0
100
AcDbText
73
0
0
POINT
5
571
330
1C
100
AcDbEntity
67
0
8
15 - историческая планировочная структура
62
256
6
ByLayer
370
-1
48
1.0
60
0
100
AcDbPoint
10
1396745.13644292
20
359854.432157736
30
0.0
39
0.0
210
0.0
220
0.0
230
1.0
50
360.0
0
TEXT
5
572
330
1C
100
AcDbEntity
67
0
8
15 - историческая планировочная структура
62
7
6
ByLayer
370
-1
48
1.0
60
0
100
AcDbText
1
680
10
1396745.2655721
20
359854.70660002
30
0.0
40
0.31111111111
41
1.0
50
0.0
51
0.0
7
Standard
11
1396745.2655721
21
359854.70660002
31
0.0
210
0.0
220
0.0
230
1.0
71
0
72
0
100
AcDbText
73
0
0
POINT
5
573
330
1C
100
AcDbEntity
67
0
8
15 - историческая планировочная структура
62
256
6
ByLayer
370
-1
48
1.0
60
0
100
AcDbPoint
10
1396857.91952117
20
359769.652502803
30
0.0
39
0.0
210
0.0
220
0.0
230
1.0
50
360.0
0
TEXT
5
574
330
1C
100
AcDbEntity
67
0
8
15 - историческая планировочная структура
62
7
6
ByLayer
370
-1
48
1.0
60
0
100
AcDbText
1
681
10
1396858.0486505
20
359769.926945297
30
0.0
40
0.31111111111
41
1.0
50
0.0
51
0.0
7
Standard
11
1396858.0486505
21
359769.926945297
31
0.0
210
0.0
220
0.0
230
1.0
71
0
72
0
100
AcDbText
73
0
0
POINT
5
575
330
1C
100
AcDbEntity
67
0
8
15 - историческая планировочная структура
62
256
6
ByLayer
370
-1
48
1.0
60
0
100
AcDbPoint
10
1396896.92162789
20
359739.772939121
30
0.0
39
0.0
210
0.0
220
0.0
230
1.0
50
360.0
0
TEXT
5
576
330
1C
100
AcDbEntity
67
0
8
15 - историческая планировочная структура
62
7
6
ByLayer
370
-1
48
1.0
60
0
100
AcDbText
1
682
10
1396897.05075728
20
359740.047381684
30
0.0
40
0.31111111111
41
1.0
50
0.0
51
0.0
7
Standard
11
1396897.05075728
21
359740.047381684
31
0.0
210
0.0
220
0.0
230
1.0
71
0
72
0
100
AcDbText
73
0
0
POINT
5
577
330
1C
100
AcDbEntity
67
0
8
15 - историческая планировочная структура
62
256
6
ByLayer
370
-1
48
1.0
60
0
100
AcDbPoint
10
1397006.4906676
20
359704.563922058
30
0.0
39
0.0
210
0.0
220
0.0
230
1.0
50
360.0
0
TEXT
5
578
330
1C
100
AcDbEntity
67
0
8
15 - историческая планировочная структура
62
7
6
ByLayer
370
-1
48
1.0
60
0
100
AcDbText
1
683
10
1397006.61979705
20
359704.838364826
30
0.0
40
0.31111111111
41
1.0
50
0.0
51
0.0
7
Standard
11
1397006.61979705
21
359704.838364826
31
0.0
210
0.0
220
0.0
230
1.0
71
0
72
0
100
AcDbText
73
0
0
POINT
5
579
330
1C
100
AcDbEntity
67
0
8
15 - историческая планировочная структура
62
256
6
ByLayer
370
-1
48
1.0
60
0
100
AcDbPoint
10
1397171.87259528
20
359648.760578625
30
0.0
39
0.0
210
0.0
220
0.0
230
1.0
50
360.0
0
TEXT
5
57A
330
1C
100
AcDbEntity
67
0
8
15 - историческая планировочная структура
62
7
6
ByLayer
370
-1
48
1.0
60
0
100
AcDbText
1
684
10
1397172.00172483
20
359649.035021695
30
0.0
40
0.31111111111
41
1.0
50
0.0
51
0.0
7
Standard
11
1397172.00172483
21
359649.035021695
31
0.0
210
0.0
220
0.0
230
1.0
71
0
72
0
100
AcDbText
73
0
0
POINT
5
57B
330
1C
100
AcDbEntity
67
0
8
15 - историческая планировочная структура
62
256
6
ByLayer
370
-1
48
1.0
60
0
100
AcDbPoint
10
1397229.25898143
20
359631.015850856
30
0.0
39
0.0
210
0.0
220
0.0
230
1.0
50
360.0
0
TEXT
5
57C
330
1C
100
AcDbEntity
67
0
8
15 - историческая планировочная структура
62
7
6
ByLayer
370
-1
48
1.0
60
0
100
AcDbText
1
685
10
1397229.38811101
20
359631.290294031
30
0.0
40
0.31111111111
41
1.0
50
0.0
51
0.0
7
Standard
11
1397229.38811101
21
359631.290294031
31
0.0
210
0.0
220
0.0
230
1.0
71
0
72
0
100
AcDbText
73
0
0
POINT
5
57D
330
1C
100
AcDbEntity
67
0
8
15 - историческая планировочная структура
62
256
6
ByLayer
370
-1
48
1.0
60
0
100
AcDbPoint
10
1397241.94529297
20
359624.91762523
30
0.0
39
0.0
210
0.0
220
0.0
230
1.0
50
360.0
0
TEXT
5
57E
330
1C
100
AcDbEntity
67
0
8
15 - историческая планировочная структура
62
7
6
ByLayer
370
-1
48
1.0
60
0
100
AcDbText
1
686
10
1397242.07442255
20
359625.192068426
30
0.0
40
0.31111111111
41
1.0
50
0.0
51
0.0
7
Standard
11
1397242.07442255
21
359625.192068426
31
0.0
210
0.0
220
0.0
230
1.0
71
0
72
0
100
AcDbText
73
0
0
POINT
5
57F
330
1C
100
AcDbEntity
67
0
8
15 - историческая планировочная структура
62
256
6
ByLayer
370
-1
48
1.0
60
0
100
AcDbPoint
10
1397344.14218571
20
359586.1835068
30
0.0
39
0.0
210
0.0
220
0.0
230
1.0
50
360.0
0
TEXT
5
580
330
1C
100
AcDbEntity
67
0
8
15 - историческая планировочная структура
62
7
6
ByLayer
370
-1
48
1.0
60
0
100
AcDbText
1
687
10
1397344.27131537
20
359586.457950185
30
0.0
40
0.31111111111
41
1.0
50
0.0
51
0.0
7
Standard
11
1397344.27131537
21
359586.457950185
31
0.0
210
0.0
220
0.0
230
1.0
71
0
72
0
100
AcDbText
73
0
0
POINT
5
581
330
1C
100
AcDbEntity
67
0
8
15 - историческая планировочная структура
62
256
6
ByLayer
370
-1
48
1.0
60
0
100
AcDbPoint
10
1397379.07699022
20
359570.130444554
30
0.0
39
0.0
210
0.0
220
0.0
230
1.0
50
360.0
0
TEXT
5
582
330
1C
100
AcDbEntity
67
0
8
15 - историческая планировочная структура
62
7
6
ByLayer
370
-1
48
1.0
60
0
100
AcDbText
1
688
10
1397379.2061199
20
359570.404888001
30
0.0
40
0.31111111111
41
1.0
50
0.0
51
0.0
7
Standard
11
1397379.2061199
21
359570.404888001
31
0.0
210
0.0
220
0.0
230
1.0
71
0
72
0
100
AcDbText
73
0
0
POINT
5
583
330
1C
100
AcDbEntity
67
0
8
15 - историческая планировочная структура
62
256
6
ByLayer
370
-1
48
1.0
60
0
100
AcDbPoint
10
1397425.3656615
20
359555.555893936
30
0.0
39
0.0
210
0.0
220
0.0
230
1.0
50
360.0
0
TEXT
5
584
330
1C
100
AcDbEntity
67
0
8
15 - историческая планировочная структура
62
7
6
ByLayer
370
-1
48
1.0
60
0
100
AcDbText
1
689
10
1397425.49479121
20
359555.830337471
30
0.0
40
0.31111111111
41
1.0
50
0.0
51
0.0
7
Standard
11
1397425.49479121
21
359555.830337471
31
0.0
210
0.0
220
0.0
230
1.0
71
0
72
0
100
AcDbText
73
0
0
POINT
5
585
330
1C
100
AcDbEntity
67
0
8
15 - историческая планировочная структура
62
256
6
ByLayer
370
-1
48
1.0
60
0
100
AcDbPoint
10
1397461.70279177
20
359545.635643473
30
0.0
39
0.0
210
0.0
220
0.0
230
1.0
50
360.0
0
TEXT
5
586
330
1C
100
AcDbEntity
67
0
8
15 - историческая планировочная структура
62
7
6
ByLayer
370
-1
48
1.0
60
0
100
AcDbText
1
690
10
1397461.8319215
20
359545.910087072
30
0.0
40
0.31111111111
41
1.0
50
0.0
51
0.0
7
Standard
11
1397461.8319215
21
359545.910087072
31
0.0
210
0.0
220
0.0
230
1.0
71
0
72
0
100
AcDbText
73
0
0
POINT
5
587
330
1C
100
AcDbEntity
67
0
8
15 - историческая планировочная структура
62
256
6
ByLayer
370
-1
48
1.0
60
0
100
AcDbPoint
10
1397508.87608864
20
359540.398137045
30
0.0
39
0.0
210
0.0
220
0.0
230
1.0
50
360.0
0
TEXT
5
588
330
1C
100
AcDbEntity
67
0
8
15 - историческая планировочная структура
62
7
6
ByLayer
370
-1
48
1.0
60
0
100
AcDbText
1
691
10
1397509.00521837
20
359540.672580731
30
0.0
40
0.31111111111
41
1.0
50
0.0
51
0.0
7
Standard
11
1397509.00521837
21
359540.672580731
31
0.0
210
0.0
220
0.0
230
1.0
71
0
72
0
100
AcDbText
73
0
0
POINT
5
589
330
1C
100
AcDbEntity
67
0
8
15 - историческая планировочная структура
62
256
6
ByLayer
370
-1
48
1.0
60
0
100
AcDbPoint
10
1397557.39743106
20
359530.849607326
30
0.0
39
0.0
210
0.0
220
0.0
230
1.0
50
360.0
0
TEXT
5
58A
330
1C
100
AcDbEntity
67
0
8
15 - историческая планировочная структура
62
7
6
ByLayer
370
-1
48
1.0
60
0
100
AcDbText
1
692
10
1397557.52656081
20
359531.124051103
30
0.0
40
0.31111111111
41
1.0
50
0.0
51
0.0
7
Standard
11
1397557.52656081
21
359531.124051103
31
0.0
210
0.0
220
0.0
230
1.0
71
0
72
0
100
AcDbText
73
0
0
POINT
5
58B
330
1C
100
AcDbEntity
67
0
8
15 - историческая планировочная структура
62
256
6
ByLayer
370
-1
48
1.0
60
0
100
AcDbPoint
10
1397604.94127138
20
359517.22718112
30
0.0
39
0.0
210
0.0
220
0.0
230
1.0
50
360.0
0
TEXT
5
58C
330
1C
100
AcDbEntity
67
0
8
15 - историческая планировочная структура
62
7
6
ByLayer
370
-1
48
1.0
60
0
100
AcDbText
1
693
10
1397605.07040115
20
359517.501624982
30
0.0
40
0.31111111111
41
1.0
50
0.0
51
0.0
7
Standard
11
1397605.07040115
21
359517.501624982
31
0.0
210
0.0
220
0.0
230
1.0
71
0
72
0
100
AcDbText
73
0
0
POINT
5
58D
330
1C
100
AcDbEntity
67
0
8
15 - историческая планировочная структура
62
256
6
ByLayer
370
-1
48
1.0
60
0
100
AcDbPoint
10
1396239.04651372
20
359948.759153755
30
0.0
39
0.0
210
0.0
220
0.0
230
1.0
50
360.0
0
TEXT
5
58E
330
1C
100
AcDbEntity
67
0
8
15 - историческая планировочная структура
62
7
6
ByLayer
370
-1
48
1.0
60
0
100
AcDbText
1
694
10
1396239.17564274
20
359949.033595119
30
0.0
40
0.31111111111
41
1.0
50
0.0
51
0.0
7
Standard
11
1396239.17564274
21
359949.033595119
31
0.0
210
0.0
220
0.0
230
1.0
71
0
72
0
100
AcDbText
73
0
0
POINT
5
58F
330
1C
100
AcDbEntity
67
0
8
15 - историческая планировочная структура
62
256
6
ByLayer
370
-1
48
1.0
60
0
100
AcDbPoint
10
1396347.49854626
20
359962.449770348
30
0.0
39
0.0
210
0.0
220
0.0
230
1.0
50
360.0
0
TEXT
5
590
330
1C
100
AcDbEntity
67
0
8
15 - историческая планировочная структура
62
7
6
ByLayer
370
-1
48
1.0
60
0
100
AcDbText
1
695
10
1396347.62767525
20
359962.724211906
30
0.0
40
0.31111111111
41
1.0
50
0.0
51
0.0
7
Standard
11
1396347.62767525
21
359962.724211906
31
0.0
210
0.0
220
0.0
230
1.0
71
0
72
0
100
AcDbText
73
0
0
POINT
5
591
330
1C
100
AcDbEntity
67
0
8
15 - историческая планировочная структура
62
256
6
ByLayer
370
-1
48
1.0
60
0
100
AcDbPoint
10
1396424.17819631
20
359984.863596292
30
0.0
39
0.0
210
0.0
220
0.0
230
1.0
50
360.0
0
TEXT
5
592
330
1C
100
AcDbEntity
67
0
8
15 - историческая планировочная структура
62
7
6
ByLayer
370
-1
48
1.0
60
0
100
AcDbText
1
696
10
1396424.30732527
20
359985.13803799
30
0.0
40
0.31111111111
41
1.0
50
0.0
51
0.0
7
Standard
11
1396424.30732527
21
359985.13803799
31
0.0
210
0.0
220
0.0
230
1.0
71
0
72
0
100
AcDbText
73
0
0
POINT
5
593
330
1C
100
AcDbEntity
67
0
8
15 - историческая планировочная структура
62
256
6
ByLayer
370
-1
48
1.0
60
0
100
AcDbPoint
10
1396482.94287696
20
360015.257347076
30
0.0
39
0.0
210
0.0
220
0.0
230
1.0
50
360.0
0
TEXT
5
594
330
1C
100
AcDbEntity
67
0
8
15 - историческая планировочная структура
62
7
6
ByLayer
370
-1
48
1.0
60
0
100
AcDbText
1
697
10
1396483.07200586
20
360015.53178888
30
0.0
40
0.31111111111
41
1.0
50
0.0
51
0.0
7
Standard
11
1396483.07200586
21
360015.53178888
31
0.0
210
0.0
220
0.0
230
1.0
71
0
72
0
100
AcDbText
73
0
0
POINT
5
595
330
1C
100
AcDbEntity
67
0
8
15 - историческая планировочная структура
62
256
6
ByLayer
370
-1
48
1.0
60
0
100
AcDbPoint
10
1396535.00230248
20
360030.51207016
30
0.0
39
0.0
210
0.0
220
0.0
230
1.0
50
360.0
0
TEXT
5
596
330
1C
100
AcDbEntity
67
0
8
15 - историческая планировочная структура
62
7
6
ByLayer
370
-1
48
1.0
60
0
100
AcDbText
1
698
10
1396535.13143135
20
360030.786512059
30
0.0
40
0.31111111111
41
1.0
50
0.0
51
0.0
7
Standard
11
1396535.13143135
21
360030.786512059
31
0.0
210
0.0
220
0.0
230
1.0
71
0
72
0
100
AcDbText
73
0
0
POINT
5
597
330
1C
100
AcDbEntity
67
0
8
15 - историческая планировочная структура
62
256
6
ByLayer
370
-1
48
1.0
60
0
100
AcDbPoint
10
1396587.91689685
20
360036.771703415
30
0.0
39
0.0
210
0.0
220
0.0
230
1.0
50
360.0
0
TEXT
5
598
330
1C
100
AcDbEntity
67
0
8
15 - историческая планировочная структура
62
7
6
ByLayer
370
-1
48
1.0
60
0
100
AcDbText
1
699
10
1396588.04602571
20
360037.04614541
30
0.0
40
0.31111111111
41
1.0
50
0.0
51
0.0
7
Standard
11
1396588.04602571
21
360037.04614541
31
0.0
210
0.0
220
0.0
230
1.0
71
0
72
0
100
AcDbText
73
0
0
POINT
5
599
330
1C
100
AcDbEntity
67
0
8
15 - историческая планировочная структура
62
256
6
ByLayer
370
-1
48
1.0
60
0
100
AcDbPoint
10
1396702.69754687
20
360036.133753301
30
0.0
39
0.0
210
0.0
220
0.0
230
1.0
50
360.0
0
TEXT
5
59A
330
1C
100
AcDbEntity
67
0
8
15 - историческая планировочная структура
62
7
6
ByLayer
370
-1
48
1.0
60
0
100
AcDbText
1
700
10
1396702.82667572
20
360036.408195504
30
0.0
40
0.31111111111
41
1.0
50
0.0
51
0.0
7
Standard
11
1396702.82667572
21
360036.408195504
31
0.0
210
0.0
220
0.0
230
1.0
71
0
72
0
100
AcDbText
73
0
0
POINT
5
59B
330
1C
100
AcDbEntity
67
0
8
15 - историческая планировочная структура
62
256
6
ByLayer
370
-1
48
1.0
60
0
100
AcDbPoint
10
1396773.18793107
20
360040.182627025
30
0.0
39
0.0
210
0.0
220
0.0
230
1.0
50
360.0
0
TEXT
5
59C
330
1C
100
AcDbEntity
67
0
8
15 - историческая планировочная структура
62
7
6
ByLayer
370
-1
48
1.0
60
0
100
AcDbText
1
701
10
1396773.31705992
20
360040.457069357
30
0.0
40
0.31111111111
41
1.0
50
0.0
51
0.0
7
Standard
11
1396773.31705992
21
360040.457069357
31
0.0
210
0.0
220
0.0
230
1.0
71
0
72
0
100
AcDbText
73
0
0
POINT
5
59D
330
1C
100
AcDbEntity
67
0
8
15 - историческая планировочная структура
62
256
6
ByLayer
370
-1
48
1.0
60
0
100
AcDbPoint
10
1396821.74443532
20
360048.170760355
30
0.0
39
0.0
210
0.0
220
0.0
230
1.0
50
360.0
0
TEXT
5
59E
330
1C
100
AcDbEntity
67
0
8
15 - историческая планировочная структура
62
7
6
ByLayer
370
-1
48
1.0
60
0
100
AcDbText
1
702
10
1396821.87356415
20
360048.445202776
30
0.0
40
0.31111111111
41
1.0
50
0.0
51
0.0
7
Standard
11
1396821.87356415
21
360048.445202776
31
0.0
210
0.0
220
0.0
230
1.0
71
0
72
0
100
AcDbText
73
0
0
POINT
5
59F
330
1C
100
AcDbEntity
67
0
8
15 - историческая планировочная структура
62
256
6
ByLayer
370
-1
48
1.0
60
0
100
AcDbPoint
10
1396860.49293251
20
360054.704318819
30
0.0
39
0.0
210
0.0
220
0.0
230
1.0
50
360.0
0
TEXT
5
5A0
330
1C
100
AcDbEntity
67
0
8
15 - историческая планировочная структура
62
7
6
ByLayer
370
-1
48
1.0
60
0
100
AcDbText
1
703
10
1396860.62206132
20
360054.97876131
30
0.0
40
0.31111111111
41
1.0
50
0.0
51
0.0
7
Standard
11
1396860.62206132
21
360054.97876131
31
0.0
210
0.0
220
0.0
230
1.0
71
0
72
0
100
AcDbText
73
0
0
POINT
5
5A1
330
1C
100
AcDbEntity
67
0
8
15 - историческая планировочная структура
62
256
6
ByLayer
370
-1
48
1.0
60
0
100
AcDbPoint
10
1396888.79900262
20
360052.30512999
30
0.0
39
0.0
210
0.0
220
0.0
230
1.0
50
360.0
0
TEXT
5
5A2
330
1C
100
AcDbEntity
67
0
8
15 - историческая планировочная структура
62
7
6
ByLayer
370
-1
48
1.0
60
0
100
AcDbText
1
704
10
1396888.92813144
20
360052.579572535
30
0.0
40
0.31111111111
41
1.0
50
0.0
51
0.0
7
Standard
11
1396888.92813144
21
360052.579572535
31
0.0
210
0.0
220
0.0
230
1.0
71
0
72
0
100
AcDbText
73
0
0
POINT
5
5A3
330
1C
100
AcDbEntity
67
0
8
15 - историческая планировочная структура
62
256
6
ByLayer
370
-1
48
1.0
60
0
100
AcDbPoint
10
1397025.44243703
20
360006.780956166
30
0.0
39
0.0
210
0.0
220
0.0
230
1.0
50
360.0
0
TEXT
5
5A4
330
1C
100
AcDbEntity
67
0
8
15 - историческая планировочная структура
62
7
6
ByLayer
370
-1
48
1.0
60
0
100
AcDbText
1
705
10
1397025.57156593
20
360007.055398957
30
0.0
40
0.31111111111
41
1.0
50
0.0
51
0.0
7
Standard
11
1397025.57156593
21
360007.055398957
31
0.0
210
0.0
220
0.0
230
1.0
71
0
72
0
100
AcDbText
73
0
0
POINT
5
5A5
330
1C
100
AcDbEntity
67
0
8
15 - историческая планировочная структура
62
256
6
ByLayer
370
-1
48
1.0
60
0
100
AcDbPoint
10
1397092.56105338
20
359991.425577621
30
0.0
39
0.0
210
0.0
220
0.0
230
1.0
50
360.0
0
TEXT
5
5A6
330
1C
100
AcDbEntity
67
0
8
15 - историческая планировочная структура
62
7
6
ByLayer
370
-1
48
1.0
60
0
100
AcDbText
1
706
10
1397092.6901823
20
359991.700020531
30
0.0
40
0.31111111111
41
1.0
50
0.0
51
0.0
7
Standard
11
1397092.6901823
21
359991.700020531
31
0.0
210
0.0
220
0.0
230
1.0
71
0
72
0
100
AcDbText
73
0
0
POINT
5
5A7
330
1C
100
AcDbEntity
67
0
8
15 - историческая планировочная структура
62
256
6
ByLayer
370
-1
48
1.0
60
0
100
AcDbPoint
10
1397181.86069324
20
359980.460294958
30
0.0
39
0.0
210
0.0
220
0.0
230
1.0
50
360.0
0
TEXT
5
5A8
330
1C
100
AcDbEntity
67
0
8
15 - историческая планировочная структура
62
7
6
ByLayer
370
-1
48
1.0
60
0
100
AcDbText
1
707
10
1397181.98982218
20
359980.734738038
30
0.0
40
0.31111111111
41
1.0
50
0.0
51
0.0
7
Standard
11
1397181.98982218
21
359980.734738038
31
0.0
210
0.0
220
0.0
230
1.0
71
0
72
0
100
AcDbText
73
0
0
POINT
5
5A9
330
1C
100
AcDbEntity
67
0
8
15 - историческая планировочная структура
62
256
6
ByLayer
370
-1
48
1.0
60
0
100
AcDbPoint
10
1397240.71397109
20
359977.3011204
30
0.0
39
0.0
210
0.0
220
0.0
230
1.0
50
360.0
0
TEXT
5
5AA
330
1C
100
AcDbEntity
67
0
8
15 - историческая планировочная структура
62
7
6
ByLayer
370
-1
48
1.0
60
0
100
AcDbText
1
708
10
1397240.84310004
20
359977.575563583
30
0.0
40
0.31111111111
41
1.0
50
0.0
51
0.0
7
Standard
11
1397240.84310004
21
359977.575563583
31
0.0
210
0.0
220
0.0
230
1.0
71
0
72
0
100
AcDbText
73
0
0
POINT
5
5AB
330
1C
100
AcDbEntity
67
0
8
15 - историческая планировочная структура
62
256
6
ByLayer
370
-1
48
1.0
60
0
100
AcDbPoint
10
1397362.79895983
20
359956.291790485
30
0.0
39
0.0
210
0.0
220
0.0
230
1.0
50
360.0
0
TEXT
5
5AC
330
1C
100
AcDbEntity
67
0
8
15 - историческая планировочная структура
62
7
6
ByLayer
370
-1
48
1.0
60
0
100
AcDbText
1
709
10
1397362.92808881
20
359956.566233893
30
0.0
40
0.31111111111
41
1.0
50
0.0
51
0.0
7
Standard
11
1397362.92808881
21
359956.566233893
31
0.0
210
0.0
220
0.0
230
1.0
71
0
72
0
100
AcDbText
73
0
0
POINT
5
5AD
330
1C
100
AcDbEntity
67
0
8
15 - историческая планировочная структура
62
256
6
ByLayer
370
-1
48
1.0
60
0
100
AcDbPoint
10
1397408.22377067
20
359951.320907915
30
0.0
39
0.0
210
0.0
220
0.0
230
1.0
50
360.0
0
TEXT
5
5AE
330
1C
100
AcDbEntity
67
0
8
15 - историческая планировочная структура
62
7
6
ByLayer
370
-1
48
1.0
60
0
100
AcDbText
1
710
10
1397408.35289965
20
359951.595351409
30
0.0
40
0.31111111111
41
1.0
50
0.0
51
0.0
7
Standard
11
1397408.35289965
21
359951.595351409
31
0.0
210
0.0
220
0.0
230
1.0
71
0
72
0
100
AcDbText
73
0
0
POINT
5
5AF
330
1C
100
AcDbEntity
67
0
8
15 - историческая планировочная структура
62
256
6
ByLayer
370
-1
48
1.0
60
0
100
AcDbPoint
10
1397478.47983049
20
359957.485668793
30
0.0
39
0.0
210
0.0
220
0.0
230
1.0
50
360.0
0
TEXT
5
5B0
330
1C
100
AcDbEntity
67
0
8
15 - историческая планировочная структура
62
7
6
ByLayer
370
-1
48
1.0
60
0
100
AcDbText
1
711
10
1397478.60895947
20
359957.760112411
30
0.0
40
0.31111111111
41
1.0
50
0.0
51
0.0
7
Standard
11
1397478.60895947
21
359957.760112411
31
0.0
210
0.0
220
0.0
230
1.0
71
0
72
0
100
AcDbText
73
0
0
POINT
5
5B1
330
1C
100
AcDbEntity
67
0
8
15 - историческая планировочная структура
62
256
6
ByLayer
370
-1
48
1.0
60
0
100
AcDbPoint
10
1397514.72659246
20
359968.610936953
30
0.0
39
0.0
210
0.0
220
0.0
230
1.0
50
360.0
0
TEXT
5
5B2
330
1C
100
AcDbEntity
67
0
8
15 - историческая планировочная структура
62
7
6
ByLayer
370
-1
48
1.0
60
0
100
AcDbText
1
712
10
1397514.85572141
20
359968.88538064
30
0.0
40
0.31111111111
41
1.0
50
0.0
51
0.0
7
Standard
11
1397514.85572141
21
359968.88538064
31
0.0
210
0.0
220
0.0
230
1.0
71
0
72
0
100
AcDbText
73
0
0
POINT
5
5B3
330
1C
100
AcDbEntity
67
0
8
15 - историческая планировочная структура
62
256
6
ByLayer
370
-1
48
1.0
60
0
100
AcDbPoint
10
1397589.45614634
20
359987.425391393
30
0.0
39
0.0
210
0.0
220
0.0
230
1.0
50
360.0
0
TEXT
5
5B4
330
1C
100
AcDbEntity
67
0
8
15 - историческая планировочная структура
62
7
6
ByLayer
370
-1
48
1.0
60
0
100
AcDbText
1
713
10
1397589.58527525
20
359987.699835217
30
0.0
40
0.31111111111
41
1.0
50
0.0
51
0.0
7
Standard
11
1397589.58527525
21
359987.699835217
31
0.0
210
0.0
220
0.0
230
1.0
71
0
72
0
100
AcDbText
73
0
0
POINT
5
5B5
330
1C
100
AcDbEntity
67
0
8
15 - историческая планировочная структура
62
256
6
ByLayer
370
-1
48
1.0
60
0
100
AcDbPoint
10
1397654.50337327
20
360010.941398832
30
0.0
39
0.0
210
0.0
220
0.0
230
1.0
50
360.0
0
TEXT
5
5B6
330
1C
100
AcDbEntity
67
0
8
15 - историческая планировочная структура
62
7
6
ByLayer
370
-1
48
1.0
60
0
100
AcDbText
1
714
10
1397654.63250214
20
360011.215842771
30
0.0
40
0.31111111111
41
1.0
50
0.0
51
0.0
7
Standard
11
1397654.63250214
21
360011.215842771
31
0.0
210
0.0
220
0.0
230
1.0
71
0
72
0
100
AcDbText
73
0
0
POINT
5
5B7
330
1C
100
AcDbEntity
67
0
8
15 - историческая планировочная структура
62
256
6
ByLayer
370
-1
48
1.0
60
0
100
AcDbPoint
10
1397718.92630587
20
360027.785322697
30
0.0
39
0.0
210
0.0
220
0.0
230
1.0
50
360.0
0
TEXT
5
5B8
330
1C
100
AcDbEntity
67
0
8
15 - историческая планировочная структура
62
7
6
ByLayer
370
-1
48
1.0
60
0
100
AcDbText
1
715
10
1397719.0554347
20
360028.059766752
30
0.0
40
0.31111111111
41
1.0
50
0.0
51
0.0
7
Standard
11
1397719.0554347
21
360028.059766752
31
0.0
210
0.0
220
0.0
230
1.0
71
0
72
0
100
AcDbText
73
0
0
POINT
5
5B9
330
1C
100
AcDbEntity
67
0
8
15 - историческая планировочная структура
62
256
6
ByLayer
370
-1
48
1.0
60
0
100
AcDbPoint
10
1397786.63704755
20
360034.249992621
30
0.0
39
0.0
210
0.0
220
0.0
230
1.0
50
360.0
0
TEXT
5
5BA
330
1C
100
AcDbEntity
67
0
8
15 - историческая планировочная структура
62
7
6
ByLayer
370
-1
48
1.0
60
0
100
AcDbText
1
716
10
1397786.76617637
20
360034.524436801
30
0.0
40
0.31111111111
41
1.0
50
0.0
51
0.0
7
Standard
11
1397786.76617637
21
360034.524436801
31
0.0
210
0.0
220
0.0
230
1.0
71
0
72
0
100
AcDbText
73
0
0
POINT
5
5BB
330
1C
100
AcDbEntity
67
0
8
15 - историческая планировочная структура
62
256
6
ByLayer
370
-1
48
1.0
60
0
100
AcDbPoint
10
1396217.10389353
20
359568.341425495
30
0.0
39
0.0
210
0.0
220
0.0
230
1.0
50
360.0
0
TEXT
5
5BC
330
1C
100
AcDbEntity
67
0
8
15 - историческая планировочная структура
62
7
6
ByLayer
370
-1
48
1.0
60
0
100
AcDbText
1
717
10
1396217.23302325
20
359568.615866828
30
0.0
40
0.31111111111
41
1.0
50
0.0
51
0.0
7
Standard
11
1396217.23302325
21
359568.615866828
31
0.0
210
0.0
220
0.0
230
1.0
71
0
72
0
100
AcDbText
73
0
0
POINT
5
5BD
330
1C
100
AcDbEntity
67
0
8
15 - историческая планировочная структура
62
256
6
ByLayer
370
-1
48
1.0
60
0
100
AcDbPoint
10
1396218.0125016
20
359565.612176773
30
0.0
39
0.0
210
0.0
220
0.0
230
1.0
50
360.0
0
TEXT
5
5BE
330
1C
100
AcDbEntity
67
0
8
15 - историческая планировочная структура
62
7
6
ByLayer
370
-1
48
1.0
60
0
100
AcDbText
1
718
10
1396218.14163132
20
359565.886618103
30
0.0
40
0.31111111111
41
1.0
50
0.0
51
0.0
7
Standard
11
1396218.14163132
21
359565.886618103
31
0.0
210
0.0
220
0.0
230
1.0
71
0
72
0
100
AcDbText
73
0
0
POINT
5
5BF
330
1C
100
AcDbEntity
67
0
8
15 - историческая планировочная структура
62
256
6
ByLayer
370
-1
48
1.0
60
0
100
AcDbPoint
10
1396222.89377427
20
359555.373113699
30
0.0
39
0.0
210
0.0
220
0.0
230
1.0
50
360.0
0
TEXT
5
5C0
330
1C
100
AcDbEntity
67
0
8
15 - историческая планировочная структура
62
7
6
ByLayer
370
-1
48
1.0
60
0
100
AcDbText
1
719
10
1396223.02290401
20
359555.647555039
30
0.0
40
0.31111111111
41
1.0
50
0.0
51
0.0
7
Standard
11
1396223.02290401
21
359555.647555039
31
0.0
210
0.0
220
0.0
230
1.0
71
0
72
0
100
AcDbText
73
0
0
POINT
5
5C1
330
1C
100
AcDbEntity
67
0
8
15 - историческая планировочная структура
62
256
6
ByLayer
370
-1
48
1.0
60
0
100
AcDbPoint
10
1396226.78985158
20
359548.769070903
30
0.0
39
0.0
210
0.0
220
0.0
230
1.0
50
360.0
0
TEXT
5
5C2
330
1C
100
AcDbEntity
67
0
8
15 - историческая планировочная структура
62
7
6
ByLayer
370
-1
48
1.0
60
0
100
AcDbText
1
720
10
1396226.91898133
20
359549.043512251
30
0.0
40
0.31111111111
41
1.0
50
0.0
51
0.0
7
Standard
11
1396226.91898133
21
359549.043512251
31
0.0
210
0.0
220
0.0
230
1.0
71
0
72
0
100
AcDbText
73
0
0
POINT
5
5C3
330
1C
100
AcDbEntity
67
0
8
15 - историческая планировочная структура
62
256
6
ByLayer
370
-1
48
1.0
60
0
100
AcDbPoint
10
1396230.27373756
20
359544.535358353
30
0.0
39
0.0
210
0.0
220
0.0
230
1.0
50
360.0
0
TEXT
5
5C4
330
1C
100
AcDbEntity
67
0
8
15 - историческая планировочная структура
62
7
6
ByLayer
370
-1
48
1.0
60
0
100
AcDbText
1
721
10
1396230.40286732
20
359544.809799708
30
0.0
40
0.31111111111
41
1.0
50
0.0
51
0.0
7
Standard
11
1396230.40286732
21
359544.809799708
31
0.0
210
0.0
220
0.0
230
1.0
71
0
72
0
100
AcDbText
73
0
0
POINT
5
5C5
330
1C
100
AcDbEntity
67
0
8
15 - историческая планировочная структура
62
256
6
ByLayer
370
-1
48
1.0
60
0
100
AcDbPoint
10
1396233.67738497
20
359541.480905469
30
0.0
39
0.0
210
0.0
220
0.0
230
1.0
50
360.0
0
TEXT
5
5C6
330
1C
100
AcDbEntity
67
0
8
15 - историческая планировочная структура
62
7
6
ByLayer
370
-1
48
1.0
60
0
100
AcDbText
1
722
10
1396233.80651474
20
359541.755346831
30
0.0
40
0.31111111111
41
1.0
50
0.0
51
0.0
7
Standard
11
1396233.80651474
21
359541.755346831
31
0.0
210
0.0
220
0.0
230
1.0
71
0
72
0
100
AcDbText
73
0
0
POINT
5
5C7
330
1C
100
AcDbEntity
67
0
8
15 - историческая планировочная структура
62
256
6
ByLayer
370
-1
48
1.0
60
0
100
AcDbPoint
10
1396237.63276881
20
359538.931938017
30
0.0
39
0.0
210
0.0
220
0.0
230
1.0
50
360.0
0
TEXT
5
5C8
330
1C
100
AcDbEntity
67
0
8
15 - историческая планировочная структура
62
7
6
ByLayer
370
-1
48
1.0
60
0
100
AcDbText
1
723
10
1396237.76189858
20
359539.206379384
30
0.0
40
0.31111111111
41
1.0
50
0.0
51
0.0
7
Standard
11
1396237.76189858
21
359539.206379384
31
0.0
210
0.0
220
0.0
230
1.0
71
0
72
0
100
AcDbText
73
0
0
POINT
5
5C9
330
1C
100
AcDbEntity
67
0
8
15 - историческая планировочная структура
62
256
6
ByLayer
370
-1
48
1.0
60
0
100
AcDbPoint
10
1396243.0042837
20
359537.274513501
30
0.0
39
0.0
210
0.0
220
0.0
230
1.0
50
360.0
0
TEXT
5
5CA
330
1C
100
AcDbEntity
67
0
8
15 - историческая планировочная структура
62
7
6
ByLayer
370
-1
48
1.0
60
0
100
AcDbText
1
724
10
1396243.13341347
20
359537.548954879
30
0.0
40
0.31111111111
41
1.0
50
0.0
51
0.0
7
Standard
11
1396243.13341347
21
359537.548954879
31
0.0
210
0.0
220
0.0
230
1.0
71
0
72
0
100
AcDbText
73
0
0
POINT
5
5CB
330
1C
100
AcDbEntity
67
0
8
15 - историческая планировочная структура
62
256
6
ByLayer
370
-1
48
1.0
60
0
100
AcDbPoint
10
1396248.99921476
20
359535.502344213
30
0.0
39
0.0
210
0.0
220
0.0
230
1.0
50
360.0
0
TEXT
5
5CC
330
1C
100
AcDbEntity
67
0
8
15 - историческая планировочная структура
62
7
6
ByLayer
370
-1
48
1.0
60
0
100
AcDbText
1
725
10
1396249.12834454
20
359535.776785602
30
0.0
40
0.31111111111
41
1.0
50
0.0
51
0.0
7
Standard
11
1396249.12834454
21
359535.776785602
31
0.0
210
0.0
220
0.0
230
1.0
71
0
72
0
100
AcDbText
73
0
0
POINT
5
5CD
330
1C
100
AcDbEntity
67
0
8
15 - историческая планировочная структура
62
256
6
ByLayer
370
-1
48
1.0
60
0
100
AcDbPoint
10
1396258.28851833
20
359534.764494324
30
0.0
39
0.0
210
0.0
220
0.0
230
1.0
50
360.0
0
TEXT
5
5CE
330
1C
100
AcDbEntity
67
0
8
15 - историческая планировочная структура
62
7
6
ByLayer
370
-1
48
1.0
60
0
100
AcDbText
1
726
10
1396258.41764811
20
359535.03893573
30
0.0
40
0.31111111111
41
1.0
50
0.0
51
0.0
7
Standard
11
1396258.41764811
21
359535.03893573
31
0.0
210
0.0
220
0.0
230
1.0
71
0
72
0
100
AcDbText
73
0
0
POINT
5
5CF
330
1C
100
AcDbEntity
67
0
8
15 - историческая планировочная структура
62
256
6
ByLayer
370
-1
48
1.0
60
0
100
AcDbPoint
10
1396267.16263532
20
359535.770206004
30
0.0
39
0.0
210
0.0
220
0.0
230
1.0
50
360.0
0
TEXT
5
5D0
330
1C
100
AcDbEntity
67
0
8
15 - историческая планировочная структура
62
7
6
ByLayer
370
-1
48
1.0
60
0
100
AcDbText
1
727
10
1396267.29176509
20
359536.044647426
30
0.0
40
0.31111111111
41
1.0
50
0.0
51
0.0
7
Standard
11
1396267.29176509
21
359536.044647426
31
0.0
210
0.0
220
0.0
230
1.0
71
0
72
0
100
AcDbText
73
0
0
POINT
5
5D1
330
1C
100
AcDbEntity
67
0
8
15 - историческая планировочная структура
62
256
6
ByLayer
370
-1
48
1.0
60
0
100
AcDbPoint
10
1396287.49396617
20
359540.804137613
30
0.0
39
0.0
210
0.0
220
0.0
230
1.0
50
360.0
0
TEXT
5
5D2
330
1C
100
AcDbEntity
67
0
8
15 - историческая планировочная структура
62
7
6
ByLayer
370
-1
48
1.0
60
0
100
AcDbText
1
728
10
1396287.62309593
20
359541.078579069
30
0.0
40
0.31111111111
41
1.0
50
0.0
51
0.0
7
Standard
11
1396287.62309593
21
359541.078579069
31
0.0
210
0.0
220
0.0
230
1.0
71
0
72
0
100
AcDbText
73
0
0
POINT
5
5D3
330
1C
100
AcDbEntity
67
0
8
15 - историческая планировочная структура
62
256
6
ByLayer
370
-1
48
1.0
60
0
100
AcDbPoint
10
1396296.97723442
20
359542.626870505
30
0.0
39
0.0
210
0.0
220
0.0
230
1.0
50
360.0
0
TEXT
5
5D4
330
1C
100
AcDbEntity
67
0
8
15 - историческая планировочная структура
62
7
6
ByLayer
370
-1
48
1.0
60
0
100
AcDbText
1
729
10
1396297.10636418
20
359542.901311981
30
0.0
40
0.31111111111
41
1.0
50
0.0
51
0.0
7
Standard
11
1396297.10636418
21
359542.901311981
31
0.0
210
0.0
220
0.0
230
1.0
71
0
72
0
100
AcDbText
73
0
0
POINT
5
5D5
330
1C
100
AcDbEntity
67
0
8
15 - историческая планировочная структура
62
256
6
ByLayer
370
-1
48
1.0
60
0
100
AcDbPoint
10
1396302.20542121
20
359542.209862149
30
0.0
39
0.0
210
0.0
220
0.0
230
1.0
50
360.0
0
TEXT
5
5D6
330
1C
100
AcDbEntity
67
0
8
15 - историческая планировочная структура
62
7
6
ByLayer
370
-1
48
1.0
60
0
100
AcDbText
1
730
10
1396302.33455097
20
359542.484303636
30
0.0
40
0.31111111111
41
1.0
50
0.0
51
0.0
7
Standard
11
1396302.33455097
21
359542.484303636
31
0.0
210
0.0
220
0.0
230
1.0
71
0
72
0
100
AcDbText
73
0
0
POINT
5
5D7
330
1C
100
AcDbEntity
67
0
8
15 - историческая планировочная структура
62
256
6
ByLayer
370
-1
48
1.0
60
0
100
AcDbPoint
10
1396305.03641025
20
359540.016488046
30
0.0
39
0.0
210
0.0
220
0.0
230
1.0
50
360.0
0
TEXT
5
5D8
330
1C
100
AcDbEntity
67
0
8
15 - историческая планировочная структура
62
7
6
ByLayer
370
-1
48
1.0
60
0
100
AcDbText
1
731
10
1396305.16554002
20
359540.290929537
30
0.0
40
0.31111111111
41
1.0
50
0.0
51
0.0
7
Standard
11
1396305.16554002
21
359540.290929537
31
0.0
210
0.0
220
0.0
230
1.0
71
0
72
0
100
AcDbText
73
0
0
POINT
5
5D9
330
1C
100
AcDbEntity
67
0
8
15 - историческая планировочная структура
62
256
6
ByLayer
370
-1
48
1.0
60
0
100
AcDbPoint
10
1396306.39955993
20
359536.247343921
30
0.0
39
0.0
210
0.0
220
0.0
230
1.0
50
360.0
0
TEXT
5
5DA
330
1C
100
AcDbEntity
67
0
8
15 - историческая планировочная структура
62
7
6
ByLayer
370
-1
48
1.0
60
0
100
AcDbText
1
732
10
1396306.5286897
20
359536.521785414
30
0.0
40
0.31111111111
41
1.0
50
0.0
51
0.0
7
Standard
11
1396306.5286897
21
359536.521785414
31
0.0
210
0.0
220
0.0
230
1.0
71
0
72
0
100
AcDbText
73
0
0
POINT
5
5DB
330
1C
100
AcDbEntity
67
0
8
15 - историческая планировочная структура
62
256
6
ByLayer
370
-1
48
1.0
60
0
100
AcDbPoint
10
1396305.96990727
20
359531.829438712
30
0.0
39
0.0
210
0.0
220
0.0
230
1.0
50
360.0
0
TEXT
5
5DC
330
1C
100
AcDbEntity
67
0
8
15 - историческая планировочная структура
62
7
6
ByLayer
370
-1
48
1.0
60
0
100
AcDbText
1
733
10
1396306.09903705
20
359532.103880209
30
0.0
40
0.31111111111
41
1.0
50
0.0
51
0.0
7
Standard
11
1396306.09903705
21
359532.103880209
31
0.0
210
0.0
220
0.0
230
1.0
71
0
72
0
100
AcDbText
73
0
0
POINT
5
5DD
330
1C
100
AcDbEntity
67
0
8
15 - историческая планировочная структура
62
256
6
ByLayer
370
-1
48
1.0
60
0
100
AcDbPoint
10
1396301.91078389
20
359528.971384848
30
0.0
39
0.0
210
0.0
220
0.0
230
1.0
50
360.0
0
TEXT
5
5DE
330
1C
100
AcDbEntity
67
0
8
15 - историческая планировочная структура
62
7
6
ByLayer
370
-1
48
1.0
60
0
100
AcDbText
1
734
10
1396302.03991367
20
359529.245826333
30
0.0
40
0.31111111111
41
1.0
50
0.0
51
0.0
7
Standard
11
1396302.03991367
21
359529.245826333
31
0.0
210
0.0
220
0.0
230
1.0
71
0
72
0
100
AcDbText
73
0
0
POINT
5
5DF
330
1C
100
AcDbEntity
67
0
8
15 - историческая планировочная структура
62
256
6
ByLayer
370
-1
48
1.0
60
0
100
AcDbPoint
10
1396297.03044394
20
359526.970590033
30
0.0
39
0.0
210
0.0
220
0.0
230
1.0
50
360.0
0
TEXT
5
5E0
330
1C
100
AcDbEntity
67
0
8
15 - историческая планировочная структура
62
7
6
ByLayer
370
-1
48
1.0
60
0
100
AcDbText
1
735
10
1396297.15957373
20
359527.245031513
30
0.0
40
0.31111111111
41
1.0
50
0.0
51
0.0
7
Standard
11
1396297.15957373
21
359527.245031513
31
0.0
210
0.0
220
0.0
230
1.0
71
0
72
0
100
AcDbText
73
0
0
POINT
5
5E1
330
1C
100
AcDbEntity
67
0
8
15 - историческая планировочная структура
62
256
6
ByLayer
370
-1
48
1.0
60
0
100
AcDbPoint
10
1396281.36105978
20
359521.201204149
30
0.0
39
0.0
210
0.0
220
0.0
230
1.0
50
360.0
0
TEXT
5
5E2
330
1C
100
AcDbEntity
67
0
8
15 - историческая планировочная структура
62
7
6
ByLayer
370
-1
48
1.0
60
0
100
AcDbText
1
736
10
1396281.49018958
20
359521.475645598
30
0.0
40
0.31111111111
41
1.0
50
0.0
51
0.0
7
Standard
11
1396281.49018958
21
359521.475645598
31
0.0
210
0.0
220
0.0
230
1.0
71
0
72
0
100
AcDbText
73
0
0
POINT
5
5E3
330
1C
100
AcDbEntity
67
0
8
15 - историческая планировочная структура
62
256
6
ByLayer
370
-1
48
1.0
60
0
100
AcDbPoint
10
1396268.38514324
20
359516.389912128
30
0.0
39
0.0
210
0.0
220
0.0
230
1.0
50
360.0
0
TEXT
5
5E4
330
1C
100
AcDbEntity
67
0
8
15 - историческая планировочная структура
62
7
6
ByLayer
370
-1
48
1.0
60
0
100
AcDbText
1
737
10
1396268.51427305
20
359516.664353554
30
0.0
40
0.31111111111
41
1.0
50
0.0
51
0.0
7
Standard
11
1396268.51427305
21
359516.664353554
31
0.0
210
0.0
220
0.0
230
1.0
71
0
72
0
100
AcDbText
73
0
0
POINT
5
5E5
330
1C
100
AcDbEntity
67
0
8
15 - историческая планировочная структура
62
256
6
ByLayer
370
-1
48
1.0
60
0
100
AcDbPoint
10
1396255.07885715
20
359512.368841544
30
0.0
39
0.0
210
0.0
220
0.0
230
1.0
50
360.0
0
TEXT
5
5E6
330
1C
100
AcDbEntity
67
0
8
15 - историческая планировочная структура
62
7
6
ByLayer
370
-1
48
1.0
60
0
100
AcDbText
1
738
10
1396255.20798697
20
359512.643282944
30
0.0
40
0.31111111111
41
1.0
50
0.0
51
0.0
7
Standard
11
1396255.20798697
21
359512.643282944
31
0.0
210
0.0
220
0.0
230
1.0
71
0
72
0
100
AcDbText
73
0
0
POINT
5
5E7
330
1C
100
AcDbEntity
67
0
8
15 - историческая планировочная структура
62
256
6
ByLayer
370
-1
48
1.0
60
0
100
AcDbPoint
10
1396243.03321582
20
359509.162351028
30
0.0
39
0.0
210
0.0
220
0.0
230
1.0
50
360.0
0
TEXT
5
5E8
330
1C
100
AcDbEntity
67
0
8
15 - историческая планировочная структура
62
7
6
ByLayer
370
-1
48
1.0
60
0
100
AcDbText
1
739
10
1396243.16234564
20
359509.436792406
30
0.0
40
0.31111111111
41
1.0
50
0.0
51
0.0
7
Standard
11
1396243.16234564
21
359509.436792406
31
0.0
210
0.0
220
0.0
230
1.0
71
0
72
0
100
AcDbText
73
0
0
POINT
5
5E9
330
1C
100
AcDbEntity
67
0
8
15 - историческая планировочная структура
62
256
6
ByLayer
370
-1
48
1.0
60
0
100
AcDbPoint
10
1396236.05942677
20
359507.305961136
30
0.0
39
0.0
210
0.0
220
0.0
230
1.0
50
360.0
0
TEXT
5
5EA
330
1C
100
AcDbEntity
67
0
8
15 - историческая планировочная структура
62
7
6
ByLayer
370
-1
48
1.0
60
0
100
AcDbText
1
740
10
1396236.18855659
20
359507.580402498
30
0.0
40
0.31111111111
41
1.0
50
0.0
51
0.0
7
Standard
11
1396236.18855659
21
359507.580402498
31
0.0
210
0.0
220
0.0
230
1.0
71
0
72
0
100
AcDbText
73
0
0
POINT
5
5EB
330
1C
100
AcDbEntity
67
0
8
15 - историческая планировочная структура
62
256
6
ByLayer
370
-1
48
1.0
60
0
100
AcDbPoint
10
1396228.32663485
20
359503.052113601
30
0.0
39
0.0
210
0.0
220
0.0
230
1.0
50
360.0
0
TEXT
5
5EC
330
1C
100
AcDbEntity
67
0
8
15 - историческая планировочная структура
62
7
6
ByLayer
370
-1
48
1.0
60
0
100
AcDbText
1
741
10
1396228.45576468
20
359503.32655495
30
0.0
40
0.31111111111
41
1.0
50
0.0
51
0.0
7
Standard
11
1396228.45576468
21
359503.32655495
31
0.0
210
0.0
220
0.0
230
1.0
71
0
72
0
100
AcDbText
73
0
0
POINT
5
5ED
330
1C
100
AcDbEntity
67
0
8
15 - историческая планировочная структура
62
256
6
ByLayer
370
-1
48
1.0
60
0
100
AcDbPoint
10
1396223.46013893
20
359498.683087867
30
0.0
39
0.0
210
0.0
220
0.0
230
1.0
50
360.0
0
TEXT
5
5EE
330
1C
100
AcDbEntity
67
0
8
15 - историческая планировочная структура
62
7
6
ByLayer
370
-1
48
1.0
60
0
100
AcDbText
1
742
10
1396223.58926877
20
359498.957529211
30
0.0
40
0.31111111111
41
1.0
50
0.0
51
0.0
7
Standard
11
1396223.58926877
21
359498.957529211
31
0.0
210
0.0
220
0.0
230
1.0
71
0
72
0
100
AcDbText
73
0
0
POINT
5
5EF
330
1C
100
AcDbEntity
67
0
8
15 - историческая планировочная структура
62
256
6
ByLayer
370
-1
48
1.0
60
0
100
AcDbPoint
10
1396221.44213596
20
359494.599544728
30
0.0
39
0.0
210
0.0
220
0.0
230
1.0
50
360.0
0
TEXT
5
5F0
330
1C
100
AcDbEntity
67
0
8
15 - историческая планировочная структура
62
7
6
ByLayer
370
-1
48
1.0
60
0
100
AcDbText
1
743
10
1396221.57126581
20
359494.873986068
30
0.0
40
0.31111111111
41
1.0
50
0.0
51
0.0
7
Standard
11
1396221.57126581
21
359494.873986068
31
0.0
210
0.0
220
0.0
230
1.0
71
0
72
0
100
AcDbText
73
0
0
POINT
5
5F1
330
1C
100
AcDbEntity
67
0
8
15 - историческая планировочная структура
62
256
6
ByLayer
370
-1
48
1.0
60
0
100
AcDbPoint
10
1396220.0673046
20
359490.77909254
30
0.0
39
0.0
210
0.0
220
0.0
230
1.0
50
360.0
0
TEXT
5
5F2
330
1C
100
AcDbEntity
67
0
8
15 - историческая планировочная структура
62
7
6
ByLayer
370
-1
48
1.0
60
0
100
AcDbText
1
744
10
1396220.19643446
20
359491.053533879
30
0.0
40
0.31111111111
41
1.0
50
0.0
51
0.0
7
Standard
11
1396220.19643446
21
359491.053533879
31
0.0
210
0.0
220
0.0
230
1.0
71
0
72
0
100
AcDbText
73
0
0
POINT
5
5F3
330
1C
100
AcDbEntity
67
0
8
15 - историческая планировочная структура
62
256
6
ByLayer
370
-1
48
1.0
60
0
100
AcDbPoint
10
1396219.95867016
20
359487.505812409
30
0.0
39
0.0
210
0.0
220
0.0
230
1.0
50
360.0
0
TEXT
5
5F4
330
1C
100
AcDbEntity
67
0
8
15 - историческая планировочная структура
62
7
6
ByLayer
370
-1
48
1.0
60
0
100
AcDbText
1
745
10
1396220.08780002
20
359487.780253745
30
0.0
40
0.31111111111
41
1.0
50
0.0
51
0.0
7
Standard
11
1396220.08780002
21
359487.780253745
31
0.0
210
0.0
220
0.0
230
1.0
71
0
72
0
100
AcDbText
73
0
0
POINT
5
5F5
330
1C
100
AcDbEntity
67
0
8
15 - историческая планировочная структура
62
256
6
ByLayer
370
-1
48
1.0
60
0
100
AcDbPoint
10
1396220.35091943
20
359485.356971916
30
0.0
39
0.0
210
0.0
220
0.0
230
1.0
50
360.0
0
TEXT
5
5F6
330
1C
100
AcDbEntity
67
0
8
15 - историческая планировочная структура
62
7
6
ByLayer
370
-1
48
1.0
60
0
100
AcDbText
1
746
10
1396220.48004929
20
359485.631413256
30
0.0
40
0.31111111111
41
1.0
50
0.0
51
0.0
7
Standard
11
1396220.48004929
21
359485.631413256
31
0.0
210
0.0
220
0.0
230
1.0
71
0
72
0
100
AcDbText
73
0
0
POINT
5
5F7
330
1C
100
AcDbEntity
67
0
8
15 - историческая планировочная структура
62
256
6
ByLayer
370
-1
48
1.0
60
0
100
AcDbPoint
10
1396221.44433226
20
359481.742402799
30
0.0
39
0.0
210
0.0
220
0.0
230
1.0
50
360.0
0
TEXT
5
5F8
330
1C
100
AcDbEntity
67
0
8
15 - историческая планировочная структура
62
7
6
ByLayer
370
-1
48
1.0
60
0
100
AcDbText
1
747
10
1396221.57346214
20
359482.016844141
30
0.0
40
0.31111111111
41
1.0
50
0.0
51
0.0
7
Standard
11
1396221.57346214
21
359482.016844141
31
0.0
210
0.0
220
0.0
230
1.0
71
0
72
0
100
AcDbText
73
0
0
POINT
5
5F9
330
1C
100
AcDbEntity
67
0
8
15 - историческая планировочная структура
62
256
6
ByLayer
370
-1
48
1.0
60
0
100
AcDbPoint
10
1395724.31283515
20
359365.644246229
30
0.0
39
0.0
210
0.0
220
0.0
230
1.0
50
360.0
0
TEXT
5
5FA
330
1C
100
AcDbEntity
67
0
8
15 - историческая планировочная структура
62
7
6
ByLayer
370
-1
48
1.0
60
0
100
AcDbText
1
748
10
1395724.44196525
20
359365.918686665
30
0.0
40
0.31111111111
41
1.0
50
0.0
51
0.0
7
Standard
11
1395724.44196525
21
359365.918686665
31
0.0
210
0.0
220
0.0
230
1.0
71
0
72
0
100
AcDbText
73
0
0
POINT
5
5FB
330
1C
100
AcDbEntity
67
0
8
15 - историческая планировочная структура
62
256
6
ByLayer
370
-1
48
1.0
60
0
100
AcDbPoint
10
1395737.86639513
20
359366.419299739
30
0.0
39
0.0
210
0.0
220
0.0
230
1.0
50
360.0
0
TEXT
5
5FC
330
1C
100
AcDbEntity
67
0
8
15 - историческая планировочная структура
62
7
6
ByLayer
370
-1
48
1.0
60
0
100
AcDbText
1
749
10
1395737.99552523
20
359366.693740202
30
0.0
40
0.31111111111
41
1.0
50
0.0
51
0.0
7
Standard
11
1395737.99552523
21
359366.693740202
31
0.0
210
0.0
220
0.0
230
1.0
71
0
72
0
100
AcDbText
73
0
0
POINT
5
5FD
330
1C
100
AcDbEntity
67
0
8
15 - историческая планировочная структура
62
256
6
ByLayer
370
-1
48
1.0
60
0
100
AcDbPoint
10
1395773.24807159
20
359371.501410876
30
0.0
39
0.0
210
0.0
220
0.0
230
1.0
50
360.0
0
TEXT
5
5FE
330
1C
100
AcDbEntity
67
0
8
15 - историческая планировочная структура
62
7
6
ByLayer
370
-1
48
1.0
60
0
100
AcDbText
1
750
10
1395773.37720167
20
359371.775851401
30
0.0
40
0.31111111111
41
1.0
50
0.0
51
0.0
7
Standard
11
1395773.37720167
21
359371.775851401
31
0.0
210
0.0
220
0.0
230
1.0
71
0
72
0
100
AcDbText
73
0
0
POINT
5
5FF
330
1C
100
AcDbEntity
67
0
8
15 - историческая планировочная структура
62
256
6
ByLayer
370
-1
48
1.0
60
0
100
AcDbPoint
10
1395871.57342208
20
359391.717183798
30
0.0
39
0.0
210
0.0
220
0.0
230
1.0
50
360.0
0
TEXT
5
600
330
1C
100
AcDbEntity
67
0
8
15 - историческая планировочная структура
62
7
6
ByLayer
370
-1
48
1.0
60
0
100
AcDbText
1
751
10
1395871.70255213
20
359391.991624504
30
0.0
40
0.31111111111
41
1.0
50
0.0
51
0.0
7
Standard
11
1395871.70255213
21
359391.991624504
31
0.0
210
0.0
220
0.0
230
1.0
71
0
72
0
100
AcDbText
73
0
0
POINT
5
601
330
1C
100
AcDbEntity
67
0
8
15 - историческая планировочная структура
62
256
6
ByLayer
370
-1
48
1.0
60
0
100
AcDbPoint
10
1395958.74108569
20
359411.557667287
30
0.0
39
0.0
210
0.0
220
0.0
230
1.0
50
360.0
0
TEXT
5
602
330
1C
100
AcDbEntity
67
0
8
15 - историческая планировочная структура
62
7
6
ByLayer
370
-1
48
1.0
60
0
100
AcDbText
1
752
10
1395958.8702157
20
359411.83210815
30
0.0
40
0.31111111111
41
1.0
50
0.0
51
0.0
7
Standard
11
1395958.8702157
21
359411.83210815
31
0.0
210
0.0
220
0.0
230
1.0
71
0
72
0
100
AcDbText
73
0
0
POINT
5
603
330
1C
100
AcDbEntity
67
0
8
15 - историческая планировочная структура
62
256
6
ByLayer
370
-1
48
1.0
60
0
100
AcDbPoint
10
1396057.06479948
20
359433.988970587
30
0.0
39
0.0
210
0.0
220
0.0
230
1.0
50
360.0
0
TEXT
5
604
330
1C
100
AcDbEntity
67
0
8
15 - историческая планировочная структура
62
7
6
ByLayer
370
-1
48
1.0
60
0
100
AcDbText
1
753
10
1396057.19392944
20
359434.26341163
30
0.0
40
0.31111111111
41
1.0
50
0.0
51
0.0
7
Standard
11
1396057.19392944
21
359434.26341163
31
0.0
210
0.0
220
0.0
230
1.0
71
0
72
0
100
AcDbText
73
0
0
POINT
5
605
330
1C
100
AcDbEntity
67
0
8
15 - историческая планировочная структура
62
256
6
ByLayer
370
-1
48
1.0
60
0
100
AcDbPoint
10
1396162.9366242
20
359460.070122118
30
0.0
39
0.0
210
0.0
220
0.0
230
1.0
50
360.0
0
TEXT
5
606
330
1C
100
AcDbEntity
67
0
8
15 - историческая планировочная структура
62
7
6
ByLayer
370
-1
48
1.0
60
0
100
AcDbText
1
754
10
1396163.06575412
20
359460.34456335
30
0.0
40
0.31111111111
41
1.0
50
0.0
51
0.0
7
Standard
11
1396163.06575412
21
359460.34456335
31
0.0
210
0.0
220
0.0
230
1.0
71
0
72
0
100
AcDbText
73
0
0
POINT
5
607
330
1C
100
AcDbEntity
67
0
8
15 - историческая планировочная структура
62
256
6
ByLayer
370
-1
48
1.0
60
0
100
AcDbPoint
10
1396228.11932735
20
359479.026274659
30
0.0
39
0.0
210
0.0
220
0.0
230
1.0
50
360.0
0
TEXT
5
608
330
1C
100
AcDbEntity
67
0
8
15 - историческая планировочная структура
62
7
6
ByLayer
370
-1
48
1.0
60
0
100
AcDbText
1
755
10
1396228.24845723
20
359479.300716013
30
0.0
40
0.31111111111
41
1.0
50
0.0
51
0.0
7
Standard
11
1396228.24845723
21
359479.300716013
31
0.0
210
0.0
220
0.0
230
1.0
71
0
72
0
100
AcDbText
73
0
0
POINT
5
609
330
1C
100
AcDbEntity
67
0
8
15 - историческая планировочная структура
62
256
6
ByLayer
370
-1
48
1.0
60
0
100
AcDbPoint
10
1396281.85151921
20
359492.417156111
30
0.0
39
0.0
210
0.0
220
0.0
230
1.0
50
360.0
0
TEXT
5
60A
330
1C
100
AcDbEntity
67
0
8
15 - историческая планировочная структура
62
7
6
ByLayer
370
-1
48
1.0
60
0
100
AcDbText
1
756
10
1396281.98064906
20
359492.691597561
30
0.0
40
0.31111111111
41
1.0
50
0.0
51
0.0
7
Standard
11
1396281.98064906
21
359492.691597561
31
0.0
210
0.0
220
0.0
230
1.0
71
0
72
0
100
AcDbText
73
0
0
POINT
5
60B
330
1C
100
AcDbEntity
67
0
8
15 - историческая планировочная структура
62
256
6
ByLayer
370
-1
48
1.0
60
0
100
AcDbPoint
10
1396312.19376023
20
359496.764688955
30
0.0
39
0.0
210
0.0
220
0.0
230
1.0
50
360.0
0
TEXT
5
60C
330
1C
100
AcDbEntity
67
0
8
15 - историческая планировочная структура
62
7
6
ByLayer
370
-1
48
1.0
60
0
100
AcDbText
1
757
10
1396312.32289007
20
359497.039130461
30
0.0
40
0.31111111111
41
1.0
50
0.0
51
0.0
7
Standard
11
1396312.32289007
21
359497.039130461
31
0.0
210
0.0
220
0.0
230
1.0
71
0
72
0
100
AcDbText
73
0
0
POINT
5
60D
330
1C
100
AcDbEntity
67
0
8
15 - историческая планировочная структура
62
256
6
ByLayer
370
-1
48
1.0
60
0
100
AcDbPoint
10
1396335.37523218
20
359498.072570461
30
0.0
39
0.0
210
0.0
220
0.0
230
1.0
50
360.0
0
TEXT
5
60E
330
1C
100
AcDbEntity
67
0
8
15 - историческая планировочная структура
62
7
6
ByLayer
370
-1
48
1.0
60
0
100
AcDbText
1
758
10
1396335.50436202
20
359498.347012008
30
0.0
40
0.31111111111
41
1.0
50
0.0
51
0.0
7
Standard
11
1396335.50436202
21
359498.347012008
31
0.0
210
0.0
220
0.0
230
1.0
71
0
72
0
100
AcDbText
73
0
0
POINT
5
60F
330
1C
100
AcDbEntity
67
0
8
15 - историческая планировочная структура
62
256
6
ByLayer
370
-1
48
1.0
60
0
100
AcDbPoint
10
1396375.52900364
20
359492.519943216
30
0.0
39
0.0
210
0.0
220
0.0
230
1.0
50
360.0
0
TEXT
5
610
330
1C
100
AcDbEntity
67
0
8
15 - историческая планировочная структура
62
7
6
ByLayer
370
-1
48
1.0
60
0
100
AcDbText
1
759
10
1396375.65813349
20
359492.794384839
30
0.0
40
0.31111111111
41
1.0
50
0.0
51
0.0
7
Standard
11
1396375.65813349
21
359492.794384839
31
0.0
210
0.0
220
0.0
230
1.0
71
0
72
0
100
AcDbText
73
0
0
POINT
5
611
330
1C
100
AcDbEntity
67
0
8
15 - историческая планировочная структура
62
256
6
ByLayer
370
-1
48
1.0
60
0
100
AcDbPoint
10
1396395.98716608
20
359489.021250336
30
0.0
39
0.0
210
0.0
220
0.0
230
1.0
50
360.0
0
TEXT
5
612
330
1C
100
AcDbEntity
67
0
8
15 - историческая планировочная структура
62
7
6
ByLayer
370
-1
48
1.0
60
0
100
AcDbText
1
760
10
1396396.11629594
20
359489.295691994
30
0.0
40
0.31111111111
41
1.0
50
0.0
51
0.0
7
Standard
11
1396396.11629594
21
359489.295691994
31
0.0
210
0.0
220
0.0
230
1.0
71
0
72
0
100
AcDbText
73
0
0
POINT
5
613
330
1C
100
AcDbEntity
67
0
8
15 - историческая планировочная структура
62
256
6
ByLayer
370
-1
48
1.0
60
0
100
AcDbPoint
10
1395273.59559734
20
360654.830000523
30
0.0
39
0.0
210
0.0
220
0.0
230
1.0
50
360.0
0
TEXT
5
614
330
1C
100
AcDbEntity
67
0
8
15 - историческая планировочная структура
62
7
6
ByLayer
370
-1
48
1.0
60
0
100
AcDbText
1
761
10
1395273.7247251
20
360655.104440104
30
0.0
40
0.31111111111
41
1.0
50
0.0
51
0.0
7
Standard
11
1395273.7247251
21
360655.104440104
31
0.0
210
0.0
220
0.0
230
1.0
71
0
72
0
100
AcDbText
73
0
0
POINT
5
615
330
1C
100
AcDbEntity
67
0
8
15 - историческая планировочная структура
62
256
6
ByLayer
370
-1
48
1.0
60
0
100
AcDbPoint
10
1395249.73761844
20
360659.880268015
30
0.0
39
0.0
210
0.0
220
0.0
230
1.0
50
360.0
0
TEXT
5
616
330
1C
100
AcDbEntity
67
0
8
15 - историческая планировочная структура
62
7
6
ByLayer
370
-1
48
1.0
60
0
100
AcDbText
1
762
10
1395249.86674619
20
360660.154707553
30
0.0
40
0.31111111111
41
1.0
50
0.0
51
0.0
7
Standard
11
1395249.86674619
21
360660.154707553
31
0.0
210
0.0
220
0.0
230
1.0
71
0
72
0
100
AcDbText
73
0
0
POINT
5
617
330
1C
100
AcDbEntity
67
0
8
15 - историческая планировочная структура
62
256
6
ByLayer
370
-1
48
1.0
60
0
100
AcDbPoint
10
1395190.88547613
20
360664.412995398
30
0.0
39
0.0
210
0.0
220
0.0
230
1.0
50
360.0
0
TEXT
5
618
330
1C
100
AcDbEntity
67
0
8
15 - историческая планировочная структура
62
7
6
ByLayer
370
-1
48
1.0
60
0
100
AcDbText
1
763
10
1395191.01460387
20
360664.687434832
30
0.0
40
0.31111111111
41
1.0
50
0.0
51
0.0
7
Standard
11
1395191.01460387
21
360664.687434832
31
0.0
210
0.0
220
0.0
230
1.0
71
0
72
0
100
AcDbText
73
0
0
POINT
5
619
330
1C
100
AcDbEntity
67
0
8
15 - историческая планировочная структура
62
256
6
ByLayer
370
-1
48
1.0
60
0
100
AcDbPoint
10
1395170.20410721
20
360662.311598049
30
0.0
39
0.0
210
0.0
220
0.0
230
1.0
50
360.0
0
TEXT
5
61A
330
1C
100
AcDbEntity
67
0
8
15 - историческая планировочная структура
62
7
6
ByLayer
370
-1
48
1.0
60
0
100
AcDbText
1
764
10
1395170.33323496
20
360662.586037442
30
0.0
40
0.31111111111
41
1.0
50
0.0
51
0.0
7
Standard
11
1395170.33323496
21
360662.586037442
31
0.0
210
0.0
220
0.0
230
1.0
71
0
72
0
100
AcDbText
73
0
0
POINT
5
61B
330
1C
100
AcDbEntity
67
0
8
15 - историческая планировочная структура
62
256
6
ByLayer
370
-1
48
1.0
60
0
100
AcDbPoint
10
1395049.47831781
20
360630.719591318
30
0.0
39
0.0
210
0.0
220
0.0
230
1.0
50
360.0
0
TEXT
5
61C
330
1C
100
AcDbEntity
67
0
8
15 - историческая планировочная структура
62
7
6
ByLayer
370
-1
48
1.0
60
0
100
AcDbText
1
765
10
1395049.60744562
20
360630.994030492
30
0.0
40
0.31111111111
41
1.0
50
0.0
51
0.0
7
Standard
11
1395049.60744562
21
360630.994030492
31
0.0
210
0.0
220
0.0
230
1.0
71
0
72
0
100
AcDbText
73
0
0
POINT
5
61D
330
1C
100
AcDbEntity
67
0
8
15 - историческая планировочная структура
62
256
6
ByLayer
370
-1
48
1.0
60
0
100
AcDbPoint
10
1395043.27142611
20
360628.258045921
30
0.0
39
0.0
210
0.0
220
0.0
230
1.0
50
360.0
0
TEXT
5
61E
330
1C
100
AcDbEntity
67
0
8
15 - историческая планировочная структура
62
7
6
ByLayer
370
-1
48
1.0
60
0
100
AcDbText
1
766
10
1395043.40055393
20
360628.532485084
30
0.0
40
0.31111111111
41
1.0
50
0.0
51
0.0
7
Standard
11
1395043.40055393
21
360628.532485084
31
0.0
210
0.0
220
0.0
230
1.0
71
0
72
0
100
AcDbText
73
0
0
POINT
5
61F
330
1C
100
AcDbEntity
67
0
8
15 - историческая планировочная структура
62
256
6
ByLayer
370
-1
48
1.0
60
0
100
AcDbPoint
10
1395037.2486796
20
360625.108002938
30
0.0
39
0.0
210
0.0
220
0.0
230
1.0
50
360.0
0
TEXT
5
620
330
1C
100
AcDbEntity
67
0
8
15 - историческая планировочная структура
62
7
6
ByLayer
370
-1
48
1.0
60
0
100
AcDbText
1
767
10
1395037.37780741
20
360625.382442089
30
0.0
40
0.31111111111
41
1.0
50
0.0
51
0.0
7
Standard
11
1395037.37780741
21
360625.382442089
31
0.0
210
0.0
220
0.0
230
1.0
71
0
72
0
100
AcDbText
73
0
0
POINT
5
621
330
1C
100
AcDbEntity
67
0
8
15 - историческая планировочная структура
62
256
6
ByLayer
370
-1
48
1.0
60
0
100
AcDbPoint
10
1395026.14781709
20
360617.022417048
30
0.0
39
0.0
210
0.0
220
0.0
230
1.0
50
360.0
0
TEXT
5
622
330
1C
100
AcDbEntity
67
0
8
15 - историческая планировочная структура
62
7
6
ByLayer
370
-1
48
1.0
60
0
100
AcDbText
1
768
10
1395026.27694492
20
360617.296856179
30
0.0
40
0.31111111111
41
1.0
50
0.0
51
0.0
7
Standard
11
1395026.27694492
21
360617.296856179
31
0.0
210
0.0
220
0.0
230
1.0
71
0
72
0
100
AcDbText
73
0
0
POINT
5
623
330
1C
100
AcDbEntity
67
0
8
15 - историческая планировочная структура
62
256
6
ByLayer
370
-1
48
1.0
60
0
100
AcDbPoint
10
1395013.79768398
20
360606.966908625
30
0.0
39
0.0
210
0.0
220
0.0
230
1.0
50
360.0
0
TEXT
5
624
330
1C
100
AcDbEntity
67
0
8
15 - историческая планировочная структура
62
7
6
ByLayer
370
-1
48
1.0
60
0
100
AcDbText
1
769
10
1395013.92681183
20
360607.241347731
30
0.0
40
0.31111111111
41
1.0
50
0.0
51
0.0
7
Standard
11
1395013.92681183
21
360607.241347731
31
0.0
210
0.0
220
0.0
230
1.0
71
0
72
0
100
AcDbText
73
0
0
POINT
5
625
330
1C
100
AcDbEntity
67
0
8
15 - историческая планировочная структура
62
256
6
ByLayer
370
-1
48
1.0
60
0
100
AcDbPoint
10
1395012.72268797
20
360605.927559744
30
0.0
39
0.0
210
0.0
220
0.0
230
1.0
50
360.0
0
TEXT
5
626
330
1C
100
AcDbEntity
67
0
8
15 - историческая планировочная структура
62
7
6
ByLayer
370
-1
48
1.0
60
0
100
AcDbText
1
770
10
1395012.85181583
20
360606.201998852
30
0.0
40
0.31111111111
41
1.0
50
0.0
51
0.0
7
Standard
11
1395012.85181583
21
360606.201998852
31
0.0
210
0.0
220
0.0
230
1.0
71
0
72
0
100
AcDbText
73
0
0
POINT
5
627
330
1C
100
AcDbEntity
67
0
8
15 - историческая планировочная структура
62
256
6
ByLayer
370
-1
48
1.0
60
0
100
AcDbPoint
10
1394536.4526252
20
359837.827082532
30
0.0
39
0.0
210
0.0
220
0.0
230
1.0
50
360.0
0
TEXT
5
628
330
1C
100
AcDbEntity
67
0
8
15 - историческая планировочная структура
62
7
6
ByLayer
370
-1
48
1.0
60
0
100
AcDbText
1
771
10
1394536.58175447
20
359838.101520791
30
0.0
40
0.31111111111
41
1.0
50
0.0
51
0.0
7
Standard
11
1394536.58175447
21
359838.101520791
31
0.0
210
0.0
220
0.0
230
1.0
71
0
72
0
100
AcDbText
73
0
0
POINT
5
629
330
1C
100
AcDbEntity
67
0
8
15 - историческая планировочная структура
62
256
6
ByLayer
370
-1
48
1.0
60
0
100
AcDbPoint
10
1394547.08315515
20
359311.990846746
30
0.0
39
0.0
210
0.0
220
0.0
230
1.0
50
360.0
0
TEXT
5
62A
330
1C
100
AcDbEntity
67
0
8
15 - историческая планировочная структура
62
7
6
ByLayer
370
-1
48
1.0
60
0
100
AcDbText
1
772
10
1394547.21228537
20
359312.265285039
30
0.0
40
0.31111111111
41
1.0
50
0.0
51
0.0
7
Standard
11
1394547.21228537
21
359312.265285039
31
0.0
210
0.0
220
0.0
230
1.0
71
0
72
0
100
AcDbText
73
0
0
POINT
5
62B
330
1C
100
AcDbEntity
67
0
8
15 - историческая планировочная структура
62
256
6
ByLayer
370
-1
48
1.0
60
0
100
AcDbPoint
10
1394380.05804877
20
360236.434652035
30
0.0
39
0.0
210
0.0
220
0.0
230
1.0
50
360.0
0
TEXT
5
62C
330
1C
100
AcDbEntity
67
0
8
15 - историческая планировочная структура
62
7
6
ByLayer
370
-1
48
1.0
60
0
100
AcDbText
1
773
10
1394380.18717732
20
360236.709089997
30
0.0
40
0.31111111111
41
1.0
50
0.0
51
0.0
7
Standard
11
1394380.18717732
21
360236.709089997
31
0.0
210
0.0
220
0.0
230
1.0
71
0
72
0
100
AcDbText
73
0
0
POINT
5
62D
330
1C
100
AcDbEntity
67
0
8
15 - историческая планировочная структура
62
256
6
ByLayer
370
-1
48
1.0
60
0
100
AcDbPoint
10
1394361.52082959
20
360160.069398358
30
0.0
39
0.0
210
0.0
220
0.0
230
1.0
50
360.0
0
TEXT
5
62E
330
1C
100
AcDbEntity
67
0
8
15 - историческая планировочная структура
62
7
6
ByLayer
370
-1
48
1.0
60
0
100
AcDbText
1
774
10
1394361.64995828
20
360160.343836292
30
0.0
40
0.31111111111
41
1.0
50
0.0
51
0.0
7
Standard
11
1394361.64995828
21
360160.343836292
31
0.0
210
0.0
220
0.0
230
1.0
71
0
72
0
100
AcDbText
73
0
0
POINT
5
62F
330
1C
100
AcDbEntity
67
0
8
15 - историческая планировочная структура
62
256
6
ByLayer
370
-1
48
1.0
60
0
100
AcDbPoint
10
1394352.69572195
20
360119.231789612
30
0.0
39
0.0
210
0.0
220
0.0
230
1.0
50
360.0
0
TEXT
5
630
330
1C
100
AcDbEntity
67
0
8
15 - историческая планировочная структура
62
7
6
ByLayer
370
-1
48
1.0
60
0
100
AcDbText
1
775
10
1394352.82485071
20
360119.506227528
30
0.0
40
0.31111111111
41
1.0
50
0.0
51
0.0
7
Standard
11
1394352.82485071
21
360119.506227528
31
0.0
210
0.0
220
0.0
230
1.0
71
0
72
0
100
AcDbText
73
0
0
POINT
5
631
330
1C
100
AcDbEntity
67
0
8
15 - историческая планировочная структура
62
256
6
ByLayer
370
-1
48
1.0
60
0
100
AcDbPoint
10
1398998.83998882
20
359434.851622435
30
0.0
39
0.0
210
0.0
220
0.0
230
1.0
50
360.0
0
TEXT
5
632
330
1C
100
AcDbEntity
67
0
8
15 - историческая планировочная структура
62
7
6
ByLayer
370
-1
48
1.0
60
0
100
AcDbText
1
776
10
1398998.96911871
20
359435.12606884
30
0.0
40
0.31111111111
41
1.0
50
0.0
51
0.0
7
Standard
11
1398998.96911871
21
359435.12606884
31
0.0
210
0.0
220
0.0
230
1.0
71
0
72
0
100
AcDbText
73
0
0
POINT
5
633
330
1C
100
AcDbEntity
67
0
8
15 - историческая планировочная структура
62
256
6
ByLayer
370
-1
48
1.0
60
0
100
AcDbPoint
10
1399009.03187426
20
359332.766722983
30
0.0
39
0.0
210
0.0
220
0.0
230
1.0
50
360.0
0
TEXT
5
634
330
1C
100
AcDbEntity
67
0
8
15 - историческая планировочная структура
62
7
6
ByLayer
370
-1
48
1.0
60
0
100
AcDbText
1
777
10
1399009.16100433
20
359333.041169412
30
0.0
40
0.31111111111
41
1.0
50
0.0
51
0.0
7
Standard
11
1399009.16100433
21
359333.041169412
31
0.0
210
0.0
220
0.0
230
1.0
71
0
72
0
100
AcDbText
73
0
0
POINT
5
635
330
1C
100
AcDbEntity
67
0
8
15 - историческая планировочная структура
62
256
6
ByLayer
370
-1
48
1.0
60
0
100
AcDbPoint
10
1399007.03121355
20
359296.284439343
30
0.0
39
0.0
210
0.0
220
0.0
230
1.0
50
360.0
0
TEXT
5
636
330
1C
100
AcDbEntity
67
0
8
15 - историческая планировочная структура
62
7
6
ByLayer
370
-1
48
1.0
60
0
100
AcDbText
1
778
10
1399007.16034369
20
359296.558885767
30
0.0
40
0.31111111111
41
1.0
50
0.0
51
0.0
7
Standard
11
1399007.16034369
21
359296.558885767
31
0.0
210
0.0
220
0.0
230
1.0
71
0
72
0
100
AcDbText
73
0
0
POINT
5
637
330
1C
100
AcDbEntity
67
0
8
15 - историческая планировочная структура
62
256
6
ByLayer
370
-1
48
1.0
60
0
100
AcDbPoint
10
1399006.16677162
20
359285.306118578
30
0.0
39
0.0
210
0.0
220
0.0
230
1.0
50
360.0
0
TEXT
5
638
330
1C
100
AcDbEntity
67
0
8
15 - историческая планировочная структура
62
7
6
ByLayer
370
-1
48
1.0
60
0
100
AcDbText
1
779
10
1399006.29590179
20
359285.580565002
30
0.0
40
0.31111111111
41
1.0
50
0.0
51
0.0
7
Standard
11
1399006.29590179
21
359285.580565002
31
0.0
210
0.0
220
0.0
230
1.0
71
0
72
0
100
AcDbText
73
0
0
POINT
5
639
330
1C
100
AcDbEntity
67
0
8
15 - историческая планировочная структура
62
256
6
ByLayer
370
-1
48
1.0
60
0
100
AcDbPoint
10
1399002.5465498
20
359280.626840588
30
0.0
39
0.0
210
0.0
220
0.0
230
1.0
50
360.0
0
TEXT
5
63A
330
1C
100
AcDbEntity
67
0
8
15 - историческая планировочная структура
62
7
6
ByLayer
370
-1
48
1.0
60
0
100
AcDbText
1
780
10
1399002.67567997
20
359280.901287004
30
0.0
40
0.31111111111
41
1.0
50
0.0
51
0.0
7
Standard
11
1399002.67567997
21
359280.901287004
31
0.0
210
0.0
220
0.0
230
1.0
71
0
72
0
100
AcDbText
73
0
0
POINT
5
63B
330
1C
100
AcDbEntity
67
0
8
15 - историческая планировочная структура
62
256
6
ByLayer
370
-1
48
1.0
60
0
100
AcDbPoint
10
1394932.48029506
20
359743.610971771
30
0.0
39
0.0
210
0.0
220
0.0
230
1.0
50
360.0
0
TEXT
5
63C
330
1C
100
AcDbEntity
67
0
8
15 - историческая планировочная структура
62
7
6
ByLayer
370
-1
48
1.0
60
0
100
AcDbText
1
781
10
1394932.60942449
20
359743.885410756
30
0.0
40
0.31111111111
41
1.0
50
0.0
51
0.0
7
Standard
11
1394932.60942449
21
359743.885410756
31
0.0
210
0.0
220
0.0
230
1.0
71
0
72
0
100
AcDbText
73
0
0
POINT
5
63D
330
1C
100
AcDbEntity
67
0
8
15 - историческая планировочная структура
62
256
6
ByLayer
370
-1
48
1.0
60
0
100
AcDbPoint
10
1394933.09080857
20
359753.380467802
30
0.0
39
0.0
210
0.0
220
0.0
230
1.0
50
360.0
0
TEXT
5
63E
330
1C
100
AcDbEntity
67
0
8
15 - историческая планировочная структура
62
7
6
ByLayer
370
-1
48
1.0
60
0
100
AcDbText
1
782
10
1394933.21993798
20
359753.654906784
30
0.0
40
0.31111111111
41
1.0
50
0.0
51
0.0
7
Standard
11
1394933.21993798
21
359753.654906784
31
0.0
210
0.0
220
0.0
230
1.0
71
0
72
0
100
AcDbText
73
0
0
POINT
5
63F
330
1C
100
AcDbEntity
67
0
8
15 - историческая планировочная структура
62
256
6
ByLayer
370
-1
48
1.0
60
0
100
AcDbPoint
10
1394935.70819182
20
359765.84782835
30
0.0
39
0.0
210
0.0
220
0.0
230
1.0
50
360.0
0
TEXT
5
640
330
1C
100
AcDbEntity
67
0
8
15 - историческая планировочная структура
62
7
6
ByLayer
370
-1
48
1.0
60
0
100
AcDbText
1
783
10
1394935.83732121
20
359766.122267337
30
0.0
40
0.31111111111
41
1.0
50
0.0
51
0.0
7
Standard
11
1394935.83732121
21
359766.122267337
31
0.0
210
0.0
220
0.0
230
1.0
71
0
72
0
100
AcDbText
73
0
0
POINT
5
641
330
1C
100
AcDbEntity
67
0
8
15 - историческая планировочная структура
62
256
6
ByLayer
370
-1
48
1.0
60
0
100
AcDbPoint
10
1394939.21137674
20
359781.447541416
30
0.0
39
0.0
210
0.0
220
0.0
230
1.0
50
360.0
0
TEXT
5
642
330
1C
100
AcDbEntity
67
0
8
15 - историческая планировочная структура
62
7
6
ByLayer
370
-1
48
1.0
60
0
100
AcDbText
1
784
10
1394939.3405061
20
359781.721980411
30
0.0
40
0.31111111111
41
1.0
50
0.0
51
0.0
7
Standard
11
1394939.3405061
21
359781.721980411
31
0.0
210
0.0
220
0.0
230
1.0
71
0
72
0
100
AcDbText
73
0
0
POINT
5
643
330
1C
100
AcDbEntity
67
0
8
15 - историческая планировочная структура
62
256
6
ByLayer
370
-1
48
1.0
60
0
100
AcDbPoint
10
1394941.89878976
20
359797.024331381
30
0.0
39
0.0
210
0.0
220
0.0
230
1.0
50
360.0
0
TEXT
5
644
330
1C
100
AcDbEntity
67
0
8
15 - историческая планировочная структура
62
7
6
ByLayer
370
-1
48
1.0
60
0
100
AcDbText
1
785
10
1394942.02791908
20
359797.29877038
30
0.0
40
0.31111111111
41
1.0
50
0.0
51
0.0
7
Standard
11
1394942.02791908
21
359797.29877038
31
0.0
210
0.0
220
0.0
230
1.0
71
0
72
0
100
AcDbText
73
0
0
POINT
5
645
330
1C
100
AcDbEntity
67
0
8
15 - историческая планировочная структура
62
256
6
ByLayer
370
-1
48
1.0
60
0
100
AcDbPoint
10
1394942.63939531
20
359809.989966926
30
0.0
39
0.0
210
0.0
220
0.0
230
1.0
50
360.0
0
TEXT
5
646
330
1C
100
AcDbEntity
67
0
8
15 - историческая планировочная структура
62
7
6
ByLayer
370
-1
48
1.0
60
0
100
AcDbText
1
786
10
1394942.76852463
20
359810.264405925
30
0.0
40
0.31111111111
41
1.0
50
0.0
51
0.0
7
Standard
11
1394942.76852463
21
359810.264405925
31
0.0
210
0.0
220
0.0
230
1.0
71
0
72
0
100
AcDbText
73
0
0
POINT
5
647
330
1C
100
AcDbEntity
67
0
8
15 - историческая планировочная структура
62
256
6
ByLayer
370
-1
48
1.0
60
0
100
AcDbPoint
10
1394943.3713789
20
359823.518698194
30
0.0
39
0.0
210
0.0
220
0.0
230
1.0
50
360.0
0
TEXT
5
648
330
1C
100
AcDbEntity
67
0
8
15 - историческая планировочная структура
62
7
6
ByLayer
370
-1
48
1.0
60
0
100
AcDbText
1
787
10
1394943.50050819
20
359823.793137195
30
0.0
40
0.31111111111
41
1.0
50
0.0
51
0.0
7
Standard
11
1394943.50050819
21
359823.793137195
31
0.0
210
0.0
220
0.0
230
1.0
71
0
72
0
100
AcDbText
73
0
0
POINT
5
649
330
1C
100
AcDbEntity
67
0
8
15 - историческая планировочная структура
62
256
6
ByLayer
370
-1
48
1.0
60
0
100
AcDbPoint
10
1394943.38579433
20
359840.979051478
30
0.0
39
0.0
210
0.0
220
0.0
230
1.0
50
360.0
0
TEXT
5
64A
330
1C
100
AcDbEntity
67
0
8
15 - историческая планировочная структура
62
7
6
ByLayer
370
-1
48
1.0
60
0
100
AcDbText
1
788
10
1394943.51492358
20
359841.253490478
30
0.0
40
0.31111111111
41
1.0
50
0.0
51
0.0
7
Standard
11
1394943.51492358
21
359841.253490478
31
0.0
210
0.0
220
0.0
230
1.0
71
0
72
0
100
AcDbText
73
0
0
POINT
5
64B
330
1C
100
AcDbEntity
67
0
8
15 - историческая планировочная структура
62
256
6
ByLayer
370
-1
48
1.0
60
0
100
AcDbPoint
10
1394943.32820954
20
359850.788442656
30
0.0
39
0.0
210
0.0
220
0.0
230
1.0
50
360.0
0
TEXT
5
64C
330
1C
100
AcDbEntity
67
0
8
15 - историческая планировочная структура
62
7
6
ByLayer
370
-1
48
1.0
60
0
100
AcDbText
1
789
10
1394943.45733878
20
359851.062881656
30
0.0
40
0.31111111111
41
1.0
50
0.0
51
0.0
7
Standard
11
1394943.45733878
21
359851.062881656
31
0.0
210
0.0
220
0.0
230
1.0
71
0
72
0
100
AcDbText
73
0
0
POINT
5
64D
330
1C
100
AcDbEntity
67
0
8
15 - историческая планировочная структура
62
256
6
ByLayer
370
-1
48
1.0
60
0
100
AcDbPoint
10
1394942.53014884
20
359859.975648663
30
0.0
39
0.0
210
0.0
220
0.0
230
1.0
50
360.0
0
TEXT
5
64E
330
1C
100
AcDbEntity
67
0
8
15 - историческая планировочная структура
62
7
6
ByLayer
370
-1
48
1.0
60
0
100
AcDbText
1
790
10
1394942.65927806
20
359860.250087664
30
0.0
40
0.31111111111
41
1.0
50
0.0
51
0.0
7
Standard
11
1394942.65927806
21
359860.250087664
31
0.0
210
0.0
220
0.0
230
1.0
71
0
72
0
100
AcDbText
73
0
0
POINT
5
64F
330
1C
100
AcDbEntity
67
0
8
15 - историческая планировочная структура
62
256
6
ByLayer
370
-1
48
1.0
60
0
100
AcDbPoint
10
1394942.55663696
20
359864.878589808
30
0.0
39
0.0
210
0.0
220
0.0
230
1.0
50
360.0
0
TEXT
5
650
330
1C
100
AcDbEntity
67
0
8
15 - историческая планировочная структура
62
7
6
ByLayer
370
-1
48
1.0
60
0
100
AcDbText
1
791
10
1394942.68576617
20
359865.153028802
30
0.0
40
0.31111111111
41
1.0
50
0.0
51
0.0
7
Standard
11
1394942.68576617
21
359865.153028802
31
0.0
210
0.0
220
0.0
230
1.0
71
0
72
0
100
AcDbText
73
0
0
POINT
5
651
330
1C
100
AcDbEntity
67
0
8
15 - историческая планировочная структура
62
256
6
ByLayer
370
-1
48
1.0
60
0
100
AcDbPoint
10
1394939.88891012
20
359878.102859425
30
0.0
39
0.0
210
0.0
220
0.0
230
1.0
50
360.0
0
TEXT
5
652
330
1C
100
AcDbEntity
67
0
8
15 - историческая планировочная структура
62
7
6
ByLayer
370
-1
48
1.0
60
0
100
AcDbText
1
792
10
1394940.01803931
20
359878.377298417
30
0.0
40
0.31111111111
41
1.0
50
0.0
51
0.0
7
Standard
11
1394940.01803931
21
359878.377298417
31
0.0
210
0.0
220
0.0
230
1.0
71
0
72
0
100
AcDbText
73
0
0
POINT
5
653
330
1C
100
AcDbEntity
67
0
8
15 - историческая планировочная структура
62
256
6
ByLayer
370
-1
48
1.0
60
0
100
AcDbPoint
10
1394939.07768266
20
359893.854553587
30
0.0
39
0.0
210
0.0
220
0.0
230
1.0
50
360.0
0
TEXT
5
654
330
1C
100
AcDbEntity
67
0
8
15 - историческая планировочная структура
62
7
6
ByLayer
370
-1
48
1.0
60
0
100
AcDbText
1
793
10
1394939.20681182
20
359894.128992577
30
0.0
40
0.31111111111
41
1.0
50
0.0
51
0.0
7
Standard
11
1394939.20681182
21
359894.128992577
31
0.0
210
0.0
220
0.0
230
1.0
71
0
72
0
100
AcDbText
73
0
0
POINT
5
655
330
1C
100
AcDbEntity
67
0
8
15 - историческая планировочная структура
62
256
6
ByLayer
370
-1
48
1.0
60
0
100
AcDbPoint
10
1394938.26307428
20
359903.623438929
30
0.0
39
0.0
210
0.0
220
0.0
230
1.0
50
360.0
0
TEXT
5
656
330
1C
100
AcDbEntity
67
0
8
15 - историческая планировочная структура
62
7
6
ByLayer
370
-1
48
1.0
60
0
100
AcDbText
1
794
10
1394938.39220342
20
359903.897877917
30
0.0
40
0.31111111111
41
1.0
50
0.0
51
0.0
7
Standard
11
1394938.39220342
21
359903.897877917
31
0.0
210
0.0
220
0.0
230
1.0
71
0
72
0
100
AcDbText
73
0
0
POINT
5
657
330
1C
100
AcDbEntity
67
0
8
15 - историческая планировочная структура
62
256
6
ByLayer
370
-1
48
1.0
60
0
100
AcDbPoint
10
1394934.20644463
20
359920.370056394
30
0.0
39
0.0
210
0.0
220
0.0
230
1.0
50
360.0
0
TEXT
5
658
330
1C
100
AcDbEntity
67
0
8
15 - историческая планировочная структура
62
7
6
ByLayer
370
-1
48
1.0
60
0
100
AcDbText
1
795
10
1394934.33557374
20
359920.644495375
30
0.0
40
0.31111111111
41
1.0
50
0.0
51
0.0
7
Standard
11
1394934.33557374
21
359920.644495375
31
0.0
210
0.0
220
0.0
230
1.0
71
0
72
0
100
AcDbText
73
0
0
POINT
5
659
330
1C
100
AcDbEntity
67
0
8
15 - историческая планировочная структура
62
256
6
ByLayer
370
-1
48
1.0
60
0
100
AcDbPoint
10
1394930.11363243
20
359938.887285626
30
0.0
39
0.0
210
0.0
220
0.0
230
1.0
50
360.0
0
TEXT
5
65A
330
1C
100
AcDbEntity
67
0
8
15 - историческая планировочная структура
62
7
6
ByLayer
370
-1
48
1.0
60
0
100
AcDbText
1
796
10
1394930.2427615
20
359939.1617246
30
0.0
40
0.31111111111
41
1.0
50
0.0
51
0.0
7
Standard
11
1394930.2427615
21
359939.1617246
31
0.0
210
0.0
220
0.0
230
1.0
71
0
72
0
100
AcDbText
73
0
0
POINT
5
65B
330
1C
100
AcDbEntity
67
0
8
15 - историческая планировочная структура
62
256
6
ByLayer
370
-1
48
1.0
60
0
100
AcDbPoint
10
1394926.88809771
20
359950.993370586
30
0.0
39
0.0
210
0.0
220
0.0
230
1.0
50
360.0
0
TEXT
5
65C
330
1C
100
AcDbEntity
67
0
8
15 - историческая планировочная структура
62
7
6
ByLayer
370
-1
48
1.0
60
0
100
AcDbText
1
797
10
1394927.01722676
20
359951.267809555
30
0.0
40
0.31111111111
41
1.0
50
0.0
51
0.0
7
Standard
11
1394927.01722676
21
359951.267809555
31
0.0
210
0.0
220
0.0
230
1.0
71
0
72
0
100
AcDbText
73
0
0
POINT
5
65D
330
1C
100
AcDbEntity
67
0
8
15 - историческая планировочная структура
62
256
6
ByLayer
370
-1
48
1.0
60
0
100
AcDbPoint
10
1394920.85279436
20
359966.66509136
30
0.0
39
0.0
210
0.0
220
0.0
230
1.0
50
360.0
0
TEXT
5
65E
330
1C
100
AcDbEntity
67
0
8
15 - историческая планировочная структура
62
7
6
ByLayer
370
-1
48
1.0
60
0
100
AcDbText
1
798
10
1394920.98192339
20
359966.939530314
30
0.0
40
0.31111111111
41
1.0
50
0.0
51
0.0
7
Standard
11
1394920.98192339
21
359966.939530314
31
0.0
210
0.0
220
0.0
230
1.0
71
0
72
0
100
AcDbText
73
0
0
POINT
5
65F
330
1C
100
AcDbEntity
67
0
8
15 - историческая планировочная структура
62
256
6
ByLayer
370
-1
48
1.0
60
0
100
AcDbPoint
10
1394914.18023169
20
359980.522710783
30
0.0
39
0.0
210
0.0
220
0.0
230
1.0
50
360.0
0
TEXT
5
660
330
1C
100
AcDbEntity
67
0
8
15 - историческая планировочная структура
62
7
6
ByLayer
370
-1
48
1.0
60
0
100
AcDbText
1
799
10
1394914.30936069
20
359980.797149727
30
0.0
40
0.31111111111
41
1.0
50
0.0
51
0.0
7
Standard
11
1394914.30936069
21
359980.797149727
31
0.0
210
0.0
220
0.0
230
1.0
71
0
72
0
100
AcDbText
73
0
0
POINT
5
661
330
1C
100
AcDbEntity
67
0
8
15 - историческая планировочная структура
62
256
6
ByLayer
370
-1
48
1.0
60
0
100
AcDbPoint
10
1394909.56920087
20
359990.043538221
30
0.0
39
0.0
210
0.0
220
0.0
230
1.0
50
360.0
0
TEXT
5
662
330
1C
100
AcDbEntity
67
0
8
15 - историческая планировочная структура
62
7
6
ByLayer
370
-1
48
1.0
60
0
100
AcDbText
1
800
10
1394909.69832985
20
359990.317977157
30
0.0
40
0.31111111111
41
1.0
50
0.0
51
0.0
7
Standard
11
1394909.69832985
21
359990.317977157
31
0.0
210
0.0
220
0.0
230
1.0
71
0
72
0
100
AcDbText
73
0
0
POINT
5
663
330
1C
100
AcDbEntity
67
0
8
15 - историческая планировочная структура
62
256
6
ByLayer
370
-1
48
1.0
60
0
100
AcDbPoint
10
1394909.04757382
20
359993.43769131
30
0.0
39
0.0
210
0.0
220
0.0
230
1.0
50
360.0
0
TEXT
5
664
330
1C
100
AcDbEntity
67
0
8
15 - историческая планировочная структура
62
7
6
ByLayer
370
-1
48
1.0
60
0
100
AcDbText
1
801
10
1394909.1767028
20
359993.712130243
30
0.0
40
0.31111111111
41
1.0
50
0.0
51
0.0
7
Standard
11
1394909.1767028
21
359993.712130243
31
0.0
210
0.0
220
0.0
230
1.0
71
0
72
0
100
AcDbText
73
0
0
POINT
5
665
330
1C
100
AcDbEntity
67
0
8
15 - историческая планировочная структура
62
256
6
ByLayer
370
-1
48
1.0
60
0
100
AcDbPoint
10
1394909.55466683
20
359995.288953372
30
0.0
39
0.0
210
0.0
220
0.0
230
1.0
50
360.0
0
TEXT
5
666
330
1C
100
AcDbEntity
67
0
8
15 - историческая планировочная структура
62
7
6
ByLayer
370
-1
48
1.0
60
0
100
AcDbText
1
802
10
1394909.6837958
20
359995.563392304
30
0.0
40
0.31111111111
41
1.0
50
0.0
51
0.0
7
Standard
11
1394909.6837958
21
359995.563392304
31
0.0
210
0.0
220
0.0
230
1.0
71
0
72
0
100
AcDbText
73
0
0
POINT
5
667
330
1C
100
AcDbEntity
67
0
8
15 - историческая планировочная структура
62
256
6
ByLayer
370
-1
48
1.0
60
0
100
AcDbPoint
10
1394910.36596509
20
359997.623785911
30
0.0
39
0.0
210
0.0
220
0.0
230
1.0
50
360.0
0
TEXT
5
668
330
1C
100
AcDbEntity
67
0
8
15 - историческая планировочная структура
62
7
6
ByLayer
370
-1
48
1.0
60
0
100
AcDbText
1
803
10
1394910.49509406
20
359997.898224846
30
0.0
40
0.31111111111
41
1.0
50
0.0
51
0.0
7
Standard
11
1394910.49509406
21
359997.898224846
31
0.0
210
0.0
220
0.0
230
1.0
71
0
72
0
100
AcDbText
73
0
0
POINT
5
669
330
1C
100
AcDbEntity
67
0
8
15 - историческая планировочная структура
62
256
6
ByLayer
370
-1
48
1.0
60
0
100
AcDbPoint
10
1394911.5299974
20
360002.3023776
30
0.0
39
0.0
210
0.0
220
0.0
230
1.0
50
360.0
0
TEXT
5
66A
330
1C
100
AcDbEntity
67
0
8
15 - историческая планировочная структура
62
7
6
ByLayer
370
-1
48
1.0
60
0
100
AcDbText
1
804
10
1394911.65912636
20
360002.576816537
30
0.0
40
0.31111111111
41
1.0
50
0.0
51
0.0
7
Standard
11
1394911.65912636
21
360002.576816537
31
0.0
210
0.0
220
0.0
230
1.0
71
0
72
0
100
AcDbText
73
0
0
LWPOLYLINE
5
66B
330
1C
100
AcDbEntity
67
0
8
15 - историческая планировочная структура
62
7
6
ByLayer
370
20
48
1.0
60
0
100
AcDbPolyline
90
8
70
0
38
0.0
39
0.0
10
1393675.61101041
20
358188.929417996
40
0.0
41
0.0
42
0.0
10
1393668.73079362
20
358182.509471181
40
0.0
41
0.0
42
0.0
10
1393549.59389117
20
358062.031018197
40
0.0
41
0.0
42
0.0
10
1393503.40006496
20
358019.749112895
40
0.0
41
0.0
42
0.0
10
1393408.52966877
20
357932.510814958
40
0.0
41
0.0
42
0.0
10
1393361.84381748
20
357895.346874887
40
0.0
41
0.0
42
0.0
10
1393309.37509159
20
357859.531869277
40
0.0
41
0.0
42
0.0
10
1393259.42566062
20
357815.205307213
40
0.0
41
0.0
42
0.0
210
0.0
220
0.0
230
1.0
0
LWPOLYLINE
5
66C
330
1C
100
AcDbEntity
67
0
8
15 - историческая планировочная структура
62
7
6
ByLayer
370
20
48
1.0
60
0
100
AcDbPolyline
90
17
70
0
38
0.0
39
0.0
10
1393251.63009057
20
357222.066685962
40
0.0
41
0.0
42
0.0
10
1393263.30267673
20
357213.885170796
40
0.0
41
0.0
42
0.0
10
1393276.79111774
20
357206.539044891
40
0.0
41
0.0
42
0.0
10
1393281.69089534
20
357204.22405234
40
0.0
41
0.0
42
0.0
10
1393287.05488157
20
357203.381170923
40
0.0
41
0.0
42
0.0
10
1393362.35671044
20
357202.252550113
40
0.0
41
0.0
42
0.0
10
1393390.27750335
20
357202.09735161
40
0.0
41
0.0
42
0.0
10
1393398.83342215
20
357199.233376837
40
0.0
41
0.0
42
0.0
10
1393407.23686894
20
357196.11261855
40
0.0
41
0.0
42
0.0
10
1393424.78879845
20
357194.352919669
40
0.0
41
0.0
42
0.0
10
1393437.82646711
20
357194.552451209
40
0.0
41
0.0
42
0.0
10
1393451.52831171
20
357197.781939277
40
0.0
41
0.0
42
0.0
10
1393467.176847
20
357200.947984693
40
0.0
41
0.0
42
0.0
10
1393479.70392575
20
357202.248344376
40
0.0
41
0.0
42
0.0
10
1393519.89489796
20
357202.286711109
40
0.0
41
0.0
42
0.0
10
1393528.70502351
20
357203.073606643
40
0.0
41
0.0
42
0.0
10
1393535.81405984
20
357205.961470715
40
0.0
41
0.0
42
0.0
210
0.0
220
0.0
230
1.0
0
LWPOLYLINE
5
66D
330
1C
100
AcDbEntity
67
0
8
15 - историческая планировочная структура
62
7
6
ByLayer
370
20
48
1.0
60
0
100
AcDbPolyline
90
24
70
0
38
0.0
39
0.0
10
1394668.69363518
20
359800.710017818
40
0.0
41
0.0
42
0.0
10
1394638.63891415
20
359647.51200759
40
0.0
41
0.0
42
0.0
10
1394624.67584536
20
359585.484541563
40
0.0
41
0.0
42
0.0
10
1394596.7394938
20
359473.8595698
40
0.0
41
0.0
42
0.0
10
1394549.31198916
20
359305.748391318
40
0.0
41
0.0
42
0.0
10
1394508.42344304
20
359138.506671323
40
0.0
41
0.0
42
0.0
10
1394488.22111448
20
359060.445782436
40
0.0
41
0.0
42
0.0
10
1394465.1977416
20
358971.456401566
40
0.0
41
0.0
42
0.0
10
1394436.70199132
20
358866.90988015
40
0.0
41
0.0
42
0.0
10
1394383.42065266
20
358830.397148451
40
0.0
41
0.0
42
0.0
10
1394355.7550411
20
358812.115207102
40
0.0
41
0.0
42
0.0
10
1394328.90857326
20
358784.670549877
40
0.0
41
0.0
42
0.0
10
1394290.57755778
20
358745.251220705
40
0.0
41
0.0
42
0.0
10
1394282.89858305
20
358731.734934856
40
0.0
41
0.0
42
0.0
10
1394262.66809861
20
358669.782808164
40
0.0
41
0.0
42
0.0
10
1394250.06709536
20
358648.400895524
40
0.0
41
0.0
42
0.0
10
1394219.08993661
20
358615.755455687
40
0.0
41
0.0
42
0.0
10
1394182.71652541
20
358586.846314388
40
0.0
41
0.0
42
0.0
10
1394157.32564717
20
358569.881409655
40
0.0
41
0.0
42
0.0
10
1394128.87413579
20
358553.695687969
40
0.0
41
0.0
42
0.0
10
1394125.30839626
20
358552.226365848
40
0.0
41
0.0
42
0.0
10
1394123.35479939
20
358550.814611731
40
0.0
41
0.0
42
0.0
10
1394122.36723304
20
358548.660928727
40
0.0
41
0.0
42
0.0
10
1394121.8488481
20
358543.816534572
40
0.0
41
0.0
42
0.0
210
0.0
220
0.0
230
1.0
0
LWPOLYLINE
5
66E
330
1C
100
AcDbEntity
67
0
8
15 - историческая планировочная структура
62
7
6
ByLayer
370
20
48
1.0
60
0
100
AcDbPolyline
90
25
70
0
38
0.0
39
0.0
10
1394658.59283442
20
359173.002737477
40
0.0
41
0.0
42
0.0
10
1394638.20585904
20
359063.082752815
40
0.0
41
0.0
42
0.0
10
1394615.3565568
20
358928.995005634
40
0.0
41
0.0
42
0.0
10
1394607.33855121
20
358909.245176766
40
0.0
41
0.0
42
0.0
10
1394452.94662587
20
358732.058465082
40
0.0
41
0.0
42
0.0
10
1394438.84358651
20
358720.301406553
40
0.0
41
0.0
42
0.0
10
1394424.474256
20
358708.871338287
40
0.0
41
0.0
42
0.0
10
1394409.84621424
20
358697.774289637
40
0.0
41
0.0
42
0.0
10
1394394.96717757
20
358687.016114288
40
0.0
41
0.0
42
0.0
10
1394369.81406199
20
358666.777933396
40
0.0
41
0.0
42
0.0
10
1394340.75234931
20
358638.637989413
40
0.0
41
0.0
42
0.0
10
1394322.71093645
20
358623.786131008
40
0.0
41
0.0
42
0.0
10
1394278.16610271
20
358595.030528986
40
0.0
41
0.0
42
0.0
10
1394188.42799524
20
358554.301974129
40
0.0
41
0.0
42
0.0
10
1394159.30083788
20
358538.873390689
40
0.0
41
0.0
42
0.0
10
1394132.18550755
20
358536.549586271
40
0.0
41
0.0
42
0.0
10
1394112.50671002
20
358538.957936444
40
0.0
41
0.0
42
0.0
10
1394092.44487245
20
358538.511262839
40
0.0
41
0.0
42
0.0
10
1394057.07813689
20
358518.507914295
40
0.0
41
0.0
42
0.0
10
1393942.52954145
20
358444.540979266
40
0.0
41
0.0
42
0.0
10
1393926.21279931
20
358430.988612757
40
0.0
41
0.0
42
0.0
10
1393825.57155232
20
358332.375109654
40
0.0
41
0.0
42
0.0
10
1393805.87203568
20
358312.574209136
40
0.0
41
0.0
42
0.0
10
1393756.52132555
20
358264.42704332
40
0.0
41
0.0
42
0.0
10
1393675.61101041
20
358188.929417996
40
0.0
41
0.0
42
0.0
210
0.0
220
0.0
230
1.0
0
LWPOLYLINE
5
66F
330
1C
100
AcDbEntity
67
0
8
15 - историческая планировочная структура
62
7
6
ByLayer
370
20
48
1.0
60
0
100
AcDbPolyline
90
4
70
0
38
0.0
39
0.0
10
1393259.42566062
20
357815.205307213
40
0.0
41
0.0
42
0.0
10
1393211.82801173
20
357762.109768276
40
0.0
41
0.0
42
0.0
10
1393140.38337907
20
357676.349081047
40
0.0
41
0.0
42
0.0
10
1393083.66750607
20
357603.863154368
40
0.0
41
0.0
42
0.0
210
0.0
220
0.0
230
1.0
0
LWPOLYLINE
5
670
330
1C
100
AcDbEntity
67
0
8
15 - историческая планировочная структура
62
7
6
ByLayer
370
20
48
1.0
60
0
100
AcDbPolyline
90
44
70
0
38
0.0
39
0.0
10
1393280.72250463
20
357290.644802679
40
0.0
41
0.0
42
0.0
10
1393270.0963432
20
357275.643019149
40
0.0
41
0.0
42
0.0
10
1393267.53026986
20
357270.65620537
40
0.0
41
0.0
42
0.0
10
1393266.51774166
20
357264.787934732
40
0.0
41
0.0
42
0.0
10
1393265.77178752
20
357254.994302655
40
0.0
41
0.0
42
0.0
10
1393250.11779017
20
357229.619342812
40
0.0
41
0.0
42
0.0
10
1393193.91370897
20
357159.534503121
40
0.0
41
0.0
42
0.0
10
1393136.87145269
20
357084.674338313
40
0.0
41
0.0
42
0.0
10
1393125.9434405
20
357064.951123417
40
0.0
41
0.0
42
0.0
10
1393066.35153644
20
356889.232165592
40
0.0
41
0.0
42
0.0
10
1393059.10745165
20
356872.118518669
40
0.0
41
0.0
42
0.0
10
1393025.08946754
20
356817.517224193
40
0.0
41
0.0
42
0.0
10
1392984.5374125
20
356754.3759902
40
0.0
41
0.0
42
0.0
10
1392951.75448526
20
356699.443762234
40
0.0
41
0.0
42
0.0
10
1392922.55308845
20
356644.427905523
40
0.0
41
0.0
42
0.0
10
1392902.25621397
20
356599.952645757
40
0.0
41
0.0
42
0.0
10
1392894.57303753
20
356582.67611831
40
0.0
41
0.0
42
0.0
10
1392892.86117888
20
356565.601540386
40
0.0
41
0.0
42
0.0
10
1392892.37848797
20
356526.897225107
40
0.0
41
0.0
42
0.0
10
1392894.12799361
20
356470.178311582
40
0.0
41
0.0
42
0.0
10
1392890.22575057
20
356448.523031529
40
0.0
41
0.0
42
0.0
10
1392881.69181918
20
356424.644872524
40
0.0
41
0.0
42
0.0
10
1392859.49183583
20
356383.564755844
40
0.0
41
0.0
42
0.0
10
1392807.40394467
20
356292.333024136
40
0.0
41
0.0
42
0.0
10
1392793.17117576
20
356274.327593658
40
0.0
41
0.0
42
0.0
10
1392778.82311618
20
356264.60612621
40
0.0
41
0.0
42
0.0
10
1392761.70688011
20
356261.933050079
40
0.0
41
0.0
42
0.0
10
1392648.85047072
20
356262.283129635
40
0.0
41
0.0
42
0.0
10
1392615.69868261
20
356260.970894785
40
0.0
41
0.0
42
0.0
10
1392568.86551134
20
356258.463077907
40
0.0
41
0.0
42
0.0
10
1392545.48007237
20
356254.443657322
40
0.0
41
0.0
42
0.0
10
1392524.82397772
20
356247.451456077
40
0.0
41
0.0
42
0.0
10
1392503.63953424
20
356233.685071708
40
0.0
41
0.0
42
0.0
10
1392485.05790615
20
356215.354257167
40
0.0
41
0.0
42
0.0
10
1392461.59778808
20
356181.929872678
40
0.0
41
0.0
42
0.0
10
1392442.57116204
20
356154.957295627
40
0.0
41
0.0
42
0.0
10
1392427.72132799
20
356120.81657501
40
0.0
41
0.0
42
0.0
10
1392414.51694487
20
356088.382977592
40
0.0
41
0.0
42
0.0
10
1392401.28759278
20
356043.507153059
40
0.0
41
0.0
42
0.0
10
1392394.21272262
20
356021.497673275
40
0.0
41
0.0
42
0.0
10
1392386.13738217
20
355988.739215819
40
0.0
41
0.0
42
0.0
10
1392370.89592201
20
355943.230050464
40
0.0
41
0.0
42
0.0
10
1392355.07729052
20
355922.052624915
40
0.0
41
0.0
42
0.0
10
1392349.74882325
20
355919.003558075
40
0.0
41
0.0
42
0.0
210
0.0
220
0.0
230
1.0
0
LWPOLYLINE
5
671
330
1C
100
AcDbEntity
67
0
8
15 - историческая планировочная структура
62
7
6
ByLayer
370
20
48
1.0
60
0
100
AcDbPolyline
90
38
70
0
38
0.0
39
0.0
10
1392198.89800821
20
355836.39215715
40
0.0
41
0.0
42
0.0
10
1392184.98968795
20
355818.922301189
40
0.0
41
0.0
42
0.0
10
1392149.8065841
20
355764.864247823
40
0.0
41
0.0
42
0.0
10
1392146.49893382
20
355761.277493068
40
0.0
41
0.0
42
0.0
10
1392132.07590441
20
355742.91617106
40
0.0
41
0.0
42
0.0
10
1392119.67371133
20
355724.815214317
40
0.0
41
0.0
42
0.0
10
1392108.86190689
20
355714.084392239
40
0.0
41
0.0
42
0.0
10
1392103.80282411
20
355712.541679213
40
0.0
41
0.0
42
0.0
10
1392098.58596413
20
355712.688741261
40
0.0
41
0.0
42
0.0
10
1392091.02846621
20
355714.72213612
40
0.0
41
0.0
42
0.0
10
1392084.09645512
20
355718.543165179
40
0.0
41
0.0
42
0.0
10
1392065.59442462
20
355730.086542864
40
0.0
41
0.0
42
0.0
10
1392038.02447506
20
355748.348060497
40
0.0
41
0.0
42
0.0
10
1392024.40444131
20
355756.839380141
40
0.0
41
0.0
42
0.0
10
1392010.83742175
20
355764.359114122
40
0.0
41
0.0
42
0.0
10
1391986.16309219
20
355775.284189512
40
0.0
41
0.0
42
0.0
10
1391965.93704062
20
355780.751811382
40
0.0
41
0.0
42
0.0
10
1391945.97268126
20
355782.38099154
40
0.0
41
0.0
42
0.0
10
1391902.45893353
20
355785.874608034
40
0.0
41
0.0
42
0.0
10
1391851.61113052
20
355791.290363757
40
0.0
41
0.0
42
0.0
10
1391841.02262524
20
355791.86598748
40
0.0
41
0.0
42
0.0
10
1391830.81035693
20
355789.807552569
40
0.0
41
0.0
42
0.0
10
1391812.6043764
20
355784.964916702
40
0.0
41
0.0
42
0.0
10
1391804.29879486
20
355782.272039613
40
0.0
41
0.0
42
0.0
10
1391792.98761742
20
355774.578968365
40
0.0
41
0.0
42
0.0
10
1391770.64035213
20
355755.156404014
40
0.0
41
0.0
42
0.0
10
1391739.30641133
20
355734.226338601
40
0.0
41
0.0
42
0.0
10
1391704.14457706
20
355709.377024572
40
0.0
41
0.0
42
0.0
10
1391680.82785958
20
355695.893289841
40
0.0
41
0.0
42
0.0
10
1391651.92894847
20
355684.861351883
40
0.0
41
0.0
42
0.0
10
1391616.50005669
20
355670.507145303
40
0.0
41
0.0
42
0.0
10
1391586.76079546
20
355660.627915863
40
0.0
41
0.0
42
0.0
10
1391570.28496318
20
355657.125188344
40
0.0
41
0.0
42
0.0
10
1391557.26172169
20
355649.672162971
40
0.0
41
0.0
42
0.0
10
1391546.2724327
20
355642.177705055
40
0.0
41
0.0
42
0.0
10
1391534.46850171
20
355631.64353904
40
0.0
41
0.0
42
0.0
10
1391525.23782346
20
355620.66003678
40
0.0
41
0.0
42
0.0
10
1391521.72097742
20
355611.047777265
40
0.0
41
0.0
42
0.0
210
0.0
220
0.0
230
1.0
0
LWPOLYLINE
5
672
330
1C
100
AcDbEntity
67
0
8
15 - историческая планировочная структура
62
7
6
ByLayer
370
20
48
1.0
60
0
100
AcDbPolyline
90
2
70
0
38
0.0
39
0.0
10
1394556.75271348
20
359309.918558556
40
0.0
41
0.0
42
0.0
10
1394673.21373824
20
359282.375600554
40
0.0
41
0.0
42
0.0
210
0.0
220
0.0
230
1.0
0
LWPOLYLINE
5
673
330
1C
100
AcDbEntity
67
0
8
15 - историческая планировочная структура
62
7
6
ByLayer
370
20
48
1.0
60
0
100
AcDbPolyline
90
4
70
0
38
0.0
39
0.0
10
1394373.70853274
20
359102.999798043
40
0.0
41
0.0
42
0.0
10
1394442.36517427
20
359088.04101141
40
0.0
41
0.0
42
0.0
10
1394485.31891288
20
359083.033297169
40
0.0
41
0.0
42
0.0
10
1394487.82808498
20
359082.438906902
40
0.0
41
0.0
42
0.0
210
0.0
220
0.0
230
1.0
0
LWPOLYLINE
5
674
330
1C
100
AcDbEntity
67
0
8
15 - историческая планировочная структура
62
7
6
ByLayer
370
20
48
1.0
60
0
100
AcDbPolyline
90
4
70
0
38
0.0
39
0.0
10
1394234.68854241
20
359235.455015789
40
0.0
41
0.0
42
0.0
10
1394330.9448585
20
359317.30778142
40
0.0
41
0.0
42
0.0
10
1394362.18852234
20
359346.281660442
40
0.0
41
0.0
42
0.0
10
1394363.05121818
20
359350.057090466
40
0.0
41
0.0
42
0.0
210
0.0
220
0.0
230
1.0
0
LWPOLYLINE
5
675
330
1C
100
AcDbEntity
67
0
8
15 - историческая планировочная структура
62
7
6
ByLayer
370
20
48
1.0
60
0
100
AcDbPolyline
90
2
70
0
38
0.0
39
0.0
10
1394788.90192937
20
359776.622123518
40
0.0
41
0.0
42
0.0
10
1394547.15188619
20
359835.267103745
40
0.0
41
0.0
42
0.0
210
0.0
220
0.0
230
1.0
0
LWPOLYLINE
5
676
330
1C
100
AcDbEntity
67
0
8
15 - историческая планировочная структура
62
7
6
ByLayer
370
20
48
1.0
60
0
100
AcDbPolyline
90
22
70
0
38
0.0
39
0.0
10
1394536.45139063
20
359837.862884604
40
0.0
41
0.0
42
0.0
10
1394428.04182243
20
359864.161426975
40
0.0
41
0.0
42
0.0
10
1394425.48053439
20
359864.177007335
40
0.0
41
0.0
42
0.0
10
1394422.93112517
20
359863.930123225
40
0.0
41
0.0
42
0.0
10
1394420.42041958
20
359863.423372354
40
0.0
41
0.0
42
0.0
10
1394417.97483516
20
359862.662086744
40
0.0
41
0.0
42
0.0
10
1394415.62010426
20
359861.654276617
40
0.0
41
0.0
42
0.0
10
1394413.38100327
20
359860.41054612
40
0.0
41
0.0
42
0.0
10
1394411.28109193
20
359858.943981742
40
0.0
41
0.0
42
0.0
10
1394409.34246543
20
359857.270014625
40
0.0
41
0.0
42
0.0
10
1394356.8127884
20
359797.283538733
40
0.0
41
0.0
42
0.0
10
1394237.92392077
20
359662.19271858
40
0.0
41
0.0
42
0.0
10
1394208.3152815
20
359617.586547185
40
0.0
41
0.0
42
0.0
10
1394175.62999036
20
359570.601092881
40
0.0
41
0.0
42
0.0
10
1394163.79382264
20
359554.507725715
40
0.0
41
0.0
42
0.0
10
1394152.57767931
20
359535.233186502
40
0.0
41
0.0
42
0.0
10
1394148.25742663
20
359527.001525092
40
0.0
41
0.0
42
0.0
10
1394146.5278937
20
359518.405084569
40
0.0
41
0.0
42
0.0
10
1394146.87989055
20
359506.611130028
40
0.0
41
0.0
42
0.0
10
1394152.04536647
20
359487.107419064
40
0.0
41
0.0
42
0.0
10
1394165.67219734
20
359449.887299287
40
0.0
41
0.0
42
0.0
10
1394192.94586289
20
359381.301425406
40
0.0
41
0.0
42
0.0
210
0.0
220
0.0
230
1.0
0
LWPOLYLINE
5
677
330
1C
100
AcDbEntity
67
0
8
15 - историческая планировочная структура
62
7
6
ByLayer
370
20
48
1.0
60
0
100
AcDbPolyline
90
10
70
0
38
0.0
39
0.0
10
1394424.51728277
20
359335.677620015
40
0.0
41
0.0
42
0.0
10
1394398.56242054
20
359222.630557255
40
0.0
41
0.0
42
0.0
10
1394358.83834259
20
359059.062683631
40
0.0
41
0.0
42
0.0
10
1394349.34263578
20
359023.818004644
40
0.0
41
0.0
42
0.0
10
1394338.65817761
20
358976.140668028
40
0.0
41
0.0
42
0.0
10
1394322.18972246
20
358907.420235221
40
0.0
41
0.0
42
0.0
10
1394304.22011982
20
358835.174172164
40
0.0
41
0.0
42
0.0
10
1394286.2984575
20
358768.218085628
40
0.0
41
0.0
42
0.0
10
1394284.404774
20
358756.848883333
40
0.0
41
0.0
42
0.0
10
1394289.02850249
20
358752.156247062
40
0.0
41
0.0
42
0.0
210
0.0
220
0.0
230
1.0
0
LWPOLYLINE
5
678
330
1C
100
AcDbEntity
67
0
8
15 - историческая планировочная структура
62
7
6
ByLayer
370
20
48
1.0
60
0
100
AcDbPolyline
90
6
70
0
38
0.0
39
0.0
10
1393259.71944668
20
357815.080683478
40
0.0
41
0.0
42
0.0
10
1393343.55598612
20
357921.065559533
40
0.0
41
0.0
42
0.0
10
1393392.14710274
20
357984.052254844
40
0.0
41
0.0
42
0.0
10
1393459.25057721
20
358069.043110342
40
0.0
41
0.0
42
0.0
10
1393508.17971829
20
358121.487019936
40
0.0
41
0.0
42
0.0
10
1393615.82585766
20
358167.577984222
40
0.0
41
0.0
42
0.0
210
0.0
220
0.0
230
1.0
0
LWPOLYLINE
5
679
330
1C
100
AcDbEntity
67
0
8
15 - историческая планировочная структура
62
7
6
ByLayer
370
20
48
1.0
60
0
100
AcDbPolyline
90
3
70
0
38
0.0
39
0.0
10
1393616.23060142
20
358166.260445986
40
0.0
41
0.0
42
0.0
10
1393646.36332351
20
358177.779459553
40
0.0
41
0.0
42
0.0
10
1393673.97016915
20
358189.055122792
40
0.0
41
0.0
42
0.0
210
0.0
220
0.0
230
1.0
0
LWPOLYLINE
5
67A
330
1C
100
AcDbEntity
67
0
8
15 - историческая планировочная структура
62
7
6
ByLayer
370
20
48
1.0
60
0
100
AcDbPolyline
90
11
70
0
38
0.0
39
0.0
10
1393158.91194117
20
357949.343299882
40
0.0
41
0.0
42
0.0
10
1393121.8015768
20
357879.672123486
40
0.0
41
0.0
42
0.0
10
1393104.23369002
20
357847.02475212
40
0.0
41
0.0
42
0.0
10
1393096.36368519
20
357834.97754523
40
0.0
41
0.0
42
0.0
10
1393093.49533781
20
357827.479447064
40
0.0
41
0.0
42
0.0
10
1393088.36897516
20
357811.157892256
40
0.0
41
0.0
42
0.0
10
1393086.55710397
20
357799.600995603
40
0.0
41
0.0
42
0.0
10
1393084.25734424
20
357761.1541964
40
0.0
41
0.0
42
0.0
10
1393074.21847009
20
357641.95620931
40
0.0
41
0.0
42
0.0
10
1393071.83273352
20
357616.445941391
40
0.0
41
0.0
42
0.0
10
1393080.37682047
20
357609.085646779
40
0.0
41
0.0
42
0.0
210
0.0
220
0.0
230
1.0
0
LWPOLYLINE
5
67B
330
1C
100
AcDbEntity
67
0
8
15 - историческая планировочная структура
62
7
6
ByLayer
370
20
48
1.0
60
0
100
AcDbPolyline
90
4
70
0
38
0.0
39
0.0
10
1393283.64566966
20
357288.717770361
40
0.0
41
0.0
42
0.0
10
1393352.71274729
20
357366.722179799
40
0.0
41
0.0
42
0.0
10
1393399.02512763
20
357421.856454976
40
0.0
41
0.0
42
0.0
10
1393416.08264102
20
357440.362145407
40
0.0
41
0.0
42
0.0
210
0.0
220
0.0
230
1.0
0
LWPOLYLINE
5
67C
330
1C
100
AcDbEntity
67
0
8
15 - историческая планировочная структура
62
7
6
ByLayer
370
20
48
1.0
60
0
100
AcDbPolyline
90
11
70
0
38
0.0
39
0.0
10
1394540.61862124
20
359831.724461365
40
0.0
41
0.0
42
0.0
10
1394518.2284524
20
359727.742079027
40
0.0
41
0.0
42
0.0
10
1394510.99881284
20
359717.83348689
40
0.0
41
0.0
42
0.0
10
1394429.74795224
20
359648.469856114
40
0.0
41
0.0
42
0.0
10
1394376.07966171
20
359609.357276652
40
0.0
41
0.0
42
0.0
10
1394343.66620798
20
359586.490587833
40
0.0
41
0.0
42
0.0
10
1394300.02421769
20
359548.547777832
40
0.0
41
0.0
42
0.0
10
1394226.00446844
20
359440.434009178
40
0.0
41
0.0
42
0.0
10
1394202.13485992
20
359407.530480968
40
0.0
41
0.0
42
0.0
10
1394195.8153384
20
359399.169744325
40
0.0
41
0.0
42
0.0
10
1394191.83817084
20
359397.531703619
40
0.0
41
0.0
42
0.0
210
0.0
220
0.0
230
1.0
0
LWPOLYLINE
5
67D
330
1C
100
AcDbEntity
67
0
8
15 - историческая планировочная структура
62
7
6
ByLayer
370
20
48
1.0
60
0
100
AcDbPolyline
90
19
70
0
38
0.0
39
0.0
10
1394193.25093996
20
359381.637235434
40
0.0
41
0.0
42
0.0
10
1394194.15301947
20
359378.462937083
40
0.0
41
0.0
42
0.0
10
1394195.3763808
20
359375.398087238
40
0.0
41
0.0
42
0.0
10
1394196.9080824
20
359372.475107969
40
0.0
41
0.0
42
0.0
10
1394198.73192088
20
359369.724920543
40
0.0
41
0.0
42
0.0
10
1394200.82860245
20
359367.176618326
40
0.0
41
0.0
42
0.0
10
1394203.17594698
20
359364.857158997
40
0.0
41
0.0
42
0.0
10
1394205.74912266
20
359362.79107938
40
0.0
41
0.0
42
0.0
10
1394208.52090869
20
359361.00023589
40
0.0
41
0.0
42
0.0
10
1394211.46198322
20
359359.503573289
40
0.0
41
0.0
42
0.0
10
1394214.54123357
20
359358.31692431
40
0.0
41
0.0
42
0.0
10
1394217.72608533
20
359357.452842135
40
0.0
41
0.0
42
0.0
10
1394220.98284695
20
359356.920467634
40
0.0
41
0.0
42
0.0
10
1394224.2770662
20
359356.72543263
40
0.0
41
0.0
42
0.0
10
1394227.57389455
20
359356.869800349
40
0.0
41
0.0
42
0.0
10
1394230.83845592
20
359357.352043577
40
0.0
41
0.0
42
0.0
10
1394234.03621552
20
359358.167060823
40
0.0
41
0.0
42
0.0
10
1394284.85060185
20
359374.223200306
40
0.0
41
0.0
42
0.0
10
1394545.14160548
20
359312.584340943
40
0.0
41
0.0
42
0.0
210
0.0
220
0.0
230
1.0
0
LWPOLYLINE
5
67E
330
1C
100
AcDbEntity
67
0
8
15 - историческая планировочная структура
62
7
6
ByLayer
370
20
48
1.0
60
0
100
AcDbPolyline
90
18
70
0
38
0.0
39
0.0
10
1395892.48523101
20
360831.484241603
40
0.0
41
0.0
42
0.0
10
1395722.06978332
20
360734.742024124
40
0.0
41
0.0
42
0.0
10
1395562.25599872
20
360648.31930923
40
0.0
41
0.0
42
0.0
10
1395502.16735192
20
360625.670430158
40
0.0
41
0.0
42
0.0
10
1395462.79920845
20
360619.31585715
40
0.0
41
0.0
42
0.0
10
1395440.79637757
20
360619.323713796
40
0.0
41
0.0
42
0.0
10
1395249.73083156
20
360659.768561983
40
0.0
41
0.0
42
0.0
10
1395186.59769347
20
360664.724845226
40
0.0
41
0.0
42
0.0
10
1395040.69032228
20
360629.470130934
40
0.0
41
0.0
42
0.0
10
1395005.88191216
20
360606.723141533
40
0.0
41
0.0
42
0.0
10
1394993.30211025
20
360588.709753052
40
0.0
41
0.0
42
0.0
10
1394935.84189631
20
360345.52540843
40
0.0
41
0.0
42
0.0
10
1394861.81391658
20
360046.691497658
40
0.0
41
0.0
42
0.0
10
1394819.03980341
20
359874.193097381
40
0.0
41
0.0
42
0.0
10
1394763.08066533
20
359646.902694226
40
0.0
41
0.0
42
0.0
10
1394702.62020297
20
359385.630700877
40
0.0
41
0.0
42
0.0
10
1394679.02675004
20
359283.175982384
40
0.0
41
0.0
42
0.0
10
1394658.59283442
20
359173.002737477
40
0.0
41
0.0
42
0.0
210
0.0
220
0.0
230
1.0
0
LWPOLYLINE
5
67F
330
1C
100
AcDbEntity
67
0
8
15 - историческая планировочная структура
62
7
6
ByLayer
370
20
48
1.0
60
0
100
AcDbPolyline
90
5
70
0
38
0.0
39
0.0
10
1392349.74882325
20
355919.003558075
40
0.0
41
0.0
42
0.0
10
1392325.68471012
20
355905.233540931
40
0.0
41
0.0
42
0.0
10
1392217.94670773
20
355851.616905553
40
0.0
41
0.0
42
0.0
10
1392200.16903375
20
355837.988657215
40
0.0
41
0.0
42
0.0
10
1392198.89800821
20
355836.39215715
40
0.0
41
0.0
42
0.0
210
0.0
220
0.0
230
1.0
0
LWPOLYLINE
5
680
330
1C
100
AcDbEntity
67
0
8
15 - историческая планировочная структура
62
7
6
ByLayer
370
20
48
1.0
60
0
100
AcDbPolyline
90
3
70
0
38
0.0
39
0.0
10
1394271.78394922
20
359129.213506643
40
0.0
41
0.0
42
0.0
10
1394324.73224799
20
359118.111469317
40
0.0
41
0.0
42
0.0
10
1394366.61334105
20
359107.940227942
40
0.0
41
0.0
42
0.0
210
0.0
220
0.0
230
1.0
0
LWPOLYLINE
5
681
330
1C
100
AcDbEntity
67
0
8
15 - историческая планировочная структура
62
7
6
ByLayer
370
20
48
1.0
60
0
100
AcDbPolyline
90
13
70
0
38
0.0
39
0.0
10
1394951.81332477
20
359604.570757975
40
0.0
41
0.0
42
0.0
10
1394994.63192604
20
359569.378238069
40
0.0
41
0.0
42
0.0
10
1395023.04315524
20
359558.903566268
40
0.0
41
0.0
42
0.0
10
1395043.24882515
20
359554.411103205
40
0.0
41
0.0
42
0.0
10
1395153.23617181
20
359532.279068289
40
0.0
41
0.0
42
0.0
10
1395212.21982997
20
359517.491639755
40
0.0
41
0.0
42
0.0
10
1395268.15979926
20
359499.613555218
40
0.0
41
0.0
42
0.0
10
1395473.9312289
20
359431.157603987
40
0.0
41
0.0
42
0.0
10
1395585.89051384
20
359392.550961021
40
0.0
41
0.0
42
0.0
10
1395650.37920587
20
359374.449542967
40
0.0
41
0.0
42
0.0
10
1395680.94551748
20
359368.825363926
40
0.0
41
0.0
42
0.0
10
1395714.39649288
20
359366.688941362
40
0.0
41
0.0
42
0.0
10
1395724.31266462
20
359367.604127765
40
0.0
41
0.0
42
0.0
210
0.0
220
0.0
230
1.0
0
LWPOLYLINE
5
682
330
1C
100
AcDbEntity
67
0
8
15 - историческая планировочная структура
62
7
6
ByLayer
370
20
48
1.0
60
0
100
AcDbPolyline
90
11
70
0
38
0.0
39
0.0
10
1394929.52216167
20
359728.790079761
40
0.0
41
0.0
42
0.0
10
1394925.53677988
20
359711.259017405
40
0.0
41
0.0
42
0.0
10
1394924.5631602
20
359702.370439555
40
0.0
41
0.0
42
0.0
10
1394924.26878816
20
359685.358049354
40
0.0
41
0.0
42
0.0
10
1394925.1112201
20
359672.615046305
40
0.0
41
0.0
42
0.0
10
1394926.73159564
20
359663.427061138
40
0.0
41
0.0
42
0.0
10
1394930.76692053
20
359647.497733657
40
0.0
41
0.0
42
0.0
10
1394936.51781581
20
359634.275268514
40
0.0
41
0.0
42
0.0
10
1394942.07189348
20
359621.934210137
40
0.0
41
0.0
42
0.0
10
1394947.47527558
20
359611.64767078
40
0.0
41
0.0
42
0.0
10
1394951.93114376
20
359604.829025516
40
0.0
41
0.0
42
0.0
210
0.0
220
0.0
230
1.0
0
LWPOLYLINE
5
683
330
1C
100
AcDbEntity
67
0
8
15 - историческая планировочная структура
62
7
6
ByLayer
370
20
48
1.0
60
0
100
AcDbPolyline
90
3
70
0
38
0.0
39
0.0
10
1395557.43589365
20
360325.184573566
40
0.0
41
0.0
42
0.0
10
1395563.81796785
20
360323.21387017
40
0.0
41
0.0
42
0.0
10
1395788.25974615
20
360266.435749768
40
0.0
41
0.0
42
0.0
210
0.0
220
0.0
230
1.0
0
LWPOLYLINE
5
684
330
1C
100
AcDbEntity
67
0
8
15 - историческая планировочная структура
62
7
6
ByLayer
370
20
48
1.0
60
0
100
AcDbPolyline
90
2
70
0
38
0.0
39
0.0
10
1394578.22889371
20
359959.693620606
40
0.0
41
0.0
42
0.0
10
1394817.86483649
20
359900.501475833
40
0.0
41
0.0
42
0.0
210
0.0
220
0.0
230
1.0
0
LWPOLYLINE
5
685
330
1C
100
AcDbEntity
67
0
8
15 - историческая планировочная структура
62
7
6
ByLayer
370
20
48
1.0
60
0
100
AcDbPolyline
90
21
70
0
38
0.0
39
0.0
10
1394800.67326358
20
359768.284998395
40
0.0
41
0.0
42
0.0
10
1395150.74826506
20
359682.128302032
40
0.0
41
0.0
42
0.0
10
1395177.96252735
20
359679.797177574
40
0.0
41
0.0
42
0.0
10
1395619.17962228
20
359569.28342037
40
0.0
41
0.0
42
0.0
10
1395913.37487424
20
359495.544644226
40
0.0
41
0.0
42
0.0
10
1395951.89091676
20
359496.405490637
40
0.0
41
0.0
42
0.0
10
1396042.33757177
20
359515.712345433
40
0.0
41
0.0
42
0.0
10
1396429.50243074
20
359650.373264528
40
0.0
41
0.0
42
0.0
10
1396618.82312317
20
359721.667232829
40
0.0
41
0.0
42
0.0
10
1396633.56236221
20
359722.906547299
40
0.0
41
0.0
42
0.0
10
1396706.97094068
20
359712.355525573
40
0.0
41
0.0
42
0.0
10
1396988.26988578
20
359618.769410109
40
0.0
41
0.0
42
0.0
10
1397100.7836215
20
359534.141932953
40
0.0
41
0.0
42
0.0
10
1397119.38779574
20
359524.278660455
40
0.0
41
0.0
42
0.0
10
1397183.09393606
20
359501.406355549
40
0.0
41
0.0
42
0.0
10
1397405.34769501
20
359437.788284585
40
0.0
41
0.0
42
0.0
10
1397628.73566266
20
359376.655183109
40
0.0
41
0.0
42
0.0
10
1397699.51978453
20
359362.031083279
40
0.0
41
0.0
42
0.0
10
1397881.60681528
20
359364.818798264
40
0.0
41
0.0
42
0.0
10
1397964.83841421
20
359358.266557059
40
0.0
41
0.0
42
0.0
10
1398214.17621019
20
359353.018161991
40
0.0
41
0.0
42
0.0
210
0.0
220
0.0
230
1.0
0
LWPOLYLINE
5
686
330
1C
100
AcDbEntity
67
0
8
15 - историческая планировочная структура
62
7
6
ByLayer
370
20
48
1.0
60
0
100
AcDbPolyline
90
4
70
0
38
0.0
39
0.0
10
1398933.55118893
20
359313.683526161
40
0.0
41
0.0
42
0.0
10
1398943.5912558
20
359311.23881122
40
0.0
41
0.0
42
0.0
10
1399125.16561138
20
359189.233659877
40
0.0
41
0.0
42
0.0
10
1399231.84423249
20
359113.138157771
40
0.0
41
0.0
42
0.0
210
0.0
220
0.0
230
1.0
0
LWPOLYLINE
5
687
330
1C
100
AcDbEntity
67
0
8
15 - историческая планировочная структура
62
7
6
ByLayer
370
20
48
1.0
60
0
100
AcDbPolyline
90
7
70
0
38
0.0
39
0.0
10
1394668.69363518
20
359800.710017818
40
0.0
41
0.0
42
0.0
10
1394638.63891415
20
359647.51200759
40
0.0
41
0.0
42
0.0
10
1394624.67584536
20
359585.484541563
40
0.0
41
0.0
42
0.0
10
1394596.7394938
20
359473.8595698
40
0.0
41
0.0
42
0.0
10
1394549.31198916
20
359305.748391318
40
0.0
41
0.0
42
0.0
10
1394508.42344304
20
359138.506671323
40
0.0
41
0.0
42
0.0
10
1394488.22111448
20
359060.445782436
40
0.0
41
0.0
42
0.0
210
0.0
220
0.0
230
1.0
0
LWPOLYLINE
5
688
330
1C
100
AcDbEntity
67
0
8
15 - историческая планировочная структура
62
7
6
ByLayer
370
20
48
1.0
60
0
100
AcDbPolyline
90
13
70
0
38
0.0
39
0.0
10
1395568.23353293
20
361034.735998349
40
0.0
41
0.0
42
0.0
10
1395444.21999993
20
360824.547639954
40
0.0
41
0.0
42
0.0
10
1395438.34181486
20
360815.484199551
40
0.0
41
0.0
42
0.0
10
1395431.33503946
20
360806.912303506
40
0.0
41
0.0
42
0.0
10
1395419.77771881
20
360799.639483266
40
0.0
41
0.0
42
0.0
10
1395407.9689146
20
360794.071113279
40
0.0
41
0.0
42
0.0
10
1395331.22037434
20
360767.410651473
40
0.0
41
0.0
42
0.0
10
1395309.45771214
20
360747.608298437
40
0.0
41
0.0
42
0.0
10
1395302.52484002
20
360732.999648557
40
0.0
41
0.0
42
0.0
10
1395223.03415613
20
360439.508420452
40
0.0
41
0.0
42
0.0
10
1395163.67657188
20
360200.022167438
40
0.0
41
0.0
42
0.0
10
1395109.80301058
20
359966.571810417
40
0.0
41
0.0
42
0.0
10
1395045.64698923
20
359715.097225343
40
0.0
41
0.0
42
0.0
210
0.0
220
0.0
230
1.0
0
LWPOLYLINE
5
689
330
1C
100
AcDbEntity
67
0
8
15 - историческая планировочная структура
62
7
6
ByLayer
370
20
48
1.0
60
0
100
AcDbPolyline
90
6
70
0
38
0.0
39
0.0
10
1395722.06978332
20
360734.742024124
40
0.0
41
0.0
42
0.0
10
1395562.25599872
20
360648.31930923
40
0.0
41
0.0
42
0.0
10
1395502.16735192
20
360625.670430158
40
0.0
41
0.0
42
0.0
10
1395462.79920845
20
360619.31585715
40
0.0
41
0.0
42
0.0
10
1395440.79637757
20
360619.323713796
40
0.0
41
0.0
42
0.0
10
1395288.21545544
20
360651.622119663
40
0.0
41
0.0
42
0.0
210
0.0
220
0.0
230
1.0
0
LWPOLYLINE
5
68A
330
1C
100
AcDbEntity
67
0
8
15 - историческая планировочная структура
62
7
6
ByLayer
370
20
48
1.0
60
0
100
AcDbPolyline
90
10
70
0
38
0.0
39
0.0
10
1395012.77206222
20
360605.870152607
40
0.0
41
0.0
42
0.0
10
1395003.30667971
20
360596.718644677
40
0.0
41
0.0
42
0.0
10
1394991.99829163
20
360575.935701467
40
0.0
41
0.0
42
0.0
10
1394935.84189631
20
360345.52540843
40
0.0
41
0.0
42
0.0
10
1394861.81391658
20
360046.691497658
40
0.0
41
0.0
42
0.0
10
1394819.03980341
20
359874.193097381
40
0.0
41
0.0
42
0.0
10
1394763.08066533
20
359646.902694226
40
0.0
41
0.0
42
0.0
10
1394702.62020297
20
359385.630700877
40
0.0
41
0.0
42
0.0
10
1394679.02675004
20
359283.175982384
40
0.0
41
0.0
42
0.0
10
1394657.27499919
20
359162.355146264
40
0.0
41
0.0
42
0.0
210
0.0
220
0.0
230
1.0
0
LWPOLYLINE
5
68B
330
1C
100
AcDbEntity
67
0
8
15 - историческая планировочная структура
62
7
6
ByLayer
370
20
48
1.0
60
0
100
AcDbPolyline
90
6
70
0
38
0.0
39
0.0
10
1394738.69124036
20
360650.594943499
40
0.0
41
0.0
42
0.0
10
1394736.5452982
20
360603.58704835
40
0.0
41
0.0
42
0.0
10
1394727.25399911
20
360556.876631652
40
0.0
41
0.0
42
0.0
10
1394720.66121241
20
360536.222744351
40
0.0
41
0.0
42
0.0
10
1394687.60472292
20
360407.723061695
40
0.0
41
0.0
42
0.0
10
1394661.24675838
20
360306.718561468
40
0.0
41
0.0
42
0.0
210
0.0
220
0.0
230
1.0
0
LWPOLYLINE
5
68C
330
1C
100
AcDbEntity
67
0
8
15 - историческая планировочная структура
62
7
6
ByLayer
370
20
48
1.0
60
0
100
AcDbPolyline
90
4
70
0
38
0.0
39
0.0
10
1394652.19778993
20
360272.203952573
40
0.0
41
0.0
42
0.0
10
1394651.31880109
20
360268.674363071
40
0.0
41
0.0
42
0.0
10
1394575.76797456
20
359972.575998616
40
0.0
41
0.0
42
0.0
10
1394542.97469236
20
359841.384443506
40
0.0
41
0.0
42
0.0
210
0.0
220
0.0
230
1.0
0
LWPOLYLINE
5
68D
330
1C
100
AcDbEntity
67
0
8
15 - историческая планировочная структура
62
7
6
ByLayer
370
20
48
1.0
60
0
100
AcDbPolyline
90
11
70
0
38
0.0
39
0.0
10
1394540.61862124
20
359831.724461365
40
0.0
41
0.0
42
0.0
10
1394518.2284524
20
359727.742079027
40
0.0
41
0.0
42
0.0
10
1394510.99881284
20
359717.83348689
40
0.0
41
0.0
42
0.0
10
1394429.74795224
20
359648.469856114
40
0.0
41
0.0
42
0.0
10
1394376.07966171
20
359609.357276652
40
0.0
41
0.0
42
0.0
10
1394343.66620798
20
359586.490587833
40
0.0
41
0.0
42
0.0
10
1394300.02421769
20
359548.547777832
40
0.0
41
0.0
42
0.0
10
1394226.00446844
20
359440.434009178
40
0.0
41
0.0
42
0.0
10
1394202.13485992
20
359407.530480968
40
0.0
41
0.0
42
0.0
10
1394195.8153384
20
359399.169744325
40
0.0
41
0.0
42
0.0
10
1394191.83817084
20
359397.531703619
40
0.0
41
0.0
42
0.0
210
0.0
220
0.0
230
1.0
0
LWPOLYLINE
5
68E
330
1C
100
AcDbEntity
67
0
8
15 - историческая планировочная структура
62
7
6
ByLayer
370
20
48
1.0
60
0
100
AcDbPolyline
90
2
70
0
38
0.0
39
0.0
10
1394554.73447904
20
359310.175053616
40
0.0
41
0.0
42
0.0
10
1394671.81053288
20
359282.390851364
40
0.0
41
0.0
42
0.0
210
0.0
220
0.0
230
1.0
0
LWPOLYLINE
5
68F
330
1C
100
AcDbEntity
67
0
8
15 - историческая планировочная структура
62
7
6
ByLayer
370
20
48
1.0
60
0
100
AcDbPolyline
90
7
70
0
38
0.0
39
0.0
10
1399153.38558258
20
359615.789837434
40
0.0
41
0.0
42
0.0
10
1399169.72358687
20
359447.833738988
40
0.0
41
0.0
42
0.0
10
1399184.33687717
20
359361.856255649
40
0.0
41
0.0
42
0.0
10
1399189.41796563
20
359346.81751771
40
0.0
41
0.0
42
0.0
10
1399200.20940765
20
359293.590035894
40
0.0
41
0.0
42
0.0
10
1399219.83349509
20
359201.791992137
40
0.0
41
0.0
42
0.0
10
1399259.18843233
20
359139.823956492
40
0.0
41
0.0
42
0.0
210
0.0
220
0.0
230
1.0
0
LWPOLYLINE
5
690
330
1C
100
AcDbEntity
67
0
8
15 - историческая планировочная структура
62
7
6
ByLayer
370
20
48
1.0
60
0
100
AcDbPolyline
90
9
70
0
38
0.0
39
0.0
10
1399161.51008074
20
359457.705288991
40
0.0
41
0.0
42
0.0
10
1399080.43530232
20
359448.45243621
40
0.0
41
0.0
42
0.0
10
1398947.08695267
20
359435.159167458
40
0.0
41
0.0
42
0.0
10
1398721.71301149
20
359411.769350789
40
0.0
41
0.0
42
0.0
10
1398602.11876101
20
359396.961682746
40
0.0
41
0.0
42
0.0
10
1398475.35311308
20
359381.162834857
40
0.0
41
0.0
42
0.0
10
1398314.59501924
20
359364.753538476
40
0.0
41
0.0
42
0.0
10
1398258.23213232
20
359360.018899539
40
0.0
41
0.0
42
0.0
10
1398214.07437754
20
359354.790178594
40
0.0
41
0.0
42
0.0
210
0.0
220
0.0
230
1.0
0
LWPOLYLINE
5
691
330
1C
100
AcDbEntity
67
0
8
15 - историческая планировочная структура
62
7
6
ByLayer
370
20
48
1.0
60
0
100
AcDbPolyline
90
3
70
0
38
0.0
39
0.0
10
1394358.83834259
20
359059.062683631
40
0.0
41
0.0
42
0.0
10
1394398.56242054
20
359222.630557255
40
0.0
41
0.0
42
0.0
10
1394424.51728277
20
359335.677620015
40
0.0
41
0.0
42
0.0
210
0.0
220
0.0
230
1.0
0
LWPOLYLINE
5
692
330
1C
100
AcDbEntity
67
0
8
15 - историческая планировочная структура
62
7
6
ByLayer
370
20
48
1.0
60
0
100
AcDbPolyline
90
12
70
0
38
0.0
39
0.0
10
1394183.55962478
20
359077.124092065
40
0.0
41
0.0
42
0.0
10
1394202.27152911
20
359111.782735785
40
0.0
41
0.0
42
0.0
10
1394209.28749247
20
359116.184556108
40
0.0
41
0.0
42
0.0
10
1394216.62813254
20
359120.020539667
40
0.0
41
0.0
42
0.0
10
1394224.24790874
20
359123.266888363
40
0.0
41
0.0
42
0.0
10
1394232.09954874
20
359125.903462141
40
0.0
41
0.0
42
0.0
10
1394240.13434174
20
359127.913903912
40
0.0
41
0.0
42
0.0
10
1394248.30244069
20
359129.285741056
40
0.0
41
0.0
42
0.0
10
1394256.5531715
20
359130.010462786
40
0.0
41
0.0
42
0.0
10
1394264.83534744
20
359130.083572961
40
0.0
41
0.0
42
0.0
10
1394282.10471835
20
359128.163168624
40
0.0
41
0.0
42
0.0
10
1394489.57975779
20
359081.174283076
40
0.0
41
0.0
42
0.0
210
0.0
220
0.0
230
1.0
0
LWPOLYLINE
5
693
330
1C
100
AcDbEntity
67
0
8
15 - историческая планировочная структура
62
7
6
ByLayer
370
20
48
1.0
60
0
100
AcDbPolyline
90
21
70
0
38
0.0
39
0.0
10
1395578.15420963
20
360648.408757868
40
0.0
41
0.0
42
0.0
10
1395581.7281765
20
360641.966839707
40
0.0
41
0.0
42
0.0
10
1395531.27821661
20
360596.805275893
40
0.0
41
0.0
42
0.0
10
1395527.90403492
20
360591.959804412
40
0.0
41
0.0
42
0.0
10
1395525.06237194
20
360586.784029407
40
0.0
41
0.0
42
0.0
10
1395522.78523385
20
360581.336246638
40
0.0
41
0.0
42
0.0
10
1395521.09826848
20
360575.677815547
40
0.0
41
0.0
42
0.0
10
1395520.02047646
20
360569.872468123
40
0.0
41
0.0
42
0.0
10
1395519.56399715
20
360563.985591121
40
0.0
41
0.0
42
0.0
10
1395519.73397195
20
360558.083489564
40
0.0
41
0.0
42
0.0
10
1395520.52848642
20
360552.23263997
40
0.0
41
0.0
42
0.0
10
1395530.61150242
20
360496.7787212
40
0.0
41
0.0
42
0.0
10
1395563.86140904
20
360440.821501898
40
0.0
41
0.0
42
0.0
10
1395570.05532536
20
360426.721856786
40
0.0
41
0.0
42
0.0
10
1395570.35046852
20
360407.447210008
40
0.0
41
0.0
42
0.0
10
1395519.97909505
20
360196.018534712
40
0.0
41
0.0
42
0.0
10
1395487.86940605
20
360058.043991098
40
0.0
41
0.0
42
0.0
10
1395464.25427191
20
359944.757128408
40
0.0
41
0.0
42
0.0
10
1395336.59734674
20
359907.980607575
40
0.0
41
0.0
42
0.0
10
1395327.17939614
20
359906.460299681
40
0.0
41
0.0
42
0.0
10
1395269.90341049
20
359664.200984593
40
0.0
41
0.0
42
0.0
210
0.0
220
0.0
230
1.0
0
LWPOLYLINE
5
694
330
1C
100
AcDbEntity
67
0
8
15 - историческая планировочная структура
62
7
6
ByLayer
370
20
48
1.0
60
0
100
AcDbPolyline
90
4
70
0
38
0.0
39
0.0
10
1394468.62890565
20
360631.766169696
40
0.0
41
0.0
42
0.0
10
1394463.29100306
20
360593.908046256
40
0.0
41
0.0
42
0.0
10
1394405.87813361
20
360331.129230443
40
0.0
41
0.0
42
0.0
10
1394384.82927689
20
360245.106658205
40
0.0
41
0.0
42
0.0
210
0.0
220
0.0
230
1.0
0
LWPOLYLINE
5
695
330
1C
100
AcDbEntity
67
0
8
15 - историческая планировочная структура
62
7
6
ByLayer
370
20
48
1.0
60
0
100
AcDbPolyline
90
3
70
0
38
0.0
39
0.0
10
1394249.53069628
20
360277.100192595
40
0.0
41
0.0
42
0.0
10
1394258.43593462
20
360265.410681287
40
0.0
41
0.0
42
0.0
10
1394626.59901766
20
360193.06699445
40
0.0
41
0.0
42
0.0
210
0.0
220
0.0
230
1.0
0
LWPOLYLINE
5
696
330
1C
100
AcDbEntity
67
0
8
15 - историческая планировочная структура
62
7
6
ByLayer
370
20
48
1.0
60
0
100
AcDbPolyline
90
3
70
0
38
0.0
39
0.0
10
1394727.18241812
20
360539.534686065
40
0.0
41
0.0
42
0.0
10
1394759.17458056
20
360531.309558183
40
0.0
41
0.0
42
0.0
10
1394960.26947749
20
360477.339857806
40
0.0
41
0.0
42
0.0
210
0.0
220
0.0
230
1.0
0
LWPOLYLINE
5
697
330
1C
100
AcDbEntity
67
0
8
15 - историческая планировочная структура
62
7
6
ByLayer
370
20
48
1.0
60
0
100
AcDbPolyline
90
4
70
0
38
0.0
39
0.0
10
1394974.77655546
20
360473.446457741
40
0.0
41
0.0
42
0.0
10
1394978.18050207
20
360472.532908762
40
0.0
41
0.0
42
0.0
10
1395208.87464674
20
360413.620549222
40
0.0
41
0.0
42
0.0
10
1395208.8981271
20
360413.61329879
40
0.0
41
0.0
42
0.0
210
0.0
220
0.0
230
1.0
0
LWPOLYLINE
5
698
330
1C
100
AcDbEntity
67
0
8
15 - историческая планировочная структура
62
7
6
ByLayer
370
20
48
1.0
60
0
100
AcDbPolyline
90
3
70
0
38
0.0
39
0.0
10
1395223.30953036
20
360409.163244183
40
0.0
41
0.0
42
0.0
10
1395229.69159951
20
360407.192543858
40
0.0
41
0.0
42
0.0
10
1395544.74960146
20
360327.67554088
40
0.0
41
0.0
42
0.0
210
0.0
220
0.0
230
1.0
0
LWPOLYLINE
5
699
330
1C
100
AcDbEntity
67
0
8
15 - историческая планировочная структура
62
7
6
ByLayer
370
20
48
1.0
60
0
100
AcDbPolyline
90
5
70
0
38
0.0
39
0.0
10
1395014.06423364
20
360596.609816789
40
0.0
41
0.0
42
0.0
10
1395016.08106015
20
360594.569863088
40
0.0
41
0.0
42
0.0
10
1395067.96755709
20
360579.877667786
40
0.0
41
0.0
42
0.0
10
1395082.45341162
20
360578.696800527
40
0.0
41
0.0
42
0.0
10
1395242.58006675
20
360537.444555663
40
0.0
41
0.0
42
0.0
210
0.0
220
0.0
230
1.0
0
LWPOLYLINE
5
69A
330
1C
100
AcDbEntity
67
0
8
15 - историческая планировочная структура
62
7
6
ByLayer
370
20
48
1.0
60
0
100
AcDbPolyline
90
7
70
0
38
0.0
39
0.0
10
1395325.38372596
20
360513.417899537
40
0.0
41
0.0
42
0.0
10
1395390.68716541
20
360495.828111541
40
0.0
41
0.0
42
0.0
10
1395506.64720309
20
360467.797492094
40
0.0
41
0.0
42
0.0
10
1395535.7381873
20
360459.068848267
40
0.0
41
0.0
42
0.0
10
1395540.88676084
20
360459.009968227
40
0.0
41
0.0
42
0.0
10
1395543.07461219
20
360459.554815724
40
0.0
41
0.0
42
0.0
10
1395544.64258919
20
360460.494427817
40
0.0
41
0.0
42
0.0
210
0.0
220
0.0
230
1.0
0
LWPOLYLINE
5
69B
330
1C
100
AcDbEntity
67
0
8
15 - историческая планировочная структура
62
7
6
ByLayer
370
20
48
1.0
60
0
100
AcDbPolyline
90
2
70
0
38
0.0
39
0.0
10
1394567.11382169
20
360444.56309324
40
0.0
41
0.0
42
0.0
10
1394683.50941872
20
360413.754710665
40
0.0
41
0.0
42
0.0
210
0.0
220
0.0
230
1.0
0
LWPOLYLINE
5
69C
330
1C
100
AcDbEntity
67
0
8
15 - историческая планировочная структура
62
7
6
ByLayer
370
20
48
1.0
60
0
100
AcDbPolyline
90
4
70
0
38
0.0
39
0.0
10
1394694.20501227
20
360410.923727329
40
0.0
41
0.0
42
0.0
10
1394698.26025712
20
360409.850357178
40
0.0
41
0.0
42
0.0
10
1394819.58024035
20
360378.103684002
40
0.0
41
0.0
42
0.0
10
1394929.062427
20
360349.348097816
40
0.0
41
0.0
42
0.0
210
0.0
220
0.0
230
1.0
0
LWPOLYLINE
5
69D
330
1C
100
AcDbEntity
67
0
8
15 - историческая планировочная структура
62
7
6
ByLayer
370
20
48
1.0
60
0
100
AcDbPolyline
90
4
70
0
38
0.0
39
0.0
10
1394943.54139879
20
360345.545183345
40
0.0
41
0.0
42
0.0
10
1394945.98095473
20
360344.904431848
40
0.0
41
0.0
42
0.0
10
1395099.43254522
20
360306.331749275
40
0.0
41
0.0
42
0.0
10
1395177.49211916
20
360286.426631637
40
0.0
41
0.0
42
0.0
210
0.0
220
0.0
230
1.0
0
LWPOLYLINE
5
69E
330
1C
100
AcDbEntity
67
0
8
15 - историческая планировочная структура
62
7
6
ByLayer
370
20
48
1.0
60
0
100
AcDbPolyline
90
2
70
0
38
0.0
39
0.0
10
1394412.14295759
20
360337.968174007
40
0.0
41
0.0
42
0.0
10
1394665.18497008
20
360273.544173173
40
0.0
41
0.0
42
0.0
210
0.0
220
0.0
230
1.0
0
LWPOLYLINE
5
69F
330
1C
100
AcDbEntity
67
0
8
15 - историческая планировочная структура
62
7
6
ByLayer
370
20
48
1.0
60
0
100
AcDbPolyline
90
3
70
0
38
0.0
39
0.0
10
1394666.53422019
20
360310.36562122
40
0.0
41
0.0
42
0.0
10
1394694.67081516
20
360276.043287234
40
0.0
41
0.0
42
0.0
10
1394897.41741999
20
360221.424398645
40
0.0
41
0.0
42
0.0
210
0.0
220
0.0
230
1.0
0
LWPOLYLINE
5
6A0
330
1C
100
AcDbEntity
67
0
8
15 - историческая планировочная структура
62
7
6
ByLayer
370
20
48
1.0
60
0
100
AcDbPolyline
90
3
70
0
38
0.0
39
0.0
10
1394911.82133947
20
360217.544055934
40
0.0
41
0.0
42
0.0
10
1394913.24268561
20
360217.161152501
40
0.0
41
0.0
42
0.0
10
1395146.32495282
20
360158.217053446
40
0.0
41
0.0
42
0.0
210
0.0
220
0.0
230
1.0
0
LWPOLYLINE
5
6A1
330
1C
100
AcDbEntity
67
0
8
15 - историческая планировочная структура
62
7
6
ByLayer
370
20
48
1.0
60
0
100
AcDbPolyline
90
3
70
0
38
0.0
39
0.0
10
1395160.83824188
20
360154.546791225
40
0.0
41
0.0
42
0.0
10
1395166.95082488
20
360153.000981525
40
0.0
41
0.0
42
0.0
10
1395486.00245199
20
360076.19408071
40
0.0
41
0.0
42
0.0
210
0.0
220
0.0
230
1.0
0
LWPOLYLINE
5
6A2
330
1C
100
AcDbEntity
67
0
8
15 - историческая планировочная структура
62
7
6
ByLayer
370
20
48
1.0
60
0
100
AcDbPolyline
90
2
70
0
38
0.0
39
0.0
10
1394611.02287943
20
360089.323970112
40
0.0
41
0.0
42
0.0
10
1394849.04335678
20
360026.288859406
40
0.0
41
0.0
42
0.0
210
0.0
220
0.0
230
1.0
0
LWPOLYLINE
5
6A3
330
1C
100
AcDbEntity
67
0
8
15 - историческая планировочная структура
62
7
6
ByLayer
370
20
48
1.0
60
0
100
AcDbPolyline
90
4
70
0
38
0.0
39
0.0
10
1394863.49177929
20
360022.462473373
40
0.0
41
0.0
42
0.0
10
1394893.07877846
20
360014.626926815
40
0.0
41
0.0
42
0.0
10
1394976.75947818
20
359993.807059936
40
0.0
41
0.0
42
0.0
10
1395100.99967612
20
359962.864563619
40
0.0
41
0.0
42
0.0
210
0.0
220
0.0
230
1.0
0
LWPOLYLINE
5
6A4
330
1C
100
AcDbEntity
67
0
8
15 - историческая планировочная структура
62
7
6
ByLayer
370
20
48
1.0
60
0
100
AcDbPolyline
90
3
70
0
38
0.0
39
0.0
10
1395115.69417546
20
359959.204841677
40
0.0
41
0.0
42
0.0
10
1395121.79477498
20
359957.685463711
40
0.0
41
0.0
42
0.0
10
1395320.49427905
20
359906.306894441
40
0.0
41
0.0
42
0.0
210
0.0
220
0.0
230
1.0
0
LWPOLYLINE
5
6A5
330
1C
100
AcDbEntity
67
0
8
15 - историческая планировочная структура
62
7
6
ByLayer
370
20
48
1.0
60
0
100
AcDbPolyline
90
4
70
0
38
0.0
39
0.0
10
1394884.31933471
20
360106.521161541
40
0.0
41
0.0
42
0.0
10
1394892.84439214
20
360104.445972083
40
0.0
41
0.0
42
0.0
10
1395125.1495651
20
360153.219573245
40
0.0
41
0.0
42
0.0
10
1395126.28027259
20
360157.698592597
40
0.0
41
0.0
42
0.0
210
0.0
220
0.0
230
1.0
0
LWPOLYLINE
5
6A6
330
1C
100
AcDbEntity
67
0
8
15 - историческая планировочная структура
62
7
6
ByLayer
370
20
48
1.0
60
0
100
AcDbPolyline
90
4
70
0
38
0.0
39
0.0
10
1395217.90774174
20
360276.967489656
40
0.0
41
0.0
42
0.0
10
1395268.50708758
20
360259.05766084
40
0.0
41
0.0
42
0.0
10
1395412.44465498
20
360223.260674523
40
0.0
41
0.0
42
0.0
10
1395514.41061181
20
360199.479454037
40
0.0
41
0.0
42
0.0
210
0.0
220
0.0
230
1.0
0
LWPOLYLINE
5
6A7
330
1C
100
AcDbEntity
67
0
8
15 - историческая планировочная структура
62
7
6
ByLayer
370
20
48
1.0
60
0
100
AcDbPolyline
90
7
70
0
38
0.0
39
0.0
10
1395471.69701806
20
359950.676860676
40
0.0
41
0.0
42
0.0
10
1395929.89539212
20
359831.679980525
40
0.0
41
0.0
42
0.0
10
1396034.44480025
20
359865.018590619
40
0.0
41
0.0
42
0.0
10
1396088.24984386
20
359872.601714597
40
0.0
41
0.0
42
0.0
10
1396146.34552271
20
359895.477227232
40
0.0
41
0.0
42
0.0
10
1396203.95868323
20
359942.089706316
40
0.0
41
0.0
42
0.0
10
1396221.7523039
20
359945.471893629
40
0.0
41
0.0
42
0.0
210
0.0
220
0.0
230
1.0
0
LWPOLYLINE
5
6A8
330
1C
100
AcDbEntity
67
0
8
15 - историческая планировочная структура
62
7
6
ByLayer
370
20
48
1.0
60
0
100
AcDbPolyline
90
4
70
0
38
0.0
39
0.0
10
1394832.26879056
20
359897.262470385
40
0.0
41
0.0
42
0.0
10
1394898.54513911
20
359881.262141221
40
0.0
41
0.0
42
0.0
10
1394968.87796015
20
359865.089175382
40
0.0
41
0.0
42
0.0
10
1395069.74817972
20
359839.662054994
40
0.0
41
0.0
42
0.0
210
0.0
220
0.0
230
1.0
0
LWPOLYLINE
5
6A9
330
1C
100
AcDbEntity
67
0
8
15 - историческая планировочная структура
62
7
6
ByLayer
370
20
48
1.0
60
0
100
AcDbPolyline
90
4
70
0
38
0.0
39
0.0
10
1395084.00486747
20
359835.287994584
40
0.0
41
0.0
42
0.0
10
1395094.01937007
20
359832.203975518
40
0.0
41
0.0
42
0.0
10
1395214.05260255
20
359802.840003217
40
0.0
41
0.0
42
0.0
10
1395291.35641831
20
359782.967378351
40
0.0
41
0.0
42
0.0
210
0.0
220
0.0
230
1.0
0
LWPOLYLINE
5
6AA
330
1C
100
AcDbEntity
67
0
8
15 - историческая планировочная структура
62
7
6
ByLayer
370
20
48
1.0
60
0
100
AcDbPolyline
90
3
70
0
38
0.0
39
0.0
10
1395613.31519598
20
359578.257786338
40
0.0
41
0.0
42
0.0
10
1395637.81675712
20
359677.149010188
40
0.0
41
0.0
42
0.0
10
1395648.23035999
20
359724.262208584
40
0.0
41
0.0
42
0.0
210
0.0
220
0.0
230
1.0
0
LWPOLYLINE
5
6AB
330
1C
100
AcDbEntity
67
0
8
15 - историческая планировочная структура
62
7
6
ByLayer
370
20
48
1.0
60
0
100
AcDbPolyline
90
4
70
0
38
0.0
39
0.0
10
1395779.19067799
20
359536.656239032
40
0.0
41
0.0
42
0.0
10
1395803.69226018
20
359635.547502373
40
0.0
41
0.0
42
0.0
10
1395817.99240282
20
359710.901383424
40
0.0
41
0.0
42
0.0
10
1395847.16066316
20
359831.550662962
40
0.0
41
0.0
42
0.0
210
0.0
220
0.0
230
1.0
0
LWPOLYLINE
5
6AC
330
1C
100
AcDbEntity
67
0
8
15 - историческая планировочная структура
62
7
6
ByLayer
370
20
48
1.0
60
0
100
AcDbPolyline
90
8
70
0
38
0.0
39
0.0
10
1395815.57122908
20
359726.547029343
40
0.0
41
0.0
42
0.0
10
1395812.91405357
20
359727.155857549
40
0.0
41
0.0
42
0.0
10
1395809.94058846
20
359729.017595373
40
0.0
41
0.0
42
0.0
10
1395806.73767921
20
359732.607627306
40
0.0
41
0.0
42
0.0
10
1395728.51484019
20
359856.550702574
40
0.0
41
0.0
42
0.0
10
1395723.32643473
20
359864.678971858
40
0.0
41
0.0
42
0.0
10
1395719.42048024
20
359872.521048895
40
0.0
41
0.0
42
0.0
10
1395720.8899987
20
359878.248511583
40
0.0
41
0.0
42
0.0
210
0.0
220
0.0
230
1.0
0
LWPOLYLINE
5
6AD
330
1C
100
AcDbEntity
67
0
8
15 - историческая планировочная структура
62
7
6
ByLayer
370
20
48
1.0
60
0
100
AcDbPolyline
90
9
70
0
38
0.0
39
0.0
10
1396081.35499811
20
359768.080210947
40
0.0
41
0.0
42
0.0
10
1396105.19103593
20
359772.945865777
40
0.0
41
0.0
42
0.0
10
1396166.36149362
20
359780.237846175
40
0.0
41
0.0
42
0.0
10
1396263.68524492
20
359807.894950086
40
0.0
41
0.0
42
0.0
10
1396284.12489975
20
359801.647405742
40
0.0
41
0.0
42
0.0
10
1396326.89393946
20
359790.50260827
40
0.0
41
0.0
42
0.0
10
1396347.6318902
20
359781.796866444
40
0.0
41
0.0
42
0.0
10
1396379.67046547
20
359754.845149901
40
0.0
41
0.0
42
0.0
10
1396381.09549473
20
359754.455829396
40
0.0
41
0.0
42
0.0
210
0.0
220
0.0
230
1.0
0
LWPOLYLINE
5
6AE
330
1C
100
AcDbEntity
67
0
8
15 - историческая планировочная структура
62
7
6
ByLayer
370
20
48
1.0
60
0
100
AcDbPolyline
90
12
70
0
38
0.0
39
0.0
10
1395923.18734411
20
359502.78459906
40
0.0
41
0.0
42
0.0
10
1395925.97091685
20
359543.566223495
40
0.0
41
0.0
42
0.0
10
1395927.62347711
20
359566.457809356
40
0.0
41
0.0
42
0.0
10
1395935.20965902
20
359583.220407662
40
0.0
41
0.0
42
0.0
10
1395956.20056012
20
359598.500056226
40
0.0
41
0.0
42
0.0
10
1395989.27953597
20
359609.550845313
40
0.0
41
0.0
42
0.0
10
1396099.77347848
20
359644.696931114
40
0.0
41
0.0
42
0.0
10
1396208.58628786
20
359681.126142587
40
0.0
41
0.0
42
0.0
10
1396319.45809288
20
359720.177958621
40
0.0
41
0.0
42
0.0
10
1396361.11645497
20
359735.089584347
40
0.0
41
0.0
42
0.0
10
1396383.67186782
20
359742.870680471
40
0.0
41
0.0
42
0.0
10
1396384.79318854
20
359746.207728181
40
0.0
41
0.0
42
0.0
210
0.0
220
0.0
230
1.0
0
LWPOLYLINE
5
6AF
330
1C
100
AcDbEntity
67
0
8
15 - историческая планировочная структура
62
7
6
ByLayer
370
20
48
1.0
60
0
100
AcDbPolyline
90
13
70
0
38
0.0
39
0.0
10
1394951.81332477
20
359604.570757975
40
0.0
41
0.0
42
0.0
10
1394994.63192604
20
359569.378238069
40
0.0
41
0.0
42
0.0
10
1395023.04315524
20
359558.903566268
40
0.0
41
0.0
42
0.0
10
1395043.24882515
20
359554.411103205
40
0.0
41
0.0
42
0.0
10
1395153.23617181
20
359532.279068289
40
0.0
41
0.0
42
0.0
10
1395212.21982997
20
359517.491639755
40
0.0
41
0.0
42
0.0
10
1395268.15979926
20
359499.613555218
40
0.0
41
0.0
42
0.0
10
1395473.9312289
20
359431.157603987
40
0.0
41
0.0
42
0.0
10
1395585.89051384
20
359392.550961021
40
0.0
41
0.0
42
0.0
10
1395650.37920587
20
359374.449542967
40
0.0
41
0.0
42
0.0
10
1395680.94551748
20
359368.825363926
40
0.0
41
0.0
42
0.0
10
1395714.39649288
20
359366.688941362
40
0.0
41
0.0
42
0.0
10
1395724.31266462
20
359367.604127765
40
0.0
41
0.0
42
0.0
210
0.0
220
0.0
230
1.0
0
LWPOLYLINE
5
6B0
330
1C
100
AcDbEntity
67
0
8
15 - историческая планировочная структура
62
7
6
ByLayer
370
20
48
1.0
60
0
100
AcDbPolyline
90
3
70
0
38
0.0
39
0.0
10
1394318.86635612
20
360637.390111068
40
0.0
41
0.0
42
0.0
10
1394393.90251598
20
360619.824732719
40
0.0
41
0.0
42
0.0
10
1394460.27749147
20
360605.450143742
40
0.0
41
0.0
42
0.0
210
0.0
220
0.0
230
1.0
0
LWPOLYLINE
5
6B1
330
1C
100
AcDbEntity
67
0
8
15 - историческая планировочная структура
62
7
6
ByLayer
370
20
48
1.0
60
0
100
AcDbPolyline
90
3
70
0
38
0.0
39
0.0
10
1394234.68854241
20
359235.455015789
40
0.0
41
0.0
42
0.0
10
1394330.9448585
20
359317.30778142
40
0.0
41
0.0
42
0.0
10
1394366.06538954
20
359351.589380645
40
0.0
41
0.0
42
0.0
210
0.0
220
0.0
230
1.0
0
LWPOLYLINE
5
6B2
330
1C
100
AcDbEntity
67
0
8
15 - историческая планировочная структура
62
7
6
ByLayer
370
20
48
1.0
60
0
100
AcDbPolyline
90
11
70
0
38
0.0
39
0.0
10
1396338.61457978
20
359626.680694868
40
0.0
41
0.0
42
0.0
10
1396338.26810276
20
359627.683015199
40
0.0
41
0.0
42
0.0
10
1396338.31778466
20
359630.297996877
40
0.0
41
0.0
42
0.0
10
1396340.18182555
20
359633.112279347
40
0.0
41
0.0
42
0.0
10
1396342.66598771
20
359635.644015598
40
0.0
41
0.0
42
0.0
10
1396357.03228835
20
359648.219728
40
0.0
41
0.0
42
0.0
10
1396384.63848934
20
359679.174103955
40
0.0
41
0.0
42
0.0
10
1396406.55590707
20
359715.264668522
40
0.0
41
0.0
42
0.0
10
1396421.94385681
20
359745.541643388
40
0.0
41
0.0
42
0.0
10
1396424.75923838
20
359752.895051526
40
0.0
41
0.0
42
0.0
10
1396423.91590647
20
359755.017819159
40
0.0
41
0.0
42
0.0
210
0.0
220
0.0
230
1.0
0
LWPOLYLINE
5
6B3
330
1C
100
AcDbEntity
67
0
8
15 - историческая планировочная структура
62
7
6
ByLayer
370
20
48
1.0
60
0
100
AcDbPolyline
90
21
70
0
38
0.0
39
0.0
10
1396269.47844985
20
359813.344619141
40
0.0
41
0.0
42
0.0
10
1396270.95547409
20
359814.903673581
40
0.0
41
0.0
42
0.0
10
1396273.13037338
20
359815.837896302
40
0.0
41
0.0
42
0.0
10
1396279.95608601
20
359817.905130566
40
0.0
41
0.0
42
0.0
10
1396302.35557559
20
359822.653508772
40
0.0
41
0.0
42
0.0
10
1396364.94668726
20
359843.64117447
40
0.0
41
0.0
42
0.0
10
1396379.83157521
20
359855.307804214
40
0.0
41
0.0
42
0.0
10
1396401.75301581
20
359867.091429537
40
0.0
41
0.0
42
0.0
10
1396427.37099395
20
359889.895511443
40
0.0
41
0.0
42
0.0
10
1396457.57791589
20
359916.346616695
40
0.0
41
0.0
42
0.0
10
1396514.2333456
20
359949.84010432
40
0.0
41
0.0
42
0.0
10
1396543.07650585
20
359963.619963526
40
0.0
41
0.0
42
0.0
10
1396567.61102618
20
359976.232322972
40
0.0
41
0.0
42
0.0
10
1396594.67464965
20
359980.923735755
40
0.0
41
0.0
42
0.0
10
1396641.85536213
20
359982.739584885
40
0.0
41
0.0
42
0.0
10
1396673.34271472
20
359992.605855677
40
0.0
41
0.0
42
0.0
10
1396698.13928733
20
360002.631567681
40
0.0
41
0.0
42
0.0
10
1396722.83266585
20
360014.680177824
40
0.0
41
0.0
42
0.0
10
1396758.92379347
20
360025.712804803
40
0.0
41
0.0
42
0.0
10
1396764.62019022
20
360029.987332895
40
0.0
41
0.0
42
0.0
10
1396764.50630413
20
360032.170336713
40
0.0
41
0.0
42
0.0
210
0.0
220
0.0
230
1.0
0
LWPOLYLINE
5
6B4
330
1C
100
AcDbEntity
67
0
8
15 - историческая планировочная структура
62
7
6
ByLayer
370
20
48
1.0
60
0
100
AcDbPolyline
90
28
70
0
38
0.0
39
0.0
10
1397173.99346097
20
359975.004594514
40
0.0
41
0.0
42
0.0
10
1397174.61888091
20
359964.242548846
40
0.0
41
0.0
42
0.0
10
1397173.06200407
20
359951.605790996
40
0.0
41
0.0
42
0.0
10
1397167.75639325
20
359931.044723756
40
0.0
41
0.0
42
0.0
10
1397159.25842775
20
359908.450734138
40
0.0
41
0.0
42
0.0
10
1397152.63721776
20
359896.68409711
40
0.0
41
0.0
42
0.0
10
1397141.99967688
20
359879.292363718
40
0.0
41
0.0
42
0.0
10
1397134.35879988
20
359868.278480231
40
0.0
41
0.0
42
0.0
10
1397127.10801523
20
359860.657441576
40
0.0
41
0.0
42
0.0
10
1397118.02858991
20
359856.984295362
40
0.0
41
0.0
42
0.0
10
1397103.94949807
20
359852.64559672
40
0.0
41
0.0
42
0.0
10
1397090.04476866
20
359846.542478148
40
0.0
41
0.0
42
0.0
10
1397085.12170986
20
359840.871412827
40
0.0
41
0.0
42
0.0
10
1397065.5520394
20
359845.267930356
40
0.0
41
0.0
42
0.0
10
1396980.87102689
20
359871.213582077
40
0.0
41
0.0
42
0.0
10
1396932.84211918
20
359886.264969384
40
0.0
41
0.0
42
0.0
10
1396905.47165969
20
359893.503172223
40
0.0
41
0.0
42
0.0
10
1396893.23553547
20
359893.904841641
40
0.0
41
0.0
42
0.0
10
1396825.98893555
20
359892.580518938
40
0.0
41
0.0
42
0.0
10
1396779.76143984
20
359889.958408389
40
0.0
41
0.0
42
0.0
10
1396763.52303114
20
359891.91861129
40
0.0
41
0.0
42
0.0
10
1396737.21310439
20
359897.258717884
40
0.0
41
0.0
42
0.0
10
1396731.37920557
20
359896.520382983
40
0.0
41
0.0
42
0.0
10
1396725.27090723
20
359894.087624191
40
0.0
41
0.0
42
0.0
10
1396720.40593087
20
359889.788364861
40
0.0
41
0.0
42
0.0
10
1396716.68033339
20
359884.304717725
40
0.0
41
0.0
42
0.0
10
1396714.43113964
20
359879.631414451
40
0.0
41
0.0
42
0.0
10
1396713.1961505
20
359872.028042111
40
0.0
41
0.0
42
0.0
210
0.0
220
0.0
230
1.0
0
LWPOLYLINE
5
6B5
330
1C
100
AcDbEntity
67
0
8
15 - историческая планировочная структура
62
7
6
ByLayer
370
20
48
1.0
60
0
100
AcDbPolyline
90
3
70
0
38
0.0
39
0.0
10
1396860.89477568
20
359669.053922974
40
0.0
41
0.0
42
0.0
10
1396883.90815594
20
359736.057769805
40
0.0
41
0.0
42
0.0
10
1396886.26632754
20
359739.052516275
40
0.0
41
0.0
42
0.0
210
0.0
220
0.0
230
1.0
0
LWPOLYLINE
5
6B6
330
1C
100
AcDbEntity
67
0
8
15 - историческая планировочная структура
62
7
6
ByLayer
370
20
48
1.0
60
0
100
AcDbPolyline
90
5
70
0
38
0.0
39
0.0
10
1398233.18811077
20
359361.969835245
40
0.0
41
0.0
42
0.0
10
1398232.36900698
20
359381.291558076
40
0.0
41
0.0
42
0.0
10
1398231.29674737
20
359458.939891022
40
0.0
41
0.0
42
0.0
10
1398229.68764394
20
359547.459008439
40
0.0
41
0.0
42
0.0
10
1398229.78823464
20
359606.50493251
40
0.0
41
0.0
42
0.0
210
0.0
220
0.0
230
1.0
0
LWPOLYLINE
5
6B7
330
1C
100
AcDbEntity
67
0
8
15 - историческая планировочная структура
62
7
6
ByLayer
370
20
48
1.0
60
0
100
AcDbPolyline
90
2
70
0
38
0.0
39
0.0
10
1394787.97829355
20
359776.728311221
40
0.0
41
0.0
42
0.0
10
1394536.43837653
20
359837.865835246
40
0.0
41
0.0
42
0.0
210
0.0
220
0.0
230
1.0
0
LWPOLYLINE
5
6B8
330
1C
100
AcDbEntity
67
0
8
15 - историческая планировочная структура
62
7
6
ByLayer
370
20
48
1.0
60
0
100
AcDbPolyline
90
17
70
0
38
0.0
39
0.0
10
1394425.36038164
20
359864.171279336
40
0.0
41
0.0
42
0.0
10
1394420.95510304
20
359863.553906673
40
0.0
41
0.0
42
0.0
10
1394416.72927431
20
359862.16466238
40
0.0
41
0.0
42
0.0
10
1394412.81700803
20
359860.047636099
40
0.0
41
0.0
42
0.0
10
1394409.34246543
20
359857.270014625
40
0.0
41
0.0
42
0.0
10
1394356.8127884
20
359797.283538733
40
0.0
41
0.0
42
0.0
10
1394237.92392077
20
359662.19271858
40
0.0
41
0.0
42
0.0
10
1394208.3152815
20
359617.586547185
40
0.0
41
0.0
42
0.0
10
1394175.62999036
20
359570.601092881
40
0.0
41
0.0
42
0.0
10
1394163.79382264
20
359554.507725715
40
0.0
41
0.0
42
0.0
10
1394152.57767931
20
359535.233186502
40
0.0
41
0.0
42
0.0
10
1394148.25742663
20
359527.001525092
40
0.0
41
0.0
42
0.0
10
1394146.5278937
20
359518.405084569
40
0.0
41
0.0
42
0.0
10
1394146.87989055
20
359506.611130028
40
0.0
41
0.0
42
0.0
10
1394152.04536647
20
359487.107419064
40
0.0
41
0.0
42
0.0
10
1394165.67219734
20
359449.887299287
40
0.0
41
0.0
42
0.0
10
1394192.94586289
20
359381.301425406
40
0.0
41
0.0
42
0.0
210
0.0
220
0.0
230
1.0
0
LWPOLYLINE
5
6B9
330
1C
100
AcDbEntity
67
0
8
15 - историческая планировочная структура
62
7
6
ByLayer
370
20
48
1.0
60
0
100
AcDbPolyline
90
2
70
0
38
0.0
39
0.0
10
1395621.88042404
20
359561.145482046
40
0.0
41
0.0
42
0.0
10
1395589.55255319
20
359399.927171054
40
0.0
41
0.0
42
0.0
210
0.0
220
0.0
230
1.0
0
LWPOLYLINE
5
6BA
330
1C
100
AcDbEntity
67
0
8
15 - историческая планировочная структура
62
7
6
ByLayer
370
20
48
1.0
60
0
100
AcDbPolyline
90
3
70
0
38
0.0
39
0.0
10
1395686.8370587
20
359544.649715279
40
0.0
41
0.0
42
0.0
10
1395669.92536587
20
359477.086041043
40
0.0
41
0.0
42
0.0
10
1395647.34822412
20
359383.071557608
40
0.0
41
0.0
42
0.0
210
0.0
220
0.0
230
1.0
0
LWPOLYLINE
5
6BB
330
1C
100
AcDbEntity
67
0
8
15 - историческая планировочная структура
62
7
6
ByLayer
370
20
48
1.0
60
0
100
AcDbPolyline
90
5
70
0
38
0.0
39
0.0
10
1396909.06801431
20
359813.204738308
40
0.0
41
0.0
42
0.0
10
1396961.46368535
20
359797.851612378
40
0.0
41
0.0
42
0.0
10
1397043.85756918
20
359769.23354658
40
0.0
41
0.0
42
0.0
10
1397134.64107834
20
359738.132525502
40
0.0
41
0.0
42
0.0
10
1397214.59340749
20
359709.972183658
40
0.0
41
0.0
42
0.0
210
0.0
220
0.0
230
1.0
0
LWPOLYLINE
5
6BC
330
1C
100
AcDbEntity
67
0
8
15 - историческая планировочная структура
62
7
6
ByLayer
370
20
48
1.0
60
0
100
AcDbPolyline
90
2
70
0
38
0.0
39
0.0
10
1397600.71887008
20
359261.506259517
40
0.0
41
0.0
42
0.0
10
1397629.71320725
20
359368.473796474
40
0.0
41
0.0
42
0.0
210
0.0
220
0.0
230
1.0
0
LWPOLYLINE
5
6BD
330
1C
100
AcDbEntity
67
0
8
15 - историческая планировочная структура
62
7
6
ByLayer
370
20
48
1.0
60
0
100
AcDbPolyline
90
3
70
0
38
0.0
39
0.0
10
1397825.96392413
20
359186.045622126
40
0.0
41
0.0
42
0.0
10
1397831.8765831
20
359316.606743021
40
0.0
41
0.0
42
0.0
10
1397834.0530549
20
359356.487454235
40
0.0
41
0.0
42
0.0
210
0.0
220
0.0
230
1.0
0
LWPOLYLINE
5
6BE
330
1C
100
AcDbEntity
67
0
8
15 - историческая планировочная структура
62
7
6
ByLayer
370
20
48
1.0
60
0
100
AcDbPolyline
90
3
70
0
38
0.0
39
0.0
10
1398202.28143354
20
359046.115263875
40
0.0
41
0.0
42
0.0
10
1398231.13446051
20
359259.380713299
40
0.0
41
0.0
42
0.0
10
1398230.96148704
20
359334.576725401
40
0.0
41
0.0
42
0.0
210
0.0
220
0.0
230
1.0
0
LWPOLYLINE
5
6BF
330
1C
100
AcDbEntity
67
0
8
15 - историческая планировочная структура
62
7
6
ByLayer
370
20
48
1.0
60
0
100
AcDbPolyline
90
16
70
0
38
0.0
39
0.0
10
1398383.73721456
20
359377.353708481
40
0.0
41
0.0
42
0.0
10
1398371.17076971
20
359482.109625911
40
0.0
41
0.0
42
0.0
10
1398366.7423358
20
359538.14333681
40
0.0
41
0.0
42
0.0
10
1398362.5194772
20
359610.751654572
40
0.0
41
0.0
42
0.0
10
1398361.70068823
20
359637.529624093
40
0.0
41
0.0
42
0.0
10
1398357.20256064
20
359669.219688149
40
0.0
41
0.0
42
0.0
10
1398354.71630717
20
359675.337176741
40
0.0
41
0.0
42
0.0
10
1398350.84538985
20
359678.698219644
40
0.0
41
0.0
42
0.0
10
1398345.32231971
20
359679.580196191
40
0.0
41
0.0
42
0.0
10
1398323.37989767
20
359682.008732766
40
0.0
41
0.0
42
0.0
10
1398300.49787719
20
359680.773758236
40
0.0
41
0.0
42
0.0
10
1398283.27710052
20
359678.298513197
40
0.0
41
0.0
42
0.0
10
1398264.46897729
20
359675.017081189
40
0.0
41
0.0
42
0.0
10
1398250.25996218
20
359670.929252775
40
0.0
41
0.0
42
0.0
10
1398234.87829277
20
359663.948390314
40
0.0
41
0.0
42
0.0
10
1398227.19052977
20
359659.680039963
40
0.0
41
0.0
42
0.0
210
0.0
220
0.0
230
1.0
0
LWPOLYLINE
5
6C0
330
1C
100
AcDbEntity
67
0
8
15 - историческая планировочная структура
62
7
6
ByLayer
370
20
48
1.0
60
0
100
AcDbPolyline
90
5
70
0
38
0.0
39
0.0
10
1395362.30797037
20
360100.395364218
40
0.0
41
0.0
42
0.0
10
1395355.4540748
20
360079.119197636
40
0.0
41
0.0
42
0.0
10
1395281.6743768
20
360044.05872708
40
0.0
41
0.0
42
0.0
10
1395219.5741179
20
360011.361360866
40
0.0
41
0.0
42
0.0
10
1395194.87934832
20
359998.822520924
40
0.0
41
0.0
42
0.0
210
0.0
220
0.0
230
1.0
0
LWPOLYLINE
5
6C1
330
1C
100
AcDbEntity
67
0
8
15 - историческая планировочная структура
62
7
6
ByLayer
370
20
48
1.0
60
0
100
AcDbPolyline
90
2
70
0
38
0.0
39
0.0
10
1395035.6257701
20
360724.91833787
40
0.0
41
0.0
42
0.0
10
1395277.40313486
20
360669.235152951
40
0.0
41
0.0
42
0.0
210
0.0
220
0.0
230
1.0
0
LWPOLYLINE
5
6C2
330
1C
100
AcDbEntity
67
0
8
15 - историческая планировочная структура
62
7
6
ByLayer
370
20
48
1.0
60
0
100
AcDbPolyline
90
2
70
0
38
0.0
39
0.0
10
1397191.47416628
20
359650.074348956
40
0.0
41
0.0
42
0.0
10
1397210.20871721
20
359707.920544652
40
0.0
41
0.0
42
0.0
210
0.0
220
0.0
230
1.0
0
LWPOLYLINE
5
6C3
330
1C
100
AcDbEntity
67
0
8
15 - историческая планировочная структура
62
7
6
ByLayer
370
20
48
1.0
60
0
100
AcDbPolyline
90
3
70
0
38
0.0
39
0.0
10
1396891.59362397
20
359752.676161024
40
0.0
41
0.0
42
0.0
10
1396893.37441681
20
359755.868957952
40
0.0
41
0.0
42
0.0
10
1396910.76387632
20
359808.959368595
40
0.0
41
0.0
42
0.0
210
0.0
220
0.0
230
1.0
0
LWPOLYLINE
5
6C4
330
1C
100
AcDbEntity
67
0
8
15 - историческая планировочная структура
62
7
6
ByLayer
370
20
48
1.0
60
0
100
AcDbPolyline
90
13
70
0
38
0.0
39
0.0
10
1398227.19052977
20
359659.680039963
40
0.0
41
0.0
42
0.0
10
1398203.82353595
20
359646.70636853
40
0.0
41
0.0
42
0.0
10
1398190.98782017
20
359639.533852887
40
0.0
41
0.0
42
0.0
10
1398172.90452802
20
359637.105261883
40
0.0
41
0.0
42
0.0
10
1398163.53205899
20
359637.715776757
40
0.0
41
0.0
42
0.0
10
1398156.74876378
20
359640.697365293
40
0.0
41
0.0
42
0.0
10
1398152.6271823
20
359652.560958373
40
0.0
41
0.0
42
0.0
10
1398154.35268722
20
359664.851619321
40
0.0
41
0.0
42
0.0
10
1398166.47296641
20
359684.924256927
40
0.0
41
0.0
42
0.0
10
1398180.6078638
20
359700.222179087
40
0.0
41
0.0
42
0.0
10
1398246.96245562
20
359750.428699081
40
0.0
41
0.0
42
0.0
10
1398287.03436748
20
359781.018038686
40
0.0
41
0.0
42
0.0
10
1398299.97398814
20
359787.48811469
40
0.0
41
0.0
42
0.0
210
0.0
220
0.0
230
1.0
0
LWPOLYLINE
5
6C5
330
1C
100
AcDbEntity
67
0
8
15 - историческая планировочная структура
62
7
6
ByLayer
370
20
48
1.0
60
0
100
AcDbPolyline
90
8
70
0
38
0.0
39
0.0
10
1398242.31756766
20
359353.046464275
40
0.0
41
0.0
42
0.0
10
1398242.89911466
20
359347.092174527
40
0.0
41
0.0
42
0.0
10
1398243.76625979
20
359343.837944986
40
0.0
41
0.0
42
0.0
10
1398249.38019606
20
359340.166262479
40
0.0
41
0.0
42
0.0
10
1398478.71239698
20
359276.732806761
40
0.0
41
0.0
42
0.0
10
1398499.62101486
20
359274.114352478
40
0.0
41
0.0
42
0.0
10
1398928.09889078
20
359315.011138282
40
0.0
41
0.0
42
0.0
10
1398933.55118893
20
359313.683526161
40
0.0
41
0.0
42
0.0
210
0.0
220
0.0
230
1.0
0
LWPOLYLINE
5
6C6
330
1C
100
AcDbEntity
67
0
8
15 - историческая планировочная структура
62
7
6
ByLayer
370
20
48
1.0
60
0
100
AcDbPolyline
90
21
70
0
38
0.0
39
0.0
10
1396381.09549473
20
359754.455829396
40
0.0
41
0.0
42
0.0
10
1396395.39943372
20
359750.547967995
40
0.0
41
0.0
42
0.0
10
1396453.93737623
20
359775.506237309
40
0.0
41
0.0
42
0.0
10
1396611.51563015
20
359841.171379016
40
0.0
41
0.0
42
0.0
10
1396677.46002898
20
359866.051464723
40
0.0
41
0.0
42
0.0
10
1396699.27875981
20
359866.50156479
40
0.0
41
0.0
42
0.0
10
1396725.32734782
20
359863.651844316
40
0.0
41
0.0
42
0.0
10
1396745.13644292
20
359854.432157736
40
0.0
41
0.0
42
0.0
10
1396857.91952117
20
359769.652502803
40
0.0
41
0.0
42
0.0
10
1396896.92162789
20
359739.772939121
40
0.0
41
0.0
42
0.0
10
1397006.4906676
20
359704.563922058
40
0.0
41
0.0
42
0.0
10
1397171.87259528
20
359648.760578625
40
0.0
41
0.0
42
0.0
10
1397229.25898143
20
359631.015850856
40
0.0
41
0.0
42
0.0
10
1397241.94529297
20
359624.91762523
40
0.0
41
0.0
42
0.0
10
1397344.14218571
20
359586.1835068
40
0.0
41
0.0
42
0.0
10
1397379.07699022
20
359570.130444554
40
0.0
41
0.0
42
0.0
10
1397425.3656615
20
359555.555893936
40
0.0
41
0.0
42
0.0
10
1397461.70279177
20
359545.635643473
40
0.0
41
0.0
42
0.0
10
1397508.87608864
20
359540.398137045
40
0.0
41
0.0
42
0.0
10
1397557.39743106
20
359530.849607326
40
0.0
41
0.0
42
0.0
10
1397604.94127138
20
359517.22718112
40
0.0
41
0.0
42
0.0
210
0.0
220
0.0
230
1.0
0
LWPOLYLINE
5
6C7
330
1C
100
AcDbEntity
67
0
8
15 - историческая планировочная структура
62
7
6
ByLayer
370
20
48
1.0
60
0
100
AcDbPolyline
90
24
70
0
38
0.0
39
0.0
10
1396221.7523039
20
359945.471893629
40
0.0
41
0.0
42
0.0
10
1396239.04651372
20
359948.759153755
40
0.0
41
0.0
42
0.0
10
1396347.49854626
20
359962.449770348
40
0.0
41
0.0
42
0.0
10
1396424.17819631
20
359984.863596292
40
0.0
41
0.0
42
0.0
10
1396482.94287696
20
360015.257347076
40
0.0
41
0.0
42
0.0
10
1396535.00230248
20
360030.51207016
40
0.0
41
0.0
42
0.0
10
1396587.91689685
20
360036.771703415
40
0.0
41
0.0
42
0.0
10
1396702.69754687
20
360036.133753301
40
0.0
41
0.0
42
0.0
10
1396773.18793107
20
360040.182627025
40
0.0
41
0.0
42
0.0
10
1396821.74443532
20
360048.170760355
40
0.0
41
0.0
42
0.0
10
1396860.49293251
20
360054.704318819
40
0.0
41
0.0
42
0.0
10
1396888.79900262
20
360052.30512999
40
0.0
41
0.0
42
0.0
10
1397025.44243703
20
360006.780956166
40
0.0
41
0.0
42
0.0
10
1397092.56105338
20
359991.425577621
40
0.0
41
0.0
42
0.0
10
1397181.86069324
20
359980.460294958
40
0.0
41
0.0
42
0.0
10
1397240.71397109
20
359977.3011204
40
0.0
41
0.0
42
0.0
10
1397362.79895983
20
359956.291790485
40
0.0
41
0.0
42
0.0
10
1397408.22377067
20
359951.320907915
40
0.0
41
0.0
42
0.0
10
1397478.47983049
20
359957.485668793
40
0.0
41
0.0
42
0.0
10
1397514.72659246
20
359968.610936953
40
0.0
41
0.0
42
0.0
10
1397589.45614634
20
359987.425391393
40
0.0
41
0.0
42
0.0
10
1397654.50337327
20
360010.941398832
40
0.0
41
0.0
42
0.0
10
1397718.92630587
20
360027.785322697
40
0.0
41
0.0
42
0.0
10
1397786.63704755
20
360034.249992621
40
0.0
41
0.0
42
0.0
210
0.0
220
0.0
230
1.0
0
LWPOLYLINE
5
6C8
330
1C
100
AcDbEntity
67
0
8
15 - историческая планировочная структура
62
7
6
ByLayer
370
20
48
1.0
60
0
100
AcDbPolyline
90
31
70
0
38
0.0
39
0.0
10
1396217.10389353
20
359568.341425495
40
0.0
41
0.0
42
0.0
10
1396218.0125016
20
359565.612176773
40
0.0
41
0.0
42
0.0
10
1396222.89377427
20
359555.373113699
40
0.0
41
0.0
42
0.0
10
1396226.78985158
20
359548.769070903
40
0.0
41
0.0
42
0.0
10
1396230.27373756
20
359544.535358353
40
0.0
41
0.0
42
0.0
10
1396233.67738497
20
359541.480905469
40
0.0
41
0.0
42
0.0
10
1396237.63276881
20
359538.931938017
40
0.0
41
0.0
42
0.0
10
1396243.0042837
20
359537.274513501
40
0.0
41
0.0
42
0.0
10
1396248.99921476
20
359535.502344213
40
0.0
41
0.0
42
0.0
10
1396258.28851833
20
359534.764494324
40
0.0
41
0.0
42
0.0
10
1396267.16263532
20
359535.770206004
40
0.0
41
0.0
42
0.0
10
1396287.49396617
20
359540.804137613
40
0.0
41
0.0
42
0.0
10
1396296.97723442
20
359542.626870505
40
0.0
41
0.0
42
0.0
10
1396302.20542121
20
359542.209862149
40
0.0
41
0.0
42
0.0
10
1396305.03641025
20
359540.016488046
40
0.0
41
0.0
42
0.0
10
1396306.39955993
20
359536.247343921
40
0.0
41
0.0
42
0.0
10
1396305.96990727
20
359531.829438712
40
0.0
41
0.0
42
0.0
10
1396301.91078389
20
359528.971384848
40
0.0
41
0.0
42
0.0
10
1396297.03044394
20
359526.970590033
40
0.0
41
0.0
42
0.0
10
1396281.36105978
20
359521.201204149
40
0.0
41
0.0
42
0.0
10
1396268.38514324
20
359516.389912128
40
0.0
41
0.0
42
0.0
10
1396255.07885715
20
359512.368841544
40
0.0
41
0.0
42
0.0
10
1396243.03321582
20
359509.162351028
40
0.0
41
0.0
42
0.0
10
1396236.05942677
20
359507.305961136
40
0.0
41
0.0
42
0.0
10
1396228.32663485
20
359503.052113601
40
0.0
41
0.0
42
0.0
10
1396223.46013893
20
359498.683087867
40
0.0
41
0.0
42
0.0
10
1396221.44213596
20
359494.599544728
40
0.0
41
0.0
42
0.0
10
1396220.0673046
20
359490.77909254
40
0.0
41
0.0
42
0.0
10
1396219.95867016
20
359487.505812409
40
0.0
41
0.0
42
0.0
10
1396220.35091943
20
359485.356971916
40
0.0
41
0.0
42
0.0
10
1396221.44433226
20
359481.742402799
40
0.0
41
0.0
42
0.0
210
0.0
220
0.0
230
1.0
0
LWPOLYLINE
5
6C9
330
1C
100
AcDbEntity
67
0
8
15 - историческая планировочная структура
62
7
6
ByLayer
370
20
48
1.0
60
0
100
AcDbPolyline
90
13
70
0
38
0.0
39
0.0
10
1395724.31283515
20
359365.644246229
40
0.0
41
0.0
42
0.0
10
1395737.86639513
20
359366.419299739
40
0.0
41
0.0
42
0.0
10
1395773.24807159
20
359371.501410876
40
0.0
41
0.0
42
0.0
10
1395871.57342208
20
359391.717183798
40
0.0
41
0.0
42
0.0
10
1395958.74108569
20
359411.557667287
40
0.0
41
0.0
42
0.0
10
1396057.06479948
20
359433.988970587
40
0.0
41
0.0
42
0.0
10
1396162.9366242
20
359460.070122118
40
0.0
41
0.0
42
0.0
10
1396228.11932735
20
359479.026274659
40
0.0
41
0.0
42
0.0
10
1396281.85151921
20
359492.417156111
40
0.0
41
0.0
42
0.0
10
1396312.19376023
20
359496.764688955
40
0.0
41
0.0
42
0.0
10
1396335.37523218
20
359498.072570461
40
0.0
41
0.0
42
0.0
10
1396375.52900364
20
359492.519943216
40
0.0
41
0.0
42
0.0
10
1396395.98716608
20
359489.021250336
40
0.0
41
0.0
42
0.0
210
0.0
220
0.0
230
1.0
0
LWPOLYLINE
5
6CA
330
1C
100
AcDbEntity
67
0
8
15 - историческая планировочная структура
62
7
6
ByLayer
370
20
48
1.0
60
0
100
AcDbPolyline
90
10
70
0
38
0.0
39
0.0
10
1395273.59559734
20
360654.830000523
40
0.0
41
0.0
42
0.0
10
1395249.73761844
20
360659.880268015
40
0.0
41
0.0
42
0.0
10
1395190.88547613
20
360664.412995398
40
0.0
41
0.0
42
0.0
10
1395170.20410721
20
360662.311598049
40
0.0
41
0.0
42
0.0
10
1395049.47831781
20
360630.719591318
40
0.0
41
0.0
42
0.0
10
1395043.27142611
20
360628.258045921
40
0.0
41
0.0
42
0.0
10
1395037.2486796
20
360625.108002938
40
0.0
41
0.0
42
0.0
10
1395026.14781709
20
360617.022417048
40
0.0
41
0.0
42
0.0
10
1395013.79768398
20
360606.966908625
40
0.0
41
0.0
42
0.0
10
1395012.72268797
20
360605.927559744
40
0.0
41
0.0
42
0.0
210
0.0
220
0.0
230
1.0
0
LWPOLYLINE
5
6CB
330
1C
100
AcDbEntity
67
0
8
15 - историческая планировочная структура
62
7
6
ByLayer
370
20
48
1.0
60
0
100
AcDbPolyline
90
3
70
0
38
0.0
39
0.0
10
1394536.4526252
20
359837.827082532
40
0.0
41
0.0
42
0.0
10
1394428.04182243
20
359864.161426975
40
0.0
41
0.0
42
0.0
10
1394425.36038164
20
359864.171279336
40
0.0
41
0.0
42
0.0
210
0.0
220
0.0
230
1.0
0
LWPOLYLINE
5
6CC
330
1C
100
AcDbEntity
67
0
8
15 - историческая планировочная структура
62
7
6
ByLayer
370
20
48
1.0
60
0
100
AcDbPolyline
90
19
70
0
38
0.0
39
0.0
10
1394193.25093996
20
359381.637235434
40
0.0
41
0.0
42
0.0
10
1394194.15301947
20
359378.462937083
40
0.0
41
0.0
42
0.0
10
1394195.3763808
20
359375.398087238
40
0.0
41
0.0
42
0.0
10
1394196.9080824
20
359372.475107969
40
0.0
41
0.0
42
0.0
10
1394198.73192088
20
359369.724920543
40
0.0
41
0.0
42
0.0
10
1394200.82860245
20
359367.176618326
40
0.0
41
0.0
42
0.0
10
1394203.17594698
20
359364.857158997
40
0.0
41
0.0
42
0.0
10
1394205.74912266
20
359362.79107938
40
0.0
41
0.0
42
0.0
10
1394208.52090869
20
359361.00023589
40
0.0
41
0.0
42
0.0
10
1394211.46198322
20
359359.503573289
40
0.0
41
0.0
42
0.0
10
1394214.54123357
20
359358.31692431
40
0.0
41
0.0
42
0.0
10
1394217.72608533
20
359357.452842135
40
0.0
41
0.0
42
0.0
10
1394220.98284695
20
359356.920467634
40
0.0
41
0.0
42
0.0
10
1394224.2770662
20
359356.72543263
40
0.0
41
0.0
42
0.0
10
1394227.57389455
20
359356.869800349
40
0.0
41
0.0
42
0.0
10
1394230.83845592
20
359357.352043577
40
0.0
41
0.0
42
0.0
10
1394234.03621552
20
359358.167060823
40
0.0
41
0.0
42
0.0
10
1394284.85060185
20
359374.223200306
40
0.0
41
0.0
42
0.0
10
1394547.08315515
20
359311.990846746
40
0.0
41
0.0
42
0.0
210
0.0
220
0.0
230
1.0
0
LWPOLYLINE
5
6CD
330
1C
100
AcDbEntity
67
0
8
15 - историческая планировочная структура
62
7
6
ByLayer
370
20
48
1.0
60
0
100
AcDbPolyline
90
3
70
0
38
0.0
39
0.0
10
1394380.05804877
20
360236.434652035
40
0.0
41
0.0
42
0.0
10
1394361.52082959
20
360160.069398358
40
0.0
41
0.0
42
0.0
10
1394352.69572195
20
360119.231789612
40
0.0
41
0.0
42
0.0
210
0.0
220
0.0
230
1.0
0
LWPOLYLINE
5
6CE
330
1C
100
AcDbEntity
67
0
8
15 - историческая планировочная структура
62
7
6
ByLayer
370
20
48
1.0
60
0
100
AcDbPolyline
90
5
70
0
38
0.0
39
0.0
10
1398998.83998882
20
359434.851622435
40
0.0
41
0.0
42
0.0
10
1399009.03187426
20
359332.766722983
40
0.0
41
0.0
42
0.0
10
1399007.03121355
20
359296.284439343
40
0.0
41
0.0
42
0.0
10
1399006.16677162
20
359285.306118578
40
0.0
41
0.0
42
0.0
10
1399002.5465498
20
359280.626840588
40
0.0
41
0.0
42
0.0
210
0.0
220
0.0
230
1.0
0
LWPOLYLINE
5
6CF
330
1C
100
AcDbEntity
67
0
8
15 - историческая планировочная структура
62
7
6
ByLayer
370
20
48
1.0
60
0
100
AcDbPolyline
90
11
70
0
38
0.0
39
0.0
10
1394929.52216167
20
359728.790079761
40
0.0
41
0.0
42
0.0
10
1394925.53677988
20
359711.259017405
40
0.0
41
0.0
42
0.0
10
1394924.5631602
20
359702.370439555
40
0.0
41
0.0
42
0.0
10
1394924.26878816
20
359685.358049354
40
0.0
41
0.0
42
0.0
10
1394925.1112201
20
359672.615046305
40
0.0
41
0.0
42
0.0
10
1394926.73159564
20
359663.427061138
40
0.0
41
0.0
42
0.0
10
1394930.76692053
20
359647.497733657
40
0.0
41
0.0
42
0.0
10
1394936.51781581
20
359634.275268514
40
0.0
41
0.0
42
0.0
10
1394942.07189348
20
359621.934210137
40
0.0
41
0.0
42
0.0
10
1394947.47527558
20
359611.64767078
40
0.0
41
0.0
42
0.0
10
1394951.93114376
20
359604.829025516
40
0.0
41
0.0
42
0.0
210
0.0
220
0.0
230
1.0
0
LWPOLYLINE
5
6D0
330
1C
100
AcDbEntity
67
0
8
15 - историческая планировочная структура
62
7
6
ByLayer
370
20
48
1.0
60
0
100
AcDbPolyline
90
11
70
0
38
0.0
39
0.0
10
1394932.48029506
20
359743.610971771
40
0.0
41
0.0
42
0.0
10
1394933.09080857
20
359753.380467802
40
0.0
41
0.0
42
0.0
10
1394935.70819182
20
359765.84782835
40
0.0
41
0.0
42
0.0
10
1394939.21137674
20
359781.447541416
40
0.0
41
0.0
42
0.0
10
1394941.89878976
20
359797.024331381
40
0.0
41
0.0
42
0.0
10
1394942.63939531
20
359809.989966926
40
0.0
41
0.0
42
0.0
10
1394943.3713789
20
359823.518698194
40
0.0
41
0.0
42
0.0
10
1394943.38579433
20
359840.979051478
40
0.0
41
0.0
42
0.0
10
1394943.32820954
20
359850.788442656
40
0.0
41
0.0
42
0.0
10
1394942.53014884
20
359859.975648663
40
0.0
41
0.0
42
0.0
10
1394942.55663696
20
359864.878589808
40
0.0
41
0.0
42
0.0
210
0.0
220
0.0
230
1.0
0
LWPOLYLINE
5
6D1
330
1C
100
AcDbEntity
67
0
8
15 - историческая планировочная структура
62
7
6
ByLayer
370
20
48
1.0
60
0
100
AcDbPolyline
90
13
70
0
38
0.0
39
0.0
10
1394939.88891012
20
359878.102859425
40
0.0
41
0.0
42
0.0
10
1394939.07768266
20
359893.854553587
40
0.0
41
0.0
42
0.0
10
1394938.26307428
20
359903.623438929
40
0.0
41
0.0
42
0.0
10
1394934.20644463
20
359920.370056394
40
0.0
41
0.0
42
0.0
10
1394930.11363243
20
359938.887285626
40
0.0
41
0.0
42
0.0
10
1394926.88809771
20
359950.993370586
40
0.0
41
0.0
42
0.0
10
1394920.85279436
20
359966.66509136
40
0.0
41
0.0
42
0.0
10
1394914.18023169
20
359980.522710783
40
0.0
41
0.0
42
0.0
10
1394909.56920087
20
359990.043538221
40
0.0
41
0.0
42
0.0
10
1394909.04757382
20
359993.43769131
40
0.0
41
0.0
42
0.0
10
1394909.55466683
20
359995.288953372
40
0.0
41
0.0
42
0.0
10
1394910.36596509
20
359997.623785911
40
0.0
41
0.0
42
0.0
10
1394911.5299974
20
360002.3023776
40
0.0
41
0.0
42
0.0
210
0.0
220
0.0
230
1.0
0
VIEWPORT
5
6D6
330
6D2
100
AcDbEntity
67
1
8
0
62
256
6
ByLayer
370
-1
48
1.0
60
0
100
AcDbViewport
10
0.0
20
0.0
30
0.0
40
297.0
41
210.0
68
1
69
1
12
50.0
22
100.0
13
0.0
23
0.0
14
10.0
24
10.0
15
10.0
25
10.0
16
0.0
26
0.0
36
1.0
17
0.0
27
0.0
37
0.0
42
50.0
43
0.0
44
0.0
45
250.0
50
0.0
51
0.0
72
1000
90
819232
110
0.0
120
0.0
130
0.0
111
1.0
121
0.0
131
0.0
112
0.0
122
1.0
132
0.0
0
ENDSEC
0
SECTION
2
OBJECTS
0
DICTIONARY
5
6DB
330
0
100
AcDbDictionary
280
1
281
1
3
ACAD_GROUP
350
12
3
ACAD_LAYOUT
350
6D5
3
ACAD_DGNDEFINITIONS
350
F
3
ACAD_DWFDEFINITIONS
350
10
3
ACAD_PDFDEFINITIONS
350
11
3
ACAD_MLINESTYLE
350
B
3
ACAD_IMAGE_DICT
350
E
3
ACAD_IMAGE_VARS
350
21
0
DICTIONARY
5
12
330
6DB
100
AcDbDictionary
280
1
281
1
0
DICTIONARY
5
6D5
330
6DB
100
AcDbDictionary
280
1
281
1
3
Model
350
20
3
Layout1
350
6D7
0
DICTIONARY
5
F
330
6DB
100
AcDbDictionary
280
1
281
1
0
DICTIONARY
5
10
330
6DB
100
AcDbDictionary
280
1
281
1
0
DICTIONARY
5
11
330
6DB
100
AcDbDictionary
280
1
281
1
0
DICTIONARY
5
B
330
6DB
100
AcDbDictionary
280
1
281
1
3
Standard
350
1B
0
DICTIONARY
5
E
330
6DB
100
AcDbDictionary
280
1
281
1
0
DICTIONARY
5
6
330
5
100
AcDbDictionary
280
1
281
1
3
ACAD_LAYERSTATES
360
6DC
0
DICTIONARY
5
6DC
330
6
100
AcDbDictionary
280
1
281
1
0
LAYOUT
5
20
330
6D5
100
AcDbPlotSettings
1

2
none_device
4
ISO_A4_(210.00_x_297.00_MM)
6

40
7.5
41
20.0
42
7.5
43
20.0
44
210.0
45
297.0
46
0.0
47
0.0
48
0.0
49
0.0
140
0.0
141
0.0
142
1.0
143
1.0
70
11952
72
1
73
1
74
1
7

75
0
76
0
77
2
78
300
147
1.0
148
0.0
149
0.0
100
AcDbLayout
1
Model
71
0
10
1391521.54597742
20
355610.872777268
11
1399260.11693445
21
361035.445994008
12
0.0
22
0.0
32
0.0
14
1399260.11693445
24
361035.445994008
34
0.0
15
231.3
25
175.5
35
0.0
146
0.0
13
0.0
23
0.0
33
0.0
16
1.0
26
0.0
36
0.0
17
0.0
27
1.0
37
0.0
76
0
330
1C
0
LAYOUT
5
6D7
330
6D5
100
AcDbPlotSettings
1

2
none_device
4
ISO_A4_(210.00_x_297.00_MM)
6

40
7.5
41
20.0
42
7.5
43
20.0
44
210.0
45
297.0
46
0.0
47
0.0
48
0.0
49
0.0
140
0.0
141
0.0
142
1.0
143
1.0
70
688
72
1
73
1
74
1
7

75
0
76
0
77
2
78
300
147
1.0
148
0.0
149
0.0
100
AcDbLayout
1
Layout1
71
1
10
-20.0
20
-7.5
11
277.0
21
202.5
12
0.0
22
0.0
32
0.0
14
25.7
24
19.5
34
0.0
15
231.3
25
175.5
35
0.0
146
0.0
13
0.0
23
0.0
33
0.0
16
1.0
26
0.0
36
0.0
17
0.0
27
1.0
37
0.0
76
0
330
6D2
0
MLINESTYLE
5
1B
330
B
100
AcDbMlineStyle
2
Standard
70
0
3

62
256
51
90.0
52
90.0
71
2
49
0.5
62
256
6
ByLayer
49
-0.5
62
256
6
ByLayer
0
RASTERVARIABLES
5
21
330
E
100
AcDbRasterVariables
90
0
70
1
71
1
72
0
0
ENDSEC
0
EOF
