999
DXF file generated by netDxf https://github.com/haplokuon/netDxf, Copyright(C) 2009-2020 Daniel Carvajal, Licensed under LGPL
0
SECTION
2
HEADER
9
$ACADVER
1
AC1024
9
$DWGCODEPAGE
3
ANSI_1252
9
$LASTSAVEDBY
1
Admin
9
$HANDSEED
5
622
9
$ANGBASE
50
0.0
9
$ANGDIR
70
0
9
$ATTMODE
70
1
9
$AUNITS
70
0
9
$AUPREC
70
0
9
$CECOLOR
62
256
9
$CELTSCALE
40
1.0
9
$CELTYPE
6
ByLayer
9
$CELWEIGHT
370
-1
9
$CLAYER
8
0
9
$CMLJUST
70
0
9
$CMLSCALE
40
20.0
9
$CMLSTYLE
2
Standard
9
$DIMSTYLE
2
Standard
9
$TEXTSIZE
40
2.5
9
$TEXTSTYLE
7
Standard
9
$LUNITS
70
2
9
$LUPREC
70
4
9
$MIRRTEXT
70
0
9
$EXTNAMES
290
1
9
$INSBASE
10
0.0
20
0.0
30
0.0
9
$INSUNITS
70
0
9
$LTSCALE
40
1.0
9
$LWDISPLAY
290
0
9
$PDMODE
70
33
9
$PDSIZE
40
0.75
9
$PLINEGEN
70
0
9
$PSLTSCALE
70
1
9
$TDCREATE
40
2460893.56054382
9
$TDUCREATE
40
2460893.14387715
9
$TDUPDATE
40
2460893.56054382
9
$TDUUPDATE
40
2460893.14387715
9
$TDINDWG
40
0.0
9
$UCSORG
10
0.0
20
0.0
30
0.0
9
$UCSXDIR
10
1.0
20
0.0
30
0.0
9
$UCSYDIR
10
0.0
20
1.0
30
0.0
9
$DIMADEC
70
0
9
$DIMALT
70
0
9
$DIMALTD
70
2
9
$DIMALTF
40
25.4
9
$DIMALTRND
40
0.0
9
$DIMALTTD
70
2
9
$DIMALTTZ
70
0
9
$DIMALTU
70
2
9
$DIMALTZ
70
0
9
$DIMAPOST
1

9
$DIMATFIT
70
3
9
$DIMAUNIT
70
0
9
$DIMASZ
40
0.18
9
$DIMAZIN
70
0
9
$DIMSAH
70
0
9
$DIMBLK
1

9
$DIMLDRBLK
1

9
$DIMCEN
40
0.09
9
$DIMCLRD
70
0
9
$DIMCLRE
70
0
9
$DIMCLRT
70
0
9
$DIMDEC
70
4
9
$DIMDLE
40
0.0
9
$DIMDLI
40
0.38
9
$DIMDSEP
70
46
9
$DIMEXE
40
0.18
9
$DIMEXO
40
0.0625
9
$DIMFXLON
70
0
9
$DIMFXL
40
1.0
9
$DIMGAP
40
0.09
9
$DIMJUST
70
0
9
$DIMLFAC
40
1.0
9
$DIMLUNIT
70
2
9
$DIMLWD
70
-2
9
$DIMLWE
70
-2
9
$DIMPOST
1

9
$DIMRND
40
0.0
9
$DIMSCALE
40
1.0
9
$DIMSD1
70
0
9
$DIMSD2
70
0
9
$DIMSE1
70
0
9
$DIMSE2
70
0
9
$DIMSOXD
70
0
9
$DIMTAD
70
0
9
$DIMTDEC
70
4
9
$DIMTFAC
40
1.0
9
$DIMTIH
70
0
9
$DIMTIX
70
0
9
$DIMTM
40
0.0
9
$DIMTMOVE
70
0
9
$DIMTOFL
70
0
9
$DIMTOH
70
0
9
$DIMTOL
70
0
9
$DIMLIM
70
0
9
$DIMTOLJ
70
1
9
$DIMTP
40
0.0
9
$DIMTXT
40
0.18
9
$DIMTXTDIRECTION
70
0
9
$DIMTZIN
70
0
9
$DIMZIN
70
0
9
$DIMFRAC
70
0
9
$DIMLTYPE
6
ByBlock
9
$DIMLTEX1
6
ByBlock
9
$DIMLTEX2
6
ByBlock
0
ENDSEC
0
SECTION
2
CLASSES
0
CLASS
1
RASTERVARIABLES
2
AcDbRasterVariables
3
ISM
90
0
91
1
280
0
281
0
0
ENDSEC
0
SECTION
2
TABLES
0
TABLE
2
APPID
5
4
330
0
100
AcDbSymbolTable
70
4
0
APPID
5
19
330
4
100
AcDbSymbolTableRecord
100
AcDbRegAppTableRecord
2
ACAD
70
0
0
APPID
5
61D
330
4
100
AcDbSymbolTableRecord
100
AcDbRegAppTableRecord
2
AcCmTransparency
70
0
0
APPID
5
61E
330
4
100
AcDbSymbolTableRecord
100
AcDbRegAppTableRecord
2
GradientColor1ACI
70
0
0
APPID
5
61F
330
4
100
AcDbSymbolTableRecord
100
AcDbRegAppTableRecord
2
GradientColor2ACI
70
0
0
ENDTAB
0
TABLE
2
VPORT
5
1
330
0
100
AcDbSymbolTable
70
1
0
VPORT
5
2
330
1
100
AcDbSymbolTableRecord
100
AcDbViewportTableRecord
2
*Active
70
0
10
0.0
20
0.0
11
1.0
21
1.0
12
0.0
22
0.0
13
0.0
23
0.0
14
0.5
24
0.5
15
10.0
25
10.0
16
0.0
26
0.0
36
1.0
17
1394938.34587078
27
358230.219373947
37
0.0
40
5091.29141119536
41
1.0
75
0
76
1
0
ENDTAB
0
TABLE
2
LTYPE
5
7
330
0
100
AcDbSymbolTable
70
3
0
LTYPE
5
15
330
7
100
AcDbSymbolTableRecord
100
AcDbLinetypeTableRecord
2
Continuous
70
0
3
Solid line
72
65
73
0
40
0.0
0
LTYPE
5
16
330
7
100
AcDbSymbolTableRecord
100
AcDbLinetypeTableRecord
2
ByLayer
70
0
3

72
65
73
0
40
0.0
0
LTYPE
5
17
330
7
100
AcDbSymbolTableRecord
100
AcDbLinetypeTableRecord
2
ByBlock
70
0
3

72
65
73
0
40
0.0
0
ENDTAB
0
TABLE
2
LAYER
5
5
102
{ACAD_XDICTIONARY
360
6
102
}
330
0
100
AcDbSymbolTable
70
2
0
LAYER
5
14
330
5
100
AcDbSymbolTableRecord
100
AcDbLayerTableRecord
2
0
70
0
62
7
6
Continuous
290
1
370
-3
390
0
0
LAYER
5
62
330
5
100
AcDbSymbolTableRecord
100
AcDbLayerTableRecord
2
2 - окн федерального значения
70
0
62
7
6
Continuous
290
1
370
-3
390
0
0
ENDTAB
0
TABLE
2
STYLE
5
8
330
0
100
AcDbSymbolTable
70
1
0
STYLE
5
18
330
8
100
AcDbSymbolTableRecord
100
AcDbTextStyleTableRecord
2
Standard
3
simplex.shx
70
0
71
0
40
0.0
41
1.0
42
0.0
50
0.0
0
ENDTAB
0
TABLE
2
DIMSTYLE
5
A
330
0
100
AcDbSymbolTable
70
1
100
AcDbDimStyleTable
0
DIMSTYLE
105
1A
330
A
100
AcDbSymbolTableRecord
100
AcDbDimStyleTableRecord
2
Standard
3

4

40
1.0
41
0.18
42
0.0625
43
0.38
44
0.18
45
0.0
46
0.0
47
0.0
48
0.0
49
1.0
70
0
71
0
72
0
73
0
74
0
75
0
76
0
77
0
78
0
79
0
140
0.18
141
0.09
143
25.4
144
1.0
146
1.0
147
0.09
148
0.0
170
0
171
2
172
0
174
0
175
0
176
0
177
0
178
0
179
0
271
4
272
4
273
2
274
2
275
0
276
0
277
2
278
46
279
0
280
0
281
0
282
0
283
1
284
0
285
0
286
0
289
3
290
0
294
0
340
18
173
0
345
17
346
17
347
17
371
-2
372
-2
0
ENDTAB
0
TABLE
2
VIEW
5
3
330
0
100
AcDbSymbolTable
70
0
0
ENDTAB
0
TABLE
2
UCS
5
C
330
0
100
AcDbSymbolTable
70
0
0
ENDTAB
0
TABLE
2
BLOCK_RECORD
5
D
330
0
100
AcDbSymbolTable
70
2
0
BLOCK_RECORD
5
1C
330
D
100
AcDbSymbolTableRecord
100
AcDbBlockTableRecord
2
*Model_Space
340
20
0
BLOCK_RECORD
5
617
330
D
100
AcDbSymbolTableRecord
100
AcDbBlockTableRecord
2
*Paper_Space
340
61C
0
ENDTAB
0
ENDSEC
0
SECTION
2
BLOCKS
0
BLOCK
5
1E
330
1C
100
AcDbEntity
67
0
8
0
100
AcDbBlockBegin
2
*Model_Space
70
0
10
0.0
20
0.0
30
0.0
3
*Model_Space
4

0
ENDBLK
5
1D
330
1C
100
AcDbEntity
8
0
100
AcDbBlockEnd
0
BLOCK
5
619
330
617
100
AcDbEntity
67
1
8
0
100
AcDbBlockBegin
2
*Paper_Space
70
0
10
0.0
20
0.0
30
0.0
3
*Paper_Space
4

0
ENDBLK
5
618
330
617
100
AcDbEntity
8
0
100
AcDbBlockEnd
0
ENDSEC
0
SECTION
2
ENTITIES
0
POINT
5
22
330
1C
100
AcDbEntity
67
0
8
0
62
256
6
ByLayer
370
-1
48
1.0
60
0
100
AcDbPoint
10
1392114.88531052
20
355933.656661721
30
0.0
39
0.0
210
0.0
220
0.0
230
1.0
50
360.0
0
TEXT
5
23
330
1C
100
AcDbEntity
67
0
8
0
62
7
6
ByLayer
370
-1
48
1.0
60
0
100
AcDbText
1
687
10
1392115.02531052
20
355933.931106151
30
0.0
40
0.31111111111
41
1.0
50
0.0
51
0.0
7
Standard
11
1392115.02531052
21
355933.931106151
31
0.0
210
0.0
220
0.0
230
1.0
71
0
72
0
100
AcDbText
73
0
0
POINT
5
24
330
1C
100
AcDbEntity
67
0
8
0
62
256
6
ByLayer
370
-1
48
1.0
60
0
100
AcDbPoint
10
1392115.26587859
20
355935.447093711
30
0.0
39
0.0
210
0.0
220
0.0
230
1.0
50
360.0
0
TEXT
5
25
330
1C
100
AcDbEntity
67
0
8
0
62
7
6
ByLayer
370
-1
48
1.0
60
0
100
AcDbText
1
688
10
1392115.40587859
20
355935.721538142
30
0.0
40
0.31111111111
41
1.0
50
0.0
51
0.0
7
Standard
11
1392115.40587859
21
355935.721538142
31
0.0
210
0.0
220
0.0
230
1.0
71
0
72
0
100
AcDbText
73
0
0
POINT
5
26
330
1C
100
AcDbEntity
67
0
8
0
62
256
6
ByLayer
370
-1
48
1.0
60
0
100
AcDbPoint
10
1392116.34177911
20
355936.927943746
30
0.0
39
0.0
210
0.0
220
0.0
230
1.0
50
360.0
0
TEXT
5
27
330
1C
100
AcDbEntity
67
0
8
0
62
7
6
ByLayer
370
-1
48
1.0
60
0
100
AcDbText
1
689
10
1392116.48177911
20
355937.202388176
30
0.0
40
0.31111111111
41
1.0
50
0.0
51
0.0
7
Standard
11
1392116.48177911
21
355937.202388176
31
0.0
210
0.0
220
0.0
230
1.0
71
0
72
0
100
AcDbText
73
0
0
POINT
5
28
330
1C
100
AcDbEntity
67
0
8
0
62
256
6
ByLayer
370
-1
48
1.0
60
0
100
AcDbPoint
10
1392117.92697912
20
355937.843159399
30
0.0
39
0.0
210
0.0
220
0.0
230
1.0
50
360.0
0
TEXT
5
29
330
1C
100
AcDbEntity
67
0
8
0
62
7
6
ByLayer
370
-1
48
1.0
60
0
100
AcDbText
1
690
10
1392118.06697912
20
355938.117603829
30
0.0
40
0.31111111111
41
1.0
50
0.0
51
0.0
7
Standard
11
1392118.06697912
21
355938.117603829
31
0.0
210
0.0
220
0.0
230
1.0
71
0
72
0
100
AcDbText
73
0
0
POINT
5
2A
330
1C
100
AcDbEntity
67
0
8
0
62
256
6
ByLayer
370
-1
48
1.0
60
0
100
AcDbPoint
10
1392119.74738314
20
355938.03449157
30
0.0
39
0.0
210
0.0
220
0.0
230
1.0
50
360.0
0
TEXT
5
2B
330
1C
100
AcDbEntity
67
0
8
0
62
7
6
ByLayer
370
-1
48
1.0
60
0
100
AcDbText
1
691
10
1392119.88738314
20
355938.308936001
30
0.0
40
0.31111111111
41
1.0
50
0.0
51
0.0
7
Standard
11
1392119.88738314
21
355938.308936001
31
0.0
210
0.0
220
0.0
230
1.0
71
0
72
0
100
AcDbText
73
0
0
POINT
5
2C
330
1C
100
AcDbEntity
67
0
8
0
62
256
6
ByLayer
370
-1
48
1.0
60
0
100
AcDbPoint
10
1392121.48822676
20
355937.46885719
30
0.0
39
0.0
210
0.0
220
0.0
230
1.0
50
360.0
0
TEXT
5
2D
330
1C
100
AcDbEntity
67
0
8
0
62
7
6
ByLayer
370
-1
48
1.0
60
0
100
AcDbText
1
692
10
1392121.62822676
20
355937.74330162
30
0.0
40
0.31111111111
41
1.0
50
0.0
51
0.0
7
Standard
11
1392121.62822676
21
355937.74330162
31
0.0
210
0.0
220
0.0
230
1.0
71
0
72
0
100
AcDbText
73
0
0
POINT
5
2E
330
1C
100
AcDbEntity
67
0
8
0
62
256
6
ByLayer
370
-1
48
1.0
60
0
100
AcDbPoint
10
1392122.84850231
20
355936.24405958
30
0.0
39
0.0
210
0.0
220
0.0
230
1.0
50
360.0
0
TEXT
5
2F
330
1C
100
AcDbEntity
67
0
8
0
62
7
6
ByLayer
370
-1
48
1.0
60
0
100
AcDbText
1
693
10
1392122.98850231
20
355936.51850401
30
0.0
40
0.31111111111
41
1.0
50
0.0
51
0.0
7
Standard
11
1392122.98850231
21
355936.51850401
31
0.0
210
0.0
220
0.0
230
1.0
71
0
72
0
100
AcDbText
73
0
0
POINT
5
30
330
1C
100
AcDbEntity
67
0
8
0
62
256
6
ByLayer
370
-1
48
1.0
60
0
100
AcDbPoint
10
1392123.5930058
20
355934.571877374
30
0.0
39
0.0
210
0.0
220
0.0
230
1.0
50
360.0
0
TEXT
5
31
330
1C
100
AcDbEntity
67
0
8
0
62
7
6
ByLayer
370
-1
48
1.0
60
0
100
AcDbText
1
694
10
1392123.7330058
20
355934.846321804
30
0.0
40
0.31111111111
41
1.0
50
0.0
51
0.0
7
Standard
11
1392123.7330058
21
355934.846321804
31
0.0
210
0.0
220
0.0
230
1.0
71
0
72
0
100
AcDbText
73
0
0
POINT
5
32
330
1C
100
AcDbEntity
67
0
8
0
62
256
6
ByLayer
370
-1
48
1.0
60
0
100
AcDbPoint
10
1392123.5930058
20
355932.741446067
30
0.0
39
0.0
210
0.0
220
0.0
230
1.0
50
360.0
0
TEXT
5
33
330
1C
100
AcDbEntity
67
0
8
0
62
7
6
ByLayer
370
-1
48
1.0
60
0
100
AcDbText
1
695
10
1392123.7330058
20
355933.015890498
30
0.0
40
0.31111111111
41
1.0
50
0.0
51
0.0
7
Standard
11
1392123.7330058
21
355933.015890498
31
0.0
210
0.0
220
0.0
230
1.0
71
0
72
0
100
AcDbText
73
0
0
POINT
5
34
330
1C
100
AcDbEntity
67
0
8
0
62
256
6
ByLayer
370
-1
48
1.0
60
0
100
AcDbPoint
10
1392122.84850231
20
355931.069263862
30
0.0
39
0.0
210
0.0
220
0.0
230
1.0
50
360.0
0
TEXT
5
35
330
1C
100
AcDbEntity
67
0
8
0
62
7
6
ByLayer
370
-1
48
1.0
60
0
100
AcDbText
1
696
10
1392122.98850231
20
355931.343708292
30
0.0
40
0.31111111111
41
1.0
50
0.0
51
0.0
7
Standard
11
1392122.98850231
21
355931.343708292
31
0.0
210
0.0
220
0.0
230
1.0
71
0
72
0
100
AcDbText
73
0
0
POINT
5
36
330
1C
100
AcDbEntity
67
0
8
0
62
256
6
ByLayer
370
-1
48
1.0
60
0
100
AcDbPoint
10
1392121.48822676
20
355929.844466252
30
0.0
39
0.0
210
0.0
220
0.0
230
1.0
50
360.0
0
TEXT
5
37
330
1C
100
AcDbEntity
67
0
8
0
62
7
6
ByLayer
370
-1
48
1.0
60
0
100
AcDbText
1
697
10
1392121.62822676
20
355930.118910682
30
0.0
40
0.31111111111
41
1.0
50
0.0
51
0.0
7
Standard
11
1392121.62822676
21
355930.118910682
31
0.0
210
0.0
220
0.0
230
1.0
71
0
72
0
100
AcDbText
73
0
0
POINT
5
38
330
1C
100
AcDbEntity
67
0
8
0
62
256
6
ByLayer
370
-1
48
1.0
60
0
100
AcDbPoint
10
1392119.74738314
20
355929.278831871
30
0.0
39
0.0
210
0.0
220
0.0
230
1.0
50
360.0
0
TEXT
5
39
330
1C
100
AcDbEntity
67
0
8
0
62
7
6
ByLayer
370
-1
48
1.0
60
0
100
AcDbText
1
698
10
1392119.88738314
20
355929.553276301
30
0.0
40
0.31111111111
41
1.0
50
0.0
51
0.0
7
Standard
11
1392119.88738314
21
355929.553276301
31
0.0
210
0.0
220
0.0
230
1.0
71
0
72
0
100
AcDbText
73
0
0
POINT
5
3A
330
1C
100
AcDbEntity
67
0
8
0
62
256
6
ByLayer
370
-1
48
1.0
60
0
100
AcDbPoint
10
1392117.92697912
20
355929.470164042
30
0.0
39
0.0
210
0.0
220
0.0
230
1.0
50
360.0
0
TEXT
5
3B
330
1C
100
AcDbEntity
67
0
8
0
62
7
6
ByLayer
370
-1
48
1.0
60
0
100
AcDbText
1
699
10
1392118.06697912
20
355929.744608473
30
0.0
40
0.31111111111
41
1.0
50
0.0
51
0.0
7
Standard
11
1392118.06697912
21
355929.744608473
31
0.0
210
0.0
220
0.0
230
1.0
71
0
72
0
100
AcDbText
73
0
0
POINT
5
3C
330
1C
100
AcDbEntity
67
0
8
0
62
256
6
ByLayer
370
-1
48
1.0
60
0
100
AcDbPoint
10
1392116.34177911
20
355930.385379696
30
0.0
39
0.0
210
0.0
220
0.0
230
1.0
50
360.0
0
TEXT
5
3D
330
1C
100
AcDbEntity
67
0
8
0
62
7
6
ByLayer
370
-1
48
1.0
60
0
100
AcDbText
1
700
10
1392116.48177911
20
355930.659824126
30
0.0
40
0.31111111111
41
1.0
50
0.0
51
0.0
7
Standard
11
1392116.48177911
21
355930.659824126
31
0.0
210
0.0
220
0.0
230
1.0
71
0
72
0
100
AcDbText
73
0
0
POINT
5
3E
330
1C
100
AcDbEntity
67
0
8
0
62
256
6
ByLayer
370
-1
48
1.0
60
0
100
AcDbPoint
10
1392115.26587859
20
355931.86622973
30
0.0
39
0.0
210
0.0
220
0.0
230
1.0
50
360.0
0
TEXT
5
3F
330
1C
100
AcDbEntity
67
0
8
0
62
7
6
ByLayer
370
-1
48
1.0
60
0
100
AcDbText
1
701
10
1392115.40587859
20
355932.14067416
30
0.0
40
0.31111111111
41
1.0
50
0.0
51
0.0
7
Standard
11
1392115.40587859
21
355932.14067416
31
0.0
210
0.0
220
0.0
230
1.0
71
0
72
0
100
AcDbText
73
0
0
POINT
5
40
330
1C
100
AcDbEntity
67
0
8
0
62
256
6
ByLayer
370
-1
48
1.0
60
0
100
AcDbPoint
10
1392229.69044113
20
356048.042476514
30
0.0
39
0.0
210
0.0
220
0.0
230
1.0
50
360.0
0
TEXT
5
41
330
1C
100
AcDbEntity
67
0
8
0
62
7
6
ByLayer
370
-1
48
1.0
60
0
100
AcDbText
1
702
10
1392229.83044113
20
356048.316920945
30
0.0
40
0.31111111111
41
1.0
50
0.0
51
0.0
7
Standard
11
1392229.83044113
21
356048.316920945
31
0.0
210
0.0
220
0.0
230
1.0
71
0
72
0
100
AcDbText
73
0
0
POINT
5
42
330
1C
100
AcDbEntity
67
0
8
0
62
256
6
ByLayer
370
-1
48
1.0
60
0
100
AcDbPoint
10
1392230.06878083
20
356050.0664151
30
0.0
39
0.0
210
0.0
220
0.0
230
1.0
50
360.0
0
TEXT
5
43
330
1C
100
AcDbEntity
67
0
8
0
62
7
6
ByLayer
370
-1
48
1.0
60
0
100
AcDbText
1
703
10
1392230.20878083
20
356050.340859531
30
0.0
40
0.31111111111
41
1.0
50
0.0
51
0.0
7
Standard
11
1392230.20878083
21
356050.340859531
31
0.0
210
0.0
220
0.0
230
1.0
71
0
72
0
100
AcDbText
73
0
0
POINT
5
44
330
1C
100
AcDbEntity
67
0
8
0
62
256
6
ByLayer
370
-1
48
1.0
60
0
100
AcDbPoint
10
1392231.15270303
20
356051.817009565
30
0.0
39
0.0
210
0.0
220
0.0
230
1.0
50
360.0
0
TEXT
5
45
330
1C
100
AcDbEntity
67
0
8
0
62
7
6
ByLayer
370
-1
48
1.0
60
0
100
AcDbText
1
704
10
1392231.29270303
20
356052.091453996
30
0.0
40
0.31111111111
41
1.0
50
0.0
51
0.0
7
Standard
11
1392231.29270303
21
356052.091453996
31
0.0
210
0.0
220
0.0
230
1.0
71
0
72
0
100
AcDbText
73
0
0
POINT
5
46
330
1C
100
AcDbEntity
67
0
8
0
62
256
6
ByLayer
370
-1
48
1.0
60
0
100
AcDbPoint
10
1392232.79581804
20
356053.057832426
30
0.0
39
0.0
210
0.0
220
0.0
230
1.0
50
360.0
0
TEXT
5
47
330
1C
100
AcDbEntity
67
0
8
0
62
7
6
ByLayer
370
-1
48
1.0
60
0
100
AcDbText
1
705
10
1392232.93581804
20
356053.332276857
30
0.0
40
0.31111111111
41
1.0
50
0.0
51
0.0
7
Standard
11
1392232.93581804
21
356053.332276857
31
0.0
210
0.0
220
0.0
230
1.0
71
0
72
0
100
AcDbText
73
0
0
POINT
5
48
330
1C
100
AcDbEntity
67
0
8
0
62
256
6
ByLayer
370
-1
48
1.0
60
0
100
AcDbPoint
10
1392234.77621408
20
356053.62130368
30
0.0
39
0.0
210
0.0
220
0.0
230
1.0
50
360.0
0
TEXT
5
49
330
1C
100
AcDbEntity
67
0
8
0
62
7
6
ByLayer
370
-1
48
1.0
60
0
100
AcDbText
1
706
10
1392234.91621408
20
356053.895748111
30
0.0
40
0.31111111111
41
1.0
50
0.0
51
0.0
7
Standard
11
1392234.91621408
21
356053.895748111
31
0.0
210
0.0
220
0.0
230
1.0
71
0
72
0
100
AcDbText
73
0
0
POINT
5
4A
330
1C
100
AcDbEntity
67
0
8
0
62
256
6
ByLayer
370
-1
48
1.0
60
0
100
AcDbPoint
10
1392236.82642768
20
356053.431323412
30
0.0
39
0.0
210
0.0
220
0.0
230
1.0
50
360.0
0
TEXT
5
4B
330
1C
100
AcDbEntity
67
0
8
0
62
7
6
ByLayer
370
-1
48
1.0
60
0
100
AcDbText
1
707
10
1392236.96642768
20
356053.705767843
30
0.0
40
0.31111111111
41
1.0
50
0.0
51
0.0
7
Standard
11
1392236.96642768
21
356053.705767843
31
0.0
210
0.0
220
0.0
230
1.0
71
0
72
0
100
AcDbText
73
0
0
POINT
5
4C
330
1C
100
AcDbEntity
67
0
8
0
62
256
6
ByLayer
370
-1
48
1.0
60
0
100
AcDbPoint
10
1392238.66956614
20
356052.51354951
30
0.0
39
0.0
210
0.0
220
0.0
230
1.0
50
360.0
0
TEXT
5
4D
330
1C
100
AcDbEntity
67
0
8
0
62
7
6
ByLayer
370
-1
48
1.0
60
0
100
AcDbText
1
708
10
1392238.80956614
20
356052.78799394
30
0.0
40
0.31111111111
41
1.0
50
0.0
51
0.0
7
Standard
11
1392238.80956614
21
356052.78799394
31
0.0
210
0.0
220
0.0
230
1.0
71
0
72
0
100
AcDbText
73
0
0
POINT
5
4E
330
1C
100
AcDbEntity
67
0
8
0
62
256
6
ByLayer
370
-1
48
1.0
60
0
100
AcDbPoint
10
1392240.0567034
20
356050.991932425
30
0.0
39
0.0
210
0.0
220
0.0
230
1.0
50
360.0
0
TEXT
5
4F
330
1C
100
AcDbEntity
67
0
8
0
62
7
6
ByLayer
370
-1
48
1.0
60
0
100
AcDbText
1
709
10
1392240.1967034
20
356051.266376855
30
0.0
40
0.31111111111
41
1.0
50
0.0
51
0.0
7
Standard
11
1392240.1967034
21
356051.266376855
31
0.0
210
0.0
220
0.0
230
1.0
71
0
72
0
100
AcDbText
73
0
0
POINT
5
50
330
1C
100
AcDbEntity
67
0
8
0
62
256
6
ByLayer
370
-1
48
1.0
60
0
100
AcDbPoint
10
1392240.80049888
20
356049.071974975
30
0.0
39
0.0
210
0.0
220
0.0
230
1.0
50
360.0
0
TEXT
5
51
330
1C
100
AcDbEntity
67
0
8
0
62
7
6
ByLayer
370
-1
48
1.0
60
0
100
AcDbText
1
710
10
1392240.94049888
20
356049.346419406
30
0.0
40
0.31111111111
41
1.0
50
0.0
51
0.0
7
Standard
11
1392240.94049888
21
356049.346419406
31
0.0
210
0.0
220
0.0
230
1.0
71
0
72
0
100
AcDbText
73
0
0
POINT
5
52
330
1C
100
AcDbEntity
67
0
8
0
62
256
6
ByLayer
370
-1
48
1.0
60
0
100
AcDbPoint
10
1392240.80049888
20
356047.012978054
30
0.0
39
0.0
210
0.0
220
0.0
230
1.0
50
360.0
0
TEXT
5
53
330
1C
100
AcDbEntity
67
0
8
0
62
7
6
ByLayer
370
-1
48
1.0
60
0
100
AcDbText
1
711
10
1392240.94049888
20
356047.287422484
30
0.0
40
0.31111111111
41
1.0
50
0.0
51
0.0
7
Standard
11
1392240.94049888
21
356047.287422484
31
0.0
210
0.0
220
0.0
230
1.0
71
0
72
0
100
AcDbText
73
0
0
POINT
5
54
330
1C
100
AcDbEntity
67
0
8
0
62
256
6
ByLayer
370
-1
48
1.0
60
0
100
AcDbPoint
10
1392240.0567034
20
356045.093020604
30
0.0
39
0.0
210
0.0
220
0.0
230
1.0
50
360.0
0
TEXT
5
55
330
1C
100
AcDbEntity
67
0
8
0
62
7
6
ByLayer
370
-1
48
1.0
60
0
100
AcDbText
1
712
10
1392240.1967034
20
356045.367465035
30
0.0
40
0.31111111111
41
1.0
50
0.0
51
0.0
7
Standard
11
1392240.1967034
21
356045.367465035
31
0.0
210
0.0
220
0.0
230
1.0
71
0
72
0
100
AcDbText
73
0
0
POINT
5
56
330
1C
100
AcDbEntity
67
0
8
0
62
256
6
ByLayer
370
-1
48
1.0
60
0
100
AcDbPoint
10
1392238.66956614
20
356043.571403519
30
0.0
39
0.0
210
0.0
220
0.0
230
1.0
50
360.0
0
TEXT
5
57
330
1C
100
AcDbEntity
67
0
8
0
62
7
6
ByLayer
370
-1
48
1.0
60
0
100
AcDbText
1
713
10
1392238.80956614
20
356043.845847949
30
0.0
40
0.31111111111
41
1.0
50
0.0
51
0.0
7
Standard
11
1392238.80956614
21
356043.845847949
31
0.0
210
0.0
220
0.0
230
1.0
71
0
72
0
100
AcDbText
73
0
0
POINT
5
58
330
1C
100
AcDbEntity
67
0
8
0
62
256
6
ByLayer
370
-1
48
1.0
60
0
100
AcDbPoint
10
1392236.82642768
20
356042.653629617
30
0.0
39
0.0
210
0.0
220
0.0
230
1.0
50
360.0
0
TEXT
5
59
330
1C
100
AcDbEntity
67
0
8
0
62
7
6
ByLayer
370
-1
48
1.0
60
0
100
AcDbText
1
714
10
1392236.96642768
20
356042.928074047
30
0.0
40
0.31111111111
41
1.0
50
0.0
51
0.0
7
Standard
11
1392236.96642768
21
356042.928074047
31
0.0
210
0.0
220
0.0
230
1.0
71
0
72
0
100
AcDbText
73
0
0
POINT
5
5A
330
1C
100
AcDbEntity
67
0
8
0
62
256
6
ByLayer
370
-1
48
1.0
60
0
100
AcDbPoint
10
1392234.77621408
20
356042.463649349
30
0.0
39
0.0
210
0.0
220
0.0
230
1.0
50
360.0
0
TEXT
5
5B
330
1C
100
AcDbEntity
67
0
8
0
62
7
6
ByLayer
370
-1
48
1.0
60
0
100
AcDbText
1
715
10
1392234.91621408
20
356042.738093779
30
0.0
40
0.31111111111
41
1.0
50
0.0
51
0.0
7
Standard
11
1392234.91621408
21
356042.738093779
31
0.0
210
0.0
220
0.0
230
1.0
71
0
72
0
100
AcDbText
73
0
0
POINT
5
5C
330
1C
100
AcDbEntity
67
0
8
0
62
256
6
ByLayer
370
-1
48
1.0
60
0
100
AcDbPoint
10
1392232.79581804
20
356043.027120603
30
0.0
39
0.0
210
0.0
220
0.0
230
1.0
50
360.0
0
TEXT
5
5D
330
1C
100
AcDbEntity
67
0
8
0
62
7
6
ByLayer
370
-1
48
1.0
60
0
100
AcDbText
1
716
10
1392232.93581804
20
356043.301565033
30
0.0
40
0.31111111111
41
1.0
50
0.0
51
0.0
7
Standard
11
1392232.93581804
21
356043.301565033
31
0.0
210
0.0
220
0.0
230
1.0
71
0
72
0
100
AcDbText
73
0
0
POINT
5
5E
330
1C
100
AcDbEntity
67
0
8
0
62
256
6
ByLayer
370
-1
48
1.0
60
0
100
AcDbPoint
10
1392231.15270303
20
356044.267943464
30
0.0
39
0.0
210
0.0
220
0.0
230
1.0
50
360.0
0
TEXT
5
5F
330
1C
100
AcDbEntity
67
0
8
0
62
7
6
ByLayer
370
-1
48
1.0
60
0
100
AcDbText
1
717
10
1392231.29270303
20
356044.542387894
30
0.0
40
0.31111111111
41
1.0
50
0.0
51
0.0
7
Standard
11
1392231.29270303
21
356044.542387894
31
0.0
210
0.0
220
0.0
230
1.0
71
0
72
0
100
AcDbText
73
0
0
POINT
5
60
330
1C
100
AcDbEntity
67
0
8
0
62
256
6
ByLayer
370
-1
48
1.0
60
0
100
AcDbPoint
10
1392230.06878083
20
356046.018537929
30
0.0
39
0.0
210
0.0
220
0.0
230
1.0
50
360.0
0
TEXT
5
61
330
1C
100
AcDbEntity
67
0
8
0
62
7
6
ByLayer
370
-1
48
1.0
60
0
100
AcDbText
1
718
10
1392230.20878083
20
356046.292982359
30
0.0
40
0.31111111111
41
1.0
50
0.0
51
0.0
7
Standard
11
1392230.20878083
21
356046.292982359
31
0.0
210
0.0
220
0.0
230
1.0
71
0
72
0
100
AcDbText
73
0
0
POINT
5
63
330
1C
100
AcDbEntity
67
0
8
2 - окн федерального значения
62
256
6
ByLayer
370
-1
48
1.0
60
0
100
AcDbPoint
10
1394605.56194478
20
359247.737625516
30
0.0
39
0.0
210
0.0
220
0.0
230
1.0
50
360.0
0
TEXT
5
64
330
1C
100
AcDbEntity
67
0
8
2 - окн федерального значения
62
7
6
ByLayer
370
-1
48
1.0
60
0
100
AcDbText
1
1
10
1394605.70194478
20
359248.012069946
30
0.0
40
0.31111111111
41
1.0
50
0.0
51
0.0
7
Standard
11
1394605.70194478
21
359248.012069946
31
0.0
210
0.0
220
0.0
230
1.0
71
0
72
0
100
AcDbText
73
0
0
POINT
5
65
330
1C
100
AcDbEntity
67
0
8
2 - окн федерального значения
62
256
6
ByLayer
370
-1
48
1.0
60
0
100
AcDbPoint
10
1394601.7456911
20
359235.676490067
30
0.0
39
0.0
210
0.0
220
0.0
230
1.0
50
360.0
0
TEXT
5
66
330
1C
100
AcDbEntity
67
0
8
2 - окн федерального значения
62
7
6
ByLayer
370
-1
48
1.0
60
0
100
AcDbText
1
2
10
1394601.8856911
20
359235.950934497
30
0.0
40
0.31111111111
41
1.0
50
0.0
51
0.0
7
Standard
11
1394601.8856911
21
359235.950934497
31
0.0
210
0.0
220
0.0
230
1.0
71
0
72
0
100
AcDbText
73
0
0
POINT
5
67
330
1C
100
AcDbEntity
67
0
8
2 - окн федерального значения
62
256
6
ByLayer
370
-1
48
1.0
60
0
100
AcDbPoint
10
1394609.74562315
20
359235.798964831
30
0.0
39
0.0
210
0.0
220
0.0
230
1.0
50
360.0
0
TEXT
5
68
330
1C
100
AcDbEntity
67
0
8
2 - окн федерального значения
62
7
6
ByLayer
370
-1
48
1.0
60
0
100
AcDbText
1
3
10
1394609.88562315
20
359236.073409262
30
0.0
40
0.31111111111
41
1.0
50
0.0
51
0.0
7
Standard
11
1394609.88562315
21
359236.073409262
31
0.0
210
0.0
220
0.0
230
1.0
71
0
72
0
100
AcDbText
73
0
0
POINT
5
69
330
1C
100
AcDbEntity
67
0
8
2 - окн федерального значения
62
256
6
ByLayer
370
-1
48
1.0
60
0
100
AcDbPoint
10
1394419.98861522
20
359501.025888725
30
0.0
39
0.0
210
0.0
220
0.0
230
1.0
50
360.0
0
TEXT
5
6A
330
1C
100
AcDbEntity
67
0
8
2 - окн федерального значения
62
7
6
ByLayer
370
-1
48
1.0
60
0
100
AcDbText
1
4
10
1394420.12861522
20
359501.300333156
30
0.0
40
0.31111111111
41
1.0
50
0.0
51
0.0
7
Standard
11
1394420.12861522
21
359501.300333156
31
0.0
210
0.0
220
0.0
230
1.0
71
0
72
0
100
AcDbText
73
0
0
POINT
5
6B
330
1C
100
AcDbEntity
67
0
8
2 - окн федерального значения
62
256
6
ByLayer
370
-1
48
1.0
60
0
100
AcDbPoint
10
1394422.94156148
20
359504.388316329
30
0.0
39
0.0
210
0.0
220
0.0
230
1.0
50
360.0
0
TEXT
5
6C
330
1C
100
AcDbEntity
67
0
8
2 - окн федерального значения
62
7
6
ByLayer
370
-1
48
1.0
60
0
100
AcDbText
1
5
10
1394423.08156148
20
359504.662760759
30
0.0
40
0.31111111111
41
1.0
50
0.0
51
0.0
7
Standard
11
1394423.08156148
21
359504.662760759
31
0.0
210
0.0
220
0.0
230
1.0
71
0
72
0
100
AcDbText
73
0
0
POINT
5
6D
330
1C
100
AcDbEntity
67
0
8
2 - окн федерального значения
62
256
6
ByLayer
370
-1
48
1.0
60
0
100
AcDbPoint
10
1394427.99874343
20
359500.069865799
30
0.0
39
0.0
210
0.0
220
0.0
230
1.0
50
360.0
0
TEXT
5
6E
330
1C
100
AcDbEntity
67
0
8
2 - окн федерального значения
62
7
6
ByLayer
370
-1
48
1.0
60
0
100
AcDbText
1
6
10
1394428.13874343
20
359500.34431023
30
0.0
40
0.31111111111
41
1.0
50
0.0
51
0.0
7
Standard
11
1394428.13874343
21
359500.34431023
31
0.0
210
0.0
220
0.0
230
1.0
71
0
72
0
100
AcDbText
73
0
0
POINT
5
6F
330
1C
100
AcDbEntity
67
0
8
2 - окн федерального значения
62
256
6
ByLayer
370
-1
48
1.0
60
0
100
AcDbPoint
10
1394425.04721537
20
359496.614802368
30
0.0
39
0.0
210
0.0
220
0.0
230
1.0
50
360.0
0
TEXT
5
70
330
1C
100
AcDbEntity
67
0
8
2 - окн федерального значения
62
7
6
ByLayer
370
-1
48
1.0
60
0
100
AcDbText
1
7
10
1394425.18721537
20
359496.889246798
30
0.0
40
0.31111111111
41
1.0
50
0.0
51
0.0
7
Standard
11
1394425.18721537
21
359496.889246798
31
0.0
210
0.0
220
0.0
230
1.0
71
0
72
0
100
AcDbText
73
0
0
POINT
5
71
330
1C
100
AcDbEntity
67
0
8
2 - окн федерального значения
62
256
6
ByLayer
370
-1
48
1.0
60
0
100
AcDbPoint
10
1398282.03747888
20
359417.960952688
30
0.0
39
0.0
210
0.0
220
0.0
230
1.0
50
360.0
0
TEXT
5
72
330
1C
100
AcDbEntity
67
0
8
2 - окн федерального значения
62
7
6
ByLayer
370
-1
48
1.0
60
0
100
AcDbText
1
8
10
1398282.17747888
20
359418.235397119
30
0.0
40
0.31111111111
41
1.0
50
0.0
51
0.0
7
Standard
11
1398282.17747888
21
359418.235397119
31
0.0
210
0.0
220
0.0
230
1.0
71
0
72
0
100
AcDbText
73
0
0
POINT
5
73
330
1C
100
AcDbEntity
67
0
8
2 - окн федерального значения
62
256
6
ByLayer
370
-1
48
1.0
60
0
100
AcDbPoint
10
1398278.22119432
20
359405.899701707
30
0.0
39
0.0
210
0.0
220
0.0
230
1.0
50
360.0
0
TEXT
5
74
330
1C
100
AcDbEntity
67
0
8
2 - окн федерального значения
62
7
6
ByLayer
370
-1
48
1.0
60
0
100
AcDbText
1
9
10
1398278.36119432
20
359406.174146137
30
0.0
40
0.31111111111
41
1.0
50
0.0
51
0.0
7
Standard
11
1398278.36119432
21
359406.174146137
31
0.0
210
0.0
220
0.0
230
1.0
71
0
72
0
100
AcDbText
73
0
0
POINT
5
75
330
1C
100
AcDbEntity
67
0
8
2 - окн федерального значения
62
256
6
ByLayer
370
-1
48
1.0
60
0
100
AcDbPoint
10
1398286.22120186
20
359406.022181043
30
0.0
39
0.0
210
0.0
220
0.0
230
1.0
50
360.0
0
TEXT
5
76
330
1C
100
AcDbEntity
67
0
8
2 - окн федерального значения
62
7
6
ByLayer
370
-1
48
1.0
60
0
100
AcDbText
1
10
10
1398286.36120186
20
359406.296625474
30
0.0
40
0.31111111111
41
1.0
50
0.0
51
0.0
7
Standard
11
1398286.36120186
21
359406.296625474
31
0.0
210
0.0
220
0.0
230
1.0
71
0
72
0
100
AcDbText
73
0
0
POINT
5
77
330
1C
100
AcDbEntity
67
0
8
2 - окн федерального значения
62
256
6
ByLayer
370
-1
48
1.0
60
0
100
AcDbPoint
10
1395648.31907926
20
359640.302247539
30
0.0
39
0.0
210
0.0
220
0.0
230
1.0
50
360.0
0
TEXT
5
78
330
1C
100
AcDbEntity
67
0
8
2 - окн федерального значения
62
7
6
ByLayer
370
-1
48
1.0
60
0
100
AcDbText
1
11
10
1395648.45907926
20
359640.57669197
30
0.0
40
0.31111111111
41
1.0
50
0.0
51
0.0
7
Standard
11
1395648.45907926
21
359640.57669197
31
0.0
210
0.0
220
0.0
230
1.0
71
0
72
0
100
AcDbText
73
0
0
POINT
5
79
330
1C
100
AcDbEntity
67
0
8
2 - окн федерального значения
62
256
6
ByLayer
370
-1
48
1.0
60
0
100
AcDbPoint
10
1395644.50282749
20
359628.241075937
30
0.0
39
0.0
210
0.0
220
0.0
230
1.0
50
360.0
0
TEXT
5
7A
330
1C
100
AcDbEntity
67
0
8
2 - окн федерального значения
62
7
6
ByLayer
370
-1
48
1.0
60
0
100
AcDbText
1
12
10
1395644.64282748
20
359628.515520368
30
0.0
40
0.31111111111
41
1.0
50
0.0
51
0.0
7
Standard
11
1395644.64282748
21
359628.515520368
31
0.0
210
0.0
220
0.0
230
1.0
71
0
72
0
100
AcDbText
73
0
0
POINT
5
7B
330
1C
100
AcDbEntity
67
0
8
2 - окн федерального значения
62
256
6
ByLayer
370
-1
48
1.0
60
0
100
AcDbPoint
10
1395652.50278085
20
359628.363559068
30
0.0
39
0.0
210
0.0
220
0.0
230
1.0
50
360.0
0
TEXT
5
7C
330
1C
100
AcDbEntity
67
0
8
2 - окн федерального значения
62
7
6
ByLayer
370
-1
48
1.0
60
0
100
AcDbText
1
13
10
1395652.64278085
20
359628.638003498
30
0.0
40
0.31111111111
41
1.0
50
0.0
51
0.0
7
Standard
11
1395652.64278085
21
359628.638003498
31
0.0
210
0.0
220
0.0
230
1.0
71
0
72
0
100
AcDbText
73
0
0
POINT
5
7D
330
1C
100
AcDbEntity
67
0
8
2 - окн федерального значения
62
256
6
ByLayer
370
-1
48
1.0
60
0
100
AcDbPoint
10
1395037.31831846
20
359684.622079617
30
0.0
39
0.0
210
0.0
220
0.0
230
1.0
50
360.0
0
TEXT
5
7E
330
1C
100
AcDbEntity
67
0
8
2 - окн федерального значения
62
7
6
ByLayer
370
-1
48
1.0
60
0
100
AcDbText
1
14
10
1395037.45831846
20
359684.896524047
30
0.0
40
0.31111111111
41
1.0
50
0.0
51
0.0
7
Standard
11
1395037.45831846
21
359684.896524047
31
0.0
210
0.0
220
0.0
230
1.0
71
0
72
0
100
AcDbText
73
0
0
POINT
5
7F
330
1C
100
AcDbEntity
67
0
8
2 - окн федерального значения
62
256
6
ByLayer
370
-1
48
1.0
60
0
100
AcDbPoint
10
1395033.50207406
20
359672.560926497
30
0.0
39
0.0
210
0.0
220
0.0
230
1.0
50
360.0
0
TEXT
5
80
330
1C
100
AcDbEntity
67
0
8
2 - окн федерального значения
62
7
6
ByLayer
370
-1
48
1.0
60
0
100
AcDbText
1
15
10
1395033.64207406
20
359672.835370928
30
0.0
40
0.31111111111
41
1.0
50
0.0
51
0.0
7
Standard
11
1395033.64207406
21
359672.835370928
31
0.0
210
0.0
220
0.0
230
1.0
71
0
72
0
100
AcDbText
73
0
0
POINT
5
81
330
1C
100
AcDbEntity
67
0
8
2 - окн федерального значения
62
256
6
ByLayer
370
-1
48
1.0
60
0
100
AcDbPoint
10
1395041.50201486
20
359672.683410365
30
0.0
39
0.0
210
0.0
220
0.0
230
1.0
50
360.0
0
TEXT
5
82
330
1C
100
AcDbEntity
67
0
8
2 - окн федерального значения
62
7
6
ByLayer
370
-1
48
1.0
60
0
100
AcDbText
1
16
10
1395041.64201486
20
359672.957854796
30
0.0
40
0.31111111111
41
1.0
50
0.0
51
0.0
7
Standard
11
1395041.64201486
21
359672.957854796
31
0.0
210
0.0
220
0.0
230
1.0
71
0
72
0
100
AcDbText
73
0
0
POINT
5
83
330
1C
100
AcDbEntity
67
0
8
2 - окн федерального значения
62
256
6
ByLayer
370
-1
48
1.0
60
0
100
AcDbPoint
10
1396061.83263223
20
359495.154090389
30
0.0
39
0.0
210
0.0
220
0.0
230
1.0
50
360.0
0
TEXT
5
84
330
1C
100
AcDbEntity
67
0
8
2 - окн федерального значения
62
7
6
ByLayer
370
-1
48
1.0
60
0
100
AcDbText
1
17
10
1396061.97263223
20
359495.428534819
30
0.0
40
0.31111111111
41
1.0
50
0.0
51
0.0
7
Standard
11
1396061.97263223
21
359495.428534819
31
0.0
210
0.0
220
0.0
230
1.0
71
0
72
0
100
AcDbText
73
0
0
POINT
5
85
330
1C
100
AcDbEntity
67
0
8
2 - окн федерального значения
62
256
6
ByLayer
370
-1
48
1.0
60
0
100
AcDbPoint
10
1396058.01637189
20
359483.092907409
30
0.0
39
0.0
210
0.0
220
0.0
230
1.0
50
360.0
0
TEXT
5
86
330
1C
100
AcDbEntity
67
0
8
2 - окн федерального значения
62
7
6
ByLayer
370
-1
48
1.0
60
0
100
AcDbText
1
18
10
1396058.15637189
20
359483.367351839
30
0.0
40
0.31111111111
41
1.0
50
0.0
51
0.0
7
Standard
11
1396058.15637189
21
359483.367351839
31
0.0
210
0.0
220
0.0
230
1.0
71
0
72
0
100
AcDbText
73
0
0
POINT
5
87
330
1C
100
AcDbEntity
67
0
8
2 - окн федерального значения
62
256
6
ByLayer
370
-1
48
1.0
60
0
100
AcDbPoint
10
1396066.01633379
20
359483.215387676
30
0.0
39
0.0
210
0.0
220
0.0
230
1.0
50
360.0
0
TEXT
5
88
330
1C
100
AcDbEntity
67
0
8
2 - окн федерального значения
62
7
6
ByLayer
370
-1
48
1.0
60
0
100
AcDbText
1
19
10
1396066.15633379
20
359483.489832107
30
0.0
40
0.31111111111
41
1.0
50
0.0
51
0.0
7
Standard
11
1396066.15633379
21
359483.489832107
31
0.0
210
0.0
220
0.0
230
1.0
71
0
72
0
100
AcDbText
73
0
0
POINT
5
89
330
1C
100
AcDbEntity
67
0
8
2 - окн федерального значения
62
256
6
ByLayer
370
-1
48
1.0
60
0
100
AcDbPoint
10
1394276.03838716
20
360363.765057573
30
0.0
39
0.0
210
0.0
220
0.0
230
1.0
50
360.0
0
TEXT
5
8A
330
1C
100
AcDbEntity
67
0
8
2 - окн федерального значения
62
7
6
ByLayer
370
-1
48
1.0
60
0
100
AcDbText
1
20
10
1394276.17838716
20
360364.039502003
30
0.0
40
0.31111111111
41
1.0
50
0.0
51
0.0
7
Standard
11
1394276.17838716
21
360364.039502003
31
0.0
210
0.0
220
0.0
230
1.0
71
0
72
0
100
AcDbText
73
0
0
POINT
5
8B
330
1C
100
AcDbEntity
67
0
8
2 - окн федерального значения
62
256
6
ByLayer
370
-1
48
1.0
60
0
100
AcDbPoint
10
1394271.65397732
20
360362.112254096
30
0.0
39
0.0
210
0.0
220
0.0
230
1.0
50
360.0
0
TEXT
5
8C
330
1C
100
AcDbEntity
67
0
8
2 - окн федерального значения
62
7
6
ByLayer
370
-1
48
1.0
60
0
100
AcDbText
1
21
10
1394271.79397732
20
360362.386698527
30
0.0
40
0.31111111111
41
1.0
50
0.0
51
0.0
7
Standard
11
1394271.79397732
21
360362.386698527
31
0.0
210
0.0
220
0.0
230
1.0
71
0
72
0
100
AcDbText
73
0
0
POINT
5
8D
330
1C
100
AcDbEntity
67
0
8
2 - окн федерального значения
62
256
6
ByLayer
370
-1
48
1.0
60
0
100
AcDbPoint
10
1394268.88440613
20
360360.869540809
30
0.0
39
0.0
210
0.0
220
0.0
230
1.0
50
360.0
0
TEXT
5
8E
330
1C
100
AcDbEntity
67
0
8
2 - окн федерального значения
62
7
6
ByLayer
370
-1
48
1.0
60
0
100
AcDbText
1
22
10
1394269.02440613
20
360361.143985239
30
0.0
40
0.31111111111
41
1.0
50
0.0
51
0.0
7
Standard
11
1394269.02440613
21
360361.143985239
31
0.0
210
0.0
220
0.0
230
1.0
71
0
72
0
100
AcDbText
73
0
0
POINT
5
8F
330
1C
100
AcDbEntity
67
0
8
2 - окн федерального значения
62
256
6
ByLayer
370
-1
48
1.0
60
0
100
AcDbPoint
10
1394267.29671443
20
360356.063888026
30
0.0
39
0.0
210
0.0
220
0.0
230
1.0
50
360.0
0
TEXT
5
90
330
1C
100
AcDbEntity
67
0
8
2 - окн федерального значения
62
7
6
ByLayer
370
-1
48
1.0
60
0
100
AcDbText
1
23
10
1394267.43671443
20
360356.338332456
30
0.0
40
0.31111111111
41
1.0
50
0.0
51
0.0
7
Standard
11
1394267.43671443
21
360356.338332456
31
0.0
210
0.0
220
0.0
230
1.0
71
0
72
0
100
AcDbText
73
0
0
POINT
5
91
330
1C
100
AcDbEntity
67
0
8
2 - окн федерального значения
62
256
6
ByLayer
370
-1
48
1.0
60
0
100
AcDbPoint
10
1394266.89007374
20
360355.524450378
30
0.0
39
0.0
210
0.0
220
0.0
230
1.0
50
360.0
0
TEXT
5
92
330
1C
100
AcDbEntity
67
0
8
2 - окн федерального значения
62
7
6
ByLayer
370
-1
48
1.0
60
0
100
AcDbText
1
24
10
1394267.03007374
20
360355.798894809
30
0.0
40
0.31111111111
41
1.0
50
0.0
51
0.0
7
Standard
11
1394267.03007374
21
360355.798894809
31
0.0
210
0.0
220
0.0
230
1.0
71
0
72
0
100
AcDbText
73
0
0
POINT
5
93
330
1C
100
AcDbEntity
67
0
8
2 - окн федерального значения
62
256
6
ByLayer
370
-1
48
1.0
60
0
100
AcDbPoint
10
1394265.10044565
20
360354.983585024
30
0.0
39
0.0
210
0.0
220
0.0
230
1.0
50
360.0
0
TEXT
5
94
330
1C
100
AcDbEntity
67
0
8
2 - окн федерального значения
62
7
6
ByLayer
370
-1
48
1.0
60
0
100
AcDbText
1
25
10
1394265.24044565
20
360355.258029455
30
0.0
40
0.31111111111
41
1.0
50
0.0
51
0.0
7
Standard
11
1394265.24044565
21
360355.258029455
31
0.0
210
0.0
220
0.0
230
1.0
71
0
72
0
100
AcDbText
73
0
0
POINT
5
95
330
1C
100
AcDbEntity
67
0
8
2 - окн федерального значения
62
256
6
ByLayer
370
-1
48
1.0
60
0
100
AcDbPoint
10
1394265.88994247
20
360351.164452827
30
0.0
39
0.0
210
0.0
220
0.0
230
1.0
50
360.0
0
TEXT
5
96
330
1C
100
AcDbEntity
67
0
8
2 - окн федерального значения
62
7
6
ByLayer
370
-1
48
1.0
60
0
100
AcDbText
1
26
10
1394266.02994247
20
360351.438897258
30
0.0
40
0.31111111111
41
1.0
50
0.0
51
0.0
7
Standard
11
1394266.02994247
21
360351.438897258
31
0.0
210
0.0
220
0.0
230
1.0
71
0
72
0
100
AcDbText
73
0
0
POINT
5
97
330
1C
100
AcDbEntity
67
0
8
2 - окн федерального значения
62
256
6
ByLayer
370
-1
48
1.0
60
0
100
AcDbPoint
10
1394268.11231541
20
360351.830436417
30
0.0
39
0.0
210
0.0
220
0.0
230
1.0
50
360.0
0
TEXT
5
98
330
1C
100
AcDbEntity
67
0
8
2 - окн федерального значения
62
7
6
ByLayer
370
-1
48
1.0
60
0
100
AcDbText
1
27
10
1394268.25231541
20
360352.104880848
30
0.0
40
0.31111111111
41
1.0
50
0.0
51
0.0
7
Standard
11
1394268.25231541
21
360352.104880848
31
0.0
210
0.0
220
0.0
230
1.0
71
0
72
0
100
AcDbText
73
0
0
POINT
5
99
330
1C
100
AcDbEntity
67
0
8
2 - окн федерального значения
62
256
6
ByLayer
370
-1
48
1.0
60
0
100
AcDbPoint
10
1394272.97032588
20
360349.603147507
30
0.0
39
0.0
210
0.0
220
0.0
230
1.0
50
360.0
0
TEXT
5
9A
330
1C
100
AcDbEntity
67
0
8
2 - окн федерального значения
62
7
6
ByLayer
370
-1
48
1.0
60
0
100
AcDbText
1
28
10
1394273.11032588
20
360349.877591937
30
0.0
40
0.31111111111
41
1.0
50
0.0
51
0.0
7
Standard
11
1394273.11032588
21
360349.877591937
31
0.0
210
0.0
220
0.0
230
1.0
71
0
72
0
100
AcDbText
73
0
0
POINT
5
9B
330
1C
100
AcDbEntity
67
0
8
2 - окн федерального значения
62
256
6
ByLayer
370
-1
48
1.0
60
0
100
AcDbPoint
10
1394274.06165385
20
360346.730805179
30
0.0
39
0.0
210
0.0
220
0.0
230
1.0
50
360.0
0
TEXT
5
9C
330
1C
100
AcDbEntity
67
0
8
2 - окн федерального значения
62
7
6
ByLayer
370
-1
48
1.0
60
0
100
AcDbText
1
29
10
1394274.20165385
20
360347.00524961
30
0.0
40
0.31111111111
41
1.0
50
0.0
51
0.0
7
Standard
11
1394274.20165385
21
360347.00524961
31
0.0
210
0.0
220
0.0
230
1.0
71
0
72
0
100
AcDbText
73
0
0
POINT
5
9D
330
1C
100
AcDbEntity
67
0
8
2 - окн федерального значения
62
256
6
ByLayer
370
-1
48
1.0
60
0
100
AcDbPoint
10
1394274.76307306
20
360345.438140514
30
0.0
39
0.0
210
0.0
220
0.0
230
1.0
50
360.0
0
TEXT
5
9E
330
1C
100
AcDbEntity
67
0
8
2 - окн федерального значения
62
7
6
ByLayer
370
-1
48
1.0
60
0
100
AcDbText
1
30
10
1394274.90307306
20
360345.712584944
30
0.0
40
0.31111111111
41
1.0
50
0.0
51
0.0
7
Standard
11
1394274.90307306
21
360345.712584944
31
0.0
210
0.0
220
0.0
230
1.0
71
0
72
0
100
AcDbText
73
0
0
POINT
5
9F
330
1C
100
AcDbEntity
67
0
8
2 - окн федерального значения
62
256
6
ByLayer
370
-1
48
1.0
60
0
100
AcDbPoint
10
1394275.4227043
20
360345.003743795
30
0.0
39
0.0
210
0.0
220
0.0
230
1.0
50
360.0
0
TEXT
5
A0
330
1C
100
AcDbEntity
67
0
8
2 - окн федерального значения
62
7
6
ByLayer
370
-1
48
1.0
60
0
100
AcDbText
1
31
10
1394275.5627043
20
360345.278188226
30
0.0
40
0.31111111111
41
1.0
50
0.0
51
0.0
7
Standard
11
1394275.5627043
21
360345.278188226
31
0.0
210
0.0
220
0.0
230
1.0
71
0
72
0
100
AcDbText
73
0
0
POINT
5
A1
330
1C
100
AcDbEntity
67
0
8
2 - окн федерального значения
62
256
6
ByLayer
370
-1
48
1.0
60
0
100
AcDbPoint
10
1394276.64500002
20
360344.989731018
30
0.0
39
0.0
210
0.0
220
0.0
230
1.0
50
360.0
0
TEXT
5
A2
330
1C
100
AcDbEntity
67
0
8
2 - окн федерального значения
62
7
6
ByLayer
370
-1
48
1.0
60
0
100
AcDbText
1
32
10
1394276.78500002
20
360345.264175449
30
0.0
40
0.31111111111
41
1.0
50
0.0
51
0.0
7
Standard
11
1394276.78500002
21
360345.264175449
31
0.0
210
0.0
220
0.0
230
1.0
71
0
72
0
100
AcDbText
73
0
0
POINT
5
A3
330
1C
100
AcDbEntity
67
0
8
2 - окн федерального значения
62
256
6
ByLayer
370
-1
48
1.0
60
0
100
AcDbPoint
10
1394281.92304645
20
360346.861055535
30
0.0
39
0.0
210
0.0
220
0.0
230
1.0
50
360.0
0
TEXT
5
A4
330
1C
100
AcDbEntity
67
0
8
2 - окн федерального значения
62
7
6
ByLayer
370
-1
48
1.0
60
0
100
AcDbText
1
33
10
1394282.06304645
20
360347.135499966
30
0.0
40
0.31111111111
41
1.0
50
0.0
51
0.0
7
Standard
11
1394282.06304645
21
360347.135499966
31
0.0
210
0.0
220
0.0
230
1.0
71
0
72
0
100
AcDbText
73
0
0
POINT
5
A5
330
1C
100
AcDbEntity
67
0
8
2 - окн федерального значения
62
256
6
ByLayer
370
-1
48
1.0
60
0
100
AcDbPoint
10
1394275.91493368
20
360362.609970781
30
0.0
39
0.0
210
0.0
220
0.0
230
1.0
50
360.0
0
TEXT
5
A6
330
1C
100
AcDbEntity
67
0
8
2 - окн федерального значения
62
7
6
ByLayer
370
-1
48
1.0
60
0
100
AcDbText
1
34
10
1394276.05493368
20
360362.884415211
30
0.0
40
0.31111111111
41
1.0
50
0.0
51
0.0
7
Standard
11
1394276.05493368
21
360362.884415211
31
0.0
210
0.0
220
0.0
230
1.0
71
0
72
0
100
AcDbText
73
0
0
POINT
5
A7
330
1C
100
AcDbEntity
67
0
8
2 - окн федерального значения
62
256
6
ByLayer
370
-1
48
1.0
60
0
100
AcDbPoint
10
1394276.4247414
20
360362.840937719
30
0.0
39
0.0
210
0.0
220
0.0
230
1.0
50
360.0
0
TEXT
5
A8
330
1C
100
AcDbEntity
67
0
8
2 - окн федерального значения
62
7
6
ByLayer
370
-1
48
1.0
60
0
100
AcDbText
1
35
10
1394276.5647414
20
360363.11538215
30
0.0
40
0.31111111111
41
1.0
50
0.0
51
0.0
7
Standard
11
1394276.5647414
21
360363.11538215
31
0.0
210
0.0
220
0.0
230
1.0
71
0
72
0
100
AcDbText
73
0
0
POINT
5
A9
330
1C
100
AcDbEntity
67
0
8
2 - окн федерального значения
62
256
6
ByLayer
370
-1
48
1.0
60
0
100
AcDbPoint
10
1394345.9346663
20
360775.075788912
30
0.0
39
0.0
210
0.0
220
0.0
230
1.0
50
360.0
0
TEXT
5
AA
330
1C
100
AcDbEntity
67
0
8
2 - окн федерального значения
62
7
6
ByLayer
370
-1
48
1.0
60
0
100
AcDbText
1
36
10
1394346.0746663
20
360775.350233343
30
0.0
40
0.31111111111
41
1.0
50
0.0
51
0.0
7
Standard
11
1394346.0746663
21
360775.350233343
31
0.0
210
0.0
220
0.0
230
1.0
71
0
72
0
100
AcDbText
73
0
0
POINT
5
AB
330
1C
100
AcDbEntity
67
0
8
2 - окн федерального значения
62
256
6
ByLayer
370
-1
48
1.0
60
0
100
AcDbPoint
10
1394345.70640565
20
360765.742485336
30
0.0
39
0.0
210
0.0
220
0.0
230
1.0
50
360.0
0
TEXT
5
AC
330
1C
100
AcDbEntity
67
0
8
2 - окн федерального значения
62
7
6
ByLayer
370
-1
48
1.0
60
0
100
AcDbText
1
37
10
1394345.84640565
20
360766.016929766
30
0.0
40
0.31111111111
41
1.0
50
0.0
51
0.0
7
Standard
11
1394345.84640565
21
360766.016929766
31
0.0
210
0.0
220
0.0
230
1.0
71
0
72
0
100
AcDbText
73
0
0
POINT
5
AD
330
1C
100
AcDbEntity
67
0
8
2 - окн федерального значения
62
256
6
ByLayer
370
-1
48
1.0
60
0
100
AcDbPoint
10
1394330.22347613
20
360765.995333471
30
0.0
39
0.0
210
0.0
220
0.0
230
1.0
50
360.0
0
TEXT
5
AE
330
1C
100
AcDbEntity
67
0
8
2 - окн федерального значения
62
7
6
ByLayer
370
-1
48
1.0
60
0
100
AcDbText
1
38
10
1394330.36347613
20
360766.269777902
30
0.0
40
0.31111111111
41
1.0
50
0.0
51
0.0
7
Standard
11
1394330.36347613
21
360766.269777902
31
0.0
210
0.0
220
0.0
230
1.0
71
0
72
0
100
AcDbText
73
0
0
POINT
5
AF
330
1C
100
AcDbEntity
67
0
8
2 - окн федерального значения
62
256
6
ByLayer
370
-1
48
1.0
60
0
100
AcDbPoint
10
1394330.41999101
20
360775.155079566
30
0.0
39
0.0
210
0.0
220
0.0
230
1.0
50
360.0
0
TEXT
5
B0
330
1C
100
AcDbEntity
67
0
8
2 - окн федерального значения
62
7
6
ByLayer
370
-1
48
1.0
60
0
100
AcDbText
1
39
10
1394330.55999101
20
360775.429523997
30
0.0
40
0.31111111111
41
1.0
50
0.0
51
0.0
7
Standard
11
1394330.55999101
21
360775.429523997
31
0.0
210
0.0
220
0.0
230
1.0
71
0
72
0
100
AcDbText
73
0
0
POINT
5
B1
330
1C
100
AcDbEntity
67
0
8
2 - окн федерального значения
62
256
6
ByLayer
370
-1
48
1.0
60
0
100
AcDbPoint
10
1395699.76030648
20
359509.045461347
30
0.0
39
0.0
210
0.0
220
0.0
230
1.0
50
360.0
0
TEXT
5
B2
330
1C
100
AcDbEntity
67
0
8
2 - окн федерального значения
62
7
6
ByLayer
370
-1
48
1.0
60
0
100
AcDbText
1
40
10
1395699.90030648
20
359509.319905777
30
0.0
40
0.31111111111
41
1.0
50
0.0
51
0.0
7
Standard
11
1395699.90030648
21
359509.319905777
31
0.0
210
0.0
220
0.0
230
1.0
71
0
72
0
100
AcDbText
73
0
0
POINT
5
B3
330
1C
100
AcDbEntity
67
0
8
2 - окн федерального значения
62
256
6
ByLayer
370
-1
48
1.0
60
0
100
AcDbPoint
10
1395698.60810264
20
359504.612978659
30
0.0
39
0.0
210
0.0
220
0.0
230
1.0
50
360.0
0
TEXT
5
B4
330
1C
100
AcDbEntity
67
0
8
2 - окн федерального значения
62
7
6
ByLayer
370
-1
48
1.0
60
0
100
AcDbText
1
41
10
1395698.74810264
20
359504.887423089
30
0.0
40
0.31111111111
41
1.0
50
0.0
51
0.0
7
Standard
11
1395698.74810264
21
359504.887423089
31
0.0
210
0.0
220
0.0
230
1.0
71
0
72
0
100
AcDbText
73
0
0
POINT
5
B5
330
1C
100
AcDbEntity
67
0
8
2 - окн федерального значения
62
256
6
ByLayer
370
-1
48
1.0
60
0
100
AcDbPoint
10
1395688.36874152
20
359507.274654343
30
0.0
39
0.0
210
0.0
220
0.0
230
1.0
50
360.0
0
TEXT
5
B6
330
1C
100
AcDbEntity
67
0
8
2 - окн федерального значения
62
7
6
ByLayer
370
-1
48
1.0
60
0
100
AcDbText
1
42
10
1395688.50874152
20
359507.549098773
30
0.0
40
0.31111111111
41
1.0
50
0.0
51
0.0
7
Standard
11
1395688.50874152
21
359507.549098773
31
0.0
210
0.0
220
0.0
230
1.0
71
0
72
0
100
AcDbText
73
0
0
POINT
5
B7
330
1C
100
AcDbEntity
67
0
8
2 - окн федерального значения
62
256
6
ByLayer
370
-1
48
1.0
60
0
100
AcDbPoint
10
1395693.53843268
20
359527.162254181
30
0.0
39
0.0
210
0.0
220
0.0
230
1.0
50
360.0
0
TEXT
5
B8
330
1C
100
AcDbEntity
67
0
8
2 - окн федерального значения
62
7
6
ByLayer
370
-1
48
1.0
60
0
100
AcDbText
1
43
10
1395693.67843268
20
359527.436698612
30
0.0
40
0.31111111111
41
1.0
50
0.0
51
0.0
7
Standard
11
1395693.67843268
21
359527.436698612
31
0.0
210
0.0
220
0.0
230
1.0
71
0
72
0
100
AcDbText
73
0
0
POINT
5
B9
330
1C
100
AcDbEntity
67
0
8
2 - окн федерального значения
62
256
6
ByLayer
370
-1
48
1.0
60
0
100
AcDbPoint
10
1395695.15460836
20
359526.742136702
30
0.0
39
0.0
210
0.0
220
0.0
230
1.0
50
360.0
0
TEXT
5
BA
330
1C
100
AcDbEntity
67
0
8
2 - окн федерального значения
62
7
6
ByLayer
370
-1
48
1.0
60
0
100
AcDbText
1
44
10
1395695.29460836
20
359527.016581132
30
0.0
40
0.31111111111
41
1.0
50
0.0
51
0.0
7
Standard
11
1395695.29460836
21
359527.016581132
31
0.0
210
0.0
220
0.0
230
1.0
71
0
72
0
100
AcDbText
73
0
0
POINT
5
BB
330
1C
100
AcDbEntity
67
0
8
2 - окн федерального значения
62
256
6
ByLayer
370
-1
48
1.0
60
0
100
AcDbPoint
10
1395697.03337818
20
359533.450170849
30
0.0
39
0.0
210
0.0
220
0.0
230
1.0
50
360.0
0
TEXT
5
BC
330
1C
100
AcDbEntity
67
0
8
2 - окн федерального значения
62
7
6
ByLayer
370
-1
48
1.0
60
0
100
AcDbText
1
45
10
1395697.17337818
20
359533.72461528
30
0.0
40
0.31111111111
41
1.0
50
0.0
51
0.0
7
Standard
11
1395697.17337818
21
359533.72461528
31
0.0
210
0.0
220
0.0
230
1.0
71
0
72
0
100
AcDbText
73
0
0
POINT
5
BD
330
1C
100
AcDbEntity
67
0
8
2 - окн федерального значения
62
256
6
ByLayer
370
-1
48
1.0
60
0
100
AcDbPoint
10
1395706.80743882
20
359530.891542314
30
0.0
39
0.0
210
0.0
220
0.0
230
1.0
50
360.0
0
TEXT
5
BE
330
1C
100
AcDbEntity
67
0
8
2 - окн федерального значения
62
7
6
ByLayer
370
-1
48
1.0
60
0
100
AcDbText
1
46
10
1395706.94743882
20
359531.165986744
30
0.0
40
0.31111111111
41
1.0
50
0.0
51
0.0
7
Standard
11
1395706.94743882
21
359531.165986744
31
0.0
210
0.0
220
0.0
230
1.0
71
0
72
0
100
AcDbText
73
0
0
POINT
5
BF
330
1C
100
AcDbEntity
67
0
8
2 - окн федерального значения
62
256
6
ByLayer
370
-1
48
1.0
60
0
100
AcDbPoint
10
1395706.27783281
20
359528.795700369
30
0.0
39
0.0
210
0.0
220
0.0
230
1.0
50
360.0
0
TEXT
5
C0
330
1C
100
AcDbEntity
67
0
8
2 - окн федерального значения
62
7
6
ByLayer
370
-1
48
1.0
60
0
100
AcDbText
1
47
10
1395706.41783281
20
359529.0701448
30
0.0
40
0.31111111111
41
1.0
50
0.0
51
0.0
7
Standard
11
1395706.41783281
21
359529.0701448
31
0.0
210
0.0
220
0.0
230
1.0
71
0
72
0
100
AcDbText
73
0
0
POINT
5
C1
330
1C
100
AcDbEntity
67
0
8
2 - окн федерального значения
62
256
6
ByLayer
370
-1
48
1.0
60
0
100
AcDbPoint
10
1395722.65573802
20
359524.657107102
30
0.0
39
0.0
210
0.0
220
0.0
230
1.0
50
360.0
0
TEXT
5
C2
330
1C
100
AcDbEntity
67
0
8
2 - окн федерального значения
62
7
6
ByLayer
370
-1
48
1.0
60
0
100
AcDbText
1
48
10
1395722.79573802
20
359524.931551532
30
0.0
40
0.31111111111
41
1.0
50
0.0
51
0.0
7
Standard
11
1395722.79573802
21
359524.931551532
31
0.0
210
0.0
220
0.0
230
1.0
71
0
72
0
100
AcDbText
73
0
0
POINT
5
C3
330
1C
100
AcDbEntity
67
0
8
2 - окн федерального значения
62
256
6
ByLayer
370
-1
48
1.0
60
0
100
AcDbPoint
10
1395723.16004932
20
359526.652848671
30
0.0
39
0.0
210
0.0
220
0.0
230
1.0
50
360.0
0
TEXT
5
C4
330
1C
100
AcDbEntity
67
0
8
2 - окн федерального значения
62
7
6
ByLayer
370
-1
48
1.0
60
0
100
AcDbText
1
49
10
1395723.30004932
20
359526.927293101
30
0.0
40
0.31111111111
41
1.0
50
0.0
51
0.0
7
Standard
11
1395723.30004932
21
359526.927293101
31
0.0
210
0.0
220
0.0
230
1.0
71
0
72
0
100
AcDbText
73
0
0
POINT
5
C5
330
1C
100
AcDbEntity
67
0
8
2 - окн федерального значения
62
256
6
ByLayer
370
-1
48
1.0
60
0
100
AcDbPoint
10
1395731.34047203
20
359524.585707467
30
0.0
39
0.0
210
0.0
220
0.0
230
1.0
50
360.0
0
TEXT
5
C6
330
1C
100
AcDbEntity
67
0
8
2 - окн федерального значения
62
7
6
ByLayer
370
-1
48
1.0
60
0
100
AcDbText
1
50
10
1395731.48047203
20
359524.860151897
30
0.0
40
0.31111111111
41
1.0
50
0.0
51
0.0
7
Standard
11
1395731.48047203
21
359524.860151897
31
0.0
210
0.0
220
0.0
230
1.0
71
0
72
0
100
AcDbText
73
0
0
POINT
5
C7
330
1C
100
AcDbEntity
67
0
8
2 - окн федерального значения
62
256
6
ByLayer
370
-1
48
1.0
60
0
100
AcDbPoint
10
1395729.88432759
20
359518.823219391
30
0.0
39
0.0
210
0.0
220
0.0
230
1.0
50
360.0
0
TEXT
5
C8
330
1C
100
AcDbEntity
67
0
8
2 - окн федерального значения
62
7
6
ByLayer
370
-1
48
1.0
60
0
100
AcDbText
1
51
10
1395730.02432759
20
359519.097663822
30
0.0
40
0.31111111111
41
1.0
50
0.0
51
0.0
7
Standard
11
1395730.02432759
21
359519.097663822
31
0.0
210
0.0
220
0.0
230
1.0
71
0
72
0
100
AcDbText
73
0
0
POINT
5
C9
330
1C
100
AcDbEntity
67
0
8
2 - окн федерального значения
62
256
6
ByLayer
370
-1
48
1.0
60
0
100
AcDbPoint
10
1395730.63620971
20
359518.633223506
30
0.0
39
0.0
210
0.0
220
0.0
230
1.0
50
360.0
0
TEXT
5
CA
330
1C
100
AcDbEntity
67
0
8
2 - окн федерального значения
62
7
6
ByLayer
370
-1
48
1.0
60
0
100
AcDbText
1
52
10
1395730.77620971
20
359518.907667937
30
0.0
40
0.31111111111
41
1.0
50
0.0
51
0.0
7
Standard
11
1395730.77620971
21
359518.907667937
31
0.0
210
0.0
220
0.0
230
1.0
71
0
72
0
100
AcDbText
73
0
0
POINT
5
CB
330
1C
100
AcDbEntity
67
0
8
2 - окн федерального значения
62
256
6
ByLayer
370
-1
48
1.0
60
0
100
AcDbPoint
10
1395726.97284319
20
359504.060406179
30
0.0
39
0.0
210
0.0
220
0.0
230
1.0
50
360.0
0
TEXT
5
CC
330
1C
100
AcDbEntity
67
0
8
2 - окн федерального значения
62
7
6
ByLayer
370
-1
48
1.0
60
0
100
AcDbText
1
53
10
1395727.11284319
20
359504.33485061
30
0.0
40
0.31111111111
41
1.0
50
0.0
51
0.0
7
Standard
11
1395727.11284319
21
359504.33485061
31
0.0
210
0.0
220
0.0
230
1.0
71
0
72
0
100
AcDbText
73
0
0
POINT
5
CD
330
1C
100
AcDbEntity
67
0
8
2 - окн федерального значения
62
256
6
ByLayer
370
-1
48
1.0
60
0
100
AcDbPoint
10
1395726.20301403
20
359504.254937193
30
0.0
39
0.0
210
0.0
220
0.0
230
1.0
50
360.0
0
TEXT
5
CE
330
1C
100
AcDbEntity
67
0
8
2 - окн федерального значения
62
7
6
ByLayer
370
-1
48
1.0
60
0
100
AcDbText
1
54
10
1395726.34301403
20
359504.529381623
30
0.0
40
0.31111111111
41
1.0
50
0.0
51
0.0
7
Standard
11
1395726.34301403
21
359504.529381623
31
0.0
210
0.0
220
0.0
230
1.0
71
0
72
0
100
AcDbText
73
0
0
POINT
5
CF
330
1C
100
AcDbEntity
67
0
8
2 - окн федерального значения
62
256
6
ByLayer
370
-1
48
1.0
60
0
100
AcDbPoint
10
1395724.50442615
20
359497.533014637
30
0.0
39
0.0
210
0.0
220
0.0
230
1.0
50
360.0
0
TEXT
5
D0
330
1C
100
AcDbEntity
67
0
8
2 - окн федерального значения
62
7
6
ByLayer
370
-1
48
1.0
60
0
100
AcDbText
1
55
10
1395724.64442615
20
359497.807459068
30
0.0
40
0.31111111111
41
1.0
50
0.0
51
0.0
7
Standard
11
1395724.64442615
21
359497.807459068
31
0.0
210
0.0
220
0.0
230
1.0
71
0
72
0
100
AcDbText
73
0
0
POINT
5
D1
330
1C
100
AcDbEntity
67
0
8
2 - окн федерального значения
62
256
6
ByLayer
370
-1
48
1.0
60
0
100
AcDbPoint
10
1395716.05954011
20
359499.759573665
30
0.0
39
0.0
210
0.0
220
0.0
230
1.0
50
360.0
0
TEXT
5
D2
330
1C
100
AcDbEntity
67
0
8
2 - окн федерального значения
62
7
6
ByLayer
370
-1
48
1.0
60
0
100
AcDbText
1
56
10
1395716.19954011
20
359500.034018095
30
0.0
40
0.31111111111
41
1.0
50
0.0
51
0.0
7
Standard
11
1395716.19954011
21
359500.034018095
31
0.0
210
0.0
220
0.0
230
1.0
71
0
72
0
100
AcDbText
73
0
0
POINT
5
D3
330
1C
100
AcDbEntity
67
0
8
2 - окн федерального значения
62
256
6
ByLayer
370
-1
48
1.0
60
0
100
AcDbPoint
10
1395717.32480831
20
359504.422723056
30
0.0
39
0.0
210
0.0
220
0.0
230
1.0
50
360.0
0
TEXT
5
D4
330
1C
100
AcDbEntity
67
0
8
2 - окн федерального значения
62
7
6
ByLayer
370
-1
48
1.0
60
0
100
AcDbText
1
57
10
1395717.46480831
20
359504.697167486
30
0.0
40
0.31111111111
41
1.0
50
0.0
51
0.0
7
Standard
11
1395717.46480831
21
359504.697167486
31
0.0
210
0.0
220
0.0
230
1.0
71
0
72
0
100
AcDbText
73
0
0
POINT
5
D5
330
1C
100
AcDbEntity
67
0
8
2 - окн федерального значения
62
256
6
ByLayer
370
-1
48
1.0
60
0
100
AcDbPoint
10
1394604.20757023
20
359814.368240658
30
0.0
39
0.0
210
0.0
220
0.0
230
1.0
50
360.0
0
TEXT
5
D6
330
1C
100
AcDbEntity
67
0
8
2 - окн федерального значения
62
7
6
ByLayer
370
-1
48
1.0
60
0
100
AcDbText
1
58
10
1394604.34757023
20
359814.642685088
30
0.0
40
0.31111111111
41
1.0
50
0.0
51
0.0
7
Standard
11
1394604.34757023
21
359814.642685088
31
0.0
210
0.0
220
0.0
230
1.0
71
0
72
0
100
AcDbText
73
0
0
POINT
5
D7
330
1C
100
AcDbEntity
67
0
8
2 - окн федерального значения
62
256
6
ByLayer
370
-1
48
1.0
60
0
100
AcDbPoint
10
1394554.77664066
20
359825.973721493
30
0.0
39
0.0
210
0.0
220
0.0
230
1.0
50
360.0
0
TEXT
5
D8
330
1C
100
AcDbEntity
67
0
8
2 - окн федерального значения
62
7
6
ByLayer
370
-1
48
1.0
60
0
100
AcDbText
1
59
10
1394554.91664066
20
359826.248165923
30
0.0
40
0.31111111111
41
1.0
50
0.0
51
0.0
7
Standard
11
1394554.91664066
21
359826.248165923
31
0.0
210
0.0
220
0.0
230
1.0
71
0
72
0
100
AcDbText
73
0
0
POINT
5
D9
330
1C
100
AcDbEntity
67
0
8
2 - окн федерального значения
62
256
6
ByLayer
370
-1
48
1.0
60
0
100
AcDbPoint
10
1394550.0283026
20
359823.295373853
30
0.0
39
0.0
210
0.0
220
0.0
230
1.0
50
360.0
0
TEXT
5
DA
330
1C
100
AcDbEntity
67
0
8
2 - окн федерального значения
62
7
6
ByLayer
370
-1
48
1.0
60
0
100
AcDbText
1
60
10
1394550.1683026
20
359823.569818283
30
0.0
40
0.31111111111
41
1.0
50
0.0
51
0.0
7
Standard
11
1394550.1683026
21
359823.569818283
31
0.0
210
0.0
220
0.0
230
1.0
71
0
72
0
100
AcDbText
73
0
0
POINT
5
DB
330
1C
100
AcDbEntity
67
0
8
2 - окн федерального значения
62
256
6
ByLayer
370
-1
48
1.0
60
0
100
AcDbPoint
10
1394544.13605225
20
359797.485386599
30
0.0
39
0.0
210
0.0
220
0.0
230
1.0
50
360.0
0
TEXT
5
DC
330
1C
100
AcDbEntity
67
0
8
2 - окн федерального значения
62
7
6
ByLayer
370
-1
48
1.0
60
0
100
AcDbText
1
61
10
1394544.27605225
20
359797.759831029
30
0.0
40
0.31111111111
41
1.0
50
0.0
51
0.0
7
Standard
11
1394544.27605225
21
359797.759831029
31
0.0
210
0.0
220
0.0
230
1.0
71
0
72
0
100
AcDbText
73
0
0
POINT
5
DD
330
1C
100
AcDbEntity
67
0
8
2 - окн федерального значения
62
256
6
ByLayer
370
-1
48
1.0
60
0
100
AcDbPoint
10
1394552.98853562
20
359795.533615614
30
0.0
39
0.0
210
0.0
220
0.0
230
1.0
50
360.0
0
TEXT
5
DE
330
1C
100
AcDbEntity
67
0
8
2 - окн федерального значения
62
7
6
ByLayer
370
-1
48
1.0
60
0
100
AcDbText
1
62
10
1394553.12853562
20
359795.808060044
30
0.0
40
0.31111111111
41
1.0
50
0.0
51
0.0
7
Standard
11
1394553.12853562
21
359795.808060044
31
0.0
210
0.0
220
0.0
230
1.0
71
0
72
0
100
AcDbText
73
0
0
POINT
5
DF
330
1C
100
AcDbEntity
67
0
8
2 - окн федерального значения
62
256
6
ByLayer
370
-1
48
1.0
60
0
100
AcDbPoint
10
1394552.17154634
20
359791.761641062
30
0.0
39
0.0
210
0.0
220
0.0
230
1.0
50
360.0
0
TEXT
5
E0
330
1C
100
AcDbEntity
67
0
8
2 - окн федерального значения
62
7
6
ByLayer
370
-1
48
1.0
60
0
100
AcDbText
1
63
10
1394552.31154634
20
359792.036085493
30
0.0
40
0.31111111111
41
1.0
50
0.0
51
0.0
7
Standard
11
1394552.31154634
21
359792.036085493
31
0.0
210
0.0
220
0.0
230
1.0
71
0
72
0
100
AcDbText
73
0
0
POINT
5
E1
330
1C
100
AcDbEntity
67
0
8
2 - окн федерального значения
62
256
6
ByLayer
370
-1
48
1.0
60
0
100
AcDbPoint
10
1394560.88877143
20
359789.839691311
30
0.0
39
0.0
210
0.0
220
0.0
230
1.0
50
360.0
0
TEXT
5
E2
330
1C
100
AcDbEntity
67
0
8
2 - окн федерального значения
62
7
6
ByLayer
370
-1
48
1.0
60
0
100
AcDbText
1
64
10
1394561.02877143
20
359790.114135742
30
0.0
40
0.31111111111
41
1.0
50
0.0
51
0.0
7
Standard
11
1394561.02877143
21
359790.114135742
31
0.0
210
0.0
220
0.0
230
1.0
71
0
72
0
100
AcDbText
73
0
0
POINT
5
E3
330
1C
100
AcDbEntity
67
0
8
2 - окн федерального значения
62
256
6
ByLayer
370
-1
48
1.0
60
0
100
AcDbPoint
10
1394562.74630669
20
359797.087203969
30
0.0
39
0.0
210
0.0
220
0.0
230
1.0
50
360.0
0
TEXT
5
E4
330
1C
100
AcDbEntity
67
0
8
2 - окн федерального значения
62
7
6
ByLayer
370
-1
48
1.0
60
0
100
AcDbText
1
65
10
1394562.88630669
20
359797.3616484
30
0.0
40
0.31111111111
41
1.0
50
0.0
51
0.0
7
Standard
11
1394562.88630669
21
359797.3616484
31
0.0
210
0.0
220
0.0
230
1.0
71
0
72
0
100
AcDbText
73
0
0
POINT
5
E5
330
1C
100
AcDbEntity
67
0
8
2 - окн федерального значения
62
256
6
ByLayer
370
-1
48
1.0
60
0
100
AcDbPoint
10
1394561.89398184
20
359798.215231317
30
0.0
39
0.0
210
0.0
220
0.0
230
1.0
50
360.0
0
TEXT
5
E6
330
1C
100
AcDbEntity
67
0
8
2 - окн федерального значения
62
7
6
ByLayer
370
-1
48
1.0
60
0
100
AcDbText
1
66
10
1394562.03398184
20
359798.489675747
30
0.0
40
0.31111111111
41
1.0
50
0.0
51
0.0
7
Standard
11
1394562.03398184
21
359798.489675747
31
0.0
210
0.0
220
0.0
230
1.0
71
0
72
0
100
AcDbText
73
0
0
POINT
5
E7
330
1C
100
AcDbEntity
67
0
8
2 - окн федерального значения
62
256
6
ByLayer
370
-1
48
1.0
60
0
100
AcDbPoint
10
1394561.29840521
20
359798.358002231
30
0.0
39
0.0
210
0.0
220
0.0
230
1.0
50
360.0
0
TEXT
5
E8
330
1C
100
AcDbEntity
67
0
8
2 - окн федерального значения
62
7
6
ByLayer
370
-1
48
1.0
60
0
100
AcDbText
1
67
10
1394561.43840521
20
359798.632446661
30
0.0
40
0.31111111111
41
1.0
50
0.0
51
0.0
7
Standard
11
1394561.43840521
21
359798.632446661
31
0.0
210
0.0
220
0.0
230
1.0
71
0
72
0
100
AcDbText
73
0
0
POINT
5
E9
330
1C
100
AcDbEntity
67
0
8
2 - окн федерального значения
62
256
6
ByLayer
370
-1
48
1.0
60
0
100
AcDbPoint
10
1394561.88963559
20
359800.809384033
30
0.0
39
0.0
210
0.0
220
0.0
230
1.0
50
360.0
0
TEXT
5
EA
330
1C
100
AcDbEntity
67
0
8
2 - окн федерального значения
62
7
6
ByLayer
370
-1
48
1.0
60
0
100
AcDbText
1
68
10
1394562.02963559
20
359801.083828463
30
0.0
40
0.31111111111
41
1.0
50
0.0
51
0.0
7
Standard
11
1394562.02963559
21
359801.083828463
31
0.0
210
0.0
220
0.0
230
1.0
71
0
72
0
100
AcDbText
73
0
0
POINT
5
EB
330
1C
100
AcDbEntity
67
0
8
2 - окн федерального значения
62
256
6
ByLayer
370
-1
48
1.0
60
0
100
AcDbPoint
10
1394568.6822781
20
359799.170939227
30
0.0
39
0.0
210
0.0
220
0.0
230
1.0
50
360.0
0
TEXT
5
EC
330
1C
100
AcDbEntity
67
0
8
2 - окн федерального значения
62
7
6
ByLayer
370
-1
48
1.0
60
0
100
AcDbText
1
69
10
1394568.8222781
20
359799.445383658
30
0.0
40
0.31111111111
41
1.0
50
0.0
51
0.0
7
Standard
11
1394568.8222781
21
359799.445383658
31
0.0
210
0.0
220
0.0
230
1.0
71
0
72
0
100
AcDbText
73
0
0
POINT
5
ED
330
1C
100
AcDbEntity
67
0
8
2 - окн федерального значения
62
256
6
ByLayer
370
-1
48
1.0
60
0
100
AcDbPoint
10
1394569.17354412
20
359801.207623309
30
0.0
39
0.0
210
0.0
220
0.0
230
1.0
50
360.0
0
TEXT
5
EE
330
1C
100
AcDbEntity
67
0
8
2 - окн федерального значения
62
7
6
ByLayer
370
-1
48
1.0
60
0
100
AcDbText
1
70
10
1394569.31354412
20
359801.482067739
30
0.0
40
0.31111111111
41
1.0
50
0.0
51
0.0
7
Standard
11
1394569.31354412
21
359801.482067739
31
0.0
210
0.0
220
0.0
230
1.0
71
0
72
0
100
AcDbText
73
0
0
POINT
5
EF
330
1C
100
AcDbEntity
67
0
8
2 - окн федерального значения
62
256
6
ByLayer
370
-1
48
1.0
60
0
100
AcDbPoint
10
1394588.28672471
20
359796.583177519
30
0.0
39
0.0
210
0.0
220
0.0
230
1.0
50
360.0
0
TEXT
5
F0
330
1C
100
AcDbEntity
67
0
8
2 - окн федерального значения
62
7
6
ByLayer
370
-1
48
1.0
60
0
100
AcDbText
1
71
10
1394588.42672471
20
359796.85762195
30
0.0
40
0.31111111111
41
1.0
50
0.0
51
0.0
7
Standard
11
1394588.42672471
21
359796.85762195
31
0.0
210
0.0
220
0.0
230
1.0
71
0
72
0
100
AcDbText
73
0
0
POINT
5
F1
330
1C
100
AcDbEntity
67
0
8
2 - окн федерального значения
62
256
6
ByLayer
370
-1
48
1.0
60
0
100
AcDbPoint
10
1394587.31941893
20
359791.961710447
30
0.0
39
0.0
210
0.0
220
0.0
230
1.0
50
360.0
0
TEXT
5
F2
330
1C
100
AcDbEntity
67
0
8
2 - окн федерального значения
62
7
6
ByLayer
370
-1
48
1.0
60
0
100
AcDbText
1
72
10
1394587.45941893
20
359792.236154877
30
0.0
40
0.31111111111
41
1.0
50
0.0
51
0.0
7
Standard
11
1394587.45941893
21
359792.236154877
31
0.0
210
0.0
220
0.0
230
1.0
71
0
72
0
100
AcDbText
73
0
0
POINT
5
F3
330
1C
100
AcDbEntity
67
0
8
2 - окн федерального значения
62
256
6
ByLayer
370
-1
48
1.0
60
0
100
AcDbPoint
10
1394593.86510444
20
359786.836923561
30
0.0
39
0.0
210
0.0
220
0.0
230
1.0
50
360.0
0
TEXT
5
F4
330
1C
100
AcDbEntity
67
0
8
2 - окн федерального значения
62
7
6
ByLayer
370
-1
48
1.0
60
0
100
AcDbText
1
73
10
1394594.00510444
20
359787.111367992
30
0.0
40
0.31111111111
41
1.0
50
0.0
51
0.0
7
Standard
11
1394594.00510444
21
359787.111367992
31
0.0
210
0.0
220
0.0
230
1.0
71
0
72
0
100
AcDbText
73
0
0
POINT
5
F5
330
1C
100
AcDbEntity
67
0
8
2 - окн федерального значения
62
256
6
ByLayer
370
-1
48
1.0
60
0
100
AcDbPoint
10
1394598.14160238
20
359791.198985547
30
0.0
39
0.0
210
0.0
220
0.0
230
1.0
50
360.0
0
TEXT
5
F6
330
1C
100
AcDbEntity
67
0
8
2 - окн федерального значения
62
7
6
ByLayer
370
-1
48
1.0
60
0
100
AcDbText
1
74
10
1394598.28160238
20
359791.473429978
30
0.0
40
0.31111111111
41
1.0
50
0.0
51
0.0
7
Standard
11
1394598.28160238
21
359791.473429978
31
0.0
210
0.0
220
0.0
230
1.0
71
0
72
0
100
AcDbText
73
0
0
POINT
5
F7
330
1C
100
AcDbEntity
67
0
8
2 - окн федерального значения
62
256
6
ByLayer
370
-1
48
1.0
60
0
100
AcDbPoint
10
1394599.51237437
20
359796.713543391
30
0.0
39
0.0
210
0.0
220
0.0
230
1.0
50
360.0
0
TEXT
5
F8
330
1C
100
AcDbEntity
67
0
8
2 - окн федерального значения
62
7
6
ByLayer
370
-1
48
1.0
60
0
100
AcDbText
1
75
10
1394599.65237437
20
359796.987987821
30
0.0
40
0.31111111111
41
1.0
50
0.0
51
0.0
7
Standard
11
1394599.65237437
21
359796.987987821
31
0.0
210
0.0
220
0.0
230
1.0
71
0
72
0
100
AcDbText
73
0
0
POINT
5
F9
330
1C
100
AcDbEntity
67
0
8
2 - окн федерального значения
62
256
6
ByLayer
370
-1
48
1.0
60
0
100
AcDbPoint
10
1396232.62087797
20
359663.06945126
30
0.0
39
0.0
210
0.0
220
0.0
230
1.0
50
360.0
0
TEXT
5
FA
330
1C
100
AcDbEntity
67
0
8
2 - окн федерального значения
62
7
6
ByLayer
370
-1
48
1.0
60
0
100
AcDbText
1
76
10
1396232.76087797
20
359663.34389569
30
0.0
40
0.31111111111
41
1.0
50
0.0
51
0.0
7
Standard
11
1396232.76087797
21
359663.34389569
31
0.0
210
0.0
220
0.0
230
1.0
71
0
72
0
100
AcDbText
73
0
0
POINT
5
FB
330
1C
100
AcDbEntity
67
0
8
2 - окн федерального значения
62
256
6
ByLayer
370
-1
48
1.0
60
0
100
AcDbPoint
10
1396241.6504327
20
359638.666599962
30
0.0
39
0.0
210
0.0
220
0.0
230
1.0
50
360.0
0
TEXT
5
FC
330
1C
100
AcDbEntity
67
0
8
2 - окн федерального значения
62
7
6
ByLayer
370
-1
48
1.0
60
0
100
AcDbText
1
77
10
1396241.7904327
20
359638.941044392
30
0.0
40
0.31111111111
41
1.0
50
0.0
51
0.0
7
Standard
11
1396241.7904327
21
359638.941044392
31
0.0
210
0.0
220
0.0
230
1.0
71
0
72
0
100
AcDbText
73
0
0
POINT
5
FD
330
1C
100
AcDbEntity
67
0
8
2 - окн федерального значения
62
256
6
ByLayer
370
-1
48
1.0
60
0
100
AcDbPoint
10
1396234.84430743
20
359636.337807902
30
0.0
39
0.0
210
0.0
220
0.0
230
1.0
50
360.0
0
TEXT
5
FE
330
1C
100
AcDbEntity
67
0
8
2 - окн федерального значения
62
7
6
ByLayer
370
-1
48
1.0
60
0
100
AcDbText
1
78
10
1396234.98430743
20
359636.612252332
30
0.0
40
0.31111111111
41
1.0
50
0.0
51
0.0
7
Standard
11
1396234.98430743
21
359636.612252332
31
0.0
210
0.0
220
0.0
230
1.0
71
0
72
0
100
AcDbText
73
0
0
POINT
5
FF
330
1C
100
AcDbEntity
67
0
8
2 - окн федерального значения
62
256
6
ByLayer
370
-1
48
1.0
60
0
100
AcDbPoint
10
1396235.31849779
20
359634.951939604
30
0.0
39
0.0
210
0.0
220
0.0
230
1.0
50
360.0
0
TEXT
5
100
330
1C
100
AcDbEntity
67
0
8
2 - окн федерального значения
62
7
6
ByLayer
370
-1
48
1.0
60
0
100
AcDbText
1
79
10
1396235.45849779
20
359635.226384034
30
0.0
40
0.31111111111
41
1.0
50
0.0
51
0.0
7
Standard
11
1396235.45849779
21
359635.226384034
31
0.0
210
0.0
220
0.0
230
1.0
71
0
72
0
100
AcDbText
73
0
0
POINT
5
101
330
1C
100
AcDbEntity
67
0
8
2 - окн федерального значения
62
256
6
ByLayer
370
-1
48
1.0
60
0
100
AcDbPoint
10
1396231.44609788
20
359633.626954599
30
0.0
39
0.0
210
0.0
220
0.0
230
1.0
50
360.0
0
TEXT
5
102
330
1C
100
AcDbEntity
67
0
8
2 - окн федерального значения
62
7
6
ByLayer
370
-1
48
1.0
60
0
100
AcDbText
1
80
10
1396231.58609788
20
359633.901399029
30
0.0
40
0.31111111111
41
1.0
50
0.0
51
0.0
7
Standard
11
1396231.58609788
21
359633.901399029
31
0.0
210
0.0
220
0.0
230
1.0
71
0
72
0
100
AcDbText
73
0
0
POINT
5
103
330
1C
100
AcDbEntity
67
0
8
2 - окн федерального значения
62
256
6
ByLayer
370
-1
48
1.0
60
0
100
AcDbPoint
10
1396222.4417996
20
359658.282619492
30
0.0
39
0.0
210
0.0
220
0.0
230
1.0
50
360.0
0
TEXT
5
104
330
1C
100
AcDbEntity
67
0
8
2 - окн федерального значения
62
7
6
ByLayer
370
-1
48
1.0
60
0
100
AcDbText
1
81
10
1396222.5817996
20
359658.557063922
30
0.0
40
0.31111111111
41
1.0
50
0.0
51
0.0
7
Standard
11
1396222.5817996
21
359658.557063922
31
0.0
210
0.0
220
0.0
230
1.0
71
0
72
0
100
AcDbText
73
0
0
POINT
5
105
330
1C
100
AcDbEntity
67
0
8
2 - окн федерального значения
62
256
6
ByLayer
370
-1
48
1.0
60
0
100
AcDbPoint
10
1396221.78154481
20
359658.060476501
30
0.0
39
0.0
210
0.0
220
0.0
230
1.0
50
360.0
0
TEXT
5
106
330
1C
100
AcDbEntity
67
0
8
2 - окн федерального значения
62
7
6
ByLayer
370
-1
48
1.0
60
0
100
AcDbText
1
82
10
1396221.92154481
20
359658.334920932
30
0.0
40
0.31111111111
41
1.0
50
0.0
51
0.0
7
Standard
11
1396221.92154481
21
359658.334920932
31
0.0
210
0.0
220
0.0
230
1.0
71
0
72
0
100
AcDbText
73
0
0
POINT
5
107
330
1C
100
AcDbEntity
67
0
8
2 - окн федерального значения
62
256
6
ByLayer
370
-1
48
1.0
60
0
100
AcDbPoint
10
1396223.06785557
20
359654.237295486
30
0.0
39
0.0
210
0.0
220
0.0
230
1.0
50
360.0
0
TEXT
5
108
330
1C
100
AcDbEntity
67
0
8
2 - окн федерального значения
62
7
6
ByLayer
370
-1
48
1.0
60
0
100
AcDbText
1
83
10
1396223.20785557
20
359654.511739916
30
0.0
40
0.31111111111
41
1.0
50
0.0
51
0.0
7
Standard
11
1396223.20785557
21
359654.511739916
31
0.0
210
0.0
220
0.0
230
1.0
71
0
72
0
100
AcDbText
73
0
0
POINT
5
109
330
1C
100
AcDbEntity
67
0
8
2 - окн федерального значения
62
256
6
ByLayer
370
-1
48
1.0
60
0
100
AcDbPoint
10
1396202.25141269
20
359646.214625943
30
0.0
39
0.0
210
0.0
220
0.0
230
1.0
50
360.0
0
TEXT
5
10A
330
1C
100
AcDbEntity
67
0
8
2 - окн федерального значения
62
7
6
ByLayer
370
-1
48
1.0
60
0
100
AcDbText
1
84
10
1396202.39141269
20
359646.489070374
30
0.0
40
0.31111111111
41
1.0
50
0.0
51
0.0
7
Standard
11
1396202.39141269
21
359646.489070374
31
0.0
210
0.0
220
0.0
230
1.0
71
0
72
0
100
AcDbText
73
0
0
POINT
5
10B
330
1C
100
AcDbEntity
67
0
8
2 - окн федерального значения
62
256
6
ByLayer
370
-1
48
1.0
60
0
100
AcDbPoint
10
1396196.39315152
20
359663.656349162
30
0.0
39
0.0
210
0.0
220
0.0
230
1.0
50
360.0
0
TEXT
5
10C
330
1C
100
AcDbEntity
67
0
8
2 - окн федерального значения
62
7
6
ByLayer
370
-1
48
1.0
60
0
100
AcDbText
1
85
10
1396196.53315152
20
359663.930793592
30
0.0
40
0.31111111111
41
1.0
50
0.0
51
0.0
7
Standard
11
1396196.53315152
21
359663.930793592
31
0.0
210
0.0
220
0.0
230
1.0
71
0
72
0
100
AcDbText
73
0
0
POINT
5
10D
330
1C
100
AcDbEntity
67
0
8
2 - окн федерального значения
62
256
6
ByLayer
370
-1
48
1.0
60
0
100
AcDbPoint
10
1396249.99124006
20
359682.288438066
30
0.0
39
0.0
210
0.0
220
0.0
230
1.0
50
360.0
0
TEXT
5
10E
330
1C
100
AcDbEntity
67
0
8
2 - окн федерального значения
62
7
6
ByLayer
370
-1
48
1.0
60
0
100
AcDbText
1
86
10
1396250.13124006
20
359682.562882497
30
0.0
40
0.31111111111
41
1.0
50
0.0
51
0.0
7
Standard
11
1396250.13124006
21
359682.562882497
31
0.0
210
0.0
220
0.0
230
1.0
71
0
72
0
100
AcDbText
73
0
0
POINT
5
10F
330
1C
100
AcDbEntity
67
0
8
2 - окн федерального значения
62
256
6
ByLayer
370
-1
48
1.0
60
0
100
AcDbPoint
10
1396249.15400763
20
359684.671517261
30
0.0
39
0.0
210
0.0
220
0.0
230
1.0
50
360.0
0
TEXT
5
110
330
1C
100
AcDbEntity
67
0
8
2 - окн федерального значения
62
7
6
ByLayer
370
-1
48
1.0
60
0
100
AcDbText
1
87
10
1396249.29400763
20
359684.945961691
30
0.0
40
0.31111111111
41
1.0
50
0.0
51
0.0
7
Standard
11
1396249.29400763
21
359684.945961691
31
0.0
210
0.0
220
0.0
230
1.0
71
0
72
0
100
AcDbText
73
0
0
POINT
5
111
330
1C
100
AcDbEntity
67
0
8
2 - окн федерального значения
62
256
6
ByLayer
370
-1
48
1.0
60
0
100
AcDbPoint
10
1396253.7690277
20
359686.292883666
30
0.0
39
0.0
210
0.0
220
0.0
230
1.0
50
360.0
0
TEXT
5
112
330
1C
100
AcDbEntity
67
0
8
2 - окн федерального значения
62
7
6
ByLayer
370
-1
48
1.0
60
0
100
AcDbText
1
88
10
1396253.9090277
20
359686.567328096
30
0.0
40
0.31111111111
41
1.0
50
0.0
51
0.0
7
Standard
11
1396253.9090277
21
359686.567328096
31
0.0
210
0.0
220
0.0
230
1.0
71
0
72
0
100
AcDbText
73
0
0
POINT
5
113
330
1C
100
AcDbEntity
67
0
8
2 - окн федерального значения
62
256
6
ByLayer
370
-1
48
1.0
60
0
100
AcDbPoint
10
1396254.58452486
20
359683.971671285
30
0.0
39
0.0
210
0.0
220
0.0
230
1.0
50
360.0
0
TEXT
5
114
330
1C
100
AcDbEntity
67
0
8
2 - окн федерального значения
62
7
6
ByLayer
370
-1
48
1.0
60
0
100
AcDbText
1
89
10
1396254.72452486
20
359684.246115715
30
0.0
40
0.31111111111
41
1.0
50
0.0
51
0.0
7
Standard
11
1396254.72452486
21
359684.246115715
31
0.0
210
0.0
220
0.0
230
1.0
71
0
72
0
100
AcDbText
73
0
0
POINT
5
115
330
1C
100
AcDbEntity
67
0
8
2 - окн федерального значения
62
256
6
ByLayer
370
-1
48
1.0
60
0
100
AcDbPoint
10
1396259.33539591
20
359685.640765361
30
0.0
39
0.0
210
0.0
220
0.0
230
1.0
50
360.0
0
TEXT
5
116
330
1C
100
AcDbEntity
67
0
8
2 - окн федерального значения
62
7
6
ByLayer
370
-1
48
1.0
60
0
100
AcDbText
1
90
10
1396259.47539591
20
359685.915209792
30
0.0
40
0.31111111111
41
1.0
50
0.0
51
0.0
7
Standard
11
1396259.47539591
21
359685.915209792
31
0.0
210
0.0
220
0.0
230
1.0
71
0
72
0
100
AcDbText
73
0
0
POINT
5
117
330
1C
100
AcDbEntity
67
0
8
2 - окн федерального значения
62
256
6
ByLayer
370
-1
48
1.0
60
0
100
AcDbPoint
10
1396273.42198622
20
359691.407241685
30
0.0
39
0.0
210
0.0
220
0.0
230
1.0
50
360.0
0
TEXT
5
118
330
1C
100
AcDbEntity
67
0
8
2 - окн федерального значения
62
7
6
ByLayer
370
-1
48
1.0
60
0
100
AcDbText
1
91
10
1396273.56198622
20
359691.681686115
30
0.0
40
0.31111111111
41
1.0
50
0.0
51
0.0
7
Standard
11
1396273.56198622
21
359691.681686115
31
0.0
210
0.0
220
0.0
230
1.0
71
0
72
0
100
AcDbText
73
0
0
POINT
5
119
330
1C
100
AcDbEntity
67
0
8
2 - окн федерального значения
62
256
6
ByLayer
370
-1
48
1.0
60
0
100
AcDbPoint
10
1396274.28637463
20
359688.696465579
30
0.0
39
0.0
210
0.0
220
0.0
230
1.0
50
360.0
0
TEXT
5
11A
330
1C
100
AcDbEntity
67
0
8
2 - окн федерального значения
62
7
6
ByLayer
370
-1
48
1.0
60
0
100
AcDbText
1
92
10
1396274.42637463
20
359688.97091001
30
0.0
40
0.31111111111
41
1.0
50
0.0
51
0.0
7
Standard
11
1396274.42637463
21
359688.97091001
31
0.0
210
0.0
220
0.0
230
1.0
71
0
72
0
100
AcDbText
73
0
0
POINT
5
11B
330
1C
100
AcDbEntity
67
0
8
2 - окн федерального значения
62
256
6
ByLayer
370
-1
48
1.0
60
0
100
AcDbPoint
10
1396280.96419019
20
359690.905960419
30
0.0
39
0.0
210
0.0
220
0.0
230
1.0
50
360.0
0
TEXT
5
11C
330
1C
100
AcDbEntity
67
0
8
2 - окн федерального значения
62
7
6
ByLayer
370
-1
48
1.0
60
0
100
AcDbText
1
93
10
1396281.10419019
20
359691.180404849
30
0.0
40
0.31111111111
41
1.0
50
0.0
51
0.0
7
Standard
11
1396281.10419019
21
359691.180404849
31
0.0
210
0.0
220
0.0
230
1.0
71
0
72
0
100
AcDbText
73
0
0
POINT
5
11D
330
1C
100
AcDbEntity
67
0
8
2 - окн федерального значения
62
256
6
ByLayer
370
-1
48
1.0
60
0
100
AcDbPoint
10
1396279.91708595
20
359693.79382693
30
0.0
39
0.0
210
0.0
220
0.0
230
1.0
50
360.0
0
TEXT
5
11E
330
1C
100
AcDbEntity
67
0
8
2 - окн федерального значения
62
7
6
ByLayer
370
-1
48
1.0
60
0
100
AcDbText
1
94
10
1396280.05708595
20
359694.068271361
30
0.0
40
0.31111111111
41
1.0
50
0.0
51
0.0
7
Standard
11
1396280.05708595
21
359694.068271361
31
0.0
210
0.0
220
0.0
230
1.0
71
0
72
0
100
AcDbText
73
0
0
POINT
5
11F
330
1C
100
AcDbEntity
67
0
8
2 - окн федерального значения
62
256
6
ByLayer
370
-1
48
1.0
60
0
100
AcDbPoint
10
1396288.39793775
20
359696.5437887
30
0.0
39
0.0
210
0.0
220
0.0
230
1.0
50
360.0
0
TEXT
5
120
330
1C
100
AcDbEntity
67
0
8
2 - окн федерального значения
62
7
6
ByLayer
370
-1
48
1.0
60
0
100
AcDbText
1
95
10
1396288.53793775
20
359696.818233131
30
0.0
40
0.31111111111
41
1.0
50
0.0
51
0.0
7
Standard
11
1396288.53793775
21
359696.818233131
31
0.0
210
0.0
220
0.0
230
1.0
71
0
72
0
100
AcDbText
73
0
0
POINT
5
121
330
1C
100
AcDbEntity
67
0
8
2 - окн федерального значения
62
256
6
ByLayer
370
-1
48
1.0
60
0
100
AcDbPoint
10
1396288.47211546
20
359695.92993431
30
0.0
39
0.0
210
0.0
220
0.0
230
1.0
50
360.0
0
TEXT
5
122
330
1C
100
AcDbEntity
67
0
8
2 - окн федерального значения
62
7
6
ByLayer
370
-1
48
1.0
60
0
100
AcDbText
1
96
10
1396288.61211546
20
359696.20437874
30
0.0
40
0.31111111111
41
1.0
50
0.0
51
0.0
7
Standard
11
1396288.61211546
21
359696.20437874
31
0.0
210
0.0
220
0.0
230
1.0
71
0
72
0
100
AcDbText
73
0
0
POINT
5
123
330
1C
100
AcDbEntity
67
0
8
2 - окн федерального значения
62
256
6
ByLayer
370
-1
48
1.0
60
0
100
AcDbPoint
10
1396291.14690597
20
359696.812452852
30
0.0
39
0.0
210
0.0
220
0.0
230
1.0
50
360.0
0
TEXT
5
124
330
1C
100
AcDbEntity
67
0
8
2 - окн федерального значения
62
7
6
ByLayer
370
-1
48
1.0
60
0
100
AcDbText
1
97
10
1396291.28690597
20
359697.086897282
30
0.0
40
0.31111111111
41
1.0
50
0.0
51
0.0
7
Standard
11
1396291.28690597
21
359697.086897282
31
0.0
210
0.0
220
0.0
230
1.0
71
0
72
0
100
AcDbText
73
0
0
POINT
5
125
330
1C
100
AcDbEntity
67
0
8
2 - окн федерального значения
62
256
6
ByLayer
370
-1
48
1.0
60
0
100
AcDbPoint
10
1396293.84993759
20
359695.850432811
30
0.0
39
0.0
210
0.0
220
0.0
230
1.0
50
360.0
0
TEXT
5
126
330
1C
100
AcDbEntity
67
0
8
2 - окн федерального значения
62
7
6
ByLayer
370
-1
48
1.0
60
0
100
AcDbText
1
98
10
1396293.98993759
20
359696.124877241
30
0.0
40
0.31111111111
41
1.0
50
0.0
51
0.0
7
Standard
11
1396293.98993759
21
359696.124877241
31
0.0
210
0.0
220
0.0
230
1.0
71
0
72
0
100
AcDbText
73
0
0
POINT
5
127
330
1C
100
AcDbEntity
67
0
8
2 - окн федерального значения
62
256
6
ByLayer
370
-1
48
1.0
60
0
100
AcDbPoint
10
1396294.11476385
20
359695.072131202
30
0.0
39
0.0
210
0.0
220
0.0
230
1.0
50
360.0
0
TEXT
5
128
330
1C
100
AcDbEntity
67
0
8
2 - окн федерального значения
62
7
6
ByLayer
370
-1
48
1.0
60
0
100
AcDbText
1
99
10
1396294.25476385
20
359695.346575632
30
0.0
40
0.31111111111
41
1.0
50
0.0
51
0.0
7
Standard
11
1396294.25476385
21
359695.346575632
31
0.0
210
0.0
220
0.0
230
1.0
71
0
72
0
100
AcDbText
73
0
0
POINT
5
129
330
1C
100
AcDbEntity
67
0
8
2 - окн федерального значения
62
256
6
ByLayer
370
-1
48
1.0
60
0
100
AcDbPoint
10
1396297.07377841
20
359686.375841353
30
0.0
39
0.0
210
0.0
220
0.0
230
1.0
50
360.0
0
TEXT
5
12A
330
1C
100
AcDbEntity
67
0
8
2 - окн федерального значения
62
7
6
ByLayer
370
-1
48
1.0
60
0
100
AcDbText
1
100
10
1396297.21377841
20
359686.650285784
30
0.0
40
0.31111111111
41
1.0
50
0.0
51
0.0
7
Standard
11
1396297.21377841
21
359686.650285784
31
0.0
210
0.0
220
0.0
230
1.0
71
0
72
0
100
AcDbText
73
0
0
POINT
5
12B
330
1C
100
AcDbEntity
67
0
8
2 - окн федерального значения
62
256
6
ByLayer
370
-1
48
1.0
60
0
100
AcDbPoint
10
1396295.53225843
20
359683.661041877
30
0.0
39
0.0
210
0.0
220
0.0
230
1.0
50
360.0
0
TEXT
5
12C
330
1C
100
AcDbEntity
67
0
8
2 - окн федерального значения
62
7
6
ByLayer
370
-1
48
1.0
60
0
100
AcDbText
1
101
10
1396295.67225843
20
359683.935486308
30
0.0
40
0.31111111111
41
1.0
50
0.0
51
0.0
7
Standard
11
1396295.67225843
21
359683.935486308
31
0.0
210
0.0
220
0.0
230
1.0
71
0
72
0
100
AcDbText
73
0
0
POINT
5
12D
330
1C
100
AcDbEntity
67
0
8
2 - окн федерального значения
62
256
6
ByLayer
370
-1
48
1.0
60
0
100
AcDbPoint
10
1396293.08229229
20
359682.83460447
30
0.0
39
0.0
210
0.0
220
0.0
230
1.0
50
360.0
0
TEXT
5
12E
330
1C
100
AcDbEntity
67
0
8
2 - окн федерального значения
62
7
6
ByLayer
370
-1
48
1.0
60
0
100
AcDbText
1
102
10
1396293.22229229
20
359683.1090489
30
0.0
40
0.31111111111
41
1.0
50
0.0
51
0.0
7
Standard
11
1396293.22229229
21
359683.1090489
31
0.0
210
0.0
220
0.0
230
1.0
71
0
72
0
100
AcDbText
73
0
0
POINT
5
12F
330
1C
100
AcDbEntity
67
0
8
2 - окн федерального значения
62
256
6
ByLayer
370
-1
48
1.0
60
0
100
AcDbPoint
10
1396294.6835459
20
359678.136987861
30
0.0
39
0.0
210
0.0
220
0.0
230
1.0
50
360.0
0
TEXT
5
130
330
1C
100
AcDbEntity
67
0
8
2 - окн федерального значения
62
7
6
ByLayer
370
-1
48
1.0
60
0
100
AcDbText
1
103
10
1396294.8235459
20
359678.411432292
30
0.0
40
0.31111111111
41
1.0
50
0.0
51
0.0
7
Standard
11
1396294.8235459
21
359678.411432292
31
0.0
210
0.0
220
0.0
230
1.0
71
0
72
0
100
AcDbText
73
0
0
POINT
5
131
330
1C
100
AcDbEntity
67
0
8
2 - окн федерального значения
62
256
6
ByLayer
370
-1
48
1.0
60
0
100
AcDbPoint
10
1396299.63791196
20
359679.819543354
30
0.0
39
0.0
210
0.0
220
0.0
230
1.0
50
360.0
0
TEXT
5
132
330
1C
100
AcDbEntity
67
0
8
2 - окн федерального значения
62
7
6
ByLayer
370
-1
48
1.0
60
0
100
AcDbText
1
104
10
1396299.77791196
20
359680.093987785
30
0.0
40
0.31111111111
41
1.0
50
0.0
51
0.0
7
Standard
11
1396299.77791196
21
359680.093987785
31
0.0
210
0.0
220
0.0
230
1.0
71
0
72
0
100
AcDbText
73
0
0
POINT
5
133
330
1C
100
AcDbEntity
67
0
8
2 - окн федерального значения
62
256
6
ByLayer
370
-1
48
1.0
60
0
100
AcDbPoint
10
1396306.34365807
20
359660.570774182
30
0.0
39
0.0
210
0.0
220
0.0
230
1.0
50
360.0
0
TEXT
5
134
330
1C
100
AcDbEntity
67
0
8
2 - окн федерального значения
62
7
6
ByLayer
370
-1
48
1.0
60
0
100
AcDbText
1
105
10
1396306.48365807
20
359660.845218613
30
0.0
40
0.31111111111
41
1.0
50
0.0
51
0.0
7
Standard
11
1396306.48365807
21
359660.845218613
31
0.0
210
0.0
220
0.0
230
1.0
71
0
72
0
100
AcDbText
73
0
0
POINT
5
135
330
1C
100
AcDbEntity
67
0
8
2 - окн федерального значения
62
256
6
ByLayer
370
-1
48
1.0
60
0
100
AcDbPoint
10
1396291.73177266
20
359655.049091129
30
0.0
39
0.0
210
0.0
220
0.0
230
1.0
50
360.0
0
TEXT
5
136
330
1C
100
AcDbEntity
67
0
8
2 - окн федерального значения
62
7
6
ByLayer
370
-1
48
1.0
60
0
100
AcDbText
1
106
10
1396291.87177266
20
359655.323535559
30
0.0
40
0.31111111111
41
1.0
50
0.0
51
0.0
7
Standard
11
1396291.87177266
21
359655.323535559
31
0.0
210
0.0
220
0.0
230
1.0
71
0
72
0
100
AcDbText
73
0
0
POINT
5
137
330
1C
100
AcDbEntity
67
0
8
2 - окн федерального значения
62
256
6
ByLayer
370
-1
48
1.0
60
0
100
AcDbPoint
10
1396290.65615463
20
359658.139204962
30
0.0
39
0.0
210
0.0
220
0.0
230
1.0
50
360.0
0
TEXT
5
138
330
1C
100
AcDbEntity
67
0
8
2 - окн федерального значения
62
7
6
ByLayer
370
-1
48
1.0
60
0
100
AcDbText
1
107
10
1396290.79615463
20
359658.413649392
30
0.0
40
0.31111111111
41
1.0
50
0.0
51
0.0
7
Standard
11
1396290.79615463
21
359658.413649392
31
0.0
210
0.0
220
0.0
230
1.0
71
0
72
0
100
AcDbText
73
0
0
POINT
5
139
330
1C
100
AcDbEntity
67
0
8
2 - окн федерального значения
62
256
6
ByLayer
370
-1
48
1.0
60
0
100
AcDbPoint
10
1396291.25647057
20
359658.378539992
30
0.0
39
0.0
210
0.0
220
0.0
230
1.0
50
360.0
0
TEXT
5
13A
330
1C
100
AcDbEntity
67
0
8
2 - окн федерального значения
62
7
6
ByLayer
370
-1
48
1.0
60
0
100
AcDbText
1
108
10
1396291.39647057
20
359658.652984422
30
0.0
40
0.31111111111
41
1.0
50
0.0
51
0.0
7
Standard
11
1396291.39647057
21
359658.652984422
31
0.0
210
0.0
220
0.0
230
1.0
71
0
72
0
100
AcDbText
73
0
0
POINT
5
13B
330
1C
100
AcDbEntity
67
0
8
2 - окн федерального значения
62
256
6
ByLayer
370
-1
48
1.0
60
0
100
AcDbPoint
10
1396286.93559173
20
359670.784099548
30
0.0
39
0.0
210
0.0
220
0.0
230
1.0
50
360.0
0
TEXT
5
13C
330
1C
100
AcDbEntity
67
0
8
2 - окн федерального значения
62
7
6
ByLayer
370
-1
48
1.0
60
0
100
AcDbText
1
109
10
1396287.07559173
20
359671.058543978
30
0.0
40
0.31111111111
41
1.0
50
0.0
51
0.0
7
Standard
11
1396287.07559173
21
359671.058543978
31
0.0
210
0.0
220
0.0
230
1.0
71
0
72
0
100
AcDbText
73
0
0
POINT
5
13D
330
1C
100
AcDbEntity
67
0
8
2 - окн федерального значения
62
256
6
ByLayer
370
-1
48
1.0
60
0
100
AcDbPoint
10
1396286.44153356
20
359670.58546888
30
0.0
39
0.0
210
0.0
220
0.0
230
1.0
50
360.0
0
TEXT
5
13E
330
1C
100
AcDbEntity
67
0
8
2 - окн федерального значения
62
7
6
ByLayer
370
-1
48
1.0
60
0
100
AcDbText
1
110
10
1396286.58153356
20
359670.85991331
30
0.0
40
0.31111111111
41
1.0
50
0.0
51
0.0
7
Standard
11
1396286.58153356
21
359670.85991331
31
0.0
210
0.0
220
0.0
230
1.0
71
0
72
0
100
AcDbText
73
0
0
POINT
5
13F
330
1C
100
AcDbEntity
67
0
8
2 - окн федерального значения
62
256
6
ByLayer
370
-1
48
1.0
60
0
100
AcDbPoint
10
1396285.11290642
20
359674.161722371
30
0.0
39
0.0
210
0.0
220
0.0
230
1.0
50
360.0
0
TEXT
5
140
330
1C
100
AcDbEntity
67
0
8
2 - окн федерального значения
62
7
6
ByLayer
370
-1
48
1.0
60
0
100
AcDbText
1
111
10
1396285.25290642
20
359674.436166802
30
0.0
40
0.31111111111
41
1.0
50
0.0
51
0.0
7
Standard
11
1396285.25290642
21
359674.436166802
31
0.0
210
0.0
220
0.0
230
1.0
71
0
72
0
100
AcDbText
73
0
0
POINT
5
141
330
1C
100
AcDbEntity
67
0
8
2 - окн федерального значения
62
256
6
ByLayer
370
-1
48
1.0
60
0
100
AcDbPoint
10
1396282.10676541
20
359673.292752106
30
0.0
39
0.0
210
0.0
220
0.0
230
1.0
50
360.0
0
TEXT
5
142
330
1C
100
AcDbEntity
67
0
8
2 - окн федерального значения
62
7
6
ByLayer
370
-1
48
1.0
60
0
100
AcDbText
1
112
10
1396282.24676541
20
359673.567196537
30
0.0
40
0.31111111111
41
1.0
50
0.0
51
0.0
7
Standard
11
1396282.24676541
21
359673.567196537
31
0.0
210
0.0
220
0.0
230
1.0
71
0
72
0
100
AcDbText
73
0
0
POINT
5
143
330
1C
100
AcDbEntity
67
0
8
2 - окн федерального значения
62
256
6
ByLayer
370
-1
48
1.0
60
0
100
AcDbPoint
10
1396281.1139726
20
359676.667298902
30
0.0
39
0.0
210
0.0
220
0.0
230
1.0
50
360.0
0
TEXT
5
144
330
1C
100
AcDbEntity
67
0
8
2 - окн федерального значения
62
7
6
ByLayer
370
-1
48
1.0
60
0
100
AcDbText
1
113
10
1396281.2539726
20
359676.941743332
30
0.0
40
0.31111111111
41
1.0
50
0.0
51
0.0
7
Standard
11
1396281.2539726
21
359676.941743332
31
0.0
210
0.0
220
0.0
230
1.0
71
0
72
0
100
AcDbText
73
0
0
POINT
5
145
330
1C
100
AcDbEntity
67
0
8
2 - окн федерального значения
62
256
6
ByLayer
370
-1
48
1.0
60
0
100
AcDbPoint
10
1396285.56197898
20
359678.12656824
30
0.0
39
0.0
210
0.0
220
0.0
230
1.0
50
360.0
0
TEXT
5
146
330
1C
100
AcDbEntity
67
0
8
2 - окн федерального значения
62
7
6
ByLayer
370
-1
48
1.0
60
0
100
AcDbText
1
114
10
1396285.70197898
20
359678.40101267
30
0.0
40
0.31111111111
41
1.0
50
0.0
51
0.0
7
Standard
11
1396285.70197898
21
359678.40101267
31
0.0
210
0.0
220
0.0
230
1.0
71
0
72
0
100
AcDbText
73
0
0
POINT
5
147
330
1C
100
AcDbEntity
67
0
8
2 - окн федерального значения
62
256
6
ByLayer
370
-1
48
1.0
60
0
100
AcDbPoint
10
1396285.04433082
20
359679.921282309
30
0.0
39
0.0
210
0.0
220
0.0
230
1.0
50
360.0
0
TEXT
5
148
330
1C
100
AcDbEntity
67
0
8
2 - окн федерального значения
62
7
6
ByLayer
370
-1
48
1.0
60
0
100
AcDbText
1
115
10
1396285.18433082
20
359680.19572674
30
0.0
40
0.31111111111
41
1.0
50
0.0
51
0.0
7
Standard
11
1396285.18433082
21
359680.19572674
31
0.0
210
0.0
220
0.0
230
1.0
71
0
72
0
100
AcDbText
73
0
0
POINT
5
149
330
1C
100
AcDbEntity
67
0
8
2 - окн федерального значения
62
256
6
ByLayer
370
-1
48
1.0
60
0
100
AcDbPoint
10
1396265.10325096
20
359673.2453918
30
0.0
39
0.0
210
0.0
220
0.0
230
1.0
50
360.0
0
TEXT
5
14A
330
1C
100
AcDbEntity
67
0
8
2 - окн федерального значения
62
7
6
ByLayer
370
-1
48
1.0
60
0
100
AcDbText
1
116
10
1396265.24325096
20
359673.519836231
30
0.0
40
0.31111111111
41
1.0
50
0.0
51
0.0
7
Standard
11
1396265.24325096
21
359673.519836231
31
0.0
210
0.0
220
0.0
230
1.0
71
0
72
0
100
AcDbText
73
0
0
POINT
5
14B
330
1C
100
AcDbEntity
67
0
8
2 - окн федерального значения
62
256
6
ByLayer
370
-1
48
1.0
60
0
100
AcDbPoint
10
1396265.48974385
20
359672.145287206
30
0.0
39
0.0
210
0.0
220
0.0
230
1.0
50
360.0
0
TEXT
5
14C
330
1C
100
AcDbEntity
67
0
8
2 - окн федерального значения
62
7
6
ByLayer
370
-1
48
1.0
60
0
100
AcDbText
1
117
10
1396265.62974385
20
359672.419731636
30
0.0
40
0.31111111111
41
1.0
50
0.0
51
0.0
7
Standard
11
1396265.62974385
21
359672.419731636
31
0.0
210
0.0
220
0.0
230
1.0
71
0
72
0
100
AcDbText
73
0
0
POINT
5
14D
330
1C
100
AcDbEntity
67
0
8
2 - окн федерального значения
62
256
6
ByLayer
370
-1
48
1.0
60
0
100
AcDbPoint
10
1396268.91734417
20
359673.349484662
30
0.0
39
0.0
210
0.0
220
0.0
230
1.0
50
360.0
0
TEXT
5
14E
330
1C
100
AcDbEntity
67
0
8
2 - окн федерального значения
62
7
6
ByLayer
370
-1
48
1.0
60
0
100
AcDbText
1
118
10
1396269.05734417
20
359673.623929092
30
0.0
40
0.31111111111
41
1.0
50
0.0
51
0.0
7
Standard
11
1396269.05734417
21
359673.623929092
31
0.0
210
0.0
220
0.0
230
1.0
71
0
72
0
100
AcDbText
73
0
0
POINT
5
14F
330
1C
100
AcDbEntity
67
0
8
2 - окн федерального значения
62
256
6
ByLayer
370
-1
48
1.0
60
0
100
AcDbPoint
10
1396278.76552578
20
359645.317840847
30
0.0
39
0.0
210
0.0
220
0.0
230
1.0
50
360.0
0
TEXT
5
150
330
1C
100
AcDbEntity
67
0
8
2 - окн федерального значения
62
7
6
ByLayer
370
-1
48
1.0
60
0
100
AcDbText
1
119
10
1396278.90552578
20
359645.592285277
30
0.0
40
0.31111111111
41
1.0
50
0.0
51
0.0
7
Standard
11
1396278.90552578
21
359645.592285277
31
0.0
210
0.0
220
0.0
230
1.0
71
0
72
0
100
AcDbText
73
0
0
POINT
5
151
330
1C
100
AcDbEntity
67
0
8
2 - окн федерального значения
62
256
6
ByLayer
370
-1
48
1.0
60
0
100
AcDbPoint
10
1396258.04615922
20
359638.090370985
30
0.0
39
0.0
210
0.0
220
0.0
230
1.0
50
360.0
0
TEXT
5
152
330
1C
100
AcDbEntity
67
0
8
2 - окн федерального значения
62
7
6
ByLayer
370
-1
48
1.0
60
0
100
AcDbText
1
120
10
1396258.18615922
20
359638.364815415
30
0.0
40
0.31111111111
41
1.0
50
0.0
51
0.0
7
Standard
11
1396258.18615922
21
359638.364815415
31
0.0
210
0.0
220
0.0
230
1.0
71
0
72
0
100
AcDbText
73
0
0
POINT
5
153
330
1C
100
AcDbEntity
67
0
8
2 - окн федерального значения
62
256
6
ByLayer
370
-1
48
1.0
60
0
100
AcDbPoint
10
1396248.20681092
20
359666.001310995
30
0.0
39
0.0
210
0.0
220
0.0
230
1.0
50
360.0
0
TEXT
5
154
330
1C
100
AcDbEntity
67
0
8
2 - окн федерального значения
62
7
6
ByLayer
370
-1
48
1.0
60
0
100
AcDbText
1
121
10
1396248.34681092
20
359666.275755425
30
0.0
40
0.31111111111
41
1.0
50
0.0
51
0.0
7
Standard
11
1396248.34681092
21
359666.275755425
31
0.0
210
0.0
220
0.0
230
1.0
71
0
72
0
100
AcDbText
73
0
0
POINT
5
155
330
1C
100
AcDbEntity
67
0
8
2 - окн федерального значения
62
256
6
ByLayer
370
-1
48
1.0
60
0
100
AcDbPoint
10
1396250.13491124
20
359666.678698428
30
0.0
39
0.0
210
0.0
220
0.0
230
1.0
50
360.0
0
TEXT
5
156
330
1C
100
AcDbEntity
67
0
8
2 - окн федерального значения
62
7
6
ByLayer
370
-1
48
1.0
60
0
100
AcDbText
1
122
10
1396250.27491124
20
359666.953142858
30
0.0
40
0.31111111111
41
1.0
50
0.0
51
0.0
7
Standard
11
1396250.27491124
21
359666.953142858
31
0.0
210
0.0
220
0.0
230
1.0
71
0
72
0
100
AcDbText
73
0
0
POINT
5
157
330
1C
100
AcDbEntity
67
0
8
2 - окн федерального значения
62
256
6
ByLayer
370
-1
48
1.0
60
0
100
AcDbPoint
10
1396249.33938705
20
359668.943060523
30
0.0
39
0.0
210
0.0
220
0.0
230
1.0
50
360.0
0
TEXT
5
158
330
1C
100
AcDbEntity
67
0
8
2 - окн федерального значения
62
7
6
ByLayer
370
-1
48
1.0
60
0
100
AcDbText
1
123
10
1396249.47938705
20
359669.217504954
30
0.0
40
0.31111111111
41
1.0
50
0.0
51
0.0
7
Standard
11
1396249.47938705
21
359669.217504954
31
0.0
210
0.0
220
0.0
230
1.0
71
0
72
0
100
AcDbText
73
0
0
POINT
5
159
330
1C
100
AcDbEntity
67
0
8
2 - окн федерального значения
62
256
6
ByLayer
370
-1
48
1.0
60
0
100
AcDbPoint
10
1394548.65781832
20
359543.445837877
30
0.0
39
0.0
210
0.0
220
0.0
230
1.0
50
360.0
0
TEXT
5
15A
330
1C
100
AcDbEntity
67
0
8
2 - окн федерального значения
62
7
6
ByLayer
370
-1
48
1.0
60
0
100
AcDbText
1
124
10
1394548.79781832
20
359543.720282307
30
0.0
40
0.31111111111
41
1.0
50
0.0
51
0.0
7
Standard
11
1394548.79781832
21
359543.720282307
31
0.0
210
0.0
220
0.0
230
1.0
71
0
72
0
100
AcDbText
73
0
0
POINT
5
15B
330
1C
100
AcDbEntity
67
0
8
2 - окн федерального значения
62
256
6
ByLayer
370
-1
48
1.0
60
0
100
AcDbPoint
10
1394542.30290876
20
359537.484310619
30
0.0
39
0.0
210
0.0
220
0.0
230
1.0
50
360.0
0
TEXT
5
15C
330
1C
100
AcDbEntity
67
0
8
2 - окн федерального значения
62
7
6
ByLayer
370
-1
48
1.0
60
0
100
AcDbText
1
125
10
1394542.44290876
20
359537.758755049
30
0.0
40
0.31111111111
41
1.0
50
0.0
51
0.0
7
Standard
11
1394542.44290876
21
359537.758755049
31
0.0
210
0.0
220
0.0
230
1.0
71
0
72
0
100
AcDbText
73
0
0
POINT
5
15D
330
1C
100
AcDbEntity
67
0
8
2 - окн федерального значения
62
256
6
ByLayer
370
-1
48
1.0
60
0
100
AcDbPoint
10
1394536.29842185
20
359543.478740883
30
0.0
39
0.0
210
0.0
220
0.0
230
1.0
50
360.0
0
TEXT
5
15E
330
1C
100
AcDbEntity
67
0
8
2 - окн федерального значения
62
7
6
ByLayer
370
-1
48
1.0
60
0
100
AcDbText
1
126
10
1394536.43842185
20
359543.753185314
30
0.0
40
0.31111111111
41
1.0
50
0.0
51
0.0
7
Standard
11
1394536.43842185
21
359543.753185314
31
0.0
210
0.0
220
0.0
230
1.0
71
0
72
0
100
AcDbText
73
0
0
POINT
5
15F
330
1C
100
AcDbEntity
67
0
8
2 - окн федерального значения
62
256
6
ByLayer
370
-1
48
1.0
60
0
100
AcDbPoint
10
1394542.52067464
20
359549.393812339
30
0.0
39
0.0
210
0.0
220
0.0
230
1.0
50
360.0
0
TEXT
5
160
330
1C
100
AcDbEntity
67
0
8
2 - окн федерального значения
62
7
6
ByLayer
370
-1
48
1.0
60
0
100
AcDbText
1
127
10
1394542.66067464
20
359549.668256769
30
0.0
40
0.31111111111
41
1.0
50
0.0
51
0.0
7
Standard
11
1394542.66067464
21
359549.668256769
31
0.0
210
0.0
220
0.0
230
1.0
71
0
72
0
100
AcDbText
73
0
0
POINT
5
161
330
1C
100
AcDbEntity
67
0
8
2 - окн федерального значения
62
256
6
ByLayer
370
-1
48
1.0
60
0
100
AcDbPoint
10
1394463.4347334
20
359523.96763736
30
0.0
39
0.0
210
0.0
220
0.0
230
1.0
50
360.0
0
TEXT
5
162
330
1C
100
AcDbEntity
67
0
8
2 - окн федерального значения
62
7
6
ByLayer
370
-1
48
1.0
60
0
100
AcDbText
1
128
10
1394463.5747334
20
359524.24208179
30
0.0
40
0.31111111111
41
1.0
50
0.0
51
0.0
7
Standard
11
1394463.5747334
21
359524.24208179
31
0.0
210
0.0
220
0.0
230
1.0
71
0
72
0
100
AcDbText
73
0
0
POINT
5
163
330
1C
100
AcDbEntity
67
0
8
2 - окн федерального значения
62
256
6
ByLayer
370
-1
48
1.0
60
0
100
AcDbPoint
10
1394457.03884792
20
359510.284096503
30
0.0
39
0.0
210
0.0
220
0.0
230
1.0
50
360.0
0
TEXT
5
164
330
1C
100
AcDbEntity
67
0
8
2 - окн федерального значения
62
7
6
ByLayer
370
-1
48
1.0
60
0
100
AcDbText
1
129
10
1394457.17884792
20
359510.558540934
30
0.0
40
0.31111111111
41
1.0
50
0.0
51
0.0
7
Standard
11
1394457.17884792
21
359510.558540934
31
0.0
210
0.0
220
0.0
230
1.0
71
0
72
0
100
AcDbText
73
0
0
POINT
5
165
330
1C
100
AcDbEntity
67
0
8
2 - окн федерального значения
62
256
6
ByLayer
370
-1
48
1.0
60
0
100
AcDbPoint
10
1394443.49109503
20
359516.966347418
30
0.0
39
0.0
210
0.0
220
0.0
230
1.0
50
360.0
0
TEXT
5
166
330
1C
100
AcDbEntity
67
0
8
2 - окн федерального значения
62
7
6
ByLayer
370
-1
48
1.0
60
0
100
AcDbText
1
130
10
1394443.63109503
20
359517.240791848
30
0.0
40
0.31111111111
41
1.0
50
0.0
51
0.0
7
Standard
11
1394443.63109503
21
359517.240791848
31
0.0
210
0.0
220
0.0
230
1.0
71
0
72
0
100
AcDbText
73
0
0
POINT
5
167
330
1C
100
AcDbEntity
67
0
8
2 - окн федерального значения
62
256
6
ByLayer
370
-1
48
1.0
60
0
100
AcDbPoint
10
1394449.28415394
20
359530.497532521
30
0.0
39
0.0
210
0.0
220
0.0
230
1.0
50
360.0
0
TEXT
5
168
330
1C
100
AcDbEntity
67
0
8
2 - окн федерального значения
62
7
6
ByLayer
370
-1
48
1.0
60
0
100
AcDbText
1
131
10
1394449.42415394
20
359530.771976951
30
0.0
40
0.31111111111
41
1.0
50
0.0
51
0.0
7
Standard
11
1394449.42415394
21
359530.771976951
31
0.0
210
0.0
220
0.0
230
1.0
71
0
72
0
100
AcDbText
73
0
0
POINT
5
169
330
1C
100
AcDbEntity
67
0
8
2 - окн федерального значения
62
256
6
ByLayer
370
-1
48
1.0
60
0
100
AcDbPoint
10
1394450.79660212
20
359522.993196993
30
0.0
39
0.0
210
0.0
220
0.0
230
1.0
50
360.0
0
TEXT
5
16A
330
1C
100
AcDbEntity
67
0
8
2 - окн федерального значения
62
7
6
ByLayer
370
-1
48
1.0
60
0
100
AcDbText
1
132
10
1394450.93660212
20
359523.267641423
30
0.0
40
0.31111111111
41
1.0
50
0.0
51
0.0
7
Standard
11
1394450.93660212
21
359523.267641423
31
0.0
210
0.0
220
0.0
230
1.0
71
0
72
0
100
AcDbText
73
0
0
POINT
5
16B
330
1C
100
AcDbEntity
67
0
8
2 - окн федерального значения
62
256
6
ByLayer
370
-1
48
1.0
60
0
100
AcDbPoint
10
1394458.08558588
20
359519.555832372
30
0.0
39
0.0
210
0.0
220
0.0
230
1.0
50
360.0
0
TEXT
5
16C
330
1C
100
AcDbEntity
67
0
8
2 - окн федерального значения
62
7
6
ByLayer
370
-1
48
1.0
60
0
100
AcDbText
1
133
10
1394458.22558588
20
359519.830276802
30
0.0
40
0.31111111111
41
1.0
50
0.0
51
0.0
7
Standard
11
1394458.22558588
21
359519.830276802
31
0.0
210
0.0
220
0.0
230
1.0
71
0
72
0
100
AcDbText
73
0
0
POINT
5
16D
330
1C
100
AcDbEntity
67
0
8
2 - окн федерального значения
62
256
6
ByLayer
370
-1
48
1.0
60
0
100
AcDbPoint
10
1394422.25401663
20
359503.605430493
30
0.0
39
0.0
210
0.0
220
0.0
230
1.0
50
360.0
0
TEXT
5
16E
330
1C
100
AcDbEntity
67
0
8
2 - окн федерального значения
62
7
6
ByLayer
370
-1
48
1.0
60
0
100
AcDbText
1
134
10
1394422.39401663
20
359503.879874923
30
0.0
40
0.31111111111
41
1.0
50
0.0
51
0.0
7
Standard
11
1394422.39401663
21
359503.879874923
31
0.0
210
0.0
220
0.0
230
1.0
71
0
72
0
100
AcDbText
73
0
0
POINT
5
16F
330
1C
100
AcDbEntity
67
0
8
2 - окн федерального значения
62
256
6
ByLayer
370
-1
48
1.0
60
0
100
AcDbPoint
10
1394419.64082309
20
359500.619775017
30
0.0
39
0.0
210
0.0
220
0.0
230
1.0
50
360.0
0
TEXT
5
170
330
1C
100
AcDbEntity
67
0
8
2 - окн федерального значения
62
7
6
ByLayer
370
-1
48
1.0
60
0
100
AcDbText
1
135
10
1394419.78082309
20
359500.894219448
30
0.0
40
0.31111111111
41
1.0
50
0.0
51
0.0
7
Standard
11
1394419.78082309
21
359500.894219448
31
0.0
210
0.0
220
0.0
230
1.0
71
0
72
0
100
AcDbText
73
0
0
POINT
5
171
330
1C
100
AcDbEntity
67
0
8
2 - окн федерального значения
62
256
6
ByLayer
370
-1
48
1.0
60
0
100
AcDbPoint
10
1394407.16801404
20
359507.369881039
30
0.0
39
0.0
210
0.0
220
0.0
230
1.0
50
360.0
0
TEXT
5
172
330
1C
100
AcDbEntity
67
0
8
2 - окн федерального значения
62
7
6
ByLayer
370
-1
48
1.0
60
0
100
AcDbText
1
136
10
1394407.30801404
20
359507.644325469
30
0.0
40
0.31111111111
41
1.0
50
0.0
51
0.0
7
Standard
11
1394407.30801404
21
359507.644325469
31
0.0
210
0.0
220
0.0
230
1.0
71
0
72
0
100
AcDbText
73
0
0
POINT
5
173
330
1C
100
AcDbEntity
67
0
8
2 - окн федерального значения
62
256
6
ByLayer
370
-1
48
1.0
60
0
100
AcDbPoint
10
1394409.10938682
20
359510.567801685
30
0.0
39
0.0
210
0.0
220
0.0
230
1.0
50
360.0
0
TEXT
5
174
330
1C
100
AcDbEntity
67
0
8
2 - окн федерального значения
62
7
6
ByLayer
370
-1
48
1.0
60
0
100
AcDbText
1
137
10
1394409.24938682
20
359510.842246115
30
0.0
40
0.31111111111
41
1.0
50
0.0
51
0.0
7
Standard
11
1394409.24938682
21
359510.842246115
31
0.0
210
0.0
220
0.0
230
1.0
71
0
72
0
100
AcDbText
73
0
0
POINT
5
175
330
1C
100
AcDbEntity
67
0
8
2 - окн федерального значения
62
256
6
ByLayer
370
-1
48
1.0
60
0
100
AcDbPoint
10
1394383.52811186
20
359528.289970744
30
0.0
39
0.0
210
0.0
220
0.0
230
1.0
50
360.0
0
TEXT
5
176
330
1C
100
AcDbEntity
67
0
8
2 - окн федерального значения
62
7
6
ByLayer
370
-1
48
1.0
60
0
100
AcDbText
1
138
10
1394383.66811186
20
359528.564415175
30
0.0
40
0.31111111111
41
1.0
50
0.0
51
0.0
7
Standard
11
1394383.66811186
21
359528.564415175
31
0.0
210
0.0
220
0.0
230
1.0
71
0
72
0
100
AcDbText
73
0
0
POINT
5
177
330
1C
100
AcDbEntity
67
0
8
2 - окн федерального значения
62
256
6
ByLayer
370
-1
48
1.0
60
0
100
AcDbPoint
10
1394381.43625212
20
359525.38954996
30
0.0
39
0.0
210
0.0
220
0.0
230
1.0
50
360.0
0
TEXT
5
178
330
1C
100
AcDbEntity
67
0
8
2 - окн федерального значения
62
7
6
ByLayer
370
-1
48
1.0
60
0
100
AcDbText
1
139
10
1394381.57625212
20
359525.66399439
30
0.0
40
0.31111111111
41
1.0
50
0.0
51
0.0
7
Standard
11
1394381.57625212
21
359525.66399439
31
0.0
210
0.0
220
0.0
230
1.0
71
0
72
0
100
AcDbText
73
0
0
POINT
5
179
330
1C
100
AcDbEntity
67
0
8
2 - окн федерального значения
62
256
6
ByLayer
370
-1
48
1.0
60
0
100
AcDbPoint
10
1394380.57289759
20
359525.96752628
30
0.0
39
0.0
210
0.0
220
0.0
230
1.0
50
360.0
0
TEXT
5
17A
330
1C
100
AcDbEntity
67
0
8
2 - окн федерального значения
62
7
6
ByLayer
370
-1
48
1.0
60
0
100
AcDbText
1
140
10
1394380.71289759
20
359526.241970711
30
0.0
40
0.31111111111
41
1.0
50
0.0
51
0.0
7
Standard
11
1394380.71289759
21
359526.241970711
31
0.0
210
0.0
220
0.0
230
1.0
71
0
72
0
100
AcDbText
73
0
0
POINT
5
17B
330
1C
100
AcDbEntity
67
0
8
2 - окн федерального значения
62
256
6
ByLayer
370
-1
48
1.0
60
0
100
AcDbPoint
10
1394380.17039858
20
359526.397130324
30
0.0
39
0.0
210
0.0
220
0.0
230
1.0
50
360.0
0
TEXT
5
17C
330
1C
100
AcDbEntity
67
0
8
2 - окн федерального значения
62
7
6
ByLayer
370
-1
48
1.0
60
0
100
AcDbText
1
141
10
1394380.31039858
20
359526.671574754
30
0.0
40
0.31111111111
41
1.0
50
0.0
51
0.0
7
Standard
11
1394380.31039858
21
359526.671574754
31
0.0
210
0.0
220
0.0
230
1.0
71
0
72
0
100
AcDbText
73
0
0
POINT
5
17D
330
1C
100
AcDbEntity
67
0
8
2 - окн федерального значения
62
256
6
ByLayer
370
-1
48
1.0
60
0
100
AcDbPoint
10
1394379.90216581
20
359526.844051328
30
0.0
39
0.0
210
0.0
220
0.0
230
1.0
50
360.0
0
TEXT
5
17E
330
1C
100
AcDbEntity
67
0
8
2 - окн федерального значения
62
7
6
ByLayer
370
-1
48
1.0
60
0
100
AcDbText
1
142
10
1394380.04216581
20
359527.118495759
30
0.0
40
0.31111111111
41
1.0
50
0.0
51
0.0
7
Standard
11
1394380.04216581
21
359527.118495759
31
0.0
210
0.0
220
0.0
230
1.0
71
0
72
0
100
AcDbText
73
0
0
POINT
5
17F
330
1C
100
AcDbEntity
67
0
8
2 - окн федерального значения
62
256
6
ByLayer
370
-1
48
1.0
60
0
100
AcDbPoint
10
1394379.77001398
20
359528.320016618
30
0.0
39
0.0
210
0.0
220
0.0
230
1.0
50
360.0
0
TEXT
5
180
330
1C
100
AcDbEntity
67
0
8
2 - окн федерального значения
62
7
6
ByLayer
370
-1
48
1.0
60
0
100
AcDbText
1
143
10
1394379.91001398
20
359528.594461048
30
0.0
40
0.31111111111
41
1.0
50
0.0
51
0.0
7
Standard
11
1394379.91001398
21
359528.594461048
31
0.0
210
0.0
220
0.0
230
1.0
71
0
72
0
100
AcDbText
73
0
0
POINT
5
181
330
1C
100
AcDbEntity
67
0
8
2 - окн федерального значения
62
256
6
ByLayer
370
-1
48
1.0
60
0
100
AcDbPoint
10
1394380.10083211
20
359528.894383185
30
0.0
39
0.0
210
0.0
220
0.0
230
1.0
50
360.0
0
TEXT
5
182
330
1C
100
AcDbEntity
67
0
8
2 - окн федерального значения
62
7
6
ByLayer
370
-1
48
1.0
60
0
100
AcDbText
1
144
10
1394380.24083211
20
359529.168827615
30
0.0
40
0.31111111111
41
1.0
50
0.0
51
0.0
7
Standard
11
1394380.24083211
21
359529.168827615
31
0.0
210
0.0
220
0.0
230
1.0
71
0
72
0
100
AcDbText
73
0
0
POINT
5
183
330
1C
100
AcDbEntity
67
0
8
2 - окн федерального значения
62
256
6
ByLayer
370
-1
48
1.0
60
0
100
AcDbPoint
10
1394380.7524637
20
359529.265645056
30
0.0
39
0.0
210
0.0
220
0.0
230
1.0
50
360.0
0
TEXT
5
184
330
1C
100
AcDbEntity
67
0
8
2 - окн федерального значения
62
7
6
ByLayer
370
-1
48
1.0
60
0
100
AcDbText
1
145
10
1394380.8924637
20
359529.540089486
30
0.0
40
0.31111111111
41
1.0
50
0.0
51
0.0
7
Standard
11
1394380.8924637
21
359529.540089486
31
0.0
210
0.0
220
0.0
230
1.0
71
0
72
0
100
AcDbText
73
0
0
POINT
5
185
330
1C
100
AcDbEntity
67
0
8
2 - окн федерального значения
62
256
6
ByLayer
370
-1
48
1.0
60
0
100
AcDbPoint
10
1394381.28813785
20
359529.339534357
30
0.0
39
0.0
210
0.0
220
0.0
230
1.0
50
360.0
0
TEXT
5
186
330
1C
100
AcDbEntity
67
0
8
2 - окн федерального значения
62
7
6
ByLayer
370
-1
48
1.0
60
0
100
AcDbText
1
146
10
1394381.42813785
20
359529.613978787
30
0.0
40
0.31111111111
41
1.0
50
0.0
51
0.0
7
Standard
11
1394381.42813785
21
359529.613978787
31
0.0
210
0.0
220
0.0
230
1.0
71
0
72
0
100
AcDbText
73
0
0
POINT
5
187
330
1C
100
AcDbEntity
67
0
8
2 - окн федерального значения
62
256
6
ByLayer
370
-1
48
1.0
60
0
100
AcDbPoint
10
1394381.89170629
20
359529.27213952
30
0.0
39
0.0
210
0.0
220
0.0
230
1.0
50
360.0
0
TEXT
5
188
330
1C
100
AcDbEntity
67
0
8
2 - окн федерального значения
62
7
6
ByLayer
370
-1
48
1.0
60
0
100
AcDbText
1
147
10
1394382.03170628
20
359529.546583951
30
0.0
40
0.31111111111
41
1.0
50
0.0
51
0.0
7
Standard
11
1394382.03170628
21
359529.546583951
31
0.0
210
0.0
220
0.0
230
1.0
71
0
72
0
100
AcDbText
73
0
0
POINT
5
189
330
1C
100
AcDbEntity
67
0
8
2 - окн федерального значения
62
256
6
ByLayer
370
-1
48
1.0
60
0
100
AcDbPoint
10
1394382.69778464
20
359528.857505114
30
0.0
39
0.0
210
0.0
220
0.0
230
1.0
50
360.0
0
TEXT
5
18A
330
1C
100
AcDbEntity
67
0
8
2 - окн федерального значения
62
7
6
ByLayer
370
-1
48
1.0
60
0
100
AcDbText
1
148
10
1394382.83778464
20
359529.131949544
30
0.0
40
0.31111111111
41
1.0
50
0.0
51
0.0
7
Standard
11
1394382.83778464
21
359529.131949544
31
0.0
210
0.0
220
0.0
230
1.0
71
0
72
0
100
AcDbText
73
0
0
POINT
5
18B
330
1C
100
AcDbEntity
67
0
8
2 - окн федерального значения
62
256
6
ByLayer
370
-1
48
1.0
60
0
100
AcDbPoint
10
1394346.36139101
20
359488.880390341
30
0.0
39
0.0
210
0.0
220
0.0
230
1.0
50
360.0
0
TEXT
5
18C
330
1C
100
AcDbEntity
67
0
8
2 - окн федерального значения
62
7
6
ByLayer
370
-1
48
1.0
60
0
100
AcDbText
1
149
10
1394346.50139101
20
359489.154834772
30
0.0
40
0.31111111111
41
1.0
50
0.0
51
0.0
7
Standard
11
1394346.50139101
21
359489.154834772
31
0.0
210
0.0
220
0.0
230
1.0
71
0
72
0
100
AcDbText
73
0
0
POINT
5
18D
330
1C
100
AcDbEntity
67
0
8
2 - окн федерального значения
62
256
6
ByLayer
370
-1
48
1.0
60
0
100
AcDbPoint
10
1394340.4408879
20
359496.025875145
30
0.0
39
0.0
210
0.0
220
0.0
230
1.0
50
360.0
0
TEXT
5
18E
330
1C
100
AcDbEntity
67
0
8
2 - окн федерального значения
62
7
6
ByLayer
370
-1
48
1.0
60
0
100
AcDbText
1
150
10
1394340.5808879
20
359496.300319575
30
0.0
40
0.31111111111
41
1.0
50
0.0
51
0.0
7
Standard
11
1394340.5808879
21
359496.300319575
31
0.0
210
0.0
220
0.0
230
1.0
71
0
72
0
100
AcDbText
73
0
0
POINT
5
18F
330
1C
100
AcDbEntity
67
0
8
2 - окн федерального значения
62
256
6
ByLayer
370
-1
48
1.0
60
0
100
AcDbPoint
10
1394347.10084789
20
359502.103744045
30
0.0
39
0.0
210
0.0
220
0.0
230
1.0
50
360.0
0
TEXT
5
190
330
1C
100
AcDbEntity
67
0
8
2 - окн федерального значения
62
7
6
ByLayer
370
-1
48
1.0
60
0
100
AcDbText
1
151
10
1394347.24084789
20
359502.378188476
30
0.0
40
0.31111111111
41
1.0
50
0.0
51
0.0
7
Standard
11
1394347.24084789
21
359502.378188476
31
0.0
210
0.0
220
0.0
230
1.0
71
0
72
0
100
AcDbText
73
0
0
POINT
5
191
330
1C
100
AcDbEntity
67
0
8
2 - окн федерального значения
62
256
6
ByLayer
370
-1
48
1.0
60
0
100
AcDbPoint
10
1394353.34511598
20
359495.028103592
30
0.0
39
0.0
210
0.0
220
0.0
230
1.0
50
360.0
0
TEXT
5
192
330
1C
100
AcDbEntity
67
0
8
2 - окн федерального значения
62
7
6
ByLayer
370
-1
48
1.0
60
0
100
AcDbText
1
152
10
1394353.48511598
20
359495.302548023
30
0.0
40
0.31111111111
41
1.0
50
0.0
51
0.0
7
Standard
11
1394353.48511598
21
359495.302548023
31
0.0
210
0.0
220
0.0
230
1.0
71
0
72
0
100
AcDbText
73
0
0
POINT
5
193
330
1C
100
AcDbEntity
67
0
8
2 - окн федерального значения
62
256
6
ByLayer
370
-1
48
1.0
60
0
100
AcDbPoint
10
1396808.71501247
20
359945.387754172
30
0.0
39
0.0
210
0.0
220
0.0
230
1.0
50
360.0
0
TEXT
5
194
330
1C
100
AcDbEntity
67
0
8
2 - окн федерального значения
62
7
6
ByLayer
370
-1
48
1.0
60
0
100
AcDbText
1
153
10
1396808.85501247
20
359945.662198602
30
0.0
40
0.31111111111
41
1.0
50
0.0
51
0.0
7
Standard
11
1396808.85501247
21
359945.662198602
31
0.0
210
0.0
220
0.0
230
1.0
71
0
72
0
100
AcDbText
73
0
0
POINT
5
195
330
1C
100
AcDbEntity
67
0
8
2 - окн федерального значения
62
256
6
ByLayer
370
-1
48
1.0
60
0
100
AcDbPoint
10
1396804.50431559
20
359949.757604531
30
0.0
39
0.0
210
0.0
220
0.0
230
1.0
50
360.0
0
TEXT
5
196
330
1C
100
AcDbEntity
67
0
8
2 - окн федерального значения
62
7
6
ByLayer
370
-1
48
1.0
60
0
100
AcDbText
1
154
10
1396804.64431559
20
359950.032048961
30
0.0
40
0.31111111111
41
1.0
50
0.0
51
0.0
7
Standard
11
1396804.64431559
21
359950.032048961
31
0.0
210
0.0
220
0.0
230
1.0
71
0
72
0
100
AcDbText
73
0
0
POINT
5
197
330
1C
100
AcDbEntity
67
0
8
2 - окн федерального значения
62
256
6
ByLayer
370
-1
48
1.0
60
0
100
AcDbPoint
10
1396797.02042184
20
359942.546280293
30
0.0
39
0.0
210
0.0
220
0.0
230
1.0
50
360.0
0
TEXT
5
198
330
1C
100
AcDbEntity
67
0
8
2 - окн федерального значения
62
7
6
ByLayer
370
-1
48
1.0
60
0
100
AcDbText
1
155
10
1396797.16042184
20
359942.820724723
30
0.0
40
0.31111111111
41
1.0
50
0.0
51
0.0
7
Standard
11
1396797.16042184
21
359942.820724723
31
0.0
210
0.0
220
0.0
230
1.0
71
0
72
0
100
AcDbText
73
0
0
POINT
5
199
330
1C
100
AcDbEntity
67
0
8
2 - окн федерального значения
62
256
6
ByLayer
370
-1
48
1.0
60
0
100
AcDbPoint
10
1396804.65662851
20
359934.621444324
30
0.0
39
0.0
210
0.0
220
0.0
230
1.0
50
360.0
0
TEXT
5
19A
330
1C
100
AcDbEntity
67
0
8
2 - окн федерального значения
62
7
6
ByLayer
370
-1
48
1.0
60
0
100
AcDbText
1
156
10
1396804.79662851
20
359934.895888754
30
0.0
40
0.31111111111
41
1.0
50
0.0
51
0.0
7
Standard
11
1396804.79662851
21
359934.895888754
31
0.0
210
0.0
220
0.0
230
1.0
71
0
72
0
100
AcDbText
73
0
0
POINT
5
19B
330
1C
100
AcDbEntity
67
0
8
2 - окн федерального значения
62
256
6
ByLayer
370
-1
48
1.0
60
0
100
AcDbPoint
10
1396796.70911456
20
359926.963385913
30
0.0
39
0.0
210
0.0
220
0.0
230
1.0
50
360.0
0
TEXT
5
19C
330
1C
100
AcDbEntity
67
0
8
2 - окн федерального значения
62
7
6
ByLayer
370
-1
48
1.0
60
0
100
AcDbText
1
157
10
1396796.84911456
20
359927.237830343
30
0.0
40
0.31111111111
41
1.0
50
0.0
51
0.0
7
Standard
11
1396796.84911456
21
359927.237830343
31
0.0
210
0.0
220
0.0
230
1.0
71
0
72
0
100
AcDbText
73
0
0
POINT
5
19D
330
1C
100
AcDbEntity
67
0
8
2 - окн федерального значения
62
256
6
ByLayer
370
-1
48
1.0
60
0
100
AcDbPoint
10
1396799.45373291
20
359924.115027735
30
0.0
39
0.0
210
0.0
220
0.0
230
1.0
50
360.0
0
TEXT
5
19E
330
1C
100
AcDbEntity
67
0
8
2 - окн федерального значения
62
7
6
ByLayer
370
-1
48
1.0
60
0
100
AcDbText
1
158
10
1396799.59373291
20
359924.389472166
30
0.0
40
0.31111111111
41
1.0
50
0.0
51
0.0
7
Standard
11
1396799.59373291
21
359924.389472166
31
0.0
210
0.0
220
0.0
230
1.0
71
0
72
0
100
AcDbText
73
0
0
POINT
5
19F
330
1C
100
AcDbEntity
67
0
8
2 - окн федерального значения
62
256
6
ByLayer
370
-1
48
1.0
60
0
100
AcDbPoint
10
1396797.10543695
20
359921.957446338
30
0.0
39
0.0
210
0.0
220
0.0
230
1.0
50
360.0
0
TEXT
5
1A0
330
1C
100
AcDbEntity
67
0
8
2 - окн федерального значения
62
7
6
ByLayer
370
-1
48
1.0
60
0
100
AcDbText
1
159
10
1396797.24543695
20
359922.231890768
30
0.0
40
0.31111111111
41
1.0
50
0.0
51
0.0
7
Standard
11
1396797.24543695
21
359922.231890768
31
0.0
210
0.0
220
0.0
230
1.0
71
0
72
0
100
AcDbText
73
0
0
POINT
5
1A1
330
1C
100
AcDbEntity
67
0
8
2 - окн федерального значения
62
256
6
ByLayer
370
-1
48
1.0
60
0
100
AcDbPoint
10
1396796.98174195
20
359921.506977258
30
0.0
39
0.0
210
0.0
220
0.0
230
1.0
50
360.0
0
TEXT
5
1A2
330
1C
100
AcDbEntity
67
0
8
2 - окн федерального значения
62
7
6
ByLayer
370
-1
48
1.0
60
0
100
AcDbText
1
160
10
1396797.12174195
20
359921.781421688
30
0.0
40
0.31111111111
41
1.0
50
0.0
51
0.0
7
Standard
11
1396797.12174195
21
359921.781421688
31
0.0
210
0.0
220
0.0
230
1.0
71
0
72
0
100
AcDbText
73
0
0
POINT
5
1A3
330
1C
100
AcDbEntity
67
0
8
2 - окн федерального значения
62
256
6
ByLayer
370
-1
48
1.0
60
0
100
AcDbPoint
10
1396797.19759191
20
359921.09269277
30
0.0
39
0.0
210
0.0
220
0.0
230
1.0
50
360.0
0
TEXT
5
1A4
330
1C
100
AcDbEntity
67
0
8
2 - окн федерального значения
62
7
6
ByLayer
370
-1
48
1.0
60
0
100
AcDbText
1
161
10
1396797.33759191
20
359921.3671372
30
0.0
40
0.31111111111
41
1.0
50
0.0
51
0.0
7
Standard
11
1396797.33759191
21
359921.3671372
31
0.0
210
0.0
220
0.0
230
1.0
71
0
72
0
100
AcDbText
73
0
0
POINT
5
1A5
330
1C
100
AcDbEntity
67
0
8
2 - окн федерального значения
62
256
6
ByLayer
370
-1
48
1.0
60
0
100
AcDbPoint
10
1396801.67921096
20
359916.441679386
30
0.0
39
0.0
210
0.0
220
0.0
230
1.0
50
360.0
0
TEXT
5
1A6
330
1C
100
AcDbEntity
67
0
8
2 - окн федерального значения
62
7
6
ByLayer
370
-1
48
1.0
60
0
100
AcDbText
1
162
10
1396801.81921096
20
359916.716123816
30
0.0
40
0.31111111111
41
1.0
50
0.0
51
0.0
7
Standard
11
1396801.81921096
21
359916.716123816
31
0.0
210
0.0
220
0.0
230
1.0
71
0
72
0
100
AcDbText
73
0
0
POINT
5
1A7
330
1C
100
AcDbEntity
67
0
8
2 - окн федерального значения
62
256
6
ByLayer
370
-1
48
1.0
60
0
100
AcDbPoint
10
1396802.15017098
20
359916.303452044
30
0.0
39
0.0
210
0.0
220
0.0
230
1.0
50
360.0
0
TEXT
5
1A8
330
1C
100
AcDbEntity
67
0
8
2 - окн федерального значения
62
7
6
ByLayer
370
-1
48
1.0
60
0
100
AcDbText
1
163
10
1396802.29017098
20
359916.577896475
30
0.0
40
0.31111111111
41
1.0
50
0.0
51
0.0
7
Standard
11
1396802.29017098
21
359916.577896475
31
0.0
210
0.0
220
0.0
230
1.0
71
0
72
0
100
AcDbText
73
0
0
POINT
5
1A9
330
1C
100
AcDbEntity
67
0
8
2 - окн федерального значения
62
256
6
ByLayer
370
-1
48
1.0
60
0
100
AcDbPoint
10
1396802.58203763
20
359916.536692964
30
0.0
39
0.0
210
0.0
220
0.0
230
1.0
50
360.0
0
TEXT
5
1AA
330
1C
100
AcDbEntity
67
0
8
2 - окн федерального значения
62
7
6
ByLayer
370
-1
48
1.0
60
0
100
AcDbText
1
164
10
1396802.72203763
20
359916.811137394
30
0.0
40
0.31111111111
41
1.0
50
0.0
51
0.0
7
Standard
11
1396802.72203763
21
359916.811137394
31
0.0
210
0.0
220
0.0
230
1.0
71
0
72
0
100
AcDbText
73
0
0
POINT
5
1AB
330
1C
100
AcDbEntity
67
0
8
2 - окн федерального значения
62
256
6
ByLayer
370
-1
48
1.0
60
0
100
AcDbPoint
10
1396804.77089509
20
359918.645830139
30
0.0
39
0.0
210
0.0
220
0.0
230
1.0
50
360.0
0
TEXT
5
1AC
330
1C
100
AcDbEntity
67
0
8
2 - окн федерального значения
62
7
6
ByLayer
370
-1
48
1.0
60
0
100
AcDbText
1
165
10
1396804.91089509
20
359918.920274569
30
0.0
40
0.31111111111
41
1.0
50
0.0
51
0.0
7
Standard
11
1396804.91089509
21
359918.920274569
31
0.0
210
0.0
220
0.0
230
1.0
71
0
72
0
100
AcDbText
73
0
0
POINT
5
1AD
330
1C
100
AcDbEntity
67
0
8
2 - окн федерального значения
62
256
6
ByLayer
370
-1
48
1.0
60
0
100
AcDbPoint
10
1396807.54601387
20
359915.765818573
30
0.0
39
0.0
210
0.0
220
0.0
230
1.0
50
360.0
0
TEXT
5
1AE
330
1C
100
AcDbEntity
67
0
8
2 - окн федерального значения
62
7
6
ByLayer
370
-1
48
1.0
60
0
100
AcDbText
1
166
10
1396807.68601387
20
359916.040263003
30
0.0
40
0.31111111111
41
1.0
50
0.0
51
0.0
7
Standard
11
1396807.68601387
21
359916.040263003
31
0.0
210
0.0
220
0.0
230
1.0
71
0
72
0
100
AcDbText
73
0
0
POINT
5
1AF
330
1C
100
AcDbEntity
67
0
8
2 - окн федерального значения
62
256
6
ByLayer
370
-1
48
1.0
60
0
100
AcDbPoint
10
1396841.10747839
20
359948.104944789
30
0.0
39
0.0
210
0.0
220
0.0
230
1.0
50
360.0
0
TEXT
5
1B0
330
1C
100
AcDbEntity
67
0
8
2 - окн федерального значения
62
7
6
ByLayer
370
-1
48
1.0
60
0
100
AcDbText
1
167
10
1396841.24747839
20
359948.37938922
30
0.0
40
0.31111111111
41
1.0
50
0.0
51
0.0
7
Standard
11
1396841.24747839
21
359948.37938922
31
0.0
210
0.0
220
0.0
230
1.0
71
0
72
0
100
AcDbText
73
0
0
POINT
5
1B1
330
1C
100
AcDbEntity
67
0
8
2 - окн федерального значения
62
256
6
ByLayer
370
-1
48
1.0
60
0
100
AcDbPoint
10
1396838.81140056
20
359950.487808418
30
0.0
39
0.0
210
0.0
220
0.0
230
1.0
50
360.0
0
TEXT
5
1B2
330
1C
100
AcDbEntity
67
0
8
2 - окн федерального значения
62
7
6
ByLayer
370
-1
48
1.0
60
0
100
AcDbText
1
168
10
1396838.95140056
20
359950.762252849
30
0.0
40
0.31111111111
41
1.0
50
0.0
51
0.0
7
Standard
11
1396838.95140056
21
359950.762252849
31
0.0
210
0.0
220
0.0
230
1.0
71
0
72
0
100
AcDbText
73
0
0
POINT
5
1B3
330
1C
100
AcDbEntity
67
0
8
2 - окн федерального значения
62
256
6
ByLayer
370
-1
48
1.0
60
0
100
AcDbPoint
10
1396841.15374935
20
359952.74484702
30
0.0
39
0.0
210
0.0
220
0.0
230
1.0
50
360.0
0
TEXT
5
1B4
330
1C
100
AcDbEntity
67
0
8
2 - окн федерального значения
62
7
6
ByLayer
370
-1
48
1.0
60
0
100
AcDbText
1
169
10
1396841.29374935
20
359953.019291451
30
0.0
40
0.31111111111
41
1.0
50
0.0
51
0.0
7
Standard
11
1396841.29374935
21
359953.019291451
31
0.0
210
0.0
220
0.0
230
1.0
71
0
72
0
100
AcDbText
73
0
0
POINT
5
1B5
330
1C
100
AcDbEntity
67
0
8
2 - окн федерального значения
62
256
6
ByLayer
370
-1
48
1.0
60
0
100
AcDbPoint
10
1396834.98845718
20
359959.143171072
30
0.0
39
0.0
210
0.0
220
0.0
230
1.0
50
360.0
0
TEXT
5
1B6
330
1C
100
AcDbEntity
67
0
8
2 - окн федерального значения
62
7
6
ByLayer
370
-1
48
1.0
60
0
100
AcDbText
1
170
10
1396835.12845718
20
359959.417615502
30
0.0
40
0.31111111111
41
1.0
50
0.0
51
0.0
7
Standard
11
1396835.12845718
21
359959.417615502
31
0.0
210
0.0
220
0.0
230
1.0
71
0
72
0
100
AcDbText
73
0
0
POINT
5
1B7
330
1C
100
AcDbEntity
67
0
8
2 - окн федерального значения
62
256
6
ByLayer
370
-1
48
1.0
60
0
100
AcDbPoint
10
1396832.64610846
20
359956.886132465
30
0.0
39
0.0
210
0.0
220
0.0
230
1.0
50
360.0
0
TEXT
5
1B8
330
1C
100
AcDbEntity
67
0
8
2 - окн федерального значения
62
7
6
ByLayer
370
-1
48
1.0
60
0
100
AcDbText
1
171
10
1396832.78610846
20
359957.160576895
30
0.0
40
0.31111111111
41
1.0
50
0.0
51
0.0
7
Standard
11
1396832.78610846
21
359957.160576895
31
0.0
210
0.0
220
0.0
230
1.0
71
0
72
0
100
AcDbText
73
0
0
POINT
5
1B9
330
1C
100
AcDbEntity
67
0
8
2 - окн федерального значения
62
256
6
ByLayer
370
-1
48
1.0
60
0
100
AcDbPoint
10
1396830.91167342
20
359958.686124586
30
0.0
39
0.0
210
0.0
220
0.0
230
1.0
50
360.0
0
TEXT
5
1BA
330
1C
100
AcDbEntity
67
0
8
2 - окн федерального значения
62
7
6
ByLayer
370
-1
48
1.0
60
0
100
AcDbText
1
172
10
1396831.05167342
20
359958.960569017
30
0.0
40
0.31111111111
41
1.0
50
0.0
51
0.0
7
Standard
11
1396831.05167342
21
359958.960569017
31
0.0
210
0.0
220
0.0
230
1.0
71
0
72
0
100
AcDbText
73
0
0
POINT
5
1BB
330
1C
100
AcDbEntity
67
0
8
2 - окн федерального значения
62
256
6
ByLayer
370
-1
48
1.0
60
0
100
AcDbPoint
10
1396830.29503055
20
359959.326074932
30
0.0
39
0.0
210
0.0
220
0.0
230
1.0
50
360.0
0
TEXT
5
1BC
330
1C
100
AcDbEntity
67
0
8
2 - окн федерального значения
62
7
6
ByLayer
370
-1
48
1.0
60
0
100
AcDbText
1
173
10
1396830.43503055
20
359959.600519362
30
0.0
40
0.31111111111
41
1.0
50
0.0
51
0.0
7
Standard
11
1396830.43503055
21
359959.600519362
31
0.0
210
0.0
220
0.0
230
1.0
71
0
72
0
100
AcDbText
73
0
0
POINT
5
1BD
330
1C
100
AcDbEntity
67
0
8
2 - окн федерального значения
62
256
6
ByLayer
370
-1
48
1.0
60
0
100
AcDbPoint
10
1396827.69861555
20
359956.824223342
30
0.0
39
0.0
210
0.0
220
0.0
230
1.0
50
360.0
0
TEXT
5
1BE
330
1C
100
AcDbEntity
67
0
8
2 - окн федерального значения
62
7
6
ByLayer
370
-1
48
1.0
60
0
100
AcDbText
1
174
10
1396827.83861555
20
359957.098667773
30
0.0
40
0.31111111111
41
1.0
50
0.0
51
0.0
7
Standard
11
1396827.83861555
21
359957.098667773
31
0.0
210
0.0
220
0.0
230
1.0
71
0
72
0
100
AcDbText
73
0
0
POINT
5
1BF
330
1C
100
AcDbEntity
67
0
8
2 - окн федерального значения
62
256
6
ByLayer
370
-1
48
1.0
60
0
100
AcDbPoint
10
1396825.45331502
20
359959.154390322
30
0.0
39
0.0
210
0.0
220
0.0
230
1.0
50
360.0
0
TEXT
5
1C0
330
1C
100
AcDbEntity
67
0
8
2 - окн федерального значения
62
7
6
ByLayer
370
-1
48
1.0
60
0
100
AcDbText
1
175
10
1396825.59331502
20
359959.428834752
30
0.0
40
0.31111111111
41
1.0
50
0.0
51
0.0
7
Standard
11
1396825.59331502
21
359959.428834752
31
0.0
210
0.0
220
0.0
230
1.0
71
0
72
0
100
AcDbText
73
0
0
POINT
5
1C1
330
1C
100
AcDbEntity
67
0
8
2 - окн федерального значения
62
256
6
ByLayer
370
-1
48
1.0
60
0
100
AcDbPoint
10
1396823.97774889
20
359957.732565424
30
0.0
39
0.0
210
0.0
220
0.0
230
1.0
50
360.0
0
TEXT
5
1C2
330
1C
100
AcDbEntity
67
0
8
2 - окн федерального значения
62
7
6
ByLayer
370
-1
48
1.0
60
0
100
AcDbText
1
176
10
1396824.11774889
20
359958.007009855
30
0.0
40
0.31111111111
41
1.0
50
0.0
51
0.0
7
Standard
11
1396824.11774889
21
359958.007009855
31
0.0
210
0.0
220
0.0
230
1.0
71
0
72
0
100
AcDbText
73
0
0
POINT
5
1C3
330
1C
100
AcDbEntity
67
0
8
2 - окн федерального значения
62
256
6
ByLayer
370
-1
48
1.0
60
0
100
AcDbPoint
10
1396822.79753906
20
359958.957384074
30
0.0
39
0.0
210
0.0
220
0.0
230
1.0
50
360.0
0
TEXT
5
1C4
330
1C
100
AcDbEntity
67
0
8
2 - окн федерального значения
62
7
6
ByLayer
370
-1
48
1.0
60
0
100
AcDbText
1
177
10
1396822.93753906
20
359959.231828505
30
0.0
40
0.31111111111
41
1.0
50
0.0
51
0.0
7
Standard
11
1396822.93753906
21
359959.231828505
31
0.0
210
0.0
220
0.0
230
1.0
71
0
72
0
100
AcDbText
73
0
0
POINT
5
1C5
330
1C
100
AcDbEntity
67
0
8
2 - окн федерального значения
62
256
6
ByLayer
370
-1
48
1.0
60
0
100
AcDbPoint
10
1396819.18790688
20
359955.479217443
30
0.0
39
0.0
210
0.0
220
0.0
230
1.0
50
360.0
0
TEXT
5
1C6
330
1C
100
AcDbEntity
67
0
8
2 - окн федерального значения
62
7
6
ByLayer
370
-1
48
1.0
60
0
100
AcDbText
1
178
10
1396819.32790688
20
359955.753661873
30
0.0
40
0.31111111111
41
1.0
50
0.0
51
0.0
7
Standard
11
1396819.32790688
21
359955.753661873
31
0.0
210
0.0
220
0.0
230
1.0
71
0
72
0
100
AcDbText
73
0
0
POINT
5
1C7
330
1C
100
AcDbEntity
67
0
8
2 - окн федерального значения
62
256
6
ByLayer
370
-1
48
1.0
60
0
100
AcDbPoint
10
1396817.25059433
20
359957.489755313
30
0.0
39
0.0
210
0.0
220
0.0
230
1.0
50
360.0
0
TEXT
5
1C8
330
1C
100
AcDbEntity
67
0
8
2 - окн федерального значения
62
7
6
ByLayer
370
-1
48
1.0
60
0
100
AcDbText
1
179
10
1396817.39059433
20
359957.764199744
30
0.0
40
0.31111111111
41
1.0
50
0.0
51
0.0
7
Standard
11
1396817.39059433
21
359957.764199744
31
0.0
210
0.0
220
0.0
230
1.0
71
0
72
0
100
AcDbText
73
0
0
POINT
5
1C9
330
1C
100
AcDbEntity
67
0
8
2 - окн федерального значения
62
256
6
ByLayer
370
-1
48
1.0
60
0
100
AcDbPoint
10
1396813.50864741
20
359953.884092968
30
0.0
39
0.0
210
0.0
220
0.0
230
1.0
50
360.0
0
TEXT
5
1CA
330
1C
100
AcDbEntity
67
0
8
2 - окн федерального значения
62
7
6
ByLayer
370
-1
48
1.0
60
0
100
AcDbText
1
180
10
1396813.6486474
20
359954.158537398
30
0.0
40
0.31111111111
41
1.0
50
0.0
51
0.0
7
Standard
11
1396813.6486474
21
359954.158537398
31
0.0
210
0.0
220
0.0
230
1.0
71
0
72
0
100
AcDbText
73
0
0
POINT
5
1CB
330
1C
100
AcDbEntity
67
0
8
2 - окн федерального значения
62
256
6
ByLayer
370
-1
48
1.0
60
0
100
AcDbPoint
10
1396815.44595991
20
359951.873555097
30
0.0
39
0.0
210
0.0
220
0.0
230
1.0
50
360.0
0
TEXT
5
1CC
330
1C
100
AcDbEntity
67
0
8
2 - окн федерального значения
62
7
6
ByLayer
370
-1
48
1.0
60
0
100
AcDbText
1
181
10
1396815.58595991
20
359952.147999528
30
0.0
40
0.31111111111
41
1.0
50
0.0
51
0.0
7
Standard
11
1396815.58595991
21
359952.147999528
31
0.0
210
0.0
220
0.0
230
1.0
71
0
72
0
100
AcDbText
73
0
0
POINT
5
1CD
330
1C
100
AcDbEntity
67
0
8
2 - окн федерального значения
62
256
6
ByLayer
370
-1
48
1.0
60
0
100
AcDbPoint
10
1394300.22623247
20
360454.446050338
30
0.0
39
0.0
210
0.0
220
0.0
230
1.0
50
360.0
0
TEXT
5
1CE
330
1C
100
AcDbEntity
67
0
8
2 - окн федерального значения
62
7
6
ByLayer
370
-1
48
1.0
60
0
100
AcDbText
1
182
10
1394300.36623247
20
360454.720494769
30
0.0
40
0.31111111111
41
1.0
50
0.0
51
0.0
7
Standard
11
1394300.36623247
21
360454.720494769
31
0.0
210
0.0
220
0.0
230
1.0
71
0
72
0
100
AcDbText
73
0
0
POINT
5
1CF
330
1C
100
AcDbEntity
67
0
8
2 - окн федерального значения
62
256
6
ByLayer
370
-1
48
1.0
60
0
100
AcDbPoint
10
1394299.20549182
20
360454.15686874
30
0.0
39
0.0
210
0.0
220
0.0
230
1.0
50
360.0
0
TEXT
5
1D0
330
1C
100
AcDbEntity
67
0
8
2 - окн федерального значения
62
7
6
ByLayer
370
-1
48
1.0
60
0
100
AcDbText
1
183
10
1394299.34549182
20
360454.43131317
30
0.0
40
0.31111111111
41
1.0
50
0.0
51
0.0
7
Standard
11
1394299.34549182
21
360454.43131317
31
0.0
210
0.0
220
0.0
230
1.0
71
0
72
0
100
AcDbText
73
0
0
POINT
5
1D1
330
1C
100
AcDbEntity
67
0
8
2 - окн федерального значения
62
256
6
ByLayer
370
-1
48
1.0
60
0
100
AcDbPoint
10
1394298.2953307
20
360453.611759406
30
0.0
39
0.0
210
0.0
220
0.0
230
1.0
50
360.0
0
TEXT
5
1D2
330
1C
100
AcDbEntity
67
0
8
2 - окн федерального значения
62
7
6
ByLayer
370
-1
48
1.0
60
0
100
AcDbText
1
184
10
1394298.4353307
20
360453.886203837
30
0.0
40
0.31111111111
41
1.0
50
0.0
51
0.0
7
Standard
11
1394298.4353307
21
360453.886203837
31
0.0
210
0.0
220
0.0
230
1.0
71
0
72
0
100
AcDbText
73
0
0
POINT
5
1D3
330
1C
100
AcDbEntity
67
0
8
2 - окн федерального значения
62
256
6
ByLayer
370
-1
48
1.0
60
0
100
AcDbPoint
10
1394297.55860257
20
360452.848366241
30
0.0
39
0.0
210
0.0
220
0.0
230
1.0
50
360.0
0
TEXT
5
1D4
330
1C
100
AcDbEntity
67
0
8
2 - окн федерального значения
62
7
6
ByLayer
370
-1
48
1.0
60
0
100
AcDbText
1
185
10
1394297.69860257
20
360453.122810672
30
0.0
40
0.31111111111
41
1.0
50
0.0
51
0.0
7
Standard
11
1394297.69860257
21
360453.122810672
31
0.0
210
0.0
220
0.0
230
1.0
71
0
72
0
100
AcDbText
73
0
0
POINT
5
1D5
330
1C
100
AcDbEntity
67
0
8
2 - окн федерального значения
62
256
6
ByLayer
370
-1
48
1.0
60
0
100
AcDbPoint
10
1394297.04618406
20
360451.91940729
30
0.0
39
0.0
210
0.0
220
0.0
230
1.0
50
360.0
0
TEXT
5
1D6
330
1C
100
AcDbEntity
67
0
8
2 - окн федерального значения
62
7
6
ByLayer
370
-1
48
1.0
60
0
100
AcDbText
1
186
10
1394297.18618406
20
360452.193851721
30
0.0
40
0.31111111111
41
1.0
50
0.0
51
0.0
7
Standard
11
1394297.18618406
21
360452.193851721
31
0.0
210
0.0
220
0.0
230
1.0
71
0
72
0
100
AcDbText
73
0
0
POINT
5
1D7
330
1C
100
AcDbEntity
67
0
8
2 - окн федерального значения
62
256
6
ByLayer
370
-1
48
1.0
60
0
100
AcDbPoint
10
1394296.79346153
20
360450.889034163
30
0.0
39
0.0
210
0.0
220
0.0
230
1.0
50
360.0
0
TEXT
5
1D8
330
1C
100
AcDbEntity
67
0
8
2 - окн федерального значения
62
7
6
ByLayer
370
-1
48
1.0
60
0
100
AcDbText
1
187
10
1394296.93346153
20
360451.163478593
30
0.0
40
0.31111111111
41
1.0
50
0.0
51
0.0
7
Standard
11
1394296.93346153
21
360451.163478593
31
0.0
210
0.0
220
0.0
230
1.0
71
0
72
0
100
AcDbText
73
0
0
POINT
5
1D9
330
1C
100
AcDbEntity
67
0
8
2 - окн федерального значения
62
256
6
ByLayer
370
-1
48
1.0
60
0
100
AcDbPoint
10
1394296.81788736
20
360449.82840188
30
0.0
39
0.0
210
0.0
220
0.0
230
1.0
50
360.0
0
TEXT
5
1DA
330
1C
100
AcDbEntity
67
0
8
2 - окн федерального значения
62
7
6
ByLayer
370
-1
48
1.0
60
0
100
AcDbText
1
188
10
1394296.95788736
20
360450.10284631
30
0.0
40
0.31111111111
41
1.0
50
0.0
51
0.0
7
Standard
11
1394296.95788736
21
360450.10284631
31
0.0
210
0.0
220
0.0
230
1.0
71
0
72
0
100
AcDbText
73
0
0
POINT
5
1DB
330
1C
100
AcDbEntity
67
0
8
2 - окн федерального значения
62
256
6
ByLayer
370
-1
48
1.0
60
0
100
AcDbPoint
10
1394297.11777478
20
360448.810755086
30
0.0
39
0.0
210
0.0
220
0.0
230
1.0
50
360.0
0
TEXT
5
1DC
330
1C
100
AcDbEntity
67
0
8
2 - окн федерального значения
62
7
6
ByLayer
370
-1
48
1.0
60
0
100
AcDbText
1
189
10
1394297.25777478
20
360449.085199516
30
0.0
40
0.31111111111
41
1.0
50
0.0
51
0.0
7
Standard
11
1394297.25777478
21
360449.085199516
31
0.0
210
0.0
220
0.0
230
1.0
71
0
72
0
100
AcDbText
73
0
0
POINT
5
1DD
330
1C
100
AcDbEntity
67
0
8
2 - окн федерального значения
62
256
6
ByLayer
370
-1
48
1.0
60
0
100
AcDbPoint
10
1394297.6724143
20
360447.906369954
30
0.0
39
0.0
210
0.0
220
0.0
230
1.0
50
360.0
0
TEXT
5
1DE
330
1C
100
AcDbEntity
67
0
8
2 - окн федерального значения
62
7
6
ByLayer
370
-1
48
1.0
60
0
100
AcDbText
1
190
10
1394297.8124143
20
360448.180814385
30
0.0
40
0.31111111111
41
1.0
50
0.0
51
0.0
7
Standard
11
1394297.8124143
21
360448.180814385
31
0.0
210
0.0
220
0.0
230
1.0
71
0
72
0
100
AcDbText
73
0
0
POINT
5
1DF
330
1C
100
AcDbEntity
67
0
8
2 - окн федерального значения
62
256
6
ByLayer
370
-1
48
1.0
60
0
100
AcDbPoint
10
1394297.13125955
20
360446.628552013
30
0.0
39
0.0
210
0.0
220
0.0
230
1.0
50
360.0
0
TEXT
5
1E0
330
1C
100
AcDbEntity
67
0
8
2 - окн федерального значения
62
7
6
ByLayer
370
-1
48
1.0
60
0
100
AcDbText
1
191
10
1394297.27125955
20
360446.902996443
30
0.0
40
0.31111111111
41
1.0
50
0.0
51
0.0
7
Standard
11
1394297.27125955
21
360446.902996443
31
0.0
210
0.0
220
0.0
230
1.0
71
0
72
0
100
AcDbText
73
0
0
POINT
5
1E1
330
1C
100
AcDbEntity
67
0
8
2 - окн федерального значения
62
256
6
ByLayer
370
-1
48
1.0
60
0
100
AcDbPoint
10
1394292.73235124
20
360436.241663822
30
0.0
39
0.0
210
0.0
220
0.0
230
1.0
50
360.0
0
TEXT
5
1E2
330
1C
100
AcDbEntity
67
0
8
2 - окн федерального значения
62
7
6
ByLayer
370
-1
48
1.0
60
0
100
AcDbText
1
192
10
1394292.87235124
20
360436.516108252
30
0.0
40
0.31111111111
41
1.0
50
0.0
51
0.0
7
Standard
11
1394292.87235124
21
360436.516108252
31
0.0
210
0.0
220
0.0
230
1.0
71
0
72
0
100
AcDbText
73
0
0
POINT
5
1E3
330
1C
100
AcDbEntity
67
0
8
2 - окн федерального значения
62
256
6
ByLayer
370
-1
48
1.0
60
0
100
AcDbPoint
10
1394292.4760693
20
360435.636520123
30
0.0
39
0.0
210
0.0
220
0.0
230
1.0
50
360.0
0
TEXT
5
1E4
330
1C
100
AcDbEntity
67
0
8
2 - окн федерального значения
62
7
6
ByLayer
370
-1
48
1.0
60
0
100
AcDbText
1
193
10
1394292.6160693
20
360435.910964554
30
0.0
40
0.31111111111
41
1.0
50
0.0
51
0.0
7
Standard
11
1394292.6160693
21
360435.910964554
31
0.0
210
0.0
220
0.0
230
1.0
71
0
72
0
100
AcDbText
73
0
0
POINT
5
1E5
330
1C
100
AcDbEntity
67
0
8
2 - окн федерального значения
62
256
6
ByLayer
370
-1
48
1.0
60
0
100
AcDbPoint
10
1394291.43379047
20
360435.441191689
30
0.0
39
0.0
210
0.0
220
0.0
230
1.0
50
360.0
0
TEXT
5
1E6
330
1C
100
AcDbEntity
67
0
8
2 - окн федерального значения
62
7
6
ByLayer
370
-1
48
1.0
60
0
100
AcDbText
1
194
10
1394291.57379047
20
360435.71563612
30
0.0
40
0.31111111111
41
1.0
50
0.0
51
0.0
7
Standard
11
1394291.57379047
21
360435.71563612
31
0.0
210
0.0
220
0.0
230
1.0
71
0
72
0
100
AcDbText
73
0
0
POINT
5
1E7
330
1C
100
AcDbEntity
67
0
8
2 - окн федерального значения
62
256
6
ByLayer
370
-1
48
1.0
60
0
100
AcDbPoint
10
1394290.48134019
20
360434.974997687
30
0.0
39
0.0
210
0.0
220
0.0
230
1.0
50
360.0
0
TEXT
5
1E8
330
1C
100
AcDbEntity
67
0
8
2 - окн федерального значения
62
7
6
ByLayer
370
-1
48
1.0
60
0
100
AcDbText
1
195
10
1394290.62134019
20
360435.249442117
30
0.0
40
0.31111111111
41
1.0
50
0.0
51
0.0
7
Standard
11
1394290.62134019
21
360435.249442117
31
0.0
210
0.0
220
0.0
230
1.0
71
0
72
0
100
AcDbText
73
0
0
POINT
5
1E9
330
1C
100
AcDbEntity
67
0
8
2 - окн федерального значения
62
256
6
ByLayer
370
-1
48
1.0
60
0
100
AcDbPoint
10
1394289.6876959
20
360434.271700363
30
0.0
39
0.0
210
0.0
220
0.0
230
1.0
50
360.0
0
TEXT
5
1EA
330
1C
100
AcDbEntity
67
0
8
2 - окн федерального значения
62
7
6
ByLayer
370
-1
48
1.0
60
0
100
AcDbText
1
196
10
1394289.8276959
20
360434.546144794
30
0.0
40
0.31111111111
41
1.0
50
0.0
51
0.0
7
Standard
11
1394289.8276959
21
360434.546144794
31
0.0
210
0.0
220
0.0
230
1.0
71
0
72
0
100
AcDbText
73
0
0
POINT
5
1EB
330
1C
100
AcDbEntity
67
0
8
2 - окн федерального значения
62
256
6
ByLayer
370
-1
48
1.0
60
0
100
AcDbPoint
10
1394289.11033414
20
360433.382233234
30
0.0
39
0.0
210
0.0
220
0.0
230
1.0
50
360.0
0
TEXT
5
1EC
330
1C
100
AcDbEntity
67
0
8
2 - окн федерального значения
62
7
6
ByLayer
370
-1
48
1.0
60
0
100
AcDbText
1
197
10
1394289.25033414
20
360433.656677665
30
0.0
40
0.31111111111
41
1.0
50
0.0
51
0.0
7
Standard
11
1394289.25033414
21
360433.656677665
31
0.0
210
0.0
220
0.0
230
1.0
71
0
72
0
100
AcDbText
73
0
0
POINT
5
1ED
330
1C
100
AcDbEntity
67
0
8
2 - окн федерального значения
62
256
6
ByLayer
370
-1
48
1.0
60
0
100
AcDbPoint
10
1394288.79106804
20
360432.371012422
30
0.0
39
0.0
210
0.0
220
0.0
230
1.0
50
360.0
0
TEXT
5
1EE
330
1C
100
AcDbEntity
67
0
8
2 - окн федерального значения
62
7
6
ByLayer
370
-1
48
1.0
60
0
100
AcDbText
1
198
10
1394288.93106804
20
360432.645456852
30
0.0
40
0.31111111111
41
1.0
50
0.0
51
0.0
7
Standard
11
1394288.93106804
21
360432.645456852
31
0.0
210
0.0
220
0.0
230
1.0
71
0
72
0
100
AcDbText
73
0
0
POINT
5
1EF
330
1C
100
AcDbEntity
67
0
8
2 - окн федерального значения
62
256
6
ByLayer
370
-1
48
1.0
60
0
100
AcDbPoint
10
1394288.75301917
20
360431.311271576
30
0.0
39
0.0
210
0.0
220
0.0
230
1.0
50
360.0
0
TEXT
5
1F0
330
1C
100
AcDbEntity
67
0
8
2 - окн федерального значения
62
7
6
ByLayer
370
-1
48
1.0
60
0
100
AcDbText
1
199
10
1394288.89301917
20
360431.585716007
30
0.0
40
0.31111111111
41
1.0
50
0.0
51
0.0
7
Standard
11
1394288.89301917
21
360431.585716007
31
0.0
210
0.0
220
0.0
230
1.0
71
0
72
0
100
AcDbText
73
0
0
POINT
5
1F1
330
1C
100
AcDbEntity
67
0
8
2 - окн федерального значения
62
256
6
ByLayer
370
-1
48
1.0
60
0
100
AcDbPoint
10
1394288.99894308
20
360430.279758218
30
0.0
39
0.0
210
0.0
220
0.0
230
1.0
50
360.0
0
TEXT
5
1F2
330
1C
100
AcDbEntity
67
0
8
2 - окн федерального значения
62
7
6
ByLayer
370
-1
48
1.0
60
0
100
AcDbText
1
200
10
1394289.13894308
20
360430.554202648
30
0.0
40
0.31111111111
41
1.0
50
0.0
51
0.0
7
Standard
11
1394289.13894308
21
360430.554202648
31
0.0
210
0.0
220
0.0
230
1.0
71
0
72
0
100
AcDbText
73
0
0
POINT
5
1F3
330
1C
100
AcDbEntity
67
0
8
2 - окн федерального значения
62
256
6
ByLayer
370
-1
48
1.0
60
0
100
AcDbPoint
10
1394289.51102969
20
360429.351175602
30
0.0
39
0.0
210
0.0
220
0.0
230
1.0
50
360.0
0
TEXT
5
1F4
330
1C
100
AcDbEntity
67
0
8
2 - окн федерального значения
62
7
6
ByLayer
370
-1
48
1.0
60
0
100
AcDbText
1
201
10
1394289.65102969
20
360429.625620033
30
0.0
40
0.31111111111
41
1.0
50
0.0
51
0.0
7
Standard
11
1394289.65102969
21
360429.625620033
31
0.0
210
0.0
220
0.0
230
1.0
71
0
72
0
100
AcDbText
73
0
0
POINT
5
1F5
330
1C
100
AcDbEntity
67
0
8
2 - окн федерального значения
62
256
6
ByLayer
370
-1
48
1.0
60
0
100
AcDbPoint
10
1394284.59942951
20
360417.879804693
30
0.0
39
0.0
210
0.0
220
0.0
230
1.0
50
360.0
0
TEXT
5
1F6
330
1C
100
AcDbEntity
67
0
8
2 - окн федерального значения
62
7
6
ByLayer
370
-1
48
1.0
60
0
100
AcDbText
1
202
10
1394284.73942951
20
360418.154249123
30
0.0
40
0.31111111111
41
1.0
50
0.0
51
0.0
7
Standard
11
1394284.73942951
21
360418.154249123
31
0.0
210
0.0
220
0.0
230
1.0
71
0
72
0
100
AcDbText
73
0
0
POINT
5
1F7
330
1C
100
AcDbEntity
67
0
8
2 - окн федерального значения
62
256
6
ByLayer
370
-1
48
1.0
60
0
100
AcDbPoint
10
1394283.55321149
20
360417.532894148
30
0.0
39
0.0
210
0.0
220
0.0
230
1.0
50
360.0
0
TEXT
5
1F8
330
1C
100
AcDbEntity
67
0
8
2 - окн федерального значения
62
7
6
ByLayer
370
-1
48
1.0
60
0
100
AcDbText
1
203
10
1394283.69321149
20
360417.807338578
30
0.0
40
0.31111111111
41
1.0
50
0.0
51
0.0
7
Standard
11
1394283.69321149
21
360417.807338578
31
0.0
210
0.0
220
0.0
230
1.0
71
0
72
0
100
AcDbText
73
0
0
POINT
5
1F9
330
1C
100
AcDbEntity
67
0
8
2 - окн федерального значения
62
256
6
ByLayer
370
-1
48
1.0
60
0
100
AcDbPoint
10
1394282.61706822
20
360416.951039505
30
0.0
39
0.0
210
0.0
220
0.0
230
1.0
50
360.0
0
TEXT
5
1FA
330
1C
100
AcDbEntity
67
0
8
2 - окн федерального значения
62
7
6
ByLayer
370
-1
48
1.0
60
0
100
AcDbText
1
204
10
1394282.75706822
20
360417.225483936
30
0.0
40
0.31111111111
41
1.0
50
0.0
51
0.0
7
Standard
11
1394282.75706822
21
360417.225483936
31
0.0
210
0.0
220
0.0
230
1.0
71
0
72
0
100
AcDbText
73
0
0
POINT
5
1FB
330
1C
100
AcDbEntity
67
0
8
2 - окн федерального значения
62
256
6
ByLayer
370
-1
48
1.0
60
0
100
AcDbPoint
10
1394281.84286869
20
360416.16647966
30
0.0
39
0.0
210
0.0
220
0.0
230
1.0
50
360.0
0
TEXT
5
1FC
330
1C
100
AcDbEntity
67
0
8
2 - окн федерального значения
62
7
6
ByLayer
370
-1
48
1.0
60
0
100
AcDbText
1
205
10
1394281.98286869
20
360416.440924091
30
0.0
40
0.31111111111
41
1.0
50
0.0
51
0.0
7
Standard
11
1394281.98286869
21
360416.440924091
31
0.0
210
0.0
220
0.0
230
1.0
71
0
72
0
100
AcDbText
73
0
0
POINT
5
1FD
330
1C
100
AcDbEntity
67
0
8
2 - окн федерального значения
62
256
6
ByLayer
370
-1
48
1.0
60
0
100
AcDbPoint
10
1394281.27350908
20
360415.222684821
30
0.0
39
0.0
210
0.0
220
0.0
230
1.0
50
360.0
0
TEXT
5
1FE
330
1C
100
AcDbEntity
67
0
8
2 - окн федерального значения
62
7
6
ByLayer
370
-1
48
1.0
60
0
100
AcDbText
1
206
10
1394281.41350908
20
360415.497129252
30
0.0
40
0.31111111111
41
1.0
50
0.0
51
0.0
7
Standard
11
1394281.41350908
21
360415.497129252
31
0.0
210
0.0
220
0.0
230
1.0
71
0
72
0
100
AcDbText
73
0
0
POINT
5
1FF
330
1C
100
AcDbEntity
67
0
8
2 - окн федерального значения
62
256
6
ByLayer
370
-1
48
1.0
60
0
100
AcDbPoint
10
1394280.94053598
20
360414.17194795
30
0.0
39
0.0
210
0.0
220
0.0
230
1.0
50
360.0
0
TEXT
5
200
330
1C
100
AcDbEntity
67
0
8
2 - окн федерального значения
62
7
6
ByLayer
370
-1
48
1.0
60
0
100
AcDbText
1
207
10
1394281.08053598
20
360414.446392381
30
0.0
40
0.31111111111
41
1.0
50
0.0
51
0.0
7
Standard
11
1394281.08053598
21
360414.446392381
31
0.0
210
0.0
220
0.0
230
1.0
71
0
72
0
100
AcDbText
73
0
0
POINT
5
201
330
1C
100
AcDbEntity
67
0
8
2 - окн федерального значения
62
256
6
ByLayer
370
-1
48
1.0
60
0
100
AcDbPoint
10
1394280.86239846
20
360413.072487361
30
0.0
39
0.0
210
0.0
220
0.0
230
1.0
50
360.0
0
TEXT
5
202
330
1C
100
AcDbEntity
67
0
8
2 - окн федерального значения
62
7
6
ByLayer
370
-1
48
1.0
60
0
100
AcDbText
1
208
10
1394281.00239846
20
360413.346931791
30
0.0
40
0.31111111111
41
1.0
50
0.0
51
0.0
7
Standard
11
1394281.00239846
21
360413.346931791
31
0.0
210
0.0
220
0.0
230
1.0
71
0
72
0
100
AcDbText
73
0
0
POINT
5
203
330
1C
100
AcDbEntity
67
0
8
2 - окн федерального значения
62
256
6
ByLayer
370
-1
48
1.0
60
0
100
AcDbPoint
10
1394281.0434259
20
360411.985221007
30
0.0
39
0.0
210
0.0
220
0.0
230
1.0
50
360.0
0
TEXT
5
204
330
1C
100
AcDbEntity
67
0
8
2 - окн федерального значения
62
7
6
ByLayer
370
-1
48
1.0
60
0
100
AcDbText
1
209
10
1394281.1834259
20
360412.259665437
30
0.0
40
0.31111111111
41
1.0
50
0.0
51
0.0
7
Standard
11
1394281.1834259
21
360412.259665437
31
0.0
210
0.0
220
0.0
230
1.0
71
0
72
0
100
AcDbText
73
0
0
POINT
5
205
330
1C
100
AcDbEntity
67
0
8
2 - окн федерального значения
62
256
6
ByLayer
370
-1
48
1.0
60
0
100
AcDbPoint
10
1394281.4735881
20
360410.970391195
30
0.0
39
0.0
210
0.0
220
0.0
230
1.0
50
360.0
0
TEXT
5
206
330
1C
100
AcDbEntity
67
0
8
2 - окн федерального значения
62
7
6
ByLayer
370
-1
48
1.0
60
0
100
AcDbText
1
210
10
1394281.6135881
20
360411.244835625
30
0.0
40
0.31111111111
41
1.0
50
0.0
51
0.0
7
Standard
11
1394281.6135881
21
360411.244835625
31
0.0
210
0.0
220
0.0
230
1.0
71
0
72
0
100
AcDbText
73
0
0
POINT
5
207
330
1C
100
AcDbEntity
67
0
8
2 - окн федерального значения
62
256
6
ByLayer
370
-1
48
1.0
60
0
100
AcDbPoint
10
1394281.12841254
20
360410.11579879
30
0.0
39
0.0
210
0.0
220
0.0
230
1.0
50
360.0
0
TEXT
5
208
330
1C
100
AcDbEntity
67
0
8
2 - окн федерального значения
62
7
6
ByLayer
370
-1
48
1.0
60
0
100
AcDbText
1
211
10
1394281.26841254
20
360410.39024322
30
0.0
40
0.31111111111
41
1.0
50
0.0
51
0.0
7
Standard
11
1394281.26841254
21
360410.39024322
31
0.0
210
0.0
220
0.0
230
1.0
71
0
72
0
100
AcDbText
73
0
0
POINT
5
209
330
1C
100
AcDbEntity
67
0
8
2 - окн федерального значения
62
256
6
ByLayer
370
-1
48
1.0
60
0
100
AcDbPoint
10
1394277.18204784
20
360400.345312245
30
0.0
39
0.0
210
0.0
220
0.0
230
1.0
50
360.0
0
TEXT
5
20A
330
1C
100
AcDbEntity
67
0
8
2 - окн федерального значения
62
7
6
ByLayer
370
-1
48
1.0
60
0
100
AcDbText
1
212
10
1394277.32204784
20
360400.619756676
30
0.0
40
0.31111111111
41
1.0
50
0.0
51
0.0
7
Standard
11
1394277.32204784
21
360400.619756676
31
0.0
210
0.0
220
0.0
230
1.0
71
0
72
0
100
AcDbText
73
0
0
POINT
5
20B
330
1C
100
AcDbEntity
67
0
8
2 - окн федерального значения
62
256
6
ByLayer
370
-1
48
1.0
60
0
100
AcDbPoint
10
1394277.75410246
20
360400.114255562
30
0.0
39
0.0
210
0.0
220
0.0
230
1.0
50
360.0
0
TEXT
5
20C
330
1C
100
AcDbEntity
67
0
8
2 - окн федерального значения
62
7
6
ByLayer
370
-1
48
1.0
60
0
100
AcDbText
1
213
10
1394277.89410246
20
360400.388699993
30
0.0
40
0.31111111111
41
1.0
50
0.0
51
0.0
7
Standard
11
1394277.89410246
21
360400.388699993
31
0.0
210
0.0
220
0.0
230
1.0
71
0
72
0
100
AcDbText
73
0
0
POINT
5
20D
330
1C
100
AcDbEntity
67
0
8
2 - окн федерального значения
62
256
6
ByLayer
370
-1
48
1.0
60
0
100
AcDbPoint
10
1394276.40407562
20
360399.835283458
30
0.0
39
0.0
210
0.0
220
0.0
230
1.0
50
360.0
0
TEXT
5
20E
330
1C
100
AcDbEntity
67
0
8
2 - окн федерального значения
62
7
6
ByLayer
370
-1
48
1.0
60
0
100
AcDbText
1
214
10
1394276.54407562
20
360400.109727888
30
0.0
40
0.31111111111
41
1.0
50
0.0
51
0.0
7
Standard
11
1394276.54407562
21
360400.109727888
31
0.0
210
0.0
220
0.0
230
1.0
71
0
72
0
100
AcDbText
73
0
0
POINT
5
20F
330
1C
100
AcDbEntity
67
0
8
2 - окн федерального значения
62
256
6
ByLayer
370
-1
48
1.0
60
0
100
AcDbPoint
10
1394275.21957738
20
360399.13004462
30
0.0
39
0.0
210
0.0
220
0.0
230
1.0
50
360.0
0
TEXT
5
210
330
1C
100
AcDbEntity
67
0
8
2 - окн федерального значения
62
7
6
ByLayer
370
-1
48
1.0
60
0
100
AcDbText
1
215
10
1394275.35957738
20
360399.404489051
30
0.0
40
0.31111111111
41
1.0
50
0.0
51
0.0
7
Standard
11
1394275.35957738
21
360399.404489051
31
0.0
210
0.0
220
0.0
230
1.0
71
0
72
0
100
AcDbText
73
0
0
POINT
5
211
330
1C
100
AcDbEntity
67
0
8
2 - окн федерального значения
62
256
6
ByLayer
370
-1
48
1.0
60
0
100
AcDbPoint
10
1394274.33093949
20
360398.07613732
30
0.0
39
0.0
210
0.0
220
0.0
230
1.0
50
360.0
0
TEXT
5
212
330
1C
100
AcDbEntity
67
0
8
2 - окн федерального значения
62
7
6
ByLayer
370
-1
48
1.0
60
0
100
AcDbText
1
216
10
1394274.47093949
20
360398.35058175
30
0.0
40
0.31111111111
41
1.0
50
0.0
51
0.0
7
Standard
11
1394274.47093949
21
360398.35058175
31
0.0
210
0.0
220
0.0
230
1.0
71
0
72
0
100
AcDbText
73
0
0
POINT
5
213
330
1C
100
AcDbEntity
67
0
8
2 - окн федерального значения
62
256
6
ByLayer
370
-1
48
1.0
60
0
100
AcDbPoint
10
1394273.83593983
20
360396.789524231
30
0.0
39
0.0
210
0.0
220
0.0
230
1.0
50
360.0
0
TEXT
5
214
330
1C
100
AcDbEntity
67
0
8
2 - окн федерального значения
62
7
6
ByLayer
370
-1
48
1.0
60
0
100
AcDbText
1
217
10
1394273.97593983
20
360397.063968661
30
0.0
40
0.31111111111
41
1.0
50
0.0
51
0.0
7
Standard
11
1394273.97593983
21
360397.063968661
31
0.0
210
0.0
220
0.0
230
1.0
71
0
72
0
100
AcDbText
73
0
0
POINT
5
215
330
1C
100
AcDbEntity
67
0
8
2 - окн федерального значения
62
256
6
ByLayer
370
-1
48
1.0
60
0
100
AcDbPoint
10
1394273.78904381
20
360395.411772925
30
0.0
39
0.0
210
0.0
220
0.0
230
1.0
50
360.0
0
TEXT
5
216
330
1C
100
AcDbEntity
67
0
8
2 - окн федерального значения
62
7
6
ByLayer
370
-1
48
1.0
60
0
100
AcDbText
1
218
10
1394273.92904381
20
360395.686217355
30
0.0
40
0.31111111111
41
1.0
50
0.0
51
0.0
7
Standard
11
1394273.92904381
21
360395.686217355
31
0.0
210
0.0
220
0.0
230
1.0
71
0
72
0
100
AcDbText
73
0
0
POINT
5
217
330
1C
100
AcDbEntity
67
0
8
2 - окн федерального значения
62
256
6
ByLayer
370
-1
48
1.0
60
0
100
AcDbPoint
10
1394274.19541145
20
360394.094479017
30
0.0
39
0.0
210
0.0
220
0.0
230
1.0
50
360.0
0
TEXT
5
218
330
1C
100
AcDbEntity
67
0
8
2 - окн федерального значения
62
7
6
ByLayer
370
-1
48
1.0
60
0
100
AcDbText
1
219
10
1394274.33541145
20
360394.368923448
30
0.0
40
0.31111111111
41
1.0
50
0.0
51
0.0
7
Standard
11
1394274.33541145
21
360394.368923448
31
0.0
210
0.0
220
0.0
230
1.0
71
0
72
0
100
AcDbText
73
0
0
POINT
5
219
330
1C
100
AcDbEntity
67
0
8
2 - окн федерального значения
62
256
6
ByLayer
370
-1
48
1.0
60
0
100
AcDbPoint
10
1394275.01032964
20
360392.982585927
30
0.0
39
0.0
210
0.0
220
0.0
230
1.0
50
360.0
0
TEXT
5
21A
330
1C
100
AcDbEntity
67
0
8
2 - окн федерального значения
62
7
6
ByLayer
370
-1
48
1.0
60
0
100
AcDbText
1
220
10
1394275.15032964
20
360393.257030357
30
0.0
40
0.31111111111
41
1.0
50
0.0
51
0.0
7
Standard
11
1394275.15032964
21
360393.257030357
31
0.0
210
0.0
220
0.0
230
1.0
71
0
72
0
100
AcDbText
73
0
0
POINT
5
21B
330
1C
100
AcDbEntity
67
0
8
2 - окн федерального значения
62
256
6
ByLayer
370
-1
48
1.0
60
0
100
AcDbPoint
10
1394276.14413196
20
360392.198436573
30
0.0
39
0.0
210
0.0
220
0.0
230
1.0
50
360.0
0
TEXT
5
21C
330
1C
100
AcDbEntity
67
0
8
2 - окн федерального значения
62
7
6
ByLayer
370
-1
48
1.0
60
0
100
AcDbText
1
221
10
1394276.28413196
20
360392.472881004
30
0.0
40
0.31111111111
41
1.0
50
0.0
51
0.0
7
Standard
11
1394276.28413196
21
360392.472881004
31
0.0
210
0.0
220
0.0
230
1.0
71
0
72
0
100
AcDbText
73
0
0
POINT
5
21D
330
1C
100
AcDbEntity
67
0
8
2 - окн федерального значения
62
256
6
ByLayer
370
-1
48
1.0
60
0
100
AcDbPoint
10
1394277.49018225
20
360392.005724807
30
0.0
39
0.0
210
0.0
220
0.0
230
1.0
50
360.0
0
TEXT
5
21E
330
1C
100
AcDbEntity
67
0
8
2 - окн федерального значения
62
7
6
ByLayer
370
-1
48
1.0
60
0
100
AcDbText
1
222
10
1394277.63018225
20
360392.280169238
30
0.0
40
0.31111111111
41
1.0
50
0.0
51
0.0
7
Standard
11
1394277.63018225
21
360392.280169238
31
0.0
210
0.0
220
0.0
230
1.0
71
0
72
0
100
AcDbText
73
0
0
POINT
5
21F
330
1C
100
AcDbEntity
67
0
8
2 - окн федерального значения
62
256
6
ByLayer
370
-1
48
1.0
60
0
100
AcDbPoint
10
1394278.82711584
20
360392.253913847
30
0.0
39
0.0
210
0.0
220
0.0
230
1.0
50
360.0
0
TEXT
5
220
330
1C
100
AcDbEntity
67
0
8
2 - окн федерального значения
62
7
6
ByLayer
370
-1
48
1.0
60
0
100
AcDbText
1
223
10
1394278.96711584
20
360392.528358277
30
0.0
40
0.31111111111
41
1.0
50
0.0
51
0.0
7
Standard
11
1394278.96711584
21
360392.528358277
31
0.0
210
0.0
220
0.0
230
1.0
71
0
72
0
100
AcDbText
73
0
0
POINT
5
221
330
1C
100
AcDbEntity
67
0
8
2 - окн федерального значения
62
256
6
ByLayer
370
-1
48
1.0
60
0
100
AcDbPoint
10
1394280.01431409
20
360392.916899176
30
0.0
39
0.0
210
0.0
220
0.0
230
1.0
50
360.0
0
TEXT
5
222
330
1C
100
AcDbEntity
67
0
8
2 - окн федерального значения
62
7
6
ByLayer
370
-1
48
1.0
60
0
100
AcDbText
1
224
10
1394280.15431409
20
360393.191343606
30
0.0
40
0.31111111111
41
1.0
50
0.0
51
0.0
7
Standard
11
1394280.15431409
21
360393.191343606
31
0.0
210
0.0
220
0.0
230
1.0
71
0
72
0
100
AcDbText
73
0
0
POINT
5
223
330
1C
100
AcDbEntity
67
0
8
2 - окн федерального значения
62
256
6
ByLayer
370
-1
48
1.0
60
0
100
AcDbPoint
10
1394280.92690752
20
360393.924948016
30
0.0
39
0.0
210
0.0
220
0.0
230
1.0
50
360.0
0
TEXT
5
224
330
1C
100
AcDbEntity
67
0
8
2 - окн федерального значения
62
7
6
ByLayer
370
-1
48
1.0
60
0
100
AcDbText
1
225
10
1394281.06690752
20
360394.199392446
30
0.0
40
0.31111111111
41
1.0
50
0.0
51
0.0
7
Standard
11
1394281.06690752
21
360394.199392446
31
0.0
210
0.0
220
0.0
230
1.0
71
0
72
0
100
AcDbText
73
0
0
POINT
5
225
330
1C
100
AcDbEntity
67
0
8
2 - окн федерального значения
62
256
6
ByLayer
370
-1
48
1.0
60
0
100
AcDbPoint
10
1394281.46890957
20
360395.172033818
30
0.0
39
0.0
210
0.0
220
0.0
230
1.0
50
360.0
0
TEXT
5
226
330
1C
100
AcDbEntity
67
0
8
2 - окн федерального значения
62
7
6
ByLayer
370
-1
48
1.0
60
0
100
AcDbText
1
226
10
1394281.60890957
20
360395.446478249
30
0.0
40
0.31111111111
41
1.0
50
0.0
51
0.0
7
Standard
11
1394281.60890957
21
360395.446478249
31
0.0
210
0.0
220
0.0
230
1.0
71
0
72
0
100
AcDbText
73
0
0
POINT
5
227
330
1C
100
AcDbEntity
67
0
8
2 - окн федерального значения
62
256
6
ByLayer
370
-1
48
1.0
60
0
100
AcDbPoint
10
1394281.58331249
20
360396.526988133
30
0.0
39
0.0
210
0.0
220
0.0
230
1.0
50
360.0
0
TEXT
5
228
330
1C
100
AcDbEntity
67
0
8
2 - окн федерального значения
62
7
6
ByLayer
370
-1
48
1.0
60
0
100
AcDbText
1
227
10
1394281.72331249
20
360396.801432564
30
0.0
40
0.31111111111
41
1.0
50
0.0
51
0.0
7
Standard
11
1394281.72331249
21
360396.801432564
31
0.0
210
0.0
220
0.0
230
1.0
71
0
72
0
100
AcDbText
73
0
0
POINT
5
229
330
1C
100
AcDbEntity
67
0
8
2 - окн федерального значения
62
256
6
ByLayer
370
-1
48
1.0
60
0
100
AcDbPoint
10
1394281.25808338
20
360397.847296904
30
0.0
39
0.0
210
0.0
220
0.0
230
1.0
50
360.0
0
TEXT
5
22A
330
1C
100
AcDbEntity
67
0
8
2 - окн федерального значения
62
7
6
ByLayer
370
-1
48
1.0
60
0
100
AcDbText
1
228
10
1394281.39808338
20
360398.121741335
30
0.0
40
0.31111111111
41
1.0
50
0.0
51
0.0
7
Standard
11
1394281.39808338
21
360398.121741335
31
0.0
210
0.0
220
0.0
230
1.0
71
0
72
0
100
AcDbText
73
0
0
POINT
5
22B
330
1C
100
AcDbEntity
67
0
8
2 - окн федерального значения
62
256
6
ByLayer
370
-1
48
1.0
60
0
100
AcDbPoint
10
1394280.52742983
20
360398.994090091
30
0.0
39
0.0
210
0.0
220
0.0
230
1.0
50
360.0
0
TEXT
5
22C
330
1C
100
AcDbEntity
67
0
8
2 - окн федерального значения
62
7
6
ByLayer
370
-1
48
1.0
60
0
100
AcDbText
1
229
10
1394280.66742983
20
360399.268534521
30
0.0
40
0.31111111111
41
1.0
50
0.0
51
0.0
7
Standard
11
1394280.66742983
21
360399.268534521
31
0.0
210
0.0
220
0.0
230
1.0
71
0
72
0
100
AcDbText
73
0
0
POINT
5
22D
330
1C
100
AcDbEntity
67
0
8
2 - окн федерального значения
62
256
6
ByLayer
370
-1
48
1.0
60
0
100
AcDbPoint
10
1394286.8567877
20
360396.437620081
30
0.0
39
0.0
210
0.0
220
0.0
230
1.0
50
360.0
0
TEXT
5
22E
330
1C
100
AcDbEntity
67
0
8
2 - окн федерального значения
62
7
6
ByLayer
370
-1
48
1.0
60
0
100
AcDbText
1
230
10
1394286.9967877
20
360396.712064511
30
0.0
40
0.31111111111
41
1.0
50
0.0
51
0.0
7
Standard
11
1394286.9967877
21
360396.712064511
31
0.0
210
0.0
220
0.0
230
1.0
71
0
72
0
100
AcDbText
73
0
0
POINT
5
22F
330
1C
100
AcDbEntity
67
0
8
2 - окн федерального значения
62
256
6
ByLayer
370
-1
48
1.0
60
0
100
AcDbPoint
10
1394290.4901327
20
360405.950318594
30
0.0
39
0.0
210
0.0
220
0.0
230
1.0
50
360.0
0
TEXT
5
230
330
1C
100
AcDbEntity
67
0
8
2 - окн федерального значения
62
7
6
ByLayer
370
-1
48
1.0
60
0
100
AcDbText
1
231
10
1394290.6301327
20
360406.224763024
30
0.0
40
0.31111111111
41
1.0
50
0.0
51
0.0
7
Standard
11
1394290.6301327
21
360406.224763024
31
0.0
210
0.0
220
0.0
230
1.0
71
0
72
0
100
AcDbText
73
0
0
POINT
5
231
330
1C
100
AcDbEntity
67
0
8
2 - окн федерального значения
62
256
6
ByLayer
370
-1
48
1.0
60
0
100
AcDbPoint
10
1394290.41885112
20
360406.363328753
30
0.0
39
0.0
210
0.0
220
0.0
230
1.0
50
360.0
0
TEXT
5
232
330
1C
100
AcDbEntity
67
0
8
2 - окн федерального значения
62
7
6
ByLayer
370
-1
48
1.0
60
0
100
AcDbText
1
232
10
1394290.55885112
20
360406.637773184
30
0.0
40
0.31111111111
41
1.0
50
0.0
51
0.0
7
Standard
11
1394290.55885112
21
360406.637773184
31
0.0
210
0.0
220
0.0
230
1.0
71
0
72
0
100
AcDbText
73
0
0
POINT
5
233
330
1C
100
AcDbEntity
67
0
8
2 - окн федерального значения
62
256
6
ByLayer
370
-1
48
1.0
60
0
100
AcDbPoint
10
1394284.18587813
20
360408.880868077
30
0.0
39
0.0
210
0.0
220
0.0
230
1.0
50
360.0
0
TEXT
5
234
330
1C
100
AcDbEntity
67
0
8
2 - окн федерального значения
62
7
6
ByLayer
370
-1
48
1.0
60
0
100
AcDbText
1
233
10
1394284.32587813
20
360409.155312507
30
0.0
40
0.31111111111
41
1.0
50
0.0
51
0.0
7
Standard
11
1394284.32587813
21
360409.155312507
31
0.0
210
0.0
220
0.0
230
1.0
71
0
72
0
100
AcDbText
73
0
0
POINT
5
235
330
1C
100
AcDbEntity
67
0
8
2 - окн федерального значения
62
256
6
ByLayer
370
-1
48
1.0
60
0
100
AcDbPoint
10
1394284.39584451
20
360409.400706943
30
0.0
39
0.0
210
0.0
220
0.0
230
1.0
50
360.0
0
TEXT
5
236
330
1C
100
AcDbEntity
67
0
8
2 - окн федерального значения
62
7
6
ByLayer
370
-1
48
1.0
60
0
100
AcDbText
1
234
10
1394284.53584451
20
360409.675151374
30
0.0
40
0.31111111111
41
1.0
50
0.0
51
0.0
7
Standard
11
1394284.53584451
21
360409.675151374
31
0.0
210
0.0
220
0.0
230
1.0
71
0
72
0
100
AcDbText
73
0
0
POINT
5
237
330
1C
100
AcDbEntity
67
0
8
2 - окн федерального значения
62
256
6
ByLayer
370
-1
48
1.0
60
0
100
AcDbPoint
10
1394285.73642721
20
360409.526443933
30
0.0
39
0.0
210
0.0
220
0.0
230
1.0
50
360.0
0
TEXT
5
238
330
1C
100
AcDbEntity
67
0
8
2 - окн федерального значения
62
7
6
ByLayer
370
-1
48
1.0
60
0
100
AcDbText
1
235
10
1394285.87642721
20
360409.800888363
30
0.0
40
0.31111111111
41
1.0
50
0.0
51
0.0
7
Standard
11
1394285.87642721
21
360409.800888363
31
0.0
210
0.0
220
0.0
230
1.0
71
0
72
0
100
AcDbText
73
0
0
POINT
5
239
330
1C
100
AcDbEntity
67
0
8
2 - окн федерального значения
62
256
6
ByLayer
370
-1
48
1.0
60
0
100
AcDbPoint
10
1394286.97239187
20
360410.060637836
30
0.0
39
0.0
210
0.0
220
0.0
230
1.0
50
360.0
0
TEXT
5
23A
330
1C
100
AcDbEntity
67
0
8
2 - окн федерального значения
62
7
6
ByLayer
370
-1
48
1.0
60
0
100
AcDbText
1
236
10
1394287.11239187
20
360410.335082266
30
0.0
40
0.31111111111
41
1.0
50
0.0
51
0.0
7
Standard
11
1394287.11239187
21
360410.335082266
31
0.0
210
0.0
220
0.0
230
1.0
71
0
72
0
100
AcDbText
73
0
0
POINT
5
23B
330
1C
100
AcDbEntity
67
0
8
2 - окн федерального значения
62
256
6
ByLayer
370
-1
48
1.0
60
0
100
AcDbPoint
10
1394287.98253846
20
360410.950905017
30
0.0
39
0.0
210
0.0
220
0.0
230
1.0
50
360.0
0
TEXT
5
23C
330
1C
100
AcDbEntity
67
0
8
2 - окн федерального значения
62
7
6
ByLayer
370
-1
48
1.0
60
0
100
AcDbText
1
237
10
1394288.12253846
20
360411.225349447
30
0.0
40
0.31111111111
41
1.0
50
0.0
51
0.0
7
Standard
11
1394288.12253846
21
360411.225349447
31
0.0
210
0.0
220
0.0
230
1.0
71
0
72
0
100
AcDbText
73
0
0
POINT
5
23D
330
1C
100
AcDbEntity
67
0
8
2 - окн федерального значения
62
256
6
ByLayer
370
-1
48
1.0
60
0
100
AcDbPoint
10
1394288.66781089
20
360412.109944908
30
0.0
39
0.0
210
0.0
220
0.0
230
1.0
50
360.0
0
TEXT
5
23E
330
1C
100
AcDbEntity
67
0
8
2 - окн федерального значения
62
7
6
ByLayer
370
-1
48
1.0
60
0
100
AcDbText
1
238
10
1394288.80781089
20
360412.384389338
30
0.0
40
0.31111111111
41
1.0
50
0.0
51
0.0
7
Standard
11
1394288.80781089
21
360412.384389338
31
0.0
210
0.0
220
0.0
230
1.0
71
0
72
0
100
AcDbText
73
0
0
POINT
5
23F
330
1C
100
AcDbEntity
67
0
8
2 - окн федерального значения
62
256
6
ByLayer
370
-1
48
1.0
60
0
100
AcDbPoint
10
1394288.96101061
20
360413.424100796
30
0.0
39
0.0
210
0.0
220
0.0
230
1.0
50
360.0
0
TEXT
5
240
330
1C
100
AcDbEntity
67
0
8
2 - окн федерального значения
62
7
6
ByLayer
370
-1
48
1.0
60
0
100
AcDbText
1
239
10
1394289.10101061
20
360413.698545226
30
0.0
40
0.31111111111
41
1.0
50
0.0
51
0.0
7
Standard
11
1394289.10101061
21
360413.698545226
31
0.0
210
0.0
220
0.0
230
1.0
71
0
72
0
100
AcDbText
73
0
0
POINT
5
241
330
1C
100
AcDbEntity
67
0
8
2 - окн федерального значения
62
256
6
ByLayer
370
-1
48
1.0
60
0
100
AcDbPoint
10
1394288.83338613
20
360414.764505125
30
0.0
39
0.0
210
0.0
220
0.0
230
1.0
50
360.0
0
TEXT
5
242
330
1C
100
AcDbEntity
67
0
8
2 - окн федерального значения
62
7
6
ByLayer
370
-1
48
1.0
60
0
100
AcDbText
1
240
10
1394288.97338613
20
360415.038949556
30
0.0
40
0.31111111111
41
1.0
50
0.0
51
0.0
7
Standard
11
1394288.97338613
21
360415.038949556
31
0.0
210
0.0
220
0.0
230
1.0
71
0
72
0
100
AcDbText
73
0
0
POINT
5
243
330
1C
100
AcDbEntity
67
0
8
2 - окн федерального значения
62
256
6
ByLayer
370
-1
48
1.0
60
0
100
AcDbPoint
10
1394288.29745245
20
360415.999716389
30
0.0
39
0.0
210
0.0
220
0.0
230
1.0
50
360.0
0
TEXT
5
244
330
1C
100
AcDbEntity
67
0
8
2 - окн федерального значения
62
7
6
ByLayer
370
-1
48
1.0
60
0
100
AcDbText
1
241
10
1394288.43745245
20
360416.274160819
30
0.0
40
0.31111111111
41
1.0
50
0.0
51
0.0
7
Standard
11
1394288.43745245
21
360416.274160819
31
0.0
210
0.0
220
0.0
230
1.0
71
0
72
0
100
AcDbText
73
0
0
POINT
5
245
330
1C
100
AcDbEntity
67
0
8
2 - окн федерального значения
62
256
6
ByLayer
370
-1
48
1.0
60
0
100
AcDbPoint
10
1394287.40576381
20
360417.008608426
30
0.0
39
0.0
210
0.0
220
0.0
230
1.0
50
360.0
0
TEXT
5
246
330
1C
100
AcDbEntity
67
0
8
2 - окн федерального значения
62
7
6
ByLayer
370
-1
48
1.0
60
0
100
AcDbText
1
242
10
1394287.54576381
20
360417.283052857
30
0.0
40
0.31111111111
41
1.0
50
0.0
51
0.0
7
Standard
11
1394287.54576381
21
360417.283052857
31
0.0
210
0.0
220
0.0
230
1.0
71
0
72
0
100
AcDbText
73
0
0
POINT
5
247
330
1C
100
AcDbEntity
67
0
8
2 - окн федерального значения
62
256
6
ByLayer
370
-1
48
1.0
60
0
100
AcDbPoint
10
1394287.55302319
20
360417.373387356
30
0.0
39
0.0
210
0.0
220
0.0
230
1.0
50
360.0
0
TEXT
5
248
330
1C
100
AcDbEntity
67
0
8
2 - окн федерального значения
62
7
6
ByLayer
370
-1
48
1.0
60
0
100
AcDbText
1
243
10
1394287.69302319
20
360417.647831787
30
0.0
40
0.31111111111
41
1.0
50
0.0
51
0.0
7
Standard
11
1394287.69302319
21
360417.647831787
31
0.0
210
0.0
220
0.0
230
1.0
71
0
72
0
100
AcDbText
73
0
0
POINT
5
249
330
1C
100
AcDbEntity
67
0
8
2 - окн федерального значения
62
256
6
ByLayer
370
-1
48
1.0
60
0
100
AcDbPoint
10
1394292.13292222
20
360415.524505576
30
0.0
39
0.0
210
0.0
220
0.0
230
1.0
50
360.0
0
TEXT
5
24A
330
1C
100
AcDbEntity
67
0
8
2 - окн федерального значения
62
7
6
ByLayer
370
-1
48
1.0
60
0
100
AcDbText
1
244
10
1394292.27292222
20
360415.798950007
30
0.0
40
0.31111111111
41
1.0
50
0.0
51
0.0
7
Standard
11
1394292.27292222
21
360415.798950007
31
0.0
210
0.0
220
0.0
230
1.0
71
0
72
0
100
AcDbText
73
0
0
POINT
5
24B
330
1C
100
AcDbEntity
67
0
8
2 - окн федерального значения
62
256
6
ByLayer
370
-1
48
1.0
60
0
100
AcDbPoint
10
1394293.05639153
20
360417.812048365
30
0.0
39
0.0
210
0.0
220
0.0
230
1.0
50
360.0
0
TEXT
5
24C
330
1C
100
AcDbEntity
67
0
8
2 - окн федерального значения
62
7
6
ByLayer
370
-1
48
1.0
60
0
100
AcDbText
1
245
10
1394293.19639153
20
360418.086492795
30
0.0
40
0.31111111111
41
1.0
50
0.0
51
0.0
7
Standard
11
1394293.19639153
21
360418.086492795
31
0.0
210
0.0
220
0.0
230
1.0
71
0
72
0
100
AcDbText
73
0
0
POINT
5
24D
330
1C
100
AcDbEntity
67
0
8
2 - окн федерального значения
62
256
6
ByLayer
370
-1
48
1.0
60
0
100
AcDbPoint
10
1394296.11006174
20
360416.579297348
30
0.0
39
0.0
210
0.0
220
0.0
230
1.0
50
360.0
0
TEXT
5
24E
330
1C
100
AcDbEntity
67
0
8
2 - окн федерального значения
62
7
6
ByLayer
370
-1
48
1.0
60
0
100
AcDbText
1
246
10
1394296.25006174
20
360416.853741778
30
0.0
40
0.31111111111
41
1.0
50
0.0
51
0.0
7
Standard
11
1394296.25006174
21
360416.853741778
31
0.0
210
0.0
220
0.0
230
1.0
71
0
72
0
100
AcDbText
73
0
0
POINT
5
24F
330
1C
100
AcDbEntity
67
0
8
2 - окн федерального значения
62
256
6
ByLayer
370
-1
48
1.0
60
0
100
AcDbPoint
10
1394298.22295811
20
360421.813191871
30
0.0
39
0.0
210
0.0
220
0.0
230
1.0
50
360.0
0
TEXT
5
250
330
1C
100
AcDbEntity
67
0
8
2 - окн федерального значения
62
7
6
ByLayer
370
-1
48
1.0
60
0
100
AcDbText
1
247
10
1394298.36295811
20
360422.087636301
30
0.0
40
0.31111111111
41
1.0
50
0.0
51
0.0
7
Standard
11
1394298.36295811
21
360422.087636301
31
0.0
210
0.0
220
0.0
230
1.0
71
0
72
0
100
AcDbText
73
0
0
POINT
5
251
330
1C
100
AcDbEntity
67
0
8
2 - окн федерального значения
62
256
6
ByLayer
370
-1
48
1.0
60
0
100
AcDbPoint
10
1394295.43472637
20
360422.938786696
30
0.0
39
0.0
210
0.0
220
0.0
230
1.0
50
360.0
0
TEXT
5
252
330
1C
100
AcDbEntity
67
0
8
2 - окн федерального значения
62
7
6
ByLayer
370
-1
48
1.0
60
0
100
AcDbText
1
248
10
1394295.57472637
20
360423.213231126
30
0.0
40
0.31111111111
41
1.0
50
0.0
51
0.0
7
Standard
11
1394295.57472637
21
360423.213231126
31
0.0
210
0.0
220
0.0
230
1.0
71
0
72
0
100
AcDbText
73
0
0
POINT
5
253
330
1C
100
AcDbEntity
67
0
8
2 - окн федерального значения
62
256
6
ByLayer
370
-1
48
1.0
60
0
100
AcDbPoint
10
1394296.48498061
20
360425.540390939
30
0.0
39
0.0
210
0.0
220
0.0
230
1.0
50
360.0
0
TEXT
5
254
330
1C
100
AcDbEntity
67
0
8
2 - окн федерального значения
62
7
6
ByLayer
370
-1
48
1.0
60
0
100
AcDbText
1
249
10
1394296.62498061
20
360425.814835369
30
0.0
40
0.31111111111
41
1.0
50
0.0
51
0.0
7
Standard
11
1394296.62498061
21
360425.814835369
31
0.0
210
0.0
220
0.0
230
1.0
71
0
72
0
100
AcDbText
73
0
0
POINT
5
255
330
1C
100
AcDbEntity
67
0
8
2 - окн федерального значения
62
256
6
ByLayer
370
-1
48
1.0
60
0
100
AcDbPoint
10
1394291.58567564
20
360427.518215117
30
0.0
39
0.0
210
0.0
220
0.0
230
1.0
50
360.0
0
TEXT
5
256
330
1C
100
AcDbEntity
67
0
8
2 - окн федерального значения
62
7
6
ByLayer
370
-1
48
1.0
60
0
100
AcDbText
1
250
10
1394291.72567564
20
360427.792659548
30
0.0
40
0.31111111111
41
1.0
50
0.0
51
0.0
7
Standard
11
1394291.72567564
21
360427.792659548
31
0.0
210
0.0
220
0.0
230
1.0
71
0
72
0
100
AcDbText
73
0
0
POINT
5
257
330
1C
100
AcDbEntity
67
0
8
2 - окн федерального значения
62
256
6
ByLayer
370
-1
48
1.0
60
0
100
AcDbPoint
10
1394291.72891922
20
360427.873046441
30
0.0
39
0.0
210
0.0
220
0.0
230
1.0
50
360.0
0
TEXT
5
258
330
1C
100
AcDbEntity
67
0
8
2 - окн федерального значения
62
7
6
ByLayer
370
-1
48
1.0
60
0
100
AcDbText
1
251
10
1394291.86891921
20
360428.147490871
30
0.0
40
0.31111111111
41
1.0
50
0.0
51
0.0
7
Standard
11
1394291.86891921
21
360428.147490871
31
0.0
210
0.0
220
0.0
230
1.0
71
0
72
0
100
AcDbText
73
0
0
POINT
5
259
330
1C
100
AcDbEntity
67
0
8
2 - окн федерального значения
62
256
6
ByLayer
370
-1
48
1.0
60
0
100
AcDbPoint
10
1394293.05540678
20
360427.773727866
30
0.0
39
0.0
210
0.0
220
0.0
230
1.0
50
360.0
0
TEXT
5
25A
330
1C
100
AcDbEntity
67
0
8
2 - окн федерального значения
62
7
6
ByLayer
370
-1
48
1.0
60
0
100
AcDbText
1
252
10
1394293.19540678
20
360428.048172297
30
0.0
40
0.31111111111
41
1.0
50
0.0
51
0.0
7
Standard
11
1394293.19540678
21
360428.048172297
31
0.0
210
0.0
220
0.0
230
1.0
71
0
72
0
100
AcDbText
73
0
0
POINT
5
25B
330
1C
100
AcDbEntity
67
0
8
2 - окн федерального значения
62
256
6
ByLayer
370
-1
48
1.0
60
0
100
AcDbPoint
10
1394294.33969059
20
360428.12020807
30
0.0
39
0.0
210
0.0
220
0.0
230
1.0
50
360.0
0
TEXT
5
25C
330
1C
100
AcDbEntity
67
0
8
2 - окн федерального значения
62
7
6
ByLayer
370
-1
48
1.0
60
0
100
AcDbText
1
253
10
1394294.47969059
20
360428.3946525
30
0.0
40
0.31111111111
41
1.0
50
0.0
51
0.0
7
Standard
11
1394294.47969059
21
360428.3946525
31
0.0
210
0.0
220
0.0
230
1.0
71
0
72
0
100
AcDbText
73
0
0
POINT
5
25D
330
1C
100
AcDbEntity
67
0
8
2 - окн федерального значения
62
256
6
ByLayer
370
-1
48
1.0
60
0
100
AcDbPoint
10
1394295.4362316
20
360428.873222836
30
0.0
39
0.0
210
0.0
220
0.0
230
1.0
50
360.0
0
TEXT
5
25E
330
1C
100
AcDbEntity
67
0
8
2 - окн федерального значения
62
7
6
ByLayer
370
-1
48
1.0
60
0
100
AcDbText
1
254
10
1394295.5762316
20
360429.147667267
30
0.0
40
0.31111111111
41
1.0
50
0.0
51
0.0
7
Standard
11
1394295.5762316
21
360429.147667267
31
0.0
210
0.0
220
0.0
230
1.0
71
0
72
0
100
AcDbText
73
0
0
POINT
5
25F
330
1C
100
AcDbEntity
67
0
8
2 - окн федерального значения
62
256
6
ByLayer
370
-1
48
1.0
60
0
100
AcDbPoint
10
1394296.22076638
20
360429.947438187
30
0.0
39
0.0
210
0.0
220
0.0
230
1.0
50
360.0
0
TEXT
5
260
330
1C
100
AcDbEntity
67
0
8
2 - окн федерального значения
62
7
6
ByLayer
370
-1
48
1.0
60
0
100
AcDbText
1
255
10
1394296.36076638
20
360430.221882617
30
0.0
40
0.31111111111
41
1.0
50
0.0
51
0.0
7
Standard
11
1394296.36076638
21
360430.221882617
31
0.0
210
0.0
220
0.0
230
1.0
71
0
72
0
100
AcDbText
73
0
0
POINT
5
261
330
1C
100
AcDbEntity
67
0
8
2 - окн федерального значения
62
256
6
ByLayer
370
-1
48
1.0
60
0
100
AcDbPoint
10
1394296.60438899
20
360431.221120692
30
0.0
39
0.0
210
0.0
220
0.0
230
1.0
50
360.0
0
TEXT
5
262
330
1C
100
AcDbEntity
67
0
8
2 - окн федерального значения
62
7
6
ByLayer
370
-1
48
1.0
60
0
100
AcDbText
1
256
10
1394296.74438899
20
360431.495565122
30
0.0
40
0.31111111111
41
1.0
50
0.0
51
0.0
7
Standard
11
1394296.74438899
21
360431.495565122
31
0.0
210
0.0
220
0.0
230
1.0
71
0
72
0
100
AcDbText
73
0
0
POINT
5
263
330
1C
100
AcDbEntity
67
0
8
2 - окн федерального значения
62
256
6
ByLayer
370
-1
48
1.0
60
0
100
AcDbPoint
10
1394296.54362613
20
360432.549932683
30
0.0
39
0.0
210
0.0
220
0.0
230
1.0
50
360.0
0
TEXT
5
264
330
1C
100
AcDbEntity
67
0
8
2 - окн федерального значения
62
7
6
ByLayer
370
-1
48
1.0
60
0
100
AcDbText
1
257
10
1394296.68362613
20
360432.824377114
30
0.0
40
0.31111111111
41
1.0
50
0.0
51
0.0
7
Standard
11
1394296.68362613
21
360432.824377114
31
0.0
210
0.0
220
0.0
230
1.0
71
0
72
0
100
AcDbText
73
0
0
POINT
5
265
330
1C
100
AcDbEntity
67
0
8
2 - окн федерального значения
62
256
6
ByLayer
370
-1
48
1.0
60
0
100
AcDbPoint
10
1394296.04536364
20
360433.783289047
30
0.0
39
0.0
210
0.0
220
0.0
230
1.0
50
360.0
0
TEXT
5
266
330
1C
100
AcDbEntity
67
0
8
2 - окн федерального значения
62
7
6
ByLayer
370
-1
48
1.0
60
0
100
AcDbText
1
258
10
1394296.18536364
20
360434.057733478
30
0.0
40
0.31111111111
41
1.0
50
0.0
51
0.0
7
Standard
11
1394296.18536364
21
360434.057733478
31
0.0
210
0.0
220
0.0
230
1.0
71
0
72
0
100
AcDbText
73
0
0
POINT
5
267
330
1C
100
AcDbEntity
67
0
8
2 - окн федерального значения
62
256
6
ByLayer
370
-1
48
1.0
60
0
100
AcDbPoint
10
1394295.16606617
20
360434.781422
30
0.0
39
0.0
210
0.0
220
0.0
230
1.0
50
360.0
0
TEXT
5
268
330
1C
100
AcDbEntity
67
0
8
2 - окн федерального значения
62
7
6
ByLayer
370
-1
48
1.0
60
0
100
AcDbText
1
259
10
1394295.30606617
20
360435.05586643
30
0.0
40
0.31111111111
41
1.0
50
0.0
51
0.0
7
Standard
11
1394295.30606617
21
360435.05586643
31
0.0
210
0.0
220
0.0
230
1.0
71
0
72
0
100
AcDbText
73
0
0
POINT
5
269
330
1C
100
AcDbEntity
67
0
8
2 - окн федерального значения
62
256
6
ByLayer
370
-1
48
1.0
60
0
100
AcDbPoint
10
1394295.3199
20
360435.144660919
30
0.0
39
0.0
210
0.0
220
0.0
230
1.0
50
360.0
0
TEXT
5
26A
330
1C
100
AcDbEntity
67
0
8
2 - окн федерального значения
62
7
6
ByLayer
370
-1
48
1.0
60
0
100
AcDbText
1
260
10
1394295.4599
20
360435.41910535
30
0.0
40
0.31111111111
41
1.0
50
0.0
51
0.0
7
Standard
11
1394295.4599
21
360435.41910535
31
0.0
210
0.0
220
0.0
230
1.0
71
0
72
0
100
AcDbText
73
0
0
POINT
5
26B
330
1C
100
AcDbEntity
67
0
8
2 - окн федерального значения
62
256
6
ByLayer
370
-1
48
1.0
60
0
100
AcDbPoint
10
1394302.41517903
20
360432.1397683
30
0.0
39
0.0
210
0.0
220
0.0
230
1.0
50
360.0
0
TEXT
5
26C
330
1C
100
AcDbEntity
67
0
8
2 - окн федерального значения
62
7
6
ByLayer
370
-1
48
1.0
60
0
100
AcDbText
1
261
10
1394302.55517903
20
360432.41421273
30
0.0
40
0.31111111111
41
1.0
50
0.0
51
0.0
7
Standard
11
1394302.55517903
21
360432.41421273
31
0.0
210
0.0
220
0.0
230
1.0
71
0
72
0
100
AcDbText
73
0
0
POINT
5
26D
330
1C
100
AcDbEntity
67
0
8
2 - окн федерального значения
62
256
6
ByLayer
370
-1
48
1.0
60
0
100
AcDbPoint
10
1394306.81450437
20
360442.5276409
30
0.0
39
0.0
210
0.0
220
0.0
230
1.0
50
360.0
0
TEXT
5
26E
330
1C
100
AcDbEntity
67
0
8
2 - окн федерального значения
62
7
6
ByLayer
370
-1
48
1.0
60
0
100
AcDbText
1
262
10
1394306.95450437
20
360442.80208533
30
0.0
40
0.31111111111
41
1.0
50
0.0
51
0.0
7
Standard
11
1394306.95450437
21
360442.80208533
31
0.0
210
0.0
220
0.0
230
1.0
71
0
72
0
100
AcDbText
73
0
0
POINT
5
26F
330
1C
100
AcDbEntity
67
0
8
2 - окн федерального значения
62
256
6
ByLayer
370
-1
48
1.0
60
0
100
AcDbPoint
10
1394299.96517511
20
360445.428372127
30
0.0
39
0.0
210
0.0
220
0.0
230
1.0
50
360.0
0
TEXT
5
270
330
1C
100
AcDbEntity
67
0
8
2 - окн федерального значения
62
7
6
ByLayer
370
-1
48
1.0
60
0
100
AcDbText
1
263
10
1394300.10517511
20
360445.702816557
30
0.0
40
0.31111111111
41
1.0
50
0.0
51
0.0
7
Standard
11
1394300.10517511
21
360445.702816557
31
0.0
210
0.0
220
0.0
230
1.0
71
0
72
0
100
AcDbText
73
0
0
POINT
5
271
330
1C
100
AcDbEntity
67
0
8
2 - окн федерального значения
62
256
6
ByLayer
370
-1
48
1.0
60
0
100
AcDbPoint
10
1394300.34981984
20
360446.336611538
30
0.0
39
0.0
210
0.0
220
0.0
230
1.0
50
360.0
0
TEXT
5
272
330
1C
100
AcDbEntity
67
0
8
2 - окн федерального значения
62
7
6
ByLayer
370
-1
48
1.0
60
0
100
AcDbText
1
264
10
1394300.48981984
20
360446.611055969
30
0.0
40
0.31111111111
41
1.0
50
0.0
51
0.0
7
Standard
11
1394300.48981984
21
360446.611055969
31
0.0
210
0.0
220
0.0
230
1.0
71
0
72
0
100
AcDbText
73
0
0
POINT
5
273
330
1C
100
AcDbEntity
67
0
8
2 - окн федерального значения
62
256
6
ByLayer
370
-1
48
1.0
60
0
100
AcDbPoint
10
1394301.64135928
20
360446.42476725
30
0.0
39
0.0
210
0.0
220
0.0
230
1.0
50
360.0
0
TEXT
5
274
330
1C
100
AcDbEntity
67
0
8
2 - окн федерального значения
62
7
6
ByLayer
370
-1
48
1.0
60
0
100
AcDbText
1
265
10
1394301.78135928
20
360446.69921168
30
0.0
40
0.31111111111
41
1.0
50
0.0
51
0.0
7
Standard
11
1394301.78135928
21
360446.69921168
31
0.0
210
0.0
220
0.0
230
1.0
71
0
72
0
100
AcDbText
73
0
0
POINT
5
275
330
1C
100
AcDbEntity
67
0
8
2 - окн федерального значения
62
256
6
ByLayer
370
-1
48
1.0
60
0
100
AcDbPoint
10
1394302.83581209
20
360446.923894545
30
0.0
39
0.0
210
0.0
220
0.0
230
1.0
50
360.0
0
TEXT
5
276
330
1C
100
AcDbEntity
67
0
8
2 - окн федерального значения
62
7
6
ByLayer
370
-1
48
1.0
60
0
100
AcDbText
1
266
10
1394302.97581209
20
360447.198338976
30
0.0
40
0.31111111111
41
1.0
50
0.0
51
0.0
7
Standard
11
1394302.97581209
21
360447.198338976
31
0.0
210
0.0
220
0.0
230
1.0
71
0
72
0
100
AcDbText
73
0
0
POINT
5
277
330
1C
100
AcDbEntity
67
0
8
2 - окн федерального значения
62
256
6
ByLayer
370
-1
48
1.0
60
0
100
AcDbPoint
10
1394303.80607886
20
360447.780882263
30
0.0
39
0.0
210
0.0
220
0.0
230
1.0
50
360.0
0
TEXT
5
278
330
1C
100
AcDbEntity
67
0
8
2 - окн федерального значения
62
7
6
ByLayer
370
-1
48
1.0
60
0
100
AcDbText
1
267
10
1394303.94607886
20
360448.055326693
30
0.0
40
0.31111111111
41
1.0
50
0.0
51
0.0
7
Standard
11
1394303.94607886
21
360448.055326693
31
0.0
210
0.0
220
0.0
230
1.0
71
0
72
0
100
AcDbText
73
0
0
POINT
5
279
330
1C
100
AcDbEntity
67
0
8
2 - окн федерального значения
62
256
6
ByLayer
370
-1
48
1.0
60
0
100
AcDbPoint
10
1394304.44891541
20
360448.90454001
30
0.0
39
0.0
210
0.0
220
0.0
230
1.0
50
360.0
0
TEXT
5
27A
330
1C
100
AcDbEntity
67
0
8
2 - окн федерального значения
62
7
6
ByLayer
370
-1
48
1.0
60
0
100
AcDbText
1
268
10
1394304.58891541
20
360449.17898444
30
0.0
40
0.31111111111
41
1.0
50
0.0
51
0.0
7
Standard
11
1394304.58891541
21
360449.17898444
31
0.0
210
0.0
220
0.0
230
1.0
71
0
72
0
100
AcDbText
73
0
0
POINT
5
27B
330
1C
100
AcDbEntity
67
0
8
2 - окн федерального значения
62
256
6
ByLayer
370
-1
48
1.0
60
0
100
AcDbPoint
10
1394304.69591875
20
360450.175301558
30
0.0
39
0.0
210
0.0
220
0.0
230
1.0
50
360.0
0
TEXT
5
27C
330
1C
100
AcDbEntity
67
0
8
2 - окн федерального значения
62
7
6
ByLayer
370
-1
48
1.0
60
0
100
AcDbText
1
269
10
1394304.83591875
20
360450.449745988
30
0.0
40
0.31111111111
41
1.0
50
0.0
51
0.0
7
Standard
11
1394304.83591875
21
360450.449745988
31
0.0
210
0.0
220
0.0
230
1.0
71
0
72
0
100
AcDbText
73
0
0
POINT
5
27D
330
1C
100
AcDbEntity
67
0
8
2 - окн федерального значения
62
256
6
ByLayer
370
-1
48
1.0
60
0
100
AcDbPoint
10
1394304.52080573
20
360451.457947648
30
0.0
39
0.0
210
0.0
220
0.0
230
1.0
50
360.0
0
TEXT
5
27E
330
1C
100
AcDbEntity
67
0
8
2 - окн федерального значения
62
7
6
ByLayer
370
-1
48
1.0
60
0
100
AcDbText
1
270
10
1394304.66080573
20
360451.732392078
30
0.0
40
0.31111111111
41
1.0
50
0.0
51
0.0
7
Standard
11
1394304.66080573
21
360451.732392078
31
0.0
210
0.0
220
0.0
230
1.0
71
0
72
0
100
AcDbText
73
0
0
POINT
5
27F
330
1C
100
AcDbEntity
67
0
8
2 - окн федерального значения
62
256
6
ByLayer
370
-1
48
1.0
60
0
100
AcDbPoint
10
1394303.9422098
20
360452.615994411
30
0.0
39
0.0
210
0.0
220
0.0
230
1.0
50
360.0
0
TEXT
5
280
330
1C
100
AcDbEntity
67
0
8
2 - окн федерального значения
62
7
6
ByLayer
370
-1
48
1.0
60
0
100
AcDbText
1
271
10
1394304.0822098
20
360452.890438842
30
0.0
40
0.31111111111
41
1.0
50
0.0
51
0.0
7
Standard
11
1394304.0822098
21
360452.890438842
31
0.0
210
0.0
220
0.0
230
1.0
71
0
72
0
100
AcDbText
73
0
0
POINT
5
281
330
1C
100
AcDbEntity
67
0
8
2 - окн федерального значения
62
256
6
ByLayer
370
-1
48
1.0
60
0
100
AcDbPoint
10
1394303.02169821
20
360453.52621635
30
0.0
39
0.0
210
0.0
220
0.0
230
1.0
50
360.0
0
TEXT
5
282
330
1C
100
AcDbEntity
67
0
8
2 - окн федерального значения
62
7
6
ByLayer
370
-1
48
1.0
60
0
100
AcDbText
1
272
10
1394303.16169821
20
360453.800660781
30
0.0
40
0.31111111111
41
1.0
50
0.0
51
0.0
7
Standard
11
1394303.16169821
21
360453.800660781
31
0.0
210
0.0
220
0.0
230
1.0
71
0
72
0
100
AcDbText
73
0
0
POINT
5
283
330
1C
100
AcDbEntity
67
0
8
2 - окн федерального значения
62
256
6
ByLayer
370
-1
48
1.0
60
0
100
AcDbPoint
10
1394303.33950742
20
360454.203562791
30
0.0
39
0.0
210
0.0
220
0.0
230
1.0
50
360.0
0
TEXT
5
284
330
1C
100
AcDbEntity
67
0
8
2 - окн федерального значения
62
7
6
ByLayer
370
-1
48
1.0
60
0
100
AcDbText
1
273
10
1394303.47950742
20
360454.478007221
30
0.0
40
0.31111111111
41
1.0
50
0.0
51
0.0
7
Standard
11
1394303.47950742
21
360454.478007221
31
0.0
210
0.0
220
0.0
230
1.0
71
0
72
0
100
AcDbText
73
0
0
POINT
5
285
330
1C
100
AcDbEntity
67
0
8
2 - окн федерального значения
62
256
6
ByLayer
370
-1
48
1.0
60
0
100
AcDbPoint
10
1394307.68024137
20
360452.166901565
30
0.0
39
0.0
210
0.0
220
0.0
230
1.0
50
360.0
0
TEXT
5
286
330
1C
100
AcDbEntity
67
0
8
2 - окн федерального значения
62
7
6
ByLayer
370
-1
48
1.0
60
0
100
AcDbText
1
274
10
1394307.82024137
20
360452.441345995
30
0.0
40
0.31111111111
41
1.0
50
0.0
51
0.0
7
Standard
11
1394307.82024137
21
360452.441345995
31
0.0
210
0.0
220
0.0
230
1.0
71
0
72
0
100
AcDbText
73
0
0
POINT
5
287
330
1C
100
AcDbEntity
67
0
8
2 - окн федерального значения
62
256
6
ByLayer
370
-1
48
1.0
60
0
100
AcDbPoint
10
1394308.79007458
20
360454.532287947
30
0.0
39
0.0
210
0.0
220
0.0
230
1.0
50
360.0
0
TEXT
5
288
330
1C
100
AcDbEntity
67
0
8
2 - окн федерального значения
62
7
6
ByLayer
370
-1
48
1.0
60
0
100
AcDbText
1
275
10
1394308.93007458
20
360454.806732378
30
0.0
40
0.31111111111
41
1.0
50
0.0
51
0.0
7
Standard
11
1394308.93007458
21
360454.806732378
31
0.0
210
0.0
220
0.0
230
1.0
71
0
72
0
100
AcDbText
73
0
0
POINT
5
289
330
1C
100
AcDbEntity
67
0
8
2 - окн федерального значения
62
256
6
ByLayer
370
-1
48
1.0
60
0
100
AcDbPoint
10
1394311.52494973
20
360453.249091554
30
0.0
39
0.0
210
0.0
220
0.0
230
1.0
50
360.0
0
TEXT
5
28A
330
1C
100
AcDbEntity
67
0
8
2 - окн федерального значения
62
7
6
ByLayer
370
-1
48
1.0
60
0
100
AcDbText
1
276
10
1394311.66494973
20
360453.523535985
30
0.0
40
0.31111111111
41
1.0
50
0.0
51
0.0
7
Standard
11
1394311.66494973
21
360453.523535985
31
0.0
210
0.0
220
0.0
230
1.0
71
0
72
0
100
AcDbText
73
0
0
POINT
5
28B
330
1C
100
AcDbEntity
67
0
8
2 - окн федерального значения
62
256
6
ByLayer
370
-1
48
1.0
60
0
100
AcDbPoint
10
1394313.97377791
20
360458.468276602
30
0.0
39
0.0
210
0.0
220
0.0
230
1.0
50
360.0
0
TEXT
5
28C
330
1C
100
AcDbEntity
67
0
8
2 - окн федерального значения
62
7
6
ByLayer
370
-1
48
1.0
60
0
100
AcDbText
1
277
10
1394314.11377791
20
360458.742721032
30
0.0
40
0.31111111111
41
1.0
50
0.0
51
0.0
7
Standard
11
1394314.11377791
21
360458.742721032
31
0.0
210
0.0
220
0.0
230
1.0
71
0
72
0
100
AcDbText
73
0
0
POINT
5
28D
330
1C
100
AcDbEntity
67
0
8
2 - окн федерального значения
62
256
6
ByLayer
370
-1
48
1.0
60
0
100
AcDbPoint
10
1394310.84661173
20
360459.935534881
30
0.0
39
0.0
210
0.0
220
0.0
230
1.0
50
360.0
0
TEXT
5
28E
330
1C
100
AcDbEntity
67
0
8
2 - окн федерального значения
62
7
6
ByLayer
370
-1
48
1.0
60
0
100
AcDbText
1
278
10
1394310.98661173
20
360460.209979311
30
0.0
40
0.31111111111
41
1.0
50
0.0
51
0.0
7
Standard
11
1394310.98661173
21
360460.209979311
31
0.0
210
0.0
220
0.0
230
1.0
71
0
72
0
100
AcDbText
73
0
0
POINT
5
28F
330
1C
100
AcDbEntity
67
0
8
2 - окн федерального значения
62
256
6
ByLayer
370
-1
48
1.0
60
0
100
AcDbPoint
10
1394311.76740732
20
360461.898025647
30
0.0
39
0.0
210
0.0
220
0.0
230
1.0
50
360.0
0
TEXT
5
290
330
1C
100
AcDbEntity
67
0
8
2 - окн федерального значения
62
7
6
ByLayer
370
-1
48
1.0
60
0
100
AcDbText
1
279
10
1394311.90740732
20
360462.172470078
30
0.0
40
0.31111111111
41
1.0
50
0.0
51
0.0
7
Standard
11
1394311.90740732
21
360462.172470078
31
0.0
210
0.0
220
0.0
230
1.0
71
0
72
0
100
AcDbText
73
0
0
POINT
5
291
330
1C
100
AcDbEntity
67
0
8
2 - окн федерального значения
62
256
6
ByLayer
370
-1
48
1.0
60
0
100
AcDbPoint
10
1394307.90252648
20
360463.711417695
30
0.0
39
0.0
210
0.0
220
0.0
230
1.0
50
360.0
0
TEXT
5
292
330
1C
100
AcDbEntity
67
0
8
2 - окн федерального значения
62
7
6
ByLayer
370
-1
48
1.0
60
0
100
AcDbText
1
280
10
1394308.04252648
20
360463.985862126
30
0.0
40
0.31111111111
41
1.0
50
0.0
51
0.0
7
Standard
11
1394308.04252648
21
360463.985862126
31
0.0
210
0.0
220
0.0
230
1.0
71
0
72
0
100
AcDbText
73
0
0
POINT
5
293
330
1C
100
AcDbEntity
67
0
8
2 - окн федерального значения
62
256
6
ByLayer
370
-1
48
1.0
60
0
100
AcDbPoint
10
1394309.38001932
20
360463.679962437
30
0.0
39
0.0
210
0.0
220
0.0
230
1.0
50
360.0
0
TEXT
5
294
330
1C
100
AcDbEntity
67
0
8
2 - окн федерального значения
62
7
6
ByLayer
370
-1
48
1.0
60
0
100
AcDbText
1
281
10
1394309.52001932
20
360463.954406868
30
0.0
40
0.31111111111
41
1.0
50
0.0
51
0.0
7
Standard
11
1394309.52001932
21
360463.954406868
31
0.0
210
0.0
220
0.0
230
1.0
71
0
72
0
100
AcDbText
73
0
0
POINT
5
295
330
1C
100
AcDbEntity
67
0
8
2 - окн федерального значения
62
256
6
ByLayer
370
-1
48
1.0
60
0
100
AcDbPoint
10
1394310.78271479
20
360464.14517203
30
0.0
39
0.0
210
0.0
220
0.0
230
1.0
50
360.0
0
TEXT
5
296
330
1C
100
AcDbEntity
67
0
8
2 - окн федерального значения
62
7
6
ByLayer
370
-1
48
1.0
60
0
100
AcDbText
1
282
10
1394310.92271479
20
360464.419616461
30
0.0
40
0.31111111111
41
1.0
50
0.0
51
0.0
7
Standard
11
1394310.92271479
21
360464.419616461
31
0.0
210
0.0
220
0.0
230
1.0
71
0
72
0
100
AcDbText
73
0
0
POINT
5
297
330
1C
100
AcDbEntity
67
0
8
2 - окн федерального значения
62
256
6
ByLayer
370
-1
48
1.0
60
0
100
AcDbPoint
10
1394311.9485877
20
360465.053310173
30
0.0
39
0.0
210
0.0
220
0.0
230
1.0
50
360.0
0
TEXT
5
298
330
1C
100
AcDbEntity
67
0
8
2 - окн федерального значения
62
7
6
ByLayer
370
-1
48
1.0
60
0
100
AcDbText
1
283
10
1394312.0885877
20
360465.327754603
30
0.0
40
0.31111111111
41
1.0
50
0.0
51
0.0
7
Standard
11
1394312.0885877
21
360465.327754603
31
0.0
210
0.0
220
0.0
230
1.0
71
0
72
0
100
AcDbText
73
0
0
POINT
5
299
330
1C
100
AcDbEntity
67
0
8
2 - окн федерального значения
62
256
6
ByLayer
370
-1
48
1.0
60
0
100
AcDbPoint
10
1394312.74296823
20
360466.299477943
30
0.0
39
0.0
210
0.0
220
0.0
230
1.0
50
360.0
0
TEXT
5
29A
330
1C
100
AcDbEntity
67
0
8
2 - окн федерального значения
62
7
6
ByLayer
370
-1
48
1.0
60
0
100
AcDbText
1
284
10
1394312.88296823
20
360466.573922374
30
0.0
40
0.31111111111
41
1.0
50
0.0
51
0.0
7
Standard
11
1394312.88296823
21
360466.573922374
31
0.0
210
0.0
220
0.0
230
1.0
71
0
72
0
100
AcDbText
73
0
0
POINT
5
29B
330
1C
100
AcDbEntity
67
0
8
2 - окн федерального значения
62
256
6
ByLayer
370
-1
48
1.0
60
0
100
AcDbPoint
10
1394313.07409758
20
360467.739730661
30
0.0
39
0.0
210
0.0
220
0.0
230
1.0
50
360.0
0
TEXT
5
29C
330
1C
100
AcDbEntity
67
0
8
2 - окн федерального значения
62
7
6
ByLayer
370
-1
48
1.0
60
0
100
AcDbText
1
285
10
1394313.21409758
20
360468.014175091
30
0.0
40
0.31111111111
41
1.0
50
0.0
51
0.0
7
Standard
11
1394313.21409758
21
360468.014175091
31
0.0
210
0.0
220
0.0
230
1.0
71
0
72
0
100
AcDbText
73
0
0
POINT
5
29D
330
1C
100
AcDbEntity
67
0
8
2 - окн федерального значения
62
256
6
ByLayer
370
-1
48
1.0
60
0
100
AcDbPoint
10
1394312.90372704
20
360469.207704916
30
0.0
39
0.0
210
0.0
220
0.0
230
1.0
50
360.0
0
TEXT
5
29E
330
1C
100
AcDbEntity
67
0
8
2 - окн федерального значения
62
7
6
ByLayer
370
-1
48
1.0
60
0
100
AcDbText
1
286
10
1394313.04372704
20
360469.482149347
30
0.0
40
0.31111111111
41
1.0
50
0.0
51
0.0
7
Standard
11
1394313.04372704
21
360469.482149347
31
0.0
210
0.0
220
0.0
230
1.0
71
0
72
0
100
AcDbText
73
0
0
POINT
5
29F
330
1C
100
AcDbEntity
67
0
8
2 - окн федерального значения
62
256
6
ByLayer
370
-1
48
1.0
60
0
100
AcDbPoint
10
1394312.25153609
20
360470.53383519
30
0.0
39
0.0
210
0.0
220
0.0
230
1.0
50
360.0
0
TEXT
5
2A0
330
1C
100
AcDbEntity
67
0
8
2 - окн федерального значения
62
7
6
ByLayer
370
-1
48
1.0
60
0
100
AcDbText
1
287
10
1394312.39153609
20
360470.80827962
30
0.0
40
0.31111111111
41
1.0
50
0.0
51
0.0
7
Standard
11
1394312.39153609
21
360470.80827962
31
0.0
210
0.0
220
0.0
230
1.0
71
0
72
0
100
AcDbText
73
0
0
POINT
5
2A1
330
1C
100
AcDbEntity
67
0
8
2 - окн федерального значения
62
256
6
ByLayer
370
-1
48
1.0
60
0
100
AcDbPoint
10
1394311.19285922
20
360471.564940341
30
0.0
39
0.0
210
0.0
220
0.0
230
1.0
50
360.0
0
TEXT
5
2A2
330
1C
100
AcDbEntity
67
0
8
2 - окн федерального значения
62
7
6
ByLayer
370
-1
48
1.0
60
0
100
AcDbText
1
288
10
1394311.33285922
20
360471.839384772
30
0.0
40
0.31111111111
41
1.0
50
0.0
51
0.0
7
Standard
11
1394311.33285922
21
360471.839384772
31
0.0
210
0.0
220
0.0
230
1.0
71
0
72
0
100
AcDbText
73
0
0
POINT
5
2A3
330
1C
100
AcDbEntity
67
0
8
2 - окн федерального значения
62
256
6
ByLayer
370
-1
48
1.0
60
0
100
AcDbPoint
10
1394317.97771946
20
360468.440940705
30
0.0
39
0.0
210
0.0
220
0.0
230
1.0
50
360.0
0
TEXT
5
2A4
330
1C
100
AcDbEntity
67
0
8
2 - окн федерального значения
62
7
6
ByLayer
370
-1
48
1.0
60
0
100
AcDbText
1
289
10
1394318.11771946
20
360468.715385135
30
0.0
40
0.31111111111
41
1.0
50
0.0
51
0.0
7
Standard
11
1394318.11771946
21
360468.715385135
31
0.0
210
0.0
220
0.0
230
1.0
71
0
72
0
100
AcDbText
73
0
0
POINT
5
2A5
330
1C
100
AcDbEntity
67
0
8
2 - окн федерального значения
62
256
6
ByLayer
370
-1
48
1.0
60
0
100
AcDbPoint
10
1394322.51161944
20
360478.287893964
30
0.0
39
0.0
210
0.0
220
0.0
230
1.0
50
360.0
0
TEXT
5
2A6
330
1C
100
AcDbEntity
67
0
8
2 - окн федерального значения
62
7
6
ByLayer
370
-1
48
1.0
60
0
100
AcDbText
1
290
10
1394322.65161944
20
360478.562338395
30
0.0
40
0.31111111111
41
1.0
50
0.0
51
0.0
7
Standard
11
1394322.65161944
21
360478.562338395
31
0.0
210
0.0
220
0.0
230
1.0
71
0
72
0
100
AcDbText
73
0
0
POINT
5
2A7
330
1C
100
AcDbEntity
67
0
8
2 - окн федерального значения
62
256
6
ByLayer
370
-1
48
1.0
60
0
100
AcDbPoint
10
1394316.18750022
20
360481.19975127
30
0.0
39
0.0
210
0.0
220
0.0
230
1.0
50
360.0
0
TEXT
5
2A8
330
1C
100
AcDbEntity
67
0
8
2 - окн федерального значения
62
7
6
ByLayer
370
-1
48
1.0
60
0
100
AcDbText
1
291
10
1394316.32750022
20
360481.4741957
30
0.0
40
0.31111111111
41
1.0
50
0.0
51
0.0
7
Standard
11
1394316.32750022
21
360481.4741957
31
0.0
210
0.0
220
0.0
230
1.0
71
0
72
0
100
AcDbText
73
0
0
POINT
5
2A9
330
1C
100
AcDbEntity
67
0
8
2 - окн федерального значения
62
256
6
ByLayer
370
-1
48
1.0
60
0
100
AcDbPoint
10
1394316.62732288
20
360482.154980405
30
0.0
39
0.0
210
0.0
220
0.0
230
1.0
50
360.0
0
TEXT
5
2AA
330
1C
100
AcDbEntity
67
0
8
2 - окн федерального значения
62
7
6
ByLayer
370
-1
48
1.0
60
0
100
AcDbText
1
292
10
1394316.76732288
20
360482.429424835
30
0.0
40
0.31111111111
41
1.0
50
0.0
51
0.0
7
Standard
11
1394316.76732288
21
360482.429424835
31
0.0
210
0.0
220
0.0
230
1.0
71
0
72
0
100
AcDbText
73
0
0
POINT
5
2AB
330
1C
100
AcDbEntity
67
0
8
2 - окн федерального значения
62
256
6
ByLayer
370
-1
48
1.0
60
0
100
AcDbPoint
10
1394317.80285746
20
360482.197496698
30
0.0
39
0.0
210
0.0
220
0.0
230
1.0
50
360.0
0
TEXT
5
2AC
330
1C
100
AcDbEntity
67
0
8
2 - окн федерального значения
62
7
6
ByLayer
370
-1
48
1.0
60
0
100
AcDbText
1
293
10
1394317.94285746
20
360482.471941129
30
0.0
40
0.31111111111
41
1.0
50
0.0
51
0.0
7
Standard
11
1394317.94285746
21
360482.471941129
31
0.0
210
0.0
220
0.0
230
1.0
71
0
72
0
100
AcDbText
73
0
0
POINT
5
2AD
330
1C
100
AcDbEntity
67
0
8
2 - окн федерального значения
62
256
6
ByLayer
370
-1
48
1.0
60
0
100
AcDbPoint
10
1394318.91232316
20
360482.588361215
30
0.0
39
0.0
210
0.0
220
0.0
230
1.0
50
360.0
0
TEXT
5
2AE
330
1C
100
AcDbEntity
67
0
8
2 - окн федерального значения
62
7
6
ByLayer
370
-1
48
1.0
60
0
100
AcDbText
1
294
10
1394319.05232316
20
360482.862805646
30
0.0
40
0.31111111111
41
1.0
50
0.0
51
0.0
7
Standard
11
1394319.05232316
21
360482.862805646
31
0.0
210
0.0
220
0.0
230
1.0
71
0
72
0
100
AcDbText
73
0
0
POINT
5
2AF
330
1C
100
AcDbEntity
67
0
8
2 - окн федерального значения
62
256
6
ByLayer
370
-1
48
1.0
60
0
100
AcDbPoint
10
1394319.85492227
20
360483.292062949
30
0.0
39
0.0
210
0.0
220
0.0
230
1.0
50
360.0
0
TEXT
5
2B0
330
1C
100
AcDbEntity
67
0
8
2 - окн федерального значения
62
7
6
ByLayer
370
-1
48
1.0
60
0
100
AcDbText
1
295
10
1394319.99492227
20
360483.566507379
30
0.0
40
0.31111111111
41
1.0
50
0.0
51
0.0
7
Standard
11
1394319.99492227
21
360483.566507379
31
0.0
210
0.0
220
0.0
230
1.0
71
0
72
0
100
AcDbText
73
0
0
POINT
5
2B1
330
1C
100
AcDbEntity
67
0
8
2 - окн федерального значения
62
256
6
ByLayer
370
-1
48
1.0
60
0
100
AcDbPoint
10
1394320.54501732
20
360484.244668857
30
0.0
39
0.0
210
0.0
220
0.0
230
1.0
50
360.0
0
TEXT
5
2B2
330
1C
100
AcDbEntity
67
0
8
2 - окн федерального значения
62
7
6
ByLayer
370
-1
48
1.0
60
0
100
AcDbText
1
296
10
1394320.68501732
20
360484.519113288
30
0.0
40
0.31111111111
41
1.0
50
0.0
51
0.0
7
Standard
11
1394320.68501732
21
360484.519113288
31
0.0
210
0.0
220
0.0
230
1.0
71
0
72
0
100
AcDbText
73
0
0
POINT
5
2B3
330
1C
100
AcDbEntity
67
0
8
2 - окн федерального значения
62
256
6
ByLayer
370
-1
48
1.0
60
0
100
AcDbPoint
10
1394320.91991149
20
360485.35963234
30
0.0
39
0.0
210
0.0
220
0.0
230
1.0
50
360.0
0
TEXT
5
2B4
330
1C
100
AcDbEntity
67
0
8
2 - окн федерального значения
62
7
6
ByLayer
370
-1
48
1.0
60
0
100
AcDbText
1
297
10
1394321.05991149
20
360485.634076771
30
0.0
40
0.31111111111
41
1.0
50
0.0
51
0.0
7
Standard
11
1394321.05991149
21
360485.634076771
31
0.0
210
0.0
220
0.0
230
1.0
71
0
72
0
100
AcDbText
73
0
0
POINT
5
2B5
330
1C
100
AcDbEntity
67
0
8
2 - окн федерального значения
62
256
6
ByLayer
370
-1
48
1.0
60
0
100
AcDbPoint
10
1394320.9455447
20
360486.53565621
30
0.0
39
0.0
210
0.0
220
0.0
230
1.0
50
360.0
0
TEXT
5
2B6
330
1C
100
AcDbEntity
67
0
8
2 - окн федерального значения
62
7
6
ByLayer
370
-1
48
1.0
60
0
100
AcDbText
1
298
10
1394321.0855447
20
360486.81010064
30
0.0
40
0.31111111111
41
1.0
50
0.0
51
0.0
7
Standard
11
1394321.0855447
21
360486.81010064
31
0.0
210
0.0
220
0.0
230
1.0
71
0
72
0
100
AcDbText
73
0
0
POINT
5
2B7
330
1C
100
AcDbEntity
67
0
8
2 - окн федерального значения
62
256
6
ByLayer
370
-1
48
1.0
60
0
100
AcDbPoint
10
1394320.61958812
20
360487.665895792
30
0.0
39
0.0
210
0.0
220
0.0
230
1.0
50
360.0
0
TEXT
5
2B8
330
1C
100
AcDbEntity
67
0
8
2 - окн федерального значения
62
7
6
ByLayer
370
-1
48
1.0
60
0
100
AcDbText
1
299
10
1394320.75958812
20
360487.940340222
30
0.0
40
0.31111111111
41
1.0
50
0.0
51
0.0
7
Standard
11
1394320.75958812
21
360487.940340222
31
0.0
210
0.0
220
0.0
230
1.0
71
0
72
0
100
AcDbText
73
0
0
POINT
5
2B9
330
1C
100
AcDbEntity
67
0
8
2 - окн федерального значения
62
256
6
ByLayer
370
-1
48
1.0
60
0
100
AcDbPoint
10
1394319.97165571
20
360488.647666028
30
0.0
39
0.0
210
0.0
220
0.0
230
1.0
50
360.0
0
TEXT
5
2BA
330
1C
100
AcDbEntity
67
0
8
2 - окн федерального значения
62
7
6
ByLayer
370
-1
48
1.0
60
0
100
AcDbText
1
300
10
1394320.11165571
20
360488.922110458
30
0.0
40
0.31111111111
41
1.0
50
0.0
51
0.0
7
Standard
11
1394320.11165571
21
360488.922110458
31
0.0
210
0.0
220
0.0
230
1.0
71
0
72
0
100
AcDbText
73
0
0
POINT
5
2BB
330
1C
100
AcDbEntity
67
0
8
2 - окн федерального значения
62
256
6
ByLayer
370
-1
48
1.0
60
0
100
AcDbPoint
10
1394320.33552979
20
360489.081244447
30
0.0
39
0.0
210
0.0
220
0.0
230
1.0
50
360.0
0
TEXT
5
2BC
330
1C
100
AcDbEntity
67
0
8
2 - окн федерального значения
62
7
6
ByLayer
370
-1
48
1.0
60
0
100
AcDbText
1
301
10
1394320.47552979
20
360489.355688877
30
0.0
40
0.31111111111
41
1.0
50
0.0
51
0.0
7
Standard
11
1394320.47552979
21
360489.355688877
31
0.0
210
0.0
220
0.0
230
1.0
71
0
72
0
100
AcDbText
73
0
0
POINT
5
2BD
330
1C
100
AcDbEntity
67
0
8
2 - окн федерального значения
62
256
6
ByLayer
370
-1
48
1.0
60
0
100
AcDbPoint
10
1394322.4531624
20
360487.304053553
30
0.0
39
0.0
210
0.0
220
0.0
230
1.0
50
360.0
0
TEXT
5
2BE
330
1C
100
AcDbEntity
67
0
8
2 - окн федерального значения
62
7
6
ByLayer
370
-1
48
1.0
60
0
100
AcDbText
1
302
10
1394322.5931624
20
360487.578497984
30
0.0
40
0.31111111111
41
1.0
50
0.0
51
0.0
7
Standard
11
1394322.5931624
21
360487.578497984
31
0.0
210
0.0
220
0.0
230
1.0
71
0
72
0
100
AcDbText
73
0
0
POINT
5
2BF
330
1C
100
AcDbEntity
67
0
8
2 - окн федерального значения
62
256
6
ByLayer
370
-1
48
1.0
60
0
100
AcDbPoint
10
1394323.79780946
20
360488.906283494
30
0.0
39
0.0
210
0.0
220
0.0
230
1.0
50
360.0
0
TEXT
5
2C0
330
1C
100
AcDbEntity
67
0
8
2 - окн федерального значения
62
7
6
ByLayer
370
-1
48
1.0
60
0
100
AcDbText
1
303
10
1394323.93780946
20
360489.180727925
30
0.0
40
0.31111111111
41
1.0
50
0.0
51
0.0
7
Standard
11
1394323.93780946
21
360489.180727925
31
0.0
210
0.0
220
0.0
230
1.0
71
0
72
0
100
AcDbText
73
0
0
POINT
5
2C1
330
1C
100
AcDbEntity
67
0
8
2 - окн федерального значения
62
256
6
ByLayer
370
-1
48
1.0
60
0
100
AcDbPoint
10
1394326.73299718
20
360486.442971926
30
0.0
39
0.0
210
0.0
220
0.0
230
1.0
50
360.0
0
TEXT
5
2C2
330
1C
100
AcDbEntity
67
0
8
2 - окн федерального значения
62
7
6
ByLayer
370
-1
48
1.0
60
0
100
AcDbText
1
304
10
1394326.87299718
20
360486.717416356
30
0.0
40
0.31111111111
41
1.0
50
0.0
51
0.0
7
Standard
11
1394326.87299718
21
360486.717416356
31
0.0
210
0.0
220
0.0
230
1.0
71
0
72
0
100
AcDbText
73
0
0
POINT
5
2C3
330
1C
100
AcDbEntity
67
0
8
2 - окн федерального значения
62
256
6
ByLayer
370
-1
48
1.0
60
0
100
AcDbPoint
10
1394330.4734505
20
360490.899952859
30
0.0
39
0.0
210
0.0
220
0.0
230
1.0
50
360.0
0
TEXT
5
2C4
330
1C
100
AcDbEntity
67
0
8
2 - окн федерального значения
62
7
6
ByLayer
370
-1
48
1.0
60
0
100
AcDbText
1
305
10
1394330.6134505
20
360491.17439729
30
0.0
40
0.31111111111
41
1.0
50
0.0
51
0.0
7
Standard
11
1394330.6134505
21
360491.17439729
31
0.0
210
0.0
220
0.0
230
1.0
71
0
72
0
100
AcDbText
73
0
0
POINT
5
2C5
330
1C
100
AcDbEntity
67
0
8
2 - окн федерального значения
62
256
6
ByLayer
370
-1
48
1.0
60
0
100
AcDbPoint
10
1394327.39493714
20
360493.483548223
30
0.0
39
0.0
210
0.0
220
0.0
230
1.0
50
360.0
0
TEXT
5
2C6
330
1C
100
AcDbEntity
67
0
8
2 - окн федерального значения
62
7
6
ByLayer
370
-1
48
1.0
60
0
100
AcDbText
1
306
10
1394327.53493714
20
360493.757992654
30
0.0
40
0.31111111111
41
1.0
50
0.0
51
0.0
7
Standard
11
1394327.53493714
21
360493.757992654
31
0.0
210
0.0
220
0.0
230
1.0
71
0
72
0
100
AcDbText
73
0
0
POINT
5
2C7
330
1C
100
AcDbEntity
67
0
8
2 - окн федерального значения
62
256
6
ByLayer
370
-1
48
1.0
60
0
100
AcDbPoint
10
1394329.20400605
20
360495.639165544
30
0.0
39
0.0
210
0.0
220
0.0
230
1.0
50
360.0
0
TEXT
5
2C8
330
1C
100
AcDbEntity
67
0
8
2 - окн федерального значения
62
7
6
ByLayer
370
-1
48
1.0
60
0
100
AcDbText
1
307
10
1394329.34400605
20
360495.913609975
30
0.0
40
0.31111111111
41
1.0
50
0.0
51
0.0
7
Standard
11
1394329.34400605
21
360495.913609975
31
0.0
210
0.0
220
0.0
230
1.0
71
0
72
0
100
AcDbText
73
0
0
POINT
5
2C9
330
1C
100
AcDbEntity
67
0
8
2 - окн федерального значения
62
256
6
ByLayer
370
-1
48
1.0
60
0
100
AcDbPoint
10
1394326.80419034
20
360497.653174213
30
0.0
39
0.0
210
0.0
220
0.0
230
1.0
50
360.0
0
TEXT
5
2CA
330
1C
100
AcDbEntity
67
0
8
2 - окн федерального значения
62
7
6
ByLayer
370
-1
48
1.0
60
0
100
AcDbText
1
308
10
1394326.94419034
20
360497.927618644
30
0.0
40
0.31111111111
41
1.0
50
0.0
51
0.0
7
Standard
11
1394326.94419034
21
360497.927618644
31
0.0
210
0.0
220
0.0
230
1.0
71
0
72
0
100
AcDbText
73
0
0
POINT
5
2CB
330
1C
100
AcDbEntity
67
0
8
2 - окн федерального значения
62
256
6
ByLayer
370
-1
48
1.0
60
0
100
AcDbPoint
10
1394327.37978258
20
360498.339027919
30
0.0
39
0.0
210
0.0
220
0.0
230
1.0
50
360.0
0
TEXT
5
2CC
330
1C
100
AcDbEntity
67
0
8
2 - окн федерального значения
62
7
6
ByLayer
370
-1
48
1.0
60
0
100
AcDbText
1
309
10
1394327.51978258
20
360498.61347235
30
0.0
40
0.31111111111
41
1.0
50
0.0
51
0.0
7
Standard
11
1394327.51978258
21
360498.61347235
31
0.0
210
0.0
220
0.0
230
1.0
71
0
72
0
100
AcDbText
73
0
0
POINT
5
2CD
330
1C
100
AcDbEntity
67
0
8
2 - окн федерального значения
62
256
6
ByLayer
370
-1
48
1.0
60
0
100
AcDbPoint
10
1394328.6811706
20
360497.734365797
30
0.0
39
0.0
210
0.0
220
0.0
230
1.0
50
360.0
0
TEXT
5
2CE
330
1C
100
AcDbEntity
67
0
8
2 - окн федерального значения
62
7
6
ByLayer
370
-1
48
1.0
60
0
100
AcDbText
1
310
10
1394328.8211706
20
360498.008810227
30
0.0
40
0.31111111111
41
1.0
50
0.0
51
0.0
7
Standard
11
1394328.8211706
21
360498.008810227
31
0.0
210
0.0
220
0.0
230
1.0
71
0
72
0
100
AcDbText
73
0
0
POINT
5
2CF
330
1C
100
AcDbEntity
67
0
8
2 - окн федерального значения
62
256
6
ByLayer
370
-1
48
1.0
60
0
100
AcDbPoint
10
1394330.11116286
20
360497.614577759
30
0.0
39
0.0
210
0.0
220
0.0
230
1.0
50
360.0
0
TEXT
5
2D0
330
1C
100
AcDbEntity
67
0
8
2 - окн федерального значения
62
7
6
ByLayer
370
-1
48
1.0
60
0
100
AcDbText
1
311
10
1394330.25116286
20
360497.889022189
30
0.0
40
0.31111111111
41
1.0
50
0.0
51
0.0
7
Standard
11
1394330.25116286
21
360497.889022189
31
0.0
210
0.0
220
0.0
230
1.0
71
0
72
0
100
AcDbText
73
0
0
POINT
5
2D1
330
1C
100
AcDbEntity
67
0
8
2 - окн федерального значения
62
256
6
ByLayer
370
-1
48
1.0
60
0
100
AcDbPoint
10
1394331.49501127
20
360497.99430216
30
0.0
39
0.0
210
0.0
220
0.0
230
1.0
50
360.0
0
TEXT
5
2D2
330
1C
100
AcDbEntity
67
0
8
2 - окн федерального значения
62
7
6
ByLayer
370
-1
48
1.0
60
0
100
AcDbText
1
312
10
1394331.63501127
20
360498.26874659
30
0.0
40
0.31111111111
41
1.0
50
0.0
51
0.0
7
Standard
11
1394331.63501127
21
360498.26874659
31
0.0
210
0.0
220
0.0
230
1.0
71
0
72
0
100
AcDbText
73
0
0
POINT
5
2D3
330
1C
100
AcDbEntity
67
0
8
2 - окн федерального значения
62
256
6
ByLayer
370
-1
48
1.0
60
0
100
AcDbPoint
10
1394332.66360661
20
360498.827135868
30
0.0
39
0.0
210
0.0
220
0.0
230
1.0
50
360.0
0
TEXT
5
2D4
330
1C
100
AcDbEntity
67
0
8
2 - окн федерального значения
62
7
6
ByLayer
370
-1
48
1.0
60
0
100
AcDbText
1
313
10
1394332.80360661
20
360499.101580299
30
0.0
40
0.31111111111
41
1.0
50
0.0
51
0.0
7
Standard
11
1394332.80360661
21
360499.101580299
31
0.0
210
0.0
220
0.0
230
1.0
71
0
72
0
100
AcDbText
73
0
0
POINT
5
2D5
330
1C
100
AcDbEntity
67
0
8
2 - окн федерального значения
62
256
6
ByLayer
370
-1
48
1.0
60
0
100
AcDbPoint
10
1394333.47414403
20
360500.011304832
30
0.0
39
0.0
210
0.0
220
0.0
230
1.0
50
360.0
0
TEXT
5
2D6
330
1C
100
AcDbEntity
67
0
8
2 - окн федерального значения
62
7
6
ByLayer
370
-1
48
1.0
60
0
100
AcDbText
1
314
10
1394333.61414403
20
360500.285749262
30
0.0
40
0.31111111111
41
1.0
50
0.0
51
0.0
7
Standard
11
1394333.61414403
21
360500.285749262
31
0.0
210
0.0
220
0.0
230
1.0
71
0
72
0
100
AcDbText
73
0
0
POINT
5
2D7
330
1C
100
AcDbEntity
67
0
8
2 - окн федерального значения
62
256
6
ByLayer
370
-1
48
1.0
60
0
100
AcDbPoint
10
1394333.82757414
20
360501.40210108
30
0.0
39
0.0
210
0.0
220
0.0
230
1.0
50
360.0
0
TEXT
5
2D8
330
1C
100
AcDbEntity
67
0
8
2 - окн федерального значения
62
7
6
ByLayer
370
-1
48
1.0
60
0
100
AcDbText
1
315
10
1394333.96757414
20
360501.676545511
30
0.0
40
0.31111111111
41
1.0
50
0.0
51
0.0
7
Standard
11
1394333.96757414
21
360501.676545511
31
0.0
210
0.0
220
0.0
230
1.0
71
0
72
0
100
AcDbText
73
0
0
POINT
5
2D9
330
1C
100
AcDbEntity
67
0
8
2 - окн федерального значения
62
256
6
ByLayer
370
-1
48
1.0
60
0
100
AcDbPoint
10
1394333.68070702
20
360502.82956635
30
0.0
39
0.0
210
0.0
220
0.0
230
1.0
50
360.0
0
TEXT
5
2DA
330
1C
100
AcDbEntity
67
0
8
2 - окн федерального значения
62
7
6
ByLayer
370
-1
48
1.0
60
0
100
AcDbText
1
316
10
1394333.82070702
20
360503.10401078
30
0.0
40
0.31111111111
41
1.0
50
0.0
51
0.0
7
Standard
11
1394333.82070702
21
360503.10401078
31
0.0
210
0.0
220
0.0
230
1.0
71
0
72
0
100
AcDbText
73
0
0
POINT
5
2DB
330
1C
100
AcDbEntity
67
0
8
2 - окн федерального значения
62
256
6
ByLayer
370
-1
48
1.0
60
0
100
AcDbPoint
10
1394333.05149015
20
360504.119261344
30
0.0
39
0.0
210
0.0
220
0.0
230
1.0
50
360.0
0
TEXT
5
2DC
330
1C
100
AcDbEntity
67
0
8
2 - окн федерального значения
62
7
6
ByLayer
370
-1
48
1.0
60
0
100
AcDbText
1
317
10
1394333.19149015
20
360504.393705775
30
0.0
40
0.31111111111
41
1.0
50
0.0
51
0.0
7
Standard
11
1394333.19149015
21
360504.393705775
31
0.0
210
0.0
220
0.0
230
1.0
71
0
72
0
100
AcDbText
73
0
0
POINT
5
2DD
330
1C
100
AcDbEntity
67
0
8
2 - окн федерального значения
62
256
6
ByLayer
370
-1
48
1.0
60
0
100
AcDbPoint
10
1394333.62120564
20
360504.772852555
30
0.0
39
0.0
210
0.0
220
0.0
230
1.0
50
360.0
0
TEXT
5
2DE
330
1C
100
AcDbEntity
67
0
8
2 - окн федерального значения
62
7
6
ByLayer
370
-1
48
1.0
60
0
100
AcDbText
1
318
10
1394333.76120564
20
360505.047296985
30
0.0
40
0.31111111111
41
1.0
50
0.0
51
0.0
7
Standard
11
1394333.76120564
21
360505.047296985
31
0.0
210
0.0
220
0.0
230
1.0
71
0
72
0
100
AcDbText
73
0
0
POINT
5
2DF
330
1C
100
AcDbEntity
67
0
8
2 - окн федерального значения
62
256
6
ByLayer
370
-1
48
1.0
60
0
100
AcDbPoint
10
1394337.90162411
20
360501.041742527
30
0.0
39
0.0
210
0.0
220
0.0
230
1.0
50
360.0
0
TEXT
5
2E0
330
1C
100
AcDbEntity
67
0
8
2 - окн федерального значения
62
7
6
ByLayer
370
-1
48
1.0
60
0
100
AcDbText
1
319
10
1394338.04162411
20
360501.316186958
30
0.0
40
0.31111111111
41
1.0
50
0.0
51
0.0
7
Standard
11
1394338.04162411
21
360501.316186958
31
0.0
210
0.0
220
0.0
230
1.0
71
0
72
0
100
AcDbText
73
0
0
POINT
5
2E1
330
1C
100
AcDbEntity
67
0
8
2 - окн федерального значения
62
256
6
ByLayer
370
-1
48
1.0
60
0
100
AcDbPoint
10
1394344.46091634
20
360508.566719195
30
0.0
39
0.0
210
0.0
220
0.0
230
1.0
50
360.0
0
TEXT
5
2E2
330
1C
100
AcDbEntity
67
0
8
2 - окн федерального значения
62
7
6
ByLayer
370
-1
48
1.0
60
0
100
AcDbText
1
320
10
1394344.60091634
20
360508.841163625
30
0.0
40
0.31111111111
41
1.0
50
0.0
51
0.0
7
Standard
11
1394344.60091634
21
360508.841163625
31
0.0
210
0.0
220
0.0
230
1.0
71
0
72
0
100
AcDbText
73
0
0
POINT
5
2E3
330
1C
100
AcDbEntity
67
0
8
2 - окн федерального значения
62
256
6
ByLayer
370
-1
48
1.0
60
0
100
AcDbPoint
10
1394337.830755
20
360514.346028048
30
0.0
39
0.0
210
0.0
220
0.0
230
1.0
50
360.0
0
TEXT
5
2E4
330
1C
100
AcDbEntity
67
0
8
2 - окн федерального значения
62
7
6
ByLayer
370
-1
48
1.0
60
0
100
AcDbText
1
321
10
1394337.970755
20
360514.620472478
30
0.0
40
0.31111111111
41
1.0
50
0.0
51
0.0
7
Standard
11
1394337.970755
21
360514.620472478
31
0.0
210
0.0
220
0.0
230
1.0
71
0
72
0
100
AcDbText
73
0
0
POINT
5
2E5
330
1C
100
AcDbEntity
67
0
8
2 - окн федерального значения
62
256
6
ByLayer
370
-1
48
1.0
60
0
100
AcDbPoint
10
1394331.271463
20
360506.82105141
30
0.0
39
0.0
210
0.0
220
0.0
230
1.0
50
360.0
0
TEXT
5
2E6
330
1C
100
AcDbEntity
67
0
8
2 - окн федерального значения
62
7
6
ByLayer
370
-1
48
1.0
60
0
100
AcDbText
1
322
10
1394331.411463
20
360507.09549584
30
0.0
40
0.31111111111
41
1.0
50
0.0
51
0.0
7
Standard
11
1394331.411463
21
360507.09549584
31
0.0
210
0.0
220
0.0
230
1.0
71
0
72
0
100
AcDbText
73
0
0
POINT
5
2E7
330
1C
100
AcDbEntity
67
0
8
2 - окн федерального значения
62
256
6
ByLayer
370
-1
48
1.0
60
0
100
AcDbPoint
10
1394330.13195276
20
360505.513778052
30
0.0
39
0.0
210
0.0
220
0.0
230
1.0
50
360.0
0
TEXT
5
2E8
330
1C
100
AcDbEntity
67
0
8
2 - окн федерального значения
62
7
6
ByLayer
370
-1
48
1.0
60
0
100
AcDbText
1
323
10
1394330.27195276
20
360505.788222482
30
0.0
40
0.31111111111
41
1.0
50
0.0
51
0.0
7
Standard
11
1394330.27195276
21
360505.788222482
31
0.0
210
0.0
220
0.0
230
1.0
71
0
72
0
100
AcDbText
73
0
0
POINT
5
2E9
330
1C
100
AcDbEntity
67
0
8
2 - окн федерального значения
62
256
6
ByLayer
370
-1
48
1.0
60
0
100
AcDbPoint
10
1394329.19399357
20
360505.504792085
30
0.0
39
0.0
210
0.0
220
0.0
230
1.0
50
360.0
0
TEXT
5
2EA
330
1C
100
AcDbEntity
67
0
8
2 - окн федерального значения
62
7
6
ByLayer
370
-1
48
1.0
60
0
100
AcDbText
1
324
10
1394329.33399357
20
360505.779236516
30
0.0
40
0.31111111111
41
1.0
50
0.0
51
0.0
7
Standard
11
1394329.33399357
21
360505.779236516
31
0.0
210
0.0
220
0.0
230
1.0
71
0
72
0
100
AcDbText
73
0
0
POINT
5
2EB
330
1C
100
AcDbEntity
67
0
8
2 - окн федерального значения
62
256
6
ByLayer
370
-1
48
1.0
60
0
100
AcDbPoint
10
1394328.28527591
20
360505.272240085
30
0.0
39
0.0
210
0.0
220
0.0
230
1.0
50
360.0
0
TEXT
5
2EC
330
1C
100
AcDbEntity
67
0
8
2 - окн федерального значения
62
7
6
ByLayer
370
-1
48
1.0
60
0
100
AcDbText
1
325
10
1394328.42527591
20
360505.546684516
30
0.0
40
0.31111111111
41
1.0
50
0.0
51
0.0
7
Standard
11
1394328.42527591
21
360505.546684516
31
0.0
210
0.0
220
0.0
230
1.0
71
0
72
0
100
AcDbText
73
0
0
POINT
5
2ED
330
1C
100
AcDbEntity
67
0
8
2 - окн федерального значения
62
256
6
ByLayer
370
-1
48
1.0
60
0
100
AcDbPoint
10
1394327.4583047
20
360504.829558698
30
0.0
39
0.0
210
0.0
220
0.0
230
1.0
50
360.0
0
TEXT
5
2EE
330
1C
100
AcDbEntity
67
0
8
2 - окн федерального значения
62
7
6
ByLayer
370
-1
48
1.0
60
0
100
AcDbText
1
326
10
1394327.5983047
20
360505.104003128
30
0.0
40
0.31111111111
41
1.0
50
0.0
51
0.0
7
Standard
11
1394327.5983047
21
360505.104003128
31
0.0
210
0.0
220
0.0
230
1.0
71
0
72
0
100
AcDbText
73
0
0
POINT
5
2EF
330
1C
100
AcDbEntity
67
0
8
2 - окн федерального значения
62
256
6
ByLayer
370
-1
48
1.0
60
0
100
AcDbPoint
10
1394326.76086157
20
360504.202325655
30
0.0
39
0.0
210
0.0
220
0.0
230
1.0
50
360.0
0
TEXT
5
2F0
330
1C
100
AcDbEntity
67
0
8
2 - окн федерального значения
62
7
6
ByLayer
370
-1
48
1.0
60
0
100
AcDbText
1
327
10
1394326.90086157
20
360504.476770086
30
0.0
40
0.31111111111
41
1.0
50
0.0
51
0.0
7
Standard
11
1394326.90086157
21
360504.476770086
31
0.0
210
0.0
220
0.0
230
1.0
71
0
72
0
100
AcDbText
73
0
0
POINT
5
2F1
330
1C
100
AcDbEntity
67
0
8
2 - окн федерального значения
62
256
6
ByLayer
370
-1
48
1.0
60
0
100
AcDbPoint
10
1394326.23324418
20
360503.426781921
30
0.0
39
0.0
210
0.0
220
0.0
230
1.0
50
360.0
0
TEXT
5
2F2
330
1C
100
AcDbEntity
67
0
8
2 - окн федерального значения
62
7
6
ByLayer
370
-1
48
1.0
60
0
100
AcDbText
1
328
10
1394326.37324418
20
360503.701226351
30
0.0
40
0.31111111111
41
1.0
50
0.0
51
0.0
7
Standard
11
1394326.37324418
21
360503.701226351
31
0.0
210
0.0
220
0.0
230
1.0
71
0
72
0
100
AcDbText
73
0
0
POINT
5
2F3
330
1C
100
AcDbEntity
67
0
8
2 - окн федерального значения
62
256
6
ByLayer
370
-1
48
1.0
60
0
100
AcDbPoint
10
1394325.90593777
20
360502.547737715
30
0.0
39
0.0
210
0.0
220
0.0
230
1.0
50
360.0
0
TEXT
5
2F4
330
1C
100
AcDbEntity
67
0
8
2 - окн федерального значения
62
7
6
ByLayer
370
-1
48
1.0
60
0
100
AcDbText
1
329
10
1394326.04593777
20
360502.822182145
30
0.0
40
0.31111111111
41
1.0
50
0.0
51
0.0
7
Standard
11
1394326.04593777
21
360502.822182145
31
0.0
210
0.0
220
0.0
230
1.0
71
0
72
0
100
AcDbText
73
0
0
POINT
5
2F5
330
1C
100
AcDbEntity
67
0
8
2 - окн федерального значения
62
256
6
ByLayer
370
-1
48
1.0
60
0
100
AcDbPoint
10
1394325.79785381
20
360501.615983422
30
0.0
39
0.0
210
0.0
220
0.0
230
1.0
50
360.0
0
TEXT
5
2F6
330
1C
100
AcDbEntity
67
0
8
2 - окн федерального значения
62
7
6
ByLayer
370
-1
48
1.0
60
0
100
AcDbText
1
330
10
1394325.93785381
20
360501.890427852
30
0.0
40
0.31111111111
41
1.0
50
0.0
51
0.0
7
Standard
11
1394325.93785381
21
360501.890427852
31
0.0
210
0.0
220
0.0
230
1.0
71
0
72
0
100
AcDbText
73
0
0
POINT
5
2F7
330
1C
100
AcDbEntity
67
0
8
2 - окн федерального значения
62
256
6
ByLayer
370
-1
48
1.0
60
0
100
AcDbPoint
10
1394325.91523731
20
360500.685354969
30
0.0
39
0.0
210
0.0
220
0.0
230
1.0
50
360.0
0
TEXT
5
2F8
330
1C
100
AcDbEntity
67
0
8
2 - окн федерального значения
62
7
6
ByLayer
370
-1
48
1.0
60
0
100
AcDbText
1
331
10
1394326.05523731
20
360500.9597994
30
0.0
40
0.31111111111
41
1.0
50
0.0
51
0.0
7
Standard
11
1394326.05523731
21
360500.9597994
31
0.0
210
0.0
220
0.0
230
1.0
71
0
72
0
100
AcDbText
73
0
0
POINT
5
2F9
330
1C
100
AcDbEntity
67
0
8
2 - окн федерального значения
62
256
6
ByLayer
370
-1
48
1.0
60
0
100
AcDbPoint
10
1394317.27583011
20
360490.089100179
30
0.0
39
0.0
210
0.0
220
0.0
230
1.0
50
360.0
0
TEXT
5
2FA
330
1C
100
AcDbEntity
67
0
8
2 - окн федерального значения
62
7
6
ByLayer
370
-1
48
1.0
60
0
100
AcDbText
1
332
10
1394317.41583011
20
360490.363544609
30
0.0
40
0.31111111111
41
1.0
50
0.0
51
0.0
7
Standard
11
1394317.41583011
21
360490.363544609
31
0.0
210
0.0
220
0.0
230
1.0
71
0
72
0
100
AcDbText
73
0
0
POINT
5
2FB
330
1C
100
AcDbEntity
67
0
8
2 - окн федерального значения
62
256
6
ByLayer
370
-1
48
1.0
60
0
100
AcDbPoint
10
1394316.20106016
20
360489.994384978
30
0.0
39
0.0
210
0.0
220
0.0
230
1.0
50
360.0
0
TEXT
5
2FC
330
1C
100
AcDbEntity
67
0
8
2 - окн федерального значения
62
7
6
ByLayer
370
-1
48
1.0
60
0
100
AcDbText
1
333
10
1394316.34106016
20
360490.268829409
30
0.0
40
0.31111111111
41
1.0
50
0.0
51
0.0
7
Standard
11
1394316.34106016
21
360490.268829409
31
0.0
210
0.0
220
0.0
230
1.0
71
0
72
0
100
AcDbText
73
0
0
POINT
5
2FD
330
1C
100
AcDbEntity
67
0
8
2 - окн федерального значения
62
256
6
ByLayer
370
-1
48
1.0
60
0
100
AcDbPoint
10
1394315.1911555
20
360489.614656174
30
0.0
39
0.0
210
0.0
220
0.0
230
1.0
50
360.0
0
TEXT
5
2FE
330
1C
100
AcDbEntity
67
0
8
2 - окн федерального значения
62
7
6
ByLayer
370
-1
48
1.0
60
0
100
AcDbText
1
334
10
1394315.3311555
20
360489.889100604
30
0.0
40
0.31111111111
41
1.0
50
0.0
51
0.0
7
Standard
11
1394315.3311555
21
360489.889100604
31
0.0
210
0.0
220
0.0
230
1.0
71
0
72
0
100
AcDbText
73
0
0
POINT
5
2FF
330
1C
100
AcDbEntity
67
0
8
2 - окн федерального значения
62
256
6
ByLayer
370
-1
48
1.0
60
0
100
AcDbPoint
10
1394314.32023896
20
360488.977784299
30
0.0
39
0.0
210
0.0
220
0.0
230
1.0
50
360.0
0
TEXT
5
300
330
1C
100
AcDbEntity
67
0
8
2 - окн федерального значения
62
7
6
ByLayer
370
-1
48
1.0
60
0
100
AcDbText
1
335
10
1394314.46023896
20
360489.252228729
30
0.0
40
0.31111111111
41
1.0
50
0.0
51
0.0
7
Standard
11
1394314.46023896
21
360489.252228729
31
0.0
210
0.0
220
0.0
230
1.0
71
0
72
0
100
AcDbText
73
0
0
POINT
5
301
330
1C
100
AcDbEntity
67
0
8
2 - окн федерального значения
62
256
6
ByLayer
370
-1
48
1.0
60
0
100
AcDbPoint
10
1394313.65223224
20
360488.130513131
30
0.0
39
0.0
210
0.0
220
0.0
230
1.0
50
360.0
0
TEXT
5
302
330
1C
100
AcDbEntity
67
0
8
2 - окн федерального значения
62
7
6
ByLayer
370
-1
48
1.0
60
0
100
AcDbText
1
336
10
1394313.79223224
20
360488.404957562
30
0.0
40
0.31111111111
41
1.0
50
0.0
51
0.0
7
Standard
11
1394313.79223224
21
360488.404957562
31
0.0
210
0.0
220
0.0
230
1.0
71
0
72
0
100
AcDbText
73
0
0
POINT
5
303
330
1C
100
AcDbEntity
67
0
8
2 - окн федерального значения
62
256
6
ByLayer
370
-1
48
1.0
60
0
100
AcDbPoint
10
1394313.23616429
20
360487.135028893
30
0.0
39
0.0
210
0.0
220
0.0
230
1.0
50
360.0
0
TEXT
5
304
330
1C
100
AcDbEntity
67
0
8
2 - окн федерального значения
62
7
6
ByLayer
370
-1
48
1.0
60
0
100
AcDbText
1
337
10
1394313.37616429
20
360487.409473323
30
0.0
40
0.31111111111
41
1.0
50
0.0
51
0.0
7
Standard
11
1394313.37616429
21
360487.409473323
31
0.0
210
0.0
220
0.0
230
1.0
71
0
72
0
100
AcDbText
73
0
0
POINT
5
305
330
1C
100
AcDbEntity
67
0
8
2 - окн федерального значения
62
256
6
ByLayer
370
-1
48
1.0
60
0
100
AcDbPoint
10
1394313.10257279
20
360486.064396035
30
0.0
39
0.0
210
0.0
220
0.0
230
1.0
50
360.0
0
TEXT
5
306
330
1C
100
AcDbEntity
67
0
8
2 - окн федерального значения
62
7
6
ByLayer
370
-1
48
1.0
60
0
100
AcDbText
1
338
10
1394313.24257279
20
360486.338840465
30
0.0
40
0.31111111111
41
1.0
50
0.0
51
0.0
7
Standard
11
1394313.24257279
21
360486.338840465
31
0.0
210
0.0
220
0.0
230
1.0
71
0
72
0
100
AcDbText
73
0
0
POINT
5
307
330
1C
100
AcDbEntity
67
0
8
2 - окн федерального значения
62
256
6
ByLayer
370
-1
48
1.0
60
0
100
AcDbPoint
10
1394313.26126281
20
360484.997194609
30
0.0
39
0.0
210
0.0
220
0.0
230
1.0
50
360.0
0
TEXT
5
308
330
1C
100
AcDbEntity
67
0
8
2 - окн федерального значения
62
7
6
ByLayer
370
-1
48
1.0
60
0
100
AcDbText
1
339
10
1394313.40126281
20
360485.271639039
30
0.0
40
0.31111111111
41
1.0
50
0.0
51
0.0
7
Standard
11
1394313.40126281
21
360485.271639039
31
0.0
210
0.0
220
0.0
230
1.0
71
0
72
0
100
AcDbText
73
0
0
POINT
5
309
330
1C
100
AcDbEntity
67
0
8
2 - окн федерального значения
62
256
6
ByLayer
370
-1
48
1.0
60
0
100
AcDbPoint
10
1394313.70058715
20
360484.011752813
30
0.0
39
0.0
210
0.0
220
0.0
230
1.0
50
360.0
0
TEXT
5
30A
330
1C
100
AcDbEntity
67
0
8
2 - окн федерального значения
62
7
6
ByLayer
370
-1
48
1.0
60
0
100
AcDbText
1
340
10
1394313.84058714
20
360484.286197243
30
0.0
40
0.31111111111
41
1.0
50
0.0
51
0.0
7
Standard
11
1394313.84058714
21
360484.286197243
31
0.0
210
0.0
220
0.0
230
1.0
71
0
72
0
100
AcDbText
73
0
0
POINT
5
30B
330
1C
100
AcDbEntity
67
0
8
2 - окн федерального значения
62
256
6
ByLayer
370
-1
48
1.0
60
0
100
AcDbPoint
10
1394313.06732227
20
360482.636396044
30
0.0
39
0.0
210
0.0
220
0.0
230
1.0
50
360.0
0
TEXT
5
30C
330
1C
100
AcDbEntity
67
0
8
2 - окн федерального значения
62
7
6
ByLayer
370
-1
48
1.0
60
0
100
AcDbText
1
341
10
1394313.20732227
20
360482.910840475
30
0.0
40
0.31111111111
41
1.0
50
0.0
51
0.0
7
Standard
11
1394313.20732227
21
360482.910840475
31
0.0
210
0.0
220
0.0
230
1.0
71
0
72
0
100
AcDbText
73
0
0
POINT
5
30D
330
1C
100
AcDbEntity
67
0
8
2 - окн федерального значения
62
256
6
ByLayer
370
-1
48
1.0
60
0
100
AcDbPoint
10
1394308.55231763
20
360472.830480343
30
0.0
39
0.0
210
0.0
220
0.0
230
1.0
50
360.0
0
TEXT
5
30E
330
1C
100
AcDbEntity
67
0
8
2 - окн федерального значения
62
7
6
ByLayer
370
-1
48
1.0
60
0
100
AcDbText
1
342
10
1394308.69231763
20
360473.104924773
30
0.0
40
0.31111111111
41
1.0
50
0.0
51
0.0
7
Standard
11
1394308.69231763
21
360473.104924773
31
0.0
210
0.0
220
0.0
230
1.0
71
0
72
0
100
AcDbText
73
0
0
POINT
5
30F
330
1C
100
AcDbEntity
67
0
8
2 - окн федерального значения
62
256
6
ByLayer
370
-1
48
1.0
60
0
100
AcDbPoint
10
1394308.02331977
20
360471.681576061
30
0.0
39
0.0
210
0.0
220
0.0
230
1.0
50
360.0
0
TEXT
5
310
330
1C
100
AcDbEntity
67
0
8
2 - окн федерального значения
62
7
6
ByLayer
370
-1
48
1.0
60
0
100
AcDbText
1
343
10
1394308.16331977
20
360471.956020491
30
0.0
40
0.31111111111
41
1.0
50
0.0
51
0.0
7
Standard
11
1394308.16331977
21
360471.956020491
31
0.0
210
0.0
220
0.0
230
1.0
71
0
72
0
100
AcDbText
73
0
0
POINT
5
311
330
1C
100
AcDbEntity
67
0
8
2 - окн федерального значения
62
256
6
ByLayer
370
-1
48
1.0
60
0
100
AcDbPoint
10
1394306.48916427
20
360470.895937961
30
0.0
39
0.0
210
0.0
220
0.0
230
1.0
50
360.0
0
TEXT
5
312
330
1C
100
AcDbEntity
67
0
8
2 - окн федерального значения
62
7
6
ByLayer
370
-1
48
1.0
60
0
100
AcDbText
1
344
10
1394306.62916427
20
360471.170382392
30
0.0
40
0.31111111111
41
1.0
50
0.0
51
0.0
7
Standard
11
1394306.62916427
21
360471.170382392
31
0.0
210
0.0
220
0.0
230
1.0
71
0
72
0
100
AcDbText
73
0
0
POINT
5
313
330
1C
100
AcDbEntity
67
0
8
2 - окн федерального значения
62
256
6
ByLayer
370
-1
48
1.0
60
0
100
AcDbPoint
10
1394305.40343069
20
360469.557265886
30
0.0
39
0.0
210
0.0
220
0.0
230
1.0
50
360.0
0
TEXT
5
314
330
1C
100
AcDbEntity
67
0
8
2 - окн федерального значения
62
7
6
ByLayer
370
-1
48
1.0
60
0
100
AcDbText
1
345
10
1394305.54343069
20
360469.831710316
30
0.0
40
0.31111111111
41
1.0
50
0.0
51
0.0
7
Standard
11
1394305.54343069
21
360469.831710316
31
0.0
210
0.0
220
0.0
230
1.0
71
0
72
0
100
AcDbText
73
0
0
POINT
5
315
330
1C
100
AcDbEntity
67
0
8
2 - окн федерального значения
62
256
6
ByLayer
370
-1
48
1.0
60
0
100
AcDbPoint
10
1394304.95138175
20
360467.893982363
30
0.0
39
0.0
210
0.0
220
0.0
230
1.0
50
360.0
0
TEXT
5
316
330
1C
100
AcDbEntity
67
0
8
2 - окн федерального значения
62
7
6
ByLayer
370
-1
48
1.0
60
0
100
AcDbText
1
346
10
1394305.09138175
20
360468.168426794
30
0.0
40
0.31111111111
41
1.0
50
0.0
51
0.0
7
Standard
11
1394305.09138175
21
360468.168426794
31
0.0
210
0.0
220
0.0
230
1.0
71
0
72
0
100
AcDbText
73
0
0
POINT
5
317
330
1C
100
AcDbEntity
67
0
8
2 - окн федерального значения
62
256
6
ByLayer
370
-1
48
1.0
60
0
100
AcDbPoint
10
1394305.2101522
20
360466.189899566
30
0.0
39
0.0
210
0.0
220
0.0
230
1.0
50
360.0
0
TEXT
5
318
330
1C
100
AcDbEntity
67
0
8
2 - окн федерального значения
62
7
6
ByLayer
370
-1
48
1.0
60
0
100
AcDbText
1
347
10
1394305.3501522
20
360466.464343997
30
0.0
40
0.31111111111
41
1.0
50
0.0
51
0.0
7
Standard
11
1394305.3501522
21
360466.464343997
31
0.0
210
0.0
220
0.0
230
1.0
71
0
72
0
100
AcDbText
73
0
0
POINT
5
319
330
1C
100
AcDbEntity
67
0
8
2 - окн федерального значения
62
256
6
ByLayer
370
-1
48
1.0
60
0
100
AcDbPoint
10
1394704.9075235
20
359200.714445681
30
0.0
39
0.0
210
0.0
220
0.0
230
1.0
50
360.0
0
TEXT
5
31A
330
1C
100
AcDbEntity
67
0
8
2 - окн федерального значения
62
7
6
ByLayer
370
-1
48
1.0
60
0
100
AcDbText
1
348
10
1394705.0475235
20
359200.988890111
30
0.0
40
0.31111111111
41
1.0
50
0.0
51
0.0
7
Standard
11
1394705.0475235
21
359200.988890111
31
0.0
210
0.0
220
0.0
230
1.0
71
0
72
0
100
AcDbText
73
0
0
POINT
5
31B
330
1C
100
AcDbEntity
67
0
8
2 - окн федерального значения
62
256
6
ByLayer
370
-1
48
1.0
60
0
100
AcDbPoint
10
1394729.0244183
20
359193.53151044
30
0.0
39
0.0
210
0.0
220
0.0
230
1.0
50
360.0
0
TEXT
5
31C
330
1C
100
AcDbEntity
67
0
8
2 - окн федерального значения
62
7
6
ByLayer
370
-1
48
1.0
60
0
100
AcDbText
1
349
10
1394729.1644183
20
359193.80595487
30
0.0
40
0.31111111111
41
1.0
50
0.0
51
0.0
7
Standard
11
1394729.1644183
21
359193.80595487
31
0.0
210
0.0
220
0.0
230
1.0
71
0
72
0
100
AcDbText
73
0
0
POINT
5
31D
330
1C
100
AcDbEntity
67
0
8
2 - окн федерального значения
62
256
6
ByLayer
370
-1
48
1.0
60
0
100
AcDbPoint
10
1394729.36650354
20
359194.707012202
30
0.0
39
0.0
210
0.0
220
0.0
230
1.0
50
360.0
0
TEXT
5
31E
330
1C
100
AcDbEntity
67
0
8
2 - окн федерального значения
62
7
6
ByLayer
370
-1
48
1.0
60
0
100
AcDbText
1
350
10
1394729.50650354
20
359194.981456632
30
0.0
40
0.31111111111
41
1.0
50
0.0
51
0.0
7
Standard
11
1394729.50650354
21
359194.981456632
31
0.0
210
0.0
220
0.0
230
1.0
71
0
72
0
100
AcDbText
73
0
0
POINT
5
31F
330
1C
100
AcDbEntity
67
0
8
2 - окн федерального значения
62
256
6
ByLayer
370
-1
48
1.0
60
0
100
AcDbPoint
10
1394730.29078261
20
359194.441098994
30
0.0
39
0.0
210
0.0
220
0.0
230
1.0
50
360.0
0
TEXT
5
320
330
1C
100
AcDbEntity
67
0
8
2 - окн федерального значения
62
7
6
ByLayer
370
-1
48
1.0
60
0
100
AcDbText
1
351
10
1394730.43078261
20
359194.715543424
30
0.0
40
0.31111111111
41
1.0
50
0.0
51
0.0
7
Standard
11
1394730.43078261
21
359194.715543424
31
0.0
210
0.0
220
0.0
230
1.0
71
0
72
0
100
AcDbText
73
0
0
POINT
5
321
330
1C
100
AcDbEntity
67
0
8
2 - окн федерального значения
62
256
6
ByLayer
370
-1
48
1.0
60
0
100
AcDbPoint
10
1394734.88380464
20
359210.645064101
30
0.0
39
0.0
210
0.0
220
0.0
230
1.0
50
360.0
0
TEXT
5
322
330
1C
100
AcDbEntity
67
0
8
2 - окн федерального значения
62
7
6
ByLayer
370
-1
48
1.0
60
0
100
AcDbText
1
352
10
1394735.02380464
20
359210.919508532
30
0.0
40
0.31111111111
41
1.0
50
0.0
51
0.0
7
Standard
11
1394735.02380464
21
359210.919508532
31
0.0
210
0.0
220
0.0
230
1.0
71
0
72
0
100
AcDbText
73
0
0
POINT
5
323
330
1C
100
AcDbEntity
67
0
8
2 - окн федерального значения
62
256
6
ByLayer
370
-1
48
1.0
60
0
100
AcDbPoint
10
1394734.02983117
20
359210.892049086
30
0.0
39
0.0
210
0.0
220
0.0
230
1.0
50
360.0
0
TEXT
5
324
330
1C
100
AcDbEntity
67
0
8
2 - окн федерального значения
62
7
6
ByLayer
370
-1
48
1.0
60
0
100
AcDbText
1
353
10
1394734.16983117
20
359211.166493517
30
0.0
40
0.31111111111
41
1.0
50
0.0
51
0.0
7
Standard
11
1394734.16983117
21
359211.166493517
31
0.0
210
0.0
220
0.0
230
1.0
71
0
72
0
100
AcDbText
73
0
0
POINT
5
325
330
1C
100
AcDbEntity
67
0
8
2 - окн федерального значения
62
256
6
ByLayer
370
-1
48
1.0
60
0
100
AcDbPoint
10
1394734.29150637
20
359211.80030213
30
0.0
39
0.0
210
0.0
220
0.0
230
1.0
50
360.0
0
TEXT
5
326
330
1C
100
AcDbEntity
67
0
8
2 - окн федерального значения
62
7
6
ByLayer
370
-1
48
1.0
60
0
100
AcDbText
1
354
10
1394734.43150637
20
359212.074746561
30
0.0
40
0.31111111111
41
1.0
50
0.0
51
0.0
7
Standard
11
1394734.43150637
21
359212.074746561
31
0.0
210
0.0
220
0.0
230
1.0
71
0
72
0
100
AcDbText
73
0
0
POINT
5
327
330
1C
100
AcDbEntity
67
0
8
2 - окн федерального значения
62
256
6
ByLayer
370
-1
48
1.0
60
0
100
AcDbPoint
10
1394710.48982857
20
359218.910997217
30
0.0
39
0.0
210
0.0
220
0.0
230
1.0
50
360.0
0
TEXT
5
328
330
1C
100
AcDbEntity
67
0
8
2 - окн федерального значения
62
7
6
ByLayer
370
-1
48
1.0
60
0
100
AcDbText
1
355
10
1394710.62982857
20
359219.185441647
30
0.0
40
0.31111111111
41
1.0
50
0.0
51
0.0
7
Standard
11
1394710.62982857
21
359219.185441647
31
0.0
210
0.0
220
0.0
230
1.0
71
0
72
0
100
AcDbText
73
0
0
POINT
5
329
330
1C
100
AcDbEntity
67
0
8
2 - окн федерального значения
62
256
6
ByLayer
370
-1
48
1.0
60
0
100
AcDbPoint
10
1394744.88682051
20
359245.876138662
30
0.0
39
0.0
210
0.0
220
0.0
230
1.0
50
360.0
0
TEXT
5
32A
330
1C
100
AcDbEntity
67
0
8
2 - окн федерального значения
62
7
6
ByLayer
370
-1
48
1.0
60
0
100
AcDbText
1
356
10
1394745.02682051
20
359246.150583092
30
0.0
40
0.31111111111
41
1.0
50
0.0
51
0.0
7
Standard
11
1394745.02682051
21
359246.150583092
31
0.0
210
0.0
220
0.0
230
1.0
71
0
72
0
100
AcDbText
73
0
0
POINT
5
32B
330
1C
100
AcDbEntity
67
0
8
2 - окн федерального значения
62
256
6
ByLayer
370
-1
48
1.0
60
0
100
AcDbPoint
10
1394757.74565765
20
359242.222129884
30
0.0
39
0.0
210
0.0
220
0.0
230
1.0
50
360.0
0
TEXT
5
32C
330
1C
100
AcDbEntity
67
0
8
2 - окн федерального значения
62
7
6
ByLayer
370
-1
48
1.0
60
0
100
AcDbText
1
357
10
1394757.88565765
20
359242.496574315
30
0.0
40
0.31111111111
41
1.0
50
0.0
51
0.0
7
Standard
11
1394757.88565765
21
359242.496574315
31
0.0
210
0.0
220
0.0
230
1.0
71
0
72
0
100
AcDbText
73
0
0
POINT
5
32D
330
1C
100
AcDbEntity
67
0
8
2 - окн федерального значения
62
256
6
ByLayer
370
-1
48
1.0
60
0
100
AcDbPoint
10
1394754.71316792
20
359231.233228648
30
0.0
39
0.0
210
0.0
220
0.0
230
1.0
50
360.0
0
TEXT
5
32E
330
1C
100
AcDbEntity
67
0
8
2 - окн федерального значения
62
7
6
ByLayer
370
-1
48
1.0
60
0
100
AcDbText
1
358
10
1394754.85316792
20
359231.507673078
30
0.0
40
0.31111111111
41
1.0
50
0.0
51
0.0
7
Standard
11
1394754.85316792
21
359231.507673078
31
0.0
210
0.0
220
0.0
230
1.0
71
0
72
0
100
AcDbText
73
0
0
POINT
5
32F
330
1C
100
AcDbEntity
67
0
8
2 - окн федерального значения
62
256
6
ByLayer
370
-1
48
1.0
60
0
100
AcDbPoint
10
1394752.5032347
20
359231.849542828
30
0.0
39
0.0
210
0.0
220
0.0
230
1.0
50
360.0
0
TEXT
5
330
330
1C
100
AcDbEntity
67
0
8
2 - окн федерального значения
62
7
6
ByLayer
370
-1
48
1.0
60
0
100
AcDbText
1
359
10
1394752.6432347
20
359232.123987259
30
0.0
40
0.31111111111
41
1.0
50
0.0
51
0.0
7
Standard
11
1394752.6432347
21
359232.123987259
31
0.0
210
0.0
220
0.0
230
1.0
71
0
72
0
100
AcDbText
73
0
0
POINT
5
331
330
1C
100
AcDbEntity
67
0
8
2 - окн федерального значения
62
256
6
ByLayer
370
-1
48
1.0
60
0
100
AcDbPoint
10
1394748.60092381
20
359217.728421766
30
0.0
39
0.0
210
0.0
220
0.0
230
1.0
50
360.0
0
TEXT
5
332
330
1C
100
AcDbEntity
67
0
8
2 - окн федерального значения
62
7
6
ByLayer
370
-1
48
1.0
60
0
100
AcDbText
1
360
10
1394748.74092381
20
359218.002866196
30
0.0
40
0.31111111111
41
1.0
50
0.0
51
0.0
7
Standard
11
1394748.74092381
21
359218.002866196
31
0.0
210
0.0
220
0.0
230
1.0
71
0
72
0
100
AcDbText
73
0
0
POINT
5
333
330
1C
100
AcDbEntity
67
0
8
2 - окн федерального значения
62
256
6
ByLayer
370
-1
48
1.0
60
0
100
AcDbPoint
10
1394746.09662852
20
359208.666239403
30
0.0
39
0.0
210
0.0
220
0.0
230
1.0
50
360.0
0
TEXT
5
334
330
1C
100
AcDbEntity
67
0
8
2 - окн федерального значения
62
7
6
ByLayer
370
-1
48
1.0
60
0
100
AcDbText
1
361
10
1394746.23662852
20
359208.940683834
30
0.0
40
0.31111111111
41
1.0
50
0.0
51
0.0
7
Standard
11
1394746.23662852
21
359208.940683834
31
0.0
210
0.0
220
0.0
230
1.0
71
0
72
0
100
AcDbText
73
0
0
POINT
5
335
330
1C
100
AcDbEntity
67
0
8
2 - окн федерального значения
62
256
6
ByLayer
370
-1
48
1.0
60
0
100
AcDbPoint
10
1394748.1457975
20
359208.097475213
30
0.0
39
0.0
210
0.0
220
0.0
230
1.0
50
360.0
0
TEXT
5
336
330
1C
100
AcDbEntity
67
0
8
2 - окн федерального значения
62
7
6
ByLayer
370
-1
48
1.0
60
0
100
AcDbText
1
362
10
1394748.2857975
20
359208.371919644
30
0.0
40
0.31111111111
41
1.0
50
0.0
51
0.0
7
Standard
11
1394748.2857975
21
359208.371919644
31
0.0
210
0.0
220
0.0
230
1.0
71
0
72
0
100
AcDbText
73
0
0
POINT
5
337
330
1C
100
AcDbEntity
67
0
8
2 - окн федерального значения
62
256
6
ByLayer
370
-1
48
1.0
60
0
100
AcDbPoint
10
1394743.55220945
20
359191.95424554
30
0.0
39
0.0
210
0.0
220
0.0
230
1.0
50
360.0
0
TEXT
5
338
330
1C
100
AcDbEntity
67
0
8
2 - окн федерального значения
62
7
6
ByLayer
370
-1
48
1.0
60
0
100
AcDbText
1
363
10
1394743.69220945
20
359192.22868997
30
0.0
40
0.31111111111
41
1.0
50
0.0
51
0.0
7
Standard
11
1394743.69220945
21
359192.22868997
31
0.0
210
0.0
220
0.0
230
1.0
71
0
72
0
100
AcDbText
73
0
0
POINT
5
339
330
1C
100
AcDbEntity
67
0
8
2 - окн федерального значения
62
256
6
ByLayer
370
-1
48
1.0
60
0
100
AcDbPoint
10
1394739.67115143
20
359178.281565478
30
0.0
39
0.0
210
0.0
220
0.0
230
1.0
50
360.0
0
TEXT
5
33A
330
1C
100
AcDbEntity
67
0
8
2 - окн федерального значения
62
7
6
ByLayer
370
-1
48
1.0
60
0
100
AcDbText
1
364
10
1394739.81115143
20
359178.556009909
30
0.0
40
0.31111111111
41
1.0
50
0.0
51
0.0
7
Standard
11
1394739.81115143
21
359178.556009909
31
0.0
210
0.0
220
0.0
230
1.0
71
0
72
0
100
AcDbText
73
0
0
POINT
5
33B
330
1C
100
AcDbEntity
67
0
8
2 - окн федерального значения
62
256
6
ByLayer
370
-1
48
1.0
60
0
100
AcDbPoint
10
1394735.62721432
20
359164.045903614
30
0.0
39
0.0
210
0.0
220
0.0
230
1.0
50
360.0
0
TEXT
5
33C
330
1C
100
AcDbEntity
67
0
8
2 - окн федерального значения
62
7
6
ByLayer
370
-1
48
1.0
60
0
100
AcDbText
1
365
10
1394735.76721432
20
359164.320348044
30
0.0
40
0.31111111111
41
1.0
50
0.0
51
0.0
7
Standard
11
1394735.76721432
21
359164.320348044
31
0.0
210
0.0
220
0.0
230
1.0
71
0
72
0
100
AcDbText
73
0
0
POINT
5
33D
330
1C
100
AcDbEntity
67
0
8
2 - окн федерального значения
62
256
6
ByLayer
370
-1
48
1.0
60
0
100
AcDbPoint
10
1394736.29027077
20
359163.856009296
30
0.0
39
0.0
210
0.0
220
0.0
230
1.0
50
360.0
0
TEXT
5
33E
330
1C
100
AcDbEntity
67
0
8
2 - окн федерального значения
62
7
6
ByLayer
370
-1
48
1.0
60
0
100
AcDbText
1
366
10
1394736.43027077
20
359164.130453726
30
0.0
40
0.31111111111
41
1.0
50
0.0
51
0.0
7
Standard
11
1394736.43027077
21
359164.130453726
31
0.0
210
0.0
220
0.0
230
1.0
71
0
72
0
100
AcDbText
73
0
0
POINT
5
33F
330
1C
100
AcDbEntity
67
0
8
2 - окн федерального значения
62
256
6
ByLayer
370
-1
48
1.0
60
0
100
AcDbPoint
10
1394735.98650109
20
359162.791119007
30
0.0
39
0.0
210
0.0
220
0.0
230
1.0
50
360.0
0
TEXT
5
340
330
1C
100
AcDbEntity
67
0
8
2 - окн федерального значения
62
7
6
ByLayer
370
-1
48
1.0
60
0
100
AcDbText
1
367
10
1394736.12650109
20
359163.065563437
30
0.0
40
0.31111111111
41
1.0
50
0.0
51
0.0
7
Standard
11
1394736.12650109
21
359163.065563437
31
0.0
210
0.0
220
0.0
230
1.0
71
0
72
0
100
AcDbText
73
0
0
POINT
5
341
330
1C
100
AcDbEntity
67
0
8
2 - окн федерального значения
62
256
6
ByLayer
370
-1
48
1.0
60
0
100
AcDbPoint
10
1394735.33313838
20
359163.001166257
30
0.0
39
0.0
210
0.0
220
0.0
230
1.0
50
360.0
0
TEXT
5
342
330
1C
100
AcDbEntity
67
0
8
2 - окн федерального значения
62
7
6
ByLayer
370
-1
48
1.0
60
0
100
AcDbText
1
368
10
1394735.47313838
20
359163.275610688
30
0.0
40
0.31111111111
41
1.0
50
0.0
51
0.0
7
Standard
11
1394735.47313838
21
359163.275610688
31
0.0
210
0.0
220
0.0
230
1.0
71
0
72
0
100
AcDbText
73
0
0
POINT
5
343
330
1C
100
AcDbEntity
67
0
8
2 - окн федерального значения
62
256
6
ByLayer
370
-1
48
1.0
60
0
100
AcDbPoint
10
1394734.71605838
20
359160.841232843
30
0.0
39
0.0
210
0.0
220
0.0
230
1.0
50
360.0
0
TEXT
5
344
330
1C
100
AcDbEntity
67
0
8
2 - окн федерального значения
62
7
6
ByLayer
370
-1
48
1.0
60
0
100
AcDbText
1
369
10
1394734.85605838
20
359161.115677274
30
0.0
40
0.31111111111
41
1.0
50
0.0
51
0.0
7
Standard
11
1394734.85605838
21
359161.115677274
31
0.0
210
0.0
220
0.0
230
1.0
71
0
72
0
100
AcDbText
73
0
0
POINT
5
345
330
1C
100
AcDbEntity
67
0
8
2 - окн федерального значения
62
256
6
ByLayer
370
-1
48
1.0
60
0
100
AcDbPoint
10
1394735.4191145
20
359160.651950887
30
0.0
39
0.0
210
0.0
220
0.0
230
1.0
50
360.0
0
TEXT
5
346
330
1C
100
AcDbEntity
67
0
8
2 - окн федерального значения
62
7
6
ByLayer
370
-1
48
1.0
60
0
100
AcDbText
1
370
10
1394735.5591145
20
359160.926395318
30
0.0
40
0.31111111111
41
1.0
50
0.0
51
0.0
7
Standard
11
1394735.5591145
21
359160.926395318
31
0.0
210
0.0
220
0.0
230
1.0
71
0
72
0
100
AcDbText
73
0
0
POINT
5
347
330
1C
100
AcDbEntity
67
0
8
2 - окн федерального значения
62
256
6
ByLayer
370
-1
48
1.0
60
0
100
AcDbPoint
10
1394735.13488538
20
359159.617366543
30
0.0
39
0.0
210
0.0
220
0.0
230
1.0
50
360.0
0
TEXT
5
348
330
1C
100
AcDbEntity
67
0
8
2 - окн федерального значения
62
7
6
ByLayer
370
-1
48
1.0
60
0
100
AcDbText
1
371
10
1394735.27488538
20
359159.891810974
30
0.0
40
0.31111111111
41
1.0
50
0.0
51
0.0
7
Standard
11
1394735.27488538
21
359159.891810974
31
0.0
210
0.0
220
0.0
230
1.0
71
0
72
0
100
AcDbText
73
0
0
POINT
5
349
330
1C
100
AcDbEntity
67
0
8
2 - окн федерального значения
62
256
6
ByLayer
370
-1
48
1.0
60
0
100
AcDbPoint
10
1394734.43182926
20
359159.806648505
30
0.0
39
0.0
210
0.0
220
0.0
230
1.0
50
360.0
0
TEXT
5
34A
330
1C
100
AcDbEntity
67
0
8
2 - окн федерального значения
62
7
6
ByLayer
370
-1
48
1.0
60
0
100
AcDbText
1
372
10
1394734.57182926
20
359160.081092935
30
0.0
40
0.31111111111
41
1.0
50
0.0
51
0.0
7
Standard
11
1394734.57182926
21
359160.081092935
31
0.0
210
0.0
220
0.0
230
1.0
71
0
72
0
100
AcDbText
73
0
0
POINT
5
34B
330
1C
100
AcDbEntity
67
0
8
2 - окн федерального значения
62
256
6
ByLayer
370
-1
48
1.0
60
0
100
AcDbPoint
10
1394730.49328233
20
359145.93322835
30
0.0
39
0.0
210
0.0
220
0.0
230
1.0
50
360.0
0
TEXT
5
34C
330
1C
100
AcDbEntity
67
0
8
2 - окн федерального значения
62
7
6
ByLayer
370
-1
48
1.0
60
0
100
AcDbText
1
373
10
1394730.63328233
20
359146.207672781
30
0.0
40
0.31111111111
41
1.0
50
0.0
51
0.0
7
Standard
11
1394730.63328233
21
359146.207672781
31
0.0
210
0.0
220
0.0
230
1.0
71
0
72
0
100
AcDbText
73
0
0
POINT
5
34D
330
1C
100
AcDbEntity
67
0
8
2 - окн федерального значения
62
256
6
ByLayer
370
-1
48
1.0
60
0
100
AcDbPoint
10
1394717.97612821
20
359149.482446054
30
0.0
39
0.0
210
0.0
220
0.0
230
1.0
50
360.0
0
TEXT
5
34E
330
1C
100
AcDbEntity
67
0
8
2 - окн федерального значения
62
7
6
ByLayer
370
-1
48
1.0
60
0
100
AcDbText
1
374
10
1394718.11612821
20
359149.756890484
30
0.0
40
0.31111111111
41
1.0
50
0.0
51
0.0
7
Standard
11
1394718.11612821
21
359149.756890484
31
0.0
210
0.0
220
0.0
230
1.0
71
0
72
0
100
AcDbText
73
0
0
POINT
5
34F
330
1C
100
AcDbEntity
67
0
8
2 - окн федерального значения
62
256
6
ByLayer
370
-1
48
1.0
60
0
100
AcDbPoint
10
1394721.20969805
20
359162.265282171
30
0.0
39
0.0
210
0.0
220
0.0
230
1.0
50
360.0
0
TEXT
5
350
330
1C
100
AcDbEntity
67
0
8
2 - окн федерального значения
62
7
6
ByLayer
370
-1
48
1.0
60
0
100
AcDbText
1
375
10
1394721.34969805
20
359162.539726602
30
0.0
40
0.31111111111
41
1.0
50
0.0
51
0.0
7
Standard
11
1394721.34969805
21
359162.539726602
31
0.0
210
0.0
220
0.0
230
1.0
71
0
72
0
100
AcDbText
73
0
0
POINT
5
351
330
1C
100
AcDbEntity
67
0
8
2 - окн федерального значения
62
256
6
ByLayer
370
-1
48
1.0
60
0
100
AcDbPoint
10
1394723.36777126
20
359169.993189791
30
0.0
39
0.0
210
0.0
220
0.0
230
1.0
50
360.0
0
TEXT
5
352
330
1C
100
AcDbEntity
67
0
8
2 - окн федерального значения
62
7
6
ByLayer
370
-1
48
1.0
60
0
100
AcDbText
1
376
10
1394723.50777126
20
359170.267634222
30
0.0
40
0.31111111111
41
1.0
50
0.0
51
0.0
7
Standard
11
1394723.50777126
21
359170.267634222
31
0.0
210
0.0
220
0.0
230
1.0
71
0
72
0
100
AcDbText
73
0
0
POINT
5
353
330
1C
100
AcDbEntity
67
0
8
2 - окн федерального значения
62
256
6
ByLayer
370
-1
48
1.0
60
0
100
AcDbPoint
10
1394726.55196425
20
359181.226390817
30
0.0
39
0.0
210
0.0
220
0.0
230
1.0
50
360.0
0
TEXT
5
354
330
1C
100
AcDbEntity
67
0
8
2 - окн федерального значения
62
7
6
ByLayer
370
-1
48
1.0
60
0
100
AcDbText
1
377
10
1394726.69196425
20
359181.500835247
30
0.0
40
0.31111111111
41
1.0
50
0.0
51
0.0
7
Standard
11
1394726.69196425
21
359181.500835247
31
0.0
210
0.0
220
0.0
230
1.0
71
0
72
0
100
AcDbText
73
0
0
POINT
5
355
330
1C
100
AcDbEntity
67
0
8
2 - окн федерального значения
62
256
6
ByLayer
370
-1
48
1.0
60
0
100
AcDbPoint
10
1394729.95900347
20
359193.245750485
30
0.0
39
0.0
210
0.0
220
0.0
230
1.0
50
360.0
0
TEXT
5
356
330
1C
100
AcDbEntity
67
0
8
2 - окн федерального значения
62
7
6
ByLayer
370
-1
48
1.0
60
0
100
AcDbText
1
378
10
1394730.09900347
20
359193.520194916
30
0.0
40
0.31111111111
41
1.0
50
0.0
51
0.0
7
Standard
11
1394730.09900347
21
359193.520194916
31
0.0
210
0.0
220
0.0
230
1.0
71
0
72
0
100
AcDbText
73
0
0
POINT
5
357
330
1C
100
AcDbEntity
67
0
8
2 - окн федерального значения
62
256
6
ByLayer
370
-1
48
1.0
60
0
100
AcDbPoint
10
1394732.71139904
20
359202.958730072
30
0.0
39
0.0
210
0.0
220
0.0
230
1.0
50
360.0
0
TEXT
5
358
330
1C
100
AcDbEntity
67
0
8
2 - окн федерального значения
62
7
6
ByLayer
370
-1
48
1.0
60
0
100
AcDbText
1
382
10
1394732.85139904
20
359203.233174502
30
0.0
40
0.31111111111
41
1.0
50
0.0
51
0.0
7
Standard
11
1394732.85139904
21
359203.233174502
31
0.0
210
0.0
220
0.0
230
1.0
71
0
72
0
100
AcDbText
73
0
0
POINT
5
359
330
1C
100
AcDbEntity
67
0
8
2 - окн федерального значения
62
256
6
ByLayer
370
-1
48
1.0
60
0
100
AcDbPoint
10
1394734.3337538
20
359211.946939486
30
0.0
39
0.0
210
0.0
220
0.0
230
1.0
50
360.0
0
TEXT
5
35A
330
1C
100
AcDbEntity
67
0
8
2 - окн федерального значения
62
7
6
ByLayer
370
-1
48
1.0
60
0
100
AcDbText
1
385
10
1394734.4737538
20
359212.221383916
30
0.0
40
0.31111111111
41
1.0
50
0.0
51
0.0
7
Standard
11
1394734.4737538
21
359212.221383916
31
0.0
210
0.0
220
0.0
230
1.0
71
0
72
0
100
AcDbText
73
0
0
POINT
5
35B
330
1C
100
AcDbEntity
67
0
8
2 - окн федерального значения
62
256
6
ByLayer
370
-1
48
1.0
60
0
100
AcDbPoint
10
1394735.17757427
20
359211.709801329
30
0.0
39
0.0
210
0.0
220
0.0
230
1.0
50
360.0
0
TEXT
5
35C
330
1C
100
AcDbEntity
67
0
8
2 - окн федерального значения
62
7
6
ByLayer
370
-1
48
1.0
60
0
100
AcDbText
1
386
10
1394735.31757427
20
359211.984245759
30
0.0
40
0.31111111111
41
1.0
50
0.0
51
0.0
7
Standard
11
1394735.31757427
21
359211.984245759
31
0.0
210
0.0
220
0.0
230
1.0
71
0
72
0
100
AcDbText
73
0
0
POINT
5
35D
330
1C
100
AcDbEntity
67
0
8
2 - окн федерального значения
62
256
6
ByLayer
370
-1
48
1.0
60
0
100
AcDbPoint
10
1394737.52491933
20
359219.969986647
30
0.0
39
0.0
210
0.0
220
0.0
230
1.0
50
360.0
0
TEXT
5
35E
330
1C
100
AcDbEntity
67
0
8
2 - окн федерального значения
62
7
6
ByLayer
370
-1
48
1.0
60
0
100
AcDbText
1
387
10
1394737.66491933
20
359220.244431077
30
0.0
40
0.31111111111
41
1.0
50
0.0
51
0.0
7
Standard
11
1394737.66491933
21
359220.244431077
31
0.0
210
0.0
220
0.0
230
1.0
71
0
72
0
100
AcDbText
73
0
0
POINT
5
35F
330
1C
100
AcDbEntity
67
0
8
2 - окн федерального значения
62
256
6
ByLayer
370
-1
48
1.0
60
0
100
AcDbPoint
10
1394738.08827922
20
359221.952420911
30
0.0
39
0.0
210
0.0
220
0.0
230
1.0
50
360.0
0
TEXT
5
360
330
1C
100
AcDbEntity
67
0
8
2 - окн федерального значения
62
7
6
ByLayer
370
-1
48
1.0
60
0
100
AcDbText
1
388
10
1394738.22827922
20
359222.226865341
30
0.0
40
0.31111111111
41
1.0
50
0.0
51
0.0
7
Standard
11
1394738.22827922
21
359222.226865341
31
0.0
210
0.0
220
0.0
230
1.0
71
0
72
0
100
AcDbText
73
0
0
POINT
5
361
330
1C
100
AcDbEntity
67
0
8
2 - окн федерального значения
62
256
6
ByLayer
370
-1
48
1.0
60
0
100
AcDbPoint
10
1394741.92275138
20
359235.445730884
30
0.0
39
0.0
210
0.0
220
0.0
230
1.0
50
360.0
0
TEXT
5
362
330
1C
100
AcDbEntity
67
0
8
2 - окн федерального значения
62
7
6
ByLayer
370
-1
48
1.0
60
0
100
AcDbText
1
389
10
1394742.06275138
20
359235.720175315
30
0.0
40
0.31111111111
41
1.0
50
0.0
51
0.0
7
Standard
11
1394742.06275138
21
359235.720175315
31
0.0
210
0.0
220
0.0
230
1.0
71
0
72
0
100
AcDbText
73
0
0
POINT
5
363
330
1C
100
AcDbEntity
67
0
8
2 - окн федерального значения
62
256
6
ByLayer
370
-1
48
1.0
60
0
100
AcDbPoint
10
1392240.42135979
20
356059.977114333
30
0.0
39
0.0
210
0.0
220
0.0
230
1.0
50
360.0
0
TEXT
5
364
330
1C
100
AcDbEntity
67
0
8
2 - окн федерального значения
62
7
6
ByLayer
370
-1
48
1.0
60
0
100
AcDbText
1
390
10
1392240.56135979
20
356060.251558763
30
0.0
40
0.31111111111
41
1.0
50
0.0
51
0.0
7
Standard
11
1392240.56135979
21
356060.251558763
31
0.0
210
0.0
220
0.0
230
1.0
71
0
72
0
100
AcDbText
73
0
0
POINT
5
365
330
1C
100
AcDbEntity
67
0
8
2 - окн федерального значения
62
256
6
ByLayer
370
-1
48
1.0
60
0
100
AcDbPoint
10
1392239.18615008
20
356060.440985008
30
0.0
39
0.0
210
0.0
220
0.0
230
1.0
50
360.0
0
TEXT
5
366
330
1C
100
AcDbEntity
67
0
8
2 - окн федерального значения
62
7
6
ByLayer
370
-1
48
1.0
60
0
100
AcDbText
1
391
10
1392239.32615008
20
356060.715429438
30
0.0
40
0.31111111111
41
1.0
50
0.0
51
0.0
7
Standard
11
1392239.32615008
21
356060.715429438
31
0.0
210
0.0
220
0.0
230
1.0
71
0
72
0
100
AcDbText
73
0
0
POINT
5
367
330
1C
100
AcDbEntity
67
0
8
2 - окн федерального значения
62
256
6
ByLayer
370
-1
48
1.0
60
0
100
AcDbPoint
10
1392238.18395558
20
356060.9043067
30
0.0
39
0.0
210
0.0
220
0.0
230
1.0
50
360.0
0
TEXT
5
368
330
1C
100
AcDbEntity
67
0
8
2 - окн федерального значения
62
7
6
ByLayer
370
-1
48
1.0
60
0
100
AcDbText
1
392
10
1392238.32395558
20
356061.17875113
30
0.0
40
0.31111111111
41
1.0
50
0.0
51
0.0
7
Standard
11
1392238.32395558
21
356061.17875113
31
0.0
210
0.0
220
0.0
230
1.0
71
0
72
0
100
AcDbText
73
0
0
POINT
5
369
330
1C
100
AcDbEntity
67
0
8
2 - окн федерального значения
62
256
6
ByLayer
370
-1
48
1.0
60
0
100
AcDbPoint
10
1392237.67138771
20
356061.224272855
30
0.0
39
0.0
210
0.0
220
0.0
230
1.0
50
360.0
0
TEXT
5
36A
330
1C
100
AcDbEntity
67
0
8
2 - окн федерального значения
62
7
6
ByLayer
370
-1
48
1.0
60
0
100
AcDbText
1
393
10
1392237.81138771
20
356061.498717286
30
0.0
40
0.31111111111
41
1.0
50
0.0
51
0.0
7
Standard
11
1392237.81138771
21
356061.498717286
31
0.0
210
0.0
220
0.0
230
1.0
71
0
72
0
100
AcDbText
73
0
0
POINT
5
36B
330
1C
100
AcDbEntity
67
0
8
2 - окн федерального значения
62
256
6
ByLayer
370
-1
48
1.0
60
0
100
AcDbPoint
10
1392235.81966325
20
356056.958639451
30
0.0
39
0.0
210
0.0
220
0.0
230
1.0
50
360.0
0
TEXT
5
36C
330
1C
100
AcDbEntity
67
0
8
2 - окн федерального значения
62
7
6
ByLayer
370
-1
48
1.0
60
0
100
AcDbText
1
394
10
1392235.95966325
20
356057.233083882
30
0.0
40
0.31111111111
41
1.0
50
0.0
51
0.0
7
Standard
11
1392235.95966325
21
356057.233083882
31
0.0
210
0.0
220
0.0
230
1.0
71
0
72
0
100
AcDbText
73
0
0
POINT
5
36D
330
1C
100
AcDbEntity
67
0
8
2 - окн федерального значения
62
256
6
ByLayer
370
-1
48
1.0
60
0
100
AcDbPoint
10
1392234.96316196
20
356056.969957028
30
0.0
39
0.0
210
0.0
220
0.0
230
1.0
50
360.0
0
TEXT
5
36E
330
1C
100
AcDbEntity
67
0
8
2 - окн федерального значения
62
7
6
ByLayer
370
-1
48
1.0
60
0
100
AcDbText
1
395
10
1392235.10316196
20
356057.244401458
30
0.0
40
0.31111111111
41
1.0
50
0.0
51
0.0
7
Standard
11
1392235.10316196
21
356057.244401458
31
0.0
210
0.0
220
0.0
230
1.0
71
0
72
0
100
AcDbText
73
0
0
POINT
5
36F
330
1C
100
AcDbEntity
67
0
8
2 - окн федерального значения
62
256
6
ByLayer
370
-1
48
1.0
60
0
100
AcDbPoint
10
1392233.77837486
20
356056.776264817
30
0.0
39
0.0
210
0.0
220
0.0
230
1.0
50
360.0
0
TEXT
5
370
330
1C
100
AcDbEntity
67
0
8
2 - окн федерального значения
62
7
6
ByLayer
370
-1
48
1.0
60
0
100
AcDbText
1
396
10
1392233.91837486
20
356057.050709247
30
0.0
40
0.31111111111
41
1.0
50
0.0
51
0.0
7
Standard
11
1392233.91837486
21
356057.050709247
31
0.0
210
0.0
220
0.0
230
1.0
71
0
72
0
100
AcDbText
73
0
0
POINT
5
371
330
1C
100
AcDbEntity
67
0
8
2 - окн федерального значения
62
256
6
ByLayer
370
-1
48
1.0
60
0
100
AcDbPoint
10
1392232.73554614
20
356056.45815653
30
0.0
39
0.0
210
0.0
220
0.0
230
1.0
50
360.0
0
TEXT
5
372
330
1C
100
AcDbEntity
67
0
8
2 - окн федерального значения
62
7
6
ByLayer
370
-1
48
1.0
60
0
100
AcDbText
1
397
10
1392232.87554614
20
356056.732600961
30
0.0
40
0.31111111111
41
1.0
50
0.0
51
0.0
7
Standard
11
1392232.87554614
21
356056.732600961
31
0.0
210
0.0
220
0.0
230
1.0
71
0
72
0
100
AcDbText
73
0
0
POINT
5
373
330
1C
100
AcDbEntity
67
0
8
2 - окн федерального значения
62
256
6
ByLayer
370
-1
48
1.0
60
0
100
AcDbPoint
10
1392231.61992367
20
356055.986873927
30
0.0
39
0.0
210
0.0
220
0.0
230
1.0
50
360.0
0
TEXT
5
374
330
1C
100
AcDbEntity
67
0
8
2 - окн федерального значения
62
7
6
ByLayer
370
-1
48
1.0
60
0
100
AcDbText
1
398
10
1392231.75992367
20
356056.261318358
30
0.0
40
0.31111111111
41
1.0
50
0.0
51
0.0
7
Standard
11
1392231.75992367
21
356056.261318358
31
0.0
210
0.0
220
0.0
230
1.0
71
0
72
0
100
AcDbText
73
0
0
POINT
5
375
330
1C
100
AcDbEntity
67
0
8
2 - окн федерального значения
62
256
6
ByLayer
370
-1
48
1.0
60
0
100
AcDbPoint
10
1392231.01331352
20
356055.6951519
30
0.0
39
0.0
210
0.0
220
0.0
230
1.0
50
360.0
0
TEXT
5
376
330
1C
100
AcDbEntity
67
0
8
2 - окн федерального значения
62
7
6
ByLayer
370
-1
48
1.0
60
0
100
AcDbText
1
399
10
1392231.15331352
20
356055.969596331
30
0.0
40
0.31111111111
41
1.0
50
0.0
51
0.0
7
Standard
11
1392231.15331352
21
356055.969596331
31
0.0
210
0.0
220
0.0
230
1.0
71
0
72
0
100
AcDbText
73
0
0
POINT
5
377
330
1C
100
AcDbEntity
67
0
8
2 - окн федерального значения
62
256
6
ByLayer
370
-1
48
1.0
60
0
100
AcDbPoint
10
1392230.43264753
20
356055.35700504
30
0.0
39
0.0
210
0.0
220
0.0
230
1.0
50
360.0
0
TEXT
5
378
330
1C
100
AcDbEntity
67
0
8
2 - окн федерального значения
62
7
6
ByLayer
370
-1
48
1.0
60
0
100
AcDbText
1
400
10
1392230.57264753
20
356055.631449471
30
0.0
40
0.31111111111
41
1.0
50
0.0
51
0.0
7
Standard
11
1392230.57264753
21
356055.631449471
31
0.0
210
0.0
220
0.0
230
1.0
71
0
72
0
100
AcDbText
73
0
0
POINT
5
379
330
1C
100
AcDbEntity
67
0
8
2 - окн федерального значения
62
256
6
ByLayer
370
-1
48
1.0
60
0
100
AcDbPoint
10
1392229.66160096
20
356054.829946176
30
0.0
39
0.0
210
0.0
220
0.0
230
1.0
50
360.0
0
TEXT
5
37A
330
1C
100
AcDbEntity
67
0
8
2 - окн федерального значения
62
7
6
ByLayer
370
-1
48
1.0
60
0
100
AcDbText
1
401
10
1392229.80160096
20
356055.104390607
30
0.0
40
0.31111111111
41
1.0
50
0.0
51
0.0
7
Standard
11
1392229.80160096
21
356055.104390607
31
0.0
210
0.0
220
0.0
230
1.0
71
0
72
0
100
AcDbText
73
0
0
POINT
5
37B
330
1C
100
AcDbEntity
67
0
8
2 - окн федерального значения
62
256
6
ByLayer
370
-1
48
1.0
60
0
100
AcDbPoint
10
1392229.14864789
20
356054.355149091
30
0.0
39
0.0
210
0.0
220
0.0
230
1.0
50
360.0
0
TEXT
5
37C
330
1C
100
AcDbEntity
67
0
8
2 - окн федерального значения
62
7
6
ByLayer
370
-1
48
1.0
60
0
100
AcDbText
1
402
10
1392229.28864789
20
356054.629593522
30
0.0
40
0.31111111111
41
1.0
50
0.0
51
0.0
7
Standard
11
1392229.28864789
21
356054.629593522
31
0.0
210
0.0
220
0.0
230
1.0
71
0
72
0
100
AcDbText
73
0
0
POINT
5
37D
330
1C
100
AcDbEntity
67
0
8
2 - окн федерального значения
62
256
6
ByLayer
370
-1
48
1.0
60
0
100
AcDbPoint
10
1392228.72376419
20
356053.917349684
30
0.0
39
0.0
210
0.0
220
0.0
230
1.0
50
360.0
0
TEXT
5
37E
330
1C
100
AcDbEntity
67
0
8
2 - окн федерального значения
62
7
6
ByLayer
370
-1
48
1.0
60
0
100
AcDbText
1
403
10
1392228.86376419
20
356054.191794114
30
0.0
40
0.31111111111
41
1.0
50
0.0
51
0.0
7
Standard
11
1392228.86376419
21
356054.191794114
31
0.0
210
0.0
220
0.0
230
1.0
71
0
72
0
100
AcDbText
73
0
0
POINT
5
37F
330
1C
100
AcDbEntity
67
0
8
2 - окн федерального значения
62
256
6
ByLayer
370
-1
48
1.0
60
0
100
AcDbPoint
10
1392228.31118429
20
356053.426309403
30
0.0
39
0.0
210
0.0
220
0.0
230
1.0
50
360.0
0
TEXT
5
380
330
1C
100
AcDbEntity
67
0
8
2 - окн федерального значения
62
7
6
ByLayer
370
-1
48
1.0
60
0
100
AcDbText
1
404
10
1392228.45118429
20
356053.700753833
30
0.0
40
0.31111111111
41
1.0
50
0.0
51
0.0
7
Standard
11
1392228.45118429
21
356053.700753833
31
0.0
210
0.0
220
0.0
230
1.0
71
0
72
0
100
AcDbText
73
0
0
POINT
5
381
330
1C
100
AcDbEntity
67
0
8
2 - окн федерального значения
62
256
6
ByLayer
370
-1
48
1.0
60
0
100
AcDbPoint
10
1392227.8852342
20
356052.777206554
30
0.0
39
0.0
210
0.0
220
0.0
230
1.0
50
360.0
0
TEXT
5
382
330
1C
100
AcDbEntity
67
0
8
2 - окн федерального значения
62
7
6
ByLayer
370
-1
48
1.0
60
0
100
AcDbText
1
405
10
1392228.0252342
20
356053.051650984
30
0.0
40
0.31111111111
41
1.0
50
0.0
51
0.0
7
Standard
11
1392228.0252342
21
356053.051650984
31
0.0
210
0.0
220
0.0
230
1.0
71
0
72
0
100
AcDbText
73
0
0
POINT
5
383
330
1C
100
AcDbEntity
67
0
8
2 - окн федерального значения
62
256
6
ByLayer
370
-1
48
1.0
60
0
100
AcDbPoint
10
1392227.52407483
20
356052.168610197
30
0.0
39
0.0
210
0.0
220
0.0
230
1.0
50
360.0
0
TEXT
5
384
330
1C
100
AcDbEntity
67
0
8
2 - окн федерального значения
62
7
6
ByLayer
370
-1
48
1.0
60
0
100
AcDbText
1
406
10
1392227.66407483
20
356052.443054627
30
0.0
40
0.31111111111
41
1.0
50
0.0
51
0.0
7
Standard
11
1392227.66407483
21
356052.443054627
31
0.0
210
0.0
220
0.0
230
1.0
71
0
72
0
100
AcDbText
73
0
0
POINT
5
385
330
1C
100
AcDbEntity
67
0
8
2 - окн федерального значения
62
256
6
ByLayer
370
-1
48
1.0
60
0
100
AcDbPoint
10
1392227.23817079
20
356051.582257253
30
0.0
39
0.0
210
0.0
220
0.0
230
1.0
50
360.0
0
TEXT
5
386
330
1C
100
AcDbEntity
67
0
8
2 - окн федерального значения
62
7
6
ByLayer
370
-1
48
1.0
60
0
100
AcDbText
1
407
10
1392227.37817079
20
356051.856701684
30
0.0
40
0.31111111111
41
1.0
50
0.0
51
0.0
7
Standard
11
1392227.37817079
21
356051.856701684
31
0.0
210
0.0
220
0.0
230
1.0
71
0
72
0
100
AcDbText
73
0
0
POINT
5
387
330
1C
100
AcDbEntity
67
0
8
2 - окн федерального значения
62
256
6
ByLayer
370
-1
48
1.0
60
0
100
AcDbPoint
10
1392227.09109296
20
356051.209775777
30
0.0
39
0.0
210
0.0
220
0.0
230
1.0
50
360.0
0
TEXT
5
388
330
1C
100
AcDbEntity
67
0
8
2 - окн федерального значения
62
7
6
ByLayer
370
-1
48
1.0
60
0
100
AcDbText
1
408
10
1392227.23109296
20
356051.484220207
30
0.0
40
0.31111111111
41
1.0
50
0.0
51
0.0
7
Standard
11
1392227.23109296
21
356051.484220207
31
0.0
210
0.0
220
0.0
230
1.0
71
0
72
0
100
AcDbText
73
0
0
POINT
5
389
330
1C
100
AcDbEntity
67
0
8
2 - окн федерального значения
62
256
6
ByLayer
370
-1
48
1.0
60
0
100
AcDbPoint
10
1392226.86753514
20
356050.595665317
30
0.0
39
0.0
210
0.0
220
0.0
230
1.0
50
360.0
0
TEXT
5
38A
330
1C
100
AcDbEntity
67
0
8
2 - окн федерального значения
62
7
6
ByLayer
370
-1
48
1.0
60
0
100
AcDbText
1
409
10
1392227.00753514
20
356050.870109747
30
0.0
40
0.31111111111
41
1.0
50
0.0
51
0.0
7
Standard
11
1392227.00753514
21
356050.870109747
31
0.0
210
0.0
220
0.0
230
1.0
71
0
72
0
100
AcDbText
73
0
0
POINT
5
38B
330
1C
100
AcDbEntity
67
0
8
2 - окн федерального значения
62
256
6
ByLayer
370
-1
48
1.0
60
0
100
AcDbPoint
10
1392226.74358637
20
356050.160354059
30
0.0
39
0.0
210
0.0
220
0.0
230
1.0
50
360.0
0
TEXT
5
38C
330
1C
100
AcDbEntity
67
0
8
2 - окн федерального значения
62
7
6
ByLayer
370
-1
48
1.0
60
0
100
AcDbText
1
410
10
1392226.88358637
20
356050.43479849
30
0.0
40
0.31111111111
41
1.0
50
0.0
51
0.0
7
Standard
11
1392226.88358637
21
356050.43479849
31
0.0
210
0.0
220
0.0
230
1.0
71
0
72
0
100
AcDbText
73
0
0
POINT
5
38D
330
1C
100
AcDbEntity
67
0
8
2 - окн федерального значения
62
256
6
ByLayer
370
-1
48
1.0
60
0
100
AcDbPoint
10
1392226.65075356
20
356049.739083256
30
0.0
39
0.0
210
0.0
220
0.0
230
1.0
50
360.0
0
TEXT
5
38E
330
1C
100
AcDbEntity
67
0
8
2 - окн федерального значения
62
7
6
ByLayer
370
-1
48
1.0
60
0
100
AcDbText
1
411
10
1392226.79075356
20
356050.013527686
30
0.0
40
0.31111111111
41
1.0
50
0.0
51
0.0
7
Standard
11
1392226.79075356
21
356050.013527686
31
0.0
210
0.0
220
0.0
230
1.0
71
0
72
0
100
AcDbText
73
0
0
POINT
5
38F
330
1C
100
AcDbEntity
67
0
8
2 - окн федерального значения
62
256
6
ByLayer
370
-1
48
1.0
60
0
100
AcDbPoint
10
1392226.56496078
20
356049.104166803
30
0.0
39
0.0
210
0.0
220
0.0
230
1.0
50
360.0
0
TEXT
5
390
330
1C
100
AcDbEntity
67
0
8
2 - окн федерального значения
62
7
6
ByLayer
370
-1
48
1.0
60
0
100
AcDbText
1
412
10
1392226.70496078
20
356049.378611233
30
0.0
40
0.31111111111
41
1.0
50
0.0
51
0.0
7
Standard
11
1392226.70496078
21
356049.378611233
31
0.0
210
0.0
220
0.0
230
1.0
71
0
72
0
100
AcDbText
73
0
0
POINT
5
391
330
1C
100
AcDbEntity
67
0
8
2 - окн федерального значения
62
256
6
ByLayer
370
-1
48
1.0
60
0
100
AcDbPoint
10
1392226.50948181
20
356048.487345996
30
0.0
39
0.0
210
0.0
220
0.0
230
1.0
50
360.0
0
TEXT
5
392
330
1C
100
AcDbEntity
67
0
8
2 - окн федерального значения
62
7
6
ByLayer
370
-1
48
1.0
60
0
100
AcDbText
1
413
10
1392226.64948181
20
356048.761790426
30
0.0
40
0.31111111111
41
1.0
50
0.0
51
0.0
7
Standard
11
1392226.64948181
21
356048.761790426
31
0.0
210
0.0
220
0.0
230
1.0
71
0
72
0
100
AcDbText
73
0
0
POINT
5
393
330
1C
100
AcDbEntity
67
0
8
2 - окн федерального значения
62
256
6
ByLayer
370
-1
48
1.0
60
0
100
AcDbPoint
10
1392226.48039638
20
356047.891468799
30
0.0
39
0.0
210
0.0
220
0.0
230
1.0
50
360.0
0
TEXT
5
394
330
1C
100
AcDbEntity
67
0
8
2 - окн федерального значения
62
7
6
ByLayer
370
-1
48
1.0
60
0
100
AcDbText
1
414
10
1392226.62039638
20
356048.165913229
30
0.0
40
0.31111111111
41
1.0
50
0.0
51
0.0
7
Standard
11
1392226.62039638
21
356048.165913229
31
0.0
210
0.0
220
0.0
230
1.0
71
0
72
0
100
AcDbText
73
0
0
POINT
5
395
330
1C
100
AcDbEntity
67
0
8
2 - окн федерального значения
62
256
6
ByLayer
370
-1
48
1.0
60
0
100
AcDbPoint
10
1392226.51227755
20
356047.309628694
30
0.0
39
0.0
210
0.0
220
0.0
230
1.0
50
360.0
0
TEXT
5
396
330
1C
100
AcDbEntity
67
0
8
2 - окн федерального значения
62
7
6
ByLayer
370
-1
48
1.0
60
0
100
AcDbText
1
415
10
1392226.65227755
20
356047.584073125
30
0.0
40
0.31111111111
41
1.0
50
0.0
51
0.0
7
Standard
11
1392226.65227755
21
356047.584073125
31
0.0
210
0.0
220
0.0
230
1.0
71
0
72
0
100
AcDbText
73
0
0
POINT
5
397
330
1C
100
AcDbEntity
67
0
8
2 - окн федерального значения
62
256
6
ByLayer
370
-1
48
1.0
60
0
100
AcDbPoint
10
1392226.6257216
20
356046.383872944
30
0.0
39
0.0
210
0.0
220
0.0
230
1.0
50
360.0
0
TEXT
5
398
330
1C
100
AcDbEntity
67
0
8
2 - окн федерального значения
62
7
6
ByLayer
370
-1
48
1.0
60
0
100
AcDbText
1
416
10
1392226.7657216
20
356046.658317375
30
0.0
40
0.31111111111
41
1.0
50
0.0
51
0.0
7
Standard
11
1392226.7657216
21
356046.658317375
31
0.0
210
0.0
220
0.0
230
1.0
71
0
72
0
100
AcDbText
73
0
0
POINT
5
399
330
1C
100
AcDbEntity
67
0
8
2 - окн федерального значения
62
256
6
ByLayer
370
-1
48
1.0
60
0
100
AcDbPoint
10
1392226.82255742
20
356045.501392957
30
0.0
39
0.0
210
0.0
220
0.0
230
1.0
50
360.0
0
TEXT
5
39A
330
1C
100
AcDbEntity
67
0
8
2 - окн федерального значения
62
7
6
ByLayer
370
-1
48
1.0
60
0
100
AcDbText
1
417
10
1392226.96255742
20
356045.775837388
30
0.0
40
0.31111111111
41
1.0
50
0.0
51
0.0
7
Standard
11
1392226.96255742
21
356045.775837388
31
0.0
210
0.0
220
0.0
230
1.0
71
0
72
0
100
AcDbText
73
0
0
POINT
5
39B
330
1C
100
AcDbEntity
67
0
8
2 - окн федерального значения
62
256
6
ByLayer
370
-1
48
1.0
60
0
100
AcDbPoint
10
1392227.03494254
20
356045.380815214
30
0.0
39
0.0
210
0.0
220
0.0
230
1.0
50
360.0
0
TEXT
5
39C
330
1C
100
AcDbEntity
67
0
8
2 - окн федерального значения
62
7
6
ByLayer
370
-1
48
1.0
60
0
100
AcDbText
1
418
10
1392227.17494254
20
356045.655259644
30
0.0
40
0.31111111111
41
1.0
50
0.0
51
0.0
7
Standard
11
1392227.17494254
21
356045.655259644
31
0.0
210
0.0
220
0.0
230
1.0
71
0
72
0
100
AcDbText
73
0
0
POINT
5
39D
330
1C
100
AcDbEntity
67
0
8
2 - окн федерального значения
62
256
6
ByLayer
370
-1
48
1.0
60
0
100
AcDbPoint
10
1392228.04405537
20
356044.827547559
30
0.0
39
0.0
210
0.0
220
0.0
230
1.0
50
360.0
0
TEXT
5
39E
330
1C
100
AcDbEntity
67
0
8
2 - окн федерального значения
62
7
6
ByLayer
370
-1
48
1.0
60
0
100
AcDbText
1
419
10
1392228.18405537
20
356045.101991989
30
0.0
40
0.31111111111
41
1.0
50
0.0
51
0.0
7
Standard
11
1392228.18405537
21
356045.101991989
31
0.0
210
0.0
220
0.0
230
1.0
71
0
72
0
100
AcDbText
73
0
0
POINT
5
39F
330
1C
100
AcDbEntity
67
0
8
2 - окн федерального значения
62
256
6
ByLayer
370
-1
48
1.0
60
0
100
AcDbPoint
10
1392228.37993491
20
356044.840306536
30
0.0
39
0.0
210
0.0
220
0.0
230
1.0
50
360.0
0
TEXT
5
3A0
330
1C
100
AcDbEntity
67
0
8
2 - окн федерального значения
62
7
6
ByLayer
370
-1
48
1.0
60
0
100
AcDbText
1
420
10
1392228.51993491
20
356045.114750967
30
0.0
40
0.31111111111
41
1.0
50
0.0
51
0.0
7
Standard
11
1392228.51993491
21
356045.114750967
31
0.0
210
0.0
220
0.0
230
1.0
71
0
72
0
100
AcDbText
73
0
0
POINT
5
3A1
330
1C
100
AcDbEntity
67
0
8
2 - окн федерального значения
62
256
6
ByLayer
370
-1
48
1.0
60
0
100
AcDbPoint
10
1392229.68892019
20
356045.402338708
30
0.0
39
0.0
210
0.0
220
0.0
230
1.0
50
360.0
0
TEXT
5
3A2
330
1C
100
AcDbEntity
67
0
8
2 - окн федерального значения
62
7
6
ByLayer
370
-1
48
1.0
60
0
100
AcDbText
1
421
10
1392229.82892019
20
356045.676783139
30
0.0
40
0.31111111111
41
1.0
50
0.0
51
0.0
7
Standard
11
1392229.82892019
21
356045.676783139
31
0.0
210
0.0
220
0.0
230
1.0
71
0
72
0
100
AcDbText
73
0
0
POINT
5
3A3
330
1C
100
AcDbEntity
67
0
8
2 - окн федерального значения
62
256
6
ByLayer
370
-1
48
1.0
60
0
100
AcDbPoint
10
1392229.38146049
20
356046.236248981
30
0.0
39
0.0
210
0.0
220
0.0
230
1.0
50
360.0
0
TEXT
5
3A4
330
1C
100
AcDbEntity
67
0
8
2 - окн федерального значения
62
7
6
ByLayer
370
-1
48
1.0
60
0
100
AcDbText
1
422
10
1392229.52146049
20
356046.510693411
30
0.0
40
0.31111111111
41
1.0
50
0.0
51
0.0
7
Standard
11
1392229.52146049
21
356046.510693411
31
0.0
210
0.0
220
0.0
230
1.0
71
0
72
0
100
AcDbText
73
0
0
POINT
5
3A5
330
1C
100
AcDbEntity
67
0
8
2 - окн федерального значения
62
256
6
ByLayer
370
-1
48
1.0
60
0
100
AcDbPoint
10
1392229.24484006
20
356046.859406448
30
0.0
39
0.0
210
0.0
220
0.0
230
1.0
50
360.0
0
TEXT
5
3A6
330
1C
100
AcDbEntity
67
0
8
2 - окн федерального значения
62
7
6
ByLayer
370
-1
48
1.0
60
0
100
AcDbText
1
423
10
1392229.38484006
20
356047.133850879
30
0.0
40
0.31111111111
41
1.0
50
0.0
51
0.0
7
Standard
11
1392229.38484006
21
356047.133850879
31
0.0
210
0.0
220
0.0
230
1.0
71
0
72
0
100
AcDbText
73
0
0
POINT
5
3A7
330
1C
100
AcDbEntity
67
0
8
2 - окн федерального значения
62
256
6
ByLayer
370
-1
48
1.0
60
0
100
AcDbPoint
10
1392229.18414089
20
356047.449768748
30
0.0
39
0.0
210
0.0
220
0.0
230
1.0
50
360.0
0
TEXT
5
3A8
330
1C
100
AcDbEntity
67
0
8
2 - окн федерального значения
62
7
6
ByLayer
370
-1
48
1.0
60
0
100
AcDbText
1
424
10
1392229.32414089
20
356047.724213179
30
0.0
40
0.31111111111
41
1.0
50
0.0
51
0.0
7
Standard
11
1392229.32414089
21
356047.724213179
31
0.0
210
0.0
220
0.0
230
1.0
71
0
72
0
100
AcDbText
73
0
0
POINT
5
3A9
330
1C
100
AcDbEntity
67
0
8
2 - окн федерального значения
62
256
6
ByLayer
370
-1
48
1.0
60
0
100
AcDbPoint
10
1392229.17779771
20
356048.177563202
30
0.0
39
0.0
210
0.0
220
0.0
230
1.0
50
360.0
0
TEXT
5
3AA
330
1C
100
AcDbEntity
67
0
8
2 - окн федерального значения
62
7
6
ByLayer
370
-1
48
1.0
60
0
100
AcDbText
1
425
10
1392229.31779771
20
356048.452007633
30
0.0
40
0.31111111111
41
1.0
50
0.0
51
0.0
7
Standard
11
1392229.31779771
21
356048.452007633
31
0.0
210
0.0
220
0.0
230
1.0
71
0
72
0
100
AcDbText
73
0
0
POINT
5
3AB
330
1C
100
AcDbEntity
67
0
8
2 - окн федерального значения
62
256
6
ByLayer
370
-1
48
1.0
60
0
100
AcDbPoint
10
1392229.21143922
20
356048.795835141
30
0.0
39
0.0
210
0.0
220
0.0
230
1.0
50
360.0
0
TEXT
5
3AC
330
1C
100
AcDbEntity
67
0
8
2 - окн федерального значения
62
7
6
ByLayer
370
-1
48
1.0
60
0
100
AcDbText
1
426
10
1392229.35143922
20
356049.070279572
30
0.0
40
0.31111111111
41
1.0
50
0.0
51
0.0
7
Standard
11
1392229.35143922
21
356049.070279572
31
0.0
210
0.0
220
0.0
230
1.0
71
0
72
0
100
AcDbText
73
0
0
POINT
5
3AD
330
1C
100
AcDbEntity
67
0
8
2 - окн федерального значения
62
256
6
ByLayer
370
-1
48
1.0
60
0
100
AcDbPoint
10
1392229.28338308
20
356049.426048917
30
0.0
39
0.0
210
0.0
220
0.0
230
1.0
50
360.0
0
TEXT
5
3AE
330
1C
100
AcDbEntity
67
0
8
2 - окн федерального значения
62
7
6
ByLayer
370
-1
48
1.0
60
0
100
AcDbText
1
427
10
1392229.42338308
20
356049.700493348
30
0.0
40
0.31111111111
41
1.0
50
0.0
51
0.0
7
Standard
11
1392229.42338308
21
356049.700493348
31
0.0
210
0.0
220
0.0
230
1.0
71
0
72
0
100
AcDbText
73
0
0
POINT
5
3AF
330
1C
100
AcDbEntity
67
0
8
2 - окн федерального значения
62
256
6
ByLayer
370
-1
48
1.0
60
0
100
AcDbPoint
10
1392229.43437445
20
356049.892859678
30
0.0
39
0.0
210
0.0
220
0.0
230
1.0
50
360.0
0
TEXT
5
3B0
330
1C
100
AcDbEntity
67
0
8
2 - окн федерального значения
62
7
6
ByLayer
370
-1
48
1.0
60
0
100
AcDbText
1
428
10
1392229.57437445
20
356050.167304108
30
0.0
40
0.31111111111
41
1.0
50
0.0
51
0.0
7
Standard
11
1392229.57437445
21
356050.167304108
31
0.0
210
0.0
220
0.0
230
1.0
71
0
72
0
100
AcDbText
73
0
0
POINT
5
3B1
330
1C
100
AcDbEntity
67
0
8
2 - окн федерального значения
62
256
6
ByLayer
370
-1
48
1.0
60
0
100
AcDbPoint
10
1392229.70706641
20
356050.559568281
30
0.0
39
0.0
210
0.0
220
0.0
230
1.0
50
360.0
0
TEXT
5
3B2
330
1C
100
AcDbEntity
67
0
8
2 - окн федерального значения
62
7
6
ByLayer
370
-1
48
1.0
60
0
100
AcDbText
1
429
10
1392229.84706641
20
356050.834012712
30
0.0
40
0.31111111111
41
1.0
50
0.0
51
0.0
7
Standard
11
1392229.84706641
21
356050.834012712
31
0.0
210
0.0
220
0.0
230
1.0
71
0
72
0
100
AcDbText
73
0
0
POINT
5
3B3
330
1C
100
AcDbEntity
67
0
8
2 - окн федерального значения
62
256
6
ByLayer
370
-1
48
1.0
60
0
100
AcDbPoint
10
1392229.9958882
20
356051.10034037
30
0.0
39
0.0
210
0.0
220
0.0
230
1.0
50
360.0
0
TEXT
5
3B4
330
1C
100
AcDbEntity
67
0
8
2 - окн федерального значения
62
7
6
ByLayer
370
-1
48
1.0
60
0
100
AcDbText
1
430
10
1392230.1358882
20
356051.3747848
30
0.0
40
0.31111111111
41
1.0
50
0.0
51
0.0
7
Standard
11
1392230.1358882
21
356051.3747848
31
0.0
210
0.0
220
0.0
230
1.0
71
0
72
0
100
AcDbText
73
0
0
POINT
5
3B5
330
1C
100
AcDbEntity
67
0
8
2 - окн федерального значения
62
256
6
ByLayer
370
-1
48
1.0
60
0
100
AcDbPoint
10
1392230.30091743
20
356051.521618816
30
0.0
39
0.0
210
0.0
220
0.0
230
1.0
50
360.0
0
TEXT
5
3B6
330
1C
100
AcDbEntity
67
0
8
2 - окн федерального значения
62
7
6
ByLayer
370
-1
48
1.0
60
0
100
AcDbText
1
431
10
1392230.44091743
20
356051.796063247
30
0.0
40
0.31111111111
41
1.0
50
0.0
51
0.0
7
Standard
11
1392230.44091743
21
356051.796063247
31
0.0
210
0.0
220
0.0
230
1.0
71
0
72
0
100
AcDbText
73
0
0
POINT
5
3B7
330
1C
100
AcDbEntity
67
0
8
2 - окн федерального значения
62
256
6
ByLayer
370
-1
48
1.0
60
0
100
AcDbPoint
10
1392230.70538894
20
356052.047375318
30
0.0
39
0.0
210
0.0
220
0.0
230
1.0
50
360.0
0
TEXT
5
3B8
330
1C
100
AcDbEntity
67
0
8
2 - окн федерального значения
62
7
6
ByLayer
370
-1
48
1.0
60
0
100
AcDbText
1
432
10
1392230.84538894
20
356052.321819749
30
0.0
40
0.31111111111
41
1.0
50
0.0
51
0.0
7
Standard
11
1392230.84538894
21
356052.321819749
31
0.0
210
0.0
220
0.0
230
1.0
71
0
72
0
100
AcDbText
73
0
0
POINT
5
3B9
330
1C
100
AcDbEntity
67
0
8
2 - окн федерального значения
62
256
6
ByLayer
370
-1
48
1.0
60
0
100
AcDbPoint
10
1392231.12004821
20
356052.503864795
30
0.0
39
0.0
210
0.0
220
0.0
230
1.0
50
360.0
0
TEXT
5
3BA
330
1C
100
AcDbEntity
67
0
8
2 - окн федерального значения
62
7
6
ByLayer
370
-1
48
1.0
60
0
100
AcDbText
1
433
10
1392231.26004821
20
356052.778309226
30
0.0
40
0.31111111111
41
1.0
50
0.0
51
0.0
7
Standard
11
1392231.26004821
21
356052.778309226
31
0.0
210
0.0
220
0.0
230
1.0
71
0
72
0
100
AcDbText
73
0
0
POINT
5
3BB
330
1C
100
AcDbEntity
67
0
8
2 - окн федерального значения
62
256
6
ByLayer
370
-1
48
1.0
60
0
100
AcDbPoint
10
1392231.65951624
20
356052.947908265
30
0.0
39
0.0
210
0.0
220
0.0
230
1.0
50
360.0
0
TEXT
5
3BC
330
1C
100
AcDbEntity
67
0
8
2 - окн федерального значения
62
7
6
ByLayer
370
-1
48
1.0
60
0
100
AcDbText
1
434
10
1392231.79951624
20
356053.222352696
30
0.0
40
0.31111111111
41
1.0
50
0.0
51
0.0
7
Standard
11
1392231.79951624
21
356053.222352696
31
0.0
210
0.0
220
0.0
230
1.0
71
0
72
0
100
AcDbText
73
0
0
POINT
5
3BD
330
1C
100
AcDbEntity
67
0
8
2 - окн федерального значения
62
256
6
ByLayer
370
-1
48
1.0
60
0
100
AcDbPoint
10
1392232.1851948
20
356053.353421942
30
0.0
39
0.0
210
0.0
220
0.0
230
1.0
50
360.0
0
TEXT
5
3BE
330
1C
100
AcDbEntity
67
0
8
2 - окн федерального значения
62
7
6
ByLayer
370
-1
48
1.0
60
0
100
AcDbText
1
435
10
1392232.3251948
20
356053.627866372
30
0.0
40
0.31111111111
41
1.0
50
0.0
51
0.0
7
Standard
11
1392232.3251948
21
356053.627866372
31
0.0
210
0.0
220
0.0
230
1.0
71
0
72
0
100
AcDbText
73
0
0
POINT
5
3BF
330
1C
100
AcDbEntity
67
0
8
2 - окн федерального значения
62
256
6
ByLayer
370
-1
48
1.0
60
0
100
AcDbPoint
10
1392232.6226114
20
356053.575598415
30
0.0
39
0.0
210
0.0
220
0.0
230
1.0
50
360.0
0
TEXT
5
3C0
330
1C
100
AcDbEntity
67
0
8
2 - окн федерального значения
62
7
6
ByLayer
370
-1
48
1.0
60
0
100
AcDbText
1
436
10
1392232.7626114
20
356053.850042845
30
0.0
40
0.31111111111
41
1.0
50
0.0
51
0.0
7
Standard
11
1392232.7626114
21
356053.850042845
31
0.0
210
0.0
220
0.0
230
1.0
71
0
72
0
100
AcDbText
73
0
0
POINT
5
3C1
330
1C
100
AcDbEntity
67
0
8
2 - окн федерального значения
62
256
6
ByLayer
370
-1
48
1.0
60
0
100
AcDbPoint
10
1392233.23405616
20
356053.81162786
30
0.0
39
0.0
210
0.0
220
0.0
230
1.0
50
360.0
0
TEXT
5
3C2
330
1C
100
AcDbEntity
67
0
8
2 - окн федерального значения
62
7
6
ByLayer
370
-1
48
1.0
60
0
100
AcDbText
1
437
10
1392233.37405616
20
356054.08607229
30
0.0
40
0.31111111111
41
1.0
50
0.0
51
0.0
7
Standard
11
1392233.37405616
21
356054.08607229
31
0.0
210
0.0
220
0.0
230
1.0
71
0
72
0
100
AcDbText
73
0
0
POINT
5
3C3
330
1C
100
AcDbEntity
67
0
8
2 - окн федерального значения
62
256
6
ByLayer
370
-1
48
1.0
60
0
100
AcDbPoint
10
1392233.80696422
20
356053.949687838
30
0.0
39
0.0
210
0.0
220
0.0
230
1.0
50
360.0
0
TEXT
5
3C4
330
1C
100
AcDbEntity
67
0
8
2 - окн федерального значения
62
7
6
ByLayer
370
-1
48
1.0
60
0
100
AcDbText
1
438
10
1392233.94696422
20
356054.224132268
30
0.0
40
0.31111111111
41
1.0
50
0.0
51
0.0
7
Standard
11
1392233.94696422
21
356054.224132268
31
0.0
210
0.0
220
0.0
230
1.0
71
0
72
0
100
AcDbText
73
0
0
POINT
5
3C5
330
1C
100
AcDbEntity
67
0
8
2 - окн федерального значения
62
256
6
ByLayer
370
-1
48
1.0
60
0
100
AcDbPoint
10
1392234.22239927
20
356054.042234228
30
0.0
39
0.0
210
0.0
220
0.0
230
1.0
50
360.0
0
TEXT
5
3C6
330
1C
100
AcDbEntity
67
0
8
2 - окн федерального значения
62
7
6
ByLayer
370
-1
48
1.0
60
0
100
AcDbText
1
439
10
1392234.36239927
20
356054.316678659
30
0.0
40
0.31111111111
41
1.0
50
0.0
51
0.0
7
Standard
11
1392234.36239927
21
356054.316678659
31
0.0
210
0.0
220
0.0
230
1.0
71
0
72
0
100
AcDbText
73
0
0
POINT
5
3C7
330
1C
100
AcDbEntity
67
0
8
2 - окн федерального значения
62
256
6
ByLayer
370
-1
48
1.0
60
0
100
AcDbPoint
10
1392234.85513467
20
356054.122786566
30
0.0
39
0.0
210
0.0
220
0.0
230
1.0
50
360.0
0
TEXT
5
3C8
330
1C
100
AcDbEntity
67
0
8
2 - окн федерального значения
62
7
6
ByLayer
370
-1
48
1.0
60
0
100
AcDbText
1
440
10
1392234.99513467
20
356054.397230996
30
0.0
40
0.31111111111
41
1.0
50
0.0
51
0.0
7
Standard
11
1392234.99513467
21
356054.397230996
31
0.0
210
0.0
220
0.0
230
1.0
71
0
72
0
100
AcDbText
73
0
0
POINT
5
3C9
330
1C
100
AcDbEntity
67
0
8
2 - окн федерального значения
62
256
6
ByLayer
370
-1
48
1.0
60
0
100
AcDbPoint
10
1392235.1663445
20
356055.04621202
30
0.0
39
0.0
210
0.0
220
0.0
230
1.0
50
360.0
0
TEXT
5
3CA
330
1C
100
AcDbEntity
67
0
8
2 - окн федерального значения
62
7
6
ByLayer
370
-1
48
1.0
60
0
100
AcDbText
1
441
10
1392235.3063445
20
356055.32065645
30
0.0
40
0.31111111111
41
1.0
50
0.0
51
0.0
7
Standard
11
1392235.3063445
21
356055.32065645
31
0.0
210
0.0
220
0.0
230
1.0
71
0
72
0
100
AcDbText
73
0
0
POINT
5
3CB
330
1C
100
AcDbEntity
67
0
8
2 - окн федерального значения
62
256
6
ByLayer
370
-1
48
1.0
60
0
100
AcDbPoint
10
1392235.30064873
20
356055.060414221
30
0.0
39
0.0
210
0.0
220
0.0
230
1.0
50
360.0
0
TEXT
5
3CC
330
1C
100
AcDbEntity
67
0
8
2 - окн федерального значения
62
7
6
ByLayer
370
-1
48
1.0
60
0
100
AcDbText
1
442
10
1392235.44064873
20
356055.334858651
30
0.0
40
0.31111111111
41
1.0
50
0.0
51
0.0
7
Standard
11
1392235.44064873
21
356055.334858651
31
0.0
210
0.0
220
0.0
230
1.0
71
0
72
0
100
AcDbText
73
0
0
POINT
5
3CD
330
1C
100
AcDbEntity
67
0
8
2 - окн федерального значения
62
256
6
ByLayer
370
-1
48
1.0
60
0
100
AcDbPoint
10
1392235.69353901
20
356055.05322971
30
0.0
39
0.0
210
0.0
220
0.0
230
1.0
50
360.0
0
TEXT
5
3CE
330
1C
100
AcDbEntity
67
0
8
2 - окн федерального значения
62
7
6
ByLayer
370
-1
48
1.0
60
0
100
AcDbText
1
443
10
1392235.83353901
20
356055.327674141
30
0.0
40
0.31111111111
41
1.0
50
0.0
51
0.0
7
Standard
11
1392235.83353901
21
356055.327674141
31
0.0
210
0.0
220
0.0
230
1.0
71
0
72
0
100
AcDbText
73
0
0
POINT
5
3CF
330
1C
100
AcDbEntity
67
0
8
2 - окн федерального значения
62
256
6
ByLayer
370
-1
48
1.0
60
0
100
AcDbPoint
10
1392236.03400109
20
356055.022163365
30
0.0
39
0.0
210
0.0
220
0.0
230
1.0
50
360.0
0
TEXT
5
3D0
330
1C
100
AcDbEntity
67
0
8
2 - окн федерального значения
62
7
6
ByLayer
370
-1
48
1.0
60
0
100
AcDbText
1
444
10
1392236.17400109
20
356055.296607795
30
0.0
40
0.31111111111
41
1.0
50
0.0
51
0.0
7
Standard
11
1392236.17400109
21
356055.296607795
31
0.0
210
0.0
220
0.0
230
1.0
71
0
72
0
100
AcDbText
73
0
0
POINT
5
3D1
330
1C
100
AcDbEntity
67
0
8
2 - окн федерального значения
62
256
6
ByLayer
370
-1
48
1.0
60
0
100
AcDbPoint
10
1392236.42788557
20
356054.952307312
30
0.0
39
0.0
210
0.0
220
0.0
230
1.0
50
360.0
0
TEXT
5
3D2
330
1C
100
AcDbEntity
67
0
8
2 - окн федерального значения
62
7
6
ByLayer
370
-1
48
1.0
60
0
100
AcDbText
1
445
10
1392236.56788557
20
356055.226751743
30
0.0
40
0.31111111111
41
1.0
50
0.0
51
0.0
7
Standard
11
1392236.56788557
21
356055.226751743
31
0.0
210
0.0
220
0.0
230
1.0
71
0
72
0
100
AcDbText
73
0
0
POINT
5
3D3
330
1C
100
AcDbEntity
67
0
8
2 - окн федерального значения
62
256
6
ByLayer
370
-1
48
1.0
60
0
100
AcDbPoint
10
1392237.00111143
20
356054.809330825
30
0.0
39
0.0
210
0.0
220
0.0
230
1.0
50
360.0
0
TEXT
5
3D4
330
1C
100
AcDbEntity
67
0
8
2 - окн федерального значения
62
7
6
ByLayer
370
-1
48
1.0
60
0
100
AcDbText
1
446
10
1392237.14111143
20
356055.083775255
30
0.0
40
0.31111111111
41
1.0
50
0.0
51
0.0
7
Standard
11
1392237.14111143
21
356055.083775255
31
0.0
210
0.0
220
0.0
230
1.0
71
0
72
0
100
AcDbText
73
0
0
POINT
5
3D5
330
1C
100
AcDbEntity
67
0
8
2 - окн федерального значения
62
256
6
ByLayer
370
-1
48
1.0
60
0
100
AcDbPoint
10
1392237.37402599
20
356054.672712566
30
0.0
39
0.0
210
0.0
220
0.0
230
1.0
50
360.0
0
TEXT
5
3D6
330
1C
100
AcDbEntity
67
0
8
2 - окн федерального значения
62
7
6
ByLayer
370
-1
48
1.0
60
0
100
AcDbText
1
447
10
1392237.51402599
20
356054.947156996
30
0.0
40
0.31111111111
41
1.0
50
0.0
51
0.0
7
Standard
11
1392237.51402599
21
356054.947156996
31
0.0
210
0.0
220
0.0
230
1.0
71
0
72
0
100
AcDbText
73
0
0
POINT
5
3D7
330
1C
100
AcDbEntity
67
0
8
2 - окн федерального значения
62
256
6
ByLayer
370
-1
48
1.0
60
0
100
AcDbPoint
10
1392237.69991626
20
356054.516049737
30
0.0
39
0.0
210
0.0
220
0.0
230
1.0
50
360.0
0
TEXT
5
3D8
330
1C
100
AcDbEntity
67
0
8
2 - окн федерального значения
62
7
6
ByLayer
370
-1
48
1.0
60
0
100
AcDbText
1
448
10
1392237.83991626
20
356054.790494168
30
0.0
40
0.31111111111
41
1.0
50
0.0
51
0.0
7
Standard
11
1392237.83991626
21
356054.790494168
31
0.0
210
0.0
220
0.0
230
1.0
71
0
72
0
100
AcDbText
73
0
0
POINT
5
3D9
330
1C
100
AcDbEntity
67
0
8
2 - окн федерального значения
62
256
6
ByLayer
370
-1
48
1.0
60
0
100
AcDbPoint
10
1392238.00244043
20
356054.375520076
30
0.0
39
0.0
210
0.0
220
0.0
230
1.0
50
360.0
0
TEXT
5
3DA
330
1C
100
AcDbEntity
67
0
8
2 - окн федерального значения
62
7
6
ByLayer
370
-1
48
1.0
60
0
100
AcDbText
1
449
10
1392238.14244043
20
356054.649964507
30
0.0
40
0.31111111111
41
1.0
50
0.0
51
0.0
7
Standard
11
1392238.14244043
21
356054.649964507
31
0.0
210
0.0
220
0.0
230
1.0
71
0
72
0
100
AcDbText
73
0
0
POINT
5
3DB
330
1C
100
AcDbEntity
67
0
8
2 - окн федерального значения
62
256
6
ByLayer
370
-1
48
1.0
60
0
100
AcDbPoint
10
1392237.71255133
20
356057.828563257
30
0.0
39
0.0
210
0.0
220
0.0
230
1.0
50
360.0
0
TEXT
5
3DC
330
1C
100
AcDbEntity
67
0
8
2 - окн федерального значения
62
7
6
ByLayer
370
-1
48
1.0
60
0
100
AcDbText
1
450
10
1392237.85255133
20
356058.103007687
30
0.0
40
0.31111111111
41
1.0
50
0.0
51
0.0
7
Standard
11
1392237.85255133
21
356058.103007687
31
0.0
210
0.0
220
0.0
230
1.0
71
0
72
0
100
AcDbText
73
0
0
POINT
5
3DD
330
1C
100
AcDbEntity
67
0
8
2 - окн федерального значения
62
256
6
ByLayer
370
-1
48
1.0
60
0
100
AcDbPoint
10
1392239.0220562
20
356057.848600409
30
0.0
39
0.0
210
0.0
220
0.0
230
1.0
50
360.0
0
TEXT
5
3DE
330
1C
100
AcDbEntity
67
0
8
2 - окн федерального значения
62
7
6
ByLayer
370
-1
48
1.0
60
0
100
AcDbText
1
451
10
1392239.1620562
20
356058.12304484
30
0.0
40
0.31111111111
41
1.0
50
0.0
51
0.0
7
Standard
11
1392239.1620562
21
356058.12304484
31
0.0
210
0.0
220
0.0
230
1.0
71
0
72
0
100
AcDbText
73
0
0
POINT
5
3DF
330
1C
100
AcDbEntity
67
0
8
2 - окн федерального значения
62
256
6
ByLayer
370
-1
48
1.0
60
0
100
AcDbPoint
10
1392238.99910455
20
356059.348578715
30
0.0
39
0.0
210
0.0
220
0.0
230
1.0
50
360.0
0
TEXT
5
3E0
330
1C
100
AcDbEntity
67
0
8
2 - окн федерального значения
62
7
6
ByLayer
370
-1
48
1.0
60
0
100
AcDbText
1
452
10
1392239.13910455
20
356059.623023146
30
0.0
40
0.31111111111
41
1.0
50
0.0
51
0.0
7
Standard
11
1392239.13910455
21
356059.623023146
31
0.0
210
0.0
220
0.0
230
1.0
71
0
72
0
100
AcDbText
73
0
0
POINT
5
3E1
330
1C
100
AcDbEntity
67
0
8
2 - окн федерального значения
62
256
6
ByLayer
370
-1
48
1.0
60
0
100
AcDbPoint
10
1392237.68959968
20
356059.32854156
30
0.0
39
0.0
210
0.0
220
0.0
230
1.0
50
360.0
0
TEXT
5
3E2
330
1C
100
AcDbEntity
67
0
8
2 - окн федерального значения
62
7
6
ByLayer
370
-1
48
1.0
60
0
100
AcDbText
1
453
10
1392237.82959968
20
356059.60298599
30
0.0
40
0.31111111111
41
1.0
50
0.0
51
0.0
7
Standard
11
1392237.82959968
21
356059.60298599
31
0.0
210
0.0
220
0.0
230
1.0
71
0
72
0
100
AcDbText
73
0
0
POINT
5
3E3
330
1C
100
AcDbEntity
67
0
8
2 - окн федерального значения
62
256
6
ByLayer
370
-1
48
1.0
60
0
100
AcDbPoint
10
1392228.34158681
20
356051.199348265
30
0.0
39
0.0
210
0.0
220
0.0
230
1.0
50
360.0
0
TEXT
5
3E4
330
1C
100
AcDbEntity
67
0
8
2 - окн федерального значения
62
7
6
ByLayer
370
-1
48
1.0
60
0
100
AcDbText
1
454
10
1392228.48158681
20
356051.473792696
30
0.0
40
0.31111111111
41
1.0
50
0.0
51
0.0
7
Standard
11
1392228.48158681
21
356051.473792696
31
0.0
210
0.0
220
0.0
230
1.0
71
0
72
0
100
AcDbText
73
0
0
POINT
5
3E5
330
1C
100
AcDbEntity
67
0
8
2 - окн федерального значения
62
256
6
ByLayer
370
-1
48
1.0
60
0
100
AcDbPoint
10
1392229.65109164
20
356051.219385395
30
0.0
39
0.0
210
0.0
220
0.0
230
1.0
50
360.0
0
TEXT
5
3E6
330
1C
100
AcDbEntity
67
0
8
2 - окн федерального значения
62
7
6
ByLayer
370
-1
48
1.0
60
0
100
AcDbText
1
455
10
1392229.79109164
20
356051.493829826
30
0.0
40
0.31111111111
41
1.0
50
0.0
51
0.0
7
Standard
11
1392229.79109164
21
356051.493829826
31
0.0
210
0.0
220
0.0
230
1.0
71
0
72
0
100
AcDbText
73
0
0
POINT
5
3E7
330
1C
100
AcDbEntity
67
0
8
2 - окн федерального значения
62
256
6
ByLayer
370
-1
48
1.0
60
0
100
AcDbPoint
10
1392229.62814002
20
356052.719363666
30
0.0
39
0.0
210
0.0
220
0.0
230
1.0
50
360.0
0
TEXT
5
3E8
330
1C
100
AcDbEntity
67
0
8
2 - окн федерального значения
62
7
6
ByLayer
370
-1
48
1.0
60
0
100
AcDbText
1
456
10
1392229.76814002
20
356052.993808096
30
0.0
40
0.31111111111
41
1.0
50
0.0
51
0.0
7
Standard
11
1392229.76814002
21
356052.993808096
31
0.0
210
0.0
220
0.0
230
1.0
71
0
72
0
100
AcDbText
73
0
0
POINT
5
3E9
330
1C
100
AcDbEntity
67
0
8
2 - окн федерального значения
62
256
6
ByLayer
370
-1
48
1.0
60
0
100
AcDbPoint
10
1392228.31863518
20
356052.699326533
30
0.0
39
0.0
210
0.0
220
0.0
230
1.0
50
360.0
0
TEXT
5
3EA
330
1C
100
AcDbEntity
67
0
8
2 - окн федерального значения
62
7
6
ByLayer
370
-1
48
1.0
60
0
100
AcDbText
1
457
10
1392228.45863518
20
356052.973770963
30
0.0
40
0.31111111111
41
1.0
50
0.0
51
0.0
7
Standard
11
1392228.45863518
21
356052.973770963
31
0.0
210
0.0
220
0.0
230
1.0
71
0
72
0
100
AcDbText
73
0
0
POINT
5
3EB
330
1C
100
AcDbEntity
67
0
8
2 - окн федерального значения
62
256
6
ByLayer
370
-1
48
1.0
60
0
100
AcDbPoint
10
1392237.08491609
20
356064.199841495
30
0.0
39
0.0
210
0.0
220
0.0
230
1.0
50
360.0
0
TEXT
5
3EC
330
1C
100
AcDbEntity
67
0
8
2 - окн федерального значения
62
7
6
ByLayer
370
-1
48
1.0
60
0
100
AcDbText
1
458
10
1392237.22491609
20
356064.474285925
30
0.0
40
0.31111111111
41
1.0
50
0.0
51
0.0
7
Standard
11
1392237.22491609
21
356064.474285925
31
0.0
210
0.0
220
0.0
230
1.0
71
0
72
0
100
AcDbText
73
0
0
POINT
5
3ED
330
1C
100
AcDbEntity
67
0
8
2 - окн федерального значения
62
256
6
ByLayer
370
-1
48
1.0
60
0
100
AcDbPoint
10
1392246.77825612
20
356059.531147101
30
0.0
39
0.0
210
0.0
220
0.0
230
1.0
50
360.0
0
TEXT
5
3EE
330
1C
100
AcDbEntity
67
0
8
2 - окн федерального значения
62
7
6
ByLayer
370
-1
48
1.0
60
0
100
AcDbText
1
459
10
1392246.91825612
20
356059.805591531
30
0.0
40
0.31111111111
41
1.0
50
0.0
51
0.0
7
Standard
11
1392246.91825612
21
356059.805591531
31
0.0
210
0.0
220
0.0
230
1.0
71
0
72
0
100
AcDbText
73
0
0
POINT
5
3EF
330
1C
100
AcDbEntity
67
0
8
2 - окн федерального значения
62
256
6
ByLayer
370
-1
48
1.0
60
0
100
AcDbPoint
10
1392251.93054911
20
356069.657388097
30
0.0
39
0.0
210
0.0
220
0.0
230
1.0
50
360.0
0
TEXT
5
3F0
330
1C
100
AcDbEntity
67
0
8
2 - окн федерального значения
62
7
6
ByLayer
370
-1
48
1.0
60
0
100
AcDbText
1
460
10
1392252.07054911
20
356069.931832527
30
0.0
40
0.31111111111
41
1.0
50
0.0
51
0.0
7
Standard
11
1392252.07054911
21
356069.931832527
31
0.0
210
0.0
220
0.0
230
1.0
71
0
72
0
100
AcDbText
73
0
0
POINT
5
3F1
330
1C
100
AcDbEntity
67
0
8
2 - окн федерального значения
62
256
6
ByLayer
370
-1
48
1.0
60
0
100
AcDbPoint
10
1392242.19666391
20
356074.389417372
30
0.0
39
0.0
210
0.0
220
0.0
230
1.0
50
360.0
0
TEXT
5
3F2
330
1C
100
AcDbEntity
67
0
8
2 - окн федерального значения
62
7
6
ByLayer
370
-1
48
1.0
60
0
100
AcDbText
1
461
10
1392242.33666391
20
356074.663861803
30
0.0
40
0.31111111111
41
1.0
50
0.0
51
0.0
7
Standard
11
1392242.33666391
21
356074.663861803
31
0.0
210
0.0
220
0.0
230
1.0
71
0
72
0
100
AcDbText
73
0
0
POINT
5
3F3
330
1C
100
AcDbEntity
67
0
8
2 - окн федерального значения
62
256
6
ByLayer
370
-1
48
1.0
60
0
100
AcDbPoint
10
1392241.05222363
20
356072.028772054
30
0.0
39
0.0
210
0.0
220
0.0
230
1.0
50
360.0
0
TEXT
5
3F4
330
1C
100
AcDbEntity
67
0
8
2 - окн федерального значения
62
7
6
ByLayer
370
-1
48
1.0
60
0
100
AcDbText
1
462
10
1392241.19222363
20
356072.303216484
30
0.0
40
0.31111111111
41
1.0
50
0.0
51
0.0
7
Standard
11
1392241.19222363
21
356072.303216484
31
0.0
210
0.0
220
0.0
230
1.0
71
0
72
0
100
AcDbText
73
0
0
POINT
5
3F5
330
1C
100
AcDbEntity
67
0
8
2 - окн федерального значения
62
256
6
ByLayer
370
-1
48
1.0
60
0
100
AcDbPoint
10
1392239.381937
20
356072.882761513
30
0.0
39
0.0
210
0.0
220
0.0
230
1.0
50
360.0
0
TEXT
5
3F6
330
1C
100
AcDbEntity
67
0
8
2 - окн федерального значения
62
7
6
ByLayer
370
-1
48
1.0
60
0
100
AcDbText
1
463
10
1392239.521937
20
356073.157205944
30
0.0
40
0.31111111111
41
1.0
50
0.0
51
0.0
7
Standard
11
1392239.521937
21
356073.157205944
31
0.0
210
0.0
220
0.0
230
1.0
71
0
72
0
100
AcDbText
73
0
0
POINT
5
3F7
330
1C
100
AcDbEntity
67
0
8
2 - окн федерального значения
62
256
6
ByLayer
370
-1
48
1.0
60
0
100
AcDbPoint
10
1392236.54915647
20
356067.332220731
30
0.0
39
0.0
210
0.0
220
0.0
230
1.0
50
360.0
0
TEXT
5
3F8
330
1C
100
AcDbEntity
67
0
8
2 - окн федерального значения
62
7
6
ByLayer
370
-1
48
1.0
60
0
100
AcDbText
1
464
10
1392236.68915647
20
356067.606665161
30
0.0
40
0.31111111111
41
1.0
50
0.0
51
0.0
7
Standard
11
1392236.68915647
21
356067.606665161
31
0.0
210
0.0
220
0.0
230
1.0
71
0
72
0
100
AcDbText
73
0
0
POINT
5
3F9
330
1C
100
AcDbEntity
67
0
8
2 - окн федерального значения
62
256
6
ByLayer
370
-1
48
1.0
60
0
100
AcDbPoint
10
1392238.22627415
20
356066.547721883
30
0.0
39
0.0
210
0.0
220
0.0
230
1.0
50
360.0
0
TEXT
5
3FA
330
1C
100
AcDbEntity
67
0
8
2 - окн федерального значения
62
7
6
ByLayer
370
-1
48
1.0
60
0
100
AcDbText
1
465
10
1392238.36627415
20
356066.822166313
30
0.0
40
0.31111111111
41
1.0
50
0.0
51
0.0
7
Standard
11
1392238.36627415
21
356066.822166313
31
0.0
210
0.0
220
0.0
230
1.0
71
0
72
0
100
AcDbText
73
0
0
POINT
5
3FB
330
1C
100
AcDbEntity
67
0
8
2 - окн федерального значения
62
256
6
ByLayer
370
-1
48
1.0
60
0
100
AcDbPoint
10
1392226.24553236
20
356029.280361122
30
0.0
39
0.0
210
0.0
220
0.0
230
1.0
50
360.0
0
TEXT
5
3FC
330
1C
100
AcDbEntity
67
0
8
2 - окн федерального значения
62
7
6
ByLayer
370
-1
48
1.0
60
0
100
AcDbText
1
466
10
1392226.38553236
20
356029.554805552
30
0.0
40
0.31111111111
41
1.0
50
0.0
51
0.0
7
Standard
11
1392226.38553236
21
356029.554805552
31
0.0
210
0.0
220
0.0
230
1.0
71
0
72
0
100
AcDbText
73
0
0
POINT
5
3FD
330
1C
100
AcDbEntity
67
0
8
2 - окн федерального значения
62
256
6
ByLayer
370
-1
48
1.0
60
0
100
AcDbPoint
10
1392228.39175527
20
356035.462835892
30
0.0
39
0.0
210
0.0
220
0.0
230
1.0
50
360.0
0
TEXT
5
3FE
330
1C
100
AcDbEntity
67
0
8
2 - окн федерального значения
62
7
6
ByLayer
370
-1
48
1.0
60
0
100
AcDbText
1
467
10
1392228.53175527
20
356035.737280322
30
0.0
40
0.31111111111
41
1.0
50
0.0
51
0.0
7
Standard
11
1392228.53175527
21
356035.737280322
31
0.0
210
0.0
220
0.0
230
1.0
71
0
72
0
100
AcDbText
73
0
0
POINT
5
3FF
330
1C
100
AcDbEntity
67
0
8
2 - окн федерального значения
62
256
6
ByLayer
370
-1
48
1.0
60
0
100
AcDbPoint
10
1392237.78158884
20
356032.228770822
30
0.0
39
0.0
210
0.0
220
0.0
230
1.0
50
360.0
0
TEXT
5
400
330
1C
100
AcDbEntity
67
0
8
2 - окн федерального значения
62
7
6
ByLayer
370
-1
48
1.0
60
0
100
AcDbText
1
468
10
1392237.92158884
20
356032.503215252
30
0.0
40
0.31111111111
41
1.0
50
0.0
51
0.0
7
Standard
11
1392237.92158884
21
356032.503215252
31
0.0
210
0.0
220
0.0
230
1.0
71
0
72
0
100
AcDbText
73
0
0
POINT
5
401
330
1C
100
AcDbEntity
67
0
8
2 - окн федерального значения
62
256
6
ByLayer
370
-1
48
1.0
60
0
100
AcDbPoint
10
1392235.80145188
20
356026.142795354
30
0.0
39
0.0
210
0.0
220
0.0
230
1.0
50
360.0
0
TEXT
5
402
330
1C
100
AcDbEntity
67
0
8
2 - окн федерального значения
62
7
6
ByLayer
370
-1
48
1.0
60
0
100
AcDbText
1
469
10
1392235.94145188
20
356026.417239785
30
0.0
40
0.31111111111
41
1.0
50
0.0
51
0.0
7
Standard
11
1392235.94145188
21
356026.417239785
31
0.0
210
0.0
220
0.0
230
1.0
71
0
72
0
100
AcDbText
73
0
0
POINT
5
403
330
1C
100
AcDbEntity
67
0
8
2 - окн федерального значения
62
256
6
ByLayer
370
-1
48
1.0
60
0
100
AcDbPoint
10
1391596.72156822
20
355694.853054463
30
0.0
39
0.0
210
0.0
220
0.0
230
1.0
50
360.0
0
TEXT
5
404
330
1C
100
AcDbEntity
67
0
8
2 - окн федерального значения
62
7
6
ByLayer
370
-1
48
1.0
60
0
100
AcDbText
1
470
10
1391596.86156822
20
355695.127498893
30
0.0
40
0.31111111111
41
1.0
50
0.0
51
0.0
7
Standard
11
1391596.86156822
21
355695.127498893
31
0.0
210
0.0
220
0.0
230
1.0
71
0
72
0
100
AcDbText
73
0
0
POINT
5
405
330
1C
100
AcDbEntity
67
0
8
2 - окн федерального значения
62
256
6
ByLayer
370
-1
48
1.0
60
0
100
AcDbPoint
10
1391604.020294
20
355692.628644271
30
0.0
39
0.0
210
0.0
220
0.0
230
1.0
50
360.0
0
TEXT
5
406
330
1C
100
AcDbEntity
67
0
8
2 - окн федерального значения
62
7
6
ByLayer
370
-1
48
1.0
60
0
100
AcDbText
1
471
10
1391604.160294
20
355692.903088701
30
0.0
40
0.31111111111
41
1.0
50
0.0
51
0.0
7
Standard
11
1391604.160294
21
355692.903088701
31
0.0
210
0.0
220
0.0
230
1.0
71
0
72
0
100
AcDbText
73
0
0
POINT
5
407
330
1C
100
AcDbEntity
67
0
8
2 - окн федерального значения
62
256
6
ByLayer
370
-1
48
1.0
60
0
100
AcDbPoint
10
1391602.78778697
20
355688.141551062
30
0.0
39
0.0
210
0.0
220
0.0
230
1.0
50
360.0
0
TEXT
5
408
330
1C
100
AcDbEntity
67
0
8
2 - окн федерального значения
62
7
6
ByLayer
370
-1
48
1.0
60
0
100
AcDbText
1
472
10
1391602.92778697
20
355688.415995492
30
0.0
40
0.31111111111
41
1.0
50
0.0
51
0.0
7
Standard
11
1391602.92778697
21
355688.415995492
31
0.0
210
0.0
220
0.0
230
1.0
71
0
72
0
100
AcDbText
73
0
0
POINT
5
409
330
1C
100
AcDbEntity
67
0
8
2 - окн федерального значения
62
256
6
ByLayer
370
-1
48
1.0
60
0
100
AcDbPoint
10
1391602.80453525
20
355687.806089202
30
0.0
39
0.0
210
0.0
220
0.0
230
1.0
50
360.0
0
TEXT
5
40A
330
1C
100
AcDbEntity
67
0
8
2 - окн федерального значения
62
7
6
ByLayer
370
-1
48
1.0
60
0
100
AcDbText
1
473
10
1391602.94453525
20
355688.080533632
30
0.0
40
0.31111111111
41
1.0
50
0.0
51
0.0
7
Standard
11
1391602.94453525
21
355688.080533632
31
0.0
210
0.0
220
0.0
230
1.0
71
0
72
0
100
AcDbText
73
0
0
POINT
5
40B
330
1C
100
AcDbEntity
67
0
8
2 - окн федерального значения
62
256
6
ByLayer
370
-1
48
1.0
60
0
100
AcDbPoint
10
1391602.9057244
20
355687.251885422
30
0.0
39
0.0
210
0.0
220
0.0
230
1.0
50
360.0
0
TEXT
5
40C
330
1C
100
AcDbEntity
67
0
8
2 - окн федерального значения
62
7
6
ByLayer
370
-1
48
1.0
60
0
100
AcDbText
1
474
10
1391603.0457244
20
355687.526329852
30
0.0
40
0.31111111111
41
1.0
50
0.0
51
0.0
7
Standard
11
1391603.0457244
21
355687.526329852
31
0.0
210
0.0
220
0.0
230
1.0
71
0
72
0
100
AcDbText
73
0
0
POINT
5
40D
330
1C
100
AcDbEntity
67
0
8
2 - окн федерального значения
62
256
6
ByLayer
370
-1
48
1.0
60
0
100
AcDbPoint
10
1391603.12119483
20
355686.792085507
30
0.0
39
0.0
210
0.0
220
0.0
230
1.0
50
360.0
0
TEXT
5
40E
330
1C
100
AcDbEntity
67
0
8
2 - окн федерального значения
62
7
6
ByLayer
370
-1
48
1.0
60
0
100
AcDbText
1
475
10
1391603.26119483
20
355687.066529938
30
0.0
40
0.31111111111
41
1.0
50
0.0
51
0.0
7
Standard
11
1391603.26119483
21
355687.066529938
31
0.0
210
0.0
220
0.0
230
1.0
71
0
72
0
100
AcDbText
73
0
0
POINT
5
40F
330
1C
100
AcDbEntity
67
0
8
2 - окн федерального значения
62
256
6
ByLayer
370
-1
48
1.0
60
0
100
AcDbPoint
10
1391603.4272661
20
355686.484169248
30
0.0
39
0.0
210
0.0
220
0.0
230
1.0
50
360.0
0
TEXT
5
410
330
1C
100
AcDbEntity
67
0
8
2 - окн федерального значения
62
7
6
ByLayer
370
-1
48
1.0
60
0
100
AcDbText
1
476
10
1391603.5672661
20
355686.758613679
30
0.0
40
0.31111111111
41
1.0
50
0.0
51
0.0
7
Standard
11
1391603.5672661
21
355686.758613679
31
0.0
210
0.0
220
0.0
230
1.0
71
0
72
0
100
AcDbText
73
0
0
POINT
5
411
330
1C
100
AcDbEntity
67
0
8
2 - окн федерального значения
62
256
6
ByLayer
370
-1
48
1.0
60
0
100
AcDbPoint
10
1391603.92904873
20
355686.248693958
30
0.0
39
0.0
210
0.0
220
0.0
230
1.0
50
360.0
0
TEXT
5
412
330
1C
100
AcDbEntity
67
0
8
2 - окн федерального значения
62
7
6
ByLayer
370
-1
48
1.0
60
0
100
AcDbText
1
477
10
1391604.06904873
20
355686.523138388
30
0.0
40
0.31111111111
41
1.0
50
0.0
51
0.0
7
Standard
11
1391604.06904873
21
355686.523138388
31
0.0
210
0.0
220
0.0
230
1.0
71
0
72
0
100
AcDbText
73
0
0
POINT
5
413
330
1C
100
AcDbEntity
67
0
8
2 - окн федерального значения
62
256
6
ByLayer
370
-1
48
1.0
60
0
100
AcDbPoint
10
1391604.40551855
20
355686.163328799
30
0.0
39
0.0
210
0.0
220
0.0
230
1.0
50
360.0
0
TEXT
5
414
330
1C
100
AcDbEntity
67
0
8
2 - окн федерального значения
62
7
6
ByLayer
370
-1
48
1.0
60
0
100
AcDbText
1
478
10
1391604.54551855
20
355686.437773229
30
0.0
40
0.31111111111
41
1.0
50
0.0
51
0.0
7
Standard
11
1391604.54551855
21
355686.437773229
31
0.0
210
0.0
220
0.0
230
1.0
71
0
72
0
100
AcDbText
73
0
0
POINT
5
415
330
1C
100
AcDbEntity
67
0
8
2 - окн федерального значения
62
256
6
ByLayer
370
-1
48
1.0
60
0
100
AcDbPoint
10
1391605.04073511
20
355686.288822016
30
0.0
39
0.0
210
0.0
220
0.0
230
1.0
50
360.0
0
TEXT
5
416
330
1C
100
AcDbEntity
67
0
8
2 - окн федерального значения
62
7
6
ByLayer
370
-1
48
1.0
60
0
100
AcDbText
1
479
10
1391605.18073511
20
355686.563266446
30
0.0
40
0.31111111111
41
1.0
50
0.0
51
0.0
7
Standard
11
1391605.18073511
21
355686.563266446
31
0.0
210
0.0
220
0.0
230
1.0
71
0
72
0
100
AcDbText
73
0
0
POINT
5
417
330
1C
100
AcDbEntity
67
0
8
2 - окн федерального значения
62
256
6
ByLayer
370
-1
48
1.0
60
0
100
AcDbPoint
10
1391605.3745222
20
355686.432912063
30
0.0
39
0.0
210
0.0
220
0.0
230
1.0
50
360.0
0
TEXT
5
418
330
1C
100
AcDbEntity
67
0
8
2 - окн федерального значения
62
7
6
ByLayer
370
-1
48
1.0
60
0
100
AcDbText
1
480
10
1391605.5145222
20
355686.707356493
30
0.0
40
0.31111111111
41
1.0
50
0.0
51
0.0
7
Standard
11
1391605.5145222
21
355686.707356493
31
0.0
210
0.0
220
0.0
230
1.0
71
0
72
0
100
AcDbText
73
0
0
POINT
5
419
330
1C
100
AcDbEntity
67
0
8
2 - окн федерального значения
62
256
6
ByLayer
370
-1
48
1.0
60
0
100
AcDbPoint
10
1391605.74031599
20
355686.762622555
30
0.0
39
0.0
210
0.0
220
0.0
230
1.0
50
360.0
0
TEXT
5
41A
330
1C
100
AcDbEntity
67
0
8
2 - окн федерального значения
62
7
6
ByLayer
370
-1
48
1.0
60
0
100
AcDbText
1
481
10
1391605.88031599
20
355687.037066986
30
0.0
40
0.31111111111
41
1.0
50
0.0
51
0.0
7
Standard
11
1391605.88031599
21
355687.037066986
31
0.0
210
0.0
220
0.0
230
1.0
71
0
72
0
100
AcDbText
73
0
0
POINT
5
41B
330
1C
100
AcDbEntity
67
0
8
2 - окн федерального значения
62
256
6
ByLayer
370
-1
48
1.0
60
0
100
AcDbPoint
10
1391606.08040303
20
355687.254131513
30
0.0
39
0.0
210
0.0
220
0.0
230
1.0
50
360.0
0
TEXT
5
41C
330
1C
100
AcDbEntity
67
0
8
2 - окн федерального значения
62
7
6
ByLayer
370
-1
48
1.0
60
0
100
AcDbText
1
482
10
1391606.22040303
20
355687.528575943
30
0.0
40
0.31111111111
41
1.0
50
0.0
51
0.0
7
Standard
11
1391606.22040303
21
355687.528575943
31
0.0
210
0.0
220
0.0
230
1.0
71
0
72
0
100
AcDbText
73
0
0
POINT
5
41D
330
1C
100
AcDbEntity
67
0
8
2 - окн федерального значения
62
256
6
ByLayer
370
-1
48
1.0
60
0
100
AcDbPoint
10
1391606.8697861
20
355690.195466885
30
0.0
39
0.0
210
0.0
220
0.0
230
1.0
50
360.0
0
TEXT
5
41E
330
1C
100
AcDbEntity
67
0
8
2 - окн федерального значения
62
7
6
ByLayer
370
-1
48
1.0
60
0
100
AcDbText
1
483
10
1391607.0097861
20
355690.469911316
30
0.0
40
0.31111111111
41
1.0
50
0.0
51
0.0
7
Standard
11
1391607.0097861
21
355690.469911316
31
0.0
210
0.0
220
0.0
230
1.0
71
0
72
0
100
AcDbText
73
0
0
POINT
5
41F
330
1C
100
AcDbEntity
67
0
8
2 - окн федерального значения
62
256
6
ByLayer
370
-1
48
1.0
60
0
100
AcDbPoint
10
1391607.70748182
20
355689.965131192
30
0.0
39
0.0
210
0.0
220
0.0
230
1.0
50
360.0
0
TEXT
5
420
330
1C
100
AcDbEntity
67
0
8
2 - окн федерального значения
62
7
6
ByLayer
370
-1
48
1.0
60
0
100
AcDbText
1
484
10
1391607.84748182
20
355690.239575623
30
0.0
40
0.31111111111
41
1.0
50
0.0
51
0.0
7
Standard
11
1391607.84748182
21
355690.239575623
31
0.0
210
0.0
220
0.0
230
1.0
71
0
72
0
100
AcDbText
73
0
0
POINT
5
421
330
1C
100
AcDbEntity
67
0
8
2 - окн федерального значения
62
256
6
ByLayer
370
-1
48
1.0
60
0
100
AcDbPoint
10
1391607.12503022
20
355687.895313227
30
0.0
39
0.0
210
0.0
220
0.0
230
1.0
50
360.0
0
TEXT
5
422
330
1C
100
AcDbEntity
67
0
8
2 - окн федерального значения
62
7
6
ByLayer
370
-1
48
1.0
60
0
100
AcDbText
1
485
10
1391607.26503022
20
355688.169757657
30
0.0
40
0.31111111111
41
1.0
50
0.0
51
0.0
7
Standard
11
1391607.26503022
21
355688.169757657
31
0.0
210
0.0
220
0.0
230
1.0
71
0
72
0
100
AcDbText
73
0
0
POINT
5
423
330
1C
100
AcDbEntity
67
0
8
2 - окн федерального значения
62
256
6
ByLayer
370
-1
48
1.0
60
0
100
AcDbPoint
10
1391607.54361182
20
355687.797547912
30
0.0
39
0.0
210
0.0
220
0.0
230
1.0
50
360.0
0
TEXT
5
424
330
1C
100
AcDbEntity
67
0
8
2 - окн федерального значения
62
7
6
ByLayer
370
-1
48
1.0
60
0
100
AcDbText
1
486
10
1391607.68361182
20
355688.071992342
30
0.0
40
0.31111111111
41
1.0
50
0.0
51
0.0
7
Standard
11
1391607.68361182
21
355688.071992342
31
0.0
210
0.0
220
0.0
230
1.0
71
0
72
0
100
AcDbText
73
0
0
POINT
5
425
330
1C
100
AcDbEntity
67
0
8
2 - окн федерального значения
62
256
6
ByLayer
370
-1
48
1.0
60
0
100
AcDbPoint
10
1391607.29550404
20
355687.353773928
30
0.0
39
0.0
210
0.0
220
0.0
230
1.0
50
360.0
0
TEXT
5
426
330
1C
100
AcDbEntity
67
0
8
2 - окн федерального значения
62
7
6
ByLayer
370
-1
48
1.0
60
0
100
AcDbText
1
487
10
1391607.43550404
20
355687.628218358
30
0.0
40
0.31111111111
41
1.0
50
0.0
51
0.0
7
Standard
11
1391607.43550404
21
355687.628218358
31
0.0
210
0.0
220
0.0
230
1.0
71
0
72
0
100
AcDbText
73
0
0
POINT
5
427
330
1C
100
AcDbEntity
67
0
8
2 - окн федерального значения
62
256
6
ByLayer
370
-1
48
1.0
60
0
100
AcDbPoint
10
1391606.79610018
20
355686.674606672
30
0.0
39
0.0
210
0.0
220
0.0
230
1.0
50
360.0
0
TEXT
5
428
330
1C
100
AcDbEntity
67
0
8
2 - окн федерального значения
62
7
6
ByLayer
370
-1
48
1.0
60
0
100
AcDbText
1
488
10
1391606.93610018
20
355686.949051103
30
0.0
40
0.31111111111
41
1.0
50
0.0
51
0.0
7
Standard
11
1391606.93610018
21
355686.949051103
31
0.0
210
0.0
220
0.0
230
1.0
71
0
72
0
100
AcDbText
73
0
0
POINT
5
429
330
1C
100
AcDbEntity
67
0
8
2 - окн федерального значения
62
256
6
ByLayer
370
-1
48
1.0
60
0
100
AcDbPoint
10
1391606.44298294
20
355686.275553666
30
0.0
39
0.0
210
0.0
220
0.0
230
1.0
50
360.0
0
TEXT
5
42A
330
1C
100
AcDbEntity
67
0
8
2 - окн федерального значения
62
7
6
ByLayer
370
-1
48
1.0
60
0
100
AcDbText
1
489
10
1391606.58298294
20
355686.549998097
30
0.0
40
0.31111111111
41
1.0
50
0.0
51
0.0
7
Standard
11
1391606.58298294
21
355686.549998097
31
0.0
210
0.0
220
0.0
230
1.0
71
0
72
0
100
AcDbText
73
0
0
POINT
5
42B
330
1C
100
AcDbEntity
67
0
8
2 - окн федерального значения
62
256
6
ByLayer
370
-1
48
1.0
60
0
100
AcDbPoint
10
1391605.63036059
20
355685.626317312
30
0.0
39
0.0
210
0.0
220
0.0
230
1.0
50
360.0
0
TEXT
5
42C
330
1C
100
AcDbEntity
67
0
8
2 - окн федерального значения
62
7
6
ByLayer
370
-1
48
1.0
60
0
100
AcDbText
1
490
10
1391605.77036059
20
355685.900761743
30
0.0
40
0.31111111111
41
1.0
50
0.0
51
0.0
7
Standard
11
1391605.77036059
21
355685.900761743
31
0.0
210
0.0
220
0.0
230
1.0
71
0
72
0
100
AcDbText
73
0
0
POINT
5
42D
330
1C
100
AcDbEntity
67
0
8
2 - окн федерального значения
62
256
6
ByLayer
370
-1
48
1.0
60
0
100
AcDbPoint
10
1391604.98685804
20
355685.26914897
30
0.0
39
0.0
210
0.0
220
0.0
230
1.0
50
360.0
0
TEXT
5
42E
330
1C
100
AcDbEntity
67
0
8
2 - окн федерального значения
62
7
6
ByLayer
370
-1
48
1.0
60
0
100
AcDbText
1
491
10
1391605.12685804
20
355685.543593401
30
0.0
40
0.31111111111
41
1.0
50
0.0
51
0.0
7
Standard
11
1391605.12685804
21
355685.543593401
31
0.0
210
0.0
220
0.0
230
1.0
71
0
72
0
100
AcDbText
73
0
0
POINT
5
42F
330
1C
100
AcDbEntity
67
0
8
2 - окн федерального значения
62
256
6
ByLayer
370
-1
48
1.0
60
0
100
AcDbPoint
10
1391604.08891004
20
355684.896483117
30
0.0
39
0.0
210
0.0
220
0.0
230
1.0
50
360.0
0
TEXT
5
430
330
1C
100
AcDbEntity
67
0
8
2 - окн федерального значения
62
7
6
ByLayer
370
-1
48
1.0
60
0
100
AcDbText
1
492
10
1391604.22891004
20
355685.170927547
30
0.0
40
0.31111111111
41
1.0
50
0.0
51
0.0
7
Standard
11
1391604.22891004
21
355685.170927547
31
0.0
210
0.0
220
0.0
230
1.0
71
0
72
0
100
AcDbText
73
0
0
POINT
5
431
330
1C
100
AcDbEntity
67
0
8
2 - окн федерального значения
62
256
6
ByLayer
370
-1
48
1.0
60
0
100
AcDbPoint
10
1391603.51168275
20
355684.748668347
30
0.0
39
0.0
210
0.0
220
0.0
230
1.0
50
360.0
0
TEXT
5
432
330
1C
100
AcDbEntity
67
0
8
2 - окн федерального значения
62
7
6
ByLayer
370
-1
48
1.0
60
0
100
AcDbText
1
493
10
1391603.65168275
20
355685.023112777
30
0.0
40
0.31111111111
41
1.0
50
0.0
51
0.0
7
Standard
11
1391603.65168275
21
355685.023112777
31
0.0
210
0.0
220
0.0
230
1.0
71
0
72
0
100
AcDbText
73
0
0
POINT
5
433
330
1C
100
AcDbEntity
67
0
8
2 - окн федерального значения
62
256
6
ByLayer
370
-1
48
1.0
60
0
100
AcDbPoint
10
1391591.95164552
20
355688.16124463
30
0.0
39
0.0
210
0.0
220
0.0
230
1.0
50
360.0
0
TEXT
5
434
330
1C
100
AcDbEntity
67
0
8
2 - окн федерального значения
62
7
6
ByLayer
370
-1
48
1.0
60
0
100
AcDbText
1
494
10
1391592.09164552
20
355688.435689061
30
0.0
40
0.31111111111
41
1.0
50
0.0
51
0.0
7
Standard
11
1391592.09164552
21
355688.435689061
31
0.0
210
0.0
220
0.0
230
1.0
71
0
72
0
100
AcDbText
73
0
0
POINT
5
435
330
1C
100
AcDbEntity
67
0
8
2 - окн федерального значения
62
256
6
ByLayer
370
-1
48
1.0
60
0
100
AcDbPoint
10
1391591.46844685
20
355688.686394699
30
0.0
39
0.0
210
0.0
220
0.0
230
1.0
50
360.0
0
TEXT
5
436
330
1C
100
AcDbEntity
67
0
8
2 - окн федерального значения
62
7
6
ByLayer
370
-1
48
1.0
60
0
100
AcDbText
1
495
10
1391591.60844685
20
355688.96083913
30
0.0
40
0.31111111111
41
1.0
50
0.0
51
0.0
7
Standard
11
1391591.60844685
21
355688.96083913
31
0.0
210
0.0
220
0.0
230
1.0
71
0
72
0
100
AcDbText
73
0
0
POINT
5
437
330
1C
100
AcDbEntity
67
0
8
2 - окн федерального значения
62
256
6
ByLayer
370
-1
48
1.0
60
0
100
AcDbPoint
10
1391590.62660141
20
355689.947119968
30
0.0
39
0.0
210
0.0
220
0.0
230
1.0
50
360.0
0
TEXT
5
438
330
1C
100
AcDbEntity
67
0
8
2 - окн федерального значения
62
7
6
ByLayer
370
-1
48
1.0
60
0
100
AcDbText
1
496
10
1391590.76660141
20
355690.221564398
30
0.0
40
0.31111111111
41
1.0
50
0.0
51
0.0
7
Standard
11
1391590.76660141
21
355690.221564398
31
0.0
210
0.0
220
0.0
230
1.0
71
0
72
0
100
AcDbText
73
0
0
POINT
5
439
330
1C
100
AcDbEntity
67
0
8
2 - окн федерального значения
62
256
6
ByLayer
370
-1
48
1.0
60
0
100
AcDbPoint
10
1391590.27693065
20
355690.742743614
30
0.0
39
0.0
210
0.0
220
0.0
230
1.0
50
360.0
0
TEXT
5
43A
330
1C
100
AcDbEntity
67
0
8
2 - окн федерального значения
62
7
6
ByLayer
370
-1
48
1.0
60
0
100
AcDbText
1
497
10
1391590.41693065
20
355691.017188044
30
0.0
40
0.31111111111
41
1.0
50
0.0
51
0.0
7
Standard
11
1391590.41693065
21
355691.017188044
31
0.0
210
0.0
220
0.0
230
1.0
71
0
72
0
100
AcDbText
73
0
0
POINT
5
43B
330
1C
100
AcDbEntity
67
0
8
2 - окн федерального значения
62
256
6
ByLayer
370
-1
48
1.0
60
0
100
AcDbPoint
10
1391589.99865163
20
355691.525786172
30
0.0
39
0.0
210
0.0
220
0.0
230
1.0
50
360.0
0
TEXT
5
43C
330
1C
100
AcDbEntity
67
0
8
2 - окн федерального значения
62
7
6
ByLayer
370
-1
48
1.0
60
0
100
AcDbText
1
498
10
1391590.13865163
20
355691.800230602
30
0.0
40
0.31111111111
41
1.0
50
0.0
51
0.0
7
Standard
11
1391590.13865163
21
355691.800230602
31
0.0
210
0.0
220
0.0
230
1.0
71
0
72
0
100
AcDbText
73
0
0
POINT
5
43D
330
1C
100
AcDbEntity
67
0
8
2 - окн федерального значения
62
256
6
ByLayer
370
-1
48
1.0
60
0
100
AcDbPoint
10
1391589.96373636
20
355692.289433433
30
0.0
39
0.0
210
0.0
220
0.0
230
1.0
50
360.0
0
TEXT
5
43E
330
1C
100
AcDbEntity
67
0
8
2 - окн федерального значения
62
7
6
ByLayer
370
-1
48
1.0
60
0
100
AcDbText
1
499
10
1391590.10373636
20
355692.563877863
30
0.0
40
0.31111111111
41
1.0
50
0.0
51
0.0
7
Standard
11
1391590.10373636
21
355692.563877863
31
0.0
210
0.0
220
0.0
230
1.0
71
0
72
0
100
AcDbText
73
0
0
POINT
5
43F
330
1C
100
AcDbEntity
67
0
8
2 - окн федерального значения
62
256
6
ByLayer
370
-1
48
1.0
60
0
100
AcDbPoint
10
1391590.26640428
20
355692.189894603
30
0.0
39
0.0
210
0.0
220
0.0
230
1.0
50
360.0
0
TEXT
5
440
330
1C
100
AcDbEntity
67
0
8
2 - окн федерального значения
62
7
6
ByLayer
370
-1
48
1.0
60
0
100
AcDbText
1
500
10
1391590.40640428
20
355692.464339033
30
0.0
40
0.31111111111
41
1.0
50
0.0
51
0.0
7
Standard
11
1391590.40640428
21
355692.464339033
31
0.0
210
0.0
220
0.0
230
1.0
71
0
72
0
100
AcDbText
73
0
0
POINT
5
441
330
1C
100
AcDbEntity
67
0
8
2 - окн федерального значения
62
256
6
ByLayer
370
-1
48
1.0
60
0
100
AcDbPoint
10
1391590.48601091
20
355692.992159403
30
0.0
39
0.0
210
0.0
220
0.0
230
1.0
50
360.0
0
TEXT
5
442
330
1C
100
AcDbEntity
67
0
8
2 - окн федерального значения
62
7
6
ByLayer
370
-1
48
1.0
60
0
100
AcDbText
1
501
10
1391590.62601091
20
355693.266603833
30
0.0
40
0.31111111111
41
1.0
50
0.0
51
0.0
7
Standard
11
1391590.62601091
21
355693.266603833
31
0.0
210
0.0
220
0.0
230
1.0
71
0
72
0
100
AcDbText
73
0
0
POINT
5
443
330
1C
100
AcDbEntity
67
0
8
2 - окн федерального значения
62
256
6
ByLayer
370
-1
48
1.0
60
0
100
AcDbPoint
10
1391590.70671898
20
355692.949208661
30
0.0
39
0.0
210
0.0
220
0.0
230
1.0
50
360.0
0
TEXT
5
444
330
1C
100
AcDbEntity
67
0
8
2 - окн федерального значения
62
7
6
ByLayer
370
-1
48
1.0
60
0
100
AcDbText
1
502
10
1391590.84671898
20
355693.223653092
30
0.0
40
0.31111111111
41
1.0
50
0.0
51
0.0
7
Standard
11
1391590.84671898
21
355693.223653092
31
0.0
210
0.0
220
0.0
230
1.0
71
0
72
0
100
AcDbText
73
0
0
POINT
5
445
330
1C
100
AcDbEntity
67
0
8
2 - окн федерального значения
62
256
6
ByLayer
370
-1
48
1.0
60
0
100
AcDbPoint
10
1391591.1798096
20
355694.588979864
30
0.0
39
0.0
210
0.0
220
0.0
230
1.0
50
360.0
0
TEXT
5
446
330
1C
100
AcDbEntity
67
0
8
2 - окн федерального значения
62
7
6
ByLayer
370
-1
48
1.0
60
0
100
AcDbText
1
503
10
1391591.3198096
20
355694.863424294
30
0.0
40
0.31111111111
41
1.0
50
0.0
51
0.0
7
Standard
11
1391591.3198096
21
355694.863424294
31
0.0
210
0.0
220
0.0
230
1.0
71
0
72
0
100
AcDbText
73
0
0
POINT
5
447
330
1C
100
AcDbEntity
67
0
8
2 - окн федерального значения
62
256
6
ByLayer
370
-1
48
1.0
60
0
100
AcDbPoint
10
1391592.08789119
20
355694.313393459
30
0.0
39
0.0
210
0.0
220
0.0
230
1.0
50
360.0
0
TEXT
5
448
330
1C
100
AcDbEntity
67
0
8
2 - окн федерального значения
62
7
6
ByLayer
370
-1
48
1.0
60
0
100
AcDbText
1
504
10
1391592.22789119
20
355694.58783789
30
0.0
40
0.31111111111
41
1.0
50
0.0
51
0.0
7
Standard
11
1391592.22789119
21
355694.58783789
31
0.0
210
0.0
220
0.0
230
1.0
71
0
72
0
100
AcDbText
73
0
0
POINT
5
449
330
1C
100
AcDbEntity
67
0
8
2 - окн федерального значения
62
256
6
ByLayer
370
-1
48
1.0
60
0
100
AcDbPoint
10
1391591.51545905
20
355692.347898637
30
0.0
39
0.0
210
0.0
220
0.0
230
1.0
50
360.0
0
TEXT
5
44A
330
1C
100
AcDbEntity
67
0
8
2 - окн федерального значения
62
7
6
ByLayer
370
-1
48
1.0
60
0
100
AcDbText
1
505
10
1391591.65545905
20
355692.622343067
30
0.0
40
0.31111111111
41
1.0
50
0.0
51
0.0
7
Standard
11
1391591.65545905
21
355692.622343067
31
0.0
210
0.0
220
0.0
230
1.0
71
0
72
0
100
AcDbText
73
0
0
POINT
5
44B
330
1C
100
AcDbEntity
67
0
8
2 - окн федерального значения
62
256
6
ByLayer
370
-1
48
1.0
60
0
100
AcDbPoint
10
1391591.65587601
20
355691.493300226
30
0.0
39
0.0
210
0.0
220
0.0
230
1.0
50
360.0
0
TEXT
5
44C
330
1C
100
AcDbEntity
67
0
8
2 - окн федерального значения
62
7
6
ByLayer
370
-1
48
1.0
60
0
100
AcDbText
1
506
10
1391591.79587601
20
355691.767744656
30
0.0
40
0.31111111111
41
1.0
50
0.0
51
0.0
7
Standard
11
1391591.79587601
21
355691.767744656
31
0.0
210
0.0
220
0.0
230
1.0
71
0
72
0
100
AcDbText
73
0
0
POINT
5
44D
330
1C
100
AcDbEntity
67
0
8
2 - окн федерального значения
62
256
6
ByLayer
370
-1
48
1.0
60
0
100
AcDbPoint
10
1391591.90994343
20
355690.802452579
30
0.0
39
0.0
210
0.0
220
0.0
230
1.0
50
360.0
0
TEXT
5
44E
330
1C
100
AcDbEntity
67
0
8
2 - окн федерального значения
62
7
6
ByLayer
370
-1
48
1.0
60
0
100
AcDbText
1
507
10
1391592.04994343
20
355691.076897009
30
0.0
40
0.31111111111
41
1.0
50
0.0
51
0.0
7
Standard
11
1391592.04994343
21
355691.076897009
31
0.0
210
0.0
220
0.0
230
1.0
71
0
72
0
100
AcDbText
73
0
0
POINT
5
44F
330
1C
100
AcDbEntity
67
0
8
2 - окн федерального значения
62
256
6
ByLayer
370
-1
48
1.0
60
0
100
AcDbPoint
10
1391592.30165647
20
355690.183247429
30
0.0
39
0.0
210
0.0
220
0.0
230
1.0
50
360.0
0
TEXT
5
450
330
1C
100
AcDbEntity
67
0
8
2 - окн федерального значения
62
7
6
ByLayer
370
-1
48
1.0
60
0
100
AcDbText
1
508
10
1391592.44165647
20
355690.457691859
30
0.0
40
0.31111111111
41
1.0
50
0.0
51
0.0
7
Standard
11
1391592.44165647
21
355690.457691859
31
0.0
210
0.0
220
0.0
230
1.0
71
0
72
0
100
AcDbText
73
0
0
POINT
5
451
330
1C
100
AcDbEntity
67
0
8
2 - окн федерального значения
62
256
6
ByLayer
370
-1
48
1.0
60
0
100
AcDbPoint
10
1391592.78503265
20
355689.646495673
30
0.0
39
0.0
210
0.0
220
0.0
230
1.0
50
360.0
0
TEXT
5
452
330
1C
100
AcDbEntity
67
0
8
2 - окн федерального значения
62
7
6
ByLayer
370
-1
48
1.0
60
0
100
AcDbText
1
509
10
1391592.92503265
20
355689.920940103
30
0.0
40
0.31111111111
41
1.0
50
0.0
51
0.0
7
Standard
11
1391592.92503265
21
355689.920940103
31
0.0
210
0.0
220
0.0
230
1.0
71
0
72
0
100
AcDbText
73
0
0
POINT
5
453
330
1C
100
AcDbEntity
67
0
8
2 - окн федерального значения
62
256
6
ByLayer
370
-1
48
1.0
60
0
100
AcDbPoint
10
1391595.42584797
20
355690.462597076
30
0.0
39
0.0
210
0.0
220
0.0
230
1.0
50
360.0
0
TEXT
5
454
330
1C
100
AcDbEntity
67
0
8
2 - окн федерального значения
62
7
6
ByLayer
370
-1
48
1.0
60
0
100
AcDbText
1
510
10
1391595.56584797
20
355690.737041506
30
0.0
40
0.31111111111
41
1.0
50
0.0
51
0.0
7
Standard
11
1391595.56584797
21
355690.737041506
31
0.0
210
0.0
220
0.0
230
1.0
71
0
72
0
100
AcDbText
73
0
0
POINT
5
455
330
1C
100
AcDbEntity
67
0
8
2 - окн федерального значения
62
256
6
ByLayer
370
-1
48
1.0
60
0
100
AcDbPoint
10
1392219.61749699
20
356012.424456791
30
0.0
39
0.0
210
0.0
220
0.0
230
1.0
50
360.0
0
TEXT
5
456
330
1C
100
AcDbEntity
67
0
8
2 - окн федерального значения
62
7
6
ByLayer
370
-1
48
1.0
60
0
100
AcDbText
1
511
10
1392219.75749699
20
356012.698901222
30
0.0
40
0.31111111111
41
1.0
50
0.0
51
0.0
7
Standard
11
1392219.75749699
21
356012.698901222
31
0.0
210
0.0
220
0.0
230
1.0
71
0
72
0
100
AcDbText
73
0
0
POINT
5
457
330
1C
100
AcDbEntity
67
0
8
2 - окн федерального значения
62
256
6
ByLayer
370
-1
48
1.0
60
0
100
AcDbPoint
10
1392218.84231035
20
356012.713050501
30
0.0
39
0.0
210
0.0
220
0.0
230
1.0
50
360.0
0
TEXT
5
458
330
1C
100
AcDbEntity
67
0
8
2 - окн федерального значения
62
7
6
ByLayer
370
-1
48
1.0
60
0
100
AcDbText
1
512
10
1392218.98231035
20
356012.987494931
30
0.0
40
0.31111111111
41
1.0
50
0.0
51
0.0
7
Standard
11
1392218.98231035
21
356012.987494931
31
0.0
210
0.0
220
0.0
230
1.0
71
0
72
0
100
AcDbText
73
0
0
POINT
5
459
330
1C
100
AcDbEntity
67
0
8
2 - окн федерального значения
62
256
6
ByLayer
370
-1
48
1.0
60
0
100
AcDbPoint
10
1392218.84696726
20
356012.722414649
30
0.0
39
0.0
210
0.0
220
0.0
230
1.0
50
360.0
0
TEXT
5
45A
330
1C
100
AcDbEntity
67
0
8
2 - окн федерального значения
62
7
6
ByLayer
370
-1
48
1.0
60
0
100
AcDbText
1
513
10
1392218.98696726
20
356012.99685908
30
0.0
40
0.31111111111
41
1.0
50
0.0
51
0.0
7
Standard
11
1392218.98696726
21
356012.99685908
31
0.0
210
0.0
220
0.0
230
1.0
71
0
72
0
100
AcDbText
73
0
0
POINT
5
45B
330
1C
100
AcDbEntity
67
0
8
2 - окн федерального значения
62
256
6
ByLayer
370
-1
48
1.0
60
0
100
AcDbPoint
10
1392218.37268328
20
356012.989742226
30
0.0
39
0.0
210
0.0
220
0.0
230
1.0
50
360.0
0
TEXT
5
45C
330
1C
100
AcDbEntity
67
0
8
2 - окн федерального значения
62
7
6
ByLayer
370
-1
48
1.0
60
0
100
AcDbText
1
514
10
1392218.51268328
20
356013.264186656
30
0.0
40
0.31111111111
41
1.0
50
0.0
51
0.0
7
Standard
11
1392218.51268328
21
356013.264186656
31
0.0
210
0.0
220
0.0
230
1.0
71
0
72
0
100
AcDbText
73
0
0
POINT
5
45D
330
1C
100
AcDbEntity
67
0
8
2 - окн федерального значения
62
256
6
ByLayer
370
-1
48
1.0
60
0
100
AcDbPoint
10
1392218.37350987
20
356012.991154262
30
0.0
39
0.0
210
0.0
220
0.0
230
1.0
50
360.0
0
TEXT
5
45E
330
1C
100
AcDbEntity
67
0
8
2 - окн федерального значения
62
7
6
ByLayer
370
-1
48
1.0
60
0
100
AcDbText
1
515
10
1392218.51350987
20
356013.265598693
30
0.0
40
0.31111111111
41
1.0
50
0.0
51
0.0
7
Standard
11
1392218.51350987
21
356013.265598693
31
0.0
210
0.0
220
0.0
230
1.0
71
0
72
0
100
AcDbText
73
0
0
POINT
5
45F
330
1C
100
AcDbEntity
67
0
8
2 - окн федерального значения
62
256
6
ByLayer
370
-1
48
1.0
60
0
100
AcDbPoint
10
1392217.89787486
20
356013.318831547
30
0.0
39
0.0
210
0.0
220
0.0
230
1.0
50
360.0
0
TEXT
5
460
330
1C
100
AcDbEntity
67
0
8
2 - окн федерального значения
62
7
6
ByLayer
370
-1
48
1.0
60
0
100
AcDbText
1
516
10
1392218.03787486
20
356013.593275977
30
0.0
40
0.31111111111
41
1.0
50
0.0
51
0.0
7
Standard
11
1392218.03787486
21
356013.593275977
31
0.0
210
0.0
220
0.0
230
1.0
71
0
72
0
100
AcDbText
73
0
0
POINT
5
461
330
1C
100
AcDbEntity
67
0
8
2 - окн федерального значения
62
256
6
ByLayer
370
-1
48
1.0
60
0
100
AcDbPoint
10
1392217.07081038
20
356014.075429136
30
0.0
39
0.0
210
0.0
220
0.0
230
1.0
50
360.0
0
TEXT
5
462
330
1C
100
AcDbEntity
67
0
8
2 - окн федерального значения
62
7
6
ByLayer
370
-1
48
1.0
60
0
100
AcDbText
1
517
10
1392217.21081038
20
356014.349873566
30
0.0
40
0.31111111111
41
1.0
50
0.0
51
0.0
7
Standard
11
1392217.21081038
21
356014.349873566
31
0.0
210
0.0
220
0.0
230
1.0
71
0
72
0
100
AcDbText
73
0
0
POINT
5
463
330
1C
100
AcDbEntity
67
0
8
2 - окн федерального значения
62
256
6
ByLayer
370
-1
48
1.0
60
0
100
AcDbPoint
10
1392217.60898049
20
356014.832748904
30
0.0
39
0.0
210
0.0
220
0.0
230
1.0
50
360.0
0
TEXT
5
464
330
1C
100
AcDbEntity
67
0
8
2 - окн федерального значения
62
7
6
ByLayer
370
-1
48
1.0
60
0
100
AcDbText
1
518
10
1392217.74898049
20
356015.107193335
30
0.0
40
0.31111111111
41
1.0
50
0.0
51
0.0
7
Standard
11
1392217.74898049
21
356015.107193335
31
0.0
210
0.0
220
0.0
230
1.0
71
0
72
0
100
AcDbText
73
0
0
POINT
5
465
330
1C
100
AcDbEntity
67
0
8
2 - окн федерального значения
62
256
6
ByLayer
370
-1
48
1.0
60
0
100
AcDbPoint
10
1392217.47357612
20
356014.950366515
30
0.0
39
0.0
210
0.0
220
0.0
230
1.0
50
360.0
0
TEXT
5
466
330
1C
100
AcDbEntity
67
0
8
2 - окн федерального значения
62
7
6
ByLayer
370
-1
48
1.0
60
0
100
AcDbText
1
519
10
1392217.61357612
20
356015.224810945
30
0.0
40
0.31111111111
41
1.0
50
0.0
51
0.0
7
Standard
11
1392217.61357612
21
356015.224810945
31
0.0
210
0.0
220
0.0
230
1.0
71
0
72
0
100
AcDbText
73
0
0
POINT
5
467
330
1C
100
AcDbEntity
67
0
8
2 - окн федерального значения
62
256
6
ByLayer
370
-1
48
1.0
60
0
100
AcDbPoint
10
1392216.90620026
20
356015.747365559
30
0.0
39
0.0
210
0.0
220
0.0
230
1.0
50
360.0
0
TEXT
5
468
330
1C
100
AcDbEntity
67
0
8
2 - окн федерального значения
62
7
6
ByLayer
370
-1
48
1.0
60
0
100
AcDbText
1
520
10
1392217.04620026
20
356016.021809989
30
0.0
40
0.31111111111
41
1.0
50
0.0
51
0.0
7
Standard
11
1392217.04620026
21
356016.021809989
31
0.0
210
0.0
220
0.0
230
1.0
71
0
72
0
100
AcDbText
73
0
0
POINT
5
469
330
1C
100
AcDbEntity
67
0
8
2 - окн федерального значения
62
256
6
ByLayer
370
-1
48
1.0
60
0
100
AcDbPoint
10
1392216.48298984
20
356016.625830885
30
0.0
39
0.0
210
0.0
220
0.0
230
1.0
50
360.0
0
TEXT
5
46A
330
1C
100
AcDbEntity
67
0
8
2 - окн федерального значения
62
7
6
ByLayer
370
-1
48
1.0
60
0
100
AcDbText
1
521
10
1392216.62298984
20
356016.900275316
30
0.0
40
0.31111111111
41
1.0
50
0.0
51
0.0
7
Standard
11
1392216.62298984
21
356016.900275316
31
0.0
210
0.0
220
0.0
230
1.0
71
0
72
0
100
AcDbText
73
0
0
POINT
5
46B
330
1C
100
AcDbEntity
67
0
8
2 - окн федерального значения
62
256
6
ByLayer
370
-1
48
1.0
60
0
100
AcDbPoint
10
1392216.17187202
20
356017.955050999
30
0.0
39
0.0
210
0.0
220
0.0
230
1.0
50
360.0
0
TEXT
5
46C
330
1C
100
AcDbEntity
67
0
8
2 - окн федерального значения
62
7
6
ByLayer
370
-1
48
1.0
60
0
100
AcDbText
1
522
10
1392216.31187202
20
356018.229495429
30
0.0
40
0.31111111111
41
1.0
50
0.0
51
0.0
7
Standard
11
1392216.31187202
21
356018.229495429
31
0.0
210
0.0
220
0.0
230
1.0
71
0
72
0
100
AcDbText
73
0
0
POINT
5
46D
330
1C
100
AcDbEntity
67
0
8
2 - окн федерального значения
62
256
6
ByLayer
370
-1
48
1.0
60
0
100
AcDbPoint
10
1392216.20253626
20
356019.401699217
30
0.0
39
0.0
210
0.0
220
0.0
230
1.0
50
360.0
0
TEXT
5
46E
330
1C
100
AcDbEntity
67
0
8
2 - окн федерального значения
62
7
6
ByLayer
370
-1
48
1.0
60
0
100
AcDbText
1
523
10
1392216.34253626
20
356019.676143647
30
0.0
40
0.31111111111
41
1.0
50
0.0
51
0.0
7
Standard
11
1392216.34253626
21
356019.676143647
31
0.0
210
0.0
220
0.0
230
1.0
71
0
72
0
100
AcDbText
73
0
0
POINT
5
46F
330
1C
100
AcDbEntity
67
0
8
2 - окн федерального значения
62
256
6
ByLayer
370
-1
48
1.0
60
0
100
AcDbPoint
10
1392216.27071673
20
356020.129162667
30
0.0
39
0.0
210
0.0
220
0.0
230
1.0
50
360.0
0
TEXT
5
470
330
1C
100
AcDbEntity
67
0
8
2 - окн федерального значения
62
7
6
ByLayer
370
-1
48
1.0
60
0
100
AcDbText
1
524
10
1392216.41071673
20
356020.403607097
30
0.0
40
0.31111111111
41
1.0
50
0.0
51
0.0
7
Standard
11
1392216.41071673
21
356020.403607097
31
0.0
210
0.0
220
0.0
230
1.0
71
0
72
0
100
AcDbText
73
0
0
POINT
5
471
330
1C
100
AcDbEntity
67
0
8
2 - окн федерального значения
62
256
6
ByLayer
370
-1
48
1.0
60
0
100
AcDbPoint
10
1392216.5108928
20
356020.846078543
30
0.0
39
0.0
210
0.0
220
0.0
230
1.0
50
360.0
0
TEXT
5
472
330
1C
100
AcDbEntity
67
0
8
2 - окн федерального значения
62
7
6
ByLayer
370
-1
48
1.0
60
0
100
AcDbText
1
525
10
1392216.6508928
20
356021.120522973
30
0.0
40
0.31111111111
41
1.0
50
0.0
51
0.0
7
Standard
11
1392216.6508928
21
356021.120522973
31
0.0
210
0.0
220
0.0
230
1.0
71
0
72
0
100
AcDbText
73
0
0
POINT
5
473
330
1C
100
AcDbEntity
67
0
8
2 - окн федерального значения
62
256
6
ByLayer
370
-1
48
1.0
60
0
100
AcDbPoint
10
1392216.94624846
20
356021.7640806
30
0.0
39
0.0
210
0.0
220
0.0
230
1.0
50
360.0
0
TEXT
5
474
330
1C
100
AcDbEntity
67
0
8
2 - окн федерального значения
62
7
6
ByLayer
370
-1
48
1.0
60
0
100
AcDbText
1
526
10
1392217.08624846
20
356022.03852503
30
0.0
40
0.31111111111
41
1.0
50
0.0
51
0.0
7
Standard
11
1392217.08624846
21
356022.03852503
31
0.0
210
0.0
220
0.0
230
1.0
71
0
72
0
100
AcDbText
73
0
0
POINT
5
475
330
1C
100
AcDbEntity
67
0
8
2 - окн федерального значения
62
256
6
ByLayer
370
-1
48
1.0
60
0
100
AcDbPoint
10
1392217.48993978
20
356022.512040265
30
0.0
39
0.0
210
0.0
220
0.0
230
1.0
50
360.0
0
TEXT
5
476
330
1C
100
AcDbEntity
67
0
8
2 - окн федерального значения
62
7
6
ByLayer
370
-1
48
1.0
60
0
100
AcDbText
1
527
10
1392217.62993978
20
356022.786484696
30
0.0
40
0.31111111111
41
1.0
50
0.0
51
0.0
7
Standard
11
1392217.62993978
21
356022.786484696
31
0.0
210
0.0
220
0.0
230
1.0
71
0
72
0
100
AcDbText
73
0
0
POINT
5
477
330
1C
100
AcDbEntity
67
0
8
2 - окн федерального значения
62
256
6
ByLayer
370
-1
48
1.0
60
0
100
AcDbPoint
10
1392218.27256507
20
356023.19761585
30
0.0
39
0.0
210
0.0
220
0.0
230
1.0
50
360.0
0
TEXT
5
478
330
1C
100
AcDbEntity
67
0
8
2 - окн федерального значения
62
7
6
ByLayer
370
-1
48
1.0
60
0
100
AcDbText
1
528
10
1392218.41256507
20
356023.47206028
30
0.0
40
0.31111111111
41
1.0
50
0.0
51
0.0
7
Standard
11
1392218.41256507
21
356023.47206028
31
0.0
210
0.0
220
0.0
230
1.0
71
0
72
0
100
AcDbText
73
0
0
POINT
5
479
330
1C
100
AcDbEntity
67
0
8
2 - окн федерального значения
62
256
6
ByLayer
370
-1
48
1.0
60
0
100
AcDbPoint
10
1392219.12345297
20
356023.738955997
30
0.0
39
0.0
210
0.0
220
0.0
230
1.0
50
360.0
0
TEXT
5
47A
330
1C
100
AcDbEntity
67
0
8
2 - окн федерального значения
62
7
6
ByLayer
370
-1
48
1.0
60
0
100
AcDbText
1
529
10
1392219.26345297
20
356024.013400428
30
0.0
40
0.31111111111
41
1.0
50
0.0
51
0.0
7
Standard
11
1392219.26345297
21
356024.013400428
31
0.0
210
0.0
220
0.0
230
1.0
71
0
72
0
100
AcDbText
73
0
0
POINT
5
47B
330
1C
100
AcDbEntity
67
0
8
2 - окн федерального значения
62
256
6
ByLayer
370
-1
48
1.0
60
0
100
AcDbPoint
10
1392220.02991588
20
356024.242323037
30
0.0
39
0.0
210
0.0
220
0.0
230
1.0
50
360.0
0
TEXT
5
47C
330
1C
100
AcDbEntity
67
0
8
2 - окн федерального значения
62
7
6
ByLayer
370
-1
48
1.0
60
0
100
AcDbText
1
530
10
1392220.16991588
20
356024.516767467
30
0.0
40
0.31111111111
41
1.0
50
0.0
51
0.0
7
Standard
11
1392220.16991588
21
356024.516767467
31
0.0
210
0.0
220
0.0
230
1.0
71
0
72
0
100
AcDbText
73
0
0
POINT
5
47D
330
1C
100
AcDbEntity
67
0
8
2 - окн федерального значения
62
256
6
ByLayer
370
-1
48
1.0
60
0
100
AcDbPoint
10
1392219.84075504
20
356025.060142057
30
0.0
39
0.0
210
0.0
220
0.0
230
1.0
50
360.0
0
TEXT
5
47E
330
1C
100
AcDbEntity
67
0
8
2 - окн федерального значения
62
7
6
ByLayer
370
-1
48
1.0
60
0
100
AcDbText
1
531
10
1392219.98075504
20
356025.334586487
30
0.0
40
0.31111111111
41
1.0
50
0.0
51
0.0
7
Standard
11
1392219.98075504
21
356025.334586487
31
0.0
210
0.0
220
0.0
230
1.0
71
0
72
0
100
AcDbText
73
0
0
POINT
5
47F
330
1C
100
AcDbEntity
67
0
8
2 - окн федерального значения
62
256
6
ByLayer
370
-1
48
1.0
60
0
100
AcDbPoint
10
1392215.94501975
20
356025.000532498
30
0.0
39
0.0
210
0.0
220
0.0
230
1.0
50
360.0
0
TEXT
5
480
330
1C
100
AcDbEntity
67
0
8
2 - окн федерального значения
62
7
6
ByLayer
370
-1
48
1.0
60
0
100
AcDbText
1
532
10
1392216.08501975
20
356025.274976928
30
0.0
40
0.31111111111
41
1.0
50
0.0
51
0.0
7
Standard
11
1392216.08501975
21
356025.274976928
31
0.0
210
0.0
220
0.0
230
1.0
71
0
72
0
100
AcDbText
73
0
0
POINT
5
481
330
1C
100
AcDbEntity
67
0
8
2 - окн федерального значения
62
256
6
ByLayer
370
-1
48
1.0
60
0
100
AcDbPoint
10
1392214.94460327
20
356024.116508623
30
0.0
39
0.0
210
0.0
220
0.0
230
1.0
50
360.0
0
TEXT
5
482
330
1C
100
AcDbEntity
67
0
8
2 - окн федерального значения
62
7
6
ByLayer
370
-1
48
1.0
60
0
100
AcDbText
1
533
10
1392215.08460327
20
356024.390953054
30
0.0
40
0.31111111111
41
1.0
50
0.0
51
0.0
7
Standard
11
1392215.08460327
21
356024.390953054
31
0.0
210
0.0
220
0.0
230
1.0
71
0
72
0
100
AcDbText
73
0
0
POINT
5
483
330
1C
100
AcDbEntity
67
0
8
2 - окн федерального значения
62
256
6
ByLayer
370
-1
48
1.0
60
0
100
AcDbPoint
10
1392214.09141795
20
356022.694296595
30
0.0
39
0.0
210
0.0
220
0.0
230
1.0
50
360.0
0
TEXT
5
484
330
1C
100
AcDbEntity
67
0
8
2 - окн федерального значения
62
7
6
ByLayer
370
-1
48
1.0
60
0
100
AcDbText
1
534
10
1392214.23141795
20
356022.968741026
30
0.0
40
0.31111111111
41
1.0
50
0.0
51
0.0
7
Standard
11
1392214.23141795
21
356022.968741026
31
0.0
210
0.0
220
0.0
230
1.0
71
0
72
0
100
AcDbText
73
0
0
POINT
5
485
330
1C
100
AcDbEntity
67
0
8
2 - окн федерального значения
62
256
6
ByLayer
370
-1
48
1.0
60
0
100
AcDbPoint
10
1392213.529814
20
356021.27654729
30
0.0
39
0.0
210
0.0
220
0.0
230
1.0
50
360.0
0
TEXT
5
486
330
1C
100
AcDbEntity
67
0
8
2 - окн федерального значения
62
7
6
ByLayer
370
-1
48
1.0
60
0
100
AcDbText
1
535
10
1392213.669814
20
356021.550991721
30
0.0
40
0.31111111111
41
1.0
50
0.0
51
0.0
7
Standard
11
1392213.669814
21
356021.550991721
31
0.0
210
0.0
220
0.0
230
1.0
71
0
72
0
100
AcDbText
73
0
0
POINT
5
487
330
1C
100
AcDbEntity
67
0
8
2 - окн федерального значения
62
256
6
ByLayer
370
-1
48
1.0
60
0
100
AcDbPoint
10
1392213.29723554
20
356020.59270599
30
0.0
39
0.0
210
0.0
220
0.0
230
1.0
50
360.0
0
TEXT
5
488
330
1C
100
AcDbEntity
67
0
8
2 - окн федерального значения
62
7
6
ByLayer
370
-1
48
1.0
60
0
100
AcDbText
1
536
10
1392213.43723554
20
356020.86715042
30
0.0
40
0.31111111111
41
1.0
50
0.0
51
0.0
7
Standard
11
1392213.43723554
21
356020.86715042
31
0.0
210
0.0
220
0.0
230
1.0
71
0
72
0
100
AcDbText
73
0
0
POINT
5
489
330
1C
100
AcDbEntity
67
0
8
2 - окн федерального значения
62
256
6
ByLayer
370
-1
48
1.0
60
0
100
AcDbPoint
10
1392213.16854162
20
356019.473128746
30
0.0
39
0.0
210
0.0
220
0.0
230
1.0
50
360.0
0
TEXT
5
48A
330
1C
100
AcDbEntity
67
0
8
2 - окн федерального значения
62
7
6
ByLayer
370
-1
48
1.0
60
0
100
AcDbText
1
537
10
1392213.30854162
20
356019.747573177
30
0.0
40
0.31111111111
41
1.0
50
0.0
51
0.0
7
Standard
11
1392213.30854162
21
356019.747573177
31
0.0
210
0.0
220
0.0
230
1.0
71
0
72
0
100
AcDbText
73
0
0
POINT
5
48B
330
1C
100
AcDbEntity
67
0
8
2 - окн федерального значения
62
256
6
ByLayer
370
-1
48
1.0
60
0
100
AcDbPoint
10
1392213.08695926
20
356018.451456594
30
0.0
39
0.0
210
0.0
220
0.0
230
1.0
50
360.0
0
TEXT
5
48C
330
1C
100
AcDbEntity
67
0
8
2 - окн федерального значения
62
7
6
ByLayer
370
-1
48
1.0
60
0
100
AcDbText
1
538
10
1392213.22695926
20
356018.725901024
30
0.0
40
0.31111111111
41
1.0
50
0.0
51
0.0
7
Standard
11
1392213.22695926
21
356018.725901024
31
0.0
210
0.0
220
0.0
230
1.0
71
0
72
0
100
AcDbText
73
0
0
POINT
5
48D
330
1C
100
AcDbEntity
67
0
8
2 - окн федерального значения
62
256
6
ByLayer
370
-1
48
1.0
60
0
100
AcDbPoint
10
1392213.30438961
20
356016.948443244
30
0.0
39
0.0
210
0.0
220
0.0
230
1.0
50
360.0
0
TEXT
5
48E
330
1C
100
AcDbEntity
67
0
8
2 - окн федерального значения
62
7
6
ByLayer
370
-1
48
1.0
60
0
100
AcDbText
1
539
10
1392213.44438961
20
356017.222887675
30
0.0
40
0.31111111111
41
1.0
50
0.0
51
0.0
7
Standard
11
1392213.44438961
21
356017.222887675
31
0.0
210
0.0
220
0.0
230
1.0
71
0
72
0
100
AcDbText
73
0
0
POINT
5
48F
330
1C
100
AcDbEntity
67
0
8
2 - окн федерального значения
62
256
6
ByLayer
370
-1
48
1.0
60
0
100
AcDbPoint
10
1392213.61455441
20
356015.738399181
30
0.0
39
0.0
210
0.0
220
0.0
230
1.0
50
360.0
0
TEXT
5
490
330
1C
100
AcDbEntity
67
0
8
2 - окн федерального значения
62
7
6
ByLayer
370
-1
48
1.0
60
0
100
AcDbText
1
540
10
1392213.75455441
20
356016.012843612
30
0.0
40
0.31111111111
41
1.0
50
0.0
51
0.0
7
Standard
11
1392213.75455441
21
356016.012843612
31
0.0
210
0.0
220
0.0
230
1.0
71
0
72
0
100
AcDbText
73
0
0
POINT
5
491
330
1C
100
AcDbEntity
67
0
8
2 - окн федерального значения
62
256
6
ByLayer
370
-1
48
1.0
60
0
100
AcDbPoint
10
1392214.21852855
20
356014.387075586
30
0.0
39
0.0
210
0.0
220
0.0
230
1.0
50
360.0
0
TEXT
5
492
330
1C
100
AcDbEntity
67
0
8
2 - окн федерального значения
62
7
6
ByLayer
370
-1
48
1.0
60
0
100
AcDbText
1
541
10
1392214.35852855
20
356014.661520016
30
0.0
40
0.31111111111
41
1.0
50
0.0
51
0.0
7
Standard
11
1392214.35852855
21
356014.661520016
31
0.0
210
0.0
220
0.0
230
1.0
71
0
72
0
100
AcDbText
73
0
0
POINT
5
493
330
1C
100
AcDbEntity
67
0
8
2 - окн федерального значения
62
256
6
ByLayer
370
-1
48
1.0
60
0
100
AcDbPoint
10
1392215.06548581
20
356013.039469921
30
0.0
39
0.0
210
0.0
220
0.0
230
1.0
50
360.0
0
TEXT
5
494
330
1C
100
AcDbEntity
67
0
8
2 - окн федерального значения
62
7
6
ByLayer
370
-1
48
1.0
60
0
100
AcDbText
1
542
10
1392215.20548581
20
356013.313914352
30
0.0
40
0.31111111111
41
1.0
50
0.0
51
0.0
7
Standard
11
1392215.20548581
21
356013.313914352
31
0.0
210
0.0
220
0.0
230
1.0
71
0
72
0
100
AcDbText
73
0
0
POINT
5
495
330
1C
100
AcDbEntity
67
0
8
2 - окн федерального значения
62
256
6
ByLayer
370
-1
48
1.0
60
0
100
AcDbPoint
10
1392216.00353228
20
356012.112347212
30
0.0
39
0.0
210
0.0
220
0.0
230
1.0
50
360.0
0
TEXT
5
496
330
1C
100
AcDbEntity
67
0
8
2 - окн федерального значения
62
7
6
ByLayer
370
-1
48
1.0
60
0
100
AcDbText
1
543
10
1392216.14353228
20
356012.386791642
30
0.0
40
0.31111111111
41
1.0
50
0.0
51
0.0
7
Standard
11
1392216.14353228
21
356012.386791642
31
0.0
210
0.0
220
0.0
230
1.0
71
0
72
0
100
AcDbText
73
0
0
POINT
5
497
330
1C
100
AcDbEntity
67
0
8
2 - окн федерального значения
62
256
6
ByLayer
370
-1
48
1.0
60
0
100
AcDbPoint
10
1392213.8887816
20
356007.366601981
30
0.0
39
0.0
210
0.0
220
0.0
230
1.0
50
360.0
0
TEXT
5
498
330
1C
100
AcDbEntity
67
0
8
2 - окн федерального значения
62
7
6
ByLayer
370
-1
48
1.0
60
0
100
AcDbText
1
544
10
1392214.0287816
20
356007.641046411
30
0.0
40
0.31111111111
41
1.0
50
0.0
51
0.0
7
Standard
11
1392214.0287816
21
356007.641046411
31
0.0
210
0.0
220
0.0
230
1.0
71
0
72
0
100
AcDbText
73
0
0
POINT
5
499
330
1C
100
AcDbEntity
67
0
8
2 - окн федерального значения
62
256
6
ByLayer
370
-1
48
1.0
60
0
100
AcDbPoint
10
1392212.43087876
20
356007.344294338
30
0.0
39
0.0
210
0.0
220
0.0
230
1.0
50
360.0
0
TEXT
5
49A
330
1C
100
AcDbEntity
67
0
8
2 - окн федерального значения
62
7
6
ByLayer
370
-1
48
1.0
60
0
100
AcDbText
1
545
10
1392212.57087876
20
356007.618738768
30
0.0
40
0.31111111111
41
1.0
50
0.0
51
0.0
7
Standard
11
1392212.57087876
21
356007.618738768
31
0.0
210
0.0
220
0.0
230
1.0
71
0
72
0
100
AcDbText
73
0
0
POINT
5
49B
330
1C
100
AcDbEntity
67
0
8
2 - окн федерального значения
62
256
6
ByLayer
370
-1
48
1.0
60
0
100
AcDbPoint
10
1392210.29931075
20
356006.874354475
30
0.0
39
0.0
210
0.0
220
0.0
230
1.0
50
360.0
0
TEXT
5
49C
330
1C
100
AcDbEntity
67
0
8
2 - окн федерального значения
62
7
6
ByLayer
370
-1
48
1.0
60
0
100
AcDbText
1
546
10
1392210.43931075
20
356007.148798905
30
0.0
40
0.31111111111
41
1.0
50
0.0
51
0.0
7
Standard
11
1392210.43931075
21
356007.148798905
31
0.0
210
0.0
220
0.0
230
1.0
71
0
72
0
100
AcDbText
73
0
0
POINT
5
49D
330
1C
100
AcDbEntity
67
0
8
2 - окн федерального значения
62
256
6
ByLayer
370
-1
48
1.0
60
0
100
AcDbPoint
10
1392208.37030636
20
356005.873005528
30
0.0
39
0.0
210
0.0
220
0.0
230
1.0
50
360.0
0
TEXT
5
49E
330
1C
100
AcDbEntity
67
0
8
2 - окн федерального значения
62
7
6
ByLayer
370
-1
48
1.0
60
0
100
AcDbText
1
547
10
1392208.51030636
20
356006.147449958
30
0.0
40
0.31111111111
41
1.0
50
0.0
51
0.0
7
Standard
11
1392208.51030636
21
356006.147449958
31
0.0
210
0.0
220
0.0
230
1.0
71
0
72
0
100
AcDbText
73
0
0
POINT
5
49F
330
1C
100
AcDbEntity
67
0
8
2 - окн федерального значения
62
256
6
ByLayer
370
-1
48
1.0
60
0
100
AcDbPoint
10
1392206.83453784
20
356004.586124403
30
0.0
39
0.0
210
0.0
220
0.0
230
1.0
50
360.0
0
TEXT
5
4A0
330
1C
100
AcDbEntity
67
0
8
2 - окн федерального значения
62
7
6
ByLayer
370
-1
48
1.0
60
0
100
AcDbText
1
548
10
1392206.97453784
20
356004.860568833
30
0.0
40
0.31111111111
41
1.0
50
0.0
51
0.0
7
Standard
11
1392206.97453784
21
356004.860568833
31
0.0
210
0.0
220
0.0
230
1.0
71
0
72
0
100
AcDbText
73
0
0
POINT
5
4A1
330
1C
100
AcDbEntity
67
0
8
2 - окн федерального значения
62
256
6
ByLayer
370
-1
48
1.0
60
0
100
AcDbPoint
10
1392205.88564465
20
356003.065264949
30
0.0
39
0.0
210
0.0
220
0.0
230
1.0
50
360.0
0
TEXT
5
4A2
330
1C
100
AcDbEntity
67
0
8
2 - окн федерального значения
62
7
6
ByLayer
370
-1
48
1.0
60
0
100
AcDbText
1
549
10
1392206.02564465
20
356003.33970938
30
0.0
40
0.31111111111
41
1.0
50
0.0
51
0.0
7
Standard
11
1392206.02564465
21
356003.33970938
31
0.0
210
0.0
220
0.0
230
1.0
71
0
72
0
100
AcDbText
73
0
0
POINT
5
4A3
330
1C
100
AcDbEntity
67
0
8
2 - окн федерального значения
62
256
6
ByLayer
370
-1
48
1.0
60
0
100
AcDbPoint
10
1392205.2283349
20
356001.548867075
30
0.0
39
0.0
210
0.0
220
0.0
230
1.0
50
360.0
0
TEXT
5
4A4
330
1C
100
AcDbEntity
67
0
8
2 - окн федерального значения
62
7
6
ByLayer
370
-1
48
1.0
60
0
100
AcDbText
1
550
10
1392205.3683349
20
356001.823311506
30
0.0
40
0.31111111111
41
1.0
50
0.0
51
0.0
7
Standard
11
1392205.3683349
21
356001.823311506
31
0.0
210
0.0
220
0.0
230
1.0
71
0
72
0
100
AcDbText
73
0
0
POINT
5
4A5
330
1C
100
AcDbEntity
67
0
8
2 - окн федерального значения
62
256
6
ByLayer
370
-1
48
1.0
60
0
100
AcDbPoint
10
1392204.81772286
20
355999.79328691
30
0.0
39
0.0
210
0.0
220
0.0
230
1.0
50
360.0
0
TEXT
5
4A6
330
1C
100
AcDbEntity
67
0
8
2 - окн федерального значения
62
7
6
ByLayer
370
-1
48
1.0
60
0
100
AcDbText
1
551
10
1392204.95772286
20
356000.067731341
30
0.0
40
0.31111111111
41
1.0
50
0.0
51
0.0
7
Standard
11
1392204.95772286
21
356000.067731341
31
0.0
210
0.0
220
0.0
230
1.0
71
0
72
0
100
AcDbText
73
0
0
POINT
5
4A7
330
1C
100
AcDbEntity
67
0
8
2 - окн федерального значения
62
256
6
ByLayer
370
-1
48
1.0
60
0
100
AcDbPoint
10
1392204.84745623
20
355997.850077273
30
0.0
39
0.0
210
0.0
220
0.0
230
1.0
50
360.0
0
TEXT
5
4A8
330
1C
100
AcDbEntity
67
0
8
2 - окн федерального значения
62
7
6
ByLayer
370
-1
48
1.0
60
0
100
AcDbText
1
552
10
1392204.98745623
20
355998.124521703
30
0.0
40
0.31111111111
41
1.0
50
0.0
51
0.0
7
Standard
11
1392204.98745623
21
355998.124521703
31
0.0
210
0.0
220
0.0
230
1.0
71
0
72
0
100
AcDbText
73
0
0
POINT
5
4A9
330
1C
100
AcDbEntity
67
0
8
2 - окн федерального значения
62
256
6
ByLayer
370
-1
48
1.0
60
0
100
AcDbPoint
10
1392205.12091811
20
355995.862004855
30
0.0
39
0.0
210
0.0
220
0.0
230
1.0
50
360.0
0
TEXT
5
4AA
330
1C
100
AcDbEntity
67
0
8
2 - окн федерального значения
62
7
6
ByLayer
370
-1
48
1.0
60
0
100
AcDbText
1
553
10
1392205.26091811
20
355996.136449286
30
0.0
40
0.31111111111
41
1.0
50
0.0
51
0.0
7
Standard
11
1392205.26091811
21
355996.136449286
31
0.0
210
0.0
220
0.0
230
1.0
71
0
72
0
100
AcDbText
73
0
0
POINT
5
4AB
330
1C
100
AcDbEntity
67
0
8
2 - окн федерального значения
62
256
6
ByLayer
370
-1
48
1.0
60
0
100
AcDbPoint
10
1392205.87291287
20
355994.367170982
30
0.0
39
0.0
210
0.0
220
0.0
230
1.0
50
360.0
0
TEXT
5
4AC
330
1C
100
AcDbEntity
67
0
8
2 - окн федерального значения
62
7
6
ByLayer
370
-1
48
1.0
60
0
100
AcDbText
1
554
10
1392206.01291287
20
355994.641615412
30
0.0
40
0.31111111111
41
1.0
50
0.0
51
0.0
7
Standard
11
1392206.01291287
21
355994.641615412
31
0.0
210
0.0
220
0.0
230
1.0
71
0
72
0
100
AcDbText
73
0
0
POINT
5
4AD
330
1C
100
AcDbEntity
67
0
8
2 - окн федерального значения
62
256
6
ByLayer
370
-1
48
1.0
60
0
100
AcDbPoint
10
1392206.57110602
20
355993.211655153
30
0.0
39
0.0
210
0.0
220
0.0
230
1.0
50
360.0
0
TEXT
5
4AE
330
1C
100
AcDbEntity
67
0
8
2 - окн федерального значения
62
7
6
ByLayer
370
-1
48
1.0
60
0
100
AcDbText
1
555
10
1392206.71110601
20
355993.486099583
30
0.0
40
0.31111111111
41
1.0
50
0.0
51
0.0
7
Standard
11
1392206.71110601
21
355993.486099583
31
0.0
210
0.0
220
0.0
230
1.0
71
0
72
0
100
AcDbText
73
0
0
POINT
5
4AF
330
1C
100
AcDbEntity
67
0
8
2 - окн федерального значения
62
256
6
ByLayer
370
-1
48
1.0
60
0
100
AcDbPoint
10
1392207.90403353
20
355991.871485371
30
0.0
39
0.0
210
0.0
220
0.0
230
1.0
50
360.0
0
TEXT
5
4B0
330
1C
100
AcDbEntity
67
0
8
2 - окн федерального значения
62
7
6
ByLayer
370
-1
48
1.0
60
0
100
AcDbText
1
556
10
1392208.04403353
20
355992.145929801
30
0.0
40
0.31111111111
41
1.0
50
0.0
51
0.0
7
Standard
11
1392208.04403353
21
355992.145929801
31
0.0
210
0.0
220
0.0
230
1.0
71
0
72
0
100
AcDbText
73
0
0
POINT
5
4B1
330
1C
100
AcDbEntity
67
0
8
2 - окн федерального значения
62
256
6
ByLayer
370
-1
48
1.0
60
0
100
AcDbPoint
10
1392209.12772541
20
355991.242043319
30
0.0
39
0.0
210
0.0
220
0.0
230
1.0
50
360.0
0
TEXT
5
4B2
330
1C
100
AcDbEntity
67
0
8
2 - окн федерального значения
62
7
6
ByLayer
370
-1
48
1.0
60
0
100
AcDbText
1
557
10
1392209.26772541
20
355991.51648775
30
0.0
40
0.31111111111
41
1.0
50
0.0
51
0.0
7
Standard
11
1392209.26772541
21
355991.51648775
31
0.0
210
0.0
220
0.0
230
1.0
71
0
72
0
100
AcDbText
73
0
0
POINT
5
4B3
330
1C
100
AcDbEntity
67
0
8
2 - окн федерального значения
62
256
6
ByLayer
370
-1
48
1.0
60
0
100
AcDbPoint
10
1392205.46261368
20
355981.543294337
30
0.0
39
0.0
210
0.0
220
0.0
230
1.0
50
360.0
0
TEXT
5
4B4
330
1C
100
AcDbEntity
67
0
8
2 - окн федерального значения
62
7
6
ByLayer
370
-1
48
1.0
60
0
100
AcDbText
1
558
10
1392205.60261368
20
355981.817738767
30
0.0
40
0.31111111111
41
1.0
50
0.0
51
0.0
7
Standard
11
1392205.60261368
21
355981.817738767
31
0.0
210
0.0
220
0.0
230
1.0
71
0
72
0
100
AcDbText
73
0
0
POINT
5
4B5
330
1C
100
AcDbEntity
67
0
8
2 - окн федерального значения
62
256
6
ByLayer
370
-1
48
1.0
60
0
100
AcDbPoint
10
1392206.02564874
20
355980.966752279
30
0.0
39
0.0
210
0.0
220
0.0
230
1.0
50
360.0
0
TEXT
5
4B6
330
1C
100
AcDbEntity
67
0
8
2 - окн федерального значения
62
7
6
ByLayer
370
-1
48
1.0
60
0
100
AcDbText
1
559
10
1392206.16564874
20
355981.241196709
30
0.0
40
0.31111111111
41
1.0
50
0.0
51
0.0
7
Standard
11
1392206.16564874
21
355981.241196709
31
0.0
210
0.0
220
0.0
230
1.0
71
0
72
0
100
AcDbText
73
0
0
POINT
5
4B7
330
1C
100
AcDbEntity
67
0
8
2 - окн федерального значения
62
256
6
ByLayer
370
-1
48
1.0
60
0
100
AcDbPoint
10
1392207.27741111
20
355982.154917081
30
0.0
39
0.0
210
0.0
220
0.0
230
1.0
50
360.0
0
TEXT
5
4B8
330
1C
100
AcDbEntity
67
0
8
2 - окн федерального значения
62
7
6
ByLayer
370
-1
48
1.0
60
0
100
AcDbText
1
560
10
1392207.41741111
20
355982.429361511
30
0.0
40
0.31111111111
41
1.0
50
0.0
51
0.0
7
Standard
11
1392207.41741111
21
355982.429361511
31
0.0
210
0.0
220
0.0
230
1.0
71
0
72
0
100
AcDbText
73
0
0
POINT
5
4B9
330
1C
100
AcDbEntity
67
0
8
2 - окн федерального значения
62
256
6
ByLayer
370
-1
48
1.0
60
0
100
AcDbPoint
10
1392211.37459733
20
355992.891488519
30
0.0
39
0.0
210
0.0
220
0.0
230
1.0
50
360.0
0
TEXT
5
4BA
330
1C
100
AcDbEntity
67
0
8
2 - окн федерального значения
62
7
6
ByLayer
370
-1
48
1.0
60
0
100
AcDbText
1
561
10
1392211.51459733
20
355993.16593295
30
0.0
40
0.31111111111
41
1.0
50
0.0
51
0.0
7
Standard
11
1392211.51459733
21
355993.16593295
31
0.0
210
0.0
220
0.0
230
1.0
71
0
72
0
100
AcDbText
73
0
0
POINT
5
4BB
330
1C
100
AcDbEntity
67
0
8
2 - окн федерального значения
62
256
6
ByLayer
370
-1
48
1.0
60
0
100
AcDbPoint
10
1392210.73057752
20
355993.110253412
30
0.0
39
0.0
210
0.0
220
0.0
230
1.0
50
360.0
0
TEXT
5
4BC
330
1C
100
AcDbEntity
67
0
8
2 - окн федерального значения
62
7
6
ByLayer
370
-1
48
1.0
60
0
100
AcDbText
1
562
10
1392210.87057752
20
355993.384697842
30
0.0
40
0.31111111111
41
1.0
50
0.0
51
0.0
7
Standard
11
1392210.87057752
21
355993.384697842
31
0.0
210
0.0
220
0.0
230
1.0
71
0
72
0
100
AcDbText
73
0
0
POINT
5
4BD
330
1C
100
AcDbEntity
67
0
8
2 - окн федерального значения
62
256
6
ByLayer
370
-1
48
1.0
60
0
100
AcDbPoint
10
1392209.83078108
20
355993.599472188
30
0.0
39
0.0
210
0.0
220
0.0
230
1.0
50
360.0
0
TEXT
5
4BE
330
1C
100
AcDbEntity
67
0
8
2 - окн федерального значения
62
7
6
ByLayer
370
-1
48
1.0
60
0
100
AcDbText
1
563
10
1392209.97078108
20
355993.873916618
30
0.0
40
0.31111111111
41
1.0
50
0.0
51
0.0
7
Standard
11
1392209.97078108
21
355993.873916618
31
0.0
210
0.0
220
0.0
230
1.0
71
0
72
0
100
AcDbText
73
0
0
POINT
5
4BF
330
1C
100
AcDbEntity
67
0
8
2 - окн федерального значения
62
256
6
ByLayer
370
-1
48
1.0
60
0
100
AcDbPoint
10
1392209.34547046
20
355993.912121367
30
0.0
39
0.0
210
0.0
220
0.0
230
1.0
50
360.0
0
TEXT
5
4C0
330
1C
100
AcDbEntity
67
0
8
2 - окн федерального значения
62
7
6
ByLayer
370
-1
48
1.0
60
0
100
AcDbText
1
564
10
1392209.48547046
20
355994.186565797
30
0.0
40
0.31111111111
41
1.0
50
0.0
51
0.0
7
Standard
11
1392209.48547046
21
355994.186565797
31
0.0
210
0.0
220
0.0
230
1.0
71
0
72
0
100
AcDbText
73
0
0
POINT
5
4C1
330
1C
100
AcDbEntity
67
0
8
2 - окн федерального значения
62
256
6
ByLayer
370
-1
48
1.0
60
0
100
AcDbPoint
10
1392208.69554961
20
355994.519473091
30
0.0
39
0.0
210
0.0
220
0.0
230
1.0
50
360.0
0
TEXT
5
4C2
330
1C
100
AcDbEntity
67
0
8
2 - окн федерального значения
62
7
6
ByLayer
370
-1
48
1.0
60
0
100
AcDbText
1
565
10
1392208.83554961
20
355994.793917521
30
0.0
40
0.31111111111
41
1.0
50
0.0
51
0.0
7
Standard
11
1392208.83554961
21
355994.793917521
31
0.0
210
0.0
220
0.0
230
1.0
71
0
72
0
100
AcDbText
73
0
0
POINT
5
4C3
330
1C
100
AcDbEntity
67
0
8
2 - окн федерального значения
62
256
6
ByLayer
370
-1
48
1.0
60
0
100
AcDbPoint
10
1392209.24730376
20
355995.030246371
30
0.0
39
0.0
210
0.0
220
0.0
230
1.0
50
360.0
0
TEXT
5
4C4
330
1C
100
AcDbEntity
67
0
8
2 - окн федерального значения
62
7
6
ByLayer
370
-1
48
1.0
60
0
100
AcDbText
1
566
10
1392209.38730376
20
355995.304690801
30
0.0
40
0.31111111111
41
1.0
50
0.0
51
0.0
7
Standard
11
1392209.38730376
21
355995.304690801
31
0.0
210
0.0
220
0.0
230
1.0
71
0
72
0
100
AcDbText
73
0
0
POINT
5
4C5
330
1C
100
AcDbEntity
67
0
8
2 - окн федерального значения
62
256
6
ByLayer
370
-1
48
1.0
60
0
100
AcDbPoint
10
1392208.54293056
20
355995.918285787
30
0.0
39
0.0
210
0.0
220
0.0
230
1.0
50
360.0
0
TEXT
5
4C6
330
1C
100
AcDbEntity
67
0
8
2 - окн федерального значения
62
7
6
ByLayer
370
-1
48
1.0
60
0
100
AcDbText
1
567
10
1392208.68293056
20
355996.192730217
30
0.0
40
0.31111111111
41
1.0
50
0.0
51
0.0
7
Standard
11
1392208.68293056
21
355996.192730217
31
0.0
210
0.0
220
0.0
230
1.0
71
0
72
0
100
AcDbText
73
0
0
POINT
5
4C7
330
1C
100
AcDbEntity
67
0
8
2 - окн федерального значения
62
256
6
ByLayer
370
-1
48
1.0
60
0
100
AcDbPoint
10
1392208.12398182
20
355996.822621547
30
0.0
39
0.0
210
0.0
220
0.0
230
1.0
50
360.0
0
TEXT
5
4C8
330
1C
100
AcDbEntity
67
0
8
2 - окн федерального значения
62
7
6
ByLayer
370
-1
48
1.0
60
0
100
AcDbText
1
568
10
1392208.26398182
20
355997.097065977
30
0.0
40
0.31111111111
41
1.0
50
0.0
51
0.0
7
Standard
11
1392208.26398182
21
355997.097065977
31
0.0
210
0.0
220
0.0
230
1.0
71
0
72
0
100
AcDbText
73
0
0
POINT
5
4C9
330
1C
100
AcDbEntity
67
0
8
2 - окн федерального значения
62
256
6
ByLayer
370
-1
48
1.0
60
0
100
AcDbPoint
10
1392207.92106005
20
355997.584101478
30
0.0
39
0.0
210
0.0
220
0.0
230
1.0
50
360.0
0
TEXT
5
4CA
330
1C
100
AcDbEntity
67
0
8
2 - окн федерального значения
62
7
6
ByLayer
370
-1
48
1.0
60
0
100
AcDbText
1
569
10
1392208.06106005
20
355997.858545908
30
0.0
40
0.31111111111
41
1.0
50
0.0
51
0.0
7
Standard
11
1392208.06106005
21
355997.858545908
31
0.0
210
0.0
220
0.0
230
1.0
71
0
72
0
100
AcDbText
73
0
0
POINT
5
4CB
330
1C
100
AcDbEntity
67
0
8
2 - окн федерального значения
62
256
6
ByLayer
370
-1
48
1.0
60
0
100
AcDbPoint
10
1392207.77144933
20
355998.537527972
30
0.0
39
0.0
210
0.0
220
0.0
230
1.0
50
360.0
0
TEXT
5
4CC
330
1C
100
AcDbEntity
67
0
8
2 - окн федерального значения
62
7
6
ByLayer
370
-1
48
1.0
60
0
100
AcDbText
1
570
10
1392207.91144933
20
355998.811972403
30
0.0
40
0.31111111111
41
1.0
50
0.0
51
0.0
7
Standard
11
1392207.91144933
21
355998.811972403
31
0.0
210
0.0
220
0.0
230
1.0
71
0
72
0
100
AcDbText
73
0
0
POINT
5
4CD
330
1C
100
AcDbEntity
67
0
8
2 - окн федерального значения
62
256
6
ByLayer
370
-1
48
1.0
60
0
100
AcDbPoint
10
1392207.77775693
20
355999.594552435
30
0.0
39
0.0
210
0.0
220
0.0
230
1.0
50
360.0
0
TEXT
5
4CE
330
1C
100
AcDbEntity
67
0
8
2 - окн федерального значения
62
7
6
ByLayer
370
-1
48
1.0
60
0
100
AcDbText
1
571
10
1392207.91775693
20
355999.868996866
30
0.0
40
0.31111111111
41
1.0
50
0.0
51
0.0
7
Standard
11
1392207.91775693
21
355999.868996866
31
0.0
210
0.0
220
0.0
230
1.0
71
0
72
0
100
AcDbText
73
0
0
POINT
5
4CF
330
1C
100
AcDbEntity
67
0
8
2 - окн федерального значения
62
256
6
ByLayer
370
-1
48
1.0
60
0
100
AcDbPoint
10
1392207.95413948
20
356000.602650784
30
0.0
39
0.0
210
0.0
220
0.0
230
1.0
50
360.0
0
TEXT
5
4D0
330
1C
100
AcDbEntity
67
0
8
2 - окн федерального значения
62
7
6
ByLayer
370
-1
48
1.0
60
0
100
AcDbText
1
572
10
1392208.09413948
20
356000.877095214
30
0.0
40
0.31111111111
41
1.0
50
0.0
51
0.0
7
Standard
11
1392208.09413948
21
356000.877095214
31
0.0
210
0.0
220
0.0
230
1.0
71
0
72
0
100
AcDbText
73
0
0
POINT
5
4D1
330
1C
100
AcDbEntity
67
0
8
2 - окн федерального значения
62
256
6
ByLayer
370
-1
48
1.0
60
0
100
AcDbPoint
10
1392208.32321907
20
356001.485306881
30
0.0
39
0.0
210
0.0
220
0.0
230
1.0
50
360.0
0
TEXT
5
4D2
330
1C
100
AcDbEntity
67
0
8
2 - окн федерального значения
62
7
6
ByLayer
370
-1
48
1.0
60
0
100
AcDbText
1
573
10
1392208.46321907
20
356001.759751311
30
0.0
40
0.31111111111
41
1.0
50
0.0
51
0.0
7
Standard
11
1392208.46321907
21
356001.759751311
31
0.0
210
0.0
220
0.0
230
1.0
71
0
72
0
100
AcDbText
73
0
0
POINT
5
4D3
330
1C
100
AcDbEntity
67
0
8
2 - окн федерального значения
62
256
6
ByLayer
370
-1
48
1.0
60
0
100
AcDbPoint
10
1392208.80756522
20
356002.189827991
30
0.0
39
0.0
210
0.0
220
0.0
230
1.0
50
360.0
0
TEXT
5
4D4
330
1C
100
AcDbEntity
67
0
8
2 - окн федерального значения
62
7
6
ByLayer
370
-1
48
1.0
60
0
100
AcDbText
1
574
10
1392208.94756522
20
356002.464272421
30
0.0
40
0.31111111111
41
1.0
50
0.0
51
0.0
7
Standard
11
1392208.94756522
21
356002.464272421
31
0.0
210
0.0
220
0.0
230
1.0
71
0
72
0
100
AcDbText
73
0
0
POINT
5
4D5
330
1C
100
AcDbEntity
67
0
8
2 - окн федерального значения
62
256
6
ByLayer
370
-1
48
1.0
60
0
100
AcDbPoint
10
1392209.53794478
20
356003.061635625
30
0.0
39
0.0
210
0.0
220
0.0
230
1.0
50
360.0
0
TEXT
5
4D6
330
1C
100
AcDbEntity
67
0
8
2 - окн федерального значения
62
7
6
ByLayer
370
-1
48
1.0
60
0
100
AcDbText
1
575
10
1392209.67794478
20
356003.336080055
30
0.0
40
0.31111111111
41
1.0
50
0.0
51
0.0
7
Standard
11
1392209.67794478
21
356003.336080055
31
0.0
210
0.0
220
0.0
230
1.0
71
0
72
0
100
AcDbText
73
0
0
POINT
5
4D7
330
1C
100
AcDbEntity
67
0
8
2 - окн федерального значения
62
256
6
ByLayer
370
-1
48
1.0
60
0
100
AcDbPoint
10
1392210.20446951
20
356003.622782991
30
0.0
39
0.0
210
0.0
220
0.0
230
1.0
50
360.0
0
TEXT
5
4D8
330
1C
100
AcDbEntity
67
0
8
2 - окн федерального значения
62
7
6
ByLayer
370
-1
48
1.0
60
0
100
AcDbText
1
576
10
1392210.34446951
20
356003.897227422
30
0.0
40
0.31111111111
41
1.0
50
0.0
51
0.0
7
Standard
11
1392210.34446951
21
356003.897227422
31
0.0
210
0.0
220
0.0
230
1.0
71
0
72
0
100
AcDbText
73
0
0
POINT
5
4D9
330
1C
100
AcDbEntity
67
0
8
2 - окн федерального значения
62
256
6
ByLayer
370
-1
48
1.0
60
0
100
AcDbPoint
10
1392210.98527369
20
356004.073234596
30
0.0
39
0.0
210
0.0
220
0.0
230
1.0
50
360.0
0
TEXT
5
4DA
330
1C
100
AcDbEntity
67
0
8
2 - окн федерального значения
62
7
6
ByLayer
370
-1
48
1.0
60
0
100
AcDbText
1
577
10
1392211.12527369
20
356004.347679026
30
0.0
40
0.31111111111
41
1.0
50
0.0
51
0.0
7
Standard
11
1392211.12527369
21
356004.347679026
31
0.0
210
0.0
220
0.0
230
1.0
71
0
72
0
100
AcDbText
73
0
0
POINT
5
4DB
330
1C
100
AcDbEntity
67
0
8
2 - окн федерального значения
62
256
6
ByLayer
370
-1
48
1.0
60
0
100
AcDbPoint
10
1392212.1054239
20
356004.405202074
30
0.0
39
0.0
210
0.0
220
0.0
230
1.0
50
360.0
0
TEXT
5
4DC
330
1C
100
AcDbEntity
67
0
8
2 - окн федерального значения
62
7
6
ByLayer
370
-1
48
1.0
60
0
100
AcDbText
1
578
10
1392212.2454239
20
356004.679646505
30
0.0
40
0.31111111111
41
1.0
50
0.0
51
0.0
7
Standard
11
1392212.2454239
21
356004.679646505
31
0.0
210
0.0
220
0.0
230
1.0
71
0
72
0
100
AcDbText
73
0
0
POINT
5
4DD
330
1C
100
AcDbEntity
67
0
8
2 - окн федерального значения
62
256
6
ByLayer
370
-1
48
1.0
60
0
100
AcDbPoint
10
1392212.72023863
20
356004.55775559
30
0.0
39
0.0
210
0.0
220
0.0
230
1.0
50
360.0
0
TEXT
5
4DE
330
1C
100
AcDbEntity
67
0
8
2 - окн федерального значения
62
7
6
ByLayer
370
-1
48
1.0
60
0
100
AcDbText
1
579
10
1392212.86023863
20
356004.83220002
30
0.0
40
0.31111111111
41
1.0
50
0.0
51
0.0
7
Standard
11
1392212.86023863
21
356004.83220002
31
0.0
210
0.0
220
0.0
230
1.0
71
0
72
0
100
AcDbText
73
0
0
POINT
5
4DF
330
1C
100
AcDbEntity
67
0
8
2 - окн федерального значения
62
256
6
ByLayer
370
-1
48
1.0
60
0
100
AcDbPoint
10
1392212.72118739
20
356005.257143123
30
0.0
39
0.0
210
0.0
220
0.0
230
1.0
50
360.0
0
TEXT
5
4E0
330
1C
100
AcDbEntity
67
0
8
2 - окн федерального значения
62
7
6
ByLayer
370
-1
48
1.0
60
0
100
AcDbText
1
580
10
1392212.86118739
20
356005.531587553
30
0.0
40
0.31111111111
41
1.0
50
0.0
51
0.0
7
Standard
11
1392212.86118739
21
356005.531587553
31
0.0
210
0.0
220
0.0
230
1.0
71
0
72
0
100
AcDbText
73
0
0
POINT
5
4E1
330
1C
100
AcDbEntity
67
0
8
2 - окн федерального значения
62
256
6
ByLayer
370
-1
48
1.0
60
0
100
AcDbPoint
10
1392213.94883661
20
356005.254604973
30
0.0
39
0.0
210
0.0
220
0.0
230
1.0
50
360.0
0
TEXT
5
4E2
330
1C
100
AcDbEntity
67
0
8
2 - окн федерального значения
62
7
6
ByLayer
370
-1
48
1.0
60
0
100
AcDbText
1
581
10
1392214.08883661
20
356005.529049404
30
0.0
40
0.31111111111
41
1.0
50
0.0
51
0.0
7
Standard
11
1392214.08883661
21
356005.529049404
31
0.0
210
0.0
220
0.0
230
1.0
71
0
72
0
100
AcDbText
73
0
0
POINT
5
4E3
330
1C
100
AcDbEntity
67
0
8
2 - окн федерального значения
62
256
6
ByLayer
370
-1
48
1.0
60
0
100
AcDbPoint
10
1392214.73717688
20
356005.186849247
30
0.0
39
0.0
210
0.0
220
0.0
230
1.0
50
360.0
0
TEXT
5
4E4
330
1C
100
AcDbEntity
67
0
8
2 - окн федерального значения
62
7
6
ByLayer
370
-1
48
1.0
60
0
100
AcDbText
1
582
10
1392214.87717688
20
356005.461293678
30
0.0
40
0.31111111111
41
1.0
50
0.0
51
0.0
7
Standard
11
1392214.87717688
21
356005.461293678
31
0.0
210
0.0
220
0.0
230
1.0
71
0
72
0
100
AcDbText
73
0
0
POINT
5
4E5
330
1C
100
AcDbEntity
67
0
8
2 - окн федерального значения
62
256
6
ByLayer
370
-1
48
1.0
60
0
100
AcDbPoint
10
1392214.73519359
20
356005.178128403
30
0.0
39
0.0
210
0.0
220
0.0
230
1.0
50
360.0
0
TEXT
5
4E6
330
1C
100
AcDbEntity
67
0
8
2 - окн федерального значения
62
7
6
ByLayer
370
-1
48
1.0
60
0
100
AcDbText
1
583
10
1392214.87519359
20
356005.452572834
30
0.0
40
0.31111111111
41
1.0
50
0.0
51
0.0
7
Standard
11
1392214.87519359
21
356005.452572834
31
0.0
210
0.0
220
0.0
230
1.0
71
0
72
0
100
AcDbText
73
0
0
POINT
5
4E7
330
1C
100
AcDbEntity
67
0
8
2 - окн федерального значения
62
256
6
ByLayer
370
-1
48
1.0
60
0
100
AcDbPoint
10
1392215.18005947
20
356005.048769438
30
0.0
39
0.0
210
0.0
220
0.0
230
1.0
50
360.0
0
TEXT
5
4E8
330
1C
100
AcDbEntity
67
0
8
2 - окн федерального значения
62
7
6
ByLayer
370
-1
48
1.0
60
0
100
AcDbText
1
584
10
1392215.32005947
20
356005.323213868
30
0.0
40
0.31111111111
41
1.0
50
0.0
51
0.0
7
Standard
11
1392215.32005947
21
356005.323213868
31
0.0
210
0.0
220
0.0
230
1.0
71
0
72
0
100
AcDbText
73
0
0
POINT
5
4E9
330
1C
100
AcDbEntity
67
0
8
2 - окн федерального значения
62
256
6
ByLayer
370
-1
48
1.0
60
0
100
AcDbPoint
10
1392215.17896867
20
356005.045438784
30
0.0
39
0.0
210
0.0
220
0.0
230
1.0
50
360.0
0
TEXT
5
4EA
330
1C
100
AcDbEntity
67
0
8
2 - окн федерального значения
62
7
6
ByLayer
370
-1
48
1.0
60
0
100
AcDbText
1
585
10
1392215.31896867
20
356005.319883215
30
0.0
40
0.31111111111
41
1.0
50
0.0
51
0.0
7
Standard
11
1392215.31896867
21
356005.319883215
31
0.0
210
0.0
220
0.0
230
1.0
71
0
72
0
100
AcDbText
73
0
0
POINT
5
4EB
330
1C
100
AcDbEntity
67
0
8
2 - окн федерального значения
62
256
6
ByLayer
370
-1
48
1.0
60
0
100
AcDbPoint
10
1392215.63927606
20
356004.886113911
30
0.0
39
0.0
210
0.0
220
0.0
230
1.0
50
360.0
0
TEXT
5
4EC
330
1C
100
AcDbEntity
67
0
8
2 - окн федерального значения
62
7
6
ByLayer
370
-1
48
1.0
60
0
100
AcDbText
1
586
10
1392215.77927606
20
356005.160558342
30
0.0
40
0.31111111111
41
1.0
50
0.0
51
0.0
7
Standard
11
1392215.77927606
21
356005.160558342
31
0.0
210
0.0
220
0.0
230
1.0
71
0
72
0
100
AcDbText
73
0
0
POINT
5
4ED
330
1C
100
AcDbEntity
67
0
8
2 - окн федерального значения
62
256
6
ByLayer
370
-1
48
1.0
60
0
100
AcDbPoint
10
1392215.64099507
20
356004.890835921
30
0.0
39
0.0
210
0.0
220
0.0
230
1.0
50
360.0
0
TEXT
5
4EE
330
1C
100
AcDbEntity
67
0
8
2 - окн федерального значения
62
7
6
ByLayer
370
-1
48
1.0
60
0
100
AcDbText
1
587
10
1392215.78099507
20
356005.165280351
30
0.0
40
0.31111111111
41
1.0
50
0.0
51
0.0
7
Standard
11
1392215.78099507
21
356005.165280351
31
0.0
210
0.0
220
0.0
230
1.0
71
0
72
0
100
AcDbText
73
0
0
POINT
5
4EF
330
1C
100
AcDbEntity
67
0
8
2 - окн федерального значения
62
256
6
ByLayer
370
-1
48
1.0
60
0
100
AcDbPoint
10
1392216.09735516
20
356004.696480718
30
0.0
39
0.0
210
0.0
220
0.0
230
1.0
50
360.0
0
TEXT
5
4F0
330
1C
100
AcDbEntity
67
0
8
2 - окн федерального значения
62
7
6
ByLayer
370
-1
48
1.0
60
0
100
AcDbText
1
588
10
1392216.23735516
20
356004.970925149
30
0.0
40
0.31111111111
41
1.0
50
0.0
51
0.0
7
Standard
11
1392216.23735516
21
356004.970925149
31
0.0
210
0.0
220
0.0
230
1.0
71
0
72
0
100
AcDbText
73
0
0
POINT
5
4F1
330
1C
100
AcDbEntity
67
0
8
2 - окн федерального значения
62
256
6
ByLayer
370
-1
48
1.0
60
0
100
AcDbPoint
10
1392206.59911091
20
355995.618826135
30
0.0
39
0.0
210
0.0
220
0.0
230
1.0
50
360.0
0
TEXT
5
4F2
330
1C
100
AcDbEntity
67
0
8
2 - окн федерального значения
62
7
6
ByLayer
370
-1
48
1.0
60
0
100
AcDbText
1
589
10
1392206.73911091
20
355995.893270566
30
0.0
40
0.31111111111
41
1.0
50
0.0
51
0.0
7
Standard
11
1392206.73911091
21
355995.893270566
31
0.0
210
0.0
220
0.0
230
1.0
71
0
72
0
100
AcDbText
73
0
0
POINT
5
4F3
330
1C
100
AcDbEntity
67
0
8
2 - окн федерального значения
62
256
6
ByLayer
370
-1
48
1.0
60
0
100
AcDbPoint
10
1392207.90861568
20
355995.638863075
30
0.0
39
0.0
210
0.0
220
0.0
230
1.0
50
360.0
0
TEXT
5
4F4
330
1C
100
AcDbEntity
67
0
8
2 - окн федерального значения
62
7
6
ByLayer
370
-1
48
1.0
60
0
100
AcDbText
1
590
10
1392208.04861568
20
355995.913307506
30
0.0
40
0.31111111111
41
1.0
50
0.0
51
0.0
7
Standard
11
1392208.04861568
21
355995.913307506
31
0.0
210
0.0
220
0.0
230
1.0
71
0
72
0
100
AcDbText
73
0
0
POINT
5
4F5
330
1C
100
AcDbEntity
67
0
8
2 - окн федерального значения
62
256
6
ByLayer
370
-1
48
1.0
60
0
100
AcDbPoint
10
1392207.88566427
20
355997.138841264
30
0.0
39
0.0
210
0.0
220
0.0
230
1.0
50
360.0
0
TEXT
5
4F6
330
1C
100
AcDbEntity
67
0
8
2 - окн федерального значения
62
7
6
ByLayer
370
-1
48
1.0
60
0
100
AcDbText
1
591
10
1392208.02566427
20
355997.413285694
30
0.0
40
0.31111111111
41
1.0
50
0.0
51
0.0
7
Standard
11
1392208.02566427
21
355997.413285694
31
0.0
210
0.0
220
0.0
230
1.0
71
0
72
0
100
AcDbText
73
0
0
POINT
5
4F7
330
1C
100
AcDbEntity
67
0
8
2 - окн федерального значения
62
256
6
ByLayer
370
-1
48
1.0
60
0
100
AcDbPoint
10
1392206.5761595
20
355997.118804319
30
0.0
39
0.0
210
0.0
220
0.0
230
1.0
50
360.0
0
TEXT
5
4F8
330
1C
100
AcDbEntity
67
0
8
2 - окн федерального значения
62
7
6
ByLayer
370
-1
48
1.0
60
0
100
AcDbText
1
592
10
1392206.7161595
20
355997.393248749
30
0.0
40
0.31111111111
41
1.0
50
0.0
51
0.0
7
Standard
11
1392206.7161595
21
355997.393248749
31
0.0
210
0.0
220
0.0
230
1.0
71
0
72
0
100
AcDbText
73
0
0
POINT
5
4F9
330
1C
100
AcDbEntity
67
0
8
2 - окн федерального значения
62
256
6
ByLayer
370
-1
48
1.0
60
0
100
AcDbPoint
10
1392214.38608206
20
356016.998779218
30
0.0
39
0.0
210
0.0
220
0.0
230
1.0
50
360.0
0
TEXT
5
4FA
330
1C
100
AcDbEntity
67
0
8
2 - окн федерального значения
62
7
6
ByLayer
370
-1
48
1.0
60
0
100
AcDbText
1
593
10
1392214.52608206
20
356017.273223649
30
0.0
40
0.31111111111
41
1.0
50
0.0
51
0.0
7
Standard
11
1392214.52608206
21
356017.273223649
31
0.0
210
0.0
220
0.0
230
1.0
71
0
72
0
100
AcDbText
73
0
0
POINT
5
4FB
330
1C
100
AcDbEntity
67
0
8
2 - окн федерального значения
62
256
6
ByLayer
370
-1
48
1.0
60
0
100
AcDbPoint
10
1392215.69558685
20
356017.018816228
30
0.0
39
0.0
210
0.0
220
0.0
230
1.0
50
360.0
0
TEXT
5
4FC
330
1C
100
AcDbEntity
67
0
8
2 - окн федерального значения
62
7
6
ByLayer
370
-1
48
1.0
60
0
100
AcDbText
1
594
10
1392215.83558685
20
356017.293260659
30
0.0
40
0.31111111111
41
1.0
50
0.0
51
0.0
7
Standard
11
1392215.83558685
21
356017.293260659
31
0.0
210
0.0
220
0.0
230
1.0
71
0
72
0
100
AcDbText
73
0
0
POINT
5
4FD
330
1C
100
AcDbEntity
67
0
8
2 - окн федерального значения
62
256
6
ByLayer
370
-1
48
1.0
60
0
100
AcDbPoint
10
1392215.67263536
20
356018.518794448
30
0.0
39
0.0
210
0.0
220
0.0
230
1.0
50
360.0
0
TEXT
5
4FE
330
1C
100
AcDbEntity
67
0
8
2 - окн федерального значения
62
7
6
ByLayer
370
-1
48
1.0
60
0
100
AcDbText
1
595
10
1392215.81263536
20
356018.793238879
30
0.0
40
0.31111111111
41
1.0
50
0.0
51
0.0
7
Standard
11
1392215.81263536
21
356018.793238879
31
0.0
210
0.0
220
0.0
230
1.0
71
0
72
0
100
AcDbText
73
0
0
POINT
5
4FF
330
1C
100
AcDbEntity
67
0
8
2 - окн федерального значения
62
256
6
ByLayer
370
-1
48
1.0
60
0
100
AcDbPoint
10
1392214.36313057
20
356018.498757432
30
0.0
39
0.0
210
0.0
220
0.0
230
1.0
50
360.0
0
TEXT
5
500
330
1C
100
AcDbEntity
67
0
8
2 - окн федерального значения
62
7
6
ByLayer
370
-1
48
1.0
60
0
100
AcDbText
1
596
10
1392214.50313057
20
356018.773201862
30
0.0
40
0.31111111111
41
1.0
50
0.0
51
0.0
7
Standard
11
1392214.50313057
21
356018.773201862
31
0.0
210
0.0
220
0.0
230
1.0
71
0
72
0
100
AcDbText
73
0
0
POINT
5
501
330
1C
100
AcDbEntity
67
0
8
2 - окн федерального значения
62
256
6
ByLayer
370
-1
48
1.0
60
0
100
AcDbPoint
10
1392192.85674744
20
355979.583012616
30
0.0
39
0.0
210
0.0
220
0.0
230
1.0
50
360.0
0
TEXT
5
502
330
1C
100
AcDbEntity
67
0
8
2 - окн федерального значения
62
7
6
ByLayer
370
-1
48
1.0
60
0
100
AcDbText
1
597
10
1392192.99674744
20
355979.857457046
30
0.0
40
0.31111111111
41
1.0
50
0.0
51
0.0
7
Standard
11
1392192.99674744
21
355979.857457046
31
0.0
210
0.0
220
0.0
230
1.0
71
0
72
0
100
AcDbText
73
0
0
POINT
5
503
330
1C
100
AcDbEntity
67
0
8
2 - окн федерального значения
62
256
6
ByLayer
370
-1
48
1.0
60
0
100
AcDbPoint
10
1392190.76123669
20
355982.125868369
30
0.0
39
0.0
210
0.0
220
0.0
230
1.0
50
360.0
0
TEXT
5
504
330
1C
100
AcDbEntity
67
0
8
2 - окн федерального значения
62
7
6
ByLayer
370
-1
48
1.0
60
0
100
AcDbText
1
598
10
1392190.90123669
20
355982.4003128
30
0.0
40
0.31111111111
41
1.0
50
0.0
51
0.0
7
Standard
11
1392190.90123669
21
355982.4003128
31
0.0
210
0.0
220
0.0
230
1.0
71
0
72
0
100
AcDbText
73
0
0
POINT
5
505
330
1C
100
AcDbEntity
67
0
8
2 - окн федерального значения
62
256
6
ByLayer
370
-1
48
1.0
60
0
100
AcDbPoint
10
1392198.47805145
20
355988.746018849
30
0.0
39
0.0
210
0.0
220
0.0
230
1.0
50
360.0
0
TEXT
5
506
330
1C
100
AcDbEntity
67
0
8
2 - окн федерального значения
62
7
6
ByLayer
370
-1
48
1.0
60
0
100
AcDbText
1
599
10
1392198.61805145
20
355989.020463279
30
0.0
40
0.31111111111
41
1.0
50
0.0
51
0.0
7
Standard
11
1392198.61805145
21
355989.020463279
31
0.0
210
0.0
220
0.0
230
1.0
71
0
72
0
100
AcDbText
73
0
0
POINT
5
507
330
1C
100
AcDbEntity
67
0
8
2 - окн федерального значения
62
256
6
ByLayer
370
-1
48
1.0
60
0
100
AcDbPoint
10
1392199.94031728
20
355987.198068448
30
0.0
39
0.0
210
0.0
220
0.0
230
1.0
50
360.0
0
TEXT
5
508
330
1C
100
AcDbEntity
67
0
8
2 - окн федерального значения
62
7
6
ByLayer
370
-1
48
1.0
60
0
100
AcDbText
1
600
10
1392200.08031728
20
355987.472512879
30
0.0
40
0.31111111111
41
1.0
50
0.0
51
0.0
7
Standard
11
1392200.08031728
21
355987.472512879
31
0.0
210
0.0
220
0.0
230
1.0
71
0
72
0
100
AcDbText
73
0
0
POINT
5
509
330
1C
100
AcDbEntity
67
0
8
2 - окн федерального значения
62
256
6
ByLayer
370
-1
48
1.0
60
0
100
AcDbPoint
10
1392207.21631174
20
355982.096921958
30
0.0
39
0.0
210
0.0
220
0.0
230
1.0
50
360.0
0
TEXT
5
50A
330
1C
100
AcDbEntity
67
0
8
2 - окн федерального значения
62
7
6
ByLayer
370
-1
48
1.0
60
0
100
AcDbText
1
602
10
1392207.35631174
20
355982.371366389
30
0.0
40
0.31111111111
41
1.0
50
0.0
51
0.0
7
Standard
11
1392207.35631174
21
355982.371366389
31
0.0
210
0.0
220
0.0
230
1.0
71
0
72
0
100
AcDbText
73
0
0
POINT
5
50B
330
1C
100
AcDbEntity
67
0
8
2 - окн федерального значения
62
256
6
ByLayer
370
-1
48
1.0
60
0
100
AcDbPoint
10
1392211.32465102
20
355978.016605502
30
0.0
39
0.0
210
0.0
220
0.0
230
1.0
50
360.0
0
TEXT
5
50C
330
1C
100
AcDbEntity
67
0
8
2 - окн федерального значения
62
7
6
ByLayer
370
-1
48
1.0
60
0
100
AcDbText
1
603
10
1392211.46465102
20
355978.291049933
30
0.0
40
0.31111111111
41
1.0
50
0.0
51
0.0
7
Standard
11
1392211.46465102
21
355978.291049933
31
0.0
210
0.0
220
0.0
230
1.0
71
0
72
0
100
AcDbText
73
0
0
POINT
5
50D
330
1C
100
AcDbEntity
67
0
8
2 - окн федерального значения
62
256
6
ByLayer
370
-1
48
1.0
60
0
100
AcDbPoint
10
1392213.07181585
20
355979.917633846
30
0.0
39
0.0
210
0.0
220
0.0
230
1.0
50
360.0
0
TEXT
5
50E
330
1C
100
AcDbEntity
67
0
8
2 - окн федерального значения
62
7
6
ByLayer
370
-1
48
1.0
60
0
100
AcDbText
1
604
10
1392213.21181585
20
355980.192078276
30
0.0
40
0.31111111111
41
1.0
50
0.0
51
0.0
7
Standard
11
1392213.21181585
21
355980.192078276
31
0.0
210
0.0
220
0.0
230
1.0
71
0
72
0
100
AcDbText
73
0
0
POINT
5
50F
330
1C
100
AcDbEntity
67
0
8
2 - окн федерального значения
62
256
6
ByLayer
370
-1
48
1.0
60
0
100
AcDbPoint
10
1392215.9796653
20
355976.9040668
30
0.0
39
0.0
210
0.0
220
0.0
230
1.0
50
360.0
0
TEXT
5
510
330
1C
100
AcDbEntity
67
0
8
2 - окн федерального значения
62
7
6
ByLayer
370
-1
48
1.0
60
0
100
AcDbText
1
605
10
1392216.1196653
20
355977.17851123
30
0.0
40
0.31111111111
41
1.0
50
0.0
51
0.0
7
Standard
11
1392216.1196653
21
355977.17851123
31
0.0
210
0.0
220
0.0
230
1.0
71
0
72
0
100
AcDbText
73
0
0
POINT
5
511
330
1C
100
AcDbEntity
67
0
8
2 - окн федерального значения
62
256
6
ByLayer
370
-1
48
1.0
60
0
100
AcDbPoint
10
1392202.74382763
20
355964.831007737
30
0.0
39
0.0
210
0.0
220
0.0
230
1.0
50
360.0
0
TEXT
5
512
330
1C
100
AcDbEntity
67
0
8
2 - окн федерального значения
62
7
6
ByLayer
370
-1
48
1.0
60
0
100
AcDbText
1
606
10
1392202.88382763
20
355965.105452167
30
0.0
40
0.31111111111
41
1.0
50
0.0
51
0.0
7
Standard
11
1392202.88382763
21
355965.105452167
31
0.0
210
0.0
220
0.0
230
1.0
71
0
72
0
100
AcDbText
73
0
0
POINT
5
513
330
1C
100
AcDbEntity
67
0
8
2 - окн федерального значения
62
256
6
ByLayer
370
-1
48
1.0
60
0
100
AcDbPoint
10
1392199.59823138
20
355968.33417278
30
0.0
39
0.0
210
0.0
220
0.0
230
1.0
50
360.0
0
TEXT
5
514
330
1C
100
AcDbEntity
67
0
8
2 - окн федерального значения
62
7
6
ByLayer
370
-1
48
1.0
60
0
100
AcDbText
1
607
10
1392199.73823138
20
355968.60861721
30
0.0
40
0.31111111111
41
1.0
50
0.0
51
0.0
7
Standard
11
1392199.73823138
21
355968.60861721
31
0.0
210
0.0
220
0.0
230
1.0
71
0
72
0
100
AcDbText
73
0
0
POINT
5
515
330
1C
100
AcDbEntity
67
0
8
2 - окн федерального значения
62
256
6
ByLayer
370
-1
48
1.0
60
0
100
AcDbPoint
10
1392201.22340925
20
355969.60856978
30
0.0
39
0.0
210
0.0
220
0.0
230
1.0
50
360.0
0
TEXT
5
516
330
1C
100
AcDbEntity
67
0
8
2 - окн федерального значения
62
7
6
ByLayer
370
-1
48
1.0
60
0
100
AcDbText
1
608
10
1392201.36340925
20
355969.88301421
30
0.0
40
0.31111111111
41
1.0
50
0.0
51
0.0
7
Standard
11
1392201.36340925
21
355969.88301421
31
0.0
210
0.0
220
0.0
230
1.0
71
0
72
0
100
AcDbText
73
0
0
POINT
5
517
330
1C
100
AcDbEntity
67
0
8
2 - окн федерального значения
62
256
6
ByLayer
370
-1
48
1.0
60
0
100
AcDbPoint
10
1392192.84549178
20
355955.411947588
30
0.0
39
0.0
210
0.0
220
0.0
230
1.0
50
360.0
0
TEXT
5
518
330
1C
100
AcDbEntity
67
0
8
2 - окн федерального значения
62
7
6
ByLayer
370
-1
48
1.0
60
0
100
AcDbText
1
609
10
1392192.98549178
20
355955.686392018
30
0.0
40
0.31111111111
41
1.0
50
0.0
51
0.0
7
Standard
11
1392192.98549178
21
355955.686392018
31
0.0
210
0.0
220
0.0
230
1.0
71
0
72
0
100
AcDbText
73
0
0
POINT
5
519
330
1C
100
AcDbEntity
67
0
8
2 - окн федерального значения
62
256
6
ByLayer
370
-1
48
1.0
60
0
100
AcDbPoint
10
1392193.95369656
20
355947.210840474
30
0.0
39
0.0
210
0.0
220
0.0
230
1.0
50
360.0
0
TEXT
5
51A
330
1C
100
AcDbEntity
67
0
8
2 - окн федерального значения
62
7
6
ByLayer
370
-1
48
1.0
60
0
100
AcDbText
1
610
10
1392194.09369656
20
355947.485284904
30
0.0
40
0.31111111111
41
1.0
50
0.0
51
0.0
7
Standard
11
1392194.09369656
21
355947.485284904
31
0.0
210
0.0
220
0.0
230
1.0
71
0
72
0
100
AcDbText
73
0
0
POINT
5
51B
330
1C
100
AcDbEntity
67
0
8
2 - окн федерального значения
62
256
6
ByLayer
370
-1
48
1.0
60
0
100
AcDbPoint
10
1392191.12703381
20
355946.780044161
30
0.0
39
0.0
210
0.0
220
0.0
230
1.0
50
360.0
0
TEXT
5
51C
330
1C
100
AcDbEntity
67
0
8
2 - окн федерального значения
62
7
6
ByLayer
370
-1
48
1.0
60
0
100
AcDbText
1
611
10
1392191.26703381
20
355947.054488591
30
0.0
40
0.31111111111
41
1.0
50
0.0
51
0.0
7
Standard
11
1392191.26703381
21
355947.054488591
31
0.0
210
0.0
220
0.0
230
1.0
71
0
72
0
100
AcDbText
73
0
0
POINT
5
51D
330
1C
100
AcDbEntity
67
0
8
2 - окн федерального значения
62
256
6
ByLayer
370
-1
48
1.0
60
0
100
AcDbPoint
10
1392191.0261691
20
355947.523764847
30
0.0
39
0.0
210
0.0
220
0.0
230
1.0
50
360.0
0
TEXT
5
51E
330
1C
100
AcDbEntity
67
0
8
2 - окн федерального значения
62
7
6
ByLayer
370
-1
48
1.0
60
0
100
AcDbText
1
612
10
1392191.1661691
20
355947.798209278
30
0.0
40
0.31111111111
41
1.0
50
0.0
51
0.0
7
Standard
11
1392191.1661691
21
355947.798209278
31
0.0
210
0.0
220
0.0
230
1.0
71
0
72
0
100
AcDbText
73
0
0
POINT
5
51F
330
1C
100
AcDbEntity
67
0
8
2 - окн федерального значения
62
256
6
ByLayer
370
-1
48
1.0
60
0
100
AcDbPoint
10
1392182.57431649
20
355946.351113954
30
0.0
39
0.0
210
0.0
220
0.0
230
1.0
50
360.0
0
TEXT
5
520
330
1C
100
AcDbEntity
67
0
8
2 - окн федерального значения
62
7
6
ByLayer
370
-1
48
1.0
60
0
100
AcDbText
1
613
10
1392182.71431649
20
355946.625558385
30
0.0
40
0.31111111111
41
1.0
50
0.0
51
0.0
7
Standard
11
1392182.71431649
21
355946.625558385
31
0.0
210
0.0
220
0.0
230
1.0
71
0
72
0
100
AcDbText
73
0
0
POINT
5
521
330
1C
100
AcDbEntity
67
0
8
2 - окн федерального значения
62
256
6
ByLayer
370
-1
48
1.0
60
0
100
AcDbPoint
10
1392182.24103074
20
355948.641296891
30
0.0
39
0.0
210
0.0
220
0.0
230
1.0
50
360.0
0
TEXT
5
522
330
1C
100
AcDbEntity
67
0
8
2 - окн федерального значения
62
7
6
ByLayer
370
-1
48
1.0
60
0
100
AcDbText
1
614
10
1392182.38103074
20
355948.915741321
30
0.0
40
0.31111111111
41
1.0
50
0.0
51
0.0
7
Standard
11
1392182.38103074
21
355948.915741321
31
0.0
210
0.0
220
0.0
230
1.0
71
0
72
0
100
AcDbText
73
0
0
POINT
5
523
330
1C
100
AcDbEntity
67
0
8
2 - окн федерального значения
62
256
6
ByLayer
370
-1
48
1.0
60
0
100
AcDbPoint
10
1392176.52327218
20
355947.805037391
30
0.0
39
0.0
210
0.0
220
0.0
230
1.0
50
360.0
0
TEXT
5
524
330
1C
100
AcDbEntity
67
0
8
2 - окн федерального значения
62
7
6
ByLayer
370
-1
48
1.0
60
0
100
AcDbText
1
615
10
1392176.66327218
20
355948.079481821
30
0.0
40
0.31111111111
41
1.0
50
0.0
51
0.0
7
Standard
11
1392176.66327218
21
355948.079481821
31
0.0
210
0.0
220
0.0
230
1.0
71
0
72
0
100
AcDbText
73
0
0
POINT
5
525
330
1C
100
AcDbEntity
67
0
8
2 - окн федерального значения
62
256
6
ByLayer
370
-1
48
1.0
60
0
100
AcDbPoint
10
1392172.69210042
20
355947.244703527
30
0.0
39
0.0
210
0.0
220
0.0
230
1.0
50
360.0
0
TEXT
5
526
330
1C
100
AcDbEntity
67
0
8
2 - окн федерального значения
62
7
6
ByLayer
370
-1
48
1.0
60
0
100
AcDbText
1
616
10
1392172.83210042
20
355947.519147958
30
0.0
40
0.31111111111
41
1.0
50
0.0
51
0.0
7
Standard
11
1392172.83210042
21
355947.519147958
31
0.0
210
0.0
220
0.0
230
1.0
71
0
72
0
100
AcDbText
73
0
0
POINT
5
527
330
1C
100
AcDbEntity
67
0
8
2 - окн федерального значения
62
256
6
ByLayer
370
-1
48
1.0
60
0
100
AcDbPoint
10
1392171.88244922
20
355953.824197441
30
0.0
39
0.0
210
0.0
220
0.0
230
1.0
50
360.0
0
TEXT
5
528
330
1C
100
AcDbEntity
67
0
8
2 - окн федерального значения
62
7
6
ByLayer
370
-1
48
1.0
60
0
100
AcDbText
1
617
10
1392172.02244922
20
355954.098641871
30
0.0
40
0.31111111111
41
1.0
50
0.0
51
0.0
7
Standard
11
1392172.02244922
21
355954.098641871
31
0.0
210
0.0
220
0.0
230
1.0
71
0
72
0
100
AcDbText
73
0
0
POINT
5
529
330
1C
100
AcDbEntity
67
0
8
2 - окн федерального значения
62
256
6
ByLayer
370
-1
48
1.0
60
0
100
AcDbPoint
10
1392192.66182967
20
355956.771111932
30
0.0
39
0.0
210
0.0
220
0.0
230
1.0
50
360.0
0
TEXT
5
52A
330
1C
100
AcDbEntity
67
0
8
2 - окн федерального значения
62
7
6
ByLayer
370
-1
48
1.0
60
0
100
AcDbText
1
618
10
1392192.80182967
20
355957.045556363
30
0.0
40
0.31111111111
41
1.0
50
0.0
51
0.0
7
Standard
11
1392192.80182967
21
355957.045556363
31
0.0
210
0.0
220
0.0
230
1.0
71
0
72
0
100
AcDbText
73
0
0
POINT
5
52B
330
1C
100
AcDbEntity
67
0
8
2 - окн федерального значения
62
256
6
ByLayer
370
-1
48
1.0
60
0
100
AcDbPoint
10
1392240.95030748
20
356061.067244682
30
0.0
39
0.0
210
0.0
220
0.0
230
1.0
50
360.0
0
TEXT
5
52C
330
1C
100
AcDbEntity
67
0
8
2 - окн федерального значения
62
7
6
ByLayer
370
-1
48
1.0
60
0
100
AcDbText
1
621
10
1392241.09030748
20
356061.341689112
30
0.0
40
0.31111111111
41
1.0
50
0.0
51
0.0
7
Standard
11
1392241.09030748
21
356061.341689112
31
0.0
210
0.0
220
0.0
230
1.0
71
0
72
0
100
AcDbText
73
0
0
POINT
5
52D
330
1C
100
AcDbEntity
67
0
8
2 - окн федерального значения
62
256
6
ByLayer
370
-1
48
1.0
60
0
100
AcDbPoint
10
1392243.05427475
20
356060.069229342
30
0.0
39
0.0
210
0.0
220
0.0
230
1.0
50
360.0
0
TEXT
5
52E
330
1C
100
AcDbEntity
67
0
8
2 - окн федерального значения
62
7
6
ByLayer
370
-1
48
1.0
60
0
100
AcDbText
1
622
10
1392243.19427475
20
356060.343673772
30
0.0
40
0.31111111111
41
1.0
50
0.0
51
0.0
7
Standard
11
1392243.19427475
21
356060.343673772
31
0.0
210
0.0
220
0.0
230
1.0
71
0
72
0
100
AcDbText
73
0
0
POINT
5
52F
330
1C
100
AcDbEntity
67
0
8
2 - окн федерального значения
62
256
6
ByLayer
370
-1
48
1.0
60
0
100
AcDbPoint
10
1392242.83678432
20
356059.247458281
30
0.0
39
0.0
210
0.0
220
0.0
230
1.0
50
360.0
0
TEXT
5
530
330
1C
100
AcDbEntity
67
0
8
2 - окн федерального значения
62
7
6
ByLayer
370
-1
48
1.0
60
0
100
AcDbText
1
623
10
1392242.97678432
20
356059.521902712
30
0.0
40
0.31111111111
41
1.0
50
0.0
51
0.0
7
Standard
11
1392242.97678432
21
356059.521902712
31
0.0
210
0.0
220
0.0
230
1.0
71
0
72
0
100
AcDbText
73
0
0
POINT
5
531
330
1C
100
AcDbEntity
67
0
8
2 - окн федерального значения
62
256
6
ByLayer
370
-1
48
1.0
60
0
100
AcDbPoint
10
1392243.15736245
20
356059.178218958
30
0.0
39
0.0
210
0.0
220
0.0
230
1.0
50
360.0
0
TEXT
5
532
330
1C
100
AcDbEntity
67
0
8
2 - окн федерального значения
62
7
6
ByLayer
370
-1
48
1.0
60
0
100
AcDbText
1
624
10
1392243.29736245
20
356059.452663388
30
0.0
40
0.31111111111
41
1.0
50
0.0
51
0.0
7
Standard
11
1392243.29736245
21
356059.452663388
31
0.0
210
0.0
220
0.0
230
1.0
71
0
72
0
100
AcDbText
73
0
0
POINT
5
533
330
1C
100
AcDbEntity
67
0
8
2 - окн федерального значения
62
256
6
ByLayer
370
-1
48
1.0
60
0
100
AcDbPoint
10
1392244.12994843
20
356059.04452774
30
0.0
39
0.0
210
0.0
220
0.0
230
1.0
50
360.0
0
TEXT
5
534
330
1C
100
AcDbEntity
67
0
8
2 - окн федерального значения
62
7
6
ByLayer
370
-1
48
1.0
60
0
100
AcDbText
1
625
10
1392244.26994843
20
356059.318972171
30
0.0
40
0.31111111111
41
1.0
50
0.0
51
0.0
7
Standard
11
1392244.26994843
21
356059.318972171
31
0.0
210
0.0
220
0.0
230
1.0
71
0
72
0
100
AcDbText
73
0
0
POINT
5
535
330
1C
100
AcDbEntity
67
0
8
2 - окн федерального значения
62
256
6
ByLayer
370
-1
48
1.0
60
0
100
AcDbPoint
10
1392245.44581226
20
356059.064339309
30
0.0
39
0.0
210
0.0
220
0.0
230
1.0
50
360.0
0
TEXT
5
536
330
1C
100
AcDbEntity
67
0
8
2 - окн федерального значения
62
7
6
ByLayer
370
-1
48
1.0
60
0
100
AcDbText
1
626
10
1392245.58581226
20
356059.33878374
30
0.0
40
0.31111111111
41
1.0
50
0.0
51
0.0
7
Standard
11
1392245.58581226
21
356059.33878374
31
0.0
210
0.0
220
0.0
230
1.0
71
0
72
0
100
AcDbText
73
0
0
POINT
5
537
330
1C
100
AcDbEntity
67
0
8
2 - окн федерального значения
62
256
6
ByLayer
370
-1
48
1.0
60
0
100
AcDbPoint
10
1392246.09786253
20
356059.153710226
30
0.0
39
0.0
210
0.0
220
0.0
230
1.0
50
360.0
0
TEXT
5
538
330
1C
100
AcDbEntity
67
0
8
2 - окн федерального значения
62
7
6
ByLayer
370
-1
48
1.0
60
0
100
AcDbText
1
627
10
1392246.23786253
20
356059.428154656
30
0.0
40
0.31111111111
41
1.0
50
0.0
51
0.0
7
Standard
11
1392246.23786253
21
356059.428154656
31
0.0
210
0.0
220
0.0
230
1.0
71
0
72
0
100
AcDbText
73
0
0
POINT
5
539
330
1C
100
AcDbEntity
67
0
8
2 - окн федерального значения
62
256
6
ByLayer
370
-1
48
1.0
60
0
100
AcDbPoint
10
1392247.33906063
20
356059.551001292
30
0.0
39
0.0
210
0.0
220
0.0
230
1.0
50
360.0
0
TEXT
5
53A
330
1C
100
AcDbEntity
67
0
8
2 - окн федерального значения
62
7
6
ByLayer
370
-1
48
1.0
60
0
100
AcDbText
1
628
10
1392247.47906063
20
356059.825445722
30
0.0
40
0.31111111111
41
1.0
50
0.0
51
0.0
7
Standard
11
1392247.47906063
21
356059.825445722
31
0.0
210
0.0
220
0.0
230
1.0
71
0
72
0
100
AcDbText
73
0
0
POINT
5
53B
330
1C
100
AcDbEntity
67
0
8
2 - окн федерального значения
62
256
6
ByLayer
370
-1
48
1.0
60
0
100
AcDbPoint
10
1392247.92464527
20
356059.849517605
30
0.0
39
0.0
210
0.0
220
0.0
230
1.0
50
360.0
0
TEXT
5
53C
330
1C
100
AcDbEntity
67
0
8
2 - окн федерального значения
62
7
6
ByLayer
370
-1
48
1.0
60
0
100
AcDbText
1
629
10
1392248.06464527
20
356060.123962035
30
0.0
40
0.31111111111
41
1.0
50
0.0
51
0.0
7
Standard
11
1392248.06464527
21
356060.123962035
31
0.0
210
0.0
220
0.0
230
1.0
71
0
72
0
100
AcDbText
73
0
0
POINT
5
53D
330
1C
100
AcDbEntity
67
0
8
2 - окн федерального значения
62
256
6
ByLayer
370
-1
48
1.0
60
0
100
AcDbPoint
10
1392249.05027153
20
356060.549671235
30
0.0
39
0.0
210
0.0
220
0.0
230
1.0
50
360.0
0
TEXT
5
53E
330
1C
100
AcDbEntity
67
0
8
2 - окн федерального значения
62
7
6
ByLayer
370
-1
48
1.0
60
0
100
AcDbText
1
630
10
1392249.19027153
20
356060.824115665
30
0.0
40
0.31111111111
41
1.0
50
0.0
51
0.0
7
Standard
11
1392249.19027153
21
356060.824115665
31
0.0
210
0.0
220
0.0
230
1.0
71
0
72
0
100
AcDbText
73
0
0
POINT
5
53F
330
1C
100
AcDbEntity
67
0
8
2 - окн федерального значения
62
256
6
ByLayer
370
-1
48
1.0
60
0
100
AcDbPoint
10
1392249.57432617
20
356060.94771714
30
0.0
39
0.0
210
0.0
220
0.0
230
1.0
50
360.0
0
TEXT
5
540
330
1C
100
AcDbEntity
67
0
8
2 - окн федерального значения
62
7
6
ByLayer
370
-1
48
1.0
60
0
100
AcDbText
1
631
10
1392249.71432617
20
356061.222161571
30
0.0
40
0.31111111111
41
1.0
50
0.0
51
0.0
7
Standard
11
1392249.71432617
21
356061.222161571
31
0.0
210
0.0
220
0.0
230
1.0
71
0
72
0
100
AcDbText
73
0
0
POINT
5
541
330
1C
100
AcDbEntity
67
0
8
2 - окн федерального значения
62
256
6
ByLayer
370
-1
48
1.0
60
0
100
AcDbPoint
10
1392250.63758711
20
356062.176907223
30
0.0
39
0.0
210
0.0
220
0.0
230
1.0
50
360.0
0
TEXT
5
542
330
1C
100
AcDbEntity
67
0
8
2 - окн федерального значения
62
7
6
ByLayer
370
-1
48
1.0
60
0
100
AcDbText
1
632
10
1392250.77758711
20
356062.451351653
30
0.0
40
0.31111111111
41
1.0
50
0.0
51
0.0
7
Standard
11
1392250.77758711
21
356062.451351653
31
0.0
210
0.0
220
0.0
230
1.0
71
0
72
0
100
AcDbText
73
0
0
POINT
5
543
330
1C
100
AcDbEntity
67
0
8
2 - окн федерального значения
62
256
6
ByLayer
370
-1
48
1.0
60
0
100
AcDbPoint
10
1392251.32251848
20
356063.305205065
30
0.0
39
0.0
210
0.0
220
0.0
230
1.0
50
360.0
0
TEXT
5
544
330
1C
100
AcDbEntity
67
0
8
2 - окн федерального значения
62
7
6
ByLayer
370
-1
48
1.0
60
0
100
AcDbText
1
633
10
1392251.46251848
20
356063.579649495
30
0.0
40
0.31111111111
41
1.0
50
0.0
51
0.0
7
Standard
11
1392251.46251848
21
356063.579649495
31
0.0
210
0.0
220
0.0
230
1.0
71
0
72
0
100
AcDbText
73
0
0
POINT
5
545
330
1C
100
AcDbEntity
67
0
8
2 - окн федерального значения
62
256
6
ByLayer
370
-1
48
1.0
60
0
100
AcDbPoint
10
1392251.63580933
20
356063.881490608
30
0.0
39
0.0
210
0.0
220
0.0
230
1.0
50
360.0
0
TEXT
5
546
330
1C
100
AcDbEntity
67
0
8
2 - окн федерального значения
62
7
6
ByLayer
370
-1
48
1.0
60
0
100
AcDbText
1
634
10
1392251.77580933
20
356064.155935039
30
0.0
40
0.31111111111
41
1.0
50
0.0
51
0.0
7
Standard
11
1392251.77580933
21
356064.155935039
31
0.0
210
0.0
220
0.0
230
1.0
71
0
72
0
100
AcDbText
73
0
0
POINT
5
547
330
1C
100
AcDbEntity
67
0
8
2 - окн федерального значения
62
256
6
ByLayer
370
-1
48
1.0
60
0
100
AcDbPoint
10
1392252.09814712
20
356065.1021723
30
0.0
39
0.0
210
0.0
220
0.0
230
1.0
50
360.0
0
TEXT
5
548
330
1C
100
AcDbEntity
67
0
8
2 - окн федерального значения
62
7
6
ByLayer
370
-1
48
1.0
60
0
100
AcDbText
1
635
10
1392252.23814712
20
356065.37661673
30
0.0
40
0.31111111111
41
1.0
50
0.0
51
0.0
7
Standard
11
1392252.23814712
21
356065.37661673
31
0.0
210
0.0
220
0.0
230
1.0
71
0
72
0
100
AcDbText
73
0
0
POINT
5
549
330
1C
100
AcDbEntity
67
0
8
2 - окн федерального значения
62
256
6
ByLayer
370
-1
48
1.0
60
0
100
AcDbPoint
10
1392252.27789339
20
356066.0739761
30
0.0
39
0.0
210
0.0
220
0.0
230
1.0
50
360.0
0
TEXT
5
54A
330
1C
100
AcDbEntity
67
0
8
2 - окн федерального значения
62
7
6
ByLayer
370
-1
48
1.0
60
0
100
AcDbText
1
636
10
1392252.41789339
20
356066.34842053
30
0.0
40
0.31111111111
41
1.0
50
0.0
51
0.0
7
Standard
11
1392252.41789339
21
356066.34842053
31
0.0
210
0.0
220
0.0
230
1.0
71
0
72
0
100
AcDbText
73
0
0
POINT
5
54B
330
1C
100
AcDbEntity
67
0
8
2 - окн федерального значения
62
256
6
ByLayer
370
-1
48
1.0
60
0
100
AcDbPoint
10
1392252.32740234
20
356067.552252717
30
0.0
39
0.0
210
0.0
220
0.0
230
1.0
50
360.0
0
TEXT
5
54C
330
1C
100
AcDbEntity
67
0
8
2 - окн федерального значения
62
7
6
ByLayer
370
-1
48
1.0
60
0
100
AcDbText
1
637
10
1392252.46740234
20
356067.826697147
30
0.0
40
0.31111111111
41
1.0
50
0.0
51
0.0
7
Standard
11
1392252.46740234
21
356067.826697147
31
0.0
210
0.0
220
0.0
230
1.0
71
0
72
0
100
AcDbText
73
0
0
POINT
5
54D
330
1C
100
AcDbEntity
67
0
8
2 - окн федерального значения
62
256
6
ByLayer
370
-1
48
1.0
60
0
100
AcDbPoint
10
1392252.14535134
20
356069.020111814
30
0.0
39
0.0
210
0.0
220
0.0
230
1.0
50
360.0
0
TEXT
5
54E
330
1C
100
AcDbEntity
67
0
8
2 - окн федерального значения
62
7
6
ByLayer
370
-1
48
1.0
60
0
100
AcDbText
1
638
10
1392252.28535134
20
356069.294556244
30
0.0
40
0.31111111111
41
1.0
50
0.0
51
0.0
7
Standard
11
1392252.28535134
21
356069.294556244
31
0.0
210
0.0
220
0.0
230
1.0
71
0
72
0
100
AcDbText
73
0
0
POINT
5
54F
330
1C
100
AcDbEntity
67
0
8
2 - окн федерального значения
62
256
6
ByLayer
370
-1
48
1.0
60
0
100
AcDbPoint
10
1392251.41296541
20
356071.190298656
30
0.0
39
0.0
210
0.0
220
0.0
230
1.0
50
360.0
0
TEXT
5
550
330
1C
100
AcDbEntity
67
0
8
2 - окн федерального значения
62
7
6
ByLayer
370
-1
48
1.0
60
0
100
AcDbText
1
639
10
1392251.55296541
20
356071.464743086
30
0.0
40
0.31111111111
41
1.0
50
0.0
51
0.0
7
Standard
11
1392251.55296541
21
356071.464743086
31
0.0
210
0.0
220
0.0
230
1.0
71
0
72
0
100
AcDbText
73
0
0
POINT
5
551
330
1C
100
AcDbEntity
67
0
8
2 - окн федерального значения
62
256
6
ByLayer
370
-1
48
1.0
60
0
100
AcDbPoint
10
1392250.56747243
20
356072.594177064
30
0.0
39
0.0
210
0.0
220
0.0
230
1.0
50
360.0
0
TEXT
5
552
330
1C
100
AcDbEntity
67
0
8
2 - окн федерального значения
62
7
6
ByLayer
370
-1
48
1.0
60
0
100
AcDbText
1
640
10
1392250.70747243
20
356072.868621494
30
0.0
40
0.31111111111
41
1.0
50
0.0
51
0.0
7
Standard
11
1392250.70747243
21
356072.868621494
31
0.0
210
0.0
220
0.0
230
1.0
71
0
72
0
100
AcDbText
73
0
0
POINT
5
553
330
1C
100
AcDbEntity
67
0
8
2 - окн федерального значения
62
256
6
ByLayer
370
-1
48
1.0
60
0
100
AcDbPoint
10
1392249.98615668
20
356073.387441827
30
0.0
39
0.0
210
0.0
220
0.0
230
1.0
50
360.0
0
TEXT
5
554
330
1C
100
AcDbEntity
67
0
8
2 - окн федерального значения
62
7
6
ByLayer
370
-1
48
1.0
60
0
100
AcDbText
1
641
10
1392250.12615668
20
356073.661886257
30
0.0
40
0.31111111111
41
1.0
50
0.0
51
0.0
7
Standard
11
1392250.12615668
21
356073.661886257
31
0.0
210
0.0
220
0.0
230
1.0
71
0
72
0
100
AcDbText
73
0
0
POINT
5
555
330
1C
100
AcDbEntity
67
0
8
2 - окн федерального значения
62
256
6
ByLayer
370
-1
48
1.0
60
0
100
AcDbPoint
10
1392249.52312913
20
356072.669379335
30
0.0
39
0.0
210
0.0
220
0.0
230
1.0
50
360.0
0
TEXT
5
556
330
1C
100
AcDbEntity
67
0
8
2 - окн федерального значения
62
7
6
ByLayer
370
-1
48
1.0
60
0
100
AcDbText
1
642
10
1392249.66312913
20
356072.943823766
30
0.0
40
0.31111111111
41
1.0
50
0.0
51
0.0
7
Standard
11
1392249.66312913
21
356072.943823766
31
0.0
210
0.0
220
0.0
230
1.0
71
0
72
0
100
AcDbText
73
0
0
POINT
5
557
330
1C
100
AcDbEntity
67
0
8
2 - окн федерального значения
62
256
6
ByLayer
370
-1
48
1.0
60
0
100
AcDbPoint
10
1392246.71995141
20
356074.447826206
30
0.0
39
0.0
210
0.0
220
0.0
230
1.0
50
360.0
0
TEXT
5
558
330
1C
100
AcDbEntity
67
0
8
2 - окн федерального значения
62
7
6
ByLayer
370
-1
48
1.0
60
0
100
AcDbText
1
643
10
1392246.85995141
20
356074.722270636
30
0.0
40
0.31111111111
41
1.0
50
0.0
51
0.0
7
Standard
11
1392246.85995141
21
356074.722270636
31
0.0
210
0.0
220
0.0
230
1.0
71
0
72
0
100
AcDbText
73
0
0
POINT
5
559
330
1C
100
AcDbEntity
67
0
8
2 - окн федерального значения
62
256
6
ByLayer
370
-1
48
1.0
60
0
100
AcDbPoint
10
1392247.54419603
20
356075.786835608
30
0.0
39
0.0
210
0.0
220
0.0
230
1.0
50
360.0
0
TEXT
5
55A
330
1C
100
AcDbEntity
67
0
8
2 - окн федерального значения
62
7
6
ByLayer
370
-1
48
1.0
60
0
100
AcDbText
1
644
10
1392247.68419603
20
356076.061280038
30
0.0
40
0.31111111111
41
1.0
50
0.0
51
0.0
7
Standard
11
1392247.68419603
21
356076.061280038
31
0.0
210
0.0
220
0.0
230
1.0
71
0
72
0
100
AcDbText
73
0
0
POINT
5
55B
330
1C
100
AcDbEntity
67
0
8
2 - окн федерального значения
62
256
6
ByLayer
370
-1
48
1.0
60
0
100
AcDbPoint
10
1392247.14141338
20
356075.963904168
30
0.0
39
0.0
210
0.0
220
0.0
230
1.0
50
360.0
0
TEXT
5
55C
330
1C
100
AcDbEntity
67
0
8
2 - окн федерального значения
62
7
6
ByLayer
370
-1
48
1.0
60
0
100
AcDbText
1
645
10
1392247.28141338
20
356076.238348598
30
0.0
40
0.31111111111
41
1.0
50
0.0
51
0.0
7
Standard
11
1392247.28141338
21
356076.238348598
31
0.0
210
0.0
220
0.0
230
1.0
71
0
72
0
100
AcDbText
73
0
0
POINT
5
55D
330
1C
100
AcDbEntity
67
0
8
2 - окн федерального значения
62
256
6
ByLayer
370
-1
48
1.0
60
0
100
AcDbPoint
10
1392246.31939827
20
356076.283141358
30
0.0
39
0.0
210
0.0
220
0.0
230
1.0
50
360.0
0
TEXT
5
55E
330
1C
100
AcDbEntity
67
0
8
2 - окн федерального значения
62
7
6
ByLayer
370
-1
48
1.0
60
0
100
AcDbText
1
646
10
1392246.45939827
20
356076.557585788
30
0.0
40
0.31111111111
41
1.0
50
0.0
51
0.0
7
Standard
11
1392246.45939827
21
356076.557585788
31
0.0
210
0.0
220
0.0
230
1.0
71
0
72
0
100
AcDbText
73
0
0
POINT
5
55F
330
1C
100
AcDbEntity
67
0
8
2 - окн федерального значения
62
256
6
ByLayer
370
-1
48
1.0
60
0
100
AcDbPoint
10
1392244.59928491
20
356076.643504329
30
0.0
39
0.0
210
0.0
220
0.0
230
1.0
50
360.0
0
TEXT
5
560
330
1C
100
AcDbEntity
67
0
8
2 - окн федерального значения
62
7
6
ByLayer
370
-1
48
1.0
60
0
100
AcDbText
1
647
10
1392244.73928491
20
356076.91794876
30
0.0
40
0.31111111111
41
1.0
50
0.0
51
0.0
7
Standard
11
1392244.73928491
21
356076.91794876
31
0.0
210
0.0
220
0.0
230
1.0
71
0
72
0
100
AcDbText
73
0
0
POINT
5
561
330
1C
100
AcDbEntity
67
0
8
2 - окн федерального значения
62
256
6
ByLayer
370
-1
48
1.0
60
0
100
AcDbPoint
10
1392242.62004057
20
356076.573250162
30
0.0
39
0.0
210
0.0
220
0.0
230
1.0
50
360.0
0
TEXT
5
562
330
1C
100
AcDbEntity
67
0
8
2 - окн федерального значения
62
7
6
ByLayer
370
-1
48
1.0
60
0
100
AcDbText
1
648
10
1392242.76004057
20
356076.847694593
30
0.0
40
0.31111111111
41
1.0
50
0.0
51
0.0
7
Standard
11
1392242.76004057
21
356076.847694593
31
0.0
210
0.0
220
0.0
230
1.0
71
0
72
0
100
AcDbText
73
0
0
POINT
5
563
330
1C
100
AcDbEntity
67
0
8
2 - окн федерального значения
62
256
6
ByLayer
370
-1
48
1.0
60
0
100
AcDbPoint
10
1392240.69397921
20
356076.112130389
30
0.0
39
0.0
210
0.0
220
0.0
230
1.0
50
360.0
0
TEXT
5
564
330
1C
100
AcDbEntity
67
0
8
2 - окн федерального значения
62
7
6
ByLayer
370
-1
48
1.0
60
0
100
AcDbText
1
649
10
1392240.83397921
20
356076.386574819
30
0.0
40
0.31111111111
41
1.0
50
0.0
51
0.0
7
Standard
11
1392240.83397921
21
356076.386574819
31
0.0
210
0.0
220
0.0
230
1.0
71
0
72
0
100
AcDbText
73
0
0
POINT
5
565
330
1C
100
AcDbEntity
67
0
8
2 - окн федерального значения
62
256
6
ByLayer
370
-1
48
1.0
60
0
100
AcDbPoint
10
1392239.0953745
20
356075.363066385
30
0.0
39
0.0
210
0.0
220
0.0
230
1.0
50
360.0
0
TEXT
5
566
330
1C
100
AcDbEntity
67
0
8
2 - окн федерального значения
62
7
6
ByLayer
370
-1
48
1.0
60
0
100
AcDbText
1
650
10
1392239.2353745
20
356075.637510815
30
0.0
40
0.31111111111
41
1.0
50
0.0
51
0.0
7
Standard
11
1392239.2353745
21
356075.637510815
31
0.0
210
0.0
220
0.0
230
1.0
71
0
72
0
100
AcDbText
73
0
0
POINT
5
567
330
1C
100
AcDbEntity
67
0
8
2 - окн федерального значения
62
256
6
ByLayer
370
-1
48
1.0
60
0
100
AcDbPoint
10
1392237.69249707
20
356074.291353353
30
0.0
39
0.0
210
0.0
220
0.0
230
1.0
50
360.0
0
TEXT
5
568
330
1C
100
AcDbEntity
67
0
8
2 - окн федерального значения
62
7
6
ByLayer
370
-1
48
1.0
60
0
100
AcDbText
1
651
10
1392237.83249707
20
356074.565797784
30
0.0
40
0.31111111111
41
1.0
50
0.0
51
0.0
7
Standard
11
1392237.83249707
21
356074.565797784
31
0.0
210
0.0
220
0.0
230
1.0
71
0
72
0
100
AcDbText
73
0
0
POINT
5
569
330
1C
100
AcDbEntity
67
0
8
2 - окн федерального значения
62
256
6
ByLayer
370
-1
48
1.0
60
0
100
AcDbPoint
10
1392236.43372193
20
356072.762046994
30
0.0
39
0.0
210
0.0
220
0.0
230
1.0
50
360.0
0
TEXT
5
56A
330
1C
100
AcDbEntity
67
0
8
2 - окн федерального значения
62
7
6
ByLayer
370
-1
48
1.0
60
0
100
AcDbText
1
652
10
1392236.57372193
20
356073.036491425
30
0.0
40
0.31111111111
41
1.0
50
0.0
51
0.0
7
Standard
11
1392236.57372193
21
356073.036491425
31
0.0
210
0.0
220
0.0
230
1.0
71
0
72
0
100
AcDbText
73
0
0
POINT
5
56B
330
1C
100
AcDbEntity
67
0
8
2 - окн федерального значения
62
256
6
ByLayer
370
-1
48
1.0
60
0
100
AcDbPoint
10
1392235.50807171
20
356071.010914663
30
0.0
39
0.0
210
0.0
220
0.0
230
1.0
50
360.0
0
TEXT
5
56C
330
1C
100
AcDbEntity
67
0
8
2 - окн федерального значения
62
7
6
ByLayer
370
-1
48
1.0
60
0
100
AcDbText
1
653
10
1392235.64807171
20
356071.285359094
30
0.0
40
0.31111111111
41
1.0
50
0.0
51
0.0
7
Standard
11
1392235.64807171
21
356071.285359094
31
0.0
210
0.0
220
0.0
230
1.0
71
0
72
0
100
AcDbText
73
0
0
POINT
5
56D
330
1C
100
AcDbEntity
67
0
8
2 - окн федерального значения
62
256
6
ByLayer
370
-1
48
1.0
60
0
100
AcDbPoint
10
1392235.06468116
20
356069.535116449
30
0.0
39
0.0
210
0.0
220
0.0
230
1.0
50
360.0
0
TEXT
5
56E
330
1C
100
AcDbEntity
67
0
8
2 - окн федерального значения
62
7
6
ByLayer
370
-1
48
1.0
60
0
100
AcDbText
1
654
10
1392235.20468116
20
356069.80956088
30
0.0
40
0.31111111111
41
1.0
50
0.0
51
0.0
7
Standard
11
1392235.20468116
21
356069.80956088
31
0.0
210
0.0
220
0.0
230
1.0
71
0
72
0
100
AcDbText
73
0
0
POINT
5
56F
330
1C
100
AcDbEntity
67
0
8
2 - окн федерального значения
62
256
6
ByLayer
370
-1
48
1.0
60
0
100
AcDbPoint
10
1392234.92048365
20
356068.000912218
30
0.0
39
0.0
210
0.0
220
0.0
230
1.0
50
360.0
0
TEXT
5
570
330
1C
100
AcDbEntity
67
0
8
2 - окн федерального значения
62
7
6
ByLayer
370
-1
48
1.0
60
0
100
AcDbText
1
655
10
1392235.06048365
20
356068.275356649
30
0.0
40
0.31111111111
41
1.0
50
0.0
51
0.0
7
Standard
11
1392235.06048365
21
356068.275356649
31
0.0
210
0.0
220
0.0
230
1.0
71
0
72
0
100
AcDbText
73
0
0
POINT
5
571
330
1C
100
AcDbEntity
67
0
8
2 - окн федерального значения
62
256
6
ByLayer
370
-1
48
1.0
60
0
100
AcDbPoint
10
1392235.12138823
20
356065.810309584
30
0.0
39
0.0
210
0.0
220
0.0
230
1.0
50
360.0
0
TEXT
5
572
330
1C
100
AcDbEntity
67
0
8
2 - окн федерального значения
62
7
6
ByLayer
370
-1
48
1.0
60
0
100
AcDbText
1
656
10
1392235.26138823
20
356066.084754014
30
0.0
40
0.31111111111
41
1.0
50
0.0
51
0.0
7
Standard
11
1392235.26138823
21
356066.084754014
31
0.0
210
0.0
220
0.0
230
1.0
71
0
72
0
100
AcDbText
73
0
0
POINT
5
573
330
1C
100
AcDbEntity
67
0
8
2 - окн федерального значения
62
256
6
ByLayer
370
-1
48
1.0
60
0
100
AcDbPoint
10
1392235.80836828
20
356063.720534248
30
0.0
39
0.0
210
0.0
220
0.0
230
1.0
50
360.0
0
TEXT
5
574
330
1C
100
AcDbEntity
67
0
8
2 - окн федерального значения
62
7
6
ByLayer
370
-1
48
1.0
60
0
100
AcDbText
1
657
10
1392235.94836828
20
356063.994978679
30
0.0
40
0.31111111111
41
1.0
50
0.0
51
0.0
7
Standard
11
1392235.94836828
21
356063.994978679
31
0.0
210
0.0
220
0.0
230
1.0
71
0
72
0
100
AcDbText
73
0
0
POINT
5
575
330
1C
100
AcDbEntity
67
0
8
2 - окн федерального значения
62
256
6
ByLayer
370
-1
48
1.0
60
0
100
AcDbPoint
10
1392236.98456023
20
356061.85809427
30
0.0
39
0.0
210
0.0
220
0.0
230
1.0
50
360.0
0
TEXT
5
576
330
1C
100
AcDbEntity
67
0
8
2 - окн федерального значения
62
7
6
ByLayer
370
-1
48
1.0
60
0
100
AcDbText
1
658
10
1392237.12456023
20
356062.1325387
30
0.0
40
0.31111111111
41
1.0
50
0.0
51
0.0
7
Standard
11
1392237.12456023
21
356062.1325387
31
0.0
210
0.0
220
0.0
230
1.0
71
0
72
0
100
AcDbText
73
0
0
POINT
5
577
330
1C
100
AcDbEntity
67
0
8
2 - окн федерального значения
62
256
6
ByLayer
370
-1
48
1.0
60
0
100
AcDbPoint
10
1393261.49649196
20
357885.169160536
30
0.0
39
0.0
210
0.0
220
0.0
230
1.0
50
360.0
0
TEXT
5
578
330
1C
100
AcDbEntity
67
0
8
2 - окн федерального значения
62
7
6
ByLayer
370
-1
48
1.0
60
0
100
AcDbText
1
659
10
1393261.63649196
20
357885.443604966
30
0.0
40
0.31111111111
41
1.0
50
0.0
51
0.0
7
Standard
11
1393261.63649196
21
357885.443604966
31
0.0
210
0.0
220
0.0
230
1.0
71
0
72
0
100
AcDbText
73
0
0
POINT
5
579
330
1C
100
AcDbEntity
67
0
8
2 - окн федерального значения
62
256
6
ByLayer
370
-1
48
1.0
60
0
100
AcDbPoint
10
1393275.81805365
20
357876.180226992
30
0.0
39
0.0
210
0.0
220
0.0
230
1.0
50
360.0
0
TEXT
5
57A
330
1C
100
AcDbEntity
67
0
8
2 - окн федерального значения
62
7
6
ByLayer
370
-1
48
1.0
60
0
100
AcDbText
1
660
10
1393275.95805365
20
357876.454671422
30
0.0
40
0.31111111111
41
1.0
50
0.0
51
0.0
7
Standard
11
1393275.95805365
21
357876.454671422
31
0.0
210
0.0
220
0.0
230
1.0
71
0
72
0
100
AcDbText
73
0
0
POINT
5
57B
330
1C
100
AcDbEntity
67
0
8
2 - окн федерального значения
62
256
6
ByLayer
370
-1
48
1.0
60
0
100
AcDbPoint
10
1393276.91380134
20
357876.439452222
30
0.0
39
0.0
210
0.0
220
0.0
230
1.0
50
360.0
0
TEXT
5
57C
330
1C
100
AcDbEntity
67
0
8
2 - окн федерального значения
62
7
6
ByLayer
370
-1
48
1.0
60
0
100
AcDbText
1
661
10
1393277.05380134
20
357876.713896652
30
0.0
40
0.31111111111
41
1.0
50
0.0
51
0.0
7
Standard
11
1393277.05380134
21
357876.713896652
31
0.0
210
0.0
220
0.0
230
1.0
71
0
72
0
100
AcDbText
73
0
0
POINT
5
57D
330
1C
100
AcDbEntity
67
0
8
2 - окн федерального значения
62
256
6
ByLayer
370
-1
48
1.0
60
0
100
AcDbPoint
10
1393277.1789187
20
357876.51590243
30
0.0
39
0.0
210
0.0
220
0.0
230
1.0
50
360.0
0
TEXT
5
57E
330
1C
100
AcDbEntity
67
0
8
2 - окн федерального значения
62
7
6
ByLayer
370
-1
48
1.0
60
0
100
AcDbText
1
662
10
1393277.3189187
20
357876.790346861
30
0.0
40
0.31111111111
41
1.0
50
0.0
51
0.0
7
Standard
11
1393277.3189187
21
357876.790346861
31
0.0
210
0.0
220
0.0
230
1.0
71
0
72
0
100
AcDbText
73
0
0
POINT
5
57F
330
1C
100
AcDbEntity
67
0
8
2 - окн федерального значения
62
256
6
ByLayer
370
-1
48
1.0
60
0
100
AcDbPoint
10
1393280.07396667
20
357880.937016285
30
0.0
39
0.0
210
0.0
220
0.0
230
1.0
50
360.0
0
TEXT
5
580
330
1C
100
AcDbEntity
67
0
8
2 - окн федерального значения
62
7
6
ByLayer
370
-1
48
1.0
60
0
100
AcDbText
1
663
10
1393280.21396667
20
357881.211460716
30
0.0
40
0.31111111111
41
1.0
50
0.0
51
0.0
7
Standard
11
1393280.21396667
21
357881.211460716
31
0.0
210
0.0
220
0.0
230
1.0
71
0
72
0
100
AcDbText
73
0
0
POINT
5
581
330
1C
100
AcDbEntity
67
0
8
2 - окн федерального значения
62
256
6
ByLayer
370
-1
48
1.0
60
0
100
AcDbPoint
10
1393283.36165273
20
357878.784163155
30
0.0
39
0.0
210
0.0
220
0.0
230
1.0
50
360.0
0
TEXT
5
582
330
1C
100
AcDbEntity
67
0
8
2 - окн федерального значения
62
7
6
ByLayer
370
-1
48
1.0
60
0
100
AcDbText
1
664
10
1393283.50165273
20
357879.058607586
30
0.0
40
0.31111111111
41
1.0
50
0.0
51
0.0
7
Standard
11
1393283.50165273
21
357879.058607586
31
0.0
210
0.0
220
0.0
230
1.0
71
0
72
0
100
AcDbText
73
0
0
POINT
5
583
330
1C
100
AcDbEntity
67
0
8
2 - окн федерального значения
62
256
6
ByLayer
370
-1
48
1.0
60
0
100
AcDbPoint
10
1393286.5856068
20
357884.412642721
30
0.0
39
0.0
210
0.0
220
0.0
230
1.0
50
360.0
0
TEXT
5
584
330
1C
100
AcDbEntity
67
0
8
2 - окн федерального значения
62
7
6
ByLayer
370
-1
48
1.0
60
0
100
AcDbText
1
665
10
1393286.7256068
20
357884.687087152
30
0.0
40
0.31111111111
41
1.0
50
0.0
51
0.0
7
Standard
11
1393286.7256068
21
357884.687087152
31
0.0
210
0.0
220
0.0
230
1.0
71
0
72
0
100
AcDbText
73
0
0
POINT
5
585
330
1C
100
AcDbEntity
67
0
8
2 - окн федерального значения
62
256
6
ByLayer
370
-1
48
1.0
60
0
100
AcDbPoint
10
1393283.20968653
20
357886.346346408
30
0.0
39
0.0
210
0.0
220
0.0
230
1.0
50
360.0
0
TEXT
5
586
330
1C
100
AcDbEntity
67
0
8
2 - окн федерального значения
62
7
6
ByLayer
370
-1
48
1.0
60
0
100
AcDbText
1
666
10
1393283.34968653
20
357886.620790838
30
0.0
40
0.31111111111
41
1.0
50
0.0
51
0.0
7
Standard
11
1393283.34968653
21
357886.620790838
31
0.0
210
0.0
220
0.0
230
1.0
71
0
72
0
100
AcDbText
73
0
0
POINT
5
587
330
1C
100
AcDbEntity
67
0
8
2 - окн федерального значения
62
256
6
ByLayer
370
-1
48
1.0
60
0
100
AcDbPoint
10
1393285.50092381
20
357890.346460065
30
0.0
39
0.0
210
0.0
220
0.0
230
1.0
50
360.0
0
TEXT
5
588
330
1C
100
AcDbEntity
67
0
8
2 - окн федерального значения
62
7
6
ByLayer
370
-1
48
1.0
60
0
100
AcDbText
1
667
10
1393285.64092381
20
357890.620904496
30
0.0
40
0.31111111111
41
1.0
50
0.0
51
0.0
7
Standard
11
1393285.64092381
21
357890.620904496
31
0.0
210
0.0
220
0.0
230
1.0
71
0
72
0
100
AcDbText
73
0
0
POINT
5
589
330
1C
100
AcDbEntity
67
0
8
2 - окн федерального значения
62
256
6
ByLayer
370
-1
48
1.0
60
0
100
AcDbPoint
10
1393284.99793528
20
357892.164474361
30
0.0
39
0.0
210
0.0
220
0.0
230
1.0
50
360.0
0
TEXT
5
58A
330
1C
100
AcDbEntity
67
0
8
2 - окн федерального значения
62
7
6
ByLayer
370
-1
48
1.0
60
0
100
AcDbText
1
668
10
1393285.13793528
20
357892.438918791
30
0.0
40
0.31111111111
41
1.0
50
0.0
51
0.0
7
Standard
11
1393285.13793528
21
357892.438918791
31
0.0
210
0.0
220
0.0
230
1.0
71
0
72
0
100
AcDbText
73
0
0
POINT
5
58B
330
1C
100
AcDbEntity
67
0
8
2 - окн федерального значения
62
256
6
ByLayer
370
-1
48
1.0
60
0
100
AcDbPoint
10
1393271.02587008
20
357900.777524778
30
0.0
39
0.0
210
0.0
220
0.0
230
1.0
50
360.0
0
TEXT
5
58C
330
1C
100
AcDbEntity
67
0
8
2 - окн федерального значения
62
7
6
ByLayer
370
-1
48
1.0
60
0
100
AcDbText
1
669
10
1393271.16587008
20
357901.051969208
30
0.0
40
0.31111111111
41
1.0
50
0.0
51
0.0
7
Standard
11
1393271.16587008
21
357901.051969208
31
0.0
210
0.0
220
0.0
230
1.0
71
0
72
0
100
AcDbText
73
0
0
POINT
5
58D
330
1C
100
AcDbEntity
67
0
8
2 - окн федерального значения
62
256
6
ByLayer
370
-1
48
1.0
60
0
100
AcDbPoint
10
1393269.87470893
20
357900.679076112
30
0.0
39
0.0
210
0.0
220
0.0
230
1.0
50
360.0
0
TEXT
5
58E
330
1C
100
AcDbEntity
67
0
8
2 - окн федерального значения
62
7
6
ByLayer
370
-1
48
1.0
60
0
100
AcDbText
1
670
10
1393270.01470893
20
357900.953520543
30
0.0
40
0.31111111111
41
1.0
50
0.0
51
0.0
7
Standard
11
1393270.01470893
21
357900.953520543
31
0.0
210
0.0
220
0.0
230
1.0
71
0
72
0
100
AcDbText
73
0
0
POINT
5
58F
330
1C
100
AcDbEntity
67
0
8
2 - окн федерального значения
62
256
6
ByLayer
370
-1
48
1.0
60
0
100
AcDbPoint
10
1393268.77511405
20
357899.853955735
30
0.0
39
0.0
210
0.0
220
0.0
230
1.0
50
360.0
0
TEXT
5
590
330
1C
100
AcDbEntity
67
0
8
2 - окн федерального значения
62
7
6
ByLayer
370
-1
48
1.0
60
0
100
AcDbText
1
671
10
1393268.91511405
20
357900.128400165
30
0.0
40
0.31111111111
41
1.0
50
0.0
51
0.0
7
Standard
11
1393268.91511405
21
357900.128400165
31
0.0
210
0.0
220
0.0
230
1.0
71
0
72
0
100
AcDbText
73
0
0
POINT
5
591
330
1C
100
AcDbEntity
67
0
8
2 - окн федерального значения
62
256
6
ByLayer
370
-1
48
1.0
60
0
100
AcDbPoint
10
1393260.673573
20
357887.149676148
30
0.0
39
0.0
210
0.0
220
0.0
230
1.0
50
360.0
0
TEXT
5
592
330
1C
100
AcDbEntity
67
0
8
2 - окн федерального значения
62
7
6
ByLayer
370
-1
48
1.0
60
0
100
AcDbText
1
672
10
1393260.813573
20
357887.424120578
30
0.0
40
0.31111111111
41
1.0
50
0.0
51
0.0
7
Standard
11
1393260.813573
21
357887.424120578
31
0.0
210
0.0
220
0.0
230
1.0
71
0
72
0
100
AcDbText
73
0
0
POINT
5
593
330
1C
100
AcDbEntity
67
0
8
2 - окн федерального значения
62
256
6
ByLayer
370
-1
48
1.0
60
0
100
AcDbPoint
10
1393260.89099924
20
357885.848430239
30
0.0
39
0.0
210
0.0
220
0.0
230
1.0
50
360.0
0
TEXT
5
594
330
1C
100
AcDbEntity
67
0
8
2 - окн федерального значения
62
7
6
ByLayer
370
-1
48
1.0
60
0
100
AcDbText
1
673
10
1393261.03099924
20
357886.12287467
30
0.0
40
0.31111111111
41
1.0
50
0.0
51
0.0
7
Standard
11
1393261.03099924
21
357886.12287467
31
0.0
210
0.0
220
0.0
230
1.0
71
0
72
0
100
AcDbText
73
0
0
POINT
5
595
330
1C
100
AcDbEntity
67
0
8
2 - окн федерального значения
62
256
6
ByLayer
370
-1
48
1.0
60
0
100
AcDbPoint
10
1393262.51143947
20
357925.145028961
30
0.0
39
0.0
210
0.0
220
0.0
230
1.0
50
360.0
0
TEXT
5
596
330
1C
100
AcDbEntity
67
0
8
2 - окн федерального значения
62
7
6
ByLayer
370
-1
48
1.0
60
0
100
AcDbText
1
674
10
1393262.65143947
20
357925.419473391
30
0.0
40
0.31111111111
41
1.0
50
0.0
51
0.0
7
Standard
11
1393262.65143947
21
357925.419473391
31
0.0
210
0.0
220
0.0
230
1.0
71
0
72
0
100
AcDbText
73
0
0
POINT
5
597
330
1C
100
AcDbEntity
67
0
8
2 - окн федерального значения
62
256
6
ByLayer
370
-1
48
1.0
60
0
100
AcDbPoint
10
1393272.27733128
20
357959.657236516
30
0.0
39
0.0
210
0.0
220
0.0
230
1.0
50
360.0
0
TEXT
5
598
330
1C
100
AcDbEntity
67
0
8
2 - окн федерального значения
62
7
6
ByLayer
370
-1
48
1.0
60
0
100
AcDbText
1
675
10
1393272.41733128
20
357959.931680946
30
0.0
40
0.31111111111
41
1.0
50
0.0
51
0.0
7
Standard
11
1393272.41733128
21
357959.931680946
31
0.0
210
0.0
220
0.0
230
1.0
71
0
72
0
100
AcDbText
73
0
0
POINT
5
599
330
1C
100
AcDbEntity
67
0
8
2 - окн федерального значения
62
256
6
ByLayer
370
-1
48
1.0
60
0
100
AcDbPoint
10
1393282.61549278
20
357993.898409383
30
0.0
39
0.0
210
0.0
220
0.0
230
1.0
50
360.0
0
TEXT
5
59A
330
1C
100
AcDbEntity
67
0
8
2 - окн федерального значения
62
7
6
ByLayer
370
-1
48
1.0
60
0
100
AcDbText
1
676
10
1393282.75549278
20
357994.172853814
30
0.0
40
0.31111111111
41
1.0
50
0.0
51
0.0
7
Standard
11
1393282.75549278
21
357994.172853814
31
0.0
210
0.0
220
0.0
230
1.0
71
0
72
0
100
AcDbText
73
0
0
POINT
5
59B
330
1C
100
AcDbEntity
67
0
8
2 - окн федерального значения
62
256
6
ByLayer
370
-1
48
1.0
60
0
100
AcDbPoint
10
1393287.34776218
20
357992.470502432
30
0.0
39
0.0
210
0.0
220
0.0
230
1.0
50
360.0
0
TEXT
5
59C
330
1C
100
AcDbEntity
67
0
8
2 - окн федерального значения
62
7
6
ByLayer
370
-1
48
1.0
60
0
100
AcDbText
1
677
10
1393287.48776218
20
357992.744946863
30
0.0
40
0.31111111111
41
1.0
50
0.0
51
0.0
7
Standard
11
1393287.48776218
21
357992.744946863
31
0.0
210
0.0
220
0.0
230
1.0
71
0
72
0
100
AcDbText
73
0
0
POINT
5
59D
330
1C
100
AcDbEntity
67
0
8
2 - окн федерального значения
62
256
6
ByLayer
370
-1
48
1.0
60
0
100
AcDbPoint
10
1393277.3994879
20
357959.763293451
30
0.0
39
0.0
210
0.0
220
0.0
230
1.0
50
360.0
0
TEXT
5
59E
330
1C
100
AcDbEntity
67
0
8
2 - окн федерального значения
62
7
6
ByLayer
370
-1
48
1.0
60
0
100
AcDbText
1
678
10
1393277.5394879
20
357960.037737882
30
0.0
40
0.31111111111
41
1.0
50
0.0
51
0.0
7
Standard
11
1393277.5394879
21
357960.037737882
31
0.0
210
0.0
220
0.0
230
1.0
71
0
72
0
100
AcDbText
73
0
0
POINT
5
59F
330
1C
100
AcDbEntity
67
0
8
2 - окн федерального значения
62
256
6
ByLayer
370
-1
48
1.0
60
0
100
AcDbPoint
10
1393286.59243615
20
357957.252305572
30
0.0
39
0.0
210
0.0
220
0.0
230
1.0
50
360.0
0
TEXT
5
5A0
330
1C
100
AcDbEntity
67
0
8
2 - окн федерального значения
62
7
6
ByLayer
370
-1
48
1.0
60
0
100
AcDbText
1
679
10
1393286.73243615
20
357957.526750002
30
0.0
40
0.31111111111
41
1.0
50
0.0
51
0.0
7
Standard
11
1393286.73243615
21
357957.526750002
31
0.0
210
0.0
220
0.0
230
1.0
71
0
72
0
100
AcDbText
73
0
0
POINT
5
5A1
330
1C
100
AcDbEntity
67
0
8
2 - окн федерального значения
62
256
6
ByLayer
370
-1
48
1.0
60
0
100
AcDbPoint
10
1393286.18648109
20
357955.356200543
30
0.0
39
0.0
210
0.0
220
0.0
230
1.0
50
360.0
0
TEXT
5
5A2
330
1C
100
AcDbEntity
67
0
8
2 - окн федерального значения
62
7
6
ByLayer
370
-1
48
1.0
60
0
100
AcDbText
1
680
10
1393286.32648109
20
357955.630644973
30
0.0
40
0.31111111111
41
1.0
50
0.0
51
0.0
7
Standard
11
1393286.32648109
21
357955.630644973
31
0.0
210
0.0
220
0.0
230
1.0
71
0
72
0
100
AcDbText
73
0
0
POINT
5
5A3
330
1C
100
AcDbEntity
67
0
8
2 - окн федерального значения
62
256
6
ByLayer
370
-1
48
1.0
60
0
100
AcDbPoint
10
1393277.03540831
20
357957.672991247
30
0.0
39
0.0
210
0.0
220
0.0
230
1.0
50
360.0
0
TEXT
5
5A4
330
1C
100
AcDbEntity
67
0
8
2 - окн федерального значения
62
7
6
ByLayer
370
-1
48
1.0
60
0
100
AcDbText
1
681
10
1393277.17540831
20
357957.947435678
30
0.0
40
0.31111111111
41
1.0
50
0.0
51
0.0
7
Standard
11
1393277.17540831
21
357957.947435678
31
0.0
210
0.0
220
0.0
230
1.0
71
0
72
0
100
AcDbText
73
0
0
POINT
5
5A5
330
1C
100
AcDbEntity
67
0
8
2 - окн федерального значения
62
256
6
ByLayer
370
-1
48
1.0
60
0
100
AcDbPoint
10
1393268.92039477
20
357927.402406587
30
0.0
39
0.0
210
0.0
220
0.0
230
1.0
50
360.0
0
TEXT
5
5A6
330
1C
100
AcDbEntity
67
0
8
2 - окн федерального значения
62
7
6
ByLayer
370
-1
48
1.0
60
0
100
AcDbText
1
682
10
1393269.06039477
20
357927.676851018
30
0.0
40
0.31111111111
41
1.0
50
0.0
51
0.0
7
Standard
11
1393269.06039477
21
357927.676851018
31
0.0
210
0.0
220
0.0
230
1.0
71
0
72
0
100
AcDbText
73
0
0
POINT
5
5A7
330
1C
100
AcDbEntity
67
0
8
2 - окн федерального значения
62
256
6
ByLayer
370
-1
48
1.0
60
0
100
AcDbPoint
10
1393278.63250446
20
357917.299225111
30
0.0
39
0.0
210
0.0
220
0.0
230
1.0
50
360.0
0
TEXT
5
5A8
330
1C
100
AcDbEntity
67
0
8
2 - окн федерального значения
62
7
6
ByLayer
370
-1
48
1.0
60
0
100
AcDbText
1
683
10
1393278.77250446
20
357917.573669542
30
0.0
40
0.31111111111
41
1.0
50
0.0
51
0.0
7
Standard
11
1393278.77250446
21
357917.573669542
31
0.0
210
0.0
220
0.0
230
1.0
71
0
72
0
100
AcDbText
73
0
0
POINT
5
5A9
330
1C
100
AcDbEntity
67
0
8
2 - окн федерального значения
62
256
6
ByLayer
370
-1
48
1.0
60
0
100
AcDbPoint
10
1393277.2645573
20
357915.919099363
30
0.0
39
0.0
210
0.0
220
0.0
230
1.0
50
360.0
0
TEXT
5
5AA
330
1C
100
AcDbEntity
67
0
8
2 - окн федерального значения
62
7
6
ByLayer
370
-1
48
1.0
60
0
100
AcDbText
1
684
10
1393277.4045573
20
357916.193543794
30
0.0
40
0.31111111111
41
1.0
50
0.0
51
0.0
7
Standard
11
1393277.4045573
21
357916.193543794
31
0.0
210
0.0
220
0.0
230
1.0
71
0
72
0
100
AcDbText
73
0
0
POINT
5
5AB
330
1C
100
AcDbEntity
67
0
8
2 - окн федерального значения
62
256
6
ByLayer
370
-1
48
1.0
60
0
100
AcDbPoint
10
1393268.03043488
20
357925.107552863
30
0.0
39
0.0
210
0.0
220
0.0
230
1.0
50
360.0
0
TEXT
5
5AC
330
1C
100
AcDbEntity
67
0
8
2 - окн федерального значения
62
7
6
ByLayer
370
-1
48
1.0
60
0
100
AcDbText
1
685
10
1393268.17043488
20
357925.381997293
30
0.0
40
0.31111111111
41
1.0
50
0.0
51
0.0
7
Standard
11
1393268.17043488
21
357925.381997293
31
0.0
210
0.0
220
0.0
230
1.0
71
0
72
0
100
AcDbText
73
0
0
POINT
5
5AD
330
1C
100
AcDbEntity
67
0
8
2 - окн федерального значения
62
256
6
ByLayer
370
-1
48
1.0
60
0
100
AcDbPoint
10
1393267.69792973
20
357923.834580699
30
0.0
39
0.0
210
0.0
220
0.0
230
1.0
50
360.0
0
TEXT
5
5AE
330
1C
100
AcDbEntity
67
0
8
2 - окн федерального значения
62
7
6
ByLayer
370
-1
48
1.0
60
0
100
AcDbText
1
686
10
1393267.83792973
20
357924.109025129
30
0.0
40
0.31111111111
41
1.0
50
0.0
51
0.0
7
Standard
11
1393267.83792973
21
357924.109025129
31
0.0
210
0.0
220
0.0
230
1.0
71
0
72
0
100
AcDbText
73
0
0
LWPOLYLINE
5
5AF
330
1C
100
AcDbEntity
67
0
8
2 - окн федерального значения
62
7
6
ByLayer
370
20
48
1.0
60
0
100
AcDbPolyline
90
4
70
1
38
0.0
39
0.0
10
1394605.56194478
20
359247.737625516
40
0.0
41
0.0
42
0.0
10
1394609.74562315
20
359235.798964831
40
0.0
41
0.0
42
0.0
10
1394601.7456911
20
359235.676490067
40
0.0
41
0.0
42
0.0
10
1394605.56194478
20
359247.737625516
40
0.0
41
0.0
42
0.0
210
0.0
220
0.0
230
1.0
0
TEXT
5
5B0
330
1C
100
AcDbEntity
67
0
8
2 - окн федерального значения
62
7
6
ByLayer
370
-1
48
1.0
60
0
100
AcDbText
1
48,01
10
1394605.16161865
20
359239.610243392
30
0.0
40
0.31111111111
41
1.0
50
0.0
51
0.0
7
Standard
11
1394605.16161865
21
359239.610243392
31
0.0
210
0.0
220
0.0
230
1.0
71
0
72
0
100
AcDbText
73
0
0
LWPOLYLINE
5
5B1
330
1C
100
AcDbEntity
67
0
8
2 - окн федерального значения
62
7
6
ByLayer
370
20
48
1.0
60
0
100
AcDbPolyline
90
5
70
1
38
0.0
39
0.0
10
1394419.98861522
20
359501.025888725
40
0.0
41
0.0
42
0.0
10
1394422.94156148
20
359504.388316329
40
0.0
41
0.0
42
0.0
10
1394427.99874343
20
359500.069865799
40
0.0
41
0.0
42
0.0
10
1394425.04721537
20
359496.614802368
40
0.0
41
0.0
42
0.0
10
1394419.98861522
20
359501.025888725
40
0.0
41
0.0
42
0.0
210
0.0
220
0.0
230
1.0
0
TEXT
5
5B2
330
1C
100
AcDbEntity
67
0
8
2 - окн федерального значения
62
7
6
ByLayer
370
-1
48
1.0
60
0
100
AcDbText
1
30,13
10
1394423.47542862
20
359500.389061906
30
0.0
40
0.31111111111
41
1.0
50
0.0
51
0.0
7
Standard
11
1394423.47542862
21
359500.389061906
31
0.0
210
0.0
220
0.0
230
1.0
71
0
72
0
100
AcDbText
73
0
0
LWPOLYLINE
5
5B3
330
1C
100
AcDbEntity
67
0
8
2 - окн федерального значения
62
7
6
ByLayer
370
20
48
1.0
60
0
100
AcDbPolyline
90
4
70
1
38
0.0
39
0.0
10
1398282.03747888
20
359417.960952688
40
0.0
41
0.0
42
0.0
10
1398286.22120186
20
359406.022181043
40
0.0
41
0.0
42
0.0
10
1398278.22119432
20
359405.899701707
40
0.0
41
0.0
42
0.0
10
1398282.03747888
20
359417.960952688
40
0.0
41
0.0
42
0.0
210
0.0
220
0.0
230
1.0
0
TEXT
5
5B4
330
1C
100
AcDbEntity
67
0
8
2 - окн федерального значения
62
7
6
ByLayer
370
-1
48
1.0
60
0
100
AcDbText
1
48,01
10
1398281.63715732
20
359409.833495067
30
0.0
40
0.31111111111
41
1.0
50
0.0
51
0.0
7
Standard
11
1398281.63715732
21
359409.833495067
31
0.0
210
0.0
220
0.0
230
1.0
71
0
72
0
100
AcDbText
73
0
0
LWPOLYLINE
5
5B5
330
1C
100
AcDbEntity
67
0
8
2 - окн федерального значения
62
7
6
ByLayer
370
20
48
1.0
60
0
100
AcDbPolyline
90
4
70
1
38
0.0
39
0.0
10
1395648.31907926
20
359640.302247539
40
0.0
41
0.0
42
0.0
10
1395652.50278085
20
359628.363559068
40
0.0
41
0.0
42
0.0
10
1395644.50282749
20
359628.241075937
40
0.0
41
0.0
42
0.0
10
1395648.31907926
20
359640.302247539
40
0.0
41
0.0
42
0.0
210
0.0
220
0.0
230
1.0
0
TEXT
5
5B6
330
1C
100
AcDbEntity
67
0
8
2 - окн федерального значения
62
7
6
ByLayer
370
-1
48
1.0
60
0
100
AcDbText
1
48,01
10
1395647.9187615
20
359632.174844102
30
0.0
40
0.31111111111
41
1.0
50
0.0
51
0.0
7
Standard
11
1395647.9187615
21
359632.174844102
31
0.0
210
0.0
220
0.0
230
1.0
71
0
72
0
100
AcDbText
73
0
0
LWPOLYLINE
5
5B7
330
1C
100
AcDbEntity
67
0
8
2 - окн федерального значения
62
7
6
ByLayer
370
20
48
1.0
60
0
100
AcDbPolyline
90
4
70
1
38
0.0
39
0.0
10
1395037.31831846
20
359684.622079617
40
0.0
41
0.0
42
0.0
10
1395041.50201486
20
359672.683410365
40
0.0
41
0.0
42
0.0
10
1395033.50207406
20
359672.560926497
40
0.0
41
0.0
42
0.0
10
1395037.31831846
20
359684.622079617
40
0.0
41
0.0
42
0.0
210
0.0
220
0.0
230
1.0
0
TEXT
5
5B8
330
1C
100
AcDbEntity
67
0
8
2 - окн федерального значения
62
7
6
ByLayer
370
-1
48
1.0
60
0
100
AcDbText
1
48,01
10
1395036.91800143
20
359676.494688747
30
0.0
40
0.31111111111
41
1.0
50
0.0
51
0.0
7
Standard
11
1395036.91800143
21
359676.494688747
31
0.0
210
0.0
220
0.0
230
1.0
71
0
72
0
100
AcDbText
73
0
0
LWPOLYLINE
5
5B9
330
1C
100
AcDbEntity
67
0
8
2 - окн федерального значения
62
7
6
ByLayer
370
20
48
1.0
60
0
100
AcDbPolyline
90
4
70
1
38
0.0
39
0.0
10
1396061.83263223
20
359495.154090389
40
0.0
41
0.0
42
0.0
10
1396066.01633379
20
359483.215387676
40
0.0
41
0.0
42
0.0
10
1396058.01637189
20
359483.092907409
40
0.0
41
0.0
42
0.0
10
1396061.83263223
20
359495.154090389
40
0.0
41
0.0
42
0.0
210
0.0
220
0.0
230
1.0
0
TEXT
5
5BA
330
1C
100
AcDbEntity
67
0
8
2 - окн федерального значения
62
7
6
ByLayer
370
-1
48
1.0
60
0
100
AcDbText
1
48,01
10
1396061.43231161
20
359487.026678412
30
0.0
40
0.31111111111
41
1.0
50
0.0
51
0.0
7
Standard
11
1396061.43231161
21
359487.026678412
31
0.0
210
0.0
220
0.0
230
1.0
71
0
72
0
100
AcDbText
73
0
0
LWPOLYLINE
5
5BB
330
1C
100
AcDbEntity
67
0
8
2 - окн федерального значения
62
7
6
ByLayer
370
20
48
1.0
60
0
100
AcDbPolyline
90
4
70
1
38
0.0
39
0.0
10
1396061.83263223
20
359495.154090389
40
0.0
41
0.0
42
0.0
10
1396066.01633379
20
359483.215387676
40
0.0
41
0.0
42
0.0
10
1396058.01637189
20
359483.092907409
40
0.0
41
0.0
42
0.0
10
1396061.83263223
20
359495.154090389
40
0.0
41
0.0
42
0.0
210
0.0
220
0.0
230
1.0
0
TEXT
5
5BC
330
1C
100
AcDbEntity
67
0
8
2 - окн федерального значения
62
7
6
ByLayer
370
-1
48
1.0
60
0
100
AcDbText
1
48,01
10
1396061.43231161
20
359487.026678412
30
0.0
40
0.31111111111
41
1.0
50
0.0
51
0.0
7
Standard
11
1396061.43231161
21
359487.026678412
31
0.0
210
0.0
220
0.0
230
1.0
71
0
72
0
100
AcDbText
73
0
0
LWPOLYLINE
5
5BD
330
1C
100
AcDbEntity
67
0
8
2 - окн федерального значения
62
7
6
ByLayer
370
20
48
1.0
60
0
100
AcDbPolyline
90
4
70
1
38
0.0
39
0.0
10
1396061.83263223
20
359495.154090389
40
0.0
41
0.0
42
0.0
10
1396066.01633379
20
359483.215387676
40
0.0
41
0.0
42
0.0
10
1396058.01637189
20
359483.092907409
40
0.0
41
0.0
42
0.0
10
1396061.83263223
20
359495.154090389
40
0.0
41
0.0
42
0.0
210
0.0
220
0.0
230
1.0
0
TEXT
5
5BE
330
1C
100
AcDbEntity
67
0
8
2 - окн федерального значения
62
7
6
ByLayer
370
-1
48
1.0
60
0
100
AcDbText
1
48,01
10
1396061.43231161
20
359487.026678412
30
0.0
40
0.31111111111
41
1.0
50
0.0
51
0.0
7
Standard
11
1396061.43231161
21
359487.026678412
31
0.0
210
0.0
220
0.0
230
1.0
71
0
72
0
100
AcDbText
73
0
0
LWPOLYLINE
5
5BF
330
1C
100
AcDbEntity
67
0
8
2 - окн федерального значения
62
7
6
ByLayer
370
20
48
1.0
60
0
100
AcDbPolyline
90
4
70
1
38
0.0
39
0.0
10
1395037.31831846
20
359684.622079617
40
0.0
41
0.0
42
0.0
10
1395041.50201486
20
359672.683410365
40
0.0
41
0.0
42
0.0
10
1395033.50207406
20
359672.560926497
40
0.0
41
0.0
42
0.0
10
1395037.31831846
20
359684.622079617
40
0.0
41
0.0
42
0.0
210
0.0
220
0.0
230
1.0
0
TEXT
5
5C0
330
1C
100
AcDbEntity
67
0
8
2 - окн федерального значения
62
7
6
ByLayer
370
-1
48
1.0
60
0
100
AcDbText
1
48,01
10
1395036.91800143
20
359676.494688747
30
0.0
40
0.31111111111
41
1.0
50
0.0
51
0.0
7
Standard
11
1395036.91800143
21
359676.494688747
31
0.0
210
0.0
220
0.0
230
1.0
71
0
72
0
100
AcDbText
73
0
0
LWPOLYLINE
5
5C1
330
1C
100
AcDbEntity
67
0
8
2 - окн федерального значения
62
7
6
ByLayer
370
20
48
1.0
60
0
100
AcDbPolyline
90
17
70
1
38
0.0
39
0.0
10
1394276.03838716
20
360363.765057573
40
0.0
41
0.0
42
0.0
10
1394276.4247414
20
360362.840937719
40
0.0
41
0.0
42
0.0
10
1394275.91493368
20
360362.609970781
40
0.0
41
0.0
42
0.0
10
1394281.92304645
20
360346.861055535
40
0.0
41
0.0
42
0.0
10
1394276.64500002
20
360344.989731018
40
0.0
41
0.0
42
0.0
10
1394275.4227043
20
360345.003743795
40
0.0
41
0.0
42
0.0
10
1394274.76307306
20
360345.438140514
40
0.0
41
0.0
42
0.0
10
1394274.06165385
20
360346.730805179
40
0.0
41
0.0
42
0.0
10
1394272.97032588
20
360349.603147507
40
0.0
41
0.0
42
0.0
10
1394268.11231541
20
360351.830436417
40
0.0
41
0.0
42
0.0
10
1394265.88994247
20
360351.164452827
40
0.0
41
0.0
42
0.0
10
1394265.10044565
20
360354.983585024
40
0.0
41
0.0
42
0.0
10
1394266.89007374
20
360355.524450378
40
0.0
41
0.0
42
0.0
10
1394267.29671443
20
360356.063888026
40
0.0
41
0.0
42
0.0
10
1394268.88440613
20
360360.869540809
40
0.0
41
0.0
42
0.0
10
1394271.65397732
20
360362.112254096
40
0.0
41
0.0
42
0.0
10
1394276.03838716
20
360363.765057573
40
0.0
41
0.0
42
0.0
210
0.0
220
0.0
230
1.0
0
TEXT
5
5C2
330
1C
100
AcDbEntity
67
0
8
2 - окн федерального значения
62
7
6
ByLayer
370
-1
48
1.0
60
0
100
AcDbText
1
167,14
10
1394273.24131476
20
360353.933983834
30
0.0
40
0.31111111111
41
1.0
50
0.0
51
0.0
7
Standard
11
1394273.24131476
21
360353.933983834
31
0.0
210
0.0
220
0.0
230
1.0
71
0
72
0
100
AcDbText
73
0
0
LWPOLYLINE
5
5C3
330
1C
100
AcDbEntity
67
0
8
2 - окн федерального значения
62
7
6
ByLayer
370
20
48
1.0
60
0
100
AcDbPolyline
90
4
70
1
38
0.0
39
0.0
10
1398282.03747888
20
359417.960952688
40
0.0
41
0.0
42
0.0
10
1398286.22120186
20
359406.022181043
40
0.0
41
0.0
42
0.0
10
1398278.22119432
20
359405.899701707
40
0.0
41
0.0
42
0.0
10
1398282.03747888
20
359417.960952688
40
0.0
41
0.0
42
0.0
210
0.0
220
0.0
230
1.0
0
TEXT
5
5C4
330
1C
100
AcDbEntity
67
0
8
2 - окн федерального значения
62
7
6
ByLayer
370
-1
48
1.0
60
0
100
AcDbText
1
48,01
10
1398281.63715732
20
359409.833495067
30
0.0
40
0.31111111111
41
1.0
50
0.0
51
0.0
7
Standard
11
1398281.63715732
21
359409.833495067
31
0.0
210
0.0
220
0.0
230
1.0
71
0
72
0
100
AcDbText
73
0
0
LWPOLYLINE
5
5C5
330
1C
100
AcDbEntity
67
0
8
2 - окн федерального значения
62
7
6
ByLayer
370
20
48
1.0
60
0
100
AcDbPolyline
90
5
70
1
38
0.0
39
0.0
10
1394345.9346663
20
360775.075788912
40
0.0
41
0.0
42
0.0
10
1394345.70640565
20
360765.742485336
40
0.0
41
0.0
42
0.0
10
1394330.22347613
20
360765.995333471
40
0.0
41
0.0
42
0.0
10
1394330.41999101
20
360775.155079566
40
0.0
41
0.0
42
0.0
10
1394345.9346663
20
360775.075788912
40
0.0
41
0.0
42
0.0
210
0.0
220
0.0
230
1.0
0
TEXT
5
5C6
330
1C
100
AcDbEntity
67
0
8
2 - окн федерального значения
62
7
6
ByLayer
370
-1
48
1.0
60
0
100
AcDbText
1
143,35
10
1394337.44386553
20
360770.365841285
30
0.0
40
0.31111111111
41
1.0
50
0.0
51
0.0
7
Standard
11
1394337.44386553
21
360770.365841285
31
0.0
210
0.0
220
0.0
230
1.0
71
0
72
0
100
AcDbText
73
0
0
LWPOLYLINE
5
5C7
330
1C
100
AcDbEntity
67
0
8
2 - окн федерального значения
62
7
6
ByLayer
370
20
48
1.0
60
0
100
AcDbPolyline
90
4
70
1
38
0.0
39
0.0
10
1395648.31907926
20
359640.302247539
40
0.0
41
0.0
42
0.0
10
1395652.50278085
20
359628.363559068
40
0.0
41
0.0
42
0.0
10
1395644.50282749
20
359628.241075937
40
0.0
41
0.0
42
0.0
10
1395648.31907926
20
359640.302247539
40
0.0
41
0.0
42
0.0
210
0.0
220
0.0
230
1.0
0
TEXT
5
5C8
330
1C
100
AcDbEntity
67
0
8
2 - окн федерального значения
62
7
6
ByLayer
370
-1
48
1.0
60
0
100
AcDbText
1
48,01
10
1395647.9187615
20
359632.174844102
30
0.0
40
0.31111111111
41
1.0
50
0.0
51
0.0
7
Standard
11
1395647.9187615
21
359632.174844102
31
0.0
210
0.0
220
0.0
230
1.0
71
0
72
0
100
AcDbText
73
0
0
LWPOLYLINE
5
5C9
330
1C
100
AcDbEntity
67
0
8
2 - окн федерального значения
62
7
6
ByLayer
370
20
48
1.0
60
0
100
AcDbPolyline
90
19
70
1
38
0.0
39
0.0
10
1395699.76030648
20
359509.045461347
40
0.0
41
0.0
42
0.0
10
1395698.60810264
20
359504.612978659
40
0.0
41
0.0
42
0.0
10
1395688.36874152
20
359507.274654343
40
0.0
41
0.0
42
0.0
10
1395693.53843268
20
359527.162254181
40
0.0
41
0.0
42
0.0
10
1395695.15460836
20
359526.742136702
40
0.0
41
0.0
42
0.0
10
1395697.03337818
20
359533.450170849
40
0.0
41
0.0
42
0.0
10
1395706.80743882
20
359530.891542314
40
0.0
41
0.0
42
0.0
10
1395706.27783281
20
359528.795700369
40
0.0
41
0.0
42
0.0
10
1395722.65573802
20
359524.657107102
40
0.0
41
0.0
42
0.0
10
1395723.16004932
20
359526.652848671
40
0.0
41
0.0
42
0.0
10
1395731.34047203
20
359524.585707467
40
0.0
41
0.0
42
0.0
10
1395729.88432759
20
359518.823219391
40
0.0
41
0.0
42
0.0
10
1395730.63620971
20
359518.633223506
40
0.0
41
0.0
42
0.0
10
1395726.97284319
20
359504.060406179
40
0.0
41
0.0
42
0.0
10
1395726.20301403
20
359504.254937193
40
0.0
41
0.0
42
0.0
10
1395724.50442615
20
359497.533014637
40
0.0
41
0.0
42
0.0
10
1395716.05954011
20
359499.759573665
40
0.0
41
0.0
42
0.0
10
1395717.32480831
20
359504.422723056
40
0.0
41
0.0
42
0.0
10
1395699.76030648
20
359509.045461347
40
0.0
41
0.0
42
0.0
210
0.0
220
0.0
230
1.0
0
TEXT
5
5CA
330
1C
100
AcDbEntity
67
0
8
2 - окн федерального значения
62
7
6
ByLayer
370
-1
48
1.0
60
0
100
AcDbText
1
911,25
10
1395709.69929111
20
359516.012715904
30
0.0
40
0.31111111111
41
1.0
50
0.0
51
0.0
7
Standard
11
1395709.69929111
21
359516.012715904
31
0.0
210
0.0
220
0.0
230
1.0
71
0
72
0
100
AcDbText
73
0
0
LWPOLYLINE
5
5CB
330
1C
100
AcDbEntity
67
0
8
2 - окн федерального значения
62
7
6
ByLayer
370
20
48
1.0
60
0
100
AcDbPolyline
90
19
70
1
38
0.0
39
0.0
10
1394604.20757023
20
359814.368240658
40
0.0
41
0.0
42
0.0
10
1394599.51237437
20
359796.713543391
40
0.0
41
0.0
42
0.0
10
1394598.14160238
20
359791.198985547
40
0.0
41
0.0
42
0.0
10
1394593.86510444
20
359786.836923561
40
0.0
41
0.0
42
0.0
10
1394587.31941893
20
359791.961710447
40
0.0
41
0.0
42
0.0
10
1394588.28672471
20
359796.583177519
40
0.0
41
0.0
42
0.0
10
1394569.17354412
20
359801.207623309
40
0.0
41
0.0
42
0.0
10
1394568.6822781
20
359799.170939227
40
0.0
41
0.0
42
0.0
10
1394561.88963559
20
359800.809384033
40
0.0
41
0.0
42
0.0
10
1394561.29840521
20
359798.358002231
40
0.0
41
0.0
42
0.0
10
1394561.89398184
20
359798.215231317
40
0.0
41
0.0
42
0.0
10
1394562.74630669
20
359797.087203969
40
0.0
41
0.0
42
0.0
10
1394560.88877143
20
359789.839691311
40
0.0
41
0.0
42
0.0
10
1394552.17154634
20
359791.761641062
40
0.0
41
0.0
42
0.0
10
1394552.98853562
20
359795.533615614
40
0.0
41
0.0
42
0.0
10
1394544.13605225
20
359797.485386599
40
0.0
41
0.0
42
0.0
10
1394550.0283026
20
359823.295373853
40
0.0
41
0.0
42
0.0
10
1394554.77664066
20
359825.973721493
40
0.0
41
0.0
42
0.0
10
1394604.20757023
20
359814.368240658
40
0.0
41
0.0
42
0.0
210
0.0
220
0.0
230
1.0
0
TEXT
5
5CC
330
1C
100
AcDbEntity
67
0
8
2 - окн федерального значения
62
7
6
ByLayer
370
-1
48
1.0
60
0
100
AcDbText
1
1 404,70
10
1394572.204997
20
359807.702722387
30
0.0
40
0.31111111111
41
1.0
50
0.0
51
0.0
7
Standard
11
1394572.204997
21
359807.702722387
31
0.0
210
0.0
220
0.0
230
1.0
71
0
72
0
100
AcDbText
73
0
0
LWPOLYLINE
5
5CD
330
1C
100
AcDbEntity
67
0
8
2 - окн федерального значения
62
7
6
ByLayer
370
20
48
1.0
60
0
100
AcDbPolyline
90
49
70
1
38
0.0
39
0.0
10
1396232.62087797
20
359663.06945126
40
0.0
41
0.0
42
0.0
10
1396241.6504327
20
359638.666599962
40
0.0
41
0.0
42
0.0
10
1396234.84430743
20
359636.337807902
40
0.0
41
0.0
42
0.0
10
1396235.31849779
20
359634.951939604
40
0.0
41
0.0
42
0.0
10
1396231.44609788
20
359633.626954599
40
0.0
41
0.0
42
0.0
10
1396222.4417996
20
359658.282619492
40
0.0
41
0.0
42
0.0
10
1396221.78154481
20
359658.060476501
40
0.0
41
0.0
42
0.0
10
1396223.06785557
20
359654.237295486
40
0.0
41
0.0
42
0.0
10
1396202.25141269
20
359646.214625943
40
0.0
41
0.0
42
0.0
10
1396196.39315152
20
359663.656349162
40
0.0
41
0.0
42
0.0
10
1396249.99124006
20
359682.288438066
40
0.0
41
0.0
42
0.0
10
1396249.15400763
20
359684.671517261
40
0.0
41
0.0
42
0.0
10
1396253.7690277
20
359686.292883666
40
0.0
41
0.0
42
0.0
10
1396254.58452486
20
359683.971671285
40
0.0
41
0.0
42
0.0
10
1396259.33539591
20
359685.640765361
40
0.0
41
0.0
42
0.0
10
1396273.42198622
20
359691.407241685
40
0.0
41
0.0
42
0.0
10
1396274.28637463
20
359688.696465579
40
0.0
41
0.0
42
0.0
10
1396280.96419019
20
359690.905960419
40
0.0
41
0.0
42
0.0
10
1396279.91708595
20
359693.79382693
40
0.0
41
0.0
42
0.0
10
1396288.39793775
20
359696.5437887
40
0.0
41
0.0
42
0.0
10
1396288.47211546
20
359695.92993431
40
0.0
41
0.0
42
0.0
10
1396291.14690597
20
359696.812452852
40
0.0
41
0.0
42
0.0
10
1396293.84993759
20
359695.850432811
40
0.0
41
0.0
42
0.0
10
1396294.11476385
20
359695.072131202
40
0.0
41
0.0
42
0.0
10
1396297.07377841
20
359686.375841353
40
0.0
41
0.0
42
0.0
10
1396295.53225843
20
359683.661041877
40
0.0
41
0.0
42
0.0
10
1396293.08229229
20
359682.83460447
40
0.0
41
0.0
42
0.0
10
1396294.6835459
20
359678.136987861
40
0.0
41
0.0
42
0.0
10
1396299.63791196
20
359679.819543354
40
0.0
41
0.0
42
0.0
10
1396306.34365807
20
359660.570774182
40
0.0
41
0.0
42
0.0
10
1396291.73177266
20
359655.049091129
40
0.0
41
0.0
42
0.0
10
1396290.65615463
20
359658.139204962
40
0.0
41
0.0
42
0.0
10
1396291.25647057
20
359658.378539992
40
0.0
41
0.0
42
0.0
10
1396286.93559173
20
359670.784099548
40
0.0
41
0.0
42
0.0
10
1396286.44153356
20
359670.58546888
40
0.0
41
0.0
42
0.0
10
1396285.11290642
20
359674.161722371
40
0.0
41
0.0
42
0.0
10
1396282.10676541
20
359673.292752106
40
0.0
41
0.0
42
0.0
10
1396281.1139726
20
359676.667298902
40
0.0
41
0.0
42
0.0
10
1396285.56197898
20
359678.12656824
40
0.0
41
0.0
42
0.0
10
1396285.04433082
20
359679.921282309
40
0.0
41
0.0
42
0.0
10
1396265.10325096
20
359673.2453918
40
0.0
41
0.0
42
0.0
10
1396265.48974385
20
359672.145287206
40
0.0
41
0.0
42
0.0
10
1396268.91734417
20
359673.349484662
40
0.0
41
0.0
42
0.0
10
1396278.76552578
20
359645.317840847
40
0.0
41
0.0
42
0.0
10
1396258.04615922
20
359638.090370985
40
0.0
41
0.0
42
0.0
10
1396248.20681092
20
359666.001310995
40
0.0
41
0.0
42
0.0
10
1396250.13491124
20
359666.678698428
40
0.0
41
0.0
42
0.0
10
1396249.33938705
20
359668.943060523
40
0.0
41
0.0
42
0.0
10
1396232.62087797
20
359663.06945126
40
0.0
41
0.0
42
0.0
210
0.0
220
0.0
230
1.0
0
TEXT
5
5CE
330
1C
100
AcDbEntity
67
0
8
2 - окн федерального значения
62
7
6
ByLayer
370
-1
48
1.0
60
0
100
AcDbText
1
2 814,23
10
1396253.64087425
20
359665.751249323
30
0.0
40
0.31111111111
41
1.0
50
0.0
51
0.0
7
Standard
11
1396253.64087425
21
359665.751249323
31
0.0
210
0.0
220
0.0
230
1.0
71
0
72
0
100
AcDbText
73
0
0
LWPOLYLINE
5
5CF
330
1C
100
AcDbEntity
67
0
8
2 - окн федерального значения
62
7
6
ByLayer
370
20
48
1.0
60
0
100
AcDbPolyline
90
5
70
1
38
0.0
39
0.0
10
1394548.65781832
20
359543.445837877
40
0.0
41
0.0
42
0.0
10
1394542.30290876
20
359537.484310619
40
0.0
41
0.0
42
0.0
10
1394536.29842185
20
359543.478740883
40
0.0
41
0.0
42
0.0
10
1394542.52067464
20
359549.393812339
40
0.0
41
0.0
42
0.0
10
1394548.65781832
20
359543.445837877
40
0.0
41
0.0
42
0.0
210
0.0
220
0.0
230
1.0
0
TEXT
5
5D0
330
1C
100
AcDbEntity
67
0
8
2 - окн федерального значения
62
7
6
ByLayer
370
-1
48
1.0
60
0
100
AcDbText
1
73,60
10
1394541.93306696
20
359543.319295553
30
0.0
40
0.31111111111
41
1.0
50
0.0
51
0.0
7
Standard
11
1394541.93306696
21
359543.319295553
31
0.0
210
0.0
220
0.0
230
1.0
71
0
72
0
100
AcDbText
73
0
0
LWPOLYLINE
5
5D1
330
1C
100
AcDbEntity
67
0
8
2 - окн федерального значения
62
7
6
ByLayer
370
20
48
1.0
60
0
100
AcDbPolyline
90
7
70
1
38
0.0
39
0.0
10
1394463.4347334
20
359523.96763736
40
0.0
41
0.0
42
0.0
10
1394457.03884792
20
359510.284096503
40
0.0
41
0.0
42
0.0
10
1394443.49109503
20
359516.966347418
40
0.0
41
0.0
42
0.0
10
1394449.28415394
20
359530.497532521
40
0.0
41
0.0
42
0.0
10
1394450.79660212
20
359522.993196993
40
0.0
41
0.0
42
0.0
10
1394458.08558588
20
359519.555832372
40
0.0
41
0.0
42
0.0
10
1394463.4347334
20
359523.96763736
40
0.0
41
0.0
42
0.0
210
0.0
220
0.0
230
1.0
0
TEXT
5
5D2
330
1C
100
AcDbEntity
67
0
8
2 - окн федерального значения
62
7
6
ByLayer
370
-1
48
1.0
60
0
100
AcDbText
1
155,28
10
1394451.68808802
20
359518.377483608
30
0.0
40
0.31111111111
41
1.0
50
0.0
51
0.0
7
Standard
11
1394451.68808802
21
359518.377483608
31
0.0
210
0.0
220
0.0
230
1.0
71
0
72
0
100
AcDbText
73
0
0
LWPOLYLINE
5
5D3
330
1C
100
AcDbEntity
67
0
8
2 - окн федерального значения
62
7
6
ByLayer
370
20
48
1.0
60
0
100
AcDbPolyline
90
5
70
1
38
0.0
39
0.0
10
1394422.25401663
20
359503.605430493
40
0.0
41
0.0
42
0.0
10
1394419.64082309
20
359500.619775017
40
0.0
41
0.0
42
0.0
10
1394407.16801404
20
359507.369881039
40
0.0
41
0.0
42
0.0
10
1394409.10938682
20
359510.567801685
40
0.0
41
0.0
42
0.0
10
1394422.25401663
20
359503.605430493
40
0.0
41
0.0
42
0.0
210
0.0
220
0.0
230
1.0
0
TEXT
5
5D4
330
1C
100
AcDbEntity
67
0
8
2 - окн федерального значения
62
7
6
ByLayer
370
-1
48
1.0
60
0
100
AcDbText
1
55,22
10
1394414.06554408
20
359505.405690563
30
0.0
40
0.31111111111
41
1.0
50
0.0
51
0.0
7
Standard
11
1394414.06554408
21
359505.405690563
31
0.0
210
0.0
220
0.0
230
1.0
71
0
72
0
100
AcDbText
73
0
0
LWPOLYLINE
5
5D5
330
1C
100
AcDbEntity
67
0
8
2 - окн федерального значения
62
7
6
ByLayer
370
20
48
1.0
60
0
100
AcDbPolyline
90
12
70
1
38
0.0
39
0.0
10
1394383.52811186
20
359528.289970744
40
0.0
41
0.0
42
0.0
10
1394381.43625212
20
359525.38954996
40
0.0
41
0.0
42
0.0
10
1394380.57289759
20
359525.96752628
40
0.0
41
0.0
42
0.0
10
1394380.17039858
20
359526.397130324
40
0.0
41
0.0
42
0.0
10
1394379.90216581
20
359526.844051328
40
0.0
41
0.0
42
0.0
10
1394379.77001398
20
359528.320016618
40
0.0
41
0.0
42
0.0
10
1394380.10083211
20
359528.894383185
40
0.0
41
0.0
42
0.0
10
1394380.7524637
20
359529.265645056
40
0.0
41
0.0
42
0.0
10
1394381.28813785
20
359529.339534357
40
0.0
41
0.0
42
0.0
10
1394381.89170629
20
359529.27213952
40
0.0
41
0.0
42
0.0
10
1394382.69778464
20
359528.857505114
40
0.0
41
0.0
42
0.0
10
1394383.52811186
20
359528.289970744
40
0.0
41
0.0
42
0.0
210
0.0
220
0.0
230
1.0
0
TEXT
5
5D6
330
1C
100
AcDbEntity
67
0
8
2 - окн федерального значения
62
7
6
ByLayer
370
-1
48
1.0
60
0
100
AcDbText
1
9,31
10
1394380.99869703
20
359527.507547664
30
0.0
40
0.31111111111
41
1.0
50
0.0
51
0.0
7
Standard
11
1394380.99869703
21
359527.507547664
31
0.0
210
0.0
220
0.0
230
1.0
71
0
72
0
100
AcDbText
73
0
0
LWPOLYLINE
5
5D7
330
1C
100
AcDbEntity
67
0
8
2 - окн федерального значения
62
7
6
ByLayer
370
20
48
1.0
60
0
100
AcDbPolyline
90
5
70
1
38
0.0
39
0.0
10
1394346.36139101
20
359488.880390341
40
0.0
41
0.0
42
0.0
10
1394340.4408879
20
359496.025875145
40
0.0
41
0.0
42
0.0
10
1394347.10084789
20
359502.103744045
40
0.0
41
0.0
42
0.0
10
1394353.34511598
20
359495.028103592
40
0.0
41
0.0
42
0.0
10
1394346.36139101
20
359488.880390341
40
0.0
41
0.0
42
0.0
210
0.0
220
0.0
230
1.0
0
TEXT
5
5D8
330
1C
100
AcDbEntity
67
0
8
2 - окн федерального значения
62
7
6
ByLayer
370
-1
48
1.0
60
0
100
AcDbText
1
85,69
10
1394346.31535962
20
359495.372153597
30
0.0
40
0.31111111111
41
1.0
50
0.0
51
0.0
7
Standard
11
1394346.31535962
21
359495.372153597
31
0.0
210
0.0
220
0.0
230
1.0
71
0
72
0
100
AcDbText
73
0
0
LWPOLYLINE
5
5D9
330
1C
100
AcDbEntity
67
0
8
2 - окн федерального значения
62
7
6
ByLayer
370
20
48
1.0
60
0
100
AcDbPolyline
90
5
70
1
38
0.0
39
0.0
10
1394419.98861522
20
359501.025888725
40
0.0
41
0.0
42
0.0
10
1394422.94156148
20
359504.388316329
40
0.0
41
0.0
42
0.0
10
1394427.99874343
20
359500.069865799
40
0.0
41
0.0
42
0.0
10
1394425.04721537
20
359496.614802368
40
0.0
41
0.0
42
0.0
10
1394419.98861522
20
359501.025888725
40
0.0
41
0.0
42
0.0
210
0.0
220
0.0
230
1.0
0
TEXT
5
5DA
330
1C
100
AcDbEntity
67
0
8
2 - окн федерального значения
62
7
6
ByLayer
370
-1
48
1.0
60
0
100
AcDbText
1
30,13
10
1394423.47542862
20
359500.389061906
30
0.0
40
0.31111111111
41
1.0
50
0.0
51
0.0
7
Standard
11
1394423.47542862
21
359500.389061906
31
0.0
210
0.0
220
0.0
230
1.0
71
0
72
0
100
AcDbText
73
0
0
LWPOLYLINE
5
5DB
330
1C
100
AcDbEntity
67
0
8
2 - окн федерального значения
62
7
6
ByLayer
370
20
48
1.0
60
0
100
AcDbPolyline
90
30
70
1
38
0.0
39
0.0
10
1396808.71501247
20
359945.387754172
40
0.0
41
0.0
42
0.0
10
1396815.44595991
20
359951.873555097
40
0.0
41
0.0
42
0.0
10
1396813.50864741
20
359953.884092968
40
0.0
41
0.0
42
0.0
10
1396817.25059433
20
359957.489755313
40
0.0
41
0.0
42
0.0
10
1396819.18790688
20
359955.479217443
40
0.0
41
0.0
42
0.0
10
1396822.79753906
20
359958.957384074
40
0.0
41
0.0
42
0.0
10
1396823.97774889
20
359957.732565424
40
0.0
41
0.0
42
0.0
10
1396825.45331502
20
359959.154390322
40
0.0
41
0.0
42
0.0
10
1396827.69861555
20
359956.824223342
40
0.0
41
0.0
42
0.0
10
1396830.29503055
20
359959.326074932
40
0.0
41
0.0
42
0.0
10
1396830.91167342
20
359958.686124586
40
0.0
41
0.0
42
0.0
10
1396832.64610846
20
359956.886132465
40
0.0
41
0.0
42
0.0
10
1396834.98845718
20
359959.143171072
40
0.0
41
0.0
42
0.0
10
1396841.15374935
20
359952.74484702
40
0.0
41
0.0
42
0.0
10
1396838.81140056
20
359950.487808418
40
0.0
41
0.0
42
0.0
10
1396841.10747839
20
359948.104944789
40
0.0
41
0.0
42
0.0
10
1396807.54601387
20
359915.765818573
40
0.0
41
0.0
42
0.0
10
1396804.77089509
20
359918.645830139
40
0.0
41
0.0
42
0.0
10
1396802.58203763
20
359916.536692964
40
0.0
41
0.0
42
0.0
10
1396802.15017098
20
359916.303452044
40
0.0
41
0.0
42
0.0
10
1396801.67921096
20
359916.441679386
40
0.0
41
0.0
42
0.0
10
1396797.19759191
20
359921.09269277
40
0.0
41
0.0
42
0.0
10
1396796.98174195
20
359921.506977258
40
0.0
41
0.0
42
0.0
10
1396797.10543695
20
359921.957446338
40
0.0
41
0.0
42
0.0
10
1396799.45373291
20
359924.115027735
40
0.0
41
0.0
42
0.0
10
1396796.70911456
20
359926.963385913
40
0.0
41
0.0
42
0.0
10
1396804.65662851
20
359934.621444324
40
0.0
41
0.0
42
0.0
10
1396797.02042184
20
359942.546280293
40
0.0
41
0.0
42
0.0
10
1396804.50431559
20
359949.757604531
40
0.0
41
0.0
42
0.0
10
1396808.71501247
20
359945.387754172
40
0.0
41
0.0
42
0.0
210
0.0
220
0.0
230
1.0
0
TEXT
5
5DC
330
1C
100
AcDbEntity
67
0
8
2 - окн федерального значения
62
7
6
ByLayer
370
-1
48
1.0
60
0
100
AcDbText
1
1 015,95
10
1396816.32977159
20
359939.535025006
30
0.0
40
0.31111111111
41
1.0
50
0.0
51
0.0
7
Standard
11
1396816.32977159
21
359939.535025006
31
0.0
210
0.0
220
0.0
230
1.0
71
0
72
0
100
AcDbText
73
0
0
LWPOLYLINE
5
5DD
330
1C
100
AcDbEntity
67
0
8
2 - окн федерального значения
62
7
6
ByLayer
370
20
48
1.0
60
0
100
AcDbPolyline
90
167
70
1
38
0.0
39
0.0
10
1394300.22623247
20
360454.446050338
40
0.0
41
0.0
42
0.0
10
1394305.2101522
20
360466.189899566
40
0.0
41
0.0
42
0.0
10
1394304.95138175
20
360467.893982363
40
0.0
41
0.0
42
0.0
10
1394305.40343069
20
360469.557265886
40
0.0
41
0.0
42
0.0
10
1394306.48916427
20
360470.895937961
40
0.0
41
0.0
42
0.0
10
1394308.02331977
20
360471.681576061
40
0.0
41
0.0
42
0.0
10
1394308.55231763
20
360472.830480343
40
0.0
41
0.0
42
0.0
10
1394313.06732227
20
360482.636396044
40
0.0
41
0.0
42
0.0
10
1394313.70058715
20
360484.011752813
40
0.0
41
0.0
42
0.0
10
1394313.26126281
20
360484.997194609
40
0.0
41
0.0
42
0.0
10
1394313.10257279
20
360486.064396035
40
0.0
41
0.0
42
0.0
10
1394313.23616429
20
360487.135028893
40
0.0
41
0.0
42
0.0
10
1394313.65223224
20
360488.130513131
40
0.0
41
0.0
42
0.0
10
1394314.32023896
20
360488.977784299
40
0.0
41
0.0
42
0.0
10
1394315.1911555
20
360489.614656174
40
0.0
41
0.0
42
0.0
10
1394316.20106016
20
360489.994384978
40
0.0
41
0.0
42
0.0
10
1394317.27583011
20
360490.089100179
40
0.0
41
0.0
42
0.0
10
1394325.91523731
20
360500.685354969
40
0.0
41
0.0
42
0.0
10
1394325.79785381
20
360501.615983422
40
0.0
41
0.0
42
0.0
10
1394325.90593777
20
360502.547737715
40
0.0
41
0.0
42
0.0
10
1394326.23324418
20
360503.426781921
40
0.0
41
0.0
42
0.0
10
1394326.76086157
20
360504.202325655
40
0.0
41
0.0
42
0.0
10
1394327.4583047
20
360504.829558698
40
0.0
41
0.0
42
0.0
10
1394328.28527591
20
360505.272240085
40
0.0
41
0.0
42
0.0
10
1394329.19399357
20
360505.504792085
40
0.0
41
0.0
42
0.0
10
1394330.13195276
20
360505.513778052
40
0.0
41
0.0
42
0.0
10
1394331.271463
20
360506.82105141
40
0.0
41
0.0
42
0.0
10
1394337.830755
20
360514.346028048
40
0.0
41
0.0
42
0.0
10
1394344.46091634
20
360508.566719195
40
0.0
41
0.0
42
0.0
10
1394337.90162411
20
360501.041742527
40
0.0
41
0.0
42
0.0
10
1394333.62120564
20
360504.772852555
40
0.0
41
0.0
42
0.0
10
1394333.05149015
20
360504.119261344
40
0.0
41
0.0
42
0.0
10
1394333.68070702
20
360502.82956635
40
0.0
41
0.0
42
0.0
10
1394333.82757414
20
360501.40210108
40
0.0
41
0.0
42
0.0
10
1394333.47414403
20
360500.011304832
40
0.0
41
0.0
42
0.0
10
1394332.66360661
20
360498.827135868
40
0.0
41
0.0
42
0.0
10
1394331.49501127
20
360497.99430216
40
0.0
41
0.0
42
0.0
10
1394330.11116286
20
360497.614577759
40
0.0
41
0.0
42
0.0
10
1394328.6811706
20
360497.734365797
40
0.0
41
0.0
42
0.0
10
1394327.37978258
20
360498.339027919
40
0.0
41
0.0
42
0.0
10
1394326.80419034
20
360497.653174213
40
0.0
41
0.0
42
0.0
10
1394329.20400605
20
360495.639165544
40
0.0
41
0.0
42
0.0
10
1394327.39493714
20
360493.483548223
40
0.0
41
0.0
42
0.0
10
1394330.4734505
20
360490.899952859
40
0.0
41
0.0
42
0.0
10
1394326.73299718
20
360486.442971926
40
0.0
41
0.0
42
0.0
10
1394323.79780946
20
360488.906283494
40
0.0
41
0.0
42
0.0
10
1394322.4531624
20
360487.304053553
40
0.0
41
0.0
42
0.0
10
1394320.33552979
20
360489.081244447
40
0.0
41
0.0
42
0.0
10
1394319.97165571
20
360488.647666028
40
0.0
41
0.0
42
0.0
10
1394320.61958812
20
360487.665895792
40
0.0
41
0.0
42
0.0
10
1394320.9455447
20
360486.53565621
40
0.0
41
0.0
42
0.0
10
1394320.91991149
20
360485.35963234
40
0.0
41
0.0
42
0.0
10
1394320.54501732
20
360484.244668857
40
0.0
41
0.0
42
0.0
10
1394319.85492227
20
360483.292062949
40
0.0
41
0.0
42
0.0
10
1394318.91232316
20
360482.588361215
40
0.0
41
0.0
42
0.0
10
1394317.80285746
20
360482.197496698
40
0.0
41
0.0
42
0.0
10
1394316.62732288
20
360482.154980405
40
0.0
41
0.0
42
0.0
10
1394316.18750022
20
360481.19975127
40
0.0
41
0.0
42
0.0
10
1394322.51161944
20
360478.287893964
40
0.0
41
0.0
42
0.0
10
1394317.97771946
20
360468.440940705
40
0.0
41
0.0
42
0.0
10
1394311.19285922
20
360471.564940341
40
0.0
41
0.0
42
0.0
10
1394312.25153609
20
360470.53383519
40
0.0
41
0.0
42
0.0
10
1394312.90372704
20
360469.207704916
40
0.0
41
0.0
42
0.0
10
1394313.07409758
20
360467.739730661
40
0.0
41
0.0
42
0.0
10
1394312.74296823
20
360466.299477943
40
0.0
41
0.0
42
0.0
10
1394311.9485877
20
360465.053310173
40
0.0
41
0.0
42
0.0
10
1394310.78271479
20
360464.14517203
40
0.0
41
0.0
42
0.0
10
1394309.38001932
20
360463.679962437
40
0.0
41
0.0
42
0.0
10
1394307.90252648
20
360463.711417695
40
0.0
41
0.0
42
0.0
10
1394311.76740732
20
360461.898025647
40
0.0
41
0.0
42
0.0
10
1394310.84661173
20
360459.935534881
40
0.0
41
0.0
42
0.0
10
1394313.97377791
20
360458.468276602
40
0.0
41
0.0
42
0.0
10
1394311.52494973
20
360453.249091554
40
0.0
41
0.0
42
0.0
10
1394308.79007458
20
360454.532287947
40
0.0
41
0.0
42
0.0
10
1394307.68024137
20
360452.166901565
40
0.0
41
0.0
42
0.0
10
1394303.33950742
20
360454.203562791
40
0.0
41
0.0
42
0.0
10
1394303.02169821
20
360453.52621635
40
0.0
41
0.0
42
0.0
10
1394303.9422098
20
360452.615994411
40
0.0
41
0.0
42
0.0
10
1394304.52080573
20
360451.457947648
40
0.0
41
0.0
42
0.0
10
1394304.69591875
20
360450.175301558
40
0.0
41
0.0
42
0.0
10
1394304.44891541
20
360448.90454001
40
0.0
41
0.0
42
0.0
10
1394303.80607886
20
360447.780882263
40
0.0
41
0.0
42
0.0
10
1394302.83581209
20
360446.923894545
40
0.0
41
0.0
42
0.0
10
1394301.64135928
20
360446.42476725
40
0.0
41
0.0
42
0.0
10
1394300.34981984
20
360446.336611538
40
0.0
41
0.0
42
0.0
10
1394299.96517511
20
360445.428372127
40
0.0
41
0.0
42
0.0
10
1394306.81450437
20
360442.5276409
40
0.0
41
0.0
42
0.0
10
1394302.41517903
20
360432.1397683
40
0.0
41
0.0
42
0.0
10
1394295.3199
20
360435.144660919
40
0.0
41
0.0
42
0.0
10
1394295.16606617
20
360434.781422
40
0.0
41
0.0
42
0.0
10
1394296.04536364
20
360433.783289047
40
0.0
41
0.0
42
0.0
10
1394296.54362613
20
360432.549932683
40
0.0
41
0.0
42
0.0
10
1394296.60438899
20
360431.221120692
40
0.0
41
0.0
42
0.0
10
1394296.22076638
20
360429.947438187
40
0.0
41
0.0
42
0.0
10
1394295.4362316
20
360428.873222836
40
0.0
41
0.0
42
0.0
10
1394294.33969059
20
360428.12020807
40
0.0
41
0.0
42
0.0
10
1394293.05540678
20
360427.773727866
40
0.0
41
0.0
42
0.0
10
1394291.72891922
20
360427.873046441
40
0.0
41
0.0
42
0.0
10
1394291.58567564
20
360427.518215117
40
0.0
41
0.0
42
0.0
10
1394296.48498061
20
360425.540390939
40
0.0
41
0.0
42
0.0
10
1394295.43472637
20
360422.938786696
40
0.0
41
0.0
42
0.0
10
1394298.22295811
20
360421.813191871
40
0.0
41
0.0
42
0.0
10
1394296.11006174
20
360416.579297348
40
0.0
41
0.0
42
0.0
10
1394293.05639153
20
360417.812048365
40
0.0
41
0.0
42
0.0
10
1394292.13292222
20
360415.524505576
40
0.0
41
0.0
42
0.0
10
1394287.55302319
20
360417.373387356
40
0.0
41
0.0
42
0.0
10
1394287.40576381
20
360417.008608426
40
0.0
41
0.0
42
0.0
10
1394288.29745245
20
360415.999716389
40
0.0
41
0.0
42
0.0
10
1394288.83338613
20
360414.764505125
40
0.0
41
0.0
42
0.0
10
1394288.96101061
20
360413.424100796
40
0.0
41
0.0
42
0.0
10
1394288.66781089
20
360412.109944908
40
0.0
41
0.0
42
0.0
10
1394287.98253846
20
360410.950905017
40
0.0
41
0.0
42
0.0
10
1394286.97239187
20
360410.060637836
40
0.0
41
0.0
42
0.0
10
1394285.73642721
20
360409.526443933
40
0.0
41
0.0
42
0.0
10
1394284.39584451
20
360409.400706943
40
0.0
41
0.0
42
0.0
10
1394284.18587813
20
360408.880868077
40
0.0
41
0.0
42
0.0
10
1394290.41885112
20
360406.363328753
40
0.0
41
0.0
42
0.0
10
1394290.4901327
20
360405.950318594
40
0.0
41
0.0
42
0.0
10
1394286.8567877
20
360396.437620081
40
0.0
41
0.0
42
0.0
10
1394280.52742983
20
360398.994090091
40
0.0
41
0.0
42
0.0
10
1394281.25808338
20
360397.847296904
40
0.0
41
0.0
42
0.0
10
1394281.58331249
20
360396.526988133
40
0.0
41
0.0
42
0.0
10
1394281.46890957
20
360395.172033818
40
0.0
41
0.0
42
0.0
10
1394280.92690752
20
360393.924948016
40
0.0
41
0.0
42
0.0
10
1394280.01431409
20
360392.916899176
40
0.0
41
0.0
42
0.0
10
1394278.82711584
20
360392.253913847
40
0.0
41
0.0
42
0.0
10
1394277.49018225
20
360392.005724807
40
0.0
41
0.0
42
0.0
10
1394276.14413196
20
360392.198436573
40
0.0
41
0.0
42
0.0
10
1394275.01032964
20
360392.982585927
40
0.0
41
0.0
42
0.0
10
1394274.19541145
20
360394.094479017
40
0.0
41
0.0
42
0.0
10
1394273.78904381
20
360395.411772925
40
0.0
41
0.0
42
0.0
10
1394273.83593983
20
360396.789524231
40
0.0
41
0.0
42
0.0
10
1394274.33093949
20
360398.07613732
40
0.0
41
0.0
42
0.0
10
1394275.21957738
20
360399.13004462
40
0.0
41
0.0
42
0.0
10
1394276.40407562
20
360399.835283458
40
0.0
41
0.0
42
0.0
10
1394277.75410246
20
360400.114255562
40
0.0
41
0.0
42
0.0
10
1394277.18204784
20
360400.345312245
40
0.0
41
0.0
42
0.0
10
1394281.12841254
20
360410.11579879
40
0.0
41
0.0
42
0.0
10
1394281.4735881
20
360410.970391195
40
0.0
41
0.0
42
0.0
10
1394281.0434259
20
360411.985221007
40
0.0
41
0.0
42
0.0
10
1394280.86239846
20
360413.072487361
40
0.0
41
0.0
42
0.0
10
1394280.94053598
20
360414.17194795
40
0.0
41
0.0
42
0.0
10
1394281.27350908
20
360415.222684821
40
0.0
41
0.0
42
0.0
10
1394281.84286869
20
360416.16647966
40
0.0
41
0.0
42
0.0
10
1394282.61706822
20
360416.951039505
40
0.0
41
0.0
42
0.0
10
1394283.55321149
20
360417.532894148
40
0.0
41
0.0
42
0.0
10
1394284.59942951
20
360417.879804693
40
0.0
41
0.0
42
0.0
10
1394289.51102969
20
360429.351175602
40
0.0
41
0.0
42
0.0
10
1394288.99894308
20
360430.279758218
40
0.0
41
0.0
42
0.0
10
1394288.75301917
20
360431.311271576
40
0.0
41
0.0
42
0.0
10
1394288.79106804
20
360432.371012422
40
0.0
41
0.0
42
0.0
10
1394289.11033414
20
360433.382233234
40
0.0
41
0.0
42
0.0
10
1394289.6876959
20
360434.271700363
40
0.0
41
0.0
42
0.0
10
1394290.48134019
20
360434.974997687
40
0.0
41
0.0
42
0.0
10
1394291.43379047
20
360435.441191689
40
0.0
41
0.0
42
0.0
10
1394292.4760693
20
360435.636520123
40
0.0
41
0.0
42
0.0
10
1394292.73235124
20
360436.241663822
40
0.0
41
0.0
42
0.0
10
1394297.13125955
20
360446.628552013
40
0.0
41
0.0
42
0.0
10
1394297.6724143
20
360447.906369954
40
0.0
41
0.0
42
0.0
10
1394297.11777478
20
360448.810755086
40
0.0
41
0.0
42
0.0
10
1394296.81788736
20
360449.82840188
40
0.0
41
0.0
42
0.0
10
1394296.79346153
20
360450.889034163
40
0.0
41
0.0
42
0.0
10
1394297.04618406
20
360451.91940729
40
0.0
41
0.0
42
0.0
10
1394297.55860257
20
360452.848366241
40
0.0
41
0.0
42
0.0
10
1394298.2953307
20
360453.611759406
40
0.0
41
0.0
42
0.0
10
1394299.20549182
20
360454.15686874
40
0.0
41
0.0
42
0.0
10
1394300.22623247
20
360454.446050338
40
0.0
41
0.0
42
0.0
210
0.0
220
0.0
230
1.0
0
TEXT
5
5DE
330
1C
100
AcDbEntity
67
0
8
2 - окн федерального значения
62
7
6
ByLayer
370
-1
48
1.0
60
0
100
AcDbText
1
1 091,20
10
1394306.11120591
20
360452.911040856
30
0.0
40
0.31111111111
41
1.0
50
0.0
51
0.0
7
Standard
11
1394306.11120591
21
360452.911040856
31
0.0
210
0.0
220
0.0
230
1.0
71
0
72
0
100
AcDbText
73
0
0
LWPOLYLINE
5
5DF
330
1C
100
AcDbEntity
67
0
8
2 - окн федерального значения
62
7
6
ByLayer
370
20
48
1.0
60
0
100
AcDbPolyline
90
5
70
1
38
0.0
39
0.0
10
1394548.65781832
20
359543.445837877
40
0.0
41
0.0
42
0.0
10
1394542.30290876
20
359537.484310619
40
0.0
41
0.0
42
0.0
10
1394536.29842185
20
359543.478740883
40
0.0
41
0.0
42
0.0
10
1394542.52067464
20
359549.393812339
40
0.0
41
0.0
42
0.0
10
1394548.65781832
20
359543.445837877
40
0.0
41
0.0
42
0.0
210
0.0
220
0.0
230
1.0
0
TEXT
5
5E0
330
1C
100
AcDbEntity
67
0
8
2 - окн федерального значения
62
7
6
ByLayer
370
-1
48
1.0
60
0
100
AcDbText
1
73,60
10
1394541.93306696
20
359543.319295553
30
0.0
40
0.31111111111
41
1.0
50
0.0
51
0.0
7
Standard
11
1394541.93306696
21
359543.319295553
31
0.0
210
0.0
220
0.0
230
1.0
71
0
72
0
100
AcDbText
73
0
0
LWPOLYLINE
5
5E1
330
1C
100
AcDbEntity
67
0
8
2 - окн федерального значения
62
7
6
ByLayer
370
20
48
1.0
60
0
100
AcDbPolyline
90
7
70
1
38
0.0
39
0.0
10
1394463.4347334
20
359523.96763736
40
0.0
41
0.0
42
0.0
10
1394457.03884792
20
359510.284096503
40
0.0
41
0.0
42
0.0
10
1394443.49109503
20
359516.966347418
40
0.0
41
0.0
42
0.0
10
1394449.28415394
20
359530.497532521
40
0.0
41
0.0
42
0.0
10
1394450.79660212
20
359522.993196993
40
0.0
41
0.0
42
0.0
10
1394458.08558588
20
359519.555832372
40
0.0
41
0.0
42
0.0
10
1394463.4347334
20
359523.96763736
40
0.0
41
0.0
42
0.0
210
0.0
220
0.0
230
1.0
0
TEXT
5
5E2
330
1C
100
AcDbEntity
67
0
8
2 - окн федерального значения
62
7
6
ByLayer
370
-1
48
1.0
60
0
100
AcDbText
1
155,28
10
1394451.68808802
20
359518.377483608
30
0.0
40
0.31111111111
41
1.0
50
0.0
51
0.0
7
Standard
11
1394451.68808802
21
359518.377483608
31
0.0
210
0.0
220
0.0
230
1.0
71
0
72
0
100
AcDbText
73
0
0
LWPOLYLINE
5
5E3
330
1C
100
AcDbEntity
67
0
8
2 - окн федерального значения
62
7
6
ByLayer
370
20
48
1.0
60
0
100
AcDbPolyline
90
5
70
1
38
0.0
39
0.0
10
1394422.25401663
20
359503.605430493
40
0.0
41
0.0
42
0.0
10
1394419.64082309
20
359500.619775017
40
0.0
41
0.0
42
0.0
10
1394407.16801404
20
359507.369881039
40
0.0
41
0.0
42
0.0
10
1394409.10938682
20
359510.567801685
40
0.0
41
0.0
42
0.0
10
1394422.25401663
20
359503.605430493
40
0.0
41
0.0
42
0.0
210
0.0
220
0.0
230
1.0
0
TEXT
5
5E4
330
1C
100
AcDbEntity
67
0
8
2 - окн федерального значения
62
7
6
ByLayer
370
-1
48
1.0
60
0
100
AcDbText
1
55,22
10
1394414.06554408
20
359505.405690563
30
0.0
40
0.31111111111
41
1.0
50
0.0
51
0.0
7
Standard
11
1394414.06554408
21
359505.405690563
31
0.0
210
0.0
220
0.0
230
1.0
71
0
72
0
100
AcDbText
73
0
0
LWPOLYLINE
5
5E5
330
1C
100
AcDbEntity
67
0
8
2 - окн федерального значения
62
7
6
ByLayer
370
20
48
1.0
60
0
100
AcDbPolyline
90
12
70
1
38
0.0
39
0.0
10
1394383.52811186
20
359528.289970744
40
0.0
41
0.0
42
0.0
10
1394381.43625212
20
359525.38954996
40
0.0
41
0.0
42
0.0
10
1394380.57289759
20
359525.96752628
40
0.0
41
0.0
42
0.0
10
1394380.17039858
20
359526.397130324
40
0.0
41
0.0
42
0.0
10
1394379.90216581
20
359526.844051328
40
0.0
41
0.0
42
0.0
10
1394379.77001398
20
359528.320016618
40
0.0
41
0.0
42
0.0
10
1394380.10083211
20
359528.894383185
40
0.0
41
0.0
42
0.0
10
1394380.7524637
20
359529.265645056
40
0.0
41
0.0
42
0.0
10
1394381.28813785
20
359529.339534357
40
0.0
41
0.0
42
0.0
10
1394381.89170629
20
359529.27213952
40
0.0
41
0.0
42
0.0
10
1394382.69778464
20
359528.857505114
40
0.0
41
0.0
42
0.0
10
1394383.52811186
20
359528.289970744
40
0.0
41
0.0
42
0.0
210
0.0
220
0.0
230
1.0
0
TEXT
5
5E6
330
1C
100
AcDbEntity
67
0
8
2 - окн федерального значения
62
7
6
ByLayer
370
-1
48
1.0
60
0
100
AcDbText
1
9,31
10
1394380.99869703
20
359527.507547664
30
0.0
40
0.31111111111
41
1.0
50
0.0
51
0.0
7
Standard
11
1394380.99869703
21
359527.507547664
31
0.0
210
0.0
220
0.0
230
1.0
71
0
72
0
100
AcDbText
73
0
0
LWPOLYLINE
5
5E7
330
1C
100
AcDbEntity
67
0
8
2 - окн федерального значения
62
7
6
ByLayer
370
20
48
1.0
60
0
100
AcDbPolyline
90
5
70
1
38
0.0
39
0.0
10
1394346.36139101
20
359488.880390341
40
0.0
41
0.0
42
0.0
10
1394340.4408879
20
359496.025875145
40
0.0
41
0.0
42
0.0
10
1394347.10084789
20
359502.103744045
40
0.0
41
0.0
42
0.0
10
1394353.34511598
20
359495.028103592
40
0.0
41
0.0
42
0.0
10
1394346.36139101
20
359488.880390341
40
0.0
41
0.0
42
0.0
210
0.0
220
0.0
230
1.0
0
TEXT
5
5E8
330
1C
100
AcDbEntity
67
0
8
2 - окн федерального значения
62
7
6
ByLayer
370
-1
48
1.0
60
0
100
AcDbText
1
85,69
10
1394346.31535962
20
359495.372153597
30
0.0
40
0.31111111111
41
1.0
50
0.0
51
0.0
7
Standard
11
1394346.31535962
21
359495.372153597
31
0.0
210
0.0
220
0.0
230
1.0
71
0
72
0
100
AcDbText
73
0
0
LWPOLYLINE
5
5E9
330
1C
100
AcDbEntity
67
0
8
2 - окн федерального значения
62
7
6
ByLayer
370
20
48
1.0
60
0
100
AcDbPolyline
90
5
70
1
38
0.0
39
0.0
10
1394419.98861522
20
359501.025888725
40
0.0
41
0.0
42
0.0
10
1394422.94156148
20
359504.388316329
40
0.0
41
0.0
42
0.0
10
1394427.99874343
20
359500.069865799
40
0.0
41
0.0
42
0.0
10
1394425.04721537
20
359496.614802368
40
0.0
41
0.0
42
0.0
10
1394419.98861522
20
359501.025888725
40
0.0
41
0.0
42
0.0
210
0.0
220
0.0
230
1.0
0
TEXT
5
5EA
330
1C
100
AcDbEntity
67
0
8
2 - окн федерального значения
62
7
6
ByLayer
370
-1
48
1.0
60
0
100
AcDbText
1
30,13
10
1394423.47542862
20
359500.389061906
30
0.0
40
0.31111111111
41
1.0
50
0.0
51
0.0
7
Standard
11
1394423.47542862
21
359500.389061906
31
0.0
210
0.0
220
0.0
230
1.0
71
0
72
0
100
AcDbText
73
0
0
LWPOLYLINE
5
5EB
330
1C
100
AcDbEntity
67
0
8
2 - окн федерального значения
62
7
6
ByLayer
370
20
48
1.0
60
0
100
AcDbPolyline
90
4
70
1
38
0.0
39
0.0
10
1394605.56194478
20
359247.737625516
40
0.0
41
0.0
42
0.0
10
1394609.74562315
20
359235.798964831
40
0.0
41
0.0
42
0.0
10
1394601.7456911
20
359235.676490067
40
0.0
41
0.0
42
0.0
10
1394605.56194478
20
359247.737625516
40
0.0
41
0.0
42
0.0
210
0.0
220
0.0
230
1.0
0
TEXT
5
5EC
330
1C
100
AcDbEntity
67
0
8
2 - окн федерального значения
62
7
6
ByLayer
370
-1
48
1.0
60
0
100
AcDbText
1
48,01
10
1394605.16161865
20
359239.610243392
30
0.0
40
0.31111111111
41
1.0
50
0.0
51
0.0
7
Standard
11
1394605.16161865
21
359239.610243392
31
0.0
210
0.0
220
0.0
230
1.0
71
0
72
0
100
AcDbText
73
0
0
LWPOLYLINE
5
5ED
330
1C
100
AcDbEntity
67
0
8
2 - окн федерального значения
62
7
6
ByLayer
370
20
48
1.0
60
0
100
AcDbPolyline
90
9
70
1
38
0.0
39
0.0
10
1394704.9075235
20
359200.714445681
40
0.0
41
0.0
42
0.0
10
1394710.48982857
20
359218.910997217
40
0.0
41
0.0
42
0.0
10
1394734.29150637
20
359211.80030213
40
0.0
41
0.0
42
0.0
10
1394734.02983117
20
359210.892049086
40
0.0
41
0.0
42
0.0
10
1394734.88380464
20
359210.645064101
40
0.0
41
0.0
42
0.0
10
1394730.29078261
20
359194.441098994
40
0.0
41
0.0
42
0.0
10
1394729.36650354
20
359194.707012202
40
0.0
41
0.0
42
0.0
10
1394729.0244183
20
359193.53151044
40
0.0
41
0.0
42
0.0
10
1394704.9075235
20
359200.714445681
40
0.0
41
0.0
42
0.0
210
0.0
220
0.0
230
1.0
0
TEXT
5
5EE
330
1C
100
AcDbEntity
67
0
8
2 - окн федерального значения
62
7
6
ByLayer
370
-1
48
1.0
60
0
100
AcDbText
1
491,23
10
1394719.41414213
20
359205.976564214
30
0.0
40
0.31111111111
41
1.0
50
0.0
51
0.0
7
Standard
11
1394719.41414213
21
359205.976564214
31
0.0
210
0.0
220
0.0
230
1.0
71
0
72
0
100
AcDbText
73
0
0
LWPOLYLINE
5
5EF
330
1C
100
AcDbEntity
67
0
8
2 - окн федерального значения
62
7
6
ByLayer
370
20
48
1.0
60
0
100
AcDbPolyline
90
35
70
1
38
0.0
39
0.0
10
1394744.88682051
20
359245.876138662
40
0.0
41
0.0
42
0.0
10
1394757.74565765
20
359242.222129884
40
0.0
41
0.0
42
0.0
10
1394754.71316792
20
359231.233228648
40
0.0
41
0.0
42
0.0
10
1394752.5032347
20
359231.849542828
40
0.0
41
0.0
42
0.0
10
1394748.60092381
20
359217.728421766
40
0.0
41
0.0
42
0.0
10
1394746.09662852
20
359208.666239403
40
0.0
41
0.0
42
0.0
10
1394748.1457975
20
359208.097475213
40
0.0
41
0.0
42
0.0
10
1394743.55220945
20
359191.95424554
40
0.0
41
0.0
42
0.0
10
1394739.67115143
20
359178.281565478
40
0.0
41
0.0
42
0.0
10
1394735.62721432
20
359164.045903614
40
0.0
41
0.0
42
0.0
10
1394736.29027077
20
359163.856009296
40
0.0
41
0.0
42
0.0
10
1394735.98650109
20
359162.791119007
40
0.0
41
0.0
42
0.0
10
1394735.33313838
20
359163.001166257
40
0.0
41
0.0
42
0.0
10
1394734.71605838
20
359160.841232843
40
0.0
41
0.0
42
0.0
10
1394735.4191145
20
359160.651950887
40
0.0
41
0.0
42
0.0
10
1394735.13488538
20
359159.617366543
40
0.0
41
0.0
42
0.0
10
1394734.43182926
20
359159.806648505
40
0.0
41
0.0
42
0.0
10
1394730.49328233
20
359145.93322835
40
0.0
41
0.0
42
0.0
10
1394717.97612821
20
359149.482446054
40
0.0
41
0.0
42
0.0
10
1394721.20969805
20
359162.265282171
40
0.0
41
0.0
42
0.0
10
1394723.36777126
20
359169.993189791
40
0.0
41
0.0
42
0.0
10
1394726.55196425
20
359181.226390817
40
0.0
41
0.0
42
0.0
10
1394729.95900347
20
359193.245750485
40
0.0
41
0.0
42
0.0
10
1394729.0244183
20
359193.53151044
40
0.0
41
0.0
42
0.0
10
1394729.36650354
20
359194.707012202
40
0.0
41
0.0
42
0.0
10
1394730.29078261
20
359194.441098994
40
0.0
41
0.0
42
0.0
10
1394732.71139904
20
359202.958730072
40
0.0
41
0.0
42
0.0
10
1394734.88380464
20
359210.645064101
40
0.0
41
0.0
42
0.0
10
1394734.02983117
20
359210.892049086
40
0.0
41
0.0
42
0.0
10
1394734.3337538
20
359211.946939486
40
0.0
41
0.0
42
0.0
10
1394735.17757427
20
359211.709801329
40
0.0
41
0.0
42
0.0
10
1394737.52491933
20
359219.969986647
40
0.0
41
0.0
42
0.0
10
1394738.08827922
20
359221.952420911
40
0.0
41
0.0
42
0.0
10
1394741.92275138
20
359235.445730884
40
0.0
41
0.0
42
0.0
10
1394744.88682051
20
359245.876138662
40
0.0
41
0.0
42
0.0
210
0.0
220
0.0
230
1.0
0
TEXT
5
5F0
330
1C
100
AcDbEntity
67
0
8
2 - окн федерального значения
62
7
6
ByLayer
370
-1
48
1.0
60
0
100
AcDbText
1
1 291,86
10
1394736.35854668
20
359194.860232522
30
0.0
40
0.31111111111
41
1.0
50
0.0
51
0.0
7
Standard
11
1394736.35854668
21
359194.860232522
31
0.0
210
0.0
220
0.0
230
1.0
71
0
72
0
100
AcDbText
73
0
0
LWPOLYLINE
5
5F1
330
1C
100
AcDbEntity
67
0
8
2 - окн федерального значения
62
7
6
ByLayer
370
20
48
1.0
60
0
100
AcDbPolyline
90
61
70
1
38
0.0
39
0.0
10
1392240.42135979
20
356059.977114333
40
0.0
41
0.0
42
0.0
10
1392238.00244043
20
356054.375520076
40
0.0
41
0.0
42
0.0
10
1392237.69991626
20
356054.516049737
40
0.0
41
0.0
42
0.0
10
1392237.37402599
20
356054.672712566
40
0.0
41
0.0
42
0.0
10
1392237.00111143
20
356054.809330825
40
0.0
41
0.0
42
0.0
10
1392236.42788557
20
356054.952307312
40
0.0
41
0.0
42
0.0
10
1392236.03400109
20
356055.022163365
40
0.0
41
0.0
42
0.0
10
1392235.69353901
20
356055.05322971
40
0.0
41
0.0
42
0.0
10
1392235.30064873
20
356055.060414221
40
0.0
41
0.0
42
0.0
10
1392235.1663445
20
356055.04621202
40
0.0
41
0.0
42
0.0
10
1392234.85513467
20
356054.122786566
40
0.0
41
0.0
42
0.0
10
1392234.22239927
20
356054.042234228
40
0.0
41
0.0
42
0.0
10
1392233.80696422
20
356053.949687838
40
0.0
41
0.0
42
0.0
10
1392233.23405616
20
356053.81162786
40
0.0
41
0.0
42
0.0
10
1392232.6226114
20
356053.575598415
40
0.0
41
0.0
42
0.0
10
1392232.1851948
20
356053.353421942
40
0.0
41
0.0
42
0.0
10
1392231.65951624
20
356052.947908265
40
0.0
41
0.0
42
0.0
10
1392231.12004821
20
356052.503864795
40
0.0
41
0.0
42
0.0
10
1392230.70538894
20
356052.047375318
40
0.0
41
0.0
42
0.0
10
1392230.30091743
20
356051.521618816
40
0.0
41
0.0
42
0.0
10
1392229.9958882
20
356051.10034037
40
0.0
41
0.0
42
0.0
10
1392229.70706641
20
356050.559568281
40
0.0
41
0.0
42
0.0
10
1392229.43437445
20
356049.892859678
40
0.0
41
0.0
42
0.0
10
1392229.28338308
20
356049.426048917
40
0.0
41
0.0
42
0.0
10
1392229.21143922
20
356048.795835141
40
0.0
41
0.0
42
0.0
10
1392229.17779771
20
356048.177563202
40
0.0
41
0.0
42
0.0
10
1392229.18414089
20
356047.449768748
40
0.0
41
0.0
42
0.0
10
1392229.24484006
20
356046.859406448
40
0.0
41
0.0
42
0.0
10
1392229.38146049
20
356046.236248981
40
0.0
41
0.0
42
0.0
10
1392229.68892019
20
356045.402338708
40
0.0
41
0.0
42
0.0
10
1392228.37993491
20
356044.840306536
40
0.0
41
0.0
42
0.0
10
1392228.04405537
20
356044.827547559
40
0.0
41
0.0
42
0.0
10
1392227.03494254
20
356045.380815214
40
0.0
41
0.0
42
0.0
10
1392226.82255742
20
356045.501392957
40
0.0
41
0.0
42
0.0
10
1392226.6257216
20
356046.383872944
40
0.0
41
0.0
42
0.0
10
1392226.51227755
20
356047.309628694
40
0.0
41
0.0
42
0.0
10
1392226.48039638
20
356047.891468799
40
0.0
41
0.0
42
0.0
10
1392226.50948181
20
356048.487345996
40
0.0
41
0.0
42
0.0
10
1392226.56496078
20
356049.104166803
40
0.0
41
0.0
42
0.0
10
1392226.65075356
20
356049.739083256
40
0.0
41
0.0
42
0.0
10
1392226.74358637
20
356050.160354059
40
0.0
41
0.0
42
0.0
10
1392226.86753514
20
356050.595665317
40
0.0
41
0.0
42
0.0
10
1392227.09109296
20
356051.209775777
40
0.0
41
0.0
42
0.0
10
1392227.23817079
20
356051.582257253
40
0.0
41
0.0
42
0.0
10
1392227.52407483
20
356052.168610197
40
0.0
41
0.0
42
0.0
10
1392227.8852342
20
356052.777206554
40
0.0
41
0.0
42
0.0
10
1392228.31118429
20
356053.426309403
40
0.0
41
0.0
42
0.0
10
1392228.72376419
20
356053.917349684
40
0.0
41
0.0
42
0.0
10
1392229.14864789
20
356054.355149091
40
0.0
41
0.0
42
0.0
10
1392229.66160096
20
356054.829946176
40
0.0
41
0.0
42
0.0
10
1392230.43264753
20
356055.35700504
40
0.0
41
0.0
42
0.0
10
1392231.01331352
20
356055.6951519
40
0.0
41
0.0
42
0.0
10
1392231.61992367
20
356055.986873927
40
0.0
41
0.0
42
0.0
10
1392232.73554614
20
356056.45815653
40
0.0
41
0.0
42
0.0
10
1392233.77837486
20
356056.776264817
40
0.0
41
0.0
42
0.0
10
1392234.96316196
20
356056.969957028
40
0.0
41
0.0
42
0.0
10
1392235.81966325
20
356056.958639451
40
0.0
41
0.0
42
0.0
10
1392237.67138771
20
356061.224272855
40
0.0
41
0.0
42
0.0
10
1392238.18395558
20
356060.9043067
40
0.0
41
0.0
42
0.0
10
1392239.18615008
20
356060.440985008
40
0.0
41
0.0
42
0.0
10
1392240.42135979
20
356059.977114333
40
0.0
41
0.0
42
0.0
210
0.0
220
0.0
230
1.0
0
TEXT
5
5F2
330
1C
100
AcDbEntity
67
0
8
2 - окн федерального значения
62
7
6
ByLayer
370
-1
48
1.0
60
0
100
AcDbText
1
58,31
10
1392231.98356719
20
356053.431226253
30
0.0
40
0.31111111111
41
1.0
50
0.0
51
0.0
7
Standard
11
1392231.98356719
21
356053.431226253
31
0.0
210
0.0
220
0.0
230
1.0
71
0
72
0
100
AcDbText
73
0
0
LWPOLYLINE
5
5F3
330
1C
100
AcDbEntity
67
0
8
2 - окн федерального значения
62
7
6
ByLayer
370
20
48
1.0
60
0
100
AcDbPolyline
90
5
70
1
38
0.0
39
0.0
10
1392237.71255133
20
356057.828563257
40
0.0
41
0.0
42
0.0
10
1392237.68959968
20
356059.32854156
40
0.0
41
0.0
42
0.0
10
1392238.99910455
20
356059.348578715
40
0.0
41
0.0
42
0.0
10
1392239.0220562
20
356057.848600409
40
0.0
41
0.0
42
0.0
10
1392237.71255133
20
356057.828563257
40
0.0
41
0.0
42
0.0
210
0.0
220
0.0
230
1.0
0
TEXT
5
5F4
330
1C
100
AcDbEntity
67
0
8
2 - окн федерального значения
62
7
6
ByLayer
370
-1
48
1.0
60
0
100
AcDbText
1
1,96
10
1392237.96181103
20
356058.461120906
30
0.0
40
0.31111111111
41
1.0
50
0.0
51
0.0
7
Standard
11
1392237.96181103
21
356058.461120906
31
0.0
210
0.0
220
0.0
230
1.0
71
0
72
0
100
AcDbText
73
0
0
LWPOLYLINE
5
5F5
330
1C
100
AcDbEntity
67
0
8
2 - окн федерального значения
62
7
6
ByLayer
370
20
48
1.0
60
0
100
AcDbPolyline
90
5
70
1
38
0.0
39
0.0
10
1392228.34158681
20
356051.199348265
40
0.0
41
0.0
42
0.0
10
1392228.31863518
20
356052.699326533
40
0.0
41
0.0
42
0.0
10
1392229.62814002
20
356052.719363666
40
0.0
41
0.0
42
0.0
10
1392229.65109164
20
356051.219385395
40
0.0
41
0.0
42
0.0
10
1392228.34158681
20
356051.199348265
40
0.0
41
0.0
42
0.0
210
0.0
220
0.0
230
1.0
0
TEXT
5
5F6
330
1C
100
AcDbEntity
67
0
8
2 - окн федерального значения
62
7
6
ByLayer
370
-1
48
1.0
60
0
100
AcDbText
1
1,96
10
1392228.59084651
20
356051.831905885
30
0.0
40
0.31111111111
41
1.0
50
0.0
51
0.0
7
Standard
11
1392228.59084651
21
356051.831905885
31
0.0
210
0.0
220
0.0
230
1.0
71
0
72
0
100
AcDbText
73
0
0
LWPOLYLINE
5
5F7
330
1C
100
AcDbEntity
67
0
8
2 - окн федерального значения
62
7
6
ByLayer
370
20
48
1.0
60
0
100
AcDbPolyline
90
9
70
1
38
0.0
39
0.0
10
1392237.08491609
20
356064.199841495
40
0.0
41
0.0
42
0.0
10
1392238.22627415
20
356066.547721883
40
0.0
41
0.0
42
0.0
10
1392236.54915647
20
356067.332220731
40
0.0
41
0.0
42
0.0
10
1392239.381937
20
356072.882761513
40
0.0
41
0.0
42
0.0
10
1392241.05222363
20
356072.028772054
40
0.0
41
0.0
42
0.0
10
1392242.19666391
20
356074.389417372
40
0.0
41
0.0
42
0.0
10
1392251.93054911
20
356069.657388097
40
0.0
41
0.0
42
0.0
10
1392246.77825612
20
356059.531147101
40
0.0
41
0.0
42
0.0
10
1392237.08491609
20
356064.199841495
40
0.0
41
0.0
42
0.0
210
0.0
220
0.0
230
1.0
0
TEXT
5
5F8
330
1C
100
AcDbEntity
67
0
8
2 - окн федерального значения
62
7
6
ByLayer
370
-1
48
1.0
60
0
100
AcDbText
1
134,33
10
1392243.35483639
20
356067.056217389
30
0.0
40
0.31111111111
41
1.0
50
0.0
51
0.0
7
Standard
11
1392243.35483639
21
356067.056217389
31
0.0
210
0.0
220
0.0
230
1.0
71
0
72
0
100
AcDbText
73
0
0
LWPOLYLINE
5
5F9
330
1C
100
AcDbEntity
67
0
8
2 - окн федерального значения
62
7
6
ByLayer
370
20
48
1.0
60
0
100
AcDbPolyline
90
5
70
1
38
0.0
39
0.0
10
1392226.24553236
20
356029.280361122
40
0.0
41
0.0
42
0.0
10
1392228.39175527
20
356035.462835892
40
0.0
41
0.0
42
0.0
10
1392237.78158884
20
356032.228770822
40
0.0
41
0.0
42
0.0
10
1392235.80145188
20
356026.142795354
40
0.0
41
0.0
42
0.0
10
1392226.24553236
20
356029.280361122
40
0.0
41
0.0
42
0.0
210
0.0
220
0.0
230
1.0
0
TEXT
5
5FA
330
1C
100
AcDbEntity
67
0
8
2 - окн федерального значения
62
7
6
ByLayer
370
-1
48
1.0
60
0
100
AcDbText
1
64,68
10
1392231.5124881
20
356030.650686217
30
0.0
40
0.31111111111
41
1.0
50
0.0
51
0.0
7
Standard
11
1392231.5124881
21
356030.650686217
31
0.0
210
0.0
220
0.0
230
1.0
71
0
72
0
100
AcDbText
73
0
0
LWPOLYLINE
5
5FB
330
1C
100
AcDbEntity
67
0
8
2 - окн федерального значения
62
7
6
ByLayer
370
20
48
1.0
60
0
100
AcDbPolyline
90
42
70
1
38
0.0
39
0.0
10
1391596.72156822
20
355694.853054463
40
0.0
41
0.0
42
0.0
10
1391604.020294
20
355692.628644271
40
0.0
41
0.0
42
0.0
10
1391602.78778697
20
355688.141551062
40
0.0
41
0.0
42
0.0
10
1391602.80453525
20
355687.806089202
40
0.0
41
0.0
42
0.0
10
1391602.9057244
20
355687.251885422
40
0.0
41
0.0
42
0.0
10
1391603.12119483
20
355686.792085507
40
0.0
41
0.0
42
0.0
10
1391603.4272661
20
355686.484169248
40
0.0
41
0.0
42
0.0
10
1391603.92904873
20
355686.248693958
40
0.0
41
0.0
42
0.0
10
1391604.40551855
20
355686.163328799
40
0.0
41
0.0
42
0.0
10
1391605.04073511
20
355686.288822016
40
0.0
41
0.0
42
0.0
10
1391605.3745222
20
355686.432912063
40
0.0
41
0.0
42
0.0
10
1391605.74031599
20
355686.762622555
40
0.0
41
0.0
42
0.0
10
1391606.08040303
20
355687.254131513
40
0.0
41
0.0
42
0.0
10
1391606.8697861
20
355690.195466885
40
0.0
41
0.0
42
0.0
10
1391607.70748182
20
355689.965131192
40
0.0
41
0.0
42
0.0
10
1391607.12503022
20
355687.895313227
40
0.0
41
0.0
42
0.0
10
1391607.54361182
20
355687.797547912
40
0.0
41
0.0
42
0.0
10
1391607.29550404
20
355687.353773928
40
0.0
41
0.0
42
0.0
10
1391606.79610018
20
355686.674606672
40
0.0
41
0.0
42
0.0
10
1391606.44298294
20
355686.275553666
40
0.0
41
0.0
42
0.0
10
1391605.63036059
20
355685.626317312
40
0.0
41
0.0
42
0.0
10
1391604.98685804
20
355685.26914897
40
0.0
41
0.0
42
0.0
10
1391604.08891004
20
355684.896483117
40
0.0
41
0.0
42
0.0
10
1391603.51168275
20
355684.748668347
40
0.0
41
0.0
42
0.0
10
1391591.95164552
20
355688.16124463
40
0.0
41
0.0
42
0.0
10
1391591.46844685
20
355688.686394699
40
0.0
41
0.0
42
0.0
10
1391590.62660141
20
355689.947119968
40
0.0
41
0.0
42
0.0
10
1391590.27693065
20
355690.742743614
40
0.0
41
0.0
42
0.0
10
1391589.99865163
20
355691.525786172
40
0.0
41
0.0
42
0.0
10
1391589.96373636
20
355692.289433433
40
0.0
41
0.0
42
0.0
10
1391590.26640428
20
355692.189894603
40
0.0
41
0.0
42
0.0
10
1391590.48601091
20
355692.992159403
40
0.0
41
0.0
42
0.0
10
1391590.70671898
20
355692.949208661
40
0.0
41
0.0
42
0.0
10
1391591.1798096
20
355694.588979864
40
0.0
41
0.0
42
0.0
10
1391592.08789119
20
355694.313393459
40
0.0
41
0.0
42
0.0
10
1391591.51545905
20
355692.347898637
40
0.0
41
0.0
42
0.0
10
1391591.65587601
20
355691.493300226
40
0.0
41
0.0
42
0.0
10
1391591.90994343
20
355690.802452579
40
0.0
41
0.0
42
0.0
10
1391592.30165647
20
355690.183247429
40
0.0
41
0.0
42
0.0
10
1391592.78503265
20
355689.646495673
40
0.0
41
0.0
42
0.0
10
1391595.42584797
20
355690.462597076
40
0.0
41
0.0
42
0.0
10
1391596.72156822
20
355694.853054463
40
0.0
41
0.0
42
0.0
210
0.0
220
0.0
230
1.0
0
TEXT
5
5FC
330
1C
100
AcDbEntity
67
0
8
2 - окн федерального значения
62
7
6
ByLayer
370
-1
48
1.0
60
0
100
AcDbText
1
83,05
10
1391598.22287711
20
355689.564119685
30
0.0
40
0.31111111111
41
1.0
50
0.0
51
0.0
7
Standard
11
1391598.22287711
21
355689.564119685
31
0.0
210
0.0
220
0.0
230
1.0
71
0
72
0
100
AcDbText
73
0
0
LWPOLYLINE
5
5FD
330
1C
100
AcDbEntity
67
0
8
2 - окн федерального значения
62
7
6
ByLayer
370
20
48
1.0
60
0
100
AcDbPolyline
90
79
70
1
38
0.0
39
0.0
10
1392219.61749699
20
356012.424456791
40
0.0
41
0.0
42
0.0
10
1392216.09735516
20
356004.696480718
40
0.0
41
0.0
42
0.0
10
1392215.64099507
20
356004.890835921
40
0.0
41
0.0
42
0.0
10
1392215.63927606
20
356004.886113911
40
0.0
41
0.0
42
0.0
10
1392215.17896867
20
356005.045438784
40
0.0
41
0.0
42
0.0
10
1392215.18005947
20
356005.048769438
40
0.0
41
0.0
42
0.0
10
1392214.73519359
20
356005.178128403
40
0.0
41
0.0
42
0.0
10
1392214.73717688
20
356005.186849247
40
0.0
41
0.0
42
0.0
10
1392213.94883661
20
356005.254604973
40
0.0
41
0.0
42
0.0
10
1392212.72118739
20
356005.257143123
40
0.0
41
0.0
42
0.0
10
1392212.72023863
20
356004.55775559
40
0.0
41
0.0
42
0.0
10
1392212.1054239
20
356004.405202074
40
0.0
41
0.0
42
0.0
10
1392210.98527369
20
356004.073234596
40
0.0
41
0.0
42
0.0
10
1392210.20446951
20
356003.622782991
40
0.0
41
0.0
42
0.0
10
1392209.53794478
20
356003.061635625
40
0.0
41
0.0
42
0.0
10
1392208.80756522
20
356002.189827991
40
0.0
41
0.0
42
0.0
10
1392208.32321907
20
356001.485306881
40
0.0
41
0.0
42
0.0
10
1392207.95413948
20
356000.602650784
40
0.0
41
0.0
42
0.0
10
1392207.77775693
20
355999.594552435
40
0.0
41
0.0
42
0.0
10
1392207.77144933
20
355998.537527972
40
0.0
41
0.0
42
0.0
10
1392207.92106005
20
355997.584101478
40
0.0
41
0.0
42
0.0
10
1392208.12398182
20
355996.822621547
40
0.0
41
0.0
42
0.0
10
1392208.54293056
20
355995.918285787
40
0.0
41
0.0
42
0.0
10
1392209.24730376
20
355995.030246371
40
0.0
41
0.0
42
0.0
10
1392208.69554961
20
355994.519473091
40
0.0
41
0.0
42
0.0
10
1392209.34547046
20
355993.912121367
40
0.0
41
0.0
42
0.0
10
1392209.83078108
20
355993.599472188
40
0.0
41
0.0
42
0.0
10
1392210.73057752
20
355993.110253412
40
0.0
41
0.0
42
0.0
10
1392211.37459733
20
355992.891488519
40
0.0
41
0.0
42
0.0
10
1392207.27741111
20
355982.154917081
40
0.0
41
0.0
42
0.0
10
1392206.02564874
20
355980.966752279
40
0.0
41
0.0
42
0.0
10
1392205.46261368
20
355981.543294337
40
0.0
41
0.0
42
0.0
10
1392209.12772541
20
355991.242043319
40
0.0
41
0.0
42
0.0
10
1392207.90403353
20
355991.871485371
40
0.0
41
0.0
42
0.0
10
1392206.57110602
20
355993.211655153
40
0.0
41
0.0
42
0.0
10
1392205.87291287
20
355994.367170982
40
0.0
41
0.0
42
0.0
10
1392205.12091811
20
355995.862004855
40
0.0
41
0.0
42
0.0
10
1392204.84745623
20
355997.850077273
40
0.0
41
0.0
42
0.0
10
1392204.81772286
20
355999.79328691
40
0.0
41
0.0
42
0.0
10
1392205.2283349
20
356001.548867075
40
0.0
41
0.0
42
0.0
10
1392205.88564465
20
356003.065264949
40
0.0
41
0.0
42
0.0
10
1392206.83453784
20
356004.586124403
40
0.0
41
0.0
42
0.0
10
1392208.37030636
20
356005.873005528
40
0.0
41
0.0
42
0.0
10
1392210.29931075
20
356006.874354475
40
0.0
41
0.0
42
0.0
10
1392212.43087876
20
356007.344294338
40
0.0
41
0.0
42
0.0
10
1392213.8887816
20
356007.366601981
40
0.0
41
0.0
42
0.0
10
1392216.00353228
20
356012.112347212
40
0.0
41
0.0
42
0.0
10
1392215.06548581
20
356013.039469921
40
0.0
41
0.0
42
0.0
10
1392214.21852855
20
356014.387075586
40
0.0
41
0.0
42
0.0
10
1392213.61455441
20
356015.738399181
40
0.0
41
0.0
42
0.0
10
1392213.30438961
20
356016.948443244
40
0.0
41
0.0
42
0.0
10
1392213.08695926
20
356018.451456594
40
0.0
41
0.0
42
0.0
10
1392213.16854162
20
356019.473128746
40
0.0
41
0.0
42
0.0
10
1392213.29723554
20
356020.59270599
40
0.0
41
0.0
42
0.0
10
1392213.529814
20
356021.27654729
40
0.0
41
0.0
42
0.0
10
1392214.09141795
20
356022.694296595
40
0.0
41
0.0
42
0.0
10
1392214.94460327
20
356024.116508623
40
0.0
41
0.0
42
0.0
10
1392215.94501975
20
356025.000532498
40
0.0
41
0.0
42
0.0
10
1392219.84075504
20
356025.060142057
40
0.0
41
0.0
42
0.0
10
1392220.02991588
20
356024.242323037
40
0.0
41
0.0
42
0.0
10
1392219.12345297
20
356023.738955997
40
0.0
41
0.0
42
0.0
10
1392218.27256507
20
356023.19761585
40
0.0
41
0.0
42
0.0
10
1392217.48993978
20
356022.512040265
40
0.0
41
0.0
42
0.0
10
1392216.94624846
20
356021.7640806
40
0.0
41
0.0
42
0.0
10
1392216.5108928
20
356020.846078543
40
0.0
41
0.0
42
0.0
10
1392216.27071673
20
356020.129162667
40
0.0
41
0.0
42
0.0
10
1392216.20253626
20
356019.401699217
40
0.0
41
0.0
42
0.0
10
1392216.17187202
20
356017.955050999
40
0.0
41
0.0
42
0.0
10
1392216.48298984
20
356016.625830885
40
0.0
41
0.0
42
0.0
10
1392216.90620026
20
356015.747365559
40
0.0
41
0.0
42
0.0
10
1392217.47357612
20
356014.950366515
40
0.0
41
0.0
42
0.0
10
1392217.60898049
20
356014.832748904
40
0.0
41
0.0
42
0.0
10
1392217.07081038
20
356014.075429136
40
0.0
41
0.0
42
0.0
10
1392217.89787486
20
356013.318831547
40
0.0
41
0.0
42
0.0
10
1392218.37350987
20
356012.991154262
40
0.0
41
0.0
42
0.0
10
1392218.37268328
20
356012.989742226
40
0.0
41
0.0
42
0.0
10
1392218.84696726
20
356012.722414649
40
0.0
41
0.0
42
0.0
10
1392218.84231035
20
356012.713050501
40
0.0
41
0.0
42
0.0
10
1392219.61749699
20
356012.424456791
40
0.0
41
0.0
42
0.0
210
0.0
220
0.0
230
1.0
0
TEXT
5
5FE
330
1C
100
AcDbEntity
67
0
8
2 - окн федерального значения
62
7
6
ByLayer
370
-1
48
1.0
60
0
100
AcDbText
1
140,34
10
1392211.27212652
20
356005.57087222
30
0.0
40
0.31111111111
41
1.0
50
0.0
51
0.0
7
Standard
11
1392211.27212652
21
356005.57087222
31
0.0
210
0.0
220
0.0
230
1.0
71
0
72
0
100
AcDbText
73
0
0
LWPOLYLINE
5
5FF
330
1C
100
AcDbEntity
67
0
8
2 - окн федерального значения
62
7
6
ByLayer
370
20
48
1.0
60
0
100
AcDbPolyline
90
5
70
1
38
0.0
39
0.0
10
1392206.59911091
20
355995.618826135
40
0.0
41
0.0
42
0.0
10
1392206.5761595
20
355997.118804319
40
0.0
41
0.0
42
0.0
10
1392207.88566427
20
355997.138841264
40
0.0
41
0.0
42
0.0
10
1392207.90861568
20
355995.638863075
40
0.0
41
0.0
42
0.0
10
1392206.59911091
20
355995.618826135
40
0.0
41
0.0
42
0.0
210
0.0
220
0.0
230
1.0
0
TEXT
5
600
330
1C
100
AcDbEntity
67
0
8
2 - окн федерального значения
62
7
6
ByLayer
370
-1
48
1.0
60
0
100
AcDbText
1
1,96
10
1392206.84837068
20
355996.251383619
30
0.0
40
0.31111111111
41
1.0
50
0.0
51
0.0
7
Standard
11
1392206.84837068
21
355996.251383619
31
0.0
210
0.0
220
0.0
230
1.0
71
0
72
0
100
AcDbText
73
0
0
LWPOLYLINE
5
601
330
1C
100
AcDbEntity
67
0
8
2 - окн федерального значения
62
7
6
ByLayer
370
20
48
1.0
60
0
100
AcDbPolyline
90
5
70
1
38
0.0
39
0.0
10
1392214.38608206
20
356016.998779218
40
0.0
41
0.0
42
0.0
10
1392214.36313057
20
356018.498757432
40
0.0
41
0.0
42
0.0
10
1392215.67263536
20
356018.518794448
40
0.0
41
0.0
42
0.0
10
1392215.69558685
20
356017.018816228
40
0.0
41
0.0
42
0.0
10
1392214.38608206
20
356016.998779218
40
0.0
41
0.0
42
0.0
210
0.0
220
0.0
230
1.0
0
TEXT
5
602
330
1C
100
AcDbEntity
67
0
8
2 - окн федерального значения
62
7
6
ByLayer
370
-1
48
1.0
60
0
100
AcDbText
1
1,96
10
1392214.63534181
20
356017.631336752
30
0.0
40
0.31111111111
41
1.0
50
0.0
51
0.0
7
Standard
11
1392214.63534181
21
356017.631336752
31
0.0
210
0.0
220
0.0
230
1.0
71
0
72
0
100
AcDbText
73
0
0
LWPOLYLINE
5
603
330
1C
100
AcDbEntity
67
0
8
2 - окн федерального значения
62
7
6
ByLayer
370
20
48
1.0
60
0
100
AcDbPolyline
90
9
70
1
38
0.0
39
0.0
10
1392237.08491609
20
356064.199841495
40
0.0
41
0.0
42
0.0
10
1392238.22627415
20
356066.547721883
40
0.0
41
0.0
42
0.0
10
1392236.54915647
20
356067.332220731
40
0.0
41
0.0
42
0.0
10
1392239.381937
20
356072.882761513
40
0.0
41
0.0
42
0.0
10
1392241.05222363
20
356072.028772054
40
0.0
41
0.0
42
0.0
10
1392242.19666391
20
356074.389417372
40
0.0
41
0.0
42
0.0
10
1392251.93054911
20
356069.657388097
40
0.0
41
0.0
42
0.0
10
1392246.77825612
20
356059.531147101
40
0.0
41
0.0
42
0.0
10
1392237.08491609
20
356064.199841495
40
0.0
41
0.0
42
0.0
210
0.0
220
0.0
230
1.0
0
TEXT
5
604
330
1C
100
AcDbEntity
67
0
8
2 - окн федерального значения
62
7
6
ByLayer
370
-1
48
1.0
60
0
100
AcDbText
1
134,33
10
1392243.35483639
20
356067.056217389
30
0.0
40
0.31111111111
41
1.0
50
0.0
51
0.0
7
Standard
11
1392243.35483639
21
356067.056217389
31
0.0
210
0.0
220
0.0
230
1.0
71
0
72
0
100
AcDbText
73
0
0
LWPOLYLINE
5
605
330
1C
100
AcDbEntity
67
0
8
2 - окн федерального значения
62
7
6
ByLayer
370
20
48
1.0
60
0
100
AcDbPolyline
90
13
70
1
38
0.0
39
0.0
10
1392192.85674744
20
355979.583012616
40
0.0
41
0.0
42
0.0
10
1392190.76123669
20
355982.125868369
40
0.0
41
0.0
42
0.0
10
1392198.47805145
20
355988.746018849
40
0.0
41
0.0
42
0.0
10
1392199.94031728
20
355987.198068448
40
0.0
41
0.0
42
0.0
10
1392206.02564874
20
355980.966752279
40
0.0
41
0.0
42
0.0
10
1392207.21631174
20
355982.096921958
40
0.0
41
0.0
42
0.0
10
1392211.32465102
20
355978.016605502
40
0.0
41
0.0
42
0.0
10
1392213.07181585
20
355979.917633846
40
0.0
41
0.0
42
0.0
10
1392215.9796653
20
355976.9040668
40
0.0
41
0.0
42
0.0
10
1392202.74382763
20
355964.831007737
40
0.0
41
0.0
42
0.0
10
1392199.59823138
20
355968.33417278
40
0.0
41
0.0
42
0.0
10
1392201.22340925
20
355969.60856978
40
0.0
41
0.0
42
0.0
10
1392192.85674744
20
355979.583012616
40
0.0
41
0.0
42
0.0
210
0.0
220
0.0
230
1.0
0
TEXT
5
606
330
1C
100
AcDbEntity
67
0
8
2 - окн федерального значения
62
7
6
ByLayer
370
-1
48
1.0
60
0
100
AcDbText
1
262,66
10
1392202.05502936
20
355977.090375162
30
0.0
40
0.31111111111
41
1.0
50
0.0
51
0.0
7
Standard
11
1392202.05502936
21
355977.090375162
31
0.0
210
0.0
220
0.0
230
1.0
71
0
72
0
100
AcDbText
73
0
0
LWPOLYLINE
5
607
330
1C
100
AcDbEntity
67
0
8
2 - окн федерального значения
62
7
6
ByLayer
370
20
48
1.0
60
0
100
AcDbPolyline
90
11
70
1
38
0.0
39
0.0
10
1392192.84549178
20
355955.411947588
40
0.0
41
0.0
42
0.0
10
1392193.95369656
20
355947.210840474
40
0.0
41
0.0
42
0.0
10
1392191.12703381
20
355946.780044161
40
0.0
41
0.0
42
0.0
10
1392191.0261691
20
355947.523764847
40
0.0
41
0.0
42
0.0
10
1392182.57431649
20
355946.351113954
40
0.0
41
0.0
42
0.0
10
1392182.24103074
20
355948.641296891
40
0.0
41
0.0
42
0.0
10
1392176.52327218
20
355947.805037391
40
0.0
41
0.0
42
0.0
10
1392172.69210042
20
355947.244703527
40
0.0
41
0.0
42
0.0
10
1392171.88244922
20
355953.824197441
40
0.0
41
0.0
42
0.0
10
1392192.66182967
20
355956.771111932
40
0.0
41
0.0
42
0.0
10
1392192.84549178
20
355955.411947588
40
0.0
41
0.0
42
0.0
210
0.0
220
0.0
230
1.0
0
TEXT
5
608
330
1C
100
AcDbEntity
67
0
8
2 - окн федерального значения
62
7
6
ByLayer
370
-1
48
1.0
60
0
100
AcDbText
1
167,36
10
1392183.01021502
20
355951.244443931
30
0.0
40
0.31111111111
41
1.0
50
0.0
51
0.0
7
Standard
11
1392183.01021502
21
355951.244443931
31
0.0
210
0.0
220
0.0
230
1.0
71
0
72
0
100
AcDbText
73
0
0
LWPOLYLINE
5
609
330
1C
100
AcDbEntity
67
0
8
2 - окн федерального значения
62
7
6
ByLayer
370
20
48
1.0
60
0
100
AcDbPolyline
90
42
70
1
38
0.0
39
0.0
10
1392239.18615008
20
356060.440985008
40
0.0
41
0.0
42
0.0
10
1392238.18395558
20
356060.9043067
40
0.0
41
0.0
42
0.0
10
1392236.98456023
20
356061.85809427
40
0.0
41
0.0
42
0.0
10
1392235.80836828
20
356063.720534248
40
0.0
41
0.0
42
0.0
10
1392235.12138823
20
356065.810309584
40
0.0
41
0.0
42
0.0
10
1392234.92048365
20
356068.000912218
40
0.0
41
0.0
42
0.0
10
1392235.06468116
20
356069.535116449
40
0.0
41
0.0
42
0.0
10
1392235.50807171
20
356071.010914663
40
0.0
41
0.0
42
0.0
10
1392236.43372193
20
356072.762046994
40
0.0
41
0.0
42
0.0
10
1392237.69249707
20
356074.291353353
40
0.0
41
0.0
42
0.0
10
1392239.0953745
20
356075.363066385
40
0.0
41
0.0
42
0.0
10
1392240.69397921
20
356076.112130389
40
0.0
41
0.0
42
0.0
10
1392242.62004057
20
356076.573250162
40
0.0
41
0.0
42
0.0
10
1392244.59928491
20
356076.643504329
40
0.0
41
0.0
42
0.0
10
1392246.31939827
20
356076.283141358
40
0.0
41
0.0
42
0.0
10
1392247.14141338
20
356075.963904168
40
0.0
41
0.0
42
0.0
10
1392247.54419603
20
356075.786835608
40
0.0
41
0.0
42
0.0
10
1392246.71995141
20
356074.447826206
40
0.0
41
0.0
42
0.0
10
1392249.52312913
20
356072.669379335
40
0.0
41
0.0
42
0.0
10
1392249.98615668
20
356073.387441827
40
0.0
41
0.0
42
0.0
10
1392250.56747243
20
356072.594177064
40
0.0
41
0.0
42
0.0
10
1392251.41296541
20
356071.190298656
40
0.0
41
0.0
42
0.0
10
1392252.14535134
20
356069.020111814
40
0.0
41
0.0
42
0.0
10
1392252.32740234
20
356067.552252717
40
0.0
41
0.0
42
0.0
10
1392252.27789339
20
356066.0739761
40
0.0
41
0.0
42
0.0
10
1392252.09814712
20
356065.1021723
40
0.0
41
0.0
42
0.0
10
1392251.63580933
20
356063.881490608
40
0.0
41
0.0
42
0.0
10
1392251.32251848
20
356063.305205065
40
0.0
41
0.0
42
0.0
10
1392250.63758711
20
356062.176907223
40
0.0
41
0.0
42
0.0
10
1392249.57432617
20
356060.94771714
40
0.0
41
0.0
42
0.0
10
1392249.05027153
20
356060.549671235
40
0.0
41
0.0
42
0.0
10
1392247.92464527
20
356059.849517605
40
0.0
41
0.0
42
0.0
10
1392247.33906063
20
356059.551001292
40
0.0
41
0.0
42
0.0
10
1392246.09786253
20
356059.153710226
40
0.0
41
0.0
42
0.0
10
1392245.44581226
20
356059.064339309
40
0.0
41
0.0
42
0.0
10
1392244.12994843
20
356059.04452774
40
0.0
41
0.0
42
0.0
10
1392243.15736245
20
356059.178218958
40
0.0
41
0.0
42
0.0
10
1392242.83678432
20
356059.247458281
40
0.0
41
0.0
42
0.0
10
1392243.05427475
20
356060.069229342
40
0.0
41
0.0
42
0.0
10
1392240.95030748
20
356061.067244682
40
0.0
41
0.0
42
0.0
10
1392240.42135979
20
356059.977114333
40
0.0
41
0.0
42
0.0
10
1392239.18615008
20
356060.440985008
40
0.0
41
0.0
42
0.0
210
0.0
220
0.0
230
1.0
0
TEXT
5
60A
330
1C
100
AcDbEntity
67
0
8
2 - окн федерального значения
62
7
6
ByLayer
370
-1
48
1.0
60
0
100
AcDbText
1
233,36
10
1392242.92382832
20
356067.598088313
30
0.0
40
0.31111111111
41
1.0
50
0.0
51
0.0
7
Standard
11
1392242.92382832
21
356067.598088313
31
0.0
210
0.0
220
0.0
230
1.0
71
0
72
0
100
AcDbText
73
0
0
LWPOLYLINE
5
60B
330
1C
100
AcDbEntity
67
0
8
2 - окн федерального значения
62
7
6
ByLayer
370
20
48
1.0
60
0
100
AcDbPolyline
90
16
70
1
38
0.0
39
0.0
10
1393261.49649196
20
357885.169160536
40
0.0
41
0.0
42
0.0
10
1393260.89099924
20
357885.848430239
40
0.0
41
0.0
42
0.0
10
1393260.673573
20
357887.149676148
40
0.0
41
0.0
42
0.0
10
1393268.77511405
20
357899.853955735
40
0.0
41
0.0
42
0.0
10
1393269.87470893
20
357900.679076112
40
0.0
41
0.0
42
0.0
10
1393271.02587008
20
357900.777524778
40
0.0
41
0.0
42
0.0
10
1393284.99793528
20
357892.164474361
40
0.0
41
0.0
42
0.0
10
1393285.50092381
20
357890.346460065
40
0.0
41
0.0
42
0.0
10
1393283.20968653
20
357886.346346408
40
0.0
41
0.0
42
0.0
10
1393286.5856068
20
357884.412642721
40
0.0
41
0.0
42
0.0
10
1393283.36165273
20
357878.784163155
40
0.0
41
0.0
42
0.0
10
1393280.07396667
20
357880.937016285
40
0.0
41
0.0
42
0.0
10
1393277.1789187
20
357876.51590243
40
0.0
41
0.0
42
0.0
10
1393276.91380134
20
357876.439452222
40
0.0
41
0.0
42
0.0
10
1393275.81805365
20
357876.180226992
40
0.0
41
0.0
42
0.0
10
1393261.49649196
20
357885.169160536
40
0.0
41
0.0
42
0.0
210
0.0
220
0.0
230
1.0
0
TEXT
5
60C
330
1C
100
AcDbEntity
67
0
8
2 - окн федерального значения
62
7
6
ByLayer
370
-1
48
1.0
60
0
100
AcDbText
1
379,92
10
1393273.20696957
20
357888.075214881
30
0.0
40
0.31111111111
41
1.0
50
0.0
51
0.0
7
Standard
11
1393273.20696957
21
357888.075214881
31
0.0
210
0.0
220
0.0
230
1.0
71
0
72
0
100
AcDbText
73
0
0
LWPOLYLINE
5
60D
330
1C
100
AcDbEntity
67
0
8
2 - окн федерального значения
62
7
6
ByLayer
370
20
48
1.0
60
0
100
AcDbPolyline
90
14
70
1
38
0.0
39
0.0
10
1393262.51143947
20
357925.145028961
40
0.0
41
0.0
42
0.0
10
1393272.27733128
20
357959.657236516
40
0.0
41
0.0
42
0.0
10
1393282.61549278
20
357993.898409383
40
0.0
41
0.0
42
0.0
10
1393287.34776218
20
357992.470502432
40
0.0
41
0.0
42
0.0
10
1393277.3994879
20
357959.763293451
40
0.0
41
0.0
42
0.0
10
1393286.59243615
20
357957.252305572
40
0.0
41
0.0
42
0.0
10
1393286.18648109
20
357955.356200543
40
0.0
41
0.0
42
0.0
10
1393277.03540831
20
357957.672991247
40
0.0
41
0.0
42
0.0
10
1393268.92039477
20
357927.402406587
40
0.0
41
0.0
42
0.0
10
1393278.63250446
20
357917.299225111
40
0.0
41
0.0
42
0.0
10
1393277.2645573
20
357915.919099363
40
0.0
41
0.0
42
0.0
10
1393268.03043488
20
357925.107552863
40
0.0
41
0.0
42
0.0
10
1393267.69792973
20
357923.834580699
40
0.0
41
0.0
42
0.0
10
1393262.51143947
20
357925.145028961
40
0.0
41
0.0
42
0.0
210
0.0
220
0.0
230
1.0
0
TEXT
5
60E
330
1C
100
AcDbEntity
67
0
8
2 - окн федерального значения
62
7
6
ByLayer
370
-1
48
1.0
60
0
100
AcDbText
1
413,99
10
1393274.22237824
20
357955.422624608
30
0.0
40
0.31111111111
41
1.0
50
0.0
51
0.0
7
Standard
11
1393274.22237824
21
357955.422624608
31
0.0
210
0.0
220
0.0
230
1.0
71
0
72
0
100
AcDbText
73
0
0
LWPOLYLINE
5
60F
330
1C
100
AcDbEntity
67
0
8
2 - окн федерального значения
62
7
6
ByLayer
370
20
48
1.0
60
0
100
AcDbPolyline
90
16
70
1
38
0.0
39
0.0
10
1392114.88531052
20
355933.656661721
40
0.0
41
0.0
42
0.0
10
1392115.26587859
20
355935.447093711
40
0.0
41
0.0
42
0.0
10
1392116.34177911
20
355936.927943746
40
0.0
41
0.0
42
0.0
10
1392117.92697912
20
355937.843159399
40
0.0
41
0.0
42
0.0
10
1392119.74738314
20
355938.03449157
40
0.0
41
0.0
42
0.0
10
1392121.48822676
20
355937.46885719
40
0.0
41
0.0
42
0.0
10
1392122.84850231
20
355936.24405958
40
0.0
41
0.0
42
0.0
10
1392123.5930058
20
355934.571877374
40
0.0
41
0.0
42
0.0
10
1392123.5930058
20
355932.741446067
40
0.0
41
0.0
42
0.0
10
1392122.84850231
20
355931.069263862
40
0.0
41
0.0
42
0.0
10
1392121.48822676
20
355929.844466252
40
0.0
41
0.0
42
0.0
10
1392119.74738314
20
355929.278831871
40
0.0
41
0.0
42
0.0
10
1392117.92697912
20
355929.470164042
40
0.0
41
0.0
42
0.0
10
1392116.34177911
20
355930.385379696
40
0.0
41
0.0
42
0.0
10
1392115.26587859
20
355931.86622973
40
0.0
41
0.0
42
0.0
10
1392114.88531052
20
355933.656661721
40
0.0
41
0.0
42
0.0
210
0.0
220
0.0
230
1.0
0
TEXT
5
610
330
1C
100
AcDbEntity
67
0
8
2 - окн федерального значения
62
7
6
ByLayer
370
-1
48
1.0
60
0
100
AcDbText
1

10
1392119.17725468
20
355933.671106161
30
0.0
40
0.31111111111
41
1.0
50
0.0
51
0.0
7
Standard
11
1392119.17725468
21
355933.671106161
31
0.0
210
0.0
220
0.0
230
1.0
71
0
72
0
100
AcDbText
73
0
0
LWPOLYLINE
5
611
330
1C
100
AcDbEntity
67
0
8
2 - окн федерального значения
62
7
6
ByLayer
370
20
48
1.0
60
0
100
AcDbPolyline
90
18
70
1
38
0.0
39
0.0
10
1392229.69044113
20
356048.042476514
40
0.0
41
0.0
42
0.0
10
1392230.06878083
20
356050.0664151
40
0.0
41
0.0
42
0.0
10
1392231.15270303
20
356051.817009565
40
0.0
41
0.0
42
0.0
10
1392232.79581804
20
356053.057832426
40
0.0
41
0.0
42
0.0
10
1392234.77621408
20
356053.62130368
40
0.0
41
0.0
42
0.0
10
1392236.82642768
20
356053.431323412
40
0.0
41
0.0
42
0.0
10
1392238.66956614
20
356052.51354951
40
0.0
41
0.0
42
0.0
10
1392240.0567034
20
356050.991932425
40
0.0
41
0.0
42
0.0
10
1392240.80049888
20
356049.071974975
40
0.0
41
0.0
42
0.0
10
1392240.80049888
20
356047.012978054
40
0.0
41
0.0
42
0.0
10
1392240.0567034
20
356045.093020604
40
0.0
41
0.0
42
0.0
10
1392238.66956614
20
356043.571403519
40
0.0
41
0.0
42
0.0
10
1392236.82642768
20
356042.653629617
40
0.0
41
0.0
42
0.0
10
1392234.77621408
20
356042.463649349
40
0.0
41
0.0
42
0.0
10
1392232.79581804
20
356043.027120603
40
0.0
41
0.0
42
0.0
10
1392231.15270303
20
356044.267943464
40
0.0
41
0.0
42
0.0
10
1392230.06878083
20
356046.018537929
40
0.0
41
0.0
42
0.0
10
1392229.69044113
20
356048.042476514
40
0.0
41
0.0
42
0.0
210
0.0
220
0.0
230
1.0
0
TEXT
5
612
330
1C
100
AcDbEntity
67
0
8
2 - окн федерального значения
62
7
6
ByLayer
370
-1
48
1.0
60
0
100
AcDbText
1

10
1392235.18316855
20
356048.056920954
30
0.0
40
0.31111111111
41
1.0
50
0.0
51
0.0
7
Standard
11
1392235.18316855
21
356048.056920954
31
0.0
210
0.0
220
0.0
230
1.0
71
0
72
0
100
AcDbText
73
0
0
LWPOLYLINE
5
613
330
1C
100
AcDbEntity
67
0
8
2 - окн федерального значения
62
7
6
ByLayer
370
20
48
1.0
60
0
100
AcDbPolyline
90
18
70
1
38
0.0
39
0.0
10
1392229.69044113
20
356048.042476514
40
0.0
41
0.0
42
0.0
10
1392230.06878083
20
356050.0664151
40
0.0
41
0.0
42
0.0
10
1392231.15270303
20
356051.817009565
40
0.0
41
0.0
42
0.0
10
1392232.79581804
20
356053.057832426
40
0.0
41
0.0
42
0.0
10
1392234.77621408
20
356053.62130368
40
0.0
41
0.0
42
0.0
10
1392236.82642768
20
356053.431323412
40
0.0
41
0.0
42
0.0
10
1392238.66956614
20
356052.51354951
40
0.0
41
0.0
42
0.0
10
1392240.0567034
20
356050.991932425
40
0.0
41
0.0
42
0.0
10
1392240.80049888
20
356049.071974975
40
0.0
41
0.0
42
0.0
10
1392240.80049888
20
356047.012978054
40
0.0
41
0.0
42
0.0
10
1392240.0567034
20
356045.093020604
40
0.0
41
0.0
42
0.0
10
1392238.66956614
20
356043.571403519
40
0.0
41
0.0
42
0.0
10
1392236.82642768
20
356042.653629617
40
0.0
41
0.0
42
0.0
10
1392234.77621408
20
356042.463649349
40
0.0
41
0.0
42
0.0
10
1392232.79581804
20
356043.027120603
40
0.0
41
0.0
42
0.0
10
1392231.15270303
20
356044.267943464
40
0.0
41
0.0
42
0.0
10
1392230.06878083
20
356046.018537929
40
0.0
41
0.0
42
0.0
10
1392229.69044113
20
356048.042476514
40
0.0
41
0.0
42
0.0
210
0.0
220
0.0
230
1.0
0
TEXT
5
614
330
1C
100
AcDbEntity
67
0
8
2 - окн федерального значения
62
7
6
ByLayer
370
-1
48
1.0
60
0
100
AcDbText
1

10
1392235.18316855
20
356048.056920954
30
0.0
40
0.31111111111
41
1.0
50
0.0
51
0.0
7
Standard
11
1392235.18316855
21
356048.056920954
31
0.0
210
0.0
220
0.0
230
1.0
71
0
72
0
100
AcDbText
73
0
0
LWPOLYLINE
5
615
330
1C
100
AcDbEntity
67
0
8
2 - окн федерального значения
62
7
6
ByLayer
370
20
48
1.0
60
0
100
AcDbPolyline
90
18
70
1
38
0.0
39
0.0
10
1392229.69044113
20
356048.042476514
40
0.0
41
0.0
42
0.0
10
1392230.06878083
20
356050.0664151
40
0.0
41
0.0
42
0.0
10
1392231.15270303
20
356051.817009565
40
0.0
41
0.0
42
0.0
10
1392232.79581804
20
356053.057832426
40
0.0
41
0.0
42
0.0
10
1392234.77621408
20
356053.62130368
40
0.0
41
0.0
42
0.0
10
1392236.82642768
20
356053.431323412
40
0.0
41
0.0
42
0.0
10
1392238.66956614
20
356052.51354951
40
0.0
41
0.0
42
0.0
10
1392240.0567034
20
356050.991932425
40
0.0
41
0.0
42
0.0
10
1392240.80049888
20
356049.071974975
40
0.0
41
0.0
42
0.0
10
1392240.80049888
20
356047.012978054
40
0.0
41
0.0
42
0.0
10
1392240.0567034
20
356045.093020604
40
0.0
41
0.0
42
0.0
10
1392238.66956614
20
356043.571403519
40
0.0
41
0.0
42
0.0
10
1392236.82642768
20
356042.653629617
40
0.0
41
0.0
42
0.0
10
1392234.77621408
20
356042.463649349
40
0.0
41
0.0
42
0.0
10
1392232.79581804
20
356043.027120603
40
0.0
41
0.0
42
0.0
10
1392231.15270303
20
356044.267943464
40
0.0
41
0.0
42
0.0
10
1392230.06878083
20
356046.018537929
40
0.0
41
0.0
42
0.0
10
1392229.69044113
20
356048.042476514
40
0.0
41
0.0
42
0.0
210
0.0
220
0.0
230
1.0
0
TEXT
5
616
330
1C
100
AcDbEntity
67
0
8
2 - окн федерального значения
62
7
6
ByLayer
370
-1
48
1.0
60
0
100
AcDbText
1

10
1392235.18316855
20
356048.056920954
30
0.0
40
0.31111111111
41
1.0
50
0.0
51
0.0
7
Standard
11
1392235.18316855
21
356048.056920954
31
0.0
210
0.0
220
0.0
230
1.0
71
0
72
0
100
AcDbText
73
0
0
VIEWPORT
5
61B
330
617
100
AcDbEntity
67
1
8
0
62
256
6
ByLayer
370
-1
48
1.0
60
0
100
AcDbViewport
10
0.0
20
0.0
30
0.0
40
297.0
41
210.0
68
1
69
1
12
50.0
22
100.0
13
0.0
23
0.0
14
10.0
24
10.0
15
10.0
25
10.0
16
0.0
26
0.0
36
1.0
17
0.0
27
0.0
37
0.0
42
50.0
43
0.0
44
0.0
45
250.0
50
0.0
51
0.0
72
1000
90
819232
110
0.0
120
0.0
130
0.0
111
1.0
121
0.0
131
0.0
112
0.0
122
1.0
132
0.0
0
ENDSEC
0
SECTION
2
OBJECTS
0
DICTIONARY
5
620
330
0
100
AcDbDictionary
280
1
281
1
3
ACAD_GROUP
350
12
3
ACAD_LAYOUT
350
61A
3
ACAD_DGNDEFINITIONS
350
F
3
ACAD_DWFDEFINITIONS
350
10
3
ACAD_PDFDEFINITIONS
350
11
3
ACAD_MLINESTYLE
350
B
3
ACAD_IMAGE_DICT
350
E
3
ACAD_IMAGE_VARS
350
21
0
DICTIONARY
5
12
330
620
100
AcDbDictionary
280
1
281
1
0
DICTIONARY
5
61A
330
620
100
AcDbDictionary
280
1
281
1
3
Model
350
20
3
Layout1
350
61C
0
DICTIONARY
5
F
330
620
100
AcDbDictionary
280
1
281
1
0
DICTIONARY
5
10
330
620
100
AcDbDictionary
280
1
281
1
0
DICTIONARY
5
11
330
620
100
AcDbDictionary
280
1
281
1
0
DICTIONARY
5
B
330
620
100
AcDbDictionary
280
1
281
1
3
Standard
350
1B
0
DICTIONARY
5
E
330
620
100
AcDbDictionary
280
1
281
1
0
DICTIONARY
5
6
330
5
100
AcDbDictionary
280
1
281
1
3
ACAD_LAYERSTATES
360
621
0
DICTIONARY
5
621
330
6
100
AcDbDictionary
280
1
281
1
0
LAYOUT
5
20
330
61A
100
AcDbPlotSettings
1

2
none_device
4
ISO_A4_(210.00_x_297.00_MM)
6

40
7.5
41
20.0
42
7.5
43
20.0
44
210.0
45
297.0
46
0.0
47
0.0
48
0.0
49
0.0
140
0.0
141
0.0
142
1.0
143
1.0
70
11952
72
1
73
1
74
1
7

75
0
76
0
77
2
78
300
147
1.0
148
0.0
149
0.0
100
AcDbLayout
1
Model
71
0
10
1391589.78873637
20
355684.57366835
11
1398286.9030052
21
360775.865079545
12
0.0
22
0.0
32
0.0
14
1398286.9030052
24
360775.865079545
34
0.0
15
231.3
25
175.5
35
0.0
146
0.0
13
0.0
23
0.0
33
0.0
16
1.0
26
0.0
36
0.0
17
0.0
27
1.0
37
0.0
76
0
330
1C
0
LAYOUT
5
61C
330
61A
100
AcDbPlotSettings
1

2
none_device
4
ISO_A4_(210.00_x_297.00_MM)
6

40
7.5
41
20.0
42
7.5
43
20.0
44
210.0
45
297.0
46
0.0
47
0.0
48
0.0
49
0.0
140
0.0
141
0.0
142
1.0
143
1.0
70
688
72
1
73
1
74
1
7

75
0
76
0
77
2
78
300
147
1.0
148
0.0
149
0.0
100
AcDbLayout
1
Layout1
71
1
10
-20.0
20
-7.5
11
277.0
21
202.5
12
0.0
22
0.0
32
0.0
14
25.7
24
19.5
34
0.0
15
231.3
25
175.5
35
0.0
146
0.0
13
0.0
23
0.0
33
0.0
16
1.0
26
0.0
36
0.0
17
0.0
27
1.0
37
0.0
76
0
330
617
0
MLINESTYLE
5
1B
330
B
100
AcDbMlineStyle
2
Standard
70
0
3

62
256
51
90.0
52
90.0
71
2
49
0.5
62
256
6
ByLayer
49
-0.5
62
256
6
ByLayer
0
RASTERVARIABLES
5
21
330
E
100
AcDbRasterVariables
90
0
70
1
71
1
72
0
0
ENDSEC
0
EOF
