999
DXF file generated by netDxf https://github.com/haplokuon/netDxf, Copyright(C) 2009-2020 Daniel Carvajal, Licensed under LGPL
0
SECTION
2
HEADER
9
$ACADVER
1
AC1024
9
$DWGCODEPAGE
3
ANSI_1252
9
$LASTSAVEDBY
1
Admin
9
$HANDSEED
5
61F
9
$ANGBASE
50
0.0
9
$ANGDIR
70
0
9
$ATTMODE
70
1
9
$AUNITS
70
0
9
$AUPREC
70
0
9
$CECOLOR
62
256
9
$CELTSCALE
40
1.0
9
$CELTYPE
6
ByLayer
9
$CELWEIGHT
370
-1
9
$CLAYER
8
0
9
$CMLJUST
70
0
9
$CMLSCALE
40
20.0
9
$CMLSTYLE
2
Standard
9
$DIMSTYLE
2
Standard
9
$TEXTSIZE
40
2.5
9
$TEXTSTYLE
7
Standard
9
$LUNITS
70
2
9
$LUPREC
70
4
9
$MIRRTEXT
70
0
9
$EXTNAMES
290
1
9
$INSBASE
10
0.0
20
0.0
30
0.0
9
$INSUNITS
70
0
9
$LTSCALE
40
1.0
9
$LWDISPLAY
290
0
9
$PDMODE
70
33
9
$PDSIZE
40
0.75
9
$PLINEGEN
70
0
9
$PSLTSCALE
70
1
9
$TDCREATE
40
2460893.56463803
9
$TDUCREATE
40
2460893.14797137
9
$TDUPDATE
40
2460893.56463803
9
$TDUUPDATE
40
2460893.14797137
9
$TDINDWG
40
0.0
9
$UCSORG
10
0.0
20
0.0
30
0.0
9
$UCSXDIR
10
1.0
20
0.0
30
0.0
9
$UCSYDIR
10
0.0
20
1.0
30
0.0
9
$DIMADEC
70
0
9
$DIMALT
70
0
9
$DIMALTD
70
2
9
$DIMALTF
40
25.4
9
$DIMALTRND
40
0.0
9
$DIMALTTD
70
2
9
$DIMALTTZ
70
0
9
$DIMALTU
70
2
9
$DIMALTZ
70
0
9
$DIMAPOST
1

9
$DIMATFIT
70
3
9
$DIMAUNIT
70
0
9
$DIMASZ
40
0.18
9
$DIMAZIN
70
0
9
$DIMSAH
70
0
9
$DIMBLK
1

9
$DIMLDRBLK
1

9
$DIMCEN
40
0.09
9
$DIMCLRD
70
0
9
$DIMCLRE
70
0
9
$DIMCLRT
70
0
9
$DIMDEC
70
4
9
$DIMDLE
40
0.0
9
$DIMDLI
40
0.38
9
$DIMDSEP
70
46
9
$DIMEXE
40
0.18
9
$DIMEXO
40
0.0625
9
$DIMFXLON
70
0
9
$DIMFXL
40
1.0
9
$DIMGAP
40
0.09
9
$DIMJUST
70
0
9
$DIMLFAC
40
1.0
9
$DIMLUNIT
70
2
9
$DIMLWD
70
-2
9
$DIMLWE
70
-2
9
$DIMPOST
1

9
$DIMRND
40
0.0
9
$DIMSCALE
40
1.0
9
$DIMSD1
70
0
9
$DIMSD2
70
0
9
$DIMSE1
70
0
9
$DIMSE2
70
0
9
$DIMSOXD
70
0
9
$DIMTAD
70
0
9
$DIMTDEC
70
4
9
$DIMTFAC
40
1.0
9
$DIMTIH
70
0
9
$DIMTIX
70
0
9
$DIMTM
40
0.0
9
$DIMTMOVE
70
0
9
$DIMTOFL
70
0
9
$DIMTOH
70
0
9
$DIMTOL
70
0
9
$DIMLIM
70
0
9
$DIMTOLJ
70
1
9
$DIMTP
40
0.0
9
$DIMTXT
40
0.18
9
$DIMTXTDIRECTION
70
0
9
$DIMTZIN
70
0
9
$DIMZIN
70
0
9
$DIMFRAC
70
0
9
$DIMLTYPE
6
ByBlock
9
$DIMLTEX1
6
ByBlock
9
$DIMLTEX2
6
ByBlock
0
ENDSEC
0
SECTION
2
CLASSES
0
CLASS
1
RASTERVARIABLES
2
AcDbRasterVariables
3
ISM
90
0
91
1
280
0
281
0
0
ENDSEC
0
SECTION
2
TABLES
0
TABLE
2
APPID
5
4
330
0
100
AcDbSymbolTable
70
4
0
APPID
5
19
330
4
100
AcDbSymbolTableRecord
100
AcDbRegAppTableRecord
2
ACAD
70
0
0
APPID
5
61A
330
4
100
AcDbSymbolTableRecord
100
AcDbRegAppTableRecord
2
AcCmTransparency
70
0
0
APPID
5
61B
330
4
100
AcDbSymbolTableRecord
100
AcDbRegAppTableRecord
2
GradientColor1ACI
70
0
0
APPID
5
61C
330
4
100
AcDbSymbolTableRecord
100
AcDbRegAppTableRecord
2
GradientColor2ACI
70
0
0
ENDTAB
0
TABLE
2
VPORT
5
1
330
0
100
AcDbSymbolTable
70
1
0
VPORT
5
2
330
1
100
AcDbSymbolTableRecord
100
AcDbViewportTableRecord
2
*Active
70
0
10
0.0
20
0.0
11
1.0
21
1.0
12
0.0
22
0.0
13
0.0
23
0.0
14
0.5
24
0.5
15
10.0
25
10.0
16
0.0
26
0.0
36
1.0
17
1395176.74786062
27
358050.583122779
37
0.0
40
5957.54225272586
41
1.0
75
0
76
1
0
ENDTAB
0
TABLE
2
LTYPE
5
7
330
0
100
AcDbSymbolTable
70
3
0
LTYPE
5
15
330
7
100
AcDbSymbolTableRecord
100
AcDbLinetypeTableRecord
2
Continuous
70
0
3
Solid line
72
65
73
0
40
0.0
0
LTYPE
5
16
330
7
100
AcDbSymbolTableRecord
100
AcDbLinetypeTableRecord
2
ByLayer
70
0
3

72
65
73
0
40
0.0
0
LTYPE
5
17
330
7
100
AcDbSymbolTableRecord
100
AcDbLinetypeTableRecord
2
ByBlock
70
0
3

72
65
73
0
40
0.0
0
ENDTAB
0
TABLE
2
LAYER
5
5
102
{ACAD_XDICTIONARY
360
6
102
}
330
0
100
AcDbSymbolTable
70
2
0
LAYER
5
14
330
5
100
AcDbSymbolTableRecord
100
AcDbLayerTableRecord
2
0
70
0
62
7
6
Continuous
290
1
370
-3
390
0
0
LAYER
5
3A
330
5
100
AcDbSymbolTableRecord
100
AcDbLayerTableRecord
2
8 - ценная историческая застройка конец ХIX - начало ХХ века
70
0
62
7
6
Continuous
290
1
370
-3
390
0
0
ENDTAB
0
TABLE
2
STYLE
5
8
330
0
100
AcDbSymbolTable
70
1
0
STYLE
5
18
330
8
100
AcDbSymbolTableRecord
100
AcDbTextStyleTableRecord
2
Standard
3
simplex.shx
70
0
71
0
40
0.0
41
1.0
42
0.0
50
0.0
0
ENDTAB
0
TABLE
2
DIMSTYLE
5
A
330
0
100
AcDbSymbolTable
70
1
100
AcDbDimStyleTable
0
DIMSTYLE
105
1A
330
A
100
AcDbSymbolTableRecord
100
AcDbDimStyleTableRecord
2
Standard
3

4

40
1.0
41
0.18
42
0.0625
43
0.38
44
0.18
45
0.0
46
0.0
47
0.0
48
0.0
49
1.0
70
0
71
0
72
0
73
0
74
0
75
0
76
0
77
0
78
0
79
0
140
0.18
141
0.09
143
25.4
144
1.0
146
1.0
147
0.09
148
0.0
170
0
171
2
172
0
174
0
175
0
176
0
177
0
178
0
179
0
271
4
272
4
273
2
274
2
275
0
276
0
277
2
278
46
279
0
280
0
281
0
282
0
283
1
284
0
285
0
286
0
289
3
290
0
294
0
340
18
173
0
345
17
346
17
347
17
371
-2
372
-2
0
ENDTAB
0
TABLE
2
VIEW
5
3
330
0
100
AcDbSymbolTable
70
0
0
ENDTAB
0
TABLE
2
UCS
5
C
330
0
100
AcDbSymbolTable
70
0
0
ENDTAB
0
TABLE
2
BLOCK_RECORD
5
D
330
0
100
AcDbSymbolTable
70
2
0
BLOCK_RECORD
5
1C
330
D
100
AcDbSymbolTableRecord
100
AcDbBlockTableRecord
2
*Model_Space
340
20
0
BLOCK_RECORD
5
614
330
D
100
AcDbSymbolTableRecord
100
AcDbBlockTableRecord
2
*Paper_Space
340
619
0
ENDTAB
0
ENDSEC
0
SECTION
2
BLOCKS
0
BLOCK
5
1E
330
1C
100
AcDbEntity
67
0
8
0
100
AcDbBlockBegin
2
*Model_Space
70
0
10
0.0
20
0.0
30
0.0
3
*Model_Space
4

0
ENDBLK
5
1D
330
1C
100
AcDbEntity
8
0
100
AcDbBlockEnd
0
BLOCK
5
616
330
614
100
AcDbEntity
67
1
8
0
100
AcDbBlockBegin
2
*Paper_Space
70
0
10
0.0
20
0.0
30
0.0
3
*Paper_Space
4

0
ENDBLK
5
615
330
614
100
AcDbEntity
8
0
100
AcDbBlockEnd
0
ENDSEC
0
SECTION
2
ENTITIES
0
POINT
5
22
330
1C
100
AcDbEntity
67
0
8
0
62
256
6
ByLayer
370
-1
48
1.0
60
0
100
AcDbPoint
10
1396378.72497593
20
359784.789919167
30
0.0
39
0.0
210
0.0
220
0.0
230
1.0
50
360.0
0
TEXT
5
23
330
1C
100
AcDbEntity
67
0
8
0
62
7
6
ByLayer
370
-1
48
1.0
60
0
100
AcDbText
1
655
10
1396378.85410525
20
359785.064360783
30
0.0
40
0.31111111111
41
1.0
50
0.0
51
0.0
7
Standard
11
1396378.85410525
21
359785.064360783
31
0.0
210
0.0
220
0.0
230
1.0
71
0
72
0
100
AcDbText
73
0
0
POINT
5
24
330
1C
100
AcDbEntity
67
0
8
0
62
256
6
ByLayer
370
-1
48
1.0
60
0
100
AcDbPoint
10
1396379.05758607
20
359786.111867059
30
0.0
39
0.0
210
0.0
220
0.0
230
1.0
50
360.0
0
TEXT
5
25
330
1C
100
AcDbEntity
67
0
8
0
62
7
6
ByLayer
370
-1
48
1.0
60
0
100
AcDbText
1
656
10
1396379.18671539
20
359786.386308681
30
0.0
40
0.31111111111
41
1.0
50
0.0
51
0.0
7
Standard
11
1396379.18671539
21
359786.386308681
31
0.0
210
0.0
220
0.0
230
1.0
71
0
72
0
100
AcDbText
73
0
0
POINT
5
26
330
1C
100
AcDbEntity
67
0
8
0
62
256
6
ByLayer
370
-1
48
1.0
60
0
100
AcDbPoint
10
1396380.00660884
20
359787.090402453
30
0.0
39
0.0
210
0.0
220
0.0
230
1.0
50
360.0
0
TEXT
5
27
330
1C
100
AcDbEntity
67
0
8
0
62
7
6
ByLayer
370
-1
48
1.0
60
0
100
AcDbText
1
657
10
1396380.13573816
20
359787.364844076
30
0.0
40
0.31111111111
41
1.0
50
0.0
51
0.0
7
Standard
11
1396380.13573816
21
359787.364844076
31
0.0
210
0.0
220
0.0
230
1.0
71
0
72
0
100
AcDbText
73
0
0
POINT
5
28
330
1C
100
AcDbEntity
67
0
8
0
62
256
6
ByLayer
370
-1
48
1.0
60
0
100
AcDbPoint
10
1396381.31775438
20
359787.46332758
30
0.0
39
0.0
210
0.0
220
0.0
230
1.0
50
360.0
0
TEXT
5
29
330
1C
100
AcDbEntity
67
0
8
0
62
7
6
ByLayer
370
-1
48
1.0
60
0
100
AcDbText
1
658
10
1396381.44688369
20
359787.737769207
30
0.0
40
0.31111111111
41
1.0
50
0.0
51
0.0
7
Standard
11
1396381.44688369
21
359787.737769207
31
0.0
210
0.0
220
0.0
230
1.0
71
0
72
0
100
AcDbText
73
0
0
POINT
5
2A
330
1C
100
AcDbEntity
67
0
8
0
62
256
6
ByLayer
370
-1
48
1.0
60
0
100
AcDbPoint
10
1396382.63970228
20
359787.130717449
30
0.0
39
0.0
210
0.0
220
0.0
230
1.0
50
360.0
0
TEXT
5
2B
330
1C
100
AcDbEntity
67
0
8
0
62
7
6
ByLayer
370
-1
48
1.0
60
0
100
AcDbText
1
659
10
1396382.7688316
20
359787.405159076
30
0.0
40
0.31111111111
41
1.0
50
0.0
51
0.0
7
Standard
11
1396382.7688316
21
359787.405159076
31
0.0
210
0.0
220
0.0
230
1.0
71
0
72
0
100
AcDbText
73
0
0
POINT
5
2C
330
1C
100
AcDbEntity
67
0
8
0
62
256
6
ByLayer
370
-1
48
1.0
60
0
100
AcDbPoint
10
1396383.61823769
20
359786.181694666
30
0.0
39
0.0
210
0.0
220
0.0
230
1.0
50
360.0
0
TEXT
5
2D
330
1C
100
AcDbEntity
67
0
8
0
62
7
6
ByLayer
370
-1
48
1.0
60
0
100
AcDbText
1
660
10
1396383.747367
20
359786.456136295
30
0.0
40
0.31111111111
41
1.0
50
0.0
51
0.0
7
Standard
11
1396383.747367
21
359786.456136295
31
0.0
210
0.0
220
0.0
230
1.0
71
0
72
0
100
AcDbText
73
0
0
POINT
5
2E
330
1C
100
AcDbEntity
67
0
8
0
62
256
6
ByLayer
370
-1
48
1.0
60
0
100
AcDbPoint
10
1396383.99116281
20
359784.870549124
30
0.0
39
0.0
210
0.0
220
0.0
230
1.0
50
360.0
0
TEXT
5
2F
330
1C
100
AcDbEntity
67
0
8
0
62
7
6
ByLayer
370
-1
48
1.0
60
0
100
AcDbText
1
661
10
1396384.12029213
20
359785.144990753
30
0.0
40
0.31111111111
41
1.0
50
0.0
51
0.0
7
Standard
11
1396384.12029213
21
359785.144990753
31
0.0
210
0.0
220
0.0
230
1.0
71
0
72
0
100
AcDbText
73
0
0
POINT
5
30
330
1C
100
AcDbEntity
67
0
8
0
62
256
6
ByLayer
370
-1
48
1.0
60
0
100
AcDbPoint
10
1396383.65855267
20
359783.548601213
30
0.0
39
0.0
210
0.0
220
0.0
230
1.0
50
360.0
0
TEXT
5
31
330
1C
100
AcDbEntity
67
0
8
0
62
7
6
ByLayer
370
-1
48
1.0
60
0
100
AcDbText
1
662
10
1396383.78768199
20
359783.823042841
30
0.0
40
0.31111111111
41
1.0
50
0.0
51
0.0
7
Standard
11
1396383.78768199
21
359783.823042841
31
0.0
210
0.0
220
0.0
230
1.0
71
0
72
0
100
AcDbText
73
0
0
POINT
5
32
330
1C
100
AcDbEntity
67
0
8
0
62
256
6
ByLayer
370
-1
48
1.0
60
0
100
AcDbPoint
10
1396382.70952988
20
359782.570065815
30
0.0
39
0.0
210
0.0
220
0.0
230
1.0
50
360.0
0
TEXT
5
33
330
1C
100
AcDbEntity
67
0
8
0
62
7
6
ByLayer
370
-1
48
1.0
60
0
100
AcDbText
1
663
10
1396382.83865919
20
359782.844507445
30
0.0
40
0.31111111111
41
1.0
50
0.0
51
0.0
7
Standard
11
1396382.83865919
21
359782.844507445
31
0.0
210
0.0
220
0.0
230
1.0
71
0
72
0
100
AcDbText
73
0
0
POINT
5
34
330
1C
100
AcDbEntity
67
0
8
0
62
256
6
ByLayer
370
-1
48
1.0
60
0
100
AcDbPoint
10
1396381.39838433
20
359782.197140704
30
0.0
39
0.0
210
0.0
220
0.0
230
1.0
50
360.0
0
TEXT
5
35
330
1C
100
AcDbEntity
67
0
8
0
62
7
6
ByLayer
370
-1
48
1.0
60
0
100
AcDbText
1
664
10
1396381.52751366
20
359782.471582331
30
0.0
40
0.31111111111
41
1.0
50
0.0
51
0.0
7
Standard
11
1396381.52751366
21
359782.471582331
31
0.0
210
0.0
220
0.0
230
1.0
71
0
72
0
100
AcDbText
73
0
0
POINT
5
36
330
1C
100
AcDbEntity
67
0
8
0
62
256
6
ByLayer
370
-1
48
1.0
60
0
100
AcDbPoint
10
1396380.07643644
20
359782.529750854
30
0.0
39
0.0
210
0.0
220
0.0
230
1.0
50
360.0
0
TEXT
5
37
330
1C
100
AcDbEntity
67
0
8
0
62
7
6
ByLayer
370
-1
48
1.0
60
0
100
AcDbText
1
665
10
1396380.20556576
20
359782.804192474
30
0.0
40
0.31111111111
41
1.0
50
0.0
51
0.0
7
Standard
11
1396380.20556576
21
359782.804192474
31
0.0
210
0.0
220
0.0
230
1.0
71
0
72
0
100
AcDbText
73
0
0
POINT
5
38
330
1C
100
AcDbEntity
67
0
8
0
62
256
6
ByLayer
370
-1
48
1.0
60
0
100
AcDbPoint
10
1396379.09790105
20
359783.478773636
30
0.0
39
0.0
210
0.0
220
0.0
230
1.0
50
360.0
0
TEXT
5
39
330
1C
100
AcDbEntity
67
0
8
0
62
7
6
ByLayer
370
-1
48
1.0
60
0
100
AcDbText
1
666
10
1396379.22703037
20
359783.753215255
30
0.0
40
0.31111111111
41
1.0
50
0.0
51
0.0
7
Standard
11
1396379.22703037
21
359783.753215255
31
0.0
210
0.0
220
0.0
230
1.0
71
0
72
0
100
AcDbText
73
0
0
POINT
5
3B
330
1C
100
AcDbEntity
67
0
8
8 - ценная историческая застройка конец ХIX - начало ХХ века
62
256
6
ByLayer
370
-1
48
1.0
60
0
100
AcDbPoint
10
1393711.12728731
20
358229.69297651
30
0.0
39
0.0
210
0.0
220
0.0
230
1.0
50
360.0
0
TEXT
5
3C
330
1C
100
AcDbEntity
67
0
8
8 - ценная историческая застройка конец ХIX - начало ХХ века
62
7
6
ByLayer
370
-1
48
1.0
60
0
100
AcDbText
1
1
10
1393711.25641953
20
358229.967413304
30
0.0
40
0.31111111111
41
1.0
50
0.0
51
0.0
7
Standard
11
1393711.25641953
21
358229.967413304
31
0.0
210
0.0
220
0.0
230
1.0
71
0
72
0
100
AcDbText
73
0
0
POINT
5
3D
330
1C
100
AcDbEntity
67
0
8
8 - ценная историческая застройка конец ХIX - начало ХХ века
62
256
6
ByLayer
370
-1
48
1.0
60
0
100
AcDbPoint
10
1393700.72140564
20
358219.887689241
30
0.0
39
0.0
210
0.0
220
0.0
230
1.0
50
360.0
0
TEXT
5
3E
330
1C
100
AcDbEntity
67
0
8
8 - ценная историческая застройка конец ХIX - начало ХХ века
62
7
6
ByLayer
370
-1
48
1.0
60
0
100
AcDbText
1
2
10
1393700.85053788
20
358220.162126014
30
0.0
40
0.31111111111
41
1.0
50
0.0
51
0.0
7
Standard
11
1393700.85053788
21
358220.162126014
31
0.0
210
0.0
220
0.0
230
1.0
71
0
72
0
100
AcDbText
73
0
0
POINT
5
3F
330
1C
100
AcDbEntity
67
0
8
8 - ценная историческая застройка конец ХIX - начало ХХ века
62
256
6
ByLayer
370
-1
48
1.0
60
0
100
AcDbPoint
10
1393697.37727195
20
358217.145326663
30
0.0
39
0.0
210
0.0
220
0.0
230
1.0
50
360.0
0
TEXT
5
40
330
1C
100
AcDbEntity
67
0
8
8 - ценная историческая застройка конец ХIX - начало ХХ века
62
7
6
ByLayer
370
-1
48
1.0
60
0
100
AcDbText
1
3
10
1393697.5064042
20
358217.419763432
30
0.0
40
0.31111111111
41
1.0
50
0.0
51
0.0
7
Standard
11
1393697.5064042
21
358217.419763432
31
0.0
210
0.0
220
0.0
230
1.0
71
0
72
0
100
AcDbText
73
0
0
POINT
5
41
330
1C
100
AcDbEntity
67
0
8
8 - ценная историческая застройка конец ХIX - начало ХХ века
62
256
6
ByLayer
370
-1
48
1.0
60
0
100
AcDbPoint
10
1393686.03003729
20
358207.210051113
30
0.0
39
0.0
210
0.0
220
0.0
230
1.0
50
360.0
0
TEXT
5
42
330
1C
100
AcDbEntity
67
0
8
8 - ценная историческая застройка конец ХIX - начало ХХ века
62
7
6
ByLayer
370
-1
48
1.0
60
0
100
AcDbText
1
4
10
1393686.15916955
20
358207.484487861
30
0.0
40
0.31111111111
41
1.0
50
0.0
51
0.0
7
Standard
11
1393686.15916955
21
358207.484487861
31
0.0
210
0.0
220
0.0
230
1.0
71
0
72
0
100
AcDbText
73
0
0
POINT
5
43
330
1C
100
AcDbEntity
67
0
8
8 - ценная историческая застройка конец ХIX - начало ХХ века
62
256
6
ByLayer
370
-1
48
1.0
60
0
100
AcDbPoint
10
1393672.68737342
20
358196.549807353
30
0.0
39
0.0
210
0.0
220
0.0
230
1.0
50
360.0
0
TEXT
5
44
330
1C
100
AcDbEntity
67
0
8
8 - ценная историческая застройка конец ХIX - начало ХХ века
62
7
6
ByLayer
370
-1
48
1.0
60
0
100
AcDbText
1
5
10
1393672.8165057
20
358196.824244077
30
0.0
40
0.31111111111
41
1.0
50
0.0
51
0.0
7
Standard
11
1393672.8165057
21
358196.824244077
31
0.0
210
0.0
220
0.0
230
1.0
71
0
72
0
100
AcDbText
73
0
0
POINT
5
45
330
1C
100
AcDbEntity
67
0
8
8 - ценная историческая застройка конец ХIX - начало ХХ века
62
256
6
ByLayer
370
-1
48
1.0
60
0
100
AcDbPoint
10
1393659.7600042
20
358189.021376244
30
0.0
39
0.0
210
0.0
220
0.0
230
1.0
50
360.0
0
TEXT
5
46
330
1C
100
AcDbEntity
67
0
8
8 - ценная историческая застройка конец ХIX - начало ХХ века
62
7
6
ByLayer
370
-1
48
1.0
60
0
100
AcDbText
1
6
10
1393659.8891365
20
358189.295812944
30
0.0
40
0.31111111111
41
1.0
50
0.0
51
0.0
7
Standard
11
1393659.8891365
21
358189.295812944
31
0.0
210
0.0
220
0.0
230
1.0
71
0
72
0
100
AcDbText
73
0
0
POINT
5
47
330
1C
100
AcDbEntity
67
0
8
8 - ценная историческая застройка конец ХIX - начало ХХ века
62
256
6
ByLayer
370
-1
48
1.0
60
0
100
AcDbPoint
10
1393642.13327205
20
358180.958276227
30
0.0
39
0.0
210
0.0
220
0.0
230
1.0
50
360.0
0
TEXT
5
48
330
1C
100
AcDbEntity
67
0
8
8 - ценная историческая застройка конец ХIX - начало ХХ века
62
7
6
ByLayer
370
-1
48
1.0
60
0
100
AcDbText
1
7
10
1393642.26240436
20
358181.232712896
30
0.0
40
0.31111111111
41
1.0
50
0.0
51
0.0
7
Standard
11
1393642.26240436
21
358181.232712896
31
0.0
210
0.0
220
0.0
230
1.0
71
0
72
0
100
AcDbText
73
0
0
POINT
5
49
330
1C
100
AcDbEntity
67
0
8
8 - ценная историческая застройка конец ХIX - начало ХХ века
62
256
6
ByLayer
370
-1
48
1.0
60
0
100
AcDbPoint
10
1394388.70437024
20
358686.580033091
30
0.0
39
0.0
210
0.0
220
0.0
230
1.0
50
360.0
0
TEXT
5
4A
330
1C
100
AcDbEntity
67
0
8
8 - ценная историческая застройка конец ХIX - начало ХХ века
62
7
6
ByLayer
370
-1
48
1.0
60
0
100
AcDbText
1
8
10
1394388.83350162
20
358686.854471107
30
0.0
40
0.31111111111
41
1.0
50
0.0
51
0.0
7
Standard
11
1394388.83350162
21
358686.854471107
31
0.0
210
0.0
220
0.0
230
1.0
71
0
72
0
100
AcDbText
73
0
0
POINT
5
4B
330
1C
100
AcDbEntity
67
0
8
8 - ценная историческая застройка конец ХIX - начало ХХ века
62
256
6
ByLayer
370
-1
48
1.0
60
0
100
AcDbPoint
10
1394376.6398163
20
358677.715580506
30
0.0
39
0.0
210
0.0
220
0.0
230
1.0
50
360.0
0
TEXT
5
4C
330
1C
100
AcDbEntity
67
0
8
8 - ценная историческая застройка конец ХIX - начало ХХ века
62
7
6
ByLayer
370
-1
48
1.0
60
0
100
AcDbText
1
9
10
1394376.76894769
20
358677.990018501
30
0.0
40
0.31111111111
41
1.0
50
0.0
51
0.0
7
Standard
11
1394376.76894769
21
358677.990018501
31
0.0
210
0.0
220
0.0
230
1.0
71
0
72
0
100
AcDbText
73
0
0
POINT
5
4D
330
1C
100
AcDbEntity
67
0
8
8 - ценная историческая застройка конец ХIX - начало ХХ века
62
256
6
ByLayer
370
-1
48
1.0
60
0
100
AcDbPoint
10
1394368.31139819
20
358668.908321314
30
0.0
39
0.0
210
0.0
220
0.0
230
1.0
50
360.0
0
TEXT
5
4E
330
1C
100
AcDbEntity
67
0
8
8 - ценная историческая застройка конец ХIX - начало ХХ века
62
7
6
ByLayer
370
-1
48
1.0
60
0
100
AcDbText
1
10
10
1394368.4405296
20
358669.182759292
30
0.0
40
0.31111111111
41
1.0
50
0.0
51
0.0
7
Standard
11
1394368.4405296
21
358669.182759292
31
0.0
210
0.0
220
0.0
230
1.0
71
0
72
0
100
AcDbText
73
0
0
POINT
5
4F
330
1C
100
AcDbEntity
67
0
8
8 - ценная историческая застройка конец ХIX - начало ХХ века
62
256
6
ByLayer
370
-1
48
1.0
60
0
100
AcDbPoint
10
1394337.0639903
20
358639.640575678
30
0.0
39
0.0
210
0.0
220
0.0
230
1.0
50
360.0
0
TEXT
5
50
330
1C
100
AcDbEntity
67
0
8
8 - ценная историческая застройка конец ХIX - начало ХХ века
62
7
6
ByLayer
370
-1
48
1.0
60
0
100
AcDbText
1
11
10
1394337.19312176
20
358639.915013604
30
0.0
40
0.31111111111
41
1.0
50
0.0
51
0.0
7
Standard
11
1394337.19312176
21
358639.915013604
31
0.0
210
0.0
220
0.0
230
1.0
71
0
72
0
100
AcDbText
73
0
0
POINT
5
51
330
1C
100
AcDbEntity
67
0
8
8 - ценная историческая застройка конец ХIX - начало ХХ века
62
256
6
ByLayer
370
-1
48
1.0
60
0
100
AcDbPoint
10
1394333.7198541
20
358636.898205019
30
0.0
39
0.0
210
0.0
220
0.0
230
1.0
50
360.0
0
TEXT
5
52
330
1C
100
AcDbEntity
67
0
8
8 - ценная историческая застройка конец ХIX - начало ХХ века
62
7
6
ByLayer
370
-1
48
1.0
60
0
100
AcDbText
1
12
10
1394333.84898556
20
358637.172642937
30
0.0
40
0.31111111111
41
1.0
50
0.0
51
0.0
7
Standard
11
1394333.84898556
21
358637.172642937
31
0.0
210
0.0
220
0.0
230
1.0
71
0
72
0
100
AcDbText
73
0
0
POINT
5
53
330
1C
100
AcDbEntity
67
0
8
8 - ценная историческая застройка конец ХIX - начало ХХ века
62
256
6
ByLayer
370
-1
48
1.0
60
0
100
AcDbPoint
10
1394322.37261155
20
358626.962901
30
0.0
39
0.0
210
0.0
220
0.0
230
1.0
50
360.0
0
TEXT
5
54
330
1C
100
AcDbEntity
67
0
8
8 - ценная историческая застройка конец ХIX - начало ХХ века
62
7
6
ByLayer
370
-1
48
1.0
60
0
100
AcDbText
1
13
10
1394322.50174304
20
358627.2373389
30
0.0
40
0.31111111111
41
1.0
50
0.0
51
0.0
7
Standard
11
1394322.50174304
21
358627.2373389
31
0.0
210
0.0
220
0.0
230
1.0
71
0
72
0
100
AcDbText
73
0
0
POINT
5
55
330
1C
100
AcDbEntity
67
0
8
8 - ценная историческая застройка конец ХIX - начало ХХ века
62
256
6
ByLayer
370
-1
48
1.0
60
0
100
AcDbPoint
10
1394315.82994244
20
358623.604919849
30
0.0
39
0.0
210
0.0
220
0.0
230
1.0
50
360.0
0
TEXT
5
56
330
1C
100
AcDbEntity
67
0
8
8 - ценная историческая застройка конец ХIX - начало ХХ века
62
7
6
ByLayer
370
-1
48
1.0
60
0
100
AcDbText
1
14
10
1394315.95907392
20
358623.879357736
30
0.0
40
0.31111111111
41
1.0
50
0.0
51
0.0
7
Standard
11
1394315.95907392
21
358623.879357736
31
0.0
210
0.0
220
0.0
230
1.0
71
0
72
0
100
AcDbText
73
0
0
POINT
5
57
330
1C
100
AcDbEntity
67
0
8
8 - ценная историческая застройка конец ХIX - начало ХХ века
62
256
6
ByLayer
370
-1
48
1.0
60
0
100
AcDbPoint
10
1394301.83656955
20
358613.101280908
30
0.0
39
0.0
210
0.0
220
0.0
230
1.0
50
360.0
0
TEXT
5
58
330
1C
100
AcDbEntity
67
0
8
8 - ценная историческая застройка конец ХIX - начало ХХ века
62
7
6
ByLayer
370
-1
48
1.0
60
0
100
AcDbText
1
15
10
1394301.96570106
20
358613.375718769
30
0.0
40
0.31111111111
41
1.0
50
0.0
51
0.0
7
Standard
11
1394301.96570106
21
358613.375718769
31
0.0
210
0.0
220
0.0
230
1.0
71
0
72
0
100
AcDbText
73
0
0
POINT
5
59
330
1C
100
AcDbEntity
67
0
8
8 - ценная историческая застройка конец ХIX - начало ХХ века
62
256
6
ByLayer
370
-1
48
1.0
60
0
100
AcDbPoint
10
1394289.02463826
20
358605.200115976
30
0.0
39
0.0
210
0.0
220
0.0
230
1.0
50
360.0
0
TEXT
5
5A
330
1C
100
AcDbEntity
67
0
8
8 - ценная историческая застройка конец ХIX - начало ХХ века
62
7
6
ByLayer
370
-1
48
1.0
60
0
100
AcDbText
1
16
10
1394289.15376978
20
358605.474553813
30
0.0
40
0.31111111111
41
1.0
50
0.0
51
0.0
7
Standard
11
1394289.15376978
21
358605.474553813
31
0.0
210
0.0
220
0.0
230
1.0
71
0
72
0
100
AcDbText
73
0
0
POINT
5
5B
330
1C
100
AcDbEntity
67
0
8
8 - ценная историческая застройка конец ХIX - начало ХХ века
62
256
6
ByLayer
370
-1
48
1.0
60
0
100
AcDbPoint
10
1394512.67603442
20
358807.748435732
30
0.0
39
0.0
210
0.0
220
0.0
230
1.0
50
360.0
0
TEXT
5
5C
330
1C
100
AcDbEntity
67
0
8
8 - ценная историческая застройка конец ХIX - начало ХХ века
62
7
6
ByLayer
370
-1
48
1.0
60
0
100
AcDbText
1
17
10
1394512.80516556
20
358808.022873969
30
0.0
40
0.31111111111
41
1.0
50
0.0
51
0.0
7
Standard
11
1394512.80516556
21
358808.022873969
31
0.0
210
0.0
220
0.0
230
1.0
71
0
72
0
100
AcDbText
73
0
0
POINT
5
5D
330
1C
100
AcDbEntity
67
0
8
8 - ценная историческая застройка конец ХIX - начало ХХ века
62
256
6
ByLayer
370
-1
48
1.0
60
0
100
AcDbPoint
10
1394475.32212945
20
358763.554433522
30
0.0
39
0.0
210
0.0
220
0.0
230
1.0
50
360.0
0
TEXT
5
5E
330
1C
100
AcDbEntity
67
0
8
8 - ценная историческая застройка конец ХIX - начало ХХ века
62
7
6
ByLayer
370
-1
48
1.0
60
0
100
AcDbText
1
18
10
1394475.45126068
20
358763.828871698
30
0.0
40
0.31111111111
41
1.0
50
0.0
51
0.0
7
Standard
11
1394475.45126068
21
358763.828871698
31
0.0
210
0.0
220
0.0
230
1.0
71
0
72
0
100
AcDbText
73
0
0
POINT
5
5F
330
1C
100
AcDbEntity
67
0
8
8 - ценная историческая застройка конец ХIX - начало ХХ века
62
256
6
ByLayer
370
-1
48
1.0
60
0
100
AcDbPoint
10
1394463.15009819
20
358749.782504958
30
0.0
39
0.0
210
0.0
220
0.0
230
1.0
50
360.0
0
TEXT
5
60
330
1C
100
AcDbEntity
67
0
8
8 - ценная историческая застройка конец ХIX - начало ХХ века
62
7
6
ByLayer
370
-1
48
1.0
60
0
100
AcDbText
1
19
10
1394463.27922944
20
358750.056943114
30
0.0
40
0.31111111111
41
1.0
50
0.0
51
0.0
7
Standard
11
1394463.27922944
21
358750.056943114
31
0.0
210
0.0
220
0.0
230
1.0
71
0
72
0
100
AcDbText
73
0
0
POINT
5
61
330
1C
100
AcDbEntity
67
0
8
8 - ценная историческая застройка конец ХIX - начало ХХ века
62
256
6
ByLayer
370
-1
48
1.0
60
0
100
AcDbPoint
10
1394577.7308334
20
358881.636996183
30
0.0
39
0.0
210
0.0
220
0.0
230
1.0
50
360.0
0
TEXT
5
62
330
1C
100
AcDbEntity
67
0
8
8 - ценная историческая застройка конец ХIX - начало ХХ века
62
7
6
ByLayer
370
-1
48
1.0
60
0
100
AcDbText
1
20
10
1394577.85996441
20
358881.911434543
30
0.0
40
0.31111111111
41
1.0
50
0.0
51
0.0
7
Standard
11
1394577.85996441
21
358881.911434543
31
0.0
210
0.0
220
0.0
230
1.0
71
0
72
0
100
AcDbText
73
0
0
POINT
5
63
330
1C
100
AcDbEntity
67
0
8
8 - ценная историческая застройка конец ХIX - начало ХХ века
62
256
6
ByLayer
370
-1
48
1.0
60
0
100
AcDbPoint
10
1394546.94247644
20
358845.961794404
30
0.0
39
0.0
210
0.0
220
0.0
230
1.0
50
360.0
0
TEXT
5
64
330
1C
100
AcDbEntity
67
0
8
8 - ценная историческая застройка конец ХIX - начало ХХ века
62
7
6
ByLayer
370
-1
48
1.0
60
0
100
AcDbText
1
21
10
1394547.07160751
20
358846.236232708
30
0.0
40
0.31111111111
41
1.0
50
0.0
51
0.0
7
Standard
11
1394547.07160751
21
358846.236232708
31
0.0
210
0.0
220
0.0
230
1.0
71
0
72
0
100
AcDbText
73
0
0
POINT
5
65
330
1C
100
AcDbEntity
67
0
8
8 - ценная историческая застройка конец ХIX - начало ХХ века
62
256
6
ByLayer
370
-1
48
1.0
60
0
100
AcDbPoint
10
1394523.78311322
20
358818.718984044
30
0.0
39
0.0
210
0.0
220
0.0
230
1.0
50
360.0
0
TEXT
5
66
330
1C
100
AcDbEntity
67
0
8
8 - ценная историческая застройка конец ХIX - начало ХХ века
62
7
6
ByLayer
370
-1
48
1.0
60
0
100
AcDbText
1
22
10
1394523.91224435
20
358818.993422302
30
0.0
40
0.31111111111
41
1.0
50
0.0
51
0.0
7
Standard
11
1394523.91224435
21
358818.993422302
31
0.0
210
0.0
220
0.0
230
1.0
71
0
72
0
100
AcDbText
73
0
0
POINT
5
67
330
1C
100
AcDbEntity
67
0
8
8 - ценная историческая застройка конец ХIX - начало ХХ века
62
256
6
ByLayer
370
-1
48
1.0
60
0
100
AcDbPoint
10
1394213.56377925
20
359317.389341195
30
0.0
39
0.0
210
0.0
220
0.0
230
1.0
50
360.0
0
TEXT
5
68
330
1C
100
AcDbEntity
67
0
8
8 - ценная историческая застройка конец ХIX - начало ХХ века
62
7
6
ByLayer
370
-1
48
1.0
60
0
100
AcDbText
1
23
10
1394213.69290947
20
359317.663778879
30
0.0
40
0.31111111111
41
1.0
50
0.0
51
0.0
7
Standard
11
1394213.69290947
21
359317.663778879
31
0.0
210
0.0
220
0.0
230
1.0
71
0
72
0
100
AcDbText
73
0
0
POINT
5
69
330
1C
100
AcDbEntity
67
0
8
8 - ценная историческая застройка конец ХIX - начало ХХ века
62
256
6
ByLayer
370
-1
48
1.0
60
0
100
AcDbPoint
10
1394223.02009393
20
359306.084820346
30
0.0
39
0.0
210
0.0
220
0.0
230
1.0
50
360.0
0
TEXT
5
6A
330
1C
100
AcDbEntity
67
0
8
8 - ценная историческая застройка конец ХIX - начало ХХ века
62
7
6
ByLayer
370
-1
48
1.0
60
0
100
AcDbText
1
24
10
1394223.14922418
20
359306.359258048
30
0.0
40
0.31111111111
41
1.0
50
0.0
51
0.0
7
Standard
11
1394223.14922418
21
359306.359258048
31
0.0
210
0.0
220
0.0
230
1.0
71
0
72
0
100
AcDbText
73
0
0
POINT
5
6B
330
1C
100
AcDbEntity
67
0
8
8 - ценная историческая застройка конец ХIX - начало ХХ века
62
256
6
ByLayer
370
-1
48
1.0
60
0
100
AcDbPoint
10
1394243.12534356
20
359322.5003711
30
0.0
39
0.0
210
0.0
220
0.0
230
1.0
50
360.0
0
TEXT
5
6C
330
1C
100
AcDbEntity
67
0
8
8 - ценная историческая застройка конец ХIX - начало ХХ века
62
7
6
ByLayer
370
-1
48
1.0
60
0
100
AcDbText
1
25
10
1394243.25447378
20
359322.774808837
30
0.0
40
0.31111111111
41
1.0
50
0.0
51
0.0
7
Standard
11
1394243.25447378
21
359322.774808837
31
0.0
210
0.0
220
0.0
230
1.0
71
0
72
0
100
AcDbText
73
0
0
POINT
5
6D
330
1C
100
AcDbEntity
67
0
8
8 - ценная историческая застройка конец ХIX - начало ХХ века
62
256
6
ByLayer
370
-1
48
1.0
60
0
100
AcDbPoint
10
1394352.98768075
20
359210.749911356
30
0.0
39
0.0
210
0.0
220
0.0
230
1.0
50
360.0
0
TEXT
5
6E
330
1C
100
AcDbEntity
67
0
8
8 - ценная историческая застройка конец ХIX - начало ХХ века
62
7
6
ByLayer
370
-1
48
1.0
60
0
100
AcDbText
1
26
10
1394353.11681116
20
359211.024349296
30
0.0
40
0.31111111111
41
1.0
50
0.0
51
0.0
7
Standard
11
1394353.11681116
21
359211.024349296
31
0.0
210
0.0
220
0.0
230
1.0
71
0
72
0
100
AcDbText
73
0
0
POINT
5
6F
330
1C
100
AcDbEntity
67
0
8
8 - ценная историческая застройка конец ХIX - начало ХХ века
62
256
6
ByLayer
370
-1
48
1.0
60
0
100
AcDbPoint
10
1394371.51382886
20
359205.995026103
30
0.0
39
0.0
210
0.0
220
0.0
230
1.0
50
360.0
0
TEXT
5
70
330
1C
100
AcDbEntity
67
0
8
8 - ценная историческая застройка конец ХIX - начало ХХ века
62
7
6
ByLayer
370
-1
48
1.0
60
0
100
AcDbText
1
27
10
1394371.64295928
20
359206.269464077
30
0.0
40
0.31111111111
41
1.0
50
0.0
51
0.0
7
Standard
11
1394371.64295928
21
359206.269464077
31
0.0
210
0.0
220
0.0
230
1.0
71
0
72
0
100
AcDbText
73
0
0
POINT
5
71
330
1C
100
AcDbEntity
67
0
8
8 - ценная историческая застройка конец ХIX - начало ХХ века
62
256
6
ByLayer
370
-1
48
1.0
60
0
100
AcDbPoint
10
1395578.90020162
20
361028.644253463
30
0.0
39
0.0
210
0.0
220
0.0
230
1.0
50
360.0
0
TEXT
5
72
330
1C
100
AcDbEntity
67
0
8
8 - ценная историческая застройка конец ХIX - начало ХХ века
62
7
6
ByLayer
370
-1
48
1.0
60
0
100
AcDbText
1
28
10
1395579.02932869
20
361028.918693593
30
0.0
40
0.31111111111
41
1.0
50
0.0
51
0.0
7
Standard
11
1395579.02932869
21
361028.918693593
31
0.0
210
0.0
220
0.0
230
1.0
71
0
72
0
100
AcDbText
73
0
0
POINT
5
73
330
1C
100
AcDbEntity
67
0
8
8 - ценная историческая застройка конец ХIX - начало ХХ века
62
256
6
ByLayer
370
-1
48
1.0
60
0
100
AcDbPoint
10
1395570.05175598
20
361014.309233945
30
0.0
39
0.0
210
0.0
220
0.0
230
1.0
50
360.0
0
TEXT
5
74
330
1C
100
AcDbEntity
67
0
8
8 - ценная историческая застройка конец ХIX - начало ХХ века
62
7
6
ByLayer
370
-1
48
1.0
60
0
100
AcDbText
1
29
10
1395570.18088308
20
361014.583674059
30
0.0
40
0.31111111111
41
1.0
50
0.0
51
0.0
7
Standard
11
1395570.18088308
21
361014.583674059
31
0.0
210
0.0
220
0.0
230
1.0
71
0
72
0
100
AcDbText
73
0
0
POINT
5
75
330
1C
100
AcDbEntity
67
0
8
8 - ценная историческая застройка конец ХIX - начало ХХ века
62
256
6
ByLayer
370
-1
48
1.0
60
0
100
AcDbPoint
10
1395566.4011656
20
361008.365464024
30
0.0
39
0.0
210
0.0
220
0.0
230
1.0
50
360.0
0
TEXT
5
76
330
1C
100
AcDbEntity
67
0
8
8 - ценная историческая застройка конец ХIX - начало ХХ века
62
7
6
ByLayer
370
-1
48
1.0
60
0
100
AcDbText
1
30
10
1395566.53029271
20
361008.639904132
30
0.0
40
0.31111111111
41
1.0
50
0.0
51
0.0
7
Standard
11
1395566.53029271
21
361008.639904132
31
0.0
210
0.0
220
0.0
230
1.0
71
0
72
0
100
AcDbText
73
0
0
POINT
5
77
330
1C
100
AcDbEntity
67
0
8
8 - ценная историческая застройка конец ХIX - начало ХХ века
62
256
6
ByLayer
370
-1
48
1.0
60
0
100
AcDbPoint
10
1395554.80161854
20
360989.051638243
30
0.0
39
0.0
210
0.0
220
0.0
230
1.0
50
360.0
0
TEXT
5
78
330
1C
100
AcDbEntity
67
0
8
8 - ценная историческая застройка конец ХIX - начало ХХ века
62
7
6
ByLayer
370
-1
48
1.0
60
0
100
AcDbText
1
31
10
1395554.93074569
20
360989.326078329
30
0.0
40
0.31111111111
41
1.0
50
0.0
51
0.0
7
Standard
11
1395554.93074569
21
360989.326078329
31
0.0
210
0.0
220
0.0
230
1.0
71
0
72
0
100
AcDbText
73
0
0
POINT
5
79
330
1C
100
AcDbEntity
67
0
8
8 - ценная историческая застройка конец ХIX - начало ХХ века
62
256
6
ByLayer
370
-1
48
1.0
60
0
100
AcDbPoint
10
1395543.29289795
20
360969.004085142
30
0.0
39
0.0
210
0.0
220
0.0
230
1.0
50
360.0
0
TEXT
5
7A
330
1C
100
AcDbEntity
67
0
8
8 - ценная историческая застройка конец ХIX - начало ХХ века
62
7
6
ByLayer
370
-1
48
1.0
60
0
100
AcDbText
1
32
10
1395543.42202513
20
360969.278525209
30
0.0
40
0.31111111111
41
1.0
50
0.0
51
0.0
7
Standard
11
1395543.42202513
21
360969.278525209
31
0.0
210
0.0
220
0.0
230
1.0
71
0
72
0
100
AcDbText
73
0
0
POINT
5
7B
330
1C
100
AcDbEntity
67
0
8
8 - ценная историческая застройка конец ХIX - начало ХХ века
62
256
6
ByLayer
370
-1
48
1.0
60
0
100
AcDbPoint
10
1395534.56834488
20
360953.592893539
30
0.0
39
0.0
210
0.0
220
0.0
230
1.0
50
360.0
0
TEXT
5
7C
330
1C
100
AcDbEntity
67
0
8
8 - ценная историческая застройка конец ХIX - начало ХХ века
62
7
6
ByLayer
370
-1
48
1.0
60
0
100
AcDbText
1
33
10
1395534.69747208
20
360953.867333589
30
0.0
40
0.31111111111
41
1.0
50
0.0
51
0.0
7
Standard
11
1395534.69747208
21
360953.867333589
31
0.0
210
0.0
220
0.0
230
1.0
71
0
72
0
100
AcDbText
73
0
0
POINT
5
7D
330
1C
100
AcDbEntity
67
0
8
8 - ценная историческая застройка конец ХIX - начало ХХ века
62
256
6
ByLayer
370
-1
48
1.0
60
0
100
AcDbPoint
10
1395527.32645946
20
360940.838514254
30
0.0
39
0.0
210
0.0
220
0.0
230
1.0
50
360.0
0
TEXT
5
7E
330
1C
100
AcDbEntity
67
0
8
8 - ценная историческая застройка конец ХIX - начало ХХ века
62
7
6
ByLayer
370
-1
48
1.0
60
0
100
AcDbText
1
34
10
1395527.45558669
20
360941.112954288
30
0.0
40
0.31111111111
41
1.0
50
0.0
51
0.0
7
Standard
11
1395527.45558669
21
360941.112954288
31
0.0
210
0.0
220
0.0
230
1.0
71
0
72
0
100
AcDbText
73
0
0
POINT
5
7F
330
1C
100
AcDbEntity
67
0
8
8 - ценная историческая застройка конец ХIX - начало ХХ века
62
256
6
ByLayer
370
-1
48
1.0
60
0
100
AcDbPoint
10
1395519.06072661
20
360926.605750366
30
0.0
39
0.0
210
0.0
220
0.0
230
1.0
50
360.0
0
TEXT
5
80
330
1C
100
AcDbEntity
67
0
8
8 - ценная историческая застройка конец ХIX - начало ХХ века
62
7
6
ByLayer
370
-1
48
1.0
60
0
100
AcDbText
1
35
10
1395519.18985386
20
360926.880190388
30
0.0
40
0.31111111111
41
1.0
50
0.0
51
0.0
7
Standard
11
1395519.18985386
21
360926.880190388
31
0.0
210
0.0
220
0.0
230
1.0
71
0
72
0
100
AcDbText
73
0
0
POINT
5
81
330
1C
100
AcDbEntity
67
0
8
8 - ценная историческая застройка конец ХIX - начало ХХ века
62
256
6
ByLayer
370
-1
48
1.0
60
0
100
AcDbPoint
10
1395508.44430111
20
360909.876956963
30
0.0
39
0.0
210
0.0
220
0.0
230
1.0
50
360.0
0
TEXT
5
82
330
1C
100
AcDbEntity
67
0
8
8 - ценная историческая застройка конец ХIX - начало ХХ века
62
7
6
ByLayer
370
-1
48
1.0
60
0
100
AcDbText
1
36
10
1395508.57342839
20
360910.151396969
30
0.0
40
0.31111111111
41
1.0
50
0.0
51
0.0
7
Standard
11
1395508.57342839
21
360910.151396969
31
0.0
210
0.0
220
0.0
230
1.0
71
0
72
0
100
AcDbText
73
0
0
POINT
5
83
330
1C
100
AcDbEntity
67
0
8
8 - ценная историческая застройка конец ХIX - начало ХХ века
62
256
6
ByLayer
370
-1
48
1.0
60
0
100
AcDbPoint
10
1395496.54847141
20
360890.287050278
30
0.0
39
0.0
210
0.0
220
0.0
230
1.0
50
360.0
0
TEXT
5
84
330
1C
100
AcDbEntity
67
0
8
8 - ценная историческая застройка конец ХIX - начало ХХ века
62
7
6
ByLayer
370
-1
48
1.0
60
0
100
AcDbText
1
37
10
1395496.67759873
20
360890.561490258
30
0.0
40
0.31111111111
41
1.0
50
0.0
51
0.0
7
Standard
11
1395496.67759873
21
360890.561490258
31
0.0
210
0.0
220
0.0
230
1.0
71
0
72
0
100
AcDbText
73
0
0
POINT
5
85
330
1C
100
AcDbEntity
67
0
8
8 - ценная историческая застройка конец ХIX - начало ХХ века
62
256
6
ByLayer
370
-1
48
1.0
60
0
100
AcDbPoint
10
1395485.84641629
20
360872.198054953
30
0.0
39
0.0
210
0.0
220
0.0
230
1.0
50
360.0
0
TEXT
5
86
330
1C
100
AcDbEntity
67
0
8
8 - ценная историческая застройка конец ХIX - начало ХХ века
62
7
6
ByLayer
370
-1
48
1.0
60
0
100
AcDbText
1
38
10
1395485.97554364
20
360872.472494916
30
0.0
40
0.31111111111
41
1.0
50
0.0
51
0.0
7
Standard
11
1395485.97554364
21
360872.472494916
31
0.0
210
0.0
220
0.0
230
1.0
71
0
72
0
100
AcDbText
73
0
0
POINT
5
87
330
1C
100
AcDbEntity
67
0
8
8 - ценная историческая застройка конец ХIX - начало ХХ века
62
256
6
ByLayer
370
-1
48
1.0
60
0
100
AcDbPoint
10
1395475.57503632
20
360854.772437516
30
0.0
39
0.0
210
0.0
220
0.0
230
1.0
50
360.0
0
TEXT
5
88
330
1C
100
AcDbEntity
67
0
8
8 - ценная историческая застройка конец ХIX - начало ХХ века
62
7
6
ByLayer
370
-1
48
1.0
60
0
100
AcDbText
1
39
10
1395475.70416371
20
360855.046877458
30
0.0
40
0.31111111111
41
1.0
50
0.0
51
0.0
7
Standard
11
1395475.70416371
21
360855.046877458
31
0.0
210
0.0
220
0.0
230
1.0
71
0
72
0
100
AcDbText
73
0
0
POINT
5
89
330
1C
100
AcDbEntity
67
0
8
8 - ценная историческая застройка конец ХIX - начало ХХ века
62
256
6
ByLayer
370
-1
48
1.0
60
0
100
AcDbPoint
10
1395465.15111813
20
360836.988383652
30
0.0
39
0.0
210
0.0
220
0.0
230
1.0
50
360.0
0
TEXT
5
8A
330
1C
100
AcDbEntity
67
0
8
8 - ценная историческая застройка конец ХIX - начало ХХ века
62
7
6
ByLayer
370
-1
48
1.0
60
0
100
AcDbText
1
40
10
1395465.28024555
20
360837.262823577
30
0.0
40
0.31111111111
41
1.0
50
0.0
51
0.0
7
Standard
11
1395465.28024555
21
360837.262823577
31
0.0
210
0.0
220
0.0
230
1.0
71
0
72
0
100
AcDbText
73
0
0
POINT
5
8B
330
1C
100
AcDbEntity
67
0
8
8 - ценная историческая застройка конец ХIX - начало ХХ века
62
256
6
ByLayer
370
-1
48
1.0
60
0
100
AcDbPoint
10
1395453.16323497
20
360816.840946944
30
0.0
39
0.0
210
0.0
220
0.0
230
1.0
50
360.0
0
TEXT
5
8C
330
1C
100
AcDbEntity
67
0
8
8 - ценная историческая застройка конец ХIX - начало ХХ века
62
7
6
ByLayer
370
-1
48
1.0
60
0
100
AcDbText
1
41
10
1395453.29236243
20
360817.115386848
30
0.0
40
0.31111111111
41
1.0
50
0.0
51
0.0
7
Standard
11
1395453.29236243
21
360817.115386848
31
0.0
210
0.0
220
0.0
230
1.0
71
0
72
0
100
AcDbText
73
0
0
POINT
5
8D
330
1C
100
AcDbEntity
67
0
8
8 - ценная историческая застройка конец ХIX - начало ХХ века
62
256
6
ByLayer
370
-1
48
1.0
60
0
100
AcDbPoint
10
1395443.38929767
20
360802.01721443
30
0.0
39
0.0
210
0.0
220
0.0
230
1.0
50
360.0
0
TEXT
5
8E
330
1C
100
AcDbEntity
67
0
8
8 - ценная историческая застройка конец ХIX - начало ХХ века
62
7
6
ByLayer
370
-1
48
1.0
60
0
100
AcDbText
1
42
10
1395443.51842516
20
360802.291654318
30
0.0
40
0.31111111111
41
1.0
50
0.0
51
0.0
7
Standard
11
1395443.51842516
21
360802.291654318
31
0.0
210
0.0
220
0.0
230
1.0
71
0
72
0
100
AcDbText
73
0
0
POINT
5
8F
330
1C
100
AcDbEntity
67
0
8
8 - ценная историческая застройка конец ХIX - начало ХХ века
62
256
6
ByLayer
370
-1
48
1.0
60
0
100
AcDbPoint
10
1395427.79034719
20
360791.394495436
30
0.0
39
0.0
210
0.0
220
0.0
230
1.0
50
360.0
0
TEXT
5
90
330
1C
100
AcDbEntity
67
0
8
8 - ценная историческая застройка конец ХIX - начало ХХ века
62
7
6
ByLayer
370
-1
48
1.0
60
0
100
AcDbText
1
43
10
1395427.91947469
20
360791.668935295
30
0.0
40
0.31111111111
41
1.0
50
0.0
51
0.0
7
Standard
11
1395427.91947469
21
360791.668935295
31
0.0
210
0.0
220
0.0
230
1.0
71
0
72
0
100
AcDbText
73
0
0
POINT
5
91
330
1C
100
AcDbEntity
67
0
8
8 - ценная историческая застройка конец ХIX - начало ХХ века
62
256
6
ByLayer
370
-1
48
1.0
60
0
100
AcDbPoint
10
1395417.41756092
20
360786.033592916
30
0.0
39
0.0
210
0.0
220
0.0
230
1.0
50
360.0
0
TEXT
5
92
330
1C
100
AcDbEntity
67
0
8
8 - ценная историческая застройка конец ХIX - начало ХХ века
62
7
6
ByLayer
370
-1
48
1.0
60
0
100
AcDbText
1
44
10
1395417.54668843
20
360786.308032756
30
0.0
40
0.31111111111
41
1.0
50
0.0
51
0.0
7
Standard
11
1395417.54668843
21
360786.308032756
31
0.0
210
0.0
220
0.0
230
1.0
71
0
72
0
100
AcDbText
73
0
0
POINT
5
93
330
1C
100
AcDbEntity
67
0
8
8 - ценная историческая застройка конец ХIX - начало ХХ века
62
256
6
ByLayer
370
-1
48
1.0
60
0
100
AcDbPoint
10
1395403.47960348
20
360780.275811013
30
0.0
39
0.0
210
0.0
220
0.0
230
1.0
50
360.0
0
TEXT
5
94
330
1C
100
AcDbEntity
67
0
8
8 - ценная историческая застройка конец ХIX - начало ХХ века
62
7
6
ByLayer
370
-1
48
1.0
60
0
100
AcDbText
1
45
10
1395403.60873101
20
360780.550250828
30
0.0
40
0.31111111111
41
1.0
50
0.0
51
0.0
7
Standard
11
1395403.60873101
21
360780.550250828
31
0.0
210
0.0
220
0.0
230
1.0
71
0
72
0
100
AcDbText
73
0
0
POINT
5
95
330
1C
100
AcDbEntity
67
0
8
8 - ценная историческая застройка конец ХIX - начало ХХ века
62
256
6
ByLayer
370
-1
48
1.0
60
0
100
AcDbPoint
10
1395302.77058649
20
360688.81154883
30
0.0
39
0.0
210
0.0
220
0.0
230
1.0
50
360.0
0
TEXT
5
96
330
1C
100
AcDbEntity
67
0
8
8 - ценная историческая застройка конец ХIX - начало ХХ века
62
7
6
ByLayer
370
-1
48
1.0
60
0
100
AcDbText
1
46
10
1395302.89971418
20
360689.085988462
30
0.0
40
0.31111111111
41
1.0
50
0.0
51
0.0
7
Standard
11
1395302.89971418
21
360689.085988462
31
0.0
210
0.0
220
0.0
230
1.0
71
0
72
0
100
AcDbText
73
0
0
POINT
5
97
330
1C
100
AcDbEntity
67
0
8
8 - ценная историческая застройка конец ХIX - начало ХХ века
62
256
6
ByLayer
370
-1
48
1.0
60
0
100
AcDbPoint
10
1395312.36179158
20
360725.135613673
30
0.0
39
0.0
210
0.0
220
0.0
230
1.0
50
360.0
0
TEXT
5
98
330
1C
100
AcDbEntity
67
0
8
8 - ценная историческая застройка конец ХIX - начало ХХ века
62
7
6
ByLayer
370
-1
48
1.0
60
0
100
AcDbText
1
47
10
1395312.49091921
20
360725.410053323
30
0.0
40
0.31111111111
41
1.0
50
0.0
51
0.0
7
Standard
11
1395312.49091921
21
360725.410053323
31
0.0
210
0.0
220
0.0
230
1.0
71
0
72
0
100
AcDbText
73
0
0
POINT
5
99
330
1C
100
AcDbEntity
67
0
8
8 - ценная историческая застройка конец ХIX - начало ХХ века
62
256
6
ByLayer
370
-1
48
1.0
60
0
100
AcDbPoint
10
1395314.59016332
20
360732.037545877
30
0.0
39
0.0
210
0.0
220
0.0
230
1.0
50
360.0
0
TEXT
5
9A
330
1C
100
AcDbEntity
67
0
8
8 - ценная историческая застройка конец ХIX - начало ХХ века
62
7
6
ByLayer
370
-1
48
1.0
60
0
100
AcDbText
1
48
10
1395314.71929094
20
360732.311985533
30
0.0
40
0.31111111111
41
1.0
50
0.0
51
0.0
7
Standard
11
1395314.71929094
21
360732.311985533
31
0.0
210
0.0
220
0.0
230
1.0
71
0
72
0
100
AcDbText
73
0
0
POINT
5
9B
330
1C
100
AcDbEntity
67
0
8
8 - ценная историческая застройка конец ХIX - начало ХХ века
62
256
6
ByLayer
370
-1
48
1.0
60
0
100
AcDbPoint
10
1395316.55518895
20
360736.489356028
30
0.0
39
0.0
210
0.0
220
0.0
230
1.0
50
360.0
0
TEXT
5
9C
330
1C
100
AcDbEntity
67
0
8
8 - ценная историческая застройка конец ХIX - начало ХХ века
62
7
6
ByLayer
370
-1
48
1.0
60
0
100
AcDbText
1
49
10
1395316.68431656
20
360736.763795683
30
0.0
40
0.31111111111
41
1.0
50
0.0
51
0.0
7
Standard
11
1395316.68431656
21
360736.763795683
31
0.0
210
0.0
220
0.0
230
1.0
71
0
72
0
100
AcDbText
73
0
0
POINT
5
9D
330
1C
100
AcDbEntity
67
0
8
8 - ценная историческая застройка конец ХIX - начало ХХ века
62
256
6
ByLayer
370
-1
48
1.0
60
0
100
AcDbPoint
10
1395317.0232471
20
360737.491915382
30
0.0
39
0.0
210
0.0
220
0.0
230
1.0
50
360.0
0
TEXT
5
9E
330
1C
100
AcDbEntity
67
0
8
8 - ценная историческая застройка конец ХIX - начало ХХ века
62
7
6
ByLayer
370
-1
48
1.0
60
0
100
AcDbText
1
50
10
1395317.1523747
20
360737.766355039
30
0.0
40
0.31111111111
41
1.0
50
0.0
51
0.0
7
Standard
11
1395317.1523747
21
360737.766355039
31
0.0
210
0.0
220
0.0
230
1.0
71
0
72
0
100
AcDbText
73
0
0
POINT
5
9F
330
1C
100
AcDbEntity
67
0
8
8 - ценная историческая застройка конец ХIX - начало ХХ века
62
256
6
ByLayer
370
-1
48
1.0
60
0
100
AcDbPoint
10
1396109.27983737
20
359655.244385498
30
0.0
39
0.0
210
0.0
220
0.0
230
1.0
50
360.0
0
TEXT
5
A0
330
1C
100
AcDbEntity
67
0
8
8 - ценная историческая застройка конец ХIX - начало ХХ века
62
7
6
ByLayer
370
-1
48
1.0
60
0
100
AcDbText
1
51
10
1396109.40896694
20
359655.51882663
30
0.0
40
0.31111111111
41
1.0
50
0.0
51
0.0
7
Standard
11
1396109.40896694
21
359655.51882663
31
0.0
210
0.0
220
0.0
230
1.0
71
0
72
0
100
AcDbText
73
0
0
POINT
5
A1
330
1C
100
AcDbEntity
67
0
8
8 - ценная историческая застройка конец ХIX - начало ХХ века
62
256
6
ByLayer
370
-1
48
1.0
60
0
100
AcDbPoint
10
1396110.02366625
20
359653.246415971
30
0.0
39
0.0
210
0.0
220
0.0
230
1.0
50
360.0
0
TEXT
5
A2
330
1C
100
AcDbEntity
67
0
8
8 - ценная историческая застройка конец ХIX - начало ХХ века
62
7
6
ByLayer
370
-1
48
1.0
60
0
100
AcDbText
1
52
10
1396110.15279581
20
359653.520857102
30
0.0
40
0.31111111111
41
1.0
50
0.0
51
0.0
7
Standard
11
1396110.15279581
21
359653.520857102
31
0.0
210
0.0
220
0.0
230
1.0
71
0
72
0
100
AcDbText
73
0
0
POINT
5
A3
330
1C
100
AcDbEntity
67
0
8
8 - ценная историческая застройка конец ХIX - начало ХХ века
62
256
6
ByLayer
370
-1
48
1.0
60
0
100
AcDbPoint
10
1396096.2175156
20
359648.106491129
30
0.0
39
0.0
210
0.0
220
0.0
230
1.0
50
360.0
0
TEXT
5
A4
330
1C
100
AcDbEntity
67
0
8
8 - ценная историческая застройка конец ХIX - начало ХХ века
62
7
6
ByLayer
370
-1
48
1.0
60
0
100
AcDbText
1
53
10
1396096.34664517
20
359648.380932238
30
0.0
40
0.31111111111
41
1.0
50
0.0
51
0.0
7
Standard
11
1396096.34664517
21
359648.380932238
31
0.0
210
0.0
220
0.0
230
1.0
71
0
72
0
100
AcDbText
73
0
0
POINT
5
A5
330
1C
100
AcDbEntity
67
0
8
8 - ценная историческая застройка конец ХIX - начало ХХ века
62
256
6
ByLayer
370
-1
48
1.0
60
0
100
AcDbPoint
10
1396068.78141904
20
359638.956321395
30
0.0
39
0.0
210
0.0
220
0.0
230
1.0
50
360.0
0
TEXT
5
A6
330
1C
100
AcDbEntity
67
0
8
8 - ценная историческая застройка конец ХIX - начало ХХ века
62
7
6
ByLayer
370
-1
48
1.0
60
0
100
AcDbText
1
54
10
1396068.91054863
20
359639.230762449
30
0.0
40
0.31111111111
41
1.0
50
0.0
51
0.0
7
Standard
11
1396068.91054863
21
359639.230762449
31
0.0
210
0.0
220
0.0
230
1.0
71
0
72
0
100
AcDbText
73
0
0
POINT
5
A7
330
1C
100
AcDbEntity
67
0
8
8 - ценная историческая застройка конец ХIX - начало ХХ века
62
256
6
ByLayer
370
-1
48
1.0
60
0
100
AcDbPoint
10
1396105.64530378
20
359664.627153622
30
0.0
39
0.0
210
0.0
220
0.0
230
1.0
50
360.0
0
TEXT
5
A8
330
1C
100
AcDbEntity
67
0
8
8 - ценная историческая застройка конец ХIX - начало ХХ века
62
7
6
ByLayer
370
-1
48
1.0
60
0
100
AcDbText
1
55
10
1396105.77443332
20
359664.901594746
30
0.0
40
0.31111111111
41
1.0
50
0.0
51
0.0
7
Standard
11
1396105.77443332
21
359664.901594746
31
0.0
210
0.0
220
0.0
230
1.0
71
0
72
0
100
AcDbText
73
0
0
POINT
5
A9
330
1C
100
AcDbEntity
67
0
8
8 - ценная историческая застройка конец ХIX - начало ХХ века
62
256
6
ByLayer
370
-1
48
1.0
60
0
100
AcDbPoint
10
1396108.38303757
20
359657.642265511
30
0.0
39
0.0
210
0.0
220
0.0
230
1.0
50
360.0
0
TEXT
5
AA
330
1C
100
AcDbEntity
67
0
8
8 - ценная историческая застройка конец ХIX - начало ХХ века
62
7
6
ByLayer
370
-1
48
1.0
60
0
100
AcDbText
1
56
10
1396108.51216713
20
359657.916706641
30
0.0
40
0.31111111111
41
1.0
50
0.0
51
0.0
7
Standard
11
1396108.51216713
21
359657.916706641
31
0.0
210
0.0
220
0.0
230
1.0
71
0
72
0
100
AcDbText
73
0
0
POINT
5
AB
330
1C
100
AcDbEntity
67
0
8
8 - ценная историческая застройка конец ХIX - начало ХХ века
62
256
6
ByLayer
370
-1
48
1.0
60
0
100
AcDbPoint
10
1396094.57688703
20
359652.502340536
30
0.0
39
0.0
210
0.0
220
0.0
230
1.0
50
360.0
0
TEXT
5
AC
330
1C
100
AcDbEntity
67
0
8
8 - ценная историческая застройка конец ХIX - начало ХХ века
62
7
6
ByLayer
370
-1
48
1.0
60
0
100
AcDbText
1
57
10
1396094.7060166
20
359652.776781639
30
0.0
40
0.31111111111
41
1.0
50
0.0
51
0.0
7
Standard
11
1396094.7060166
21
359652.776781639
31
0.0
210
0.0
220
0.0
230
1.0
71
0
72
0
100
AcDbText
73
0
0
POINT
5
AD
330
1C
100
AcDbEntity
67
0
8
8 - ценная историческая застройка конец ХIX - начало ХХ века
62
256
6
ByLayer
370
-1
48
1.0
60
0
100
AcDbPoint
10
1396081.34085623
20
359648.305717541
30
0.0
39
0.0
210
0.0
220
0.0
230
1.0
50
360.0
0
TEXT
5
AE
330
1C
100
AcDbEntity
67
0
8
8 - ценная историческая застройка конец ХIX - начало ХХ века
62
7
6
ByLayer
370
-1
48
1.0
60
0
100
AcDbText
1
58
10
1396081.46998581
20
359648.580158622
30
0.0
40
0.31111111111
41
1.0
50
0.0
51
0.0
7
Standard
11
1396081.46998581
21
359648.580158622
31
0.0
210
0.0
220
0.0
230
1.0
71
0
72
0
100
AcDbText
73
0
0
POINT
5
AF
330
1C
100
AcDbEntity
67
0
8
8 - ценная историческая застройка конец ХIX - начало ХХ века
62
256
6
ByLayer
370
-1
48
1.0
60
0
100
AcDbPoint
10
1399265.86633442
20
360200.405608114
30
0.0
39
0.0
210
0.0
220
0.0
230
1.0
50
360.0
0
TEXT
5
B0
330
1C
100
AcDbEntity
67
0
8
8 - ценная историческая застройка конец ХIX - начало ХХ века
62
7
6
ByLayer
370
-1
48
1.0
60
0
100
AcDbText
1
59
10
1399265.9954629
20
360200.680054987
30
0.0
40
0.31111111111
41
1.0
50
0.0
51
0.0
7
Standard
11
1399265.9954629
21
360200.680054987
31
0.0
210
0.0
220
0.0
230
1.0
71
0
72
0
100
AcDbText
73
0
0
POINT
5
B1
330
1C
100
AcDbEntity
67
0
8
8 - ценная историческая застройка конец ХIX - начало ХХ века
62
256
6
ByLayer
370
-1
48
1.0
60
0
100
AcDbPoint
10
1399265.97881144
20
360200.683763897
30
0.0
39
0.0
210
0.0
220
0.0
230
1.0
50
360.0
0
TEXT
5
B2
330
1C
100
AcDbEntity
67
0
8
8 - ценная историческая застройка конец ХIX - начало ХХ века
62
7
6
ByLayer
370
-1
48
1.0
60
0
100
AcDbText
1
60
10
1399266.10793992
20
360200.958210767
30
0.0
40
0.31111111111
41
1.0
50
0.0
51
0.0
7
Standard
11
1399266.10793992
21
360200.958210767
31
0.0
210
0.0
220
0.0
230
1.0
71
0
72
0
100
AcDbText
73
0
0
POINT
5
B3
330
1C
100
AcDbEntity
67
0
8
8 - ценная историческая застройка конец ХIX - начало ХХ века
62
256
6
ByLayer
370
-1
48
1.0
60
0
100
AcDbPoint
10
1399316.5054128
20
360180.247180081
30
0.0
39
0.0
210
0.0
220
0.0
230
1.0
50
360.0
0
TEXT
5
B4
330
1C
100
AcDbEntity
67
0
8
8 - ценная историческая застройка конец ХIX - начало ХХ века
62
7
6
ByLayer
370
-1
48
1.0
60
0
100
AcDbText
1
61
10
1399316.63454132
20
360180.521627047
30
0.0
40
0.31111111111
41
1.0
50
0.0
51
0.0
7
Standard
11
1399316.63454132
21
360180.521627047
31
0.0
210
0.0
220
0.0
230
1.0
71
0
72
0
100
AcDbText
73
0
0
POINT
5
B5
330
1C
100
AcDbEntity
67
0
8
8 - ценная историческая застройка конец ХIX - начало ХХ века
62
256
6
ByLayer
370
-1
48
1.0
60
0
100
AcDbPoint
10
1399316.37208619
20
360179.982745981
30
0.0
39
0.0
210
0.0
220
0.0
230
1.0
50
360.0
0
TEXT
5
B6
330
1C
100
AcDbEntity
67
0
8
8 - ценная историческая застройка конец ХIX - начало ХХ века
62
7
6
ByLayer
370
-1
48
1.0
60
0
100
AcDbText
1
62
10
1399316.50121471
20
360180.257192945
30
0.0
40
0.31111111111
41
1.0
50
0.0
51
0.0
7
Standard
11
1399316.50121471
21
360180.257192945
31
0.0
210
0.0
220
0.0
230
1.0
71
0
72
0
100
AcDbText
73
0
0
POINT
5
B7
330
1C
100
AcDbEntity
67
0
8
8 - ценная историческая застройка конец ХIX - начало ХХ века
62
256
6
ByLayer
370
-1
48
1.0
60
0
100
AcDbPoint
10
1399893.82481662
20
360507.720409181
30
0.0
39
0.0
210
0.0
220
0.0
230
1.0
50
360.0
0
TEXT
5
B8
330
1C
100
AcDbEntity
67
0
8
8 - ценная историческая застройка конец ХIX - начало ХХ века
62
7
6
ByLayer
370
-1
48
1.0
60
0
100
AcDbText
1
63
10
1399893.95394452
20
360507.994857189
30
0.0
40
0.31111111111
41
1.0
50
0.0
51
0.0
7
Standard
11
1399893.95394452
21
360507.994857189
31
0.0
210
0.0
220
0.0
230
1.0
71
0
72
0
100
AcDbText
73
0
0
POINT
5
B9
330
1C
100
AcDbEntity
67
0
8
8 - ценная историческая застройка конец ХIX - начало ХХ века
62
256
6
ByLayer
370
-1
48
1.0
60
0
100
AcDbPoint
10
1399893.01649777
20
360505.779728913
30
0.0
39
0.0
210
0.0
220
0.0
230
1.0
50
360.0
0
TEXT
5
BA
330
1C
100
AcDbEntity
67
0
8
8 - ценная историческая застройка конец ХIX - начало ХХ века
62
7
6
ByLayer
370
-1
48
1.0
60
0
100
AcDbText
1
64
10
1399893.14562567
20
360506.054176921
30
0.0
40
0.31111111111
41
1.0
50
0.0
51
0.0
7
Standard
11
1399893.14562567
21
360506.054176921
31
0.0
210
0.0
220
0.0
230
1.0
71
0
72
0
100
AcDbText
73
0
0
POINT
5
BB
330
1C
100
AcDbEntity
67
0
8
8 - ценная историческая застройка конец ХIX - начало ХХ века
62
256
6
ByLayer
370
-1
48
1.0
60
0
100
AcDbPoint
10
1399890.73595356
20
360500.261977467
30
0.0
39
0.0
210
0.0
220
0.0
230
1.0
50
360.0
0
TEXT
5
BC
330
1C
100
AcDbEntity
67
0
8
8 - ценная историческая застройка конец ХIX - начало ХХ века
62
7
6
ByLayer
370
-1
48
1.0
60
0
100
AcDbText
1
65
10
1399890.86508147
20
360500.536425467
30
0.0
40
0.31111111111
41
1.0
50
0.0
51
0.0
7
Standard
11
1399890.86508147
21
360500.536425467
31
0.0
210
0.0
220
0.0
230
1.0
71
0
72
0
100
AcDbText
73
0
0
POINT
5
BD
330
1C
100
AcDbEntity
67
0
8
8 - ценная историческая застройка конец ХIX - начало ХХ века
62
256
6
ByLayer
370
-1
48
1.0
60
0
100
AcDbPoint
10
1399886.3409855
20
360488.791150815
30
0.0
39
0.0
210
0.0
220
0.0
230
1.0
50
360.0
0
TEXT
5
BE
330
1C
100
AcDbEntity
67
0
8
8 - ценная историческая застройка конец ХIX - начало ХХ века
62
7
6
ByLayer
370
-1
48
1.0
60
0
100
AcDbText
1
66
10
1399886.47011344
20
360489.065598809
30
0.0
40
0.31111111111
41
1.0
50
0.0
51
0.0
7
Standard
11
1399886.47011344
21
360489.065598809
31
0.0
210
0.0
220
0.0
230
1.0
71
0
72
0
100
AcDbText
73
0
0
POINT
5
BF
330
1C
100
AcDbEntity
67
0
8
8 - ценная историческая застройка конец ХIX - начало ХХ века
62
256
6
ByLayer
370
-1
48
1.0
60
0
100
AcDbPoint
10
1399882.33392599
20
360479.741857228
30
0.0
39
0.0
210
0.0
220
0.0
230
1.0
50
360.0
0
TEXT
5
C0
330
1C
100
AcDbEntity
67
0
8
8 - ценная историческая застройка конец ХIX - начало ХХ века
62
7
6
ByLayer
370
-1
48
1.0
60
0
100
AcDbText
1
67
10
1399882.46305394
20
360480.016305221
30
0.0
40
0.31111111111
41
1.0
50
0.0
51
0.0
7
Standard
11
1399882.46305394
21
360480.016305221
31
0.0
210
0.0
220
0.0
230
1.0
71
0
72
0
100
AcDbText
73
0
0
POINT
5
C1
330
1C
100
AcDbEntity
67
0
8
8 - ценная историческая застройка конец ХIX - начало ХХ века
62
256
6
ByLayer
370
-1
48
1.0
60
0
100
AcDbPoint
10
1399875.55082377
20
360463.083178136
30
0.0
39
0.0
210
0.0
220
0.0
230
1.0
50
360.0
0
TEXT
5
C2
330
1C
100
AcDbEntity
67
0
8
8 - ценная историческая застройка конец ХIX - начало ХХ века
62
7
6
ByLayer
370
-1
48
1.0
60
0
100
AcDbText
1
68
10
1399875.67995176
20
360463.357626112
30
0.0
40
0.31111111111
41
1.0
50
0.0
51
0.0
7
Standard
11
1399875.67995176
21
360463.357626112
31
0.0
210
0.0
220
0.0
230
1.0
71
0
72
0
100
AcDbText
73
0
0
POINT
5
C3
330
1C
100
AcDbEntity
67
0
8
8 - ценная историческая застройка конец ХIX - начало ХХ века
62
256
6
ByLayer
370
-1
48
1.0
60
0
100
AcDbPoint
10
1399868.54823413
20
360444.803914767
30
0.0
39
0.0
210
0.0
220
0.0
230
1.0
50
360.0
0
TEXT
5
C4
330
1C
100
AcDbEntity
67
0
8
8 - ценная историческая застройка конец ХIX - начало ХХ века
62
7
6
ByLayer
370
-1
48
1.0
60
0
100
AcDbText
1
69
10
1399868.67736215
20
360445.078362733
30
0.0
40
0.31111111111
41
1.0
50
0.0
51
0.0
7
Standard
11
1399868.67736215
21
360445.078362733
31
0.0
210
0.0
220
0.0
230
1.0
71
0
72
0
100
AcDbText
73
0
0
POINT
5
C5
330
1C
100
AcDbEntity
67
0
8
8 - ценная историческая застройка конец ХIX - начало ХХ века
62
256
6
ByLayer
370
-1
48
1.0
60
0
100
AcDbPoint
10
1399867.02275104
20
360440.916076124
30
0.0
39
0.0
210
0.0
220
0.0
230
1.0
50
360.0
0
TEXT
5
C6
330
1C
100
AcDbEntity
67
0
8
8 - ценная историческая застройка конец ХIX - начало ХХ века
62
7
6
ByLayer
370
-1
48
1.0
60
0
100
AcDbText
1
70
10
1399867.15187907
20
360441.190524085
30
0.0
40
0.31111111111
41
1.0
50
0.0
51
0.0
7
Standard
11
1399867.15187907
21
360441.190524085
31
0.0
210
0.0
220
0.0
230
1.0
71
0
72
0
100
AcDbText
73
0
0
POINT
5
C7
330
1C
100
AcDbEntity
67
0
8
8 - ценная историческая застройка конец ХIX - начало ХХ века
62
256
6
ByLayer
370
-1
48
1.0
60
0
100
AcDbPoint
10
1399786.52340622
20
360246.982625424
30
0.0
39
0.0
210
0.0
220
0.0
230
1.0
50
360.0
0
TEXT
5
C8
330
1C
100
AcDbEntity
67
0
8
8 - ценная историческая застройка конец ХIX - начало ХХ века
62
7
6
ByLayer
370
-1
48
1.0
60
0
100
AcDbText
1
71
10
1399786.65253461
20
360247.257073243
30
0.0
40
0.31111111111
41
1.0
50
0.0
51
0.0
7
Standard
11
1399786.65253461
21
360247.257073243
31
0.0
210
0.0
220
0.0
230
1.0
71
0
72
0
100
AcDbText
73
0
0
POINT
5
C9
330
1C
100
AcDbEntity
67
0
8
8 - ценная историческая застройка конец ХIX - начало ХХ века
62
256
6
ByLayer
370
-1
48
1.0
60
0
100
AcDbPoint
10
1399783.56594885
20
360240.563285687
30
0.0
39
0.0
210
0.0
220
0.0
230
1.0
50
360.0
0
TEXT
5
CA
330
1C
100
AcDbEntity
67
0
8
8 - ценная историческая застройка конец ХIX - начало ХХ века
62
7
6
ByLayer
370
-1
48
1.0
60
0
100
AcDbText
1
72
10
1399783.69507725
20
360240.837733502
30
0.0
40
0.31111111111
41
1.0
50
0.0
51
0.0
7
Standard
11
1399783.69507725
21
360240.837733502
31
0.0
210
0.0
220
0.0
230
1.0
71
0
72
0
100
AcDbText
73
0
0
POINT
5
CB
330
1C
100
AcDbEntity
67
0
8
8 - ценная историческая застройка конец ХIX - начало ХХ века
62
256
6
ByLayer
370
-1
48
1.0
60
0
100
AcDbPoint
10
1399779.07171243
20
360229.444517077
30
0.0
39
0.0
210
0.0
220
0.0
230
1.0
50
360.0
0
TEXT
5
CC
330
1C
100
AcDbEntity
67
0
8
8 - ценная историческая застройка конец ХIX - начало ХХ века
62
7
6
ByLayer
370
-1
48
1.0
60
0
100
AcDbText
1
73
10
1399779.20084085
20
360229.718964885
30
0.0
40
0.31111111111
41
1.0
50
0.0
51
0.0
7
Standard
11
1399779.20084085
21
360229.718964885
31
0.0
210
0.0
220
0.0
230
1.0
71
0
72
0
100
AcDbText
73
0
0
POINT
5
CD
330
1C
100
AcDbEntity
67
0
8
8 - ценная историческая застройка конец ХIX - начало ХХ века
62
256
6
ByLayer
370
-1
48
1.0
60
0
100
AcDbPoint
10
1399768.93316306
20
360205.010008751
30
0.0
39
0.0
210
0.0
220
0.0
230
1.0
50
360.0
0
TEXT
5
CE
330
1C
100
AcDbEntity
67
0
8
8 - ценная историческая застройка конец ХIX - начало ХХ века
62
7
6
ByLayer
370
-1
48
1.0
60
0
100
AcDbText
1
74
10
1399769.06229152
20
360205.28445654
30
0.0
40
0.31111111111
41
1.0
50
0.0
51
0.0
7
Standard
11
1399769.06229152
21
360205.28445654
31
0.0
210
0.0
220
0.0
230
1.0
71
0
72
0
100
AcDbText
73
0
0
POINT
5
CF
330
1C
100
AcDbEntity
67
0
8
8 - ценная историческая застройка конец ХIX - начало ХХ века
62
256
6
ByLayer
370
-1
48
1.0
60
0
100
AcDbPoint
10
1399759.89475015
20
360182.329384299
30
0.0
39
0.0
210
0.0
220
0.0
230
1.0
50
360.0
0
TEXT
5
D0
330
1C
100
AcDbEntity
67
0
8
8 - ценная историческая застройка конец ХIX - начало ХХ века
62
7
6
ByLayer
370
-1
48
1.0
60
0
100
AcDbText
1
75
10
1399760.02387865
20
360182.603832073
30
0.0
40
0.31111111111
41
1.0
50
0.0
51
0.0
7
Standard
11
1399760.02387865
21
360182.603832073
31
0.0
210
0.0
220
0.0
230
1.0
71
0
72
0
100
AcDbText
73
0
0
POINT
5
D1
330
1C
100
AcDbEntity
67
0
8
8 - ценная историческая застройка конец ХIX - начало ХХ века
62
256
6
ByLayer
370
-1
48
1.0
60
0
100
AcDbPoint
10
1399747.19658894
20
360151.609584146
30
0.0
39
0.0
210
0.0
220
0.0
230
1.0
50
360.0
0
TEXT
5
D2
330
1C
100
AcDbEntity
67
0
8
8 - ценная историческая застройка конец ХIX - начало ХХ века
62
7
6
ByLayer
370
-1
48
1.0
60
0
100
AcDbText
1
76
10
1399747.32571749
20
360151.884031899
30
0.0
40
0.31111111111
41
1.0
50
0.0
51
0.0
7
Standard
11
1399747.32571749
21
360151.884031899
31
0.0
210
0.0
220
0.0
230
1.0
71
0
72
0
100
AcDbText
73
0
0
POINT
5
D3
330
1C
100
AcDbEntity
67
0
8
8 - ценная историческая застройка конец ХIX - начало ХХ века
62
256
6
ByLayer
370
-1
48
1.0
60
0
100
AcDbPoint
10
1395618.43766759
20
358534.859492372
30
0.0
39
0.0
210
0.0
220
0.0
230
1.0
50
360.0
0
TEXT
5
D4
330
1C
100
AcDbEntity
67
0
8
8 - ценная историческая застройка конец ХIX - начало ХХ века
62
7
6
ByLayer
370
-1
48
1.0
60
0
100
AcDbText
1
77
10
1395618.56679921
20
358535.133932634
30
0.0
40
0.31111111111
41
1.0
50
0.0
51
0.0
7
Standard
11
1395618.56679921
21
358535.133932634
31
0.0
210
0.0
220
0.0
230
1.0
71
0
72
0
100
AcDbText
73
0
0
POINT
5
D5
330
1C
100
AcDbEntity
67
0
8
8 - ценная историческая застройка конец ХIX - начало ХХ века
62
256
6
ByLayer
370
-1
48
1.0
60
0
100
AcDbPoint
10
1395604.43774999
20
358534.645186238
30
0.0
39
0.0
210
0.0
220
0.0
230
1.0
50
360.0
0
TEXT
5
D6
330
1C
100
AcDbEntity
67
0
8
8 - ценная историческая застройка конец ХIX - начало ХХ века
62
7
6
ByLayer
370
-1
48
1.0
60
0
100
AcDbText
1
78
10
1395604.56688161
20
358534.919626476
30
0.0
40
0.31111111111
41
1.0
50
0.0
51
0.0
7
Standard
11
1395604.56688161
21
358534.919626476
31
0.0
210
0.0
220
0.0
230
1.0
71
0
72
0
100
AcDbText
73
0
0
POINT
5
D7
330
1C
100
AcDbEntity
67
0
8
8 - ценная историческая застройка конец ХIX - начало ХХ века
62
256
6
ByLayer
370
-1
48
1.0
60
0
100
AcDbPoint
10
1395604.49898029
20
358530.645209849
30
0.0
39
0.0
210
0.0
220
0.0
230
1.0
50
360.0
0
TEXT
5
D8
330
1C
100
AcDbEntity
67
0
8
8 - ценная историческая застройка конец ХIX - начало ХХ века
62
7
6
ByLayer
370
-1
48
1.0
60
0
100
AcDbText
1
79
10
1395604.62811191
20
358530.919650091
30
0.0
40
0.31111111111
41
1.0
50
0.0
51
0.0
7
Standard
11
1395604.62811191
21
358530.919650091
31
0.0
210
0.0
220
0.0
230
1.0
71
0
72
0
100
AcDbText
73
0
0
POINT
5
D9
330
1C
100
AcDbEntity
67
0
8
8 - ценная историческая застройка конец ХIX - начало ХХ века
62
256
6
ByLayer
370
-1
48
1.0
60
0
100
AcDbPoint
10
1395618.4988979
20
358530.859515838
30
0.0
39
0.0
210
0.0
220
0.0
230
1.0
50
360.0
0
TEXT
5
DA
330
1C
100
AcDbEntity
67
0
8
8 - ценная историческая застройка конец ХIX - начало ХХ века
62
7
6
ByLayer
370
-1
48
1.0
60
0
100
AcDbText
1
80
10
1395618.62802952
20
358531.133956105
30
0.0
40
0.31111111111
41
1.0
50
0.0
51
0.0
7
Standard
11
1395618.62802952
21
358531.133956105
31
0.0
210
0.0
220
0.0
230
1.0
71
0
72
0
100
AcDbText
73
0
0
POINT
5
DB
330
1C
100
AcDbEntity
67
0
8
8 - ценная историческая застройка конец ХIX - начало ХХ века
62
256
6
ByLayer
370
-1
48
1.0
60
0
100
AcDbPoint
10
1395622.87418392
20
360399.571393211
30
0.0
39
0.0
210
0.0
220
0.0
230
1.0
50
360.0
0
TEXT
5
DC
330
1C
100
AcDbEntity
67
0
8
8 - ценная историческая застройка конец ХIX - начало ХХ века
62
7
6
ByLayer
370
-1
48
1.0
60
0
100
AcDbText
1
81
10
1395623.00331213
20
360399.845833438
30
0.0
40
0.31111111111
41
1.0
50
0.0
51
0.0
7
Standard
11
1395623.00331213
21
360399.845833438
31
0.0
210
0.0
220
0.0
230
1.0
71
0
72
0
100
AcDbText
73
0
0
POINT
5
DD
330
1C
100
AcDbEntity
67
0
8
8 - ценная историческая застройка конец ХIX - начало ХХ века
62
256
6
ByLayer
370
-1
48
1.0
60
0
100
AcDbPoint
10
1395625.11763776
20
360409.456327349
30
0.0
39
0.0
210
0.0
220
0.0
230
1.0
50
360.0
0
TEXT
5
DE
330
1C
100
AcDbEntity
67
0
8
8 - ценная историческая застройка конец ХIX - начало ХХ века
62
7
6
ByLayer
370
-1
48
1.0
60
0
100
AcDbText
1
82
10
1395625.24676596
20
360409.730767578
30
0.0
40
0.31111111111
41
1.0
50
0.0
51
0.0
7
Standard
11
1395625.24676596
21
360409.730767578
31
0.0
210
0.0
220
0.0
230
1.0
71
0
72
0
100
AcDbText
73
0
0
POINT
5
DF
330
1C
100
AcDbEntity
67
0
8
8 - ценная историческая застройка конец ХIX - начало ХХ века
62
256
6
ByLayer
370
-1
48
1.0
60
0
100
AcDbPoint
10
1395625.76437942
20
360409.287591247
30
0.0
39
0.0
210
0.0
220
0.0
230
1.0
50
360.0
0
TEXT
5
E0
330
1C
100
AcDbEntity
67
0
8
8 - ценная историческая застройка конец ХIX - начало ХХ века
62
7
6
ByLayer
370
-1
48
1.0
60
0
100
AcDbText
1
83
10
1395625.89350761
20
360409.56203148
30
0.0
40
0.31111111111
41
1.0
50
0.0
51
0.0
7
Standard
11
1395625.89350761
21
360409.56203148
31
0.0
210
0.0
220
0.0
230
1.0
71
0
72
0
100
AcDbText
73
0
0
POINT
5
E1
330
1C
100
AcDbEntity
67
0
8
8 - ценная историческая застройка конец ХIX - начало ХХ века
62
256
6
ByLayer
370
-1
48
1.0
60
0
100
AcDbPoint
10
1395626.78520858
20
360413.159320949
30
0.0
39
0.0
210
0.0
220
0.0
230
1.0
50
360.0
0
TEXT
5
E2
330
1C
100
AcDbEntity
67
0
8
8 - ценная историческая застройка конец ХIX - начало ХХ века
62
7
6
ByLayer
370
-1
48
1.0
60
0
100
AcDbText
1
84
10
1395626.91433677
20
360413.433761181
30
0.0
40
0.31111111111
41
1.0
50
0.0
51
0.0
7
Standard
11
1395626.91433677
21
360413.433761181
31
0.0
210
0.0
220
0.0
230
1.0
71
0
72
0
100
AcDbText
73
0
0
POINT
5
E3
330
1C
100
AcDbEntity
67
0
8
8 - ценная историческая застройка конец ХIX - начало ХХ века
62
256
6
ByLayer
370
-1
48
1.0
60
0
100
AcDbPoint
10
1395622.8967329
20
360414.152243892
30
0.0
39
0.0
210
0.0
220
0.0
230
1.0
50
360.0
0
TEXT
5
E4
330
1C
100
AcDbEntity
67
0
8
8 - ценная историческая застройка конец ХIX - начало ХХ века
62
7
6
ByLayer
370
-1
48
1.0
60
0
100
AcDbText
1
85
10
1395623.02586108
20
360414.426684118
30
0.0
40
0.31111111111
41
1.0
50
0.0
51
0.0
7
Standard
11
1395623.02586108
21
360414.426684118
31
0.0
210
0.0
220
0.0
230
1.0
71
0
72
0
100
AcDbText
73
0
0
POINT
5
E5
330
1C
100
AcDbEntity
67
0
8
8 - ценная историческая застройка конец ХIX - начало ХХ века
62
256
6
ByLayer
370
-1
48
1.0
60
0
100
AcDbPoint
10
1395622.61680419
20
360413.053197587
30
0.0
39
0.0
210
0.0
220
0.0
230
1.0
50
360.0
0
TEXT
5
E6
330
1C
100
AcDbEntity
67
0
8
8 - ценная историческая застройка конец ХIX - начало ХХ века
62
7
6
ByLayer
370
-1
48
1.0
60
0
100
AcDbText
1
86
10
1395622.74593238
20
360413.32763781
30
0.0
40
0.31111111111
41
1.0
50
0.0
51
0.0
7
Standard
11
1395622.74593238
21
360413.32763781
31
0.0
210
0.0
220
0.0
230
1.0
71
0
72
0
100
AcDbText
73
0
0
POINT
5
E7
330
1C
100
AcDbEntity
67
0
8
8 - ценная историческая застройка конец ХIX - начало ХХ века
62
256
6
ByLayer
370
-1
48
1.0
60
0
100
AcDbPoint
10
1395618.47192193
20
360414.122107379
30
0.0
39
0.0
210
0.0
220
0.0
230
1.0
50
360.0
0
TEXT
5
E8
330
1C
100
AcDbEntity
67
0
8
8 - ценная историческая застройка конец ХIX - начало ХХ века
62
7
6
ByLayer
370
-1
48
1.0
60
0
100
AcDbText
1
87
10
1395618.60105012
20
360414.396547594
30
0.0
40
0.31111111111
41
1.0
50
0.0
51
0.0
7
Standard
11
1395618.60105012
21
360414.396547594
31
0.0
210
0.0
220
0.0
230
1.0
71
0
72
0
100
AcDbText
73
0
0
POINT
5
E9
330
1C
100
AcDbEntity
67
0
8
8 - ценная историческая застройка конец ХIX - начало ХХ века
62
256
6
ByLayer
370
-1
48
1.0
60
0
100
AcDbPoint
10
1395617.96590564
20
360411.71706693
30
0.0
39
0.0
210
0.0
220
0.0
230
1.0
50
360.0
0
TEXT
5
EA
330
1C
100
AcDbEntity
67
0
8
8 - ценная историческая застройка конец ХIX - начало ХХ века
62
7
6
ByLayer
370
-1
48
1.0
60
0
100
AcDbText
1
88
10
1395618.09503383
20
360411.991507144
30
0.0
40
0.31111111111
41
1.0
50
0.0
51
0.0
7
Standard
11
1395618.09503383
21
360411.991507144
31
0.0
210
0.0
220
0.0
230
1.0
71
0
72
0
100
AcDbText
73
0
0
POINT
5
EB
330
1C
100
AcDbEntity
67
0
8
8 - ценная историческая застройка конец ХIX - начало ХХ века
62
256
6
ByLayer
370
-1
48
1.0
60
0
100
AcDbPoint
10
1395613.34988352
20
360412.780917396
30
0.0
39
0.0
210
0.0
220
0.0
230
1.0
50
360.0
0
TEXT
5
EC
330
1C
100
AcDbEntity
67
0
8
8 - ценная историческая застройка конец ХIX - начало ХХ века
62
7
6
ByLayer
370
-1
48
1.0
60
0
100
AcDbText
1
89
10
1395613.47901171
20
360413.055357603
30
0.0
40
0.31111111111
41
1.0
50
0.0
51
0.0
7
Standard
11
1395613.47901171
21
360413.055357603
31
0.0
210
0.0
220
0.0
230
1.0
71
0
72
0
100
AcDbText
73
0
0
POINT
5
ED
330
1C
100
AcDbEntity
67
0
8
8 - ценная историческая застройка конец ХIX - начало ХХ века
62
256
6
ByLayer
370
-1
48
1.0
60
0
100
AcDbPoint
10
1395610.95607066
20
360402.394220354
30
0.0
39
0.0
210
0.0
220
0.0
230
1.0
50
360.0
0
TEXT
5
EE
330
1C
100
AcDbEntity
67
0
8
8 - ценная историческая застройка конец ХIX - начало ХХ века
62
7
6
ByLayer
370
-1
48
1.0
60
0
100
AcDbText
1
90
10
1395611.08519887
20
360402.668660553
30
0.0
40
0.31111111111
41
1.0
50
0.0
51
0.0
7
Standard
11
1395611.08519887
21
360402.668660553
31
0.0
210
0.0
220
0.0
230
1.0
71
0
72
0
100
AcDbText
73
0
0
POINT
5
EF
330
1C
100
AcDbEntity
67
0
8
8 - ценная историческая застройка конец ХIX - начало ХХ века
62
256
6
ByLayer
370
-1
48
1.0
60
0
100
AcDbPoint
10
1396209.05628084
20
359745.665090461
30
0.0
39
0.0
210
0.0
220
0.0
230
1.0
50
360.0
0
TEXT
5
F0
330
1C
100
AcDbEntity
67
0
8
8 - ценная историческая застройка конец ХIX - начало ХХ века
62
7
6
ByLayer
370
-1
48
1.0
60
0
100
AcDbText
1
91
10
1396209.18541024
20
359745.939531771
30
0.0
40
0.31111111111
41
1.0
50
0.0
51
0.0
7
Standard
11
1396209.18541024
21
359745.939531771
31
0.0
210
0.0
220
0.0
230
1.0
71
0
72
0
100
AcDbText
73
0
0
POINT
5
F1
330
1C
100
AcDbEntity
67
0
8
8 - ценная историческая застройка конец ХIX - начало ХХ века
62
256
6
ByLayer
370
-1
48
1.0
60
0
100
AcDbPoint
10
1396212.11348813
20
359736.330025803
30
0.0
39
0.0
210
0.0
220
0.0
230
1.0
50
360.0
0
TEXT
5
F2
330
1C
100
AcDbEntity
67
0
8
8 - ценная историческая застройка конец ХIX - начало ХХ века
62
7
6
ByLayer
370
-1
48
1.0
60
0
100
AcDbText
1
92
10
1396212.24261754
20
359736.604467118
30
0.0
40
0.31111111111
41
1.0
50
0.0
51
0.0
7
Standard
11
1396212.24261754
21
359736.604467118
31
0.0
210
0.0
220
0.0
230
1.0
71
0
72
0
100
AcDbText
73
0
0
POINT
5
F3
330
1C
100
AcDbEntity
67
0
8
8 - ценная историческая застройка конец ХIX - начало ХХ века
62
256
6
ByLayer
370
-1
48
1.0
60
0
100
AcDbPoint
10
1396218.74165397
20
359738.50073131
30
0.0
39
0.0
210
0.0
220
0.0
230
1.0
50
360.0
0
TEXT
5
F4
330
1C
100
AcDbEntity
67
0
8
8 - ценная историческая застройка конец ХIX - начало ХХ века
62
7
6
ByLayer
370
-1
48
1.0
60
0
100
AcDbText
1
93
10
1396218.87078338
20
359738.775172639
30
0.0
40
0.31111111111
41
1.0
50
0.0
51
0.0
7
Standard
11
1396218.87078338
21
359738.775172639
31
0.0
210
0.0
220
0.0
230
1.0
71
0
72
0
100
AcDbText
73
0
0
POINT
5
F5
330
1C
100
AcDbEntity
67
0
8
8 - ценная историческая застройка конец ХIX - начало ХХ века
62
256
6
ByLayer
370
-1
48
1.0
60
0
100
AcDbPoint
10
1396217.86333971
20
359741.182630094
30
0.0
39
0.0
210
0.0
220
0.0
230
1.0
50
360.0
0
TEXT
5
F6
330
1C
100
AcDbEntity
67
0
8
8 - ценная историческая застройка конец ХIX - начало ХХ века
62
7
6
ByLayer
370
-1
48
1.0
60
0
100
AcDbText
1
94
10
1396217.99246911
20
359741.457071423
30
0.0
40
0.31111111111
41
1.0
50
0.0
51
0.0
7
Standard
11
1396217.99246911
21
359741.457071423
31
0.0
210
0.0
220
0.0
230
1.0
71
0
72
0
100
AcDbText
73
0
0
POINT
5
F7
330
1C
100
AcDbEntity
67
0
8
8 - ценная историческая застройка конец ХIX - начало ХХ века
62
256
6
ByLayer
370
-1
48
1.0
60
0
100
AcDbPoint
10
1396215.68518488
20
359747.833541738
30
0.0
39
0.0
210
0.0
220
0.0
230
1.0
50
360.0
0
TEXT
5
F8
330
1C
100
AcDbEntity
67
0
8
8 - ценная историческая застройка конец ХIX - начало ХХ века
62
7
6
ByLayer
370
-1
48
1.0
60
0
100
AcDbText
1
95
10
1396215.81431427
20
359748.107983062
30
0.0
40
0.31111111111
41
1.0
50
0.0
51
0.0
7
Standard
11
1396215.81431427
21
359748.107983062
31
0.0
210
0.0
220
0.0
230
1.0
71
0
72
0
100
AcDbText
73
0
0
POINT
5
F9
330
1C
100
AcDbEntity
67
0
8
8 - ценная историческая застройка конец ХIX - начало ХХ века
62
256
6
ByLayer
370
-1
48
1.0
60
0
100
AcDbPoint
10
1394625.81942616
20
360403.378752609
30
0.0
39
0.0
210
0.0
220
0.0
230
1.0
50
360.0
0
TEXT
5
FA
330
1C
100
AcDbEntity
67
0
8
8 - ценная историческая застройка конец ХIX - начало ХХ века
62
7
6
ByLayer
370
-1
48
1.0
60
0
100
AcDbText
1
96
10
1394625.94855439
20
360403.653191016
30
0.0
40
0.31111111111
41
1.0
50
0.0
51
0.0
7
Standard
11
1394625.94855439
21
360403.653191016
31
0.0
210
0.0
220
0.0
230
1.0
71
0
72
0
100
AcDbText
73
0
0
POINT
5
FB
330
1C
100
AcDbEntity
67
0
8
8 - ценная историческая застройка конец ХIX - начало ХХ века
62
256
6
ByLayer
370
-1
48
1.0
60
0
100
AcDbPoint
10
1394607.94752271
20
360408.200859775
30
0.0
39
0.0
210
0.0
220
0.0
230
1.0
50
360.0
0
TEXT
5
FC
330
1C
100
AcDbEntity
67
0
8
8 - ценная историческая застройка конец ХIX - начало ХХ века
62
7
6
ByLayer
370
-1
48
1.0
60
0
100
AcDbText
1
97
10
1394608.07665093
20
360408.47529815
30
0.0
40
0.31111111111
41
1.0
50
0.0
51
0.0
7
Standard
11
1394608.07665093
21
360408.47529815
31
0.0
210
0.0
220
0.0
230
1.0
71
0
72
0
100
AcDbText
73
0
0
POINT
5
FD
330
1C
100
AcDbEntity
67
0
8
8 - ценная историческая застройка конец ХIX - начало ХХ века
62
256
6
ByLayer
370
-1
48
1.0
60
0
100
AcDbPoint
10
1394611.31888333
20
360421.130221209
30
0.0
39
0.0
210
0.0
220
0.0
230
1.0
50
360.0
0
TEXT
5
FE
330
1C
100
AcDbEntity
67
0
8
8 - ценная историческая застройка конец ХIX - начало ХХ века
62
7
6
ByLayer
370
-1
48
1.0
60
0
100
AcDbText
1
98
10
1394611.44801154
20
360421.40465959
30
0.0
40
0.31111111111
41
1.0
50
0.0
51
0.0
7
Standard
11
1394611.44801154
21
360421.40465959
31
0.0
210
0.0
220
0.0
230
1.0
71
0
72
0
100
AcDbText
73
0
0
POINT
5
FF
330
1C
100
AcDbEntity
67
0
8
8 - ценная историческая застройка конец ХIX - начало ХХ века
62
256
6
ByLayer
370
-1
48
1.0
60
0
100
AcDbPoint
10
1394629.18391557
20
360416.402660689
30
0.0
39
0.0
210
0.0
220
0.0
230
1.0
50
360.0
0
TEXT
5
100
330
1C
100
AcDbEntity
67
0
8
8 - ценная историческая застройка конец ХIX - начало ХХ века
62
7
6
ByLayer
370
-1
48
1.0
60
0
100
AcDbText
1
99
10
1394629.31304378
20
360416.677099099
30
0.0
40
0.31111111111
41
1.0
50
0.0
51
0.0
7
Standard
11
1394629.31304378
21
360416.677099099
31
0.0
210
0.0
220
0.0
230
1.0
71
0
72
0
100
AcDbText
73
0
0
POINT
5
101
330
1C
100
AcDbEntity
67
0
8
8 - ценная историческая застройка конец ХIX - начало ХХ века
62
256
6
ByLayer
370
-1
48
1.0
60
0
100
AcDbPoint
10
1396964.93996423
20
359755.852134649
30
0.0
39
0.0
210
0.0
220
0.0
230
1.0
50
360.0
0
TEXT
5
102
330
1C
100
AcDbEntity
67
0
8
8 - ценная историческая застройка конец ХIX - начало ХХ века
62
7
6
ByLayer
370
-1
48
1.0
60
0
100
AcDbText
1
100
10
1396965.06909358
20
359756.126577339
30
0.0
40
0.31111111111
41
1.0
50
0.0
51
0.0
7
Standard
11
1396965.06909358
21
359756.126577339
31
0.0
210
0.0
220
0.0
230
1.0
71
0
72
0
100
AcDbText
73
0
0
POINT
5
103
330
1C
100
AcDbEntity
67
0
8
8 - ценная историческая застройка конец ХIX - начало ХХ века
62
256
6
ByLayer
370
-1
48
1.0
60
0
100
AcDbPoint
10
1396969.00923222
20
359767.420091296
30
0.0
39
0.0
210
0.0
220
0.0
230
1.0
50
360.0
0
TEXT
5
104
330
1C
100
AcDbEntity
67
0
8
8 - ценная историческая застройка конец ХIX - начало ХХ века
62
7
6
ByLayer
370
-1
48
1.0
60
0
100
AcDbText
1
101
10
1396969.13836156
20
359767.69453399
30
0.0
40
0.31111111111
41
1.0
50
0.0
51
0.0
7
Standard
11
1396969.13836156
21
359767.69453399
31
0.0
210
0.0
220
0.0
230
1.0
71
0
72
0
100
AcDbText
73
0
0
POINT
5
105
330
1C
100
AcDbEntity
67
0
8
8 - ценная историческая застройка конец ХIX - начало ХХ века
62
256
6
ByLayer
370
-1
48
1.0
60
0
100
AcDbPoint
10
1396959.34317122
20
359771.081595774
30
0.0
39
0.0
210
0.0
220
0.0
230
1.0
50
360.0
0
TEXT
5
106
330
1C
100
AcDbEntity
67
0
8
8 - ценная историческая застройка конец ХIX - начало ХХ века
62
7
6
ByLayer
370
-1
48
1.0
60
0
100
AcDbText
1
102
10
1396959.47230055
20
359771.356038452
30
0.0
40
0.31111111111
41
1.0
50
0.0
51
0.0
7
Standard
11
1396959.47230055
21
359771.356038452
31
0.0
210
0.0
220
0.0
230
1.0
71
0
72
0
100
AcDbText
73
0
0
POINT
5
107
330
1C
100
AcDbEntity
67
0
8
8 - ценная историческая застройка конец ХIX - начало ХХ века
62
256
6
ByLayer
370
-1
48
1.0
60
0
100
AcDbPoint
10
1396954.88670448
20
359759.796739727
30
0.0
39
0.0
210
0.0
220
0.0
230
1.0
50
360.0
0
TEXT
5
108
330
1C
100
AcDbEntity
67
0
8
8 - ценная историческая застройка конец ХIX - начало ХХ века
62
7
6
ByLayer
370
-1
48
1.0
60
0
100
AcDbText
1
103
10
1396955.01583383
20
359760.071182398
30
0.0
40
0.31111111111
41
1.0
50
0.0
51
0.0
7
Standard
11
1396955.01583383
21
359760.071182398
31
0.0
210
0.0
220
0.0
230
1.0
71
0
72
0
100
AcDbText
73
0
0
POINT
5
109
330
1C
100
AcDbEntity
67
0
8
8 - ценная историческая застройка конец ХIX - начало ХХ века
62
256
6
ByLayer
370
-1
48
1.0
60
0
100
AcDbPoint
10
1396970.03937729
20
359771.513312358
30
0.0
39
0.0
210
0.0
220
0.0
230
1.0
50
360.0
0
TEXT
5
10A
330
1C
100
AcDbEntity
67
0
8
8 - ценная историческая застройка конец ХIX - начало ХХ века
62
7
6
ByLayer
370
-1
48
1.0
60
0
100
AcDbText
1
104
10
1396970.16850662
20
359771.787755056
30
0.0
40
0.31111111111
41
1.0
50
0.0
51
0.0
7
Standard
11
1396970.16850662
21
359771.787755056
31
0.0
210
0.0
220
0.0
230
1.0
71
0
72
0
100
AcDbText
73
0
0
POINT
5
10B
330
1C
100
AcDbEntity
67
0
8
8 - ценная историческая застройка конец ХIX - начало ХХ века
62
256
6
ByLayer
370
-1
48
1.0
60
0
100
AcDbPoint
10
1396973.94991559
20
359780.708200076
30
0.0
39
0.0
210
0.0
220
0.0
230
1.0
50
360.0
0
TEXT
5
10C
330
1C
100
AcDbEntity
67
0
8
8 - ценная историческая застройка конец ХIX - начало ХХ века
62
7
6
ByLayer
370
-1
48
1.0
60
0
100
AcDbText
1
105
10
1396974.0790449
20
359780.982642782
30
0.0
40
0.31111111111
41
1.0
50
0.0
51
0.0
7
Standard
11
1396974.0790449
21
359780.982642782
31
0.0
210
0.0
220
0.0
230
1.0
71
0
72
0
100
AcDbText
73
0
0
POINT
5
10D
330
1C
100
AcDbEntity
67
0
8
8 - ценная историческая застройка конец ХIX - начало ХХ века
62
256
6
ByLayer
370
-1
48
1.0
60
0
100
AcDbPoint
10
1396962.6810544
20
359785.393574409
30
0.0
39
0.0
210
0.0
220
0.0
230
1.0
50
360.0
0
TEXT
5
10E
330
1C
100
AcDbEntity
67
0
8
8 - ценная историческая застройка конец ХIX - начало ХХ века
62
7
6
ByLayer
370
-1
48
1.0
60
0
100
AcDbText
1
106
10
1396962.8101837
20
359785.668017091
30
0.0
40
0.31111111111
41
1.0
50
0.0
51
0.0
7
Standard
11
1396962.8101837
21
359785.668017091
31
0.0
210
0.0
220
0.0
230
1.0
71
0
72
0
100
AcDbText
73
0
0
POINT
5
10F
330
1C
100
AcDbEntity
67
0
8
8 - ценная историческая застройка конец ХIX - начало ХХ века
62
256
6
ByLayer
370
-1
48
1.0
60
0
100
AcDbPoint
10
1396960.3886847
20
359779.81574338
30
0.0
39
0.0
210
0.0
220
0.0
230
1.0
50
360.0
0
TEXT
5
110
330
1C
100
AcDbEntity
67
0
8
8 - ценная историческая застройка конец ХIX - начало ХХ века
62
7
6
ByLayer
370
-1
48
1.0
60
0
100
AcDbText
1
107
10
1396960.51781402
20
359780.090186061
30
0.0
40
0.31111111111
41
1.0
50
0.0
51
0.0
7
Standard
11
1396960.51781402
21
359780.090186061
31
0.0
210
0.0
220
0.0
230
1.0
71
0
72
0
100
AcDbText
73
0
0
POINT
5
111
330
1C
100
AcDbEntity
67
0
8
8 - ценная историческая застройка конец ХIX - начало ХХ века
62
256
6
ByLayer
370
-1
48
1.0
60
0
100
AcDbPoint
10
1396967.04203176
20
359777.095039088
30
0.0
39
0.0
210
0.0
220
0.0
230
1.0
50
360.0
0
TEXT
5
112
330
1C
100
AcDbEntity
67
0
8
8 - ценная историческая застройка конец ХIX - начало ХХ века
62
7
6
ByLayer
370
-1
48
1.0
60
0
100
AcDbText
1
108
10
1396967.17116107
20
359777.369481783
30
0.0
40
0.31111111111
41
1.0
50
0.0
51
0.0
7
Standard
11
1396967.17116107
21
359777.369481783
31
0.0
210
0.0
220
0.0
230
1.0
71
0
72
0
100
AcDbText
73
0
0
POINT
5
113
330
1C
100
AcDbEntity
67
0
8
8 - ценная историческая застройка конец ХIX - начало ХХ века
62
256
6
ByLayer
370
-1
48
1.0
60
0
100
AcDbPoint
10
1396965.53768756
20
359773.258645209
30
0.0
39
0.0
210
0.0
220
0.0
230
1.0
50
360.0
0
TEXT
5
114
330
1C
100
AcDbEntity
67
0
8
8 - ценная историческая застройка конец ХIX - начало ХХ века
62
7
6
ByLayer
370
-1
48
1.0
60
0
100
AcDbText
1
109
10
1396965.66681688
20
359773.533087898
30
0.0
40
0.31111111111
41
1.0
50
0.0
51
0.0
7
Standard
11
1396965.66681688
21
359773.533087898
31
0.0
210
0.0
220
0.0
230
1.0
71
0
72
0
100
AcDbText
73
0
0
POINT
5
115
330
1C
100
AcDbEntity
67
0
8
8 - ценная историческая застройка конец ХIX - начало ХХ века
62
256
6
ByLayer
370
-1
48
1.0
60
0
100
AcDbPoint
10
1397063.50727366
20
359659.976145989
30
0.0
39
0.0
210
0.0
220
0.0
230
1.0
50
360.0
0
TEXT
5
116
330
1C
100
AcDbEntity
67
0
8
8 - ценная историческая застройка конец ХIX - начало ХХ века
62
7
6
ByLayer
370
-1
48
1.0
60
0
100
AcDbText
1
110
10
1397063.63640319
20
359660.250588862
30
0.0
40
0.31111111111
41
1.0
50
0.0
51
0.0
7
Standard
11
1397063.63640319
21
359660.250588862
31
0.0
210
0.0
220
0.0
230
1.0
71
0
72
0
100
AcDbText
73
0
0
POINT
5
117
330
1C
100
AcDbEntity
67
0
8
8 - ценная историческая застройка конец ХIX - начало ХХ века
62
256
6
ByLayer
370
-1
48
1.0
60
0
100
AcDbPoint
10
1397073.71892826
20
359656.468655149
30
0.0
39
0.0
210
0.0
220
0.0
230
1.0
50
360.0
0
TEXT
5
118
330
1C
100
AcDbEntity
67
0
8
8 - ценная историческая застройка конец ХIX - начало ХХ века
62
7
6
ByLayer
370
-1
48
1.0
60
0
100
AcDbText
1
111
10
1397073.8480578
20
359656.743098039
30
0.0
40
0.31111111111
41
1.0
50
0.0
51
0.0
7
Standard
11
1397073.8480578
21
359656.743098039
31
0.0
210
0.0
220
0.0
230
1.0
71
0
72
0
100
AcDbText
73
0
0
POINT
5
119
330
1C
100
AcDbEntity
67
0
8
8 - ценная историческая застройка конец ХIX - начало ХХ века
62
256
6
ByLayer
370
-1
48
1.0
60
0
100
AcDbPoint
10
1397075.82218012
20
359662.83856914
30
0.0
39
0.0
210
0.0
220
0.0
230
1.0
50
360.0
0
TEXT
5
11A
330
1C
100
AcDbEntity
67
0
8
8 - ценная историческая застройка конец ХIX - начало ХХ века
62
7
6
ByLayer
370
-1
48
1.0
60
0
100
AcDbText
1
112
10
1397075.95130964
20
359663.113012035
30
0.0
40
0.31111111111
41
1.0
50
0.0
51
0.0
7
Standard
11
1397075.95130964
21
359663.113012035
31
0.0
210
0.0
220
0.0
230
1.0
71
0
72
0
100
AcDbText
73
0
0
POINT
5
11B
330
1C
100
AcDbEntity
67
0
8
8 - ценная историческая застройка конец ХIX - начало ХХ века
62
256
6
ByLayer
370
-1
48
1.0
60
0
100
AcDbPoint
10
1397065.63328254
20
359666.17053553
30
0.0
39
0.0
210
0.0
220
0.0
230
1.0
50
360.0
0
TEXT
5
11C
330
1C
100
AcDbEntity
67
0
8
8 - ценная историческая застройка конец ХIX - начало ХХ века
62
7
6
ByLayer
370
-1
48
1.0
60
0
100
AcDbText
1
113
10
1397065.76241205
20
359666.444978405
30
0.0
40
0.31111111111
41
1.0
50
0.0
51
0.0
7
Standard
11
1397065.76241205
21
359666.444978405
31
0.0
210
0.0
220
0.0
230
1.0
71
0
72
0
100
AcDbText
73
0
0
POINT
5
11D
330
1C
100
AcDbEntity
67
0
8
8 - ценная историческая застройка конец ХIX - начало ХХ века
62
256
6
ByLayer
370
-1
48
1.0
60
0
100
AcDbPoint
10
1395324.84979761
20
360402.522713367
30
0.0
39
0.0
210
0.0
220
0.0
230
1.0
50
360.0
0
TEXT
5
11E
330
1C
100
AcDbEntity
67
0
8
8 - ценная историческая застройка конец ХIX - начало ХХ века
62
7
6
ByLayer
370
-1
48
1.0
60
0
100
AcDbText
1
114
10
1395324.97892583
20
360402.797153049
30
0.0
40
0.31111111111
41
1.0
50
0.0
51
0.0
7
Standard
11
1395324.97892583
21
360402.797153049
31
0.0
210
0.0
220
0.0
230
1.0
71
0
72
0
100
AcDbText
73
0
0
POINT
5
11F
330
1C
100
AcDbEntity
67
0
8
8 - ценная историческая застройка конец ХIX - начало ХХ века
62
256
6
ByLayer
370
-1
48
1.0
60
0
100
AcDbPoint
10
1395338.70581366
20
360398.922730361
30
0.0
39
0.0
210
0.0
220
0.0
230
1.0
50
360.0
0
TEXT
5
120
330
1C
100
AcDbEntity
67
0
8
8 - ценная историческая застройка конец ХIX - начало ХХ века
62
7
6
ByLayer
370
-1
48
1.0
60
0
100
AcDbText
1
115
10
1395338.83494188
20
360399.197170069
30
0.0
40
0.31111111111
41
1.0
50
0.0
51
0.0
7
Standard
11
1395338.83494188
21
360399.197170069
31
0.0
210
0.0
220
0.0
230
1.0
71
0
72
0
100
AcDbText
73
0
0
POINT
5
121
330
1C
100
AcDbEntity
67
0
8
8 - ценная историческая застройка конец ХIX - начало ХХ века
62
256
6
ByLayer
370
-1
48
1.0
60
0
100
AcDbPoint
10
1395339.15614729
20
360400.672156968
30
0.0
39
0.0
210
0.0
220
0.0
230
1.0
50
360.0
0
TEXT
5
122
330
1C
100
AcDbEntity
67
0
8
8 - ценная историческая застройка конец ХIX - начало ХХ века
62
7
6
ByLayer
370
-1
48
1.0
60
0
100
AcDbText
1
116
10
1395339.28527552
20
360400.946596676
30
0.0
40
0.31111111111
41
1.0
50
0.0
51
0.0
7
Standard
11
1395339.28527552
21
360400.946596676
31
0.0
210
0.0
220
0.0
230
1.0
71
0
72
0
100
AcDbText
73
0
0
POINT
5
123
330
1C
100
AcDbEntity
67
0
8
8 - ценная историческая застройка конец ХIX - начало ХХ века
62
256
6
ByLayer
370
-1
48
1.0
60
0
100
AcDbPoint
10
1395341.97050709
20
360399.947690676
30
0.0
39
0.0
210
0.0
220
0.0
230
1.0
50
360.0
0
TEXT
5
124
330
1C
100
AcDbEntity
67
0
8
8 - ценная историческая застройка конец ХIX - начало ХХ века
62
7
6
ByLayer
370
-1
48
1.0
60
0
100
AcDbText
1
117
10
1395342.09963531
20
360400.222130386
30
0.0
40
0.31111111111
41
1.0
50
0.0
51
0.0
7
Standard
11
1395342.09963531
21
360400.222130386
31
0.0
210
0.0
220
0.0
230
1.0
71
0
72
0
100
AcDbText
73
0
0
POINT
5
125
330
1C
100
AcDbEntity
67
0
8
8 - ценная историческая застройка конец ХIX - начало ХХ века
62
256
6
ByLayer
370
-1
48
1.0
60
0
100
AcDbPoint
10
1395338.8027262
20
360387.641769053
30
0.0
39
0.0
210
0.0
220
0.0
230
1.0
50
360.0
0
TEXT
5
126
330
1C
100
AcDbEntity
67
0
8
8 - ценная историческая застройка конец ХIX - начало ХХ века
62
7
6
ByLayer
370
-1
48
1.0
60
0
100
AcDbText
1
118
10
1395338.93185444
20
360387.916208761
30
0.0
40
0.31111111111
41
1.0
50
0.0
51
0.0
7
Standard
11
1395338.93185444
21
360387.916208761
31
0.0
210
0.0
220
0.0
230
1.0
71
0
72
0
100
AcDbText
73
0
0
POINT
5
127
330
1C
100
AcDbEntity
67
0
8
8 - ценная историческая застройка конец ХIX - начало ХХ века
62
256
6
ByLayer
370
-1
48
1.0
60
0
100
AcDbPoint
10
1395322.17094025
20
360391.923087483
30
0.0
39
0.0
210
0.0
220
0.0
230
1.0
50
360.0
0
TEXT
5
128
330
1C
100
AcDbEntity
67
0
8
8 - ценная историческая застройка конец ХIX - начало ХХ века
62
7
6
ByLayer
370
-1
48
1.0
60
0
100
AcDbText
1
119
10
1395322.30006848
20
360392.197527158
30
0.0
40
0.31111111111
41
1.0
50
0.0
51
0.0
7
Standard
11
1395322.30006848
21
360392.197527158
31
0.0
210
0.0
220
0.0
230
1.0
71
0
72
0
100
AcDbText
73
0
0
POINT
5
129
330
1C
100
AcDbEntity
67
0
8
8 - ценная историческая застройка конец ХIX - начало ХХ века
62
256
6
ByLayer
370
-1
48
1.0
60
0
100
AcDbPoint
10
1395322.95482706
20
360394.968279838
30
0.0
39
0.0
210
0.0
220
0.0
230
1.0
50
360.0
0
TEXT
5
12A
330
1C
100
AcDbEntity
67
0
8
8 - ценная историческая застройка конец ХIX - начало ХХ века
62
7
6
ByLayer
370
-1
48
1.0
60
0
100
AcDbText
1
120
10
1395323.08395529
20
360395.242719517
30
0.0
40
0.31111111111
41
1.0
50
0.0
51
0.0
7
Standard
11
1395323.08395529
21
360395.242719517
31
0.0
210
0.0
220
0.0
230
1.0
71
0
72
0
100
AcDbText
73
0
0
POINT
5
12B
330
1C
100
AcDbEntity
67
0
8
8 - ценная историческая застройка конец ХIX - начало ХХ века
62
256
6
ByLayer
370
-1
48
1.0
60
0
100
AcDbPoint
10
1394730.91378649
20
360313.872083059
30
0.0
39
0.0
210
0.0
220
0.0
230
1.0
50
360.0
0
TEXT
5
12C
330
1C
100
AcDbEntity
67
0
8
8 - ценная историческая застройка конец ХIX - начало ХХ века
62
7
6
ByLayer
370
-1
48
1.0
60
0
100
AcDbText
1
121
10
1394731.04291488
20
360314.146521662
30
0.0
40
0.31111111111
41
1.0
50
0.0
51
0.0
7
Standard
11
1394731.04291488
21
360314.146521662
31
0.0
210
0.0
220
0.0
230
1.0
71
0
72
0
100
AcDbText
73
0
0
POINT
5
12D
330
1C
100
AcDbEntity
67
0
8
8 - ценная историческая застройка конец ХIX - начало ХХ века
62
256
6
ByLayer
370
-1
48
1.0
60
0
100
AcDbPoint
10
1394733.74752809
20
360325.263128847
30
0.0
39
0.0
210
0.0
220
0.0
230
1.0
50
360.0
0
TEXT
5
12E
330
1C
100
AcDbEntity
67
0
8
8 - ценная историческая застройка конец ХIX - начало ХХ века
62
7
6
ByLayer
370
-1
48
1.0
60
0
100
AcDbText
1
122
10
1394733.87665646
20
360325.53756745
30
0.0
40
0.31111111111
41
1.0
50
0.0
51
0.0
7
Standard
11
1394733.87665646
21
360325.53756745
31
0.0
210
0.0
220
0.0
230
1.0
71
0
72
0
100
AcDbText
73
0
0
POINT
5
12F
330
1C
100
AcDbEntity
67
0
8
8 - ценная историческая застройка конец ХIX - начало ХХ века
62
256
6
ByLayer
370
-1
48
1.0
60
0
100
AcDbPoint
10
1394745.02196671
20
360322.415327741
30
0.0
39
0.0
210
0.0
220
0.0
230
1.0
50
360.0
0
TEXT
5
130
330
1C
100
AcDbEntity
67
0
8
8 - ценная историческая застройка конец ХIX - начало ХХ века
62
7
6
ByLayer
370
-1
48
1.0
60
0
100
AcDbText
1
123
10
1394745.15109509
20
360322.68976637
30
0.0
40
0.31111111111
41
1.0
50
0.0
51
0.0
7
Standard
11
1394745.15109509
21
360322.68976637
31
0.0
210
0.0
220
0.0
230
1.0
71
0
72
0
100
AcDbText
73
0
0
POINT
5
131
330
1C
100
AcDbEntity
67
0
8
8 - ценная историческая застройка конец ХIX - начало ХХ века
62
256
6
ByLayer
370
-1
48
1.0
60
0
100
AcDbPoint
10
1394744.81453595
20
360321.794396974
30
0.0
39
0.0
210
0.0
220
0.0
230
1.0
50
360.0
0
TEXT
5
132
330
1C
100
AcDbEntity
67
0
8
8 - ценная историческая застройка конец ХIX - начало ХХ века
62
7
6
ByLayer
370
-1
48
1.0
60
0
100
AcDbText
1
124
10
1394744.94366434
20
360322.068835599
30
0.0
40
0.31111111111
41
1.0
50
0.0
51
0.0
7
Standard
11
1394744.94366434
21
360322.068835599
31
0.0
210
0.0
220
0.0
230
1.0
71
0
72
0
100
AcDbText
73
0
0
POINT
5
133
330
1C
100
AcDbEntity
67
0
8
8 - ценная историческая застройка конец ХIX - начало ХХ века
62
256
6
ByLayer
370
-1
48
1.0
60
0
100
AcDbPoint
10
1394770.22584943
20
360314.854340802
30
0.0
39
0.0
210
0.0
220
0.0
230
1.0
50
360.0
0
TEXT
5
134
330
1C
100
AcDbEntity
67
0
8
8 - ценная историческая застройка конец ХIX - начало ХХ века
62
7
6
ByLayer
370
-1
48
1.0
60
0
100
AcDbText
1
125
10
1394770.35497783
20
360315.128779474
30
0.0
40
0.31111111111
41
1.0
50
0.0
51
0.0
7
Standard
11
1394770.35497783
21
360315.128779474
31
0.0
210
0.0
220
0.0
230
1.0
71
0
72
0
100
AcDbText
73
0
0
POINT
5
135
330
1C
100
AcDbEntity
67
0
8
8 - ценная историческая застройка конец ХIX - начало ХХ века
62
256
6
ByLayer
370
-1
48
1.0
60
0
100
AcDbPoint
10
1394772.29548415
20
360323.042829493
30
0.0
39
0.0
210
0.0
220
0.0
230
1.0
50
360.0
0
TEXT
5
136
330
1C
100
AcDbEntity
67
0
8
8 - ценная историческая застройка конец ХIX - начало ХХ века
62
7
6
ByLayer
370
-1
48
1.0
60
0
100
AcDbText
1
126
10
1394772.42461253
20
360323.317268171
30
0.0
40
0.31111111111
41
1.0
50
0.0
51
0.0
7
Standard
11
1394772.42461253
21
360323.317268171
31
0.0
210
0.0
220
0.0
230
1.0
71
0
72
0
100
AcDbText
73
0
0
POINT
5
137
330
1C
100
AcDbEntity
67
0
8
8 - ценная историческая застройка конец ХIX - начало ХХ века
62
256
6
ByLayer
370
-1
48
1.0
60
0
100
AcDbPoint
10
1394754.86108508
20
360327.866755447
30
0.0
39
0.0
210
0.0
220
0.0
230
1.0
50
360.0
0
TEXT
5
138
330
1C
100
AcDbEntity
67
0
8
8 - ценная историческая застройка конец ХIX - начало ХХ века
62
7
6
ByLayer
370
-1
48
1.0
60
0
100
AcDbText
1
127
10
1394754.99021345
20
360328.14119409
30
0.0
40
0.31111111111
41
1.0
50
0.0
51
0.0
7
Standard
11
1394754.99021345
21
360328.14119409
31
0.0
210
0.0
220
0.0
230
1.0
71
0
72
0
100
AcDbText
73
0
0
POINT
5
139
330
1C
100
AcDbEntity
67
0
8
8 - ценная историческая застройка конец ХIX - начало ХХ века
62
256
6
ByLayer
370
-1
48
1.0
60
0
100
AcDbPoint
10
1394744.3321476
20
360330.812694005
30
0.0
39
0.0
210
0.0
220
0.0
230
1.0
50
360.0
0
TEXT
5
13A
330
1C
100
AcDbEntity
67
0
8
8 - ценная историческая застройка конец ХIX - начало ХХ века
62
7
6
ByLayer
370
-1
48
1.0
60
0
100
AcDbText
1
128
10
1394744.46127596
20
360331.087132628
30
0.0
40
0.31111111111
41
1.0
50
0.0
51
0.0
7
Standard
11
1394744.46127596
21
360331.087132628
31
0.0
210
0.0
220
0.0
230
1.0
71
0
72
0
100
AcDbText
73
0
0
POINT
5
13B
330
1C
100
AcDbEntity
67
0
8
8 - ценная историческая застройка конец ХIX - начало ХХ века
62
256
6
ByLayer
370
-1
48
1.0
60
0
100
AcDbPoint
10
1394728.47768203
20
360334.76996002
30
0.0
39
0.0
210
0.0
220
0.0
230
1.0
50
360.0
0
TEXT
5
13C
330
1C
100
AcDbEntity
67
0
8
8 - ценная историческая застройка конец ХIX - начало ХХ века
62
7
6
ByLayer
370
-1
48
1.0
60
0
100
AcDbText
1
129
10
1394728.60681038
20
360335.044398615
30
0.0
40
0.31111111111
41
1.0
50
0.0
51
0.0
7
Standard
11
1394728.60681038
21
360335.044398615
31
0.0
210
0.0
220
0.0
230
1.0
71
0
72
0
100
AcDbText
73
0
0
POINT
5
13D
330
1C
100
AcDbEntity
67
0
8
8 - ценная историческая застройка конец ХIX - начало ХХ века
62
256
6
ByLayer
370
-1
48
1.0
60
0
100
AcDbPoint
10
1394728.95663436
20
360336.647370948
30
0.0
39
0.0
210
0.0
220
0.0
230
1.0
50
360.0
0
TEXT
5
13E
330
1C
100
AcDbEntity
67
0
8
8 - ценная историческая застройка конец ХIX - начало ХХ века
62
7
6
ByLayer
370
-1
48
1.0
60
0
100
AcDbText
1
130
10
1394729.08576271
20
360336.921809546
30
0.0
40
0.31111111111
41
1.0
50
0.0
51
0.0
7
Standard
11
1394729.08576271
21
360336.921809546
31
0.0
210
0.0
220
0.0
230
1.0
71
0
72
0
100
AcDbText
73
0
0
POINT
5
13F
330
1C
100
AcDbEntity
67
0
8
8 - ценная историческая застройка конец ХIX - начало ХХ века
62
256
6
ByLayer
370
-1
48
1.0
60
0
100
AcDbPoint
10
1394709.38112115
20
360341.64134283
30
0.0
39
0.0
210
0.0
220
0.0
230
1.0
50
360.0
0
TEXT
5
140
330
1C
100
AcDbEntity
67
0
8
8 - ценная историческая застройка конец ХIX - начало ХХ века
62
7
6
ByLayer
370
-1
48
1.0
60
0
100
AcDbText
1
131
10
1394709.51024949
20
360341.915781391
30
0.0
40
0.31111111111
41
1.0
50
0.0
51
0.0
7
Standard
11
1394709.51024949
21
360341.915781391
31
0.0
210
0.0
220
0.0
230
1.0
71
0
72
0
100
AcDbText
73
0
0
POINT
5
141
330
1C
100
AcDbEntity
67
0
8
8 - ценная историческая застройка конец ХIX - начало ХХ века
62
256
6
ByLayer
370
-1
48
1.0
60
0
100
AcDbPoint
10
1394709.22784884
20
360340.922913876
30
0.0
39
0.0
210
0.0
220
0.0
230
1.0
50
360.0
0
TEXT
5
142
330
1C
100
AcDbEntity
67
0
8
8 - ценная историческая застройка конец ХIX - начало ХХ века
62
7
6
ByLayer
370
-1
48
1.0
60
0
100
AcDbText
1
132
10
1394709.35697718
20
360341.197352439
30
0.0
40
0.31111111111
41
1.0
50
0.0
51
0.0
7
Standard
11
1394709.35697718
21
360341.197352439
31
0.0
210
0.0
220
0.0
230
1.0
71
0
72
0
100
AcDbText
73
0
0
POINT
5
143
330
1C
100
AcDbEntity
67
0
8
8 - ценная историческая застройка конец ХIX - начало ХХ века
62
256
6
ByLayer
370
-1
48
1.0
60
0
100
AcDbPoint
10
1394707.55741761
20
360341.324317441
30
0.0
39
0.0
210
0.0
220
0.0
230
1.0
50
360.0
0
TEXT
5
144
330
1C
100
AcDbEntity
67
0
8
8 - ценная историческая застройка конец ХIX - начало ХХ века
62
7
6
ByLayer
370
-1
48
1.0
60
0
100
AcDbText
1
133
10
1394707.68654595
20
360341.598756
30
0.0
40
0.31111111111
41
1.0
50
0.0
51
0.0
7
Standard
11
1394707.68654595
21
360341.598756
31
0.0
210
0.0
220
0.0
230
1.0
71
0
72
0
100
AcDbText
73
0
0
POINT
5
145
330
1C
100
AcDbEntity
67
0
8
8 - ценная историческая застройка конец ХIX - начало ХХ века
62
256
6
ByLayer
370
-1
48
1.0
60
0
100
AcDbPoint
10
1394705.79749919
20
360334.000459783
30
0.0
39
0.0
210
0.0
220
0.0
230
1.0
50
360.0
0
TEXT
5
146
330
1C
100
AcDbEntity
67
0
8
8 - ценная историческая застройка конец ХIX - начало ХХ века
62
7
6
ByLayer
370
-1
48
1.0
60
0
100
AcDbText
1
134
10
1394705.92662755
20
360334.274898337
30
0.0
40
0.31111111111
41
1.0
50
0.0
51
0.0
7
Standard
11
1394705.92662755
21
360334.274898337
31
0.0
210
0.0
220
0.0
230
1.0
71
0
72
0
100
AcDbText
73
0
0
POINT
5
147
330
1C
100
AcDbEntity
67
0
8
8 - ценная историческая застройка конец ХIX - начало ХХ века
62
256
6
ByLayer
370
-1
48
1.0
60
0
100
AcDbPoint
10
1394725.92484273
20
360328.75444331
30
0.0
39
0.0
210
0.0
220
0.0
230
1.0
50
360.0
0
TEXT
5
148
330
1C
100
AcDbEntity
67
0
8
8 - ценная историческая застройка конец ХIX - начало ХХ века
62
7
6
ByLayer
370
-1
48
1.0
60
0
100
AcDbText
1
135
10
1394726.0539711
20
360329.028881901
30
0.0
40
0.31111111111
41
1.0
50
0.0
51
0.0
7
Standard
11
1394726.0539711
21
360329.028881901
31
0.0
210
0.0
220
0.0
230
1.0
71
0
72
0
100
AcDbText
73
0
0
POINT
5
149
330
1C
100
AcDbEntity
67
0
8
8 - ценная историческая застройка конец ХIX - начало ХХ века
62
256
6
ByLayer
370
-1
48
1.0
60
0
100
AcDbPoint
10
1394722.79377678
20
360315.89209166
30
0.0
39
0.0
210
0.0
220
0.0
230
1.0
50
360.0
0
TEXT
5
14A
330
1C
100
AcDbEntity
67
0
8
8 - ценная историческая застройка конец ХIX - начало ХХ века
62
7
6
ByLayer
370
-1
48
1.0
60
0
100
AcDbText
1
136
10
1394722.92290517
20
360316.166530247
30
0.0
40
0.31111111111
41
1.0
50
0.0
51
0.0
7
Standard
11
1394722.92290517
21
360316.166530247
31
0.0
210
0.0
220
0.0
230
1.0
71
0
72
0
100
AcDbText
73
0
0
POINT
5
14B
330
1C
100
AcDbEntity
67
0
8
8 - ценная историческая застройка конец ХIX - начало ХХ века
62
256
6
ByLayer
370
-1
48
1.0
60
0
100
AcDbPoint
10
1394940.58667802
20
359499.001391857
30
0.0
39
0.0
210
0.0
220
0.0
230
1.0
50
360.0
0
TEXT
5
14C
330
1C
100
AcDbEntity
67
0
8
8 - ценная историческая застройка конец ХIX - начало ХХ века
62
7
6
ByLayer
370
-1
48
1.0
60
0
100
AcDbText
1
137
10
1394940.7158079
20
359499.275830861
30
0.0
40
0.31111111111
41
1.0
50
0.0
51
0.0
7
Standard
11
1394940.7158079
21
359499.275830861
31
0.0
210
0.0
220
0.0
230
1.0
71
0
72
0
100
AcDbText
73
0
0
POINT
5
14D
330
1C
100
AcDbEntity
67
0
8
8 - ценная историческая застройка конец ХIX - начало ХХ века
62
256
6
ByLayer
370
-1
48
1.0
60
0
100
AcDbPoint
10
1394961.93549938
20
359521.434988731
30
0.0
39
0.0
210
0.0
220
0.0
230
1.0
50
360.0
0
TEXT
5
14E
330
1C
100
AcDbEntity
67
0
8
8 - ценная историческая застройка конец ХIX - начало ХХ века
62
7
6
ByLayer
370
-1
48
1.0
60
0
100
AcDbText
1
138
10
1394962.06462921
20
359521.709427773
30
0.0
40
0.31111111111
41
1.0
50
0.0
51
0.0
7
Standard
11
1394962.06462921
21
359521.709427773
31
0.0
210
0.0
220
0.0
230
1.0
71
0
72
0
100
AcDbText
73
0
0
POINT
5
14F
330
1C
100
AcDbEntity
67
0
8
8 - ценная историческая застройка конец ХIX - начало ХХ века
62
256
6
ByLayer
370
-1
48
1.0
60
0
100
AcDbPoint
10
1394972.20160509
20
359511.478494963
30
0.0
39
0.0
210
0.0
220
0.0
230
1.0
50
360.0
0
TEXT
5
150
330
1C
100
AcDbEntity
67
0
8
8 - ценная историческая застройка конец ХIX - начало ХХ века
62
7
6
ByLayer
370
-1
48
1.0
60
0
100
AcDbText
1
139
10
1394972.33073494
20
359511.752934025
30
0.0
40
0.31111111111
41
1.0
50
0.0
51
0.0
7
Standard
11
1394972.33073494
21
359511.752934025
31
0.0
210
0.0
220
0.0
230
1.0
71
0
72
0
100
AcDbText
73
0
0
POINT
5
151
330
1C
100
AcDbEntity
67
0
8
8 - ценная историческая застройка конец ХIX - начало ХХ века
62
256
6
ByLayer
370
-1
48
1.0
60
0
100
AcDbPoint
10
1394950.31906454
20
359489.717345476
30
0.0
39
0.0
210
0.0
220
0.0
230
1.0
50
360.0
0
TEXT
5
152
330
1C
100
AcDbEntity
67
0
8
8 - ценная историческая застройка конец ХIX - начало ХХ века
62
7
6
ByLayer
370
-1
48
1.0
60
0
100
AcDbText
1
140
10
1394950.44819443
20
359489.991784497
30
0.0
40
0.31111111111
41
1.0
50
0.0
51
0.0
7
Standard
11
1394950.44819443
21
359489.991784497
31
0.0
210
0.0
220
0.0
230
1.0
71
0
72
0
100
AcDbText
73
0
0
POINT
5
153
330
1C
100
AcDbEntity
67
0
8
8 - ценная историческая застройка конец ХIX - начало ХХ века
62
256
6
ByLayer
370
-1
48
1.0
60
0
100
AcDbPoint
10
1395332.2936895
20
359854.465725994
30
0.0
39
0.0
210
0.0
220
0.0
230
1.0
50
360.0
0
TEXT
5
154
330
1C
100
AcDbEntity
67
0
8
8 - ценная историческая застройка конец ХIX - начало ХХ века
62
7
6
ByLayer
370
-1
48
1.0
60
0
100
AcDbText
1
141
10
1395332.42281872
20
359854.740165703
30
0.0
40
0.31111111111
41
1.0
50
0.0
51
0.0
7
Standard
11
1395332.42281872
21
359854.740165703
31
0.0
210
0.0
220
0.0
230
1.0
71
0
72
0
100
AcDbText
73
0
0
POINT
5
155
330
1C
100
AcDbEntity
67
0
8
8 - ценная историческая застройка конец ХIX - начало ХХ века
62
256
6
ByLayer
370
-1
48
1.0
60
0
100
AcDbPoint
10
1395345.11398672
20
359851.335003468
30
0.0
39
0.0
210
0.0
220
0.0
230
1.0
50
360.0
0
TEXT
5
156
330
1C
100
AcDbEntity
67
0
8
8 - ценная историческая застройка конец ХIX - начало ХХ века
62
7
6
ByLayer
370
-1
48
1.0
60
0
100
AcDbText
1
142
10
1395345.24311594
20
359851.6094432
30
0.0
40
0.31111111111
41
1.0
50
0.0
51
0.0
7
Standard
11
1395345.24311594
21
359851.6094432
31
0.0
210
0.0
220
0.0
230
1.0
71
0
72
0
100
AcDbText
73
0
0
POINT
5
157
330
1C
100
AcDbEntity
67
0
8
8 - ценная историческая застройка конец ХIX - начало ХХ века
62
256
6
ByLayer
370
-1
48
1.0
60
0
100
AcDbPoint
10
1395337.60581383
20
359821.627864963
30
0.0
39
0.0
210
0.0
220
0.0
230
1.0
50
360.0
0
TEXT
5
158
330
1C
100
AcDbEntity
67
0
8
8 - ценная историческая застройка конец ХIX - начало ХХ века
62
7
6
ByLayer
370
-1
48
1.0
60
0
100
AcDbText
1
143
10
1395337.7349431
20
359821.902304684
30
0.0
40
0.31111111111
41
1.0
50
0.0
51
0.0
7
Standard
11
1395337.7349431
21
359821.902304684
31
0.0
210
0.0
220
0.0
230
1.0
71
0
72
0
100
AcDbText
73
0
0
POINT
5
159
330
1C
100
AcDbEntity
67
0
8
8 - ценная историческая застройка конец ХIX - начало ХХ века
62
256
6
ByLayer
370
-1
48
1.0
60
0
100
AcDbPoint
10
1395325.04459188
20
359824.78472174
30
0.0
39
0.0
210
0.0
220
0.0
230
1.0
50
360.0
0
TEXT
5
15A
330
1C
100
AcDbEntity
67
0
8
8 - ценная историческая застройка конец ХIX - начало ХХ века
62
7
6
ByLayer
370
-1
48
1.0
60
0
100
AcDbText
1
144
10
1395325.17372116
20
359825.059161434
30
0.0
40
0.31111111111
41
1.0
50
0.0
51
0.0
7
Standard
11
1395325.17372116
21
359825.059161434
31
0.0
210
0.0
220
0.0
230
1.0
71
0
72
0
100
AcDbText
73
0
0
POINT
5
15B
330
1C
100
AcDbEntity
67
0
8
8 - ценная историческая застройка конец ХIX - начало ХХ века
62
256
6
ByLayer
370
-1
48
1.0
60
0
100
AcDbPoint
10
1398305.65453287
20
359256.589638089
30
0.0
39
0.0
210
0.0
220
0.0
230
1.0
50
360.0
0
TEXT
5
15C
330
1C
100
AcDbEntity
67
0
8
8 - ценная историческая застройка конец ХIX - начало ХХ века
62
7
6
ByLayer
370
-1
48
1.0
60
0
100
AcDbText
1
145
10
1398305.7836631
20
359256.864083237
30
0.0
40
0.31111111111
41
1.0
50
0.0
51
0.0
7
Standard
11
1398305.7836631
21
359256.864083237
31
0.0
210
0.0
220
0.0
230
1.0
71
0
72
0
100
AcDbText
73
0
0
POINT
5
15D
330
1C
100
AcDbEntity
67
0
8
8 - ценная историческая застройка конец ХIX - начало ХХ века
62
256
6
ByLayer
370
-1
48
1.0
60
0
100
AcDbPoint
10
1398291.43536356
20
359258.921785857
30
0.0
39
0.0
210
0.0
220
0.0
230
1.0
50
360.0
0
TEXT
5
15E
330
1C
100
AcDbEntity
67
0
8
8 - ценная историческая застройка конец ХIX - начало ХХ века
62
7
6
ByLayer
370
-1
48
1.0
60
0
100
AcDbText
1
146
10
1398291.56449379
20
359259.196230979
30
0.0
40
0.31111111111
41
1.0
50
0.0
51
0.0
7
Standard
11
1398291.56449379
21
359259.196230979
31
0.0
210
0.0
220
0.0
230
1.0
71
0
72
0
100
AcDbText
73
0
0
POINT
5
15F
330
1C
100
AcDbEntity
67
0
8
8 - ценная историческая застройка конец ХIX - начало ХХ века
62
256
6
ByLayer
370
-1
48
1.0
60
0
100
AcDbPoint
10
1398294.66674694
20
359279.451447847
30
0.0
39
0.0
210
0.0
220
0.0
230
1.0
50
360.0
0
TEXT
5
160
330
1C
100
AcDbEntity
67
0
8
8 - ценная историческая застройка конец ХIX - начало ХХ века
62
7
6
ByLayer
370
-1
48
1.0
60
0
100
AcDbText
1
147
10
1398294.79587713
20
359279.725892972
30
0.0
40
0.31111111111
41
1.0
50
0.0
51
0.0
7
Standard
11
1398294.79587713
21
359279.725892972
31
0.0
210
0.0
220
0.0
230
1.0
71
0
72
0
100
AcDbText
73
0
0
POINT
5
161
330
1C
100
AcDbEntity
67
0
8
8 - ценная историческая застройка конец ХIX - начало ХХ века
62
256
6
ByLayer
370
-1
48
1.0
60
0
100
AcDbPoint
10
1398308.82555351
20
359277.520939331
30
0.0
39
0.0
210
0.0
220
0.0
230
1.0
50
360.0
0
TEXT
5
162
330
1C
100
AcDbEntity
67
0
8
8 - ценная историческая застройка конец ХIX - начало ХХ века
62
7
6
ByLayer
370
-1
48
1.0
60
0
100
AcDbText
1
148
10
1398308.95468371
20
359277.795384482
30
0.0
40
0.31111111111
41
1.0
50
0.0
51
0.0
7
Standard
11
1398308.95468371
21
359277.795384482
31
0.0
210
0.0
220
0.0
230
1.0
71
0
72
0
100
AcDbText
73
0
0
POINT
5
163
330
1C
100
AcDbEntity
67
0
8
8 - ценная историческая застройка конец ХIX - начало ХХ века
62
256
6
ByLayer
370
-1
48
1.0
60
0
100
AcDbPoint
10
1398348.00267019
20
359282.431371256
30
0.0
39
0.0
210
0.0
220
0.0
230
1.0
50
360.0
0
TEXT
5
164
330
1C
100
AcDbEntity
67
0
8
8 - ценная историческая застройка конец ХIX - начало ХХ века
62
7
6
ByLayer
370
-1
48
1.0
60
0
100
AcDbText
1
149
10
1398348.13180037
20
359282.70581648
30
0.0
40
0.31111111111
41
1.0
50
0.0
51
0.0
7
Standard
11
1398348.13180037
21
359282.70581648
31
0.0
210
0.0
220
0.0
230
1.0
71
0
72
0
100
AcDbText
73
0
0
POINT
5
165
330
1C
100
AcDbEntity
67
0
8
8 - ценная историческая застройка конец ХIX - начало ХХ века
62
256
6
ByLayer
370
-1
48
1.0
60
0
100
AcDbPoint
10
1398369.97911514
20
359278.756204113
30
0.0
39
0.0
210
0.0
220
0.0
230
1.0
50
360.0
0
TEXT
5
166
330
1C
100
AcDbEntity
67
0
8
8 - ценная историческая застройка конец ХIX - начало ХХ века
62
7
6
ByLayer
370
-1
48
1.0
60
0
100
AcDbText
1
150
10
1398370.10824533
20
359279.030649377
30
0.0
40
0.31111111111
41
1.0
50
0.0
51
0.0
7
Standard
11
1398370.10824533
21
359279.030649377
31
0.0
210
0.0
220
0.0
230
1.0
71
0
72
0
100
AcDbText
73
0
0
POINT
5
167
330
1C
100
AcDbEntity
67
0
8
8 - ценная историческая застройка конец ХIX - начало ХХ века
62
256
6
ByLayer
370
-1
48
1.0
60
0
100
AcDbPoint
10
1398367.92649377
20
359266.482118796
30
0.0
39
0.0
210
0.0
220
0.0
230
1.0
50
360.0
0
TEXT
5
168
330
1C
100
AcDbEntity
67
0
8
8 - ценная историческая застройка конец ХIX - начало ХХ века
62
7
6
ByLayer
370
-1
48
1.0
60
0
100
AcDbText
1
151
10
1398368.05562397
20
359266.756564056
30
0.0
40
0.31111111111
41
1.0
50
0.0
51
0.0
7
Standard
11
1398368.05562397
21
359266.756564056
31
0.0
210
0.0
220
0.0
230
1.0
71
0
72
0
100
AcDbText
73
0
0
POINT
5
169
330
1C
100
AcDbEntity
67
0
8
8 - ценная историческая застройка конец ХIX - начало ХХ века
62
256
6
ByLayer
370
-1
48
1.0
60
0
100
AcDbPoint
10
1398365.7383913
20
359266.848039855
30
0.0
39
0.0
210
0.0
220
0.0
230
1.0
50
360.0
0
TEXT
5
16A
330
1C
100
AcDbEntity
67
0
8
8 - ценная историческая застройка конец ХIX - начало ХХ века
62
7
6
ByLayer
370
-1
48
1.0
60
0
100
AcDbText
1
152
10
1398365.86752151
20
359267.122485112
30
0.0
40
0.31111111111
41
1.0
50
0.0
51
0.0
7
Standard
11
1398365.86752151
21
359267.122485112
31
0.0
210
0.0
220
0.0
230
1.0
71
0
72
0
100
AcDbText
73
0
0
POINT
5
16B
330
1C
100
AcDbEntity
67
0
8
8 - ценная историческая застройка конец ХIX - начало ХХ века
62
256
6
ByLayer
370
-1
48
1.0
60
0
100
AcDbPoint
10
1398362.489709
20
359247.421859072
30
0.0
39
0.0
210
0.0
220
0.0
230
1.0
50
360.0
0
TEXT
5
16C
330
1C
100
AcDbEntity
67
0
8
8 - ценная историческая застройка конец ХIX - начало ХХ века
62
7
6
ByLayer
370
-1
48
1.0
60
0
100
AcDbText
1
153
10
1398362.61883925
20
359247.696304324
30
0.0
40
0.31111111111
41
1.0
50
0.0
51
0.0
7
Standard
11
1398362.61883925
21
359247.696304324
31
0.0
210
0.0
220
0.0
230
1.0
71
0
72
0
100
AcDbText
73
0
0
POINT
5
16D
330
1C
100
AcDbEntity
67
0
8
8 - ценная историческая застройка конец ХIX - начало ХХ века
62
256
6
ByLayer
370
-1
48
1.0
60
0
100
AcDbPoint
10
1398344.90845814
20
359250.362010129
30
0.0
39
0.0
210
0.0
220
0.0
230
1.0
50
360.0
0
TEXT
5
16E
330
1C
100
AcDbEntity
67
0
8
8 - ценная историческая застройка конец ХIX - начало ХХ века
62
7
6
ByLayer
370
-1
48
1.0
60
0
100
AcDbText
1
154
10
1398345.03758838
20
359250.636455348
30
0.0
40
0.31111111111
41
1.0
50
0.0
51
0.0
7
Standard
11
1398345.03758838
21
359250.636455348
31
0.0
210
0.0
220
0.0
230
1.0
71
0
72
0
100
AcDbText
73
0
0
POINT
5
16F
330
1C
100
AcDbEntity
67
0
8
8 - ценная историческая застройка конец ХIX - начало ХХ века
62
256
6
ByLayer
370
-1
48
1.0
60
0
100
AcDbPoint
10
1398346.66734888
20
359260.879667937
30
0.0
39
0.0
210
0.0
220
0.0
230
1.0
50
360.0
0
TEXT
5
170
330
1C
100
AcDbEntity
67
0
8
8 - ценная историческая застройка конец ХIX - начало ХХ века
62
7
6
ByLayer
370
-1
48
1.0
60
0
100
AcDbText
1
155
10
1398346.79647911
20
359261.154113159
30
0.0
40
0.31111111111
41
1.0
50
0.0
51
0.0
7
Standard
11
1398346.79647911
21
359261.154113159
31
0.0
210
0.0
220
0.0
230
1.0
71
0
72
0
100
AcDbText
73
0
0
POINT
5
171
330
1C
100
AcDbEntity
67
0
8
8 - ценная историческая застройка конец ХIX - начало ХХ века
62
256
6
ByLayer
370
-1
48
1.0
60
0
100
AcDbPoint
10
1398343.94481146
20
359261.33496374
30
0.0
39
0.0
210
0.0
220
0.0
230
1.0
50
360.0
0
TEXT
5
172
330
1C
100
AcDbEntity
67
0
8
8 - ценная историческая застройка конец ХIX - начало ХХ века
62
7
6
ByLayer
370
-1
48
1.0
60
0
100
AcDbText
1
156
10
1398344.07394168
20
359261.609408957
30
0.0
40
0.31111111111
41
1.0
50
0.0
51
0.0
7
Standard
11
1398344.07394168
21
359261.609408957
31
0.0
210
0.0
220
0.0
230
1.0
71
0
72
0
100
AcDbText
73
0
0
POINT
5
173
330
1C
100
AcDbEntity
67
0
8
8 - ценная историческая застройка конец ХIX - начало ХХ века
62
256
6
ByLayer
370
-1
48
1.0
60
0
100
AcDbPoint
10
1398344.59279734
20
359265.209732351
30
0.0
39
0.0
210
0.0
220
0.0
230
1.0
50
360.0
0
TEXT
5
174
330
1C
100
AcDbEntity
67
0
8
8 - ценная историческая застройка конец ХIX - начало ХХ века
62
7
6
ByLayer
370
-1
48
1.0
60
0
100
AcDbText
1
157
10
1398344.72192756
20
359265.484177569
30
0.0
40
0.31111111111
41
1.0
50
0.0
51
0.0
7
Standard
11
1398344.72192756
21
359265.484177569
31
0.0
210
0.0
220
0.0
230
1.0
71
0
72
0
100
AcDbText
73
0
0
POINT
5
175
330
1C
100
AcDbEntity
67
0
8
8 - ценная историческая застройка конец ХIX - начало ХХ века
62
256
6
ByLayer
370
-1
48
1.0
60
0
100
AcDbPoint
10
1398347.20078901
20
359264.773592309
30
0.0
39
0.0
210
0.0
220
0.0
230
1.0
50
360.0
0
TEXT
5
176
330
1C
100
AcDbEntity
67
0
8
8 - ценная историческая застройка конец ХIX - начало ХХ века
62
7
6
ByLayer
370
-1
48
1.0
60
0
100
AcDbText
1
158
10
1398347.32991922
20
359265.048037531
30
0.0
40
0.31111111111
41
1.0
50
0.0
51
0.0
7
Standard
11
1398347.32991922
21
359265.048037531
31
0.0
210
0.0
220
0.0
230
1.0
71
0
72
0
100
AcDbText
73
0
0
POINT
5
177
330
1C
100
AcDbEntity
67
0
8
8 - ценная историческая застройка конец ХIX - начало ХХ века
62
256
6
ByLayer
370
-1
48
1.0
60
0
100
AcDbPoint
10
1398348.06545663
20
359269.944055482
30
0.0
39
0.0
210
0.0
220
0.0
230
1.0
50
360.0
0
TEXT
5
178
330
1C
100
AcDbEntity
67
0
8
8 - ценная историческая застройка конец ХIX - начало ХХ века
62
7
6
ByLayer
370
-1
48
1.0
60
0
100
AcDbText
1
159
10
1398348.19458683
20
359270.218500706
30
0.0
40
0.31111111111
41
1.0
50
0.0
51
0.0
7
Standard
11
1398348.19458683
21
359270.218500706
31
0.0
210
0.0
220
0.0
230
1.0
71
0
72
0
100
AcDbText
73
0
0
POINT
5
179
330
1C
100
AcDbEntity
67
0
8
8 - ценная историческая застройка конец ХIX - начало ХХ века
62
256
6
ByLayer
370
-1
48
1.0
60
0
100
AcDbPoint
10
1398345.9729113
20
359270.2939963
30
0.0
39
0.0
210
0.0
220
0.0
230
1.0
50
360.0
0
TEXT
5
17A
330
1C
100
AcDbEntity
67
0
8
8 - ценная историческая застройка конец ХIX - начало ХХ века
62
7
6
ByLayer
370
-1
48
1.0
60
0
100
AcDbText
1
160
10
1398346.1020415
20
359270.568441521
30
0.0
40
0.31111111111
41
1.0
50
0.0
51
0.0
7
Standard
11
1398346.1020415
21
359270.568441521
31
0.0
210
0.0
220
0.0
230
1.0
71
0
72
0
100
AcDbText
73
0
0
POINT
5
17B
330
1C
100
AcDbEntity
67
0
8
8 - ценная историческая застройка конец ХIX - начало ХХ века
62
256
6
ByLayer
370
-1
48
1.0
60
0
100
AcDbPoint
10
1394730.17898029
20
359467.031541018
30
0.0
39
0.0
210
0.0
220
0.0
230
1.0
50
360.0
0
TEXT
5
17C
330
1C
100
AcDbEntity
67
0
8
8 - ценная историческая застройка конец ХIX - начало ХХ века
62
7
6
ByLayer
370
-1
48
1.0
60
0
100
AcDbText
1
161
10
1394730.30811023
20
359467.305979637
30
0.0
40
0.31111111111
41
1.0
50
0.0
51
0.0
7
Standard
11
1394730.30811023
21
359467.305979637
31
0.0
210
0.0
220
0.0
230
1.0
71
0
72
0
100
AcDbText
73
0
0
POINT
5
17D
330
1C
100
AcDbEntity
67
0
8
8 - ценная историческая застройка конец ХIX - начало ХХ века
62
256
6
ByLayer
370
-1
48
1.0
60
0
100
AcDbPoint
10
1394725.26818289
20
359446.721020653
30
0.0
39
0.0
210
0.0
220
0.0
230
1.0
50
360.0
0
TEXT
5
17E
330
1C
100
AcDbEntity
67
0
8
8 - ценная историческая застройка конец ХIX - начало ХХ века
62
7
6
ByLayer
370
-1
48
1.0
60
0
100
AcDbText
1
162
10
1394725.39731287
20
359446.995459266
30
0.0
40
0.31111111111
41
1.0
50
0.0
51
0.0
7
Standard
11
1394725.39731287
21
359446.995459266
31
0.0
210
0.0
220
0.0
230
1.0
71
0
72
0
100
AcDbText
73
0
0
POINT
5
17F
330
1C
100
AcDbEntity
67
0
8
8 - ценная историческая застройка конец ХIX - начало ХХ века
62
256
6
ByLayer
370
-1
48
1.0
60
0
100
AcDbPoint
10
1394741.86263196
20
359442.215614444
30
0.0
39
0.0
210
0.0
220
0.0
230
1.0
50
360.0
0
TEXT
5
180
330
1C
100
AcDbEntity
67
0
8
8 - ценная историческая застройка конец ХIX - начало ХХ века
62
7
6
ByLayer
370
-1
48
1.0
60
0
100
AcDbText
1
163
10
1394741.99176194
20
359442.490053086
30
0.0
40
0.31111111111
41
1.0
50
0.0
51
0.0
7
Standard
11
1394741.99176194
21
359442.490053086
31
0.0
210
0.0
220
0.0
230
1.0
71
0
72
0
100
AcDbText
73
0
0
POINT
5
181
330
1C
100
AcDbEntity
67
0
8
8 - ценная историческая застройка конец ХIX - начало ХХ века
62
256
6
ByLayer
370
-1
48
1.0
60
0
100
AcDbPoint
10
1394745.4656353
20
359455.41253521
30
0.0
39
0.0
210
0.0
220
0.0
230
1.0
50
360.0
0
TEXT
5
182
330
1C
100
AcDbEntity
67
0
8
8 - ценная историческая застройка конец ХIX - начало ХХ века
62
7
6
ByLayer
370
-1
48
1.0
60
0
100
AcDbText
1
164
10
1394745.59476526
20
359455.686973858
30
0.0
40
0.31111111111
41
1.0
50
0.0
51
0.0
7
Standard
11
1394745.59476526
21
359455.686973858
31
0.0
210
0.0
220
0.0
230
1.0
71
0
72
0
100
AcDbText
73
0
0
POINT
5
183
330
1C
100
AcDbEntity
67
0
8
8 - ценная историческая застройка конец ХIX - начало ХХ века
62
256
6
ByLayer
370
-1
48
1.0
60
0
100
AcDbPoint
10
1394742.49799738
20
359456.218251187
30
0.0
39
0.0
210
0.0
220
0.0
230
1.0
50
360.0
0
TEXT
5
184
330
1C
100
AcDbEntity
67
0
8
8 - ценная историческая застройка конец ХIX - начало ХХ века
62
7
6
ByLayer
370
-1
48
1.0
60
0
100
AcDbText
1
165
10
1394742.62712734
20
359456.492689831
30
0.0
40
0.31111111111
41
1.0
50
0.0
51
0.0
7
Standard
11
1394742.62712734
21
359456.492689831
31
0.0
210
0.0
220
0.0
230
1.0
71
0
72
0
100
AcDbText
73
0
0
POINT
5
185
330
1C
100
AcDbEntity
67
0
8
8 - ценная историческая застройка конец ХIX - начало ХХ века
62
256
6
ByLayer
370
-1
48
1.0
60
0
100
AcDbPoint
10
1394741.97568751
20
359454.294463396
30
0.0
39
0.0
210
0.0
220
0.0
230
1.0
50
360.0
0
TEXT
5
186
330
1C
100
AcDbEntity
67
0
8
8 - ценная историческая застройка конец ХIX - начало ХХ века
62
7
6
ByLayer
370
-1
48
1.0
60
0
100
AcDbText
1
166
10
1394742.10481748
20
359454.568902039
30
0.0
40
0.31111111111
41
1.0
50
0.0
51
0.0
7
Standard
11
1394742.10481748
21
359454.568902039
31
0.0
210
0.0
220
0.0
230
1.0
71
0
72
0
100
AcDbText
73
0
0
POINT
5
187
330
1C
100
AcDbEntity
67
0
8
8 - ценная историческая застройка конец ХIX - начало ХХ века
62
256
6
ByLayer
370
-1
48
1.0
60
0
100
AcDbPoint
10
1394740.64296711
20
359454.656298018
30
0.0
39
0.0
210
0.0
220
0.0
230
1.0
50
360.0
0
TEXT
5
188
330
1C
100
AcDbEntity
67
0
8
8 - ценная историческая застройка конец ХIX - начало ХХ века
62
7
6
ByLayer
370
-1
48
1.0
60
0
100
AcDbText
1
167
10
1394740.77209707
20
359454.930736657
30
0.0
40
0.31111111111
41
1.0
50
0.0
51
0.0
7
Standard
11
1394740.77209707
21
359454.930736657
31
0.0
210
0.0
220
0.0
230
1.0
71
0
72
0
100
AcDbText
73
0
0
POINT
5
189
330
1C
100
AcDbEntity
67
0
8
8 - ценная историческая застройка конец ХIX - начало ХХ века
62
256
6
ByLayer
370
-1
48
1.0
60
0
100
AcDbPoint
10
1394741.6926425
20
359458.522494811
30
0.0
39
0.0
210
0.0
220
0.0
230
1.0
50
360.0
0
TEXT
5
18A
330
1C
100
AcDbEntity
67
0
8
8 - ценная историческая застройка конец ХIX - начало ХХ века
62
7
6
ByLayer
370
-1
48
1.0
60
0
100
AcDbText
1
168
10
1394741.82177245
20
359458.796933452
30
0.0
40
0.31111111111
41
1.0
50
0.0
51
0.0
7
Standard
11
1394741.82177245
21
359458.796933452
31
0.0
210
0.0
220
0.0
230
1.0
71
0
72
0
100
AcDbText
73
0
0
POINT
5
18B
330
1C
100
AcDbEntity
67
0
8
8 - ценная историческая застройка конец ХIX - начало ХХ века
62
256
6
ByLayer
370
-1
48
1.0
60
0
100
AcDbPoint
10
1394744.18356559
20
359457.846207292
30
0.0
39
0.0
210
0.0
220
0.0
230
1.0
50
360.0
0
TEXT
5
18C
330
1C
100
AcDbEntity
67
0
8
8 - ценная историческая застройка конец ХIX - начало ХХ века
62
7
6
ByLayer
370
-1
48
1.0
60
0
100
AcDbText
1
169
10
1394744.31269554
20
359458.12064594
30
0.0
40
0.31111111111
41
1.0
50
0.0
51
0.0
7
Standard
11
1394744.31269554
21
359458.12064594
31
0.0
210
0.0
220
0.0
230
1.0
71
0
72
0
100
AcDbText
73
0
0
POINT
5
18D
330
1C
100
AcDbEntity
67
0
8
8 - ценная историческая застройка конец ХIX - начало ХХ века
62
256
6
ByLayer
370
-1
48
1.0
60
0
100
AcDbPoint
10
1394745.70833643
20
359463.46229052
30
0.0
39
0.0
210
0.0
220
0.0
230
1.0
50
360.0
0
TEXT
5
18E
330
1C
100
AcDbEntity
67
0
8
8 - ценная историческая застройка конец ХIX - начало ХХ века
62
7
6
ByLayer
370
-1
48
1.0
60
0
100
AcDbText
1
170
10
1394745.83746638
20
359463.73672917
30
0.0
40
0.31111111111
41
1.0
50
0.0
51
0.0
7
Standard
11
1394745.83746638
21
359463.73672917
31
0.0
210
0.0
220
0.0
230
1.0
71
0
72
0
100
AcDbText
73
0
0
POINT
5
18F
330
1C
100
AcDbEntity
67
0
8
8 - ценная историческая застройка конец ХIX - начало ХХ века
62
256
6
ByLayer
370
-1
48
1.0
60
0
100
AcDbPoint
10
1397062.10754874
20
359812.251342499
30
0.0
39
0.0
210
0.0
220
0.0
230
1.0
50
360.0
0
TEXT
5
190
330
1C
100
AcDbEntity
67
0
8
8 - ценная историческая застройка конец ХIX - начало ХХ века
62
7
6
ByLayer
370
-1
48
1.0
60
0
100
AcDbText
1
171
10
1397062.23667799
20
359812.525785361
30
0.0
40
0.31111111111
41
1.0
50
0.0
51
0.0
7
Standard
11
1397062.23667799
21
359812.525785361
31
0.0
210
0.0
220
0.0
230
1.0
71
0
72
0
100
AcDbText
73
0
0
POINT
5
191
330
1C
100
AcDbEntity
67
0
8
8 - ценная историческая застройка конец ХIX - начало ХХ века
62
256
6
ByLayer
370
-1
48
1.0
60
0
100
AcDbPoint
10
1397060.14682261
20
359812.724367393
30
0.0
39
0.0
210
0.0
220
0.0
230
1.0
50
360.0
0
TEXT
5
192
330
1C
100
AcDbEntity
67
0
8
8 - ценная историческая застройка конец ХIX - начало ХХ века
62
7
6
ByLayer
370
-1
48
1.0
60
0
100
AcDbText
1
172
10
1397060.27595185
20
359812.998810254
30
0.0
40
0.31111111111
41
1.0
50
0.0
51
0.0
7
Standard
11
1397060.27595185
21
359812.998810254
31
0.0
210
0.0
220
0.0
230
1.0
71
0
72
0
100
AcDbText
73
0
0
POINT
5
193
330
1C
100
AcDbEntity
67
0
8
8 - ценная историческая застройка конец ХIX - начало ХХ века
62
256
6
ByLayer
370
-1
48
1.0
60
0
100
AcDbPoint
10
1397061.19836428
20
359816.491338306
30
0.0
39
0.0
210
0.0
220
0.0
230
1.0
50
360.0
0
TEXT
5
194
330
1C
100
AcDbEntity
67
0
8
8 - ценная историческая застройка конец ХIX - начало ХХ века
62
7
6
ByLayer
370
-1
48
1.0
60
0
100
AcDbText
1
173
10
1397061.32749352
20
359816.76578117
30
0.0
40
0.31111111111
41
1.0
50
0.0
51
0.0
7
Standard
11
1397061.32749352
21
359816.76578117
31
0.0
210
0.0
220
0.0
230
1.0
71
0
72
0
100
AcDbText
73
0
0
POINT
5
195
330
1C
100
AcDbEntity
67
0
8
8 - ценная историческая застройка конец ХIX - начало ХХ века
62
256
6
ByLayer
370
-1
48
1.0
60
0
100
AcDbPoint
10
1397069.15576137
20
359814.270048374
30
0.0
39
0.0
210
0.0
220
0.0
230
1.0
50
360.0
0
TEXT
5
196
330
1C
100
AcDbEntity
67
0
8
8 - ценная историческая застройка конец ХIX - начало ХХ века
62
7
6
ByLayer
370
-1
48
1.0
60
0
100
AcDbText
1
174
10
1397069.28489061
20
359814.544491252
30
0.0
40
0.31111111111
41
1.0
50
0.0
51
0.0
7
Standard
11
1397069.28489061
21
359814.544491252
31
0.0
210
0.0
220
0.0
230
1.0
71
0
72
0
100
AcDbText
73
0
0
POINT
5
197
330
1C
100
AcDbEntity
67
0
8
8 - ценная историческая застройка конец ХIX - начало ХХ века
62
256
6
ByLayer
370
-1
48
1.0
60
0
100
AcDbPoint
10
1397070.03100334
20
359817.405455335
30
0.0
39
0.0
210
0.0
220
0.0
230
1.0
50
360.0
0
TEXT
5
198
330
1C
100
AcDbEntity
67
0
8
8 - ценная историческая застройка конец ХIX - начало ХХ века
62
7
6
ByLayer
370
-1
48
1.0
60
0
100
AcDbText
1
175
10
1397070.16013258
20
359817.679898215
30
0.0
40
0.31111111111
41
1.0
50
0.0
51
0.0
7
Standard
11
1397070.16013258
21
359817.679898215
31
0.0
210
0.0
220
0.0
230
1.0
71
0
72
0
100
AcDbText
73
0
0
POINT
5
199
330
1C
100
AcDbEntity
67
0
8
8 - ценная историческая застройка конец ХIX - начало ХХ века
62
256
6
ByLayer
370
-1
48
1.0
60
0
100
AcDbPoint
10
1397078.79380511
20
359815.000185556
30
0.0
39
0.0
210
0.0
220
0.0
230
1.0
50
360.0
0
TEXT
5
19A
330
1C
100
AcDbEntity
67
0
8
8 - ценная историческая застройка конец ХIX - начало ХХ века
62
7
6
ByLayer
370
-1
48
1.0
60
0
100
AcDbText
1
176
10
1397078.92293435
20
359815.274628445
30
0.0
40
0.31111111111
41
1.0
50
0.0
51
0.0
7
Standard
11
1397078.92293435
21
359815.274628445
31
0.0
210
0.0
220
0.0
230
1.0
71
0
72
0
100
AcDbText
73
0
0
POINT
5
19B
330
1C
100
AcDbEntity
67
0
8
8 - ценная историческая застройка конец ХIX - начало ХХ века
62
256
6
ByLayer
370
-1
48
1.0
60
0
100
AcDbPoint
10
1397077.70210532
20
359810.947580733
30
0.0
39
0.0
210
0.0
220
0.0
230
1.0
50
360.0
0
TEXT
5
19C
330
1C
100
AcDbEntity
67
0
8
8 - ценная историческая застройка конец ХIX - начало ХХ века
62
7
6
ByLayer
370
-1
48
1.0
60
0
100
AcDbText
1
177
10
1397077.83123457
20
359811.222023623
30
0.0
40
0.31111111111
41
1.0
50
0.0
51
0.0
7
Standard
11
1397077.83123457
21
359811.222023623
31
0.0
210
0.0
220
0.0
230
1.0
71
0
72
0
100
AcDbText
73
0
0
POINT
5
19D
330
1C
100
AcDbEntity
67
0
8
8 - ценная историческая застройка конец ХIX - начало ХХ века
62
256
6
ByLayer
370
-1
48
1.0
60
0
100
AcDbPoint
10
1397075.14825468
20
359811.635542768
30
0.0
39
0.0
210
0.0
220
0.0
230
1.0
50
360.0
0
TEXT
5
19E
330
1C
100
AcDbEntity
67
0
8
8 - ценная историческая застройка конец ХIX - начало ХХ века
62
7
6
ByLayer
370
-1
48
1.0
60
0
100
AcDbText
1
178
10
1397075.27738392
20
359811.909985654
30
0.0
40
0.31111111111
41
1.0
50
0.0
51
0.0
7
Standard
11
1397075.27738392
21
359811.909985654
31
0.0
210
0.0
220
0.0
230
1.0
71
0
72
0
100
AcDbText
73
0
0
POINT
5
19F
330
1C
100
AcDbEntity
67
0
8
8 - ценная историческая застройка конец ХIX - начало ХХ века
62
256
6
ByLayer
370
-1
48
1.0
60
0
100
AcDbPoint
10
1397074.374862
20
359808.764556782
30
0.0
39
0.0
210
0.0
220
0.0
230
1.0
50
360.0
0
TEXT
5
1A0
330
1C
100
AcDbEntity
67
0
8
8 - ценная историческая застройка конец ХIX - начало ХХ века
62
7
6
ByLayer
370
-1
48
1.0
60
0
100
AcDbText
1
179
10
1397074.50399126
20
359809.03899967
30
0.0
40
0.31111111111
41
1.0
50
0.0
51
0.0
7
Standard
11
1397074.50399126
21
359809.03899967
31
0.0
210
0.0
220
0.0
230
1.0
71
0
72
0
100
AcDbText
73
0
0
POINT
5
1A1
330
1C
100
AcDbEntity
67
0
8
8 - ценная историческая застройка конец ХIX - начало ХХ века
62
256
6
ByLayer
370
-1
48
1.0
60
0
100
AcDbPoint
10
1397070.9087116
20
359809.6982762
30
0.0
39
0.0
210
0.0
220
0.0
230
1.0
50
360.0
0
TEXT
5
1A2
330
1C
100
AcDbEntity
67
0
8
8 - ценная историческая застройка конец ХIX - начало ХХ века
62
7
6
ByLayer
370
-1
48
1.0
60
0
100
AcDbText
1
180
10
1397071.03784085
20
359809.97271908
30
0.0
40
0.31111111111
41
1.0
50
0.0
51
0.0
7
Standard
11
1397071.03784085
21
359809.97271908
31
0.0
210
0.0
220
0.0
230
1.0
71
0
72
0
100
AcDbText
73
0
0
POINT
5
1A3
330
1C
100
AcDbEntity
67
0
8
8 - ценная историческая застройка конец ХIX - начало ХХ века
62
256
6
ByLayer
370
-1
48
1.0
60
0
100
AcDbPoint
10
1397068.3970249
20
359800.374400825
30
0.0
39
0.0
210
0.0
220
0.0
230
1.0
50
360.0
0
TEXT
5
1A4
330
1C
100
AcDbEntity
67
0
8
8 - ценная историческая застройка конец ХIX - начало ХХ века
62
7
6
ByLayer
370
-1
48
1.0
60
0
100
AcDbText
1
181
10
1397068.52615417
20
359800.648843702
30
0.0
40
0.31111111111
41
1.0
50
0.0
51
0.0
7
Standard
11
1397068.52615417
21
359800.648843702
31
0.0
210
0.0
220
0.0
230
1.0
71
0
72
0
100
AcDbText
73
0
0
POINT
5
1A5
330
1C
100
AcDbEntity
67
0
8
8 - ценная историческая застройка конец ХIX - начало ХХ века
62
256
6
ByLayer
370
-1
48
1.0
60
0
100
AcDbPoint
10
1397066.43046652
20
359800.94229704
30
0.0
39
0.0
210
0.0
220
0.0
230
1.0
50
360.0
0
TEXT
5
1A6
330
1C
100
AcDbEntity
67
0
8
8 - ценная историческая застройка конец ХIX - начало ХХ века
62
7
6
ByLayer
370
-1
48
1.0
60
0
100
AcDbText
1
182
10
1397066.55959578
20
359801.216739914
30
0.0
40
0.31111111111
41
1.0
50
0.0
51
0.0
7
Standard
11
1397066.55959578
21
359801.216739914
31
0.0
210
0.0
220
0.0
230
1.0
71
0
72
0
100
AcDbText
73
0
0
POINT
5
1A7
330
1C
100
AcDbEntity
67
0
8
8 - ценная историческая застройка конец ХIX - начало ХХ века
62
256
6
ByLayer
370
-1
48
1.0
60
0
100
AcDbPoint
10
1397065.92284664
20
359799.031848673
30
0.0
39
0.0
210
0.0
220
0.0
230
1.0
50
360.0
0
TEXT
5
1A8
330
1C
100
AcDbEntity
67
0
8
8 - ценная историческая застройка конец ХIX - начало ХХ века
62
7
6
ByLayer
370
-1
48
1.0
60
0
100
AcDbText
1
183
10
1397066.05197592
20
359799.306291543
30
0.0
40
0.31111111111
41
1.0
50
0.0
51
0.0
7
Standard
11
1397066.05197592
21
359799.306291543
31
0.0
210
0.0
220
0.0
230
1.0
71
0
72
0
100
AcDbText
73
0
0
POINT
5
1A9
330
1C
100
AcDbEntity
67
0
8
8 - ценная историческая застройка конец ХIX - начало ХХ века
62
256
6
ByLayer
370
-1
48
1.0
60
0
100
AcDbPoint
10
1397059.18127772
20
359800.868069032
30
0.0
39
0.0
210
0.0
220
0.0
230
1.0
50
360.0
0
TEXT
5
1AA
330
1C
100
AcDbEntity
67
0
8
8 - ценная историческая застройка конец ХIX - начало ХХ века
62
7
6
ByLayer
370
-1
48
1.0
60
0
100
AcDbText
1
184
10
1397059.31040699
20
359801.142511889
30
0.0
40
0.31111111111
41
1.0
50
0.0
51
0.0
7
Standard
11
1397059.31040699
21
359801.142511889
31
0.0
210
0.0
220
0.0
230
1.0
71
0
72
0
100
AcDbText
73
0
0
POINT
5
1AB
330
1C
100
AcDbEntity
67
0
8
8 - ценная историческая застройка конец ХIX - начало ХХ века
62
256
6
ByLayer
370
-1
48
1.0
60
0
100
AcDbPoint
10
1397211.28130969
20
360027.000164186
30
0.0
39
0.0
210
0.0
220
0.0
230
1.0
50
360.0
0
TEXT
5
1AC
330
1C
100
AcDbEntity
67
0
8
8 - ценная историческая застройка конец ХIX - начало ХХ века
62
7
6
ByLayer
370
-1
48
1.0
60
0
100
AcDbText
1
185
10
1397211.41043854
20
360027.274607319
30
0.0
40
0.31111111111
41
1.0
50
0.0
51
0.0
7
Standard
11
1397211.41043854
21
360027.274607319
31
0.0
210
0.0
220
0.0
230
1.0
71
0
72
0
100
AcDbText
73
0
0
POINT
5
1AD
330
1C
100
AcDbEntity
67
0
8
8 - ценная историческая застройка конец ХIX - начало ХХ века
62
256
6
ByLayer
370
-1
48
1.0
60
0
100
AcDbPoint
10
1397209.18885653
20
360015.519460528
30
0.0
39
0.0
210
0.0
220
0.0
230
1.0
50
360.0
0
TEXT
5
1AE
330
1C
100
AcDbEntity
67
0
8
8 - ценная историческая застройка конец ХIX - начало ХХ века
62
7
6
ByLayer
370
-1
48
1.0
60
0
100
AcDbText
1
186
10
1397209.3179854
20
360015.793903657
30
0.0
40
0.31111111111
41
1.0
50
0.0
51
0.0
7
Standard
11
1397209.3179854
21
360015.793903657
31
0.0
210
0.0
220
0.0
230
1.0
71
0
72
0
100
AcDbText
73
0
0
POINT
5
1AF
330
1C
100
AcDbEntity
67
0
8
8 - ценная историческая застройка конец ХIX - начало ХХ века
62
256
6
ByLayer
370
-1
48
1.0
60
0
100
AcDbPoint
10
1397210.3642166
20
360015.404171548
30
0.0
39
0.0
210
0.0
220
0.0
230
1.0
50
360.0
0
TEXT
5
1B0
330
1C
100
AcDbEntity
67
0
8
8 - ценная историческая застройка конец ХIX - начало ХХ века
62
7
6
ByLayer
370
-1
48
1.0
60
0
100
AcDbText
1
187
10
1397210.49334548
20
360015.67861468
30
0.0
40
0.31111111111
41
1.0
50
0.0
51
0.0
7
Standard
11
1397210.49334548
21
360015.67861468
31
0.0
210
0.0
220
0.0
230
1.0
71
0
72
0
100
AcDbText
73
0
0
POINT
5
1B1
330
1C
100
AcDbEntity
67
0
8
8 - ценная историческая застройка конец ХIX - начало ХХ века
62
256
6
ByLayer
370
-1
48
1.0
60
0
100
AcDbPoint
10
1397210.11455007
20
360012.548027907
30
0.0
39
0.0
210
0.0
220
0.0
230
1.0
50
360.0
0
TEXT
5
1B2
330
1C
100
AcDbEntity
67
0
8
8 - ценная историческая застройка конец ХIX - начало ХХ века
62
7
6
ByLayer
370
-1
48
1.0
60
0
100
AcDbText
1
188
10
1397210.24367894
20
360012.822471037
30
0.0
40
0.31111111111
41
1.0
50
0.0
51
0.0
7
Standard
11
1397210.24367894
21
360012.822471037
31
0.0
210
0.0
220
0.0
230
1.0
71
0
72
0
100
AcDbText
73
0
0
POINT
5
1B3
330
1C
100
AcDbEntity
67
0
8
8 - ценная историческая застройка конец ХIX - начало ХХ века
62
256
6
ByLayer
370
-1
48
1.0
60
0
100
AcDbPoint
10
1397213.85119786
20
360012.199049847
30
0.0
39
0.0
210
0.0
220
0.0
230
1.0
50
360.0
0
TEXT
5
1B4
330
1C
100
AcDbEntity
67
0
8
8 - ценная историческая застройка конец ХIX - начало ХХ века
62
7
6
ByLayer
370
-1
48
1.0
60
0
100
AcDbText
1
189
10
1397213.98032674
20
360012.473492986
30
0.0
40
0.31111111111
41
1.0
50
0.0
51
0.0
7
Standard
11
1397213.98032674
21
360012.473492986
31
0.0
210
0.0
220
0.0
230
1.0
71
0
72
0
100
AcDbText
73
0
0
POINT
5
1B5
330
1C
100
AcDbEntity
67
0
8
8 - ценная историческая застройка конец ХIX - начало ХХ века
62
256
6
ByLayer
370
-1
48
1.0
60
0
100
AcDbPoint
10
1397213.73646785
20
360010.746073267
30
0.0
39
0.0
210
0.0
220
0.0
230
1.0
50
360.0
0
TEXT
5
1B6
330
1C
100
AcDbEntity
67
0
8
8 - ценная историческая застройка конец ХIX - начало ХХ века
62
7
6
ByLayer
370
-1
48
1.0
60
0
100
AcDbText
1
190
10
1397213.86559674
20
360011.020516401
30
0.0
40
0.31111111111
41
1.0
50
0.0
51
0.0
7
Standard
11
1397213.86559674
21
360011.020516401
31
0.0
210
0.0
220
0.0
230
1.0
71
0
72
0
100
AcDbText
73
0
0
POINT
5
1B7
330
1C
100
AcDbEntity
67
0
8
8 - ценная историческая застройка конец ХIX - начало ХХ века
62
256
6
ByLayer
370
-1
48
1.0
60
0
100
AcDbPoint
10
1397222.48872715
20
360009.493102069
30
0.0
39
0.0
210
0.0
220
0.0
230
1.0
50
360.0
0
TEXT
5
1B8
330
1C
100
AcDbEntity
67
0
8
8 - ценная историческая застройка конец ХIX - начало ХХ века
62
7
6
ByLayer
370
-1
48
1.0
60
0
100
AcDbText
1
191
10
1397222.61785604
20
360009.76754522
30
0.0
40
0.31111111111
41
1.0
50
0.0
51
0.0
7
Standard
11
1397222.61785604
21
360009.76754522
31
0.0
210
0.0
220
0.0
230
1.0
71
0
72
0
100
AcDbText
73
0
0
POINT
5
1B9
330
1C
100
AcDbEntity
67
0
8
8 - ценная историческая застройка конец ХIX - начало ХХ века
62
256
6
ByLayer
370
-1
48
1.0
60
0
100
AcDbPoint
10
1397224.41766882
20
360022.308589838
30
0.0
39
0.0
210
0.0
220
0.0
230
1.0
50
360.0
0
TEXT
5
1BA
330
1C
100
AcDbEntity
67
0
8
8 - ценная историческая застройка конец ХIX - начало ХХ века
62
7
6
ByLayer
370
-1
48
1.0
60
0
100
AcDbText
1
192
10
1397224.54679768
20
360022.583032995
30
0.0
40
0.31111111111
41
1.0
50
0.0
51
0.0
7
Standard
11
1397224.54679768
21
360022.583032995
31
0.0
210
0.0
220
0.0
230
1.0
71
0
72
0
100
AcDbText
73
0
0
POINT
5
1BB
330
1C
100
AcDbEntity
67
0
8
8 - ценная историческая застройка конец ХIX - начало ХХ века
62
256
6
ByLayer
370
-1
48
1.0
60
0
100
AcDbPoint
10
1397215.33951047
20
360023.821511097
30
0.0
39
0.0
210
0.0
220
0.0
230
1.0
50
360.0
0
TEXT
5
1BC
330
1C
100
AcDbEntity
67
0
8
8 - ценная историческая застройка конец ХIX - начало ХХ века
62
7
6
ByLayer
370
-1
48
1.0
60
0
100
AcDbText
1
193
10
1397215.46863934
20
360024.095954232
30
0.0
40
0.31111111111
41
1.0
50
0.0
51
0.0
7
Standard
11
1397215.46863934
21
360024.095954232
31
0.0
210
0.0
220
0.0
230
1.0
71
0
72
0
100
AcDbText
73
0
0
POINT
5
1BD
330
1C
100
AcDbEntity
67
0
8
8 - ценная историческая застройка конец ХIX - начало ХХ века
62
256
6
ByLayer
370
-1
48
1.0
60
0
100
AcDbPoint
10
1397215.58993299
20
360026.514917036
30
0.0
39
0.0
210
0.0
220
0.0
230
1.0
50
360.0
0
TEXT
5
1BE
330
1C
100
AcDbEntity
67
0
8
8 - ценная историческая застройка конец ХIX - начало ХХ века
62
7
6
ByLayer
370
-1
48
1.0
60
0
100
AcDbText
1
194
10
1397215.71906185
20
360026.789360176
30
0.0
40
0.31111111111
41
1.0
50
0.0
51
0.0
7
Standard
11
1397215.71906185
21
360026.789360176
31
0.0
210
0.0
220
0.0
230
1.0
71
0
72
0
100
AcDbText
73
0
0
POINT
5
1BF
330
1C
100
AcDbEntity
67
0
8
8 - ценная историческая застройка конец ХIX - начало ХХ века
62
256
6
ByLayer
370
-1
48
1.0
60
0
100
AcDbPoint
10
1395541.35289851
20
359700.027923038
30
0.0
39
0.0
210
0.0
220
0.0
230
1.0
50
360.0
0
TEXT
5
1C0
330
1C
100
AcDbEntity
67
0
8
8 - ценная историческая застройка конец ХIX - начало ХХ века
62
7
6
ByLayer
370
-1
48
1.0
60
0
100
AcDbText
1
195
10
1395541.482028
20
359700.302363132
30
0.0
40
0.31111111111
41
1.0
50
0.0
51
0.0
7
Standard
11
1395541.482028
21
359700.302363132
31
0.0
210
0.0
220
0.0
230
1.0
71
0
72
0
100
AcDbText
73
0
0
POINT
5
1C1
330
1C
100
AcDbEntity
67
0
8
8 - ценная историческая застройка конец ХIX - начало ХХ века
62
256
6
ByLayer
370
-1
48
1.0
60
0
100
AcDbPoint
10
1395550.97584842
20
359701.293131116
30
0.0
39
0.0
210
0.0
220
0.0
230
1.0
50
360.0
0
TEXT
5
1C2
330
1C
100
AcDbEntity
67
0
8
8 - ценная историческая застройка конец ХIX - начало ХХ века
62
7
6
ByLayer
370
-1
48
1.0
60
0
100
AcDbText
1
196
10
1395551.10497791
20
359701.567571227
30
0.0
40
0.31111111111
41
1.0
50
0.0
51
0.0
7
Standard
11
1395551.10497791
21
359701.567571227
31
0.0
210
0.0
220
0.0
230
1.0
71
0
72
0
100
AcDbText
73
0
0
POINT
5
1C3
330
1C
100
AcDbEntity
67
0
8
8 - ценная историческая застройка конец ХIX - начало ХХ века
62
256
6
ByLayer
370
-1
48
1.0
60
0
100
AcDbPoint
10
1395551.48983448
20
359698.417210394
30
0.0
39
0.0
210
0.0
220
0.0
230
1.0
50
360.0
0
TEXT
5
1C4
330
1C
100
AcDbEntity
67
0
8
8 - ценная историческая застройка конец ХIX - начало ХХ века
62
7
6
ByLayer
370
-1
48
1.0
60
0
100
AcDbText
1
197
10
1395551.61896398
20
359698.691650508
30
0.0
40
0.31111111111
41
1.0
50
0.0
51
0.0
7
Standard
11
1395551.61896398
21
359698.691650508
31
0.0
210
0.0
220
0.0
230
1.0
71
0
72
0
100
AcDbText
73
0
0
POINT
5
1C5
330
1C
100
AcDbEntity
67
0
8
8 - ценная историческая застройка конец ХIX - начало ХХ века
62
256
6
ByLayer
370
-1
48
1.0
60
0
100
AcDbPoint
10
1395570.52335393
20
359701.115090675
30
0.0
39
0.0
210
0.0
220
0.0
230
1.0
50
360.0
0
TEXT
5
1C6
330
1C
100
AcDbEntity
67
0
8
8 - ценная историческая застройка конец ХIX - начало ХХ века
62
7
6
ByLayer
370
-1
48
1.0
60
0
100
AcDbText
1
198
10
1395570.65248342
20
359701.389530821
30
0.0
40
0.31111111111
41
1.0
50
0.0
51
0.0
7
Standard
11
1395570.65248342
21
359701.389530821
31
0.0
210
0.0
220
0.0
230
1.0
71
0
72
0
100
AcDbText
73
0
0
POINT
5
1C7
330
1C
100
AcDbEntity
67
0
8
8 - ценная историческая застройка конец ХIX - начало ХХ века
62
256
6
ByLayer
370
-1
48
1.0
60
0
100
AcDbPoint
10
1395570.21909347
20
359703.343037042
30
0.0
39
0.0
210
0.0
220
0.0
230
1.0
50
360.0
0
TEXT
5
1C8
330
1C
100
AcDbEntity
67
0
8
8 - ценная историческая застройка конец ХIX - начало ХХ века
62
7
6
ByLayer
370
-1
48
1.0
60
0
100
AcDbText
1
199
10
1395570.34822295
20
359703.617477189
30
0.0
40
0.31111111111
41
1.0
50
0.0
51
0.0
7
Standard
11
1395570.34822295
21
359703.617477189
31
0.0
210
0.0
220
0.0
230
1.0
71
0
72
0
100
AcDbText
73
0
0
POINT
5
1C9
330
1C
100
AcDbEntity
67
0
8
8 - ценная историческая застройка конец ХIX - начало ХХ века
62
256
6
ByLayer
370
-1
48
1.0
60
0
100
AcDbPoint
10
1395578.82704739
20
359704.707770907
30
0.0
39
0.0
210
0.0
220
0.0
230
1.0
50
360.0
0
TEXT
5
1CA
330
1C
100
AcDbEntity
67
0
8
8 - ценная историческая застройка конец ХIX - начало ХХ века
62
7
6
ByLayer
370
-1
48
1.0
60
0
100
AcDbText
1
200
10
1395578.95617688
20
359704.982211072
30
0.0
40
0.31111111111
41
1.0
50
0.0
51
0.0
7
Standard
11
1395578.95617688
21
359704.982211072
31
0.0
210
0.0
220
0.0
230
1.0
71
0
72
0
100
AcDbText
73
0
0
POINT
5
1CB
330
1C
100
AcDbEntity
67
0
8
8 - ценная историческая застройка конец ХIX - начало ХХ века
62
256
6
ByLayer
370
-1
48
1.0
60
0
100
AcDbPoint
10
1395581.45640551
20
359685.336041558
30
0.0
39
0.0
210
0.0
220
0.0
230
1.0
50
360.0
0
TEXT
5
1CC
330
1C
100
AcDbEntity
67
0
8
8 - ценная историческая застройка конец ХIX - начало ХХ века
62
7
6
ByLayer
370
-1
48
1.0
60
0
100
AcDbText
1
201
10
1395581.58553503
20
359685.610481727
30
0.0
40
0.31111111111
41
1.0
50
0.0
51
0.0
7
Standard
11
1395581.58553503
21
359685.610481727
31
0.0
210
0.0
220
0.0
230
1.0
71
0
72
0
100
AcDbText
73
0
0
POINT
5
1CD
330
1C
100
AcDbEntity
67
0
8
8 - ценная историческая застройка конец ХIX - начало ХХ века
62
256
6
ByLayer
370
-1
48
1.0
60
0
100
AcDbPoint
10
1395549.69700399
20
359681.033734957
30
0.0
39
0.0
210
0.0
220
0.0
230
1.0
50
360.0
0
TEXT
5
1CE
330
1C
100
AcDbEntity
67
0
8
8 - ценная историческая застройка конец ХIX - начало ХХ века
62
7
6
ByLayer
370
-1
48
1.0
60
0
100
AcDbText
1
202
10
1395549.82613352
20
359681.30817507
30
0.0
40
0.31111111111
41
1.0
50
0.0
51
0.0
7
Standard
11
1395549.82613352
21
359681.30817507
31
0.0
210
0.0
220
0.0
230
1.0
71
0
72
0
100
AcDbText
73
0
0
POINT
5
1CF
330
1C
100
AcDbEntity
67
0
8
8 - ценная историческая застройка конец ХIX - начало ХХ века
62
256
6
ByLayer
370
-1
48
1.0
60
0
100
AcDbPoint
10
1395549.72327732
20
359680.549094481
30
0.0
39
0.0
210
0.0
220
0.0
230
1.0
50
360.0
0
TEXT
5
1D0
330
1C
100
AcDbEntity
67
0
8
8 - ценная историческая застройка конец ХIX - начало ХХ века
62
7
6
ByLayer
370
-1
48
1.0
60
0
100
AcDbText
1
203
10
1395549.85240685
20
359680.82353459
30
0.0
40
0.31111111111
41
1.0
50
0.0
51
0.0
7
Standard
11
1395549.85240685
21
359680.82353459
31
0.0
210
0.0
220
0.0
230
1.0
71
0
72
0
100
AcDbText
73
0
0
POINT
5
1D1
330
1C
100
AcDbEntity
67
0
8
8 - ценная историческая застройка конец ХIX - начало ХХ века
62
256
6
ByLayer
370
-1
48
1.0
60
0
100
AcDbPoint
10
1395544.3967488
20
359679.742986762
30
0.0
39
0.0
210
0.0
220
0.0
230
1.0
50
360.0
0
TEXT
5
1D2
330
1C
100
AcDbEntity
67
0
8
8 - ценная историческая застройка конец ХIX - начало ХХ века
62
7
6
ByLayer
370
-1
48
1.0
60
0
100
AcDbText
1
204
10
1395544.52587833
20
359680.017426863
30
0.0
40
0.31111111111
41
1.0
50
0.0
51
0.0
7
Standard
11
1395544.52587833
21
359680.017426863
31
0.0
210
0.0
220
0.0
230
1.0
71
0
72
0
100
AcDbText
73
0
0
POINT
5
1D3
330
1C
100
AcDbEntity
67
0
8
8 - ценная историческая застройка конец ХIX - начало ХХ века
62
256
6
ByLayer
370
-1
48
1.0
60
0
100
AcDbPoint
10
1394456.1702527
20
360308.954600769
30
0.0
39
0.0
210
0.0
220
0.0
230
1.0
50
360.0
0
TEXT
5
1D4
330
1C
100
AcDbEntity
67
0
8
8 - ценная историческая застройка конец ХIX - начало ХХ века
62
7
6
ByLayer
370
-1
48
1.0
60
0
100
AcDbText
1
205
10
1394456.29938112
20
360309.229038866
30
0.0
40
0.31111111111
41
1.0
50
0.0
51
0.0
7
Standard
11
1394456.29938112
21
360309.229038866
31
0.0
210
0.0
220
0.0
230
1.0
71
0
72
0
100
AcDbText
73
0
0
POINT
5
1D5
330
1C
100
AcDbEntity
67
0
8
8 - ценная историческая застройка конец ХIX - начало ХХ века
62
256
6
ByLayer
370
-1
48
1.0
60
0
100
AcDbPoint
10
1394501.86214843
20
360298.293806666
30
0.0
39
0.0
210
0.0
220
0.0
230
1.0
50
360.0
0
TEXT
5
1D6
330
1C
100
AcDbEntity
67
0
8
8 - ценная историческая застройка конец ХIX - начало ХХ века
62
7
6
ByLayer
370
-1
48
1.0
60
0
100
AcDbText
1
206
10
1394501.99127686
20
360298.568244852
30
0.0
40
0.31111111111
41
1.0
50
0.0
51
0.0
7
Standard
11
1394501.99127686
21
360298.568244852
31
0.0
210
0.0
220
0.0
230
1.0
71
0
72
0
100
AcDbText
73
0
0
POINT
5
1D7
330
1C
100
AcDbEntity
67
0
8
8 - ценная историческая застройка конец ХIX - начало ХХ века
62
256
6
ByLayer
370
-1
48
1.0
60
0
100
AcDbPoint
10
1394504.20043877
20
360307.927553891
30
0.0
39
0.0
210
0.0
220
0.0
230
1.0
50
360.0
0
TEXT
5
1D8
330
1C
100
AcDbEntity
67
0
8
8 - ценная историческая застройка конец ХIX - начало ХХ века
62
7
6
ByLayer
370
-1
48
1.0
60
0
100
AcDbText
1
207
10
1394504.32956718
20
360308.201992076
30
0.0
40
0.31111111111
41
1.0
50
0.0
51
0.0
7
Standard
11
1394504.32956718
21
360308.201992076
31
0.0
210
0.0
220
0.0
230
1.0
71
0
72
0
100
AcDbText
73
0
0
POINT
5
1D9
330
1C
100
AcDbEntity
67
0
8
8 - ценная историческая застройка конец ХIX - начало ХХ века
62
256
6
ByLayer
370
-1
48
1.0
60
0
100
AcDbPoint
10
1394458.54451315
20
360318.643239847
30
0.0
39
0.0
210
0.0
220
0.0
230
1.0
50
360.0
0
TEXT
5
1DA
330
1C
100
AcDbEntity
67
0
8
8 - ценная историческая застройка конец ХIX - начало ХХ века
62
7
6
ByLayer
370
-1
48
1.0
60
0
100
AcDbText
1
208
10
1394458.67364154
20
360318.91767795
30
0.0
40
0.31111111111
41
1.0
50
0.0
51
0.0
7
Standard
11
1394458.67364154
21
360318.91767795
31
0.0
210
0.0
220
0.0
230
1.0
71
0
72
0
100
AcDbText
73
0
0
POINT
5
1DB
330
1C
100
AcDbEntity
67
0
8
8 - ценная историческая застройка конец ХIX - начало ХХ века
62
256
6
ByLayer
370
-1
48
1.0
60
0
100
AcDbPoint
10
1395555.41403103
20
360203.557708794
30
0.0
39
0.0
210
0.0
220
0.0
230
1.0
50
360.0
0
TEXT
5
1DC
330
1C
100
AcDbEntity
67
0
8
8 - ценная историческая застройка конец ХIX - начало ХХ века
62
7
6
ByLayer
370
-1
48
1.0
60
0
100
AcDbText
1
209
10
1395555.54315961
20
360203.8321489
30
0.0
40
0.31111111111
41
1.0
50
0.0
51
0.0
7
Standard
11
1395555.54315961
21
360203.8321489
31
0.0
210
0.0
220
0.0
230
1.0
71
0
72
0
100
AcDbText
73
0
0
POINT
5
1DD
330
1C
100
AcDbEntity
67
0
8
8 - ценная историческая застройка конец ХIX - начало ХХ века
62
256
6
ByLayer
370
-1
48
1.0
60
0
100
AcDbPoint
10
1395557.05519978
20
360211.365233585
30
0.0
39
0.0
210
0.0
220
0.0
230
1.0
50
360.0
0
TEXT
5
1DE
330
1C
100
AcDbEntity
67
0
8
8 - ценная историческая застройка конец ХIX - начало ХХ века
62
7
6
ByLayer
370
-1
48
1.0
60
0
100
AcDbText
1
210
10
1395557.18432834
20
360211.639673695
30
0.0
40
0.31111111111
41
1.0
50
0.0
51
0.0
7
Standard
11
1395557.18432834
21
360211.639673695
31
0.0
210
0.0
220
0.0
230
1.0
71
0
72
0
100
AcDbText
73
0
0
POINT
5
1DF
330
1C
100
AcDbEntity
67
0
8
8 - ценная историческая застройка конец ХIX - начало ХХ века
62
256
6
ByLayer
370
-1
48
1.0
60
0
100
AcDbPoint
10
1395555.51679861
20
360211.593185242
30
0.0
39
0.0
210
0.0
220
0.0
230
1.0
50
360.0
0
TEXT
5
1E0
330
1C
100
AcDbEntity
67
0
8
8 - ценная историческая застройка конец ХIX - начало ХХ века
62
7
6
ByLayer
370
-1
48
1.0
60
0
100
AcDbText
1
211
10
1395555.64592717
20
360211.86762535
30
0.0
40
0.31111111111
41
1.0
50
0.0
51
0.0
7
Standard
11
1395555.64592717
21
360211.86762535
31
0.0
210
0.0
220
0.0
230
1.0
71
0
72
0
100
AcDbText
73
0
0
POINT
5
1E1
330
1C
100
AcDbEntity
67
0
8
8 - ценная историческая застройка конец ХIX - начало ХХ века
62
256
6
ByLayer
370
-1
48
1.0
60
0
100
AcDbPoint
10
1395560.46033348
20
360233.54325082
30
0.0
39
0.0
210
0.0
220
0.0
230
1.0
50
360.0
0
TEXT
5
1E2
330
1C
100
AcDbEntity
67
0
8
8 - ценная историческая застройка конец ХIX - начало ХХ века
62
7
6
ByLayer
370
-1
48
1.0
60
0
100
AcDbText
1
212
10
1395560.589462
20
360233.817690937
30
0.0
40
0.31111111111
41
1.0
50
0.0
51
0.0
7
Standard
11
1395560.589462
21
360233.817690937
31
0.0
210
0.0
220
0.0
230
1.0
71
0
72
0
100
AcDbText
73
0
0
POINT
5
1E3
330
1C
100
AcDbEntity
67
0
8
8 - ценная историческая застройка конец ХIX - начало ХХ века
62
256
6
ByLayer
370
-1
48
1.0
60
0
100
AcDbPoint
10
1395559.353273
20
360233.733223013
30
0.0
39
0.0
210
0.0
220
0.0
230
1.0
50
360.0
0
TEXT
5
1E4
330
1C
100
AcDbEntity
67
0
8
8 - ценная историческая застройка конец ХIX - начало ХХ века
62
7
6
ByLayer
370
-1
48
1.0
60
0
100
AcDbText
1
213
10
1395559.48240152
20
360234.007663124
30
0.0
40
0.31111111111
41
1.0
50
0.0
51
0.0
7
Standard
11
1395559.48240152
21
360234.007663124
31
0.0
210
0.0
220
0.0
230
1.0
71
0
72
0
100
AcDbText
73
0
0
POINT
5
1E5
330
1C
100
AcDbEntity
67
0
8
8 - ценная историческая застройка конец ХIX - начало ХХ века
62
256
6
ByLayer
370
-1
48
1.0
60
0
100
AcDbPoint
10
1395563.24943036
20
360251.132145701
30
0.0
39
0.0
210
0.0
220
0.0
230
1.0
50
360.0
0
TEXT
5
1E6
330
1C
100
AcDbEntity
67
0
8
8 - ценная историческая застройка конец ХIX - начало ХХ века
62
7
6
ByLayer
370
-1
48
1.0
60
0
100
AcDbText
1
214
10
1395563.37855884
20
360251.406585823
30
0.0
40
0.31111111111
41
1.0
50
0.0
51
0.0
7
Standard
11
1395563.37855884
21
360251.406585823
31
0.0
210
0.0
220
0.0
230
1.0
71
0
72
0
100
AcDbText
73
0
0
POINT
5
1E7
330
1C
100
AcDbEntity
67
0
8
8 - ценная историческая застройка конец ХIX - начало ХХ века
62
256
6
ByLayer
370
-1
48
1.0
60
0
100
AcDbPoint
10
1395550.82828704
20
360254.013708398
30
0.0
39
0.0
210
0.0
220
0.0
230
1.0
50
360.0
0
TEXT
5
1E8
330
1C
100
AcDbEntity
67
0
8
8 - ценная историческая застройка конец ХIX - начало ХХ века
62
7
6
ByLayer
370
-1
48
1.0
60
0
100
AcDbText
1
215
10
1395550.95741552
20
360254.288148497
30
0.0
40
0.31111111111
41
1.0
50
0.0
51
0.0
7
Standard
11
1395550.95741552
21
360254.288148497
31
0.0
210
0.0
220
0.0
230
1.0
71
0
72
0
100
AcDbText
73
0
0
POINT
5
1E9
330
1C
100
AcDbEntity
67
0
8
8 - ценная историческая застройка конец ХIX - начало ХХ века
62
256
6
ByLayer
370
-1
48
1.0
60
0
100
AcDbPoint
10
1395546.3222483
20
360233.556741765
30
0.0
39
0.0
210
0.0
220
0.0
230
1.0
50
360.0
0
TEXT
5
1EA
330
1C
100
AcDbEntity
67
0
8
8 - ценная историческая застройка конец ХIX - начало ХХ века
62
7
6
ByLayer
370
-1
48
1.0
60
0
100
AcDbText
1
216
10
1395546.45137682
20
360233.831181856
30
0.0
40
0.31111111111
41
1.0
50
0.0
51
0.0
7
Standard
11
1395546.45137682
21
360233.831181856
31
0.0
210
0.0
220
0.0
230
1.0
71
0
72
0
100
AcDbText
73
0
0
POINT
5
1EB
330
1C
100
AcDbEntity
67
0
8
8 - ценная историческая застройка конец ХIX - начало ХХ века
62
256
6
ByLayer
370
-1
48
1.0
60
0
100
AcDbPoint
10
1395547.38187005
20
360233.306834331
30
0.0
39
0.0
210
0.0
220
0.0
230
1.0
50
360.0
0
TEXT
5
1EC
330
1C
100
AcDbEntity
67
0
8
8 - ценная историческая застройка конец ХIX - начало ХХ века
62
7
6
ByLayer
370
-1
48
1.0
60
0
100
AcDbText
1
217
10
1395547.51099858
20
360233.581274423
30
0.0
40
0.31111111111
41
1.0
50
0.0
51
0.0
7
Standard
11
1395547.51099858
21
360233.581274423
31
0.0
210
0.0
220
0.0
230
1.0
71
0
72
0
100
AcDbText
73
0
0
POINT
5
1ED
330
1C
100
AcDbEntity
67
0
8
8 - ценная историческая застройка конец ХIX - начало ХХ века
62
256
6
ByLayer
370
-1
48
1.0
60
0
100
AcDbPoint
10
1395544.71567843
20
360222.002030844
30
0.0
39
0.0
210
0.0
220
0.0
230
1.0
50
360.0
0
TEXT
5
1EE
330
1C
100
AcDbEntity
67
0
8
8 - ценная историческая застройка конец ХIX - начало ХХ века
62
7
6
ByLayer
370
-1
48
1.0
60
0
100
AcDbText
1
218
10
1395544.84480697
20
360222.276470929
30
0.0
40
0.31111111111
41
1.0
50
0.0
51
0.0
7
Standard
11
1395544.84480697
21
360222.276470929
31
0.0
210
0.0
220
0.0
230
1.0
71
0
72
0
100
AcDbText
73
0
0
POINT
5
1EF
330
1C
100
AcDbEntity
67
0
8
8 - ценная историческая застройка конец ХIX - начало ХХ века
62
256
6
ByLayer
370
-1
48
1.0
60
0
100
AcDbPoint
10
1395542.48097625
20
360222.529076238
30
0.0
39
0.0
210
0.0
220
0.0
230
1.0
50
360.0
0
TEXT
5
1F0
330
1C
100
AcDbEntity
67
0
8
8 - ценная историческая застройка конец ХIX - начало ХХ века
62
7
6
ByLayer
370
-1
48
1.0
60
0
100
AcDbText
1
219
10
1395542.61010479
20
360222.803516317
30
0.0
40
0.31111111111
41
1.0
50
0.0
51
0.0
7
Standard
11
1395542.61010479
21
360222.803516317
31
0.0
210
0.0
220
0.0
230
1.0
71
0
72
0
100
AcDbText
73
0
0
POINT
5
1F1
330
1C
100
AcDbEntity
67
0
8
8 - ценная историческая застройка конец ХIX - начало ХХ века
62
256
6
ByLayer
370
-1
48
1.0
60
0
100
AcDbPoint
10
1395541.61962871
20
360218.87691416
30
0.0
39
0.0
210
0.0
220
0.0
230
1.0
50
360.0
0
TEXT
5
1F2
330
1C
100
AcDbEntity
67
0
8
8 - ценная историческая застройка конец ХIX - начало ХХ века
62
7
6
ByLayer
370
-1
48
1.0
60
0
100
AcDbText
1
220
10
1395541.74875726
20
360219.15135424
30
0.0
40
0.31111111111
41
1.0
50
0.0
51
0.0
7
Standard
11
1395541.74875726
21
360219.15135424
31
0.0
210
0.0
220
0.0
230
1.0
71
0
72
0
100
AcDbText
73
0
0
POINT
5
1F3
330
1C
100
AcDbEntity
67
0
8
8 - ценная историческая застройка конец ХIX - начало ХХ века
62
256
6
ByLayer
370
-1
48
1.0
60
0
100
AcDbPoint
10
1395543.85433088
20
360218.349868745
30
0.0
39
0.0
210
0.0
220
0.0
230
1.0
50
360.0
0
TEXT
5
1F4
330
1C
100
AcDbEntity
67
0
8
8 - ценная историческая застройка конец ХIX - начало ХХ века
62
7
6
ByLayer
370
-1
48
1.0
60
0
100
AcDbText
1
221
10
1395543.98345943
20
360218.624308832
30
0.0
40
0.31111111111
41
1.0
50
0.0
51
0.0
7
Standard
11
1395543.98345943
21
360218.624308832
31
0.0
210
0.0
220
0.0
230
1.0
71
0
72
0
100
AcDbText
73
0
0
POINT
5
1F5
330
1C
100
AcDbEntity
67
0
8
8 - ценная историческая застройка конец ХIX - начало ХХ века
62
256
6
ByLayer
370
-1
48
1.0
60
0
100
AcDbPoint
10
1395541.15859455
20
360206.919795994
30
0.0
39
0.0
210
0.0
220
0.0
230
1.0
50
360.0
0
TEXT
5
1F6
330
1C
100
AcDbEntity
67
0
8
8 - ценная историческая застройка конец ХIX - начало ХХ века
62
7
6
ByLayer
370
-1
48
1.0
60
0
100
AcDbText
1
222
10
1395541.28772312
20
360207.194236076
30
0.0
40
0.31111111111
41
1.0
50
0.0
51
0.0
7
Standard
11
1395541.28772312
21
360207.194236076
31
0.0
210
0.0
220
0.0
230
1.0
71
0
72
0
100
AcDbText
73
0
0
POINT
5
1F7
330
1C
100
AcDbEntity
67
0
8
8 - ценная историческая застройка конец ХIX - начало ХХ века
62
256
6
ByLayer
370
-1
48
1.0
60
0
100
AcDbPoint
10
1395540.32798328
20
360221.989234013
30
0.0
39
0.0
210
0.0
220
0.0
230
1.0
50
360.0
0
TEXT
5
1F8
330
1C
100
AcDbEntity
67
0
8
8 - ценная историческая застройка конец ХIX - начало ХХ века
62
7
6
ByLayer
370
-1
48
1.0
60
0
100
AcDbText
1
223
10
1395540.45711182
20
360222.263674091
30
0.0
40
0.31111111111
41
1.0
50
0.0
51
0.0
7
Standard
11
1395540.45711182
21
360222.263674091
31
0.0
210
0.0
220
0.0
230
1.0
71
0
72
0
100
AcDbText
73
0
0
POINT
5
1F9
330
1C
100
AcDbEntity
67
0
8
8 - ценная историческая застройка конец ХIX - начало ХХ века
62
256
6
ByLayer
370
-1
48
1.0
60
0
100
AcDbPoint
10
1395542.24691912
20
360221.536660817
30
0.0
39
0.0
210
0.0
220
0.0
230
1.0
50
360.0
0
TEXT
5
1FA
330
1C
100
AcDbEntity
67
0
8
8 - ценная историческая застройка конец ХIX - начало ХХ века
62
7
6
ByLayer
370
-1
48
1.0
60
0
100
AcDbText
1
224
10
1395542.37604767
20
360221.811100901
30
0.0
40
0.31111111111
41
1.0
50
0.0
51
0.0
7
Standard
11
1395542.37604767
21
360221.811100901
31
0.0
210
0.0
220
0.0
230
1.0
71
0
72
0
100
AcDbText
73
0
0
POINT
5
1FB
330
1C
100
AcDbEntity
67
0
8
8 - ценная историческая застройка конец ХIX - начало ХХ века
62
256
6
ByLayer
370
-1
48
1.0
60
0
100
AcDbPoint
10
1395385.25805671
20
360117.752700612
30
0.0
39
0.0
210
0.0
220
0.0
230
1.0
50
360.0
0
TEXT
5
1FC
330
1C
100
AcDbEntity
67
0
8
8 - ценная историческая застройка конец ХIX - начало ХХ века
62
7
6
ByLayer
370
-1
48
1.0
60
0
100
AcDbText
1
225
10
1395385.38718545
20
360118.027140411
30
0.0
40
0.31111111111
41
1.0
50
0.0
51
0.0
7
Standard
11
1395385.38718545
21
360118.027140411
31
0.0
210
0.0
220
0.0
230
1.0
71
0
72
0
100
AcDbText
73
0
0
POINT
5
1FD
330
1C
100
AcDbEntity
67
0
8
8 - ценная историческая застройка конец ХIX - начало ХХ века
62
256
6
ByLayer
370
-1
48
1.0
60
0
100
AcDbPoint
10
1395388.69419884
20
360129.637853936
30
0.0
39
0.0
210
0.0
220
0.0
230
1.0
50
360.0
0
TEXT
5
1FE
330
1C
100
AcDbEntity
67
0
8
8 - ценная историческая застройка конец ХIX - начало ХХ века
62
7
6
ByLayer
370
-1
48
1.0
60
0
100
AcDbText
1
226
10
1395388.82332755
20
360129.912293742
30
0.0
40
0.31111111111
41
1.0
50
0.0
51
0.0
7
Standard
11
1395388.82332755
21
360129.912293742
31
0.0
210
0.0
220
0.0
230
1.0
71
0
72
0
100
AcDbText
73
0
0
POINT
5
1FF
330
1C
100
AcDbEntity
67
0
8
8 - ценная историческая застройка конец ХIX - начало ХХ века
62
256
6
ByLayer
370
-1
48
1.0
60
0
100
AcDbPoint
10
1395390.65406415
20
360129.093890066
30
0.0
39
0.0
210
0.0
220
0.0
230
1.0
50
360.0
0
TEXT
5
200
330
1C
100
AcDbEntity
67
0
8
8 - ценная историческая застройка конец ХIX - начало ХХ века
62
7
6
ByLayer
370
-1
48
1.0
60
0
100
AcDbText
1
227
10
1395390.78319287
20
360129.368329879
30
0.0
40
0.31111111111
41
1.0
50
0.0
51
0.0
7
Standard
11
1395390.78319287
21
360129.368329879
31
0.0
210
0.0
220
0.0
230
1.0
71
0
72
0
100
AcDbText
73
0
0
POINT
5
201
330
1C
100
AcDbEntity
67
0
8
8 - ценная историческая застройка конец ХIX - начало ХХ века
62
256
6
ByLayer
370
-1
48
1.0
60
0
100
AcDbPoint
10
1395391.58221433
20
360132.206587751
30
0.0
39
0.0
210
0.0
220
0.0
230
1.0
50
360.0
0
TEXT
5
202
330
1C
100
AcDbEntity
67
0
8
8 - ценная историческая застройка конец ХIX - начало ХХ века
62
7
6
ByLayer
370
-1
48
1.0
60
0
100
AcDbText
1
228
10
1395391.71134304
20
360132.481027558
30
0.0
40
0.31111111111
41
1.0
50
0.0
51
0.0
7
Standard
11
1395391.71134304
21
360132.481027558
31
0.0
210
0.0
220
0.0
230
1.0
71
0
72
0
100
AcDbText
73
0
0
POINT
5
203
330
1C
100
AcDbEntity
67
0
8
8 - ценная историческая застройка конец ХIX - начало ХХ века
62
256
6
ByLayer
370
-1
48
1.0
60
0
100
AcDbPoint
10
1395402.73713127
20
360129.213028685
30
0.0
39
0.0
210
0.0
220
0.0
230
1.0
50
360.0
0
TEXT
5
204
330
1C
100
AcDbEntity
67
0
8
8 - ценная историческая застройка конец ХIX - начало ХХ века
62
7
6
ByLayer
370
-1
48
1.0
60
0
100
AcDbText
1
229
10
1395402.86625998
20
360129.487468518
30
0.0
40
0.31111111111
41
1.0
50
0.0
51
0.0
7
Standard
11
1395402.86625998
21
360129.487468518
31
0.0
210
0.0
220
0.0
230
1.0
71
0
72
0
100
AcDbText
73
0
0
POINT
5
205
330
1C
100
AcDbEntity
67
0
8
8 - ценная историческая застройка конец ХIX - начало ХХ века
62
256
6
ByLayer
370
-1
48
1.0
60
0
100
AcDbPoint
10
1395401.35634542
20
360124.069850628
30
0.0
39
0.0
210
0.0
220
0.0
230
1.0
50
360.0
0
TEXT
5
206
330
1C
100
AcDbEntity
67
0
8
8 - ценная историческая застройка конец ХIX - начало ХХ века
62
7
6
ByLayer
370
-1
48
1.0
60
0
100
AcDbText
1
230
10
1395401.48547414
20
360124.344290455
30
0.0
40
0.31111111111
41
1.0
50
0.0
51
0.0
7
Standard
11
1395401.48547414
21
360124.344290455
31
0.0
210
0.0
220
0.0
230
1.0
71
0
72
0
100
AcDbText
73
0
0
POINT
5
207
330
1C
100
AcDbEntity
67
0
8
8 - ценная историческая застройка конец ХIX - начало ХХ века
62
256
6
ByLayer
370
-1
48
1.0
60
0
100
AcDbPoint
10
1395399.90748484
20
360124.458825349
30
0.0
39
0.0
210
0.0
220
0.0
230
1.0
50
360.0
0
TEXT
5
208
330
1C
100
AcDbEntity
67
0
8
8 - ценная историческая застройка конец ХIX - начало ХХ века
62
7
6
ByLayer
370
-1
48
1.0
60
0
100
AcDbText
1
231
10
1395400.03661356
20
360124.733265175
30
0.0
40
0.31111111111
41
1.0
50
0.0
51
0.0
7
Standard
11
1395400.03661356
21
360124.733265175
31
0.0
210
0.0
220
0.0
230
1.0
71
0
72
0
100
AcDbText
73
0
0
POINT
5
209
330
1C
100
AcDbEntity
67
0
8
8 - ценная историческая застройка конец ХIX - начало ХХ века
62
256
6
ByLayer
370
-1
48
1.0
60
0
100
AcDbPoint
10
1395398.8702189
20
360120.595197142
30
0.0
39
0.0
210
0.0
220
0.0
230
1.0
50
360.0
0
TEXT
5
20A
330
1C
100
AcDbEntity
67
0
8
8 - ценная историческая застройка конец ХIX - начало ХХ века
62
7
6
ByLayer
370
-1
48
1.0
60
0
100
AcDbText
1
232
10
1395398.99934763
20
360120.869636963
30
0.0
40
0.31111111111
41
1.0
50
0.0
51
0.0
7
Standard
11
1395398.99934763
21
360120.869636963
31
0.0
210
0.0
220
0.0
230
1.0
71
0
72
0
100
AcDbText
73
0
0
POINT
5
20B
330
1C
100
AcDbEntity
67
0
8
8 - ценная историческая застройка конец ХIX - начало ХХ века
62
256
6
ByLayer
370
-1
48
1.0
60
0
100
AcDbPoint
10
1395402.73384711
20
360119.557931177
30
0.0
39
0.0
210
0.0
220
0.0
230
1.0
50
360.0
0
TEXT
5
20C
330
1C
100
AcDbEntity
67
0
8
8 - ценная историческая застройка конец ХIX - начало ХХ века
62
7
6
ByLayer
370
-1
48
1.0
60
0
100
AcDbText
1
233
10
1395402.86297585
20
360119.832371008
30
0.0
40
0.31111111111
41
1.0
50
0.0
51
0.0
7
Standard
11
1395402.86297585
21
360119.832371008
31
0.0
210
0.0
220
0.0
230
1.0
71
0
72
0
100
AcDbText
73
0
0
POINT
5
20D
330
1C
100
AcDbEntity
67
0
8
8 - ценная историческая застройка конец ХIX - начало ХХ века
62
256
6
ByLayer
370
-1
48
1.0
60
0
100
AcDbPoint
10
1395403.03265086
20
360120.724021303
30
0.0
39
0.0
210
0.0
220
0.0
230
1.0
50
360.0
0
TEXT
5
20E
330
1C
100
AcDbEntity
67
0
8
8 - ценная историческая застройка конец ХIX - начало ХХ века
62
7
6
ByLayer
370
-1
48
1.0
60
0
100
AcDbText
1
234
10
1395403.16177959
20
360120.998461134
30
0.0
40
0.31111111111
41
1.0
50
0.0
51
0.0
7
Standard
11
1395403.16177959
21
360120.998461134
31
0.0
210
0.0
220
0.0
230
1.0
71
0
72
0
100
AcDbText
73
0
0
POINT
5
20F
330
1C
100
AcDbEntity
67
0
8
8 - ценная историческая застройка конец ХIX - начало ХХ века
62
256
6
ByLayer
370
-1
48
1.0
60
0
100
AcDbPoint
10
1395406.41609626
20
360119.857033301
30
0.0
39
0.0
210
0.0
220
0.0
230
1.0
50
360.0
0
TEXT
5
210
330
1C
100
AcDbEntity
67
0
8
8 - ценная историческая застройка конец ХIX - начало ХХ века
62
7
6
ByLayer
370
-1
48
1.0
60
0
100
AcDbText
1
235
10
1395406.54522499
20
360120.13147314
30
0.0
40
0.31111111111
41
1.0
50
0.0
51
0.0
7
Standard
11
1395406.54522499
21
360120.13147314
31
0.0
210
0.0
220
0.0
230
1.0
71
0
72
0
100
AcDbText
73
0
0
POINT
5
211
330
1C
100
AcDbEntity
67
0
8
8 - ценная историческая застройка конец ХIX - начало ХХ века
62
256
6
ByLayer
370
-1
48
1.0
60
0
100
AcDbPoint
10
1395404.57228076
20
360111.94907077
30
0.0
39
0.0
210
0.0
220
0.0
230
1.0
50
360.0
0
TEXT
5
212
330
1C
100
AcDbEntity
67
0
8
8 - ценная историческая застройка конец ХIX - начало ХХ века
62
7
6
ByLayer
370
-1
48
1.0
60
0
100
AcDbText
1
236
10
1395404.70140951
20
360112.223510603
30
0.0
40
0.31111111111
41
1.0
50
0.0
51
0.0
7
Standard
11
1395404.70140951
21
360112.223510603
31
0.0
210
0.0
220
0.0
230
1.0
71
0
72
0
100
AcDbText
73
0
0
POINT
5
213
330
1C
100
AcDbEntity
67
0
8
8 - ценная историческая застройка конец ХIX - начало ХХ века
62
256
6
ByLayer
370
-1
48
1.0
60
0
100
AcDbPoint
10
1395395.96497814
20
360114.101218274
30
0.0
39
0.0
210
0.0
220
0.0
230
1.0
50
360.0
0
TEXT
5
214
330
1C
100
AcDbEntity
67
0
8
8 - ценная историческая застройка конец ХIX - начало ХХ века
62
7
6
ByLayer
370
-1
48
1.0
60
0
100
AcDbText
1
237
10
1395396.09410688
20
360114.375658091
30
0.0
40
0.31111111111
41
1.0
50
0.0
51
0.0
7
Standard
11
1395396.09410688
21
360114.375658091
31
0.0
210
0.0
220
0.0
230
1.0
71
0
72
0
100
AcDbText
73
0
0
POINT
5
215
330
1C
100
AcDbEntity
67
0
8
8 - ценная историческая застройка конец ХIX - начало ХХ века
62
256
6
ByLayer
370
-1
48
1.0
60
0
100
AcDbPoint
10
1395396.1308118
20
360114.810523474
30
0.0
39
0.0
210
0.0
220
0.0
230
1.0
50
360.0
0
TEXT
5
216
330
1C
100
AcDbEntity
67
0
8
8 - ценная историческая застройка конец ХIX - начало ХХ века
62
7
6
ByLayer
370
-1
48
1.0
60
0
100
AcDbText
1
238
10
1395396.25994055
20
360115.084963293
30
0.0
40
0.31111111111
41
1.0
50
0.0
51
0.0
7
Standard
11
1395396.25994055
21
360115.084963293
31
0.0
210
0.0
220
0.0
230
1.0
71
0
72
0
100
AcDbText
73
0
0
POINT
5
217
330
1C
100
AcDbEntity
67
0
8
8 - ценная историческая застройка конец ХIX - начало ХХ века
62
256
6
ByLayer
370
-1
48
1.0
60
0
100
AcDbPoint
10
1395409.6571232
20
360119.012816335
30
0.0
39
0.0
210
0.0
220
0.0
230
1.0
50
360.0
0
TEXT
5
218
330
1C
100
AcDbEntity
67
0
8
8 - ценная историческая застройка конец ХIX - начало ХХ века
62
7
6
ByLayer
370
-1
48
1.0
60
0
100
AcDbText
1
239
10
1395409.78625193
20
360119.287256181
30
0.0
40
0.31111111111
41
1.0
50
0.0
51
0.0
7
Standard
11
1395409.78625193
21
360119.287256181
31
0.0
210
0.0
220
0.0
230
1.0
71
0
72
0
100
AcDbText
73
0
0
POINT
5
219
330
1C
100
AcDbEntity
67
0
8
8 - ценная историческая застройка конец ХIX - начало ХХ века
62
256
6
ByLayer
370
-1
48
1.0
60
0
100
AcDbPoint
10
1395408.26687104
20
360113.719787159
30
0.0
39
0.0
210
0.0
220
0.0
230
1.0
50
360.0
0
TEXT
5
21A
330
1C
100
AcDbEntity
67
0
8
8 - ценная историческая застройка конец ХIX - начало ХХ века
62
7
6
ByLayer
370
-1
48
1.0
60
0
100
AcDbText
1
240
10
1395408.39599979
20
360113.994227001
30
0.0
40
0.31111111111
41
1.0
50
0.0
51
0.0
7
Standard
11
1395408.39599979
21
360113.994227001
31
0.0
210
0.0
220
0.0
230
1.0
71
0
72
0
100
AcDbText
73
0
0
POINT
5
21B
330
1C
100
AcDbEntity
67
0
8
8 - ценная историческая застройка конец ХIX - начало ХХ века
62
256
6
ByLayer
370
-1
48
1.0
60
0
100
AcDbPoint
10
1395407.63957053
20
360111.160127376
30
0.0
39
0.0
210
0.0
220
0.0
230
1.0
50
360.0
0
TEXT
5
21C
330
1C
100
AcDbEntity
67
0
8
8 - ценная историческая застройка конец ХIX - начало ХХ века
62
7
6
ByLayer
370
-1
48
1.0
60
0
100
AcDbText
1
241
10
1395407.76869928
20
360111.434567213
30
0.0
40
0.31111111111
41
1.0
50
0.0
51
0.0
7
Standard
11
1395407.76869928
21
360111.434567213
31
0.0
210
0.0
220
0.0
230
1.0
71
0
72
0
100
AcDbText
73
0
0
POINT
5
21D
330
1C
100
AcDbEntity
67
0
8
8 - ценная историческая застройка конец ХIX - начало ХХ века
62
256
6
ByLayer
370
-1
48
1.0
60
0
100
AcDbPoint
10
1397871.32185813
20
359059.847335987
30
0.0
39
0.0
210
0.0
220
0.0
230
1.0
50
360.0
0
TEXT
5
21E
330
1C
100
AcDbEntity
67
0
8
8 - ценная историческая застройка конец ХIX - начало ХХ века
62
7
6
ByLayer
370
-1
48
1.0
60
0
100
AcDbText
1
242
10
1397871.45098874
20
359060.121780346
30
0.0
40
0.31111111111
41
1.0
50
0.0
51
0.0
7
Standard
11
1397871.45098874
21
359060.121780346
31
0.0
210
0.0
220
0.0
230
1.0
71
0
72
0
100
AcDbText
73
0
0
POINT
5
21F
330
1C
100
AcDbEntity
67
0
8
8 - ценная историческая застройка конец ХIX - начало ХХ века
62
256
6
ByLayer
370
-1
48
1.0
60
0
100
AcDbPoint
10
1397870.6437718
20
359045.979282482
30
0.0
39
0.0
210
0.0
220
0.0
230
1.0
50
360.0
0
TEXT
5
220
330
1C
100
AcDbEntity
67
0
8
8 - ценная историческая застройка конец ХIX - начало ХХ века
62
7
6
ByLayer
370
-1
48
1.0
60
0
100
AcDbText
1
243
10
1397870.77290242
20
359046.253726841
30
0.0
40
0.31111111111
41
1.0
50
0.0
51
0.0
7
Standard
11
1397870.77290242
21
359046.253726841
31
0.0
210
0.0
220
0.0
230
1.0
71
0
72
0
100
AcDbText
73
0
0
POINT
5
221
330
1C
100
AcDbEntity
67
0
8
8 - ценная историческая застройка конец ХIX - начало ХХ века
62
256
6
ByLayer
370
-1
48
1.0
60
0
100
AcDbPoint
10
1397925.26707779
20
359043.30844379
30
0.0
39
0.0
210
0.0
220
0.0
230
1.0
50
360.0
0
TEXT
5
222
330
1C
100
AcDbEntity
67
0
8
8 - ценная историческая застройка конец ХIX - начало ХХ века
62
7
6
ByLayer
370
-1
48
1.0
60
0
100
AcDbText
1
244
10
1397925.39620842
20
359043.582888249
30
0.0
40
0.31111111111
41
1.0
50
0.0
51
0.0
7
Standard
11
1397925.39620842
21
359043.582888249
31
0.0
210
0.0
220
0.0
230
1.0
71
0
72
0
100
AcDbText
73
0
0
POINT
5
223
330
1C
100
AcDbEntity
67
0
8
8 - ценная историческая застройка конец ХIX - начало ХХ века
62
256
6
ByLayer
370
-1
48
1.0
60
0
100
AcDbPoint
10
1397925.94516433
20
359057.176499236
30
0.0
39
0.0
210
0.0
220
0.0
230
1.0
50
360.0
0
TEXT
5
224
330
1C
100
AcDbEntity
67
0
8
8 - ценная историческая застройка конец ХIX - начало ХХ века
62
7
6
ByLayer
370
-1
48
1.0
60
0
100
AcDbText
1
245
10
1397926.07429493
20
359057.450943697
30
0.0
40
0.31111111111
41
1.0
50
0.0
51
0.0
7
Standard
11
1397926.07429493
21
359057.450943697
31
0.0
210
0.0
220
0.0
230
1.0
71
0
72
0
100
AcDbText
73
0
0
POINT
5
225
330
1C
100
AcDbEntity
67
0
8
8 - ценная историческая застройка конец ХIX - начало ХХ века
62
256
6
ByLayer
370
-1
48
1.0
60
0
100
AcDbPoint
10
1397945.77024539
20
359042.305929246
30
0.0
39
0.0
210
0.0
220
0.0
230
1.0
50
360.0
0
TEXT
5
226
330
1C
100
AcDbEntity
67
0
8
8 - ценная историческая застройка конец ХIX - начало ХХ века
62
7
6
ByLayer
370
-1
48
1.0
60
0
100
AcDbText
1
248
10
1397945.89937602
20
359042.580373745
30
0.0
40
0.31111111111
41
1.0
50
0.0
51
0.0
7
Standard
11
1397945.89937602
21
359042.580373745
31
0.0
210
0.0
220
0.0
230
1.0
71
0
72
0
100
AcDbText
73
0
0
POINT
5
227
330
1C
100
AcDbEntity
67
0
8
8 - ценная историческая застройка конец ХIX - начало ХХ века
62
256
6
ByLayer
370
-1
48
1.0
60
0
100
AcDbPoint
10
1397946.448332
20
359056.173985422
30
0.0
39
0.0
210
0.0
220
0.0
230
1.0
50
360.0
0
TEXT
5
228
330
1C
100
AcDbEntity
67
0
8
8 - ценная историческая застройка конец ХIX - начало ХХ века
62
7
6
ByLayer
370
-1
48
1.0
60
0
100
AcDbText
1
249
10
1397946.5774626
20
359056.448429919
30
0.0
40
0.31111111111
41
1.0
50
0.0
51
0.0
7
Standard
11
1397946.5774626
21
359056.448429919
31
0.0
210
0.0
220
0.0
230
1.0
71
0
72
0
100
AcDbText
73
0
0
POINT
5
229
330
1C
100
AcDbEntity
67
0
8
8 - ценная историческая застройка конец ХIX - начало ХХ века
62
256
6
ByLayer
370
-1
48
1.0
60
0
100
AcDbPoint
10
1397988.46120528
20
359053.306128316
30
0.0
39
0.0
210
0.0
220
0.0
230
1.0
50
360.0
0
TEXT
5
22A
330
1C
100
AcDbEntity
67
0
8
8 - ценная историческая застройка конец ХIX - начало ХХ века
62
7
6
ByLayer
370
-1
48
1.0
60
0
100
AcDbText
1
252
10
1397988.59033589
20
359053.580572889
30
0.0
40
0.31111111111
41
1.0
50
0.0
51
0.0
7
Standard
11
1397988.59033589
21
359053.580572889
31
0.0
210
0.0
220
0.0
230
1.0
71
0
72
0
100
AcDbText
73
0
0
POINT
5
22B
330
1C
100
AcDbEntity
67
0
8
8 - ценная историческая застройка конец ХIX - начало ХХ века
62
256
6
ByLayer
370
-1
48
1.0
60
0
100
AcDbPoint
10
1397987.54790016
20
359039.8396918
30
0.0
39
0.0
210
0.0
220
0.0
230
1.0
50
360.0
0
TEXT
5
22C
330
1C
100
AcDbEntity
67
0
8
8 - ценная историческая застройка конец ХIX - начало ХХ века
62
7
6
ByLayer
370
-1
48
1.0
60
0
100
AcDbText
1
253
10
1397987.6770308
20
359040.114136376
30
0.0
40
0.31111111111
41
1.0
50
0.0
51
0.0
7
Standard
11
1397987.6770308
21
359040.114136376
31
0.0
210
0.0
220
0.0
230
1.0
71
0
72
0
100
AcDbText
73
0
0
POINT
5
22D
330
1C
100
AcDbEntity
67
0
8
8 - ценная историческая застройка конец ХIX - начало ХХ века
62
256
6
ByLayer
370
-1
48
1.0
60
0
100
AcDbPoint
10
1397987.58603668
20
359040.402005364
30
0.0
39
0.0
210
0.0
220
0.0
230
1.0
50
360.0
0
TEXT
5
22E
330
1C
100
AcDbEntity
67
0
8
8 - ценная историческая застройка конец ХIX - начало ХХ века
62
7
6
ByLayer
370
-1
48
1.0
60
0
100
AcDbText
1
254
10
1397987.71516731
20
359040.676449937
30
0.0
40
0.31111111111
41
1.0
50
0.0
51
0.0
7
Standard
11
1397987.71516731
21
359040.676449937
31
0.0
210
0.0
220
0.0
230
1.0
71
0
72
0
100
AcDbText
73
0
0
POINT
5
22F
330
1C
100
AcDbEntity
67
0
8
8 - ценная историческая застройка конец ХIX - начало ХХ века
62
256
6
ByLayer
370
-1
48
1.0
60
0
100
AcDbPoint
10
1398029.80007747
20
359051.478307702
30
0.0
39
0.0
210
0.0
220
0.0
230
1.0
50
360.0
0
TEXT
5
230
330
1C
100
AcDbEntity
67
0
8
8 - ценная историческая застройка конец ХIX - начало ХХ века
62
7
6
ByLayer
370
-1
48
1.0
60
0
100
AcDbText
1
256
10
1398029.92920808
20
359051.752752353
30
0.0
40
0.31111111111
41
1.0
50
0.0
51
0.0
7
Standard
11
1398029.92920808
21
359051.752752353
31
0.0
210
0.0
220
0.0
230
1.0
71
0
72
0
100
AcDbText
73
0
0
POINT
5
231
330
1C
100
AcDbEntity
67
0
8
8 - ценная историческая застройка конец ХIX - начало ХХ века
62
256
6
ByLayer
370
-1
48
1.0
60
0
100
AcDbPoint
10
1398029.10252921
20
359038.198164031
30
0.0
39
0.0
210
0.0
220
0.0
230
1.0
50
360.0
0
TEXT
5
232
330
1C
100
AcDbEntity
67
0
8
8 - ценная историческая застройка конец ХIX - начало ХХ века
62
7
6
ByLayer
370
-1
48
1.0
60
0
100
AcDbText
1
257
10
1398029.23165985
20
359038.472608679
30
0.0
40
0.31111111111
41
1.0
50
0.0
51
0.0
7
Standard
11
1398029.23165985
21
359038.472608679
31
0.0
210
0.0
220
0.0
230
1.0
71
0
72
0
100
AcDbText
73
0
0
POINT
5
233
330
1C
100
AcDbEntity
67
0
8
8 - ценная историческая застройка конец ХIX - начало ХХ века
62
256
6
ByLayer
370
-1
48
1.0
60
0
100
AcDbPoint
10
1398042.37526952
20
359079.430505715
30
0.0
39
0.0
210
0.0
220
0.0
230
1.0
50
360.0
0
TEXT
5
234
330
1C
100
AcDbEntity
67
0
8
8 - ценная историческая застройка конец ХIX - начало ХХ века
62
7
6
ByLayer
370
-1
48
1.0
60
0
100
AcDbText
1
258
10
1398042.50440008
20
359079.704950383
30
0.0
40
0.31111111111
41
1.0
50
0.0
51
0.0
7
Standard
11
1398042.50440008
21
359079.704950383
31
0.0
210
0.0
220
0.0
230
1.0
71
0
72
0
100
AcDbText
73
0
0
POINT
5
235
330
1C
100
AcDbEntity
67
0
8
8 - ценная историческая застройка конец ХIX - начало ХХ века
62
256
6
ByLayer
370
-1
48
1.0
60
0
100
AcDbPoint
10
1398041.64553419
20
359066.200061605
30
0.0
39
0.0
210
0.0
220
0.0
230
1.0
50
360.0
0
TEXT
5
236
330
1C
100
AcDbEntity
67
0
8
8 - ценная историческая застройка конец ХIX - начало ХХ века
62
7
6
ByLayer
370
-1
48
1.0
60
0
100
AcDbText
1
259
10
1398041.77466478
20
359066.474506275
30
0.0
40
0.31111111111
41
1.0
50
0.0
51
0.0
7
Standard
11
1398041.77466478
21
359066.474506275
31
0.0
210
0.0
220
0.0
230
1.0
71
0
72
0
100
AcDbText
73
0
0
POINT
5
237
330
1C
100
AcDbEntity
67
0
8
8 - ценная историческая застройка конец ХIX - начало ХХ века
62
256
6
ByLayer
370
-1
48
1.0
60
0
100
AcDbPoint
10
1398120.00534519
20
359061.878064154
30
0.0
39
0.0
210
0.0
220
0.0
230
1.0
50
360.0
0
TEXT
5
238
330
1C
100
AcDbEntity
67
0
8
8 - ценная историческая застройка конец ХIX - начало ХХ века
62
7
6
ByLayer
370
-1
48
1.0
60
0
100
AcDbText
1
260
10
1398120.13447579
20
359062.152508966
30
0.0
40
0.31111111111
41
1.0
50
0.0
51
0.0
7
Standard
11
1398120.13447579
21
359062.152508966
31
0.0
210
0.0
220
0.0
230
1.0
71
0
72
0
100
AcDbText
73
0
0
POINT
5
239
330
1C
100
AcDbEntity
67
0
8
8 - ценная историческая застройка конец ХIX - начало ХХ века
62
256
6
ByLayer
370
-1
48
1.0
60
0
100
AcDbPoint
10
1398120.73508082
20
359075.108510918
30
0.0
39
0.0
210
0.0
220
0.0
230
1.0
50
360.0
0
TEXT
5
23A
330
1C
100
AcDbEntity
67
0
8
8 - ценная историческая застройка конец ХIX - начало ХХ века
62
7
6
ByLayer
370
-1
48
1.0
60
0
100
AcDbText
1
261
10
1398120.86421138
20
359075.382955735
30
0.0
40
0.31111111111
41
1.0
50
0.0
51
0.0
7
Standard
11
1398120.86421138
21
359075.382955735
31
0.0
210
0.0
220
0.0
230
1.0
71
0
72
0
100
AcDbText
73
0
0
POINT
5
23B
330
1C
100
AcDbEntity
67
0
8
8 - ценная историческая застройка конец ХIX - начало ХХ века
62
256
6
ByLayer
370
-1
48
1.0
60
0
100
AcDbPoint
10
1398134.5704572
20
359029.307830824
30
0.0
39
0.0
210
0.0
220
0.0
230
1.0
50
360.0
0
TEXT
5
23C
330
1C
100
AcDbEntity
67
0
8
8 - ценная историческая застройка конец ХIX - начало ХХ века
62
7
6
ByLayer
370
-1
48
1.0
60
0
100
AcDbText
1
262
10
1398134.69958786
20
359029.582275665
30
0.0
40
0.31111111111
41
1.0
50
0.0
51
0.0
7
Standard
11
1398134.69958786
21
359029.582275665
31
0.0
210
0.0
220
0.0
230
1.0
71
0
72
0
100
AcDbText
73
0
0
POINT
5
23D
330
1C
100
AcDbEntity
67
0
8
8 - ценная историческая застройка конец ХIX - начало ХХ века
62
256
6
ByLayer
370
-1
48
1.0
60
0
100
AcDbPoint
10
1398135.3741036
20
359044.275468359
30
0.0
39
0.0
210
0.0
220
0.0
230
1.0
50
360.0
0
TEXT
5
23E
330
1C
100
AcDbEntity
67
0
8
8 - ценная историческая застройка конец ХIX - начало ХХ века
62
7
6
ByLayer
370
-1
48
1.0
60
0
100
AcDbText
1
263
10
1398135.50323422
20
359044.549913202
30
0.0
40
0.31111111111
41
1.0
50
0.0
51
0.0
7
Standard
11
1398135.50323422
21
359044.549913202
31
0.0
210
0.0
220
0.0
230
1.0
71
0
72
0
100
AcDbText
73
0
0
POINT
5
23F
330
1C
100
AcDbEntity
67
0
8
8 - ценная историческая застройка конец ХIX - начало ХХ века
62
256
6
ByLayer
370
-1
48
1.0
60
0
100
AcDbPoint
10
1398170.20933738
20
359042.405086252
30
0.0
39
0.0
210
0.0
220
0.0
230
1.0
50
360.0
0
TEXT
5
240
330
1C
100
AcDbEntity
67
0
8
8 - ценная историческая застройка конец ХIX - начало ХХ века
62
7
6
ByLayer
370
-1
48
1.0
60
0
100
AcDbText
1
264
10
1398170.338468
20
359042.679531159
30
0.0
40
0.31111111111
41
1.0
50
0.0
51
0.0
7
Standard
11
1398170.338468
21
359042.679531159
31
0.0
210
0.0
220
0.0
230
1.0
71
0
72
0
100
AcDbText
73
0
0
POINT
5
241
330
1C
100
AcDbEntity
67
0
8
8 - ценная историческая застройка конец ХIX - начало ХХ века
62
256
6
ByLayer
370
-1
48
1.0
60
0
100
AcDbPoint
10
1398169.40569084
20
359027.437447384
30
0.0
39
0.0
210
0.0
220
0.0
230
1.0
50
360.0
0
TEXT
5
242
330
1C
100
AcDbEntity
67
0
8
8 - ценная историческая застройка конец ХIX - начало ХХ века
62
7
6
ByLayer
370
-1
48
1.0
60
0
100
AcDbText
1
265
10
1398169.53482149
20
359027.711892289
30
0.0
40
0.31111111111
41
1.0
50
0.0
51
0.0
7
Standard
11
1398169.53482149
21
359027.711892289
31
0.0
210
0.0
220
0.0
230
1.0
71
0
72
0
100
AcDbText
73
0
0
POINT
5
243
330
1C
100
AcDbEntity
67
0
8
8 - ценная историческая застройка конец ХIX - начало ХХ века
62
256
6
ByLayer
370
-1
48
1.0
60
0
100
AcDbPoint
10
1398040.78235881
20
359050.844247136
30
0.0
39
0.0
210
0.0
220
0.0
230
1.0
50
360.0
0
TEXT
5
244
330
1C
100
AcDbEntity
67
0
8
8 - ценная историческая застройка конец ХIX - начало ХХ века
62
7
6
ByLayer
370
-1
48
1.0
60
0
100
AcDbText
1
266
10
1398040.91148943
20
359051.118691803
30
0.0
40
0.31111111111
41
1.0
50
0.0
51
0.0
7
Standard
11
1398040.91148943
21
359051.118691803
31
0.0
210
0.0
220
0.0
230
1.0
71
0
72
0
100
AcDbText
73
0
0
POINT
5
245
330
1C
100
AcDbEntity
67
0
8
8 - ценная историческая застройка конец ХIX - начало ХХ века
62
256
6
ByLayer
370
-1
48
1.0
60
0
100
AcDbPoint
10
1398119.15757168
20
359046.674831693
30
0.0
39
0.0
210
0.0
220
0.0
230
1.0
50
360.0
0
TEXT
5
246
330
1C
100
AcDbEntity
67
0
8
8 - ценная историческая застройка конец ХIX - начало ХХ века
62
7
6
ByLayer
370
-1
48
1.0
60
0
100
AcDbText
1
267
10
1398119.2867023
20
359046.949276504
30
0.0
40
0.31111111111
41
1.0
50
0.0
51
0.0
7
Standard
11
1398119.2867023
21
359046.949276504
31
0.0
210
0.0
220
0.0
230
1.0
71
0
72
0
100
AcDbText
73
0
0
POINT
5
247
330
1C
100
AcDbEntity
67
0
8
8 - ценная историческая застройка конец ХIX - начало ХХ века
62
256
6
ByLayer
370
-1
48
1.0
60
0
100
AcDbPoint
10
1398118.44474711
20
359033.319857151
30
0.0
39
0.0
210
0.0
220
0.0
230
1.0
50
360.0
0
TEXT
5
248
330
1C
100
AcDbEntity
67
0
8
8 - ценная историческая застройка конец ХIX - начало ХХ века
62
7
6
ByLayer
370
-1
48
1.0
60
0
100
AcDbText
1
268
10
1398118.57387775
20
359033.594301961
30
0.0
40
0.31111111111
41
1.0
50
0.0
51
0.0
7
Standard
11
1398118.57387775
21
359033.594301961
31
0.0
210
0.0
220
0.0
230
1.0
71
0
72
0
100
AcDbText
73
0
0
POINT
5
249
330
1C
100
AcDbEntity
67
0
8
8 - ценная историческая застройка конец ХIX - начало ХХ века
62
256
6
ByLayer
370
-1
48
1.0
60
0
100
AcDbPoint
10
1398040.07262842
20
359037.502986408
30
0.0
39
0.0
210
0.0
220
0.0
230
1.0
50
360.0
0
TEXT
5
24A
330
1C
100
AcDbEntity
67
0
8
8 - ценная историческая застройка конец ХIX - начало ХХ века
62
7
6
ByLayer
370
-1
48
1.0
60
0
100
AcDbText
1
269
10
1398040.20175906
20
359037.777431075
30
0.0
40
0.31111111111
41
1.0
50
0.0
51
0.0
7
Standard
11
1398040.20175906
21
359037.777431075
31
0.0
210
0.0
220
0.0
230
1.0
71
0
72
0
100
AcDbText
73
0
0
POINT
5
24B
330
1C
100
AcDbEntity
67
0
8
8 - ценная историческая застройка конец ХIX - начало ХХ века
62
256
6
ByLayer
370
-1
48
1.0
60
0
100
AcDbPoint
10
1394860.71850459
20
360126.889298984
30
0.0
39
0.0
210
0.0
220
0.0
230
1.0
50
360.0
0
TEXT
5
24C
330
1C
100
AcDbEntity
67
0
8
8 - ценная историческая застройка конец ХIX - начало ХХ века
62
7
6
ByLayer
370
-1
48
1.0
60
0
100
AcDbText
1
270
10
1394860.84763332
20
360127.163737828
30
0.0
40
0.31111111111
41
1.0
50
0.0
51
0.0
7
Standard
11
1394860.84763332
21
360127.163737828
31
0.0
210
0.0
220
0.0
230
1.0
71
0
72
0
100
AcDbText
73
0
0
POINT
5
24D
330
1C
100
AcDbEntity
67
0
8
8 - ценная историческая застройка конец ХIX - начало ХХ века
62
256
6
ByLayer
370
-1
48
1.0
60
0
100
AcDbPoint
10
1394866.0923519
20
360148.716580718
30
0.0
39
0.0
210
0.0
220
0.0
230
1.0
50
360.0
0
TEXT
5
24E
330
1C
100
AcDbEntity
67
0
8
8 - ценная историческая застройка конец ХIX - начало ХХ века
62
7
6
ByLayer
370
-1
48
1.0
60
0
100
AcDbText
1
271
10
1394866.22148058
20
360148.99101957
30
0.0
40
0.31111111111
41
1.0
50
0.0
51
0.0
7
Standard
11
1394866.22148058
21
360148.99101957
31
0.0
210
0.0
220
0.0
230
1.0
71
0
72
0
100
AcDbText
73
0
0
POINT
5
24F
330
1C
100
AcDbEntity
67
0
8
8 - ценная историческая застройка конец ХIX - начало ХХ века
62
256
6
ByLayer
370
-1
48
1.0
60
0
100
AcDbPoint
10
1394875.73705422
20
360146.276784755
30
0.0
39
0.0
210
0.0
220
0.0
230
1.0
50
360.0
0
TEXT
5
250
330
1C
100
AcDbEntity
67
0
8
8 - ценная историческая застройка конец ХIX - начало ХХ века
62
7
6
ByLayer
370
-1
48
1.0
60
0
100
AcDbText
1
272
10
1394875.86618292
20
360146.551223626
30
0.0
40
0.31111111111
41
1.0
50
0.0
51
0.0
7
Standard
11
1394875.86618292
21
360146.551223626
31
0.0
210
0.0
220
0.0
230
1.0
71
0
72
0
100
AcDbText
73
0
0
POINT
5
251
330
1C
100
AcDbEntity
67
0
8
8 - ценная историческая застройка конец ХIX - начало ХХ века
62
256
6
ByLayer
370
-1
48
1.0
60
0
100
AcDbPoint
10
1394870.2049284
20
360124.486447896
30
0.0
39
0.0
210
0.0
220
0.0
230
1.0
50
360.0
0
TEXT
5
252
330
1C
100
AcDbEntity
67
0
8
8 - ценная историческая застройка конец ХIX - начало ХХ века
62
7
6
ByLayer
370
-1
48
1.0
60
0
100
AcDbText
1
273
10
1394870.33405714
20
360124.760886754
30
0.0
40
0.31111111111
41
1.0
50
0.0
51
0.0
7
Standard
11
1394870.33405714
21
360124.760886754
31
0.0
210
0.0
220
0.0
230
1.0
71
0
72
0
100
AcDbText
73
0
0
POINT
5
253
330
1C
100
AcDbEntity
67
0
8
8 - ценная историческая застройка конец ХIX - начало ХХ века
62
256
6
ByLayer
370
-1
48
1.0
60
0
100
AcDbPoint
10
1394824.60211061
20
360043.726907234
30
0.0
39
0.0
210
0.0
220
0.0
230
1.0
50
360.0
0
TEXT
5
254
330
1C
100
AcDbEntity
67
0
8
8 - ценная историческая застройка конец ХIX - начало ХХ века
62
7
6
ByLayer
370
-1
48
1.0
60
0
100
AcDbText
1
274
10
1394824.7312395
20
360044.001346013
30
0.0
40
0.31111111111
41
1.0
50
0.0
51
0.0
7
Standard
11
1394824.7312395
21
360044.001346013
31
0.0
210
0.0
220
0.0
230
1.0
71
0
72
0
100
AcDbText
73
0
0
POINT
5
255
330
1C
100
AcDbEntity
67
0
8
8 - ценная историческая застройка конец ХIX - начало ХХ века
62
256
6
ByLayer
370
-1
48
1.0
60
0
100
AcDbPoint
10
1394798.91610121
20
360050.925333109
30
0.0
39
0.0
210
0.0
220
0.0
230
1.0
50
360.0
0
TEXT
5
256
330
1C
100
AcDbEntity
67
0
8
8 - ценная историческая застройка конец ХIX - начало ХХ века
62
7
6
ByLayer
370
-1
48
1.0
60
0
100
AcDbText
1
275
10
1394799.04523008
20
360051.199771839
30
0.0
40
0.31111111111
41
1.0
50
0.0
51
0.0
7
Standard
11
1394799.04523008
21
360051.199771839
31
0.0
210
0.0
220
0.0
230
1.0
71
0
72
0
100
AcDbText
73
0
0
POINT
5
257
330
1C
100
AcDbEntity
67
0
8
8 - ценная историческая застройка конец ХIX - начало ХХ века
62
256
6
ByLayer
370
-1
48
1.0
60
0
100
AcDbPoint
10
1394802.43330013
20
360063.572037628
30
0.0
39
0.0
210
0.0
220
0.0
230
1.0
50
360.0
0
TEXT
5
258
330
1C
100
AcDbEntity
67
0
8
8 - ценная историческая застройка конец ХIX - начало ХХ века
62
7
6
ByLayer
370
-1
48
1.0
60
0
100
AcDbText
1
276
10
1394802.56242898
20
360063.846476364
30
0.0
40
0.31111111111
41
1.0
50
0.0
51
0.0
7
Standard
11
1394802.56242898
21
360063.846476364
31
0.0
210
0.0
220
0.0
230
1.0
71
0
72
0
100
AcDbText
73
0
0
POINT
5
259
330
1C
100
AcDbEntity
67
0
8
8 - ценная историческая застройка конец ХIX - начало ХХ века
62
256
6
ByLayer
370
-1
48
1.0
60
0
100
AcDbPoint
10
1394824.66540394
20
360057.23093385
30
0.0
39
0.0
210
0.0
220
0.0
230
1.0
50
360.0
0
TEXT
5
25A
330
1C
100
AcDbEntity
67
0
8
8 - ценная историческая застройка конец ХIX - начало ХХ века
62
7
6
ByLayer
370
-1
48
1.0
60
0
100
AcDbText
1
277
10
1394824.7945328
20
360057.505372629
30
0.0
40
0.31111111111
41
1.0
50
0.0
51
0.0
7
Standard
11
1394824.7945328
21
360057.505372629
31
0.0
210
0.0
220
0.0
230
1.0
71
0
72
0
100
AcDbText
73
0
0
POINT
5
25B
330
1C
100
AcDbEntity
67
0
8
8 - ценная историческая застройка конец ХIX - начало ХХ века
62
256
6
ByLayer
370
-1
48
1.0
60
0
100
AcDbPoint
10
1394827.234304
20
360054.074544152
30
0.0
39
0.0
210
0.0
220
0.0
230
1.0
50
360.0
0
TEXT
5
25C
330
1C
100
AcDbEntity
67
0
8
8 - ценная историческая застройка конец ХIX - начало ХХ века
62
7
6
ByLayer
370
-1
48
1.0
60
0
100
AcDbText
1
278
10
1394827.36343287
20
360054.348982934
30
0.0
40
0.31111111111
41
1.0
50
0.0
51
0.0
7
Standard
11
1394827.36343287
21
360054.348982934
31
0.0
210
0.0
220
0.0
230
1.0
71
0
72
0
100
AcDbText
73
0
0
POINT
5
25D
330
1C
100
AcDbEntity
67
0
8
8 - ценная историческая застройка конец ХIX - начало ХХ века
62
256
6
ByLayer
370
-1
48
1.0
60
0
100
AcDbPoint
10
1394826.45282336
20
360050.936658544
30
0.0
39
0.0
210
0.0
220
0.0
230
1.0
50
360.0
0
TEXT
5
25E
330
1C
100
AcDbEntity
67
0
8
8 - ценная историческая застройка конец ХIX - начало ХХ века
62
7
6
ByLayer
370
-1
48
1.0
60
0
100
AcDbText
1
279
10
1394826.58195223
20
360051.211097324
30
0.0
40
0.31111111111
41
1.0
50
0.0
51
0.0
7
Standard
11
1394826.58195223
21
360051.211097324
31
0.0
210
0.0
220
0.0
230
1.0
71
0
72
0
100
AcDbText
73
0
0
POINT
5
25F
330
1C
100
AcDbEntity
67
0
8
8 - ценная историческая застройка конец ХIX - начало ХХ века
62
256
6
ByLayer
370
-1
48
1.0
60
0
100
AcDbPoint
10
1394830.18035001
20
360049.803675435
30
0.0
39
0.0
210
0.0
220
0.0
230
1.0
50
360.0
0
TEXT
5
260
330
1C
100
AcDbEntity
67
0
8
8 - ценная историческая застройка конец ХIX - начало ХХ века
62
7
6
ByLayer
370
-1
48
1.0
60
0
100
AcDbText
1
280
10
1394830.30947888
20
360050.078114223
30
0.0
40
0.31111111111
41
1.0
50
0.0
51
0.0
7
Standard
11
1394830.30947888
21
360050.078114223
31
0.0
210
0.0
220
0.0
230
1.0
71
0
72
0
100
AcDbText
73
0
0
POINT
5
261
330
1C
100
AcDbEntity
67
0
8
8 - ценная историческая застройка конец ХIX - начало ХХ века
62
256
6
ByLayer
370
-1
48
1.0
60
0
100
AcDbPoint
10
1394835.45493356
20
360043.703037744
30
0.0
39
0.0
210
0.0
220
0.0
230
1.0
50
360.0
0
TEXT
5
262
330
1C
100
AcDbEntity
67
0
8
8 - ценная историческая застройка конец ХIX - начало ХХ века
62
7
6
ByLayer
370
-1
48
1.0
60
0
100
AcDbText
1
281
10
1394835.58406244
20
360043.977476544
30
0.0
40
0.31111111111
41
1.0
50
0.0
51
0.0
7
Standard
11
1394835.58406244
21
360043.977476544
31
0.0
210
0.0
220
0.0
230
1.0
71
0
72
0
100
AcDbText
73
0
0
POINT
5
263
330
1C
100
AcDbEntity
67
0
8
8 - ценная историческая застройка конец ХIX - начало ХХ века
62
256
6
ByLayer
370
-1
48
1.0
60
0
100
AcDbPoint
10
1394834.63750614
20
360040.909891976
30
0.0
39
0.0
210
0.0
220
0.0
230
1.0
50
360.0
0
TEXT
5
264
330
1C
100
AcDbEntity
67
0
8
8 - ценная историческая застройка конец ХIX - начало ХХ века
62
7
6
ByLayer
370
-1
48
1.0
60
0
100
AcDbText
1
282
10
1394834.76663503
20
360041.184330773
30
0.0
40
0.31111111111
41
1.0
50
0.0
51
0.0
7
Standard
11
1394834.76663503
21
360041.184330773
31
0.0
210
0.0
220
0.0
230
1.0
71
0
72
0
100
AcDbText
73
0
0
POINT
5
265
330
1C
100
AcDbEntity
67
0
8
8 - ценная историческая застройка конец ХIX - начало ХХ века
62
256
6
ByLayer
370
-1
48
1.0
60
0
100
AcDbPoint
10
1394764.4303831
20
360059.979642354
30
0.0
39
0.0
210
0.0
220
0.0
230
1.0
50
360.0
0
TEXT
5
266
330
1C
100
AcDbEntity
67
0
8
8 - ценная историческая застройка конец ХIX - начало ХХ века
62
7
6
ByLayer
370
-1
48
1.0
60
0
100
AcDbText
1
283
10
1394764.55951195
20
360060.254081024
30
0.0
40
0.31111111111
41
1.0
50
0.0
51
0.0
7
Standard
11
1394764.55951195
21
360060.254081024
31
0.0
210
0.0
220
0.0
230
1.0
71
0
72
0
100
AcDbText
73
0
0
POINT
5
267
330
1C
100
AcDbEntity
67
0
8
8 - ценная историческая застройка конец ХIX - начало ХХ века
62
256
6
ByLayer
370
-1
48
1.0
60
0
100
AcDbPoint
10
1394768.06782262
20
360072.282993385
30
0.0
39
0.0
210
0.0
220
0.0
230
1.0
50
360.0
0
TEXT
5
268
330
1C
100
AcDbEntity
67
0
8
8 - ценная историческая застройка конец ХIX - начало ХХ века
62
7
6
ByLayer
370
-1
48
1.0
60
0
100
AcDbText
1
284
10
1394768.19695145
20
360072.55743206
30
0.0
40
0.31111111111
41
1.0
50
0.0
51
0.0
7
Standard
11
1394768.19695145
21
360072.55743206
31
0.0
210
0.0
220
0.0
230
1.0
71
0
72
0
100
AcDbText
73
0
0
POINT
5
269
330
1C
100
AcDbEntity
67
0
8
8 - ценная историческая застройка конец ХIX - начало ХХ века
62
256
6
ByLayer
370
-1
48
1.0
60
0
100
AcDbPoint
10
1394770.67384014
20
360071.553982747
30
0.0
39
0.0
210
0.0
220
0.0
230
1.0
50
360.0
0
TEXT
5
26A
330
1C
100
AcDbEntity
67
0
8
8 - ценная историческая застройка конец ХIX - начало ХХ века
62
7
6
ByLayer
370
-1
48
1.0
60
0
100
AcDbText
1
285
10
1394770.80296898
20
360071.828421425
30
0.0
40
0.31111111111
41
1.0
50
0.0
51
0.0
7
Standard
11
1394770.80296898
21
360071.828421425
31
0.0
210
0.0
220
0.0
230
1.0
71
0
72
0
100
AcDbText
73
0
0
POINT
5
26B
330
1C
100
AcDbEntity
67
0
8
8 - ценная историческая застройка конец ХIX - начало ХХ века
62
256
6
ByLayer
370
-1
48
1.0
60
0
100
AcDbPoint
10
1394771.03318994
20
360072.825364436
30
0.0
39
0.0
210
0.0
220
0.0
230
1.0
50
360.0
0
TEXT
5
26C
330
1C
100
AcDbEntity
67
0
8
8 - ценная историческая застройка конец ХIX - начало ХХ века
62
7
6
ByLayer
370
-1
48
1.0
60
0
100
AcDbText
1
286
10
1394771.16231878
20
360073.099803116
30
0.0
40
0.31111111111
41
1.0
50
0.0
51
0.0
7
Standard
11
1394771.16231878
21
360073.099803116
31
0.0
210
0.0
220
0.0
230
1.0
71
0
72
0
100
AcDbText
73
0
0
POINT
5
26D
330
1C
100
AcDbEntity
67
0
8
8 - ценная историческая застройка конец ХIX - начало ХХ века
62
256
6
ByLayer
370
-1
48
1.0
60
0
100
AcDbPoint
10
1394778.18685011
20
360070.758801126
30
0.0
39
0.0
210
0.0
220
0.0
230
1.0
50
360.0
0
TEXT
5
26E
330
1C
100
AcDbEntity
67
0
8
8 - ценная историческая застройка конец ХIX - начало ХХ века
62
7
6
ByLayer
370
-1
48
1.0
60
0
100
AcDbText
1
287
10
1394778.31597895
20
360071.033239818
30
0.0
40
0.31111111111
41
1.0
50
0.0
51
0.0
7
Standard
11
1394778.31597895
21
360071.033239818
31
0.0
210
0.0
220
0.0
230
1.0
71
0
72
0
100
AcDbText
73
0
0
POINT
5
26F
330
1C
100
AcDbEntity
67
0
8
8 - ценная историческая застройка конец ХIX - начало ХХ века
62
256
6
ByLayer
370
-1
48
1.0
60
0
100
AcDbPoint
10
1394777.86895067
20
360069.401452487
30
0.0
39
0.0
210
0.0
220
0.0
230
1.0
50
360.0
0
TEXT
5
270
330
1C
100
AcDbEntity
67
0
8
8 - ценная историческая застройка конец ХIX - начало ХХ века
62
7
6
ByLayer
370
-1
48
1.0
60
0
100
AcDbText
1
288
10
1394777.99807951
20
360069.675891177
30
0.0
40
0.31111111111
41
1.0
50
0.0
51
0.0
7
Standard
11
1394777.99807951
21
360069.675891177
31
0.0
210
0.0
220
0.0
230
1.0
71
0
72
0
100
AcDbText
73
0
0
POINT
5
271
330
1C
100
AcDbEntity
67
0
8
8 - ценная историческая застройка конец ХIX - начало ХХ века
62
256
6
ByLayer
370
-1
48
1.0
60
0
100
AcDbPoint
10
1394788.98670779
20
360066.416839259
30
0.0
39
0.0
210
0.0
220
0.0
230
1.0
50
360.0
0
TEXT
5
272
330
1C
100
AcDbEntity
67
0
8
8 - ценная историческая застройка конец ХIX - начало ХХ века
62
7
6
ByLayer
370
-1
48
1.0
60
0
100
AcDbText
1
289
10
1394789.11583664
20
360066.69127797
30
0.0
40
0.31111111111
41
1.0
50
0.0
51
0.0
7
Standard
11
1394789.11583664
21
360066.69127797
31
0.0
210
0.0
220
0.0
230
1.0
71
0
72
0
100
AcDbText
73
0
0
POINT
5
273
330
1C
100
AcDbEntity
67
0
8
8 - ценная историческая застройка конец ХIX - начало ХХ века
62
256
6
ByLayer
370
-1
48
1.0
60
0
100
AcDbPoint
10
1394789.57194572
20
360068.696314103
30
0.0
39
0.0
210
0.0
220
0.0
230
1.0
50
360.0
0
TEXT
5
274
330
1C
100
AcDbEntity
67
0
8
8 - ценная историческая застройка конец ХIX - начало ХХ века
62
7
6
ByLayer
370
-1
48
1.0
60
0
100
AcDbText
1
290
10
1394789.70107456
20
360068.970752817
30
0.0
40
0.31111111111
41
1.0
50
0.0
51
0.0
7
Standard
11
1394789.70107456
21
360068.970752817
31
0.0
210
0.0
220
0.0
230
1.0
71
0
72
0
100
AcDbText
73
0
0
POINT
5
275
330
1C
100
AcDbEntity
67
0
8
8 - ценная историческая застройка конец ХIX - начало ХХ века
62
256
6
ByLayer
370
-1
48
1.0
60
0
100
AcDbPoint
10
1394793.88319417
20
360067.372011576
30
0.0
39
0.0
210
0.0
220
0.0
230
1.0
50
360.0
0
TEXT
5
276
330
1C
100
AcDbEntity
67
0
8
8 - ценная историческая застройка конец ХIX - начало ХХ века
62
7
6
ByLayer
370
-1
48
1.0
60
0
100
AcDbText
1
291
10
1394794.01232302
20
360067.646450301
30
0.0
40
0.31111111111
41
1.0
50
0.0
51
0.0
7
Standard
11
1394794.01232302
21
360067.646450301
31
0.0
210
0.0
220
0.0
230
1.0
71
0
72
0
100
AcDbText
73
0
0
POINT
5
277
330
1C
100
AcDbEntity
67
0
8
8 - ценная историческая застройка конец ХIX - начало ХХ века
62
256
6
ByLayer
370
-1
48
1.0
60
0
100
AcDbPoint
10
1394793.40213698
20
360065.474217918
30
0.0
39
0.0
210
0.0
220
0.0
230
1.0
50
360.0
0
TEXT
5
278
330
1C
100
AcDbEntity
67
0
8
8 - ценная историческая застройка конец ХIX - начало ХХ века
62
7
6
ByLayer
370
-1
48
1.0
60
0
100
AcDbText
1
292
10
1394793.53126583
20
360065.74865664
30
0.0
40
0.31111111111
41
1.0
50
0.0
51
0.0
7
Standard
11
1394793.53126583
21
360065.74865664
31
0.0
210
0.0
220
0.0
230
1.0
71
0
72
0
100
AcDbText
73
0
0
POINT
5
279
330
1C
100
AcDbEntity
67
0
8
8 - ценная историческая застройка конец ХIX - начало ХХ века
62
256
6
ByLayer
370
-1
48
1.0
60
0
100
AcDbPoint
10
1394802.23126379
20
360063.048826383
30
0.0
39
0.0
210
0.0
220
0.0
230
1.0
50
360.0
0
TEXT
5
27A
330
1C
100
AcDbEntity
67
0
8
8 - ценная историческая застройка конец ХIX - начало ХХ века
62
7
6
ByLayer
370
-1
48
1.0
60
0
100
AcDbText
1
293
10
1394802.36039263
20
360063.323265124
30
0.0
40
0.31111111111
41
1.0
50
0.0
51
0.0
7
Standard
11
1394802.36039263
21
360063.323265124
31
0.0
210
0.0
220
0.0
230
1.0
71
0
72
0
100
AcDbText
73
0
0
POINT
5
27B
330
1C
100
AcDbEntity
67
0
8
8 - ценная историческая застройка конец ХIX - начало ХХ века
62
256
6
ByLayer
370
-1
48
1.0
60
0
100
AcDbPoint
10
1394795.63773704
20
360051.84408464
30
0.0
39
0.0
210
0.0
220
0.0
230
1.0
50
360.0
0
TEXT
5
27C
330
1C
100
AcDbEntity
67
0
8
8 - ценная историческая застройка конец ХIX - начало ХХ века
62
7
6
ByLayer
370
-1
48
1.0
60
0
100
AcDbText
1
295
10
1394795.76686591
20
360052.118523367
30
0.0
40
0.31111111111
41
1.0
50
0.0
51
0.0
7
Standard
11
1394795.76686591
21
360052.118523367
31
0.0
210
0.0
220
0.0
230
1.0
71
0
72
0
100
AcDbText
73
0
0
POINT
5
27D
330
1C
100
AcDbEntity
67
0
8
8 - ценная историческая застройка конец ХIX - начало ХХ века
62
256
6
ByLayer
370
-1
48
1.0
60
0
100
AcDbPoint
10
1394795.51786025
20
360051.413422967
30
0.0
39
0.0
210
0.0
220
0.0
230
1.0
50
360.0
0
TEXT
5
27E
330
1C
100
AcDbEntity
67
0
8
8 - ценная историческая застройка конец ХIX - начало ХХ века
62
7
6
ByLayer
370
-1
48
1.0
60
0
100
AcDbText
1
296
10
1394795.64698913
20
360051.687861694
30
0.0
40
0.31111111111
41
1.0
50
0.0
51
0.0
7
Standard
11
1394795.64698913
21
360051.687861694
31
0.0
210
0.0
220
0.0
230
1.0
71
0
72
0
100
AcDbText
73
0
0
POINT
5
27F
330
1C
100
AcDbEntity
67
0
8
8 - ценная историческая застройка конец ХIX - начало ХХ века
62
256
6
ByLayer
370
-1
48
1.0
60
0
100
AcDbPoint
10
1394742.38797937
20
360289.557307816
30
0.0
39
0.0
210
0.0
220
0.0
230
1.0
50
360.0
0
TEXT
5
280
330
1C
100
AcDbEntity
67
0
8
8 - ценная историческая застройка конец ХIX - начало ХХ века
62
7
6
ByLayer
370
-1
48
1.0
60
0
100
AcDbText
1
297
10
1394742.51710781
20
360289.831746441
30
0.0
40
0.31111111111
41
1.0
50
0.0
51
0.0
7
Standard
11
1394742.51710781
21
360289.831746441
31
0.0
210
0.0
220
0.0
230
1.0
71
0
72
0
100
AcDbText
73
0
0
POINT
5
281
330
1C
100
AcDbEntity
67
0
8
8 - ценная историческая застройка конец ХIX - начало ХХ века
62
256
6
ByLayer
370
-1
48
1.0
60
0
100
AcDbPoint
10
1394762.85162476
20
360284.347555018
30
0.0
39
0.0
210
0.0
220
0.0
230
1.0
50
360.0
0
TEXT
5
282
330
1C
100
AcDbEntity
67
0
8
8 - ценная историческая застройка конец ХIX - начало ХХ века
62
7
6
ByLayer
370
-1
48
1.0
60
0
100
AcDbText
1
298
10
1394762.98075321
20
360284.621993678
30
0.0
40
0.31111111111
41
1.0
50
0.0
51
0.0
7
Standard
11
1394762.98075321
21
360284.621993678
31
0.0
210
0.0
220
0.0
230
1.0
71
0
72
0
100
AcDbText
73
0
0
POINT
5
283
330
1C
100
AcDbEntity
67
0
8
8 - ценная историческая застройка конец ХIX - начало ХХ века
62
256
6
ByLayer
370
-1
48
1.0
60
0
100
AcDbPoint
10
1394759.84408651
20
360271.884858143
30
0.0
39
0.0
210
0.0
220
0.0
230
1.0
50
360.0
0
TEXT
5
284
330
1C
100
AcDbEntity
67
0
8
8 - ценная историческая застройка конец ХIX - начало ХХ века
62
7
6
ByLayer
370
-1
48
1.0
60
0
100
AcDbText
1
299
10
1394759.97321498
20
360272.159296799
30
0.0
40
0.31111111111
41
1.0
50
0.0
51
0.0
7
Standard
11
1394759.97321498
21
360272.159296799
31
0.0
210
0.0
220
0.0
230
1.0
71
0
72
0
100
AcDbText
73
0
0
POINT
5
285
330
1C
100
AcDbEntity
67
0
8
8 - ценная историческая застройка конец ХIX - начало ХХ века
62
256
6
ByLayer
370
-1
48
1.0
60
0
100
AcDbPoint
10
1394739.08828872
20
360276.908400016
30
0.0
39
0.0
210
0.0
220
0.0
230
1.0
50
360.0
0
TEXT
5
286
330
1C
100
AcDbEntity
67
0
8
8 - ценная историческая застройка конец ХIX - начало ХХ века
62
7
6
ByLayer
370
-1
48
1.0
60
0
100
AcDbText
1
300
10
1394739.21741718
20
360277.182838632
30
0.0
40
0.31111111111
41
1.0
50
0.0
51
0.0
7
Standard
11
1394739.21741718
21
360277.182838632
31
0.0
210
0.0
220
0.0
230
1.0
71
0
72
0
100
AcDbText
73
0
0
POINT
5
287
330
1C
100
AcDbEntity
67
0
8
8 - ценная историческая застройка конец ХIX - начало ХХ века
62
256
6
ByLayer
370
-1
48
1.0
60
0
100
AcDbPoint
10
1395196.69121705
20
360185.175038963
30
0.0
39
0.0
210
0.0
220
0.0
230
1.0
50
360.0
0
TEXT
5
288
330
1C
100
AcDbEntity
67
0
8
8 - ценная историческая застройка конец ХIX - начало ХХ века
62
7
6
ByLayer
370
-1
48
1.0
60
0
100
AcDbText
1
301
10
1395196.82034566
20
360185.449478416
30
0.0
40
0.31111111111
41
1.0
50
0.0
51
0.0
7
Standard
11
1395196.82034566
21
360185.449478416
31
0.0
210
0.0
220
0.0
230
1.0
71
0
72
0
100
AcDbText
73
0
0
POINT
5
289
330
1C
100
AcDbEntity
67
0
8
8 - ценная историческая застройка конец ХIX - начало ХХ века
62
256
6
ByLayer
370
-1
48
1.0
60
0
100
AcDbPoint
10
1395201.36547546
20
360203.930859661
30
0.0
39
0.0
210
0.0
220
0.0
230
1.0
50
360.0
0
TEXT
5
28A
330
1C
100
AcDbEntity
67
0
8
8 - ценная историческая застройка конец ХIX - начало ХХ века
62
7
6
ByLayer
370
-1
48
1.0
60
0
100
AcDbText
1
302
10
1395201.49460405
20
360204.205299122
30
0.0
40
0.31111111111
41
1.0
50
0.0
51
0.0
7
Standard
11
1395201.49460405
21
360204.205299122
31
0.0
210
0.0
220
0.0
230
1.0
71
0
72
0
100
AcDbText
73
0
0
POINT
5
28B
330
1C
100
AcDbEntity
67
0
8
8 - ценная историческая застройка конец ХIX - начало ХХ века
62
256
6
ByLayer
370
-1
48
1.0
60
0
100
AcDbPoint
10
1395216.1643113
20
360200.286578459
30
0.0
39
0.0
210
0.0
220
0.0
230
1.0
50
360.0
0
TEXT
5
28C
330
1C
100
AcDbEntity
67
0
8
8 - ценная историческая застройка конец ХIX - начало ХХ века
62
7
6
ByLayer
370
-1
48
1.0
60
0
100
AcDbText
1
303
10
1395216.29343989
20
360200.561017946
30
0.0
40
0.31111111111
41
1.0
50
0.0
51
0.0
7
Standard
11
1395216.29343989
21
360200.561017946
31
0.0
210
0.0
220
0.0
230
1.0
71
0
72
0
100
AcDbText
73
0
0
POINT
5
28D
330
1C
100
AcDbEntity
67
0
8
8 - ценная историческая застройка конец ХIX - начало ХХ века
62
256
6
ByLayer
370
-1
48
1.0
60
0
100
AcDbPoint
10
1395215.03904143
20
360195.388238226
30
0.0
39
0.0
210
0.0
220
0.0
230
1.0
50
360.0
0
TEXT
5
28E
330
1C
100
AcDbEntity
67
0
8
8 - ценная историческая застройка конец ХIX - начало ХХ века
62
7
6
ByLayer
370
-1
48
1.0
60
0
100
AcDbText
1
304
10
1395215.16817002
20
360195.662677713
30
0.0
40
0.31111111111
41
1.0
50
0.0
51
0.0
7
Standard
11
1395215.16817002
21
360195.662677713
31
0.0
210
0.0
220
0.0
230
1.0
71
0
72
0
100
AcDbText
73
0
0
POINT
5
28F
330
1C
100
AcDbEntity
67
0
8
8 - ценная историческая застройка конец ХIX - начало ХХ века
62
256
6
ByLayer
370
-1
48
1.0
60
0
100
AcDbPoint
10
1395213.3529284
20
360195.762511562
30
0.0
39
0.0
210
0.0
220
0.0
230
1.0
50
360.0
0
TEXT
5
290
330
1C
100
AcDbEntity
67
0
8
8 - ценная историческая застройка конец ХIX - начало ХХ века
62
7
6
ByLayer
370
-1
48
1.0
60
0
100
AcDbText
1
305
10
1395213.48205699
20
360196.036951045
30
0.0
40
0.31111111111
41
1.0
50
0.0
51
0.0
7
Standard
11
1395213.48205699
21
360196.036951045
31
0.0
210
0.0
220
0.0
230
1.0
71
0
72
0
100
AcDbText
73
0
0
POINT
5
291
330
1C
100
AcDbEntity
67
0
8
8 - ценная историческая застройка конец ХIX - начало ХХ века
62
256
6
ByLayer
370
-1
48
1.0
60
0
100
AcDbPoint
10
1395211.64854535
20
360188.184696667
30
0.0
39
0.0
210
0.0
220
0.0
230
1.0
50
360.0
0
TEXT
5
292
330
1C
100
AcDbEntity
67
0
8
8 - ценная историческая застройка конец ХIX - начало ХХ века
62
7
6
ByLayer
370
-1
48
1.0
60
0
100
AcDbText
1
306
10
1395211.77767396
20
360188.459136145
30
0.0
40
0.31111111111
41
1.0
50
0.0
51
0.0
7
Standard
11
1395211.77767396
21
360188.459136145
31
0.0
210
0.0
220
0.0
230
1.0
71
0
72
0
100
AcDbText
73
0
0
POINT
5
293
330
1C
100
AcDbEntity
67
0
8
8 - ценная историческая застройка конец ХIX - начало ХХ века
62
256
6
ByLayer
370
-1
48
1.0
60
0
100
AcDbPoint
10
1395208.5963171
20
360188.938143171
30
0.0
39
0.0
210
0.0
220
0.0
230
1.0
50
360.0
0
TEXT
5
294
330
1C
100
AcDbEntity
67
0
8
8 - ценная историческая застройка конец ХIX - начало ХХ века
62
7
6
ByLayer
370
-1
48
1.0
60
0
100
AcDbText
1
307
10
1395208.72544571
20
360189.212582646
30
0.0
40
0.31111111111
41
1.0
50
0.0
51
0.0
7
Standard
11
1395208.72544571
21
360189.212582646
31
0.0
210
0.0
220
0.0
230
1.0
71
0
72
0
100
AcDbText
73
0
0
POINT
5
295
330
1C
100
AcDbEntity
67
0
8
8 - ценная историческая застройка конец ХIX - начало ХХ века
62
256
6
ByLayer
370
-1
48
1.0
60
0
100
AcDbPoint
10
1395207.051568
20
360182.693075237
30
0.0
39
0.0
210
0.0
220
0.0
230
1.0
50
360.0
0
TEXT
5
296
330
1C
100
AcDbEntity
67
0
8
8 - ценная историческая застройка конец ХIX - начало ХХ века
62
7
6
ByLayer
370
-1
48
1.0
60
0
100
AcDbText
1
308
10
1395207.18069662
20
360182.967514705
30
0.0
40
0.31111111111
41
1.0
50
0.0
51
0.0
7
Standard
11
1395207.18069662
21
360182.967514705
31
0.0
210
0.0
220
0.0
230
1.0
71
0
72
0
100
AcDbText
73
0
0
POINT
5
297
330
1C
100
AcDbEntity
67
0
8
8 - ценная историческая застройка конец ХIX - начало ХХ века
62
256
6
ByLayer
370
-1
48
1.0
60
0
100
AcDbPoint
10
1395209.58335335
20
360212.678585855
30
0.0
39
0.0
210
0.0
220
0.0
230
1.0
50
360.0
0
TEXT
5
298
330
1C
100
AcDbEntity
67
0
8
8 - ценная историческая застройка конец ХIX - начало ХХ века
62
7
6
ByLayer
370
-1
48
1.0
60
0
100
AcDbText
1
309
10
1395209.71248191
20
360212.953025331
30
0.0
40
0.31111111111
41
1.0
50
0.0
51
0.0
7
Standard
11
1395209.71248191
21
360212.953025331
31
0.0
210
0.0
220
0.0
230
1.0
71
0
72
0
100
AcDbText
73
0
0
POINT
5
299
330
1C
100
AcDbEntity
67
0
8
8 - ценная историческая застройка конец ХIX - начало ХХ века
62
256
6
ByLayer
370
-1
48
1.0
60
0
100
AcDbPoint
10
1395200.9583395
20
360215.113553985
30
0.0
39
0.0
210
0.0
220
0.0
230
1.0
50
360.0
0
TEXT
5
29A
330
1C
100
AcDbEntity
67
0
8
8 - ценная историческая застройка конец ХIX - начало ХХ века
62
7
6
ByLayer
370
-1
48
1.0
60
0
100
AcDbText
1
310
10
1395201.08746807
20
360215.387993445
30
0.0
40
0.31111111111
41
1.0
50
0.0
51
0.0
7
Standard
11
1395201.08746807
21
360215.387993445
31
0.0
210
0.0
220
0.0
230
1.0
71
0
72
0
100
AcDbText
73
0
0
POINT
5
29B
330
1C
100
AcDbEntity
67
0
8
8 - ценная историческая застройка конец ХIX - начало ХХ века
62
256
6
ByLayer
370
-1
48
1.0
60
0
100
AcDbPoint
10
1395201.47351212
20
360217.060191216
30
0.0
39
0.0
210
0.0
220
0.0
230
1.0
50
360.0
0
TEXT
5
29C
330
1C
100
AcDbEntity
67
0
8
8 - ценная историческая застройка конец ХIX - начало ХХ века
62
7
6
ByLayer
370
-1
48
1.0
60
0
100
AcDbText
1
311
10
1395201.60264068
20
360217.334630678
30
0.0
40
0.31111111111
41
1.0
50
0.0
51
0.0
7
Standard
11
1395201.60264068
21
360217.334630678
31
0.0
210
0.0
220
0.0
230
1.0
71
0
72
0
100
AcDbText
73
0
0
POINT
5
29D
330
1C
100
AcDbEntity
67
0
8
8 - ценная историческая застройка конец ХIX - начало ХХ века
62
256
6
ByLayer
370
-1
48
1.0
60
0
100
AcDbPoint
10
1395202.79242501
20
360216.711144259
30
0.0
39
0.0
210
0.0
220
0.0
230
1.0
50
360.0
0
TEXT
5
29E
330
1C
100
AcDbEntity
67
0
8
8 - ценная историческая застройка конец ХIX - начало ХХ века
62
7
6
ByLayer
370
-1
48
1.0
60
0
100
AcDbText
1
312
10
1395202.92155357
20
360216.985583722
30
0.0
40
0.31111111111
41
1.0
50
0.0
51
0.0
7
Standard
11
1395202.92155357
21
360216.985583722
31
0.0
210
0.0
220
0.0
230
1.0
71
0
72
0
100
AcDbText
73
0
0
POINT
5
29F
330
1C
100
AcDbEntity
67
0
8
8 - ценная историческая застройка конец ХIX - начало ХХ века
62
256
6
ByLayer
370
-1
48
1.0
60
0
100
AcDbPoint
10
1395203.8372142
20
360220.65899694
30
0.0
39
0.0
210
0.0
220
0.0
230
1.0
50
360.0
0
TEXT
5
2A0
330
1C
100
AcDbEntity
67
0
8
8 - ценная историческая застройка конец ХIX - начало ХХ века
62
7
6
ByLayer
370
-1
48
1.0
60
0
100
AcDbText
1
313
10
1395203.96634276
20
360220.933436404
30
0.0
40
0.31111111111
41
1.0
50
0.0
51
0.0
7
Standard
11
1395203.96634276
21
360220.933436404
31
0.0
210
0.0
220
0.0
230
1.0
71
0
72
0
100
AcDbText
73
0
0
POINT
5
2A1
330
1C
100
AcDbEntity
67
0
8
8 - ценная историческая застройка конец ХIX - начало ХХ века
62
256
6
ByLayer
370
-1
48
1.0
60
0
100
AcDbPoint
10
1395222.08546091
20
360214.649271052
30
0.0
39
0.0
210
0.0
220
0.0
230
1.0
50
360.0
0
TEXT
5
2A2
330
1C
100
AcDbEntity
67
0
8
8 - ценная историческая застройка конец ХIX - начало ХХ века
62
7
6
ByLayer
370
-1
48
1.0
60
0
100
AcDbText
1
314
10
1395222.21458947
20
360214.923710548
30
0.0
40
0.31111111111
41
1.0
50
0.0
51
0.0
7
Standard
11
1395222.21458947
21
360214.923710548
31
0.0
210
0.0
220
0.0
230
1.0
71
0
72
0
100
AcDbText
73
0
0
POINT
5
2A3
330
1C
100
AcDbEntity
67
0
8
8 - ценная историческая застройка конец ХIX - начало ХХ века
62
256
6
ByLayer
370
-1
48
1.0
60
0
100
AcDbPoint
10
1395220.19609728
20
360209.081684888
30
0.0
39
0.0
210
0.0
220
0.0
230
1.0
50
360.0
0
TEXT
5
2A4
330
1C
100
AcDbEntity
67
0
8
8 - ценная историческая застройка конец ХIX - начало ХХ века
62
7
6
ByLayer
370
-1
48
1.0
60
0
100
AcDbText
1
315
10
1395220.32522585
20
360209.356124387
30
0.0
40
0.31111111111
41
1.0
50
0.0
51
0.0
7
Standard
11
1395220.32522585
21
360209.356124387
31
0.0
210
0.0
220
0.0
230
1.0
71
0
72
0
100
AcDbText
73
0
0
POINT
5
2A5
330
1C
100
AcDbEntity
67
0
8
8 - ценная историческая застройка конец ХIX - начало ХХ века
62
256
6
ByLayer
370
-1
48
1.0
60
0
100
AcDbPoint
10
1395203.93894717
20
360221.043406313
30
0.0
39
0.0
210
0.0
220
0.0
230
1.0
50
360.0
0
TEXT
5
2A6
330
1C
100
AcDbEntity
67
0
8
8 - ценная историческая застройка конец ХIX - начало ХХ века
62
7
6
ByLayer
370
-1
48
1.0
60
0
100
AcDbText
1
318
10
1395204.06807572
20
360221.317845778
30
0.0
40
0.31111111111
41
1.0
50
0.0
51
0.0
7
Standard
11
1395204.06807572
21
360221.317845778
31
0.0
210
0.0
220
0.0
230
1.0
71
0
72
0
100
AcDbText
73
0
0
POINT
5
2A7
330
1C
100
AcDbEntity
67
0
8
8 - ценная историческая застройка конец ХIX - начало ХХ века
62
256
6
ByLayer
370
-1
48
1.0
60
0
100
AcDbPoint
10
1395202.56517978
20
360221.406970359
30
0.0
39
0.0
210
0.0
220
0.0
230
1.0
50
360.0
0
TEXT
5
2A8
330
1C
100
AcDbEntity
67
0
8
8 - ценная историческая застройка конец ХIX - начало ХХ века
62
7
6
ByLayer
370
-1
48
1.0
60
0
100
AcDbText
1
319
10
1395202.69430833
20
360221.68140982
30
0.0
40
0.31111111111
41
1.0
50
0.0
51
0.0
7
Standard
11
1395202.69430833
21
360221.68140982
31
0.0
210
0.0
220
0.0
230
1.0
71
0
72
0
100
AcDbText
73
0
0
POINT
5
2A9
330
1C
100
AcDbEntity
67
0
8
8 - ценная историческая застройка конец ХIX - начало ХХ века
62
256
6
ByLayer
370
-1
48
1.0
60
0
100
AcDbPoint
10
1395202.68594566
20
360221.863297758
30
0.0
39
0.0
210
0.0
220
0.0
230
1.0
50
360.0
0
TEXT
5
2AA
330
1C
100
AcDbEntity
67
0
8
8 - ценная историческая застройка конец ХIX - начало ХХ века
62
7
6
ByLayer
370
-1
48
1.0
60
0
100
AcDbText
1
320
10
1395202.81507421
20
360222.137737219
30
0.0
40
0.31111111111
41
1.0
50
0.0
51
0.0
7
Standard
11
1395202.81507421
21
360222.137737219
31
0.0
210
0.0
220
0.0
230
1.0
71
0
72
0
100
AcDbText
73
0
0
POINT
5
2AB
330
1C
100
AcDbEntity
67
0
8
8 - ценная историческая застройка конец ХIX - начало ХХ века
62
256
6
ByLayer
370
-1
48
1.0
60
0
100
AcDbPoint
10
1395196.75914192
20
360223.431811264
30
0.0
39
0.0
210
0.0
220
0.0
230
1.0
50
360.0
0
TEXT
5
2AC
330
1C
100
AcDbEntity
67
0
8
8 - ценная историческая застройка конец ХIX - начало ХХ века
62
7
6
ByLayer
370
-1
48
1.0
60
0
100
AcDbText
1
321
10
1395196.88827047
20
360223.706250715
30
0.0
40
0.31111111111
41
1.0
50
0.0
51
0.0
7
Standard
11
1395196.88827047
21
360223.706250715
31
0.0
210
0.0
220
0.0
230
1.0
71
0
72
0
100
AcDbText
73
0
0
POINT
5
2AD
330
1C
100
AcDbEntity
67
0
8
8 - ценная историческая застройка конец ХIX - начало ХХ века
62
256
6
ByLayer
370
-1
48
1.0
60
0
100
AcDbPoint
10
1395194.83905301
20
360216.206037485
30
0.0
39
0.0
210
0.0
220
0.0
230
1.0
50
360.0
0
TEXT
5
2AE
330
1C
100
AcDbEntity
67
0
8
8 - ценная историческая застройка конец ХIX - начало ХХ века
62
7
6
ByLayer
370
-1
48
1.0
60
0
100
AcDbText
1
322
10
1395194.96818157
20
360216.480476934
30
0.0
40
0.31111111111
41
1.0
50
0.0
51
0.0
7
Standard
11
1395194.96818157
21
360216.480476934
31
0.0
210
0.0
220
0.0
230
1.0
71
0
72
0
100
AcDbText
73
0
0
POINT
5
2AF
330
1C
100
AcDbEntity
67
0
8
8 - ценная историческая застройка конец ХIX - начало ХХ века
62
256
6
ByLayer
370
-1
48
1.0
60
0
100
AcDbPoint
10
1395200.83509922
20
360214.64787683
30
0.0
39
0.0
210
0.0
220
0.0
230
1.0
50
360.0
0
TEXT
5
2B0
330
1C
100
AcDbEntity
67
0
8
8 - ценная историческая застройка конец ХIX - начало ХХ века
62
7
6
ByLayer
370
-1
48
1.0
60
0
100
AcDbText
1
323
10
1395200.96422778
20
360214.922316291
30
0.0
40
0.31111111111
41
1.0
50
0.0
51
0.0
7
Standard
11
1395200.96422778
21
360214.922316291
31
0.0
210
0.0
220
0.0
230
1.0
71
0
72
0
100
AcDbText
73
0
0
POINT
5
2B1
330
1C
100
AcDbEntity
67
0
8
8 - ценная историческая застройка конец ХIX - начало ХХ века
62
256
6
ByLayer
370
-1
48
1.0
60
0
100
AcDbPoint
10
1395235.33554317
20
360232.610513419
30
0.0
39
0.0
210
0.0
220
0.0
230
1.0
50
360.0
0
TEXT
5
2B2
330
1C
100
AcDbEntity
67
0
8
8 - ценная историческая застройка конец ХIX - начало ХХ века
62
7
6
ByLayer
370
-1
48
1.0
60
0
100
AcDbText
1
324
10
1395235.4646717
20
360232.884952944
30
0.0
40
0.31111111111
41
1.0
50
0.0
51
0.0
7
Standard
11
1395235.4646717
21
360232.884952944
31
0.0
210
0.0
220
0.0
230
1.0
71
0
72
0
100
AcDbText
73
0
0
POINT
5
2B3
330
1C
100
AcDbEntity
67
0
8
8 - ценная историческая застройка конец ХIX - начало ХХ века
62
256
6
ByLayer
370
-1
48
1.0
60
0
100
AcDbPoint
10
1395241.50920273
20
360230.668865325
30
0.0
39
0.0
210
0.0
220
0.0
230
1.0
50
360.0
0
TEXT
5
2B4
330
1C
100
AcDbEntity
67
0
8
8 - ценная историческая застройка конец ХIX - начало ХХ века
62
7
6
ByLayer
370
-1
48
1.0
60
0
100
AcDbText
1
325
10
1395241.63833126
20
360230.943304859
30
0.0
40
0.31111111111
41
1.0
50
0.0
51
0.0
7
Standard
11
1395241.63833126
21
360230.943304859
31
0.0
210
0.0
220
0.0
230
1.0
71
0
72
0
100
AcDbText
73
0
0
POINT
5
2B5
330
1C
100
AcDbEntity
67
0
8
8 - ценная историческая застройка конец ХIX - начало ХХ века
62
256
6
ByLayer
370
-1
48
1.0
60
0
100
AcDbPoint
10
1395241.08033263
20
360229.176776866
30
0.0
39
0.0
210
0.0
220
0.0
230
1.0
50
360.0
0
TEXT
5
2B6
330
1C
100
AcDbEntity
67
0
8
8 - ценная историческая застройка конец ХIX - начало ХХ века
62
7
6
ByLayer
370
-1
48
1.0
60
0
100
AcDbText
1
326
10
1395241.20946117
20
360229.4512164
30
0.0
40
0.31111111111
41
1.0
50
0.0
51
0.0
7
Standard
11
1395241.20946117
21
360229.4512164
31
0.0
210
0.0
220
0.0
230
1.0
71
0
72
0
100
AcDbText
73
0
0
POINT
5
2B7
330
1C
100
AcDbEntity
67
0
8
8 - ценная историческая застройка конец ХIX - начало ХХ века
62
256
6
ByLayer
370
-1
48
1.0
60
0
100
AcDbPoint
10
1395246.05782592
20
360227.722137655
30
0.0
39
0.0
210
0.0
220
0.0
230
1.0
50
360.0
0
TEXT
5
2B8
330
1C
100
AcDbEntity
67
0
8
8 - ценная историческая застройка конец ХIX - начало ХХ века
62
7
6
ByLayer
370
-1
48
1.0
60
0
100
AcDbText
1
327
10
1395246.18695445
20
360227.996577195
30
0.0
40
0.31111111111
41
1.0
50
0.0
51
0.0
7
Standard
11
1395246.18695445
21
360227.996577195
31
0.0
210
0.0
220
0.0
230
1.0
71
0
72
0
100
AcDbText
73
0
0
POINT
5
2B9
330
1C
100
AcDbEntity
67
0
8
8 - ценная историческая застройка конец ХIX - начало ХХ века
62
256
6
ByLayer
370
-1
48
1.0
60
0
100
AcDbPoint
10
1395240.05705593
20
360209.207883899
30
0.0
39
0.0
210
0.0
220
0.0
230
1.0
50
360.0
0
TEXT
5
2BA
330
1C
100
AcDbEntity
67
0
8
8 - ценная историческая застройка конец ХIX - начало ХХ века
62
7
6
ByLayer
370
-1
48
1.0
60
0
100
AcDbText
1
328
10
1395240.1861845
20
360209.482323429
30
0.0
40
0.31111111111
41
1.0
50
0.0
51
0.0
7
Standard
11
1395240.1861845
21
360209.482323429
31
0.0
210
0.0
220
0.0
230
1.0
71
0
72
0
100
AcDbText
73
0
0
POINT
5
2BB
330
1C
100
AcDbEntity
67
0
8
8 - ценная историческая застройка конец ХIX - начало ХХ века
62
256
6
ByLayer
370
-1
48
1.0
60
0
100
AcDbPoint
10
1395226.59268354
20
360213.615421533
30
0.0
39
0.0
210
0.0
220
0.0
230
1.0
50
360.0
0
TEXT
5
2BC
330
1C
100
AcDbEntity
67
0
8
8 - ценная историческая застройка конец ХIX - начало ХХ века
62
7
6
ByLayer
370
-1
48
1.0
60
0
100
AcDbText
1
329
10
1395226.7218121
20
360213.889861041
30
0.0
40
0.31111111111
41
1.0
50
0.0
51
0.0
7
Standard
11
1395226.7218121
21
360213.889861041
31
0.0
210
0.0
220
0.0
230
1.0
71
0
72
0
100
AcDbText
73
0
0
POINT
5
2BD
330
1C
100
AcDbEntity
67
0
8
8 - ценная историческая застройка конец ХIX - начало ХХ века
62
256
6
ByLayer
370
-1
48
1.0
60
0
100
AcDbPoint
10
1395227.92179212
20
360217.879993925
30
0.0
39
0.0
210
0.0
220
0.0
230
1.0
50
360.0
0
TEXT
5
2BE
330
1C
100
AcDbEntity
67
0
8
8 - ценная историческая застройка конец ХIX - начало ХХ века
62
7
6
ByLayer
370
-1
48
1.0
60
0
100
AcDbText
1
330
10
1395228.05092068
20
360218.154433434
30
0.0
40
0.31111111111
41
1.0
50
0.0
51
0.0
7
Standard
11
1395228.05092068
21
360218.154433434
31
0.0
210
0.0
220
0.0
230
1.0
71
0
72
0
100
AcDbText
73
0
0
POINT
5
2BF
330
1C
100
AcDbEntity
67
0
8
8 - ценная историческая застройка конец ХIX - начало ХХ века
62
256
6
ByLayer
370
-1
48
1.0
60
0
100
AcDbPoint
10
1395228.40665334
20
360217.720324002
30
0.0
39
0.0
210
0.0
220
0.0
230
1.0
50
360.0
0
TEXT
5
2C0
330
1C
100
AcDbEntity
67
0
8
8 - ценная историческая застройка конец ХIX - начало ХХ века
62
7
6
ByLayer
370
-1
48
1.0
60
0
100
AcDbText
1
331
10
1395228.5357819
20
360217.99476351
30
0.0
40
0.31111111111
41
1.0
50
0.0
51
0.0
7
Standard
11
1395228.5357819
21
360217.99476351
31
0.0
210
0.0
220
0.0
230
1.0
71
0
72
0
100
AcDbText
73
0
0
POINT
5
2C1
330
1C
100
AcDbEntity
67
0
8
8 - ценная историческая застройка конец ХIX - начало ХХ века
62
256
6
ByLayer
370
-1
48
1.0
60
0
100
AcDbPoint
10
1395230.30910363
20
360223.497394401
30
0.0
39
0.0
210
0.0
220
0.0
230
1.0
50
360.0
0
TEXT
5
2C2
330
1C
100
AcDbEntity
67
0
8
8 - ценная историческая застройка конец ХIX - начало ХХ века
62
7
6
ByLayer
370
-1
48
1.0
60
0
100
AcDbText
1
332
10
1395230.43823218
20
360223.771833913
30
0.0
40
0.31111111111
41
1.0
50
0.0
51
0.0
7
Standard
11
1395230.43823218
21
360223.771833913
31
0.0
210
0.0
220
0.0
230
1.0
71
0
72
0
100
AcDbText
73
0
0
POINT
5
2C3
330
1C
100
AcDbEntity
67
0
8
8 - ценная историческая застройка конец ХIX - начало ХХ века
62
256
6
ByLayer
370
-1
48
1.0
60
0
100
AcDbPoint
10
1395232.03329659
20
360222.956683427
30
0.0
39
0.0
210
0.0
220
0.0
230
1.0
50
360.0
0
TEXT
5
2C4
330
1C
100
AcDbEntity
67
0
8
8 - ценная историческая застройка конец ХIX - начало ХХ века
62
7
6
ByLayer
370
-1
48
1.0
60
0
100
AcDbText
1
333
10
1395232.16242514
20
360223.231122945
30
0.0
40
0.31111111111
41
1.0
50
0.0
51
0.0
7
Standard
11
1395232.16242514
21
360223.231122945
31
0.0
210
0.0
220
0.0
230
1.0
71
0
72
0
100
AcDbText
73
0
0
POINT
5
2C5
330
1C
100
AcDbEntity
67
0
8
8 - ценная историческая застройка конец ХIX - начало ХХ века
62
256
6
ByLayer
370
-1
48
1.0
60
0
100
AcDbPoint
10
1395030.09181472
20
360021.844266795
30
0.0
39
0.0
210
0.0
220
0.0
230
1.0
50
360.0
0
TEXT
5
2C6
330
1C
100
AcDbEntity
67
0
8
8 - ценная историческая застройка конец ХIX - начало ХХ века
62
7
6
ByLayer
370
-1
48
1.0
60
0
100
AcDbText
1
334
10
1395030.22094364
20
360022.118705947
30
0.0
40
0.31111111111
41
1.0
50
0.0
51
0.0
7
Standard
11
1395030.22094364
21
360022.118705947
31
0.0
210
0.0
220
0.0
230
1.0
71
0
72
0
100
AcDbText
73
0
0
POINT
5
2C7
330
1C
100
AcDbEntity
67
0
8
8 - ценная историческая застройка конец ХIX - начало ХХ века
62
256
6
ByLayer
370
-1
48
1.0
60
0
100
AcDbPoint
10
1395022.55939237
20
360023.572895205
30
0.0
39
0.0
210
0.0
220
0.0
230
1.0
50
360.0
0
TEXT
5
2C8
330
1C
100
AcDbEntity
67
0
8
8 - ценная историческая застройка конец ХIX - начало ХХ века
62
7
6
ByLayer
370
-1
48
1.0
60
0
100
AcDbText
1
335
10
1395022.68852129
20
360023.847334343
30
0.0
40
0.31111111111
41
1.0
50
0.0
51
0.0
7
Standard
11
1395022.68852129
21
360023.847334343
31
0.0
210
0.0
220
0.0
230
1.0
71
0
72
0
100
AcDbText
73
0
0
POINT
5
2C9
330
1C
100
AcDbEntity
67
0
8
8 - ценная историческая застройка конец ХIX - начало ХХ века
62
256
6
ByLayer
370
-1
48
1.0
60
0
100
AcDbPoint
10
1395020.50064418
20
360014.169133264
30
0.0
39
0.0
210
0.0
220
0.0
230
1.0
50
360.0
0
TEXT
5
2CA
330
1C
100
AcDbEntity
67
0
8
8 - ценная историческая застройка конец ХIX - начало ХХ века
62
7
6
ByLayer
370
-1
48
1.0
60
0
100
AcDbText
1
336
10
1395020.62977311
20
360014.443572405
30
0.0
40
0.31111111111
41
1.0
50
0.0
51
0.0
7
Standard
11
1395020.62977311
21
360014.443572405
31
0.0
210
0.0
220
0.0
230
1.0
71
0
72
0
100
AcDbText
73
0
0
POINT
5
2CB
330
1C
100
AcDbEntity
67
0
8
8 - ценная историческая застройка конец ХIX - начало ХХ века
62
256
6
ByLayer
370
-1
48
1.0
60
0
100
AcDbPoint
10
1395028.04968964
20
360012.516434606
30
0.0
39
0.0
210
0.0
220
0.0
230
1.0
50
360.0
0
TEXT
5
2CC
330
1C
100
AcDbEntity
67
0
8
8 - ценная историческая застройка конец ХIX - начало ХХ века
62
7
6
ByLayer
370
-1
48
1.0
60
0
100
AcDbText
1
337
10
1395028.17881858
20
360012.790873757
30
0.0
40
0.31111111111
41
1.0
50
0.0
51
0.0
7
Standard
11
1395028.17881858
21
360012.790873757
31
0.0
210
0.0
220
0.0
230
1.0
71
0
72
0
100
AcDbText
73
0
0
POINT
5
2CD
330
1C
100
AcDbEntity
67
0
8
8 - ценная историческая застройка конец ХIX - начало ХХ века
62
256
6
ByLayer
370
-1
48
1.0
60
0
100
AcDbPoint
10
1395001.54681175
20
360044.114369903
30
0.0
39
0.0
210
0.0
220
0.0
230
1.0
50
360.0
0
TEXT
5
2CE
330
1C
100
AcDbEntity
67
0
8
8 - ценная историческая застройка конец ХIX - начало ХХ века
62
7
6
ByLayer
370
-1
48
1.0
60
0
100
AcDbText
1
338
10
1395001.67594062
20
360044.388809004
30
0.0
40
0.31111111111
41
1.0
50
0.0
51
0.0
7
Standard
11
1395001.67594062
21
360044.388809004
31
0.0
210
0.0
220
0.0
230
1.0
71
0
72
0
100
AcDbText
73
0
0
POINT
5
2CF
330
1C
100
AcDbEntity
67
0
8
8 - ценная историческая застройка конец ХIX - начало ХХ века
62
256
6
ByLayer
370
-1
48
1.0
60
0
100
AcDbPoint
10
1394983.56239403
20
360043.562906122
30
0.0
39
0.0
210
0.0
220
0.0
230
1.0
50
360.0
0
TEXT
5
2D0
330
1C
100
AcDbEntity
67
0
8
8 - ценная историческая застройка конец ХIX - начало ХХ века
62
7
6
ByLayer
370
-1
48
1.0
60
0
100
AcDbText
1
339
10
1394983.69152291
20
360043.83734519
30
0.0
40
0.31111111111
41
1.0
50
0.0
51
0.0
7
Standard
11
1394983.69152291
21
360043.83734519
31
0.0
210
0.0
220
0.0
230
1.0
71
0
72
0
100
AcDbText
73
0
0
POINT
5
2D1
330
1C
100
AcDbEntity
67
0
8
8 - ценная историческая застройка конец ХIX - начало ХХ века
62
256
6
ByLayer
370
-1
48
1.0
60
0
100
AcDbPoint
10
1394983.26632796
20
360053.218252505
30
0.0
39
0.0
210
0.0
220
0.0
230
1.0
50
360.0
0
TEXT
5
2D2
330
1C
100
AcDbEntity
67
0
8
8 - ценная историческая застройка конец ХIX - начало ХХ века
62
7
6
ByLayer
370
-1
48
1.0
60
0
100
AcDbText
1
340
10
1394983.39545682
20
360053.492691567
30
0.0
40
0.31111111111
41
1.0
50
0.0
51
0.0
7
Standard
11
1394983.39545682
21
360053.492691567
31
0.0
210
0.0
220
0.0
230
1.0
71
0
72
0
100
AcDbText
73
0
0
POINT
5
2D3
330
1C
100
AcDbEntity
67
0
8
8 - ценная историческая застройка конец ХIX - начало ХХ века
62
256
6
ByLayer
370
-1
48
1.0
60
0
100
AcDbPoint
10
1395001.25074565
20
360053.769716728
30
0.0
39
0.0
210
0.0
220
0.0
230
1.0
50
360.0
0
TEXT
5
2D4
330
1C
100
AcDbEntity
67
0
8
8 - ценная историческая застройка конец ХIX - начало ХХ века
62
7
6
ByLayer
370
-1
48
1.0
60
0
100
AcDbText
1
341
10
1395001.37987451
20
360054.044155828
30
0.0
40
0.31111111111
41
1.0
50
0.0
51
0.0
7
Standard
11
1395001.37987451
21
360054.044155828
31
0.0
210
0.0
220
0.0
230
1.0
71
0
72
0
100
AcDbText
73
0
0
POINT
5
2D5
330
1C
100
AcDbEntity
67
0
8
8 - ценная историческая застройка конец ХIX - начало ХХ века
62
256
6
ByLayer
370
-1
48
1.0
60
0
100
AcDbPoint
10
1394962.22657734
20
360093.601189531
30
0.0
39
0.0
210
0.0
220
0.0
230
1.0
50
360.0
0
TEXT
5
2D6
330
1C
100
AcDbEntity
67
0
8
8 - ценная историческая застройка конец ХIX - начало ХХ века
62
7
6
ByLayer
370
-1
48
1.0
60
0
100
AcDbText
1
342
10
1394962.35570613
20
360093.875628558
30
0.0
40
0.31111111111
41
1.0
50
0.0
51
0.0
7
Standard
11
1394962.35570613
21
360093.875628558
31
0.0
210
0.0
220
0.0
230
1.0
71
0
72
0
100
AcDbText
73
0
0
POINT
5
2D7
330
1C
100
AcDbEntity
67
0
8
8 - ценная историческая застройка конец ХIX - начало ХХ века
62
256
6
ByLayer
370
-1
48
1.0
60
0
100
AcDbPoint
10
1394969.06369207
20
360095.039509715
30
0.0
39
0.0
210
0.0
220
0.0
230
1.0
50
360.0
0
TEXT
5
2D8
330
1C
100
AcDbEntity
67
0
8
8 - ценная историческая застройка конец ХIX - начало ХХ века
62
7
6
ByLayer
370
-1
48
1.0
60
0
100
AcDbText
1
343
10
1394969.19282086
20
360095.313948756
30
0.0
40
0.31111111111
41
1.0
50
0.0
51
0.0
7
Standard
11
1394969.19282086
21
360095.313948756
31
0.0
210
0.0
220
0.0
230
1.0
71
0
72
0
100
AcDbText
73
0
0
POINT
5
2D9
330
1C
100
AcDbEntity
67
0
8
8 - ценная историческая застройка конец ХIX - начало ХХ века
62
256
6
ByLayer
370
-1
48
1.0
60
0
100
AcDbPoint
10
1394973.50227591
20
360075.387937675
30
0.0
39
0.0
210
0.0
220
0.0
230
1.0
50
360.0
0
TEXT
5
2DA
330
1C
100
AcDbEntity
67
0
8
8 - ценная историческая застройка конец ХIX - начало ХХ века
62
7
6
ByLayer
370
-1
48
1.0
60
0
100
AcDbText
1
344
10
1394973.63140473
20
360075.662376725
30
0.0
40
0.31111111111
41
1.0
50
0.0
51
0.0
7
Standard
11
1394973.63140473
21
360075.662376725
31
0.0
210
0.0
220
0.0
230
1.0
71
0
72
0
100
AcDbText
73
0
0
POINT
5
2DB
330
1C
100
AcDbEntity
67
0
8
8 - ценная историческая застройка конец ХIX - начало ХХ века
62
256
6
ByLayer
370
-1
48
1.0
60
0
100
AcDbPoint
10
1394969.86657086
20
360074.550809486
30
0.0
39
0.0
210
0.0
220
0.0
230
1.0
50
360.0
0
TEXT
5
2DC
330
1C
100
AcDbEntity
67
0
8
8 - ценная историческая застройка конец ХIX - начало ХХ века
62
7
6
ByLayer
370
-1
48
1.0
60
0
100
AcDbText
1
345
10
1394969.99569969
20
360074.825248529
30
0.0
40
0.31111111111
41
1.0
50
0.0
51
0.0
7
Standard
11
1394969.99569969
21
360074.825248529
31
0.0
210
0.0
220
0.0
230
1.0
71
0
72
0
100
AcDbText
73
0
0
POINT
5
2DD
330
1C
100
AcDbEntity
67
0
8
8 - ценная историческая застройка конец ХIX - начало ХХ века
62
256
6
ByLayer
370
-1
48
1.0
60
0
100
AcDbPoint
10
1394969.13546601
20
360077.428726347
30
0.0
39
0.0
210
0.0
220
0.0
230
1.0
50
360.0
0
TEXT
5
2DE
330
1C
100
AcDbEntity
67
0
8
8 - ценная историческая застройка конец ХIX - начало ХХ века
62
7
6
ByLayer
370
-1
48
1.0
60
0
100
AcDbText
1
346
10
1394969.26459483
20
360077.703165393
30
0.0
40
0.31111111111
41
1.0
50
0.0
51
0.0
7
Standard
11
1394969.26459483
21
360077.703165393
31
0.0
210
0.0
220
0.0
230
1.0
71
0
72
0
100
AcDbText
73
0
0
POINT
5
2DF
330
1C
100
AcDbEntity
67
0
8
8 - ценная историческая застройка конец ХIX - начало ХХ века
62
256
6
ByLayer
370
-1
48
1.0
60
0
100
AcDbPoint
10
1394966.00213661
20
360076.816099875
30
0.0
39
0.0
210
0.0
220
0.0
230
1.0
50
360.0
0
TEXT
5
2E0
330
1C
100
AcDbEntity
67
0
8
8 - ценная историческая застройка конец ХIX - начало ХХ века
62
7
6
ByLayer
370
-1
48
1.0
60
0
100
AcDbText
1
347
10
1394966.13126543
20
360077.090538911
30
0.0
40
0.31111111111
41
1.0
50
0.0
51
0.0
7
Standard
11
1394966.13126543
21
360077.090538911
31
0.0
210
0.0
220
0.0
230
1.0
71
0
72
0
100
AcDbText
73
0
0
POINT
5
2E1
330
1C
100
AcDbEntity
67
0
8
8 - ценная историческая застройка конец ХIX - начало ХХ века
62
256
6
ByLayer
370
-1
48
1.0
60
0
100
AcDbPoint
10
1394995.59010884
20
360053.594537786
30
0.0
39
0.0
210
0.0
220
0.0
230
1.0
50
360.0
0
TEXT
5
2E2
330
1C
100
AcDbEntity
67
0
8
8 - ценная историческая застройка конец ХIX - начало ХХ века
62
7
6
ByLayer
370
-1
48
1.0
60
0
100
AcDbText
1
348
10
1394995.71923771
20
360053.868976874
30
0.0
40
0.31111111111
41
1.0
50
0.0
51
0.0
7
Standard
11
1394995.71923771
21
360053.868976874
31
0.0
210
0.0
220
0.0
230
1.0
71
0
72
0
100
AcDbText
73
0
0
POINT
5
2E3
330
1C
100
AcDbEntity
67
0
8
8 - ценная историческая застройка конец ХIX - начало ХХ века
62
256
6
ByLayer
370
-1
48
1.0
60
0
100
AcDbPoint
10
1395003.49656745
20
360054.002020521
30
0.0
39
0.0
210
0.0
220
0.0
230
1.0
50
360.0
0
TEXT
5
2E4
330
1C
100
AcDbEntity
67
0
8
8 - ценная историческая застройка конец ХIX - начало ХХ века
62
7
6
ByLayer
370
-1
48
1.0
60
0
100
AcDbText
1
349
10
1395003.62569631
20
360054.276459625
30
0.0
40
0.31111111111
41
1.0
50
0.0
51
0.0
7
Standard
11
1395003.62569631
21
360054.276459625
31
0.0
210
0.0
220
0.0
230
1.0
71
0
72
0
100
AcDbText
73
0
0
POINT
5
2E5
330
1C
100
AcDbEntity
67
0
8
8 - ценная историческая застройка конец ХIX - начало ХХ века
62
256
6
ByLayer
370
-1
48
1.0
60
0
100
AcDbPoint
10
1394998.43312388
20
360078.008880992
30
0.0
39
0.0
210
0.0
220
0.0
230
1.0
50
360.0
0
TEXT
5
2E6
330
1C
100
AcDbEntity
67
0
8
8 - ценная историческая застройка конец ХIX - начало ХХ века
62
7
6
ByLayer
370
-1
48
1.0
60
0
100
AcDbText
1
350
10
1394998.5622527
20
360078.283320085
30
0.0
40
0.31111111111
41
1.0
50
0.0
51
0.0
7
Standard
11
1394998.5622527
21
360078.283320085
31
0.0
210
0.0
220
0.0
230
1.0
71
0
72
0
100
AcDbText
73
0
0
POINT
5
2E7
330
1C
100
AcDbEntity
67
0
8
8 - ценная историческая застройка конец ХIX - начало ХХ века
62
256
6
ByLayer
370
-1
48
1.0
60
0
100
AcDbPoint
10
1394990.84461327
20
360076.428238868
30
0.0
39
0.0
210
0.0
220
0.0
230
1.0
50
360.0
0
TEXT
5
2E8
330
1C
100
AcDbEntity
67
0
8
8 - ценная историческая застройка конец ХIX - начало ХХ века
62
7
6
ByLayer
370
-1
48
1.0
60
0
100
AcDbText
1
351
10
1394990.97374209
20
360076.702677952
30
0.0
40
0.31111111111
41
1.0
50
0.0
51
0.0
7
Standard
11
1394990.97374209
21
360076.702677952
31
0.0
210
0.0
220
0.0
230
1.0
71
0
72
0
100
AcDbText
73
0
0
POINT
5
2E9
330
1C
100
AcDbEntity
67
0
8
8 - ценная историческая застройка конец ХIX - начало ХХ века
62
256
6
ByLayer
370
-1
48
1.0
60
0
100
AcDbPoint
10
1394963.55795139
20
360066.800085764
30
0.0
39
0.0
210
0.0
220
0.0
230
1.0
50
360.0
0
TEXT
5
2EA
330
1C
100
AcDbEntity
67
0
8
8 - ценная историческая застройка конец ХIX - начало ХХ века
62
7
6
ByLayer
370
-1
48
1.0
60
0
100
AcDbText
1
352
10
1394963.68708023
20
360067.074524797
30
0.0
40
0.31111111111
41
1.0
50
0.0
51
0.0
7
Standard
11
1394963.68708023
21
360067.074524797
31
0.0
210
0.0
220
0.0
230
1.0
71
0
72
0
100
AcDbText
73
0
0
POINT
5
2EB
330
1C
100
AcDbEntity
67
0
8
8 - ценная историческая застройка конец ХIX - начало ХХ века
62
256
6
ByLayer
370
-1
48
1.0
60
0
100
AcDbPoint
10
1394964.098958
20
360056.142653358
30
0.0
39
0.0
210
0.0
220
0.0
230
1.0
50
360.0
0
TEXT
5
2EC
330
1C
100
AcDbEntity
67
0
8
8 - ценная историческая застройка конец ХIX - начало ХХ века
62
7
6
ByLayer
370
-1
48
1.0
60
0
100
AcDbText
1
353
10
1394964.22808686
20
360056.417092388
30
0.0
40
0.31111111111
41
1.0
50
0.0
51
0.0
7
Standard
11
1394964.22808686
21
360056.417092388
31
0.0
210
0.0
220
0.0
230
1.0
71
0
72
0
100
AcDbText
73
0
0
POINT
5
2ED
330
1C
100
AcDbEntity
67
0
8
8 - ценная историческая застройка конец ХIX - начало ХХ века
62
256
6
ByLayer
370
-1
48
1.0
60
0
100
AcDbPoint
10
1394989.93393262
20
360057.401136415
30
0.0
39
0.0
210
0.0
220
0.0
230
1.0
50
360.0
0
TEXT
5
2EE
330
1C
100
AcDbEntity
67
0
8
8 - ценная историческая застройка конец ХIX - начало ХХ века
62
7
6
ByLayer
370
-1
48
1.0
60
0
100
AcDbText
1
354
10
1394990.06306147
20
360057.675575494
30
0.0
40
0.31111111111
41
1.0
50
0.0
51
0.0
7
Standard
11
1394990.06306147
21
360057.675575494
31
0.0
210
0.0
220
0.0
230
1.0
71
0
72
0
100
AcDbText
73
0
0
POINT
5
2EF
330
1C
100
AcDbEntity
67
0
8
8 - ценная историческая застройка конец ХIX - начало ХХ века
62
256
6
ByLayer
370
-1
48
1.0
60
0
100
AcDbPoint
10
1394989.09845486
20
360068.120119639
30
0.0
39
0.0
210
0.0
220
0.0
230
1.0
50
360.0
0
TEXT
5
2F0
330
1C
100
AcDbEntity
67
0
8
8 - ценная историческая застройка конец ХIX - начало ХХ века
62
7
6
ByLayer
370
-1
48
1.0
60
0
100
AcDbText
1
355
10
1394989.2275837
20
360068.394558715
30
0.0
40
0.31111111111
41
1.0
50
0.0
51
0.0
7
Standard
11
1394989.2275837
21
360068.394558715
31
0.0
210
0.0
220
0.0
230
1.0
71
0
72
0
100
AcDbText
73
0
0
POINT
5
2F1
330
1C
100
AcDbEntity
67
0
8
8 - ценная историческая застройка конец ХIX - начало ХХ века
62
256
6
ByLayer
370
-1
48
1.0
60
0
100
AcDbPoint
10
1394951.08984037
20
360093.376962795
30
0.0
39
0.0
210
0.0
220
0.0
230
1.0
50
360.0
0
TEXT
5
2F2
330
1C
100
AcDbEntity
67
0
8
8 - ценная историческая застройка конец ХIX - начало ХХ века
62
7
6
ByLayer
370
-1
48
1.0
60
0
100
AcDbText
1
356
10
1394951.21896916
20
360093.6514018
30
0.0
40
0.31111111111
41
1.0
50
0.0
51
0.0
7
Standard
11
1394951.21896916
21
360093.6514018
31
0.0
210
0.0
220
0.0
230
1.0
71
0
72
0
100
AcDbText
73
0
0
POINT
5
2F3
330
1C
100
AcDbEntity
67
0
8
8 - ценная историческая застройка конец ХIX - начало ХХ века
62
256
6
ByLayer
370
-1
48
1.0
60
0
100
AcDbPoint
10
1394956.9533394
20
360094.687800765
30
0.0
39
0.0
210
0.0
220
0.0
230
1.0
50
360.0
0
TEXT
5
2F4
330
1C
100
AcDbEntity
67
0
8
8 - ценная историческая застройка конец ХIX - начало ХХ века
62
7
6
ByLayer
370
-1
48
1.0
60
0
100
AcDbText
1
357
10
1394957.08246819
20
360094.962239783
30
0.0
40
0.31111111111
41
1.0
50
0.0
51
0.0
7
Standard
11
1394957.08246819
21
360094.962239783
31
0.0
210
0.0
220
0.0
230
1.0
71
0
72
0
100
AcDbText
73
0
0
POINT
5
2F5
330
1C
100
AcDbEntity
67
0
8
8 - ценная историческая застройка конец ХIX - начало ХХ века
62
256
6
ByLayer
370
-1
48
1.0
60
0
100
AcDbPoint
10
1394962.66462468
20
360070.791913925
30
0.0
39
0.0
210
0.0
220
0.0
230
1.0
50
360.0
0
TEXT
5
2F6
330
1C
100
AcDbEntity
67
0
8
8 - ценная историческая застройка конец ХIX - начало ХХ века
62
7
6
ByLayer
370
-1
48
1.0
60
0
100
AcDbText
1
358
10
1394962.79375351
20
360071.066352954
30
0.0
40
0.31111111111
41
1.0
50
0.0
51
0.0
7
Standard
11
1394962.79375351
21
360071.066352954
31
0.0
210
0.0
220
0.0
230
1.0
71
0
72
0
100
AcDbText
73
0
0
POINT
5
2F7
330
1C
100
AcDbEntity
67
0
8
8 - ценная историческая застройка конец ХIX - начало ХХ века
62
256
6
ByLayer
370
-1
48
1.0
60
0
100
AcDbPoint
10
1394956.47014111
20
360069.346284524
30
0.0
39
0.0
210
0.0
220
0.0
230
1.0
50
360.0
0
TEXT
5
2F8
330
1C
100
AcDbEntity
67
0
8
8 - ценная историческая застройка конец ХIX - начало ХХ века
62
7
6
ByLayer
370
-1
48
1.0
60
0
100
AcDbText
1
359
10
1394956.59926994
20
360069.620723542
30
0.0
40
0.31111111111
41
1.0
50
0.0
51
0.0
7
Standard
11
1394956.59926994
21
360069.620723542
31
0.0
210
0.0
220
0.0
230
1.0
71
0
72
0
100
AcDbText
73
0
0
POINT
5
2F9
330
1C
100
AcDbEntity
67
0
8
8 - ценная историческая застройка конец ХIX - начало ХХ века
62
256
6
ByLayer
370
-1
48
1.0
60
0
100
AcDbPoint
10
1394995.63619708
20
360053.597555315
30
0.0
39
0.0
210
0.0
220
0.0
230
1.0
50
360.0
0
TEXT
5
2FA
330
1C
100
AcDbEntity
67
0
8
8 - ценная историческая застройка конец ХIX - начало ХХ века
62
7
6
ByLayer
370
-1
48
1.0
60
0
100
AcDbText
1
360
10
1394995.76532594
20
360053.871994409
30
0.0
40
0.31111111111
41
1.0
50
0.0
51
0.0
7
Standard
11
1394995.76532594
21
360053.871994409
31
0.0
210
0.0
220
0.0
230
1.0
71
0
72
0
100
AcDbText
73
0
0
POINT
5
2FB
330
1C
100
AcDbEntity
67
0
8
8 - ценная историческая застройка конец ХIX - начало ХХ века
62
256
6
ByLayer
370
-1
48
1.0
60
0
100
AcDbPoint
10
1394990.99069955
20
360076.458667783
30
0.0
39
0.0
210
0.0
220
0.0
230
1.0
50
360.0
0
TEXT
5
2FC
330
1C
100
AcDbEntity
67
0
8
8 - ценная историческая застройка конец ХIX - начало ХХ века
62
7
6
ByLayer
370
-1
48
1.0
60
0
100
AcDbText
1
361
10
1394991.11982838
20
360076.733106865
30
0.0
40
0.31111111111
41
1.0
50
0.0
51
0.0
7
Standard
11
1394991.11982838
21
360076.733106865
31
0.0
210
0.0
220
0.0
230
1.0
71
0
72
0
100
AcDbText
73
0
0
POINT
5
2FD
330
1C
100
AcDbEntity
67
0
8
8 - ценная историческая застройка конец ХIX - начало ХХ века
62
256
6
ByLayer
370
-1
48
1.0
60
0
100
AcDbPoint
10
1397058.04812476
20
359653.150673442
30
0.0
39
0.0
210
0.0
220
0.0
230
1.0
50
360.0
0
TEXT
5
2FE
330
1C
100
AcDbEntity
67
0
8
8 - ценная историческая застройка конец ХIX - начало ХХ века
62
7
6
ByLayer
370
-1
48
1.0
60
0
100
AcDbText
1
362
10
1397058.1772543
20
359653.425116301
30
0.0
40
0.31111111111
41
1.0
50
0.0
51
0.0
7
Standard
11
1397058.1772543
21
359653.425116301
31
0.0
210
0.0
220
0.0
230
1.0
71
0
72
0
100
AcDbText
73
0
0
POINT
5
2FF
330
1C
100
AcDbEntity
67
0
8
8 - ценная историческая застройка конец ХIX - начало ХХ века
62
256
6
ByLayer
370
-1
48
1.0
60
0
100
AcDbPoint
10
1397062.23933904
20
359651.597505067
30
0.0
39
0.0
210
0.0
220
0.0
230
1.0
50
360.0
0
TEXT
5
300
330
1C
100
AcDbEntity
67
0
8
8 - ценная историческая застройка конец ХIX - начало ХХ века
62
7
6
ByLayer
370
-1
48
1.0
60
0
100
AcDbText
1
363
10
1397062.36846858
20
359651.871947935
30
0.0
40
0.31111111111
41
1.0
50
0.0
51
0.0
7
Standard
11
1397062.36846858
21
359651.871947935
31
0.0
210
0.0
220
0.0
230
1.0
71
0
72
0
100
AcDbText
73
0
0
POINT
5
301
330
1C
100
AcDbEntity
67
0
8
8 - ценная историческая застройка конец ХIX - начало ХХ века
62
256
6
ByLayer
370
-1
48
1.0
60
0
100
AcDbPoint
10
1397063.32897112
20
359654.501188218
30
0.0
39
0.0
210
0.0
220
0.0
230
1.0
50
360.0
0
TEXT
5
302
330
1C
100
AcDbEntity
67
0
8
8 - ценная историческая застройка конец ХIX - начало ХХ века
62
7
6
ByLayer
370
-1
48
1.0
60
0
100
AcDbText
1
364
10
1397063.45810066
20
359654.775631089
30
0.0
40
0.31111111111
41
1.0
50
0.0
51
0.0
7
Standard
11
1397063.45810066
21
359654.775631089
31
0.0
210
0.0
220
0.0
230
1.0
71
0
72
0
100
AcDbText
73
0
0
POINT
5
303
330
1C
100
AcDbEntity
67
0
8
8 - ценная историческая застройка конец ХIX - начало ХХ века
62
256
6
ByLayer
370
-1
48
1.0
60
0
100
AcDbPoint
10
1397073.45396833
20
359650.910961151
30
0.0
39
0.0
210
0.0
220
0.0
230
1.0
50
360.0
0
TEXT
5
304
330
1C
100
AcDbEntity
67
0
8
8 - ценная историческая застройка конец ХIX - начало ХХ века
62
7
6
ByLayer
370
-1
48
1.0
60
0
100
AcDbText
1
365
10
1397073.58309788
20
359651.185404041
30
0.0
40
0.31111111111
41
1.0
50
0.0
51
0.0
7
Standard
11
1397073.58309788
21
359651.185404041
31
0.0
210
0.0
220
0.0
230
1.0
71
0
72
0
100
AcDbText
73
0
0
POINT
5
305
330
1C
100
AcDbEntity
67
0
8
8 - ценная историческая застройка конец ХIX - начало ХХ века
62
256
6
ByLayer
370
-1
48
1.0
60
0
100
AcDbPoint
10
1397072.38407356
20
359647.668459201
30
0.0
39
0.0
210
0.0
220
0.0
230
1.0
50
360.0
0
TEXT
5
306
330
1C
100
AcDbEntity
67
0
8
8 - ценная историческая застройка конец ХIX - начало ХХ века
62
7
6
ByLayer
370
-1
48
1.0
60
0
100
AcDbText
1
366
10
1397072.51320311
20
359647.942902093
30
0.0
40
0.31111111111
41
1.0
50
0.0
51
0.0
7
Standard
11
1397072.51320311
21
359647.942902093
31
0.0
210
0.0
220
0.0
230
1.0
71
0
72
0
100
AcDbText
73
0
0
POINT
5
307
330
1C
100
AcDbEntity
67
0
8
8 - ценная историческая застройка конец ХIX - начало ХХ века
62
256
6
ByLayer
370
-1
48
1.0
60
0
100
AcDbPoint
10
1397069.67044571
20
359648.548639479
30
0.0
39
0.0
210
0.0
220
0.0
230
1.0
50
360.0
0
TEXT
5
308
330
1C
100
AcDbEntity
67
0
8
8 - ценная историческая застройка конец ХIX - начало ХХ века
62
7
6
ByLayer
370
-1
48
1.0
60
0
100
AcDbText
1
367
10
1397069.79957525
20
359648.823082363
30
0.0
40
0.31111111111
41
1.0
50
0.0
51
0.0
7
Standard
11
1397069.79957525
21
359648.823082363
31
0.0
210
0.0
220
0.0
230
1.0
71
0
72
0
100
AcDbText
73
0
0
POINT
5
309
330
1C
100
AcDbEntity
67
0
8
8 - ценная историческая застройка конец ХIX - начало ХХ века
62
256
6
ByLayer
370
-1
48
1.0
60
0
100
AcDbPoint
10
1397063.19861882
20
359630.066229638
30
0.0
39
0.0
210
0.0
220
0.0
230
1.0
50
360.0
0
TEXT
5
30A
330
1C
100
AcDbEntity
67
0
8
8 - ценная историческая застройка конец ХIX - начало ХХ века
62
7
6
ByLayer
370
-1
48
1.0
60
0
100
AcDbText
1
368
10
1397063.3277484
20
359630.340672511
30
0.0
40
0.31111111111
41
1.0
50
0.0
51
0.0
7
Standard
11
1397063.3277484
21
359630.340672511
31
0.0
210
0.0
220
0.0
230
1.0
71
0
72
0
100
AcDbText
73
0
0
POINT
5
30B
330
1C
100
AcDbEntity
67
0
8
8 - ценная историческая застройка конец ХIX - начало ХХ века
62
256
6
ByLayer
370
-1
48
1.0
60
0
100
AcDbPoint
10
1397067.17900093
20
359628.751795357
30
0.0
39
0.0
210
0.0
220
0.0
230
1.0
50
360.0
0
TEXT
5
30C
330
1C
100
AcDbEntity
67
0
8
8 - ценная историческая застройка конец ХIX - начало ХХ века
62
7
6
ByLayer
370
-1
48
1.0
60
0
100
AcDbText
1
369
10
1397067.30813051
20
359629.026238233
30
0.0
40
0.31111111111
41
1.0
50
0.0
51
0.0
7
Standard
11
1397067.30813051
21
359629.026238233
31
0.0
210
0.0
220
0.0
230
1.0
71
0
72
0
100
AcDbText
73
0
0
POINT
5
30D
330
1C
100
AcDbEntity
67
0
8
8 - ценная историческая застройка конец ХIX - начало ХХ века
62
256
6
ByLayer
370
-1
48
1.0
60
0
100
AcDbPoint
10
1397066.0012014
20
359625.584288367
30
0.0
39
0.0
210
0.0
220
0.0
230
1.0
50
360.0
0
TEXT
5
30E
330
1C
100
AcDbEntity
67
0
8
8 - ценная историческая застройка конец ХIX - начало ХХ века
62
7
6
ByLayer
370
-1
48
1.0
60
0
100
AcDbText
1
370
10
1397066.13033099
20
359625.858731243
30
0.0
40
0.31111111111
41
1.0
50
0.0
51
0.0
7
Standard
11
1397066.13033099
21
359625.858731243
31
0.0
210
0.0
220
0.0
230
1.0
71
0
72
0
100
AcDbText
73
0
0
POINT
5
30F
330
1C
100
AcDbEntity
67
0
8
8 - ценная историческая застройка конец ХIX - начало ХХ века
62
256
6
ByLayer
370
-1
48
1.0
60
0
100
AcDbPoint
10
1397054.52583623
20
359629.690287832
30
0.0
39
0.0
210
0.0
220
0.0
230
1.0
50
360.0
0
TEXT
5
310
330
1C
100
AcDbEntity
67
0
8
8 - ценная историческая застройка конец ХIX - начало ХХ века
62
7
6
ByLayer
370
-1
48
1.0
60
0
100
AcDbText
1
371
10
1397054.65496581
20
359629.964730687
30
0.0
40
0.31111111111
41
1.0
50
0.0
51
0.0
7
Standard
11
1397054.65496581
21
359629.964730687
31
0.0
210
0.0
220
0.0
230
1.0
71
0
72
0
100
AcDbText
73
0
0
POINT
5
311
330
1C
100
AcDbEntity
67
0
8
8 - ценная историческая застройка конец ХIX - начало ХХ века
62
256
6
ByLayer
370
-1
48
1.0
60
0
100
AcDbPoint
10
1397055.4222066
20
359632.222265582
30
0.0
39
0.0
210
0.0
220
0.0
230
1.0
50
360.0
0
TEXT
5
312
330
1C
100
AcDbEntity
67
0
8
8 - ценная историческая застройка конец ХIX - начало ХХ века
62
7
6
ByLayer
370
-1
48
1.0
60
0
100
AcDbText
1
372
10
1397055.55133618
20
359632.496708443
30
0.0
40
0.31111111111
41
1.0
50
0.0
51
0.0
7
Standard
11
1397055.55133618
21
359632.496708443
31
0.0
210
0.0
220
0.0
230
1.0
71
0
72
0
100
AcDbText
73
0
0
POINT
5
313
330
1C
100
AcDbEntity
67
0
8
8 - ценная историческая застройка конец ХIX - начало ХХ века
62
256
6
ByLayer
370
-1
48
1.0
60
0
100
AcDbPoint
10
1397051.36514009
20
359633.811468608
30
0.0
39
0.0
210
0.0
220
0.0
230
1.0
50
360.0
0
TEXT
5
314
330
1C
100
AcDbEntity
67
0
8
8 - ценная историческая застройка конец ХIX - начало ХХ века
62
7
6
ByLayer
370
-1
48
1.0
60
0
100
AcDbText
1
373
10
1397051.49426966
20
359634.085911457
30
0.0
40
0.31111111111
41
1.0
50
0.0
51
0.0
7
Standard
11
1397051.49426966
21
359634.085911457
31
0.0
210
0.0
220
0.0
230
1.0
71
0
72
0
100
AcDbText
73
0
0
POINT
5
315
330
1C
100
AcDbEntity
67
0
8
8 - ценная историческая застройка конец ХIX - начало ХХ века
62
256
6
ByLayer
370
-1
48
1.0
60
0
100
AcDbPoint
10
1395861.48729019
20
359787.710959345
30
0.0
39
0.0
210
0.0
220
0.0
230
1.0
50
360.0
0
TEXT
5
316
330
1C
100
AcDbEntity
67
0
8
8 - ценная историческая застройка конец ХIX - начало ХХ века
62
7
6
ByLayer
370
-1
48
1.0
60
0
100
AcDbText
1
374
10
1395861.61641951
20
359787.98540002
30
0.0
40
0.31111111111
41
1.0
50
0.0
51
0.0
7
Standard
11
1395861.61641951
21
359787.98540002
31
0.0
210
0.0
220
0.0
230
1.0
71
0
72
0
100
AcDbText
73
0
0
POINT
5
317
330
1C
100
AcDbEntity
67
0
8
8 - ценная историческая застройка конец ХIX - начало ХХ века
62
256
6
ByLayer
370
-1
48
1.0
60
0
100
AcDbPoint
10
1395862.1005408
20
359790.120898681
30
0.0
39
0.0
210
0.0
220
0.0
230
1.0
50
360.0
0
TEXT
5
318
330
1C
100
AcDbEntity
67
0
8
8 - ценная историческая застройка конец ХIX - начало ХХ века
62
7
6
ByLayer
370
-1
48
1.0
60
0
100
AcDbText
1
375
10
1395862.22967012
20
359790.39533936
30
0.0
40
0.31111111111
41
1.0
50
0.0
51
0.0
7
Standard
11
1395862.22967012
21
359790.39533936
31
0.0
210
0.0
220
0.0
230
1.0
71
0
72
0
100
AcDbText
73
0
0
POINT
5
319
330
1C
100
AcDbEntity
67
0
8
8 - ценная историческая застройка конец ХIX - начало ХХ века
62
256
6
ByLayer
370
-1
48
1.0
60
0
100
AcDbPoint
10
1395865.42323129
20
359789.34158186
30
0.0
39
0.0
210
0.0
220
0.0
230
1.0
50
360.0
0
TEXT
5
31A
330
1C
100
AcDbEntity
67
0
8
8 - ценная историческая застройка конец ХIX - начало ХХ века
62
7
6
ByLayer
370
-1
48
1.0
60
0
100
AcDbText
1
376
10
1395865.55236061
20
359789.616022544
30
0.0
40
0.31111111111
41
1.0
50
0.0
51
0.0
7
Standard
11
1395865.55236061
21
359789.616022544
31
0.0
210
0.0
220
0.0
230
1.0
71
0
72
0
100
AcDbText
73
0
0
POINT
5
31B
330
1C
100
AcDbEntity
67
0
8
8 - ценная историческая застройка конец ХIX - начало ХХ века
62
256
6
ByLayer
370
-1
48
1.0
60
0
100
AcDbPoint
10
1395870.10845372
20
359809.157439038
30
0.0
39
0.0
210
0.0
220
0.0
230
1.0
50
360.0
0
TEXT
5
31C
330
1C
100
AcDbEntity
67
0
8
8 - ценная историческая застройка конец ХIX - начало ХХ века
62
7
6
ByLayer
370
-1
48
1.0
60
0
100
AcDbText
1
377
10
1395870.23758301
20
359809.431879727
30
0.0
40
0.31111111111
41
1.0
50
0.0
51
0.0
7
Standard
11
1395870.23758301
21
359809.431879727
31
0.0
210
0.0
220
0.0
230
1.0
71
0
72
0
100
AcDbText
73
0
0
POINT
5
31D
330
1C
100
AcDbEntity
67
0
8
8 - ценная историческая застройка конец ХIX - начало ХХ века
62
256
6
ByLayer
370
-1
48
1.0
60
0
100
AcDbPoint
10
1395856.27669322
20
359812.807631718
30
0.0
39
0.0
210
0.0
220
0.0
230
1.0
50
360.0
0
TEXT
5
31E
330
1C
100
AcDbEntity
67
0
8
8 - ценная историческая застройка конец ХIX - начало ХХ века
62
7
6
ByLayer
370
-1
48
1.0
60
0
100
AcDbText
1
378
10
1395856.4058225
20
359813.082072385
30
0.0
40
0.31111111111
41
1.0
50
0.0
51
0.0
7
Standard
11
1395856.4058225
21
359813.082072385
31
0.0
210
0.0
220
0.0
230
1.0
71
0
72
0
100
AcDbText
73
0
0
POINT
5
31F
330
1C
100
AcDbEntity
67
0
8
8 - ценная историческая застройка конец ХIX - начало ХХ века
62
256
6
ByLayer
370
-1
48
1.0
60
0
100
AcDbPoint
10
1395850.89692558
20
359790.189416285
30
0.0
39
0.0
210
0.0
220
0.0
230
1.0
50
360.0
0
TEXT
5
320
330
1C
100
AcDbEntity
67
0
8
8 - ценная историческая застройка конец ХIX - начало ХХ века
62
7
6
ByLayer
370
-1
48
1.0
60
0
100
AcDbText
1
379
10
1395851.0260549
20
359790.463856941
30
0.0
40
0.31111111111
41
1.0
50
0.0
51
0.0
7
Standard
11
1395851.0260549
21
359790.463856941
31
0.0
210
0.0
220
0.0
230
1.0
71
0
72
0
100
AcDbText
73
0
0
POINT
5
321
330
1C
100
AcDbEntity
67
0
8
8 - ценная историческая застройка конец ХIX - начало ХХ века
62
256
6
ByLayer
370
-1
48
1.0
60
0
100
AcDbPoint
10
1394668.96908208
20
360377.722560733
30
0.0
39
0.0
210
0.0
220
0.0
230
1.0
50
360.0
0
TEXT
5
322
330
1C
100
AcDbEntity
67
0
8
8 - ценная историческая застройка конец ХIX - начало ХХ века
62
7
6
ByLayer
370
-1
48
1.0
60
0
100
AcDbText
1
380
10
1394669.09821036
20
360377.996999222
30
0.0
40
0.31111111111
41
1.0
50
0.0
51
0.0
7
Standard
11
1394669.09821036
21
360377.996999222
31
0.0
210
0.0
220
0.0
230
1.0
71
0
72
0
100
AcDbText
73
0
0
POINT
5
323
330
1C
100
AcDbEntity
67
0
8
8 - ценная историческая застройка конец ХIX - начало ХХ века
62
256
6
ByLayer
370
-1
48
1.0
60
0
100
AcDbPoint
10
1394675.41440093
20
360401.836435348
30
0.0
39
0.0
210
0.0
220
0.0
230
1.0
50
360.0
0
TEXT
5
324
330
1C
100
AcDbEntity
67
0
8
8 - ценная историческая застройка конец ХIX - начало ХХ века
62
7
6
ByLayer
370
-1
48
1.0
60
0
100
AcDbText
1
381
10
1394675.54352916
20
360402.110873844
30
0.0
40
0.31111111111
41
1.0
50
0.0
51
0.0
7
Standard
11
1394675.54352916
21
360402.110873844
31
0.0
210
0.0
220
0.0
230
1.0
71
0
72
0
100
AcDbText
73
0
0
POINT
5
325
330
1C
100
AcDbEntity
67
0
8
8 - ценная историческая застройка конец ХIX - начало ХХ века
62
256
6
ByLayer
370
-1
48
1.0
60
0
100
AcDbPoint
10
1394673.5996622
20
360404.230817509
30
0.0
39
0.0
210
0.0
220
0.0
230
1.0
50
360.0
0
TEXT
5
326
330
1C
100
AcDbEntity
67
0
8
8 - ценная историческая застройка конец ХIX - начало ХХ века
62
7
6
ByLayer
370
-1
48
1.0
60
0
100
AcDbText
1
382
10
1394673.72879043
20
360404.505256006
30
0.0
40
0.31111111111
41
1.0
50
0.0
51
0.0
7
Standard
11
1394673.72879043
21
360404.505256006
31
0.0
210
0.0
220
0.0
230
1.0
71
0
72
0
100
AcDbText
73
0
0
POINT
5
327
330
1C
100
AcDbEntity
67
0
8
8 - ценная историческая застройка конец ХIX - начало ХХ века
62
256
6
ByLayer
370
-1
48
1.0
60
0
100
AcDbPoint
10
1394658.92237913
20
360408.182623874
30
0.0
39
0.0
210
0.0
220
0.0
230
1.0
50
360.0
0
TEXT
5
328
330
1C
100
AcDbEntity
67
0
8
8 - ценная историческая застройка конец ХIX - начало ХХ века
62
7
6
ByLayer
370
-1
48
1.0
60
0
100
AcDbText
1
383
10
1394659.05150735
20
360408.457062338
30
0.0
40
0.31111111111
41
1.0
50
0.0
51
0.0
7
Standard
11
1394659.05150735
21
360408.457062338
31
0.0
210
0.0
220
0.0
230
1.0
71
0
72
0
100
AcDbText
73
0
0
POINT
5
329
330
1C
100
AcDbEntity
67
0
8
8 - ценная историческая застройка конец ХIX - начало ХХ века
62
256
6
ByLayer
370
-1
48
1.0
60
0
100
AcDbPoint
10
1394656.04912218
20
360396.58824516
30
0.0
39
0.0
210
0.0
220
0.0
230
1.0
50
360.0
0
TEXT
5
32A
330
1C
100
AcDbEntity
67
0
8
8 - ценная историческая застройка конец ХIX - начало ХХ века
62
7
6
ByLayer
370
-1
48
1.0
60
0
100
AcDbText
1
384
10
1394656.17825042
20
360396.862683622
30
0.0
40
0.31111111111
41
1.0
50
0.0
51
0.0
7
Standard
11
1394656.17825042
21
360396.862683622
31
0.0
210
0.0
220
0.0
230
1.0
71
0
72
0
100
AcDbText
73
0
0
POINT
5
32B
330
1C
100
AcDbEntity
67
0
8
8 - ценная историческая застройка конец ХIX - начало ХХ века
62
256
6
ByLayer
370
-1
48
1.0
60
0
100
AcDbPoint
10
1394654.45288752
20
360397.013179155
30
0.0
39
0.0
210
0.0
220
0.0
230
1.0
50
360.0
0
TEXT
5
32C
330
1C
100
AcDbEntity
67
0
8
8 - ценная историческая застройка конец ХIX - начало ХХ века
62
7
6
ByLayer
370
-1
48
1.0
60
0
100
AcDbText
1
385
10
1394654.58201577
20
360397.287617613
30
0.0
40
0.31111111111
41
1.0
50
0.0
51
0.0
7
Standard
11
1394654.58201577
21
360397.287617613
31
0.0
210
0.0
220
0.0
230
1.0
71
0
72
0
100
AcDbText
73
0
0
POINT
5
32D
330
1C
100
AcDbEntity
67
0
8
8 - ценная историческая застройка конец ХIX - начало ХХ века
62
256
6
ByLayer
370
-1
48
1.0
60
0
100
AcDbPoint
10
1394652.77519178
20
360390.086270355
30
0.0
39
0.0
210
0.0
220
0.0
230
1.0
50
360.0
0
TEXT
5
32E
330
1C
100
AcDbEntity
67
0
8
8 - ценная историческая застройка конец ХIX - начало ХХ века
62
7
6
ByLayer
370
-1
48
1.0
60
0
100
AcDbText
1
386
10
1394652.90432004
20
360390.360708815
30
0.0
40
0.31111111111
41
1.0
50
0.0
51
0.0
7
Standard
11
1394652.90432004
21
360390.360708815
31
0.0
210
0.0
220
0.0
230
1.0
71
0
72
0
100
AcDbText
73
0
0
POINT
5
32F
330
1C
100
AcDbEntity
67
0
8
8 - ценная историческая застройка конец ХIX - начало ХХ века
62
256
6
ByLayer
370
-1
48
1.0
60
0
100
AcDbPoint
10
1394661.18597975
20
360387.786893966
30
0.0
39
0.0
210
0.0
220
0.0
230
1.0
50
360.0
0
TEXT
5
330
330
1C
100
AcDbEntity
67
0
8
8 - ценная историческая застройка конец ХIX - начало ХХ века
62
7
6
ByLayer
370
-1
48
1.0
60
0
100
AcDbText
1
387
10
1394661.31510801
20
360388.061332437
30
0.0
40
0.31111111111
41
1.0
50
0.0
51
0.0
7
Standard
11
1394661.31510801
21
360388.061332437
31
0.0
210
0.0
220
0.0
230
1.0
71
0
72
0
100
AcDbText
73
0
0
POINT
5
331
330
1C
100
AcDbEntity
67
0
8
8 - ценная историческая застройка конец ХIX - начало ХХ века
62
256
6
ByLayer
370
-1
48
1.0
60
0
100
AcDbPoint
10
1394659.23074678
20
360380.492239743
30
0.0
39
0.0
210
0.0
220
0.0
230
1.0
50
360.0
0
TEXT
5
332
330
1C
100
AcDbEntity
67
0
8
8 - ценная историческая застройка конец ХIX - начало ХХ века
62
7
6
ByLayer
370
-1
48
1.0
60
0
100
AcDbText
1
388
10
1394659.35987505
20
360380.766678211
30
0.0
40
0.31111111111
41
1.0
50
0.0
51
0.0
7
Standard
11
1394659.35987505
21
360380.766678211
31
0.0
210
0.0
220
0.0
230
1.0
71
0
72
0
100
AcDbText
73
0
0
POINT
5
333
330
1C
100
AcDbEntity
67
0
8
8 - ценная историческая застройка конец ХIX - начало ХХ века
62
256
6
ByLayer
370
-1
48
1.0
60
0
100
AcDbPoint
10
1397897.50453226
20
359153.986626032
30
0.0
39
0.0
210
0.0
220
0.0
230
1.0
50
360.0
0
TEXT
5
334
330
1C
100
AcDbEntity
67
0
8
8 - ценная историческая застройка конец ХIX - начало ХХ века
62
7
6
ByLayer
370
-1
48
1.0
60
0
100
AcDbText
1
389
10
1397897.63366269
20
359154.261070435
30
0.0
40
0.31111111111
41
1.0
50
0.0
51
0.0
7
Standard
11
1397897.63366269
21
359154.261070435
31
0.0
210
0.0
220
0.0
230
1.0
71
0
72
0
100
AcDbText
73
0
0
POINT
5
335
330
1C
100
AcDbEntity
67
0
8
8 - ценная историческая застройка конец ХIX - начало ХХ века
62
256
6
ByLayer
370
-1
48
1.0
60
0
100
AcDbPoint
10
1397931.42277244
20
359150.902588568
30
0.0
39
0.0
210
0.0
220
0.0
230
1.0
50
360.0
0
TEXT
5
336
330
1C
100
AcDbEntity
67
0
8
8 - ценная историческая застройка конец ХIX - начало ХХ века
62
7
6
ByLayer
370
-1
48
1.0
60
0
100
AcDbText
1
390
10
1397931.55190287
20
359151.177033036
30
0.0
40
0.31111111111
41
1.0
50
0.0
51
0.0
7
Standard
11
1397931.55190287
21
359151.177033036
31
0.0
210
0.0
220
0.0
230
1.0
71
0
72
0
100
AcDbText
73
0
0
POINT
5
337
330
1C
100
AcDbEntity
67
0
8
8 - ценная историческая застройка конец ХIX - начало ХХ века
62
256
6
ByLayer
370
-1
48
1.0
60
0
100
AcDbPoint
10
1397930.39445381
20
359139.593141916
30
0.0
39
0.0
210
0.0
220
0.0
230
1.0
50
360.0
0
TEXT
5
338
330
1C
100
AcDbEntity
67
0
8
8 - ценная историческая застройка конец ХIX - начало ХХ века
62
7
6
ByLayer
370
-1
48
1.0
60
0
100
AcDbText
1
391
10
1397930.52358427
20
359139.867586379
30
0.0
40
0.31111111111
41
1.0
50
0.0
51
0.0
7
Standard
11
1397930.52358427
21
359139.867586379
31
0.0
210
0.0
220
0.0
230
1.0
71
0
72
0
100
AcDbText
73
0
0
POINT
5
339
330
1C
100
AcDbEntity
67
0
8
8 - ценная историческая застройка конец ХIX - начало ХХ века
62
256
6
ByLayer
370
-1
48
1.0
60
0
100
AcDbPoint
10
1397896.40163111
20
359142.547374408
30
0.0
39
0.0
210
0.0
220
0.0
230
1.0
50
360.0
0
TEXT
5
33A
330
1C
100
AcDbEntity
67
0
8
8 - ценная историческая застройка конец ХIX - начало ХХ века
62
7
6
ByLayer
370
-1
48
1.0
60
0
100
AcDbText
1
392
10
1397896.53076156
20
359142.82181881
30
0.0
40
0.31111111111
41
1.0
50
0.0
51
0.0
7
Standard
11
1397896.53076156
21
359142.82181881
31
0.0
210
0.0
220
0.0
230
1.0
71
0
72
0
100
AcDbText
73
0
0
POINT
5
33B
330
1C
100
AcDbEntity
67
0
8
8 - ценная историческая застройка конец ХIX - начало ХХ века
62
256
6
ByLayer
370
-1
48
1.0
60
0
100
AcDbPoint
10
1395422.06380901
20
360195.080933891
30
0.0
39
0.0
210
0.0
220
0.0
230
1.0
50
360.0
0
TEXT
5
33C
330
1C
100
AcDbEntity
67
0
8
8 - ценная историческая застройка конец ХIX - начало ХХ века
62
7
6
ByLayer
370
-1
48
1.0
60
0
100
AcDbText
1
393
10
1395422.1929376
20
360195.355373757
30
0.0
40
0.31111111111
41
1.0
50
0.0
51
0.0
7
Standard
11
1395422.1929376
21
360195.355373757
31
0.0
210
0.0
220
0.0
230
1.0
71
0
72
0
100
AcDbText
73
0
0
POINT
5
33D
330
1C
100
AcDbEntity
67
0
8
8 - ценная историческая застройка конец ХIX - начало ХХ века
62
256
6
ByLayer
370
-1
48
1.0
60
0
100
AcDbPoint
10
1395408.24509554
20
360197.971293762
30
0.0
39
0.0
210
0.0
220
0.0
230
1.0
50
360.0
0
TEXT
5
33E
330
1C
100
AcDbEntity
67
0
8
8 - ценная историческая застройка конец ХIX - начало ХХ века
62
7
6
ByLayer
370
-1
48
1.0
60
0
100
AcDbText
1
394
10
1395408.37422413
20
360198.245733601
30
0.0
40
0.31111111111
41
1.0
50
0.0
51
0.0
7
Standard
11
1395408.37422413
21
360198.245733601
31
0.0
210
0.0
220
0.0
230
1.0
71
0
72
0
100
AcDbText
73
0
0
POINT
5
33F
330
1C
100
AcDbEntity
67
0
8
8 - ценная историческая застройка конец ХIX - начало ХХ века
62
256
6
ByLayer
370
-1
48
1.0
60
0
100
AcDbPoint
10
1395412.75204525
20
360216.945832229
30
0.0
39
0.0
210
0.0
220
0.0
230
1.0
50
360.0
0
TEXT
5
340
330
1C
100
AcDbEntity
67
0
8
8 - ценная историческая застройка конец ХIX - начало ХХ века
62
7
6
ByLayer
370
-1
48
1.0
60
0
100
AcDbText
1
395
10
1395412.8811738
20
360217.220272074
30
0.0
40
0.31111111111
41
1.0
50
0.0
51
0.0
7
Standard
11
1395412.8811738
21
360217.220272074
31
0.0
210
0.0
220
0.0
230
1.0
71
0
72
0
100
AcDbText
73
0
0
POINT
5
341
330
1C
100
AcDbEntity
67
0
8
8 - ценная историческая застройка конец ХIX - начало ХХ века
62
256
6
ByLayer
370
-1
48
1.0
60
0
100
AcDbPoint
10
1395426.36149714
20
360213.825506486
30
0.0
39
0.0
210
0.0
220
0.0
230
1.0
50
360.0
0
TEXT
5
342
330
1C
100
AcDbEntity
67
0
8
8 - ценная историческая застройка конец ХIX - начало ХХ века
62
7
6
ByLayer
370
-1
48
1.0
60
0
100
AcDbText
1
396
10
1395426.49062571
20
360214.099946355
30
0.0
40
0.31111111111
41
1.0
50
0.0
51
0.0
7
Standard
11
1395426.49062571
21
360214.099946355
31
0.0
210
0.0
220
0.0
230
1.0
71
0
72
0
100
AcDbText
73
0
0
POINT
5
343
330
1C
100
AcDbEntity
67
0
8
8 - ценная историческая застройка конец ХIX - начало ХХ века
62
256
6
ByLayer
370
-1
48
1.0
60
0
100
AcDbPoint
10
1396927.01313448
20
359820.359159456
30
0.0
39
0.0
210
0.0
220
0.0
230
1.0
50
360.0
0
TEXT
5
344
330
1C
100
AcDbEntity
67
0
8
8 - ценная историческая застройка конец ХIX - начало ХХ века
62
7
6
ByLayer
370
-1
48
1.0
60
0
100
AcDbText
1
397
10
1396927.14226371
20
359820.633602076
30
0.0
40
0.31111111111
41
1.0
50
0.0
51
0.0
7
Standard
11
1396927.14226371
21
359820.633602076
31
0.0
210
0.0
220
0.0
230
1.0
71
0
72
0
100
AcDbText
73
0
0
POINT
5
345
330
1C
100
AcDbEntity
67
0
8
8 - ценная историческая застройка конец ХIX - начало ХХ века
62
256
6
ByLayer
370
-1
48
1.0
60
0
100
AcDbPoint
10
1396929.87686197
20
359827.937090191
30
0.0
39
0.0
210
0.0
220
0.0
230
1.0
50
360.0
0
TEXT
5
346
330
1C
100
AcDbEntity
67
0
8
8 - ценная историческая застройка конец ХIX - начало ХХ века
62
7
6
ByLayer
370
-1
48
1.0
60
0
100
AcDbText
1
398
10
1396930.0059912
20
359828.211532814
30
0.0
40
0.31111111111
41
1.0
50
0.0
51
0.0
7
Standard
11
1396930.0059912
21
359828.211532814
31
0.0
210
0.0
220
0.0
230
1.0
71
0
72
0
100
AcDbText
73
0
0
POINT
5
347
330
1C
100
AcDbEntity
67
0
8
8 - ценная историческая застройка конец ХIX - начало ХХ века
62
256
6
ByLayer
370
-1
48
1.0
60
0
100
AcDbPoint
10
1396932.22844033
20
359827.062524561
30
0.0
39
0.0
210
0.0
220
0.0
230
1.0
50
360.0
0
TEXT
5
348
330
1C
100
AcDbEntity
67
0
8
8 - ценная историческая застройка конец ХIX - начало ХХ века
62
7
6
ByLayer
370
-1
48
1.0
60
0
100
AcDbText
1
399
10
1396932.35756956
20
359827.336967189
30
0.0
40
0.31111111111
41
1.0
50
0.0
51
0.0
7
Standard
11
1396932.35756956
21
359827.336967189
31
0.0
210
0.0
220
0.0
230
1.0
71
0
72
0
100
AcDbText
73
0
0
POINT
5
349
330
1C
100
AcDbEntity
67
0
8
8 - ценная историческая застройка конец ХIX - начало ХХ века
62
256
6
ByLayer
370
-1
48
1.0
60
0
100
AcDbPoint
10
1396932.8508004
20
359828.706580284
30
0.0
39
0.0
210
0.0
220
0.0
230
1.0
50
360.0
0
TEXT
5
34A
330
1C
100
AcDbEntity
67
0
8
8 - ценная историческая застройка конец ХIX - начало ХХ века
62
7
6
ByLayer
370
-1
48
1.0
60
0
100
AcDbText
1
400
10
1396932.97992963
20
359828.98102291
30
0.0
40
0.31111111111
41
1.0
50
0.0
51
0.0
7
Standard
11
1396932.97992963
21
359828.98102291
31
0.0
210
0.0
220
0.0
230
1.0
71
0
72
0
100
AcDbText
73
0
0
POINT
5
34B
330
1C
100
AcDbEntity
67
0
8
8 - ценная историческая застройка конец ХIX - начало ХХ века
62
256
6
ByLayer
370
-1
48
1.0
60
0
100
AcDbPoint
10
1396939.29270481
20
359826.125904376
30
0.0
39
0.0
210
0.0
220
0.0
230
1.0
50
360.0
0
TEXT
5
34C
330
1C
100
AcDbEntity
67
0
8
8 - ценная историческая застройка конец ХIX - начало ХХ века
62
7
6
ByLayer
370
-1
48
1.0
60
0
100
AcDbText
1
401
10
1396939.42183404
20
359826.400347016
30
0.0
40
0.31111111111
41
1.0
50
0.0
51
0.0
7
Standard
11
1396939.42183404
21
359826.400347016
31
0.0
210
0.0
220
0.0
230
1.0
71
0
72
0
100
AcDbText
73
0
0
POINT
5
34D
330
1C
100
AcDbEntity
67
0
8
8 - ценная историческая застройка конец ХIX - начало ХХ века
62
256
6
ByLayer
370
-1
48
1.0
60
0
100
AcDbPoint
10
1396935.75680615
20
359816.794046637
30
0.0
39
0.0
210
0.0
220
0.0
230
1.0
50
360.0
0
TEXT
5
34E
330
1C
100
AcDbEntity
67
0
8
8 - ценная историческая застройка конец ХIX - начало ХХ века
62
7
6
ByLayer
370
-1
48
1.0
60
0
100
AcDbText
1
402
10
1396935.88593539
20
359817.068489271
30
0.0
40
0.31111111111
41
1.0
50
0.0
51
0.0
7
Standard
11
1396935.88593539
21
359817.068489271
31
0.0
210
0.0
220
0.0
230
1.0
71
0
72
0
100
AcDbText
73
0
0
POINT
5
34F
330
1C
100
AcDbEntity
67
0
8
8 - ценная историческая застройка конец ХIX - начало ХХ века
62
256
6
ByLayer
370
-1
48
1.0
60
0
100
AcDbPoint
10
1397021.40936964
20
359904.344367462
30
0.0
39
0.0
210
0.0
220
0.0
230
1.0
50
360.0
0
TEXT
5
350
330
1C
100
AcDbEntity
67
0
8
8 - ценная историческая застройка конец ХIX - начало ХХ века
62
7
6
ByLayer
370
-1
48
1.0
60
0
100
AcDbText
1
403
10
1397021.53849872
20
359904.618810252
30
0.0
40
0.31111111111
41
1.0
50
0.0
51
0.0
7
Standard
11
1397021.53849872
21
359904.618810252
31
0.0
210
0.0
220
0.0
230
1.0
71
0
72
0
100
AcDbText
73
0
0
POINT
5
351
330
1C
100
AcDbEntity
67
0
8
8 - ценная историческая застройка конец ХIX - начало ХХ века
62
256
6
ByLayer
370
-1
48
1.0
60
0
100
AcDbPoint
10
1397023.89724897
20
359911.42955891
30
0.0
39
0.0
210
0.0
220
0.0
230
1.0
50
360.0
0
TEXT
5
352
330
1C
100
AcDbEntity
67
0
8
8 - ценная историческая застройка конец ХIX - начало ХХ века
62
7
6
ByLayer
370
-1
48
1.0
60
0
100
AcDbText
1
404
10
1397024.02637803
20
359911.704001701
30
0.0
40
0.31111111111
41
1.0
50
0.0
51
0.0
7
Standard
11
1397024.02637803
21
359911.704001701
31
0.0
210
0.0
220
0.0
230
1.0
71
0
72
0
100
AcDbText
73
0
0
POINT
5
353
330
1C
100
AcDbEntity
67
0
8
8 - ценная историческая застройка конец ХIX - начало ХХ века
62
256
6
ByLayer
370
-1
48
1.0
60
0
100
AcDbPoint
10
1397016.61712167
20
359914.204014882
30
0.0
39
0.0
210
0.0
220
0.0
230
1.0
50
360.0
0
TEXT
5
354
330
1C
100
AcDbEntity
67
0
8
8 - ценная историческая застройка конец ХIX - начало ХХ века
62
7
6
ByLayer
370
-1
48
1.0
60
0
100
AcDbText
1
405
10
1397016.74625073
20
359914.478457663
30
0.0
40
0.31111111111
41
1.0
50
0.0
51
0.0
7
Standard
11
1397016.74625073
21
359914.478457663
31
0.0
210
0.0
220
0.0
230
1.0
71
0
72
0
100
AcDbText
73
0
0
POINT
5
355
330
1C
100
AcDbEntity
67
0
8
8 - ценная историческая застройка конец ХIX - начало ХХ века
62
256
6
ByLayer
370
-1
48
1.0
60
0
100
AcDbPoint
10
1397016.17622421
20
359913.047107134
30
0.0
39
0.0
210
0.0
220
0.0
230
1.0
50
360.0
0
TEXT
5
356
330
1C
100
AcDbEntity
67
0
8
8 - ценная историческая застройка конец ХIX - начало ХХ века
62
7
6
ByLayer
370
-1
48
1.0
60
0
100
AcDbText
1
406
10
1397016.30535328
20
359913.321549914
30
0.0
40
0.31111111111
41
1.0
50
0.0
51
0.0
7
Standard
11
1397016.30535328
21
359913.321549914
31
0.0
210
0.0
220
0.0
230
1.0
71
0
72
0
100
AcDbText
73
0
0
POINT
5
357
330
1C
100
AcDbEntity
67
0
8
8 - ценная историческая застройка конец ХIX - начало ХХ века
62
256
6
ByLayer
370
-1
48
1.0
60
0
100
AcDbPoint
10
1397009.66248784
20
359914.860214308
30
0.0
39
0.0
210
0.0
220
0.0
230
1.0
50
360.0
0
TEXT
5
358
330
1C
100
AcDbEntity
67
0
8
8 - ценная историческая застройка конец ХIX - начало ХХ века
62
7
6
ByLayer
370
-1
48
1.0
60
0
100
AcDbText
1
407
10
1397009.7916169
20
359915.13465707
30
0.0
40
0.31111111111
41
1.0
50
0.0
51
0.0
7
Standard
11
1397009.7916169
21
359915.13465707
31
0.0
210
0.0
220
0.0
230
1.0
71
0
72
0
100
AcDbText
73
0
0
POINT
5
359
330
1C
100
AcDbEntity
67
0
8
8 - ценная историческая застройка конец ХIX - начало ХХ века
62
256
6
ByLayer
370
-1
48
1.0
60
0
100
AcDbPoint
10
1397007.89165119
20
359908.498338417
30
0.0
39
0.0
210
0.0
220
0.0
230
1.0
50
360.0
0
TEXT
5
35A
330
1C
100
AcDbEntity
67
0
8
8 - ценная историческая застройка конец ХIX - начало ХХ века
62
7
6
ByLayer
370
-1
48
1.0
60
0
100
AcDbText
1
408
10
1397008.02078027
20
359908.77278118
30
0.0
40
0.31111111111
41
1.0
50
0.0
51
0.0
7
Standard
11
1397008.02078027
21
359908.77278118
31
0.0
210
0.0
220
0.0
230
1.0
71
0
72
0
100
AcDbText
73
0
0
POINT
5
35B
330
1C
100
AcDbEntity
67
0
8
8 - ценная историческая застройка конец ХIX - начало ХХ века
62
256
6
ByLayer
370
-1
48
1.0
60
0
100
AcDbPoint
10
1397005.67066668
20
359909.116552436
30
0.0
39
0.0
210
0.0
220
0.0
230
1.0
50
360.0
0
TEXT
5
35C
330
1C
100
AcDbEntity
67
0
8
8 - ценная историческая застройка конец ХIX - начало ХХ века
62
7
6
ByLayer
370
-1
48
1.0
60
0
100
AcDbText
1
409
10
1397005.79979575
20
359909.390995196
30
0.0
40
0.31111111111
41
1.0
50
0.0
51
0.0
7
Standard
11
1397005.79979575
21
359909.390995196
31
0.0
210
0.0
220
0.0
230
1.0
71
0
72
0
100
AcDbText
73
0
0
POINT
5
35D
330
1C
100
AcDbEntity
67
0
8
8 - ценная историческая застройка конец ХIX - начало ХХ века
62
256
6
ByLayer
370
-1
48
1.0
60
0
100
AcDbPoint
10
1397004.16416009
20
359903.704304238
30
0.0
39
0.0
210
0.0
220
0.0
230
1.0
50
360.0
0
TEXT
5
35E
330
1C
100
AcDbEntity
67
0
8
8 - ценная историческая застройка конец ХIX - начало ХХ века
62
7
6
ByLayer
370
-1
48
1.0
60
0
100
AcDbText
1
410
10
1397004.29328918
20
359903.978746996
30
0.0
40
0.31111111111
41
1.0
50
0.0
51
0.0
7
Standard
11
1397004.29328918
21
359903.978746996
31
0.0
210
0.0
220
0.0
230
1.0
71
0
72
0
100
AcDbText
73
0
0
POINT
5
35F
330
1C
100
AcDbEntity
67
0
8
8 - ценная историческая застройка конец ХIX - начало ХХ века
62
256
6
ByLayer
370
-1
48
1.0
60
0
100
AcDbPoint
10
1397007.53251518
20
359902.766718025
30
0.0
39
0.0
210
0.0
220
0.0
230
1.0
50
360.0
0
TEXT
5
360
330
1C
100
AcDbEntity
67
0
8
8 - ценная историческая застройка конец ХIX - начало ХХ века
62
7
6
ByLayer
370
-1
48
1.0
60
0
100
AcDbText
1
411
10
1397007.66164427
20
359903.041160787
30
0.0
40
0.31111111111
41
1.0
50
0.0
51
0.0
7
Standard
11
1397007.66164427
21
359903.041160787
31
0.0
210
0.0
220
0.0
230
1.0
71
0
72
0
100
AcDbText
73
0
0
POINT
5
361
330
1C
100
AcDbEntity
67
0
8
8 - ценная историческая застройка конец ХIX - начало ХХ века
62
256
6
ByLayer
370
-1
48
1.0
60
0
100
AcDbPoint
10
1397007.34994244
20
359902.110810538
30
0.0
39
0.0
210
0.0
220
0.0
230
1.0
50
360.0
0
TEXT
5
362
330
1C
100
AcDbEntity
67
0
8
8 - ценная историческая застройка конец ХIX - начало ХХ века
62
7
6
ByLayer
370
-1
48
1.0
60
0
100
AcDbText
1
412
10
1397007.47907153
20
359902.3852533
30
0.0
40
0.31111111111
41
1.0
50
0.0
51
0.0
7
Standard
11
1397007.47907153
21
359902.3852533
31
0.0
210
0.0
220
0.0
230
1.0
71
0
72
0
100
AcDbText
73
0
0
POINT
5
363
330
1C
100
AcDbEntity
67
0
8
8 - ценная историческая застройка конец ХIX - начало ХХ века
62
256
6
ByLayer
370
-1
48
1.0
60
0
100
AcDbPoint
10
1397007.78986506
20
359901.231162734
30
0.0
39
0.0
210
0.0
220
0.0
230
1.0
50
360.0
0
TEXT
5
364
330
1C
100
AcDbEntity
67
0
8
8 - ценная историческая застройка конец ХIX - начало ХХ века
62
7
6
ByLayer
370
-1
48
1.0
60
0
100
AcDbText
1
413
10
1397007.91899415
20
359901.505605494
30
0.0
40
0.31111111111
41
1.0
50
0.0
51
0.0
7
Standard
11
1397007.91899415
21
359901.505605494
31
0.0
210
0.0
220
0.0
230
1.0
71
0
72
0
100
AcDbText
73
0
0
POINT
5
365
330
1C
100
AcDbEntity
67
0
8
8 - ценная историческая застройка конец ХIX - начало ХХ века
62
256
6
ByLayer
370
-1
48
1.0
60
0
100
AcDbPoint
10
1397011.84307586
20
359900.102945974
30
0.0
39
0.0
210
0.0
220
0.0
230
1.0
50
360.0
0
TEXT
5
366
330
1C
100
AcDbEntity
67
0
8
8 - ценная историческая застройка конец ХIX - начало ХХ века
62
7
6
ByLayer
370
-1
48
1.0
60
0
100
AcDbText
1
414
10
1397011.97220495
20
359900.377388746
30
0.0
40
0.31111111111
41
1.0
50
0.0
51
0.0
7
Standard
11
1397011.97220495
21
359900.377388746
31
0.0
210
0.0
220
0.0
230
1.0
71
0
72
0
100
AcDbText
73
0
0
POINT
5
367
330
1C
100
AcDbEntity
67
0
8
8 - ценная историческая застройка конец ХIX - начало ХХ века
62
256
6
ByLayer
370
-1
48
1.0
60
0
100
AcDbPoint
10
1397012.67421929
20
359900.628790819
30
0.0
39
0.0
210
0.0
220
0.0
230
1.0
50
360.0
0
TEXT
5
368
330
1C
100
AcDbEntity
67
0
8
8 - ценная историческая застройка конец ХIX - начало ХХ века
62
7
6
ByLayer
370
-1
48
1.0
60
0
100
AcDbText
1
415
10
1397012.80334838
20
359900.903233592
30
0.0
40
0.31111111111
41
1.0
50
0.0
51
0.0
7
Standard
11
1397012.80334838
21
359900.903233592
31
0.0
210
0.0
220
0.0
230
1.0
71
0
72
0
100
AcDbText
73
0
0
POINT
5
369
330
1C
100
AcDbEntity
67
0
8
8 - ценная историческая застройка конец ХIX - начало ХХ века
62
256
6
ByLayer
370
-1
48
1.0
60
0
100
AcDbPoint
10
1397014.58810751
20
359906.740506103
30
0.0
39
0.0
210
0.0
220
0.0
230
1.0
50
360.0
0
TEXT
5
36A
330
1C
100
AcDbEntity
67
0
8
8 - ценная историческая застройка конец ХIX - начало ХХ века
62
7
6
ByLayer
370
-1
48
1.0
60
0
100
AcDbText
1
416
10
1397014.71723659
20
359907.01494888
30
0.0
40
0.31111111111
41
1.0
50
0.0
51
0.0
7
Standard
11
1397014.71723659
21
359907.01494888
31
0.0
210
0.0
220
0.0
230
1.0
71
0
72
0
100
AcDbText
73
0
0
POINT
5
36B
330
1C
100
AcDbEntity
67
0
8
8 - ценная историческая застройка конец ХIX - начало ХХ века
62
256
6
ByLayer
370
-1
48
1.0
60
0
100
AcDbPoint
10
1397049.16144899
20
359856.580675231
30
0.0
39
0.0
210
0.0
220
0.0
230
1.0
50
360.0
0
TEXT
5
36C
330
1C
100
AcDbEntity
67
0
8
8 - ценная историческая застройка конец ХIX - начало ХХ века
62
7
6
ByLayer
370
-1
48
1.0
60
0
100
AcDbText
1
417
10
1397049.29057816
20
359856.855118071
30
0.0
40
0.31111111111
41
1.0
50
0.0
51
0.0
7
Standard
11
1397049.29057816
21
359856.855118071
31
0.0
210
0.0
220
0.0
230
1.0
71
0
72
0
100
AcDbText
73
0
0
POINT
5
36D
330
1C
100
AcDbEntity
67
0
8
8 - ценная историческая застройка конец ХIX - начало ХХ века
62
256
6
ByLayer
370
-1
48
1.0
60
0
100
AcDbPoint
10
1397053.67578119
20
359868.037784907
30
0.0
39
0.0
210
0.0
220
0.0
230
1.0
50
360.0
0
TEXT
5
36E
330
1C
100
AcDbEntity
67
0
8
8 - ценная историческая застройка конец ХIX - начало ХХ века
62
7
6
ByLayer
370
-1
48
1.0
60
0
100
AcDbText
1
418
10
1397053.80491033
20
359868.312227756
30
0.0
40
0.31111111111
41
1.0
50
0.0
51
0.0
7
Standard
11
1397053.80491033
21
359868.312227756
31
0.0
210
0.0
220
0.0
230
1.0
71
0
72
0
100
AcDbText
73
0
0
POINT
5
36F
330
1C
100
AcDbEntity
67
0
8
8 - ценная историческая застройка конец ХIX - начало ХХ века
62
256
6
ByLayer
370
-1
48
1.0
60
0
100
AcDbPoint
10
1397043.94262736
20
359871.872843524
30
0.0
39
0.0
210
0.0
220
0.0
230
1.0
50
360.0
0
TEXT
5
370
330
1C
100
AcDbEntity
67
0
8
8 - ценная историческая застройка конец ХIX - начало ХХ века
62
7
6
ByLayer
370
-1
48
1.0
60
0
100
AcDbText
1
419
10
1397044.07175651
20
359872.147286353
30
0.0
40
0.31111111111
41
1.0
50
0.0
51
0.0
7
Standard
11
1397044.07175651
21
359872.147286353
31
0.0
210
0.0
220
0.0
230
1.0
71
0
72
0
100
AcDbText
73
0
0
POINT
5
371
330
1C
100
AcDbEntity
67
0
8
8 - ценная историческая застройка конец ХIX - начало ХХ века
62
256
6
ByLayer
370
-1
48
1.0
60
0
100
AcDbPoint
10
1397039.4282954
20
359860.41573409
30
0.0
39
0.0
210
0.0
220
0.0
230
1.0
50
360.0
0
TEXT
5
372
330
1C
100
AcDbEntity
67
0
8
8 - ценная историческая застройка конец ХIX - начало ХХ века
62
7
6
ByLayer
370
-1
48
1.0
60
0
100
AcDbText
1
420
10
1397039.55742455
20
359860.69017691
30
0.0
40
0.31111111111
41
1.0
50
0.0
51
0.0
7
Standard
11
1397039.55742455
21
359860.69017691
31
0.0
210
0.0
220
0.0
230
1.0
71
0
72
0
100
AcDbText
73
0
0
POINT
5
373
330
1C
100
AcDbEntity
67
0
8
8 - ценная историческая застройка конец ХIX - начало ХХ века
62
256
6
ByLayer
370
-1
48
1.0
60
0
100
AcDbPoint
10
1397279.79784276
20
359807.689410515
30
0.0
39
0.0
210
0.0
220
0.0
230
1.0
50
360.0
0
TEXT
5
374
330
1C
100
AcDbEntity
67
0
8
8 - ценная историческая застройка конец ХIX - начало ХХ века
62
7
6
ByLayer
370
-1
48
1.0
60
0
100
AcDbText
1
421
10
1397279.92697201
20
359807.963853773
30
0.0
40
0.31111111111
41
1.0
50
0.0
51
0.0
7
Standard
11
1397279.92697201
21
359807.963853773
31
0.0
210
0.0
220
0.0
230
1.0
71
0
72
0
100
AcDbText
73
0
0
POINT
5
375
330
1C
100
AcDbEntity
67
0
8
8 - ценная историческая застройка конец ХIX - начало ХХ века
62
256
6
ByLayer
370
-1
48
1.0
60
0
100
AcDbPoint
10
1397287.65574101
20
359802.873248618
30
0.0
39
0.0
210
0.0
220
0.0
230
1.0
50
360.0
0
TEXT
5
376
330
1C
100
AcDbEntity
67
0
8
8 - ценная историческая застройка конец ХIX - начало ХХ века
62
7
6
ByLayer
370
-1
48
1.0
60
0
100
AcDbText
1
422
10
1397287.78487027
20
359803.147691893
30
0.0
40
0.31111111111
41
1.0
50
0.0
51
0.0
7
Standard
11
1397287.78487027
21
359803.147691893
31
0.0
210
0.0
220
0.0
230
1.0
71
0
72
0
100
AcDbText
73
0
0
POINT
5
377
330
1C
100
AcDbEntity
67
0
8
8 - ценная историческая застройка конец ХIX - начало ХХ века
62
256
6
ByLayer
370
-1
48
1.0
60
0
100
AcDbPoint
10
1397288.91328187
20
359804.858397904
30
0.0
39
0.0
210
0.0
220
0.0
230
1.0
50
360.0
0
TEXT
5
378
330
1C
100
AcDbEntity
67
0
8
8 - ценная историческая застройка конец ХIX - начало ХХ века
62
7
6
ByLayer
370
-1
48
1.0
60
0
100
AcDbText
1
423
10
1397289.04241113
20
359805.13284118
30
0.0
40
0.31111111111
41
1.0
50
0.0
51
0.0
7
Standard
11
1397289.04241113
21
359805.13284118
31
0.0
210
0.0
220
0.0
230
1.0
71
0
72
0
100
AcDbText
73
0
0
POINT
5
379
330
1C
100
AcDbEntity
67
0
8
8 - ценная историческая застройка конец ХIX - начало ХХ века
62
256
6
ByLayer
370
-1
48
1.0
60
0
100
AcDbPoint
10
1397295.87204898
20
359800.450198435
30
0.0
39
0.0
210
0.0
220
0.0
230
1.0
50
360.0
0
TEXT
5
37A
330
1C
100
AcDbEntity
67
0
8
8 - ценная историческая застройка конец ХIX - начало ХХ века
62
7
6
ByLayer
370
-1
48
1.0
60
0
100
AcDbText
1
424
10
1397296.00117825
20
359800.724641726
30
0.0
40
0.31111111111
41
1.0
50
0.0
51
0.0
7
Standard
11
1397296.00117825
21
359800.724641726
31
0.0
210
0.0
220
0.0
230
1.0
71
0
72
0
100
AcDbText
73
0
0
POINT
5
37B
330
1C
100
AcDbEntity
67
0
8
8 - ценная историческая застройка конец ХIX - начало ХХ века
62
256
6
ByLayer
370
-1
48
1.0
60
0
100
AcDbPoint
10
1397294.82353172
20
359798.719299059
30
0.0
39
0.0
210
0.0
220
0.0
230
1.0
50
360.0
0
TEXT
5
37C
330
1C
100
AcDbEntity
67
0
8
8 - ценная историческая застройка конец ХIX - начало ХХ века
62
7
6
ByLayer
370
-1
48
1.0
60
0
100
AcDbText
1
425
10
1397294.95266099
20
359798.99374235
30
0.0
40
0.31111111111
41
1.0
50
0.0
51
0.0
7
Standard
11
1397294.95266099
21
359798.99374235
31
0.0
210
0.0
220
0.0
230
1.0
71
0
72
0
100
AcDbText
73
0
0
POINT
5
37D
330
1C
100
AcDbEntity
67
0
8
8 - ценная историческая застройка конец ХIX - начало ХХ века
62
256
6
ByLayer
370
-1
48
1.0
60
0
100
AcDbPoint
10
1397302.26708495
20
359794.210259252
30
0.0
39
0.0
210
0.0
220
0.0
230
1.0
50
360.0
0
TEXT
5
37E
330
1C
100
AcDbEntity
67
0
8
8 - ценная историческая застройка конец ХIX - начало ХХ века
62
7
6
ByLayer
370
-1
48
1.0
60
0
100
AcDbText
1
426
10
1397302.39621423
20
359794.484702556
30
0.0
40
0.31111111111
41
1.0
50
0.0
51
0.0
7
Standard
11
1397302.39621423
21
359794.484702556
31
0.0
210
0.0
220
0.0
230
1.0
71
0
72
0
100
AcDbText
73
0
0
POINT
5
37F
330
1C
100
AcDbEntity
67
0
8
8 - ценная историческая застройка конец ХIX - начало ХХ века
62
256
6
ByLayer
370
-1
48
1.0
60
0
100
AcDbPoint
10
1397307.17044417
20
359800.645985292
30
0.0
39
0.0
210
0.0
220
0.0
230
1.0
50
360.0
0
TEXT
5
380
330
1C
100
AcDbEntity
67
0
8
8 - ценная историческая застройка конец ХIX - начало ХХ века
62
7
6
ByLayer
370
-1
48
1.0
60
0
100
AcDbText
1
427
10
1397307.29957343
20
359800.920428603
30
0.0
40
0.31111111111
41
1.0
50
0.0
51
0.0
7
Standard
11
1397307.29957343
21
359800.920428603
31
0.0
210
0.0
220
0.0
230
1.0
71
0
72
0
100
AcDbText
73
0
0
POINT
5
381
330
1C
100
AcDbEntity
67
0
8
8 - ценная историческая застройка конец ХIX - начало ХХ века
62
256
6
ByLayer
370
-1
48
1.0
60
0
100
AcDbPoint
10
1397309.38623481
20
359798.957781462
30
0.0
39
0.0
210
0.0
220
0.0
230
1.0
50
360.0
0
TEXT
5
382
330
1C
100
AcDbEntity
67
0
8
8 - ценная историческая застройка конец ХIX - начало ХХ века
62
7
6
ByLayer
370
-1
48
1.0
60
0
100
AcDbText
1
428
10
1397309.51536408
20
359799.232224781
30
0.0
40
0.31111111111
41
1.0
50
0.0
51
0.0
7
Standard
11
1397309.51536408
21
359799.232224781
31
0.0
210
0.0
220
0.0
230
1.0
71
0
72
0
100
AcDbText
73
0
0
POINT
5
383
330
1C
100
AcDbEntity
67
0
8
8 - ценная историческая застройка конец ХIX - начало ХХ века
62
256
6
ByLayer
370
-1
48
1.0
60
0
100
AcDbPoint
10
1397313.67296299
20
359804.615093248
30
0.0
39
0.0
210
0.0
220
0.0
230
1.0
50
360.0
0
TEXT
5
384
330
1C
100
AcDbEntity
67
0
8
8 - ценная историческая застройка конец ХIX - начало ХХ века
62
7
6
ByLayer
370
-1
48
1.0
60
0
100
AcDbText
1
429
10
1397313.80209225
20
359804.889536573
30
0.0
40
0.31111111111
41
1.0
50
0.0
51
0.0
7
Standard
11
1397313.80209225
21
359804.889536573
31
0.0
210
0.0
220
0.0
230
1.0
71
0
72
0
100
AcDbText
73
0
0
POINT
5
385
330
1C
100
AcDbEntity
67
0
8
8 - ценная историческая застройка конец ХIX - начало ХХ века
62
256
6
ByLayer
370
-1
48
1.0
60
0
100
AcDbPoint
10
1397308.04649867
20
359808.628401746
30
0.0
39
0.0
210
0.0
220
0.0
230
1.0
50
360.0
0
TEXT
5
386
330
1C
100
AcDbEntity
67
0
8
8 - ценная историческая застройка конец ХIX - начало ХХ века
62
7
6
ByLayer
370
-1
48
1.0
60
0
100
AcDbText
1
430
10
1397308.17562793
20
359808.90284506
30
0.0
40
0.31111111111
41
1.0
50
0.0
51
0.0
7
Standard
11
1397308.17562793
21
359808.90284506
31
0.0
210
0.0
220
0.0
230
1.0
71
0
72
0
100
AcDbText
73
0
0
POINT
5
387
330
1C
100
AcDbEntity
67
0
8
8 - ценная историческая застройка конец ХIX - начало ХХ века
62
256
6
ByLayer
370
-1
48
1.0
60
0
100
AcDbPoint
10
1397306.09385884
20
359805.575403575
30
0.0
39
0.0
210
0.0
220
0.0
230
1.0
50
360.0
0
TEXT
5
388
330
1C
100
AcDbEntity
67
0
8
8 - ценная историческая застройка конец ХIX - начало ХХ века
62
7
6
ByLayer
370
-1
48
1.0
60
0
100
AcDbText
1
431
10
1397306.22298809
20
359805.849846883
30
0.0
40
0.31111111111
41
1.0
50
0.0
51
0.0
7
Standard
11
1397306.22298809
21
359805.849846883
31
0.0
210
0.0
220
0.0
230
1.0
71
0
72
0
100
AcDbText
73
0
0
POINT
5
389
330
1C
100
AcDbEntity
67
0
8
8 - ценная историческая застройка конец ХIX - начало ХХ века
62
256
6
ByLayer
370
-1
48
1.0
60
0
100
AcDbPoint
10
1397286.30287047
20
359818.469834344
30
0.0
39
0.0
210
0.0
220
0.0
230
1.0
50
360.0
0
TEXT
5
38A
330
1C
100
AcDbEntity
67
0
8
8 - ценная историческая застройка конец ХIX - начало ХХ века
62
7
6
ByLayer
370
-1
48
1.0
60
0
100
AcDbText
1
432
10
1397286.4319997
20
359818.744277619
30
0.0
40
0.31111111111
41
1.0
50
0.0
51
0.0
7
Standard
11
1397286.4319997
21
359818.744277619
31
0.0
210
0.0
220
0.0
230
1.0
71
0
72
0
100
AcDbText
73
0
0
POINT
5
38B
330
1C
100
AcDbEntity
67
0
8
8 - ценная историческая застройка конец ХIX - начало ХХ века
62
256
6
ByLayer
370
-1
48
1.0
60
0
100
AcDbPoint
10
1397181.04251441
20
359712.981968117
30
0.0
39
0.0
210
0.0
220
0.0
230
1.0
50
360.0
0
TEXT
5
38C
330
1C
100
AcDbEntity
67
0
8
8 - ценная историческая застройка конец ХIX - начало ХХ века
62
7
6
ByLayer
370
-1
48
1.0
60
0
100
AcDbText
1
433
10
1397181.17164383
20
359713.256411201
30
0.0
40
0.31111111111
41
1.0
50
0.0
51
0.0
7
Standard
11
1397181.17164383
21
359713.256411201
31
0.0
210
0.0
220
0.0
230
1.0
71
0
72
0
100
AcDbText
73
0
0
POINT
5
38D
330
1C
100
AcDbEntity
67
0
8
8 - ценная историческая застройка конец ХIX - начало ХХ века
62
256
6
ByLayer
370
-1
48
1.0
60
0
100
AcDbPoint
10
1397201.48316954
20
359706.088628057
30
0.0
39
0.0
210
0.0
220
0.0
230
1.0
50
360.0
0
TEXT
5
38E
330
1C
100
AcDbEntity
67
0
8
8 - ценная историческая застройка конец ХIX - начало ХХ века
62
7
6
ByLayer
370
-1
48
1.0
60
0
100
AcDbText
1
434
10
1397201.61229897
20
359706.363071178
30
0.0
40
0.31111111111
41
1.0
50
0.0
51
0.0
7
Standard
11
1397201.61229897
21
359706.363071178
31
0.0
210
0.0
220
0.0
230
1.0
71
0
72
0
100
AcDbText
73
0
0
POINT
5
38F
330
1C
100
AcDbEntity
67
0
8
8 - ценная историческая застройка конец ХIX - начало ХХ века
62
256
6
ByLayer
370
-1
48
1.0
60
0
100
AcDbPoint
10
1397197.20551582
20
359693.681422996
30
0.0
39
0.0
210
0.0
220
0.0
230
1.0
50
360.0
0
TEXT
5
390
330
1C
100
AcDbEntity
67
0
8
8 - ценная историческая застройка конец ХIX - начало ХХ века
62
7
6
ByLayer
370
-1
48
1.0
60
0
100
AcDbText
1
435
10
1397197.33464528
20
359693.955866108
30
0.0
40
0.31111111111
41
1.0
50
0.0
51
0.0
7
Standard
11
1397197.33464528
21
359693.955866108
31
0.0
210
0.0
220
0.0
230
1.0
71
0
72
0
100
AcDbText
73
0
0
POINT
5
391
330
1C
100
AcDbEntity
67
0
8
8 - ценная историческая застройка конец ХIX - начало ХХ века
62
256
6
ByLayer
370
-1
48
1.0
60
0
100
AcDbPoint
10
1397176.88834925
20
359700.377564886
30
0.0
39
0.0
210
0.0
220
0.0
230
1.0
50
360.0
0
TEXT
5
392
330
1C
100
AcDbEntity
67
0
8
8 - ценная историческая застройка конец ХIX - начало ХХ века
62
7
6
ByLayer
370
-1
48
1.0
60
0
100
AcDbText
1
436
10
1397177.0174787
20
359700.652007966
30
0.0
40
0.31111111111
41
1.0
50
0.0
51
0.0
7
Standard
11
1397177.0174787
21
359700.652007966
31
0.0
210
0.0
220
0.0
230
1.0
71
0
72
0
100
AcDbText
73
0
0
POINT
5
393
330
1C
100
AcDbEntity
67
0
8
8 - ценная историческая застройка конец ХIX - начало ХХ века
62
256
6
ByLayer
370
-1
48
1.0
60
0
100
AcDbPoint
10
1396209.52885135
20
359607.215507533
30
0.0
39
0.0
210
0.0
220
0.0
230
1.0
50
360.0
0
TEXT
5
394
330
1C
100
AcDbEntity
67
0
8
8 - ценная историческая застройка конец ХIX - начало ХХ века
62
7
6
ByLayer
370
-1
48
1.0
60
0
100
AcDbText
1
437
10
1396209.657981
20
359607.489948849
30
0.0
40
0.31111111111
41
1.0
50
0.0
51
0.0
7
Standard
11
1396209.657981
21
359607.489948849
31
0.0
210
0.0
220
0.0
230
1.0
71
0
72
0
100
AcDbText
73
0
0
POINT
5
395
330
1C
100
AcDbEntity
67
0
8
8 - ценная историческая застройка конец ХIX - начало ХХ века
62
256
6
ByLayer
370
-1
48
1.0
60
0
100
AcDbPoint
10
1396221.41524033
20
359611.380439909
30
0.0
39
0.0
210
0.0
220
0.0
230
1.0
50
360.0
0
TEXT
5
396
330
1C
100
AcDbEntity
67
0
8
8 - ценная историческая застройка конец ХIX - начало ХХ века
62
7
6
ByLayer
370
-1
48
1.0
60
0
100
AcDbText
1
438
10
1396221.54436997
20
359611.654881247
30
0.0
40
0.31111111111
41
1.0
50
0.0
51
0.0
7
Standard
11
1396221.54436997
21
359611.654881247
31
0.0
210
0.0
220
0.0
230
1.0
71
0
72
0
100
AcDbText
73
0
0
POINT
5
397
330
1C
100
AcDbEntity
67
0
8
8 - ценная историческая застройка конец ХIX - начало ХХ века
62
256
6
ByLayer
370
-1
48
1.0
60
0
100
AcDbPoint
10
1396223.70756674
20
359604.406790835
30
0.0
39
0.0
210
0.0
220
0.0
230
1.0
50
360.0
0
TEXT
5
398
330
1C
100
AcDbEntity
67
0
8
8 - ценная историческая застройка конец ХIX - начало ХХ века
62
7
6
ByLayer
370
-1
48
1.0
60
0
100
AcDbText
1
439
10
1396223.83669639
20
359604.681232176
30
0.0
40
0.31111111111
41
1.0
50
0.0
51
0.0
7
Standard
11
1396223.83669639
21
359604.681232176
31
0.0
210
0.0
220
0.0
230
1.0
71
0
72
0
100
AcDbText
73
0
0
POINT
5
399
330
1C
100
AcDbEntity
67
0
8
8 - ценная историческая застройка конец ХIX - начало ХХ века
62
256
6
ByLayer
370
-1
48
1.0
60
0
100
AcDbPoint
10
1396226.00413783
20
359605.161702697
30
0.0
39
0.0
210
0.0
220
0.0
230
1.0
50
360.0
0
TEXT
5
39A
330
1C
100
AcDbEntity
67
0
8
8 - ценная историческая застройка конец ХIX - начало ХХ века
62
7
6
ByLayer
370
-1
48
1.0
60
0
100
AcDbText
1
440
10
1396226.13326747
20
359605.436144042
30
0.0
40
0.31111111111
41
1.0
50
0.0
51
0.0
7
Standard
11
1396226.13326747
21
359605.436144042
31
0.0
210
0.0
220
0.0
230
1.0
71
0
72
0
100
AcDbText
73
0
0
POINT
5
39B
330
1C
100
AcDbEntity
67
0
8
8 - ценная историческая застройка конец ХIX - начало ХХ века
62
256
6
ByLayer
370
-1
48
1.0
60
0
100
AcDbPoint
10
1396226.21766708
20
359604.512110155
30
0.0
39
0.0
210
0.0
220
0.0
230
1.0
50
360.0
0
TEXT
5
39C
330
1C
100
AcDbEntity
67
0
8
8 - ценная историческая застройка конец ХIX - начало ХХ века
62
7
6
ByLayer
370
-1
48
1.0
60
0
100
AcDbText
1
441
10
1396226.34679673
20
359604.786551501
30
0.0
40
0.31111111111
41
1.0
50
0.0
51
0.0
7
Standard
11
1396226.34679673
21
359604.786551501
31
0.0
210
0.0
220
0.0
230
1.0
71
0
72
0
100
AcDbText
73
0
0
POINT
5
39D
330
1C
100
AcDbEntity
67
0
8
8 - ценная историческая застройка конец ХIX - начало ХХ века
62
256
6
ByLayer
370
-1
48
1.0
60
0
100
AcDbPoint
10
1396228.84851472
20
359605.368777409
30
0.0
39
0.0
210
0.0
220
0.0
230
1.0
50
360.0
0
TEXT
5
39E
330
1C
100
AcDbEntity
67
0
8
8 - ценная историческая застройка конец ХIX - начало ХХ века
62
7
6
ByLayer
370
-1
48
1.0
60
0
100
AcDbText
1
442
10
1396228.97764437
20
359605.643218762
30
0.0
40
0.31111111111
41
1.0
50
0.0
51
0.0
7
Standard
11
1396228.97764437
21
359605.643218762
31
0.0
210
0.0
220
0.0
230
1.0
71
0
72
0
100
AcDbText
73
0
0
POINT
5
39F
330
1C
100
AcDbEntity
67
0
8
8 - ценная историческая застройка конец ХIX - начало ХХ века
62
256
6
ByLayer
370
-1
48
1.0
60
0
100
AcDbPoint
10
1396233.07984783
20
359592.581697228
30
0.0
39
0.0
210
0.0
220
0.0
230
1.0
50
360.0
0
TEXT
5
3A0
330
1C
100
AcDbEntity
67
0
8
8 - ценная историческая застройка конец ХIX - начало ХХ века
62
7
6
ByLayer
370
-1
48
1.0
60
0
100
AcDbText
1
443
10
1396233.2089775
20
359592.856138585
30
0.0
40
0.31111111111
41
1.0
50
0.0
51
0.0
7
Standard
11
1396233.2089775
21
359592.856138585
31
0.0
210
0.0
220
0.0
230
1.0
71
0
72
0
100
AcDbText
73
0
0
POINT
5
3A1
330
1C
100
AcDbEntity
67
0
8
8 - ценная историческая застройка конец ХIX - начало ХХ века
62
256
6
ByLayer
370
-1
48
1.0
60
0
100
AcDbPoint
10
1396217.04097027
20
359587.409921413
30
0.0
39
0.0
210
0.0
220
0.0
230
1.0
50
360.0
0
TEXT
5
3A2
330
1C
100
AcDbEntity
67
0
8
8 - ценная историческая застройка конец ХIX - начало ХХ века
62
7
6
ByLayer
370
-1
48
1.0
60
0
100
AcDbText
1
444
10
1396217.17009995
20
359587.684362745
30
0.0
40
0.31111111111
41
1.0
50
0.0
51
0.0
7
Standard
11
1396217.17009995
21
359587.684362745
31
0.0
210
0.0
220
0.0
230
1.0
71
0
72
0
100
AcDbText
73
0
0
POINT
5
3A3
330
1C
100
AcDbEntity
67
0
8
8 - ценная историческая застройка конец ХIX - начало ХХ века
62
256
6
ByLayer
370
-1
48
1.0
60
0
100
AcDbPoint
10
1396215.92181441
20
359590.533249042
30
0.0
39
0.0
210
0.0
220
0.0
230
1.0
50
360.0
0
TEXT
5
3A4
330
1C
100
AcDbEntity
67
0
8
8 - ценная историческая застройка конец ХIX - начало ХХ века
62
7
6
ByLayer
370
-1
48
1.0
60
0
100
AcDbText
1
445
10
1396216.05094409
20
359590.807690372
30
0.0
40
0.31111111111
41
1.0
50
0.0
51
0.0
7
Standard
11
1396216.05094409
21
359590.807690372
31
0.0
210
0.0
220
0.0
230
1.0
71
0
72
0
100
AcDbText
73
0
0
POINT
5
3A5
330
1C
100
AcDbEntity
67
0
8
8 - ценная историческая застройка конец ХIX - начало ХХ века
62
256
6
ByLayer
370
-1
48
1.0
60
0
100
AcDbPoint
10
1396214.840937
20
359590.170556212
30
0.0
39
0.0
210
0.0
220
0.0
230
1.0
50
360.0
0
TEXT
5
3A6
330
1C
100
AcDbEntity
67
0
8
8 - ценная историческая застройка конец ХIX - начало ХХ века
62
7
6
ByLayer
370
-1
48
1.0
60
0
100
AcDbText
1
446
10
1396214.97006667
20
359590.444997538
30
0.0
40
0.31111111111
41
1.0
50
0.0
51
0.0
7
Standard
11
1396214.97006667
21
359590.444997538
31
0.0
210
0.0
220
0.0
230
1.0
71
0
72
0
100
AcDbText
73
0
0
POINT
5
3A7
330
1C
100
AcDbEntity
67
0
8
8 - ценная историческая застройка конец ХIX - начало ХХ века
62
256
6
ByLayer
370
-1
48
1.0
60
0
100
AcDbPoint
10
1395784.17662978
20
359909.554909186
30
0.0
39
0.0
210
0.0
220
0.0
230
1.0
50
360.0
0
TEXT
5
3A8
330
1C
100
AcDbEntity
67
0
8
8 - ценная историческая застройка конец ХIX - начало ХХ века
62
7
6
ByLayer
370
-1
48
1.0
60
0
100
AcDbText
1
447
10
1395784.30575889
20
359909.829349715
30
0.0
40
0.31111111111
41
1.0
50
0.0
51
0.0
7
Standard
11
1395784.30575889
21
359909.829349715
31
0.0
210
0.0
220
0.0
230
1.0
71
0
72
0
100
AcDbText
73
0
0
POINT
5
3A9
330
1C
100
AcDbEntity
67
0
8
8 - ценная историческая застройка конец ХIX - начало ХХ века
62
256
6
ByLayer
370
-1
48
1.0
60
0
100
AcDbPoint
10
1395796.97246023
20
359906.351694036
30
0.0
39
0.0
210
0.0
220
0.0
230
1.0
50
360.0
0
TEXT
5
3AA
330
1C
100
AcDbEntity
67
0
8
8 - ценная историческая застройка конец ХIX - начало ХХ века
62
7
6
ByLayer
370
-1
48
1.0
60
0
100
AcDbText
1
448
10
1395797.10158934
20
359906.626134591
30
0.0
40
0.31111111111
41
1.0
50
0.0
51
0.0
7
Standard
11
1395797.10158934
21
359906.626134591
31
0.0
210
0.0
220
0.0
230
1.0
71
0
72
0
100
AcDbText
73
0
0
POINT
5
3AB
330
1C
100
AcDbEntity
67
0
8
8 - ценная историческая застройка конец ХIX - начало ХХ века
62
256
6
ByLayer
370
-1
48
1.0
60
0
100
AcDbPoint
10
1395802.86183869
20
359929.943795
30
0.0
39
0.0
210
0.0
220
0.0
230
1.0
50
360.0
0
TEXT
5
3AC
330
1C
100
AcDbEntity
67
0
8
8 - ценная историческая застройка конец ХIX - начало ХХ века
62
7
6
ByLayer
370
-1
48
1.0
60
0
100
AcDbText
1
449
10
1395802.99096776
20
359930.218235564
30
0.0
40
0.31111111111
41
1.0
50
0.0
51
0.0
7
Standard
11
1395802.99096776
21
359930.218235564
31
0.0
210
0.0
220
0.0
230
1.0
71
0
72
0
100
AcDbText
73
0
0
POINT
5
3AD
330
1C
100
AcDbEntity
67
0
8
8 - ценная историческая застройка конец ХIX - начало ХХ века
62
256
6
ByLayer
370
-1
48
1.0
60
0
100
AcDbPoint
10
1395790.06460845
20
359933.127012333
30
0.0
39
0.0
210
0.0
220
0.0
230
1.0
50
360.0
0
TEXT
5
3AE
330
1C
100
AcDbEntity
67
0
8
8 - ценная историческая застройка конец ХIX - начало ХХ века
62
7
6
ByLayer
370
-1
48
1.0
60
0
100
AcDbText
1
450
10
1395790.19373752
20
359933.401452875
30
0.0
40
0.31111111111
41
1.0
50
0.0
51
0.0
7
Standard
11
1395790.19373752
21
359933.401452875
31
0.0
210
0.0
220
0.0
230
1.0
71
0
72
0
100
AcDbText
73
0
0
POINT
5
3AF
330
1C
100
AcDbEntity
67
0
8
8 - ценная историческая застройка конец ХIX - начало ХХ века
62
256
6
ByLayer
370
-1
48
1.0
60
0
100
AcDbPoint
10
1395208.90857327
20
360027.897767648
30
0.0
39
0.0
210
0.0
220
0.0
230
1.0
50
360.0
0
TEXT
5
3B0
330
1C
100
AcDbEntity
67
0
8
8 - ценная историческая застройка конец ХIX - начало ХХ века
62
7
6
ByLayer
370
-1
48
1.0
60
0
100
AcDbText
1
451
10
1395209.03770217
20
360028.172207125
30
0.0
40
0.31111111111
41
1.0
50
0.0
51
0.0
7
Standard
11
1395209.03770217
21
360028.172207125
31
0.0
210
0.0
220
0.0
230
1.0
71
0
72
0
100
AcDbText
73
0
0
POINT
5
3B1
330
1C
100
AcDbEntity
67
0
8
8 - ценная историческая застройка конец ХIX - начало ХХ века
62
256
6
ByLayer
370
-1
48
1.0
60
0
100
AcDbPoint
10
1395215.07492334
20
360030.927903563
30
0.0
39
0.0
210
0.0
220
0.0
230
1.0
50
360.0
0
TEXT
5
3B2
330
1C
100
AcDbEntity
67
0
8
8 - ценная историческая застройка конец ХIX - начало ХХ века
62
7
6
ByLayer
370
-1
48
1.0
60
0
100
AcDbText
1
452
10
1395215.20405224
20
360031.202343054
30
0.0
40
0.31111111111
41
1.0
50
0.0
51
0.0
7
Standard
11
1395215.20405224
21
360031.202343054
31
0.0
210
0.0
220
0.0
230
1.0
71
0
72
0
100
AcDbText
73
0
0
POINT
5
3B3
330
1C
100
AcDbEntity
67
0
8
8 - ценная историческая застройка конец ХIX - начало ХХ века
62
256
6
ByLayer
370
-1
48
1.0
60
0
100
AcDbPoint
10
1395214.04687643
20
360033.019986971
30
0.0
39
0.0
210
0.0
220
0.0
230
1.0
50
360.0
0
TEXT
5
3B4
330
1C
100
AcDbEntity
67
0
8
8 - ценная историческая застройка конец ХIX - начало ХХ века
62
7
6
ByLayer
370
-1
48
1.0
60
0
100
AcDbText
1
453
10
1395214.17600532
20
360033.294426459
30
0.0
40
0.31111111111
41
1.0
50
0.0
51
0.0
7
Standard
11
1395214.17600532
21
360033.294426459
31
0.0
210
0.0
220
0.0
230
1.0
71
0
72
0
100
AcDbText
73
0
0
POINT
5
3B5
330
1C
100
AcDbEntity
67
0
8
8 - ценная историческая застройка конец ХIX - начало ХХ века
62
256
6
ByLayer
370
-1
48
1.0
60
0
100
AcDbPoint
10
1395217.16930108
20
360034.554342177
30
0.0
39
0.0
210
0.0
220
0.0
230
1.0
50
360.0
0
TEXT
5
3B6
330
1C
100
AcDbEntity
67
0
8
8 - ценная историческая застройка конец ХIX - начало ХХ века
62
7
6
ByLayer
370
-1
48
1.0
60
0
100
AcDbText
1
454
10
1395217.29842997
20
360034.828781672
30
0.0
40
0.31111111111
41
1.0
50
0.0
51
0.0
7
Standard
11
1395217.29842997
21
360034.828781672
31
0.0
210
0.0
220
0.0
230
1.0
71
0
72
0
100
AcDbText
73
0
0
POINT
5
3B7
330
1C
100
AcDbEntity
67
0
8
8 - ценная историческая застройка конец ХIX - начало ХХ века
62
256
6
ByLayer
370
-1
48
1.0
60
0
100
AcDbPoint
10
1395217.89472307
20
360033.078102835
30
0.0
39
0.0
210
0.0
220
0.0
230
1.0
50
360.0
0
TEXT
5
3B8
330
1C
100
AcDbEntity
67
0
8
8 - ценная историческая застройка конец ХIX - начало ХХ века
62
7
6
ByLayer
370
-1
48
1.0
60
0
100
AcDbText
1
455
10
1395218.02385197
20
360033.352542329
30
0.0
40
0.31111111111
41
1.0
50
0.0
51
0.0
7
Standard
11
1395218.02385197
21
360033.352542329
31
0.0
210
0.0
220
0.0
230
1.0
71
0
72
0
100
AcDbText
73
0
0
POINT
5
3B9
330
1C
100
AcDbEntity
67
0
8
8 - ценная историческая застройка конец ХIX - начало ХХ века
62
256
6
ByLayer
370
-1
48
1.0
60
0
100
AcDbPoint
10
1395225.88175524
20
360037.002919564
30
0.0
39
0.0
210
0.0
220
0.0
230
1.0
50
360.0
0
TEXT
5
3BA
330
1C
100
AcDbEntity
67
0
8
8 - ценная историческая застройка конец ХIX - начало ХХ века
62
7
6
ByLayer
370
-1
48
1.0
60
0
100
AcDbText
1
456
10
1395226.01088413
20
360037.277359075
30
0.0
40
0.31111111111
41
1.0
50
0.0
51
0.0
7
Standard
11
1395226.01088413
21
360037.277359075
31
0.0
210
0.0
220
0.0
230
1.0
71
0
72
0
100
AcDbText
73
0
0
POINT
5
3BB
330
1C
100
AcDbEntity
67
0
8
8 - ценная историческая застройка конец ХIX - начало ХХ века
62
256
6
ByLayer
370
-1
48
1.0
60
0
100
AcDbPoint
10
1395231.1988687
20
360026.182552625
30
0.0
39
0.0
210
0.0
220
0.0
230
1.0
50
360.0
0
TEXT
5
3BC
330
1C
100
AcDbEntity
67
0
8
8 - ценная историческая застройка конец ХIX - начало ХХ века
62
7
6
ByLayer
370
-1
48
1.0
60
0
100
AcDbText
1
457
10
1395231.3279976
20
360026.456992145
30
0.0
40
0.31111111111
41
1.0
50
0.0
51
0.0
7
Standard
11
1395231.3279976
21
360026.456992145
31
0.0
210
0.0
220
0.0
230
1.0
71
0
72
0
100
AcDbText
73
0
0
POINT
5
3BD
330
1C
100
AcDbEntity
67
0
8
8 - ценная историческая застройка конец ХIX - начало ХХ века
62
256
6
ByLayer
370
-1
48
1.0
60
0
100
AcDbPoint
10
1395213.92306133
20
360017.693245142
30
0.0
39
0.0
210
0.0
220
0.0
230
1.0
50
360.0
0
TEXT
5
3BE
330
1C
100
AcDbEntity
67
0
8
8 - ценная историческая застройка конец ХIX - начало ХХ века
62
7
6
ByLayer
370
-1
48
1.0
60
0
100
AcDbText
1
458
10
1395214.05219025
20
360017.967684626
30
0.0
40
0.31111111111
41
1.0
50
0.0
51
0.0
7
Standard
11
1395214.05219025
21
360017.967684626
31
0.0
210
0.0
220
0.0
230
1.0
71
0
72
0
100
AcDbText
73
0
0
POINT
5
3BF
330
1C
100
AcDbEntity
67
0
8
8 - ценная историческая застройка конец ХIX - начало ХХ века
62
256
6
ByLayer
370
-1
48
1.0
60
0
100
AcDbPoint
10
1395409.75866261
20
360004.295537595
30
0.0
39
0.0
210
0.0
220
0.0
230
1.0
50
360.0
0
TEXT
5
3C0
330
1C
100
AcDbEntity
67
0
8
8 - ценная историческая застройка конец ХIX - начало ХХ века
62
7
6
ByLayer
370
-1
48
1.0
60
0
100
AcDbText
1
459
10
1395409.88779156
20
360004.569977441
30
0.0
40
0.31111111111
41
1.0
50
0.0
51
0.0
7
Standard
11
1395409.88779156
21
360004.569977441
31
0.0
210
0.0
220
0.0
230
1.0
71
0
72
0
100
AcDbText
73
0
0
POINT
5
3C1
330
1C
100
AcDbEntity
67
0
8
8 - ценная историческая застройка конец ХIX - начало ХХ века
62
256
6
ByLayer
370
-1
48
1.0
60
0
100
AcDbPoint
10
1395413.51236323
20
360009.188716215
30
0.0
39
0.0
210
0.0
220
0.0
230
1.0
50
360.0
0
TEXT
5
3C2
330
1C
100
AcDbEntity
67
0
8
8 - ценная историческая застройка конец ХIX - начало ХХ века
62
7
6
ByLayer
370
-1
48
1.0
60
0
100
AcDbText
1
460
10
1395413.64149216
20
360009.463156069
30
0.0
40
0.31111111111
41
1.0
50
0.0
51
0.0
7
Standard
11
1395413.64149216
21
360009.463156069
31
0.0
210
0.0
220
0.0
230
1.0
71
0
72
0
100
AcDbText
73
0
0
POINT
5
3C3
330
1C
100
AcDbEntity
67
0
8
8 - ценная историческая застройка конец ХIX - начало ХХ века
62
256
6
ByLayer
370
-1
48
1.0
60
0
100
AcDbPoint
10
1395412.77989624
20
360009.75061308
30
0.0
39
0.0
210
0.0
220
0.0
230
1.0
50
360.0
0
TEXT
5
3C4
330
1C
100
AcDbEntity
67
0
8
8 - ценная историческая застройка конец ХIX - начало ХХ века
62
7
6
ByLayer
370
-1
48
1.0
60
0
100
AcDbText
1
461
10
1395412.90902518
20
360010.025052932
30
0.0
40
0.31111111111
41
1.0
50
0.0
51
0.0
7
Standard
11
1395412.90902518
21
360010.025052932
31
0.0
210
0.0
220
0.0
230
1.0
71
0
72
0
100
AcDbText
73
0
0
POINT
5
3C5
330
1C
100
AcDbEntity
67
0
8
8 - ценная историческая застройка конец ХIX - начало ХХ века
62
256
6
ByLayer
370
-1
48
1.0
60
0
100
AcDbPoint
10
1395415.7865334
20
360013.66994884
30
0.0
39
0.0
210
0.0
220
0.0
230
1.0
50
360.0
0
TEXT
5
3C6
330
1C
100
AcDbEntity
67
0
8
8 - ценная историческая застройка конец ХIX - начало ХХ века
62
7
6
ByLayer
370
-1
48
1.0
60
0
100
AcDbText
1
462
10
1395415.91566232
20
360013.944388697
30
0.0
40
0.31111111111
41
1.0
50
0.0
51
0.0
7
Standard
11
1395415.91566232
21
360013.944388697
31
0.0
210
0.0
220
0.0
230
1.0
71
0
72
0
100
AcDbText
73
0
0
POINT
5
3C7
330
1C
100
AcDbEntity
67
0
8
8 - ценная историческая застройка конец ХIX - начало ХХ века
62
256
6
ByLayer
370
-1
48
1.0
60
0
100
AcDbPoint
10
1395416.51900039
20
360013.108051979
30
0.0
39
0.0
210
0.0
220
0.0
230
1.0
50
360.0
0
TEXT
5
3C8
330
1C
100
AcDbEntity
67
0
8
8 - ценная историческая застройка конец ХIX - начало ХХ века
62
7
6
ByLayer
370
-1
48
1.0
60
0
100
AcDbText
1
463
10
1395416.64812932
20
360013.382491837
30
0.0
40
0.31111111111
41
1.0
50
0.0
51
0.0
7
Standard
11
1395416.64812932
21
360013.382491837
31
0.0
210
0.0
220
0.0
230
1.0
71
0
72
0
100
AcDbText
73
0
0
POINT
5
3C9
330
1C
100
AcDbEntity
67
0
8
8 - ценная историческая застройка конец ХIX - начало ХХ века
62
256
6
ByLayer
370
-1
48
1.0
60
0
100
AcDbPoint
10
1395419.24925852
20
360016.667110798
30
0.0
39
0.0
210
0.0
220
0.0
230
1.0
50
360.0
0
TEXT
5
3CA
330
1C
100
AcDbEntity
67
0
8
8 - ценная историческая застройка конец ХIX - начало ХХ века
62
7
6
ByLayer
370
-1
48
1.0
60
0
100
AcDbText
1
464
10
1395419.37838744
20
360016.941550661
30
0.0
40
0.31111111111
41
1.0
50
0.0
51
0.0
7
Standard
11
1395419.37838744
21
360016.941550661
31
0.0
210
0.0
220
0.0
230
1.0
71
0
72
0
100
AcDbText
73
0
0
POINT
5
3CB
330
1C
100
AcDbEntity
67
0
8
8 - ценная историческая застройка конец ХIX - начало ХХ века
62
256
6
ByLayer
370
-1
48
1.0
60
0
100
AcDbPoint
10
1395439.8674647
20
360000.850281218
30
0.0
39
0.0
210
0.0
220
0.0
230
1.0
50
360.0
0
TEXT
5
3CC
330
1C
100
AcDbEntity
67
0
8
8 - ценная историческая застройка конец ХIX - начало ХХ века
62
7
6
ByLayer
370
-1
48
1.0
60
0
100
AcDbText
1
465
10
1395439.99659365
20
360001.124721119
30
0.0
40
0.31111111111
41
1.0
50
0.0
51
0.0
7
Standard
11
1395439.99659365
21
360001.124721119
31
0.0
210
0.0
220
0.0
230
1.0
71
0
72
0
100
AcDbText
73
0
0
POINT
5
3CD
330
1C
100
AcDbEntity
67
0
8
8 - ценная историческая застройка конец ХIX - начало ХХ века
62
256
6
ByLayer
370
-1
48
1.0
60
0
100
AcDbPoint
10
1395429.25863074
20
359986.950087846
30
0.0
39
0.0
210
0.0
220
0.0
230
1.0
50
360.0
0
TEXT
5
3CE
330
1C
100
AcDbEntity
67
0
8
8 - ценная историческая застройка конец ХIX - начало ХХ века
62
7
6
ByLayer
370
-1
48
1.0
60
0
100
AcDbText
1
466
10
1395429.38775972
20
359987.224527729
30
0.0
40
0.31111111111
41
1.0
50
0.0
51
0.0
7
Standard
11
1395429.38775972
21
359987.224527729
31
0.0
210
0.0
220
0.0
230
1.0
71
0
72
0
100
AcDbText
73
0
0
POINT
5
3CF
330
1C
100
AcDbEntity
67
0
8
8 - ценная историческая застройка конец ХIX - начало ХХ века
62
256
6
ByLayer
370
-1
48
1.0
60
0
100
AcDbPoint
10
1395425.06998006
20
359990.163324755
30
0.0
39
0.0
210
0.0
220
0.0
230
1.0
50
360.0
0
TEXT
5
3D0
330
1C
100
AcDbEntity
67
0
8
8 - ценная историческая застройка конец ХIX - начало ХХ века
62
7
6
ByLayer
370
-1
48
1.0
60
0
100
AcDbText
1
467
10
1395425.19910903
20
359990.437764629
30
0.0
40
0.31111111111
41
1.0
50
0.0
51
0.0
7
Standard
11
1395425.19910903
21
359990.437764629
31
0.0
210
0.0
220
0.0
230
1.0
71
0
72
0
100
AcDbText
73
0
0
POINT
5
3D1
330
1C
100
AcDbEntity
67
0
8
8 - ценная историческая застройка конец ХIX - начало ХХ века
62
256
6
ByLayer
370
-1
48
1.0
60
0
100
AcDbPoint
10
1395426.22247115
20
359991.665667345
30
0.0
39
0.0
210
0.0
220
0.0
230
1.0
50
360.0
0
TEXT
5
3D2
330
1C
100
AcDbEntity
67
0
8
8 - ценная историческая застройка конец ХIX - начало ХХ века
62
7
6
ByLayer
370
-1
48
1.0
60
0
100
AcDbText
1
468
10
1395426.35160012
20
359991.940107223
30
0.0
40
0.31111111111
41
1.0
50
0.0
51
0.0
7
Standard
11
1395426.35160012
21
359991.940107223
31
0.0
210
0.0
220
0.0
230
1.0
71
0
72
0
100
AcDbText
73
0
0
POINT
5
3D3
330
1C
100
AcDbEntity
67
0
8
8 - ценная историческая застройка конец ХIX - начало ХХ века
62
256
6
ByLayer
370
-1
48
1.0
60
0
100
AcDbPoint
10
1395417.31841358
20
359998.496231085
30
0.0
39
0.0
210
0.0
220
0.0
230
1.0
50
360.0
0
TEXT
5
3D4
330
1C
100
AcDbEntity
67
0
8
8 - ценная историческая застройка конец ХIX - начало ХХ века
62
7
6
ByLayer
370
-1
48
1.0
60
0
100
AcDbText
1
469
10
1395417.44754253
20
359998.770670944
30
0.0
40
0.31111111111
41
1.0
50
0.0
51
0.0
7
Standard
11
1395417.44754253
21
359998.770670944
31
0.0
210
0.0
220
0.0
230
1.0
71
0
72
0
100
AcDbText
73
0
0
POINT
5
3D5
330
1C
100
AcDbEntity
67
0
8
8 - ценная историческая застройка конец ХIX - начало ХХ века
62
256
6
ByLayer
370
-1
48
1.0
60
0
100
AcDbPoint
10
1395416.16592254
20
359996.993888504
30
0.0
39
0.0
210
0.0
220
0.0
230
1.0
50
360.0
0
TEXT
5
3D6
330
1C
100
AcDbEntity
67
0
8
8 - ценная историческая застройка конец ХIX - начало ХХ века
62
7
6
ByLayer
370
-1
48
1.0
60
0
100
AcDbText
1
470
10
1395416.29505149
20
359997.268328365
30
0.0
40
0.31111111111
41
1.0
50
0.0
51
0.0
7
Standard
11
1395416.29505149
21
359997.268328365
31
0.0
210
0.0
220
0.0
230
1.0
71
0
72
0
100
AcDbText
73
0
0
POINT
5
3D7
330
1C
100
AcDbEntity
67
0
8
8 - ценная историческая застройка конец ХIX - начало ХХ века
62
256
6
ByLayer
370
-1
48
1.0
60
0
100
AcDbPoint
10
1395412.10326177
20
360000.110474687
30
0.0
39
0.0
210
0.0
220
0.0
230
1.0
50
360.0
0
TEXT
5
3D8
330
1C
100
AcDbEntity
67
0
8
8 - ценная историческая застройка конец ХIX - начало ХХ века
62
7
6
ByLayer
370
-1
48
1.0
60
0
100
AcDbText
1
471
10
1395412.23239072
20
360000.384914538
30
0.0
40
0.31111111111
41
1.0
50
0.0
51
0.0
7
Standard
11
1395412.23239072
21
360000.384914538
31
0.0
210
0.0
220
0.0
230
1.0
71
0
72
0
100
AcDbText
73
0
0
POINT
5
3D9
330
1C
100
AcDbEntity
67
0
8
8 - ценная историческая застройка конец ХIX - начало ХХ века
62
256
6
ByLayer
370
-1
48
1.0
60
0
100
AcDbPoint
10
1395413.25575278
20
360001.612817261
30
0.0
39
0.0
210
0.0
220
0.0
230
1.0
50
360.0
0
TEXT
5
3DA
330
1C
100
AcDbEntity
67
0
8
8 - ценная историческая застройка конец ХIX - начало ХХ века
62
7
6
ByLayer
370
-1
48
1.0
60
0
100
AcDbText
1
472
10
1395413.38488173
20
360001.887257111
30
0.0
40
0.31111111111
41
1.0
50
0.0
51
0.0
7
Standard
11
1395413.38488173
21
360001.887257111
31
0.0
210
0.0
220
0.0
230
1.0
71
0
72
0
100
AcDbText
73
0
0
POINT
5
3DB
330
1C
100
AcDbEntity
67
0
8
8 - ценная историческая застройка конец ХIX - начало ХХ века
62
256
6
ByLayer
370
-1
48
1.0
60
0
100
AcDbPoint
10
1395411.85779766
20
360024.704351505
30
0.0
39
0.0
210
0.0
220
0.0
230
1.0
50
360.0
0
TEXT
5
3DC
330
1C
100
AcDbEntity
67
0
8
8 - ценная историческая застройка конец ХIX - начало ХХ века
62
7
6
ByLayer
370
-1
48
1.0
60
0
100
AcDbText
1
473
10
1395411.98692657
20
360024.978791356
30
0.0
40
0.31111111111
41
1.0
50
0.0
51
0.0
7
Standard
11
1395411.98692657
21
360024.978791356
31
0.0
210
0.0
220
0.0
230
1.0
71
0
72
0
100
AcDbText
73
0
0
POINT
5
3DD
330
1C
100
AcDbEntity
67
0
8
8 - ценная историческая застройка конец ХIX - начало ХХ века
62
256
6
ByLayer
370
-1
48
1.0
60
0
100
AcDbPoint
10
1395404.08279158
20
360011.780357511
30
0.0
39
0.0
210
0.0
220
0.0
230
1.0
50
360.0
0
TEXT
5
3DE
330
1C
100
AcDbEntity
67
0
8
8 - ценная историческая застройка конец ХIX - начало ХХ века
62
7
6
ByLayer
370
-1
48
1.0
60
0
100
AcDbText
1
474
10
1395404.2119205
20
360012.054797347
30
0.0
40
0.31111111111
41
1.0
50
0.0
51
0.0
7
Standard
11
1395404.2119205
21
360012.054797347
31
0.0
210
0.0
220
0.0
230
1.0
71
0
72
0
100
AcDbText
73
0
0
POINT
5
3DF
330
1C
100
AcDbEntity
67
0
8
8 - ценная историческая застройка конец ХIX - начало ХХ века
62
256
6
ByLayer
370
-1
48
1.0
60
0
100
AcDbPoint
10
1395391.241608
20
360019.50554541
30
0.0
39
0.0
210
0.0
220
0.0
230
1.0
50
360.0
0
TEXT
5
3E0
330
1C
100
AcDbEntity
67
0
8
8 - ценная историческая застройка конец ХIX - начало ХХ века
62
7
6
ByLayer
370
-1
48
1.0
60
0
100
AcDbText
1
475
10
1395391.37073691
20
360019.779985221
30
0.0
40
0.31111111111
41
1.0
50
0.0
51
0.0
7
Standard
11
1395391.37073691
21
360019.779985221
31
0.0
210
0.0
220
0.0
230
1.0
71
0
72
0
100
AcDbText
73
0
0
POINT
5
3E1
330
1C
100
AcDbEntity
67
0
8
8 - ценная историческая застройка конец ХIX - начало ХХ века
62
256
6
ByLayer
370
-1
48
1.0
60
0
100
AcDbPoint
10
1395399.01661357
20
360032.429539134
30
0.0
39
0.0
210
0.0
220
0.0
230
1.0
50
360.0
0
TEXT
5
3E2
330
1C
100
AcDbEntity
67
0
8
8 - ценная историческая застройка конец ХIX - начало ХХ века
62
7
6
ByLayer
370
-1
48
1.0
60
0
100
AcDbText
1
476
10
1395399.14574246
20
360032.703978961
30
0.0
40
0.31111111111
41
1.0
50
0.0
51
0.0
7
Standard
11
1395399.14574246
21
360032.703978961
31
0.0
210
0.0
220
0.0
230
1.0
71
0
72
0
100
AcDbText
73
0
0
POINT
5
3E3
330
1C
100
AcDbEntity
67
0
8
8 - ценная историческая застройка конец ХIX - начало ХХ века
62
256
6
ByLayer
370
-1
48
1.0
60
0
100
AcDbPoint
10
1395384.5110259
20
359904.138137657
30
0.0
39
0.0
210
0.0
220
0.0
230
1.0
50
360.0
0
TEXT
5
3E4
330
1C
100
AcDbEntity
67
0
8
8 - ценная историческая застройка конец ХIX - начало ХХ века
62
7
6
ByLayer
370
-1
48
1.0
60
0
100
AcDbText
1
477
10
1395384.64015502
20
359904.412577461
30
0.0
40
0.31111111111
41
1.0
50
0.0
51
0.0
7
Standard
11
1395384.64015502
21
359904.412577461
31
0.0
210
0.0
220
0.0
230
1.0
71
0
72
0
100
AcDbText
73
0
0
POINT
5
3E5
330
1C
100
AcDbEntity
67
0
8
8 - ценная историческая застройка конец ХIX - начало ХХ века
62
256
6
ByLayer
370
-1
48
1.0
60
0
100
AcDbPoint
10
1395371.93805596
20
359900.112140174
30
0.0
39
0.0
210
0.0
220
0.0
230
1.0
50
360.0
0
TEXT
5
3E6
330
1C
100
AcDbEntity
67
0
8
8 - ценная историческая застройка конец ХIX - начало ХХ века
62
7
6
ByLayer
370
-1
48
1.0
60
0
100
AcDbText
1
478
10
1395372.0671851
20
359900.386579953
30
0.0
40
0.31111111111
41
1.0
50
0.0
51
0.0
7
Standard
11
1395372.0671851
21
359900.386579953
31
0.0
210
0.0
220
0.0
230
1.0
71
0
72
0
100
AcDbText
73
0
0
POINT
5
3E7
330
1C
100
AcDbEntity
67
0
8
8 - ценная историческая застройка конец ХIX - начало ХХ века
62
256
6
ByLayer
370
-1
48
1.0
60
0
100
AcDbPoint
10
1395376.33351921
20
359885.62259961
30
0.0
39
0.0
210
0.0
220
0.0
230
1.0
50
360.0
0
TEXT
5
3E8
330
1C
100
AcDbEntity
67
0
8
8 - ценная историческая застройка конец ХIX - начало ХХ века
62
7
6
ByLayer
370
-1
48
1.0
60
0
100
AcDbText
1
479
10
1395376.46264837
20
359885.897039398
30
0.0
40
0.31111111111
41
1.0
50
0.0
51
0.0
7
Standard
11
1395376.46264837
21
359885.897039398
31
0.0
210
0.0
220
0.0
230
1.0
71
0
72
0
100
AcDbText
73
0
0
POINT
5
3E9
330
1C
100
AcDbEntity
67
0
8
8 - ценная историческая застройка конец ХIX - начало ХХ века
62
256
6
ByLayer
370
-1
48
1.0
60
0
100
AcDbPoint
10
1395388.5829604
20
359889.33851908
30
0.0
39
0.0
210
0.0
220
0.0
230
1.0
50
360.0
0
TEXT
5
3EA
330
1C
100
AcDbEntity
67
0
8
8 - ценная историческая застройка конец ХIX - начало ХХ века
62
7
6
ByLayer
370
-1
48
1.0
60
0
100
AcDbText
1
480
10
1395388.71208955
20
359889.612958891
30
0.0
40
0.31111111111
41
1.0
50
0.0
51
0.0
7
Standard
11
1395388.71208955
21
359889.612958891
31
0.0
210
0.0
220
0.0
230
1.0
71
0
72
0
100
AcDbText
73
0
0
POINT
5
3EB
330
1C
100
AcDbEntity
67
0
8
8 - ценная историческая застройка конец ХIX - начало ХХ века
62
256
6
ByLayer
370
-1
48
1.0
60
0
100
AcDbPoint
10
1395387.57093308
20
359891.126852411
30
0.0
39
0.0
210
0.0
220
0.0
230
1.0
50
360.0
0
TEXT
5
3EC
330
1C
100
AcDbEntity
67
0
8
8 - ценная историческая застройка конец ХIX - начало ХХ века
62
7
6
ByLayer
370
-1
48
1.0
60
0
100
AcDbText
1
481
10
1395387.70006223
20
359891.401292217
30
0.0
40
0.31111111111
41
1.0
50
0.0
51
0.0
7
Standard
11
1395387.70006223
21
359891.401292217
31
0.0
210
0.0
220
0.0
230
1.0
71
0
72
0
100
AcDbText
73
0
0
POINT
5
3ED
330
1C
100
AcDbEntity
67
0
8
8 - ценная историческая застройка конец ХIX - начало ХХ века
62
256
6
ByLayer
370
-1
48
1.0
60
0
100
AcDbPoint
10
1395389.58814725
20
359892.32125192
30
0.0
39
0.0
210
0.0
220
0.0
230
1.0
50
360.0
0
TEXT
5
3EE
330
1C
100
AcDbEntity
67
0
8
8 - ценная историческая застройка конец ХIX - начало ХХ века
62
7
6
ByLayer
370
-1
48
1.0
60
0
100
AcDbText
1
482
10
1395389.7172764
20
359892.595691732
30
0.0
40
0.31111111111
41
1.0
50
0.0
51
0.0
7
Standard
11
1395389.7172764
21
359892.595691732
31
0.0
210
0.0
220
0.0
230
1.0
71
0
72
0
100
AcDbText
73
0
0
POINT
5
3EF
330
1C
100
AcDbEntity
67
0
8
8 - ценная историческая застройка конец ХIX - начало ХХ века
62
256
6
ByLayer
370
-1
48
1.0
60
0
100
AcDbPoint
10
1395387.47325834
20
359898.9259347
30
0.0
39
0.0
210
0.0
220
0.0
230
1.0
50
360.0
0
TEXT
5
3F0
330
1C
100
AcDbEntity
67
0
8
8 - ценная историческая застройка конец ХIX - начало ХХ века
62
7
6
ByLayer
370
-1
48
1.0
60
0
100
AcDbText
1
483
10
1395387.60238748
20
359899.200374511
30
0.0
40
0.31111111111
41
1.0
50
0.0
51
0.0
7
Standard
11
1395387.60238748
21
359899.200374511
31
0.0
210
0.0
220
0.0
230
1.0
71
0
72
0
100
AcDbText
73
0
0
POINT
5
3F1
330
1C
100
AcDbEntity
67
0
8
8 - ценная историческая застройка конец ХIX - начало ХХ века
62
256
6
ByLayer
370
-1
48
1.0
60
0
100
AcDbPoint
10
1395386.3002975
20
359898.550340288
30
0.0
39
0.0
210
0.0
220
0.0
230
1.0
50
360.0
0
TEXT
5
3F2
330
1C
100
AcDbEntity
67
0
8
8 - ценная историческая застройка конец ХIX - начало ХХ века
62
7
6
ByLayer
370
-1
48
1.0
60
0
100
AcDbText
1
484
10
1395386.42942663
20
359898.824780095
30
0.0
40
0.31111111111
41
1.0
50
0.0
51
0.0
7
Standard
11
1395386.42942663
21
359898.824780095
31
0.0
210
0.0
220
0.0
230
1.0
71
0
72
0
100
AcDbText
73
0
0
POINT
5
3F3
330
1C
100
AcDbEntity
67
0
8
8 - ценная историческая застройка конец ХIX - начало ХХ века
62
256
6
ByLayer
370
-1
48
1.0
60
0
100
AcDbPoint
10
1395362.3866811
20
359885.440424174
30
0.0
39
0.0
210
0.0
220
0.0
230
1.0
50
360.0
0
TEXT
5
3F4
330
1C
100
AcDbEntity
67
0
8
8 - ценная историческая застройка конец ХIX - начало ХХ века
62
7
6
ByLayer
370
-1
48
1.0
60
0
100
AcDbText
1
485
10
1395362.51581026
20
359885.714863937
30
0.0
40
0.31111111111
41
1.0
50
0.0
51
0.0
7
Standard
11
1395362.51581026
21
359885.714863937
31
0.0
210
0.0
220
0.0
230
1.0
71
0
72
0
100
AcDbText
73
0
0
POINT
5
3F5
330
1C
100
AcDbEntity
67
0
8
8 - ценная историческая застройка конец ХIX - начало ХХ века
62
256
6
ByLayer
370
-1
48
1.0
60
0
100
AcDbPoint
10
1395358.92163899
20
359896.862853651
30
0.0
39
0.0
210
0.0
220
0.0
230
1.0
50
360.0
0
TEXT
5
3F6
330
1C
100
AcDbEntity
67
0
8
8 - ценная историческая застройка конец ХIX - начало ХХ века
62
7
6
ByLayer
370
-1
48
1.0
60
0
100
AcDbText
1
486
10
1395359.05076813
20
359897.137293408
30
0.0
40
0.31111111111
41
1.0
50
0.0
51
0.0
7
Standard
11
1395359.05076813
21
359897.137293408
31
0.0
210
0.0
220
0.0
230
1.0
71
0
72
0
100
AcDbText
73
0
0
POINT
5
3F7
330
1C
100
AcDbEntity
67
0
8
8 - ценная историческая застройка конец ХIX - начало ХХ века
62
256
6
ByLayer
370
-1
48
1.0
60
0
100
AcDbPoint
10
1395371.74379717
20
359900.752509634
30
0.0
39
0.0
210
0.0
220
0.0
230
1.0
50
360.0
0
TEXT
5
3F8
330
1C
100
AcDbEntity
67
0
8
8 - ценная историческая застройка конец ХIX - начало ХХ века
62
7
6
ByLayer
370
-1
48
1.0
60
0
100
AcDbText
1
487
10
1395371.8729263
20
359901.026949413
30
0.0
40
0.31111111111
41
1.0
50
0.0
51
0.0
7
Standard
11
1395371.8729263
21
359901.026949413
31
0.0
210
0.0
220
0.0
230
1.0
71
0
72
0
100
AcDbText
73
0
0
POINT
5
3F9
330
1C
100
AcDbEntity
67
0
8
8 - ценная историческая застройка конец ХIX - начало ХХ века
62
256
6
ByLayer
370
-1
48
1.0
60
0
100
AcDbPoint
10
1395375.20883951
20
359889.330079819
30
0.0
39
0.0
210
0.0
220
0.0
230
1.0
50
360.0
0
TEXT
5
3FA
330
1C
100
AcDbEntity
67
0
8
8 - ценная историческая застройка конец ХIX - начало ХХ века
62
7
6
ByLayer
370
-1
48
1.0
60
0
100
AcDbText
1
488
10
1395375.33796866
20
359889.604519605
30
0.0
40
0.31111111111
41
1.0
50
0.0
51
0.0
7
Standard
11
1395375.33796866
21
359889.604519605
31
0.0
210
0.0
220
0.0
230
1.0
71
0
72
0
100
AcDbText
73
0
0
POINT
5
3FB
330
1C
100
AcDbEntity
67
0
8
8 - ценная историческая застройка конец ХIX - начало ХХ века
62
256
6
ByLayer
370
-1
48
1.0
60
0
100
AcDbPoint
10
1395367.2767653
20
359883.43569183
30
0.0
39
0.0
210
0.0
220
0.0
230
1.0
50
360.0
0
TEXT
5
3FC
330
1C
100
AcDbEntity
67
0
8
8 - ценная историческая застройка конец ХIX - начало ХХ века
62
7
6
ByLayer
370
-1
48
1.0
60
0
100
AcDbText
1
489
10
1395367.40589447
20
359883.710131599
30
0.0
40
0.31111111111
41
1.0
50
0.0
51
0.0
7
Standard
11
1395367.40589447
21
359883.710131599
31
0.0
210
0.0
220
0.0
230
1.0
71
0
72
0
100
AcDbText
73
0
0
POINT
5
3FD
330
1C
100
AcDbEntity
67
0
8
8 - ценная историческая застройка конец ХIX - начало ХХ века
62
256
6
ByLayer
370
-1
48
1.0
60
0
100
AcDbPoint
10
1395366.30778644
20
359886.629907944
30
0.0
39
0.0
210
0.0
220
0.0
230
1.0
50
360.0
0
TEXT
5
3FE
330
1C
100
AcDbEntity
67
0
8
8 - ценная историческая застройка конец ХIX - начало ХХ века
62
7
6
ByLayer
370
-1
48
1.0
60
0
100
AcDbText
1
490
10
1395366.43691559
20
359886.904347711
30
0.0
40
0.31111111111
41
1.0
50
0.0
51
0.0
7
Standard
11
1395366.43691559
21
359886.904347711
31
0.0
210
0.0
220
0.0
230
1.0
71
0
72
0
100
AcDbText
73
0
0
POINT
5
3FF
330
1C
100
AcDbEntity
67
0
8
8 - ценная историческая застройка конец ХIX - начало ХХ века
62
256
6
ByLayer
370
-1
48
1.0
60
0
100
AcDbPoint
10
1397029.52894406
20
359646.843568464
30
0.0
39
0.0
210
0.0
220
0.0
230
1.0
50
360.0
0
TEXT
5
400
330
1C
100
AcDbEntity
67
0
8
8 - ценная историческая застройка конец ХIX - начало ХХ века
62
7
6
ByLayer
370
-1
48
1.0
60
0
100
AcDbText
1
491
10
1397029.65807361
20
359647.118011273
30
0.0
40
0.31111111111
41
1.0
50
0.0
51
0.0
7
Standard
11
1397029.65807361
21
359647.118011273
31
0.0
210
0.0
220
0.0
230
1.0
71
0
72
0
100
AcDbText
73
0
0
POINT
5
401
330
1C
100
AcDbEntity
67
0
8
8 - ценная историческая застройка конец ХIX - начало ХХ века
62
256
6
ByLayer
370
-1
48
1.0
60
0
100
AcDbPoint
10
1397040.05220796
20
359642.630844837
30
0.0
39
0.0
210
0.0
220
0.0
230
1.0
50
360.0
0
TEXT
5
402
330
1C
100
AcDbEntity
67
0
8
8 - ценная историческая застройка конец ХIX - начало ХХ века
62
7
6
ByLayer
370
-1
48
1.0
60
0
100
AcDbText
1
492
10
1397040.18133752
20
359642.905287667
30
0.0
40
0.31111111111
41
1.0
50
0.0
51
0.0
7
Standard
11
1397040.18133752
21
359642.905287667
31
0.0
210
0.0
220
0.0
230
1.0
71
0
72
0
100
AcDbText
73
0
0
POINT
5
403
330
1C
100
AcDbEntity
67
0
8
8 - ценная историческая застройка конец ХIX - начало ХХ века
62
256
6
ByLayer
370
-1
48
1.0
60
0
100
AcDbPoint
10
1397032.75826219
20
359623.892426438
30
0.0
39
0.0
210
0.0
220
0.0
230
1.0
50
360.0
0
TEXT
5
404
330
1C
100
AcDbEntity
67
0
8
8 - ценная историческая застройка конец ХIX - начало ХХ века
62
7
6
ByLayer
370
-1
48
1.0
60
0
100
AcDbText
1
493
10
1397032.88739178
20
359624.166869256
30
0.0
40
0.31111111111
41
1.0
50
0.0
51
0.0
7
Standard
11
1397032.88739178
21
359624.166869256
31
0.0
210
0.0
220
0.0
230
1.0
71
0
72
0
100
AcDbText
73
0
0
POINT
5
405
330
1C
100
AcDbEntity
67
0
8
8 - ценная историческая застройка конец ХIX - начало ХХ века
62
256
6
ByLayer
370
-1
48
1.0
60
0
100
AcDbPoint
10
1397026.67884955
20
359626.145801796
30
0.0
39
0.0
210
0.0
220
0.0
230
1.0
50
360.0
0
TEXT
5
406
330
1C
100
AcDbEntity
67
0
8
8 - ценная историческая застройка конец ХIX - начало ХХ века
62
7
6
ByLayer
370
-1
48
1.0
60
0
100
AcDbText
1
494
10
1397026.80797914
20
359626.420244602
30
0.0
40
0.31111111111
41
1.0
50
0.0
51
0.0
7
Standard
11
1397026.80797914
21
359626.420244602
31
0.0
210
0.0
220
0.0
230
1.0
71
0
72
0
100
AcDbText
73
0
0
POINT
5
407
330
1C
100
AcDbEntity
67
0
8
8 - ценная историческая застройка конец ХIX - начало ХХ века
62
256
6
ByLayer
370
-1
48
1.0
60
0
100
AcDbPoint
10
1397030.82048486
20
359636.305134049
30
0.0
39
0.0
210
0.0
220
0.0
230
1.0
50
360.0
0
TEXT
5
408
330
1C
100
AcDbEntity
67
0
8
8 - ценная историческая застройка конец ХIX - начало ХХ века
62
7
6
ByLayer
370
-1
48
1.0
60
0
100
AcDbText
1
495
10
1397030.94961442
20
359636.57957686
30
0.0
40
0.31111111111
41
1.0
50
0.0
51
0.0
7
Standard
11
1397030.94961442
21
359636.57957686
31
0.0
210
0.0
220
0.0
230
1.0
71
0
72
0
100
AcDbText
73
0
0
POINT
5
409
330
1C
100
AcDbEntity
67
0
8
8 - ценная историческая застройка конец ХIX - начало ХХ века
62
256
6
ByLayer
370
-1
48
1.0
60
0
100
AcDbPoint
10
1397026.14491598
20
359638.230531196
30
0.0
39
0.0
210
0.0
220
0.0
230
1.0
50
360.0
0
TEXT
5
40A
330
1C
100
AcDbEntity
67
0
8
8 - ценная историческая застройка конец ХIX - начало ХХ века
62
7
6
ByLayer
370
-1
48
1.0
60
0
100
AcDbText
1
496
10
1397026.27404554
20
359638.504974001
30
0.0
40
0.31111111111
41
1.0
50
0.0
51
0.0
7
Standard
11
1397026.27404554
21
359638.504974001
31
0.0
210
0.0
220
0.0
230
1.0
71
0
72
0
100
AcDbText
73
0
0
POINT
5
40B
330
1C
100
AcDbEntity
67
0
8
8 - ценная историческая застройка конец ХIX - начало ХХ века
62
256
6
ByLayer
370
-1
48
1.0
60
0
100
AcDbPoint
10
1394519.81854018
20
360343.346462524
30
0.0
39
0.0
210
0.0
220
0.0
230
1.0
50
360.0
0
TEXT
5
40C
330
1C
100
AcDbEntity
67
0
8
8 - ценная историческая застройка конец ХIX - начало ХХ века
62
7
6
ByLayer
370
-1
48
1.0
60
0
100
AcDbText
1
497
10
1394519.94766853
20
360343.62090074
30
0.0
40
0.31111111111
41
1.0
50
0.0
51
0.0
7
Standard
11
1394519.94766853
21
360343.62090074
31
0.0
210
0.0
220
0.0
230
1.0
71
0
72
0
100
AcDbText
73
0
0
POINT
5
40D
330
1C
100
AcDbEntity
67
0
8
8 - ценная историческая застройка конец ХIX - начало ХХ века
62
256
6
ByLayer
370
-1
48
1.0
60
0
100
AcDbPoint
10
1394517.01024675
20
360331.894584729
30
0.0
39
0.0
210
0.0
220
0.0
230
1.0
50
360.0
0
TEXT
5
40E
330
1C
100
AcDbEntity
67
0
8
8 - ценная историческая застройка конец ХIX - начало ХХ века
62
7
6
ByLayer
370
-1
48
1.0
60
0
100
AcDbText
1
498
10
1394517.13937512
20
360332.169022937
30
0.0
40
0.31111111111
41
1.0
50
0.0
51
0.0
7
Standard
11
1394517.13937512
21
360332.169022937
31
0.0
210
0.0
220
0.0
230
1.0
71
0
72
0
100
AcDbText
73
0
0
POINT
5
40F
330
1C
100
AcDbEntity
67
0
8
8 - ценная историческая застройка конец ХIX - начало ХХ века
62
256
6
ByLayer
370
-1
48
1.0
60
0
100
AcDbPoint
10
1394603.74641002
20
360309.788830106
30
0.0
39
0.0
210
0.0
220
0.0
230
1.0
50
360.0
0
TEXT
5
410
330
1C
100
AcDbEntity
67
0
8
8 - ценная историческая застройка конец ХIX - начало ХХ века
62
7
6
ByLayer
370
-1
48
1.0
60
0
100
AcDbText
1
499
10
1394603.87553843
20
360310.063268473
30
0.0
40
0.31111111111
41
1.0
50
0.0
51
0.0
7
Standard
11
1394603.87553843
21
360310.063268473
31
0.0
210
0.0
220
0.0
230
1.0
71
0
72
0
100
AcDbText
73
0
0
POINT
5
411
330
1C
100
AcDbEntity
67
0
8
8 - ценная историческая застройка конец ХIX - начало ХХ века
62
256
6
ByLayer
370
-1
48
1.0
60
0
100
AcDbPoint
10
1394608.72023039
20
360329.304566966
30
0.0
39
0.0
210
0.0
220
0.0
230
1.0
50
360.0
0
TEXT
5
412
330
1C
100
AcDbEntity
67
0
8
8 - ценная историческая застройка конец ХIX - начало ХХ века
62
7
6
ByLayer
370
-1
48
1.0
60
0
100
AcDbText
1
500
10
1394608.84935876
20
360329.579005345
30
0.0
40
0.31111111111
41
1.0
50
0.0
51
0.0
7
Standard
11
1394608.84935876
21
360329.579005345
31
0.0
210
0.0
220
0.0
230
1.0
71
0
72
0
100
AcDbText
73
0
0
POINT
5
413
330
1C
100
AcDbEntity
67
0
8
8 - ценная историческая застройка конец ХIX - начало ХХ века
62
256
6
ByLayer
370
-1
48
1.0
60
0
100
AcDbPoint
10
1394603.77927345
20
360334.82494665
30
0.0
39
0.0
210
0.0
220
0.0
230
1.0
50
360.0
0
TEXT
5
414
330
1C
100
AcDbEntity
67
0
8
8 - ценная историческая застройка конец ХIX - начало ХХ века
62
7
6
ByLayer
370
-1
48
1.0
60
0
100
AcDbText
1
501
10
1394603.90840181
20
360335.09938502
30
0.0
40
0.31111111111
41
1.0
50
0.0
51
0.0
7
Standard
11
1394603.90840181
21
360335.09938502
31
0.0
210
0.0
220
0.0
230
1.0
71
0
72
0
100
AcDbText
73
0
0
POINT
5
415
330
1C
100
AcDbEntity
67
0
8
8 - ценная историческая застройка конец ХIX - начало ХХ века
62
256
6
ByLayer
370
-1
48
1.0
60
0
100
AcDbPoint
10
1394598.15087516
20
360336.207019185
30
0.0
39
0.0
210
0.0
220
0.0
230
1.0
50
360.0
0
TEXT
5
416
330
1C
100
AcDbEntity
67
0
8
8 - ценная историческая застройка конец ХIX - начало ХХ века
62
7
6
ByLayer
370
-1
48
1.0
60
0
100
AcDbText
1
502
10
1394598.28000352
20
360336.481457543
30
0.0
40
0.31111111111
41
1.0
50
0.0
51
0.0
7
Standard
11
1394598.28000352
21
360336.481457543
31
0.0
210
0.0
220
0.0
230
1.0
71
0
72
0
100
AcDbText
73
0
0
POINT
5
417
330
1C
100
AcDbEntity
67
0
8
8 - ценная историческая застройка конец ХIX - начало ХХ века
62
256
6
ByLayer
370
-1
48
1.0
60
0
100
AcDbPoint
10
1394595.01001196
20
360324.579084787
30
0.0
39
0.0
210
0.0
220
0.0
230
1.0
50
360.0
0
TEXT
5
418
330
1C
100
AcDbEntity
67
0
8
8 - ценная историческая застройка конец ХIX - начало ХХ века
62
7
6
ByLayer
370
-1
48
1.0
60
0
100
AcDbText
1
503
10
1394595.13914034
20
360324.85352314
30
0.0
40
0.31111111111
41
1.0
50
0.0
51
0.0
7
Standard
11
1394595.13914034
21
360324.85352314
31
0.0
210
0.0
220
0.0
230
1.0
71
0
72
0
100
AcDbText
73
0
0
POINT
5
419
330
1C
100
AcDbEntity
67
0
8
8 - ценная историческая застройка конец ХIX - начало ХХ века
62
256
6
ByLayer
370
-1
48
1.0
60
0
100
AcDbPoint
10
1394394.62251117
20
359452.152936341
30
0.0
39
0.0
210
0.0
220
0.0
230
1.0
50
360.0
0
TEXT
5
41A
330
1C
100
AcDbEntity
67
0
8
8 - ценная историческая застройка конец ХIX - начало ХХ века
62
7
6
ByLayer
370
-1
48
1.0
60
0
100
AcDbText
1
504
10
1394394.75164115
20
359452.427374351
30
0.0
40
0.31111111111
41
1.0
50
0.0
51
0.0
7
Standard
11
1394394.75164115
21
359452.427374351
31
0.0
210
0.0
220
0.0
230
1.0
71
0
72
0
100
AcDbText
73
0
0
POINT
5
41B
330
1C
100
AcDbEntity
67
0
8
8 - ценная историческая застройка конец ХIX - начало ХХ века
62
256
6
ByLayer
370
-1
48
1.0
60
0
100
AcDbPoint
10
1394414.41304108
20
359453.895421544
30
0.0
39
0.0
210
0.0
220
0.0
230
1.0
50
360.0
0
TEXT
5
41C
330
1C
100
AcDbEntity
67
0
8
8 - ценная историческая застройка конец ХIX - начало ХХ века
62
7
6
ByLayer
370
-1
48
1.0
60
0
100
AcDbText
1
505
10
1394414.54217105
20
359454.16985959
30
0.0
40
0.31111111111
41
1.0
50
0.0
51
0.0
7
Standard
11
1394414.54217105
21
359454.16985959
31
0.0
210
0.0
220
0.0
230
1.0
71
0
72
0
100
AcDbText
73
0
0
POINT
5
41D
330
1C
100
AcDbEntity
67
0
8
8 - ценная историческая застройка конец ХIX - начало ХХ века
62
256
6
ByLayer
370
-1
48
1.0
60
0
100
AcDbPoint
10
1394411.02975629
20
359440.019881844
30
0.0
39
0.0
210
0.0
220
0.0
230
1.0
50
360.0
0
TEXT
5
41E
330
1C
100
AcDbEntity
67
0
8
8 - ценная историческая застройка конец ХIX - начало ХХ века
62
7
6
ByLayer
370
-1
48
1.0
60
0
100
AcDbText
1
506
10
1394411.15888629
20
359440.294319884
30
0.0
40
0.31111111111
41
1.0
50
0.0
51
0.0
7
Standard
11
1394411.15888629
21
359440.294319884
31
0.0
210
0.0
220
0.0
230
1.0
71
0
72
0
100
AcDbText
73
0
0
POINT
5
41F
330
1C
100
AcDbEntity
67
0
8
8 - ценная историческая застройка конец ХIX - начало ХХ века
62
256
6
ByLayer
370
-1
48
1.0
60
0
100
AcDbPoint
10
1394410.5381562
20
359439.302141434
30
0.0
39
0.0
210
0.0
220
0.0
230
1.0
50
360.0
0
TEXT
5
420
330
1C
100
AcDbEntity
67
0
8
8 - ценная историческая застройка конец ХIX - начало ХХ века
62
7
6
ByLayer
370
-1
48
1.0
60
0
100
AcDbText
1
507
10
1394410.6672862
20
359439.576579473
30
0.0
40
0.31111111111
41
1.0
50
0.0
51
0.0
7
Standard
11
1394410.6672862
21
359439.576579473
31
0.0
210
0.0
220
0.0
230
1.0
71
0
72
0
100
AcDbText
73
0
0
POINT
5
421
330
1C
100
AcDbEntity
67
0
8
8 - ценная историческая застройка конец ХIX - начало ХХ века
62
256
6
ByLayer
370
-1
48
1.0
60
0
100
AcDbPoint
10
1394409.69471241
20
359439.089011138
30
0.0
39
0.0
210
0.0
220
0.0
230
1.0
50
360.0
0
TEXT
5
422
330
1C
100
AcDbEntity
67
0
8
8 - ценная историческая застройка конец ХIX - начало ХХ века
62
7
6
ByLayer
370
-1
48
1.0
60
0
100
AcDbText
1
508
10
1394409.8238424
20
359439.363449174
30
0.0
40
0.31111111111
41
1.0
50
0.0
51
0.0
7
Standard
11
1394409.8238424
21
359439.363449174
31
0.0
210
0.0
220
0.0
230
1.0
71
0
72
0
100
AcDbText
73
0
0
POINT
5
423
330
1C
100
AcDbEntity
67
0
8
8 - ценная историческая застройка конец ХIX - начало ХХ века
62
256
6
ByLayer
370
-1
48
1.0
60
0
100
AcDbPoint
10
1394393.78443108
20
359442.922665535
30
0.0
39
0.0
210
0.0
220
0.0
230
1.0
50
360.0
0
TEXT
5
424
330
1C
100
AcDbEntity
67
0
8
8 - ценная историческая застройка конец ХIX - начало ХХ века
62
7
6
ByLayer
370
-1
48
1.0
60
0
100
AcDbText
1
509
10
1394393.91356107
20
359443.197103545
30
0.0
40
0.31111111111
41
1.0
50
0.0
51
0.0
7
Standard
11
1394393.91356107
21
359443.197103545
31
0.0
210
0.0
220
0.0
230
1.0
71
0
72
0
100
AcDbText
73
0
0
POINT
5
425
330
1C
100
AcDbEntity
67
0
8
8 - ценная историческая застройка конец ХIX - начало ХХ века
62
256
6
ByLayer
370
-1
48
1.0
60
0
100
AcDbPoint
10
1394393.17863971
20
359443.235790137
30
0.0
39
0.0
210
0.0
220
0.0
230
1.0
50
360.0
0
TEXT
5
426
330
1C
100
AcDbEntity
67
0
8
8 - ценная историческая застройка конец ХIX - начало ХХ века
62
7
6
ByLayer
370
-1
48
1.0
60
0
100
AcDbText
1
510
10
1394393.3077697
20
359443.510228141
30
0.0
40
0.31111111111
41
1.0
50
0.0
51
0.0
7
Standard
11
1394393.3077697
21
359443.510228141
31
0.0
210
0.0
220
0.0
230
1.0
71
0
72
0
100
AcDbText
73
0
0
POINT
5
427
330
1C
100
AcDbEntity
67
0
8
8 - ценная историческая застройка конец ХIX - начало ХХ века
62
256
6
ByLayer
370
-1
48
1.0
60
0
100
AcDbPoint
10
1394392.78658852
20
359443.793756136
30
0.0
39
0.0
210
0.0
220
0.0
230
1.0
50
360.0
0
TEXT
5
428
330
1C
100
AcDbEntity
67
0
8
8 - ценная историческая застройка конец ХIX - начало ХХ века
62
7
6
ByLayer
370
-1
48
1.0
60
0
100
AcDbText
1
511
10
1394392.91571851
20
359444.068194141
30
0.0
40
0.31111111111
41
1.0
50
0.0
51
0.0
7
Standard
11
1394392.91571851
21
359444.068194141
31
0.0
210
0.0
220
0.0
230
1.0
71
0
72
0
100
AcDbText
73
0
0
POINT
5
429
330
1C
100
AcDbEntity
67
0
8
8 - ценная историческая застройка конец ХIX - начало ХХ века
62
256
6
ByLayer
370
-1
48
1.0
60
0
100
AcDbPoint
10
1394392.69733242
20
359444.469820882
30
0.0
39
0.0
210
0.0
220
0.0
230
1.0
50
360.0
0
TEXT
5
42A
330
1C
100
AcDbEntity
67
0
8
8 - ценная историческая застройка конец ХIX - начало ХХ века
62
7
6
ByLayer
370
-1
48
1.0
60
0
100
AcDbText
1
512
10
1394392.8264624
20
359444.744258887
30
0.0
40
0.31111111111
41
1.0
50
0.0
51
0.0
7
Standard
11
1394392.8264624
21
359444.744258887
31
0.0
210
0.0
220
0.0
230
1.0
71
0
72
0
100
AcDbText
73
0
0
POINT
5
42B
330
1C
100
AcDbEntity
67
0
8
8 - ценная историческая застройка конец ХIX - начало ХХ века
62
256
6
ByLayer
370
-1
48
1.0
60
0
100
AcDbPoint
10
1394392.93114602
20
359445.110415439
30
0.0
39
0.0
210
0.0
220
0.0
230
1.0
50
360.0
0
TEXT
5
42C
330
1C
100
AcDbEntity
67
0
8
8 - ценная историческая застройка конец ХIX - начало ХХ века
62
7
6
ByLayer
370
-1
48
1.0
60
0
100
AcDbText
1
513
10
1394393.06027601
20
359445.384853447
30
0.0
40
0.31111111111
41
1.0
50
0.0
51
0.0
7
Standard
11
1394393.06027601
21
359445.384853447
31
0.0
210
0.0
220
0.0
230
1.0
71
0
72
0
100
AcDbText
73
0
0
POINT
5
42D
330
1C
100
AcDbEntity
67
0
8
8 - ценная историческая застройка конец ХIX - начало ХХ века
62
256
6
ByLayer
370
-1
48
1.0
60
0
100
AcDbPoint
10
1394439.85661521
20
359435.312071368
30
0.0
39
0.0
210
0.0
220
0.0
230
1.0
50
360.0
0
TEXT
5
42E
330
1C
100
AcDbEntity
67
0
8
8 - ценная историческая застройка конец ХIX - начало ХХ века
62
7
6
ByLayer
370
-1
48
1.0
60
0
100
AcDbText
1
514
10
1394439.98574522
20
359435.586509461
30
0.0
40
0.31111111111
41
1.0
50
0.0
51
0.0
7
Standard
11
1394439.98574522
21
359435.586509461
31
0.0
210
0.0
220
0.0
230
1.0
71
0
72
0
100
AcDbText
73
0
0
POINT
5
42F
330
1C
100
AcDbEntity
67
0
8
8 - ценная историческая застройка конец ХIX - начало ХХ века
62
256
6
ByLayer
370
-1
48
1.0
60
0
100
AcDbPoint
10
1394433.34545293
20
359436.955947521
30
0.0
39
0.0
210
0.0
220
0.0
230
1.0
50
360.0
0
TEXT
5
430
330
1C
100
AcDbEntity
67
0
8
8 - ценная историческая застройка конец ХIX - начало ХХ века
62
7
6
ByLayer
370
-1
48
1.0
60
0
100
AcDbText
1
515
10
1394433.47458293
20
359437.230385602
30
0.0
40
0.31111111111
41
1.0
50
0.0
51
0.0
7
Standard
11
1394433.47458293
21
359437.230385602
31
0.0
210
0.0
220
0.0
230
1.0
71
0
72
0
100
AcDbText
73
0
0
POINT
5
431
330
1C
100
AcDbEntity
67
0
8
8 - ценная историческая застройка конец ХIX - начало ХХ века
62
256
6
ByLayer
370
-1
48
1.0
60
0
100
AcDbPoint
10
1394432.51262798
20
359433.493667409
30
0.0
39
0.0
210
0.0
220
0.0
230
1.0
50
360.0
0
TEXT
5
432
330
1C
100
AcDbEntity
67
0
8
8 - ценная историческая застройка конец ХIX - начало ХХ века
62
7
6
ByLayer
370
-1
48
1.0
60
0
100
AcDbText
1
516
10
1394432.64175799
20
359433.768105488
30
0.0
40
0.31111111111
41
1.0
50
0.0
51
0.0
7
Standard
11
1394432.64175799
21
359433.768105488
31
0.0
210
0.0
220
0.0
230
1.0
71
0
72
0
100
AcDbText
73
0
0
POINT
5
433
330
1C
100
AcDbEntity
67
0
8
8 - ценная историческая застройка конец ХIX - начало ХХ века
62
256
6
ByLayer
370
-1
48
1.0
60
0
100
AcDbPoint
10
1394423.85631841
20
359435.67304396
30
0.0
39
0.0
210
0.0
220
0.0
230
1.0
50
360.0
0
TEXT
5
434
330
1C
100
AcDbEntity
67
0
8
8 - ценная историческая застройка конец ХIX - начало ХХ века
62
7
6
ByLayer
370
-1
48
1.0
60
0
100
AcDbText
1
517
10
1394423.98544842
20
359435.947482021
30
0.0
40
0.31111111111
41
1.0
50
0.0
51
0.0
7
Standard
11
1394423.98544842
21
359435.947482021
31
0.0
210
0.0
220
0.0
230
1.0
71
0
72
0
100
AcDbText
73
0
0
POINT
5
435
330
1C
100
AcDbEntity
67
0
8
8 - ценная историческая застройка конец ХIX - начало ХХ века
62
256
6
ByLayer
370
-1
48
1.0
60
0
100
AcDbPoint
10
1394424.84119862
20
359439.907134191
30
0.0
39
0.0
210
0.0
220
0.0
230
1.0
50
360.0
0
TEXT
5
436
330
1C
100
AcDbEntity
67
0
8
8 - ценная историческая застройка конец ХIX - начало ХХ века
62
7
6
ByLayer
370
-1
48
1.0
60
0
100
AcDbText
1
518
10
1394424.97032862
20
359440.181572253
30
0.0
40
0.31111111111
41
1.0
50
0.0
51
0.0
7
Standard
11
1394424.97032862
21
359440.181572253
31
0.0
210
0.0
220
0.0
230
1.0
71
0
72
0
100
AcDbText
73
0
0
POINT
5
437
330
1C
100
AcDbEntity
67
0
8
8 - ценная историческая застройка конец ХIX - начало ХХ века
62
256
6
ByLayer
370
-1
48
1.0
60
0
100
AcDbPoint
10
1394417.75656764
20
359441.673784578
30
0.0
39
0.0
210
0.0
220
0.0
230
1.0
50
360.0
0
TEXT
5
438
330
1C
100
AcDbEntity
67
0
8
8 - ценная историческая застройка конец ХIX - начало ХХ века
62
7
6
ByLayer
370
-1
48
1.0
60
0
100
AcDbText
1
519
10
1394417.88569764
20
359441.948222629
30
0.0
40
0.31111111111
41
1.0
50
0.0
51
0.0
7
Standard
11
1394417.88569764
21
359441.948222629
31
0.0
210
0.0
220
0.0
230
1.0
71
0
72
0
100
AcDbText
73
0
0
POINT
5
439
330
1C
100
AcDbEntity
67
0
8
8 - ценная историческая застройка конец ХIX - начало ХХ века
62
256
6
ByLayer
370
-1
48
1.0
60
0
100
AcDbPoint
10
1394416.62987231
20
359437.046156182
30
0.0
39
0.0
210
0.0
220
0.0
230
1.0
50
360.0
0
TEXT
5
43A
330
1C
100
AcDbEntity
67
0
8
8 - ценная историческая застройка конец ХIX - начало ХХ века
62
7
6
ByLayer
370
-1
48
1.0
60
0
100
AcDbText
1
520
10
1394416.75900231
20
359437.320594232
30
0.0
40
0.31111111111
41
1.0
50
0.0
51
0.0
7
Standard
11
1394416.75900231
21
359437.320594232
31
0.0
210
0.0
220
0.0
230
1.0
71
0
72
0
100
AcDbText
73
0
0
POINT
5
43B
330
1C
100
AcDbEntity
67
0
8
8 - ценная историческая застройка конец ХIX - начало ХХ века
62
256
6
ByLayer
370
-1
48
1.0
60
0
100
AcDbPoint
10
1394418.47974688
20
359436.515344685
30
0.0
39
0.0
210
0.0
220
0.0
230
1.0
50
360.0
0
TEXT
5
43C
330
1C
100
AcDbEntity
67
0
8
8 - ценная историческая застройка конец ХIX - начало ХХ века
62
7
6
ByLayer
370
-1
48
1.0
60
0
100
AcDbText
1
521
10
1394418.60887688
20
359436.789782736
30
0.0
40
0.31111111111
41
1.0
50
0.0
51
0.0
7
Standard
11
1394418.60887688
21
359436.789782736
31
0.0
210
0.0
220
0.0
230
1.0
71
0
72
0
100
AcDbText
73
0
0
POINT
5
43D
330
1C
100
AcDbEntity
67
0
8
8 - ценная историческая застройка конец ХIX - начало ХХ века
62
256
6
ByLayer
370
-1
48
1.0
60
0
100
AcDbPoint
10
1394415.86110402
20
359425.660529087
30
0.0
39
0.0
210
0.0
220
0.0
230
1.0
50
360.0
0
TEXT
5
43E
330
1C
100
AcDbEntity
67
0
8
8 - ценная историческая застройка конец ХIX - начало ХХ века
62
7
6
ByLayer
370
-1
48
1.0
60
0
100
AcDbText
1
522
10
1394415.99023405
20
359425.934967135
30
0.0
40
0.31111111111
41
1.0
50
0.0
51
0.0
7
Standard
11
1394415.99023405
21
359425.934967135
31
0.0
210
0.0
220
0.0
230
1.0
71
0
72
0
100
AcDbText
73
0
0
POINT
5
43F
330
1C
100
AcDbEntity
67
0
8
8 - ценная историческая застройка конец ХIX - начало ХХ века
62
256
6
ByLayer
370
-1
48
1.0
60
0
100
AcDbPoint
10
1394436.30343628
20
359420.83904263
30
0.0
39
0.0
210
0.0
220
0.0
230
1.0
50
360.0
0
TEXT
5
440
330
1C
100
AcDbEntity
67
0
8
8 - ценная историческая застройка конец ХIX - начало ХХ века
62
7
6
ByLayer
370
-1
48
1.0
60
0
100
AcDbText
1
523
10
1394436.43256631
20
359421.113480715
30
0.0
40
0.31111111111
41
1.0
50
0.0
51
0.0
7
Standard
11
1394436.43256631
21
359421.113480715
31
0.0
210
0.0
220
0.0
230
1.0
71
0
72
0
100
AcDbText
73
0
0
POINT
5
441
330
1C
100
AcDbEntity
67
0
8
8 - ценная историческая застройка конец ХIX - начало ХХ века
62
256
6
ByLayer
370
-1
48
1.0
60
0
100
AcDbPoint
10
1390717.07933897
20
355076.201102207
30
0.0
39
0.0
210
0.0
220
0.0
230
1.0
50
360.0
0
TEXT
5
442
330
1C
100
AcDbEntity
67
0
8
8 - ценная историческая застройка конец ХIX - начало ХХ века
62
7
6
ByLayer
370
-1
48
1.0
60
0
100
AcDbText
1
524
10
1390717.20847702
20
355076.475533615
30
0.0
40
0.31111111111
41
1.0
50
0.0
51
0.0
7
Standard
11
1390717.20847702
21
355076.475533615
31
0.0
210
0.0
220
0.0
230
1.0
71
0
72
0
100
AcDbText
73
0
0
POINT
5
443
330
1C
100
AcDbEntity
67
0
8
8 - ценная историческая застройка конец ХIX - начало ХХ века
62
256
6
ByLayer
370
-1
48
1.0
60
0
100
AcDbPoint
10
1390703.07959598
20
355075.986922916
30
0.0
39
0.0
210
0.0
220
0.0
230
1.0
50
360.0
0
TEXT
5
444
330
1C
100
AcDbEntity
67
0
8
8 - ценная историческая застройка конец ХIX - начало ХХ века
62
7
6
ByLayer
370
-1
48
1.0
60
0
100
AcDbText
1
525
10
1390703.20873403
20
355076.261354295
30
0.0
40
0.31111111111
41
1.0
50
0.0
51
0.0
7
Standard
11
1390703.20873403
21
355076.261354295
31
0.0
210
0.0
220
0.0
230
1.0
71
0
72
0
100
AcDbText
73
0
0
POINT
5
445
330
1C
100
AcDbEntity
67
0
8
8 - ценная историческая застройка конец ХIX - начало ХХ века
62
256
6
ByLayer
370
-1
48
1.0
60
0
100
AcDbPoint
10
1390703.14079004
20
355071.986996413
30
0.0
39
0.0
210
0.0
220
0.0
230
1.0
50
360.0
0
TEXT
5
446
330
1C
100
AcDbEntity
67
0
8
8 - ценная историческая застройка конец ХIX - начало ХХ века
62
7
6
ByLayer
370
-1
48
1.0
60
0
100
AcDbText
1
526
10
1390703.2699281
20
355072.261427799
30
0.0
40
0.31111111111
41
1.0
50
0.0
51
0.0
7
Standard
11
1390703.2699281
21
355072.261427799
31
0.0
210
0.0
220
0.0
230
1.0
71
0
72
0
100
AcDbText
73
0
0
POINT
5
447
330
1C
100
AcDbEntity
67
0
8
8 - ценная историческая застройка конец ХIX - начало ХХ века
62
256
6
ByLayer
370
-1
48
1.0
60
0
100
AcDbPoint
10
1390717.14053303
20
355072.201175564
30
0.0
39
0.0
210
0.0
220
0.0
230
1.0
50
360.0
0
TEXT
5
448
330
1C
100
AcDbEntity
67
0
8
8 - ценная историческая застройка конец ХIX - начало ХХ века
62
7
6
ByLayer
370
-1
48
1.0
60
0
100
AcDbText
1
527
10
1390717.26967109
20
355072.475606973
30
0.0
40
0.31111111111
41
1.0
50
0.0
51
0.0
7
Standard
11
1390717.26967109
21
355072.475606973
31
0.0
210
0.0
220
0.0
230
1.0
71
0
72
0
100
AcDbText
73
0
0
POINT
5
449
330
1C
100
AcDbEntity
67
0
8
8 - ценная историческая застройка конец ХIX - начало ХХ века
62
256
6
ByLayer
370
-1
48
1.0
60
0
100
AcDbPoint
10
1394581.12457775
20
359196.738386961
30
0.0
39
0.0
210
0.0
220
0.0
230
1.0
50
360.0
0
TEXT
5
44A
330
1C
100
AcDbEntity
67
0
8
8 - ценная историческая застройка конец ХIX - начало ХХ века
62
7
6
ByLayer
370
-1
48
1.0
60
0
100
AcDbText
1
528
10
1394581.25370819
20
359197.012825315
30
0.0
40
0.31111111111
41
1.0
50
0.0
51
0.0
7
Standard
11
1394581.25370819
21
359197.012825315
31
0.0
210
0.0
220
0.0
230
1.0
71
0
72
0
100
AcDbText
73
0
0
POINT
5
44B
330
1C
100
AcDbEntity
67
0
8
8 - ценная историческая застройка конец ХIX - начало ХХ века
62
256
6
ByLayer
370
-1
48
1.0
60
0
100
AcDbPoint
10
1394583.14999021
20
359205.234883337
30
0.0
39
0.0
210
0.0
220
0.0
230
1.0
50
360.0
0
TEXT
5
44C
330
1C
100
AcDbEntity
67
0
8
8 - ценная историческая застройка конец ХIX - начало ХХ века
62
7
6
ByLayer
370
-1
48
1.0
60
0
100
AcDbText
1
529
10
1394583.27912063
20
359205.509321693
30
0.0
40
0.31111111111
41
1.0
50
0.0
51
0.0
7
Standard
11
1394583.27912063
21
359205.509321693
31
0.0
210
0.0
220
0.0
230
1.0
71
0
72
0
100
AcDbText
73
0
0
POINT
5
44D
330
1C
100
AcDbEntity
67
0
8
8 - ценная историческая застройка конец ХIX - начало ХХ века
62
256
6
ByLayer
370
-1
48
1.0
60
0
100
AcDbPoint
10
1394583.54536307
20
359205.140633538
30
0.0
39
0.0
210
0.0
220
0.0
230
1.0
50
360.0
0
TEXT
5
44E
330
1C
100
AcDbEntity
67
0
8
8 - ценная историческая застройка конец ХIX - начало ХХ века
62
7
6
ByLayer
370
-1
48
1.0
60
0
100
AcDbText
1
530
10
1394583.67449349
20
359205.415071898
30
0.0
40
0.31111111111
41
1.0
50
0.0
51
0.0
7
Standard
11
1394583.67449349
21
359205.415071898
31
0.0
210
0.0
220
0.0
230
1.0
71
0
72
0
100
AcDbText
73
0
0
POINT
5
44F
330
1C
100
AcDbEntity
67
0
8
8 - ценная историческая застройка конец ХIX - начало ХХ века
62
256
6
ByLayer
370
-1
48
1.0
60
0
100
AcDbPoint
10
1394586.37031171
20
359216.991142591
30
0.0
39
0.0
210
0.0
220
0.0
230
1.0
50
360.0
0
TEXT
5
450
330
1C
100
AcDbEntity
67
0
8
8 - ценная историческая застройка конец ХIX - начало ХХ века
62
7
6
ByLayer
370
-1
48
1.0
60
0
100
AcDbText
1
531
10
1394586.49944211
20
359217.265580956
30
0.0
40
0.31111111111
41
1.0
50
0.0
51
0.0
7
Standard
11
1394586.49944211
21
359217.265580956
31
0.0
210
0.0
220
0.0
230
1.0
71
0
72
0
100
AcDbText
73
0
0
POINT
5
451
330
1C
100
AcDbEntity
67
0
8
8 - ценная историческая застройка конец ХIX - начало ХХ века
62
256
6
ByLayer
370
-1
48
1.0
60
0
100
AcDbPoint
10
1394585.97493885
20
359217.08539238
30
0.0
39
0.0
210
0.0
220
0.0
230
1.0
50
360.0
0
TEXT
5
452
330
1C
100
AcDbEntity
67
0
8
8 - ценная историческая застройка конец ХIX - начало ХХ века
62
7
6
ByLayer
370
-1
48
1.0
60
0
100
AcDbText
1
532
10
1394586.10406924
20
359217.359830744
30
0.0
40
0.31111111111
41
1.0
50
0.0
51
0.0
7
Standard
11
1394586.10406924
21
359217.359830744
31
0.0
210
0.0
220
0.0
230
1.0
71
0
72
0
100
AcDbText
73
0
0
POINT
5
453
330
1C
100
AcDbEntity
67
0
8
8 - ценная историческая застройка конец ХIX - начало ХХ века
62
256
6
ByLayer
370
-1
48
1.0
60
0
100
AcDbPoint
10
1394588.0626273
20
359225.843135238
30
0.0
39
0.0
210
0.0
220
0.0
230
1.0
50
360.0
0
TEXT
5
454
330
1C
100
AcDbEntity
67
0
8
8 - ценная историческая застройка конец ХIX - начало ХХ века
62
7
6
ByLayer
370
-1
48
1.0
60
0
100
AcDbText
1
533
10
1394588.19175768
20
359226.117573604
30
0.0
40
0.31111111111
41
1.0
50
0.0
51
0.0
7
Standard
11
1394588.19175768
21
359226.117573604
31
0.0
210
0.0
220
0.0
230
1.0
71
0
72
0
100
AcDbText
73
0
0
POINT
5
455
330
1C
100
AcDbEntity
67
0
8
8 - ценная историческая застройка конец ХIX - начало ХХ века
62
256
6
ByLayer
370
-1
48
1.0
60
0
100
AcDbPoint
10
1394572.33725263
20
359229.591781578
30
0.0
39
0.0
210
0.0
220
0.0
230
1.0
50
360.0
0
TEXT
5
456
330
1C
100
AcDbEntity
67
0
8
8 - ценная историческая застройка конец ХIX - начало ХХ века
62
7
6
ByLayer
370
-1
48
1.0
60
0
100
AcDbText
1
534
10
1394572.46638301
20
359229.866219917
30
0.0
40
0.31111111111
41
1.0
50
0.0
51
0.0
7
Standard
11
1394572.46638301
21
359229.866219917
31
0.0
210
0.0
220
0.0
230
1.0
71
0
72
0
100
AcDbText
73
0
0
POINT
5
457
330
1C
100
AcDbEntity
67
0
8
8 - ценная историческая застройка конец ХIX - начало ХХ века
62
256
6
ByLayer
370
-1
48
1.0
60
0
100
AcDbPoint
10
1394565.39920365
20
359200.487034407
30
0.0
39
0.0
210
0.0
220
0.0
230
1.0
50
360.0
0
TEXT
5
458
330
1C
100
AcDbEntity
67
0
8
8 - ценная историческая застройка конец ХIX - начало ХХ века
62
7
6
ByLayer
370
-1
48
1.0
60
0
100
AcDbText
1
535
10
1394565.52833408
20
359200.761472735
30
0.0
40
0.31111111111
41
1.0
50
0.0
51
0.0
7
Standard
11
1394565.52833408
21
359200.761472735
31
0.0
210
0.0
220
0.0
230
1.0
71
0
72
0
100
AcDbText
73
0
0
POINT
5
459
330
1C
100
AcDbEntity
67
0
8
8 - ценная историческая застройка конец ХIX - начало ХХ века
62
256
6
ByLayer
370
-1
48
1.0
60
0
100
AcDbPoint
10
1394663.05107398
20
359530.692164758
30
0.0
39
0.0
210
0.0
220
0.0
230
1.0
50
360.0
0
TEXT
5
45A
330
1C
100
AcDbEntity
67
0
8
8 - ценная историческая застройка конец ХIX - начало ХХ века
62
7
6
ByLayer
370
-1
48
1.0
60
0
100
AcDbText
1
536
10
1394663.18020381
20
359530.966603256
30
0.0
40
0.31111111111
41
1.0
50
0.0
51
0.0
7
Standard
11
1394663.18020381
21
359530.966603256
31
0.0
210
0.0
220
0.0
230
1.0
71
0
72
0
100
AcDbText
73
0
0
POINT
5
45B
330
1C
100
AcDbEntity
67
0
8
8 - ценная историческая застройка конец ХIX - начало ХХ века
62
256
6
ByLayer
370
-1
48
1.0
60
0
100
AcDbPoint
10
1394720.76543682
20
359516.70859068
30
0.0
39
0.0
210
0.0
220
0.0
230
1.0
50
360.0
0
TEXT
5
45C
330
1C
100
AcDbEntity
67
0
8
8 - ценная историческая застройка конец ХIX - начало ХХ века
62
7
6
ByLayer
370
-1
48
1.0
60
0
100
AcDbText
1
537
10
1394720.89456667
20
359516.983029285
30
0.0
40
0.31111111111
41
1.0
50
0.0
51
0.0
7
Standard
11
1394720.89456667
21
359516.983029285
31
0.0
210
0.0
220
0.0
230
1.0
71
0
72
0
100
AcDbText
73
0
0
POINT
5
45D
330
1C
100
AcDbEntity
67
0
8
8 - ценная историческая застройка конец ХIX - начало ХХ века
62
256
6
ByLayer
370
-1
48
1.0
60
0
100
AcDbPoint
10
1394720.09368779
20
359513.902385242
30
0.0
39
0.0
210
0.0
220
0.0
230
1.0
50
360.0
0
TEXT
5
45E
330
1C
100
AcDbEntity
67
0
8
8 - ценная историческая застройка конец ХIX - начало ХХ века
62
7
6
ByLayer
370
-1
48
1.0
60
0
100
AcDbText
1
538
10
1394720.22281765
20
359514.176823842
30
0.0
40
0.31111111111
41
1.0
50
0.0
51
0.0
7
Standard
11
1394720.22281765
21
359514.176823842
31
0.0
210
0.0
220
0.0
230
1.0
71
0
72
0
100
AcDbText
73
0
0
POINT
5
45F
330
1C
100
AcDbEntity
67
0
8
8 - ценная историческая застройка конец ХIX - начало ХХ века
62
256
6
ByLayer
370
-1
48
1.0
60
0
100
AcDbPoint
10
1394662.42778952
20
359528.079481095
30
0.0
39
0.0
210
0.0
220
0.0
230
1.0
50
360.0
0
TEXT
5
460
330
1C
100
AcDbEntity
67
0
8
8 - ценная историческая застройка конец ХIX - начало ХХ века
62
7
6
ByLayer
370
-1
48
1.0
60
0
100
AcDbText
1
539
10
1394662.55691935
20
359528.353919594
30
0.0
40
0.31111111111
41
1.0
50
0.0
51
0.0
7
Standard
11
1394662.55691935
21
359528.353919594
31
0.0
210
0.0
220
0.0
230
1.0
71
0
72
0
100
AcDbText
73
0
0
POINT
5
461
330
1C
100
AcDbEntity
67
0
8
8 - ценная историческая застройка конец ХIX - начало ХХ века
62
256
6
ByLayer
370
-1
48
1.0
60
0
100
AcDbPoint
10
1394697.18344822
20
359478.905028044
30
0.0
39
0.0
210
0.0
220
0.0
230
1.0
50
360.0
0
TEXT
5
462
330
1C
100
AcDbEntity
67
0
8
8 - ценная историческая застройка конец ХIX - начало ХХ века
62
7
6
ByLayer
370
-1
48
1.0
60
0
100
AcDbText
1
540
10
1394697.31257814
20
359479.179466604
30
0.0
40
0.31111111111
41
1.0
50
0.0
51
0.0
7
Standard
11
1394697.31257814
21
359479.179466604
31
0.0
210
0.0
220
0.0
230
1.0
71
0
72
0
100
AcDbText
73
0
0
POINT
5
463
330
1C
100
AcDbEntity
67
0
8
8 - ценная историческая застройка конец ХIX - начало ХХ века
62
256
6
ByLayer
370
-1
48
1.0
60
0
100
AcDbPoint
10
1394711.66584187
20
359475.704029731
30
0.0
39
0.0
210
0.0
220
0.0
230
1.0
50
360.0
0
TEXT
5
464
330
1C
100
AcDbEntity
67
0
8
8 - ценная историческая застройка конец ХIX - начало ХХ века
62
7
6
ByLayer
370
-1
48
1.0
60
0
100
AcDbText
1
541
10
1394711.79497179
20
359475.978468315
30
0.0
40
0.31111111111
41
1.0
50
0.0
51
0.0
7
Standard
11
1394711.79497179
21
359475.978468315
31
0.0
210
0.0
220
0.0
230
1.0
71
0
72
0
100
AcDbText
73
0
0
POINT
5
465
330
1C
100
AcDbEntity
67
0
8
8 - ценная историческая застройка конец ХIX - начало ХХ века
62
256
6
ByLayer
370
-1
48
1.0
60
0
100
AcDbPoint
10
1394720.10626871
20
359513.793866766
30
0.0
39
0.0
210
0.0
220
0.0
230
1.0
50
360.0
0
TEXT
5
466
330
1C
100
AcDbEntity
67
0
8
8 - ценная историческая застройка конец ХIX - начало ХХ века
62
7
6
ByLayer
370
-1
48
1.0
60
0
100
AcDbText
1
542
10
1394720.23539856
20
359514.068305366
30
0.0
40
0.31111111111
41
1.0
50
0.0
51
0.0
7
Standard
11
1394720.23539856
21
359514.068305366
31
0.0
210
0.0
220
0.0
230
1.0
71
0
72
0
100
AcDbText
73
0
0
POINT
5
467
330
1C
100
AcDbEntity
67
0
8
8 - ценная историческая застройка конец ХIX - начало ХХ века
62
256
6
ByLayer
370
-1
48
1.0
60
0
100
AcDbPoint
10
1394705.62989223
20
359517.368174404
30
0.0
39
0.0
210
0.0
220
0.0
230
1.0
50
360.0
0
TEXT
5
468
330
1C
100
AcDbEntity
67
0
8
8 - ценная историческая застройка конец ХIX - начало ХХ века
62
7
6
ByLayer
370
-1
48
1.0
60
0
100
AcDbText
1
543
10
1394705.75902207
20
359517.642612979
30
0.0
40
0.31111111111
41
1.0
50
0.0
51
0.0
7
Standard
11
1394705.75902207
21
359517.642612979
31
0.0
210
0.0
220
0.0
230
1.0
71
0
72
0
100
AcDbText
73
0
0
POINT
5
469
330
1C
100
AcDbEntity
67
0
8
8 - ценная историческая застройка конец ХIX - начало ХХ века
62
256
6
ByLayer
370
-1
48
1.0
60
0
100
AcDbPoint
10
1394705.35551137
20
359516.256898878
30
0.0
39
0.0
210
0.0
220
0.0
230
1.0
50
360.0
0
TEXT
5
46A
330
1C
100
AcDbEntity
67
0
8
8 - ценная историческая застройка конец ХIX - начало ХХ века
62
7
6
ByLayer
370
-1
48
1.0
60
0
100
AcDbText
1
544
10
1394705.48464123
20
359516.531337455
30
0.0
40
0.31111111111
41
1.0
50
0.0
51
0.0
7
Standard
11
1394705.48464123
21
359516.531337455
31
0.0
210
0.0
220
0.0
230
1.0
71
0
72
0
100
AcDbText
73
0
0
POINT
5
46B
330
1C
100
AcDbEntity
67
0
8
8 - ценная историческая застройка конец ХIX - начало ХХ века
62
256
6
ByLayer
370
-1
48
1.0
60
0
100
AcDbPoint
10
1394700.37392184
20
359517.480696974
30
0.0
39
0.0
210
0.0
220
0.0
230
1.0
50
360.0
0
TEXT
5
46C
330
1C
100
AcDbEntity
67
0
8
8 - ценная историческая застройка конец ХIX - начало ХХ века
62
7
6
ByLayer
370
-1
48
1.0
60
0
100
AcDbText
1
545
10
1394700.50305169
20
359517.755135538
30
0.0
40
0.31111111111
41
1.0
50
0.0
51
0.0
7
Standard
11
1394700.50305169
21
359517.755135538
31
0.0
210
0.0
220
0.0
230
1.0
71
0
72
0
100
AcDbText
73
0
0
POINT
5
46D
330
1C
100
AcDbEntity
67
0
8
8 - ценная историческая застройка конец ХIX - начало ХХ века
62
256
6
ByLayer
370
-1
48
1.0
60
0
100
AcDbPoint
10
1394699.82126276
20
359518.720806373
30
0.0
39
0.0
210
0.0
220
0.0
230
1.0
50
360.0
0
TEXT
5
46E
330
1C
100
AcDbEntity
67
0
8
8 - ценная историческая застройка конец ХIX - начало ХХ века
62
7
6
ByLayer
370
-1
48
1.0
60
0
100
AcDbText
1
546
10
1394699.9503926
20
359518.995244938
30
0.0
40
0.31111111111
41
1.0
50
0.0
51
0.0
7
Standard
11
1394699.9503926
21
359518.995244938
31
0.0
210
0.0
220
0.0
230
1.0
71
0
72
0
100
AcDbText
73
0
0
POINT
5
46F
330
1C
100
AcDbEntity
67
0
8
8 - ценная историческая застройка конец ХIX - начало ХХ века
62
256
6
ByLayer
370
-1
48
1.0
60
0
100
AcDbPoint
10
1394697.00361317
20
359519.453999749
30
0.0
39
0.0
210
0.0
220
0.0
230
1.0
50
360.0
0
TEXT
5
470
330
1C
100
AcDbEntity
67
0
8
8 - ценная историческая застройка конец ХIX - начало ХХ века
62
7
6
ByLayer
370
-1
48
1.0
60
0
100
AcDbText
1
547
10
1394697.13274302
20
359519.728438308
30
0.0
40
0.31111111111
41
1.0
50
0.0
51
0.0
7
Standard
11
1394697.13274302
21
359519.728438308
31
0.0
210
0.0
220
0.0
230
1.0
71
0
72
0
100
AcDbText
73
0
0
POINT
5
471
330
1C
100
AcDbEntity
67
0
8
8 - ценная историческая застройка конец ХIX - начало ХХ века
62
256
6
ByLayer
370
-1
48
1.0
60
0
100
AcDbPoint
10
1394695.94693303
20
359518.563701194
30
0.0
39
0.0
210
0.0
220
0.0
230
1.0
50
360.0
0
TEXT
5
472
330
1C
100
AcDbEntity
67
0
8
8 - ценная историческая застройка конец ХIX - начало ХХ века
62
7
6
ByLayer
370
-1
48
1.0
60
0
100
AcDbText
1
548
10
1394696.07606288
20
359518.838139749
30
0.0
40
0.31111111111
41
1.0
50
0.0
51
0.0
7
Standard
11
1394696.07606288
21
359518.838139749
31
0.0
210
0.0
220
0.0
230
1.0
71
0
72
0
100
AcDbText
73
0
0
POINT
5
473
330
1C
100
AcDbEntity
67
0
8
8 - ценная историческая застройка конец ХIX - начало ХХ века
62
256
6
ByLayer
370
-1
48
1.0
60
0
100
AcDbPoint
10
1394675.10101389
20
359523.663379224
30
0.0
39
0.0
210
0.0
220
0.0
230
1.0
50
360.0
0
TEXT
5
474
330
1C
100
AcDbEntity
67
0
8
8 - ценная историческая застройка конец ХIX - начало ХХ века
62
7
6
ByLayer
370
-1
48
1.0
60
0
100
AcDbText
1
549
10
1394675.23014373
20
359523.937817743
30
0.0
40
0.31111111111
41
1.0
50
0.0
51
0.0
7
Standard
11
1394675.23014373
21
359523.937817743
31
0.0
210
0.0
220
0.0
230
1.0
71
0
72
0
100
AcDbText
73
0
0
POINT
5
475
330
1C
100
AcDbEntity
67
0
8
8 - ценная историческая застройка конец ХIX - начало ХХ века
62
256
6
ByLayer
370
-1
48
1.0
60
0
100
AcDbPoint
10
1394671.31938583
20
359506.942122572
30
0.0
39
0.0
210
0.0
220
0.0
230
1.0
50
360.0
0
TEXT
5
476
330
1C
100
AcDbEntity
67
0
8
8 - ценная историческая застройка конец ХIX - начало ХХ века
62
7
6
ByLayer
370
-1
48
1.0
60
0
100
AcDbText
1
550
10
1394671.4485157
20
359507.216561083
30
0.0
40
0.31111111111
41
1.0
50
0.0
51
0.0
7
Standard
11
1394671.4485157
21
359507.216561083
31
0.0
210
0.0
220
0.0
230
1.0
71
0
72
0
100
AcDbText
73
0
0
POINT
5
477
330
1C
100
AcDbEntity
67
0
8
8 - ценная историческая застройка конец ХIX - начало ХХ века
62
256
6
ByLayer
370
-1
48
1.0
60
0
100
AcDbPoint
10
1394704.39166034
20
359499.267435377
30
0.0
39
0.0
210
0.0
220
0.0
230
1.0
50
360.0
0
TEXT
5
478
330
1C
100
AcDbEntity
67
0
8
8 - ценная историческая застройка конец ХIX - начало ХХ века
62
7
6
ByLayer
370
-1
48
1.0
60
0
100
AcDbText
1
551
10
1394704.52079023
20
359499.54187395
30
0.0
40
0.31111111111
41
1.0
50
0.0
51
0.0
7
Standard
11
1394704.52079023
21
359499.54187395
31
0.0
210
0.0
220
0.0
230
1.0
71
0
72
0
100
AcDbText
73
0
0
POINT
5
479
330
1C
100
AcDbEntity
67
0
8
8 - ценная историческая застройка конец ХIX - начало ХХ века
62
256
6
ByLayer
370
-1
48
1.0
60
0
100
AcDbPoint
10
1394703.52137284
20
359495.399543237
30
0.0
39
0.0
210
0.0
220
0.0
230
1.0
50
360.0
0
TEXT
5
47A
330
1C
100
AcDbEntity
67
0
8
8 - ценная историческая застройка конец ХIX - начало ХХ века
62
7
6
ByLayer
370
-1
48
1.0
60
0
100
AcDbText
1
552
10
1394703.65050272
20
359495.673981803
30
0.0
40
0.31111111111
41
1.0
50
0.0
51
0.0
7
Standard
11
1394703.65050272
21
359495.673981803
31
0.0
210
0.0
220
0.0
230
1.0
71
0
72
0
100
AcDbText
73
0
0
POINT
5
47B
330
1C
100
AcDbEntity
67
0
8
8 - ценная историческая застройка конец ХIX - начало ХХ века
62
256
6
ByLayer
370
-1
48
1.0
60
0
100
AcDbPoint
10
1394701.17149663
20
359495.927009681
30
0.0
39
0.0
210
0.0
220
0.0
230
1.0
50
360.0
0
TEXT
5
47C
330
1C
100
AcDbEntity
67
0
8
8 - ценная историческая застройка конец ХIX - начало ХХ века
62
7
6
ByLayer
370
-1
48
1.0
60
0
100
AcDbText
1
553
10
1394701.30062651
20
359496.201448248
30
0.0
40
0.31111111111
41
1.0
50
0.0
51
0.0
7
Standard
11
1394701.30062651
21
359496.201448248
31
0.0
210
0.0
220
0.0
230
1.0
71
0
72
0
100
AcDbText
73
0
0
POINT
5
47D
330
1C
100
AcDbEntity
67
0
8
8 - ценная историческая застройка конец ХIX - начало ХХ века
62
256
6
ByLayer
370
-1
48
1.0
60
0
100
AcDbPoint
10
1390473.17470756
20
355134.139947939
30
0.0
39
0.0
210
0.0
220
0.0
230
1.0
50
360.0
0
TEXT
5
47E
330
1C
100
AcDbEntity
67
0
8
8 - ценная историческая застройка конец ХIX - начало ХХ века
62
7
6
ByLayer
370
-1
48
1.0
60
0
100
AcDbText
1
554
10
1390473.30384552
20
355134.4143789
30
0.0
40
0.31111111111
41
1.0
50
0.0
51
0.0
7
Standard
11
1390473.30384552
21
355134.4143789
31
0.0
210
0.0
220
0.0
230
1.0
71
0
72
0
100
AcDbText
73
0
0
POINT
5
47F
330
1C
100
AcDbEntity
67
0
8
8 - ценная историческая застройка конец ХIX - начало ХХ века
62
256
6
ByLayer
370
-1
48
1.0
60
0
100
AcDbPoint
10
1390459.17497338
20
355133.925766679
30
0.0
39
0.0
210
0.0
220
0.0
230
1.0
50
360.0
0
TEXT
5
480
330
1C
100
AcDbEntity
67
0
8
8 - ценная историческая застройка конец ХIX - начало ХХ века
62
7
6
ByLayer
370
-1
48
1.0
60
0
100
AcDbText
1
555
10
1390459.30411133
20
355134.200197616
30
0.0
40
0.31111111111
41
1.0
50
0.0
51
0.0
7
Standard
11
1390459.30411133
21
355134.200197616
31
0.0
210
0.0
220
0.0
230
1.0
71
0
72
0
100
AcDbText
73
0
0
POINT
5
481
330
1C
100
AcDbEntity
67
0
8
8 - ценная историческая застройка конец ХIX - начало ХХ века
62
256
6
ByLayer
370
-1
48
1.0
60
0
100
AcDbPoint
10
1390459.236168
20
355129.925842695
30
0.0
39
0.0
210
0.0
220
0.0
230
1.0
50
360.0
0
TEXT
5
482
330
1C
100
AcDbEntity
67
0
8
8 - ценная историческая застройка конец ХIX - начало ХХ века
62
7
6
ByLayer
370
-1
48
1.0
60
0
100
AcDbText
1
556
10
1390459.36530596
20
355130.200273633
30
0.0
40
0.31111111111
41
1.0
50
0.0
51
0.0
7
Standard
11
1390459.36530596
21
355130.200273633
31
0.0
210
0.0
220
0.0
230
1.0
71
0
72
0
100
AcDbText
73
0
0
POINT
5
483
330
1C
100
AcDbEntity
67
0
8
8 - ценная историческая застройка конец ХIX - начало ХХ века
62
256
6
ByLayer
370
-1
48
1.0
60
0
100
AcDbPoint
10
1390473.23590219
20
355130.140023812
30
0.0
39
0.0
210
0.0
220
0.0
230
1.0
50
360.0
0
TEXT
5
484
330
1C
100
AcDbEntity
67
0
8
8 - ценная историческая застройка конец ХIX - начало ХХ века
62
7
6
ByLayer
370
-1
48
1.0
60
0
100
AcDbText
1
557
10
1390473.36504015
20
355130.414454778
30
0.0
40
0.31111111111
41
1.0
50
0.0
51
0.0
7
Standard
11
1390473.36504015
21
355130.414454778
31
0.0
210
0.0
220
0.0
230
1.0
71
0
72
0
100
AcDbText
73
0
0
POINT
5
485
330
1C
100
AcDbEntity
67
0
8
8 - ценная историческая застройка конец ХIX - начало ХХ века
62
256
6
ByLayer
370
-1
48
1.0
60
0
100
AcDbPoint
10
1393527.23402886
20
357984.270202151
30
0.0
39
0.0
210
0.0
220
0.0
230
1.0
50
360.0
0
TEXT
5
486
330
1C
100
AcDbEntity
67
0
8
8 - ценная историческая застройка конец ХIX - начало ХХ века
62
7
6
ByLayer
370
-1
48
1.0
60
0
100
AcDbText
1
558
10
1393527.36316153
20
357984.544638616
30
0.0
40
0.31111111111
41
1.0
50
0.0
51
0.0
7
Standard
11
1393527.36316153
21
357984.544638616
31
0.0
210
0.0
220
0.0
230
1.0
71
0
72
0
100
AcDbText
73
0
0
POINT
5
487
330
1C
100
AcDbEntity
67
0
8
8 - ценная историческая застройка конец ХIX - начало ХХ века
62
256
6
ByLayer
370
-1
48
1.0
60
0
100
AcDbPoint
10
1393519.65028186
20
357977.470409049
30
0.0
39
0.0
210
0.0
220
0.0
230
1.0
50
360.0
0
TEXT
5
488
330
1C
100
AcDbEntity
67
0
8
8 - ценная историческая застройка конец ХIX - начало ХХ века
62
7
6
ByLayer
370
-1
48
1.0
60
0
100
AcDbText
1
559
10
1393519.77941455
20
357977.744845498
30
0.0
40
0.31111111111
41
1.0
50
0.0
51
0.0
7
Standard
11
1393519.77941455
21
357977.744845498
31
0.0
210
0.0
220
0.0
230
1.0
71
0
72
0
100
AcDbText
73
0
0
POINT
5
489
330
1C
100
AcDbEntity
67
0
8
8 - ценная историческая застройка конец ХIX - начало ХХ века
62
256
6
ByLayer
370
-1
48
1.0
60
0
100
AcDbPoint
10
1393515.34418353
20
357982.407906708
30
0.0
39
0.0
210
0.0
220
0.0
230
1.0
50
360.0
0
TEXT
5
48A
330
1C
100
AcDbEntity
67
0
8
8 - ценная историческая застройка конец ХIX - начало ХХ века
62
7
6
ByLayer
370
-1
48
1.0
60
0
100
AcDbText
1
560
10
1393515.47331621
20
357982.682343152
30
0.0
40
0.31111111111
41
1.0
50
0.0
51
0.0
7
Standard
11
1393515.47331621
21
357982.682343152
31
0.0
210
0.0
220
0.0
230
1.0
71
0
72
0
100
AcDbText
73
0
0
POINT
5
48B
330
1C
100
AcDbEntity
67
0
8
8 - ценная историческая застройка конец ХIX - начало ХХ века
62
256
6
ByLayer
370
-1
48
1.0
60
0
100
AcDbPoint
10
1393513.39268293
20
357984.645554047
30
0.0
39
0.0
210
0.0
220
0.0
230
1.0
50
360.0
0
TEXT
5
48C
330
1C
100
AcDbEntity
67
0
8
8 - ценная историческая застройка конец ХIX - начало ХХ века
62
7
6
ByLayer
370
-1
48
1.0
60
0
100
AcDbText
1
561
10
1393513.5218156
20
357984.919990485
30
0.0
40
0.31111111111
41
1.0
50
0.0
51
0.0
7
Standard
11
1393513.5218156
21
357984.919990485
31
0.0
210
0.0
220
0.0
230
1.0
71
0
72
0
100
AcDbText
73
0
0
POINT
5
48D
330
1C
100
AcDbEntity
67
0
8
8 - ценная историческая застройка конец ХIX - начало ХХ века
62
256
6
ByLayer
370
-1
48
1.0
60
0
100
AcDbPoint
10
1393516.7790232
20
357987.546925233
30
0.0
39
0.0
210
0.0
220
0.0
230
1.0
50
360.0
0
TEXT
5
48E
330
1C
100
AcDbEntity
67
0
8
8 - ценная историческая застройка конец ХIX - начало ХХ века
62
7
6
ByLayer
370
-1
48
1.0
60
0
100
AcDbText
1
562
10
1393516.90815587
20
357987.82136168
30
0.0
40
0.31111111111
41
1.0
50
0.0
51
0.0
7
Standard
11
1393516.90815587
21
357987.82136168
31
0.0
210
0.0
220
0.0
230
1.0
71
0
72
0
100
AcDbText
73
0
0
POINT
5
48F
330
1C
100
AcDbEntity
67
0
8
8 - ценная историческая застройка конец ХIX - начало ХХ века
62
256
6
ByLayer
370
-1
48
1.0
60
0
100
AcDbPoint
10
1393521.21684767
20
357991.176742494
30
0.0
39
0.0
210
0.0
220
0.0
230
1.0
50
360.0
0
TEXT
5
490
330
1C
100
AcDbEntity
67
0
8
8 - ценная историческая застройка конец ХIX - начало ХХ века
62
7
6
ByLayer
370
-1
48
1.0
60
0
100
AcDbText
1
563
10
1393521.34598034
20
357991.451178948
30
0.0
40
0.31111111111
41
1.0
50
0.0
51
0.0
7
Standard
11
1393521.34598034
21
357991.451178948
31
0.0
210
0.0
220
0.0
230
1.0
71
0
72
0
100
AcDbText
73
0
0
POINT
5
491
330
1C
100
AcDbEntity
67
0
8
8 - ценная историческая застройка конец ХIX - начало ХХ века
62
256
6
ByLayer
370
-1
48
1.0
60
0
100
AcDbPoint
10
1394585.14569676
20
359016.219310617
30
0.0
39
0.0
210
0.0
220
0.0
230
1.0
50
360.0
0
TEXT
5
492
330
1C
100
AcDbEntity
67
0
8
8 - ценная историческая застройка конец ХIX - начало ХХ века
62
7
6
ByLayer
370
-1
48
1.0
60
0
100
AcDbText
1
564
10
1394585.27482752
20
359016.493748984
30
0.0
40
0.31111111111
41
1.0
50
0.0
51
0.0
7
Standard
11
1394585.27482752
21
359016.493748984
31
0.0
210
0.0
220
0.0
230
1.0
71
0
72
0
100
AcDbText
73
0
0
POINT
5
493
330
1C
100
AcDbEntity
67
0
8
8 - ценная историческая застройка конец ХIX - начало ХХ века
62
256
6
ByLayer
370
-1
48
1.0
60
0
100
AcDbPoint
10
1394594.07712849
20
359014.151229446
30
0.0
39
0.0
210
0.0
220
0.0
230
1.0
50
360.0
0
TEXT
5
494
330
1C
100
AcDbEntity
67
0
8
8 - ценная историческая застройка конец ХIX - начало ХХ века
62
7
6
ByLayer
370
-1
48
1.0
60
0
100
AcDbText
1
565
10
1394594.20625926
20
359014.425667827
30
0.0
40
0.31111111111
41
1.0
50
0.0
51
0.0
7
Standard
11
1394594.20625926
21
359014.425667827
31
0.0
210
0.0
220
0.0
230
1.0
71
0
72
0
100
AcDbText
73
0
0
POINT
5
495
330
1C
100
AcDbEntity
67
0
8
8 - ценная историческая застройка конец ХIX - начало ХХ века
62
256
6
ByLayer
370
-1
48
1.0
60
0
100
AcDbPoint
10
1394592.60830417
20
359007.671571356
30
0.0
39
0.0
210
0.0
220
0.0
230
1.0
50
360.0
0
TEXT
5
496
330
1C
100
AcDbEntity
67
0
8
8 - ценная историческая застройка конец ХIX - начало ХХ века
62
7
6
ByLayer
370
-1
48
1.0
60
0
100
AcDbText
1
566
10
1394592.73743495
20
359007.946009735
30
0.0
40
0.31111111111
41
1.0
50
0.0
51
0.0
7
Standard
11
1394592.73743495
21
359007.946009735
31
0.0
210
0.0
220
0.0
230
1.0
71
0
72
0
100
AcDbText
73
0
0
POINT
5
497
330
1C
100
AcDbEntity
67
0
8
8 - ценная историческая застройка конец ХIX - начало ХХ века
62
256
6
ByLayer
370
-1
48
1.0
60
0
100
AcDbPoint
10
1394600.07763367
20
359005.865484845
30
0.0
39
0.0
210
0.0
220
0.0
230
1.0
50
360.0
0
TEXT
5
498
330
1C
100
AcDbEntity
67
0
8
8 - ценная историческая застройка конец ХIX - начало ХХ века
62
7
6
ByLayer
370
-1
48
1.0
60
0
100
AcDbText
1
567
10
1394600.20676445
20
359006.139923238
30
0.0
40
0.31111111111
41
1.0
50
0.0
51
0.0
7
Standard
11
1394600.20676445
21
359006.139923238
31
0.0
210
0.0
220
0.0
230
1.0
71
0
72
0
100
AcDbText
73
0
0
POINT
5
499
330
1C
100
AcDbEntity
67
0
8
8 - ценная историческая застройка конец ХIX - начало ХХ века
62
256
6
ByLayer
370
-1
48
1.0
60
0
100
AcDbPoint
10
1394589.32410124
20
358959.857983814
30
0.0
39
0.0
210
0.0
220
0.0
230
1.0
50
360.0
0
TEXT
5
49A
330
1C
100
AcDbEntity
67
0
8
8 - ценная историческая застройка конец ХIX - начало ХХ века
62
7
6
ByLayer
370
-1
48
1.0
60
0
100
AcDbText
1
568
10
1394589.45323211
20
358960.13242219
30
0.0
40
0.31111111111
41
1.0
50
0.0
51
0.0
7
Standard
11
1394589.45323211
21
358960.13242219
31
0.0
210
0.0
220
0.0
230
1.0
71
0
72
0
100
AcDbText
73
0
0
POINT
5
49B
330
1C
100
AcDbEntity
67
0
8
8 - ценная историческая застройка конец ХIX - начало ХХ века
62
256
6
ByLayer
370
-1
48
1.0
60
0
100
AcDbPoint
10
1394578.63357247
20
358962.042388673
30
0.0
39
0.0
210
0.0
220
0.0
230
1.0
50
360.0
0
TEXT
5
49C
330
1C
100
AcDbEntity
67
0
8
8 - ценная историческая застройка конец ХIX - начало ХХ века
62
7
6
ByLayer
370
-1
48
1.0
60
0
100
AcDbText
1
569
10
1394578.76270333
20
358962.316827031
30
0.0
40
0.31111111111
41
1.0
50
0.0
51
0.0
7
Standard
11
1394578.76270333
21
358962.316827031
31
0.0
210
0.0
220
0.0
230
1.0
71
0
72
0
100
AcDbText
73
0
0
POINT
5
49D
330
1C
100
AcDbEntity
67
0
8
8 - ценная историческая застройка конец ХIX - начало ХХ века
62
256
6
ByLayer
370
-1
48
1.0
60
0
100
AcDbPoint
10
1394576.93591552
20
358954.788930879
30
0.0
39
0.0
210
0.0
220
0.0
230
1.0
50
360.0
0
TEXT
5
49E
330
1C
100
AcDbEntity
67
0
8
8 - ценная историческая застройка конец ХIX - начало ХХ века
62
7
6
ByLayer
370
-1
48
1.0
60
0
100
AcDbText
1
570
10
1394577.0650464
20
358955.063369234
30
0.0
40
0.31111111111
41
1.0
50
0.0
51
0.0
7
Standard
11
1394577.0650464
21
358955.063369234
31
0.0
210
0.0
220
0.0
230
1.0
71
0
72
0
100
AcDbText
73
0
0
POINT
5
49F
330
1C
100
AcDbEntity
67
0
8
8 - ценная историческая застройка конец ХIX - начало ХХ века
62
256
6
ByLayer
370
-1
48
1.0
60
0
100
AcDbPoint
10
1394571.46345894
20
358955.738332756
30
0.0
39
0.0
210
0.0
220
0.0
230
1.0
50
360.0
0
TEXT
5
4A0
330
1C
100
AcDbEntity
67
0
8
8 - ценная историческая застройка конец ХIX - начало ХХ века
62
7
6
ByLayer
370
-1
48
1.0
60
0
100
AcDbText
1
571
10
1394571.59258981
20
358956.012771102
30
0.0
40
0.31111111111
41
1.0
50
0.0
51
0.0
7
Standard
11
1394571.59258981
21
358956.012771102
31
0.0
210
0.0
220
0.0
230
1.0
71
0
72
0
100
AcDbText
73
0
0
POINT
5
4A1
330
1C
100
AcDbEntity
67
0
8
8 - ценная историческая застройка конец ХIX - начало ХХ века
62
256
6
ByLayer
370
-1
48
1.0
60
0
100
AcDbPoint
10
1394577.54330936
20
358982.481099232
30
0.0
39
0.0
210
0.0
220
0.0
230
1.0
50
360.0
0
TEXT
5
4A2
330
1C
100
AcDbEntity
67
0
8
8 - ценная историческая застройка конец ХIX - начало ХХ века
62
7
6
ByLayer
370
-1
48
1.0
60
0
100
AcDbText
1
572
10
1394577.67244019
20
358982.755537587
30
0.0
40
0.31111111111
41
1.0
50
0.0
51
0.0
7
Standard
11
1394577.67244019
21
358982.755537587
31
0.0
210
0.0
220
0.0
230
1.0
71
0
72
0
100
AcDbText
73
0
0
POINT
5
4A3
330
1C
100
AcDbEntity
67
0
8
8 - ценная историческая застройка конец ХIX - начало ХХ века
62
256
6
ByLayer
370
-1
48
1.0
60
0
100
AcDbPoint
10
1394615.99408995
20
359072.543413226
30
0.0
39
0.0
210
0.0
220
0.0
230
1.0
50
360.0
0
TEXT
5
4A4
330
1C
100
AcDbEntity
67
0
8
8 - ценная историческая застройка конец ХIX - начало ХХ века
62
7
6
ByLayer
370
-1
48
1.0
60
0
100
AcDbText
1
573
10
1394616.12322061
20
359072.81785165
30
0.0
40
0.31111111111
41
1.0
50
0.0
51
0.0
7
Standard
11
1394616.12322061
21
359072.81785165
31
0.0
210
0.0
220
0.0
230
1.0
71
0
72
0
100
AcDbText
73
0
0
POINT
5
4A5
330
1C
100
AcDbEntity
67
0
8
8 - ценная историческая застройка конец ХIX - начало ХХ века
62
256
6
ByLayer
370
-1
48
1.0
60
0
100
AcDbPoint
10
1394599.83986768
20
359076.248409413
30
0.0
39
0.0
210
0.0
220
0.0
230
1.0
50
360.0
0
TEXT
5
4A6
330
1C
100
AcDbEntity
67
0
8
8 - ценная историческая застройка конец ХIX - начало ХХ века
62
7
6
ByLayer
370
-1
48
1.0
60
0
100
AcDbText
1
574
10
1394599.96899834
20
359076.522847808
30
0.0
40
0.31111111111
41
1.0
50
0.0
51
0.0
7
Standard
11
1394599.96899834
21
359076.522847808
31
0.0
210
0.0
220
0.0
230
1.0
71
0
72
0
100
AcDbText
73
0
0
POINT
5
4A7
330
1C
100
AcDbEntity
67
0
8
8 - ценная историческая застройка конец ХIX - начало ХХ века
62
256
6
ByLayer
370
-1
48
1.0
60
0
100
AcDbPoint
10
1394587.83686313
20
359026.642825669
30
0.0
39
0.0
210
0.0
220
0.0
230
1.0
50
360.0
0
TEXT
5
4A8
330
1C
100
AcDbEntity
67
0
8
8 - ценная историческая застройка конец ХIX - начало ХХ века
62
7
6
ByLayer
370
-1
48
1.0
60
0
100
AcDbText
1
575
10
1394587.96599388
20
359026.917264044
30
0.0
40
0.31111111111
41
1.0
50
0.0
51
0.0
7
Standard
11
1394587.96599388
21
359026.917264044
31
0.0
210
0.0
220
0.0
230
1.0
71
0
72
0
100
AcDbText
73
0
0
POINT
5
4A9
330
1C
100
AcDbEntity
67
0
8
8 - ценная историческая застройка конец ХIX - начало ХХ века
62
256
6
ByLayer
370
-1
48
1.0
60
0
100
AcDbPoint
10
1394603.77735082
20
359022.925963171
30
0.0
39
0.0
210
0.0
220
0.0
230
1.0
50
360.0
0
TEXT
5
4AA
330
1C
100
AcDbEntity
67
0
8
8 - ценная историческая застройка конец ХIX - начало ХХ века
62
7
6
ByLayer
370
-1
48
1.0
60
0
100
AcDbText
1
576
10
1394603.90648157
20
359023.200401574
30
0.0
40
0.31111111111
41
1.0
50
0.0
51
0.0
7
Standard
11
1394603.90648157
21
359023.200401574
31
0.0
210
0.0
220
0.0
230
1.0
71
0
72
0
100
AcDbText
73
0
0
POINT
5
4AB
330
1C
100
AcDbEntity
67
0
8
8 - ценная историческая застройка конец ХIX - начало ХХ века
62
256
6
ByLayer
370
-1
48
1.0
60
0
100
AcDbPoint
10
1393478.693542
20
357954.578101546
30
0.0
39
0.0
210
0.0
220
0.0
230
1.0
50
360.0
0
TEXT
5
4AC
330
1C
100
AcDbEntity
67
0
8
8 - ценная историческая застройка конец ХIX - начало ХХ века
62
7
6
ByLayer
370
-1
48
1.0
60
0
100
AcDbText
1
577
10
1393478.82267473
20
357954.852537925
30
0.0
40
0.31111111111
41
1.0
50
0.0
51
0.0
7
Standard
11
1393478.82267473
21
357954.852537925
31
0.0
210
0.0
220
0.0
230
1.0
71
0
72
0
100
AcDbText
73
0
0
POINT
5
4AD
330
1C
100
AcDbEntity
67
0
8
8 - ценная историческая застройка конец ХIX - начало ХХ века
62
256
6
ByLayer
370
-1
48
1.0
60
0
100
AcDbPoint
10
1393467.63200491
20
357944.517825058
30
0.0
39
0.0
210
0.0
220
0.0
230
1.0
50
360.0
0
TEXT
5
4AE
330
1C
100
AcDbEntity
67
0
8
8 - ценная историческая застройка конец ХIX - начало ХХ века
62
7
6
ByLayer
370
-1
48
1.0
60
0
100
AcDbText
1
578
10
1393467.76113765
20
357944.792261416
30
0.0
40
0.31111111111
41
1.0
50
0.0
51
0.0
7
Standard
11
1393467.76113765
21
357944.792261416
31
0.0
210
0.0
220
0.0
230
1.0
71
0
72
0
100
AcDbText
73
0
0
POINT
5
4AF
330
1C
100
AcDbEntity
67
0
8
8 - ценная историческая застройка конец ХIX - начало ХХ века
62
256
6
ByLayer
370
-1
48
1.0
60
0
100
AcDbPoint
10
1393460.92447038
20
357952.027960332
30
0.0
39
0.0
210
0.0
220
0.0
230
1.0
50
360.0
0
TEXT
5
4B0
330
1C
100
AcDbEntity
67
0
8
8 - ценная историческая застройка конец ХIX - начало ХХ века
62
7
6
ByLayer
370
-1
48
1.0
60
0
100
AcDbText
1
579
10
1393461.05360312
20
357952.302396678
30
0.0
40
0.31111111111
41
1.0
50
0.0
51
0.0
7
Standard
11
1393461.05360312
21
357952.302396678
31
0.0
210
0.0
220
0.0
230
1.0
71
0
72
0
100
AcDbText
73
0
0
POINT
5
4B1
330
1C
100
AcDbEntity
67
0
8
8 - ценная историческая застройка конец ХIX - начало ХХ века
62
256
6
ByLayer
370
-1
48
1.0
60
0
100
AcDbPoint
10
1393459.27345778
20
357953.876527441
30
0.0
39
0.0
210
0.0
220
0.0
230
1.0
50
360.0
0
TEXT
5
4B2
330
1C
100
AcDbEntity
67
0
8
8 - ценная историческая застройка конец ХIX - начало ХХ века
62
7
6
ByLayer
370
-1
48
1.0
60
0
100
AcDbText
1
580
10
1393459.40259051
20
357954.150963784
30
0.0
40
0.31111111111
41
1.0
50
0.0
51
0.0
7
Standard
11
1393459.40259051
21
357954.150963784
31
0.0
210
0.0
220
0.0
230
1.0
71
0
72
0
100
AcDbText
73
0
0
POINT
5
4B3
330
1C
100
AcDbEntity
67
0
8
8 - ценная историческая застройка конец ХIX - начало ХХ века
62
256
6
ByLayer
370
-1
48
1.0
60
0
100
AcDbPoint
10
1393464.81185432
20
357958.814017035
30
0.0
39
0.0
210
0.0
220
0.0
230
1.0
50
360.0
0
TEXT
5
4B4
330
1C
100
AcDbEntity
67
0
8
8 - ценная историческая застройка конец ХIX - начало ХХ века
62
7
6
ByLayer
370
-1
48
1.0
60
0
100
AcDbText
1
581
10
1393464.94098704
20
357959.088453388
30
0.0
40
0.31111111111
41
1.0
50
0.0
51
0.0
7
Standard
11
1393464.94098704
21
357959.088453388
31
0.0
210
0.0
220
0.0
230
1.0
71
0
72
0
100
AcDbText
73
0
0
POINT
5
4B5
330
1C
100
AcDbEntity
67
0
8
8 - ценная историческая застройка конец ХIX - начало ХХ века
62
256
6
ByLayer
370
-1
48
1.0
60
0
100
AcDbPoint
10
1393470.26802215
20
357963.750248159
30
0.0
39
0.0
210
0.0
220
0.0
230
1.0
50
360.0
0
TEXT
5
4B6
330
1C
100
AcDbEntity
67
0
8
8 - ценная историческая застройка конец ХIX - начало ХХ века
62
7
6
ByLayer
370
-1
48
1.0
60
0
100
AcDbText
1
582
10
1393470.39715486
20
357964.02468452
30
0.0
40
0.31111111111
41
1.0
50
0.0
51
0.0
7
Standard
11
1393470.39715486
21
357964.02468452
31
0.0
210
0.0
220
0.0
230
1.0
71
0
72
0
100
AcDbText
73
0
0
POINT
5
4B7
330
1C
100
AcDbEntity
67
0
8
8 - ценная историческая застройка конец ХIX - начало ХХ века
62
256
6
ByLayer
370
-1
48
1.0
60
0
100
AcDbPoint
10
1394530.99937494
20
358875.30822458
30
0.0
39
0.0
210
0.0
220
0.0
230
1.0
50
360.0
0
TEXT
5
4B8
330
1C
100
AcDbEntity
67
0
8
8 - ценная историческая застройка конец ХIX - начало ХХ века
62
7
6
ByLayer
370
-1
48
1.0
60
0
100
AcDbText
1
583
10
1394531.12850597
20
358875.582662853
30
0.0
40
0.31111111111
41
1.0
50
0.0
51
0.0
7
Standard
11
1394531.12850597
21
358875.582662853
31
0.0
210
0.0
220
0.0
230
1.0
71
0
72
0
100
AcDbText
73
0
0
POINT
5
4B9
330
1C
100
AcDbEntity
67
0
8
8 - ценная историческая застройка конец ХIX - начало ХХ века
62
256
6
ByLayer
370
-1
48
1.0
60
0
100
AcDbPoint
10
1394568.93494044
20
358923.234432272
30
0.0
39
0.0
210
0.0
220
0.0
230
1.0
50
360.0
0
TEXT
5
4BA
330
1C
100
AcDbEntity
67
0
8
8 - ценная историческая застройка конец ХIX - начало ХХ века
62
7
6
ByLayer
370
-1
48
1.0
60
0
100
AcDbText
1
584
10
1394569.06407138
20
358923.508870611
30
0.0
40
0.31111111111
41
1.0
50
0.0
51
0.0
7
Standard
11
1394569.06407138
21
358923.508870611
31
0.0
210
0.0
220
0.0
230
1.0
71
0
72
0
100
AcDbText
73
0
0
POINT
5
4BB
330
1C
100
AcDbEntity
67
0
8
8 - ценная историческая застройка конец ХIX - начало ХХ века
62
256
6
ByLayer
370
-1
48
1.0
60
0
100
AcDbPoint
10
1394581.81048227
20
358913.284997315
30
0.0
39
0.0
210
0.0
220
0.0
230
1.0
50
360.0
0
TEXT
5
4BC
330
1C
100
AcDbEntity
67
0
8
8 - ценная историческая застройка конец ХIX - начало ХХ века
62
7
6
ByLayer
370
-1
48
1.0
60
0
100
AcDbText
1
585
10
1394581.93961323
20
358913.55943568
30
0.0
40
0.31111111111
41
1.0
50
0.0
51
0.0
7
Standard
11
1394581.93961323
21
358913.55943568
31
0.0
210
0.0
220
0.0
230
1.0
71
0
72
0
100
AcDbText
73
0
0
POINT
5
4BD
330
1C
100
AcDbEntity
67
0
8
8 - ценная историческая застройка конец ХIX - начало ХХ века
62
256
6
ByLayer
370
-1
48
1.0
60
0
100
AcDbPoint
10
1394543.85805176
20
358865.229300463
30
0.0
39
0.0
210
0.0
220
0.0
230
1.0
50
360.0
0
TEXT
5
4BE
330
1C
100
AcDbEntity
67
0
8
8 - ценная историческая застройка конец ХIX - начало ХХ века
62
7
6
ByLayer
370
-1
48
1.0
60
0
100
AcDbText
1
586
10
1394543.9871828
20
358865.50373876
30
0.0
40
0.31111111111
41
1.0
50
0.0
51
0.0
7
Standard
11
1394543.9871828
21
358865.50373876
31
0.0
210
0.0
220
0.0
230
1.0
71
0
72
0
100
AcDbText
73
0
0
POINT
5
4BF
330
1C
100
AcDbEntity
67
0
8
8 - ценная историческая застройка конец ХIX - начало ХХ века
62
256
6
ByLayer
370
-1
48
1.0
60
0
100
AcDbPoint
10
1393736.20362607
20
358202.262693608
30
0.0
39
0.0
210
0.0
220
0.0
230
1.0
50
360.0
0
TEXT
5
4C0
330
1C
100
AcDbEntity
67
0
8
8 - ценная историческая застройка конец ХIX - начало ХХ века
62
7
6
ByLayer
370
-1
48
1.0
60
0
100
AcDbText
1
587
10
1393736.33275834
20
358202.537130447
30
0.0
40
0.31111111111
41
1.0
50
0.0
51
0.0
7
Standard
11
1393736.33275834
21
358202.537130447
31
0.0
210
0.0
220
0.0
230
1.0
71
0
72
0
100
AcDbText
73
0
0
POINT
5
4C1
330
1C
100
AcDbEntity
67
0
8
8 - ценная историческая застройка конец ХIX - начало ХХ века
62
256
6
ByLayer
370
-1
48
1.0
60
0
100
AcDbPoint
10
1393757.61616837
20
358223.499299236
30
0.0
39
0.0
210
0.0
220
0.0
230
1.0
50
360.0
0
TEXT
5
4C2
330
1C
100
AcDbEntity
67
0
8
8 - ценная историческая застройка конец ХIX - начало ХХ века
62
7
6
ByLayer
370
-1
48
1.0
60
0
100
AcDbText
1
588
10
1393757.7453006
20
358223.773736115
30
0.0
40
0.31111111111
41
1.0
50
0.0
51
0.0
7
Standard
11
1393757.7453006
21
358223.773736115
31
0.0
210
0.0
220
0.0
230
1.0
71
0
72
0
100
AcDbText
73
0
0
POINT
5
4C3
330
1C
100
AcDbEntity
67
0
8
8 - ценная историческая застройка конец ХIX - начало ХХ века
62
256
6
ByLayer
370
-1
48
1.0
60
0
100
AcDbPoint
10
1393765.5670899
20
358215.482507806
30
0.0
39
0.0
210
0.0
220
0.0
230
1.0
50
360.0
0
TEXT
5
4C4
330
1C
100
AcDbEntity
67
0
8
8 - ценная историческая застройка конец ХIX - начало ХХ века
62
7
6
ByLayer
370
-1
48
1.0
60
0
100
AcDbText
1
589
10
1393765.69622215
20
358215.756944699
30
0.0
40
0.31111111111
41
1.0
50
0.0
51
0.0
7
Standard
11
1393765.69622215
21
358215.756944699
31
0.0
210
0.0
220
0.0
230
1.0
71
0
72
0
100
AcDbText
73
0
0
POINT
5
4C5
330
1C
100
AcDbEntity
67
0
8
8 - ценная историческая застройка конец ХIX - начало ХХ века
62
256
6
ByLayer
370
-1
48
1.0
60
0
100
AcDbPoint
10
1393744.15454673
20
358194.245902189
30
0.0
39
0.0
210
0.0
220
0.0
230
1.0
50
360.0
0
TEXT
5
4C6
330
1C
100
AcDbEntity
67
0
8
8 - ценная историческая застройка конец ХIX - начало ХХ века
62
7
6
ByLayer
370
-1
48
1.0
60
0
100
AcDbText
1
590
10
1393744.28367902
20
358194.520339042
30
0.0
40
0.31111111111
41
1.0
50
0.0
51
0.0
7
Standard
11
1393744.28367902
21
358194.520339042
31
0.0
210
0.0
220
0.0
230
1.0
71
0
72
0
100
AcDbText
73
0
0
POINT
5
4C7
330
1C
100
AcDbEntity
67
0
8
8 - ценная историческая застройка конец ХIX - начало ХХ века
62
256
6
ByLayer
370
-1
48
1.0
60
0
100
AcDbPoint
10
1394321.932777
20
359161.978404542
30
0.0
39
0.0
210
0.0
220
0.0
230
1.0
50
360.0
0
TEXT
5
4C8
330
1C
100
AcDbEntity
67
0
8
8 - ценная историческая застройка конец ХIX - начало ХХ века
62
7
6
ByLayer
370
-1
48
1.0
60
0
100
AcDbText
1
591
10
1394322.0619075
20
359162.252842428
30
0.0
40
0.31111111111
41
1.0
50
0.0
51
0.0
7
Standard
11
1394322.0619075
21
359162.252842428
31
0.0
210
0.0
220
0.0
230
1.0
71
0
72
0
100
AcDbText
73
0
0
POINT
5
4C9
330
1C
100
AcDbEntity
67
0
8
8 - ценная историческая застройка конец ХIX - начало ХХ века
62
256
6
ByLayer
370
-1
48
1.0
60
0
100
AcDbPoint
10
1394326.25292907
20
359178.753198709
30
0.0
39
0.0
210
0.0
220
0.0
230
1.0
50
360.0
0
TEXT
5
4CA
330
1C
100
AcDbEntity
67
0
8
8 - ценная историческая застройка конец ХIX - начало ХХ века
62
7
6
ByLayer
370
-1
48
1.0
60
0
100
AcDbText
1
592
10
1394326.38205954
20
359179.0276366
30
0.0
40
0.31111111111
41
1.0
50
0.0
51
0.0
7
Standard
11
1394326.38205954
21
359179.0276366
31
0.0
210
0.0
220
0.0
230
1.0
71
0
72
0
100
AcDbText
73
0
0
POINT
5
4CB
330
1C
100
AcDbEntity
67
0
8
8 - ценная историческая застройка конец ХIX - начало ХХ века
62
256
6
ByLayer
370
-1
48
1.0
60
0
100
AcDbPoint
10
1394315.75831914
20
359181.409776731
30
0.0
39
0.0
210
0.0
220
0.0
230
1.0
50
360.0
0
TEXT
5
4CC
330
1C
100
AcDbEntity
67
0
8
8 - ценная историческая застройка конец ХIX - начало ХХ века
62
7
6
ByLayer
370
-1
48
1.0
60
0
100
AcDbText
1
593
10
1394315.88744961
20
359181.684214603
30
0.0
40
0.31111111111
41
1.0
50
0.0
51
0.0
7
Standard
11
1394315.88744961
21
359181.684214603
31
0.0
210
0.0
220
0.0
230
1.0
71
0
72
0
100
AcDbText
73
0
0
POINT
5
4CD
330
1C
100
AcDbEntity
67
0
8
8 - ценная историческая застройка конец ХIX - начало ХХ века
62
256
6
ByLayer
370
-1
48
1.0
60
0
100
AcDbPoint
10
1394314.34623324
20
359175.901822687
30
0.0
39
0.0
210
0.0
220
0.0
230
1.0
50
360.0
0
TEXT
5
4CE
330
1C
100
AcDbEntity
67
0
8
8 - ценная историческая застройка конец ХIX - начало ХХ века
62
7
6
ByLayer
370
-1
48
1.0
60
0
100
AcDbText
1
594
10
1394314.47536372
20
359176.176260555
30
0.0
40
0.31111111111
41
1.0
50
0.0
51
0.0
7
Standard
11
1394314.47536372
21
359176.176260555
31
0.0
210
0.0
220
0.0
230
1.0
71
0
72
0
100
AcDbText
73
0
0
POINT
5
4CF
330
1C
100
AcDbEntity
67
0
8
8 - ценная историческая застройка конец ХIX - начало ХХ века
62
256
6
ByLayer
370
-1
48
1.0
60
0
100
AcDbPoint
10
1394311.04225504
20
359176.790413726
30
0.0
39
0.0
210
0.0
220
0.0
230
1.0
50
360.0
0
TEXT
5
4D0
330
1C
100
AcDbEntity
67
0
8
8 - ценная историческая застройка конец ХIX - начало ХХ века
62
7
6
ByLayer
370
-1
48
1.0
60
0
100
AcDbText
1
595
10
1394311.17138552
20
359177.064851592
30
0.0
40
0.31111111111
41
1.0
50
0.0
51
0.0
7
Standard
11
1394311.17138552
21
359177.064851592
31
0.0
210
0.0
220
0.0
230
1.0
71
0
72
0
100
AcDbText
73
0
0
POINT
5
4D1
330
1C
100
AcDbEntity
67
0
8
8 - ценная историческая застройка конец ХIX - начало ХХ века
62
256
6
ByLayer
370
-1
48
1.0
60
0
100
AcDbPoint
10
1394309.64352642
20
359171.111962107
30
0.0
39
0.0
210
0.0
220
0.0
230
1.0
50
360.0
0
TEXT
5
4D2
330
1C
100
AcDbEntity
67
0
8
8 - ценная историческая застройка конец ХIX - начало ХХ века
62
7
6
ByLayer
370
-1
48
1.0
60
0
100
AcDbText
1
596
10
1394309.77265691
20
359171.386399967
30
0.0
40
0.31111111111
41
1.0
50
0.0
51
0.0
7
Standard
11
1394309.77265691
21
359171.386399967
31
0.0
210
0.0
220
0.0
230
1.0
71
0
72
0
100
AcDbText
73
0
0
POINT
5
4D3
330
1C
100
AcDbEntity
67
0
8
8 - ценная историческая застройка конец ХIX - начало ХХ века
62
256
6
ByLayer
370
-1
48
1.0
60
0
100
AcDbPoint
10
1394312.8838766
20
359170.197783949
30
0.0
39
0.0
210
0.0
220
0.0
230
1.0
50
360.0
0
TEXT
5
4D4
330
1C
100
AcDbEntity
67
0
8
8 - ценная историческая застройка конец ХIX - начало ХХ века
62
7
6
ByLayer
370
-1
48
1.0
60
0
100
AcDbText
1
597
10
1394313.01300709
20
359170.472221814
30
0.0
40
0.31111111111
41
1.0
50
0.0
51
0.0
7
Standard
11
1394313.01300709
21
359170.472221814
31
0.0
210
0.0
220
0.0
230
1.0
71
0
72
0
100
AcDbText
73
0
0
POINT
5
4D5
330
1C
100
AcDbEntity
67
0
8
8 - ценная историческая застройка конец ХIX - начало ХХ века
62
256
6
ByLayer
370
-1
48
1.0
60
0
100
AcDbPoint
10
1394311.43388228
20
359164.541965746
30
0.0
39
0.0
210
0.0
220
0.0
230
1.0
50
360.0
0
TEXT
5
4D6
330
1C
100
AcDbEntity
67
0
8
8 - ценная историческая застройка конец ХIX - начало ХХ века
62
7
6
ByLayer
370
-1
48
1.0
60
0
100
AcDbText
1
598
10
1394311.56301278
20
359164.816403609
30
0.0
40
0.31111111111
41
1.0
50
0.0
51
0.0
7
Standard
11
1394311.56301278
21
359164.816403609
31
0.0
210
0.0
220
0.0
230
1.0
71
0
72
0
100
AcDbText
73
0
0
POINT
5
4D7
330
1C
100
AcDbEntity
67
0
8
8 - ценная историческая застройка конец ХIX - начало ХХ века
62
256
6
ByLayer
370
-1
48
1.0
60
0
100
AcDbPoint
10
1394715.29152684
20
359143.209937824
30
0.0
39
0.0
210
0.0
220
0.0
230
1.0
50
360.0
0
TEXT
5
4D8
330
1C
100
AcDbEntity
67
0
8
8 - ценная историческая застройка конец ХIX - начало ХХ века
62
7
6
ByLayer
370
-1
48
1.0
60
0
100
AcDbText
1
599
10
1394715.42065737
20
359143.484376424
30
0.0
40
0.31111111111
41
1.0
50
0.0
51
0.0
7
Standard
11
1394715.42065737
21
359143.484376424
31
0.0
210
0.0
220
0.0
230
1.0
71
0
72
0
100
AcDbText
73
0
0
POINT
5
4D9
330
1C
100
AcDbEntity
67
0
8
8 - ценная историческая застройка конец ХIX - начало ХХ века
62
256
6
ByLayer
370
-1
48
1.0
60
0
100
AcDbPoint
10
1394728.63081739
20
359139.533274554
30
0.0
39
0.0
210
0.0
220
0.0
230
1.0
50
360.0
0
TEXT
5
4DA
330
1C
100
AcDbEntity
67
0
8
8 - ценная историческая застройка конец ХIX - начало ХХ века
62
7
6
ByLayer
370
-1
48
1.0
60
0
100
AcDbText
1
600
10
1394728.75994792
20
359139.807713176
30
0.0
40
0.31111111111
41
1.0
50
0.0
51
0.0
7
Standard
11
1394728.75994792
21
359139.807713176
31
0.0
210
0.0
220
0.0
230
1.0
71
0
72
0
100
AcDbText
73
0
0
POINT
5
4DB
330
1C
100
AcDbEntity
67
0
8
8 - ценная историческая застройка конец ХIX - начало ХХ века
62
256
6
ByLayer
370
-1
48
1.0
60
0
100
AcDbPoint
10
1394727.40834105
20
359135.103561875
30
0.0
39
0.0
210
0.0
220
0.0
230
1.0
50
360.0
0
TEXT
5
4DC
330
1C
100
AcDbEntity
67
0
8
8 - ценная историческая застройка конец ХIX - начало ХХ века
62
7
6
ByLayer
370
-1
48
1.0
60
0
100
AcDbText
1
601
10
1394727.5374716
20
359135.3780005
30
0.0
40
0.31111111111
41
1.0
50
0.0
51
0.0
7
Standard
11
1394727.5374716
21
359135.3780005
31
0.0
210
0.0
220
0.0
230
1.0
71
0
72
0
100
AcDbText
73
0
0
POINT
5
4DD
330
1C
100
AcDbEntity
67
0
8
8 - ценная историческая застройка конец ХIX - начало ХХ века
62
256
6
ByLayer
370
-1
48
1.0
60
0
100
AcDbPoint
10
1394714.06905059
20
359138.780225288
30
0.0
39
0.0
210
0.0
220
0.0
230
1.0
50
360.0
0
TEXT
5
4DE
330
1C
100
AcDbEntity
67
0
8
8 - ценная историческая застройка конец ХIX - начало ХХ века
62
7
6
ByLayer
370
-1
48
1.0
60
0
100
AcDbText
1
602
10
1394714.19818113
20
359139.054663887
30
0.0
40
0.31111111111
41
1.0
50
0.0
51
0.0
7
Standard
11
1394714.19818113
21
359139.054663887
31
0.0
210
0.0
220
0.0
230
1.0
71
0
72
0
100
AcDbText
73
0
0
POINT
5
4DF
330
1C
100
AcDbEntity
67
0
8
8 - ценная историческая застройка конец ХIX - начало ХХ века
62
256
6
ByLayer
370
-1
48
1.0
60
0
100
AcDbPoint
10
1394718.35082779
20
359130.233828666
30
0.0
39
0.0
210
0.0
220
0.0
230
1.0
50
360.0
0
TEXT
5
4E0
330
1C
100
AcDbEntity
67
0
8
8 - ценная историческая застройка конец ХIX - начало ХХ века
62
7
6
ByLayer
370
-1
48
1.0
60
0
100
AcDbText
1
603
10
1394718.47995835
20
359130.508267275
30
0.0
40
0.31111111111
41
1.0
50
0.0
51
0.0
7
Standard
11
1394718.47995835
21
359130.508267275
31
0.0
210
0.0
220
0.0
230
1.0
71
0
72
0
100
AcDbText
73
0
0
POINT
5
4E1
330
1C
100
AcDbEntity
67
0
8
8 - ценная историческая застройка конец ХIX - начало ХХ века
62
256
6
ByLayer
370
-1
48
1.0
60
0
100
AcDbPoint
10
1394725.30184853
20
359128.309784101
30
0.0
39
0.0
210
0.0
220
0.0
230
1.0
50
360.0
0
TEXT
5
4E2
330
1C
100
AcDbEntity
67
0
8
8 - ценная историческая застройка конец ХIX - начало ХХ века
62
7
6
ByLayer
370
-1
48
1.0
60
0
100
AcDbText
1
604
10
1394725.43097909
20
359128.584222724
30
0.0
40
0.31111111111
41
1.0
50
0.0
51
0.0
7
Standard
11
1394725.43097909
21
359128.584222724
31
0.0
210
0.0
220
0.0
230
1.0
71
0
72
0
100
AcDbText
73
0
0
POINT
5
4E3
330
1C
100
AcDbEntity
67
0
8
8 - ценная историческая застройка конец ХIX - начало ХХ века
62
256
6
ByLayer
370
-1
48
1.0
60
0
100
AcDbPoint
10
1394722.02267684
20
359116.446911449
30
0.0
39
0.0
210
0.0
220
0.0
230
1.0
50
360.0
0
TEXT
5
4E4
330
1C
100
AcDbEntity
67
0
8
8 - ценная историческая застройка конец ХIX - начало ХХ века
62
7
6
ByLayer
370
-1
48
1.0
60
0
100
AcDbText
1
605
10
1394722.15180742
20
359116.721350063
30
0.0
40
0.31111111111
41
1.0
50
0.0
51
0.0
7
Standard
11
1394722.15180742
21
359116.721350063
31
0.0
210
0.0
220
0.0
230
1.0
71
0
72
0
100
AcDbText
73
0
0
POINT
5
4E5
330
1C
100
AcDbEntity
67
0
8
8 - ценная историческая застройка конец ХIX - начало ХХ века
62
256
6
ByLayer
370
-1
48
1.0
60
0
100
AcDbPoint
10
1394715.07165622
20
359118.370956209
30
0.0
39
0.0
210
0.0
220
0.0
230
1.0
50
360.0
0
TEXT
5
4E6
330
1C
100
AcDbEntity
67
0
8
8 - ценная историческая застройка конец ХIX - начало ХХ века
62
7
6
ByLayer
370
-1
48
1.0
60
0
100
AcDbText
1
606
10
1394715.2007868
20
359118.64539481
30
0.0
40
0.31111111111
41
1.0
50
0.0
51
0.0
7
Standard
11
1394715.2007868
21
359118.64539481
31
0.0
210
0.0
220
0.0
230
1.0
71
0
72
0
100
AcDbText
73
0
0
POINT
5
4E7
330
1C
100
AcDbEntity
67
0
8
8 - ценная историческая застройка конец ХIX - начало ХХ века
62
256
6
ByLayer
370
-1
48
1.0
60
0
100
AcDbPoint
10
1394369.44210435
20
359058.627391851
30
0.0
39
0.0
210
0.0
220
0.0
230
1.0
50
360.0
0
TEXT
5
4E8
330
1C
100
AcDbEntity
67
0
8
8 - ценная историческая застройка конец ХIX - начало ХХ века
62
7
6
ByLayer
370
-1
48
1.0
60
0
100
AcDbText
1
607
10
1394369.57123504
20
359058.901829821
30
0.0
40
0.31111111111
41
1.0
50
0.0
51
0.0
7
Standard
11
1394369.57123504
21
359058.901829821
31
0.0
210
0.0
220
0.0
230
1.0
71
0
72
0
100
AcDbText
73
0
0
POINT
5
4E9
330
1C
100
AcDbEntity
67
0
8
8 - ценная историческая застройка конец ХIX - начало ХХ века
62
256
6
ByLayer
370
-1
48
1.0
60
0
100
AcDbPoint
10
1394366.88582751
20
359047.694804421
30
0.0
39
0.0
210
0.0
220
0.0
230
1.0
50
360.0
0
TEXT
5
4EA
330
1C
100
AcDbEntity
67
0
8
8 - ценная историческая застройка конец ХIX - начало ХХ века
62
7
6
ByLayer
370
-1
48
1.0
60
0
100
AcDbText
1
608
10
1394367.01495822
20
359047.969242387
30
0.0
40
0.31111111111
41
1.0
50
0.0
51
0.0
7
Standard
11
1394367.01495822
21
359047.969242387
31
0.0
210
0.0
220
0.0
230
1.0
71
0
72
0
100
AcDbText
73
0
0
POINT
5
4EB
330
1C
100
AcDbEntity
67
0
8
8 - ценная историческая застройка конец ХIX - начало ХХ века
62
256
6
ByLayer
370
-1
48
1.0
60
0
100
AcDbPoint
10
1394380.40897535
20
359044.600804176
30
0.0
39
0.0
210
0.0
220
0.0
230
1.0
50
360.0
0
TEXT
5
4EC
330
1C
100
AcDbEntity
67
0
8
8 - ценная историческая застройка конец ХIX - начало ХХ века
62
7
6
ByLayer
370
-1
48
1.0
60
0
100
AcDbText
1
609
10
1394380.53810607
20
359044.875242172
30
0.0
40
0.31111111111
41
1.0
50
0.0
51
0.0
7
Standard
11
1394380.53810607
21
359044.875242172
31
0.0
210
0.0
220
0.0
230
1.0
71
0
72
0
100
AcDbText
73
0
0
POINT
5
4ED
330
1C
100
AcDbEntity
67
0
8
8 - ценная историческая застройка конец ХIX - начало ХХ века
62
256
6
ByLayer
370
-1
48
1.0
60
0
100
AcDbPoint
10
1394382.11582256
20
359052.061032324
30
0.0
39
0.0
210
0.0
220
0.0
230
1.0
50
360.0
0
TEXT
5
4EE
330
1C
100
AcDbEntity
67
0
8
8 - ценная историческая застройка конец ХIX - начало ХХ века
62
7
6
ByLayer
370
-1
48
1.0
60
0
100
AcDbText
1
610
10
1394382.24495326
20
359052.33547032
30
0.0
40
0.31111111111
41
1.0
50
0.0
51
0.0
7
Standard
11
1394382.24495326
21
359052.33547032
31
0.0
210
0.0
220
0.0
230
1.0
71
0
72
0
100
AcDbText
73
0
0
POINT
5
4EF
330
1C
100
AcDbEntity
67
0
8
8 - ценная историческая застройка конец ХIX - начало ХХ века
62
256
6
ByLayer
370
-1
48
1.0
60
0
100
AcDbPoint
10
1394375.87020422
20
359053.489985358
30
0.0
39
0.0
210
0.0
220
0.0
230
1.0
50
360.0
0
TEXT
5
4F0
330
1C
100
AcDbEntity
67
0
8
8 - ценная историческая застройка конец ХIX - начало ХХ века
62
7
6
ByLayer
370
-1
48
1.0
60
0
100
AcDbText
1
611
10
1394375.99933493
20
359053.764423343
30
0.0
40
0.31111111111
41
1.0
50
0.0
51
0.0
7
Standard
11
1394375.99933493
21
359053.764423343
31
0.0
210
0.0
220
0.0
230
1.0
71
0
72
0
100
AcDbText
73
0
0
POINT
5
4F1
330
1C
100
AcDbEntity
67
0
8
8 - ценная историческая застройка конец ХIX - начало ХХ века
62
256
6
ByLayer
370
-1
48
1.0
60
0
100
AcDbPoint
10
1394377.38141315
20
359061.66454998
30
0.0
39
0.0
210
0.0
220
0.0
230
1.0
50
360.0
0
TEXT
5
4F2
330
1C
100
AcDbEntity
67
0
8
8 - ценная историческая застройка конец ХIX - начало ХХ века
62
7
6
ByLayer
370
-1
48
1.0
60
0
100
AcDbText
1
612
10
1394377.51054383
20
359061.938987967
30
0.0
40
0.31111111111
41
1.0
50
0.0
51
0.0
7
Standard
11
1394377.51054383
21
359061.938987967
31
0.0
210
0.0
220
0.0
230
1.0
71
0
72
0
100
AcDbText
73
0
0
POINT
5
4F3
330
1C
100
AcDbEntity
67
0
8
8 - ценная историческая застройка конец ХIX - начало ХХ века
62
256
6
ByLayer
370
-1
48
1.0
60
0
100
AcDbPoint
10
1394378.26819531
20
359065.612215008
30
0.0
39
0.0
210
0.0
220
0.0
230
1.0
50
360.0
0
TEXT
5
4F4
330
1C
100
AcDbEntity
67
0
8
8 - ценная историческая застройка конец ХIX - начало ХХ века
62
7
6
ByLayer
370
-1
48
1.0
60
0
100
AcDbText
1
613
10
1394378.39732599
20
359065.886652993
30
0.0
40
0.31111111111
41
1.0
50
0.0
51
0.0
7
Standard
11
1394378.39732599
21
359065.886652993
31
0.0
210
0.0
220
0.0
230
1.0
71
0
72
0
100
AcDbText
73
0
0
POINT
5
4F5
330
1C
100
AcDbEntity
67
0
8
8 - ценная историческая застройка конец ХIX - начало ХХ века
62
256
6
ByLayer
370
-1
48
1.0
60
0
100
AcDbPoint
10
1394375.5191581
20
359066.229743871
30
0.0
39
0.0
210
0.0
220
0.0
230
1.0
50
360.0
0
TEXT
5
4F6
330
1C
100
AcDbEntity
67
0
8
8 - ценная историческая застройка конец ХIX - начало ХХ века
62
7
6
ByLayer
370
-1
48
1.0
60
0
100
AcDbText
1
614
10
1394375.64828878
20
359066.504181857
30
0.0
40
0.31111111111
41
1.0
50
0.0
51
0.0
7
Standard
11
1394375.64828878
21
359066.504181857
31
0.0
210
0.0
220
0.0
230
1.0
71
0
72
0
100
AcDbText
73
0
0
POINT
5
4F7
330
1C
100
AcDbEntity
67
0
8
8 - ценная историческая застройка конец ХIX - начало ХХ века
62
256
6
ByLayer
370
-1
48
1.0
60
0
100
AcDbPoint
10
1394371.44257678
20
359067.182937142
30
0.0
39
0.0
210
0.0
220
0.0
230
1.0
50
360.0
0
TEXT
5
4F8
330
1C
100
AcDbEntity
67
0
8
8 - ценная историческая застройка конец ХIX - начало ХХ века
62
7
6
ByLayer
370
-1
48
1.0
60
0
100
AcDbText
1
615
10
1394371.57170746
20
359067.457375119
30
0.0
40
0.31111111111
41
1.0
50
0.0
51
0.0
7
Standard
11
1394371.57170746
21
359067.457375119
31
0.0
210
0.0
220
0.0
230
1.0
71
0
72
0
100
AcDbText
73
0
0
POINT
5
4F9
330
1C
100
AcDbEntity
67
0
8
8 - ценная историческая застройка конец ХIX - начало ХХ века
62
256
6
ByLayer
370
-1
48
1.0
60
0
100
AcDbPoint
10
1394342.87215076
20
359228.37371872
30
0.0
39
0.0
210
0.0
220
0.0
230
1.0
50
360.0
0
TEXT
5
4FA
330
1C
100
AcDbEntity
67
0
8
8 - ценная историческая застройка конец ХIX - начало ХХ века
62
7
6
ByLayer
370
-1
48
1.0
60
0
100
AcDbText
1
616
10
1394343.00128114
20
359228.64815664
30
0.0
40
0.31111111111
41
1.0
50
0.0
51
0.0
7
Standard
11
1394343.00128114
21
359228.64815664
31
0.0
210
0.0
220
0.0
230
1.0
71
0
72
0
100
AcDbText
73
0
0
POINT
5
4FB
330
1C
100
AcDbEntity
67
0
8
8 - ценная историческая застройка конец ХIX - начало ХХ века
62
256
6
ByLayer
370
-1
48
1.0
60
0
100
AcDbPoint
10
1394358.01379185
20
359224.598690932
30
0.0
39
0.0
210
0.0
220
0.0
230
1.0
50
360.0
0
TEXT
5
4FC
330
1C
100
AcDbEntity
67
0
8
8 - ценная историческая застройка конец ХIX - начало ХХ века
62
7
6
ByLayer
370
-1
48
1.0
60
0
100
AcDbText
1
617
10
1394358.14292224
20
359224.873128881
30
0.0
40
0.31111111111
41
1.0
50
0.0
51
0.0
7
Standard
11
1394358.14292224
21
359224.873128881
31
0.0
210
0.0
220
0.0
230
1.0
71
0
72
0
100
AcDbText
73
0
0
POINT
5
4FD
330
1C
100
AcDbEntity
67
0
8
8 - ценная историческая застройка конец ХIX - начало ХХ века
62
256
6
ByLayer
370
-1
48
1.0
60
0
100
AcDbPoint
10
1394357.01255179
20
359220.263332233
30
0.0
39
0.0
210
0.0
220
0.0
230
1.0
50
360.0
0
TEXT
5
4FE
330
1C
100
AcDbEntity
67
0
8
8 - ценная историческая застройка конец ХIX - начало ХХ века
62
7
6
ByLayer
370
-1
48
1.0
60
0
100
AcDbText
1
618
10
1394357.14168219
20
359220.537770178
30
0.0
40
0.31111111111
41
1.0
50
0.0
51
0.0
7
Standard
11
1394357.14168219
21
359220.537770178
31
0.0
210
0.0
220
0.0
230
1.0
71
0
72
0
100
AcDbText
73
0
0
POINT
5
4FF
330
1C
100
AcDbEntity
67
0
8
8 - ценная историческая застройка конец ХIX - начало ХХ века
62
256
6
ByLayer
370
-1
48
1.0
60
0
100
AcDbPoint
10
1394355.42798739
20
359220.614226049
30
0.0
39
0.0
210
0.0
220
0.0
230
1.0
50
360.0
0
TEXT
5
500
330
1C
100
AcDbEntity
67
0
8
8 - ценная историческая застройка конец ХIX - начало ХХ века
62
7
6
ByLayer
370
-1
48
1.0
60
0
100
AcDbText
1
619
10
1394355.55711779
20
359220.888663991
30
0.0
40
0.31111111111
41
1.0
50
0.0
51
0.0
7
Standard
11
1394355.55711779
21
359220.888663991
31
0.0
210
0.0
220
0.0
230
1.0
71
0
72
0
100
AcDbText
73
0
0
POINT
5
501
330
1C
100
AcDbEntity
67
0
8
8 - ценная историческая застройка конец ХIX - начало ХХ века
62
256
6
ByLayer
370
-1
48
1.0
60
0
100
AcDbPoint
10
1394351.31258683
20
359203.97877374
30
0.0
39
0.0
210
0.0
220
0.0
230
1.0
50
360.0
0
TEXT
5
502
330
1C
100
AcDbEntity
67
0
8
8 - ценная историческая застройка конец ХIX - начало ХХ века
62
7
6
ByLayer
370
-1
48
1.0
60
0
100
AcDbText
1
620
10
1394351.44171726
20
359204.253211676
30
0.0
40
0.31111111111
41
1.0
50
0.0
51
0.0
7
Standard
11
1394351.44171726
21
359204.253211676
31
0.0
210
0.0
220
0.0
230
1.0
71
0
72
0
100
AcDbText
73
0
0
POINT
5
503
330
1C
100
AcDbEntity
67
0
8
8 - ценная историческая застройка конец ХIX - начало ХХ века
62
256
6
ByLayer
370
-1
48
1.0
60
0
100
AcDbPoint
10
1394353.04442154
20
359203.56888769
30
0.0
39
0.0
210
0.0
220
0.0
230
1.0
50
360.0
0
TEXT
5
504
330
1C
100
AcDbEntity
67
0
8
8 - ценная историческая застройка конец ХIX - начало ХХ века
62
7
6
ByLayer
370
-1
48
1.0
60
0
100
AcDbText
1
621
10
1394353.17355197
20
359203.843325627
30
0.0
40
0.31111111111
41
1.0
50
0.0
51
0.0
7
Standard
11
1394353.17355197
21
359203.843325627
31
0.0
210
0.0
220
0.0
230
1.0
71
0
72
0
100
AcDbText
73
0
0
POINT
5
505
330
1C
100
AcDbEntity
67
0
8
8 - ценная историческая застройка конец ХIX - начало ХХ века
62
256
6
ByLayer
370
-1
48
1.0
60
0
100
AcDbPoint
10
1394351.80737828
20
359198.93075726
30
0.0
39
0.0
210
0.0
220
0.0
230
1.0
50
360.0
0
TEXT
5
506
330
1C
100
AcDbEntity
67
0
8
8 - ценная историческая застройка конец ХIX - начало ХХ века
62
7
6
ByLayer
370
-1
48
1.0
60
0
100
AcDbText
1
622
10
1394351.93650871
20
359199.205195198
30
0.0
40
0.31111111111
41
1.0
50
0.0
51
0.0
7
Standard
11
1394351.93650871
21
359199.205195198
31
0.0
210
0.0
220
0.0
230
1.0
71
0
72
0
100
AcDbText
73
0
0
POINT
5
507
330
1C
100
AcDbEntity
67
0
8
8 - ценная историческая застройка конец ХIX - начало ХХ века
62
256
6
ByLayer
370
-1
48
1.0
60
0
100
AcDbPoint
10
1394334.00196333
20
359203.257856072
30
0.0
39
0.0
210
0.0
220
0.0
230
1.0
50
360.0
0
TEXT
5
508
330
1C
100
AcDbEntity
67
0
8
8 - ценная историческая застройка конец ХIX - начало ХХ века
62
7
6
ByLayer
370
-1
48
1.0
60
0
100
AcDbText
1
623
10
1394334.13109376
20
359203.532293975
30
0.0
40
0.31111111111
41
1.0
50
0.0
51
0.0
7
Standard
11
1394334.13109376
21
359203.532293975
31
0.0
210
0.0
220
0.0
230
1.0
71
0
72
0
100
AcDbText
73
0
0
POINT
5
509
330
1C
100
AcDbEntity
67
0
8
8 - ценная историческая застройка конец ХIX - начало ХХ века
62
256
6
ByLayer
370
-1
48
1.0
60
0
100
AcDbPoint
10
1394335.83413674
20
359210.162305335
30
0.0
39
0.0
210
0.0
220
0.0
230
1.0
50
360.0
0
TEXT
5
50A
330
1C
100
AcDbEntity
67
0
8
8 - ценная историческая застройка конец ХIX - начало ХХ века
62
7
6
ByLayer
370
-1
48
1.0
60
0
100
AcDbText
1
624
10
1394335.96326716
20
359210.436743246
30
0.0
40
0.31111111111
41
1.0
50
0.0
51
0.0
7
Standard
11
1394335.96326716
21
359210.436743246
31
0.0
210
0.0
220
0.0
230
1.0
71
0
72
0
100
AcDbText
73
0
0
POINT
5
50B
330
1C
100
AcDbEntity
67
0
8
8 - ценная историческая застройка конец ХIX - начало ХХ века
62
256
6
ByLayer
370
-1
48
1.0
60
0
100
AcDbPoint
10
1394338.10033236
20
359209.618843311
30
0.0
39
0.0
210
0.0
220
0.0
230
1.0
50
360.0
0
TEXT
5
50C
330
1C
100
AcDbEntity
67
0
8
8 - ценная историческая застройка конец ХIX - начало ХХ века
62
7
6
ByLayer
370
-1
48
1.0
60
0
100
AcDbText
1
625
10
1394338.22946277
20
359209.893281222
30
0.0
40
0.31111111111
41
1.0
50
0.0
51
0.0
7
Standard
11
1394338.22946277
21
359209.893281222
31
0.0
210
0.0
220
0.0
230
1.0
71
0
72
0
100
AcDbText
73
0
0
POINT
5
50D
330
1C
100
AcDbEntity
67
0
8
8 - ценная историческая застройка конец ХIX - начало ХХ века
62
256
6
ByLayer
370
-1
48
1.0
60
0
100
AcDbPoint
10
1394341.37372183
20
359222.163626652
30
0.0
39
0.0
210
0.0
220
0.0
230
1.0
50
360.0
0
TEXT
5
50E
330
1C
100
AcDbEntity
67
0
8
8 - ценная историческая застройка конец ХIX - начало ХХ века
62
7
6
ByLayer
370
-1
48
1.0
60
0
100
AcDbText
1
626
10
1394341.50285223
20
359222.438064568
30
0.0
40
0.31111111111
41
1.0
50
0.0
51
0.0
7
Standard
11
1394341.50285223
21
359222.438064568
31
0.0
210
0.0
220
0.0
230
1.0
71
0
72
0
100
AcDbText
73
0
0
POINT
5
50F
330
1C
100
AcDbEntity
67
0
8
8 - ценная историческая застройка конец ХIX - начало ХХ века
62
256
6
ByLayer
370
-1
48
1.0
60
0
100
AcDbPoint
10
1394339.86694787
20
359222.558035406
30
0.0
39
0.0
210
0.0
220
0.0
230
1.0
50
360.0
0
TEXT
5
510
330
1C
100
AcDbEntity
67
0
8
8 - ценная историческая застройка конец ХIX - начало ХХ века
62
7
6
ByLayer
370
-1
48
1.0
60
0
100
AcDbText
1
627
10
1394339.99607827
20
359222.832473319
30
0.0
40
0.31111111111
41
1.0
50
0.0
51
0.0
7
Standard
11
1394339.99607827
21
359222.832473319
31
0.0
210
0.0
220
0.0
230
1.0
71
0
72
0
100
AcDbText
73
0
0
POINT
5
511
330
1C
100
AcDbEntity
67
0
8
8 - ценная историческая застройка конец ХIX - начало ХХ века
62
256
6
ByLayer
370
-1
48
1.0
60
0
100
AcDbPoint
10
1394340.99843637
20
359226.681245341
30
0.0
39
0.0
210
0.0
220
0.0
230
1.0
50
360.0
0
TEXT
5
512
330
1C
100
AcDbEntity
67
0
8
8 - ценная историческая застройка конец ХIX - начало ХХ века
62
7
6
ByLayer
370
-1
48
1.0
60
0
100
AcDbText
1
628
10
1394341.12756676
20
359226.955683259
30
0.0
40
0.31111111111
41
1.0
50
0.0
51
0.0
7
Standard
11
1394341.12756676
21
359226.955683259
31
0.0
210
0.0
220
0.0
230
1.0
71
0
72
0
100
AcDbText
73
0
0
POINT
5
513
330
1C
100
AcDbEntity
67
0
8
8 - ценная историческая застройка конец ХIX - начало ХХ века
62
256
6
ByLayer
370
-1
48
1.0
60
0
100
AcDbPoint
10
1394342.48233101
20
359226.384650715
30
0.0
39
0.0
210
0.0
220
0.0
230
1.0
50
360.0
0
TEXT
5
514
330
1C
100
AcDbEntity
67
0
8
8 - ценная историческая застройка конец ХIX - начало ХХ века
62
7
6
ByLayer
370
-1
48
1.0
60
0
100
AcDbText
1
629
10
1394342.6114614
20
359226.659088634
30
0.0
40
0.31111111111
41
1.0
50
0.0
51
0.0
7
Standard
11
1394342.6114614
21
359226.659088634
31
0.0
210
0.0
220
0.0
230
1.0
71
0
72
0
100
AcDbText
73
0
0
POINT
5
515
330
1C
100
AcDbEntity
67
0
8
8 - ценная историческая застройка конец ХIX - начало ХХ века
62
256
6
ByLayer
370
-1
48
1.0
60
0
100
AcDbPoint
10
1394368.35953742
20
359191.713704941
30
0.0
39
0.0
210
0.0
220
0.0
230
1.0
50
360.0
0
TEXT
5
516
330
1C
100
AcDbEntity
67
0
8
8 - ценная историческая застройка конец ХIX - начало ХХ века
62
7
6
ByLayer
370
-1
48
1.0
60
0
100
AcDbText
1
630
10
1394368.48866787
20
359191.98814291
30
0.0
40
0.31111111111
41
1.0
50
0.0
51
0.0
7
Standard
11
1394368.48866787
21
359191.98814291
31
0.0
210
0.0
220
0.0
230
1.0
71
0
72
0
100
AcDbText
73
0
0
POINT
5
517
330
1C
100
AcDbEntity
67
0
8
8 - ценная историческая застройка конец ХIX - начало ХХ века
62
256
6
ByLayer
370
-1
48
1.0
60
0
100
AcDbPoint
10
1394382.91041269
20
359203.699314283
30
0.0
39
0.0
210
0.0
220
0.0
230
1.0
50
360.0
0
TEXT
5
518
330
1C
100
AcDbEntity
67
0
8
8 - ценная историческая застройка конец ХIX - начало ХХ века
62
7
6
ByLayer
370
-1
48
1.0
60
0
100
AcDbText
1
632
10
1394383.03954312
20
359203.973752279
30
0.0
40
0.31111111111
41
1.0
50
0.0
51
0.0
7
Standard
11
1394383.03954312
21
359203.973752279
31
0.0
210
0.0
220
0.0
230
1.0
71
0
72
0
100
AcDbText
73
0
0
POINT
5
519
330
1C
100
AcDbEntity
67
0
8
8 - ценная историческая застройка конец ХIX - начало ХХ века
62
256
6
ByLayer
370
-1
48
1.0
60
0
100
AcDbPoint
10
1394382.19858087
20
359199.780515461
30
0.0
39
0.0
210
0.0
220
0.0
230
1.0
50
360.0
0
TEXT
5
51A
330
1C
100
AcDbEntity
67
0
8
8 - ценная историческая застройка конец ХIX - начало ХХ века
62
7
6
ByLayer
370
-1
48
1.0
60
0
100
AcDbText
1
633
10
1394382.32771131
20
359200.05495345
30
0.0
40
0.31111111111
41
1.0
50
0.0
51
0.0
7
Standard
11
1394382.32771131
21
359200.05495345
31
0.0
210
0.0
220
0.0
230
1.0
71
0
72
0
100
AcDbText
73
0
0
POINT
5
51B
330
1C
100
AcDbEntity
67
0
8
8 - ценная историческая застройка конец ХIX - начало ХХ века
62
256
6
ByLayer
370
-1
48
1.0
60
0
100
AcDbPoint
10
1394381.75802588
20
359199.831553484
30
0.0
39
0.0
210
0.0
220
0.0
230
1.0
50
360.0
0
TEXT
5
51C
330
1C
100
AcDbEntity
67
0
8
8 - ценная историческая застройка конец ХIX - начало ХХ века
62
7
6
ByLayer
370
-1
48
1.0
60
0
100
AcDbText
1
634
10
1394381.88715632
20
359200.105991473
30
0.0
40
0.31111111111
41
1.0
50
0.0
51
0.0
7
Standard
11
1394381.88715632
21
359200.105991473
31
0.0
210
0.0
220
0.0
230
1.0
71
0
72
0
100
AcDbText
73
0
0
POINT
5
51D
330
1C
100
AcDbEntity
67
0
8
8 - ценная историческая застройка конец ХIX - начало ХХ века
62
256
6
ByLayer
370
-1
48
1.0
60
0
100
AcDbPoint
10
1394380.50790033
20
359194.252849485
30
0.0
39
0.0
210
0.0
220
0.0
230
1.0
50
360.0
0
TEXT
5
51E
330
1C
100
AcDbEntity
67
0
8
8 - ценная историческая застройка конец ХIX - начало ХХ века
62
7
6
ByLayer
370
-1
48
1.0
60
0
100
AcDbText
1
635
10
1394380.63703077
20
359194.527287476
30
0.0
40
0.31111111111
41
1.0
50
0.0
51
0.0
7
Standard
11
1394380.63703077
21
359194.527287476
31
0.0
210
0.0
220
0.0
230
1.0
71
0
72
0
100
AcDbText
73
0
0
POINT
5
51F
330
1C
100
AcDbEntity
67
0
8
8 - ценная историческая застройка конец ХIX - начало ХХ века
62
256
6
ByLayer
370
-1
48
1.0
60
0
100
AcDbPoint
10
1394381.72201212
20
359193.975634487
30
0.0
39
0.0
210
0.0
220
0.0
230
1.0
50
360.0
0
TEXT
5
520
330
1C
100
AcDbEntity
67
0
8
8 - ценная историческая застройка конец ХIX - начало ХХ века
62
7
6
ByLayer
370
-1
48
1.0
60
0
100
AcDbText
1
636
10
1394381.85114257
20
359194.25007248
30
0.0
40
0.31111111111
41
1.0
50
0.0
51
0.0
7
Standard
11
1394381.85114257
21
359194.25007248
31
0.0
210
0.0
220
0.0
230
1.0
71
0
72
0
100
AcDbText
73
0
0
POINT
5
521
330
1C
100
AcDbEntity
67
0
8
8 - ценная историческая застройка конец ХIX - начало ХХ века
62
256
6
ByLayer
370
-1
48
1.0
60
0
100
AcDbPoint
10
1394380.52032461
20
359188.983942308
30
0.0
39
0.0
210
0.0
220
0.0
230
1.0
50
360.0
0
TEXT
5
522
330
1C
100
AcDbEntity
67
0
8
8 - ценная историческая застройка конец ХIX - начало ХХ века
62
7
6
ByLayer
370
-1
48
1.0
60
0
100
AcDbText
1
637
10
1394380.64945506
20
359189.258380301
30
0.0
40
0.31111111111
41
1.0
50
0.0
51
0.0
7
Standard
11
1394380.64945506
21
359189.258380301
31
0.0
210
0.0
220
0.0
230
1.0
71
0
72
0
100
AcDbText
73
0
0
POINT
5
523
330
1C
100
AcDbEntity
67
0
8
8 - ценная историческая застройка конец ХIX - начало ХХ века
62
256
6
ByLayer
370
-1
48
1.0
60
0
100
AcDbPoint
10
1393339.67913007
20
357979.564673976
30
0.0
39
0.0
210
0.0
220
0.0
230
1.0
50
360.0
0
TEXT
5
524
330
1C
100
AcDbEntity
67
0
8
8 - ценная историческая застройка конец ХIX - начало ХХ века
62
7
6
ByLayer
370
-1
48
1.0
60
0
100
AcDbText
1
638
10
1393339.80826276
20
357979.839110098
30
0.0
40
0.31111111111
41
1.0
50
0.0
51
0.0
7
Standard
11
1393339.80826276
21
357979.839110098
31
0.0
210
0.0
220
0.0
230
1.0
71
0
72
0
100
AcDbText
73
0
0
POINT
5
525
330
1C
100
AcDbEntity
67
0
8
8 - ценная историческая застройка конец ХIX - начало ХХ века
62
256
6
ByLayer
370
-1
48
1.0
60
0
100
AcDbPoint
10
1393360.52339595
20
358005.181952503
30
0.0
39
0.0
210
0.0
220
0.0
230
1.0
50
360.0
0
TEXT
5
526
330
1C
100
AcDbEntity
67
0
8
8 - ценная историческая застройка конец ХIX - начало ХХ века
62
7
6
ByLayer
370
-1
48
1.0
60
0
100
AcDbText
1
639
10
1393360.65252859
20
358005.456388661
30
0.0
40
0.31111111111
41
1.0
50
0.0
51
0.0
7
Standard
11
1393360.65252859
21
358005.456388661
31
0.0
210
0.0
220
0.0
230
1.0
71
0
72
0
100
AcDbText
73
0
0
POINT
5
527
330
1C
100
AcDbEntity
67
0
8
8 - ценная историческая застройка конец ХIX - начало ХХ века
62
256
6
ByLayer
370
-1
48
1.0
60
0
100
AcDbPoint
10
1393377.31685562
20
357991.51745226
30
0.0
39
0.0
210
0.0
220
0.0
230
1.0
50
360.0
0
TEXT
5
528
330
1C
100
AcDbEntity
67
0
8
8 - ценная историческая застройка конец ХIX - начало ХХ века
62
7
6
ByLayer
370
-1
48
1.0
60
0
100
AcDbText
1
640
10
1393377.44598829
20
357991.791888449
30
0.0
40
0.31111111111
41
1.0
50
0.0
51
0.0
7
Standard
11
1393377.44598829
21
357991.791888449
31
0.0
210
0.0
220
0.0
230
1.0
71
0
72
0
100
AcDbText
73
0
0
POINT
5
529
330
1C
100
AcDbEntity
67
0
8
8 - ценная историческая застройка конец ХIX - начало ХХ века
62
256
6
ByLayer
370
-1
48
1.0
60
0
100
AcDbPoint
10
1393335.94437992
20
357940.671331234
30
0.0
39
0.0
210
0.0
220
0.0
230
1.0
50
360.0
0
TEXT
5
52A
330
1C
100
AcDbEntity
67
0
8
8 - ценная историческая застройка конец ХIX - начало ХХ века
62
7
6
ByLayer
370
-1
48
1.0
60
0
100
AcDbText
1
641
10
1393336.07351269
20
357940.94576735
30
0.0
40
0.31111111111
41
1.0
50
0.0
51
0.0
7
Standard
11
1393336.07351269
21
357940.94576735
31
0.0
210
0.0
220
0.0
230
1.0
71
0
72
0
100
AcDbText
73
0
0
POINT
5
52B
330
1C
100
AcDbEntity
67
0
8
8 - ценная историческая застройка конец ХIX - начало ХХ века
62
256
6
ByLayer
370
-1
48
1.0
60
0
100
AcDbPoint
10
1393319.15092382
20
357954.33583221
30
0.0
39
0.0
210
0.0
220
0.0
230
1.0
50
360.0
0
TEXT
5
52C
330
1C
100
AcDbEntity
67
0
8
8 - ценная историческая застройка конец ХIX - начало ХХ века
62
7
6
ByLayer
370
-1
48
1.0
60
0
100
AcDbText
1
642
10
1393319.28005655
20
357954.610268297
30
0.0
40
0.31111111111
41
1.0
50
0.0
51
0.0
7
Standard
11
1393319.28005655
21
357954.610268297
31
0.0
210
0.0
220
0.0
230
1.0
71
0
72
0
100
AcDbText
73
0
0
POINT
5
52D
330
1C
100
AcDbEntity
67
0
8
8 - ценная историческая застройка конец ХIX - начало ХХ века
62
256
6
ByLayer
370
-1
48
1.0
60
0
100
AcDbPoint
10
1393339.23811311
20
357979.022671551
30
0.0
39
0.0
210
0.0
220
0.0
230
1.0
50
360.0
0
TEXT
5
52E
330
1C
100
AcDbEntity
67
0
8
8 - ценная историческая застройка конец ХIX - начало ХХ века
62
7
6
ByLayer
370
-1
48
1.0
60
0
100
AcDbText
1
643
10
1393339.3672458
20
357979.297107671
30
0.0
40
0.31111111111
41
1.0
50
0.0
51
0.0
7
Standard
11
1393339.3672458
21
357979.297107671
31
0.0
210
0.0
220
0.0
230
1.0
71
0
72
0
100
AcDbText
73
0
0
POINT
5
52F
330
1C
100
AcDbEntity
67
0
8
8 - ценная историческая застройка конец ХIX - начало ХХ века
62
256
6
ByLayer
370
-1
48
1.0
60
0
100
AcDbPoint
10
1394222.59339721
20
359309.914991829
30
0.0
39
0.0
210
0.0
220
0.0
230
1.0
50
360.0
0
TEXT
5
530
330
1C
100
AcDbEntity
67
0
8
8 - ценная историческая застройка конец ХIX - начало ХХ века
62
7
6
ByLayer
370
-1
48
1.0
60
0
100
AcDbText
1
644
10
1394222.72252745
20
359310.18942953
30
0.0
40
0.31111111111
41
1.0
50
0.0
51
0.0
7
Standard
11
1394222.72252745
21
359310.18942953
31
0.0
210
0.0
220
0.0
230
1.0
71
0
72
0
100
AcDbText
73
0
0
POINT
5
531
330
1C
100
AcDbEntity
67
0
8
8 - ценная историческая застройка конец ХIX - начало ХХ века
62
256
6
ByLayer
370
-1
48
1.0
60
0
100
AcDbPoint
10
1394234.95631774
20
359319.88116521
30
0.0
39
0.0
210
0.0
220
0.0
230
1.0
50
360.0
0
TEXT
5
532
330
1C
100
AcDbEntity
67
0
8
8 - ценная историческая застройка конец ХIX - начало ХХ века
62
7
6
ByLayer
370
-1
48
1.0
60
0
100
AcDbText
1
645
10
1394235.08544796
20
359320.155602934
30
0.0
40
0.31111111111
41
1.0
50
0.0
51
0.0
7
Standard
11
1394235.08544796
21
359320.155602934
31
0.0
210
0.0
220
0.0
230
1.0
71
0
72
0
100
AcDbText
73
0
0
POINT
5
533
330
1C
100
AcDbEntity
67
0
8
8 - ценная историческая застройка конец ХIX - начало ХХ века
62
256
6
ByLayer
370
-1
48
1.0
60
0
100
AcDbPoint
10
1394229.28697492
20
359327.412180671
30
0.0
39
0.0
210
0.0
220
0.0
230
1.0
50
360.0
0
TEXT
5
534
330
1C
100
AcDbEntity
67
0
8
8 - ценная историческая застройка конец ХIX - начало ХХ века
62
7
6
ByLayer
370
-1
48
1.0
60
0
100
AcDbText
1
646
10
1394229.41610513
20
359327.686618381
30
0.0
40
0.31111111111
41
1.0
50
0.0
51
0.0
7
Standard
11
1394229.41610513
21
359327.686618381
31
0.0
210
0.0
220
0.0
230
1.0
71
0
72
0
100
AcDbText
73
0
0
POINT
5
535
330
1C
100
AcDbEntity
67
0
8
8 - ценная историческая застройка конец ХIX - начало ХХ века
62
256
6
ByLayer
370
-1
48
1.0
60
0
100
AcDbPoint
10
1394222.03305347
20
359321.685346344
30
0.0
39
0.0
210
0.0
220
0.0
230
1.0
50
360.0
0
TEXT
5
536
330
1C
100
AcDbEntity
67
0
8
8 - ценная историческая застройка конец ХIX - начало ХХ века
62
7
6
ByLayer
370
-1
48
1.0
60
0
100
AcDbText
1
647
10
1394222.16218369
20
359321.95978404
30
0.0
40
0.31111111111
41
1.0
50
0.0
51
0.0
7
Standard
11
1394222.16218369
21
359321.95978404
31
0.0
210
0.0
220
0.0
230
1.0
71
0
72
0
100
AcDbText
73
0
0
POINT
5
537
330
1C
100
AcDbEntity
67
0
8
8 - ценная историческая застройка конец ХIX - начало ХХ века
62
256
6
ByLayer
370
-1
48
1.0
60
0
100
AcDbPoint
10
1394217.99719904
20
359326.673914409
30
0.0
39
0.0
210
0.0
220
0.0
230
1.0
50
360.0
0
TEXT
5
538
330
1C
100
AcDbEntity
67
0
8
8 - ценная историческая застройка конец ХIX - начало ХХ века
62
7
6
ByLayer
370
-1
48
1.0
60
0
100
AcDbText
1
648
10
1394218.12632925
20
359326.948352098
30
0.0
40
0.31111111111
41
1.0
50
0.0
51
0.0
7
Standard
11
1394218.12632925
21
359326.948352098
31
0.0
210
0.0
220
0.0
230
1.0
71
0
72
0
100
AcDbText
73
0
0
POINT
5
539
330
1C
100
AcDbEntity
67
0
8
8 - ценная историческая застройка конец ХIX - начало ХХ века
62
256
6
ByLayer
370
-1
48
1.0
60
0
100
AcDbPoint
10
1394212.69692009
20
359322.480231908
30
0.0
39
0.0
210
0.0
220
0.0
230
1.0
50
360.0
0
TEXT
5
53A
330
1C
100
AcDbEntity
67
0
8
8 - ценная историческая застройка конец ХIX - начало ХХ века
62
7
6
ByLayer
370
-1
48
1.0
60
0
100
AcDbText
1
649
10
1394212.82605031
20
359322.75466959
30
0.0
40
0.31111111111
41
1.0
50
0.0
51
0.0
7
Standard
11
1394212.82605031
21
359322.75466959
31
0.0
210
0.0
220
0.0
230
1.0
71
0
72
0
100
AcDbText
73
0
0
POINT
5
53B
330
1C
100
AcDbEntity
67
0
8
8 - ценная историческая застройка конец ХIX - начало ХХ века
62
256
6
ByLayer
370
-1
48
1.0
60
0
100
AcDbPoint
10
1394278.39730721
20
359364.119064715
30
0.0
39
0.0
210
0.0
220
0.0
230
1.0
50
360.0
0
TEXT
5
53C
330
1C
100
AcDbEntity
67
0
8
8 - ценная историческая застройка конец ХIX - начало ХХ века
62
7
6
ByLayer
370
-1
48
1.0
60
0
100
AcDbText
1
650
10
1394278.52643734
20
359364.393502514
30
0.0
40
0.31111111111
41
1.0
50
0.0
51
0.0
7
Standard
11
1394278.52643734
21
359364.393502514
31
0.0
210
0.0
220
0.0
230
1.0
71
0
72
0
100
AcDbText
73
0
0
POINT
5
53D
330
1C
100
AcDbEntity
67
0
8
8 - ценная историческая застройка конец ХIX - начало ХХ века
62
256
6
ByLayer
370
-1
48
1.0
60
0
100
AcDbPoint
10
1394281.50279797
20
359367.607475825
30
0.0
39
0.0
210
0.0
220
0.0
230
1.0
50
360.0
0
TEXT
5
53E
330
1C
100
AcDbEntity
67
0
8
8 - ценная историческая застройка конец ХIX - начало ХХ века
62
7
6
ByLayer
370
-1
48
1.0
60
0
100
AcDbText
1
651
10
1394281.63192811
20
359367.88191363
30
0.0
40
0.31111111111
41
1.0
50
0.0
51
0.0
7
Standard
11
1394281.63192811
21
359367.88191363
31
0.0
210
0.0
220
0.0
230
1.0
71
0
72
0
100
AcDbText
73
0
0
POINT
5
53F
330
1C
100
AcDbEntity
67
0
8
8 - ценная историческая застройка конец ХIX - начало ХХ века
62
256
6
ByLayer
370
-1
48
1.0
60
0
100
AcDbPoint
10
1394291.87724766
20
359364.902616749
30
0.0
39
0.0
210
0.0
220
0.0
230
1.0
50
360.0
0
TEXT
5
540
330
1C
100
AcDbEntity
67
0
8
8 - ценная историческая застройка конец ХIX - начало ХХ века
62
7
6
ByLayer
370
-1
48
1.0
60
0
100
AcDbText
1
652
10
1394292.0063778
20
359365.177054573
30
0.0
40
0.31111111111
41
1.0
50
0.0
51
0.0
7
Standard
11
1394292.0063778
21
359365.177054573
31
0.0
210
0.0
220
0.0
230
1.0
71
0
72
0
100
AcDbText
73
0
0
POINT
5
541
330
1C
100
AcDbEntity
67
0
8
8 - ценная историческая застройка конец ХIX - начало ХХ века
62
256
6
ByLayer
370
-1
48
1.0
60
0
100
AcDbPoint
10
1394285.39842977
20
359357.667806234
30
0.0
39
0.0
210
0.0
220
0.0
230
1.0
50
360.0
0
TEXT
5
542
330
1C
100
AcDbEntity
67
0
8
8 - ценная историческая застройка конец ХIX - начало ХХ века
62
7
6
ByLayer
370
-1
48
1.0
60
0
100
AcDbText
1
653
10
1394285.52755992
20
359357.942244046
30
0.0
40
0.31111111111
41
1.0
50
0.0
51
0.0
7
Standard
11
1394285.52755992
21
359357.942244046
31
0.0
210
0.0
220
0.0
230
1.0
71
0
72
0
100
AcDbText
73
0
0
POINT
5
543
330
1C
100
AcDbEntity
67
0
8
8 - ценная историческая застройка конец ХIX - начало ХХ века
62
256
6
ByLayer
370
-1
48
1.0
60
0
100
AcDbPoint
10
1394278.36112006
20
359364.152409747
30
0.0
39
0.0
210
0.0
220
0.0
230
1.0
50
360.0
0
TEXT
5
544
330
1C
100
AcDbEntity
67
0
8
8 - ценная историческая застройка конец ХIX - начало ХХ века
62
7
6
ByLayer
370
-1
48
1.0
60
0
100
AcDbText
1
654
10
1394278.49025019
20
359364.426847547
30
0.0
40
0.31111111111
41
1.0
50
0.0
51
0.0
7
Standard
11
1394278.49025019
21
359364.426847547
31
0.0
210
0.0
220
0.0
230
1.0
71
0
72
0
100
AcDbText
73
0
0
LWPOLYLINE
5
545
330
1C
100
AcDbEntity
67
0
8
8 - ценная историческая застройка конец ХIX - начало ХХ века
62
7
6
ByLayer
370
20
48
1.0
60
0
100
AcDbPolyline
90
7
70
0
38
0.0
39
0.0
10
1393711.12728731
20
358229.69297651
40
0.0
41
0.0
42
0.0
10
1393700.72140564
20
358219.887689241
40
0.0
41
0.0
42
0.0
10
1393697.37727195
20
358217.145326663
40
0.0
41
0.0
42
0.0
10
1393686.03003729
20
358207.210051113
40
0.0
41
0.0
42
0.0
10
1393672.68737342
20
358196.549807353
40
0.0
41
0.0
42
0.0
10
1393659.7600042
20
358189.021376244
40
0.0
41
0.0
42
0.0
10
1393642.13327205
20
358180.958276227
40
0.0
41
0.0
42
0.0
210
0.0
220
0.0
230
1.0
0
LWPOLYLINE
5
546
330
1C
100
AcDbEntity
67
0
8
8 - ценная историческая застройка конец ХIX - начало ХХ века
62
7
6
ByLayer
370
20
48
1.0
60
0
100
AcDbPolyline
90
9
70
0
38
0.0
39
0.0
10
1394388.70437024
20
358686.580033091
40
0.0
41
0.0
42
0.0
10
1394376.6398163
20
358677.715580506
40
0.0
41
0.0
42
0.0
10
1394368.31139819
20
358668.908321314
40
0.0
41
0.0
42
0.0
10
1394337.0639903
20
358639.640575678
40
0.0
41
0.0
42
0.0
10
1394333.7198541
20
358636.898205019
40
0.0
41
0.0
42
0.0
10
1394322.37261155
20
358626.962901
40
0.0
41
0.0
42
0.0
10
1394315.82994244
20
358623.604919849
40
0.0
41
0.0
42
0.0
10
1394301.83656955
20
358613.101280908
40
0.0
41
0.0
42
0.0
10
1394289.02463826
20
358605.200115976
40
0.0
41
0.0
42
0.0
210
0.0
220
0.0
230
1.0
0
LWPOLYLINE
5
547
330
1C
100
AcDbEntity
67
0
8
8 - ценная историческая застройка конец ХIX - начало ХХ века
62
7
6
ByLayer
370
20
48
1.0
60
0
100
AcDbPolyline
90
3
70
0
38
0.0
39
0.0
10
1394512.67603442
20
358807.748435732
40
0.0
41
0.0
42
0.0
10
1394475.32212945
20
358763.554433522
40
0.0
41
0.0
42
0.0
10
1394463.15009819
20
358749.782504958
40
0.0
41
0.0
42
0.0
210
0.0
220
0.0
230
1.0
0
LWPOLYLINE
5
548
330
1C
100
AcDbEntity
67
0
8
8 - ценная историческая застройка конец ХIX - начало ХХ века
62
7
6
ByLayer
370
20
48
1.0
60
0
100
AcDbPolyline
90
3
70
0
38
0.0
39
0.0
10
1394577.7308334
20
358881.636996183
40
0.0
41
0.0
42
0.0
10
1394546.94247644
20
358845.961794404
40
0.0
41
0.0
42
0.0
10
1394523.78311322
20
358818.718984044
40
0.0
41
0.0
42
0.0
210
0.0
220
0.0
230
1.0
0
LWPOLYLINE
5
549
330
1C
100
AcDbEntity
67
0
8
8 - ценная историческая застройка конец ХIX - начало ХХ века
62
7
6
ByLayer
370
20
48
1.0
60
0
100
AcDbPolyline
90
3
70
0
38
0.0
39
0.0
10
1394213.56377925
20
359317.389341195
40
0.0
41
0.0
42
0.0
10
1394223.02009393
20
359306.084820346
40
0.0
41
0.0
42
0.0
10
1394243.12534356
20
359322.5003711
40
0.0
41
0.0
42
0.0
210
0.0
220
0.0
230
1.0
0
LWPOLYLINE
5
54A
330
1C
100
AcDbEntity
67
0
8
8 - ценная историческая застройка конец ХIX - начало ХХ века
62
7
6
ByLayer
370
20
48
1.0
60
0
100
AcDbPolyline
90
2
70
0
38
0.0
39
0.0
10
1394352.98768075
20
359210.749911356
40
0.0
41
0.0
42
0.0
10
1394371.51382886
20
359205.995026103
40
0.0
41
0.0
42
0.0
210
0.0
220
0.0
230
1.0
0
LWPOLYLINE
5
54B
330
1C
100
AcDbEntity
67
0
8
8 - ценная историческая застройка конец ХIX - начало ХХ века
62
7
6
ByLayer
370
20
48
1.0
60
0
100
AcDbPolyline
90
18
70
0
38
0.0
39
0.0
10
1395578.90020162
20
361028.644253463
40
0.0
41
0.0
42
0.0
10
1395570.05175598
20
361014.309233945
40
0.0
41
0.0
42
0.0
10
1395566.4011656
20
361008.365464024
40
0.0
41
0.0
42
0.0
10
1395554.80161854
20
360989.051638243
40
0.0
41
0.0
42
0.0
10
1395543.29289795
20
360969.004085142
40
0.0
41
0.0
42
0.0
10
1395534.56834488
20
360953.592893539
40
0.0
41
0.0
42
0.0
10
1395527.32645946
20
360940.838514254
40
0.0
41
0.0
42
0.0
10
1395519.06072661
20
360926.605750366
40
0.0
41
0.0
42
0.0
10
1395508.44430111
20
360909.876956963
40
0.0
41
0.0
42
0.0
10
1395496.54847141
20
360890.287050278
40
0.0
41
0.0
42
0.0
10
1395485.84641629
20
360872.198054953
40
0.0
41
0.0
42
0.0
10
1395475.57503632
20
360854.772437516
40
0.0
41
0.0
42
0.0
10
1395465.15111813
20
360836.988383652
40
0.0
41
0.0
42
0.0
10
1395453.16323497
20
360816.840946944
40
0.0
41
0.0
42
0.0
10
1395443.38929767
20
360802.01721443
40
0.0
41
0.0
42
0.0
10
1395427.79034719
20
360791.394495436
40
0.0
41
0.0
42
0.0
10
1395417.41756092
20
360786.033592916
40
0.0
41
0.0
42
0.0
10
1395403.47960348
20
360780.275811013
40
0.0
41
0.0
42
0.0
210
0.0
220
0.0
230
1.0
0
LWPOLYLINE
5
54C
330
1C
100
AcDbEntity
67
0
8
8 - ценная историческая застройка конец ХIX - начало ХХ века
62
7
6
ByLayer
370
20
48
1.0
60
0
100
AcDbPolyline
90
5
70
0
38
0.0
39
0.0
10
1395302.77058649
20
360688.81154883
40
0.0
41
0.0
42
0.0
10
1395312.36179158
20
360725.135613673
40
0.0
41
0.0
42
0.0
10
1395314.59016332
20
360732.037545877
40
0.0
41
0.0
42
0.0
10
1395316.55518895
20
360736.489356028
40
0.0
41
0.0
42
0.0
10
1395317.0232471
20
360737.491915382
40
0.0
41
0.0
42
0.0
210
0.0
220
0.0
230
1.0
0
LWPOLYLINE
5
54D
330
1C
100
AcDbEntity
67
0
8
8 - ценная историческая застройка конец ХIX - начало ХХ века
62
7
6
ByLayer
370
20
48
1.0
60
0
100
AcDbPolyline
90
4
70
0
38
0.0
39
0.0
10
1396109.27983737
20
359655.244385498
40
0.0
41
0.0
42
0.0
10
1396110.02366625
20
359653.246415971
40
0.0
41
0.0
42
0.0
10
1396096.2175156
20
359648.106491129
40
0.0
41
0.0
42
0.0
10
1396068.78141904
20
359638.956321395
40
0.0
41
0.0
42
0.0
210
0.0
220
0.0
230
1.0
0
LWPOLYLINE
5
54E
330
1C
100
AcDbEntity
67
0
8
8 - ценная историческая застройка конец ХIX - начало ХХ века
62
7
6
ByLayer
370
20
48
1.0
60
0
100
AcDbPolyline
90
4
70
0
38
0.0
39
0.0
10
1396105.64530378
20
359664.627153622
40
0.0
41
0.0
42
0.0
10
1396108.38303757
20
359657.642265511
40
0.0
41
0.0
42
0.0
10
1396094.57688703
20
359652.502340536
40
0.0
41
0.0
42
0.0
10
1396081.34085623
20
359648.305717541
40
0.0
41
0.0
42
0.0
210
0.0
220
0.0
230
1.0
0
LWPOLYLINE
5
54F
330
1C
100
AcDbEntity
67
0
8
8 - ценная историческая застройка конец ХIX - начало ХХ века
62
7
6
ByLayer
370
20
48
1.0
60
0
100
AcDbPolyline
90
4
70
0
38
0.0
39
0.0
10
1399265.86633442
20
360200.405608114
40
0.0
41
0.0
42
0.0
10
1399265.97881144
20
360200.683763897
40
0.0
41
0.0
42
0.0
10
1399316.5054128
20
360180.247180081
40
0.0
41
0.0
42
0.0
10
1399316.37208619
20
360179.982745981
40
0.0
41
0.0
42
0.0
210
0.0
220
0.0
230
1.0
0
LWPOLYLINE
5
550
330
1C
100
AcDbEntity
67
0
8
8 - ценная историческая застройка конец ХIX - начало ХХ века
62
7
6
ByLayer
370
20
48
1.0
60
0
100
AcDbPolyline
90
8
70
0
38
0.0
39
0.0
10
1399893.82481662
20
360507.720409181
40
0.0
41
0.0
42
0.0
10
1399893.01649777
20
360505.779728913
40
0.0
41
0.0
42
0.0
10
1399890.73595356
20
360500.261977467
40
0.0
41
0.0
42
0.0
10
1399886.3409855
20
360488.791150815
40
0.0
41
0.0
42
0.0
10
1399882.33392599
20
360479.741857228
40
0.0
41
0.0
42
0.0
10
1399875.55082377
20
360463.083178136
40
0.0
41
0.0
42
0.0
10
1399868.54823413
20
360444.803914767
40
0.0
41
0.0
42
0.0
10
1399867.02275104
20
360440.916076124
40
0.0
41
0.0
42
0.0
210
0.0
220
0.0
230
1.0
0
LWPOLYLINE
5
551
330
1C
100
AcDbEntity
67
0
8
8 - ценная историческая застройка конец ХIX - начало ХХ века
62
7
6
ByLayer
370
20
48
1.0
60
0
100
AcDbPolyline
90
6
70
0
38
0.0
39
0.0
10
1399786.52340622
20
360246.982625424
40
0.0
41
0.0
42
0.0
10
1399783.56594885
20
360240.563285687
40
0.0
41
0.0
42
0.0
10
1399779.07171243
20
360229.444517077
40
0.0
41
0.0
42
0.0
10
1399768.93316306
20
360205.010008751
40
0.0
41
0.0
42
0.0
10
1399759.89475015
20
360182.329384299
40
0.0
41
0.0
42
0.0
10
1399747.19658894
20
360151.609584146
40
0.0
41
0.0
42
0.0
210
0.0
220
0.0
230
1.0
0
LWPOLYLINE
5
552
330
1C
100
AcDbEntity
67
0
8
8 - ценная историческая застройка конец ХIX - начало ХХ века
62
7
6
ByLayer
370
20
48
1.0
60
0
100
AcDbPolyline
90
5
70
1
38
0.0
39
0.0
10
1395618.43766759
20
358534.859492372
40
0.0
41
0.0
42
0.0
10
1395618.4988979
20
358530.859515838
40
0.0
41
0.0
42
0.0
10
1395604.49898029
20
358530.645209849
40
0.0
41
0.0
42
0.0
10
1395604.43774999
20
358534.645186238
40
0.0
41
0.0
42
0.0
10
1395618.43766759
20
358534.859492372
40
0.0
41
0.0
42
0.0
210
0.0
220
0.0
230
1.0
0
TEXT
5
553
330
1C
100
AcDbEntity
67
0
8
8 - ценная историческая застройка конец ХIX - начало ХХ века
62
7
6
ByLayer
370
-1
48
1.0
60
0
100
AcDbText
1
56,00
10
1395610.94081041
20
358532.614753304
30
0.0
40
0.31111111111
41
1.0
50
0.0
51
0.0
7
Standard
11
1395610.94081041
21
358532.614753304
31
0.0
210
0.0
220
0.0
230
1.0
71
0
72
0
100
AcDbText
73
0
0
LWPOLYLINE
5
554
330
1C
100
AcDbEntity
67
0
8
8 - ценная историческая застройка конец ХIX - начало ХХ века
62
7
6
ByLayer
370
20
48
1.0
60
0
100
AcDbPolyline
90
11
70
1
38
0.0
39
0.0
10
1395622.87418392
20
360399.571393211
40
0.0
41
0.0
42
0.0
10
1395610.95607066
20
360402.394220354
40
0.0
41
0.0
42
0.0
10
1395613.34988352
20
360412.780917396
40
0.0
41
0.0
42
0.0
10
1395617.96590564
20
360411.71706693
40
0.0
41
0.0
42
0.0
10
1395618.47192193
20
360414.122107379
40
0.0
41
0.0
42
0.0
10
1395622.61680419
20
360413.053197587
40
0.0
41
0.0
42
0.0
10
1395622.8967329
20
360414.152243892
40
0.0
41
0.0
42
0.0
10
1395626.78520858
20
360413.159320949
40
0.0
41
0.0
42
0.0
10
1395625.76437942
20
360409.287591247
40
0.0
41
0.0
42
0.0
10
1395625.11763776
20
360409.456327349
40
0.0
41
0.0
42
0.0
10
1395622.87418392
20
360399.571393211
40
0.0
41
0.0
42
0.0
210
0.0
220
0.0
230
1.0
0
TEXT
5
555
330
1C
100
AcDbEntity
67
0
8
8 - ценная историческая застройка конец ХIX - начало ХХ века
62
7
6
ByLayer
370
-1
48
1.0
60
0
100
AcDbText
1
155,08
10
1395618.17430484
20
360406.983986085
30
0.0
40
0.31111111111
41
1.0
50
0.0
51
0.0
7
Standard
11
1395618.17430484
21
360406.983986085
31
0.0
210
0.0
220
0.0
230
1.0
71
0
72
0
100
AcDbText
73
0
0
LWPOLYLINE
5
556
330
1C
100
AcDbEntity
67
0
8
8 - ценная историческая застройка конец ХIX - начало ХХ века
62
7
6
ByLayer
370
20
48
1.0
60
0
100
AcDbPolyline
90
6
70
1
38
0.0
39
0.0
10
1396209.05628084
20
359745.665090461
40
0.0
41
0.0
42
0.0
10
1396215.68518488
20
359747.833541738
40
0.0
41
0.0
42
0.0
10
1396217.86333971
20
359741.182630094
40
0.0
41
0.0
42
0.0
10
1396218.74165397
20
359738.50073131
40
0.0
41
0.0
42
0.0
10
1396212.11348813
20
359736.330025803
40
0.0
41
0.0
42
0.0
10
1396209.05628084
20
359745.665090461
40
0.0
41
0.0
42
0.0
210
0.0
220
0.0
230
1.0
0
TEXT
5
557
330
1C
100
AcDbEntity
67
0
8
8 - ценная историческая застройка конец ХIX - начало ХХ века
62
7
6
ByLayer
370
-1
48
1.0
60
0
100
AcDbText
1
68,49
10
1396213.37150312
20
359741.944704288
30
0.0
40
0.31111111111
41
1.0
50
0.0
51
0.0
7
Standard
11
1396213.37150312
21
359741.944704288
31
0.0
210
0.0
220
0.0
230
1.0
71
0
72
0
100
AcDbText
73
0
0
LWPOLYLINE
5
558
330
1C
100
AcDbEntity
67
0
8
8 - ценная историческая застройка конец ХIX - начало ХХ века
62
7
6
ByLayer
370
20
48
1.0
60
0
100
AcDbPolyline
90
5
70
1
38
0.0
39
0.0
10
1394625.81942616
20
360403.378752609
40
0.0
41
0.0
42
0.0
10
1394607.94752271
20
360408.200859775
40
0.0
41
0.0
42
0.0
10
1394611.31888333
20
360421.130221209
40
0.0
41
0.0
42
0.0
10
1394629.18391557
20
360416.402660689
40
0.0
41
0.0
42
0.0
10
1394625.81942616
20
360403.378752609
40
0.0
41
0.0
42
0.0
210
0.0
220
0.0
230
1.0
0
TEXT
5
559
330
1C
100
AcDbEntity
67
0
8
8 - ценная историческая застройка конец ХIX - начало ХХ века
62
7
6
ByLayer
370
-1
48
1.0
60
0
100
AcDbText
1
247,90
10
1394617.92062753
20
360412.134113846
30
0.0
40
0.31111111111
41
1.0
50
0.0
51
0.0
7
Standard
11
1394617.92062753
21
360412.134113846
31
0.0
210
0.0
220
0.0
230
1.0
71
0
72
0
100
AcDbText
73
0
0
LWPOLYLINE
5
55A
330
1C
100
AcDbEntity
67
0
8
8 - ценная историческая застройка конец ХIX - начало ХХ века
62
7
6
ByLayer
370
20
48
1.0
60
0
100
AcDbPolyline
90
5
70
1
38
0.0
39
0.0
10
1396964.93996423
20
359755.852134649
40
0.0
41
0.0
42
0.0
10
1396954.88670448
20
359759.796739727
40
0.0
41
0.0
42
0.0
10
1396959.34317122
20
359771.081595774
40
0.0
41
0.0
42
0.0
10
1396969.00923222
20
359767.420091296
40
0.0
41
0.0
42
0.0
10
1396964.93996423
20
359755.852134649
40
0.0
41
0.0
42
0.0
210
0.0
220
0.0
230
1.0
0
TEXT
5
55B
330
1C
100
AcDbEntity
67
0
8
8 - ценная историческая застройка конец ХIX - начало ХХ века
62
7
6
ByLayer
370
-1
48
1.0
60
0
100
AcDbText
1
128,84
10
1396961.38135292
20
359763.353220069
30
0.0
40
0.31111111111
41
1.0
50
0.0
51
0.0
7
Standard
11
1396961.38135292
21
359763.353220069
31
0.0
210
0.0
220
0.0
230
1.0
71
0
72
0
100
AcDbText
73
0
0
LWPOLYLINE
5
55C
330
1C
100
AcDbEntity
67
0
8
8 - ценная историческая застройка конец ХIX - начало ХХ века
62
7
6
ByLayer
370
20
48
1.0
60
0
100
AcDbPolyline
90
7
70
1
38
0.0
39
0.0
10
1396970.03937729
20
359771.513312358
40
0.0
41
0.0
42
0.0
10
1396965.53768756
20
359773.258645209
40
0.0
41
0.0
42
0.0
10
1396967.04203176
20
359777.095039088
40
0.0
41
0.0
42
0.0
10
1396960.3886847
20
359779.81574338
40
0.0
41
0.0
42
0.0
10
1396962.6810544
20
359785.393574409
40
0.0
41
0.0
42
0.0
10
1396973.94991559
20
359780.708200076
40
0.0
41
0.0
42
0.0
10
1396970.03937729
20
359771.513312358
40
0.0
41
0.0
42
0.0
210
0.0
220
0.0
230
1.0
0
TEXT
5
55D
330
1C
100
AcDbEntity
67
0
8
8 - ценная историческая застройка конец ХIX - начало ХХ века
62
7
6
ByLayer
370
-1
48
1.0
60
0
100
AcDbText
1
92,84
10
1396966.92300265
20
359778.866454567
30
0.0
40
0.31111111111
41
1.0
50
0.0
51
0.0
7
Standard
11
1396966.92300265
21
359778.866454567
31
0.0
210
0.0
220
0.0
230
1.0
71
0
72
0
100
AcDbText
73
0
0
LWPOLYLINE
5
55E
330
1C
100
AcDbEntity
67
0
8
8 - ценная историческая застройка конец ХIX - начало ХХ века
62
7
6
ByLayer
370
20
48
1.0
60
0
100
AcDbPolyline
90
5
70
1
38
0.0
39
0.0
10
1397063.50727366
20
359659.976145989
40
0.0
41
0.0
42
0.0
10
1397065.63328254
20
359666.17053553
40
0.0
41
0.0
42
0.0
10
1397075.82218012
20
359662.83856914
40
0.0
41
0.0
42
0.0
10
1397073.71892826
20
359656.468655149
40
0.0
41
0.0
42
0.0
10
1397063.50727366
20
359659.976145989
40
0.0
41
0.0
42
0.0
210
0.0
220
0.0
230
1.0
0
TEXT
5
55F
330
1C
100
AcDbEntity
67
0
8
8 - ценная историческая застройка конец ХIX - начало ХХ века
62
7
6
ByLayer
370
-1
48
1.0
60
0
100
AcDbText
1
71,29
10
1397069.16204253
20
359661.215259631
30
0.0
40
0.31111111111
41
1.0
50
0.0
51
0.0
7
Standard
11
1397069.16204253
21
359661.215259631
31
0.0
210
0.0
220
0.0
230
1.0
71
0
72
0
100
AcDbText
73
0
0
LWPOLYLINE
5
560
330
1C
100
AcDbEntity
67
0
8
8 - ценная историческая застройка конец ХIX - начало ХХ века
62
7
6
ByLayer
370
20
48
1.0
60
0
100
AcDbPolyline
90
8
70
1
38
0.0
39
0.0
10
1395324.84979761
20
360402.522713367
40
0.0
41
0.0
42
0.0
10
1395338.70581366
20
360398.922730361
40
0.0
41
0.0
42
0.0
10
1395339.15614729
20
360400.672156968
40
0.0
41
0.0
42
0.0
10
1395341.97050709
20
360399.947690676
40
0.0
41
0.0
42
0.0
10
1395338.8027262
20
360387.641769053
40
0.0
41
0.0
42
0.0
10
1395322.17094025
20
360391.923087483
40
0.0
41
0.0
42
0.0
10
1395322.95482706
20
360394.968279838
40
0.0
41
0.0
42
0.0
10
1395324.84979761
20
360402.522713367
40
0.0
41
0.0
42
0.0
210
0.0
220
0.0
230
1.0
0
TEXT
5
561
330
1C
100
AcDbEntity
67
0
8
8 - ценная историческая застройка конец ХIX - начало ХХ века
62
7
6
ByLayer
370
-1
48
1.0
60
0
100
AcDbText
1
192,83
10
1395331.41023562
20
360395.05237117
30
0.0
40
0.31111111111
41
1.0
50
0.0
51
0.0
7
Standard
11
1395331.41023562
21
360395.05237117
31
0.0
210
0.0
220
0.0
230
1.0
71
0
72
0
100
AcDbText
73
0
0
LWPOLYLINE
5
562
330
1C
100
AcDbEntity
67
0
8
8 - ценная историческая застройка конец ХIX - начало ХХ века
62
7
6
ByLayer
370
20
48
1.0
60
0
100
AcDbPolyline
90
17
70
1
38
0.0
39
0.0
10
1394730.91378649
20
360313.872083059
40
0.0
41
0.0
42
0.0
10
1394722.79377678
20
360315.89209166
40
0.0
41
0.0
42
0.0
10
1394725.92484273
20
360328.75444331
40
0.0
41
0.0
42
0.0
10
1394705.79749919
20
360334.000459783
40
0.0
41
0.0
42
0.0
10
1394707.55741761
20
360341.324317441
40
0.0
41
0.0
42
0.0
10
1394709.22784884
20
360340.922913876
40
0.0
41
0.0
42
0.0
10
1394709.38112115
20
360341.64134283
40
0.0
41
0.0
42
0.0
10
1394728.95663436
20
360336.647370948
40
0.0
41
0.0
42
0.0
10
1394728.47768203
20
360334.76996002
40
0.0
41
0.0
42
0.0
10
1394744.3321476
20
360330.812694005
40
0.0
41
0.0
42
0.0
10
1394754.86108508
20
360327.866755447
40
0.0
41
0.0
42
0.0
10
1394772.29548415
20
360323.042829493
40
0.0
41
0.0
42
0.0
10
1394770.22584943
20
360314.854340802
40
0.0
41
0.0
42
0.0
10
1394744.81453595
20
360321.794396974
40
0.0
41
0.0
42
0.0
10
1394745.02196671
20
360322.415327741
40
0.0
41
0.0
42
0.0
10
1394733.74752809
20
360325.263128847
40
0.0
41
0.0
42
0.0
10
1394730.91378649
20
360313.872083059
40
0.0
41
0.0
42
0.0
210
0.0
220
0.0
230
1.0
0
TEXT
5
563
330
1C
100
AcDbEntity
67
0
8
8 - ценная историческая застройка конец ХIX - начало ХХ века
62
7
6
ByLayer
370
-1
48
1.0
60
0
100
AcDbText
1
655,93
10
1394736.88476827
20
360326.996671647
30
0.0
40
0.31111111111
41
1.0
50
0.0
51
0.0
7
Standard
11
1394736.88476827
21
360326.996671647
31
0.0
210
0.0
220
0.0
230
1.0
71
0
72
0
100
AcDbText
73
0
0
LWPOLYLINE
5
564
330
1C
100
AcDbEntity
67
0
8
8 - ценная историческая застройка конец ХIX - начало ХХ века
62
7
6
ByLayer
370
20
48
1.0
60
0
100
AcDbPolyline
90
5
70
1
38
0.0
39
0.0
10
1394940.58667802
20
359499.001391857
40
0.0
41
0.0
42
0.0
10
1394961.93549938
20
359521.434988731
40
0.0
41
0.0
42
0.0
10
1394972.20160509
20
359511.478494963
40
0.0
41
0.0
42
0.0
10
1394950.31906454
20
359489.717345476
40
0.0
41
0.0
42
0.0
10
1394940.58667802
20
359499.001391857
40
0.0
41
0.0
42
0.0
210
0.0
220
0.0
230
1.0
0
TEXT
5
565
330
1C
100
AcDbEntity
67
0
8
8 - ценная историческая застройка конец ХIX - начало ХХ века
62
7
6
ByLayer
370
-1
48
1.0
60
0
100
AcDbText
1
428,81
10
1394955.71190406
20
359505.384495002
30
0.0
40
0.31111111111
41
1.0
50
0.0
51
0.0
7
Standard
11
1394955.71190406
21
359505.384495002
31
0.0
210
0.0
220
0.0
230
1.0
71
0
72
0
100
AcDbText
73
0
0
LWPOLYLINE
5
566
330
1C
100
AcDbEntity
67
0
8
8 - ценная историческая застройка конец ХIX - начало ХХ века
62
7
6
ByLayer
370
20
48
1.0
60
0
100
AcDbPolyline
90
5
70
1
38
0.0
39
0.0
10
1395332.2936895
20
359854.465725994
40
0.0
41
0.0
42
0.0
10
1395345.11398672
20
359851.335003468
40
0.0
41
0.0
42
0.0
10
1395337.60581383
20
359821.627864963
40
0.0
41
0.0
42
0.0
10
1395325.04459188
20
359824.78472174
40
0.0
41
0.0
42
0.0
10
1395332.2936895
20
359854.465725994
40
0.0
41
0.0
42
0.0
210
0.0
220
0.0
230
1.0
0
TEXT
5
567
330
1C
100
AcDbEntity
67
0
8
8 - ценная историческая застройка конец ХIX - начало ХХ века
62
7
6
ByLayer
370
-1
48
1.0
60
0
100
AcDbText
1
399,95
10
1395334.37278164
20
359837.959399953
30
0.0
40
0.31111111111
41
1.0
50
0.0
51
0.0
7
Standard
11
1395334.37278164
21
359837.959399953
31
0.0
210
0.0
220
0.0
230
1.0
71
0
72
0
100
AcDbText
73
0
0
LWPOLYLINE
5
568
330
1C
100
AcDbEntity
67
0
8
8 - ценная историческая застройка конец ХIX - начало ХХ века
62
7
6
ByLayer
370
20
48
1.0
60
0
100
AcDbPolyline
90
5
70
1
38
0.0
39
0.0
10
1398305.65453287
20
359256.589638089
40
0.0
41
0.0
42
0.0
10
1398291.43536356
20
359258.921785857
40
0.0
41
0.0
42
0.0
10
1398294.66674694
20
359279.451447847
40
0.0
41
0.0
42
0.0
10
1398308.82555351
20
359277.520939331
40
0.0
41
0.0
42
0.0
10
1398305.65453287
20
359256.589638089
40
0.0
41
0.0
42
0.0
210
0.0
220
0.0
230
1.0
0
TEXT
5
569
330
1C
100
AcDbEntity
67
0
8
8 - ценная историческая застройка конец ХIX - начало ХХ века
62
7
6
ByLayer
370
-1
48
1.0
60
0
100
AcDbText
1
300,90
10
1398299.50888127
20
359267.963534281
30
0.0
40
0.31111111111
41
1.0
50
0.0
51
0.0
7
Standard
11
1398299.50888127
21
359267.963534281
31
0.0
210
0.0
220
0.0
230
1.0
71
0
72
0
100
AcDbText
73
0
0
LWPOLYLINE
5
56A
330
1C
100
AcDbEntity
67
0
8
8 - ценная историческая застройка конец ХIX - начало ХХ века
62
7
6
ByLayer
370
20
48
1.0
60
0
100
AcDbPolyline
90
13
70
1
38
0.0
39
0.0
10
1398348.00267019
20
359282.431371256
40
0.0
41
0.0
42
0.0
10
1398369.97911514
20
359278.756204113
40
0.0
41
0.0
42
0.0
10
1398367.92649377
20
359266.482118796
40
0.0
41
0.0
42
0.0
10
1398365.7383913
20
359266.848039855
40
0.0
41
0.0
42
0.0
10
1398362.489709
20
359247.421859072
40
0.0
41
0.0
42
0.0
10
1398344.90845814
20
359250.362010129
40
0.0
41
0.0
42
0.0
10
1398346.66734888
20
359260.879667937
40
0.0
41
0.0
42
0.0
10
1398343.94481146
20
359261.33496374
40
0.0
41
0.0
42
0.0
10
1398344.59279734
20
359265.209732351
40
0.0
41
0.0
42
0.0
10
1398347.20078901
20
359264.773592309
40
0.0
41
0.0
42
0.0
10
1398348.06545663
20
359269.944055482
40
0.0
41
0.0
42
0.0
10
1398345.9729113
20
359270.2939963
40
0.0
41
0.0
42
0.0
10
1398348.00267019
20
359282.431371256
40
0.0
41
0.0
42
0.0
210
0.0
220
0.0
230
1.0
0
TEXT
5
56B
330
1C
100
AcDbEntity
67
0
8
8 - ценная историческая застройка конец ХIX - начало ХХ века
62
7
6
ByLayer
370
-1
48
1.0
60
0
100
AcDbText
1
639,36
10
1398355.64465755
20
359265.416589075
30
0.0
40
0.31111111111
41
1.0
50
0.0
51
0.0
7
Standard
11
1398355.64465755
21
359265.416589075
31
0.0
210
0.0
220
0.0
230
1.0
71
0
72
0
100
AcDbText
73
0
0
LWPOLYLINE
5
56C
330
1C
100
AcDbEntity
67
0
8
8 - ценная историческая застройка конец ХIX - начало ХХ века
62
7
6
ByLayer
370
20
48
1.0
60
0
100
AcDbPolyline
90
11
70
1
38
0.0
39
0.0
10
1394730.17898029
20
359467.031541018
40
0.0
41
0.0
42
0.0
10
1394745.70833643
20
359463.46229052
40
0.0
41
0.0
42
0.0
10
1394744.18356559
20
359457.846207292
40
0.0
41
0.0
42
0.0
10
1394741.6926425
20
359458.522494811
40
0.0
41
0.0
42
0.0
10
1394740.64296711
20
359454.656298018
40
0.0
41
0.0
42
0.0
10
1394741.97568751
20
359454.294463396
40
0.0
41
0.0
42
0.0
10
1394742.49799738
20
359456.218251187
40
0.0
41
0.0
42
0.0
10
1394745.4656353
20
359455.41253521
40
0.0
41
0.0
42
0.0
10
1394741.86263196
20
359442.215614444
40
0.0
41
0.0
42
0.0
10
1394725.26818289
20
359446.721020653
40
0.0
41
0.0
42
0.0
10
1394730.17898029
20
359467.031541018
40
0.0
41
0.0
42
0.0
210
0.0
220
0.0
230
1.0
0
TEXT
5
56D
330
1C
100
AcDbEntity
67
0
8
8 - ценная историческая застройка конец ХIX - начало ХХ века
62
7
6
ByLayer
370
-1
48
1.0
60
0
100
AcDbText
1
348,95
10
1394735.08734505
20
359454.423468539
30
0.0
40
0.31111111111
41
1.0
50
0.0
51
0.0
7
Standard
11
1394735.08734505
21
359454.423468539
31
0.0
210
0.0
220
0.0
230
1.0
71
0
72
0
100
AcDbText
73
0
0
LWPOLYLINE
5
56E
330
1C
100
AcDbEntity
67
0
8
8 - ценная историческая застройка конец ХIX - начало ХХ века
62
7
6
ByLayer
370
20
48
1.0
60
0
100
AcDbPolyline
90
15
70
1
38
0.0
39
0.0
10
1397062.10754874
20
359812.251342499
40
0.0
41
0.0
42
0.0
10
1397060.14682261
20
359812.724367393
40
0.0
41
0.0
42
0.0
10
1397061.19836428
20
359816.491338306
40
0.0
41
0.0
42
0.0
10
1397069.15576137
20
359814.270048374
40
0.0
41
0.0
42
0.0
10
1397070.03100334
20
359817.405455335
40
0.0
41
0.0
42
0.0
10
1397078.79380511
20
359815.000185556
40
0.0
41
0.0
42
0.0
10
1397077.70210532
20
359810.947580733
40
0.0
41
0.0
42
0.0
10
1397075.14825468
20
359811.635542768
40
0.0
41
0.0
42
0.0
10
1397074.374862
20
359808.764556782
40
0.0
41
0.0
42
0.0
10
1397070.9087116
20
359809.6982762
40
0.0
41
0.0
42
0.0
10
1397068.3970249
20
359800.374400825
40
0.0
41
0.0
42
0.0
10
1397066.43046652
20
359800.94229704
40
0.0
41
0.0
42
0.0
10
1397065.92284664
20
359799.031848673
40
0.0
41
0.0
42
0.0
10
1397059.18127772
20
359800.868069032
40
0.0
41
0.0
42
0.0
10
1397062.10754874
20
359812.251342499
40
0.0
41
0.0
42
0.0
210
0.0
220
0.0
230
1.0
0
TEXT
5
56F
330
1C
100
AcDbEntity
67
0
8
8 - ценная историческая застройка конец ХIX - начало ХХ века
62
7
6
ByLayer
370
-1
48
1.0
60
0
100
AcDbText
1
191,77
10
1397066.6882187
20
359809.024276079
30
0.0
40
0.31111111111
41
1.0
50
0.0
51
0.0
7
Standard
11
1397066.6882187
21
359809.024276079
31
0.0
210
0.0
220
0.0
230
1.0
71
0
72
0
100
AcDbText
73
0
0
LWPOLYLINE
5
570
330
1C
100
AcDbEntity
67
0
8
8 - ценная историческая застройка конец ХIX - начало ХХ века
62
7
6
ByLayer
370
20
48
1.0
60
0
100
AcDbPolyline
90
11
70
1
38
0.0
39
0.0
10
1397211.28130969
20
360027.000164186
40
0.0
41
0.0
42
0.0
10
1397215.58993299
20
360026.514917036
40
0.0
41
0.0
42
0.0
10
1397215.33951047
20
360023.821511097
40
0.0
41
0.0
42
0.0
10
1397224.41766882
20
360022.308589838
40
0.0
41
0.0
42
0.0
10
1397222.48872715
20
360009.493102069
40
0.0
41
0.0
42
0.0
10
1397213.73646785
20
360010.746073267
40
0.0
41
0.0
42
0.0
10
1397213.85119786
20
360012.199049847
40
0.0
41
0.0
42
0.0
10
1397210.11455007
20
360012.548027907
40
0.0
41
0.0
42
0.0
10
1397210.3642166
20
360015.404171548
40
0.0
41
0.0
42
0.0
10
1397209.18885653
20
360015.519460528
40
0.0
41
0.0
42
0.0
10
1397211.28130969
20
360027.000164186
40
0.0
41
0.0
42
0.0
210
0.0
220
0.0
230
1.0
0
TEXT
5
571
330
1C
100
AcDbEntity
67
0
8
8 - ценная историческая застройка конец ХIX - начало ХХ века
62
7
6
ByLayer
370
-1
48
1.0
60
0
100
AcDbText
1
183,97
10
1397216.00135453
20
360017.591458957
30
0.0
40
0.31111111111
41
1.0
50
0.0
51
0.0
7
Standard
11
1397216.00135453
21
360017.591458957
31
0.0
210
0.0
220
0.0
230
1.0
71
0
72
0
100
AcDbText
73
0
0
LWPOLYLINE
5
572
330
1C
100
AcDbEntity
67
0
8
8 - ценная историческая застройка конец ХIX - начало ХХ века
62
7
6
ByLayer
370
20
48
1.0
60
0
100
AcDbPolyline
90
11
70
1
38
0.0
39
0.0
10
1395541.35289851
20
359700.027923038
40
0.0
41
0.0
42
0.0
10
1395550.97584842
20
359701.293131116
40
0.0
41
0.0
42
0.0
10
1395551.48983448
20
359698.417210394
40
0.0
41
0.0
42
0.0
10
1395570.52335393
20
359701.115090675
40
0.0
41
0.0
42
0.0
10
1395570.21909347
20
359703.343037042
40
0.0
41
0.0
42
0.0
10
1395578.82704739
20
359704.707770907
40
0.0
41
0.0
42
0.0
10
1395581.45640551
20
359685.336041558
40
0.0
41
0.0
42
0.0
10
1395549.69700399
20
359681.033734957
40
0.0
41
0.0
42
0.0
10
1395549.72327732
20
359680.549094481
40
0.0
41
0.0
42
0.0
10
1395544.3967488
20
359679.742986762
40
0.0
41
0.0
42
0.0
10
1395541.35289851
20
359700.027923038
40
0.0
41
0.0
42
0.0
210
0.0
220
0.0
230
1.0
0
TEXT
5
573
330
1C
100
AcDbEntity
67
0
8
8 - ценная историческая застройка конец ХIX - начало ХХ века
62
7
6
ByLayer
370
-1
48
1.0
60
0
100
AcDbText
1
692,63
10
1395560.74245258
20
359691.755575755
30
0.0
40
0.31111111111
41
1.0
50
0.0
51
0.0
7
Standard
11
1395560.74245258
21
359691.755575755
31
0.0
210
0.0
220
0.0
230
1.0
71
0
72
0
100
AcDbText
73
0
0
LWPOLYLINE
5
574
330
1C
100
AcDbEntity
67
0
8
8 - ценная историческая застройка конец ХIX - начало ХХ века
62
7
6
ByLayer
370
20
48
1.0
60
0
100
AcDbPolyline
90
5
70
1
38
0.0
39
0.0
10
1394456.1702527
20
360308.954600769
40
0.0
41
0.0
42
0.0
10
1394458.54451315
20
360318.643239847
40
0.0
41
0.0
42
0.0
10
1394504.20043877
20
360307.927553891
40
0.0
41
0.0
42
0.0
10
1394501.86214843
20
360298.293806666
40
0.0
41
0.0
42
0.0
10
1394456.1702527
20
360308.954600769
40
0.0
41
0.0
42
0.0
210
0.0
220
0.0
230
1.0
0
TEXT
5
575
330
1C
100
AcDbEntity
67
0
8
8 - ценная историческая застройка конец ХIX - начало ХХ века
62
7
6
ByLayer
370
-1
48
1.0
60
0
100
AcDbText
1
466,35
10
1394479.51435451
20
360308.320371974
30
0.0
40
0.31111111111
41
1.0
50
0.0
51
0.0
7
Standard
11
1394479.51435451
21
360308.320371974
31
0.0
210
0.0
220
0.0
230
1.0
71
0
72
0
100
AcDbText
73
0
0
LWPOLYLINE
5
576
330
1C
100
AcDbEntity
67
0
8
8 - ценная историческая застройка конец ХIX - начало ХХ века
62
7
6
ByLayer
370
20
48
1.0
60
0
100
AcDbPolyline
90
15
70
1
38
0.0
39
0.0
10
1395555.41403103
20
360203.557708794
40
0.0
41
0.0
42
0.0
10
1395541.15859455
20
360206.919795994
40
0.0
41
0.0
42
0.0
10
1395543.85433088
20
360218.349868745
40
0.0
41
0.0
42
0.0
10
1395541.61962871
20
360218.87691416
40
0.0
41
0.0
42
0.0
10
1395542.48097625
20
360222.529076238
40
0.0
41
0.0
42
0.0
10
1395544.71567843
20
360222.002030844
40
0.0
41
0.0
42
0.0
10
1395547.38187005
20
360233.306834331
40
0.0
41
0.0
42
0.0
10
1395546.3222483
20
360233.556741765
40
0.0
41
0.0
42
0.0
10
1395550.82828704
20
360254.013708398
40
0.0
41
0.0
42
0.0
10
1395563.24943036
20
360251.132145701
40
0.0
41
0.0
42
0.0
10
1395559.353273
20
360233.733223013
40
0.0
41
0.0
42
0.0
10
1395560.46033348
20
360233.54325082
40
0.0
41
0.0
42
0.0
10
1395555.51679861
20
360211.593185242
40
0.0
41
0.0
42
0.0
10
1395557.05519978
20
360211.365233585
40
0.0
41
0.0
42
0.0
10
1395555.41403103
20
360203.557708794
40
0.0
41
0.0
42
0.0
210
0.0
220
0.0
230
1.0
0
TEXT
5
577
330
1C
100
AcDbEntity
67
0
8
8 - ценная историческая застройка конец ХIX - начало ХХ века
62
7
6
ByLayer
370
-1
48
1.0
60
0
100
AcDbText
1
639,61
10
1395551.67884001
20
360228.233104777
30
0.0
40
0.31111111111
41
1.0
50
0.0
51
0.0
7
Standard
11
1395551.67884001
21
360228.233104777
31
0.0
210
0.0
220
0.0
230
1.0
71
0
72
0
100
AcDbText
73
0
0
LWPOLYLINE
5
578
330
1C
100
AcDbEntity
67
0
8
8 - ценная историческая застройка конец ХIX - начало ХХ века
62
7
6
ByLayer
370
20
48
1.0
60
0
100
AcDbPolyline
90
2
70
0
38
0.0
39
0.0
10
1395540.32798328
20
360221.989234013
40
0.0
41
0.0
42
0.0
10
1395542.24691912
20
360221.536660817
40
0.0
41
0.0
42
0.0
210
0.0
220
0.0
230
1.0
0
LWPOLYLINE
5
579
330
1C
100
AcDbEntity
67
0
8
8 - ценная историческая застройка конец ХIX - начало ХХ века
62
7
6
ByLayer
370
20
48
1.0
60
0
100
AcDbPolyline
90
15
70
1
38
0.0
39
0.0
10
1395385.25805671
20
360117.752700612
40
0.0
41
0.0
42
0.0
10
1395388.69419884
20
360129.637853936
40
0.0
41
0.0
42
0.0
10
1395390.65406415
20
360129.093890066
40
0.0
41
0.0
42
0.0
10
1395391.58221433
20
360132.206587751
40
0.0
41
0.0
42
0.0
10
1395402.73713127
20
360129.213028685
40
0.0
41
0.0
42
0.0
10
1395401.35634542
20
360124.069850628
40
0.0
41
0.0
42
0.0
10
1395399.90748484
20
360124.458825349
40
0.0
41
0.0
42
0.0
10
1395398.8702189
20
360120.595197142
40
0.0
41
0.0
42
0.0
10
1395402.73384711
20
360119.557931177
40
0.0
41
0.0
42
0.0
10
1395403.03265086
20
360120.724021303
40
0.0
41
0.0
42
0.0
10
1395406.41609626
20
360119.857033301
40
0.0
41
0.0
42
0.0
10
1395404.57228076
20
360111.94907077
40
0.0
41
0.0
42
0.0
10
1395395.96497814
20
360114.101218274
40
0.0
41
0.0
42
0.0
10
1395396.1308118
20
360114.810523474
40
0.0
41
0.0
42
0.0
10
1395385.25805671
20
360117.752700612
40
0.0
41
0.0
42
0.0
210
0.0
220
0.0
230
1.0
0
TEXT
5
57A
330
1C
100
AcDbEntity
67
0
8
8 - ценная историческая застройка конец ХIX - начало ХХ века
62
7
6
ByLayer
370
-1
48
1.0
60
0
100
AcDbText
1
250,80
10
1395394.97653761
20
360121.734337053
30
0.0
40
0.31111111111
41
1.0
50
0.0
51
0.0
7
Standard
11
1395394.97653761
21
360121.734337053
31
0.0
210
0.0
220
0.0
230
1.0
71
0
72
0
100
AcDbText
73
0
0
LWPOLYLINE
5
57B
330
1C
100
AcDbEntity
67
0
8
8 - ценная историческая застройка конец ХIX - начало ХХ века
62
7
6
ByLayer
370
20
48
1.0
60
0
100
AcDbPolyline
90
2
70
0
38
0.0
39
0.0
10
1395406.41609626
20
360119.857033301
40
0.0
41
0.0
42
0.0
10
1395409.6571232
20
360119.012816335
40
0.0
41
0.0
42
0.0
210
0.0
220
0.0
230
1.0
0
LWPOLYLINE
5
57C
330
1C
100
AcDbEntity
67
0
8
8 - ценная историческая застройка конец ХIX - начало ХХ века
62
7
6
ByLayer
370
20
48
1.0
60
0
100
AcDbPolyline
90
2
70
0
38
0.0
39
0.0
10
1395409.6571232
20
360119.012816335
40
0.0
41
0.0
42
0.0
10
1395408.26687104
20
360113.719787159
40
0.0
41
0.0
42
0.0
210
0.0
220
0.0
230
1.0
0
LWPOLYLINE
5
57D
330
1C
100
AcDbEntity
67
0
8
8 - ценная историческая застройка конец ХIX - начало ХХ века
62
7
6
ByLayer
370
20
48
1.0
60
0
100
AcDbPolyline
90
2
70
0
38
0.0
39
0.0
10
1395408.26687104
20
360113.719787159
40
0.0
41
0.0
42
0.0
10
1395407.63957053
20
360111.160127376
40
0.0
41
0.0
42
0.0
210
0.0
220
0.0
230
1.0
0
LWPOLYLINE
5
57E
330
1C
100
AcDbEntity
67
0
8
8 - ценная историческая застройка конец ХIX - начало ХХ века
62
7
6
ByLayer
370
20
48
1.0
60
0
100
AcDbPolyline
90
2
70
0
38
0.0
39
0.0
10
1395407.63957053
20
360111.160127376
40
0.0
41
0.0
42
0.0
10
1395404.57228076
20
360111.94907077
40
0.0
41
0.0
42
0.0
210
0.0
220
0.0
230
1.0
0
LWPOLYLINE
5
57F
330
1C
100
AcDbEntity
67
0
8
8 - ценная историческая застройка конец ХIX - начало ХХ века
62
7
6
ByLayer
370
20
48
1.0
60
0
100
AcDbPolyline
90
5
70
1
38
0.0
39
0.0
10
1397871.32185813
20
359059.847335987
40
0.0
41
0.0
42
0.0
10
1397925.94516433
20
359057.176499236
40
0.0
41
0.0
42
0.0
10
1397925.26707779
20
359043.30844379
40
0.0
41
0.0
42
0.0
10
1397870.6437718
20
359045.979282482
40
0.0
41
0.0
42
0.0
10
1397871.32185813
20
359059.847335987
40
0.0
41
0.0
42
0.0
210
0.0
220
0.0
230
1.0
0
TEXT
5
580
330
1C
100
AcDbEntity
67
0
8
8 - ценная историческая застройка конец ХIX - начало ХХ века
62
7
6
ByLayer
370
-1
48
1.0
60
0
100
AcDbText
1
759,15
10
1397897.63816515
20
359051.438322001
30
0.0
40
0.31111111111
41
1.0
50
0.0
51
0.0
7
Standard
11
1397897.63816515
21
359051.438322001
31
0.0
210
0.0
220
0.0
230
1.0
71
0
72
0
100
AcDbText
73
0
0
LWPOLYLINE
5
581
330
1C
100
AcDbEntity
67
0
8
8 - ценная историческая застройка конец ХIX - начало ХХ века
62
7
6
ByLayer
370
20
48
1.0
60
0
100
AcDbPolyline
90
5
70
1
38
0.0
39
0.0
10
1397925.94516433
20
359057.176499236
40
0.0
41
0.0
42
0.0
10
1397946.448332
20
359056.173985422
40
0.0
41
0.0
42
0.0
10
1397945.77024539
20
359042.305929246
40
0.0
41
0.0
42
0.0
10
1397925.26707779
20
359043.30844379
40
0.0
41
0.0
42
0.0
10
1397925.94516433
20
359057.176499236
40
0.0
41
0.0
42
0.0
210
0.0
220
0.0
230
1.0
0
TEXT
5
582
330
1C
100
AcDbEntity
67
0
8
8 - ценная историческая застройка конец ХIX - начало ХХ века
62
7
6
ByLayer
370
-1
48
1.0
60
0
100
AcDbText
1
284,95
10
1397935.20140276
20
359049.601646003
30
0.0
40
0.31111111111
41
1.0
50
0.0
51
0.0
7
Standard
11
1397935.20140276
21
359049.601646003
31
0.0
210
0.0
220
0.0
230
1.0
71
0
72
0
100
AcDbText
73
0
0
LWPOLYLINE
5
583
330
1C
100
AcDbEntity
67
0
8
8 - ценная историческая застройка конец ХIX - начало ХХ века
62
7
6
ByLayer
370
20
48
1.0
60
0
100
AcDbPolyline
90
5
70
1
38
0.0
39
0.0
10
1397945.77024539
20
359042.305929246
40
0.0
41
0.0
42
0.0
10
1397946.448332
20
359056.173985422
40
0.0
41
0.0
42
0.0
10
1397988.46120528
20
359053.306128316
40
0.0
41
0.0
42
0.0
10
1397987.54790016
20
359039.8396918
40
0.0
41
0.0
42
0.0
10
1397945.77024539
20
359042.305929246
40
0.0
41
0.0
42
0.0
210
0.0
220
0.0
230
1.0
0
TEXT
5
584
330
1C
100
AcDbEntity
67
0
8
8 - ценная историческая застройка конец ХIX - начало ХХ века
62
7
6
ByLayer
370
-1
48
1.0
60
0
100
AcDbText
1
574,58
10
1397966.30262231
20
359047.780133901
30
0.0
40
0.31111111111
41
1.0
50
0.0
51
0.0
7
Standard
11
1397966.30262231
21
359047.780133901
31
0.0
210
0.0
220
0.0
230
1.0
71
0
72
0
100
AcDbText
73
0
0
LWPOLYLINE
5
585
330
1C
100
AcDbEntity
67
0
8
8 - ценная историческая застройка конец ХIX - начало ХХ века
62
7
6
ByLayer
370
20
48
1.0
60
0
100
AcDbPolyline
90
5
70
1
38
0.0
39
0.0
10
1397987.58603668
20
359040.402005364
40
0.0
41
0.0
42
0.0
10
1397988.46120528
20
359053.306128316
40
0.0
41
0.0
42
0.0
10
1398029.80007747
20
359051.478307702
40
0.0
41
0.0
42
0.0
10
1398029.10252921
20
359038.198164031
40
0.0
41
0.0
42
0.0
10
1397987.58603668
20
359040.402005364
40
0.0
41
0.0
42
0.0
210
0.0
220
0.0
230
1.0
0
TEXT
5
586
330
1C
100
AcDbEntity
67
0
8
8 - ценная историческая застройка конец ХIX - начало ХХ века
62
7
6
ByLayer
370
-1
48
1.0
60
0
100
AcDbText
1
543,83
10
1398008.17743611
20
359045.696625833
30
0.0
40
0.31111111111
41
1.0
50
0.0
51
0.0
7
Standard
11
1398008.17743611
21
359045.696625833
31
0.0
210
0.0
220
0.0
230
1.0
71
0
72
0
100
AcDbText
73
0
0
LWPOLYLINE
5
587
330
1C
100
AcDbEntity
67
0
8
8 - ценная историческая застройка конец ХIX - начало ХХ века
62
7
6
ByLayer
370
20
48
1.0
60
0
100
AcDbPolyline
90
5
70
1
38
0.0
39
0.0
10
1398042.37526952
20
359079.430505715
40
0.0
41
0.0
42
0.0
10
1398120.73508082
20
359075.108510918
40
0.0
41
0.0
42
0.0
10
1398120.00534519
20
359061.878064154
40
0.0
41
0.0
42
0.0
10
1398041.64553419
20
359066.200061605
40
0.0
41
0.0
42
0.0
10
1398042.37526952
20
359079.430505715
40
0.0
41
0.0
42
0.0
210
0.0
220
0.0
230
1.0
0
TEXT
5
588
330
1C
100
AcDbEntity
67
0
8
8 - ценная историческая застройка конец ХIX - начало ХХ века
62
7
6
ByLayer
370
-1
48
1.0
60
0
100
AcDbText
1
1 039,64
10
1398080.34088785
20
359070.511761039
30
0.0
40
0.31111111111
41
1.0
50
0.0
51
0.0
7
Standard
11
1398080.34088785
21
359070.511761039
31
0.0
210
0.0
220
0.0
230
1.0
71
0
72
0
100
AcDbText
73
0
0
LWPOLYLINE
5
589
330
1C
100
AcDbEntity
67
0
8
8 - ценная историческая застройка конец ХIX - начало ХХ века
62
7
6
ByLayer
370
20
48
1.0
60
0
100
AcDbPolyline
90
5
70
1
38
0.0
39
0.0
10
1398134.5704572
20
359029.307830824
40
0.0
41
0.0
42
0.0
10
1398135.3741036
20
359044.275468359
40
0.0
41
0.0
42
0.0
10
1398170.20933738
20
359042.405086252
40
0.0
41
0.0
42
0.0
10
1398169.40569084
20
359027.437447384
40
0.0
41
0.0
42
0.0
10
1398134.5704572
20
359029.307830824
40
0.0
41
0.0
42
0.0
210
0.0
220
0.0
230
1.0
0
TEXT
5
58A
330
1C
100
AcDbEntity
67
0
8
8 - ценная историческая застройка конец ХIX - начало ХХ века
62
7
6
ByLayer
370
-1
48
1.0
60
0
100
AcDbText
1
522,78
10
1398151.73359447
20
359035.716890003
30
0.0
40
0.31111111111
41
1.0
50
0.0
51
0.0
7
Standard
11
1398151.73359447
21
359035.716890003
31
0.0
210
0.0
220
0.0
230
1.0
71
0
72
0
100
AcDbText
73
0
0
LWPOLYLINE
5
58B
330
1C
100
AcDbEntity
67
0
8
8 - ценная историческая застройка конец ХIX - начало ХХ века
62
7
6
ByLayer
370
20
48
1.0
60
0
100
AcDbPolyline
90
5
70
1
38
0.0
39
0.0
10
1398040.78235881
20
359050.844247136
40
0.0
41
0.0
42
0.0
10
1398119.15757168
20
359046.674831693
40
0.0
41
0.0
42
0.0
10
1398118.44474711
20
359033.319857151
40
0.0
41
0.0
42
0.0
10
1398040.07262842
20
359037.502986408
40
0.0
41
0.0
42
0.0
10
1398040.78235881
20
359050.844247136
40
0.0
41
0.0
42
0.0
210
0.0
220
0.0
230
1.0
0
TEXT
5
58C
330
1C
100
AcDbEntity
67
0
8
8 - ценная историческая застройка конец ХIX - начало ХХ века
62
7
6
ByLayer
370
-1
48
1.0
60
0
100
AcDbText
1
1 048,86
10
1398078.77167894
20
359041.942628788
30
0.0
40
0.31111111111
41
1.0
50
0.0
51
0.0
7
Standard
11
1398078.77167894
21
359041.942628788
31
0.0
210
0.0
220
0.0
230
1.0
71
0
72
0
100
AcDbText
73
0
0
LWPOLYLINE
5
58D
330
1C
100
AcDbEntity
67
0
8
8 - ценная историческая застройка конец ХIX - начало ХХ века
62
7
6
ByLayer
370
20
48
1.0
60
0
100
AcDbPolyline
90
5
70
1
38
0.0
39
0.0
10
1394860.71850459
20
360126.889298984
40
0.0
41
0.0
42
0.0
10
1394866.0923519
20
360148.716580718
40
0.0
41
0.0
42
0.0
10
1394875.73705422
20
360146.276784755
40
0.0
41
0.0
42
0.0
10
1394870.2049284
20
360124.486447896
40
0.0
41
0.0
42
0.0
10
1394860.71850459
20
360126.889298984
40
0.0
41
0.0
42
0.0
210
0.0
220
0.0
230
1.0
0
TEXT
5
58E
330
1C
100
AcDbEntity
67
0
8
8 - ценная историческая застройка конец ХIX - начало ХХ века
62
7
6
ByLayer
370
-1
48
1.0
60
0
100
AcDbText
1
221,77
10
1394867.53950474
20
360136.482610458
30
0.0
40
0.31111111111
41
1.0
50
0.0
51
0.0
7
Standard
11
1394867.53950474
21
360136.482610458
31
0.0
210
0.0
220
0.0
230
1.0
71
0
72
0
100
AcDbText
73
0
0
LWPOLYLINE
5
58F
330
1C
100
AcDbEntity
67
0
8
8 - ценная историческая застройка конец ХIX - начало ХХ века
62
7
6
ByLayer
370
20
48
1.0
60
0
100
AcDbPolyline
90
10
70
1
38
0.0
39
0.0
10
1394824.60211061
20
360043.726907234
40
0.0
41
0.0
42
0.0
10
1394798.91610121
20
360050.925333109
40
0.0
41
0.0
42
0.0
10
1394802.43330013
20
360063.572037628
40
0.0
41
0.0
42
0.0
10
1394824.66540394
20
360057.23093385
40
0.0
41
0.0
42
0.0
10
1394827.234304
20
360054.074544152
40
0.0
41
0.0
42
0.0
10
1394826.45282336
20
360050.936658544
40
0.0
41
0.0
42
0.0
10
1394830.18035001
20
360049.803675435
40
0.0
41
0.0
42
0.0
10
1394835.45493356
20
360043.703037744
40
0.0
41
0.0
42
0.0
10
1394834.63750614
20
360040.909891976
40
0.0
41
0.0
42
0.0
10
1394824.60211061
20
360043.726907234
40
0.0
41
0.0
42
0.0
210
0.0
220
0.0
230
1.0
0
TEXT
5
590
330
1C
100
AcDbEntity
67
0
8
8 - ценная историческая застройка конец ХIX - начало ХХ века
62
7
6
ByLayer
370
-1
48
1.0
60
0
100
AcDbText
1
405,53
10
1394815.16378833
20
360052.22811655
30
0.0
40
0.31111111111
41
1.0
50
0.0
51
0.0
7
Standard
11
1394815.16378833
21
360052.22811655
31
0.0
210
0.0
220
0.0
230
1.0
71
0
72
0
100
AcDbText
73
0
0
LWPOLYLINE
5
591
330
1C
100
AcDbEntity
67
0
8
8 - ценная историческая застройка конец ХIX - начало ХХ века
62
7
6
ByLayer
370
20
48
1.0
60
0
100
AcDbPolyline
90
15
70
1
38
0.0
39
0.0
10
1394764.4303831
20
360059.979642354
40
0.0
41
0.0
42
0.0
10
1394768.06782262
20
360072.282993385
40
0.0
41
0.0
42
0.0
10
1394770.67384014
20
360071.553982747
40
0.0
41
0.0
42
0.0
10
1394771.03318994
20
360072.825364436
40
0.0
41
0.0
42
0.0
10
1394778.18685011
20
360070.758801126
40
0.0
41
0.0
42
0.0
10
1394777.86895067
20
360069.401452487
40
0.0
41
0.0
42
0.0
10
1394788.98670779
20
360066.416839259
40
0.0
41
0.0
42
0.0
10
1394789.57194572
20
360068.696314103
40
0.0
41
0.0
42
0.0
10
1394793.88319417
20
360067.372011576
40
0.0
41
0.0
42
0.0
10
1394793.40213698
20
360065.474217918
40
0.0
41
0.0
42
0.0
10
1394802.23126379
20
360063.048826383
40
0.0
41
0.0
42
0.0
10
1394798.91610121
20
360050.925333109
40
0.0
41
0.0
42
0.0
10
1394795.63773704
20
360051.84408464
40
0.0
41
0.0
42
0.0
10
1394795.51786025
20
360051.413422967
40
0.0
41
0.0
42
0.0
10
1394764.4303831
20
360059.979642354
40
0.0
41
0.0
42
0.0
210
0.0
220
0.0
230
1.0
0
TEXT
5
592
330
1C
100
AcDbEntity
67
0
8
8 - ценная историческая застройка конец ХIX - начало ХХ века
62
7
6
ByLayer
370
-1
48
1.0
60
0
100
AcDbText
1
473,34
10
1394782.70778419
20
360061.596428175
30
0.0
40
0.31111111111
41
1.0
50
0.0
51
0.0
7
Standard
11
1394782.70778419
21
360061.596428175
31
0.0
210
0.0
220
0.0
230
1.0
71
0
72
0
100
AcDbText
73
0
0
LWPOLYLINE
5
593
330
1C
100
AcDbEntity
67
0
8
8 - ценная историческая застройка конец ХIX - начало ХХ века
62
7
6
ByLayer
370
20
48
1.0
60
0
100
AcDbPolyline
90
5
70
1
38
0.0
39
0.0
10
1394742.38797937
20
360289.557307816
40
0.0
41
0.0
42
0.0
10
1394762.85162476
20
360284.347555018
40
0.0
41
0.0
42
0.0
10
1394759.84408651
20
360271.884858143
40
0.0
41
0.0
42
0.0
10
1394739.08828872
20
360276.908400016
40
0.0
41
0.0
42
0.0
10
1394742.38797937
20
360289.557307816
40
0.0
41
0.0
42
0.0
210
0.0
220
0.0
230
1.0
0
TEXT
5
594
330
1C
100
AcDbEntity
67
0
8
8 - ценная историческая застройка конец ХIX - начало ХХ века
62
7
6
ByLayer
370
-1
48
1.0
60
0
100
AcDbText
1
274,85
10
1394750.35043767
20
360280.531501516
30
0.0
40
0.31111111111
41
1.0
50
0.0
51
0.0
7
Standard
11
1394750.35043767
21
360280.531501516
31
0.0
210
0.0
220
0.0
230
1.0
71
0
72
0
100
AcDbText
73
0
0
LWPOLYLINE
5
595
330
1C
100
AcDbEntity
67
0
8
8 - ценная историческая застройка конец ХIX - начало ХХ века
62
7
6
ByLayer
370
20
48
1.0
60
0
100
AcDbPolyline
90
9
70
1
38
0.0
39
0.0
10
1395196.69121705
20
360185.175038963
40
0.0
41
0.0
42
0.0
10
1395201.36547546
20
360203.930859661
40
0.0
41
0.0
42
0.0
10
1395216.1643113
20
360200.286578459
40
0.0
41
0.0
42
0.0
10
1395215.03904143
20
360195.388238226
40
0.0
41
0.0
42
0.0
10
1395213.3529284
20
360195.762511562
40
0.0
41
0.0
42
0.0
10
1395211.64854535
20
360188.184696667
40
0.0
41
0.0
42
0.0
10
1395208.5963171
20
360188.938143171
40
0.0
41
0.0
42
0.0
10
1395207.051568
20
360182.693075237
40
0.0
41
0.0
42
0.0
10
1395196.69121705
20
360185.175038963
40
0.0
41
0.0
42
0.0
210
0.0
220
0.0
230
1.0
0
TEXT
5
596
330
1C
100
AcDbEntity
67
0
8
8 - ценная историческая застройка конец ХIX - начало ХХ века
62
7
6
ByLayer
370
-1
48
1.0
60
0
100
AcDbText
1
252,54
10
1395205.03031236
20
360193.535233981
30
0.0
40
0.31111111111
41
1.0
50
0.0
51
0.0
7
Standard
11
1395205.03031236
21
360193.535233981
31
0.0
210
0.0
220
0.0
230
1.0
71
0
72
0
100
AcDbText
73
0
0
LWPOLYLINE
5
597
330
1C
100
AcDbEntity
67
0
8
8 - ценная историческая застройка конец ХIX - начало ХХ века
62
7
6
ByLayer
370
20
48
1.0
60
0
100
AcDbPolyline
90
8
70
1
38
0.0
39
0.0
10
1395209.58335335
20
360212.678585855
40
0.0
41
0.0
42
0.0
10
1395200.9583395
20
360215.113553985
40
0.0
41
0.0
42
0.0
10
1395201.47351212
20
360217.060191216
40
0.0
41
0.0
42
0.0
10
1395202.79242501
20
360216.711144259
40
0.0
41
0.0
42
0.0
10
1395203.8372142
20
360220.65899694
40
0.0
41
0.0
42
0.0
10
1395222.08546091
20
360214.649271052
40
0.0
41
0.0
42
0.0
10
1395220.19609728
20
360209.081684888
40
0.0
41
0.0
42
0.0
10
1395209.58335335
20
360212.678585855
40
0.0
41
0.0
42
0.0
210
0.0
220
0.0
230
1.0
0
TEXT
5
598
330
1C
100
AcDbEntity
67
0
8
8 - ценная историческая застройка конец ХIX - начало ХХ века
62
7
6
ByLayer
370
-1
48
1.0
60
0
100
AcDbText
1
114,47
10
1395211.16671641
20
360214.749937383
30
0.0
40
0.31111111111
41
1.0
50
0.0
51
0.0
7
Standard
11
1395211.16671641
21
360214.749937383
31
0.0
210
0.0
220
0.0
230
1.0
71
0
72
0
100
AcDbText
73
0
0
LWPOLYLINE
5
599
330
1C
100
AcDbEntity
67
0
8
8 - ценная историческая застройка конец ХIX - начало ХХ века
62
7
6
ByLayer
370
20
48
1.0
60
0
100
AcDbPolyline
90
9
70
1
38
0.0
39
0.0
10
1395201.47351212
20
360217.060191216
40
0.0
41
0.0
42
0.0
10
1395200.83509922
20
360214.64787683
40
0.0
41
0.0
42
0.0
10
1395194.83905301
20
360216.206037485
40
0.0
41
0.0
42
0.0
10
1395196.75914192
20
360223.431811264
40
0.0
41
0.0
42
0.0
10
1395202.68594566
20
360221.863297758
40
0.0
41
0.0
42
0.0
10
1395202.56517978
20
360221.406970359
40
0.0
41
0.0
42
0.0
10
1395203.93894717
20
360221.043406313
40
0.0
41
0.0
42
0.0
10
1395202.79242501
20
360216.711144259
40
0.0
41
0.0
42
0.0
10
1395201.47351212
20
360217.060191216
40
0.0
41
0.0
42
0.0
210
0.0
220
0.0
230
1.0
0
TEXT
5
59A
330
1C
100
AcDbEntity
67
0
8
8 - ценная историческая застройка конец ХIX - начало ХХ века
62
7
6
ByLayer
370
-1
48
1.0
60
0
100
AcDbText
1
52,28
10
1395198.7197103
20
360218.896604678
30
0.0
40
0.31111111111
41
1.0
50
0.0
51
0.0
7
Standard
11
1395198.7197103
21
360218.896604678
31
0.0
210
0.0
220
0.0
230
1.0
71
0
72
0
100
AcDbText
73
0
0
LWPOLYLINE
5
59B
330
1C
100
AcDbEntity
67
0
8
8 - ценная историческая застройка конец ХIX - начало ХХ века
62
7
6
ByLayer
370
20
48
1.0
60
0
100
AcDbPolyline
90
11
70
1
38
0.0
39
0.0
10
1395235.33554317
20
360232.610513419
40
0.0
41
0.0
42
0.0
10
1395241.50920273
20
360230.668865325
40
0.0
41
0.0
42
0.0
10
1395241.08033263
20
360229.176776866
40
0.0
41
0.0
42
0.0
10
1395246.05782592
20
360227.722137655
40
0.0
41
0.0
42
0.0
10
1395240.05705593
20
360209.207883899
40
0.0
41
0.0
42
0.0
10
1395226.59268354
20
360213.615421533
40
0.0
41
0.0
42
0.0
10
1395227.92179212
20
360217.879993925
40
0.0
41
0.0
42
0.0
10
1395228.40665334
20
360217.720324002
40
0.0
41
0.0
42
0.0
10
1395230.30910363
20
360223.497394401
40
0.0
41
0.0
42
0.0
10
1395232.03329659
20
360222.956683427
40
0.0
41
0.0
42
0.0
10
1395235.33554317
20
360232.610513419
40
0.0
41
0.0
42
0.0
210
0.0
220
0.0
230
1.0
0
TEXT
5
59C
330
1C
100
AcDbEntity
67
0
8
8 - ценная историческая застройка конец ХIX - начало ХХ века
62
7
6
ByLayer
370
-1
48
1.0
60
0
100
AcDbText
1
260,16
10
1395236.12024126
20
360220.3022069
30
0.0
40
0.31111111111
41
1.0
50
0.0
51
0.0
7
Standard
11
1395236.12024126
21
360220.3022069
31
0.0
210
0.0
220
0.0
230
1.0
71
0
72
0
100
AcDbText
73
0
0
LWPOLYLINE
5
59D
330
1C
100
AcDbEntity
67
0
8
8 - ценная историческая застройка конец ХIX - начало ХХ века
62
7
6
ByLayer
370
20
48
1.0
60
0
100
AcDbPolyline
90
5
70
1
38
0.0
39
0.0
10
1395030.09181472
20
360021.844266795
40
0.0
41
0.0
42
0.0
10
1395028.04968964
20
360012.516434606
40
0.0
41
0.0
42
0.0
10
1395020.50064418
20
360014.169133264
40
0.0
41
0.0
42
0.0
10
1395022.55939237
20
360023.572895205
40
0.0
41
0.0
42
0.0
10
1395030.09181472
20
360021.844266795
40
0.0
41
0.0
42
0.0
210
0.0
220
0.0
230
1.0
0
TEXT
5
59E
330
1C
100
AcDbEntity
67
0
8
8 - ценная историческая застройка конец ХIX - начало ХХ века
62
7
6
ByLayer
370
-1
48
1.0
60
0
100
AcDbText
1
74,08
10
1395024.76777714
20
360017.889223903
30
0.0
40
0.31111111111
41
1.0
50
0.0
51
0.0
7
Standard
11
1395024.76777714
21
360017.889223903
31
0.0
210
0.0
220
0.0
230
1.0
71
0
72
0
100
AcDbText
73
0
0
LWPOLYLINE
5
59F
330
1C
100
AcDbEntity
67
0
8
8 - ценная историческая застройка конец ХIX - начало ХХ века
62
7
6
ByLayer
370
20
48
1.0
60
0
100
AcDbPolyline
90
5
70
1
38
0.0
39
0.0
10
1395001.54681175
20
360044.114369903
40
0.0
41
0.0
42
0.0
10
1394983.56239403
20
360043.562906122
40
0.0
41
0.0
42
0.0
10
1394983.26632796
20
360053.218252505
40
0.0
41
0.0
42
0.0
10
1395001.25074565
20
360053.769716728
40
0.0
41
0.0
42
0.0
10
1395001.54681175
20
360044.114369903
40
0.0
41
0.0
42
0.0
210
0.0
220
0.0
230
1.0
0
TEXT
5
5A0
330
1C
100
AcDbEntity
67
0
8
8 - ценная историческая застройка конец ХIX - начало ХХ века
62
7
6
ByLayer
370
-1
48
1.0
60
0
100
AcDbText
1
173,77
10
1394991.75027299
20
360048.526738593
30
0.0
40
0.31111111111
41
1.0
50
0.0
51
0.0
7
Standard
11
1394991.75027299
21
360048.526738593
31
0.0
210
0.0
220
0.0
230
1.0
71
0
72
0
100
AcDbText
73
0
0
LWPOLYLINE
5
5A1
330
1C
100
AcDbEntity
67
0
8
8 - ценная историческая застройка конец ХIX - начало ХХ века
62
7
6
ByLayer
370
20
48
1.0
60
0
100
AcDbPolyline
90
7
70
1
38
0.0
39
0.0
10
1394962.22657734
20
360093.601189531
40
0.0
41
0.0
42
0.0
10
1394969.06369207
20
360095.039509715
40
0.0
41
0.0
42
0.0
10
1394973.50227591
20
360075.387937675
40
0.0
41
0.0
42
0.0
10
1394969.86657086
20
360074.550809486
40
0.0
41
0.0
42
0.0
10
1394969.13546601
20
360077.428726347
40
0.0
41
0.0
42
0.0
10
1394966.00213661
20
360076.816099875
40
0.0
41
0.0
42
0.0
10
1394962.22657734
20
360093.601189531
40
0.0
41
0.0
42
0.0
210
0.0
220
0.0
230
1.0
0
TEXT
5
5A2
330
1C
100
AcDbEntity
67
0
8
8 - ценная историческая застройка конец ХIX - начало ХХ века
62
7
6
ByLayer
370
-1
48
1.0
60
0
100
AcDbText
1
131,60
10
1394967.20472099
20
360084.970345377
30
0.0
40
0.31111111111
41
1.0
50
0.0
51
0.0
7
Standard
11
1394967.20472099
21
360084.970345377
31
0.0
210
0.0
220
0.0
230
1.0
71
0
72
0
100
AcDbText
73
0
0
LWPOLYLINE
5
5A3
330
1C
100
AcDbEntity
67
0
8
8 - ценная историческая застройка конец ХIX - начало ХХ века
62
7
6
ByLayer
370
20
48
1.0
60
0
100
AcDbPolyline
90
5
70
1
38
0.0
39
0.0
10
1394995.59010884
20
360053.594537786
40
0.0
41
0.0
42
0.0
10
1394990.84461327
20
360076.428238868
40
0.0
41
0.0
42
0.0
10
1394998.43312388
20
360078.008880992
40
0.0
41
0.0
42
0.0
10
1395003.49656745
20
360054.002020521
40
0.0
41
0.0
42
0.0
10
1394995.59010884
20
360053.594537786
40
0.0
41
0.0
42
0.0
210
0.0
220
0.0
230
1.0
0
TEXT
5
5A4
330
1C
100
AcDbEntity
67
0
8
8 - ценная историческая застройка конец ХIX - начало ХХ века
62
7
6
ByLayer
370
-1
48
1.0
60
0
100
AcDbText
1
186,28
10
1394996.47110896
20
360065.355297686
30
0.0
40
0.31111111111
41
1.0
50
0.0
51
0.0
7
Standard
11
1394996.47110896
21
360065.355297686
31
0.0
210
0.0
220
0.0
230
1.0
71
0
72
0
100
AcDbText
73
0
0
LWPOLYLINE
5
5A5
330
1C
100
AcDbEntity
67
0
8
8 - ценная историческая застройка конец ХIX - начало ХХ века
62
7
6
ByLayer
370
20
48
1.0
60
0
100
AcDbPolyline
90
5
70
1
38
0.0
39
0.0
10
1394963.55795139
20
360066.800085764
40
0.0
41
0.0
42
0.0
10
1394989.09845486
20
360068.120119639
40
0.0
41
0.0
42
0.0
10
1394989.93393262
20
360057.401136415
40
0.0
41
0.0
42
0.0
10
1394964.098958
20
360056.142653358
40
0.0
41
0.0
42
0.0
10
1394963.55795139
20
360066.800085764
40
0.0
41
0.0
42
0.0
210
0.0
220
0.0
230
1.0
0
TEXT
5
5A6
330
1C
100
AcDbEntity
67
0
8
8 - ценная историческая застройка конец ХIX - начало ХХ века
62
7
6
ByLayer
370
-1
48
1.0
60
0
100
AcDbText
1
275,38
10
1394976.03191191
20
360061.967150347
30
0.0
40
0.31111111111
41
1.0
50
0.0
51
0.0
7
Standard
11
1394976.03191191
21
360061.967150347
31
0.0
210
0.0
220
0.0
230
1.0
71
0
72
0
100
AcDbText
73
0
0
LWPOLYLINE
5
5A7
330
1C
100
AcDbEntity
67
0
8
8 - ценная историческая застройка конец ХIX - начало ХХ века
62
7
6
ByLayer
370
20
48
1.0
60
0
100
AcDbPolyline
90
5
70
1
38
0.0
39
0.0
10
1394951.08984037
20
360093.376962795
40
0.0
41
0.0
42
0.0
10
1394956.9533394
20
360094.687800765
40
0.0
41
0.0
42
0.0
10
1394962.66462468
20
360070.791913925
40
0.0
41
0.0
42
0.0
10
1394956.47014111
20
360069.346284524
40
0.0
41
0.0
42
0.0
10
1394951.08984037
20
360093.376962795
40
0.0
41
0.0
42
0.0
210
0.0
220
0.0
230
1.0
0
TEXT
5
5A8
330
1C
100
AcDbEntity
67
0
8
8 - ценная историческая застройка конец ХIX - начало ХХ века
62
7
6
ByLayer
370
-1
48
1.0
60
0
100
AcDbText
1
152,08
10
1394956.1633801
20
360081.796964284
30
0.0
40
0.31111111111
41
1.0
50
0.0
51
0.0
7
Standard
11
1394956.1633801
21
360081.796964284
31
0.0
210
0.0
220
0.0
230
1.0
71
0
72
0
100
AcDbText
73
0
0
LWPOLYLINE
5
5A9
330
1C
100
AcDbEntity
67
0
8
8 - ценная историческая застройка конец ХIX - начало ХХ века
62
7
6
ByLayer
370
20
48
1.0
60
0
100
AcDbPolyline
90
2
70
0
38
0.0
39
0.0
10
1394962.22657734
20
360093.601189531
40
0.0
41
0.0
42
0.0
10
1394969.06369207
20
360095.039509715
40
0.0
41
0.0
42
0.0
210
0.0
220
0.0
230
1.0
0
LWPOLYLINE
5
5AA
330
1C
100
AcDbEntity
67
0
8
8 - ценная историческая застройка конец ХIX - начало ХХ века
62
7
6
ByLayer
370
20
48
1.0
60
0
100
AcDbPolyline
90
2
70
0
38
0.0
39
0.0
10
1394969.06369207
20
360095.039509715
40
0.0
41
0.0
42
0.0
10
1394973.50227591
20
360075.387937675
40
0.0
41
0.0
42
0.0
210
0.0
220
0.0
230
1.0
0
LWPOLYLINE
5
5AB
330
1C
100
AcDbEntity
67
0
8
8 - ценная историческая застройка конец ХIX - начало ХХ века
62
7
6
ByLayer
370
20
48
1.0
60
0
100
AcDbPolyline
90
2
70
0
38
0.0
39
0.0
10
1394973.50227591
20
360075.387937675
40
0.0
41
0.0
42
0.0
10
1394969.86657086
20
360074.550809486
40
0.0
41
0.0
42
0.0
210
0.0
220
0.0
230
1.0
0
LWPOLYLINE
5
5AC
330
1C
100
AcDbEntity
67
0
8
8 - ценная историческая застройка конец ХIX - начало ХХ века
62
7
6
ByLayer
370
20
48
1.0
60
0
100
AcDbPolyline
90
2
70
0
38
0.0
39
0.0
10
1394969.86657086
20
360074.550809486
40
0.0
41
0.0
42
0.0
10
1394969.13546601
20
360077.428726347
40
0.0
41
0.0
42
0.0
210
0.0
220
0.0
230
1.0
0
LWPOLYLINE
5
5AD
330
1C
100
AcDbEntity
67
0
8
8 - ценная историческая застройка конец ХIX - начало ХХ века
62
7
6
ByLayer
370
20
48
1.0
60
0
100
AcDbPolyline
90
2
70
0
38
0.0
39
0.0
10
1394969.13546601
20
360077.428726347
40
0.0
41
0.0
42
0.0
10
1394966.00213661
20
360076.816099875
40
0.0
41
0.0
42
0.0
210
0.0
220
0.0
230
1.0
0
LWPOLYLINE
5
5AE
330
1C
100
AcDbEntity
67
0
8
8 - ценная историческая застройка конец ХIX - начало ХХ века
62
7
6
ByLayer
370
20
48
1.0
60
0
100
AcDbPolyline
90
2
70
0
38
0.0
39
0.0
10
1394995.63619708
20
360053.597555315
40
0.0
41
0.0
42
0.0
10
1394990.99069955
20
360076.458667783
40
0.0
41
0.0
42
0.0
210
0.0
220
0.0
230
1.0
0
LWPOLYLINE
5
5AF
330
1C
100
AcDbEntity
67
0
8
8 - ценная историческая застройка конец ХIX - начало ХХ века
62
7
6
ByLayer
370
20
48
1.0
60
0
100
AcDbPolyline
90
2
70
0
38
0.0
39
0.0
10
1394995.59010884
20
360053.594537786
40
0.0
41
0.0
42
0.0
10
1395003.49656745
20
360054.002020521
40
0.0
41
0.0
42
0.0
210
0.0
220
0.0
230
1.0
0
LWPOLYLINE
5
5B0
330
1C
100
AcDbEntity
67
0
8
8 - ценная историческая застройка конец ХIX - начало ХХ века
62
7
6
ByLayer
370
20
48
1.0
60
0
100
AcDbPolyline
90
2
70
0
38
0.0
39
0.0
10
1395003.49656745
20
360054.002020521
40
0.0
41
0.0
42
0.0
10
1394998.43312388
20
360078.008880992
40
0.0
41
0.0
42
0.0
210
0.0
220
0.0
230
1.0
0
LWPOLYLINE
5
5B1
330
1C
100
AcDbEntity
67
0
8
8 - ценная историческая застройка конец ХIX - начало ХХ века
62
7
6
ByLayer
370
20
48
1.0
60
0
100
AcDbPolyline
90
2
70
0
38
0.0
39
0.0
10
1394998.43312388
20
360078.008880992
40
0.0
41
0.0
42
0.0
10
1394990.84461327
20
360076.428238868
40
0.0
41
0.0
42
0.0
210
0.0
220
0.0
230
1.0
0
LWPOLYLINE
5
5B2
330
1C
100
AcDbEntity
67
0
8
8 - ценная историческая застройка конец ХIX - начало ХХ века
62
7
6
ByLayer
370
20
48
1.0
60
0
100
AcDbPolyline
90
2
70
0
38
0.0
39
0.0
10
1394990.84461327
20
360076.428238868
40
0.0
41
0.0
42
0.0
10
1394995.63619708
20
360053.597555315
40
0.0
41
0.0
42
0.0
210
0.0
220
0.0
230
1.0
0
LWPOLYLINE
5
5B3
330
1C
100
AcDbEntity
67
0
8
8 - ценная историческая застройка конец ХIX - начало ХХ века
62
7
6
ByLayer
370
20
48
1.0
60
0
100
AcDbPolyline
90
13
70
1
38
0.0
39
0.0
10
1397058.04812476
20
359653.150673442
40
0.0
41
0.0
42
0.0
10
1397062.23933904
20
359651.597505067
40
0.0
41
0.0
42
0.0
10
1397063.32897112
20
359654.501188218
40
0.0
41
0.0
42
0.0
10
1397073.45396833
20
359650.910961151
40
0.0
41
0.0
42
0.0
10
1397072.38407356
20
359647.668459201
40
0.0
41
0.0
42
0.0
10
1397069.67044571
20
359648.548639479
40
0.0
41
0.0
42
0.0
10
1397063.19861882
20
359630.066229638
40
0.0
41
0.0
42
0.0
10
1397067.17900093
20
359628.751795357
40
0.0
41
0.0
42
0.0
10
1397066.0012014
20
359625.584288367
40
0.0
41
0.0
42
0.0
10
1397054.52583623
20
359629.690287832
40
0.0
41
0.0
42
0.0
10
1397055.4222066
20
359632.222265582
40
0.0
41
0.0
42
0.0
10
1397051.36514009
20
359633.811468608
40
0.0
41
0.0
42
0.0
10
1397058.04812476
20
359653.150673442
40
0.0
41
0.0
42
0.0
210
0.0
220
0.0
230
1.0
0
TEXT
5
5B4
330
1C
100
AcDbEntity
67
0
8
8 - ценная историческая застройка конец ХIX - начало ХХ века
62
7
6
ByLayer
370
-1
48
1.0
60
0
100
AcDbText
1
325,51
10
1397060.73634007
20
359640.876658133
30
0.0
40
0.31111111111
41
1.0
50
0.0
51
0.0
7
Standard
11
1397060.73634007
21
359640.876658133
31
0.0
210
0.0
220
0.0
230
1.0
71
0
72
0
100
AcDbText
73
0
0
LWPOLYLINE
5
5B5
330
1C
100
AcDbEntity
67
0
8
8 - ценная историческая застройка конец ХIX - начало ХХ века
62
7
6
ByLayer
370
20
48
1.0
60
0
100
AcDbPolyline
90
2
70
0
38
0.0
39
0.0
10
1395861.48729019
20
359787.710959345
40
0.0
41
0.0
42
0.0
10
1395862.1005408
20
359790.120898681
40
0.0
41
0.0
42
0.0
210
0.0
220
0.0
230
1.0
0
LWPOLYLINE
5
5B6
330
1C
100
AcDbEntity
67
0
8
8 - ценная историческая застройка конец ХIX - начало ХХ века
62
7
6
ByLayer
370
20
48
1.0
60
0
100
AcDbPolyline
90
2
70
0
38
0.0
39
0.0
10
1395862.1005408
20
359790.120898681
40
0.0
41
0.0
42
0.0
10
1395865.42323129
20
359789.34158186
40
0.0
41
0.0
42
0.0
210
0.0
220
0.0
230
1.0
0
LWPOLYLINE
5
5B7
330
1C
100
AcDbEntity
67
0
8
8 - ценная историческая застройка конец ХIX - начало ХХ века
62
7
6
ByLayer
370
20
48
1.0
60
0
100
AcDbPolyline
90
2
70
0
38
0.0
39
0.0
10
1395865.42323129
20
359789.34158186
40
0.0
41
0.0
42
0.0
10
1395870.10845372
20
359809.157439038
40
0.0
41
0.0
42
0.0
210
0.0
220
0.0
230
1.0
0
LWPOLYLINE
5
5B8
330
1C
100
AcDbEntity
67
0
8
8 - ценная историческая застройка конец ХIX - начало ХХ века
62
7
6
ByLayer
370
20
48
1.0
60
0
100
AcDbPolyline
90
2
70
0
38
0.0
39
0.0
10
1395870.10845372
20
359809.157439038
40
0.0
41
0.0
42
0.0
10
1395856.27669322
20
359812.807631718
40
0.0
41
0.0
42
0.0
210
0.0
220
0.0
230
1.0
0
LWPOLYLINE
5
5B9
330
1C
100
AcDbEntity
67
0
8
8 - ценная историческая застройка конец ХIX - начало ХХ века
62
7
6
ByLayer
370
20
48
1.0
60
0
100
AcDbPolyline
90
2
70
0
38
0.0
39
0.0
10
1395856.27669322
20
359812.807631718
40
0.0
41
0.0
42
0.0
10
1395850.89692558
20
359790.189416285
40
0.0
41
0.0
42
0.0
210
0.0
220
0.0
230
1.0
0
LWPOLYLINE
5
5BA
330
1C
100
AcDbEntity
67
0
8
8 - ценная историческая застройка конец ХIX - начало ХХ века
62
7
6
ByLayer
370
20
48
1.0
60
0
100
AcDbPolyline
90
2
70
0
38
0.0
39
0.0
10
1395850.89692558
20
359790.189416285
40
0.0
41
0.0
42
0.0
10
1395861.48729019
20
359787.710959345
40
0.0
41
0.0
42
0.0
210
0.0
220
0.0
230
1.0
0
LWPOLYLINE
5
5BB
330
1C
100
AcDbEntity
67
0
8
8 - ценная историческая застройка конец ХIX - начало ХХ века
62
7
6
ByLayer
370
20
48
1.0
60
0
100
AcDbPolyline
90
10
70
1
38
0.0
39
0.0
10
1394668.96908208
20
360377.722560733
40
0.0
41
0.0
42
0.0
10
1394659.23074678
20
360380.492239743
40
0.0
41
0.0
42
0.0
10
1394661.18597975
20
360387.786893966
40
0.0
41
0.0
42
0.0
10
1394652.77519178
20
360390.086270355
40
0.0
41
0.0
42
0.0
10
1394654.45288752
20
360397.013179155
40
0.0
41
0.0
42
0.0
10
1394656.04912218
20
360396.58824516
40
0.0
41
0.0
42
0.0
10
1394658.92237913
20
360408.182623874
40
0.0
41
0.0
42
0.0
10
1394673.5996622
20
360404.230817509
40
0.0
41
0.0
42
0.0
10
1394675.41440093
20
360401.836435348
40
0.0
41
0.0
42
0.0
10
1394668.96908208
20
360377.722560733
40
0.0
41
0.0
42
0.0
210
0.0
220
0.0
230
1.0
0
TEXT
5
5BC
330
1C
100
AcDbEntity
67
0
8
8 - ценная историческая застройка конец ХIX - начало ХХ века
62
7
6
ByLayer
370
-1
48
1.0
60
0
100
AcDbText
1
418,81
10
1394664.04268951
20
360393.854542221
30
0.0
40
0.31111111111
41
1.0
50
0.0
51
0.0
7
Standard
11
1394664.04268951
21
360393.854542221
31
0.0
210
0.0
220
0.0
230
1.0
71
0
72
0
100
AcDbText
73
0
0
LWPOLYLINE
5
5BD
330
1C
100
AcDbEntity
67
0
8
8 - ценная историческая застройка конец ХIX - начало ХХ века
62
7
6
ByLayer
370
20
48
1.0
60
0
100
AcDbPolyline
90
5
70
1
38
0.0
39
0.0
10
1397897.50453226
20
359153.986626032
40
0.0
41
0.0
42
0.0
10
1397931.42277244
20
359150.902588568
40
0.0
41
0.0
42
0.0
10
1397930.39445381
20
359139.593141916
40
0.0
41
0.0
42
0.0
10
1397896.40163111
20
359142.547374408
40
0.0
41
0.0
42
0.0
10
1397897.50453226
20
359153.986626032
40
0.0
41
0.0
42
0.0
210
0.0
220
0.0
230
1.0
0
TEXT
5
5BE
330
1C
100
AcDbEntity
67
0
8
8 - ценная историческая застройка конец ХIX - начало ХХ века
62
7
6
ByLayer
370
-1
48
1.0
60
0
100
AcDbText
1
389,35
10
1397913.2407216
20
359146.61912904
30
0.0
40
0.31111111111
41
1.0
50
0.0
51
0.0
7
Standard
11
1397913.2407216
21
359146.61912904
31
0.0
210
0.0
220
0.0
230
1.0
71
0
72
0
100
AcDbText
73
0
0
LWPOLYLINE
5
5BF
330
1C
100
AcDbEntity
67
0
8
8 - ценная историческая застройка конец ХIX - начало ХХ века
62
7
6
ByLayer
370
20
48
1.0
60
0
100
AcDbPolyline
90
5
70
1
38
0.0
39
0.0
10
1395422.06380901
20
360195.080933891
40
0.0
41
0.0
42
0.0
10
1395408.24509554
20
360197.971293762
40
0.0
41
0.0
42
0.0
10
1395412.75204525
20
360216.945832229
40
0.0
41
0.0
42
0.0
10
1395426.36149714
20
360213.825506486
40
0.0
41
0.0
42
0.0
10
1395422.06380901
20
360195.080933891
40
0.0
41
0.0
42
0.0
210
0.0
220
0.0
230
1.0
0
TEXT
5
5C0
330
1C
100
AcDbEntity
67
0
8
8 - ценная историческая застройка конец ХIX - начало ХХ века
62
7
6
ByLayer
370
-1
48
1.0
60
0
100
AcDbText
1
271,81
10
1395416.67945377
20
360205.802841476
30
0.0
40
0.31111111111
41
1.0
50
0.0
51
0.0
7
Standard
11
1395416.67945377
21
360205.802841476
31
0.0
210
0.0
220
0.0
230
1.0
71
0
72
0
100
AcDbText
73
0
0
LWPOLYLINE
5
5C1
330
1C
100
AcDbEntity
67
0
8
8 - ценная историческая застройка конец ХIX - начало ХХ века
62
7
6
ByLayer
370
20
48
1.0
60
0
100
AcDbPolyline
90
7
70
1
38
0.0
39
0.0
10
1396927.01313448
20
359820.359159456
40
0.0
41
0.0
42
0.0
10
1396929.87686197
20
359827.937090191
40
0.0
41
0.0
42
0.0
10
1396932.22844033
20
359827.062524561
40
0.0
41
0.0
42
0.0
10
1396932.8508004
20
359828.706580284
40
0.0
41
0.0
42
0.0
10
1396939.29270481
20
359826.125904376
40
0.0
41
0.0
42
0.0
10
1396935.75680615
20
359816.794046637
40
0.0
41
0.0
42
0.0
10
1396927.01313448
20
359820.359159456
40
0.0
41
0.0
42
0.0
210
0.0
220
0.0
230
1.0
0
TEXT
5
5C2
330
1C
100
AcDbEntity
67
0
8
8 - ценная историческая застройка конец ХIX - начало ХХ века
62
7
6
ByLayer
370
-1
48
1.0
60
0
100
AcDbText
1
89,46
10
1396932.71249159
20
359822.834779393
30
0.0
40
0.31111111111
41
1.0
50
0.0
51
0.0
7
Standard
11
1396932.71249159
21
359822.834779393
31
0.0
210
0.0
220
0.0
230
1.0
71
0
72
0
100
AcDbText
73
0
0
LWPOLYLINE
5
5C3
330
1C
100
AcDbEntity
67
0
8
8 - ценная историческая застройка конец ХIX - начало ХХ века
62
7
6
ByLayer
370
20
48
1.0
60
0
100
AcDbPolyline
90
15
70
1
38
0.0
39
0.0
10
1397021.40936964
20
359904.344367462
40
0.0
41
0.0
42
0.0
10
1397014.58810751
20
359906.740506103
40
0.0
41
0.0
42
0.0
10
1397012.67421929
20
359900.628790819
40
0.0
41
0.0
42
0.0
10
1397011.84307586
20
359900.102945974
40
0.0
41
0.0
42
0.0
10
1397007.78986506
20
359901.231162734
40
0.0
41
0.0
42
0.0
10
1397007.34994244
20
359902.110810538
40
0.0
41
0.0
42
0.0
10
1397007.53251518
20
359902.766718025
40
0.0
41
0.0
42
0.0
10
1397004.16416009
20
359903.704304238
40
0.0
41
0.0
42
0.0
10
1397005.67066668
20
359909.116552436
40
0.0
41
0.0
42
0.0
10
1397007.89165119
20
359908.498338417
40
0.0
41
0.0
42
0.0
10
1397009.66248784
20
359914.860214308
40
0.0
41
0.0
42
0.0
10
1397016.17622421
20
359913.047107134
40
0.0
41
0.0
42
0.0
10
1397016.61712167
20
359914.204014882
40
0.0
41
0.0
42
0.0
10
1397023.89724897
20
359911.42955891
40
0.0
41
0.0
42
0.0
10
1397021.40936964
20
359904.344367462
40
0.0
41
0.0
42
0.0
210
0.0
220
0.0
230
1.0
0
TEXT
5
5C4
330
1C
100
AcDbEntity
67
0
8
8 - ценная историческая застройка конец ХIX - начало ХХ века
62
7
6
ByLayer
370
-1
48
1.0
60
0
100
AcDbText
1
161,39
10
1397012.95447898
20
359907.882593724
30
0.0
40
0.31111111111
41
1.0
50
0.0
51
0.0
7
Standard
11
1397012.95447898
21
359907.882593724
31
0.0
210
0.0
220
0.0
230
1.0
71
0
72
0
100
AcDbText
73
0
0
LWPOLYLINE
5
5C5
330
1C
100
AcDbEntity
67
0
8
8 - ценная историческая застройка конец ХIX - начало ХХ века
62
7
6
ByLayer
370
20
48
1.0
60
0
100
AcDbPolyline
90
5
70
1
38
0.0
39
0.0
10
1397049.16144899
20
359856.580675231
40
0.0
41
0.0
42
0.0
10
1397039.4282954
20
359860.41573409
40
0.0
41
0.0
42
0.0
10
1397043.94262736
20
359871.872843524
40
0.0
41
0.0
42
0.0
10
1397053.67578119
20
359868.037784907
40
0.0
41
0.0
42
0.0
10
1397049.16144899
20
359856.580675231
40
0.0
41
0.0
42
0.0
210
0.0
220
0.0
230
1.0
0
TEXT
5
5C6
330
1C
100
AcDbEntity
67
0
8
8 - ценная историческая застройка конец ХIX - начало ХХ века
62
7
6
ByLayer
370
-1
48
1.0
60
0
100
AcDbText
1
128,80
10
1397045.8957374
20
359864.087188655
30
0.0
40
0.31111111111
41
1.0
50
0.0
51
0.0
7
Standard
11
1397045.8957374
21
359864.087188655
31
0.0
210
0.0
220
0.0
230
1.0
71
0
72
0
100
AcDbText
73
0
0
LWPOLYLINE
5
5C7
330
1C
100
AcDbEntity
67
0
8
8 - ценная историческая застройка конец ХIX - начало ХХ века
62
7
6
ByLayer
370
20
48
1.0
60
0
100
AcDbPolyline
90
13
70
1
38
0.0
39
0.0
10
1397279.79784276
20
359807.689410515
40
0.0
41
0.0
42
0.0
10
1397286.30287047
20
359818.469834344
40
0.0
41
0.0
42
0.0
10
1397306.09385884
20
359805.575403575
40
0.0
41
0.0
42
0.0
10
1397308.04649867
20
359808.628401746
40
0.0
41
0.0
42
0.0
10
1397313.67296299
20
359804.615093248
40
0.0
41
0.0
42
0.0
10
1397309.38623481
20
359798.957781462
40
0.0
41
0.0
42
0.0
10
1397307.17044417
20
359800.645985292
40
0.0
41
0.0
42
0.0
10
1397302.26708495
20
359794.210259252
40
0.0
41
0.0
42
0.0
10
1397294.82353172
20
359798.719299059
40
0.0
41
0.0
42
0.0
10
1397295.87204898
20
359800.450198435
40
0.0
41
0.0
42
0.0
10
1397288.91328187
20
359804.858397904
40
0.0
41
0.0
42
0.0
10
1397287.65574101
20
359802.873248618
40
0.0
41
0.0
42
0.0
10
1397279.79784276
20
359807.689410515
40
0.0
41
0.0
42
0.0
210
0.0
220
0.0
230
1.0
0
TEXT
5
5C8
330
1C
100
AcDbEntity
67
0
8
8 - ценная историческая застройка конец ХIX - начало ХХ века
62
7
6
ByLayer
370
-1
48
1.0
60
0
100
AcDbText
1
340,51
10
1397295.28392147
20
359805.983463194
30
0.0
40
0.31111111111
41
1.0
50
0.0
51
0.0
7
Standard
11
1397295.28392147
21
359805.983463194
31
0.0
210
0.0
220
0.0
230
1.0
71
0
72
0
100
AcDbText
73
0
0
LWPOLYLINE
5
5C9
330
1C
100
AcDbEntity
67
0
8
8 - ценная историческая застройка конец ХIX - начало ХХ века
62
7
6
ByLayer
370
20
48
1.0
60
0
100
AcDbPolyline
90
5
70
1
38
0.0
39
0.0
10
1397181.04251441
20
359712.981968117
40
0.0
41
0.0
42
0.0
10
1397201.48316954
20
359706.088628057
40
0.0
41
0.0
42
0.0
10
1397197.20551582
20
359693.681422996
40
0.0
41
0.0
42
0.0
10
1397176.88834925
20
359700.377564886
40
0.0
41
0.0
42
0.0
10
1397181.04251441
20
359712.981968117
40
0.0
41
0.0
42
0.0
210
0.0
220
0.0
230
1.0
0
TEXT
5
5CA
330
1C
100
AcDbEntity
67
0
8
8 - ценная историческая застройка конец ХIX - начало ХХ века
62
7
6
ByLayer
370
-1
48
1.0
60
0
100
AcDbText
1
283,44
10
1397188.48248344
20
359703.157909372
30
0.0
40
0.31111111111
41
1.0
50
0.0
51
0.0
7
Standard
11
1397188.48248344
21
359703.157909372
31
0.0
210
0.0
220
0.0
230
1.0
71
0
72
0
100
AcDbText
73
0
0
LWPOLYLINE
5
5CB
330
1C
100
AcDbEntity
67
0
8
8 - ценная историческая застройка конец ХIX - начало ХХ века
62
7
6
ByLayer
370
20
48
1.0
60
0
100
AcDbPolyline
90
11
70
1
38
0.0
39
0.0
10
1396209.52885135
20
359607.215507533
40
0.0
41
0.0
42
0.0
10
1396221.41524033
20
359611.380439909
40
0.0
41
0.0
42
0.0
10
1396223.70756674
20
359604.406790835
40
0.0
41
0.0
42
0.0
10
1396226.00413783
20
359605.161702697
40
0.0
41
0.0
42
0.0
10
1396226.21766708
20
359604.512110155
40
0.0
41
0.0
42
0.0
10
1396228.84851472
20
359605.368777409
40
0.0
41
0.0
42
0.0
10
1396233.07984783
20
359592.581697228
40
0.0
41
0.0
42
0.0
10
1396217.04097027
20
359587.409921413
40
0.0
41
0.0
42
0.0
10
1396215.92181441
20
359590.533249042
40
0.0
41
0.0
42
0.0
10
1396214.840937
20
359590.170556212
40
0.0
41
0.0
42
0.0
10
1396209.52885135
20
359607.215507533
40
0.0
41
0.0
42
0.0
210
0.0
220
0.0
230
1.0
0
TEXT
5
5CC
330
1C
100
AcDbEntity
67
0
8
8 - ценная историческая застройка конец ХIX - начало ХХ века
62
7
6
ByLayer
370
-1
48
1.0
60
0
100
AcDbText
1
339,39
10
1396220.16649453
20
359598.924755729
30
0.0
40
0.31111111111
41
1.0
50
0.0
51
0.0
7
Standard
11
1396220.16649453
21
359598.924755729
31
0.0
210
0.0
220
0.0
230
1.0
71
0
72
0
100
AcDbText
73
0
0
LWPOLYLINE
5
5CD
330
1C
100
AcDbEntity
67
0
8
8 - ценная историческая застройка конец ХIX - начало ХХ века
62
7
6
ByLayer
370
20
48
1.0
60
0
100
AcDbPolyline
90
5
70
1
38
0.0
39
0.0
10
1395784.17662978
20
359909.554909186
40
0.0
41
0.0
42
0.0
10
1395790.06460845
20
359933.127012333
40
0.0
41
0.0
42
0.0
10
1395802.86183869
20
359929.943795
40
0.0
41
0.0
42
0.0
10
1395796.97246023
20
359906.351694036
40
0.0
41
0.0
42
0.0
10
1395784.17662978
20
359909.554909186
40
0.0
41
0.0
42
0.0
210
0.0
220
0.0
230
1.0
0
TEXT
5
5CE
330
1C
100
AcDbEntity
67
0
8
8 - ценная историческая застройка конец ХIX - начало ХХ века
62
7
6
ByLayer
370
-1
48
1.0
60
0
100
AcDbText
1
320,50
10
1395792.86332243
20
359919.604045046
30
0.0
40
0.31111111111
41
1.0
50
0.0
51
0.0
7
Standard
11
1395792.86332243
21
359919.604045046
31
0.0
210
0.0
220
0.0
230
1.0
71
0
72
0
100
AcDbText
73
0
0
LWPOLYLINE
5
5CF
330
1C
100
AcDbEntity
67
0
8
8 - ценная историческая застройка конец ХIX - начало ХХ века
62
7
6
ByLayer
370
20
48
1.0
60
0
100
AcDbPolyline
90
9
70
1
38
0.0
39
0.0
10
1395208.90857327
20
360027.897767648
40
0.0
41
0.0
42
0.0
10
1395215.07492334
20
360030.927903563
40
0.0
41
0.0
42
0.0
10
1395214.04687643
20
360033.019986971
40
0.0
41
0.0
42
0.0
10
1395217.16930108
20
360034.554342177
40
0.0
41
0.0
42
0.0
10
1395217.89472307
20
360033.078102835
40
0.0
41
0.0
42
0.0
10
1395225.88175524
20
360037.002919564
40
0.0
41
0.0
42
0.0
10
1395231.1988687
20
360026.182552625
40
0.0
41
0.0
42
0.0
10
1395213.92306133
20
360017.693245142
40
0.0
41
0.0
42
0.0
10
1395208.90857327
20
360027.897767648
40
0.0
41
0.0
42
0.0
210
0.0
220
0.0
230
1.0
0
TEXT
5
5D0
330
1C
100
AcDbEntity
67
0
8
8 - ценная историческая застройка конец ХIX - начало ХХ века
62
7
6
ByLayer
370
-1
48
1.0
60
0
100
AcDbText
1
233,03
10
1395219.31265379
20
360027.300486863
30
0.0
40
0.31111111111
41
1.0
50
0.0
51
0.0
7
Standard
11
1395219.31265379
21
360027.300486863
31
0.0
210
0.0
220
0.0
230
1.0
71
0
72
0
100
AcDbText
73
0
0
LWPOLYLINE
5
5D1
330
1C
100
AcDbEntity
67
0
8
8 - ценная историческая застройка конец ХIX - начало ХХ века
62
7
6
ByLayer
370
20
48
1.0
60
0
100
AcDbPolyline
90
15
70
1
38
0.0
39
0.0
10
1395409.75866261
20
360004.295537595
40
0.0
41
0.0
42
0.0
10
1395413.51236323
20
360009.188716215
40
0.0
41
0.0
42
0.0
10
1395412.77989624
20
360009.75061308
40
0.0
41
0.0
42
0.0
10
1395415.7865334
20
360013.66994884
40
0.0
41
0.0
42
0.0
10
1395416.51900039
20
360013.108051979
40
0.0
41
0.0
42
0.0
10
1395419.24925852
20
360016.667110798
40
0.0
41
0.0
42
0.0
10
1395439.8674647
20
360000.850281218
40
0.0
41
0.0
42
0.0
10
1395429.25863074
20
359986.950087846
40
0.0
41
0.0
42
0.0
10
1395425.06998006
20
359990.163324755
40
0.0
41
0.0
42
0.0
10
1395426.22247115
20
359991.665667345
40
0.0
41
0.0
42
0.0
10
1395417.31841358
20
359998.496231085
40
0.0
41
0.0
42
0.0
10
1395416.16592254
20
359996.993888504
40
0.0
41
0.0
42
0.0
10
1395412.10326177
20
360000.110474687
40
0.0
41
0.0
42
0.0
10
1395413.25575278
20
360001.612817261
40
0.0
41
0.0
42
0.0
10
1395409.75866261
20
360004.295537595
40
0.0
41
0.0
42
0.0
210
0.0
220
0.0
230
1.0
0
TEXT
5
5D2
330
1C
100
AcDbEntity
67
0
8
8 - ценная историческая застройка конец ХIX - начало ХХ века
62
7
6
ByLayer
370
-1
48
1.0
60
0
100
AcDbText
1
429,64
10
1395423.89514087
20
360002.13818081
30
0.0
40
0.31111111111
41
1.0
50
0.0
51
0.0
7
Standard
11
1395423.89514087
21
360002.13818081
31
0.0
210
0.0
220
0.0
230
1.0
71
0
72
0
100
AcDbText
73
0
0
LWPOLYLINE
5
5D3
330
1C
100
AcDbEntity
67
0
8
8 - ценная историческая застройка конец ХIX - начало ХХ века
62
7
6
ByLayer
370
20
48
1.0
60
0
100
AcDbPolyline
90
5
70
1
38
0.0
39
0.0
10
1395411.85779766
20
360024.704351505
40
0.0
41
0.0
42
0.0
10
1395404.08279158
20
360011.780357511
40
0.0
41
0.0
42
0.0
10
1395391.241608
20
360019.50554541
40
0.0
41
0.0
42
0.0
10
1395399.01661357
20
360032.429539134
40
0.0
41
0.0
42
0.0
10
1395411.85779766
20
360024.704351505
40
0.0
41
0.0
42
0.0
210
0.0
220
0.0
230
1.0
0
TEXT
5
5D4
330
1C
100
AcDbEntity
67
0
8
8 - ценная историческая застройка конец ХIX - начало ХХ века
62
7
6
ByLayer
370
-1
48
1.0
60
0
100
AcDbText
1
225,97
10
1395400.8934051
20
360021.965376042
30
0.0
40
0.31111111111
41
1.0
50
0.0
51
0.0
7
Standard
11
1395400.8934051
21
360021.965376042
31
0.0
210
0.0
220
0.0
230
1.0
71
0
72
0
100
AcDbText
73
0
0
LWPOLYLINE
5
5D5
330
1C
100
AcDbEntity
67
0
8
8 - ценная историческая застройка конец ХIX - начало ХХ века
62
7
6
ByLayer
370
20
48
1.0
60
0
100
AcDbPolyline
90
9
70
1
38
0.0
39
0.0
10
1395384.5110259
20
359904.138137657
40
0.0
41
0.0
42
0.0
10
1395386.3002975
20
359898.550340288
40
0.0
41
0.0
42
0.0
10
1395387.47325834
20
359898.9259347
40
0.0
41
0.0
42
0.0
10
1395389.58814725
20
359892.32125192
40
0.0
41
0.0
42
0.0
10
1395387.57093308
20
359891.126852411
40
0.0
41
0.0
42
0.0
10
1395388.5829604
20
359889.33851908
40
0.0
41
0.0
42
0.0
10
1395376.33351921
20
359885.62259961
40
0.0
41
0.0
42
0.0
10
1395371.93805596
20
359900.112140174
40
0.0
41
0.0
42
0.0
10
1395384.5110259
20
359904.138137657
40
0.0
41
0.0
42
0.0
210
0.0
220
0.0
230
1.0
0
TEXT
5
5D6
330
1C
100
AcDbEntity
67
0
8
8 - ценная историческая застройка конец ХIX - начало ХХ века
62
7
6
ByLayer
370
-1
48
1.0
60
0
100
AcDbText
1
209,86
10
1395380.09819518
20
359894.752419041
30
0.0
40
0.31111111111
41
1.0
50
0.0
51
0.0
7
Standard
11
1395380.09819518
21
359894.752419041
31
0.0
210
0.0
220
0.0
230
1.0
71
0
72
0
100
AcDbText
73
0
0
LWPOLYLINE
5
5D7
330
1C
100
AcDbEntity
67
0
8
8 - ценная историческая застройка конец ХIX - начало ХХ века
62
7
6
ByLayer
370
20
48
1.0
60
0
100
AcDbPolyline
90
5
70
1
38
0.0
39
0.0
10
1395362.3866811
20
359885.440424174
40
0.0
41
0.0
42
0.0
10
1395358.92163899
20
359896.862853651
40
0.0
41
0.0
42
0.0
10
1395371.74379717
20
359900.752509634
40
0.0
41
0.0
42
0.0
10
1395375.20883951
20
359889.330079819
40
0.0
41
0.0
42
0.0
10
1395362.3866811
20
359885.440424174
40
0.0
41
0.0
42
0.0
210
0.0
220
0.0
230
1.0
0
TEXT
5
5D8
330
1C
100
AcDbEntity
67
0
8
8 - ценная историческая застройка конец ХIX - начало ХХ века
62
7
6
ByLayer
370
-1
48
1.0
60
0
100
AcDbText
1
159,90
10
1395366.40894175
20
359892.956894701
30
0.0
40
0.31111111111
41
1.0
50
0.0
51
0.0
7
Standard
11
1395366.40894175
21
359892.956894701
31
0.0
210
0.0
220
0.0
230
1.0
71
0
72
0
100
AcDbText
73
0
0
LWPOLYLINE
5
5D9
330
1C
100
AcDbEntity
67
0
8
8 - ценная историческая застройка конец ХIX - начало ХХ века
62
7
6
ByLayer
370
20
48
1.0
60
0
100
AcDbPolyline
90
2
70
0
38
0.0
39
0.0
10
1395367.2767653
20
359883.43569183
40
0.0
41
0.0
42
0.0
10
1395366.30778644
20
359886.629907944
40
0.0
41
0.0
42
0.0
210
0.0
220
0.0
230
1.0
0
LWPOLYLINE
5
5DA
330
1C
100
AcDbEntity
67
0
8
8 - ценная историческая застройка конец ХIX - начало ХХ века
62
7
6
ByLayer
370
20
48
1.0
60
0
100
AcDbPolyline
90
7
70
1
38
0.0
39
0.0
10
1397029.52894406
20
359646.843568464
40
0.0
41
0.0
42
0.0
10
1397040.05220796
20
359642.630844837
40
0.0
41
0.0
42
0.0
10
1397032.75826219
20
359623.892426438
40
0.0
41
0.0
42
0.0
10
1397026.67884955
20
359626.145801796
40
0.0
41
0.0
42
0.0
10
1397030.82048486
20
359636.305134049
40
0.0
41
0.0
42
0.0
10
1397026.14491598
20
359638.230531196
40
0.0
41
0.0
42
0.0
10
1397029.52894406
20
359646.843568464
40
0.0
41
0.0
42
0.0
210
0.0
220
0.0
230
1.0
0
TEXT
5
5DB
330
1C
100
AcDbEntity
67
0
8
8 - ценная историческая застройка конец ХIX - начало ХХ века
62
7
6
ByLayer
370
-1
48
1.0
60
0
100
AcDbText
1
175,05
10
1397031.89499129
20
359636.150999221
30
0.0
40
0.31111111111
41
1.0
50
0.0
51
0.0
7
Standard
11
1397031.89499129
21
359636.150999221
31
0.0
210
0.0
220
0.0
230
1.0
71
0
72
0
100
AcDbText
73
0
0
LWPOLYLINE
5
5DC
330
1C
100
AcDbEntity
67
0
8
8 - ценная историческая застройка конец ХIX - начало ХХ века
62
7
6
ByLayer
370
20
48
1.0
60
0
100
AcDbPolyline
90
8
70
1
38
0.0
39
0.0
10
1394519.81854018
20
360343.346462524
40
0.0
41
0.0
42
0.0
10
1394595.01001196
20
360324.579084787
40
0.0
41
0.0
42
0.0
10
1394598.15087516
20
360336.207019185
40
0.0
41
0.0
42
0.0
10
1394603.77927345
20
360334.82494665
40
0.0
41
0.0
42
0.0
10
1394608.72023039
20
360329.304566966
40
0.0
41
0.0
42
0.0
10
1394603.74641002
20
360309.788830106
40
0.0
41
0.0
42
0.0
10
1394517.01024675
20
360331.894584729
40
0.0
41
0.0
42
0.0
10
1394519.81854018
20
360343.346462524
40
0.0
41
0.0
42
0.0
210
0.0
220
0.0
230
1.0
0
TEXT
5
5DD
330
1C
100
AcDbEntity
67
0
8
8 - ценная историческая застройка конец ХIX - начало ХХ века
62
7
6
ByLayer
370
-1
48
1.0
60
0
100
AcDbText
1
1 207,94
10
1394565.61580487
20
360326.677021166
30
0.0
40
0.31111111111
41
1.0
50
0.0
51
0.0
7
Standard
11
1394565.61580487
21
360326.677021166
31
0.0
210
0.0
220
0.0
230
1.0
71
0
72
0
100
AcDbText
73
0
0
LWPOLYLINE
5
5DE
330
1C
100
AcDbEntity
67
0
8
8 - ценная историческая застройка конец ХIX - начало ХХ века
62
7
6
ByLayer
370
20
48
1.0
60
0
100
AcDbPolyline
90
2
70
0
38
0.0
39
0.0
10
1394394.62251117
20
359452.152936341
40
0.0
41
0.0
42
0.0
10
1394414.41304108
20
359453.895421544
40
0.0
41
0.0
42
0.0
210
0.0
220
0.0
230
1.0
0
LWPOLYLINE
5
5DF
330
1C
100
AcDbEntity
67
0
8
8 - ценная историческая застройка конец ХIX - начало ХХ века
62
7
6
ByLayer
370
20
48
1.0
60
0
100
AcDbPolyline
90
2
70
0
38
0.0
39
0.0
10
1394414.41304108
20
359453.895421544
40
0.0
41
0.0
42
0.0
10
1394411.02975629
20
359440.019881844
40
0.0
41
0.0
42
0.0
210
0.0
220
0.0
230
1.0
0
LWPOLYLINE
5
5E0
330
1C
100
AcDbEntity
67
0
8
8 - ценная историческая застройка конец ХIX - начало ХХ века
62
7
6
ByLayer
370
20
48
1.0
60
0
100
AcDbPolyline
90
3
70
0
38
0.0
39
0.0
10
1394411.02975629
20
359440.019881844
40
0.0
41
0.0
42
0.0
10
1394410.5381562
20
359439.302141434
40
0.0
41
0.0
42
0.0
10
1394409.69471241
20
359439.089011138
40
0.0
41
0.0
42
0.0
210
0.0
220
0.0
230
1.0
0
LWPOLYLINE
5
5E1
330
1C
100
AcDbEntity
67
0
8
8 - ценная историческая застройка конец ХIX - начало ХХ века
62
7
6
ByLayer
370
20
48
1.0
60
0
100
AcDbPolyline
90
2
70
0
38
0.0
39
0.0
10
1394409.69471241
20
359439.089011138
40
0.0
41
0.0
42
0.0
10
1394393.78443108
20
359442.922665535
40
0.0
41
0.0
42
0.0
210
0.0
220
0.0
230
1.0
0
LWPOLYLINE
5
5E2
330
1C
100
AcDbEntity
67
0
8
8 - ценная историческая застройка конец ХIX - начало ХХ века
62
7
6
ByLayer
370
20
48
1.0
60
0
100
AcDbPolyline
90
5
70
0
38
0.0
39
0.0
10
1394393.78443108
20
359442.922665535
40
0.0
41
0.0
42
0.0
10
1394393.17863971
20
359443.235790137
40
0.0
41
0.0
42
0.0
10
1394392.78658852
20
359443.793756136
40
0.0
41
0.0
42
0.0
10
1394392.69733242
20
359444.469820882
40
0.0
41
0.0
42
0.0
10
1394392.93114602
20
359445.110415439
40
0.0
41
0.0
42
0.0
210
0.0
220
0.0
230
1.0
0
LWPOLYLINE
5
5E3
330
1C
100
AcDbEntity
67
0
8
8 - ценная историческая застройка конец ХIX - начало ХХ века
62
7
6
ByLayer
370
20
48
1.0
60
0
100
AcDbPolyline
90
2
70
0
38
0.0
39
0.0
10
1394392.93114602
20
359445.110415439
40
0.0
41
0.0
42
0.0
10
1394394.62251117
20
359452.152936341
40
0.0
41
0.0
42
0.0
210
0.0
220
0.0
230
1.0
0
LWPOLYLINE
5
5E4
330
1C
100
AcDbEntity
67
0
8
8 - ценная историческая застройка конец ХIX - начало ХХ века
62
7
6
ByLayer
370
20
48
1.0
60
0
100
AcDbPolyline
90
11
70
1
38
0.0
39
0.0
10
1394439.85661521
20
359435.312071368
40
0.0
41
0.0
42
0.0
10
1394436.30343628
20
359420.83904263
40
0.0
41
0.0
42
0.0
10
1394415.86110402
20
359425.660529087
40
0.0
41
0.0
42
0.0
10
1394418.47974688
20
359436.515344685
40
0.0
41
0.0
42
0.0
10
1394416.62987231
20
359437.046156182
40
0.0
41
0.0
42
0.0
10
1394417.75656764
20
359441.673784578
40
0.0
41
0.0
42
0.0
10
1394424.84119862
20
359439.907134191
40
0.0
41
0.0
42
0.0
10
1394423.85631841
20
359435.67304396
40
0.0
41
0.0
42
0.0
10
1394432.51262798
20
359433.493667409
40
0.0
41
0.0
42
0.0
10
1394433.34545293
20
359436.955947521
40
0.0
41
0.0
42
0.0
10
1394439.85661521
20
359435.312071368
40
0.0
41
0.0
42
0.0
210
0.0
220
0.0
230
1.0
0
TEXT
5
5E5
330
1C
100
AcDbEntity
67
0
8
8 - ценная историческая застройка конец ХIX - начало ХХ века
62
7
6
ByLayer
370
-1
48
1.0
60
0
100
AcDbText
1
298,35
10
1394426.71069225
20
359430.227319692
30
0.0
40
0.31111111111
41
1.0
50
0.0
51
0.0
7
Standard
11
1394426.71069225
21
359430.227319692
31
0.0
210
0.0
220
0.0
230
1.0
71
0
72
0
100
AcDbText
73
0
0
LWPOLYLINE
5
5E6
330
1C
100
AcDbEntity
67
0
8
8 - ценная историческая застройка конец ХIX - начало ХХ века
62
7
6
ByLayer
370
20
48
1.0
60
0
100
AcDbPolyline
90
5
70
1
38
0.0
39
0.0
10
1390717.07933897
20
355076.201102207
40
0.0
41
0.0
42
0.0
10
1390717.14053303
20
355072.201175564
40
0.0
41
0.0
42
0.0
10
1390703.14079004
20
355071.986996413
40
0.0
41
0.0
42
0.0
10
1390703.07959598
20
355075.986922916
40
0.0
41
0.0
42
0.0
10
1390717.07933897
20
355076.201102207
40
0.0
41
0.0
42
0.0
210
0.0
220
0.0
230
1.0
0
TEXT
5
5E7
330
1C
100
AcDbEntity
67
0
8
8 - ценная историческая застройка конец ХIX - начало ХХ века
62
7
6
ByLayer
370
-1
48
1.0
60
0
100
AcDbText
1
56,00
10
1390709.58256203
20
355073.956453664
30
0.0
40
0.31111111111
41
1.0
50
0.0
51
0.0
7
Standard
11
1390709.58256203
21
355073.956453664
31
0.0
210
0.0
220
0.0
230
1.0
71
0
72
0
100
AcDbText
73
0
0
LWPOLYLINE
5
5E8
330
1C
100
AcDbEntity
67
0
8
8 - ценная историческая застройка конец ХIX - начало ХХ века
62
7
6
ByLayer
370
20
48
1.0
60
0
100
AcDbPolyline
90
9
70
1
38
0.0
39
0.0
10
1394581.12457775
20
359196.738386961
40
0.0
41
0.0
42
0.0
10
1394565.39920365
20
359200.487034407
40
0.0
41
0.0
42
0.0
10
1394572.33725263
20
359229.591781578
40
0.0
41
0.0
42
0.0
10
1394588.0626273
20
359225.843135238
40
0.0
41
0.0
42
0.0
10
1394585.97493885
20
359217.08539238
40
0.0
41
0.0
42
0.0
10
1394586.37031171
20
359216.991142591
40
0.0
41
0.0
42
0.0
10
1394583.54536307
20
359205.140633538
40
0.0
41
0.0
42
0.0
10
1394583.14999021
20
359205.234883337
40
0.0
41
0.0
42
0.0
10
1394581.12457775
20
359196.738386961
40
0.0
41
0.0
42
0.0
210
0.0
220
0.0
230
1.0
0
TEXT
5
5E9
330
1C
100
AcDbEntity
67
0
8
8 - ценная историческая застройка конец ХIX - начало ХХ века
62
7
6
ByLayer
370
-1
48
1.0
60
0
100
AcDbText
1
488,54
10
1394576.15598376
20
359213.004718645
30
0.0
40
0.31111111111
41
1.0
50
0.0
51
0.0
7
Standard
11
1394576.15598376
21
359213.004718645
31
0.0
210
0.0
220
0.0
230
1.0
71
0
72
0
100
AcDbText
73
0
0
LWPOLYLINE
5
5EA
330
1C
100
AcDbEntity
67
0
8
8 - ценная историческая застройка конец ХIX - начало ХХ века
62
7
6
ByLayer
370
20
48
1.0
60
0
100
AcDbPolyline
90
5
70
1
38
0.0
39
0.0
10
1394663.05107398
20
359530.692164758
40
0.0
41
0.0
42
0.0
10
1394720.76543682
20
359516.70859068
40
0.0
41
0.0
42
0.0
10
1394720.09368779
20
359513.902385242
40
0.0
41
0.0
42
0.0
10
1394662.42778952
20
359528.079481095
40
0.0
41
0.0
42
0.0
10
1394663.05107398
20
359530.692164758
40
0.0
41
0.0
42
0.0
210
0.0
220
0.0
230
1.0
0
TEXT
5
5EB
330
1C
100
AcDbEntity
67
0
8
8 - ценная историческая застройка конец ХIX - начало ХХ века
62
7
6
ByLayer
370
-1
48
1.0
60
0
100
AcDbText
1
165,39
10
1394691.27248412
20
359522.122063974
30
0.0
40
0.31111111111
41
1.0
50
0.0
51
0.0
7
Standard
11
1394691.27248412
21
359522.122063974
31
0.0
210
0.0
220
0.0
230
1.0
71
0
72
0
100
AcDbText
73
0
0
LWPOLYLINE
5
5EC
330
1C
100
AcDbEntity
67
0
8
8 - ценная историческая застройка конец ХIX - начало ХХ века
62
7
6
ByLayer
370
20
48
1.0
60
0
100
AcDbPolyline
90
15
70
1
38
0.0
39
0.0
10
1394697.18344822
20
359478.905028044
40
0.0
41
0.0
42
0.0
10
1394701.17149663
20
359495.927009681
40
0.0
41
0.0
42
0.0
10
1394703.52137284
20
359495.399543237
40
0.0
41
0.0
42
0.0
10
1394704.39166034
20
359499.267435377
40
0.0
41
0.0
42
0.0
10
1394671.31938583
20
359506.942122572
40
0.0
41
0.0
42
0.0
10
1394675.10101389
20
359523.663379224
40
0.0
41
0.0
42
0.0
10
1394695.94693303
20
359518.563701194
40
0.0
41
0.0
42
0.0
10
1394697.00361317
20
359519.453999749
40
0.0
41
0.0
42
0.0
10
1394699.82126276
20
359518.720806373
40
0.0
41
0.0
42
0.0
10
1394700.37392184
20
359517.480696974
40
0.0
41
0.0
42
0.0
10
1394705.35551137
20
359516.256898878
40
0.0
41
0.0
42
0.0
10
1394705.62989223
20
359517.368174404
40
0.0
41
0.0
42
0.0
10
1394720.10626871
20
359513.793866766
40
0.0
41
0.0
42
0.0
10
1394711.66584187
20
359475.704029731
40
0.0
41
0.0
42
0.0
10
1394697.18344822
20
359478.905028044
40
0.0
41
0.0
42
0.0
210
0.0
220
0.0
230
1.0
0
TEXT
5
5ED
330
1C
100
AcDbEntity
67
0
8
8 - ценная историческая застройка конец ХIX - начало ХХ века
62
7
6
ByLayer
370
-1
48
1.0
60
0
100
AcDbText
1
1 103,46
10
1394698.08788058
20
359503.708074675
30
0.0
40
0.31111111111
41
1.0
50
0.0
51
0.0
7
Standard
11
1394698.08788058
21
359503.708074675
31
0.0
210
0.0
220
0.0
230
1.0
71
0
72
0
100
AcDbText
73
0
0
LWPOLYLINE
5
5EE
330
1C
100
AcDbEntity
67
0
8
8 - ценная историческая застройка конец ХIX - начало ХХ века
62
7
6
ByLayer
370
20
48
1.0
60
0
100
AcDbPolyline
90
5
70
1
38
0.0
39
0.0
10
1390473.17470756
20
355134.139947939
40
0.0
41
0.0
42
0.0
10
1390473.23590219
20
355130.140023812
40
0.0
41
0.0
42
0.0
10
1390459.236168
20
355129.925842695
40
0.0
41
0.0
42
0.0
10
1390459.17497338
20
355133.925766679
40
0.0
41
0.0
42
0.0
10
1390473.17470756
20
355134.139947939
40
0.0
41
0.0
42
0.0
210
0.0
220
0.0
230
1.0
0
TEXT
5
5EF
330
1C
100
AcDbEntity
67
0
8
8 - ценная историческая застройка конец ХIX - начало ХХ века
62
7
6
ByLayer
370
-1
48
1.0
60
0
100
AcDbText
1
56,00
10
1390465.67793568
20
355131.895299386
30
0.0
40
0.31111111111
41
1.0
50
0.0
51
0.0
7
Standard
11
1390465.67793568
21
355131.895299386
31
0.0
210
0.0
220
0.0
230
1.0
71
0
72
0
100
AcDbText
73
0
0
LWPOLYLINE
5
5F0
330
1C
100
AcDbEntity
67
0
8
8 - ценная историческая застройка конец ХIX - начало ХХ века
62
7
6
ByLayer
370
20
48
1.0
60
0
100
AcDbPolyline
90
7
70
1
38
0.0
39
0.0
10
1393527.23402886
20
357984.270202151
40
0.0
41
0.0
42
0.0
10
1393519.65028186
20
357977.470409049
40
0.0
41
0.0
42
0.0
10
1393515.34418353
20
357982.407906708
40
0.0
41
0.0
42
0.0
10
1393513.39268293
20
357984.645554047
40
0.0
41
0.0
42
0.0
10
1393516.7790232
20
357987.546925233
40
0.0
41
0.0
42
0.0
10
1393521.21684767
20
357991.176742494
40
0.0
41
0.0
42
0.0
10
1393527.23402886
20
357984.270202151
40
0.0
41
0.0
42
0.0
210
0.0
220
0.0
230
1.0
0
TEXT
5
5F1
330
1C
100
AcDbEntity
67
0
8
8 - ценная историческая застройка конец ХIX - начало ХХ века
62
7
6
ByLayer
370
-1
48
1.0
60
0
100
AcDbText
1
95,42
10
1393519.81109124
20
357984.242429736
30
0.0
40
0.31111111111
41
1.0
50
0.0
51
0.0
7
Standard
11
1393519.81109124
21
357984.242429736
31
0.0
210
0.0
220
0.0
230
1.0
71
0
72
0
100
AcDbText
73
0
0
LWPOLYLINE
5
5F2
330
1C
100
AcDbEntity
67
0
8
8 - ценная историческая застройка конец ХIX - начало ХХ века
62
7
6
ByLayer
370
20
48
1.0
60
0
100
AcDbPolyline
90
10
70
1
38
0.0
39
0.0
10
1394585.14569676
20
359016.219310617
40
0.0
41
0.0
42
0.0
10
1394594.07712849
20
359014.151229446
40
0.0
41
0.0
42
0.0
10
1394592.60830417
20
359007.671571356
40
0.0
41
0.0
42
0.0
10
1394600.07763367
20
359005.865484845
40
0.0
41
0.0
42
0.0
10
1394589.32410124
20
358959.857983814
40
0.0
41
0.0
42
0.0
10
1394578.63357247
20
358962.042388673
40
0.0
41
0.0
42
0.0
10
1394576.93591552
20
358954.788930879
40
0.0
41
0.0
42
0.0
10
1394571.46345894
20
358955.738332756
40
0.0
41
0.0
42
0.0
10
1394577.54330936
20
358982.481099232
40
0.0
41
0.0
42
0.0
10
1394585.14569676
20
359016.219310617
40
0.0
41
0.0
42
0.0
210
0.0
220
0.0
230
1.0
0
TEXT
5
5F3
330
1C
100
AcDbEntity
67
0
8
8 - ценная историческая застройка конец ХIX - начало ХХ века
62
7
6
ByLayer
370
-1
48
1.0
60
0
100
AcDbText
1
894,39
10
1394585.53118412
20
358985.249001216
30
0.0
40
0.31111111111
41
1.0
50
0.0
51
0.0
7
Standard
11
1394585.53118412
21
358985.249001216
31
0.0
210
0.0
220
0.0
230
1.0
71
0
72
0
100
AcDbText
73
0
0
LWPOLYLINE
5
5F4
330
1C
100
AcDbEntity
67
0
8
8 - ценная историческая застройка конец ХIX - начало ХХ века
62
7
6
ByLayer
370
20
48
1.0
60
0
100
AcDbPolyline
90
5
70
1
38
0.0
39
0.0
10
1394615.99408995
20
359072.543413226
40
0.0
41
0.0
42
0.0
10
1394603.77735082
20
359022.925963171
40
0.0
41
0.0
42
0.0
10
1394587.83686313
20
359026.642825669
40
0.0
41
0.0
42
0.0
10
1394599.83986768
20
359076.248409413
40
0.0
41
0.0
42
0.0
10
1394615.99408995
20
359072.543413226
40
0.0
41
0.0
42
0.0
210
0.0
220
0.0
230
1.0
0
TEXT
5
5F5
330
1C
100
AcDbEntity
67
0
8
8 - ценная историческая застройка конец ХIX - начало ХХ века
62
7
6
ByLayer
370
-1
48
1.0
60
0
100
AcDbText
1
840,89
10
1394601.21986247
20
359049.50163593
30
0.0
40
0.31111111111
41
1.0
50
0.0
51
0.0
7
Standard
11
1394601.21986247
21
359049.50163593
31
0.0
210
0.0
220
0.0
230
1.0
71
0
72
0
100
AcDbText
73
0
0
LWPOLYLINE
5
5F6
330
1C
100
AcDbEntity
67
0
8
8 - ценная историческая застройка конец ХIX - начало ХХ века
62
7
6
ByLayer
370
20
48
1.0
60
0
100
AcDbPolyline
90
5
70
1
38
0.0
39
0.0
10
1394940.58667802
20
359499.001391857
40
0.0
41
0.0
42
0.0
10
1394961.93549938
20
359521.434988731
40
0.0
41
0.0
42
0.0
10
1394972.20160509
20
359511.478494963
40
0.0
41
0.0
42
0.0
10
1394950.31906454
20
359489.717345476
40
0.0
41
0.0
42
0.0
10
1394940.58667802
20
359499.001391857
40
0.0
41
0.0
42
0.0
210
0.0
220
0.0
230
1.0
0
TEXT
5
5F7
330
1C
100
AcDbEntity
67
0
8
8 - ценная историческая застройка конец ХIX - начало ХХ века
62
7
6
ByLayer
370
-1
48
1.0
60
0
100
AcDbText
1
428,81
10
1394955.71190406
20
359505.384495002
30
0.0
40
0.31111111111
41
1.0
50
0.0
51
0.0
7
Standard
11
1394955.71190406
21
359505.384495002
31
0.0
210
0.0
220
0.0
230
1.0
71
0
72
0
100
AcDbText
73
0
0
LWPOLYLINE
5
5F8
330
1C
100
AcDbEntity
67
0
8
8 - ценная историческая застройка конец ХIX - начало ХХ века
62
7
6
ByLayer
370
20
48
1.0
60
0
100
AcDbPolyline
90
7
70
1
38
0.0
39
0.0
10
1393478.693542
20
357954.578101546
40
0.0
41
0.0
42
0.0
10
1393467.63200491
20
357944.517825058
40
0.0
41
0.0
42
0.0
10
1393460.92447038
20
357952.027960332
40
0.0
41
0.0
42
0.0
10
1393459.27345778
20
357953.876527441
40
0.0
41
0.0
42
0.0
10
1393464.81185432
20
357958.814017035
40
0.0
41
0.0
42
0.0
10
1393470.26802215
20
357963.750248159
40
0.0
41
0.0
42
0.0
10
1393478.693542
20
357954.578101546
40
0.0
41
0.0
42
0.0
210
0.0
220
0.0
230
1.0
0
TEXT
5
5F9
330
1C
100
AcDbEntity
67
0
8
8 - ценная историческая застройка конец ХIX - начало ХХ века
62
7
6
ByLayer
370
-1
48
1.0
60
0
100
AcDbText
1
185,58
10
1393468.31631519
20
357954.020814031
30
0.0
40
0.31111111111
41
1.0
50
0.0
51
0.0
7
Standard
11
1393468.31631519
21
357954.020814031
31
0.0
210
0.0
220
0.0
230
1.0
71
0
72
0
100
AcDbText
73
0
0
LWPOLYLINE
5
5FA
330
1C
100
AcDbEntity
67
0
8
8 - ценная историческая застройка конец ХIX - начало ХХ века
62
7
6
ByLayer
370
20
48
1.0
60
0
100
AcDbPolyline
90
11
70
1
38
0.0
39
0.0
10
1394730.17898029
20
359467.031541018
40
0.0
41
0.0
42
0.0
10
1394745.70833643
20
359463.46229052
40
0.0
41
0.0
42
0.0
10
1394744.18356559
20
359457.846207292
40
0.0
41
0.0
42
0.0
10
1394741.6926425
20
359458.522494811
40
0.0
41
0.0
42
0.0
10
1394740.64296711
20
359454.656298018
40
0.0
41
0.0
42
0.0
10
1394741.97568751
20
359454.294463396
40
0.0
41
0.0
42
0.0
10
1394742.49799738
20
359456.218251187
40
0.0
41
0.0
42
0.0
10
1394745.4656353
20
359455.41253521
40
0.0
41
0.0
42
0.0
10
1394741.86263196
20
359442.215614444
40
0.0
41
0.0
42
0.0
10
1394725.26818289
20
359446.721020653
40
0.0
41
0.0
42
0.0
10
1394730.17898029
20
359467.031541018
40
0.0
41
0.0
42
0.0
210
0.0
220
0.0
230
1.0
0
TEXT
5
5FB
330
1C
100
AcDbEntity
67
0
8
8 - ценная историческая застройка конец ХIX - начало ХХ века
62
7
6
ByLayer
370
-1
48
1.0
60
0
100
AcDbText
1
348,95
10
1394735.08734505
20
359454.423468539
30
0.0
40
0.31111111111
41
1.0
50
0.0
51
0.0
7
Standard
11
1394735.08734505
21
359454.423468539
31
0.0
210
0.0
220
0.0
230
1.0
71
0
72
0
100
AcDbText
73
0
0
LWPOLYLINE
5
5FC
330
1C
100
AcDbEntity
67
0
8
8 - ценная историческая застройка конец ХIX - начало ХХ века
62
7
6
ByLayer
370
20
48
1.0
60
0
100
AcDbPolyline
90
5
70
1
38
0.0
39
0.0
10
1394530.99937494
20
358875.30822458
40
0.0
41
0.0
42
0.0
10
1394568.93494044
20
358923.234432272
40
0.0
41
0.0
42
0.0
10
1394581.81048227
20
358913.284997315
40
0.0
41
0.0
42
0.0
10
1394543.85805176
20
358865.229300463
40
0.0
41
0.0
42
0.0
10
1394530.99937494
20
358875.30822458
40
0.0
41
0.0
42
0.0
210
0.0
220
0.0
230
1.0
0
TEXT
5
5FD
330
1C
100
AcDbEntity
67
0
8
8 - ценная историческая застройка конец ХIX - начало ХХ века
62
7
6
ByLayer
370
-1
48
1.0
60
0
100
AcDbText
1
997,27
10
1394555.73338036
20
358894.106677094
30
0.0
40
0.31111111111
41
1.0
50
0.0
51
0.0
7
Standard
11
1394555.73338036
21
358894.106677094
31
0.0
210
0.0
220
0.0
230
1.0
71
0
72
0
100
AcDbText
73
0
0
LWPOLYLINE
5
5FE
330
1C
100
AcDbEntity
67
0
8
8 - ценная историческая застройка конец ХIX - начало ХХ века
62
7
6
ByLayer
370
20
48
1.0
60
0
100
AcDbPolyline
90
5
70
1
38
0.0
39
0.0
10
1393736.20362607
20
358202.262693608
40
0.0
41
0.0
42
0.0
10
1393757.61616837
20
358223.499299236
40
0.0
41
0.0
42
0.0
10
1393765.5670899
20
358215.482507806
40
0.0
41
0.0
42
0.0
10
1393744.15454673
20
358194.245902189
40
0.0
41
0.0
42
0.0
10
1393736.20362607
20
358202.262693608
40
0.0
41
0.0
42
0.0
210
0.0
220
0.0
230
1.0
0
TEXT
5
5FF
330
1C
100
AcDbEntity
67
0
8
8 - ценная историческая застройка конец ХIX - начало ХХ века
62
7
6
ByLayer
370
-1
48
1.0
60
0
100
AcDbText
1
340,44
10
1393750.22906492
20
358208.73303056
30
0.0
40
0.31111111111
41
1.0
50
0.0
51
0.0
7
Standard
11
1393750.22906492
21
358208.73303056
31
0.0
210
0.0
220
0.0
230
1.0
71
0
72
0
100
AcDbText
73
0
0
LWPOLYLINE
5
600
330
1C
100
AcDbEntity
67
0
8
8 - ценная историческая застройка конец ХIX - начало ХХ века
62
7
6
ByLayer
370
20
48
1.0
60
0
100
AcDbPolyline
90
9
70
1
38
0.0
39
0.0
10
1394321.932777
20
359161.978404542
40
0.0
41
0.0
42
0.0
10
1394311.43388228
20
359164.541965746
40
0.0
41
0.0
42
0.0
10
1394312.8838766
20
359170.197783949
40
0.0
41
0.0
42
0.0
10
1394309.64352642
20
359171.111962107
40
0.0
41
0.0
42
0.0
10
1394311.04225504
20
359176.790413726
40
0.0
41
0.0
42
0.0
10
1394314.34623324
20
359175.901822687
40
0.0
41
0.0
42
0.0
10
1394315.75831914
20
359181.409776731
40
0.0
41
0.0
42
0.0
10
1394326.25292907
20
359178.753198709
40
0.0
41
0.0
42
0.0
10
1394321.932777
20
359161.978404542
40
0.0
41
0.0
42
0.0
210
0.0
220
0.0
230
1.0
0
TEXT
5
601
330
1C
100
AcDbEntity
67
0
8
8 - ценная историческая застройка конец ХIX - начало ХХ века
62
7
6
ByLayer
370
-1
48
1.0
60
0
100
AcDbText
1
207,72
10
1394317.52697238
20
359171.710573353
30
0.0
40
0.31111111111
41
1.0
50
0.0
51
0.0
7
Standard
11
1394317.52697238
21
359171.710573353
31
0.0
210
0.0
220
0.0
230
1.0
71
0
72
0
100
AcDbText
73
0
0
LWPOLYLINE
5
602
330
1C
100
AcDbEntity
67
0
8
8 - ценная историческая застройка конец ХIX - начало ХХ века
62
7
6
ByLayer
370
20
48
1.0
60
0
100
AcDbPolyline
90
5
70
1
38
0.0
39
0.0
10
1394715.29152684
20
359143.209937824
40
0.0
41
0.0
42
0.0
10
1394728.63081739
20
359139.533274554
40
0.0
41
0.0
42
0.0
10
1394727.40834105
20
359135.103561875
40
0.0
41
0.0
42
0.0
10
1394714.06905059
20
359138.780225288
40
0.0
41
0.0
42
0.0
10
1394715.29152684
20
359143.209937824
40
0.0
41
0.0
42
0.0
210
0.0
220
0.0
230
1.0
0
TEXT
5
603
330
1C
100
AcDbEntity
67
0
8
8 - ценная историческая застройка конец ХIX - начало ХХ века
62
7
6
ByLayer
370
-1
48
1.0
60
0
100
AcDbText
1
63,57
10
1394720.82242151
20
359139.019150417
30
0.0
40
0.31111111111
41
1.0
50
0.0
51
0.0
7
Standard
11
1394720.82242151
21
359139.019150417
31
0.0
210
0.0
220
0.0
230
1.0
71
0
72
0
100
AcDbText
73
0
0
LWPOLYLINE
5
604
330
1C
100
AcDbEntity
67
0
8
8 - ценная историческая застройка конец ХIX - начало ХХ века
62
7
6
ByLayer
370
20
48
1.0
60
0
100
AcDbPolyline
90
5
70
1
38
0.0
39
0.0
10
1394718.35082779
20
359130.233828666
40
0.0
41
0.0
42
0.0
10
1394725.30184853
20
359128.309784101
40
0.0
41
0.0
42
0.0
10
1394722.02267684
20
359116.446911449
40
0.0
41
0.0
42
0.0
10
1394715.07165622
20
359118.370956209
40
0.0
41
0.0
42
0.0
10
1394718.35082779
20
359130.233828666
40
0.0
41
0.0
42
0.0
210
0.0
220
0.0
230
1.0
0
TEXT
5
605
330
1C
100
AcDbEntity
67
0
8
8 - ценная историческая застройка конец ХIX - начало ХХ века
62
7
6
ByLayer
370
-1
48
1.0
60
0
100
AcDbText
1
88,75
10
1394719.65923997
20
359123.202770624
30
0.0
40
0.31111111111
41
1.0
50
0.0
51
0.0
7
Standard
11
1394719.65923997
21
359123.202770624
31
0.0
210
0.0
220
0.0
230
1.0
71
0
72
0
100
AcDbText
73
0
0
LWPOLYLINE
5
606
330
1C
100
AcDbEntity
67
0
8
8 - ценная историческая застройка конец ХIX - начало ХХ века
62
7
6
ByLayer
370
20
48
1.0
60
0
100
AcDbPolyline
90
10
70
1
38
0.0
39
0.0
10
1394369.44210435
20
359058.627391851
40
0.0
41
0.0
42
0.0
10
1394371.44257678
20
359067.182937142
40
0.0
41
0.0
42
0.0
10
1394375.5191581
20
359066.229743871
40
0.0
41
0.0
42
0.0
10
1394378.26819531
20
359065.612215008
40
0.0
41
0.0
42
0.0
10
1394377.38141315
20
359061.66454998
40
0.0
41
0.0
42
0.0
10
1394375.87020422
20
359053.489985358
40
0.0
41
0.0
42
0.0
10
1394382.11582256
20
359052.061032324
40
0.0
41
0.0
42
0.0
10
1394380.40897535
20
359044.600804176
40
0.0
41
0.0
42
0.0
10
1394366.88582751
20
359047.694804421
40
0.0
41
0.0
42
0.0
10
1394369.44210435
20
359058.627391851
40
0.0
41
0.0
42
0.0
210
0.0
220
0.0
230
1.0
0
TEXT
5
607
330
1C
100
AcDbEntity
67
0
8
8 - ценная историческая застройка конец ХIX - начало ХХ века
62
7
6
ByLayer
370
-1
48
1.0
60
0
100
AcDbText
1
194,46
10
1394373.39930787
20
359054.475123393
30
0.0
40
0.31111111111
41
1.0
50
0.0
51
0.0
7
Standard
11
1394373.39930787
21
359054.475123393
31
0.0
210
0.0
220
0.0
230
1.0
71
0
72
0
100
AcDbText
73
0
0
LWPOLYLINE
5
608
330
1C
100
AcDbEntity
67
0
8
8 - ценная историческая застройка конец ХIX - начало ХХ века
62
7
6
ByLayer
370
20
48
1.0
60
0
100
AcDbPolyline
90
15
70
1
38
0.0
39
0.0
10
1394342.87215076
20
359228.37371872
40
0.0
41
0.0
42
0.0
10
1394358.01379185
20
359224.598690932
40
0.0
41
0.0
42
0.0
10
1394357.01255179
20
359220.263332233
40
0.0
41
0.0
42
0.0
10
1394355.42798739
20
359220.614226049
40
0.0
41
0.0
42
0.0
10
1394351.31258683
20
359203.97877374
40
0.0
41
0.0
42
0.0
10
1394353.04442154
20
359203.56888769
40
0.0
41
0.0
42
0.0
10
1394351.80737828
20
359198.93075726
40
0.0
41
0.0
42
0.0
10
1394334.00196333
20
359203.257856072
40
0.0
41
0.0
42
0.0
10
1394335.83413674
20
359210.162305335
40
0.0
41
0.0
42
0.0
10
1394338.10033236
20
359209.618843311
40
0.0
41
0.0
42
0.0
10
1394341.37372183
20
359222.163626652
40
0.0
41
0.0
42
0.0
10
1394339.86694787
20
359222.558035406
40
0.0
41
0.0
42
0.0
10
1394340.99843637
20
359226.681245341
40
0.0
41
0.0
42
0.0
10
1394342.48233101
20
359226.384650715
40
0.0
41
0.0
42
0.0
10
1394342.87215076
20
359228.37371872
40
0.0
41
0.0
42
0.0
210
0.0
220
0.0
230
1.0
0
TEXT
5
609
330
1C
100
AcDbEntity
67
0
8
8 - ценная историческая застройка конец ХIX - начало ХХ века
62
7
6
ByLayer
370
-1
48
1.0
60
0
100
AcDbText
1
411,95
10
1394345.58558642
20
359213.426275997
30
0.0
40
0.31111111111
41
1.0
50
0.0
51
0.0
7
Standard
11
1394345.58558642
21
359213.426275997
31
0.0
210
0.0
220
0.0
230
1.0
71
0
72
0
100
AcDbText
73
0
0
LWPOLYLINE
5
60A
330
1C
100
AcDbEntity
67
0
8
8 - ценная историческая застройка конец ХIX - начало ХХ века
62
7
6
ByLayer
370
20
48
1.0
60
0
100
AcDbPolyline
90
9
70
1
38
0.0
39
0.0
10
1394368.35953742
20
359191.713704941
40
0.0
41
0.0
42
0.0
10
1394371.51382886
20
359205.995026103
40
0.0
41
0.0
42
0.0
10
1394382.91041269
20
359203.699314283
40
0.0
41
0.0
42
0.0
10
1394382.19858087
20
359199.780515461
40
0.0
41
0.0
42
0.0
10
1394381.75802588
20
359199.831553484
40
0.0
41
0.0
42
0.0
10
1394380.50790033
20
359194.252849485
40
0.0
41
0.0
42
0.0
10
1394381.72201212
20
359193.975634487
40
0.0
41
0.0
42
0.0
10
1394380.52032461
20
359188.983942308
40
0.0
41
0.0
42
0.0
10
1394368.35953742
20
359191.713704941
40
0.0
41
0.0
42
0.0
210
0.0
220
0.0
230
1.0
0
TEXT
5
60B
330
1C
100
AcDbEntity
67
0
8
8 - ценная историческая застройка конец ХIX - начало ХХ века
62
7
6
ByLayer
370
-1
48
1.0
60
0
100
AcDbText
1
174,59
10
1394375.06960848
20
359197.356070333
30
0.0
40
0.31111111111
41
1.0
50
0.0
51
0.0
7
Standard
11
1394375.06960848
21
359197.356070333
31
0.0
210
0.0
220
0.0
230
1.0
71
0
72
0
100
AcDbText
73
0
0
LWPOLYLINE
5
60C
330
1C
100
AcDbEntity
67
0
8
8 - ценная историческая застройка конец ХIX - начало ХХ века
62
7
6
ByLayer
370
20
48
1.0
60
0
100
AcDbPolyline
90
7
70
1
38
0.0
39
0.0
10
1393339.67913007
20
357979.564673976
40
0.0
41
0.0
42
0.0
10
1393360.52339595
20
358005.181952503
40
0.0
41
0.0
42
0.0
10
1393377.31685562
20
357991.51745226
40
0.0
41
0.0
42
0.0
10
1393335.94437992
20
357940.671331234
40
0.0
41
0.0
42
0.0
10
1393319.15092382
20
357954.33583221
40
0.0
41
0.0
42
0.0
10
1393339.23811311
20
357979.022671551
40
0.0
41
0.0
42
0.0
10
1393339.67913007
20
357979.564673976
40
0.0
41
0.0
42
0.0
210
0.0
220
0.0
230
1.0
0
TEXT
5
60D
330
1C
100
AcDbEntity
67
0
8
8 - ценная историческая застройка конец ХIX - начало ХХ века
62
7
6
ByLayer
370
-1
48
1.0
60
0
100
AcDbText
1
1 418,92
10
1393347.38448427
20
357972.784115229
30
0.0
40
0.31111111111
41
1.0
50
0.0
51
0.0
7
Standard
11
1393347.38448427
21
357972.784115229
31
0.0
210
0.0
220
0.0
230
1.0
71
0
72
0
100
AcDbText
73
0
0
LWPOLYLINE
5
60E
330
1C
100
AcDbEntity
67
0
8
8 - ценная историческая застройка конец ХIX - начало ХХ века
62
7
6
ByLayer
370
20
48
1.0
60
0
100
AcDbPolyline
90
7
70
1
38
0.0
39
0.0
10
1394222.59339721
20
359309.914991829
40
0.0
41
0.0
42
0.0
10
1394212.69692009
20
359322.480231908
40
0.0
41
0.0
42
0.0
10
1394217.99719904
20
359326.673914409
40
0.0
41
0.0
42
0.0
10
1394222.03305347
20
359321.685346344
40
0.0
41
0.0
42
0.0
10
1394229.28697492
20
359327.412180671
40
0.0
41
0.0
42
0.0
10
1394234.95631774
20
359319.88116521
40
0.0
41
0.0
42
0.0
10
1394222.59339721
20
359309.914991829
40
0.0
41
0.0
42
0.0
210
0.0
220
0.0
230
1.0
0
TEXT
5
60F
330
1C
100
AcDbEntity
67
0
8
8 - ценная историческая застройка конец ХIX - начало ХХ века
62
7
6
ByLayer
370
-1
48
1.0
60
0
100
AcDbText
1
195,46
10
1394223.29863212
20
359319.278242721
30
0.0
40
0.31111111111
41
1.0
50
0.0
51
0.0
7
Standard
11
1394223.29863212
21
359319.278242721
31
0.0
210
0.0
220
0.0
230
1.0
71
0
72
0
100
AcDbText
73
0
0
LWPOLYLINE
5
610
330
1C
100
AcDbEntity
67
0
8
8 - ценная историческая застройка конец ХIX - начало ХХ века
62
7
6
ByLayer
370
20
48
1.0
60
0
100
AcDbPolyline
90
6
70
1
38
0.0
39
0.0
10
1394278.39730721
20
359364.119064715
40
0.0
41
0.0
42
0.0
10
1394281.50279797
20
359367.607475825
40
0.0
41
0.0
42
0.0
10
1394291.87724766
20
359364.902616749
40
0.0
41
0.0
42
0.0
10
1394285.39842977
20
359357.667806234
40
0.0
41
0.0
42
0.0
10
1394278.36112006
20
359364.152409747
40
0.0
41
0.0
42
0.0
10
1394278.39730721
20
359364.119064715
40
0.0
41
0.0
42
0.0
210
0.0
220
0.0
230
1.0
0
TEXT
5
611
330
1C
100
AcDbEntity
67
0
8
8 - ценная историческая застройка конец ХIX - начало ХХ века
62
7
6
ByLayer
370
-1
48
1.0
60
0
100
AcDbText
1
68,50
10
1394284.27429
20
359363.170301208
30
0.0
40
0.31111111111
41
1.0
50
0.0
51
0.0
7
Standard
11
1394284.27429
21
359363.170301208
31
0.0
210
0.0
220
0.0
230
1.0
71
0
72
0
100
AcDbText
73
0
0
LWPOLYLINE
5
612
330
1C
100
AcDbEntity
67
0
8
8 - ценная историческая застройка конец ХIX - начало ХХ века
62
7
6
ByLayer
370
20
48
1.0
60
0
100
AcDbPolyline
90
13
70
1
38
0.0
39
0.0
10
1396378.72497593
20
359784.789919167
40
0.0
41
0.0
42
0.0
10
1396379.05758607
20
359786.111867059
40
0.0
41
0.0
42
0.0
10
1396380.00660884
20
359787.090402453
40
0.0
41
0.0
42
0.0
10
1396381.31775438
20
359787.46332758
40
0.0
41
0.0
42
0.0
10
1396382.63970228
20
359787.130717449
40
0.0
41
0.0
42
0.0
10
1396383.61823769
20
359786.181694666
40
0.0
41
0.0
42
0.0
10
1396383.99116281
20
359784.870549124
40
0.0
41
0.0
42
0.0
10
1396383.65855267
20
359783.548601213
40
0.0
41
0.0
42
0.0
10
1396382.70952988
20
359782.570065815
40
0.0
41
0.0
42
0.0
10
1396381.39838433
20
359782.197140704
40
0.0
41
0.0
42
0.0
10
1396380.07643644
20
359782.529750854
40
0.0
41
0.0
42
0.0
10
1396379.09790105
20
359783.478773636
40
0.0
41
0.0
42
0.0
10
1396378.72497593
20
359784.789919167
40
0.0
41
0.0
42
0.0
210
0.0
220
0.0
230
1.0
0
TEXT
5
613
330
1C
100
AcDbEntity
67
0
8
8 - ценная историческая застройка конец ХIX - начало ХХ века
62
7
6
ByLayer
370
-1
48
1.0
60
0
100
AcDbText
1

10
1396381.24118048
20
359784.840849099
30
0.0
40
0.31111111111
41
1.0
50
0.0
51
0.0
7
Standard
11
1396381.24118048
21
359784.840849099
31
0.0
210
0.0
220
0.0
230
1.0
71
0
72
0
100
AcDbText
73
0
0
VIEWPORT
5
618
330
614
100
AcDbEntity
67
1
8
0
62
256
6
ByLayer
370
-1
48
1.0
60
0
100
AcDbViewport
10
0.0
20
0.0
30
0.0
40
297.0
41
210.0
68
1
69
1
12
50.0
22
100.0
13
0.0
23
0.0
14
10.0
24
10.0
15
10.0
25
10.0
16
0.0
26
0.0
36
1.0
17
0.0
27
0.0
37
0.0
42
50.0
43
0.0
44
0.0
45
250.0
50
0.0
51
0.0
72
1000
90
819232
110
0.0
120
0.0
130
0.0
111
1.0
121
0.0
131
0.0
112
0.0
122
1.0
132
0.0
0
ENDSEC
0
SECTION
2
OBJECTS
0
DICTIONARY
5
61D
330
0
100
AcDbDictionary
280
1
281
1
3
ACAD_GROUP
350
12
3
ACAD_LAYOUT
350
617
3
ACAD_DGNDEFINITIONS
350
F
3
ACAD_DWFDEFINITIONS
350
10
3
ACAD_PDFDEFINITIONS
350
11
3
ACAD_MLINESTYLE
350
B
3
ACAD_IMAGE_DICT
350
E
3
ACAD_IMAGE_VARS
350
21
0
DICTIONARY
5
12
330
61D
100
AcDbDictionary
280
1
281
1
0
DICTIONARY
5
617
330
61D
100
AcDbDictionary
280
1
281
1
3
Model
350
20
3
Layout1
350
619
0
DICTIONARY
5
F
330
61D
100
AcDbDictionary
280
1
281
1
0
DICTIONARY
5
10
330
61D
100
AcDbDictionary
280
1
281
1
0
DICTIONARY
5
11
330
61D
100
AcDbDictionary
280
1
281
1
0
DICTIONARY
5
B
330
61D
100
AcDbDictionary
280
1
281
1
3
Standard
350
1B
0
DICTIONARY
5
E
330
61D
100
AcDbDictionary
280
1
281
1
0
DICTIONARY
5
6
330
5
100
AcDbDictionary
280
1
281
1
3
ACAD_LAYERSTATES
360
61E
0
DICTIONARY
5
61E
330
6
100
AcDbDictionary
280
1
281
1
0
LAYOUT
5
20
330
617
100
AcDbPlotSettings
1

2
none_device
4
ISO_A4_(210.00_x_297.00_MM)
6

40
7.5
41
20.0
42
7.5
43
20.0
44
210.0
45
297.0
46
0.0
47
0.0
48
0.0
49
0.0
140
0.0
141
0.0
142
1.0
143
1.0
70
11952
72
1
73
1
74
1
7

75
0
76
0
77
2
78
300
147
1.0
148
0.0
149
0.0
100
AcDbLayout
1
Model
71
0
10
1390458.99997338
20
355071.811996416
11
1399894.49574787
21
361029.354249142
12
0.0
22
0.0
32
0.0
14
1399894.49574787
24
361029.354249142
34
0.0
15
231.3
25
175.5
35
0.0
146
0.0
13
0.0
23
0.0
33
0.0
16
1.0
26
0.0
36
0.0
17
0.0
27
1.0
37
0.0
76
0
330
1C
0
LAYOUT
5
619
330
617
100
AcDbPlotSettings
1

2
none_device
4
ISO_A4_(210.00_x_297.00_MM)
6

40
7.5
41
20.0
42
7.5
43
20.0
44
210.0
45
297.0
46
0.0
47
0.0
48
0.0
49
0.0
140
0.0
141
0.0
142
1.0
143
1.0
70
688
72
1
73
1
74
1
7

75
0
76
0
77
2
78
300
147
1.0
148
0.0
149
0.0
100
AcDbLayout
1
Layout1
71
1
10
-20.0
20
-7.5
11
277.0
21
202.5
12
0.0
22
0.0
32
0.0
14
25.7
24
19.5
34
0.0
15
231.3
25
175.5
35
0.0
146
0.0
13
0.0
23
0.0
33
0.0
16
1.0
26
0.0
36
0.0
17
0.0
27
1.0
37
0.0
76
0
330
614
0
MLINESTYLE
5
1B
330
B
100
AcDbMlineStyle
2
Standard
70
0
3

62
256
51
90.0
52
90.0
71
2
49
0.5
62
256
6
ByLayer
49
-0.5
62
256
6
ByLayer
0
RASTERVARIABLES
5
21
330
E
100
AcDbRasterVariables
90
0
70
1
71
1
72
0
0
ENDSEC
0
EOF
