{
"type": "FeatureCollection",
"name": "6_borders_approved",
"crs": { "type": "name", "properties": { "name": "urn:ogc:def:crs:OGC:1.3:CRS84" } },
"features": [
{ "type": "Feature", "properties": { "fid": 1, "Layer": "6 - утвержденные границы территорий окн", "PaperSpace": null, "SubClasses": "AcDbEntity:AcDbPolyline", "Linetype": "ByLayer", "EntityHandle": "13B9", "Text": null, "ogr_style": "PEN(c:#000000)", "font": null, "angle": null, "size": null, "size_u": null, "anchor": null, "color": "#000000", "underline": null, "plaintext": null, "fcolor": null, "flnum": null, "bold": null, "italic": null, "dx": null, "dx_u": null, "dy": null, "dy_u": null }, "geometry": { "type": "LineString", "coordinates": [ [ 131.880748875492486, 43.110522270393972 ], [ 131.881029628437233, 43.110478188639405 ], [ 131.880863646030917, 43.109972387587995 ], [ 131.880768967797167, 43.109987662651903 ], [ 131.880752474555493, 43.109934183051351 ], [ 131.880612774877676, 43.109952976346023 ], [ 131.880614874896963, 43.10996006596406 ], [ 131.880590130974809, 43.109963918115952 ], [ 131.880748875492486, 43.110522270393972 ] ] } },
{ "type": "Feature", "properties": { "fid": 2, "Layer": "6 - утвержденные границы территорий окн", "PaperSpace": null, "SubClasses": "AcDbEntity:AcDbPolyline", "Linetype": "ByLayer", "EntityHandle": "13BB", "Text": null, "ogr_style": "PEN(c:#000000)", "font": null, "angle": null, "size": null, "size_u": null, "anchor": null, "color": "#000000", "underline": null, "plaintext": null, "fcolor": null, "flnum": null, "bold": null, "italic": null, "dx": null, "dx_u": null, "dy": null, "dy_u": null }, "geometry": { "type": "LineString", "coordinates": [ [ 131.880124776713956, 43.110672276590655 ], [ 131.88017875037707, 43.110661376444149 ], [ 131.880209713329577, 43.110745853282168 ], [ 131.880424333686705, 43.110699835009719 ], [ 131.880502754721448, 43.110682385240239 ], [ 131.880446384655386, 43.110514905424907 ], [ 131.880455180923576, 43.110512295628091 ], [ 131.880325100403098, 43.110156899396756 ], [ 131.88020753383654, 43.110176727317857 ], [ 131.879952632633888, 43.110229995578081 ], [ 131.880124776713956, 43.110672276590655 ] ] } },
{ "type": "Feature", "properties": { "fid": 3, "Layer": "6 - утвержденные границы территорий окн", "PaperSpace": null, "SubClasses": "AcDbEntity:AcDbPolyline", "Linetype": "ByLayer", "EntityHandle": "13BD", "Text": null, "ogr_style": "PEN(c:#000000)", "font": null, "angle": null, "size": null, "size_u": null, "anchor": null, "color": "#000000", "underline": null, "plaintext": null, "fcolor": null, "flnum": null, "bold": null, "italic": null, "dx": null, "dx_u": null, "dy": null, "dy_u": null }, "geometry": { "type": "LineString", "coordinates": [ [ 131.874992037938995, 43.111818891426964 ], [ 131.874966123649699, 43.111845437319289 ], [ 131.874856633258247, 43.111968062110797 ], [ 131.874785235710078, 43.11200631979866 ], [ 131.874747872669076, 43.112025150423896 ], [ 131.874689557444356, 43.112060035222505 ], [ 131.87471097037249, 43.112107525088611 ], [ 131.874907200460626, 43.112206443101961 ], [ 131.874878663309488, 43.112237246098246 ], [ 131.874938834926184, 43.112268231447601 ], [ 131.875171145145771, 43.112026177136848 ], [ 131.875144451631883, 43.111874596528892 ], [ 131.874992037938995, 43.111818891426964 ] ] } },
{ "type": "Feature", "properties": { "fid": 4, "Layer": "6 - утвержденные границы территорий окн", "PaperSpace": null, "SubClasses": "AcDbEntity:AcDbPolyline", "Linetype": "ByLayer", "EntityHandle": "13BF", "Text": null, "ogr_style": "PEN(c:#000000)", "font": null, "angle": null, "size": null, "size_u": null, "anchor": null, "color": "#000000", "underline": null, "plaintext": null, "fcolor": null, "flnum": null, "bold": null, "italic": null, "dx": null, "dx_u": null, "dy": null, "dy_u": null }, "geometry": { "type": "LineString", "coordinates": [ [ 131.875875134650499, 43.112247589795771 ], [ 131.875663273046428, 43.11244029170237 ], [ 131.87556139454199, 43.11253655646491 ], [ 131.875607845796026, 43.11255660888142 ], [ 131.875641544611483, 43.112571479697849 ], [ 131.875705590587387, 43.112592884097509 ], [ 131.8757555074327, 43.112607770652147 ], [ 131.87586027452906, 43.112645054761167 ], [ 131.875964922361504, 43.112702052682394 ], [ 131.875985565274419, 43.112669619153785 ], [ 131.875996823354996, 43.112673735686684 ], [ 131.875989490874559, 43.112630243997998 ], [ 131.876048488398709, 43.112553405881194 ], [ 131.876177369902933, 43.112436254274058 ], [ 131.87617510616775, 43.112433486827534 ], [ 131.876147768729624, 43.112404149743931 ], [ 131.876035038306725, 43.112342013153736 ], [ 131.875875134650499, 43.112247589795771 ] ] } },
{ "type": "Feature", "properties": { "fid": 5, "Layer": "6 - утвержденные границы территорий окн", "PaperSpace": null, "SubClasses": "AcDbEntity:AcDbPolyline", "Linetype": "ByLayer", "EntityHandle": "13C1", "Text": null, "ogr_style": "PEN(c:#000000)", "font": null, "angle": null, "size": null, "size_u": null, "anchor": null, "color": "#000000", "underline": null, "plaintext": null, "fcolor": null, "flnum": null, "bold": null, "italic": null, "dx": null, "dx_u": null, "dy": null, "dy_u": null }, "geometry": { "type": "LineString", "coordinates": [ [ 131.876339200353868, 43.112209673694338 ], [ 131.876321846521535, 43.112227581974004 ], [ 131.876147768729624, 43.112404149743931 ], [ 131.87617510616775, 43.112433486827534 ], [ 131.876177369902933, 43.112436254274058 ], [ 131.876189775433289, 43.112449090358815 ], [ 131.876274655387704, 43.112500257457455 ], [ 131.876337536667421, 43.112538055550267 ], [ 131.876431643193968, 43.112524770218599 ], [ 131.876589365426668, 43.112379962121246 ], [ 131.876609530884537, 43.112361305205333 ], [ 131.876339200353868, 43.112209673694338 ] ] } },
{ "type": "Feature", "properties": { "fid": 6, "Layer": "6 - утвержденные границы территорий окн", "PaperSpace": null, "SubClasses": "AcDbEntity:AcDbPolyline", "Linetype": "ByLayer", "EntityHandle": "13C3", "Text": null, "ogr_style": "PEN(c:#000000)", "font": null, "angle": null, "size": null, "size_u": null, "anchor": null, "color": "#000000", "underline": null, "plaintext": null, "fcolor": null, "flnum": null, "bold": null, "italic": null, "dx": null, "dx_u": null, "dy": null, "dy_u": null }, "geometry": { "type": "LineString", "coordinates": [ [ 131.874106122578922, 43.111572489713865 ], [ 131.873984558497114, 43.111712968219237 ], [ 131.873862035109738, 43.111724288572105 ], [ 131.873686342276841, 43.111639293062638 ], [ 131.873666217261587, 43.111712316517469 ], [ 131.873707129371041, 43.111718833845437 ], [ 131.873689547417968, 43.111783370431645 ], [ 131.873680411768788, 43.111781032459945 ], [ 131.873689214165239, 43.111843952111712 ], [ 131.873768659561335, 43.111919839406418 ], [ 131.87386026656381, 43.112119550670478 ], [ 131.873941044679412, 43.112096590812129 ], [ 131.873962796460916, 43.112057755554375 ], [ 131.874018301569436, 43.111984554285094 ], [ 131.873986311307164, 43.111969035623531 ], [ 131.874005327820527, 43.111948050462374 ], [ 131.874001236910829, 43.111946111561323 ], [ 131.874105539746409, 43.111848023410815 ], [ 131.874118937183795, 43.111835286183634 ], [ 131.874139254890423, 43.111818158370745 ], [ 131.874155460591169, 43.111804492612059 ], [ 131.874227509344109, 43.111742105419573 ], [ 131.874268260676132, 43.11170748852939 ], [ 131.874273822947401, 43.111702751624023 ], [ 131.874305024516957, 43.111676422441477 ], [ 131.874106122578922, 43.111572489713865 ] ] } },
{ "type": "Feature", "properties": { "fid": 7, "Layer": "6 - утвержденные границы территорий окн", "PaperSpace": null, "SubClasses": "AcDbEntity:AcDbPolyline", "Linetype": "ByLayer", "EntityHandle": "13C5", "Text": null, "ogr_style": "PEN(c:#000000)", "font": null, "angle": null, "size": null, "size_u": null, "anchor": null, "color": "#000000", "underline": null, "plaintext": null, "fcolor": null, "flnum": null, "bold": null, "italic": null, "dx": null, "dx_u": null, "dy": null, "dy_u": null }, "geometry": { "type": "LineString", "coordinates": [ [ 131.877005272775307, 43.111587687933351 ], [ 131.877036907692485, 43.111668918365204 ], [ 131.877046453142498, 43.11169294488851 ], [ 131.877067889415002, 43.111748085126344 ], [ 131.877029340561364, 43.111756127039001 ], [ 131.877038299041828, 43.111781599711442 ], [ 131.87705803433289, 43.111837747332864 ], [ 131.877075562440979, 43.111887616466525 ], [ 131.877084263387815, 43.111912461659784 ], [ 131.87709387519871, 43.111939997986362 ], [ 131.877236416408095, 43.111915239356847 ], [ 131.877274562867001, 43.111931414774773 ], [ 131.877489655112981, 43.111890527927685 ], [ 131.877541072884185, 43.11188082511206 ], [ 131.877548907194097, 43.111879305445115 ], [ 131.877523395900511, 43.111803593808759 ], [ 131.87747904288085, 43.111673525802921 ], [ 131.877446371065673, 43.111576463838794 ], [ 131.877424641629688, 43.111512325409691 ], [ 131.877396114474209, 43.111517565427853 ], [ 131.8773778697919, 43.111520810892181 ], [ 131.877353749405188, 43.111525196093893 ], [ 131.877180868324274, 43.111556743425929 ], [ 131.877130770081919, 43.111558241577036 ], [ 131.877005272775307, 43.111587687933351 ] ] } },
{ "type": "Feature", "properties": { "fid": 8, "Layer": "6 - утвержденные границы территорий окн", "PaperSpace": null, "SubClasses": "AcDbEntity:AcDbPolyline", "Linetype": "ByLayer", "EntityHandle": "13C7", "Text": null, "ogr_style": "PEN(c:#000000)", "font": null, "angle": null, "size": null, "size_u": null, "anchor": null, "color": "#000000", "underline": null, "plaintext": null, "fcolor": null, "flnum": null, "bold": null, "italic": null, "dx": null, "dx_u": null, "dy": null, "dy_u": null }, "geometry": { "type": "LineString", "coordinates": [ [ 131.876449625769027, 43.111427428790584 ], [ 131.876364126710484, 43.111499585003493 ], [ 131.876238491535673, 43.111606352522614 ], [ 131.876249191317413, 43.111613445096282 ], [ 131.876214723321141, 43.111642418261781 ], [ 131.87602752768808, 43.11181389806093 ], [ 131.876004599837302, 43.111835913316973 ], [ 131.876142710657405, 43.111914895149724 ], [ 131.876457124293751, 43.112130439214852 ], [ 131.87651396737752, 43.112147775592298 ], [ 131.876525780598143, 43.112142255127274 ], [ 131.876714896155789, 43.112026922761622 ], [ 131.876727431057787, 43.112020584849823 ], [ 131.876749542111156, 43.1120138798276 ], [ 131.876756514903462, 43.112012278935183 ], [ 131.876690515456573, 43.111854886274685 ], [ 131.876763218459416, 43.111840287411283 ], [ 131.876742006472938, 43.111777493794314 ], [ 131.876826598976294, 43.111761424183484 ], [ 131.876831422893815, 43.111652550357107 ], [ 131.876697252309384, 43.111463444312349 ], [ 131.876546790579567, 43.111354974257473 ], [ 131.876535057374923, 43.111364724494869 ], [ 131.876449625769027, 43.111427428790584 ] ] } },
{ "type": "Feature", "properties": { "fid": 9, "Layer": "6 - утвержденные границы территорий окн", "PaperSpace": null, "SubClasses": "AcDbEntity:AcDbPolyline", "Linetype": "ByLayer", "EntityHandle": "13C9", "Text": null, "ogr_style": "PEN(c:#000000)", "font": null, "angle": null, "size": null, "size_u": null, "anchor": null, "color": "#000000", "underline": null, "plaintext": null, "fcolor": null, "flnum": null, "bold": null, "italic": null, "dx": null, "dx_u": null, "dy": null, "dy_u": null }, "geometry": { "type": "LineString", "coordinates": [ [ 131.875490615167394, 43.111572070849142 ], [ 131.875468935449504, 43.111582101717786 ], [ 131.875385869329136, 43.11162047793276 ], [ 131.875318426573131, 43.111646904295071 ], [ 131.875363882968713, 43.111679388590915 ], [ 131.875399424867197, 43.111700811722315 ], [ 131.87552120117104, 43.111591293816772 ], [ 131.875490615167394, 43.111572070849142 ] ] } },
{ "type": "Feature", "properties": { "fid": 10, "Layer": "6 - утвержденные границы территорий окн", "PaperSpace": null, "SubClasses": "AcDbEntity:AcDbPolyline", "Linetype": "ByLayer", "EntityHandle": "13CB", "Text": null, "ogr_style": "PEN(c:#000000)", "font": null, "angle": null, "size": null, "size_u": null, "anchor": null, "color": "#000000", "underline": null, "plaintext": null, "fcolor": null, "flnum": null, "bold": null, "italic": null, "dx": null, "dx_u": null, "dy": null, "dy_u": null }, "geometry": { "type": "LineString", "coordinates": [ [ 131.880590130974809, 43.109963918115952 ], [ 131.880614874896963, 43.10996006596406 ], [ 131.880612774877676, 43.109952976346023 ], [ 131.880752474555493, 43.109934183051351 ], [ 131.880768967797167, 43.109987662651903 ], [ 131.880863646030917, 43.109972387587995 ], [ 131.880956855345062, 43.109957397425994 ], [ 131.880912128003786, 43.109827334528354 ], [ 131.880858968181997, 43.109686645920007 ], [ 131.88052642110793, 43.109739715165389 ], [ 131.880590130974809, 43.109963918115952 ] ] } },
{ "type": "Feature", "properties": { "fid": 11, "Layer": "6 - утвержденные границы территорий окн", "PaperSpace": null, "SubClasses": "AcDbEntity:AcDbPolyline", "Linetype": "ByLayer", "EntityHandle": "13CD", "Text": null, "ogr_style": "PEN(c:#000000)", "font": null, "angle": null, "size": null, "size_u": null, "anchor": null, "color": "#000000", "underline": null, "plaintext": null, "fcolor": null, "flnum": null, "bold": null, "italic": null, "dx": null, "dx_u": null, "dy": null, "dy_u": null }, "geometry": { "type": "LineString", "coordinates": [ [ 131.883030005422, 43.112152944433973 ], [ 131.883709385613201, 43.11193843593793 ], [ 131.882869960269915, 43.110533825289806 ], [ 131.882196902299683, 43.110749875451454 ], [ 131.883030005422, 43.112152944433973 ] ] } },
{ "type": "Feature", "properties": { "fid": 12, "Layer": "6 - утвержденные границы территорий окн", "PaperSpace": null, "SubClasses": "AcDbEntity:AcDbPolyline", "Linetype": "ByLayer", "EntityHandle": "13CF", "Text": null, "ogr_style": "PEN(c:#000000)", "font": null, "angle": null, "size": null, "size_u": null, "anchor": null, "color": "#000000", "underline": null, "plaintext": null, "fcolor": null, "flnum": null, "bold": null, "italic": null, "dx": null, "dx_u": null, "dy": null, "dy_u": null }, "geometry": { "type": "LineString", "coordinates": [ [ 131.881444534171379, 43.109131342144323 ], [ 131.881512201891042, 43.109130023328341 ], [ 131.881512258257146, 43.109145954945213 ], [ 131.881784549859645, 43.109141922953292 ], [ 131.881757029987, 43.108435785986082 ], [ 131.881620123201998, 43.108439700034019 ], [ 131.881614526434589, 43.108228767975454 ], [ 131.881354545625953, 43.108233934444101 ], [ 131.881372452430554, 43.108815592243957 ], [ 131.881431642829938, 43.108814269738936 ], [ 131.881444534171379, 43.109131342144323 ] ] } },
{ "type": "Feature", "properties": { "fid": 13, "Layer": "6 - утвержденные границы территорий окн", "PaperSpace": null, "SubClasses": "AcDbEntity:AcDbPolyline", "Linetype": "ByLayer", "EntityHandle": "13D1", "Text": null, "ogr_style": "PEN(c:#000000)", "font": null, "angle": null, "size": null, "size_u": null, "anchor": null, "color": "#000000", "underline": null, "plaintext": null, "fcolor": null, "flnum": null, "bold": null, "italic": null, "dx": null, "dx_u": null, "dy": null, "dy_u": null }, "geometry": { "type": "LineString", "coordinates": [ [ 131.873985029110742, 43.106572897246075 ], [ 131.873733709813934, 43.10670496632968 ], [ 131.874000321952394, 43.106836929065928 ], [ 131.874155965904237, 43.106725719849464 ], [ 131.873985029110742, 43.106572897246075 ] ] } },
{ "type": "Feature", "properties": { "fid": 14, "Layer": "6 - утвержденные границы территорий окн", "PaperSpace": null, "SubClasses": "AcDbEntity:AcDbPolyline", "Linetype": "ByLayer", "EntityHandle": "13D3", "Text": null, "ogr_style": "PEN(c:#000000)", "font": null, "angle": null, "size": null, "size_u": null, "anchor": null, "color": "#000000", "underline": null, "plaintext": null, "fcolor": null, "flnum": null, "bold": null, "italic": null, "dx": null, "dx_u": null, "dy": null, "dy_u": null }, "geometry": { "type": "LineString", "coordinates": [ [ 131.850926873554329, 43.082772800991343 ], [ 131.850932609062454, 43.082744210079966 ], [ 131.850956312485835, 43.08261786717744 ], [ 131.850810190048747, 43.08254523468991 ], [ 131.850628498621063, 43.082468273762743 ], [ 131.850313596335695, 43.082292897852113 ], [ 131.850093761895209, 43.0822584398868 ], [ 131.850101545086034, 43.082247651279481 ], [ 131.850094279689188, 43.082226570210075 ], [ 131.850081461082652, 43.082204013916339 ], [ 131.850057068104405, 43.08219309388469 ], [ 131.850024968275505, 43.082190441335165 ], [ 131.849986477312399, 43.082194152962622 ], [ 131.849949872753854, 43.082206937195487 ], [ 131.849720132818845, 43.08208805452594 ], [ 131.84969783892376, 43.082064421825642 ], [ 131.849497443752426, 43.082071896281391 ], [ 131.849479053590642, 43.082073518509468 ], [ 131.8491744200075, 43.082075363128205 ], [ 131.849027312007223, 43.082082399478843 ], [ 131.848989386257017, 43.082036778135496 ], [ 131.848789178546212, 43.082174498094027 ], [ 131.848862542569833, 43.082210677641811 ], [ 131.848915459356846, 43.082236797960874 ], [ 131.848946027527177, 43.082249637426493 ], [ 131.848970054556361, 43.082220685622971 ], [ 131.848999562908205, 43.08221598305343 ], [ 131.849025797386616, 43.082226885091856 ], [ 131.849040947597416, 43.082209362716675 ], [ 131.849132353453001, 43.08225166448468 ], [ 131.84912382347764, 43.082261920338084 ], [ 131.849166486960314, 43.082278060554479 ], [ 131.849158680397693, 43.082287589148869 ], [ 131.849234543555838, 43.08231942311135 ], [ 131.849301915184725, 43.082350260904086 ], [ 131.849466301243382, 43.082421184339701 ], [ 131.849593442770498, 43.082476813984265 ], [ 131.84962100205135, 43.082439635910816 ], [ 131.849760710301695, 43.082497481304522 ], [ 131.849675067603073, 43.082608054811899 ], [ 131.849877861267743, 43.082697320100927 ], [ 131.849844127111567, 43.083079128517781 ], [ 131.850032520835896, 43.083506354251917 ], [ 131.849987906562944, 43.083517687593783 ], [ 131.850095677579532, 43.083688184817603 ], [ 131.850452442781432, 43.083596078526739 ], [ 131.850969105210311, 43.083311379300333 ], [ 131.850939977655571, 43.083270172059436 ], [ 131.850926873554329, 43.082772800991343 ] ] } },
{ "type": "Feature", "properties": { "fid": 15, "Layer": "6 - утвержденные границы территорий окн", "PaperSpace": null, "SubClasses": "AcDbEntity:AcDbPolyline", "Linetype": "ByLayer", "EntityHandle": "13D5", "Text": null, "ogr_style": "PEN(c:#000000)", "font": null, "angle": null, "size": null, "size_u": null, "anchor": null, "color": "#000000", "underline": null, "plaintext": null, "fcolor": null, "flnum": null, "bold": null, "italic": null, "dx": null, "dx_u": null, "dy": null, "dy_u": null }, "geometry": { "type": "LineString", "coordinates": [ [ 131.842765061011363, 43.080099598780457 ], [ 131.842727265235908, 43.079993600209946 ], [ 131.842677462819779, 43.079972738387724 ], [ 131.842704012322201, 43.079914985924198 ], [ 131.842574476559975, 43.079908866559315 ], [ 131.842349002744101, 43.07991566672699 ], [ 131.84229002795405, 43.079975894740848 ], [ 131.842377673137548, 43.080036325122954 ], [ 131.842403549262741, 43.080097480366618 ], [ 131.842429302873342, 43.080158545420105 ], [ 131.842765061011363, 43.080099598780457 ] ] } },
{ "type": "Feature", "properties": { "fid": 16, "Layer": "6 - утвержденные границы территорий окн", "PaperSpace": null, "SubClasses": "AcDbEntity:AcDbPolyline", "Linetype": "ByLayer", "EntityHandle": "13D7", "Text": null, "ogr_style": "PEN(c:#000000)", "font": null, "angle": null, "size": null, "size_u": null, "anchor": null, "color": "#000000", "underline": null, "plaintext": null, "fcolor": null, "flnum": null, "bold": null, "italic": null, "dx": null, "dx_u": null, "dy": null, "dy_u": null }, "geometry": { "type": "LineString", "coordinates": [ [ 131.863633959260454, 43.100707827458109 ], [ 131.863721445314241, 43.100752038621678 ], [ 131.863918562442478, 43.100603931046336 ], [ 131.863921543337483, 43.100533813898863 ], [ 131.863741663470165, 43.100277150272866 ], [ 131.863911313093155, 43.10021731340256 ], [ 131.864313792804978, 43.099967284075205 ], [ 131.863620620571339, 43.099359405642993 ], [ 131.863160529560645, 43.099665352094107 ], [ 131.863021360399614, 43.099553028117342 ], [ 131.862794194587366, 43.099680934997217 ], [ 131.863219637981103, 43.100150326954747 ], [ 131.863440342402583, 43.100497233996201 ], [ 131.863633959260454, 43.100707827458109 ] ] } },
{ "type": "Feature", "properties": { "fid": 17, "Layer": "6 - утвержденные границы территорий окн", "PaperSpace": null, "SubClasses": "AcDbEntity:AcDbPolyline", "Linetype": "ByLayer", "EntityHandle": "13D9", "Text": null, "ogr_style": "PEN(c:#000000)", "font": null, "angle": null, "size": null, "size_u": null, "anchor": null, "color": "#000000", "underline": null, "plaintext": null, "fcolor": null, "flnum": null, "bold": null, "italic": null, "dx": null, "dx_u": null, "dy": null, "dy_u": null }, "geometry": { "type": "LineString", "coordinates": [ [ 131.850904635746701, 43.08791994679104 ], [ 131.851645630931387, 43.087945575437431 ], [ 131.851580452304205, 43.087626301352117 ], [ 131.851068214440716, 43.087569465905467 ], [ 131.850904043557449, 43.087607687679736 ], [ 131.850904635746701, 43.08791994679104 ] ] } },
{ "type": "Feature", "properties": { "fid": 18, "Layer": "6 - утвержденные границы территорий окн", "PaperSpace": null, "SubClasses": "AcDbEntity:AcDbPolyline", "Linetype": "ByLayer", "EntityHandle": "13DB", "Text": null, "ogr_style": "PEN(c:#000000)", "font": null, "angle": null, "size": null, "size_u": null, "anchor": null, "color": "#000000", "underline": null, "plaintext": null, "fcolor": null, "flnum": null, "bold": null, "italic": null, "dx": null, "dx_u": null, "dy": null, "dy_u": null }, "geometry": { "type": "LineString", "coordinates": [ [ 131.845861411809949, 43.082055413121012 ], [ 131.846209797569884, 43.08220368571336 ], [ 131.846358081240169, 43.082228189039995 ], [ 131.84649296644568, 43.082307042638398 ], [ 131.846800640187865, 43.082383877591759 ], [ 131.847781604015466, 43.082376907724438 ], [ 131.847718442346007, 43.082195535301906 ], [ 131.846882546200362, 43.0818929609216 ], [ 131.846526034138634, 43.081851526101268 ], [ 131.845861411809949, 43.082055413121012 ] ] } },
{ "type": "Feature", "properties": { "fid": 19, "Layer": "6 - утвержденные границы территорий окн", "PaperSpace": null, "SubClasses": "AcDbEntity:AcDbPolyline", "Linetype": "ByLayer", "EntityHandle": "13DD", "Text": null, "ogr_style": "PEN(c:#000000)", "font": null, "angle": null, "size": null, "size_u": null, "anchor": null, "color": "#000000", "underline": null, "plaintext": null, "fcolor": null, "flnum": null, "bold": null, "italic": null, "dx": null, "dx_u": null, "dy": null, "dy_u": null }, "geometry": { "type": "LineString", "coordinates": [ [ 131.870469059987727, 43.10353608742583 ], [ 131.870490728738872, 43.10351903663129 ], [ 131.870540962155218, 43.103479284729005 ], [ 131.870622430046808, 43.103415094524195 ], [ 131.87064485686119, 43.103395442366782 ], [ 131.870655200061236, 43.103366931053635 ], [ 131.870641726297947, 43.103356751892932 ], [ 131.870554705428816, 43.103288769761015 ], [ 131.870404809918966, 43.103182626046717 ], [ 131.87034840791847, 43.103144451254323 ], [ 131.87013697254369, 43.103306899991978 ], [ 131.870173364338228, 43.103332579529656 ], [ 131.870469059987727, 43.10353608742583 ] ] } },
{ "type": "Feature", "properties": { "fid": 20, "Layer": "6 - утвержденные границы территорий окн", "PaperSpace": null, "SubClasses": "AcDbEntity:AcDbPolyline", "Linetype": "ByLayer", "EntityHandle": "13DF", "Text": null, "ogr_style": "PEN(c:#000000)", "font": null, "angle": null, "size": null, "size_u": null, "anchor": null, "color": "#000000", "underline": null, "plaintext": null, "fcolor": null, "flnum": null, "bold": null, "italic": null, "dx": null, "dx_u": null, "dy": null, "dy_u": null }, "geometry": { "type": "LineString", "coordinates": [ [ 131.869877360708585, 43.102820864650106 ], [ 131.869775727669975, 43.102816173597368 ], [ 131.869606576748566, 43.102943373033625 ], [ 131.869795587488937, 43.103079916816725 ], [ 131.870030821364793, 43.103236739254875 ], [ 131.870059087662099, 43.103213024539052 ], [ 131.870252248955779, 43.103049978207729 ], [ 131.869877360708585, 43.102820864650106 ] ] } },
{ "type": "Feature", "properties": { "fid": 21, "Layer": "6 - утвержденные границы территорий окн", "PaperSpace": null, "SubClasses": "AcDbEntity:AcDbPolyline", "Linetype": "ByLayer", "EntityHandle": "13E1", "Text": null, "ogr_style": "PEN(c:#000000)", "font": null, "angle": null, "size": null, "size_u": null, "anchor": null, "color": "#000000", "underline": null, "plaintext": null, "fcolor": null, "flnum": null, "bold": null, "italic": null, "dx": null, "dx_u": null, "dy": null, "dy_u": null }, "geometry": { "type": "LineString", "coordinates": [ [ 131.855647411980613, 43.084160629278813 ], [ 131.855822838171065, 43.084190874933512 ], [ 131.856253282727295, 43.084202831740484 ], [ 131.856287922856211, 43.084186183551466 ], [ 131.856299161786893, 43.084162062513009 ], [ 131.856392319056994, 43.083967157269747 ], [ 131.856396358242364, 43.08390680846454 ], [ 131.856315145223817, 43.083858290156975 ], [ 131.856237177242605, 43.083839083657118 ], [ 131.856113391526492, 43.083832484994595 ], [ 131.855996021698843, 43.08384076445617 ], [ 131.855907922570651, 43.083838130928953 ], [ 131.855806843062339, 43.083830855850756 ], [ 131.855765829464389, 43.083890672511863 ], [ 131.85554459914357, 43.084091021751689 ], [ 131.855647411980613, 43.084160629278813 ] ] } },
{ "type": "Feature", "properties": { "fid": 22, "Layer": "6 - утвержденные границы территорий окн", "PaperSpace": null, "SubClasses": "AcDbEntity:AcDbPolyline", "Linetype": "ByLayer", "EntityHandle": "13E3", "Text": null, "ogr_style": "PEN(c:#000000)", "font": null, "angle": null, "size": null, "size_u": null, "anchor": null, "color": "#000000", "underline": null, "plaintext": null, "fcolor": null, "flnum": null, "bold": null, "italic": null, "dx": null, "dx_u": null, "dy": null, "dy_u": null }, "geometry": { "type": "LineString", "coordinates": [ [ 131.854851485815374, 43.08458225549154 ], [ 131.854790665709146, 43.084480262574985 ], [ 131.854634721372321, 43.084536424848572 ], [ 131.854714535380992, 43.084639048342389 ], [ 131.854851485815374, 43.08458225549154 ] ] } },
{ "type": "Feature", "properties": { "fid": 23, "Layer": "6 - утвержденные границы территорий окн", "PaperSpace": null, "SubClasses": "AcDbEntity:AcDbPolyline", "Linetype": "ByLayer", "EntityHandle": "13E5", "Text": null, "ogr_style": "PEN(c:#000000)", "font": null, "angle": null, "size": null, "size_u": null, "anchor": null, "color": "#000000", "underline": null, "plaintext": null, "fcolor": null, "flnum": null, "bold": null, "italic": null, "dx": null, "dx_u": null, "dy": null, "dy_u": null }, "geometry": { "type": "LineString", "coordinates": [ [ 131.850202639222317, 43.086327662739208 ], [ 131.850321249830785, 43.086489345616847 ], [ 131.85054445983144, 43.086401377868448 ], [ 131.850425848803212, 43.086239695259479 ], [ 131.850202639222317, 43.086327662739208 ] ] } },
{ "type": "Feature", "properties": { "fid": 24, "Layer": "6 - утвержденные границы территорий окн", "PaperSpace": null, "SubClasses": "AcDbEntity:AcDbPolyline", "Linetype": "ByLayer", "EntityHandle": "13E7", "Text": null, "ogr_style": "PEN(c:#000000)", "font": null, "angle": null, "size": null, "size_u": null, "anchor": null, "color": "#000000", "underline": null, "plaintext": null, "fcolor": null, "flnum": null, "bold": null, "italic": null, "dx": null, "dx_u": null, "dy": null, "dy_u": null }, "geometry": { "type": "LineString", "coordinates": [ [ 131.862195099470597, 43.092426144062784 ], [ 131.86236303806038, 43.09261952046382 ], [ 131.862662051102262, 43.092847049192834 ], [ 131.862826685148775, 43.092784011919655 ], [ 131.862584207442893, 43.092327915484653 ], [ 131.862195099470597, 43.092426144062784 ] ] } },
{ "type": "Feature", "properties": { "fid": 25, "Layer": "6 - утвержденные границы территорий окн", "PaperSpace": null, "SubClasses": "AcDbEntity:AcDbPolyline", "Linetype": "ByLayer", "EntityHandle": "13E9", "Text": null, "ogr_style": "PEN(c:#000000)", "font": null, "angle": null, "size": null, "size_u": null, "anchor": null, "color": "#000000", "underline": null, "plaintext": null, "fcolor": null, "flnum": null, "bold": null, "italic": null, "dx": null, "dx_u": null, "dy": null, "dy_u": null }, "geometry": { "type": "LineString", "coordinates": [ [ 131.862779599887034, 43.092234866120776 ], [ 131.862916016765098, 43.092562226183077 ], [ 131.863244278002099, 43.092441561512373 ], [ 131.863064557768979, 43.09207097945761 ], [ 131.862822896331352, 43.092139469164273 ], [ 131.862779599887034, 43.092234866120776 ] ] } },
{ "type": "Feature", "properties": { "fid": 26, "Layer": "6 - утвержденные границы территорий окн", "PaperSpace": null, "SubClasses": "AcDbEntity:AcDbPolyline", "Linetype": "ByLayer", "EntityHandle": "13EB", "Text": null, "ogr_style": "PEN(c:#000000)", "font": null, "angle": null, "size": null, "size_u": null, "anchor": null, "color": "#000000", "underline": null, "plaintext": null, "fcolor": null, "flnum": null, "bold": null, "italic": null, "dx": null, "dx_u": null, "dy": null, "dy_u": null }, "geometry": { "type": "LineString", "coordinates": [ [ 131.861605194064623, 43.090962409969919 ], [ 131.862026138142397, 43.091881188140505 ], [ 131.862293312360094, 43.091817485444409 ], [ 131.862332599888248, 43.091737610975791 ], [ 131.862316363759419, 43.091400225952434 ], [ 131.862049954614236, 43.09084571391184 ], [ 131.861605194064623, 43.090962409969919 ] ] } },
{ "type": "Feature", "properties": { "fid": 27, "Layer": "6 - утвержденные границы территорий окн", "PaperSpace": null, "SubClasses": "AcDbEntity:AcDbPolyline", "Linetype": "ByLayer", "EntityHandle": "13ED", "Text": null, "ogr_style": "PEN(c:#000000)", "font": null, "angle": null, "size": null, "size_u": null, "anchor": null, "color": "#000000", "underline": null, "plaintext": null, "fcolor": null, "flnum": null, "bold": null, "italic": null, "dx": null, "dx_u": null, "dy": null, "dy_u": null }, "geometry": { "type": "LineString", "coordinates": [ [ 131.862400059934345, 43.091561410934219 ], [ 131.86244060609431, 43.091852196035873 ], [ 131.862495754569267, 43.091997284422995 ], [ 131.862643900236719, 43.091959075955309 ], [ 131.862723874495771, 43.092104995796149 ], [ 131.862806193593542, 43.092080228071822 ], [ 131.862895583043525, 43.091973567956984 ], [ 131.862904557385946, 43.091822526821865 ], [ 131.862799151725113, 43.091583968700668 ], [ 131.86261560694345, 43.091475721138401 ], [ 131.862400059934345, 43.091561410934219 ] ] } },
{ "type": "Feature", "properties": { "fid": 28, "Layer": "6 - утвержденные границы территорий окн", "PaperSpace": null, "SubClasses": "AcDbEntity:AcDbPolyline", "Linetype": "ByLayer", "EntityHandle": "13EF", "Text": null, "ogr_style": "PEN(c:#000000)", "font": null, "angle": null, "size": null, "size_u": null, "anchor": null, "color": "#000000", "underline": null, "plaintext": null, "fcolor": null, "flnum": null, "bold": null, "italic": null, "dx": null, "dx_u": null, "dy": null, "dy_u": null }, "geometry": { "type": "LineString", "coordinates": [ [ 131.861264522701305, 43.090343739780927 ], [ 131.861567673617628, 43.09097232666204 ], [ 131.862049954614236, 43.09084571391184 ], [ 131.861778164626202, 43.090285584228795 ], [ 131.861705735119443, 43.090307101830128 ], [ 131.861667457064414, 43.090256537599977 ], [ 131.861264522701305, 43.090343739780927 ] ] } },
{ "type": "Feature", "properties": { "fid": 29, "Layer": "6 - утвержденные границы территорий окн", "PaperSpace": null, "SubClasses": "AcDbEntity:AcDbPolyline", "Linetype": "ByLayer", "EntityHandle": "13F1", "Text": null, "ogr_style": "PEN(c:#000000)", "font": null, "angle": null, "size": null, "size_u": null, "anchor": null, "color": "#000000", "underline": null, "plaintext": null, "fcolor": null, "flnum": null, "bold": null, "italic": null, "dx": null, "dx_u": null, "dy": null, "dy_u": null }, "geometry": { "type": "LineString", "coordinates": [ [ 131.860745234134498, 43.090428503219876 ], [ 131.861507451978412, 43.092012125509314 ], [ 131.861659234046755, 43.092274614283021 ], [ 131.861989344294415, 43.092193810320857 ], [ 131.861966319512561, 43.092072073564189 ], [ 131.862026138142397, 43.091881188140505 ], [ 131.861605194064623, 43.090962409969919 ], [ 131.861567673617628, 43.09097232666204 ], [ 131.861264522701305, 43.090343739780927 ], [ 131.861219012112656, 43.090313680616099 ], [ 131.86113479540802, 43.090295800158039 ], [ 131.860745234134498, 43.090428503219876 ] ] } },
{ "type": "Feature", "properties": { "fid": 30, "Layer": "6 - утвержденные границы территорий окн", "PaperSpace": null, "SubClasses": "AcDbEntity:AcDbPolyline", "Linetype": "ByLayer", "EntityHandle": "13F3", "Text": null, "ogr_style": "PEN(c:#000000)", "font": null, "angle": null, "size": null, "size_u": null, "anchor": null, "color": "#000000", "underline": null, "plaintext": null, "fcolor": null, "flnum": null, "bold": null, "italic": null, "dx": null, "dx_u": null, "dy": null, "dy_u": null }, "geometry": { "type": "LineString", "coordinates": [ [ 131.871135157041579, 43.104198708779464 ], [ 131.871127215935758, 43.104201039197726 ], [ 131.871096689390498, 43.10422394026002 ], [ 131.870982438479928, 43.104315195160083 ], [ 131.870935820604387, 43.104357791184931 ], [ 131.870898028914752, 43.104399398049303 ], [ 131.870902718777103, 43.104426714539528 ], [ 131.870913040515262, 43.104479177719604 ], [ 131.8709933758077, 43.104531204775952 ], [ 131.871236136273893, 43.104676016344648 ], [ 131.8712653609862, 43.104655738741194 ], [ 131.871387499755969, 43.104565844175937 ], [ 131.871534981076081, 43.104471373150282 ], [ 131.871498056487667, 43.104447982462091 ], [ 131.87118574555592, 43.104230152879254 ], [ 131.871143054798068, 43.10420060938376 ], [ 131.871135157041579, 43.104198708779464 ] ] } },
{ "type": "Feature", "properties": { "fid": 31, "Layer": "6 - утвержденные границы территорий окн", "PaperSpace": null, "SubClasses": "AcDbEntity:AcDbPolyline", "Linetype": "ByLayer", "EntityHandle": "13F5", "Text": null, "ogr_style": "PEN(c:#000000)", "font": null, "angle": null, "size": null, "size_u": null, "anchor": null, "color": "#000000", "underline": null, "plaintext": null, "fcolor": null, "flnum": null, "bold": null, "italic": null, "dx": null, "dx_u": null, "dy": null, "dy_u": null }, "geometry": { "type": "LineString", "coordinates": [ [ 131.870093027728956, 43.104654688294517 ], [ 131.869823150193213, 43.104910703001799 ], [ 131.869876442432059, 43.104942210446943 ], [ 131.869966549248005, 43.104991259358222 ], [ 131.870248222533831, 43.10516070433016 ], [ 131.870263980423914, 43.105175577572432 ], [ 131.870323773035693, 43.10523267283385 ], [ 131.87035584947418, 43.105266104153507 ], [ 131.870425726295082, 43.105291053268807 ], [ 131.870647687346235, 43.105080526552619 ], [ 131.870635887911249, 43.105001704603794 ], [ 131.870588017475484, 43.104964562074841 ], [ 131.870472752508419, 43.104884172921878 ], [ 131.870387296967493, 43.104827696497466 ], [ 131.870316086653162, 43.104784038205992 ], [ 131.870286007111559, 43.104765348786181 ], [ 131.870179710469756, 43.104704581662347 ], [ 131.870093027728956, 43.104654688294517 ] ] } },
{ "type": "Feature", "properties": { "fid": 32, "Layer": "6 - утвержденные границы территорий окн", "PaperSpace": null, "SubClasses": "AcDbEntity:AcDbPolyline", "Linetype": "ByLayer", "EntityHandle": "13F7", "Text": null, "ogr_style": "PEN(c:#000000)", "font": null, "angle": null, "size": null, "size_u": null, "anchor": null, "color": "#000000", "underline": null, "plaintext": null, "fcolor": null, "flnum": null, "bold": null, "italic": null, "dx": null, "dx_u": null, "dy": null, "dy_u": null }, "geometry": { "type": "LineString", "coordinates": [ [ 131.880163335344861, 43.112046463059293 ], [ 131.880453671963579, 43.1119890534722 ], [ 131.880337140526251, 43.111668084300447 ], [ 131.880156951672518, 43.111715912656706 ], [ 131.880025359546295, 43.111760816398046 ], [ 131.880163335344861, 43.112046463059293 ] ] } },
{ "type": "Feature", "properties": { "fid": 33, "Layer": "6 - утвержденные границы территорий окн", "PaperSpace": null, "SubClasses": "AcDbEntity:AcDbPolyline", "Linetype": "ByLayer", "EntityHandle": "13F9", "Text": null, "ogr_style": "PEN(c:#000000)", "font": null, "angle": null, "size": null, "size_u": null, "anchor": null, "color": "#000000", "underline": null, "plaintext": null, "fcolor": null, "flnum": null, "bold": null, "italic": null, "dx": null, "dx_u": null, "dy": null, "dy_u": null }, "geometry": { "type": "LineString", "coordinates": [ [ 131.879983850822157, 43.111521715513945 ], [ 131.880072549582366, 43.111729012386611 ], [ 131.88037238935118, 43.111660974953523 ], [ 131.880303061301191, 43.111490476426425 ], [ 131.88031138001196, 43.11148859159583 ], [ 131.880295161197807, 43.111449601138958 ], [ 131.880189090843089, 43.111473272690681 ], [ 131.880167411946019, 43.111483304440668 ], [ 131.879983850822157, 43.111521715513945 ] ] } },
{ "type": "Feature", "properties": { "fid": 34, "Layer": "6 - утвержденные границы территорий окн", "PaperSpace": null, "SubClasses": "AcDbEntity:AcDbPolyline", "Linetype": "ByLayer", "EntityHandle": "13FB", "Text": null, "ogr_style": "PEN(c:#000000)", "font": null, "angle": null, "size": null, "size_u": null, "anchor": null, "color": "#000000", "underline": null, "plaintext": null, "fcolor": null, "flnum": null, "bold": null, "italic": null, "dx": null, "dx_u": null, "dy": null, "dy_u": null }, "geometry": { "type": "LineString", "coordinates": [ [ 131.875367361212199, 43.114938070729202 ], [ 131.875494501580789, 43.115047408499464 ], [ 131.875704643146918, 43.114828170767666 ], [ 131.875676134705259, 43.114814957645535 ], [ 131.875526857917464, 43.114737078501811 ], [ 131.875505723987175, 43.1147370224691 ], [ 131.875461997708641, 43.114770319723569 ], [ 131.87544326897526, 43.114793552511209 ], [ 131.875423337271769, 43.114818147660557 ], [ 131.875367361212199, 43.114938070729202 ] ] } },
{ "type": "Feature", "properties": { "fid": 35, "Layer": "6 - утвержденные границы территорий окн", "PaperSpace": null, "SubClasses": "AcDbEntity:AcDbPolyline", "Linetype": "ByLayer", "EntityHandle": "13FD", "Text": null, "ogr_style": "PEN(c:#000000)", "font": null, "angle": null, "size": null, "size_u": null, "anchor": null, "color": "#000000", "underline": null, "plaintext": null, "fcolor": null, "flnum": null, "bold": null, "italic": null, "dx": null, "dx_u": null, "dy": null, "dy_u": null }, "geometry": { "type": "LineString", "coordinates": [ [ 131.878552548232733, 43.113779436700909 ], [ 131.878234849303141, 43.113825815324375 ], [ 131.877258001946387, 43.1137982153124 ], [ 131.876817801586981, 43.113724110146137 ], [ 131.876523152376365, 43.113489396622285 ], [ 131.876390719036323, 43.113482052235788 ], [ 131.876339669522821, 43.113573000638389 ], [ 131.876588525471306, 43.113789932475605 ], [ 131.876460063293052, 43.113945516949045 ], [ 131.876726958265891, 43.114113410619375 ], [ 131.876876934712982, 43.114257054010871 ], [ 131.876968528574224, 43.114289107550668 ], [ 131.877069747078622, 43.114300738310362 ], [ 131.877100467643174, 43.114237491877695 ], [ 131.87732390834725, 43.11426392611984 ], [ 131.877685377406095, 43.114265664152008 ], [ 131.877696559808044, 43.114326435259962 ], [ 131.878957361289991, 43.114415632144329 ], [ 131.878959777363832, 43.114498717185 ], [ 131.879456913822025, 43.114614640504868 ], [ 131.879670073931521, 43.114559237020849 ], [ 131.879665142105665, 43.114442844342157 ], [ 131.879625274761395, 43.114347568008043 ], [ 131.879553611935222, 43.114363694858369 ], [ 131.879485938855083, 43.11422536267122 ], [ 131.879565355181171, 43.114202583040779 ], [ 131.879387051409822, 43.113903189843995 ], [ 131.879241118391775, 43.113824993846102 ], [ 131.879066714335437, 43.113854423688878 ], [ 131.879066698170277, 43.113862614902828 ], [ 131.878552548232733, 43.113779436700909 ] ] } },
{ "type": "Feature", "properties": { "fid": 36, "Layer": "6 - утвержденные границы территорий окн", "PaperSpace": null, "SubClasses": "AcDbEntity:AcDbPolyline", "Linetype": "ByLayer", "EntityHandle": "13FF", "Text": null, "ogr_style": "PEN(c:#000000)", "font": null, "angle": null, "size": null, "size_u": null, "anchor": null, "color": "#000000", "underline": null, "plaintext": null, "fcolor": null, "flnum": null, "bold": null, "italic": null, "dx": null, "dx_u": null, "dy": null, "dy_u": null }, "geometry": { "type": "LineString", "coordinates": [ [ 131.88991927948959, 43.114901869128239 ], [ 131.890417375333556, 43.114805309089462 ], [ 131.890380003825868, 43.114701368160553 ], [ 131.890298015839988, 43.114474387945855 ], [ 131.88989970105888, 43.114552282164517 ], [ 131.889955252751832, 43.114707523885031 ], [ 131.889852044683295, 43.114726764440839 ], [ 131.88991927948959, 43.114901869128239 ] ] } },
{ "type": "Feature", "properties": { "fid": 37, "Layer": "6 - утвержденные границы территорий окн", "PaperSpace": null, "SubClasses": "AcDbEntity:AcDbPolyline", "Linetype": "ByLayer", "EntityHandle": "1401", "Text": null, "ogr_style": "PEN(c:#000000)", "font": null, "angle": null, "size": null, "size_u": null, "anchor": null, "color": "#000000", "underline": null, "plaintext": null, "fcolor": null, "flnum": null, "bold": null, "italic": null, "dx": null, "dx_u": null, "dy": null, "dy_u": null }, "geometry": { "type": "LineString", "coordinates": [ [ 131.889176846662735, 43.115045846744486 ], [ 131.889766998864104, 43.114931424026878 ], [ 131.889720232057613, 43.11479868525273 ], [ 131.889672424294446, 43.114662896708587 ], [ 131.889346760015485, 43.114729962947038 ], [ 131.889348900734376, 43.114739122262726 ], [ 131.889087723291112, 43.114785994284034 ], [ 131.889105715564455, 43.114846748263162 ], [ 131.889166078694103, 43.11501598298274 ], [ 131.889176846662735, 43.115045846744486 ] ] } },
{ "type": "Feature", "properties": { "fid": 38, "Layer": "6 - утвержденные границы территорий окн", "PaperSpace": null, "SubClasses": "AcDbEntity:AcDbPolyline", "Linetype": "ByLayer", "EntityHandle": "1403", "Text": null, "ogr_style": "PEN(c:#000000)", "font": null, "angle": null, "size": null, "size_u": null, "anchor": null, "color": "#000000", "underline": null, "plaintext": null, "fcolor": null, "flnum": null, "bold": null, "italic": null, "dx": null, "dx_u": null, "dy": null, "dy_u": null }, "geometry": { "type": "LineString", "coordinates": [ [ 131.882766617029517, 43.116958395064323 ], [ 131.88317544760173, 43.116908862364525 ], [ 131.883385962800389, 43.116897985177708 ], [ 131.883179125684762, 43.116345618189904 ], [ 131.882590658223677, 43.11645953970195 ], [ 131.882766617029517, 43.116958395064323 ] ] } },
{ "type": "Feature", "properties": { "fid": 39, "Layer": "6 - утвержденные границы территорий окн", "PaperSpace": null, "SubClasses": "AcDbEntity:AcDbPolyline", "Linetype": "ByLayer", "EntityHandle": "1405", "Text": null, "ogr_style": "PEN(c:#000000)", "font": null, "angle": null, "size": null, "size_u": null, "anchor": null, "color": "#000000", "underline": null, "plaintext": null, "fcolor": null, "flnum": null, "bold": null, "italic": null, "dx": null, "dx_u": null, "dy": null, "dy_u": null }, "geometry": { "type": "LineString", "coordinates": [ [ 131.87459368754287, 43.113009555269919 ], [ 131.874645000172137, 43.1130072358308 ], [ 131.874635408997449, 43.11295467566552 ], [ 131.874584510731552, 43.112959421240753 ], [ 131.87459368754287, 43.113009555269919 ] ] } },
{ "type": "Feature", "properties": { "fid": 40, "Layer": "6 - утвержденные границы территорий окн", "PaperSpace": null, "SubClasses": "AcDbEntity:AcDbPolyline", "Linetype": "ByLayer", "EntityHandle": "1407", "Text": null, "ogr_style": "PEN(c:#000000)", "font": null, "angle": null, "size": null, "size_u": null, "anchor": null, "color": "#000000", "underline": null, "plaintext": null, "fcolor": null, "flnum": null, "bold": null, "italic": null, "dx": null, "dx_u": null, "dy": null, "dy_u": null }, "geometry": { "type": "LineString", "coordinates": [ [ 131.881784329302604, 43.112399890173506 ], [ 131.88129960719229, 43.112502945797011 ], [ 131.881498496191313, 43.113039890106833 ], [ 131.881656551711671, 43.113012390083256 ], [ 131.881679607281995, 43.113079612289269 ], [ 131.88231127380476, 43.112954334421048 ], [ 131.881839051551964, 43.112534056805877 ], [ 131.881784329302604, 43.112399890173506 ] ] } },
{ "type": "Feature", "properties": { "fid": 41, "Layer": "6 - утвержденные границы территорий окн", "PaperSpace": null, "SubClasses": "AcDbEntity:AcDbPolyline", "Linetype": "ByLayer", "EntityHandle": "1409", "Text": null, "ogr_style": "PEN(c:#000000)", "font": null, "angle": null, "size": null, "size_u": null, "anchor": null, "color": "#000000", "underline": null, "plaintext": null, "fcolor": null, "flnum": null, "bold": null, "italic": null, "dx": null, "dx_u": null, "dy": null, "dy_u": null }, "geometry": { "type": "LineString", "coordinates": [ [ 131.882260890442694, 43.114141904242956 ], [ 131.881833112876109, 43.114239126573423 ], [ 131.881963668560672, 43.114616904253921 ], [ 131.88241366834535, 43.114528015250549 ], [ 131.882260890442694, 43.114141904242956 ] ] } },
{ "type": "Feature", "properties": { "fid": 42, "Layer": "6 - утвержденные границы территорий окн", "PaperSpace": null, "SubClasses": "AcDbEntity:AcDbPolyline", "Linetype": "ByLayer", "EntityHandle": "140B", "Text": null, "ogr_style": "PEN(c:#000000)", "font": null, "angle": null, "size": null, "size_u": null, "anchor": null, "color": "#000000", "underline": null, "plaintext": null, "fcolor": null, "flnum": null, "bold": null, "italic": null, "dx": null, "dx_u": null, "dy": null, "dy_u": null }, "geometry": { "type": "LineString", "coordinates": [ [ 131.88241932979048, 43.114620445205937 ], [ 131.882005440993652, 43.11469822304381 ], [ 131.882066552139349, 43.114867667446248 ], [ 131.882474885382777, 43.114792667386354 ], [ 131.88241932979048, 43.114620445205937 ] ] } },
{ "type": "Feature", "properties": { "fid": 43, "Layer": "6 - утвержденные границы территорий окн", "PaperSpace": null, "SubClasses": "AcDbEntity:AcDbPolyline", "Linetype": "ByLayer", "EntityHandle": "140D", "Text": null, "ogr_style": "PEN(c:#000000)", "font": null, "angle": null, "size": null, "size_u": null, "anchor": null, "color": "#000000", "underline": null, "plaintext": null, "fcolor": null, "flnum": null, "bold": null, "italic": null, "dx": null, "dx_u": null, "dy": null, "dy_u": null }, "geometry": { "type": "LineString", "coordinates": [ [ 131.88310755457394, 43.113942125618507 ], [ 131.882779259212413, 43.114013160530384 ], [ 131.882900182881116, 43.114344523727873 ], [ 131.882820768346647, 43.114361625211409 ], [ 131.882859691363848, 43.114463842591491 ], [ 131.883267099695757, 43.114372648367826 ], [ 131.88310755457394, 43.113942125618507 ] ] } },
{ "type": "Feature", "properties": { "fid": 44, "Layer": "6 - утвержденные границы территорий окн", "PaperSpace": null, "SubClasses": "AcDbEntity:AcDbPolyline", "Linetype": "ByLayer", "EntityHandle": "140F", "Text": null, "ogr_style": "PEN(c:#000000)", "font": null, "angle": null, "size": null, "size_u": null, "anchor": null, "color": "#000000", "underline": null, "plaintext": null, "fcolor": null, "flnum": null, "bold": null, "italic": null, "dx": null, "dx_u": null, "dy": null, "dy_u": null }, "geometry": { "type": "LineString", "coordinates": [ [ 131.882525168150636, 43.113694025741388 ], [ 131.882228815354893, 43.113768986207418 ], [ 131.882252105747511, 43.113824397688923 ], [ 131.882337360793457, 43.113806893890086 ], [ 131.882359260087128, 43.113874572721976 ], [ 131.882386364069134, 43.113926713017108 ], [ 131.882630763919252, 43.113869320632645 ], [ 131.882525168150636, 43.113694025741388 ] ] } },
{ "type": "Feature", "properties": { "fid": 45, "Layer": "6 - утвержденные границы территорий окн", "PaperSpace": null, "SubClasses": "AcDbEntity:AcDbPolyline", "Linetype": "ByLayer", "EntityHandle": "1411", "Text": null, "ogr_style": "PEN(c:#000000)", "font": null, "angle": null, "size": null, "size_u": null, "anchor": null, "color": "#000000", "underline": null, "plaintext": null, "fcolor": null, "flnum": null, "bold": null, "italic": null, "dx": null, "dx_u": null, "dy": null, "dy_u": null }, "geometry": { "type": "LineString", "coordinates": [ [ 131.882337360793457, 43.113806893890086 ], [ 131.882251232426853, 43.113824584816392 ], [ 131.882379854124764, 43.114128483231951 ], [ 131.882739302000601, 43.114049055261752 ], [ 131.882630763919252, 43.113869320632645 ], [ 131.882386364069134, 43.113926713017108 ], [ 131.882359260087128, 43.113874572721976 ], [ 131.882337360793457, 43.113806893890086 ] ] } },
{ "type": "Feature", "properties": { "fid": 46, "Layer": "6 - утвержденные границы территорий окн", "PaperSpace": null, "SubClasses": "AcDbEntity:AcDbPolyline", "Linetype": "ByLayer", "EntityHandle": "1413", "Text": null, "ogr_style": "PEN(c:#000000)", "font": null, "angle": null, "size": null, "size_u": null, "anchor": null, "color": "#000000", "underline": null, "plaintext": null, "fcolor": null, "flnum": null, "bold": null, "italic": null, "dx": null, "dx_u": null, "dy": null, "dy_u": null }, "geometry": { "type": "LineString", "coordinates": [ [ 131.88328906922996, 43.112202166572217 ], [ 131.883483563756158, 43.112530352574929 ], [ 131.883968105162268, 43.112375113570138 ], [ 131.883770274522618, 43.112040197012931 ], [ 131.88328906922996, 43.112202166572217 ] ] } },
{ "type": "Feature", "properties": { "fid": 47, "Layer": "6 - утвержденные границы территорий окн", "PaperSpace": null, "SubClasses": "AcDbEntity:AcDbPolyline", "Linetype": "ByLayer", "EntityHandle": "1415", "Text": null, "ogr_style": "PEN(c:#000000)", "font": null, "angle": null, "size": null, "size_u": null, "anchor": null, "color": "#000000", "underline": null, "plaintext": null, "fcolor": null, "flnum": null, "bold": null, "italic": null, "dx": null, "dx_u": null, "dy": null, "dy_u": null }, "geometry": { "type": "LineString", "coordinates": [ [ 131.881656551711671, 43.113012390083256 ], [ 131.881396551769882, 43.11305766789971 ], [ 131.881500440730974, 43.113393778930018 ], [ 131.881915162860622, 43.113319889980225 ], [ 131.881839051709761, 43.113119890031136 ], [ 131.88169960729374, 43.113137945608599 ], [ 131.881656551711671, 43.113012390083256 ] ] } },
{ "type": "Feature", "properties": { "fid": 48, "Layer": "6 - утвержденные границы территорий окн", "PaperSpace": null, "SubClasses": "AcDbEntity:AcDbPolyline", "Linetype": "ByLayer", "EntityHandle": "1417", "Text": null, "ogr_style": "PEN(c:#000000)", "font": null, "angle": null, "size": null, "size_u": null, "anchor": null, "color": "#000000", "underline": null, "plaintext": null, "fcolor": null, "flnum": null, "bold": null, "italic": null, "dx": null, "dx_u": null, "dy": null, "dy_u": null }, "geometry": { "type": "LineString", "coordinates": [ [ 131.881901307262211, 43.113600485512613 ], [ 131.881567271120929, 43.113660323863215 ], [ 131.881641372267637, 43.113848955449839 ], [ 131.881985770410637, 43.113778299906947 ], [ 131.881901307262211, 43.113600485512613 ] ] } },
{ "type": "Feature", "properties": { "fid": 49, "Layer": "6 - утвержденные границы территорий окн", "PaperSpace": null, "SubClasses": "AcDbEntity:AcDbPolyline", "Linetype": "ByLayer", "EntityHandle": "1419", "Text": null, "ogr_style": "PEN(c:#000000)", "font": null, "angle": null, "size": null, "size_u": null, "anchor": null, "color": "#000000", "underline": null, "plaintext": null, "fcolor": null, "flnum": null, "bold": null, "italic": null, "dx": null, "dx_u": null, "dy": null, "dy_u": null }, "geometry": { "type": "LineString", "coordinates": [ [ 131.897749268660988, 43.113802663778941 ], [ 131.898072898701059, 43.11386692252217 ], [ 131.898166487541289, 43.11360969141581 ], [ 131.897846571621272, 43.113546834794647 ], [ 131.897749268660988, 43.113802663778941 ] ] } },
{ "type": "Feature", "properties": { "fid": 50, "Layer": "6 - утвержденные границы территорий окн", "PaperSpace": null, "SubClasses": "AcDbEntity:AcDbPolyline", "Linetype": "ByLayer", "EntityHandle": "141B", "Text": null, "ogr_style": "PEN(c:#000000)", "font": null, "angle": null, "size": null, "size_u": null, "anchor": null, "color": "#000000", "underline": null, "plaintext": null, "fcolor": null, "flnum": null, "bold": null, "italic": null, "dx": null, "dx_u": null, "dy": null, "dy_u": null }, "geometry": { "type": "LineString", "coordinates": [ [ 131.928570353407991, 43.1134150758093 ], [ 131.928604620074026, 43.113417143253216 ], [ 131.928635135163091, 43.113419430441795 ], [ 131.928849301007347, 43.113435746941242 ], [ 131.92888200755317, 43.113186810189433 ], [ 131.92860275169059, 43.113168205479354 ], [ 131.928570353407991, 43.1134150758093 ] ] } },
{ "type": "Feature", "properties": { "fid": 51, "Layer": "6 - утвержденные границы территорий окн", "PaperSpace": null, "SubClasses": "AcDbEntity:AcDbPolyline", "Linetype": "ByLayer", "EntityHandle": "141D", "Text": null, "ogr_style": "PEN(c:#000000)", "font": null, "angle": null, "size": null, "size_u": null, "anchor": null, "color": "#000000", "underline": null, "plaintext": null, "fcolor": null, "flnum": null, "bold": null, "italic": null, "dx": null, "dx_u": null, "dy": null, "dy_u": null }, "geometry": { "type": "LineString", "coordinates": [ [ 131.879725635558344, 43.118204753305292 ], [ 131.879415119600907, 43.118257537528386 ], [ 131.879424064206745, 43.11828246083904 ], [ 131.879497019360144, 43.118488477674575 ], [ 131.879520584294141, 43.118487068070152 ], [ 131.879605032956931, 43.11848891030688 ], [ 131.879613390695908, 43.118513212840057 ], [ 131.879721190557319, 43.118493192456711 ], [ 131.879815919887392, 43.118474731974622 ], [ 131.879815919887392, 43.118474731974622 ], [ 131.879815919887392, 43.118474731974622 ], [ 131.879725635558344, 43.118204753305292 ] ] } },
{ "type": "Feature", "properties": { "fid": 52, "Layer": "6 - утвержденные границы территорий окн", "PaperSpace": null, "SubClasses": "AcDbEntity:AcDbPolyline", "Linetype": "ByLayer", "EntityHandle": "141F", "Text": null, "ogr_style": "PEN(c:#000000)", "font": null, "angle": null, "size": null, "size_u": null, "anchor": null, "color": "#000000", "underline": null, "plaintext": null, "fcolor": null, "flnum": null, "bold": null, "italic": null, "dx": null, "dx_u": null, "dy": null, "dy_u": null }, "geometry": { "type": "LineString", "coordinates": [ [ 131.880323653163998, 43.118122366644883 ], [ 131.880318572313143, 43.118108318001518 ], [ 131.87993863081374, 43.118180045965467 ], [ 131.880173298382999, 43.118822220839689 ], [ 131.880173298382999, 43.118822220839689 ], [ 131.880195155859894, 43.118817757497148 ], [ 131.880195155859894, 43.118817757497148 ], [ 131.880340813659245, 43.118788102659728 ], [ 131.880343535043181, 43.118795546002694 ], [ 131.880375848069178, 43.118788916570495 ], [ 131.880373495231481, 43.118781469480638 ], [ 131.880319884862672, 43.118636824886067 ], [ 131.880313022909178, 43.118618261741481 ], [ 131.880333586271462, 43.118614182509035 ], [ 131.880383183481968, 43.118605397053415 ], [ 131.880299373724142, 43.118384369106423 ], [ 131.880398583323057, 43.118348165516231 ], [ 131.880359283149431, 43.118232449362594 ], [ 131.880363811504765, 43.11823150319352 ], [ 131.880323653163998, 43.118122366644883 ] ] } },
{ "type": "Feature", "properties": { "fid": 53, "Layer": "6 - утвержденные границы территорий окн", "PaperSpace": null, "SubClasses": "AcDbEntity:AcDbPolyline", "Linetype": "ByLayer", "EntityHandle": "1421", "Text": null, "ogr_style": "PEN(c:#000000)", "font": null, "angle": null, "size": null, "size_u": null, "anchor": null, "color": "#000000", "underline": null, "plaintext": null, "fcolor": null, "flnum": null, "bold": null, "italic": null, "dx": null, "dx_u": null, "dy": null, "dy_u": null }, "geometry": { "type": "LineString", "coordinates": [ [ 131.880798756902948, 43.118035803592811 ], [ 131.880834648779, 43.11813373184674 ], [ 131.880846935178397, 43.118164095209806 ], [ 131.881101355231493, 43.11811814707319 ], [ 131.881144117556232, 43.118110424155965 ], [ 131.881136051630477, 43.11808762136846 ], [ 131.88109659428028, 43.117976073155283 ], [ 131.88109659428028, 43.117976073155283 ], [ 131.881090966786445, 43.117959279197628 ], [ 131.880792586171225, 43.118018153975619 ], [ 131.880798756902948, 43.118035803592811 ] ] } },
{ "type": "Feature", "properties": { "fid": 54, "Layer": "6 - утвержденные границы территорий окн", "PaperSpace": null, "SubClasses": "AcDbEntity:AcDbPolyline", "Linetype": "ByLayer", "EntityHandle": "1423", "Text": null, "ogr_style": "PEN(c:#000000)", "font": null, "angle": null, "size": null, "size_u": null, "anchor": null, "color": "#000000", "underline": null, "plaintext": null, "fcolor": null, "flnum": null, "bold": null, "italic": null, "dx": null, "dx_u": null, "dy": null, "dy_u": null }, "geometry": { "type": "LineString", "coordinates": [ [ 131.881090966786445, 43.117959279197628 ], [ 131.88109659428028, 43.117976073155283 ], [ 131.881144117556232, 43.118110424155965 ], [ 131.881101355231493, 43.11811814707319 ], [ 131.881131598748794, 43.118201218766394 ], [ 131.881179801655151, 43.118337490380355 ], [ 131.88120851634099, 43.118430073800255 ], [ 131.881228585966255, 43.118425774014412 ], [ 131.881354345903844, 43.118403071285194 ], [ 131.881409409788318, 43.118429874593211 ], [ 131.881464609957135, 43.118418511301016 ], [ 131.881479733969172, 43.118406115701397 ], [ 131.881440341348508, 43.118298591977577 ], [ 131.881479913786052, 43.118291119825564 ], [ 131.881442406109613, 43.118185343783914 ], [ 131.881345685640014, 43.117911254768863 ], [ 131.881344947980494, 43.117909164359915 ], [ 131.881090966786445, 43.117959279197628 ] ] } },
{ "type": "Feature", "properties": { "fid": 55, "Layer": "6 - утвержденные границы территорий окн", "PaperSpace": null, "SubClasses": "AcDbEntity:AcDbPolyline", "Linetype": "ByLayer", "EntityHandle": "1425", "Text": null, "ogr_style": "PEN(c:#000000)", "font": null, "angle": null, "size": null, "size_u": null, "anchor": null, "color": "#000000", "underline": null, "plaintext": null, "fcolor": null, "flnum": null, "bold": null, "italic": null, "dx": null, "dx_u": null, "dy": null, "dy_u": null }, "geometry": { "type": "LineString", "coordinates": [ [ 131.880465652325569, 43.117893287609775 ], [ 131.880753649618271, 43.117840671715676 ], [ 131.880694106907271, 43.117661792951957 ], [ 131.880662995695332, 43.117666970055076 ], [ 131.880666638403028, 43.117677644461438 ], [ 131.880455744325161, 43.117714083978505 ], [ 131.880449190950259, 43.117692457670508 ], [ 131.880399701984629, 43.117700431944755 ], [ 131.880465652325569, 43.117893287609775 ] ] } },
{ "type": "Feature", "properties": { "fid": 56, "Layer": "6 - утвержденные границы территорий окн", "PaperSpace": null, "SubClasses": "AcDbEntity:AcDbPolyline", "Linetype": "ByLayer", "EntityHandle": "1427", "Text": null, "ogr_style": "PEN(c:#000000)", "font": null, "angle": null, "size": null, "size_u": null, "anchor": null, "color": "#000000", "underline": null, "plaintext": null, "fcolor": null, "flnum": null, "bold": null, "italic": null, "dx": null, "dx_u": null, "dy": null, "dy_u": null }, "geometry": { "type": "LineString", "coordinates": [ [ 131.880753649618271, 43.117840671715676 ], [ 131.88101971633867, 43.11779142865602 ], [ 131.880952239028346, 43.117595888477375 ], [ 131.880849405317463, 43.117615837201321 ], [ 131.880854477849567, 43.117630637620202 ], [ 131.880694106907271, 43.117661792951957 ], [ 131.880753649618271, 43.117840671715676 ] ] } },
{ "type": "Feature", "properties": { "fid": 57, "Layer": "6 - утвержденные границы территорий окн", "PaperSpace": null, "SubClasses": "AcDbEntity:AcDbPolyline", "Linetype": "ByLayer", "EntityHandle": "1429", "Text": null, "ogr_style": "PEN(c:#000000)", "font": null, "angle": null, "size": null, "size_u": null, "anchor": null, "color": "#000000", "underline": null, "plaintext": null, "fcolor": null, "flnum": null, "bold": null, "italic": null, "dx": null, "dx_u": null, "dy": null, "dy_u": null }, "geometry": { "type": "LineString", "coordinates": [ [ 131.88101971633867, 43.11779142865602 ], [ 131.881113352048089, 43.117772383480165 ], [ 131.881190718896477, 43.117757194278951 ], [ 131.881186332179851, 43.117746167411177 ], [ 131.881592260015651, 43.117666335776029 ], [ 131.881538385104392, 43.117527275180457 ], [ 131.881461139777429, 43.117542373368039 ], [ 131.881407173913999, 43.117541032370767 ], [ 131.881287957389816, 43.117565288789947 ], [ 131.881268774258302, 43.117519127701591 ], [ 131.88129533474546, 43.117481322299355 ], [ 131.881287269366851, 43.117451250275039 ], [ 131.881016155658557, 43.11749991522175 ], [ 131.881033514651477, 43.117547085047867 ], [ 131.880941099202715, 43.117565667682356 ], [ 131.880952239028346, 43.117595888477375 ], [ 131.88101971633867, 43.11779142865602 ] ] } },
{ "type": "Feature", "properties": { "fid": 58, "Layer": "6 - утвержденные границы территорий окн", "PaperSpace": null, "SubClasses": "AcDbEntity:AcDbPolyline", "Linetype": "ByLayer", "EntityHandle": "142B", "Text": null, "ogr_style": "PEN(c:#000000)", "font": null, "angle": null, "size": null, "size_u": null, "anchor": null, "color": "#000000", "underline": null, "plaintext": null, "fcolor": null, "flnum": null, "bold": null, "italic": null, "dx": null, "dx_u": null, "dy": null, "dy_u": null }, "geometry": { "type": "LineString", "coordinates": [ [ 131.880941099202715, 43.117565667682356 ], [ 131.881033514651477, 43.117547085047867 ], [ 131.880945037648985, 43.117306752388266 ], [ 131.880853844177665, 43.117324962472757 ], [ 131.880941099202715, 43.117565667682356 ] ] } },
{ "type": "Feature", "properties": { "fid": 59, "Layer": "6 - утвержденные границы территорий окн", "PaperSpace": null, "SubClasses": "AcDbEntity:AcDbPolyline", "Linetype": "ByLayer", "EntityHandle": "142D", "Text": null, "ogr_style": "PEN(c:#000000)", "font": null, "angle": null, "size": null, "size_u": null, "anchor": null, "color": "#000000", "underline": null, "plaintext": null, "fcolor": null, "flnum": null, "bold": null, "italic": null, "dx": null, "dx_u": null, "dy": null, "dy_u": null }, "geometry": { "type": "LineString", "coordinates": [ [ 131.88141387358678, 43.117210735233293 ], [ 131.880945326528604, 43.117311722269697 ], [ 131.880970742153409, 43.117383856881993 ], [ 131.881442647044935, 43.117286688105274 ], [ 131.88141387358678, 43.117210735233293 ] ] } },
{ "type": "Feature", "properties": { "fid": 60, "Layer": "6 - утвержденные границы территорий окн", "PaperSpace": null, "SubClasses": "AcDbEntity:AcDbPolyline", "Linetype": "ByLayer", "EntityHandle": "142F", "Text": null, "ogr_style": "PEN(c:#000000)", "font": null, "angle": null, "size": null, "size_u": null, "anchor": null, "color": "#000000", "underline": null, "plaintext": null, "fcolor": null, "flnum": null, "bold": null, "italic": null, "dx": null, "dx_u": null, "dy": null, "dy_u": null }, "geometry": { "type": "LineString", "coordinates": [ [ 131.88159179033741, 43.116961363413886 ], [ 131.881815344363901, 43.116912371218703 ], [ 131.881789474213974, 43.1168440452673 ], [ 131.881860328882283, 43.116828921913644 ], [ 131.881852033077507, 43.116806143265087 ], [ 131.881873682483757, 43.116768567752501 ], [ 131.881828270615614, 43.116641662770533 ], [ 131.881497236195372, 43.116705160850842 ], [ 131.88159179033741, 43.116961363413886 ] ] } },
{ "type": "Feature", "properties": { "fid": 61, "Layer": "6 - утвержденные границы территорий окн", "PaperSpace": null, "SubClasses": "AcDbEntity:AcDbPolyline", "Linetype": "ByLayer", "EntityHandle": "1431", "Text": null, "ogr_style": "PEN(c:#000000)", "font": null, "angle": null, "size": null, "size_u": null, "anchor": null, "color": "#000000", "underline": null, "plaintext": null, "fcolor": null, "flnum": null, "bold": null, "italic": null, "dx": null, "dx_u": null, "dy": null, "dy_u": null }, "geometry": { "type": "LineString", "coordinates": [ [ 131.881207131850658, 43.117936230953283 ], [ 131.88121295233816, 43.117952589175601 ], [ 131.88130504937692, 43.118211558467792 ], [ 131.881442406109613, 43.118185343783914 ], [ 131.881345685640014, 43.117911254768863 ], [ 131.881344947980494, 43.117909164359915 ], [ 131.881207131850658, 43.117936230953283 ] ] } },
{ "type": "Feature", "properties": { "fid": 62, "Layer": "6 - утвержденные границы территорий окн", "PaperSpace": null, "SubClasses": "AcDbEntity:AcDbPolyline", "Linetype": "ByLayer", "EntityHandle": "1433", "Text": null, "ogr_style": "PEN(c:#000000)", "font": null, "angle": null, "size": null, "size_u": null, "anchor": null, "color": "#000000", "underline": null, "plaintext": null, "fcolor": null, "flnum": null, "bold": null, "italic": null, "dx": null, "dx_u": null, "dy": null, "dy_u": null }, "geometry": { "type": "LineString", "coordinates": [ [ 131.881728203626039, 43.118135169946555 ], [ 131.881471129540955, 43.118179192425266 ], [ 131.881442406109613, 43.118185343783914 ], [ 131.881479913786052, 43.118291119825564 ], [ 131.881440341348508, 43.118298591977577 ], [ 131.881479733969172, 43.118406115701397 ], [ 131.881812960166656, 43.118339870748486 ], [ 131.881787423415176, 43.118270935580647 ], [ 131.881779833869501, 43.118253010402839 ], [ 131.881773631518598, 43.118236961358598 ], [ 131.881765921067682, 43.118238570065536 ], [ 131.881728203626039, 43.118135169946555 ] ] } },
{ "type": "Feature", "properties": { "fid": 63, "Layer": "6 - утвержденные границы территорий окн", "PaperSpace": null, "SubClasses": "AcDbEntity:AcDbPolyline", "Linetype": "ByLayer", "EntityHandle": "1435", "Text": null, "ogr_style": "PEN(c:#000000)", "font": null, "angle": null, "size": null, "size_u": null, "anchor": null, "color": "#000000", "underline": null, "plaintext": null, "fcolor": null, "flnum": null, "bold": null, "italic": null, "dx": null, "dx_u": null, "dy": null, "dy_u": null }, "geometry": { "type": "LineString", "coordinates": [ [ 131.881647979134925, 43.117863699622298 ], [ 131.881647979134925, 43.117863699622298 ], [ 131.881643652846464, 43.117851047856703 ], [ 131.881515134383875, 43.117875583307359 ], [ 131.881378648185404, 43.117902514683962 ], [ 131.881458662897387, 43.118129183935608 ], [ 131.88170964638249, 43.118084063586501 ], [ 131.881686717145129, 43.118020916701703 ], [ 131.881705936052725, 43.118017120559855 ], [ 131.881647979134925, 43.117863699622298 ] ] } },
{ "type": "Feature", "properties": { "fid": 64, "Layer": "6 - утвержденные границы территорий окн", "PaperSpace": null, "SubClasses": "AcDbEntity:AcDbPolyline", "Linetype": "ByLayer", "EntityHandle": "1437", "Text": null, "ogr_style": "PEN(c:#000000)", "font": null, "angle": null, "size": null, "size_u": null, "anchor": null, "color": "#000000", "underline": null, "plaintext": null, "fcolor": null, "flnum": null, "bold": null, "italic": null, "dx": null, "dx_u": null, "dy": null, "dy_u": null }, "geometry": { "type": "LineString", "coordinates": [ [ 131.881647979134925, 43.117863699622298 ], [ 131.881705936052725, 43.118017120559855 ], [ 131.881686717145129, 43.118020916701703 ], [ 131.88170964638249, 43.118084063586501 ], [ 131.881728203626039, 43.118135169946555 ], [ 131.881765921067682, 43.118238570065536 ], [ 131.881773631518598, 43.118236961358598 ], [ 131.881788199306698, 43.118234112677627 ], [ 131.88187351757756, 43.118217041817289 ], [ 131.881932380729154, 43.118204470844603 ], [ 131.881857915872018, 43.117964626333908 ], [ 131.882100417541778, 43.117916790850067 ], [ 131.882097144822978, 43.117906202734332 ], [ 131.882123867847127, 43.117900915895071 ], [ 131.882185404071947, 43.117888741642112 ], [ 131.882181081948403, 43.117874653739165 ], [ 131.882256754391847, 43.117860831258099 ], [ 131.882223288471181, 43.117767829414404 ], [ 131.882218137155945, 43.117755370178038 ], [ 131.882213618329928, 43.117742233808364 ], [ 131.881643652846464, 43.117851047856703 ], [ 131.881647979134925, 43.117863699622298 ] ] } },
{ "type": "Feature", "properties": { "fid": 65, "Layer": "6 - утвержденные границы территорий окн", "PaperSpace": null, "SubClasses": "AcDbEntity:AcDbPolyline", "Linetype": "ByLayer", "EntityHandle": "1439", "Text": null, "ogr_style": "PEN(c:#000000)", "font": null, "angle": null, "size": null, "size_u": null, "anchor": null, "color": "#000000", "underline": null, "plaintext": null, "fcolor": null, "flnum": null, "bold": null, "italic": null, "dx": null, "dx_u": null, "dy": null, "dy_u": null }, "geometry": { "type": "LineString", "coordinates": [ [ 131.882168844352805, 43.118274025439852 ], [ 131.882162166856659, 43.118257038331393 ], [ 131.882134823132162, 43.118182336613572 ], [ 131.882127943263981, 43.118162964035612 ], [ 131.881932380729154, 43.118204470844603 ], [ 131.88187351757756, 43.118217041817289 ], [ 131.881788199306698, 43.118234112677627 ], [ 131.881773631518598, 43.118236961358598 ], [ 131.881779833869501, 43.118253010402839 ], [ 131.881787423415176, 43.118270935580647 ], [ 131.881812960166656, 43.118339870748486 ], [ 131.881814744564764, 43.118344467451792 ], [ 131.882118811919639, 43.118283943458614 ], [ 131.882168844352805, 43.118274025439852 ] ] } },
{ "type": "Feature", "properties": { "fid": 66, "Layer": "6 - утвержденные границы территорий окн", "PaperSpace": null, "SubClasses": "AcDbEntity:AcDbPolyline", "Linetype": "ByLayer", "EntityHandle": "143B", "Text": null, "ogr_style": "PEN(c:#000000)", "font": null, "angle": null, "size": null, "size_u": null, "anchor": null, "color": "#000000", "underline": null, "plaintext": null, "fcolor": null, "flnum": null, "bold": null, "italic": null, "dx": null, "dx_u": null, "dy": null, "dy_u": null }, "geometry": { "type": "LineString", "coordinates": [ [ 131.882347410081593, 43.118120428239322 ], [ 131.882213402116008, 43.118143786514231 ], [ 131.882127943263981, 43.118162964035612 ], [ 131.882134823132162, 43.118182336613572 ], [ 131.882162166856659, 43.118257038331393 ], [ 131.882168844352805, 43.118274025439852 ], [ 131.882369894432458, 43.118235998862502 ], [ 131.882390210174123, 43.118235295686873 ], [ 131.882352298505509, 43.118135060276749 ], [ 131.882347410081593, 43.118120428239322 ] ] } },
{ "type": "Feature", "properties": { "fid": 67, "Layer": "6 - утвержденные границы территорий окн", "PaperSpace": null, "SubClasses": "AcDbEntity:AcDbPolyline", "Linetype": "ByLayer", "EntityHandle": "143D", "Text": null, "ogr_style": "PEN(c:#000000)", "font": null, "angle": null, "size": null, "size_u": null, "anchor": null, "color": "#000000", "underline": null, "plaintext": null, "fcolor": null, "flnum": null, "bold": null, "italic": null, "dx": null, "dx_u": null, "dy": null, "dy_u": null }, "geometry": { "type": "LineString", "coordinates": [ [ 131.882127943263981, 43.118162964035612 ], [ 131.882213402116008, 43.118143786514231 ], [ 131.882123867847127, 43.117900915895071 ], [ 131.882097144822978, 43.117906202734332 ], [ 131.882100417541778, 43.117916790850067 ], [ 131.881857915872018, 43.117964626333908 ], [ 131.881932380729154, 43.118204470844603 ], [ 131.882127943263981, 43.118162964035612 ] ] } },
{ "type": "Feature", "properties": { "fid": 68, "Layer": "6 - утвержденные границы территорий окн", "PaperSpace": null, "SubClasses": "AcDbEntity:AcDbPolyline", "Linetype": "ByLayer", "EntityHandle": "143F", "Text": null, "ogr_style": "PEN(c:#000000)", "font": null, "angle": null, "size": null, "size_u": null, "anchor": null, "color": "#000000", "underline": null, "plaintext": null, "fcolor": null, "flnum": null, "bold": null, "italic": null, "dx": null, "dx_u": null, "dy": null, "dy_u": null }, "geometry": { "type": "LineString", "coordinates": [ [ 131.882256754391847, 43.117860831258099 ], [ 131.882181081948403, 43.117874653739165 ], [ 131.882185404071947, 43.117888741642112 ], [ 131.882123867847127, 43.117900915895071 ], [ 131.882213402116008, 43.118143786514231 ], [ 131.882347410081593, 43.118120428239322 ], [ 131.882344436079705, 43.118111526448793 ], [ 131.882276140154545, 43.117907102172722 ], [ 131.882256754391847, 43.117860831258099 ] ] } },
{ "type": "Feature", "properties": { "fid": 69, "Layer": "6 - утвержденные границы территорий окн", "PaperSpace": null, "SubClasses": "AcDbEntity:AcDbPolyline", "Linetype": "ByLayer", "EntityHandle": "1441", "Text": null, "ogr_style": "PEN(c:#000000)", "font": null, "angle": null, "size": null, "size_u": null, "anchor": null, "color": "#000000", "underline": null, "plaintext": null, "fcolor": null, "flnum": null, "bold": null, "italic": null, "dx": null, "dx_u": null, "dy": null, "dy_u": null }, "geometry": { "type": "LineString", "coordinates": [ [ 131.882195970062128, 43.117312470330347 ], [ 131.88229192586212, 43.117331565753922 ], [ 131.882352035336851, 43.117319972005241 ], [ 131.882469200126536, 43.117297715647169 ], [ 131.882464657912834, 43.117284980179299 ], [ 131.882308281395098, 43.116814368796817 ], [ 131.882076497452942, 43.116863445763919 ], [ 131.88218389407885, 43.117155251907761 ], [ 131.882143257575905, 43.117163496826556 ], [ 131.882195970062128, 43.117312470330347 ] ] } },
{ "type": "Feature", "properties": { "fid": 70, "Layer": "6 - утвержденные границы территорий окн", "PaperSpace": null, "SubClasses": "AcDbEntity:AcDbPolyline", "Linetype": "ByLayer", "EntityHandle": "1443", "Text": null, "ogr_style": "PEN(c:#000000)", "font": null, "angle": null, "size": null, "size_u": null, "anchor": null, "color": "#000000", "underline": null, "plaintext": null, "fcolor": null, "flnum": null, "bold": null, "italic": null, "dx": null, "dx_u": null, "dy": null, "dy_u": null }, "geometry": { "type": "LineString", "coordinates": [ [ 131.882418835621792, 43.1174990460174 ], [ 131.882706416326812, 43.117444089134466 ], [ 131.882654178498143, 43.11729430092489 ], [ 131.882530050803098, 43.117318698687718 ], [ 131.882515209170322, 43.117274743884622 ], [ 131.882464657912834, 43.117284980179299 ], [ 131.882469200126536, 43.117297715647169 ], [ 131.882352035336851, 43.117319972005241 ], [ 131.882418835621792, 43.1174990460174 ] ] } },
{ "type": "Feature", "properties": { "fid": 71, "Layer": "6 - утвержденные границы территорий окн", "PaperSpace": null, "SubClasses": "AcDbEntity:AcDbPolyline", "Linetype": "ByLayer", "EntityHandle": "1445", "Text": null, "ogr_style": "PEN(c:#000000)", "font": null, "angle": null, "size": null, "size_u": null, "anchor": null, "color": "#000000", "underline": null, "plaintext": null, "fcolor": null, "flnum": null, "bold": null, "italic": null, "dx": null, "dx_u": null, "dy": null, "dy_u": null }, "geometry": { "type": "LineString", "coordinates": [ [ 131.882530050803098, 43.117318698687718 ], [ 131.882625289143363, 43.117299995997087 ], [ 131.882439746034379, 43.116768743654276 ], [ 131.88234006209035, 43.116786231302505 ], [ 131.88230163195513, 43.116794183767269 ], [ 131.882464657912834, 43.117284980179299 ], [ 131.882515209170322, 43.117274743884622 ], [ 131.882530050803098, 43.117318698687718 ] ] } },
{ "type": "Feature", "properties": { "fid": 72, "Layer": "6 - утвержденные границы территорий окн", "PaperSpace": null, "SubClasses": "AcDbEntity:AcDbPolyline", "Linetype": "ByLayer", "EntityHandle": "1447", "Text": null, "ogr_style": "PEN(c:#000000)", "font": null, "angle": null, "size": null, "size_u": null, "anchor": null, "color": "#000000", "underline": null, "plaintext": null, "fcolor": null, "flnum": null, "bold": null, "italic": null, "dx": null, "dx_u": null, "dy": null, "dy_u": null }, "geometry": { "type": "LineString", "coordinates": [ [ 131.882154730199517, 43.117554393187675 ], [ 131.882418835621792, 43.1174990460174 ], [ 131.882367961990894, 43.117362835630296 ], [ 131.882102254857671, 43.117411448076624 ], [ 131.882154730199517, 43.117554393187675 ] ] } },
{ "type": "Feature", "properties": { "fid": 73, "Layer": "6 - утвержденные границы территорий окн", "PaperSpace": null, "SubClasses": "AcDbEntity:AcDbPolyline", "Linetype": "ByLayer", "EntityHandle": "1449", "Text": null, "ogr_style": "PEN(c:#000000)", "font": null, "angle": null, "size": null, "size_u": null, "anchor": null, "color": "#000000", "underline": null, "plaintext": null, "fcolor": null, "flnum": null, "bold": null, "italic": null, "dx": null, "dx_u": null, "dy": null, "dy_u": null }, "geometry": { "type": "LineString", "coordinates": [ [ 131.881889937057622, 43.116906482261896 ], [ 131.882076497452942, 43.116863445763919 ], [ 131.882276097148434, 43.116821268709451 ], [ 131.882242814422341, 43.116731415418322 ], [ 131.882008000472609, 43.116776202520576 ], [ 131.881852033077507, 43.116806143265087 ], [ 131.881860328882283, 43.116828921913644 ], [ 131.881889937057622, 43.116906482261896 ] ] } },
{ "type": "Feature", "properties": { "fid": 74, "Layer": "6 - утвержденные границы территорий окн", "PaperSpace": null, "SubClasses": "AcDbEntity:AcDbPolyline", "Linetype": "ByLayer", "EntityHandle": "144B", "Text": null, "ogr_style": "PEN(c:#000000)", "font": null, "angle": null, "size": null, "size_u": null, "anchor": null, "color": "#000000", "underline": null, "plaintext": null, "fcolor": null, "flnum": null, "bold": null, "italic": null, "dx": null, "dx_u": null, "dy": null, "dy_u": null }, "geometry": { "type": "LineString", "coordinates": [ [ 131.882276097148434, 43.116821268709451 ], [ 131.882308281395098, 43.116814368796817 ], [ 131.88230163195513, 43.116794183767269 ], [ 131.88234006209035, 43.116786231302505 ], [ 131.882439746034379, 43.116768743654276 ], [ 131.882468283257793, 43.116763953547547 ], [ 131.882443103403972, 43.116693190380175 ], [ 131.882287867948833, 43.116722855437565 ], [ 131.882242814422341, 43.116731415418322 ], [ 131.882276097148434, 43.116821268709451 ] ] } },
{ "type": "Feature", "properties": { "fid": 75, "Layer": "6 - утвержденные границы территорий окн", "PaperSpace": null, "SubClasses": "AcDbEntity:AcDbPolyline", "Linetype": "ByLayer", "EntityHandle": "144D", "Text": null, "ogr_style": "PEN(c:#000000)", "font": null, "angle": null, "size": null, "size_u": null, "anchor": null, "color": "#000000", "underline": null, "plaintext": null, "fcolor": null, "flnum": null, "bold": null, "italic": null, "dx": null, "dx_u": null, "dy": null, "dy_u": null }, "geometry": { "type": "LineString", "coordinates": [ [ 131.882075300638007, 43.117337822513633 ], [ 131.882195970062128, 43.117312470330347 ], [ 131.882143257575905, 43.117163496826556 ], [ 131.88218389407885, 43.117155251907761 ], [ 131.882076497452942, 43.116863445763919 ], [ 131.881889937057622, 43.116906482261896 ], [ 131.881958752738512, 43.117088235194196 ], [ 131.882021227866829, 43.11725313155312 ], [ 131.882045157486317, 43.117258018571853 ], [ 131.88206272873461, 43.11730338583596 ], [ 131.882075300638007, 43.117337822513633 ] ] } },
{ "type": "Feature", "properties": { "fid": 76, "Layer": "6 - утвержденные границы территорий окн", "PaperSpace": null, "SubClasses": "AcDbEntity:AcDbPolyline", "Linetype": "ByLayer", "EntityHandle": "144F", "Text": null, "ogr_style": "PEN(c:#000000)", "font": null, "angle": null, "size": null, "size_u": null, "anchor": null, "color": "#000000", "underline": null, "plaintext": null, "fcolor": null, "flnum": null, "bold": null, "italic": null, "dx": null, "dx_u": null, "dy": null, "dy_u": null }, "geometry": { "type": "LineString", "coordinates": [ [ 131.882352298505509, 43.118135060276749 ], [ 131.882390210174123, 43.118235295686873 ], [ 131.882668846040474, 43.118176901520016 ], [ 131.882631959894155, 43.118078533915472 ], [ 131.882493199832879, 43.118108931511934 ], [ 131.882352298505509, 43.118135060276749 ] ] } },
{ "type": "Feature", "properties": { "fid": 77, "Layer": "6 - утвержденные границы территорий окн", "PaperSpace": null, "SubClasses": "AcDbEntity:AcDbPolyline", "Linetype": "ByLayer", "EntityHandle": "1451", "Text": null, "ogr_style": "PEN(c:#000000)", "font": null, "angle": null, "size": null, "size_u": null, "anchor": null, "color": "#000000", "underline": null, "plaintext": null, "fcolor": null, "flnum": null, "bold": null, "italic": null, "dx": null, "dx_u": null, "dy": null, "dy_u": null }, "geometry": { "type": "LineString", "coordinates": [ [ 131.882416791550696, 43.117883329096884 ], [ 131.882493199832879, 43.118108931511934 ], [ 131.882631959894155, 43.118078533915472 ], [ 131.88255622688763, 43.11785616515278 ], [ 131.882416791550696, 43.117883329096884 ] ] } },
{ "type": "Feature", "properties": { "fid": 78, "Layer": "6 - утвержденные границы территорий окн", "PaperSpace": null, "SubClasses": "AcDbEntity:AcDbPolyline", "Linetype": "ByLayer", "EntityHandle": "1453", "Text": null, "ogr_style": "PEN(c:#000000)", "font": null, "angle": null, "size": null, "size_u": null, "anchor": null, "color": "#000000", "underline": null, "plaintext": null, "fcolor": null, "flnum": null, "bold": null, "italic": null, "dx": null, "dx_u": null, "dy": null, "dy_u": null }, "geometry": { "type": "LineString", "coordinates": [ [ 131.882276140154545, 43.117907102172722 ], [ 131.882344436079705, 43.118111526448793 ], [ 131.882347410081593, 43.118120428239322 ], [ 131.882352298505509, 43.118135060276749 ], [ 131.882493199832879, 43.118108931511934 ], [ 131.882416791550696, 43.117883329096884 ], [ 131.882276140154545, 43.117907102172722 ] ] } },
{ "type": "Feature", "properties": { "fid": 79, "Layer": "6 - утвержденные границы территорий окн", "PaperSpace": null, "SubClasses": "AcDbEntity:AcDbPolyline", "Linetype": "ByLayer", "EntityHandle": "1455", "Text": null, "ogr_style": "PEN(c:#000000)", "font": null, "angle": null, "size": null, "size_u": null, "anchor": null, "color": "#000000", "underline": null, "plaintext": null, "fcolor": null, "flnum": null, "bold": null, "italic": null, "dx": null, "dx_u": null, "dy": null, "dy_u": null }, "geometry": { "type": "LineString", "coordinates": [ [ 131.882213618329928, 43.117742233808364 ], [ 131.882218137155945, 43.117755370178038 ], [ 131.882223411088034, 43.117767832830914 ], [ 131.882256754391847, 43.117860831258099 ], [ 131.882276140154545, 43.117907102172722 ], [ 131.882416791550696, 43.117883329096884 ], [ 131.88255622688763, 43.11785616515278 ], [ 131.88250141422202, 43.117700192270888 ], [ 131.882496885636698, 43.117688176764261 ], [ 131.882213618329928, 43.117742233808364 ] ] } },
{ "type": "Feature", "properties": { "fid": 80, "Layer": "6 - утвержденные границы территорий окн", "PaperSpace": null, "SubClasses": "AcDbEntity:AcDbPolyline", "Linetype": "ByLayer", "EntityHandle": "1457", "Text": null, "ogr_style": "PEN(c:#000000)", "font": null, "angle": null, "size": null, "size_u": null, "anchor": null, "color": "#000000", "underline": null, "plaintext": null, "fcolor": null, "flnum": null, "bold": null, "italic": null, "dx": null, "dx_u": null, "dy": null, "dy_u": null }, "geometry": { "type": "LineString", "coordinates": [ [ 131.883095744324351, 43.11730076652713 ], [ 131.882932744457833, 43.117333237617046 ], [ 131.882959470815649, 43.117411735982699 ], [ 131.883526346819423, 43.117308007259346 ], [ 131.883466313642685, 43.117125587901086 ], [ 131.883260531123625, 43.1171632214308 ], [ 131.883236046866443, 43.117089706391454 ], [ 131.883085157976012, 43.117118078020383 ], [ 131.88313361056305, 43.117254476364607 ], [ 131.883082955218725, 43.117265330081302 ], [ 131.883095744324351, 43.11730076652713 ] ] } },
{ "type": "Feature", "properties": { "fid": 81, "Layer": "6 - утвержденные границы территорий окн", "PaperSpace": null, "SubClasses": "AcDbEntity:AcDbPolyline", "Linetype": "ByLayer", "EntityHandle": "1459", "Text": null, "ogr_style": "PEN(c:#000000)", "font": null, "angle": null, "size": null, "size_u": null, "anchor": null, "color": "#000000", "underline": null, "plaintext": null, "fcolor": null, "flnum": null, "bold": null, "italic": null, "dx": null, "dx_u": null, "dy": null, "dy_u": null }, "geometry": { "type": "LineString", "coordinates": [ [ 131.883544457201594, 43.117356787736902 ], [ 131.883978507718581, 43.117276480860426 ], [ 131.883977555206769, 43.117122929685763 ], [ 131.883907244858335, 43.117134358295893 ], [ 131.883866832073494, 43.117141431386337 ], [ 131.883806335723278, 43.117152039742081 ], [ 131.883804245044587, 43.117139009288358 ], [ 131.8837987152408, 43.117138975672674 ], [ 131.883776915821301, 43.117078079677704 ], [ 131.883738749641168, 43.117074058304127 ], [ 131.883725311811958, 43.117039360602554 ], [ 131.883677683622238, 43.117048217440846 ], [ 131.883454113320624, 43.11708983243539 ], [ 131.883544457201594, 43.117356787736902 ] ] } },
{ "type": "Feature", "properties": { "fid": 82, "Layer": "6 - утвержденные границы территорий окн", "PaperSpace": null, "SubClasses": "AcDbEntity:AcDbPolyline", "Linetype": "ByLayer", "EntityHandle": "145B", "Text": null, "ogr_style": "PEN(c:#000000)", "font": null, "angle": null, "size": null, "size_u": null, "anchor": null, "color": "#000000", "underline": null, "plaintext": null, "fcolor": null, "flnum": null, "bold": null, "italic": null, "dx": null, "dx_u": null, "dy": null, "dy_u": null }, "geometry": { "type": "LineString", "coordinates": [ [ 131.883977555206769, 43.117122929685763 ], [ 131.883982718973925, 43.116806302731419 ], [ 131.883901357394279, 43.11680515233558 ], [ 131.883665974677712, 43.116852288957809 ], [ 131.883596579214583, 43.116866588439869 ], [ 131.883587898836112, 43.116843003729485 ], [ 131.883382473058873, 43.11688893418065 ], [ 131.883452153351442, 43.117090121250136 ], [ 131.883454113320624, 43.11708983243539 ], [ 131.883677683622238, 43.117048217440846 ], [ 131.883725311811958, 43.117039360602554 ], [ 131.883738749641168, 43.117074058304127 ], [ 131.883776915821301, 43.117078079677704 ], [ 131.8837987152408, 43.117138975672674 ], [ 131.883804245044587, 43.117139009288358 ], [ 131.883806335723278, 43.117152039742081 ], [ 131.883866832073494, 43.117141431386337 ], [ 131.883907244858335, 43.117134358295893 ], [ 131.883977555206769, 43.117122929685763 ] ] } },
{ "type": "Feature", "properties": { "fid": 83, "Layer": "6 - утвержденные границы территорий окн", "PaperSpace": null, "SubClasses": "AcDbEntity:AcDbPolyline", "Linetype": "ByLayer", "EntityHandle": "145D", "Text": null, "ogr_style": "PEN(c:#000000)", "font": null, "angle": null, "size": null, "size_u": null, "anchor": null, "color": "#000000", "underline": null, "plaintext": null, "fcolor": null, "flnum": null, "bold": null, "italic": null, "dx": null, "dx_u": null, "dy": null, "dy_u": null }, "geometry": { "type": "LineString", "coordinates": [ [ 131.883199170657036, 43.117795601208819 ], [ 131.883366626450254, 43.117762299857191 ], [ 131.883281878975225, 43.117492406990799 ], [ 131.882979742987828, 43.117550844111584 ], [ 131.883053910232007, 43.117755406138713 ], [ 131.883177731578172, 43.117734251371502 ], [ 131.883199170657036, 43.117795601208819 ] ] } },
{ "type": "Feature", "properties": { "fid": 84, "Layer": "6 - утвержденные границы территорий окн", "PaperSpace": null, "SubClasses": "AcDbEntity:AcDbPolyline", "Linetype": "ByLayer", "EntityHandle": "145F", "Text": null, "ogr_style": "PEN(c:#000000)", "font": null, "angle": null, "size": null, "size_u": null, "anchor": null, "color": "#000000", "underline": null, "plaintext": null, "fcolor": null, "flnum": null, "bold": null, "italic": null, "dx": null, "dx_u": null, "dy": null, "dy_u": null }, "geometry": { "type": "LineString", "coordinates": [ [ 131.883112263230515, 43.117916563376951 ], [ 131.883289379949531, 43.117880823350212 ], [ 131.883405540435234, 43.117857406113991 ], [ 131.883386145336999, 43.117800176040923 ], [ 131.883389080008499, 43.117799426024099 ], [ 131.883375425331138, 43.117759779823594 ], [ 131.883366626450254, 43.117762299857191 ], [ 131.883077251735529, 43.117819887037484 ], [ 131.883112263230515, 43.117916563376951 ] ] } },
{ "type": "Feature", "properties": { "fid": 85, "Layer": "6 - утвержденные границы территорий окн", "PaperSpace": null, "SubClasses": "AcDbEntity:AcDbPolyline", "Linetype": "ByLayer", "EntityHandle": "1461", "Text": null, "ogr_style": "PEN(c:#000000)", "font": null, "angle": null, "size": null, "size_u": null, "anchor": null, "color": "#000000", "underline": null, "plaintext": null, "fcolor": null, "flnum": null, "bold": null, "italic": null, "dx": null, "dx_u": null, "dy": null, "dy_u": null }, "geometry": { "type": "LineString", "coordinates": [ [ 131.88336192355581, 43.117747585795144 ], [ 131.883423625113181, 43.11773570521612 ], [ 131.883633627645366, 43.117639501195377 ], [ 131.88362621494133, 43.117617973846009 ], [ 131.883564181532932, 43.117437771795551 ], [ 131.883281878975225, 43.117492406990799 ], [ 131.88336192355581, 43.117747585795144 ] ] } },
{ "type": "Feature", "properties": { "fid": 86, "Layer": "6 - утвержденные границы территорий окн", "PaperSpace": null, "SubClasses": "AcDbEntity:AcDbPolyline", "Linetype": "ByLayer", "EntityHandle": "1463", "Text": null, "ogr_style": "PEN(c:#000000)", "font": null, "angle": null, "size": null, "size_u": null, "anchor": null, "color": "#000000", "underline": null, "plaintext": null, "fcolor": null, "flnum": null, "bold": null, "italic": null, "dx": null, "dx_u": null, "dy": null, "dy_u": null }, "geometry": { "type": "LineString", "coordinates": [ [ 131.88362621494133, 43.117617973846009 ], [ 131.883782518543114, 43.117592706681755 ], [ 131.883838839496491, 43.117452883346139 ], [ 131.883815879567379, 43.117389118806102 ], [ 131.883564181532932, 43.117437771795551 ], [ 131.88362621494133, 43.117617973846009 ] ] } },
{ "type": "Feature", "properties": { "fid": 87, "Layer": "6 - утвержденные границы территорий окн", "PaperSpace": null, "SubClasses": "AcDbEntity:AcDbPolyline", "Linetype": "ByLayer", "EntityHandle": "1465", "Text": null, "ogr_style": "PEN(c:#000000)", "font": null, "angle": null, "size": null, "size_u": null, "anchor": null, "color": "#000000", "underline": null, "plaintext": null, "fcolor": null, "flnum": null, "bold": null, "italic": null, "dx": null, "dx_u": null, "dy": null, "dy_u": null }, "geometry": { "type": "LineString", "coordinates": [ [ 131.883667827850985, 43.117738705981971 ], [ 131.883721552787051, 43.117727356644373 ], [ 131.88377321238471, 43.117736641146948 ], [ 131.883797906146725, 43.11765240789039 ], [ 131.883782518543114, 43.117592706681755 ], [ 131.88362621494133, 43.117617973846009 ], [ 131.883667827850985, 43.117738705981971 ] ] } },
{ "type": "Feature", "properties": { "fid": 88, "Layer": "6 - утвержденные границы территорий окн", "PaperSpace": null, "SubClasses": "AcDbEntity:AcDbPolyline", "Linetype": "ByLayer", "EntityHandle": "1467", "Text": null, "ogr_style": "PEN(c:#000000)", "font": null, "angle": null, "size": null, "size_u": null, "anchor": null, "color": "#000000", "underline": null, "plaintext": null, "fcolor": null, "flnum": null, "bold": null, "italic": null, "dx": null, "dx_u": null, "dy": null, "dy_u": null }, "geometry": { "type": "LineString", "coordinates": [ [ 131.885390718306439, 43.116943010260115 ], [ 131.885744335130511, 43.116881255447723 ], [ 131.88561266162057, 43.116528270711662 ], [ 131.885267387742772, 43.11659759463992 ], [ 131.885390718306439, 43.116943010260115 ] ] } },
{ "type": "Feature", "properties": { "fid": 89, "Layer": "6 - утвержденные границы территорий окн", "PaperSpace": null, "SubClasses": "AcDbEntity:AcDbPolyline", "Linetype": "ByLayer", "EntityHandle": "1469", "Text": null, "ogr_style": "PEN(c:#000000)", "font": null, "angle": null, "size": null, "size_u": null, "anchor": null, "color": "#000000", "underline": null, "plaintext": null, "fcolor": null, "flnum": null, "bold": null, "italic": null, "dx": null, "dx_u": null, "dy": null, "dy_u": null }, "geometry": { "type": "LineString", "coordinates": [ [ 131.881784329302604, 43.112399890173506 ], [ 131.88129960719229, 43.112502945797011 ], [ 131.881498496191313, 43.113039890106833 ], [ 131.881656551711671, 43.113012390083256 ], [ 131.881679607281995, 43.113079612289269 ], [ 131.88231127380476, 43.112954334421048 ], [ 131.881839051551964, 43.112534056805877 ], [ 131.881784329302604, 43.112399890173506 ] ] } },
{ "type": "Feature", "properties": { "fid": 90, "Layer": "6 - утвержденные границы территорий окн", "PaperSpace": null, "SubClasses": "AcDbEntity:AcDbPolyline", "Linetype": "ByLayer", "EntityHandle": "146B", "Text": null, "ogr_style": "PEN(c:#000000)", "font": null, "angle": null, "size": null, "size_u": null, "anchor": null, "color": "#000000", "underline": null, "plaintext": null, "fcolor": null, "flnum": null, "bold": null, "italic": null, "dx": null, "dx_u": null, "dy": null, "dy_u": null }, "geometry": { "type": "LineString", "coordinates": [ [ 131.882260890442694, 43.114141904242956 ], [ 131.881833112876109, 43.114239126573423 ], [ 131.881963668560672, 43.114616904253921 ], [ 131.88241366834535, 43.114528015250549 ], [ 131.882260890442694, 43.114141904242956 ] ] } },
{ "type": "Feature", "properties": { "fid": 91, "Layer": "6 - утвержденные границы территорий окн", "PaperSpace": null, "SubClasses": "AcDbEntity:AcDbPolyline", "Linetype": "ByLayer", "EntityHandle": "146D", "Text": null, "ogr_style": "PEN(c:#000000)", "font": null, "angle": null, "size": null, "size_u": null, "anchor": null, "color": "#000000", "underline": null, "plaintext": null, "fcolor": null, "flnum": null, "bold": null, "italic": null, "dx": null, "dx_u": null, "dy": null, "dy_u": null }, "geometry": { "type": "LineString", "coordinates": [ [ 131.88241932979048, 43.114620445205937 ], [ 131.882005440993652, 43.11469822304381 ], [ 131.882066552139349, 43.114867667446248 ], [ 131.882474885382777, 43.114792667386354 ], [ 131.88241932979048, 43.114620445205937 ] ] } },
{ "type": "Feature", "properties": { "fid": 92, "Layer": "6 - утвержденные границы территорий окн", "PaperSpace": null, "SubClasses": "AcDbEntity:AcDbPolyline", "Linetype": "ByLayer", "EntityHandle": "146F", "Text": null, "ogr_style": "PEN(c:#000000)", "font": null, "angle": null, "size": null, "size_u": null, "anchor": null, "color": "#000000", "underline": null, "plaintext": null, "fcolor": null, "flnum": null, "bold": null, "italic": null, "dx": null, "dx_u": null, "dy": null, "dy_u": null }, "geometry": { "type": "LineString", "coordinates": [ [ 131.8831702223587, 43.118076374411821 ], [ 131.883406980288385, 43.118030214925987 ], [ 131.883431464466526, 43.118025464691584 ], [ 131.88342214384059, 43.117994055436554 ], [ 131.88333437962558, 43.11801169246025 ], [ 131.883289379949531, 43.117880823350212 ], [ 131.883112263230515, 43.117916563376951 ], [ 131.8831702223587, 43.118076374411821 ] ] } },
{ "type": "Feature", "properties": { "fid": 93, "Layer": "6 - утвержденные границы территорий окн", "PaperSpace": null, "SubClasses": "AcDbEntity:AcDbPolyline", "Linetype": "ByLayer", "EntityHandle": "1471", "Text": null, "ogr_style": "PEN(c:#000000)", "font": null, "angle": null, "size": null, "size_u": null, "anchor": null, "color": "#000000", "underline": null, "plaintext": null, "fcolor": null, "flnum": null, "bold": null, "italic": null, "dx": null, "dx_u": null, "dy": null, "dy_u": null }, "geometry": { "type": "LineString", "coordinates": [ [ 131.883685593954226, 43.117800723267884 ], [ 131.883596492447452, 43.117819094227798 ], [ 131.883574491009824, 43.117909240794063 ], [ 131.883316428187044, 43.117959308320088 ], [ 131.88333437962558, 43.11801169246025 ], [ 131.88342214384059, 43.117994055436554 ], [ 131.883431464466526, 43.118025464691584 ], [ 131.88363028439835, 43.117987342569414 ], [ 131.883685593954226, 43.117800723267884 ] ] } },
{ "type": "Feature", "properties": { "fid": 94, "Layer": "6 - утвержденные границы территорий окн", "PaperSpace": null, "SubClasses": "AcDbEntity:AcDbPolyline", "Linetype": "ByLayer", "EntityHandle": "1473", "Text": null, "ogr_style": "PEN(c:#000000)", "font": null, "angle": null, "size": null, "size_u": null, "anchor": null, "color": "#000000", "underline": null, "plaintext": null, "fcolor": null, "flnum": null, "bold": null, "italic": null, "dx": null, "dx_u": null, "dy": null, "dy_u": null }, "geometry": { "type": "LineString", "coordinates": [ [ 131.883316428187044, 43.117959308320088 ], [ 131.883574491009824, 43.117909240794063 ], [ 131.883596492447452, 43.117819094227798 ], [ 131.883289379949531, 43.117880823350212 ], [ 131.883316428187044, 43.117959308320088 ] ] } },
{ "type": "Feature", "properties": { "fid": 95, "Layer": "6 - утвержденные границы территорий окн", "PaperSpace": null, "SubClasses": "AcDbEntity:AcDbPolyline", "Linetype": "ByLayer", "EntityHandle": "1475", "Text": null, "ogr_style": "PEN(c:#000000)", "font": null, "angle": null, "size": null, "size_u": null, "anchor": null, "color": "#000000", "underline": null, "plaintext": null, "fcolor": null, "flnum": null, "bold": null, "italic": null, "dx": null, "dx_u": null, "dy": null, "dy_u": null }, "geometry": { "type": "LineString", "coordinates": [ [ 131.883805942520723, 43.122238993665903 ], [ 131.883891796619537, 43.122476110199763 ], [ 131.88416104244763, 43.122425117188428 ], [ 131.884252484714096, 43.122406721910593 ], [ 131.884438182810328, 43.122369272341224 ], [ 131.884495476193194, 43.122357976240586 ], [ 131.884412343326545, 43.122121912536883 ], [ 131.884354324987925, 43.122133846078157 ], [ 131.884193800824477, 43.122163927725758 ], [ 131.88419419334889, 43.122165183891546 ], [ 131.884175952741685, 43.122168790445052 ], [ 131.884097724566118, 43.122184170472721 ], [ 131.883981788236071, 43.122206866023355 ], [ 131.883815122563902, 43.122237099797204 ], [ 131.883805942520723, 43.122238993665903 ] ] } },
{ "type": "Feature", "properties": { "fid": 96, "Layer": "6 - утвержденные границы территорий окн", "PaperSpace": null, "SubClasses": "AcDbEntity:AcDbPolyline", "Linetype": "ByLayer", "EntityHandle": "1477", "Text": null, "ogr_style": "PEN(c:#000000)", "font": null, "angle": null, "size": null, "size_u": null, "anchor": null, "color": "#000000", "underline": null, "plaintext": null, "fcolor": null, "flnum": null, "bold": null, "italic": null, "dx": null, "dx_u": null, "dy": null, "dy_u": null }, "geometry": { "type": "LineString", "coordinates": [ [ 131.883378915794992, 43.124074825349979 ], [ 131.883455713484238, 43.12377709230357 ], [ 131.884501683432092, 43.123879658381391 ], [ 131.884708114316368, 43.123775567836866 ], [ 131.884773491417491, 43.123317098753859 ], [ 131.88463240475815, 43.122915644368916 ], [ 131.884586547058234, 43.122785234704232 ], [ 131.884375025766957, 43.122828258727928 ], [ 131.882764978416844, 43.123155577895247 ], [ 131.882345590426809, 43.123240231407458 ], [ 131.88229182112741, 43.123249510268202 ], [ 131.881949761138515, 43.12332311329078 ], [ 131.882177700811695, 43.123847093112957 ], [ 131.882638324155351, 43.12374644799521 ], [ 131.882755532163571, 43.124023481298273 ], [ 131.883378915794992, 43.124074825349979 ] ] } },
{ "type": "Feature", "properties": { "fid": 97, "Layer": "6 - утвержденные границы территорий окн", "PaperSpace": null, "SubClasses": "AcDbEntity:AcDbPolyline", "Linetype": "ByLayer", "EntityHandle": "1479", "Text": null, "ogr_style": "PEN(c:#000000)", "font": null, "angle": null, "size": null, "size_u": null, "anchor": null, "color": "#000000", "underline": null, "plaintext": null, "fcolor": null, "flnum": null, "bold": null, "italic": null, "dx": null, "dx_u": null, "dy": null, "dy_u": null }, "geometry": { "type": "LineString", "coordinates": [ [ 131.905564085065464, 43.117316833673137 ], [ 131.906119565370119, 43.117474523659737 ], [ 131.906338246155542, 43.117441286348097 ], [ 131.906417617277299, 43.11738402356292 ], [ 131.906418286806002, 43.11733613011473 ], [ 131.906141088495076, 43.11725989090467 ], [ 131.905630642678005, 43.117194265680766 ], [ 131.905564085065464, 43.117316833673137 ] ] } },
{ "type": "Feature", "properties": { "fid": 98, "Layer": "6 - утвержденные границы территорий окн", "PaperSpace": null, "SubClasses": "AcDbEntity:AcDbPolyline", "Linetype": "ByLayer", "EntityHandle": "147B", "Text": null, "ogr_style": "PEN(c:#000000)", "font": null, "angle": null, "size": null, "size_u": null, "anchor": null, "color": "#000000", "underline": null, "plaintext": null, "fcolor": null, "flnum": null, "bold": null, "italic": null, "dx": null, "dx_u": null, "dy": null, "dy_u": null }, "geometry": { "type": "LineString", "coordinates": [ [ 131.906844313536396, 43.117369595338467 ], [ 131.906982038526593, 43.117406958162938 ], [ 131.907047449911232, 43.117352180455981 ], [ 131.906959430070941, 43.117242110954393 ], [ 131.906840035274513, 43.117237591944203 ], [ 131.906785564451724, 43.117260931514814 ], [ 131.906844313536396, 43.117369595338467 ] ] } },
{ "type": "Feature", "properties": { "fid": 99, "Layer": "6 - утвержденные границы территорий окн", "PaperSpace": null, "SubClasses": "AcDbEntity:AcDbPolyline", "Linetype": "ByLayer", "EntityHandle": "147D", "Text": null, "ogr_style": "PEN(c:#000000)", "font": null, "angle": null, "size": null, "size_u": null, "anchor": null, "color": "#000000", "underline": null, "plaintext": null, "fcolor": null, "flnum": null, "bold": null, "italic": null, "dx": null, "dx_u": null, "dy": null, "dy_u": null }, "geometry": { "type": "LineString", "coordinates": [ [ 131.910705120158326, 43.116723055458046 ], [ 131.910856420405651, 43.116788715830303 ], [ 131.911172420442057, 43.116857157611655 ], [ 131.911290246917957, 43.116768435840783 ], [ 131.91200542600518, 43.116595705527232 ], [ 131.912004517060126, 43.116454305864622 ], [ 131.911500280692536, 43.116019411922437 ], [ 131.911391965837623, 43.115996959559922 ], [ 131.911366991501751, 43.115932141460554 ], [ 131.911204129647814, 43.115973176885561 ], [ 131.910895212765752, 43.116009705503217 ], [ 131.910887547096394, 43.116076754576596 ], [ 131.91083537631124, 43.116218258096183 ], [ 131.910885445591305, 43.116373096673037 ], [ 131.910713116632252, 43.116407569288036 ], [ 131.910745200151666, 43.116433608102817 ], [ 131.910784475064986, 43.116494586615033 ], [ 131.910806880465344, 43.116578964288557 ], [ 131.910721100482391, 43.116603352526511 ], [ 131.910655076614574, 43.116639056140542 ], [ 131.910705120158326, 43.116723055458046 ] ] } },
{ "type": "Feature", "properties": { "fid": 100, "Layer": "6 - утвержденные границы территорий окн", "PaperSpace": null, "SubClasses": "AcDbEntity:AcDbPolyline", "Linetype": "ByLayer", "EntityHandle": "147F", "Text": null, "ogr_style": "PEN(c:#000000)", "font": null, "angle": null, "size": null, "size_u": null, "anchor": null, "color": "#000000", "underline": null, "plaintext": null, "fcolor": null, "flnum": null, "bold": null, "italic": null, "dx": null, "dx_u": null, "dy": null, "dy_u": null }, "geometry": { "type": "LineString", "coordinates": [ [ 131.898403035127785, 43.116587465625308 ], [ 131.89843198177158, 43.116603998997526 ], [ 131.898460248301063, 43.116610728052692 ], [ 131.89862997564569, 43.116651370953562 ], [ 131.898665280872564, 43.116666308384687 ], [ 131.898749095099618, 43.116469306042653 ], [ 131.89848950990816, 43.116420140030215 ], [ 131.898403035127785, 43.116587465625308 ] ] } },
{ "type": "Feature", "properties": { "fid": 101, "Layer": "6 - утвержденные границы территорий окн", "PaperSpace": null, "SubClasses": "AcDbEntity:AcDbPolyline", "Linetype": "ByLayer", "EntityHandle": "1481", "Text": null, "ogr_style": "PEN(c:#000000)", "font": null, "angle": null, "size": null, "size_u": null, "anchor": null, "color": "#000000", "underline": null, "plaintext": null, "fcolor": null, "flnum": null, "bold": null, "italic": null, "dx": null, "dx_u": null, "dy": null, "dy_u": null }, "geometry": { "type": "LineString", "coordinates": [ [ 131.898543343857483, 43.11594215921167 ], [ 131.898597315670173, 43.115956633850551 ], [ 131.898842134056707, 43.116030255470314 ], [ 131.898922384733055, 43.115846071530818 ], [ 131.898679266261695, 43.115784134112261 ], [ 131.898616816676395, 43.115769657058983 ], [ 131.898611088309337, 43.115784838278124 ], [ 131.898543343857483, 43.11594215921167 ] ] } },
{ "type": "Feature", "properties": { "fid": 102, "Layer": "6 - утвержденные границы территорий окн", "PaperSpace": null, "SubClasses": "AcDbEntity:AcDbPolyline", "Linetype": "ByLayer", "EntityHandle": "1483", "Text": null, "ogr_style": "PEN(c:#000000)", "font": null, "angle": null, "size": null, "size_u": null, "anchor": null, "color": "#000000", "underline": null, "plaintext": null, "fcolor": null, "flnum": null, "bold": null, "italic": null, "dx": null, "dx_u": null, "dy": null, "dy_u": null }, "geometry": { "type": "LineString", "coordinates": [ [ 131.898665280872564, 43.116666308384687 ], [ 131.898836282414948, 43.116728450738627 ], [ 131.898910933121527, 43.116610753695106 ], [ 131.898965706178416, 43.116532777328082 ], [ 131.898876423377885, 43.116503095531584 ], [ 131.898749095099618, 43.116469306042653 ], [ 131.898665280872564, 43.116666308384687 ] ] } },
{ "type": "Feature", "properties": { "fid": 103, "Layer": "6 - утвержденные границы территорий окн", "PaperSpace": null, "SubClasses": "AcDbEntity:AcDbPolyline", "Linetype": "ByLayer", "EntityHandle": "1485", "Text": null, "ogr_style": "PEN(c:#000000)", "font": null, "angle": null, "size": null, "size_u": null, "anchor": null, "color": "#000000", "underline": null, "plaintext": null, "fcolor": null, "flnum": null, "bold": null, "italic": null, "dx": null, "dx_u": null, "dy": null, "dy_u": null }, "geometry": { "type": "LineString", "coordinates": [ [ 131.899185833621686, 43.116849056191114 ], [ 131.899362995588831, 43.116905643351693 ], [ 131.899465911859835, 43.116730856123098 ], [ 131.899289456377915, 43.116679032466763 ], [ 131.899185833621686, 43.116849056191114 ] ] } },
{ "type": "Feature", "properties": { "fid": 104, "Layer": "6 - утвержденные границы территорий окн", "PaperSpace": null, "SubClasses": "AcDbEntity:AcDbPolyline", "Linetype": "ByLayer", "EntityHandle": "1487", "Text": null, "ogr_style": "PEN(c:#000000)", "font": null, "angle": null, "size": null, "size_u": null, "anchor": null, "color": "#000000", "underline": null, "plaintext": null, "fcolor": null, "flnum": null, "bold": null, "italic": null, "dx": null, "dx_u": null, "dy": null, "dy_u": null }, "geometry": { "type": "LineString", "coordinates": [ [ 131.911293282229508, 43.113222888223795 ], [ 131.91136438749939, 43.113407605885797 ], [ 131.911476483133129, 43.113381216403198 ], [ 131.911509388199477, 43.11337376188726 ], [ 131.91157091474301, 43.113359707663363 ], [ 131.911734229007777, 43.113323347622476 ], [ 131.911775727854632, 43.113314669929686 ], [ 131.911699154769622, 43.113119594205614 ], [ 131.911496232468153, 43.113160093494002 ], [ 131.911504301611302, 43.113181794402024 ], [ 131.911293282229508, 43.113222888223795 ] ] } },
{ "type": "Feature", "properties": { "fid": 105, "Layer": "6 - утвержденные границы территорий окн", "PaperSpace": null, "SubClasses": "AcDbEntity:AcDbPolyline", "Linetype": "ByLayer", "EntityHandle": "1489", "Text": null, "ogr_style": "PEN(c:#000000)", "font": null, "angle": null, "size": null, "size_u": null, "anchor": null, "color": "#000000", "underline": null, "plaintext": null, "fcolor": null, "flnum": null, "bold": null, "italic": null, "dx": null, "dx_u": null, "dy": null, "dy_u": null }, "geometry": { "type": "LineString", "coordinates": [ [ 131.929321519923406, 43.111793429070417 ], [ 131.929381841537122, 43.111823614547482 ], [ 131.929544410113181, 43.111831993768668 ], [ 131.929549879177898, 43.11175038652847 ], [ 131.929326433154898, 43.111742711825123 ], [ 131.929321519923406, 43.111793429070417 ] ] } },
{ "type": "Feature", "properties": { "fid": 106, "Layer": "6 - утвержденные границы территорий окн", "PaperSpace": null, "SubClasses": "AcDbEntity:AcDbPolyline", "Linetype": "ByLayer", "EntityHandle": "148B", "Text": null, "ogr_style": "PEN(c:#000000)", "font": null, "angle": null, "size": null, "size_u": null, "anchor": null, "color": "#000000", "underline": null, "plaintext": null, "fcolor": null, "flnum": null, "bold": null, "italic": null, "dx": null, "dx_u": null, "dy": null, "dy_u": null }, "geometry": { "type": "LineString", "coordinates": [ [ 131.917208390863351, 43.112602346221607 ], [ 131.917225237391989, 43.112646140556002 ], [ 131.917320448401284, 43.112884664254558 ], [ 131.917298546856244, 43.112889304633022 ], [ 131.917204821678325, 43.112909100455923 ], [ 131.916705195733783, 43.113015020100555 ], [ 131.916754810235176, 43.113162778525393 ], [ 131.916930202877836, 43.113685114692935 ], [ 131.917098914245742, 43.11418754471952 ], [ 131.917130659379609, 43.114282082203971 ], [ 131.917045858785457, 43.114298313403069 ], [ 131.917178402145908, 43.114717370417722 ], [ 131.917159334945808, 43.114850151141738 ], [ 131.917316042281357, 43.114924881363351 ], [ 131.917336215763527, 43.115021250341279 ], [ 131.917443237327944, 43.115376699378146 ], [ 131.917441021488912, 43.115519603102442 ], [ 131.917530625930198, 43.115603798319626 ], [ 131.917909506049341, 43.11606590215154 ], [ 131.917535532248934, 43.116879039490307 ], [ 131.917377255694333, 43.117405921287208 ], [ 131.917463999183553, 43.117607889576384 ], [ 131.917358912533217, 43.118020175845217 ], [ 131.917805018119537, 43.11811810436572 ], [ 131.917992820364901, 43.118156238744298 ], [ 131.918242960617135, 43.118189239809162 ], [ 131.918888954240117, 43.118263131712283 ], [ 131.918923644826862, 43.118264032783756 ], [ 131.919245939069214, 43.118275231691982 ], [ 131.919956814537642, 43.118299929589632 ], [ 131.920353151094645, 43.118327963296352 ], [ 131.920587754857848, 43.118366585906891 ], [ 131.921262921383715, 43.118541436645643 ], [ 131.921495689219711, 43.118648390055604 ], [ 131.921582312620188, 43.118640523772214 ], [ 131.921670998729638, 43.118609528700361 ], [ 131.921670527012793, 43.118598012113353 ], [ 131.9220746523863, 43.118622830000064 ], [ 131.922175170946787, 43.118629512213985 ], [ 131.922205439201775, 43.118631623688373 ], [ 131.92238868289698, 43.118646165404044 ], [ 131.923257086826851, 43.118724864791069 ], [ 131.9236255920693, 43.118781856228132 ], [ 131.924115929652004, 43.118801653424761 ], [ 131.924747857882352, 43.118723540531263 ], [ 131.925116885268721, 43.118641539769527 ], [ 131.925261030085125, 43.118579979477438 ], [ 131.925680641993182, 43.118345009663727 ], [ 131.925359046296421, 43.118080800544043 ], [ 131.925389898904257, 43.117796878694826 ], [ 131.925450040235148, 43.117243419023545 ], [ 131.925369540584541, 43.116610172996658 ], [ 131.925349517429765, 43.116452659924747 ], [ 131.925372010585164, 43.116396884847504 ], [ 131.925524570283926, 43.116120016197407 ], [ 131.925528877386711, 43.116110618369596 ], [ 131.92539782316058, 43.116077787792385 ], [ 131.925081187441037, 43.115898109890871 ], [ 131.924890284376346, 43.115800811381497 ], [ 131.924525522217721, 43.115627572604218 ], [ 131.924221967830988, 43.115463059541682 ], [ 131.923877437019655, 43.115241784078584 ], [ 131.923436769496988, 43.114760685269694 ], [ 131.923916156245042, 43.114500721731119 ], [ 131.92381043909765, 43.114425988504479 ], [ 131.923677410217124, 43.114340169835536 ], [ 131.923478199575641, 43.114207758757715 ], [ 131.923158391683955, 43.114077517389909 ], [ 131.922641017631861, 43.114078020680338 ], [ 131.922577845146407, 43.113799446924212 ], [ 131.922502731188757, 43.113665760168509 ], [ 131.922489813482485, 43.113596046801348 ], [ 131.922485145864357, 43.11357107258695 ], [ 131.922503622020599, 43.113554675708656 ], [ 131.922497146761685, 43.113475173138212 ], [ 131.922493891472641, 43.113434521916304 ], [ 131.92249085442603, 43.113398729054182 ], [ 131.922435470931163, 43.113375099316436 ], [ 131.922431435359073, 43.11315074137098 ], [ 131.922430116677532, 43.113077305291299 ], [ 131.922311622856483, 43.113077005389925 ], [ 131.922299426735208, 43.11267848783563 ], [ 131.922293756092841, 43.112521026172409 ], [ 131.922269194277305, 43.112521554965561 ], [ 131.922267791529237, 43.112475123431338 ], [ 131.922262804788659, 43.112307077449891 ], [ 131.921303813728628, 43.112330453622981 ], [ 131.921304794538742, 43.112390127266906 ], [ 131.920368778856755, 43.112395730215852 ], [ 131.920214468100284, 43.112430358682666 ], [ 131.918154816814024, 43.112462017905941 ], [ 131.917567263723697, 43.112531039242214 ], [ 131.917208390863351, 43.112602346221607 ] ] } },
{ "type": "Feature", "properties": { "fid": 107, "Layer": "6 - утвержденные границы территорий окн", "PaperSpace": null, "SubClasses": "AcDbEntity:AcDbPolyline", "Linetype": "ByLayer", "EntityHandle": "148D", "Text": null, "ogr_style": "PEN(c:#000000)", "font": null, "angle": null, "size": null, "size_u": null, "anchor": null, "color": "#000000", "underline": null, "plaintext": null, "fcolor": null, "flnum": null, "bold": null, "italic": null, "dx": null, "dx_u": null, "dy": null, "dy_u": null }, "geometry": { "type": "LineString", "coordinates": [ [ 131.919229287633129, 43.113534138271596 ], [ 131.919372028602311, 43.113532818249091 ], [ 131.919407492141687, 43.113492930173912 ], [ 131.919407125405911, 43.11334243358813 ], [ 131.919233271792535, 43.113342280353727 ], [ 131.919229287633129, 43.113534138271596 ] ] } },
{ "type": "Feature", "properties": { "fid": 108, "Layer": "6 - утвержденные границы территорий окн", "PaperSpace": null, "SubClasses": "AcDbEntity:AcDbPolyline", "Linetype": "ByLayer", "EntityHandle": "148F", "Text": null, "ogr_style": "PEN(c:#000000)", "font": null, "angle": null, "size": null, "size_u": null, "anchor": null, "color": "#000000", "underline": null, "plaintext": null, "fcolor": null, "flnum": null, "bold": null, "italic": null, "dx": null, "dx_u": null, "dy": null, "dy_u": null }, "geometry": { "type": "LineString", "coordinates": [ [ 131.921075692059446, 43.113027574735952 ], [ 131.921279561339077, 43.113017147832203 ], [ 131.921257115887443, 43.112831148794051 ], [ 131.921234877234497, 43.112831112838812 ], [ 131.921234846564658, 43.112791957841772 ], [ 131.921057571717739, 43.112798954354638 ], [ 131.921075692059446, 43.113027574735952 ] ] } },
{ "type": "Feature", "properties": { "fid": 109, "Layer": "6 - утвержденные границы территорий окн", "PaperSpace": null, "SubClasses": "AcDbEntity:AcDbPolyline", "Linetype": "ByLayer", "EntityHandle": "1491", "Text": null, "ogr_style": "PEN(c:#000000)", "font": null, "angle": null, "size": null, "size_u": null, "anchor": null, "color": "#000000", "underline": null, "plaintext": null, "fcolor": null, "flnum": null, "bold": null, "italic": null, "dx": null, "dx_u": null, "dy": null, "dy_u": null }, "geometry": { "type": "LineString", "coordinates": [ [ 131.921795484207735, 43.113481849815692 ], [ 131.921778281658106, 43.113481760932359 ], [ 131.921625207427866, 43.113488683504137 ], [ 131.921625133455336, 43.113516228022078 ], [ 131.921450134007216, 43.113520320797178 ], [ 131.921457084063462, 43.113711793627196 ], [ 131.921467035705007, 43.113711778870389 ], [ 131.92180084576944, 43.113705023651832 ], [ 131.921796051991009, 43.113504526915285 ], [ 131.921795484207735, 43.113481849815692 ] ] } },
{ "type": "Feature", "properties": { "fid": 110, "Layer": "6 - утвержденные границы территорий окн", "PaperSpace": null, "SubClasses": "AcDbEntity:AcDbPolyline", "Linetype": "ByLayer", "EntityHandle": "1493", "Text": null, "ogr_style": "PEN(c:#000000)", "font": null, "angle": null, "size": null, "size_u": null, "anchor": null, "color": "#000000", "underline": null, "plaintext": null, "fcolor": null, "flnum": null, "bold": null, "italic": null, "dx": null, "dx_u": null, "dy": null, "dy_u": null }, "geometry": { "type": "LineString", "coordinates": [ [ 131.921803495239658, 43.113076080370845 ], [ 131.921694152915137, 43.113076331652543 ], [ 131.921694264887776, 43.11308830209942 ], [ 131.921445611550638, 43.113089299877089 ], [ 131.921445301044031, 43.1132739182164 ], [ 131.92178637630002, 43.113274377547803 ], [ 131.921788849429589, 43.113206302264459 ], [ 131.921796954903954, 43.113206126896294 ], [ 131.921793759113314, 43.113130910331634 ], [ 131.921803828201064, 43.113130624272081 ], [ 131.921803495239658, 43.113076080370845 ] ] } },
{ "type": "Feature", "properties": { "fid": 111, "Layer": "6 - утвержденные границы территорий окн", "PaperSpace": null, "SubClasses": "AcDbEntity:AcDbPolyline", "Linetype": "ByLayer", "EntityHandle": "1495", "Text": null, "ogr_style": "PEN(c:#000000)", "font": null, "angle": null, "size": null, "size_u": null, "anchor": null, "color": "#000000", "underline": null, "plaintext": null, "fcolor": null, "flnum": null, "bold": null, "italic": null, "dx": null, "dx_u": null, "dy": null, "dy_u": null }, "geometry": { "type": "LineString", "coordinates": [ [ 131.918149490611484, 43.112876959115205 ], [ 131.917972346331169, 43.112878098681499 ], [ 131.917973120441729, 43.112942809352965 ], [ 131.917616415208215, 43.112947183308066 ], [ 131.917580055887981, 43.112953865718438 ], [ 131.917715676595094, 43.11334876631873 ], [ 131.917994129675776, 43.113344853476555 ], [ 131.917993017883077, 43.113237750594394 ], [ 131.918145595761331, 43.113236868913837 ], [ 131.918145133030606, 43.113188087142788 ], [ 131.918148967521091, 43.113076341705479 ], [ 131.918149904135106, 43.113011163015734 ], [ 131.918151389260203, 43.112904932987192 ], [ 131.918149490611484, 43.112876959115205 ] ] } },
{ "type": "Feature", "properties": { "fid": 112, "Layer": "6 - утвержденные границы территорий окн", "PaperSpace": null, "SubClasses": "AcDbEntity:AcDbPolyline", "Linetype": "ByLayer", "EntityHandle": "1497", "Text": null, "ogr_style": "PEN(c:#000000)", "font": null, "angle": null, "size": null, "size_u": null, "anchor": null, "color": "#000000", "underline": null, "plaintext": null, "fcolor": null, "flnum": null, "bold": null, "italic": null, "dx": null, "dx_u": null, "dy": null, "dy_u": null }, "geometry": { "type": "LineString", "coordinates": [ [ 131.921333688334244, 43.112719897763789 ], [ 131.921356072194698, 43.112902747009848 ], [ 131.921374362705961, 43.113089869910418 ], [ 131.921445611550638, 43.113089299877089 ], [ 131.921445301044031, 43.1132739182164 ], [ 131.92140905526918, 43.11327384973152 ], [ 131.92141059088803, 43.113521277160039 ], [ 131.921450134007216, 43.113520320797178 ], [ 131.921457084063462, 43.113711793627196 ], [ 131.921445909336398, 43.113712091295149 ], [ 131.921445643317071, 43.113886447755597 ], [ 131.921470461956659, 43.113886456507458 ], [ 131.921867807629098, 43.113886683219192 ], [ 131.921867831047848, 43.11386282973649 ], [ 131.921866968113619, 43.113837635404998 ], [ 131.921862375226567, 43.113703745599423 ], [ 131.92180084576944, 43.113705023651832 ], [ 131.921796051991009, 43.113504526915285 ], [ 131.921795484207735, 43.113481849815692 ], [ 131.921778281658106, 43.113481760932359 ], [ 131.92178637630002, 43.113274377547803 ], [ 131.921788849429589, 43.113206302264459 ], [ 131.921796954903954, 43.113206126896294 ], [ 131.921793759113314, 43.113130910331634 ], [ 131.921803828201064, 43.113130624272081 ], [ 131.921803495239658, 43.113076080370845 ], [ 131.921699928005211, 43.113076360854144 ], [ 131.921697911611631, 43.112942263870515 ], [ 131.921697999951448, 43.112902927596849 ], [ 131.921928614998052, 43.112903109383488 ], [ 131.921932504174293, 43.11280702537664 ], [ 131.921995287579165, 43.112807084230624 ], [ 131.921944273274306, 43.112718059355849 ], [ 131.921909430463131, 43.112708074907275 ], [ 131.921569720881848, 43.112714442489249 ], [ 131.921422082605034, 43.11271653690509 ], [ 131.921339823074618, 43.112719473135833 ], [ 131.921333688334244, 43.112719897763789 ] ] } },
{ "type": "Feature", "properties": { "fid": 113, "Layer": "6 - утвержденные границы территорий окн", "PaperSpace": null, "SubClasses": "AcDbEntity:AcDbPolyline", "Linetype": "ByLayer", "EntityHandle": "1499", "Text": null, "ogr_style": "PEN(c:#000000)", "font": null, "angle": null, "size": null, "size_u": null, "anchor": null, "color": "#000000", "underline": null, "plaintext": null, "fcolor": null, "flnum": null, "bold": null, "italic": null, "dx": null, "dx_u": null, "dy": null, "dy_u": null }, "geometry": { "type": "LineString", "coordinates": [ [ 131.921219900166392, 43.112468341162234 ], [ 131.921194346849234, 43.112468430099767 ], [ 131.920657855919472, 43.112476866005323 ], [ 131.920656041998342, 43.112810560439705 ], [ 131.920378359805483, 43.112809791014492 ], [ 131.9203823823145, 43.112977441489811 ], [ 131.920709999122181, 43.112968324271819 ], [ 131.920701012403981, 43.112810717395419 ], [ 131.921058406466813, 43.112810197098952 ], [ 131.921075692059446, 43.113027574735952 ], [ 131.921279561339077, 43.113017147832203 ], [ 131.921252278711762, 43.112791234279584 ], [ 131.921219900166392, 43.112468341162234 ] ] } },
{ "type": "Feature", "properties": { "fid": 114, "Layer": "6 - утвержденные границы территорий окн", "PaperSpace": null, "SubClasses": "AcDbEntity:AcDbPolyline", "Linetype": "ByLayer", "EntityHandle": "149B", "Text": null, "ogr_style": "PEN(c:#000000)", "font": null, "angle": null, "size": null, "size_u": null, "anchor": null, "color": "#000000", "underline": null, "plaintext": null, "fcolor": null, "flnum": null, "bold": null, "italic": null, "dx": null, "dx_u": null, "dy": null, "dy_u": null }, "geometry": { "type": "LineString", "coordinates": [ [ 131.919604848216238, 43.11307454928189 ], [ 131.919229430726631, 43.113077054680325 ], [ 131.919233271792535, 43.113342280353727 ], [ 131.919229287633129, 43.113534138271596 ], [ 131.919372028602311, 43.113532818249091 ], [ 131.919407492141687, 43.113492930173912 ], [ 131.919407125405911, 43.11334243358813 ], [ 131.91944275704617, 43.113342509162415 ], [ 131.919679761381076, 43.113342628329377 ], [ 131.919682991789898, 43.113156269060994 ], [ 131.919605709716166, 43.113156181317557 ], [ 131.919604848216238, 43.11307454928189 ] ] } },
{ "type": "Feature", "properties": { "fid": 115, "Layer": "6 - утвержденные границы территорий окн", "PaperSpace": null, "SubClasses": "AcDbEntity:AcDbPolyline", "Linetype": "ByLayer", "EntityHandle": "149D", "Text": null, "ogr_style": "PEN(c:#000000)", "font": null, "angle": null, "size": null, "size_u": null, "anchor": null, "color": "#000000", "underline": null, "plaintext": null, "fcolor": null, "flnum": null, "bold": null, "italic": null, "dx": null, "dx_u": null, "dy": null, "dy_u": null }, "geometry": { "type": "LineString", "coordinates": [ [ 131.919731000174721, 43.114490825592561 ], [ 131.919301191318681, 43.114495703268446 ], [ 131.919329957017652, 43.114910627272671 ], [ 131.91973783211148, 43.114896078728947 ], [ 131.919731039436044, 43.114800197130442 ], [ 131.919731000174721, 43.114490825592561 ] ] } },
{ "type": "Feature", "properties": { "fid": 116, "Layer": "6 - утвержденные границы территорий окн", "PaperSpace": null, "SubClasses": "AcDbEntity:AcDbPolyline", "Linetype": "ByLayer", "EntityHandle": "149F", "Text": null, "ogr_style": "PEN(c:#000000)", "font": null, "angle": null, "size": null, "size_u": null, "anchor": null, "color": "#000000", "underline": null, "plaintext": null, "fcolor": null, "flnum": null, "bold": null, "italic": null, "dx": null, "dx_u": null, "dy": null, "dy_u": null }, "geometry": { "type": "LineString", "coordinates": [ [ 131.919569126550527, 43.114004661012331 ], [ 131.91927337960513, 43.114022801335359 ], [ 131.91928695677089, 43.114396209340931 ], [ 131.919609982216059, 43.114390653990455 ], [ 131.919593094027562, 43.11423096982444 ], [ 131.919586302578949, 43.114166502455774 ], [ 131.919598821579854, 43.114165830789339 ], [ 131.919595713218143, 43.11413885979897 ], [ 131.919583446950185, 43.114139888857089 ], [ 131.91957967099637, 43.114103923661517 ], [ 131.919569126550527, 43.114004661012331 ] ] } },
{ "type": "Feature", "properties": { "fid": 117, "Layer": "6 - утвержденные границы территорий окн", "PaperSpace": null, "SubClasses": "AcDbEntity:AcDbPolyline", "Linetype": "ByLayer", "EntityHandle": "14A1", "Text": null, "ogr_style": "PEN(c:#000000)", "font": null, "angle": null, "size": null, "size_u": null, "anchor": null, "color": "#000000", "underline": null, "plaintext": null, "fcolor": null, "flnum": null, "bold": null, "italic": null, "dx": null, "dx_u": null, "dy": null, "dy_u": null }, "geometry": { "type": "LineString", "coordinates": [ [ 131.920785195616332, 43.113739477912354 ], [ 131.920356201596121, 43.11376685402599 ], [ 131.920363767533303, 43.114046352386723 ], [ 131.920683035250391, 43.114037233044101 ], [ 131.920846921885158, 43.11402398711671 ], [ 131.920835757911959, 43.113893226829454 ], [ 131.920803705915148, 43.113894014147085 ], [ 131.920785195616332, 43.113739477912354 ] ] } },
{ "type": "Feature", "properties": { "fid": 118, "Layer": "6 - утвержденные границы территорий окн", "PaperSpace": null, "SubClasses": "AcDbEntity:AcDbPolyline", "Linetype": "ByLayer", "EntityHandle": "14A3", "Text": null, "ogr_style": "PEN(c:#000000)", "font": null, "angle": null, "size": null, "size_u": null, "anchor": null, "color": "#000000", "underline": null, "plaintext": null, "fcolor": null, "flnum": null, "bold": null, "italic": null, "dx": null, "dx_u": null, "dy": null, "dy_u": null }, "geometry": { "type": "LineString", "coordinates": [ [ 131.920162797595964, 43.115346171989792 ], [ 131.919922379490487, 43.115347799961491 ], [ 131.919741316646196, 43.115349973612922 ], [ 131.919739124591842, 43.115507788032602 ], [ 131.92016455226107, 43.115510965861539 ], [ 131.920162797595964, 43.115346171989792 ] ] } },
{ "type": "Feature", "properties": { "fid": 119, "Layer": "6 - утвержденные границы территорий окн", "PaperSpace": null, "SubClasses": "AcDbEntity:AcDbPolyline", "Linetype": "ByLayer", "EntityHandle": "14A5", "Text": null, "ogr_style": "PEN(c:#000000)", "font": null, "angle": null, "size": null, "size_u": null, "anchor": null, "color": "#000000", "underline": null, "plaintext": null, "fcolor": null, "flnum": null, "bold": null, "italic": null, "dx": null, "dx_u": null, "dy": null, "dy_u": null }, "geometry": { "type": "LineString", "coordinates": [ [ 131.920834650107849, 43.115190404367262 ], [ 131.920691380011021, 43.115202533250937 ], [ 131.920640261798923, 43.115214772642872 ], [ 131.920352314723516, 43.115211140761545 ], [ 131.92036108435596, 43.115414116030777 ], [ 131.920561324720978, 43.115412459750118 ], [ 131.920559223924556, 43.115393039217487 ], [ 131.92083909518513, 43.115373262371278 ], [ 131.920834650107849, 43.115190404367262 ] ] } },
{ "type": "Feature", "properties": { "fid": 120, "Layer": "6 - утвержденные границы территорий окн", "PaperSpace": null, "SubClasses": "AcDbEntity:AcDbPolyline", "Linetype": "ByLayer", "EntityHandle": "14A7", "Text": null, "ogr_style": "PEN(c:#000000)", "font": null, "angle": null, "size": null, "size_u": null, "anchor": null, "color": "#000000", "underline": null, "plaintext": null, "fcolor": null, "flnum": null, "bold": null, "italic": null, "dx": null, "dx_u": null, "dy": null, "dy_u": null }, "geometry": { "type": "LineString", "coordinates": [ [ 131.920198219298896, 43.115617636292789 ], [ 131.920177834604686, 43.115618210721117 ], [ 131.920133743192167, 43.115619124465127 ], [ 131.920048631410111, 43.115620919608496 ], [ 131.919985843342602, 43.115620769726476 ], [ 131.919877817668237, 43.115638287775276 ], [ 131.919844479764464, 43.115673833050252 ], [ 131.919826253875328, 43.115677985206545 ], [ 131.919826951601436, 43.11580768543476 ], [ 131.919828188199574, 43.115820634188147 ], [ 131.919833429645422, 43.115874946442908 ], [ 131.919836803856896, 43.115909205611025 ], [ 131.919837497601605, 43.116013612452221 ], [ 131.920048384363724, 43.11600338398911 ], [ 131.920129748509112, 43.116004688671048 ], [ 131.920164398949765, 43.116004774336631 ], [ 131.920198219298896, 43.115617636292789 ] ] } },
{ "type": "Feature", "properties": { "fid": 121, "Layer": "6 - утвержденные границы территорий окн", "PaperSpace": null, "SubClasses": "AcDbEntity:AcDbPolyline", "Linetype": "ByLayer", "EntityHandle": "14A9", "Text": null, "ogr_style": "PEN(c:#000000)", "font": null, "angle": null, "size": null, "size_u": null, "anchor": null, "color": "#000000", "underline": null, "plaintext": null, "fcolor": null, "flnum": null, "bold": null, "italic": null, "dx": null, "dx_u": null, "dy": null, "dy_u": null }, "geometry": { "type": "LineString", "coordinates": [ [ 131.920920019313371, 43.116010147174961 ], [ 131.920642447091922, 43.115990654721919 ], [ 131.920614237398553, 43.115993201807157 ], [ 131.920453782780072, 43.116018832985169 ], [ 131.920384508532351, 43.116057636814055 ], [ 131.92030974345397, 43.116136013700014 ], [ 131.920292487927583, 43.116158338184853 ], [ 131.920194946736643, 43.116265758440882 ], [ 131.920117437963057, 43.116229218500585 ], [ 131.920061553755573, 43.11629299472056 ], [ 131.920099129682683, 43.116310692029252 ], [ 131.920037586347036, 43.116399191084277 ], [ 131.920057215431939, 43.116422747890141 ], [ 131.920051785628203, 43.116440357361832 ], [ 131.920129475054466, 43.11645475244957 ], [ 131.920156005730576, 43.116454293420503 ], [ 131.920152606697997, 43.11647521199172 ], [ 131.920040555667072, 43.116625990545856 ], [ 131.920288772957576, 43.116721133389184 ], [ 131.920472809102733, 43.116701195190629 ], [ 131.920463314230886, 43.116517670232923 ], [ 131.920465027492327, 43.116504780470443 ], [ 131.920453163201842, 43.116476191387029 ], [ 131.920448949126438, 43.116417907825003 ], [ 131.920567408376201, 43.116412341108166 ], [ 131.92068109147462, 43.116413845469026 ], [ 131.920689673141254, 43.11638153082135 ], [ 131.92073114127021, 43.116378394159263 ], [ 131.920790340960309, 43.116358418659651 ], [ 131.920891900446009, 43.116255456223413 ], [ 131.920913452487014, 43.116157746242465 ], [ 131.920920019313371, 43.116010147174961 ] ] } },
{ "type": "Feature", "properties": { "fid": 122, "Layer": "6 - утвержденные границы территорий окн", "PaperSpace": null, "SubClasses": "AcDbEntity:AcDbPolyline", "Linetype": "ByLayer", "EntityHandle": "14AB", "Text": null, "ogr_style": "PEN(c:#000000)", "font": null, "angle": null, "size": null, "size_u": null, "anchor": null, "color": "#000000", "underline": null, "plaintext": null, "fcolor": null, "flnum": null, "bold": null, "italic": null, "dx": null, "dx_u": null, "dy": null, "dy_u": null }, "geometry": { "type": "LineString", "coordinates": [ [ 131.917693600806558, 43.114651474822352 ], [ 131.917770464414986, 43.114856256008551 ], [ 131.918008900374929, 43.114809917304207 ], [ 131.918031297426836, 43.114805451612611 ], [ 131.917946877815751, 43.114591298635681 ], [ 131.917925451233373, 43.114595124038573 ], [ 131.917788481540896, 43.114634096801801 ], [ 131.917693600806558, 43.114651474822352 ] ] } },
{ "type": "Feature", "properties": { "fid": 123, "Layer": "6 - утвержденные границы территорий окн", "PaperSpace": null, "SubClasses": "AcDbEntity:AcDbPolyline", "Linetype": "ByLayer", "EntityHandle": "14AD", "Text": null, "ogr_style": "PEN(c:#000000)", "font": null, "angle": null, "size": null, "size_u": null, "anchor": null, "color": "#000000", "underline": null, "plaintext": null, "fcolor": null, "flnum": null, "bold": null, "italic": null, "dx": null, "dx_u": null, "dy": null, "dy_u": null }, "geometry": { "type": "LineString", "coordinates": [ [ 131.917770464414986, 43.114856256008551 ], [ 131.91787742288011, 43.115123459754365 ], [ 131.917887523324595, 43.11514360648038 ], [ 131.918141268871068, 43.115082164776432 ], [ 131.918031297426836, 43.114805451612611 ], [ 131.918008900374929, 43.114809917304207 ], [ 131.917770464414986, 43.114856256008551 ] ] } },
{ "type": "Feature", "properties": { "fid": 124, "Layer": "6 - утвержденные границы территорий окн", "PaperSpace": null, "SubClasses": "AcDbEntity:AcDbPolyline", "Linetype": "ByLayer", "EntityHandle": "14AF", "Text": null, "ogr_style": "PEN(c:#000000)", "font": null, "angle": null, "size": null, "size_u": null, "anchor": null, "color": "#000000", "underline": null, "plaintext": null, "fcolor": null, "flnum": null, "bold": null, "italic": null, "dx": null, "dx_u": null, "dy": null, "dy_u": null }, "geometry": { "type": "LineString", "coordinates": [ [ 131.917523286909898, 43.114933110069757 ], [ 131.917606636694529, 43.115111449718782 ], [ 131.917732519074207, 43.115146313533089 ], [ 131.917887523324595, 43.11514360648038 ], [ 131.91787742288011, 43.115123459754365 ], [ 131.91777679333083, 43.114872031731288 ], [ 131.917523286909898, 43.114933110069757 ] ] } },
{ "type": "Feature", "properties": { "fid": 125, "Layer": "6 - утвержденные границы территорий окн", "PaperSpace": null, "SubClasses": "AcDbEntity:AcDbPolyline", "Linetype": "ByLayer", "EntityHandle": "14B1", "Text": null, "ogr_style": "PEN(c:#000000)", "font": null, "angle": null, "size": null, "size_u": null, "anchor": null, "color": "#000000", "underline": null, "plaintext": null, "fcolor": null, "flnum": null, "bold": null, "italic": null, "dx": null, "dx_u": null, "dy": null, "dy_u": null }, "geometry": { "type": "LineString", "coordinates": [ [ 131.917276075987814, 43.114687720243644 ], [ 131.917328219344114, 43.114822191498924 ], [ 131.917413385507416, 43.114804375638059 ], [ 131.917523286909898, 43.114933110069757 ], [ 131.91777679333083, 43.114872031731288 ], [ 131.917770464414986, 43.114856256008551 ], [ 131.917693600806558, 43.114651474822352 ], [ 131.917426222435807, 43.114700546882197 ], [ 131.917406464105994, 43.114657728358843 ], [ 131.917319378439714, 43.114677904670728 ], [ 131.917276075987814, 43.114687720243644 ] ] } },
{ "type": "Feature", "properties": { "fid": 126, "Layer": "6 - утвержденные границы территорий окн", "PaperSpace": null, "SubClasses": "AcDbEntity:AcDbPolyline", "Linetype": "ByLayer", "EntityHandle": "14B3", "Text": null, "ogr_style": "PEN(c:#000000)", "font": null, "angle": null, "size": null, "size_u": null, "anchor": null, "color": "#000000", "underline": null, "plaintext": null, "fcolor": null, "flnum": null, "bold": null, "italic": null, "dx": null, "dx_u": null, "dy": null, "dy_u": null }, "geometry": { "type": "LineString", "coordinates": [ [ 131.894876937783351, 43.114858232444114 ], [ 131.895438305306243, 43.114768290118135 ], [ 131.895323117288456, 43.114457674061349 ], [ 131.894768033987106, 43.114561232993985 ], [ 131.894876937783351, 43.114858232444114 ] ] } },
{ "type": "Feature", "properties": { "fid": 127, "Layer": "6 - утвержденные границы территорий окн", "PaperSpace": null, "SubClasses": "AcDbEntity:AcDbPolyline", "Linetype": "ByLayer", "EntityHandle": "14B5", "Text": null, "ogr_style": "PEN(c:#000000)", "font": null, "angle": null, "size": null, "size_u": null, "anchor": null, "color": "#000000", "underline": null, "plaintext": null, "fcolor": null, "flnum": null, "bold": null, "italic": null, "dx": null, "dx_u": null, "dy": null, "dy_u": null }, "geometry": { "type": "LineString", "coordinates": [ [ 131.895141823383199, 43.115062437417599 ], [ 131.895485891290349, 43.115007046738342 ], [ 131.895422391879947, 43.114771328626126 ], [ 131.895167121051429, 43.114812032850054 ], [ 131.895203827061181, 43.114932091247901 ], [ 131.895109470143865, 43.114951515430278 ], [ 131.895141823383199, 43.115062437417599 ] ] } },
{ "type": "Feature", "properties": { "fid": 128, "Layer": "6 - утвержденные границы территорий окн", "PaperSpace": null, "SubClasses": "AcDbEntity:AcDbPolyline", "Linetype": "ByLayer", "EntityHandle": "14B7", "Text": null, "ogr_style": "PEN(c:#000000)", "font": null, "angle": null, "size": null, "size_u": null, "anchor": null, "color": "#000000", "underline": null, "plaintext": null, "fcolor": null, "flnum": null, "bold": null, "italic": null, "dx": null, "dx_u": null, "dy": null, "dy_u": null }, "geometry": { "type": "LineString", "coordinates": [ [ 131.88310755457394, 43.113942125618507 ], [ 131.882779259212413, 43.114013160530384 ], [ 131.882900182881116, 43.114344523727873 ], [ 131.882820768346647, 43.114361625211409 ], [ 131.882859691363848, 43.114463842591491 ], [ 131.883267099695757, 43.114372648367826 ], [ 131.88310755457394, 43.113942125618507 ] ] } },
{ "type": "Feature", "properties": { "fid": 129, "Layer": "6 - утвержденные границы территорий окн", "PaperSpace": null, "SubClasses": "AcDbEntity:AcDbPolyline", "Linetype": "ByLayer", "EntityHandle": "14B9", "Text": null, "ogr_style": "PEN(c:#000000)", "font": null, "angle": null, "size": null, "size_u": null, "anchor": null, "color": "#000000", "underline": null, "plaintext": null, "fcolor": null, "flnum": null, "bold": null, "italic": null, "dx": null, "dx_u": null, "dy": null, "dy_u": null }, "geometry": { "type": "LineString", "coordinates": [ [ 131.935067762059361, 43.114132965218111 ], [ 131.935135699419476, 43.114145023616359 ], [ 131.935579567721135, 43.114118243760743 ], [ 131.935585770648856, 43.114040767218412 ], [ 131.93559169038349, 43.113961403435333 ], [ 131.935575087629275, 43.113960590141211 ], [ 131.935578556130224, 43.113912486693081 ], [ 131.93557293029383, 43.113851878404482 ], [ 131.935582888682916, 43.113846011556205 ], [ 131.93555410896326, 43.113844517848356 ], [ 131.935150475631247, 43.11382460294859 ], [ 131.935078535642816, 43.11382752919576 ], [ 131.935067762059361, 43.114132965218111 ] ] } },
{ "type": "Feature", "properties": { "fid": 130, "Layer": "6 - утвержденные границы территорий окн", "PaperSpace": null, "SubClasses": "AcDbEntity:AcDbPolyline", "Linetype": "ByLayer", "EntityHandle": "14BB", "Text": null, "ogr_style": "PEN(c:#000000)", "font": null, "angle": null, "size": null, "size_u": null, "anchor": null, "color": "#000000", "underline": null, "plaintext": null, "fcolor": null, "flnum": null, "bold": null, "italic": null, "dx": null, "dx_u": null, "dy": null, "dy_u": null }, "geometry": { "type": "LineString", "coordinates": [ [ 131.886199813775676, 43.117175292969591 ], [ 131.886394776336772, 43.117736128881063 ], [ 131.886559183857116, 43.117702872016473 ], [ 131.886694998493823, 43.117674101820278 ], [ 131.886487788086669, 43.117114165722526 ], [ 131.886199813775676, 43.117175292969591 ] ] } },
{ "type": "Feature", "properties": { "fid": 131, "Layer": "6 - утвержденные границы территорий окн", "PaperSpace": null, "SubClasses": "AcDbEntity:AcDbPolyline", "Linetype": "ByLayer", "EntityHandle": "14BD", "Text": null, "ogr_style": "PEN(c:#000000)", "font": null, "angle": null, "size": null, "size_u": null, "anchor": null, "color": "#000000", "underline": null, "plaintext": null, "fcolor": null, "flnum": null, "bold": null, "italic": null, "dx": null, "dx_u": null, "dy": null, "dy_u": null }, "geometry": { "type": "LineString", "coordinates": [ [ 131.887927166281173, 43.124190889421712 ], [ 131.888246117455822, 43.124157087077755 ], [ 131.888272128639329, 43.124112015843764 ], [ 131.888394659509203, 43.124104574594902 ], [ 131.888387244026035, 43.124060370778793 ], [ 131.888373080184749, 43.124010489520487 ], [ 131.888104750938908, 43.123308752544716 ], [ 131.887790549083093, 43.123368483022858 ], [ 131.88793286987061, 43.123760181038534 ], [ 131.887815088218133, 43.123925779958867 ], [ 131.887927166281173, 43.124190889421712 ] ] } },
{ "type": "Feature", "properties": { "fid": 132, "Layer": "6 - утвержденные границы территорий окн", "PaperSpace": null, "SubClasses": "AcDbEntity:AcDbPolyline", "Linetype": "ByLayer", "EntityHandle": "14BF", "Text": null, "ogr_style": "PEN(c:#000000)", "font": null, "angle": null, "size": null, "size_u": null, "anchor": null, "color": "#000000", "underline": null, "plaintext": null, "fcolor": null, "flnum": null, "bold": null, "italic": null, "dx": null, "dx_u": null, "dy": null, "dy_u": null }, "geometry": { "type": "LineString", "coordinates": [ [ 131.887734107088647, 43.124940902506914 ], [ 131.888548277264391, 43.124795479628261 ], [ 131.888511550200519, 43.124699722771702 ], [ 131.888490220748878, 43.124663846320907 ], [ 131.888460962014761, 43.124631021458114 ], [ 131.888424656361991, 43.124602409300074 ], [ 131.888382052981314, 43.124578632254291 ], [ 131.888334766237762, 43.124560573906564 ], [ 131.888283785880191, 43.124548584166533 ], [ 131.8882309633982, 43.124543094135426 ], [ 131.888182329273889, 43.124544582149426 ], [ 131.887633822475777, 43.124643988564834 ], [ 131.887734107088647, 43.124940902506914 ] ] } },
{ "type": "Feature", "properties": { "fid": 133, "Layer": "6 - утвержденные границы территорий окн", "PaperSpace": null, "SubClasses": "AcDbEntity:AcDbPolyline", "Linetype": "ByLayer", "EntityHandle": "14C1", "Text": null, "ogr_style": "PEN(c:#000000)", "font": null, "angle": null, "size": null, "size_u": null, "anchor": null, "color": "#000000", "underline": null, "plaintext": null, "fcolor": null, "flnum": null, "bold": null, "italic": null, "dx": null, "dx_u": null, "dy": null, "dy_u": null }, "geometry": { "type": "LineString", "coordinates": [ [ 131.892351819347653, 43.113228840789581 ], [ 131.89252662788715, 43.113203568165211 ], [ 131.892536816888878, 43.113231690342815 ], [ 131.892698843788139, 43.113267385644498 ], [ 131.89297107239247, 43.113230697321889 ], [ 131.892842206783399, 43.112894599202725 ], [ 131.892748118913318, 43.112845914234192 ], [ 131.892264762897156, 43.112937123101133 ], [ 131.892351819347653, 43.113228840789581 ] ] } },
{ "type": "Feature", "properties": { "fid": 134, "Layer": "6 - утвержденные границы территорий окн", "PaperSpace": null, "SubClasses": "AcDbEntity:AcDbPolyline", "Linetype": "ByLayer", "EntityHandle": "14C3", "Text": null, "ogr_style": "PEN(c:#000000)", "font": null, "angle": null, "size": null, "size_u": null, "anchor": null, "color": "#000000", "underline": null, "plaintext": null, "fcolor": null, "flnum": null, "bold": null, "italic": null, "dx": null, "dx_u": null, "dy": null, "dy_u": null }, "geometry": { "type": "LineString", "coordinates": [ [ 131.892423545750717, 43.113508680109859 ], [ 131.892754327687072, 43.113463499115575 ], [ 131.892832383209111, 43.113387943559403 ], [ 131.893020816197065, 43.113359040347206 ], [ 131.89297107239247, 43.113230697321889 ], [ 131.892698843788139, 43.113267385644498 ], [ 131.892536852454128, 43.113230988147983 ], [ 131.892527383212155, 43.113202665871242 ], [ 131.892335159526255, 43.113231833350042 ], [ 131.892423545750717, 43.113508680109859 ] ] } },
{ "type": "Feature", "properties": { "fid": 135, "Layer": "6 - утвержденные границы территорий окн", "PaperSpace": null, "SubClasses": "AcDbEntity:AcDbPolyline", "Linetype": "ByLayer", "EntityHandle": "14C5", "Text": null, "ogr_style": "PEN(c:#000000)", "font": null, "angle": null, "size": null, "size_u": null, "anchor": null, "color": "#000000", "underline": null, "plaintext": null, "fcolor": null, "flnum": null, "bold": null, "italic": null, "dx": null, "dx_u": null, "dy": null, "dy_u": null }, "geometry": { "type": "LineString", "coordinates": [ [ 131.89254275066844, 43.113883893073506 ], [ 131.893186470481851, 43.113787478806813 ], [ 131.893020145272146, 43.113359022111126 ], [ 131.892832383209111, 43.113387943559403 ], [ 131.892754327687072, 43.113463499115575 ], [ 131.892422558830418, 43.113509215808577 ], [ 131.892543084264673, 43.113884886568172 ], [ 131.89254275066844, 43.113883893073506 ] ] } },
{ "type": "Feature", "properties": { "fid": 136, "Layer": "6 - утвержденные границы территорий окн", "PaperSpace": null, "SubClasses": "AcDbEntity:AcDbPolyline", "Linetype": "ByLayer", "EntityHandle": "14C7", "Text": null, "ogr_style": "PEN(c:#000000)", "font": null, "angle": null, "size": null, "size_u": null, "anchor": null, "color": "#000000", "underline": null, "plaintext": null, "fcolor": null, "flnum": null, "bold": null, "italic": null, "dx": null, "dx_u": null, "dy": null, "dy_u": null }, "geometry": { "type": "LineString", "coordinates": [ [ 131.892562925564363, 43.11406454006886 ], [ 131.893247148679905, 43.113967945334501 ], [ 131.893173127838907, 43.113778960449096 ], [ 131.892505546895308, 43.113878354155148 ], [ 131.892562925564363, 43.11406454006886 ] ] } },
{ "type": "Feature", "properties": { "fid": 137, "Layer": "6 - утвержденные границы территорий окн", "PaperSpace": null, "SubClasses": "AcDbEntity:AcDbPolyline", "Linetype": "ByLayer", "EntityHandle": "14C9", "Text": null, "ogr_style": "PEN(c:#000000)", "font": null, "angle": null, "size": null, "size_u": null, "anchor": null, "color": "#000000", "underline": null, "plaintext": null, "fcolor": null, "flnum": null, "bold": null, "italic": null, "dx": null, "dx_u": null, "dy": null, "dy_u": null }, "geometry": { "type": "LineString", "coordinates": [ [ 131.879737721214838, 43.117547389883505 ], [ 131.879999637997059, 43.117499631566965 ], [ 131.880293443586766, 43.11744236716217 ], [ 131.880231121826881, 43.117239933189381 ], [ 131.879667228350428, 43.117348099064536 ], [ 131.879737721214838, 43.117547389883505 ] ] } },
{ "type": "Feature", "properties": { "fid": 138, "Layer": "6 - утвержденные границы территорий окн", "PaperSpace": null, "SubClasses": "AcDbEntity:AcDbPolyline", "Linetype": "ByLayer", "EntityHandle": "14CB", "Text": null, "ogr_style": "PEN(c:#000000)", "font": null, "angle": null, "size": null, "size_u": null, "anchor": null, "color": "#000000", "underline": null, "plaintext": null, "fcolor": null, "flnum": null, "bold": null, "italic": null, "dx": null, "dx_u": null, "dy": null, "dy_u": null }, "geometry": { "type": "LineString", "coordinates": [ [ 131.880732102869587, 43.120396887185166 ], [ 131.880825816502067, 43.120371797921138 ], [ 131.88088409123722, 43.12035619640433 ], [ 131.88103157182573, 43.120316712214681 ], [ 131.881016388882102, 43.120286280232371 ], [ 131.881069679056338, 43.12027159724952 ], [ 131.881063561718491, 43.120257908835171 ], [ 131.881052989491451, 43.120260328182653 ], [ 131.881002666726317, 43.12016756190603 ], [ 131.880863645432356, 43.119849183696068 ], [ 131.880905002142327, 43.119839451111723 ], [ 131.880875672478965, 43.119756698162668 ], [ 131.880764235121887, 43.119780870040529 ], [ 131.880565316763096, 43.119820240452832 ], [ 131.880519333738135, 43.119829341470123 ], [ 131.880732102869587, 43.120396887185166 ] ] } },
{ "type": "Feature", "properties": { "fid": 139, "Layer": "6 - утвержденные границы территорий окн", "PaperSpace": null, "SubClasses": "AcDbEntity:AcDbPolyline", "Linetype": "ByLayer", "EntityHandle": "14CD", "Text": null, "ogr_style": "PEN(c:#000000)", "font": null, "angle": null, "size": null, "size_u": null, "anchor": null, "color": "#000000", "underline": null, "plaintext": null, "fcolor": null, "flnum": null, "bold": null, "italic": null, "dx": null, "dx_u": null, "dy": null, "dy_u": null }, "geometry": { "type": "LineString", "coordinates": [ [ 131.881255180041904, 43.119141375297055 ], [ 131.881013826289745, 43.119191717650125 ], [ 131.881028611037948, 43.11922622193029 ], [ 131.881046236734733, 43.119274469172851 ], [ 131.881067155558071, 43.11933438449401 ], [ 131.881080933680693, 43.11937411971747 ], [ 131.881093235900892, 43.119413779943933 ], [ 131.881128519983719, 43.119524946061176 ], [ 131.881145717582484, 43.119576528093646 ], [ 131.881162742871282, 43.119625501522187 ], [ 131.881185158340486, 43.119686571747444 ], [ 131.88119073278196, 43.119701907111612 ], [ 131.881206280487788, 43.119744234664338 ], [ 131.881479007661369, 43.119676470260487 ], [ 131.881452836374308, 43.119611747819533 ], [ 131.88139358512268, 43.119454919506047 ], [ 131.88135820911603, 43.119462030459296 ], [ 131.881334771498331, 43.119398900387289 ], [ 131.881352637789149, 43.119395028058399 ], [ 131.881255180041904, 43.119141375297055 ] ] } },
{ "type": "Feature", "properties": { "fid": 140, "Layer": "6 - утвержденные границы территорий окн", "PaperSpace": null, "SubClasses": "AcDbEntity:AcDbPolyline", "Linetype": "ByLayer", "EntityHandle": "14CF", "Text": null, "ogr_style": "PEN(c:#000000)", "font": null, "angle": null, "size": null, "size_u": null, "anchor": null, "color": "#000000", "underline": null, "plaintext": null, "fcolor": null, "flnum": null, "bold": null, "italic": null, "dx": null, "dx_u": null, "dy": null, "dy_u": null }, "geometry": { "type": "LineString", "coordinates": [ [ 131.880017228692509, 43.122378474704625 ], [ 131.880284527216588, 43.12232183984279 ], [ 131.880211632648212, 43.122132385277951 ], [ 131.879981663086511, 43.122174598616773 ], [ 131.879953118868002, 43.122205132865695 ], [ 131.880017228692509, 43.122378474704625 ] ] } },
{ "type": "Feature", "properties": { "fid": 141, "Layer": "6 - утвержденные границы территорий окн", "PaperSpace": null, "SubClasses": "AcDbEntity:AcDbPolyline", "Linetype": "ByLayer", "EntityHandle": "14D1", "Text": null, "ogr_style": "PEN(c:#000000)", "font": null, "angle": null, "size": null, "size_u": null, "anchor": null, "color": "#000000", "underline": null, "plaintext": null, "fcolor": null, "flnum": null, "bold": null, "italic": null, "dx": null, "dx_u": null, "dy": null, "dy_u": null }, "geometry": { "type": "LineString", "coordinates": [ [ 131.880162764226014, 43.12243271268845 ], [ 131.880188213629651, 43.122498252842753 ], [ 131.880237822710257, 43.122619624931794 ], [ 131.880260017163891, 43.122630110713779 ], [ 131.880309832921455, 43.122755891263097 ], [ 131.880367300022897, 43.122902836855722 ], [ 131.880372891624546, 43.122919072198357 ], [ 131.880778631175247, 43.122814492037698 ], [ 131.880774626374034, 43.12280418137572 ], [ 131.880752930172804, 43.122748684541861 ], [ 131.880680665033196, 43.122547162258726 ], [ 131.88086716784818, 43.122506649885025 ], [ 131.880814177414919, 43.122356058508984 ], [ 131.880813522182052, 43.12235390488263 ], [ 131.880798055956575, 43.122309416174836 ], [ 131.880162764226014, 43.12243271268845 ] ] } },
{ "type": "Feature", "properties": { "fid": 142, "Layer": "6 - утвержденные границы территорий окн", "PaperSpace": null, "SubClasses": "AcDbEntity:AcDbPolyline", "Linetype": "ByLayer", "EntityHandle": "14D3", "Text": null, "ogr_style": "PEN(c:#000000)", "font": null, "angle": null, "size": null, "size_u": null, "anchor": null, "color": "#000000", "underline": null, "plaintext": null, "fcolor": null, "flnum": null, "bold": null, "italic": null, "dx": null, "dx_u": null, "dy": null, "dy_u": null }, "geometry": { "type": "LineString", "coordinates": [ [ 131.880680665033196, 43.122547162258726 ], [ 131.880752930172804, 43.122748684541861 ], [ 131.880774626374034, 43.12280418137572 ], [ 131.880778631175247, 43.122814492037698 ], [ 131.880779018516478, 43.122815478231381 ], [ 131.880892872078903, 43.122786506262791 ], [ 131.880880158027168, 43.122751080799141 ], [ 131.88085091797646, 43.122673607746137 ], [ 131.880892783458989, 43.12266517076128 ], [ 131.880888341826562, 43.122651264061197 ], [ 131.88091210455022, 43.122647241803342 ], [ 131.88086716784818, 43.122506649885025 ], [ 131.880680665033196, 43.122547162258726 ] ] } },
{ "type": "Feature", "properties": { "fid": 143, "Layer": "6 - утвержденные границы территорий окн", "PaperSpace": null, "SubClasses": "AcDbEntity:AcDbPolyline", "Linetype": "ByLayer", "EntityHandle": "14D5", "Text": null, "ogr_style": "PEN(c:#000000)", "font": null, "angle": null, "size": null, "size_u": null, "anchor": null, "color": "#000000", "underline": null, "plaintext": null, "fcolor": null, "flnum": null, "bold": null, "italic": null, "dx": null, "dx_u": null, "dy": null, "dy_u": null }, "geometry": { "type": "LineString", "coordinates": [ [ 131.882867753816981, 43.121242760874217 ], [ 131.882879396967581, 43.121273516403761 ], [ 131.882973042571678, 43.121520005552085 ], [ 131.88299630303672, 43.121515447907306 ], [ 131.883017188670948, 43.121573472927786 ], [ 131.882993557909884, 43.121577944338611 ], [ 131.882995774649089, 43.121584672659964 ], [ 131.883022481104177, 43.121658030437658 ], [ 131.883041423126173, 43.121710764542748 ], [ 131.883050773003418, 43.121737222840729 ], [ 131.883404026601568, 43.121664762571932 ], [ 131.883343796918126, 43.121495613638707 ], [ 131.883230937465896, 43.12117569068846 ], [ 131.883197388130412, 43.121181973479473 ], [ 131.883093202937232, 43.121202208028869 ], [ 131.883091370373364, 43.121202766780414 ], [ 131.883096825999075, 43.121218283282197 ], [ 131.883068543994824, 43.121223702238183 ], [ 131.883062842666419, 43.121208188239308 ], [ 131.883039701758435, 43.121212564654741 ], [ 131.883015095137068, 43.121217406065739 ], [ 131.88298963023783, 43.121222346229871 ], [ 131.882988335029637, 43.121218848954811 ], [ 131.882956256482601, 43.121224936661015 ], [ 131.882882567971109, 43.121239909543824 ], [ 131.882867753816981, 43.121242760874217 ] ] } },
{ "type": "Feature", "properties": { "fid": 144, "Layer": "6 - утвержденные границы территорий окн", "PaperSpace": null, "SubClasses": "AcDbEntity:AcDbPolyline", "Linetype": "ByLayer", "EntityHandle": "14D7", "Text": null, "ogr_style": "PEN(c:#000000)", "font": null, "angle": null, "size": null, "size_u": null, "anchor": null, "color": "#000000", "underline": null, "plaintext": null, "fcolor": null, "flnum": null, "bold": null, "italic": null, "dx": null, "dx_u": null, "dy": null, "dy_u": null }, "geometry": { "type": "LineString", "coordinates": [ [ 131.882258411001857, 43.121243388015913 ], [ 131.882671700905007, 43.12116185736221 ], [ 131.882538323599476, 43.120764192196091 ], [ 131.882110182912953, 43.120852984571613 ], [ 131.882258411001857, 43.121243388015913 ] ] } },
{ "type": "Feature", "properties": { "fid": 145, "Layer": "6 - утвержденные границы территорий окн", "PaperSpace": null, "SubClasses": "AcDbEntity:AcDbPolyline", "Linetype": "ByLayer", "EntityHandle": "14D9", "Text": null, "ogr_style": "PEN(c:#000000)", "font": null, "angle": null, "size": null, "size_u": null, "anchor": null, "color": "#000000", "underline": null, "plaintext": null, "fcolor": null, "flnum": null, "bold": null, "italic": null, "dx": null, "dx_u": null, "dy": null, "dy_u": null }, "geometry": { "type": "LineString", "coordinates": [ [ 131.882867753816981, 43.121242760874217 ], [ 131.882879396967581, 43.121273516403761 ], [ 131.882973042571678, 43.121520005552085 ], [ 131.88299630303672, 43.121515447907306 ], [ 131.883017188670948, 43.121573472927786 ], [ 131.882993557909884, 43.121577944338611 ], [ 131.882995774649089, 43.121584672659964 ], [ 131.883022481104177, 43.121658030437658 ], [ 131.883041423126173, 43.121710764542748 ], [ 131.883050773003418, 43.121737222840729 ], [ 131.883404026601568, 43.121664762571932 ], [ 131.883343796918126, 43.121495613638707 ], [ 131.883230937465896, 43.12117569068846 ], [ 131.883197388130412, 43.121181973479473 ], [ 131.883093202937232, 43.121202208028869 ], [ 131.883091370373364, 43.121202766780414 ], [ 131.883096825999075, 43.121218283282197 ], [ 131.883068543994824, 43.121223702238183 ], [ 131.883062842666419, 43.121208188239308 ], [ 131.883039701758435, 43.121212564654741 ], [ 131.883015095137068, 43.121217406065739 ], [ 131.88298963023783, 43.121222346229871 ], [ 131.882988335029637, 43.121218848954811 ], [ 131.882956256482601, 43.121224936661015 ], [ 131.882882567971109, 43.121239909543824 ], [ 131.882867753816981, 43.121242760874217 ] ] } },
{ "type": "Feature", "properties": { "fid": 146, "Layer": "6 - утвержденные границы территорий окн", "PaperSpace": null, "SubClasses": "AcDbEntity:AcDbPolyline", "Linetype": "ByLayer", "EntityHandle": "14DB", "Text": null, "ogr_style": "PEN(c:#000000)", "font": null, "angle": null, "size": null, "size_u": null, "anchor": null, "color": "#000000", "underline": null, "plaintext": null, "fcolor": null, "flnum": null, "bold": null, "italic": null, "dx": null, "dx_u": null, "dy": null, "dy_u": null }, "geometry": { "type": "LineString", "coordinates": [ [ 131.88993119681453, 43.115461447849086 ], [ 131.890041890647723, 43.115686063685651 ], [ 131.890716988295821, 43.115560863736206 ], [ 131.89060360448417, 43.115266336618895 ], [ 131.889928967878888, 43.115409083565659 ], [ 131.889948066616824, 43.115456954307767 ], [ 131.88993119681453, 43.115461447849086 ] ] } },
{ "type": "Feature", "properties": { "fid": 147, "Layer": "6 - утвержденные границы территорий окн", "PaperSpace": null, "SubClasses": "AcDbEntity:AcDbPolyline", "Linetype": "ByLayer", "EntityHandle": "14DD", "Text": null, "ogr_style": "PEN(c:#000000)", "font": null, "angle": null, "size": null, "size_u": null, "anchor": null, "color": "#000000", "underline": null, "plaintext": null, "fcolor": null, "flnum": null, "bold": null, "italic": null, "dx": null, "dx_u": null, "dy": null, "dy_u": null }, "geometry": { "type": "LineString", "coordinates": [ [ 131.886350889106723, 43.122676836051198 ], [ 131.886622691599854, 43.122618507626839 ], [ 131.886548145789419, 43.122395650407988 ], [ 131.886279674071574, 43.122447501011692 ], [ 131.886350889106723, 43.122676836051198 ] ] } },
{ "type": "Feature", "properties": { "fid": 148, "Layer": "6 - утвержденные границы территорий окн", "PaperSpace": null, "SubClasses": "AcDbEntity:AcDbPolyline", "Linetype": "ByLayer", "EntityHandle": "14DF", "Text": null, "ogr_style": "PEN(c:#000000)", "font": null, "angle": null, "size": null, "size_u": null, "anchor": null, "color": "#000000", "underline": null, "plaintext": null, "fcolor": null, "flnum": null, "bold": null, "italic": null, "dx": null, "dx_u": null, "dy": null, "dy_u": null }, "geometry": { "type": "LineString", "coordinates": [ [ 131.885532071956419, 43.122833541309802 ], [ 131.885790355759497, 43.12277682154793 ], [ 131.885706455392466, 43.122563765886753 ], [ 131.885442275048064, 43.122619939463974 ], [ 131.885532071956419, 43.122833541309802 ] ] } },
{ "type": "Feature", "properties": { "fid": 149, "Layer": "6 - утвержденные границы территорий окн", "PaperSpace": null, "SubClasses": "AcDbEntity:AcDbPolyline", "Linetype": "ByLayer", "EntityHandle": "14E1", "Text": null, "ogr_style": "PEN(c:#000000)", "font": null, "angle": null, "size": null, "size_u": null, "anchor": null, "color": "#000000", "underline": null, "plaintext": null, "fcolor": null, "flnum": null, "bold": null, "italic": null, "dx": null, "dx_u": null, "dy": null, "dy_u": null }, "geometry": { "type": "LineString", "coordinates": [ [ 131.885787786963959, 43.122770518040831 ], [ 131.885913917119154, 43.122742650007297 ], [ 131.885932877818419, 43.12278893583921 ], [ 131.886086220631597, 43.122754347724829 ], [ 131.885985384175683, 43.122505986190596 ], [ 131.885706455392466, 43.122563765886753 ], [ 131.885787786963959, 43.122770518040831 ] ] } },
{ "type": "Feature", "properties": { "fid": 150, "Layer": "6 - утвержденные границы территорий окн", "PaperSpace": null, "SubClasses": "AcDbEntity:AcDbPolyline", "Linetype": "ByLayer", "EntityHandle": "14E3", "Text": null, "ogr_style": "PEN(c:#000000)", "font": null, "angle": null, "size": null, "size_u": null, "anchor": null, "color": "#000000", "underline": null, "plaintext": null, "fcolor": null, "flnum": null, "bold": null, "italic": null, "dx": null, "dx_u": null, "dy": null, "dy_u": null }, "geometry": { "type": "LineString", "coordinates": [ [ 131.887004108182964, 43.122824926490445 ], [ 131.887291632291294, 43.122770662643468 ], [ 131.887109911048213, 43.122291431779963 ], [ 131.886824710315011, 43.1223529885647 ], [ 131.887004108182964, 43.122824926490445 ] ] } },
{ "type": "Feature", "properties": { "fid": 151, "Layer": "6 - утвержденные границы территорий окн", "PaperSpace": null, "SubClasses": "AcDbEntity:AcDbPolyline", "Linetype": "ByLayer", "EntityHandle": "14E5", "Text": null, "ogr_style": "PEN(c:#000000)", "font": null, "angle": null, "size": null, "size_u": null, "anchor": null, "color": "#000000", "underline": null, "plaintext": null, "fcolor": null, "flnum": null, "bold": null, "italic": null, "dx": null, "dx_u": null, "dy": null, "dy_u": null }, "geometry": { "type": "LineString", "coordinates": [ [ 131.887203951011855, 43.12253933162701 ], [ 131.88747169002167, 43.122484777731067 ], [ 131.887440257279479, 43.122404184750216 ], [ 131.887453286445236, 43.122402217303112 ], [ 131.887390193780703, 43.122231039607129 ], [ 131.887109911048213, 43.122291431779963 ], [ 131.887203951011855, 43.12253933162701 ] ] } },
{ "type": "Feature", "properties": { "fid": 152, "Layer": "6 - утвержденные границы территорий окн", "PaperSpace": null, "SubClasses": "AcDbEntity:AcDbPolyline", "Linetype": "ByLayer", "EntityHandle": "14E7", "Text": null, "ogr_style": "PEN(c:#000000)", "font": null, "angle": null, "size": null, "size_u": null, "anchor": null, "color": "#000000", "underline": null, "plaintext": null, "fcolor": null, "flnum": null, "bold": null, "italic": null, "dx": null, "dx_u": null, "dy": null, "dy_u": null }, "geometry": { "type": "LineString", "coordinates": [ [ 131.888323741054876, 43.122192467321526 ], [ 131.888458738212222, 43.122164171471859 ], [ 131.888401482818267, 43.122016417678026 ], [ 131.888364159392466, 43.122024540869326 ], [ 131.888127496518706, 43.122076290383539 ], [ 131.888120154332313, 43.122077895748518 ], [ 131.888127005646027, 43.122095648023247 ], [ 131.888133133006676, 43.122094775190803 ], [ 131.888135469749528, 43.122101322158322 ], [ 131.888160016739391, 43.122170650278996 ], [ 131.888178068990186, 43.122221592387397 ], [ 131.888323741054876, 43.122192467321526 ] ] } },
{ "type": "Feature", "properties": { "fid": 153, "Layer": "6 - утвержденные границы территорий окн", "PaperSpace": null, "SubClasses": "AcDbEntity:AcDbPolyline", "Linetype": "ByLayer", "EntityHandle": "14E9", "Text": null, "ogr_style": "PEN(c:#000000)", "font": null, "angle": null, "size": null, "size_u": null, "anchor": null, "color": "#000000", "underline": null, "plaintext": null, "fcolor": null, "flnum": null, "bold": null, "italic": null, "dx": null, "dx_u": null, "dy": null, "dy_u": null }, "geometry": { "type": "LineString", "coordinates": [ [ 131.88870961565209, 43.12195583455658 ], [ 131.888580508487166, 43.121977229460988 ], [ 131.888401482818267, 43.122016417678026 ], [ 131.888458738212222, 43.122164171471859 ], [ 131.888462759709597, 43.122175291801902 ], [ 131.888639767662596, 43.1221398146523 ], [ 131.888634490091391, 43.122127266997303 ], [ 131.888764181805925, 43.122097854962774 ], [ 131.88870961565209, 43.12195583455658 ] ] } },
{ "type": "Feature", "properties": { "fid": 154, "Layer": "6 - утвержденные границы территорий окн", "PaperSpace": null, "SubClasses": "AcDbEntity:AcDbPolyline", "Linetype": "ByLayer", "EntityHandle": "14EB", "Text": null, "ogr_style": "PEN(c:#000000)", "font": null, "angle": null, "size": null, "size_u": null, "anchor": null, "color": "#000000", "underline": null, "plaintext": null, "fcolor": null, "flnum": null, "bold": null, "italic": null, "dx": null, "dx_u": null, "dy": null, "dy_u": null }, "geometry": { "type": "LineString", "coordinates": [ [ 131.895434046035547, 43.114756233729238 ], [ 131.895564683642334, 43.114738800714171 ], [ 131.895835253049711, 43.114729506559385 ], [ 131.896185182701117, 43.114727215025624 ], [ 131.896204587984045, 43.114659272469247 ], [ 131.896219515117565, 43.114623730703627 ], [ 131.896230839084552, 43.114466757418398 ], [ 131.895884785881321, 43.114502447645727 ], [ 131.895390923429119, 43.114538181463466 ], [ 131.895355159093526, 43.114544089567644 ], [ 131.895434046035547, 43.114756233729238 ] ] } },
{ "type": "Feature", "properties": { "fid": 155, "Layer": "6 - утвержденные границы территорий окн", "PaperSpace": null, "SubClasses": "AcDbEntity:AcDbPolyline", "Linetype": "ByLayer", "EntityHandle": "14ED", "Text": null, "ogr_style": "PEN(c:#000000)", "font": null, "angle": null, "size": null, "size_u": null, "anchor": null, "color": "#000000", "underline": null, "plaintext": null, "fcolor": null, "flnum": null, "bold": null, "italic": null, "dx": null, "dx_u": null, "dy": null, "dy_u": null }, "geometry": { "type": "LineString", "coordinates": [ [ 131.898842261158137, 43.115436803491505 ], [ 131.89900557026499, 43.115488853689051 ], [ 131.899150427774572, 43.115558916734017 ], [ 131.899357303323683, 43.115608265952034 ], [ 131.899383783410286, 43.115541383234245 ], [ 131.89938094416604, 43.115540692479193 ], [ 131.899452731170982, 43.115382879199494 ], [ 131.898969101464843, 43.115266630190028 ], [ 131.898906240556101, 43.115403108070488 ], [ 131.898862908088887, 43.115392394196064 ], [ 131.898842261158137, 43.115436803491505 ] ] } },
{ "type": "Feature", "properties": { "fid": 156, "Layer": "6 - утвержденные границы территорий окн", "PaperSpace": null, "SubClasses": "AcDbEntity:AcDbPolyline", "Linetype": "ByLayer", "EntityHandle": "14EF", "Text": null, "ogr_style": "PEN(c:#000000)", "font": null, "angle": null, "size": null, "size_u": null, "anchor": null, "color": "#000000", "underline": null, "plaintext": null, "fcolor": null, "flnum": null, "bold": null, "italic": null, "dx": null, "dx_u": null, "dy": null, "dy_u": null }, "geometry": { "type": "LineString", "coordinates": [ [ 131.8774208448867, 43.116649277472042 ], [ 131.877600872635327, 43.116787060370427 ], [ 131.877810624540189, 43.116963246669179 ], [ 131.877728715469686, 43.117017635002483 ], [ 131.877790439854977, 43.1170654353581 ], [ 131.878051730060406, 43.11712102193038 ], [ 131.878055747200165, 43.117106039127584 ], [ 131.878407942738278, 43.117160612296949 ], [ 131.878333762988149, 43.116987011557931 ], [ 131.878385195367571, 43.116893416789061 ], [ 131.878486408347158, 43.116618932049391 ], [ 131.878505778600982, 43.116337357048842 ], [ 131.878498210231726, 43.116210066522015 ], [ 131.878234830588156, 43.116069800613552 ], [ 131.878162301202821, 43.116139306134045 ], [ 131.878112824449943, 43.116160871148374 ], [ 131.878006875237304, 43.116243407468431 ], [ 131.877960934717379, 43.116309042545261 ], [ 131.877909382044493, 43.116415780144635 ], [ 131.877895253839853, 43.116467860583597 ], [ 131.877607868179354, 43.116422619743794 ], [ 131.8774208448867, 43.116649277472042 ] ] } },
{ "type": "Feature", "properties": { "fid": 157, "Layer": "6 - утвержденные границы территорий окн", "PaperSpace": null, "SubClasses": "AcDbEntity:AcDbPolyline", "Linetype": "ByLayer", "EntityHandle": "14F1", "Text": null, "ogr_style": "PEN(c:#000000)", "font": null, "angle": null, "size": null, "size_u": null, "anchor": null, "color": "#000000", "underline": null, "plaintext": null, "fcolor": null, "flnum": null, "bold": null, "italic": null, "dx": null, "dx_u": null, "dy": null, "dy_u": null }, "geometry": { "type": "LineString", "coordinates": [ [ 131.87459368754287, 43.113009555269919 ], [ 131.874645000172137, 43.1130072358308 ], [ 131.874635408997449, 43.11295467566552 ], [ 131.874584510731552, 43.112959421240753 ], [ 131.87459368754287, 43.113009555269919 ] ] } },
{ "type": "Feature", "properties": { "fid": 158, "Layer": "6 - утвержденные границы территорий окн", "PaperSpace": null, "SubClasses": "AcDbEntity:AcDbPolyline", "Linetype": "ByLayer", "EntityHandle": "14F3", "Text": null, "ogr_style": "PEN(c:#000000)", "font": null, "angle": null, "size": null, "size_u": null, "anchor": null, "color": "#000000", "underline": null, "plaintext": null, "fcolor": null, "flnum": null, "bold": null, "italic": null, "dx": null, "dx_u": null, "dy": null, "dy_u": null }, "geometry": { "type": "LineString", "coordinates": [ [ 131.883030005422, 43.112152944433973 ], [ 131.883709385613201, 43.11193843593793 ], [ 131.882869960269915, 43.110533825289806 ], [ 131.882196902299683, 43.110749875451454 ], [ 131.883030005422, 43.112152944433973 ] ] } },
{ "type": "Feature", "properties": { "fid": 159, "Layer": "6 - утвержденные границы территорий окн", "PaperSpace": null, "SubClasses": "AcDbEntity:AcDbPolyline", "Linetype": "ByLayer", "EntityHandle": "14F5", "Text": null, "ogr_style": "PEN(c:#000000)", "font": null, "angle": null, "size": null, "size_u": null, "anchor": null, "color": "#000000", "underline": null, "plaintext": null, "fcolor": null, "flnum": null, "bold": null, "italic": null, "dx": null, "dx_u": null, "dy": null, "dy_u": null }, "geometry": { "type": "LineString", "coordinates": [ [ 131.909635534098243, 43.115921707613282 ], [ 131.909810690409898, 43.115876119367648 ], [ 131.909835666674297, 43.115936628185096 ], [ 131.909992133898442, 43.115899756198509 ], [ 131.909994486943248, 43.11588715616476 ], [ 131.910104259383502, 43.115853127604723 ], [ 131.910128236868275, 43.115840904660509 ], [ 131.910144229162796, 43.115827775286974 ], [ 131.910150762236242, 43.115813468285218 ], [ 131.910153745839665, 43.115789797083629 ], [ 131.910240278073104, 43.115767811895743 ], [ 131.91024848760776, 43.115783300678594 ], [ 131.910285116204619, 43.115774058099603 ], [ 131.910262701341594, 43.115726153284143 ], [ 131.910178013136374, 43.11574750984726 ], [ 131.910173359826587, 43.115736794576009 ], [ 131.910149466277488, 43.115691859018874 ], [ 131.91003688218197, 43.115716343974725 ], [ 131.910040065932293, 43.11572372759273 ], [ 131.909898351427131, 43.115755210488601 ], [ 131.909871408078175, 43.115695510250468 ], [ 131.90967019624739, 43.115746388759035 ], [ 131.909687203880793, 43.115794649463808 ], [ 131.909577686757274, 43.115822106840582 ], [ 131.909635534098243, 43.115921707613282 ] ] } },
{ "type": "Feature", "properties": { "fid": 160, "Layer": "6 - утвержденные границы территорий окн", "PaperSpace": null, "SubClasses": "AcDbEntity:AcDbPolyline", "Linetype": "ByLayer", "EntityHandle": "14F7", "Text": null, "ogr_style": "PEN(c:#000000)", "font": null, "angle": null, "size": null, "size_u": null, "anchor": null, "color": "#000000", "underline": null, "plaintext": null, "fcolor": null, "flnum": null, "bold": null, "italic": null, "dx": null, "dx_u": null, "dy": null, "dy_u": null }, "geometry": { "type": "LineString", "coordinates": [ [ 131.90967019624739, 43.115746388759035 ], [ 131.909871408078175, 43.115695510250468 ], [ 131.909787019245584, 43.11552025666181 ], [ 131.909587360148066, 43.115570854665727 ], [ 131.90967019624739, 43.115746388759035 ] ] } },
{ "type": "Feature", "properties": { "fid": 161, "Layer": "6 - утвержденные границы территорий окн", "PaperSpace": null, "SubClasses": "AcDbEntity:AcDbPolyline", "Linetype": "ByLayer", "EntityHandle": "14F9", "Text": null, "ogr_style": "PEN(c:#000000)", "font": null, "angle": null, "size": null, "size_u": null, "anchor": null, "color": "#000000", "underline": null, "plaintext": null, "fcolor": null, "flnum": null, "bold": null, "italic": null, "dx": null, "dx_u": null, "dy": null, "dy_u": null }, "geometry": { "type": "LineString", "coordinates": [ [ 131.909898351427131, 43.115755210488601 ], [ 131.910040065932293, 43.11572372759273 ], [ 131.91003688218197, 43.115716343974725 ], [ 131.910149466277488, 43.115691859018874 ], [ 131.910173359826587, 43.115736794576009 ], [ 131.910237288542277, 43.115720609201219 ], [ 131.91005062188097, 43.115453419407523 ], [ 131.909787019245584, 43.11552025666181 ], [ 131.909834644847535, 43.115619043590328 ], [ 131.909871408078175, 43.115695510250468 ], [ 131.909898351427131, 43.115755210488601 ] ] } },
{ "type": "Feature", "properties": { "fid": 162, "Layer": "6 - утвержденные границы территорий окн", "PaperSpace": null, "SubClasses": "AcDbEntity:AcDbPolyline", "Linetype": "ByLayer", "EntityHandle": "14FB", "Text": null, "ogr_style": "PEN(c:#000000)", "font": null, "angle": null, "size": null, "size_u": null, "anchor": null, "color": "#000000", "underline": null, "plaintext": null, "fcolor": null, "flnum": null, "bold": null, "italic": null, "dx": null, "dx_u": null, "dy": null, "dy_u": null }, "geometry": { "type": "LineString", "coordinates": [ [ 131.917500435647611, 43.113977960222279 ], [ 131.917404501423533, 43.113928830026175 ], [ 131.91726959412216, 43.113878398395464 ], [ 131.917175305766904, 43.113856884491398 ], [ 131.917165741955301, 43.113857884940742 ], [ 131.917162325343497, 43.113859090940615 ], [ 131.917158431449224, 43.113861022044681 ], [ 131.91715529393278, 43.113863935349137 ], [ 131.917108382044489, 43.113946788634465 ], [ 131.917121917923964, 43.114004434492706 ], [ 131.917152502561351, 43.11411086815415 ], [ 131.917171368380309, 43.114177189277399 ], [ 131.917407606925792, 43.114131684986553 ], [ 131.91747384249112, 43.114006593113771 ], [ 131.917481632355731, 43.114009121729659 ], [ 131.91749853356643, 43.113981220621113 ], [ 131.917500435647611, 43.113977960222279 ] ] } },
{ "type": "Feature", "properties": { "fid": 163, "Layer": "6 - утвержденные границы территорий окн", "PaperSpace": null, "SubClasses": "AcDbEntity:AcDbPolyline", "Linetype": "ByLayer", "EntityHandle": "14FD", "Text": null, "ogr_style": "PEN(c:#000000)", "font": null, "angle": null, "size": null, "size_u": null, "anchor": null, "color": "#000000", "underline": null, "plaintext": null, "fcolor": null, "flnum": null, "bold": null, "italic": null, "dx": null, "dx_u": null, "dy": null, "dy_u": null }, "geometry": { "type": "LineString", "coordinates": [ [ 131.881855785901536, 43.118454679291396 ], [ 131.881906830018352, 43.118593408488074 ], [ 131.881928367862656, 43.118588778587245 ], [ 131.881953365335534, 43.118656393274108 ], [ 131.881946025093754, 43.118658088235776 ], [ 131.881998415920549, 43.118803014517091 ], [ 131.882007089153745, 43.118826239364658 ], [ 131.882306036568934, 43.118767747279378 ], [ 131.882299004689827, 43.118746846054272 ], [ 131.8822903057372, 43.118722271307206 ], [ 131.8822630212901, 43.118644238570276 ], [ 131.882257948330107, 43.118629438221646 ], [ 131.882202053954046, 43.118474736405091 ], [ 131.882173848307502, 43.118393472584977 ], [ 131.882047489835514, 43.118416992420855 ], [ 131.881855785901536, 43.118454679291396 ] ] } },
{ "type": "Feature", "properties": { "fid": 164, "Layer": "6 - утвержденные границы территорий окн", "PaperSpace": null, "SubClasses": "AcDbEntity:AcDbPolyline", "Linetype": "ByLayer", "EntityHandle": "14FF", "Text": null, "ogr_style": "PEN(c:#000000)", "font": null, "angle": null, "size": null, "size_u": null, "anchor": null, "color": "#000000", "underline": null, "plaintext": null, "fcolor": null, "flnum": null, "bold": null, "italic": null, "dx": null, "dx_u": null, "dy": null, "dy_u": null }, "geometry": { "type": "LineString", "coordinates": [ [ 131.879667228350428, 43.117348099064536 ], [ 131.879870088894194, 43.117309222312414 ], [ 131.880231121826881, 43.117239933189381 ], [ 131.880136064648639, 43.116969872733286 ], [ 131.879863807137525, 43.117022957179266 ], [ 131.87986212150355, 43.117018293675606 ], [ 131.879569941778726, 43.117076980648577 ], [ 131.879667228350428, 43.117348099064536 ] ] } },
{ "type": "Feature", "properties": { "fid": 165, "Layer": "6 - утвержденные границы территорий окн", "PaperSpace": null, "SubClasses": "AcDbEntity:AcDbPolyline", "Linetype": "ByLayer", "EntityHandle": "1501", "Text": null, "ogr_style": "PEN(c:#000000)", "font": null, "angle": null, "size": null, "size_u": null, "anchor": null, "color": "#000000", "underline": null, "plaintext": null, "fcolor": null, "flnum": null, "bold": null, "italic": null, "dx": null, "dx_u": null, "dy": null, "dy_u": null }, "geometry": { "type": "LineString", "coordinates": [ [ 131.878269960831858, 43.116933290552218 ], [ 131.878335337926757, 43.117109230995688 ], [ 131.878335989608473, 43.117111204650236 ], [ 131.878343489202621, 43.117130931219918 ], [ 131.87873126431063, 43.117059305088226 ], [ 131.878726171904844, 43.117043424627866 ], [ 131.878724489761652, 43.117038941095785 ], [ 131.878658018449158, 43.116850680304616 ], [ 131.878445618873798, 43.116898382936498 ], [ 131.878269960831858, 43.116933290552218 ] ] } },
{ "type": "Feature", "properties": { "fid": 166, "Layer": "6 - утвержденные границы территорий окн", "PaperSpace": null, "SubClasses": "AcDbEntity:AcDbPolyline", "Linetype": "ByLayer", "EntityHandle": "1503", "Text": null, "ogr_style": "PEN(c:#000000)", "font": null, "angle": null, "size": null, "size_u": null, "anchor": null, "color": "#000000", "underline": null, "plaintext": null, "fcolor": null, "flnum": null, "bold": null, "italic": null, "dx": null, "dx_u": null, "dy": null, "dy_u": null }, "geometry": { "type": "LineString", "coordinates": [ [ 131.878658018449158, 43.116850680304616 ], [ 131.878724489761652, 43.117038941095785 ], [ 131.878726171904844, 43.117043424627866 ], [ 131.87873126431063, 43.117059305088226 ], [ 131.878941003935836, 43.117020360131384 ], [ 131.878934510779487, 43.117001883550998 ], [ 131.878889023034446, 43.116870657580414 ], [ 131.878886551014688, 43.116863391692149 ], [ 131.878868102110829, 43.116810471816237 ], [ 131.878768927130011, 43.116828941318744 ], [ 131.878658018449158, 43.116850680304616 ] ] } },
{ "type": "Feature", "properties": { "fid": 167, "Layer": "6 - утвержденные границы территорий окн", "PaperSpace": null, "SubClasses": "AcDbEntity:AcDbPolyline", "Linetype": "ByLayer", "EntityHandle": "1505", "Text": null, "ogr_style": "PEN(c:#000000)", "font": null, "angle": null, "size": null, "size_u": null, "anchor": null, "color": "#000000", "underline": null, "plaintext": null, "fcolor": null, "flnum": null, "bold": null, "italic": null, "dx": null, "dx_u": null, "dy": null, "dy_u": null }, "geometry": { "type": "LineString", "coordinates": [ [ 131.878588315583329, 43.116673433774608 ], [ 131.878633848245528, 43.116813570628175 ], [ 131.878644025742517, 43.116812477156564 ], [ 131.878658018449158, 43.116850680304616 ], [ 131.878768927130011, 43.116828941318744 ], [ 131.878868102110829, 43.116810471816237 ], [ 131.878856543831176, 43.116777554694849 ], [ 131.878811569948823, 43.11664749362911 ], [ 131.878588315583329, 43.116673433774608 ] ] } },
{ "type": "Feature", "properties": { "fid": 168, "Layer": "6 - утвержденные границы территорий окн", "PaperSpace": null, "SubClasses": "AcDbEntity:AcDbPolyline", "Linetype": "ByLayer", "EntityHandle": "1507", "Text": null, "ogr_style": "PEN(c:#000000)", "font": null, "angle": null, "size": null, "size_u": null, "anchor": null, "color": "#000000", "underline": null, "plaintext": null, "fcolor": null, "flnum": null, "bold": null, "italic": null, "dx": null, "dx_u": null, "dy": null, "dy_u": null }, "geometry": { "type": "LineString", "coordinates": [ [ 131.878886551014688, 43.116863391692149 ], [ 131.878889023034446, 43.116870657580414 ], [ 131.878934510779487, 43.117001883550998 ], [ 131.878941003935836, 43.117020360131384 ], [ 131.879286658161249, 43.116956540898485 ], [ 131.879211353028694, 43.116743076726387 ], [ 131.878985214475534, 43.116785429176971 ], [ 131.878993290776407, 43.116809650460795 ], [ 131.878989096758261, 43.116815273817679 ], [ 131.878953109443813, 43.116822480250285 ], [ 131.878962216193315, 43.11684921141395 ], [ 131.878886551014688, 43.116863391692149 ] ] } },
{ "type": "Feature", "properties": { "fid": 169, "Layer": "6 - утвержденные границы территорий окн", "PaperSpace": null, "SubClasses": "AcDbEntity:AcDbPolyline", "Linetype": "ByLayer", "EntityHandle": "1509", "Text": null, "ogr_style": "PEN(c:#000000)", "font": null, "angle": null, "size": null, "size_u": null, "anchor": null, "color": "#000000", "underline": null, "plaintext": null, "fcolor": null, "flnum": null, "bold": null, "italic": null, "dx": null, "dx_u": null, "dy": null, "dy_u": null }, "geometry": { "type": "LineString", "coordinates": [ [ 131.880853844177665, 43.117324962472757 ], [ 131.88141985474914, 43.117211907328695 ], [ 131.881270072361303, 43.116758149698818 ], [ 131.881173041205784, 43.116772998978988 ], [ 131.881024081992081, 43.116796747659315 ], [ 131.880936514955835, 43.116818251366126 ], [ 131.880689572012784, 43.116864959401589 ], [ 131.880853844177665, 43.117324962472757 ] ] } },
{ "type": "Feature", "properties": { "fid": 170, "Layer": "6 - утвержденные границы территорий окн", "PaperSpace": null, "SubClasses": "AcDbEntity:AcDbPolyline", "Linetype": "ByLayer", "EntityHandle": "150B", "Text": null, "ogr_style": "PEN(c:#000000)", "font": null, "angle": null, "size": null, "size_u": null, "anchor": null, "color": "#000000", "underline": null, "plaintext": null, "fcolor": null, "flnum": null, "bold": null, "italic": null, "dx": null, "dx_u": null, "dy": null, "dy_u": null }, "geometry": { "type": "LineString", "coordinates": [ [ 131.880544842414338, 43.117390754003196 ], [ 131.880857087649019, 43.117334020714843 ], [ 131.880741254855025, 43.117011694970103 ], [ 131.880681379111479, 43.117022655410743 ], [ 131.880691851598016, 43.117050092640731 ], [ 131.880611683914623, 43.117066570162947 ], [ 131.880578927978206, 43.117101648040098 ], [ 131.880469439074488, 43.117120493949443 ], [ 131.880476970048335, 43.11714184027975 ], [ 131.880515875461498, 43.117269172010232 ], [ 131.880521427045835, 43.117315741897208 ], [ 131.880544842414338, 43.117390754003196 ] ] } },
{ "type": "Feature", "properties": { "fid": 171, "Layer": "6 - утвержденные границы территорий окн", "PaperSpace": null, "SubClasses": "AcDbEntity:AcDbPolyline", "Linetype": "ByLayer", "EntityHandle": "150D", "Text": null, "ogr_style": "PEN(c:#000000)", "font": null, "angle": null, "size": null, "size_u": null, "anchor": null, "color": "#000000", "underline": null, "plaintext": null, "fcolor": null, "flnum": null, "bold": null, "italic": null, "dx": null, "dx_u": null, "dy": null, "dy_u": null }, "geometry": { "type": "LineString", "coordinates": [ [ 131.880469439074488, 43.117120493949443 ], [ 131.880578927978206, 43.117101648040098 ], [ 131.880611683914623, 43.117066570162947 ], [ 131.880691851598016, 43.117050092640731 ], [ 131.880681379111479, 43.117022655410743 ], [ 131.880741254855025, 43.117011694970103 ], [ 131.880689572012784, 43.116864959401589 ], [ 131.880395630927154, 43.116921417307225 ], [ 131.880469439074488, 43.117120493949443 ] ] } },
{ "type": "Feature", "properties": { "fid": 172, "Layer": "6 - утвержденные границы территорий окн", "PaperSpace": null, "SubClasses": "AcDbEntity:AcDbPolyline", "Linetype": "ByLayer", "EntityHandle": "150F", "Text": null, "ogr_style": "PEN(c:#000000)", "font": null, "angle": null, "size": null, "size_u": null, "anchor": null, "color": "#000000", "underline": null, "plaintext": null, "fcolor": null, "flnum": null, "bold": null, "italic": null, "dx": null, "dx_u": null, "dy": null, "dy_u": null }, "geometry": { "type": "LineString", "coordinates": [ [ 131.881377226270843, 43.117082723541159 ], [ 131.881496808657062, 43.117058373292721 ], [ 131.881468783843246, 43.116986558723227 ], [ 131.88159179033741, 43.116961363413886 ], [ 131.881497236195372, 43.116705160850842 ], [ 131.881266293109888, 43.11674675660138 ], [ 131.881377226270843, 43.117082723541159 ] ] } },
{ "type": "Feature", "properties": { "fid": 173, "Layer": "6 - утвержденные границы территорий окн", "PaperSpace": null, "SubClasses": "AcDbEntity:AcDbPolyline", "Linetype": "ByLayer", "EntityHandle": "1511", "Text": null, "ogr_style": "PEN(c:#000000)", "font": null, "angle": null, "size": null, "size_u": null, "anchor": null, "color": "#000000", "underline": null, "plaintext": null, "fcolor": null, "flnum": null, "bold": null, "italic": null, "dx": null, "dx_u": null, "dy": null, "dy_u": null }, "geometry": { "type": "LineString", "coordinates": [ [ 131.881829003588365, 43.116642694367002 ], [ 131.881889768250176, 43.116799470728203 ], [ 131.882443758610549, 43.116690406127113 ], [ 131.882382389867388, 43.116527598531398 ], [ 131.881829003588365, 43.116642694367002 ] ] } },
{ "type": "Feature", "properties": { "fid": 174, "Layer": "6 - утвержденные границы территорий окн", "PaperSpace": null, "SubClasses": "AcDbEntity:AcDbPolyline", "Linetype": "ByLayer", "EntityHandle": "1513", "Text": null, "ogr_style": "PEN(c:#000000)", "font": null, "angle": null, "size": null, "size_u": null, "anchor": null, "color": "#000000", "underline": null, "plaintext": null, "fcolor": null, "flnum": null, "bold": null, "italic": null, "dx": null, "dx_u": null, "dy": null, "dy_u": null }, "geometry": { "type": "LineString", "coordinates": [ [ 131.880144993872364, 43.116812080476855 ], [ 131.880874160412787, 43.116672526997725 ], [ 131.880816120109245, 43.11646914964124 ], [ 131.880452913571901, 43.116540172948966 ], [ 131.880448267746573, 43.116528428587181 ], [ 131.880141279467978, 43.116590057992333 ], [ 131.880134311666438, 43.116572486427174 ], [ 131.880061883717389, 43.116588884878375 ], [ 131.880144993872364, 43.116812080476855 ] ] } },
{ "type": "Feature", "properties": { "fid": 175, "Layer": "6 - утвержденные границы территорий окн", "PaperSpace": null, "SubClasses": "AcDbEntity:AcDbPolyline", "Linetype": "ByLayer", "EntityHandle": "1515", "Text": null, "ogr_style": "PEN(c:#000000)", "font": null, "angle": null, "size": null, "size_u": null, "anchor": null, "color": "#000000", "underline": null, "plaintext": null, "fcolor": null, "flnum": null, "bold": null, "italic": null, "dx": null, "dx_u": null, "dy": null, "dy_u": null }, "geometry": { "type": "LineString", "coordinates": [ [ 131.88091553022781, 43.11628163172432 ], [ 131.881032782008674, 43.116620505151445 ], [ 131.881257962995704, 43.116579598594193 ], [ 131.881252904109971, 43.11656551815004 ], [ 131.881134364784543, 43.116243040281468 ], [ 131.88095045743998, 43.116276865791598 ], [ 131.88093255790659, 43.116278938151318 ], [ 131.88091553022781, 43.11628163172432 ] ] } },
{ "type": "Feature", "properties": { "fid": 176, "Layer": "6 - утвержденные границы территорий окн", "PaperSpace": null, "SubClasses": "AcDbEntity:AcDbPolyline", "Linetype": "ByLayer", "EntityHandle": "1517", "Text": null, "ogr_style": "PEN(c:#000000)", "font": null, "angle": null, "size": null, "size_u": null, "anchor": null, "color": "#000000", "underline": null, "plaintext": null, "fcolor": null, "flnum": null, "bold": null, "italic": null, "dx": null, "dx_u": null, "dy": null, "dy_u": null }, "geometry": { "type": "LineString", "coordinates": [ [ 131.881134364784543, 43.116243040281468 ], [ 131.881252904109971, 43.11656551815004 ], [ 131.881257962995704, 43.116579598594193 ], [ 131.88146331269192, 43.116542583944501 ], [ 131.881456842727545, 43.116525367442406 ], [ 131.881392885413959, 43.116340503114152 ], [ 131.881344594804915, 43.116204265951893 ], [ 131.881134364784543, 43.116243040281468 ] ] } },
{ "type": "Feature", "properties": { "fid": 177, "Layer": "6 - утвержденные границы территорий окн", "PaperSpace": null, "SubClasses": "AcDbEntity:AcDbPolyline", "Linetype": "ByLayer", "EntityHandle": "1519", "Text": null, "ogr_style": "PEN(c:#000000)", "font": null, "angle": null, "size": null, "size_u": null, "anchor": null, "color": "#000000", "underline": null, "plaintext": null, "fcolor": null, "flnum": null, "bold": null, "italic": null, "dx": null, "dx_u": null, "dy": null, "dy_u": null }, "geometry": { "type": "LineString", "coordinates": [ [ 131.881392885413959, 43.116340503114152 ], [ 131.881456842727545, 43.116525367442406 ], [ 131.88146331269192, 43.116542583944501 ], [ 131.881702615116438, 43.116494781861789 ], [ 131.881696774680648, 43.116478369074855 ], [ 131.881630892148166, 43.116295684772574 ], [ 131.881457406282209, 43.116328324864199 ], [ 131.881392885413959, 43.116340503114152 ] ] } },
{ "type": "Feature", "properties": { "fid": 178, "Layer": "6 - утвержденные границы территорий окн", "PaperSpace": null, "SubClasses": "AcDbEntity:AcDbPolyline", "Linetype": "ByLayer", "EntityHandle": "151B", "Text": null, "ogr_style": "PEN(c:#000000)", "font": null, "angle": null, "size": null, "size_u": null, "anchor": null, "color": "#000000", "underline": null, "plaintext": null, "fcolor": null, "flnum": null, "bold": null, "italic": null, "dx": null, "dx_u": null, "dy": null, "dy_u": null }, "geometry": { "type": "LineString", "coordinates": [ [ 131.881341453691192, 43.116194126533145 ], [ 131.881344594804915, 43.116204265951893 ], [ 131.881392885413959, 43.116340503114152 ], [ 131.881457406282209, 43.116328324864199 ], [ 131.881630892148166, 43.116295684772574 ], [ 131.881579961520004, 43.116149843272034 ], [ 131.881389688975503, 43.116184904439727 ], [ 131.881341453691192, 43.116194126533145 ] ] } },
{ "type": "Feature", "properties": { "fid": 179, "Layer": "6 - утвержденные границы территорий окн", "PaperSpace": null, "SubClasses": "AcDbEntity:AcDbPolyline", "Linetype": "ByLayer", "EntityHandle": "151D", "Text": null, "ogr_style": "PEN(c:#000000)", "font": null, "angle": null, "size": null, "size_u": null, "anchor": null, "color": "#000000", "underline": null, "plaintext": null, "fcolor": null, "flnum": null, "bold": null, "italic": null, "dx": null, "dx_u": null, "dy": null, "dy_u": null }, "geometry": { "type": "LineString", "coordinates": [ [ 131.881579961520004, 43.116149843272034 ], [ 131.881630892148166, 43.116295684772574 ], [ 131.881696774680648, 43.116478369074855 ], [ 131.881702615116438, 43.116494781861789 ], [ 131.882356371489152, 43.116370208544325 ], [ 131.882232685632744, 43.116022850834661 ], [ 131.882206482330474, 43.116027618321745 ], [ 131.882202320992178, 43.116028470813703 ], [ 131.881845034066913, 43.116100428385906 ], [ 131.881746958245429, 43.116118439217395 ], [ 131.881704112868078, 43.116126796480735 ], [ 131.881579961520004, 43.116149843272034 ] ] } },
{ "type": "Feature", "properties": { "fid": 180, "Layer": "6 - утвержденные границы территорий окн", "PaperSpace": null, "SubClasses": "AcDbEntity:AcDbPolyline", "Linetype": "ByLayer", "EntityHandle": "151F", "Text": null, "ogr_style": "PEN(c:#000000)", "font": null, "angle": null, "size": null, "size_u": null, "anchor": null, "color": "#000000", "underline": null, "plaintext": null, "fcolor": null, "flnum": null, "bold": null, "italic": null, "dx": null, "dx_u": null, "dy": null, "dy_u": null }, "geometry": { "type": "LineString", "coordinates": [ [ 131.88366193912691, 43.116853321448978 ], [ 131.883901357394279, 43.11680515233558 ], [ 131.883925938091267, 43.116805532911691 ], [ 131.883733528598668, 43.11624320843174 ], [ 131.883469924352397, 43.116292252673666 ], [ 131.88366193912691, 43.116853321448978 ] ] } },
{ "type": "Feature", "properties": { "fid": 181, "Layer": "6 - утвержденные границы территорий окн", "PaperSpace": null, "SubClasses": "AcDbEntity:AcDbPolyline", "Linetype": "ByLayer", "EntityHandle": "1521", "Text": null, "ogr_style": "PEN(c:#000000)", "font": null, "angle": null, "size": null, "size_u": null, "anchor": null, "color": "#000000", "underline": null, "plaintext": null, "fcolor": null, "flnum": null, "bold": null, "italic": null, "dx": null, "dx_u": null, "dy": null, "dy_u": null }, "geometry": { "type": "LineString", "coordinates": [ [ 131.883382557536748, 43.116888849146335 ], [ 131.883587898836112, 43.116843003729485 ], [ 131.88359644633266, 43.116866626865011 ], [ 131.88366193912691, 43.116853321448978 ], [ 131.883469924352397, 43.116292252673666 ], [ 131.883179224023934, 43.116345515956901 ], [ 131.883382557536748, 43.116888849146335 ] ] } },
{ "type": "Feature", "properties": { "fid": 182, "Layer": "6 - утвержденные границы территорий окн", "PaperSpace": null, "SubClasses": "AcDbEntity:AcDbPolyline", "Linetype": "ByLayer", "EntityHandle": "1523", "Text": null, "ogr_style": "PEN(c:#000000)", "font": null, "angle": null, "size": null, "size_u": null, "anchor": null, "color": "#000000", "underline": null, "plaintext": null, "fcolor": null, "flnum": null, "bold": null, "italic": null, "dx": null, "dx_u": null, "dy": null, "dy_u": null }, "geometry": { "type": "LineString", "coordinates": [ [ 131.883925938091267, 43.116805532911691 ], [ 131.883975467203896, 43.116806197880138 ], [ 131.883980901645515, 43.11641332897041 ], [ 131.883942990729821, 43.116202906950562 ], [ 131.883733528598668, 43.11624320843174 ], [ 131.883925938091267, 43.116805532911691 ] ] } },
{ "type": "Feature", "properties": { "fid": 183, "Layer": "6 - утвержденные границы территорий окн", "PaperSpace": null, "SubClasses": "AcDbEntity:AcDbPolyline", "Linetype": "ByLayer", "EntityHandle": "1525", "Text": null, "ogr_style": "PEN(c:#000000)", "font": null, "angle": null, "size": null, "size_u": null, "anchor": null, "color": "#000000", "underline": null, "plaintext": null, "fcolor": null, "flnum": null, "bold": null, "italic": null, "dx": null, "dx_u": null, "dy": null, "dy_u": null }, "geometry": { "type": "LineString", "coordinates": [ [ 131.8877478333456, 43.11629190352776 ], [ 131.887977277678573, 43.116243570135261 ], [ 131.887943110979847, 43.116148847937964 ], [ 131.888081166470045, 43.116122181235873 ], [ 131.88806116645361, 43.116071903471706 ], [ 131.888134777528222, 43.116056347897405 ], [ 131.88816672195037, 43.116035236779652 ], [ 131.888362277412114, 43.115996347840763 ], [ 131.888139221653574, 43.115386625778591 ], [ 131.887461721977758, 43.11551801484373 ], [ 131.8877478333456, 43.11629190352776 ] ] } },
{ "type": "Feature", "properties": { "fid": 184, "Layer": "6 - утвержденные границы территорий окн", "PaperSpace": null, "SubClasses": "AcDbEntity:AcDbPolyline", "Linetype": "ByLayer", "EntityHandle": "1527", "Text": null, "ogr_style": "PEN(c:#000000)", "font": null, "angle": null, "size": null, "size_u": null, "anchor": null, "color": "#000000", "underline": null, "plaintext": null, "fcolor": null, "flnum": null, "bold": null, "italic": null, "dx": null, "dx_u": null, "dy": null, "dy_u": null }, "geometry": { "type": "LineString", "coordinates": [ [ 131.887277720385555, 43.116613235206678 ], [ 131.888252479967036, 43.116421975596978 ], [ 131.888166557548971, 43.11620745588192 ], [ 131.887795014994254, 43.116278947875252 ], [ 131.887803067229299, 43.116301728583672 ], [ 131.887750299634035, 43.116311629846308 ], [ 131.887741626329841, 43.116288495439555 ], [ 131.887555880050485, 43.116322350384735 ], [ 131.887531491663765, 43.116254730671535 ], [ 131.887235482538415, 43.116311766163918 ], [ 131.887173782546, 43.116317167901663 ], [ 131.887277720385555, 43.116613235206678 ] ] } },
{ "type": "Feature", "properties": { "fid": 185, "Layer": "6 - утвержденные границы территорий окн", "PaperSpace": null, "SubClasses": "AcDbEntity:AcDbPolyline", "Linetype": "ByLayer", "EntityHandle": "1529", "Text": null, "ogr_style": "PEN(c:#000000)", "font": null, "angle": null, "size": null, "size_u": null, "anchor": null, "color": "#000000", "underline": null, "plaintext": null, "fcolor": null, "flnum": null, "bold": null, "italic": null, "dx": null, "dx_u": null, "dy": null, "dy_u": null }, "geometry": { "type": "LineString", "coordinates": [ [ 131.888563631294801, 43.115722544992202 ], [ 131.889427709059305, 43.115552661473259 ], [ 131.889382143474279, 43.115444213574804 ], [ 131.889373210308776, 43.115446105360604 ], [ 131.889341502957109, 43.115355607898756 ], [ 131.889401116004649, 43.115343925520733 ], [ 131.889330083471634, 43.115150046892261 ], [ 131.888413867217679, 43.115330274865599 ], [ 131.888563631294801, 43.115722544992202 ] ] } },
{ "type": "Feature", "properties": { "fid": 186, "Layer": "6 - утвержденные границы территорий окн", "PaperSpace": null, "SubClasses": "AcDbEntity:AcDbPolyline", "Linetype": "ByLayer", "EntityHandle": "152B", "Text": null, "ogr_style": "PEN(c:#000000)", "font": null, "angle": null, "size": null, "size_u": null, "anchor": null, "color": "#000000", "underline": null, "plaintext": null, "fcolor": null, "flnum": null, "bold": null, "italic": null, "dx": null, "dx_u": null, "dy": null, "dy_u": null }, "geometry": { "type": "LineString", "coordinates": [ [ 131.889377009846783, 43.115445616364468 ], [ 131.88946077813884, 43.115617941520107 ], [ 131.889469216517199, 43.115615874773567 ], [ 131.889511912252573, 43.11570913997452 ], [ 131.889566049073125, 43.115835322395618 ], [ 131.889644303749321, 43.115808956859098 ], [ 131.889737035796315, 43.115775061866294 ], [ 131.889836699339781, 43.115737405237958 ], [ 131.889990500581945, 43.115697303222582 ], [ 131.890041033737333, 43.11568625367785 ], [ 131.88993119681453, 43.115461447849086 ], [ 131.889948066616824, 43.115456954307767 ], [ 131.889928967878888, 43.115409083565659 ], [ 131.889921917260665, 43.115406636687496 ], [ 131.889896898699845, 43.115338303834562 ], [ 131.889902895641711, 43.115337072195388 ], [ 131.889881229184766, 43.11527698610022 ], [ 131.889795288572827, 43.11529974008517 ], [ 131.889809224223399, 43.115334612000552 ], [ 131.88966392388258, 43.115363015059806 ], [ 131.889673005828968, 43.11538821541636 ], [ 131.889377009846783, 43.115445616364468 ] ] } },
{ "type": "Feature", "properties": { "fid": 187, "Layer": "6 - утвержденные границы территорий окн", "PaperSpace": null, "SubClasses": "AcDbEntity:AcDbPolyline", "Linetype": "ByLayer", "EntityHandle": "152D", "Text": null, "ogr_style": "PEN(c:#000000)", "font": null, "angle": null, "size": null, "size_u": null, "anchor": null, "color": "#000000", "underline": null, "plaintext": null, "fcolor": null, "flnum": null, "bold": null, "italic": null, "dx": null, "dx_u": null, "dy": null, "dy_u": null }, "geometry": { "type": "LineString", "coordinates": [ [ 131.890458177258068, 43.115163737138793 ], [ 131.890418807192617, 43.115055593119344 ], [ 131.890423601123786, 43.115054427545779 ], [ 131.890394496488909, 43.114977348033207 ], [ 131.88989129745741, 43.115076778710382 ], [ 131.889961606824727, 43.115265874888372 ], [ 131.890458177258068, 43.115163737138793 ] ] } },
{ "type": "Feature", "properties": { "fid": 188, "Layer": "6 - утвержденные границы территорий окн", "PaperSpace": null, "SubClasses": "AcDbEntity:AcDbPolyline", "Linetype": "ByLayer", "EntityHandle": "152F", "Text": null, "ogr_style": "PEN(c:#000000)", "font": null, "angle": null, "size": null, "size_u": null, "anchor": null, "color": "#000000", "underline": null, "plaintext": null, "fcolor": null, "flnum": null, "bold": null, "italic": null, "dx": null, "dx_u": null, "dy": null, "dy_u": null }, "geometry": { "type": "LineString", "coordinates": [ [ 131.891413641605169, 43.115380796450417 ], [ 131.89191856503308, 43.115429079525676 ], [ 131.892091510419334, 43.115445665829348 ], [ 131.892097743766584, 43.115411847210893 ], [ 131.892050224165956, 43.115278577066576 ], [ 131.891868515927314, 43.11479113653629 ], [ 131.891841504235373, 43.114702211762989 ], [ 131.891828659384004, 43.114666608794025 ], [ 131.891197162020489, 43.114790287687697 ], [ 131.891283621245748, 43.115032433420183 ], [ 131.891349439717715, 43.115210342168623 ], [ 131.891398755634526, 43.115341253850161 ], [ 131.891413641605169, 43.115380796450417 ] ] } },
{ "type": "Feature", "properties": { "fid": 189, "Layer": "6 - утвержденные границы территорий окн", "PaperSpace": null, "SubClasses": "AcDbEntity:AcDbPolyline", "Linetype": "ByLayer", "EntityHandle": "1531", "Text": null, "ogr_style": "PEN(c:#000000)", "font": null, "angle": null, "size": null, "size_u": null, "anchor": null, "color": "#000000", "underline": null, "plaintext": null, "fcolor": null, "flnum": null, "bold": null, "italic": null, "dx": null, "dx_u": null, "dy": null, "dy_u": null }, "geometry": { "type": "LineString", "coordinates": [ [ 131.890653819717159, 43.11518723615012 ], [ 131.8908098793855, 43.115156111091096 ], [ 131.890801276338067, 43.115130275825123 ], [ 131.890983420966052, 43.115088261454545 ], [ 131.891283375561869, 43.115032435941842 ], [ 131.891197162020489, 43.114790287687697 ], [ 131.890553355505205, 43.114912919199263 ], [ 131.890653819717159, 43.11518723615012 ] ] } },
{ "type": "Feature", "properties": { "fid": 190, "Layer": "6 - утвержденные границы территорий окн", "PaperSpace": null, "SubClasses": "AcDbEntity:AcDbPolyline", "Linetype": "ByLayer", "EntityHandle": "1533", "Text": null, "ogr_style": "PEN(c:#000000)", "font": null, "angle": null, "size": null, "size_u": null, "anchor": null, "color": "#000000", "underline": null, "plaintext": null, "fcolor": null, "flnum": null, "bold": null, "italic": null, "dx": null, "dx_u": null, "dy": null, "dy_u": null }, "geometry": { "type": "LineString", "coordinates": [ [ 131.892554717814107, 43.114929174534169 ], [ 131.892465629755122, 43.114654369376311 ], [ 131.892346930152769, 43.114590167851112 ], [ 131.891838450029326, 43.114691942468816 ], [ 131.891971136088699, 43.115052122753426 ], [ 131.892554717814107, 43.114929174534169 ] ] } },
{ "type": "Feature", "properties": { "fid": 191, "Layer": "6 - утвержденные границы территорий окн", "PaperSpace": null, "SubClasses": "AcDbEntity:AcDbPolyline", "Linetype": "ByLayer", "EntityHandle": "1535", "Text": null, "ogr_style": "PEN(c:#000000)", "font": null, "angle": null, "size": null, "size_u": null, "anchor": null, "color": "#000000", "underline": null, "plaintext": null, "fcolor": null, "flnum": null, "bold": null, "italic": null, "dx": null, "dx_u": null, "dy": null, "dy_u": null }, "geometry": { "type": "LineString", "coordinates": [ [ 131.88991927948959, 43.114901869128239 ], [ 131.890417375333556, 43.114805309089462 ], [ 131.890380003825868, 43.114701368160553 ], [ 131.890298015839988, 43.114474387945855 ], [ 131.88989970105888, 43.114552282164517 ], [ 131.889955252751832, 43.114707523885031 ], [ 131.889852044683295, 43.114726764440839 ], [ 131.88991927948959, 43.114901869128239 ] ] } },
{ "type": "Feature", "properties": { "fid": 192, "Layer": "6 - утвержденные границы территорий окн", "PaperSpace": null, "SubClasses": "AcDbEntity:AcDbPolyline", "Linetype": "ByLayer", "EntityHandle": "1537", "Text": null, "ogr_style": "PEN(c:#000000)", "font": null, "angle": null, "size": null, "size_u": null, "anchor": null, "color": "#000000", "underline": null, "plaintext": null, "fcolor": null, "flnum": null, "bold": null, "italic": null, "dx": null, "dx_u": null, "dy": null, "dy_u": null }, "geometry": { "type": "LineString", "coordinates": [ [ 131.889176846662735, 43.115045846744486 ], [ 131.889766998864104, 43.114931424026878 ], [ 131.889720232057613, 43.11479868525273 ], [ 131.889672424294446, 43.114662896708587 ], [ 131.889346760015485, 43.114729962947038 ], [ 131.889348900734376, 43.114739122262726 ], [ 131.889087723291112, 43.114785994284034 ], [ 131.889105715564455, 43.114846748263162 ], [ 131.889166078694103, 43.11501598298274 ], [ 131.889176846662735, 43.115045846744486 ] ] } },
{ "type": "Feature", "properties": { "fid": 193, "Layer": "6 - утвержденные границы территорий окн", "PaperSpace": null, "SubClasses": "AcDbEntity:AcDbPolyline", "Linetype": "ByLayer", "EntityHandle": "1539", "Text": null, "ogr_style": "PEN(c:#000000)", "font": null, "angle": null, "size": null, "size_u": null, "anchor": null, "color": "#000000", "underline": null, "plaintext": null, "fcolor": null, "flnum": null, "bold": null, "italic": null, "dx": null, "dx_u": null, "dy": null, "dy_u": null }, "geometry": { "type": "LineString", "coordinates": [ [ 131.892656719426782, 43.114371069071019 ], [ 131.893267552465943, 43.114250513357078 ], [ 131.893319496853053, 43.114169680021178 ], [ 131.89324727456264, 43.113968013407508 ], [ 131.89256283042829, 43.1140644024793 ], [ 131.892656719426782, 43.114371069071019 ] ] } },
{ "type": "Feature", "properties": { "fid": 194, "Layer": "6 - утвержденные границы территорий окн", "PaperSpace": null, "SubClasses": "AcDbEntity:AcDbPolyline", "Linetype": "ByLayer", "EntityHandle": "153B", "Text": null, "ogr_style": "PEN(c:#000000)", "font": null, "angle": null, "size": null, "size_u": null, "anchor": null, "color": "#000000", "underline": null, "plaintext": null, "fcolor": null, "flnum": null, "bold": null, "italic": null, "dx": null, "dx_u": null, "dy": null, "dy_u": null }, "geometry": { "type": "LineString", "coordinates": [ [ 131.894676608771164, 43.114161718013065 ], [ 131.894790829160087, 43.114474080285099 ], [ 131.8951644776254, 43.114395932335611 ], [ 131.895055530840693, 43.114088165970692 ], [ 131.894676608771164, 43.114161718013065 ] ] } },
{ "type": "Feature", "properties": { "fid": 195, "Layer": "6 - утвержденные границы территорий окн", "PaperSpace": null, "SubClasses": "AcDbEntity:AcDbPolyline", "Linetype": "ByLayer", "EntityHandle": "153D", "Text": null, "ogr_style": "PEN(c:#000000)", "font": null, "angle": null, "size": null, "size_u": null, "anchor": null, "color": "#000000", "underline": null, "plaintext": null, "fcolor": null, "flnum": null, "bold": null, "italic": null, "dx": null, "dx_u": null, "dy": null, "dy_u": null }, "geometry": { "type": "LineString", "coordinates": [ [ 131.90520796643878, 43.115591387230573 ], [ 131.905858227740367, 43.115509498052404 ], [ 131.906003121244368, 43.115487105223515 ], [ 131.906208552698558, 43.115447264843226 ], [ 131.907040645837668, 43.115238148399477 ], [ 131.907033910444369, 43.115223774038711 ], [ 131.906988972093757, 43.115171697146863 ], [ 131.906634459274414, 43.114972856466956 ], [ 131.906576366512468, 43.114955008003157 ], [ 131.906543385143721, 43.114971283092004 ], [ 131.90654279293588, 43.114991451988878 ], [ 131.906540787700607, 43.115066383983525 ], [ 131.906408719578707, 43.115063604137923 ], [ 131.906097614689429, 43.115092444634229 ], [ 131.906109713559346, 43.115167998783683 ], [ 131.905969293687917, 43.115184427959079 ], [ 131.905977739172442, 43.115236322323419 ], [ 131.905519861633934, 43.115303169429644 ], [ 131.905157135583522, 43.115354586092131 ], [ 131.90520796643878, 43.115591387230573 ] ] } },
{ "type": "Feature", "properties": { "fid": 196, "Layer": "6 - утвержденные границы территорий окн", "PaperSpace": null, "SubClasses": "AcDbEntity:AcDbPolyline", "Linetype": "ByLayer", "EntityHandle": "153F", "Text": null, "ogr_style": "PEN(c:#000000)", "font": null, "angle": null, "size": null, "size_u": null, "anchor": null, "color": "#000000", "underline": null, "plaintext": null, "fcolor": null, "flnum": null, "bold": null, "italic": null, "dx": null, "dx_u": null, "dy": null, "dy_u": null }, "geometry": { "type": "LineString", "coordinates": [ [ 131.910731537446821, 43.11343660802995 ], [ 131.910517565284209, 43.113534253382333 ], [ 131.910546819770929, 43.113566532625221 ], [ 131.910323376554544, 43.113682638915314 ], [ 131.910296901163917, 43.113685885464704 ], [ 131.91026349308126, 43.113705406518541 ], [ 131.910159488633724, 43.113613688602229 ], [ 131.910130112797418, 43.113587801395092 ], [ 131.909929355816246, 43.113695389199947 ], [ 131.909929423540802, 43.11370519982809 ], [ 131.909895892489885, 43.113724722056908 ], [ 131.909795672777932, 43.11373926880502 ], [ 131.909722156977665, 43.113768659133115 ], [ 131.9097088033121, 43.113783290316846 ], [ 131.909514936401905, 43.113910428231762 ], [ 131.909501475806564, 43.11390057717648 ], [ 131.909387777246991, 43.113973952039075 ], [ 131.909120239459469, 43.114135251612772 ], [ 131.909053356187059, 43.114164572399936 ], [ 131.909209846602465, 43.114371410108618 ], [ 131.909058634546511, 43.114430143506809 ], [ 131.908998919978757, 43.114354075255342 ], [ 131.908609969201393, 43.11450169651485 ], [ 131.908581063902773, 43.114512709027821 ], [ 131.908265781337548, 43.114656383155349 ], [ 131.908268559013095, 43.114686986632854 ], [ 131.908227729976744, 43.114761041759557 ], [ 131.908165402282265, 43.114797245534497 ], [ 131.908110038957147, 43.114856779948447 ], [ 131.908006097732198, 43.11488107506726 ], [ 131.908019308443471, 43.11493716362574 ], [ 131.908120291667245, 43.114956960668479 ], [ 131.908723976621673, 43.114809364286806 ], [ 131.909297920032458, 43.11466662939857 ], [ 131.909391536820209, 43.114634623358498 ], [ 131.910087242319747, 43.114258694709505 ], [ 131.910720727965327, 43.113905608646867 ], [ 131.910892540518802, 43.113828487108854 ], [ 131.910890821643477, 43.113767991247293 ], [ 131.910851514528787, 43.113686310261954 ], [ 131.910731537446821, 43.11343660802995 ] ] } },
{ "type": "Feature", "properties": { "fid": 197, "Layer": "6 - утвержденные границы территорий окн", "PaperSpace": null, "SubClasses": "AcDbEntity:AcDbPolyline", "Linetype": "ByLayer", "EntityHandle": "1541", "Text": null, "ogr_style": "PEN(c:#000000)", "font": null, "angle": null, "size": null, "size_u": null, "anchor": null, "color": "#000000", "underline": null, "plaintext": null, "fcolor": null, "flnum": null, "bold": null, "italic": null, "dx": null, "dx_u": null, "dy": null, "dy_u": null }, "geometry": { "type": "LineString", "coordinates": [ [ 131.901280902759765, 43.114655823755797 ], [ 131.901441938862007, 43.114300024176032 ], [ 131.901406846118675, 43.11429220833201 ], [ 131.901386854494774, 43.114208968813401 ], [ 131.901060864421993, 43.114155846789295 ], [ 131.9010535163263, 43.114182566464699 ], [ 131.90103171640925, 43.11417982167336 ], [ 131.90087176088187, 43.1141677951045 ], [ 131.90077832526174, 43.114145628766465 ], [ 131.900690105147817, 43.11413907052404 ], [ 131.900517662557291, 43.114110250348183 ], [ 131.90039166511778, 43.11410705306745 ], [ 131.900302347628468, 43.114126429406348 ], [ 131.90028597034015, 43.11413091938023 ], [ 131.900240257166047, 43.114143273783817 ], [ 131.90018459075543, 43.114161941949234 ], [ 131.900153367439742, 43.114173876429902 ], [ 131.900143388205151, 43.114178840291352 ], [ 131.90010609770448, 43.114201098899166 ], [ 131.90006195814189, 43.114237740267676 ], [ 131.900019277350623, 43.114317649717123 ], [ 131.900043996795063, 43.114371119484773 ], [ 131.901280902759765, 43.114655823755797 ] ] } },
{ "type": "Feature", "properties": { "fid": 198, "Layer": "6 - утвержденные границы территорий окн", "PaperSpace": null, "SubClasses": "AcDbEntity:AcDbPolyline", "Linetype": "ByLayer", "EntityHandle": "1543", "Text": null, "ogr_style": "PEN(c:#000000)", "font": null, "angle": null, "size": null, "size_u": null, "anchor": null, "color": "#000000", "underline": null, "plaintext": null, "fcolor": null, "flnum": null, "bold": null, "italic": null, "dx": null, "dx_u": null, "dy": null, "dy_u": null }, "geometry": { "type": "LineString", "coordinates": [ [ 131.909448795199921, 43.114827556667251 ], [ 131.909575332481978, 43.115087053534033 ], [ 131.910051677440606, 43.114929276375747 ], [ 131.909883816578684, 43.114611486177772 ], [ 131.909840582171881, 43.114601460514606 ], [ 131.909448795199921, 43.114827556667251 ] ] } },
{ "type": "Feature", "properties": { "fid": 199, "Layer": "6 - утвержденные границы территорий окн", "PaperSpace": null, "SubClasses": "AcDbEntity:AcDbPolyline", "Linetype": "ByLayer", "EntityHandle": "1545", "Text": null, "ogr_style": "PEN(c:#000000)", "font": null, "angle": null, "size": null, "size_u": null, "anchor": null, "color": "#000000", "underline": null, "plaintext": null, "fcolor": null, "flnum": null, "bold": null, "italic": null, "dx": null, "dx_u": null, "dy": null, "dy_u": null }, "geometry": { "type": "LineString", "coordinates": [ [ 131.926109732478466, 43.111944095864878 ], [ 131.926175694482168, 43.112236600971315 ], [ 131.926674961160785, 43.112275028592123 ], [ 131.926686438123511, 43.112123622792744 ], [ 131.926647814613005, 43.111890539443777 ], [ 131.926641303509967, 43.111858378506113 ], [ 131.926109732478466, 43.111944095864878 ] ] } },
{ "type": "Feature", "properties": { "fid": 200, "Layer": "6 - утвержденные границы территорий окн", "PaperSpace": null, "SubClasses": "AcDbEntity:AcDbPolyline", "Linetype": "ByLayer", "EntityHandle": "1547", "Text": null, "ogr_style": "PEN(c:#000000)", "font": null, "angle": null, "size": null, "size_u": null, "anchor": null, "color": "#000000", "underline": null, "plaintext": null, "fcolor": null, "flnum": null, "bold": null, "italic": null, "dx": null, "dx_u": null, "dy": null, "dy_u": null }, "geometry": { "type": "LineString", "coordinates": [ [ 131.914649206629093, 43.113093498780493 ], [ 131.914807446206851, 43.11349626716823 ], [ 131.914945668416266, 43.113471146737076 ], [ 131.914953428208179, 43.113465844776634 ], [ 131.914956223575246, 43.11345798444173 ], [ 131.915114315422016, 43.113424824688458 ], [ 131.91513280245897, 43.113421480657522 ], [ 131.915038437819163, 43.113181866138241 ], [ 131.914980816746066, 43.113194531149034 ], [ 131.914931345674205, 43.113077043109776 ], [ 131.914915569560549, 43.113036702786829 ], [ 131.914649206629093, 43.113093498780493 ] ] } },
{ "type": "Feature", "properties": { "fid": 201, "Layer": "6 - утвержденные границы территорий окн", "PaperSpace": null, "SubClasses": "AcDbEntity:AcDbPolyline", "Linetype": "ByLayer", "EntityHandle": "1549", "Text": null, "ogr_style": "PEN(c:#000000)", "font": null, "angle": null, "size": null, "size_u": null, "anchor": null, "color": "#000000", "underline": null, "plaintext": null, "fcolor": null, "flnum": null, "bold": null, "italic": null, "dx": null, "dx_u": null, "dy": null, "dy_u": null }, "geometry": { "type": "LineString", "coordinates": [ [ 131.912969404758911, 43.113477113792818 ], [ 131.91297794841222, 43.11349901871084 ], [ 131.912995430703859, 43.113545012234617 ], [ 131.91304318751483, 43.11366296908993 ], [ 131.913075417618785, 43.113738945588253 ], [ 131.913140781518877, 43.113722338471781 ], [ 131.913164029166836, 43.113686128042168 ], [ 131.913215396679419, 43.11367582390772 ], [ 131.91328814193335, 43.11365605091126 ], [ 131.913387947904027, 43.113628644453847 ], [ 131.913471368042053, 43.113599964780235 ], [ 131.913559834511176, 43.113646449063502 ], [ 131.913749093974758, 43.113611251944015 ], [ 131.913695631000621, 43.113470484667673 ], [ 131.913639658767778, 43.11333065676817 ], [ 131.912969404758911, 43.113477113792818 ] ] } },
{ "type": "Feature", "properties": { "fid": 202, "Layer": "6 - утвержденные границы территорий окн", "PaperSpace": null, "SubClasses": "AcDbEntity:AcDbPolyline", "Linetype": "ByLayer", "EntityHandle": "154B", "Text": null, "ogr_style": "PEN(c:#000000)", "font": null, "angle": null, "size": null, "size_u": null, "anchor": null, "color": "#000000", "underline": null, "plaintext": null, "fcolor": null, "flnum": null, "bold": null, "italic": null, "dx": null, "dx_u": null, "dy": null, "dy_u": null }, "geometry": { "type": "LineString", "coordinates": [ [ 131.914980816746066, 43.113194531149034 ], [ 131.915216955256994, 43.113142866400317 ], [ 131.915208121740733, 43.113120591780621 ], [ 131.915300056664421, 43.113101156164589 ], [ 131.915285193999637, 43.113064690682535 ], [ 131.91525075638404, 43.112980979936289 ], [ 131.91524542140678, 43.112967394860732 ], [ 131.914915569560549, 43.113036702786829 ], [ 131.914931345674205, 43.113077043109776 ], [ 131.914980816746066, 43.113194531149034 ] ] } },
{ "type": "Feature", "properties": { "fid": 203, "Layer": "6 - утвержденные границы территорий окн", "PaperSpace": null, "SubClasses": "AcDbEntity:AcDbPolyline", "Linetype": "ByLayer", "EntityHandle": "154D", "Text": null, "ogr_style": "PEN(c:#000000)", "font": null, "angle": null, "size": null, "size_u": null, "anchor": null, "color": "#000000", "underline": null, "plaintext": null, "fcolor": null, "flnum": null, "bold": null, "italic": null, "dx": null, "dx_u": null, "dy": null, "dy_u": null }, "geometry": { "type": "LineString", "coordinates": [ [ 131.915300056664421, 43.113101156164589 ], [ 131.915208121740733, 43.113120591780621 ], [ 131.915216955256994, 43.113142866400317 ], [ 131.915038437819163, 43.113181866138241 ], [ 131.91513280245897, 43.113421480657522 ], [ 131.915338357419301, 43.113383947326774 ], [ 131.915406632981643, 43.113367319739083 ], [ 131.915369070312408, 43.11327048024944 ], [ 131.915308811137749, 43.113122771250779 ], [ 131.915300056664421, 43.113101156164589 ] ] } },
{ "type": "Feature", "properties": { "fid": 204, "Layer": "6 - утвержденные границы территорий окн", "PaperSpace": null, "SubClasses": "AcDbEntity:AcDbPolyline", "Linetype": "ByLayer", "EntityHandle": "154F", "Text": null, "ogr_style": "PEN(c:#000000)", "font": null, "angle": null, "size": null, "size_u": null, "anchor": null, "color": "#000000", "underline": null, "plaintext": null, "fcolor": null, "flnum": null, "bold": null, "italic": null, "dx": null, "dx_u": null, "dy": null, "dy_u": null }, "geometry": { "type": "LineString", "coordinates": [ [ 131.926030379220236, 43.112592193495587 ], [ 131.926332930234651, 43.112607822787012 ], [ 131.926354785702841, 43.112380719556697 ], [ 131.926052235823079, 43.112365091209746 ], [ 131.92605032237293, 43.112384971727941 ], [ 131.926035089458082, 43.112543256281093 ], [ 131.926030379220236, 43.112592193495587 ] ] } },
{ "type": "Feature", "properties": { "fid": 205, "Layer": "6 - утвержденные границы территорий окн", "PaperSpace": null, "SubClasses": "AcDbEntity:AcDbPolyline", "Linetype": "ByLayer", "EntityHandle": "1551", "Text": null, "ogr_style": "PEN(c:#000000)", "font": null, "angle": null, "size": null, "size_u": null, "anchor": null, "color": "#000000", "underline": null, "plaintext": null, "fcolor": null, "flnum": null, "bold": null, "italic": null, "dx": null, "dx_u": null, "dy": null, "dy_u": null }, "geometry": { "type": "LineString", "coordinates": [ [ 131.926325271706077, 43.112711668927759 ], [ 131.926332930234651, 43.112607822787012 ], [ 131.926030379220236, 43.112592193495587 ], [ 131.925735496544206, 43.112576960352492 ], [ 131.925727305169886, 43.112687992360314 ], [ 131.926325271706077, 43.112711668927759 ] ] } },
{ "type": "Feature", "properties": { "fid": 206, "Layer": "6 - утвержденные границы территорий окн", "PaperSpace": null, "SubClasses": "AcDbEntity:AcDbPolyline", "Linetype": "ByLayer", "EntityHandle": "1553", "Text": null, "ogr_style": "PEN(c:#000000)", "font": null, "angle": null, "size": null, "size_u": null, "anchor": null, "color": "#000000", "underline": null, "plaintext": null, "fcolor": null, "flnum": null, "bold": null, "italic": null, "dx": null, "dx_u": null, "dy": null, "dy_u": null }, "geometry": { "type": "LineString", "coordinates": [ [ 131.926581060663977, 43.112562106344598 ], [ 131.926752762339703, 43.112571632439476 ], [ 131.926758892721068, 43.112514859916971 ], [ 131.926767191326405, 43.112437181630547 ], [ 131.926595714424224, 43.11242657303432 ], [ 131.926581060663977, 43.112562106344598 ] ] } },
{ "type": "Feature", "properties": { "fid": 207, "Layer": "6 - утвержденные границы территорий окн", "PaperSpace": null, "SubClasses": "AcDbEntity:AcDbPolyline", "Linetype": "ByLayer", "EntityHandle": "1555", "Text": null, "ogr_style": "PEN(c:#000000)", "font": null, "angle": null, "size": null, "size_u": null, "anchor": null, "color": "#000000", "underline": null, "plaintext": null, "fcolor": null, "flnum": null, "bold": null, "italic": null, "dx": null, "dx_u": null, "dy": null, "dy_u": null }, "geometry": { "type": "LineString", "coordinates": [ [ 131.927381524182692, 43.112675517185146 ], [ 131.927402701120428, 43.112609224172964 ], [ 131.927417536659277, 43.112470538410385 ], [ 131.927420399482571, 43.112441936442714 ], [ 131.927153208148525, 43.112426047630478 ], [ 131.927133327541185, 43.112668488002576 ], [ 131.927381524182692, 43.112675517185146 ] ] } },
{ "type": "Feature", "properties": { "fid": 208, "Layer": "6 - утвержденные границы территорий окн", "PaperSpace": null, "SubClasses": "AcDbEntity:AcDbPolyline", "Linetype": "ByLayer", "EntityHandle": "1557", "Text": null, "ogr_style": "PEN(c:#000000)", "font": null, "angle": null, "size": null, "size_u": null, "anchor": null, "color": "#000000", "underline": null, "plaintext": null, "fcolor": null, "flnum": null, "bold": null, "italic": null, "dx": null, "dx_u": null, "dy": null, "dy_u": null }, "geometry": { "type": "LineString", "coordinates": [ [ 131.931468545075006, 43.113031678653272 ], [ 131.932709619453988, 43.113158106538208 ], [ 131.933521349304471, 43.113231479250501 ], [ 131.934012692702026, 43.113207531109296 ], [ 131.934093538338232, 43.113151853659382 ], [ 131.934113006760327, 43.113098899401855 ], [ 131.934109035695911, 43.113022521292045 ], [ 131.934105094965815, 43.112947673065712 ], [ 131.931495956457127, 43.112777643264465 ], [ 131.931468545075006, 43.113031678653272 ] ] } },
{ "type": "Feature", "properties": { "fid": 209, "Layer": "6 - утвержденные границы территорий окн", "PaperSpace": null, "SubClasses": "AcDbEntity:AcDbPolyline", "Linetype": "ByLayer", "EntityHandle": "1559", "Text": null, "ogr_style": "PEN(c:#000000)", "font": null, "angle": null, "size": null, "size_u": null, "anchor": null, "color": "#000000", "underline": null, "plaintext": null, "fcolor": null, "flnum": null, "bold": null, "italic": null, "dx": null, "dx_u": null, "dy": null, "dy_u": null }, "geometry": { "type": "LineString", "coordinates": [ [ 131.918566478881019, 43.112231237190564 ], [ 131.918961366595227, 43.112231518494525 ], [ 131.918961528186287, 43.1121094653925 ], [ 131.918566641256632, 43.112109184089697 ], [ 131.918566478881019, 43.112231237190564 ] ] } },
{ "type": "Feature", "properties": { "fid": 210, "Layer": "6 - утвержденные границы территорий окн", "PaperSpace": null, "SubClasses": "AcDbEntity:AcDbPolyline", "Linetype": "ByLayer", "EntityHandle": "155B", "Text": null, "ogr_style": "PEN(c:#000000)", "font": null, "angle": null, "size": null, "size_u": null, "anchor": null, "color": "#000000", "underline": null, "plaintext": null, "fcolor": null, "flnum": null, "bold": null, "italic": null, "dx": null, "dx_u": null, "dy": null, "dy_u": null }, "geometry": { "type": "LineString", "coordinates": [ [ 131.896672012482298, 43.113592257443038 ], [ 131.897085700337499, 43.113656580493625 ], [ 131.897218073353457, 43.113454577681061 ], [ 131.896957075043844, 43.113375898696617 ], [ 131.896664281742574, 43.113388099305418 ], [ 131.896672012482298, 43.113592257443038 ] ] } },
{ "type": "Feature", "properties": { "fid": 211, "Layer": "6 - утвержденные границы территорий окн", "PaperSpace": null, "SubClasses": "AcDbEntity:AcDbPolyline", "Linetype": "ByLayer", "EntityHandle": "155D", "Text": null, "ogr_style": "PEN(c:#000000)", "font": null, "angle": null, "size": null, "size_u": null, "anchor": null, "color": "#000000", "underline": null, "plaintext": null, "fcolor": null, "flnum": null, "bold": null, "italic": null, "dx": null, "dx_u": null, "dy": null, "dy_u": null }, "geometry": { "type": "LineString", "coordinates": [ [ 131.893667411280404, 43.117453039729128 ], [ 131.893259288520426, 43.117532846750699 ], [ 131.893000826999895, 43.117587260803433 ], [ 131.892652827403339, 43.117656366269244 ], [ 131.892669830249503, 43.117703717998353 ], [ 131.892708368329806, 43.117810526520422 ], [ 131.892729469057343, 43.117872958180264 ], [ 131.892954355812776, 43.117829691314618 ], [ 131.893166626885915, 43.117788533972124 ], [ 131.893310571282257, 43.117759690348883 ], [ 131.893620176020448, 43.117700339030385 ], [ 131.893745045520859, 43.117676371669184 ], [ 131.89373164887931, 43.117637714194593 ], [ 131.893687680908954, 43.117510529089394 ], [ 131.893667411280404, 43.117453039729128 ] ] } },
{ "type": "Feature", "properties": { "fid": 212, "Layer": "6 - утвержденные границы территорий окн", "PaperSpace": null, "SubClasses": "AcDbEntity:AcDbPolyline", "Linetype": "ByLayer", "EntityHandle": "155F", "Text": null, "ogr_style": "PEN(c:#000000)", "font": null, "angle": null, "size": null, "size_u": null, "anchor": null, "color": "#000000", "underline": null, "plaintext": null, "fcolor": null, "flnum": null, "bold": null, "italic": null, "dx": null, "dx_u": null, "dy": null, "dy_u": null }, "geometry": { "type": "LineString", "coordinates": [ [ 131.894963401708281, 43.117424665470523 ], [ 131.895049879419673, 43.117408444989508 ], [ 131.895098762412374, 43.117397308278804 ], [ 131.895145019211981, 43.117386833695704 ], [ 131.895141930580365, 43.117379711313184 ], [ 131.895075939852973, 43.117208190486636 ], [ 131.895048797112366, 43.117141856950148 ], [ 131.894863675556735, 43.117181807433802 ], [ 131.894894817076619, 43.117256958747248 ], [ 131.894963401708281, 43.117424665470523 ] ] } },
{ "type": "Feature", "properties": { "fid": 213, "Layer": "6 - утвержденные границы территорий окн", "PaperSpace": null, "SubClasses": "AcDbEntity:AcDbPolyline", "Linetype": "ByLayer", "EntityHandle": "1561", "Text": null, "ogr_style": "PEN(c:#000000)", "font": null, "angle": null, "size": null, "size_u": null, "anchor": null, "color": "#000000", "underline": null, "plaintext": null, "fcolor": null, "flnum": null, "bold": null, "italic": null, "dx": null, "dx_u": null, "dy": null, "dy_u": null }, "geometry": { "type": "LineString", "coordinates": [ [ 131.894299489668157, 43.117515817755113 ], [ 131.894899683590978, 43.117404972619866 ], [ 131.894822711722014, 43.117190813316228 ], [ 131.89422344995026, 43.11731526475193 ], [ 131.894299489668157, 43.117515817755113 ] ] } },
{ "type": "Feature", "properties": { "fid": 214, "Layer": "6 - утвержденные границы территорий окн", "PaperSpace": null, "SubClasses": "AcDbEntity:AcDbPolyline", "Linetype": "ByLayer", "EntityHandle": "1563", "Text": null, "ogr_style": "PEN(c:#000000)", "font": null, "angle": null, "size": null, "size_u": null, "anchor": null, "color": "#000000", "underline": null, "plaintext": null, "fcolor": null, "flnum": null, "bold": null, "italic": null, "dx": null, "dx_u": null, "dy": null, "dy_u": null }, "geometry": { "type": "LineString", "coordinates": [ [ 131.917296408553483, 43.110360503915025 ], [ 131.917686876069752, 43.111001170268167 ], [ 131.918489121610008, 43.110844206982229 ], [ 131.918531799110212, 43.110849051607545 ], [ 131.918627302351524, 43.110822601122258 ], [ 131.918553581093079, 43.110697924276025 ], [ 131.918230339302369, 43.110151253594822 ], [ 131.91818550879492, 43.110075434819464 ], [ 131.917296408553483, 43.110360503915025 ] ] } },
{ "type": "Feature", "properties": { "fid": 215, "Layer": "6 - утвержденные границы территорий окн", "PaperSpace": null, "SubClasses": "AcDbEntity:AcDbPolyline", "Linetype": "ByLayer", "EntityHandle": "1565", "Text": null, "ogr_style": "PEN(c:#000000)", "font": null, "angle": null, "size": null, "size_u": null, "anchor": null, "color": "#000000", "underline": null, "plaintext": null, "fcolor": null, "flnum": null, "bold": null, "italic": null, "dx": null, "dx_u": null, "dy": null, "dy_u": null }, "geometry": { "type": "LineString", "coordinates": [ [ 131.910824460786188, 43.112225657758223 ], [ 131.911145424290027, 43.112077649053795 ], [ 131.911221265646248, 43.11201671707429 ], [ 131.911136962372836, 43.111792086632896 ], [ 131.911064044275093, 43.111789514402979 ], [ 131.910933687001318, 43.111789344635255 ], [ 131.910773025933423, 43.111797682037484 ], [ 131.910566424810241, 43.111831791938769 ], [ 131.910377727682089, 43.111889477953973 ], [ 131.910076105859872, 43.112003248796071 ], [ 131.909627943943093, 43.112162477634271 ], [ 131.910012404701519, 43.112615658562213 ], [ 131.910068844953997, 43.112590744538387 ], [ 131.910420371029232, 43.112435536882394 ], [ 131.910438215861461, 43.112456800274288 ], [ 131.910859267392027, 43.112267131976061 ], [ 131.910824460786188, 43.112225657758223 ] ] } },
{ "type": "Feature", "properties": { "fid": 216, "Layer": "6 - утвержденные границы территорий окн", "PaperSpace": null, "SubClasses": "AcDbEntity:AcDbPolyline", "Linetype": "ByLayer", "EntityHandle": "1567", "Text": null, "ogr_style": "PEN(c:#000000)", "font": null, "angle": null, "size": null, "size_u": null, "anchor": null, "color": "#000000", "underline": null, "plaintext": null, "fcolor": null, "flnum": null, "bold": null, "italic": null, "dx": null, "dx_u": null, "dy": null, "dy_u": null }, "geometry": { "type": "LineString", "coordinates": [ [ 131.904646477877378, 43.113017427774935 ], [ 131.904719862751904, 43.11325362071333 ], [ 131.904751091123842, 43.113354130244574 ], [ 131.904949385563725, 43.113317755224529 ], [ 131.905310269854596, 43.113251553820774 ], [ 131.905712424457874, 43.113177780190334 ], [ 131.905690185627662, 43.113106263235892 ], [ 131.905613366840271, 43.112859223486936 ], [ 131.905280243092534, 43.112897295471704 ], [ 131.904758769777345, 43.112958338028506 ], [ 131.904635218895066, 43.112981190004604 ], [ 131.904646477877378, 43.113017427774935 ] ] } },
{ "type": "Feature", "properties": { "fid": 217, "Layer": "6 - утвержденные границы территорий окн", "PaperSpace": null, "SubClasses": "AcDbEntity:AcDbPolyline", "Linetype": "ByLayer", "EntityHandle": "1569", "Text": null, "ogr_style": "PEN(c:#000000)", "font": null, "angle": null, "size": null, "size_u": null, "anchor": null, "color": "#000000", "underline": null, "plaintext": null, "fcolor": null, "flnum": null, "bold": null, "italic": null, "dx": null, "dx_u": null, "dy": null, "dy_u": null }, "geometry": { "type": "LineString", "coordinates": [ [ 131.910915386246273, 43.111765157547801 ], [ 131.910994497887629, 43.111756513350592 ], [ 131.911138045118918, 43.111717246488602 ], [ 131.911158223347996, 43.111701791969622 ], [ 131.911161226195532, 43.111616708017721 ], [ 131.911152134645334, 43.111598417929322 ], [ 131.911118118274203, 43.111578265331062 ], [ 131.910899443421783, 43.111647401764301 ], [ 131.910915386246273, 43.111765157547801 ] ] } },
{ "type": "Feature", "properties": { "fid": 218, "Layer": "6 - утвержденные границы территорий окн", "PaperSpace": null, "SubClasses": "AcDbEntity:AcDbPolyline", "Linetype": "ByLayer", "EntityHandle": "156B", "Text": null, "ogr_style": "PEN(c:#000000)", "font": null, "angle": null, "size": null, "size_u": null, "anchor": null, "color": "#000000", "underline": null, "plaintext": null, "fcolor": null, "flnum": null, "bold": null, "italic": null, "dx": null, "dx_u": null, "dy": null, "dy_u": null }, "geometry": { "type": "LineString", "coordinates": [ [ 131.912606111653048, 43.112050335356351 ], [ 131.913071901367715, 43.111952678978923 ], [ 131.912952249026205, 43.11163815322908 ], [ 131.912490732167043, 43.111752955699799 ], [ 131.912606111653048, 43.112050335356351 ] ] } },
{ "type": "Feature", "properties": { "fid": 219, "Layer": "6 - утвержденные границы территорий окн", "PaperSpace": null, "SubClasses": "AcDbEntity:AcDbPolyline", "Linetype": "ByLayer", "EntityHandle": "156D", "Text": null, "ogr_style": "PEN(c:#000000)", "font": null, "angle": null, "size": null, "size_u": null, "anchor": null, "color": "#000000", "underline": null, "plaintext": null, "fcolor": null, "flnum": null, "bold": null, "italic": null, "dx": null, "dx_u": null, "dy": null, "dy_u": null }, "geometry": { "type": "LineString", "coordinates": [ [ 131.91335541501121, 43.111696987488926 ], [ 131.913433574763985, 43.111893567049293 ], [ 131.913434840142145, 43.111896749590734 ], [ 131.913635442222471, 43.111856304825409 ], [ 131.913560498283346, 43.111656781535373 ], [ 131.91335541501121, 43.111696987488926 ] ] } },
{ "type": "Feature", "properties": { "fid": 220, "Layer": "6 - утвержденные границы территорий окн", "PaperSpace": null, "SubClasses": "AcDbEntity:AcDbPolyline", "Linetype": "ByLayer", "EntityHandle": "156F", "Text": null, "ogr_style": "PEN(c:#000000)", "font": null, "angle": null, "size": null, "size_u": null, "anchor": null, "color": "#000000", "underline": null, "plaintext": null, "fcolor": null, "flnum": null, "bold": null, "italic": null, "dx": null, "dx_u": null, "dy": null, "dy_u": null }, "geometry": { "type": "LineString", "coordinates": [ [ 131.906142482365965, 43.11289225417223 ], [ 131.906153355375949, 43.112975951351942 ], [ 131.906253416866576, 43.113003550444795 ], [ 131.906401165803459, 43.11299259188052 ], [ 131.906402405715085, 43.11300156463777 ], [ 131.906542696336601, 43.112991159077865 ], [ 131.906675463448096, 43.113940220846999 ], [ 131.906695212694075, 43.11408139225545 ], [ 131.906745682457654, 43.114444983505621 ], [ 131.906824150768273, 43.114598235351117 ], [ 131.906883456046955, 43.114650230014291 ], [ 131.90699399625683, 43.114698516852854 ], [ 131.907034007134428, 43.114705547760359 ], [ 131.907251998727958, 43.114707675386576 ], [ 131.90736247209307, 43.114665341322365 ], [ 131.90740660141401, 43.114638630028267 ], [ 131.907480946132665, 43.114572593126759 ], [ 131.907517134554496, 43.114495984747577 ], [ 131.907526078137181, 43.11443961963186 ], [ 131.907526168021917, 43.114380102671099 ], [ 131.90748854993376, 43.114316334289988 ], [ 131.907477896509278, 43.114235794179457 ], [ 131.907465198136975, 43.11414483392555 ], [ 131.907425222612375, 43.113882684169418 ], [ 131.907414074514236, 43.113801969169458 ], [ 131.907394517802345, 43.113655092643377 ], [ 131.907381303611771, 43.113550185839181 ], [ 131.907357471866305, 43.113391922224586 ], [ 131.907344285717073, 43.113288455315598 ], [ 131.907328891737507, 43.113172499670469 ], [ 131.907319372201016, 43.113093387928075 ], [ 131.907308124977334, 43.113007543239256 ], [ 131.907301587744996, 43.112936501568448 ], [ 131.907267520432612, 43.112566281259348 ], [ 131.906407746859742, 43.112730930980838 ], [ 131.906427193617702, 43.112871659785519 ], [ 131.906142482365965, 43.11289225417223 ] ] } },
{ "type": "Feature", "properties": { "fid": 221, "Layer": "6 - утвержденные границы территорий окн", "PaperSpace": null, "SubClasses": "AcDbEntity:AcDbPolyline", "Linetype": "ByLayer", "EntityHandle": "1571", "Text": null, "ogr_style": "PEN(c:#000000)", "font": null, "angle": null, "size": null, "size_u": null, "anchor": null, "color": "#000000", "underline": null, "plaintext": null, "fcolor": null, "flnum": null, "bold": null, "italic": null, "dx": null, "dx_u": null, "dy": null, "dy_u": null }, "geometry": { "type": "LineString", "coordinates": [ [ 131.9049057583901, 43.114878142466033 ], [ 131.90482086063102, 43.114920572492302 ], [ 131.905018157012677, 43.115127201359606 ], [ 131.905081511505699, 43.115093659081964 ], [ 131.9049057583901, 43.114878142466033 ] ] } },
{ "type": "Feature", "properties": { "fid": 222, "Layer": "6 - утвержденные границы территорий окн", "PaperSpace": null, "SubClasses": "AcDbEntity:AcDbPolyline", "Linetype": "ByLayer", "EntityHandle": "1573", "Text": null, "ogr_style": "PEN(c:#000000)", "font": null, "angle": null, "size": null, "size_u": null, "anchor": null, "color": "#000000", "underline": null, "plaintext": null, "fcolor": null, "flnum": null, "bold": null, "italic": null, "dx": null, "dx_u": null, "dy": null, "dy_u": null }, "geometry": { "type": "LineString", "coordinates": [ [ 131.911309682212476, 43.111332590301693 ], [ 131.91137253028927, 43.111791907228415 ], [ 131.911662905441858, 43.111784161200021 ], [ 131.911648305321819, 43.111747501118842 ], [ 131.913341937198226, 43.111385949242845 ], [ 131.913327109827208, 43.111347675823758 ], [ 131.913484600661263, 43.111309123867315 ], [ 131.91343531669142, 43.111182091879137 ], [ 131.913395286098933, 43.111078910547107 ], [ 131.912980518112647, 43.111019244192889 ], [ 131.912964585603817, 43.110979197632965 ], [ 131.911309682212476, 43.111332590301693 ] ] } },
{ "type": "Feature", "properties": { "fid": 223, "Layer": "6 - утвержденные границы территорий окн", "PaperSpace": null, "SubClasses": "AcDbEntity:AcDbPolyline", "Linetype": "ByLayer", "EntityHandle": "1575", "Text": null, "ogr_style": "PEN(c:#000000)", "font": null, "angle": null, "size": null, "size_u": null, "anchor": null, "color": "#000000", "underline": null, "plaintext": null, "fcolor": null, "flnum": null, "bold": null, "italic": null, "dx": null, "dx_u": null, "dy": null, "dy_u": null }, "geometry": { "type": "LineString", "coordinates": [ [ 131.882525168150636, 43.113694025741388 ], [ 131.882228815354893, 43.113768986207418 ], [ 131.882252105747511, 43.113824397688923 ], [ 131.882337360793457, 43.113806893890086 ], [ 131.882359260087128, 43.113874572721976 ], [ 131.882386364069134, 43.113926713017108 ], [ 131.882630763919252, 43.113869320632645 ], [ 131.882525168150636, 43.113694025741388 ] ] } },
{ "type": "Feature", "properties": { "fid": 224, "Layer": "6 - утвержденные границы территорий окн", "PaperSpace": null, "SubClasses": "AcDbEntity:AcDbPolyline", "Linetype": "ByLayer", "EntityHandle": "1577", "Text": null, "ogr_style": "PEN(c:#000000)", "font": null, "angle": null, "size": null, "size_u": null, "anchor": null, "color": "#000000", "underline": null, "plaintext": null, "fcolor": null, "flnum": null, "bold": null, "italic": null, "dx": null, "dx_u": null, "dy": null, "dy_u": null }, "geometry": { "type": "LineString", "coordinates": [ [ 131.882337360793457, 43.113806893890086 ], [ 131.882251232426853, 43.113824584816392 ], [ 131.882379854124764, 43.114128483231951 ], [ 131.882739302000601, 43.114049055261752 ], [ 131.882630763919252, 43.113869320632645 ], [ 131.882386364069134, 43.113926713017108 ], [ 131.882359260087128, 43.113874572721976 ], [ 131.882337360793457, 43.113806893890086 ] ] } },
{ "type": "Feature", "properties": { "fid": 225, "Layer": "6 - утвержденные границы территорий окн", "PaperSpace": null, "SubClasses": "AcDbEntity:AcDbPolyline", "Linetype": "ByLayer", "EntityHandle": "1579", "Text": null, "ogr_style": "PEN(c:#000000)", "font": null, "angle": null, "size": null, "size_u": null, "anchor": null, "color": "#000000", "underline": null, "plaintext": null, "fcolor": null, "flnum": null, "bold": null, "italic": null, "dx": null, "dx_u": null, "dy": null, "dy_u": null }, "geometry": { "type": "LineString", "coordinates": [ [ 131.888920365305552, 43.116703619583753 ], [ 131.888959790983762, 43.116696374796255 ], [ 131.889096284304856, 43.116669863105862 ], [ 131.889099138081264, 43.116677754946544 ], [ 131.889183964102017, 43.11666086370235 ], [ 131.889180470317854, 43.116651628237349 ], [ 131.889219771366953, 43.116631422874235 ], [ 131.889235188017494, 43.116628024474309 ], [ 131.8892419513748, 43.116615443474373 ], [ 131.889255456600438, 43.116582720665235 ], [ 131.889398708574618, 43.116549838505755 ], [ 131.889423892657135, 43.116543189559543 ], [ 131.889507123011583, 43.116500660938271 ], [ 131.889396474932141, 43.116207634835916 ], [ 131.889380859818544, 43.116155587746135 ], [ 131.889293522680987, 43.116169624475035 ], [ 131.888763180580213, 43.116263989542645 ], [ 131.888777573719324, 43.116303537529653 ], [ 131.888920365305552, 43.116703619583753 ] ] } },
{ "type": "Feature", "properties": { "fid": 226, "Layer": "6 - утвержденные границы территорий окн", "PaperSpace": null, "SubClasses": "AcDbEntity:AcDbPolyline", "Linetype": "ByLayer", "EntityHandle": "157B", "Text": null, "ogr_style": "PEN(c:#000000)", "font": null, "angle": null, "size": null, "size_u": null, "anchor": null, "color": "#000000", "underline": null, "plaintext": null, "fcolor": null, "flnum": null, "bold": null, "italic": null, "dx": null, "dx_u": null, "dy": null, "dy_u": null }, "geometry": { "type": "LineString", "coordinates": [ [ 131.889682955994743, 43.116777722540157 ], [ 131.889574752386295, 43.11679935436775 ], [ 131.889366643451865, 43.116839652288732 ], [ 131.889376522724461, 43.116867994920916 ], [ 131.8892467701491, 43.116893627769443 ], [ 131.889325557662431, 43.11711389052342 ], [ 131.889383834851799, 43.117102941940743 ], [ 131.88964460520728, 43.117053553076275 ], [ 131.889753428623322, 43.117032184866417 ], [ 131.889745382441731, 43.117009764285946 ], [ 131.889687368615995, 43.116841495988382 ], [ 131.889702174501309, 43.116838283810097 ], [ 131.889682955994743, 43.116777722540157 ] ] } },
{ "type": "Feature", "properties": { "fid": 227, "Layer": "6 - утвержденные границы территорий окн", "PaperSpace": null, "SubClasses": "AcDbEntity:AcDbPolyline", "Linetype": "ByLayer", "EntityHandle": "157D", "Text": null, "ogr_style": "PEN(c:#000000)", "font": null, "angle": null, "size": null, "size_u": null, "anchor": null, "color": "#000000", "underline": null, "plaintext": null, "fcolor": null, "flnum": null, "bold": null, "italic": null, "dx": null, "dx_u": null, "dy": null, "dy_u": null }, "geometry": { "type": "LineString", "coordinates": [ [ 131.888389451841988, 43.117354423258014 ], [ 131.888467536672039, 43.117554729070989 ], [ 131.888872731516443, 43.117473753963132 ], [ 131.888782790410346, 43.117228482732102 ], [ 131.88854452030867, 43.117276154029554 ], [ 131.888559826495481, 43.117315251627524 ], [ 131.888389451841988, 43.117354423258014 ] ] } },
{ "type": "Feature", "properties": { "fid": 228, "Layer": "6 - утвержденные границы территорий окн", "PaperSpace": null, "SubClasses": "AcDbEntity:AcDbPolyline", "Linetype": "ByLayer", "EntityHandle": "157F", "Text": null, "ogr_style": "PEN(c:#000000)", "font": null, "angle": null, "size": null, "size_u": null, "anchor": null, "color": "#000000", "underline": null, "plaintext": null, "fcolor": null, "flnum": null, "bold": null, "italic": null, "dx": null, "dx_u": null, "dy": null, "dy_u": null }, "geometry": { "type": "LineString", "coordinates": [ [ 131.888462142122023, 43.117065909862859 ], [ 131.888421363197665, 43.117073726410602 ], [ 131.888428380919436, 43.117091855031113 ], [ 131.888118268467593, 43.117163988240819 ], [ 131.888215419124862, 43.117394433191151 ], [ 131.888559826495481, 43.117315251627524 ], [ 131.888462142122023, 43.117065909862859 ] ] } },
{ "type": "Feature", "properties": { "fid": 229, "Layer": "6 - утвержденные границы территорий окн", "PaperSpace": null, "SubClasses": "AcDbEntity:AcDbPolyline", "Linetype": "ByLayer", "EntityHandle": "1581", "Text": null, "ogr_style": "PEN(c:#000000)", "font": null, "angle": null, "size": null, "size_u": null, "anchor": null, "color": "#000000", "underline": null, "plaintext": null, "fcolor": null, "flnum": null, "bold": null, "italic": null, "dx": null, "dx_u": null, "dy": null, "dy_u": null }, "geometry": { "type": "LineString", "coordinates": [ [ 131.888705494641869, 43.117007745266228 ], [ 131.888657500340116, 43.117016049850541 ], [ 131.888498998335933, 43.117046980951798 ], [ 131.88850297936898, 43.11705793068117 ], [ 131.888462142122023, 43.117065909862859 ], [ 131.88854452030867, 43.117276154029554 ], [ 131.888782790410346, 43.117228482732102 ], [ 131.888705494641869, 43.117007745266228 ] ] } },
{ "type": "Feature", "properties": { "fid": 230, "Layer": "6 - утвержденные границы территорий окн", "PaperSpace": null, "SubClasses": "AcDbEntity:AcDbPolyline", "Linetype": "ByLayer", "EntityHandle": "1583", "Text": null, "ogr_style": "PEN(c:#000000)", "font": null, "angle": null, "size": null, "size_u": null, "anchor": null, "color": "#000000", "underline": null, "plaintext": null, "fcolor": null, "flnum": null, "bold": null, "italic": null, "dx": null, "dx_u": null, "dy": null, "dy_u": null }, "geometry": { "type": "LineString", "coordinates": [ [ 131.892170709788104, 43.121836894922104 ], [ 131.892172804683383, 43.121843624315254 ], [ 131.892176729814423, 43.121856095686653 ], [ 131.892204248848032, 43.121945645141757 ], [ 131.892208159674027, 43.121963787424903 ], [ 131.892210618745025, 43.122002377378529 ], [ 131.892233548000576, 43.121999801526421 ], [ 131.892256098348042, 43.121996689488086 ], [ 131.892280240652099, 43.121993291055993 ], [ 131.892288443231905, 43.121985285721742 ], [ 131.892546942306012, 43.121938253901817 ], [ 131.89273551964277, 43.12190391170796 ], [ 131.892810026275981, 43.121893244656405 ], [ 131.892801951201704, 43.121862993550486 ], [ 131.892746426835828, 43.12170991343087 ], [ 131.892716955358907, 43.121710936399715 ], [ 131.892703233486117, 43.121713057681355 ], [ 131.892650375924887, 43.121718461517318 ], [ 131.892562590259217, 43.121735115702435 ], [ 131.892433292700616, 43.121759307287945 ], [ 131.892425940331407, 43.121760372960672 ], [ 131.892424151432152, 43.121756790853773 ], [ 131.892327532639825, 43.121767774832357 ], [ 131.892230772006513, 43.121777770052326 ], [ 131.892170709788104, 43.121836894922104 ] ] } },
{ "type": "Feature", "properties": { "fid": 231, "Layer": "6 - утвержденные границы территорий окн", "PaperSpace": null, "SubClasses": "AcDbEntity:AcDbPolyline", "Linetype": "ByLayer", "EntityHandle": "1585", "Text": null, "ogr_style": "PEN(c:#000000)", "font": null, "angle": null, "size": null, "size_u": null, "anchor": null, "color": "#000000", "underline": null, "plaintext": null, "fcolor": null, "flnum": null, "bold": null, "italic": null, "dx": null, "dx_u": null, "dy": null, "dy_u": null }, "geometry": { "type": "LineString", "coordinates": [ [ 131.892256098348042, 43.121996689488086 ], [ 131.892255605463362, 43.122035129741256 ], [ 131.892247099626786, 43.12211073731558 ], [ 131.892231206889704, 43.122185610659621 ], [ 131.89222356182546, 43.122209902461471 ], [ 131.892225182666095, 43.122236799444664 ], [ 131.892209779222242, 43.122253789945844 ], [ 131.892207922058901, 43.1222594797878 ], [ 131.892179707944791, 43.122326198572885 ], [ 131.892362166782988, 43.12228669913884 ], [ 131.892645690603871, 43.122230948858508 ], [ 131.892631341275205, 43.122200312156281 ], [ 131.892546942306012, 43.121938253901817 ], [ 131.892288443231905, 43.121985285721742 ], [ 131.892280240652099, 43.121993291055993 ], [ 131.892256098348042, 43.121996689488086 ] ] } },
{ "type": "Feature", "properties": { "fid": 232, "Layer": "6 - утвержденные границы территорий окн", "PaperSpace": null, "SubClasses": "AcDbEntity:AcDbPolyline", "Linetype": "ByLayer", "EntityHandle": "1587", "Text": null, "ogr_style": "PEN(c:#000000)", "font": null, "angle": null, "size": null, "size_u": null, "anchor": null, "color": "#000000", "underline": null, "plaintext": null, "fcolor": null, "flnum": null, "bold": null, "italic": null, "dx": null, "dx_u": null, "dy": null, "dy_u": null }, "geometry": { "type": "LineString", "coordinates": [ [ 131.892902029431184, 43.121846572885069 ], [ 131.892911123597514, 43.121878703764196 ], [ 131.892977938460064, 43.122114388912692 ], [ 131.892989276421247, 43.122154597814223 ], [ 131.892991776189433, 43.122163213285063 ], [ 131.893231749606542, 43.122124111388395 ], [ 131.893364151283208, 43.122082334613495 ], [ 131.893415104077235, 43.122048056133643 ], [ 131.893460098149006, 43.121920856350997 ], [ 131.89350030849846, 43.121806937528419 ], [ 131.893506943894522, 43.121787696705042 ], [ 131.893310906759609, 43.121785391910798 ], [ 131.893263478937655, 43.121740693443911 ], [ 131.893249335914362, 43.121727247018107 ], [ 131.893194238544453, 43.121744015665328 ], [ 131.893039538579131, 43.121782781022915 ], [ 131.893024751476531, 43.121799855311508 ], [ 131.89300898188705, 43.121836202297729 ], [ 131.892902029431184, 43.121846572885069 ] ] } },
{ "type": "Feature", "properties": { "fid": 233, "Layer": "6 - утвержденные границы территорий окн", "PaperSpace": null, "SubClasses": "AcDbEntity:AcDbPolyline", "Linetype": "ByLayer", "EntityHandle": "1589", "Text": null, "ogr_style": "PEN(c:#000000)", "font": null, "angle": null, "size": null, "size_u": null, "anchor": null, "color": "#000000", "underline": null, "plaintext": null, "fcolor": null, "flnum": null, "bold": null, "italic": null, "dx": null, "dx_u": null, "dy": null, "dy_u": null }, "geometry": { "type": "LineString", "coordinates": [ [ 131.894706168501841, 43.116857632143379 ], [ 131.89497401859191, 43.116806087973501 ], [ 131.894883493251939, 43.116570647896332 ], [ 131.894629084263386, 43.116624663857195 ], [ 131.894706168501841, 43.116857632143379 ] ] } },
{ "type": "Feature", "properties": { "fid": 234, "Layer": "6 - утвержденные границы территорий окн", "PaperSpace": null, "SubClasses": "AcDbEntity:AcDbPolyline", "Linetype": "ByLayer", "EntityHandle": "158B", "Text": null, "ogr_style": "PEN(c:#000000)", "font": null, "angle": null, "size": null, "size_u": null, "anchor": null, "color": "#000000", "underline": null, "plaintext": null, "fcolor": null, "flnum": null, "bold": null, "italic": null, "dx": null, "dx_u": null, "dy": null, "dy_u": null }, "geometry": { "type": "LineString", "coordinates": [ [ 131.887487599768349, 43.123271900666914 ], [ 131.887712835806525, 43.123226390235004 ], [ 131.887629152708115, 43.123013737713002 ], [ 131.887549359069908, 43.122785923284127 ], [ 131.887324662268924, 43.122833858207876 ], [ 131.887487599768349, 43.123271900666914 ] ] } },
{ "type": "Feature", "properties": { "fid": 235, "Layer": "6 - утвержденные границы территорий окн", "PaperSpace": null, "SubClasses": "AcDbEntity:AcDbPolyline", "Linetype": "ByLayer", "EntityHandle": "158D", "Text": null, "ogr_style": "PEN(c:#000000)", "font": null, "angle": null, "size": null, "size_u": null, "anchor": null, "color": "#000000", "underline": null, "plaintext": null, "fcolor": null, "flnum": null, "bold": null, "italic": null, "dx": null, "dx_u": null, "dy": null, "dy_u": null }, "geometry": { "type": "LineString", "coordinates": [ [ 131.891668994282668, 43.118311319418936 ], [ 131.891867922156877, 43.118349692256182 ], [ 131.891927718978422, 43.118186966184375 ], [ 131.891835447350644, 43.11815514930025 ], [ 131.891732765253721, 43.118137931202035 ], [ 131.891668994282668, 43.118311319418936 ] ] } },
{ "type": "Feature", "properties": { "fid": 236, "Layer": "6 - утвержденные границы территорий окн", "PaperSpace": null, "SubClasses": "AcDbEntity:AcDbPolyline", "Linetype": "ByLayer", "EntityHandle": "158F", "Text": null, "ogr_style": "PEN(c:#000000)", "font": null, "angle": null, "size": null, "size_u": null, "anchor": null, "color": "#000000", "underline": null, "plaintext": null, "fcolor": null, "flnum": null, "bold": null, "italic": null, "dx": null, "dx_u": null, "dy": null, "dy_u": null }, "geometry": { "type": "LineString", "coordinates": [ [ 131.876313510244103, 43.12151159687533 ], [ 131.876214103036034, 43.121540888071671 ], [ 131.87616414853801, 43.121563447205325 ], [ 131.87599526644351, 43.12171070789956 ], [ 131.875964632936132, 43.121728300567646 ], [ 131.875985420686703, 43.121755453689104 ], [ 131.875931781723125, 43.121843218873238 ], [ 131.875910474678676, 43.121905723146057 ], [ 131.875984637785592, 43.122195711403464 ], [ 131.876261534897623, 43.122465895484794 ], [ 131.876669336644454, 43.123090253135864 ], [ 131.876730376502337, 43.123288029290435 ], [ 131.876860537268044, 43.123269141123757 ], [ 131.877134846583061, 43.123225494310923 ], [ 131.877270472156596, 43.123204046214013 ], [ 131.877328042273689, 43.123189672691822 ], [ 131.87730050614789, 43.123115709714988 ], [ 131.877273469960159, 43.123037583309063 ], [ 131.877197241532485, 43.122950864534381 ], [ 131.8771575121323, 43.122896810057725 ], [ 131.877155106390234, 43.122893053942121 ], [ 131.877124879263448, 43.122847634275224 ], [ 131.876869995887063, 43.12252104406361 ], [ 131.876682547640854, 43.122277481060053 ], [ 131.876770567874416, 43.122227442159648 ], [ 131.876810039416853, 43.122222361387003 ], [ 131.87661918522852, 43.122117181525923 ], [ 131.876549685423186, 43.122085458534755 ], [ 131.876472181849238, 43.122050082157315 ], [ 131.876433015325176, 43.122038777504031 ], [ 131.87641817852608, 43.121994911903116 ], [ 131.876349761809706, 43.121781646250618 ], [ 131.87645678282658, 43.121761749150245 ], [ 131.876455225267478, 43.121757354337831 ], [ 131.876447382761995, 43.121667421624146 ], [ 131.876466544094143, 43.121662700120076 ], [ 131.876430997066933, 43.121585290755881 ], [ 131.876420866519993, 43.121561686339497 ], [ 131.876341389698098, 43.121575526459367 ], [ 131.876313510244103, 43.12151159687533 ] ] } },
{ "type": "Feature", "properties": { "fid": 237, "Layer": "6 - утвержденные границы территорий окн", "PaperSpace": null, "SubClasses": "AcDbEntity:AcDbPolyline", "Linetype": "ByLayer", "EntityHandle": "1591", "Text": null, "ogr_style": "PEN(c:#000000)", "font": null, "angle": null, "size": null, "size_u": null, "anchor": null, "color": "#000000", "underline": null, "plaintext": null, "fcolor": null, "flnum": null, "bold": null, "italic": null, "dx": null, "dx_u": null, "dy": null, "dy_u": null }, "geometry": { "type": "LineString", "coordinates": [ [ 131.878552548232733, 43.113779436700909 ], [ 131.878234849303141, 43.113825815324375 ], [ 131.877258001946387, 43.1137982153124 ], [ 131.876817801586981, 43.113724110146137 ], [ 131.876523152376365, 43.113489396622285 ], [ 131.876390719036323, 43.113482052235788 ], [ 131.876339669522821, 43.113573000638389 ], [ 131.876588525471306, 43.113789932475605 ], [ 131.876460063293052, 43.113945516949045 ], [ 131.876726958265891, 43.114113410619375 ], [ 131.876876934712982, 43.114257054010871 ], [ 131.876968528574224, 43.114289107550668 ], [ 131.877069747078622, 43.114300738310362 ], [ 131.877100467643174, 43.114237491877695 ], [ 131.87732390834725, 43.11426392611984 ], [ 131.877685377406095, 43.114265664152008 ], [ 131.877696559808044, 43.114326435259962 ], [ 131.878957361289991, 43.114415632144329 ], [ 131.878959777363832, 43.114498717185 ], [ 131.879456913822025, 43.114614640504868 ], [ 131.879670073931521, 43.114559237020849 ], [ 131.879665142105665, 43.114442844342157 ], [ 131.879625274761395, 43.114347568008043 ], [ 131.879553611935222, 43.114363694858369 ], [ 131.879485938855083, 43.11422536267122 ], [ 131.879565355181171, 43.114202583040779 ], [ 131.879387051409822, 43.113903189843995 ], [ 131.879241118391775, 43.113824993846102 ], [ 131.879066714335437, 43.113854423688878 ], [ 131.879066698170277, 43.113862614902828 ], [ 131.878552548232733, 43.113779436700909 ] ] } },
{ "type": "Feature", "properties": { "fid": 238, "Layer": "6 - утвержденные границы территорий окн", "PaperSpace": null, "SubClasses": "AcDbEntity:AcDbPolyline", "Linetype": "ByLayer", "EntityHandle": "1593", "Text": null, "ogr_style": "PEN(c:#000000)", "font": null, "angle": null, "size": null, "size_u": null, "anchor": null, "color": "#000000", "underline": null, "plaintext": null, "fcolor": null, "flnum": null, "bold": null, "italic": null, "dx": null, "dx_u": null, "dy": null, "dy_u": null }, "geometry": { "type": "LineString", "coordinates": [ [ 131.906840436343629, 43.117676757255794 ], [ 131.906916853811282, 43.117720698543607 ], [ 131.906593847563954, 43.118298965396399 ], [ 131.906807676031008, 43.118300522343176 ], [ 131.906792947616935, 43.118478899625401 ], [ 131.906833915359215, 43.118481533982361 ], [ 131.907062491733484, 43.118495898826225 ], [ 131.907361172986526, 43.118520065245207 ], [ 131.907572993742747, 43.118544774778442 ], [ 131.907694638363864, 43.118557460711422 ], [ 131.907700803468146, 43.118558566706149 ], [ 131.907455794327547, 43.118076940892934 ], [ 131.907467686091252, 43.118075556982774 ], [ 131.907536071551618, 43.118028399090832 ], [ 131.907595243738569, 43.117994028754637 ], [ 131.90764497969775, 43.117973618467587 ], [ 131.90770733571398, 43.117951366582879 ], [ 131.907718266571777, 43.117925779370509 ], [ 131.907764641261025, 43.117909454562664 ], [ 131.907800031259228, 43.117896934569373 ], [ 131.907685725731227, 43.117572010105391 ], [ 131.907547473992736, 43.117482176505895 ], [ 131.907511465764799, 43.117342402228061 ], [ 131.907504423768501, 43.117321412652984 ], [ 131.907491397245394, 43.117270601303588 ], [ 131.906830036148961, 43.117247867313608 ], [ 131.906702149239607, 43.117299694098136 ], [ 131.90665813292901, 43.117361630135463 ], [ 131.906671460803864, 43.117453393994154 ], [ 131.906816935351344, 43.11757996852478 ], [ 131.906840436343629, 43.117676757255794 ] ] } },
{ "type": "Feature", "properties": { "fid": 239, "Layer": "6 - утвержденные границы территорий окн", "PaperSpace": null, "SubClasses": "AcDbEntity:AcDbPolyline", "Linetype": "ByLayer", "EntityHandle": "1595", "Text": null, "ogr_style": "PEN(c:#000000)", "font": null, "angle": null, "size": null, "size_u": null, "anchor": null, "color": "#000000", "underline": null, "plaintext": null, "fcolor": null, "flnum": null, "bold": null, "italic": null, "dx": null, "dx_u": null, "dy": null, "dy_u": null }, "geometry": { "type": "LineString", "coordinates": [ [ 131.885140889618839, 43.115693293265636 ], [ 131.885833389288933, 43.115561626417858 ], [ 131.885712555835738, 43.115211070952334 ], [ 131.885020333943572, 43.115342737799537 ], [ 131.885140889618839, 43.115693293265636 ] ] } },
{ "type": "Feature", "properties": { "fid": 240, "Layer": "6 - утвержденные границы территорий окн", "PaperSpace": null, "SubClasses": "AcDbEntity:AcDbPolyline", "Linetype": "ByLayer", "EntityHandle": "1597", "Text": null, "ogr_style": "PEN(c:#000000)", "font": null, "angle": null, "size": null, "size_u": null, "anchor": null, "color": "#000000", "underline": null, "plaintext": null, "fcolor": null, "flnum": null, "bold": null, "italic": null, "dx": null, "dx_u": null, "dy": null, "dy_u": null }, "geometry": { "type": "LineString", "coordinates": [ [ 131.88328906922996, 43.112202166572217 ], [ 131.883483563756158, 43.112530352574929 ], [ 131.883968105162268, 43.112375113570138 ], [ 131.883770274522618, 43.112040197012931 ], [ 131.88328906922996, 43.112202166572217 ] ] } },
{ "type": "Feature", "properties": { "fid": 241, "Layer": "6 - утвержденные границы территорий окн", "PaperSpace": null, "SubClasses": "AcDbEntity:AcDbPolyline", "Linetype": "ByLayer", "EntityHandle": "1599", "Text": null, "ogr_style": "PEN(c:#000000)", "font": null, "angle": null, "size": null, "size_u": null, "anchor": null, "color": "#000000", "underline": null, "plaintext": null, "fcolor": null, "flnum": null, "bold": null, "italic": null, "dx": null, "dx_u": null, "dy": null, "dy_u": null }, "geometry": { "type": "LineString", "coordinates": [ [ 131.89990676209294, 43.116316023147682 ], [ 131.899930052459297, 43.116319562850776 ], [ 131.899947332133195, 43.116323614759203 ], [ 131.90015245291039, 43.11637100040349 ], [ 131.900218018298688, 43.116241064785022 ], [ 131.900195535829596, 43.116234816418739 ], [ 131.899971680786166, 43.116184384122612 ], [ 131.89990676209294, 43.116316023147682 ] ] } },
{ "type": "Feature", "properties": { "fid": 242, "Layer": "6 - утвержденные границы территорий окн", "PaperSpace": null, "SubClasses": "AcDbEntity:AcDbPolyline", "Linetype": "ByLayer", "EntityHandle": "159B", "Text": null, "ogr_style": "PEN(c:#000000)", "font": null, "angle": null, "size": null, "size_u": null, "anchor": null, "color": "#000000", "underline": null, "plaintext": null, "fcolor": null, "flnum": null, "bold": null, "italic": null, "dx": null, "dx_u": null, "dy": null, "dy_u": null }, "geometry": { "type": "LineString", "coordinates": [ [ 131.89990530637192, 43.116081016277136 ], [ 131.900232842282406, 43.116155939932135 ], [ 131.900251023175059, 43.116117496703779 ], [ 131.900273215973925, 43.116070460817866 ], [ 131.90027546328929, 43.116065936962784 ], [ 131.900303674799318, 43.116006057084661 ], [ 131.900304145360963, 43.116004972071259 ], [ 131.899967945255298, 43.115926717739292 ], [ 131.89994366270875, 43.115986466900267 ], [ 131.89990530637192, 43.116081016277136 ] ] } },
{ "type": "Feature", "properties": { "fid": 243, "Layer": "6 - утвержденные границы территорий окн", "PaperSpace": null, "SubClasses": "AcDbEntity:AcDbPolyline", "Linetype": "ByLayer", "EntityHandle": "159D", "Text": null, "ogr_style": "PEN(c:#000000)", "font": null, "angle": null, "size": null, "size_u": null, "anchor": null, "color": "#000000", "underline": null, "plaintext": null, "fcolor": null, "flnum": null, "bold": null, "italic": null, "dx": null, "dx_u": null, "dy": null, "dy_u": null }, "geometry": { "type": "LineString", "coordinates": [ [ 131.899324378078262, 43.116016811691964 ], [ 131.899518218071819, 43.116059094346944 ], [ 131.899534134232425, 43.116062530325607 ], [ 131.899549694225897, 43.116021954003621 ], [ 131.899582450764427, 43.115936463850396 ], [ 131.899586196295246, 43.115926793825182 ], [ 131.899600936183901, 43.115888296254639 ], [ 131.899393324371516, 43.115845435970812 ], [ 131.899324378078262, 43.116016811691964 ] ] } },
{ "type": "Feature", "properties": { "fid": 244, "Layer": "6 - утвержденные границы территорий окн", "PaperSpace": null, "SubClasses": "AcDbEntity:AcDbPolyline", "Linetype": "ByLayer", "EntityHandle": "159F", "Text": null, "ogr_style": "PEN(c:#000000)", "font": null, "angle": null, "size": null, "size_u": null, "anchor": null, "color": "#000000", "underline": null, "plaintext": null, "fcolor": null, "flnum": null, "bold": null, "italic": null, "dx": null, "dx_u": null, "dy": null, "dy_u": null }, "geometry": { "type": "LineString", "coordinates": [ [ 131.899202717153628, 43.115990165113637 ], [ 131.899269347242921, 43.116004778670217 ], [ 131.899324378078262, 43.116016811691964 ], [ 131.899393324371516, 43.115845435970812 ], [ 131.899269596219, 43.115819890974066 ], [ 131.899240548496351, 43.115893821150074 ], [ 131.899210563007756, 43.115970101325843 ], [ 131.899202717153628, 43.115990165113637 ] ] } },
{ "type": "Feature", "properties": { "fid": 245, "Layer": "6 - утвержденные границы территорий окн", "PaperSpace": null, "SubClasses": "AcDbEntity:AcDbPolyline", "Linetype": "ByLayer", "EntityHandle": "15A1", "Text": null, "ogr_style": "PEN(c:#000000)", "font": null, "angle": null, "size": null, "size_u": null, "anchor": null, "color": "#000000", "underline": null, "plaintext": null, "fcolor": null, "flnum": null, "bold": null, "italic": null, "dx": null, "dx_u": null, "dy": null, "dy_u": null }, "geometry": { "type": "LineString", "coordinates": [ [ 131.936797446179412, 43.116508145490705 ], [ 131.936898563520145, 43.116421375784554 ], [ 131.936983415295515, 43.116332259097838 ], [ 131.937100833257801, 43.11623109346958 ], [ 131.937214555287056, 43.116154180405282 ], [ 131.93736151176472, 43.116074122349104 ], [ 131.937454974923924, 43.116035050216972 ], [ 131.937303342673232, 43.115910740684683 ], [ 131.93720935894774, 43.115960709715395 ], [ 131.937214867712726, 43.115965871665288 ], [ 131.936995902129865, 43.116101154784339 ], [ 131.936905428432368, 43.116148475782587 ], [ 131.936849039336551, 43.116179771178132 ], [ 131.936722727367794, 43.116247636866191 ], [ 131.936557016323519, 43.11633617514007 ], [ 131.936658770353063, 43.116504133216495 ], [ 131.936797446179412, 43.116508145490705 ] ] } },
{ "type": "Feature", "properties": { "fid": 246, "Layer": "6 - утвержденные границы территорий окн", "PaperSpace": null, "SubClasses": "AcDbEntity:AcDbPolyline", "Linetype": "ByLayer", "EntityHandle": "15A3", "Text": null, "ogr_style": "PEN(c:#000000)", "font": null, "angle": null, "size": null, "size_u": null, "anchor": null, "color": "#000000", "underline": null, "plaintext": null, "fcolor": null, "flnum": null, "bold": null, "italic": null, "dx": null, "dx_u": null, "dy": null, "dy_u": null }, "geometry": { "type": "LineString", "coordinates": [ [ 131.881656551711671, 43.113012390083256 ], [ 131.881396551769882, 43.11305766789971 ], [ 131.881500440730974, 43.113393778930018 ], [ 131.881915162860622, 43.113319889980225 ], [ 131.881839051709761, 43.113119890031136 ], [ 131.88169960729374, 43.113137945608599 ], [ 131.881656551711671, 43.113012390083256 ] ] } },
{ "type": "Feature", "properties": { "fid": 247, "Layer": "6 - утвержденные границы территорий окн", "PaperSpace": null, "SubClasses": "AcDbEntity:AcDbPolyline", "Linetype": "ByLayer", "EntityHandle": "15A5", "Text": null, "ogr_style": "PEN(c:#000000)", "font": null, "angle": null, "size": null, "size_u": null, "anchor": null, "color": "#000000", "underline": null, "plaintext": null, "fcolor": null, "flnum": null, "bold": null, "italic": null, "dx": null, "dx_u": null, "dy": null, "dy_u": null }, "geometry": { "type": "LineString", "coordinates": [ [ 131.881901307262211, 43.113600485512613 ], [ 131.881567271120929, 43.113660323863215 ], [ 131.881641372267637, 43.113848955449839 ], [ 131.881985770410637, 43.113778299906947 ], [ 131.881901307262211, 43.113600485512613 ] ] } },
{ "type": "Feature", "properties": { "fid": 248, "Layer": "6 - утвержденные границы территорий окн", "PaperSpace": null, "SubClasses": "AcDbEntity:AcDbPolyline", "Linetype": "ByLayer", "EntityHandle": "15A7", "Text": null, "ogr_style": "PEN(c:#000000)", "font": null, "angle": null, "size": null, "size_u": null, "anchor": null, "color": "#000000", "underline": null, "plaintext": null, "fcolor": null, "flnum": null, "bold": null, "italic": null, "dx": null, "dx_u": null, "dy": null, "dy_u": null }, "geometry": { "type": "LineString", "coordinates": [ [ 131.882569329905778, 43.115148222859879 ], [ 131.882147107777655, 43.11522322292155 ], [ 131.882288774522664, 43.115606556159101 ], [ 131.882699885543502, 43.115537111653431 ], [ 131.882569329905778, 43.115148222859879 ] ] } },
{ "type": "Feature", "properties": { "fid": 249, "Layer": "6 - утвержденные границы территорий окн", "PaperSpace": null, "SubClasses": "AcDbEntity:AcDbPolyline", "Linetype": "ByLayer", "EntityHandle": "15A9", "Text": null, "ogr_style": "PEN(c:#000000)", "font": null, "angle": null, "size": null, "size_u": null, "anchor": null, "color": "#000000", "underline": null, "plaintext": null, "fcolor": null, "flnum": null, "bold": null, "italic": null, "dx": null, "dx_u": null, "dy": null, "dy_u": null }, "geometry": { "type": "LineString", "coordinates": [ [ 131.913498198344399, 43.112056100794803 ], [ 131.913433574763985, 43.111893567049293 ], [ 131.91335541501121, 43.111696987488926 ], [ 131.913297823855629, 43.111552139156643 ], [ 131.912952249026205, 43.11163815322908 ], [ 131.913071901367715, 43.111952678978923 ], [ 131.912606111653048, 43.112050335356351 ], [ 131.912490732167043, 43.111752955699799 ], [ 131.912026853747733, 43.111868392726642 ], [ 131.911798509825303, 43.11194196060756 ], [ 131.911626652854636, 43.112003999872435 ], [ 131.911386967674503, 43.112139441792834 ], [ 131.911282566633901, 43.112273659789579 ], [ 131.911275650705733, 43.112347632048049 ], [ 131.911281032538, 43.112384300870183 ], [ 131.911328618526653, 43.112500009947482 ], [ 131.911356728561628, 43.112512773165442 ], [ 131.913498198344399, 43.112056100794803 ] ] } },
{ "type": "Feature", "properties": { "fid": 250, "Layer": "6 - утвержденные границы территорий окн", "PaperSpace": null, "SubClasses": "AcDbEntity:AcDbPolyline", "Linetype": "ByLayer", "EntityHandle": "15AB", "Text": null, "ogr_style": "PEN(c:#000000)", "font": null, "angle": null, "size": null, "size_u": null, "anchor": null, "color": "#000000", "underline": null, "plaintext": null, "fcolor": null, "flnum": null, "bold": null, "italic": null, "dx": null, "dx_u": null, "dy": null, "dy_u": null }, "geometry": { "type": "LineString", "coordinates": [ [ 131.911002072881757, 43.113495117319495 ], [ 131.911038425788206, 43.113485972710968 ], [ 131.911191482166998, 43.113446480061413 ], [ 131.911321647867169, 43.113417667587797 ], [ 131.911364345634581, 43.113407497129643 ], [ 131.911293282229508, 43.113222888223795 ], [ 131.911504301611302, 43.113181794402024 ], [ 131.911496232468153, 43.113160093494002 ], [ 131.911699154769622, 43.113119594205614 ], [ 131.911573494603147, 43.11280540861253 ], [ 131.911491740378068, 43.112731630784957 ], [ 131.911448134008822, 43.112682753899293 ], [ 131.9113254080996, 43.112726604306999 ], [ 131.910985438992725, 43.112883983721289 ], [ 131.910786932990135, 43.112974447219209 ], [ 131.91054172099885, 43.113108243462356 ], [ 131.910574422126217, 43.11313454593602 ], [ 131.910637973745139, 43.113205712685641 ], [ 131.910710429777936, 43.113395294738503 ], [ 131.910933698009586, 43.113342106507353 ], [ 131.911002072881757, 43.113495117319495 ] ] } },
{ "type": "Feature", "properties": { "fid": 251, "Layer": "6 - утвержденные границы территорий окн", "PaperSpace": null, "SubClasses": "AcDbEntity:AcDbPolyline", "Linetype": "ByLayer", "EntityHandle": "15AD", "Text": null, "ogr_style": "PEN(c:#000000)", "font": null, "angle": null, "size": null, "size_u": null, "anchor": null, "color": "#000000", "underline": null, "plaintext": null, "fcolor": null, "flnum": null, "bold": null, "italic": null, "dx": null, "dx_u": null, "dy": null, "dy_u": null }, "geometry": { "type": "LineString", "coordinates": [ [ 131.91346948684162, 43.112534273470118 ], [ 131.914183021668634, 43.112372431809973 ], [ 131.914130080172953, 43.112242445701597 ], [ 131.914216153798435, 43.112224135786164 ], [ 131.914139901716283, 43.112033191776263 ], [ 131.913947290822279, 43.112072088735793 ], [ 131.91393272328105, 43.112033231997671 ], [ 131.913334135990283, 43.112160563033555 ], [ 131.91346948684162, 43.112534273470118 ] ] } },
{ "type": "Feature", "properties": { "fid": 252, "Layer": "6 - утвержденные границы территорий окн", "PaperSpace": null, "SubClasses": "AcDbEntity:AcDbPolyline", "Linetype": "ByLayer", "EntityHandle": "15AF", "Text": null, "ogr_style": "PEN(c:#000000)", "font": null, "angle": null, "size": null, "size_u": null, "anchor": null, "color": "#000000", "underline": null, "plaintext": null, "fcolor": null, "flnum": null, "bold": null, "italic": null, "dx": null, "dx_u": null, "dy": null, "dy_u": null }, "geometry": { "type": "LineString", "coordinates": [ [ 131.90186151636675, 43.113070566765366 ], [ 131.902114601444254, 43.113693890716789 ], [ 131.902344831944021, 43.113750373630509 ], [ 131.902436284686019, 43.113879853844296 ], [ 131.902478283651476, 43.113923344646963 ], [ 131.902578273196667, 43.11411313450769 ], [ 131.902631016434896, 43.114134010848908 ], [ 131.902776013089721, 43.11434484703139 ], [ 131.902893749088264, 43.114480085270657 ], [ 131.903284681691929, 43.114523378848439 ], [ 131.903680107468688, 43.114595698439622 ], [ 131.903930089127044, 43.114885555037958 ], [ 131.903915936971714, 43.114890742544347 ], [ 131.903982705199013, 43.114969710673378 ], [ 131.904094151246142, 43.115109873576358 ], [ 131.904111905128644, 43.115132102406456 ], [ 131.904129158958597, 43.115153886362371 ], [ 131.904077450890412, 43.115199338991438 ], [ 131.904135861916984, 43.115252740253254 ], [ 131.904169632975595, 43.115283624072326 ], [ 131.904204770981096, 43.115283529489915 ], [ 131.904424072639159, 43.115276392940238 ], [ 131.904440526491328, 43.115275862118075 ], [ 131.904491360404364, 43.115274164342495 ], [ 131.904487669486087, 43.115254850022716 ], [ 131.9045529221344, 43.115249042023663 ], [ 131.904551150406661, 43.11523366832246 ], [ 131.904613377018308, 43.115198457699996 ], [ 131.904759501443152, 43.115181278633116 ], [ 131.905111513105993, 43.115130457174835 ], [ 131.905365783246538, 43.115089111073218 ], [ 131.905347103513009, 43.114987321241813 ], [ 131.9058805891178, 43.114752607583036 ], [ 131.905888095473074, 43.11475955053475 ], [ 131.906067174449333, 43.114680368961032 ], [ 131.906072934906348, 43.114685979861861 ], [ 131.906157667785578, 43.114651974677642 ], [ 131.906146933548229, 43.114636964192748 ], [ 131.906301854449708, 43.114610960540595 ], [ 131.906341234699852, 43.114709384599671 ], [ 131.906367466498381, 43.114775990991347 ], [ 131.906423570038015, 43.114989276796635 ], [ 131.90654279293588, 43.114991451988878 ], [ 131.906543385143721, 43.114971283092004 ], [ 131.906576366512468, 43.114955008003157 ], [ 131.906634459274414, 43.114972856466956 ], [ 131.906988972093757, 43.115171697146863 ], [ 131.907033910444369, 43.115223774038711 ], [ 131.907220878657398, 43.115200074696531 ], [ 131.907814570059713, 43.115048077001099 ], [ 131.907978869729334, 43.114967156012689 ], [ 131.90798343558933, 43.114885827441043 ], [ 131.908004480214032, 43.114798926589671 ], [ 131.90800863496483, 43.114721742857391 ], [ 131.908027872248738, 43.114649352782543 ], [ 131.908037595609073, 43.114618557387672 ], [ 131.90807667405187, 43.114555592056789 ], [ 131.908126819146872, 43.114486750711976 ], [ 131.908182694438295, 43.114428291102293 ], [ 131.908225289913247, 43.114394633089255 ], [ 131.908315819828886, 43.114336532680412 ], [ 131.908356076482505, 43.114315320660126 ], [ 131.908403749503833, 43.114290070856448 ], [ 131.908426370698578, 43.114278133695208 ], [ 131.908542681447642, 43.11421265366036 ], [ 131.908658990200905, 43.114147083515142 ], [ 131.908714070588758, 43.114117345827303 ], [ 131.908856816749363, 43.114040248566845 ], [ 131.908930569616473, 43.113997714538385 ], [ 131.909062083921384, 43.113924334525919 ], [ 131.909073634825347, 43.113918093339898 ], [ 131.909110609230424, 43.113898715497292 ], [ 131.909185524957735, 43.113859139590588 ], [ 131.909259836877368, 43.113820110001072 ], [ 131.909296565488035, 43.113800734660181 ], [ 131.909385376747565, 43.113749132194258 ], [ 131.909428528341863, 43.113725189256712 ], [ 131.910130601786676, 43.113334777583816 ], [ 131.91036529178939, 43.113203162257697 ], [ 131.91054172099885, 43.113108243462356 ], [ 131.910574422126217, 43.11313454593602 ], [ 131.910637973745139, 43.113205712685641 ], [ 131.910710429777936, 43.113395294738503 ], [ 131.910933698009586, 43.113342106507353 ], [ 131.911002072881757, 43.113495117319495 ], [ 131.911038425788206, 43.113485972710968 ], [ 131.91104124305096, 43.113491889818569 ], [ 131.911049830181554, 43.113510162695562 ], [ 131.911125110669161, 43.113672659192282 ], [ 131.911140200617666, 43.113703105852615 ], [ 131.91114646821103, 43.11371582217221 ], [ 131.911826071876391, 43.113541393978188 ], [ 131.911831942798415, 43.113558975064173 ], [ 131.911853736187794, 43.113555056959349 ], [ 131.912089420381108, 43.113506238982112 ], [ 131.914420180410559, 43.112985811071816 ], [ 131.914433094057244, 43.112929778311759 ], [ 131.914413352440079, 43.112875077462427 ], [ 131.914203419235577, 43.112416951822709 ], [ 131.914183021668634, 43.112372431809973 ], [ 131.914130080172953, 43.112242445701597 ], [ 131.914216153798435, 43.112224135786164 ], [ 131.914139901716283, 43.112033191776263 ], [ 131.914166347335566, 43.112027856721795 ], [ 131.914320015679237, 43.111988533505077 ], [ 131.915009679366193, 43.111839994648236 ], [ 131.915396778851715, 43.111756549738516 ], [ 131.915460775339454, 43.111743277660459 ], [ 131.915522962655842, 43.111731734731848 ], [ 131.9155840128237, 43.111718583462491 ], [ 131.915694619360096, 43.111695101616661 ], [ 131.916020347702442, 43.111627329632292 ], [ 131.916204393857953, 43.1115771540818 ], [ 131.916703160776478, 43.111468140904741 ], [ 131.916893826832109, 43.11142356559936 ], [ 131.916841344081831, 43.111302959511278 ], [ 131.91726382555666, 43.111213466443935 ], [ 131.917639915364049, 43.111126528956731 ], [ 131.918164881192666, 43.11101309389953 ], [ 131.919454139375233, 43.110730054142728 ], [ 131.919463335924888, 43.110729147374734 ], [ 131.919506139650537, 43.11073166789437 ], [ 131.919696972632408, 43.110720930774484 ], [ 131.919613993140047, 43.109827441115826 ], [ 131.919606623386727, 43.109702041465169 ], [ 131.919538960402434, 43.109709863651588 ], [ 131.919486169900807, 43.109711768698098 ], [ 131.919439748938657, 43.109712706653681 ], [ 131.919392608614601, 43.10971455227299 ], [ 131.919359361078278, 43.109459626851695 ], [ 131.919351045735453, 43.109373752507636 ], [ 131.919346277834791, 43.109324745918663 ], [ 131.919377739292514, 43.109231162550508 ], [ 131.919350782499606, 43.109040259745349 ], [ 131.919263940364488, 43.108808850626772 ], [ 131.918969095850287, 43.108878107640223 ], [ 131.918881131975212, 43.108714849316037 ], [ 131.918727126151651, 43.108761473206314 ], [ 131.918812884935306, 43.108912513140609 ], [ 131.914728552799744, 43.110156828195699 ], [ 131.912017247704995, 43.1105677324583 ], [ 131.909916798589506, 43.110816393585431 ], [ 131.907838423907322, 43.111653106665749 ], [ 131.907824257899051, 43.111682868152791 ], [ 131.907141639237039, 43.111961178136603 ], [ 131.906287619487415, 43.111966458428498 ], [ 131.905587226275173, 43.112114066058041 ], [ 131.90186151636675, 43.113070566765366 ] ] } },
{ "type": "Feature", "properties": { "fid": 253, "Layer": "6 - утвержденные границы территорий окн", "PaperSpace": null, "SubClasses": "AcDbEntity:AcDbPolyline", "Linetype": "ByLayer", "EntityHandle": "15B1", "Text": null, "ogr_style": "PEN(c:#000000)", "font": null, "angle": null, "size": null, "size_u": null, "anchor": null, "color": "#000000", "underline": null, "plaintext": null, "fcolor": null, "flnum": null, "bold": null, "italic": null, "dx": null, "dx_u": null, "dy": null, "dy_u": null }, "geometry": { "type": "LineString", "coordinates": [ [ 131.885688912080212, 43.116155651548929 ], [ 131.886340265122897, 43.116021628731524 ], [ 131.886244723830202, 43.115746807631098 ], [ 131.885600031020715, 43.115882022049774 ], [ 131.885688912080212, 43.116155651548929 ] ] } },
{ "type": "Feature", "properties": { "fid": 254, "Layer": "6 - утвержденные границы территорий окн", "PaperSpace": null, "SubClasses": "AcDbEntity:AcDbPolyline", "Linetype": "ByLayer", "EntityHandle": "15B3", "Text": null, "ogr_style": "PEN(c:#000000)", "font": null, "angle": null, "size": null, "size_u": null, "anchor": null, "color": "#000000", "underline": null, "plaintext": null, "fcolor": null, "flnum": null, "bold": null, "italic": null, "dx": null, "dx_u": null, "dy": null, "dy_u": null }, "geometry": { "type": "LineString", "coordinates": [ [ 131.87707615858713, 43.125324757481579 ], [ 131.877044005851332, 43.125317381194108 ], [ 131.876676497586203, 43.125436325670194 ], [ 131.87669719195344, 43.125560499528213 ], [ 131.876882372968026, 43.125579955896129 ], [ 131.8769081659851, 43.125559174514798 ], [ 131.877327476171331, 43.125606057459514 ], [ 131.877437005805348, 43.125411570360633 ], [ 131.877439120718378, 43.125345427026481 ], [ 131.877402137938333, 43.12527705623193 ], [ 131.877151751911754, 43.12530110443776 ], [ 131.87707615858713, 43.125324757481579 ] ] } },
{ "type": "Feature", "properties": { "fid": 255, "Layer": "6 - утвержденные границы территорий окн", "PaperSpace": null, "SubClasses": "AcDbEntity:AcDbPolyline", "Linetype": "ByLayer", "EntityHandle": "15B5", "Text": null, "ogr_style": "PEN(c:#000000)", "font": null, "angle": null, "size": null, "size_u": null, "anchor": null, "color": "#000000", "underline": null, "plaintext": null, "fcolor": null, "flnum": null, "bold": null, "italic": null, "dx": null, "dx_u": null, "dy": null, "dy_u": null }, "geometry": { "type": "LineString", "coordinates": [ [ 131.890541576099764, 43.116148104020347 ], [ 131.890381700715182, 43.116101857315023 ], [ 131.890318450064711, 43.116218981850281 ], [ 131.890478450273946, 43.116265317375358 ], [ 131.890541576099764, 43.116148104020347 ] ] } },
{ "type": "Feature", "properties": { "fid": 256, "Layer": "6 - утвержденные границы территорий окн", "PaperSpace": null, "SubClasses": "AcDbEntity:AcDbPolyline", "Linetype": "ByLayer", "EntityHandle": "15B7", "Text": null, "ogr_style": "PEN(c:#000000)", "font": null, "angle": null, "size": null, "size_u": null, "anchor": null, "color": "#000000", "underline": null, "plaintext": null, "fcolor": null, "flnum": null, "bold": null, "italic": null, "dx": null, "dx_u": null, "dy": null, "dy_u": null }, "geometry": { "type": "LineString", "coordinates": [ [ 131.879280221280311, 43.116571084993062 ], [ 131.879408598842758, 43.116926949382119 ], [ 131.880132457057783, 43.11679240523636 ], [ 131.880128029689246, 43.116779218445238 ], [ 131.880076076700391, 43.116637617251847 ], [ 131.8800733435165, 43.116629543933172 ], [ 131.880077383786443, 43.116628782762355 ], [ 131.880040494124472, 43.116536445146224 ], [ 131.880069808273788, 43.116527235929816 ], [ 131.880025836388995, 43.116430739728443 ], [ 131.87937460811429, 43.116552843718644 ], [ 131.879280221280311, 43.116571084993062 ] ] } },
{ "type": "Feature", "properties": { "fid": 257, "Layer": "6 - утвержденные границы территорий окн", "PaperSpace": null, "SubClasses": "AcDbEntity:AcDbPolyline", "Linetype": "ByLayer", "EntityHandle": "15B9", "Text": null, "ogr_style": "PEN(c:#000000)", "font": null, "angle": null, "size": null, "size_u": null, "anchor": null, "color": "#000000", "underline": null, "plaintext": null, "fcolor": null, "flnum": null, "bold": null, "italic": null, "dx": null, "dx_u": null, "dy": null, "dy_u": null }, "geometry": { "type": "LineString", "coordinates": [ [ 131.875367361212199, 43.114938070729202 ], [ 131.875494501580789, 43.115047408499464 ], [ 131.875704643146918, 43.114828170767666 ], [ 131.875676134705259, 43.114814957645535 ], [ 131.875526857917464, 43.114737078501811 ], [ 131.875505723987175, 43.1147370224691 ], [ 131.875461997708641, 43.114770319723569 ], [ 131.87544326897526, 43.114793552511209 ], [ 131.875423337271769, 43.114818147660557 ], [ 131.875367361212199, 43.114938070729202 ] ] } },
{ "type": "Feature", "properties": { "fid": 258, "Layer": "6 - утвержденные границы территорий окн", "PaperSpace": null, "SubClasses": "AcDbEntity:AcDbPolyline", "Linetype": "ByLayer", "EntityHandle": "15BB", "Text": null, "ogr_style": "PEN(c:#000000)", "font": null, "angle": null, "size": null, "size_u": null, "anchor": null, "color": "#000000", "underline": null, "plaintext": null, "fcolor": null, "flnum": null, "bold": null, "italic": null, "dx": null, "dx_u": null, "dy": null, "dy_u": null }, "geometry": { "type": "LineString", "coordinates": [ [ 131.908936265332642, 43.118970593776531 ], [ 131.908970591216928, 43.118958134336246 ], [ 131.90898421227962, 43.118950881460997 ], [ 131.909150930304065, 43.118911789290095 ], [ 131.90922627845697, 43.118894171843671 ], [ 131.909160250431711, 43.118771633242091 ], [ 131.909056517313388, 43.118558835183883 ], [ 131.908771394085818, 43.11863297453192 ], [ 131.908936265332642, 43.118970593776531 ] ] } },
{ "type": "Feature", "properties": { "fid": 259, "Layer": "6 - утвержденные границы территорий окн", "PaperSpace": null, "SubClasses": "AcDbEntity:AcDbPolyline", "Linetype": "ByLayer", "EntityHandle": "15BD", "Text": null, "ogr_style": "PEN(c:#000000)", "font": null, "angle": null, "size": null, "size_u": null, "anchor": null, "color": "#000000", "underline": null, "plaintext": null, "fcolor": null, "flnum": null, "bold": null, "italic": null, "dx": null, "dx_u": null, "dy": null, "dy_u": null }, "geometry": { "type": "LineString", "coordinates": [ [ 131.882766617029517, 43.116958395064323 ], [ 131.88317544760173, 43.116908862364525 ], [ 131.883385962800389, 43.116897985177708 ], [ 131.883179125684762, 43.116345618189904 ], [ 131.882590658223677, 43.11645953970195 ], [ 131.882766617029517, 43.116958395064323 ] ] } },
{ "type": "Feature", "properties": { "fid": 260, "Layer": "6 - утвержденные границы территорий окн", "PaperSpace": null, "SubClasses": "AcDbEntity:AcDbPolyline", "Linetype": "ByLayer", "EntityHandle": "15BF", "Text": null, "ogr_style": "PEN(c:#000000)", "font": null, "angle": null, "size": null, "size_u": null, "anchor": null, "color": "#000000", "underline": null, "plaintext": null, "fcolor": null, "flnum": null, "bold": null, "italic": null, "dx": null, "dx_u": null, "dy": null, "dy_u": null }, "geometry": { "type": "LineString", "coordinates": [ [ 131.900860918194411, 43.115391864723513 ], [ 131.900881623994024, 43.115356283607163 ], [ 131.900940352366888, 43.115371728130178 ], [ 131.90102816814175, 43.115183763124023 ], [ 131.900847719987553, 43.115136329594613 ], [ 131.900776306888872, 43.115286487207413 ], [ 131.900755494633898, 43.115324174902568 ], [ 131.900776621129836, 43.115335365447926 ], [ 131.90075029976822, 43.115387107633971 ], [ 131.900697269238151, 43.115372872246247 ], [ 131.900706118836979, 43.115357291059546 ], [ 131.900561238287594, 43.115320173490062 ], [ 131.90069605378946, 43.115043548780427 ], [ 131.90044598007421, 43.114983609040529 ], [ 131.900315434229867, 43.115259294492773 ], [ 131.900119735580745, 43.115207860137865 ], [ 131.900220439456319, 43.115000416115549 ], [ 131.900058143430016, 43.114947074819177 ], [ 131.900043511320746, 43.114982117340666 ], [ 131.900080037369975, 43.114992459952674 ], [ 131.900002878664566, 43.115140422092516 ], [ 131.899693825497479, 43.115064325731254 ], [ 131.899629626735418, 43.115208420152314 ], [ 131.899937977552355, 43.115281333413925 ], [ 131.900320830338984, 43.115380454901945 ], [ 131.900312832705993, 43.115398168644553 ], [ 131.900394451503331, 43.115416484287273 ], [ 131.900403325960013, 43.115398513049982 ], [ 131.900483691701652, 43.115418833818374 ], [ 131.900474309693379, 43.115439252363821 ], [ 131.90062749383921, 43.115473501282132 ], [ 131.900639566641985, 43.115451116514848 ], [ 131.900718146855269, 43.115470685544153 ], [ 131.900707905808844, 43.115491010501302 ], [ 131.90081307947122, 43.115516152323252 ], [ 131.900821218944799, 43.115497528280756 ], [ 131.900869822679681, 43.115510096635575 ], [ 131.900917758041544, 43.115408594062259 ], [ 131.900860918194411, 43.115391864723513 ] ] } },
{ "type": "Feature", "properties": { "fid": 261, "Layer": "6 - утвержденные границы территорий окн", "PaperSpace": null, "SubClasses": "AcDbEntity:AcDbPolyline", "Linetype": "ByLayer", "EntityHandle": "15C1", "Text": null, "ogr_style": "PEN(c:#000000)", "font": null, "angle": null, "size": null, "size_u": null, "anchor": null, "color": "#000000", "underline": null, "plaintext": null, "fcolor": null, "flnum": null, "bold": null, "italic": null, "dx": null, "dx_u": null, "dy": null, "dy_u": null }, "geometry": { "type": "LineString", "coordinates": [ [ 131.893011424185886, 43.114894429897937 ], [ 131.892947469933063, 43.114878254976844 ], [ 131.892838272631394, 43.114899089994253 ], [ 131.892775284158773, 43.114946183670291 ], [ 131.892847043646867, 43.115138972532044 ], [ 131.893091137592592, 43.115091907497764 ], [ 131.893011424185886, 43.114894429897937 ] ] } },
{ "type": "Feature", "properties": { "fid": 262, "Layer": "6 - утвержденные границы территорий окн", "PaperSpace": null, "SubClasses": "AcDbEntity:AcDbPolyline", "Linetype": "ByLayer", "EntityHandle": "15C3", "Text": null, "ogr_style": "PEN(c:#000000)", "font": null, "angle": null, "size": null, "size_u": null, "anchor": null, "color": "#000000", "underline": null, "plaintext": null, "fcolor": null, "flnum": null, "bold": null, "italic": null, "dx": null, "dx_u": null, "dy": null, "dy_u": null }, "geometry": { "type": "LineString", "coordinates": [ [ 131.890271314867363, 43.120857344429027 ], [ 131.890497853732256, 43.120822706622867 ], [ 131.890523876589299, 43.120757000845082 ], [ 131.890514818252029, 43.120726669644213 ], [ 131.890784590188161, 43.120678175989347 ], [ 131.890766841161678, 43.120623900720787 ], [ 131.890759930760709, 43.120603088792507 ], [ 131.890723135478964, 43.120490951063282 ], [ 131.890690447113144, 43.120387952430079 ], [ 131.890679866347455, 43.120355116517565 ], [ 131.890665407323297, 43.120312239025338 ], [ 131.890547712127272, 43.120319747214054 ], [ 131.890507869327564, 43.120324566497622 ], [ 131.890380811015802, 43.120350082979478 ], [ 131.89029258511124, 43.120369350293252 ], [ 131.890229188187419, 43.120382602143145 ], [ 131.890180263783435, 43.12039444538042 ], [ 131.890146986376692, 43.120408468468668 ], [ 131.89010518072331, 43.12043275037081 ], [ 131.89006323078624, 43.120462344456293 ], [ 131.890053313329616, 43.120470637251898 ], [ 131.890084307053627, 43.120497863186827 ], [ 131.890097140913724, 43.120526445479008 ], [ 131.890068030863233, 43.12053349487465 ], [ 131.890069089350135, 43.120537444557137 ], [ 131.890122729373587, 43.120727360321688 ], [ 131.890135784388804, 43.120773942775905 ], [ 131.890172028645338, 43.120767270267152 ], [ 131.890188965370925, 43.120824074298788 ], [ 131.890215756803173, 43.120817858759047 ], [ 131.890271314867363, 43.120857344429027 ] ] } },
{ "type": "Feature", "properties": { "fid": 263, "Layer": "6 - утвержденные границы территорий окн", "PaperSpace": null, "SubClasses": "AcDbEntity:AcDbPolyline", "Linetype": "ByLayer", "EntityHandle": "15C5", "Text": null, "ogr_style": "PEN(c:#000000)", "font": null, "angle": null, "size": null, "size_u": null, "anchor": null, "color": "#000000", "underline": null, "plaintext": null, "fcolor": null, "flnum": null, "bold": null, "italic": null, "dx": null, "dx_u": null, "dy": null, "dy_u": null }, "geometry": { "type": "LineString", "coordinates": [ [ 131.892189530953743, 43.117524216398671 ], [ 131.89309321956722, 43.117355968614895 ], [ 131.892931393002556, 43.116906580781084 ], [ 131.892573070010826, 43.116968951183601 ], [ 131.892485538403065, 43.116709715210085 ], [ 131.891927001541291, 43.116820316789578 ], [ 131.892189530953743, 43.117524216398671 ] ] } },
{ "type": "Feature", "properties": { "fid": 264, "Layer": "6 - утвержденные границы территорий окн", "PaperSpace": null, "SubClasses": "AcDbEntity:AcDbPolyline", "Linetype": "ByLayer", "EntityHandle": "15C7", "Text": null, "ogr_style": "PEN(c:#000000)", "font": null, "angle": null, "size": null, "size_u": null, "anchor": null, "color": "#000000", "underline": null, "plaintext": null, "fcolor": null, "flnum": null, "bold": null, "italic": null, "dx": null, "dx_u": null, "dy": null, "dy_u": null }, "geometry": { "type": "LineString", "coordinates": [ [ 131.887040331949493, 43.115233069072723 ], [ 131.88711391326558, 43.115445015529062 ], [ 131.887461625944809, 43.115380520462054 ], [ 131.887411969078784, 43.115237728940038 ], [ 131.887206300182442, 43.115276917825327 ], [ 131.887184821393419, 43.115207197982919 ], [ 131.887040331949493, 43.115233069072723 ] ] } },
{ "type": "Feature", "properties": { "fid": 265, "Layer": "6 - утвержденные границы территорий окн", "PaperSpace": null, "SubClasses": "AcDbEntity:AcDbPolyline", "Linetype": "ByLayer", "EntityHandle": "15C9", "Text": null, "ogr_style": "PEN(c:#000000)", "font": null, "angle": null, "size": null, "size_u": null, "anchor": null, "color": "#000000", "underline": null, "plaintext": null, "fcolor": null, "flnum": null, "bold": null, "italic": null, "dx": null, "dx_u": null, "dy": null, "dy_u": null }, "geometry": { "type": "LineString", "coordinates": [ [ 131.893433463111819, 43.114156675657462 ], [ 131.893514976340754, 43.114140265326874 ], [ 131.893560893083816, 43.114132052080009 ], [ 131.893613401791697, 43.11412161072677 ], [ 131.893969788977472, 43.114048905564722 ], [ 131.893874845897244, 43.113787676491967 ], [ 131.89389163232255, 43.113746818267217 ], [ 131.893899566436232, 43.113692819297263 ], [ 131.893899735634733, 43.113669594389222 ], [ 131.893895146879743, 43.113648128658546 ], [ 131.89389235048867, 43.113598380634627 ], [ 131.893877875402808, 43.113554693555336 ], [ 131.893757661387241, 43.113186429668559 ], [ 131.893370061190865, 43.113226510618254 ], [ 131.893367136789493, 43.113208538230381 ], [ 131.893100118134981, 43.113251428919668 ], [ 131.89309312152065, 43.113251770880112 ], [ 131.89321129231115, 43.113564878945397 ], [ 131.893254013277982, 43.113678485290578 ], [ 131.893427633582661, 43.11414098345336 ], [ 131.893433463111819, 43.114156675657462 ] ] } },
{ "type": "Feature", "properties": { "fid": 266, "Layer": "6 - утвержденные границы территорий окн", "PaperSpace": null, "SubClasses": "AcDbEntity:AcDbPolyline", "Linetype": "ByLayer", "EntityHandle": "15CB", "Text": null, "ogr_style": "PEN(c:#000000)", "font": null, "angle": null, "size": null, "size_u": null, "anchor": null, "color": "#000000", "underline": null, "plaintext": null, "fcolor": null, "flnum": null, "bold": null, "italic": null, "dx": null, "dx_u": null, "dy": null, "dy_u": null }, "geometry": { "type": "LineString", "coordinates": [ [ 131.940192521438092, 43.11878123805014 ], [ 131.940209250989483, 43.118869275362364 ], [ 131.940252592349026, 43.118990958369849 ], [ 131.940313327839846, 43.119196256626083 ], [ 131.940424707778789, 43.11945187010658 ], [ 131.941129691524765, 43.119411294619454 ], [ 131.941092239069633, 43.119159841528187 ], [ 131.940883353221466, 43.118691403079737 ], [ 131.940874920913757, 43.118672492989063 ], [ 131.940192521438092, 43.11878123805014 ] ] } },
{ "type": "Feature", "properties": { "fid": 267, "Layer": "6 - утвержденные границы территорий окн", "PaperSpace": null, "SubClasses": "AcDbEntity:AcDbPolyline", "Linetype": "ByLayer", "EntityHandle": "15CD", "Text": null, "ogr_style": "PEN(c:#000000)", "font": null, "angle": null, "size": null, "size_u": null, "anchor": null, "color": "#000000", "underline": null, "plaintext": null, "fcolor": null, "flnum": null, "bold": null, "italic": null, "dx": null, "dx_u": null, "dy": null, "dy_u": null }, "geometry": { "type": "LineString", "coordinates": [ [ 131.938857063140176, 43.12114366382923 ], [ 131.939084858841028, 43.121495931944054 ], [ 131.939165528256837, 43.1215576002419 ], [ 131.939449019386103, 43.121996847912172 ], [ 131.939781405767633, 43.121879298057131 ], [ 131.940310840173652, 43.122384853108386 ], [ 131.940658977805555, 43.122256584820498 ], [ 131.940614857016868, 43.122192234149146 ], [ 131.940403123913541, 43.121883416890967 ], [ 131.940345012878112, 43.121798660089063 ], [ 131.939939293446656, 43.121947952320774 ], [ 131.939316411402643, 43.120984736115446 ], [ 131.938857063140176, 43.12114366382923 ] ] } },
{ "type": "Feature", "properties": { "fid": 268, "Layer": "6 - утвержденные границы территорий окн", "PaperSpace": null, "SubClasses": "AcDbEntity:AcDbPolyline", "Linetype": "ByLayer", "EntityHandle": "15CF", "Text": null, "ogr_style": "PEN(c:#000000)", "font": null, "angle": null, "size": null, "size_u": null, "anchor": null, "color": "#000000", "underline": null, "plaintext": null, "fcolor": null, "flnum": null, "bold": null, "italic": null, "dx": null, "dx_u": null, "dy": null, "dy_u": null }, "geometry": { "type": "LineString", "coordinates": [ [ 131.940579004024812, 43.1211711931388 ], [ 131.94150932037698, 43.122616869718584 ], [ 131.941742875203232, 43.122608257888807 ], [ 131.942200865216819, 43.12243182150786 ], [ 131.941755842959651, 43.121685280443273 ], [ 131.942149726431609, 43.121535806770716 ], [ 131.941652321433793, 43.12081240815133 ], [ 131.940579004024812, 43.1211711931388 ] ] } },
{ "type": "Feature", "properties": { "fid": 269, "Layer": "6 - утвержденные границы территорий окн", "PaperSpace": null, "SubClasses": "AcDbEntity:AcDbPolyline", "Linetype": "ByLayer", "EntityHandle": "15D1", "Text": null, "ogr_style": "PEN(c:#000000)", "font": null, "angle": null, "size": null, "size_u": null, "anchor": null, "color": "#000000", "underline": null, "plaintext": null, "fcolor": null, "flnum": null, "bold": null, "italic": null, "dx": null, "dx_u": null, "dy": null, "dy_u": null }, "geometry": { "type": "LineString", "coordinates": [ [ 131.942433368196845, 43.122790904625212 ], [ 131.942297266502607, 43.122622486747119 ], [ 131.941956512028582, 43.122746394558106 ], [ 131.941559835962011, 43.123133904680735 ], [ 131.942530248822862, 43.123669379142314 ], [ 131.942306420077244, 43.124412086320447 ], [ 131.943239740731968, 43.124562999677558 ], [ 131.943369572474495, 43.124132173323019 ], [ 131.943475031822572, 43.123709408832212 ], [ 131.94422199676805, 43.123178151415615 ], [ 131.944021605352361, 43.122737989378237 ], [ 131.942846844701847, 43.123014855528325 ], [ 131.942433368196845, 43.122790904625212 ] ] } },
{ "type": "Feature", "properties": { "fid": 270, "Layer": "6 - утвержденные границы территорий окн", "PaperSpace": null, "SubClasses": "AcDbEntity:AcDbPolyline", "Linetype": "ByLayer", "EntityHandle": "15D3", "Text": null, "ogr_style": "PEN(c:#000000)", "font": null, "angle": null, "size": null, "size_u": null, "anchor": null, "color": "#000000", "underline": null, "plaintext": null, "fcolor": null, "flnum": null, "bold": null, "italic": null, "dx": null, "dx_u": null, "dy": null, "dy_u": null }, "geometry": { "type": "LineString", "coordinates": [ [ 131.940767014499272, 43.125223426926574 ], [ 131.941010088416192, 43.125270216511687 ], [ 131.941563350029895, 43.12519064139844 ], [ 131.941674435116482, 43.124815188466066 ], [ 131.941315892878038, 43.124687698492146 ], [ 131.94136333832023, 43.124615854122091 ], [ 131.941027901659595, 43.124486952759774 ], [ 131.94089932764939, 43.124545179352914 ], [ 131.940767014499272, 43.125223426926574 ] ] } },
{ "type": "Feature", "properties": { "fid": 271, "Layer": "6 - утвержденные границы территорий окн", "PaperSpace": null, "SubClasses": "AcDbEntity:AcDbPolyline", "Linetype": "ByLayer", "EntityHandle": "15D5", "Text": null, "ogr_style": "PEN(c:#000000)", "font": null, "angle": null, "size": null, "size_u": null, "anchor": null, "color": "#000000", "underline": null, "plaintext": null, "fcolor": null, "flnum": null, "bold": null, "italic": null, "dx": null, "dx_u": null, "dy": null, "dy_u": null }, "geometry": { "type": "LineString", "coordinates": [ [ 131.882956174559922, 43.118114931116203 ], [ 131.882867035381622, 43.117863104596744 ], [ 131.88278724926019, 43.117633574066488 ], [ 131.882496885636698, 43.117688176764261 ], [ 131.88250141422202, 43.117700192270888 ], [ 131.88255622688763, 43.11785616515278 ], [ 131.882577295413256, 43.117918057077418 ], [ 131.882590411464065, 43.117915652733352 ], [ 131.882675844562414, 43.118165761380595 ], [ 131.882796512428399, 43.118144631820286 ], [ 131.88279945395891, 43.118144241797566 ], [ 131.882823081709319, 43.118139680444855 ], [ 131.882881726228305, 43.118128551407246 ], [ 131.882940491864218, 43.118117331093316 ], [ 131.882956174559922, 43.118114931116203 ] ] } }
]
}
