{
"type": "FeatureCollection",
"name": "8_valued_development_XIX_XX",
"crs": { "type": "name", "properties": { "name": "urn:ogc:def:crs:OGC:1.3:CRS84" } },
"features": [
{ "type": "Feature", "properties": { "fid": 1, "Layer": "8 - ценная историческая застройка конец ХIX - начало ХХ века", "PaperSpace": null, "SubClasses": "AcDbEntity:AcDbPolyline", "Linetype": "ByLayer", "EntityHandle": "545", "Text": null, "ogr_style": "PEN(c:#000000)", "font": null, "angle": null, "size": null, "size_u": null, "anchor": null, "color": "#000000", "underline": null, "plaintext": null, "fcolor": null, "flnum": null, "bold": null, "italic": null, "dx": null, "dx_u": null, "dy": null, "dy_u": null }, "geometry": { "type": "MultiPolygon", "coordinates": [ [ [ [ 131.868898648176014, 43.10264114353749 ], [ 131.868769190564535, 43.102554186965705 ], [ 131.86872765587259, 43.10252992038005 ], [ 131.86858661531565, 43.102441910139262 ], [ 131.868420945484672, 43.102347621964277 ], [ 131.868260904893191, 43.102281467139505 ], [ 131.868043058140643, 43.102211080964402 ], [ 131.868898648176014, 43.10264114353749 ] ] ] ] } },
{ "type": "Feature", "properties": { "fid": 2, "Layer": "8 - ценная историческая застройка конец ХIX - начало ХХ века", "PaperSpace": null, "SubClasses": "AcDbEntity:AcDbPolyline", "Linetype": "ByLayer", "EntityHandle": "546", "Text": null, "ogr_style": "PEN(c:#000000)", "font": null, "angle": null, "size": null, "size_u": null, "anchor": null, "color": "#000000", "underline": null, "plaintext": null, "fcolor": null, "flnum": null, "bold": null, "italic": null, "dx": null, "dx_u": null, "dy": null, "dy_u": null }, "geometry": { "type": "MultiPolygon", "coordinates": [ [ [ [ 131.877298173954983, 43.106668823168206 ], [ 131.877148483208003, 43.106590550040742 ], [ 131.877044691868321, 43.106512326156349 ], [ 131.876655920904199, 43.106252821176909 ], [ 131.876614380593594, 43.106228557462678 ], [ 131.876473320237608, 43.106140556974978 ], [ 131.876392389579479, 43.1061111510991 ], [ 131.876218732281046, 43.106018364887056 ], [ 131.876060028441515, 43.105948852429627 ], [ 131.877298173954983, 43.106668823168206 ] ] ] ] } },
{ "type": "Feature", "properties": { "fid": 3, "Layer": "8 - ценная историческая застройка конец ХIX - начало ХХ века", "PaperSpace": null, "SubClasses": "AcDbEntity:AcDbPolyline", "Linetype": "ByLayer", "EntityHandle": "547", "Text": null, "ogr_style": "PEN(c:#000000)", "font": null, "angle": null, "size": null, "size_u": null, "anchor": null, "color": "#000000", "underline": null, "plaintext": null, "fcolor": null, "flnum": null, "bold": null, "italic": null, "dx": null, "dx_u": null, "dy": null, "dy_u": null }, "geometry": { "type": "MultiPolygon", "coordinates": [ [ [ [ 131.878841492890558, 43.107743827564235 ], [ 131.87837516206875, 43.107350761239672 ], [ 131.878223313218911, 43.107228338058007 ], [ 131.878841492890558, 43.107743827564235 ] ] ] ] } },
{ "type": "Feature", "properties": { "fid": 4, "Layer": "8 - ценная историческая застройка конец ХIX - начало ХХ века", "PaperSpace": null, "SubClasses": "AcDbEntity:AcDbPolyline", "Linetype": "ByLayer", "EntityHandle": "548", "Text": null, "ogr_style": "PEN(c:#000000)", "font": null, "angle": null, "size": null, "size_u": null, "anchor": null, "color": "#000000", "underline": null, "plaintext": null, "fcolor": null, "flnum": null, "bold": null, "italic": null, "dx": null, "dx_u": null, "dy": null, "dy_u": null }, "geometry": { "type": "MultiPolygon", "coordinates": [ [ [ [ 131.879653134918357, 43.108400671290624 ], [ 131.879268888272179, 43.108083454276759 ], [ 131.878979786678599, 43.107841171678473 ], [ 131.879653134918357, 43.108400671290624 ] ] ] ] } },
{ "type": "Feature", "properties": { "fid": 5, "Layer": "8 - ценная историческая застройка конец ХIX - начало ХХ века", "PaperSpace": null, "SubClasses": "AcDbEntity:AcDbPolyline", "Linetype": "ByLayer", "EntityHandle": "549", "Text": null, "ogr_style": "PEN(c:#000000)", "font": null, "angle": null, "size": null, "size_u": null, "anchor": null, "color": "#000000", "underline": null, "plaintext": null, "fcolor": null, "flnum": null, "bold": null, "italic": null, "dx": null, "dx_u": null, "dy": null, "dy_u": null }, "geometry": { "type": "MultiPolygon", "coordinates": [ [ [ [ 131.875254049221525, 43.112367600795174 ], [ 131.875368289115329, 43.112264689565649 ], [ 131.875618043476663, 43.112409920861772 ], [ 131.875254049221525, 43.112367600795174 ] ] ] ] } },
{ "type": "Feature", "properties": { "fid": 6, "Layer": "8 - ценная историческая застройка конец ХIX - начало ХХ века", "PaperSpace": null, "SubClasses": "AcDbEntity:AcDbPolyline", "Linetype": "ByLayer", "EntityHandle": "54A", "Text": null, "ogr_style": "PEN(c:#000000)", "font": null, "angle": null, "size": null, "size_u": null, "anchor": null, "color": "#000000", "underline": null, "plaintext": null, "fcolor": null, "flnum": null, "bold": null, "italic": null, "dx": null, "dx_u": null, "dy": null, "dy_u": null }, "geometry": { "type": "MultiPolygon", "coordinates": [ ] } },
{ "type": "Feature", "properties": { "fid": 7, "Layer": "8 - ценная историческая застройка конец ХIX - начало ХХ века", "PaperSpace": null, "SubClasses": "AcDbEntity:AcDbPolyline", "Linetype": "ByLayer", "EntityHandle": "54B", "Text": null, "ogr_style": "PEN(c:#000000)", "font": null, "angle": null, "size": null, "size_u": null, "anchor": null, "color": "#000000", "underline": null, "plaintext": null, "fcolor": null, "flnum": null, "bold": null, "italic": null, "dx": null, "dx_u": null, "dy": null, "dy_u": null }, "geometry": { "type": "MultiPolygon", "coordinates": [ [ [ [ 131.892320193032617, 43.127596938903046 ], [ 131.892209004639795, 43.127469048603103 ], [ 131.892163126843116, 43.127416018744881 ], [ 131.892017279528829, 43.127243668980945 ], [ 131.891872422596833, 43.127064704421116 ], [ 131.89176257296802, 43.126927113074309 ], [ 131.891671398288935, 43.126813244400488 ], [ 131.891567389817823, 43.126686200160478 ], [ 131.891434070183237, 43.126536989430079 ], [ 131.891284539238768, 43.126362191451662 ], [ 131.891149934764456, 43.126200750103244 ], [ 131.891020736639632, 43.126045224316911 ], [ 131.890889603343084, 43.125886491873601 ], [ 131.890738848615598, 43.12570668726898 ], [ 131.890616212022792, 43.125574513810591 ], [ 131.890422730917095, 43.125480881070814 ], [ 131.89029436562808, 43.125433942958566 ], [ 131.890122129592726, 43.125383882160108 ], [ 131.892320193032617, 43.127596938903046 ] ] ] ] } },
{ "type": "Feature", "properties": { "fid": 8, "Layer": "8 - ценная историческая застройка конец ХIX - начало ХХ века", "PaperSpace": null, "SubClasses": "AcDbEntity:AcDbPolyline", "Linetype": "ByLayer", "EntityHandle": "54C", "Text": null, "ogr_style": "PEN(c:#000000)", "font": null, "angle": null, "size": null, "size_u": null, "anchor": null, "color": "#000000", "underline": null, "plaintext": null, "fcolor": null, "flnum": null, "bold": null, "italic": null, "dx": null, "dx_u": null, "dy": null, "dy_u": null }, "geometry": { "type": "MultiPolygon", "coordinates": [ [ [ [ 131.888869076014629, 43.124573434641938 ], [ 131.88899315605255, 43.12489912429853 ], [ 131.889021720195615, 43.124960957447371 ], [ 131.889046627857681, 43.125000773976367 ], [ 131.889052550790325, 43.125009737549291 ], [ 131.888869076014629, 43.124573434641938 ] ] ] ] } },
{ "type": "Feature", "properties": { "fid": 9, "Layer": "8 - ценная историческая застройка конец ХIX - начало ХХ века", "PaperSpace": null, "SubClasses": "AcDbEntity:AcDbPolyline", "Linetype": "ByLayer", "EntityHandle": "54D", "Text": null, "ogr_style": "PEN(c:#000000)", "font": null, "angle": null, "size": null, "size_u": null, "anchor": null, "color": "#000000", "underline": null, "plaintext": null, "fcolor": null, "flnum": null, "bold": null, "italic": null, "dx": null, "dx_u": null, "dy": null, "dy_u": null }, "geometry": { "type": "MultiPolygon", "coordinates": [ [ [ [ 131.898598888800336, 43.115169994876453 ], [ 131.898607680139037, 43.115151919906005 ], [ 131.89843719275018, 43.115107414921034 ], [ 131.898098578775887, 43.115028548319991 ], [ 131.898598888800336, 43.115169994876453 ] ] ] ] } },
{ "type": "Feature", "properties": { "fid": 10, "Layer": "8 - ценная историческая застройка конец ХIX - начало ХХ века", "PaperSpace": null, "SubClasses": "AcDbEntity:AcDbPolyline", "Linetype": "ByLayer", "EntityHandle": "54E", "Text": null, "ogr_style": "PEN(c:#000000)", "font": null, "angle": null, "size": null, "size_u": null, "anchor": null, "color": "#000000", "underline": null, "plaintext": null, "fcolor": null, "flnum": null, "bold": null, "italic": null, "dx": null, "dx_u": null, "dy": null, "dy_u": null }, "geometry": { "type": "MultiPolygon", "coordinates": [ [ [ [ 131.898555866280475, 43.115254895610413 ], [ 131.898588287585142, 43.115191688222616 ], [ 131.898417800099963, 43.115147183208968 ], [ 131.898254479620533, 43.115111094817571 ], [ 131.898555866280475, 43.115254895610413 ] ] ] ] } },
{ "type": "Feature", "properties": { "fid": 11, "Layer": "8 - ценная историческая застройка конец ХIX - начало ХХ века", "PaperSpace": null, "SubClasses": "AcDbEntity:AcDbPolyline", "Linetype": "ByLayer", "EntityHandle": "54F", "Text": null, "ogr_style": "PEN(c:#000000)", "font": null, "angle": null, "size": null, "size_u": null, "anchor": null, "color": "#000000", "underline": null, "plaintext": null, "fcolor": null, "flnum": null, "bold": null, "italic": null, "dx": null, "dx_u": null, "dy": null, "dy_u": null }, "geometry": { "type": "MultiPolygon", "coordinates": [ [ [ [ 131.937472128067128, 43.119669028403798 ], [ 131.937473559600221, 43.119671516871328 ], [ 131.938090616847319, 43.119480978601153 ], [ 131.93808893161534, 43.119478616360816 ], [ 131.937472128067128, 43.119669028403798 ] ] ] ] } },
{ "type": "Feature", "properties": { "fid": 12, "Layer": "8 - ценная историческая застройка конец ХIX - начало ХХ века", "PaperSpace": null, "SubClasses": "AcDbEntity:AcDbPolyline", "Linetype": "ByLayer", "EntityHandle": "550", "Text": null, "ogr_style": "PEN(c:#000000)", "font": null, "angle": null, "size": null, "size_u": null, "anchor": null, "color": "#000000", "underline": null, "plaintext": null, "fcolor": null, "flnum": null, "bold": null, "italic": null, "dx": null, "dx_u": null, "dy": null, "dy_u": null }, "geometry": { "type": "MultiPolygon", "coordinates": [ [ [ [ 131.945241861089102, 43.12235208311516 ], [ 131.945231581125938, 43.122334725017211 ], [ 131.945202570223245, 43.122285370053412 ], [ 131.945146511037677, 43.122182720595404 ], [ 131.945095653594336, 43.122101811986035 ], [ 131.945009321784795, 43.121952790487818 ], [ 131.944920002217913, 43.121789213775102 ], [ 131.944900561370019, 43.121754427194944 ], [ 131.945241861089102, 43.12235208311516 ] ] ] ] } },
{ "type": "Feature", "properties": { "fid": 13, "Layer": "8 - ценная историческая застройка конец ХIX - начало ХХ века", "PaperSpace": null, "SubClasses": "AcDbEntity:AcDbPolyline", "Linetype": "ByLayer", "EntityHandle": "551", "Text": null, "ogr_style": "PEN(c:#000000)", "font": null, "angle": null, "size": null, "size_u": null, "anchor": null, "color": "#000000", "underline": null, "plaintext": null, "fcolor": null, "flnum": null, "bold": null, "italic": null, "dx": null, "dx_u": null, "dy": null, "dy_u": null }, "geometry": { "type": "MultiPolygon", "coordinates": [ [ [ [ 131.943876723705671, 43.120019776010878 ], [ 131.943839237039526, 43.119962396186018 ], [ 131.943782026132624, 43.119862927310798 ], [ 131.943653081293405, 43.119644369785831 ], [ 131.943537967715912, 43.11944145090137 ], [ 131.943376450476251, 43.119166667011633 ], [ 131.943876723705671, 43.120019776010878 ] ] ] ] } },
{ "type": "Feature", "properties": { "fid": 14, "Layer": "8 - ценная историческая застройка конец ХIX - начало ХХ века", "PaperSpace": null, "SubClasses": "AcDbEntity:AcDbPolyline", "Linetype": "ByLayer", "EntityHandle": "552", "Text": null, "ogr_style": "PEN(c:#000000)", "font": null, "angle": null, "size": null, "size_u": null, "anchor": null, "color": "#000000", "underline": null, "plaintext": null, "fcolor": null, "flnum": null, "bold": null, "italic": null, "dx": null, "dx_u": null, "dy": null, "dy_u": null }, "geometry": { "type": "MultiPolygon", "coordinates": [ [ [ [ 131.892376295132436, 43.105149243592997 ], [ 131.8923763583702, 43.105113238184558 ], [ 131.892204371512719, 43.105113075880311 ], [ 131.892204308174257, 43.105149081288538 ], [ 131.892376295132436, 43.105149243592997 ] ] ] ] } },
{ "type": "Feature", "properties": { "fid": 15, "Layer": "8 - ценная историческая застройка конец ХIX - начало ХХ века", "PaperSpace": null, "SubClasses": "AcDbEntity:AcDbPolyline", "Linetype": "ByLayer", "EntityHandle": "554", "Text": null, "ogr_style": "PEN(c:#000000)", "font": null, "angle": null, "size": null, "size_u": null, "anchor": null, "color": "#000000", "underline": null, "plaintext": null, "fcolor": null, "flnum": null, "bold": null, "italic": null, "dx": null, "dx_u": null, "dy": null, "dy_u": null }, "geometry": { "type": "MultiPolygon", "coordinates": [ [ [ [ 131.89275204661061, 43.121930082964596 ], [ 131.892606112228208, 43.121956991490144 ], [ 131.892637311671933, 43.122050163808169 ], [ 131.892693838907348, 43.122040006982736 ], [ 131.892700470131956, 43.122061587128663 ], [ 131.892751208259938, 43.122051444225583 ], [ 131.892754836782871, 43.122061299689989 ], [ 131.892802437890765, 43.122051872976904 ], [ 131.892789229044553, 43.122017158448152 ], [ 131.892781312525187, 43.122018758637232 ], [ 131.89275204661061, 43.121930082964596 ] ] ] ] } },
{ "type": "Feature", "properties": { "fid": 16, "Layer": "8 - ценная историческая застройка конец ХIX - начало ХХ века", "PaperSpace": null, "SubClasses": "AcDbEntity:AcDbPolyline", "Linetype": "ByLayer", "EntityHandle": "556", "Text": null, "ogr_style": "PEN(c:#000000)", "font": null, "angle": null, "size": null, "size_u": null, "anchor": null, "color": "#000000", "underline": null, "plaintext": null, "fcolor": null, "flnum": null, "bold": null, "italic": null, "dx": null, "dx_u": null, "dy": null, "dy_u": null }, "geometry": { "type": "MultiPolygon", "coordinates": [ [ [ [ 131.899840236850906, 43.115971064901899 ], [ 131.899922044577863, 43.115989737808626 ], [ 131.899947648684275, 43.115929606727221 ], [ 131.899957973212764, 43.115905359602372 ], [ 131.899876174265898, 43.115886666339335 ], [ 131.899840236850906, 43.115971064901899 ] ] ] ] } },
{ "type": "Feature", "properties": { "fid": 17, "Layer": "8 - ценная историческая застройка конец ХIX - начало ХХ века", "PaperSpace": null, "SubClasses": "AcDbEntity:AcDbPolyline", "Linetype": "ByLayer", "EntityHandle": "558", "Text": null, "ogr_style": "PEN(c:#000000)", "font": null, "angle": null, "size": null, "size_u": null, "anchor": null, "color": "#000000", "underline": null, "plaintext": null, "fcolor": null, "flnum": null, "bold": null, "italic": null, "dx": null, "dx_u": null, "dy": null, "dy_u": null }, "geometry": { "type": "MultiPolygon", "coordinates": [ [ [ [ 131.880503267250674, 43.12208957630375 ], [ 131.880284521451131, 43.122135205522383 ], [ 131.880328145833545, 43.122251141967148 ], [ 131.880546823719612, 43.122206364391182 ], [ 131.880503267250674, 43.12208957630375 ] ] ] ] } },
{ "type": "Feature", "properties": { "fid": 18, "Layer": "8 - ценная историческая застройка конец ХIX - начало ХХ века", "PaperSpace": null, "SubClasses": "AcDbEntity:AcDbPolyline", "Linetype": "ByLayer", "EntityHandle": "55A", "Text": null, "ogr_style": "PEN(c:#000000)", "font": null, "angle": null, "size": null, "size_u": null, "anchor": null, "color": "#000000", "underline": null, "plaintext": null, "fcolor": null, "flnum": null, "bold": null, "italic": null, "dx": null, "dx_u": null, "dy": null, "dy_u": null }, "geometry": { "type": "MultiPolygon", "coordinates": [ [ [ [ 131.909127533520376, 43.115966365696728 ], [ 131.909004725321353, 43.116003151539893 ], [ 131.909061441576512, 43.116104138110643 ], [ 131.9091795429309, 43.116069949505139 ], [ 131.909127533520376, 43.115966365696728 ] ] ] ] } },
{ "type": "Feature", "properties": { "fid": 19, "Layer": "8 - ценная историческая застройка конец ХIX - начало ХХ века", "PaperSpace": null, "SubClasses": "AcDbEntity:AcDbPolyline", "Linetype": "ByLayer", "EntityHandle": "55C", "Text": null, "ogr_style": "PEN(c:#000000)", "font": null, "angle": null, "size": null, "size_u": null, "anchor": null, "color": "#000000", "underline": null, "plaintext": null, "fcolor": null, "flnum": null, "bold": null, "italic": null, "dx": null, "dx_u": null, "dy": null, "dy_u": null }, "geometry": { "type": "MultiPolygon", "coordinates": [ [ [ [ 131.909192912790445, 43.116106654178957 ], [ 131.909137917476187, 43.116122937368353 ], [ 131.909157067674585, 43.116157270056604 ], [ 131.909075811008421, 43.11618260639397 ], [ 131.909104945843922, 43.116232510118849 ], [ 131.909242557870897, 43.116188902072828 ], [ 131.909192912790445, 43.116106654178957 ] ] ] ] } },
{ "type": "Feature", "properties": { "fid": 20, "Layer": "8 - ценная историческая застройка конец ХIX - начало ХХ века", "PaperSpace": null, "SubClasses": "AcDbEntity:AcDbPolyline", "Linetype": "ByLayer", "EntityHandle": "55E", "Text": null, "ogr_style": "PEN(c:#000000)", "font": null, "angle": null, "size": null, "size_u": null, "anchor": null, "color": "#000000", "underline": null, "plaintext": null, "fcolor": null, "flnum": null, "bold": null, "italic": null, "dx": null, "dx_u": null, "dy": null, "dy_u": null }, "geometry": { "type": "MultiPolygon", "coordinates": [ [ [ [ 131.910321595959459, 43.115090916389434 ], [ 131.910348795497441, 43.115146389772413 ], [ 131.910473374509053, 43.115115098509925 ], [ 131.910446423722647, 43.115058042626821 ], [ 131.910321595959459, 43.115090916389434 ] ] ] ] } },
{ "type": "Feature", "properties": { "fid": 21, "Layer": "8 - ценная историческая застройка конец ХIX - начало ХХ века", "PaperSpace": null, "SubClasses": "AcDbEntity:AcDbPolyline", "Linetype": "ByLayer", "EntityHandle": "560", "Text": null, "ogr_style": "PEN(c:#000000)", "font": null, "angle": null, "size": null, "size_u": null, "anchor": null, "color": "#000000", "underline": null, "plaintext": null, "fcolor": null, "flnum": null, "bold": null, "italic": null, "dx": null, "dx_u": null, "dy": null, "dy_u": null }, "geometry": { "type": "MultiPolygon", "coordinates": [ [ [ [ 131.889091149715995, 43.121994212172687 ], [ 131.889260760564468, 43.121960070187328 ], [ 131.889266593816416, 43.121975757387773 ], [ 131.889301045407137, 43.121968883301363 ], [ 131.889260012594775, 43.121858535461712 ], [ 131.889056417140949, 43.121899158454774 ], [ 131.889066570867726, 43.121926464874235 ], [ 131.889091149715995, 43.121994212172687 ] ] ] ] } },
{ "type": "Feature", "properties": { "fid": 22, "Layer": "8 - ценная историческая застройка конец ХIX - начало ХХ века", "PaperSpace": null, "SubClasses": "AcDbEntity:AcDbPolyline", "Linetype": "ByLayer", "EntityHandle": "562", "Text": null, "ogr_style": "PEN(c:#000000)", "font": null, "angle": null, "size": null, "size_u": null, "anchor": null, "color": "#000000", "underline": null, "plaintext": null, "fcolor": null, "flnum": null, "bold": null, "italic": null, "dx": null, "dx_u": null, "dy": null, "dy_u": null }, "geometry": { "type": "MultiPolygon", "coordinates": [ [ [ [ 131.881779137033874, 43.121270924749702 ], [ 131.881679723615804, 43.121290119362641 ], [ 131.881720386401042, 43.121405482269076 ], [ 131.881474007075667, 43.12145521077943 ], [ 131.881496878830831, 43.12152090163876 ], [ 131.881517332458543, 43.121517080330072 ], [ 131.881519338134524, 43.121523526652226 ], [ 131.881758981201102, 43.121476135333175 ], [ 131.881752776461241, 43.12145929951258 ], [ 131.881946881133217, 43.121421703018022 ], [ 131.882075731452318, 43.12139387390831 ], [ 131.882289097944465, 43.121348279682906 ], [ 131.88226227270286, 43.121274846513501 ], [ 131.881951267447818, 43.121340482678036 ], [ 131.881953921876914, 43.121346044784225 ], [ 131.881815895980537, 43.121373083818618 ], [ 131.881779137033874, 43.121270924749702 ] ] ] ] } },
{ "type": "Feature", "properties": { "fid": 23, "Layer": "8 - ценная историческая застройка конец ХIX - начало ХХ века", "PaperSpace": null, "SubClasses": "AcDbEntity:AcDbPolyline", "Linetype": "ByLayer", "EntityHandle": "564", "Text": null, "ogr_style": "PEN(c:#000000)", "font": null, "angle": null, "size": null, "size_u": null, "anchor": null, "color": "#000000", "underline": null, "plaintext": null, "fcolor": null, "flnum": null, "bold": null, "italic": null, "dx": null, "dx_u": null, "dy": null, "dy_u": null }, "geometry": { "type": "MultiPolygon", "coordinates": [ [ [ [ 131.884215651828214, 43.113911258208297 ], [ 131.884481739239277, 43.114110473259544 ], [ 131.884606144810334, 43.114019583020124 ], [ 131.884333616241918, 43.113826486829048 ], [ 131.884215651828214, 43.113911258208297 ] ] ] ] } },
{ "type": "Feature", "properties": { "fid": 24, "Layer": "8 - ценная историческая застройка конец ХIX - начало ХХ века", "PaperSpace": null, "SubClasses": "AcDbEntity:AcDbPolyline", "Linetype": "ByLayer", "EntityHandle": "566", "Text": null, "ogr_style": "PEN(c:#000000)", "font": null, "angle": null, "size": null, "size_u": null, "anchor": null, "color": "#000000", "underline": null, "plaintext": null, "fcolor": null, "flnum": null, "bold": null, "italic": null, "dx": null, "dx_u": null, "dy": null, "dy_u": null }, "geometry": { "type": "MultiPolygon", "coordinates": [ [ [ [ 131.889088438446009, 43.117061057652229 ], [ 131.88924539295391, 43.117031269259961 ], [ 131.889148054280327, 43.116764865904649 ], [ 131.888994287516141, 43.116794856749344 ], [ 131.889088438446009, 43.117061057652229 ] ] ] ] } },
{ "type": "Feature", "properties": { "fid": 25, "Layer": "8 - ценная историческая застройка конец ХIX - начало ХХ века", "PaperSpace": null, "SubClasses": "AcDbEntity:AcDbPolyline", "Linetype": "ByLayer", "EntityHandle": "568", "Text": null, "ogr_style": "PEN(c:#000000)", "font": null, "angle": null, "size": null, "size_u": null, "anchor": null, "color": "#000000", "underline": null, "plaintext": null, "fcolor": null, "flnum": null, "bold": null, "italic": null, "dx": null, "dx_u": null, "dy": null, "dy_u": null }, "geometry": { "type": "MultiPolygon", "coordinates": [ [ [ [ 131.925508784411392, 43.111300529924705 ], [ 131.925334539020838, 43.11132336252583 ], [ 131.925377866387407, 43.11150769703989 ], [ 131.925551441956799, 43.111488486693723 ], [ 131.925508784411392, 43.111300529924705 ] ] ] ] } },
{ "type": "Feature", "properties": { "fid": 26, "Layer": "8 - ценная историческая застройка конец ХIX - начало ХХ века", "PaperSpace": null, "SubClasses": "AcDbEntity:AcDbPolyline", "Linetype": "ByLayer", "EntityHandle": "56A", "Text": null, "ogr_style": "PEN(c:#000000)", "font": null, "angle": null, "size": null, "size_u": null, "anchor": null, "color": "#000000", "underline": null, "plaintext": null, "fcolor": null, "flnum": null, "bold": null, "italic": null, "dx": null, "dx_u": null, "dy": null, "dy_u": null }, "geometry": { "type": "MultiPolygon", "coordinates": [ [ [ [ 131.926033537655371, 43.111527593048606 ], [ 131.92630283058017, 43.111491665959868 ], [ 131.926275442485206, 43.111381473636591 ], [ 131.92624863017889, 43.111385050768192 ], [ 131.92620528334524, 43.111210649473364 ], [ 131.925989848802203, 43.111239391169505 ], [ 131.926013317150108, 43.111333814985734 ], [ 131.925979956053823, 43.111338265739846 ], [ 131.92598860193462, 43.11137305204452 ], [ 131.926020559441696, 43.111368788545541 ], [ 131.926032096481038, 43.111415207133561 ], [ 131.926006455072525, 43.11141862799316 ], [ 131.926033537655371, 43.111527593048606 ] ] ] ] } },
{ "type": "Feature", "properties": { "fid": 27, "Layer": "8 - ценная историческая застройка конец ХIX - начало ХХ века", "PaperSpace": null, "SubClasses": "AcDbEntity:AcDbPolyline", "Linetype": "ByLayer", "EntityHandle": "56C", "Text": null, "ogr_style": "PEN(c:#000000)", "font": null, "angle": null, "size": null, "size_u": null, "anchor": null, "color": "#000000", "underline": null, "plaintext": null, "fcolor": null, "flnum": null, "bold": null, "italic": null, "dx": null, "dx_u": null, "dy": null, "dy_u": null }, "geometry": { "type": "MultiPolygon", "coordinates": [ [ [ [ 131.88162554389848, 43.113649885110711 ], [ 131.881815696675147, 43.113615821670834 ], [ 131.881796007770532, 43.113565470453942 ], [ 131.881765524841398, 43.113571868212304 ], [ 131.881751970735536, 43.113537205665459 ], [ 131.881768280031793, 43.113533782670984 ], [ 131.881775024445972, 43.113551030469054 ], [ 131.881811341207879, 43.113543408298646 ], [ 131.881764829428079, 43.113425093276376 ], [ 131.881561753456708, 43.113467714730028 ], [ 131.88162554389848, 43.113649885110711 ] ] ] ] } },
{ "type": "Feature", "properties": { "fid": 28, "Layer": "8 - ценная историческая застройка конец ХIX - начало ХХ века", "PaperSpace": null, "SubClasses": "AcDbEntity:AcDbPolyline", "Linetype": "ByLayer", "EntityHandle": "56E", "Text": null, "ogr_style": "PEN(c:#000000)", "font": null, "angle": null, "size": null, "size_u": null, "anchor": null, "color": "#000000", "underline": null, "plaintext": null, "fcolor": null, "flnum": null, "bold": null, "italic": null, "dx": null, "dx_u": null, "dy": null, "dy_u": null }, "geometry": { "type": "MultiPolygon", "coordinates": [ [ [ [ 131.910331033832534, 43.116461480867748 ], [ 131.910307030217069, 43.116465989033642 ], [ 131.910320606622463, 43.116499754767887 ], [ 131.910417970003692, 43.116478744876787 ], [ 131.910429270263847, 43.11650684949381 ], [ 131.910536495350499, 43.116484080588393 ], [ 131.910522375546435, 43.116447749494519 ], [ 131.91049112337123, 43.116454268012873 ], [ 131.910481120503334, 43.116428529979515 ], [ 131.910438704269438, 43.11643737705954 ], [ 131.910406218852529, 43.116353789652877 ], [ 131.910382160233098, 43.116359152366073 ], [ 131.910375590285241, 43.11634202452673 ], [ 131.910293095454847, 43.116359413206865 ], [ 131.910331033832534, 43.116461480867748 ] ] ] ] } },
{ "type": "Feature", "properties": { "fid": 29, "Layer": "8 - ценная историческая застройка конец ХIX - начало ХХ века", "PaperSpace": null, "SubClasses": "AcDbEntity:AcDbPolyline", "Linetype": "ByLayer", "EntityHandle": "570", "Text": null, "ogr_style": "PEN(c:#000000)", "font": null, "angle": null, "size": null, "size_u": null, "anchor": null, "color": "#000000", "underline": null, "plaintext": null, "fcolor": null, "flnum": null, "bold": null, "italic": null, "dx": null, "dx_u": null, "dy": null, "dy_u": null }, "geometry": { "type": "MultiPolygon", "coordinates": [ [ [ [ 131.912201162732828, 43.118374960740468 ], [ 131.912254008189677, 43.118370040848809 ], [ 131.912250459935024, 43.118345833983817 ], [ 131.912361717935255, 43.118331053461482 ], [ 131.912335775976715, 43.118215969502238 ], [ 131.912228476224072, 43.118228368780308 ], [ 131.912230140201473, 43.118241429956122 ], [ 131.912184297556848, 43.118245050093407 ], [ 131.912187865000817, 43.118270721598044 ], [ 131.91217344618704, 43.118271909966644 ], [ 131.912201162732828, 43.118374960740468 ] ] ] ] } },
{ "type": "Feature", "properties": { "fid": 30, "Layer": "8 - ценная историческая застройка конец ХIX - начало ХХ века", "PaperSpace": null, "SubClasses": "AcDbEntity:AcDbPolyline", "Linetype": "ByLayer", "EntityHandle": "572", "Text": null, "ogr_style": "PEN(c:#000000)", "font": null, "angle": null, "size": null, "size_u": null, "anchor": null, "color": "#000000", "underline": null, "plaintext": null, "fcolor": null, "flnum": null, "bold": null, "italic": null, "dx": null, "dx_u": null, "dy": null, "dy_u": null }, "geometry": { "type": "MultiPolygon", "coordinates": [ [ [ [ 131.89163006028852, 43.115644861830951 ], [ 131.891748489525696, 43.115655034298783 ], [ 131.891754308335493, 43.115629087737275 ], [ 131.89198858671125, 43.115650966173177 ], [ 131.891985232749647, 43.115671054868493 ], [ 131.892091210687141, 43.115682250709092 ], [ 131.892120174222242, 43.115507583896424 ], [ 131.891729291712977, 43.115472871997461 ], [ 131.891729531021554, 43.11546850718139 ], [ 131.89166395964503, 43.115461924472477 ], [ 131.89163006028852, 43.115644861830951 ] ] ] ] } },
{ "type": "Feature", "properties": { "fid": 31, "Layer": "8 - ценная историческая застройка конец ХIX - начало ХХ века", "PaperSpace": null, "SubClasses": "AcDbEntity:AcDbPolyline", "Linetype": "ByLayer", "EntityHandle": "574", "Text": null, "ogr_style": "PEN(c:#000000)", "font": null, "angle": null, "size": null, "size_u": null, "anchor": null, "color": "#000000", "underline": null, "plaintext": null, "fcolor": null, "flnum": null, "bold": null, "italic": null, "dx": null, "dx_u": null, "dy": null, "dy_u": null }, "geometry": { "type": "MultiPolygon", "coordinates": [ [ [ [ 131.878402938009884, 43.121260984170171 ], [ 131.878433756543046, 43.121347880898512 ], [ 131.878992837941041, 43.121245749699852 ], [ 131.878962469934095, 43.121159342639821 ], [ 131.878402938009884, 43.121260984170171 ] ] ] ] } },
{ "type": "Feature", "properties": { "fid": 32, "Layer": "8 - ценная историческая застройка конец ХIX - начало ХХ века", "PaperSpace": null, "SubClasses": "AcDbEntity:AcDbPolyline", "Linetype": "ByLayer", "EntityHandle": "576", "Text": null, "ogr_style": "PEN(c:#000000)", "font": null, "angle": null, "size": null, "size_u": null, "anchor": null, "color": "#000000", "underline": null, "plaintext": null, "fcolor": null, "flnum": null, "bold": null, "italic": null, "dx": null, "dx_u": null, "dy": null, "dy_u": null }, "geometry": { "type": "MultiPolygon", "coordinates": [ [ [ [ 131.891889500436463, 43.120174581926797 ], [ 131.891714948108586, 43.120206637196446 ], [ 131.891750034134532, 43.120309161534863 ], [ 131.891722671007898, 43.120314186547922 ], [ 131.891733881783182, 43.12034694535074 ], [ 131.891761244923543, 43.120341920335065 ], [ 131.891795946571136, 43.120443321027558 ], [ 131.891782971857054, 43.120445703728166 ], [ 131.891841852836791, 43.120629236748449 ], [ 131.891993954196067, 43.120601737169025 ], [ 131.891943092041771, 43.12044564800081 ], [ 131.891956659870175, 43.120443798681109 ], [ 131.891892146846828, 43.120246883839776 ], [ 131.891911007215924, 43.120244638313451 ], [ 131.891889500436463, 43.120174581926797 ] ] ] ] } },
{ "type": "Feature", "properties": { "fid": 33, "Layer": "8 - ценная историческая застройка конец ХIX - начало ХХ века", "PaperSpace": null, "SubClasses": "AcDbEntity:AcDbPolyline", "Linetype": "ByLayer", "EntityHandle": "578", "Text": null, "ogr_style": "PEN(c:#000000)", "font": null, "angle": null, "size": null, "size_u": null, "anchor": null, "color": "#000000", "underline": null, "plaintext": null, "fcolor": null, "flnum": null, "bold": null, "italic": null, "dx": null, "dx_u": null, "dy": null, "dy_u": null }, "geometry": { "type": "MultiPolygon", "coordinates": [ ] } },
{ "type": "Feature", "properties": { "fid": 34, "Layer": "8 - ценная историческая застройка конец ХIX - начало ХХ века", "PaperSpace": null, "SubClasses": "AcDbEntity:AcDbPolyline", "Linetype": "ByLayer", "EntityHandle": "579", "Text": null, "ogr_style": "PEN(c:#000000)", "font": null, "angle": null, "size": null, "size_u": null, "anchor": null, "color": "#000000", "underline": null, "plaintext": null, "fcolor": null, "flnum": null, "bold": null, "italic": null, "dx": null, "dx_u": null, "dy": null, "dy_u": null }, "geometry": { "type": "MultiPolygon", "coordinates": [ [ [ [ 131.88978434377978, 43.119423831049545 ], [ 131.889828600317315, 43.119530358271753 ], [ 131.88985258395266, 43.11952521606927 ], [ 131.889864521513346, 43.119553111772447 ], [ 131.890001046180174, 43.119524766420284 ], [ 131.889983198772484, 43.119478654519227 ], [ 131.889965466260918, 43.119482337568698 ], [ 131.889952059062068, 43.119447697651069 ], [ 131.889999345730359, 43.119437876185138 ], [ 131.890003217058876, 43.119448332728922 ], [ 131.890044633910293, 43.119440104135322 ], [ 131.890020622755117, 43.119369168999398 ], [ 131.889915251424185, 43.119389621265306 ], [ 131.889917410652941, 43.119395983742166 ], [ 131.88978434377978, 43.119423831049545 ] ] ] ] } },
{ "type": "Feature", "properties": { "fid": 35, "Layer": "8 - ценная историческая застройка конец ХIX - начало ХХ века", "PaperSpace": null, "SubClasses": "AcDbEntity:AcDbPolyline", "Linetype": "ByLayer", "EntityHandle": "57B", "Text": null, "ogr_style": "PEN(c:#000000)", "font": null, "angle": null, "size": null, "size_u": null, "anchor": null, "color": "#000000", "underline": null, "plaintext": null, "fcolor": null, "flnum": null, "bold": null, "italic": null, "dx": null, "dx_u": null, "dy": null, "dy_u": null }, "geometry": { "type": "MultiPolygon", "coordinates": [ ] } },
{ "type": "Feature", "properties": { "fid": 36, "Layer": "8 - ценная историческая застройка конец ХIX - начало ХХ века", "PaperSpace": null, "SubClasses": "AcDbEntity:AcDbPolyline", "Linetype": "ByLayer", "EntityHandle": "57C", "Text": null, "ogr_style": "PEN(c:#000000)", "font": null, "angle": null, "size": null, "size_u": null, "anchor": null, "color": "#000000", "underline": null, "plaintext": null, "fcolor": null, "flnum": null, "bold": null, "italic": null, "dx": null, "dx_u": null, "dy": null, "dy_u": null }, "geometry": { "type": "MultiPolygon", "coordinates": [ ] } },
{ "type": "Feature", "properties": { "fid": 37, "Layer": "8 - ценная историческая застройка конец ХIX - начало ХХ века", "PaperSpace": null, "SubClasses": "AcDbEntity:AcDbPolyline", "Linetype": "ByLayer", "EntityHandle": "57D", "Text": null, "ogr_style": "PEN(c:#000000)", "font": null, "angle": null, "size": null, "size_u": null, "anchor": null, "color": "#000000", "underline": null, "plaintext": null, "fcolor": null, "flnum": null, "bold": null, "italic": null, "dx": null, "dx_u": null, "dy": null, "dy_u": null }, "geometry": { "type": "MultiPolygon", "coordinates": [ ] } },
{ "type": "Feature", "properties": { "fid": 38, "Layer": "8 - ценная историческая застройка конец ХIX - начало ХХ века", "PaperSpace": null, "SubClasses": "AcDbEntity:AcDbPolyline", "Linetype": "ByLayer", "EntityHandle": "57E", "Text": null, "ogr_style": "PEN(c:#000000)", "font": null, "angle": null, "size": null, "size_u": null, "anchor": null, "color": "#000000", "underline": null, "plaintext": null, "fcolor": null, "flnum": null, "bold": null, "italic": null, "dx": null, "dx_u": null, "dy": null, "dy_u": null }, "geometry": { "type": "MultiPolygon", "coordinates": [ ] } },
{ "type": "Feature", "properties": { "fid": 39, "Layer": "8 - ценная историческая застройка конец ХIX - начало ХХ века", "PaperSpace": null, "SubClasses": "AcDbEntity:AcDbPolyline", "Linetype": "ByLayer", "EntityHandle": "57F", "Text": null, "ogr_style": "PEN(c:#000000)", "font": null, "angle": null, "size": null, "size_u": null, "anchor": null, "color": "#000000", "underline": null, "plaintext": null, "fcolor": null, "flnum": null, "bold": null, "italic": null, "dx": null, "dx_u": null, "dy": null, "dy_u": null }, "geometry": { "type": "MultiPolygon", "coordinates": [ [ [ [ 131.920139051281183, 43.109586201719885 ], [ 131.920809517133733, 43.109555108346825 ], [ 131.920798741987397, 43.109430392169017 ], [ 131.920128277490988, 43.109461485480715 ], [ 131.920139051281183, 43.109586201719885 ] ] ] ] } },
{ "type": "Feature", "properties": { "fid": 40, "Layer": "8 - ценная историческая застройка конец ХIX - начало ХХ века", "PaperSpace": null, "SubClasses": "AcDbEntity:AcDbPolyline", "Linetype": "ByLayer", "EntityHandle": "581", "Text": null, "ogr_style": "PEN(c:#000000)", "font": null, "angle": null, "size": null, "size_u": null, "anchor": null, "color": "#000000", "underline": null, "plaintext": null, "fcolor": null, "flnum": null, "bold": null, "italic": null, "dx": null, "dx_u": null, "dy": null, "dy_u": null }, "geometry": { "type": "MultiPolygon", "coordinates": [ [ [ [ 131.920809517133733, 43.109555108346825 ], [ 131.921061180094767, 43.109543436259898 ], [ 131.921050404439484, 43.109418720105118 ], [ 131.920798741987397, 43.109430392169017 ], [ 131.920809517133733, 43.109555108346825 ] ] ] ] } },
{ "type": "Feature", "properties": { "fid": 41, "Layer": "8 - ценная историческая застройка конец ХIX - начало ХХ века", "PaperSpace": null, "SubClasses": "AcDbEntity:AcDbPolyline", "Linetype": "ByLayer", "EntityHandle": "583", "Text": null, "ogr_style": "PEN(c:#000000)", "font": null, "angle": null, "size": null, "size_u": null, "anchor": null, "color": "#000000", "underline": null, "plaintext": null, "fcolor": null, "flnum": null, "bold": null, "italic": null, "dx": null, "dx_u": null, "dy": null, "dy_u": null }, "geometry": { "type": "MultiPolygon", "coordinates": [ [ [ [ 131.921050404439484, 43.109418720105118 ], [ 131.921061180094767, 43.109543436259898 ], [ 131.921576716665072, 43.10951219533964 ], [ 131.921563121684471, 43.109391123988182 ], [ 131.921050404439484, 43.109418720105118 ] ] ] ] } },
{ "type": "Feature", "properties": { "fid": 42, "Layer": "8 - ценная историческая застройка конец ХIX - начало ХХ века", "PaperSpace": null, "SubClasses": "AcDbEntity:AcDbPolyline", "Linetype": "ByLayer", "EntityHandle": "585", "Text": null, "ogr_style": "PEN(c:#000000)", "font": null, "angle": null, "size": null, "size_u": null, "anchor": null, "color": "#000000", "underline": null, "plaintext": null, "fcolor": null, "flnum": null, "bold": null, "italic": null, "dx": null, "dx_u": null, "dy": null, "dy_u": null }, "geometry": { "type": "MultiPolygon", "coordinates": [ [ [ [ 131.921563689363666, 43.109396179524921 ], [ 131.921576716665072, 43.10951219533964 ], [ 131.922084157586539, 43.109490398974778 ], [ 131.922073244634504, 43.109370976299957 ], [ 131.921563689363666, 43.109396179524921 ] ] ] ] } },
{ "type": "Feature", "properties": { "fid": 43, "Layer": "8 - ценная историческая застройка конец ХIX - начало ХХ века", "PaperSpace": null, "SubClasses": "AcDbEntity:AcDbPolyline", "Linetype": "ByLayer", "EntityHandle": "587", "Text": null, "ogr_style": "PEN(c:#000000)", "font": null, "angle": null, "size": null, "size_u": null, "anchor": null, "color": "#000000", "underline": null, "plaintext": null, "fcolor": null, "flnum": null, "bold": null, "italic": null, "dx": null, "dx_u": null, "dy": null, "dy_u": null }, "geometry": { "type": "MultiPolygon", "coordinates": [ [ [ [ 131.922243554582707, 43.109740324079276 ], [ 131.923205284268931, 43.109691285560892 ], [ 131.923193982521894, 43.109572314432633 ], [ 131.922232254689675, 43.109621352858461 ], [ 131.922243554582707, 43.109740324079276 ] ] ] ] } },
{ "type": "Feature", "properties": { "fid": 44, "Layer": "8 - ценная историческая застройка конец ХIX - начало ХХ века", "PaperSpace": null, "SubClasses": "AcDbEntity:AcDbPolyline", "Linetype": "ByLayer", "EntityHandle": "589", "Text": null, "ogr_style": "PEN(c:#000000)", "font": null, "angle": null, "size": null, "size_u": null, "anchor": null, "color": "#000000", "underline": null, "plaintext": null, "fcolor": null, "flnum": null, "bold": null, "italic": null, "dx": null, "dx_u": null, "dy": null, "dy_u": null }, "geometry": { "type": "MultiPolygon", "coordinates": [ [ [ [ 131.923367127872524, 43.10927731675347 ], [ 131.923379644812059, 43.109411911909014 ], [ 131.923807192848471, 43.109390567181698 ], [ 131.923794674976449, 43.109255972071708 ], [ 131.923367127872524, 43.10927731675347 ] ] ] ] } },
{ "type": "Feature", "properties": { "fid": 45, "Layer": "8 - ценная историческая застройка конец ХIX - начало ХХ века", "PaperSpace": null, "SubClasses": "AcDbEntity:AcDbPolyline", "Linetype": "ByLayer", "EntityHandle": "58B", "Text": null, "ogr_style": "PEN(c:#000000)", "font": null, "angle": null, "size": null, "size_u": null, "anchor": null, "color": "#000000", "underline": null, "plaintext": null, "fcolor": null, "flnum": null, "bold": null, "italic": null, "dx": null, "dx_u": null, "dy": null, "dy_u": null }, "geometry": { "type": "MultiPolygon", "coordinates": [ [ [ [ 131.922218940464973, 43.109483271907422 ], [ 131.923180882298311, 43.109435604765189 ], [ 131.923169766364879, 43.109315510767225 ], [ 131.922207866827279, 43.109363300809711 ], [ 131.922218940464973, 43.109483271907422 ] ] ] ] } },
{ "type": "Feature", "properties": { "fid": 46, "Layer": "8 - ценная историческая застройка конец ХIX - начало ХХ века", "PaperSpace": null, "SubClasses": "AcDbEntity:AcDbPolyline", "Linetype": "ByLayer", "EntityHandle": "58D", "Text": null, "ogr_style": "PEN(c:#000000)", "font": null, "angle": null, "size": null, "size_u": null, "anchor": null, "color": "#000000", "underline": null, "plaintext": null, "fcolor": null, "flnum": null, "bold": null, "italic": null, "dx": null, "dx_u": null, "dy": null, "dy_u": null }, "geometry": { "type": "MultiPolygon", "coordinates": [ [ [ [ 131.88334188193997, 43.119571930571837 ], [ 131.883411632359753, 43.119767691699415 ], [ 131.883529702086776, 43.119744526760726 ], [ 131.883458013163619, 43.119549118017979 ], [ 131.88334188193997, 43.119571930571837 ] ] ] ] } },
{ "type": "Feature", "properties": { "fid": 47, "Layer": "8 - ценная историческая застройка конец ХIX - начало ХХ века", "PaperSpace": null, "SubClasses": "AcDbEntity:AcDbPolyline", "Linetype": "ByLayer", "EntityHandle": "58F", "Text": null, "ogr_style": "PEN(c:#000000)", "font": null, "angle": null, "size": null, "size_u": null, "anchor": null, "color": "#000000", "underline": null, "plaintext": null, "fcolor": null, "flnum": null, "bold": null, "italic": null, "dx": null, "dx_u": null, "dy": null, "dy_u": null }, "geometry": { "type": "MultiPolygon", "coordinates": [ [ [ [ 131.882883974617584, 43.118828034527489 ], [ 131.882569651902088, 43.118896031831262 ], [ 131.882615021481541, 43.119009405426354 ], [ 131.882887059939009, 43.118949555851472 ], [ 131.882918079503042, 43.118920828373099 ], [ 131.882907942744197, 43.118892686863617 ], [ 131.882953541810053, 43.118882023935015 ], [ 131.883017297420878, 43.118826460974496 ], [ 131.883006777947486, 43.118801426454333 ], [ 131.882883974617584, 43.118828034527489 ] ] ] ] } },
{ "type": "Feature", "properties": { "fid": 48, "Layer": "8 - ценная историческая застройка конец ХIX - начало ХХ века", "PaperSpace": null, "SubClasses": "AcDbEntity:AcDbPolyline", "Linetype": "ByLayer", "EntityHandle": "591", "Text": null, "ogr_style": "PEN(c:#000000)", "font": null, "angle": null, "size": null, "size_u": null, "anchor": null, "color": "#000000", "underline": null, "plaintext": null, "fcolor": null, "flnum": null, "bold": null, "italic": null, "dx": null, "dx_u": null, "dy": null, "dy_u": null }, "geometry": { "type": "MultiPolygon", "coordinates": [ [ [ [ 131.88214754077967, 43.118981831263547 ], [ 131.882194328169362, 43.119092099984385 ], [ 131.882226218715431, 43.119085213204961 ], [ 131.882230850497336, 43.119096610022332 ], [ 131.882318380592608, 43.119077116917822 ], [ 131.88231424333145, 43.119064941259339 ], [ 131.882450315617717, 43.119036690045306 ], [ 131.882457894697637, 43.119057130902164 ], [ 131.88251063232849, 43.119044673322364 ], [ 131.882504398303126, 43.119027654364423 ], [ 131.882612450065011, 43.119004722082813 ], [ 131.882569651902088, 43.118896031831262 ], [ 131.882529534123165, 43.118904710420814 ], [ 131.882527987860101, 43.118900849691038 ], [ 131.88214754077967, 43.118981831263547 ] ] ] ] } },
{ "type": "Feature", "properties": { "fid": 49, "Layer": "8 - ценная историческая застройка конец ХIX - начало ХХ века", "PaperSpace": null, "SubClasses": "AcDbEntity:AcDbPolyline", "Linetype": "ByLayer", "EntityHandle": "593", "Text": null, "ogr_style": "PEN(c:#000000)", "font": null, "angle": null, "size": null, "size_u": null, "anchor": null, "color": "#000000", "underline": null, "plaintext": null, "fcolor": null, "flnum": null, "bold": null, "italic": null, "dx": null, "dx_u": null, "dy": null, "dy_u": null }, "geometry": { "type": "MultiPolygon", "coordinates": [ [ [ [ 131.881915950966459, 43.121050669131705 ], [ 131.882166466104792, 43.121001223966189 ], [ 131.882127388616624, 43.120889442447762 ], [ 131.881873252886322, 43.120937248266053 ], [ 131.881915950966459, 43.121050669131705 ] ] ] ] } },
{ "type": "Feature", "properties": { "fid": 50, "Layer": "8 - ценная историческая застройка конец ХIX - начало ХХ века", "PaperSpace": null, "SubClasses": "AcDbEntity:AcDbPolyline", "Linetype": "ByLayer", "EntityHandle": "595", "Text": null, "ogr_style": "PEN(c:#000000)", "font": null, "angle": null, "size": null, "size_u": null, "anchor": null, "color": "#000000", "underline": null, "plaintext": null, "fcolor": null, "flnum": null, "bold": null, "italic": null, "dx": null, "dx_u": null, "dy": null, "dy_u": null }, "geometry": { "type": "MultiPolygon", "coordinates": [ [ [ [ 131.887479350495454, 43.120054319250478 ], [ 131.887539992988025, 43.120222524105529 ], [ 131.887721175047943, 43.120187867273252 ], [ 131.887706510232135, 43.120143926292371 ], [ 131.887685860159081, 43.120147506512424 ], [ 131.887663621037063, 43.120079524486044 ], [ 131.887626253012911, 43.120086688778258 ], [ 131.887606203807366, 43.120030680682667 ], [ 131.887479350495454, 43.120054319250478 ] ] ] ] } },
{ "type": "Feature", "properties": { "fid": 51, "Layer": "8 - ценная историческая застройка конец ХIX - начало ХХ века", "PaperSpace": null, "SubClasses": "AcDbEntity:AcDbPolyline", "Linetype": "ByLayer", "EntityHandle": "597", "Text": null, "ogr_style": "PEN(c:#000000)", "font": null, "angle": null, "size": null, "size_u": null, "anchor": null, "color": "#000000", "underline": null, "plaintext": null, "fcolor": null, "flnum": null, "bold": null, "italic": null, "dx": null, "dx_u": null, "dy": null, "dy_u": null }, "geometry": { "type": "MultiPolygon", "coordinates": [ [ [ [ 131.88764245281493, 43.120300215986397 ], [ 131.887536909993003, 43.120323213547088 ], [ 131.887543573045235, 43.120340667487085 ], [ 131.887559716364791, 43.120337360471289 ], [ 131.887573229302518, 43.120372757707074 ], [ 131.887796382787002, 43.120316379428793 ], [ 131.887772215936394, 43.120266511665271 ], [ 131.88764245281493, 43.120300215986397 ] ] ] ] } },
{ "type": "Feature", "properties": { "fid": 52, "Layer": "8 - ценная историческая застройка конец ХIX - начало ХХ века", "PaperSpace": null, "SubClasses": "AcDbEntity:AcDbPolyline", "Linetype": "ByLayer", "EntityHandle": "599", "Text": null, "ogr_style": "PEN(c:#000000)", "font": null, "angle": null, "size": null, "size_u": null, "anchor": null, "color": "#000000", "underline": null, "plaintext": null, "fcolor": null, "flnum": null, "bold": null, "italic": null, "dx": null, "dx_u": null, "dy": null, "dy_u": null }, "geometry": { "type": "MultiPolygon", "coordinates": [ [ [ [ 131.887543573045235, 43.120340667487085 ], [ 131.887535316049309, 43.120319038192214 ], [ 131.887461920316554, 43.120333814439775 ], [ 131.887486748921134, 43.120398601210702 ], [ 131.887559292284664, 43.120383740479859 ], [ 131.887557730340859, 43.120379648957183 ], [ 131.887574545081975, 43.120376204398205 ], [ 131.887559716364791, 43.120337360471289 ], [ 131.887543573045235, 43.120340667487085 ] ] ] ] } },
{ "type": "Feature", "properties": { "fid": 53, "Layer": "8 - ценная историческая застройка конец ХIX - начало ХХ века", "PaperSpace": null, "SubClasses": "AcDbEntity:AcDbPolyline", "Linetype": "ByLayer", "EntityHandle": "59B", "Text": null, "ogr_style": "PEN(c:#000000)", "font": null, "angle": null, "size": null, "size_u": null, "anchor": null, "color": "#000000", "underline": null, "plaintext": null, "fcolor": null, "flnum": null, "bold": null, "italic": null, "dx": null, "dx_u": null, "dy": null, "dy_u": null }, "geometry": { "type": "MultiPolygon", "coordinates": [ [ [ [ 131.887962246646225, 43.120476355050904 ], [ 131.888037758625558, 43.120458104966708 ], [ 131.88803223369888, 43.120444730900417 ], [ 131.8880931339678, 43.120431014011203 ], [ 131.888016234673216, 43.120265150250603 ], [ 131.887851577803332, 43.120306508673039 ], [ 131.887868638203599, 43.120344720433295 ], [ 131.887874567453451, 43.120343222528582 ], [ 131.887898931147191, 43.120394973868876 ], [ 131.887920020545181, 43.120389890972248 ], [ 131.887962246646225, 43.120476355050904 ] ] ] ] } },
{ "type": "Feature", "properties": { "fid": 54, "Layer": "8 - ценная историческая застройка конец ХIX - начало ХХ века", "PaperSpace": null, "SubClasses": "AcDbEntity:AcDbPolyline", "Linetype": "ByLayer", "EntityHandle": "59D", "Text": null, "ogr_style": "PEN(c:#000000)", "font": null, "angle": null, "size": null, "size_u": null, "anchor": null, "color": "#000000", "underline": null, "plaintext": null, "fcolor": null, "flnum": null, "bold": null, "italic": null, "dx": null, "dx_u": null, "dy": null, "dy_u": null }, "geometry": { "type": "MultiPolygon", "coordinates": [ [ [ [ 131.885404665484629, 43.118605349217056 ], [ 131.885377980634956, 43.118521659828737 ], [ 131.88528552419848, 43.118537480290719 ], [ 131.885312426146811, 43.118621850944322 ], [ 131.885404665484629, 43.118605349217056 ] ] ] ] } },
{ "type": "Feature", "properties": { "fid": 55, "Layer": "8 - ценная историческая застройка конец ХIX - начало ХХ века", "PaperSpace": null, "SubClasses": "AcDbEntity:AcDbPolyline", "Linetype": "ByLayer", "EntityHandle": "59F", "Text": null, "ogr_style": "PEN(c:#000000)", "font": null, "angle": null, "size": null, "size_u": null, "anchor": null, "color": "#000000", "underline": null, "plaintext": null, "fcolor": null, "flnum": null, "bold": null, "italic": null, "dx": null, "dx_u": null, "dy": null, "dy_u": null }, "geometry": { "type": "MultiPolygon", "coordinates": [ [ [ [ 131.885057804684465, 43.118809349180765 ], [ 131.884836772009123, 43.118806641743809 ], [ 131.884834787641779, 43.118893571928801 ], [ 131.885055820629873, 43.118896279369878 ], [ 131.885057804684465, 43.118809349180765 ] ] ] ] } },
{ "type": "Feature", "properties": { "fid": 56, "Layer": "8 - ценная историческая застройка конец ХIX - начало ХХ века", "PaperSpace": null, "SubClasses": "AcDbEntity:AcDbPolyline", "Linetype": "ByLayer", "EntityHandle": "5A1", "Text": null, "ogr_style": "PEN(c:#000000)", "font": null, "angle": null, "size": null, "size_u": null, "anchor": null, "color": "#000000", "underline": null, "plaintext": null, "fcolor": null, "flnum": null, "bold": null, "italic": null, "dx": null, "dx_u": null, "dy": null, "dy_u": null }, "geometry": { "type": "MultiPolygon", "coordinates": [ [ [ [ 131.884583225563887, 43.119259635301098 ], [ 131.884667466209009, 43.119271722207266 ], [ 131.884718630890575, 43.119094311825798 ], [ 131.884673822822322, 43.119087233973275 ], [ 131.884665333743925, 43.119113225384986 ], [ 131.88462673579815, 43.11910810492315 ], [ 131.884583225563887, 43.119259635301098 ] ] ] ] } },
{ "type": "Feature", "properties": { "fid": 57, "Layer": "8 - ценная историческая застройка конец ХIX - начало ХХ века", "PaperSpace": null, "SubClasses": "AcDbEntity:AcDbPolyline", "Linetype": "ByLayer", "EntityHandle": "5A3", "Text": null, "ogr_style": "PEN(c:#000000)", "font": null, "angle": null, "size": null, "size_u": null, "anchor": null, "color": "#000000", "underline": null, "plaintext": null, "fcolor": null, "flnum": null, "bold": null, "italic": null, "dx": null, "dx_u": null, "dy": null, "dy_u": null }, "geometry": { "type": "MultiPolygon", "coordinates": [ [ [ [ 131.884986249713023, 43.11889541280469 ], [ 131.88493186030496, 43.119101499282792 ], [ 131.885025356093621, 43.119114772517108 ], [ 131.885083450325311, 43.118898088300874 ], [ 131.884986249713023, 43.11889541280469 ] ] ] ] } },
{ "type": "Feature", "properties": { "fid": 58, "Layer": "8 - ценная историческая застройка конец ХIX - начало ХХ века", "PaperSpace": null, "SubClasses": "AcDbEntity:AcDbPolyline", "Linetype": "ByLayer", "EntityHandle": "5A5", "Text": null, "ogr_style": "PEN(c:#000000)", "font": null, "angle": null, "size": null, "size_u": null, "anchor": null, "color": "#000000", "underline": null, "plaintext": null, "fcolor": null, "flnum": null, "bold": null, "italic": null, "dx": null, "dx_u": null, "dy": null, "dy_u": null }, "geometry": { "type": "MultiPolygon", "coordinates": [ [ [ [ 131.884594994672113, 43.119018272481682 ], [ 131.884908986391423, 43.119026949551738 ], [ 131.88491741524507, 43.118930379548253 ], [ 131.884599816973179, 43.118922293339708 ], [ 131.884594994672113, 43.119018272481682 ] ] ] ] } },
{ "type": "Feature", "properties": { "fid": 59, "Layer": "8 - ценная историческая застройка конец ХIX - начало ХХ века", "PaperSpace": null, "SubClasses": "AcDbEntity:AcDbPolyline", "Linetype": "ByLayer", "EntityHandle": "5A7", "Text": null, "ogr_style": "PEN(c:#000000)", "font": null, "angle": null, "size": null, "size_u": null, "anchor": null, "color": "#000000", "underline": null, "plaintext": null, "fcolor": null, "flnum": null, "bold": null, "italic": null, "dx": null, "dx_u": null, "dy": null, "dy_u": null }, "geometry": { "type": "MultiPolygon", "coordinates": [ [ [ [ 131.884446371539156, 43.119259013544287 ], [ 131.884518629397434, 43.119270075337596 ], [ 131.884584703308036, 43.119054308844959 ], [ 131.884508356470576, 43.119042075531631 ], [ 131.884446371539156, 43.119259013544287 ] ] ] ] } },
{ "type": "Feature", "properties": { "fid": 60, "Layer": "8 - ценная историческая застройка конец ХIX - начало ХХ века", "PaperSpace": null, "SubClasses": "AcDbEntity:AcDbPolyline", "Linetype": "ByLayer", "EntityHandle": "5A9", "Text": null, "ogr_style": "PEN(c:#000000)", "font": null, "angle": null, "size": null, "size_u": null, "anchor": null, "color": "#000000", "underline": null, "plaintext": null, "fcolor": null, "flnum": null, "bold": null, "italic": null, "dx": null, "dx_u": null, "dy": null, "dy_u": null }, "geometry": { "type": "MultiPolygon", "coordinates": [ ] } },
{ "type": "Feature", "properties": { "fid": 61, "Layer": "8 - ценная историческая застройка конец ХIX - начало ХХ века", "PaperSpace": null, "SubClasses": "AcDbEntity:AcDbPolyline", "Linetype": "ByLayer", "EntityHandle": "5AA", "Text": null, "ogr_style": "PEN(c:#000000)", "font": null, "angle": null, "size": null, "size_u": null, "anchor": null, "color": "#000000", "underline": null, "plaintext": null, "fcolor": null, "flnum": null, "bold": null, "italic": null, "dx": null, "dx_u": null, "dy": null, "dy_u": null }, "geometry": { "type": "MultiPolygon", "coordinates": [ ] } },
{ "type": "Feature", "properties": { "fid": 62, "Layer": "8 - ценная историческая застройка конец ХIX - начало ХХ века", "PaperSpace": null, "SubClasses": "AcDbEntity:AcDbPolyline", "Linetype": "ByLayer", "EntityHandle": "5AB", "Text": null, "ogr_style": "PEN(c:#000000)", "font": null, "angle": null, "size": null, "size_u": null, "anchor": null, "color": "#000000", "underline": null, "plaintext": null, "fcolor": null, "flnum": null, "bold": null, "italic": null, "dx": null, "dx_u": null, "dy": null, "dy_u": null }, "geometry": { "type": "MultiPolygon", "coordinates": [ ] } },
{ "type": "Feature", "properties": { "fid": 63, "Layer": "8 - ценная историческая застройка конец ХIX - начало ХХ века", "PaperSpace": null, "SubClasses": "AcDbEntity:AcDbPolyline", "Linetype": "ByLayer", "EntityHandle": "5AC", "Text": null, "ogr_style": "PEN(c:#000000)", "font": null, "angle": null, "size": null, "size_u": null, "anchor": null, "color": "#000000", "underline": null, "plaintext": null, "fcolor": null, "flnum": null, "bold": null, "italic": null, "dx": null, "dx_u": null, "dy": null, "dy_u": null }, "geometry": { "type": "MultiPolygon", "coordinates": [ ] } },
{ "type": "Feature", "properties": { "fid": 64, "Layer": "8 - ценная историческая застройка конец ХIX - начало ХХ века", "PaperSpace": null, "SubClasses": "AcDbEntity:AcDbPolyline", "Linetype": "ByLayer", "EntityHandle": "5AD", "Text": null, "ogr_style": "PEN(c:#000000)", "font": null, "angle": null, "size": null, "size_u": null, "anchor": null, "color": "#000000", "underline": null, "plaintext": null, "fcolor": null, "flnum": null, "bold": null, "italic": null, "dx": null, "dx_u": null, "dy": null, "dy_u": null }, "geometry": { "type": "MultiPolygon", "coordinates": [ ] } },
{ "type": "Feature", "properties": { "fid": 65, "Layer": "8 - ценная историческая застройка конец ХIX - начало ХХ века", "PaperSpace": null, "SubClasses": "AcDbEntity:AcDbPolyline", "Linetype": "ByLayer", "EntityHandle": "5AE", "Text": null, "ogr_style": "PEN(c:#000000)", "font": null, "angle": null, "size": null, "size_u": null, "anchor": null, "color": "#000000", "underline": null, "plaintext": null, "fcolor": null, "flnum": null, "bold": null, "italic": null, "dx": null, "dx_u": null, "dy": null, "dy_u": null }, "geometry": { "type": "MultiPolygon", "coordinates": [ ] } },
{ "type": "Feature", "properties": { "fid": 66, "Layer": "8 - ценная историческая застройка конец ХIX - начало ХХ века", "PaperSpace": null, "SubClasses": "AcDbEntity:AcDbPolyline", "Linetype": "ByLayer", "EntityHandle": "5AF", "Text": null, "ogr_style": "PEN(c:#000000)", "font": null, "angle": null, "size": null, "size_u": null, "anchor": null, "color": "#000000", "underline": null, "plaintext": null, "fcolor": null, "flnum": null, "bold": null, "italic": null, "dx": null, "dx_u": null, "dy": null, "dy_u": null }, "geometry": { "type": "MultiPolygon", "coordinates": [ ] } },
{ "type": "Feature", "properties": { "fid": 67, "Layer": "8 - ценная историческая застройка конец ХIX - начало ХХ века", "PaperSpace": null, "SubClasses": "AcDbEntity:AcDbPolyline", "Linetype": "ByLayer", "EntityHandle": "5B0", "Text": null, "ogr_style": "PEN(c:#000000)", "font": null, "angle": null, "size": null, "size_u": null, "anchor": null, "color": "#000000", "underline": null, "plaintext": null, "fcolor": null, "flnum": null, "bold": null, "italic": null, "dx": null, "dx_u": null, "dy": null, "dy_u": null }, "geometry": { "type": "MultiPolygon", "coordinates": [ ] } },
{ "type": "Feature", "properties": { "fid": 68, "Layer": "8 - ценная историческая застройка конец ХIX - начало ХХ века", "PaperSpace": null, "SubClasses": "AcDbEntity:AcDbPolyline", "Linetype": "ByLayer", "EntityHandle": "5B1", "Text": null, "ogr_style": "PEN(c:#000000)", "font": null, "angle": null, "size": null, "size_u": null, "anchor": null, "color": "#000000", "underline": null, "plaintext": null, "fcolor": null, "flnum": null, "bold": null, "italic": null, "dx": null, "dx_u": null, "dy": null, "dy_u": null }, "geometry": { "type": "MultiPolygon", "coordinates": [ ] } },
{ "type": "Feature", "properties": { "fid": 69, "Layer": "8 - ценная историческая застройка конец ХIX - начало ХХ века", "PaperSpace": null, "SubClasses": "AcDbEntity:AcDbPolyline", "Linetype": "ByLayer", "EntityHandle": "5B2", "Text": null, "ogr_style": "PEN(c:#000000)", "font": null, "angle": null, "size": null, "size_u": null, "anchor": null, "color": "#000000", "underline": null, "plaintext": null, "fcolor": null, "flnum": null, "bold": null, "italic": null, "dx": null, "dx_u": null, "dy": null, "dy_u": null }, "geometry": { "type": "MultiPolygon", "coordinates": [ ] } },
{ "type": "Feature", "properties": { "fid": 70, "Layer": "8 - ценная историческая застройка конец ХIX - начало ХХ века", "PaperSpace": null, "SubClasses": "AcDbEntity:AcDbPolyline", "Linetype": "ByLayer", "EntityHandle": "5B3", "Text": null, "ogr_style": "PEN(c:#000000)", "font": null, "angle": null, "size": null, "size_u": null, "anchor": null, "color": "#000000", "underline": null, "plaintext": null, "fcolor": null, "flnum": null, "bold": null, "italic": null, "dx": null, "dx_u": null, "dy": null, "dy_u": null }, "geometry": { "type": "MultiPolygon", "coordinates": [ [ [ [ 131.910253341427079, 43.115030190677089 ], [ 131.910304555153573, 43.115015676108136 ], [ 131.910318448144778, 43.115041667903185 ], [ 131.910442196829933, 43.115008060672814 ], [ 131.910428486987996, 43.114979017198458 ], [ 131.910395306445594, 43.114987286005636 ], [ 131.910312573450256, 43.114821784648299 ], [ 131.91036123886596, 43.114809445532075 ], [ 131.910346216715595, 43.114781090781342 ], [ 131.910205970607393, 43.114819512548152 ], [ 131.910217424466822, 43.114842183991215 ], [ 131.910167865045992, 43.114857005624771 ], [ 131.910253341427079, 43.115030190677089 ] ] ] ] } },
{ "type": "Feature", "properties": { "fid": 71, "Layer": "8 - ценная историческая застройка конец ХIX - начало ХХ века", "PaperSpace": null, "SubClasses": "AcDbEntity:AcDbPolyline", "Linetype": "ByLayer", "EntityHandle": "5B5", "Text": null, "ogr_style": "PEN(c:#000000)", "font": null, "angle": null, "size": null, "size_u": null, "anchor": null, "color": "#000000", "underline": null, "plaintext": null, "fcolor": null, "flnum": null, "bold": null, "italic": null, "dx": null, "dx_u": null, "dy": null, "dy_u": null }, "geometry": { "type": "MultiPolygon", "coordinates": [ ] } },
{ "type": "Feature", "properties": { "fid": 72, "Layer": "8 - ценная историческая застройка конец ХIX - начало ХХ века", "PaperSpace": null, "SubClasses": "AcDbEntity:AcDbPolyline", "Linetype": "ByLayer", "EntityHandle": "5B6", "Text": null, "ogr_style": "PEN(c:#000000)", "font": null, "angle": null, "size": null, "size_u": null, "anchor": null, "color": "#000000", "underline": null, "plaintext": null, "fcolor": null, "flnum": null, "bold": null, "italic": null, "dx": null, "dx_u": null, "dy": null, "dy_u": null }, "geometry": { "type": "MultiPolygon", "coordinates": [ ] } },
{ "type": "Feature", "properties": { "fid": 73, "Layer": "8 - ценная историческая застройка конец ХIX - начало ХХ века", "PaperSpace": null, "SubClasses": "AcDbEntity:AcDbPolyline", "Linetype": "ByLayer", "EntityHandle": "5B7", "Text": null, "ogr_style": "PEN(c:#000000)", "font": null, "angle": null, "size": null, "size_u": null, "anchor": null, "color": "#000000", "underline": null, "plaintext": null, "fcolor": null, "flnum": null, "bold": null, "italic": null, "dx": null, "dx_u": null, "dy": null, "dy_u": null }, "geometry": { "type": "MultiPolygon", "coordinates": [ ] } },
{ "type": "Feature", "properties": { "fid": 74, "Layer": "8 - ценная историческая застройка конец ХIX - начало ХХ века", "PaperSpace": null, "SubClasses": "AcDbEntity:AcDbPolyline", "Linetype": "ByLayer", "EntityHandle": "5B8", "Text": null, "ogr_style": "PEN(c:#000000)", "font": null, "angle": null, "size": null, "size_u": null, "anchor": null, "color": "#000000", "underline": null, "plaintext": null, "fcolor": null, "flnum": null, "bold": null, "italic": null, "dx": null, "dx_u": null, "dy": null, "dy_u": null }, "geometry": { "type": "MultiPolygon", "coordinates": [ ] } },
{ "type": "Feature", "properties": { "fid": 75, "Layer": "8 - ценная историческая застройка конец ХIX - начало ХХ века", "PaperSpace": null, "SubClasses": "AcDbEntity:AcDbPolyline", "Linetype": "ByLayer", "EntityHandle": "5B9", "Text": null, "ogr_style": "PEN(c:#000000)", "font": null, "angle": null, "size": null, "size_u": null, "anchor": null, "color": "#000000", "underline": null, "plaintext": null, "fcolor": null, "flnum": null, "bold": null, "italic": null, "dx": null, "dx_u": null, "dy": null, "dy_u": null }, "geometry": { "type": "MultiPolygon", "coordinates": [ ] } },
{ "type": "Feature", "properties": { "fid": 76, "Layer": "8 - ценная историческая застройка конец ХIX - начало ХХ века", "PaperSpace": null, "SubClasses": "AcDbEntity:AcDbPolyline", "Linetype": "ByLayer", "EntityHandle": "5BA", "Text": null, "ogr_style": "PEN(c:#000000)", "font": null, "angle": null, "size": null, "size_u": null, "anchor": null, "color": "#000000", "underline": null, "plaintext": null, "fcolor": null, "flnum": null, "bold": null, "italic": null, "dx": null, "dx_u": null, "dy": null, "dy_u": null }, "geometry": { "type": "MultiPolygon", "coordinates": [ ] } },
{ "type": "Feature", "properties": { "fid": 77, "Layer": "8 - ценная историческая застройка конец ХIX - начало ХХ века", "PaperSpace": null, "SubClasses": "AcDbEntity:AcDbPolyline", "Linetype": "ByLayer", "EntityHandle": "5BB", "Text": null, "ogr_style": "PEN(c:#000000)", "font": null, "angle": null, "size": null, "size_u": null, "anchor": null, "color": "#000000", "underline": null, "plaintext": null, "fcolor": null, "flnum": null, "bold": null, "italic": null, "dx": null, "dx_u": null, "dy": null, "dy_u": null }, "geometry": { "type": "MultiPolygon", "coordinates": [ [ [ [ 131.881029011140186, 43.121853291414439 ], [ 131.880909842321756, 43.121879434301938 ], [ 131.880935108222644, 43.12194483804673 ], [ 131.880832168706547, 43.121966582446277 ], [ 131.880853962095756, 43.122028711375243 ], [ 131.880873500367102, 43.122024687690846 ], [ 131.880910778457377, 43.122128672002276 ], [ 131.881090424255149, 43.122091273198322 ], [ 131.881112310902438, 43.122069498143979 ], [ 131.881029011140186, 43.121853291414439 ] ] ] ] } },
{ "type": "Feature", "properties": { "fid": 78, "Layer": "8 - ценная историческая застройка конец ХIX - начало ХХ века", "PaperSpace": null, "SubClasses": "AcDbEntity:AcDbPolyline", "Linetype": "ByLayer", "EntityHandle": "5BD", "Text": null, "ogr_style": "PEN(c:#000000)", "font": null, "angle": null, "size": null, "size_u": null, "anchor": null, "color": "#000000", "underline": null, "plaintext": null, "fcolor": null, "flnum": null, "bold": null, "italic": null, "dx": null, "dx_u": null, "dy": null, "dy_u": null }, "geometry": { "type": "MultiPolygon", "coordinates": [ [ [ [ 131.920477253815761, 43.110430013994836 ], [ 131.920893332517153, 43.110397876406822 ], [ 131.920878706435587, 43.1102962313985 ], [ 131.920461689415191, 43.110327210398616 ], [ 131.920477253815761, 43.110430013994836 ] ] ] ] } },
{ "type": "Feature", "properties": { "fid": 79, "Layer": "8 - ценная историческая застройка конец ХIX - начало ХХ века", "PaperSpace": null, "SubClasses": "AcDbEntity:AcDbPolyline", "Linetype": "ByLayer", "EntityHandle": "5BF", "Text": null, "ogr_style": "PEN(c:#000000)", "font": null, "angle": null, "size": null, "size_u": null, "anchor": null, "color": "#000000", "underline": null, "plaintext": null, "fcolor": null, "flnum": null, "bold": null, "italic": null, "dx": null, "dx_u": null, "dy": null, "dy_u": null }, "geometry": { "type": "MultiPolygon", "coordinates": [ [ [ [ 131.890249804274191, 43.120115107262095 ], [ 131.890080535329275, 43.120142859736539 ], [ 131.890139167192473, 43.120313052542933 ], [ 131.890305826192787, 43.120283256774421 ], [ 131.890249804274191, 43.120115107262095 ] ] ] ] } },
{ "type": "Feature", "properties": { "fid": 80, "Layer": "8 - ценная историческая застройка конец ХIX - начало ХХ века", "PaperSpace": null, "SubClasses": "AcDbEntity:AcDbPolyline", "Linetype": "ByLayer", "EntityHandle": "5C1", "Text": null, "ogr_style": "PEN(c:#000000)", "font": null, "angle": null, "size": null, "size_u": null, "anchor": null, "color": "#000000", "underline": null, "plaintext": null, "fcolor": null, "flnum": null, "bold": null, "italic": null, "dx": null, "dx_u": null, "dy": null, "dy_u": null }, "geometry": { "type": "MultiPolygon", "coordinates": [ [ [ [ 131.908672895208156, 43.116551744106687 ], [ 131.908709398056317, 43.116619574525458 ], [ 131.908738133119897, 43.116611403052836 ], [ 131.908746065631817, 43.116626118933731 ], [ 131.908824750028884, 43.116602070053816 ], [ 131.908779683463138, 43.116518541392992 ], [ 131.908672895208156, 43.116551744106687 ] ] ] ] } },
{ "type": "Feature", "properties": { "fid": 81, "Layer": "8 - ценная историческая застройка конец ХIX - начало ХХ века", "PaperSpace": null, "SubClasses": "AcDbEntity:AcDbPolyline", "Linetype": "ByLayer", "EntityHandle": "5C3", "Text": null, "ogr_style": "PEN(c:#000000)", "font": null, "angle": null, "size": null, "size_u": null, "anchor": null, "color": "#000000", "underline": null, "plaintext": null, "fcolor": null, "flnum": null, "bold": null, "italic": null, "dx": null, "dx_u": null, "dy": null, "dy_u": null }, "geometry": { "type": "MultiPolygon", "coordinates": [ [ [ [ 131.909847181836881, 43.117295476260033 ], [ 131.909763804463239, 43.117317913707062 ], [ 131.909739224708062, 43.117263157063306 ], [ 131.909728922545781, 43.117258531219768 ], [ 131.909679327845026, 43.117269203567581 ], [ 131.909674077358318, 43.117277176205867 ], [ 131.909676434845181, 43.117283055597682 ], [ 131.909635219950445, 43.117291924661828 ], [ 131.909654672840162, 43.11734043871553 ], [ 131.909681848630839, 43.11733459073838 ], [ 131.909704714767258, 43.117391617008892 ], [ 131.909784416366335, 43.117374465921863 ], [ 131.909790034869218, 43.117384820926716 ], [ 131.909878983145262, 43.117358920058571 ], [ 131.909847181836881, 43.117295476260033 ] ] ] ] } },
{ "type": "Feature", "properties": { "fid": 82, "Layer": "8 - ценная историческая застройка конец ХIX - начало ХХ века", "PaperSpace": null, "SubClasses": "AcDbEntity:AcDbPolyline", "Linetype": "ByLayer", "EntityHandle": "5C5", "Text": null, "ogr_style": "PEN(c:#000000)", "font": null, "angle": null, "size": null, "size_u": null, "anchor": null, "color": "#000000", "underline": null, "plaintext": null, "fcolor": null, "flnum": null, "bold": null, "italic": null, "dx": null, "dx_u": null, "dy": null, "dy_u": null }, "geometry": { "type": "MultiPolygon", "coordinates": [ [ [ [ 131.910179751068455, 43.116862076830188 ], [ 131.910060854930407, 43.116897836954713 ], [ 131.910118314738668, 43.117000365719292 ], [ 131.910237211042158, 43.116964605535905 ], [ 131.910179751068455, 43.116862076830188 ] ] ] ] } },
{ "type": "Feature", "properties": { "fid": 83, "Layer": "8 - ценная историческая застройка конец ХIX - начало ХХ века", "PaperSpace": null, "SubClasses": "AcDbEntity:AcDbPolyline", "Linetype": "ByLayer", "EntityHandle": "5C7", "Text": null, "ogr_style": "PEN(c:#000000)", "font": null, "angle": null, "size": null, "size_u": null, "anchor": null, "color": "#000000", "underline": null, "plaintext": null, "fcolor": null, "flnum": null, "bold": null, "italic": null, "dx": null, "dx_u": null, "dy": null, "dy_u": null }, "geometry": { "type": "MultiPolygon", "coordinates": [ [ [ [ 131.913004427167095, 43.116392502186507 ], [ 131.913086227233549, 43.116488684016147 ], [ 131.913327086603687, 43.116370100089654 ], [ 131.91335160887752, 43.116397324379179 ], [ 131.9134200227235, 43.116360484294205 ], [ 131.913366370993202, 43.116310122624547 ], [ 131.91333944744153, 43.116325600054097 ], [ 131.913278084414259, 43.116268312298025 ], [ 131.91318743572478, 43.116309846960711 ], [ 131.913200619549997, 43.116325289326404 ], [ 131.913115908337261, 43.116365854166858 ], [ 131.913100112229955, 43.116348150542208 ], [ 131.913004427167095, 43.116392502186507 ] ] ] ] } },
{ "type": "Feature", "properties": { "fid": 84, "Layer": "8 - ценная историческая застройка конец ХIX - начало ХХ века", "PaperSpace": null, "SubClasses": "AcDbEntity:AcDbPolyline", "Linetype": "ByLayer", "EntityHandle": "5C9", "Text": null, "ogr_style": "PEN(c:#000000)", "font": null, "angle": null, "size": null, "size_u": null, "anchor": null, "color": "#000000", "underline": null, "plaintext": null, "fcolor": null, "flnum": null, "bold": null, "italic": null, "dx": null, "dx_u": null, "dy": null, "dy_u": null }, "geometry": { "type": "MultiPolygon", "coordinates": [ [ [ [ 131.911774694864789, 43.115552868181844 ], [ 131.912024584881152, 43.115488209827255 ], [ 131.911969864384787, 43.115377101363435 ], [ 131.911721457185507, 43.115439969090161 ], [ 131.911774694864789, 43.115552868181844 ] ] ] ] } },
{ "type": "Feature", "properties": { "fid": 85, "Layer": "8 - ценная историческая застройка конец ХIX - начало ХХ века", "PaperSpace": null, "SubClasses": "AcDbEntity:AcDbPolyline", "Linetype": "ByLayer", "EntityHandle": "5CB", "Text": null, "ogr_style": "PEN(c:#000000)", "font": null, "angle": null, "size": null, "size_u": null, "anchor": null, "color": "#000000", "underline": null, "plaintext": null, "fcolor": null, "flnum": null, "bold": null, "italic": null, "dx": null, "dx_u": null, "dy": null, "dy_u": null }, "geometry": { "type": "MultiPolygon", "coordinates": [ [ [ [ 131.899822040892559, 43.114725037117672 ], [ 131.899968776572905, 43.114761009502466 ], [ 131.899995726686882, 43.114697959448705 ], [ 131.900024068870323, 43.114704461520368 ], [ 131.900026579256973, 43.114698588432901 ], [ 131.900059045371876, 43.114705963776686 ], [ 131.900108806282503, 43.11459034980814 ], [ 131.899910886940006, 43.114545843986413 ], [ 131.899897680621422, 43.114574094308445 ], [ 131.899884340171127, 43.114570967555728 ], [ 131.899822040892559, 43.114725037117672 ] ] ] ] } },
{ "type": "Feature", "properties": { "fid": 86, "Layer": "8 - ценная историческая застройка конец ХIX - начало ХХ века", "PaperSpace": null, "SubClasses": "AcDbEntity:AcDbPolyline", "Linetype": "ByLayer", "EntityHandle": "5CD", "Text": null, "ogr_style": "PEN(c:#000000)", "font": null, "angle": null, "size": null, "size_u": null, "anchor": null, "color": "#000000", "underline": null, "plaintext": null, "fcolor": null, "flnum": null, "bold": null, "italic": null, "dx": null, "dx_u": null, "dy": null, "dy_u": null }, "geometry": { "type": "MultiPolygon", "coordinates": [ [ [ [ 131.894649147307206, 43.117499824949846 ], [ 131.89472554828501, 43.117711216266528 ], [ 131.894882209109085, 43.117680950649671 ], [ 131.89480578698587, 43.117469379650196 ], [ 131.894649147307206, 43.117499824949846 ] ] ] ] } },
{ "type": "Feature", "properties": { "fid": 87, "Layer": "8 - ценная историческая застройка конец ХIX - начало ХХ века", "PaperSpace": null, "SubClasses": "AcDbEntity:AcDbPolyline", "Linetype": "ByLayer", "EntityHandle": "5CF", "Text": null, "ogr_style": "PEN(c:#000000)", "font": null, "angle": null, "size": null, "size_u": null, "anchor": null, "color": "#000000", "underline": null, "plaintext": null, "fcolor": null, "flnum": null, "bold": null, "italic": null, "dx": null, "dx_u": null, "dy": null, "dy_u": null }, "geometry": { "type": "MultiPolygon", "coordinates": [ [ [ [ 131.887602456146539, 43.118637372093517 ], [ 131.887678729326183, 43.118663866592449 ], [ 131.887666458817648, 43.118682823457597 ], [ 131.887705080930346, 43.1186962393326 ], [ 131.887713739378341, 43.118682862774278 ], [ 131.887812533192374, 43.118717179956349 ], [ 131.887875996635699, 43.118619133946993 ], [ 131.887662307794358, 43.11854490650903 ], [ 131.887602456146539, 43.118637372093517 ] ] ] ] } },
{ "type": "Feature", "properties": { "fid": 88, "Layer": "8 - ценная историческая застройка конец ХIX - начало ХХ века", "PaperSpace": null, "SubClasses": "AcDbEntity:AcDbPolyline", "Linetype": "ByLayer", "EntityHandle": "5D1", "Text": null, "ogr_style": "PEN(c:#000000)", "font": null, "angle": null, "size": null, "size_u": null, "anchor": null, "color": "#000000", "underline": null, "plaintext": null, "fcolor": null, "flnum": null, "bold": null, "italic": null, "dx": null, "dx_u": null, "dy": null, "dy_u": null }, "geometry": { "type": "MultiPolygon", "coordinates": [ [ [ [ 131.890065827022028, 43.118399692145815 ], [ 131.890112782164522, 43.118443255285193 ], [ 131.890103880507979, 43.118448404318244 ], [ 131.890141490659943, 43.118483297488012 ], [ 131.890150392318304, 43.11847814845212 ], [ 131.890184545272064, 43.118509834124509 ], [ 131.890435117397175, 43.118364893606568 ], [ 131.890302398715505, 43.118241136013893 ], [ 131.890251494366225, 43.118270581104433 ], [ 131.890265910910301, 43.118283956184655 ], [ 131.890157700412885, 43.118346549258234 ], [ 131.890143283877705, 43.118333174164498 ], [ 131.890093910526161, 43.1183617335112 ], [ 131.89010832705722, 43.118375108611104 ], [ 131.890065827022028, 43.118399692145815 ] ] ] ] } },
{ "type": "Feature", "properties": { "fid": 89, "Layer": "8 - ценная историческая застройка конец ХIX - начало ХХ века", "PaperSpace": null, "SubClasses": "AcDbEntity:AcDbPolyline", "Linetype": "ByLayer", "EntityHandle": "5D3", "Text": null, "ogr_style": "PEN(c:#000000)", "font": null, "angle": null, "size": null, "size_u": null, "anchor": null, "color": "#000000", "underline": null, "plaintext": null, "fcolor": null, "flnum": null, "bold": null, "italic": null, "dx": null, "dx_u": null, "dy": null, "dy_u": null }, "geometry": { "type": "MultiPolygon", "coordinates": [ [ [ [ 131.89009512390345, 43.118583096034733 ], [ 131.889997386526261, 43.118467766394438 ], [ 131.889840962003092, 43.118538906189741 ], [ 131.889938699199206, 43.118654235962012 ], [ 131.89009512390345, 43.118583096034733 ] ] ] ] } },
{ "type": "Feature", "properties": { "fid": 90, "Layer": "8 - ценная историческая застройка конец ХIX - начало ХХ века", "PaperSpace": null, "SubClasses": "AcDbEntity:AcDbPolyline", "Linetype": "ByLayer", "EntityHandle": "5D5", "Text": null, "ogr_style": "PEN(c:#000000)", "font": null, "angle": null, "size": null, "size_u": null, "anchor": null, "color": "#000000", "underline": null, "plaintext": null, "fcolor": null, "flnum": null, "bold": null, "italic": null, "dx": null, "dx_u": null, "dy": null, "dy_u": null }, "geometry": { "type": "MultiPolygon", "coordinates": [ [ [ [ 131.889738446345802, 43.117501509230813 ], [ 131.889759466506348, 43.11745099674679 ], [ 131.889773940530034, 43.117454229188908 ], [ 131.889798785949353, 43.117394524271944 ], [ 131.889773799809461, 43.117384029341061 ], [ 131.889785924829738, 43.117367807861058 ], [ 131.889634805764416, 43.11733590902216 ], [ 131.88958329922886, 43.117466860532119 ], [ 131.889738446345802, 43.117501509230813 ] ] ] ] } },
{ "type": "Feature", "properties": { "fid": 91, "Layer": "8 - ценная историческая застройка конец ХIX - начало ХХ века", "PaperSpace": null, "SubClasses": "AcDbEntity:AcDbPolyline", "Linetype": "ByLayer", "EntityHandle": "5D7", "Text": null, "ogr_style": "PEN(c:#000000)", "font": null, "angle": null, "size": null, "size_u": null, "anchor": null, "color": "#000000", "underline": null, "plaintext": null, "fcolor": null, "flnum": null, "bold": null, "italic": null, "dx": null, "dx_u": null, "dy": null, "dy_u": null }, "geometry": { "type": "MultiPolygon", "coordinates": [ [ [ [ 131.889463442174275, 43.117336025473847 ], [ 131.889422838147283, 43.117439257427748 ], [ 131.889581022877451, 43.117472647971645 ], [ 131.889621626660897, 43.117369415961996 ], [ 131.889463442174275, 43.117336025473847 ] ] ] ] } },
{ "type": "Feature", "properties": { "fid": 92, "Layer": "8 - ценная историческая застройка конец ХIX - начало ХХ века", "PaperSpace": null, "SubClasses": "AcDbEntity:AcDbPolyline", "Linetype": "ByLayer", "EntityHandle": "5D9", "Text": null, "ogr_style": "PEN(c:#000000)", "font": null, "angle": null, "size": null, "size_u": null, "anchor": null, "color": "#000000", "underline": null, "plaintext": null, "fcolor": null, "flnum": null, "bold": null, "italic": null, "dx": null, "dx_u": null, "dy": null, "dy_u": null }, "geometry": { "type": "MultiPolygon", "coordinates": [ ] } },
{ "type": "Feature", "properties": { "fid": 93, "Layer": "8 - ценная историческая застройка конец ХIX - начало ХХ века", "PaperSpace": null, "SubClasses": "AcDbEntity:AcDbPolyline", "Linetype": "ByLayer", "EntityHandle": "5DA", "Text": null, "ogr_style": "PEN(c:#000000)", "font": null, "angle": null, "size": null, "size_u": null, "anchor": null, "color": "#000000", "underline": null, "plaintext": null, "fcolor": null, "flnum": null, "bold": null, "italic": null, "dx": null, "dx_u": null, "dy": null, "dy_u": null }, "geometry": { "type": "MultiPolygon", "coordinates": [ [ [ [ 131.90990190581806, 43.114977083827597 ], [ 131.910030438116678, 43.114937823934518 ], [ 131.909937562447737, 43.114770123676905 ], [ 131.909863276489745, 43.114791181360907 ], [ 131.909915928789417, 43.114882078808101 ], [ 131.9098588302964, 43.114900005073807 ], [ 131.90990190581806, 43.114977083827597 ] ] ] ] } },
{ "type": "Feature", "properties": { "fid": 94, "Layer": "8 - ценная историческая застройка конец ХIX - начало ХХ века", "PaperSpace": null, "SubClasses": "AcDbEntity:AcDbPolyline", "Linetype": "ByLayer", "EntityHandle": "5DC", "Text": null, "ogr_style": "PEN(c:#000000)", "font": null, "angle": null, "size": null, "size_u": null, "anchor": null, "color": "#000000", "underline": null, "plaintext": null, "fcolor": null, "flnum": null, "bold": null, "italic": null, "dx": null, "dx_u": null, "dy": null, "dy_u": null }, "geometry": { "type": "MultiPolygon", "coordinates": [ [ [ [ 131.87919074829432, 43.12156255286741 ], [ 131.88011131745705, 43.121384268504379 ], [ 131.880151887258108, 43.12148852165442 ], [ 131.880220799500876, 43.121475380688686 ], [ 131.880280560432169, 43.121425082915351 ], [ 131.880216126641898, 43.121250072591707 ], [ 131.87915429585874, 43.121459842276018 ], [ 131.87919074829432, 43.12156255286741 ] ] ] ] } },
{ "type": "Feature", "properties": { "fid": 95, "Layer": "8 - ценная историческая застройка конец ХIX - начало ХХ века", "PaperSpace": null, "SubClasses": "AcDbEntity:AcDbPolyline", "Linetype": "ByLayer", "EntityHandle": "5DE", "Text": null, "ogr_style": "PEN(c:#000000)", "font": null, "angle": null, "size": null, "size_u": null, "anchor": null, "color": "#000000", "underline": null, "plaintext": null, "fcolor": null, "flnum": null, "bold": null, "italic": null, "dx": null, "dx_u": null, "dy": null, "dy_u": null }, "geometry": { "type": "MultiPolygon", "coordinates": [ ] } },
{ "type": "Feature", "properties": { "fid": 96, "Layer": "8 - ценная историческая застройка конец ХIX - начало ХХ века", "PaperSpace": null, "SubClasses": "AcDbEntity:AcDbPolyline", "Linetype": "ByLayer", "EntityHandle": "5DF", "Text": null, "ogr_style": "PEN(c:#000000)", "font": null, "angle": null, "size": null, "size_u": null, "anchor": null, "color": "#000000", "underline": null, "plaintext": null, "fcolor": null, "flnum": null, "bold": null, "italic": null, "dx": null, "dx_u": null, "dy": null, "dy_u": null }, "geometry": { "type": "MultiPolygon", "coordinates": [ ] } },
{ "type": "Feature", "properties": { "fid": 97, "Layer": "8 - ценная историческая застройка конец ХIX - начало ХХ века", "PaperSpace": null, "SubClasses": "AcDbEntity:AcDbPolyline", "Linetype": "ByLayer", "EntityHandle": "5E0", "Text": null, "ogr_style": "PEN(c:#000000)", "font": null, "angle": null, "size": null, "size_u": null, "anchor": null, "color": "#000000", "underline": null, "plaintext": null, "fcolor": null, "flnum": null, "bold": null, "italic": null, "dx": null, "dx_u": null, "dy": null, "dy_u": null }, "geometry": { "type": "MultiPolygon", "coordinates": [ [ [ [ 131.877700526973967, 43.113446633626573 ], [ 131.877694366098297, 43.113440235579908 ], [ 131.877683969031096, 43.11343842262189 ], [ 131.877700526973967, 43.113446633626573 ] ] ] ] } },
{ "type": "Feature", "properties": { "fid": 98, "Layer": "8 - ценная историческая застройка конец ХIX - начало ХХ века", "PaperSpace": null, "SubClasses": "AcDbEntity:AcDbPolyline", "Linetype": "ByLayer", "EntityHandle": "5E1", "Text": null, "ogr_style": "PEN(c:#000000)", "font": null, "angle": null, "size": null, "size_u": null, "anchor": null, "color": "#000000", "underline": null, "plaintext": null, "fcolor": null, "flnum": null, "bold": null, "italic": null, "dx": null, "dx_u": null, "dy": null, "dy_u": null }, "geometry": { "type": "MultiPolygon", "coordinates": [ ] } },
{ "type": "Feature", "properties": { "fid": 99, "Layer": "8 - ценная историческая застройка конец ХIX - начало ХХ века", "PaperSpace": null, "SubClasses": "AcDbEntity:AcDbPolyline", "Linetype": "ByLayer", "EntityHandle": "5E2", "Text": null, "ogr_style": "PEN(c:#000000)", "font": null, "angle": null, "size": null, "size_u": null, "anchor": null, "color": "#000000", "underline": null, "plaintext": null, "fcolor": null, "flnum": null, "bold": null, "italic": null, "dx": null, "dx_u": null, "dy": null, "dy_u": null }, "geometry": { "type": "MultiPolygon", "coordinates": [ [ [ [ 131.877489180063208, 43.113474906183406 ], [ 131.87748179180619, 43.113477799631085 ], [ 131.877477070762239, 43.113482869899073 ], [ 131.877476089322727, 43.113488965270221 ], [ 131.877479070423618, 43.113494701173614 ], [ 131.877489180063208, 43.113474906183406 ] ] ] ] } },
{ "type": "Feature", "properties": { "fid": 100, "Layer": "8 - ценная историческая застройка конец ХIX - начало ХХ века", "PaperSpace": null, "SubClasses": "AcDbEntity:AcDbPolyline", "Linetype": "ByLayer", "EntityHandle": "5E3", "Text": null, "ogr_style": "PEN(c:#000000)", "font": null, "angle": null, "size": null, "size_u": null, "anchor": null, "color": "#000000", "underline": null, "plaintext": null, "fcolor": null, "flnum": null, "bold": null, "italic": null, "dx": null, "dx_u": null, "dy": null, "dy_u": null }, "geometry": { "type": "MultiPolygon", "coordinates": [ ] } },
{ "type": "Feature", "properties": { "fid": 101, "Layer": "8 - ценная историческая застройка конец ХIX - начало ХХ века", "PaperSpace": null, "SubClasses": "AcDbEntity:AcDbPolyline", "Linetype": "ByLayer", "EntityHandle": "5E4", "Text": null, "ogr_style": "PEN(c:#000000)", "font": null, "angle": null, "size": null, "size_u": null, "anchor": null, "color": "#000000", "underline": null, "plaintext": null, "fcolor": null, "flnum": null, "bold": null, "italic": null, "dx": null, "dx_u": null, "dy": null, "dy_u": null }, "geometry": { "type": "MultiPolygon", "coordinates": [ [ [ [ 131.878053833359871, 43.113400672680108 ], [ 131.878007723814562, 43.1132708654889 ], [ 131.877757432295851, 43.113316804424137 ], [ 131.877791446050196, 43.113414166058433 ], [ 131.877768812607769, 43.113419173648978 ], [ 131.877783440086972, 43.113460679605041 ], [ 131.877870166745197, 43.113443897633417 ], [ 131.877857348209886, 43.113405915662945 ], [ 131.877963310937503, 43.113385223397962 ], [ 131.877974130378959, 43.113416278399477 ], [ 131.878053833359871, 43.113400672680108 ] ] ] ] } },
{ "type": "Feature", "properties": { "fid": 102, "Layer": "8 - ценная историческая застройка конец ХIX - начало ХХ века", "PaperSpace": null, "SubClasses": "AcDbEntity:AcDbPolyline", "Linetype": "ByLayer", "EntityHandle": "5E6", "Text": null, "ogr_style": "PEN(c:#000000)", "font": null, "angle": null, "size": null, "size_u": null, "anchor": null, "color": "#000000", "underline": null, "plaintext": null, "fcolor": null, "flnum": null, "bold": null, "italic": null, "dx": null, "dx_u": null, "dy": null, "dy_u": null }, "geometry": { "type": "MultiPolygon", "coordinates": [ [ [ [ 131.831611150781299, 43.074625006477177 ], [ 131.831611249525338, 43.074589000968189 ], [ 131.83143934849187, 43.074588747479496 ], [ 131.831439249647133, 43.074624752988214 ], [ 131.831611150781299, 43.074625006477177 ] ] ] ] } },
{ "type": "Feature", "properties": { "fid": 103, "Layer": "8 - ценная историческая застройка конец ХIX - начало ХХ века", "PaperSpace": null, "SubClasses": "AcDbEntity:AcDbPolyline", "Linetype": "ByLayer", "EntityHandle": "5E8", "Text": null, "ogr_style": "PEN(c:#000000)", "font": null, "angle": null, "size": null, "size_u": null, "anchor": null, "color": "#000000", "underline": null, "plaintext": null, "fcolor": null, "flnum": null, "bold": null, "italic": null, "dx": null, "dx_u": null, "dy": null, "dy_u": null }, "geometry": { "type": "MultiPolygon", "coordinates": [ [ [ [ 131.87974850596737, 43.111236004751476 ], [ 131.879555982085918, 43.11127170364675 ], [ 131.879646164316455, 43.111532765943195 ], [ 131.879838688964526, 43.111497066898721 ], [ 131.879811552436109, 43.111418512195087 ], [ 131.879816392949323, 43.111417614634171 ], [ 131.879779673352942, 43.111311318600698 ], [ 131.879774832847517, 43.111312216160087 ], [ 131.87974850596737, 43.111236004751476 ] ] ] ] } },
{ "type": "Feature", "properties": { "fid": 104, "Layer": "8 - ценная историческая застройка конец ХIX - начало ХХ века", "PaperSpace": null, "SubClasses": "AcDbEntity:AcDbPolyline", "Linetype": "ByLayer", "EntityHandle": "5EA", "Text": null, "ogr_style": "PEN(c:#000000)", "font": null, "angle": null, "size": null, "size_u": null, "anchor": null, "color": "#000000", "underline": null, "plaintext": null, "fcolor": null, "flnum": null, "bold": null, "italic": null, "dx": null, "dx_u": null, "dy": null, "dy_u": null }, "geometry": { "type": "MultiPolygon", "coordinates": [ [ [ [ 131.880811804786276, 43.114231189568024 ], [ 131.881518386308926, 43.114098130484649 ], [ 131.881509655587593, 43.114072960045007 ], [ 131.880803702683323, 43.114207754614441 ], [ 131.880811804786276, 43.114231189568024 ] ] ] ] } },
{ "type": "Feature", "properties": { "fid": 105, "Layer": "8 - ценная историческая застройка конец ХIX - начало ХХ века", "PaperSpace": null, "SubClasses": "AcDbEntity:AcDbPolyline", "Linetype": "ByLayer", "EntityHandle": "5EC", "Text": null, "ogr_style": "PEN(c:#000000)", "font": null, "angle": null, "size": null, "size_u": null, "anchor": null, "color": "#000000", "underline": null, "plaintext": null, "fcolor": null, "flnum": null, "bold": null, "italic": null, "dx": null, "dx_u": null, "dy": null, "dy_u": null }, "geometry": { "type": "MultiPolygon", "coordinates": [ [ [ [ 131.881222253717766, 43.113760865639414 ], [ 131.881274147288167, 43.113913556369276 ], [ 131.881302923211422, 43.113908515686276 ], [ 131.881314273835301, 43.113943215968675 ], [ 131.880909322231162, 43.114016417930529 ], [ 131.880958628274811, 43.114166428225765 ], [ 131.88121383091692, 43.114117928249534 ], [ 131.881226963145679, 43.114125808401702 ], [ 131.881261450226418, 43.114118857817331 ], [ 131.881268027525834, 43.114107628373851 ], [ 131.881329012837995, 43.114095992067433 ], [ 131.881332572974003, 43.114105958684803 ], [ 131.881509791612046, 43.11407198186059 ], [ 131.881399609047236, 43.113730247838149 ], [ 131.881222253717766, 43.113760865639414 ] ] ] ] } },
{ "type": "Feature", "properties": { "fid": 106, "Layer": "8 - ценная историческая застройка конец ХIX - начало ХХ века", "PaperSpace": null, "SubClasses": "AcDbEntity:AcDbPolyline", "Linetype": "ByLayer", "EntityHandle": "5EE", "Text": null, "ogr_style": "PEN(c:#000000)", "font": null, "angle": null, "size": null, "size_u": null, "anchor": null, "color": "#000000", "underline": null, "plaintext": null, "fcolor": null, "flnum": null, "bold": null, "italic": null, "dx": null, "dx_u": null, "dy": null, "dy_u": null }, "geometry": { "type": "MultiPolygon", "coordinates": [ [ [ [ 131.828626308271936, 43.075175568695776 ], [ 131.828626408765416, 43.075139563195819 ], [ 131.828454506219714, 43.075139305220986 ], [ 131.828454405625706, 43.07517531072061 ], [ 131.828626308271936, 43.075175568695776 ] ] ] ] } },
{ "type": "Feature", "properties": { "fid": 107, "Layer": "8 - ценная историческая застройка конец ХIX - начало ХХ века", "PaperSpace": null, "SubClasses": "AcDbEntity:AcDbPolyline", "Linetype": "ByLayer", "EntityHandle": "5F0", "Text": null, "ogr_style": "PEN(c:#000000)", "font": null, "angle": null, "size": null, "size_u": null, "anchor": null, "color": "#000000", "underline": null, "plaintext": null, "fcolor": null, "flnum": null, "bold": null, "italic": null, "dx": null, "dx_u": null, "dy": null, "dy_u": null }, "geometry": { "type": "MultiPolygon", "coordinates": [ [ [ [ 131.866598771688473, 43.100455162586542 ], [ 131.86650448772582, 43.100394903209477 ], [ 131.866452434252494, 43.100439869848032 ], [ 131.866428843873308, 43.100460248478761 ], [ 131.866470921388014, 43.100485941734519 ], [ 131.866526035302712, 43.100518060927072 ], [ 131.866598771688473, 43.100455162586542 ] ] ] ] } },
{ "type": "Feature", "properties": { "fid": 108, "Layer": "8 - ценная историческая застройка конец ХIX - начало ХХ века", "PaperSpace": null, "SubClasses": "AcDbEntity:AcDbPolyline", "Linetype": "ByLayer", "EntityHandle": "5F2", "Text": null, "ogr_style": "PEN(c:#000000)", "font": null, "angle": null, "size": null, "size_u": null, "anchor": null, "color": "#000000", "underline": null, "plaintext": null, "fcolor": null, "flnum": null, "bold": null, "italic": null, "dx": null, "dx_u": null, "dy": null, "dy_u": null }, "geometry": { "type": "MultiPolygon", "coordinates": [ [ [ [ 131.87976714083814, 43.109610920335726 ], [ 131.879876494697953, 43.1095911936278 ], [ 131.879857348788789, 43.109533063276523 ], [ 131.87994878791082, 43.109515876856186 ], [ 131.879808861610769, 43.109103174556076 ], [ 131.879677921300726, 43.109124167625232 ], [ 131.879655833143005, 43.109059101978588 ], [ 131.879588776382661, 43.109068329184595 ], [ 131.879668011564917, 43.10930824204987 ], [ 131.87976714083814, 43.109610920335726 ] ] ] ] } },
{ "type": "Feature", "properties": { "fid": 109, "Layer": "8 - ценная историческая застройка конец ХIX - начало ХХ века", "PaperSpace": null, "SubClasses": "AcDbEntity:AcDbPolyline", "Linetype": "ByLayer", "EntityHandle": "5F4", "Text": null, "ogr_style": "PEN(c:#000000)", "font": null, "angle": null, "size": null, "size_u": null, "anchor": null, "color": "#000000", "underline": null, "plaintext": null, "fcolor": null, "flnum": null, "bold": null, "italic": null, "dx": null, "dx_u": null, "dy": null, "dy_u": null }, "geometry": { "type": "MultiPolygon", "coordinates": [ [ [ [ 131.8801556566128, 43.110113957840447 ], [ 131.879997139447994, 43.109668950805592 ], [ 131.879801972917278, 43.109704390875535 ], [ 131.879957861388391, 43.110149318088531 ], [ 131.8801556566128, 43.110113957840447 ] ] ] ] } },
{ "type": "Feature", "properties": { "fid": 110, "Layer": "8 - ценная историческая застройка конец ХIX - начало ХХ века", "PaperSpace": null, "SubClasses": "AcDbEntity:AcDbPolyline", "Linetype": "ByLayer", "EntityHandle": "5F6", "Text": null, "ogr_style": "PEN(c:#000000)", "font": null, "angle": null, "size": null, "size_u": null, "anchor": null, "color": "#000000", "underline": null, "plaintext": null, "fcolor": null, "flnum": null, "bold": null, "italic": null, "dx": null, "dx_u": null, "dy": null, "dy_u": null }, "geometry": { "type": "MultiPolygon", "coordinates": [ [ [ [ 131.884215651828214, 43.113911258208297 ], [ 131.884481739239277, 43.114110473259544 ], [ 131.884606144810334, 43.114019583020124 ], [ 131.884333616241918, 43.113826486829048 ], [ 131.884215651828214, 43.113911258208297 ] ] ] ] } },
{ "type": "Feature", "properties": { "fid": 111, "Layer": "8 - ценная историческая застройка конец ХIX - начало ХХ века", "PaperSpace": null, "SubClasses": "AcDbEntity:AcDbPolyline", "Linetype": "ByLayer", "EntityHandle": "5F8", "Text": null, "ogr_style": "PEN(c:#000000)", "font": null, "angle": null, "size": null, "size_u": null, "anchor": null, "color": "#000000", "underline": null, "plaintext": null, "fcolor": null, "flnum": null, "bold": null, "italic": null, "dx": null, "dx_u": null, "dy": null, "dy_u": null }, "geometry": { "type": "MultiPolygon", "coordinates": [ [ [ [ 131.865997629312261, 43.100193934909235 ], [ 131.865860085737978, 43.100104760974673 ], [ 131.865778972100969, 43.100173176074151 ], [ 131.86575900652025, 43.100190015962305 ], [ 131.865827856373016, 43.10023376827256 ], [ 131.865895696231405, 43.100277519354997 ], [ 131.865997629312261, 43.100193934909235 ] ] ] ] } },
{ "type": "Feature", "properties": { "fid": 112, "Layer": "8 - ценная историческая застройка конец ХIX - начало ХХ века", "PaperSpace": null, "SubClasses": "AcDbEntity:AcDbPolyline", "Linetype": "ByLayer", "EntityHandle": "5FA", "Text": null, "ogr_style": "PEN(c:#000000)", "font": null, "angle": null, "size": null, "size_u": null, "anchor": null, "color": "#000000", "underline": null, "plaintext": null, "fcolor": null, "flnum": null, "bold": null, "italic": null, "dx": null, "dx_u": null, "dy": null, "dy_u": null }, "geometry": { "type": "MultiPolygon", "coordinates": [ [ [ [ 131.88162554389848, 43.113649885110711 ], [ 131.881815696675147, 43.113615821670834 ], [ 131.881796007770532, 43.113565470453942 ], [ 131.881765524841398, 43.113571868212304 ], [ 131.881751970735536, 43.113537205665459 ], [ 131.881768280031793, 43.113533782670984 ], [ 131.881775024445972, 43.113551030469054 ], [ 131.881811341207879, 43.113543408298646 ], [ 131.881764829428079, 43.113425093276376 ], [ 131.881561753456708, 43.113467714730028 ], [ 131.88162554389848, 43.113649885110711 ] ] ] ] } },
{ "type": "Feature", "properties": { "fid": 113, "Layer": "8 - ценная историческая застройка конец ХIX - начало ХХ века", "PaperSpace": null, "SubClasses": "AcDbEntity:AcDbPolyline", "Linetype": "ByLayer", "EntityHandle": "5FC", "Text": null, "ogr_style": "PEN(c:#000000)", "font": null, "angle": null, "size": null, "size_u": null, "anchor": null, "color": "#000000", "underline": null, "plaintext": null, "fcolor": null, "flnum": null, "bold": null, "italic": null, "dx": null, "dx_u": null, "dy": null, "dy_u": null }, "geometry": { "type": "MultiPolygon", "coordinates": [ [ [ [ 131.879078058223257, 43.108349546968952 ], [ 131.879552181500884, 43.108776125640716 ], [ 131.879708636707164, 43.108684978525524 ], [ 131.879234283871625, 43.108257237265128 ], [ 131.879078058223257, 43.108349546968952 ] ] ] ] } },
{ "type": "Feature", "properties": { "fid": 114, "Layer": "8 - ценная историческая застройка конец ХIX - начало ХХ века", "PaperSpace": null, "SubClasses": "AcDbEntity:AcDbPolyline", "Linetype": "ByLayer", "EntityHandle": "5FE", "Text": null, "ogr_style": "PEN(c:#000000)", "font": null, "angle": null, "size": null, "size_u": null, "anchor": null, "color": "#000000", "underline": null, "plaintext": null, "fcolor": null, "flnum": null, "bold": null, "italic": null, "dx": null, "dx_u": null, "dy": null, "dy_u": null }, "geometry": { "type": "MultiPolygon", "coordinates": [ [ [ [ 131.869202001193912, 43.102391182152665 ], [ 131.86946857046442, 43.102579653389192 ], [ 131.869564868528784, 43.102506522201232 ], [ 131.869298299279194, 43.102318051186657 ], [ 131.869202001193912, 43.102391182152665 ] ] ] ] } },
{ "type": "Feature", "properties": { "fid": 115, "Layer": "8 - ценная историческая застройка конец ХIX - начало ХХ века", "PaperSpace": null, "SubClasses": "AcDbEntity:AcDbPolyline", "Linetype": "ByLayer", "EntityHandle": "600", "Text": null, "ogr_style": "PEN(c:#000000)", "font": null, "angle": null, "size": null, "size_u": null, "anchor": null, "color": "#000000", "underline": null, "plaintext": null, "fcolor": null, "flnum": null, "bold": null, "italic": null, "dx": null, "dx_u": null, "dy": null, "dy_u": null }, "geometry": { "type": "MultiPolygon", "coordinates": [ [ [ [ 131.876558816653272, 43.110955493869575 ], [ 131.876430289563274, 43.110979871639991 ], [ 131.876449061449847, 43.111030590767129 ], [ 131.876409414040609, 43.111039221282546 ], [ 131.876427560053656, 43.11109015048384 ], [ 131.876467993413542, 43.111081742312926 ], [ 131.876486274592935, 43.111131135445603 ], [ 131.876614733536258, 43.11110592103676 ], [ 131.876558816653272, 43.110955493869575 ] ] ] ] } },
{ "type": "Feature", "properties": { "fid": 116, "Layer": "8 - ценная историческая застройка конец ХIX - начало ХХ века", "PaperSpace": null, "SubClasses": "AcDbEntity:AcDbPolyline", "Linetype": "ByLayer", "EntityHandle": "602", "Text": null, "ogr_style": "PEN(c:#000000)", "font": null, "angle": null, "size": null, "size_u": null, "anchor": null, "color": "#000000", "underline": null, "plaintext": null, "fcolor": null, "flnum": null, "bold": null, "italic": null, "dx": null, "dx_u": null, "dy": null, "dy_u": null }, "geometry": { "type": "MultiPolygon", "coordinates": [ [ [ [ 131.881387410332025, 43.11073751481851 ], [ 131.881550634535444, 43.110702759022104 ], [ 131.88153486247819, 43.110663046667582 ], [ 131.881371638371547, 43.110697802441869 ], [ 131.881387410332025, 43.11073751481851 ] ] ] ] } },
{ "type": "Feature", "properties": { "fid": 117, "Layer": "8 - ценная историческая застройка конец ХIX - начало ХХ века", "PaperSpace": null, "SubClasses": "AcDbEntity:AcDbPolyline", "Linetype": "ByLayer", "EntityHandle": "604", "Text": null, "ogr_style": "PEN(c:#000000)", "font": null, "angle": null, "size": null, "size_u": null, "anchor": null, "color": "#000000", "underline": null, "plaintext": null, "fcolor": null, "flnum": null, "bold": null, "italic": null, "dx": null, "dx_u": null, "dy": null, "dy_u": null }, "geometry": { "type": "MultiPolygon", "coordinates": [ [ [ [ 131.881422774771522, 43.110620353875042 ], [ 131.881507828340375, 43.110602169430209 ], [ 131.881465524862364, 43.110495819473257 ], [ 131.881380471428457, 43.11051400388714 ], [ 131.881422774771522, 43.110620353875042 ] ] ] ] } },
{ "type": "Feature", "properties": { "fid": 118, "Layer": "8 - ценная историческая застройка конец ХIX - начало ХХ века", "PaperSpace": null, "SubClasses": "AcDbEntity:AcDbPolyline", "Linetype": "ByLayer", "EntityHandle": "606", "Text": null, "ogr_style": "PEN(c:#000000)", "font": null, "angle": null, "size": null, "size_u": null, "anchor": null, "color": "#000000", "underline": null, "plaintext": null, "fcolor": null, "flnum": null, "bold": null, "italic": null, "dx": null, "dx_u": null, "dy": null, "dy_u": null }, "geometry": { "type": "MultiPolygon", "coordinates": [ [ [ [ 131.877124825137287, 43.110019468948494 ], [ 131.877150851913512, 43.110096215538604 ], [ 131.877200763629276, 43.11008712949598 ], [ 131.877234425813867, 43.110081229612518 ], [ 131.877222862077019, 43.110045813004604 ], [ 131.877202909749286, 43.109972434129809 ], [ 131.877279383286663, 43.109958796270021 ], [ 131.877257149300391, 43.109891870455584 ], [ 131.877091567268366, 43.109921399348835 ], [ 131.877124825137287, 43.110019468948494 ] ] ] ] } },
{ "type": "Feature", "properties": { "fid": 119, "Layer": "8 - ценная историческая застройка конец ХIX - начало ХХ века", "PaperSpace": null, "SubClasses": "AcDbEntity:AcDbPolyline", "Linetype": "ByLayer", "EntityHandle": "608", "Text": null, "ogr_style": "PEN(c:#000000)", "font": null, "angle": null, "size": null, "size_u": null, "anchor": null, "color": "#000000", "underline": null, "plaintext": null, "fcolor": null, "flnum": null, "bold": null, "italic": null, "dx": null, "dx_u": null, "dy": null, "dy_u": null }, "geometry": { "type": "MultiPolygon", "coordinates": [ [ [ [ 131.876827308937919, 43.111550412321186 ], [ 131.877012660571978, 43.111514553280585 ], [ 131.876999624822076, 43.111475661861228 ], [ 131.876980220390806, 43.111479017076348 ], [ 131.876926841011425, 43.111329818622409 ], [ 131.876948044369442, 43.111325914175019 ], [ 131.876932060746896, 43.111284327313307 ], [ 131.876714083053827, 43.111325486259481 ], [ 131.876737761998214, 43.111387394819396 ], [ 131.87676550652742, 43.111382221751775 ], [ 131.876807847418519, 43.111494711102196 ], [ 131.876789405909022, 43.111498448211904 ], [ 131.876804005389857, 43.111535414202379 ], [ 131.876822182494635, 43.111532560218755 ], [ 131.876827308937919, 43.111550412321186 ] ] ] ] } },
{ "type": "Feature", "properties": { "fid": 120, "Layer": "8 - ценная историческая застройка конец ХIX - начало ХХ века", "PaperSpace": null, "SubClasses": "AcDbEntity:AcDbPolyline", "Linetype": "ByLayer", "EntityHandle": "60A", "Text": null, "ogr_style": "PEN(c:#000000)", "font": null, "angle": null, "size": null, "size_u": null, "anchor": null, "color": "#000000", "underline": null, "plaintext": null, "fcolor": null, "flnum": null, "bold": null, "italic": null, "dx": null, "dx_u": null, "dy": null, "dy_u": null }, "geometry": { "type": "MultiPolygon", "coordinates": [ [ [ [ 131.877134152456989, 43.111217315882001 ], [ 131.877175326190468, 43.111345447921124 ], [ 131.877314926053003, 43.111323367994828 ], [ 131.87730551593333, 43.111288189393449 ], [ 131.877300113048733, 43.11128870359213 ], [ 131.877283808578852, 43.111238653708313 ], [ 131.877298674989078, 43.111236007664388 ], [ 131.877283065331767, 43.111191234565915 ], [ 131.877134152456989, 43.111217315882001 ] ] ] ] } },
{ "type": "Feature", "properties": { "fid": 121, "Layer": "8 - ценная историческая застройка конец ХIX - начало ХХ века", "PaperSpace": null, "SubClasses": "AcDbEntity:AcDbPolyline", "Linetype": "ByLayer", "EntityHandle": "60C", "Text": null, "ogr_style": "PEN(c:#000000)", "font": null, "angle": null, "size": null, "size_u": null, "anchor": null, "color": "#000000", "underline": null, "plaintext": null, "fcolor": null, "flnum": null, "bold": null, "italic": null, "dx": null, "dx_u": null, "dy": null, "dy_u": null }, "geometry": { "type": "MultiPolygon", "coordinates": [ [ [ [ 131.864294544108191, 43.100435935856716 ], [ 131.864554847098731, 43.100663913031603 ], [ 131.864758797592089, 43.100538869608101 ], [ 131.864242139999703, 43.100086372395261 ], [ 131.864038189961519, 43.100211414908436 ], [ 131.8642890367137, 43.100431112379745 ], [ 131.864294544108191, 43.100435935856716 ] ] ] ] } },
{ "type": "Feature", "properties": { "fid": 122, "Layer": "8 - ценная историческая застройка конец ХIX - начало ХХ века", "PaperSpace": null, "SubClasses": "AcDbEntity:AcDbPolyline", "Linetype": "ByLayer", "EntityHandle": "60E", "Text": null, "ogr_style": "PEN(c:#000000)", "font": null, "angle": null, "size": null, "size_u": null, "anchor": null, "color": "#000000", "underline": null, "plaintext": null, "fcolor": null, "flnum": null, "bold": null, "italic": null, "dx": null, "dx_u": null, "dy": null, "dy_u": null }, "geometry": { "type": "MultiPolygon", "coordinates": [ [ [ [ 131.875363697876338, 43.112299212325048 ], [ 131.875244265058569, 43.112413524150604 ], [ 131.875310084199668, 43.112450606132157 ], [ 131.875358812815108, 43.112405209514101 ], [ 131.875448890350867, 43.112455846068364 ], [ 131.875517252573815, 43.112387365417973 ], [ 131.875363697876338, 43.112299212325048 ] ] ] ] } },
{ "type": "Feature", "properties": { "fid": 123, "Layer": "8 - ценная историческая застройка конец ХIX - начало ХХ века", "PaperSpace": null, "SubClasses": "AcDbEntity:AcDbPolyline", "Linetype": "ByLayer", "EntityHandle": "610", "Text": null, "ogr_style": "PEN(c:#000000)", "font": null, "angle": null, "size": null, "size_u": null, "anchor": null, "color": "#000000", "underline": null, "plaintext": null, "fcolor": null, "flnum": null, "bold": null, "italic": null, "dx": null, "dx_u": null, "dy": null, "dy_u": null }, "geometry": { "type": "MultiPolygon", "coordinates": [ [ [ [ 131.876058384382475, 43.112780080403212 ], [ 131.876097124212578, 43.112811087943072 ], [ 131.876224102596098, 43.112785454385104 ], [ 131.876143289007643, 43.112721150942185 ], [ 131.876057945530107, 43.112780384995524 ], [ 131.876058384382475, 43.112780080403212 ] ] ] ] } },
{ "type": "Feature", "properties": { "fid": 124, "Layer": "8 - ценная историческая застройка конец ХIX - начало ХХ века", "PaperSpace": null, "SubClasses": "AcDbEntity:AcDbPolyline", "Linetype": "ByLayer", "EntityHandle": "612", "Text": null, "ogr_style": "PEN(c:#000000)", "font": null, "angle": null, "size": null, "size_u": null, "anchor": null, "color": "#000000", "underline": null, "plaintext": null, "fcolor": null, "flnum": null, "bold": null, "italic": null, "dx": null, "dx_u": null, "dy": null, "dy_u": null }, "geometry": { "type": "MultiPolygon", "coordinates": [ [ [ [ 131.901931300063239, 43.116301598376786 ], [ 131.901935615564952, 43.1163134528298 ], [ 131.901947443693416, 43.116322138341403 ], [ 131.901963615111413, 43.116325327634136 ], [ 131.901979796696338, 43.116322166138765 ], [ 131.901991652601879, 43.116313500976197 ], [ 131.901996006047483, 43.116301653971441 ], [ 131.901991690535027, 43.116289799520658 ], [ 131.901979862406478, 43.116281114013525 ], [ 131.901963690999253, 43.116277924723093 ], [ 131.901947509425185, 43.116281086216233 ], [ 131.901935653519701, 43.116289751374275 ], [ 131.901931300063239, 43.116301598376786 ] ] ] ] } }
]
}
