{
  "type": "FeatureCollection",
  "name": "2_okn_federal",
  "crs": {
    "type": "name",
    "properties": {
      "name": "urn:ogc:def:crs:OGC:1.3:CRS84"
    }
  },
  "features": [
    {
      "type": "Feature",
      "properties": {
        "fid": 1,
        "Layer": "2 - окн федерального значения",
        "PaperSpace": null,
        "SubClasses": "AcDbEntity:AcDbPolyline",
        "Linetype": "ByLayer",
        "EntityHandle": "5AF",
        "Text": null,
        "ogr_style": "PEN(c:#000000)",
        "font": null,
        "angle": null,
        "size": null,
        "size_u": null,
        "anchor": null,
        "color": "#000000",
        "underline": null,
        "plaintext": null,
        "fcolor": null,
        "flnum": null,
        "bold": null,
        "italic": null,
        "dx": null,
        "dx_u": null,
        "dy": null,
        "dy_u": null
      },
      "geometry": {
        "type": "MultiPolygon",
        "coordinates": [
          [
            [
              [
                131.880057,
                43.111692
              ],
              [
                131.880107,
                43.111584
              ],
              [
                131.880008,
                43.111584
              ],
              [
                131.880057,
                43.111692
              ]
            ]
          ]
        ]
      }
    },
    {
      "type": "Feature",
      "properties": {
        "fid": 2,
        "Layer": "2 - окн федерального значения",
        "PaperSpace": null,
        "SubClasses": "AcDbEntity:AcDbPolyline",
        "Linetype": "ByLayer",
        "EntityHandle": "5B1",
        "Text": null,
        "ogr_style": "PEN(c:#000000)",
        "font": null,
        "angle": null,
        "size": null,
        "size_u": null,
        "anchor": null,
        "color": "#000000",
        "underline": null,
        "plaintext": null,
        "fcolor": null,
        "flnum": null,
        "bold": null,
        "italic": null,
        "dx": null,
        "dx_u": null,
        "dy": null,
        "dy_u": null
      },
      "geometry": {
        "type": "MultiPolygon",
        "coordinates": [
          [
            [
              [
                131.877821,
                43.113995
              ],
              [
                131.877858,
                43.114024
              ],
              [
                131.877919,
                43.113985
              ],
              [
                131.877882,
                43.113954
              ],
              [
                131.877821,
                43.113995
              ]
            ]
          ]
        ]
      }
    },
    {
      "type": "Feature",
      "properties": {
        "fid": 3,
        "Layer": "2 - окн федерального значения",
        "PaperSpace": null,
        "SubClasses": "AcDbEntity:AcDbPolyline",
        "Linetype": "ByLayer",
        "EntityHandle": "5B3",
        "Text": null,
        "ogr_style": "PEN(c:#000000)",
        "font": null,
        "angle": null,
        "size": null,
        "size_u": null,
        "anchor": null,
        "color": "#000000",
        "underline": null,
        "plaintext": null,
        "fcolor": null,
        "flnum": null,
        "bold": null,
        "italic": null,
        "dx": null,
        "dx_u": null,
        "dy": null,
        "dy_u": null
      },
      "geometry": {
        "type": "MultiPolygon",
        "coordinates": [
          [
            [
              [
                131.925247,
                43.112756
              ],
              [
                131.925297,
                43.112648
              ],
              [
                131.925198,
                43.112648
              ],
              [
                131.925247,
                43.112756
              ]
            ]
          ]
        ]
      }
    },
    {
      "type": "Feature",
      "properties": {
        "fid": 4,
        "Layer": "2 - окн федерального значения",
        "PaperSpace": null,
        "SubClasses": "AcDbEntity:AcDbPolyline",
        "Linetype": "ByLayer",
        "EntityHandle": "5B5",
        "Text": null,
        "ogr_style": "PEN(c:#000000)",
        "font": null,
        "angle": null,
        "size": null,
        "size_u": null,
        "anchor": null,
        "color": "#000000",
        "underline": null,
        "plaintext": null,
        "fcolor": null,
        "flnum": null,
        "bold": null,
        "italic": null,
        "dx": null,
        "dx_u": null,
        "dy": null,
        "dy_u": null
      },
      "geometry": {
        "type": "MultiPolygon",
        "coordinates": [
          [
            [
              [
                131.892934,
                43.115094
              ],
              [
                131.892983,
                43.114986
              ],
              [
                131.892885,
                43.114986
              ],
              [
                131.892934,
                43.115094
              ]
            ]
          ]
        ]
      }
    },
    {
      "type": "Feature",
      "properties": {
        "fid": 5,
        "Layer": "2 - окн федерального значения",
        "PaperSpace": null,
        "SubClasses": "AcDbEntity:AcDbPolyline",
        "Linetype": "ByLayer",
        "EntityHandle": "5B7",
        "Text": null,
        "ogr_style": "PEN(c:#000000)",
        "font": null,
        "angle": null,
        "size": null,
        "size_u": null,
        "anchor": null,
        "color": "#000000",
        "underline": null,
        "plaintext": null,
        "fcolor": null,
        "flnum": null,
        "bold": null,
        "italic": null,
        "dx": null,
        "dx_u": null,
        "dy": null,
        "dy_u": null
      },
      "geometry": {
        "type": "MultiPolygon",
        "coordinates": [
          [
            [
              [
                131.885436,
                43.11557
              ],
              [
                131.885485,
                43.115462
              ],
              [
                131.885387,
                43.115462
              ],
              [
                131.885436,
                43.11557
              ]
            ]
          ]
        ]
      }
    },
    {
      "type": "Feature",
      "properties": {
        "fid": 6,
        "Layer": "2 - окн федерального значения",
        "PaperSpace": null,
        "SubClasses": "AcDbEntity:AcDbPolyline",
        "Linetype": "ByLayer",
        "EntityHandle": "5B9",
        "Text": null,
        "ogr_style": "PEN(c:#000000)",
        "font": null,
        "angle": null,
        "size": null,
        "size_u": null,
        "anchor": null,
        "color": "#000000",
        "underline": null,
        "plaintext": null,
        "fcolor": null,
        "flnum": null,
        "bold": null,
        "italic": null,
        "dx": null,
        "dx_u": null,
        "dy": null,
        "dy_u": null
      },
      "geometry": {
        "type": "MultiPolygon",
        "coordinates": [
          [
            [
              [
                131.897988,
                43.113735
              ],
              [
                131.898038,
                43.113627
              ],
              [
                131.897939,
                43.113627
              ],
              [
                131.897988,
                43.113735
              ]
            ]
          ]
        ]
      }
    },
    {
      "type": "Feature",
      "properties": {
        "fid": 7,
        "Layer": "2 - окн федерального значения",
        "PaperSpace": null,
        "SubClasses": "AcDbEntity:AcDbPolyline",
        "Linetype": "ByLayer",
        "EntityHandle": "5BB",
        "Text": null,
        "ogr_style": "PEN(c:#000000)",
        "font": null,
        "angle": null,
        "size": null,
        "size_u": null,
        "anchor": null,
        "color": "#000000",
        "underline": null,
        "plaintext": null,
        "fcolor": null,
        "flnum": null,
        "bold": null,
        "italic": null,
        "dx": null,
        "dx_u": null,
        "dy": null,
        "dy_u": null
      },
      "geometry": {
        "type": "MultiPolygon",
        "coordinates": [
          [
            [
              [
                131.897988,
                43.113735
              ],
              [
                131.898038,
                43.113627
              ],
              [
                131.897939,
                43.113627
              ],
              [
                131.897988,
                43.113735
              ]
            ]
          ]
        ]
      }
    },
    {
      "type": "Feature",
      "properties": {
        "fid": 8,
        "Layer": "2 - окн федерального значения",
        "PaperSpace": null,
        "SubClasses": "AcDbEntity:AcDbPolyline",
        "Linetype": "ByLayer",
        "EntityHandle": "5BD",
        "Text": null,
        "ogr_style": "PEN(c:#000000)",
        "font": null,
        "angle": null,
        "size": null,
        "size_u": null,
        "anchor": null,
        "color": "#000000",
        "underline": null,
        "plaintext": null,
        "fcolor": null,
        "flnum": null,
        "bold": null,
        "italic": null,
        "dx": null,
        "dx_u": null,
        "dy": null,
        "dy_u": null
      },
      "geometry": {
        "type": "MultiPolygon",
        "coordinates": [
          [
            [
              [
                131.897988,
                43.113735
              ],
              [
                131.898038,
                43.113627
              ],
              [
                131.897939,
                43.113627
              ],
              [
                131.897988,
                43.113735
              ]
            ]
          ]
        ]
      }
    },
    {
      "type": "Feature",
      "properties": {
        "fid": 9,
        "Layer": "2 - окн федерального значения",
        "PaperSpace": null,
        "SubClasses": "AcDbEntity:AcDbPolyline",
        "Linetype": "ByLayer",
        "EntityHandle": "5BF",
        "Text": null,
        "ogr_style": "PEN(c:#000000)",
        "font": null,
        "angle": null,
        "size": null,
        "size_u": null,
        "anchor": null,
        "color": "#000000",
        "underline": null,
        "plaintext": null,
        "fcolor": null,
        "flnum": null,
        "bold": null,
        "italic": null,
        "dx": null,
        "dx_u": null,
        "dy": null,
        "dy_u": null
      },
      "geometry": {
        "type": "MultiPolygon",
        "coordinates": [
          [
            [
              [
                131.885436,
                43.11557
              ],
              [
                131.885485,
                43.115462
              ],
              [
                131.885387,
                43.115462
              ],
              [
                131.885436,
                43.11557
              ]
            ]
          ]
        ]
      }
    },
    {
      "type": "Feature",
      "properties": {
        "fid": 10,
        "Layer": "2 - окн федерального значения",
        "PaperSpace": null,
        "SubClasses": "AcDbEntity:AcDbPolyline",
        "Linetype": "ByLayer",
        "EntityHandle": "5C1",
        "Text": null,
        "ogr_style": "PEN(c:#000000)",
        "font": null,
        "angle": null,
        "size": null,
        "size_u": null,
        "anchor": null,
        "color": "#000000",
        "underline": null,
        "plaintext": null,
        "fcolor": null,
        "flnum": null,
        "bold": null,
        "italic": null,
        "dx": null,
        "dx_u": null,
        "dy": null,
        "dy_u": null
      },
      "geometry": {
        "type": "MultiPolygon",
        "coordinates": [
          [
            [
              [
                131.876199,
                43.121777
              ],
              [
                131.876204,
                43.121768
              ],
              [
                131.876198,
                43.121766
              ],
              [
                131.876269,
                43.121624
              ],
              [
                131.876204,
                43.121608
              ],
              [
                131.876188,
                43.121608
              ],
              [
                131.87618,
                43.121612
              ],
              [
                131.876172,
                43.121624
              ],
              [
                131.876159,
                43.12165
              ],
              [
                131.8761,
                43.12167
              ],
              [
                131.876072,
                43.121665
              ],
              [
                131.876063,
                43.121699
              ],
              [
                131.876085,
                43.121704
              ],
              [
                131.876091,
                43.121708
              ],
              [
                131.876111,
                43.121752
              ],
              [
                131.876145,
                43.121762
              ],
              [
                131.876199,
                43.121777
              ]
            ]
          ]
        ]
      }
    },
    {
      "type": "Feature",
      "properties": {
        "fid": 11,
        "Layer": "2 - окн федерального значения",
        "PaperSpace": null,
        "SubClasses": "AcDbEntity:AcDbPolyline",
        "Linetype": "ByLayer",
        "EntityHandle": "5C3",
        "Text": null,
        "ogr_style": "PEN(c:#000000)",
        "font": null,
        "angle": null,
        "size": null,
        "size_u": null,
        "anchor": null,
        "color": "#000000",
        "underline": null,
        "plaintext": null,
        "fcolor": null,
        "flnum": null,
        "bold": null,
        "italic": null,
        "dx": null,
        "dx_u": null,
        "dy": null,
        "dy_u": null
      },
      "geometry": {
        "type": "MultiPolygon",
        "coordinates": [
          [
            [
              [
                131.925247,
                43.112756
              ],
              [
                131.925297,
                43.112648
              ],
              [
                131.925198,
                43.112648
              ],
              [
                131.925247,
                43.112756
              ]
            ]
          ]
        ]
      }
    },
    {
      "type": "Feature",
      "properties": {
        "fid": 12,
        "Layer": "2 - окн федерального значения",
        "PaperSpace": null,
        "SubClasses": "AcDbEntity:AcDbPolyline",
        "Linetype": "ByLayer",
        "EntityHandle": "5C5",
        "Text": null,
        "ogr_style": "PEN(c:#000000)",
        "font": null,
        "angle": null,
        "size": null,
        "size_u": null,
        "anchor": null,
        "color": "#000000",
        "underline": null,
        "plaintext": null,
        "fcolor": null,
        "flnum": null,
        "bold": null,
        "italic": null,
        "dx": null,
        "dx_u": null,
        "dy": null,
        "dy_u": null
      },
      "geometry": {
        "type": "MultiPolygon",
        "coordinates": [
          [
            [
              [
                131.877128,
                43.12547
              ],
              [
                131.877124,
                43.125386
              ],
              [
                131.876933,
                43.12539
              ],
              [
                131.876937,
                43.125472
              ],
              [
                131.877128,
                43.12547
              ]
            ]
          ]
        ]
      }
    },
    {
      "type": "Feature",
      "properties": {
        "fid": 13,
        "Layer": "2 - окн федерального значения",
        "PaperSpace": null,
        "SubClasses": "AcDbEntity:AcDbPolyline",
        "Linetype": "ByLayer",
        "EntityHandle": "5C7",
        "Text": null,
        "ogr_style": "PEN(c:#000000)",
        "font": null,
        "angle": null,
        "size": null,
        "size_u": null,
        "anchor": null,
        "color": "#000000",
        "underline": null,
        "plaintext": null,
        "fcolor": null,
        "flnum": null,
        "bold": null,
        "italic": null,
        "dx": null,
        "dx_u": null,
        "dy": null,
        "dy_u": null
      },
      "geometry": {
        "type": "MultiPolygon",
        "coordinates": [
          [
            [
              [
                131.892934,
                43.115094
              ],
              [
                131.892983,
                43.114986
              ],
              [
                131.892885,
                43.114986
              ],
              [
                131.892934,
                43.115094
              ]
            ]
          ]
        ]
      }
    },
    {
      "type": "Feature",
      "properties": {
        "fid": 14,
        "Layer": "2 - окн федерального значения",
        "PaperSpace": null,
        "SubClasses": "AcDbEntity:AcDbPolyline",
        "Linetype": "ByLayer",
        "EntityHandle": "5C9",
        "Text": null,
        "ogr_style": "PEN(c:#000000)",
        "font": null,
        "angle": null,
        "size": null,
        "size_u": null,
        "anchor": null,
        "color": "#000000",
        "underline": null,
        "plaintext": null,
        "fcolor": null,
        "flnum": null,
        "bold": null,
        "italic": null,
        "dx": null,
        "dx_u": null,
        "dy": null,
        "dy_u": null
      },
      "geometry": {
        "type": "MultiPolygon",
        "coordinates": [
          [
            [
              [
                131.893543,
                43.113906
              ],
              [
                131.893528,
                43.113866
              ],
              [
                131.893403,
                43.113892
              ],
              [
                131.89347,
                43.11407
              ],
              [
                131.89349,
                43.114066
              ],
              [
                131.893514,
                43.114126
              ],
              [
                131.893633,
                43.114102
              ],
              [
                131.893627,
                43.114083
              ],
              [
                131.893827,
                43.114044
              ],
              [
                131.893834,
                43.114062
              ],
              [
                131.893934,
                43.114042
              ],
              [
                131.893915,
                43.11399
              ],
              [
                131.893924,
                43.113989
              ],
              [
                131.893876,
                43.113858
              ],
              [
                131.893867,
                43.11386
              ],
              [
                131.893845,
                43.113799
              ],
              [
                131.893742,
                43.113821
              ],
              [
                131.893758,
                43.113862
              ],
              [
                131.893543,
                43.113906
              ]
            ]
          ]
        ]
      }
    },
    {
      "type": "Feature",
      "properties": {
        "fid": 15,
        "Layer": "2 - окн федерального значения",
        "PaperSpace": null,
        "SubClasses": "AcDbEntity:AcDbPolyline",
        "Linetype": "ByLayer",
        "EntityHandle": "5CB",
        "Text": null,
        "ogr_style": "PEN(c:#000000)",
        "font": null,
        "angle": null,
        "size": null,
        "size_u": null,
        "anchor": null,
        "color": "#000000",
        "underline": null,
        "plaintext": null,
        "fcolor": null,
        "flnum": null,
        "bold": null,
        "italic": null,
        "dx": null,
        "dx_u": null,
        "dy": null,
        "dy_u": null
      },
      "geometry": {
        "type": "MultiPolygon",
        "coordinates": [
          [
            [
              [
                131.880137,
                43.116791
              ],
              [
                131.880077,
                43.116633
              ],
              [
                131.880059,
                43.116584
              ],
              [
                131.880006,
                43.116545
              ],
              [
                131.879926,
                43.116592
              ],
              [
                131.879939,
                43.116633
              ],
              [
                131.879705,
                43.116677
              ],
              [
                131.879698,
                43.116659
              ],
              [
                131.879615,
                43.116675
              ],
              [
                131.879607,
                43.116653
              ],
              [
                131.879615,
                43.116651
              ],
              [
                131.879625,
                43.116641
              ],
              [
                131.879601,
                43.116576
              ],
              [
                131.879494,
                43.116595
              ],
              [
                131.879505,
                43.116628
              ],
              [
                131.879396,
                43.116647
              ],
              [
                131.879473,
                43.116879
              ],
              [
                131.879532,
                43.116902
              ],
              [
                131.880137,
                43.116791
              ]
            ]
          ]
        ]
      }
    },
    {
      "type": "Feature",
      "properties": {
        "fid": 16,
        "Layer": "2 - окн федерального значения",
        "PaperSpace": null,
        "SubClasses": "AcDbEntity:AcDbPolyline",
        "Linetype": "ByLayer",
        "EntityHandle": "5CD",
        "Text": null,
        "ogr_style": "PEN(c:#000000)",
        "font": null,
        "angle": null,
        "size": null,
        "size_u": null,
        "anchor": null,
        "color": "#000000",
        "underline": null,
        "plaintext": null,
        "fcolor": null,
        "flnum": null,
        "bold": null,
        "italic": null,
        "dx": null,
        "dx_u": null,
        "dy": null,
        "dy_u": null
      },
      "geometry": {
        "type": "MultiPolygon",
        "coordinates": [
          [
            [
              [
                131.900115,
                43.115225
              ],
              [
                131.900222,
                43.115004
              ],
              [
                131.900138,
                43.114984
              ],
              [
                131.900144,
                43.114971
              ],
              [
                131.900096,
                43.11496
              ],
              [
                131.89999,
                43.115183
              ],
              [
                131.899981,
                43.115181
              ],
              [
                131.899997,
                43.115146
              ],
              [
                131.899739,
                43.115077
              ],
              [
                131.89967,
                43.115235
              ],
              [
                131.900332,
                43.115396
              ],
              [
                131.900322,
                43.115417
              ],
              [
                131.900379,
                43.115431
              ],
              [
                131.900389,
                43.11541
              ],
              [
                131.900447,
                43.115424
              ],
              [
                131.900622,
                43.115475
              ],
              [
                131.900632,
                43.11545
              ],
              [
                131.900714,
                43.115469
              ],
              [
                131.900702,
                43.115495
              ],
              [
                131.900806,
                43.115519
              ],
              [
                131.900807,
                43.115513
              ],
              [
                131.90084,
                43.115521
              ],
              [
                131.900873,
                43.115512
              ],
              [
                131.900876,
                43.115505
              ],
              [
                131.900911,
                43.115426
              ],
              [
                131.900892,
                43.115402
              ],
              [
                131.900862,
                43.115395
              ],
              [
                131.90088,
                43.115352
              ],
              [
                131.900942,
                43.115367
              ],
              [
                131.901021,
                43.115193
              ],
              [
                131.90084,
                43.115145
              ],
              [
                131.900827,
                43.115173
              ],
              [
                131.900835,
                43.115175
              ],
              [
                131.900784,
                43.115287
              ],
              [
                131.900778,
                43.115286
              ],
              [
                131.900762,
                43.115318
              ],
              [
                131.900725,
                43.11531
              ],
              [
                131.900713,
                43.115341
              ],
              [
                131.900768,
                43.115354
              ],
              [
                131.900762,
                43.11537
              ],
              [
                131.900516,
                43.115312
              ],
              [
                131.900521,
                43.115302
              ],
              [
                131.900563,
                43.115313
              ],
              [
                131.900679,
                43.115059
              ],
              [
                131.900423,
                43.114997
              ],
              [
                131.900307,
                43.115249
              ],
              [
                131.900331,
                43.115255
              ],
              [
                131.900322,
                43.115275
              ],
              [
                131.900115,
                43.115225
              ]
            ]
          ]
        ]
      }
    },
    {
      "type": "Feature",
      "properties": {
        "fid": 17,
        "Layer": "2 - окн федерального значения",
        "PaperSpace": null,
        "SubClasses": "AcDbEntity:AcDbPolyline",
        "Linetype": "ByLayer",
        "EntityHandle": "5CF",
        "Text": null,
        "ogr_style": "PEN(c:#000000)",
        "font": null,
        "angle": null,
        "size": null,
        "size_u": null,
        "anchor": null,
        "color": "#000000",
        "underline": null,
        "plaintext": null,
        "fcolor": null,
        "flnum": null,
        "bold": null,
        "italic": null,
        "dx": null,
        "dx_u": null,
        "dy": null,
        "dy_u": null
      },
      "geometry": {
        "type": "MultiPolygon",
        "coordinates": [
          [
            [
              [
                131.879409,
                43.11436
              ],
              [
                131.87933,
                43.114307
              ],
              [
                131.879257,
                43.114362
              ],
              [
                131.879334,
                43.114415
              ],
              [
                131.879409,
                43.11436
              ]
            ]
          ]
        ]
      }
    },
    {
      "type": "Feature",
      "properties": {
        "fid": 18,
        "Layer": "2 - окн федерального значения",
        "PaperSpace": null,
        "SubClasses": "AcDbEntity:AcDbPolyline",
        "Linetype": "ByLayer",
        "EntityHandle": "5D1",
        "Text": null,
        "ogr_style": "PEN(c:#000000)",
        "font": null,
        "angle": null,
        "size": null,
        "size_u": null,
        "anchor": null,
        "color": "#000000",
        "underline": null,
        "plaintext": null,
        "fcolor": null,
        "flnum": null,
        "bold": null,
        "italic": null,
        "dx": null,
        "dx_u": null,
        "dy": null,
        "dy_u": null
      },
      "geometry": {
        "type": "MultiPolygon",
        "coordinates": [
          [
            [
              [
                131.878359,
                43.114196
              ],
              [
                131.878278,
                43.114073
              ],
              [
                131.878112,
                43.114135
              ],
              [
                131.878186,
                43.114256
              ],
              [
                131.878203,
                43.114188
              ],
              [
                131.878292,
                43.114157
              ],
              [
                131.878359,
                43.114196
              ]
            ]
          ]
        ]
      }
    },
    {
      "type": "Feature",
      "properties": {
        "fid": 19,
        "Layer": "2 - окн федерального значения",
        "PaperSpace": null,
        "SubClasses": "AcDbEntity:AcDbPolyline",
        "Linetype": "ByLayer",
        "EntityHandle": "5D3",
        "Text": null,
        "ogr_style": "PEN(c:#000000)",
        "font": null,
        "angle": null,
        "size": null,
        "size_u": null,
        "anchor": null,
        "color": "#000000",
        "underline": null,
        "plaintext": null,
        "fcolor": null,
        "flnum": null,
        "bold": null,
        "italic": null,
        "dx": null,
        "dx_u": null,
        "dy": null,
        "dy_u": null
      },
      "geometry": {
        "type": "MultiPolygon",
        "coordinates": [
          [
            [
              [
                131.877849,
                43.114017
              ],
              [
                131.877817,
                43.113991
              ],
              [
                131.877665,
                43.114053
              ],
              [
                131.877689,
                43.114082
              ],
              [
                131.877849,
                43.114017
              ]
            ]
          ]
        ]
      }
    },
    {
      "type": "Feature",
      "properties": {
        "fid": 20,
        "Layer": "2 - окн федерального значения",
        "PaperSpace": null,
        "SubClasses": "AcDbEntity:AcDbPolyline",
        "Linetype": "ByLayer",
        "EntityHandle": "5D5",
        "Text": null,
        "ogr_style": "PEN(c:#000000)",
        "font": null,
        "angle": null,
        "size": null,
        "size_u": null,
        "anchor": null,
        "color": "#000000",
        "underline": null,
        "plaintext": null,
        "fcolor": null,
        "flnum": null,
        "bold": null,
        "italic": null,
        "dx": null,
        "dx_u": null,
        "dy": null,
        "dy_u": null
      },
      "geometry": {
        "type": "MultiPolygon",
        "coordinates": [
          [
            [
              [
                131.877378,
                43.114244
              ],
              [
                131.877352,
                43.114219
              ],
              [
                131.877341,
                43.114224
              ],
              [
                131.877336,
                43.114228
              ],
              [
                131.877333,
                43.114232
              ],
              [
                131.877332,
                43.114245
              ],
              [
                131.877336,
                43.11425
              ],
              [
                131.877344,
                43.114254
              ],
              [
                131.87735,
                43.114254
              ],
              [
                131.877358,
                43.114253
              ],
              [
                131.877368,
                43.11425
              ],
              [
                131.877378,
                43.114244
              ]
            ]
          ]
        ]
      }
    },
    {
      "type": "Feature",
      "properties": {
        "fid": 21,
        "Layer": "2 - окн федерального значения",
        "PaperSpace": null,
        "SubClasses": "AcDbEntity:AcDbPolyline",
        "Linetype": "ByLayer",
        "EntityHandle": "5D7",
        "Text": null,
        "ogr_style": "PEN(c:#000000)",
        "font": null,
        "angle": null,
        "size": null,
        "size_u": null,
        "anchor": null,
        "color": "#000000",
        "underline": null,
        "plaintext": null,
        "fcolor": null,
        "flnum": null,
        "bold": null,
        "italic": null,
        "dx": null,
        "dx_u": null,
        "dy": null,
        "dy_u": null
      },
      "geometry": {
        "type": "MultiPolygon",
        "coordinates": [
          [
            [
              [
                131.876914,
                43.113894
              ],
              [
                131.876843,
                43.113959
              ],
              [
                131.876926,
                43.114013
              ],
              [
                131.877001,
                43.113949
              ],
              [
                131.876914,
                43.113894
              ]
            ]
          ]
        ]
      }
    },
    {
      "type": "Feature",
      "properties": {
        "fid": 22,
        "Layer": "2 - окн федерального значения",
        "PaperSpace": null,
        "SubClasses": "AcDbEntity:AcDbPolyline",
        "Linetype": "ByLayer",
        "EntityHandle": "5D9",
        "Text": null,
        "ogr_style": "PEN(c:#000000)",
        "font": null,
        "angle": null,
        "size": null,
        "size_u": null,
        "anchor": null,
        "color": "#000000",
        "underline": null,
        "plaintext": null,
        "fcolor": null,
        "flnum": null,
        "bold": null,
        "italic": null,
        "dx": null,
        "dx_u": null,
        "dy": null,
        "dy_u": null
      },
      "geometry": {
        "type": "MultiPolygon",
        "coordinates": [
          [
            [
              [
                131.877821,
                43.113995
              ],
              [
                131.877858,
                43.114024
              ],
              [
                131.877919,
                43.113985
              ],
              [
                131.877882,
                43.113954
              ],
              [
                131.877821,
                43.113995
              ]
            ]
          ]
        ]
      }
    },
    {
      "type": "Feature",
      "properties": {
        "fid": 23,
        "Layer": "2 - окн федерального значения",
        "PaperSpace": null,
        "SubClasses": "AcDbEntity:AcDbPolyline",
        "Linetype": "ByLayer",
        "EntityHandle": "5DB",
        "Text": null,
        "ogr_style": "PEN(c:#000000)",
        "font": null,
        "angle": null,
        "size": null,
        "size_u": null,
        "anchor": null,
        "color": "#000000",
        "underline": null,
        "plaintext": null,
        "fcolor": null,
        "flnum": null,
        "bold": null,
        "italic": null,
        "dx": null,
        "dx_u": null,
        "dy": null,
        "dy_u": null
      },
      "geometry": {
        "type": "MultiPolygon",
        "coordinates": [
          [
            [
              [
                131.907241,
                43.117692
              ],
              [
                131.907325,
                43.11775
              ],
              [
                131.907302,
                43.117768
              ],
              [
                131.907348,
                43.1178
              ],
              [
                131.907372,
                43.117782
              ],
              [
                131.907417,
                43.117812
              ],
              [
                131.907431,
                43.117801
              ],
              [
                131.90745,
                43.117814
              ],
              [
                131.907477,
                43.117793
              ],
              [
                131.907509,
                43.117815
              ],
              [
                131.907516,
                43.117809
              ],
              [
                131.907537,
                43.117792
              ],
              [
                131.907567,
                43.117812
              ],
              [
                131.907641,
                43.117754
              ],
              [
                131.907612,
                43.117734
              ],
              [
                131.90764,
                43.117712
              ],
              [
                131.907222,
                43.117426
              ],
              [
                131.907188,
                43.117452
              ],
              [
                131.907161,
                43.117433
              ],
              [
                131.907156,
                43.117431
              ],
              [
                131.90715,
                43.117432
              ],
              [
                131.907096,
                43.117475
              ],
              [
                131.907093,
                43.117479
              ],
              [
                131.907095,
                43.117483
              ],
              [
                131.907124,
                43.117502
              ],
              [
                131.907091,
                43.117528
              ],
              [
                131.90719,
                43.117596
              ],
              [
                131.907097,
                43.117668
              ],
              [
                131.907191,
                43.117732
              ],
              [
                131.907241,
                43.117692
              ]
            ]
          ]
        ]
      }
    },
    {
      "type": "Feature",
      "properties": {
        "fid": 24,
        "Layer": "2 - окн федерального значения",
        "PaperSpace": null,
        "SubClasses": "AcDbEntity:AcDbPolyline",
        "Linetype": "ByLayer",
        "EntityHandle": "5DD",
        "Text": null,
        "ogr_style": "PEN(c:#000000)",
        "font": null,
        "angle": null,
        "size": null,
        "size_u": null,
        "anchor": null,
        "color": "#000000",
        "underline": null,
        "plaintext": null,
        "fcolor": null,
        "flnum": null,
        "bold": null,
        "italic": null,
        "dx": null,
        "dx_u": null,
        "dy": null,
        "dy_u": null
      },
      "geometry": {
        "type": "MultiPolygon",
        "coordinates": [
          [
            [
              [
                131.876512,
                43.12259
              ],
              [
                131.876575,
                43.122695
              ],
              [
                131.876572,
                43.12271
              ],
              [
                131.876578,
                43.122725
              ],
              [
                131.876592,
                43.122737
              ],
              [
                131.876611,
                43.122744
              ],
              [
                131.876617,
                43.122754
              ],
              [
                131.876674,
                43.122842
              ],
              [
                131.876682,
                43.122854
              ],
              [
                131.876677,
                43.122863
              ],
              [
                131.876675,
                43.122873
              ],
              [
                131.876677,
                43.122882
              ],
              [
                131.876682,
                43.122891
              ],
              [
                131.876691,
                43.122899
              ],
              [
                131.876702,
                43.122904
              ],
              [
                131.876714,
                43.122908
              ],
              [
                131.876727,
                43.122908
              ],
              [
                131.876835,
                43.123003
              ],
              [
                131.876834,
                43.123011
              ],
              [
                131.876835,
                43.123019
              ],
              [
                131.87684,
                43.123027
              ],
              [
                131.876846,
                43.123034
              ],
              [
                131.876855,
                43.12304
              ],
              [
                131.876865,
                43.123044
              ],
              [
                131.876876,
                43.123046
              ],
              [
                131.876888,
                43.123046
              ],
              [
                131.876902,
                43.123057
              ],
              [
                131.876984,
                43.123124
              ],
              [
                131.877064,
                43.123071
              ],
              [
                131.876983,
                43.123004
              ],
              [
                131.876931,
                43.123039
              ],
              [
                131.876924,
                43.123033
              ],
              [
                131.876931,
                43.123021
              ],
              [
                131.876933,
                43.123008
              ],
              [
                131.876928,
                43.122996
              ],
              [
                131.876918,
                43.122985
              ],
              [
                131.876903,
                43.122978
              ],
              [
                131.876886,
                43.122975
              ],
              [
                131.876869,
                43.122976
              ],
              [
                131.876853,
                43.122981
              ],
              [
                131.876846,
                43.122975
              ],
              [
                131.876875,
                43.122957
              ],
              [
                131.876852,
                43.122938
              ],
              [
                131.87689,
                43.122914
              ],
              [
                131.876843,
                43.122874
              ],
              [
                131.876807,
                43.122897
              ],
              [
                131.87679,
                43.122883
              ],
              [
                131.876765,
                43.122899
              ],
              [
                131.87676,
                43.122895
              ],
              [
                131.876768,
                43.122886
              ],
              [
                131.876772,
                43.122876
              ],
              [
                131.876771,
                43.122865
              ],
              [
                131.876767,
                43.122855
              ],
              [
                131.876758,
                43.122847
              ],
              [
                131.876746,
                43.122841
              ],
              [
                131.876732,
                43.122837
              ],
              [
                131.876718,
                43.122837
              ],
              [
                131.876712,
                43.122829
              ],
              [
                131.87679,
                43.122802
              ],
              [
                131.876732,
                43.122714
              ],
              [
                131.876649,
                43.122742
              ],
              [
                131.876662,
                43.122733
              ],
              [
                131.87667,
                43.122721
              ],
              [
                131.876672,
                43.122708
              ],
              [
                131.876668,
                43.122695
              ],
              [
                131.876658,
                43.122684
              ],
              [
                131.876643,
                43.122676
              ],
              [
                131.876626,
                43.122672
              ],
              [
                131.876608,
                43.122672
              ],
              [
                131.876655,
                43.122655
              ],
              [
                131.876643,
                43.122638
              ],
              [
                131.876681,
                43.122624
              ],
              [
                131.87665,
                43.122578
              ],
              [
                131.876617,
                43.122589
              ],
              [
                131.876603,
                43.122568
              ],
              [
                131.87655,
                43.122587
              ],
              [
                131.876546,
                43.122581
              ],
              [
                131.876557,
                43.122573
              ],
              [
                131.876564,
                43.122562
              ],
              [
                131.876566,
                43.122551
              ],
              [
                131.876563,
                43.122539
              ],
              [
                131.876555,
                43.122529
              ],
              [
                131.876543,
                43.122522
              ],
              [
                131.876528,
                43.122517
              ],
              [
                131.876512,
                43.122517
              ],
              [
                131.876507,
                43.122509
              ],
              [
                131.876591,
                43.122482
              ],
              [
                131.876535,
                43.122389
              ],
              [
                131.876448,
                43.122417
              ],
              [
                131.876446,
                43.122413
              ],
              [
                131.876457,
                43.122404
              ],
              [
                131.876463,
                43.122393
              ],
              [
                131.876463,
                43.122381
              ],
              [
                131.876458,
                43.12237
              ],
              [
                131.876449,
                43.12236
              ],
              [
                131.876435,
                43.122354
              ],
              [
                131.876419,
                43.122351
              ],
              [
                131.876403,
                43.122352
              ],
              [
                131.876401,
                43.122349
              ],
              [
                131.876461,
                43.12233
              ],
              [
                131.876448,
                43.122307
              ],
              [
                131.876482,
                43.122296
              ],
              [
                131.876455,
                43.122249
              ],
              [
                131.876418,
                43.122261
              ],
              [
                131.876406,
                43.12224
              ],
              [
                131.87635,
                43.122258
              ],
              [
                131.876348,
                43.122254
              ],
              [
                131.876359,
                43.122245
              ],
              [
                131.876365,
                43.122234
              ],
              [
                131.876366,
                43.122222
              ],
              [
                131.876363,
                43.12221
              ],
              [
                131.876354,
                43.1222
              ],
              [
                131.876341,
                43.122192
              ],
              [
                131.876326,
                43.122187
              ],
              [
                131.87631,
                43.122186
              ],
              [
                131.876307,
                43.122182
              ],
              [
                131.876383,
                43.122158
              ],
              [
                131.876384,
                43.122155
              ],
              [
                131.876338,
                43.122069
              ],
              [
                131.87626,
                43.122093
              ],
              [
                131.876269,
                43.122083
              ],
              [
                131.876273,
                43.122071
              ],
              [
                131.876271,
                43.122059
              ],
              [
                131.876264,
                43.122048
              ],
              [
                131.876253,
                43.122039
              ],
              [
                131.876238,
                43.122033
              ],
              [
                131.876222,
                43.122031
              ],
              [
                131.876205,
                43.122033
              ],
              [
                131.876192,
                43.12204
              ],
              [
                131.876182,
                43.12205
              ],
              [
                131.876177,
                43.122062
              ],
              [
                131.876178,
                43.122074
              ],
              [
                131.876184,
                43.122086
              ],
              [
                131.876195,
                43.122095
              ],
              [
                131.87621,
                43.122101
              ],
              [
                131.876226,
                43.122104
              ],
              [
                131.87622,
                43.122106
              ],
              [
                131.87627,
                43.122193
              ],
              [
                131.876274,
                43.122201
              ],
              [
                131.876269,
                43.12221
              ],
              [
                131.876267,
                43.12222
              ],
              [
                131.876268,
                43.12223
              ],
              [
                131.876272,
                43.122239
              ],
              [
                131.876279,
                43.122248
              ],
              [
                131.876289,
                43.122255
              ],
              [
                131.876301,
                43.12226
              ],
              [
                131.876314,
                43.122263
              ],
              [
                131.876376,
                43.122365
              ],
              [
                131.87637,
                43.122374
              ],
              [
                131.876367,
                43.122383
              ],
              [
                131.876368,
                43.122393
              ],
              [
                131.876372,
                43.122402
              ],
              [
                131.876379,
                43.12241
              ],
              [
                131.876389,
                43.122416
              ],
              [
                131.876401,
                43.12242
              ],
              [
                131.876413,
                43.122421
              ],
              [
                131.876417,
                43.122427
              ],
              [
                131.876472,
                43.12252
              ],
              [
                131.876479,
                43.122531
              ],
              [
                131.876473,
                43.122539
              ],
              [
                131.876469,
                43.122549
              ],
              [
                131.876469,
                43.122558
              ],
              [
                131.876472,
                43.122567
              ],
              [
                131.876479,
                43.122576
              ],
              [
                131.876488,
                43.122582
              ],
              [
                131.876499,
                43.122587
              ],
              [
                131.876512,
                43.12259
              ]
            ]
          ]
        ]
      }
    },
    {
      "type": "Feature",
      "properties": {
        "fid": 25,
        "Layer": "2 - окн федерального значения",
        "PaperSpace": null,
        "SubClasses": "AcDbEntity:AcDbPolyline",
        "Linetype": "ByLayer",
        "EntityHandle": "5DF",
        "Text": null,
        "ogr_style": "PEN(c:#000000)",
        "font": null,
        "angle": null,
        "size": null,
        "size_u": null,
        "anchor": null,
        "color": "#000000",
        "underline": null,
        "plaintext": null,
        "fcolor": null,
        "flnum": null,
        "bold": null,
        "italic": null,
        "dx": null,
        "dx_u": null,
        "dy": null,
        "dy_u": null
      },
      "geometry": {
        "type": "MultiPolygon",
        "coordinates": [
          [
            [
              [
                131.879409,
                43.11436
              ],
              [
                131.87933,
                43.114307
              ],
              [
                131.879257,
                43.114362
              ],
              [
                131.879334,
                43.114415
              ],
              [
                131.879409,
                43.11436
              ]
            ]
          ]
        ]
      }
    },
    {
      "type": "Feature",
      "properties": {
        "fid": 26,
        "Layer": "2 - окн федерального значения",
        "PaperSpace": null,
        "SubClasses": "AcDbEntity:AcDbPolyline",
        "Linetype": "ByLayer",
        "EntityHandle": "5E1",
        "Text": null,
        "ogr_style": "PEN(c:#000000)",
        "font": null,
        "angle": null,
        "size": null,
        "size_u": null,
        "anchor": null,
        "color": "#000000",
        "underline": null,
        "plaintext": null,
        "fcolor": null,
        "flnum": null,
        "bold": null,
        "italic": null,
        "dx": null,
        "dx_u": null,
        "dy": null,
        "dy_u": null
      },
      "geometry": {
        "type": "MultiPolygon",
        "coordinates": [
          [
            [
              [
                131.878359,
                43.114196
              ],
              [
                131.878278,
                43.114073
              ],
              [
                131.878112,
                43.114135
              ],
              [
                131.878186,
                43.114256
              ],
              [
                131.878203,
                43.114188
              ],
              [
                131.878292,
                43.114157
              ],
              [
                131.878359,
                43.114196
              ]
            ]
          ]
        ]
      }
    },
    {
      "type": "Feature",
      "properties": {
        "fid": 27,
        "Layer": "2 - окн федерального значения",
        "PaperSpace": null,
        "SubClasses": "AcDbEntity:AcDbPolyline",
        "Linetype": "ByLayer",
        "EntityHandle": "5E3",
        "Text": null,
        "ogr_style": "PEN(c:#000000)",
        "font": null,
        "angle": null,
        "size": null,
        "size_u": null,
        "anchor": null,
        "color": "#000000",
        "underline": null,
        "plaintext": null,
        "fcolor": null,
        "flnum": null,
        "bold": null,
        "italic": null,
        "dx": null,
        "dx_u": null,
        "dy": null,
        "dy_u": null
      },
      "geometry": {
        "type": "MultiPolygon",
        "coordinates": [
          [
            [
              [
                131.877849,
                43.114017
              ],
              [
                131.877817,
                43.113991
              ],
              [
                131.877665,
                43.114053
              ],
              [
                131.877689,
                43.114082
              ],
              [
                131.877849,
                43.114017
              ]
            ]
          ]
        ]
      }
    },
    {
      "type": "Feature",
      "properties": {
        "fid": 28,
        "Layer": "2 - окн федерального значения",
        "PaperSpace": null,
        "SubClasses": "AcDbEntity:AcDbPolyline",
        "Linetype": "ByLayer",
        "EntityHandle": "5E5",
        "Text": null,
        "ogr_style": "PEN(c:#000000)",
        "font": null,
        "angle": null,
        "size": null,
        "size_u": null,
        "anchor": null,
        "color": "#000000",
        "underline": null,
        "plaintext": null,
        "fcolor": null,
        "flnum": null,
        "bold": null,
        "italic": null,
        "dx": null,
        "dx_u": null,
        "dy": null,
        "dy_u": null
      },
      "geometry": {
        "type": "MultiPolygon",
        "coordinates": [
          [
            [
              [
                131.877378,
                43.114244
              ],
              [
                131.877352,
                43.114219
              ],
              [
                131.877341,
                43.114224
              ],
              [
                131.877336,
                43.114228
              ],
              [
                131.877333,
                43.114232
              ],
              [
                131.877332,
                43.114245
              ],
              [
                131.877336,
                43.11425
              ],
              [
                131.877344,
                43.114254
              ],
              [
                131.87735,
                43.114254
              ],
              [
                131.877358,
                43.114253
              ],
              [
                131.877368,
                43.11425
              ],
              [
                131.877378,
                43.114244
              ]
            ]
          ]
        ]
      }
    },
    {
      "type": "Feature",
      "properties": {
        "fid": 29,
        "Layer": "2 - окн федерального значения",
        "PaperSpace": null,
        "SubClasses": "AcDbEntity:AcDbPolyline",
        "Linetype": "ByLayer",
        "EntityHandle": "5E7",
        "Text": null,
        "ogr_style": "PEN(c:#000000)",
        "font": null,
        "angle": null,
        "size": null,
        "size_u": null,
        "anchor": null,
        "color": "#000000",
        "underline": null,
        "plaintext": null,
        "fcolor": null,
        "flnum": null,
        "bold": null,
        "italic": null,
        "dx": null,
        "dx_u": null,
        "dy": null,
        "dy_u": null
      },
      "geometry": {
        "type": "MultiPolygon",
        "coordinates": [
          [
            [
              [
                131.876914,
                43.113894
              ],
              [
                131.876843,
                43.113959
              ],
              [
                131.876926,
                43.114013
              ],
              [
                131.877001,
                43.113949
              ],
              [
                131.876914,
                43.113894
              ]
            ]
          ]
        ]
      }
    },
    {
      "type": "Feature",
      "properties": {
        "fid": 30,
        "Layer": "2 - окн федерального значения",
        "PaperSpace": null,
        "SubClasses": "AcDbEntity:AcDbPolyline",
        "Linetype": "ByLayer",
        "EntityHandle": "5E9",
        "Text": null,
        "ogr_style": "PEN(c:#000000)",
        "font": null,
        "angle": null,
        "size": null,
        "size_u": null,
        "anchor": null,
        "color": "#000000",
        "underline": null,
        "plaintext": null,
        "fcolor": null,
        "flnum": null,
        "bold": null,
        "italic": null,
        "dx": null,
        "dx_u": null,
        "dy": null,
        "dy_u": null
      },
      "geometry": {
        "type": "MultiPolygon",
        "coordinates": [
          [
            [
              [
                131.877821,
                43.113995
              ],
              [
                131.877858,
                43.114024
              ],
              [
                131.877919,
                43.113985
              ],
              [
                131.877882,
                43.113954
              ],
              [
                131.877821,
                43.113995
              ]
            ]
          ]
        ]
      }
    },
    {
      "type": "Feature",
      "properties": {
        "fid": 31,
        "Layer": "2 - окн федерального значения",
        "PaperSpace": null,
        "SubClasses": "AcDbEntity:AcDbPolyline",
        "Linetype": "ByLayer",
        "EntityHandle": "5EB",
        "Text": null,
        "ogr_style": "PEN(c:#000000)",
        "font": null,
        "angle": null,
        "size": null,
        "size_u": null,
        "anchor": null,
        "color": "#000000",
        "underline": null,
        "plaintext": null,
        "fcolor": null,
        "flnum": null,
        "bold": null,
        "italic": null,
        "dx": null,
        "dx_u": null,
        "dy": null,
        "dy_u": null
      },
      "geometry": {
        "type": "MultiPolygon",
        "coordinates": [
          [
            [
              [
                131.880057,
                43.111692
              ],
              [
                131.880107,
                43.111584
              ],
              [
                131.880008,
                43.111584
              ],
              [
                131.880057,
                43.111692
              ]
            ]
          ]
        ]
      }
    },
    {
      "type": "Feature",
      "properties": {
        "fid": 32,
        "Layer": "2 - окн федерального значения",
        "PaperSpace": null,
        "SubClasses": "AcDbEntity:AcDbPolyline",
        "Linetype": "ByLayer",
        "EntityHandle": "5ED",
        "Text": null,
        "ogr_style": "PEN(c:#000000)",
        "font": null,
        "angle": null,
        "size": null,
        "size_u": null,
        "anchor": null,
        "color": "#000000",
        "underline": null,
        "plaintext": null,
        "fcolor": null,
        "flnum": null,
        "bold": null,
        "italic": null,
        "dx": null,
        "dx_u": null,
        "dy": null,
        "dy_u": null
      },
      "geometry": {
        "type": "MultiPolygon",
        "coordinates": [
          [
            [
              [
                131.88127,
                43.111256
              ],
              [
                131.881341,
                43.111419
              ],
              [
                131.881633,
                43.111352
              ],
              [
                131.881629,
                43.111344
              ],
              [
                131.88164,
                43.111342
              ],
              [
                131.88158,
                43.111197
              ],
              [
                131.881569,
                43.111199
              ],
              [
                131.881565,
                43.111189
              ],
              [
                131.88127,
                43.111256
              ]
            ]
          ]
        ]
      }
    },
    {
      "type": "Feature",
      "properties": {
        "fid": 33,
        "Layer": "2 - окн федерального значения",
        "PaperSpace": null,
        "SubClasses": "AcDbEntity:AcDbPolyline",
        "Linetype": "ByLayer",
        "EntityHandle": "5EF",
        "Text": null,
        "ogr_style": "PEN(c:#000000)",
        "font": null,
        "angle": null,
        "size": null,
        "size_u": null,
        "anchor": null,
        "color": "#000000",
        "underline": null,
        "plaintext": null,
        "fcolor": null,
        "flnum": null,
        "bold": null,
        "italic": null,
        "dx": null,
        "dx_u": null,
        "dy": null,
        "dy_u": null
      },
      "geometry": {
        "type": "MultiPolygon",
        "coordinates": [
          [
            [
              [
                131.881768,
                43.111658
              ],
              [
                131.881926,
                43.111623
              ],
              [
                131.881887,
                43.111525
              ],
              [
                131.88186,
                43.111531
              ],
              [
                131.881809,
                43.111404
              ],
              [
                131.881777,
                43.111323
              ],
              [
                131.881802,
                43.111317
              ],
              [
                131.881743,
                43.111173
              ],
              [
                131.881693,
                43.11105
              ],
              [
                131.881641,
                43.110922
              ],
              [
                131.881649,
                43.110921
              ],
              [
                131.881645,
                43.110911
              ],
              [
                131.881637,
                43.110913
              ],
              [
                131.881629,
                43.110894
              ],
              [
                131.881638,
                43.110892
              ],
              [
                131.881634,
                43.110883
              ],
              [
                131.881625,
                43.110884
              ],
              [
                131.881575,
                43.11076
              ],
              [
                131.881421,
                43.110794
              ],
              [
                131.881463,
                43.110908
              ],
              [
                131.881491,
                43.110978
              ],
              [
                131.881532,
                43.111078
              ],
              [
                131.881576,
                43.111186
              ],
              [
                131.881565,
                43.111189
              ],
              [
                131.881569,
                43.111199
              ],
              [
                131.88158,
                43.111197
              ],
              [
                131.881612,
                43.111273
              ],
              [
                131.88164,
                43.111342
              ],
              [
                131.881629,
                43.111344
              ],
              [
                131.881633,
                43.111354
              ],
              [
                131.881643,
                43.111351
              ],
              [
                131.881674,
                43.111426
              ],
              [
                131.881681,
                43.111443
              ],
              [
                131.88173,
                43.111564
              ],
              [
                131.881768,
                43.111658
              ]
            ]
          ]
        ]
      }
    },
    {
      "type": "Feature",
      "properties": {
        "fid": 34,
        "Layer": "2 - окн федерального значения",
        "PaperSpace": null,
        "SubClasses": "AcDbEntity:AcDbPolyline",
        "Linetype": "ByLayer",
        "EntityHandle": "5F1",
        "Text": null,
        "ogr_style": "PEN(c:#000000)",
        "font": null,
        "angle": null,
        "size": null,
        "size_u": null,
        "anchor": null,
        "color": "#000000",
        "underline": null,
        "plaintext": null,
        "fcolor": null,
        "flnum": null,
        "bold": null,
        "italic": null,
        "dx": null,
        "dx_u": null,
        "dy": null,
        "dy_u": null
      },
      "geometry": {
        "type": "MultiPolygon",
        "coordinates": [
          [
            [
              [
                131.850475,
                43.083295
              ],
              [
                131.850445,
                43.083245
              ],
              [
                131.850441,
                43.083246
              ],
              [
                131.850437,
                43.083248
              ],
              [
                131.850433,
                43.083249
              ],
              [
                131.850426,
                43.08325
              ],
              [
                131.850421,
                43.083251
              ],
              [
                131.850417,
                43.083251
              ],
              [
                131.850412,
                43.083251
              ],
              [
                131.85041,
                43.083251
              ],
              [
                131.850406,
                43.083243
              ],
              [
                131.850398,
                43.083242
              ],
              [
                131.850393,
                43.083242
              ],
              [
                131.850386,
                43.08324
              ],
              [
                131.850379,
                43.083238
              ],
              [
                131.850373,
                43.083236
              ],
              [
                131.850367,
                43.083233
              ],
              [
                131.85036,
                43.083229
              ],
              [
                131.850355,
                43.083225
              ],
              [
                131.85035,
                43.08322
              ],
              [
                131.850346,
                43.083216
              ],
              [
                131.850342,
                43.083211
              ],
              [
                131.850339,
                43.083206
              ],
              [
                131.850337,
                43.083201
              ],
              [
                131.850336,
                43.083196
              ],
              [
                131.850335,
                43.08319
              ],
              [
                131.850335,
                43.083184
              ],
              [
                131.850336,
                43.083178
              ],
              [
                131.850338,
                43.083173
              ],
              [
                131.850341,
                43.083165
              ],
              [
                131.850325,
                43.08316
              ],
              [
                131.850321,
                43.08316
              ],
              [
                131.850309,
                43.083165
              ],
              [
                131.850306,
                43.083166
              ],
              [
                131.850304,
                43.083174
              ],
              [
                131.850303,
                43.083183
              ],
              [
                131.850302,
                43.083188
              ],
              [
                131.850303,
                43.083193
              ],
              [
                131.850303,
                43.083199
              ],
              [
                131.850305,
                43.083204
              ],
              [
                131.850306,
                43.083208
              ],
              [
                131.850307,
                43.083212
              ],
              [
                131.85031,
                43.083218
              ],
              [
                131.850312,
                43.083221
              ],
              [
                131.850316,
                43.083226
              ],
              [
                131.85032,
                43.083232
              ],
              [
                131.850326,
                43.083237
              ],
              [
                131.850331,
                43.083242
              ],
              [
                131.850336,
                43.083246
              ],
              [
                131.850342,
                43.08325
              ],
              [
                131.850352,
                43.083255
              ],
              [
                131.850359,
                43.083258
              ],
              [
                131.850367,
                43.08326
              ],
              [
                131.85038,
                43.083264
              ],
              [
                131.850393,
                43.083267
              ],
              [
                131.850408,
                43.083269
              ],
              [
                131.850418,
                43.083268
              ],
              [
                131.850442,
                43.083307
              ],
              [
                131.850448,
                43.083304
              ],
              [
                131.85046,
                43.083299
              ],
              [
                131.850475,
                43.083295
              ]
            ]
          ]
        ]
      }
    },
    {
      "type": "Feature",
      "properties": {
        "fid": 35,
        "Layer": "2 - окн федерального значения",
        "PaperSpace": null,
        "SubClasses": "AcDbEntity:AcDbPolyline",
        "Linetype": "ByLayer",
        "EntityHandle": "5F3",
        "Text": null,
        "ogr_style": "PEN(c:#000000)",
        "font": null,
        "angle": null,
        "size": null,
        "size_u": null,
        "anchor": null,
        "color": "#000000",
        "underline": null,
        "plaintext": null,
        "fcolor": null,
        "flnum": null,
        "bold": null,
        "italic": null,
        "dx": null,
        "dx_u": null,
        "dy": null,
        "dy_u": null
      },
      "geometry": {
        "type": "MultiPolygon",
        "coordinates": [
          [
            [
              [
                131.850442,
                43.083276
              ],
              [
                131.850442,
                43.083289
              ],
              [
                131.850458,
                43.083289
              ],
              [
                131.850458,
                43.083276
              ],
              [
                131.850442,
                43.083276
              ]
            ]
          ]
        ]
      }
    },
    {
      "type": "Feature",
      "properties": {
        "fid": 36,
        "Layer": "2 - окн федерального значения",
        "PaperSpace": null,
        "SubClasses": "AcDbEntity:AcDbPolyline",
        "Linetype": "ByLayer",
        "EntityHandle": "5F5",
        "Text": null,
        "ogr_style": "PEN(c:#000000)",
        "font": null,
        "angle": null,
        "size": null,
        "size_u": null,
        "anchor": null,
        "color": "#000000",
        "underline": null,
        "plaintext": null,
        "fcolor": null,
        "flnum": null,
        "bold": null,
        "italic": null,
        "dx": null,
        "dx_u": null,
        "dy": null,
        "dy_u": null
      },
      "geometry": {
        "type": "MultiPolygon",
        "coordinates": [
          [
            [
              [
                131.850326,
                43.083217
              ],
              [
                131.850326,
                43.083231
              ],
              [
                131.850342,
                43.083231
              ],
              [
                131.850342,
                43.083217
              ],
              [
                131.850326,
                43.083217
              ]
            ]
          ]
        ]
      }
    },
    {
      "type": "Feature",
      "properties": {
        "fid": 37,
        "Layer": "2 - окн федерального значения",
        "PaperSpace": null,
        "SubClasses": "AcDbEntity:AcDbPolyline",
        "Linetype": "ByLayer",
        "EntityHandle": "5F7",
        "Text": null,
        "ogr_style": "PEN(c:#000000)",
        "font": null,
        "angle": null,
        "size": null,
        "size_u": null,
        "anchor": null,
        "color": "#000000",
        "underline": null,
        "plaintext": null,
        "fcolor": null,
        "flnum": null,
        "bold": null,
        "italic": null,
        "dx": null,
        "dx_u": null,
        "dy": null,
        "dy_u": null
      },
      "geometry": {
        "type": "MultiPolygon",
        "coordinates": [
          [
            [
              [
                131.850435,
                43.083333
              ],
              [
                131.85045,
                43.083354
              ],
              [
                131.850429,
                43.083362
              ],
              [
                131.850465,
                43.083411
              ],
              [
                131.850485,
                43.083403
              ],
              [
                131.8505,
                43.083424
              ],
              [
                131.850618,
                43.083381
              ],
              [
                131.850553,
                43.08329
              ],
              [
                131.850435,
                43.083333
              ]
            ]
          ]
        ]
      }
    },
    {
      "type": "Feature",
      "properties": {
        "fid": 38,
        "Layer": "2 - окн федерального значения",
        "PaperSpace": null,
        "SubClasses": "AcDbEntity:AcDbPolyline",
        "Linetype": "ByLayer",
        "EntityHandle": "5F9",
        "Text": null,
        "ogr_style": "PEN(c:#000000)",
        "font": null,
        "angle": null,
        "size": null,
        "size_u": null,
        "anchor": null,
        "color": "#000000",
        "underline": null,
        "plaintext": null,
        "fcolor": null,
        "flnum": null,
        "bold": null,
        "italic": null,
        "dx": null,
        "dx_u": null,
        "dy": null,
        "dy_u": null
      },
      "geometry": {
        "type": "MultiPolygon",
        "coordinates": [
          [
            [
              [
                131.850296,
                43.08302
              ],
              [
                131.850324,
                43.083076
              ],
              [
                131.850438,
                43.083046
              ],
              [
                131.850413,
                43.082991
              ],
              [
                131.850296,
                43.08302
              ]
            ]
          ]
        ]
      }
    },
    {
      "type": "Feature",
      "properties": {
        "fid": 39,
        "Layer": "2 - окн федерального значения",
        "PaperSpace": null,
        "SubClasses": "AcDbEntity:AcDbPolyline",
        "Linetype": "ByLayer",
        "EntityHandle": "5FB",
        "Text": null,
        "ogr_style": "PEN(c:#000000)",
        "font": null,
        "angle": null,
        "size": null,
        "size_u": null,
        "anchor": null,
        "color": "#000000",
        "underline": null,
        "plaintext": null,
        "fcolor": null,
        "flnum": null,
        "bold": null,
        "italic": null,
        "dx": null,
        "dx_u": null,
        "dy": null,
        "dy_u": null
      },
      "geometry": {
        "type": "MultiPolygon",
        "coordinates": [
          [
            [
              [
                131.842512,
                43.080087
              ],
              [
                131.842601,
                43.080066
              ],
              [
                131.842585,
                43.080026
              ],
              [
                131.842585,
                43.080023
              ],
              [
                131.842587,
                43.080018
              ],
              [
                131.842589,
                43.080014
              ],
              [
                131.842593,
                43.080011
              ],
              [
                131.842599,
                43.080009
              ],
              [
                131.842605,
                43.080008
              ],
              [
                131.842613,
                43.080009
              ],
              [
                131.842617,
                43.08001
              ],
              [
                131.842621,
                43.080013
              ],
              [
                131.842626,
                43.080017
              ],
              [
                131.842636,
                43.080044
              ],
              [
                131.842646,
                43.080042
              ],
              [
                131.842638,
                43.080023
              ],
              [
                131.842644,
                43.080022
              ],
              [
                131.84264,
                43.080018
              ],
              [
                131.842634,
                43.080012
              ],
              [
                131.84263,
                43.080009
              ],
              [
                131.84262,
                43.080003
              ],
              [
                131.842612,
                43.08
              ],
              [
                131.842601,
                43.079996
              ],
              [
                131.842594,
                43.079995
              ],
              [
                131.842452,
                43.080027
              ],
              [
                131.842446,
                43.080032
              ],
              [
                131.842436,
                43.080044
              ],
              [
                131.842432,
                43.080051
              ],
              [
                131.842429,
                43.080058
              ],
              [
                131.842428,
                43.080065
              ],
              [
                131.842432,
                43.080064
              ],
              [
                131.842435,
                43.080071
              ],
              [
                131.842438,
                43.080071
              ],
              [
                131.842444,
                43.080085
              ],
              [
                131.842455,
                43.080083
              ],
              [
                131.842448,
                43.080065
              ],
              [
                131.842449,
                43.080057
              ],
              [
                131.842452,
                43.080051
              ],
              [
                131.842457,
                43.080045
              ],
              [
                131.842463,
                43.080041
              ],
              [
                131.842495,
                43.080048
              ],
              [
                131.842512,
                43.080087
              ]
            ]
          ]
        ]
      }
    },
    {
      "type": "Feature",
      "properties": {
        "fid": 40,
        "Layer": "2 - окн федерального значения",
        "PaperSpace": null,
        "SubClasses": "AcDbEntity:AcDbPolyline",
        "Linetype": "ByLayer",
        "EntityHandle": "5FD",
        "Text": null,
        "ogr_style": "PEN(c:#000000)",
        "font": null,
        "angle": null,
        "size": null,
        "size_u": null,
        "anchor": null,
        "color": "#000000",
        "underline": null,
        "plaintext": null,
        "fcolor": null,
        "flnum": null,
        "bold": null,
        "italic": null,
        "dx": null,
        "dx_u": null,
        "dy": null,
        "dy_u": null
      },
      "geometry": {
        "type": "MultiPolygon",
        "coordinates": [
          [
            [
              [
                131.850212,
                43.08287
              ],
              [
                131.850168,
                43.0828
              ],
              [
                131.850162,
                43.082802
              ],
              [
                131.850162,
                43.082802
              ],
              [
                131.850156,
                43.082804
              ],
              [
                131.850156,
                43.082804
              ],
              [
                131.850151,
                43.082805
              ],
              [
                131.850151,
                43.082805
              ],
              [
                131.850141,
                43.082806
              ],
              [
                131.850126,
                43.082806
              ],
              [
                131.850126,
                43.0828
              ],
              [
                131.850119,
                43.082798
              ],
              [
                131.850105,
                43.082795
              ],
              [
                131.850095,
                43.082791
              ],
              [
                131.850087,
                43.082786
              ],
              [
                131.850078,
                43.082779
              ],
              [
                131.850072,
                43.082772
              ],
              [
                131.850067,
                43.082765
              ],
              [
                131.850065,
                43.082755
              ],
              [
                131.850064,
                43.082746
              ],
              [
                131.850066,
                43.082737
              ],
              [
                131.850068,
                43.082731
              ],
              [
                131.850073,
                43.082722
              ],
              [
                131.850082,
                43.082714
              ],
              [
                131.850075,
                43.08271
              ],
              [
                131.850083,
                43.082704
              ],
              [
                131.850089,
                43.082701
              ],
              [
                131.8501,
                43.082697
              ],
              [
                131.850108,
                43.082695
              ],
              [
                131.850056,
                43.082599
              ],
              [
                131.85004,
                43.082588
              ],
              [
                131.850033,
                43.082593
              ],
              [
                131.85008,
                43.08268
              ],
              [
                131.850065,
                43.082686
              ],
              [
                131.850049,
                43.082698
              ],
              [
                131.85004,
                43.082709
              ],
              [
                131.850031,
                43.082722
              ],
              [
                131.850028,
                43.08274
              ],
              [
                131.850028,
                43.082758
              ],
              [
                131.850034,
                43.082773
              ],
              [
                131.850042,
                43.082787
              ],
              [
                131.850054,
                43.082801
              ],
              [
                131.850073,
                43.082812
              ],
              [
                131.850097,
                43.082821
              ],
              [
                131.850123,
                43.082825
              ],
              [
                131.850141,
                43.082825
              ],
              [
                131.850168,
                43.082867
              ],
              [
                131.850156,
                43.082876
              ],
              [
                131.850146,
                43.082888
              ],
              [
                131.850139,
                43.0829
              ],
              [
                131.850135,
                43.082911
              ],
              [
                131.850133,
                43.082925
              ],
              [
                131.850134,
                43.082934
              ],
              [
                131.850136,
                43.082944
              ],
              [
                131.850139,
                43.08295
              ],
              [
                131.850146,
                43.082963
              ],
              [
                131.850157,
                43.082975
              ],
              [
                131.850169,
                43.082983
              ],
              [
                131.850217,
                43.082983
              ],
              [
                131.850219,
                43.082976
              ],
              [
                131.850208,
                43.082971
              ],
              [
                131.850197,
                43.082967
              ],
              [
                131.850188,
                43.082961
              ],
              [
                131.850181,
                43.082954
              ],
              [
                131.850175,
                43.082946
              ],
              [
                131.850172,
                43.082939
              ],
              [
                131.850171,
                43.082933
              ],
              [
                131.850171,
                43.08292
              ],
              [
                131.850174,
                43.082908
              ],
              [
                131.850179,
                43.0829
              ],
              [
                131.850186,
                43.082893
              ],
              [
                131.850188,
                43.082891
              ],
              [
                131.850181,
                43.082885
              ],
              [
                131.850191,
                43.082878
              ],
              [
                131.850197,
                43.082875
              ],
              [
                131.850197,
                43.082875
              ],
              [
                131.850203,
                43.082872
              ],
              [
                131.850203,
                43.082872
              ],
              [
                131.850212,
                43.08287
              ]
            ]
          ]
        ]
      }
    },
    {
      "type": "Feature",
      "properties": {
        "fid": 41,
        "Layer": "2 - окн федерального значения",
        "PaperSpace": null,
        "SubClasses": "AcDbEntity:AcDbPolyline",
        "Linetype": "ByLayer",
        "EntityHandle": "5FF",
        "Text": null,
        "ogr_style": "PEN(c:#000000)",
        "font": null,
        "angle": null,
        "size": null,
        "size_u": null,
        "anchor": null,
        "color": "#000000",
        "underline": null,
        "plaintext": null,
        "fcolor": null,
        "flnum": null,
        "bold": null,
        "italic": null,
        "dx": null,
        "dx_u": null,
        "dy": null,
        "dy_u": null
      },
      "geometry": {
        "type": "MultiPolygon",
        "coordinates": [
          [
            [
              [
                131.850049,
                43.08272
              ],
              [
                131.850049,
                43.082733
              ],
              [
                131.850066,
                43.082733
              ],
              [
                131.850066,
                43.08272
              ],
              [
                131.850049,
                43.08272
              ]
            ]
          ]
        ]
      }
    },
    {
      "type": "Feature",
      "properties": {
        "fid": 42,
        "Layer": "2 - окн федерального значения",
        "PaperSpace": null,
        "SubClasses": "AcDbEntity:AcDbPolyline",
        "Linetype": "ByLayer",
        "EntityHandle": "601",
        "Text": null,
        "ogr_style": "PEN(c:#000000)",
        "font": null,
        "angle": null,
        "size": null,
        "size_u": null,
        "anchor": null,
        "color": "#000000",
        "underline": null,
        "plaintext": null,
        "fcolor": null,
        "flnum": null,
        "bold": null,
        "italic": null,
        "dx": null,
        "dx_u": null,
        "dy": null,
        "dy_u": null
      },
      "geometry": {
        "type": "MultiPolygon",
        "coordinates": [
          [
            [
              [
                131.850149,
                43.082911
              ],
              [
                131.850149,
                43.082925
              ],
              [
                131.850165,
                43.082925
              ],
              [
                131.850165,
                43.082911
              ],
              [
                131.850149,
                43.082911
              ]
            ]
          ]
        ]
      }
    },
    {
      "type": "Feature",
      "properties": {
        "fid": 43,
        "Layer": "2 - окн федерального значения",
        "PaperSpace": null,
        "SubClasses": "AcDbEntity:AcDbPolyline",
        "Linetype": "ByLayer",
        "EntityHandle": "603",
        "Text": null,
        "ogr_style": "PEN(c:#000000)",
        "font": null,
        "angle": null,
        "size": null,
        "size_u": null,
        "anchor": null,
        "color": "#000000",
        "underline": null,
        "plaintext": null,
        "fcolor": null,
        "flnum": null,
        "bold": null,
        "italic": null,
        "dx": null,
        "dx_u": null,
        "dy": null,
        "dy_u": null
      },
      "geometry": {
        "type": "MultiPolygon",
        "coordinates": [
          [
            [
              [
                131.850435,
                43.083333
              ],
              [
                131.85045,
                43.083354
              ],
              [
                131.850429,
                43.083362
              ],
              [
                131.850465,
                43.083411
              ],
              [
                131.850485,
                43.083403
              ],
              [
                131.8505,
                43.083424
              ],
              [
                131.850618,
                43.083381
              ],
              [
                131.850553,
                43.08329
              ],
              [
                131.850435,
                43.083333
              ]
            ]
          ]
        ]
      }
    },
    {
      "type": "Feature",
      "properties": {
        "fid": 44,
        "Layer": "2 - окн федерального значения",
        "PaperSpace": null,
        "SubClasses": "AcDbEntity:AcDbPolyline",
        "Linetype": "ByLayer",
        "EntityHandle": "605",
        "Text": null,
        "ogr_style": "PEN(c:#000000)",
        "font": null,
        "angle": null,
        "size": null,
        "size_u": null,
        "anchor": null,
        "color": "#000000",
        "underline": null,
        "plaintext": null,
        "fcolor": null,
        "flnum": null,
        "bold": null,
        "italic": null,
        "dx": null,
        "dx_u": null,
        "dy": null,
        "dy_u": null
      },
      "geometry": {
        "type": "MultiPolygon",
        "coordinates": [
          [
            [
              [
                131.849878,
                43.082577
              ],
              [
                131.849853,
                43.0826
              ],
              [
                131.849949,
                43.082659
              ],
              [
                131.849966,
                43.082645
              ],
              [
                131.85004,
                43.082588
              ],
              [
                131.850055,
                43.082598
              ],
              [
                131.850105,
                43.082561
              ],
              [
                131.850126,
                43.082578
              ],
              [
                131.850162,
                43.08255
              ],
              [
                131.849997,
                43.082443
              ],
              [
                131.849959,
                43.082475
              ],
              [
                131.849979,
                43.082486
              ],
              [
                131.849878,
                43.082577
              ]
            ]
          ]
        ]
      }
    },
    {
      "type": "Feature",
      "properties": {
        "fid": 45,
        "Layer": "2 - окн федерального значения",
        "PaperSpace": null,
        "SubClasses": "AcDbEntity:AcDbPolyline",
        "Linetype": "ByLayer",
        "EntityHandle": "607",
        "Text": null,
        "ogr_style": "PEN(c:#000000)",
        "font": null,
        "angle": null,
        "size": null,
        "size_u": null,
        "anchor": null,
        "color": "#000000",
        "underline": null,
        "plaintext": null,
        "fcolor": null,
        "flnum": null,
        "bold": null,
        "italic": null,
        "dx": null,
        "dx_u": null,
        "dy": null,
        "dy_u": null
      },
      "geometry": {
        "type": "MultiPolygon",
        "coordinates": [
          [
            [
              [
                131.849874,
                43.08236
              ],
              [
                131.849886,
                43.082286
              ],
              [
                131.849851,
                43.082282
              ],
              [
                131.84985,
                43.082289
              ],
              [
                131.849746,
                43.082279
              ],
              [
                131.849743,
                43.0823
              ],
              [
                131.849672,
                43.082293
              ],
              [
                131.849625,
                43.082289
              ],
              [
                131.849616,
                43.082348
              ],
              [
                131.849872,
                43.082372
              ],
              [
                131.849874,
                43.08236
              ]
            ]
          ]
        ]
      }
    },
    {
      "type": "Feature",
      "properties": {
        "fid": 46,
        "Layer": "2 - окн федерального значения",
        "PaperSpace": null,
        "SubClasses": "AcDbEntity:AcDbPolyline",
        "Linetype": "ByLayer",
        "EntityHandle": "609",
        "Text": null,
        "ogr_style": "PEN(c:#000000)",
        "font": null,
        "angle": null,
        "size": null,
        "size_u": null,
        "anchor": null,
        "color": "#000000",
        "underline": null,
        "plaintext": null,
        "fcolor": null,
        "flnum": null,
        "bold": null,
        "italic": null,
        "dx": null,
        "dx_u": null,
        "dy": null,
        "dy_u": null
      },
      "geometry": {
        "type": "MultiPolygon",
        "coordinates": [
          [
            [
              [
                131.85046,
                43.083299
              ],
              [
                131.850448,
                43.083304
              ],
              [
                131.850434,
                43.083312
              ],
              [
                131.850419,
                43.083329
              ],
              [
                131.850411,
                43.083348
              ],
              [
                131.850409,
                43.083368
              ],
              [
                131.850411,
                43.083382
              ],
              [
                131.850417,
                43.083395
              ],
              [
                131.850429,
                43.08341
              ],
              [
                131.850444,
                43.083424
              ],
              [
                131.850462,
                43.083434
              ],
              [
                131.850481,
                43.08344
              ],
              [
                131.850505,
                43.083444
              ],
              [
                131.850529,
                43.083444
              ],
              [
                131.850551,
                43.083441
              ],
              [
                131.850561,
                43.083438
              ],
              [
                131.850565,
                43.083436
              ],
              [
                131.850555,
                43.083424
              ],
              [
                131.850589,
                43.083408
              ],
              [
                131.850595,
                43.083414
              ],
              [
                131.850602,
                43.083407
              ],
              [
                131.850612,
                43.083395
              ],
              [
                131.850621,
                43.083375
              ],
              [
                131.850623,
                43.083362
              ],
              [
                131.850622,
                43.083348
              ],
              [
                131.85062,
                43.08334
              ],
              [
                131.850614,
                43.083329
              ],
              [
                131.85061,
                43.083324
              ],
              [
                131.850601,
                43.083313
              ],
              [
                131.850588,
                43.083303
              ],
              [
                131.850581,
                43.083299
              ],
              [
                131.850568,
                43.083293
              ],
              [
                131.85056,
                43.08329
              ],
              [
                131.850545,
                43.083287
              ],
              [
                131.850537,
                43.083286
              ],
              [
                131.850521,
                43.083286
              ],
              [
                131.850509,
                43.083287
              ],
              [
                131.850505,
                43.083288
              ],
              [
                131.850508,
                43.083295
              ],
              [
                131.850482,
                43.083305
              ],
              [
                131.850475,
                43.083295
              ],
              [
                131.85046,
                43.083299
              ]
            ]
          ]
        ]
      }
    },
    {
      "type": "Feature",
      "properties": {
        "fid": 47,
        "Layer": "2 - окн федерального значения",
        "PaperSpace": null,
        "SubClasses": "AcDbEntity:AcDbPolyline",
        "Linetype": "ByLayer",
        "EntityHandle": "60B",
        "Text": null,
        "ogr_style": "PEN(c:#000000)",
        "font": null,
        "angle": null,
        "size": null,
        "size_u": null,
        "anchor": null,
        "color": "#000000",
        "underline": null,
        "plaintext": null,
        "fcolor": null,
        "flnum": null,
        "bold": null,
        "italic": null,
        "dx": null,
        "dx_u": null,
        "dy": null,
        "dy_u": null
      },
      "geometry": {
        "type": "MultiPolygon",
        "coordinates": [
          [
            [
              [
                131.863319,
                43.099596
              ],
              [
                131.863311,
                43.099602
              ],
              [
                131.863309,
                43.099614
              ],
              [
                131.86341,
                43.099727
              ],
              [
                131.863424,
                43.099735
              ],
              [
                131.863438,
                43.099735
              ],
              [
                131.863608,
                43.099656
              ],
              [
                131.863614,
                43.09964
              ],
              [
                131.863585,
                43.099604
              ],
              [
                131.863626,
                43.099586
              ],
              [
                131.863586,
                43.099536
              ],
              [
                131.863546,
                43.099556
              ],
              [
                131.86351,
                43.099516
              ],
              [
                131.863506,
                43.099516
              ],
              [
                131.863493,
                43.099513
              ],
              [
                131.863319,
                43.099596
              ]
            ]
          ]
        ]
      }
    },
    {
      "type": "Feature",
      "properties": {
        "fid": 48,
        "Layer": "2 - окн федерального значения",
        "PaperSpace": null,
        "SubClasses": "AcDbEntity:AcDbPolyline",
        "Linetype": "ByLayer",
        "EntityHandle": "60D",
        "Text": null,
        "ogr_style": "PEN(c:#000000)",
        "font": null,
        "angle": null,
        "size": null,
        "size_u": null,
        "anchor": null,
        "color": "#000000",
        "underline": null,
        "plaintext": null,
        "fcolor": null,
        "flnum": null,
        "bold": null,
        "italic": null,
        "dx": null,
        "dx_u": null,
        "dy": null,
        "dy_u": null
      },
      "geometry": {
        "type": "MultiPolygon",
        "coordinates": [
          [
            [
              [
                131.863338,
                43.099956
              ],
              [
                131.863463,
                43.100265
              ],
              [
                131.863596,
                43.100572
              ],
              [
                131.863654,
                43.100559
              ],
              [
                131.863526,
                43.100265
              ],
              [
                131.863639,
                43.100242
              ],
              [
                131.863634,
                43.100225
              ],
              [
                131.863522,
                43.100247
              ],
              [
                131.863417,
                43.099975
              ],
              [
                131.863534,
                43.099883
              ],
              [
                131.863517,
                43.099871
              ],
              [
                131.863405,
                43.099955
              ],
              [
                131.863401,
                43.099943
              ],
              [
                131.863338,
                43.099956
              ]
            ]
          ]
        ]
      }
    },
    {
      "type": "Feature",
      "properties": {
        "fid": 49,
        "Layer": "2 - окн федерального значения",
        "PaperSpace": null,
        "SubClasses": "AcDbEntity:AcDbPolyline",
        "Linetype": "ByLayer",
        "EntityHandle": "60F",
        "Text": null,
        "ogr_style": "PEN(c:#000000)",
        "font": null,
        "angle": null,
        "size": null,
        "size_u": null,
        "anchor": null,
        "color": "#000000",
        "underline": null,
        "plaintext": null,
        "fcolor": null,
        "flnum": null,
        "bold": null,
        "italic": null,
        "dx": null,
        "dx_u": null,
        "dy": null,
        "dy_u": null
      },
      "geometry": {
        "type": "MultiPolygon",
        "coordinates": [
          [
            [
              [
                131.848913,
                43.082173
              ],
              [
                131.848918,
                43.082189
              ],
              [
                131.848932,
                43.082203
              ],
              [
                131.848951,
                43.082211
              ],
              [
                131.848974,
                43.082212
              ],
              [
                131.848995,
                43.082207
              ],
              [
                131.849011,
                43.082196
              ],
              [
                131.84902,
                43.082181
              ],
              [
                131.84902,
                43.082164
              ],
              [
                131.84901,
                43.082149
              ],
              [
                131.848994,
                43.082138
              ],
              [
                131.848972,
                43.082133
              ],
              [
                131.84895,
                43.082135
              ],
              [
                131.84893,
                43.082144
              ],
              [
                131.848918,
                43.082157
              ],
              [
                131.848913,
                43.082173
              ]
            ]
          ]
        ]
      }
    },
    {
      "type": "Feature",
      "properties": {
        "fid": 50,
        "Layer": "2 - окн федерального значения",
        "PaperSpace": null,
        "SubClasses": "AcDbEntity:AcDbPolyline",
        "Linetype": "ByLayer",
        "EntityHandle": "611",
        "Text": null,
        "ogr_style": "PEN(c:#000000)",
        "font": null,
        "angle": null,
        "size": null,
        "size_u": null,
        "anchor": null,
        "color": "#000000",
        "underline": null,
        "plaintext": null,
        "fcolor": null,
        "flnum": null,
        "bold": null,
        "italic": null,
        "dx": null,
        "dx_u": null,
        "dy": null,
        "dy_u": null
      },
      "geometry": {
        "type": "MultiPolygon",
        "coordinates": [
          [
            [
              [
                131.850342,
                43.083189
              ],
              [
                131.850347,
                43.083207
              ],
              [
                131.85036,
                43.083223
              ],
              [
                131.850381,
                43.083234
              ],
              [
                131.850405,
                43.083238
              ],
              [
                131.85043,
                43.083236
              ],
              [
                131.850453,
                43.083228
              ],
              [
                131.850469,
                43.083214
              ],
              [
                131.850478,
                43.083197
              ],
              [
                131.850478,
                43.083178
              ],
              [
                131.850468,
                43.083161
              ],
              [
                131.850451,
                43.083148
              ],
              [
                131.850428,
                43.083139
              ],
              [
                131.850403,
                43.083138
              ],
              [
                131.850379,
                43.083143
              ],
              [
                131.850359,
                43.083155
              ],
              [
                131.850346,
                43.083171
              ],
              [
                131.850342,
                43.083189
              ]
            ]
          ]
        ]
      }
    },
    {
      "type": "Feature",
      "properties": {
        "fid": 51,
        "Layer": "2 - окн федерального значения",
        "PaperSpace": null,
        "SubClasses": "AcDbEntity:AcDbPolyline",
        "Linetype": "ByLayer",
        "EntityHandle": "613",
        "Text": null,
        "ogr_style": "PEN(c:#000000)",
        "font": null,
        "angle": null,
        "size": null,
        "size_u": null,
        "anchor": null,
        "color": "#000000",
        "underline": null,
        "plaintext": null,
        "fcolor": null,
        "flnum": null,
        "bold": null,
        "italic": null,
        "dx": null,
        "dx_u": null,
        "dy": null,
        "dy_u": null
      },
      "geometry": {
        "type": "MultiPolygon",
        "coordinates": [
          [
            [
              [
                131.850342,
                43.083189
              ],
              [
                131.850347,
                43.083207
              ],
              [
                131.85036,
                43.083223
              ],
              [
                131.850381,
                43.083234
              ],
              [
                131.850405,
                43.083238
              ],
              [
                131.85043,
                43.083236
              ],
              [
                131.850453,
                43.083228
              ],
              [
                131.850469,
                43.083214
              ],
              [
                131.850478,
                43.083197
              ],
              [
                131.850478,
                43.083178
              ],
              [
                131.850468,
                43.083161
              ],
              [
                131.850451,
                43.083148
              ],
              [
                131.850428,
                43.083139
              ],
              [
                131.850403,
                43.083138
              ],
              [
                131.850379,
                43.083143
              ],
              [
                131.850359,
                43.083155
              ],
              [
                131.850346,
                43.083171
              ],
              [
                131.850342,
                43.083189
              ]
            ]
          ]
        ]
      }
    },
    {
      "type": "Feature",
      "properties": {
        "fid": 52,
        "Layer": "2 - окн федерального значения",
        "PaperSpace": null,
        "SubClasses": "AcDbEntity:AcDbPolyline",
        "Linetype": "ByLayer",
        "EntityHandle": "615",
        "Text": null,
        "ogr_style": "PEN(c:#000000)",
        "font": null,
        "angle": null,
        "size": null,
        "size_u": null,
        "anchor": null,
        "color": "#000000",
        "underline": null,
        "plaintext": null,
        "fcolor": null,
        "flnum": null,
        "bold": null,
        "italic": null,
        "dx": null,
        "dx_u": null,
        "dy": null,
        "dy_u": null
      },
      "geometry": {
        "type": "MultiPolygon",
        "coordinates": [
          [
            [
              [
                131.850342,
                43.083189
              ],
              [
                131.850347,
                43.083207
              ],
              [
                131.85036,
                43.083223
              ],
              [
                131.850381,
                43.083234
              ],
              [
                131.850405,
                43.083238
              ],
              [
                131.85043,
                43.083236
              ],
              [
                131.850453,
                43.083228
              ],
              [
                131.850469,
                43.083214
              ],
              [
                131.850478,
                43.083197
              ],
              [
                131.850478,
                43.083178
              ],
              [
                131.850468,
                43.083161
              ],
              [
                131.850451,
                43.083148
              ],
              [
                131.850428,
                43.083139
              ],
              [
                131.850403,
                43.083138
              ],
              [
                131.850379,
                43.083143
              ],
              [
                131.850359,
                43.083155
              ],
              [
                131.850346,
                43.083171
              ],
              [
                131.850342,
                43.083189
              ]
            ]
          ]
        ]
      }
    }
  ]
}