{
  "type": "FeatureCollection",
  "name": "okn_region",
  "crs": {
    "type": "name",
    "properties": {
      "name": "urn:ogc:def:crs:OGC:1.3:CRS84"
    }
  },
  "features": [
    {
      "type": "Feature",
      "properties": {
        "fid": 1,
        "Layer": "LINES",
        "PaperSpace": null,
        "SubClasses": null,
        "Linetype": null,
        "EntityHandle": null,
        "Text": null,
        "ogr_style": "PEN(c:#000000)",
        "font": null,
        "angle": null,
        "size": null,
        "size_u": null,
        "anchor": null,
        "color": "#000000",
        "underline": null,
        "plaintext": null,
        "fcolor": null,
        "flnum": null,
        "bold": null,
        "italic": null,
        "dx": null,
        "dx_u": null,
        "dy": null,
        "dy_u": null
      },
      "geometry": {
        "type": "MultiPolygon",
        "coordinates": [
          [
            [
              [
                131.875408,
                43.11174
              ],
              [
                131.875359,
                43.111632
              ],
              [
                131.875457,
                43.111632
              ],
              [
                131.875408,
                43.11174
              ]
            ]
          ]
        ]
      }
    },
    {
      "type": "Feature",
      "properties": {
        "fid": 2,
        "Layer": "LINES",
        "PaperSpace": null,
        "SubClasses": null,
        "Linetype": null,
        "EntityHandle": null,
        "Text": null,
        "ogr_style": "PEN(c:#000000)",
        "font": null,
        "angle": null,
        "size": null,
        "size_u": null,
        "anchor": null,
        "color": "#000000",
        "underline": null,
        "plaintext": null,
        "fcolor": null,
        "flnum": null,
        "bold": null,
        "italic": null,
        "dx": null,
        "dx_u": null,
        "dy": null,
        "dy_u": null
      },
      "geometry": {
        "type": "MultiPolygon",
        "coordinates": [
          [
            [
              [
                131.848703,
                43.082873
              ],
              [
                131.848654,
                43.082765
              ],
              [
                131.848753,
                43.082765
              ],
              [
                131.848703,
                43.082873
              ]
            ]
          ]
        ]
      }
    },
    {
      "type": "Feature",
      "properties": {
        "fid": 3,
        "Layer": "LINES",
        "PaperSpace": null,
        "SubClasses": null,
        "Linetype": null,
        "EntityHandle": null,
        "Text": null,
        "ogr_style": "PEN(c:#000000)",
        "font": null,
        "angle": null,
        "size": null,
        "size_u": null,
        "anchor": null,
        "color": "#000000",
        "underline": null,
        "plaintext": null,
        "fcolor": null,
        "flnum": null,
        "bold": null,
        "italic": null,
        "dx": null,
        "dx_u": null,
        "dy": null,
        "dy_u": null
      },
      "geometry": {
        "type": "MultiPolygon",
        "coordinates": [
          [
            [
              [
                131.850377,
                43.086449
              ],
              [
                131.850328,
                43.086341
              ],
              [
                131.850426,
                43.086342
              ],
              [
                131.850377,
                43.086449
              ]
            ]
          ]
        ]
      }
    },
    {
      "type": "Feature",
      "properties": {
        "fid": 4,
        "Layer": "LINES",
        "PaperSpace": null,
        "SubClasses": null,
        "Linetype": null,
        "EntityHandle": null,
        "Text": null,
        "ogr_style": "PEN(c:#000000)",
        "font": null,
        "angle": null,
        "size": null,
        "size_u": null,
        "anchor": null,
        "color": "#000000",
        "underline": null,
        "plaintext": null,
        "fcolor": null,
        "flnum": null,
        "bold": null,
        "italic": null,
        "dx": null,
        "dx_u": null,
        "dy": null,
        "dy_u": null
      },
      "geometry": {
        "type": "MultiPolygon",
        "coordinates": [
          [
            [
              [
                131.874609,
                43.113067
              ],
              [
                131.87456,
                43.112959
              ],
              [
                131.874659,
                43.112959
              ],
              [
                131.874609,
                43.113067
              ]
            ]
          ]
        ]
      }
    },
    {
      "type": "Feature",
      "properties": {
        "fid": 5,
        "Layer": "LINES",
        "PaperSpace": null,
        "SubClasses": null,
        "Linetype": null,
        "EntityHandle": null,
        "Text": null,
        "ogr_style": "PEN(c:#000000)",
        "font": null,
        "angle": null,
        "size": null,
        "size_u": null,
        "anchor": null,
        "color": "#000000",
        "underline": null,
        "plaintext": null,
        "fcolor": null,
        "flnum": null,
        "bold": null,
        "italic": null,
        "dx": null,
        "dx_u": null,
        "dy": null,
        "dy_u": null
      },
      "geometry": {
        "type": "MultiPolygon",
        "coordinates": [
          [
            [
              [
                131.880807,
                43.108048
              ],
              [
                131.880758,
                43.10794
              ],
              [
                131.880857,
                43.10794
              ],
              [
                131.880807,
                43.108048
              ]
            ]
          ]
        ]
      }
    },
    {
      "type": "Feature",
      "properties": {
        "fid": 6,
        "Layer": "LINES",
        "PaperSpace": null,
        "SubClasses": null,
        "Linetype": null,
        "EntityHandle": null,
        "Text": null,
        "ogr_style": "PEN(c:#000000)",
        "font": null,
        "angle": null,
        "size": null,
        "size_u": null,
        "anchor": null,
        "color": "#000000",
        "underline": null,
        "plaintext": null,
        "fcolor": null,
        "flnum": null,
        "bold": null,
        "italic": null,
        "dx": null,
        "dx_u": null,
        "dy": null,
        "dy_u": null
      },
      "geometry": {
        "type": "MultiPolygon",
        "coordinates": [
          [
            [
              [
                131.889566,
                43.113289
              ],
              [
                131.889517,
                43.113181
              ],
              [
                131.889615,
                43.113181
              ],
              [
                131.889566,
                43.113289
              ]
            ]
          ]
        ]
      }
    },
    {
      "type": "Feature",
      "properties": {
        "fid": 7,
        "Layer": "LINES",
        "PaperSpace": null,
        "SubClasses": null,
        "Linetype": null,
        "EntityHandle": null,
        "Text": null,
        "ogr_style": "PEN(c:#000000)",
        "font": null,
        "angle": null,
        "size": null,
        "size_u": null,
        "anchor": null,
        "color": "#000000",
        "underline": null,
        "plaintext": null,
        "fcolor": null,
        "flnum": null,
        "bold": null,
        "italic": null,
        "dx": null,
        "dx_u": null,
        "dy": null,
        "dy_u": null
      },
      "geometry": {
        "type": "MultiPolygon",
        "coordinates": [
          [
            [
              [
                131.882218,
                43.112417
              ],
              [
                131.882169,
                43.112309
              ],
              [
                131.882267,
                43.112309
              ],
              [
                131.882218,
                43.112417
              ]
            ]
          ]
        ]
      }
    },
    {
      "type": "Feature",
      "properties": {
        "fid": 8,
        "Layer": "LINES",
        "PaperSpace": null,
        "SubClasses": null,
        "Linetype": null,
        "EntityHandle": null,
        "Text": null,
        "ogr_style": "PEN(c:#000000)",
        "font": null,
        "angle": null,
        "size": null,
        "size_u": null,
        "anchor": null,
        "color": "#000000",
        "underline": null,
        "plaintext": null,
        "fcolor": null,
        "flnum": null,
        "bold": null,
        "italic": null,
        "dx": null,
        "dx_u": null,
        "dy": null,
        "dy_u": null
      },
      "geometry": {
        "type": "MultiPolygon",
        "coordinates": [
          [
            [
              [
                131.890649,
                43.112849
              ],
              [
                131.890601,
                43.112741
              ],
              [
                131.890699,
                43.112741
              ],
              [
                131.890649,
                43.112849
              ]
            ]
          ]
        ]
      }
    },
    {
      "type": "Feature",
      "properties": {
        "fid": 9,
        "Layer": "LINES",
        "PaperSpace": null,
        "SubClasses": null,
        "Linetype": null,
        "EntityHandle": null,
        "Text": null,
        "ogr_style": "PEN(c:#000000)",
        "font": null,
        "angle": null,
        "size": null,
        "size_u": null,
        "anchor": null,
        "color": "#000000",
        "underline": null,
        "plaintext": null,
        "fcolor": null,
        "flnum": null,
        "bold": null,
        "italic": null,
        "dx": null,
        "dx_u": null,
        "dy": null,
        "dy_u": null
      },
      "geometry": {
        "type": "MultiPolygon",
        "coordinates": [
          [
            [
              [
                131.889566,
                43.113289
              ],
              [
                131.889517,
                43.113181
              ],
              [
                131.889615,
                43.113181
              ],
              [
                131.889566,
                43.113289
              ]
            ]
          ]
        ]
      }
    },
    {
      "type": "Feature",
      "properties": {
        "fid": 10,
        "Layer": "LINES",
        "PaperSpace": null,
        "SubClasses": null,
        "Linetype": null,
        "EntityHandle": null,
        "Text": null,
        "ogr_style": "PEN(c:#000000)",
        "font": null,
        "angle": null,
        "size": null,
        "size_u": null,
        "anchor": null,
        "color": "#000000",
        "underline": null,
        "plaintext": null,
        "fcolor": null,
        "flnum": null,
        "bold": null,
        "italic": null,
        "dx": null,
        "dx_u": null,
        "dy": null,
        "dy_u": null
      },
      "geometry": {
        "type": "MultiPolygon",
        "coordinates": [
          [
            [
              [
                131.882218,
                43.112417
              ],
              [
                131.882169,
                43.112309
              ],
              [
                131.882267,
                43.112309
              ],
              [
                131.882218,
                43.112417
              ]
            ]
          ]
        ]
      }
    },
    {
      "type": "Feature",
      "properties": {
        "fid": 11,
        "Layer": "LINES",
        "PaperSpace": null,
        "SubClasses": null,
        "Linetype": null,
        "EntityHandle": null,
        "Text": null,
        "ogr_style": "PEN(c:#000000)",
        "font": null,
        "angle": null,
        "size": null,
        "size_u": null,
        "anchor": null,
        "color": "#000000",
        "underline": null,
        "plaintext": null,
        "fcolor": null,
        "flnum": null,
        "bold": null,
        "italic": null,
        "dx": null,
        "dx_u": null,
        "dy": null,
        "dy_u": null
      },
      "geometry": {
        "type": "MultiPolygon",
        "coordinates": [
          [
            [
              [
                131.928829,
                43.111216
              ],
              [
                131.92878,
                43.111108
              ],
              [
                131.928878,
                43.111108
              ],
              [
                131.928829,
                43.111216
              ]
            ]
          ]
        ]
      }
    },
    {
      "type": "Feature",
      "properties": {
        "fid": 12,
        "Layer": "LINES",
        "PaperSpace": null,
        "SubClasses": null,
        "Linetype": null,
        "EntityHandle": null,
        "Text": null,
        "ogr_style": "PEN(c:#000000)",
        "font": null,
        "angle": null,
        "size": null,
        "size_u": null,
        "anchor": null,
        "color": "#000000",
        "underline": null,
        "plaintext": null,
        "fcolor": null,
        "flnum": null,
        "bold": null,
        "italic": null,
        "dx": null,
        "dx_u": null,
        "dy": null,
        "dy_u": null
      },
      "geometry": {
        "type": "MultiPolygon",
        "coordinates": [
          [
            [
              [
                131.929631,
                43.111173
              ],
              [
                131.929582,
                43.111065
              ],
              [
                131.92968,
                43.111065
              ],
              [
                131.929631,
                43.111173
              ]
            ]
          ]
        ]
      }
    },
    {
      "type": "Feature",
      "properties": {
        "fid": 13,
        "Layer": "LINES",
        "PaperSpace": null,
        "SubClasses": null,
        "Linetype": null,
        "EntityHandle": null,
        "Text": null,
        "ogr_style": "PEN(c:#000000)",
        "font": null,
        "angle": null,
        "size": null,
        "size_u": null,
        "anchor": null,
        "color": "#000000",
        "underline": null,
        "plaintext": null,
        "fcolor": null,
        "flnum": null,
        "bold": null,
        "italic": null,
        "dx": null,
        "dx_u": null,
        "dy": null,
        "dy_u": null
      },
      "geometry": {
        "type": "MultiPolygon",
        "coordinates": [
          [
            [
              [
                131.890649,
                43.112849
              ],
              [
                131.890601,
                43.112741
              ],
              [
                131.890699,
                43.112741
              ],
              [
                131.890649,
                43.112849
              ]
            ]
          ]
        ]
      }
    },
    {
      "type": "Feature",
      "properties": {
        "fid": 14,
        "Layer": "LINES",
        "PaperSpace": null,
        "SubClasses": null,
        "Linetype": null,
        "EntityHandle": null,
        "Text": null,
        "ogr_style": "PEN(c:#000000)",
        "font": null,
        "angle": null,
        "size": null,
        "size_u": null,
        "anchor": null,
        "color": "#000000",
        "underline": null,
        "plaintext": null,
        "fcolor": null,
        "flnum": null,
        "bold": null,
        "italic": null,
        "dx": null,
        "dx_u": null,
        "dy": null,
        "dy_u": null
      },
      "geometry": {
        "type": "MultiPolygon",
        "coordinates": [
          [
            [
              [
                131.89196,
                43.113285
              ],
              [
                131.891911,
                43.113177
              ],
              [
                131.89201,
                43.113177
              ],
              [
                131.89196,
                43.113285
              ]
            ]
          ]
        ]
      }
    },
    {
      "type": "Feature",
      "properties": {
        "fid": 15,
        "Layer": "LINES",
        "PaperSpace": null,
        "SubClasses": null,
        "Linetype": null,
        "EntityHandle": null,
        "Text": null,
        "ogr_style": "PEN(c:#000000)",
        "font": null,
        "angle": null,
        "size": null,
        "size_u": null,
        "anchor": null,
        "color": "#000000",
        "underline": null,
        "plaintext": null,
        "fcolor": null,
        "flnum": null,
        "bold": null,
        "italic": null,
        "dx": null,
        "dx_u": null,
        "dy": null,
        "dy_u": null
      },
      "geometry": {
        "type": "MultiPolygon",
        "coordinates": [
          [
            [
              [
                131.889566,
                43.113289
              ],
              [
                131.889517,
                43.113181
              ],
              [
                131.889615,
                43.113181
              ],
              [
                131.889566,
                43.113289
              ]
            ]
          ]
        ]
      }
    },
    {
      "type": "Feature",
      "properties": {
        "fid": 16,
        "Layer": "LINES",
        "PaperSpace": null,
        "SubClasses": null,
        "Linetype": null,
        "EntityHandle": null,
        "Text": null,
        "ogr_style": "PEN(c:#000000)",
        "font": null,
        "angle": null,
        "size": null,
        "size_u": null,
        "anchor": null,
        "color": "#000000",
        "underline": null,
        "plaintext": null,
        "fcolor": null,
        "flnum": null,
        "bold": null,
        "italic": null,
        "dx": null,
        "dx_u": null,
        "dy": null,
        "dy_u": null
      },
      "geometry": {
        "type": "MultiPolygon",
        "coordinates": [
          [
            [
              [
                131.892415,
                43.113442
              ],
              [
                131.892366,
                43.113334
              ],
              [
                131.892465,
                43.113334
              ],
              [
                131.892415,
                43.113442
              ]
            ]
          ]
        ]
      }
    },
    {
      "type": "Feature",
      "properties": {
        "fid": 17,
        "Layer": "LINES",
        "PaperSpace": null,
        "SubClasses": null,
        "Linetype": null,
        "EntityHandle": null,
        "Text": null,
        "ogr_style": "PEN(c:#000000)",
        "font": null,
        "angle": null,
        "size": null,
        "size_u": null,
        "anchor": null,
        "color": "#000000",
        "underline": null,
        "plaintext": null,
        "fcolor": null,
        "flnum": null,
        "bold": null,
        "italic": null,
        "dx": null,
        "dx_u": null,
        "dy": null,
        "dy_u": null
      },
      "geometry": {
        "type": "MultiPolygon",
        "coordinates": [
          [
            [
              [
                131.891089,
                43.125163
              ],
              [
                131.89104,
                43.125054
              ],
              [
                131.891138,
                43.125055
              ],
              [
                131.891089,
                43.125163
              ]
            ]
          ]
        ]
      }
    },
    {
      "type": "Feature",
      "properties": {
        "fid": 18,
        "Layer": "LINES",
        "PaperSpace": null,
        "SubClasses": null,
        "Linetype": null,
        "EntityHandle": null,
        "Text": null,
        "ogr_style": "PEN(c:#000000)",
        "font": null,
        "angle": null,
        "size": null,
        "size_u": null,
        "anchor": null,
        "color": "#000000",
        "underline": null,
        "plaintext": null,
        "fcolor": null,
        "flnum": null,
        "bold": null,
        "italic": null,
        "dx": null,
        "dx_u": null,
        "dy": null,
        "dy_u": null
      },
      "geometry": {
        "type": "MultiPolygon",
        "coordinates": [
          [
            [
              [
                131.891089,
                43.125163
              ],
              [
                131.89104,
                43.125054
              ],
              [
                131.891138,
                43.125055
              ],
              [
                131.891089,
                43.125163
              ]
            ]
          ]
        ]
      }
    },
    {
      "type": "Feature",
      "properties": {
        "fid": 19,
        "Layer": "LINES",
        "PaperSpace": null,
        "SubClasses": null,
        "Linetype": null,
        "EntityHandle": null,
        "Text": null,
        "ogr_style": "PEN(c:#000000)",
        "font": null,
        "angle": null,
        "size": null,
        "size_u": null,
        "anchor": null,
        "color": "#000000",
        "underline": null,
        "plaintext": null,
        "fcolor": null,
        "flnum": null,
        "bold": null,
        "italic": null,
        "dx": null,
        "dx_u": null,
        "dy": null,
        "dy_u": null
      },
      "geometry": {
        "type": "MultiPolygon",
        "coordinates": [
          [
            [
              [
                131.877087,
                43.116184
              ],
              [
                131.877038,
                43.116076
              ],
              [
                131.877136,
                43.116076
              ],
              [
                131.877087,
                43.116184
              ]
            ]
          ]
        ]
      }
    },
    {
      "type": "Feature",
      "properties": {
        "fid": 20,
        "Layer": "LINES",
        "PaperSpace": null,
        "SubClasses": null,
        "Linetype": null,
        "EntityHandle": null,
        "Text": null,
        "ogr_style": "PEN(c:#000000)",
        "font": null,
        "angle": null,
        "size": null,
        "size_u": null,
        "anchor": null,
        "color": "#000000",
        "underline": null,
        "plaintext": null,
        "fcolor": null,
        "flnum": null,
        "bold": null,
        "italic": null,
        "dx": null,
        "dx_u": null,
        "dy": null,
        "dy_u": null
      },
      "geometry": {
        "type": "MultiPolygon",
        "coordinates": [
          [
            [
              [
                131.874609,
                43.113067
              ],
              [
                131.87456,
                43.112959
              ],
              [
                131.874659,
                43.112959
              ],
              [
                131.874609,
                43.113067
              ]
            ]
          ]
        ]
      }
    },
    {
      "type": "Feature",
      "properties": {
        "fid": 21,
        "Layer": "LINES",
        "PaperSpace": null,
        "SubClasses": null,
        "Linetype": null,
        "EntityHandle": null,
        "Text": null,
        "ogr_style": "PEN(c:#000000)",
        "font": null,
        "angle": null,
        "size": null,
        "size_u": null,
        "anchor": null,
        "color": "#000000",
        "underline": null,
        "plaintext": null,
        "fcolor": null,
        "flnum": null,
        "bold": null,
        "italic": null,
        "dx": null,
        "dx_u": null,
        "dy": null,
        "dy_u": null
      },
      "geometry": {
        "type": "MultiPolygon",
        "coordinates": [
          [
            [
              [
                131.896784,
                43.11418
              ],
              [
                131.896735,
                43.114072
              ],
              [
                131.896833,
                43.114072
              ],
              [
                131.896784,
                43.11418
              ]
            ]
          ]
        ]
      }
    },
    {
      "type": "Feature",
      "properties": {
        "fid": 22,
        "Layer": "LINES",
        "PaperSpace": null,
        "SubClasses": null,
        "Linetype": null,
        "EntityHandle": null,
        "Text": null,
        "ogr_style": "PEN(c:#000000)",
        "font": null,
        "angle": null,
        "size": null,
        "size_u": null,
        "anchor": null,
        "color": "#000000",
        "underline": null,
        "plaintext": null,
        "fcolor": null,
        "flnum": null,
        "bold": null,
        "italic": null,
        "dx": null,
        "dx_u": null,
        "dy": null,
        "dy_u": null
      },
      "geometry": {
        "type": "MultiPolygon",
        "coordinates": [
          [
            [
              [
                131.888655,
                43.115056
              ],
              [
                131.888606,
                43.114948
              ],
              [
                131.888704,
                43.114948
              ],
              [
                131.888655,
                43.115056
              ]
            ]
          ]
        ]
      }
    },
    {
      "type": "Feature",
      "properties": {
        "fid": 23,
        "Layer": "LINES",
        "PaperSpace": null,
        "SubClasses": null,
        "Linetype": null,
        "EntityHandle": null,
        "Text": null,
        "ogr_style": "PEN(c:#000000)",
        "font": null,
        "angle": null,
        "size": null,
        "size_u": null,
        "anchor": null,
        "color": "#000000",
        "underline": null,
        "plaintext": null,
        "fcolor": null,
        "flnum": null,
        "bold": null,
        "italic": null,
        "dx": null,
        "dx_u": null,
        "dy": null,
        "dy_u": null
      },
      "geometry": {
        "type": "MultiPolygon",
        "coordinates": [
          [
            [
              [
                131.911816,
                43.114448
              ],
              [
                131.911767,
                43.11434
              ],
              [
                131.911865,
                43.11434
              ],
              [
                131.911816,
                43.114448
              ]
            ]
          ]
        ]
      }
    },
    {
      "type": "Feature",
      "properties": {
        "fid": 24,
        "Layer": "LINES",
        "PaperSpace": null,
        "SubClasses": null,
        "Linetype": null,
        "EntityHandle": null,
        "Text": null,
        "ogr_style": "PEN(c:#000000)",
        "font": null,
        "angle": null,
        "size": null,
        "size_u": null,
        "anchor": null,
        "color": "#000000",
        "underline": null,
        "plaintext": null,
        "fcolor": null,
        "flnum": null,
        "bold": null,
        "italic": null,
        "dx": null,
        "dx_u": null,
        "dy": null,
        "dy_u": null
      },
      "geometry": {
        "type": "MultiPolygon",
        "coordinates": [
          [
            [
              [
                131.901585,
                43.114545
              ],
              [
                131.901536,
                43.114437
              ],
              [
                131.901635,
                43.114437
              ],
              [
                131.901585,
                43.114545
              ]
            ]
          ]
        ]
      }
    },
    {
      "type": "Feature",
      "properties": {
        "fid": 25,
        "Layer": "LINES",
        "PaperSpace": null,
        "SubClasses": null,
        "Linetype": null,
        "EntityHandle": null,
        "Text": null,
        "ogr_style": "PEN(c:#000000)",
        "font": null,
        "angle": null,
        "size": null,
        "size_u": null,
        "anchor": null,
        "color": "#000000",
        "underline": null,
        "plaintext": null,
        "fcolor": null,
        "flnum": null,
        "bold": null,
        "italic": null,
        "dx": null,
        "dx_u": null,
        "dy": null,
        "dy_u": null
      },
      "geometry": {
        "type": "MultiPolygon",
        "coordinates": [
          [
            [
              [
                131.89694,
                43.113513
              ],
              [
                131.896891,
                43.113405
              ],
              [
                131.89699,
                43.113405
              ],
              [
                131.89694,
                43.113513
              ]
            ]
          ]
        ]
      }
    },
    {
      "type": "Feature",
      "properties": {
        "fid": 26,
        "Layer": "LINES",
        "PaperSpace": null,
        "SubClasses": null,
        "Linetype": null,
        "EntityHandle": null,
        "Text": null,
        "ogr_style": "PEN(c:#000000)",
        "font": null,
        "angle": null,
        "size": null,
        "size_u": null,
        "anchor": null,
        "color": "#000000",
        "underline": null,
        "plaintext": null,
        "fcolor": null,
        "flnum": null,
        "bold": null,
        "italic": null,
        "dx": null,
        "dx_u": null,
        "dy": null,
        "dy_u": null
      },
      "geometry": {
        "type": "MultiPolygon",
        "coordinates": [
          [
            [
              [
                131.891823,
                43.11832
              ],
              [
                131.891774,
                43.118212
              ],
              [
                131.891873,
                43.118212
              ],
              [
                131.891823,
                43.11832
              ]
            ]
          ]
        ]
      }
    },
    {
      "type": "Feature",
      "properties": {
        "fid": 27,
        "Layer": "LINES",
        "PaperSpace": null,
        "SubClasses": null,
        "Linetype": null,
        "EntityHandle": null,
        "Text": null,
        "ogr_style": "PEN(c:#000000)",
        "font": null,
        "angle": null,
        "size": null,
        "size_u": null,
        "anchor": null,
        "color": "#000000",
        "underline": null,
        "plaintext": null,
        "fcolor": null,
        "flnum": null,
        "bold": null,
        "italic": null,
        "dx": null,
        "dx_u": null,
        "dy": null,
        "dy_u": null
      },
      "geometry": {
        "type": "MultiPolygon",
        "coordinates": [
          [
            [
              [
                131.904941,
                43.115094
              ],
              [
                131.904892,
                43.114986
              ],
              [
                131.90499,
                43.114986
              ],
              [
                131.904941,
                43.115094
              ]
            ]
          ]
        ]
      }
    },
    {
      "type": "Feature",
      "properties": {
        "fid": 28,
        "Layer": "LINES",
        "PaperSpace": null,
        "SubClasses": null,
        "Linetype": null,
        "EntityHandle": null,
        "Text": null,
        "ogr_style": "PEN(c:#000000)",
        "font": null,
        "angle": null,
        "size": null,
        "size_u": null,
        "anchor": null,
        "color": "#000000",
        "underline": null,
        "plaintext": null,
        "fcolor": null,
        "flnum": null,
        "bold": null,
        "italic": null,
        "dx": null,
        "dx_u": null,
        "dy": null,
        "dy_u": null
      },
      "geometry": {
        "type": "MultiPolygon",
        "coordinates": [
          [
            [
              [
                131.894765,
                43.116743
              ],
              [
                131.894716,
                43.116635
              ],
              [
                131.894814,
                43.116635
              ],
              [
                131.894765,
                43.116743
              ]
            ]
          ]
        ]
      }
    },
    {
      "type": "Feature",
      "properties": {
        "fid": 29,
        "Layer": "LINES",
        "PaperSpace": null,
        "SubClasses": null,
        "Linetype": null,
        "EntityHandle": null,
        "Text": null,
        "ogr_style": "PEN(c:#000000)",
        "font": null,
        "angle": null,
        "size": null,
        "size_u": null,
        "anchor": null,
        "color": "#000000",
        "underline": null,
        "plaintext": null,
        "fcolor": null,
        "flnum": null,
        "bold": null,
        "italic": null,
        "dx": null,
        "dx_u": null,
        "dy": null,
        "dy_u": null
      },
      "geometry": {
        "type": "MultiPolygon",
        "coordinates": [
          [
            [
              [
                131.890431,
                43.116253
              ],
              [
                131.890382,
                43.116145
              ],
              [
                131.89048,
                43.116146
              ],
              [
                131.890431,
                43.116253
              ]
            ]
          ]
        ]
      }
    },
    {
      "type": "Feature",
      "properties": {
        "fid": 30,
        "Layer": "LINES",
        "PaperSpace": null,
        "SubClasses": null,
        "Linetype": null,
        "EntityHandle": null,
        "Text": null,
        "ogr_style": "PEN(c:#000000)",
        "font": null,
        "angle": null,
        "size": null,
        "size_u": null,
        "anchor": null,
        "color": "#000000",
        "underline": null,
        "plaintext": null,
        "fcolor": null,
        "flnum": null,
        "bold": null,
        "italic": null,
        "dx": null,
        "dx_u": null,
        "dy": null,
        "dy_u": null
      },
      "geometry": {
        "type": "MultiPolygon",
        "coordinates": [
          [
            [
              [
                131.901723,
                43.114671
              ],
              [
                131.901674,
                43.114563
              ],
              [
                131.901772,
                43.114563
              ],
              [
                131.901723,
                43.114671
              ]
            ]
          ]
        ]
      }
    },
    {
      "type": "Feature",
      "properties": {
        "fid": 31,
        "Layer": "LINES",
        "PaperSpace": null,
        "SubClasses": null,
        "Linetype": null,
        "EntityHandle": null,
        "Text": null,
        "ogr_style": "PEN(c:#000000)",
        "font": null,
        "angle": null,
        "size": null,
        "size_u": null,
        "anchor": null,
        "color": "#000000",
        "underline": null,
        "plaintext": null,
        "fcolor": null,
        "flnum": null,
        "bold": null,
        "italic": null,
        "dx": null,
        "dx_u": null,
        "dy": null,
        "dy_u": null
      },
      "geometry": {
        "type": "MultiPolygon",
        "coordinates": [
          [
            [
              [
                131.908306,
                43.116561
              ],
              [
                131.908257,
                43.116453
              ],
              [
                131.908356,
                43.116453
              ],
              [
                131.908306,
                43.116561
              ]
            ]
          ]
        ]
      }
    },
    {
      "type": "Feature",
      "properties": {
        "fid": 32,
        "Layer": "LINES",
        "PaperSpace": null,
        "SubClasses": null,
        "Linetype": null,
        "EntityHandle": null,
        "Text": null,
        "ogr_style": "PEN(c:#000000)",
        "font": null,
        "angle": null,
        "size": null,
        "size_u": null,
        "anchor": null,
        "color": "#000000",
        "underline": null,
        "plaintext": null,
        "fcolor": null,
        "flnum": null,
        "bold": null,
        "italic": null,
        "dx": null,
        "dx_u": null,
        "dy": null,
        "dy_u": null
      },
      "geometry": {
        "type": "MultiPolygon",
        "coordinates": [
          [
            [
              [
                131.925514,
                43.110086
              ],
              [
                131.925465,
                43.109978
              ],
              [
                131.925563,
                43.109978
              ],
              [
                131.925514,
                43.110086
              ]
            ]
          ]
        ]
      }
    },
    {
      "type": "Feature",
      "properties": {
        "fid": 33,
        "Layer": "LINES",
        "PaperSpace": null,
        "SubClasses": null,
        "Linetype": null,
        "EntityHandle": null,
        "Text": null,
        "ogr_style": "PEN(c:#000000)",
        "font": null,
        "angle": null,
        "size": null,
        "size_u": null,
        "anchor": null,
        "color": "#000000",
        "underline": null,
        "plaintext": null,
        "fcolor": null,
        "flnum": null,
        "bold": null,
        "italic": null,
        "dx": null,
        "dx_u": null,
        "dy": null,
        "dy_u": null
      },
      "geometry": {
        "type": "MultiPolygon",
        "coordinates": [
          [
            [
              [
                131.90126,
                43.116218
              ],
              [
                131.901211,
                43.11611
              ],
              [
                131.901309,
                43.11611
              ],
              [
                131.90126,
                43.116218
              ]
            ]
          ]
        ]
      }
    },
    {
      "type": "Feature",
      "properties": {
        "fid": 34,
        "Layer": "LINES",
        "PaperSpace": null,
        "SubClasses": null,
        "Linetype": null,
        "EntityHandle": null,
        "Text": null,
        "ogr_style": "PEN(c:#000000)",
        "font": null,
        "angle": null,
        "size": null,
        "size_u": null,
        "anchor": null,
        "color": "#000000",
        "underline": null,
        "plaintext": null,
        "fcolor": null,
        "flnum": null,
        "bold": null,
        "italic": null,
        "dx": null,
        "dx_u": null,
        "dy": null,
        "dy_u": null
      },
      "geometry": {
        "type": "MultiPolygon",
        "coordinates": [
          [
            [
              [
                131.897932,
                43.113823
              ],
              [
                131.897883,
                43.113715
              ],
              [
                131.897981,
                43.113715
              ],
              [
                131.897932,
                43.113823
              ]
            ]
          ]
        ]
      }
    },
    {
      "type": "Feature",
      "properties": {
        "fid": 35,
        "Layer": "LINES",
        "PaperSpace": null,
        "SubClasses": null,
        "Linetype": null,
        "EntityHandle": null,
        "Text": null,
        "ogr_style": "PEN(c:#000000)",
        "font": null,
        "angle": null,
        "size": null,
        "size_u": null,
        "anchor": null,
        "color": "#000000",
        "underline": null,
        "plaintext": null,
        "fcolor": null,
        "flnum": null,
        "bold": null,
        "italic": null,
        "dx": null,
        "dx_u": null,
        "dy": null,
        "dy_u": null
      },
      "geometry": {
        "type": "MultiPolygon",
        "coordinates": [
          [
            [
              [
                131.904941,
                43.115094
              ],
              [
                131.904892,
                43.114986
              ],
              [
                131.90499,
                43.114986
              ],
              [
                131.904941,
                43.115094
              ]
            ]
          ]
        ]
      }
    },
    {
      "type": "Feature",
      "properties": {
        "fid": 36,
        "Layer": "LINES",
        "PaperSpace": null,
        "SubClasses": null,
        "Linetype": null,
        "EntityHandle": null,
        "Text": null,
        "ogr_style": "PEN(c:#000000)",
        "font": null,
        "angle": null,
        "size": null,
        "size_u": null,
        "anchor": null,
        "color": "#000000",
        "underline": null,
        "plaintext": null,
        "fcolor": null,
        "flnum": null,
        "bold": null,
        "italic": null,
        "dx": null,
        "dx_u": null,
        "dy": null,
        "dy_u": null
      },
      "geometry": {
        "type": "MultiPolygon",
        "coordinates": [
          [
            [
              [
                131.897932,
                43.113823
              ],
              [
                131.897883,
                43.113715
              ],
              [
                131.897981,
                43.113715
              ],
              [
                131.897932,
                43.113823
              ]
            ]
          ]
        ]
      }
    },
    {
      "type": "Feature",
      "properties": {
        "fid": 37,
        "Layer": "LINES",
        "PaperSpace": null,
        "SubClasses": null,
        "Linetype": null,
        "EntityHandle": null,
        "Text": null,
        "ogr_style": "PEN(c:#000000)",
        "font": null,
        "angle": null,
        "size": null,
        "size_u": null,
        "anchor": null,
        "color": "#000000",
        "underline": null,
        "plaintext": null,
        "fcolor": null,
        "flnum": null,
        "bold": null,
        "italic": null,
        "dx": null,
        "dx_u": null,
        "dy": null,
        "dy_u": null
      },
      "geometry": {
        "type": "MultiPolygon",
        "coordinates": [
          [
            [
              [
                131.887268,
                43.115266
              ],
              [
                131.88741,
                43.115239
              ],
              [
                131.887451,
                43.115351
              ],
              [
                131.887305,
                43.115379
              ],
              [
                131.887268,
                43.115266
              ]
            ]
          ]
        ]
      }
    },
    {
      "type": "Feature",
      "properties": {
        "fid": 38,
        "Layer": "LINES",
        "PaperSpace": null,
        "SubClasses": null,
        "Linetype": null,
        "EntityHandle": null,
        "Text": null,
        "ogr_style": "PEN(c:#000000)",
        "font": null,
        "angle": null,
        "size": null,
        "size_u": null,
        "anchor": null,
        "color": "#000000",
        "underline": null,
        "plaintext": null,
        "fcolor": null,
        "flnum": null,
        "bold": null,
        "italic": null,
        "dx": null,
        "dx_u": null,
        "dy": null,
        "dy_u": null
      },
      "geometry": {
        "type": "MultiPolygon",
        "coordinates": [
          [
            [
              [
                131.90126,
                43.116218
              ],
              [
                131.901211,
                43.11611
              ],
              [
                131.901309,
                43.11611
              ],
              [
                131.90126,
                43.116218
              ]
            ]
          ]
        ]
      }
    },
    {
      "type": "Feature",
      "properties": {
        "fid": 39,
        "Layer": "LINES",
        "PaperSpace": null,
        "SubClasses": null,
        "Linetype": null,
        "EntityHandle": null,
        "Text": null,
        "ogr_style": "PEN(c:#000000)",
        "font": null,
        "angle": null,
        "size": null,
        "size_u": null,
        "anchor": null,
        "color": "#000000",
        "underline": null,
        "plaintext": null,
        "fcolor": null,
        "flnum": null,
        "bold": null,
        "italic": null,
        "dx": null,
        "dx_u": null,
        "dy": null,
        "dy_u": null
      },
      "geometry": {
        "type": "MultiPolygon",
        "coordinates": [
          [
            [
              [
                131.932169,
                43.110543
              ],
              [
                131.9322,
                43.110646
              ],
              [
                131.932484,
                43.110597
              ],
              [
                131.932489,
                43.110612
              ],
              [
                131.932526,
                43.110612
              ],
              [
                131.932526,
                43.11064
              ],
              [
                131.932907,
                43.11065
              ],
              [
                131.932907,
                43.110657
              ],
              [
                131.932943,
                43.110657
              ],
              [
                131.932943,
                43.110684
              ],
              [
                131.933007,
                43.110684
              ],
              [
                131.933009,
                43.110517
              ],
              [
                131.932897,
                43.110516
              ],
              [
                131.932897,
                43.110504
              ],
              [
                131.932459,
                43.110503
              ],
              [
                131.932169,
                43.110543
              ]
            ]
          ]
        ]
      }
    },
    {
      "type": "Feature",
      "properties": {
        "fid": 40,
        "Layer": "LINES",
        "PaperSpace": null,
        "SubClasses": null,
        "Linetype": null,
        "EntityHandle": null,
        "Text": null,
        "ogr_style": "PEN(c:#000000)",
        "font": null,
        "angle": null,
        "size": null,
        "size_u": null,
        "anchor": null,
        "color": "#000000",
        "underline": null,
        "plaintext": null,
        "fcolor": null,
        "flnum": null,
        "bold": null,
        "italic": null,
        "dx": null,
        "dx_u": null,
        "dy": null,
        "dy_u": null
      },
      "geometry": {
        "type": "MultiPolygon",
        "coordinates": [
          [
            [
              [
                131.890431,
                43.116253
              ],
              [
                131.890382,
                43.116145
              ],
              [
                131.89048,
                43.116146
              ],
              [
                131.890431,
                43.116253
              ]
            ]
          ]
        ]
      }
    },
    {
      "type": "Feature",
      "properties": {
        "fid": 41,
        "Layer": "LINES",
        "PaperSpace": null,
        "SubClasses": null,
        "Linetype": null,
        "EntityHandle": null,
        "Text": null,
        "ogr_style": "PEN(c:#000000)",
        "font": null,
        "angle": null,
        "size": null,
        "size_u": null,
        "anchor": null,
        "color": "#000000",
        "underline": null,
        "plaintext": null,
        "fcolor": null,
        "flnum": null,
        "bold": null,
        "italic": null,
        "dx": null,
        "dx_u": null,
        "dy": null,
        "dy_u": null
      },
      "geometry": {
        "type": "MultiPolygon",
        "coordinates": [
          [
            [
              [
                131.940414,
                43.118977
              ],
              [
                131.940468,
                43.118967
              ],
              [
                131.940461,
                43.118946
              ],
              [
                131.94055,
                43.11893
              ],
              [
                131.940557,
                43.118953
              ],
              [
                131.940623,
                43.118942
              ],
              [
                131.940636,
                43.118981
              ],
              [
                131.940608,
                43.118986
              ],
              [
                131.940693,
                43.119231
              ],
              [
                131.940722,
                43.119227
              ],
              [
                131.940735,
                43.119266
              ],
              [
                131.940666,
                43.119279
              ],
              [
                131.940673,
                43.119302
              ],
              [
                131.940584,
                43.119316
              ],
              [
                131.940577,
                43.119295
              ],
              [
                131.940523,
                43.119305
              ],
              [
                131.940414,
                43.118977
              ]
            ]
          ]
        ]
      }
    },
    {
      "type": "Feature",
      "properties": {
        "fid": 42,
        "Layer": "LINES",
        "PaperSpace": null,
        "SubClasses": null,
        "Linetype": null,
        "EntityHandle": null,
        "Text": null,
        "ogr_style": "PEN(c:#000000)",
        "font": null,
        "angle": null,
        "size": null,
        "size_u": null,
        "anchor": null,
        "color": "#000000",
        "underline": null,
        "plaintext": null,
        "fcolor": null,
        "flnum": null,
        "bold": null,
        "italic": null,
        "dx": null,
        "dx_u": null,
        "dy": null,
        "dy_u": null
      },
      "geometry": {
        "type": "MultiPolygon",
        "coordinates": [
          [
            [
              [
                131.939082,
                43.121135
              ],
              [
                131.93916,
                43.121103
              ],
              [
                131.939167,
                43.121113
              ],
              [
                131.939288,
                43.121285
              ],
              [
                131.939313,
                43.121275
              ],
              [
                131.93932,
                43.121285
              ],
              [
                131.939295,
                43.121294
              ],
              [
                131.939334,
                43.121348
              ],
              [
                131.93936,
                43.121338
              ],
              [
                131.939367,
                43.121348
              ],
              [
                131.939341,
                43.121358
              ],
              [
                131.939354,
                43.121376
              ],
              [
                131.939341,
                43.121381
              ],
              [
                131.939328,
                43.121363
              ],
              [
                131.939277,
                43.121383
              ],
              [
                131.93929,
                43.121401
              ],
              [
                131.939277,
                43.121406
              ],
              [
                131.939264,
                43.121388
              ],
              [
                131.939239,
                43.121398
              ],
              [
                131.939232,
                43.121388
              ],
              [
                131.939257,
                43.121378
              ],
              [
                131.939217,
                43.121324
              ],
              [
                131.939193,
                43.121333
              ],
              [
                131.939186,
                43.121324
              ],
              [
                131.93921,
                43.121314
              ],
              [
                131.939082,
                43.121135
              ]
            ]
          ]
        ]
      }
    },
    {
      "type": "Feature",
      "properties": {
        "fid": 43,
        "Layer": "LINES",
        "PaperSpace": null,
        "SubClasses": null,
        "Linetype": null,
        "EntityHandle": null,
        "Text": null,
        "ogr_style": "PEN(c:#000000)",
        "font": null,
        "angle": null,
        "size": null,
        "size_u": null,
        "anchor": null,
        "color": "#000000",
        "underline": null,
        "plaintext": null,
        "fcolor": null,
        "flnum": null,
        "bold": null,
        "italic": null,
        "dx": null,
        "dx_u": null,
        "dy": null,
        "dy_u": null
      },
      "geometry": {
        "type": "MultiPolygon",
        "coordinates": [
          [
            [
              [
                131.939553,
                43.121795
              ],
              [
                131.939602,
                43.121774
              ],
              [
                131.939637,
                43.121822
              ],
              [
                131.939589,
                43.121842
              ],
              [
                131.939553,
                43.121795
              ]
            ]
          ]
        ]
      }
    },
    {
      "type": "Feature",
      "properties": {
        "fid": 44,
        "Layer": "LINES",
        "PaperSpace": null,
        "SubClasses": null,
        "Linetype": null,
        "EntityHandle": null,
        "Text": null,
        "ogr_style": "PEN(c:#000000)",
        "font": null,
        "angle": null,
        "size": null,
        "size_u": null,
        "anchor": null,
        "color": "#000000",
        "underline": null,
        "plaintext": null,
        "fcolor": null,
        "flnum": null,
        "bold": null,
        "italic": null,
        "dx": null,
        "dx_u": null,
        "dy": null,
        "dy_u": null
      },
      "geometry": {
        "type": "MultiPolygon",
        "coordinates": [
          [
            [
              [
                131.939483,
                43.121699
              ],
              [
                131.939535,
                43.121677
              ],
              [
                131.939573,
                43.121724
              ],
              [
                131.93952,
                43.121747
              ],
              [
                131.939483,
                43.121699
              ]
            ]
          ]
        ]
      }
    },
    {
      "type": "Feature",
      "properties": {
        "fid": 45,
        "Layer": "LINES",
        "PaperSpace": null,
        "SubClasses": null,
        "Linetype": null,
        "EntityHandle": null,
        "Text": null,
        "ogr_style": "PEN(c:#000000)",
        "font": null,
        "angle": null,
        "size": null,
        "size_u": null,
        "anchor": null,
        "color": "#000000",
        "underline": null,
        "plaintext": null,
        "fcolor": null,
        "flnum": null,
        "bold": null,
        "italic": null,
        "dx": null,
        "dx_u": null,
        "dy": null,
        "dy_u": null
      },
      "geometry": {
        "type": "MultiPolygon",
        "coordinates": [
          [
            [
              [
                131.939381,
                43.121589
              ],
              [
                131.939462,
                43.121556
              ],
              [
                131.939513,
                43.121624
              ],
              [
                131.939434,
                43.121656
              ],
              [
                131.939381,
                43.121589
              ]
            ]
          ]
        ]
      }
    },
    {
      "type": "Feature",
      "properties": {
        "fid": 46,
        "Layer": "LINES",
        "PaperSpace": null,
        "SubClasses": null,
        "Linetype": null,
        "EntityHandle": null,
        "Text": null,
        "ogr_style": "PEN(c:#000000)",
        "font": null,
        "angle": null,
        "size": null,
        "size_u": null,
        "anchor": null,
        "color": "#000000",
        "underline": null,
        "plaintext": null,
        "fcolor": null,
        "flnum": null,
        "bold": null,
        "italic": null,
        "dx": null,
        "dx_u": null,
        "dy": null,
        "dy_u": null
      },
      "geometry": {
        "type": "MultiPolygon",
        "coordinates": [
          [
            [
              [
                131.940209,
                43.121989
              ],
              [
                131.94036,
                43.121934
              ],
              [
                131.940514,
                43.122162
              ],
              [
                131.940364,
                43.122217
              ],
              [
                131.940209,
                43.121989
              ]
            ]
          ]
        ]
      }
    },
    {
      "type": "Feature",
      "properties": {
        "fid": 47,
        "Layer": "LINES",
        "PaperSpace": null,
        "SubClasses": null,
        "Linetype": null,
        "EntityHandle": null,
        "Text": null,
        "ogr_style": "PEN(c:#000000)",
        "font": null,
        "angle": null,
        "size": null,
        "size_u": null,
        "anchor": null,
        "color": "#000000",
        "underline": null,
        "plaintext": null,
        "fcolor": null,
        "flnum": null,
        "bold": null,
        "italic": null,
        "dx": null,
        "dx_u": null,
        "dy": null,
        "dy_u": null
      },
      "geometry": {
        "type": "MultiPolygon",
        "coordinates": [
          [
            [
              [
                131.941572,
                43.121069
              ],
              [
                131.941635,
                43.121041
              ],
              [
                131.941665,
                43.121079
              ],
              [
                131.941602,
                43.121106
              ],
              [
                131.941572,
                43.121069
              ]
            ]
          ]
        ]
      }
    },
    {
      "type": "Feature",
      "properties": {
        "fid": 48,
        "Layer": "LINES",
        "PaperSpace": null,
        "SubClasses": null,
        "Linetype": null,
        "EntityHandle": null,
        "Text": null,
        "ogr_style": "PEN(c:#000000)",
        "font": null,
        "angle": null,
        "size": null,
        "size_u": null,
        "anchor": null,
        "color": "#000000",
        "underline": null,
        "plaintext": null,
        "fcolor": null,
        "flnum": null,
        "bold": null,
        "italic": null,
        "dx": null,
        "dx_u": null,
        "dy": null,
        "dy_u": null
      },
      "geometry": {
        "type": "MultiPolygon",
        "coordinates": [
          [
            [
              [
                131.941698,
                43.121246
              ],
              [
                131.941759,
                43.121221
              ],
              [
                131.941792,
                43.121262
              ],
              [
                131.941731,
                43.121288
              ],
              [
                131.941698,
                43.121246
              ]
            ]
          ]
        ]
      }
    },
    {
      "type": "Feature",
      "properties": {
        "fid": 49,
        "Layer": "LINES",
        "PaperSpace": null,
        "SubClasses": null,
        "Linetype": null,
        "EntityHandle": null,
        "Text": null,
        "ogr_style": "PEN(c:#000000)",
        "font": null,
        "angle": null,
        "size": null,
        "size_u": null,
        "anchor": null,
        "color": "#000000",
        "underline": null,
        "plaintext": null,
        "fcolor": null,
        "flnum": null,
        "bold": null,
        "italic": null,
        "dx": null,
        "dx_u": null,
        "dy": null,
        "dy_u": null
      },
      "geometry": {
        "type": "MultiPolygon",
        "coordinates": [
          [
            [
              [
                131.941823,
                43.121423
              ],
              [
                131.941891,
                43.121395
              ],
              [
                131.941918,
                43.121432
              ],
              [
                131.94185,
                43.121459
              ],
              [
                131.941823,
                43.121423
              ]
            ]
          ]
        ]
      }
    },
    {
      "type": "Feature",
      "properties": {
        "fid": 50,
        "Layer": "LINES",
        "PaperSpace": null,
        "SubClasses": null,
        "Linetype": null,
        "EntityHandle": null,
        "Text": null,
        "ogr_style": "PEN(c:#000000)",
        "font": null,
        "angle": null,
        "size": null,
        "size_u": null,
        "anchor": null,
        "color": "#000000",
        "underline": null,
        "plaintext": null,
        "fcolor": null,
        "flnum": null,
        "bold": null,
        "italic": null,
        "dx": null,
        "dx_u": null,
        "dy": null,
        "dy_u": null
      },
      "geometry": {
        "type": "MultiPolygon",
        "coordinates": [
          [
            [
              [
                131.941087,
                43.121337
              ],
              [
                131.941191,
                43.121293
              ],
              [
                131.941226,
                43.121347
              ],
              [
                131.941122,
                43.12139
              ],
              [
                131.941087,
                43.121337
              ]
            ]
          ]
        ]
      }
    },
    {
      "type": "Feature",
      "properties": {
        "fid": 51,
        "Layer": "LINES",
        "PaperSpace": null,
        "SubClasses": null,
        "Linetype": null,
        "EntityHandle": null,
        "Text": null,
        "ogr_style": "PEN(c:#000000)",
        "font": null,
        "angle": null,
        "size": null,
        "size_u": null,
        "anchor": null,
        "color": "#000000",
        "underline": null,
        "plaintext": null,
        "fcolor": null,
        "flnum": null,
        "bold": null,
        "italic": null,
        "dx": null,
        "dx_u": null,
        "dy": null,
        "dy_u": null
      },
      "geometry": {
        "type": "MultiPolygon",
        "coordinates": [
          [
            [
              [
                131.941266,
                43.121634
              ],
              [
                131.941396,
                43.121591
              ],
              [
                131.941423,
                43.121631
              ],
              [
                131.941296,
                43.121677
              ],
              [
                131.941266,
                43.121634
              ]
            ]
          ]
        ]
      }
    },
    {
      "type": "Feature",
      "properties": {
        "fid": 52,
        "Layer": "LINES",
        "PaperSpace": null,
        "SubClasses": null,
        "Linetype": null,
        "EntityHandle": null,
        "Text": null,
        "ogr_style": "PEN(c:#000000)",
        "font": null,
        "angle": null,
        "size": null,
        "size_u": null,
        "anchor": null,
        "color": "#000000",
        "underline": null,
        "plaintext": null,
        "fcolor": null,
        "flnum": null,
        "bold": null,
        "italic": null,
        "dx": null,
        "dx_u": null,
        "dy": null,
        "dy_u": null
      },
      "geometry": {
        "type": "MultiPolygon",
        "coordinates": [
          [
            [
              [
                131.941467,
                43.121916
              ],
              [
                131.941656,
                43.12185
              ],
              [
                131.941694,
                43.121907
              ],
              [
                131.941505,
                43.121974
              ],
              [
                131.941467,
                43.121916
              ]
            ]
          ]
        ]
      }
    },
    {
      "type": "Feature",
      "properties": {
        "fid": 53,
        "Layer": "LINES",
        "PaperSpace": null,
        "SubClasses": null,
        "Linetype": null,
        "EntityHandle": null,
        "Text": null,
        "ogr_style": "PEN(c:#000000)",
        "font": null,
        "angle": null,
        "size": null,
        "size_u": null,
        "anchor": null,
        "color": "#000000",
        "underline": null,
        "plaintext": null,
        "fcolor": null,
        "flnum": null,
        "bold": null,
        "italic": null,
        "dx": null,
        "dx_u": null,
        "dy": null,
        "dy_u": null
      },
      "geometry": {
        "type": "MultiPolygon",
        "coordinates": [
          [
            [
              [
                131.941526,
                43.122292
              ],
              [
                131.941783,
                43.122207
              ],
              [
                131.941886,
                43.122375
              ],
              [
                131.941629,
                43.12246
              ],
              [
                131.941526,
                43.122292
              ]
            ]
          ]
        ]
      }
    },
    {
      "type": "Feature",
      "properties": {
        "fid": 54,
        "Layer": "LINES",
        "PaperSpace": null,
        "SubClasses": null,
        "Linetype": null,
        "EntityHandle": null,
        "Text": null,
        "ogr_style": "PEN(c:#000000)",
        "font": null,
        "angle": null,
        "size": null,
        "size_u": null,
        "anchor": null,
        "color": "#000000",
        "underline": null,
        "plaintext": null,
        "fcolor": null,
        "flnum": null,
        "bold": null,
        "italic": null,
        "dx": null,
        "dx_u": null,
        "dy": null,
        "dy_u": null
      },
      "geometry": {
        "type": "MultiPolygon",
        "coordinates": [
          [
            [
              [
                131.94337,
                43.123128
              ],
              [
                131.94333,
                43.123087
              ],
              [
                131.943349,
                43.123048
              ],
              [
                131.943365,
                43.12304
              ],
              [
                131.943839,
                43.122911
              ],
              [
                131.943954,
                43.122997
              ],
              [
                131.943859,
                43.123301
              ],
              [
                131.943845,
                43.123325
              ],
              [
                131.943794,
                43.123345
              ],
              [
                131.94373,
                43.123326
              ],
              [
                131.943717,
                43.123286
              ],
              [
                131.943728,
                43.123268
              ],
              [
                131.9438,
                43.123035
              ],
              [
                131.943442,
                43.123124
              ],
              [
                131.943427,
                43.123131
              ],
              [
                131.94337,
                43.123128
              ]
            ]
          ]
        ]
      }
    },
    {
      "type": "Feature",
      "properties": {
        "fid": 55,
        "Layer": "LINES",
        "PaperSpace": null,
        "SubClasses": null,
        "Linetype": null,
        "EntityHandle": null,
        "Text": null,
        "ogr_style": "PEN(c:#000000)",
        "font": null,
        "angle": null,
        "size": null,
        "size_u": null,
        "anchor": null,
        "color": "#000000",
        "underline": null,
        "plaintext": null,
        "fcolor": null,
        "flnum": null,
        "bold": null,
        "italic": null,
        "dx": null,
        "dx_u": null,
        "dy": null,
        "dy_u": null
      },
      "geometry": {
        "type": "MultiPolygon",
        "coordinates": [
          [
            [
              [
                131.942099,
                43.12308
              ],
              [
                131.942214,
                43.122968
              ],
              [
                131.94244,
                43.123093
              ],
              [
                131.942324,
                43.123205
              ],
              [
                131.942099,
                43.12308
              ]
            ]
          ]
        ]
      }
    },
    {
      "type": "Feature",
      "properties": {
        "fid": 56,
        "Layer": "LINES",
        "PaperSpace": null,
        "SubClasses": null,
        "Linetype": null,
        "EntityHandle": null,
        "Text": null,
        "ogr_style": "PEN(c:#000000)",
        "font": null,
        "angle": null,
        "size": null,
        "size_u": null,
        "anchor": null,
        "color": "#000000",
        "underline": null,
        "plaintext": null,
        "fcolor": null,
        "flnum": null,
        "bold": null,
        "italic": null,
        "dx": null,
        "dx_u": null,
        "dy": null,
        "dy_u": null
      },
      "geometry": {
        "type": "MultiPolygon",
        "coordinates": [
          [
            [
              [
                131.943155,
                43.123793
              ],
              [
                131.942899,
                43.123756
              ],
              [
                131.942855,
                43.123707
              ],
              [
                131.9429,
                43.123515
              ],
              [
                131.942975,
                43.123471
              ],
              [
                131.943231,
                43.123507
              ],
              [
                131.943003,
                43.123557
              ],
              [
                131.94297,
                43.123685
              ],
              [
                131.943133,
                43.123708
              ],
              [
                131.943166,
                43.12358
              ],
              [
                131.943003,
                43.123557
              ],
              [
                131.943231,
                43.123507
              ],
              [
                131.943279,
                43.123563
              ],
              [
                131.943234,
                43.123755
              ],
              [
                131.943155,
                43.123793
              ]
            ]
          ]
        ]
      }
    },
    {
      "type": "Feature",
      "properties": {
        "fid": 57,
        "Layer": "LINES",
        "PaperSpace": null,
        "SubClasses": null,
        "Linetype": null,
        "EntityHandle": null,
        "Text": null,
        "ogr_style": "PEN(c:#000000)",
        "font": null,
        "angle": null,
        "size": null,
        "size_u": null,
        "anchor": null,
        "color": "#000000",
        "underline": null,
        "plaintext": null,
        "fcolor": null,
        "flnum": null,
        "bold": null,
        "italic": null,
        "dx": null,
        "dx_u": null,
        "dy": null,
        "dy_u": null
      },
      "geometry": {
        "type": "MultiPolygon",
        "coordinates": [
          [
            [
              [
                131.942679,
                43.124302
              ],
              [
                131.942734,
                43.124116
              ],
              [
                131.942898,
                43.124142
              ],
              [
                131.942908,
                43.124109
              ],
              [
                131.94301,
                43.124125
              ],
              [
                131.943,
                43.12416
              ],
              [
                131.94317,
                43.124187
              ],
              [
                131.943115,
                43.124372
              ],
              [
                131.942945,
                43.124344
              ],
              [
                131.942935,
                43.124378
              ],
              [
                131.942833,
                43.124362
              ],
              [
                131.942843,
                43.124328
              ],
              [
                131.942679,
                43.124302
              ]
            ]
          ]
        ]
      }
    },
    {
      "type": "Feature",
      "properties": {
        "fid": 58,
        "Layer": "LINES",
        "PaperSpace": null,
        "SubClasses": null,
        "Linetype": null,
        "EntityHandle": null,
        "Text": null,
        "ogr_style": "PEN(c:#000000)",
        "font": null,
        "angle": null,
        "size": null,
        "size_u": null,
        "anchor": null,
        "color": "#000000",
        "underline": null,
        "plaintext": null,
        "fcolor": null,
        "flnum": null,
        "bold": null,
        "italic": null,
        "dx": null,
        "dx_u": null,
        "dy": null,
        "dy_u": null
      },
      "geometry": {
        "type": "MultiPolygon",
        "coordinates": [
          [
            [
              [
                131.941003,
                43.125127
              ],
              [
                131.94103,
                43.125005
              ],
              [
                131.940992,
                43.125001
              ],
              [
                131.941009,
                43.124924
              ],
              [
                131.941049,
                43.124929
              ],
              [
                131.941077,
                43.124802
              ],
              [
                131.941297,
                43.124827
              ],
              [
                131.94127,
                43.124948
              ],
              [
                131.941305,
                43.124952
              ],
              [
                131.941286,
                43.125035
              ],
              [
                131.941249,
                43.125031
              ],
              [
                131.941222,
                43.125153
              ],
              [
                131.941003,
                43.125127
              ]
            ]
          ]
        ]
      }
    },
    {
      "type": "Feature",
      "properties": {
        "fid": 59,
        "Layer": "LINES",
        "PaperSpace": null,
        "SubClasses": null,
        "Linetype": null,
        "EntityHandle": null,
        "Text": null,
        "ogr_style": "PEN(c:#000000)",
        "font": null,
        "angle": null,
        "size": null,
        "size_u": null,
        "anchor": null,
        "color": "#000000",
        "underline": null,
        "plaintext": null,
        "fcolor": null,
        "flnum": null,
        "bold": null,
        "italic": null,
        "dx": null,
        "dx_u": null,
        "dy": null,
        "dy_u": null
      },
      "geometry": {
        "type": "MultiPolygon",
        "coordinates": [
          [
            [
              [
                131.925514,
                43.110086
              ],
              [
                131.925465,
                43.109978
              ],
              [
                131.925563,
                43.109978
              ],
              [
                131.925514,
                43.110086
              ]
            ]
          ]
        ]
      }
    },
    {
      "type": "Feature",
      "properties": {
        "fid": 60,
        "Layer": "LINES",
        "PaperSpace": null,
        "SubClasses": null,
        "Linetype": null,
        "EntityHandle": null,
        "Text": null,
        "ogr_style": "PEN(c:#000000)",
        "font": null,
        "angle": null,
        "size": null,
        "size_u": null,
        "anchor": null,
        "color": "#000000",
        "underline": null,
        "plaintext": null,
        "fcolor": null,
        "flnum": null,
        "bold": null,
        "italic": null,
        "dx": null,
        "dx_u": null,
        "dy": null,
        "dy_u": null
      },
      "geometry": {
        "type": "MultiPolygon",
        "coordinates": [
          [
            [
              [
                131.877087,
                43.116184
              ],
              [
                131.877038,
                43.116076
              ],
              [
                131.877136,
                43.116076
              ],
              [
                131.877087,
                43.116184
              ]
            ]
          ]
        ]
      }
    },
    {
      "type": "Feature",
      "properties": {
        "fid": 61,
        "Layer": "LINES",
        "PaperSpace": null,
        "SubClasses": null,
        "Linetype": null,
        "EntityHandle": null,
        "Text": null,
        "ogr_style": "PEN(c:#000000)",
        "font": null,
        "angle": null,
        "size": null,
        "size_u": null,
        "anchor": null,
        "color": "#000000",
        "underline": null,
        "plaintext": null,
        "fcolor": null,
        "flnum": null,
        "bold": null,
        "italic": null,
        "dx": null,
        "dx_u": null,
        "dy": null,
        "dy_u": null
      },
      "geometry": {
        "type": "MultiPolygon",
        "coordinates": [
          [
            [
              [
                131.896784,
                43.11418
              ],
              [
                131.896735,
                43.114072
              ],
              [
                131.896833,
                43.114072
              ],
              [
                131.896784,
                43.11418
              ]
            ]
          ]
        ]
      }
    },
    {
      "type": "Feature",
      "properties": {
        "fid": 62,
        "Layer": "LINES",
        "PaperSpace": null,
        "SubClasses": null,
        "Linetype": null,
        "EntityHandle": null,
        "Text": null,
        "ogr_style": "PEN(c:#000000)",
        "font": null,
        "angle": null,
        "size": null,
        "size_u": null,
        "anchor": null,
        "color": "#000000",
        "underline": null,
        "plaintext": null,
        "fcolor": null,
        "flnum": null,
        "bold": null,
        "italic": null,
        "dx": null,
        "dx_u": null,
        "dy": null,
        "dy_u": null
      },
      "geometry": {
        "type": "MultiPolygon",
        "coordinates": [
          [
            [
              [
                131.901723,
                43.114671
              ],
              [
                131.901674,
                43.114563
              ],
              [
                131.901772,
                43.114563
              ],
              [
                131.901723,
                43.114671
              ]
            ]
          ]
        ]
      }
    },
    {
      "type": "Feature",
      "properties": {
        "fid": 63,
        "Layer": "LINES",
        "PaperSpace": null,
        "SubClasses": null,
        "Linetype": null,
        "EntityHandle": null,
        "Text": null,
        "ogr_style": "PEN(c:#000000)",
        "font": null,
        "angle": null,
        "size": null,
        "size_u": null,
        "anchor": null,
        "color": "#000000",
        "underline": null,
        "plaintext": null,
        "fcolor": null,
        "flnum": null,
        "bold": null,
        "italic": null,
        "dx": null,
        "dx_u": null,
        "dy": null,
        "dy_u": null
      },
      "geometry": {
        "type": "MultiPolygon",
        "coordinates": [
          [
            [
              [
                131.901585,
                43.114545
              ],
              [
                131.901536,
                43.114437
              ],
              [
                131.901635,
                43.114437
              ],
              [
                131.901585,
                43.114545
              ]
            ]
          ]
        ]
      }
    },
    {
      "type": "Feature",
      "properties": {
        "fid": 64,
        "Layer": "LINES",
        "PaperSpace": null,
        "SubClasses": null,
        "Linetype": null,
        "EntityHandle": null,
        "Text": null,
        "ogr_style": "PEN(c:#000000)",
        "font": null,
        "angle": null,
        "size": null,
        "size_u": null,
        "anchor": null,
        "color": "#000000",
        "underline": null,
        "plaintext": null,
        "fcolor": null,
        "flnum": null,
        "bold": null,
        "italic": null,
        "dx": null,
        "dx_u": null,
        "dy": null,
        "dy_u": null
      },
      "geometry": {
        "type": "MultiPolygon",
        "coordinates": [
          [
            [
              [
                131.908306,
                43.116561
              ],
              [
                131.908257,
                43.116453
              ],
              [
                131.908356,
                43.116453
              ],
              [
                131.908306,
                43.116561
              ]
            ]
          ]
        ]
      }
    },
    {
      "type": "Feature",
      "properties": {
        "fid": 65,
        "Layer": "LINES",
        "PaperSpace": null,
        "SubClasses": null,
        "Linetype": null,
        "EntityHandle": null,
        "Text": null,
        "ogr_style": "PEN(c:#000000)",
        "font": null,
        "angle": null,
        "size": null,
        "size_u": null,
        "anchor": null,
        "color": "#000000",
        "underline": null,
        "plaintext": null,
        "fcolor": null,
        "flnum": null,
        "bold": null,
        "italic": null,
        "dx": null,
        "dx_u": null,
        "dy": null,
        "dy_u": null
      },
      "geometry": {
        "type": "MultiPolygon",
        "coordinates": [
          [
            [
              [
                131.936677,
                43.116374
              ],
              [
                131.936738,
                43.116421
              ],
              [
                131.936725,
                43.116481
              ],
              [
                131.936594,
                43.116379
              ],
              [
                131.936677,
                43.116374
              ]
            ]
          ]
        ]
      }
    },
    {
      "type": "Feature",
      "properties": {
        "fid": 66,
        "Layer": "LINES",
        "PaperSpace": null,
        "SubClasses": null,
        "Linetype": null,
        "EntityHandle": null,
        "Text": null,
        "ogr_style": "PEN(c:#000000)",
        "font": null,
        "angle": null,
        "size": null,
        "size_u": null,
        "anchor": null,
        "color": "#000000",
        "underline": null,
        "plaintext": null,
        "fcolor": null,
        "flnum": null,
        "bold": null,
        "italic": null,
        "dx": null,
        "dx_u": null,
        "dy": null,
        "dy_u": null
      },
      "geometry": {
        "type": "MultiPolygon",
        "coordinates": [
          [
            [
              [
                131.899523,
                43.11616
              ],
              [
                131.899555,
                43.116093
              ],
              [
                131.899812,
                43.116151
              ],
              [
                131.899763,
                43.116264
              ],
              [
                131.899661,
                43.116242
              ],
              [
                131.899655,
                43.116258
              ],
              [
                131.899604,
                43.116247
              ],
              [
                131.899611,
                43.11623
              ],
              [
                131.899456,
                43.116194
              ],
              [
                131.899478,
                43.11615
              ],
              [
                131.899523,
                43.11616
              ]
            ]
          ]
        ]
      }
    },
    {
      "type": "Feature",
      "properties": {
        "fid": 67,
        "Layer": "LINES",
        "PaperSpace": null,
        "SubClasses": null,
        "Linetype": null,
        "EntityHandle": null,
        "Text": null,
        "ogr_style": "PEN(c:#000000)",
        "font": null,
        "angle": null,
        "size": null,
        "size_u": null,
        "anchor": null,
        "color": "#000000",
        "underline": null,
        "plaintext": null,
        "fcolor": null,
        "flnum": null,
        "bold": null,
        "italic": null,
        "dx": null,
        "dx_u": null,
        "dy": null,
        "dy_u": null
      },
      "geometry": {
        "type": "MultiPolygon",
        "coordinates": [
          [
            [
              [
                131.937023,
                43.113321
              ],
              [
                131.936737,
                43.113304
              ],
              [
                131.936714,
                43.11349
              ],
              [
                131.936765,
                43.113493
              ],
              [
                131.936759,
                43.113537
              ],
              [
                131.937101,
                43.113562
              ],
              [
                131.937115,
                43.113481
              ],
              [
                131.937457,
                43.113503
              ],
              [
                131.93754,
                43.112853
              ],
              [
                131.936969,
                43.112817
              ],
              [
                131.93695,
                43.112999
              ],
              [
                131.937068,
                43.113011
              ],
              [
                131.937023,
                43.113321
              ]
            ]
          ]
        ]
      }
    },
    {
      "type": "Feature",
      "properties": {
        "fid": 68,
        "Layer": "LINES",
        "PaperSpace": null,
        "SubClasses": null,
        "Linetype": null,
        "EntityHandle": null,
        "Text": null,
        "ogr_style": "PEN(c:#000000)",
        "font": null,
        "angle": null,
        "size": null,
        "size_u": null,
        "anchor": null,
        "color": "#000000",
        "underline": null,
        "plaintext": null,
        "fcolor": null,
        "flnum": null,
        "bold": null,
        "italic": null,
        "dx": null,
        "dx_u": null,
        "dy": null,
        "dy_u": null
      },
      "geometry": {
        "type": "MultiPolygon",
        "coordinates": [
          [
            [
              [
                131.887805,
                43.121319
              ],
              [
                131.887888,
                43.121302
              ],
              [
                131.887923,
                43.121393
              ],
              [
                131.887664,
                43.121447
              ],
              [
                131.8875,
                43.121022
              ],
              [
                131.887763,
                43.120969
              ],
              [
                131.887796,
                43.121056
              ],
              [
                131.88771,
                43.121074
              ],
              [
                131.887723,
                43.121108
              ],
              [
                131.887766,
                43.1211
              ],
              [
                131.887788,
                43.121155
              ],
              [
                131.887705,
                43.121173
              ],
              [
                131.887723,
                43.121232
              ],
              [
                131.887804,
                43.121214
              ],
              [
                131.887832,
                43.121279
              ],
              [
                131.887792,
                43.121288
              ],
              [
                131.887805,
                43.121319
              ]
            ]
          ]
        ]
      }
    },
    {
      "type": "Feature",
      "properties": {
        "fid": 69,
        "Layer": "LINES",
        "PaperSpace": null,
        "SubClasses": null,
        "Linetype": null,
        "EntityHandle": null,
        "Text": null,
        "ogr_style": "PEN(c:#000000)",
        "font": null,
        "angle": null,
        "size": null,
        "size_u": null,
        "anchor": null,
        "color": "#000000",
        "underline": null,
        "plaintext": null,
        "fcolor": null,
        "flnum": null,
        "bold": null,
        "italic": null,
        "dx": null,
        "dx_u": null,
        "dy": null,
        "dy_u": null
      },
      "geometry": {
        "type": "MultiPolygon",
        "coordinates": [
          [
            [
              [
                131.88494,
                43.119942
              ],
              [
                131.884935,
                43.119928
              ],
              [
                131.884747,
                43.119962
              ],
              [
                131.884754,
                43.119979
              ],
              [
                131.884608,
                43.120007
              ],
              [
                131.884599,
                43.119982
              ],
              [
                131.884553,
                43.11999
              ],
              [
                131.884614,
                43.120146
              ],
              [
                131.885155,
                43.120037
              ],
              [
                131.885112,
                43.11991
              ],
              [
                131.88494,
                43.119942
              ]
            ]
          ]
        ]
      }
    },
    {
      "type": "Feature",
      "properties": {
        "fid": 70,
        "Layer": "LINES",
        "PaperSpace": null,
        "SubClasses": null,
        "Linetype": null,
        "EntityHandle": null,
        "Text": null,
        "ogr_style": "PEN(c:#000000)",
        "font": null,
        "angle": null,
        "size": null,
        "size_u": null,
        "anchor": null,
        "color": "#000000",
        "underline": null,
        "plaintext": null,
        "fcolor": null,
        "flnum": null,
        "bold": null,
        "italic": null,
        "dx": null,
        "dx_u": null,
        "dy": null,
        "dy_u": null
      },
      "geometry": {
        "type": "MultiPolygon",
        "coordinates": [
          [
            [
              [
                131.887721,
                43.119805
              ],
              [
                131.887563,
                43.119833
              ],
              [
                131.88756,
                43.119827
              ],
              [
                131.887511,
                43.119836
              ],
              [
                131.887512,
                43.119841
              ],
              [
                131.887423,
                43.119858
              ],
              [
                131.887454,
                43.119952
              ],
              [
                131.887879,
                43.119873
              ],
              [
                131.887847,
                43.11978
              ],
              [
                131.887769,
                43.119795
              ],
              [
                131.887768,
                43.119789
              ],
              [
                131.887719,
                43.119797
              ],
              [
                131.887721,
                43.119805
              ]
            ]
          ]
        ]
      }
    },
    {
      "type": "Feature",
      "properties": {
        "fid": 71,
        "Layer": "LINES",
        "PaperSpace": null,
        "SubClasses": null,
        "Linetype": null,
        "EntityHandle": null,
        "Text": null,
        "ogr_style": "PEN(c:#000000)",
        "font": null,
        "angle": null,
        "size": null,
        "size_u": null,
        "anchor": null,
        "color": "#000000",
        "underline": null,
        "plaintext": null,
        "fcolor": null,
        "flnum": null,
        "bold": null,
        "italic": null,
        "dx": null,
        "dx_u": null,
        "dy": null,
        "dy_u": null
      },
      "geometry": {
        "type": "MultiPolygon",
        "coordinates": [
          [
            [
              [
                131.890846,
                43.118636
              ],
              [
                131.890793,
                43.118486
              ],
              [
                131.890709,
                43.118502
              ],
              [
                131.890698,
                43.118472
              ],
              [
                131.89058,
                43.118498
              ],
              [
                131.890644,
                43.118675
              ],
              [
                131.890695,
                43.118665
              ],
              [
                131.89075,
                43.118826
              ],
              [
                131.890729,
                43.118829
              ],
              [
                131.890729,
                43.118826
              ],
              [
                131.890607,
                43.118849
              ],
              [
                131.890606,
                43.118846
              ],
              [
                131.890565,
                43.118853
              ],
              [
                131.890566,
                43.118856
              ],
              [
                131.89043,
                43.118879
              ],
              [
                131.890412,
                43.118906
              ],
              [
                131.890487,
                43.118996
              ],
              [
                131.890939,
                43.118905
              ],
              [
                131.890842,
                43.118637
              ],
              [
                131.890846,
                43.118636
              ]
            ]
          ]
        ]
      }
    },
    {
      "type": "Feature",
      "properties": {
        "fid": 72,
        "Layer": "LINES",
        "PaperSpace": null,
        "SubClasses": null,
        "Linetype": null,
        "EntityHandle": null,
        "Text": null,
        "ogr_style": "PEN(c:#000000)",
        "font": null,
        "angle": null,
        "size": null,
        "size_u": null,
        "anchor": null,
        "color": "#000000",
        "underline": null,
        "plaintext": null,
        "fcolor": null,
        "flnum": null,
        "bold": null,
        "italic": null,
        "dx": null,
        "dx_u": null,
        "dy": null,
        "dy_u": null
      },
      "geometry": {
        "type": "MultiPolygon",
        "coordinates": [
          [
            [
              [
                131.89028,
                43.119034
              ],
              [
                131.890416,
                43.119005
              ],
              [
                131.89038,
                43.118905
              ],
              [
                131.890354,
                43.11891
              ],
              [
                131.890325,
                43.118915
              ],
              [
                131.890062,
                43.118966
              ],
              [
                131.890087,
                43.119034
              ],
              [
                131.8901,
                43.119069
              ],
              [
                131.89028,
                43.119034
              ]
            ]
          ]
        ]
      }
    },
    {
      "type": "Feature",
      "properties": {
        "fid": 73,
        "Layer": "LINES",
        "PaperSpace": null,
        "SubClasses": null,
        "Linetype": null,
        "EntityHandle": null,
        "Text": null,
        "ogr_style": "PEN(c:#000000)",
        "font": null,
        "angle": null,
        "size": null,
        "size_u": null,
        "anchor": null,
        "color": "#000000",
        "underline": null,
        "plaintext": null,
        "fcolor": null,
        "flnum": null,
        "bold": null,
        "italic": null,
        "dx": null,
        "dx_u": null,
        "dy": null,
        "dy_u": null
      },
      "geometry": {
        "type": "MultiPolygon",
        "coordinates": [
          [
            [
              [
                131.891823,
                43.11832
              ],
              [
                131.891774,
                43.118212
              ],
              [
                131.891873,
                43.118212
              ],
              [
                131.891823,
                43.11832
              ]
            ]
          ]
        ]
      }
    },
    {
      "type": "Feature",
      "properties": {
        "fid": 74,
        "Layer": "LINES",
        "PaperSpace": null,
        "SubClasses": null,
        "Linetype": null,
        "EntityHandle": null,
        "Text": null,
        "ogr_style": "PEN(c:#000000)",
        "font": null,
        "angle": null,
        "size": null,
        "size_u": null,
        "anchor": null,
        "color": "#000000",
        "underline": null,
        "plaintext": null,
        "fcolor": null,
        "flnum": null,
        "bold": null,
        "italic": null,
        "dx": null,
        "dx_u": null,
        "dy": null,
        "dy_u": null
      },
      "geometry": {
        "type": "MultiPolygon",
        "coordinates": [
          [
            [
              [
                131.882147,
                43.120943
              ],
              [
                131.882171,
                43.120938
              ],
              [
                131.882149,
                43.120879
              ],
              [
                131.882306,
                43.120848
              ],
              [
                131.88235,
                43.120966
              ],
              [
                131.882169,
                43.121002
              ],
              [
                131.882147,
                43.120943
              ]
            ]
          ]
        ]
      }
    },
    {
      "type": "Feature",
      "properties": {
        "fid": 75,
        "Layer": "LINES",
        "PaperSpace": null,
        "SubClasses": null,
        "Linetype": null,
        "EntityHandle": null,
        "Text": null,
        "ogr_style": "PEN(c:#000000)",
        "font": null,
        "angle": null,
        "size": null,
        "size_u": null,
        "anchor": null,
        "color": "#000000",
        "underline": null,
        "plaintext": null,
        "fcolor": null,
        "flnum": null,
        "bold": null,
        "italic": null,
        "dx": null,
        "dx_u": null,
        "dy": null,
        "dy_u": null
      },
      "geometry": {
        "type": "MultiPolygon",
        "coordinates": [
          [
            [
              [
                131.894765,
                43.116743
              ],
              [
                131.894716,
                43.116635
              ],
              [
                131.894814,
                43.116635
              ],
              [
                131.894765,
                43.116743
              ]
            ]
          ]
        ]
      }
    },
    {
      "type": "Feature",
      "properties": {
        "fid": 76,
        "Layer": "LINES",
        "PaperSpace": null,
        "SubClasses": null,
        "Linetype": null,
        "EntityHandle": null,
        "Text": null,
        "ogr_style": "PEN(c:#000000)",
        "font": null,
        "angle": null,
        "size": null,
        "size_u": null,
        "anchor": null,
        "color": "#000000",
        "underline": null,
        "plaintext": null,
        "fcolor": null,
        "flnum": null,
        "bold": null,
        "italic": null,
        "dx": null,
        "dx_u": null,
        "dy": null,
        "dy_u": null
      },
      "geometry": {
        "type": "MultiPolygon",
        "coordinates": [
          [
            [
              [
                131.89145,
                43.120646
              ],
              [
                131.891265,
                43.120678
              ],
              [
                131.891228,
                43.120566
              ],
              [
                131.891412,
                43.120533
              ],
              [
                131.89145,
                43.120646
              ]
            ]
          ]
        ]
      }
    },
    {
      "type": "Feature",
      "properties": {
        "fid": 77,
        "Layer": "LINES",
        "PaperSpace": null,
        "SubClasses": null,
        "Linetype": null,
        "EntityHandle": null,
        "Text": null,
        "ogr_style": "PEN(c:#000000)",
        "font": null,
        "angle": null,
        "size": null,
        "size_u": null,
        "anchor": null,
        "color": "#000000",
        "underline": null,
        "plaintext": null,
        "fcolor": null,
        "flnum": null,
        "bold": null,
        "italic": null,
        "dx": null,
        "dx_u": null,
        "dy": null,
        "dy_u": null
      },
      "geometry": {
        "type": "MultiPolygon",
        "coordinates": [
          [
            [
              [
                131.892064,
                43.11946
              ],
              [
                131.892065,
                43.119467
              ],
              [
                131.89199,
                43.119478
              ],
              [
                131.892004,
                43.11953
              ],
              [
                131.891977,
                43.119534
              ],
              [
                131.892008,
                43.119667
              ],
              [
                131.892148,
                43.119649
              ],
              [
                131.89214,
                43.119618
              ],
              [
                131.892316,
                43.119593
              ],
              [
                131.892312,
                43.119579
              ],
              [
                131.892418,
                43.119564
              ],
              [
                131.892395,
                43.119479
              ],
              [
                131.892374,
                43.119482
              ],
              [
                131.892358,
                43.119425
              ],
              [
                131.892277,
                43.119436
              ],
              [
                131.892275,
                43.11943
              ],
              [
                131.892064,
                43.11946
              ]
            ]
          ]
        ]
      }
    },
    {
      "type": "Feature",
      "properties": {
        "fid": 78,
        "Layer": "LINES",
        "PaperSpace": null,
        "SubClasses": null,
        "Linetype": null,
        "EntityHandle": null,
        "Text": null,
        "ogr_style": "PEN(c:#000000)",
        "font": null,
        "angle": null,
        "size": null,
        "size_u": null,
        "anchor": null,
        "color": "#000000",
        "underline": null,
        "plaintext": null,
        "fcolor": null,
        "flnum": null,
        "bold": null,
        "italic": null,
        "dx": null,
        "dx_u": null,
        "dy": null,
        "dy_u": null
      },
      "geometry": {
        "type": "MultiPolygon",
        "coordinates": [
          [
            [
              [
                131.888292,
                43.117377
              ],
              [
                131.888289,
                43.117371
              ],
              [
                131.888234,
                43.117384
              ],
              [
                131.888236,
                43.117389
              ],
              [
                131.888217,
                43.117393
              ],
              [
                131.888119,
                43.117164
              ],
              [
                131.88843,
                43.117092
              ],
              [
                131.888465,
                43.117175
              ],
              [
                131.888307,
                43.117212
              ],
              [
                131.888312,
                43.117221
              ],
              [
                131.888293,
                43.117247
              ],
              [
                131.888281,
                43.11725
              ],
              [
                131.888331,
                43.117368
              ],
              [
                131.888292,
                43.117377
              ]
            ]
          ]
        ]
      }
    },
    {
      "type": "Feature",
      "properties": {
        "fid": 79,
        "Layer": "LINES",
        "PaperSpace": null,
        "SubClasses": null,
        "Linetype": null,
        "EntityHandle": null,
        "Text": null,
        "ogr_style": "PEN(c:#000000)",
        "font": null,
        "angle": null,
        "size": null,
        "size_u": null,
        "anchor": null,
        "color": "#000000",
        "underline": null,
        "plaintext": null,
        "fcolor": null,
        "flnum": null,
        "bold": null,
        "italic": null,
        "dx": null,
        "dx_u": null,
        "dy": null,
        "dy_u": null
      },
      "geometry": {
        "type": "MultiPolygon",
        "coordinates": [
          [
            [
              [
                131.888571,
                43.117244
              ],
              [
                131.888536,
                43.117148
              ],
              [
                131.888529,
                43.117149
              ],
              [
                131.888515,
                43.117109
              ],
              [
                131.888521,
                43.117108
              ],
              [
                131.888499,
                43.117047
              ],
              [
                131.888659,
                43.117016
              ],
              [
                131.888731,
                43.117213
              ],
              [
                131.888571,
                43.117244
              ]
            ]
          ]
        ]
      }
    },
    {
      "type": "Feature",
      "properties": {
        "fid": 80,
        "Layer": "LINES",
        "PaperSpace": null,
        "SubClasses": null,
        "Linetype": null,
        "EntityHandle": null,
        "Text": null,
        "ogr_style": "PEN(c:#000000)",
        "font": null,
        "angle": null,
        "size": null,
        "size_u": null,
        "anchor": null,
        "color": "#000000",
        "underline": null,
        "plaintext": null,
        "fcolor": null,
        "flnum": null,
        "bold": null,
        "italic": null,
        "dx": null,
        "dx_u": null,
        "dy": null,
        "dy_u": null
      },
      "geometry": {
        "type": "MultiPolygon",
        "coordinates": [
          [
            [
              [
                131.888948,
                43.116665
              ],
              [
                131.88892,
                43.116587
              ],
              [
                131.888929,
                43.116585
              ],
              [
                131.888852,
                43.11637
              ],
              [
                131.888844,
                43.116371
              ],
              [
                131.888816,
                43.116292
              ],
              [
                131.889003,
                43.116259
              ],
              [
                131.889029,
                43.116333
              ],
              [
                131.889007,
                43.116337
              ],
              [
                131.889036,
                43.116421
              ],
              [
                131.889313,
                43.116368
              ],
              [
                131.889293,
                43.11631
              ],
              [
                131.889385,
                43.116292
              ],
              [
                131.889448,
                43.116471
              ],
              [
                131.889182,
                43.116521
              ],
              [
                131.889159,
                43.116455
              ],
              [
                131.889059,
                43.116474
              ],
              [
                131.889088,
                43.116554
              ],
              [
                131.889107,
                43.116551
              ],
              [
                131.889135,
                43.11663
              ],
              [
                131.888948,
                43.116665
              ]
            ]
          ]
        ]
      }
    },
    {
      "type": "Feature",
      "properties": {
        "fid": 81,
        "Layer": "LINES",
        "PaperSpace": null,
        "SubClasses": null,
        "Linetype": null,
        "EntityHandle": null,
        "Text": null,
        "ogr_style": "PEN(c:#000000)",
        "font": null,
        "angle": null,
        "size": null,
        "size_u": null,
        "anchor": null,
        "color": "#000000",
        "underline": null,
        "plaintext": null,
        "fcolor": null,
        "flnum": null,
        "bold": null,
        "italic": null,
        "dx": null,
        "dx_u": null,
        "dy": null,
        "dy_u": null
      },
      "geometry": {
        "type": "MultiPolygon",
        "coordinates": [
          [
            [
              [
                131.878831,
                43.11638
              ],
              [
                131.878846,
                43.116419
              ],
              [
                131.878497,
                43.116488
              ],
              [
                131.878456,
                43.11638
              ],
              [
                131.878597,
                43.116351
              ],
              [
                131.878625,
                43.116422
              ],
              [
                131.878696,
                43.116407
              ],
              [
                131.878668,
                43.11634
              ],
              [
                131.878805,
                43.116313
              ],
              [
                131.878831,
                43.11638
              ]
            ]
          ]
        ]
      }
    },
    {
      "type": "Feature",
      "properties": {
        "fid": 82,
        "Layer": "LINES",
        "PaperSpace": null,
        "SubClasses": null,
        "Linetype": null,
        "EntityHandle": null,
        "Text": null,
        "ogr_style": "PEN(c:#000000)",
        "font": null,
        "angle": null,
        "size": null,
        "size_u": null,
        "anchor": null,
        "color": "#000000",
        "underline": null,
        "plaintext": null,
        "fcolor": null,
        "flnum": null,
        "bold": null,
        "italic": null,
        "dx": null,
        "dx_u": null,
        "dy": null,
        "dy_u": null
      },
      "geometry": {
        "type": "MultiPolygon",
        "coordinates": [
          [
            [
              [
                131.878898,
                43.116408
              ],
              [
                131.878891,
                43.116388
              ],
              [
                131.878901,
                43.116386
              ],
              [
                131.878897,
                43.116375
              ],
              [
                131.87892,
                43.11637
              ],
              [
                131.878917,
                43.116362
              ],
              [
                131.878887,
                43.116283
              ],
              [
                131.879027,
                43.116258
              ],
              [
                131.879067,
                43.116374
              ],
              [
                131.878898,
                43.116408
              ]
            ]
          ]
        ]
      }
    },
    {
      "type": "Feature",
      "properties": {
        "fid": 83,
        "Layer": "LINES",
        "PaperSpace": null,
        "SubClasses": null,
        "Linetype": null,
        "EntityHandle": null,
        "Text": null,
        "ogr_style": "PEN(c:#000000)",
        "font": null,
        "angle": null,
        "size": null,
        "size_u": null,
        "anchor": null,
        "color": "#000000",
        "underline": null,
        "plaintext": null,
        "fcolor": null,
        "flnum": null,
        "bold": null,
        "italic": null,
        "dx": null,
        "dx_u": null,
        "dy": null,
        "dy_u": null
      },
      "geometry": {
        "type": "MultiPolygon",
        "coordinates": [
          [
            [
              [
                131.880567,
                43.11393
              ],
              [
                131.880552,
                43.113893
              ],
              [
                131.880529,
                43.113898
              ],
              [
                131.880472,
                43.113752
              ],
              [
                131.880465,
                43.113753
              ],
              [
                131.880452,
                43.113748
              ],
              [
                131.880438,
                43.113713
              ],
              [
                131.880446,
                43.113702
              ],
              [
                131.880496,
                43.113692
              ],
              [
                131.880493,
                43.113685
              ],
              [
                131.880573,
                43.113668
              ],
              [
                131.880575,
                43.113675
              ],
              [
                131.880624,
                43.113666
              ],
              [
                131.880633,
                43.113671
              ],
              [
                131.880651,
                43.113709
              ],
              [
                131.880646,
                43.113719
              ],
              [
                131.880637,
                43.113721
              ],
              [
                131.880677,
                43.11382
              ],
              [
                131.880652,
                43.113825
              ],
              [
                131.880669,
                43.113867
              ],
              [
                131.880652,
                43.113871
              ],
              [
                131.880667,
                43.11391
              ],
              [
                131.880567,
                43.11393
              ]
            ]
          ]
        ]
      }
    },
    {
      "type": "Feature",
      "properties": {
        "fid": 84,
        "Layer": "LINES",
        "PaperSpace": null,
        "SubClasses": null,
        "Linetype": null,
        "EntityHandle": null,
        "Text": null,
        "ogr_style": "PEN(c:#000000)",
        "font": null,
        "angle": null,
        "size": null,
        "size_u": null,
        "anchor": null,
        "color": "#000000",
        "underline": null,
        "plaintext": null,
        "fcolor": null,
        "flnum": null,
        "bold": null,
        "italic": null,
        "dx": null,
        "dx_u": null,
        "dy": null,
        "dy_u": null
      },
      "geometry": {
        "type": "MultiPolygon",
        "coordinates": [
          [
            [
              [
                131.878258,
                43.115882
              ],
              [
                131.878222,
                43.115923
              ],
              [
                131.878101,
                43.115861
              ],
              [
                131.878298,
                43.115652
              ],
              [
                131.878302,
                43.115655
              ],
              [
                131.878317,
                43.115652
              ],
              [
                131.87834,
                43.115663
              ],
              [
                131.878341,
                43.115675
              ],
              [
                131.878377,
                43.115693
              ],
              [
                131.878393,
                43.115692
              ],
              [
                131.878409,
                43.115698
              ],
              [
                131.878411,
                43.115709
              ],
              [
                131.878416,
                43.115711
              ],
              [
                131.878376,
                43.115755
              ],
              [
                131.878388,
                43.115763
              ],
              [
                131.878363,
                43.115791
              ],
              [
                131.878347,
                43.115784
              ],
              [
                131.878287,
                43.11585
              ],
              [
                131.878301,
                43.115857
              ],
              [
                131.878274,
                43.115889
              ],
              [
                131.878258,
                43.115882
              ]
            ]
          ]
        ]
      }
    },
    {
      "type": "Feature",
      "properties": {
        "fid": 85,
        "Layer": "LINES",
        "PaperSpace": null,
        "SubClasses": null,
        "Linetype": null,
        "EntityHandle": null,
        "Text": null,
        "ogr_style": "PEN(c:#000000)",
        "font": null,
        "angle": null,
        "size": null,
        "size_u": null,
        "anchor": null,
        "color": "#000000",
        "underline": null,
        "plaintext": null,
        "fcolor": null,
        "flnum": null,
        "bold": null,
        "italic": null,
        "dx": null,
        "dx_u": null,
        "dy": null,
        "dy_u": null
      },
      "geometry": {
        "type": "MultiPolygon",
        "coordinates": [
          [
            [
              [
                131.877873,
                43.116098
              ],
              [
                131.877925,
                43.116042
              ],
              [
                131.877899,
                43.116029
              ],
              [
                131.877931,
                43.115995
              ],
              [
                131.877958,
                43.116008
              ],
              [
                131.878005,
                43.115954
              ],
              [
                131.878108,
                43.116005
              ],
              [
                131.878069,
                43.116045
              ],
              [
                131.878141,
                43.116083
              ],
              [
                131.878105,
                43.116121
              ],
              [
                131.878126,
                43.116132
              ],
              [
                131.878107,
                43.116152
              ],
              [
                131.878015,
                43.116104
              ],
              [
                131.877973,
                43.116148
              ],
              [
                131.877873,
                43.116098
              ]
            ]
          ]
        ]
      }
    },
    {
      "type": "Feature",
      "properties": {
        "fid": 86,
        "Layer": "LINES",
        "PaperSpace": null,
        "SubClasses": null,
        "Linetype": null,
        "EntityHandle": null,
        "Text": null,
        "ogr_style": "PEN(c:#000000)",
        "font": null,
        "angle": null,
        "size": null,
        "size_u": null,
        "anchor": null,
        "color": "#000000",
        "underline": null,
        "plaintext": null,
        "fcolor": null,
        "flnum": null,
        "bold": null,
        "italic": null,
        "dx": null,
        "dx_u": null,
        "dy": null,
        "dy_u": null
      },
      "geometry": {
        "type": "MultiPolygon",
        "coordinates": [
          [
            [
              [
                131.892324,
                43.117352
              ],
              [
                131.89236,
                43.117457
              ],
              [
                131.892663,
                43.117402
              ],
              [
                131.892653,
                43.117373
              ],
              [
                131.892855,
                43.117336
              ],
              [
                131.892856,
                43.117338
              ],
              [
                131.892991,
                43.117313
              ],
              [
                131.892925,
                43.117128
              ],
              [
                131.892762,
                43.117158
              ],
              [
                131.89276,
                43.117154
              ],
              [
                131.892708,
                43.117163
              ],
              [
                131.89273,
                43.117225
              ],
              [
                131.892613,
                43.117246
              ],
              [
                131.892613,
                43.117245
              ],
              [
                131.892525,
                43.117262
              ],
              [
                131.89239,
                43.116872
              ],
              [
                131.892298,
                43.116891
              ],
              [
                131.89229,
                43.116872
              ],
              [
                131.89216,
                43.116899
              ],
              [
                131.892183,
                43.116966
              ],
              [
                131.892153,
                43.116972
              ],
              [
                131.892169,
                43.117019
              ],
              [
                131.892264,
                43.117002
              ],
              [
                131.892363,
                43.117291
              ],
              [
                131.892275,
                43.117307
              ],
              [
                131.892292,
                43.117358
              ],
              [
                131.892324,
                43.117352
              ]
            ]
          ]
        ]
      }
    },
    {
      "type": "Feature",
      "properties": {
        "fid": 87,
        "Layer": "LINES",
        "PaperSpace": null,
        "SubClasses": null,
        "Linetype": null,
        "EntityHandle": null,
        "Text": null,
        "ogr_style": "PEN(c:#000000)",
        "font": null,
        "angle": null,
        "size": null,
        "size_u": null,
        "anchor": null,
        "color": "#000000",
        "underline": null,
        "plaintext": null,
        "fcolor": null,
        "flnum": null,
        "bold": null,
        "italic": null,
        "dx": null,
        "dx_u": null,
        "dy": null,
        "dy_u": null
      },
      "geometry": {
        "type": "MultiPolygon",
        "coordinates": [
          [
            [
              [
                131.894309,
                43.117464
              ],
              [
                131.894269,
                43.117356
              ],
              [
                131.894828,
                43.117245
              ],
              [
                131.894865,
                43.117354
              ],
              [
                131.894309,
                43.117464
              ]
            ]
          ]
        ]
      }
    },
    {
      "type": "Feature",
      "properties": {
        "fid": 88,
        "Layer": "LINES",
        "PaperSpace": null,
        "SubClasses": null,
        "Linetype": null,
        "EntityHandle": null,
        "Text": null,
        "ogr_style": "PEN(c:#000000)",
        "font": null,
        "angle": null,
        "size": null,
        "size_u": null,
        "anchor": null,
        "color": "#000000",
        "underline": null,
        "plaintext": null,
        "fcolor": null,
        "flnum": null,
        "bold": null,
        "italic": null,
        "dx": null,
        "dx_u": null,
        "dy": null,
        "dy_u": null
      },
      "geometry": {
        "type": "MultiPolygon",
        "coordinates": [
          [
            [
              [
                131.892953,
                43.117821
              ],
              [
                131.892942,
                43.117791
              ],
              [
                131.892735,
                43.117831
              ],
              [
                131.89269,
                43.11771
              ],
              [
                131.892687,
                43.117702
              ],
              [
                131.892927,
                43.117654
              ],
              [
                131.892921,
                43.117639
              ],
              [
                131.89306,
                43.117611
              ],
              [
                131.893062,
                43.117618
              ],
              [
                131.893404,
                43.11755
              ],
              [
                131.893409,
                43.117563
              ],
              [
                131.893444,
                43.117556
              ],
              [
                131.893429,
                43.117515
              ],
              [
                131.893585,
                43.117485
              ],
              [
                131.893601,
                43.117527
              ],
              [
                131.893686,
                43.11751
              ],
              [
                131.893732,
                43.117638
              ],
              [
                131.89349,
                43.117684
              ],
              [
                131.893141,
                43.117752
              ],
              [
                131.893152,
                43.117782
              ],
              [
                131.892953,
                43.117821
              ]
            ]
          ]
        ]
      }
    },
    {
      "type": "Feature",
      "properties": {
        "fid": 89,
        "Layer": "LINES",
        "PaperSpace": null,
        "SubClasses": null,
        "Linetype": null,
        "EntityHandle": null,
        "Text": null,
        "ogr_style": "PEN(c:#000000)",
        "font": null,
        "angle": null,
        "size": null,
        "size_u": null,
        "anchor": null,
        "color": "#000000",
        "underline": null,
        "plaintext": null,
        "fcolor": null,
        "flnum": null,
        "bold": null,
        "italic": null,
        "dx": null,
        "dx_u": null,
        "dy": null,
        "dy_u": null
      },
      "geometry": {
        "type": "MultiPolygon",
        "coordinates": [
          [
            [
              [
                131.89694,
                43.113513
              ],
              [
                131.896891,
                43.113405
              ],
              [
                131.89699,
                43.113405
              ],
              [
                131.89694,
                43.113513
              ]
            ]
          ]
        ]
      }
    },
    {
      "type": "Feature",
      "properties": {
        "fid": 90,
        "Layer": "LINES",
        "PaperSpace": null,
        "SubClasses": null,
        "Linetype": null,
        "EntityHandle": null,
        "Text": null,
        "ogr_style": "PEN(c:#000000)",
        "font": null,
        "angle": null,
        "size": null,
        "size_u": null,
        "anchor": null,
        "color": "#000000",
        "underline": null,
        "plaintext": null,
        "fcolor": null,
        "flnum": null,
        "bold": null,
        "italic": null,
        "dx": null,
        "dx_u": null,
        "dy": null,
        "dy_u": null
      },
      "geometry": {
        "type": "MultiPolygon",
        "coordinates": [
          [
            [
              [
                131.911816,
                43.114448
              ],
              [
                131.911767,
                43.11434
              ],
              [
                131.911865,
                43.11434
              ],
              [
                131.911816,
                43.114448
              ]
            ]
          ]
        ]
      }
    },
    {
      "type": "Feature",
      "properties": {
        "fid": 91,
        "Layer": "LINES",
        "PaperSpace": null,
        "SubClasses": null,
        "Linetype": null,
        "EntityHandle": null,
        "Text": null,
        "ogr_style": "PEN(c:#000000)",
        "font": null,
        "angle": null,
        "size": null,
        "size_u": null,
        "anchor": null,
        "color": "#000000",
        "underline": null,
        "plaintext": null,
        "fcolor": null,
        "flnum": null,
        "bold": null,
        "italic": null,
        "dx": null,
        "dx_u": null,
        "dy": null,
        "dy_u": null
      },
      "geometry": {
        "type": "MultiPolygon",
        "coordinates": [
          [
            [
              [
                131.933078,
                43.113082
              ],
              [
                131.933633,
                43.113127
              ],
              [
                131.933634,
                43.113121
              ],
              [
                131.93372,
                43.113126
              ],
              [
                131.93372,
                43.113131
              ],
              [
                131.933756,
                43.113143
              ],
              [
                131.933762,
                43.113141
              ],
              [
                131.93381,
                43.113183
              ],
              [
                131.933783,
                43.113201
              ],
              [
                131.933801,
                43.113216
              ],
              [
                131.933822,
                43.113203
              ],
              [
                131.933813,
                43.113194
              ],
              [
                131.933819,
                43.11319
              ],
              [
                131.933825,
                43.113196
              ],
              [
                131.933967,
                43.113109
              ],
              [
                131.933904,
                43.113055
              ],
              [
                131.933897,
                43.113059
              ],
              [
                131.933738,
                43.112997
              ],
              [
                131.933739,
                43.112991
              ],
              [
                131.933641,
                43.112983
              ],
              [
                131.93364,
                43.11299
              ],
              [
                131.933128,
                43.112951
              ],
              [
                131.933129,
                43.112944
              ],
              [
                131.933005,
                43.112933
              ],
              [
                131.933,
                43.112968
              ],
              [
                131.93297,
                43.112988
              ],
              [
                131.932925,
                43.112984
              ],
              [
                131.93291,
                43.113074
              ],
              [
                131.932925,
                43.113075
              ],
              [
                131.932917,
                43.113125
              ],
              [
                131.93307,
                43.113135
              ],
              [
                131.933078,
                43.113082
              ]
            ]
          ]
        ]
      }
    },
    {
      "type": "Feature",
      "properties": {
        "fid": 92,
        "Layer": "LINES",
        "PaperSpace": null,
        "SubClasses": null,
        "Linetype": null,
        "EntityHandle": null,
        "Text": null,
        "ogr_style": "PEN(c:#000000)",
        "font": null,
        "angle": null,
        "size": null,
        "size_u": null,
        "anchor": null,
        "color": "#000000",
        "underline": null,
        "plaintext": null,
        "fcolor": null,
        "flnum": null,
        "bold": null,
        "italic": null,
        "dx": null,
        "dx_u": null,
        "dy": null,
        "dy_u": null
      },
      "geometry": {
        "type": "MultiPolygon",
        "coordinates": [
          [
            [
              [
                131.927213,
                43.112597
              ],
              [
                131.927396,
                43.112611
              ],
              [
                131.927415,
                43.112469
              ],
              [
                131.927226,
                43.112457
              ],
              [
                131.927213,
                43.112597
              ]
            ]
          ]
        ]
      }
    },
    {
      "type": "Feature",
      "properties": {
        "fid": 93,
        "Layer": "LINES",
        "PaperSpace": null,
        "SubClasses": null,
        "Linetype": null,
        "EntityHandle": null,
        "Text": null,
        "ogr_style": "PEN(c:#000000)",
        "font": null,
        "angle": null,
        "size": null,
        "size_u": null,
        "anchor": null,
        "color": "#000000",
        "underline": null,
        "plaintext": null,
        "fcolor": null,
        "flnum": null,
        "bold": null,
        "italic": null,
        "dx": null,
        "dx_u": null,
        "dy": null,
        "dy_u": null
      },
      "geometry": {
        "type": "MultiPolygon",
        "coordinates": [
          [
            [
              [
                131.926586,
                43.112544
              ],
              [
                131.926752,
                43.112551
              ],
              [
                131.926759,
                43.112515
              ],
              [
                131.926767,
                43.112437
              ],
              [
                131.926596,
                43.112427
              ],
              [
                131.926586,
                43.112544
              ]
            ]
          ]
        ]
      }
    },
    {
      "type": "Feature",
      "properties": {
        "fid": 94,
        "Layer": "LINES",
        "PaperSpace": null,
        "SubClasses": null,
        "Linetype": null,
        "EntityHandle": null,
        "Text": null,
        "ogr_style": "PEN(c:#000000)",
        "font": null,
        "angle": null,
        "size": null,
        "size_u": null,
        "anchor": null,
        "color": "#000000",
        "underline": null,
        "plaintext": null,
        "fcolor": null,
        "flnum": null,
        "bold": null,
        "italic": null,
        "dx": null,
        "dx_u": null,
        "dy": null,
        "dy_u": null
      },
      "geometry": {
        "type": "MultiPolygon",
        "coordinates": [
          [
            [
              [
                131.92615,
                43.112692
              ],
              [
                131.925788,
                43.112676
              ],
              [
                131.925791,
                43.112643
              ],
              [
                131.925794,
                43.112623
              ],
              [
                131.925807,
                43.112616
              ],
              [
                131.926154,
                43.11263
              ],
              [
                131.92615,
                43.112692
              ]
            ]
          ]
        ]
      }
    },
    {
      "type": "Feature",
      "properties": {
        "fid": 95,
        "Layer": "LINES",
        "PaperSpace": null,
        "SubClasses": null,
        "Linetype": null,
        "EntityHandle": null,
        "Text": null,
        "ogr_style": "PEN(c:#000000)",
        "font": null,
        "angle": null,
        "size": null,
        "size_u": null,
        "anchor": null,
        "color": "#000000",
        "underline": null,
        "plaintext": null,
        "fcolor": null,
        "flnum": null,
        "bold": null,
        "italic": null,
        "dx": null,
        "dx_u": null,
        "dy": null,
        "dy_u": null
      },
      "geometry": {
        "type": "MultiPolygon",
        "coordinates": [
          [
            [
              [
                131.926157,
                43.112587
              ],
              [
                131.926041,
                43.112581
              ],
              [
                131.926043,
                43.112557
              ],
              [
                131.926061,
                43.112558
              ],
              [
                131.926077,
                43.1124
              ],
              [
                131.926342,
                43.112416
              ],
              [
                131.926329,
                43.112557
              ],
              [
                131.926277,
                43.112555
              ],
              [
                131.92628,
                43.112519
              ],
              [
                131.926164,
                43.112513
              ],
              [
                131.926157,
                43.112587
              ]
            ]
          ]
        ]
      }
    },
    {
      "type": "Feature",
      "properties": {
        "fid": 96,
        "Layer": "LINES",
        "PaperSpace": null,
        "SubClasses": null,
        "Linetype": null,
        "EntityHandle": null,
        "Text": null,
        "ogr_style": "PEN(c:#000000)",
        "font": null,
        "angle": null,
        "size": null,
        "size_u": null,
        "anchor": null,
        "color": "#000000",
        "underline": null,
        "plaintext": null,
        "fcolor": null,
        "flnum": null,
        "bold": null,
        "italic": null,
        "dx": null,
        "dx_u": null,
        "dy": null,
        "dy_u": null
      },
      "geometry": {
        "type": "MultiPolygon",
        "coordinates": [
          [
            [
              [
                131.915111,
                43.113415
              ],
              [
                131.914963,
                43.113445
              ],
              [
                131.914939,
                43.113393
              ],
              [
                131.914909,
                43.113401
              ],
              [
                131.914933,
                43.113452
              ],
              [
                131.914801,
                43.113479
              ],
              [
                131.914748,
                43.113345
              ],
              [
                131.914904,
                43.113304
              ],
              [
                131.914888,
                43.113266
              ],
              [
                131.915039,
                43.113231
              ],
              [
                131.915111,
                43.113415
              ]
            ]
          ]
        ]
      }
    },
    {
      "type": "Feature",
      "properties": {
        "fid": 97,
        "Layer": "LINES",
        "PaperSpace": null,
        "SubClasses": null,
        "Linetype": null,
        "EntityHandle": null,
        "Text": null,
        "ogr_style": "PEN(c:#000000)",
        "font": null,
        "angle": null,
        "size": null,
        "size_u": null,
        "anchor": null,
        "color": "#000000",
        "underline": null,
        "plaintext": null,
        "fcolor": null,
        "flnum": null,
        "bold": null,
        "italic": null,
        "dx": null,
        "dx_u": null,
        "dy": null,
        "dy_u": null
      },
      "geometry": {
        "type": "MultiPolygon",
        "coordinates": [
          [
            [
              [
                131.915309,
                43.113123
              ],
              [
                131.915341,
                43.113202
              ],
              [
                131.9152,
                43.113231
              ],
              [
                131.91521,
                43.113257
              ],
              [
                131.91514,
                43.113272
              ],
              [
                131.91513,
                43.113246
              ],
              [
                131.915101,
                43.113252
              ],
              [
                131.915077,
                43.113192
              ],
              [
                131.915273,
                43.11315
              ],
              [
                131.915257,
                43.11311
              ],
              [
                131.9153,
                43.113101
              ],
              [
                131.915309,
                43.113123
              ]
            ]
          ]
        ]
      }
    },
    {
      "type": "Feature",
      "properties": {
        "fid": 98,
        "Layer": "LINES",
        "PaperSpace": null,
        "SubClasses": null,
        "Linetype": null,
        "EntityHandle": null,
        "Text": null,
        "ogr_style": "PEN(c:#000000)",
        "font": null,
        "angle": null,
        "size": null,
        "size_u": null,
        "anchor": null,
        "color": "#000000",
        "underline": null,
        "plaintext": null,
        "fcolor": null,
        "flnum": null,
        "bold": null,
        "italic": null,
        "dx": null,
        "dx_u": null,
        "dy": null,
        "dy_u": null
      },
      "geometry": {
        "type": "MultiPolygon",
        "coordinates": [
          [
            [
              [
                131.915252,
                43.112983
              ],
              [
                131.915285,
                43.113065
              ],
              [
                131.9153,
                43.113101
              ],
              [
                131.915141,
                43.113135
              ],
              [
                131.915148,
                43.113153
              ],
              [
                131.915091,
                43.113165
              ],
              [
                131.915084,
                43.113151
              ],
              [
                131.915011,
                43.113167
              ],
              [
                131.914964,
                43.113049
              ],
              [
                131.915252,
                43.112983
              ]
            ]
          ]
        ]
      }
    },
    {
      "type": "Feature",
      "properties": {
        "fid": 99,
        "Layer": "LINES",
        "PaperSpace": null,
        "SubClasses": null,
        "Linetype": null,
        "EntityHandle": null,
        "Text": null,
        "ogr_style": "PEN(c:#000000)",
        "font": null,
        "angle": null,
        "size": null,
        "size_u": null,
        "anchor": null,
        "color": "#000000",
        "underline": null,
        "plaintext": null,
        "fcolor": null,
        "flnum": null,
        "bold": null,
        "italic": null,
        "dx": null,
        "dx_u": null,
        "dy": null,
        "dy_u": null
      },
      "geometry": {
        "type": "MultiPolygon",
        "coordinates": [
          [
            [
              [
                131.909451,
                43.114826
              ],
              [
                131.909844,
                43.114604
              ],
              [
                131.909891,
                43.114612
              ],
              [
                131.909922,
                43.114666
              ],
              [
                131.909915,
                43.114668
              ],
              [
                131.909941,
                43.114718
              ],
              [
                131.909934,
                43.11472
              ],
              [
                131.909958,
                43.114763
              ],
              [
                131.909863,
                43.114791
              ],
              [
                131.909858,
                43.114782
              ],
              [
                131.909816,
                43.114807
              ],
              [
                131.909823,
                43.114815
              ],
              [
                131.909779,
                43.114835
              ],
              [
                131.909738,
                43.114795
              ],
              [
                131.909712,
                43.114808
              ],
              [
                131.909688,
                43.114786
              ],
              [
                131.909539,
                43.11487
              ],
              [
                131.909569,
                43.114924
              ],
              [
                131.909506,
                43.114941
              ],
              [
                131.909451,
                43.114826
              ]
            ]
          ]
        ]
      }
    },
    {
      "type": "Feature",
      "properties": {
        "fid": 100,
        "Layer": "LINES",
        "PaperSpace": null,
        "SubClasses": null,
        "Linetype": null,
        "EntityHandle": null,
        "Text": null,
        "ogr_style": "PEN(c:#000000)",
        "font": null,
        "angle": null,
        "size": null,
        "size_u": null,
        "anchor": null,
        "color": "#000000",
        "underline": null,
        "plaintext": null,
        "fcolor": null,
        "flnum": null,
        "bold": null,
        "italic": null,
        "dx": null,
        "dx_u": null,
        "dy": null,
        "dy_u": null
      },
      "geometry": {
        "type": "MultiPolygon",
        "coordinates": [
          [
            [
              [
                131.908945,
                43.114955
              ],
              [
                131.909012,
                43.114938
              ],
              [
                131.909015,
                43.114943
              ],
              [
                131.909057,
                43.114932
              ],
              [
                131.909054,
                43.114927
              ],
              [
                131.909111,
                43.114911
              ],
              [
                131.909114,
                43.114917
              ],
              [
                131.909149,
                43.114907
              ],
              [
                131.909147,
                43.114902
              ],
              [
                131.90921,
                43.114886
              ],
              [
                131.909271,
                43.115008
              ],
              [
                131.909178,
                43.115033
              ],
              [
                131.909182,
                43.115042
              ],
              [
                131.909127,
                43.115056
              ],
              [
                131.909121,
                43.115048
              ],
              [
                131.909008,
                43.115077
              ],
              [
                131.908945,
                43.114955
              ]
            ]
          ]
        ]
      }
    },
    {
      "type": "Feature",
      "properties": {
        "fid": 101,
        "Layer": "LINES",
        "PaperSpace": null,
        "SubClasses": null,
        "Linetype": null,
        "EntityHandle": null,
        "Text": null,
        "ogr_style": "PEN(c:#000000)",
        "font": null,
        "angle": null,
        "size": null,
        "size_u": null,
        "anchor": null,
        "color": "#000000",
        "underline": null,
        "plaintext": null,
        "fcolor": null,
        "flnum": null,
        "bold": null,
        "italic": null,
        "dx": null,
        "dx_u": null,
        "dy": null,
        "dy_u": null
      },
      "geometry": {
        "type": "MultiPolygon",
        "coordinates": [
          [
            [
              [
                131.917055,
                43.112398
              ],
              [
                131.916887,
                43.112435
              ],
              [
                131.916841,
                43.112319
              ],
              [
                131.916728,
                43.112343
              ],
              [
                131.916696,
                43.112264
              ],
              [
                131.916733,
                43.112254
              ],
              [
                131.916728,
                43.112244
              ],
              [
                131.916761,
                43.112236
              ],
              [
                131.916766,
                43.112245
              ],
              [
                131.916803,
                43.112236
              ],
              [
                131.916799,
                43.112228
              ],
              [
                131.916998,
                43.112185
              ],
              [
                131.91701,
                43.112213
              ],
              [
                131.917004,
                43.112214
              ],
              [
                131.917072,
                43.112374
              ],
              [
                131.917055,
                43.112398
              ]
            ]
          ]
        ]
      }
    },
    {
      "type": "Feature",
      "properties": {
        "fid": 102,
        "Layer": "LINES",
        "PaperSpace": null,
        "SubClasses": null,
        "Linetype": null,
        "EntityHandle": null,
        "Text": null,
        "ogr_style": "PEN(c:#000000)",
        "font": null,
        "angle": null,
        "size": null,
        "size_u": null,
        "anchor": null,
        "color": "#000000",
        "underline": null,
        "plaintext": null,
        "fcolor": null,
        "flnum": null,
        "bold": null,
        "italic": null,
        "dx": null,
        "dx_u": null,
        "dy": null,
        "dy_u": null
      },
      "geometry": {
        "type": "MultiPolygon",
        "coordinates": [
          [
            [
              [
                131.903583,
                43.115646
              ],
              [
                131.903577,
                43.115661
              ],
              [
                131.903625,
                43.115673
              ],
              [
                131.903631,
                43.11566
              ],
              [
                131.903814,
                43.115709
              ],
              [
                131.903748,
                43.115832
              ],
              [
                131.903728,
                43.115826
              ],
              [
                131.903713,
                43.115856
              ],
              [
                131.903731,
                43.11586
              ],
              [
                131.903701,
                43.115916
              ],
              [
                131.903825,
                43.115952
              ],
              [
                131.903937,
                43.115742
              ],
              [
                131.903965,
                43.115693
              ],
              [
                131.903956,
                43.115691
              ],
              [
                131.903975,
                43.115654
              ],
              [
                131.903923,
                43.115639
              ],
              [
                131.903928,
                43.115631
              ],
              [
                131.903636,
                43.115554
              ],
              [
                131.903641,
                43.115543
              ],
              [
                131.903422,
                43.115486
              ],
              [
                131.903418,
                43.115495
              ],
              [
                131.903128,
                43.115413
              ],
              [
                131.903124,
                43.115422
              ],
              [
                131.903084,
                43.11541
              ],
              [
                131.90291,
                43.115731
              ],
              [
                131.903032,
                43.115762
              ],
              [
                131.903072,
                43.115683
              ],
              [
                131.903087,
                43.115686
              ],
              [
                131.903103,
                43.115657
              ],
              [
                131.903087,
                43.115652
              ],
              [
                131.903153,
                43.115529
              ],
              [
                131.903583,
                43.115646
              ]
            ]
          ]
        ]
      }
    },
    {
      "type": "Feature",
      "properties": {
        "fid": 103,
        "Layer": "LINES",
        "PaperSpace": null,
        "SubClasses": null,
        "Linetype": null,
        "EntityHandle": null,
        "Text": null,
        "ogr_style": "PEN(c:#000000)",
        "font": null,
        "angle": null,
        "size": null,
        "size_u": null,
        "anchor": null,
        "color": "#000000",
        "underline": null,
        "plaintext": null,
        "fcolor": null,
        "flnum": null,
        "bold": null,
        "italic": null,
        "dx": null,
        "dx_u": null,
        "dy": null,
        "dy_u": null
      },
      "geometry": {
        "type": "MultiPolygon",
        "coordinates": [
          [
            [
              [
                131.910652,
                43.113685
              ],
              [
                131.910668,
                43.113677
              ],
              [
                131.910646,
                43.113654
              ],
              [
                131.910628,
                43.113664
              ],
              [
                131.910604,
                43.113641
              ],
              [
                131.910611,
                43.113637
              ],
              [
                131.910586,
                43.113613
              ],
              [
                131.910428,
                43.113698
              ],
              [
                131.9105,
                43.113766
              ],
              [
                131.910516,
                43.113757
              ],
              [
                131.910585,
                43.113822
              ],
              [
                131.910597,
                43.113834
              ],
              [
                131.91058,
                43.113843
              ],
              [
                131.910597,
                43.113861
              ],
              [
                131.910639,
                43.113901
              ],
              [
                131.910794,
                43.113813
              ],
              [
                131.910771,
                43.113788
              ],
              [
                131.910765,
                43.113793
              ],
              [
                131.910706,
                43.113734
              ],
              [
                131.910722,
                43.113727
              ],
              [
                131.910726,
                43.113708
              ],
              [
                131.91071,
                43.113693
              ],
              [
                131.91069,
                43.113693
              ],
              [
                131.910672,
                43.113703
              ],
              [
                131.910652,
                43.113685
              ]
            ]
          ]
        ]
      }
    },
    {
      "type": "Feature",
      "properties": {
        "fid": 104,
        "Layer": "LINES",
        "PaperSpace": null,
        "SubClasses": null,
        "Linetype": null,
        "EntityHandle": null,
        "Text": null,
        "ogr_style": "PEN(c:#000000)",
        "font": null,
        "angle": null,
        "size": null,
        "size_u": null,
        "anchor": null,
        "color": "#000000",
        "underline": null,
        "plaintext": null,
        "fcolor": null,
        "flnum": null,
        "bold": null,
        "italic": null,
        "dx": null,
        "dx_u": null,
        "dy": null,
        "dy_u": null
      },
      "geometry": {
        "type": "MultiPolygon",
        "coordinates": [
          [
            [
              [
                131.908896,
                43.114744
              ],
              [
                131.908958,
                43.114729
              ],
              [
                131.908955,
                43.114724
              ],
              [
                131.909002,
                43.114713
              ],
              [
                131.909005,
                43.114719
              ],
              [
                131.909074,
                43.114702
              ],
              [
                131.909076,
                43.114705
              ],
              [
                131.909129,
                43.114692
              ],
              [
                131.909127,
                43.114688
              ],
              [
                131.909198,
                43.114671
              ],
              [
                131.909193,
                43.114663
              ],
              [
                131.90924,
                43.114651
              ],
              [
                131.909242,
                43.114655
              ],
              [
                131.909323,
                43.114634
              ],
              [
                131.909302,
                43.114594
              ],
              [
                131.909367,
                43.114578
              ],
              [
                131.909339,
                43.114523
              ],
              [
                131.909255,
                43.114541
              ],
              [
                131.909246,
                43.114521
              ],
              [
                131.909187,
                43.114533
              ],
              [
                131.909191,
                43.114542
              ],
              [
                131.909093,
                43.114566
              ],
              [
                131.90909,
                43.114559
              ],
              [
                131.908993,
                43.114585
              ],
              [
                131.908996,
                43.114592
              ],
              [
                131.908899,
                43.114617
              ],
              [
                131.908896,
                43.114612
              ],
              [
                131.908837,
                43.114627
              ],
              [
                131.908847,
                43.114646
              ],
              [
                131.908817,
                43.114655
              ],
              [
                131.908843,
                43.114714
              ],
              [
                131.908877,
                43.114705
              ],
              [
                131.908896,
                43.114744
              ]
            ]
          ]
        ]
      }
    },
    {
      "type": "Feature",
      "properties": {
        "fid": 105,
        "Layer": "LINES",
        "PaperSpace": null,
        "SubClasses": null,
        "Linetype": null,
        "EntityHandle": null,
        "Text": null,
        "ogr_style": "PEN(c:#000000)",
        "font": null,
        "angle": null,
        "size": null,
        "size_u": null,
        "anchor": null,
        "color": "#000000",
        "underline": null,
        "plaintext": null,
        "fcolor": null,
        "flnum": null,
        "bold": null,
        "italic": null,
        "dx": null,
        "dx_u": null,
        "dy": null,
        "dy_u": null
      },
      "geometry": {
        "type": "MultiPolygon",
        "coordinates": [
          [
            [
              [
                131.905373,
                43.115554
              ],
              [
                131.905432,
                43.115546
              ],
              [
                131.905431,
                43.115542
              ],
              [
                131.905562,
                43.115525
              ],
              [
                131.905563,
                43.115529
              ],
              [
                131.905615,
                43.115523
              ],
              [
                131.905614,
                43.115519
              ],
              [
                131.905745,
                43.115503
              ],
              [
                131.905746,
                43.115507
              ],
              [
                131.905805,
                43.115499
              ],
              [
                131.905793,
                43.11545
              ],
              [
                131.905827,
                43.115446
              ],
              [
                131.905809,
                43.115365
              ],
              [
                131.905775,
                43.115369
              ],
              [
                131.905772,
                43.115356
              ],
              [
                131.905711,
                43.115363
              ],
              [
                131.905712,
                43.11537
              ],
              [
                131.905606,
                43.115384
              ],
              [
                131.905604,
                43.115376
              ],
              [
                131.905506,
                43.115389
              ],
              [
                131.905507,
                43.115396
              ],
              [
                131.905402,
                43.115409
              ],
              [
                131.9054,
                43.115401
              ],
              [
                131.905342,
                43.115409
              ],
              [
                131.905345,
                43.115424
              ],
              [
                131.90531,
                43.115429
              ],
              [
                131.905328,
                43.115509
              ],
              [
                131.905362,
                43.115505
              ],
              [
                131.905373,
                43.115554
              ]
            ]
          ]
        ]
      }
    },
    {
      "type": "Feature",
      "properties": {
        "fid": 106,
        "Layer": "LINES",
        "PaperSpace": null,
        "SubClasses": null,
        "Linetype": null,
        "EntityHandle": null,
        "Text": null,
        "ogr_style": "PEN(c:#000000)",
        "font": null,
        "angle": null,
        "size": null,
        "size_u": null,
        "anchor": null,
        "color": "#000000",
        "underline": null,
        "plaintext": null,
        "fcolor": null,
        "flnum": null,
        "bold": null,
        "italic": null,
        "dx": null,
        "dx_u": null,
        "dy": null,
        "dy_u": null
      },
      "geometry": {
        "type": "MultiPolygon",
        "coordinates": [
          [
            [
              [
                131.90484,
                43.115452
              ],
              [
                131.904856,
                43.115527
              ],
              [
                131.904846,
                43.115528
              ],
              [
                131.904856,
                43.115573
              ],
              [
                131.904867,
                43.115572
              ],
              [
                131.904876,
                43.115613
              ],
              [
                131.904946,
                43.115605
              ],
              [
                131.904947,
                43.115611
              ],
              [
                131.905008,
                43.115604
              ],
              [
                131.905007,
                43.115598
              ],
              [
                131.905082,
                43.11559
              ],
              [
                131.905027,
                43.115329
              ],
              [
                131.90496,
                43.115337
              ],
              [
                131.904956,
                43.115317
              ],
              [
                131.904908,
                43.115296
              ],
              [
                131.904881,
                43.1153
              ],
              [
                131.90487,
                43.11525
              ],
              [
                131.904516,
                43.115292
              ],
              [
                131.904548,
                43.115441
              ],
              [
                131.904604,
                43.115434
              ],
              [
                131.904606,
                43.11544
              ],
              [
                131.904667,
                43.115433
              ],
              [
                131.904665,
                43.115427
              ],
              [
                131.904767,
                43.115415
              ],
              [
                131.904773,
                43.115439
              ],
              [
                131.904804,
                43.115456
              ],
              [
                131.90484,
                43.115452
              ]
            ]
          ]
        ]
      }
    },
    {
      "type": "Feature",
      "properties": {
        "fid": 107,
        "Layer": "LINES",
        "PaperSpace": null,
        "SubClasses": null,
        "Linetype": null,
        "EntityHandle": null,
        "Text": null,
        "ogr_style": "PEN(c:#000000)",
        "font": null,
        "angle": null,
        "size": null,
        "size_u": null,
        "anchor": null,
        "color": "#000000",
        "underline": null,
        "plaintext": null,
        "fcolor": null,
        "flnum": null,
        "bold": null,
        "italic": null,
        "dx": null,
        "dx_u": null,
        "dy": null,
        "dy_u": null
      },
      "geometry": {
        "type": "MultiPolygon",
        "coordinates": [
          [
            [
              [
                131.899822,
                43.114725
              ],
              [
                131.899884,
                43.114571
              ],
              [
                131.899898,
                43.114574
              ],
              [
                131.899904,
                43.114561
              ],
              [
                131.899501,
                43.114475
              ],
              [
                131.899508,
                43.114462
              ],
              [
                131.899502,
                43.114458
              ],
              [
                131.899444,
                43.114444
              ],
              [
                131.899443,
                43.114446
              ],
              [
                131.899436,
                43.114449
              ],
              [
                131.899434,
                43.114448
              ],
              [
                131.899413,
                43.114496
              ],
              [
                131.899353,
                43.114482
              ],
              [
                131.89931,
                43.11458
              ],
              [
                131.899351,
                43.11459
              ],
              [
                131.899326,
                43.11465
              ],
              [
                131.89932,
                43.114649
              ],
              [
                131.899304,
                43.114685
              ],
              [
                131.899404,
                43.114709
              ],
              [
                131.899436,
                43.114635
              ],
              [
                131.899648,
                43.114685
              ],
              [
                131.899641,
                43.1147
              ],
              [
                131.899718,
                43.114718
              ],
              [
                131.899725,
                43.114703
              ],
              [
                131.899822,
                43.114725
              ]
            ]
          ]
        ]
      }
    },
    {
      "type": "Feature",
      "properties": {
        "fid": 108,
        "Layer": "LINES",
        "PaperSpace": null,
        "SubClasses": null,
        "Linetype": null,
        "EntityHandle": null,
        "Text": null,
        "ogr_style": "PEN(c:#000000)",
        "font": null,
        "angle": null,
        "size": null,
        "size_u": null,
        "anchor": null,
        "color": "#000000",
        "underline": null,
        "plaintext": null,
        "fcolor": null,
        "flnum": null,
        "bold": null,
        "italic": null,
        "dx": null,
        "dx_u": null,
        "dy": null,
        "dy_u": null
      },
      "geometry": {
        "type": "MultiPolygon",
        "coordinates": [
          [
            [
              [
                131.90224,
                43.114815
              ],
              [
                131.902297,
                43.114696
              ],
              [
                131.902006,
                43.114629
              ],
              [
                131.901958,
                43.114751
              ],
              [
                131.90224,
                43.114815
              ]
            ]
          ]
        ]
      }
    },
    {
      "type": "Feature",
      "properties": {
        "fid": 109,
        "Layer": "LINES",
        "PaperSpace": null,
        "SubClasses": null,
        "Linetype": null,
        "EntityHandle": null,
        "Text": null,
        "ogr_style": "PEN(c:#000000)",
        "font": null,
        "angle": null,
        "size": null,
        "size_u": null,
        "anchor": null,
        "color": "#000000",
        "underline": null,
        "plaintext": null,
        "fcolor": null,
        "flnum": null,
        "bold": null,
        "italic": null,
        "dx": null,
        "dx_u": null,
        "dy": null,
        "dy_u": null
      },
      "geometry": {
        "type": "MultiPolygon",
        "coordinates": [
          [
            [
              [
                131.897599,
                43.11436
              ],
              [
                131.89765,
                43.114227
              ],
              [
                131.897509,
                43.114199
              ],
              [
                131.897459,
                43.114332
              ],
              [
                131.897599,
                43.11436
              ]
            ]
          ]
        ]
      }
    },
    {
      "type": "Feature",
      "properties": {
        "fid": 110,
        "Layer": "LINES",
        "PaperSpace": null,
        "SubClasses": null,
        "Linetype": null,
        "EntityHandle": null,
        "Text": null,
        "ogr_style": "PEN(c:#000000)",
        "font": null,
        "angle": null,
        "size": null,
        "size_u": null,
        "anchor": null,
        "color": "#000000",
        "underline": null,
        "plaintext": null,
        "fcolor": null,
        "flnum": null,
        "bold": null,
        "italic": null,
        "dx": null,
        "dx_u": null,
        "dy": null,
        "dy_u": null
      },
      "geometry": {
        "type": "MultiPolygon",
        "coordinates": [
          [
            [
              [
                131.895547,
                43.114154
              ],
              [
                131.895499,
                43.114001
              ],
              [
                131.895196,
                43.114063
              ],
              [
                131.895253,
                43.11421
              ],
              [
                131.895547,
                43.114154
              ]
            ]
          ]
        ]
      }
    },
    {
      "type": "Feature",
      "properties": {
        "fid": 111,
        "Layer": "LINES",
        "PaperSpace": null,
        "SubClasses": null,
        "Linetype": null,
        "EntityHandle": null,
        "Text": null,
        "ogr_style": "PEN(c:#000000)",
        "font": null,
        "angle": null,
        "size": null,
        "size_u": null,
        "anchor": null,
        "color": "#000000",
        "underline": null,
        "plaintext": null,
        "fcolor": null,
        "flnum": null,
        "bold": null,
        "italic": null,
        "dx": null,
        "dx_u": null,
        "dy": null,
        "dy_u": null
      },
      "geometry": {
        "type": "MultiPolygon",
        "coordinates": [
          [
            [
              [
                131.895845,
                43.11417
              ],
              [
                131.895823,
                43.113942
              ],
              [
                131.895499,
                43.114001
              ],
              [
                131.895568,
                43.114221
              ],
              [
                131.895641,
                43.114207
              ],
              [
                131.895639,
                43.114202
              ],
              [
                131.895642,
                43.114201
              ],
              [
                131.895635,
                43.114181
              ],
              [
                131.895632,
                43.114181
              ],
              [
                131.895624,
                43.114156
              ],
              [
                131.895611,
                43.114158
              ],
              [
                131.895603,
                43.114132
              ],
              [
                131.895777,
                43.1141
              ],
              [
                131.895786,
                43.114126
              ],
              [
                131.895756,
                43.114132
              ],
              [
                131.895764,
                43.114157
              ],
              [
                131.895761,
                43.114158
              ],
              [
                131.895768,
                43.114178
              ],
              [
                131.895771,
                43.114178
              ],
              [
                131.895773,
                43.114183
              ],
              [
                131.895845,
                43.11417
              ]
            ]
          ]
        ]
      }
    },
    {
      "type": "Feature",
      "properties": {
        "fid": 112,
        "Layer": "LINES",
        "PaperSpace": null,
        "SubClasses": null,
        "Linetype": null,
        "EntityHandle": null,
        "Text": null,
        "ogr_style": "PEN(c:#000000)",
        "font": null,
        "angle": null,
        "size": null,
        "size_u": null,
        "anchor": null,
        "color": "#000000",
        "underline": null,
        "plaintext": null,
        "fcolor": null,
        "flnum": null,
        "bold": null,
        "italic": null,
        "dx": null,
        "dx_u": null,
        "dy": null,
        "dy_u": null
      },
      "geometry": {
        "type": "MultiPolygon",
        "coordinates": [
          [
            [
              [
                131.895056,
                43.114089
              ],
              [
                131.894679,
                43.114163
              ],
              [
                131.894775,
                43.114418
              ],
              [
                131.894946,
                43.114386
              ],
              [
                131.894928,
                43.114335
              ],
              [
                131.894856,
                43.114348
              ],
              [
                131.894842,
                43.114307
              ],
              [
                131.895115,
                43.114256
              ],
              [
                131.895056,
                43.114089
              ]
            ]
          ]
        ]
      }
    },
    {
      "type": "Feature",
      "properties": {
        "fid": 113,
        "Layer": "LINES",
        "PaperSpace": null,
        "SubClasses": null,
        "Linetype": null,
        "EntityHandle": null,
        "Text": null,
        "ogr_style": "PEN(c:#000000)",
        "font": null,
        "angle": null,
        "size": null,
        "size_u": null,
        "anchor": null,
        "color": "#000000",
        "underline": null,
        "plaintext": null,
        "fcolor": null,
        "flnum": null,
        "bold": null,
        "italic": null,
        "dx": null,
        "dx_u": null,
        "dy": null,
        "dy_u": null
      },
      "geometry": {
        "type": "MultiPolygon",
        "coordinates": [
          [
            [
              [
                131.894607,
                43.114664
              ],
              [
                131.894561,
                43.114535
              ],
              [
                131.894405,
                43.114562
              ],
              [
                131.894419,
                43.114604
              ],
              [
                131.894382,
                43.11461
              ],
              [
                131.894397,
                43.114656
              ],
              [
                131.894408,
                43.114654
              ],
              [
                131.894425,
                43.114703
              ],
              [
                131.894607,
                43.114664
              ]
            ]
          ]
        ]
      }
    },
    {
      "type": "Feature",
      "properties": {
        "fid": 114,
        "Layer": "LINES",
        "PaperSpace": null,
        "SubClasses": null,
        "Linetype": null,
        "EntityHandle": null,
        "Text": null,
        "ogr_style": "PEN(c:#000000)",
        "font": null,
        "angle": null,
        "size": null,
        "size_u": null,
        "anchor": null,
        "color": "#000000",
        "underline": null,
        "plaintext": null,
        "fcolor": null,
        "flnum": null,
        "bold": null,
        "italic": null,
        "dx": null,
        "dx_u": null,
        "dy": null,
        "dy_u": null
      },
      "geometry": {
        "type": "MultiPolygon",
        "coordinates": [
          [
            [
              [
                131.894342,
                43.114355
              ],
              [
                131.894396,
                43.114523
              ],
              [
                131.894544,
                43.114496
              ],
              [
                131.89453,
                43.114456
              ],
              [
                131.894526,
                43.114457
              ],
              [
                131.89448,
                43.114326
              ],
              [
                131.894484,
                43.114326
              ],
              [
                131.894451,
                43.114229
              ],
              [
                131.894411,
                43.114208
              ],
              [
                131.894369,
                43.114216
              ],
              [
                131.894368,
                43.114213
              ],
              [
                131.894313,
                43.114224
              ],
              [
                131.894314,
                43.114226
              ],
              [
                131.894234,
                43.114242
              ],
              [
                131.894233,
                43.114239
              ],
              [
                131.894184,
                43.114249
              ],
              [
                131.894185,
                43.114251
              ],
              [
                131.894105,
                43.114267
              ],
              [
                131.894104,
                43.114264
              ],
              [
                131.894049,
                43.114275
              ],
              [
                131.894155,
                43.114564
              ],
              [
                131.894281,
                43.11454
              ],
              [
                131.894248,
                43.114439
              ],
              [
                131.89426,
                43.114436
              ],
              [
                131.894268,
                43.114427
              ],
              [
                131.894259,
                43.114401
              ],
              [
                131.894242,
                43.114394
              ],
              [
                131.894218,
                43.114398
              ],
              [
                131.894212,
                43.114379
              ],
              [
                131.894342,
                43.114355
              ]
            ]
          ]
        ]
      }
    },
    {
      "type": "Feature",
      "properties": {
        "fid": 115,
        "Layer": "LINES",
        "PaperSpace": null,
        "SubClasses": null,
        "Linetype": null,
        "EntityHandle": null,
        "Text": null,
        "ogr_style": "PEN(c:#000000)",
        "font": null,
        "angle": null,
        "size": null,
        "size_u": null,
        "anchor": null,
        "color": "#000000",
        "underline": null,
        "plaintext": null,
        "fcolor": null,
        "flnum": null,
        "bold": null,
        "italic": null,
        "dx": null,
        "dx_u": null,
        "dy": null,
        "dy_u": null
      },
      "geometry": {
        "type": "MultiPolygon",
        "coordinates": [
          [
            [
              [
                131.894511,
                43.113825
              ],
              [
                131.894476,
                43.113739
              ],
              [
                131.894541,
                43.113726
              ],
              [
                131.894493,
                43.113602
              ],
              [
                131.894165,
                43.113669
              ],
              [
                131.894214,
                43.113795
              ],
              [
                131.894273,
                43.113782
              ],
              [
                131.894303,
                43.113866
              ],
              [
                131.894176,
                43.113891
              ],
              [
                131.89421,
                43.113984
              ],
              [
                131.894672,
                43.113889
              ],
              [
                131.894638,
                43.113799
              ],
              [
                131.894511,
                43.113825
              ]
            ]
          ]
        ]
      }
    },
    {
      "type": "Feature",
      "properties": {
        "fid": 116,
        "Layer": "LINES",
        "PaperSpace": null,
        "SubClasses": null,
        "Linetype": null,
        "EntityHandle": null,
        "Text": null,
        "ogr_style": "PEN(c:#000000)",
        "font": null,
        "angle": null,
        "size": null,
        "size_u": null,
        "anchor": null,
        "color": "#000000",
        "underline": null,
        "plaintext": null,
        "fcolor": null,
        "flnum": null,
        "bold": null,
        "italic": null,
        "dx": null,
        "dx_u": null,
        "dy": null,
        "dy_u": null
      },
      "geometry": {
        "type": "MultiPolygon",
        "coordinates": [
          [
            [
              [
                131.893466,
                43.11456
              ],
              [
                131.893413,
                43.1144
              ],
              [
                131.893051,
                43.114477
              ],
              [
                131.89311,
                43.114632
              ],
              [
                131.893466,
                43.11456
              ]
            ]
          ]
        ]
      }
    },
    {
      "type": "Feature",
      "properties": {
        "fid": 117,
        "Layer": "LINES",
        "PaperSpace": null,
        "SubClasses": null,
        "Linetype": null,
        "EntityHandle": null,
        "Text": null,
        "ogr_style": "PEN(c:#000000)",
        "font": null,
        "angle": null,
        "size": null,
        "size_u": null,
        "anchor": null,
        "color": "#000000",
        "underline": null,
        "plaintext": null,
        "fcolor": null,
        "flnum": null,
        "bold": null,
        "italic": null,
        "dx": null,
        "dx_u": null,
        "dy": null,
        "dy_u": null
      },
      "geometry": {
        "type": "MultiPolygon",
        "coordinates": [
          [
            [
              [
                131.894126,
                43.114487
              ],
              [
                131.894049,
                43.114275
              ],
              [
                131.893955,
                43.114294
              ],
              [
                131.894031,
                43.114505
              ],
              [
                131.894126,
                43.114487
              ]
            ]
          ]
        ]
      }
    },
    {
      "type": "Feature",
      "properties": {
        "fid": 118,
        "Layer": "LINES",
        "PaperSpace": null,
        "SubClasses": null,
        "Linetype": null,
        "EntityHandle": null,
        "Text": null,
        "ogr_style": "PEN(c:#000000)",
        "font": null,
        "angle": null,
        "size": null,
        "size_u": null,
        "anchor": null,
        "color": "#000000",
        "underline": null,
        "plaintext": null,
        "fcolor": null,
        "flnum": null,
        "bold": null,
        "italic": null,
        "dx": null,
        "dx_u": null,
        "dy": null,
        "dy_u": null
      },
      "geometry": {
        "type": "MultiPolygon",
        "coordinates": [
          [
            [
              [
                131.894216,
                43.114742
              ],
              [
                131.894175,
                43.11462
              ],
              [
                131.894038,
                43.114649
              ],
              [
                131.894035,
                43.114641
              ],
              [
                131.89396,
                43.114656
              ],
              [
                131.893962,
                43.114664
              ],
              [
                131.893848,
                43.114686
              ],
              [
                131.893818,
                43.114605
              ],
              [
                131.893738,
                43.11462
              ],
              [
                131.893793,
                43.11482
              ],
              [
                131.894216,
                43.114742
              ]
            ]
          ]
        ]
      }
    },
    {
      "type": "Feature",
      "properties": {
        "fid": 119,
        "Layer": "LINES",
        "PaperSpace": null,
        "SubClasses": null,
        "Linetype": null,
        "EntityHandle": null,
        "Text": null,
        "ogr_style": "PEN(c:#000000)",
        "font": null,
        "angle": null,
        "size": null,
        "size_u": null,
        "anchor": null,
        "color": "#000000",
        "underline": null,
        "plaintext": null,
        "fcolor": null,
        "flnum": null,
        "bold": null,
        "italic": null,
        "dx": null,
        "dx_u": null,
        "dy": null,
        "dy_u": null
      },
      "geometry": {
        "type": "MultiPolygon",
        "coordinates": [
          [
            [
              [
                131.893962,
                43.114478
              ],
              [
                131.893906,
                43.114329
              ],
              [
                131.893681,
                43.114374
              ],
              [
                131.893737,
                43.114523
              ],
              [
                131.893962,
                43.114478
              ]
            ]
          ]
        ]
      }
    },
    {
      "type": "Feature",
      "properties": {
        "fid": 120,
        "Layer": "LINES",
        "PaperSpace": null,
        "SubClasses": null,
        "Linetype": null,
        "EntityHandle": null,
        "Text": null,
        "ogr_style": "PEN(c:#000000)",
        "font": null,
        "angle": null,
        "size": null,
        "size_u": null,
        "anchor": null,
        "color": "#000000",
        "underline": null,
        "plaintext": null,
        "fcolor": null,
        "flnum": null,
        "bold": null,
        "italic": null,
        "dx": null,
        "dx_u": null,
        "dy": null,
        "dy_u": null
      },
      "geometry": {
        "type": "MultiPolygon",
        "coordinates": [
          [
            [
              [
                131.890245,
                43.114807
              ],
              [
                131.890407,
                43.114775
              ],
              [
                131.890354,
                43.11463
              ],
              [
                131.889861,
                43.114726
              ],
              [
                131.889913,
                43.11487
              ],
              [
                131.890068,
                43.11484
              ],
              [
                131.89007,
                43.114848
              ],
              [
                131.890247,
                43.114813
              ],
              [
                131.890245,
                43.114807
              ]
            ]
          ]
        ]
      }
    },
    {
      "type": "Feature",
      "properties": {
        "fid": 121,
        "Layer": "LINES",
        "PaperSpace": null,
        "SubClasses": null,
        "Linetype": null,
        "EntityHandle": null,
        "Text": null,
        "ogr_style": "PEN(c:#000000)",
        "font": null,
        "angle": null,
        "size": null,
        "size_u": null,
        "anchor": null,
        "color": "#000000",
        "underline": null,
        "plaintext": null,
        "fcolor": null,
        "flnum": null,
        "bold": null,
        "italic": null,
        "dx": null,
        "dx_u": null,
        "dy": null,
        "dy_u": null
      },
      "geometry": {
        "type": "MultiPolygon",
        "coordinates": [
          [
            [
              [
                131.889646,
                43.114926
              ],
              [
                131.889609,
                43.114823
              ],
              [
                131.889466,
                43.11485
              ],
              [
                131.889453,
                43.114813
              ],
              [
                131.889357,
                43.114831
              ],
              [
                131.889408,
                43.114972
              ],
              [
                131.889646,
                43.114926
              ]
            ]
          ]
        ]
      }
    },
    {
      "type": "Feature",
      "properties": {
        "fid": 122,
        "Layer": "LINES",
        "PaperSpace": null,
        "SubClasses": null,
        "Linetype": null,
        "EntityHandle": null,
        "Text": null,
        "ogr_style": "PEN(c:#000000)",
        "font": null,
        "angle": null,
        "size": null,
        "size_u": null,
        "anchor": null,
        "color": "#000000",
        "underline": null,
        "plaintext": null,
        "fcolor": null,
        "flnum": null,
        "bold": null,
        "italic": null,
        "dx": null,
        "dx_u": null,
        "dy": null,
        "dy_u": null
      },
      "geometry": {
        "type": "MultiPolygon",
        "coordinates": [
          [
            [
              [
                131.889408,
                43.114972
              ],
              [
                131.889357,
                43.114831
              ],
              [
                131.889116,
                43.114876
              ],
              [
                131.889167,
                43.115018
              ],
              [
                131.889408,
                43.114972
              ]
            ]
          ]
        ]
      }
    },
    {
      "type": "Feature",
      "properties": {
        "fid": 123,
        "Layer": "LINES",
        "PaperSpace": null,
        "SubClasses": null,
        "Linetype": null,
        "EntityHandle": null,
        "Text": null,
        "ogr_style": "PEN(c:#000000)",
        "font": null,
        "angle": null,
        "size": null,
        "size_u": null,
        "anchor": null,
        "color": "#000000",
        "underline": null,
        "plaintext": null,
        "fcolor": null,
        "flnum": null,
        "bold": null,
        "italic": null,
        "dx": null,
        "dx_u": null,
        "dy": null,
        "dy_u": null
      },
      "geometry": {
        "type": "MultiPolygon",
        "coordinates": [
          [
            [
              [
                131.892098,
                43.115411
              ],
              [
                131.89205,
                43.115279
              ],
              [
                131.891352,
                43.11521
              ],
              [
                131.8914,
                43.115345
              ],
              [
                131.892098,
                43.115411
              ]
            ]
          ]
        ]
      }
    },
    {
      "type": "Feature",
      "properties": {
        "fid": 124,
        "Layer": "LINES",
        "PaperSpace": null,
        "SubClasses": null,
        "Linetype": null,
        "EntityHandle": null,
        "Text": null,
        "ogr_style": "PEN(c:#000000)",
        "font": null,
        "angle": null,
        "size": null,
        "size_u": null,
        "anchor": null,
        "color": "#000000",
        "underline": null,
        "plaintext": null,
        "fcolor": null,
        "flnum": null,
        "bold": null,
        "italic": null,
        "dx": null,
        "dx_u": null,
        "dy": null,
        "dy_u": null
      },
      "geometry": {
        "type": "MultiPolygon",
        "coordinates": [
          [
            [
              [
                131.891931,
                43.114781
              ],
              [
                131.891959,
                43.114857
              ],
              [
                131.892002,
                43.114849
              ],
              [
                131.892,
                43.114842
              ],
              [
                131.892214,
                43.114801
              ],
              [
                131.892201,
                43.11482
              ],
              [
                131.892246,
                43.114835
              ],
              [
                131.892259,
                43.114815
              ],
              [
                131.892293,
                43.114912
              ],
              [
                131.892285,
                43.114914
              ],
              [
                131.892298,
                43.114951
              ],
              [
                131.892387,
                43.114935
              ],
              [
                131.892397,
                43.114963
              ],
              [
                131.892498,
                43.114941
              ],
              [
                131.892489,
                43.114916
              ],
              [
                131.892507,
                43.114912
              ],
              [
                131.892483,
                43.114842
              ],
              [
                131.892489,
                43.114841
              ],
              [
                131.892465,
                43.114772
              ],
              [
                131.892459,
                43.114773
              ],
              [
                131.892436,
                43.114709
              ],
              [
                131.892443,
                43.114708
              ],
              [
                131.892426,
                43.114659
              ],
              [
                131.892419,
                43.114661
              ],
              [
                131.89234,
                43.114622
              ],
              [
                131.892338,
                43.114618
              ],
              [
                131.892268,
                43.114632
              ],
              [
                131.892268,
                43.114634
              ],
              [
                131.892154,
                43.114657
              ],
              [
                131.892152,
                43.114652
              ],
              [
                131.892042,
                43.114674
              ],
              [
                131.892044,
                43.11468
              ],
              [
                131.891848,
                43.114716
              ],
              [
                131.891875,
                43.11479
              ],
              [
                131.891931,
                43.114781
              ]
            ]
          ]
        ]
      }
    },
    {
      "type": "Feature",
      "properties": {
        "fid": 125,
        "Layer": "LINES",
        "PaperSpace": null,
        "SubClasses": null,
        "Linetype": null,
        "EntityHandle": null,
        "Text": null,
        "ogr_style": "PEN(c:#000000)",
        "font": null,
        "angle": null,
        "size": null,
        "size_u": null,
        "anchor": null,
        "color": "#000000",
        "underline": null,
        "plaintext": null,
        "fcolor": null,
        "flnum": null,
        "bold": null,
        "italic": null,
        "dx": null,
        "dx_u": null,
        "dy": null,
        "dy_u": null
      },
      "geometry": {
        "type": "MultiPolygon",
        "coordinates": [
          [
            [
              [
                131.891583,
                43.115095
              ],
              [
                131.891584,
                43.115097
              ],
              [
                131.891634,
                43.115087
              ],
              [
                131.891594,
                43.114978
              ],
              [
                131.891575,
                43.114982
              ],
              [
                131.891557,
                43.114932
              ],
              [
                131.891742,
                43.114897
              ],
              [
                131.891848,
                43.115188
              ],
              [
                131.891838,
                43.115189
              ],
              [
                131.891864,
                43.11526
              ],
              [
                131.89205,
                43.115279
              ],
              [
                131.891841,
                43.114718
              ],
              [
                131.891836,
                43.114703
              ],
              [
                131.891824,
                43.114705
              ],
              [
                131.891826,
                43.114709
              ],
              [
                131.89177,
                43.11472
              ],
              [
                131.891768,
                43.114715
              ],
              [
                131.891756,
                43.114718
              ],
              [
                131.891758,
                43.114722
              ],
              [
                131.891702,
                43.114733
              ],
              [
                131.891701,
                43.114728
              ],
              [
                131.891689,
                43.114731
              ],
              [
                131.891691,
                43.114735
              ],
              [
                131.891635,
                43.114745
              ],
              [
                131.891633,
                43.114741
              ],
              [
                131.891621,
                43.114743
              ],
              [
                131.891623,
                43.114748
              ],
              [
                131.891567,
                43.114758
              ],
              [
                131.891565,
                43.114754
              ],
              [
                131.891554,
                43.114756
              ],
              [
                131.891555,
                43.114761
              ],
              [
                131.8915,
                43.114771
              ],
              [
                131.891498,
                43.114766
              ],
              [
                131.891483,
                43.114769
              ],
              [
                131.891484,
                43.114772
              ],
              [
                131.89121,
                43.114823
              ],
              [
                131.891325,
                43.115144
              ],
              [
                131.891583,
                43.115095
              ]
            ]
          ]
        ]
      }
    },
    {
      "type": "Feature",
      "properties": {
        "fid": 126,
        "Layer": "LINES",
        "PaperSpace": null,
        "SubClasses": null,
        "Linetype": null,
        "EntityHandle": null,
        "Text": null,
        "ogr_style": "PEN(c:#000000)",
        "font": null,
        "angle": null,
        "size": null,
        "size_u": null,
        "anchor": null,
        "color": "#000000",
        "underline": null,
        "plaintext": null,
        "fcolor": null,
        "flnum": null,
        "bold": null,
        "italic": null,
        "dx": null,
        "dx_u": null,
        "dy": null,
        "dy_u": null
      },
      "geometry": {
        "type": "MultiPolygon",
        "coordinates": [
          [
            [
              [
                131.890743,
                43.115074
              ],
              [
                131.890826,
                43.115058
              ],
              [
                131.890833,
                43.115067
              ],
              [
                131.890872,
                43.11506
              ],
              [
                131.89087,
                43.115049
              ],
              [
                131.890965,
                43.115032
              ],
              [
                131.890967,
                43.115036
              ],
              [
                131.891028,
                43.115024
              ],
              [
                131.891025,
                43.115015
              ],
              [
                131.891152,
                43.114994
              ],
              [
                131.891155,
                43.115003
              ],
              [
                131.891265,
                43.114982
              ],
              [
                131.891208,
                43.11482
              ],
              [
                131.891096,
                43.114843
              ],
              [
                131.891098,
                43.114849
              ],
              [
                131.890691,
                43.114929
              ],
              [
                131.890689,
                43.114922
              ],
              [
                131.890573,
                43.114945
              ],
              [
                131.890657,
                43.115171
              ],
              [
                131.89077,
                43.115148
              ],
              [
                131.890743,
                43.115074
              ]
            ]
          ]
        ]
      }
    },
    {
      "type": "Feature",
      "properties": {
        "fid": 127,
        "Layer": "LINES",
        "PaperSpace": null,
        "SubClasses": null,
        "Linetype": null,
        "EntityHandle": null,
        "Text": null,
        "ogr_style": "PEN(c:#000000)",
        "font": null,
        "angle": null,
        "size": null,
        "size_u": null,
        "anchor": null,
        "color": "#000000",
        "underline": null,
        "plaintext": null,
        "fcolor": null,
        "flnum": null,
        "bold": null,
        "italic": null,
        "dx": null,
        "dx_u": null,
        "dy": null,
        "dy_u": null
      },
      "geometry": {
        "type": "MultiPolygon",
        "coordinates": [
          [
            [
              [
                131.890584,
                43.11527
              ],
              [
                131.890557,
                43.115197
              ],
              [
                131.89005,
                43.115299
              ],
              [
                131.890076,
                43.115375
              ],
              [
                131.890584,
                43.11527
              ]
            ]
          ]
        ]
      }
    },
    {
      "type": "Feature",
      "properties": {
        "fid": 128,
        "Layer": "LINES",
        "PaperSpace": null,
        "SubClasses": null,
        "Linetype": null,
        "EntityHandle": null,
        "Text": null,
        "ogr_style": "PEN(c:#000000)",
        "font": null,
        "angle": null,
        "size": null,
        "size_u": null,
        "anchor": null,
        "color": "#000000",
        "underline": null,
        "plaintext": null,
        "fcolor": null,
        "flnum": null,
        "bold": null,
        "italic": null,
        "dx": null,
        "dx_u": null,
        "dy": null,
        "dy_u": null
      },
      "geometry": {
        "type": "MultiPolygon",
        "coordinates": [
          [
            [
              [
                131.887308,
                43.115386
              ],
              [
                131.887268,
                43.115266
              ],
              [
                131.887206,
                43.115277
              ],
              [
                131.887193,
                43.115233
              ],
              [
                131.887073,
                43.115255
              ],
              [
                131.887132,
                43.115421
              ],
              [
                131.887308,
                43.115386
              ]
            ]
          ]
        ]
      }
    },
    {
      "type": "Feature",
      "properties": {
        "fid": 129,
        "Layer": "LINES",
        "PaperSpace": null,
        "SubClasses": null,
        "Linetype": null,
        "EntityHandle": null,
        "Text": null,
        "ogr_style": "PEN(c:#000000)",
        "font": null,
        "angle": null,
        "size": null,
        "size_u": null,
        "anchor": null,
        "color": "#000000",
        "underline": null,
        "plaintext": null,
        "fcolor": null,
        "flnum": null,
        "bold": null,
        "italic": null,
        "dx": null,
        "dx_u": null,
        "dy": null,
        "dy_u": null
      },
      "geometry": {
        "type": "MultiPolygon",
        "coordinates": [
          [
            [
              [
                131.888021,
                43.115243
              ],
              [
                131.888002,
                43.115189
              ],
              [
                131.888006,
                43.115188
              ],
              [
                131.887951,
                43.11504
              ],
              [
                131.887791,
                43.115071
              ],
              [
                131.887799,
                43.115092
              ],
              [
                131.887795,
                43.115093
              ],
              [
                131.88779,
                43.115099
              ],
              [
                131.887798,
                43.115117
              ],
              [
                131.887806,
                43.115121
              ],
              [
                131.887809,
                43.11512
              ],
              [
                131.887814,
                43.115134
              ],
              [
                131.887667,
                43.115163
              ],
              [
                131.887656,
                43.115134
              ],
              [
                131.887392,
                43.115186
              ],
              [
                131.887451,
                43.115351
              ],
              [
                131.888021,
                43.115243
              ]
            ]
          ]
        ]
      }
    },
    {
      "type": "Feature",
      "properties": {
        "fid": 130,
        "Layer": "LINES",
        "PaperSpace": null,
        "SubClasses": null,
        "Linetype": null,
        "EntityHandle": null,
        "Text": null,
        "ogr_style": "PEN(c:#000000)",
        "font": null,
        "angle": null,
        "size": null,
        "size_u": null,
        "anchor": null,
        "color": "#000000",
        "underline": null,
        "plaintext": null,
        "fcolor": null,
        "flnum": null,
        "bold": null,
        "italic": null,
        "dx": null,
        "dx_u": null,
        "dy": null,
        "dy_u": null
      },
      "geometry": {
        "type": "MultiPolygon",
        "coordinates": [
          [
            [
              [
                131.889926,
                43.115675
              ],
              [
                131.88987,
                43.115547
              ],
              [
                131.889675,
                43.115593
              ],
              [
                131.889732,
                43.115722
              ],
              [
                131.889926,
                43.115675
              ]
            ]
          ]
        ]
      }
    },
    {
      "type": "Feature",
      "properties": {
        "fid": 131,
        "Layer": "LINES",
        "PaperSpace": null,
        "SubClasses": null,
        "Linetype": null,
        "EntityHandle": null,
        "Text": null,
        "ogr_style": "PEN(c:#000000)",
        "font": null,
        "angle": null,
        "size": null,
        "size_u": null,
        "anchor": null,
        "color": "#000000",
        "underline": null,
        "plaintext": null,
        "fcolor": null,
        "flnum": null,
        "bold": null,
        "italic": null,
        "dx": null,
        "dx_u": null,
        "dy": null,
        "dy_u": null
      },
      "geometry": {
        "type": "MultiPolygon",
        "coordinates": [
          [
            [
              [
                131.887193,
                43.115727
              ],
              [
                131.887295,
                43.115706
              ],
              [
                131.887301,
                43.11572
              ],
              [
                131.887334,
                43.115734
              ],
              [
                131.887341,
                43.115751
              ],
              [
                131.887358,
                43.115763
              ],
              [
                131.887172,
                43.1158
              ],
              [
                131.887204,
                43.115875
              ],
              [
                131.887625,
                43.115787
              ],
              [
                131.887618,
                43.115768
              ],
              [
                131.887677,
                43.115756
              ],
              [
                131.887704,
                43.115831
              ],
              [
                131.88772,
                43.115828
              ],
              [
                131.887726,
                43.115844
              ],
              [
                131.887792,
                43.115831
              ],
              [
                131.887814,
                43.115826
              ],
              [
                131.887806,
                43.115805
              ],
              [
                131.888064,
                43.115755
              ],
              [
                131.8881,
                43.115856
              ],
              [
                131.88825,
                43.115827
              ],
              [
                131.888103,
                43.115428
              ],
              [
                131.88799,
                43.11545
              ],
              [
                131.887993,
                43.115457
              ],
              [
                131.887707,
                43.115513
              ],
              [
                131.887705,
                43.115506
              ],
              [
                131.887392,
                43.115566
              ],
              [
                131.887395,
                43.115573
              ],
              [
                131.88734,
                43.115577
              ],
              [
                131.887232,
                43.115599
              ],
              [
                131.887234,
                43.115605
              ],
              [
                131.887181,
                43.115616
              ],
              [
                131.887179,
                43.115609
              ],
              [
                131.887083,
                43.115629
              ],
              [
                131.887115,
                43.115715
              ],
              [
                131.887184,
                43.115701
              ],
              [
                131.887193,
                43.115727
              ]
            ]
          ]
        ]
      }
    },
    {
      "type": "Feature",
      "properties": {
        "fid": 132,
        "Layer": "LINES",
        "PaperSpace": null,
        "SubClasses": null,
        "Linetype": null,
        "EntityHandle": null,
        "Text": null,
        "ogr_style": "PEN(c:#000000)",
        "font": null,
        "angle": null,
        "size": null,
        "size_u": null,
        "anchor": null,
        "color": "#000000",
        "underline": null,
        "plaintext": null,
        "fcolor": null,
        "flnum": null,
        "bold": null,
        "italic": null,
        "dx": null,
        "dx_u": null,
        "dy": null,
        "dy_u": null
      },
      "geometry": {
        "type": "MultiPolygon",
        "coordinates": [
          [
            [
              [
                131.886552,
                43.116204
              ],
              [
                131.8865,
                43.116051
              ],
              [
                131.886393,
                43.116072
              ],
              [
                131.886445,
                43.116224
              ],
              [
                131.886552,
                43.116204
              ]
            ]
          ]
        ]
      }
    },
    {
      "type": "Feature",
      "properties": {
        "fid": 133,
        "Layer": "LINES",
        "PaperSpace": null,
        "SubClasses": null,
        "Linetype": null,
        "EntityHandle": null,
        "Text": null,
        "ogr_style": "PEN(c:#000000)",
        "font": null,
        "angle": null,
        "size": null,
        "size_u": null,
        "anchor": null,
        "color": "#000000",
        "underline": null,
        "plaintext": null,
        "fcolor": null,
        "flnum": null,
        "bold": null,
        "italic": null,
        "dx": null,
        "dx_u": null,
        "dy": null,
        "dy_u": null
      },
      "geometry": {
        "type": "MultiPolygon",
        "coordinates": [
          [
            [
              [
                131.886636,
                43.115959
              ],
              [
                131.88656,
                43.115747
              ],
              [
                131.886461,
                43.115769
              ],
              [
                131.886456,
                43.115757
              ],
              [
                131.886401,
                43.11577
              ],
              [
                131.886404,
                43.115778
              ],
              [
                131.886306,
                43.115799
              ],
              [
                131.886373,
                43.116011
              ],
              [
                131.886636,
                43.115959
              ]
            ]
          ]
        ]
      }
    },
    {
      "type": "Feature",
      "properties": {
        "fid": 134,
        "Layer": "LINES",
        "PaperSpace": null,
        "SubClasses": null,
        "Linetype": null,
        "EntityHandle": null,
        "Text": null,
        "ogr_style": "PEN(c:#000000)",
        "font": null,
        "angle": null,
        "size": null,
        "size_u": null,
        "anchor": null,
        "color": "#000000",
        "underline": null,
        "plaintext": null,
        "fcolor": null,
        "flnum": null,
        "bold": null,
        "italic": null,
        "dx": null,
        "dx_u": null,
        "dy": null,
        "dy_u": null
      },
      "geometry": {
        "type": "MultiPolygon",
        "coordinates": [
          [
            [
              [
                131.886981,
                43.116061
              ],
              [
                131.88692,
                43.115885
              ],
              [
                131.886968,
                43.115873
              ],
              [
                131.886931,
                43.115769
              ],
              [
                131.887039,
                43.115745
              ],
              [
                131.887008,
                43.115665
              ],
              [
                131.886864,
                43.115693
              ],
              [
                131.886866,
                43.115701
              ],
              [
                131.886819,
                43.115711
              ],
              [
                131.886814,
                43.115697
              ],
              [
                131.886803,
                43.115696
              ],
              [
                131.886794,
                43.115697
              ],
              [
                131.886794,
                43.115699
              ],
              [
                131.886749,
                43.115708
              ],
              [
                131.886748,
                43.115706
              ],
              [
                131.886743,
                43.115704
              ],
              [
                131.886736,
                43.115706
              ],
              [
                131.886734,
                43.115708
              ],
              [
                131.886734,
                43.115711
              ],
              [
                131.886722,
                43.115713
              ],
              [
                131.886719,
                43.11571
              ],
              [
                131.886709,
                43.115712
              ],
              [
                131.88665,
                43.115724
              ],
              [
                131.88664,
                43.115725
              ],
              [
                131.886639,
                43.115728
              ],
              [
                131.886639,
                43.11573
              ],
              [
                131.886628,
                43.115733
              ],
              [
                131.886626,
                43.11573
              ],
              [
                131.886623,
                43.115729
              ],
              [
                131.886615,
                43.11573
              ],
              [
                131.886613,
                43.115732
              ],
              [
                131.886613,
                43.115735
              ],
              [
                131.88656,
                43.115747
              ],
              [
                131.886591,
                43.115832
              ],
              [
                131.886636,
                43.115959
              ],
              [
                131.886631,
                43.11596
              ],
              [
                131.886672,
                43.116067
              ],
              [
                131.886871,
                43.116027
              ],
              [
                131.88689,
                43.11608
              ],
              [
                131.886981,
                43.116061
              ]
            ]
          ]
        ]
      }
    },
    {
      "type": "Feature",
      "properties": {
        "fid": 135,
        "Layer": "LINES",
        "PaperSpace": null,
        "SubClasses": null,
        "Linetype": null,
        "EntityHandle": null,
        "Text": null,
        "ogr_style": "PEN(c:#000000)",
        "font": null,
        "angle": null,
        "size": null,
        "size_u": null,
        "anchor": null,
        "color": "#000000",
        "underline": null,
        "plaintext": null,
        "fcolor": null,
        "flnum": null,
        "bold": null,
        "italic": null,
        "dx": null,
        "dx_u": null,
        "dy": null,
        "dy_u": null
      },
      "geometry": {
        "type": "MultiPolygon",
        "coordinates": [
          [
            [
              [
                131.885731,
                43.115989
              ],
              [
                131.885714,
                43.115939
              ],
              [
                131.885739,
                43.115904
              ],
              [
                131.885806,
                43.115891
              ],
              [
                131.885809,
                43.115898
              ],
              [
                131.885968,
                43.115868
              ],
              [
                131.885966,
                43.11586
              ],
              [
                131.886031,
                43.115846
              ],
              [
                131.886033,
                43.115854
              ],
              [
                131.88619,
                43.115821
              ],
              [
                131.886187,
                43.115815
              ],
              [
                131.886302,
                43.115791
              ],
              [
                131.886306,
                43.115799
              ],
              [
                131.886341,
                43.115918
              ],
              [
                131.88629,
                43.115927
              ],
              [
                131.886294,
                43.115938
              ],
              [
                131.886229,
                43.11595
              ],
              [
                131.886227,
                43.115942
              ],
              [
                131.88607,
                43.115972
              ],
              [
                131.886073,
                43.115982
              ],
              [
                131.886012,
                43.115995
              ],
              [
                131.886007,
                43.115982
              ],
              [
                131.885923,
                43.116
              ],
              [
                131.88596,
                43.116096
              ],
              [
                131.885783,
                43.116131
              ],
              [
                131.885761,
                43.116069
              ],
              [
                131.885765,
                43.116069
              ],
              [
                131.885736,
                43.115988
              ],
              [
                131.885731,
                43.115989
              ]
            ]
          ]
        ]
      }
    },
    {
      "type": "Feature",
      "properties": {
        "fid": 136,
        "Layer": "LINES",
        "PaperSpace": null,
        "SubClasses": null,
        "Linetype": null,
        "EntityHandle": null,
        "Text": null,
        "ogr_style": "PEN(c:#000000)",
        "font": null,
        "angle": null,
        "size": null,
        "size_u": null,
        "anchor": null,
        "color": "#000000",
        "underline": null,
        "plaintext": null,
        "fcolor": null,
        "flnum": null,
        "bold": null,
        "italic": null,
        "dx": null,
        "dx_u": null,
        "dy": null,
        "dy_u": null
      },
      "geometry": {
        "type": "MultiPolygon",
        "coordinates": [
          [
            [
              [
                131.884783,
                43.11609
              ],
              [
                131.885238,
                43.116
              ],
              [
                131.885257,
                43.116051
              ],
              [
                131.885405,
                43.116114
              ],
              [
                131.885472,
                43.1161
              ],
              [
                131.885513,
                43.116205
              ],
              [
                131.885499,
                43.116208
              ],
              [
                131.885604,
                43.116488
              ],
              [
                131.885542,
                43.1165
              ],
              [
                131.885553,
                43.116534
              ],
              [
                131.885363,
                43.116572
              ],
              [
                131.885335,
                43.116497
              ],
              [
                131.885432,
                43.116477
              ],
              [
                131.88542,
                43.116447
              ],
              [
                131.885427,
                43.116446
              ],
              [
                131.885346,
                43.116236
              ],
              [
                131.88533,
                43.11623
              ],
              [
                131.885316,
                43.116247
              ],
              [
                131.885291,
                43.116236
              ],
              [
                131.88526,
                43.116273
              ],
              [
                131.885176,
                43.116233
              ],
              [
                131.885205,
                43.116196
              ],
              [
                131.88518,
                43.116185
              ],
              [
                131.885194,
                43.116167
              ],
              [
                131.885152,
                43.116153
              ],
              [
                131.88483,
                43.116216
              ],
              [
                131.884783,
                43.11609
              ]
            ]
          ]
        ]
      }
    },
    {
      "type": "Feature",
      "properties": {
        "fid": 137,
        "Layer": "LINES",
        "PaperSpace": null,
        "SubClasses": null,
        "Linetype": null,
        "EntityHandle": null,
        "Text": null,
        "ogr_style": "PEN(c:#000000)",
        "font": null,
        "angle": null,
        "size": null,
        "size_u": null,
        "anchor": null,
        "color": "#000000",
        "underline": null,
        "plaintext": null,
        "fcolor": null,
        "flnum": null,
        "bold": null,
        "italic": null,
        "dx": null,
        "dx_u": null,
        "dy": null,
        "dy_u": null
      },
      "geometry": {
        "type": "MultiPolygon",
        "coordinates": [
          [
            [
              [
                131.884708,
                43.116105
              ],
              [
                131.884783,
                43.11609
              ],
              [
                131.884848,
                43.116269
              ],
              [
                131.884889,
                43.116261
              ],
              [
                131.884918,
                43.116344
              ],
              [
                131.884807,
                43.116368
              ],
              [
                131.884708,
                43.116105
              ]
            ]
          ]
        ]
      }
    },
    {
      "type": "Feature",
      "properties": {
        "fid": 138,
        "Layer": "LINES",
        "PaperSpace": null,
        "SubClasses": null,
        "Linetype": null,
        "EntityHandle": null,
        "Text": null,
        "ogr_style": "PEN(c:#000000)",
        "font": null,
        "angle": null,
        "size": null,
        "size_u": null,
        "anchor": null,
        "color": "#000000",
        "underline": null,
        "plaintext": null,
        "fcolor": null,
        "flnum": null,
        "bold": null,
        "italic": null,
        "dx": null,
        "dx_u": null,
        "dy": null,
        "dy_u": null
      },
      "geometry": {
        "type": "MultiPolygon",
        "coordinates": [
          [
            [
              [
                131.884313,
                43.116183
              ],
              [
                131.884708,
                43.116105
              ],
              [
                131.884807,
                43.116368
              ],
              [
                131.884757,
                43.116378
              ],
              [
                131.884833,
                43.116575
              ],
              [
                131.884699,
                43.116603
              ],
              [
                131.884697,
                43.116596
              ],
              [
                131.884478,
                43.11664
              ],
              [
                131.884435,
                43.116522
              ],
              [
                131.884522,
                43.116503
              ],
              [
                131.884537,
                43.116545
              ],
              [
                131.884724,
                43.116507
              ],
              [
                131.884652,
                43.11632
              ],
              [
                131.884511,
                43.116346
              ],
              [
                131.884513,
                43.116353
              ],
              [
                131.884468,
                43.116362
              ],
              [
                131.88446,
                43.116363
              ],
              [
                131.88446,
                43.116379
              ],
              [
                131.88451,
                43.116505
              ],
              [
                131.884435,
                43.116522
              ],
              [
                131.884313,
                43.116183
              ]
            ]
          ]
        ]
      }
    },
    {
      "type": "Feature",
      "properties": {
        "fid": 139,
        "Layer": "LINES",
        "PaperSpace": null,
        "SubClasses": null,
        "Linetype": null,
        "EntityHandle": null,
        "Text": null,
        "ogr_style": "PEN(c:#000000)",
        "font": null,
        "angle": null,
        "size": null,
        "size_u": null,
        "anchor": null,
        "color": "#000000",
        "underline": null,
        "plaintext": null,
        "fcolor": null,
        "flnum": null,
        "bold": null,
        "italic": null,
        "dx": null,
        "dx_u": null,
        "dy": null,
        "dy_u": null
      },
      "geometry": {
        "type": "MultiPolygon",
        "coordinates": [
          [
            [
              [
                131.883749,
                43.116289
              ],
              [
                131.883846,
                43.11627
              ],
              [
                131.883899,
                43.11643
              ],
              [
                131.883919,
                43.116618
              ],
              [
                131.883913,
                43.116618
              ],
              [
                131.883919,
                43.116636
              ],
              [
                131.883908,
                43.116647
              ],
              [
                131.883889,
                43.116652
              ],
              [
                131.88388,
                43.116646
              ],
              [
                131.883874,
                43.116652
              ],
              [
                131.883749,
                43.116289
              ]
            ]
          ]
        ]
      }
    },
    {
      "type": "Feature",
      "properties": {
        "fid": 140,
        "Layer": "LINES",
        "PaperSpace": null,
        "SubClasses": null,
        "Linetype": null,
        "EntityHandle": null,
        "Text": null,
        "ogr_style": "PEN(c:#000000)",
        "font": null,
        "angle": null,
        "size": null,
        "size_u": null,
        "anchor": null,
        "color": "#000000",
        "underline": null,
        "plaintext": null,
        "fcolor": null,
        "flnum": null,
        "bold": null,
        "italic": null,
        "dx": null,
        "dx_u": null,
        "dy": null,
        "dy_u": null
      },
      "geometry": {
        "type": "MultiPolygon",
        "coordinates": [
          [
            [
              [
                131.883487,
                43.116338
              ],
              [
                131.883719,
                43.116289
              ],
              [
                131.883721,
                43.116294
              ],
              [
                131.883749,
                43.116289
              ],
              [
                131.883874,
                43.116652
              ],
              [
                131.883853,
                43.116672
              ],
              [
                131.883901,
                43.116806
              ],
              [
                131.883662,
                43.116853
              ],
              [
                131.883487,
                43.116338
              ]
            ]
          ]
        ]
      }
    },
    {
      "type": "Feature",
      "properties": {
        "fid": 141,
        "Layer": "LINES",
        "PaperSpace": null,
        "SubClasses": null,
        "Linetype": null,
        "EntityHandle": null,
        "Text": null,
        "ogr_style": "PEN(c:#000000)",
        "font": null,
        "angle": null,
        "size": null,
        "size_u": null,
        "anchor": null,
        "color": "#000000",
        "underline": null,
        "plaintext": null,
        "fcolor": null,
        "flnum": null,
        "bold": null,
        "italic": null,
        "dx": null,
        "dx_u": null,
        "dy": null,
        "dy_u": null
      },
      "geometry": {
        "type": "MultiPolygon",
        "coordinates": [
          [
            [
              [
                131.883363,
                43.116478
              ],
              [
                131.883408,
                43.116608
              ],
              [
                131.883413,
                43.116607
              ],
              [
                131.883415,
                43.116614
              ],
              [
                131.88329,
                43.116635
              ],
              [
                131.883196,
                43.11639
              ],
              [
                131.883484,
                43.116334
              ],
              [
                131.883524,
                43.116449
              ],
              [
                131.883485,
                43.116457
              ],
              [
                131.883489,
                43.116467
              ],
              [
                131.883442,
                43.116476
              ],
              [
                131.883438,
                43.116464
              ],
              [
                131.883363,
                43.116478
              ]
            ]
          ]
        ]
      }
    },
    {
      "type": "Feature",
      "properties": {
        "fid": 142,
        "Layer": "LINES",
        "PaperSpace": null,
        "SubClasses": null,
        "Linetype": null,
        "EntityHandle": null,
        "Text": null,
        "ogr_style": "PEN(c:#000000)",
        "font": null,
        "angle": null,
        "size": null,
        "size_u": null,
        "anchor": null,
        "color": "#000000",
        "underline": null,
        "plaintext": null,
        "fcolor": null,
        "flnum": null,
        "bold": null,
        "italic": null,
        "dx": null,
        "dx_u": null,
        "dy": null,
        "dy_u": null
      },
      "geometry": {
        "type": "MultiPolygon",
        "coordinates": [
          [
            [
              [
                131.881694,
                43.116323
              ],
              [
                131.881831,
                43.116296
              ],
              [
                131.881828,
                43.116286
              ],
              [
                131.881877,
                43.116276
              ],
              [
                131.881881,
                43.116287
              ],
              [
                131.88192,
                43.11628
              ],
              [
                131.882035,
                43.116258
              ],
              [
                131.882028,
                43.116238
              ],
              [
                131.882079,
                43.116226
              ],
              [
                131.882067,
                43.116198
              ],
              [
                131.882037,
                43.116203
              ],
              [
                131.882029,
                43.11618
              ],
              [
                131.882031,
                43.11618
              ],
              [
                131.882006,
                43.116109
              ],
              [
                131.881981,
                43.116114
              ],
              [
                131.881967,
                43.116076
              ],
              [
                131.882202,
                43.116029
              ],
              [
                131.882292,
                43.11628
              ],
              [
                131.882296,
                43.116279
              ],
              [
                131.882312,
                43.116325
              ],
              [
                131.882306,
                43.116326
              ],
              [
                131.88231,
                43.116337
              ],
              [
                131.882296,
                43.116357
              ],
              [
                131.882277,
                43.11636
              ],
              [
                131.882277,
                43.116364
              ],
              [
                131.882216,
                43.116376
              ],
              [
                131.882215,
                43.116372
              ],
              [
                131.881748,
                43.116463
              ],
              [
                131.88175,
                43.116469
              ],
              [
                131.881697,
                43.116479
              ],
              [
                131.881638,
                43.116315
              ],
              [
                131.881688,
                43.116304
              ],
              [
                131.881694,
                43.116323
              ]
            ]
          ]
        ]
      }
    },
    {
      "type": "Feature",
      "properties": {
        "fid": 143,
        "Layer": "LINES",
        "PaperSpace": null,
        "SubClasses": null,
        "Linetype": null,
        "EntityHandle": null,
        "Text": null,
        "ogr_style": "PEN(c:#000000)",
        "font": null,
        "angle": null,
        "size": null,
        "size_u": null,
        "anchor": null,
        "color": "#000000",
        "underline": null,
        "plaintext": null,
        "fcolor": null,
        "flnum": null,
        "bold": null,
        "italic": null,
        "dx": null,
        "dx_u": null,
        "dy": null,
        "dy_u": null
      },
      "geometry": {
        "type": "MultiPolygon",
        "coordinates": [
          [
            [
              [
                131.881342,
                43.116194
              ],
              [
                131.881571,
                43.116152
              ],
              [
                131.881617,
                43.116276
              ],
              [
                131.881388,
                43.116319
              ],
              [
                131.881342,
                43.116194
              ]
            ]
          ]
        ]
      }
    },
    {
      "type": "Feature",
      "properties": {
        "fid": 144,
        "Layer": "LINES",
        "PaperSpace": null,
        "SubClasses": null,
        "Linetype": null,
        "EntityHandle": null,
        "Text": null,
        "ogr_style": "PEN(c:#000000)",
        "font": null,
        "angle": null,
        "size": null,
        "size_u": null,
        "anchor": null,
        "color": "#000000",
        "underline": null,
        "plaintext": null,
        "fcolor": null,
        "flnum": null,
        "bold": null,
        "italic": null,
        "dx": null,
        "dx_u": null,
        "dy": null,
        "dy_u": null
      },
      "geometry": {
        "type": "MultiPolygon",
        "coordinates": [
          [
            [
              [
                131.881412,
                43.116386
              ],
              [
                131.881592,
                43.116352
              ],
              [
                131.881609,
                43.116359
              ],
              [
                131.881649,
                43.116485
              ],
              [
                131.881508,
                43.116513
              ],
              [
                131.881509,
                43.116515
              ],
              [
                131.881462,
                43.116526
              ],
              [
                131.881412,
                43.116386
              ]
            ]
          ]
        ]
      }
    },
    {
      "type": "Feature",
      "properties": {
        "fid": 145,
        "Layer": "LINES",
        "PaperSpace": null,
        "SubClasses": null,
        "Linetype": null,
        "EntityHandle": null,
        "Text": null,
        "ogr_style": "PEN(c:#000000)",
        "font": null,
        "angle": null,
        "size": null,
        "size_u": null,
        "anchor": null,
        "color": "#000000",
        "underline": null,
        "plaintext": null,
        "fcolor": null,
        "flnum": null,
        "bold": null,
        "italic": null,
        "dx": null,
        "dx_u": null,
        "dy": null,
        "dy_u": null
      },
      "geometry": {
        "type": "MultiPolygon",
        "coordinates": [
          [
            [
              [
                131.881234,
                43.11641
              ],
              [
                131.88124,
                43.1164
              ],
              [
                131.881284,
                43.116393
              ],
              [
                131.881287,
                43.116402
              ],
              [
                131.881325,
                43.116395
              ],
              [
                131.881341,
                43.116375
              ],
              [
                131.881339,
                43.116364
              ],
              [
                131.881316,
                43.116356
              ],
              [
                131.881302,
                43.116308
              ],
              [
                131.881317,
                43.116294
              ],
              [
                131.881334,
                43.116292
              ],
              [
                131.881319,
                43.116248
              ],
              [
                131.881305,
                43.116251
              ],
              [
                131.88131,
                43.116264
              ],
              [
                131.881297,
                43.116279
              ],
              [
                131.881198,
                43.116299
              ],
              [
                131.8812,
                43.116305
              ],
              [
                131.88116,
                43.116312
              ],
              [
                131.881135,
                43.116244
              ],
              [
                131.881345,
                43.116204
              ],
              [
                131.881457,
                43.116526
              ],
              [
                131.881253,
                43.116565
              ],
              [
                131.8812,
                43.116415
              ],
              [
                131.881234,
                43.11641
              ]
            ]
          ]
        ]
      }
    },
    {
      "type": "Feature",
      "properties": {
        "fid": 146,
        "Layer": "LINES",
        "PaperSpace": null,
        "SubClasses": null,
        "Linetype": null,
        "EntityHandle": null,
        "Text": null,
        "ogr_style": "PEN(c:#000000)",
        "font": null,
        "angle": null,
        "size": null,
        "size_u": null,
        "anchor": null,
        "color": "#000000",
        "underline": null,
        "plaintext": null,
        "fcolor": null,
        "flnum": null,
        "bold": null,
        "italic": null,
        "dx": null,
        "dx_u": null,
        "dy": null,
        "dy_u": null
      },
      "geometry": {
        "type": "MultiPolygon",
        "coordinates": [
          [
            [
              [
                131.880965,
                43.116351
              ],
              [
                131.880939,
                43.116279
              ],
              [
                131.881135,
                43.116244
              ],
              [
                131.88116,
                43.116312
              ],
              [
                131.881068,
                43.116331
              ],
              [
                131.881106,
                43.116432
              ],
              [
                131.881001,
                43.116452
              ],
              [
                131.880965,
                43.116351
              ]
            ]
          ]
        ]
      }
    },
    {
      "type": "Feature",
      "properties": {
        "fid": 147,
        "Layer": "LINES",
        "PaperSpace": null,
        "SubClasses": null,
        "Linetype": null,
        "EntityHandle": null,
        "Text": null,
        "ogr_style": "PEN(c:#000000)",
        "font": null,
        "angle": null,
        "size": null,
        "size_u": null,
        "anchor": null,
        "color": "#000000",
        "underline": null,
        "plaintext": null,
        "fcolor": null,
        "flnum": null,
        "bold": null,
        "italic": null,
        "dx": null,
        "dx_u": null,
        "dy": null,
        "dy_u": null
      },
      "geometry": {
        "type": "MultiPolygon",
        "coordinates": [
          [
            [
              [
                131.881084,
                43.116601
              ],
              [
                131.881043,
                43.116583
              ],
              [
                131.881048,
                43.116579
              ],
              [
                131.88102,
                43.116503
              ],
              [
                131.881013,
                43.116504
              ],
              [
                131.880999,
                43.116466
              ],
              [
                131.881006,
                43.116465
              ],
              [
                131.881001,
                43.116452
              ],
              [
                131.881197,
                43.116414
              ],
              [
                131.881253,
                43.116565
              ],
              [
                131.881087,
                43.116596
              ],
              [
                131.881084,
                43.116601
              ]
            ]
          ]
        ]
      }
    },
    {
      "type": "Feature",
      "properties": {
        "fid": 148,
        "Layer": "LINES",
        "PaperSpace": null,
        "SubClasses": null,
        "Linetype": null,
        "EntityHandle": null,
        "Text": null,
        "ogr_style": "PEN(c:#000000)",
        "font": null,
        "angle": null,
        "size": null,
        "size_u": null,
        "anchor": null,
        "color": "#000000",
        "underline": null,
        "plaintext": null,
        "fcolor": null,
        "flnum": null,
        "bold": null,
        "italic": null,
        "dx": null,
        "dx_u": null,
        "dy": null,
        "dy_u": null
      },
      "geometry": {
        "type": "MultiPolygon",
        "coordinates": [
          [
            [
              [
                131.880498,
                43.116707
              ],
              [
                131.880356,
                43.116735
              ],
              [
                131.880361,
                43.116747
              ],
              [
                131.880333,
                43.116752
              ],
              [
                131.880328,
                43.116736
              ],
              [
                131.880223,
                43.116758
              ],
              [
                131.88023,
                43.116774
              ],
              [
                131.880137,
                43.116792
              ],
              [
                131.880082,
                43.116643
              ],
              [
                131.880141,
                43.116631
              ],
              [
                131.880146,
                43.116646
              ],
              [
                131.880324,
                43.116611
              ],
              [
                131.880323,
                43.116606
              ],
              [
                131.880378,
                43.116595
              ],
              [
                131.88038,
                43.116601
              ],
              [
                131.880573,
                43.116563
              ],
              [
                131.880591,
                43.116573
              ],
              [
                131.880625,
                43.116538
              ],
              [
                131.880613,
                43.116509
              ],
              [
                131.880713,
                43.116489
              ],
              [
                131.880719,
                43.116519
              ],
              [
                131.880738,
                43.116574
              ],
              [
                131.880745,
                43.116573
              ],
              [
                131.880773,
                43.116653
              ],
              [
                131.880647,
                43.116678
              ],
              [
                131.880646,
                43.116675
              ],
              [
                131.880497,
                43.116704
              ],
              [
                131.880498,
                43.116707
              ]
            ]
          ]
        ]
      }
    },
    {
      "type": "Feature",
      "properties": {
        "fid": 149,
        "Layer": "LINES",
        "PaperSpace": null,
        "SubClasses": null,
        "Linetype": null,
        "EntityHandle": null,
        "Text": null,
        "ogr_style": "PEN(c:#000000)",
        "font": null,
        "angle": null,
        "size": null,
        "size_u": null,
        "anchor": null,
        "color": "#000000",
        "underline": null,
        "plaintext": null,
        "fcolor": null,
        "flnum": null,
        "bold": null,
        "italic": null,
        "dx": null,
        "dx_u": null,
        "dy": null,
        "dy_u": null
      },
      "geometry": {
        "type": "MultiPolygon",
        "coordinates": [
          [
            [
              [
                131.882075,
                43.116718
              ],
              [
                131.881874,
                43.116759
              ],
              [
                131.881829,
                43.116643
              ],
              [
                131.881872,
                43.116634
              ],
              [
                131.881874,
                43.116639
              ],
              [
                131.882032,
                43.116606
              ],
              [
                131.88203,
                43.116602
              ],
              [
                131.882074,
                43.116593
              ],
              [
                131.882076,
                43.116599
              ],
              [
                131.882235,
                43.116567
              ],
              [
                131.882233,
                43.116562
              ],
              [
                131.882303,
                43.116549
              ],
              [
                131.882305,
                43.116553
              ],
              [
                131.88237,
                43.11654
              ],
              [
                131.882391,
                43.116549
              ],
              [
                131.882444,
                43.11669
              ],
              [
                131.882289,
                43.116721
              ],
              [
                131.882278,
                43.116687
              ],
              [
                131.882264,
                43.11668
              ],
              [
                131.882119,
                43.116709
              ],
              [
                131.882123,
                43.116718
              ],
              [
                131.882079,
                43.116727
              ],
              [
                131.882075,
                43.116718
              ]
            ]
          ]
        ]
      }
    },
    {
      "type": "Feature",
      "properties": {
        "fid": 150,
        "Layer": "LINES",
        "PaperSpace": null,
        "SubClasses": null,
        "Linetype": null,
        "EntityHandle": null,
        "Text": null,
        "ogr_style": "PEN(c:#000000)",
        "font": null,
        "angle": null,
        "size": null,
        "size_u": null,
        "anchor": null,
        "color": "#000000",
        "underline": null,
        "plaintext": null,
        "fcolor": null,
        "flnum": null,
        "bold": null,
        "italic": null,
        "dx": null,
        "dx_u": null,
        "dy": null,
        "dy_u": null
      },
      "geometry": {
        "type": "MultiPolygon",
        "coordinates": [
          [
            [
              [
                131.881402,
                43.116833
              ],
              [
                131.8813,
                43.116849
              ],
              [
                131.88127,
                43.116758
              ],
              [
                131.881481,
                43.116722
              ],
              [
                131.881519,
                43.116842
              ],
              [
                131.88141,
                43.11686
              ],
              [
                131.881402,
                43.116833
              ]
            ]
          ]
        ]
      }
    },
    {
      "type": "Feature",
      "properties": {
        "fid": 151,
        "Layer": "LINES",
        "PaperSpace": null,
        "SubClasses": null,
        "Linetype": null,
        "EntityHandle": null,
        "Text": null,
        "ogr_style": "PEN(c:#000000)",
        "font": null,
        "angle": null,
        "size": null,
        "size_u": null,
        "anchor": null,
        "color": "#000000",
        "underline": null,
        "plaintext": null,
        "fcolor": null,
        "flnum": null,
        "bold": null,
        "italic": null,
        "dx": null,
        "dx_u": null,
        "dy": null,
        "dy_u": null
      },
      "geometry": {
        "type": "MultiPolygon",
        "coordinates": [
          [
            [
              [
                131.880857,
                43.117334
              ],
              [
                131.880545,
                43.117391
              ],
              [
                131.880524,
                43.117322
              ],
              [
                131.88078,
                43.11727
              ],
              [
                131.880767,
                43.117237
              ],
              [
                131.88072,
                43.117247
              ],
              [
                131.880653,
                43.117073
              ],
              [
                131.8807,
                43.117063
              ],
              [
                131.880685,
                43.117025
              ],
              [
                131.880741,
                43.117012
              ],
              [
                131.880857,
                43.117334
              ]
            ]
          ]
        ]
      }
    },
    {
      "type": "Feature",
      "properties": {
        "fid": 152,
        "Layer": "LINES",
        "PaperSpace": null,
        "SubClasses": null,
        "Linetype": null,
        "EntityHandle": null,
        "Text": null,
        "ogr_style": "PEN(c:#000000)",
        "font": null,
        "angle": null,
        "size": null,
        "size_u": null,
        "anchor": null,
        "color": "#000000",
        "underline": null,
        "plaintext": null,
        "fcolor": null,
        "flnum": null,
        "bold": null,
        "italic": null,
        "dx": null,
        "dx_u": null,
        "dy": null,
        "dy_u": null
      },
      "geometry": {
        "type": "MultiPolygon",
        "coordinates": [
          [
            [
              [
                131.880741,
                43.117012
              ],
              [
                131.880682,
                43.117023
              ],
              [
                131.880692,
                43.11705
              ],
              [
                131.880535,
                43.117082
              ],
              [
                131.880525,
                43.117058
              ],
              [
                131.880452,
                43.117073
              ],
              [
                131.880398,
                43.116929
              ],
              [
                131.880693,
                43.116874
              ],
              [
                131.880741,
                43.117012
              ]
            ]
          ]
        ]
      }
    },
    {
      "type": "Feature",
      "properties": {
        "fid": 153,
        "Layer": "LINES",
        "PaperSpace": null,
        "SubClasses": null,
        "Linetype": null,
        "EntityHandle": null,
        "Text": null,
        "ogr_style": "PEN(c:#000000)",
        "font": null,
        "angle": null,
        "size": null,
        "size_u": null,
        "anchor": null,
        "color": "#000000",
        "underline": null,
        "plaintext": null,
        "fcolor": null,
        "flnum": null,
        "bold": null,
        "italic": null,
        "dx": null,
        "dx_u": null,
        "dy": null,
        "dy_u": null
      },
      "geometry": {
        "type": "MultiPolygon",
        "coordinates": [
          [
            [
              [
                131.88122,
                43.116934
              ],
              [
                131.88084,
                43.117006
              ],
              [
                131.880693,
                43.116874
              ],
              [
                131.88127,
                43.116758
              ],
              [
                131.881278,
                43.116781
              ],
              [
                131.881268,
                43.116783
              ],
              [
                131.88142,
                43.117212
              ],
              [
                131.880883,
                43.117319
              ],
              [
                131.880874,
                43.117291
              ],
              [
                131.880844,
                43.117296
              ],
              [
                131.880693,
                43.116874
              ],
              [
                131.88084,
                43.117006
              ],
              [
                131.88092,
                43.117249
              ],
              [
                131.880985,
                43.117237
              ],
              [
                131.880972,
                43.117197
              ],
              [
                131.880988,
                43.11716
              ],
              [
                131.881202,
                43.117121
              ],
              [
                131.88123,
                43.117144
              ],
              [
                131.881244,
                43.117185
              ],
              [
                131.881306,
                43.117173
              ],
              [
                131.88122,
                43.116934
              ]
            ]
          ]
        ]
      }
    },
    {
      "type": "Feature",
      "properties": {
        "fid": 154,
        "Layer": "LINES",
        "PaperSpace": null,
        "SubClasses": null,
        "Linetype": null,
        "EntityHandle": null,
        "Text": null,
        "ogr_style": "PEN(c:#000000)",
        "font": null,
        "angle": null,
        "size": null,
        "size_u": null,
        "anchor": null,
        "color": "#000000",
        "underline": null,
        "plaintext": null,
        "fcolor": null,
        "flnum": null,
        "bold": null,
        "italic": null,
        "dx": null,
        "dx_u": null,
        "dy": null,
        "dy_u": null
      },
      "geometry": {
        "type": "MultiPolygon",
        "coordinates": [
          [
            [
              [
                131.878482,
                43.117079
              ],
              [
                131.878367,
                43.1171
              ],
              [
                131.878323,
                43.116958
              ],
              [
                131.87855,
                43.116917
              ],
              [
                131.878562,
                43.11695
              ],
              [
                131.878685,
                43.116926
              ],
              [
                131.878722,
                43.117031
              ],
              [
                131.878554,
                43.117062
              ],
              [
                131.878561,
                43.117077
              ],
              [
                131.878487,
                43.117093
              ],
              [
                131.878482,
                43.117079
              ]
            ]
          ]
        ]
      }
    },
    {
      "type": "Feature",
      "properties": {
        "fid": 155,
        "Layer": "LINES",
        "PaperSpace": null,
        "SubClasses": null,
        "Linetype": null,
        "EntityHandle": null,
        "Text": null,
        "ogr_style": "PEN(c:#000000)",
        "font": null,
        "angle": null,
        "size": null,
        "size_u": null,
        "anchor": null,
        "color": "#000000",
        "underline": null,
        "plaintext": null,
        "fcolor": null,
        "flnum": null,
        "bold": null,
        "italic": null,
        "dx": null,
        "dx_u": null,
        "dy": null,
        "dy_u": null
      },
      "geometry": {
        "type": "MultiPolygon",
        "coordinates": [
          [
            [
              [
                131.87987,
                43.117329
              ],
              [
                131.879674,
                43.117367
              ],
              [
                131.879654,
                43.117309
              ],
              [
                131.87957,
                43.117077
              ],
              [
                131.880137,
                43.116978
              ],
              [
                131.880187,
                43.117126
              ],
              [
                131.879999,
                43.117161
              ],
              [
                131.880027,
                43.117244
              ],
              [
                131.879852,
                43.117276
              ],
              [
                131.87987,
                43.117329
              ]
            ]
          ]
        ]
      }
    },
    {
      "type": "Feature",
      "properties": {
        "fid": 156,
        "Layer": "LINES",
        "PaperSpace": null,
        "SubClasses": null,
        "Linetype": null,
        "EntityHandle": null,
        "Text": null,
        "ogr_style": "PEN(c:#000000)",
        "font": null,
        "angle": null,
        "size": null,
        "size_u": null,
        "anchor": null,
        "color": "#000000",
        "underline": null,
        "plaintext": null,
        "fcolor": null,
        "flnum": null,
        "bold": null,
        "italic": null,
        "dx": null,
        "dx_u": null,
        "dy": null,
        "dy_u": null
      },
      "geometry": {
        "type": "MultiPolygon",
        "coordinates": [
          [
            [
              [
                131.888655,
                43.115056
              ],
              [
                131.888606,
                43.114948
              ],
              [
                131.888704,
                43.114948
              ],
              [
                131.888655,
                43.115056
              ]
            ]
          ]
        ]
      }
    },
    {
      "type": "Feature",
      "properties": {
        "fid": 157,
        "Layer": "LINES",
        "PaperSpace": null,
        "SubClasses": null,
        "Linetype": null,
        "EntityHandle": null,
        "Text": null,
        "ogr_style": "PEN(c:#000000)",
        "font": null,
        "angle": null,
        "size": null,
        "size_u": null,
        "anchor": null,
        "color": "#000000",
        "underline": null,
        "plaintext": null,
        "fcolor": null,
        "flnum": null,
        "bold": null,
        "italic": null,
        "dx": null,
        "dx_u": null,
        "dy": null,
        "dy_u": null
      },
      "geometry": {
        "type": "MultiPolygon",
        "coordinates": [
          [
            [
              [
                131.885071,
                43.118496
              ],
              [
                131.885074,
                43.118506
              ],
              [
                131.885116,
                43.118498
              ],
              [
                131.885113,
                43.118489
              ],
              [
                131.885194,
                43.118475
              ],
              [
                131.885202,
                43.118509
              ],
              [
                131.885249,
                43.118501
              ],
              [
                131.885243,
                43.118482
              ],
              [
                131.885369,
                43.118461
              ],
              [
                131.885339,
                43.118348
              ],
              [
                131.884956,
                43.118408
              ],
              [
                131.88499,
                43.11851
              ],
              [
                131.885071,
                43.118496
              ]
            ]
          ]
        ]
      }
    },
    {
      "type": "Feature",
      "properties": {
        "fid": 158,
        "Layer": "LINES",
        "PaperSpace": null,
        "SubClasses": null,
        "Linetype": null,
        "EntityHandle": null,
        "Text": null,
        "ogr_style": "PEN(c:#000000)",
        "font": null,
        "angle": null,
        "size": null,
        "size_u": null,
        "anchor": null,
        "color": "#000000",
        "underline": null,
        "plaintext": null,
        "fcolor": null,
        "flnum": null,
        "bold": null,
        "italic": null,
        "dx": null,
        "dx_u": null,
        "dy": null,
        "dy_u": null
      },
      "geometry": {
        "type": "MultiPolygon",
        "coordinates": [
          [
            [
              [
                131.884634,
                43.118513
              ],
              [
                131.884876,
                43.118465
              ],
              [
                131.88488,
                43.118474
              ],
              [
                131.884972,
                43.118457
              ],
              [
                131.88499,
                43.11851
              ],
              [
                131.88494,
                43.118519
              ],
              [
                131.884956,
                43.118567
              ],
              [
                131.884673,
                43.118623
              ],
              [
                131.884634,
                43.118513
              ]
            ]
          ]
        ]
      }
    },
    {
      "type": "Feature",
      "properties": {
        "fid": 159,
        "Layer": "LINES",
        "PaperSpace": null,
        "SubClasses": null,
        "Linetype": null,
        "EntityHandle": null,
        "Text": null,
        "ogr_style": "PEN(c:#000000)",
        "font": null,
        "angle": null,
        "size": null,
        "size_u": null,
        "anchor": null,
        "color": "#000000",
        "underline": null,
        "plaintext": null,
        "fcolor": null,
        "flnum": null,
        "bold": null,
        "italic": null,
        "dx": null,
        "dx_u": null,
        "dy": null,
        "dy_u": null
      },
      "geometry": {
        "type": "MultiPolygon",
        "coordinates": [
          [
            [
              [
                131.881998,
                43.118803
              ],
              [
                131.881956,
                43.118684
              ],
              [
                131.881991,
                43.118678
              ],
              [
                131.88213,
                43.118652
              ],
              [
                131.882258,
                43.118629
              ],
              [
                131.882299,
                43.118746
              ],
              [
                131.881998,
                43.118803
              ]
            ]
          ]
        ]
      }
    },
    {
      "type": "Feature",
      "properties": {
        "fid": 160,
        "Layer": "LINES",
        "PaperSpace": null,
        "SubClasses": null,
        "Linetype": null,
        "EntityHandle": null,
        "Text": null,
        "ogr_style": "PEN(c:#000000)",
        "font": null,
        "angle": null,
        "size": null,
        "size_u": null,
        "anchor": null,
        "color": "#000000",
        "underline": null,
        "plaintext": null,
        "fcolor": null,
        "flnum": null,
        "bold": null,
        "italic": null,
        "dx": null,
        "dx_u": null,
        "dy": null,
        "dy_u": null
      },
      "geometry": {
        "type": "MultiPolygon",
        "coordinates": [
          [
            [
              [
                131.881318,
                43.118815
              ],
              [
                131.881289,
                43.118722
              ],
              [
                131.8813,
                43.11872
              ],
              [
                131.881259,
                43.118595
              ],
              [
                131.881364,
                43.118577
              ],
              [
                131.881435,
                43.118792
              ],
              [
                131.881318,
                43.118815
              ]
            ]
          ]
        ]
      }
    },
    {
      "type": "Feature",
      "properties": {
        "fid": 161,
        "Layer": "LINES",
        "PaperSpace": null,
        "SubClasses": null,
        "Linetype": null,
        "EntityHandle": null,
        "Text": null,
        "ogr_style": "PEN(c:#000000)",
        "font": null,
        "angle": null,
        "size": null,
        "size_u": null,
        "anchor": null,
        "color": "#000000",
        "underline": null,
        "plaintext": null,
        "fcolor": null,
        "flnum": null,
        "bold": null,
        "italic": null,
        "dx": null,
        "dx_u": null,
        "dy": null,
        "dy_u": null
      },
      "geometry": {
        "type": "MultiPolygon",
        "coordinates": [
          [
            [
              [
                131.882053,
                43.119394
              ],
              [
                131.882021,
                43.119321
              ],
              [
                131.882196,
                43.119277
              ],
              [
                131.882229,
                43.119353
              ],
              [
                131.882053,
                43.119394
              ]
            ]
          ]
        ]
      }
    },
    {
      "type": "Feature",
      "properties": {
        "fid": 162,
        "Layer": "LINES",
        "PaperSpace": null,
        "SubClasses": null,
        "Linetype": null,
        "EntityHandle": null,
        "Text": null,
        "ogr_style": "PEN(c:#000000)",
        "font": null,
        "angle": null,
        "size": null,
        "size_u": null,
        "anchor": null,
        "color": "#000000",
        "underline": null,
        "plaintext": null,
        "fcolor": null,
        "flnum": null,
        "bold": null,
        "italic": null,
        "dx": null,
        "dx_u": null,
        "dy": null,
        "dy_u": null
      },
      "geometry": {
        "type": "MultiPolygon",
        "coordinates": [
          [
            [
              [
                131.882156,
                43.119594
              ],
              [
                131.8821,
                43.119446
              ],
              [
                131.882242,
                43.119417
              ],
              [
                131.882298,
                43.119565
              ],
              [
                131.882156,
                43.119594
              ]
            ]
          ]
        ]
      }
    },
    {
      "type": "Feature",
      "properties": {
        "fid": 163,
        "Layer": "LINES",
        "PaperSpace": null,
        "SubClasses": null,
        "Linetype": null,
        "EntityHandle": null,
        "Text": null,
        "ogr_style": "PEN(c:#000000)",
        "font": null,
        "angle": null,
        "size": null,
        "size_u": null,
        "anchor": null,
        "color": "#000000",
        "underline": null,
        "plaintext": null,
        "fcolor": null,
        "flnum": null,
        "bold": null,
        "italic": null,
        "dx": null,
        "dx_u": null,
        "dy": null,
        "dy_u": null
      },
      "geometry": {
        "type": "MultiPolygon",
        "coordinates": [
          [
            [
              [
                131.881934,
                43.119386
              ],
              [
                131.881992,
                43.119517
              ],
              [
                131.882065,
                43.1195
              ],
              [
                131.88214,
                43.119676
              ],
              [
                131.881931,
                43.119728
              ],
              [
                131.881757,
                43.119335
              ],
              [
                131.881922,
                43.119294
              ],
              [
                131.881959,
                43.119379
              ],
              [
                131.881934,
                43.119386
              ]
            ]
          ]
        ]
      }
    },
    {
      "type": "Feature",
      "properties": {
        "fid": 164,
        "Layer": "LINES",
        "PaperSpace": null,
        "SubClasses": null,
        "Linetype": null,
        "EntityHandle": null,
        "Text": null,
        "ogr_style": "PEN(c:#000000)",
        "font": null,
        "angle": null,
        "size": null,
        "size_u": null,
        "anchor": null,
        "color": "#000000",
        "underline": null,
        "plaintext": null,
        "fcolor": null,
        "flnum": null,
        "bold": null,
        "italic": null,
        "dx": null,
        "dx_u": null,
        "dy": null,
        "dy_u": null
      },
      "geometry": {
        "type": "MultiPolygon",
        "coordinates": [
          [
            [
              [
                131.91499,
                43.114296
              ],
              [
                131.914782,
                43.11434
              ],
              [
                131.914814,
                43.114428
              ],
              [
                131.915024,
                43.114383
              ],
              [
                131.91499,
                43.114296
              ]
            ]
          ]
        ]
      }
    },
    {
      "type": "Feature",
      "properties": {
        "fid": 165,
        "Layer": "LINES",
        "PaperSpace": null,
        "SubClasses": null,
        "Linetype": null,
        "EntityHandle": null,
        "Text": null,
        "ogr_style": "PEN(c:#000000)",
        "font": null,
        "angle": null,
        "size": null,
        "size_u": null,
        "anchor": null,
        "color": "#000000",
        "underline": null,
        "plaintext": null,
        "fcolor": null,
        "flnum": null,
        "bold": null,
        "italic": null,
        "dx": null,
        "dx_u": null,
        "dy": null,
        "dy_u": null
      },
      "geometry": {
        "type": "MultiPolygon",
        "coordinates": [
          [
            [
              [
                131.914362,
                43.114355
              ],
              [
                131.914187,
                43.114393
              ],
              [
                131.914219,
                43.114475
              ],
              [
                131.91439,
                43.114436
              ],
              [
                131.914362,
                43.114355
              ]
            ]
          ]
        ]
      }
    },
    {
      "type": "Feature",
      "properties": {
        "fid": 166,
        "Layer": "LINES",
        "PaperSpace": null,
        "SubClasses": null,
        "Linetype": null,
        "EntityHandle": null,
        "Text": null,
        "ogr_style": "PEN(c:#000000)",
        "font": null,
        "angle": null,
        "size": null,
        "size_u": null,
        "anchor": null,
        "color": "#000000",
        "underline": null,
        "plaintext": null,
        "fcolor": null,
        "flnum": null,
        "bold": null,
        "italic": null,
        "dx": null,
        "dx_u": null,
        "dy": null,
        "dy_u": null
      },
      "geometry": {
        "type": "MultiPolygon",
        "coordinates": [
          [
            [
              [
                131.914149,
                43.114384
              ],
              [
                131.914014,
                43.114412
              ],
              [
                131.914042,
                43.114485
              ],
              [
                131.914085,
                43.114476
              ],
              [
                131.914124,
                43.114579
              ],
              [
                131.914217,
                43.114559
              ],
              [
                131.914177,
                43.114457
              ],
              [
                131.914149,
                43.114384
              ]
            ]
          ]
        ]
      }
    },
    {
      "type": "Feature",
      "properties": {
        "fid": 167,
        "Layer": "LINES",
        "PaperSpace": null,
        "SubClasses": null,
        "Linetype": null,
        "EntityHandle": null,
        "Text": null,
        "ogr_style": "PEN(c:#000000)",
        "font": null,
        "angle": null,
        "size": null,
        "size_u": null,
        "anchor": null,
        "color": "#000000",
        "underline": null,
        "plaintext": null,
        "fcolor": null,
        "flnum": null,
        "bold": null,
        "italic": null,
        "dx": null,
        "dx_u": null,
        "dy": null,
        "dy_u": null
      },
      "geometry": {
        "type": "MultiPolygon",
        "coordinates": [
          [
            [
              [
                131.90983,
                43.11562
              ],
              [
                131.909975,
                43.115582
              ],
              [
                131.909933,
                43.115497
              ],
              [
                131.909652,
                43.115573
              ],
              [
                131.909686,
                43.115638
              ],
              [
                131.909626,
                43.115653
              ],
              [
                131.90967,
                43.115745
              ],
              [
                131.909731,
                43.115731
              ],
              [
                131.909715,
                43.115696
              ],
              [
                131.90985,
                43.115661
              ],
              [
                131.90983,
                43.11562
              ]
            ]
          ]
        ]
      }
    },
    {
      "type": "Feature",
      "properties": {
        "fid": 168,
        "Layer": "LINES",
        "PaperSpace": null,
        "SubClasses": null,
        "Linetype": null,
        "EntityHandle": null,
        "Text": null,
        "ogr_style": "PEN(c:#000000)",
        "font": null,
        "angle": null,
        "size": null,
        "size_u": null,
        "anchor": null,
        "color": "#000000",
        "underline": null,
        "plaintext": null,
        "fcolor": null,
        "flnum": null,
        "bold": null,
        "italic": null,
        "dx": null,
        "dx_u": null,
        "dy": null,
        "dy_u": null
      },
      "geometry": {
        "type": "MultiPolygon",
        "coordinates": [
          [
            [
              [
                131.909845,
                43.115888
              ],
              [
                131.910088,
                43.115836
              ],
              [
                131.910052,
                43.115752
              ],
              [
                131.90981,
                43.115804
              ],
              [
                131.909845,
                43.115888
              ]
            ]
          ]
        ]
      }
    },
    {
      "type": "Feature",
      "properties": {
        "fid": 169,
        "Layer": "LINES",
        "PaperSpace": null,
        "SubClasses": null,
        "Linetype": null,
        "EntityHandle": null,
        "Text": null,
        "ogr_style": "PEN(c:#000000)",
        "font": null,
        "angle": null,
        "size": null,
        "size_u": null,
        "anchor": null,
        "color": "#000000",
        "underline": null,
        "plaintext": null,
        "fcolor": null,
        "flnum": null,
        "bold": null,
        "italic": null,
        "dx": null,
        "dx_u": null,
        "dy": null,
        "dy_u": null
      },
      "geometry": {
        "type": "MultiPolygon",
        "coordinates": [
          [
            [
              [
                131.903373,
                43.116773
              ],
              [
                131.903465,
                43.116621
              ],
              [
                131.90355,
                43.116648
              ],
              [
                131.903547,
                43.116653
              ],
              [
                131.903745,
                43.116717
              ],
              [
                131.903749,
                43.116711
              ],
              [
                131.903835,
                43.116739
              ],
              [
                131.903831,
                43.116745
              ],
              [
                131.903896,
                43.116766
              ],
              [
                131.903822,
                43.116914
              ],
              [
                131.903643,
                43.116858
              ],
              [
                131.903606,
                43.116932
              ],
              [
                131.903683,
                43.116953
              ],
              [
                131.903714,
                43.116962
              ],
              [
                131.903735,
                43.116919
              ],
              [
                131.903811,
                43.116938
              ],
              [
                131.903761,
                43.117043
              ],
              [
                131.903726,
                43.117118
              ],
              [
                131.903651,
                43.117099
              ],
              [
                131.903684,
                43.117023
              ],
              [
                131.903653,
                43.117015
              ],
              [
                131.903638,
                43.117045
              ],
              [
                131.903623,
                43.117041
              ],
              [
                131.903589,
                43.117109
              ],
              [
                131.903279,
                43.117028
              ],
              [
                131.903317,
                43.116949
              ],
              [
                131.903347,
                43.116957
              ],
              [
                131.903386,
                43.116876
              ],
              [
                131.903522,
                43.11691
              ],
              [
                131.903561,
                43.116833
              ],
              [
                131.903373,
                43.116773
              ]
            ]
          ]
        ]
      }
    },
    {
      "type": "Feature",
      "properties": {
        "fid": 170,
        "Layer": "LINES",
        "PaperSpace": null,
        "SubClasses": null,
        "Linetype": null,
        "EntityHandle": null,
        "Text": null,
        "ogr_style": "PEN(c:#000000)",
        "font": null,
        "angle": null,
        "size": null,
        "size_u": null,
        "anchor": null,
        "color": "#000000",
        "underline": null,
        "plaintext": null,
        "fcolor": null,
        "flnum": null,
        "bold": null,
        "italic": null,
        "dx": null,
        "dx_u": null,
        "dy": null,
        "dy_u": null
      },
      "geometry": {
        "type": "MultiPolygon",
        "coordinates": [
          [
            [
              [
                131.902289,
                43.116569
              ],
              [
                131.902319,
                43.116509
              ],
              [
                131.902282,
                43.116499
              ],
              [
                131.902322,
                43.116416
              ],
              [
                131.902501,
                43.116464
              ],
              [
                131.902446,
                43.116575
              ],
              [
                131.902397,
                43.116561
              ],
              [
                131.902381,
                43.116593
              ],
              [
                131.902289,
                43.116569
              ]
            ]
          ]
        ]
      }
    },
    {
      "type": "Feature",
      "properties": {
        "fid": 171,
        "Layer": "LINES",
        "PaperSpace": null,
        "SubClasses": null,
        "Linetype": null,
        "EntityHandle": null,
        "Text": null,
        "ogr_style": "PEN(c:#000000)",
        "font": null,
        "angle": null,
        "size": null,
        "size_u": null,
        "anchor": null,
        "color": "#000000",
        "underline": null,
        "plaintext": null,
        "fcolor": null,
        "flnum": null,
        "bold": null,
        "italic": null,
        "dx": null,
        "dx_u": null,
        "dy": null,
        "dy_u": null
      },
      "geometry": {
        "type": "MultiPolygon",
        "coordinates": [
          [
            [
              [
                131.883609,
                43.111952
              ],
              [
                131.883107,
                43.112114
              ],
              [
                131.882319,
                43.110808
              ],
              [
                131.882822,
                43.110646
              ],
              [
                131.883609,
                43.111952
              ]
            ]
          ]
        ]
      }
    },
    {
      "type": "Feature",
      "properties": {
        "fid": 172,
        "Layer": "LINES",
        "PaperSpace": null,
        "SubClasses": null,
        "Linetype": null,
        "EntityHandle": null,
        "Text": null,
        "ogr_style": "PEN(c:#000000)",
        "font": null,
        "angle": null,
        "size": null,
        "size_u": null,
        "anchor": null,
        "color": "#000000",
        "underline": null,
        "plaintext": null,
        "fcolor": null,
        "flnum": null,
        "bold": null,
        "italic": null,
        "dx": null,
        "dx_u": null,
        "dy": null,
        "dy_u": null
      },
      "geometry": {
        "type": "MultiPolygon",
        "coordinates": [
          [
            [
              [
                131.874609,
                43.113067
              ],
              [
                131.87456,
                43.112959
              ],
              [
                131.874659,
                43.112959
              ],
              [
                131.874609,
                43.113067
              ]
            ]
          ]
        ]
      }
    },
    {
      "type": "Feature",
      "properties": {
        "fid": 173,
        "Layer": "LINES",
        "PaperSpace": null,
        "SubClasses": null,
        "Linetype": null,
        "EntityHandle": null,
        "Text": null,
        "ogr_style": "PEN(c:#000000)",
        "font": null,
        "angle": null,
        "size": null,
        "size_u": null,
        "anchor": null,
        "color": "#000000",
        "underline": null,
        "plaintext": null,
        "fcolor": null,
        "flnum": null,
        "bold": null,
        "italic": null,
        "dx": null,
        "dx_u": null,
        "dy": null,
        "dy_u": null
      },
      "geometry": {
        "type": "MultiPolygon",
        "coordinates": [
          [
            [
              [
                131.87564,
                43.11483
              ],
              [
                131.875624,
                43.114848
              ],
              [
                131.875603,
                43.114872
              ],
              [
                131.875617,
                43.114879
              ],
              [
                131.875598,
                43.1149
              ],
              [
                131.875584,
                43.114893
              ],
              [
                131.875536,
                43.114947
              ],
              [
                131.875416,
                43.114891
              ],
              [
                131.875534,
                43.114761
              ],
              [
                131.87556,
                43.114774
              ],
              [
                131.875606,
                43.114797
              ],
              [
                131.87565,
                43.114818
              ],
              [
                131.87564,
                43.11483
              ]
            ]
          ]
        ]
      }
    },
    {
      "type": "Feature",
      "properties": {
        "fid": 174,
        "Layer": "LINES",
        "PaperSpace": null,
        "SubClasses": null,
        "Linetype": null,
        "EntityHandle": null,
        "Text": null,
        "ogr_style": "PEN(c:#000000)",
        "font": null,
        "angle": null,
        "size": null,
        "size_u": null,
        "anchor": null,
        "color": "#000000",
        "underline": null,
        "plaintext": null,
        "fcolor": null,
        "flnum": null,
        "bold": null,
        "italic": null,
        "dx": null,
        "dx_u": null,
        "dy": null,
        "dy_u": null
      },
      "geometry": {
        "type": "MultiPolygon",
        "coordinates": [
          [
            [
              [
                131.878317,
                43.116809
              ],
              [
                131.877604,
                43.116683
              ],
              [
                131.877644,
                43.116551
              ],
              [
                131.877599,
                43.116547
              ],
              [
                131.877592,
                43.116458
              ],
              [
                131.87789,
                43.116504
              ],
              [
                131.877892,
                43.116473
              ],
              [
                131.87791,
                43.116416
              ],
              [
                131.877961,
                43.116309
              ],
              [
                131.878007,
                43.116243
              ],
              [
                131.878094,
                43.116177
              ],
              [
                131.878263,
                43.11617
              ],
              [
                131.878355,
                43.116244
              ],
              [
                131.878381,
                43.116307
              ],
              [
                131.878371,
                43.116452
              ],
              [
                131.878311,
                43.11658
              ],
              [
                131.878395,
                43.116594
              ],
              [
                131.878317,
                43.116809
              ]
            ]
          ]
        ]
      }
    },
    {
      "type": "Feature",
      "properties": {
        "fid": 175,
        "Layer": "LINES",
        "PaperSpace": null,
        "SubClasses": null,
        "Linetype": null,
        "EntityHandle": null,
        "Text": null,
        "ogr_style": "PEN(c:#000000)",
        "font": null,
        "angle": null,
        "size": null,
        "size_u": null,
        "anchor": null,
        "color": "#000000",
        "underline": null,
        "plaintext": null,
        "fcolor": null,
        "flnum": null,
        "bold": null,
        "italic": null,
        "dx": null,
        "dx_u": null,
        "dy": null,
        "dy_u": null
      },
      "geometry": {
        "type": "MultiPolygon",
        "coordinates": [
          [
            [
              [
                131.900122,
                43.11579
              ],
              [
                131.900424,
                43.115864
              ],
              [
                131.90052,
                43.115653
              ],
              [
                131.900402,
                43.115624
              ],
              [
                131.900404,
                43.11562
              ],
              [
                131.90033,
                43.115602
              ],
              [
                131.900329,
                43.115606
              ],
              [
                131.900221,
                43.115579
              ],
              [
                131.900224,
                43.115573
              ],
              [
                131.900173,
                43.11556
              ],
              [
                131.90017,
                43.115567
              ],
              [
                131.900127,
                43.115556
              ],
              [
                131.900119,
                43.115573
              ],
              [
                131.900102,
                43.115569
              ],
              [
                131.899958,
                43.115905
              ],
              [
                131.900059,
                43.115928
              ],
              [
                131.900122,
                43.11579
              ]
            ]
          ]
        ]
      }
    },
    {
      "type": "Feature",
      "properties": {
        "fid": 176,
        "Layer": "LINES",
        "PaperSpace": null,
        "SubClasses": null,
        "Linetype": null,
        "EntityHandle": null,
        "Text": null,
        "ogr_style": "PEN(c:#000000)",
        "font": null,
        "angle": null,
        "size": null,
        "size_u": null,
        "anchor": null,
        "color": "#000000",
        "underline": null,
        "plaintext": null,
        "fcolor": null,
        "flnum": null,
        "bold": null,
        "italic": null,
        "dx": null,
        "dx_u": null,
        "dy": null,
        "dy_u": null
      },
      "geometry": {
        "type": "MultiPolygon",
        "coordinates": [
          [
            [
              [
                131.899204,
                43.116162
              ],
              [
                131.899224,
                43.116115
              ],
              [
                131.899179,
                43.116105
              ],
              [
                131.899167,
                43.116134
              ],
              [
                131.89907,
                43.116113
              ],
              [
                131.899095,
                43.116052
              ],
              [
                131.899124,
                43.116044
              ],
              [
                131.8992,
                43.116061
              ],
              [
                131.899199,
                43.116065
              ],
              [
                131.899243,
                43.116076
              ],
              [
                131.899244,
                43.116073
              ],
              [
                131.899489,
                43.116124
              ],
              [
                131.899446,
                43.116217
              ],
              [
                131.899204,
                43.116162
              ]
            ]
          ]
        ]
      }
    },
    {
      "type": "Feature",
      "properties": {
        "fid": 177,
        "Layer": "LINES",
        "PaperSpace": null,
        "SubClasses": null,
        "Linetype": null,
        "EntityHandle": null,
        "Text": null,
        "ogr_style": "PEN(c:#000000)",
        "font": null,
        "angle": null,
        "size": null,
        "size_u": null,
        "anchor": null,
        "color": "#000000",
        "underline": null,
        "plaintext": null,
        "fcolor": null,
        "flnum": null,
        "bold": null,
        "italic": null,
        "dx": null,
        "dx_u": null,
        "dy": null,
        "dy_u": null
      },
      "geometry": {
        "type": "MultiPolygon",
        "coordinates": [
          [
            [
              [
                131.899219,
                43.115972
              ],
              [
                131.899252,
                43.115893
              ],
              [
                131.899364,
                43.115918
              ],
              [
                131.899378,
                43.115884
              ],
              [
                131.899576,
                43.11593
              ],
              [
                131.899564,
                43.115957
              ],
              [
                131.899555,
                43.115955
              ],
              [
                131.899532,
                43.116018
              ],
              [
                131.899291,
                43.115964
              ],
              [
                131.899283,
                43.115985
              ],
              [
                131.899219,
                43.115972
              ]
            ]
          ]
        ]
      }
    },
    {
      "type": "Feature",
      "properties": {
        "fid": 178,
        "Layer": "LINES",
        "PaperSpace": null,
        "SubClasses": null,
        "Linetype": null,
        "EntityHandle": null,
        "Text": null,
        "ogr_style": "PEN(c:#000000)",
        "font": null,
        "angle": null,
        "size": null,
        "size_u": null,
        "anchor": null,
        "color": "#000000",
        "underline": null,
        "plaintext": null,
        "fcolor": null,
        "flnum": null,
        "bold": null,
        "italic": null,
        "dx": null,
        "dx_u": null,
        "dy": null,
        "dy_u": null
      },
      "geometry": {
        "type": "MultiPolygon",
        "coordinates": [
          [
            [
              [
                131.901697,
                43.115692
              ],
              [
                131.90173,
                43.115624
              ],
              [
                131.90176,
                43.115582
              ],
              [
                131.901766,
                43.115569
              ],
              [
                131.90182,
                43.115583
              ],
              [
                131.901867,
                43.115595
              ],
              [
                131.901856,
                43.115617
              ],
              [
                131.902035,
                43.115663
              ],
              [
                131.901985,
                43.115767
              ],
              [
                131.901697,
                43.115692
              ]
            ]
          ]
        ]
      }
    },
    {
      "type": "Feature",
      "properties": {
        "fid": 179,
        "Layer": "LINES",
        "PaperSpace": null,
        "SubClasses": null,
        "Linetype": null,
        "EntityHandle": null,
        "Text": null,
        "ogr_style": "PEN(c:#000000)",
        "font": null,
        "angle": null,
        "size": null,
        "size_u": null,
        "anchor": null,
        "color": "#000000",
        "underline": null,
        "plaintext": null,
        "fcolor": null,
        "flnum": null,
        "bold": null,
        "italic": null,
        "dx": null,
        "dx_u": null,
        "dy": null,
        "dy_u": null
      },
      "geometry": {
        "type": "MultiPolygon",
        "coordinates": [
          [
            [
              [
                131.89931,
                43.114906
              ],
              [
                131.899339,
                43.114835
              ],
              [
                131.899641,
                43.114902
              ],
              [
                131.899637,
                43.11491
              ],
              [
                131.89974,
                43.114934
              ],
              [
                131.899728,
                43.114963
              ],
              [
                131.899723,
                43.114962
              ],
              [
                131.899706,
                43.114999
              ],
              [
                131.899663,
                43.114989
              ],
              [
                131.89966,
                43.114994
              ],
              [
                131.89931,
                43.114906
              ]
            ]
          ]
        ]
      }
    },
    {
      "type": "Feature",
      "properties": {
        "fid": 180,
        "Layer": "LINES",
        "PaperSpace": null,
        "SubClasses": null,
        "Linetype": null,
        "EntityHandle": null,
        "Text": null,
        "ogr_style": "PEN(c:#000000)",
        "font": null,
        "angle": null,
        "size": null,
        "size_u": null,
        "anchor": null,
        "color": "#000000",
        "underline": null,
        "plaintext": null,
        "fcolor": null,
        "flnum": null,
        "bold": null,
        "italic": null,
        "dx": null,
        "dx_u": null,
        "dy": null,
        "dy_u": null
      },
      "geometry": {
        "type": "MultiPolygon",
        "coordinates": [
          [
            [
              [
                131.899136,
                43.115135
              ],
              [
                131.899199,
                43.114989
              ],
              [
                131.899251,
                43.115001
              ],
              [
                131.89925,
                43.115003
              ],
              [
                131.899336,
                43.115024
              ],
              [
                131.899337,
                43.115022
              ],
              [
                131.899491,
                43.115058
              ],
              [
                131.89949,
                43.11506
              ],
              [
                131.899605,
                43.115086
              ],
              [
                131.899541,
                43.115229
              ],
              [
                131.899136,
                43.115135
              ]
            ]
          ]
        ]
      }
    },
    {
      "type": "Feature",
      "properties": {
        "fid": 181,
        "Layer": "LINES",
        "PaperSpace": null,
        "SubClasses": null,
        "Linetype": null,
        "EntityHandle": null,
        "Text": null,
        "ogr_style": "PEN(c:#000000)",
        "font": null,
        "angle": null,
        "size": null,
        "size_u": null,
        "anchor": null,
        "color": "#000000",
        "underline": null,
        "plaintext": null,
        "fcolor": null,
        "flnum": null,
        "bold": null,
        "italic": null,
        "dx": null,
        "dx_u": null,
        "dy": null,
        "dy_u": null
      },
      "geometry": {
        "type": "MultiPolygon",
        "coordinates": [
          [
            [
              [
                131.895548,
                43.114594
              ],
              [
                131.895556,
                43.114703
              ],
              [
                131.895881,
                43.114689
              ],
              [
                131.895881,
                43.114708
              ],
              [
                131.896045,
                43.114709
              ],
              [
                131.896047,
                43.114674
              ],
              [
                131.896136,
                43.114676
              ],
              [
                131.896137,
                43.114642
              ],
              [
                131.896172,
                43.114642
              ],
              [
                131.896177,
                43.114586
              ],
              [
                131.896156,
                43.114585
              ],
              [
                131.896158,
                43.114556
              ],
              [
                131.896152,
                43.11455
              ],
              [
                131.896117,
                43.114547
              ],
              [
                131.896111,
                43.114551
              ],
              [
                131.896109,
                43.114556
              ],
              [
                131.895976,
                43.114551
              ],
              [
                131.895975,
                43.114574
              ],
              [
                131.895548,
                43.114594
              ]
            ]
          ]
        ]
      }
    },
    {
      "type": "Feature",
      "properties": {
        "fid": 182,
        "Layer": "LINES",
        "PaperSpace": null,
        "SubClasses": null,
        "Linetype": null,
        "EntityHandle": null,
        "Text": null,
        "ogr_style": "PEN(c:#000000)",
        "font": null,
        "angle": null,
        "size": null,
        "size_u": null,
        "anchor": null,
        "color": "#000000",
        "underline": null,
        "plaintext": null,
        "fcolor": null,
        "flnum": null,
        "bold": null,
        "italic": null,
        "dx": null,
        "dx_u": null,
        "dy": null,
        "dy_u": null
      },
      "geometry": {
        "type": "MultiPolygon",
        "coordinates": [
          [
            [
              [
                131.896942,
                43.114452
              ],
              [
                131.896932,
                43.114436
              ],
              [
                131.896924,
                43.114437
              ],
              [
                131.897002,
                43.11438
              ],
              [
                131.897009,
                43.114368
              ],
              [
                131.897026,
                43.114372
              ],
              [
                131.897039,
                43.114383
              ],
              [
                131.897085,
                43.114385
              ],
              [
                131.897083,
                43.114403
              ],
              [
                131.897147,
                43.114407
              ],
              [
                131.897148,
                43.114402
              ],
              [
                131.897163,
                43.114403
              ],
              [
                131.897162,
                43.114405
              ],
              [
                131.897201,
                43.114407
              ],
              [
                131.897194,
                43.114494
              ],
              [
                131.897181,
                43.1145
              ],
              [
                131.897195,
                43.11451
              ],
              [
                131.897192,
                43.114536
              ],
              [
                131.897176,
                43.114547
              ],
              [
                131.897188,
                43.114555
              ],
              [
                131.897188,
                43.114574
              ],
              [
                131.89717,
                43.114586
              ],
              [
                131.897134,
                43.114584
              ],
              [
                131.897134,
                43.114586
              ],
              [
                131.897063,
                43.114582
              ],
              [
                131.897061,
                43.1146
              ],
              [
                131.896926,
                43.114591
              ],
              [
                131.896926,
                43.114588
              ],
              [
                131.896904,
                43.114587
              ],
              [
                131.896902,
                43.114585
              ],
              [
                131.896927,
                43.114556
              ],
              [
                131.896931,
                43.114556
              ],
              [
                131.896942,
                43.114452
              ]
            ]
          ]
        ]
      }
    },
    {
      "type": "Feature",
      "properties": {
        "fid": 183,
        "Layer": "LINES",
        "PaperSpace": null,
        "SubClasses": null,
        "Linetype": null,
        "EntityHandle": null,
        "Text": null,
        "ogr_style": "PEN(c:#000000)",
        "font": null,
        "angle": null,
        "size": null,
        "size_u": null,
        "anchor": null,
        "color": "#000000",
        "underline": null,
        "plaintext": null,
        "fcolor": null,
        "flnum": null,
        "bold": null,
        "italic": null,
        "dx": null,
        "dx_u": null,
        "dy": null,
        "dy_u": null
      },
      "geometry": {
        "type": "MultiPolygon",
        "coordinates": [
          [
            [
              [
                131.888866,
                43.121968
              ],
              [
                131.889067,
                43.121927
              ],
              [
                131.889103,
                43.122026
              ],
              [
                131.888946,
                43.122058
              ],
              [
                131.888956,
                43.122087
              ],
              [
                131.888878,
                43.122104
              ],
              [
                131.888823,
                43.121969
              ],
              [
                131.888827,
                43.121968
              ],
              [
                131.888823,
                43.121958
              ],
              [
                131.888827,
                43.121957
              ],
              [
                131.88882,
                43.12194
              ],
              [
                131.888878,
                43.121929
              ],
              [
                131.888884,
                43.121945
              ],
              [
                131.888859,
                43.12195
              ],
              [
                131.888866,
                43.121968
              ]
            ]
          ]
        ]
      }
    },
    {
      "type": "Feature",
      "properties": {
        "fid": 184,
        "Layer": "LINES",
        "PaperSpace": null,
        "SubClasses": null,
        "Linetype": null,
        "EntityHandle": null,
        "Text": null,
        "ogr_style": "PEN(c:#000000)",
        "font": null,
        "angle": null,
        "size": null,
        "size_u": null,
        "anchor": null,
        "color": "#000000",
        "underline": null,
        "plaintext": null,
        "fcolor": null,
        "flnum": null,
        "bold": null,
        "italic": null,
        "dx": null,
        "dx_u": null,
        "dy": null,
        "dy_u": null
      },
      "geometry": {
        "type": "MultiPolygon",
        "coordinates": [
          [
            [
              [
                131.888451,
                43.122031
              ],
              [
                131.888679,
                43.121984
              ],
              [
                131.888722,
                43.122094
              ],
              [
                131.888626,
                43.122114
              ],
              [
                131.88863,
                43.122127
              ],
              [
                131.888591,
                43.122135
              ],
              [
                131.888586,
                43.122123
              ],
              [
                131.888493,
                43.122141
              ],
              [
                131.888451,
                43.122031
              ]
            ]
          ]
        ]
      }
    },
    {
      "type": "Feature",
      "properties": {
        "fid": 185,
        "Layer": "LINES",
        "PaperSpace": null,
        "SubClasses": null,
        "Linetype": null,
        "EntityHandle": null,
        "Text": null,
        "ogr_style": "PEN(c:#000000)",
        "font": null,
        "angle": null,
        "size": null,
        "size_u": null,
        "anchor": null,
        "color": "#000000",
        "underline": null,
        "plaintext": null,
        "fcolor": null,
        "flnum": null,
        "bold": null,
        "italic": null,
        "dx": null,
        "dx_u": null,
        "dy": null,
        "dy_u": null
      },
      "geometry": {
        "type": "MultiPolygon",
        "coordinates": [
          [
            [
              [
                131.888133,
                43.122095
              ],
              [
                131.888304,
                43.12206
              ],
              [
                131.888346,
                43.122181
              ],
              [
                131.888175,
                43.122213
              ],
              [
                131.888133,
                43.122095
              ]
            ]
          ]
        ]
      }
    },
    {
      "type": "Feature",
      "properties": {
        "fid": 186,
        "Layer": "LINES",
        "PaperSpace": null,
        "SubClasses": null,
        "Linetype": null,
        "EntityHandle": null,
        "Text": null,
        "ogr_style": "PEN(c:#000000)",
        "font": null,
        "angle": null,
        "size": null,
        "size_u": null,
        "anchor": null,
        "color": "#000000",
        "underline": null,
        "plaintext": null,
        "fcolor": null,
        "flnum": null,
        "bold": null,
        "italic": null,
        "dx": null,
        "dx_u": null,
        "dy": null,
        "dy_u": null
      },
      "geometry": {
        "type": "MultiPolygon",
        "coordinates": [
          [
            [
              [
                131.887124,
                43.122317
              ],
              [
                131.887401,
                43.122258
              ],
              [
                131.887446,
                43.122382
              ],
              [
                131.887253,
                43.122419
              ],
              [
                131.88723,
                43.122435
              ],
              [
                131.887237,
                43.12245
              ],
              [
                131.887261,
                43.122445
              ],
              [
                131.887281,
                43.122504
              ],
              [
                131.887248,
                43.12251
              ],
              [
                131.887205,
                43.122521
              ],
              [
                131.887124,
                43.122317
              ]
            ]
          ]
        ]
      }
    },
    {
      "type": "Feature",
      "properties": {
        "fid": 187,
        "Layer": "LINES",
        "PaperSpace": null,
        "SubClasses": null,
        "Linetype": null,
        "EntityHandle": null,
        "Text": null,
        "ogr_style": "PEN(c:#000000)",
        "font": null,
        "angle": null,
        "size": null,
        "size_u": null,
        "anchor": null,
        "color": "#000000",
        "underline": null,
        "plaintext": null,
        "fcolor": null,
        "flnum": null,
        "bold": null,
        "italic": null,
        "dx": null,
        "dx_u": null,
        "dy": null,
        "dy_u": null
      },
      "geometry": {
        "type": "MultiPolygon",
        "coordinates": [
          [
            [
              [
                131.886879,
                43.122374
              ],
              [
                131.887122,
                43.122323
              ],
              [
                131.887149,
                43.122394
              ],
              [
                131.887058,
                43.122413
              ],
              [
                131.887088,
                43.122497
              ],
              [
                131.88703,
                43.122509
              ],
              [
                131.887007,
                43.122453
              ],
              [
                131.88692,
                43.122472
              ],
              [
                131.886879,
                43.122374
              ]
            ]
          ]
        ]
      }
    },
    {
      "type": "Feature",
      "properties": {
        "fid": 188,
        "Layer": "LINES",
        "PaperSpace": null,
        "SubClasses": null,
        "Linetype": null,
        "EntityHandle": null,
        "Text": null,
        "ogr_style": "PEN(c:#000000)",
        "font": null,
        "angle": null,
        "size": null,
        "size_u": null,
        "anchor": null,
        "color": "#000000",
        "underline": null,
        "plaintext": null,
        "fcolor": null,
        "flnum": null,
        "bold": null,
        "italic": null,
        "dx": null,
        "dx_u": null,
        "dy": null,
        "dy_u": null
      },
      "geometry": {
        "type": "MultiPolygon",
        "coordinates": [
          [
            [
              [
                131.886419,
                43.12246
              ],
              [
                131.886435,
                43.122441
              ],
              [
                131.886499,
                43.12243
              ],
              [
                131.886527,
                43.122441
              ],
              [
                131.886561,
                43.122435
              ],
              [
                131.886605,
                43.122565
              ],
              [
                131.886484,
                43.122587
              ],
              [
                131.886475,
                43.122559
              ],
              [
                131.886368,
                43.122579
              ],
              [
                131.88634,
                43.122499
              ],
              [
                131.886314,
                43.122488
              ],
              [
                131.886338,
                43.122459
              ],
              [
                131.886363,
                43.12247
              ],
              [
                131.886419,
                43.12246
              ]
            ]
          ]
        ]
      }
    },
    {
      "type": "Feature",
      "properties": {
        "fid": 189,
        "Layer": "LINES",
        "PaperSpace": null,
        "SubClasses": null,
        "Linetype": null,
        "EntityHandle": null,
        "Text": null,
        "ogr_style": "PEN(c:#000000)",
        "font": null,
        "angle": null,
        "size": null,
        "size_u": null,
        "anchor": null,
        "color": "#000000",
        "underline": null,
        "plaintext": null,
        "fcolor": null,
        "flnum": null,
        "bold": null,
        "italic": null,
        "dx": null,
        "dx_u": null,
        "dy": null,
        "dy_u": null
      },
      "geometry": {
        "type": "MultiPolygon",
        "coordinates": [
          [
            [
              [
                131.886006,
                43.122546
              ],
              [
                131.886237,
                43.122504
              ],
              [
                131.886299,
                43.122671
              ],
              [
                131.886146,
                43.122702
              ],
              [
                131.886102,
                43.12259
              ],
              [
                131.88603,
                43.122603
              ],
              [
                131.886006,
                43.122546
              ]
            ]
          ]
        ]
      }
    },
    {
      "type": "Feature",
      "properties": {
        "fid": 190,
        "Layer": "LINES",
        "PaperSpace": null,
        "SubClasses": null,
        "Linetype": null,
        "EntityHandle": null,
        "Text": null,
        "ogr_style": "PEN(c:#000000)",
        "font": null,
        "angle": null,
        "size": null,
        "size_u": null,
        "anchor": null,
        "color": "#000000",
        "underline": null,
        "plaintext": null,
        "fcolor": null,
        "flnum": null,
        "bold": null,
        "italic": null,
        "dx": null,
        "dx_u": null,
        "dy": null,
        "dy_u": null
      },
      "geometry": {
        "type": "MultiPolygon",
        "coordinates": [
          [
            [
              [
                131.885827,
                43.122566
              ],
              [
                131.885995,
                43.122532
              ],
              [
                131.886053,
                43.122672
              ],
              [
                131.885907,
                43.122704
              ],
              [
                131.885885,
                43.122695
              ],
              [
                131.88587,
                43.122656
              ],
              [
                131.885861,
                43.122658
              ],
              [
                131.885827,
                43.122566
              ]
            ]
          ]
        ]
      }
    },
    {
      "type": "Feature",
      "properties": {
        "fid": 191,
        "Layer": "LINES",
        "PaperSpace": null,
        "SubClasses": null,
        "Linetype": null,
        "EntityHandle": null,
        "Text": null,
        "ogr_style": "PEN(c:#000000)",
        "font": null,
        "angle": null,
        "size": null,
        "size_u": null,
        "anchor": null,
        "color": "#000000",
        "underline": null,
        "plaintext": null,
        "fcolor": null,
        "flnum": null,
        "bold": null,
        "italic": null,
        "dx": null,
        "dx_u": null,
        "dy": null,
        "dy_u": null
      },
      "geometry": {
        "type": "MultiPolygon",
        "coordinates": [
          [
            [
              [
                131.885481,
                43.12264
              ],
              [
                131.885717,
                43.12259
              ],
              [
                131.88579,
                43.122777
              ],
              [
                131.88569,
                43.122799
              ],
              [
                131.885677,
                43.122769
              ],
              [
                131.885546,
                43.122797
              ],
              [
                131.885481,
                43.12264
              ]
            ]
          ]
        ]
      }
    },
    {
      "type": "Feature",
      "properties": {
        "fid": 192,
        "Layer": "LINES",
        "PaperSpace": null,
        "SubClasses": null,
        "Linetype": null,
        "EntityHandle": null,
        "Text": null,
        "ogr_style": "PEN(c:#000000)",
        "font": null,
        "angle": null,
        "size": null,
        "size_u": null,
        "anchor": null,
        "color": "#000000",
        "underline": null,
        "plaintext": null,
        "fcolor": null,
        "flnum": null,
        "bold": null,
        "italic": null,
        "dx": null,
        "dx_u": null,
        "dy": null,
        "dy_u": null
      },
      "geometry": {
        "type": "MultiPolygon",
        "coordinates": [
          [
            [
              [
                131.89084,
                43.115385
              ],
              [
                131.890826,
                43.115498
              ],
              [
                131.890937,
                43.115506
              ],
              [
                131.890946,
                43.115447
              ],
              [
                131.890986,
                43.11545
              ],
              [
                131.890992,
                43.115395
              ],
              [
                131.89084,
                43.115385
              ]
            ]
          ]
        ]
      }
    },
    {
      "type": "Feature",
      "properties": {
        "fid": 193,
        "Layer": "LINES",
        "PaperSpace": null,
        "SubClasses": null,
        "Linetype": null,
        "EntityHandle": null,
        "Text": null,
        "ogr_style": "PEN(c:#000000)",
        "font": null,
        "angle": null,
        "size": null,
        "size_u": null,
        "anchor": null,
        "color": "#000000",
        "underline": null,
        "plaintext": null,
        "fcolor": null,
        "flnum": null,
        "bold": null,
        "italic": null,
        "dx": null,
        "dx_u": null,
        "dy": null,
        "dy_u": null
      },
      "geometry": {
        "type": "MultiPolygon",
        "coordinates": [
          [
            [
              [
                131.890966,
                43.115546
              ],
              [
                131.890879,
                43.115539
              ],
              [
                131.890871,
                43.115603
              ],
              [
                131.891337,
                43.115641
              ],
              [
                131.891355,
                43.115544
              ],
              [
                131.890972,
                43.11551
              ],
              [
                131.890966,
                43.115546
              ]
            ]
          ]
        ]
      }
    },
    {
      "type": "Feature",
      "properties": {
        "fid": 194,
        "Layer": "LINES",
        "PaperSpace": null,
        "SubClasses": null,
        "Linetype": null,
        "EntityHandle": null,
        "Text": null,
        "ogr_style": "PEN(c:#000000)",
        "font": null,
        "angle": null,
        "size": null,
        "size_u": null,
        "anchor": null,
        "color": "#000000",
        "underline": null,
        "plaintext": null,
        "fcolor": null,
        "flnum": null,
        "bold": null,
        "italic": null,
        "dx": null,
        "dx_u": null,
        "dy": null,
        "dy_u": null
      },
      "geometry": {
        "type": "MultiPolygon",
        "coordinates": [
          [
            [
              [
                131.890148,
                43.115481
              ],
              [
                131.890177,
                43.115552
              ],
              [
                131.890197,
                43.115548
              ],
              [
                131.890208,
                43.115575
              ],
              [
                131.890268,
                43.115562
              ],
              [
                131.890253,
                43.115523
              ],
              [
                131.890269,
                43.115519
              ],
              [
                131.890276,
                43.115536
              ],
              [
                131.890374,
                43.115514
              ],
              [
                131.890365,
                43.115491
              ],
              [
                131.890348,
                43.115494
              ],
              [
                131.890326,
                43.115442
              ],
              [
                131.890148,
                43.115481
              ]
            ]
          ]
        ]
      }
    },
    {
      "type": "Feature",
      "properties": {
        "fid": 195,
        "Layer": "LINES",
        "PaperSpace": null,
        "SubClasses": null,
        "Linetype": null,
        "EntityHandle": null,
        "Text": null,
        "ogr_style": "PEN(c:#000000)",
        "font": null,
        "angle": null,
        "size": null,
        "size_u": null,
        "anchor": null,
        "color": "#000000",
        "underline": null,
        "plaintext": null,
        "fcolor": null,
        "flnum": null,
        "bold": null,
        "italic": null,
        "dx": null,
        "dx_u": null,
        "dy": null,
        "dy_u": null
      },
      "geometry": {
        "type": "MultiPolygon",
        "coordinates": [
          [
            [
              [
                131.88994,
                43.115426
              ],
              [
                131.890009,
                43.115576
              ],
              [
                131.89011,
                43.115551
              ],
              [
                131.890081,
                43.115488
              ],
              [
                131.890098,
                43.115484
              ],
              [
                131.890092,
                43.11547
              ],
              [
                131.890163,
                43.115455
              ],
              [
                131.890164,
                43.115458
              ],
              [
                131.890365,
                43.115417
              ],
              [
                131.89037,
                43.115432
              ],
              [
                131.890493,
                43.115407
              ],
              [
                131.890473,
                43.115354
              ],
              [
                131.89008,
                43.115434
              ],
              [
                131.890041,
                43.115444
              ],
              [
                131.890023,
                43.115405
              ],
              [
                131.88994,
                43.115426
              ]
            ]
          ]
        ]
      }
    },
    {
      "type": "Feature",
      "properties": {
        "fid": 196,
        "Layer": "LINES",
        "PaperSpace": null,
        "SubClasses": null,
        "Linetype": null,
        "EntityHandle": null,
        "Text": null,
        "ogr_style": "PEN(c:#000000)",
        "font": null,
        "angle": null,
        "size": null,
        "size_u": null,
        "anchor": null,
        "color": "#000000",
        "underline": null,
        "plaintext": null,
        "fcolor": null,
        "flnum": null,
        "bold": null,
        "italic": null,
        "dx": null,
        "dx_u": null,
        "dy": null,
        "dy_u": null
      },
      "geometry": {
        "type": "MultiPolygon",
        "coordinates": [
          [
            [
              [
                131.890727,
                43.120406
              ],
              [
                131.890885,
                43.120375
              ],
              [
                131.890938,
                43.120556
              ],
              [
                131.890779,
                43.120581
              ],
              [
                131.890727,
                43.120406
              ]
            ]
          ]
        ]
      }
    },
    {
      "type": "Feature",
      "properties": {
        "fid": 197,
        "Layer": "LINES",
        "PaperSpace": null,
        "SubClasses": null,
        "Linetype": null,
        "EntityHandle": null,
        "Text": null,
        "ogr_style": "PEN(c:#000000)",
        "font": null,
        "angle": null,
        "size": null,
        "size_u": null,
        "anchor": null,
        "color": "#000000",
        "underline": null,
        "plaintext": null,
        "fcolor": null,
        "flnum": null,
        "bold": null,
        "italic": null,
        "dx": null,
        "dx_u": null,
        "dy": null,
        "dy_u": null
      },
      "geometry": {
        "type": "MultiPolygon",
        "coordinates": [
          [
            [
              [
                131.890227,
                43.12065
              ],
              [
                131.890221,
                43.120631
              ],
              [
                131.890225,
                43.12063
              ],
              [
                131.890217,
                43.120605
              ],
              [
                131.890311,
                43.12059
              ],
              [
                131.890318,
                43.120612
              ],
              [
                131.890333,
                43.120609
              ],
              [
                131.890336,
                43.120618
              ],
              [
                131.890413,
                43.120605
              ],
              [
                131.89045,
                43.120732
              ],
              [
                131.890326,
                43.120751
              ],
              [
                131.890322,
                43.120738
              ],
              [
                131.890186,
                43.12076
              ],
              [
                131.890157,
                43.120662
              ],
              [
                131.890227,
                43.12065
              ]
            ]
          ]
        ]
      }
    },
    {
      "type": "Feature",
      "properties": {
        "fid": 198,
        "Layer": "LINES",
        "PaperSpace": null,
        "SubClasses": null,
        "Linetype": null,
        "EntityHandle": null,
        "Text": null,
        "ogr_style": "PEN(c:#000000)",
        "font": null,
        "angle": null,
        "size": null,
        "size_u": null,
        "anchor": null,
        "color": "#000000",
        "underline": null,
        "plaintext": null,
        "fcolor": null,
        "flnum": null,
        "bold": null,
        "italic": null,
        "dx": null,
        "dx_u": null,
        "dy": null,
        "dy_u": null
      },
      "geometry": {
        "type": "MultiPolygon",
        "coordinates": [
          [
            [
              [
                131.889662,
                43.12063
              ],
              [
                131.889743,
                43.120614
              ],
              [
                131.88974,
                43.120605
              ],
              [
                131.889742,
                43.120605
              ],
              [
                131.889741,
                43.120601
              ],
              [
                131.889791,
                43.120592
              ],
              [
                131.889792,
                43.120595
              ],
              [
                131.889794,
                43.120595
              ],
              [
                131.889797,
                43.120604
              ],
              [
                131.889882,
                43.120588
              ],
              [
                131.889876,
                43.12057
              ],
              [
                131.889886,
                43.120568
              ],
              [
                131.889887,
                43.12057
              ],
              [
                131.889944,
                43.120559
              ],
              [
                131.889943,
                43.120558
              ],
              [
                131.889955,
                43.120555
              ],
              [
                131.889981,
                43.120627
              ],
              [
                131.890007,
                43.120622
              ],
              [
                131.890018,
                43.120653
              ],
              [
                131.890015,
                43.120654
              ],
              [
                131.890025,
                43.120682
              ],
              [
                131.889678,
                43.120748
              ],
              [
                131.889681,
                43.120755
              ],
              [
                131.889598,
                43.120771
              ],
              [
                131.889585,
                43.120736
              ],
              [
                131.889583,
                43.120736
              ],
              [
                131.889571,
                43.120704
              ],
              [
                131.889599,
                43.120698
              ],
              [
                131.889574,
                43.120628
              ],
              [
                131.889656,
                43.120613
              ],
              [
                131.889662,
                43.12063
              ]
            ]
          ]
        ]
      }
    },
    {
      "type": "Feature",
      "properties": {
        "fid": 199,
        "Layer": "LINES",
        "PaperSpace": null,
        "SubClasses": null,
        "Linetype": null,
        "EntityHandle": null,
        "Text": null,
        "ogr_style": "PEN(c:#000000)",
        "font": null,
        "angle": null,
        "size": null,
        "size_u": null,
        "anchor": null,
        "color": "#000000",
        "underline": null,
        "plaintext": null,
        "fcolor": null,
        "flnum": null,
        "bold": null,
        "italic": null,
        "dx": null,
        "dx_u": null,
        "dy": null,
        "dy_u": null
      },
      "geometry": {
        "type": "MultiPolygon",
        "coordinates": [
          [
            [
              [
                131.885635,
                43.121071
              ],
              [
                131.88589,
                43.121024
              ],
              [
                131.885927,
                43.121134
              ],
              [
                131.885673,
                43.121185
              ],
              [
                131.885635,
                43.121071
              ]
            ]
          ]
        ]
      }
    },
    {
      "type": "Feature",
      "properties": {
        "fid": 200,
        "Layer": "LINES",
        "PaperSpace": null,
        "SubClasses": null,
        "Linetype": null,
        "EntityHandle": null,
        "Text": null,
        "ogr_style": "PEN(c:#000000)",
        "font": null,
        "angle": null,
        "size": null,
        "size_u": null,
        "anchor": null,
        "color": "#000000",
        "underline": null,
        "plaintext": null,
        "fcolor": null,
        "flnum": null,
        "bold": null,
        "italic": null,
        "dx": null,
        "dx_u": null,
        "dy": null,
        "dy_u": null
      },
      "geometry": {
        "type": "MultiPolygon",
        "coordinates": [
          [
            [
              [
                131.882967,
                43.121257
              ],
              [
                131.883044,
                43.121458
              ],
              [
                131.883058,
                43.121455
              ],
              [
                131.883078,
                43.121508
              ],
              [
                131.883071,
                43.121509
              ],
              [
                131.883102,
                43.121589
              ],
              [
                131.883109,
                43.121587
              ],
              [
                131.883127,
                43.121637
              ],
              [
                131.883022,
                43.121657
              ],
              [
                131.882994,
                43.121578
              ],
              [
                131.883017,
                43.121574
              ],
              [
                131.882996,
                43.121515
              ],
              [
                131.882973,
                43.12152
              ],
              [
                131.88288,
                43.121274
              ],
              [
                131.882967,
                43.121257
              ]
            ]
          ]
        ]
      }
    },
    {
      "type": "Feature",
      "properties": {
        "fid": 201,
        "Layer": "LINES",
        "PaperSpace": null,
        "SubClasses": null,
        "Linetype": null,
        "EntityHandle": null,
        "Text": null,
        "ogr_style": "PEN(c:#000000)",
        "font": null,
        "angle": null,
        "size": null,
        "size_u": null,
        "anchor": null,
        "color": "#000000",
        "underline": null,
        "plaintext": null,
        "fcolor": null,
        "flnum": null,
        "bold": null,
        "italic": null,
        "dx": null,
        "dx_u": null,
        "dy": null,
        "dy_u": null
      },
      "geometry": {
        "type": "MultiPolygon",
        "coordinates": [
          [
            [
              [
                131.880842,
                43.122649
              ],
              [
                131.88088,
                43.122751
              ],
              [
                131.880777,
                43.122771
              ],
              [
                131.880741,
                43.122668
              ],
              [
                131.880842,
                43.122649
              ]
            ]
          ]
        ]
      }
    },
    {
      "type": "Feature",
      "properties": {
        "fid": 202,
        "Layer": "LINES",
        "PaperSpace": null,
        "SubClasses": null,
        "Linetype": null,
        "EntityHandle": null,
        "Text": null,
        "ogr_style": "PEN(c:#000000)",
        "font": null,
        "angle": null,
        "size": null,
        "size_u": null,
        "anchor": null,
        "color": "#000000",
        "underline": null,
        "plaintext": null,
        "fcolor": null,
        "flnum": null,
        "bold": null,
        "italic": null,
        "dx": null,
        "dx_u": null,
        "dy": null,
        "dy_u": null
      },
      "geometry": {
        "type": "MultiPolygon",
        "coordinates": [
          [
            [
              [
                131.880622,
                43.122393
              ],
              [
                131.880751,
                43.122748
              ],
              [
                131.880676,
                43.122765
              ],
              [
                131.880587,
                43.122522
              ],
              [
                131.880385,
                43.122563
              ],
              [
                131.880391,
                43.122581
              ],
              [
                131.880338,
                43.122592
              ],
              [
                131.880331,
                43.122573
              ],
              [
                131.880252,
                43.122589
              ],
              [
                131.880209,
                43.122475
              ],
              [
                131.880622,
                43.122393
              ]
            ]
          ]
        ]
      }
    },
    {
      "type": "Feature",
      "properties": {
        "fid": 203,
        "Layer": "LINES",
        "PaperSpace": null,
        "SubClasses": null,
        "Linetype": null,
        "EntityHandle": null,
        "Text": null,
        "ogr_style": "PEN(c:#000000)",
        "font": null,
        "angle": null,
        "size": null,
        "size_u": null,
        "anchor": null,
        "color": "#000000",
        "underline": null,
        "plaintext": null,
        "fcolor": null,
        "flnum": null,
        "bold": null,
        "italic": null,
        "dx": null,
        "dx_u": null,
        "dy": null,
        "dy_u": null
      },
      "geometry": {
        "type": "MultiPolygon",
        "coordinates": [
          [
            [
              [
                131.880192,
                43.122157
              ],
              [
                131.880236,
                43.122271
              ],
              [
                131.880001,
                43.122314
              ],
              [
                131.879976,
                43.122246
              ],
              [
                131.880026,
                43.122236
              ],
              [
                131.880013,
                43.122203
              ],
              [
                131.880066,
                43.122186
              ],
              [
                131.880064,
                43.12218
              ],
              [
                131.880192,
                43.122157
              ]
            ]
          ]
        ]
      }
    },
    {
      "type": "Feature",
      "properties": {
        "fid": 204,
        "Layer": "LINES",
        "PaperSpace": null,
        "SubClasses": null,
        "Linetype": null,
        "EntityHandle": null,
        "Text": null,
        "ogr_style": "PEN(c:#000000)",
        "font": null,
        "angle": null,
        "size": null,
        "size_u": null,
        "anchor": null,
        "color": "#000000",
        "underline": null,
        "plaintext": null,
        "fcolor": null,
        "flnum": null,
        "bold": null,
        "italic": null,
        "dx": null,
        "dx_u": null,
        "dy": null,
        "dy_u": null
      },
      "geometry": {
        "type": "MultiPolygon",
        "coordinates": [
          [
            [
              [
                131.891089,
                43.125163
              ],
              [
                131.89104,
                43.125054
              ],
              [
                131.891138,
                43.125055
              ],
              [
                131.891089,
                43.125163
              ]
            ]
          ]
        ]
      }
    },
    {
      "type": "Feature",
      "properties": {
        "fid": 205,
        "Layer": "LINES",
        "PaperSpace": null,
        "SubClasses": null,
        "Linetype": null,
        "EntityHandle": null,
        "Text": null,
        "ogr_style": "PEN(c:#000000)",
        "font": null,
        "angle": null,
        "size": null,
        "size_u": null,
        "anchor": null,
        "color": "#000000",
        "underline": null,
        "plaintext": null,
        "fcolor": null,
        "flnum": null,
        "bold": null,
        "italic": null,
        "dx": null,
        "dx_u": null,
        "dy": null,
        "dy_u": null
      },
      "geometry": {
        "type": "MultiPolygon",
        "coordinates": [
          [
            [
              [
                131.881534,
                43.119848
              ],
              [
                131.88129,
                43.11991
              ],
              [
                131.88093,
                43.119997
              ],
              [
                131.880864,
                43.119849
              ],
              [
                131.881467,
                43.119702
              ],
              [
                131.881534,
                43.119848
              ]
            ]
          ]
        ]
      }
    },
    {
      "type": "Feature",
      "properties": {
        "fid": 206,
        "Layer": "LINES",
        "PaperSpace": null,
        "SubClasses": null,
        "Linetype": null,
        "EntityHandle": null,
        "Text": null,
        "ogr_style": "PEN(c:#000000)",
        "font": null,
        "angle": null,
        "size": null,
        "size_u": null,
        "anchor": null,
        "color": "#000000",
        "underline": null,
        "plaintext": null,
        "fcolor": null,
        "flnum": null,
        "bold": null,
        "italic": null,
        "dx": null,
        "dx_u": null,
        "dy": null,
        "dy_u": null
      },
      "geometry": {
        "type": "MultiPolygon",
        "coordinates": [
          [
            [
              [
                131.881757,
                43.120069
              ],
              [
                131.881548,
                43.120129
              ],
              [
                131.881501,
                43.120041
              ],
              [
                131.881685,
                43.119996
              ],
              [
                131.881659,
                43.119939
              ],
              [
                131.881705,
                43.119928
              ],
              [
                131.881766,
                43.12006
              ],
              [
                131.881757,
                43.120069
              ]
            ]
          ]
        ]
      }
    },
    {
      "type": "Feature",
      "properties": {
        "fid": 207,
        "Layer": "LINES",
        "PaperSpace": null,
        "SubClasses": null,
        "Linetype": null,
        "EntityHandle": null,
        "Text": null,
        "ogr_style": "PEN(c:#000000)",
        "font": null,
        "angle": null,
        "size": null,
        "size_u": null,
        "anchor": null,
        "color": "#000000",
        "underline": null,
        "plaintext": null,
        "fcolor": null,
        "flnum": null,
        "bold": null,
        "italic": null,
        "dx": null,
        "dx_u": null,
        "dy": null,
        "dy_u": null
      },
      "geometry": {
        "type": "MultiPolygon",
        "coordinates": [
          [
            [
              [
                131.881542,
                43.120118
              ],
              [
                131.881281,
                43.120192
              ],
              [
                131.881227,
                43.12009
              ],
              [
                131.881338,
                43.120058
              ],
              [
                131.88133,
                43.120043
              ],
              [
                131.881373,
                43.120031
              ],
              [
                131.881381,
                43.120046
              ],
              [
                131.881488,
                43.120016
              ],
              [
                131.881542,
                43.120118
              ]
            ]
          ]
        ]
      }
    },
    {
      "type": "Feature",
      "properties": {
        "fid": 208,
        "Layer": "LINES",
        "PaperSpace": null,
        "SubClasses": null,
        "Linetype": null,
        "EntityHandle": null,
        "Text": null,
        "ogr_style": "PEN(c:#000000)",
        "font": null,
        "angle": null,
        "size": null,
        "size_u": null,
        "anchor": null,
        "color": "#000000",
        "underline": null,
        "plaintext": null,
        "fcolor": null,
        "flnum": null,
        "bold": null,
        "italic": null,
        "dx": null,
        "dx_u": null,
        "dy": null,
        "dy_u": null
      },
      "geometry": {
        "type": "MultiPolygon",
        "coordinates": [
          [
            [
              [
                131.881906,
                43.119881
              ],
              [
                131.881658,
                43.119939
              ],
              [
                131.881516,
                43.119646
              ],
              [
                131.881764,
                43.119586
              ],
              [
                131.881906,
                43.119881
              ]
            ]
          ]
        ]
      }
    },
    {
      "type": "Feature",
      "properties": {
        "fid": 209,
        "Layer": "LINES",
        "PaperSpace": null,
        "SubClasses": null,
        "Linetype": null,
        "EntityHandle": null,
        "Text": null,
        "ogr_style": "PEN(c:#000000)",
        "font": null,
        "angle": null,
        "size": null,
        "size_u": null,
        "anchor": null,
        "color": "#000000",
        "underline": null,
        "plaintext": null,
        "fcolor": null,
        "flnum": null,
        "bold": null,
        "italic": null,
        "dx": null,
        "dx_u": null,
        "dy": null,
        "dy_u": null
      },
      "geometry": {
        "type": "MultiPolygon",
        "coordinates": [
          [
            [
              [
                131.881269,
                43.119667
              ],
              [
                131.881185,
                43.119687
              ],
              [
                131.881028,
                43.119226
              ],
              [
                131.881269,
                43.119178
              ],
              [
                131.881335,
                43.119399
              ],
              [
                131.881421,
                43.119626
              ],
              [
                131.881327,
                43.119647
              ],
              [
                131.881212,
                43.119351
              ],
              [
                131.881172,
                43.119358
              ],
              [
                131.881269,
                43.119667
              ]
            ]
          ]
        ]
      }
    },
    {
      "type": "Feature",
      "properties": {
        "fid": 210,
        "Layer": "LINES",
        "PaperSpace": null,
        "SubClasses": null,
        "Linetype": null,
        "EntityHandle": null,
        "Text": null,
        "ogr_style": "PEN(c:#000000)",
        "font": null,
        "angle": null,
        "size": null,
        "size_u": null,
        "anchor": null,
        "color": "#000000",
        "underline": null,
        "plaintext": null,
        "fcolor": null,
        "flnum": null,
        "bold": null,
        "italic": null,
        "dx": null,
        "dx_u": null,
        "dy": null,
        "dy_u": null
      },
      "geometry": {
        "type": "MultiPolygon",
        "coordinates": [
          [
            [
              [
                131.880879,
                43.120097
              ],
              [
                131.880964,
                43.120301
              ],
              [
                131.88077,
                43.120356
              ],
              [
                131.880683,
                43.120132
              ],
              [
                131.880566,
                43.119821
              ],
              [
                131.880764,
                43.119781
              ],
              [
                131.880865,
                43.12005
              ],
              [
                131.880916,
                43.12004
              ],
              [
                131.880933,
                43.120084
              ],
              [
                131.880879,
                43.120097
              ]
            ]
          ]
        ]
      }
    },
    {
      "type": "Feature",
      "properties": {
        "fid": 211,
        "Layer": "LINES",
        "PaperSpace": null,
        "SubClasses": null,
        "Linetype": null,
        "EntityHandle": null,
        "Text": null,
        "ogr_style": "PEN(c:#000000)",
        "font": null,
        "angle": null,
        "size": null,
        "size_u": null,
        "anchor": null,
        "color": "#000000",
        "underline": null,
        "plaintext": null,
        "fcolor": null,
        "flnum": null,
        "bold": null,
        "italic": null,
        "dx": null,
        "dx_u": null,
        "dy": null,
        "dy_u": null
      },
      "geometry": {
        "type": "MultiPolygon",
        "coordinates": [
          [
            [
              [
                131.880722,
                43.119789
              ],
              [
                131.880566,
                43.119821
              ],
              [
                131.880451,
                43.119511
              ],
              [
                131.880608,
                43.11948
              ],
              [
                131.880722,
                43.119789
              ]
            ]
          ]
        ]
      }
    },
    {
      "type": "Feature",
      "properties": {
        "fid": 212,
        "Layer": "LINES",
        "PaperSpace": null,
        "SubClasses": null,
        "Linetype": null,
        "EntityHandle": null,
        "Text": null,
        "ogr_style": "PEN(c:#000000)",
        "font": null,
        "angle": null,
        "size": null,
        "size_u": null,
        "anchor": null,
        "color": "#000000",
        "underline": null,
        "plaintext": null,
        "fcolor": null,
        "flnum": null,
        "bold": null,
        "italic": null,
        "dx": null,
        "dx_u": null,
        "dy": null,
        "dy_u": null
      },
      "geometry": {
        "type": "MultiPolygon",
        "coordinates": [
          [
            [
              [
                131.879974,
                43.117428
              ],
              [
                131.880001,
                43.117499
              ],
              [
                131.879742,
                43.117546
              ],
              [
                131.879674,
                43.117367
              ],
              [
                131.880175,
                43.117271
              ],
              [
                131.880216,
                43.117379
              ],
              [
                131.879974,
                43.117428
              ]
            ]
          ]
        ]
      }
    },
    {
      "type": "Feature",
      "properties": {
        "fid": 213,
        "Layer": "LINES",
        "PaperSpace": null,
        "SubClasses": null,
        "Linetype": null,
        "EntityHandle": null,
        "Text": null,
        "ogr_style": "PEN(c:#000000)",
        "font": null,
        "angle": null,
        "size": null,
        "size_u": null,
        "anchor": null,
        "color": "#000000",
        "underline": null,
        "plaintext": null,
        "fcolor": null,
        "flnum": null,
        "bold": null,
        "italic": null,
        "dx": null,
        "dx_u": null,
        "dy": null,
        "dy_u": null
      },
      "geometry": {
        "type": "MultiPolygon",
        "coordinates": [
          [
            [
              [
                131.892415,
                43.113442
              ],
              [
                131.892366,
                43.113334
              ],
              [
                131.892465,
                43.113334
              ],
              [
                131.892415,
                43.113442
              ]
            ]
          ]
        ]
      }
    },
    {
      "type": "Feature",
      "properties": {
        "fid": 214,
        "Layer": "LINES",
        "PaperSpace": null,
        "SubClasses": null,
        "Linetype": null,
        "EntityHandle": null,
        "Text": null,
        "ogr_style": "PEN(c:#000000)",
        "font": null,
        "angle": null,
        "size": null,
        "size_u": null,
        "anchor": null,
        "color": "#000000",
        "underline": null,
        "plaintext": null,
        "fcolor": null,
        "flnum": null,
        "bold": null,
        "italic": null,
        "dx": null,
        "dx_u": null,
        "dy": null,
        "dy_u": null
      },
      "geometry": {
        "type": "MultiPolygon",
        "coordinates": [
          [
            [
              [
                131.892569,
                43.113893
              ],
              [
                131.892617,
                43.114057
              ],
              [
                131.893008,
                43.113995
              ],
              [
                131.893003,
                43.113978
              ],
              [
                131.893094,
                43.113962
              ],
              [
                131.893193,
                43.113945
              ],
              [
                131.893183,
                43.113916
              ],
              [
                131.893224,
                43.113909
              ],
              [
                131.893191,
                43.113824
              ],
              [
                131.893157,
                43.11383
              ],
              [
                131.893146,
                43.113795
              ],
              [
                131.893046,
                43.113812
              ],
              [
                131.892569,
                43.113893
              ]
            ]
          ]
        ]
      }
    },
    {
      "type": "Feature",
      "properties": {
        "fid": 215,
        "Layer": "LINES",
        "PaperSpace": null,
        "SubClasses": null,
        "Linetype": null,
        "EntityHandle": null,
        "Text": null,
        "ogr_style": "PEN(c:#000000)",
        "font": null,
        "angle": null,
        "size": null,
        "size_u": null,
        "anchor": null,
        "color": "#000000",
        "underline": null,
        "plaintext": null,
        "fcolor": null,
        "flnum": null,
        "bold": null,
        "italic": null,
        "dx": null,
        "dx_u": null,
        "dy": null,
        "dy_u": null
      },
      "geometry": {
        "type": "MultiPolygon",
        "coordinates": [
          [
            [
              [
                131.892514,
                43.113682
              ],
              [
                131.892561,
                43.113838
              ],
              [
                131.893104,
                43.113751
              ],
              [
                131.893057,
                43.113594
              ],
              [
                131.892514,
                43.113682
              ]
            ]
          ]
        ]
      }
    },
    {
      "type": "Feature",
      "properties": {
        "fid": 216,
        "Layer": "LINES",
        "PaperSpace": null,
        "SubClasses": null,
        "Linetype": null,
        "EntityHandle": null,
        "Text": null,
        "ogr_style": "PEN(c:#000000)",
        "font": null,
        "angle": null,
        "size": null,
        "size_u": null,
        "anchor": null,
        "color": "#000000",
        "underline": null,
        "plaintext": null,
        "fcolor": null,
        "flnum": null,
        "bold": null,
        "italic": null,
        "dx": null,
        "dx_u": null,
        "dy": null,
        "dy_u": null
      },
      "geometry": {
        "type": "MultiPolygon",
        "coordinates": [
          [
            [
              [
                131.892696,
                43.113143
              ],
              [
                131.892661,
                43.113039
              ],
              [
                131.892688,
                43.113014
              ],
              [
                131.892624,
                43.112994
              ],
              [
                131.892624,
                43.113011
              ],
              [
                131.892461,
                43.113036
              ],
              [
                131.892429,
                43.112916
              ],
              [
                131.892738,
                43.112866
              ],
              [
                131.892804,
                43.112894
              ],
              [
                131.892818,
                43.112947
              ],
              [
                131.892832,
                43.112948
              ],
              [
                131.892882,
                43.11311
              ],
              [
                131.892696,
                43.113143
              ]
            ]
          ]
        ]
      }
    },
    {
      "type": "Feature",
      "properties": {
        "fid": 217,
        "Layer": "LINES",
        "PaperSpace": null,
        "SubClasses": null,
        "Linetype": null,
        "EntityHandle": null,
        "Text": null,
        "ogr_style": "PEN(c:#000000)",
        "font": null,
        "angle": null,
        "size": null,
        "size_u": null,
        "anchor": null,
        "color": "#000000",
        "underline": null,
        "plaintext": null,
        "fcolor": null,
        "flnum": null,
        "bold": null,
        "italic": null,
        "dx": null,
        "dx_u": null,
        "dy": null,
        "dy_u": null
      },
      "geometry": {
        "type": "MultiPolygon",
        "coordinates": [
          [
            [
              [
                131.88781,
                43.124617
              ],
              [
                131.888203,
                43.124546
              ],
              [
                131.888209,
                43.124564
              ],
              [
                131.888249,
                43.124556
              ],
              [
                131.888292,
                43.124561
              ],
              [
                131.888341,
                43.124575
              ],
              [
                131.888404,
                43.124607
              ],
              [
                131.888443,
                43.124642
              ],
              [
                131.888452,
                43.124669
              ],
              [
                131.888476,
                43.124668
              ],
              [
                131.888524,
                43.1248
              ],
              [
                131.888367,
                43.124828
              ],
              [
                131.888327,
                43.124698
              ],
              [
                131.888282,
                43.124706
              ],
              [
                131.88824,
                43.124698
              ],
              [
                131.887859,
                43.124764
              ],
              [
                131.88781,
                43.124617
              ]
            ]
          ]
        ]
      }
    },
    {
      "type": "Feature",
      "properties": {
        "fid": 218,
        "Layer": "LINES",
        "PaperSpace": null,
        "SubClasses": null,
        "Linetype": null,
        "EntityHandle": null,
        "Text": null,
        "ogr_style": "PEN(c:#000000)",
        "font": null,
        "angle": null,
        "size": null,
        "size_u": null,
        "anchor": null,
        "color": "#000000",
        "underline": null,
        "plaintext": null,
        "fcolor": null,
        "flnum": null,
        "bold": null,
        "italic": null,
        "dx": null,
        "dx_u": null,
        "dy": null,
        "dy_u": null
      },
      "geometry": {
        "type": "MultiPolygon",
        "coordinates": [
          [
            [
              [
                131.887946,
                43.123554
              ],
              [
                131.888119,
                43.123522
              ],
              [
                131.888134,
                43.123565
              ],
              [
                131.88813,
                43.123566
              ],
              [
                131.888176,
                43.123692
              ],
              [
                131.88818,
                43.123691
              ],
              [
                131.888195,
                43.123731
              ],
              [
                131.888077,
                43.123754
              ],
              [
                131.88811,
                43.123845
              ],
              [
                131.888226,
                43.123822
              ],
              [
                131.888236,
                43.123847
              ],
              [
                131.888229,
                43.123848
              ],
              [
                131.888257,
                43.123924
              ],
              [
                131.888262,
                43.123923
              ],
              [
                131.888272,
                43.123954
              ],
              [
                131.887997,
                43.124009
              ],
              [
                131.887987,
                43.123982
              ],
              [
                131.887934,
                43.123993
              ],
              [
                131.887895,
                43.123887
              ],
              [
                131.888031,
                43.12386
              ],
              [
                131.887943,
                43.123603
              ],
              [
                131.887962,
                43.1236
              ],
              [
                131.887946,
                43.123554
              ]
            ]
          ]
        ]
      }
    },
    {
      "type": "Feature",
      "properties": {
        "fid": 219,
        "Layer": "LINES",
        "PaperSpace": null,
        "SubClasses": null,
        "Linetype": null,
        "EntityHandle": null,
        "Text": null,
        "ogr_style": "PEN(c:#000000)",
        "font": null,
        "angle": null,
        "size": null,
        "size_u": null,
        "anchor": null,
        "color": "#000000",
        "underline": null,
        "plaintext": null,
        "fcolor": null,
        "flnum": null,
        "bold": null,
        "italic": null,
        "dx": null,
        "dx_u": null,
        "dy": null,
        "dy_u": null
      },
      "geometry": {
        "type": "MultiPolygon",
        "coordinates": [
          [
            [
              [
                131.887462,
                43.120829
              ],
              [
                131.887428,
                43.120836
              ],
              [
                131.887364,
                43.120671
              ],
              [
                131.887456,
                43.120652
              ],
              [
                131.887518,
                43.120639
              ],
              [
                131.887549,
                43.120719
              ],
              [
                131.887581,
                43.120712
              ],
              [
                131.887609,
                43.120789
              ],
              [
                131.887579,
                43.120795
              ],
              [
                131.887582,
                43.120805
              ],
              [
                131.887559,
                43.12081
              ],
              [
                131.88753,
                43.120816
              ],
              [
                131.887537,
                43.120835
              ],
              [
                131.887469,
                43.120848
              ],
              [
                131.887462,
                43.120829
              ]
            ]
          ]
        ]
      }
    },
    {
      "type": "Feature",
      "properties": {
        "fid": 220,
        "Layer": "LINES",
        "PaperSpace": null,
        "SubClasses": null,
        "Linetype": null,
        "EntityHandle": null,
        "Text": null,
        "ogr_style": "PEN(c:#000000)",
        "font": null,
        "angle": null,
        "size": null,
        "size_u": null,
        "anchor": null,
        "color": "#000000",
        "underline": null,
        "plaintext": null,
        "fcolor": null,
        "flnum": null,
        "bold": null,
        "italic": null,
        "dx": null,
        "dx_u": null,
        "dy": null,
        "dy_u": null
      },
      "geometry": {
        "type": "MultiPolygon",
        "coordinates": [
          [
            [
              [
                131.887263,
                43.120367
              ],
              [
                131.887434,
                43.120333
              ],
              [
                131.887518,
                43.120571
              ],
              [
                131.887343,
                43.120606
              ],
              [
                131.887263,
                43.120367
              ]
            ]
          ]
        ]
      }
    },
    {
      "type": "Feature",
      "properties": {
        "fid": 221,
        "Layer": "LINES",
        "PaperSpace": null,
        "SubClasses": null,
        "Linetype": null,
        "EntityHandle": null,
        "Text": null,
        "ogr_style": "PEN(c:#000000)",
        "font": null,
        "angle": null,
        "size": null,
        "size_u": null,
        "anchor": null,
        "color": "#000000",
        "underline": null,
        "plaintext": null,
        "fcolor": null,
        "flnum": null,
        "bold": null,
        "italic": null,
        "dx": null,
        "dx_u": null,
        "dy": null,
        "dy_u": null
      },
      "geometry": {
        "type": "MultiPolygon",
        "coordinates": [
          [
            [
              [
                131.887171,
                43.120111
              ],
              [
                131.887155,
                43.120064
              ],
              [
                131.887162,
                43.120063
              ],
              [
                131.887118,
                43.119931
              ],
              [
                131.887144,
                43.1199
              ],
              [
                131.887346,
                43.119862
              ],
              [
                131.887416,
                43.120063
              ],
              [
                131.88737,
                43.120071
              ],
              [
                131.887171,
                43.120111
              ]
            ]
          ]
        ]
      }
    },
    {
      "type": "Feature",
      "properties": {
        "fid": 222,
        "Layer": "LINES",
        "PaperSpace": null,
        "SubClasses": null,
        "Linetype": null,
        "EntityHandle": null,
        "Text": null,
        "ogr_style": "PEN(c:#000000)",
        "font": null,
        "angle": null,
        "size": null,
        "size_u": null,
        "anchor": null,
        "color": "#000000",
        "underline": null,
        "plaintext": null,
        "fcolor": null,
        "flnum": null,
        "bold": null,
        "italic": null,
        "dx": null,
        "dx_u": null,
        "dy": null,
        "dy_u": null
      },
      "geometry": {
        "type": "MultiPolygon",
        "coordinates": [
          [
            [
              [
                131.886696,
                43.120189
              ],
              [
                131.886634,
                43.120165
              ],
              [
                131.886503,
                43.12019
              ],
              [
                131.886452,
                43.120053
              ],
              [
                131.886648,
                43.120015
              ],
              [
                131.886644,
                43.12
              ],
              [
                131.886828,
                43.119964
              ],
              [
                131.886873,
                43.120086
              ],
              [
                131.886855,
                43.120089
              ],
              [
                131.886973,
                43.120415
              ],
              [
                131.886988,
                43.120411
              ],
              [
                131.887024,
                43.120505
              ],
              [
                131.886882,
                43.120534
              ],
              [
                131.886867,
                43.120495
              ],
              [
                131.88681,
                43.120506
              ],
              [
                131.886696,
                43.120189
              ]
            ]
          ]
        ]
      }
    },
    {
      "type": "Feature",
      "properties": {
        "fid": 223,
        "Layer": "LINES",
        "PaperSpace": null,
        "SubClasses": null,
        "Linetype": null,
        "EntityHandle": null,
        "Text": null,
        "ogr_style": "PEN(c:#000000)",
        "font": null,
        "angle": null,
        "size": null,
        "size_u": null,
        "anchor": null,
        "color": "#000000",
        "underline": null,
        "plaintext": null,
        "fcolor": null,
        "flnum": null,
        "bold": null,
        "italic": null,
        "dx": null,
        "dx_u": null,
        "dy": null,
        "dy_u": null
      },
      "geometry": {
        "type": "MultiPolygon",
        "coordinates": [
          [
            [
              [
                131.886947,
                43.119168
              ],
              [
                131.886922,
                43.119173
              ],
              [
                131.886861,
                43.119003
              ],
              [
                131.886887,
                43.118998
              ],
              [
                131.886858,
                43.118917
              ],
              [
                131.886961,
                43.118898
              ],
              [
                131.887086,
                43.118906
              ],
              [
                131.887106,
                43.118964
              ],
              [
                131.88708,
                43.118969
              ],
              [
                131.887126,
                43.119101
              ],
              [
                131.887263,
                43.119075
              ],
              [
                131.887303,
                43.119187
              ],
              [
                131.886977,
                43.119251
              ],
              [
                131.886947,
                43.119168
              ]
            ]
          ]
        ]
      }
    },
    {
      "type": "Feature",
      "properties": {
        "fid": 224,
        "Layer": "LINES",
        "PaperSpace": null,
        "SubClasses": null,
        "Linetype": null,
        "EntityHandle": null,
        "Text": null,
        "ogr_style": "PEN(c:#000000)",
        "font": null,
        "angle": null,
        "size": null,
        "size_u": null,
        "anchor": null,
        "color": "#000000",
        "underline": null,
        "plaintext": null,
        "fcolor": null,
        "flnum": null,
        "bold": null,
        "italic": null,
        "dx": null,
        "dx_u": null,
        "dy": null,
        "dy_u": null
      },
      "geometry": {
        "type": "MultiPolygon",
        "coordinates": [
          [
            [
              [
                131.886199,
                43.118593
              ],
              [
                131.886365,
                43.118559
              ],
              [
                131.886454,
                43.118811
              ],
              [
                131.88628,
                43.118823
              ],
              [
                131.886199,
                43.118593
              ]
            ]
          ]
        ]
      }
    },
    {
      "type": "Feature",
      "properties": {
        "fid": 225,
        "Layer": "LINES",
        "PaperSpace": null,
        "SubClasses": null,
        "Linetype": null,
        "EntityHandle": null,
        "Text": null,
        "ogr_style": "PEN(c:#000000)",
        "font": null,
        "angle": null,
        "size": null,
        "size_u": null,
        "anchor": null,
        "color": "#000000",
        "underline": null,
        "plaintext": null,
        "fcolor": null,
        "flnum": null,
        "bold": null,
        "italic": null,
        "dx": null,
        "dx_u": null,
        "dy": null,
        "dy_u": null
      },
      "geometry": {
        "type": "MultiPolygon",
        "coordinates": [
          [
            [
              [
                131.88623,
                43.11717
              ],
              [
                131.886387,
                43.117136
              ],
              [
                131.886401,
                43.117171
              ],
              [
                131.886408,
                43.11717
              ],
              [
                131.886544,
                43.117552
              ],
              [
                131.886584,
                43.117664
              ],
              [
                131.886549,
                43.117671
              ],
              [
                131.88656,
                43.117703
              ],
              [
                131.88643,
                43.117729
              ],
              [
                131.88623,
                43.11717
              ]
            ]
          ]
        ]
      }
    },
    {
      "type": "Feature",
      "properties": {
        "fid": 226,
        "Layer": "LINES",
        "PaperSpace": null,
        "SubClasses": null,
        "Linetype": null,
        "EntityHandle": null,
        "Text": null,
        "ogr_style": "PEN(c:#000000)",
        "font": null,
        "angle": null,
        "size": null,
        "size_u": null,
        "anchor": null,
        "color": "#000000",
        "underline": null,
        "plaintext": null,
        "fcolor": null,
        "flnum": null,
        "bold": null,
        "italic": null,
        "dx": null,
        "dx_u": null,
        "dy": null,
        "dy_u": null
      },
      "geometry": {
        "type": "MultiPolygon",
        "coordinates": [
          [
            [
              [
                131.886173,
                43.116706
              ],
              [
                131.886603,
                43.116617
              ],
              [
                131.886641,
                43.116711
              ],
              [
                131.886337,
                43.116775
              ],
              [
                131.886339,
                43.116781
              ],
              [
                131.886292,
                43.116789
              ],
              [
                131.88629,
                43.116782
              ],
              [
                131.886208,
                43.116797
              ],
              [
                131.886173,
                43.116706
              ]
            ]
          ]
        ]
      }
    },
    {
      "type": "Feature",
      "properties": {
        "fid": 227,
        "Layer": "LINES",
        "PaperSpace": null,
        "SubClasses": null,
        "Linetype": null,
        "EntityHandle": null,
        "Text": null,
        "ogr_style": "PEN(c:#000000)",
        "font": null,
        "angle": null,
        "size": null,
        "size_u": null,
        "anchor": null,
        "color": "#000000",
        "underline": null,
        "plaintext": null,
        "fcolor": null,
        "flnum": null,
        "bold": null,
        "italic": null,
        "dx": null,
        "dx_u": null,
        "dy": null,
        "dy_u": null
      },
      "geometry": {
        "type": "MultiPolygon",
        "coordinates": [
          [
            [
              [
                131.885945,
                43.116381
              ],
              [
                131.886097,
                43.116355
              ],
              [
                131.886203,
                43.116643
              ],
              [
                131.886185,
                43.116648
              ],
              [
                131.886205,
                43.116699
              ],
              [
                131.886173,
                43.116706
              ],
              [
                131.886207,
                43.116792
              ],
              [
                131.886169,
                43.116798
              ],
              [
                131.886161,
                43.116783
              ],
              [
                131.88612,
                43.11677
              ],
              [
                131.886099,
                43.116774
              ],
              [
                131.886091,
                43.116752
              ],
              [
                131.886086,
                43.116754
              ],
              [
                131.885945,
                43.116381
              ]
            ]
          ]
        ]
      }
    },
    {
      "type": "Feature",
      "properties": {
        "fid": 228,
        "Layer": "LINES",
        "PaperSpace": null,
        "SubClasses": null,
        "Linetype": null,
        "EntityHandle": null,
        "Text": null,
        "ogr_style": "PEN(c:#000000)",
        "font": null,
        "angle": null,
        "size": null,
        "size_u": null,
        "anchor": null,
        "color": "#000000",
        "underline": null,
        "plaintext": null,
        "fcolor": null,
        "flnum": null,
        "bold": null,
        "italic": null,
        "dx": null,
        "dx_u": null,
        "dy": null,
        "dy_u": null
      },
      "geometry": {
        "type": "MultiPolygon",
        "coordinates": [
          [
            [
              [
                131.934426,
                43.111476
              ],
              [
                131.934534,
                43.111421
              ],
              [
                131.93454,
                43.111429
              ],
              [
                131.93554,
                43.110937
              ],
              [
                131.935535,
                43.110932
              ],
              [
                131.935575,
                43.110913
              ],
              [
                131.935585,
                43.110925
              ],
              [
                131.935833,
                43.110801
              ],
              [
                131.935825,
                43.110795
              ],
              [
                131.935867,
                43.110773
              ],
              [
                131.935875,
                43.110781
              ],
              [
                131.935894,
                43.110771
              ],
              [
                131.935969,
                43.110855
              ],
              [
                131.935991,
                43.110845
              ],
              [
                131.936115,
                43.110977
              ],
              [
                131.936096,
                43.110986
              ],
              [
                131.936126,
                43.111018
              ],
              [
                131.93603,
                43.111065
              ],
              [
                131.936002,
                43.111033
              ],
              [
                131.935977,
                43.111045
              ],
              [
                131.935944,
                43.111009
              ],
              [
                131.935963,
                43.110999
              ],
              [
                131.935906,
                43.110938
              ],
              [
                131.935687,
                43.111046
              ],
              [
                131.935672,
                43.11103
              ],
              [
                131.934634,
                43.111539
              ],
              [
                131.934629,
                43.111533
              ],
              [
                131.934522,
                43.111583
              ],
              [
                131.934426,
                43.111476
              ]
            ]
          ]
        ]
      }
    },
    {
      "type": "Feature",
      "properties": {
        "fid": 229,
        "Layer": "LINES",
        "PaperSpace": null,
        "SubClasses": null,
        "Linetype": null,
        "EntityHandle": null,
        "Text": null,
        "ogr_style": "PEN(c:#000000)",
        "font": null,
        "angle": null,
        "size": null,
        "size_u": null,
        "anchor": null,
        "color": "#000000",
        "underline": null,
        "plaintext": null,
        "fcolor": null,
        "flnum": null,
        "bold": null,
        "italic": null,
        "dx": null,
        "dx_u": null,
        "dy": null,
        "dy_u": null
      },
      "geometry": {
        "type": "MultiPolygon",
        "coordinates": [
          [
            [
              [
                131.884444,
                43.11928
              ],
              [
                131.884513,
                43.11929
              ],
              [
                131.884514,
                43.119286
              ],
              [
                131.88468,
                43.119312
              ],
              [
                131.884679,
                43.119317
              ],
              [
                131.884878,
                43.119345
              ],
              [
                131.884876,
                43.119352
              ],
              [
                131.884955,
                43.119363
              ],
              [
                131.884927,
                43.119466
              ],
              [
                131.884685,
                43.119431
              ],
              [
                131.884647,
                43.119428
              ],
              [
                131.884416,
                43.119393
              ],
              [
                131.884444,
                43.11928
              ]
            ]
          ]
        ]
      }
    },
    {
      "type": "Feature",
      "properties": {
        "fid": 230,
        "Layer": "LINES",
        "PaperSpace": null,
        "SubClasses": null,
        "Linetype": null,
        "EntityHandle": null,
        "Text": null,
        "ogr_style": "PEN(c:#000000)",
        "font": null,
        "angle": null,
        "size": null,
        "size_u": null,
        "anchor": null,
        "color": "#000000",
        "underline": null,
        "plaintext": null,
        "fcolor": null,
        "flnum": null,
        "bold": null,
        "italic": null,
        "dx": null,
        "dx_u": null,
        "dy": null,
        "dy_u": null
      },
      "geometry": {
        "type": "MultiPolygon",
        "coordinates": [
          [
            [
              [
                131.88479,
                43.11975
              ],
              [
                131.88482,
                43.119621
              ],
              [
                131.885095,
                43.119659
              ],
              [
                131.885106,
                43.119729
              ],
              [
                131.885089,
                43.119797
              ],
              [
                131.884986,
                43.119792
              ],
              [
                131.884893,
                43.119778
              ],
              [
                131.884896,
                43.119765
              ],
              [
                131.88479,
                43.11975
              ]
            ]
          ]
        ]
      }
    },
    {
      "type": "Feature",
      "properties": {
        "fid": 231,
        "Layer": "LINES",
        "PaperSpace": null,
        "SubClasses": null,
        "Linetype": null,
        "EntityHandle": null,
        "Text": null,
        "ogr_style": "PEN(c:#000000)",
        "font": null,
        "angle": null,
        "size": null,
        "size_u": null,
        "anchor": null,
        "color": "#000000",
        "underline": null,
        "plaintext": null,
        "fcolor": null,
        "flnum": null,
        "bold": null,
        "italic": null,
        "dx": null,
        "dx_u": null,
        "dy": null,
        "dy_u": null
      },
      "geometry": {
        "type": "MultiPolygon",
        "coordinates": [
          [
            [
              [
                131.935554,
                43.114037
              ],
              [
                131.935129,
                43.114014
              ],
              [
                131.935149,
                43.113824
              ],
              [
                131.935555,
                43.113845
              ],
              [
                131.935549,
                43.113907
              ],
              [
                131.93533,
                43.113895
              ],
              [
                131.935328,
                43.113911
              ],
              [
                131.935325,
                43.113947
              ],
              [
                131.935561,
                43.113958
              ],
              [
                131.935554,
                43.114037
              ]
            ]
          ]
        ]
      }
    },
    {
      "type": "Feature",
      "properties": {
        "fid": 232,
        "Layer": "LINES",
        "PaperSpace": null,
        "SubClasses": null,
        "Linetype": null,
        "EntityHandle": null,
        "Text": null,
        "ogr_style": "PEN(c:#000000)",
        "font": null,
        "angle": null,
        "size": null,
        "size_u": null,
        "anchor": null,
        "color": "#000000",
        "underline": null,
        "plaintext": null,
        "fcolor": null,
        "flnum": null,
        "bold": null,
        "italic": null,
        "dx": null,
        "dx_u": null,
        "dy": null,
        "dy_u": null
      },
      "geometry": {
        "type": "MultiPolygon",
        "coordinates": [
          [
            [
              [
                131.935993,
                43.111875
              ],
              [
                131.935965,
                43.111873
              ],
              [
                131.935965,
                43.111877
              ],
              [
                131.935948,
                43.111875
              ],
              [
                131.935949,
                43.111871
              ],
              [
                131.935895,
                43.111866
              ],
              [
                131.935893,
                43.111872
              ],
              [
                131.935874,
                43.11187
              ],
              [
                131.935877,
                43.111856
              ],
              [
                131.935807,
                43.111849
              ],
              [
                131.935819,
                43.111737
              ],
              [
                131.935871,
                43.111741
              ],
              [
                131.93592,
                43.111718
              ],
              [
                131.935935,
                43.111608
              ],
              [
                131.935923,
                43.111607
              ],
              [
                131.935929,
                43.111568
              ],
              [
                131.935942,
                43.111568
              ],
              [
                131.935962,
                43.111415
              ],
              [
                131.935952,
                43.111414
              ],
              [
                131.935957,
                43.11137
              ],
              [
                131.935969,
                43.111371
              ],
              [
                131.935989,
                43.111215
              ],
              [
                131.935978,
                43.111214
              ],
              [
                131.935983,
                43.111174
              ],
              [
                131.935995,
                43.111175
              ],
              [
                131.936003,
                43.111111
              ],
              [
                131.936023,
                43.111112
              ],
              [
                131.93603,
                43.111065
              ],
              [
                131.936126,
                43.111018
              ],
              [
                131.936167,
                43.111062
              ],
              [
                131.936155,
                43.111151
              ],
              [
                131.936167,
                43.111152
              ],
              [
                131.936166,
                43.111165
              ],
              [
                131.936159,
                43.111165
              ],
              [
                131.936153,
                43.111224
              ],
              [
                131.936158,
                43.111225
              ],
              [
                131.936157,
                43.111237
              ],
              [
                131.936142,
                43.111236
              ],
              [
                131.936128,
                43.111348
              ],
              [
                131.936144,
                43.111349
              ],
              [
                131.936143,
                43.111364
              ],
              [
                131.936134,
                43.111364
              ],
              [
                131.936126,
                43.111422
              ],
              [
                131.936132,
                43.111423
              ],
              [
                131.936131,
                43.111433
              ],
              [
                131.936115,
                43.111433
              ],
              [
                131.936102,
                43.111545
              ],
              [
                131.936115,
                43.111545
              ],
              [
                131.936108,
                43.11163
              ],
              [
                131.93609,
                43.111629
              ],
              [
                131.936075,
                43.111738
              ],
              [
                131.93609,
                43.11174
              ],
              [
                131.936088,
                43.111752
              ],
              [
                131.936079,
                43.111751
              ],
              [
                131.936073,
                43.111794
              ],
              [
                131.936081,
                43.111794
              ],
              [
                131.936079,
                43.111807
              ],
              [
                131.936071,
                43.111807
              ],
              [
                131.936069,
                43.111828
              ],
              [
                131.936025,
                43.111825
              ],
              [
                131.935998,
                43.111842
              ],
              [
                131.935993,
                43.111875
              ]
            ]
          ]
        ]
      }
    },
    {
      "type": "Feature",
      "properties": {
        "fid": 233,
        "Layer": "LINES",
        "PaperSpace": null,
        "SubClasses": null,
        "Linetype": null,
        "EntityHandle": null,
        "Text": null,
        "ogr_style": "PEN(c:#000000)",
        "font": null,
        "angle": null,
        "size": null,
        "size_u": null,
        "anchor": null,
        "color": "#000000",
        "underline": null,
        "plaintext": null,
        "fcolor": null,
        "flnum": null,
        "bold": null,
        "italic": null,
        "dx": null,
        "dx_u": null,
        "dy": null,
        "dy_u": null
      },
      "geometry": {
        "type": "MultiPolygon",
        "coordinates": [
          [
            [
              [
                131.883155,
                43.114357
              ],
              [
                131.882929,
                43.114406
              ],
              [
                131.882928,
                43.114404
              ],
              [
                131.882845,
                43.114421
              ],
              [
                131.882821,
                43.114362
              ],
              [
                131.882902,
                43.114344
              ],
              [
                131.882876,
                43.114278
              ],
              [
                131.882886,
                43.114276
              ],
              [
                131.88279,
                43.114038
              ],
              [
                131.883007,
                43.113991
              ],
              [
                131.88304,
                43.114074
              ],
              [
                131.883045,
                43.114073
              ],
              [
                131.883047,
                43.114079
              ],
              [
                131.883043,
                43.11408
              ],
              [
                131.883056,
                43.114112
              ],
              [
                131.883059,
                43.114111
              ],
              [
                131.883062,
                43.114117
              ],
              [
                131.883058,
                43.114118
              ],
              [
                131.883071,
                43.11415
              ],
              [
                131.883075,
                43.114149
              ],
              [
                131.883078,
                43.114155
              ],
              [
                131.883074,
                43.114156
              ],
              [
                131.883086,
                43.114188
              ],
              [
                131.883091,
                43.114188
              ],
              [
                131.883093,
                43.114193
              ],
              [
                131.883101,
                43.114225
              ],
              [
                131.883106,
                43.114223
              ],
              [
                131.883128,
                43.114278
              ],
              [
                131.883123,
                43.114279
              ],
              [
                131.883155,
                43.114357
              ]
            ]
          ]
        ]
      }
    },
    {
      "type": "Feature",
      "properties": {
        "fid": 234,
        "Layer": "LINES",
        "PaperSpace": null,
        "SubClasses": null,
        "Linetype": null,
        "EntityHandle": null,
        "Text": null,
        "ogr_style": "PEN(c:#000000)",
        "font": null,
        "angle": null,
        "size": null,
        "size_u": null,
        "anchor": null,
        "color": "#000000",
        "underline": null,
        "plaintext": null,
        "fcolor": null,
        "flnum": null,
        "bold": null,
        "italic": null,
        "dx": null,
        "dx_u": null,
        "dy": null,
        "dy_u": null
      },
      "geometry": {
        "type": "MultiPolygon",
        "coordinates": [
          [
            [
              [
                131.895343,
                43.11601
              ],
              [
                131.895503,
                43.115983
              ],
              [
                131.895531,
                43.116071
              ],
              [
                131.895371,
                43.116098
              ],
              [
                131.895343,
                43.11601
              ]
            ]
          ]
        ]
      }
    },
    {
      "type": "Feature",
      "properties": {
        "fid": 235,
        "Layer": "LINES",
        "PaperSpace": null,
        "SubClasses": null,
        "Linetype": null,
        "EntityHandle": null,
        "Text": null,
        "ogr_style": "PEN(c:#000000)",
        "font": null,
        "angle": null,
        "size": null,
        "size_u": null,
        "anchor": null,
        "color": "#000000",
        "underline": null,
        "plaintext": null,
        "fcolor": null,
        "flnum": null,
        "bold": null,
        "italic": null,
        "dx": null,
        "dx_u": null,
        "dy": null,
        "dy_u": null
      },
      "geometry": {
        "type": "MultiPolygon",
        "coordinates": [
          [
            [
              [
                131.895391,
                43.116233
              ],
              [
                131.895506,
                43.116209
              ],
              [
                131.895529,
                43.116267
              ],
              [
                131.895413,
                43.116291
              ],
              [
                131.895391,
                43.116233
              ]
            ]
          ]
        ]
      }
    },
    {
      "type": "Feature",
      "properties": {
        "fid": 236,
        "Layer": "LINES",
        "PaperSpace": null,
        "SubClasses": null,
        "Linetype": null,
        "EntityHandle": null,
        "Text": null,
        "ogr_style": "PEN(c:#000000)",
        "font": null,
        "angle": null,
        "size": null,
        "size_u": null,
        "anchor": null,
        "color": "#000000",
        "underline": null,
        "plaintext": null,
        "fcolor": null,
        "flnum": null,
        "bold": null,
        "italic": null,
        "dx": null,
        "dx_u": null,
        "dy": null,
        "dy_u": null
      },
      "geometry": {
        "type": "MultiPolygon",
        "coordinates": [
          [
            [
              [
                131.895153,
                43.11505
              ],
              [
                131.89513,
                43.11497
              ],
              [
                131.89533,
                43.114941
              ],
              [
                131.895291,
                43.114813
              ],
              [
                131.895428,
                43.114791
              ],
              [
                131.895487,
                43.115002
              ],
              [
                131.895153,
                43.11505
              ]
            ]
          ]
        ]
      }
    },
    {
      "type": "Feature",
      "properties": {
        "fid": 237,
        "Layer": "LINES",
        "PaperSpace": null,
        "SubClasses": null,
        "Linetype": null,
        "EntityHandle": null,
        "Text": null,
        "ogr_style": "PEN(c:#000000)",
        "font": null,
        "angle": null,
        "size": null,
        "size_u": null,
        "anchor": null,
        "color": "#000000",
        "underline": null,
        "plaintext": null,
        "fcolor": null,
        "flnum": null,
        "bold": null,
        "italic": null,
        "dx": null,
        "dx_u": null,
        "dy": null,
        "dy_u": null
      },
      "geometry": {
        "type": "MultiPolygon",
        "coordinates": [
          [
            [
              [
                131.894896,
                43.114836
              ],
              [
                131.894822,
                43.114631
              ],
              [
                131.894985,
                43.114599
              ],
              [
                131.895022,
                43.114708
              ],
              [
                131.895245,
                43.114664
              ],
              [
                131.895223,
                43.114603
              ],
              [
                131.895317,
                43.114585
              ],
              [
                131.895358,
                43.11469
              ],
              [
                131.895321,
                43.114698
              ],
              [
                131.895341,
                43.114749
              ],
              [
                131.895132,
                43.114789
              ],
              [
                131.895137,
                43.114804
              ],
              [
                131.895055,
                43.11482
              ],
              [
                131.895049,
                43.114805
              ],
              [
                131.894896,
                43.114836
              ]
            ]
          ]
        ]
      }
    },
    {
      "type": "Feature",
      "properties": {
        "fid": 238,
        "Layer": "LINES",
        "PaperSpace": null,
        "SubClasses": null,
        "Linetype": null,
        "EntityHandle": null,
        "Text": null,
        "ogr_style": "PEN(c:#000000)",
        "font": null,
        "angle": null,
        "size": null,
        "size_u": null,
        "anchor": null,
        "color": "#000000",
        "underline": null,
        "plaintext": null,
        "fcolor": null,
        "flnum": null,
        "bold": null,
        "italic": null,
        "dx": null,
        "dx_u": null,
        "dy": null,
        "dy_u": null
      },
      "geometry": {
        "type": "MultiPolygon",
        "coordinates": [
          [
            [
              [
                131.889136,
                43.118696
              ],
              [
                131.88913,
                43.118705
              ],
              [
                131.889079,
                43.118684
              ],
              [
                131.889165,
                43.118575
              ],
              [
                131.889488,
                43.118713
              ],
              [
                131.889407,
                43.118819
              ],
              [
                131.889252,
                43.118755
              ],
              [
                131.889258,
                43.118746
              ],
              [
                131.889136,
                43.118696
              ]
            ]
          ]
        ]
      }
    },
    {
      "type": "Feature",
      "properties": {
        "fid": 239,
        "Layer": "LINES",
        "PaperSpace": null,
        "SubClasses": null,
        "Linetype": null,
        "EntityHandle": null,
        "Text": null,
        "ogr_style": "PEN(c:#000000)",
        "font": null,
        "angle": null,
        "size": null,
        "size_u": null,
        "anchor": null,
        "color": "#000000",
        "underline": null,
        "plaintext": null,
        "fcolor": null,
        "flnum": null,
        "bold": null,
        "italic": null,
        "dx": null,
        "dx_u": null,
        "dy": null,
        "dy_u": null
      },
      "geometry": {
        "type": "MultiPolygon",
        "coordinates": [
          [
            [
              [
                131.889157,
                43.118931
              ],
              [
                131.889149,
                43.118944
              ],
              [
                131.889029,
                43.118905
              ],
              [
                131.889091,
                43.118801
              ],
              [
                131.889351,
                43.118885
              ],
              [
                131.889289,
                43.118989
              ],
              [
                131.889174,
                43.118952
              ],
              [
                131.889181,
                43.118939
              ],
              [
                131.889157,
                43.118931
              ]
            ]
          ]
        ]
      }
    },
    {
      "type": "Feature",
      "properties": {
        "fid": 240,
        "Layer": "LINES",
        "PaperSpace": null,
        "SubClasses": null,
        "Linetype": null,
        "EntityHandle": null,
        "Text": null,
        "ogr_style": "PEN(c:#000000)",
        "font": null,
        "angle": null,
        "size": null,
        "size_u": null,
        "anchor": null,
        "color": "#000000",
        "underline": null,
        "plaintext": null,
        "fcolor": null,
        "flnum": null,
        "bold": null,
        "italic": null,
        "dx": null,
        "dx_u": null,
        "dy": null,
        "dy_u": null
      },
      "geometry": {
        "type": "MultiPolygon",
        "coordinates": [
          [
            [
              [
                131.888488,
                43.11871
              ],
              [
                131.888566,
                43.118592
              ],
              [
                131.888906,
                43.118711
              ],
              [
                131.888829,
                43.11883
              ],
              [
                131.888488,
                43.11871
              ]
            ]
          ]
        ]
      }
    },
    {
      "type": "Feature",
      "properties": {
        "fid": 241,
        "Layer": "LINES",
        "PaperSpace": null,
        "SubClasses": null,
        "Linetype": null,
        "EntityHandle": null,
        "Text": null,
        "ogr_style": "PEN(c:#000000)",
        "font": null,
        "angle": null,
        "size": null,
        "size_u": null,
        "anchor": null,
        "color": "#000000",
        "underline": null,
        "plaintext": null,
        "fcolor": null,
        "flnum": null,
        "bold": null,
        "italic": null,
        "dx": null,
        "dx_u": null,
        "dy": null,
        "dy_u": null
      },
      "geometry": {
        "type": "MultiPolygon",
        "coordinates": [
          [
            [
              [
                131.887457,
                43.118575
              ],
              [
                131.887368,
                43.118545
              ],
              [
                131.887428,
                43.118453
              ],
              [
                131.887663,
                43.118535
              ],
              [
                131.887657,
                43.118543
              ],
              [
                131.887662,
                43.118545
              ],
              [
                131.887612,
                43.118623
              ],
              [
                131.887554,
                43.118603
              ],
              [
                131.887532,
                43.118635
              ],
              [
                131.88744,
                43.118601
              ],
              [
                131.887457,
                43.118575
              ]
            ]
          ]
        ]
      }
    },
    {
      "type": "Feature",
      "properties": {
        "fid": 242,
        "Layer": "LINES",
        "PaperSpace": null,
        "SubClasses": null,
        "Linetype": null,
        "EntityHandle": null,
        "Text": null,
        "ogr_style": "PEN(c:#000000)",
        "font": null,
        "angle": null,
        "size": null,
        "size_u": null,
        "anchor": null,
        "color": "#000000",
        "underline": null,
        "plaintext": null,
        "fcolor": null,
        "flnum": null,
        "bold": null,
        "italic": null,
        "dx": null,
        "dx_u": null,
        "dy": null,
        "dy_u": null
      },
      "geometry": {
        "type": "MultiPolygon",
        "coordinates": [
          [
            [
              [
                131.887239,
                43.118522
              ],
              [
                131.887306,
                43.118411
              ],
              [
                131.887428,
                43.118453
              ],
              [
                131.887355,
                43.118563
              ],
              [
                131.887239,
                43.118522
              ]
            ]
          ]
        ]
      }
    },
    {
      "type": "Feature",
      "properties": {
        "fid": 243,
        "Layer": "LINES",
        "PaperSpace": null,
        "SubClasses": null,
        "Linetype": null,
        "EntityHandle": null,
        "Text": null,
        "ogr_style": "PEN(c:#000000)",
        "font": null,
        "angle": null,
        "size": null,
        "size_u": null,
        "anchor": null,
        "color": "#000000",
        "underline": null,
        "plaintext": null,
        "fcolor": null,
        "flnum": null,
        "bold": null,
        "italic": null,
        "dx": null,
        "dx_u": null,
        "dy": null,
        "dy_u": null
      },
      "geometry": {
        "type": "MultiPolygon",
        "coordinates": [
          [
            [
              [
                131.889566,
                43.113289
              ],
              [
                131.889517,
                43.113181
              ],
              [
                131.889615,
                43.113181
              ],
              [
                131.889566,
                43.113289
              ]
            ]
          ]
        ]
      }
    },
    {
      "type": "Feature",
      "properties": {
        "fid": 244,
        "Layer": "LINES",
        "PaperSpace": null,
        "SubClasses": null,
        "Linetype": null,
        "EntityHandle": null,
        "Text": null,
        "ogr_style": "PEN(c:#000000)",
        "font": null,
        "angle": null,
        "size": null,
        "size_u": null,
        "anchor": null,
        "color": "#000000",
        "underline": null,
        "plaintext": null,
        "fcolor": null,
        "flnum": null,
        "bold": null,
        "italic": null,
        "dx": null,
        "dx_u": null,
        "dy": null,
        "dy_u": null
      },
      "geometry": {
        "type": "MultiPolygon",
        "coordinates": [
          [
            [
              [
                131.898462,
                43.113399
              ],
              [
                131.898761,
                43.113455
              ],
              [
                131.898774,
                43.113417
              ],
              [
                131.898887,
                43.113439
              ],
              [
                131.898831,
                43.113602
              ],
              [
                131.898718,
                43.113581
              ],
              [
                131.898724,
                43.113564
              ],
              [
                131.898424,
                43.113508
              ],
              [
                131.898418,
                43.113525
              ],
              [
                131.898309,
                43.113505
              ],
              [
                131.89836,
                43.113343
              ],
              [
                131.898475,
                43.113363
              ],
              [
                131.898462,
                43.113399
              ]
            ]
          ]
        ]
      }
    },
    {
      "type": "Feature",
      "properties": {
        "fid": 245,
        "Layer": "LINES",
        "PaperSpace": null,
        "SubClasses": null,
        "Linetype": null,
        "EntityHandle": null,
        "Text": null,
        "ogr_style": "PEN(c:#000000)",
        "font": null,
        "angle": null,
        "size": null,
        "size_u": null,
        "anchor": null,
        "color": "#000000",
        "underline": null,
        "plaintext": null,
        "fcolor": null,
        "flnum": null,
        "bold": null,
        "italic": null,
        "dx": null,
        "dx_u": null,
        "dy": null,
        "dy_u": null
      },
      "geometry": {
        "type": "MultiPolygon",
        "coordinates": []
      }
    },
    {
      "type": "Feature",
      "properties": {
        "fid": 246,
        "Layer": "LINES",
        "PaperSpace": null,
        "SubClasses": null,
        "Linetype": null,
        "EntityHandle": null,
        "Text": null,
        "ogr_style": "PEN(c:#000000)",
        "font": null,
        "angle": null,
        "size": null,
        "size_u": null,
        "anchor": null,
        "color": "#000000",
        "underline": null,
        "plaintext": null,
        "fcolor": null,
        "flnum": null,
        "bold": null,
        "italic": null,
        "dx": null,
        "dx_u": null,
        "dy": null,
        "dy_u": null
      },
      "geometry": {
        "type": "MultiPolygon",
        "coordinates": []
      }
    },
    {
      "type": "Feature",
      "properties": {
        "fid": 247,
        "Layer": "LINES",
        "PaperSpace": null,
        "SubClasses": null,
        "Linetype": null,
        "EntityHandle": null,
        "Text": null,
        "ogr_style": "PEN(c:#000000)",
        "font": null,
        "angle": null,
        "size": null,
        "size_u": null,
        "anchor": null,
        "color": "#000000",
        "underline": null,
        "plaintext": null,
        "fcolor": null,
        "flnum": null,
        "bold": null,
        "italic": null,
        "dx": null,
        "dx_u": null,
        "dy": null,
        "dy_u": null
      },
      "geometry": {
        "type": "MultiPolygon",
        "coordinates": []
      }
    },
    {
      "type": "Feature",
      "properties": {
        "fid": 248,
        "Layer": "LINES",
        "PaperSpace": null,
        "SubClasses": null,
        "Linetype": null,
        "EntityHandle": null,
        "Text": null,
        "ogr_style": "PEN(c:#000000)",
        "font": null,
        "angle": null,
        "size": null,
        "size_u": null,
        "anchor": null,
        "color": "#000000",
        "underline": null,
        "plaintext": null,
        "fcolor": null,
        "flnum": null,
        "bold": null,
        "italic": null,
        "dx": null,
        "dx_u": null,
        "dy": null,
        "dy_u": null
      },
      "geometry": {
        "type": "MultiPolygon",
        "coordinates": []
      }
    },
    {
      "type": "Feature",
      "properties": {
        "fid": 249,
        "Layer": "LINES",
        "PaperSpace": null,
        "SubClasses": null,
        "Linetype": null,
        "EntityHandle": null,
        "Text": null,
        "ogr_style": "PEN(c:#000000)",
        "font": null,
        "angle": null,
        "size": null,
        "size_u": null,
        "anchor": null,
        "color": "#000000",
        "underline": null,
        "plaintext": null,
        "fcolor": null,
        "flnum": null,
        "bold": null,
        "italic": null,
        "dx": null,
        "dx_u": null,
        "dy": null,
        "dy_u": null
      },
      "geometry": {
        "type": "MultiPolygon",
        "coordinates": [
          [
            [
              [
                131.89196,
                43.113285
              ],
              [
                131.891911,
                43.113177
              ],
              [
                131.89201,
                43.113177
              ],
              [
                131.89196,
                43.113285
              ]
            ]
          ]
        ]
      }
    },
    {
      "type": "Feature",
      "properties": {
        "fid": 250,
        "Layer": "LINES",
        "PaperSpace": null,
        "SubClasses": null,
        "Linetype": null,
        "EntityHandle": null,
        "Text": null,
        "ogr_style": "PEN(c:#000000)",
        "font": null,
        "angle": null,
        "size": null,
        "size_u": null,
        "anchor": null,
        "color": "#000000",
        "underline": null,
        "plaintext": null,
        "fcolor": null,
        "flnum": null,
        "bold": null,
        "italic": null,
        "dx": null,
        "dx_u": null,
        "dy": null,
        "dy_u": null
      },
      "geometry": {
        "type": "MultiPolygon",
        "coordinates": [
          [
            [
              [
                131.890649,
                43.112849
              ],
              [
                131.890601,
                43.112741
              ],
              [
                131.890699,
                43.112741
              ],
              [
                131.890649,
                43.112849
              ]
            ]
          ]
        ]
      }
    },
    {
      "type": "Feature",
      "properties": {
        "fid": 251,
        "Layer": "LINES",
        "PaperSpace": null,
        "SubClasses": null,
        "Linetype": null,
        "EntityHandle": null,
        "Text": null,
        "ogr_style": "PEN(c:#000000)",
        "font": null,
        "angle": null,
        "size": null,
        "size_u": null,
        "anchor": null,
        "color": "#000000",
        "underline": null,
        "plaintext": null,
        "fcolor": null,
        "flnum": null,
        "bold": null,
        "italic": null,
        "dx": null,
        "dx_u": null,
        "dy": null,
        "dy_u": null
      },
      "geometry": {
        "type": "MultiPolygon",
        "coordinates": [
          [
            [
              [
                131.928372,
                43.111241
              ],
              [
                131.928693,
                43.111266
              ],
              [
                131.928709,
                43.111156
              ],
              [
                131.928638,
                43.111149
              ],
              [
                131.928646,
                43.1111
              ],
              [
                131.928585,
                43.111095
              ],
              [
                131.928581,
                43.11112
              ],
              [
                131.928525,
                43.111115
              ],
              [
                131.928521,
                43.111138
              ],
              [
                131.928483,
                43.111135
              ],
              [
                131.928477,
                43.111182
              ],
              [
                131.92838,
                43.111171
              ],
              [
                131.928372,
                43.111241
              ]
            ]
          ]
        ]
      }
    },
    {
      "type": "Feature",
      "properties": {
        "fid": 252,
        "Layer": "LINES",
        "PaperSpace": null,
        "SubClasses": null,
        "Linetype": null,
        "EntityHandle": null,
        "Text": null,
        "ogr_style": "PEN(c:#000000)",
        "font": null,
        "angle": null,
        "size": null,
        "size_u": null,
        "anchor": null,
        "color": "#000000",
        "underline": null,
        "plaintext": null,
        "fcolor": null,
        "flnum": null,
        "bold": null,
        "italic": null,
        "dx": null,
        "dx_u": null,
        "dy": null,
        "dy_u": null
      },
      "geometry": {
        "type": "MultiPolygon",
        "coordinates": [
          [
            [
              [
                131.929164,
                43.109914
              ],
              [
                131.928734,
                43.109887
              ],
              [
                131.928736,
                43.109873
              ],
              [
                131.928708,
                43.109872
              ],
              [
                131.928723,
                43.109745
              ],
              [
                131.928834,
                43.109751
              ],
              [
                131.928834,
                43.109743
              ],
              [
                131.92893,
                43.109749
              ],
              [
                131.928927,
                43.109778
              ],
              [
                131.929092,
                43.109788
              ],
              [
                131.929087,
                43.109831
              ],
              [
                131.929173,
                43.109837
              ],
              [
                131.929164,
                43.109914
              ]
            ]
          ]
        ]
      }
    },
    {
      "type": "Feature",
      "properties": {
        "fid": 253,
        "Layer": "LINES",
        "PaperSpace": null,
        "SubClasses": null,
        "Linetype": null,
        "EntityHandle": null,
        "Text": null,
        "ogr_style": "PEN(c:#000000)",
        "font": null,
        "angle": null,
        "size": null,
        "size_u": null,
        "anchor": null,
        "color": "#000000",
        "underline": null,
        "plaintext": null,
        "fcolor": null,
        "flnum": null,
        "bold": null,
        "italic": null,
        "dx": null,
        "dx_u": null,
        "dy": null,
        "dy_u": null
      },
      "geometry": {
        "type": "MultiPolygon",
        "coordinates": [
          [
            [
              [
                131.929631,
                43.111173
              ],
              [
                131.929582,
                43.111065
              ],
              [
                131.92968,
                43.111065
              ],
              [
                131.929631,
                43.111173
              ]
            ]
          ]
        ]
      }
    },
    {
      "type": "Feature",
      "properties": {
        "fid": 254,
        "Layer": "LINES",
        "PaperSpace": null,
        "SubClasses": null,
        "Linetype": null,
        "EntityHandle": null,
        "Text": null,
        "ogr_style": "PEN(c:#000000)",
        "font": null,
        "angle": null,
        "size": null,
        "size_u": null,
        "anchor": null,
        "color": "#000000",
        "underline": null,
        "plaintext": null,
        "fcolor": null,
        "flnum": null,
        "bold": null,
        "italic": null,
        "dx": null,
        "dx_u": null,
        "dy": null,
        "dy_u": null
      },
      "geometry": {
        "type": "MultiPolygon",
        "coordinates": [
          [
            [
              [
                131.928829,
                43.111216
              ],
              [
                131.92878,
                43.111108
              ],
              [
                131.928878,
                43.111108
              ],
              [
                131.928829,
                43.111216
              ]
            ]
          ]
        ]
      }
    },
    {
      "type": "Feature",
      "properties": {
        "fid": 255,
        "Layer": "LINES",
        "PaperSpace": null,
        "SubClasses": null,
        "Linetype": null,
        "EntityHandle": null,
        "Text": null,
        "ogr_style": "PEN(c:#000000)",
        "font": null,
        "angle": null,
        "size": null,
        "size_u": null,
        "anchor": null,
        "color": "#000000",
        "underline": null,
        "plaintext": null,
        "fcolor": null,
        "flnum": null,
        "bold": null,
        "italic": null,
        "dx": null,
        "dx_u": null,
        "dy": null,
        "dy_u": null
      },
      "geometry": {
        "type": "MultiPolygon",
        "coordinates": [
          [
            [
              [
                131.929404,
                43.111756
              ],
              [
                131.929484,
                43.111762
              ],
              [
                131.929477,
                43.111824
              ],
              [
                131.929397,
                43.111819
              ],
              [
                131.929404,
                43.111756
              ]
            ]
          ]
        ]
      }
    },
    {
      "type": "Feature",
      "properties": {
        "fid": 256,
        "Layer": "LINES",
        "PaperSpace": null,
        "SubClasses": null,
        "Linetype": null,
        "EntityHandle": null,
        "Text": null,
        "ogr_style": "PEN(c:#000000)",
        "font": null,
        "angle": null,
        "size": null,
        "size_u": null,
        "anchor": null,
        "color": "#000000",
        "underline": null,
        "plaintext": null,
        "fcolor": null,
        "flnum": null,
        "bold": null,
        "italic": null,
        "dx": null,
        "dx_u": null,
        "dy": null,
        "dy_u": null
      },
      "geometry": {
        "type": "MultiPolygon",
        "coordinates": [
          [
            [
              [
                131.896926,
                43.116309
              ],
              [
                131.897094,
                43.116348
              ],
              [
                131.897012,
                43.116515
              ],
              [
                131.896851,
                43.116476
              ],
              [
                131.896926,
                43.116309
              ]
            ]
          ]
        ]
      }
    },
    {
      "type": "Feature",
      "properties": {
        "fid": 257,
        "Layer": "LINES",
        "PaperSpace": null,
        "SubClasses": null,
        "Linetype": null,
        "EntityHandle": null,
        "Text": null,
        "ogr_style": "PEN(c:#000000)",
        "font": null,
        "angle": null,
        "size": null,
        "size_u": null,
        "anchor": null,
        "color": "#000000",
        "underline": null,
        "plaintext": null,
        "fcolor": null,
        "flnum": null,
        "bold": null,
        "italic": null,
        "dx": null,
        "dx_u": null,
        "dy": null,
        "dy_u": null
      },
      "geometry": {
        "type": "MultiPolygon",
        "coordinates": [
          [
            [
              [
                131.897261,
                43.115565
              ],
              [
                131.897329,
                43.115411
              ],
              [
                131.897477,
                43.115446
              ],
              [
                131.897454,
                43.115501
              ],
              [
                131.89748,
                43.115507
              ],
              [
                131.897464,
                43.115543
              ],
              [
                131.89752,
                43.115555
              ],
              [
                131.897498,
                43.115601
              ],
              [
                131.897435,
                43.115586
              ],
              [
                131.897427,
                43.115604
              ],
              [
                131.897261,
                43.115565
              ]
            ]
          ]
        ]
      }
    },
    {
      "type": "Feature",
      "properties": {
        "fid": 258,
        "Layer": "LINES",
        "PaperSpace": null,
        "SubClasses": null,
        "Linetype": null,
        "EntityHandle": null,
        "Text": null,
        "ogr_style": "PEN(c:#000000)",
        "font": null,
        "angle": null,
        "size": null,
        "size_u": null,
        "anchor": null,
        "color": "#000000",
        "underline": null,
        "plaintext": null,
        "fcolor": null,
        "flnum": null,
        "bold": null,
        "italic": null,
        "dx": null,
        "dx_u": null,
        "dy": null,
        "dy_u": null
      },
      "geometry": {
        "type": "MultiPolygon",
        "coordinates": [
          [
            [
              [
                131.882218,
                43.112417
              ],
              [
                131.882169,
                43.112309
              ],
              [
                131.882267,
                43.112309
              ],
              [
                131.882218,
                43.112417
              ]
            ]
          ]
        ]
      }
    },
    {
      "type": "Feature",
      "properties": {
        "fid": 259,
        "Layer": "LINES",
        "PaperSpace": null,
        "SubClasses": null,
        "Linetype": null,
        "EntityHandle": null,
        "Text": null,
        "ogr_style": "PEN(c:#000000)",
        "font": null,
        "angle": null,
        "size": null,
        "size_u": null,
        "anchor": null,
        "color": "#000000",
        "underline": null,
        "plaintext": null,
        "fcolor": null,
        "flnum": null,
        "bold": null,
        "italic": null,
        "dx": null,
        "dx_u": null,
        "dy": null,
        "dy_u": null
      },
      "geometry": {
        "type": "MultiPolygon",
        "coordinates": [
          [
            [
              [
                131.908836,
                43.118658
              ],
              [
                131.909007,
                43.118612
              ],
              [
                131.909024,
                43.118641
              ],
              [
                131.909044,
                43.118635
              ],
              [
                131.909098,
                43.118747
              ],
              [
                131.909049,
                43.118759
              ],
              [
                131.909039,
                43.11874
              ],
              [
                131.90903,
                43.118743
              ],
              [
                131.909002,
                43.118691
              ],
              [
                131.90892,
                43.118714
              ],
              [
                131.908973,
                43.118823
              ],
              [
                131.908923,
                43.118836
              ],
              [
                131.908836,
                43.118658
              ]
            ]
          ]
        ]
      }
    },
    {
      "type": "Feature",
      "properties": {
        "fid": 260,
        "Layer": "LINES",
        "PaperSpace": null,
        "SubClasses": null,
        "Linetype": null,
        "EntityHandle": null,
        "Text": null,
        "ogr_style": "PEN(c:#000000)",
        "font": null,
        "angle": null,
        "size": null,
        "size_u": null,
        "anchor": null,
        "color": "#000000",
        "underline": null,
        "plaintext": null,
        "fcolor": null,
        "flnum": null,
        "bold": null,
        "italic": null,
        "dx": null,
        "dx_u": null,
        "dy": null,
        "dy_u": null
      },
      "geometry": {
        "type": "MultiPolygon",
        "coordinates": [
          [
            [
              [
                131.899273,
                43.116729
              ],
              [
                131.899423,
                43.116777
              ],
              [
                131.899374,
                43.116862
              ],
              [
                131.899223,
                43.116814
              ],
              [
                131.899273,
                43.116729
              ]
            ]
          ]
        ]
      }
    },
    {
      "type": "Feature",
      "properties": {
        "fid": 261,
        "Layer": "LINES",
        "PaperSpace": null,
        "SubClasses": null,
        "Linetype": null,
        "EntityHandle": null,
        "Text": null,
        "ogr_style": "PEN(c:#000000)",
        "font": null,
        "angle": null,
        "size": null,
        "size_u": null,
        "anchor": null,
        "color": "#000000",
        "underline": null,
        "plaintext": null,
        "fcolor": null,
        "flnum": null,
        "bold": null,
        "italic": null,
        "dx": null,
        "dx_u": null,
        "dy": null,
        "dy_u": null
      },
      "geometry": {
        "type": "MultiPolygon",
        "coordinates": [
          [
            [
              [
                131.898751,
                43.116508
              ],
              [
                131.898899,
                43.116565
              ],
              [
                131.898838,
                43.116662
              ],
              [
                131.89887,
                43.116674
              ],
              [
                131.898858,
                43.11669
              ],
              [
                131.898697,
                43.116633
              ],
              [
                131.89873,
                43.116541
              ],
              [
                131.898751,
                43.116508
              ]
            ]
          ]
        ]
      }
    },
    {
      "type": "Feature",
      "properties": {
        "fid": 262,
        "Layer": "LINES",
        "PaperSpace": null,
        "SubClasses": null,
        "Linetype": null,
        "EntityHandle": null,
        "Text": null,
        "ogr_style": "PEN(c:#000000)",
        "font": null,
        "angle": null,
        "size": null,
        "size_u": null,
        "anchor": null,
        "color": "#000000",
        "underline": null,
        "plaintext": null,
        "fcolor": null,
        "flnum": null,
        "bold": null,
        "italic": null,
        "dx": null,
        "dx_u": null,
        "dy": null,
        "dy_u": null
      },
      "geometry": {
        "type": "MultiPolygon",
        "coordinates": [
          [
            [
              [
                131.898661,
                43.115826
              ],
              [
                131.898717,
                43.115841
              ],
              [
                131.898727,
                43.115822
              ],
              [
                131.898881,
                43.115862
              ],
              [
                131.898825,
                43.115964
              ],
              [
                131.898764,
                43.115948
              ],
              [
                131.898748,
                43.115978
              ],
              [
                131.898694,
                43.115963
              ],
              [
                131.898691,
                43.115969
              ],
              [
                131.898602,
                43.115945
              ],
              [
                131.898597,
                43.115955
              ],
              [
                131.898557,
                43.115944
              ],
              [
                131.898559,
                43.115938
              ],
              [
                131.898547,
                43.115935
              ],
              [
                131.89857,
                43.115887
              ],
              [
                131.898625,
                43.115901
              ],
              [
                131.898661,
                43.115826
              ]
            ]
          ]
        ]
      }
    },
    {
      "type": "Feature",
      "properties": {
        "fid": 263,
        "Layer": "LINES",
        "PaperSpace": null,
        "SubClasses": null,
        "Linetype": null,
        "EntityHandle": null,
        "Text": null,
        "ogr_style": "PEN(c:#000000)",
        "font": null,
        "angle": null,
        "size": null,
        "size_u": null,
        "anchor": null,
        "color": "#000000",
        "underline": null,
        "plaintext": null,
        "fcolor": null,
        "flnum": null,
        "bold": null,
        "italic": null,
        "dx": null,
        "dx_u": null,
        "dy": null,
        "dy_u": null
      },
      "geometry": {
        "type": "MultiPolygon",
        "coordinates": [
          [
            [
              [
                131.898502,
                43.116468
              ],
              [
                131.898686,
                43.116519
              ],
              [
                131.898629,
                43.116628
              ],
              [
                131.898445,
                43.116577
              ],
              [
                131.898502,
                43.116468
              ]
            ]
          ]
        ]
      }
    },
    {
      "type": "Feature",
      "properties": {
        "fid": 264,
        "Layer": "LINES",
        "PaperSpace": null,
        "SubClasses": null,
        "Linetype": null,
        "EntityHandle": null,
        "Text": null,
        "ogr_style": "PEN(c:#000000)",
        "font": null,
        "angle": null,
        "size": null,
        "size_u": null,
        "anchor": null,
        "color": "#000000",
        "underline": null,
        "plaintext": null,
        "fcolor": null,
        "flnum": null,
        "bold": null,
        "italic": null,
        "dx": null,
        "dx_u": null,
        "dy": null,
        "dy_u": null
      },
      "geometry": {
        "type": "MultiPolygon",
        "coordinates": [
          [
            [
              [
                131.897669,
                43.115773
              ],
              [
                131.897695,
                43.115723
              ],
              [
                131.897826,
                43.11576
              ],
              [
                131.897867,
                43.115772
              ],
              [
                131.897827,
                43.115849
              ],
              [
                131.897696,
                43.115812
              ],
              [
                131.897698,
                43.115808
              ],
              [
                131.897668,
                43.115799
              ],
              [
                131.897681,
                43.115776
              ],
              [
                131.897669,
                43.115773
              ]
            ]
          ]
        ]
      }
    },
    {
      "type": "Feature",
      "properties": {
        "fid": 265,
        "Layer": "LINES",
        "PaperSpace": null,
        "SubClasses": null,
        "Linetype": null,
        "EntityHandle": null,
        "Text": null,
        "ogr_style": "PEN(c:#000000)",
        "font": null,
        "angle": null,
        "size": null,
        "size_u": null,
        "anchor": null,
        "color": "#000000",
        "underline": null,
        "plaintext": null,
        "fcolor": null,
        "flnum": null,
        "bold": null,
        "italic": null,
        "dx": null,
        "dx_u": null,
        "dy": null,
        "dy_u": null
      },
      "geometry": {
        "type": "MultiPolygon",
        "coordinates": [
          [
            [
              [
                131.911448,
                43.116636
              ],
              [
                131.91144,
                43.116619
              ],
              [
                131.911391,
                43.11663
              ],
              [
                131.911393,
                43.116635
              ],
              [
                131.911386,
                43.116636
              ],
              [
                131.911384,
                43.116632
              ],
              [
                131.911333,
                43.116644
              ],
              [
                131.911335,
                43.116648
              ],
              [
                131.911328,
                43.11665
              ],
              [
                131.911326,
                43.116645
              ],
              [
                131.911274,
                43.116657
              ],
              [
                131.911281,
                43.116676
              ],
              [
                131.911224,
                43.116688
              ],
              [
                131.911152,
                43.11652
              ],
              [
                131.911209,
                43.116506
              ],
              [
                131.911216,
                43.116521
              ],
              [
                131.911381,
                43.116484
              ],
              [
                131.911375,
                43.11647
              ],
              [
                131.911473,
                43.116446
              ],
              [
                131.911476,
                43.116452
              ],
              [
                131.911539,
                43.116435
              ],
              [
                131.911606,
                43.116591
              ],
              [
                131.911542,
                43.116605
              ],
              [
                131.911545,
                43.116615
              ],
              [
                131.911448,
                43.116636
              ]
            ]
          ]
        ]
      }
    },
    {
      "type": "Feature",
      "properties": {
        "fid": 266,
        "Layer": "LINES",
        "PaperSpace": null,
        "SubClasses": null,
        "Linetype": null,
        "EntityHandle": null,
        "Text": null,
        "ogr_style": "PEN(c:#000000)",
        "font": null,
        "angle": null,
        "size": null,
        "size_u": null,
        "anchor": null,
        "color": "#000000",
        "underline": null,
        "plaintext": null,
        "fcolor": null,
        "flnum": null,
        "bold": null,
        "italic": null,
        "dx": null,
        "dx_u": null,
        "dy": null,
        "dy_u": null
      },
      "geometry": {
        "type": "MultiPolygon",
        "coordinates": [
          [
            [
              [
                131.906888,
                43.117352
              ],
              [
                131.906878,
                43.117359
              ],
              [
                131.906851,
                43.11734
              ],
              [
                131.90686,
                43.117333
              ],
              [
                131.906857,
                43.117299
              ],
              [
                131.906805,
                43.117265
              ],
              [
                131.906834,
                43.117241
              ],
              [
                131.906887,
                43.117276
              ],
              [
                131.906932,
                43.117276
              ],
              [
                131.906941,
                43.11727
              ],
              [
                131.906969,
                43.117289
              ],
              [
                131.906959,
                43.117296
              ],
              [
                131.906962,
                43.117328
              ],
              [
                131.907012,
                43.117361
              ],
              [
                131.906985,
                43.117383
              ],
              [
                131.906935,
                43.11735
              ],
              [
                131.906888,
                43.117352
              ]
            ]
          ]
        ]
      }
    },
    {
      "type": "Feature",
      "properties": {
        "fid": 267,
        "Layer": "LINES",
        "PaperSpace": null,
        "SubClasses": null,
        "Linetype": null,
        "EntityHandle": null,
        "Text": null,
        "ogr_style": "PEN(c:#000000)",
        "font": null,
        "angle": null,
        "size": null,
        "size_u": null,
        "anchor": null,
        "color": "#000000",
        "underline": null,
        "plaintext": null,
        "fcolor": null,
        "flnum": null,
        "bold": null,
        "italic": null,
        "dx": null,
        "dx_u": null,
        "dy": null,
        "dy_u": null
      },
      "geometry": {
        "type": "MultiPolygon",
        "coordinates": [
          [
            [
              [
                131.905943,
                43.117372
              ],
              [
                131.905918,
                43.117417
              ],
              [
                131.905595,
                43.11732
              ],
              [
                131.905631,
                43.117257
              ],
              [
                131.905602,
                43.117248
              ],
              [
                131.905631,
                43.117194
              ],
              [
                131.905665,
                43.117205
              ],
              [
                131.905649,
                43.117232
              ],
              [
                131.905713,
                43.117252
              ],
              [
                131.905723,
                43.117234
              ],
              [
                131.905969,
                43.117309
              ],
              [
                131.905974,
                43.117298
              ],
              [
                131.906172,
                43.117363
              ],
              [
                131.906185,
                43.117388
              ],
              [
                131.906171,
                43.117415
              ],
              [
                131.906136,
                43.117428
              ],
              [
                131.905943,
                43.117372
              ]
            ]
          ]
        ]
      }
    },
    {
      "type": "Feature",
      "properties": {
        "fid": 268,
        "Layer": "LINES",
        "PaperSpace": null,
        "SubClasses": null,
        "Linetype": null,
        "EntityHandle": null,
        "Text": null,
        "ogr_style": "PEN(c:#000000)",
        "font": null,
        "angle": null,
        "size": null,
        "size_u": null,
        "anchor": null,
        "color": "#000000",
        "underline": null,
        "plaintext": null,
        "fcolor": null,
        "flnum": null,
        "bold": null,
        "italic": null,
        "dx": null,
        "dx_u": null,
        "dy": null,
        "dy_u": null
      },
      "geometry": {
        "type": "MultiPolygon",
        "coordinates": [
          [
            [
              [
                131.893437,
                43.125786
              ],
              [
                131.893329,
                43.125989
              ],
              [
                131.893172,
                43.126283
              ],
              [
                131.892887,
                43.12682
              ],
              [
                131.892765,
                43.12705
              ],
              [
                131.892643,
                43.127271
              ],
              [
                131.89251,
                43.127514
              ],
              [
                131.89233,
                43.127592
              ],
              [
                131.892307,
                43.127565
              ],
              [
                131.892241,
                43.127485
              ],
              [
                131.89208,
                43.127294
              ],
              [
                131.891924,
                43.1271
              ],
              [
                131.891775,
                43.126924
              ],
              [
                131.891568,
                43.12668
              ],
              [
                131.891396,
                43.126473
              ],
              [
                131.891188,
                43.126217
              ],
              [
                131.890882,
                43.125868
              ],
              [
                131.89068,
                43.125619
              ],
              [
                131.890561,
                43.125542
              ],
              [
                131.890417,
                43.125479
              ],
              [
                131.890326,
                43.125447
              ],
              [
                131.890229,
                43.125414
              ],
              [
                131.890068,
                43.125375
              ],
              [
                131.889698,
                43.125286
              ],
              [
                131.889509,
                43.125243
              ],
              [
                131.889447,
                43.125227
              ],
              [
                131.889379,
                43.125207
              ],
              [
                131.889334,
                43.125193
              ],
              [
                131.889289,
                43.125176
              ],
              [
                131.889208,
                43.125144
              ],
              [
                131.889171,
                43.125121
              ],
              [
                131.889122,
                43.125085
              ],
              [
                131.889076,
                43.125043
              ],
              [
                131.889057,
                43.125016
              ],
              [
                131.889027,
                43.124971
              ],
              [
                131.888972,
                43.124842
              ],
              [
                131.888861,
                43.12455
              ],
              [
                131.888819,
                43.12443
              ],
              [
                131.888917,
                43.124339
              ],
              [
                131.889031,
                43.124313
              ],
              [
                131.88906,
                43.124307
              ],
              [
                131.889238,
                43.124271
              ],
              [
                131.8894,
                43.124238
              ],
              [
                131.889598,
                43.124198
              ],
              [
                131.889845,
                43.124149
              ],
              [
                131.89006,
                43.124106
              ],
              [
                131.890177,
                43.124085
              ],
              [
                131.890363,
                43.124052
              ],
              [
                131.890474,
                43.124033
              ],
              [
                131.890576,
                43.12402
              ],
              [
                131.890665,
                43.124012
              ],
              [
                131.890753,
                43.124006
              ],
              [
                131.890805,
                43.124014
              ],
              [
                131.890856,
                43.124017
              ],
              [
                131.890912,
                43.124023
              ],
              [
                131.89101,
                43.124036
              ],
              [
                131.891113,
                43.124053
              ],
              [
                131.891214,
                43.12407
              ],
              [
                131.891338,
                43.124099
              ],
              [
                131.891465,
                43.12413
              ],
              [
                131.89157,
                43.124158
              ],
              [
                131.891694,
                43.12419
              ],
              [
                131.891789,
                43.124217
              ],
              [
                131.892005,
                43.124282
              ],
              [
                131.892113,
                43.124314
              ],
              [
                131.892262,
                43.124369
              ],
              [
                131.892421,
                43.124427
              ],
              [
                131.892658,
                43.124513
              ],
              [
                131.892868,
                43.124594
              ],
              [
                131.893326,
                43.124761
              ],
              [
                131.893823,
                43.124976
              ],
              [
                131.893931,
                43.125012
              ],
              [
                131.893618,
                43.125446
              ],
              [
                131.893437,
                43.125786
              ]
            ]
          ]
        ]
      }
    },
    {
      "type": "Feature",
      "properties": {
        "fid": 269,
        "Layer": "LINES",
        "PaperSpace": null,
        "SubClasses": null,
        "Linetype": null,
        "EntityHandle": null,
        "Text": null,
        "ogr_style": "PEN(c:#000000)",
        "font": null,
        "angle": null,
        "size": null,
        "size_u": null,
        "anchor": null,
        "color": "#000000",
        "underline": null,
        "plaintext": null,
        "fcolor": null,
        "flnum": null,
        "bold": null,
        "italic": null,
        "dx": null,
        "dx_u": null,
        "dy": null,
        "dy_u": null
      },
      "geometry": {
        "type": "MultiPolygon",
        "coordinates": [
          [
            [
              [
                131.882822,
                43.123704
              ],
              [
                131.882993,
                43.123666
              ],
              [
                131.883126,
                43.123988
              ],
              [
                131.883026,
                43.124011
              ],
              [
                131.88301,
                43.123973
              ],
              [
                131.88294,
                43.123988
              ],
              [
                131.882822,
                43.123704
              ]
            ]
          ]
        ]
      }
    },
    {
      "type": "Feature",
      "properties": {
        "fid": 270,
        "Layer": "LINES",
        "PaperSpace": null,
        "SubClasses": null,
        "Linetype": null,
        "EntityHandle": null,
        "Text": null,
        "ogr_style": "PEN(c:#000000)",
        "font": null,
        "angle": null,
        "size": null,
        "size_u": null,
        "anchor": null,
        "color": "#000000",
        "underline": null,
        "plaintext": null,
        "fcolor": null,
        "flnum": null,
        "bold": null,
        "italic": null,
        "dx": null,
        "dx_u": null,
        "dy": null,
        "dy_u": null
      },
      "geometry": {
        "type": "MultiPolygon",
        "coordinates": [
          [
            [
              [
                131.882464,
                43.123292
              ],
              [
                131.882731,
                43.123233
              ],
              [
                131.882773,
                43.12334
              ],
              [
                131.882506,
                43.123399
              ],
              [
                131.882464,
                43.123292
              ]
            ]
          ]
        ]
      }
    },
    {
      "type": "Feature",
      "properties": {
        "fid": 271,
        "Layer": "LINES",
        "PaperSpace": null,
        "SubClasses": null,
        "Linetype": null,
        "EntityHandle": null,
        "Text": null,
        "ogr_style": "PEN(c:#000000)",
        "font": null,
        "angle": null,
        "size": null,
        "size_u": null,
        "anchor": null,
        "color": "#000000",
        "underline": null,
        "plaintext": null,
        "fcolor": null,
        "flnum": null,
        "bold": null,
        "italic": null,
        "dx": null,
        "dx_u": null,
        "dy": null,
        "dy_u": null
      },
      "geometry": {
        "type": "MultiPolygon",
        "coordinates": [
          [
            [
              [
                131.882216,
                43.1237
              ],
              [
                131.882193,
                43.123705
              ],
              [
                131.882147,
                43.12359
              ],
              [
                131.88212,
                43.123596
              ],
              [
                131.882081,
                43.123499
              ],
              [
                131.882107,
                43.123493
              ],
              [
                131.882059,
                43.123374
              ],
              [
                131.88211,
                43.123363
              ],
              [
                131.882111,
                43.123366
              ],
              [
                131.882212,
                43.123344
              ],
              [
                131.882211,
                43.123341
              ],
              [
                131.882262,
                43.12333
              ],
              [
                131.882305,
                43.123437
              ],
              [
                131.882309,
                43.123436
              ],
              [
                131.882357,
                43.123555
              ],
              [
                131.882353,
                43.123556
              ],
              [
                131.882393,
                43.123655
              ],
              [
                131.88242,
                43.123649
              ],
              [
                131.88244,
                43.123698
              ],
              [
                131.882234,
                43.123743
              ],
              [
                131.882216,
                43.1237
              ]
            ]
          ]
        ]
      }
    },
    {
      "type": "Feature",
      "properties": {
        "fid": 272,
        "Layer": "LINES",
        "PaperSpace": null,
        "SubClasses": null,
        "Linetype": null,
        "EntityHandle": null,
        "Text": null,
        "ogr_style": "PEN(c:#000000)",
        "font": null,
        "angle": null,
        "size": null,
        "size_u": null,
        "anchor": null,
        "color": "#000000",
        "underline": null,
        "plaintext": null,
        "fcolor": null,
        "flnum": null,
        "bold": null,
        "italic": null,
        "dx": null,
        "dx_u": null,
        "dy": null,
        "dy_u": null
      },
      "geometry": {
        "type": "MultiPolygon",
        "coordinates": [
          [
            [
              [
                131.884367,
                43.12366
              ],
              [
                131.884335,
                43.123656
              ],
              [
                131.884342,
                43.123618
              ],
              [
                131.88445,
                43.12363
              ],
              [
                131.884479,
                43.123493
              ],
              [
                131.884448,
                43.12349
              ],
              [
                131.884448,
                43.123488
              ],
              [
                131.884371,
                43.123479
              ],
              [
                131.884392,
                43.123378
              ],
              [
                131.884471,
                43.123386
              ],
              [
                131.884472,
                43.12338
              ],
              [
                131.884524,
                43.123385
              ],
              [
                131.884524,
                43.123383
              ],
              [
                131.884598,
                43.123391
              ],
              [
                131.884598,
                43.123394
              ],
              [
                131.88465,
                43.123399
              ],
              [
                131.884649,
                43.123406
              ],
              [
                131.884727,
                43.123415
              ],
              [
                131.884706,
                43.123516
              ],
              [
                131.884628,
                43.123508
              ],
              [
                131.884627,
                43.12351
              ],
              [
                131.884597,
                43.123506
              ],
              [
                131.884562,
                43.123677
              ],
              [
                131.884636,
                43.123685
              ],
              [
                131.884619,
                43.123765
              ],
              [
                131.884576,
                43.123761
              ],
              [
                131.884574,
                43.123767
              ],
              [
                131.884396,
                43.123747
              ],
              [
                131.884398,
                43.123741
              ],
              [
                131.884352,
                43.123736
              ],
              [
                131.884367,
                43.12366
              ]
            ]
          ]
        ]
      }
    },
    {
      "type": "Feature",
      "properties": {
        "fid": 273,
        "Layer": "LINES",
        "PaperSpace": null,
        "SubClasses": null,
        "Linetype": null,
        "EntityHandle": null,
        "Text": null,
        "ogr_style": "PEN(c:#000000)",
        "font": null,
        "angle": null,
        "size": null,
        "size_u": null,
        "anchor": null,
        "color": "#000000",
        "underline": null,
        "plaintext": null,
        "fcolor": null,
        "flnum": null,
        "bold": null,
        "italic": null,
        "dx": null,
        "dx_u": null,
        "dy": null,
        "dy_u": null
      },
      "geometry": {
        "type": "MultiPolygon",
        "coordinates": [
          [
            [
              [
                131.883613,
                43.123683
              ],
              [
                131.883611,
                43.123691
              ],
              [
                131.88349,
                43.123677
              ],
              [
                131.883488,
                43.12369
              ],
              [
                131.883457,
                43.123706
              ],
              [
                131.883421,
                43.123702
              ],
              [
                131.883399,
                43.12368
              ],
              [
                131.883401,
                43.123667
              ],
              [
                131.883342,
                43.123661
              ],
              [
                131.883356,
                43.12359
              ],
              [
                131.883364,
                43.123591
              ],
              [
                131.883371,
                43.123559
              ],
              [
                131.883404,
                43.123563
              ],
              [
                131.883412,
                43.123525
              ],
              [
                131.883415,
                43.123525
              ],
              [
                131.883452,
                43.123348
              ],
              [
                131.88345,
                43.123348
              ],
              [
                131.883458,
                43.123309
              ],
              [
                131.883417,
                43.123304
              ],
              [
                131.883424,
                43.123268
              ],
              [
                131.883432,
                43.123269
              ],
              [
                131.88344,
                43.123232
              ],
              [
                131.883473,
                43.123236
              ],
              [
                131.883475,
                43.123225
              ],
              [
                131.883604,
                43.12324
              ],
              [
                131.883601,
                43.12325
              ],
              [
                131.883635,
                43.123254
              ],
              [
                131.883627,
                43.123291
              ],
              [
                131.883635,
                43.123292
              ],
              [
                131.883627,
                43.123328
              ],
              [
                131.883586,
                43.123323
              ],
              [
                131.883578,
                43.123362
              ],
              [
                131.883575,
                43.123362
              ],
              [
                131.883538,
                43.123539
              ],
              [
                131.88354,
                43.12354
              ],
              [
                131.883532,
                43.123577
              ],
              [
                131.883638,
                43.123589
              ],
              [
                131.883647,
                43.123545
              ],
              [
                131.883701,
                43.123551
              ],
              [
                131.883702,
                43.12355
              ],
              [
                131.883761,
                43.123556
              ],
              [
                131.88376,
                43.123558
              ],
              [
                131.883814,
                43.123564
              ],
              [
                131.883805,
                43.123608
              ],
              [
                131.883913,
                43.12362
              ],
              [
                131.883921,
                43.123582
              ],
              [
                131.883923,
                43.123583
              ],
              [
                131.88396,
                43.123405
              ],
              [
                131.883958,
                43.123405
              ],
              [
                131.883966,
                43.123366
              ],
              [
                131.883925,
                43.123362
              ],
              [
                131.883933,
                43.123326
              ],
              [
                131.88394,
                43.123327
              ],
              [
                131.883948,
                43.123289
              ],
              [
                131.883982,
                43.123293
              ],
              [
                131.883984,
                43.123283
              ],
              [
                131.88411,
                43.123297
              ],
              [
                131.884108,
                43.123308
              ],
              [
                131.884142,
                43.123312
              ],
              [
                131.884134,
                43.123349
              ],
              [
                131.884141,
                43.123349
              ],
              [
                131.884133,
                43.123385
              ],
              [
                131.884092,
                43.12338
              ],
              [
                131.884084,
                43.123419
              ],
              [
                131.884082,
                43.123419
              ],
              [
                131.884044,
                43.123597
              ],
              [
                131.884047,
                43.123597
              ],
              [
                131.884039,
                43.123635
              ],
              [
                131.884074,
                43.123639
              ],
              [
                131.884067,
                43.12367
              ],
              [
                131.884075,
                43.123671
              ],
              [
                131.88406,
                43.123742
              ],
              [
                131.883998,
                43.123735
              ],
              [
                131.883996,
                43.123748
              ],
              [
                131.883965,
                43.123764
              ],
              [
                131.883929,
                43.12376
              ],
              [
                131.883906,
                43.123738
              ],
              [
                131.883909,
                43.123725
              ],
              [
                131.883788,
                43.123711
              ],
              [
                131.88379,
                43.123703
              ],
              [
                131.883736,
                43.123697
              ],
              [
                131.883732,
                43.12372
              ],
              [
                131.883662,
                43.123712
              ],
              [
                131.883666,
                43.123689
              ],
              [
                131.883613,
                43.123683
              ]
            ]
          ]
        ]
      }
    },
    {
      "type": "Feature",
      "properties": {
        "fid": 274,
        "Layer": "LINES",
        "PaperSpace": null,
        "SubClasses": null,
        "Linetype": null,
        "EntityHandle": null,
        "Text": null,
        "ogr_style": "PEN(c:#000000)",
        "font": null,
        "angle": null,
        "size": null,
        "size_u": null,
        "anchor": null,
        "color": "#000000",
        "underline": null,
        "plaintext": null,
        "fcolor": null,
        "flnum": null,
        "bold": null,
        "italic": null,
        "dx": null,
        "dx_u": null,
        "dy": null,
        "dy_u": null
      },
      "geometry": {
        "type": "MultiPolygon",
        "coordinates": [
          [
            [
              [
                131.884176,
                43.122169
              ],
              [
                131.88436,
                43.122136
              ],
              [
                131.884442,
                43.122368
              ],
              [
                131.884263,
                43.122402
              ],
              [
                131.884232,
                43.122319
              ],
              [
                131.884066,
                43.122351
              ],
              [
                131.88404,
                43.122275
              ],
              [
                131.884174,
                43.12225
              ],
              [
                131.884178,
                43.122262
              ],
              [
                131.884208,
                43.122255
              ],
              [
                131.884176,
                43.122169
              ]
            ]
          ]
        ]
      }
    },
    {
      "type": "Feature",
      "properties": {
        "fid": 275,
        "Layer": "LINES",
        "PaperSpace": null,
        "SubClasses": null,
        "Linetype": null,
        "EntityHandle": null,
        "Text": null,
        "ogr_style": "PEN(c:#000000)",
        "font": null,
        "angle": null,
        "size": null,
        "size_u": null,
        "anchor": null,
        "color": "#000000",
        "underline": null,
        "plaintext": null,
        "fcolor": null,
        "flnum": null,
        "bold": null,
        "italic": null,
        "dx": null,
        "dx_u": null,
        "dy": null,
        "dy_u": null
      },
      "geometry": {
        "type": "MultiPolygon",
        "coordinates": [
          [
            [
              [
                131.883622,
                43.120027
              ],
              [
                131.883724,
                43.120298
              ],
              [
                131.883701,
                43.120321
              ],
              [
                131.883432,
                43.120371
              ],
              [
                131.883395,
                43.120269
              ],
              [
                131.883529,
                43.120244
              ],
              [
                131.883547,
                43.120223
              ],
              [
                131.883518,
                43.120141
              ],
              [
                131.883502,
                43.120144
              ],
              [
                131.883489,
                43.12011
              ],
              [
                131.883506,
                43.120107
              ],
              [
                131.883485,
                43.120051
              ],
              [
                131.883622,
                43.120027
              ]
            ]
          ]
        ]
      }
    },
    {
      "type": "Feature",
      "properties": {
        "fid": 276,
        "Layer": "LINES",
        "PaperSpace": null,
        "SubClasses": null,
        "Linetype": null,
        "EntityHandle": null,
        "Text": null,
        "ogr_style": "PEN(c:#000000)",
        "font": null,
        "angle": null,
        "size": null,
        "size_u": null,
        "anchor": null,
        "color": "#000000",
        "underline": null,
        "plaintext": null,
        "fcolor": null,
        "flnum": null,
        "bold": null,
        "italic": null,
        "dx": null,
        "dx_u": null,
        "dy": null,
        "dy_u": null
      },
      "geometry": {
        "type": "MultiPolygon",
        "coordinates": [
          [
            [
              [
                131.884424,
                43.121435
              ],
              [
                131.884394,
                43.121422
              ],
              [
                131.884397,
                43.121418
              ],
              [
                131.884322,
                43.121218
              ],
              [
                131.884312,
                43.12122
              ],
              [
                131.884286,
                43.121151
              ],
              [
                131.884297,
                43.121149
              ],
              [
                131.884283,
                43.121113
              ],
              [
                131.884291,
                43.121111
              ],
              [
                131.884256,
                43.121016
              ],
              [
                131.884253,
                43.121017
              ],
              [
                131.884158,
                43.120762
              ],
              [
                131.884152,
                43.120764
              ],
              [
                131.884138,
                43.120724
              ],
              [
                131.884146,
                43.120722
              ],
              [
                131.884073,
                43.120526
              ],
              [
                131.884069,
                43.120527
              ],
              [
                131.884065,
                43.120518
              ],
              [
                131.88408,
                43.120496
              ],
              [
                131.884094,
                43.120493
              ],
              [
                131.884095,
                43.120497
              ],
              [
                131.884266,
                43.120463
              ],
              [
                131.884299,
                43.120551
              ],
              [
                131.884256,
                43.120559
              ],
              [
                131.884285,
                43.120639
              ],
              [
                131.884306,
                43.120635
              ],
              [
                131.884449,
                43.12102
              ],
              [
                131.884474,
                43.121015
              ],
              [
                131.884507,
                43.121105
              ],
              [
                131.884521,
                43.121103
              ],
              [
                131.884528,
                43.121105
              ],
              [
                131.884529,
                43.121109
              ],
              [
                131.88454,
                43.121106
              ],
              [
                131.884564,
                43.121172
              ],
              [
                131.884529,
                43.121179
              ],
              [
                131.884551,
                43.121239
              ],
              [
                131.884598,
                43.12123
              ],
              [
                131.884606,
                43.121252
              ],
              [
                131.884634,
                43.121246
              ],
              [
                131.884662,
                43.121323
              ],
              [
                131.884684,
                43.12138
              ],
              [
                131.884427,
                43.121431
              ],
              [
                131.884424,
                43.121435
              ]
            ]
          ]
        ]
      }
    },
    {
      "type": "Feature",
      "properties": {
        "fid": 277,
        "Layer": "LINES",
        "PaperSpace": null,
        "SubClasses": null,
        "Linetype": null,
        "EntityHandle": null,
        "Text": null,
        "ogr_style": "PEN(c:#000000)",
        "font": null,
        "angle": null,
        "size": null,
        "size_u": null,
        "anchor": null,
        "color": "#000000",
        "underline": null,
        "plaintext": null,
        "fcolor": null,
        "flnum": null,
        "bold": null,
        "italic": null,
        "dx": null,
        "dx_u": null,
        "dy": null,
        "dy_u": null
      },
      "geometry": {
        "type": "MultiPolygon",
        "coordinates": [
          [
            [
              [
                131.88317,
                43.119201
              ],
              [
                131.883271,
                43.119118
              ],
              [
                131.883301,
                43.119119
              ],
              [
                131.883458,
                43.119549
              ],
              [
                131.883306,
                43.119579
              ],
              [
                131.88317,
                43.119201
              ]
            ]
          ]
        ]
      }
    },
    {
      "type": "Feature",
      "properties": {
        "fid": 278,
        "Layer": "LINES",
        "PaperSpace": null,
        "SubClasses": null,
        "Linetype": null,
        "EntityHandle": null,
        "Text": null,
        "ogr_style": "PEN(c:#000000)",
        "font": null,
        "angle": null,
        "size": null,
        "size_u": null,
        "anchor": null,
        "color": "#000000",
        "underline": null,
        "plaintext": null,
        "fcolor": null,
        "flnum": null,
        "bold": null,
        "italic": null,
        "dx": null,
        "dx_u": null,
        "dy": null,
        "dy_u": null
      },
      "geometry": {
        "type": "MultiPolygon",
        "coordinates": [
          [
            [
              [
                131.884176,
                43.120058
              ],
              [
                131.884539,
                43.119991
              ],
              [
                131.884583,
                43.120103
              ],
              [
                131.884104,
                43.120196
              ],
              [
                131.884049,
                43.120174
              ],
              [
                131.883998,
                43.120029
              ],
              [
                131.883978,
                43.120032
              ],
              [
                131.883954,
                43.11996
              ],
              [
                131.883977,
                43.119956
              ],
              [
                131.883944,
                43.119856
              ],
              [
                131.884098,
                43.119827
              ],
              [
                131.884126,
                43.119912
              ],
              [
                131.884149,
                43.11998
              ],
              [
                131.884176,
                43.120058
              ]
            ]
          ]
        ]
      }
    },
    {
      "type": "Feature",
      "properties": {
        "fid": 279,
        "Layer": "LINES",
        "PaperSpace": null,
        "SubClasses": null,
        "Linetype": null,
        "EntityHandle": null,
        "Text": null,
        "ogr_style": "PEN(c:#000000)",
        "font": null,
        "angle": null,
        "size": null,
        "size_u": null,
        "anchor": null,
        "color": "#000000",
        "underline": null,
        "plaintext": null,
        "fcolor": null,
        "flnum": null,
        "bold": null,
        "italic": null,
        "dx": null,
        "dx_u": null,
        "dy": null,
        "dy_u": null
      },
      "geometry": {
        "type": "MultiPolygon",
        "coordinates": [
          [
            [
              [
                131.882728,
                43.11789
              ],
              [
                131.88285,
                43.117866
              ],
              [
                131.882941,
                43.118117
              ],
              [
                131.882823,
                43.11814
              ],
              [
                131.882728,
                43.11789
              ]
            ]
          ]
        ]
      }
    },
    {
      "type": "Feature",
      "properties": {
        "fid": 280,
        "Layer": "LINES",
        "PaperSpace": null,
        "SubClasses": null,
        "Linetype": null,
        "EntityHandle": null,
        "Text": null,
        "ogr_style": "PEN(c:#000000)",
        "font": null,
        "angle": null,
        "size": null,
        "size_u": null,
        "anchor": null,
        "color": "#000000",
        "underline": null,
        "plaintext": null,
        "fcolor": null,
        "flnum": null,
        "bold": null,
        "italic": null,
        "dx": null,
        "dx_u": null,
        "dy": null,
        "dy_u": null
      },
      "geometry": {
        "type": "MultiPolygon",
        "coordinates": [
          [
            [
              [
                131.88337,
                43.117865
              ],
              [
                131.883538,
                43.117831
              ],
              [
                131.883554,
                43.117877
              ],
              [
                131.883545,
                43.117888
              ],
              [
                131.8834,
                43.117917
              ],
              [
                131.883387,
                43.117914
              ],
              [
                131.88337,
                43.117865
              ]
            ]
          ]
        ]
      }
    },
    {
      "type": "Feature",
      "properties": {
        "fid": 281,
        "Layer": "LINES",
        "PaperSpace": null,
        "SubClasses": null,
        "Linetype": null,
        "EntityHandle": null,
        "Text": null,
        "ogr_style": "PEN(c:#000000)",
        "font": null,
        "angle": null,
        "size": null,
        "size_u": null,
        "anchor": null,
        "color": "#000000",
        "underline": null,
        "plaintext": null,
        "fcolor": null,
        "flnum": null,
        "bold": null,
        "italic": null,
        "dx": null,
        "dx_u": null,
        "dy": null,
        "dy_u": null
      },
      "geometry": {
        "type": "MultiPolygon",
        "coordinates": [
          [
            [
              [
                131.883422,
                43.117994
              ],
              [
                131.883414,
                43.117996
              ],
              [
                131.883408,
                43.117978
              ],
              [
                131.883419,
                43.117965
              ],
              [
                131.883568,
                43.117937
              ],
              [
                131.883597,
                43.117819
              ],
              [
                131.883686,
                43.1178
              ],
              [
                131.88363,
                43.117987
              ],
              [
                131.883432,
                43.118026
              ],
              [
                131.883422,
                43.117994
              ]
            ]
          ]
        ]
      }
    },
    {
      "type": "Feature",
      "properties": {
        "fid": 282,
        "Layer": "LINES",
        "PaperSpace": null,
        "SubClasses": null,
        "Linetype": null,
        "EntityHandle": null,
        "Text": null,
        "ogr_style": "PEN(c:#000000)",
        "font": null,
        "angle": null,
        "size": null,
        "size_u": null,
        "anchor": null,
        "color": "#000000",
        "underline": null,
        "plaintext": null,
        "fcolor": null,
        "flnum": null,
        "bold": null,
        "italic": null,
        "dx": null,
        "dx_u": null,
        "dy": null,
        "dy_u": null
      },
      "geometry": {
        "type": "MultiPolygon",
        "coordinates": [
          [
            [
              [
                131.883142,
                43.117917
              ],
              [
                131.883292,
                43.117887
              ],
              [
                131.883335,
                43.118012
              ],
              [
                131.883422,
                43.117994
              ],
              [
                131.883432,
                43.118026
              ],
              [
                131.883198,
                43.118071
              ],
              [
                131.883142,
                43.117917
              ]
            ]
          ]
        ]
      }
    },
    {
      "type": "Feature",
      "properties": {
        "fid": 283,
        "Layer": "LINES",
        "PaperSpace": null,
        "SubClasses": null,
        "Linetype": null,
        "EntityHandle": null,
        "Text": null,
        "ogr_style": "PEN(c:#000000)",
        "font": null,
        "angle": null,
        "size": null,
        "size_u": null,
        "anchor": null,
        "color": "#000000",
        "underline": null,
        "plaintext": null,
        "fcolor": null,
        "flnum": null,
        "bold": null,
        "italic": null,
        "dx": null,
        "dx_u": null,
        "dy": null,
        "dy_u": null
      },
      "geometry": {
        "type": "MultiPolygon",
        "coordinates": [
          [
            [
              [
                131.881607,
                43.11575
              ],
              [
                131.881602,
                43.115751
              ],
              [
                131.881582,
                43.115694
              ],
              [
                131.881589,
                43.115693
              ],
              [
                131.881548,
                43.115576
              ],
              [
                131.881541,
                43.115578
              ],
              [
                131.881522,
                43.115523
              ],
              [
                131.881528,
                43.115521
              ],
              [
                131.881486,
                43.115403
              ],
              [
                131.88148,
                43.115404
              ],
              [
                131.881462,
                43.11535
              ],
              [
                131.881468,
                43.115349
              ],
              [
                131.881441,
                43.115268
              ],
              [
                131.881596,
                43.115238
              ],
              [
                131.881626,
                43.115322
              ],
              [
                131.881651,
                43.115329
              ],
              [
                131.88166,
                43.115356
              ],
              [
                131.881643,
                43.11537
              ],
              [
                131.881685,
                43.115495
              ],
              [
                131.881711,
                43.115502
              ],
              [
                131.881718,
                43.115527
              ],
              [
                131.881704,
                43.115542
              ],
              [
                131.881747,
                43.115669
              ],
              [
                131.881773,
                43.115677
              ],
              [
                131.881781,
                43.115704
              ],
              [
                131.881766,
                43.115721
              ],
              [
                131.881794,
                43.115803
              ],
              [
                131.88161,
                43.115838
              ],
              [
                131.881603,
                43.115817
              ],
              [
                131.881629,
                43.115812
              ],
              [
                131.881607,
                43.11575
              ]
            ]
          ]
        ]
      }
    },
    {
      "type": "Feature",
      "properties": {
        "fid": 284,
        "Layer": "LINES",
        "PaperSpace": null,
        "SubClasses": null,
        "Linetype": null,
        "EntityHandle": null,
        "Text": null,
        "ogr_style": "PEN(c:#000000)",
        "font": null,
        "angle": null,
        "size": null,
        "size_u": null,
        "anchor": null,
        "color": "#000000",
        "underline": null,
        "plaintext": null,
        "fcolor": null,
        "flnum": null,
        "bold": null,
        "italic": null,
        "dx": null,
        "dx_u": null,
        "dy": null,
        "dy_u": null
      },
      "geometry": {
        "type": "MultiPolygon",
        "coordinates": [
          [
            [
              [
                131.881548,
                43.115116
              ],
              [
                131.881496,
                43.115126
              ],
              [
                131.881493,
                43.115115
              ],
              [
                131.881438,
                43.115126
              ],
              [
                131.881442,
                43.115135
              ],
              [
                131.881384,
                43.115147
              ],
              [
                131.881162,
                43.114504
              ],
              [
                131.881134,
                43.11451
              ],
              [
                131.881128,
                43.114491
              ],
              [
                131.881155,
                43.114486
              ],
              [
                131.881143,
                43.11445
              ],
              [
                131.88131,
                43.114418
              ],
              [
                131.881325,
                43.11446
              ],
              [
                131.881333,
                43.114459
              ],
              [
                131.881369,
                43.114564
              ],
              [
                131.881416,
                43.114555
              ],
              [
                131.881431,
                43.114602
              ],
              [
                131.881387,
                43.114611
              ],
              [
                131.881425,
                43.114722
              ],
              [
                131.88144,
                43.114719
              ],
              [
                131.881466,
                43.1148
              ],
              [
                131.881453,
                43.114803
              ],
              [
                131.881544,
                43.115061
              ],
              [
                131.88153,
                43.115064
              ],
              [
                131.881548,
                43.115116
              ]
            ]
          ]
        ]
      }
    },
    {
      "type": "Feature",
      "properties": {
        "fid": 285,
        "Layer": "LINES",
        "PaperSpace": null,
        "SubClasses": null,
        "Linetype": null,
        "EntityHandle": null,
        "Text": null,
        "ogr_style": "PEN(c:#000000)",
        "font": null,
        "angle": null,
        "size": null,
        "size_u": null,
        "anchor": null,
        "color": "#000000",
        "underline": null,
        "plaintext": null,
        "fcolor": null,
        "flnum": null,
        "bold": null,
        "italic": null,
        "dx": null,
        "dx_u": null,
        "dy": null,
        "dy_u": null
      },
      "geometry": {
        "type": "MultiPolygon",
        "coordinates": [
          [
            [
              [
                131.881022,
                43.114378
              ],
              [
                131.880946,
                43.114392
              ],
              [
                131.880931,
                43.114352
              ],
              [
                131.880922,
                43.114353
              ],
              [
                131.880905,
                43.114305
              ],
              [
                131.880914,
                43.114303
              ],
              [
                131.880894,
                43.114243
              ],
              [
                131.881105,
                43.114202
              ],
              [
                131.881103,
                43.114198
              ],
              [
                131.881112,
                43.114196
              ],
              [
                131.881113,
                43.1142
              ],
              [
                131.881147,
                43.114193
              ],
              [
                131.881148,
                43.114197
              ],
              [
                131.88117,
                43.114193
              ],
              [
                131.881175,
                43.114209
              ],
              [
                131.881222,
                43.114199
              ],
              [
                131.881247,
                43.114274
              ],
              [
                131.881256,
                43.114273
              ],
              [
                131.881257,
                43.114279
              ],
              [
                131.881275,
                43.114276
              ],
              [
                131.88129,
                43.114318
              ],
              [
                131.881271,
                43.114321
              ],
              [
                131.881275,
                43.114331
              ],
              [
                131.881071,
                43.114368
              ],
              [
                131.881076,
                43.114381
              ],
              [
                131.881064,
                43.114383
              ],
              [
                131.881064,
                43.114385
              ],
              [
                131.881038,
                43.11439
              ],
              [
                131.881037,
                43.114388
              ],
              [
                131.881026,
                43.11439
              ],
              [
                131.881022,
                43.114378
              ]
            ]
          ]
        ]
      }
    },
    {
      "type": "Feature",
      "properties": {
        "fid": 286,
        "Layer": "LINES",
        "PaperSpace": null,
        "SubClasses": null,
        "Linetype": null,
        "EntityHandle": null,
        "Text": null,
        "ogr_style": "PEN(c:#000000)",
        "font": null,
        "angle": null,
        "size": null,
        "size_u": null,
        "anchor": null,
        "color": "#000000",
        "underline": null,
        "plaintext": null,
        "fcolor": null,
        "flnum": null,
        "bold": null,
        "italic": null,
        "dx": null,
        "dx_u": null,
        "dy": null,
        "dy_u": null
      },
      "geometry": {
        "type": "MultiPolygon",
        "coordinates": [
          [
            [
              [
                131.882214,
                43.114679
              ],
              [
                131.882375,
                43.114649
              ],
              [
                131.882416,
                43.114767
              ],
              [
                131.882199,
                43.114807
              ],
              [
                131.882211,
                43.114841
              ],
              [
                131.882103,
                43.114861
              ],
              [
                131.88205,
                43.114709
              ],
              [
                131.882149,
                43.114691
              ],
              [
                131.882147,
                43.114686
              ],
              [
                131.882213,
                43.114674
              ],
              [
                131.882214,
                43.114679
              ]
            ]
          ]
        ]
      }
    },
    {
      "type": "Feature",
      "properties": {
        "fid": 287,
        "Layer": "LINES",
        "PaperSpace": null,
        "SubClasses": null,
        "Linetype": null,
        "EntityHandle": null,
        "Text": null,
        "ogr_style": "PEN(c:#000000)",
        "font": null,
        "angle": null,
        "size": null,
        "size_u": null,
        "anchor": null,
        "color": "#000000",
        "underline": null,
        "plaintext": null,
        "fcolor": null,
        "flnum": null,
        "bold": null,
        "italic": null,
        "dx": null,
        "dx_u": null,
        "dy": null,
        "dy_u": null
      },
      "geometry": {
        "type": "MultiPolygon",
        "coordinates": [
          [
            [
              [
                131.882496,
                43.115335
              ],
              [
                131.882548,
                43.11549
              ],
              [
                131.882558,
                43.115488
              ],
              [
                131.882575,
                43.115539
              ],
              [
                131.882476,
                43.115557
              ],
              [
                131.882479,
                43.115566
              ],
              [
                131.882426,
                43.115576
              ],
              [
                131.882423,
                43.115567
              ],
              [
                131.882333,
                43.115584
              ],
              [
                131.88233,
                43.115576
              ],
              [
                131.882324,
                43.115577
              ],
              [
                131.882314,
                43.115548
              ],
              [
                131.882321,
                43.115547
              ],
              [
                131.882318,
                43.115538
              ],
              [
                131.882323,
                43.115538
              ],
              [
                131.882249,
                43.115317
              ],
              [
                131.882243,
                43.115318
              ],
              [
                131.88224,
                43.11531
              ],
              [
                131.882233,
                43.115311
              ],
              [
                131.882224,
                43.115282
              ],
              [
                131.88223,
                43.115281
              ],
              [
                131.882228,
                43.115273
              ],
              [
                131.882233,
                43.115272
              ],
              [
                131.882217,
                43.115223
              ],
              [
                131.882349,
                43.1152
              ],
              [
                131.882351,
                43.115208
              ],
              [
                131.882541,
                43.115174
              ],
              [
                131.88257,
                43.115256
              ],
              [
                131.882481,
                43.115272
              ],
              [
                131.882501,
                43.115334
              ],
              [
                131.882496,
                43.115335
              ]
            ]
          ]
        ]
      }
    },
    {
      "type": "Feature",
      "properties": {
        "fid": 288,
        "Layer": "LINES",
        "PaperSpace": null,
        "SubClasses": null,
        "Linetype": null,
        "EntityHandle": null,
        "Text": null,
        "ogr_style": "PEN(c:#000000)",
        "font": null,
        "angle": null,
        "size": null,
        "size_u": null,
        "anchor": null,
        "color": "#000000",
        "underline": null,
        "plaintext": null,
        "fcolor": null,
        "flnum": null,
        "bold": null,
        "italic": null,
        "dx": null,
        "dx_u": null,
        "dy": null,
        "dy_u": null
      },
      "geometry": {
        "type": "MultiPolygon",
        "coordinates": [
          [
            [
              [
                131.881361,
                43.113595
              ],
              [
                131.881408,
                43.113729
              ],
              [
                131.881222,
                43.113761
              ],
              [
                131.881221,
                43.113756
              ],
              [
                131.881209,
                43.113748
              ],
              [
                131.881202,
                43.11373
              ],
              [
                131.881208,
                43.113718
              ],
              [
                131.881218,
                43.113717
              ],
              [
                131.88116,
                43.113543
              ],
              [
                131.881341,
                43.11351
              ],
              [
                131.881367,
                43.113594
              ],
              [
                131.881361,
                43.113595
              ]
            ]
          ]
        ]
      }
    },
    {
      "type": "Feature",
      "properties": {
        "fid": 289,
        "Layer": "LINES",
        "PaperSpace": null,
        "SubClasses": null,
        "Linetype": null,
        "EntityHandle": null,
        "Text": null,
        "ogr_style": "PEN(c:#000000)",
        "font": null,
        "angle": null,
        "size": null,
        "size_u": null,
        "anchor": null,
        "color": "#000000",
        "underline": null,
        "plaintext": null,
        "fcolor": null,
        "flnum": null,
        "bold": null,
        "italic": null,
        "dx": null,
        "dx_u": null,
        "dy": null,
        "dy_u": null
      },
      "geometry": {
        "type": "MultiPolygon",
        "coordinates": [
          [
            [
              [
                131.882094,
                43.114575
              ],
              [
                131.881988,
                43.114597
              ],
              [
                131.881972,
                43.114556
              ],
              [
                131.881968,
                43.114557
              ],
              [
                131.881947,
                43.114503
              ],
              [
                131.881957,
                43.114501
              ],
              [
                131.881949,
                43.114479
              ],
              [
                131.881943,
                43.11448
              ],
              [
                131.881937,
                43.114464
              ],
              [
                131.881946,
                43.114462
              ],
              [
                131.881916,
                43.114372
              ],
              [
                131.881911,
                43.114373
              ],
              [
                131.881895,
                43.11433
              ],
              [
                131.881903,
                43.114328
              ],
              [
                131.881869,
                43.114239
              ],
              [
                131.882051,
                43.114201
              ],
              [
                131.882064,
                43.114236
              ],
              [
                131.882056,
                43.114238
              ],
              [
                131.882076,
                43.114291
              ],
              [
                131.882105,
                43.114285
              ],
              [
                131.882157,
                43.11442
              ],
              [
                131.882237,
                43.114403
              ],
              [
                131.882224,
                43.114369
              ],
              [
                131.882285,
                43.114356
              ],
              [
                131.88235,
                43.114523
              ],
              [
                131.882242,
                43.114546
              ],
              [
                131.882241,
                43.114542
              ],
              [
                131.882093,
                43.114572
              ],
              [
                131.882094,
                43.114575
              ]
            ]
          ]
        ]
      }
    },
    {
      "type": "Feature",
      "properties": {
        "fid": 290,
        "Layer": "LINES",
        "PaperSpace": null,
        "SubClasses": null,
        "Linetype": null,
        "EntityHandle": null,
        "Text": null,
        "ogr_style": "PEN(c:#000000)",
        "font": null,
        "angle": null,
        "size": null,
        "size_u": null,
        "anchor": null,
        "color": "#000000",
        "underline": null,
        "plaintext": null,
        "fcolor": null,
        "flnum": null,
        "bold": null,
        "italic": null,
        "dx": null,
        "dx_u": null,
        "dy": null,
        "dy_u": null
      },
      "geometry": {
        "type": "MultiPolygon",
        "coordinates": [
          [
            [
              [
                131.881941,
                43.113788
              ],
              [
                131.881692,
                43.113839
              ],
              [
                131.881626,
                43.11365
              ],
              [
                131.881816,
                43.113616
              ],
              [
                131.881874,
                43.113765
              ],
              [
                131.881928,
                43.113754
              ],
              [
                131.881941,
                43.113788
              ]
            ]
          ]
        ]
      }
    },
    {
      "type": "Feature",
      "properties": {
        "fid": 291,
        "Layer": "LINES",
        "PaperSpace": null,
        "SubClasses": null,
        "Linetype": null,
        "EntityHandle": null,
        "Text": null,
        "ogr_style": "PEN(c:#000000)",
        "font": null,
        "angle": null,
        "size": null,
        "size_u": null,
        "anchor": null,
        "color": "#000000",
        "underline": null,
        "plaintext": null,
        "fcolor": null,
        "flnum": null,
        "bold": null,
        "italic": null,
        "dx": null,
        "dx_u": null,
        "dy": null,
        "dy_u": null
      },
      "geometry": {
        "type": "MultiPolygon",
        "coordinates": [
          [
            [
              [
                131.881718,
                43.113336
              ],
              [
                131.881544,
                43.113366
              ],
              [
                131.881522,
                43.113295
              ],
              [
                131.881534,
                43.113293
              ],
              [
                131.881525,
                43.113261
              ],
              [
                131.881513,
                43.113263
              ],
              [
                131.881493,
                43.113196
              ],
              [
                131.881505,
                43.113194
              ],
              [
                131.881494,
                43.113153
              ],
              [
                131.881566,
                43.113143
              ],
              [
                131.881571,
                43.113165
              ],
              [
                131.88164,
                43.113156
              ],
              [
                131.881669,
                43.113258
              ],
              [
                131.881739,
                43.113247
              ],
              [
                131.881762,
                43.11333
              ],
              [
                131.881719,
                43.113338
              ],
              [
                131.881718,
                43.113336
              ]
            ]
          ]
        ]
      }
    },
    {
      "type": "Feature",
      "properties": {
        "fid": 292,
        "Layer": "LINES",
        "PaperSpace": null,
        "SubClasses": null,
        "Linetype": null,
        "EntityHandle": null,
        "Text": null,
        "ogr_style": "PEN(c:#000000)",
        "font": null,
        "angle": null,
        "size": null,
        "size_u": null,
        "anchor": null,
        "color": "#000000",
        "underline": null,
        "plaintext": null,
        "fcolor": null,
        "flnum": null,
        "bold": null,
        "italic": null,
        "dx": null,
        "dx_u": null,
        "dy": null,
        "dy_u": null
      },
      "geometry": {
        "type": "MultiPolygon",
        "coordinates": [
          [
            [
              [
                131.881695,
                43.112892
              ],
              [
                131.881647,
                43.112791
              ],
              [
                131.881708,
                43.112774
              ],
              [
                131.881628,
                43.112607
              ],
              [
                131.881532,
                43.11263
              ],
              [
                131.881541,
                43.112653
              ],
              [
                131.881429,
                43.112679
              ],
              [
                131.881376,
                43.112552
              ],
              [
                131.881491,
                43.112527
              ],
              [
                131.881747,
                43.112468
              ],
              [
                131.881769,
                43.112513
              ],
              [
                131.881762,
                43.112514
              ],
              [
                131.881809,
                43.112622
              ],
              [
                131.881815,
                43.11262
              ],
              [
                131.881845,
                43.112691
              ],
              [
                131.881839,
                43.112692
              ],
              [
                131.881885,
                43.112799
              ],
              [
                131.881891,
                43.112797
              ],
              [
                131.88191,
                43.112842
              ],
              [
                131.881904,
                43.112844
              ],
              [
                131.881938,
                43.112923
              ],
              [
                131.881885,
                43.112936
              ],
              [
                131.881767,
                43.112966
              ],
              [
                131.881727,
                43.112882
              ],
              [
                131.881695,
                43.112892
              ]
            ]
          ]
        ]
      }
    },
    {
      "type": "Feature",
      "properties": {
        "fid": 293,
        "Layer": "LINES",
        "PaperSpace": null,
        "SubClasses": null,
        "Linetype": null,
        "EntityHandle": null,
        "Text": null,
        "ogr_style": "PEN(c:#000000)",
        "font": null,
        "angle": null,
        "size": null,
        "size_u": null,
        "anchor": null,
        "color": "#000000",
        "underline": null,
        "plaintext": null,
        "fcolor": null,
        "flnum": null,
        "bold": null,
        "italic": null,
        "dx": null,
        "dx_u": null,
        "dy": null,
        "dy_u": null
      },
      "geometry": {
        "type": "MultiPolygon",
        "coordinates": [
          [
            [
              [
                131.88659,
                43.116565
              ],
              [
                131.886723,
                43.116538
              ],
              [
                131.88673,
                43.116556
              ],
              [
                131.886857,
                43.11653
              ],
              [
                131.886908,
                43.116661
              ],
              [
                131.886787,
                43.116688
              ],
              [
                131.886657,
                43.116715
              ],
              [
                131.886648,
                43.116713
              ],
              [
                131.88659,
                43.116565
              ]
            ]
          ]
        ]
      }
    },
    {
      "type": "Feature",
      "properties": {
        "fid": 294,
        "Layer": "LINES",
        "PaperSpace": null,
        "SubClasses": null,
        "Linetype": null,
        "EntityHandle": null,
        "Text": null,
        "ogr_style": "PEN(c:#000000)",
        "font": null,
        "angle": null,
        "size": null,
        "size_u": null,
        "anchor": null,
        "color": "#000000",
        "underline": null,
        "plaintext": null,
        "fcolor": null,
        "flnum": null,
        "bold": null,
        "italic": null,
        "dx": null,
        "dx_u": null,
        "dy": null,
        "dy_u": null
      },
      "geometry": {
        "type": "MultiPolygon",
        "coordinates": [
          [
            [
              [
                131.885289,
                43.117176
              ],
              [
                131.885545,
                43.117125
              ],
              [
                131.885594,
                43.11725
              ],
              [
                131.885334,
                43.117298
              ],
              [
                131.885289,
                43.117176
              ]
            ]
          ]
        ]
      }
    },
    {
      "type": "Feature",
      "properties": {
        "fid": 295,
        "Layer": "LINES",
        "PaperSpace": null,
        "SubClasses": null,
        "Linetype": null,
        "EntityHandle": null,
        "Text": null,
        "ogr_style": "PEN(c:#000000)",
        "font": null,
        "angle": null,
        "size": null,
        "size_u": null,
        "anchor": null,
        "color": "#000000",
        "underline": null,
        "plaintext": null,
        "fcolor": null,
        "flnum": null,
        "bold": null,
        "italic": null,
        "dx": null,
        "dx_u": null,
        "dy": null,
        "dy_u": null
      },
      "geometry": {
        "type": "MultiPolygon",
        "coordinates": [
          [
            [
              [
                131.884786,
                43.117268
              ],
              [
                131.884788,
                43.117274
              ],
              [
                131.88492,
                43.117248
              ],
              [
                131.88497,
                43.117402
              ],
              [
                131.884918,
                43.117412
              ],
              [
                131.884907,
                43.117381
              ],
              [
                131.884867,
                43.117389
              ],
              [
                131.88487,
                43.117398
              ],
              [
                131.884773,
                43.117417
              ],
              [
                131.884723,
                43.11728
              ],
              [
                131.884786,
                43.117268
              ]
            ]
          ]
        ]
      }
    },
    {
      "type": "Feature",
      "properties": {
        "fid": 296,
        "Layer": "LINES",
        "PaperSpace": null,
        "SubClasses": null,
        "Linetype": null,
        "EntityHandle": null,
        "Text": null,
        "ogr_style": "PEN(c:#000000)",
        "font": null,
        "angle": null,
        "size": null,
        "size_u": null,
        "anchor": null,
        "color": "#000000",
        "underline": null,
        "plaintext": null,
        "fcolor": null,
        "flnum": null,
        "bold": null,
        "italic": null,
        "dx": null,
        "dx_u": null,
        "dy": null,
        "dy_u": null
      },
      "geometry": {
        "type": "MultiPolygon",
        "coordinates": [
          [
            [
              [
                131.88492,
                43.117248
              ],
              [
                131.885283,
                43.117177
              ],
              [
                131.885323,
                43.117284
              ],
              [
                131.884954,
                43.117352
              ],
              [
                131.88492,
                43.117248
              ]
            ]
          ]
        ]
      }
    },
    {
      "type": "Feature",
      "properties": {
        "fid": 297,
        "Layer": "LINES",
        "PaperSpace": null,
        "SubClasses": null,
        "Linetype": null,
        "EntityHandle": null,
        "Text": null,
        "ogr_style": "PEN(c:#000000)",
        "font": null,
        "angle": null,
        "size": null,
        "size_u": null,
        "anchor": null,
        "color": "#000000",
        "underline": null,
        "plaintext": null,
        "fcolor": null,
        "flnum": null,
        "bold": null,
        "italic": null,
        "dx": null,
        "dx_u": null,
        "dy": null,
        "dy_u": null
      },
      "geometry": {
        "type": "MultiPolygon",
        "coordinates": [
          [
            [
              [
                131.885545,
                43.117125
              ],
              [
                131.885812,
                43.117071
              ],
              [
                131.885838,
                43.11708
              ],
              [
                131.885844,
                43.1171
              ],
              [
                131.88584,
                43.1171
              ],
              [
                131.885889,
                43.117224
              ],
              [
                131.885878,
                43.117226
              ],
              [
                131.885914,
                43.117331
              ],
              [
                131.885925,
                43.117329
              ],
              [
                131.885939,
                43.117369
              ],
              [
                131.885734,
                43.117409
              ],
              [
                131.885691,
                43.117296
              ],
              [
                131.885686,
                43.117297
              ],
              [
                131.885663,
                43.117237
              ],
              [
                131.885594,
                43.11725
              ],
              [
                131.885545,
                43.117125
              ]
            ]
          ]
        ]
      }
    },
    {
      "type": "Feature",
      "properties": {
        "fid": 298,
        "Layer": "LINES",
        "PaperSpace": null,
        "SubClasses": null,
        "Linetype": null,
        "EntityHandle": null,
        "Text": null,
        "ogr_style": "PEN(c:#000000)",
        "font": null,
        "angle": null,
        "size": null,
        "size_u": null,
        "anchor": null,
        "color": "#000000",
        "underline": null,
        "plaintext": null,
        "fcolor": null,
        "flnum": null,
        "bold": null,
        "italic": null,
        "dx": null,
        "dx_u": null,
        "dy": null,
        "dy_u": null
      },
      "geometry": {
        "type": "MultiPolygon",
        "coordinates": [
          [
            [
              [
                131.885679,
                43.116822
              ],
              [
                131.885679,
                43.116826
              ],
              [
                131.885698,
                43.116862
              ],
              [
                131.885705,
                43.116865
              ],
              [
                131.885689,
                43.116887
              ],
              [
                131.885681,
                43.116884
              ],
              [
                131.885621,
                43.11689
              ],
              [
                131.885624,
                43.116897
              ],
              [
                131.88546,
                43.116929
              ],
              [
                131.885436,
                43.116858
              ],
              [
                131.885472,
                43.11685
              ],
              [
                131.885456,
                43.116807
              ],
              [
                131.885427,
                43.116798
              ],
              [
                131.885418,
                43.116772
              ],
              [
                131.885436,
                43.116754
              ],
              [
                131.885421,
                43.116718
              ],
              [
                131.885388,
                43.116724
              ],
              [
                131.885361,
                43.116655
              ],
              [
                131.885601,
                43.116608
              ],
              [
                131.885638,
                43.116708
              ],
              [
                131.885677,
                43.116701
              ],
              [
                131.88572,
                43.116816
              ],
              [
                131.885679,
                43.116822
              ]
            ]
          ]
        ]
      }
    },
    {
      "type": "Feature",
      "properties": {
        "fid": 299,
        "Layer": "LINES",
        "PaperSpace": null,
        "SubClasses": null,
        "Linetype": null,
        "EntityHandle": null,
        "Text": null,
        "ogr_style": "PEN(c:#000000)",
        "font": null,
        "angle": null,
        "size": null,
        "size_u": null,
        "anchor": null,
        "color": "#000000",
        "underline": null,
        "plaintext": null,
        "fcolor": null,
        "flnum": null,
        "bold": null,
        "italic": null,
        "dx": null,
        "dx_u": null,
        "dy": null,
        "dy_u": null
      },
      "geometry": {
        "type": "MultiPolygon",
        "coordinates": [
          [
            [
              [
                131.883644,
                43.117647
              ],
              [
                131.883705,
                43.117634
              ],
              [
                131.883726,
                43.117693
              ],
              [
                131.883722,
                43.117727
              ],
              [
                131.883672,
                43.117737
              ],
              [
                131.883644,
                43.117647
              ]
            ]
          ]
        ]
      }
    },
    {
      "type": "Feature",
      "properties": {
        "fid": 300,
        "Layer": "LINES",
        "PaperSpace": null,
        "SubClasses": null,
        "Linetype": null,
        "EntityHandle": null,
        "Text": null,
        "ogr_style": "PEN(c:#000000)",
        "font": null,
        "angle": null,
        "size": null,
        "size_u": null,
        "anchor": null,
        "color": "#000000",
        "underline": null,
        "plaintext": null,
        "fcolor": null,
        "flnum": null,
        "bold": null,
        "italic": null,
        "dx": null,
        "dx_u": null,
        "dy": null,
        "dy_u": null
      },
      "geometry": {
        "type": "MultiPolygon",
        "coordinates": [
          [
            [
              [
                131.883586,
                43.1175
              ],
              [
                131.883839,
                43.117453
              ],
              [
                131.883797,
                43.117557
              ],
              [
                131.883729,
                43.117565
              ],
              [
                131.883739,
                43.117597
              ],
              [
                131.883629,
                43.117618
              ],
              [
                131.883586,
                43.1175
              ]
            ]
          ]
        ]
      }
    },
    {
      "type": "Feature",
      "properties": {
        "fid": 301,
        "Layer": "LINES",
        "PaperSpace": null,
        "SubClasses": null,
        "Linetype": null,
        "EntityHandle": null,
        "Text": null,
        "ogr_style": "PEN(c:#000000)",
        "font": null,
        "angle": null,
        "size": null,
        "size_u": null,
        "anchor": null,
        "color": "#000000",
        "underline": null,
        "plaintext": null,
        "fcolor": null,
        "flnum": null,
        "bold": null,
        "italic": null,
        "dx": null,
        "dx_u": null,
        "dy": null,
        "dy_u": null
      },
      "geometry": {
        "type": "MultiPolygon",
        "coordinates": [
          [
            [
              [
                131.884582,
                43.116944
              ],
              [
                131.884687,
                43.116924
              ],
              [
                131.884695,
                43.116948
              ],
              [
                131.885048,
                43.11688
              ],
              [
                131.885098,
                43.117012
              ],
              [
                131.885059,
                43.11702
              ],
              [
                131.885058,
                43.117017
              ],
              [
                131.884919,
                43.117045
              ],
              [
                131.88492,
                43.117048
              ],
              [
                131.884836,
                43.117066
              ],
              [
                131.884635,
                43.117103
              ],
              [
                131.884582,
                43.116944
              ]
            ]
          ]
        ]
      }
    },
    {
      "type": "Feature",
      "properties": {
        "fid": 302,
        "Layer": "LINES",
        "PaperSpace": null,
        "SubClasses": null,
        "Linetype": null,
        "EntityHandle": null,
        "Text": null,
        "ogr_style": "PEN(c:#000000)",
        "font": null,
        "angle": null,
        "size": null,
        "size_u": null,
        "anchor": null,
        "color": "#000000",
        "underline": null,
        "plaintext": null,
        "fcolor": null,
        "flnum": null,
        "bold": null,
        "italic": null,
        "dx": null,
        "dx_u": null,
        "dy": null,
        "dy_u": null
      },
      "geometry": {
        "type": "MultiPolygon",
        "coordinates": [
          [
            [
              [
                131.883607,
                43.11759
              ],
              [
                131.883568,
                43.117596
              ],
              [
                131.883576,
                43.117624
              ],
              [
                131.883367,
                43.117662
              ],
              [
                131.883373,
                43.117682
              ],
              [
                131.883404,
                43.117676
              ],
              [
                131.883424,
                43.117736
              ],
              [
                131.883362,
                43.117748
              ],
              [
                131.883301,
                43.117553
              ],
              [
                131.883575,
                43.117502
              ],
              [
                131.883607,
                43.11759
              ]
            ]
          ]
        ]
      }
    },
    {
      "type": "Feature",
      "properties": {
        "fid": 303,
        "Layer": "LINES",
        "PaperSpace": null,
        "SubClasses": null,
        "Linetype": null,
        "EntityHandle": null,
        "Text": null,
        "ogr_style": "PEN(c:#000000)",
        "font": null,
        "angle": null,
        "size": null,
        "size_u": null,
        "anchor": null,
        "color": "#000000",
        "underline": null,
        "plaintext": null,
        "fcolor": null,
        "flnum": null,
        "bold": null,
        "italic": null,
        "dx": null,
        "dx_u": null,
        "dy": null,
        "dy_u": null
      },
      "geometry": {
        "type": "MultiPolygon",
        "coordinates": [
          [
            [
              [
                131.884472,
                43.117036
              ],
              [
                131.884499,
                43.117032
              ],
              [
                131.884476,
                43.116964
              ],
              [
                131.884582,
                43.116944
              ],
              [
                131.884632,
                43.117094
              ],
              [
                131.884499,
                43.11712
              ],
              [
                131.884472,
                43.117036
              ]
            ]
          ]
        ]
      }
    },
    {
      "type": "Feature",
      "properties": {
        "fid": 304,
        "Layer": "LINES",
        "PaperSpace": null,
        "SubClasses": null,
        "Linetype": null,
        "EntityHandle": null,
        "Text": null,
        "ogr_style": "PEN(c:#000000)",
        "font": null,
        "angle": null,
        "size": null,
        "size_u": null,
        "anchor": null,
        "color": "#000000",
        "underline": null,
        "plaintext": null,
        "fcolor": null,
        "flnum": null,
        "bold": null,
        "italic": null,
        "dx": null,
        "dx_u": null,
        "dy": null,
        "dy_u": null
      },
      "geometry": {
        "type": "MultiPolygon",
        "coordinates": [
          [
            [
              [
                131.883118,
                43.117854
              ],
              [
                131.883386,
                43.1178
              ],
              [
                131.883406,
                43.117858
              ],
              [
                131.883139,
                43.117912
              ],
              [
                131.883118,
                43.117854
              ]
            ]
          ]
        ]
      }
    },
    {
      "type": "Feature",
      "properties": {
        "fid": 305,
        "Layer": "LINES",
        "PaperSpace": null,
        "SubClasses": null,
        "Linetype": null,
        "EntityHandle": null,
        "Text": null,
        "ogr_style": "PEN(c:#000000)",
        "font": null,
        "angle": null,
        "size": null,
        "size_u": null,
        "anchor": null,
        "color": "#000000",
        "underline": null,
        "plaintext": null,
        "fcolor": null,
        "flnum": null,
        "bold": null,
        "italic": null,
        "dx": null,
        "dx_u": null,
        "dy": null,
        "dy_u": null
      },
      "geometry": {
        "type": "MultiPolygon",
        "coordinates": [
          [
            [
              [
                131.883027,
                43.117603
              ],
              [
                131.883301,
                43.117553
              ],
              [
                131.883347,
                43.1177
              ],
              [
                131.883178,
                43.117734
              ],
              [
                131.883076,
                43.117752
              ],
              [
                131.883027,
                43.117603
              ]
            ]
          ]
        ]
      }
    },
    {
      "type": "Feature",
      "properties": {
        "fid": 306,
        "Layer": "LINES",
        "PaperSpace": null,
        "SubClasses": null,
        "Linetype": null,
        "EntityHandle": null,
        "Text": null,
        "ogr_style": "PEN(c:#000000)",
        "font": null,
        "angle": null,
        "size": null,
        "size_u": null,
        "anchor": null,
        "color": "#000000",
        "underline": null,
        "plaintext": null,
        "fcolor": null,
        "flnum": null,
        "bold": null,
        "italic": null,
        "dx": null,
        "dx_u": null,
        "dy": null,
        "dy_u": null
      },
      "geometry": {
        "type": "MultiPolygon",
        "coordinates": [
          [
            [
              [
                131.883829,
                43.116889
              ],
              [
                131.883909,
                43.116888
              ],
              [
                131.883913,
                43.116933
              ],
              [
                131.883909,
                43.117112
              ],
              [
                131.883834,
                43.117113
              ],
              [
                131.883829,
                43.116889
              ]
            ]
          ]
        ]
      }
    },
    {
      "type": "Feature",
      "properties": {
        "fid": 307,
        "Layer": "LINES",
        "PaperSpace": null,
        "SubClasses": null,
        "Linetype": null,
        "EntityHandle": null,
        "Text": null,
        "ogr_style": "PEN(c:#000000)",
        "font": null,
        "angle": null,
        "size": null,
        "size_u": null,
        "anchor": null,
        "color": "#000000",
        "underline": null,
        "plaintext": null,
        "fcolor": null,
        "flnum": null,
        "bold": null,
        "italic": null,
        "dx": null,
        "dx_u": null,
        "dy": null,
        "dy_u": null
      },
      "geometry": {
        "type": "MultiPolygon",
        "coordinates": [
          [
            [
              [
                131.883894,
                43.117243
              ],
              [
                131.883532,
                43.117308
              ],
              [
                131.883498,
                43.117209
              ],
              [
                131.883906,
                43.117135
              ],
              [
                131.883894,
                43.117243
              ]
            ]
          ]
        ]
      }
    },
    {
      "type": "Feature",
      "properties": {
        "fid": 308,
        "Layer": "LINES",
        "PaperSpace": null,
        "SubClasses": null,
        "Linetype": null,
        "EntityHandle": null,
        "Text": null,
        "ogr_style": "PEN(c:#000000)",
        "font": null,
        "angle": null,
        "size": null,
        "size_u": null,
        "anchor": null,
        "color": "#000000",
        "underline": null,
        "plaintext": null,
        "fcolor": null,
        "flnum": null,
        "bold": null,
        "italic": null,
        "dx": null,
        "dx_u": null,
        "dy": null,
        "dy_u": null
      },
      "geometry": {
        "type": "MultiPolygon",
        "coordinates": [
          [
            [
              [
                131.882544,
                43.117837
              ],
              [
                131.882269,
                43.117891
              ],
              [
                131.882223,
                43.117768
              ],
              [
                131.882498,
                43.117713
              ],
              [
                131.882544,
                43.117837
              ]
            ]
          ]
        ]
      }
    },
    {
      "type": "Feature",
      "properties": {
        "fid": 309,
        "Layer": "LINES",
        "PaperSpace": null,
        "SubClasses": null,
        "Linetype": null,
        "EntityHandle": null,
        "Text": null,
        "ogr_style": "PEN(c:#000000)",
        "font": null,
        "angle": null,
        "size": null,
        "size_u": null,
        "anchor": null,
        "color": "#000000",
        "underline": null,
        "plaintext": null,
        "fcolor": null,
        "flnum": null,
        "bold": null,
        "italic": null,
        "dx": null,
        "dx_u": null,
        "dy": null,
        "dy_u": null
      },
      "geometry": {
        "type": "MultiPolygon",
        "coordinates": [
          [
            [
              [
                131.882435,
                43.118117
              ],
              [
                131.882358,
                43.118131
              ],
              [
                131.882281,
                43.117921
              ],
              [
                131.88236,
                43.117906
              ],
              [
                131.882435,
                43.118117
              ]
            ]
          ]
        ]
      }
    },
    {
      "type": "Feature",
      "properties": {
        "fid": 310,
        "Layer": "LINES",
        "PaperSpace": null,
        "SubClasses": null,
        "Linetype": null,
        "EntityHandle": null,
        "Text": null,
        "ogr_style": "PEN(c:#000000)",
        "font": null,
        "angle": null,
        "size": null,
        "size_u": null,
        "anchor": null,
        "color": "#000000",
        "underline": null,
        "plaintext": null,
        "fcolor": null,
        "flnum": null,
        "bold": null,
        "italic": null,
        "dx": null,
        "dx_u": null,
        "dy": null,
        "dy_u": null
      },
      "geometry": {
        "type": "MultiPolygon",
        "coordinates": [
          [
            [
              [
                131.882632,
                43.118079
              ],
              [
                131.882545,
                43.118098
              ],
              [
                131.882473,
                43.117894
              ],
              [
                131.882558,
                43.117877
              ],
              [
                131.882632,
                43.118079
              ]
            ]
          ]
        ]
      }
    },
    {
      "type": "Feature",
      "properties": {
        "fid": 311,
        "Layer": "LINES",
        "PaperSpace": null,
        "SubClasses": null,
        "Linetype": null,
        "EntityHandle": null,
        "Text": null,
        "ogr_style": "PEN(c:#000000)",
        "font": null,
        "angle": null,
        "size": null,
        "size_u": null,
        "anchor": null,
        "color": "#000000",
        "underline": null,
        "plaintext": null,
        "fcolor": null,
        "flnum": null,
        "bold": null,
        "italic": null,
        "dx": null,
        "dx_u": null,
        "dy": null,
        "dy_u": null
      },
      "geometry": {
        "type": "MultiPolygon",
        "coordinates": [
          [
            [
              [
                131.882667,
                43.118176
              ],
              [
                131.882389,
                43.118231
              ],
              [
                131.882364,
                43.118157
              ],
              [
                131.88264,
                43.118103
              ],
              [
                131.882667,
                43.118176
              ]
            ]
          ]
        ]
      }
    },
    {
      "type": "Feature",
      "properties": {
        "fid": 312,
        "Layer": "LINES",
        "PaperSpace": null,
        "SubClasses": null,
        "Linetype": null,
        "EntityHandle": null,
        "Text": null,
        "ogr_style": "PEN(c:#000000)",
        "font": null,
        "angle": null,
        "size": null,
        "size_u": null,
        "anchor": null,
        "color": "#000000",
        "underline": null,
        "plaintext": null,
        "fcolor": null,
        "flnum": null,
        "bold": null,
        "italic": null,
        "dx": null,
        "dx_u": null,
        "dy": null,
        "dy_u": null
      },
      "geometry": {
        "type": "MultiPolygon",
        "coordinates": [
          [
            [
              [
                131.882045,
                43.117258
              ],
              [
                131.882021,
                43.117253
              ],
              [
                131.881911,
                43.116962
              ],
              [
                131.881983,
                43.116947
              ],
              [
                131.882124,
                43.117328
              ],
              [
                131.882075,
                43.117338
              ],
              [
                131.882045,
                43.117258
              ]
            ]
          ]
        ]
      }
    },
    {
      "type": "Feature",
      "properties": {
        "fid": 313,
        "Layer": "LINES",
        "PaperSpace": null,
        "SubClasses": null,
        "Linetype": null,
        "EntityHandle": null,
        "Text": null,
        "ogr_style": "PEN(c:#000000)",
        "font": null,
        "angle": null,
        "size": null,
        "size_u": null,
        "anchor": null,
        "color": "#000000",
        "underline": null,
        "plaintext": null,
        "fcolor": null,
        "flnum": null,
        "bold": null,
        "italic": null,
        "dx": null,
        "dx_u": null,
        "dy": null,
        "dy_u": null
      },
      "geometry": {
        "type": "MultiPolygon",
        "coordinates": [
          [
            [
              [
                131.882468,
                43.116764
              ],
              [
                131.88234,
                43.116786
              ],
              [
                131.882331,
                43.116757
              ],
              [
                131.882304,
                43.116763
              ],
              [
                131.882308,
                43.116776
              ],
              [
                131.882263,
                43.116785
              ],
              [
                131.882243,
                43.116731
              ],
              [
                131.882443,
                43.116693
              ],
              [
                131.882468,
                43.116764
              ]
            ]
          ]
        ]
      }
    },
    {
      "type": "Feature",
      "properties": {
        "fid": 314,
        "Layer": "LINES",
        "PaperSpace": null,
        "SubClasses": null,
        "Linetype": null,
        "EntityHandle": null,
        "Text": null,
        "ogr_style": "PEN(c:#000000)",
        "font": null,
        "angle": null,
        "size": null,
        "size_u": null,
        "anchor": null,
        "color": "#000000",
        "underline": null,
        "plaintext": null,
        "fcolor": null,
        "flnum": null,
        "bold": null,
        "italic": null,
        "dx": null,
        "dx_u": null,
        "dy": null,
        "dy_u": null
      },
      "geometry": {
        "type": "MultiPolygon",
        "coordinates": [
          [
            [
              [
                131.882263,
                43.116785
              ],
              [
                131.882025,
                43.116827
              ],
              [
                131.882008,
                43.116776
              ],
              [
                131.882243,
                43.116731
              ],
              [
                131.882263,
                43.116785
              ]
            ]
          ]
        ]
      }
    },
    {
      "type": "Feature",
      "properties": {
        "fid": 315,
        "Layer": "LINES",
        "PaperSpace": null,
        "SubClasses": null,
        "Linetype": null,
        "EntityHandle": null,
        "Text": null,
        "ogr_style": "PEN(c:#000000)",
        "font": null,
        "angle": null,
        "size": null,
        "size_u": null,
        "anchor": null,
        "color": "#000000",
        "underline": null,
        "plaintext": null,
        "fcolor": null,
        "flnum": null,
        "bold": null,
        "italic": null,
        "dx": null,
        "dx_u": null,
        "dy": null,
        "dy_u": null
      },
      "geometry": {
        "type": "MultiPolygon",
        "coordinates": [
          [
            [
              [
                131.88242,
                43.1175
              ],
              [
                131.882153,
                43.117552
              ],
              [
                131.882109,
                43.117432
              ],
              [
                131.882171,
                43.11742
              ],
              [
                131.882186,
                43.117441
              ],
              [
                131.882216,
                43.117406
              ],
              [
                131.882345,
                43.117383
              ],
              [
                131.882378,
                43.117395
              ],
              [
                131.88242,
                43.1175
              ]
            ]
          ]
        ]
      }
    },
    {
      "type": "Feature",
      "properties": {
        "fid": 316,
        "Layer": "LINES",
        "PaperSpace": null,
        "SubClasses": null,
        "Linetype": null,
        "EntityHandle": null,
        "Text": null,
        "ogr_style": "PEN(c:#000000)",
        "font": null,
        "angle": null,
        "size": null,
        "size_u": null,
        "anchor": null,
        "color": "#000000",
        "underline": null,
        "plaintext": null,
        "fcolor": null,
        "flnum": null,
        "bold": null,
        "italic": null,
        "dx": null,
        "dx_u": null,
        "dy": null,
        "dy_u": null
      },
      "geometry": {
        "type": "MultiPolygon",
        "coordinates": [
          [
            [
              [
                131.882621,
                43.1173
              ],
              [
                131.882521,
                43.117319
              ],
              [
                131.882332,
                43.116793
              ],
              [
                131.882434,
                43.116774
              ],
              [
                131.882621,
                43.1173
              ]
            ]
          ]
        ]
      }
    },
    {
      "type": "Feature",
      "properties": {
        "fid": 317,
        "Layer": "LINES",
        "PaperSpace": null,
        "SubClasses": null,
        "Linetype": null,
        "EntityHandle": null,
        "Text": null,
        "ogr_style": "PEN(c:#000000)",
        "font": null,
        "angle": null,
        "size": null,
        "size_u": null,
        "anchor": null,
        "color": "#000000",
        "underline": null,
        "plaintext": null,
        "fcolor": null,
        "flnum": null,
        "bold": null,
        "italic": null,
        "dx": null,
        "dx_u": null,
        "dy": null,
        "dy_u": null
      },
      "geometry": {
        "type": "MultiPolygon",
        "coordinates": [
          [
            [
              [
                131.882703,
                43.117445
              ],
              [
                131.88242,
                43.1175
              ],
              [
                131.88239,
                43.117425
              ],
              [
                131.882426,
                43.117418
              ],
              [
                131.882417,
                43.117398
              ],
              [
                131.882541,
                43.117373
              ],
              [
                131.882521,
                43.117319
              ],
              [
                131.88265,
                43.117295
              ],
              [
                131.882703,
                43.117445
              ]
            ]
          ]
        ]
      }
    },
    {
      "type": "Feature",
      "properties": {
        "fid": 318,
        "Layer": "LINES",
        "PaperSpace": null,
        "SubClasses": null,
        "Linetype": null,
        "EntityHandle": null,
        "Text": null,
        "ogr_style": "PEN(c:#000000)",
        "font": null,
        "angle": null,
        "size": null,
        "size_u": null,
        "anchor": null,
        "color": "#000000",
        "underline": null,
        "plaintext": null,
        "fcolor": null,
        "flnum": null,
        "bold": null,
        "italic": null,
        "dx": null,
        "dx_u": null,
        "dy": null,
        "dy_u": null
      },
      "geometry": {
        "type": "MultiPolygon",
        "coordinates": [
          [
            [
              [
                131.882434,
                43.117294
              ],
              [
                131.882284,
                43.117324
              ],
              [
                131.882115,
                43.116889
              ],
              [
                131.882279,
                43.116856
              ],
              [
                131.882434,
                43.117294
              ]
            ]
          ]
        ]
      }
    },
    {
      "type": "Feature",
      "properties": {
        "fid": 319,
        "Layer": "LINES",
        "PaperSpace": null,
        "SubClasses": null,
        "Linetype": null,
        "EntityHandle": null,
        "Text": null,
        "ogr_style": "PEN(c:#000000)",
        "font": null,
        "angle": null,
        "size": null,
        "size_u": null,
        "anchor": null,
        "color": "#000000",
        "underline": null,
        "plaintext": null,
        "fcolor": null,
        "flnum": null,
        "bold": null,
        "italic": null,
        "dx": null,
        "dx_u": null,
        "dy": null,
        "dy_u": null
      },
      "geometry": {
        "type": "MultiPolygon",
        "coordinates": [
          [
            [
              [
                131.882342,
                43.118104
              ],
              [
                131.882259,
                43.118119
              ],
              [
                131.882184,
                43.117899
              ],
              [
                131.882265,
                43.117884
              ],
              [
                131.882342,
                43.118104
              ]
            ]
          ]
        ]
      }
    },
    {
      "type": "Feature",
      "properties": {
        "fid": 320,
        "Layer": "LINES",
        "PaperSpace": null,
        "SubClasses": null,
        "Linetype": null,
        "EntityHandle": null,
        "Text": null,
        "ogr_style": "PEN(c:#000000)",
        "font": null,
        "angle": null,
        "size": null,
        "size_u": null,
        "anchor": null,
        "color": "#000000",
        "underline": null,
        "plaintext": null,
        "fcolor": null,
        "flnum": null,
        "bold": null,
        "italic": null,
        "dx": null,
        "dx_u": null,
        "dy": null,
        "dy_u": null
      },
      "geometry": {
        "type": "MultiPolygon",
        "coordinates": [
          [
            [
              [
                131.882155,
                43.118147
              ],
              [
                131.882002,
                43.118173
              ],
              [
                131.88193,
                43.117986
              ],
              [
                131.882082,
                43.117955
              ],
              [
                131.882155,
                43.118147
              ]
            ]
          ]
        ]
      }
    },
    {
      "type": "Feature",
      "properties": {
        "fid": 321,
        "Layer": "LINES",
        "PaperSpace": null,
        "SubClasses": null,
        "Linetype": null,
        "EntityHandle": null,
        "Text": null,
        "ogr_style": "PEN(c:#000000)",
        "font": null,
        "angle": null,
        "size": null,
        "size_u": null,
        "anchor": null,
        "color": "#000000",
        "underline": null,
        "plaintext": null,
        "fcolor": null,
        "flnum": null,
        "bold": null,
        "italic": null,
        "dx": null,
        "dx_u": null,
        "dy": null,
        "dy_u": null
      },
      "geometry": {
        "type": "MultiPolygon",
        "coordinates": [
          [
            [
              [
                131.882389,
                43.118231
              ],
              [
                131.882169,
                43.118274
              ],
              [
                131.882135,
                43.118182
              ],
              [
                131.882355,
                43.118141
              ],
              [
                131.882389,
                43.118231
              ]
            ]
          ]
        ]
      }
    },
    {
      "type": "Feature",
      "properties": {
        "fid": 322,
        "Layer": "LINES",
        "PaperSpace": null,
        "SubClasses": null,
        "Linetype": null,
        "EntityHandle": null,
        "Text": null,
        "ogr_style": "PEN(c:#000000)",
        "font": null,
        "angle": null,
        "size": null,
        "size_u": null,
        "anchor": null,
        "color": "#000000",
        "underline": null,
        "plaintext": null,
        "fcolor": null,
        "flnum": null,
        "bold": null,
        "italic": null,
        "dx": null,
        "dx_u": null,
        "dy": null,
        "dy_u": null
      },
      "geometry": {
        "type": "MultiPolygon",
        "coordinates": [
          [
            [
              [
                131.882169,
                43.118275
              ],
              [
                131.881815,
                43.118346
              ],
              [
                131.881788,
                43.118271
              ],
              [
                131.882142,
                43.118204
              ],
              [
                131.882169,
                43.118275
              ]
            ]
          ]
        ]
      }
    },
    {
      "type": "Feature",
      "properties": {
        "fid": 323,
        "Layer": "LINES",
        "PaperSpace": null,
        "SubClasses": null,
        "Linetype": null,
        "EntityHandle": null,
        "Text": null,
        "ogr_style": "PEN(c:#000000)",
        "font": null,
        "angle": null,
        "size": null,
        "size_u": null,
        "anchor": null,
        "color": "#000000",
        "underline": null,
        "plaintext": null,
        "fcolor": null,
        "flnum": null,
        "bold": null,
        "italic": null,
        "dx": null,
        "dx_u": null,
        "dy": null,
        "dy_u": null
      },
      "geometry": {
        "type": "MultiPolygon",
        "coordinates": [
          [
            [
              [
                131.881874,
                43.118217
              ],
              [
                131.881788,
                43.118234
              ],
              [
                131.881685,
                43.117956
              ],
              [
                131.88165,
                43.117867
              ],
              [
                131.882219,
                43.117757
              ],
              [
                131.882253,
                43.117851
              ],
              [
                131.881781,
                43.117939
              ],
              [
                131.881874,
                43.118217
              ]
            ]
          ]
        ]
      }
    },
    {
      "type": "Feature",
      "properties": {
        "fid": 324,
        "Layer": "LINES",
        "PaperSpace": null,
        "SubClasses": null,
        "Linetype": null,
        "EntityHandle": null,
        "Text": null,
        "ogr_style": "PEN(c:#000000)",
        "font": null,
        "angle": null,
        "size": null,
        "size_u": null,
        "anchor": null,
        "color": "#000000",
        "underline": null,
        "plaintext": null,
        "fcolor": null,
        "flnum": null,
        "bold": null,
        "italic": null,
        "dx": null,
        "dx_u": null,
        "dy": null,
        "dy_u": null
      },
      "geometry": {
        "type": "MultiPolygon",
        "coordinates": [
          [
            [
              [
                131.881811,
                43.118336
              ],
              [
                131.881498,
                43.118398
              ],
              [
                131.881469,
                43.118314
              ],
              [
                131.88178,
                43.118254
              ],
              [
                131.881811,
                43.118336
              ]
            ]
          ]
        ]
      }
    },
    {
      "type": "Feature",
      "properties": {
        "fid": 325,
        "Layer": "LINES",
        "PaperSpace": null,
        "SubClasses": null,
        "Linetype": null,
        "EntityHandle": null,
        "Text": null,
        "ogr_style": "PEN(c:#000000)",
        "font": null,
        "angle": null,
        "size": null,
        "size_u": null,
        "anchor": null,
        "color": "#000000",
        "underline": null,
        "plaintext": null,
        "fcolor": null,
        "flnum": null,
        "bold": null,
        "italic": null,
        "dx": null,
        "dx_u": null,
        "dy": null,
        "dy_u": null
      },
      "geometry": {
        "type": "MultiPolygon",
        "coordinates": [
          [
            [
              [
                131.881706,
                43.118017
              ],
              [
                131.88161,
                43.118036
              ],
              [
                131.881612,
                43.118041
              ],
              [
                131.881452,
                43.118072
              ],
              [
                131.881387,
                43.117918
              ],
              [
                131.88165,
                43.117867
              ],
              [
                131.881706,
                43.118017
              ]
            ]
          ]
        ]
      }
    },
    {
      "type": "Feature",
      "properties": {
        "fid": 326,
        "Layer": "LINES",
        "PaperSpace": null,
        "SubClasses": null,
        "Linetype": null,
        "EntityHandle": null,
        "Text": null,
        "ogr_style": "PEN(c:#000000)",
        "font": null,
        "angle": null,
        "size": null,
        "size_u": null,
        "anchor": null,
        "color": "#000000",
        "underline": null,
        "plaintext": null,
        "fcolor": null,
        "flnum": null,
        "bold": null,
        "italic": null,
        "dx": null,
        "dx_u": null,
        "dy": null,
        "dy_u": null
      },
      "geometry": {
        "type": "MultiPolygon",
        "coordinates": []
      }
    },
    {
      "type": "Feature",
      "properties": {
        "fid": 327,
        "Layer": "LINES",
        "PaperSpace": null,
        "SubClasses": null,
        "Linetype": null,
        "EntityHandle": null,
        "Text": null,
        "ogr_style": "PEN(c:#000000)",
        "font": null,
        "angle": null,
        "size": null,
        "size_u": null,
        "anchor": null,
        "color": "#000000",
        "underline": null,
        "plaintext": null,
        "fcolor": null,
        "flnum": null,
        "bold": null,
        "italic": null,
        "dx": null,
        "dx_u": null,
        "dy": null,
        "dy_u": null
      },
      "geometry": {
        "type": "MultiPolygon",
        "coordinates": []
      }
    },
    {
      "type": "Feature",
      "properties": {
        "fid": 328,
        "Layer": "LINES",
        "PaperSpace": null,
        "SubClasses": null,
        "Linetype": null,
        "EntityHandle": null,
        "Text": null,
        "ogr_style": "PEN(c:#000000)",
        "font": null,
        "angle": null,
        "size": null,
        "size_u": null,
        "anchor": null,
        "color": "#000000",
        "underline": null,
        "plaintext": null,
        "fcolor": null,
        "flnum": null,
        "bold": null,
        "italic": null,
        "dx": null,
        "dx_u": null,
        "dy": null,
        "dy_u": null
      },
      "geometry": {
        "type": "MultiPolygon",
        "coordinates": []
      }
    },
    {
      "type": "Feature",
      "properties": {
        "fid": 329,
        "Layer": "LINES",
        "PaperSpace": null,
        "SubClasses": null,
        "Linetype": null,
        "EntityHandle": null,
        "Text": null,
        "ogr_style": "PEN(c:#000000)",
        "font": null,
        "angle": null,
        "size": null,
        "size_u": null,
        "anchor": null,
        "color": "#000000",
        "underline": null,
        "plaintext": null,
        "fcolor": null,
        "flnum": null,
        "bold": null,
        "italic": null,
        "dx": null,
        "dx_u": null,
        "dy": null,
        "dy_u": null
      },
      "geometry": {
        "type": "MultiPolygon",
        "coordinates": []
      }
    },
    {
      "type": "Feature",
      "properties": {
        "fid": 330,
        "Layer": "LINES",
        "PaperSpace": null,
        "SubClasses": null,
        "Linetype": null,
        "EntityHandle": null,
        "Text": null,
        "ogr_style": "PEN(c:#000000)",
        "font": null,
        "angle": null,
        "size": null,
        "size_u": null,
        "anchor": null,
        "color": "#000000",
        "underline": null,
        "plaintext": null,
        "fcolor": null,
        "flnum": null,
        "bold": null,
        "italic": null,
        "dx": null,
        "dx_u": null,
        "dy": null,
        "dy_u": null
      },
      "geometry": {
        "type": "MultiPolygon",
        "coordinates": [
          [
            [
              [
                131.882653,
                43.116526
              ],
              [
                131.882657,
                43.11652
              ],
              [
                131.88265,
                43.116517
              ],
              [
                131.882674,
                43.116485
              ],
              [
                131.882682,
                43.116488
              ],
              [
                131.882686,
                43.116483
              ],
              [
                131.882977,
                43.116429
              ],
              [
                131.882975,
                43.116424
              ],
              [
                131.88304,
                43.116412
              ],
              [
                131.883041,
                43.116416
              ],
              [
                131.88313,
                43.116399
              ],
              [
                131.883129,
                43.116396
              ],
              [
                131.883193,
                43.116384
              ],
              [
                131.883196,
                43.11639
              ],
              [
                131.88328,
                43.116608
              ],
              [
                131.883385,
                43.116895
              ],
              [
                131.883175,
                43.116909
              ],
              [
                131.883002,
                43.11693
              ],
              [
                131.882982,
                43.116869
              ],
              [
                131.883016,
                43.116865
              ],
              [
                131.883013,
                43.116848
              ],
              [
                131.883023,
                43.116839
              ],
              [
                131.88303,
                43.116837
              ],
              [
                131.883094,
                43.116832
              ],
              [
                131.883083,
                43.116806
              ],
              [
                131.883078,
                43.116807
              ],
              [
                131.883023,
                43.116655
              ],
              [
                131.882882,
                43.116681
              ],
              [
                131.882908,
                43.116756
              ],
              [
                131.882943,
                43.11675
              ],
              [
                131.88295,
                43.116753
              ],
              [
                131.882962,
                43.116784
              ],
              [
                131.882952,
                43.116792
              ],
              [
                131.882982,
                43.116869
              ],
              [
                131.883002,
                43.11693
              ],
              [
                131.882966,
                43.116934
              ],
              [
                131.882809,
                43.116953
              ],
              [
                131.882747,
                43.116785
              ],
              [
                131.882653,
                43.116526
              ]
            ]
          ]
        ]
      }
    },
    {
      "type": "Feature",
      "properties": {
        "fid": 331,
        "Layer": "LINES",
        "PaperSpace": null,
        "SubClasses": null,
        "Linetype": null,
        "EntityHandle": null,
        "Text": null,
        "ogr_style": "PEN(c:#000000)",
        "font": null,
        "angle": null,
        "size": null,
        "size_u": null,
        "anchor": null,
        "color": "#000000",
        "underline": null,
        "plaintext": null,
        "fcolor": null,
        "flnum": null,
        "bold": null,
        "italic": null,
        "dx": null,
        "dx_u": null,
        "dy": null,
        "dy_u": null
      },
      "geometry": {
        "type": "MultiPolygon",
        "coordinates": [
          [
            [
              [
                131.883523,
                43.117309
              ],
              [
                131.882963,
                43.117411
              ],
              [
                131.882961,
                43.117407
              ],
              [
                131.882963,
                43.117407
              ],
              [
                131.882956,
                43.117387
              ],
              [
                131.882954,
                43.117387
              ],
              [
                131.882952,
                43.11738
              ],
              [
                131.882953,
                43.11738
              ],
              [
                131.882947,
                43.11736
              ],
              [
                131.882945,
                43.117361
              ],
              [
                131.882943,
                43.117354
              ],
              [
                131.882944,
                43.117354
              ],
              [
                131.882938,
                43.117335
              ],
              [
                131.882936,
                43.117336
              ],
              [
                131.882935,
                43.117333
              ],
              [
                131.882878,
                43.117143
              ],
              [
                131.883033,
                43.117113
              ],
              [
                131.883086,
                43.117269
              ],
              [
                131.883138,
                43.117259
              ],
              [
                131.883093,
                43.117133
              ],
              [
                131.883241,
                43.117105
              ],
              [
                131.883263,
                43.117172
              ],
              [
                131.883463,
                43.117135
              ],
              [
                131.883523,
                43.117309
              ]
            ]
          ]
        ]
      }
    },
    {
      "type": "Feature",
      "properties": {
        "fid": 332,
        "Layer": "LINES",
        "PaperSpace": null,
        "SubClasses": null,
        "Linetype": null,
        "EntityHandle": null,
        "Text": null,
        "ogr_style": "PEN(c:#000000)",
        "font": null,
        "angle": null,
        "size": null,
        "size_u": null,
        "anchor": null,
        "color": "#000000",
        "underline": null,
        "plaintext": null,
        "fcolor": null,
        "flnum": null,
        "bold": null,
        "italic": null,
        "dx": null,
        "dx_u": null,
        "dy": null,
        "dy_u": null
      },
      "geometry": {
        "type": "MultiPolygon",
        "coordinates": [
          [
            [
              [
                131.881876,
                43.116771
              ],
              [
                131.881557,
                43.116832
              ],
              [
                131.881517,
                43.116713
              ],
              [
                131.881832,
                43.116652
              ],
              [
                131.881876,
                43.116771
              ]
            ]
          ]
        ]
      }
    },
    {
      "type": "Feature",
      "properties": {
        "fid": 333,
        "Layer": "LINES",
        "PaperSpace": null,
        "SubClasses": null,
        "Linetype": null,
        "EntityHandle": null,
        "Text": null,
        "ogr_style": "PEN(c:#000000)",
        "font": null,
        "angle": null,
        "size": null,
        "size_u": null,
        "anchor": null,
        "color": "#000000",
        "underline": null,
        "plaintext": null,
        "fcolor": null,
        "flnum": null,
        "bold": null,
        "italic": null,
        "dx": null,
        "dx_u": null,
        "dy": null,
        "dy_u": null
      },
      "geometry": {
        "type": "MultiPolygon",
        "coordinates": [
          [
            [
              [
                131.882019,
                43.117253
              ],
              [
                131.881775,
                43.117304
              ],
              [
                131.881772,
                43.117296
              ],
              [
                131.881734,
                43.117304
              ],
              [
                131.881695,
                43.11719
              ],
              [
                131.881975,
                43.117135
              ],
              [
                131.882019,
                43.117253
              ]
            ]
          ]
        ]
      }
    },
    {
      "type": "Feature",
      "properties": {
        "fid": 334,
        "Layer": "LINES",
        "PaperSpace": null,
        "SubClasses": null,
        "Linetype": null,
        "EntityHandle": null,
        "Text": null,
        "ogr_style": "PEN(c:#000000)",
        "font": null,
        "angle": null,
        "size": null,
        "size_u": null,
        "anchor": null,
        "color": "#000000",
        "underline": null,
        "plaintext": null,
        "fcolor": null,
        "flnum": null,
        "bold": null,
        "italic": null,
        "dx": null,
        "dx_u": null,
        "dy": null,
        "dy_u": null
      },
      "geometry": {
        "type": "MultiPolygon",
        "coordinates": [
          [
            [
              [
                131.881734,
                43.117304
              ],
              [
                131.881473,
                43.117356
              ],
              [
                131.881419,
                43.117212
              ],
              [
                131.881683,
                43.117159
              ],
              [
                131.881734,
                43.117304
              ]
            ]
          ]
        ]
      }
    },
    {
      "type": "Feature",
      "properties": {
        "fid": 335,
        "Layer": "LINES",
        "PaperSpace": null,
        "SubClasses": null,
        "Linetype": null,
        "EntityHandle": null,
        "Text": null,
        "ogr_style": "PEN(c:#000000)",
        "font": null,
        "angle": null,
        "size": null,
        "size_u": null,
        "anchor": null,
        "color": "#000000",
        "underline": null,
        "plaintext": null,
        "fcolor": null,
        "flnum": null,
        "bold": null,
        "italic": null,
        "dx": null,
        "dx_u": null,
        "dy": null,
        "dy_u": null
      },
      "geometry": {
        "type": "MultiPolygon",
        "coordinates": [
          [
            [
              [
                131.882154,
                43.117554
              ],
              [
                131.881592,
                43.117666
              ],
              [
                131.881541,
                43.117534
              ],
              [
                131.882105,
                43.117423
              ],
              [
                131.882154,
                43.117554
              ]
            ]
          ]
        ]
      }
    },
    {
      "type": "Feature",
      "properties": {
        "fid": 336,
        "Layer": "LINES",
        "PaperSpace": null,
        "SubClasses": null,
        "Linetype": null,
        "EntityHandle": null,
        "Text": null,
        "ogr_style": "PEN(c:#000000)",
        "font": null,
        "angle": null,
        "size": null,
        "size_u": null,
        "anchor": null,
        "color": "#000000",
        "underline": null,
        "plaintext": null,
        "fcolor": null,
        "flnum": null,
        "bold": null,
        "italic": null,
        "dx": null,
        "dx_u": null,
        "dy": null,
        "dy_u": null
      },
      "geometry": {
        "type": "MultiPolygon",
        "coordinates": [
          [
            [
              [
                131.881538,
                43.117526
              ],
              [
                131.881459,
                43.117541
              ],
              [
                131.881433,
                43.117476
              ],
              [
                131.881383,
                43.117486
              ],
              [
                131.88135,
                43.1174
              ],
              [
                131.881483,
                43.117373
              ],
              [
                131.881538,
                43.117526
              ]
            ]
          ]
        ]
      }
    },
    {
      "type": "Feature",
      "properties": {
        "fid": 337,
        "Layer": "LINES",
        "PaperSpace": null,
        "SubClasses": null,
        "Linetype": null,
        "EntityHandle": null,
        "Text": null,
        "ogr_style": "PEN(c:#000000)",
        "font": null,
        "angle": null,
        "size": null,
        "size_u": null,
        "anchor": null,
        "color": "#000000",
        "underline": null,
        "plaintext": null,
        "fcolor": null,
        "flnum": null,
        "bold": null,
        "italic": null,
        "dx": null,
        "dx_u": null,
        "dy": null,
        "dy_u": null
      },
      "geometry": {
        "type": "MultiPolygon",
        "coordinates": [
          [
            [
              [
                131.881443,
                43.117287
              ],
              [
                131.880971,
                43.117384
              ],
              [
                131.880945,
                43.117312
              ],
              [
                131.881415,
                43.117213
              ],
              [
                131.881443,
                43.117287
              ]
            ]
          ]
        ]
      }
    },
    {
      "type": "Feature",
      "properties": {
        "fid": 338,
        "Layer": "LINES",
        "PaperSpace": null,
        "SubClasses": null,
        "Linetype": null,
        "EntityHandle": null,
        "Text": null,
        "ogr_style": "PEN(c:#000000)",
        "font": null,
        "angle": null,
        "size": null,
        "size_u": null,
        "anchor": null,
        "color": "#000000",
        "underline": null,
        "plaintext": null,
        "fcolor": null,
        "flnum": null,
        "bold": null,
        "italic": null,
        "dx": null,
        "dx_u": null,
        "dy": null,
        "dy_u": null
      },
      "geometry": {
        "type": "MultiPolygon",
        "coordinates": [
          [
            [
              [
                131.881026,
                43.117549
              ],
              [
                131.880942,
                43.117566
              ],
              [
                131.88086,
                43.117332
              ],
              [
                131.880943,
                43.117318
              ],
              [
                131.881026,
                43.117549
              ]
            ]
          ]
        ]
      }
    },
    {
      "type": "Feature",
      "properties": {
        "fid": 339,
        "Layer": "LINES",
        "PaperSpace": null,
        "SubClasses": null,
        "Linetype": null,
        "EntityHandle": null,
        "Text": null,
        "ogr_style": "PEN(c:#000000)",
        "font": null,
        "angle": null,
        "size": null,
        "size_u": null,
        "anchor": null,
        "color": "#000000",
        "underline": null,
        "plaintext": null,
        "fcolor": null,
        "flnum": null,
        "bold": null,
        "italic": null,
        "dx": null,
        "dx_u": null,
        "dy": null,
        "dy_u": null
      },
      "geometry": {
        "type": "MultiPolygon",
        "coordinates": [
          [
            [
              [
                131.881592,
                43.117666
              ],
              [
                131.881017,
                43.117783
              ],
              [
                131.880972,
                43.117653
              ],
              [
                131.881541,
                43.117534
              ],
              [
                131.881592,
                43.117666
              ]
            ]
          ]
        ]
      }
    },
    {
      "type": "Feature",
      "properties": {
        "fid": 340,
        "Layer": "LINES",
        "PaperSpace": null,
        "SubClasses": null,
        "Linetype": null,
        "EntityHandle": null,
        "Text": null,
        "ogr_style": "PEN(c:#000000)",
        "font": null,
        "angle": null,
        "size": null,
        "size_u": null,
        "anchor": null,
        "color": "#000000",
        "underline": null,
        "plaintext": null,
        "fcolor": null,
        "flnum": null,
        "bold": null,
        "italic": null,
        "dx": null,
        "dx_u": null,
        "dy": null,
        "dy_u": null
      },
      "geometry": {
        "type": "MultiPolygon",
        "coordinates": [
          [
            [
              [
                131.881017,
                43.117783
              ],
              [
                131.880794,
                43.117826
              ],
              [
                131.880768,
                43.117755
              ],
              [
                131.880915,
                43.117727
              ],
              [
                131.880877,
                43.117626
              ],
              [
                131.880957,
                43.117611
              ],
              [
                131.880972,
                43.117653
              ],
              [
                131.881017,
                43.117783
              ]
            ]
          ]
        ]
      }
    },
    {
      "type": "Feature",
      "properties": {
        "fid": 341,
        "Layer": "LINES",
        "PaperSpace": null,
        "SubClasses": null,
        "Linetype": null,
        "EntityHandle": null,
        "Text": null,
        "ogr_style": "PEN(c:#000000)",
        "font": null,
        "angle": null,
        "size": null,
        "size_u": null,
        "anchor": null,
        "color": "#000000",
        "underline": null,
        "plaintext": null,
        "fcolor": null,
        "flnum": null,
        "bold": null,
        "italic": null,
        "dx": null,
        "dx_u": null,
        "dy": null,
        "dy_u": null
      },
      "geometry": {
        "type": "MultiPolygon",
        "coordinates": [
          [
            [
              [
                131.880719,
                43.117836
              ],
              [
                131.880465,
                43.117883
              ],
              [
                131.880441,
                43.117811
              ],
              [
                131.880694,
                43.117765
              ],
              [
                131.880719,
                43.117836
              ]
            ]
          ]
        ]
      }
    },
    {
      "type": "Feature",
      "properties": {
        "fid": 342,
        "Layer": "LINES",
        "PaperSpace": null,
        "SubClasses": null,
        "Linetype": null,
        "EntityHandle": null,
        "Text": null,
        "ogr_style": "PEN(c:#000000)",
        "font": null,
        "angle": null,
        "size": null,
        "size_u": null,
        "anchor": null,
        "color": "#000000",
        "underline": null,
        "plaintext": null,
        "fcolor": null,
        "flnum": null,
        "bold": null,
        "italic": null,
        "dx": null,
        "dx_u": null,
        "dy": null,
        "dy_u": null
      },
      "geometry": {
        "type": "MultiPolygon",
        "coordinates": [
          [
            [
              [
                131.881464,
                43.118419
              ],
              [
                131.881409,
                43.11843
              ],
              [
                131.881331,
                43.118204
              ],
              [
                131.881382,
                43.118195
              ],
              [
                131.881464,
                43.118419
              ]
            ]
          ]
        ]
      }
    },
    {
      "type": "Feature",
      "properties": {
        "fid": 343,
        "Layer": "LINES",
        "PaperSpace": null,
        "SubClasses": null,
        "Linetype": null,
        "EntityHandle": null,
        "Text": null,
        "ogr_style": "PEN(c:#000000)",
        "font": null,
        "angle": null,
        "size": null,
        "size_u": null,
        "anchor": null,
        "color": "#000000",
        "underline": null,
        "plaintext": null,
        "fcolor": null,
        "flnum": null,
        "bold": null,
        "italic": null,
        "dx": null,
        "dx_u": null,
        "dy": null,
        "dy_u": null
      },
      "geometry": {
        "type": "MultiPolygon",
        "coordinates": [
          [
            [
              [
                131.881428,
                43.118186
              ],
              [
                131.881331,
                43.118204
              ],
              [
                131.88125,
                43.117967
              ],
              [
                131.881347,
                43.117948
              ],
              [
                131.881428,
                43.118186
              ]
            ]
          ]
        ]
      }
    },
    {
      "type": "Feature",
      "properties": {
        "fid": 344,
        "Layer": "LINES",
        "PaperSpace": null,
        "SubClasses": null,
        "Linetype": null,
        "EntityHandle": null,
        "Text": null,
        "ogr_style": "PEN(c:#000000)",
        "font": null,
        "angle": null,
        "size": null,
        "size_u": null,
        "anchor": null,
        "color": "#000000",
        "underline": null,
        "plaintext": null,
        "fcolor": null,
        "flnum": null,
        "bold": null,
        "italic": null,
        "dx": null,
        "dx_u": null,
        "dy": null,
        "dy_u": null
      },
      "geometry": {
        "type": "MultiPolygon",
        "coordinates": [
          [
            [
              [
                131.881338,
                43.118394
              ],
              [
                131.881251,
                43.118411
              ],
              [
                131.881103,
                43.117995
              ],
              [
                131.881191,
                43.117979
              ],
              [
                131.881338,
                43.118394
              ]
            ]
          ]
        ]
      }
    },
    {
      "type": "Feature",
      "properties": {
        "fid": 345,
        "Layer": "LINES",
        "PaperSpace": null,
        "SubClasses": null,
        "Linetype": null,
        "EntityHandle": null,
        "Text": null,
        "ogr_style": "PEN(c:#000000)",
        "font": null,
        "angle": null,
        "size": null,
        "size_u": null,
        "anchor": null,
        "color": "#000000",
        "underline": null,
        "plaintext": null,
        "fcolor": null,
        "flnum": null,
        "bold": null,
        "italic": null,
        "dx": null,
        "dx_u": null,
        "dy": null,
        "dy_u": null
      },
      "geometry": {
        "type": "MultiPolygon",
        "coordinates": [
          [
            [
              [
                131.881136,
                43.118088
              ],
              [
                131.880836,
                43.118145
              ],
              [
                131.880803,
                43.118052
              ],
              [
                131.881103,
                43.117995
              ],
              [
                131.881136,
                43.118088
              ]
            ]
          ]
        ]
      }
    },
    {
      "type": "Feature",
      "properties": {
        "fid": 346,
        "Layer": "LINES",
        "PaperSpace": null,
        "SubClasses": null,
        "Linetype": null,
        "EntityHandle": null,
        "Text": null,
        "ogr_style": "PEN(c:#000000)",
        "font": null,
        "angle": null,
        "size": null,
        "size_u": null,
        "anchor": null,
        "color": "#000000",
        "underline": null,
        "plaintext": null,
        "fcolor": null,
        "flnum": null,
        "bold": null,
        "italic": null,
        "dx": null,
        "dx_u": null,
        "dy": null,
        "dy_u": null
      },
      "geometry": {
        "type": "MultiPolygon",
        "coordinates": [
          [
            [
              [
                131.880366,
                43.118252
              ],
              [
                131.880192,
                43.118285
              ],
              [
                131.880367,
                43.118781
              ],
              [
                131.880198,
                43.118813
              ],
              [
                131.879983,
                43.118206
              ],
              [
                131.880326,
                43.118139
              ],
              [
                131.880366,
                43.118252
              ]
            ]
          ]
        ]
      }
    },
    {
      "type": "Feature",
      "properties": {
        "fid": 347,
        "Layer": "LINES",
        "PaperSpace": null,
        "SubClasses": null,
        "Linetype": null,
        "EntityHandle": null,
        "Text": null,
        "ogr_style": "PEN(c:#000000)",
        "font": null,
        "angle": null,
        "size": null,
        "size_u": null,
        "anchor": null,
        "color": "#000000",
        "underline": null,
        "plaintext": null,
        "fcolor": null,
        "flnum": null,
        "bold": null,
        "italic": null,
        "dx": null,
        "dx_u": null,
        "dy": null,
        "dy_u": null
      },
      "geometry": {
        "type": "MultiPolygon",
        "coordinates": [
          [
            [
              [
                131.879762,
                43.118431
              ],
              [
                131.879581,
                43.118466
              ],
              [
                131.87952,
                43.118282
              ],
              [
                131.879698,
                43.118251
              ],
              [
                131.879762,
                43.118431
              ]
            ]
          ]
        ]
      }
    },
    {
      "type": "Feature",
      "properties": {
        "fid": 348,
        "Layer": "LINES",
        "PaperSpace": null,
        "SubClasses": null,
        "Linetype": null,
        "EntityHandle": null,
        "Text": null,
        "ogr_style": "PEN(c:#000000)",
        "font": null,
        "angle": null,
        "size": null,
        "size_u": null,
        "anchor": null,
        "color": "#000000",
        "underline": null,
        "plaintext": null,
        "fcolor": null,
        "flnum": null,
        "bold": null,
        "italic": null,
        "dx": null,
        "dx_u": null,
        "dy": null,
        "dy_u": null
      },
      "geometry": {
        "type": "MultiPolygon",
        "coordinates": [
          [
            [
              [
                131.931139,
                43.114738
              ],
              [
                131.931099,
                43.114733
              ],
              [
                131.931103,
                43.11472
              ],
              [
                131.931063,
                43.114714
              ],
              [
                131.931067,
                43.114697
              ],
              [
                131.931055,
                43.114695
              ],
              [
                131.931063,
                43.114666
              ],
              [
                131.93105,
                43.114664
              ],
              [
                131.931065,
                43.114614
              ],
              [
                131.931206,
                43.114637
              ],
              [
                131.931182,
                43.114714
              ],
              [
                131.931147,
                43.114709
              ],
              [
                131.931139,
                43.114738
              ]
            ]
          ]
        ]
      }
    },
    {
      "type": "Feature",
      "properties": {
        "fid": 349,
        "Layer": "LINES",
        "PaperSpace": null,
        "SubClasses": null,
        "Linetype": null,
        "EntityHandle": null,
        "Text": null,
        "ogr_style": "PEN(c:#000000)",
        "font": null,
        "angle": null,
        "size": null,
        "size_u": null,
        "anchor": null,
        "color": "#000000",
        "underline": null,
        "plaintext": null,
        "fcolor": null,
        "flnum": null,
        "bold": null,
        "italic": null,
        "dx": null,
        "dx_u": null,
        "dy": null,
        "dy_u": null
      },
      "geometry": {
        "type": "MultiPolygon",
        "coordinates": [
          [
            [
              [
                131.892436,
                43.113265
              ],
              [
                131.892488,
                43.113442
              ],
              [
                131.892649,
                43.113417
              ],
              [
                131.892596,
                43.113239
              ],
              [
                131.892436,
                43.113265
              ]
            ]
          ]
        ]
      }
    },
    {
      "type": "Feature",
      "properties": {
        "fid": 350,
        "Layer": "LINES",
        "PaperSpace": null,
        "SubClasses": null,
        "Linetype": null,
        "EntityHandle": null,
        "Text": null,
        "ogr_style": "PEN(c:#000000)",
        "font": null,
        "angle": null,
        "size": null,
        "size_u": null,
        "anchor": null,
        "color": "#000000",
        "underline": null,
        "plaintext": null,
        "fcolor": null,
        "flnum": null,
        "bold": null,
        "italic": null,
        "dx": null,
        "dx_u": null,
        "dy": null,
        "dy_u": null
      },
      "geometry": {
        "type": "MultiPolygon",
        "coordinates": [
          [
            [
              [
                131.893108,
                43.114064
              ],
              [
                131.893083,
                43.113991
              ],
              [
                131.893224,
                43.113971
              ],
              [
                131.893292,
                43.114174
              ],
              [
                131.893257,
                43.114181
              ],
              [
                131.893266,
                43.114206
              ],
              [
                131.892704,
                43.114318
              ],
              [
                131.892644,
                43.114157
              ],
              [
                131.893108,
                43.114064
              ]
            ]
          ]
        ]
      }
    },
    {
      "type": "Feature",
      "properties": {
        "fid": 351,
        "Layer": "LINES",
        "PaperSpace": null,
        "SubClasses": null,
        "Linetype": null,
        "EntityHandle": null,
        "Text": null,
        "ogr_style": "PEN(c:#000000)",
        "font": null,
        "angle": null,
        "size": null,
        "size_u": null,
        "anchor": null,
        "color": "#000000",
        "underline": null,
        "plaintext": null,
        "fcolor": null,
        "flnum": null,
        "bold": null,
        "italic": null,
        "dx": null,
        "dx_u": null,
        "dy": null,
        "dy_u": null
      },
      "geometry": {
        "type": "MultiPolygon",
        "coordinates": [
          [
            [
              [
                131.890278,
                43.115152
              ],
              [
                131.890271,
                43.115134
              ],
              [
                131.890357,
                43.115117
              ],
              [
                131.890364,
                43.115135
              ],
              [
                131.89044,
                43.115119
              ],
              [
                131.890404,
                43.115022
              ],
              [
                131.890409,
                43.115021
              ],
              [
                131.890403,
                43.115005
              ],
              [
                131.890399,
                43.115006
              ],
              [
                131.890388,
                43.114975
              ],
              [
                131.890366,
                43.11498
              ],
              [
                131.890369,
                43.114985
              ],
              [
                131.89033,
                43.114993
              ],
              [
                131.89033,
                43.114991
              ],
              [
                131.890308,
                43.114996
              ],
              [
                131.890308,
                43.114997
              ],
              [
                131.890173,
                43.115024
              ],
              [
                131.890172,
                43.115022
              ],
              [
                131.890157,
                43.115025
              ],
              [
                131.890158,
                43.115027
              ],
              [
                131.890128,
                43.115032
              ],
              [
                131.890127,
                43.115031
              ],
              [
                131.890112,
                43.115034
              ],
              [
                131.890113,
                43.115035
              ],
              [
                131.890071,
                43.115043
              ],
              [
                131.890071,
                43.115042
              ],
              [
                131.890056,
                43.115045
              ],
              [
                131.890057,
                43.115046
              ],
              [
                131.889977,
                43.115062
              ],
              [
                131.889977,
                43.11506
              ],
              [
                131.889953,
                43.115065
              ],
              [
                131.889954,
                43.115066
              ],
              [
                131.889917,
                43.115074
              ],
              [
                131.889916,
                43.115072
              ],
              [
                131.889893,
                43.115077
              ],
              [
                131.889912,
                43.115128
              ],
              [
                131.88991,
                43.115128
              ],
              [
                131.889928,
                43.115177
              ],
              [
                131.889931,
                43.115177
              ],
              [
                131.889946,
                43.115218
              ],
              [
                131.890278,
                43.115152
              ]
            ]
          ]
        ]
      }
    },
    {
      "type": "Feature",
      "properties": {
        "fid": 352,
        "Layer": "LINES",
        "PaperSpace": null,
        "SubClasses": null,
        "Linetype": null,
        "EntityHandle": null,
        "Text": null,
        "ogr_style": "PEN(c:#000000)",
        "font": null,
        "angle": null,
        "size": null,
        "size_u": null,
        "anchor": null,
        "color": "#000000",
        "underline": null,
        "plaintext": null,
        "fcolor": null,
        "flnum": null,
        "bold": null,
        "italic": null,
        "dx": null,
        "dx_u": null,
        "dy": null,
        "dy_u": null
      },
      "geometry": {
        "type": "MultiPolygon",
        "coordinates": [
          [
            [
              [
                131.889606,
                43.116068
              ],
              [
                131.889513,
                43.115947
              ],
              [
                131.889631,
                43.115898
              ],
              [
                131.889724,
                43.116019
              ],
              [
                131.889606,
                43.116068
              ]
            ]
          ]
        ]
      }
    },
    {
      "type": "Feature",
      "properties": {
        "fid": 353,
        "Layer": "LINES",
        "PaperSpace": null,
        "SubClasses": null,
        "Linetype": null,
        "EntityHandle": null,
        "Text": null,
        "ogr_style": "PEN(c:#000000)",
        "font": null,
        "angle": null,
        "size": null,
        "size_u": null,
        "anchor": null,
        "color": "#000000",
        "underline": null,
        "plaintext": null,
        "fcolor": null,
        "flnum": null,
        "bold": null,
        "italic": null,
        "dx": null,
        "dx_u": null,
        "dy": null,
        "dy_u": null
      },
      "geometry": {
        "type": "MultiPolygon",
        "coordinates": [
          [
            [
              [
                131.888518,
                43.115344
              ],
              [
                131.888479,
                43.11539
              ],
              [
                131.888524,
                43.115516
              ],
              [
                131.888693,
                43.115484
              ],
              [
                131.888688,
                43.115471
              ],
              [
                131.88877,
                43.115455
              ],
              [
                131.888773,
                43.115462
              ],
              [
                131.888813,
                43.115454
              ],
              [
                131.88881,
                43.115447
              ],
              [
                131.888889,
                43.115431
              ],
              [
                131.888894,
                43.115443
              ],
              [
                131.888952,
                43.115432
              ],
              [
                131.888948,
                43.115421
              ],
              [
                131.88903,
                43.115405
              ],
              [
                131.889032,
                43.115411
              ],
              [
                131.889073,
                43.115403
              ],
              [
                131.889071,
                43.115397
              ],
              [
                131.889151,
                43.115381
              ],
              [
                131.889155,
                43.115391
              ],
              [
                131.889215,
                43.115379
              ],
              [
                131.889211,
                43.115368
              ],
              [
                131.889277,
                43.115356
              ],
              [
                131.889281,
                43.115366
              ],
              [
                131.889402,
                43.115343
              ],
              [
                131.889345,
                43.115184
              ],
              [
                131.888518,
                43.115344
              ]
            ]
          ]
        ]
      }
    },
    {
      "type": "Feature",
      "properties": {
        "fid": 354,
        "Layer": "LINES",
        "PaperSpace": null,
        "SubClasses": null,
        "Linetype": null,
        "EntityHandle": null,
        "Text": null,
        "ogr_style": "PEN(c:#000000)",
        "font": null,
        "angle": null,
        "size": null,
        "size_u": null,
        "anchor": null,
        "color": "#000000",
        "underline": null,
        "plaintext": null,
        "fcolor": null,
        "flnum": null,
        "bold": null,
        "italic": null,
        "dx": null,
        "dx_u": null,
        "dy": null,
        "dy_u": null
      },
      "geometry": {
        "type": "MultiPolygon",
        "coordinates": [
          [
            [
              [
                131.887255,
                43.116405
              ],
              [
                131.887236,
                43.116409
              ],
              [
                131.887302,
                43.116583
              ],
              [
                131.887337,
                43.116576
              ],
              [
                131.887397,
                43.116564
              ],
              [
                131.887397,
                43.116562
              ],
              [
                131.88744,
                43.116553
              ],
              [
                131.8875,
                43.116539
              ],
              [
                131.887502,
                43.116542
              ],
              [
                131.887559,
                43.116531
              ],
              [
                131.887558,
                43.116528
              ],
              [
                131.887663,
                43.116507
              ],
              [
                131.887664,
                43.116509
              ],
              [
                131.887805,
                43.116481
              ],
              [
                131.887809,
                43.11649
              ],
              [
                131.887855,
                43.116481
              ],
              [
                131.887852,
                43.116472
              ],
              [
                131.888091,
                43.116424
              ],
              [
                131.888144,
                43.116413
              ],
              [
                131.888142,
                43.116406
              ],
              [
                131.888186,
                43.116397
              ],
              [
                131.888188,
                43.116404
              ],
              [
                131.888194,
                43.116403
              ],
              [
                131.888179,
                43.116364
              ],
              [
                131.888135,
                43.116246
              ],
              [
                131.88789,
                43.116296
              ],
              [
                131.887878,
                43.116263
              ],
              [
                131.887794,
                43.116279
              ],
              [
                131.887791,
                43.11628
              ],
              [
                131.8878,
                43.116304
              ],
              [
                131.887613,
                43.116343
              ],
              [
                131.88763,
                43.116388
              ],
              [
                131.887522,
                43.116408
              ],
              [
                131.887509,
                43.116376
              ],
              [
                131.887444,
                43.11639
              ],
              [
                131.887457,
                43.11642
              ],
              [
                131.887441,
                43.116423
              ],
              [
                131.887437,
                43.116413
              ],
              [
                131.887348,
                43.116431
              ],
              [
                131.887332,
                43.116389
              ],
              [
                131.887255,
                43.116405
              ]
            ]
          ]
        ]
      }
    },
    {
      "type": "Feature",
      "properties": {
        "fid": 355,
        "Layer": "LINES",
        "PaperSpace": null,
        "SubClasses": null,
        "Linetype": null,
        "EntityHandle": null,
        "Text": null,
        "ogr_style": "PEN(c:#000000)",
        "font": null,
        "angle": null,
        "size": null,
        "size_u": null,
        "anchor": null,
        "color": "#000000",
        "underline": null,
        "plaintext": null,
        "fcolor": null,
        "flnum": null,
        "bold": null,
        "italic": null,
        "dx": null,
        "dx_u": null,
        "dy": null,
        "dy_u": null
      },
      "geometry": {
        "type": "MultiPolygon",
        "coordinates": [
          [
            [
              [
                131.889646,
                43.115789
              ],
              [
                131.889586,
                43.115803
              ],
              [
                131.889552,
                43.115723
              ],
              [
                131.889608,
                43.11571
              ],
              [
                131.889674,
                43.115694
              ],
              [
                131.889709,
                43.115773
              ],
              [
                131.889646,
                43.115789
              ]
            ]
          ]
        ]
      }
    },
    {
      "type": "Feature",
      "properties": {
        "fid": 356,
        "Layer": "LINES",
        "PaperSpace": null,
        "SubClasses": null,
        "Linetype": null,
        "EntityHandle": null,
        "Text": null,
        "ogr_style": "PEN(c:#000000)",
        "font": null,
        "angle": null,
        "size": null,
        "size_u": null,
        "anchor": null,
        "color": "#000000",
        "underline": null,
        "plaintext": null,
        "fcolor": null,
        "flnum": null,
        "bold": null,
        "italic": null,
        "dx": null,
        "dx_u": null,
        "dy": null,
        "dy_u": null
      },
      "geometry": {
        "type": "MultiPolygon",
        "coordinates": [
          [
            [
              [
                131.889412,
                43.115478
              ],
              [
                131.88966,
                43.115423
              ],
              [
                131.889701,
                43.115523
              ],
              [
                131.889452,
                43.115575
              ],
              [
                131.889412,
                43.115478
              ]
            ]
          ]
        ]
      }
    },
    {
      "type": "Feature",
      "properties": {
        "fid": 357,
        "Layer": "LINES",
        "PaperSpace": null,
        "SubClasses": null,
        "Linetype": null,
        "EntityHandle": null,
        "Text": null,
        "ogr_style": "PEN(c:#000000)",
        "font": null,
        "angle": null,
        "size": null,
        "size_u": null,
        "anchor": null,
        "color": "#000000",
        "underline": null,
        "plaintext": null,
        "fcolor": null,
        "flnum": null,
        "bold": null,
        "italic": null,
        "dx": null,
        "dx_u": null,
        "dy": null,
        "dy_u": null
      },
      "geometry": {
        "type": "MultiPolygon",
        "coordinates": [
          [
            [
              [
                131.889944,
                43.115457
              ],
              [
                131.889896,
                43.115333
              ],
              [
                131.889886,
                43.115335
              ],
              [
                131.889888,
                43.11534
              ],
              [
                131.889751,
                43.115371
              ],
              [
                131.889736,
                43.115391
              ],
              [
                131.889747,
                43.115416
              ],
              [
                131.889739,
                43.115418
              ],
              [
                131.889751,
                43.115448
              ],
              [
                131.889759,
                43.115447
              ],
              [
                131.88977,
                43.115472
              ],
              [
                131.889799,
                43.115481
              ],
              [
                131.889927,
                43.115455
              ],
              [
                131.889929,
                43.11546
              ],
              [
                131.889944,
                43.115457
              ]
            ]
          ]
        ]
      }
    },
    {
      "type": "Feature",
      "properties": {
        "fid": 358,
        "Layer": "LINES",
        "PaperSpace": null,
        "SubClasses": null,
        "Linetype": null,
        "EntityHandle": null,
        "Text": null,
        "ogr_style": "PEN(c:#000000)",
        "font": null,
        "angle": null,
        "size": null,
        "size_u": null,
        "anchor": null,
        "color": "#000000",
        "underline": null,
        "plaintext": null,
        "fcolor": null,
        "flnum": null,
        "bold": null,
        "italic": null,
        "dx": null,
        "dx_u": null,
        "dy": null,
        "dy_u": null
      },
      "geometry": {
        "type": "MultiPolygon",
        "coordinates": [
          [
            [
              [
                131.880516,
                43.112439
              ],
              [
                131.88032,
                43.112473
              ],
              [
                131.880265,
                43.112323
              ],
              [
                131.880227,
                43.112228
              ],
              [
                131.880815,
                43.112118
              ],
              [
                131.880864,
                43.112139
              ],
              [
                131.880977,
                43.112471
              ],
              [
                131.880671,
                43.112523
              ],
              [
                131.880632,
                43.112402
              ],
              [
                131.880755,
                43.112378
              ],
              [
                131.880718,
                43.112269
              ],
              [
                131.880473,
                43.112311
              ],
              [
                131.880516,
                43.112439
              ]
            ]
          ]
        ]
      }
    },
    {
      "type": "Feature",
      "properties": {
        "fid": 359,
        "Layer": "LINES",
        "PaperSpace": null,
        "SubClasses": null,
        "Linetype": null,
        "EntityHandle": null,
        "Text": null,
        "ogr_style": "PEN(c:#000000)",
        "font": null,
        "angle": null,
        "size": null,
        "size_u": null,
        "anchor": null,
        "color": "#000000",
        "underline": null,
        "plaintext": null,
        "fcolor": null,
        "flnum": null,
        "bold": null,
        "italic": null,
        "dx": null,
        "dx_u": null,
        "dy": null,
        "dy_u": null
      },
      "geometry": {
        "type": "MultiPolygon",
        "coordinates": [
          [
            [
              [
                131.88254,
                43.113878
              ],
              [
                131.882399,
                43.113909
              ],
              [
                131.882356,
                43.113803
              ],
              [
                131.882496,
                43.113772
              ],
              [
                131.88254,
                43.113878
              ]
            ]
          ]
        ]
      }
    },
    {
      "type": "Feature",
      "properties": {
        "fid": 360,
        "Layer": "LINES",
        "PaperSpace": null,
        "SubClasses": null,
        "Linetype": null,
        "EntityHandle": null,
        "Text": null,
        "ogr_style": "PEN(c:#000000)",
        "font": null,
        "angle": null,
        "size": null,
        "size_u": null,
        "anchor": null,
        "color": "#000000",
        "underline": null,
        "plaintext": null,
        "fcolor": null,
        "flnum": null,
        "bold": null,
        "italic": null,
        "dx": null,
        "dx_u": null,
        "dy": null,
        "dy_u": null
      },
      "geometry": {
        "type": "MultiPolygon",
        "coordinates": [
          [
            [
              [
                131.882554,
                43.114032
              ],
              [
                131.882555,
                43.114035
              ],
              [
                131.882564,
                43.114033
              ],
              [
                131.882569,
                43.114044
              ],
              [
                131.88256,
                43.114046
              ],
              [
                131.88256,
                43.114049
              ],
              [
                131.882553,
                43.114059
              ],
              [
                131.88255,
                43.114059
              ],
              [
                131.882553,
                43.114065
              ],
              [
                131.882539,
                43.114068
              ],
              [
                131.882536,
                43.114061
              ],
              [
                131.882517,
                43.114065
              ],
              [
                131.88252,
                43.114072
              ],
              [
                131.882504,
                43.114076
              ],
              [
                131.882502,
                43.11407
              ],
              [
                131.882499,
                43.11407
              ],
              [
                131.882488,
                43.114065
              ],
              [
                131.882487,
                43.114061
              ],
              [
                131.882478,
                43.114063
              ],
              [
                131.882474,
                43.114055
              ],
              [
                131.882474,
                43.114054
              ],
              [
                131.882483,
                43.114052
              ],
              [
                131.882477,
                43.114036
              ],
              [
                131.882468,
                43.114037
              ],
              [
                131.882465,
                43.11403
              ],
              [
                131.882474,
                43.114028
              ],
              [
                131.882473,
                43.114026
              ],
              [
                131.882476,
                43.114025
              ],
              [
                131.882475,
                43.114023
              ],
              [
                131.88247,
                43.114009
              ],
              [
                131.882469,
                43.114007
              ],
              [
                131.882466,
                43.114008
              ],
              [
                131.882465,
                43.114005
              ],
              [
                131.882456,
                43.114007
              ],
              [
                131.882453,
                43.114
              ],
              [
                131.882462,
                43.113998
              ],
              [
                131.882456,
                43.113981
              ],
              [
                131.882447,
                43.113983
              ],
              [
                131.882444,
                43.113976
              ],
              [
                131.882453,
                43.113974
              ],
              [
                131.882452,
                43.113972
              ],
              [
                131.88246,
                43.113961
              ],
              [
                131.882463,
                43.11396
              ],
              [
                131.88246,
                43.113954
              ],
              [
                131.882472,
                43.113952
              ],
              [
                131.882474,
                43.113958
              ],
              [
                131.882496,
                43.113953
              ],
              [
                131.882493,
                43.113947
              ],
              [
                131.882495,
                43.113944
              ],
              [
                131.882504,
                43.113942
              ],
              [
                131.882507,
                43.113949
              ],
              [
                131.88251,
                43.113949
              ],
              [
                131.882525,
                43.113955
              ],
              [
                131.882526,
                43.113957
              ],
              [
                131.882534,
                43.113955
              ],
              [
                131.882538,
                43.113966
              ],
              [
                131.88253,
                43.113968
              ],
              [
                131.882535,
                43.11398
              ],
              [
                131.882543,
                43.113979
              ],
              [
                131.882547,
                43.11399
              ],
              [
                131.882539,
                43.113992
              ],
              [
                131.88254,
                43.113994
              ],
              [
                131.882537,
                43.113995
              ],
              [
                131.882543,
                43.114009
              ],
              [
                131.882546,
                43.114009
              ],
              [
                131.882546,
                43.114011
              ],
              [
                131.882555,
                43.114009
              ],
              [
                131.88256,
                43.11402
              ],
              [
                131.882551,
                43.114022
              ],
              [
                131.882554,
                43.114032
              ]
            ]
          ]
        ]
      }
    },
    {
      "type": "Feature",
      "properties": {
        "fid": 361,
        "Layer": "LINES",
        "PaperSpace": null,
        "SubClasses": null,
        "Linetype": null,
        "EntityHandle": null,
        "Text": null,
        "ogr_style": "PEN(c:#000000)",
        "font": null,
        "angle": null,
        "size": null,
        "size_u": null,
        "anchor": null,
        "color": "#000000",
        "underline": null,
        "plaintext": null,
        "fcolor": null,
        "flnum": null,
        "bold": null,
        "italic": null,
        "dx": null,
        "dx_u": null,
        "dy": null,
        "dy_u": null
      },
      "geometry": {
        "type": "MultiPolygon",
        "coordinates": [
          [
            [
              [
                131.883456,
                43.112276
              ],
              [
                131.883427,
                43.11223
              ],
              [
                131.883522,
                43.112198
              ],
              [
                131.883571,
                43.112277
              ],
              [
                131.883607,
                43.112334
              ],
              [
                131.883621,
                43.112329
              ],
              [
                131.883641,
                43.112363
              ],
              [
                131.883627,
                43.112367
              ],
              [
                131.883668,
                43.112433
              ],
              [
                131.883492,
                43.112491
              ],
              [
                131.883448,
                43.112421
              ],
              [
                131.883489,
                43.112407
              ],
              [
                131.883447,
                43.11234
              ],
              [
                131.883487,
                43.112327
              ],
              [
                131.883456,
                43.112276
              ]
            ]
          ]
        ]
      }
    },
    {
      "type": "Feature",
      "properties": {
        "fid": 362,
        "Layer": "LINES",
        "PaperSpace": null,
        "SubClasses": null,
        "Linetype": null,
        "EntityHandle": null,
        "Text": null,
        "ogr_style": "PEN(c:#000000)",
        "font": null,
        "angle": null,
        "size": null,
        "size_u": null,
        "anchor": null,
        "color": "#000000",
        "underline": null,
        "plaintext": null,
        "fcolor": null,
        "flnum": null,
        "bold": null,
        "italic": null,
        "dx": null,
        "dx_u": null,
        "dy": null,
        "dy_u": null
      },
      "geometry": {
        "type": "MultiPolygon",
        "coordinates": [
          [
            [
              [
                131.886926,
                43.116327
              ],
              [
                131.886866,
                43.116172
              ],
              [
                131.886854,
                43.11614
              ],
              [
                131.886834,
                43.116084
              ],
              [
                131.886698,
                43.11611
              ],
              [
                131.88673,
                43.116197
              ],
              [
                131.886743,
                43.116231
              ],
              [
                131.886748,
                43.116243
              ],
              [
                131.886755,
                43.116263
              ],
              [
                131.886789,
                43.116355
              ],
              [
                131.886926,
                43.116327
              ]
            ]
          ]
        ]
      }
    },
    {
      "type": "Feature",
      "properties": {
        "fid": 363,
        "Layer": "LINES",
        "PaperSpace": null,
        "SubClasses": null,
        "Linetype": null,
        "EntityHandle": null,
        "Text": null,
        "ogr_style": "PEN(c:#000000)",
        "font": null,
        "angle": null,
        "size": null,
        "size_u": null,
        "anchor": null,
        "color": "#000000",
        "underline": null,
        "plaintext": null,
        "fcolor": null,
        "flnum": null,
        "bold": null,
        "italic": null,
        "dx": null,
        "dx_u": null,
        "dy": null,
        "dy_u": null
      },
      "geometry": {
        "type": "MultiPolygon",
        "coordinates": [
          [
            [
              [
                131.881876,
                43.115734
              ],
              [
                131.882085,
                43.115694
              ],
              [
                131.882136,
                43.115843
              ],
              [
                131.881884,
                43.115892
              ],
              [
                131.88188,
                43.115882
              ],
              [
                131.881939,
                43.115872
              ],
              [
                131.881934,
                43.115856
              ],
              [
                131.88192,
                43.115859
              ],
              [
                131.881876,
                43.115734
              ]
            ]
          ]
        ]
      }
    },
    {
      "type": "Feature",
      "properties": {
        "fid": 364,
        "Layer": "LINES",
        "PaperSpace": null,
        "SubClasses": null,
        "Linetype": null,
        "EntityHandle": null,
        "Text": null,
        "ogr_style": "PEN(c:#000000)",
        "font": null,
        "angle": null,
        "size": null,
        "size_u": null,
        "anchor": null,
        "color": "#000000",
        "underline": null,
        "plaintext": null,
        "fcolor": null,
        "flnum": null,
        "bold": null,
        "italic": null,
        "dx": null,
        "dx_u": null,
        "dy": null,
        "dy_u": null
      },
      "geometry": {
        "type": "MultiPolygon",
        "coordinates": [
          [
            [
              [
                131.881884,
                43.115892
              ],
              [
                131.882136,
                43.115843
              ],
              [
                131.882202,
                43.116029
              ],
              [
                131.881967,
                43.116076
              ],
              [
                131.881966,
                43.116072
              ],
              [
                131.881958,
                43.116074
              ],
              [
                131.881925,
                43.115979
              ],
              [
                131.881916,
                43.115981
              ],
              [
                131.881884,
                43.115892
              ]
            ]
          ]
        ]
      }
    },
    {
      "type": "Feature",
      "properties": {
        "fid": 365,
        "Layer": "LINES",
        "PaperSpace": null,
        "SubClasses": null,
        "Linetype": null,
        "EntityHandle": null,
        "Text": null,
        "ogr_style": "PEN(c:#000000)",
        "font": null,
        "angle": null,
        "size": null,
        "size_u": null,
        "anchor": null,
        "color": "#000000",
        "underline": null,
        "plaintext": null,
        "fcolor": null,
        "flnum": null,
        "bold": null,
        "italic": null,
        "dx": null,
        "dx_u": null,
        "dy": null,
        "dy_u": null
      },
      "geometry": {
        "type": "MultiPolygon",
        "coordinates": [
          [
            [
              [
                131.878658,
                43.116851
              ],
              [
                131.878722,
                43.117031
              ],
              [
                131.878729,
                43.11703
              ],
              [
                131.878734,
                43.117044
              ],
              [
                131.878935,
                43.117004
              ],
              [
                131.879211,
                43.11695
              ],
              [
                131.87924,
                43.116905
              ],
              [
                131.879194,
                43.116779
              ],
              [
                131.878954,
                43.116826
              ],
              [
                131.878963,
                43.116852
              ],
              [
                131.878888,
                43.116867
              ],
              [
                131.878762,
                43.116892
              ],
              [
                131.878741,
                43.116835
              ],
              [
                131.878769,
                43.116829
              ],
              [
                131.878728,
                43.116725
              ],
              [
                131.878792,
                43.116712
              ],
              [
                131.878774,
                43.116666
              ],
              [
                131.878604,
                43.116698
              ],
              [
                131.878658,
                43.116851
              ]
            ]
          ]
        ]
      }
    },
    {
      "type": "Feature",
      "properties": {
        "fid": 366,
        "Layer": "LINES",
        "PaperSpace": null,
        "SubClasses": null,
        "Linetype": null,
        "EntityHandle": null,
        "Text": null,
        "ogr_style": "PEN(c:#000000)",
        "font": null,
        "angle": null,
        "size": null,
        "size_u": null,
        "anchor": null,
        "color": "#000000",
        "underline": null,
        "plaintext": null,
        "fcolor": null,
        "flnum": null,
        "bold": null,
        "italic": null,
        "dx": null,
        "dx_u": null,
        "dy": null,
        "dy_u": null
      },
      "geometry": {
        "type": "MultiPolygon",
        "coordinates": [
          [
            [
              [
                131.880443,
                43.115943
              ],
              [
                131.880554,
                43.115924
              ],
              [
                131.880547,
                43.115903
              ],
              [
                131.880526,
                43.115907
              ],
              [
                131.880509,
                43.115844
              ],
              [
                131.88053,
                43.115841
              ],
              [
                131.880511,
                43.115765
              ],
              [
                131.880471,
                43.115769
              ],
              [
                131.88047,
                43.115762
              ],
              [
                131.88043,
                43.115765
              ],
              [
                131.88039,
                43.11585
              ],
              [
                131.880412,
                43.115923
              ],
              [
                131.880436,
                43.115919
              ],
              [
                131.880443,
                43.115943
              ]
            ]
          ]
        ]
      }
    },
    {
      "type": "Feature",
      "properties": {
        "fid": 367,
        "Layer": "LINES",
        "PaperSpace": null,
        "SubClasses": null,
        "Linetype": null,
        "EntityHandle": null,
        "Text": null,
        "ogr_style": "PEN(c:#000000)",
        "font": null,
        "angle": null,
        "size": null,
        "size_u": null,
        "anchor": null,
        "color": "#000000",
        "underline": null,
        "plaintext": null,
        "fcolor": null,
        "flnum": null,
        "bold": null,
        "italic": null,
        "dx": null,
        "dx_u": null,
        "dy": null,
        "dy_u": null
      },
      "geometry": {
        "type": "MultiPolygon",
        "coordinates": [
          [
            [
              [
                131.888763,
                43.117343
              ],
              [
                131.888734,
                43.117265
              ],
              [
                131.888594,
                43.117293
              ],
              [
                131.888667,
                43.117488
              ],
              [
                131.888807,
                43.11746
              ],
              [
                131.888778,
                43.117383
              ],
              [
                131.888795,
                43.11738
              ],
              [
                131.888779,
                43.117339
              ],
              [
                131.888763,
                43.117343
              ]
            ]
          ]
        ]
      }
    },
    {
      "type": "Feature",
      "properties": {
        "fid": 368,
        "Layer": "LINES",
        "PaperSpace": null,
        "SubClasses": null,
        "Linetype": null,
        "EntityHandle": null,
        "Text": null,
        "ogr_style": "PEN(c:#000000)",
        "font": null,
        "angle": null,
        "size": null,
        "size_u": null,
        "anchor": null,
        "color": "#000000",
        "underline": null,
        "plaintext": null,
        "fcolor": null,
        "flnum": null,
        "bold": null,
        "italic": null,
        "dx": null,
        "dx_u": null,
        "dy": null,
        "dy_u": null
      },
      "geometry": {
        "type": "MultiPolygon",
        "coordinates": [
          [
            [
              [
                131.889762,
                43.117938
              ],
              [
                131.889847,
                43.117957
              ],
              [
                131.88986,
                43.117927
              ],
              [
                131.889947,
                43.117946
              ],
              [
                131.88995,
                43.11794
              ],
              [
                131.889979,
                43.117946
              ],
              [
                131.890011,
                43.117867
              ],
              [
                131.88981,
                43.117822
              ],
              [
                131.889762,
                43.117938
              ]
            ]
          ]
        ]
      }
    },
    {
      "type": "Feature",
      "properties": {
        "fid": 369,
        "Layer": "LINES",
        "PaperSpace": null,
        "SubClasses": null,
        "Linetype": null,
        "EntityHandle": null,
        "Text": null,
        "ogr_style": "PEN(c:#000000)",
        "font": null,
        "angle": null,
        "size": null,
        "size_u": null,
        "anchor": null,
        "color": "#000000",
        "underline": null,
        "plaintext": null,
        "fcolor": null,
        "flnum": null,
        "bold": null,
        "italic": null,
        "dx": null,
        "dx_u": null,
        "dy": null,
        "dy_u": null
      },
      "geometry": {
        "type": "MultiPolygon",
        "coordinates": [
          [
            [
              [
                131.889537,
                43.117021
              ],
              [
                131.889535,
                43.117014
              ],
              [
                131.889645,
                43.116992
              ],
              [
                131.889597,
                43.116861
              ],
              [
                131.88956,
                43.116869
              ],
              [
                131.889549,
                43.116843
              ],
              [
                131.889359,
                43.116884
              ],
              [
                131.889366,
                43.116904
              ],
              [
                131.889324,
                43.116913
              ],
              [
                131.889374,
                43.117046
              ],
              [
                131.889485,
                43.117024
              ],
              [
                131.889488,
                43.117031
              ],
              [
                131.889537,
                43.117021
              ]
            ]
          ]
        ]
      }
    },
    {
      "type": "Feature",
      "properties": {
        "fid": 370,
        "Layer": "LINES",
        "PaperSpace": null,
        "SubClasses": null,
        "Linetype": null,
        "EntityHandle": null,
        "Text": null,
        "ogr_style": "PEN(c:#000000)",
        "font": null,
        "angle": null,
        "size": null,
        "size_u": null,
        "anchor": null,
        "color": "#000000",
        "underline": null,
        "plaintext": null,
        "fcolor": null,
        "flnum": null,
        "bold": null,
        "italic": null,
        "dx": null,
        "dx_u": null,
        "dy": null,
        "dy_u": null
      },
      "geometry": {
        "type": "MultiPolygon",
        "coordinates": [
          [
            [
              [
                131.884662,
                43.118233
              ],
              [
                131.884628,
                43.118138
              ],
              [
                131.884623,
                43.118139
              ],
              [
                131.884607,
                43.118094
              ],
              [
                131.884417,
                43.118129
              ],
              [
                131.884469,
                43.11827
              ],
              [
                131.884662,
                43.118233
              ]
            ]
          ]
        ]
      }
    },
    {
      "type": "Feature",
      "properties": {
        "fid": 371,
        "Layer": "LINES",
        "PaperSpace": null,
        "SubClasses": null,
        "Linetype": null,
        "EntityHandle": null,
        "Text": null,
        "ogr_style": "PEN(c:#000000)",
        "font": null,
        "angle": null,
        "size": null,
        "size_u": null,
        "anchor": null,
        "color": "#000000",
        "underline": null,
        "plaintext": null,
        "fcolor": null,
        "flnum": null,
        "bold": null,
        "italic": null,
        "dx": null,
        "dx_u": null,
        "dy": null,
        "dy_u": null
      },
      "geometry": {
        "type": "MultiPolygon",
        "coordinates": [
          [
            [
              [
                131.885006,
                43.118081
              ],
              [
                131.885052,
                43.118208
              ],
              [
                131.885205,
                43.118179
              ],
              [
                131.885169,
                43.118085
              ],
              [
                131.885093,
                43.1181
              ],
              [
                131.88506,
                43.118016
              ],
              [
                131.885338,
                43.117959
              ],
              [
                131.885319,
                43.117908
              ],
              [
                131.884968,
                43.117973
              ],
              [
                131.884979,
                43.118001
              ],
              [
                131.885006,
                43.118081
              ]
            ]
          ]
        ]
      }
    },
    {
      "type": "Feature",
      "properties": {
        "fid": 372,
        "Layer": "LINES",
        "PaperSpace": null,
        "SubClasses": null,
        "Linetype": null,
        "EntityHandle": null,
        "Text": null,
        "ogr_style": "PEN(c:#000000)",
        "font": null,
        "angle": null,
        "size": null,
        "size_u": null,
        "anchor": null,
        "color": "#000000",
        "underline": null,
        "plaintext": null,
        "fcolor": null,
        "flnum": null,
        "bold": null,
        "italic": null,
        "dx": null,
        "dx_u": null,
        "dy": null,
        "dy_u": null
      },
      "geometry": {
        "type": "MultiPolygon",
        "coordinates": [
          [
            [
              [
                131.916629,
                43.114365
              ],
              [
                131.916785,
                43.114336
              ],
              [
                131.916761,
                43.114268
              ],
              [
                131.916656,
                43.114288
              ],
              [
                131.916662,
                43.114305
              ],
              [
                131.916612,
                43.114315
              ],
              [
                131.916629,
                43.114365
              ]
            ]
          ]
        ]
      }
    },
    {
      "type": "Feature",
      "properties": {
        "fid": 373,
        "Layer": "LINES",
        "PaperSpace": null,
        "SubClasses": null,
        "Linetype": null,
        "EntityHandle": null,
        "Text": null,
        "ogr_style": "PEN(c:#000000)",
        "font": null,
        "angle": null,
        "size": null,
        "size_u": null,
        "anchor": null,
        "color": "#000000",
        "underline": null,
        "plaintext": null,
        "fcolor": null,
        "flnum": null,
        "bold": null,
        "italic": null,
        "dx": null,
        "dx_u": null,
        "dy": null,
        "dy_u": null
      },
      "geometry": {
        "type": "MultiPolygon",
        "coordinates": [
          [
            [
              [
                131.90315,
                43.116561
              ],
              [
                131.903092,
                43.116664
              ],
              [
                131.903157,
                43.116684
              ],
              [
                131.90315,
                43.116711
              ],
              [
                131.903313,
                43.116751
              ],
              [
                131.903399,
                43.11661
              ],
              [
                131.903364,
                43.116599
              ],
              [
                131.903371,
                43.116588
              ],
              [
                131.903284,
                43.116559
              ],
              [
                131.903275,
                43.116574
              ],
              [
                131.903244,
                43.116564
              ],
              [
                131.903205,
                43.116577
              ],
              [
                131.90315,
                43.116561
              ]
            ]
          ]
        ]
      }
    },
    {
      "type": "Feature",
      "properties": {
        "fid": 374,
        "Layer": "LINES",
        "PaperSpace": null,
        "SubClasses": null,
        "Linetype": null,
        "EntityHandle": null,
        "Text": null,
        "ogr_style": "PEN(c:#000000)",
        "font": null,
        "angle": null,
        "size": null,
        "size_u": null,
        "anchor": null,
        "color": "#000000",
        "underline": null,
        "plaintext": null,
        "fcolor": null,
        "flnum": null,
        "bold": null,
        "italic": null,
        "dx": null,
        "dx_u": null,
        "dy": null,
        "dy_u": null
      },
      "geometry": {
        "type": "MultiPolygon",
        "coordinates": [
          [
            [
              [
                131.913792,
                43.114518
              ],
              [
                131.913768,
                43.114524
              ],
              [
                131.9138,
                43.11459
              ],
              [
                131.913903,
                43.114563
              ],
              [
                131.913862,
                43.114481
              ],
              [
                131.913783,
                43.114501
              ],
              [
                131.913792,
                43.114518
              ]
            ]
          ]
        ]
      }
    },
    {
      "type": "Feature",
      "properties": {
        "fid": 375,
        "Layer": "LINES",
        "PaperSpace": null,
        "SubClasses": null,
        "Linetype": null,
        "EntityHandle": null,
        "Text": null,
        "ogr_style": "PEN(c:#000000)",
        "font": null,
        "angle": null,
        "size": null,
        "size_u": null,
        "anchor": null,
        "color": "#000000",
        "underline": null,
        "plaintext": null,
        "fcolor": null,
        "flnum": null,
        "bold": null,
        "italic": null,
        "dx": null,
        "dx_u": null,
        "dy": null,
        "dy_u": null
      },
      "geometry": {
        "type": "MultiPolygon",
        "coordinates": [
          [
            [
              [
                131.908409,
                43.115682
              ],
              [
                131.908525,
                43.115652
              ],
              [
                131.908475,
                43.115554
              ],
              [
                131.908415,
                43.115569
              ],
              [
                131.908411,
                43.11556
              ],
              [
                131.908363,
                43.115573
              ],
              [
                131.908367,
                43.115582
              ],
              [
                131.908364,
                43.115583
              ],
              [
                131.908296,
                43.1156
              ],
              [
                131.908274,
                43.115558
              ],
              [
                131.9083,
                43.115551
              ],
              [
                131.908267,
                43.115481
              ],
              [
                131.908277,
                43.115479
              ],
              [
                131.908262,
                43.115447
              ],
              [
                131.908251,
                43.11545
              ],
              [
                131.908218,
                43.115381
              ],
              [
                131.908188,
                43.115388
              ],
              [
                131.908166,
                43.115342
              ],
              [
                131.908228,
                43.115325
              ],
              [
                131.908235,
                43.115338
              ],
              [
                131.908282,
                43.115326
              ],
              [
                131.908276,
                43.115313
              ],
              [
                131.908446,
                43.115269
              ],
              [
                131.908452,
                43.11528
              ],
              [
                131.908498,
                43.115268
              ],
              [
                131.908493,
                43.115256
              ],
              [
                131.908543,
                43.115243
              ],
              [
                131.908662,
                43.115213
              ],
              [
                131.908667,
                43.115223
              ],
              [
                131.908714,
                43.115212
              ],
              [
                131.908709,
                43.115201
              ],
              [
                131.908881,
                43.115156
              ],
              [
                131.908886,
                43.115168
              ],
              [
                131.908932,
                43.115156
              ],
              [
                131.908926,
                43.115144
              ],
              [
                131.909016,
                43.115121
              ],
              [
                131.90897,
                43.11502
              ],
              [
                131.908495,
                43.115145
              ],
              [
                131.907998,
                43.115276
              ],
              [
                131.908071,
                43.115425
              ],
              [
                131.908082,
                43.115423
              ],
              [
                131.908156,
                43.115575
              ],
              [
                131.908149,
                43.115577
              ],
              [
                131.908226,
                43.115729
              ],
              [
                131.908409,
                43.115682
              ]
            ]
          ]
        ]
      }
    },
    {
      "type": "Feature",
      "properties": {
        "fid": 376,
        "Layer": "LINES",
        "PaperSpace": null,
        "SubClasses": null,
        "Linetype": null,
        "EntityHandle": null,
        "Text": null,
        "ogr_style": "PEN(c:#000000)",
        "font": null,
        "angle": null,
        "size": null,
        "size_u": null,
        "anchor": null,
        "color": "#000000",
        "underline": null,
        "plaintext": null,
        "fcolor": null,
        "flnum": null,
        "bold": null,
        "italic": null,
        "dx": null,
        "dx_u": null,
        "dy": null,
        "dy_u": null
      },
      "geometry": {
        "type": "MultiPolygon",
        "coordinates": [
          [
            [
              [
                131.90604,
                43.115322
              ],
              [
                131.906509,
                43.115201
              ],
              [
                131.906569,
                43.11532
              ],
              [
                131.906102,
                43.115436
              ],
              [
                131.90604,
                43.115322
              ]
            ]
          ]
        ]
      }
    },
    {
      "type": "Feature",
      "properties": {
        "fid": 377,
        "Layer": "LINES",
        "PaperSpace": null,
        "SubClasses": null,
        "Linetype": null,
        "EntityHandle": null,
        "Text": null,
        "ogr_style": "PEN(c:#000000)",
        "font": null,
        "angle": null,
        "size": null,
        "size_u": null,
        "anchor": null,
        "color": "#000000",
        "underline": null,
        "plaintext": null,
        "fcolor": null,
        "flnum": null,
        "bold": null,
        "italic": null,
        "dx": null,
        "dx_u": null,
        "dy": null,
        "dy_u": null
      },
      "geometry": {
        "type": "MultiPolygon",
        "coordinates": [
          [
            [
              [
                131.903074,
                43.116072
              ],
              [
                131.903101,
                43.116018
              ],
              [
                131.902966,
                43.115982
              ],
              [
                131.902897,
                43.116119
              ],
              [
                131.902921,
                43.116126
              ],
              [
                131.90296,
                43.116136
              ],
              [
                131.903032,
                43.116156
              ],
              [
                131.903059,
                43.116102
              ],
              [
                131.903084,
                43.116108
              ],
              [
                131.903099,
                43.116078
              ],
              [
                131.903074,
                43.116072
              ]
            ]
          ]
        ]
      }
    },
    {
      "type": "Feature",
      "properties": {
        "fid": 378,
        "Layer": "LINES",
        "PaperSpace": null,
        "SubClasses": null,
        "Linetype": null,
        "EntityHandle": null,
        "Text": null,
        "ogr_style": "PEN(c:#000000)",
        "font": null,
        "angle": null,
        "size": null,
        "size_u": null,
        "anchor": null,
        "color": "#000000",
        "underline": null,
        "plaintext": null,
        "fcolor": null,
        "flnum": null,
        "bold": null,
        "italic": null,
        "dx": null,
        "dx_u": null,
        "dy": null,
        "dy_u": null
      },
      "geometry": {
        "type": "MultiPolygon",
        "coordinates": [
          [
            [
              [
                131.903962,
                43.116306
              ],
              [
                131.903921,
                43.116294
              ],
              [
                131.903916,
                43.116302
              ],
              [
                131.903912,
                43.116303
              ],
              [
                131.903909,
                43.116305
              ],
              [
                131.903905,
                43.116306
              ],
              [
                131.903902,
                43.116309
              ],
              [
                131.9039,
                43.116311
              ],
              [
                131.903898,
                43.116313
              ],
              [
                131.903896,
                43.116316
              ],
              [
                131.903895,
                43.116319
              ],
              [
                131.903894,
                43.116322
              ],
              [
                131.903894,
                43.116325
              ],
              [
                131.903894,
                43.116328
              ],
              [
                131.903895,
                43.116331
              ],
              [
                131.903897,
                43.116334
              ],
              [
                131.903863,
                43.116401
              ],
              [
                131.903908,
                43.116414
              ],
              [
                131.903928,
                43.116419
              ],
              [
                131.903926,
                43.116425
              ],
              [
                131.90397,
                43.116438
              ],
              [
                131.903974,
                43.116432
              ],
              [
                131.904042,
                43.116451
              ],
              [
                131.904082,
                43.116377
              ],
              [
                131.904084,
                43.116376
              ],
              [
                131.904086,
                43.116376
              ],
              [
                131.904088,
                43.116375
              ],
              [
                131.90409,
                43.116374
              ],
              [
                131.904092,
                43.116372
              ],
              [
                131.904093,
                43.116371
              ],
              [
                131.904094,
                43.11637
              ],
              [
                131.904095,
                43.116368
              ],
              [
                131.904095,
                43.116366
              ],
              [
                131.904096,
                43.116365
              ],
              [
                131.904096,
                43.116363
              ],
              [
                131.904095,
                43.116361
              ],
              [
                131.904095,
                43.11636
              ],
              [
                131.904094,
                43.116358
              ],
              [
                131.904093,
                43.116357
              ],
              [
                131.904091,
                43.116355
              ],
              [
                131.904096,
                43.116345
              ],
              [
                131.903962,
                43.116306
              ]
            ]
          ]
        ]
      }
    },
    {
      "type": "Feature",
      "properties": {
        "fid": 379,
        "Layer": "LINES",
        "PaperSpace": null,
        "SubClasses": null,
        "Linetype": null,
        "EntityHandle": null,
        "Text": null,
        "ogr_style": "PEN(c:#000000)",
        "font": null,
        "angle": null,
        "size": null,
        "size_u": null,
        "anchor": null,
        "color": "#000000",
        "underline": null,
        "plaintext": null,
        "fcolor": null,
        "flnum": null,
        "bold": null,
        "italic": null,
        "dx": null,
        "dx_u": null,
        "dy": null,
        "dy_u": null
      },
      "geometry": {
        "type": "MultiPolygon",
        "coordinates": [
          [
            [
              [
                131.903513,
                43.116289
              ],
              [
                131.903579,
                43.116166
              ],
              [
                131.903655,
                43.116188
              ],
              [
                131.903661,
                43.116175
              ],
              [
                131.90372,
                43.116193
              ],
              [
                131.903645,
                43.116327
              ],
              [
                131.903568,
                43.116305
              ],
              [
                131.903557,
                43.116312
              ],
              [
                131.903533,
                43.116305
              ],
              [
                131.903533,
                43.116294
              ],
              [
                131.903513,
                43.116289
              ]
            ]
          ]
        ]
      }
    },
    {
      "type": "Feature",
      "properties": {
        "fid": 380,
        "Layer": "LINES",
        "PaperSpace": null,
        "SubClasses": null,
        "Linetype": null,
        "EntityHandle": null,
        "Text": null,
        "ogr_style": "PEN(c:#000000)",
        "font": null,
        "angle": null,
        "size": null,
        "size_u": null,
        "anchor": null,
        "color": "#000000",
        "underline": null,
        "plaintext": null,
        "fcolor": null,
        "flnum": null,
        "bold": null,
        "italic": null,
        "dx": null,
        "dx_u": null,
        "dy": null,
        "dy_u": null
      },
      "geometry": {
        "type": "MultiPolygon",
        "coordinates": [
          [
            [
              [
                131.912964,
                43.11831
              ],
              [
                131.913057,
                43.118303
              ],
              [
                131.913053,
                43.118276
              ],
              [
                131.913158,
                43.118267
              ],
              [
                131.913162,
                43.118301
              ],
              [
                131.913135,
                43.118303
              ],
              [
                131.91314,
                43.118347
              ],
              [
                131.913003,
                43.118358
              ],
              [
                131.912971,
                43.11836
              ],
              [
                131.912964,
                43.11831
              ]
            ]
          ]
        ]
      }
    },
    {
      "type": "Feature",
      "properties": {
        "fid": 381,
        "Layer": "LINES",
        "PaperSpace": null,
        "SubClasses": null,
        "Linetype": null,
        "EntityHandle": null,
        "Text": null,
        "ogr_style": "PEN(c:#000000)",
        "font": null,
        "angle": null,
        "size": null,
        "size_u": null,
        "anchor": null,
        "color": "#000000",
        "underline": null,
        "plaintext": null,
        "fcolor": null,
        "flnum": null,
        "bold": null,
        "italic": null,
        "dx": null,
        "dx_u": null,
        "dy": null,
        "dy_u": null
      },
      "geometry": {
        "type": "MultiPolygon",
        "coordinates": [
          [
            [
              [
                131.903278,
                43.117935
              ],
              [
                131.903301,
                43.117875
              ],
              [
                131.90318,
                43.117854
              ],
              [
                131.903159,
                43.117914
              ],
              [
                131.903278,
                43.117935
              ]
            ]
          ]
        ]
      }
    },
    {
      "type": "Feature",
      "properties": {
        "fid": 382,
        "Layer": "LINES",
        "PaperSpace": null,
        "SubClasses": null,
        "Linetype": null,
        "EntityHandle": null,
        "Text": null,
        "ogr_style": "PEN(c:#000000)",
        "font": null,
        "angle": null,
        "size": null,
        "size_u": null,
        "anchor": null,
        "color": "#000000",
        "underline": null,
        "plaintext": null,
        "fcolor": null,
        "flnum": null,
        "bold": null,
        "italic": null,
        "dx": null,
        "dx_u": null,
        "dy": null,
        "dy_u": null
      },
      "geometry": {
        "type": "MultiPolygon",
        "coordinates": [
          [
            [
              [
                131.903772,
                43.117021
              ],
              [
                131.904183,
                43.117126
              ],
              [
                131.904244,
                43.116997
              ],
              [
                131.904119,
                43.116964
              ],
              [
                131.904122,
                43.116959
              ],
              [
                131.904022,
                43.116933
              ],
              [
                131.90402,
                43.116939
              ],
              [
                131.903833,
                43.11689
              ],
              [
                131.903772,
                43.117021
              ]
            ]
          ]
        ]
      }
    },
    {
      "type": "Feature",
      "properties": {
        "fid": 383,
        "Layer": "LINES",
        "PaperSpace": null,
        "SubClasses": null,
        "Linetype": null,
        "EntityHandle": null,
        "Text": null,
        "ogr_style": "PEN(c:#000000)",
        "font": null,
        "angle": null,
        "size": null,
        "size_u": null,
        "anchor": null,
        "color": "#000000",
        "underline": null,
        "plaintext": null,
        "fcolor": null,
        "flnum": null,
        "bold": null,
        "italic": null,
        "dx": null,
        "dx_u": null,
        "dy": null,
        "dy_u": null
      },
      "geometry": {
        "type": "MultiPolygon",
        "coordinates": [
          [
            [
              [
                131.894906,
                43.117258
              ],
              [
                131.894968,
                43.117409
              ],
              [
                131.895126,
                43.117375
              ],
              [
                131.895102,
                43.11732
              ],
              [
                131.895077,
                43.117325
              ],
              [
                131.895037,
                43.117229
              ],
              [
                131.894906,
                43.117258
              ]
            ]
          ]
        ]
      }
    },
    {
      "type": "Feature",
      "properties": {
        "fid": 384,
        "Layer": "LINES",
        "PaperSpace": null,
        "SubClasses": null,
        "Linetype": null,
        "EntityHandle": null,
        "Text": null,
        "ogr_style": "PEN(c:#000000)",
        "font": null,
        "angle": null,
        "size": null,
        "size_u": null,
        "anchor": null,
        "color": "#000000",
        "underline": null,
        "plaintext": null,
        "fcolor": null,
        "flnum": null,
        "bold": null,
        "italic": null,
        "dx": null,
        "dx_u": null,
        "dy": null,
        "dy_u": null
      },
      "geometry": {
        "type": "MultiPolygon",
        "coordinates": []
      }
    },
    {
      "type": "Feature",
      "properties": {
        "fid": 385,
        "Layer": "LINES",
        "PaperSpace": null,
        "SubClasses": null,
        "Linetype": null,
        "EntityHandle": null,
        "Text": null,
        "ogr_style": "PEN(c:#000000)",
        "font": null,
        "angle": null,
        "size": null,
        "size_u": null,
        "anchor": null,
        "color": "#000000",
        "underline": null,
        "plaintext": null,
        "fcolor": null,
        "flnum": null,
        "bold": null,
        "italic": null,
        "dx": null,
        "dx_u": null,
        "dy": null,
        "dy_u": null
      },
      "geometry": {
        "type": "MultiPolygon",
        "coordinates": []
      }
    },
    {
      "type": "Feature",
      "properties": {
        "fid": 386,
        "Layer": "LINES",
        "PaperSpace": null,
        "SubClasses": null,
        "Linetype": null,
        "EntityHandle": null,
        "Text": null,
        "ogr_style": "PEN(c:#000000)",
        "font": null,
        "angle": null,
        "size": null,
        "size_u": null,
        "anchor": null,
        "color": "#000000",
        "underline": null,
        "plaintext": null,
        "fcolor": null,
        "flnum": null,
        "bold": null,
        "italic": null,
        "dx": null,
        "dx_u": null,
        "dy": null,
        "dy_u": null
      },
      "geometry": {
        "type": "MultiPolygon",
        "coordinates": []
      }
    },
    {
      "type": "Feature",
      "properties": {
        "fid": 387,
        "Layer": "LINES",
        "PaperSpace": null,
        "SubClasses": null,
        "Linetype": null,
        "EntityHandle": null,
        "Text": null,
        "ogr_style": "PEN(c:#000000)",
        "font": null,
        "angle": null,
        "size": null,
        "size_u": null,
        "anchor": null,
        "color": "#000000",
        "underline": null,
        "plaintext": null,
        "fcolor": null,
        "flnum": null,
        "bold": null,
        "italic": null,
        "dx": null,
        "dx_u": null,
        "dy": null,
        "dy_u": null
      },
      "geometry": {
        "type": "MultiPolygon",
        "coordinates": []
      }
    },
    {
      "type": "Feature",
      "properties": {
        "fid": 388,
        "Layer": "LINES",
        "PaperSpace": null,
        "SubClasses": null,
        "Linetype": null,
        "EntityHandle": null,
        "Text": null,
        "ogr_style": "PEN(c:#000000)",
        "font": null,
        "angle": null,
        "size": null,
        "size_u": null,
        "anchor": null,
        "color": "#000000",
        "underline": null,
        "plaintext": null,
        "fcolor": null,
        "flnum": null,
        "bold": null,
        "italic": null,
        "dx": null,
        "dx_u": null,
        "dy": null,
        "dy_u": null
      },
      "geometry": {
        "type": "MultiPolygon",
        "coordinates": []
      }
    },
    {
      "type": "Feature",
      "properties": {
        "fid": 389,
        "Layer": "LINES",
        "PaperSpace": null,
        "SubClasses": null,
        "Linetype": null,
        "EntityHandle": null,
        "Text": null,
        "ogr_style": "PEN(c:#000000)",
        "font": null,
        "angle": null,
        "size": null,
        "size_u": null,
        "anchor": null,
        "color": "#000000",
        "underline": null,
        "plaintext": null,
        "fcolor": null,
        "flnum": null,
        "bold": null,
        "italic": null,
        "dx": null,
        "dx_u": null,
        "dy": null,
        "dy_u": null
      },
      "geometry": {
        "type": "MultiPolygon",
        "coordinates": []
      }
    },
    {
      "type": "Feature",
      "properties": {
        "fid": 390,
        "Layer": "LINES",
        "PaperSpace": null,
        "SubClasses": null,
        "Linetype": null,
        "EntityHandle": null,
        "Text": null,
        "ogr_style": "PEN(c:#000000)",
        "font": null,
        "angle": null,
        "size": null,
        "size_u": null,
        "anchor": null,
        "color": "#000000",
        "underline": null,
        "plaintext": null,
        "fcolor": null,
        "flnum": null,
        "bold": null,
        "italic": null,
        "dx": null,
        "dx_u": null,
        "dy": null,
        "dy_u": null
      },
      "geometry": {
        "type": "MultiPolygon",
        "coordinates": []
      }
    },
    {
      "type": "Feature",
      "properties": {
        "fid": 391,
        "Layer": "LINES",
        "PaperSpace": null,
        "SubClasses": null,
        "Linetype": null,
        "EntityHandle": null,
        "Text": null,
        "ogr_style": "PEN(c:#000000)",
        "font": null,
        "angle": null,
        "size": null,
        "size_u": null,
        "anchor": null,
        "color": "#000000",
        "underline": null,
        "plaintext": null,
        "fcolor": null,
        "flnum": null,
        "bold": null,
        "italic": null,
        "dx": null,
        "dx_u": null,
        "dy": null,
        "dy_u": null
      },
      "geometry": {
        "type": "MultiPolygon",
        "coordinates": []
      }
    },
    {
      "type": "Feature",
      "properties": {
        "fid": 392,
        "Layer": "LINES",
        "PaperSpace": null,
        "SubClasses": null,
        "Linetype": null,
        "EntityHandle": null,
        "Text": null,
        "ogr_style": "PEN(c:#000000)",
        "font": null,
        "angle": null,
        "size": null,
        "size_u": null,
        "anchor": null,
        "color": "#000000",
        "underline": null,
        "plaintext": null,
        "fcolor": null,
        "flnum": null,
        "bold": null,
        "italic": null,
        "dx": null,
        "dx_u": null,
        "dy": null,
        "dy_u": null
      },
      "geometry": {
        "type": "MultiPolygon",
        "coordinates": []
      }
    },
    {
      "type": "Feature",
      "properties": {
        "fid": 393,
        "Layer": "LINES",
        "PaperSpace": null,
        "SubClasses": null,
        "Linetype": null,
        "EntityHandle": null,
        "Text": null,
        "ogr_style": "PEN(c:#000000)",
        "font": null,
        "angle": null,
        "size": null,
        "size_u": null,
        "anchor": null,
        "color": "#000000",
        "underline": null,
        "plaintext": null,
        "fcolor": null,
        "flnum": null,
        "bold": null,
        "italic": null,
        "dx": null,
        "dx_u": null,
        "dy": null,
        "dy_u": null
      },
      "geometry": {
        "type": "MultiPolygon",
        "coordinates": []
      }
    },
    {
      "type": "Feature",
      "properties": {
        "fid": 394,
        "Layer": "LINES",
        "PaperSpace": null,
        "SubClasses": null,
        "Linetype": null,
        "EntityHandle": null,
        "Text": null,
        "ogr_style": "PEN(c:#000000)",
        "font": null,
        "angle": null,
        "size": null,
        "size_u": null,
        "anchor": null,
        "color": "#000000",
        "underline": null,
        "plaintext": null,
        "fcolor": null,
        "flnum": null,
        "bold": null,
        "italic": null,
        "dx": null,
        "dx_u": null,
        "dy": null,
        "dy_u": null
      },
      "geometry": {
        "type": "MultiPolygon",
        "coordinates": []
      }
    },
    {
      "type": "Feature",
      "properties": {
        "fid": 395,
        "Layer": "LINES",
        "PaperSpace": null,
        "SubClasses": null,
        "Linetype": null,
        "EntityHandle": null,
        "Text": null,
        "ogr_style": "PEN(c:#000000)",
        "font": null,
        "angle": null,
        "size": null,
        "size_u": null,
        "anchor": null,
        "color": "#000000",
        "underline": null,
        "plaintext": null,
        "fcolor": null,
        "flnum": null,
        "bold": null,
        "italic": null,
        "dx": null,
        "dx_u": null,
        "dy": null,
        "dy_u": null
      },
      "geometry": {
        "type": "MultiPolygon",
        "coordinates": []
      }
    },
    {
      "type": "Feature",
      "properties": {
        "fid": 396,
        "Layer": "LINES",
        "PaperSpace": null,
        "SubClasses": null,
        "Linetype": null,
        "EntityHandle": null,
        "Text": null,
        "ogr_style": "PEN(c:#000000)",
        "font": null,
        "angle": null,
        "size": null,
        "size_u": null,
        "anchor": null,
        "color": "#000000",
        "underline": null,
        "plaintext": null,
        "fcolor": null,
        "flnum": null,
        "bold": null,
        "italic": null,
        "dx": null,
        "dx_u": null,
        "dy": null,
        "dy_u": null
      },
      "geometry": {
        "type": "MultiPolygon",
        "coordinates": []
      }
    },
    {
      "type": "Feature",
      "properties": {
        "fid": 397,
        "Layer": "LINES",
        "PaperSpace": null,
        "SubClasses": null,
        "Linetype": null,
        "EntityHandle": null,
        "Text": null,
        "ogr_style": "PEN(c:#000000)",
        "font": null,
        "angle": null,
        "size": null,
        "size_u": null,
        "anchor": null,
        "color": "#000000",
        "underline": null,
        "plaintext": null,
        "fcolor": null,
        "flnum": null,
        "bold": null,
        "italic": null,
        "dx": null,
        "dx_u": null,
        "dy": null,
        "dy_u": null
      },
      "geometry": {
        "type": "MultiPolygon",
        "coordinates": []
      }
    },
    {
      "type": "Feature",
      "properties": {
        "fid": 398,
        "Layer": "LINES",
        "PaperSpace": null,
        "SubClasses": null,
        "Linetype": null,
        "EntityHandle": null,
        "Text": null,
        "ogr_style": "PEN(c:#000000)",
        "font": null,
        "angle": null,
        "size": null,
        "size_u": null,
        "anchor": null,
        "color": "#000000",
        "underline": null,
        "plaintext": null,
        "fcolor": null,
        "flnum": null,
        "bold": null,
        "italic": null,
        "dx": null,
        "dx_u": null,
        "dy": null,
        "dy_u": null
      },
      "geometry": {
        "type": "MultiPolygon",
        "coordinates": []
      }
    },
    {
      "type": "Feature",
      "properties": {
        "fid": 399,
        "Layer": "LINES",
        "PaperSpace": null,
        "SubClasses": null,
        "Linetype": null,
        "EntityHandle": null,
        "Text": null,
        "ogr_style": "PEN(c:#000000)",
        "font": null,
        "angle": null,
        "size": null,
        "size_u": null,
        "anchor": null,
        "color": "#000000",
        "underline": null,
        "plaintext": null,
        "fcolor": null,
        "flnum": null,
        "bold": null,
        "italic": null,
        "dx": null,
        "dx_u": null,
        "dy": null,
        "dy_u": null
      },
      "geometry": {
        "type": "MultiPolygon",
        "coordinates": []
      }
    },
    {
      "type": "Feature",
      "properties": {
        "fid": 400,
        "Layer": "LINES",
        "PaperSpace": null,
        "SubClasses": null,
        "Linetype": null,
        "EntityHandle": null,
        "Text": null,
        "ogr_style": "PEN(c:#000000)",
        "font": null,
        "angle": null,
        "size": null,
        "size_u": null,
        "anchor": null,
        "color": "#000000",
        "underline": null,
        "plaintext": null,
        "fcolor": null,
        "flnum": null,
        "bold": null,
        "italic": null,
        "dx": null,
        "dx_u": null,
        "dy": null,
        "dy_u": null
      },
      "geometry": {
        "type": "MultiPolygon",
        "coordinates": []
      }
    },
    {
      "type": "Feature",
      "properties": {
        "fid": 401,
        "Layer": "LINES",
        "PaperSpace": null,
        "SubClasses": null,
        "Linetype": null,
        "EntityHandle": null,
        "Text": null,
        "ogr_style": "PEN(c:#000000)",
        "font": null,
        "angle": null,
        "size": null,
        "size_u": null,
        "anchor": null,
        "color": "#000000",
        "underline": null,
        "plaintext": null,
        "fcolor": null,
        "flnum": null,
        "bold": null,
        "italic": null,
        "dx": null,
        "dx_u": null,
        "dy": null,
        "dy_u": null
      },
      "geometry": {
        "type": "MultiPolygon",
        "coordinates": []
      }
    },
    {
      "type": "Feature",
      "properties": {
        "fid": 402,
        "Layer": "LINES",
        "PaperSpace": null,
        "SubClasses": null,
        "Linetype": null,
        "EntityHandle": null,
        "Text": null,
        "ogr_style": "PEN(c:#000000)",
        "font": null,
        "angle": null,
        "size": null,
        "size_u": null,
        "anchor": null,
        "color": "#000000",
        "underline": null,
        "plaintext": null,
        "fcolor": null,
        "flnum": null,
        "bold": null,
        "italic": null,
        "dx": null,
        "dx_u": null,
        "dy": null,
        "dy_u": null
      },
      "geometry": {
        "type": "MultiPolygon",
        "coordinates": []
      }
    },
    {
      "type": "Feature",
      "properties": {
        "fid": 403,
        "Layer": "LINES",
        "PaperSpace": null,
        "SubClasses": null,
        "Linetype": null,
        "EntityHandle": null,
        "Text": null,
        "ogr_style": "PEN(c:#000000)",
        "font": null,
        "angle": null,
        "size": null,
        "size_u": null,
        "anchor": null,
        "color": "#000000",
        "underline": null,
        "plaintext": null,
        "fcolor": null,
        "flnum": null,
        "bold": null,
        "italic": null,
        "dx": null,
        "dx_u": null,
        "dy": null,
        "dy_u": null
      },
      "geometry": {
        "type": "MultiPolygon",
        "coordinates": [
          [
            [
              [
                131.899034,
                43.114514
              ],
              [
                131.898881,
                43.114477
              ],
              [
                131.898893,
                43.114448
              ],
              [
                131.898808,
                43.114429
              ],
              [
                131.898811,
                43.114423
              ],
              [
                131.898713,
                43.114404
              ],
              [
                131.898676,
                43.114416
              ],
              [
                131.898661,
                43.114449
              ],
              [
                131.898693,
                43.114456
              ],
              [
                131.898683,
                43.114479
              ],
              [
                131.898711,
                43.114485
              ],
              [
                131.898689,
                43.114536
              ],
              [
                131.898491,
                43.114488
              ],
              [
                131.898601,
                43.114215
              ],
              [
                131.899211,
                43.114357
              ],
              [
                131.899147,
                43.11451
              ],
              [
                131.899045,
                43.114487
              ],
              [
                131.899034,
                43.114514
              ]
            ]
          ]
        ]
      }
    },
    {
      "type": "Feature",
      "properties": {
        "fid": 404,
        "Layer": "LINES",
        "PaperSpace": null,
        "SubClasses": null,
        "Linetype": null,
        "EntityHandle": null,
        "Text": null,
        "ogr_style": "PEN(c:#000000)",
        "font": null,
        "angle": null,
        "size": null,
        "size_u": null,
        "anchor": null,
        "color": "#000000",
        "underline": null,
        "plaintext": null,
        "fcolor": null,
        "flnum": null,
        "bold": null,
        "italic": null,
        "dx": null,
        "dx_u": null,
        "dy": null,
        "dy_u": null
      },
      "geometry": {
        "type": "MultiPolygon",
        "coordinates": [
          [
            [
              [
                131.89586,
                43.114292
              ],
              [
                131.895845,
                43.114224
              ],
              [
                131.895725,
                43.114239
              ],
              [
                131.89574,
                43.114307
              ],
              [
                131.89586,
                43.114292
              ]
            ]
          ]
        ]
      }
    },
    {
      "type": "Feature",
      "properties": {
        "fid": 405,
        "Layer": "LINES",
        "PaperSpace": null,
        "SubClasses": null,
        "Linetype": null,
        "EntityHandle": null,
        "Text": null,
        "ogr_style": "PEN(c:#000000)",
        "font": null,
        "angle": null,
        "size": null,
        "size_u": null,
        "anchor": null,
        "color": "#000000",
        "underline": null,
        "plaintext": null,
        "fcolor": null,
        "flnum": null,
        "bold": null,
        "italic": null,
        "dx": null,
        "dx_u": null,
        "dy": null,
        "dy_u": null
      },
      "geometry": {
        "type": "MultiPolygon",
        "coordinates": [
          [
            [
              [
                131.896224,
                43.114111
              ],
              [
                131.896202,
                43.114111
              ],
              [
                131.896225,
                43.114395
              ],
              [
                131.896064,
                43.114407
              ],
              [
                131.896062,
                43.114373
              ],
              [
                131.896036,
                43.11409
              ],
              [
                131.896116,
                43.114086
              ],
              [
                131.896116,
                43.114074
              ],
              [
                131.896131,
                43.114073
              ],
              [
                131.896129,
                43.114037
              ],
              [
                131.89586,
                43.114085
              ],
              [
                131.895838,
                43.11402
              ],
              [
                131.895826,
                43.113942
              ],
              [
                131.895859,
                43.113936
              ],
              [
                131.895865,
                43.113955
              ],
              [
                131.896091,
                43.113916
              ],
              [
                131.896084,
                43.113897
              ],
              [
                131.896096,
                43.113895
              ],
              [
                131.896112,
                43.113892
              ],
              [
                131.896122,
                43.113891
              ],
              [
                131.896137,
                43.11389
              ],
              [
                131.896148,
                43.113891
              ],
              [
                131.89615,
                43.113891
              ],
              [
                131.896164,
                43.113896
              ],
              [
                131.896168,
                43.113898
              ],
              [
                131.896175,
                43.113902
              ],
              [
                131.896183,
                43.113908
              ],
              [
                131.896189,
                43.113914
              ],
              [
                131.896196,
                43.113921
              ],
              [
                131.896202,
                43.11393
              ],
              [
                131.896208,
                43.113939
              ],
              [
                131.896211,
                43.113945
              ],
              [
                131.896213,
                43.113949
              ],
              [
                131.896187,
                43.113954
              ],
              [
                131.896189,
                43.113958
              ],
              [
                131.896192,
                43.113964
              ],
              [
                131.896195,
                43.113971
              ],
              [
                131.896198,
                43.113977
              ],
              [
                131.896199,
                43.113981
              ],
              [
                131.896203,
                43.11399
              ],
              [
                131.896205,
                43.113997
              ],
              [
                131.896207,
                43.114003
              ],
              [
                131.896209,
                43.11401
              ],
              [
                131.896211,
                43.114017
              ],
              [
                131.896212,
                43.114023
              ],
              [
                131.896213,
                43.11403
              ],
              [
                131.896215,
                43.114037
              ],
              [
                131.896216,
                43.114043
              ],
              [
                131.896217,
                43.114053
              ],
              [
                131.896218,
                43.114057
              ],
              [
                131.896219,
                43.114064
              ],
              [
                131.89622,
                43.11407
              ],
              [
                131.896221,
                43.114077
              ],
              [
                131.896221,
                43.114084
              ],
              [
                131.896222,
                43.114091
              ],
              [
                131.896223,
                43.114097
              ],
              [
                131.896223,
                43.114104
              ],
              [
                131.896224,
                43.114111
              ]
            ]
          ]
        ]
      }
    },
    {
      "type": "Feature",
      "properties": {
        "fid": 406,
        "Layer": "LINES",
        "PaperSpace": null,
        "SubClasses": null,
        "Linetype": null,
        "EntityHandle": null,
        "Text": null,
        "ogr_style": "PEN(c:#000000)",
        "font": null,
        "angle": null,
        "size": null,
        "size_u": null,
        "anchor": null,
        "color": "#000000",
        "underline": null,
        "plaintext": null,
        "fcolor": null,
        "flnum": null,
        "bold": null,
        "italic": null,
        "dx": null,
        "dx_u": null,
        "dy": null,
        "dy_u": null
      },
      "geometry": {
        "type": "MultiPolygon",
        "coordinates": [
          [
            [
              [
                131.896224,
                43.114111
              ],
              [
                131.896202,
                43.114111
              ],
              [
                131.896224,
                43.114111
              ]
            ]
          ]
        ]
      }
    },
    {
      "type": "Feature",
      "properties": {
        "fid": 407,
        "Layer": "LINES",
        "PaperSpace": null,
        "SubClasses": null,
        "Linetype": null,
        "EntityHandle": null,
        "Text": null,
        "ogr_style": "PEN(c:#000000)",
        "font": null,
        "angle": null,
        "size": null,
        "size_u": null,
        "anchor": null,
        "color": "#000000",
        "underline": null,
        "plaintext": null,
        "fcolor": null,
        "flnum": null,
        "bold": null,
        "italic": null,
        "dx": null,
        "dx_u": null,
        "dy": null,
        "dy_u": null
      },
      "geometry": {
        "type": "MultiPolygon",
        "coordinates": []
      }
    },
    {
      "type": "Feature",
      "properties": {
        "fid": 408,
        "Layer": "LINES",
        "PaperSpace": null,
        "SubClasses": null,
        "Linetype": null,
        "EntityHandle": null,
        "Text": null,
        "ogr_style": "PEN(c:#000000)",
        "font": null,
        "angle": null,
        "size": null,
        "size_u": null,
        "anchor": null,
        "color": "#000000",
        "underline": null,
        "plaintext": null,
        "fcolor": null,
        "flnum": null,
        "bold": null,
        "italic": null,
        "dx": null,
        "dx_u": null,
        "dy": null,
        "dy_u": null
      },
      "geometry": {
        "type": "MultiPolygon",
        "coordinates": []
      }
    },
    {
      "type": "Feature",
      "properties": {
        "fid": 409,
        "Layer": "LINES",
        "PaperSpace": null,
        "SubClasses": null,
        "Linetype": null,
        "EntityHandle": null,
        "Text": null,
        "ogr_style": "PEN(c:#000000)",
        "font": null,
        "angle": null,
        "size": null,
        "size_u": null,
        "anchor": null,
        "color": "#000000",
        "underline": null,
        "plaintext": null,
        "fcolor": null,
        "flnum": null,
        "bold": null,
        "italic": null,
        "dx": null,
        "dx_u": null,
        "dy": null,
        "dy_u": null
      },
      "geometry": {
        "type": "MultiPolygon",
        "coordinates": []
      }
    },
    {
      "type": "Feature",
      "properties": {
        "fid": 410,
        "Layer": "LINES",
        "PaperSpace": null,
        "SubClasses": null,
        "Linetype": null,
        "EntityHandle": null,
        "Text": null,
        "ogr_style": "PEN(c:#000000)",
        "font": null,
        "angle": null,
        "size": null,
        "size_u": null,
        "anchor": null,
        "color": "#000000",
        "underline": null,
        "plaintext": null,
        "fcolor": null,
        "flnum": null,
        "bold": null,
        "italic": null,
        "dx": null,
        "dx_u": null,
        "dy": null,
        "dy_u": null
      },
      "geometry": {
        "type": "MultiPolygon",
        "coordinates": []
      }
    },
    {
      "type": "Feature",
      "properties": {
        "fid": 411,
        "Layer": "LINES",
        "PaperSpace": null,
        "SubClasses": null,
        "Linetype": null,
        "EntityHandle": null,
        "Text": null,
        "ogr_style": "PEN(c:#000000)",
        "font": null,
        "angle": null,
        "size": null,
        "size_u": null,
        "anchor": null,
        "color": "#000000",
        "underline": null,
        "plaintext": null,
        "fcolor": null,
        "flnum": null,
        "bold": null,
        "italic": null,
        "dx": null,
        "dx_u": null,
        "dy": null,
        "dy_u": null
      },
      "geometry": {
        "type": "MultiPolygon",
        "coordinates": []
      }
    },
    {
      "type": "Feature",
      "properties": {
        "fid": 412,
        "Layer": "LINES",
        "PaperSpace": null,
        "SubClasses": null,
        "Linetype": null,
        "EntityHandle": null,
        "Text": null,
        "ogr_style": "PEN(c:#000000)",
        "font": null,
        "angle": null,
        "size": null,
        "size_u": null,
        "anchor": null,
        "color": "#000000",
        "underline": null,
        "plaintext": null,
        "fcolor": null,
        "flnum": null,
        "bold": null,
        "italic": null,
        "dx": null,
        "dx_u": null,
        "dy": null,
        "dy_u": null
      },
      "geometry": {
        "type": "MultiPolygon",
        "coordinates": []
      }
    },
    {
      "type": "Feature",
      "properties": {
        "fid": 413,
        "Layer": "LINES",
        "PaperSpace": null,
        "SubClasses": null,
        "Linetype": null,
        "EntityHandle": null,
        "Text": null,
        "ogr_style": "PEN(c:#000000)",
        "font": null,
        "angle": null,
        "size": null,
        "size_u": null,
        "anchor": null,
        "color": "#000000",
        "underline": null,
        "plaintext": null,
        "fcolor": null,
        "flnum": null,
        "bold": null,
        "italic": null,
        "dx": null,
        "dx_u": null,
        "dy": null,
        "dy_u": null
      },
      "geometry": {
        "type": "MultiPolygon",
        "coordinates": []
      }
    },
    {
      "type": "Feature",
      "properties": {
        "fid": 414,
        "Layer": "LINES",
        "PaperSpace": null,
        "SubClasses": null,
        "Linetype": null,
        "EntityHandle": null,
        "Text": null,
        "ogr_style": "PEN(c:#000000)",
        "font": null,
        "angle": null,
        "size": null,
        "size_u": null,
        "anchor": null,
        "color": "#000000",
        "underline": null,
        "plaintext": null,
        "fcolor": null,
        "flnum": null,
        "bold": null,
        "italic": null,
        "dx": null,
        "dx_u": null,
        "dy": null,
        "dy_u": null
      },
      "geometry": {
        "type": "MultiPolygon",
        "coordinates": []
      }
    },
    {
      "type": "Feature",
      "properties": {
        "fid": 415,
        "Layer": "LINES",
        "PaperSpace": null,
        "SubClasses": null,
        "Linetype": null,
        "EntityHandle": null,
        "Text": null,
        "ogr_style": "PEN(c:#000000)",
        "font": null,
        "angle": null,
        "size": null,
        "size_u": null,
        "anchor": null,
        "color": "#000000",
        "underline": null,
        "plaintext": null,
        "fcolor": null,
        "flnum": null,
        "bold": null,
        "italic": null,
        "dx": null,
        "dx_u": null,
        "dy": null,
        "dy_u": null
      },
      "geometry": {
        "type": "MultiPolygon",
        "coordinates": []
      }
    },
    {
      "type": "Feature",
      "properties": {
        "fid": 416,
        "Layer": "LINES",
        "PaperSpace": null,
        "SubClasses": null,
        "Linetype": null,
        "EntityHandle": null,
        "Text": null,
        "ogr_style": "PEN(c:#000000)",
        "font": null,
        "angle": null,
        "size": null,
        "size_u": null,
        "anchor": null,
        "color": "#000000",
        "underline": null,
        "plaintext": null,
        "fcolor": null,
        "flnum": null,
        "bold": null,
        "italic": null,
        "dx": null,
        "dx_u": null,
        "dy": null,
        "dy_u": null
      },
      "geometry": {
        "type": "MultiPolygon",
        "coordinates": []
      }
    },
    {
      "type": "Feature",
      "properties": {
        "fid": 417,
        "Layer": "LINES",
        "PaperSpace": null,
        "SubClasses": null,
        "Linetype": null,
        "EntityHandle": null,
        "Text": null,
        "ogr_style": "PEN(c:#000000)",
        "font": null,
        "angle": null,
        "size": null,
        "size_u": null,
        "anchor": null,
        "color": "#000000",
        "underline": null,
        "plaintext": null,
        "fcolor": null,
        "flnum": null,
        "bold": null,
        "italic": null,
        "dx": null,
        "dx_u": null,
        "dy": null,
        "dy_u": null
      },
      "geometry": {
        "type": "MultiPolygon",
        "coordinates": []
      }
    },
    {
      "type": "Feature",
      "properties": {
        "fid": 418,
        "Layer": "LINES",
        "PaperSpace": null,
        "SubClasses": null,
        "Linetype": null,
        "EntityHandle": null,
        "Text": null,
        "ogr_style": "PEN(c:#000000)",
        "font": null,
        "angle": null,
        "size": null,
        "size_u": null,
        "anchor": null,
        "color": "#000000",
        "underline": null,
        "plaintext": null,
        "fcolor": null,
        "flnum": null,
        "bold": null,
        "italic": null,
        "dx": null,
        "dx_u": null,
        "dy": null,
        "dy_u": null
      },
      "geometry": {
        "type": "MultiPolygon",
        "coordinates": []
      }
    },
    {
      "type": "Feature",
      "properties": {
        "fid": 419,
        "Layer": "LINES",
        "PaperSpace": null,
        "SubClasses": null,
        "Linetype": null,
        "EntityHandle": null,
        "Text": null,
        "ogr_style": "PEN(c:#000000)",
        "font": null,
        "angle": null,
        "size": null,
        "size_u": null,
        "anchor": null,
        "color": "#000000",
        "underline": null,
        "plaintext": null,
        "fcolor": null,
        "flnum": null,
        "bold": null,
        "italic": null,
        "dx": null,
        "dx_u": null,
        "dy": null,
        "dy_u": null
      },
      "geometry": {
        "type": "MultiPolygon",
        "coordinates": []
      }
    },
    {
      "type": "Feature",
      "properties": {
        "fid": 420,
        "Layer": "LINES",
        "PaperSpace": null,
        "SubClasses": null,
        "Linetype": null,
        "EntityHandle": null,
        "Text": null,
        "ogr_style": "PEN(c:#000000)",
        "font": null,
        "angle": null,
        "size": null,
        "size_u": null,
        "anchor": null,
        "color": "#000000",
        "underline": null,
        "plaintext": null,
        "fcolor": null,
        "flnum": null,
        "bold": null,
        "italic": null,
        "dx": null,
        "dx_u": null,
        "dy": null,
        "dy_u": null
      },
      "geometry": {
        "type": "MultiPolygon",
        "coordinates": []
      }
    },
    {
      "type": "Feature",
      "properties": {
        "fid": 421,
        "Layer": "LINES",
        "PaperSpace": null,
        "SubClasses": null,
        "Linetype": null,
        "EntityHandle": null,
        "Text": null,
        "ogr_style": "PEN(c:#000000)",
        "font": null,
        "angle": null,
        "size": null,
        "size_u": null,
        "anchor": null,
        "color": "#000000",
        "underline": null,
        "plaintext": null,
        "fcolor": null,
        "flnum": null,
        "bold": null,
        "italic": null,
        "dx": null,
        "dx_u": null,
        "dy": null,
        "dy_u": null
      },
      "geometry": {
        "type": "MultiPolygon",
        "coordinates": []
      }
    },
    {
      "type": "Feature",
      "properties": {
        "fid": 422,
        "Layer": "LINES",
        "PaperSpace": null,
        "SubClasses": null,
        "Linetype": null,
        "EntityHandle": null,
        "Text": null,
        "ogr_style": "PEN(c:#000000)",
        "font": null,
        "angle": null,
        "size": null,
        "size_u": null,
        "anchor": null,
        "color": "#000000",
        "underline": null,
        "plaintext": null,
        "fcolor": null,
        "flnum": null,
        "bold": null,
        "italic": null,
        "dx": null,
        "dx_u": null,
        "dy": null,
        "dy_u": null
      },
      "geometry": {
        "type": "MultiPolygon",
        "coordinates": []
      }
    },
    {
      "type": "Feature",
      "properties": {
        "fid": 423,
        "Layer": "LINES",
        "PaperSpace": null,
        "SubClasses": null,
        "Linetype": null,
        "EntityHandle": null,
        "Text": null,
        "ogr_style": "PEN(c:#000000)",
        "font": null,
        "angle": null,
        "size": null,
        "size_u": null,
        "anchor": null,
        "color": "#000000",
        "underline": null,
        "plaintext": null,
        "fcolor": null,
        "flnum": null,
        "bold": null,
        "italic": null,
        "dx": null,
        "dx_u": null,
        "dy": null,
        "dy_u": null
      },
      "geometry": {
        "type": "MultiPolygon",
        "coordinates": []
      }
    },
    {
      "type": "Feature",
      "properties": {
        "fid": 424,
        "Layer": "LINES",
        "PaperSpace": null,
        "SubClasses": null,
        "Linetype": null,
        "EntityHandle": null,
        "Text": null,
        "ogr_style": "PEN(c:#000000)",
        "font": null,
        "angle": null,
        "size": null,
        "size_u": null,
        "anchor": null,
        "color": "#000000",
        "underline": null,
        "plaintext": null,
        "fcolor": null,
        "flnum": null,
        "bold": null,
        "italic": null,
        "dx": null,
        "dx_u": null,
        "dy": null,
        "dy_u": null
      },
      "geometry": {
        "type": "MultiPolygon",
        "coordinates": []
      }
    },
    {
      "type": "Feature",
      "properties": {
        "fid": 425,
        "Layer": "LINES",
        "PaperSpace": null,
        "SubClasses": null,
        "Linetype": null,
        "EntityHandle": null,
        "Text": null,
        "ogr_style": "PEN(c:#000000)",
        "font": null,
        "angle": null,
        "size": null,
        "size_u": null,
        "anchor": null,
        "color": "#000000",
        "underline": null,
        "plaintext": null,
        "fcolor": null,
        "flnum": null,
        "bold": null,
        "italic": null,
        "dx": null,
        "dx_u": null,
        "dy": null,
        "dy_u": null
      },
      "geometry": {
        "type": "MultiPolygon",
        "coordinates": []
      }
    },
    {
      "type": "Feature",
      "properties": {
        "fid": 426,
        "Layer": "LINES",
        "PaperSpace": null,
        "SubClasses": null,
        "Linetype": null,
        "EntityHandle": null,
        "Text": null,
        "ogr_style": "PEN(c:#000000)",
        "font": null,
        "angle": null,
        "size": null,
        "size_u": null,
        "anchor": null,
        "color": "#000000",
        "underline": null,
        "plaintext": null,
        "fcolor": null,
        "flnum": null,
        "bold": null,
        "italic": null,
        "dx": null,
        "dx_u": null,
        "dy": null,
        "dy_u": null
      },
      "geometry": {
        "type": "MultiPolygon",
        "coordinates": []
      }
    },
    {
      "type": "Feature",
      "properties": {
        "fid": 427,
        "Layer": "LINES",
        "PaperSpace": null,
        "SubClasses": null,
        "Linetype": null,
        "EntityHandle": null,
        "Text": null,
        "ogr_style": "PEN(c:#000000)",
        "font": null,
        "angle": null,
        "size": null,
        "size_u": null,
        "anchor": null,
        "color": "#000000",
        "underline": null,
        "plaintext": null,
        "fcolor": null,
        "flnum": null,
        "bold": null,
        "italic": null,
        "dx": null,
        "dx_u": null,
        "dy": null,
        "dy_u": null
      },
      "geometry": {
        "type": "MultiPolygon",
        "coordinates": []
      }
    },
    {
      "type": "Feature",
      "properties": {
        "fid": 428,
        "Layer": "LINES",
        "PaperSpace": null,
        "SubClasses": null,
        "Linetype": null,
        "EntityHandle": null,
        "Text": null,
        "ogr_style": "PEN(c:#000000)",
        "font": null,
        "angle": null,
        "size": null,
        "size_u": null,
        "anchor": null,
        "color": "#000000",
        "underline": null,
        "plaintext": null,
        "fcolor": null,
        "flnum": null,
        "bold": null,
        "italic": null,
        "dx": null,
        "dx_u": null,
        "dy": null,
        "dy_u": null
      },
      "geometry": {
        "type": "MultiPolygon",
        "coordinates": []
      }
    },
    {
      "type": "Feature",
      "properties": {
        "fid": 429,
        "Layer": "LINES",
        "PaperSpace": null,
        "SubClasses": null,
        "Linetype": null,
        "EntityHandle": null,
        "Text": null,
        "ogr_style": "PEN(c:#000000)",
        "font": null,
        "angle": null,
        "size": null,
        "size_u": null,
        "anchor": null,
        "color": "#000000",
        "underline": null,
        "plaintext": null,
        "fcolor": null,
        "flnum": null,
        "bold": null,
        "italic": null,
        "dx": null,
        "dx_u": null,
        "dy": null,
        "dy_u": null
      },
      "geometry": {
        "type": "MultiPolygon",
        "coordinates": []
      }
    },
    {
      "type": "Feature",
      "properties": {
        "fid": 430,
        "Layer": "LINES",
        "PaperSpace": null,
        "SubClasses": null,
        "Linetype": null,
        "EntityHandle": null,
        "Text": null,
        "ogr_style": "PEN(c:#000000)",
        "font": null,
        "angle": null,
        "size": null,
        "size_u": null,
        "anchor": null,
        "color": "#000000",
        "underline": null,
        "plaintext": null,
        "fcolor": null,
        "flnum": null,
        "bold": null,
        "italic": null,
        "dx": null,
        "dx_u": null,
        "dy": null,
        "dy_u": null
      },
      "geometry": {
        "type": "MultiPolygon",
        "coordinates": []
      }
    },
    {
      "type": "Feature",
      "properties": {
        "fid": 431,
        "Layer": "LINES",
        "PaperSpace": null,
        "SubClasses": null,
        "Linetype": null,
        "EntityHandle": null,
        "Text": null,
        "ogr_style": "PEN(c:#000000)",
        "font": null,
        "angle": null,
        "size": null,
        "size_u": null,
        "anchor": null,
        "color": "#000000",
        "underline": null,
        "plaintext": null,
        "fcolor": null,
        "flnum": null,
        "bold": null,
        "italic": null,
        "dx": null,
        "dx_u": null,
        "dy": null,
        "dy_u": null
      },
      "geometry": {
        "type": "MultiPolygon",
        "coordinates": []
      }
    },
    {
      "type": "Feature",
      "properties": {
        "fid": 432,
        "Layer": "LINES",
        "PaperSpace": null,
        "SubClasses": null,
        "Linetype": null,
        "EntityHandle": null,
        "Text": null,
        "ogr_style": "PEN(c:#000000)",
        "font": null,
        "angle": null,
        "size": null,
        "size_u": null,
        "anchor": null,
        "color": "#000000",
        "underline": null,
        "plaintext": null,
        "fcolor": null,
        "flnum": null,
        "bold": null,
        "italic": null,
        "dx": null,
        "dx_u": null,
        "dy": null,
        "dy_u": null
      },
      "geometry": {
        "type": "MultiPolygon",
        "coordinates": []
      }
    },
    {
      "type": "Feature",
      "properties": {
        "fid": 433,
        "Layer": "LINES",
        "PaperSpace": null,
        "SubClasses": null,
        "Linetype": null,
        "EntityHandle": null,
        "Text": null,
        "ogr_style": "PEN(c:#000000)",
        "font": null,
        "angle": null,
        "size": null,
        "size_u": null,
        "anchor": null,
        "color": "#000000",
        "underline": null,
        "plaintext": null,
        "fcolor": null,
        "flnum": null,
        "bold": null,
        "italic": null,
        "dx": null,
        "dx_u": null,
        "dy": null,
        "dy_u": null
      },
      "geometry": {
        "type": "MultiPolygon",
        "coordinates": []
      }
    },
    {
      "type": "Feature",
      "properties": {
        "fid": 434,
        "Layer": "LINES",
        "PaperSpace": null,
        "SubClasses": null,
        "Linetype": null,
        "EntityHandle": null,
        "Text": null,
        "ogr_style": "PEN(c:#000000)",
        "font": null,
        "angle": null,
        "size": null,
        "size_u": null,
        "anchor": null,
        "color": "#000000",
        "underline": null,
        "plaintext": null,
        "fcolor": null,
        "flnum": null,
        "bold": null,
        "italic": null,
        "dx": null,
        "dx_u": null,
        "dy": null,
        "dy_u": null
      },
      "geometry": {
        "type": "MultiPolygon",
        "coordinates": []
      }
    },
    {
      "type": "Feature",
      "properties": {
        "fid": 435,
        "Layer": "LINES",
        "PaperSpace": null,
        "SubClasses": null,
        "Linetype": null,
        "EntityHandle": null,
        "Text": null,
        "ogr_style": "PEN(c:#000000)",
        "font": null,
        "angle": null,
        "size": null,
        "size_u": null,
        "anchor": null,
        "color": "#000000",
        "underline": null,
        "plaintext": null,
        "fcolor": null,
        "flnum": null,
        "bold": null,
        "italic": null,
        "dx": null,
        "dx_u": null,
        "dy": null,
        "dy_u": null
      },
      "geometry": {
        "type": "MultiPolygon",
        "coordinates": []
      }
    },
    {
      "type": "Feature",
      "properties": {
        "fid": 436,
        "Layer": "LINES",
        "PaperSpace": null,
        "SubClasses": null,
        "Linetype": null,
        "EntityHandle": null,
        "Text": null,
        "ogr_style": "PEN(c:#000000)",
        "font": null,
        "angle": null,
        "size": null,
        "size_u": null,
        "anchor": null,
        "color": "#000000",
        "underline": null,
        "plaintext": null,
        "fcolor": null,
        "flnum": null,
        "bold": null,
        "italic": null,
        "dx": null,
        "dx_u": null,
        "dy": null,
        "dy_u": null
      },
      "geometry": {
        "type": "MultiPolygon",
        "coordinates": []
      }
    },
    {
      "type": "Feature",
      "properties": {
        "fid": 437,
        "Layer": "LINES",
        "PaperSpace": null,
        "SubClasses": null,
        "Linetype": null,
        "EntityHandle": null,
        "Text": null,
        "ogr_style": "PEN(c:#000000)",
        "font": null,
        "angle": null,
        "size": null,
        "size_u": null,
        "anchor": null,
        "color": "#000000",
        "underline": null,
        "plaintext": null,
        "fcolor": null,
        "flnum": null,
        "bold": null,
        "italic": null,
        "dx": null,
        "dx_u": null,
        "dy": null,
        "dy_u": null
      },
      "geometry": {
        "type": "MultiPolygon",
        "coordinates": []
      }
    },
    {
      "type": "Feature",
      "properties": {
        "fid": 438,
        "Layer": "LINES",
        "PaperSpace": null,
        "SubClasses": null,
        "Linetype": null,
        "EntityHandle": null,
        "Text": null,
        "ogr_style": "PEN(c:#000000)",
        "font": null,
        "angle": null,
        "size": null,
        "size_u": null,
        "anchor": null,
        "color": "#000000",
        "underline": null,
        "plaintext": null,
        "fcolor": null,
        "flnum": null,
        "bold": null,
        "italic": null,
        "dx": null,
        "dx_u": null,
        "dy": null,
        "dy_u": null
      },
      "geometry": {
        "type": "MultiPolygon",
        "coordinates": []
      }
    },
    {
      "type": "Feature",
      "properties": {
        "fid": 439,
        "Layer": "LINES",
        "PaperSpace": null,
        "SubClasses": null,
        "Linetype": null,
        "EntityHandle": null,
        "Text": null,
        "ogr_style": "PEN(c:#000000)",
        "font": null,
        "angle": null,
        "size": null,
        "size_u": null,
        "anchor": null,
        "color": "#000000",
        "underline": null,
        "plaintext": null,
        "fcolor": null,
        "flnum": null,
        "bold": null,
        "italic": null,
        "dx": null,
        "dx_u": null,
        "dy": null,
        "dy_u": null
      },
      "geometry": {
        "type": "MultiPolygon",
        "coordinates": []
      }
    },
    {
      "type": "Feature",
      "properties": {
        "fid": 440,
        "Layer": "LINES",
        "PaperSpace": null,
        "SubClasses": null,
        "Linetype": null,
        "EntityHandle": null,
        "Text": null,
        "ogr_style": "PEN(c:#000000)",
        "font": null,
        "angle": null,
        "size": null,
        "size_u": null,
        "anchor": null,
        "color": "#000000",
        "underline": null,
        "plaintext": null,
        "fcolor": null,
        "flnum": null,
        "bold": null,
        "italic": null,
        "dx": null,
        "dx_u": null,
        "dy": null,
        "dy_u": null
      },
      "geometry": {
        "type": "MultiPolygon",
        "coordinates": []
      }
    },
    {
      "type": "Feature",
      "properties": {
        "fid": 441,
        "Layer": "LINES",
        "PaperSpace": null,
        "SubClasses": null,
        "Linetype": null,
        "EntityHandle": null,
        "Text": null,
        "ogr_style": "PEN(c:#000000)",
        "font": null,
        "angle": null,
        "size": null,
        "size_u": null,
        "anchor": null,
        "color": "#000000",
        "underline": null,
        "plaintext": null,
        "fcolor": null,
        "flnum": null,
        "bold": null,
        "italic": null,
        "dx": null,
        "dx_u": null,
        "dy": null,
        "dy_u": null
      },
      "geometry": {
        "type": "MultiPolygon",
        "coordinates": []
      }
    },
    {
      "type": "Feature",
      "properties": {
        "fid": 442,
        "Layer": "LINES",
        "PaperSpace": null,
        "SubClasses": null,
        "Linetype": null,
        "EntityHandle": null,
        "Text": null,
        "ogr_style": "PEN(c:#000000)",
        "font": null,
        "angle": null,
        "size": null,
        "size_u": null,
        "anchor": null,
        "color": "#000000",
        "underline": null,
        "plaintext": null,
        "fcolor": null,
        "flnum": null,
        "bold": null,
        "italic": null,
        "dx": null,
        "dx_u": null,
        "dy": null,
        "dy_u": null
      },
      "geometry": {
        "type": "MultiPolygon",
        "coordinates": []
      }
    },
    {
      "type": "Feature",
      "properties": {
        "fid": 443,
        "Layer": "LINES",
        "PaperSpace": null,
        "SubClasses": null,
        "Linetype": null,
        "EntityHandle": null,
        "Text": null,
        "ogr_style": "PEN(c:#000000)",
        "font": null,
        "angle": null,
        "size": null,
        "size_u": null,
        "anchor": null,
        "color": "#000000",
        "underline": null,
        "plaintext": null,
        "fcolor": null,
        "flnum": null,
        "bold": null,
        "italic": null,
        "dx": null,
        "dx_u": null,
        "dy": null,
        "dy_u": null
      },
      "geometry": {
        "type": "MultiPolygon",
        "coordinates": []
      }
    },
    {
      "type": "Feature",
      "properties": {
        "fid": 444,
        "Layer": "LINES",
        "PaperSpace": null,
        "SubClasses": null,
        "Linetype": null,
        "EntityHandle": null,
        "Text": null,
        "ogr_style": "PEN(c:#000000)",
        "font": null,
        "angle": null,
        "size": null,
        "size_u": null,
        "anchor": null,
        "color": "#000000",
        "underline": null,
        "plaintext": null,
        "fcolor": null,
        "flnum": null,
        "bold": null,
        "italic": null,
        "dx": null,
        "dx_u": null,
        "dy": null,
        "dy_u": null
      },
      "geometry": {
        "type": "MultiPolygon",
        "coordinates": []
      }
    },
    {
      "type": "Feature",
      "properties": {
        "fid": 445,
        "Layer": "LINES",
        "PaperSpace": null,
        "SubClasses": null,
        "Linetype": null,
        "EntityHandle": null,
        "Text": null,
        "ogr_style": "PEN(c:#000000)",
        "font": null,
        "angle": null,
        "size": null,
        "size_u": null,
        "anchor": null,
        "color": "#000000",
        "underline": null,
        "plaintext": null,
        "fcolor": null,
        "flnum": null,
        "bold": null,
        "italic": null,
        "dx": null,
        "dx_u": null,
        "dy": null,
        "dy_u": null
      },
      "geometry": {
        "type": "MultiPolygon",
        "coordinates": []
      }
    },
    {
      "type": "Feature",
      "properties": {
        "fid": 446,
        "Layer": "LINES",
        "PaperSpace": null,
        "SubClasses": null,
        "Linetype": null,
        "EntityHandle": null,
        "Text": null,
        "ogr_style": "PEN(c:#000000)",
        "font": null,
        "angle": null,
        "size": null,
        "size_u": null,
        "anchor": null,
        "color": "#000000",
        "underline": null,
        "plaintext": null,
        "fcolor": null,
        "flnum": null,
        "bold": null,
        "italic": null,
        "dx": null,
        "dx_u": null,
        "dy": null,
        "dy_u": null
      },
      "geometry": {
        "type": "MultiPolygon",
        "coordinates": []
      }
    },
    {
      "type": "Feature",
      "properties": {
        "fid": 447,
        "Layer": "LINES",
        "PaperSpace": null,
        "SubClasses": null,
        "Linetype": null,
        "EntityHandle": null,
        "Text": null,
        "ogr_style": "PEN(c:#000000)",
        "font": null,
        "angle": null,
        "size": null,
        "size_u": null,
        "anchor": null,
        "color": "#000000",
        "underline": null,
        "plaintext": null,
        "fcolor": null,
        "flnum": null,
        "bold": null,
        "italic": null,
        "dx": null,
        "dx_u": null,
        "dy": null,
        "dy_u": null
      },
      "geometry": {
        "type": "MultiPolygon",
        "coordinates": []
      }
    },
    {
      "type": "Feature",
      "properties": {
        "fid": 448,
        "Layer": "LINES",
        "PaperSpace": null,
        "SubClasses": null,
        "Linetype": null,
        "EntityHandle": null,
        "Text": null,
        "ogr_style": "PEN(c:#000000)",
        "font": null,
        "angle": null,
        "size": null,
        "size_u": null,
        "anchor": null,
        "color": "#000000",
        "underline": null,
        "plaintext": null,
        "fcolor": null,
        "flnum": null,
        "bold": null,
        "italic": null,
        "dx": null,
        "dx_u": null,
        "dy": null,
        "dy_u": null
      },
      "geometry": {
        "type": "MultiPolygon",
        "coordinates": []
      }
    },
    {
      "type": "Feature",
      "properties": {
        "fid": 449,
        "Layer": "LINES",
        "PaperSpace": null,
        "SubClasses": null,
        "Linetype": null,
        "EntityHandle": null,
        "Text": null,
        "ogr_style": "PEN(c:#000000)",
        "font": null,
        "angle": null,
        "size": null,
        "size_u": null,
        "anchor": null,
        "color": "#000000",
        "underline": null,
        "plaintext": null,
        "fcolor": null,
        "flnum": null,
        "bold": null,
        "italic": null,
        "dx": null,
        "dx_u": null,
        "dy": null,
        "dy_u": null
      },
      "geometry": {
        "type": "MultiPolygon",
        "coordinates": []
      }
    },
    {
      "type": "Feature",
      "properties": {
        "fid": 450,
        "Layer": "LINES",
        "PaperSpace": null,
        "SubClasses": null,
        "Linetype": null,
        "EntityHandle": null,
        "Text": null,
        "ogr_style": "PEN(c:#000000)",
        "font": null,
        "angle": null,
        "size": null,
        "size_u": null,
        "anchor": null,
        "color": "#000000",
        "underline": null,
        "plaintext": null,
        "fcolor": null,
        "flnum": null,
        "bold": null,
        "italic": null,
        "dx": null,
        "dx_u": null,
        "dy": null,
        "dy_u": null
      },
      "geometry": {
        "type": "MultiPolygon",
        "coordinates": []
      }
    },
    {
      "type": "Feature",
      "properties": {
        "fid": 451,
        "Layer": "LINES",
        "PaperSpace": null,
        "SubClasses": null,
        "Linetype": null,
        "EntityHandle": null,
        "Text": null,
        "ogr_style": "PEN(c:#000000)",
        "font": null,
        "angle": null,
        "size": null,
        "size_u": null,
        "anchor": null,
        "color": "#000000",
        "underline": null,
        "plaintext": null,
        "fcolor": null,
        "flnum": null,
        "bold": null,
        "italic": null,
        "dx": null,
        "dx_u": null,
        "dy": null,
        "dy_u": null
      },
      "geometry": {
        "type": "MultiPolygon",
        "coordinates": []
      }
    },
    {
      "type": "Feature",
      "properties": {
        "fid": 452,
        "Layer": "LINES",
        "PaperSpace": null,
        "SubClasses": null,
        "Linetype": null,
        "EntityHandle": null,
        "Text": null,
        "ogr_style": "PEN(c:#000000)",
        "font": null,
        "angle": null,
        "size": null,
        "size_u": null,
        "anchor": null,
        "color": "#000000",
        "underline": null,
        "plaintext": null,
        "fcolor": null,
        "flnum": null,
        "bold": null,
        "italic": null,
        "dx": null,
        "dx_u": null,
        "dy": null,
        "dy_u": null
      },
      "geometry": {
        "type": "MultiPolygon",
        "coordinates": []
      }
    },
    {
      "type": "Feature",
      "properties": {
        "fid": 453,
        "Layer": "LINES",
        "PaperSpace": null,
        "SubClasses": null,
        "Linetype": null,
        "EntityHandle": null,
        "Text": null,
        "ogr_style": "PEN(c:#000000)",
        "font": null,
        "angle": null,
        "size": null,
        "size_u": null,
        "anchor": null,
        "color": "#000000",
        "underline": null,
        "plaintext": null,
        "fcolor": null,
        "flnum": null,
        "bold": null,
        "italic": null,
        "dx": null,
        "dx_u": null,
        "dy": null,
        "dy_u": null
      },
      "geometry": {
        "type": "MultiPolygon",
        "coordinates": []
      }
    },
    {
      "type": "Feature",
      "properties": {
        "fid": 454,
        "Layer": "LINES",
        "PaperSpace": null,
        "SubClasses": null,
        "Linetype": null,
        "EntityHandle": null,
        "Text": null,
        "ogr_style": "PEN(c:#000000)",
        "font": null,
        "angle": null,
        "size": null,
        "size_u": null,
        "anchor": null,
        "color": "#000000",
        "underline": null,
        "plaintext": null,
        "fcolor": null,
        "flnum": null,
        "bold": null,
        "italic": null,
        "dx": null,
        "dx_u": null,
        "dy": null,
        "dy_u": null
      },
      "geometry": {
        "type": "MultiPolygon",
        "coordinates": []
      }
    },
    {
      "type": "Feature",
      "properties": {
        "fid": 455,
        "Layer": "LINES",
        "PaperSpace": null,
        "SubClasses": null,
        "Linetype": null,
        "EntityHandle": null,
        "Text": null,
        "ogr_style": "PEN(c:#000000)",
        "font": null,
        "angle": null,
        "size": null,
        "size_u": null,
        "anchor": null,
        "color": "#000000",
        "underline": null,
        "plaintext": null,
        "fcolor": null,
        "flnum": null,
        "bold": null,
        "italic": null,
        "dx": null,
        "dx_u": null,
        "dy": null,
        "dy_u": null
      },
      "geometry": {
        "type": "MultiPolygon",
        "coordinates": []
      }
    },
    {
      "type": "Feature",
      "properties": {
        "fid": 456,
        "Layer": "LINES",
        "PaperSpace": null,
        "SubClasses": null,
        "Linetype": null,
        "EntityHandle": null,
        "Text": null,
        "ogr_style": "PEN(c:#000000)",
        "font": null,
        "angle": null,
        "size": null,
        "size_u": null,
        "anchor": null,
        "color": "#000000",
        "underline": null,
        "plaintext": null,
        "fcolor": null,
        "flnum": null,
        "bold": null,
        "italic": null,
        "dx": null,
        "dx_u": null,
        "dy": null,
        "dy_u": null
      },
      "geometry": {
        "type": "MultiPolygon",
        "coordinates": []
      }
    },
    {
      "type": "Feature",
      "properties": {
        "fid": 457,
        "Layer": "LINES",
        "PaperSpace": null,
        "SubClasses": null,
        "Linetype": null,
        "EntityHandle": null,
        "Text": null,
        "ogr_style": "PEN(c:#000000)",
        "font": null,
        "angle": null,
        "size": null,
        "size_u": null,
        "anchor": null,
        "color": "#000000",
        "underline": null,
        "plaintext": null,
        "fcolor": null,
        "flnum": null,
        "bold": null,
        "italic": null,
        "dx": null,
        "dx_u": null,
        "dy": null,
        "dy_u": null
      },
      "geometry": {
        "type": "MultiPolygon",
        "coordinates": []
      }
    },
    {
      "type": "Feature",
      "properties": {
        "fid": 458,
        "Layer": "LINES",
        "PaperSpace": null,
        "SubClasses": null,
        "Linetype": null,
        "EntityHandle": null,
        "Text": null,
        "ogr_style": "PEN(c:#000000)",
        "font": null,
        "angle": null,
        "size": null,
        "size_u": null,
        "anchor": null,
        "color": "#000000",
        "underline": null,
        "plaintext": null,
        "fcolor": null,
        "flnum": null,
        "bold": null,
        "italic": null,
        "dx": null,
        "dx_u": null,
        "dy": null,
        "dy_u": null
      },
      "geometry": {
        "type": "MultiPolygon",
        "coordinates": []
      }
    },
    {
      "type": "Feature",
      "properties": {
        "fid": 459,
        "Layer": "LINES",
        "PaperSpace": null,
        "SubClasses": null,
        "Linetype": null,
        "EntityHandle": null,
        "Text": null,
        "ogr_style": "PEN(c:#000000)",
        "font": null,
        "angle": null,
        "size": null,
        "size_u": null,
        "anchor": null,
        "color": "#000000",
        "underline": null,
        "plaintext": null,
        "fcolor": null,
        "flnum": null,
        "bold": null,
        "italic": null,
        "dx": null,
        "dx_u": null,
        "dy": null,
        "dy_u": null
      },
      "geometry": {
        "type": "MultiPolygon",
        "coordinates": []
      }
    },
    {
      "type": "Feature",
      "properties": {
        "fid": 460,
        "Layer": "LINES",
        "PaperSpace": null,
        "SubClasses": null,
        "Linetype": null,
        "EntityHandle": null,
        "Text": null,
        "ogr_style": "PEN(c:#000000)",
        "font": null,
        "angle": null,
        "size": null,
        "size_u": null,
        "anchor": null,
        "color": "#000000",
        "underline": null,
        "plaintext": null,
        "fcolor": null,
        "flnum": null,
        "bold": null,
        "italic": null,
        "dx": null,
        "dx_u": null,
        "dy": null,
        "dy_u": null
      },
      "geometry": {
        "type": "MultiPolygon",
        "coordinates": []
      }
    },
    {
      "type": "Feature",
      "properties": {
        "fid": 461,
        "Layer": "LINES",
        "PaperSpace": null,
        "SubClasses": null,
        "Linetype": null,
        "EntityHandle": null,
        "Text": null,
        "ogr_style": "PEN(c:#000000)",
        "font": null,
        "angle": null,
        "size": null,
        "size_u": null,
        "anchor": null,
        "color": "#000000",
        "underline": null,
        "plaintext": null,
        "fcolor": null,
        "flnum": null,
        "bold": null,
        "italic": null,
        "dx": null,
        "dx_u": null,
        "dy": null,
        "dy_u": null
      },
      "geometry": {
        "type": "MultiPolygon",
        "coordinates": []
      }
    },
    {
      "type": "Feature",
      "properties": {
        "fid": 462,
        "Layer": "LINES",
        "PaperSpace": null,
        "SubClasses": null,
        "Linetype": null,
        "EntityHandle": null,
        "Text": null,
        "ogr_style": "PEN(c:#000000)",
        "font": null,
        "angle": null,
        "size": null,
        "size_u": null,
        "anchor": null,
        "color": "#000000",
        "underline": null,
        "plaintext": null,
        "fcolor": null,
        "flnum": null,
        "bold": null,
        "italic": null,
        "dx": null,
        "dx_u": null,
        "dy": null,
        "dy_u": null
      },
      "geometry": {
        "type": "MultiPolygon",
        "coordinates": []
      }
    },
    {
      "type": "Feature",
      "properties": {
        "fid": 463,
        "Layer": "LINES",
        "PaperSpace": null,
        "SubClasses": null,
        "Linetype": null,
        "EntityHandle": null,
        "Text": null,
        "ogr_style": "PEN(c:#000000)",
        "font": null,
        "angle": null,
        "size": null,
        "size_u": null,
        "anchor": null,
        "color": "#000000",
        "underline": null,
        "plaintext": null,
        "fcolor": null,
        "flnum": null,
        "bold": null,
        "italic": null,
        "dx": null,
        "dx_u": null,
        "dy": null,
        "dy_u": null
      },
      "geometry": {
        "type": "MultiPolygon",
        "coordinates": []
      }
    },
    {
      "type": "Feature",
      "properties": {
        "fid": 464,
        "Layer": "LINES",
        "PaperSpace": null,
        "SubClasses": null,
        "Linetype": null,
        "EntityHandle": null,
        "Text": null,
        "ogr_style": "PEN(c:#000000)",
        "font": null,
        "angle": null,
        "size": null,
        "size_u": null,
        "anchor": null,
        "color": "#000000",
        "underline": null,
        "plaintext": null,
        "fcolor": null,
        "flnum": null,
        "bold": null,
        "italic": null,
        "dx": null,
        "dx_u": null,
        "dy": null,
        "dy_u": null
      },
      "geometry": {
        "type": "MultiPolygon",
        "coordinates": [
          [
            [
              [
                131.897713,
                43.115367
              ],
              [
                131.897747,
                43.115284
              ],
              [
                131.897936,
                43.115326
              ],
              [
                131.897904,
                43.115409
              ],
              [
                131.897713,
                43.115367
              ]
            ]
          ]
        ]
      }
    },
    {
      "type": "Feature",
      "properties": {
        "fid": 465,
        "Layer": "LINES",
        "PaperSpace": null,
        "SubClasses": null,
        "Linetype": null,
        "EntityHandle": null,
        "Text": null,
        "ogr_style": "PEN(c:#000000)",
        "font": null,
        "angle": null,
        "size": null,
        "size_u": null,
        "anchor": null,
        "color": "#000000",
        "underline": null,
        "plaintext": null,
        "fcolor": null,
        "flnum": null,
        "bold": null,
        "italic": null,
        "dx": null,
        "dx_u": null,
        "dy": null,
        "dy_u": null
      },
      "geometry": {
        "type": "MultiPolygon",
        "coordinates": [
          [
            [
              [
                131.899403,
                43.115654
              ],
              [
                131.899443,
                43.11556
              ],
              [
                131.899714,
                43.115623
              ],
              [
                131.899673,
                43.115717
              ],
              [
                131.899403,
                43.115654
              ]
            ]
          ]
        ]
      }
    },
    {
      "type": "Feature",
      "properties": {
        "fid": 466,
        "Layer": "LINES",
        "PaperSpace": null,
        "SubClasses": null,
        "Linetype": null,
        "EntityHandle": null,
        "Text": null,
        "ogr_style": "PEN(c:#000000)",
        "font": null,
        "angle": null,
        "size": null,
        "size_u": null,
        "anchor": null,
        "color": "#000000",
        "underline": null,
        "plaintext": null,
        "fcolor": null,
        "flnum": null,
        "bold": null,
        "italic": null,
        "dx": null,
        "dx_u": null,
        "dy": null,
        "dy_u": null
      },
      "geometry": {
        "type": "MultiPolygon",
        "coordinates": [
          [
            [
              [
                131.898555,
                43.115255
              ],
              [
                131.898454,
                43.115227
              ],
              [
                131.898456,
                43.115223
              ],
              [
                131.898413,
                43.115211
              ],
              [
                131.898411,
                43.115215
              ],
              [
                131.898269,
                43.115176
              ],
              [
                131.898211,
                43.1153
              ],
              [
                131.898299,
                43.115322
              ],
              [
                131.898292,
                43.115337
              ],
              [
                131.898344,
                43.11535
              ],
              [
                131.89834,
                43.115358
              ],
              [
                131.898397,
                43.115373
              ],
              [
                131.898402,
                43.115363
              ],
              [
                131.898443,
                43.115373
              ],
              [
                131.898449,
                43.115361
              ],
              [
                131.898488,
                43.115373
              ],
              [
                131.898497,
                43.115355
              ],
              [
                131.898505,
                43.115357
              ],
              [
                131.898555,
                43.115255
              ]
            ]
          ]
        ]
      }
    },
    {
      "type": "Feature",
      "properties": {
        "fid": 467,
        "Layer": "LINES",
        "PaperSpace": null,
        "SubClasses": null,
        "Linetype": null,
        "EntityHandle": null,
        "Text": null,
        "ogr_style": "PEN(c:#000000)",
        "font": null,
        "angle": null,
        "size": null,
        "size_u": null,
        "anchor": null,
        "color": "#000000",
        "underline": null,
        "plaintext": null,
        "fcolor": null,
        "flnum": null,
        "bold": null,
        "italic": null,
        "dx": null,
        "dx_u": null,
        "dy": null,
        "dy_u": null
      },
      "geometry": {
        "type": "MultiPolygon",
        "coordinates": [
          [
            [
              [
                131.897713,
                43.115367
              ],
              [
                131.897668,
                43.115358
              ],
              [
                131.897658,
                43.115381
              ],
              [
                131.897566,
                43.11536
              ],
              [
                131.897578,
                43.115331
              ],
              [
                131.897595,
                43.115335
              ],
              [
                131.897632,
                43.115259
              ],
              [
                131.897747,
                43.115284
              ],
              [
                131.897713,
                43.115367
              ]
            ]
          ]
        ]
      }
    },
    {
      "type": "Feature",
      "properties": {
        "fid": 468,
        "Layer": "LINES",
        "PaperSpace": null,
        "SubClasses": null,
        "Linetype": null,
        "EntityHandle": null,
        "Text": null,
        "ogr_style": "PEN(c:#000000)",
        "font": null,
        "angle": null,
        "size": null,
        "size_u": null,
        "anchor": null,
        "color": "#000000",
        "underline": null,
        "plaintext": null,
        "fcolor": null,
        "flnum": null,
        "bold": null,
        "italic": null,
        "dx": null,
        "dx_u": null,
        "dy": null,
        "dy_u": null
      },
      "geometry": {
        "type": "MultiPolygon",
        "coordinates": [
          [
            [
              [
                131.898997,
                43.1153
              ],
              [
                131.898959,
                43.115379
              ],
              [
                131.898964,
                43.115385
              ],
              [
                131.89901,
                43.115397
              ],
              [
                131.899008,
                43.1154
              ],
              [
                131.899108,
                43.115426
              ],
              [
                131.899105,
                43.115432
              ],
              [
                131.89911,
                43.115439
              ],
              [
                131.899198,
                43.115461
              ],
              [
                131.899208,
                43.115458
              ],
              [
                131.899211,
                43.115453
              ],
              [
                131.89931,
                43.115478
              ],
              [
                131.899312,
                43.115475
              ],
              [
                131.899358,
                43.115487
              ],
              [
                131.899367,
                43.115484
              ],
              [
                131.899405,
                43.115404
              ],
              [
                131.899401,
                43.115397
              ],
              [
                131.899351,
                43.115385
              ],
              [
                131.899353,
                43.115381
              ],
              [
                131.899262,
                43.115358
              ],
              [
                131.899265,
                43.115353
              ],
              [
                131.899149,
                43.115323
              ],
              [
                131.899147,
                43.115328
              ],
              [
                131.899056,
                43.115305
              ],
              [
                131.899054,
                43.115308
              ],
              [
                131.899006,
                43.115296
              ],
              [
                131.898997,
                43.1153
              ]
            ]
          ]
        ]
      }
    },
    {
      "type": "Feature",
      "properties": {
        "fid": 469,
        "Layer": "LINES",
        "PaperSpace": null,
        "SubClasses": null,
        "Linetype": null,
        "EntityHandle": null,
        "Text": null,
        "ogr_style": "PEN(c:#000000)",
        "font": null,
        "angle": null,
        "size": null,
        "size_u": null,
        "anchor": null,
        "color": "#000000",
        "underline": null,
        "plaintext": null,
        "fcolor": null,
        "flnum": null,
        "bold": null,
        "italic": null,
        "dx": null,
        "dx_u": null,
        "dy": null,
        "dy_u": null
      },
      "geometry": {
        "type": "MultiPolygon",
        "coordinates": [
          [
            [
              [
                131.897468,
                43.115106
              ],
              [
                131.897523,
                43.114966
              ],
              [
                131.897639,
                43.114991
              ],
              [
                131.897584,
                43.11513
              ],
              [
                131.897468,
                43.115106
              ]
            ]
          ]
        ]
      }
    },
    {
      "type": "Feature",
      "properties": {
        "fid": 470,
        "Layer": "LINES",
        "PaperSpace": null,
        "SubClasses": null,
        "Linetype": null,
        "EntityHandle": null,
        "Text": null,
        "ogr_style": "PEN(c:#000000)",
        "font": null,
        "angle": null,
        "size": null,
        "size_u": null,
        "anchor": null,
        "color": "#000000",
        "underline": null,
        "plaintext": null,
        "fcolor": null,
        "flnum": null,
        "bold": null,
        "italic": null,
        "dx": null,
        "dx_u": null,
        "dy": null,
        "dy_u": null
      },
      "geometry": {
        "type": "MultiPolygon",
        "coordinates": [
          [
            [
              [
                131.897458,
                43.115163
              ],
              [
                131.897416,
                43.115258
              ],
              [
                131.897515,
                43.115281
              ],
              [
                131.897556,
                43.115184
              ],
              [
                131.897458,
                43.115163
              ]
            ]
          ]
        ]
      }
    },
    {
      "type": "Feature",
      "properties": {
        "fid": 471,
        "Layer": "LINES",
        "PaperSpace": null,
        "SubClasses": null,
        "Linetype": null,
        "EntityHandle": null,
        "Text": null,
        "ogr_style": "PEN(c:#000000)",
        "font": null,
        "angle": null,
        "size": null,
        "size_u": null,
        "anchor": null,
        "color": "#000000",
        "underline": null,
        "plaintext": null,
        "fcolor": null,
        "flnum": null,
        "bold": null,
        "italic": null,
        "dx": null,
        "dx_u": null,
        "dy": null,
        "dy_u": null
      },
      "geometry": {
        "type": "MultiPolygon",
        "coordinates": [
          [
            [
              [
                131.898089,
                43.115064
              ],
              [
                131.898064,
                43.115145
              ],
              [
                131.898026,
                43.115137
              ],
              [
                131.898013,
                43.115171
              ],
              [
                131.897827,
                43.115132
              ],
              [
                131.897866,
                43.115021
              ],
              [
                131.898037,
                43.115054
              ],
              [
                131.898089,
                43.115064
              ]
            ]
          ]
        ]
      }
    },
    {
      "type": "Feature",
      "properties": {
        "fid": 472,
        "Layer": "LINES",
        "PaperSpace": null,
        "SubClasses": null,
        "Linetype": null,
        "EntityHandle": null,
        "Text": null,
        "ogr_style": "PEN(c:#000000)",
        "font": null,
        "angle": null,
        "size": null,
        "size_u": null,
        "anchor": null,
        "color": "#000000",
        "underline": null,
        "plaintext": null,
        "fcolor": null,
        "flnum": null,
        "bold": null,
        "italic": null,
        "dx": null,
        "dx_u": null,
        "dy": null,
        "dy_u": null
      },
      "geometry": {
        "type": "MultiPolygon",
        "coordinates": [
          [
            [
              [
                131.895895,
                43.116579
              ],
              [
                131.895911,
                43.11656
              ],
              [
                131.896044,
                43.116539
              ],
              [
                131.896071,
                43.11663
              ],
              [
                131.896076,
                43.116629
              ],
              [
                131.89609,
                43.116678
              ],
              [
                131.896049,
                43.116684
              ],
              [
                131.896038,
                43.116646
              ],
              [
                131.895921,
                43.116662
              ],
              [
                131.895895,
                43.116579
              ]
            ]
          ]
        ]
      }
    },
    {
      "type": "Feature",
      "properties": {
        "fid": 473,
        "Layer": "LINES",
        "PaperSpace": null,
        "SubClasses": null,
        "Linetype": null,
        "EntityHandle": null,
        "Text": null,
        "ogr_style": "PEN(c:#000000)",
        "font": null,
        "angle": null,
        "size": null,
        "size_u": null,
        "anchor": null,
        "color": "#000000",
        "underline": null,
        "plaintext": null,
        "fcolor": null,
        "flnum": null,
        "bold": null,
        "italic": null,
        "dx": null,
        "dx_u": null,
        "dy": null,
        "dy_u": null
      },
      "geometry": {
        "type": "MultiPolygon",
        "coordinates": [
          [
            [
              [
                131.918828,
                43.112185
              ],
              [
                131.918697,
                43.112185
              ],
              [
                131.918697,
                43.112155
              ],
              [
                131.918828,
                43.112157
              ],
              [
                131.918828,
                43.112185
              ]
            ]
          ]
        ]
      }
    },
    {
      "type": "Feature",
      "properties": {
        "fid": 474,
        "Layer": "LINES",
        "PaperSpace": null,
        "SubClasses": null,
        "Linetype": null,
        "EntityHandle": null,
        "Text": null,
        "ogr_style": "PEN(c:#000000)",
        "font": null,
        "angle": null,
        "size": null,
        "size_u": null,
        "anchor": null,
        "color": "#000000",
        "underline": null,
        "plaintext": null,
        "fcolor": null,
        "flnum": null,
        "bold": null,
        "italic": null,
        "dx": null,
        "dx_u": null,
        "dy": null,
        "dy_u": null
      },
      "geometry": {
        "type": "MultiPolygon",
        "coordinates": [
          [
            [
              [
                131.918828,
                43.112185
              ],
              [
                131.918844,
                43.112186
              ],
              [
                131.91885,
                43.112187
              ],
              [
                131.918857,
                43.11219
              ],
              [
                131.918861,
                43.112195
              ],
              [
                131.918864,
                43.112201
              ],
              [
                131.918866,
                43.112209
              ],
              [
                131.9189,
                43.112208
              ],
              [
                131.918899,
                43.112188
              ],
              [
                131.918887,
                43.112188
              ],
              [
                131.918883,
                43.11218
              ],
              [
                131.918879,
                43.112175
              ],
              [
                131.918872,
                43.11217
              ],
              [
                131.918866,
                43.112168
              ],
              [
                131.918861,
                43.112165
              ],
              [
                131.91886,
                43.112157
              ],
              [
                131.918828,
                43.112157
              ],
              [
                131.918828,
                43.112185
              ]
            ]
          ]
        ]
      }
    },
    {
      "type": "Feature",
      "properties": {
        "fid": 475,
        "Layer": "LINES",
        "PaperSpace": null,
        "SubClasses": null,
        "Linetype": null,
        "EntityHandle": null,
        "Text": null,
        "ogr_style": "PEN(c:#000000)",
        "font": null,
        "angle": null,
        "size": null,
        "size_u": null,
        "anchor": null,
        "color": "#000000",
        "underline": null,
        "plaintext": null,
        "fcolor": null,
        "flnum": null,
        "bold": null,
        "italic": null,
        "dx": null,
        "dx_u": null,
        "dy": null,
        "dy_u": null
      },
      "geometry": {
        "type": "MultiPolygon",
        "coordinates": [
          [
            [
              [
                131.918628,
                43.112208
              ],
              [
                131.918628,
                43.112189
              ],
              [
                131.918642,
                43.112189
              ],
              [
                131.918644,
                43.112182
              ],
              [
                131.918649,
                43.112177
              ],
              [
                131.918658,
                43.112171
              ],
              [
                131.918665,
                43.112167
              ],
              [
                131.918666,
                43.112154
              ],
              [
                131.918697,
                43.112155
              ],
              [
                131.918697,
                43.112185
              ],
              [
                131.918686,
                43.112187
              ],
              [
                131.918678,
                43.112191
              ],
              [
                131.918672,
                43.112195
              ],
              [
                131.918667,
                43.112202
              ],
              [
                131.918661,
                43.112209
              ],
              [
                131.918628,
                43.112208
              ]
            ]
          ]
        ]
      }
    },
    {
      "type": "Feature",
      "properties": {
        "fid": 476,
        "Layer": "LINES",
        "PaperSpace": null,
        "SubClasses": null,
        "Linetype": null,
        "EntityHandle": null,
        "Text": null,
        "ogr_style": "PEN(c:#000000)",
        "font": null,
        "angle": null,
        "size": null,
        "size_u": null,
        "anchor": null,
        "color": "#000000",
        "underline": null,
        "plaintext": null,
        "fcolor": null,
        "flnum": null,
        "bold": null,
        "italic": null,
        "dx": null,
        "dx_u": null,
        "dy": null,
        "dy_u": null
      },
      "geometry": {
        "type": "MultiPolygon",
        "coordinates": [
          [
            [
              [
                131.919824,
                43.112225
              ],
              [
                131.920166,
                43.112222
              ],
              [
                131.920166,
                43.112162
              ],
              [
                131.920165,
                43.112106
              ],
              [
                131.920066,
                43.112106
              ],
              [
                131.920067,
                43.112077
              ],
              [
                131.919917,
                43.112077
              ],
              [
                131.919916,
                43.112107
              ],
              [
                131.919822,
                43.112108
              ],
              [
                131.919824,
                43.112225
              ]
            ]
          ]
        ]
      }
    },
    {
      "type": "Feature",
      "properties": {
        "fid": 477,
        "Layer": "LINES",
        "PaperSpace": null,
        "SubClasses": null,
        "Linetype": null,
        "EntityHandle": null,
        "Text": null,
        "ogr_style": "PEN(c:#000000)",
        "font": null,
        "angle": null,
        "size": null,
        "size_u": null,
        "anchor": null,
        "color": "#000000",
        "underline": null,
        "plaintext": null,
        "fcolor": null,
        "flnum": null,
        "bold": null,
        "italic": null,
        "dx": null,
        "dx_u": null,
        "dy": null,
        "dy_u": null
      },
      "geometry": {
        "type": "MultiPolygon",
        "coordinates": [
          [
            [
              [
                131.885831,
                43.119904
              ],
              [
                131.885714,
                43.119924
              ],
              [
                131.88569,
                43.119846
              ],
              [
                131.885807,
                43.119827
              ],
              [
                131.885831,
                43.119904
              ]
            ]
          ]
        ]
      }
    },
    {
      "type": "Feature",
      "properties": {
        "fid": 478,
        "Layer": "LINES",
        "PaperSpace": null,
        "SubClasses": null,
        "Linetype": null,
        "EntityHandle": null,
        "Text": null,
        "ogr_style": "PEN(c:#000000)",
        "font": null,
        "angle": null,
        "size": null,
        "size_u": null,
        "anchor": null,
        "color": "#000000",
        "underline": null,
        "plaintext": null,
        "fcolor": null,
        "flnum": null,
        "bold": null,
        "italic": null,
        "dx": null,
        "dx_u": null,
        "dy": null,
        "dy_u": null
      },
      "geometry": {
        "type": "MultiPolygon",
        "coordinates": [
          [
            [
              [
                131.885875,
                43.119901
              ],
              [
                131.88587,
                43.119883
              ],
              [
                131.885827,
                43.119892
              ],
              [
                131.885816,
                43.119856
              ],
              [
                131.885865,
                43.119845
              ],
              [
                131.885881,
                43.119766
              ],
              [
                131.886099,
                43.119798
              ],
              [
                131.886082,
                43.119864
              ],
              [
                131.885875,
                43.119901
              ]
            ]
          ]
        ]
      }
    },
    {
      "type": "Feature",
      "properties": {
        "fid": 479,
        "Layer": "LINES",
        "PaperSpace": null,
        "SubClasses": null,
        "Linetype": null,
        "EntityHandle": null,
        "Text": null,
        "ogr_style": "PEN(c:#000000)",
        "font": null,
        "angle": null,
        "size": null,
        "size_u": null,
        "anchor": null,
        "color": "#000000",
        "underline": null,
        "plaintext": null,
        "fcolor": null,
        "flnum": null,
        "bold": null,
        "italic": null,
        "dx": null,
        "dx_u": null,
        "dy": null,
        "dy_u": null
      },
      "geometry": {
        "type": "MultiPolygon",
        "coordinates": [
          [
            [
              [
                131.885554,
                43.119844
              ],
              [
                131.885365,
                43.119883
              ],
              [
                131.885404,
                43.119986
              ],
              [
                131.885593,
                43.119948
              ],
              [
                131.885554,
                43.119844
              ]
            ]
          ]
        ]
      }
    },
    {
      "type": "Feature",
      "properties": {
        "fid": 480,
        "Layer": "LINES",
        "PaperSpace": null,
        "SubClasses": null,
        "Linetype": null,
        "EntityHandle": null,
        "Text": null,
        "ogr_style": "PEN(c:#000000)",
        "font": null,
        "angle": null,
        "size": null,
        "size_u": null,
        "anchor": null,
        "color": "#000000",
        "underline": null,
        "plaintext": null,
        "fcolor": null,
        "flnum": null,
        "bold": null,
        "italic": null,
        "dx": null,
        "dx_u": null,
        "dy": null,
        "dy_u": null
      },
      "geometry": {
        "type": "MultiPolygon",
        "coordinates": [
          [
            [
              [
                131.881563,
                43.119215
              ],
              [
                131.881526,
                43.11913
              ],
              [
                131.881786,
                43.119074
              ],
              [
                131.88183,
                43.119186
              ],
              [
                131.881637,
                43.119229
              ],
              [
                131.881573,
                43.119242
              ],
              [
                131.881563,
                43.119215
              ]
            ]
          ]
        ]
      }
    },
    {
      "type": "Feature",
      "properties": {
        "fid": 481,
        "Layer": "LINES",
        "PaperSpace": null,
        "SubClasses": null,
        "Linetype": null,
        "EntityHandle": null,
        "Text": null,
        "ogr_style": "PEN(c:#000000)",
        "font": null,
        "angle": null,
        "size": null,
        "size_u": null,
        "anchor": null,
        "color": "#000000",
        "underline": null,
        "plaintext": null,
        "fcolor": null,
        "flnum": null,
        "bold": null,
        "italic": null,
        "dx": null,
        "dx_u": null,
        "dy": null,
        "dy_u": null
      },
      "geometry": {
        "type": "MultiPolygon",
        "coordinates": [
          [
            [
              [
                131.881726,
                43.119371
              ],
              [
                131.881561,
                43.119401
              ],
              [
                131.881513,
                43.119273
              ],
              [
                131.881566,
                43.119254
              ],
              [
                131.881619,
                43.119301
              ],
              [
                131.881696,
                43.119306
              ],
              [
                131.881724,
                43.119366
              ],
              [
                131.881726,
                43.119371
              ]
            ]
          ]
        ]
      }
    },
    {
      "type": "Feature",
      "properties": {
        "fid": 482,
        "Layer": "LINES",
        "PaperSpace": null,
        "SubClasses": null,
        "Linetype": null,
        "EntityHandle": null,
        "Text": null,
        "ogr_style": "PEN(c:#000000)",
        "font": null,
        "angle": null,
        "size": null,
        "size_u": null,
        "anchor": null,
        "color": "#000000",
        "underline": null,
        "plaintext": null,
        "fcolor": null,
        "flnum": null,
        "bold": null,
        "italic": null,
        "dx": null,
        "dx_u": null,
        "dy": null,
        "dy_u": null
      },
      "geometry": {
        "type": "MultiPolygon",
        "coordinates": [
          [
            [
              [
                131.881361,
                43.119302
              ],
              [
                131.881407,
                43.119416
              ],
              [
                131.881512,
                43.119393
              ],
              [
                131.881466,
                43.119281
              ],
              [
                131.881361,
                43.119302
              ]
            ]
          ]
        ]
      }
    },
    {
      "type": "Feature",
      "properties": {
        "fid": 483,
        "Layer": "LINES",
        "PaperSpace": null,
        "SubClasses": null,
        "Linetype": null,
        "EntityHandle": null,
        "Text": null,
        "ogr_style": "PEN(c:#000000)",
        "font": null,
        "angle": null,
        "size": null,
        "size_u": null,
        "anchor": null,
        "color": "#000000",
        "underline": null,
        "plaintext": null,
        "fcolor": null,
        "flnum": null,
        "bold": null,
        "italic": null,
        "dx": null,
        "dx_u": null,
        "dy": null,
        "dy_u": null
      },
      "geometry": {
        "type": "MultiPolygon",
        "coordinates": [
          [
            [
              [
                131.881658,
                43.119425
              ],
              [
                131.881407,
                43.119488
              ],
              [
                131.881453,
                43.119612
              ],
              [
                131.88158,
                43.119582
              ],
              [
                131.881579,
                43.119577
              ],
              [
                131.881603,
                43.119571
              ],
              [
                131.881612,
                43.119589
              ],
              [
                131.881719,
                43.119562
              ],
              [
                131.881658,
                43.119425
              ]
            ]
          ]
        ]
      }
    },
    {
      "type": "Feature",
      "properties": {
        "fid": 484,
        "Layer": "LINES",
        "PaperSpace": null,
        "SubClasses": null,
        "Linetype": null,
        "EntityHandle": null,
        "Text": null,
        "ogr_style": "PEN(c:#000000)",
        "font": null,
        "angle": null,
        "size": null,
        "size_u": null,
        "anchor": null,
        "color": "#000000",
        "underline": null,
        "plaintext": null,
        "fcolor": null,
        "flnum": null,
        "bold": null,
        "italic": null,
        "dx": null,
        "dx_u": null,
        "dy": null,
        "dy_u": null
      },
      "geometry": {
        "type": "MultiPolygon",
        "coordinates": [
          [
            [
              [
                131.890114,
                43.119352
              ],
              [
                131.890144,
                43.119432
              ],
              [
                131.890123,
                43.119436
              ],
              [
                131.89014,
                43.119477
              ],
              [
                131.89024,
                43.119457
              ],
              [
                131.890234,
                43.119442
              ],
              [
                131.890359,
                43.119415
              ],
              [
                131.89032,
                43.119312
              ],
              [
                131.890114,
                43.119352
              ]
            ]
          ]
        ]
      }
    },
    {
      "type": "Feature",
      "properties": {
        "fid": 485,
        "Layer": "LINES",
        "PaperSpace": null,
        "SubClasses": null,
        "Linetype": null,
        "EntityHandle": null,
        "Text": null,
        "ogr_style": "PEN(c:#000000)",
        "font": null,
        "angle": null,
        "size": null,
        "size_u": null,
        "anchor": null,
        "color": "#000000",
        "underline": null,
        "plaintext": null,
        "fcolor": null,
        "flnum": null,
        "bold": null,
        "italic": null,
        "dx": null,
        "dx_u": null,
        "dy": null,
        "dy_u": null
      },
      "geometry": {
        "type": "MultiPolygon",
        "coordinates": [
          [
            [
              [
                131.888976,
                43.119191
              ],
              [
                131.889001,
                43.11926
              ],
              [
                131.888954,
                43.119267
              ],
              [
                131.888951,
                43.119262
              ],
              [
                131.888909,
                43.119268
              ],
              [
                131.888914,
                43.119282
              ],
              [
                131.888844,
                43.119294
              ],
              [
                131.888839,
                43.119281
              ],
              [
                131.888803,
                43.119287
              ],
              [
                131.888804,
                43.119294
              ],
              [
                131.888762,
                43.119301
              ],
              [
                131.888736,
                43.119235
              ],
              [
                131.888631,
                43.119253
              ],
              [
                131.888597,
                43.11916
              ],
              [
                131.888923,
                43.119105
              ],
              [
                131.88907,
                43.119079
              ],
              [
                131.889143,
                43.119066
              ],
              [
                131.889159,
                43.119067
              ],
              [
                131.889171,
                43.119072
              ],
              [
                131.889181,
                43.119078
              ],
              [
                131.889187,
                43.119084
              ],
              [
                131.88919,
                43.119094
              ],
              [
                131.88919,
                43.119102
              ],
              [
                131.889189,
                43.119107
              ],
              [
                131.889186,
                43.119112
              ],
              [
                131.889182,
                43.119117
              ],
              [
                131.889174,
                43.119123
              ],
              [
                131.889167,
                43.119126
              ],
              [
                131.889143,
                43.11913
              ],
              [
                131.889067,
                43.119145
              ],
              [
                131.889077,
                43.11917
              ],
              [
                131.888976,
                43.119191
              ]
            ]
          ]
        ]
      }
    },
    {
      "type": "Feature",
      "properties": {
        "fid": 486,
        "Layer": "LINES",
        "PaperSpace": null,
        "SubClasses": null,
        "Linetype": null,
        "EntityHandle": null,
        "Text": null,
        "ogr_style": "PEN(c:#000000)",
        "font": null,
        "angle": null,
        "size": null,
        "size_u": null,
        "anchor": null,
        "color": "#000000",
        "underline": null,
        "plaintext": null,
        "fcolor": null,
        "flnum": null,
        "bold": null,
        "italic": null,
        "dx": null,
        "dx_u": null,
        "dy": null,
        "dy_u": null
      },
      "geometry": {
        "type": "MultiPolygon",
        "coordinates": [
          [
            [
              [
                131.888324,
                43.120148
              ],
              [
                131.888275,
                43.120002
              ],
              [
                131.888354,
                43.119989
              ],
              [
                131.888364,
                43.120021
              ],
              [
                131.888542,
                43.119989
              ],
              [
                131.88856,
                43.12004
              ],
              [
                131.888566,
                43.120057
              ],
              [
                131.888565,
                43.120059
              ],
              [
                131.88858,
                43.120102
              ],
              [
                131.888324,
                43.120148
              ]
            ]
          ]
        ]
      }
    },
    {
      "type": "Feature",
      "properties": {
        "fid": 487,
        "Layer": "LINES",
        "PaperSpace": null,
        "SubClasses": null,
        "Linetype": null,
        "EntityHandle": null,
        "Text": null,
        "ogr_style": "PEN(c:#000000)",
        "font": null,
        "angle": null,
        "size": null,
        "size_u": null,
        "anchor": null,
        "color": "#000000",
        "underline": null,
        "plaintext": null,
        "fcolor": null,
        "flnum": null,
        "bold": null,
        "italic": null,
        "dx": null,
        "dx_u": null,
        "dy": null,
        "dy_u": null
      },
      "geometry": {
        "type": "MultiPolygon",
        "coordinates": [
          [
            [
              [
                131.888087,
                43.119772
              ],
              [
                131.888254,
                43.119742
              ],
              [
                131.888256,
                43.119749
              ],
              [
                131.88834,
                43.119734
              ],
              [
                131.888397,
                43.119723
              ],
              [
                131.888436,
                43.119842
              ],
              [
                131.888317,
                43.119863
              ],
              [
                131.888341,
                43.119934
              ],
              [
                131.888205,
                43.119958
              ],
              [
                131.888175,
                43.119866
              ],
              [
                131.88812,
                43.119876
              ],
              [
                131.888087,
                43.119772
              ]
            ]
          ]
        ]
      }
    },
    {
      "type": "Feature",
      "properties": {
        "fid": 488,
        "Layer": "LINES",
        "PaperSpace": null,
        "SubClasses": null,
        "Linetype": null,
        "EntityHandle": null,
        "Text": null,
        "ogr_style": "PEN(c:#000000)",
        "font": null,
        "angle": null,
        "size": null,
        "size_u": null,
        "anchor": null,
        "color": "#000000",
        "underline": null,
        "plaintext": null,
        "fcolor": null,
        "flnum": null,
        "bold": null,
        "italic": null,
        "dx": null,
        "dx_u": null,
        "dy": null,
        "dy_u": null
      },
      "geometry": {
        "type": "MultiPolygon",
        "coordinates": [
          [
            [
              [
                131.891139,
                43.120699
              ],
              [
                131.891103,
                43.120585
              ],
              [
                131.890917,
                43.120617
              ],
              [
                131.890953,
                43.120731
              ],
              [
                131.891139,
                43.120699
              ]
            ]
          ]
        ]
      }
    },
    {
      "type": "Feature",
      "properties": {
        "fid": 489,
        "Layer": "LINES",
        "PaperSpace": null,
        "SubClasses": null,
        "Linetype": null,
        "EntityHandle": null,
        "Text": null,
        "ogr_style": "PEN(c:#000000)",
        "font": null,
        "angle": null,
        "size": null,
        "size_u": null,
        "anchor": null,
        "color": "#000000",
        "underline": null,
        "plaintext": null,
        "fcolor": null,
        "flnum": null,
        "bold": null,
        "italic": null,
        "dx": null,
        "dx_u": null,
        "dy": null,
        "dy_u": null
      },
      "geometry": {
        "type": "MultiPolygon",
        "coordinates": [
          [
            [
              [
                131.892982,
                43.121957
              ],
              [
                131.893078,
                43.121939
              ],
              [
                131.893086,
                43.121963
              ],
              [
                131.893202,
                43.121942
              ],
              [
                131.893196,
                43.121924
              ],
              [
                131.893294,
                43.12191
              ],
              [
                131.89333,
                43.122038
              ],
              [
                131.893206,
                43.122057
              ],
              [
                131.893212,
                43.122079
              ],
              [
                131.893147,
                43.122088
              ],
              [
                131.893141,
                43.122066
              ],
              [
                131.893018,
                43.122085
              ],
              [
                131.892982,
                43.121957
              ]
            ]
          ]
        ]
      }
    },
    {
      "type": "Feature",
      "properties": {
        "fid": 490,
        "Layer": "LINES",
        "PaperSpace": null,
        "SubClasses": null,
        "Linetype": null,
        "EntityHandle": null,
        "Text": null,
        "ogr_style": "PEN(c:#000000)",
        "font": null,
        "angle": null,
        "size": null,
        "size_u": null,
        "anchor": null,
        "color": "#000000",
        "underline": null,
        "plaintext": null,
        "fcolor": null,
        "flnum": null,
        "bold": null,
        "italic": null,
        "dx": null,
        "dx_u": null,
        "dy": null,
        "dy_u": null
      },
      "geometry": {
        "type": "MultiPolygon",
        "coordinates": [
          [
            [
              [
                131.892289,
                43.121985
              ],
              [
                131.892702,
                43.12191
              ],
              [
                131.892701,
                43.121907
              ],
              [
                131.892669,
                43.121812
              ],
              [
                131.892575,
                43.121829
              ],
              [
                131.892585,
                43.12186
              ],
              [
                131.89255,
                43.121865
              ],
              [
                131.892555,
                43.121882
              ],
              [
                131.89244,
                43.121902
              ],
              [
                131.892427,
                43.12186
              ],
              [
                131.892455,
                43.121855
              ],
              [
                131.892437,
                43.121797
              ],
              [
                131.892369,
                43.12181
              ],
              [
                131.892366,
                43.121802
              ],
              [
                131.892361,
                43.1218
              ],
              [
                131.892315,
                43.121807
              ],
              [
                131.892312,
                43.121811
              ],
              [
                131.892315,
                43.121819
              ],
              [
                131.892325,
                43.121849
              ],
              [
                131.892257,
                43.121861
              ],
              [
                131.892253,
                43.121862
              ],
              [
                131.892274,
                43.121927
              ],
              [
                131.89227,
                43.121928
              ],
              [
                131.892289,
                43.121985
              ]
            ]
          ]
        ]
      }
    },
    {
      "type": "Feature",
      "properties": {
        "fid": 491,
        "Layer": "LINES",
        "PaperSpace": null,
        "SubClasses": null,
        "Linetype": null,
        "EntityHandle": null,
        "Text": null,
        "ogr_style": "PEN(c:#000000)",
        "font": null,
        "angle": null,
        "size": null,
        "size_u": null,
        "anchor": null,
        "color": "#000000",
        "underline": null,
        "plaintext": null,
        "fcolor": null,
        "flnum": null,
        "bold": null,
        "italic": null,
        "dx": null,
        "dx_u": null,
        "dy": null,
        "dy_u": null
      },
      "geometry": {
        "type": "MultiPolygon",
        "coordinates": [
          [
            [
              [
                131.892364,
                43.122058
              ],
              [
                131.892363,
                43.122053
              ],
              [
                131.892421,
                43.122044
              ],
              [
                131.892419,
                43.122038
              ],
              [
                131.892508,
                43.122023
              ],
              [
                131.892512,
                43.122034
              ],
              [
                131.892573,
                43.122223
              ],
              [
                131.892428,
                43.12225
              ],
              [
                131.892364,
                43.122058
              ]
            ]
          ]
        ]
      }
    },
    {
      "type": "Feature",
      "properties": {
        "fid": 492,
        "Layer": "LINES",
        "PaperSpace": null,
        "SubClasses": null,
        "Linetype": null,
        "EntityHandle": null,
        "Text": null,
        "ogr_style": "PEN(c:#000000)",
        "font": null,
        "angle": null,
        "size": null,
        "size_u": null,
        "anchor": null,
        "color": "#000000",
        "underline": null,
        "plaintext": null,
        "fcolor": null,
        "flnum": null,
        "bold": null,
        "italic": null,
        "dx": null,
        "dx_u": null,
        "dy": null,
        "dy_u": null
      },
      "geometry": {
        "type": "MultiPolygon",
        "coordinates": [
          [
            [
              [
                131.902183,
                43.116676
              ],
              [
                131.902161,
                43.116732
              ],
              [
                131.902336,
                43.116769
              ],
              [
                131.902358,
                43.116713
              ],
              [
                131.902183,
                43.116676
              ]
            ]
          ]
        ]
      }
    },
    {
      "type": "Feature",
      "properties": {
        "fid": 493,
        "Layer": "LINES",
        "PaperSpace": null,
        "SubClasses": null,
        "Linetype": null,
        "EntityHandle": null,
        "Text": null,
        "ogr_style": "PEN(c:#000000)",
        "font": null,
        "angle": null,
        "size": null,
        "size_u": null,
        "anchor": null,
        "color": "#000000",
        "underline": null,
        "plaintext": null,
        "fcolor": null,
        "flnum": null,
        "bold": null,
        "italic": null,
        "dx": null,
        "dx_u": null,
        "dy": null,
        "dy_u": null
      },
      "geometry": {
        "type": "MultiPolygon",
        "coordinates": [
          [
            [
              [
                131.90073,
                43.114516
              ],
              [
                131.900843,
                43.114542
              ],
              [
                131.900834,
                43.114562
              ],
              [
                131.900897,
                43.114576
              ],
              [
                131.900906,
                43.114555
              ],
              [
                131.90103,
                43.114582
              ],
              [
                131.901063,
                43.114501
              ],
              [
                131.901114,
                43.114513
              ],
              [
                131.901143,
                43.114443
              ],
              [
                131.901013,
                43.114414
              ],
              [
                131.901001,
                43.114443
              ],
              [
                131.900878,
                43.114416
              ],
              [
                131.900891,
                43.114386
              ],
              [
                131.900741,
                43.114353
              ],
              [
                131.900713,
                43.114421
              ],
              [
                131.900765,
                43.114432
              ],
              [
                131.90073,
                43.114516
              ]
            ]
          ]
        ]
      }
    },
    {
      "type": "Feature",
      "properties": {
        "fid": 494,
        "Layer": "LINES",
        "PaperSpace": null,
        "SubClasses": null,
        "Linetype": null,
        "EntityHandle": null,
        "Text": null,
        "ogr_style": "PEN(c:#000000)",
        "font": null,
        "angle": null,
        "size": null,
        "size_u": null,
        "anchor": null,
        "color": "#000000",
        "underline": null,
        "plaintext": null,
        "fcolor": null,
        "flnum": null,
        "bold": null,
        "italic": null,
        "dx": null,
        "dx_u": null,
        "dy": null,
        "dy_u": null
      },
      "geometry": {
        "type": "MultiPolygon",
        "coordinates": [
          [
            [
              [
                131.8997,
                43.115764
              ],
              [
                131.899873,
                43.115806
              ],
              [
                131.899953,
                43.115627
              ],
              [
                131.899804,
                43.115591
              ],
              [
                131.899755,
                43.115701
              ],
              [
                131.899731,
                43.115695
              ],
              [
                131.8997,
                43.115764
              ]
            ]
          ]
        ]
      }
    },
    {
      "type": "Feature",
      "properties": {
        "fid": 495,
        "Layer": "LINES",
        "PaperSpace": null,
        "SubClasses": null,
        "Linetype": null,
        "EntityHandle": null,
        "Text": null,
        "ogr_style": "PEN(c:#000000)",
        "font": null,
        "angle": null,
        "size": null,
        "size_u": null,
        "anchor": null,
        "color": "#000000",
        "underline": null,
        "plaintext": null,
        "fcolor": null,
        "flnum": null,
        "bold": null,
        "italic": null,
        "dx": null,
        "dx_u": null,
        "dy": null,
        "dy_u": null
      },
      "geometry": {
        "type": "MultiPolygon",
        "coordinates": [
          [
            [
              [
                131.910897,
                43.11426
              ],
              [
                131.911002,
                43.114215
              ],
              [
                131.910963,
                43.114162
              ],
              [
                131.911085,
                43.114111
              ],
              [
                131.910995,
                43.11398
              ],
              [
                131.910792,
                43.114063
              ],
              [
                131.910879,
                43.114186
              ],
              [
                131.910852,
                43.114197
              ],
              [
                131.910897,
                43.11426
              ]
            ]
          ]
        ]
      }
    },
    {
      "type": "Feature",
      "properties": {
        "fid": 496,
        "Layer": "LINES",
        "PaperSpace": null,
        "SubClasses": null,
        "Linetype": null,
        "EntityHandle": null,
        "Text": null,
        "ogr_style": "PEN(c:#000000)",
        "font": null,
        "angle": null,
        "size": null,
        "size_u": null,
        "anchor": null,
        "color": "#000000",
        "underline": null,
        "plaintext": null,
        "fcolor": null,
        "flnum": null,
        "bold": null,
        "italic": null,
        "dx": null,
        "dx_u": null,
        "dy": null,
        "dy_u": null
      },
      "geometry": {
        "type": "MultiPolygon",
        "coordinates": [
          [
            [
              [
                131.910173,
                43.11416
              ],
              [
                131.910275,
                43.114104
              ],
              [
                131.91026,
                43.114089
              ],
              [
                131.910286,
                43.114073
              ],
              [
                131.910254,
                43.114045
              ],
              [
                131.910277,
                43.114031
              ],
              [
                131.910184,
                43.113935
              ],
              [
                131.910235,
                43.113902
              ],
              [
                131.910194,
                43.11386
              ],
              [
                131.910218,
                43.113847
              ],
              [
                131.91016,
                43.113792
              ],
              [
                131.910136,
                43.113805
              ],
              [
                131.910118,
                43.113788
              ],
              [
                131.910017,
                43.113845
              ],
              [
                131.910061,
                43.113886
              ],
              [
                131.91006,
                43.113925
              ],
              [
                131.909981,
                43.113968
              ],
              [
                131.909923,
                43.113964
              ],
              [
                131.909877,
                43.113923
              ],
              [
                131.909776,
                43.113978
              ],
              [
                131.90979,
                43.113991
              ],
              [
                131.90977,
                43.114002
              ],
              [
                131.90983,
                43.114058
              ],
              [
                131.909851,
                43.114046
              ],
              [
                131.909903,
                43.114091
              ],
              [
                131.909951,
                43.114061
              ],
              [
                131.910055,
                43.114149
              ],
              [
                131.910082,
                43.114133
              ],
              [
                131.910115,
                43.114161
              ],
              [
                131.91015,
                43.114138
              ],
              [
                131.910173,
                43.11416
              ]
            ]
          ]
        ]
      }
    },
    {
      "type": "Feature",
      "properties": {
        "fid": 497,
        "Layer": "LINES",
        "PaperSpace": null,
        "SubClasses": null,
        "Linetype": null,
        "EntityHandle": null,
        "Text": null,
        "ogr_style": "PEN(c:#000000)",
        "font": null,
        "angle": null,
        "size": null,
        "size_u": null,
        "anchor": null,
        "color": "#000000",
        "underline": null,
        "plaintext": null,
        "fcolor": null,
        "flnum": null,
        "bold": null,
        "italic": null,
        "dx": null,
        "dx_u": null,
        "dy": null,
        "dy_u": null
      },
      "geometry": {
        "type": "MultiPolygon",
        "coordinates": [
          [
            [
              [
                131.91302,
                43.113606
              ],
              [
                131.912996,
                43.113545
              ],
              [
                131.912976,
                43.113494
              ],
              [
                131.913415,
                43.113385
              ],
              [
                131.913428,
                43.113415
              ],
              [
                131.91357,
                43.113382
              ],
              [
                131.913654,
                43.113579
              ],
              [
                131.913513,
                43.113614
              ],
              [
                131.913459,
                43.113497
              ],
              [
                131.91302,
                43.113606
              ]
            ]
          ]
        ]
      }
    },
    {
      "type": "Feature",
      "properties": {
        "fid": 498,
        "Layer": "LINES",
        "PaperSpace": null,
        "SubClasses": null,
        "Linetype": null,
        "EntityHandle": null,
        "Text": null,
        "ogr_style": "PEN(c:#000000)",
        "font": null,
        "angle": null,
        "size": null,
        "size_u": null,
        "anchor": null,
        "color": "#000000",
        "underline": null,
        "plaintext": null,
        "fcolor": null,
        "flnum": null,
        "bold": null,
        "italic": null,
        "dx": null,
        "dx_u": null,
        "dy": null,
        "dy_u": null
      },
      "geometry": {
        "type": "MultiPolygon",
        "coordinates": [
          [
            [
              [
                131.931587,
                43.11294
              ],
              [
                131.931654,
                43.112944
              ],
              [
                131.931654,
                43.112964
              ],
              [
                131.931727,
                43.112966
              ],
              [
                131.931725,
                43.112975
              ],
              [
                131.931793,
                43.11298
              ],
              [
                131.931794,
                43.11297
              ],
              [
                131.931994,
                43.112983
              ],
              [
                131.931993,
                43.112997
              ],
              [
                131.932052,
                43.113
              ],
              [
                131.932054,
                43.112986
              ],
              [
                131.932259,
                43.113004
              ],
              [
                131.932257,
                43.113018
              ],
              [
                131.932313,
                43.113022
              ],
              [
                131.932316,
                43.113006
              ],
              [
                131.932463,
                43.113018
              ],
              [
                131.932495,
                43.113044
              ],
              [
                131.932495,
                43.11309
              ],
              [
                131.932629,
                43.113098
              ],
              [
                131.932635,
                43.113052
              ],
              [
                131.932668,
                43.113052
              ],
              [
                131.932668,
                43.112995
              ],
              [
                131.932607,
                43.112992
              ],
              [
                131.932586,
                43.112981
              ],
              [
                131.932575,
                43.112964
              ],
              [
                131.932579,
                43.1129
              ],
              [
                131.932491,
                43.112897
              ],
              [
                131.93249,
                43.11291
              ],
              [
                131.932348,
                43.112901
              ],
              [
                131.932349,
                43.112885
              ],
              [
                131.932232,
                43.112877
              ],
              [
                131.93223,
                43.112894
              ],
              [
                131.932079,
                43.112885
              ],
              [
                131.932079,
                43.11287
              ],
              [
                131.931967,
                43.112863
              ],
              [
                131.931965,
                43.112877
              ],
              [
                131.931808,
                43.11287
              ],
              [
                131.93181,
                43.112849
              ],
              [
                131.931712,
                43.112844
              ],
              [
                131.93171,
                43.112861
              ],
              [
                131.931595,
                43.112853
              ],
              [
                131.931587,
                43.11294
              ]
            ]
          ]
        ]
      }
    },
    {
      "type": "Feature",
      "properties": {
        "fid": 499,
        "Layer": "LINES",
        "PaperSpace": null,
        "SubClasses": null,
        "Linetype": null,
        "EntityHandle": null,
        "Text": null,
        "ogr_style": "PEN(c:#000000)",
        "font": null,
        "angle": null,
        "size": null,
        "size_u": null,
        "anchor": null,
        "color": "#000000",
        "underline": null,
        "plaintext": null,
        "fcolor": null,
        "flnum": null,
        "bold": null,
        "italic": null,
        "dx": null,
        "dx_u": null,
        "dy": null,
        "dy_u": null
      },
      "geometry": {
        "type": "MultiPolygon",
        "coordinates": [
          [
            [
              [
                131.927829,
                43.110617
              ],
              [
                131.928603,
                43.110697
              ],
              [
                131.928626,
                43.11058
              ],
              [
                131.927849,
                43.110498
              ],
              [
                131.927829,
                43.110617
              ]
            ]
          ]
        ]
      }
    },
    {
      "type": "Feature",
      "properties": {
        "fid": 500,
        "Layer": "LINES",
        "PaperSpace": null,
        "SubClasses": null,
        "Linetype": null,
        "EntityHandle": null,
        "Text": null,
        "ogr_style": "PEN(c:#000000)",
        "font": null,
        "angle": null,
        "size": null,
        "size_u": null,
        "anchor": null,
        "color": "#000000",
        "underline": null,
        "plaintext": null,
        "fcolor": null,
        "flnum": null,
        "bold": null,
        "italic": null,
        "dx": null,
        "dx_u": null,
        "dy": null,
        "dy_u": null
      },
      "geometry": {
        "type": "MultiPolygon",
        "coordinates": [
          [
            [
              [
                131.929807,
                43.110686
              ],
              [
                131.929633,
                43.110673
              ],
              [
                131.929651,
                43.110572
              ],
              [
                131.929619,
                43.11057
              ],
              [
                131.929628,
                43.110499
              ],
              [
                131.929834,
                43.110513
              ],
              [
                131.929807,
                43.110686
              ]
            ]
          ]
        ]
      }
    },
    {
      "type": "Feature",
      "properties": {
        "fid": 501,
        "Layer": "LINES",
        "PaperSpace": null,
        "SubClasses": null,
        "Linetype": null,
        "EntityHandle": null,
        "Text": null,
        "ogr_style": "PEN(c:#000000)",
        "font": null,
        "angle": null,
        "size": null,
        "size_u": null,
        "anchor": null,
        "color": "#000000",
        "underline": null,
        "plaintext": null,
        "fcolor": null,
        "flnum": null,
        "bold": null,
        "italic": null,
        "dx": null,
        "dx_u": null,
        "dy": null,
        "dy_u": null
      },
      "geometry": {
        "type": "MultiPolygon",
        "coordinates": [
          [
            [
              [
                131.929187,
                43.110764
              ],
              [
                131.929323,
                43.110777
              ],
              [
                131.929327,
                43.110749
              ],
              [
                131.92963,
                43.110776
              ],
              [
                131.929625,
                43.110804
              ],
              [
                131.92979,
                43.110818
              ],
              [
                131.929807,
                43.110686
              ],
              [
                131.929328,
                43.110652
              ],
              [
                131.929334,
                43.110612
              ],
              [
                131.929209,
                43.110603
              ],
              [
                131.929187,
                43.110764
              ]
            ]
          ]
        ]
      }
    },
    {
      "type": "Feature",
      "properties": {
        "fid": 502,
        "Layer": "LINES",
        "PaperSpace": null,
        "SubClasses": null,
        "Linetype": null,
        "EntityHandle": null,
        "Text": null,
        "ogr_style": "PEN(c:#000000)",
        "font": null,
        "angle": null,
        "size": null,
        "size_u": null,
        "anchor": null,
        "color": "#000000",
        "underline": null,
        "plaintext": null,
        "fcolor": null,
        "flnum": null,
        "bold": null,
        "italic": null,
        "dx": null,
        "dx_u": null,
        "dy": null,
        "dy_u": null
      },
      "geometry": {
        "type": "MultiPolygon",
        "coordinates": [
          [
            [
              [
                131.929683,
                43.111407
              ],
              [
                131.93007,
                43.111432
              ],
              [
                131.930084,
                43.111289
              ],
              [
                131.930033,
                43.111287
              ],
              [
                131.930031,
                43.111308
              ],
              [
                131.929795,
                43.111291
              ],
              [
                131.929799,
                43.111267
              ],
              [
                131.929741,
                43.111263
              ],
              [
                131.929738,
                43.111288
              ],
              [
                131.929699,
                43.111286
              ],
              [
                131.929683,
                43.111407
              ]
            ]
          ]
        ]
      }
    },
    {
      "type": "Feature",
      "properties": {
        "fid": 503,
        "Layer": "LINES",
        "PaperSpace": null,
        "SubClasses": null,
        "Linetype": null,
        "EntityHandle": null,
        "Text": null,
        "ogr_style": "PEN(c:#000000)",
        "font": null,
        "angle": null,
        "size": null,
        "size_u": null,
        "anchor": null,
        "color": "#000000",
        "underline": null,
        "plaintext": null,
        "fcolor": null,
        "flnum": null,
        "bold": null,
        "italic": null,
        "dx": null,
        "dx_u": null,
        "dy": null,
        "dy_u": null
      },
      "geometry": {
        "type": "MultiPolygon",
        "coordinates": [
          [
            [
              [
                131.930929,
                43.111382
              ],
              [
                131.931451,
                43.111415
              ],
              [
                131.931448,
                43.111436
              ],
              [
                131.931535,
                43.111441
              ],
              [
                131.931556,
                43.11128
              ],
              [
                131.931463,
                43.111274
              ],
              [
                131.931461,
                43.111287
              ],
              [
                131.930944,
                43.111256
              ],
              [
                131.930946,
                43.111237
              ],
              [
                131.930853,
                43.111231
              ],
              [
                131.930838,
                43.111395
              ],
              [
                131.930927,
                43.1114
              ],
              [
                131.930929,
                43.111382
              ]
            ]
          ]
        ]
      }
    },
    {
      "type": "Feature",
      "properties": {
        "fid": 504,
        "Layer": "LINES",
        "PaperSpace": null,
        "SubClasses": null,
        "Linetype": null,
        "EntityHandle": null,
        "Text": null,
        "ogr_style": "PEN(c:#000000)",
        "font": null,
        "angle": null,
        "size": null,
        "size_u": null,
        "anchor": null,
        "color": "#000000",
        "underline": null,
        "plaintext": null,
        "fcolor": null,
        "flnum": null,
        "bold": null,
        "italic": null,
        "dx": null,
        "dx_u": null,
        "dy": null,
        "dy_u": null
      },
      "geometry": {
        "type": "MultiPolygon",
        "coordinates": [
          [
            [
              [
                131.932054,
                43.111476
              ],
              [
                131.932601,
                43.111509
              ],
              [
                131.932615,
                43.11137
              ],
              [
                131.932449,
                43.111361
              ],
              [
                131.932447,
                43.111376
              ],
              [
                131.93223,
                43.111362
              ],
              [
                131.932232,
                43.111344
              ],
              [
                131.932071,
                43.111335
              ],
              [
                131.932054,
                43.111476
              ]
            ]
          ]
        ]
      }
    },
    {
      "type": "Feature",
      "properties": {
        "fid": 505,
        "Layer": "LINES",
        "PaperSpace": null,
        "SubClasses": null,
        "Linetype": null,
        "EntityHandle": null,
        "Text": null,
        "ogr_style": "PEN(c:#000000)",
        "font": null,
        "angle": null,
        "size": null,
        "size_u": null,
        "anchor": null,
        "color": "#000000",
        "underline": null,
        "plaintext": null,
        "fcolor": null,
        "flnum": null,
        "bold": null,
        "italic": null,
        "dx": null,
        "dx_u": null,
        "dy": null,
        "dy_u": null
      },
      "geometry": {
        "type": "MultiPolygon",
        "coordinates": [
          [
            [
              [
                131.933096,
                43.111547
              ],
              [
                131.933281,
                43.111556
              ],
              [
                131.933324,
                43.111078
              ],
              [
                131.933145,
                43.11107
              ],
              [
                131.933096,
                43.111547
              ]
            ]
          ]
        ]
      }
    },
    {
      "type": "Feature",
      "properties": {
        "fid": 506,
        "Layer": "LINES",
        "PaperSpace": null,
        "SubClasses": null,
        "Linetype": null,
        "EntityHandle": null,
        "Text": null,
        "ogr_style": "PEN(c:#000000)",
        "font": null,
        "angle": null,
        "size": null,
        "size_u": null,
        "anchor": null,
        "color": "#000000",
        "underline": null,
        "plaintext": null,
        "fcolor": null,
        "flnum": null,
        "bold": null,
        "italic": null,
        "dx": null,
        "dx_u": null,
        "dy": null,
        "dy_u": null
      },
      "geometry": {
        "type": "MultiPolygon",
        "coordinates": [
          [
            [
              [
                131.931596,
                43.110981
              ],
              [
                131.931266,
                43.110953
              ],
              [
                131.931259,
                43.110982
              ],
              [
                131.931156,
                43.110972
              ],
              [
                131.931161,
                43.11094
              ],
              [
                131.93096,
                43.110921
              ],
              [
                131.930957,
                43.110935
              ],
              [
                131.930866,
                43.110924
              ],
              [
                131.930869,
                43.110911
              ],
              [
                131.930615,
                43.110881
              ],
              [
                131.93061,
                43.110906
              ],
              [
                131.930652,
                43.110931
              ],
              [
                131.930646,
                43.110972
              ],
              [
                131.930618,
                43.110986
              ],
              [
                131.930511,
                43.110971
              ],
              [
                131.93052,
                43.110916
              ],
              [
                131.93057,
                43.110902
              ],
              [
                131.930575,
                43.110876
              ],
              [
                131.930452,
                43.110864
              ],
              [
                131.930452,
                43.110783
              ],
              [
                131.930534,
                43.110792
              ],
              [
                131.930562,
                43.110641
              ],
              [
                131.930687,
                43.110656
              ],
              [
                131.930664,
                43.110807
              ],
              [
                131.930857,
                43.110825
              ],
              [
                131.930883,
                43.110679
              ],
              [
                131.931004,
                43.110688
              ],
              [
                131.930979,
                43.110844
              ],
              [
                131.931178,
                43.110859
              ],
              [
                131.931198,
                43.11071
              ],
              [
                131.931315,
                43.110719
              ],
              [
                131.931299,
                43.110831
              ],
              [
                131.931619,
                43.110856
              ],
              [
                131.931596,
                43.110981
              ]
            ]
          ]
        ]
      }
    },
    {
      "type": "Feature",
      "properties": {
        "fid": 507,
        "Layer": "LINES",
        "PaperSpace": null,
        "SubClasses": null,
        "Linetype": null,
        "EntityHandle": null,
        "Text": null,
        "ogr_style": "PEN(c:#000000)",
        "font": null,
        "angle": null,
        "size": null,
        "size_u": null,
        "anchor": null,
        "color": "#000000",
        "underline": null,
        "plaintext": null,
        "fcolor": null,
        "flnum": null,
        "bold": null,
        "italic": null,
        "dx": null,
        "dx_u": null,
        "dy": null,
        "dy_u": null
      },
      "geometry": {
        "type": "MultiPolygon",
        "coordinates": [
          [
            [
              [
                131.930452,
                43.110864
              ],
              [
                131.930424,
                43.110861
              ],
              [
                131.930423,
                43.110871
              ],
              [
                131.930194,
                43.110853
              ],
              [
                131.930219,
                43.110703
              ],
              [
                131.93044,
                43.110725
              ],
              [
                131.930429,
                43.110781
              ],
              [
                131.930452,
                43.110783
              ],
              [
                131.930452,
                43.110864
              ]
            ]
          ]
        ]
      }
    },
    {
      "type": "Feature",
      "properties": {
        "fid": 508,
        "Layer": "LINES",
        "PaperSpace": null,
        "SubClasses": null,
        "Linetype": null,
        "EntityHandle": null,
        "Text": null,
        "ogr_style": "PEN(c:#000000)",
        "font": null,
        "angle": null,
        "size": null,
        "size_u": null,
        "anchor": null,
        "color": "#000000",
        "underline": null,
        "plaintext": null,
        "fcolor": null,
        "flnum": null,
        "bold": null,
        "italic": null,
        "dx": null,
        "dx_u": null,
        "dy": null,
        "dy_u": null
      },
      "geometry": {
        "type": "MultiPolygon",
        "coordinates": [
          [
            [
              [
                131.928793,
                43.113406
              ],
              [
                131.928637,
                43.113395
              ],
              [
                131.928653,
                43.11322
              ],
              [
                131.928814,
                43.11323
              ],
              [
                131.928793,
                43.113406
              ]
            ]
          ]
        ]
      }
    },
    {
      "type": "Feature",
      "properties": {
        "fid": 509,
        "Layer": "LINES",
        "PaperSpace": null,
        "SubClasses": null,
        "Linetype": null,
        "EntityHandle": null,
        "Text": null,
        "ogr_style": "PEN(c:#000000)",
        "font": null,
        "angle": null,
        "size": null,
        "size_u": null,
        "anchor": null,
        "color": "#000000",
        "underline": null,
        "plaintext": null,
        "fcolor": null,
        "flnum": null,
        "bold": null,
        "italic": null,
        "dx": null,
        "dx_u": null,
        "dy": null,
        "dy_u": null
      },
      "geometry": {
        "type": "MultiPolygon",
        "coordinates": [
          [
            [
              [
                131.926526,
                43.112239
              ],
              [
                131.926466,
                43.112234
              ],
              [
                131.926281,
                43.112217
              ],
              [
                131.926268,
                43.112215
              ],
              [
                131.926227,
                43.112197
              ],
              [
                131.92622,
                43.112184
              ],
              [
                131.926201,
                43.112124
              ],
              [
                131.926186,
                43.112073
              ],
              [
                131.926179,
                43.112047
              ],
              [
                131.926157,
                43.111975
              ],
              [
                131.926182,
                43.111971
              ],
              [
                131.926318,
                43.111949
              ],
              [
                131.926318,
                43.111952
              ],
              [
                131.926332,
                43.111998
              ],
              [
                131.92634,
                43.112022
              ],
              [
                131.926365,
                43.112018
              ],
              [
                131.926374,
                43.112052
              ],
              [
                131.92635,
                43.112056
              ],
              [
                131.92636,
                43.112088
              ],
              [
                131.926388,
                43.112091
              ],
              [
                131.926389,
                43.112086
              ],
              [
                131.926437,
                43.11209
              ],
              [
                131.926437,
                43.112095
              ],
              [
                131.926531,
                43.112103
              ],
              [
                131.926526,
                43.112239
              ]
            ]
          ]
        ]
      }
    },
    {
      "type": "Feature",
      "properties": {
        "fid": 510,
        "Layer": "LINES",
        "PaperSpace": null,
        "SubClasses": null,
        "Linetype": null,
        "EntityHandle": null,
        "Text": null,
        "ogr_style": "PEN(c:#000000)",
        "font": null,
        "angle": null,
        "size": null,
        "size_u": null,
        "anchor": null,
        "color": "#000000",
        "underline": null,
        "plaintext": null,
        "fcolor": null,
        "flnum": null,
        "bold": null,
        "italic": null,
        "dx": null,
        "dx_u": null,
        "dy": null,
        "dy_u": null
      },
      "geometry": {
        "type": "MultiPolygon",
        "coordinates": [
          [
            [
              [
                131.900124,
                43.114956
              ],
              [
                131.900395,
                43.115023
              ],
              [
                131.900431,
                43.114944
              ],
              [
                131.900367,
                43.114929
              ],
              [
                131.900361,
                43.114943
              ],
              [
                131.900213,
                43.114906
              ],
              [
                131.900218,
                43.114894
              ],
              [
                131.90016,
                43.11488
              ],
              [
                131.900124,
                43.114956
              ]
            ]
          ]
        ]
      }
    },
    {
      "type": "Feature",
      "properties": {
        "fid": 511,
        "Layer": "LINES",
        "PaperSpace": null,
        "SubClasses": null,
        "Linetype": null,
        "EntityHandle": null,
        "Text": null,
        "ogr_style": "PEN(c:#000000)",
        "font": null,
        "angle": null,
        "size": null,
        "size_u": null,
        "anchor": null,
        "color": "#000000",
        "underline": null,
        "plaintext": null,
        "fcolor": null,
        "flnum": null,
        "bold": null,
        "italic": null,
        "dx": null,
        "dx_u": null,
        "dy": null,
        "dy_u": null
      },
      "geometry": {
        "type": "MultiPolygon",
        "coordinates": [
          [
            [
              [
                131.89979,
                43.115037
              ],
              [
                131.899863,
                43.115055
              ],
              [
                131.899851,
                43.115084
              ],
              [
                131.89997,
                43.115112
              ],
              [
                131.900004,
                43.115025
              ],
              [
                131.899814,
                43.114982
              ],
              [
                131.89979,
                43.115037
              ]
            ]
          ]
        ]
      }
    },
    {
      "type": "Feature",
      "properties": {
        "fid": 512,
        "Layer": "LINES",
        "PaperSpace": null,
        "SubClasses": null,
        "Linetype": null,
        "EntityHandle": null,
        "Text": null,
        "ogr_style": "PEN(c:#000000)",
        "font": null,
        "angle": null,
        "size": null,
        "size_u": null,
        "anchor": null,
        "color": "#000000",
        "underline": null,
        "plaintext": null,
        "fcolor": null,
        "flnum": null,
        "bold": null,
        "italic": null,
        "dx": null,
        "dx_u": null,
        "dy": null,
        "dy_u": null
      },
      "geometry": {
        "type": "MultiPolygon",
        "coordinates": [
          [
            [
              [
                131.900159,
                43.116015
              ],
              [
                131.900217,
                43.116029
              ],
              [
                131.900168,
                43.116141
              ],
              [
                131.900152,
                43.116138
              ],
              [
                131.899905,
                43.116081
              ],
              [
                131.899955,
                43.115969
              ],
              [
                131.900012,
                43.115982
              ],
              [
                131.900015,
                43.115973
              ],
              [
                131.900163,
                43.116007
              ],
              [
                131.900159,
                43.116015
              ]
            ]
          ]
        ]
      }
    },
    {
      "type": "Feature",
      "properties": {
        "fid": 513,
        "Layer": "LINES",
        "PaperSpace": null,
        "SubClasses": null,
        "Linetype": null,
        "EntityHandle": null,
        "Text": null,
        "ogr_style": "PEN(c:#000000)",
        "font": null,
        "angle": null,
        "size": null,
        "size_u": null,
        "anchor": null,
        "color": "#000000",
        "underline": null,
        "plaintext": null,
        "fcolor": null,
        "flnum": null,
        "bold": null,
        "italic": null,
        "dx": null,
        "dx_u": null,
        "dy": null,
        "dy_u": null
      },
      "geometry": {
        "type": "MultiPolygon",
        "coordinates": [
          [
            [
              [
                131.899954,
                43.116224
              ],
              [
                131.899919,
                43.116294
              ],
              [
                131.899957,
                43.116305
              ],
              [
                131.899955,
                43.116309
              ],
              [
                131.900092,
                43.116343
              ],
              [
                131.90014,
                43.116356
              ],
              [
                131.90017,
                43.116295
              ],
              [
                131.900137,
                43.116286
              ],
              [
                131.900143,
                43.116272
              ],
              [
                131.899954,
                43.116224
              ]
            ]
          ]
        ]
      }
    },
    {
      "type": "Feature",
      "properties": {
        "fid": 514,
        "Layer": "LINES",
        "PaperSpace": null,
        "SubClasses": null,
        "Linetype": null,
        "EntityHandle": null,
        "Text": null,
        "ogr_style": "PEN(c:#000000)",
        "font": null,
        "angle": null,
        "size": null,
        "size_u": null,
        "anchor": null,
        "color": "#000000",
        "underline": null,
        "plaintext": null,
        "fcolor": null,
        "flnum": null,
        "bold": null,
        "italic": null,
        "dx": null,
        "dx_u": null,
        "dy": null,
        "dy_u": null
      },
      "geometry": {
        "type": "MultiPolygon",
        "coordinates": [
          [
            [
              [
                131.902799,
                43.116533
              ],
              [
                131.902746,
                43.116518
              ],
              [
                131.902751,
                43.116508
              ],
              [
                131.902693,
                43.116493
              ],
              [
                131.902683,
                43.116513
              ],
              [
                131.902645,
                43.116504
              ],
              [
                131.902637,
                43.116522
              ],
              [
                131.902588,
                43.11651
              ],
              [
                131.902596,
                43.116491
              ],
              [
                131.902529,
                43.116471
              ],
              [
                131.902527,
                43.116465
              ],
              [
                131.902558,
                43.116403
              ],
              [
                131.902564,
                43.116405
              ],
              [
                131.902583,
                43.116367
              ],
              [
                131.90258,
                43.11636
              ],
              [
                131.90258,
                43.116352
              ],
              [
                131.902581,
                43.116348
              ],
              [
                131.902582,
                43.116346
              ],
              [
                131.902588,
                43.116342
              ],
              [
                131.902596,
                43.116338
              ],
              [
                131.902603,
                43.116337
              ],
              [
                131.902609,
                43.116336
              ],
              [
                131.902619,
                43.116338
              ],
              [
                131.902626,
                43.116341
              ],
              [
                131.902631,
                43.116346
              ],
              [
                131.902632,
                43.116349
              ],
              [
                131.902662,
                43.116356
              ],
              [
                131.902668,
                43.116343
              ],
              [
                131.902746,
                43.116364
              ],
              [
                131.90274,
                43.116378
              ],
              [
                131.902799,
                43.116394
              ],
              [
                131.902893,
                43.116419
              ],
              [
                131.902865,
                43.116467
              ],
              [
                131.902873,
                43.116469
              ],
              [
                131.902856,
                43.116499
              ],
              [
                131.902851,
                43.116498
              ],
              [
                131.902827,
                43.116541
              ],
              [
                131.902799,
                43.116533
              ]
            ]
          ]
        ]
      }
    },
    {
      "type": "Feature",
      "properties": {
        "fid": 515,
        "Layer": "LINES",
        "PaperSpace": null,
        "SubClasses": null,
        "Linetype": null,
        "EntityHandle": null,
        "Text": null,
        "ogr_style": "PEN(c:#000000)",
        "font": null,
        "angle": null,
        "size": null,
        "size_u": null,
        "anchor": null,
        "color": "#000000",
        "underline": null,
        "plaintext": null,
        "fcolor": null,
        "flnum": null,
        "bold": null,
        "italic": null,
        "dx": null,
        "dx_u": null,
        "dy": null,
        "dy_u": null
      },
      "geometry": {
        "type": "MultiPolygon",
        "coordinates": [
          [
            [
              [
                131.902463,
                43.116302
              ],
              [
                131.902465,
                43.116299
              ],
              [
                131.902448,
                43.116294
              ],
              [
                131.902482,
                43.116226
              ],
              [
                131.902411,
                43.116206
              ],
              [
                131.90241,
                43.11621
              ],
              [
                131.902293,
                43.116179
              ],
              [
                131.902301,
                43.116164
              ],
              [
                131.902214,
                43.11614
              ],
              [
                131.902208,
                43.116142
              ],
              [
                131.902201,
                43.116158
              ],
              [
                131.902137,
                43.116142
              ],
              [
                131.902129,
                43.116127
              ],
              [
                131.902109,
                43.116121
              ],
              [
                131.902085,
                43.116127
              ],
              [
                131.902077,
                43.116144
              ],
              [
                131.902086,
                43.116158
              ],
              [
                131.902048,
                43.116237
              ],
              [
                131.902031,
                43.116239
              ],
              [
                131.902019,
                43.116265
              ],
              [
                131.902029,
                43.116275
              ],
              [
                131.902024,
                43.116286
              ],
              [
                131.902102,
                43.116307
              ],
              [
                131.902097,
                43.116318
              ],
              [
                131.902163,
                43.116335
              ],
              [
                131.902174,
                43.116314
              ],
              [
                131.902297,
                43.116346
              ],
              [
                131.90229,
                43.116359
              ],
              [
                131.902331,
                43.116369
              ],
              [
                131.902337,
                43.116357
              ],
              [
                131.902424,
                43.11638
              ],
              [
                131.902463,
                43.116302
              ]
            ]
          ]
        ]
      }
    },
    {
      "type": "Feature",
      "properties": {
        "fid": 516,
        "Layer": "LINES",
        "PaperSpace": null,
        "SubClasses": null,
        "Linetype": null,
        "EntityHandle": null,
        "Text": null,
        "ogr_style": "PEN(c:#000000)",
        "font": null,
        "angle": null,
        "size": null,
        "size_u": null,
        "anchor": null,
        "color": "#000000",
        "underline": null,
        "plaintext": null,
        "fcolor": null,
        "flnum": null,
        "bold": null,
        "italic": null,
        "dx": null,
        "dx_u": null,
        "dy": null,
        "dy_u": null
      },
      "geometry": {
        "type": "MultiPolygon",
        "coordinates": [
          [
            [
              [
                131.90216,
                43.11659
              ],
              [
                131.90198,
                43.116552
              ],
              [
                131.902043,
                43.116392
              ],
              [
                131.902092,
                43.116403
              ],
              [
                131.902109,
                43.116389
              ],
              [
                131.90214,
                43.116396
              ],
              [
                131.902144,
                43.116415
              ],
              [
                131.902191,
                43.116426
              ],
              [
                131.902164,
                43.116494
              ],
              [
                131.902203,
                43.116502
              ],
              [
                131.902189,
                43.116537
              ],
              [
                131.902181,
                43.116536
              ],
              [
                131.90216,
                43.11659
              ]
            ]
          ]
        ]
      }
    },
    {
      "type": "Feature",
      "properties": {
        "fid": 517,
        "Layer": "LINES",
        "PaperSpace": null,
        "SubClasses": null,
        "Linetype": null,
        "EntityHandle": null,
        "Text": null,
        "ogr_style": "PEN(c:#000000)",
        "font": null,
        "angle": null,
        "size": null,
        "size_u": null,
        "anchor": null,
        "color": "#000000",
        "underline": null,
        "plaintext": null,
        "fcolor": null,
        "flnum": null,
        "bold": null,
        "italic": null,
        "dx": null,
        "dx_u": null,
        "dy": null,
        "dy_u": null
      },
      "geometry": {
        "type": "MultiPolygon",
        "coordinates": [
          [
            [
              [
                131.888925,
                43.122244
              ],
              [
                131.889168,
                43.122192
              ],
              [
                131.889131,
                43.122099
              ],
              [
                131.888979,
                43.122132
              ],
              [
                131.888974,
                43.122116
              ],
              [
                131.88895,
                43.122121
              ],
              [
                131.888957,
                43.122139
              ],
              [
                131.888889,
                43.122152
              ],
              [
                131.888925,
                43.122244
              ]
            ]
          ]
        ]
      }
    },
    {
      "type": "Feature",
      "properties": {
        "fid": 518,
        "Layer": "LINES",
        "PaperSpace": null,
        "SubClasses": null,
        "Linetype": null,
        "EntityHandle": null,
        "Text": null,
        "ogr_style": "PEN(c:#000000)",
        "font": null,
        "angle": null,
        "size": null,
        "size_u": null,
        "anchor": null,
        "color": "#000000",
        "underline": null,
        "plaintext": null,
        "fcolor": null,
        "flnum": null,
        "bold": null,
        "italic": null,
        "dx": null,
        "dx_u": null,
        "dy": null,
        "dy_u": null
      },
      "geometry": {
        "type": "MultiPolygon",
        "coordinates": [
          [
            [
              [
                131.887428,
                43.123108
              ],
              [
                131.887477,
                43.123233
              ],
              [
                131.887619,
                43.123203
              ],
              [
                131.887571,
                43.123079
              ],
              [
                131.887529,
                43.123087
              ],
              [
                131.887525,
                43.123095
              ],
              [
                131.88753,
                43.123104
              ],
              [
                131.887499,
                43.123111
              ],
              [
                131.887492,
                43.123097
              ],
              [
                131.887503,
                43.123094
              ],
              [
                131.887507,
                43.123086
              ],
              [
                131.887499,
                43.123067
              ],
              [
                131.887521,
                43.123061
              ],
              [
                131.887429,
                43.122829
              ],
              [
                131.887425,
                43.122813
              ],
              [
                131.887325,
                43.122834
              ],
              [
                131.887379,
                43.122979
              ],
              [
                131.887428,
                43.123108
              ]
            ]
          ]
        ]
      }
    },
    {
      "type": "Feature",
      "properties": {
        "fid": 519,
        "Layer": "LINES",
        "PaperSpace": null,
        "SubClasses": null,
        "Linetype": null,
        "EntityHandle": null,
        "Text": null,
        "ogr_style": "PEN(c:#000000)",
        "font": null,
        "angle": null,
        "size": null,
        "size_u": null,
        "anchor": null,
        "color": "#000000",
        "underline": null,
        "plaintext": null,
        "fcolor": null,
        "flnum": null,
        "bold": null,
        "italic": null,
        "dx": null,
        "dx_u": null,
        "dy": null,
        "dy_u": null
      },
      "geometry": {
        "type": "MultiPolygon",
        "coordinates": [
          [
            [
              [
                131.889566,
                43.113289
              ],
              [
                131.889517,
                43.113181
              ],
              [
                131.889615,
                43.113181
              ],
              [
                131.889566,
                43.113289
              ]
            ]
          ]
        ]
      }
    },
    {
      "type": "Feature",
      "properties": {
        "fid": 520,
        "Layer": "LINES",
        "PaperSpace": null,
        "SubClasses": null,
        "Linetype": null,
        "EntityHandle": null,
        "Text": null,
        "ogr_style": "PEN(c:#000000)",
        "font": null,
        "angle": null,
        "size": null,
        "size_u": null,
        "anchor": null,
        "color": "#000000",
        "underline": null,
        "plaintext": null,
        "fcolor": null,
        "flnum": null,
        "bold": null,
        "italic": null,
        "dx": null,
        "dx_u": null,
        "dy": null,
        "dy_u": null
      },
      "geometry": {
        "type": "MultiPolygon",
        "coordinates": [
          [
            [
              [
                131.890649,
                43.112849
              ],
              [
                131.890601,
                43.112741
              ],
              [
                131.890699,
                43.112741
              ],
              [
                131.890649,
                43.112849
              ]
            ]
          ]
        ]
      }
    },
    {
      "type": "Feature",
      "properties": {
        "fid": 521,
        "Layer": "LINES",
        "PaperSpace": null,
        "SubClasses": null,
        "Linetype": null,
        "EntityHandle": null,
        "Text": null,
        "ogr_style": "PEN(c:#000000)",
        "font": null,
        "angle": null,
        "size": null,
        "size_u": null,
        "anchor": null,
        "color": "#000000",
        "underline": null,
        "plaintext": null,
        "fcolor": null,
        "flnum": null,
        "bold": null,
        "italic": null,
        "dx": null,
        "dx_u": null,
        "dy": null,
        "dy_u": null
      },
      "geometry": {
        "type": "MultiPolygon",
        "coordinates": [
          [
            [
              [
                131.882218,
                43.112417
              ],
              [
                131.882169,
                43.112309
              ],
              [
                131.882267,
                43.112309
              ],
              [
                131.882218,
                43.112417
              ]
            ]
          ]
        ]
      }
    },
    {
      "type": "Feature",
      "properties": {
        "fid": 522,
        "Layer": "LINES",
        "PaperSpace": null,
        "SubClasses": null,
        "Linetype": null,
        "EntityHandle": null,
        "Text": null,
        "ogr_style": "PEN(c:#000000)",
        "font": null,
        "angle": null,
        "size": null,
        "size_u": null,
        "anchor": null,
        "color": "#000000",
        "underline": null,
        "plaintext": null,
        "fcolor": null,
        "flnum": null,
        "bold": null,
        "italic": null,
        "dx": null,
        "dx_u": null,
        "dy": null,
        "dy_u": null
      },
      "geometry": {
        "type": "MultiPolygon",
        "coordinates": [
          [
            [
              [
                131.882496,
                43.115335
              ],
              [
                131.882548,
                43.11549
              ],
              [
                131.882558,
                43.115488
              ],
              [
                131.882575,
                43.115539
              ],
              [
                131.882476,
                43.115557
              ],
              [
                131.882479,
                43.115566
              ],
              [
                131.882426,
                43.115576
              ],
              [
                131.882423,
                43.115567
              ],
              [
                131.882333,
                43.115584
              ],
              [
                131.88233,
                43.115576
              ],
              [
                131.882324,
                43.115577
              ],
              [
                131.882314,
                43.115548
              ],
              [
                131.882321,
                43.115547
              ],
              [
                131.882318,
                43.115538
              ],
              [
                131.882323,
                43.115538
              ],
              [
                131.882249,
                43.115317
              ],
              [
                131.882243,
                43.115318
              ],
              [
                131.88224,
                43.11531
              ],
              [
                131.882233,
                43.115311
              ],
              [
                131.882224,
                43.115282
              ],
              [
                131.88223,
                43.115281
              ],
              [
                131.882228,
                43.115273
              ],
              [
                131.882233,
                43.115272
              ],
              [
                131.882217,
                43.115223
              ],
              [
                131.882349,
                43.1152
              ],
              [
                131.882351,
                43.115208
              ],
              [
                131.882541,
                43.115174
              ],
              [
                131.88257,
                43.115256
              ],
              [
                131.882481,
                43.115272
              ],
              [
                131.882501,
                43.115334
              ],
              [
                131.882496,
                43.115335
              ]
            ]
          ]
        ]
      }
    },
    {
      "type": "Feature",
      "properties": {
        "fid": 523,
        "Layer": "LINES",
        "PaperSpace": null,
        "SubClasses": null,
        "Linetype": null,
        "EntityHandle": null,
        "Text": null,
        "ogr_style": "PEN(c:#000000)",
        "font": null,
        "angle": null,
        "size": null,
        "size_u": null,
        "anchor": null,
        "color": "#000000",
        "underline": null,
        "plaintext": null,
        "fcolor": null,
        "flnum": null,
        "bold": null,
        "italic": null,
        "dx": null,
        "dx_u": null,
        "dy": null,
        "dy_u": null
      },
      "geometry": {
        "type": "MultiPolygon",
        "coordinates": [
          [
            [
              [
                131.881548,
                43.115116
              ],
              [
                131.881496,
                43.115126
              ],
              [
                131.881493,
                43.115115
              ],
              [
                131.881438,
                43.115126
              ],
              [
                131.881442,
                43.115135
              ],
              [
                131.881384,
                43.115147
              ],
              [
                131.881162,
                43.114504
              ],
              [
                131.881134,
                43.11451
              ],
              [
                131.881128,
                43.114491
              ],
              [
                131.881155,
                43.114486
              ],
              [
                131.881143,
                43.11445
              ],
              [
                131.88131,
                43.114418
              ],
              [
                131.881325,
                43.11446
              ],
              [
                131.881333,
                43.114459
              ],
              [
                131.881369,
                43.114564
              ],
              [
                131.881416,
                43.114555
              ],
              [
                131.881431,
                43.114602
              ],
              [
                131.881387,
                43.114611
              ],
              [
                131.881425,
                43.114722
              ],
              [
                131.88144,
                43.114719
              ],
              [
                131.881466,
                43.1148
              ],
              [
                131.881453,
                43.114803
              ],
              [
                131.881544,
                43.115061
              ],
              [
                131.88153,
                43.115064
              ],
              [
                131.881548,
                43.115116
              ]
            ]
          ]
        ]
      }
    },
    {
      "type": "Feature",
      "properties": {
        "fid": 524,
        "Layer": "LINES",
        "PaperSpace": null,
        "SubClasses": null,
        "Linetype": null,
        "EntityHandle": null,
        "Text": null,
        "ogr_style": "PEN(c:#000000)",
        "font": null,
        "angle": null,
        "size": null,
        "size_u": null,
        "anchor": null,
        "color": "#000000",
        "underline": null,
        "plaintext": null,
        "fcolor": null,
        "flnum": null,
        "bold": null,
        "italic": null,
        "dx": null,
        "dx_u": null,
        "dy": null,
        "dy_u": null
      },
      "geometry": {
        "type": "MultiPolygon",
        "coordinates": [
          [
            [
              [
                131.881022,
                43.114378
              ],
              [
                131.880946,
                43.114392
              ],
              [
                131.880931,
                43.114352
              ],
              [
                131.880922,
                43.114353
              ],
              [
                131.880905,
                43.114305
              ],
              [
                131.880914,
                43.114303
              ],
              [
                131.880894,
                43.114243
              ],
              [
                131.881105,
                43.114202
              ],
              [
                131.881103,
                43.114198
              ],
              [
                131.881112,
                43.114196
              ],
              [
                131.881113,
                43.1142
              ],
              [
                131.881147,
                43.114193
              ],
              [
                131.881148,
                43.114197
              ],
              [
                131.88117,
                43.114193
              ],
              [
                131.881175,
                43.114209
              ],
              [
                131.881222,
                43.114199
              ],
              [
                131.881247,
                43.114274
              ],
              [
                131.881256,
                43.114273
              ],
              [
                131.881257,
                43.114279
              ],
              [
                131.881275,
                43.114276
              ],
              [
                131.88129,
                43.114318
              ],
              [
                131.881271,
                43.114321
              ],
              [
                131.881275,
                43.114331
              ],
              [
                131.881071,
                43.114368
              ],
              [
                131.881076,
                43.114381
              ],
              [
                131.881064,
                43.114383
              ],
              [
                131.881064,
                43.114385
              ],
              [
                131.881038,
                43.11439
              ],
              [
                131.881037,
                43.114388
              ],
              [
                131.881026,
                43.11439
              ],
              [
                131.881022,
                43.114378
              ]
            ]
          ]
        ]
      }
    },
    {
      "type": "Feature",
      "properties": {
        "fid": 525,
        "Layer": "LINES",
        "PaperSpace": null,
        "SubClasses": null,
        "Linetype": null,
        "EntityHandle": null,
        "Text": null,
        "ogr_style": "PEN(c:#000000)",
        "font": null,
        "angle": null,
        "size": null,
        "size_u": null,
        "anchor": null,
        "color": "#000000",
        "underline": null,
        "plaintext": null,
        "fcolor": null,
        "flnum": null,
        "bold": null,
        "italic": null,
        "dx": null,
        "dx_u": null,
        "dy": null,
        "dy_u": null
      },
      "geometry": {
        "type": "MultiPolygon",
        "coordinates": [
          [
            [
              [
                131.880516,
                43.112439
              ],
              [
                131.88032,
                43.112473
              ],
              [
                131.880265,
                43.112323
              ],
              [
                131.880227,
                43.112228
              ],
              [
                131.880815,
                43.112118
              ],
              [
                131.880864,
                43.112139
              ],
              [
                131.880977,
                43.112471
              ],
              [
                131.880671,
                43.112523
              ],
              [
                131.880632,
                43.112402
              ],
              [
                131.880755,
                43.112378
              ],
              [
                131.880718,
                43.112269
              ],
              [
                131.880473,
                43.112311
              ],
              [
                131.880516,
                43.112439
              ]
            ]
          ]
        ]
      }
    },
    {
      "type": "Feature",
      "properties": {
        "fid": 526,
        "Layer": "LINES",
        "PaperSpace": null,
        "SubClasses": null,
        "Linetype": null,
        "EntityHandle": null,
        "Text": null,
        "ogr_style": "PEN(c:#000000)",
        "font": null,
        "angle": null,
        "size": null,
        "size_u": null,
        "anchor": null,
        "color": "#000000",
        "underline": null,
        "plaintext": null,
        "fcolor": null,
        "flnum": null,
        "bold": null,
        "italic": null,
        "dx": null,
        "dx_u": null,
        "dy": null,
        "dy_u": null
      },
      "geometry": {
        "type": "MultiPolygon",
        "coordinates": [
          [
            [
              [
                131.881361,
                43.113595
              ],
              [
                131.881408,
                43.113729
              ],
              [
                131.881222,
                43.113761
              ],
              [
                131.881221,
                43.113756
              ],
              [
                131.881209,
                43.113748
              ],
              [
                131.881202,
                43.11373
              ],
              [
                131.881208,
                43.113718
              ],
              [
                131.881218,
                43.113717
              ],
              [
                131.88116,
                43.113543
              ],
              [
                131.881341,
                43.11351
              ],
              [
                131.881367,
                43.113594
              ],
              [
                131.881361,
                43.113595
              ]
            ]
          ]
        ]
      }
    },
    {
      "type": "Feature",
      "properties": {
        "fid": 527,
        "Layer": "LINES",
        "PaperSpace": null,
        "SubClasses": null,
        "Linetype": null,
        "EntityHandle": null,
        "Text": null,
        "ogr_style": "PEN(c:#000000)",
        "font": null,
        "angle": null,
        "size": null,
        "size_u": null,
        "anchor": null,
        "color": "#000000",
        "underline": null,
        "plaintext": null,
        "fcolor": null,
        "flnum": null,
        "bold": null,
        "italic": null,
        "dx": null,
        "dx_u": null,
        "dy": null,
        "dy_u": null
      },
      "geometry": {
        "type": "MultiPolygon",
        "coordinates": [
          [
            [
              [
                131.881718,
                43.113336
              ],
              [
                131.881544,
                43.113366
              ],
              [
                131.881522,
                43.113295
              ],
              [
                131.881534,
                43.113293
              ],
              [
                131.881525,
                43.113261
              ],
              [
                131.881513,
                43.113263
              ],
              [
                131.881493,
                43.113196
              ],
              [
                131.881505,
                43.113194
              ],
              [
                131.881494,
                43.113153
              ],
              [
                131.881566,
                43.113143
              ],
              [
                131.881571,
                43.113165
              ],
              [
                131.88164,
                43.113156
              ],
              [
                131.881669,
                43.113258
              ],
              [
                131.881739,
                43.113247
              ],
              [
                131.881762,
                43.11333
              ],
              [
                131.881719,
                43.113338
              ],
              [
                131.881718,
                43.113336
              ]
            ]
          ]
        ]
      }
    },
    {
      "type": "Feature",
      "properties": {
        "fid": 528,
        "Layer": "LINES",
        "PaperSpace": null,
        "SubClasses": null,
        "Linetype": null,
        "EntityHandle": null,
        "Text": null,
        "ogr_style": "PEN(c:#000000)",
        "font": null,
        "angle": null,
        "size": null,
        "size_u": null,
        "anchor": null,
        "color": "#000000",
        "underline": null,
        "plaintext": null,
        "fcolor": null,
        "flnum": null,
        "bold": null,
        "italic": null,
        "dx": null,
        "dx_u": null,
        "dy": null,
        "dy_u": null
      },
      "geometry": {
        "type": "MultiPolygon",
        "coordinates": [
          [
            [
              [
                131.881695,
                43.112892
              ],
              [
                131.881647,
                43.112791
              ],
              [
                131.881708,
                43.112774
              ],
              [
                131.881628,
                43.112607
              ],
              [
                131.881532,
                43.11263
              ],
              [
                131.881541,
                43.112653
              ],
              [
                131.881429,
                43.112679
              ],
              [
                131.881376,
                43.112552
              ],
              [
                131.881491,
                43.112527
              ],
              [
                131.881747,
                43.112468
              ],
              [
                131.881769,
                43.112513
              ],
              [
                131.881762,
                43.112514
              ],
              [
                131.881809,
                43.112622
              ],
              [
                131.881815,
                43.11262
              ],
              [
                131.881845,
                43.112691
              ],
              [
                131.881839,
                43.112692
              ],
              [
                131.881885,
                43.112799
              ],
              [
                131.881891,
                43.112797
              ],
              [
                131.88191,
                43.112842
              ],
              [
                131.881904,
                43.112844
              ],
              [
                131.881938,
                43.112923
              ],
              [
                131.881885,
                43.112936
              ],
              [
                131.881767,
                43.112966
              ],
              [
                131.881727,
                43.112882
              ],
              [
                131.881695,
                43.112892
              ]
            ]
          ]
        ]
      }
    },
    {
      "type": "Feature",
      "properties": {
        "fid": 529,
        "Layer": "LINES",
        "PaperSpace": null,
        "SubClasses": null,
        "Linetype": null,
        "EntityHandle": null,
        "Text": null,
        "ogr_style": "PEN(c:#000000)",
        "font": null,
        "angle": null,
        "size": null,
        "size_u": null,
        "anchor": null,
        "color": "#000000",
        "underline": null,
        "plaintext": null,
        "fcolor": null,
        "flnum": null,
        "bold": null,
        "italic": null,
        "dx": null,
        "dx_u": null,
        "dy": null,
        "dy_u": null
      },
      "geometry": {
        "type": "MultiPolygon",
        "coordinates": [
          [
            [
              [
                131.883155,
                43.114357
              ],
              [
                131.882929,
                43.114406
              ],
              [
                131.882928,
                43.114404
              ],
              [
                131.882845,
                43.114421
              ],
              [
                131.882821,
                43.114362
              ],
              [
                131.882902,
                43.114344
              ],
              [
                131.882876,
                43.114278
              ],
              [
                131.882886,
                43.114276
              ],
              [
                131.88279,
                43.114038
              ],
              [
                131.883007,
                43.113991
              ],
              [
                131.88304,
                43.114074
              ],
              [
                131.883045,
                43.114073
              ],
              [
                131.883047,
                43.114079
              ],
              [
                131.883043,
                43.11408
              ],
              [
                131.883056,
                43.114112
              ],
              [
                131.883059,
                43.114111
              ],
              [
                131.883062,
                43.114117
              ],
              [
                131.883058,
                43.114118
              ],
              [
                131.883071,
                43.11415
              ],
              [
                131.883075,
                43.114149
              ],
              [
                131.883078,
                43.114155
              ],
              [
                131.883074,
                43.114156
              ],
              [
                131.883086,
                43.114188
              ],
              [
                131.883091,
                43.114188
              ],
              [
                131.883093,
                43.114193
              ],
              [
                131.883101,
                43.114225
              ],
              [
                131.883106,
                43.114223
              ],
              [
                131.883128,
                43.114278
              ],
              [
                131.883123,
                43.114279
              ],
              [
                131.883155,
                43.114357
              ]
            ]
          ]
        ]
      }
    },
    {
      "type": "Feature",
      "properties": {
        "fid": 530,
        "Layer": "LINES",
        "PaperSpace": null,
        "SubClasses": null,
        "Linetype": null,
        "EntityHandle": null,
        "Text": null,
        "ogr_style": "PEN(c:#000000)",
        "font": null,
        "angle": null,
        "size": null,
        "size_u": null,
        "anchor": null,
        "color": "#000000",
        "underline": null,
        "plaintext": null,
        "fcolor": null,
        "flnum": null,
        "bold": null,
        "italic": null,
        "dx": null,
        "dx_u": null,
        "dy": null,
        "dy_u": null
      },
      "geometry": {
        "type": "MultiPolygon",
        "coordinates": [
          [
            [
              [
                131.882214,
                43.114679
              ],
              [
                131.882375,
                43.114649
              ],
              [
                131.882416,
                43.114767
              ],
              [
                131.882199,
                43.114807
              ],
              [
                131.882211,
                43.114841
              ],
              [
                131.882103,
                43.114861
              ],
              [
                131.88205,
                43.114709
              ],
              [
                131.882149,
                43.114691
              ],
              [
                131.882147,
                43.114686
              ],
              [
                131.882213,
                43.114674
              ],
              [
                131.882214,
                43.114679
              ]
            ]
          ]
        ]
      }
    },
    {
      "type": "Feature",
      "properties": {
        "fid": 531,
        "Layer": "LINES",
        "PaperSpace": null,
        "SubClasses": null,
        "Linetype": null,
        "EntityHandle": null,
        "Text": null,
        "ogr_style": "PEN(c:#000000)",
        "font": null,
        "angle": null,
        "size": null,
        "size_u": null,
        "anchor": null,
        "color": "#000000",
        "underline": null,
        "plaintext": null,
        "fcolor": null,
        "flnum": null,
        "bold": null,
        "italic": null,
        "dx": null,
        "dx_u": null,
        "dy": null,
        "dy_u": null
      },
      "geometry": {
        "type": "MultiPolygon",
        "coordinates": [
          [
            [
              [
                131.882094,
                43.114575
              ],
              [
                131.881988,
                43.114597
              ],
              [
                131.881972,
                43.114556
              ],
              [
                131.881968,
                43.114557
              ],
              [
                131.881947,
                43.114503
              ],
              [
                131.881957,
                43.114501
              ],
              [
                131.881949,
                43.114479
              ],
              [
                131.881943,
                43.11448
              ],
              [
                131.881937,
                43.114464
              ],
              [
                131.881946,
                43.114462
              ],
              [
                131.881916,
                43.114372
              ],
              [
                131.881911,
                43.114373
              ],
              [
                131.881895,
                43.11433
              ],
              [
                131.881903,
                43.114328
              ],
              [
                131.881869,
                43.114239
              ],
              [
                131.882051,
                43.114201
              ],
              [
                131.882064,
                43.114236
              ],
              [
                131.882056,
                43.114238
              ],
              [
                131.882076,
                43.114291
              ],
              [
                131.882105,
                43.114285
              ],
              [
                131.882157,
                43.11442
              ],
              [
                131.882237,
                43.114403
              ],
              [
                131.882224,
                43.114369
              ],
              [
                131.882285,
                43.114356
              ],
              [
                131.88235,
                43.114523
              ],
              [
                131.882242,
                43.114546
              ],
              [
                131.882241,
                43.114542
              ],
              [
                131.882093,
                43.114572
              ],
              [
                131.882094,
                43.114575
              ]
            ]
          ]
        ]
      }
    },
    {
      "type": "Feature",
      "properties": {
        "fid": 532,
        "Layer": "LINES",
        "PaperSpace": null,
        "SubClasses": null,
        "Linetype": null,
        "EntityHandle": null,
        "Text": null,
        "ogr_style": "PEN(c:#000000)",
        "font": null,
        "angle": null,
        "size": null,
        "size_u": null,
        "anchor": null,
        "color": "#000000",
        "underline": null,
        "plaintext": null,
        "fcolor": null,
        "flnum": null,
        "bold": null,
        "italic": null,
        "dx": null,
        "dx_u": null,
        "dy": null,
        "dy_u": null
      },
      "geometry": {
        "type": "MultiPolygon",
        "coordinates": [
          [
            [
              [
                131.881941,
                43.113788
              ],
              [
                131.881692,
                43.113839
              ],
              [
                131.881626,
                43.11365
              ],
              [
                131.881816,
                43.113616
              ],
              [
                131.881874,
                43.113765
              ],
              [
                131.881928,
                43.113754
              ],
              [
                131.881941,
                43.113788
              ]
            ]
          ]
        ]
      }
    },
    {
      "type": "Feature",
      "properties": {
        "fid": 533,
        "Layer": "LINES",
        "PaperSpace": null,
        "SubClasses": null,
        "Linetype": null,
        "EntityHandle": null,
        "Text": null,
        "ogr_style": "PEN(c:#000000)",
        "font": null,
        "angle": null,
        "size": null,
        "size_u": null,
        "anchor": null,
        "color": "#000000",
        "underline": null,
        "plaintext": null,
        "fcolor": null,
        "flnum": null,
        "bold": null,
        "italic": null,
        "dx": null,
        "dx_u": null,
        "dy": null,
        "dy_u": null
      },
      "geometry": {
        "type": "MultiPolygon",
        "coordinates": [
          [
            [
              [
                131.88254,
                43.113878
              ],
              [
                131.882399,
                43.113909
              ],
              [
                131.882356,
                43.113803
              ],
              [
                131.882496,
                43.113772
              ],
              [
                131.88254,
                43.113878
              ]
            ]
          ]
        ]
      }
    },
    {
      "type": "Feature",
      "properties": {
        "fid": 534,
        "Layer": "LINES",
        "PaperSpace": null,
        "SubClasses": null,
        "Linetype": null,
        "EntityHandle": null,
        "Text": null,
        "ogr_style": "PEN(c:#000000)",
        "font": null,
        "angle": null,
        "size": null,
        "size_u": null,
        "anchor": null,
        "color": "#000000",
        "underline": null,
        "plaintext": null,
        "fcolor": null,
        "flnum": null,
        "bold": null,
        "italic": null,
        "dx": null,
        "dx_u": null,
        "dy": null,
        "dy_u": null
      },
      "geometry": {
        "type": "MultiPolygon",
        "coordinates": [
          [
            [
              [
                131.882554,
                43.114032
              ],
              [
                131.882555,
                43.114035
              ],
              [
                131.882564,
                43.114033
              ],
              [
                131.882569,
                43.114044
              ],
              [
                131.88256,
                43.114046
              ],
              [
                131.88256,
                43.114049
              ],
              [
                131.882553,
                43.114059
              ],
              [
                131.88255,
                43.114059
              ],
              [
                131.882553,
                43.114065
              ],
              [
                131.882539,
                43.114068
              ],
              [
                131.882536,
                43.114061
              ],
              [
                131.882517,
                43.114065
              ],
              [
                131.88252,
                43.114072
              ],
              [
                131.882504,
                43.114076
              ],
              [
                131.882502,
                43.11407
              ],
              [
                131.882499,
                43.11407
              ],
              [
                131.882488,
                43.114065
              ],
              [
                131.882487,
                43.114061
              ],
              [
                131.882478,
                43.114063
              ],
              [
                131.882474,
                43.114055
              ],
              [
                131.882474,
                43.114054
              ],
              [
                131.882483,
                43.114052
              ],
              [
                131.882477,
                43.114036
              ],
              [
                131.882468,
                43.114037
              ],
              [
                131.882465,
                43.11403
              ],
              [
                131.882474,
                43.114028
              ],
              [
                131.882473,
                43.114026
              ],
              [
                131.882476,
                43.114025
              ],
              [
                131.882475,
                43.114023
              ],
              [
                131.88247,
                43.114009
              ],
              [
                131.882469,
                43.114007
              ],
              [
                131.882466,
                43.114008
              ],
              [
                131.882465,
                43.114005
              ],
              [
                131.882456,
                43.114007
              ],
              [
                131.882453,
                43.114
              ],
              [
                131.882462,
                43.113998
              ],
              [
                131.882456,
                43.113981
              ],
              [
                131.882447,
                43.113983
              ],
              [
                131.882444,
                43.113976
              ],
              [
                131.882453,
                43.113974
              ],
              [
                131.882452,
                43.113972
              ],
              [
                131.88246,
                43.113961
              ],
              [
                131.882463,
                43.11396
              ],
              [
                131.88246,
                43.113954
              ],
              [
                131.882472,
                43.113952
              ],
              [
                131.882474,
                43.113958
              ],
              [
                131.882496,
                43.113953
              ],
              [
                131.882493,
                43.113947
              ],
              [
                131.882495,
                43.113944
              ],
              [
                131.882504,
                43.113942
              ],
              [
                131.882507,
                43.113949
              ],
              [
                131.88251,
                43.113949
              ],
              [
                131.882525,
                43.113955
              ],
              [
                131.882526,
                43.113957
              ],
              [
                131.882534,
                43.113955
              ],
              [
                131.882538,
                43.113966
              ],
              [
                131.88253,
                43.113968
              ],
              [
                131.882535,
                43.11398
              ],
              [
                131.882543,
                43.113979
              ],
              [
                131.882547,
                43.11399
              ],
              [
                131.882539,
                43.113992
              ],
              [
                131.88254,
                43.113994
              ],
              [
                131.882537,
                43.113995
              ],
              [
                131.882543,
                43.114009
              ],
              [
                131.882546,
                43.114009
              ],
              [
                131.882546,
                43.114011
              ],
              [
                131.882555,
                43.114009
              ],
              [
                131.88256,
                43.11402
              ],
              [
                131.882551,
                43.114022
              ],
              [
                131.882554,
                43.114032
              ]
            ]
          ]
        ]
      }
    },
    {
      "type": "Feature",
      "properties": {
        "fid": 535,
        "Layer": "LINES",
        "PaperSpace": null,
        "SubClasses": null,
        "Linetype": null,
        "EntityHandle": null,
        "Text": null,
        "ogr_style": "PEN(c:#000000)",
        "font": null,
        "angle": null,
        "size": null,
        "size_u": null,
        "anchor": null,
        "color": "#000000",
        "underline": null,
        "plaintext": null,
        "fcolor": null,
        "flnum": null,
        "bold": null,
        "italic": null,
        "dx": null,
        "dx_u": null,
        "dy": null,
        "dy_u": null
      },
      "geometry": {
        "type": "MultiPolygon",
        "coordinates": [
          [
            [
              [
                131.890245,
                43.114807
              ],
              [
                131.890407,
                43.114775
              ],
              [
                131.890354,
                43.11463
              ],
              [
                131.889861,
                43.114726
              ],
              [
                131.889913,
                43.11487
              ],
              [
                131.890068,
                43.11484
              ],
              [
                131.89007,
                43.114848
              ],
              [
                131.890247,
                43.114813
              ],
              [
                131.890245,
                43.114807
              ]
            ]
          ]
        ]
      }
    },
    {
      "type": "Feature",
      "properties": {
        "fid": 536,
        "Layer": "LINES",
        "PaperSpace": null,
        "SubClasses": null,
        "Linetype": null,
        "EntityHandle": null,
        "Text": null,
        "ogr_style": "PEN(c:#000000)",
        "font": null,
        "angle": null,
        "size": null,
        "size_u": null,
        "anchor": null,
        "color": "#000000",
        "underline": null,
        "plaintext": null,
        "fcolor": null,
        "flnum": null,
        "bold": null,
        "italic": null,
        "dx": null,
        "dx_u": null,
        "dy": null,
        "dy_u": null
      },
      "geometry": {
        "type": "MultiPolygon",
        "coordinates": [
          [
            [
              [
                131.889646,
                43.114926
              ],
              [
                131.889609,
                43.114823
              ],
              [
                131.889466,
                43.11485
              ],
              [
                131.889453,
                43.114813
              ],
              [
                131.889357,
                43.114831
              ],
              [
                131.889408,
                43.114972
              ],
              [
                131.889646,
                43.114926
              ]
            ]
          ]
        ]
      }
    },
    {
      "type": "Feature",
      "properties": {
        "fid": 537,
        "Layer": "LINES",
        "PaperSpace": null,
        "SubClasses": null,
        "Linetype": null,
        "EntityHandle": null,
        "Text": null,
        "ogr_style": "PEN(c:#000000)",
        "font": null,
        "angle": null,
        "size": null,
        "size_u": null,
        "anchor": null,
        "color": "#000000",
        "underline": null,
        "plaintext": null,
        "fcolor": null,
        "flnum": null,
        "bold": null,
        "italic": null,
        "dx": null,
        "dx_u": null,
        "dy": null,
        "dy_u": null
      },
      "geometry": {
        "type": "MultiPolygon",
        "coordinates": [
          [
            [
              [
                131.889408,
                43.114972
              ],
              [
                131.889357,
                43.114831
              ],
              [
                131.889116,
                43.114876
              ],
              [
                131.889167,
                43.115018
              ],
              [
                131.889408,
                43.114972
              ]
            ]
          ]
        ]
      }
    },
    {
      "type": "Feature",
      "properties": {
        "fid": 538,
        "Layer": "LINES",
        "PaperSpace": null,
        "SubClasses": null,
        "Linetype": null,
        "EntityHandle": null,
        "Text": null,
        "ogr_style": "PEN(c:#000000)",
        "font": null,
        "angle": null,
        "size": null,
        "size_u": null,
        "anchor": null,
        "color": "#000000",
        "underline": null,
        "plaintext": null,
        "fcolor": null,
        "flnum": null,
        "bold": null,
        "italic": null,
        "dx": null,
        "dx_u": null,
        "dy": null,
        "dy_u": null
      },
      "geometry": {
        "type": "MultiPolygon",
        "coordinates": [
          [
            [
              [
                131.889566,
                43.113289
              ],
              [
                131.889517,
                43.113181
              ],
              [
                131.889615,
                43.113181
              ],
              [
                131.889566,
                43.113289
              ]
            ]
          ]
        ]
      }
    },
    {
      "type": "Feature",
      "properties": {
        "fid": 539,
        "Layer": "LINES",
        "PaperSpace": null,
        "SubClasses": null,
        "Linetype": null,
        "EntityHandle": null,
        "Text": null,
        "ogr_style": "PEN(c:#000000)",
        "font": null,
        "angle": null,
        "size": null,
        "size_u": null,
        "anchor": null,
        "color": "#000000",
        "underline": null,
        "plaintext": null,
        "fcolor": null,
        "flnum": null,
        "bold": null,
        "italic": null,
        "dx": null,
        "dx_u": null,
        "dy": null,
        "dy_u": null
      },
      "geometry": {
        "type": "MultiPolygon",
        "coordinates": [
          [
            [
              [
                131.880567,
                43.11393
              ],
              [
                131.880552,
                43.113893
              ],
              [
                131.880529,
                43.113898
              ],
              [
                131.880472,
                43.113752
              ],
              [
                131.880465,
                43.113753
              ],
              [
                131.880452,
                43.113748
              ],
              [
                131.880438,
                43.113713
              ],
              [
                131.880446,
                43.113702
              ],
              [
                131.880496,
                43.113692
              ],
              [
                131.880493,
                43.113685
              ],
              [
                131.880573,
                43.113668
              ],
              [
                131.880575,
                43.113675
              ],
              [
                131.880624,
                43.113666
              ],
              [
                131.880633,
                43.113671
              ],
              [
                131.880651,
                43.113709
              ],
              [
                131.880646,
                43.113719
              ],
              [
                131.880637,
                43.113721
              ],
              [
                131.880677,
                43.11382
              ],
              [
                131.880652,
                43.113825
              ],
              [
                131.880669,
                43.113867
              ],
              [
                131.880652,
                43.113871
              ],
              [
                131.880667,
                43.11391
              ],
              [
                131.880567,
                43.11393
              ]
            ]
          ]
        ]
      }
    },
    {
      "type": "Feature",
      "properties": {
        "fid": 540,
        "Layer": "LINES",
        "PaperSpace": null,
        "SubClasses": null,
        "Linetype": null,
        "EntityHandle": null,
        "Text": null,
        "ogr_style": "PEN(c:#000000)",
        "font": null,
        "angle": null,
        "size": null,
        "size_u": null,
        "anchor": null,
        "color": "#000000",
        "underline": null,
        "plaintext": null,
        "fcolor": null,
        "flnum": null,
        "bold": null,
        "italic": null,
        "dx": null,
        "dx_u": null,
        "dy": null,
        "dy_u": null
      },
      "geometry": {
        "type": "MultiPolygon",
        "coordinates": [
          [
            [
              [
                131.87564,
                43.11483
              ],
              [
                131.875624,
                43.114848
              ],
              [
                131.875603,
                43.114872
              ],
              [
                131.875617,
                43.114879
              ],
              [
                131.875598,
                43.1149
              ],
              [
                131.875584,
                43.114893
              ],
              [
                131.875536,
                43.114947
              ],
              [
                131.875416,
                43.114891
              ],
              [
                131.875534,
                43.114761
              ],
              [
                131.87556,
                43.114774
              ],
              [
                131.875606,
                43.114797
              ],
              [
                131.87565,
                43.114818
              ],
              [
                131.87564,
                43.11483
              ]
            ]
          ]
        ]
      }
    },
    {
      "type": "Feature",
      "properties": {
        "fid": 541,
        "Layer": "LINES",
        "PaperSpace": null,
        "SubClasses": null,
        "Linetype": null,
        "EntityHandle": null,
        "Text": null,
        "ogr_style": "PEN(c:#000000)",
        "font": null,
        "angle": null,
        "size": null,
        "size_u": null,
        "anchor": null,
        "color": "#000000",
        "underline": null,
        "plaintext": null,
        "fcolor": null,
        "flnum": null,
        "bold": null,
        "italic": null,
        "dx": null,
        "dx_u": null,
        "dy": null,
        "dy_u": null
      },
      "geometry": {
        "type": "MultiPolygon",
        "coordinates": [
          [
            [
              [
                131.882218,
                43.112417
              ],
              [
                131.882169,
                43.112309
              ],
              [
                131.882267,
                43.112309
              ],
              [
                131.882218,
                43.112417
              ]
            ]
          ]
        ]
      }
    },
    {
      "type": "Feature",
      "properties": {
        "fid": 542,
        "Layer": "LINES",
        "PaperSpace": null,
        "SubClasses": null,
        "Linetype": null,
        "EntityHandle": null,
        "Text": null,
        "ogr_style": "PEN(c:#000000)",
        "font": null,
        "angle": null,
        "size": null,
        "size_u": null,
        "anchor": null,
        "color": "#000000",
        "underline": null,
        "plaintext": null,
        "fcolor": null,
        "flnum": null,
        "bold": null,
        "italic": null,
        "dx": null,
        "dx_u": null,
        "dy": null,
        "dy_u": null
      },
      "geometry": {
        "type": "MultiPolygon",
        "coordinates": [
          [
            [
              [
                131.880807,
                43.108048
              ],
              [
                131.880758,
                43.10794
              ],
              [
                131.880857,
                43.10794
              ],
              [
                131.880807,
                43.108048
              ]
            ]
          ]
        ]
      }
    },
    {
      "type": "Feature",
      "properties": {
        "fid": 543,
        "Layer": "LINES",
        "PaperSpace": null,
        "SubClasses": null,
        "Linetype": null,
        "EntityHandle": null,
        "Text": null,
        "ogr_style": "PEN(c:#000000)",
        "font": null,
        "angle": null,
        "size": null,
        "size_u": null,
        "anchor": null,
        "color": "#000000",
        "underline": null,
        "plaintext": null,
        "fcolor": null,
        "flnum": null,
        "bold": null,
        "italic": null,
        "dx": null,
        "dx_u": null,
        "dy": null,
        "dy_u": null
      },
      "geometry": {
        "type": "MultiPolygon",
        "coordinates": [
          [
            [
              [
                131.874609,
                43.113067
              ],
              [
                131.87456,
                43.112959
              ],
              [
                131.874659,
                43.112959
              ],
              [
                131.874609,
                43.113067
              ]
            ]
          ]
        ]
      }
    },
    {
      "type": "Feature",
      "properties": {
        "fid": 544,
        "Layer": "LINES",
        "PaperSpace": null,
        "SubClasses": null,
        "Linetype": null,
        "EntityHandle": null,
        "Text": null,
        "ogr_style": "PEN(c:#000000)",
        "font": null,
        "angle": null,
        "size": null,
        "size_u": null,
        "anchor": null,
        "color": "#000000",
        "underline": null,
        "plaintext": null,
        "fcolor": null,
        "flnum": null,
        "bold": null,
        "italic": null,
        "dx": null,
        "dx_u": null,
        "dy": null,
        "dy_u": null
      },
      "geometry": {
        "type": "MultiPolygon",
        "coordinates": [
          [
            [
              [
                131.873836,
                43.106671
              ],
              [
                131.873978,
                43.106803
              ],
              [
                131.873989,
                43.106808
              ],
              [
                131.874,
                43.106809
              ],
              [
                131.874011,
                43.106806
              ],
              [
                131.874076,
                43.106779
              ],
              [
                131.874061,
                43.10676
              ],
              [
                131.874022,
                43.106721
              ],
              [
                131.874033,
                43.106715
              ],
              [
                131.873996,
                43.106679
              ],
              [
                131.874019,
                43.106667
              ],
              [
                131.873956,
                43.106607
              ],
              [
                131.873836,
                43.106671
              ]
            ]
          ]
        ]
      }
    },
    {
      "type": "Feature",
      "properties": {
        "fid": 545,
        "Layer": "LINES",
        "PaperSpace": null,
        "SubClasses": null,
        "Linetype": null,
        "EntityHandle": null,
        "Text": null,
        "ogr_style": "PEN(c:#000000)",
        "font": null,
        "angle": null,
        "size": null,
        "size_u": null,
        "anchor": null,
        "color": "#000000",
        "underline": null,
        "plaintext": null,
        "fcolor": null,
        "flnum": null,
        "bold": null,
        "italic": null,
        "dx": null,
        "dx_u": null,
        "dy": null,
        "dy_u": null
      },
      "geometry": {
        "type": "MultiPolygon",
        "coordinates": [
          [
            [
              [
                131.863622,
                43.093503
              ],
              [
                131.863625,
                43.09361
              ],
              [
                131.864121,
                43.093603
              ],
              [
                131.864119,
                43.093497
              ],
              [
                131.863622,
                43.093503
              ]
            ]
          ]
        ]
      }
    },
    {
      "type": "Feature",
      "properties": {
        "fid": 546,
        "Layer": "LINES",
        "PaperSpace": null,
        "SubClasses": null,
        "Linetype": null,
        "EntityHandle": null,
        "Text": null,
        "ogr_style": "PEN(c:#000000)",
        "font": null,
        "angle": null,
        "size": null,
        "size_u": null,
        "anchor": null,
        "color": "#000000",
        "underline": null,
        "plaintext": null,
        "fcolor": null,
        "flnum": null,
        "bold": null,
        "italic": null,
        "dx": null,
        "dx_u": null,
        "dy": null,
        "dy_u": null
      },
      "geometry": {
        "type": "MultiPolygon",
        "coordinates": [
          [
            [
              [
                131.850377,
                43.086449
              ],
              [
                131.850328,
                43.086341
              ],
              [
                131.850426,
                43.086342
              ],
              [
                131.850377,
                43.086449
              ]
            ]
          ]
        ]
      }
    },
    {
      "type": "Feature",
      "properties": {
        "fid": 547,
        "Layer": "LINES",
        "PaperSpace": null,
        "SubClasses": null,
        "Linetype": null,
        "EntityHandle": null,
        "Text": null,
        "ogr_style": "PEN(c:#000000)",
        "font": null,
        "angle": null,
        "size": null,
        "size_u": null,
        "anchor": null,
        "color": "#000000",
        "underline": null,
        "plaintext": null,
        "fcolor": null,
        "flnum": null,
        "bold": null,
        "italic": null,
        "dx": null,
        "dx_u": null,
        "dy": null,
        "dy_u": null
      },
      "geometry": {
        "type": "MultiPolygon",
        "coordinates": [
          [
            [
              [
                131.848703,
                43.082873
              ],
              [
                131.848654,
                43.082765
              ],
              [
                131.848753,
                43.082765
              ],
              [
                131.848703,
                43.082873
              ]
            ]
          ]
        ]
      }
    },
    {
      "type": "Feature",
      "properties": {
        "fid": 548,
        "Layer": "LINES",
        "PaperSpace": null,
        "SubClasses": null,
        "Linetype": null,
        "EntityHandle": null,
        "Text": null,
        "ogr_style": "PEN(c:#000000)",
        "font": null,
        "angle": null,
        "size": null,
        "size_u": null,
        "anchor": null,
        "color": "#000000",
        "underline": null,
        "plaintext": null,
        "fcolor": null,
        "flnum": null,
        "bold": null,
        "italic": null,
        "dx": null,
        "dx_u": null,
        "dy": null,
        "dy_u": null
      },
      "geometry": {
        "type": "MultiPolygon",
        "coordinates": [
          [
            [
              [
                131.861655,
                43.090701
              ],
              [
                131.861729,
                43.090856
              ],
              [
                131.861867,
                43.090819
              ],
              [
                131.861666,
                43.090398
              ],
              [
                131.861503,
                43.090441
              ],
              [
                131.861567,
                43.09057
              ],
              [
                131.861498,
                43.090588
              ],
              [
                131.861564,
                43.090726
              ],
              [
                131.861655,
                43.090701
              ]
            ]
          ]
        ]
      }
    },
    {
      "type": "Feature",
      "properties": {
        "fid": 549,
        "Layer": "LINES",
        "PaperSpace": null,
        "SubClasses": null,
        "Linetype": null,
        "EntityHandle": null,
        "Text": null,
        "ogr_style": "PEN(c:#000000)",
        "font": null,
        "angle": null,
        "size": null,
        "size_u": null,
        "anchor": null,
        "color": "#000000",
        "underline": null,
        "plaintext": null,
        "fcolor": null,
        "flnum": null,
        "bold": null,
        "italic": null,
        "dx": null,
        "dx_u": null,
        "dy": null,
        "dy_u": null
      },
      "geometry": {
        "type": "MultiPolygon",
        "coordinates": [
          [
            [
              [
                131.871393,
                43.104512
              ],
              [
                131.871273,
                43.104607
              ],
              [
                131.870997,
                43.104416
              ],
              [
                131.871118,
                43.104322
              ],
              [
                131.871393,
                43.104512
              ]
            ]
          ]
        ]
      }
    },
    {
      "type": "Feature",
      "properties": {
        "fid": 550,
        "Layer": "LINES",
        "PaperSpace": null,
        "SubClasses": null,
        "Linetype": null,
        "EntityHandle": null,
        "Text": null,
        "ogr_style": "PEN(c:#000000)",
        "font": null,
        "angle": null,
        "size": null,
        "size_u": null,
        "anchor": null,
        "color": "#000000",
        "underline": null,
        "plaintext": null,
        "fcolor": null,
        "flnum": null,
        "bold": null,
        "italic": null,
        "dx": null,
        "dx_u": null,
        "dy": null,
        "dy_u": null
      },
      "geometry": {
        "type": "MultiPolygon",
        "coordinates": [
          [
            [
              [
                131.881432,
                43.108814
              ],
              [
                131.881414,
                43.108815
              ],
              [
                131.881411,
                43.108479
              ],
              [
                131.88138,
                43.10848
              ],
              [
                131.881376,
                43.108273
              ],
              [
                131.881611,
                43.108264
              ],
              [
                131.881612,
                43.108475
              ],
              [
                131.881749,
                43.108473
              ],
              [
                131.881761,
                43.109142
              ],
              [
                131.881512,
                43.109146
              ],
              [
                131.881512,
                43.10913
              ],
              [
                131.881445,
                43.109131
              ],
              [
                131.881432,
                43.108814
              ]
            ]
          ]
        ]
      }
    },
    {
      "type": "Feature",
      "properties": {
        "fid": 551,
        "Layer": "LINES",
        "PaperSpace": null,
        "SubClasses": null,
        "Linetype": null,
        "EntityHandle": null,
        "Text": null,
        "ogr_style": "PEN(c:#000000)",
        "font": null,
        "angle": null,
        "size": null,
        "size_u": null,
        "anchor": null,
        "color": "#000000",
        "underline": null,
        "plaintext": null,
        "fcolor": null,
        "flnum": null,
        "bold": null,
        "italic": null,
        "dx": null,
        "dx_u": null,
        "dy": null,
        "dy_u": null
      },
      "geometry": {
        "type": "MultiPolygon",
        "coordinates": [
          [
            [
              [
                131.883609,
                43.111952
              ],
              [
                131.883107,
                43.112114
              ],
              [
                131.882319,
                43.110808
              ],
              [
                131.882822,
                43.110646
              ],
              [
                131.883609,
                43.111952
              ]
            ]
          ]
        ]
      }
    },
    {
      "type": "Feature",
      "properties": {
        "fid": 552,
        "Layer": "LINES",
        "PaperSpace": null,
        "SubClasses": null,
        "Linetype": null,
        "EntityHandle": null,
        "Text": null,
        "ogr_style": "PEN(c:#000000)",
        "font": null,
        "angle": null,
        "size": null,
        "size_u": null,
        "anchor": null,
        "color": "#000000",
        "underline": null,
        "plaintext": null,
        "fcolor": null,
        "flnum": null,
        "bold": null,
        "italic": null,
        "dx": null,
        "dx_u": null,
        "dy": null,
        "dy_u": null
      },
      "geometry": {
        "type": "MultiPolygon",
        "coordinates": [
          [
            [
              [
                131.883427,
                43.11223
              ],
              [
                131.883522,
                43.112198
              ],
              [
                131.883668,
                43.112433
              ],
              [
                131.883492,
                43.112491
              ],
              [
                131.883448,
                43.112421
              ],
              [
                131.883489,
                43.112407
              ],
              [
                131.883447,
                43.11234
              ],
              [
                131.883487,
                43.112327
              ],
              [
                131.883427,
                43.11223
              ]
            ]
          ]
        ]
      }
    },
    {
      "type": "Feature",
      "properties": {
        "fid": 553,
        "Layer": "LINES",
        "PaperSpace": null,
        "SubClasses": null,
        "Linetype": null,
        "EntityHandle": null,
        "Text": null,
        "ogr_style": "PEN(c:#000000)",
        "font": null,
        "angle": null,
        "size": null,
        "size_u": null,
        "anchor": null,
        "color": "#000000",
        "underline": null,
        "plaintext": null,
        "fcolor": null,
        "flnum": null,
        "bold": null,
        "italic": null,
        "dx": null,
        "dx_u": null,
        "dy": null,
        "dy_u": null
      },
      "geometry": {
        "type": "MultiPolygon",
        "coordinates": [
          [
            [
              [
                131.878585,
                43.110846
              ],
              [
                131.878746,
                43.110816
              ],
              [
                131.878901,
                43.111282
              ],
              [
                131.878739,
                43.111312
              ],
              [
                131.878585,
                43.110846
              ]
            ]
          ]
        ]
      }
    },
    {
      "type": "Feature",
      "properties": {
        "fid": 554,
        "Layer": "LINES",
        "PaperSpace": null,
        "SubClasses": null,
        "Linetype": null,
        "EntityHandle": null,
        "Text": null,
        "ogr_style": "PEN(c:#000000)",
        "font": null,
        "angle": null,
        "size": null,
        "size_u": null,
        "anchor": null,
        "color": "#000000",
        "underline": null,
        "plaintext": null,
        "fcolor": null,
        "flnum": null,
        "bold": null,
        "italic": null,
        "dx": null,
        "dx_u": null,
        "dy": null,
        "dy_u": null
      },
      "geometry": {
        "type": "MultiPolygon",
        "coordinates": [
          [
            [
              [
                131.880561,
                43.109861
              ],
              [
                131.880822,
                43.109822
              ],
              [
                131.880849,
                43.109919
              ],
              [
                131.880613,
                43.109953
              ],
              [
                131.880615,
                43.10996
              ],
              [
                131.88059,
                43.109964
              ],
              [
                131.880561,
                43.109861
              ]
            ]
          ]
        ]
      }
    },
    {
      "type": "Feature",
      "properties": {
        "fid": 555,
        "Layer": "LINES",
        "PaperSpace": null,
        "SubClasses": null,
        "Linetype": null,
        "EntityHandle": null,
        "Text": null,
        "ogr_style": "PEN(c:#000000)",
        "font": null,
        "angle": null,
        "size": null,
        "size_u": null,
        "anchor": null,
        "color": "#000000",
        "underline": null,
        "plaintext": null,
        "fcolor": null,
        "flnum": null,
        "bold": null,
        "italic": null,
        "dx": null,
        "dx_u": null,
        "dy": null,
        "dy_u": null
      },
      "geometry": {
        "type": "MultiPolygon",
        "coordinates": [
          [
            [
              [
                131.876875,
                43.109253
              ],
              [
                131.877097,
                43.109215
              ],
              [
                131.877196,
                43.109526
              ],
              [
                131.876972,
                43.109566
              ],
              [
                131.876875,
                43.109253
              ]
            ]
          ]
        ]
      }
    },
    {
      "type": "Feature",
      "properties": {
        "fid": 556,
        "Layer": "LINES",
        "PaperSpace": null,
        "SubClasses": null,
        "Linetype": null,
        "EntityHandle": null,
        "Text": null,
        "ogr_style": "PEN(c:#000000)",
        "font": null,
        "angle": null,
        "size": null,
        "size_u": null,
        "anchor": null,
        "color": "#000000",
        "underline": null,
        "plaintext": null,
        "fcolor": null,
        "flnum": null,
        "bold": null,
        "italic": null,
        "dx": null,
        "dx_u": null,
        "dy": null,
        "dy_u": null
      },
      "geometry": {
        "type": "MultiPolygon",
        "coordinates": [
          [
            [
              [
                131.875408,
                43.11174
              ],
              [
                131.875359,
                43.111632
              ],
              [
                131.875457,
                43.111632
              ],
              [
                131.875408,
                43.11174
              ]
            ]
          ]
        ]
      }
    },
    {
      "type": "Feature",
      "properties": {
        "fid": 557,
        "Layer": "LINES",
        "PaperSpace": null,
        "SubClasses": null,
        "Linetype": null,
        "EntityHandle": null,
        "Text": null,
        "ogr_style": "PEN(c:#000000)",
        "font": null,
        "angle": null,
        "size": null,
        "size_u": null,
        "anchor": null,
        "color": "#000000",
        "underline": null,
        "plaintext": null,
        "fcolor": null,
        "flnum": null,
        "bold": null,
        "italic": null,
        "dx": null,
        "dx_u": null,
        "dy": null,
        "dy_u": null
      },
      "geometry": {
        "type": "MultiPolygon",
        "coordinates": [
          [
            [
              [
                131.875781,
                43.112361
              ],
              [
                131.875739,
                43.112397
              ],
              [
                131.875749,
                43.112403
              ],
              [
                131.875737,
                43.112415
              ],
              [
                131.875757,
                43.112429
              ],
              [
                131.875735,
                43.112449
              ],
              [
                131.875806,
                43.112489
              ],
              [
                131.875881,
                43.112421
              ],
              [
                131.875781,
                43.112361
              ]
            ]
          ]
        ]
      }
    },
    {
      "type": "Feature",
      "properties": {
        "fid": 558,
        "Layer": "LINES",
        "PaperSpace": null,
        "SubClasses": null,
        "Linetype": null,
        "EntityHandle": null,
        "Text": null,
        "ogr_style": "PEN(c:#000000)",
        "font": null,
        "angle": null,
        "size": null,
        "size_u": null,
        "anchor": null,
        "color": "#000000",
        "underline": null,
        "plaintext": null,
        "fcolor": null,
        "flnum": null,
        "bold": null,
        "italic": null,
        "dx": null,
        "dx_u": null,
        "dy": null,
        "dy_u": null
      },
      "geometry": {
        "type": "MultiPolygon",
        "coordinates": [
          [
            [
              [
                131.879988,
                43.110284
              ],
              [
                131.880204,
                43.110245
              ],
              [
                131.880359,
                43.110695
              ],
              [
                131.880202,
                43.110724
              ],
              [
                131.880179,
                43.110661
              ],
              [
                131.880125,
                43.110672
              ],
              [
                131.880112,
                43.110638
              ],
              [
                131.880142,
                43.110633
              ],
              [
                131.880106,
                43.110526
              ],
              [
                131.880082,
                43.11053
              ],
              [
                131.880066,
                43.110486
              ],
              [
                131.880089,
                43.110482
              ],
              [
                131.88005,
                43.110376
              ],
              [
                131.88002,
                43.110381
              ],
              [
                131.879988,
                43.110284
              ]
            ]
          ]
        ]
      }
    },
    {
      "type": "Feature",
      "properties": {
        "fid": 559,
        "Layer": "LINES",
        "PaperSpace": null,
        "SubClasses": null,
        "Linetype": null,
        "EntityHandle": null,
        "Text": null,
        "ogr_style": "PEN(c:#000000)",
        "font": null,
        "angle": null,
        "size": null,
        "size_u": null,
        "anchor": null,
        "color": "#000000",
        "underline": null,
        "plaintext": null,
        "fcolor": null,
        "flnum": null,
        "bold": null,
        "italic": null,
        "dx": null,
        "dx_u": null,
        "dy": null,
        "dy_u": null
      },
      "geometry": {
        "type": "MultiPolygon",
        "coordinates": [
          [
            [
              [
                131.88059,
                43.109964
              ],
              [
                131.880615,
                43.10996
              ],
              [
                131.880613,
                43.109953
              ],
              [
                131.880707,
                43.10994
              ],
              [
                131.880803,
                43.110273
              ],
              [
                131.880777,
                43.110276
              ],
              [
                131.88082,
                43.11045
              ],
              [
                131.880804,
                43.110514
              ],
              [
                131.880749,
                43.110522
              ],
              [
                131.88059,
                43.109964
              ]
            ]
          ]
        ]
      }
    },
    {
      "type": "Feature",
      "properties": {
        "fid": 560,
        "Layer": "LINES",
        "PaperSpace": null,
        "SubClasses": null,
        "Linetype": null,
        "EntityHandle": null,
        "Text": null,
        "ogr_style": "PEN(c:#000000)",
        "font": null,
        "angle": null,
        "size": null,
        "size_u": null,
        "anchor": null,
        "color": "#000000",
        "underline": null,
        "plaintext": null,
        "fcolor": null,
        "flnum": null,
        "bold": null,
        "italic": null,
        "dx": null,
        "dx_u": null,
        "dy": null,
        "dy_u": null
      },
      "geometry": {
        "type": "MultiPolygon",
        "coordinates": [
          [
            [
              [
                131.880058,
                43.111788
              ],
              [
                131.880218,
                43.111758
              ],
              [
                131.88026,
                43.111872
              ],
              [
                131.880271,
                43.111869
              ],
              [
                131.880295,
                43.111879
              ],
              [
                131.880305,
                43.111904
              ],
              [
                131.88029,
                43.11192
              ],
              [
                131.880279,
                43.111923
              ],
              [
                131.880312,
                43.112011
              ],
              [
                131.880146,
                43.112042
              ],
              [
                131.880058,
                43.111788
              ]
            ]
          ]
        ]
      }
    },
    {
      "type": "Feature",
      "properties": {
        "fid": 561,
        "Layer": "LINES",
        "PaperSpace": null,
        "SubClasses": null,
        "Linetype": null,
        "EntityHandle": null,
        "Text": null,
        "ogr_style": "PEN(c:#000000)",
        "font": null,
        "angle": null,
        "size": null,
        "size_u": null,
        "anchor": null,
        "color": "#000000",
        "underline": null,
        "plaintext": null,
        "fcolor": null,
        "flnum": null,
        "bold": null,
        "italic": null,
        "dx": null,
        "dx_u": null,
        "dy": null,
        "dy_u": null
      },
      "geometry": {
        "type": "MultiPolygon",
        "coordinates": [
          [
            [
              [
                131.864587,
                43.094769
              ],
              [
                131.86467,
                43.094839
              ],
              [
                131.864649,
                43.094852
              ],
              [
                131.864862,
                43.095026
              ],
              [
                131.864983,
                43.095127
              ],
              [
                131.865108,
                43.095233
              ],
              [
                131.865237,
                43.095342
              ],
              [
                131.865259,
                43.095328
              ],
              [
                131.865344,
                43.0954
              ],
              [
                131.865166,
                43.095512
              ],
              [
                131.865126,
                43.09548
              ],
              [
                131.865141,
                43.09547
              ],
              [
                131.864953,
                43.095313
              ],
              [
                131.864837,
                43.095217
              ],
              [
                131.864832,
                43.09522
              ],
              [
                131.864822,
                43.095212
              ],
              [
                131.864764,
                43.095164
              ],
              [
                131.864769,
                43.09516
              ],
              [
                131.864594,
                43.095014
              ],
              [
                131.864466,
                43.094908
              ],
              [
                131.864449,
                43.094919
              ],
              [
                131.864406,
                43.094883
              ],
              [
                131.864587,
                43.094769
              ]
            ]
          ]
        ]
      }
    },
    {
      "type": "Feature",
      "properties": {
        "fid": 562,
        "Layer": "LINES",
        "PaperSpace": null,
        "SubClasses": null,
        "Linetype": null,
        "EntityHandle": null,
        "Text": null,
        "ogr_style": "PEN(c:#000000)",
        "font": null,
        "angle": null,
        "size": null,
        "size_u": null,
        "anchor": null,
        "color": "#000000",
        "underline": null,
        "plaintext": null,
        "fcolor": null,
        "flnum": null,
        "bold": null,
        "italic": null,
        "dx": null,
        "dx_u": null,
        "dy": null,
        "dy_u": null
      },
      "geometry": {
        "type": "MultiPolygon",
        "coordinates": [
          [
            [
              [
                131.863852,
                43.09478
              ],
              [
                131.863665,
                43.094888
              ],
              [
                131.863738,
                43.094955
              ],
              [
                131.863744,
                43.094952
              ],
              [
                131.863894,
                43.095093
              ],
              [
                131.864037,
                43.095227
              ],
              [
                131.864031,
                43.095231
              ],
              [
                131.864103,
                43.095298
              ],
              [
                131.864311,
                43.095179
              ],
              [
                131.864267,
                43.095139
              ],
              [
                131.864247,
                43.095151
              ],
              [
                131.864111,
                43.095024
              ],
              [
                131.863954,
                43.094876
              ],
              [
                131.863852,
                43.09478
              ]
            ]
          ]
        ]
      }
    },
    {
      "type": "Feature",
      "properties": {
        "fid": 563,
        "Layer": "LINES",
        "PaperSpace": null,
        "SubClasses": null,
        "Linetype": null,
        "EntityHandle": null,
        "Text": null,
        "ogr_style": "PEN(c:#000000)",
        "font": null,
        "angle": null,
        "size": null,
        "size_u": null,
        "anchor": null,
        "color": "#000000",
        "underline": null,
        "plaintext": null,
        "fcolor": null,
        "flnum": null,
        "bold": null,
        "italic": null,
        "dx": null,
        "dx_u": null,
        "dy": null,
        "dy_u": null
      },
      "geometry": {
        "type": "MultiPolygon",
        "coordinates": [
          [
            [
              [
                131.855873,
                43.084103
              ],
              [
                131.856124,
                43.084148
              ],
              [
                131.856195,
                43.083953
              ],
              [
                131.855938,
                43.083903
              ],
              [
                131.855873,
                43.084103
              ]
            ]
          ]
        ]
      }
    },
    {
      "type": "Feature",
      "properties": {
        "fid": 564,
        "Layer": "LINES",
        "PaperSpace": null,
        "SubClasses": null,
        "Linetype": null,
        "EntityHandle": null,
        "Text": null,
        "ogr_style": "PEN(c:#000000)",
        "font": null,
        "angle": null,
        "size": null,
        "size_u": null,
        "anchor": null,
        "color": "#000000",
        "underline": null,
        "plaintext": null,
        "fcolor": null,
        "flnum": null,
        "bold": null,
        "italic": null,
        "dx": null,
        "dx_u": null,
        "dy": null,
        "dy_u": null
      },
      "geometry": {
        "type": "MultiPolygon",
        "coordinates": [
          [
            [
              [
                131.854679,
                43.08454
              ],
              [
                131.854725,
                43.084604
              ],
              [
                131.854812,
                43.084569
              ],
              [
                131.854767,
                43.084508
              ],
              [
                131.854679,
                43.08454
              ]
            ]
          ]
        ]
      }
    },
    {
      "type": "Feature",
      "properties": {
        "fid": 565,
        "Layer": "LINES",
        "PaperSpace": null,
        "SubClasses": null,
        "Linetype": null,
        "EntityHandle": null,
        "Text": null,
        "ogr_style": "PEN(c:#000000)",
        "font": null,
        "angle": null,
        "size": null,
        "size_u": null,
        "anchor": null,
        "color": "#000000",
        "underline": null,
        "plaintext": null,
        "fcolor": null,
        "flnum": null,
        "bold": null,
        "italic": null,
        "dx": null,
        "dx_u": null,
        "dy": null,
        "dy_u": null
      },
      "geometry": {
        "type": "MultiPolygon",
        "coordinates": [
          [
            [
              [
                131.877225,
                43.111689
              ],
              [
                131.877296,
                43.111905
              ],
              [
                131.877501,
                43.111867
              ],
              [
                131.87748,
                43.111807
              ],
              [
                131.87749,
                43.111805
              ],
              [
                131.877447,
                43.11168
              ],
              [
                131.877384,
                43.111691
              ],
              [
                131.877382,
                43.111685
              ],
              [
                131.877354,
                43.111674
              ],
              [
                131.877322,
                43.111679
              ],
              [
                131.877319,
                43.111672
              ],
              [
                131.877225,
                43.111689
              ]
            ]
          ]
        ]
      }
    },
    {
      "type": "Feature",
      "properties": {
        "fid": 566,
        "Layer": "LINES",
        "PaperSpace": null,
        "SubClasses": null,
        "Linetype": null,
        "EntityHandle": null,
        "Text": null,
        "ogr_style": "PEN(c:#000000)",
        "font": null,
        "angle": null,
        "size": null,
        "size_u": null,
        "anchor": null,
        "color": "#000000",
        "underline": null,
        "plaintext": null,
        "fcolor": null,
        "flnum": null,
        "bold": null,
        "italic": null,
        "dx": null,
        "dx_u": null,
        "dy": null,
        "dy_u": null
      },
      "geometry": {
        "type": "MultiPolygon",
        "coordinates": [
          [
            [
              [
                131.874836,
                43.112096
              ],
              [
                131.874888,
                43.11204
              ],
              [
                131.875018,
                43.112105
              ],
              [
                131.874965,
                43.112161
              ],
              [
                131.874836,
                43.112096
              ]
            ]
          ]
        ]
      }
    },
    {
      "type": "Feature",
      "properties": {
        "fid": 567,
        "Layer": "LINES",
        "PaperSpace": null,
        "SubClasses": null,
        "Linetype": null,
        "EntityHandle": null,
        "Text": null,
        "ogr_style": "PEN(c:#000000)",
        "font": null,
        "angle": null,
        "size": null,
        "size_u": null,
        "anchor": null,
        "color": "#000000",
        "underline": null,
        "plaintext": null,
        "fcolor": null,
        "flnum": null,
        "bold": null,
        "italic": null,
        "dx": null,
        "dx_u": null,
        "dy": null,
        "dy_u": null
      },
      "geometry": {
        "type": "MultiPolygon",
        "coordinates": [
          [
            [
              [
                131.876325,
                43.111887
              ],
              [
                131.876322,
                43.111857
              ],
              [
                131.876267,
                43.111821
              ],
              [
                131.876603,
                43.111541
              ],
              [
                131.876709,
                43.111609
              ],
              [
                131.876441,
                43.111843
              ],
              [
                131.876427,
                43.111834
              ],
              [
                131.876412,
                43.111847
              ],
              [
                131.876418,
                43.111925
              ],
              [
                131.876431,
                43.111935
              ],
              [
                131.876449,
                43.11192
              ],
              [
                131.876596,
                43.112024
              ],
              [
                131.87649,
                43.112106
              ],
              [
                131.876277,
                43.11196
              ],
              [
                131.876327,
                43.11192
              ],
              [
                131.876325,
                43.111887
              ]
            ]
          ]
        ]
      }
    },
    {
      "type": "Feature",
      "properties": {
        "fid": 568,
        "Layer": "LINES",
        "PaperSpace": null,
        "SubClasses": null,
        "Linetype": null,
        "EntityHandle": null,
        "Text": null,
        "ogr_style": "PEN(c:#000000)",
        "font": null,
        "angle": null,
        "size": null,
        "size_u": null,
        "anchor": null,
        "color": "#000000",
        "underline": null,
        "plaintext": null,
        "fcolor": null,
        "flnum": null,
        "bold": null,
        "italic": null,
        "dx": null,
        "dx_u": null,
        "dy": null,
        "dy_u": null
      },
      "geometry": {
        "type": "MultiPolygon",
        "coordinates": [
          [
            [
              [
                131.875617,
                43.11155
              ],
              [
                131.875773,
                43.111641
              ],
              [
                131.875857,
                43.111564
              ],
              [
                131.875701,
                43.111473
              ],
              [
                131.875617,
                43.11155
              ]
            ]
          ]
        ]
      }
    },
    {
      "type": "Feature",
      "properties": {
        "fid": 569,
        "Layer": "LINES",
        "PaperSpace": null,
        "SubClasses": null,
        "Linetype": null,
        "EntityHandle": null,
        "Text": null,
        "ogr_style": "PEN(c:#000000)",
        "font": null,
        "angle": null,
        "size": null,
        "size_u": null,
        "anchor": null,
        "color": "#000000",
        "underline": null,
        "plaintext": null,
        "fcolor": null,
        "flnum": null,
        "bold": null,
        "italic": null,
        "dx": null,
        "dx_u": null,
        "dy": null,
        "dy_u": null
      },
      "geometry": {
        "type": "MultiPolygon",
        "coordinates": [
          [
            [
              [
                131.876049,
                43.111277
              ],
              [
                131.875936,
                43.111217
              ],
              [
                131.875856,
                43.1113
              ],
              [
                131.875955,
                43.111352
              ],
              [
                131.876011,
                43.111383
              ],
              [
                131.876091,
                43.111299
              ],
              [
                131.876049,
                43.111277
              ]
            ]
          ]
        ]
      }
    },
    {
      "type": "Feature",
      "properties": {
        "fid": 570,
        "Layer": "LINES",
        "PaperSpace": null,
        "SubClasses": null,
        "Linetype": null,
        "EntityHandle": null,
        "Text": null,
        "ogr_style": "PEN(c:#000000)",
        "font": null,
        "angle": null,
        "size": null,
        "size_u": null,
        "anchor": null,
        "color": "#000000",
        "underline": null,
        "plaintext": null,
        "fcolor": null,
        "flnum": null,
        "bold": null,
        "italic": null,
        "dx": null,
        "dx_u": null,
        "dy": null,
        "dy_u": null
      },
      "geometry": {
        "type": "MultiPolygon",
        "coordinates": [
          [
            [
              [
                131.873931,
                43.111909
              ],
              [
                131.873922,
                43.111918
              ],
              [
                131.873855,
                43.111887
              ],
              [
                131.873889,
                43.111845
              ],
              [
                131.873883,
                43.111835
              ],
              [
                131.873893,
                43.111822
              ],
              [
                131.873869,
                43.111812
              ],
              [
                131.873864,
                43.111795
              ],
              [
                131.873896,
                43.111759
              ],
              [
                131.873919,
                43.111756
              ],
              [
                131.874004,
                43.111792
              ],
              [
                131.874014,
                43.111781
              ],
              [
                131.874096,
                43.111817
              ],
              [
                131.873987,
                43.111938
              ],
              [
                131.873931,
                43.111909
              ]
            ]
          ]
        ]
      }
    },
    {
      "type": "Feature",
      "properties": {
        "fid": 571,
        "Layer": "LINES",
        "PaperSpace": null,
        "SubClasses": null,
        "Linetype": null,
        "EntityHandle": null,
        "Text": null,
        "ogr_style": "PEN(c:#000000)",
        "font": null,
        "angle": null,
        "size": null,
        "size_u": null,
        "anchor": null,
        "color": "#000000",
        "underline": null,
        "plaintext": null,
        "fcolor": null,
        "flnum": null,
        "bold": null,
        "italic": null,
        "dx": null,
        "dx_u": null,
        "dy": null,
        "dy_u": null
      },
      "geometry": {
        "type": "MultiPolygon",
        "coordinates": [
          [
            [
              [
                131.86981,
                43.102867
              ],
              [
                131.8697,
                43.10295
              ],
              [
                131.869769,
                43.102998
              ],
              [
                131.869765,
                43.103002
              ],
              [
                131.869878,
                43.103082
              ],
              [
                131.869883,
                43.103078
              ],
              [
                131.869949,
                43.103126
              ],
              [
                131.869993,
                43.103091
              ],
              [
                131.870041,
                43.103125
              ],
              [
                131.870105,
                43.103074
              ],
              [
                131.86981,
                43.102867
              ]
            ]
          ]
        ]
      }
    },
    {
      "type": "Feature",
      "properties": {
        "fid": 572,
        "Layer": "LINES",
        "PaperSpace": null,
        "SubClasses": null,
        "Linetype": null,
        "EntityHandle": null,
        "Text": null,
        "ogr_style": "PEN(c:#000000)",
        "font": null,
        "angle": null,
        "size": null,
        "size_u": null,
        "anchor": null,
        "color": "#000000",
        "underline": null,
        "plaintext": null,
        "fcolor": null,
        "flnum": null,
        "bold": null,
        "italic": null,
        "dx": null,
        "dx_u": null,
        "dy": null,
        "dy_u": null
      },
      "geometry": {
        "type": "MultiPolygon",
        "coordinates": [
          [
            [
              [
                131.874662,
                43.105372
              ],
              [
                131.874862,
                43.105458
              ],
              [
                131.874957,
                43.10534
              ],
              [
                131.874755,
                43.105254
              ],
              [
                131.874749,
                43.105261
              ],
              [
                131.874658,
                43.105222
              ],
              [
                131.874578,
                43.105324
              ],
              [
                131.874669,
                43.105363
              ],
              [
                131.874662,
                43.105372
              ]
            ]
          ]
        ]
      }
    },
    {
      "type": "Feature",
      "properties": {
        "fid": 573,
        "Layer": "LINES",
        "PaperSpace": null,
        "SubClasses": null,
        "Linetype": null,
        "EntityHandle": null,
        "Text": null,
        "ogr_style": "PEN(c:#000000)",
        "font": null,
        "angle": null,
        "size": null,
        "size_u": null,
        "anchor": null,
        "color": "#000000",
        "underline": null,
        "plaintext": null,
        "fcolor": null,
        "flnum": null,
        "bold": null,
        "italic": null,
        "dx": null,
        "dx_u": null,
        "dy": null,
        "dy_u": null
      },
      "geometry": {
        "type": "MultiPolygon",
        "coordinates": [
          [
            [
              [
                131.87054,
                43.105094
              ],
              [
                131.870029,
                43.104804
              ],
              [
                131.869923,
                43.104905
              ],
              [
                131.870434,
                43.105195
              ],
              [
                131.87054,
                43.105094
              ]
            ]
          ]
        ]
      }
    },
    {
      "type": "Feature",
      "properties": {
        "fid": 574,
        "Layer": "LINES",
        "PaperSpace": null,
        "SubClasses": null,
        "Linetype": null,
        "EntityHandle": null,
        "Text": null,
        "ogr_style": "PEN(c:#000000)",
        "font": null,
        "angle": null,
        "size": null,
        "size_u": null,
        "anchor": null,
        "color": "#000000",
        "underline": null,
        "plaintext": null,
        "fcolor": null,
        "flnum": null,
        "bold": null,
        "italic": null,
        "dx": null,
        "dx_u": null,
        "dy": null,
        "dy_u": null
      },
      "geometry": {
        "type": "MultiPolygon",
        "coordinates": [
          [
            [
              [
                131.870523,
                43.103371
              ],
              [
                131.870419,
                43.103454
              ],
              [
                131.870207,
                43.103305
              ],
              [
                131.870314,
                43.103223
              ],
              [
                131.870523,
                43.103371
              ]
            ]
          ]
        ]
      }
    },
    {
      "type": "Feature",
      "properties": {
        "fid": 575,
        "Layer": "LINES",
        "PaperSpace": null,
        "SubClasses": null,
        "Linetype": null,
        "EntityHandle": null,
        "Text": null,
        "ogr_style": "PEN(c:#000000)",
        "font": null,
        "angle": null,
        "size": null,
        "size_u": null,
        "anchor": null,
        "color": "#000000",
        "underline": null,
        "plaintext": null,
        "fcolor": null,
        "flnum": null,
        "bold": null,
        "italic": null,
        "dx": null,
        "dx_u": null,
        "dy": null,
        "dy_u": null
      },
      "geometry": {
        "type": "MultiPolygon",
        "coordinates": [
          [
            [
              [
                131.875952,
                43.106112
              ],
              [
                131.876042,
                43.106334
              ],
              [
                131.876161,
                43.106308
              ],
              [
                131.876072,
                43.106086
              ],
              [
                131.875952,
                43.106112
              ]
            ]
          ]
        ]
      }
    },
    {
      "type": "Feature",
      "properties": {
        "fid": 576,
        "Layer": "LINES",
        "PaperSpace": null,
        "SubClasses": null,
        "Linetype": null,
        "EntityHandle": null,
        "Text": null,
        "ogr_style": "PEN(c:#000000)",
        "font": null,
        "angle": null,
        "size": null,
        "size_u": null,
        "anchor": null,
        "color": "#000000",
        "underline": null,
        "plaintext": null,
        "fcolor": null,
        "flnum": null,
        "bold": null,
        "italic": null,
        "dx": null,
        "dx_u": null,
        "dy": null,
        "dy_u": null
      },
      "geometry": {
        "type": "MultiPolygon",
        "coordinates": [
          [
            [
              [
                131.862691,
                43.091877
              ],
              [
                131.862853,
                43.091834
              ],
              [
                131.862758,
                43.091631
              ],
              [
                131.862595,
                43.09167
              ],
              [
                131.862691,
                43.091877
              ]
            ]
          ]
        ]
      }
    },
    {
      "type": "Feature",
      "properties": {
        "fid": 577,
        "Layer": "LINES",
        "PaperSpace": null,
        "SubClasses": null,
        "Linetype": null,
        "EntityHandle": null,
        "Text": null,
        "ogr_style": "PEN(c:#000000)",
        "font": null,
        "angle": null,
        "size": null,
        "size_u": null,
        "anchor": null,
        "color": "#000000",
        "underline": null,
        "plaintext": null,
        "fcolor": null,
        "flnum": null,
        "bold": null,
        "italic": null,
        "dx": null,
        "dx_u": null,
        "dy": null,
        "dy_u": null
      },
      "geometry": {
        "type": "MultiPolygon",
        "coordinates": [
          [
            [
              [
                131.861906,
                43.090952
              ],
              [
                131.861781,
                43.090982
              ],
              [
                131.861802,
                43.091029
              ],
              [
                131.861832,
                43.091022
              ],
              [
                131.861856,
                43.091079
              ],
              [
                131.861829,
                43.091085
              ],
              [
                131.861875,
                43.091185
              ],
              [
                131.8618,
                43.091203
              ],
              [
                131.862024,
                43.091688
              ],
              [
                131.862099,
                43.09167
              ],
              [
                131.862161,
                43.091803
              ],
              [
                131.862209,
                43.091792
              ],
              [
                131.862202,
                43.091774
              ],
              [
                131.862301,
                43.091751
              ],
              [
                131.861969,
                43.091048
              ],
              [
                131.86195,
                43.091052
              ],
              [
                131.861906,
                43.090952
              ]
            ]
          ]
        ]
      }
    },
    {
      "type": "Feature",
      "properties": {
        "fid": 578,
        "Layer": "LINES",
        "PaperSpace": null,
        "SubClasses": null,
        "Linetype": null,
        "EntityHandle": null,
        "Text": null,
        "ogr_style": "PEN(c:#000000)",
        "font": null,
        "angle": null,
        "size": null,
        "size_u": null,
        "anchor": null,
        "color": "#000000",
        "underline": null,
        "plaintext": null,
        "fcolor": null,
        "flnum": null,
        "bold": null,
        "italic": null,
        "dx": null,
        "dx_u": null,
        "dy": null,
        "dy_u": null
      },
      "geometry": {
        "type": "MultiPolygon",
        "coordinates": [
          [
            [
              [
                131.861183,
                43.090631
              ],
              [
                131.860923,
                43.090696
              ],
              [
                131.860961,
                43.090773
              ],
              [
                131.861037,
                43.090753
              ],
              [
                131.861065,
                43.09081
              ],
              [
                131.860989,
                43.09083
              ],
              [
                131.861037,
                43.090929
              ],
              [
                131.861143,
                43.090902
              ],
              [
                131.86117,
                43.090957
              ],
              [
                131.861064,
                43.090985
              ],
              [
                131.861101,
                43.091061
              ],
              [
                131.86136,
                43.090995
              ],
              [
                131.861321,
                43.090918
              ],
              [
                131.861294,
                43.090925
              ],
              [
                131.861251,
                43.090836
              ],
              [
                131.861307,
                43.090821
              ],
              [
                131.861284,
                43.090772
              ],
              [
                131.861227,
                43.090786
              ],
              [
                131.861192,
                43.090713
              ],
              [
                131.861257,
                43.090696
              ],
              [
                131.861232,
                43.090646
              ],
              [
                131.861195,
                43.090655
              ],
              [
                131.861183,
                43.090631
              ]
            ]
          ]
        ]
      }
    },
    {
      "type": "Feature",
      "properties": {
        "fid": 579,
        "Layer": "LINES",
        "PaperSpace": null,
        "SubClasses": null,
        "Linetype": null,
        "EntityHandle": null,
        "Text": null,
        "ogr_style": "PEN(c:#000000)",
        "font": null,
        "angle": null,
        "size": null,
        "size_u": null,
        "anchor": null,
        "color": "#000000",
        "underline": null,
        "plaintext": null,
        "fcolor": null,
        "flnum": null,
        "bold": null,
        "italic": null,
        "dx": null,
        "dx_u": null,
        "dy": null,
        "dy_u": null
      },
      "geometry": {
        "type": "MultiPolygon",
        "coordinates": [
          [
            [
              [
                131.861779,
                43.091828
              ],
              [
                131.861508,
                43.091899
              ],
              [
                131.861378,
                43.091624
              ],
              [
                131.861318,
                43.091496
              ],
              [
                131.861293,
                43.091503
              ],
              [
                131.861278,
                43.091472
              ],
              [
                131.861302,
                43.091466
              ],
              [
                131.861155,
                43.09117
              ],
              [
                131.861396,
                43.091107
              ],
              [
                131.861435,
                43.091122
              ],
              [
                131.861453,
                43.091155
              ],
              [
                131.861436,
                43.091178
              ],
              [
                131.861318,
                43.091208
              ],
              [
                131.861382,
                43.091339
              ],
              [
                131.861427,
                43.091432
              ],
              [
                131.861574,
                43.091395
              ],
              [
                131.861628,
                43.091516
              ],
              [
                131.861514,
                43.091544
              ],
              [
                131.86159,
                43.091704
              ],
              [
                131.861632,
                43.091791
              ],
              [
                131.861745,
                43.091761
              ],
              [
                131.861779,
                43.091828
              ]
            ]
          ]
        ]
      }
    },
    {
      "type": "Feature",
      "properties": {
        "fid": 580,
        "Layer": "LINES",
        "PaperSpace": null,
        "SubClasses": null,
        "Linetype": null,
        "EntityHandle": null,
        "Text": null,
        "ogr_style": "PEN(c:#000000)",
        "font": null,
        "angle": null,
        "size": null,
        "size_u": null,
        "anchor": null,
        "color": "#000000",
        "underline": null,
        "plaintext": null,
        "fcolor": null,
        "flnum": null,
        "bold": null,
        "italic": null,
        "dx": null,
        "dx_u": null,
        "dy": null,
        "dy_u": null
      },
      "geometry": {
        "type": "MultiPolygon",
        "coordinates": [
          [
            [
              [
                131.864412,
                43.093103
              ],
              [
                131.864355,
                43.092988
              ],
              [
                131.864647,
                43.092913
              ],
              [
                131.864701,
                43.093028
              ],
              [
                131.864412,
                43.093103
              ]
            ]
          ]
        ]
      }
    },
    {
      "type": "Feature",
      "properties": {
        "fid": 581,
        "Layer": "LINES",
        "PaperSpace": null,
        "SubClasses": null,
        "Linetype": null,
        "EntityHandle": null,
        "Text": null,
        "ogr_style": "PEN(c:#000000)",
        "font": null,
        "angle": null,
        "size": null,
        "size_u": null,
        "anchor": null,
        "color": "#000000",
        "underline": null,
        "plaintext": null,
        "fcolor": null,
        "flnum": null,
        "bold": null,
        "italic": null,
        "dx": null,
        "dx_u": null,
        "dy": null,
        "dy_u": null
      },
      "geometry": {
        "type": "MultiPolygon",
        "coordinates": []
      }
    },
    {
      "type": "Feature",
      "properties": {
        "fid": 582,
        "Layer": "LINES",
        "PaperSpace": null,
        "SubClasses": null,
        "Linetype": null,
        "EntityHandle": null,
        "Text": null,
        "ogr_style": "PEN(c:#000000)",
        "font": null,
        "angle": null,
        "size": null,
        "size_u": null,
        "anchor": null,
        "color": "#000000",
        "underline": null,
        "plaintext": null,
        "fcolor": null,
        "flnum": null,
        "bold": null,
        "italic": null,
        "dx": null,
        "dx_u": null,
        "dy": null,
        "dy_u": null
      },
      "geometry": {
        "type": "MultiPolygon",
        "coordinates": []
      }
    },
    {
      "type": "Feature",
      "properties": {
        "fid": 583,
        "Layer": "LINES",
        "PaperSpace": null,
        "SubClasses": null,
        "Linetype": null,
        "EntityHandle": null,
        "Text": null,
        "ogr_style": "PEN(c:#000000)",
        "font": null,
        "angle": null,
        "size": null,
        "size_u": null,
        "anchor": null,
        "color": "#000000",
        "underline": null,
        "plaintext": null,
        "fcolor": null,
        "flnum": null,
        "bold": null,
        "italic": null,
        "dx": null,
        "dx_u": null,
        "dy": null,
        "dy_u": null
      },
      "geometry": {
        "type": "MultiPolygon",
        "coordinates": []
      }
    },
    {
      "type": "Feature",
      "properties": {
        "fid": 584,
        "Layer": "LINES",
        "PaperSpace": null,
        "SubClasses": null,
        "Linetype": null,
        "EntityHandle": null,
        "Text": null,
        "ogr_style": "PEN(c:#000000)",
        "font": null,
        "angle": null,
        "size": null,
        "size_u": null,
        "anchor": null,
        "color": "#000000",
        "underline": null,
        "plaintext": null,
        "fcolor": null,
        "flnum": null,
        "bold": null,
        "italic": null,
        "dx": null,
        "dx_u": null,
        "dy": null,
        "dy_u": null
      },
      "geometry": {
        "type": "MultiPolygon",
        "coordinates": []
      }
    },
    {
      "type": "Feature",
      "properties": {
        "fid": 585,
        "Layer": "LINES",
        "PaperSpace": null,
        "SubClasses": null,
        "Linetype": null,
        "EntityHandle": null,
        "Text": null,
        "ogr_style": "PEN(c:#000000)",
        "font": null,
        "angle": null,
        "size": null,
        "size_u": null,
        "anchor": null,
        "color": "#000000",
        "underline": null,
        "plaintext": null,
        "fcolor": null,
        "flnum": null,
        "bold": null,
        "italic": null,
        "dx": null,
        "dx_u": null,
        "dy": null,
        "dy_u": null
      },
      "geometry": {
        "type": "MultiPolygon",
        "coordinates": []
      }
    },
    {
      "type": "Feature",
      "properties": {
        "fid": 586,
        "Layer": "LINES",
        "PaperSpace": null,
        "SubClasses": null,
        "Linetype": null,
        "EntityHandle": null,
        "Text": null,
        "ogr_style": "PEN(c:#000000)",
        "font": null,
        "angle": null,
        "size": null,
        "size_u": null,
        "anchor": null,
        "color": "#000000",
        "underline": null,
        "plaintext": null,
        "fcolor": null,
        "flnum": null,
        "bold": null,
        "italic": null,
        "dx": null,
        "dx_u": null,
        "dy": null,
        "dy_u": null
      },
      "geometry": {
        "type": "MultiPolygon",
        "coordinates": []
      }
    },
    {
      "type": "Feature",
      "properties": {
        "fid": 587,
        "Layer": "LINES",
        "PaperSpace": null,
        "SubClasses": null,
        "Linetype": null,
        "EntityHandle": null,
        "Text": null,
        "ogr_style": "PEN(c:#000000)",
        "font": null,
        "angle": null,
        "size": null,
        "size_u": null,
        "anchor": null,
        "color": "#000000",
        "underline": null,
        "plaintext": null,
        "fcolor": null,
        "flnum": null,
        "bold": null,
        "italic": null,
        "dx": null,
        "dx_u": null,
        "dy": null,
        "dy_u": null
      },
      "geometry": {
        "type": "MultiPolygon",
        "coordinates": []
      }
    },
    {
      "type": "Feature",
      "properties": {
        "fid": 588,
        "Layer": "LINES",
        "PaperSpace": null,
        "SubClasses": null,
        "Linetype": null,
        "EntityHandle": null,
        "Text": null,
        "ogr_style": "PEN(c:#000000)",
        "font": null,
        "angle": null,
        "size": null,
        "size_u": null,
        "anchor": null,
        "color": "#000000",
        "underline": null,
        "plaintext": null,
        "fcolor": null,
        "flnum": null,
        "bold": null,
        "italic": null,
        "dx": null,
        "dx_u": null,
        "dy": null,
        "dy_u": null
      },
      "geometry": {
        "type": "MultiPolygon",
        "coordinates": []
      }
    },
    {
      "type": "Feature",
      "properties": {
        "fid": 589,
        "Layer": "LINES",
        "PaperSpace": null,
        "SubClasses": null,
        "Linetype": null,
        "EntityHandle": null,
        "Text": null,
        "ogr_style": "PEN(c:#000000)",
        "font": null,
        "angle": null,
        "size": null,
        "size_u": null,
        "anchor": null,
        "color": "#000000",
        "underline": null,
        "plaintext": null,
        "fcolor": null,
        "flnum": null,
        "bold": null,
        "italic": null,
        "dx": null,
        "dx_u": null,
        "dy": null,
        "dy_u": null
      },
      "geometry": {
        "type": "MultiPolygon",
        "coordinates": []
      }
    },
    {
      "type": "Feature",
      "properties": {
        "fid": 590,
        "Layer": "LINES",
        "PaperSpace": null,
        "SubClasses": null,
        "Linetype": null,
        "EntityHandle": null,
        "Text": null,
        "ogr_style": "PEN(c:#000000)",
        "font": null,
        "angle": null,
        "size": null,
        "size_u": null,
        "anchor": null,
        "color": "#000000",
        "underline": null,
        "plaintext": null,
        "fcolor": null,
        "flnum": null,
        "bold": null,
        "italic": null,
        "dx": null,
        "dx_u": null,
        "dy": null,
        "dy_u": null
      },
      "geometry": {
        "type": "MultiPolygon",
        "coordinates": []
      }
    },
    {
      "type": "Feature",
      "properties": {
        "fid": 591,
        "Layer": "LINES",
        "PaperSpace": null,
        "SubClasses": null,
        "Linetype": null,
        "EntityHandle": null,
        "Text": null,
        "ogr_style": "PEN(c:#000000)",
        "font": null,
        "angle": null,
        "size": null,
        "size_u": null,
        "anchor": null,
        "color": "#000000",
        "underline": null,
        "plaintext": null,
        "fcolor": null,
        "flnum": null,
        "bold": null,
        "italic": null,
        "dx": null,
        "dx_u": null,
        "dy": null,
        "dy_u": null
      },
      "geometry": {
        "type": "MultiPolygon",
        "coordinates": []
      }
    },
    {
      "type": "Feature",
      "properties": {
        "fid": 592,
        "Layer": "LINES",
        "PaperSpace": null,
        "SubClasses": null,
        "Linetype": null,
        "EntityHandle": null,
        "Text": null,
        "ogr_style": "PEN(c:#000000)",
        "font": null,
        "angle": null,
        "size": null,
        "size_u": null,
        "anchor": null,
        "color": "#000000",
        "underline": null,
        "plaintext": null,
        "fcolor": null,
        "flnum": null,
        "bold": null,
        "italic": null,
        "dx": null,
        "dx_u": null,
        "dy": null,
        "dy_u": null
      },
      "geometry": {
        "type": "MultiPolygon",
        "coordinates": []
      }
    },
    {
      "type": "Feature",
      "properties": {
        "fid": 593,
        "Layer": "LINES",
        "PaperSpace": null,
        "SubClasses": null,
        "Linetype": null,
        "EntityHandle": null,
        "Text": null,
        "ogr_style": "PEN(c:#000000)",
        "font": null,
        "angle": null,
        "size": null,
        "size_u": null,
        "anchor": null,
        "color": "#000000",
        "underline": null,
        "plaintext": null,
        "fcolor": null,
        "flnum": null,
        "bold": null,
        "italic": null,
        "dx": null,
        "dx_u": null,
        "dy": null,
        "dy_u": null
      },
      "geometry": {
        "type": "MultiPolygon",
        "coordinates": []
      }
    },
    {
      "type": "Feature",
      "properties": {
        "fid": 594,
        "Layer": "LINES",
        "PaperSpace": null,
        "SubClasses": null,
        "Linetype": null,
        "EntityHandle": null,
        "Text": null,
        "ogr_style": "PEN(c:#000000)",
        "font": null,
        "angle": null,
        "size": null,
        "size_u": null,
        "anchor": null,
        "color": "#000000",
        "underline": null,
        "plaintext": null,
        "fcolor": null,
        "flnum": null,
        "bold": null,
        "italic": null,
        "dx": null,
        "dx_u": null,
        "dy": null,
        "dy_u": null
      },
      "geometry": {
        "type": "MultiPolygon",
        "coordinates": []
      }
    },
    {
      "type": "Feature",
      "properties": {
        "fid": 595,
        "Layer": "LINES",
        "PaperSpace": null,
        "SubClasses": null,
        "Linetype": null,
        "EntityHandle": null,
        "Text": null,
        "ogr_style": "PEN(c:#000000)",
        "font": null,
        "angle": null,
        "size": null,
        "size_u": null,
        "anchor": null,
        "color": "#000000",
        "underline": null,
        "plaintext": null,
        "fcolor": null,
        "flnum": null,
        "bold": null,
        "italic": null,
        "dx": null,
        "dx_u": null,
        "dy": null,
        "dy_u": null
      },
      "geometry": {
        "type": "MultiPolygon",
        "coordinates": [
          [
            [
              [
                131.862599,
                43.092375
              ],
              [
                131.862447,
                43.092415
              ],
              [
                131.862504,
                43.09253
              ],
              [
                131.862426,
                43.09255
              ],
              [
                131.862459,
                43.092616
              ],
              [
                131.862534,
                43.092596
              ],
              [
                131.862591,
                43.092723
              ],
              [
                131.862637,
                43.092711
              ],
              [
                131.862628,
                43.092691
              ],
              [
                131.862734,
                43.092667
              ],
              [
                131.862599,
                43.092375
              ]
            ]
          ]
        ]
      }
    },
    {
      "type": "Feature",
      "properties": {
        "fid": 596,
        "Layer": "LINES",
        "PaperSpace": null,
        "SubClasses": null,
        "Linetype": null,
        "EntityHandle": null,
        "Text": null,
        "ogr_style": "PEN(c:#000000)",
        "font": null,
        "angle": null,
        "size": null,
        "size_u": null,
        "anchor": null,
        "color": "#000000",
        "underline": null,
        "plaintext": null,
        "fcolor": null,
        "flnum": null,
        "bold": null,
        "italic": null,
        "dx": null,
        "dx_u": null,
        "dy": null,
        "dy_u": null
      },
      "geometry": {
        "type": "MultiPolygon",
        "coordinates": [
          [
            [
              [
                131.861099,
                43.095581
              ],
              [
                131.861146,
                43.095612
              ],
              [
                131.861184,
                43.095582
              ],
              [
                131.861136,
                43.095551
              ],
              [
                131.861099,
                43.095581
              ]
            ]
          ]
        ]
      }
    },
    {
      "type": "Feature",
      "properties": {
        "fid": 597,
        "Layer": "LINES",
        "PaperSpace": null,
        "SubClasses": null,
        "Linetype": null,
        "EntityHandle": null,
        "Text": null,
        "ogr_style": "PEN(c:#000000)",
        "font": null,
        "angle": null,
        "size": null,
        "size_u": null,
        "anchor": null,
        "color": "#000000",
        "underline": null,
        "plaintext": null,
        "fcolor": null,
        "flnum": null,
        "bold": null,
        "italic": null,
        "dx": null,
        "dx_u": null,
        "dy": null,
        "dy_u": null
      },
      "geometry": {
        "type": "MultiPolygon",
        "coordinates": [
          [
            [
              [
                131.862497,
                43.098929
              ],
              [
                131.862419,
                43.098863
              ],
              [
                131.862351,
                43.098906
              ],
              [
                131.862344,
                43.098901
              ],
              [
                131.862295,
                43.098931
              ],
              [
                131.862207,
                43.098987
              ],
              [
                131.862227,
                43.099003
              ],
              [
                131.86203,
                43.09913
              ],
              [
                131.862063,
                43.09916
              ],
              [
                131.862143,
                43.099227
              ],
              [
                131.862339,
                43.099097
              ],
              [
                131.862358,
                43.099114
              ],
              [
                131.862496,
                43.099027
              ],
              [
                131.862489,
                43.09902
              ],
              [
                131.862558,
                43.09898
              ],
              [
                131.862497,
                43.098929
              ]
            ]
          ]
        ]
      }
    },
    {
      "type": "Feature",
      "properties": {
        "fid": 598,
        "Layer": "LINES",
        "PaperSpace": null,
        "SubClasses": null,
        "Linetype": null,
        "EntityHandle": null,
        "Text": null,
        "ogr_style": "PEN(c:#000000)",
        "font": null,
        "angle": null,
        "size": null,
        "size_u": null,
        "anchor": null,
        "color": "#000000",
        "underline": null,
        "plaintext": null,
        "fcolor": null,
        "flnum": null,
        "bold": null,
        "italic": null,
        "dx": null,
        "dx_u": null,
        "dy": null,
        "dy_u": null
      },
      "geometry": {
        "type": "MultiPolygon",
        "coordinates": [
          [
            [
              [
                131.875974,
                43.112458
              ],
              [
                131.875893,
                43.112533
              ],
              [
                131.87599,
                43.112591
              ],
              [
                131.876073,
                43.112517
              ],
              [
                131.875974,
                43.112458
              ]
            ]
          ]
        ]
      }
    },
    {
      "type": "Feature",
      "properties": {
        "fid": 599,
        "Layer": "LINES",
        "PaperSpace": null,
        "SubClasses": null,
        "Linetype": null,
        "EntityHandle": null,
        "Text": null,
        "ogr_style": "PEN(c:#000000)",
        "font": null,
        "angle": null,
        "size": null,
        "size_u": null,
        "anchor": null,
        "color": "#000000",
        "underline": null,
        "plaintext": null,
        "fcolor": null,
        "flnum": null,
        "bold": null,
        "italic": null,
        "dx": null,
        "dx_u": null,
        "dy": null,
        "dy_u": null
      },
      "geometry": {
        "type": "MultiPolygon",
        "coordinates": [
          [
            [
              [
                131.87625,
                43.112401
              ],
              [
                131.876355,
                43.112457
              ],
              [
                131.876412,
                43.112405
              ],
              [
                131.876447,
                43.112425
              ],
              [
                131.87649,
                43.112385
              ],
              [
                131.876502,
                43.112373
              ],
              [
                131.876467,
                43.112353
              ],
              [
                131.876365,
                43.112296
              ],
              [
                131.87625,
                43.112401
              ]
            ]
          ]
        ]
      }
    }
  ]
}