{"type":"FeatureCollection","name":"6_borders_approved","crs":{"type":"name","properties":{"name":"urn:ogc:def:crs:OGC:1.3:CRS84"}},"features":[{"type":"Feature","properties":{"fid":1,"Layer":"6 - утвержденные границы территорий окн","PaperSpace":null,"SubClasses":"AcDbEntity:AcDbPolyline","Linetype":"ByLayer","EntityHandle":"13B9","Text":null,"ogr_style":"PEN(c:#000000)","font":null,"angle":null,"size":null,"size_u":null,"anchor":null,"color":"#000000","underline":null,"plaintext":null,"fcolor":null,"flnum":null,"bold":null,"italic":null,"dx":null,"dx_u":null,"dy":null,"dy_u":null},"geometry":{"type":"LineString","coordinates":[[131.880749,43.110522],[131.88103,43.110478],[131.880864,43.109972],[131.880769,43.109988],[131.880752,43.109934],[131.880613,43.109953],[131.880615,43.10996],[131.88059,43.109964],[131.880749,43.110522]]}},{"type":"Feature","properties":{"fid":2,"Layer":"6 - утвержденные границы территорий окн","PaperSpace":null,"SubClasses":"AcDbEntity:AcDbPolyline","Linetype":"ByLayer","EntityHandle":"13BB","Text":null,"ogr_style":"PEN(c:#000000)","font":null,"angle":null,"size":null,"size_u":null,"anchor":null,"color":"#000000","underline":null,"plaintext":null,"fcolor":null,"flnum":null,"bold":null,"italic":null,"dx":null,"dx_u":null,"dy":null,"dy_u":null},"geometry":{"type":"LineString","coordinates":[[131.880125,43.110672],[131.880179,43.110661],[131.88021,43.110746],[131.880424,43.1107],[131.880503,43.110682],[131.880446,43.110515],[131.880455,43.110512],[131.880325,43.110157],[131.880208,43.110177],[131.879953,43.11023],[131.880125,43.110672]]}},{"type":"Feature","properties":{"fid":3,"Layer":"6 - утвержденные границы территорий окн","PaperSpace":null,"SubClasses":"AcDbEntity:AcDbPolyline","Linetype":"ByLayer","EntityHandle":"13BD","Text":null,"ogr_style":"PEN(c:#000000)","font":null,"angle":null,"size":null,"size_u":null,"anchor":null,"color":"#000000","underline":null,"plaintext":null,"fcolor":null,"flnum":null,"bold":null,"italic":null,"dx":null,"dx_u":null,"dy":null,"dy_u":null},"geometry":{"type":"LineString","coordinates":[[131.874992,43.111819],[131.874966,43.111845],[131.874857,43.111968],[131.874785,43.112006],[131.874748,43.112025],[131.87469,43.11206],[131.874711,43.112108],[131.874907,43.112206],[131.874879,43.112237],[131.874939,43.112268],[131.875171,43.112026],[131.875144,43.111875],[131.874992,43.111819]]}},{"type":"Feature","properties":{"fid":4,"Layer":"6 - утвержденные границы территорий окн","PaperSpace":null,"SubClasses":"AcDbEntity:AcDbPolyline","Linetype":"ByLayer","EntityHandle":"13BF","Text":null,"ogr_style":"PEN(c:#000000)","font":null,"angle":null,"size":null,"size_u":null,"anchor":null,"color":"#000000","underline":null,"plaintext":null,"fcolor":null,"flnum":null,"bold":null,"italic":null,"dx":null,"dx_u":null,"dy":null,"dy_u":null},"geometry":{"type":"LineString","coordinates":[[131.875875,43.112248],[131.875663,43.11244],[131.875561,43.112537],[131.875608,43.112557],[131.875642,43.112571],[131.875706,43.112593],[131.875756,43.112608],[131.87586,43.112645],[131.875965,43.112702],[131.875986,43.11267],[131.875997,43.112674],[131.875989,43.11263],[131.876048,43.112553],[131.876177,43.112436],[131.876175,43.112433],[131.876148,43.112404],[131.876035,43.112342],[131.875875,43.112248]]}},{"type":"Feature","properties":{"fid":5,"Layer":"6 - утвержденные границы территорий окн","PaperSpace":null,"SubClasses":"AcDbEntity:AcDbPolyline","Linetype":"ByLayer","EntityHandle":"13C1","Text":null,"ogr_style":"PEN(c:#000000)","font":null,"angle":null,"size":null,"size_u":null,"anchor":null,"color":"#000000","underline":null,"plaintext":null,"fcolor":null,"flnum":null,"bold":null,"italic":null,"dx":null,"dx_u":null,"dy":null,"dy_u":null},"geometry":{"type":"LineString","coordinates":[[131.876339,43.11221],[131.876322,43.112228],[131.876148,43.112404],[131.876175,43.112433],[131.876177,43.112436],[131.87619,43.112449],[131.876275,43.1125],[131.876338,43.112538],[131.876432,43.112525],[131.876589,43.11238],[131.87661,43.112361],[131.876339,43.11221]]}},{"type":"Feature","properties":{"fid":6,"Layer":"6 - утвержденные границы территорий окн","PaperSpace":null,"SubClasses":"AcDbEntity:AcDbPolyline","Linetype":"ByLayer","EntityHandle":"13C3","Text":null,"ogr_style":"PEN(c:#000000)","font":null,"angle":null,"size":null,"size_u":null,"anchor":null,"color":"#000000","underline":null,"plaintext":null,"fcolor":null,"flnum":null,"bold":null,"italic":null,"dx":null,"dx_u":null,"dy":null,"dy_u":null},"geometry":{"type":"LineString","coordinates":[[131.874106,43.111572],[131.873985,43.111713],[131.873862,43.111724],[131.873686,43.111639],[131.873666,43.111712],[131.873707,43.111719],[131.87369,43.111783],[131.87368,43.111781],[131.873689,43.111844],[131.873769,43.11192],[131.87386,43.11212],[131.873941,43.112097],[131.873963,43.112058],[131.874018,43.111985],[131.873986,43.111969],[131.874005,43.111948],[131.874001,43.111946],[131.874106,43.111848],[131.874119,43.111835],[131.874139,43.111818],[131.874155,43.111804],[131.874228,43.111742],[131.874268,43.111707],[131.874274,43.111703],[131.874305,43.111676],[131.874106,43.111572]]}},{"type":"Feature","properties":{"fid":7,"Layer":"6 - утвержденные границы территорий окн","PaperSpace":null,"SubClasses":"AcDbEntity:AcDbPolyline","Linetype":"ByLayer","EntityHandle":"13C5","Text":null,"ogr_style":"PEN(c:#000000)","font":null,"angle":null,"size":null,"size_u":null,"anchor":null,"color":"#000000","underline":null,"plaintext":null,"fcolor":null,"flnum":null,"bold":null,"italic":null,"dx":null,"dx_u":null,"dy":null,"dy_u":null},"geometry":{"type":"LineString","coordinates":[[131.877005,43.111588],[131.877037,43.111669],[131.877046,43.111693],[131.877068,43.111748],[131.877029,43.111756],[131.877038,43.111782],[131.877058,43.111838],[131.877076,43.111888],[131.877084,43.111912],[131.877094,43.11194],[131.877236,43.111915],[131.877275,43.111931],[131.87749,43.111891],[131.877541,43.111881],[131.877549,43.111879],[131.877523,43.111804],[131.877479,43.111674],[131.877446,43.111576],[131.877425,43.111512],[131.877396,43.111518],[131.877378,43.111521],[131.877354,43.111525],[131.877181,43.111557],[131.877131,43.111558],[131.877005,43.111588]]}},{"type":"Feature","properties":{"fid":8,"Layer":"6 - утвержденные границы территорий окн","PaperSpace":null,"SubClasses":"AcDbEntity:AcDbPolyline","Linetype":"ByLayer","EntityHandle":"13C7","Text":null,"ogr_style":"PEN(c:#000000)","font":null,"angle":null,"size":null,"size_u":null,"anchor":null,"color":"#000000","underline":null,"plaintext":null,"fcolor":null,"flnum":null,"bold":null,"italic":null,"dx":null,"dx_u":null,"dy":null,"dy_u":null},"geometry":{"type":"LineString","coordinates":[[131.87645,43.111427],[131.876364,43.1115],[131.876238,43.111606],[131.876249,43.111613],[131.876215,43.111642],[131.876028,43.111814],[131.876005,43.111836],[131.876143,43.111915],[131.876457,43.11213],[131.876514,43.112148],[131.876526,43.112142],[131.876715,43.112027],[131.876727,43.112021],[131.87675,43.112014],[131.876757,43.112012],[131.876691,43.111855],[131.876763,43.11184],[131.876742,43.111777],[131.876827,43.111761],[131.876831,43.111653],[131.876697,43.111463],[131.876547,43.111355],[131.876535,43.111365],[131.87645,43.111427]]}},{"type":"Feature","properties":{"fid":9,"Layer":"6 - утвержденные границы территорий окн","PaperSpace":null,"SubClasses":"AcDbEntity:AcDbPolyline","Linetype":"ByLayer","EntityHandle":"13C9","Text":null,"ogr_style":"PEN(c:#000000)","font":null,"angle":null,"size":null,"size_u":null,"anchor":null,"color":"#000000","underline":null,"plaintext":null,"fcolor":null,"flnum":null,"bold":null,"italic":null,"dx":null,"dx_u":null,"dy":null,"dy_u":null},"geometry":{"type":"LineString","coordinates":[[131.875491,43.111572],[131.875469,43.111582],[131.875386,43.11162],[131.875318,43.111647],[131.875364,43.111679],[131.875399,43.111701],[131.875521,43.111591],[131.875491,43.111572]]}},{"type":"Feature","properties":{"fid":10,"Layer":"6 - утвержденные границы территорий окн","PaperSpace":null,"SubClasses":"AcDbEntity:AcDbPolyline","Linetype":"ByLayer","EntityHandle":"13CB","Text":null,"ogr_style":"PEN(c:#000000)","font":null,"angle":null,"size":null,"size_u":null,"anchor":null,"color":"#000000","underline":null,"plaintext":null,"fcolor":null,"flnum":null,"bold":null,"italic":null,"dx":null,"dx_u":null,"dy":null,"dy_u":null},"geometry":{"type":"LineString","coordinates":[[131.88059,43.109964],[131.880615,43.10996],[131.880613,43.109953],[131.880752,43.109934],[131.880769,43.109988],[131.880864,43.109972],[131.880957,43.109957],[131.880912,43.109827],[131.880859,43.109687],[131.880526,43.10974],[131.88059,43.109964]]}},{"type":"Feature","properties":{"fid":11,"Layer":"6 - утвержденные границы территорий окн","PaperSpace":null,"SubClasses":"AcDbEntity:AcDbPolyline","Linetype":"ByLayer","EntityHandle":"13CD","Text":null,"ogr_style":"PEN(c:#000000)","font":null,"angle":null,"size":null,"size_u":null,"anchor":null,"color":"#000000","underline":null,"plaintext":null,"fcolor":null,"flnum":null,"bold":null,"italic":null,"dx":null,"dx_u":null,"dy":null,"dy_u":null},"geometry":{"type":"LineString","coordinates":[[131.88303,43.112153],[131.883709,43.111938],[131.88287,43.110534],[131.882197,43.11075],[131.88303,43.112153]]}},{"type":"Feature","properties":{"fid":12,"Layer":"6 - утвержденные границы территорий окн","PaperSpace":null,"SubClasses":"AcDbEntity:AcDbPolyline","Linetype":"ByLayer","EntityHandle":"13CF","Text":null,"ogr_style":"PEN(c:#000000)","font":null,"angle":null,"size":null,"size_u":null,"anchor":null,"color":"#000000","underline":null,"plaintext":null,"fcolor":null,"flnum":null,"bold":null,"italic":null,"dx":null,"dx_u":null,"dy":null,"dy_u":null},"geometry":{"type":"LineString","coordinates":[[131.881445,43.109131],[131.881512,43.10913],[131.881512,43.109146],[131.881785,43.109142],[131.881757,43.108436],[131.88162,43.10844],[131.881615,43.108229],[131.881355,43.108234],[131.881372,43.108816],[131.881432,43.108814],[131.881445,43.109131]]}},{"type":"Feature","properties":{"fid":13,"Layer":"6 - утвержденные границы территорий окн","PaperSpace":null,"SubClasses":"AcDbEntity:AcDbPolyline","Linetype":"ByLayer","EntityHandle":"13D1","Text":null,"ogr_style":"PEN(c:#000000)","font":null,"angle":null,"size":null,"size_u":null,"anchor":null,"color":"#000000","underline":null,"plaintext":null,"fcolor":null,"flnum":null,"bold":null,"italic":null,"dx":null,"dx_u":null,"dy":null,"dy_u":null},"geometry":{"type":"LineString","coordinates":[[131.873985,43.106573],[131.873734,43.106705],[131.874,43.106837],[131.874156,43.106726],[131.873985,43.106573]]}},{"type":"Feature","properties":{"fid":14,"Layer":"6 - утвержденные границы территорий окн","PaperSpace":null,"SubClasses":"AcDbEntity:AcDbPolyline","Linetype":"ByLayer","EntityHandle":"13D3","Text":null,"ogr_style":"PEN(c:#000000)","font":null,"angle":null,"size":null,"size_u":null,"anchor":null,"color":"#000000","underline":null,"plaintext":null,"fcolor":null,"flnum":null,"bold":null,"italic":null,"dx":null,"dx_u":null,"dy":null,"dy_u":null},"geometry":{"type":"LineString","coordinates":[[131.850927,43.082773],[131.850933,43.082744],[131.850956,43.082618],[131.85081,43.082545],[131.850628,43.082468],[131.850314,43.082293],[131.850094,43.082258],[131.850102,43.082248],[131.850094,43.082227],[131.850081,43.082204],[131.850057,43.082193],[131.850025,43.08219],[131.849986,43.082194],[131.84995,43.082207],[131.84972,43.082088],[131.849698,43.082064],[131.849497,43.082072],[131.849479,43.082074],[131.849174,43.082075],[131.849027,43.082082],[131.848989,43.082037],[131.848789,43.082174],[131.848863,43.082211],[131.848915,43.082237],[131.848946,43.08225],[131.84897,43.082221],[131.849,43.082216],[131.849026,43.082227],[131.849041,43.082209],[131.849132,43.082252],[131.849124,43.082262],[131.849166,43.082278],[131.849159,43.082288],[131.849235,43.082319],[131.849302,43.08235],[131.849466,43.082421],[131.849593,43.082477],[131.849621,43.08244],[131.849761,43.082497],[131.849675,43.082608],[131.849878,43.082697],[131.849844,43.083079],[131.850033,43.083506],[131.849988,43.083518],[131.850096,43.083688],[131.850452,43.083596],[131.850969,43.083311],[131.85094,43.08327],[131.850927,43.082773]]}},{"type":"Feature","properties":{"fid":15,"Layer":"6 - утвержденные границы территорий окн","PaperSpace":null,"SubClasses":"AcDbEntity:AcDbPolyline","Linetype":"ByLayer","EntityHandle":"13D5","Text":null,"ogr_style":"PEN(c:#000000)","font":null,"angle":null,"size":null,"size_u":null,"anchor":null,"color":"#000000","underline":null,"plaintext":null,"fcolor":null,"flnum":null,"bold":null,"italic":null,"dx":null,"dx_u":null,"dy":null,"dy_u":null},"geometry":{"type":"LineString","coordinates":[[131.842765,43.0801],[131.842727,43.079994],[131.842677,43.079973],[131.842704,43.079915],[131.842574,43.079909],[131.842349,43.079916],[131.84229,43.079976],[131.842378,43.080036],[131.842404,43.080097],[131.842429,43.080159],[131.842765,43.0801]]}},{"type":"Feature","properties":{"fid":16,"Layer":"6 - утвержденные границы территорий окн","PaperSpace":null,"SubClasses":"AcDbEntity:AcDbPolyline","Linetype":"ByLayer","EntityHandle":"13D7","Text":null,"ogr_style":"PEN(c:#000000)","font":null,"angle":null,"size":null,"size_u":null,"anchor":null,"color":"#000000","underline":null,"plaintext":null,"fcolor":null,"flnum":null,"bold":null,"italic":null,"dx":null,"dx_u":null,"dy":null,"dy_u":null},"geometry":{"type":"LineString","coordinates":[[131.863634,43.100708],[131.863721,43.100752],[131.863919,43.100604],[131.863922,43.100534],[131.863742,43.100277],[131.863911,43.100217],[131.864314,43.099967],[131.863621,43.099359],[131.863161,43.099665],[131.863021,43.099553],[131.862794,43.099681],[131.86322,43.10015],[131.86344,43.100497],[131.863634,43.100708]]}},{"type":"Feature","properties":{"fid":17,"Layer":"6 - утвержденные границы территорий окн","PaperSpace":null,"SubClasses":"AcDbEntity:AcDbPolyline","Linetype":"ByLayer","EntityHandle":"13D9","Text":null,"ogr_style":"PEN(c:#000000)","font":null,"angle":null,"size":null,"size_u":null,"anchor":null,"color":"#000000","underline":null,"plaintext":null,"fcolor":null,"flnum":null,"bold":null,"italic":null,"dx":null,"dx_u":null,"dy":null,"dy_u":null},"geometry":{"type":"LineString","coordinates":[[131.850905,43.08792],[131.851646,43.087946],[131.85158,43.087626],[131.851068,43.087569],[131.850904,43.087608],[131.850905,43.08792]]}},{"type":"Feature","properties":{"fid":18,"Layer":"6 - утвержденные границы территорий окн","PaperSpace":null,"SubClasses":"AcDbEntity:AcDbPolyline","Linetype":"ByLayer","EntityHandle":"13DB","Text":null,"ogr_style":"PEN(c:#000000)","font":null,"angle":null,"size":null,"size_u":null,"anchor":null,"color":"#000000","underline":null,"plaintext":null,"fcolor":null,"flnum":null,"bold":null,"italic":null,"dx":null,"dx_u":null,"dy":null,"dy_u":null},"geometry":{"type":"LineString","coordinates":[[131.845861,43.082055],[131.84621,43.082204],[131.846358,43.082228],[131.846493,43.082307],[131.846801,43.082384],[131.847782,43.082377],[131.847718,43.082196],[131.846883,43.081893],[131.846526,43.081852],[131.845861,43.082055]]}},{"type":"Feature","properties":{"fid":19,"Layer":"6 - утвержденные границы территорий окн","PaperSpace":null,"SubClasses":"AcDbEntity:AcDbPolyline","Linetype":"ByLayer","EntityHandle":"13DD","Text":null,"ogr_style":"PEN(c:#000000)","font":null,"angle":null,"size":null,"size_u":null,"anchor":null,"color":"#000000","underline":null,"plaintext":null,"fcolor":null,"flnum":null,"bold":null,"italic":null,"dx":null,"dx_u":null,"dy":null,"dy_u":null},"geometry":{"type":"LineString","coordinates":[[131.870469,43.103536],[131.870491,43.103519],[131.870541,43.103479],[131.870622,43.103415],[131.870645,43.103395],[131.870655,43.103367],[131.870642,43.103357],[131.870555,43.103289],[131.870405,43.103183],[131.870348,43.103144],[131.870137,43.103307],[131.870173,43.103333],[131.870469,43.103536]]}},{"type":"Feature","properties":{"fid":20,"Layer":"6 - утвержденные границы территорий окн","PaperSpace":null,"SubClasses":"AcDbEntity:AcDbPolyline","Linetype":"ByLayer","EntityHandle":"13DF","Text":null,"ogr_style":"PEN(c:#000000)","font":null,"angle":null,"size":null,"size_u":null,"anchor":null,"color":"#000000","underline":null,"plaintext":null,"fcolor":null,"flnum":null,"bold":null,"italic":null,"dx":null,"dx_u":null,"dy":null,"dy_u":null},"geometry":{"type":"LineString","coordinates":[[131.869877,43.102821],[131.869776,43.102816],[131.869607,43.102943],[131.869796,43.10308],[131.870031,43.103237],[131.870059,43.103213],[131.870252,43.10305],[131.869877,43.102821]]}},{"type":"Feature","properties":{"fid":21,"Layer":"6 - утвержденные границы территорий окн","PaperSpace":null,"SubClasses":"AcDbEntity:AcDbPolyline","Linetype":"ByLayer","EntityHandle":"13E1","Text":null,"ogr_style":"PEN(c:#000000)","font":null,"angle":null,"size":null,"size_u":null,"anchor":null,"color":"#000000","underline":null,"plaintext":null,"fcolor":null,"flnum":null,"bold":null,"italic":null,"dx":null,"dx_u":null,"dy":null,"dy_u":null},"geometry":{"type":"LineString","coordinates":[[131.855647,43.084161],[131.855823,43.084191],[131.856253,43.084203],[131.856288,43.084186],[131.856299,43.084162],[131.856392,43.083967],[131.856396,43.083907],[131.856315,43.083858],[131.856237,43.083839],[131.856113,43.083832],[131.855996,43.083841],[131.855908,43.083838],[131.855807,43.083831],[131.855766,43.083891],[131.855545,43.084091],[131.855647,43.084161]]}},{"type":"Feature","properties":{"fid":22,"Layer":"6 - утвержденные границы территорий окн","PaperSpace":null,"SubClasses":"AcDbEntity:AcDbPolyline","Linetype":"ByLayer","EntityHandle":"13E3","Text":null,"ogr_style":"PEN(c:#000000)","font":null,"angle":null,"size":null,"size_u":null,"anchor":null,"color":"#000000","underline":null,"plaintext":null,"fcolor":null,"flnum":null,"bold":null,"italic":null,"dx":null,"dx_u":null,"dy":null,"dy_u":null},"geometry":{"type":"LineString","coordinates":[[131.854851,43.084582],[131.854791,43.08448],[131.854635,43.084536],[131.854715,43.084639],[131.854851,43.084582]]}},{"type":"Feature","properties":{"fid":23,"Layer":"6 - утвержденные границы территорий окн","PaperSpace":null,"SubClasses":"AcDbEntity:AcDbPolyline","Linetype":"ByLayer","EntityHandle":"13E5","Text":null,"ogr_style":"PEN(c:#000000)","font":null,"angle":null,"size":null,"size_u":null,"anchor":null,"color":"#000000","underline":null,"plaintext":null,"fcolor":null,"flnum":null,"bold":null,"italic":null,"dx":null,"dx_u":null,"dy":null,"dy_u":null},"geometry":{"type":"LineString","coordinates":[[131.850203,43.086328],[131.850321,43.086489],[131.850544,43.086401],[131.850426,43.08624],[131.850203,43.086328]]}},{"type":"Feature","properties":{"fid":24,"Layer":"6 - утвержденные границы территорий окн","PaperSpace":null,"SubClasses":"AcDbEntity:AcDbPolyline","Linetype":"ByLayer","EntityHandle":"13E7","Text":null,"ogr_style":"PEN(c:#000000)","font":null,"angle":null,"size":null,"size_u":null,"anchor":null,"color":"#000000","underline":null,"plaintext":null,"fcolor":null,"flnum":null,"bold":null,"italic":null,"dx":null,"dx_u":null,"dy":null,"dy_u":null},"geometry":{"type":"LineString","coordinates":[[131.862195,43.092426],[131.862363,43.09262],[131.862662,43.092847],[131.862827,43.092784],[131.862584,43.092328],[131.862195,43.092426]]}},{"type":"Feature","properties":{"fid":25,"Layer":"6 - утвержденные границы территорий окн","PaperSpace":null,"SubClasses":"AcDbEntity:AcDbPolyline","Linetype":"ByLayer","EntityHandle":"13E9","Text":null,"ogr_style":"PEN(c:#000000)","font":null,"angle":null,"size":null,"size_u":null,"anchor":null,"color":"#000000","underline":null,"plaintext":null,"fcolor":null,"flnum":null,"bold":null,"italic":null,"dx":null,"dx_u":null,"dy":null,"dy_u":null},"geometry":{"type":"LineString","coordinates":[[131.86278,43.092235],[131.862916,43.092562],[131.863244,43.092442],[131.863065,43.092071],[131.862823,43.092139],[131.86278,43.092235]]}},{"type":"Feature","properties":{"fid":26,"Layer":"6 - утвержденные границы территорий окн","PaperSpace":null,"SubClasses":"AcDbEntity:AcDbPolyline","Linetype":"ByLayer","EntityHandle":"13EB","Text":null,"ogr_style":"PEN(c:#000000)","font":null,"angle":null,"size":null,"size_u":null,"anchor":null,"color":"#000000","underline":null,"plaintext":null,"fcolor":null,"flnum":null,"bold":null,"italic":null,"dx":null,"dx_u":null,"dy":null,"dy_u":null},"geometry":{"type":"LineString","coordinates":[[131.861605,43.090962],[131.862026,43.091881],[131.862293,43.091817],[131.862333,43.091738],[131.862316,43.0914],[131.86205,43.090846],[131.861605,43.090962]]}},{"type":"Feature","properties":{"fid":27,"Layer":"6 - утвержденные границы территорий окн","PaperSpace":null,"SubClasses":"AcDbEntity:AcDbPolyline","Linetype":"ByLayer","EntityHandle":"13ED","Text":null,"ogr_style":"PEN(c:#000000)","font":null,"angle":null,"size":null,"size_u":null,"anchor":null,"color":"#000000","underline":null,"plaintext":null,"fcolor":null,"flnum":null,"bold":null,"italic":null,"dx":null,"dx_u":null,"dy":null,"dy_u":null},"geometry":{"type":"LineString","coordinates":[[131.8624,43.091561],[131.862441,43.091852],[131.862496,43.091997],[131.862644,43.091959],[131.862724,43.092105],[131.862806,43.09208],[131.862896,43.091974],[131.862905,43.091823],[131.862799,43.091584],[131.862616,43.091476],[131.8624,43.091561]]}},{"type":"Feature","properties":{"fid":28,"Layer":"6 - утвержденные границы территорий окн","PaperSpace":null,"SubClasses":"AcDbEntity:AcDbPolyline","Linetype":"ByLayer","EntityHandle":"13EF","Text":null,"ogr_style":"PEN(c:#000000)","font":null,"angle":null,"size":null,"size_u":null,"anchor":null,"color":"#000000","underline":null,"plaintext":null,"fcolor":null,"flnum":null,"bold":null,"italic":null,"dx":null,"dx_u":null,"dy":null,"dy_u":null},"geometry":{"type":"LineString","coordinates":[[131.861265,43.090344],[131.861568,43.090972],[131.86205,43.090846],[131.861778,43.090286],[131.861706,43.090307],[131.861667,43.090257],[131.861265,43.090344]]}},{"type":"Feature","properties":{"fid":29,"Layer":"6 - утвержденные границы территорий окн","PaperSpace":null,"SubClasses":"AcDbEntity:AcDbPolyline","Linetype":"ByLayer","EntityHandle":"13F1","Text":null,"ogr_style":"PEN(c:#000000)","font":null,"angle":null,"size":null,"size_u":null,"anchor":null,"color":"#000000","underline":null,"plaintext":null,"fcolor":null,"flnum":null,"bold":null,"italic":null,"dx":null,"dx_u":null,"dy":null,"dy_u":null},"geometry":{"type":"LineString","coordinates":[[131.860745,43.090429],[131.861507,43.092012],[131.861659,43.092275],[131.861989,43.092194],[131.861966,43.092072],[131.862026,43.091881],[131.861605,43.090962],[131.861568,43.090972],[131.861265,43.090344],[131.861219,43.090314],[131.861135,43.090296],[131.860745,43.090429]]}},{"type":"Feature","properties":{"fid":30,"Layer":"6 - утвержденные границы территорий окн","PaperSpace":null,"SubClasses":"AcDbEntity:AcDbPolyline","Linetype":"ByLayer","EntityHandle":"13F3","Text":null,"ogr_style":"PEN(c:#000000)","font":null,"angle":null,"size":null,"size_u":null,"anchor":null,"color":"#000000","underline":null,"plaintext":null,"fcolor":null,"flnum":null,"bold":null,"italic":null,"dx":null,"dx_u":null,"dy":null,"dy_u":null},"geometry":{"type":"LineString","coordinates":[[131.871135,43.104199],[131.871127,43.104201],[131.871097,43.104224],[131.870982,43.104315],[131.870936,43.104358],[131.870898,43.104399],[131.870903,43.104427],[131.870913,43.104479],[131.870993,43.104531],[131.871236,43.104676],[131.871265,43.104656],[131.871387,43.104566],[131.871535,43.104471],[131.871498,43.104448],[131.871186,43.10423],[131.871143,43.104201],[131.871135,43.104199]]}},{"type":"Feature","properties":{"fid":31,"Layer":"6 - утвержденные границы территорий окн","PaperSpace":null,"SubClasses":"AcDbEntity:AcDbPolyline","Linetype":"ByLayer","EntityHandle":"13F5","Text":null,"ogr_style":"PEN(c:#000000)","font":null,"angle":null,"size":null,"size_u":null,"anchor":null,"color":"#000000","underline":null,"plaintext":null,"fcolor":null,"flnum":null,"bold":null,"italic":null,"dx":null,"dx_u":null,"dy":null,"dy_u":null},"geometry":{"type":"LineString","coordinates":[[131.870093,43.104655],[131.869823,43.104911],[131.869876,43.104942],[131.869967,43.104991],[131.870248,43.105161],[131.870264,43.105176],[131.870324,43.105233],[131.870356,43.105266],[131.870426,43.105291],[131.870648,43.105081],[131.870636,43.105002],[131.870588,43.104965],[131.870473,43.104884],[131.870387,43.104828],[131.870316,43.104784],[131.870286,43.104765],[131.87018,43.104705],[131.870093,43.104655]]}},{"type":"Feature","properties":{"fid":32,"Layer":"6 - утвержденные границы территорий окн","PaperSpace":null,"SubClasses":"AcDbEntity:AcDbPolyline","Linetype":"ByLayer","EntityHandle":"13F7","Text":null,"ogr_style":"PEN(c:#000000)","font":null,"angle":null,"size":null,"size_u":null,"anchor":null,"color":"#000000","underline":null,"plaintext":null,"fcolor":null,"flnum":null,"bold":null,"italic":null,"dx":null,"dx_u":null,"dy":null,"dy_u":null},"geometry":{"type":"LineString","coordinates":[[131.880163,43.112046],[131.880454,43.111989],[131.880337,43.111668],[131.880157,43.111716],[131.880025,43.111761],[131.880163,43.112046]]}},{"type":"Feature","properties":{"fid":33,"Layer":"6 - утвержденные границы территорий окн","PaperSpace":null,"SubClasses":"AcDbEntity:AcDbPolyline","Linetype":"ByLayer","EntityHandle":"13F9","Text":null,"ogr_style":"PEN(c:#000000)","font":null,"angle":null,"size":null,"size_u":null,"anchor":null,"color":"#000000","underline":null,"plaintext":null,"fcolor":null,"flnum":null,"bold":null,"italic":null,"dx":null,"dx_u":null,"dy":null,"dy_u":null},"geometry":{"type":"LineString","coordinates":[[131.879984,43.111522],[131.880073,43.111729],[131.880372,43.111661],[131.880303,43.11149],[131.880311,43.111489],[131.880295,43.11145],[131.880189,43.111473],[131.880167,43.111483],[131.879984,43.111522]]}},{"type":"Feature","properties":{"fid":34,"Layer":"6 - утвержденные границы территорий окн","PaperSpace":null,"SubClasses":"AcDbEntity:AcDbPolyline","Linetype":"ByLayer","EntityHandle":"13FB","Text":null,"ogr_style":"PEN(c:#000000)","font":null,"angle":null,"size":null,"size_u":null,"anchor":null,"color":"#000000","underline":null,"plaintext":null,"fcolor":null,"flnum":null,"bold":null,"italic":null,"dx":null,"dx_u":null,"dy":null,"dy_u":null},"geometry":{"type":"LineString","coordinates":[[131.875367,43.114938],[131.875495,43.115047],[131.875705,43.114828],[131.875676,43.114815],[131.875527,43.114737],[131.875506,43.114737],[131.875462,43.11477],[131.875443,43.114794],[131.875423,43.114818],[131.875367,43.114938]]}},{"type":"Feature","properties":{"fid":35,"Layer":"6 - утвержденные границы территорий окн","PaperSpace":null,"SubClasses":"AcDbEntity:AcDbPolyline","Linetype":"ByLayer","EntityHandle":"13FD","Text":null,"ogr_style":"PEN(c:#000000)","font":null,"angle":null,"size":null,"size_u":null,"anchor":null,"color":"#000000","underline":null,"plaintext":null,"fcolor":null,"flnum":null,"bold":null,"italic":null,"dx":null,"dx_u":null,"dy":null,"dy_u":null},"geometry":{"type":"LineString","coordinates":[[131.878553,43.113779],[131.878235,43.113826],[131.877258,43.113798],[131.876818,43.113724],[131.876523,43.113489],[131.876391,43.113482],[131.87634,43.113573],[131.876589,43.11379],[131.87646,43.113946],[131.876727,43.114113],[131.876877,43.114257],[131.876969,43.114289],[131.87707,43.114301],[131.8771,43.114237],[131.877324,43.114264],[131.877685,43.114266],[131.877697,43.114326],[131.878957,43.114416],[131.87896,43.114499],[131.879457,43.114615],[131.87967,43.114559],[131.879665,43.114443],[131.879625,43.114348],[131.879554,43.114364],[131.879486,43.114225],[131.879565,43.114203],[131.879387,43.113903],[131.879241,43.113825],[131.879067,43.113854],[131.879067,43.113863],[131.878553,43.113779]]}},{"type":"Feature","properties":{"fid":36,"Layer":"6 - утвержденные границы территорий окн","PaperSpace":null,"SubClasses":"AcDbEntity:AcDbPolyline","Linetype":"ByLayer","EntityHandle":"13FF","Text":null,"ogr_style":"PEN(c:#000000)","font":null,"angle":null,"size":null,"size_u":null,"anchor":null,"color":"#000000","underline":null,"plaintext":null,"fcolor":null,"flnum":null,"bold":null,"italic":null,"dx":null,"dx_u":null,"dy":null,"dy_u":null},"geometry":{"type":"LineString","coordinates":[[131.889919,43.114902],[131.890417,43.114805],[131.89038,43.114701],[131.890298,43.114474],[131.8899,43.114552],[131.889955,43.114708],[131.889852,43.114727],[131.889919,43.114902]]}},{"type":"Feature","properties":{"fid":37,"Layer":"6 - утвержденные границы территорий окн","PaperSpace":null,"SubClasses":"AcDbEntity:AcDbPolyline","Linetype":"ByLayer","EntityHandle":"1401","Text":null,"ogr_style":"PEN(c:#000000)","font":null,"angle":null,"size":null,"size_u":null,"anchor":null,"color":"#000000","underline":null,"plaintext":null,"fcolor":null,"flnum":null,"bold":null,"italic":null,"dx":null,"dx_u":null,"dy":null,"dy_u":null},"geometry":{"type":"LineString","coordinates":[[131.889177,43.115046],[131.889767,43.114931],[131.88972,43.114799],[131.889672,43.114663],[131.889347,43.11473],[131.889349,43.114739],[131.889088,43.114786],[131.889106,43.114847],[131.889166,43.115016],[131.889177,43.115046]]}},{"type":"Feature","properties":{"fid":38,"Layer":"6 - утвержденные границы территорий окн","PaperSpace":null,"SubClasses":"AcDbEntity:AcDbPolyline","Linetype":"ByLayer","EntityHandle":"1403","Text":null,"ogr_style":"PEN(c:#000000)","font":null,"angle":null,"size":null,"size_u":null,"anchor":null,"color":"#000000","underline":null,"plaintext":null,"fcolor":null,"flnum":null,"bold":null,"italic":null,"dx":null,"dx_u":null,"dy":null,"dy_u":null},"geometry":{"type":"LineString","coordinates":[[131.882767,43.116958],[131.883175,43.116909],[131.883386,43.116898],[131.883179,43.116346],[131.882591,43.11646],[131.882767,43.116958]]}},{"type":"Feature","properties":{"fid":39,"Layer":"6 - утвержденные границы территорий окн","PaperSpace":null,"SubClasses":"AcDbEntity:AcDbPolyline","Linetype":"ByLayer","EntityHandle":"1405","Text":null,"ogr_style":"PEN(c:#000000)","font":null,"angle":null,"size":null,"size_u":null,"anchor":null,"color":"#000000","underline":null,"plaintext":null,"fcolor":null,"flnum":null,"bold":null,"italic":null,"dx":null,"dx_u":null,"dy":null,"dy_u":null},"geometry":{"type":"LineString","coordinates":[[131.874594,43.11301],[131.874645,43.113007],[131.874635,43.112955],[131.874585,43.112959],[131.874594,43.11301]]}},{"type":"Feature","properties":{"fid":40,"Layer":"6 - утвержденные границы территорий окн","PaperSpace":null,"SubClasses":"AcDbEntity:AcDbPolyline","Linetype":"ByLayer","EntityHandle":"1407","Text":null,"ogr_style":"PEN(c:#000000)","font":null,"angle":null,"size":null,"size_u":null,"anchor":null,"color":"#000000","underline":null,"plaintext":null,"fcolor":null,"flnum":null,"bold":null,"italic":null,"dx":null,"dx_u":null,"dy":null,"dy_u":null},"geometry":{"type":"LineString","coordinates":[[131.881784,43.1124],[131.8813,43.112503],[131.881498,43.11304],[131.881657,43.113012],[131.88168,43.11308],[131.882311,43.112954],[131.881839,43.112534],[131.881784,43.1124]]}},{"type":"Feature","properties":{"fid":41,"Layer":"6 - утвержденные границы территорий окн","PaperSpace":null,"SubClasses":"AcDbEntity:AcDbPolyline","Linetype":"ByLayer","EntityHandle":"1409","Text":null,"ogr_style":"PEN(c:#000000)","font":null,"angle":null,"size":null,"size_u":null,"anchor":null,"color":"#000000","underline":null,"plaintext":null,"fcolor":null,"flnum":null,"bold":null,"italic":null,"dx":null,"dx_u":null,"dy":null,"dy_u":null},"geometry":{"type":"LineString","coordinates":[[131.882261,43.114142],[131.881833,43.114239],[131.881964,43.114617],[131.882414,43.114528],[131.882261,43.114142]]}},{"type":"Feature","properties":{"fid":42,"Layer":"6 - утвержденные границы территорий окн","PaperSpace":null,"SubClasses":"AcDbEntity:AcDbPolyline","Linetype":"ByLayer","EntityHandle":"140B","Text":null,"ogr_style":"PEN(c:#000000)","font":null,"angle":null,"size":null,"size_u":null,"anchor":null,"color":"#000000","underline":null,"plaintext":null,"fcolor":null,"flnum":null,"bold":null,"italic":null,"dx":null,"dx_u":null,"dy":null,"dy_u":null},"geometry":{"type":"LineString","coordinates":[[131.882419,43.11462],[131.882005,43.114698],[131.882067,43.114868],[131.882475,43.114793],[131.882419,43.11462]]}},{"type":"Feature","properties":{"fid":43,"Layer":"6 - утвержденные границы территорий окн","PaperSpace":null,"SubClasses":"AcDbEntity:AcDbPolyline","Linetype":"ByLayer","EntityHandle":"140D","Text":null,"ogr_style":"PEN(c:#000000)","font":null,"angle":null,"size":null,"size_u":null,"anchor":null,"color":"#000000","underline":null,"plaintext":null,"fcolor":null,"flnum":null,"bold":null,"italic":null,"dx":null,"dx_u":null,"dy":null,"dy_u":null},"geometry":{"type":"LineString","coordinates":[[131.883108,43.113942],[131.882779,43.114013],[131.8829,43.114345],[131.882821,43.114362],[131.88286,43.114464],[131.883267,43.114373],[131.883108,43.113942]]}},{"type":"Feature","properties":{"fid":44,"Layer":"6 - утвержденные границы территорий окн","PaperSpace":null,"SubClasses":"AcDbEntity:AcDbPolyline","Linetype":"ByLayer","EntityHandle":"140F","Text":null,"ogr_style":"PEN(c:#000000)","font":null,"angle":null,"size":null,"size_u":null,"anchor":null,"color":"#000000","underline":null,"plaintext":null,"fcolor":null,"flnum":null,"bold":null,"italic":null,"dx":null,"dx_u":null,"dy":null,"dy_u":null},"geometry":{"type":"LineString","coordinates":[[131.882525,43.113694],[131.882229,43.113769],[131.882252,43.113824],[131.882337,43.113807],[131.882359,43.113875],[131.882386,43.113927],[131.882631,43.113869],[131.882525,43.113694]]}},{"type":"Feature","properties":{"fid":45,"Layer":"6 - утвержденные границы территорий окн","PaperSpace":null,"SubClasses":"AcDbEntity:AcDbPolyline","Linetype":"ByLayer","EntityHandle":"1411","Text":null,"ogr_style":"PEN(c:#000000)","font":null,"angle":null,"size":null,"size_u":null,"anchor":null,"color":"#000000","underline":null,"plaintext":null,"fcolor":null,"flnum":null,"bold":null,"italic":null,"dx":null,"dx_u":null,"dy":null,"dy_u":null},"geometry":{"type":"LineString","coordinates":[[131.882337,43.113807],[131.882251,43.113825],[131.88238,43.114128],[131.882739,43.114049],[131.882631,43.113869],[131.882386,43.113927],[131.882359,43.113875],[131.882337,43.113807]]}},{"type":"Feature","properties":{"fid":46,"Layer":"6 - утвержденные границы территорий окн","PaperSpace":null,"SubClasses":"AcDbEntity:AcDbPolyline","Linetype":"ByLayer","EntityHandle":"1413","Text":null,"ogr_style":"PEN(c:#000000)","font":null,"angle":null,"size":null,"size_u":null,"anchor":null,"color":"#000000","underline":null,"plaintext":null,"fcolor":null,"flnum":null,"bold":null,"italic":null,"dx":null,"dx_u":null,"dy":null,"dy_u":null},"geometry":{"type":"LineString","coordinates":[[131.883289,43.112202],[131.883484,43.11253],[131.883968,43.112375],[131.88377,43.11204],[131.883289,43.112202]]}},{"type":"Feature","properties":{"fid":47,"Layer":"6 - утвержденные границы территорий окн","PaperSpace":null,"SubClasses":"AcDbEntity:AcDbPolyline","Linetype":"ByLayer","EntityHandle":"1415","Text":null,"ogr_style":"PEN(c:#000000)","font":null,"angle":null,"size":null,"size_u":null,"anchor":null,"color":"#000000","underline":null,"plaintext":null,"fcolor":null,"flnum":null,"bold":null,"italic":null,"dx":null,"dx_u":null,"dy":null,"dy_u":null},"geometry":{"type":"LineString","coordinates":[[131.881657,43.113012],[131.881397,43.113058],[131.8815,43.113394],[131.881915,43.11332],[131.881839,43.11312],[131.8817,43.113138],[131.881657,43.113012]]}},{"type":"Feature","properties":{"fid":48,"Layer":"6 - утвержденные границы территорий окн","PaperSpace":null,"SubClasses":"AcDbEntity:AcDbPolyline","Linetype":"ByLayer","EntityHandle":"1417","Text":null,"ogr_style":"PEN(c:#000000)","font":null,"angle":null,"size":null,"size_u":null,"anchor":null,"color":"#000000","underline":null,"plaintext":null,"fcolor":null,"flnum":null,"bold":null,"italic":null,"dx":null,"dx_u":null,"dy":null,"dy_u":null},"geometry":{"type":"LineString","coordinates":[[131.881901,43.1136],[131.881567,43.11366],[131.881641,43.113849],[131.881986,43.113778],[131.881901,43.1136]]}},{"type":"Feature","properties":{"fid":49,"Layer":"6 - утвержденные границы территорий окн","PaperSpace":null,"SubClasses":"AcDbEntity:AcDbPolyline","Linetype":"ByLayer","EntityHandle":"1419","Text":null,"ogr_style":"PEN(c:#000000)","font":null,"angle":null,"size":null,"size_u":null,"anchor":null,"color":"#000000","underline":null,"plaintext":null,"fcolor":null,"flnum":null,"bold":null,"italic":null,"dx":null,"dx_u":null,"dy":null,"dy_u":null},"geometry":{"type":"LineString","coordinates":[[131.897749,43.113803],[131.898073,43.113867],[131.898166,43.11361],[131.897847,43.113547],[131.897749,43.113803]]}},{"type":"Feature","properties":{"fid":50,"Layer":"6 - утвержденные границы территорий окн","PaperSpace":null,"SubClasses":"AcDbEntity:AcDbPolyline","Linetype":"ByLayer","EntityHandle":"141B","Text":null,"ogr_style":"PEN(c:#000000)","font":null,"angle":null,"size":null,"size_u":null,"anchor":null,"color":"#000000","underline":null,"plaintext":null,"fcolor":null,"flnum":null,"bold":null,"italic":null,"dx":null,"dx_u":null,"dy":null,"dy_u":null},"geometry":{"type":"LineString","coordinates":[[131.92857,43.113415],[131.928605,43.113417],[131.928635,43.113419],[131.928849,43.113436],[131.928882,43.113187],[131.928603,43.113168],[131.92857,43.113415]]}},{"type":"Feature","properties":{"fid":51,"Layer":"6 - утвержденные границы территорий окн","PaperSpace":null,"SubClasses":"AcDbEntity:AcDbPolyline","Linetype":"ByLayer","EntityHandle":"141D","Text":null,"ogr_style":"PEN(c:#000000)","font":null,"angle":null,"size":null,"size_u":null,"anchor":null,"color":"#000000","underline":null,"plaintext":null,"fcolor":null,"flnum":null,"bold":null,"italic":null,"dx":null,"dx_u":null,"dy":null,"dy_u":null},"geometry":{"type":"LineString","coordinates":[[131.879726,43.118205],[131.879415,43.118258],[131.879424,43.118282],[131.879497,43.118488],[131.879521,43.118487],[131.879605,43.118489],[131.879613,43.118513],[131.879721,43.118493],[131.879816,43.118475],[131.879816,43.118475],[131.879816,43.118475],[131.879726,43.118205]]}},{"type":"Feature","properties":{"fid":52,"Layer":"6 - утвержденные границы территорий окн","PaperSpace":null,"SubClasses":"AcDbEntity:AcDbPolyline","Linetype":"ByLayer","EntityHandle":"141F","Text":null,"ogr_style":"PEN(c:#000000)","font":null,"angle":null,"size":null,"size_u":null,"anchor":null,"color":"#000000","underline":null,"plaintext":null,"fcolor":null,"flnum":null,"bold":null,"italic":null,"dx":null,"dx_u":null,"dy":null,"dy_u":null},"geometry":{"type":"LineString","coordinates":[[131.880324,43.118122],[131.880319,43.118108],[131.879939,43.11818],[131.880173,43.118822],[131.880173,43.118822],[131.880195,43.118818],[131.880195,43.118818],[131.880341,43.118788],[131.880344,43.118796],[131.880376,43.118789],[131.880373,43.118781],[131.88032,43.118637],[131.880313,43.118618],[131.880334,43.118614],[131.880383,43.118605],[131.880299,43.118384],[131.880399,43.118348],[131.880359,43.118232],[131.880364,43.118232],[131.880324,43.118122]]}},{"type":"Feature","properties":{"fid":53,"Layer":"6 - утвержденные границы территорий окн","PaperSpace":null,"SubClasses":"AcDbEntity:AcDbPolyline","Linetype":"ByLayer","EntityHandle":"1421","Text":null,"ogr_style":"PEN(c:#000000)","font":null,"angle":null,"size":null,"size_u":null,"anchor":null,"color":"#000000","underline":null,"plaintext":null,"fcolor":null,"flnum":null,"bold":null,"italic":null,"dx":null,"dx_u":null,"dy":null,"dy_u":null},"geometry":{"type":"LineString","coordinates":[[131.880799,43.118036],[131.880835,43.118134],[131.880847,43.118164],[131.881101,43.118118],[131.881144,43.11811],[131.881136,43.118088],[131.881097,43.117976],[131.881097,43.117976],[131.881091,43.117959],[131.880793,43.118018],[131.880799,43.118036]]}},{"type":"Feature","properties":{"fid":54,"Layer":"6 - утвержденные границы территорий окн","PaperSpace":null,"SubClasses":"AcDbEntity:AcDbPolyline","Linetype":"ByLayer","EntityHandle":"1423","Text":null,"ogr_style":"PEN(c:#000000)","font":null,"angle":null,"size":null,"size_u":null,"anchor":null,"color":"#000000","underline":null,"plaintext":null,"fcolor":null,"flnum":null,"bold":null,"italic":null,"dx":null,"dx_u":null,"dy":null,"dy_u":null},"geometry":{"type":"LineString","coordinates":[[131.881091,43.117959],[131.881097,43.117976],[131.881144,43.11811],[131.881101,43.118118],[131.881132,43.118201],[131.88118,43.118337],[131.881209,43.11843],[131.881229,43.118426],[131.881354,43.118403],[131.881409,43.11843],[131.881465,43.118419],[131.88148,43.118406],[131.88144,43.118299],[131.88148,43.118291],[131.881442,43.118185],[131.881346,43.117911],[131.881345,43.117909],[131.881091,43.117959]]}},{"type":"Feature","properties":{"fid":55,"Layer":"6 - утвержденные границы территорий окн","PaperSpace":null,"SubClasses":"AcDbEntity:AcDbPolyline","Linetype":"ByLayer","EntityHandle":"1425","Text":null,"ogr_style":"PEN(c:#000000)","font":null,"angle":null,"size":null,"size_u":null,"anchor":null,"color":"#000000","underline":null,"plaintext":null,"fcolor":null,"flnum":null,"bold":null,"italic":null,"dx":null,"dx_u":null,"dy":null,"dy_u":null},"geometry":{"type":"LineString","coordinates":[[131.880466,43.117893],[131.880754,43.117841],[131.880694,43.117662],[131.880663,43.117667],[131.880667,43.117678],[131.880456,43.117714],[131.880449,43.117692],[131.8804,43.1177],[131.880466,43.117893]]}},{"type":"Feature","properties":{"fid":56,"Layer":"6 - утвержденные границы территорий окн","PaperSpace":null,"SubClasses":"AcDbEntity:AcDbPolyline","Linetype":"ByLayer","EntityHandle":"1427","Text":null,"ogr_style":"PEN(c:#000000)","font":null,"angle":null,"size":null,"size_u":null,"anchor":null,"color":"#000000","underline":null,"plaintext":null,"fcolor":null,"flnum":null,"bold":null,"italic":null,"dx":null,"dx_u":null,"dy":null,"dy_u":null},"geometry":{"type":"LineString","coordinates":[[131.880754,43.117841],[131.88102,43.117791],[131.880952,43.117596],[131.880849,43.117616],[131.880854,43.117631],[131.880694,43.117662],[131.880754,43.117841]]}},{"type":"Feature","properties":{"fid":57,"Layer":"6 - утвержденные границы территорий окн","PaperSpace":null,"SubClasses":"AcDbEntity:AcDbPolyline","Linetype":"ByLayer","EntityHandle":"1429","Text":null,"ogr_style":"PEN(c:#000000)","font":null,"angle":null,"size":null,"size_u":null,"anchor":null,"color":"#000000","underline":null,"plaintext":null,"fcolor":null,"flnum":null,"bold":null,"italic":null,"dx":null,"dx_u":null,"dy":null,"dy_u":null},"geometry":{"type":"LineString","coordinates":[[131.88102,43.117791],[131.881113,43.117772],[131.881191,43.117757],[131.881186,43.117746],[131.881592,43.117666],[131.881538,43.117527],[131.881461,43.117542],[131.881407,43.117541],[131.881288,43.117565],[131.881269,43.117519],[131.881295,43.117481],[131.881287,43.117451],[131.881016,43.1175],[131.881034,43.117547],[131.880941,43.117566],[131.880952,43.117596],[131.88102,43.117791]]}},{"type":"Feature","properties":{"fid":58,"Layer":"6 - утвержденные границы территорий окн","PaperSpace":null,"SubClasses":"AcDbEntity:AcDbPolyline","Linetype":"ByLayer","EntityHandle":"142B","Text":null,"ogr_style":"PEN(c:#000000)","font":null,"angle":null,"size":null,"size_u":null,"anchor":null,"color":"#000000","underline":null,"plaintext":null,"fcolor":null,"flnum":null,"bold":null,"italic":null,"dx":null,"dx_u":null,"dy":null,"dy_u":null},"geometry":{"type":"LineString","coordinates":[[131.880941,43.117566],[131.881034,43.117547],[131.880945,43.117307],[131.880854,43.117325],[131.880941,43.117566]]}},{"type":"Feature","properties":{"fid":59,"Layer":"6 - утвержденные границы территорий окн","PaperSpace":null,"SubClasses":"AcDbEntity:AcDbPolyline","Linetype":"ByLayer","EntityHandle":"142D","Text":null,"ogr_style":"PEN(c:#000000)","font":null,"angle":null,"size":null,"size_u":null,"anchor":null,"color":"#000000","underline":null,"plaintext":null,"fcolor":null,"flnum":null,"bold":null,"italic":null,"dx":null,"dx_u":null,"dy":null,"dy_u":null},"geometry":{"type":"LineString","coordinates":[[131.881414,43.117211],[131.880945,43.117312],[131.880971,43.117384],[131.881443,43.117287],[131.881414,43.117211]]}},{"type":"Feature","properties":{"fid":60,"Layer":"6 - утвержденные границы территорий окн","PaperSpace":null,"SubClasses":"AcDbEntity:AcDbPolyline","Linetype":"ByLayer","EntityHandle":"142F","Text":null,"ogr_style":"PEN(c:#000000)","font":null,"angle":null,"size":null,"size_u":null,"anchor":null,"color":"#000000","underline":null,"plaintext":null,"fcolor":null,"flnum":null,"bold":null,"italic":null,"dx":null,"dx_u":null,"dy":null,"dy_u":null},"geometry":{"type":"LineString","coordinates":[[131.881592,43.116961],[131.881815,43.116912],[131.881789,43.116844],[131.88186,43.116829],[131.881852,43.116806],[131.881874,43.116769],[131.881828,43.116642],[131.881497,43.116705],[131.881592,43.116961]]}},{"type":"Feature","properties":{"fid":61,"Layer":"6 - утвержденные границы территорий окн","PaperSpace":null,"SubClasses":"AcDbEntity:AcDbPolyline","Linetype":"ByLayer","EntityHandle":"1431","Text":null,"ogr_style":"PEN(c:#000000)","font":null,"angle":null,"size":null,"size_u":null,"anchor":null,"color":"#000000","underline":null,"plaintext":null,"fcolor":null,"flnum":null,"bold":null,"italic":null,"dx":null,"dx_u":null,"dy":null,"dy_u":null},"geometry":{"type":"LineString","coordinates":[[131.881207,43.117936],[131.881213,43.117953],[131.881305,43.118212],[131.881442,43.118185],[131.881346,43.117911],[131.881345,43.117909],[131.881207,43.117936]]}},{"type":"Feature","properties":{"fid":62,"Layer":"6 - утвержденные границы территорий окн","PaperSpace":null,"SubClasses":"AcDbEntity:AcDbPolyline","Linetype":"ByLayer","EntityHandle":"1433","Text":null,"ogr_style":"PEN(c:#000000)","font":null,"angle":null,"size":null,"size_u":null,"anchor":null,"color":"#000000","underline":null,"plaintext":null,"fcolor":null,"flnum":null,"bold":null,"italic":null,"dx":null,"dx_u":null,"dy":null,"dy_u":null},"geometry":{"type":"LineString","coordinates":[[131.881728,43.118135],[131.881471,43.118179],[131.881442,43.118185],[131.88148,43.118291],[131.88144,43.118299],[131.88148,43.118406],[131.881813,43.11834],[131.881787,43.118271],[131.88178,43.118253],[131.881774,43.118237],[131.881766,43.118239],[131.881728,43.118135]]}},{"type":"Feature","properties":{"fid":63,"Layer":"6 - утвержденные границы территорий окн","PaperSpace":null,"SubClasses":"AcDbEntity:AcDbPolyline","Linetype":"ByLayer","EntityHandle":"1435","Text":null,"ogr_style":"PEN(c:#000000)","font":null,"angle":null,"size":null,"size_u":null,"anchor":null,"color":"#000000","underline":null,"plaintext":null,"fcolor":null,"flnum":null,"bold":null,"italic":null,"dx":null,"dx_u":null,"dy":null,"dy_u":null},"geometry":{"type":"LineString","coordinates":[[131.881648,43.117864],[131.881648,43.117864],[131.881644,43.117851],[131.881515,43.117876],[131.881379,43.117903],[131.881459,43.118129],[131.88171,43.118084],[131.881687,43.118021],[131.881706,43.118017],[131.881648,43.117864]]}},{"type":"Feature","properties":{"fid":64,"Layer":"6 - утвержденные границы территорий окн","PaperSpace":null,"SubClasses":"AcDbEntity:AcDbPolyline","Linetype":"ByLayer","EntityHandle":"1437","Text":null,"ogr_style":"PEN(c:#000000)","font":null,"angle":null,"size":null,"size_u":null,"anchor":null,"color":"#000000","underline":null,"plaintext":null,"fcolor":null,"flnum":null,"bold":null,"italic":null,"dx":null,"dx_u":null,"dy":null,"dy_u":null},"geometry":{"type":"LineString","coordinates":[[131.881648,43.117864],[131.881706,43.118017],[131.881687,43.118021],[131.88171,43.118084],[131.881728,43.118135],[131.881766,43.118239],[131.881774,43.118237],[131.881788,43.118234],[131.881874,43.118217],[131.881932,43.118204],[131.881858,43.117965],[131.8821,43.117917],[131.882097,43.117906],[131.882124,43.117901],[131.882185,43.117889],[131.882181,43.117875],[131.882257,43.117861],[131.882223,43.117768],[131.882218,43.117755],[131.882214,43.117742],[131.881644,43.117851],[131.881648,43.117864]]}},{"type":"Feature","properties":{"fid":65,"Layer":"6 - утвержденные границы территорий окн","PaperSpace":null,"SubClasses":"AcDbEntity:AcDbPolyline","Linetype":"ByLayer","EntityHandle":"1439","Text":null,"ogr_style":"PEN(c:#000000)","font":null,"angle":null,"size":null,"size_u":null,"anchor":null,"color":"#000000","underline":null,"plaintext":null,"fcolor":null,"flnum":null,"bold":null,"italic":null,"dx":null,"dx_u":null,"dy":null,"dy_u":null},"geometry":{"type":"LineString","coordinates":[[131.882169,43.118274],[131.882162,43.118257],[131.882135,43.118182],[131.882128,43.118163],[131.881932,43.118204],[131.881874,43.118217],[131.881788,43.118234],[131.881774,43.118237],[131.88178,43.118253],[131.881787,43.118271],[131.881813,43.11834],[131.881815,43.118344],[131.882119,43.118284],[131.882169,43.118274]]}},{"type":"Feature","properties":{"fid":66,"Layer":"6 - утвержденные границы территорий окн","PaperSpace":null,"SubClasses":"AcDbEntity:AcDbPolyline","Linetype":"ByLayer","EntityHandle":"143B","Text":null,"ogr_style":"PEN(c:#000000)","font":null,"angle":null,"size":null,"size_u":null,"anchor":null,"color":"#000000","underline":null,"plaintext":null,"fcolor":null,"flnum":null,"bold":null,"italic":null,"dx":null,"dx_u":null,"dy":null,"dy_u":null},"geometry":{"type":"LineString","coordinates":[[131.882347,43.11812],[131.882213,43.118144],[131.882128,43.118163],[131.882135,43.118182],[131.882162,43.118257],[131.882169,43.118274],[131.88237,43.118236],[131.88239,43.118235],[131.882352,43.118135],[131.882347,43.11812]]}},{"type":"Feature","properties":{"fid":67,"Layer":"6 - утвержденные границы территорий окн","PaperSpace":null,"SubClasses":"AcDbEntity:AcDbPolyline","Linetype":"ByLayer","EntityHandle":"143D","Text":null,"ogr_style":"PEN(c:#000000)","font":null,"angle":null,"size":null,"size_u":null,"anchor":null,"color":"#000000","underline":null,"plaintext":null,"fcolor":null,"flnum":null,"bold":null,"italic":null,"dx":null,"dx_u":null,"dy":null,"dy_u":null},"geometry":{"type":"LineString","coordinates":[[131.882128,43.118163],[131.882213,43.118144],[131.882124,43.117901],[131.882097,43.117906],[131.8821,43.117917],[131.881858,43.117965],[131.881932,43.118204],[131.882128,43.118163]]}},{"type":"Feature","properties":{"fid":68,"Layer":"6 - утвержденные границы территорий окн","PaperSpace":null,"SubClasses":"AcDbEntity:AcDbPolyline","Linetype":"ByLayer","EntityHandle":"143F","Text":null,"ogr_style":"PEN(c:#000000)","font":null,"angle":null,"size":null,"size_u":null,"anchor":null,"color":"#000000","underline":null,"plaintext":null,"fcolor":null,"flnum":null,"bold":null,"italic":null,"dx":null,"dx_u":null,"dy":null,"dy_u":null},"geometry":{"type":"LineString","coordinates":[[131.882257,43.117861],[131.882181,43.117875],[131.882185,43.117889],[131.882124,43.117901],[131.882213,43.118144],[131.882347,43.11812],[131.882344,43.118112],[131.882276,43.117907],[131.882257,43.117861]]}},{"type":"Feature","properties":{"fid":69,"Layer":"6 - утвержденные границы территорий окн","PaperSpace":null,"SubClasses":"AcDbEntity:AcDbPolyline","Linetype":"ByLayer","EntityHandle":"1441","Text":null,"ogr_style":"PEN(c:#000000)","font":null,"angle":null,"size":null,"size_u":null,"anchor":null,"color":"#000000","underline":null,"plaintext":null,"fcolor":null,"flnum":null,"bold":null,"italic":null,"dx":null,"dx_u":null,"dy":null,"dy_u":null},"geometry":{"type":"LineString","coordinates":[[131.882196,43.117312],[131.882292,43.117332],[131.882352,43.11732],[131.882469,43.117298],[131.882465,43.117285],[131.882308,43.116814],[131.882076,43.116863],[131.882184,43.117155],[131.882143,43.117163],[131.882196,43.117312]]}},{"type":"Feature","properties":{"fid":70,"Layer":"6 - утвержденные границы территорий окн","PaperSpace":null,"SubClasses":"AcDbEntity:AcDbPolyline","Linetype":"ByLayer","EntityHandle":"1443","Text":null,"ogr_style":"PEN(c:#000000)","font":null,"angle":null,"size":null,"size_u":null,"anchor":null,"color":"#000000","underline":null,"plaintext":null,"fcolor":null,"flnum":null,"bold":null,"italic":null,"dx":null,"dx_u":null,"dy":null,"dy_u":null},"geometry":{"type":"LineString","coordinates":[[131.882419,43.117499],[131.882706,43.117444],[131.882654,43.117294],[131.88253,43.117319],[131.882515,43.117275],[131.882465,43.117285],[131.882469,43.117298],[131.882352,43.11732],[131.882419,43.117499]]}},{"type":"Feature","properties":{"fid":71,"Layer":"6 - утвержденные границы территорий окн","PaperSpace":null,"SubClasses":"AcDbEntity:AcDbPolyline","Linetype":"ByLayer","EntityHandle":"1445","Text":null,"ogr_style":"PEN(c:#000000)","font":null,"angle":null,"size":null,"size_u":null,"anchor":null,"color":"#000000","underline":null,"plaintext":null,"fcolor":null,"flnum":null,"bold":null,"italic":null,"dx":null,"dx_u":null,"dy":null,"dy_u":null},"geometry":{"type":"LineString","coordinates":[[131.88253,43.117319],[131.882625,43.1173],[131.88244,43.116769],[131.88234,43.116786],[131.882302,43.116794],[131.882465,43.117285],[131.882515,43.117275],[131.88253,43.117319]]}},{"type":"Feature","properties":{"fid":72,"Layer":"6 - утвержденные границы территорий окн","PaperSpace":null,"SubClasses":"AcDbEntity:AcDbPolyline","Linetype":"ByLayer","EntityHandle":"1447","Text":null,"ogr_style":"PEN(c:#000000)","font":null,"angle":null,"size":null,"size_u":null,"anchor":null,"color":"#000000","underline":null,"plaintext":null,"fcolor":null,"flnum":null,"bold":null,"italic":null,"dx":null,"dx_u":null,"dy":null,"dy_u":null},"geometry":{"type":"LineString","coordinates":[[131.882155,43.117554],[131.882419,43.117499],[131.882368,43.117363],[131.882102,43.117411],[131.882155,43.117554]]}},{"type":"Feature","properties":{"fid":73,"Layer":"6 - утвержденные границы территорий окн","PaperSpace":null,"SubClasses":"AcDbEntity:AcDbPolyline","Linetype":"ByLayer","EntityHandle":"1449","Text":null,"ogr_style":"PEN(c:#000000)","font":null,"angle":null,"size":null,"size_u":null,"anchor":null,"color":"#000000","underline":null,"plaintext":null,"fcolor":null,"flnum":null,"bold":null,"italic":null,"dx":null,"dx_u":null,"dy":null,"dy_u":null},"geometry":{"type":"LineString","coordinates":[[131.88189,43.116906],[131.882076,43.116863],[131.882276,43.116821],[131.882243,43.116731],[131.882008,43.116776],[131.881852,43.116806],[131.88186,43.116829],[131.88189,43.116906]]}},{"type":"Feature","properties":{"fid":74,"Layer":"6 - утвержденные границы территорий окн","PaperSpace":null,"SubClasses":"AcDbEntity:AcDbPolyline","Linetype":"ByLayer","EntityHandle":"144B","Text":null,"ogr_style":"PEN(c:#000000)","font":null,"angle":null,"size":null,"size_u":null,"anchor":null,"color":"#000000","underline":null,"plaintext":null,"fcolor":null,"flnum":null,"bold":null,"italic":null,"dx":null,"dx_u":null,"dy":null,"dy_u":null},"geometry":{"type":"LineString","coordinates":[[131.882276,43.116821],[131.882308,43.116814],[131.882302,43.116794],[131.88234,43.116786],[131.88244,43.116769],[131.882468,43.116764],[131.882443,43.116693],[131.882288,43.116723],[131.882243,43.116731],[131.882276,43.116821]]}},{"type":"Feature","properties":{"fid":75,"Layer":"6 - утвержденные границы территорий окн","PaperSpace":null,"SubClasses":"AcDbEntity:AcDbPolyline","Linetype":"ByLayer","EntityHandle":"144D","Text":null,"ogr_style":"PEN(c:#000000)","font":null,"angle":null,"size":null,"size_u":null,"anchor":null,"color":"#000000","underline":null,"plaintext":null,"fcolor":null,"flnum":null,"bold":null,"italic":null,"dx":null,"dx_u":null,"dy":null,"dy_u":null},"geometry":{"type":"LineString","coordinates":[[131.882075,43.117338],[131.882196,43.117312],[131.882143,43.117163],[131.882184,43.117155],[131.882076,43.116863],[131.88189,43.116906],[131.881959,43.117088],[131.882021,43.117253],[131.882045,43.117258],[131.882063,43.117303],[131.882075,43.117338]]}},{"type":"Feature","properties":{"fid":76,"Layer":"6 - утвержденные границы территорий окн","PaperSpace":null,"SubClasses":"AcDbEntity:AcDbPolyline","Linetype":"ByLayer","EntityHandle":"144F","Text":null,"ogr_style":"PEN(c:#000000)","font":null,"angle":null,"size":null,"size_u":null,"anchor":null,"color":"#000000","underline":null,"plaintext":null,"fcolor":null,"flnum":null,"bold":null,"italic":null,"dx":null,"dx_u":null,"dy":null,"dy_u":null},"geometry":{"type":"LineString","coordinates":[[131.882352,43.118135],[131.88239,43.118235],[131.882669,43.118177],[131.882632,43.118079],[131.882493,43.118109],[131.882352,43.118135]]}},{"type":"Feature","properties":{"fid":77,"Layer":"6 - утвержденные границы территорий окн","PaperSpace":null,"SubClasses":"AcDbEntity:AcDbPolyline","Linetype":"ByLayer","EntityHandle":"1451","Text":null,"ogr_style":"PEN(c:#000000)","font":null,"angle":null,"size":null,"size_u":null,"anchor":null,"color":"#000000","underline":null,"plaintext":null,"fcolor":null,"flnum":null,"bold":null,"italic":null,"dx":null,"dx_u":null,"dy":null,"dy_u":null},"geometry":{"type":"LineString","coordinates":[[131.882417,43.117883],[131.882493,43.118109],[131.882632,43.118079],[131.882556,43.117856],[131.882417,43.117883]]}},{"type":"Feature","properties":{"fid":78,"Layer":"6 - утвержденные границы территорий окн","PaperSpace":null,"SubClasses":"AcDbEntity:AcDbPolyline","Linetype":"ByLayer","EntityHandle":"1453","Text":null,"ogr_style":"PEN(c:#000000)","font":null,"angle":null,"size":null,"size_u":null,"anchor":null,"color":"#000000","underline":null,"plaintext":null,"fcolor":null,"flnum":null,"bold":null,"italic":null,"dx":null,"dx_u":null,"dy":null,"dy_u":null},"geometry":{"type":"LineString","coordinates":[[131.882276,43.117907],[131.882344,43.118112],[131.882347,43.11812],[131.882352,43.118135],[131.882493,43.118109],[131.882417,43.117883],[131.882276,43.117907]]}},{"type":"Feature","properties":{"fid":79,"Layer":"6 - утвержденные границы территорий окн","PaperSpace":null,"SubClasses":"AcDbEntity:AcDbPolyline","Linetype":"ByLayer","EntityHandle":"1455","Text":null,"ogr_style":"PEN(c:#000000)","font":null,"angle":null,"size":null,"size_u":null,"anchor":null,"color":"#000000","underline":null,"plaintext":null,"fcolor":null,"flnum":null,"bold":null,"italic":null,"dx":null,"dx_u":null,"dy":null,"dy_u":null},"geometry":{"type":"LineString","coordinates":[[131.882214,43.117742],[131.882218,43.117755],[131.882223,43.117768],[131.882257,43.117861],[131.882276,43.117907],[131.882417,43.117883],[131.882556,43.117856],[131.882501,43.1177],[131.882497,43.117688],[131.882214,43.117742]]}},{"type":"Feature","properties":{"fid":80,"Layer":"6 - утвержденные границы территорий окн","PaperSpace":null,"SubClasses":"AcDbEntity:AcDbPolyline","Linetype":"ByLayer","EntityHandle":"1457","Text":null,"ogr_style":"PEN(c:#000000)","font":null,"angle":null,"size":null,"size_u":null,"anchor":null,"color":"#000000","underline":null,"plaintext":null,"fcolor":null,"flnum":null,"bold":null,"italic":null,"dx":null,"dx_u":null,"dy":null,"dy_u":null},"geometry":{"type":"LineString","coordinates":[[131.883096,43.117301],[131.882933,43.117333],[131.882959,43.117412],[131.883526,43.117308],[131.883466,43.117126],[131.883261,43.117163],[131.883236,43.11709],[131.883085,43.117118],[131.883134,43.117254],[131.883083,43.117265],[131.883096,43.117301]]}},{"type":"Feature","properties":{"fid":81,"Layer":"6 - утвержденные границы территорий окн","PaperSpace":null,"SubClasses":"AcDbEntity:AcDbPolyline","Linetype":"ByLayer","EntityHandle":"1459","Text":null,"ogr_style":"PEN(c:#000000)","font":null,"angle":null,"size":null,"size_u":null,"anchor":null,"color":"#000000","underline":null,"plaintext":null,"fcolor":null,"flnum":null,"bold":null,"italic":null,"dx":null,"dx_u":null,"dy":null,"dy_u":null},"geometry":{"type":"LineString","coordinates":[[131.883544,43.117357],[131.883979,43.117276],[131.883978,43.117123],[131.883907,43.117134],[131.883867,43.117141],[131.883806,43.117152],[131.883804,43.117139],[131.883799,43.117139],[131.883777,43.117078],[131.883739,43.117074],[131.883725,43.117039],[131.883678,43.117048],[131.883454,43.11709],[131.883544,43.117357]]}},{"type":"Feature","properties":{"fid":82,"Layer":"6 - утвержденные границы территорий окн","PaperSpace":null,"SubClasses":"AcDbEntity:AcDbPolyline","Linetype":"ByLayer","EntityHandle":"145B","Text":null,"ogr_style":"PEN(c:#000000)","font":null,"angle":null,"size":null,"size_u":null,"anchor":null,"color":"#000000","underline":null,"plaintext":null,"fcolor":null,"flnum":null,"bold":null,"italic":null,"dx":null,"dx_u":null,"dy":null,"dy_u":null},"geometry":{"type":"LineString","coordinates":[[131.883978,43.117123],[131.883983,43.116806],[131.883901,43.116805],[131.883666,43.116852],[131.883597,43.116867],[131.883588,43.116843],[131.883382,43.116889],[131.883452,43.11709],[131.883454,43.11709],[131.883678,43.117048],[131.883725,43.117039],[131.883739,43.117074],[131.883777,43.117078],[131.883799,43.117139],[131.883804,43.117139],[131.883806,43.117152],[131.883867,43.117141],[131.883907,43.117134],[131.883978,43.117123]]}},{"type":"Feature","properties":{"fid":83,"Layer":"6 - утвержденные границы территорий окн","PaperSpace":null,"SubClasses":"AcDbEntity:AcDbPolyline","Linetype":"ByLayer","EntityHandle":"145D","Text":null,"ogr_style":"PEN(c:#000000)","font":null,"angle":null,"size":null,"size_u":null,"anchor":null,"color":"#000000","underline":null,"plaintext":null,"fcolor":null,"flnum":null,"bold":null,"italic":null,"dx":null,"dx_u":null,"dy":null,"dy_u":null},"geometry":{"type":"LineString","coordinates":[[131.883199,43.117796],[131.883367,43.117762],[131.883282,43.117492],[131.88298,43.117551],[131.883054,43.117755],[131.883178,43.117734],[131.883199,43.117796]]}},{"type":"Feature","properties":{"fid":84,"Layer":"6 - утвержденные границы территорий окн","PaperSpace":null,"SubClasses":"AcDbEntity:AcDbPolyline","Linetype":"ByLayer","EntityHandle":"145F","Text":null,"ogr_style":"PEN(c:#000000)","font":null,"angle":null,"size":null,"size_u":null,"anchor":null,"color":"#000000","underline":null,"plaintext":null,"fcolor":null,"flnum":null,"bold":null,"italic":null,"dx":null,"dx_u":null,"dy":null,"dy_u":null},"geometry":{"type":"LineString","coordinates":[[131.883112,43.117917],[131.883289,43.117881],[131.883406,43.117857],[131.883386,43.1178],[131.883389,43.117799],[131.883375,43.11776],[131.883367,43.117762],[131.883077,43.11782],[131.883112,43.117917]]}},{"type":"Feature","properties":{"fid":85,"Layer":"6 - утвержденные границы территорий окн","PaperSpace":null,"SubClasses":"AcDbEntity:AcDbPolyline","Linetype":"ByLayer","EntityHandle":"1461","Text":null,"ogr_style":"PEN(c:#000000)","font":null,"angle":null,"size":null,"size_u":null,"anchor":null,"color":"#000000","underline":null,"plaintext":null,"fcolor":null,"flnum":null,"bold":null,"italic":null,"dx":null,"dx_u":null,"dy":null,"dy_u":null},"geometry":{"type":"LineString","coordinates":[[131.883362,43.117748],[131.883424,43.117736],[131.883634,43.11764],[131.883626,43.117618],[131.883564,43.117438],[131.883282,43.117492],[131.883362,43.117748]]}},{"type":"Feature","properties":{"fid":86,"Layer":"6 - утвержденные границы территорий окн","PaperSpace":null,"SubClasses":"AcDbEntity:AcDbPolyline","Linetype":"ByLayer","EntityHandle":"1463","Text":null,"ogr_style":"PEN(c:#000000)","font":null,"angle":null,"size":null,"size_u":null,"anchor":null,"color":"#000000","underline":null,"plaintext":null,"fcolor":null,"flnum":null,"bold":null,"italic":null,"dx":null,"dx_u":null,"dy":null,"dy_u":null},"geometry":{"type":"LineString","coordinates":[[131.883626,43.117618],[131.883783,43.117593],[131.883839,43.117453],[131.883816,43.117389],[131.883564,43.117438],[131.883626,43.117618]]}},{"type":"Feature","properties":{"fid":87,"Layer":"6 - утвержденные границы территорий окн","PaperSpace":null,"SubClasses":"AcDbEntity:AcDbPolyline","Linetype":"ByLayer","EntityHandle":"1465","Text":null,"ogr_style":"PEN(c:#000000)","font":null,"angle":null,"size":null,"size_u":null,"anchor":null,"color":"#000000","underline":null,"plaintext":null,"fcolor":null,"flnum":null,"bold":null,"italic":null,"dx":null,"dx_u":null,"dy":null,"dy_u":null},"geometry":{"type":"LineString","coordinates":[[131.883668,43.117739],[131.883722,43.117727],[131.883773,43.117737],[131.883798,43.117652],[131.883783,43.117593],[131.883626,43.117618],[131.883668,43.117739]]}},{"type":"Feature","properties":{"fid":88,"Layer":"6 - утвержденные границы территорий окн","PaperSpace":null,"SubClasses":"AcDbEntity:AcDbPolyline","Linetype":"ByLayer","EntityHandle":"1467","Text":null,"ogr_style":"PEN(c:#000000)","font":null,"angle":null,"size":null,"size_u":null,"anchor":null,"color":"#000000","underline":null,"plaintext":null,"fcolor":null,"flnum":null,"bold":null,"italic":null,"dx":null,"dx_u":null,"dy":null,"dy_u":null},"geometry":{"type":"LineString","coordinates":[[131.885391,43.116943],[131.885744,43.116881],[131.885613,43.116528],[131.885267,43.116598],[131.885391,43.116943]]}},{"type":"Feature","properties":{"fid":89,"Layer":"6 - утвержденные границы территорий окн","PaperSpace":null,"SubClasses":"AcDbEntity:AcDbPolyline","Linetype":"ByLayer","EntityHandle":"1469","Text":null,"ogr_style":"PEN(c:#000000)","font":null,"angle":null,"size":null,"size_u":null,"anchor":null,"color":"#000000","underline":null,"plaintext":null,"fcolor":null,"flnum":null,"bold":null,"italic":null,"dx":null,"dx_u":null,"dy":null,"dy_u":null},"geometry":{"type":"LineString","coordinates":[[131.881784,43.1124],[131.8813,43.112503],[131.881498,43.11304],[131.881657,43.113012],[131.88168,43.11308],[131.882311,43.112954],[131.881839,43.112534],[131.881784,43.1124]]}},{"type":"Feature","properties":{"fid":90,"Layer":"6 - утвержденные границы территорий окн","PaperSpace":null,"SubClasses":"AcDbEntity:AcDbPolyline","Linetype":"ByLayer","EntityHandle":"146B","Text":null,"ogr_style":"PEN(c:#000000)","font":null,"angle":null,"size":null,"size_u":null,"anchor":null,"color":"#000000","underline":null,"plaintext":null,"fcolor":null,"flnum":null,"bold":null,"italic":null,"dx":null,"dx_u":null,"dy":null,"dy_u":null},"geometry":{"type":"LineString","coordinates":[[131.882261,43.114142],[131.881833,43.114239],[131.881964,43.114617],[131.882414,43.114528],[131.882261,43.114142]]}},{"type":"Feature","properties":{"fid":91,"Layer":"6 - утвержденные границы территорий окн","PaperSpace":null,"SubClasses":"AcDbEntity:AcDbPolyline","Linetype":"ByLayer","EntityHandle":"146D","Text":null,"ogr_style":"PEN(c:#000000)","font":null,"angle":null,"size":null,"size_u":null,"anchor":null,"color":"#000000","underline":null,"plaintext":null,"fcolor":null,"flnum":null,"bold":null,"italic":null,"dx":null,"dx_u":null,"dy":null,"dy_u":null},"geometry":{"type":"LineString","coordinates":[[131.882419,43.11462],[131.882005,43.114698],[131.882067,43.114868],[131.882475,43.114793],[131.882419,43.11462]]}},{"type":"Feature","properties":{"fid":92,"Layer":"6 - утвержденные границы территорий окн","PaperSpace":null,"SubClasses":"AcDbEntity:AcDbPolyline","Linetype":"ByLayer","EntityHandle":"146F","Text":null,"ogr_style":"PEN(c:#000000)","font":null,"angle":null,"size":null,"size_u":null,"anchor":null,"color":"#000000","underline":null,"plaintext":null,"fcolor":null,"flnum":null,"bold":null,"italic":null,"dx":null,"dx_u":null,"dy":null,"dy_u":null},"geometry":{"type":"LineString","coordinates":[[131.88317,43.118076],[131.883407,43.11803],[131.883431,43.118025],[131.883422,43.117994],[131.883334,43.118012],[131.883289,43.117881],[131.883112,43.117917],[131.88317,43.118076]]}},{"type":"Feature","properties":{"fid":93,"Layer":"6 - утвержденные границы территорий окн","PaperSpace":null,"SubClasses":"AcDbEntity:AcDbPolyline","Linetype":"ByLayer","EntityHandle":"1471","Text":null,"ogr_style":"PEN(c:#000000)","font":null,"angle":null,"size":null,"size_u":null,"anchor":null,"color":"#000000","underline":null,"plaintext":null,"fcolor":null,"flnum":null,"bold":null,"italic":null,"dx":null,"dx_u":null,"dy":null,"dy_u":null},"geometry":{"type":"LineString","coordinates":[[131.883686,43.117801],[131.883596,43.117819],[131.883574,43.117909],[131.883316,43.117959],[131.883334,43.118012],[131.883422,43.117994],[131.883431,43.118025],[131.88363,43.117987],[131.883686,43.117801]]}},{"type":"Feature","properties":{"fid":94,"Layer":"6 - утвержденные границы территорий окн","PaperSpace":null,"SubClasses":"AcDbEntity:AcDbPolyline","Linetype":"ByLayer","EntityHandle":"1473","Text":null,"ogr_style":"PEN(c:#000000)","font":null,"angle":null,"size":null,"size_u":null,"anchor":null,"color":"#000000","underline":null,"plaintext":null,"fcolor":null,"flnum":null,"bold":null,"italic":null,"dx":null,"dx_u":null,"dy":null,"dy_u":null},"geometry":{"type":"LineString","coordinates":[[131.883316,43.117959],[131.883574,43.117909],[131.883596,43.117819],[131.883289,43.117881],[131.883316,43.117959]]}},{"type":"Feature","properties":{"fid":95,"Layer":"6 - утвержденные границы территорий окн","PaperSpace":null,"SubClasses":"AcDbEntity:AcDbPolyline","Linetype":"ByLayer","EntityHandle":"1475","Text":null,"ogr_style":"PEN(c:#000000)","font":null,"angle":null,"size":null,"size_u":null,"anchor":null,"color":"#000000","underline":null,"plaintext":null,"fcolor":null,"flnum":null,"bold":null,"italic":null,"dx":null,"dx_u":null,"dy":null,"dy_u":null},"geometry":{"type":"LineString","coordinates":[[131.883806,43.122239],[131.883892,43.122476],[131.884161,43.122425],[131.884252,43.122407],[131.884438,43.122369],[131.884495,43.122358],[131.884412,43.122122],[131.884354,43.122134],[131.884194,43.122164],[131.884194,43.122165],[131.884176,43.122169],[131.884098,43.122184],[131.883982,43.122207],[131.883815,43.122237],[131.883806,43.122239]]}},{"type":"Feature","properties":{"fid":96,"Layer":"6 - утвержденные границы территорий окн","PaperSpace":null,"SubClasses":"AcDbEntity:AcDbPolyline","Linetype":"ByLayer","EntityHandle":"1477","Text":null,"ogr_style":"PEN(c:#000000)","font":null,"angle":null,"size":null,"size_u":null,"anchor":null,"color":"#000000","underline":null,"plaintext":null,"fcolor":null,"flnum":null,"bold":null,"italic":null,"dx":null,"dx_u":null,"dy":null,"dy_u":null},"geometry":{"type":"LineString","coordinates":[[131.883379,43.124075],[131.883456,43.123777],[131.884502,43.12388],[131.884708,43.123776],[131.884773,43.123317],[131.884632,43.122916],[131.884587,43.122785],[131.884375,43.122828],[131.882765,43.123156],[131.882346,43.12324],[131.882292,43.12325],[131.88195,43.123323],[131.882178,43.123847],[131.882638,43.123746],[131.882756,43.124023],[131.883379,43.124075]]}},{"type":"Feature","properties":{"fid":97,"Layer":"6 - утвержденные границы территорий окн","PaperSpace":null,"SubClasses":"AcDbEntity:AcDbPolyline","Linetype":"ByLayer","EntityHandle":"1479","Text":null,"ogr_style":"PEN(c:#000000)","font":null,"angle":null,"size":null,"size_u":null,"anchor":null,"color":"#000000","underline":null,"plaintext":null,"fcolor":null,"flnum":null,"bold":null,"italic":null,"dx":null,"dx_u":null,"dy":null,"dy_u":null},"geometry":{"type":"LineString","coordinates":[[131.905564,43.117317],[131.90612,43.117475],[131.906338,43.117441],[131.906418,43.117384],[131.906418,43.117336],[131.906141,43.11726],[131.905631,43.117194],[131.905564,43.117317]]}},{"type":"Feature","properties":{"fid":98,"Layer":"6 - утвержденные границы территорий окн","PaperSpace":null,"SubClasses":"AcDbEntity:AcDbPolyline","Linetype":"ByLayer","EntityHandle":"147B","Text":null,"ogr_style":"PEN(c:#000000)","font":null,"angle":null,"size":null,"size_u":null,"anchor":null,"color":"#000000","underline":null,"plaintext":null,"fcolor":null,"flnum":null,"bold":null,"italic":null,"dx":null,"dx_u":null,"dy":null,"dy_u":null},"geometry":{"type":"LineString","coordinates":[[131.906844,43.11737],[131.906982,43.117407],[131.907047,43.117352],[131.906959,43.117242],[131.90684,43.117238],[131.906786,43.117261],[131.906844,43.11737]]}},{"type":"Feature","properties":{"fid":99,"Layer":"6 - утвержденные границы территорий окн","PaperSpace":null,"SubClasses":"AcDbEntity:AcDbPolyline","Linetype":"ByLayer","EntityHandle":"147D","Text":null,"ogr_style":"PEN(c:#000000)","font":null,"angle":null,"size":null,"size_u":null,"anchor":null,"color":"#000000","underline":null,"plaintext":null,"fcolor":null,"flnum":null,"bold":null,"italic":null,"dx":null,"dx_u":null,"dy":null,"dy_u":null},"geometry":{"type":"LineString","coordinates":[[131.910705,43.116723],[131.910856,43.116789],[131.911172,43.116857],[131.91129,43.116768],[131.912005,43.116596],[131.912005,43.116454],[131.9115,43.116019],[131.911392,43.115997],[131.911367,43.115932],[131.911204,43.115973],[131.910895,43.11601],[131.910888,43.116077],[131.910835,43.116218],[131.910885,43.116373],[131.910713,43.116408],[131.910745,43.116434],[131.910784,43.116495],[131.910807,43.116579],[131.910721,43.116603],[131.910655,43.116639],[131.910705,43.116723]]}},{"type":"Feature","properties":{"fid":100,"Layer":"6 - утвержденные границы территорий окн","PaperSpace":null,"SubClasses":"AcDbEntity:AcDbPolyline","Linetype":"ByLayer","EntityHandle":"147F","Text":null,"ogr_style":"PEN(c:#000000)","font":null,"angle":null,"size":null,"size_u":null,"anchor":null,"color":"#000000","underline":null,"plaintext":null,"fcolor":null,"flnum":null,"bold":null,"italic":null,"dx":null,"dx_u":null,"dy":null,"dy_u":null},"geometry":{"type":"LineString","coordinates":[[131.898403,43.116587],[131.898432,43.116604],[131.89846,43.116611],[131.89863,43.116651],[131.898665,43.116666],[131.898749,43.116469],[131.89849,43.11642],[131.898403,43.116587]]}},{"type":"Feature","properties":{"fid":101,"Layer":"6 - утвержденные границы территорий окн","PaperSpace":null,"SubClasses":"AcDbEntity:AcDbPolyline","Linetype":"ByLayer","EntityHandle":"1481","Text":null,"ogr_style":"PEN(c:#000000)","font":null,"angle":null,"size":null,"size_u":null,"anchor":null,"color":"#000000","underline":null,"plaintext":null,"fcolor":null,"flnum":null,"bold":null,"italic":null,"dx":null,"dx_u":null,"dy":null,"dy_u":null},"geometry":{"type":"LineString","coordinates":[[131.898543,43.115942],[131.898597,43.115957],[131.898842,43.11603],[131.898922,43.115846],[131.898679,43.115784],[131.898617,43.11577],[131.898611,43.115785],[131.898543,43.115942]]}},{"type":"Feature","properties":{"fid":102,"Layer":"6 - утвержденные границы территорий окн","PaperSpace":null,"SubClasses":"AcDbEntity:AcDbPolyline","Linetype":"ByLayer","EntityHandle":"1483","Text":null,"ogr_style":"PEN(c:#000000)","font":null,"angle":null,"size":null,"size_u":null,"anchor":null,"color":"#000000","underline":null,"plaintext":null,"fcolor":null,"flnum":null,"bold":null,"italic":null,"dx":null,"dx_u":null,"dy":null,"dy_u":null},"geometry":{"type":"LineString","coordinates":[[131.898665,43.116666],[131.898836,43.116728],[131.898911,43.116611],[131.898966,43.116533],[131.898876,43.116503],[131.898749,43.116469],[131.898665,43.116666]]}},{"type":"Feature","properties":{"fid":103,"Layer":"6 - утвержденные границы территорий окн","PaperSpace":null,"SubClasses":"AcDbEntity:AcDbPolyline","Linetype":"ByLayer","EntityHandle":"1485","Text":null,"ogr_style":"PEN(c:#000000)","font":null,"angle":null,"size":null,"size_u":null,"anchor":null,"color":"#000000","underline":null,"plaintext":null,"fcolor":null,"flnum":null,"bold":null,"italic":null,"dx":null,"dx_u":null,"dy":null,"dy_u":null},"geometry":{"type":"LineString","coordinates":[[131.899186,43.116849],[131.899363,43.116906],[131.899466,43.116731],[131.899289,43.116679],[131.899186,43.116849]]}},{"type":"Feature","properties":{"fid":104,"Layer":"6 - утвержденные границы территорий окн","PaperSpace":null,"SubClasses":"AcDbEntity:AcDbPolyline","Linetype":"ByLayer","EntityHandle":"1487","Text":null,"ogr_style":"PEN(c:#000000)","font":null,"angle":null,"size":null,"size_u":null,"anchor":null,"color":"#000000","underline":null,"plaintext":null,"fcolor":null,"flnum":null,"bold":null,"italic":null,"dx":null,"dx_u":null,"dy":null,"dy_u":null},"geometry":{"type":"LineString","coordinates":[[131.911293,43.113223],[131.911364,43.113408],[131.911476,43.113381],[131.911509,43.113374],[131.911571,43.11336],[131.911734,43.113323],[131.911776,43.113315],[131.911699,43.11312],[131.911496,43.11316],[131.911504,43.113182],[131.911293,43.113223]]}},{"type":"Feature","properties":{"fid":105,"Layer":"6 - утвержденные границы территорий окн","PaperSpace":null,"SubClasses":"AcDbEntity:AcDbPolyline","Linetype":"ByLayer","EntityHandle":"1489","Text":null,"ogr_style":"PEN(c:#000000)","font":null,"angle":null,"size":null,"size_u":null,"anchor":null,"color":"#000000","underline":null,"plaintext":null,"fcolor":null,"flnum":null,"bold":null,"italic":null,"dx":null,"dx_u":null,"dy":null,"dy_u":null},"geometry":{"type":"LineString","coordinates":[[131.929322,43.111793],[131.929382,43.111824],[131.929544,43.111832],[131.92955,43.11175],[131.929326,43.111743],[131.929322,43.111793]]}},{"type":"Feature","properties":{"fid":106,"Layer":"6 - утвержденные границы территорий окн","PaperSpace":null,"SubClasses":"AcDbEntity:AcDbPolyline","Linetype":"ByLayer","EntityHandle":"148B","Text":null,"ogr_style":"PEN(c:#000000)","font":null,"angle":null,"size":null,"size_u":null,"anchor":null,"color":"#000000","underline":null,"plaintext":null,"fcolor":null,"flnum":null,"bold":null,"italic":null,"dx":null,"dx_u":null,"dy":null,"dy_u":null},"geometry":{"type":"LineString","coordinates":[[131.917208,43.112602],[131.917225,43.112646],[131.91732,43.112885],[131.917299,43.112889],[131.917205,43.112909],[131.916705,43.113015],[131.916755,43.113163],[131.91693,43.113685],[131.917099,43.114188],[131.917131,43.114282],[131.917046,43.114298],[131.917178,43.114717],[131.917159,43.11485],[131.917316,43.114925],[131.917336,43.115021],[131.917443,43.115377],[131.917441,43.11552],[131.917531,43.115604],[131.91791,43.116066],[131.917536,43.116879],[131.917377,43.117406],[131.917464,43.117608],[131.917359,43.11802],[131.917805,43.118118],[131.917993,43.118156],[131.918243,43.118189],[131.918889,43.118263],[131.918924,43.118264],[131.919246,43.118275],[131.919957,43.1183],[131.920353,43.118328],[131.920588,43.118367],[131.921263,43.118541],[131.921496,43.118648],[131.921582,43.118641],[131.921671,43.11861],[131.921671,43.118598],[131.922075,43.118623],[131.922175,43.11863],[131.922205,43.118632],[131.922389,43.118646],[131.923257,43.118725],[131.923626,43.118782],[131.924116,43.118802],[131.924748,43.118724],[131.925117,43.118642],[131.925261,43.11858],[131.925681,43.118345],[131.925359,43.118081],[131.92539,43.117797],[131.92545,43.117243],[131.92537,43.11661],[131.92535,43.116453],[131.925372,43.116397],[131.925525,43.11612],[131.925529,43.116111],[131.925398,43.116078],[131.925081,43.115898],[131.92489,43.115801],[131.924526,43.115628],[131.924222,43.115463],[131.923877,43.115242],[131.923437,43.114761],[131.923916,43.114501],[131.92381,43.114426],[131.923677,43.11434],[131.923478,43.114208],[131.923158,43.114078],[131.922641,43.114078],[131.922578,43.113799],[131.922503,43.113666],[131.92249,43.113596],[131.922485,43.113571],[131.922504,43.113555],[131.922497,43.113475],[131.922494,43.113435],[131.922491,43.113399],[131.922435,43.113375],[131.922431,43.113151],[131.92243,43.113077],[131.922312,43.113077],[131.922299,43.112678],[131.922294,43.112521],[131.922269,43.112522],[131.922268,43.112475],[131.922263,43.112307],[131.921304,43.11233],[131.921305,43.11239],[131.920369,43.112396],[131.920214,43.11243],[131.918155,43.112462],[131.917567,43.112531],[131.917208,43.112602]]}},{"type":"Feature","properties":{"fid":107,"Layer":"6 - утвержденные границы территорий окн","PaperSpace":null,"SubClasses":"AcDbEntity:AcDbPolyline","Linetype":"ByLayer","EntityHandle":"148D","Text":null,"ogr_style":"PEN(c:#000000)","font":null,"angle":null,"size":null,"size_u":null,"anchor":null,"color":"#000000","underline":null,"plaintext":null,"fcolor":null,"flnum":null,"bold":null,"italic":null,"dx":null,"dx_u":null,"dy":null,"dy_u":null},"geometry":{"type":"LineString","coordinates":[[131.919229,43.113534],[131.919372,43.113533],[131.919407,43.113493],[131.919407,43.113342],[131.919233,43.113342],[131.919229,43.113534]]}},{"type":"Feature","properties":{"fid":108,"Layer":"6 - утвержденные границы территорий окн","PaperSpace":null,"SubClasses":"AcDbEntity:AcDbPolyline","Linetype":"ByLayer","EntityHandle":"148F","Text":null,"ogr_style":"PEN(c:#000000)","font":null,"angle":null,"size":null,"size_u":null,"anchor":null,"color":"#000000","underline":null,"plaintext":null,"fcolor":null,"flnum":null,"bold":null,"italic":null,"dx":null,"dx_u":null,"dy":null,"dy_u":null},"geometry":{"type":"LineString","coordinates":[[131.921076,43.113028],[131.92128,43.113017],[131.921257,43.112831],[131.921235,43.112831],[131.921235,43.112792],[131.921058,43.112799],[131.921076,43.113028]]}},{"type":"Feature","properties":{"fid":109,"Layer":"6 - утвержденные границы территорий окн","PaperSpace":null,"SubClasses":"AcDbEntity:AcDbPolyline","Linetype":"ByLayer","EntityHandle":"1491","Text":null,"ogr_style":"PEN(c:#000000)","font":null,"angle":null,"size":null,"size_u":null,"anchor":null,"color":"#000000","underline":null,"plaintext":null,"fcolor":null,"flnum":null,"bold":null,"italic":null,"dx":null,"dx_u":null,"dy":null,"dy_u":null},"geometry":{"type":"LineString","coordinates":[[131.921795,43.113482],[131.921778,43.113482],[131.921625,43.113489],[131.921625,43.113516],[131.92145,43.11352],[131.921457,43.113712],[131.921467,43.113712],[131.921801,43.113705],[131.921796,43.113505],[131.921795,43.113482]]}},{"type":"Feature","properties":{"fid":110,"Layer":"6 - утвержденные границы территорий окн","PaperSpace":null,"SubClasses":"AcDbEntity:AcDbPolyline","Linetype":"ByLayer","EntityHandle":"1493","Text":null,"ogr_style":"PEN(c:#000000)","font":null,"angle":null,"size":null,"size_u":null,"anchor":null,"color":"#000000","underline":null,"plaintext":null,"fcolor":null,"flnum":null,"bold":null,"italic":null,"dx":null,"dx_u":null,"dy":null,"dy_u":null},"geometry":{"type":"LineString","coordinates":[[131.921803,43.113076],[131.921694,43.113076],[131.921694,43.113088],[131.921446,43.113089],[131.921445,43.113274],[131.921786,43.113274],[131.921789,43.113206],[131.921797,43.113206],[131.921794,43.113131],[131.921804,43.113131],[131.921803,43.113076]]}},{"type":"Feature","properties":{"fid":111,"Layer":"6 - утвержденные границы территорий окн","PaperSpace":null,"SubClasses":"AcDbEntity:AcDbPolyline","Linetype":"ByLayer","EntityHandle":"1495","Text":null,"ogr_style":"PEN(c:#000000)","font":null,"angle":null,"size":null,"size_u":null,"anchor":null,"color":"#000000","underline":null,"plaintext":null,"fcolor":null,"flnum":null,"bold":null,"italic":null,"dx":null,"dx_u":null,"dy":null,"dy_u":null},"geometry":{"type":"LineString","coordinates":[[131.918149,43.112877],[131.917972,43.112878],[131.917973,43.112943],[131.917616,43.112947],[131.91758,43.112954],[131.917716,43.113349],[131.917994,43.113345],[131.917993,43.113238],[131.918146,43.113237],[131.918145,43.113188],[131.918149,43.113076],[131.91815,43.113011],[131.918151,43.112905],[131.918149,43.112877]]}},{"type":"Feature","properties":{"fid":112,"Layer":"6 - утвержденные границы территорий окн","PaperSpace":null,"SubClasses":"AcDbEntity:AcDbPolyline","Linetype":"ByLayer","EntityHandle":"1497","Text":null,"ogr_style":"PEN(c:#000000)","font":null,"angle":null,"size":null,"size_u":null,"anchor":null,"color":"#000000","underline":null,"plaintext":null,"fcolor":null,"flnum":null,"bold":null,"italic":null,"dx":null,"dx_u":null,"dy":null,"dy_u":null},"geometry":{"type":"LineString","coordinates":[[131.921334,43.11272],[131.921356,43.112903],[131.921374,43.11309],[131.921446,43.113089],[131.921445,43.113274],[131.921409,43.113274],[131.921411,43.113521],[131.92145,43.11352],[131.921457,43.113712],[131.921446,43.113712],[131.921446,43.113886],[131.92147,43.113886],[131.921868,43.113887],[131.921868,43.113863],[131.921867,43.113838],[131.921862,43.113704],[131.921801,43.113705],[131.921796,43.113505],[131.921795,43.113482],[131.921778,43.113482],[131.921786,43.113274],[131.921789,43.113206],[131.921797,43.113206],[131.921794,43.113131],[131.921804,43.113131],[131.921803,43.113076],[131.9217,43.113076],[131.921698,43.112942],[131.921698,43.112903],[131.921929,43.112903],[131.921933,43.112807],[131.921995,43.112807],[131.921944,43.112718],[131.921909,43.112708],[131.92157,43.112714],[131.921422,43.112717],[131.92134,43.112719],[131.921334,43.11272]]}},{"type":"Feature","properties":{"fid":113,"Layer":"6 - утвержденные границы территорий окн","PaperSpace":null,"SubClasses":"AcDbEntity:AcDbPolyline","Linetype":"ByLayer","EntityHandle":"1499","Text":null,"ogr_style":"PEN(c:#000000)","font":null,"angle":null,"size":null,"size_u":null,"anchor":null,"color":"#000000","underline":null,"plaintext":null,"fcolor":null,"flnum":null,"bold":null,"italic":null,"dx":null,"dx_u":null,"dy":null,"dy_u":null},"geometry":{"type":"LineString","coordinates":[[131.92122,43.112468],[131.921194,43.112468],[131.920658,43.112477],[131.920656,43.112811],[131.920378,43.11281],[131.920382,43.112977],[131.92071,43.112968],[131.920701,43.112811],[131.921058,43.11281],[131.921076,43.113028],[131.92128,43.113017],[131.921252,43.112791],[131.92122,43.112468]]}},{"type":"Feature","properties":{"fid":114,"Layer":"6 - утвержденные границы территорий окн","PaperSpace":null,"SubClasses":"AcDbEntity:AcDbPolyline","Linetype":"ByLayer","EntityHandle":"149B","Text":null,"ogr_style":"PEN(c:#000000)","font":null,"angle":null,"size":null,"size_u":null,"anchor":null,"color":"#000000","underline":null,"plaintext":null,"fcolor":null,"flnum":null,"bold":null,"italic":null,"dx":null,"dx_u":null,"dy":null,"dy_u":null},"geometry":{"type":"LineString","coordinates":[[131.919605,43.113075],[131.919229,43.113077],[131.919233,43.113342],[131.919229,43.113534],[131.919372,43.113533],[131.919407,43.113493],[131.919407,43.113342],[131.919443,43.113343],[131.91968,43.113343],[131.919683,43.113156],[131.919606,43.113156],[131.919605,43.113075]]}},{"type":"Feature","properties":{"fid":115,"Layer":"6 - утвержденные границы территорий окн","PaperSpace":null,"SubClasses":"AcDbEntity:AcDbPolyline","Linetype":"ByLayer","EntityHandle":"149D","Text":null,"ogr_style":"PEN(c:#000000)","font":null,"angle":null,"size":null,"size_u":null,"anchor":null,"color":"#000000","underline":null,"plaintext":null,"fcolor":null,"flnum":null,"bold":null,"italic":null,"dx":null,"dx_u":null,"dy":null,"dy_u":null},"geometry":{"type":"LineString","coordinates":[[131.919731,43.114491],[131.919301,43.114496],[131.91933,43.114911],[131.919738,43.114896],[131.919731,43.1148],[131.919731,43.114491]]}},{"type":"Feature","properties":{"fid":116,"Layer":"6 - утвержденные границы территорий окн","PaperSpace":null,"SubClasses":"AcDbEntity:AcDbPolyline","Linetype":"ByLayer","EntityHandle":"149F","Text":null,"ogr_style":"PEN(c:#000000)","font":null,"angle":null,"size":null,"size_u":null,"anchor":null,"color":"#000000","underline":null,"plaintext":null,"fcolor":null,"flnum":null,"bold":null,"italic":null,"dx":null,"dx_u":null,"dy":null,"dy_u":null},"geometry":{"type":"LineString","coordinates":[[131.919569,43.114005],[131.919273,43.114023],[131.919287,43.114396],[131.91961,43.114391],[131.919593,43.114231],[131.919586,43.114167],[131.919599,43.114166],[131.919596,43.114139],[131.919583,43.11414],[131.91958,43.114104],[131.919569,43.114005]]}},{"type":"Feature","properties":{"fid":117,"Layer":"6 - утвержденные границы территорий окн","PaperSpace":null,"SubClasses":"AcDbEntity:AcDbPolyline","Linetype":"ByLayer","EntityHandle":"14A1","Text":null,"ogr_style":"PEN(c:#000000)","font":null,"angle":null,"size":null,"size_u":null,"anchor":null,"color":"#000000","underline":null,"plaintext":null,"fcolor":null,"flnum":null,"bold":null,"italic":null,"dx":null,"dx_u":null,"dy":null,"dy_u":null},"geometry":{"type":"LineString","coordinates":[[131.920785,43.113739],[131.920356,43.113767],[131.920364,43.114046],[131.920683,43.114037],[131.920847,43.114024],[131.920836,43.113893],[131.920804,43.113894],[131.920785,43.113739]]}},{"type":"Feature","properties":{"fid":118,"Layer":"6 - утвержденные границы территорий окн","PaperSpace":null,"SubClasses":"AcDbEntity:AcDbPolyline","Linetype":"ByLayer","EntityHandle":"14A3","Text":null,"ogr_style":"PEN(c:#000000)","font":null,"angle":null,"size":null,"size_u":null,"anchor":null,"color":"#000000","underline":null,"plaintext":null,"fcolor":null,"flnum":null,"bold":null,"italic":null,"dx":null,"dx_u":null,"dy":null,"dy_u":null},"geometry":{"type":"LineString","coordinates":[[131.920163,43.115346],[131.919922,43.115348],[131.919741,43.11535],[131.919739,43.115508],[131.920165,43.115511],[131.920163,43.115346]]}},{"type":"Feature","properties":{"fid":119,"Layer":"6 - утвержденные границы территорий окн","PaperSpace":null,"SubClasses":"AcDbEntity:AcDbPolyline","Linetype":"ByLayer","EntityHandle":"14A5","Text":null,"ogr_style":"PEN(c:#000000)","font":null,"angle":null,"size":null,"size_u":null,"anchor":null,"color":"#000000","underline":null,"plaintext":null,"fcolor":null,"flnum":null,"bold":null,"italic":null,"dx":null,"dx_u":null,"dy":null,"dy_u":null},"geometry":{"type":"LineString","coordinates":[[131.920835,43.11519],[131.920691,43.115203],[131.92064,43.115215],[131.920352,43.115211],[131.920361,43.115414],[131.920561,43.115412],[131.920559,43.115393],[131.920839,43.115373],[131.920835,43.11519]]}},{"type":"Feature","properties":{"fid":120,"Layer":"6 - утвержденные границы территорий окн","PaperSpace":null,"SubClasses":"AcDbEntity:AcDbPolyline","Linetype":"ByLayer","EntityHandle":"14A7","Text":null,"ogr_style":"PEN(c:#000000)","font":null,"angle":null,"size":null,"size_u":null,"anchor":null,"color":"#000000","underline":null,"plaintext":null,"fcolor":null,"flnum":null,"bold":null,"italic":null,"dx":null,"dx_u":null,"dy":null,"dy_u":null},"geometry":{"type":"LineString","coordinates":[[131.920198,43.115618],[131.920178,43.115618],[131.920134,43.115619],[131.920049,43.115621],[131.919986,43.115621],[131.919878,43.115638],[131.919844,43.115674],[131.919826,43.115678],[131.919827,43.115808],[131.919828,43.115821],[131.919833,43.115875],[131.919837,43.115909],[131.919837,43.116014],[131.920048,43.116003],[131.92013,43.116005],[131.920164,43.116005],[131.920198,43.115618]]}},{"type":"Feature","properties":{"fid":121,"Layer":"6 - утвержденные границы территорий окн","PaperSpace":null,"SubClasses":"AcDbEntity:AcDbPolyline","Linetype":"ByLayer","EntityHandle":"14A9","Text":null,"ogr_style":"PEN(c:#000000)","font":null,"angle":null,"size":null,"size_u":null,"anchor":null,"color":"#000000","underline":null,"plaintext":null,"fcolor":null,"flnum":null,"bold":null,"italic":null,"dx":null,"dx_u":null,"dy":null,"dy_u":null},"geometry":{"type":"LineString","coordinates":[[131.92092,43.11601],[131.920642,43.115991],[131.920614,43.115993],[131.920454,43.116019],[131.920385,43.116058],[131.92031,43.116136],[131.920292,43.116158],[131.920195,43.116266],[131.920117,43.116229],[131.920062,43.116293],[131.920099,43.116311],[131.920038,43.116399],[131.920057,43.116423],[131.920052,43.11644],[131.920129,43.116455],[131.920156,43.116454],[131.920153,43.116475],[131.920041,43.116626],[131.920289,43.116721],[131.920473,43.116701],[131.920463,43.116518],[131.920465,43.116505],[131.920453,43.116476],[131.920449,43.116418],[131.920567,43.116412],[131.920681,43.116414],[131.92069,43.116382],[131.920731,43.116378],[131.92079,43.116358],[131.920892,43.116255],[131.920913,43.116158],[131.92092,43.11601]]}},{"type":"Feature","properties":{"fid":122,"Layer":"6 - утвержденные границы территорий окн","PaperSpace":null,"SubClasses":"AcDbEntity:AcDbPolyline","Linetype":"ByLayer","EntityHandle":"14AB","Text":null,"ogr_style":"PEN(c:#000000)","font":null,"angle":null,"size":null,"size_u":null,"anchor":null,"color":"#000000","underline":null,"plaintext":null,"fcolor":null,"flnum":null,"bold":null,"italic":null,"dx":null,"dx_u":null,"dy":null,"dy_u":null},"geometry":{"type":"LineString","coordinates":[[131.917694,43.114651],[131.91777,43.114856],[131.918009,43.11481],[131.918031,43.114805],[131.917947,43.114591],[131.917925,43.114595],[131.917788,43.114634],[131.917694,43.114651]]}},{"type":"Feature","properties":{"fid":123,"Layer":"6 - утвержденные границы территорий окн","PaperSpace":null,"SubClasses":"AcDbEntity:AcDbPolyline","Linetype":"ByLayer","EntityHandle":"14AD","Text":null,"ogr_style":"PEN(c:#000000)","font":null,"angle":null,"size":null,"size_u":null,"anchor":null,"color":"#000000","underline":null,"plaintext":null,"fcolor":null,"flnum":null,"bold":null,"italic":null,"dx":null,"dx_u":null,"dy":null,"dy_u":null},"geometry":{"type":"LineString","coordinates":[[131.91777,43.114856],[131.917877,43.115123],[131.917888,43.115144],[131.918141,43.115082],[131.918031,43.114805],[131.918009,43.11481],[131.91777,43.114856]]}},{"type":"Feature","properties":{"fid":124,"Layer":"6 - утвержденные границы территорий окн","PaperSpace":null,"SubClasses":"AcDbEntity:AcDbPolyline","Linetype":"ByLayer","EntityHandle":"14AF","Text":null,"ogr_style":"PEN(c:#000000)","font":null,"angle":null,"size":null,"size_u":null,"anchor":null,"color":"#000000","underline":null,"plaintext":null,"fcolor":null,"flnum":null,"bold":null,"italic":null,"dx":null,"dx_u":null,"dy":null,"dy_u":null},"geometry":{"type":"LineString","coordinates":[[131.917523,43.114933],[131.917607,43.115111],[131.917733,43.115146],[131.917888,43.115144],[131.917877,43.115123],[131.917777,43.114872],[131.917523,43.114933]]}},{"type":"Feature","properties":{"fid":125,"Layer":"6 - утвержденные границы территорий окн","PaperSpace":null,"SubClasses":"AcDbEntity:AcDbPolyline","Linetype":"ByLayer","EntityHandle":"14B1","Text":null,"ogr_style":"PEN(c:#000000)","font":null,"angle":null,"size":null,"size_u":null,"anchor":null,"color":"#000000","underline":null,"plaintext":null,"fcolor":null,"flnum":null,"bold":null,"italic":null,"dx":null,"dx_u":null,"dy":null,"dy_u":null},"geometry":{"type":"LineString","coordinates":[[131.917276,43.114688],[131.917328,43.114822],[131.917413,43.114804],[131.917523,43.114933],[131.917777,43.114872],[131.91777,43.114856],[131.917694,43.114651],[131.917426,43.114701],[131.917406,43.114658],[131.917319,43.114678],[131.917276,43.114688]]}},{"type":"Feature","properties":{"fid":126,"Layer":"6 - утвержденные границы территорий окн","PaperSpace":null,"SubClasses":"AcDbEntity:AcDbPolyline","Linetype":"ByLayer","EntityHandle":"14B3","Text":null,"ogr_style":"PEN(c:#000000)","font":null,"angle":null,"size":null,"size_u":null,"anchor":null,"color":"#000000","underline":null,"plaintext":null,"fcolor":null,"flnum":null,"bold":null,"italic":null,"dx":null,"dx_u":null,"dy":null,"dy_u":null},"geometry":{"type":"LineString","coordinates":[[131.894877,43.114858],[131.895438,43.114768],[131.895323,43.114458],[131.894768,43.114561],[131.894877,43.114858]]}},{"type":"Feature","properties":{"fid":127,"Layer":"6 - утвержденные границы территорий окн","PaperSpace":null,"SubClasses":"AcDbEntity:AcDbPolyline","Linetype":"ByLayer","EntityHandle":"14B5","Text":null,"ogr_style":"PEN(c:#000000)","font":null,"angle":null,"size":null,"size_u":null,"anchor":null,"color":"#000000","underline":null,"plaintext":null,"fcolor":null,"flnum":null,"bold":null,"italic":null,"dx":null,"dx_u":null,"dy":null,"dy_u":null},"geometry":{"type":"LineString","coordinates":[[131.895142,43.115062],[131.895486,43.115007],[131.895422,43.114771],[131.895167,43.114812],[131.895204,43.114932],[131.895109,43.114952],[131.895142,43.115062]]}},{"type":"Feature","properties":{"fid":128,"Layer":"6 - утвержденные границы территорий окн","PaperSpace":null,"SubClasses":"AcDbEntity:AcDbPolyline","Linetype":"ByLayer","EntityHandle":"14B7","Text":null,"ogr_style":"PEN(c:#000000)","font":null,"angle":null,"size":null,"size_u":null,"anchor":null,"color":"#000000","underline":null,"plaintext":null,"fcolor":null,"flnum":null,"bold":null,"italic":null,"dx":null,"dx_u":null,"dy":null,"dy_u":null},"geometry":{"type":"LineString","coordinates":[[131.883108,43.113942],[131.882779,43.114013],[131.8829,43.114345],[131.882821,43.114362],[131.88286,43.114464],[131.883267,43.114373],[131.883108,43.113942]]}},{"type":"Feature","properties":{"fid":129,"Layer":"6 - утвержденные границы территорий окн","PaperSpace":null,"SubClasses":"AcDbEntity:AcDbPolyline","Linetype":"ByLayer","EntityHandle":"14B9","Text":null,"ogr_style":"PEN(c:#000000)","font":null,"angle":null,"size":null,"size_u":null,"anchor":null,"color":"#000000","underline":null,"plaintext":null,"fcolor":null,"flnum":null,"bold":null,"italic":null,"dx":null,"dx_u":null,"dy":null,"dy_u":null},"geometry":{"type":"LineString","coordinates":[[131.935068,43.114133],[131.935136,43.114145],[131.93558,43.114118],[131.935586,43.114041],[131.935592,43.113961],[131.935575,43.113961],[131.935579,43.113912],[131.935573,43.113852],[131.935583,43.113846],[131.935554,43.113845],[131.93515,43.113825],[131.935079,43.113828],[131.935068,43.114133]]}},{"type":"Feature","properties":{"fid":130,"Layer":"6 - утвержденные границы территорий окн","PaperSpace":null,"SubClasses":"AcDbEntity:AcDbPolyline","Linetype":"ByLayer","EntityHandle":"14BB","Text":null,"ogr_style":"PEN(c:#000000)","font":null,"angle":null,"size":null,"size_u":null,"anchor":null,"color":"#000000","underline":null,"plaintext":null,"fcolor":null,"flnum":null,"bold":null,"italic":null,"dx":null,"dx_u":null,"dy":null,"dy_u":null},"geometry":{"type":"LineString","coordinates":[[131.8862,43.117175],[131.886395,43.117736],[131.886559,43.117703],[131.886695,43.117674],[131.886488,43.117114],[131.8862,43.117175]]}},{"type":"Feature","properties":{"fid":131,"Layer":"6 - утвержденные границы территорий окн","PaperSpace":null,"SubClasses":"AcDbEntity:AcDbPolyline","Linetype":"ByLayer","EntityHandle":"14BD","Text":null,"ogr_style":"PEN(c:#000000)","font":null,"angle":null,"size":null,"size_u":null,"anchor":null,"color":"#000000","underline":null,"plaintext":null,"fcolor":null,"flnum":null,"bold":null,"italic":null,"dx":null,"dx_u":null,"dy":null,"dy_u":null},"geometry":{"type":"LineString","coordinates":[[131.887927,43.124191],[131.888246,43.124157],[131.888272,43.124112],[131.888395,43.124105],[131.888387,43.12406],[131.888373,43.12401],[131.888105,43.123309],[131.887791,43.123368],[131.887933,43.12376],[131.887815,43.123926],[131.887927,43.124191]]}},{"type":"Feature","properties":{"fid":132,"Layer":"6 - утвержденные границы территорий окн","PaperSpace":null,"SubClasses":"AcDbEntity:AcDbPolyline","Linetype":"ByLayer","EntityHandle":"14BF","Text":null,"ogr_style":"PEN(c:#000000)","font":null,"angle":null,"size":null,"size_u":null,"anchor":null,"color":"#000000","underline":null,"plaintext":null,"fcolor":null,"flnum":null,"bold":null,"italic":null,"dx":null,"dx_u":null,"dy":null,"dy_u":null},"geometry":{"type":"LineString","coordinates":[[131.887734,43.124941],[131.888548,43.124795],[131.888512,43.1247],[131.88849,43.124664],[131.888461,43.124631],[131.888425,43.124602],[131.888382,43.124579],[131.888335,43.124561],[131.888284,43.124549],[131.888231,43.124543],[131.888182,43.124545],[131.887634,43.124644],[131.887734,43.124941]]}},{"type":"Feature","properties":{"fid":133,"Layer":"6 - утвержденные границы территорий окн","PaperSpace":null,"SubClasses":"AcDbEntity:AcDbPolyline","Linetype":"ByLayer","EntityHandle":"14C1","Text":null,"ogr_style":"PEN(c:#000000)","font":null,"angle":null,"size":null,"size_u":null,"anchor":null,"color":"#000000","underline":null,"plaintext":null,"fcolor":null,"flnum":null,"bold":null,"italic":null,"dx":null,"dx_u":null,"dy":null,"dy_u":null},"geometry":{"type":"LineString","coordinates":[[131.892352,43.113229],[131.892527,43.113204],[131.892537,43.113232],[131.892699,43.113267],[131.892971,43.113231],[131.892842,43.112895],[131.892748,43.112846],[131.892265,43.112937],[131.892352,43.113229]]}},{"type":"Feature","properties":{"fid":134,"Layer":"6 - утвержденные границы территорий окн","PaperSpace":null,"SubClasses":"AcDbEntity:AcDbPolyline","Linetype":"ByLayer","EntityHandle":"14C3","Text":null,"ogr_style":"PEN(c:#000000)","font":null,"angle":null,"size":null,"size_u":null,"anchor":null,"color":"#000000","underline":null,"plaintext":null,"fcolor":null,"flnum":null,"bold":null,"italic":null,"dx":null,"dx_u":null,"dy":null,"dy_u":null},"geometry":{"type":"LineString","coordinates":[[131.892424,43.113509],[131.892754,43.113463],[131.892832,43.113388],[131.893021,43.113359],[131.892971,43.113231],[131.892699,43.113267],[131.892537,43.113231],[131.892527,43.113203],[131.892335,43.113232],[131.892424,43.113509]]}},{"type":"Feature","properties":{"fid":135,"Layer":"6 - утвержденные границы территорий окн","PaperSpace":null,"SubClasses":"AcDbEntity:AcDbPolyline","Linetype":"ByLayer","EntityHandle":"14C5","Text":null,"ogr_style":"PEN(c:#000000)","font":null,"angle":null,"size":null,"size_u":null,"anchor":null,"color":"#000000","underline":null,"plaintext":null,"fcolor":null,"flnum":null,"bold":null,"italic":null,"dx":null,"dx_u":null,"dy":null,"dy_u":null},"geometry":{"type":"LineString","coordinates":[[131.892543,43.113884],[131.893186,43.113787],[131.89302,43.113359],[131.892832,43.113388],[131.892754,43.113463],[131.892423,43.113509],[131.892543,43.113885],[131.892543,43.113884]]}},{"type":"Feature","properties":{"fid":136,"Layer":"6 - утвержденные границы территорий окн","PaperSpace":null,"SubClasses":"AcDbEntity:AcDbPolyline","Linetype":"ByLayer","EntityHandle":"14C7","Text":null,"ogr_style":"PEN(c:#000000)","font":null,"angle":null,"size":null,"size_u":null,"anchor":null,"color":"#000000","underline":null,"plaintext":null,"fcolor":null,"flnum":null,"bold":null,"italic":null,"dx":null,"dx_u":null,"dy":null,"dy_u":null},"geometry":{"type":"LineString","coordinates":[[131.892563,43.114065],[131.893247,43.113968],[131.893173,43.113779],[131.892506,43.113878],[131.892563,43.114065]]}},{"type":"Feature","properties":{"fid":137,"Layer":"6 - утвержденные границы территорий окн","PaperSpace":null,"SubClasses":"AcDbEntity:AcDbPolyline","Linetype":"ByLayer","EntityHandle":"14C9","Text":null,"ogr_style":"PEN(c:#000000)","font":null,"angle":null,"size":null,"size_u":null,"anchor":null,"color":"#000000","underline":null,"plaintext":null,"fcolor":null,"flnum":null,"bold":null,"italic":null,"dx":null,"dx_u":null,"dy":null,"dy_u":null},"geometry":{"type":"LineString","coordinates":[[131.879738,43.117547],[131.88,43.1175],[131.880293,43.117442],[131.880231,43.11724],[131.879667,43.117348],[131.879738,43.117547]]}},{"type":"Feature","properties":{"fid":138,"Layer":"6 - утвержденные границы территорий окн","PaperSpace":null,"SubClasses":"AcDbEntity:AcDbPolyline","Linetype":"ByLayer","EntityHandle":"14CB","Text":null,"ogr_style":"PEN(c:#000000)","font":null,"angle":null,"size":null,"size_u":null,"anchor":null,"color":"#000000","underline":null,"plaintext":null,"fcolor":null,"flnum":null,"bold":null,"italic":null,"dx":null,"dx_u":null,"dy":null,"dy_u":null},"geometry":{"type":"LineString","coordinates":[[131.880732,43.120397],[131.880826,43.120372],[131.880884,43.120356],[131.881032,43.120317],[131.881016,43.120286],[131.88107,43.120272],[131.881064,43.120258],[131.881053,43.12026],[131.881003,43.120168],[131.880864,43.119849],[131.880905,43.119839],[131.880876,43.119757],[131.880764,43.119781],[131.880565,43.11982],[131.880519,43.119829],[131.880732,43.120397]]}},{"type":"Feature","properties":{"fid":139,"Layer":"6 - утвержденные границы территорий окн","PaperSpace":null,"SubClasses":"AcDbEntity:AcDbPolyline","Linetype":"ByLayer","EntityHandle":"14CD","Text":null,"ogr_style":"PEN(c:#000000)","font":null,"angle":null,"size":null,"size_u":null,"anchor":null,"color":"#000000","underline":null,"plaintext":null,"fcolor":null,"flnum":null,"bold":null,"italic":null,"dx":null,"dx_u":null,"dy":null,"dy_u":null},"geometry":{"type":"LineString","coordinates":[[131.881255,43.119141],[131.881014,43.119192],[131.881029,43.119226],[131.881046,43.119274],[131.881067,43.119334],[131.881081,43.119374],[131.881093,43.119414],[131.881129,43.119525],[131.881146,43.119577],[131.881163,43.119626],[131.881185,43.119687],[131.881191,43.119702],[131.881206,43.119744],[131.881479,43.119676],[131.881453,43.119612],[131.881394,43.119455],[131.881358,43.119462],[131.881335,43.119399],[131.881353,43.119395],[131.881255,43.119141]]}},{"type":"Feature","properties":{"fid":140,"Layer":"6 - утвержденные границы территорий окн","PaperSpace":null,"SubClasses":"AcDbEntity:AcDbPolyline","Linetype":"ByLayer","EntityHandle":"14CF","Text":null,"ogr_style":"PEN(c:#000000)","font":null,"angle":null,"size":null,"size_u":null,"anchor":null,"color":"#000000","underline":null,"plaintext":null,"fcolor":null,"flnum":null,"bold":null,"italic":null,"dx":null,"dx_u":null,"dy":null,"dy_u":null},"geometry":{"type":"LineString","coordinates":[[131.880017,43.122378],[131.880285,43.122322],[131.880212,43.122132],[131.879982,43.122175],[131.879953,43.122205],[131.880017,43.122378]]}},{"type":"Feature","properties":{"fid":141,"Layer":"6 - утвержденные границы территорий окн","PaperSpace":null,"SubClasses":"AcDbEntity:AcDbPolyline","Linetype":"ByLayer","EntityHandle":"14D1","Text":null,"ogr_style":"PEN(c:#000000)","font":null,"angle":null,"size":null,"size_u":null,"anchor":null,"color":"#000000","underline":null,"plaintext":null,"fcolor":null,"flnum":null,"bold":null,"italic":null,"dx":null,"dx_u":null,"dy":null,"dy_u":null},"geometry":{"type":"LineString","coordinates":[[131.880163,43.122433],[131.880188,43.122498],[131.880238,43.12262],[131.88026,43.12263],[131.88031,43.122756],[131.880367,43.122903],[131.880373,43.122919],[131.880779,43.122814],[131.880775,43.122804],[131.880753,43.122749],[131.880681,43.122547],[131.880867,43.122507],[131.880814,43.122356],[131.880814,43.122354],[131.880798,43.122309],[131.880163,43.122433]]}},{"type":"Feature","properties":{"fid":142,"Layer":"6 - утвержденные границы территорий окн","PaperSpace":null,"SubClasses":"AcDbEntity:AcDbPolyline","Linetype":"ByLayer","EntityHandle":"14D3","Text":null,"ogr_style":"PEN(c:#000000)","font":null,"angle":null,"size":null,"size_u":null,"anchor":null,"color":"#000000","underline":null,"plaintext":null,"fcolor":null,"flnum":null,"bold":null,"italic":null,"dx":null,"dx_u":null,"dy":null,"dy_u":null},"geometry":{"type":"LineString","coordinates":[[131.880681,43.122547],[131.880753,43.122749],[131.880775,43.122804],[131.880779,43.122814],[131.880779,43.122815],[131.880893,43.122787],[131.88088,43.122751],[131.880851,43.122674],[131.880893,43.122665],[131.880888,43.122651],[131.880912,43.122647],[131.880867,43.122507],[131.880681,43.122547]]}},{"type":"Feature","properties":{"fid":143,"Layer":"6 - утвержденные границы территорий окн","PaperSpace":null,"SubClasses":"AcDbEntity:AcDbPolyline","Linetype":"ByLayer","EntityHandle":"14D5","Text":null,"ogr_style":"PEN(c:#000000)","font":null,"angle":null,"size":null,"size_u":null,"anchor":null,"color":"#000000","underline":null,"plaintext":null,"fcolor":null,"flnum":null,"bold":null,"italic":null,"dx":null,"dx_u":null,"dy":null,"dy_u":null},"geometry":{"type":"LineString","coordinates":[[131.882868,43.121243],[131.882879,43.121274],[131.882973,43.12152],[131.882996,43.121515],[131.883017,43.121573],[131.882994,43.121578],[131.882996,43.121585],[131.883022,43.121658],[131.883041,43.121711],[131.883051,43.121737],[131.883404,43.121665],[131.883344,43.121496],[131.883231,43.121176],[131.883197,43.121182],[131.883093,43.121202],[131.883091,43.121203],[131.883097,43.121218],[131.883069,43.121224],[131.883063,43.121208],[131.88304,43.121213],[131.883015,43.121217],[131.88299,43.121222],[131.882988,43.121219],[131.882956,43.121225],[131.882883,43.12124],[131.882868,43.121243]]}},{"type":"Feature","properties":{"fid":144,"Layer":"6 - утвержденные границы территорий окн","PaperSpace":null,"SubClasses":"AcDbEntity:AcDbPolyline","Linetype":"ByLayer","EntityHandle":"14D7","Text":null,"ogr_style":"PEN(c:#000000)","font":null,"angle":null,"size":null,"size_u":null,"anchor":null,"color":"#000000","underline":null,"plaintext":null,"fcolor":null,"flnum":null,"bold":null,"italic":null,"dx":null,"dx_u":null,"dy":null,"dy_u":null},"geometry":{"type":"LineString","coordinates":[[131.882258,43.121243],[131.882672,43.121162],[131.882538,43.120764],[131.88211,43.120853],[131.882258,43.121243]]}},{"type":"Feature","properties":{"fid":145,"Layer":"6 - утвержденные границы территорий окн","PaperSpace":null,"SubClasses":"AcDbEntity:AcDbPolyline","Linetype":"ByLayer","EntityHandle":"14D9","Text":null,"ogr_style":"PEN(c:#000000)","font":null,"angle":null,"size":null,"size_u":null,"anchor":null,"color":"#000000","underline":null,"plaintext":null,"fcolor":null,"flnum":null,"bold":null,"italic":null,"dx":null,"dx_u":null,"dy":null,"dy_u":null},"geometry":{"type":"LineString","coordinates":[[131.882868,43.121243],[131.882879,43.121274],[131.882973,43.12152],[131.882996,43.121515],[131.883017,43.121573],[131.882994,43.121578],[131.882996,43.121585],[131.883022,43.121658],[131.883041,43.121711],[131.883051,43.121737],[131.883404,43.121665],[131.883344,43.121496],[131.883231,43.121176],[131.883197,43.121182],[131.883093,43.121202],[131.883091,43.121203],[131.883097,43.121218],[131.883069,43.121224],[131.883063,43.121208],[131.88304,43.121213],[131.883015,43.121217],[131.88299,43.121222],[131.882988,43.121219],[131.882956,43.121225],[131.882883,43.12124],[131.882868,43.121243]]}},{"type":"Feature","properties":{"fid":146,"Layer":"6 - утвержденные границы территорий окн","PaperSpace":null,"SubClasses":"AcDbEntity:AcDbPolyline","Linetype":"ByLayer","EntityHandle":"14DB","Text":null,"ogr_style":"PEN(c:#000000)","font":null,"angle":null,"size":null,"size_u":null,"anchor":null,"color":"#000000","underline":null,"plaintext":null,"fcolor":null,"flnum":null,"bold":null,"italic":null,"dx":null,"dx_u":null,"dy":null,"dy_u":null},"geometry":{"type":"LineString","coordinates":[[131.889931,43.115461],[131.890042,43.115686],[131.890717,43.115561],[131.890604,43.115266],[131.889929,43.115409],[131.889948,43.115457],[131.889931,43.115461]]}},{"type":"Feature","properties":{"fid":147,"Layer":"6 - утвержденные границы территорий окн","PaperSpace":null,"SubClasses":"AcDbEntity:AcDbPolyline","Linetype":"ByLayer","EntityHandle":"14DD","Text":null,"ogr_style":"PEN(c:#000000)","font":null,"angle":null,"size":null,"size_u":null,"anchor":null,"color":"#000000","underline":null,"plaintext":null,"fcolor":null,"flnum":null,"bold":null,"italic":null,"dx":null,"dx_u":null,"dy":null,"dy_u":null},"geometry":{"type":"LineString","coordinates":[[131.886351,43.122677],[131.886623,43.122619],[131.886548,43.122396],[131.88628,43.122448],[131.886351,43.122677]]}},{"type":"Feature","properties":{"fid":148,"Layer":"6 - утвержденные границы территорий окн","PaperSpace":null,"SubClasses":"AcDbEntity:AcDbPolyline","Linetype":"ByLayer","EntityHandle":"14DF","Text":null,"ogr_style":"PEN(c:#000000)","font":null,"angle":null,"size":null,"size_u":null,"anchor":null,"color":"#000000","underline":null,"plaintext":null,"fcolor":null,"flnum":null,"bold":null,"italic":null,"dx":null,"dx_u":null,"dy":null,"dy_u":null},"geometry":{"type":"LineString","coordinates":[[131.885532,43.122834],[131.88579,43.122777],[131.885706,43.122564],[131.885442,43.12262],[131.885532,43.122834]]}},{"type":"Feature","properties":{"fid":149,"Layer":"6 - утвержденные границы территорий окн","PaperSpace":null,"SubClasses":"AcDbEntity:AcDbPolyline","Linetype":"ByLayer","EntityHandle":"14E1","Text":null,"ogr_style":"PEN(c:#000000)","font":null,"angle":null,"size":null,"size_u":null,"anchor":null,"color":"#000000","underline":null,"plaintext":null,"fcolor":null,"flnum":null,"bold":null,"italic":null,"dx":null,"dx_u":null,"dy":null,"dy_u":null},"geometry":{"type":"LineString","coordinates":[[131.885788,43.122771],[131.885914,43.122743],[131.885933,43.122789],[131.886086,43.122754],[131.885985,43.122506],[131.885706,43.122564],[131.885788,43.122771]]}},{"type":"Feature","properties":{"fid":150,"Layer":"6 - утвержденные границы территорий окн","PaperSpace":null,"SubClasses":"AcDbEntity:AcDbPolyline","Linetype":"ByLayer","EntityHandle":"14E3","Text":null,"ogr_style":"PEN(c:#000000)","font":null,"angle":null,"size":null,"size_u":null,"anchor":null,"color":"#000000","underline":null,"plaintext":null,"fcolor":null,"flnum":null,"bold":null,"italic":null,"dx":null,"dx_u":null,"dy":null,"dy_u":null},"geometry":{"type":"LineString","coordinates":[[131.887004,43.122825],[131.887292,43.122771],[131.88711,43.122291],[131.886825,43.122353],[131.887004,43.122825]]}},{"type":"Feature","properties":{"fid":151,"Layer":"6 - утвержденные границы территорий окн","PaperSpace":null,"SubClasses":"AcDbEntity:AcDbPolyline","Linetype":"ByLayer","EntityHandle":"14E5","Text":null,"ogr_style":"PEN(c:#000000)","font":null,"angle":null,"size":null,"size_u":null,"anchor":null,"color":"#000000","underline":null,"plaintext":null,"fcolor":null,"flnum":null,"bold":null,"italic":null,"dx":null,"dx_u":null,"dy":null,"dy_u":null},"geometry":{"type":"LineString","coordinates":[[131.887204,43.122539],[131.887472,43.122485],[131.88744,43.122404],[131.887453,43.122402],[131.88739,43.122231],[131.88711,43.122291],[131.887204,43.122539]]}},{"type":"Feature","properties":{"fid":152,"Layer":"6 - утвержденные границы территорий окн","PaperSpace":null,"SubClasses":"AcDbEntity:AcDbPolyline","Linetype":"ByLayer","EntityHandle":"14E7","Text":null,"ogr_style":"PEN(c:#000000)","font":null,"angle":null,"size":null,"size_u":null,"anchor":null,"color":"#000000","underline":null,"plaintext":null,"fcolor":null,"flnum":null,"bold":null,"italic":null,"dx":null,"dx_u":null,"dy":null,"dy_u":null},"geometry":{"type":"LineString","coordinates":[[131.888324,43.122192],[131.888459,43.122164],[131.888401,43.122016],[131.888364,43.122025],[131.888127,43.122076],[131.88812,43.122078],[131.888127,43.122096],[131.888133,43.122095],[131.888135,43.122101],[131.88816,43.122171],[131.888178,43.122222],[131.888324,43.122192]]}},{"type":"Feature","properties":{"fid":153,"Layer":"6 - утвержденные границы территорий окн","PaperSpace":null,"SubClasses":"AcDbEntity:AcDbPolyline","Linetype":"ByLayer","EntityHandle":"14E9","Text":null,"ogr_style":"PEN(c:#000000)","font":null,"angle":null,"size":null,"size_u":null,"anchor":null,"color":"#000000","underline":null,"plaintext":null,"fcolor":null,"flnum":null,"bold":null,"italic":null,"dx":null,"dx_u":null,"dy":null,"dy_u":null},"geometry":{"type":"LineString","coordinates":[[131.88871,43.121956],[131.888581,43.121977],[131.888401,43.122016],[131.888459,43.122164],[131.888463,43.122175],[131.88864,43.12214],[131.888634,43.122127],[131.888764,43.122098],[131.88871,43.121956]]}},{"type":"Feature","properties":{"fid":154,"Layer":"6 - утвержденные границы территорий окн","PaperSpace":null,"SubClasses":"AcDbEntity:AcDbPolyline","Linetype":"ByLayer","EntityHandle":"14EB","Text":null,"ogr_style":"PEN(c:#000000)","font":null,"angle":null,"size":null,"size_u":null,"anchor":null,"color":"#000000","underline":null,"plaintext":null,"fcolor":null,"flnum":null,"bold":null,"italic":null,"dx":null,"dx_u":null,"dy":null,"dy_u":null},"geometry":{"type":"LineString","coordinates":[[131.895434,43.114756],[131.895565,43.114739],[131.895835,43.11473],[131.896185,43.114727],[131.896205,43.114659],[131.89622,43.114624],[131.896231,43.114467],[131.895885,43.114502],[131.895391,43.114538],[131.895355,43.114544],[131.895434,43.114756]]}},{"type":"Feature","properties":{"fid":155,"Layer":"6 - утвержденные границы территорий окн","PaperSpace":null,"SubClasses":"AcDbEntity:AcDbPolyline","Linetype":"ByLayer","EntityHandle":"14ED","Text":null,"ogr_style":"PEN(c:#000000)","font":null,"angle":null,"size":null,"size_u":null,"anchor":null,"color":"#000000","underline":null,"plaintext":null,"fcolor":null,"flnum":null,"bold":null,"italic":null,"dx":null,"dx_u":null,"dy":null,"dy_u":null},"geometry":{"type":"LineString","coordinates":[[131.898842,43.115437],[131.899006,43.115489],[131.89915,43.115559],[131.899357,43.115608],[131.899384,43.115541],[131.899381,43.115541],[131.899453,43.115383],[131.898969,43.115267],[131.898906,43.115403],[131.898863,43.115392],[131.898842,43.115437]]}},{"type":"Feature","properties":{"fid":156,"Layer":"6 - утвержденные границы территорий окн","PaperSpace":null,"SubClasses":"AcDbEntity:AcDbPolyline","Linetype":"ByLayer","EntityHandle":"14EF","Text":null,"ogr_style":"PEN(c:#000000)","font":null,"angle":null,"size":null,"size_u":null,"anchor":null,"color":"#000000","underline":null,"plaintext":null,"fcolor":null,"flnum":null,"bold":null,"italic":null,"dx":null,"dx_u":null,"dy":null,"dy_u":null},"geometry":{"type":"LineString","coordinates":[[131.877421,43.116649],[131.877601,43.116787],[131.877811,43.116963],[131.877729,43.117018],[131.87779,43.117065],[131.878052,43.117121],[131.878056,43.117106],[131.878408,43.117161],[131.878334,43.116987],[131.878385,43.116893],[131.878486,43.116619],[131.878506,43.116337],[131.878498,43.11621],[131.878235,43.11607],[131.878162,43.116139],[131.878113,43.116161],[131.878007,43.116243],[131.877961,43.116309],[131.877909,43.116416],[131.877895,43.116468],[131.877608,43.116423],[131.877421,43.116649]]}},{"type":"Feature","properties":{"fid":157,"Layer":"6 - утвержденные границы территорий окн","PaperSpace":null,"SubClasses":"AcDbEntity:AcDbPolyline","Linetype":"ByLayer","EntityHandle":"14F1","Text":null,"ogr_style":"PEN(c:#000000)","font":null,"angle":null,"size":null,"size_u":null,"anchor":null,"color":"#000000","underline":null,"plaintext":null,"fcolor":null,"flnum":null,"bold":null,"italic":null,"dx":null,"dx_u":null,"dy":null,"dy_u":null},"geometry":{"type":"LineString","coordinates":[[131.874594,43.11301],[131.874645,43.113007],[131.874635,43.112955],[131.874585,43.112959],[131.874594,43.11301]]}},{"type":"Feature","properties":{"fid":158,"Layer":"6 - утвержденные границы территорий окн","PaperSpace":null,"SubClasses":"AcDbEntity:AcDbPolyline","Linetype":"ByLayer","EntityHandle":"14F3","Text":null,"ogr_style":"PEN(c:#000000)","font":null,"angle":null,"size":null,"size_u":null,"anchor":null,"color":"#000000","underline":null,"plaintext":null,"fcolor":null,"flnum":null,"bold":null,"italic":null,"dx":null,"dx_u":null,"dy":null,"dy_u":null},"geometry":{"type":"LineString","coordinates":[[131.88303,43.112153],[131.883709,43.111938],[131.88287,43.110534],[131.882197,43.11075],[131.88303,43.112153]]}},{"type":"Feature","properties":{"fid":159,"Layer":"6 - утвержденные границы территорий окн","PaperSpace":null,"SubClasses":"AcDbEntity:AcDbPolyline","Linetype":"ByLayer","EntityHandle":"14F5","Text":null,"ogr_style":"PEN(c:#000000)","font":null,"angle":null,"size":null,"size_u":null,"anchor":null,"color":"#000000","underline":null,"plaintext":null,"fcolor":null,"flnum":null,"bold":null,"italic":null,"dx":null,"dx_u":null,"dy":null,"dy_u":null},"geometry":{"type":"LineString","coordinates":[[131.909636,43.115922],[131.909811,43.115876],[131.909836,43.115937],[131.909992,43.1159],[131.909994,43.115887],[131.910104,43.115853],[131.910128,43.115841],[131.910144,43.115828],[131.910151,43.115813],[131.910154,43.11579],[131.91024,43.115768],[131.910248,43.115783],[131.910285,43.115774],[131.910263,43.115726],[131.910178,43.115748],[131.910173,43.115737],[131.910149,43.115692],[131.910037,43.115716],[131.91004,43.115724],[131.909898,43.115755],[131.909871,43.115696],[131.90967,43.115746],[131.909687,43.115795],[131.909578,43.115822],[131.909636,43.115922]]}},{"type":"Feature","properties":{"fid":160,"Layer":"6 - утвержденные границы территорий окн","PaperSpace":null,"SubClasses":"AcDbEntity:AcDbPolyline","Linetype":"ByLayer","EntityHandle":"14F7","Text":null,"ogr_style":"PEN(c:#000000)","font":null,"angle":null,"size":null,"size_u":null,"anchor":null,"color":"#000000","underline":null,"plaintext":null,"fcolor":null,"flnum":null,"bold":null,"italic":null,"dx":null,"dx_u":null,"dy":null,"dy_u":null},"geometry":{"type":"LineString","coordinates":[[131.90967,43.115746],[131.909871,43.115696],[131.909787,43.11552],[131.909587,43.115571],[131.90967,43.115746]]}},{"type":"Feature","properties":{"fid":161,"Layer":"6 - утвержденные границы территорий окн","PaperSpace":null,"SubClasses":"AcDbEntity:AcDbPolyline","Linetype":"ByLayer","EntityHandle":"14F9","Text":null,"ogr_style":"PEN(c:#000000)","font":null,"angle":null,"size":null,"size_u":null,"anchor":null,"color":"#000000","underline":null,"plaintext":null,"fcolor":null,"flnum":null,"bold":null,"italic":null,"dx":null,"dx_u":null,"dy":null,"dy_u":null},"geometry":{"type":"LineString","coordinates":[[131.909898,43.115755],[131.91004,43.115724],[131.910037,43.115716],[131.910149,43.115692],[131.910173,43.115737],[131.910237,43.115721],[131.910051,43.115453],[131.909787,43.11552],[131.909835,43.115619],[131.909871,43.115696],[131.909898,43.115755]]}},{"type":"Feature","properties":{"fid":162,"Layer":"6 - утвержденные границы территорий окн","PaperSpace":null,"SubClasses":"AcDbEntity:AcDbPolyline","Linetype":"ByLayer","EntityHandle":"14FB","Text":null,"ogr_style":"PEN(c:#000000)","font":null,"angle":null,"size":null,"size_u":null,"anchor":null,"color":"#000000","underline":null,"plaintext":null,"fcolor":null,"flnum":null,"bold":null,"italic":null,"dx":null,"dx_u":null,"dy":null,"dy_u":null},"geometry":{"type":"LineString","coordinates":[[131.9175,43.113978],[131.917405,43.113929],[131.91727,43.113878],[131.917175,43.113857],[131.917166,43.113858],[131.917162,43.113859],[131.917158,43.113861],[131.917155,43.113864],[131.917108,43.113947],[131.917122,43.114004],[131.917153,43.114111],[131.917171,43.114177],[131.917408,43.114132],[131.917474,43.114007],[131.917482,43.114009],[131.917499,43.113981],[131.9175,43.113978]]}},{"type":"Feature","properties":{"fid":163,"Layer":"6 - утвержденные границы территорий окн","PaperSpace":null,"SubClasses":"AcDbEntity:AcDbPolyline","Linetype":"ByLayer","EntityHandle":"14FD","Text":null,"ogr_style":"PEN(c:#000000)","font":null,"angle":null,"size":null,"size_u":null,"anchor":null,"color":"#000000","underline":null,"plaintext":null,"fcolor":null,"flnum":null,"bold":null,"italic":null,"dx":null,"dx_u":null,"dy":null,"dy_u":null},"geometry":{"type":"LineString","coordinates":[[131.881856,43.118455],[131.881907,43.118593],[131.881928,43.118589],[131.881953,43.118656],[131.881946,43.118658],[131.881998,43.118803],[131.882007,43.118826],[131.882306,43.118768],[131.882299,43.118747],[131.88229,43.118722],[131.882263,43.118644],[131.882258,43.118629],[131.882202,43.118475],[131.882174,43.118393],[131.882047,43.118417],[131.881856,43.118455]]}},{"type":"Feature","properties":{"fid":164,"Layer":"6 - утвержденные границы территорий окн","PaperSpace":null,"SubClasses":"AcDbEntity:AcDbPolyline","Linetype":"ByLayer","EntityHandle":"14FF","Text":null,"ogr_style":"PEN(c:#000000)","font":null,"angle":null,"size":null,"size_u":null,"anchor":null,"color":"#000000","underline":null,"plaintext":null,"fcolor":null,"flnum":null,"bold":null,"italic":null,"dx":null,"dx_u":null,"dy":null,"dy_u":null},"geometry":{"type":"LineString","coordinates":[[131.879667,43.117348],[131.87987,43.117309],[131.880231,43.11724],[131.880136,43.11697],[131.879864,43.117023],[131.879862,43.117018],[131.87957,43.117077],[131.879667,43.117348]]}},{"type":"Feature","properties":{"fid":165,"Layer":"6 - утвержденные границы территорий окн","PaperSpace":null,"SubClasses":"AcDbEntity:AcDbPolyline","Linetype":"ByLayer","EntityHandle":"1501","Text":null,"ogr_style":"PEN(c:#000000)","font":null,"angle":null,"size":null,"size_u":null,"anchor":null,"color":"#000000","underline":null,"plaintext":null,"fcolor":null,"flnum":null,"bold":null,"italic":null,"dx":null,"dx_u":null,"dy":null,"dy_u":null},"geometry":{"type":"LineString","coordinates":[[131.87827,43.116933],[131.878335,43.117109],[131.878336,43.117111],[131.878343,43.117131],[131.878731,43.117059],[131.878726,43.117043],[131.878724,43.117039],[131.878658,43.116851],[131.878446,43.116898],[131.87827,43.116933]]}},{"type":"Feature","properties":{"fid":166,"Layer":"6 - утвержденные границы территорий окн","PaperSpace":null,"SubClasses":"AcDbEntity:AcDbPolyline","Linetype":"ByLayer","EntityHandle":"1503","Text":null,"ogr_style":"PEN(c:#000000)","font":null,"angle":null,"size":null,"size_u":null,"anchor":null,"color":"#000000","underline":null,"plaintext":null,"fcolor":null,"flnum":null,"bold":null,"italic":null,"dx":null,"dx_u":null,"dy":null,"dy_u":null},"geometry":{"type":"LineString","coordinates":[[131.878658,43.116851],[131.878724,43.117039],[131.878726,43.117043],[131.878731,43.117059],[131.878941,43.11702],[131.878935,43.117002],[131.878889,43.116871],[131.878887,43.116863],[131.878868,43.11681],[131.878769,43.116829],[131.878658,43.116851]]}},{"type":"Feature","properties":{"fid":167,"Layer":"6 - утвержденные границы территорий окн","PaperSpace":null,"SubClasses":"AcDbEntity:AcDbPolyline","Linetype":"ByLayer","EntityHandle":"1505","Text":null,"ogr_style":"PEN(c:#000000)","font":null,"angle":null,"size":null,"size_u":null,"anchor":null,"color":"#000000","underline":null,"plaintext":null,"fcolor":null,"flnum":null,"bold":null,"italic":null,"dx":null,"dx_u":null,"dy":null,"dy_u":null},"geometry":{"type":"LineString","coordinates":[[131.878588,43.116673],[131.878634,43.116814],[131.878644,43.116812],[131.878658,43.116851],[131.878769,43.116829],[131.878868,43.11681],[131.878857,43.116778],[131.878812,43.116647],[131.878588,43.116673]]}},{"type":"Feature","properties":{"fid":168,"Layer":"6 - утвержденные границы территорий окн","PaperSpace":null,"SubClasses":"AcDbEntity:AcDbPolyline","Linetype":"ByLayer","EntityHandle":"1507","Text":null,"ogr_style":"PEN(c:#000000)","font":null,"angle":null,"size":null,"size_u":null,"anchor":null,"color":"#000000","underline":null,"plaintext":null,"fcolor":null,"flnum":null,"bold":null,"italic":null,"dx":null,"dx_u":null,"dy":null,"dy_u":null},"geometry":{"type":"LineString","coordinates":[[131.878887,43.116863],[131.878889,43.116871],[131.878935,43.117002],[131.878941,43.11702],[131.879287,43.116957],[131.879211,43.116743],[131.878985,43.116785],[131.878993,43.11681],[131.878989,43.116815],[131.878953,43.116822],[131.878962,43.116849],[131.878887,43.116863]]}},{"type":"Feature","properties":{"fid":169,"Layer":"6 - утвержденные границы территорий окн","PaperSpace":null,"SubClasses":"AcDbEntity:AcDbPolyline","Linetype":"ByLayer","EntityHandle":"1509","Text":null,"ogr_style":"PEN(c:#000000)","font":null,"angle":null,"size":null,"size_u":null,"anchor":null,"color":"#000000","underline":null,"plaintext":null,"fcolor":null,"flnum":null,"bold":null,"italic":null,"dx":null,"dx_u":null,"dy":null,"dy_u":null},"geometry":{"type":"LineString","coordinates":[[131.880854,43.117325],[131.88142,43.117212],[131.88127,43.116758],[131.881173,43.116773],[131.881024,43.116797],[131.880937,43.116818],[131.88069,43.116865],[131.880854,43.117325]]}},{"type":"Feature","properties":{"fid":170,"Layer":"6 - утвержденные границы территорий окн","PaperSpace":null,"SubClasses":"AcDbEntity:AcDbPolyline","Linetype":"ByLayer","EntityHandle":"150B","Text":null,"ogr_style":"PEN(c:#000000)","font":null,"angle":null,"size":null,"size_u":null,"anchor":null,"color":"#000000","underline":null,"plaintext":null,"fcolor":null,"flnum":null,"bold":null,"italic":null,"dx":null,"dx_u":null,"dy":null,"dy_u":null},"geometry":{"type":"LineString","coordinates":[[131.880545,43.117391],[131.880857,43.117334],[131.880741,43.117012],[131.880681,43.117023],[131.880692,43.11705],[131.880612,43.117067],[131.880579,43.117102],[131.880469,43.11712],[131.880477,43.117142],[131.880516,43.117269],[131.880521,43.117316],[131.880545,43.117391]]}},{"type":"Feature","properties":{"fid":171,"Layer":"6 - утвержденные границы территорий окн","PaperSpace":null,"SubClasses":"AcDbEntity:AcDbPolyline","Linetype":"ByLayer","EntityHandle":"150D","Text":null,"ogr_style":"PEN(c:#000000)","font":null,"angle":null,"size":null,"size_u":null,"anchor":null,"color":"#000000","underline":null,"plaintext":null,"fcolor":null,"flnum":null,"bold":null,"italic":null,"dx":null,"dx_u":null,"dy":null,"dy_u":null},"geometry":{"type":"LineString","coordinates":[[131.880469,43.11712],[131.880579,43.117102],[131.880612,43.117067],[131.880692,43.11705],[131.880681,43.117023],[131.880741,43.117012],[131.88069,43.116865],[131.880396,43.116921],[131.880469,43.11712]]}},{"type":"Feature","properties":{"fid":172,"Layer":"6 - утвержденные границы территорий окн","PaperSpace":null,"SubClasses":"AcDbEntity:AcDbPolyline","Linetype":"ByLayer","EntityHandle":"150F","Text":null,"ogr_style":"PEN(c:#000000)","font":null,"angle":null,"size":null,"size_u":null,"anchor":null,"color":"#000000","underline":null,"plaintext":null,"fcolor":null,"flnum":null,"bold":null,"italic":null,"dx":null,"dx_u":null,"dy":null,"dy_u":null},"geometry":{"type":"LineString","coordinates":[[131.881377,43.117083],[131.881497,43.117058],[131.881469,43.116987],[131.881592,43.116961],[131.881497,43.116705],[131.881266,43.116747],[131.881377,43.117083]]}},{"type":"Feature","properties":{"fid":173,"Layer":"6 - утвержденные границы территорий окн","PaperSpace":null,"SubClasses":"AcDbEntity:AcDbPolyline","Linetype":"ByLayer","EntityHandle":"1511","Text":null,"ogr_style":"PEN(c:#000000)","font":null,"angle":null,"size":null,"size_u":null,"anchor":null,"color":"#000000","underline":null,"plaintext":null,"fcolor":null,"flnum":null,"bold":null,"italic":null,"dx":null,"dx_u":null,"dy":null,"dy_u":null},"geometry":{"type":"LineString","coordinates":[[131.881829,43.116643],[131.88189,43.116799],[131.882444,43.11669],[131.882382,43.116528],[131.881829,43.116643]]}},{"type":"Feature","properties":{"fid":174,"Layer":"6 - утвержденные границы территорий окн","PaperSpace":null,"SubClasses":"AcDbEntity:AcDbPolyline","Linetype":"ByLayer","EntityHandle":"1513","Text":null,"ogr_style":"PEN(c:#000000)","font":null,"angle":null,"size":null,"size_u":null,"anchor":null,"color":"#000000","underline":null,"plaintext":null,"fcolor":null,"flnum":null,"bold":null,"italic":null,"dx":null,"dx_u":null,"dy":null,"dy_u":null},"geometry":{"type":"LineString","coordinates":[[131.880145,43.116812],[131.880874,43.116673],[131.880816,43.116469],[131.880453,43.11654],[131.880448,43.116528],[131.880141,43.11659],[131.880134,43.116572],[131.880062,43.116589],[131.880145,43.116812]]}},{"type":"Feature","properties":{"fid":175,"Layer":"6 - утвержденные границы территорий окн","PaperSpace":null,"SubClasses":"AcDbEntity:AcDbPolyline","Linetype":"ByLayer","EntityHandle":"1515","Text":null,"ogr_style":"PEN(c:#000000)","font":null,"angle":null,"size":null,"size_u":null,"anchor":null,"color":"#000000","underline":null,"plaintext":null,"fcolor":null,"flnum":null,"bold":null,"italic":null,"dx":null,"dx_u":null,"dy":null,"dy_u":null},"geometry":{"type":"LineString","coordinates":[[131.880916,43.116282],[131.881033,43.116621],[131.881258,43.11658],[131.881253,43.116566],[131.881134,43.116243],[131.88095,43.116277],[131.880933,43.116279],[131.880916,43.116282]]}},{"type":"Feature","properties":{"fid":176,"Layer":"6 - утвержденные границы территорий окн","PaperSpace":null,"SubClasses":"AcDbEntity:AcDbPolyline","Linetype":"ByLayer","EntityHandle":"1517","Text":null,"ogr_style":"PEN(c:#000000)","font":null,"angle":null,"size":null,"size_u":null,"anchor":null,"color":"#000000","underline":null,"plaintext":null,"fcolor":null,"flnum":null,"bold":null,"italic":null,"dx":null,"dx_u":null,"dy":null,"dy_u":null},"geometry":{"type":"LineString","coordinates":[[131.881134,43.116243],[131.881253,43.116566],[131.881258,43.11658],[131.881463,43.116543],[131.881457,43.116525],[131.881393,43.116341],[131.881345,43.116204],[131.881134,43.116243]]}},{"type":"Feature","properties":{"fid":177,"Layer":"6 - утвержденные границы территорий окн","PaperSpace":null,"SubClasses":"AcDbEntity:AcDbPolyline","Linetype":"ByLayer","EntityHandle":"1519","Text":null,"ogr_style":"PEN(c:#000000)","font":null,"angle":null,"size":null,"size_u":null,"anchor":null,"color":"#000000","underline":null,"plaintext":null,"fcolor":null,"flnum":null,"bold":null,"italic":null,"dx":null,"dx_u":null,"dy":null,"dy_u":null},"geometry":{"type":"LineString","coordinates":[[131.881393,43.116341],[131.881457,43.116525],[131.881463,43.116543],[131.881703,43.116495],[131.881697,43.116478],[131.881631,43.116296],[131.881457,43.116328],[131.881393,43.116341]]}},{"type":"Feature","properties":{"fid":178,"Layer":"6 - утвержденные границы территорий окн","PaperSpace":null,"SubClasses":"AcDbEntity:AcDbPolyline","Linetype":"ByLayer","EntityHandle":"151B","Text":null,"ogr_style":"PEN(c:#000000)","font":null,"angle":null,"size":null,"size_u":null,"anchor":null,"color":"#000000","underline":null,"plaintext":null,"fcolor":null,"flnum":null,"bold":null,"italic":null,"dx":null,"dx_u":null,"dy":null,"dy_u":null},"geometry":{"type":"LineString","coordinates":[[131.881341,43.116194],[131.881345,43.116204],[131.881393,43.116341],[131.881457,43.116328],[131.881631,43.116296],[131.88158,43.11615],[131.88139,43.116185],[131.881341,43.116194]]}},{"type":"Feature","properties":{"fid":179,"Layer":"6 - утвержденные границы территорий окн","PaperSpace":null,"SubClasses":"AcDbEntity:AcDbPolyline","Linetype":"ByLayer","EntityHandle":"151D","Text":null,"ogr_style":"PEN(c:#000000)","font":null,"angle":null,"size":null,"size_u":null,"anchor":null,"color":"#000000","underline":null,"plaintext":null,"fcolor":null,"flnum":null,"bold":null,"italic":null,"dx":null,"dx_u":null,"dy":null,"dy_u":null},"geometry":{"type":"LineString","coordinates":[[131.88158,43.11615],[131.881631,43.116296],[131.881697,43.116478],[131.881703,43.116495],[131.882356,43.11637],[131.882233,43.116023],[131.882206,43.116028],[131.882202,43.116028],[131.881845,43.1161],[131.881747,43.116118],[131.881704,43.116127],[131.88158,43.11615]]}},{"type":"Feature","properties":{"fid":180,"Layer":"6 - утвержденные границы территорий окн","PaperSpace":null,"SubClasses":"AcDbEntity:AcDbPolyline","Linetype":"ByLayer","EntityHandle":"151F","Text":null,"ogr_style":"PEN(c:#000000)","font":null,"angle":null,"size":null,"size_u":null,"anchor":null,"color":"#000000","underline":null,"plaintext":null,"fcolor":null,"flnum":null,"bold":null,"italic":null,"dx":null,"dx_u":null,"dy":null,"dy_u":null},"geometry":{"type":"LineString","coordinates":[[131.883662,43.116853],[131.883901,43.116805],[131.883926,43.116806],[131.883734,43.116243],[131.88347,43.116292],[131.883662,43.116853]]}},{"type":"Feature","properties":{"fid":181,"Layer":"6 - утвержденные границы территорий окн","PaperSpace":null,"SubClasses":"AcDbEntity:AcDbPolyline","Linetype":"ByLayer","EntityHandle":"1521","Text":null,"ogr_style":"PEN(c:#000000)","font":null,"angle":null,"size":null,"size_u":null,"anchor":null,"color":"#000000","underline":null,"plaintext":null,"fcolor":null,"flnum":null,"bold":null,"italic":null,"dx":null,"dx_u":null,"dy":null,"dy_u":null},"geometry":{"type":"LineString","coordinates":[[131.883383,43.116889],[131.883588,43.116843],[131.883596,43.116867],[131.883662,43.116853],[131.88347,43.116292],[131.883179,43.116346],[131.883383,43.116889]]}},{"type":"Feature","properties":{"fid":182,"Layer":"6 - утвержденные границы территорий окн","PaperSpace":null,"SubClasses":"AcDbEntity:AcDbPolyline","Linetype":"ByLayer","EntityHandle":"1523","Text":null,"ogr_style":"PEN(c:#000000)","font":null,"angle":null,"size":null,"size_u":null,"anchor":null,"color":"#000000","underline":null,"plaintext":null,"fcolor":null,"flnum":null,"bold":null,"italic":null,"dx":null,"dx_u":null,"dy":null,"dy_u":null},"geometry":{"type":"LineString","coordinates":[[131.883926,43.116806],[131.883975,43.116806],[131.883981,43.116413],[131.883943,43.116203],[131.883734,43.116243],[131.883926,43.116806]]}},{"type":"Feature","properties":{"fid":183,"Layer":"6 - утвержденные границы территорий окн","PaperSpace":null,"SubClasses":"AcDbEntity:AcDbPolyline","Linetype":"ByLayer","EntityHandle":"1525","Text":null,"ogr_style":"PEN(c:#000000)","font":null,"angle":null,"size":null,"size_u":null,"anchor":null,"color":"#000000","underline":null,"plaintext":null,"fcolor":null,"flnum":null,"bold":null,"italic":null,"dx":null,"dx_u":null,"dy":null,"dy_u":null},"geometry":{"type":"LineString","coordinates":[[131.887748,43.116292],[131.887977,43.116244],[131.887943,43.116149],[131.888081,43.116122],[131.888061,43.116072],[131.888135,43.116056],[131.888167,43.116035],[131.888362,43.115996],[131.888139,43.115387],[131.887462,43.115518],[131.887748,43.116292]]}},{"type":"Feature","properties":{"fid":184,"Layer":"6 - утвержденные границы территорий окн","PaperSpace":null,"SubClasses":"AcDbEntity:AcDbPolyline","Linetype":"ByLayer","EntityHandle":"1527","Text":null,"ogr_style":"PEN(c:#000000)","font":null,"angle":null,"size":null,"size_u":null,"anchor":null,"color":"#000000","underline":null,"plaintext":null,"fcolor":null,"flnum":null,"bold":null,"italic":null,"dx":null,"dx_u":null,"dy":null,"dy_u":null},"geometry":{"type":"LineString","coordinates":[[131.887278,43.116613],[131.888252,43.116422],[131.888167,43.116207],[131.887795,43.116279],[131.887803,43.116302],[131.88775,43.116312],[131.887742,43.116288],[131.887556,43.116322],[131.887531,43.116255],[131.887235,43.116312],[131.887174,43.116317],[131.887278,43.116613]]}},{"type":"Feature","properties":{"fid":185,"Layer":"6 - утвержденные границы территорий окн","PaperSpace":null,"SubClasses":"AcDbEntity:AcDbPolyline","Linetype":"ByLayer","EntityHandle":"1529","Text":null,"ogr_style":"PEN(c:#000000)","font":null,"angle":null,"size":null,"size_u":null,"anchor":null,"color":"#000000","underline":null,"plaintext":null,"fcolor":null,"flnum":null,"bold":null,"italic":null,"dx":null,"dx_u":null,"dy":null,"dy_u":null},"geometry":{"type":"LineString","coordinates":[[131.888564,43.115723],[131.889428,43.115553],[131.889382,43.115444],[131.889373,43.115446],[131.889342,43.115356],[131.889401,43.115344],[131.88933,43.11515],[131.888414,43.11533],[131.888564,43.115723]]}},{"type":"Feature","properties":{"fid":186,"Layer":"6 - утвержденные границы территорий окн","PaperSpace":null,"SubClasses":"AcDbEntity:AcDbPolyline","Linetype":"ByLayer","EntityHandle":"152B","Text":null,"ogr_style":"PEN(c:#000000)","font":null,"angle":null,"size":null,"size_u":null,"anchor":null,"color":"#000000","underline":null,"plaintext":null,"fcolor":null,"flnum":null,"bold":null,"italic":null,"dx":null,"dx_u":null,"dy":null,"dy_u":null},"geometry":{"type":"LineString","coordinates":[[131.889377,43.115446],[131.889461,43.115618],[131.889469,43.115616],[131.889512,43.115709],[131.889566,43.115835],[131.889644,43.115809],[131.889737,43.115775],[131.889837,43.115737],[131.889991,43.115697],[131.890041,43.115686],[131.889931,43.115461],[131.889948,43.115457],[131.889929,43.115409],[131.889922,43.115407],[131.889897,43.115338],[131.889903,43.115337],[131.889881,43.115277],[131.889795,43.1153],[131.889809,43.115335],[131.889664,43.115363],[131.889673,43.115388],[131.889377,43.115446]]}},{"type":"Feature","properties":{"fid":187,"Layer":"6 - утвержденные границы территорий окн","PaperSpace":null,"SubClasses":"AcDbEntity:AcDbPolyline","Linetype":"ByLayer","EntityHandle":"152D","Text":null,"ogr_style":"PEN(c:#000000)","font":null,"angle":null,"size":null,"size_u":null,"anchor":null,"color":"#000000","underline":null,"plaintext":null,"fcolor":null,"flnum":null,"bold":null,"italic":null,"dx":null,"dx_u":null,"dy":null,"dy_u":null},"geometry":{"type":"LineString","coordinates":[[131.890458,43.115164],[131.890419,43.115056],[131.890424,43.115054],[131.890394,43.114977],[131.889891,43.115077],[131.889962,43.115266],[131.890458,43.115164]]}},{"type":"Feature","properties":{"fid":188,"Layer":"6 - утвержденные границы территорий окн","PaperSpace":null,"SubClasses":"AcDbEntity:AcDbPolyline","Linetype":"ByLayer","EntityHandle":"152F","Text":null,"ogr_style":"PEN(c:#000000)","font":null,"angle":null,"size":null,"size_u":null,"anchor":null,"color":"#000000","underline":null,"plaintext":null,"fcolor":null,"flnum":null,"bold":null,"italic":null,"dx":null,"dx_u":null,"dy":null,"dy_u":null},"geometry":{"type":"LineString","coordinates":[[131.891414,43.115381],[131.891919,43.115429],[131.892092,43.115446],[131.892098,43.115412],[131.89205,43.115279],[131.891869,43.114791],[131.891842,43.114702],[131.891829,43.114667],[131.891197,43.11479],[131.891284,43.115032],[131.891349,43.11521],[131.891399,43.115341],[131.891414,43.115381]]}},{"type":"Feature","properties":{"fid":189,"Layer":"6 - утвержденные границы территорий окн","PaperSpace":null,"SubClasses":"AcDbEntity:AcDbPolyline","Linetype":"ByLayer","EntityHandle":"1531","Text":null,"ogr_style":"PEN(c:#000000)","font":null,"angle":null,"size":null,"size_u":null,"anchor":null,"color":"#000000","underline":null,"plaintext":null,"fcolor":null,"flnum":null,"bold":null,"italic":null,"dx":null,"dx_u":null,"dy":null,"dy_u":null},"geometry":{"type":"LineString","coordinates":[[131.890654,43.115187],[131.89081,43.115156],[131.890801,43.11513],[131.890983,43.115088],[131.891283,43.115032],[131.891197,43.11479],[131.890553,43.114913],[131.890654,43.115187]]}},{"type":"Feature","properties":{"fid":190,"Layer":"6 - утвержденные границы территорий окн","PaperSpace":null,"SubClasses":"AcDbEntity:AcDbPolyline","Linetype":"ByLayer","EntityHandle":"1533","Text":null,"ogr_style":"PEN(c:#000000)","font":null,"angle":null,"size":null,"size_u":null,"anchor":null,"color":"#000000","underline":null,"plaintext":null,"fcolor":null,"flnum":null,"bold":null,"italic":null,"dx":null,"dx_u":null,"dy":null,"dy_u":null},"geometry":{"type":"LineString","coordinates":[[131.892555,43.114929],[131.892466,43.114654],[131.892347,43.11459],[131.891838,43.114692],[131.891971,43.115052],[131.892555,43.114929]]}},{"type":"Feature","properties":{"fid":191,"Layer":"6 - утвержденные границы территорий окн","PaperSpace":null,"SubClasses":"AcDbEntity:AcDbPolyline","Linetype":"ByLayer","EntityHandle":"1535","Text":null,"ogr_style":"PEN(c:#000000)","font":null,"angle":null,"size":null,"size_u":null,"anchor":null,"color":"#000000","underline":null,"plaintext":null,"fcolor":null,"flnum":null,"bold":null,"italic":null,"dx":null,"dx_u":null,"dy":null,"dy_u":null},"geometry":{"type":"LineString","coordinates":[[131.889919,43.114902],[131.890417,43.114805],[131.89038,43.114701],[131.890298,43.114474],[131.8899,43.114552],[131.889955,43.114708],[131.889852,43.114727],[131.889919,43.114902]]}},{"type":"Feature","properties":{"fid":192,"Layer":"6 - утвержденные границы территорий окн","PaperSpace":null,"SubClasses":"AcDbEntity:AcDbPolyline","Linetype":"ByLayer","EntityHandle":"1537","Text":null,"ogr_style":"PEN(c:#000000)","font":null,"angle":null,"size":null,"size_u":null,"anchor":null,"color":"#000000","underline":null,"plaintext":null,"fcolor":null,"flnum":null,"bold":null,"italic":null,"dx":null,"dx_u":null,"dy":null,"dy_u":null},"geometry":{"type":"LineString","coordinates":[[131.889177,43.115046],[131.889767,43.114931],[131.88972,43.114799],[131.889672,43.114663],[131.889347,43.11473],[131.889349,43.114739],[131.889088,43.114786],[131.889106,43.114847],[131.889166,43.115016],[131.889177,43.115046]]}},{"type":"Feature","properties":{"fid":193,"Layer":"6 - утвержденные границы территорий окн","PaperSpace":null,"SubClasses":"AcDbEntity:AcDbPolyline","Linetype":"ByLayer","EntityHandle":"1539","Text":null,"ogr_style":"PEN(c:#000000)","font":null,"angle":null,"size":null,"size_u":null,"anchor":null,"color":"#000000","underline":null,"plaintext":null,"fcolor":null,"flnum":null,"bold":null,"italic":null,"dx":null,"dx_u":null,"dy":null,"dy_u":null},"geometry":{"type":"LineString","coordinates":[[131.892657,43.114371],[131.893268,43.114251],[131.893319,43.11417],[131.893247,43.113968],[131.892563,43.114064],[131.892657,43.114371]]}},{"type":"Feature","properties":{"fid":194,"Layer":"6 - утвержденные границы территорий окн","PaperSpace":null,"SubClasses":"AcDbEntity:AcDbPolyline","Linetype":"ByLayer","EntityHandle":"153B","Text":null,"ogr_style":"PEN(c:#000000)","font":null,"angle":null,"size":null,"size_u":null,"anchor":null,"color":"#000000","underline":null,"plaintext":null,"fcolor":null,"flnum":null,"bold":null,"italic":null,"dx":null,"dx_u":null,"dy":null,"dy_u":null},"geometry":{"type":"LineString","coordinates":[[131.894677,43.114162],[131.894791,43.114474],[131.895164,43.114396],[131.895056,43.114088],[131.894677,43.114162]]}},{"type":"Feature","properties":{"fid":195,"Layer":"6 - утвержденные границы территорий окн","PaperSpace":null,"SubClasses":"AcDbEntity:AcDbPolyline","Linetype":"ByLayer","EntityHandle":"153D","Text":null,"ogr_style":"PEN(c:#000000)","font":null,"angle":null,"size":null,"size_u":null,"anchor":null,"color":"#000000","underline":null,"plaintext":null,"fcolor":null,"flnum":null,"bold":null,"italic":null,"dx":null,"dx_u":null,"dy":null,"dy_u":null},"geometry":{"type":"LineString","coordinates":[[131.905208,43.115591],[131.905858,43.115509],[131.906003,43.115487],[131.906209,43.115447],[131.907041,43.115238],[131.907034,43.115224],[131.906989,43.115172],[131.906634,43.114973],[131.906576,43.114955],[131.906543,43.114971],[131.906543,43.114991],[131.906541,43.115066],[131.906409,43.115064],[131.906098,43.115092],[131.90611,43.115168],[131.905969,43.115184],[131.905978,43.115236],[131.90552,43.115303],[131.905157,43.115355],[131.905208,43.115591]]}},{"type":"Feature","properties":{"fid":196,"Layer":"6 - утвержденные границы территорий окн","PaperSpace":null,"SubClasses":"AcDbEntity:AcDbPolyline","Linetype":"ByLayer","EntityHandle":"153F","Text":null,"ogr_style":"PEN(c:#000000)","font":null,"angle":null,"size":null,"size_u":null,"anchor":null,"color":"#000000","underline":null,"plaintext":null,"fcolor":null,"flnum":null,"bold":null,"italic":null,"dx":null,"dx_u":null,"dy":null,"dy_u":null},"geometry":{"type":"LineString","coordinates":[[131.910732,43.113437],[131.910518,43.113534],[131.910547,43.113567],[131.910323,43.113683],[131.910297,43.113686],[131.910263,43.113705],[131.910159,43.113614],[131.91013,43.113588],[131.909929,43.113695],[131.909929,43.113705],[131.909896,43.113725],[131.909796,43.113739],[131.909722,43.113769],[131.909709,43.113783],[131.909515,43.11391],[131.909501,43.113901],[131.909388,43.113974],[131.90912,43.114135],[131.909053,43.114165],[131.90921,43.114371],[131.909059,43.11443],[131.908999,43.114354],[131.90861,43.114502],[131.908581,43.114513],[131.908266,43.114656],[131.908269,43.114687],[131.908228,43.114761],[131.908165,43.114797],[131.90811,43.114857],[131.908006,43.114881],[131.908019,43.114937],[131.90812,43.114957],[131.908724,43.114809],[131.909298,43.114667],[131.909392,43.114635],[131.910087,43.114259],[131.910721,43.113906],[131.910893,43.113828],[131.910891,43.113768],[131.910852,43.113686],[131.910732,43.113437]]}},{"type":"Feature","properties":{"fid":197,"Layer":"6 - утвержденные границы территорий окн","PaperSpace":null,"SubClasses":"AcDbEntity:AcDbPolyline","Linetype":"ByLayer","EntityHandle":"1541","Text":null,"ogr_style":"PEN(c:#000000)","font":null,"angle":null,"size":null,"size_u":null,"anchor":null,"color":"#000000","underline":null,"plaintext":null,"fcolor":null,"flnum":null,"bold":null,"italic":null,"dx":null,"dx_u":null,"dy":null,"dy_u":null},"geometry":{"type":"LineString","coordinates":[[131.901281,43.114656],[131.901442,43.1143],[131.901407,43.114292],[131.901387,43.114209],[131.901061,43.114156],[131.901054,43.114183],[131.901032,43.11418],[131.900872,43.114168],[131.900778,43.114146],[131.90069,43.114139],[131.900518,43.11411],[131.900392,43.114107],[131.900302,43.114126],[131.900286,43.114131],[131.90024,43.114143],[131.900185,43.114162],[131.900153,43.114174],[131.900143,43.114179],[131.900106,43.114201],[131.900062,43.114238],[131.900019,43.114318],[131.900044,43.114371],[131.901281,43.114656]]}},{"type":"Feature","properties":{"fid":198,"Layer":"6 - утвержденные границы территорий окн","PaperSpace":null,"SubClasses":"AcDbEntity:AcDbPolyline","Linetype":"ByLayer","EntityHandle":"1543","Text":null,"ogr_style":"PEN(c:#000000)","font":null,"angle":null,"size":null,"size_u":null,"anchor":null,"color":"#000000","underline":null,"plaintext":null,"fcolor":null,"flnum":null,"bold":null,"italic":null,"dx":null,"dx_u":null,"dy":null,"dy_u":null},"geometry":{"type":"LineString","coordinates":[[131.909449,43.114828],[131.909575,43.115087],[131.910052,43.114929],[131.909884,43.114611],[131.909841,43.114601],[131.909449,43.114828]]}},{"type":"Feature","properties":{"fid":199,"Layer":"6 - утвержденные границы территорий окн","PaperSpace":null,"SubClasses":"AcDbEntity:AcDbPolyline","Linetype":"ByLayer","EntityHandle":"1545","Text":null,"ogr_style":"PEN(c:#000000)","font":null,"angle":null,"size":null,"size_u":null,"anchor":null,"color":"#000000","underline":null,"plaintext":null,"fcolor":null,"flnum":null,"bold":null,"italic":null,"dx":null,"dx_u":null,"dy":null,"dy_u":null},"geometry":{"type":"LineString","coordinates":[[131.92611,43.111944],[131.926176,43.112237],[131.926675,43.112275],[131.926686,43.112124],[131.926648,43.111891],[131.926641,43.111858],[131.92611,43.111944]]}},{"type":"Feature","properties":{"fid":200,"Layer":"6 - утвержденные границы территорий окн","PaperSpace":null,"SubClasses":"AcDbEntity:AcDbPolyline","Linetype":"ByLayer","EntityHandle":"1547","Text":null,"ogr_style":"PEN(c:#000000)","font":null,"angle":null,"size":null,"size_u":null,"anchor":null,"color":"#000000","underline":null,"plaintext":null,"fcolor":null,"flnum":null,"bold":null,"italic":null,"dx":null,"dx_u":null,"dy":null,"dy_u":null},"geometry":{"type":"LineString","coordinates":[[131.914649,43.113093],[131.914807,43.113496],[131.914946,43.113471],[131.914953,43.113466],[131.914956,43.113458],[131.915114,43.113425],[131.915133,43.113421],[131.915038,43.113182],[131.914981,43.113195],[131.914931,43.113077],[131.914916,43.113037],[131.914649,43.113093]]}},{"type":"Feature","properties":{"fid":201,"Layer":"6 - утвержденные границы территорий окн","PaperSpace":null,"SubClasses":"AcDbEntity:AcDbPolyline","Linetype":"ByLayer","EntityHandle":"1549","Text":null,"ogr_style":"PEN(c:#000000)","font":null,"angle":null,"size":null,"size_u":null,"anchor":null,"color":"#000000","underline":null,"plaintext":null,"fcolor":null,"flnum":null,"bold":null,"italic":null,"dx":null,"dx_u":null,"dy":null,"dy_u":null},"geometry":{"type":"LineString","coordinates":[[131.912969,43.113477],[131.912978,43.113499],[131.912995,43.113545],[131.913043,43.113663],[131.913075,43.113739],[131.913141,43.113722],[131.913164,43.113686],[131.913215,43.113676],[131.913288,43.113656],[131.913388,43.113629],[131.913471,43.1136],[131.91356,43.113646],[131.913749,43.113611],[131.913696,43.11347],[131.91364,43.113331],[131.912969,43.113477]]}},{"type":"Feature","properties":{"fid":202,"Layer":"6 - утвержденные границы территорий окн","PaperSpace":null,"SubClasses":"AcDbEntity:AcDbPolyline","Linetype":"ByLayer","EntityHandle":"154B","Text":null,"ogr_style":"PEN(c:#000000)","font":null,"angle":null,"size":null,"size_u":null,"anchor":null,"color":"#000000","underline":null,"plaintext":null,"fcolor":null,"flnum":null,"bold":null,"italic":null,"dx":null,"dx_u":null,"dy":null,"dy_u":null},"geometry":{"type":"LineString","coordinates":[[131.914981,43.113195],[131.915217,43.113143],[131.915208,43.113121],[131.9153,43.113101],[131.915285,43.113065],[131.915251,43.112981],[131.915245,43.112967],[131.914916,43.113037],[131.914931,43.113077],[131.914981,43.113195]]}},{"type":"Feature","properties":{"fid":203,"Layer":"6 - утвержденные границы территорий окн","PaperSpace":null,"SubClasses":"AcDbEntity:AcDbPolyline","Linetype":"ByLayer","EntityHandle":"154D","Text":null,"ogr_style":"PEN(c:#000000)","font":null,"angle":null,"size":null,"size_u":null,"anchor":null,"color":"#000000","underline":null,"plaintext":null,"fcolor":null,"flnum":null,"bold":null,"italic":null,"dx":null,"dx_u":null,"dy":null,"dy_u":null},"geometry":{"type":"LineString","coordinates":[[131.9153,43.113101],[131.915208,43.113121],[131.915217,43.113143],[131.915038,43.113182],[131.915133,43.113421],[131.915338,43.113384],[131.915407,43.113367],[131.915369,43.11327],[131.915309,43.113123],[131.9153,43.113101]]}},{"type":"Feature","properties":{"fid":204,"Layer":"6 - утвержденные границы территорий окн","PaperSpace":null,"SubClasses":"AcDbEntity:AcDbPolyline","Linetype":"ByLayer","EntityHandle":"154F","Text":null,"ogr_style":"PEN(c:#000000)","font":null,"angle":null,"size":null,"size_u":null,"anchor":null,"color":"#000000","underline":null,"plaintext":null,"fcolor":null,"flnum":null,"bold":null,"italic":null,"dx":null,"dx_u":null,"dy":null,"dy_u":null},"geometry":{"type":"LineString","coordinates":[[131.92603,43.112592],[131.926333,43.112608],[131.926355,43.112381],[131.926052,43.112365],[131.92605,43.112385],[131.926035,43.112543],[131.92603,43.112592]]}},{"type":"Feature","properties":{"fid":205,"Layer":"6 - утвержденные границы территорий окн","PaperSpace":null,"SubClasses":"AcDbEntity:AcDbPolyline","Linetype":"ByLayer","EntityHandle":"1551","Text":null,"ogr_style":"PEN(c:#000000)","font":null,"angle":null,"size":null,"size_u":null,"anchor":null,"color":"#000000","underline":null,"plaintext":null,"fcolor":null,"flnum":null,"bold":null,"italic":null,"dx":null,"dx_u":null,"dy":null,"dy_u":null},"geometry":{"type":"LineString","coordinates":[[131.926325,43.112712],[131.926333,43.112608],[131.92603,43.112592],[131.925735,43.112577],[131.925727,43.112688],[131.926325,43.112712]]}},{"type":"Feature","properties":{"fid":206,"Layer":"6 - утвержденные границы территорий окн","PaperSpace":null,"SubClasses":"AcDbEntity:AcDbPolyline","Linetype":"ByLayer","EntityHandle":"1553","Text":null,"ogr_style":"PEN(c:#000000)","font":null,"angle":null,"size":null,"size_u":null,"anchor":null,"color":"#000000","underline":null,"plaintext":null,"fcolor":null,"flnum":null,"bold":null,"italic":null,"dx":null,"dx_u":null,"dy":null,"dy_u":null},"geometry":{"type":"LineString","coordinates":[[131.926581,43.112562],[131.926753,43.112572],[131.926759,43.112515],[131.926767,43.112437],[131.926596,43.112427],[131.926581,43.112562]]}},{"type":"Feature","properties":{"fid":207,"Layer":"6 - утвержденные границы территорий окн","PaperSpace":null,"SubClasses":"AcDbEntity:AcDbPolyline","Linetype":"ByLayer","EntityHandle":"1555","Text":null,"ogr_style":"PEN(c:#000000)","font":null,"angle":null,"size":null,"size_u":null,"anchor":null,"color":"#000000","underline":null,"plaintext":null,"fcolor":null,"flnum":null,"bold":null,"italic":null,"dx":null,"dx_u":null,"dy":null,"dy_u":null},"geometry":{"type":"LineString","coordinates":[[131.927382,43.112676],[131.927403,43.112609],[131.927418,43.112471],[131.92742,43.112442],[131.927153,43.112426],[131.927133,43.112668],[131.927382,43.112676]]}},{"type":"Feature","properties":{"fid":208,"Layer":"6 - утвержденные границы территорий окн","PaperSpace":null,"SubClasses":"AcDbEntity:AcDbPolyline","Linetype":"ByLayer","EntityHandle":"1557","Text":null,"ogr_style":"PEN(c:#000000)","font":null,"angle":null,"size":null,"size_u":null,"anchor":null,"color":"#000000","underline":null,"plaintext":null,"fcolor":null,"flnum":null,"bold":null,"italic":null,"dx":null,"dx_u":null,"dy":null,"dy_u":null},"geometry":{"type":"LineString","coordinates":[[131.931469,43.113032],[131.93271,43.113158],[131.933521,43.113231],[131.934013,43.113208],[131.934094,43.113152],[131.934113,43.113099],[131.934109,43.113023],[131.934105,43.112948],[131.931496,43.112778],[131.931469,43.113032]]}},{"type":"Feature","properties":{"fid":209,"Layer":"6 - утвержденные границы территорий окн","PaperSpace":null,"SubClasses":"AcDbEntity:AcDbPolyline","Linetype":"ByLayer","EntityHandle":"1559","Text":null,"ogr_style":"PEN(c:#000000)","font":null,"angle":null,"size":null,"size_u":null,"anchor":null,"color":"#000000","underline":null,"plaintext":null,"fcolor":null,"flnum":null,"bold":null,"italic":null,"dx":null,"dx_u":null,"dy":null,"dy_u":null},"geometry":{"type":"LineString","coordinates":[[131.918566,43.112231],[131.918961,43.112232],[131.918962,43.112109],[131.918567,43.112109],[131.918566,43.112231]]}},{"type":"Feature","properties":{"fid":210,"Layer":"6 - утвержденные границы территорий окн","PaperSpace":null,"SubClasses":"AcDbEntity:AcDbPolyline","Linetype":"ByLayer","EntityHandle":"155B","Text":null,"ogr_style":"PEN(c:#000000)","font":null,"angle":null,"size":null,"size_u":null,"anchor":null,"color":"#000000","underline":null,"plaintext":null,"fcolor":null,"flnum":null,"bold":null,"italic":null,"dx":null,"dx_u":null,"dy":null,"dy_u":null},"geometry":{"type":"LineString","coordinates":[[131.896672,43.113592],[131.897086,43.113657],[131.897218,43.113455],[131.896957,43.113376],[131.896664,43.113388],[131.896672,43.113592]]}},{"type":"Feature","properties":{"fid":211,"Layer":"6 - утвержденные границы территорий окн","PaperSpace":null,"SubClasses":"AcDbEntity:AcDbPolyline","Linetype":"ByLayer","EntityHandle":"155D","Text":null,"ogr_style":"PEN(c:#000000)","font":null,"angle":null,"size":null,"size_u":null,"anchor":null,"color":"#000000","underline":null,"plaintext":null,"fcolor":null,"flnum":null,"bold":null,"italic":null,"dx":null,"dx_u":null,"dy":null,"dy_u":null},"geometry":{"type":"LineString","coordinates":[[131.893667,43.117453],[131.893259,43.117533],[131.893001,43.117587],[131.892653,43.117656],[131.89267,43.117704],[131.892708,43.117811],[131.892729,43.117873],[131.892954,43.11783],[131.893167,43.117789],[131.893311,43.11776],[131.89362,43.1177],[131.893745,43.117676],[131.893732,43.117638],[131.893688,43.117511],[131.893667,43.117453]]}},{"type":"Feature","properties":{"fid":212,"Layer":"6 - утвержденные границы территорий окн","PaperSpace":null,"SubClasses":"AcDbEntity:AcDbPolyline","Linetype":"ByLayer","EntityHandle":"155F","Text":null,"ogr_style":"PEN(c:#000000)","font":null,"angle":null,"size":null,"size_u":null,"anchor":null,"color":"#000000","underline":null,"plaintext":null,"fcolor":null,"flnum":null,"bold":null,"italic":null,"dx":null,"dx_u":null,"dy":null,"dy_u":null},"geometry":{"type":"LineString","coordinates":[[131.894963,43.117425],[131.89505,43.117408],[131.895099,43.117397],[131.895145,43.117387],[131.895142,43.11738],[131.895076,43.117208],[131.895049,43.117142],[131.894864,43.117182],[131.894895,43.117257],[131.894963,43.117425]]}},{"type":"Feature","properties":{"fid":213,"Layer":"6 - утвержденные границы территорий окн","PaperSpace":null,"SubClasses":"AcDbEntity:AcDbPolyline","Linetype":"ByLayer","EntityHandle":"1561","Text":null,"ogr_style":"PEN(c:#000000)","font":null,"angle":null,"size":null,"size_u":null,"anchor":null,"color":"#000000","underline":null,"plaintext":null,"fcolor":null,"flnum":null,"bold":null,"italic":null,"dx":null,"dx_u":null,"dy":null,"dy_u":null},"geometry":{"type":"LineString","coordinates":[[131.894299,43.117516],[131.8949,43.117405],[131.894823,43.117191],[131.894223,43.117315],[131.894299,43.117516]]}},{"type":"Feature","properties":{"fid":214,"Layer":"6 - утвержденные границы территорий окн","PaperSpace":null,"SubClasses":"AcDbEntity:AcDbPolyline","Linetype":"ByLayer","EntityHandle":"1563","Text":null,"ogr_style":"PEN(c:#000000)","font":null,"angle":null,"size":null,"size_u":null,"anchor":null,"color":"#000000","underline":null,"plaintext":null,"fcolor":null,"flnum":null,"bold":null,"italic":null,"dx":null,"dx_u":null,"dy":null,"dy_u":null},"geometry":{"type":"LineString","coordinates":[[131.917296,43.110361],[131.917687,43.111001],[131.918489,43.110844],[131.918532,43.110849],[131.918627,43.110823],[131.918554,43.110698],[131.91823,43.110151],[131.918186,43.110075],[131.917296,43.110361]]}},{"type":"Feature","properties":{"fid":215,"Layer":"6 - утвержденные границы территорий окн","PaperSpace":null,"SubClasses":"AcDbEntity:AcDbPolyline","Linetype":"ByLayer","EntityHandle":"1565","Text":null,"ogr_style":"PEN(c:#000000)","font":null,"angle":null,"size":null,"size_u":null,"anchor":null,"color":"#000000","underline":null,"plaintext":null,"fcolor":null,"flnum":null,"bold":null,"italic":null,"dx":null,"dx_u":null,"dy":null,"dy_u":null},"geometry":{"type":"LineString","coordinates":[[131.910824,43.112226],[131.911145,43.112078],[131.911221,43.112017],[131.911137,43.111792],[131.911064,43.11179],[131.910934,43.111789],[131.910773,43.111798],[131.910566,43.111832],[131.910378,43.111889],[131.910076,43.112003],[131.909628,43.112162],[131.910012,43.112616],[131.910069,43.112591],[131.91042,43.112436],[131.910438,43.112457],[131.910859,43.112267],[131.910824,43.112226]]}},{"type":"Feature","properties":{"fid":216,"Layer":"6 - утвержденные границы территорий окн","PaperSpace":null,"SubClasses":"AcDbEntity:AcDbPolyline","Linetype":"ByLayer","EntityHandle":"1567","Text":null,"ogr_style":"PEN(c:#000000)","font":null,"angle":null,"size":null,"size_u":null,"anchor":null,"color":"#000000","underline":null,"plaintext":null,"fcolor":null,"flnum":null,"bold":null,"italic":null,"dx":null,"dx_u":null,"dy":null,"dy_u":null},"geometry":{"type":"LineString","coordinates":[[131.904646,43.113017],[131.90472,43.113254],[131.904751,43.113354],[131.904949,43.113318],[131.90531,43.113252],[131.905712,43.113178],[131.90569,43.113106],[131.905613,43.112859],[131.90528,43.112897],[131.904759,43.112958],[131.904635,43.112981],[131.904646,43.113017]]}},{"type":"Feature","properties":{"fid":217,"Layer":"6 - утвержденные границы территорий окн","PaperSpace":null,"SubClasses":"AcDbEntity:AcDbPolyline","Linetype":"ByLayer","EntityHandle":"1569","Text":null,"ogr_style":"PEN(c:#000000)","font":null,"angle":null,"size":null,"size_u":null,"anchor":null,"color":"#000000","underline":null,"plaintext":null,"fcolor":null,"flnum":null,"bold":null,"italic":null,"dx":null,"dx_u":null,"dy":null,"dy_u":null},"geometry":{"type":"LineString","coordinates":[[131.910915,43.111765],[131.910994,43.111757],[131.911138,43.111717],[131.911158,43.111702],[131.911161,43.111617],[131.911152,43.111598],[131.911118,43.111578],[131.910899,43.111647],[131.910915,43.111765]]}},{"type":"Feature","properties":{"fid":218,"Layer":"6 - утвержденные границы территорий окн","PaperSpace":null,"SubClasses":"AcDbEntity:AcDbPolyline","Linetype":"ByLayer","EntityHandle":"156B","Text":null,"ogr_style":"PEN(c:#000000)","font":null,"angle":null,"size":null,"size_u":null,"anchor":null,"color":"#000000","underline":null,"plaintext":null,"fcolor":null,"flnum":null,"bold":null,"italic":null,"dx":null,"dx_u":null,"dy":null,"dy_u":null},"geometry":{"type":"LineString","coordinates":[[131.912606,43.11205],[131.913072,43.111953],[131.912952,43.111638],[131.912491,43.111753],[131.912606,43.11205]]}},{"type":"Feature","properties":{"fid":219,"Layer":"6 - утвержденные границы территорий окн","PaperSpace":null,"SubClasses":"AcDbEntity:AcDbPolyline","Linetype":"ByLayer","EntityHandle":"156D","Text":null,"ogr_style":"PEN(c:#000000)","font":null,"angle":null,"size":null,"size_u":null,"anchor":null,"color":"#000000","underline":null,"plaintext":null,"fcolor":null,"flnum":null,"bold":null,"italic":null,"dx":null,"dx_u":null,"dy":null,"dy_u":null},"geometry":{"type":"LineString","coordinates":[[131.913355,43.111697],[131.913434,43.111894],[131.913435,43.111897],[131.913635,43.111856],[131.91356,43.111657],[131.913355,43.111697]]}},{"type":"Feature","properties":{"fid":220,"Layer":"6 - утвержденные границы территорий окн","PaperSpace":null,"SubClasses":"AcDbEntity:AcDbPolyline","Linetype":"ByLayer","EntityHandle":"156F","Text":null,"ogr_style":"PEN(c:#000000)","font":null,"angle":null,"size":null,"size_u":null,"anchor":null,"color":"#000000","underline":null,"plaintext":null,"fcolor":null,"flnum":null,"bold":null,"italic":null,"dx":null,"dx_u":null,"dy":null,"dy_u":null},"geometry":{"type":"LineString","coordinates":[[131.906142,43.112892],[131.906153,43.112976],[131.906253,43.113004],[131.906401,43.112993],[131.906402,43.113002],[131.906543,43.112991],[131.906675,43.11394],[131.906695,43.114081],[131.906746,43.114445],[131.906824,43.114598],[131.906883,43.11465],[131.906994,43.114699],[131.907034,43.114706],[131.907252,43.114708],[131.907362,43.114665],[131.907407,43.114639],[131.907481,43.114573],[131.907517,43.114496],[131.907526,43.11444],[131.907526,43.11438],[131.907489,43.114316],[131.907478,43.114236],[131.907465,43.114145],[131.907425,43.113883],[131.907414,43.113802],[131.907395,43.113655],[131.907381,43.11355],[131.907357,43.113392],[131.907344,43.113288],[131.907329,43.113172],[131.907319,43.113093],[131.907308,43.113008],[131.907302,43.112937],[131.907268,43.112566],[131.906408,43.112731],[131.906427,43.112872],[131.906142,43.112892]]}},{"type":"Feature","properties":{"fid":221,"Layer":"6 - утвержденные границы территорий окн","PaperSpace":null,"SubClasses":"AcDbEntity:AcDbPolyline","Linetype":"ByLayer","EntityHandle":"1571","Text":null,"ogr_style":"PEN(c:#000000)","font":null,"angle":null,"size":null,"size_u":null,"anchor":null,"color":"#000000","underline":null,"plaintext":null,"fcolor":null,"flnum":null,"bold":null,"italic":null,"dx":null,"dx_u":null,"dy":null,"dy_u":null},"geometry":{"type":"LineString","coordinates":[[131.904906,43.114878],[131.904821,43.114921],[131.905018,43.115127],[131.905082,43.115094],[131.904906,43.114878]]}},{"type":"Feature","properties":{"fid":222,"Layer":"6 - утвержденные границы территорий окн","PaperSpace":null,"SubClasses":"AcDbEntity:AcDbPolyline","Linetype":"ByLayer","EntityHandle":"1573","Text":null,"ogr_style":"PEN(c:#000000)","font":null,"angle":null,"size":null,"size_u":null,"anchor":null,"color":"#000000","underline":null,"plaintext":null,"fcolor":null,"flnum":null,"bold":null,"italic":null,"dx":null,"dx_u":null,"dy":null,"dy_u":null},"geometry":{"type":"LineString","coordinates":[[131.91131,43.111333],[131.911373,43.111792],[131.911663,43.111784],[131.911648,43.111748],[131.913342,43.111386],[131.913327,43.111348],[131.913485,43.111309],[131.913435,43.111182],[131.913395,43.111079],[131.912981,43.111019],[131.912965,43.110979],[131.91131,43.111333]]}},{"type":"Feature","properties":{"fid":223,"Layer":"6 - утвержденные границы территорий окн","PaperSpace":null,"SubClasses":"AcDbEntity:AcDbPolyline","Linetype":"ByLayer","EntityHandle":"1575","Text":null,"ogr_style":"PEN(c:#000000)","font":null,"angle":null,"size":null,"size_u":null,"anchor":null,"color":"#000000","underline":null,"plaintext":null,"fcolor":null,"flnum":null,"bold":null,"italic":null,"dx":null,"dx_u":null,"dy":null,"dy_u":null},"geometry":{"type":"LineString","coordinates":[[131.882525,43.113694],[131.882229,43.113769],[131.882252,43.113824],[131.882337,43.113807],[131.882359,43.113875],[131.882386,43.113927],[131.882631,43.113869],[131.882525,43.113694]]}},{"type":"Feature","properties":{"fid":224,"Layer":"6 - утвержденные границы территорий окн","PaperSpace":null,"SubClasses":"AcDbEntity:AcDbPolyline","Linetype":"ByLayer","EntityHandle":"1577","Text":null,"ogr_style":"PEN(c:#000000)","font":null,"angle":null,"size":null,"size_u":null,"anchor":null,"color":"#000000","underline":null,"plaintext":null,"fcolor":null,"flnum":null,"bold":null,"italic":null,"dx":null,"dx_u":null,"dy":null,"dy_u":null},"geometry":{"type":"LineString","coordinates":[[131.882337,43.113807],[131.882251,43.113825],[131.88238,43.114128],[131.882739,43.114049],[131.882631,43.113869],[131.882386,43.113927],[131.882359,43.113875],[131.882337,43.113807]]}},{"type":"Feature","properties":{"fid":225,"Layer":"6 - утвержденные границы территорий окн","PaperSpace":null,"SubClasses":"AcDbEntity:AcDbPolyline","Linetype":"ByLayer","EntityHandle":"1579","Text":null,"ogr_style":"PEN(c:#000000)","font":null,"angle":null,"size":null,"size_u":null,"anchor":null,"color":"#000000","underline":null,"plaintext":null,"fcolor":null,"flnum":null,"bold":null,"italic":null,"dx":null,"dx_u":null,"dy":null,"dy_u":null},"geometry":{"type":"LineString","coordinates":[[131.88892,43.116704],[131.88896,43.116696],[131.889096,43.11667],[131.889099,43.116678],[131.889184,43.116661],[131.88918,43.116652],[131.88922,43.116631],[131.889235,43.116628],[131.889242,43.116615],[131.889255,43.116583],[131.889399,43.11655],[131.889424,43.116543],[131.889507,43.116501],[131.889396,43.116208],[131.889381,43.116156],[131.889294,43.11617],[131.888763,43.116264],[131.888778,43.116304],[131.88892,43.116704]]}},{"type":"Feature","properties":{"fid":226,"Layer":"6 - утвержденные границы территорий окн","PaperSpace":null,"SubClasses":"AcDbEntity:AcDbPolyline","Linetype":"ByLayer","EntityHandle":"157B","Text":null,"ogr_style":"PEN(c:#000000)","font":null,"angle":null,"size":null,"size_u":null,"anchor":null,"color":"#000000","underline":null,"plaintext":null,"fcolor":null,"flnum":null,"bold":null,"italic":null,"dx":null,"dx_u":null,"dy":null,"dy_u":null},"geometry":{"type":"LineString","coordinates":[[131.889683,43.116778],[131.889575,43.116799],[131.889367,43.11684],[131.889377,43.116868],[131.889247,43.116894],[131.889326,43.117114],[131.889384,43.117103],[131.889645,43.117054],[131.889753,43.117032],[131.889745,43.11701],[131.889687,43.116841],[131.889702,43.116838],[131.889683,43.116778]]}},{"type":"Feature","properties":{"fid":227,"Layer":"6 - утвержденные границы территорий окн","PaperSpace":null,"SubClasses":"AcDbEntity:AcDbPolyline","Linetype":"ByLayer","EntityHandle":"157D","Text":null,"ogr_style":"PEN(c:#000000)","font":null,"angle":null,"size":null,"size_u":null,"anchor":null,"color":"#000000","underline":null,"plaintext":null,"fcolor":null,"flnum":null,"bold":null,"italic":null,"dx":null,"dx_u":null,"dy":null,"dy_u":null},"geometry":{"type":"LineString","coordinates":[[131.888389,43.117354],[131.888468,43.117555],[131.888873,43.117474],[131.888783,43.117228],[131.888545,43.117276],[131.88856,43.117315],[131.888389,43.117354]]}},{"type":"Feature","properties":{"fid":228,"Layer":"6 - утвержденные границы территорий окн","PaperSpace":null,"SubClasses":"AcDbEntity:AcDbPolyline","Linetype":"ByLayer","EntityHandle":"157F","Text":null,"ogr_style":"PEN(c:#000000)","font":null,"angle":null,"size":null,"size_u":null,"anchor":null,"color":"#000000","underline":null,"plaintext":null,"fcolor":null,"flnum":null,"bold":null,"italic":null,"dx":null,"dx_u":null,"dy":null,"dy_u":null},"geometry":{"type":"LineString","coordinates":[[131.888462,43.117066],[131.888421,43.117074],[131.888428,43.117092],[131.888118,43.117164],[131.888215,43.117394],[131.88856,43.117315],[131.888462,43.117066]]}},{"type":"Feature","properties":{"fid":229,"Layer":"6 - утвержденные границы территорий окн","PaperSpace":null,"SubClasses":"AcDbEntity:AcDbPolyline","Linetype":"ByLayer","EntityHandle":"1581","Text":null,"ogr_style":"PEN(c:#000000)","font":null,"angle":null,"size":null,"size_u":null,"anchor":null,"color":"#000000","underline":null,"plaintext":null,"fcolor":null,"flnum":null,"bold":null,"italic":null,"dx":null,"dx_u":null,"dy":null,"dy_u":null},"geometry":{"type":"LineString","coordinates":[[131.888705,43.117008],[131.888658,43.117016],[131.888499,43.117047],[131.888503,43.117058],[131.888462,43.117066],[131.888545,43.117276],[131.888783,43.117228],[131.888705,43.117008]]}},{"type":"Feature","properties":{"fid":230,"Layer":"6 - утвержденные границы территорий окн","PaperSpace":null,"SubClasses":"AcDbEntity:AcDbPolyline","Linetype":"ByLayer","EntityHandle":"1583","Text":null,"ogr_style":"PEN(c:#000000)","font":null,"angle":null,"size":null,"size_u":null,"anchor":null,"color":"#000000","underline":null,"plaintext":null,"fcolor":null,"flnum":null,"bold":null,"italic":null,"dx":null,"dx_u":null,"dy":null,"dy_u":null},"geometry":{"type":"LineString","coordinates":[[131.892171,43.121837],[131.892173,43.121844],[131.892177,43.121856],[131.892204,43.121946],[131.892208,43.121964],[131.892211,43.122002],[131.892234,43.122],[131.892256,43.121997],[131.89228,43.121993],[131.892288,43.121985],[131.892547,43.121938],[131.892736,43.121904],[131.89281,43.121893],[131.892802,43.121863],[131.892746,43.12171],[131.892717,43.121711],[131.892703,43.121713],[131.89265,43.121718],[131.892563,43.121735],[131.892433,43.121759],[131.892426,43.12176],[131.892424,43.121757],[131.892328,43.121768],[131.892231,43.121778],[131.892171,43.121837]]}},{"type":"Feature","properties":{"fid":231,"Layer":"6 - утвержденные границы территорий окн","PaperSpace":null,"SubClasses":"AcDbEntity:AcDbPolyline","Linetype":"ByLayer","EntityHandle":"1585","Text":null,"ogr_style":"PEN(c:#000000)","font":null,"angle":null,"size":null,"size_u":null,"anchor":null,"color":"#000000","underline":null,"plaintext":null,"fcolor":null,"flnum":null,"bold":null,"italic":null,"dx":null,"dx_u":null,"dy":null,"dy_u":null},"geometry":{"type":"LineString","coordinates":[[131.892256,43.121997],[131.892256,43.122035],[131.892247,43.122111],[131.892231,43.122186],[131.892224,43.12221],[131.892225,43.122237],[131.89221,43.122254],[131.892208,43.122259],[131.89218,43.122326],[131.892362,43.122287],[131.892646,43.122231],[131.892631,43.1222],[131.892547,43.121938],[131.892288,43.121985],[131.89228,43.121993],[131.892256,43.121997]]}},{"type":"Feature","properties":{"fid":232,"Layer":"6 - утвержденные границы территорий окн","PaperSpace":null,"SubClasses":"AcDbEntity:AcDbPolyline","Linetype":"ByLayer","EntityHandle":"1587","Text":null,"ogr_style":"PEN(c:#000000)","font":null,"angle":null,"size":null,"size_u":null,"anchor":null,"color":"#000000","underline":null,"plaintext":null,"fcolor":null,"flnum":null,"bold":null,"italic":null,"dx":null,"dx_u":null,"dy":null,"dy_u":null},"geometry":{"type":"LineString","coordinates":[[131.892902,43.121847],[131.892911,43.121879],[131.892978,43.122114],[131.892989,43.122155],[131.892992,43.122163],[131.893232,43.122124],[131.893364,43.122082],[131.893415,43.122048],[131.89346,43.121921],[131.8935,43.121807],[131.893507,43.121788],[131.893311,43.121785],[131.893263,43.121741],[131.893249,43.121727],[131.893194,43.121744],[131.89304,43.121783],[131.893025,43.1218],[131.893009,43.121836],[131.892902,43.121847]]}},{"type":"Feature","properties":{"fid":233,"Layer":"6 - утвержденные границы территорий окн","PaperSpace":null,"SubClasses":"AcDbEntity:AcDbPolyline","Linetype":"ByLayer","EntityHandle":"1589","Text":null,"ogr_style":"PEN(c:#000000)","font":null,"angle":null,"size":null,"size_u":null,"anchor":null,"color":"#000000","underline":null,"plaintext":null,"fcolor":null,"flnum":null,"bold":null,"italic":null,"dx":null,"dx_u":null,"dy":null,"dy_u":null},"geometry":{"type":"LineString","coordinates":[[131.894706,43.116858],[131.894974,43.116806],[131.894883,43.116571],[131.894629,43.116625],[131.894706,43.116858]]}},{"type":"Feature","properties":{"fid":234,"Layer":"6 - утвержденные границы территорий окн","PaperSpace":null,"SubClasses":"AcDbEntity:AcDbPolyline","Linetype":"ByLayer","EntityHandle":"158B","Text":null,"ogr_style":"PEN(c:#000000)","font":null,"angle":null,"size":null,"size_u":null,"anchor":null,"color":"#000000","underline":null,"plaintext":null,"fcolor":null,"flnum":null,"bold":null,"italic":null,"dx":null,"dx_u":null,"dy":null,"dy_u":null},"geometry":{"type":"LineString","coordinates":[[131.887488,43.123272],[131.887713,43.123226],[131.887629,43.123014],[131.887549,43.122786],[131.887325,43.122834],[131.887488,43.123272]]}},{"type":"Feature","properties":{"fid":235,"Layer":"6 - утвержденные границы территорий окн","PaperSpace":null,"SubClasses":"AcDbEntity:AcDbPolyline","Linetype":"ByLayer","EntityHandle":"158D","Text":null,"ogr_style":"PEN(c:#000000)","font":null,"angle":null,"size":null,"size_u":null,"anchor":null,"color":"#000000","underline":null,"plaintext":null,"fcolor":null,"flnum":null,"bold":null,"italic":null,"dx":null,"dx_u":null,"dy":null,"dy_u":null},"geometry":{"type":"LineString","coordinates":[[131.891669,43.118311],[131.891868,43.11835],[131.891928,43.118187],[131.891835,43.118155],[131.891733,43.118138],[131.891669,43.118311]]}},{"type":"Feature","properties":{"fid":236,"Layer":"6 - утвержденные границы территорий окн","PaperSpace":null,"SubClasses":"AcDbEntity:AcDbPolyline","Linetype":"ByLayer","EntityHandle":"158F","Text":null,"ogr_style":"PEN(c:#000000)","font":null,"angle":null,"size":null,"size_u":null,"anchor":null,"color":"#000000","underline":null,"plaintext":null,"fcolor":null,"flnum":null,"bold":null,"italic":null,"dx":null,"dx_u":null,"dy":null,"dy_u":null},"geometry":{"type":"LineString","coordinates":[[131.876314,43.121512],[131.876214,43.121541],[131.876164,43.121563],[131.875995,43.121711],[131.875965,43.121728],[131.875985,43.121755],[131.875932,43.121843],[131.87591,43.121906],[131.875985,43.122196],[131.876262,43.122466],[131.876669,43.12309],[131.87673,43.123288],[131.876861,43.123269],[131.877135,43.123225],[131.87727,43.123204],[131.877328,43.12319],[131.877301,43.123116],[131.877273,43.123038],[131.877197,43.122951],[131.877158,43.122897],[131.877155,43.122893],[131.877125,43.122848],[131.87687,43.122521],[131.876683,43.122277],[131.876771,43.122227],[131.87681,43.122222],[131.876619,43.122117],[131.87655,43.122085],[131.876472,43.12205],[131.876433,43.122039],[131.876418,43.121995],[131.87635,43.121782],[131.876457,43.121762],[131.876455,43.121757],[131.876447,43.121667],[131.876467,43.121663],[131.876431,43.121585],[131.876421,43.121562],[131.876341,43.121576],[131.876314,43.121512]]}},{"type":"Feature","properties":{"fid":237,"Layer":"6 - утвержденные границы территорий окн","PaperSpace":null,"SubClasses":"AcDbEntity:AcDbPolyline","Linetype":"ByLayer","EntityHandle":"1591","Text":null,"ogr_style":"PEN(c:#000000)","font":null,"angle":null,"size":null,"size_u":null,"anchor":null,"color":"#000000","underline":null,"plaintext":null,"fcolor":null,"flnum":null,"bold":null,"italic":null,"dx":null,"dx_u":null,"dy":null,"dy_u":null},"geometry":{"type":"LineString","coordinates":[[131.878553,43.113779],[131.878235,43.113826],[131.877258,43.113798],[131.876818,43.113724],[131.876523,43.113489],[131.876391,43.113482],[131.87634,43.113573],[131.876589,43.11379],[131.87646,43.113946],[131.876727,43.114113],[131.876877,43.114257],[131.876969,43.114289],[131.87707,43.114301],[131.8771,43.114237],[131.877324,43.114264],[131.877685,43.114266],[131.877697,43.114326],[131.878957,43.114416],[131.87896,43.114499],[131.879457,43.114615],[131.87967,43.114559],[131.879665,43.114443],[131.879625,43.114348],[131.879554,43.114364],[131.879486,43.114225],[131.879565,43.114203],[131.879387,43.113903],[131.879241,43.113825],[131.879067,43.113854],[131.879067,43.113863],[131.878553,43.113779]]}},{"type":"Feature","properties":{"fid":238,"Layer":"6 - утвержденные границы территорий окн","PaperSpace":null,"SubClasses":"AcDbEntity:AcDbPolyline","Linetype":"ByLayer","EntityHandle":"1593","Text":null,"ogr_style":"PEN(c:#000000)","font":null,"angle":null,"size":null,"size_u":null,"anchor":null,"color":"#000000","underline":null,"plaintext":null,"fcolor":null,"flnum":null,"bold":null,"italic":null,"dx":null,"dx_u":null,"dy":null,"dy_u":null},"geometry":{"type":"LineString","coordinates":[[131.90684,43.117677],[131.906917,43.117721],[131.906594,43.118299],[131.906808,43.118301],[131.906793,43.118479],[131.906834,43.118482],[131.907062,43.118496],[131.907361,43.11852],[131.907573,43.118545],[131.907695,43.118557],[131.907701,43.118559],[131.907456,43.118077],[131.907468,43.118076],[131.907536,43.118028],[131.907595,43.117994],[131.907645,43.117974],[131.907707,43.117951],[131.907718,43.117926],[131.907765,43.117909],[131.9078,43.117897],[131.907686,43.117572],[131.907547,43.117482],[131.907511,43.117342],[131.907504,43.117321],[131.907491,43.117271],[131.90683,43.117248],[131.906702,43.1173],[131.906658,43.117362],[131.906671,43.117453],[131.906817,43.11758],[131.90684,43.117677]]}},{"type":"Feature","properties":{"fid":239,"Layer":"6 - утвержденные границы территорий окн","PaperSpace":null,"SubClasses":"AcDbEntity:AcDbPolyline","Linetype":"ByLayer","EntityHandle":"1595","Text":null,"ogr_style":"PEN(c:#000000)","font":null,"angle":null,"size":null,"size_u":null,"anchor":null,"color":"#000000","underline":null,"plaintext":null,"fcolor":null,"flnum":null,"bold":null,"italic":null,"dx":null,"dx_u":null,"dy":null,"dy_u":null},"geometry":{"type":"LineString","coordinates":[[131.885141,43.115693],[131.885833,43.115562],[131.885713,43.115211],[131.88502,43.115343],[131.885141,43.115693]]}},{"type":"Feature","properties":{"fid":240,"Layer":"6 - утвержденные границы территорий окн","PaperSpace":null,"SubClasses":"AcDbEntity:AcDbPolyline","Linetype":"ByLayer","EntityHandle":"1597","Text":null,"ogr_style":"PEN(c:#000000)","font":null,"angle":null,"size":null,"size_u":null,"anchor":null,"color":"#000000","underline":null,"plaintext":null,"fcolor":null,"flnum":null,"bold":null,"italic":null,"dx":null,"dx_u":null,"dy":null,"dy_u":null},"geometry":{"type":"LineString","coordinates":[[131.883289,43.112202],[131.883484,43.11253],[131.883968,43.112375],[131.88377,43.11204],[131.883289,43.112202]]}},{"type":"Feature","properties":{"fid":241,"Layer":"6 - утвержденные границы территорий окн","PaperSpace":null,"SubClasses":"AcDbEntity:AcDbPolyline","Linetype":"ByLayer","EntityHandle":"1599","Text":null,"ogr_style":"PEN(c:#000000)","font":null,"angle":null,"size":null,"size_u":null,"anchor":null,"color":"#000000","underline":null,"plaintext":null,"fcolor":null,"flnum":null,"bold":null,"italic":null,"dx":null,"dx_u":null,"dy":null,"dy_u":null},"geometry":{"type":"LineString","coordinates":[[131.899907,43.116316],[131.89993,43.11632],[131.899947,43.116324],[131.900152,43.116371],[131.900218,43.116241],[131.900196,43.116235],[131.899972,43.116184],[131.899907,43.116316]]}},{"type":"Feature","properties":{"fid":242,"Layer":"6 - утвержденные границы территорий окн","PaperSpace":null,"SubClasses":"AcDbEntity:AcDbPolyline","Linetype":"ByLayer","EntityHandle":"159B","Text":null,"ogr_style":"PEN(c:#000000)","font":null,"angle":null,"size":null,"size_u":null,"anchor":null,"color":"#000000","underline":null,"plaintext":null,"fcolor":null,"flnum":null,"bold":null,"italic":null,"dx":null,"dx_u":null,"dy":null,"dy_u":null},"geometry":{"type":"LineString","coordinates":[[131.899905,43.116081],[131.900233,43.116156],[131.900251,43.116117],[131.900273,43.11607],[131.900275,43.116066],[131.900304,43.116006],[131.900304,43.116005],[131.899968,43.115927],[131.899944,43.115986],[131.899905,43.116081]]}},{"type":"Feature","properties":{"fid":243,"Layer":"6 - утвержденные границы территорий окн","PaperSpace":null,"SubClasses":"AcDbEntity:AcDbPolyline","Linetype":"ByLayer","EntityHandle":"159D","Text":null,"ogr_style":"PEN(c:#000000)","font":null,"angle":null,"size":null,"size_u":null,"anchor":null,"color":"#000000","underline":null,"plaintext":null,"fcolor":null,"flnum":null,"bold":null,"italic":null,"dx":null,"dx_u":null,"dy":null,"dy_u":null},"geometry":{"type":"LineString","coordinates":[[131.899324,43.116017],[131.899518,43.116059],[131.899534,43.116063],[131.89955,43.116022],[131.899582,43.115936],[131.899586,43.115927],[131.899601,43.115888],[131.899393,43.115845],[131.899324,43.116017]]}},{"type":"Feature","properties":{"fid":244,"Layer":"6 - утвержденные границы территорий окн","PaperSpace":null,"SubClasses":"AcDbEntity:AcDbPolyline","Linetype":"ByLayer","EntityHandle":"159F","Text":null,"ogr_style":"PEN(c:#000000)","font":null,"angle":null,"size":null,"size_u":null,"anchor":null,"color":"#000000","underline":null,"plaintext":null,"fcolor":null,"flnum":null,"bold":null,"italic":null,"dx":null,"dx_u":null,"dy":null,"dy_u":null},"geometry":{"type":"LineString","coordinates":[[131.899203,43.11599],[131.899269,43.116005],[131.899324,43.116017],[131.899393,43.115845],[131.89927,43.11582],[131.899241,43.115894],[131.899211,43.11597],[131.899203,43.11599]]}},{"type":"Feature","properties":{"fid":245,"Layer":"6 - утвержденные границы территорий окн","PaperSpace":null,"SubClasses":"AcDbEntity:AcDbPolyline","Linetype":"ByLayer","EntityHandle":"15A1","Text":null,"ogr_style":"PEN(c:#000000)","font":null,"angle":null,"size":null,"size_u":null,"anchor":null,"color":"#000000","underline":null,"plaintext":null,"fcolor":null,"flnum":null,"bold":null,"italic":null,"dx":null,"dx_u":null,"dy":null,"dy_u":null},"geometry":{"type":"LineString","coordinates":[[131.936797,43.116508],[131.936899,43.116421],[131.936983,43.116332],[131.937101,43.116231],[131.937215,43.116154],[131.937362,43.116074],[131.937455,43.116035],[131.937303,43.115911],[131.937209,43.115961],[131.937215,43.115966],[131.936996,43.116101],[131.936905,43.116148],[131.936849,43.11618],[131.936723,43.116248],[131.936557,43.116336],[131.936659,43.116504],[131.936797,43.116508]]}},{"type":"Feature","properties":{"fid":246,"Layer":"6 - утвержденные границы территорий окн","PaperSpace":null,"SubClasses":"AcDbEntity:AcDbPolyline","Linetype":"ByLayer","EntityHandle":"15A3","Text":null,"ogr_style":"PEN(c:#000000)","font":null,"angle":null,"size":null,"size_u":null,"anchor":null,"color":"#000000","underline":null,"plaintext":null,"fcolor":null,"flnum":null,"bold":null,"italic":null,"dx":null,"dx_u":null,"dy":null,"dy_u":null},"geometry":{"type":"LineString","coordinates":[[131.881657,43.113012],[131.881397,43.113058],[131.8815,43.113394],[131.881915,43.11332],[131.881839,43.11312],[131.8817,43.113138],[131.881657,43.113012]]}},{"type":"Feature","properties":{"fid":247,"Layer":"6 - утвержденные границы территорий окн","PaperSpace":null,"SubClasses":"AcDbEntity:AcDbPolyline","Linetype":"ByLayer","EntityHandle":"15A5","Text":null,"ogr_style":"PEN(c:#000000)","font":null,"angle":null,"size":null,"size_u":null,"anchor":null,"color":"#000000","underline":null,"plaintext":null,"fcolor":null,"flnum":null,"bold":null,"italic":null,"dx":null,"dx_u":null,"dy":null,"dy_u":null},"geometry":{"type":"LineString","coordinates":[[131.881901,43.1136],[131.881567,43.11366],[131.881641,43.113849],[131.881986,43.113778],[131.881901,43.1136]]}},{"type":"Feature","properties":{"fid":248,"Layer":"6 - утвержденные границы территорий окн","PaperSpace":null,"SubClasses":"AcDbEntity:AcDbPolyline","Linetype":"ByLayer","EntityHandle":"15A7","Text":null,"ogr_style":"PEN(c:#000000)","font":null,"angle":null,"size":null,"size_u":null,"anchor":null,"color":"#000000","underline":null,"plaintext":null,"fcolor":null,"flnum":null,"bold":null,"italic":null,"dx":null,"dx_u":null,"dy":null,"dy_u":null},"geometry":{"type":"LineString","coordinates":[[131.882569,43.115148],[131.882147,43.115223],[131.882289,43.115607],[131.8827,43.115537],[131.882569,43.115148]]}},{"type":"Feature","properties":{"fid":249,"Layer":"6 - утвержденные границы территорий окн","PaperSpace":null,"SubClasses":"AcDbEntity:AcDbPolyline","Linetype":"ByLayer","EntityHandle":"15A9","Text":null,"ogr_style":"PEN(c:#000000)","font":null,"angle":null,"size":null,"size_u":null,"anchor":null,"color":"#000000","underline":null,"plaintext":null,"fcolor":null,"flnum":null,"bold":null,"italic":null,"dx":null,"dx_u":null,"dy":null,"dy_u":null},"geometry":{"type":"LineString","coordinates":[[131.913498,43.112056],[131.913434,43.111894],[131.913355,43.111697],[131.913298,43.111552],[131.912952,43.111638],[131.913072,43.111953],[131.912606,43.11205],[131.912491,43.111753],[131.912027,43.111868],[131.911799,43.111942],[131.911627,43.112004],[131.911387,43.112139],[131.911283,43.112274],[131.911276,43.112348],[131.911281,43.112384],[131.911329,43.1125],[131.911357,43.112513],[131.913498,43.112056]]}},{"type":"Feature","properties":{"fid":250,"Layer":"6 - утвержденные границы территорий окн","PaperSpace":null,"SubClasses":"AcDbEntity:AcDbPolyline","Linetype":"ByLayer","EntityHandle":"15AB","Text":null,"ogr_style":"PEN(c:#000000)","font":null,"angle":null,"size":null,"size_u":null,"anchor":null,"color":"#000000","underline":null,"plaintext":null,"fcolor":null,"flnum":null,"bold":null,"italic":null,"dx":null,"dx_u":null,"dy":null,"dy_u":null},"geometry":{"type":"LineString","coordinates":[[131.911002,43.113495],[131.911038,43.113486],[131.911191,43.113446],[131.911322,43.113418],[131.911364,43.113407],[131.911293,43.113223],[131.911504,43.113182],[131.911496,43.11316],[131.911699,43.11312],[131.911573,43.112805],[131.911492,43.112732],[131.911448,43.112683],[131.911325,43.112727],[131.910985,43.112884],[131.910787,43.112974],[131.910542,43.113108],[131.910574,43.113135],[131.910638,43.113206],[131.91071,43.113395],[131.910934,43.113342],[131.911002,43.113495]]}},{"type":"Feature","properties":{"fid":251,"Layer":"6 - утвержденные границы территорий окн","PaperSpace":null,"SubClasses":"AcDbEntity:AcDbPolyline","Linetype":"ByLayer","EntityHandle":"15AD","Text":null,"ogr_style":"PEN(c:#000000)","font":null,"angle":null,"size":null,"size_u":null,"anchor":null,"color":"#000000","underline":null,"plaintext":null,"fcolor":null,"flnum":null,"bold":null,"italic":null,"dx":null,"dx_u":null,"dy":null,"dy_u":null},"geometry":{"type":"LineString","coordinates":[[131.913469,43.112534],[131.914183,43.112372],[131.91413,43.112242],[131.914216,43.112224],[131.91414,43.112033],[131.913947,43.112072],[131.913933,43.112033],[131.913334,43.112161],[131.913469,43.112534]]}},{"type":"Feature","properties":{"fid":252,"Layer":"6 - утвержденные границы территорий окн","PaperSpace":null,"SubClasses":"AcDbEntity:AcDbPolyline","Linetype":"ByLayer","EntityHandle":"15AF","Text":null,"ogr_style":"PEN(c:#000000)","font":null,"angle":null,"size":null,"size_u":null,"anchor":null,"color":"#000000","underline":null,"plaintext":null,"fcolor":null,"flnum":null,"bold":null,"italic":null,"dx":null,"dx_u":null,"dy":null,"dy_u":null},"geometry":{"type":"LineString","coordinates":[[131.901862,43.113071],[131.902115,43.113694],[131.902345,43.11375],[131.902436,43.11388],[131.902478,43.113923],[131.902578,43.114113],[131.902631,43.114134],[131.902776,43.114345],[131.902894,43.11448],[131.903285,43.114523],[131.90368,43.114596],[131.90393,43.114886],[131.903916,43.114891],[131.903983,43.11497],[131.904094,43.11511],[131.904112,43.115132],[131.904129,43.115154],[131.904077,43.115199],[131.904136,43.115253],[131.90417,43.115284],[131.904205,43.115284],[131.904424,43.115276],[131.904441,43.115276],[131.904491,43.115274],[131.904488,43.115255],[131.904553,43.115249],[131.904551,43.115234],[131.904613,43.115198],[131.90476,43.115181],[131.905112,43.11513],[131.905366,43.115089],[131.905347,43.114987],[131.905881,43.114753],[131.905888,43.11476],[131.906067,43.11468],[131.906073,43.114686],[131.906158,43.114652],[131.906147,43.114637],[131.906302,43.114611],[131.906341,43.114709],[131.906367,43.114776],[131.906424,43.114989],[131.906543,43.114991],[131.906543,43.114971],[131.906576,43.114955],[131.906634,43.114973],[131.906989,43.115172],[131.907034,43.115224],[131.907221,43.1152],[131.907815,43.115048],[131.907979,43.114967],[131.907983,43.114886],[131.908004,43.114799],[131.908009,43.114722],[131.908028,43.114649],[131.908038,43.114619],[131.908077,43.114556],[131.908127,43.114487],[131.908183,43.114428],[131.908225,43.114395],[131.908316,43.114337],[131.908356,43.114315],[131.908404,43.11429],[131.908426,43.114278],[131.908543,43.114213],[131.908659,43.114147],[131.908714,43.114117],[131.908857,43.11404],[131.908931,43.113998],[131.909062,43.113924],[131.909074,43.113918],[131.909111,43.113899],[131.909186,43.113859],[131.90926,43.11382],[131.909297,43.113801],[131.909385,43.113749],[131.909429,43.113725],[131.910131,43.113335],[131.910365,43.113203],[131.910542,43.113108],[131.910574,43.113135],[131.910638,43.113206],[131.91071,43.113395],[131.910934,43.113342],[131.911002,43.113495],[131.911038,43.113486],[131.911041,43.113492],[131.91105,43.11351],[131.911125,43.113673],[131.91114,43.113703],[131.911146,43.113716],[131.911826,43.113541],[131.911832,43.113559],[131.911854,43.113555],[131.912089,43.113506],[131.91442,43.112986],[131.914433,43.11293],[131.914413,43.112875],[131.914203,43.112417],[131.914183,43.112372],[131.91413,43.112242],[131.914216,43.112224],[131.91414,43.112033],[131.914166,43.112028],[131.91432,43.111989],[131.91501,43.11184],[131.915397,43.111757],[131.915461,43.111743],[131.915523,43.111732],[131.915584,43.111719],[131.915695,43.111695],[131.91602,43.111627],[131.916204,43.111577],[131.916703,43.111468],[131.916894,43.111424],[131.916841,43.111303],[131.917264,43.111213],[131.91764,43.111127],[131.918165,43.111013],[131.919454,43.11073],[131.919463,43.110729],[131.919506,43.110732],[131.919697,43.110721],[131.919614,43.109827],[131.919607,43.109702],[131.919539,43.10971],[131.919486,43.109712],[131.91944,43.109713],[131.919393,43.109715],[131.919359,43.10946],[131.919351,43.109374],[131.919346,43.109325],[131.919378,43.109231],[131.919351,43.10904],[131.919264,43.108809],[131.918969,43.108878],[131.918881,43.108715],[131.918727,43.108761],[131.918813,43.108913],[131.914729,43.110157],[131.912017,43.110568],[131.909917,43.110816],[131.907838,43.111653],[131.907824,43.111683],[131.907142,43.111961],[131.906288,43.111966],[131.905587,43.112114],[131.901862,43.113071]]}},{"type":"Feature","properties":{"fid":253,"Layer":"6 - утвержденные границы территорий окн","PaperSpace":null,"SubClasses":"AcDbEntity:AcDbPolyline","Linetype":"ByLayer","EntityHandle":"15B1","Text":null,"ogr_style":"PEN(c:#000000)","font":null,"angle":null,"size":null,"size_u":null,"anchor":null,"color":"#000000","underline":null,"plaintext":null,"fcolor":null,"flnum":null,"bold":null,"italic":null,"dx":null,"dx_u":null,"dy":null,"dy_u":null},"geometry":{"type":"LineString","coordinates":[[131.885689,43.116156],[131.88634,43.116022],[131.886245,43.115747],[131.8856,43.115882],[131.885689,43.116156]]}},{"type":"Feature","properties":{"fid":254,"Layer":"6 - утвержденные границы территорий окн","PaperSpace":null,"SubClasses":"AcDbEntity:AcDbPolyline","Linetype":"ByLayer","EntityHandle":"15B3","Text":null,"ogr_style":"PEN(c:#000000)","font":null,"angle":null,"size":null,"size_u":null,"anchor":null,"color":"#000000","underline":null,"plaintext":null,"fcolor":null,"flnum":null,"bold":null,"italic":null,"dx":null,"dx_u":null,"dy":null,"dy_u":null},"geometry":{"type":"LineString","coordinates":[[131.877076,43.125325],[131.877044,43.125317],[131.876676,43.125436],[131.876697,43.12556],[131.876882,43.12558],[131.876908,43.125559],[131.877327,43.125606],[131.877437,43.125412],[131.877439,43.125345],[131.877402,43.125277],[131.877152,43.125301],[131.877076,43.125325]]}},{"type":"Feature","properties":{"fid":255,"Layer":"6 - утвержденные границы территорий окн","PaperSpace":null,"SubClasses":"AcDbEntity:AcDbPolyline","Linetype":"ByLayer","EntityHandle":"15B5","Text":null,"ogr_style":"PEN(c:#000000)","font":null,"angle":null,"size":null,"size_u":null,"anchor":null,"color":"#000000","underline":null,"plaintext":null,"fcolor":null,"flnum":null,"bold":null,"italic":null,"dx":null,"dx_u":null,"dy":null,"dy_u":null},"geometry":{"type":"LineString","coordinates":[[131.890542,43.116148],[131.890382,43.116102],[131.890318,43.116219],[131.890478,43.116265],[131.890542,43.116148]]}},{"type":"Feature","properties":{"fid":256,"Layer":"6 - утвержденные границы территорий окн","PaperSpace":null,"SubClasses":"AcDbEntity:AcDbPolyline","Linetype":"ByLayer","EntityHandle":"15B7","Text":null,"ogr_style":"PEN(c:#000000)","font":null,"angle":null,"size":null,"size_u":null,"anchor":null,"color":"#000000","underline":null,"plaintext":null,"fcolor":null,"flnum":null,"bold":null,"italic":null,"dx":null,"dx_u":null,"dy":null,"dy_u":null},"geometry":{"type":"LineString","coordinates":[[131.87928,43.116571],[131.879409,43.116927],[131.880132,43.116792],[131.880128,43.116779],[131.880076,43.116638],[131.880073,43.11663],[131.880077,43.116629],[131.88004,43.116536],[131.88007,43.116527],[131.880026,43.116431],[131.879375,43.116553],[131.87928,43.116571]]}},{"type":"Feature","properties":{"fid":257,"Layer":"6 - утвержденные границы территорий окн","PaperSpace":null,"SubClasses":"AcDbEntity:AcDbPolyline","Linetype":"ByLayer","EntityHandle":"15B9","Text":null,"ogr_style":"PEN(c:#000000)","font":null,"angle":null,"size":null,"size_u":null,"anchor":null,"color":"#000000","underline":null,"plaintext":null,"fcolor":null,"flnum":null,"bold":null,"italic":null,"dx":null,"dx_u":null,"dy":null,"dy_u":null},"geometry":{"type":"LineString","coordinates":[[131.875367,43.114938],[131.875495,43.115047],[131.875705,43.114828],[131.875676,43.114815],[131.875527,43.114737],[131.875506,43.114737],[131.875462,43.11477],[131.875443,43.114794],[131.875423,43.114818],[131.875367,43.114938]]}},{"type":"Feature","properties":{"fid":258,"Layer":"6 - утвержденные границы территорий окн","PaperSpace":null,"SubClasses":"AcDbEntity:AcDbPolyline","Linetype":"ByLayer","EntityHandle":"15BB","Text":null,"ogr_style":"PEN(c:#000000)","font":null,"angle":null,"size":null,"size_u":null,"anchor":null,"color":"#000000","underline":null,"plaintext":null,"fcolor":null,"flnum":null,"bold":null,"italic":null,"dx":null,"dx_u":null,"dy":null,"dy_u":null},"geometry":{"type":"LineString","coordinates":[[131.908936,43.118971],[131.908971,43.118958],[131.908984,43.118951],[131.909151,43.118912],[131.909226,43.118894],[131.90916,43.118772],[131.909057,43.118559],[131.908771,43.118633],[131.908936,43.118971]]}},{"type":"Feature","properties":{"fid":259,"Layer":"6 - утвержденные границы территорий окн","PaperSpace":null,"SubClasses":"AcDbEntity:AcDbPolyline","Linetype":"ByLayer","EntityHandle":"15BD","Text":null,"ogr_style":"PEN(c:#000000)","font":null,"angle":null,"size":null,"size_u":null,"anchor":null,"color":"#000000","underline":null,"plaintext":null,"fcolor":null,"flnum":null,"bold":null,"italic":null,"dx":null,"dx_u":null,"dy":null,"dy_u":null},"geometry":{"type":"LineString","coordinates":[[131.882767,43.116958],[131.883175,43.116909],[131.883386,43.116898],[131.883179,43.116346],[131.882591,43.11646],[131.882767,43.116958]]}},{"type":"Feature","properties":{"fid":260,"Layer":"6 - утвержденные границы территорий окн","PaperSpace":null,"SubClasses":"AcDbEntity:AcDbPolyline","Linetype":"ByLayer","EntityHandle":"15BF","Text":null,"ogr_style":"PEN(c:#000000)","font":null,"angle":null,"size":null,"size_u":null,"anchor":null,"color":"#000000","underline":null,"plaintext":null,"fcolor":null,"flnum":null,"bold":null,"italic":null,"dx":null,"dx_u":null,"dy":null,"dy_u":null},"geometry":{"type":"LineString","coordinates":[[131.900861,43.115392],[131.900882,43.115356],[131.90094,43.115372],[131.901028,43.115184],[131.900848,43.115136],[131.900776,43.115286],[131.900755,43.115324],[131.900777,43.115335],[131.90075,43.115387],[131.900697,43.115373],[131.900706,43.115357],[131.900561,43.11532],[131.900696,43.115044],[131.900446,43.114984],[131.900315,43.115259],[131.90012,43.115208],[131.90022,43.115],[131.900058,43.114947],[131.900044,43.114982],[131.90008,43.114992],[131.900003,43.11514],[131.899694,43.115064],[131.89963,43.115208],[131.899938,43.115281],[131.900321,43.11538],[131.900313,43.115398],[131.900394,43.115416],[131.900403,43.115399],[131.900484,43.115419],[131.900474,43.115439],[131.900627,43.115474],[131.90064,43.115451],[131.900718,43.115471],[131.900708,43.115491],[131.900813,43.115516],[131.900821,43.115498],[131.90087,43.11551],[131.900918,43.115409],[131.900861,43.115392]]}},{"type":"Feature","properties":{"fid":261,"Layer":"6 - утвержденные границы территорий окн","PaperSpace":null,"SubClasses":"AcDbEntity:AcDbPolyline","Linetype":"ByLayer","EntityHandle":"15C1","Text":null,"ogr_style":"PEN(c:#000000)","font":null,"angle":null,"size":null,"size_u":null,"anchor":null,"color":"#000000","underline":null,"plaintext":null,"fcolor":null,"flnum":null,"bold":null,"italic":null,"dx":null,"dx_u":null,"dy":null,"dy_u":null},"geometry":{"type":"LineString","coordinates":[[131.893011,43.114894],[131.892947,43.114878],[131.892838,43.114899],[131.892775,43.114946],[131.892847,43.115139],[131.893091,43.115092],[131.893011,43.114894]]}},{"type":"Feature","properties":{"fid":262,"Layer":"6 - утвержденные границы территорий окн","PaperSpace":null,"SubClasses":"AcDbEntity:AcDbPolyline","Linetype":"ByLayer","EntityHandle":"15C3","Text":null,"ogr_style":"PEN(c:#000000)","font":null,"angle":null,"size":null,"size_u":null,"anchor":null,"color":"#000000","underline":null,"plaintext":null,"fcolor":null,"flnum":null,"bold":null,"italic":null,"dx":null,"dx_u":null,"dy":null,"dy_u":null},"geometry":{"type":"LineString","coordinates":[[131.890271,43.120857],[131.890498,43.120823],[131.890524,43.120757],[131.890515,43.120727],[131.890785,43.120678],[131.890767,43.120624],[131.89076,43.120603],[131.890723,43.120491],[131.89069,43.120388],[131.89068,43.120355],[131.890665,43.120312],[131.890548,43.12032],[131.890508,43.120325],[131.890381,43.12035],[131.890293,43.120369],[131.890229,43.120383],[131.89018,43.120394],[131.890147,43.120408],[131.890105,43.120433],[131.890063,43.120462],[131.890053,43.120471],[131.890084,43.120498],[131.890097,43.120526],[131.890068,43.120533],[131.890069,43.120537],[131.890123,43.120727],[131.890136,43.120774],[131.890172,43.120767],[131.890189,43.120824],[131.890216,43.120818],[131.890271,43.120857]]}},{"type":"Feature","properties":{"fid":263,"Layer":"6 - утвержденные границы территорий окн","PaperSpace":null,"SubClasses":"AcDbEntity:AcDbPolyline","Linetype":"ByLayer","EntityHandle":"15C5","Text":null,"ogr_style":"PEN(c:#000000)","font":null,"angle":null,"size":null,"size_u":null,"anchor":null,"color":"#000000","underline":null,"plaintext":null,"fcolor":null,"flnum":null,"bold":null,"italic":null,"dx":null,"dx_u":null,"dy":null,"dy_u":null},"geometry":{"type":"LineString","coordinates":[[131.89219,43.117524],[131.893093,43.117356],[131.892931,43.116907],[131.892573,43.116969],[131.892486,43.11671],[131.891927,43.11682],[131.89219,43.117524]]}},{"type":"Feature","properties":{"fid":264,"Layer":"6 - утвержденные границы территорий окн","PaperSpace":null,"SubClasses":"AcDbEntity:AcDbPolyline","Linetype":"ByLayer","EntityHandle":"15C7","Text":null,"ogr_style":"PEN(c:#000000)","font":null,"angle":null,"size":null,"size_u":null,"anchor":null,"color":"#000000","underline":null,"plaintext":null,"fcolor":null,"flnum":null,"bold":null,"italic":null,"dx":null,"dx_u":null,"dy":null,"dy_u":null},"geometry":{"type":"LineString","coordinates":[[131.88704,43.115233],[131.887114,43.115445],[131.887462,43.115381],[131.887412,43.115238],[131.887206,43.115277],[131.887185,43.115207],[131.88704,43.115233]]}},{"type":"Feature","properties":{"fid":265,"Layer":"6 - утвержденные границы территорий окн","PaperSpace":null,"SubClasses":"AcDbEntity:AcDbPolyline","Linetype":"ByLayer","EntityHandle":"15C9","Text":null,"ogr_style":"PEN(c:#000000)","font":null,"angle":null,"size":null,"size_u":null,"anchor":null,"color":"#000000","underline":null,"plaintext":null,"fcolor":null,"flnum":null,"bold":null,"italic":null,"dx":null,"dx_u":null,"dy":null,"dy_u":null},"geometry":{"type":"LineString","coordinates":[[131.893433,43.114157],[131.893515,43.11414],[131.893561,43.114132],[131.893613,43.114122],[131.89397,43.114049],[131.893875,43.113788],[131.893892,43.113747],[131.8939,43.113693],[131.8939,43.11367],[131.893895,43.113648],[131.893892,43.113598],[131.893878,43.113555],[131.893758,43.113186],[131.89337,43.113227],[131.893367,43.113209],[131.8931,43.113251],[131.893093,43.113252],[131.893211,43.113565],[131.893254,43.113678],[131.893428,43.114141],[131.893433,43.114157]]}},{"type":"Feature","properties":{"fid":266,"Layer":"6 - утвержденные границы территорий окн","PaperSpace":null,"SubClasses":"AcDbEntity:AcDbPolyline","Linetype":"ByLayer","EntityHandle":"15CB","Text":null,"ogr_style":"PEN(c:#000000)","font":null,"angle":null,"size":null,"size_u":null,"anchor":null,"color":"#000000","underline":null,"plaintext":null,"fcolor":null,"flnum":null,"bold":null,"italic":null,"dx":null,"dx_u":null,"dy":null,"dy_u":null},"geometry":{"type":"LineString","coordinates":[[131.940193,43.118781],[131.940209,43.118869],[131.940253,43.118991],[131.940313,43.119196],[131.940425,43.119452],[131.94113,43.119411],[131.941092,43.11916],[131.940883,43.118691],[131.940875,43.118672],[131.940193,43.118781]]}},{"type":"Feature","properties":{"fid":267,"Layer":"6 - утвержденные границы территорий окн","PaperSpace":null,"SubClasses":"AcDbEntity:AcDbPolyline","Linetype":"ByLayer","EntityHandle":"15CD","Text":null,"ogr_style":"PEN(c:#000000)","font":null,"angle":null,"size":null,"size_u":null,"anchor":null,"color":"#000000","underline":null,"plaintext":null,"fcolor":null,"flnum":null,"bold":null,"italic":null,"dx":null,"dx_u":null,"dy":null,"dy_u":null},"geometry":{"type":"LineString","coordinates":[[131.938857,43.121144],[131.939085,43.121496],[131.939166,43.121558],[131.939449,43.121997],[131.939781,43.121879],[131.940311,43.122385],[131.940659,43.122257],[131.940615,43.122192],[131.940403,43.121883],[131.940345,43.121799],[131.939939,43.121948],[131.939316,43.120985],[131.938857,43.121144]]}},{"type":"Feature","properties":{"fid":268,"Layer":"6 - утвержденные границы территорий окн","PaperSpace":null,"SubClasses":"AcDbEntity:AcDbPolyline","Linetype":"ByLayer","EntityHandle":"15CF","Text":null,"ogr_style":"PEN(c:#000000)","font":null,"angle":null,"size":null,"size_u":null,"anchor":null,"color":"#000000","underline":null,"plaintext":null,"fcolor":null,"flnum":null,"bold":null,"italic":null,"dx":null,"dx_u":null,"dy":null,"dy_u":null},"geometry":{"type":"LineString","coordinates":[[131.940579,43.121171],[131.941509,43.122617],[131.941743,43.122608],[131.942201,43.122432],[131.941756,43.121685],[131.94215,43.121536],[131.941652,43.120812],[131.940579,43.121171]]}},{"type":"Feature","properties":{"fid":269,"Layer":"6 - утвержденные границы территорий окн","PaperSpace":null,"SubClasses":"AcDbEntity:AcDbPolyline","Linetype":"ByLayer","EntityHandle":"15D1","Text":null,"ogr_style":"PEN(c:#000000)","font":null,"angle":null,"size":null,"size_u":null,"anchor":null,"color":"#000000","underline":null,"plaintext":null,"fcolor":null,"flnum":null,"bold":null,"italic":null,"dx":null,"dx_u":null,"dy":null,"dy_u":null},"geometry":{"type":"LineString","coordinates":[[131.942433,43.122791],[131.942297,43.122622],[131.941957,43.122746],[131.94156,43.123134],[131.94253,43.123669],[131.942306,43.124412],[131.94324,43.124563],[131.94337,43.124132],[131.943475,43.123709],[131.944222,43.123178],[131.944022,43.122738],[131.942847,43.123015],[131.942433,43.122791]]}},{"type":"Feature","properties":{"fid":270,"Layer":"6 - утвержденные границы территорий окн","PaperSpace":null,"SubClasses":"AcDbEntity:AcDbPolyline","Linetype":"ByLayer","EntityHandle":"15D3","Text":null,"ogr_style":"PEN(c:#000000)","font":null,"angle":null,"size":null,"size_u":null,"anchor":null,"color":"#000000","underline":null,"plaintext":null,"fcolor":null,"flnum":null,"bold":null,"italic":null,"dx":null,"dx_u":null,"dy":null,"dy_u":null},"geometry":{"type":"LineString","coordinates":[[131.940767,43.125223],[131.94101,43.12527],[131.941563,43.125191],[131.941674,43.124815],[131.941316,43.124688],[131.941363,43.124616],[131.941028,43.124487],[131.940899,43.124545],[131.940767,43.125223]]}},{"type":"Feature","properties":{"fid":271,"Layer":"6 - утвержденные границы территорий окн","PaperSpace":null,"SubClasses":"AcDbEntity:AcDbPolyline","Linetype":"ByLayer","EntityHandle":"15D5","Text":null,"ogr_style":"PEN(c:#000000)","font":null,"angle":null,"size":null,"size_u":null,"anchor":null,"color":"#000000","underline":null,"plaintext":null,"fcolor":null,"flnum":null,"bold":null,"italic":null,"dx":null,"dx_u":null,"dy":null,"dy_u":null},"geometry":{"type":"LineString","coordinates":[[131.882956,43.118115],[131.882867,43.117863],[131.882787,43.117634],[131.882497,43.117688],[131.882501,43.1177],[131.882556,43.117856],[131.882577,43.117918],[131.88259,43.117916],[131.882676,43.118166],[131.882797,43.118145],[131.882799,43.118144],[131.882823,43.11814],[131.882882,43.118129],[131.88294,43.118117],[131.882956,43.118115]]}}]}