{"type":"FeatureCollection","name":"9_valued_development_soviet","crs":{"type":"name","properties":{"name":"urn:ogc:def:crs:OGC:1.3:CRS84"}},"features":[{"type":"Feature","properties":{"fid":1,"Layer":"9 - ценная историческая застройка советский период","PaperSpace":null,"SubClasses":"AcDbEntity:AcDbPolyline","Linetype":"ByLayer","EntityHandle":"B5F","Text":null,"ogr_style":"PEN(c:#000000)","font":null,"angle":null,"size":null,"size_u":null,"anchor":null,"color":"#000000","underline":null,"plaintext":null,"fcolor":null,"flnum":null,"bold":null,"italic":null,"dx":null,"dx_u":null,"dy":null,"dy_u":null},"geometry":{"type":"MultiPolygon","coordinates":[[[[131.877212,43.116901],[131.877296,43.116969],[131.8773,43.116966],[131.877217,43.116898],[131.877212,43.116901]]]]}},{"type":"Feature","properties":{"fid":2,"Layer":"9 - ценная историческая застройка советский период","PaperSpace":null,"SubClasses":"AcDbEntity:AcDbPolyline","Linetype":"ByLayer","EntityHandle":"B60","Text":null,"ogr_style":"PEN(c:#000000)","font":null,"angle":null,"size":null,"size_u":null,"anchor":null,"color":"#000000","underline":null,"plaintext":null,"fcolor":null,"flnum":null,"bold":null,"italic":null,"dx":null,"dx_u":null,"dy":null,"dy_u":null},"geometry":{"type":"MultiPolygon","coordinates":[[[[131.877643,43.117248],[131.877563,43.117189],[131.877523,43.117161],[131.877505,43.117174],[131.877269,43.11698],[131.877274,43.116977],[131.877505,43.117167],[131.877524,43.117155],[131.877568,43.117186],[131.877647,43.117245],[131.877643,43.117248]]]]}},{"type":"Feature","properties":{"fid":3,"Layer":"9 - ценная историческая застройка советский период","PaperSpace":null,"SubClasses":"AcDbEntity:AcDbPolyline","Linetype":"ByLayer","EntityHandle":"B61","Text":null,"ogr_style":"PEN(c:#000000)","font":null,"angle":null,"size":null,"size_u":null,"anchor":null,"color":"#000000","underline":null,"plaintext":null,"fcolor":null,"flnum":null,"bold":null,"italic":null,"dx":null,"dx_u":null,"dy":null,"dy_u":null},"geometry":{"type":"MultiPolygon","coordinates":[[[[131.877215,43.116899],[131.877296,43.116966],[131.877273,43.116981],[131.877505,43.11717],[131.877523,43.117158],[131.877565,43.117188],[131.877645,43.117247],[131.877682,43.117276],[131.87776,43.117333],[131.877775,43.117342],[131.877805,43.117356],[131.877826,43.117364],[131.877854,43.117372],[131.877874,43.117375],[131.877886,43.117376],[131.877897,43.117376],[131.877909,43.117375],[131.877923,43.117375],[131.87794,43.117374],[131.877978,43.117372],[131.877215,43.116899]]]]}},{"type":"Feature","properties":{"fid":4,"Layer":"9 - ценная историческая застройка советский период","PaperSpace":null,"SubClasses":"AcDbEntity:AcDbPolyline","Linetype":"ByLayer","EntityHandle":"B62","Text":null,"ogr_style":"PEN(c:#000000)","font":null,"angle":null,"size":null,"size_u":null,"anchor":null,"color":"#000000","underline":null,"plaintext":null,"fcolor":null,"flnum":null,"bold":null,"italic":null,"dx":null,"dx_u":null,"dy":null,"dy_u":null},"geometry":{"type":"MultiPolygon","coordinates":[[[[131.874776,43.114753],[131.874783,43.114761],[131.874888,43.114867],[131.874873,43.114877],[131.874872,43.114882],[131.874872,43.114885],[131.874875,43.11489],[131.874879,43.114894],[131.874776,43.114753]]]]}},{"type":"Feature","properties":{"fid":5,"Layer":"9 - ценная историческая застройка советский период","PaperSpace":null,"SubClasses":"AcDbEntity:AcDbPolyline","Linetype":"ByLayer","EntityHandle":"B63","Text":null,"ogr_style":"PEN(c:#000000)","font":null,"angle":null,"size":null,"size_u":null,"anchor":null,"color":"#000000","underline":null,"plaintext":null,"fcolor":null,"flnum":null,"bold":null,"italic":null,"dx":null,"dx_u":null,"dy":null,"dy_u":null},"geometry":{"type":"MultiPolygon","coordinates":[[[[131.874772,43.114756],[131.874779,43.114763],[131.874881,43.114866],[131.87487,43.114875],[131.874867,43.114881],[131.874867,43.114886],[131.874871,43.114892],[131.874878,43.114899],[131.874772,43.114756]]]]}},{"type":"Feature","properties":{"fid":6,"Layer":"9 - ценная историческая застройка советский период","PaperSpace":null,"SubClasses":"AcDbEntity:AcDbPolyline","Linetype":"ByLayer","EntityHandle":"B64","Text":null,"ogr_style":"PEN(c:#000000)","font":null,"angle":null,"size":null,"size_u":null,"anchor":null,"color":"#000000","underline":null,"plaintext":null,"fcolor":null,"flnum":null,"bold":null,"italic":null,"dx":null,"dx_u":null,"dy":null,"dy_u":null},"geometry":{"type":"MultiPolygon","coordinates":[[[[131.87702,43.116742],[131.876913,43.11665],[131.876905,43.116653],[131.876899,43.116654],[131.876893,43.116655],[131.876886,43.116654],[131.876882,43.116652],[131.876878,43.11665],[131.876876,43.116648],[131.876874,43.116645],[131.876873,43.116641],[131.876872,43.116638],[131.876874,43.116635],[131.876876,43.116631],[131.87688,43.116627],[131.876884,43.116624],[131.876427,43.11625],[131.876422,43.116253],[131.876409,43.116257],[131.876399,43.11626],[131.876389,43.116261],[131.876382,43.11626],[131.876377,43.116259],[131.876368,43.116256],[131.876361,43.116252],[131.876355,43.116247],[131.876351,43.116241],[131.87635,43.116237],[131.87635,43.11623],[131.876352,43.116219],[131.876356,43.11621],[131.876361,43.116203],[131.876365,43.1162],[131.876164,43.116036],[131.876154,43.116042],[131.876099,43.116],[131.876079,43.115983],[131.876017,43.115935],[131.875989,43.115951],[131.875942,43.115913],[131.87594,43.115914],[131.875933,43.115916],[131.875923,43.115918],[131.875915,43.115918],[131.875904,43.115917],[131.8759,43.115915],[131.875894,43.115913],[131.875885,43.115907],[131.87588,43.115901],[131.875877,43.115891],[131.875877,43.115885],[131.87588,43.115877],[131.875883,43.115872],[131.875888,43.115868],[131.875844,43.115831],[131.875869,43.115811],[131.875818,43.115771],[131.875775,43.115736],[131.87574,43.115707],[131.875745,43.115703],[131.875746,43.115701],[131.875747,43.115699],[131.875748,43.115697],[131.875748,43.115696],[131.875747,43.115695],[131.875707,43.115663],[131.875633,43.115604],[131.875516,43.115509],[131.875449,43.115442],[131.875412,43.115404],[131.875343,43.115331],[131.87702,43.116742]]]]}},{"type":"Feature","properties":{"fid":7,"Layer":"9 - ценная историческая застройка советский период","PaperSpace":null,"SubClasses":"AcDbEntity:AcDbPolyline","Linetype":"ByLayer","EntityHandle":"B65","Text":null,"ogr_style":"PEN(c:#000000)","font":null,"angle":null,"size":null,"size_u":null,"anchor":null,"color":"#000000","underline":null,"plaintext":null,"fcolor":null,"flnum":null,"bold":null,"italic":null,"dx":null,"dx_u":null,"dy":null,"dy_u":null},"geometry":{"type":"MultiPolygon","coordinates":[[[[131.875347,43.115329],[131.875416,43.115402],[131.875453,43.11544],[131.87552,43.115507],[131.875637,43.115602],[131.875711,43.11566],[131.875752,43.115693],[131.875753,43.115696],[131.875753,43.115698],[131.875752,43.1157],[131.875751,43.115702],[131.875749,43.115705],[131.875746,43.115707],[131.875779,43.115733],[131.875822,43.115768],[131.875876,43.115811],[131.87585,43.115831],[131.875894,43.115868],[131.875888,43.115874],[131.875884,43.115878],[131.875882,43.115885],[131.875882,43.115891],[131.875885,43.115899],[131.875888,43.115904],[131.875897,43.11591],[131.875904,43.115913],[131.875906,43.115913],[131.875915,43.115914],[131.875922,43.115914],[131.875931,43.115913],[131.875937,43.115911],[131.875943,43.115908],[131.87599,43.115946],[131.876017,43.11593],[131.876083,43.115981],[131.876103,43.115997],[131.876154,43.116037],[131.876164,43.116032],[131.876372,43.1162],[131.876365,43.116205],[131.876361,43.116212],[131.876357,43.11622],[131.876355,43.11623],[131.876355,43.116237],[131.876356,43.11624],[131.876359,43.116245],[131.876364,43.116249],[131.876371,43.116253],[131.876379,43.116255],[131.876382,43.116256],[131.876389,43.116257],[131.876398,43.116256],[131.876407,43.116254],[131.876419,43.11625],[131.876428,43.116245],[131.876891,43.116624],[131.876884,43.116629],[131.87688,43.116633],[131.876878,43.116636],[131.876877,43.116639],[131.876878,43.116641],[131.876878,43.116644],[131.87688,43.116646],[131.876882,43.116648],[131.876885,43.116649],[131.876888,43.11665],[131.876893,43.116651],[131.876898,43.116651],[131.876903,43.116649],[131.876907,43.116648],[131.876914,43.116645],[131.877024,43.11674],[131.875347,43.115329]]]]}},{"type":"Feature","properties":{"fid":8,"Layer":"9 - ценная историческая застройка советский период","PaperSpace":null,"SubClasses":"AcDbEntity:AcDbPolyline","Linetype":"ByLayer","EntityHandle":"B66","Text":null,"ogr_style":"PEN(c:#000000)","font":null,"angle":null,"size":null,"size_u":null,"anchor":null,"color":"#000000","underline":null,"plaintext":null,"fcolor":null,"flnum":null,"bold":null,"italic":null,"dx":null,"dx_u":null,"dy":null,"dy_u":null},"geometry":{"type":"MultiPolygon","coordinates":[]}},{"type":"Feature","properties":{"fid":9,"Layer":"9 - ценная историческая застройка советский период","PaperSpace":null,"SubClasses":"AcDbEntity:AcDbPolyline","Linetype":"ByLayer","EntityHandle":"B67","Text":null,"ogr_style":"PEN(c:#000000)","font":null,"angle":null,"size":null,"size_u":null,"anchor":null,"color":"#000000","underline":null,"plaintext":null,"fcolor":null,"flnum":null,"bold":null,"italic":null,"dx":null,"dx_u":null,"dy":null,"dy_u":null},"geometry":{"type":"MultiPolygon","coordinates":[]}},{"type":"Feature","properties":{"fid":10,"Layer":"9 - ценная историческая застройка советский период","PaperSpace":null,"SubClasses":"AcDbEntity:AcDbPolyline","Linetype":"ByLayer","EntityHandle":"B68","Text":null,"ogr_style":"PEN(c:#000000)","font":null,"angle":null,"size":null,"size_u":null,"anchor":null,"color":"#000000","underline":null,"plaintext":null,"fcolor":null,"flnum":null,"bold":null,"italic":null,"dx":null,"dx_u":null,"dy":null,"dy_u":null},"geometry":{"type":"MultiPolygon","coordinates":[[[[131.875193,43.11517],[131.875284,43.115265],[131.875324,43.115306],[131.875349,43.115332],[131.875193,43.11517]]]]}},{"type":"Feature","properties":{"fid":11,"Layer":"9 - ценная историческая застройка советский период","PaperSpace":null,"SubClasses":"AcDbEntity:AcDbPolyline","Linetype":"ByLayer","EntityHandle":"B69","Text":null,"ogr_style":"PEN(c:#000000)","font":null,"angle":null,"size":null,"size_u":null,"anchor":null,"color":"#000000","underline":null,"plaintext":null,"fcolor":null,"flnum":null,"bold":null,"italic":null,"dx":null,"dx_u":null,"dy":null,"dy_u":null},"geometry":{"type":"MultiPolygon","coordinates":[]}},{"type":"Feature","properties":{"fid":12,"Layer":"9 - ценная историческая застройка советский период","PaperSpace":null,"SubClasses":"AcDbEntity:AcDbPolyline","Linetype":"ByLayer","EntityHandle":"B6A","Text":null,"ogr_style":"PEN(c:#000000)","font":null,"angle":null,"size":null,"size_u":null,"anchor":null,"color":"#000000","underline":null,"plaintext":null,"fcolor":null,"flnum":null,"bold":null,"italic":null,"dx":null,"dx_u":null,"dy":null,"dy_u":null},"geometry":{"type":"MultiPolygon","coordinates":[]}},{"type":"Feature","properties":{"fid":13,"Layer":"9 - ценная историческая застройка советский период","PaperSpace":null,"SubClasses":"AcDbEntity:AcDbPolyline","Linetype":"ByLayer","EntityHandle":"B6B","Text":null,"ogr_style":"PEN(c:#000000)","font":null,"angle":null,"size":null,"size_u":null,"anchor":null,"color":"#000000","underline":null,"plaintext":null,"fcolor":null,"flnum":null,"bold":null,"italic":null,"dx":null,"dx_u":null,"dy":null,"dy_u":null},"geometry":{"type":"MultiPolygon","coordinates":[[[[131.875191,43.115175],[131.87519,43.115176],[131.875188,43.115177],[131.875187,43.115177],[131.875186,43.115177],[131.875185,43.115178],[131.875184,43.115178],[131.875183,43.115178],[131.875182,43.115178],[131.875182,43.115178],[131.875181,43.115178],[131.87518,43.115179],[131.87518,43.115179],[131.875179,43.115179],[131.875178,43.115179],[131.875177,43.115179],[131.875177,43.115179],[131.875176,43.115179],[131.875175,43.115179],[131.875174,43.115179],[131.875173,43.115179],[131.875172,43.115179],[131.875171,43.115179],[131.87517,43.115179],[131.875169,43.115179],[131.875168,43.115178],[131.875168,43.115178],[131.875167,43.115178],[131.875166,43.115178],[131.875165,43.115178],[131.875165,43.115177],[131.875164,43.115177],[131.875163,43.115177],[131.875163,43.115177],[131.875162,43.115176],[131.875162,43.115176],[131.875161,43.115176],[131.875161,43.115176],[131.87516,43.115175],[131.87516,43.115175],[131.87516,43.115175],[131.875159,43.115175],[131.875159,43.115174],[131.875158,43.115174],[131.875158,43.115174],[131.875158,43.115173],[131.875158,43.115173],[131.875157,43.115173],[131.875157,43.115172],[131.875157,43.115172],[131.875156,43.115171],[131.875156,43.115171],[131.875156,43.11517],[131.875156,43.11517],[131.875156,43.115169],[131.875155,43.115168],[131.875155,43.115168],[131.875155,43.115167],[131.875155,43.115166],[131.875155,43.115166],[131.875155,43.115165],[131.875156,43.115164],[131.875156,43.115163],[131.875156,43.115162],[131.875157,43.115161],[131.875157,43.11516],[131.875158,43.115158],[131.875162,43.115152],[131.875191,43.115175]]]]}},{"type":"Feature","properties":{"fid":14,"Layer":"9 - ценная историческая застройка советский период","PaperSpace":null,"SubClasses":"AcDbEntity:AcDbPolyline","Linetype":"ByLayer","EntityHandle":"B6C","Text":null,"ogr_style":"PEN(c:#000000)","font":null,"angle":null,"size":null,"size_u":null,"anchor":null,"color":"#000000","underline":null,"plaintext":null,"fcolor":null,"flnum":null,"bold":null,"italic":null,"dx":null,"dx_u":null,"dy":null,"dy_u":null},"geometry":{"type":"MultiPolygon","coordinates":[[[[131.875168,43.115151],[131.875166,43.115154],[131.875165,43.115156],[131.875163,43.115158],[131.875163,43.11516],[131.875162,43.115161],[131.875162,43.115162],[131.875161,43.115164],[131.875161,43.115164],[131.875161,43.115165],[131.875161,43.115166],[131.875161,43.115167],[131.875161,43.115168],[131.875161,43.115168],[131.875161,43.115169],[131.875162,43.115169],[131.875162,43.11517],[131.875163,43.11517],[131.875163,43.115171],[131.875164,43.115171],[131.875164,43.115172],[131.875165,43.115173],[131.875166,43.115173],[131.875166,43.115173],[131.875167,43.115174],[131.875168,43.115174],[131.875169,43.115174],[131.87517,43.115175],[131.875171,43.115175],[131.875172,43.115175],[131.875173,43.115175],[131.875174,43.115175],[131.875176,43.115175],[131.875177,43.115175],[131.875179,43.115175],[131.87518,43.115175],[131.875182,43.115174],[131.875185,43.115173],[131.875187,43.115173],[131.87519,43.115172],[131.875193,43.11517],[131.875168,43.115151]]]]}},{"type":"Feature","properties":{"fid":15,"Layer":"9 - ценная историческая застройка советский период","PaperSpace":null,"SubClasses":"AcDbEntity:AcDbPolyline","Linetype":"ByLayer","EntityHandle":"B6D","Text":null,"ogr_style":"PEN(c:#000000)","font":null,"angle":null,"size":null,"size_u":null,"anchor":null,"color":"#000000","underline":null,"plaintext":null,"fcolor":null,"flnum":null,"bold":null,"italic":null,"dx":null,"dx_u":null,"dy":null,"dy_u":null},"geometry":{"type":"MultiPolygon","coordinates":[[[[131.877296,43.116969],[131.8773,43.116966],[131.877119,43.116821],[131.877296,43.116969]]]]}},{"type":"Feature","properties":{"fid":16,"Layer":"9 - ценная историческая застройка советский период","PaperSpace":null,"SubClasses":"AcDbEntity:AcDbPolyline","Linetype":"ByLayer","EntityHandle":"B6E","Text":null,"ogr_style":"PEN(c:#000000)","font":null,"angle":null,"size":null,"size_u":null,"anchor":null,"color":"#000000","underline":null,"plaintext":null,"fcolor":null,"flnum":null,"bold":null,"italic":null,"dx":null,"dx_u":null,"dy":null,"dy_u":null},"geometry":{"type":"MultiPolygon","coordinates":[[[[131.877215,43.116899],[131.877296,43.116966],[131.877273,43.116981],[131.877505,43.11717],[131.877523,43.117158],[131.877565,43.117188],[131.877645,43.117247],[131.877682,43.117276],[131.87776,43.117333],[131.877775,43.117342],[131.877805,43.117356],[131.877826,43.117364],[131.877854,43.117372],[131.877874,43.117375],[131.877886,43.117376],[131.877897,43.117376],[131.877909,43.117375],[131.877923,43.117375],[131.87794,43.117374],[131.877978,43.117372],[131.877215,43.116899]]]]}},{"type":"Feature","properties":{"fid":17,"Layer":"9 - ценная историческая застройка советский период","PaperSpace":null,"SubClasses":"AcDbEntity:AcDbPolyline","Linetype":"ByLayer","EntityHandle":"B6F","Text":null,"ogr_style":"PEN(c:#000000)","font":null,"angle":null,"size":null,"size_u":null,"anchor":null,"color":"#000000","underline":null,"plaintext":null,"fcolor":null,"flnum":null,"bold":null,"italic":null,"dx":null,"dx_u":null,"dy":null,"dy_u":null},"geometry":{"type":"MultiPolygon","coordinates":[[[[131.874771,43.114756],[131.874776,43.114753],[131.874888,43.114867],[131.874873,43.114877],[131.874872,43.114882],[131.874872,43.114885],[131.874875,43.11489],[131.874879,43.114894],[131.874771,43.114756]]]]}},{"type":"Feature","properties":{"fid":18,"Layer":"9 - ценная историческая застройка советский период","PaperSpace":null,"SubClasses":"AcDbEntity:AcDbPolyline","Linetype":"ByLayer","EntityHandle":"B70","Text":null,"ogr_style":"PEN(c:#000000)","font":null,"angle":null,"size":null,"size_u":null,"anchor":null,"color":"#000000","underline":null,"plaintext":null,"fcolor":null,"flnum":null,"bold":null,"italic":null,"dx":null,"dx_u":null,"dy":null,"dy_u":null},"geometry":{"type":"MultiPolygon","coordinates":[[[[131.874772,43.114756],[131.874779,43.114763],[131.874881,43.114866],[131.87487,43.114875],[131.874867,43.114881],[131.874867,43.114886],[131.874871,43.114892],[131.874878,43.114899],[131.874772,43.114756]]]]}},{"type":"Feature","properties":{"fid":19,"Layer":"9 - ценная историческая застройка советский период","PaperSpace":null,"SubClasses":"AcDbEntity:AcDbPolyline","Linetype":"ByLayer","EntityHandle":"B71","Text":null,"ogr_style":"PEN(c:#000000)","font":null,"angle":null,"size":null,"size_u":null,"anchor":null,"color":"#000000","underline":null,"plaintext":null,"fcolor":null,"flnum":null,"bold":null,"italic":null,"dx":null,"dx_u":null,"dy":null,"dy_u":null},"geometry":{"type":"MultiPolygon","coordinates":[[[[131.875162,43.115152],[131.874945,43.114934],[131.874899,43.114888],[131.874878,43.114899],[131.875162,43.115152]]]]}},{"type":"Feature","properties":{"fid":20,"Layer":"9 - ценная историческая застройка советский период","PaperSpace":null,"SubClasses":"AcDbEntity:AcDbPolyline","Linetype":"ByLayer","EntityHandle":"B72","Text":null,"ogr_style":"PEN(c:#000000)","font":null,"angle":null,"size":null,"size_u":null,"anchor":null,"color":"#000000","underline":null,"plaintext":null,"fcolor":null,"flnum":null,"bold":null,"italic":null,"dx":null,"dx_u":null,"dy":null,"dy_u":null},"geometry":{"type":"MultiPolygon","coordinates":[]}},{"type":"Feature","properties":{"fid":21,"Layer":"9 - ценная историческая застройка советский период","PaperSpace":null,"SubClasses":"AcDbEntity:AcDbPolyline","Linetype":"ByLayer","EntityHandle":"B73","Text":null,"ogr_style":"PEN(c:#000000)","font":null,"angle":null,"size":null,"size_u":null,"anchor":null,"color":"#000000","underline":null,"plaintext":null,"fcolor":null,"flnum":null,"bold":null,"italic":null,"dx":null,"dx_u":null,"dy":null,"dy_u":null},"geometry":{"type":"MultiPolygon","coordinates":[[[[131.877296,43.116969],[131.877087,43.1168],[131.876913,43.11665],[131.876905,43.116653],[131.876899,43.116654],[131.876893,43.116655],[131.876886,43.116654],[131.876882,43.116652],[131.876878,43.11665],[131.876876,43.116648],[131.876874,43.116645],[131.876873,43.116641],[131.876872,43.116638],[131.876874,43.116635],[131.876876,43.116631],[131.87688,43.116627],[131.876884,43.116624],[131.876427,43.11625],[131.876422,43.116253],[131.876409,43.116257],[131.876399,43.11626],[131.876389,43.116261],[131.876382,43.11626],[131.876377,43.116259],[131.876368,43.116256],[131.876361,43.116252],[131.876355,43.116247],[131.876351,43.116241],[131.87635,43.116237],[131.87635,43.11623],[131.876352,43.116219],[131.876356,43.11621],[131.876361,43.116203],[131.876365,43.1162],[131.876164,43.116036],[131.876154,43.116042],[131.876017,43.115935],[131.875989,43.115951],[131.875942,43.115913],[131.87594,43.115914],[131.875933,43.115916],[131.875923,43.115918],[131.875915,43.115918],[131.875904,43.115917],[131.8759,43.115915],[131.875894,43.115913],[131.875885,43.115907],[131.87588,43.115901],[131.875877,43.115891],[131.875877,43.115885],[131.87588,43.115877],[131.875883,43.115872],[131.875888,43.115868],[131.875844,43.115831],[131.875869,43.115811],[131.87574,43.115707],[131.875745,43.115703],[131.875746,43.115701],[131.875747,43.115699],[131.875748,43.115697],[131.875748,43.115696],[131.875747,43.115695],[131.875516,43.115509],[131.875343,43.115331],[131.877296,43.116969]]]]}},{"type":"Feature","properties":{"fid":22,"Layer":"9 - ценная историческая застройка советский период","PaperSpace":null,"SubClasses":"AcDbEntity:AcDbPolyline","Linetype":"ByLayer","EntityHandle":"B74","Text":null,"ogr_style":"PEN(c:#000000)","font":null,"angle":null,"size":null,"size_u":null,"anchor":null,"color":"#000000","underline":null,"plaintext":null,"fcolor":null,"flnum":null,"bold":null,"italic":null,"dx":null,"dx_u":null,"dy":null,"dy_u":null},"geometry":{"type":"MultiPolygon","coordinates":[[[[131.875347,43.115329],[131.87552,43.115507],[131.875752,43.115693],[131.875753,43.115696],[131.875753,43.115698],[131.875752,43.1157],[131.875751,43.115702],[131.875749,43.115705],[131.875746,43.115707],[131.875876,43.115811],[131.87585,43.115831],[131.875894,43.115868],[131.875888,43.115874],[131.875884,43.115878],[131.875882,43.115885],[131.875882,43.115891],[131.875885,43.115899],[131.875888,43.115904],[131.875897,43.11591],[131.875904,43.115913],[131.875906,43.115913],[131.875915,43.115914],[131.875922,43.115914],[131.875931,43.115913],[131.875937,43.115911],[131.875943,43.115908],[131.87599,43.115946],[131.876017,43.11593],[131.876083,43.115981],[131.876103,43.115997],[131.876154,43.116037],[131.876164,43.116032],[131.876372,43.1162],[131.876365,43.116205],[131.876361,43.116212],[131.876357,43.11622],[131.876355,43.11623],[131.876355,43.116237],[131.876356,43.11624],[131.876359,43.116245],[131.876364,43.116249],[131.876371,43.116253],[131.876379,43.116255],[131.876382,43.116256],[131.876389,43.116257],[131.876398,43.116256],[131.876407,43.116254],[131.876419,43.11625],[131.876428,43.116245],[131.876891,43.116624],[131.876884,43.116629],[131.87688,43.116633],[131.876878,43.116636],[131.876877,43.116639],[131.876878,43.116641],[131.876878,43.116644],[131.87688,43.116646],[131.876882,43.116648],[131.876885,43.116649],[131.876888,43.11665],[131.876893,43.116651],[131.876898,43.116651],[131.876903,43.116649],[131.876907,43.116648],[131.876914,43.116645],[131.877119,43.116821],[131.875347,43.115329]]]]}},{"type":"Feature","properties":{"fid":23,"Layer":"9 - ценная историческая застройка советский период","PaperSpace":null,"SubClasses":"AcDbEntity:AcDbPolyline","Linetype":"ByLayer","EntityHandle":"B75","Text":null,"ogr_style":"PEN(c:#000000)","font":null,"angle":null,"size":null,"size_u":null,"anchor":null,"color":"#000000","underline":null,"plaintext":null,"fcolor":null,"flnum":null,"bold":null,"italic":null,"dx":null,"dx_u":null,"dy":null,"dy_u":null},"geometry":{"type":"MultiPolygon","coordinates":[]}},{"type":"Feature","properties":{"fid":24,"Layer":"9 - ценная историческая застройка советский период","PaperSpace":null,"SubClasses":"AcDbEntity:AcDbPolyline","Linetype":"ByLayer","EntityHandle":"B76","Text":null,"ogr_style":"PEN(c:#000000)","font":null,"angle":null,"size":null,"size_u":null,"anchor":null,"color":"#000000","underline":null,"plaintext":null,"fcolor":null,"flnum":null,"bold":null,"italic":null,"dx":null,"dx_u":null,"dy":null,"dy_u":null},"geometry":{"type":"MultiPolygon","coordinates":[[[[131.875193,43.11517],[131.875284,43.115265],[131.875324,43.115306],[131.875349,43.115332],[131.875193,43.11517]]]]}},{"type":"Feature","properties":{"fid":25,"Layer":"9 - ценная историческая застройка советский период","PaperSpace":null,"SubClasses":"AcDbEntity:AcDbPolyline","Linetype":"ByLayer","EntityHandle":"B77","Text":null,"ogr_style":"PEN(c:#000000)","font":null,"angle":null,"size":null,"size_u":null,"anchor":null,"color":"#000000","underline":null,"plaintext":null,"fcolor":null,"flnum":null,"bold":null,"italic":null,"dx":null,"dx_u":null,"dy":null,"dy_u":null},"geometry":{"type":"MultiPolygon","coordinates":[]}},{"type":"Feature","properties":{"fid":26,"Layer":"9 - ценная историческая застройка советский период","PaperSpace":null,"SubClasses":"AcDbEntity:AcDbPolyline","Linetype":"ByLayer","EntityHandle":"B78","Text":null,"ogr_style":"PEN(c:#000000)","font":null,"angle":null,"size":null,"size_u":null,"anchor":null,"color":"#000000","underline":null,"plaintext":null,"fcolor":null,"flnum":null,"bold":null,"italic":null,"dx":null,"dx_u":null,"dy":null,"dy_u":null},"geometry":{"type":"MultiPolygon","coordinates":[[[[131.875191,43.115175],[131.87519,43.115176],[131.875188,43.115177],[131.875187,43.115177],[131.875186,43.115177],[131.875185,43.115178],[131.875184,43.115178],[131.875183,43.115178],[131.875182,43.115178],[131.875182,43.115178],[131.875181,43.115178],[131.87518,43.115179],[131.87518,43.115179],[131.875179,43.115179],[131.875178,43.115179],[131.875177,43.115179],[131.875177,43.115179],[131.875176,43.115179],[131.875175,43.115179],[131.875174,43.115179],[131.875173,43.115179],[131.875172,43.115179],[131.875171,43.115179],[131.87517,43.115179],[131.875169,43.115179],[131.875168,43.115178],[131.875168,43.115178],[131.875167,43.115178],[131.875166,43.115178],[131.875165,43.115178],[131.875165,43.115177],[131.875164,43.115177],[131.875163,43.115177],[131.875163,43.115177],[131.875162,43.115176],[131.875162,43.115176],[131.875161,43.115176],[131.875161,43.115176],[131.87516,43.115175],[131.87516,43.115175],[131.87516,43.115175],[131.875159,43.115175],[131.875159,43.115174],[131.875158,43.115174],[131.875158,43.115174],[131.875158,43.115173],[131.875158,43.115173],[131.875157,43.115173],[131.875157,43.115172],[131.875157,43.115172],[131.875156,43.115171],[131.875156,43.115171],[131.875156,43.11517],[131.875156,43.11517],[131.875156,43.115169],[131.875155,43.115168],[131.875155,43.115168],[131.875155,43.115167],[131.875155,43.115166],[131.875155,43.115166],[131.875155,43.115165],[131.875156,43.115164],[131.875156,43.115163],[131.875156,43.115162],[131.875157,43.115161],[131.875157,43.11516],[131.875158,43.115158],[131.875162,43.115152],[131.875191,43.115175]]]]}},{"type":"Feature","properties":{"fid":27,"Layer":"9 - ценная историческая застройка советский период","PaperSpace":null,"SubClasses":"AcDbEntity:AcDbPolyline","Linetype":"ByLayer","EntityHandle":"B79","Text":null,"ogr_style":"PEN(c:#000000)","font":null,"angle":null,"size":null,"size_u":null,"anchor":null,"color":"#000000","underline":null,"plaintext":null,"fcolor":null,"flnum":null,"bold":null,"italic":null,"dx":null,"dx_u":null,"dy":null,"dy_u":null},"geometry":{"type":"MultiPolygon","coordinates":[[[[131.875168,43.115151],[131.875166,43.115154],[131.875165,43.115156],[131.875163,43.115158],[131.875163,43.11516],[131.875162,43.115161],[131.875162,43.115162],[131.875161,43.115164],[131.875161,43.115164],[131.875161,43.115165],[131.875161,43.115166],[131.875161,43.115167],[131.875161,43.115168],[131.875161,43.115168],[131.875161,43.115169],[131.875162,43.115169],[131.875162,43.11517],[131.875163,43.11517],[131.875163,43.115171],[131.875164,43.115171],[131.875164,43.115172],[131.875165,43.115173],[131.875166,43.115173],[131.875166,43.115173],[131.875167,43.115174],[131.875168,43.115174],[131.875169,43.115174],[131.87517,43.115175],[131.875171,43.115175],[131.875172,43.115175],[131.875173,43.115175],[131.875174,43.115175],[131.875176,43.115175],[131.875177,43.115175],[131.875179,43.115175],[131.87518,43.115175],[131.875182,43.115174],[131.875185,43.115173],[131.875187,43.115173],[131.87519,43.115172],[131.875193,43.11517],[131.875168,43.115151]]]]}},{"type":"Feature","properties":{"fid":28,"Layer":"9 - ценная историческая застройка советский период","PaperSpace":null,"SubClasses":"AcDbEntity:AcDbPolyline","Linetype":"ByLayer","EntityHandle":"B7A","Text":null,"ogr_style":"PEN(c:#000000)","font":null,"angle":null,"size":null,"size_u":null,"anchor":null,"color":"#000000","underline":null,"plaintext":null,"fcolor":null,"flnum":null,"bold":null,"italic":null,"dx":null,"dx_u":null,"dy":null,"dy_u":null},"geometry":{"type":"MultiPolygon","coordinates":[[[[131.908348,43.116706],[131.908215,43.116739],[131.908228,43.116773],[131.908348,43.116706]]]]}},{"type":"Feature","properties":{"fid":29,"Layer":"9 - ценная историческая застройка советский период","PaperSpace":null,"SubClasses":"AcDbEntity:AcDbPolyline","Linetype":"ByLayer","EntityHandle":"B7B","Text":null,"ogr_style":"PEN(c:#000000)","font":null,"angle":null,"size":null,"size_u":null,"anchor":null,"color":"#000000","underline":null,"plaintext":null,"fcolor":null,"flnum":null,"bold":null,"italic":null,"dx":null,"dx_u":null,"dy":null,"dy_u":null},"geometry":{"type":"MultiPolygon","coordinates":[[[[131.908635,43.116672],[131.908622,43.116664],[131.908609,43.116658],[131.908596,43.116656],[131.908585,43.116655],[131.908571,43.116655],[131.908635,43.116672]]]]}},{"type":"Feature","properties":{"fid":30,"Layer":"9 - ценная историческая застройка советский период","PaperSpace":null,"SubClasses":"AcDbEntity:AcDbPolyline","Linetype":"ByLayer","EntityHandle":"B7C","Text":null,"ogr_style":"PEN(c:#000000)","font":null,"angle":null,"size":null,"size_u":null,"anchor":null,"color":"#000000","underline":null,"plaintext":null,"fcolor":null,"flnum":null,"bold":null,"italic":null,"dx":null,"dx_u":null,"dy":null,"dy_u":null},"geometry":{"type":"MultiPolygon","coordinates":[[[[131.908539,43.116696],[131.908635,43.116672],[131.908698,43.116809],[131.908539,43.116696]]]]}},{"type":"Feature","properties":{"fid":31,"Layer":"9 - ценная историческая застройка советский период","PaperSpace":null,"SubClasses":"AcDbEntity:AcDbPolyline","Linetype":"ByLayer","EntityHandle":"B7D","Text":null,"ogr_style":"PEN(c:#000000)","font":null,"angle":null,"size":null,"size_u":null,"anchor":null,"color":"#000000","underline":null,"plaintext":null,"fcolor":null,"flnum":null,"bold":null,"italic":null,"dx":null,"dx_u":null,"dy":null,"dy_u":null},"geometry":{"type":"MultiPolygon","coordinates":[]}},{"type":"Feature","properties":{"fid":32,"Layer":"9 - ценная историческая застройка советский период","PaperSpace":null,"SubClasses":"AcDbEntity:AcDbPolyline","Linetype":"ByLayer","EntityHandle":"B7E","Text":null,"ogr_style":"PEN(c:#000000)","font":null,"angle":null,"size":null,"size_u":null,"anchor":null,"color":"#000000","underline":null,"plaintext":null,"fcolor":null,"flnum":null,"bold":null,"italic":null,"dx":null,"dx_u":null,"dy":null,"dy_u":null},"geometry":{"type":"MultiPolygon","coordinates":[[[[131.908571,43.116655],[131.908459,43.116686],[131.908458,43.116699],[131.908465,43.116712],[131.908571,43.116655]]]]}},{"type":"Feature","properties":{"fid":33,"Layer":"9 - ценная историческая застройка советский период","PaperSpace":null,"SubClasses":"AcDbEntity:AcDbPolyline","Linetype":"ByLayer","EntityHandle":"B7F","Text":null,"ogr_style":"PEN(c:#000000)","font":null,"angle":null,"size":null,"size_u":null,"anchor":null,"color":"#000000","underline":null,"plaintext":null,"fcolor":null,"flnum":null,"bold":null,"italic":null,"dx":null,"dx_u":null,"dy":null,"dy_u":null},"geometry":{"type":"MultiPolygon","coordinates":[[[[131.908215,43.116739],[131.908348,43.116706],[131.90838,43.1167],[131.908391,43.116706],[131.908409,43.116716],[131.908415,43.116724],[131.908215,43.116739]]]]}},{"type":"Feature","properties":{"fid":34,"Layer":"9 - ценная историческая застройка советский период","PaperSpace":null,"SubClasses":"AcDbEntity:AcDbPolyline","Linetype":"ByLayer","EntityHandle":"B80","Text":null,"ogr_style":"PEN(c:#000000)","font":null,"angle":null,"size":null,"size_u":null,"anchor":null,"color":"#000000","underline":null,"plaintext":null,"fcolor":null,"flnum":null,"bold":null,"italic":null,"dx":null,"dx_u":null,"dy":null,"dy_u":null},"geometry":{"type":"MultiPolygon","coordinates":[[[[131.880924,43.11519],[131.880925,43.115191],[131.880924,43.11519]]]]}},{"type":"Feature","properties":{"fid":35,"Layer":"9 - ценная историческая застройка советский период","PaperSpace":null,"SubClasses":"AcDbEntity:AcDbPolyline","Linetype":"ByLayer","EntityHandle":"B82","Text":null,"ogr_style":"PEN(c:#000000)","font":null,"angle":null,"size":null,"size_u":null,"anchor":null,"color":"#000000","underline":null,"plaintext":null,"fcolor":null,"flnum":null,"bold":null,"italic":null,"dx":null,"dx_u":null,"dy":null,"dy_u":null},"geometry":{"type":"MultiPolygon","coordinates":[]}},{"type":"Feature","properties":{"fid":36,"Layer":"9 - ценная историческая застройка советский период","PaperSpace":null,"SubClasses":"AcDbEntity:AcDbPolyline","Linetype":"ByLayer","EntityHandle":"B83","Text":null,"ogr_style":"PEN(c:#000000)","font":null,"angle":null,"size":null,"size_u":null,"anchor":null,"color":"#000000","underline":null,"plaintext":null,"fcolor":null,"flnum":null,"bold":null,"italic":null,"dx":null,"dx_u":null,"dy":null,"dy_u":null},"geometry":{"type":"MultiPolygon","coordinates":[]}},{"type":"Feature","properties":{"fid":37,"Layer":"9 - ценная историческая застройка советский период","PaperSpace":null,"SubClasses":"AcDbEntity:AcDbPolyline","Linetype":"ByLayer","EntityHandle":"B84","Text":null,"ogr_style":"PEN(c:#000000)","font":null,"angle":null,"size":null,"size_u":null,"anchor":null,"color":"#000000","underline":null,"plaintext":null,"fcolor":null,"flnum":null,"bold":null,"italic":null,"dx":null,"dx_u":null,"dy":null,"dy_u":null},"geometry":{"type":"MultiPolygon","coordinates":[]}},{"type":"Feature","properties":{"fid":38,"Layer":"9 - ценная историческая застройка советский период","PaperSpace":null,"SubClasses":"AcDbEntity:AcDbPolyline","Linetype":"ByLayer","EntityHandle":"B85","Text":null,"ogr_style":"PEN(c:#000000)","font":null,"angle":null,"size":null,"size_u":null,"anchor":null,"color":"#000000","underline":null,"plaintext":null,"fcolor":null,"flnum":null,"bold":null,"italic":null,"dx":null,"dx_u":null,"dy":null,"dy_u":null},"geometry":{"type":"MultiPolygon","coordinates":[]}},{"type":"Feature","properties":{"fid":39,"Layer":"9 - ценная историческая застройка советский период","PaperSpace":null,"SubClasses":"AcDbEntity:AcDbPolyline","Linetype":"ByLayer","EntityHandle":"B86","Text":null,"ogr_style":"PEN(c:#000000)","font":null,"angle":null,"size":null,"size_u":null,"anchor":null,"color":"#000000","underline":null,"plaintext":null,"fcolor":null,"flnum":null,"bold":null,"italic":null,"dx":null,"dx_u":null,"dy":null,"dy_u":null},"geometry":{"type":"MultiPolygon","coordinates":[[[[131.908634,43.11667],[131.90862,43.116662],[131.908608,43.116657],[131.908594,43.116654],[131.908583,43.116653],[131.90857,43.116653],[131.908634,43.11667]]]]}},{"type":"Feature","properties":{"fid":40,"Layer":"9 - ценная историческая застройка советский период","PaperSpace":null,"SubClasses":"AcDbEntity:AcDbPolyline","Linetype":"ByLayer","EntityHandle":"B87","Text":null,"ogr_style":"PEN(c:#000000)","font":null,"angle":null,"size":null,"size_u":null,"anchor":null,"color":"#000000","underline":null,"plaintext":null,"fcolor":null,"flnum":null,"bold":null,"italic":null,"dx":null,"dx_u":null,"dy":null,"dy_u":null},"geometry":{"type":"MultiPolygon","coordinates":[[[[131.90857,43.116653],[131.908458,43.116684],[131.908457,43.116699],[131.908464,43.116714],[131.90857,43.116653]]]]}},{"type":"Feature","properties":{"fid":41,"Layer":"9 - ценная историческая застройка советский период","PaperSpace":null,"SubClasses":"AcDbEntity:AcDbPolyline","Linetype":"ByLayer","EntityHandle":"B88","Text":null,"ogr_style":"PEN(c:#000000)","font":null,"angle":null,"size":null,"size_u":null,"anchor":null,"color":"#000000","underline":null,"plaintext":null,"fcolor":null,"flnum":null,"bold":null,"italic":null,"dx":null,"dx_u":null,"dy":null,"dy_u":null},"geometry":{"type":"MultiPolygon","coordinates":[[[[131.908213,43.116738],[131.908346,43.116704],[131.908379,43.116698],[131.908389,43.116704],[131.908409,43.116716],[131.908418,43.116726],[131.908213,43.116738]]]]}},{"type":"Feature","properties":{"fid":42,"Layer":"9 - ценная историческая застройка советский период","PaperSpace":null,"SubClasses":"AcDbEntity:AcDbPolyline","Linetype":"ByLayer","EntityHandle":"B89","Text":null,"ogr_style":"PEN(c:#000000)","font":null,"angle":null,"size":null,"size_u":null,"anchor":null,"color":"#000000","underline":null,"plaintext":null,"fcolor":null,"flnum":null,"bold":null,"italic":null,"dx":null,"dx_u":null,"dy":null,"dy_u":null},"geometry":{"type":"MultiPolygon","coordinates":[[[[131.878449,43.117282],[131.877978,43.11737],[131.877923,43.117375],[131.877886,43.117374],[131.877857,43.11737],[131.877827,43.117362],[131.877806,43.117354],[131.877777,43.117341],[131.87771,43.117293],[131.877523,43.117155],[131.877507,43.117167],[131.877274,43.116977],[131.877296,43.116963],[131.877168,43.116858],[131.877115,43.116818],[131.876914,43.116645],[131.876903,43.116649],[131.876893,43.116651],[131.87688,43.116646],[131.876877,43.116639],[131.876877,43.116633],[131.876892,43.116625],[131.876596,43.116383],[131.876428,43.116245],[131.876407,43.116254],[131.876398,43.116256],[131.876381,43.116256],[131.876368,43.116251],[131.876357,43.116242],[131.876356,43.116226],[131.876363,43.116209],[131.876372,43.1162],[131.876164,43.116032],[131.876154,43.116037],[131.876017,43.11593],[131.87599,43.115946],[131.875943,43.115908],[131.875931,43.115914],[131.875916,43.115915],[131.875902,43.115913],[131.87589,43.115906],[131.875883,43.115897],[131.875881,43.115886],[131.875885,43.115876],[131.875894,43.115868],[131.87585,43.115831],[131.875876,43.115811],[131.875746,43.115707],[131.875746,43.115704],[131.875753,43.115696],[131.875612,43.115579],[131.875516,43.1155],[131.875193,43.11517],[131.875182,43.115174],[131.875175,43.115176],[131.875167,43.115174],[131.875161,43.11517],[131.875159,43.115164],[131.875167,43.115151],[131.874984,43.114967],[131.874899,43.114883],[131.874877,43.114892],[131.874872,43.114882],[131.874888,43.114867],[131.874776,43.114753],[131.878449,43.117282]]]]}},{"type":"Feature","properties":{"fid":43,"Layer":"9 - ценная историческая застройка советский период","PaperSpace":null,"SubClasses":"AcDbEntity:AcDbPolyline","Linetype":"ByLayer","EntityHandle":"B8A","Text":null,"ogr_style":"PEN(c:#000000)","font":null,"angle":null,"size":null,"size_u":null,"anchor":null,"color":"#000000","underline":null,"plaintext":null,"fcolor":null,"flnum":null,"bold":null,"italic":null,"dx":null,"dx_u":null,"dy":null,"dy_u":null},"geometry":{"type":"MultiPolygon","coordinates":[[[[131.904669,43.115792],[131.904677,43.115774],[131.904844,43.115817],[131.904669,43.115792]]]]}},{"type":"Feature","properties":{"fid":44,"Layer":"9 - ценная историческая застройка советский период","PaperSpace":null,"SubClasses":"AcDbEntity:AcDbPolyline","Linetype":"ByLayer","EntityHandle":"B8B","Text":null,"ogr_style":"PEN(c:#000000)","font":null,"angle":null,"size":null,"size_u":null,"anchor":null,"color":"#000000","underline":null,"plaintext":null,"fcolor":null,"flnum":null,"bold":null,"italic":null,"dx":null,"dx_u":null,"dy":null,"dy_u":null},"geometry":{"type":"MultiPolygon","coordinates":[[[[131.904148,43.115635],[131.904132,43.115667],[131.904495,43.115767],[131.904507,43.115745],[131.904593,43.115768],[131.904148,43.115635]]]]}},{"type":"Feature","properties":{"fid":45,"Layer":"9 - ценная историческая застройка советский период","PaperSpace":null,"SubClasses":"AcDbEntity:AcDbPolyline","Linetype":"ByLayer","EntityHandle":"B8C","Text":null,"ogr_style":"PEN(c:#000000)","font":null,"angle":null,"size":null,"size_u":null,"anchor":null,"color":"#000000","underline":null,"plaintext":null,"fcolor":null,"flnum":null,"bold":null,"italic":null,"dx":null,"dx_u":null,"dy":null,"dy_u":null},"geometry":{"type":"MultiPolygon","coordinates":[[[[131.904147,43.115634],[131.904621,43.11576],[131.904612,43.115778],[131.904147,43.115634]]]]}},{"type":"Feature","properties":{"fid":46,"Layer":"9 - ценная историческая застройка советский период","PaperSpace":null,"SubClasses":"AcDbEntity:AcDbPolyline","Linetype":"ByLayer","EntityHandle":"B8D","Text":null,"ogr_style":"PEN(c:#000000)","font":null,"angle":null,"size":null,"size_u":null,"anchor":null,"color":"#000000","underline":null,"plaintext":null,"fcolor":null,"flnum":null,"bold":null,"italic":null,"dx":null,"dx_u":null,"dy":null,"dy_u":null},"geometry":{"type":"MultiPolygon","coordinates":[[[[131.904693,43.115793],[131.904782,43.115816],[131.90477,43.115839],[131.904809,43.115849],[131.904828,43.115811],[131.904693,43.115793]]]]}},{"type":"Feature","properties":{"fid":47,"Layer":"9 - ценная историческая застройка советский период","PaperSpace":null,"SubClasses":"AcDbEntity:AcDbPolyline","Linetype":"ByLayer","EntityHandle":"B8E","Text":null,"ogr_style":"PEN(c:#000000)","font":null,"angle":null,"size":null,"size_u":null,"anchor":null,"color":"#000000","underline":null,"plaintext":null,"fcolor":null,"flnum":null,"bold":null,"italic":null,"dx":null,"dx_u":null,"dy":null,"dy_u":null},"geometry":{"type":"MultiPolygon","coordinates":[[[[131.907999,43.115275],[131.907974,43.115224],[131.908154,43.115177],[131.908172,43.115214],[131.907999,43.115275]]]]}},{"type":"Feature","properties":{"fid":48,"Layer":"9 - ценная историческая застройка советский период","PaperSpace":null,"SubClasses":"AcDbEntity:AcDbPolyline","Linetype":"ByLayer","EntityHandle":"B8F","Text":null,"ogr_style":"PEN(c:#000000)","font":null,"angle":null,"size":null,"size_u":null,"anchor":null,"color":"#000000","underline":null,"plaintext":null,"fcolor":null,"flnum":null,"bold":null,"italic":null,"dx":null,"dx_u":null,"dy":null,"dy_u":null},"geometry":{"type":"MultiPolygon","coordinates":[[[[131.908219,43.115202],[131.908203,43.115165],[131.90837,43.11512],[131.908389,43.115156],[131.908219,43.115202]]]]}},{"type":"Feature","properties":{"fid":49,"Layer":"9 - ценная историческая застройка советский период","PaperSpace":null,"SubClasses":"AcDbEntity:AcDbPolyline","Linetype":"ByLayer","EntityHandle":"B90","Text":null,"ogr_style":"PEN(c:#000000)","font":null,"angle":null,"size":null,"size_u":null,"anchor":null,"color":"#000000","underline":null,"plaintext":null,"fcolor":null,"flnum":null,"bold":null,"italic":null,"dx":null,"dx_u":null,"dy":null,"dy_u":null},"geometry":{"type":"MultiPolygon","coordinates":[[[[131.908438,43.115143],[131.908419,43.115106],[131.908483,43.115088],[131.908509,43.115141],[131.908438,43.115143]]]]}},{"type":"Feature","properties":{"fid":50,"Layer":"9 - ценная историческая застройка советский период","PaperSpace":null,"SubClasses":"AcDbEntity:AcDbPolyline","Linetype":"ByLayer","EntityHandle":"B91","Text":null,"ogr_style":"PEN(c:#000000)","font":null,"angle":null,"size":null,"size_u":null,"anchor":null,"color":"#000000","underline":null,"plaintext":null,"fcolor":null,"flnum":null,"bold":null,"italic":null,"dx":null,"dx_u":null,"dy":null,"dy_u":null},"geometry":{"type":"MultiPolygon","coordinates":[[[[131.908549,43.115131],[131.908523,43.115079],[131.908673,43.11504],[131.908691,43.115075],[131.908549,43.115131]]]]}},{"type":"Feature","properties":{"fid":51,"Layer":"9 - ценная историческая застройка советский период","PaperSpace":null,"SubClasses":"AcDbEntity:AcDbPolyline","Linetype":"ByLayer","EntityHandle":"B92","Text":null,"ogr_style":"PEN(c:#000000)","font":null,"angle":null,"size":null,"size_u":null,"anchor":null,"color":"#000000","underline":null,"plaintext":null,"fcolor":null,"flnum":null,"bold":null,"italic":null,"dx":null,"dx_u":null,"dy":null,"dy_u":null},"geometry":{"type":"MultiPolygon","coordinates":[[[[131.908785,43.11505],[131.908769,43.115017],[131.908945,43.114971],[131.908785,43.11505]]]]}},{"type":"Feature","properties":{"fid":52,"Layer":"9 - ценная историческая застройка советский период","PaperSpace":null,"SubClasses":"AcDbEntity:AcDbPolyline","Linetype":"ByLayer","EntityHandle":"B93","Text":null,"ogr_style":"PEN(c:#000000)","font":null,"angle":null,"size":null,"size_u":null,"anchor":null,"color":"#000000","underline":null,"plaintext":null,"fcolor":null,"flnum":null,"bold":null,"italic":null,"dx":null,"dx_u":null,"dy":null,"dy_u":null},"geometry":{"type":"MultiPolygon","coordinates":[]}},{"type":"Feature","properties":{"fid":53,"Layer":"9 - ценная историческая застройка советский период","PaperSpace":null,"SubClasses":"AcDbEntity:AcDbPolyline","Linetype":"ByLayer","EntityHandle":"B94","Text":null,"ogr_style":"PEN(c:#000000)","font":null,"angle":null,"size":null,"size_u":null,"anchor":null,"color":"#000000","underline":null,"plaintext":null,"fcolor":null,"flnum":null,"bold":null,"italic":null,"dx":null,"dx_u":null,"dy":null,"dy_u":null},"geometry":{"type":"MultiPolygon","coordinates":[[[[131.911171,43.114979],[131.911135,43.114915],[131.911122,43.114902],[131.911095,43.114888],[131.91104,43.114869],[131.911171,43.114979]]]]}},{"type":"Feature","properties":{"fid":54,"Layer":"9 - ценная историческая застройка советский период","PaperSpace":null,"SubClasses":"AcDbEntity:AcDbPolyline","Linetype":"ByLayer","EntityHandle":"B95","Text":null,"ogr_style":"PEN(c:#000000)","font":null,"angle":null,"size":null,"size_u":null,"anchor":null,"color":"#000000","underline":null,"plaintext":null,"fcolor":null,"flnum":null,"bold":null,"italic":null,"dx":null,"dx_u":null,"dy":null,"dy_u":null},"geometry":{"type":"MultiPolygon","coordinates":[[[[131.876762,43.116275],[131.876556,43.116108],[131.876534,43.116117],[131.876208,43.115853],[131.876762,43.116275]]]]}},{"type":"Feature","properties":{"fid":55,"Layer":"9 - ценная историческая застройка советский период","PaperSpace":null,"SubClasses":"AcDbEntity:AcDbPolyline","Linetype":"ByLayer","EntityHandle":"B96","Text":null,"ogr_style":"PEN(c:#000000)","font":null,"angle":null,"size":null,"size_u":null,"anchor":null,"color":"#000000","underline":null,"plaintext":null,"fcolor":null,"flnum":null,"bold":null,"italic":null,"dx":null,"dx_u":null,"dy":null,"dy_u":null},"geometry":{"type":"MultiPolygon","coordinates":[[[[131.876124,43.115788],[131.875881,43.115587],[131.875726,43.115461],[131.875669,43.11541],[131.875578,43.115309],[131.876124,43.115788]]]]}},{"type":"Feature","properties":{"fid":56,"Layer":"9 - ценная историческая застройка советский период","PaperSpace":null,"SubClasses":"AcDbEntity:AcDbPolyline","Linetype":"ByLayer","EntityHandle":"B97","Text":null,"ogr_style":"PEN(c:#000000)","font":null,"angle":null,"size":null,"size_u":null,"anchor":null,"color":"#000000","underline":null,"plaintext":null,"fcolor":null,"flnum":null,"bold":null,"italic":null,"dx":null,"dx_u":null,"dy":null,"dy_u":null},"geometry":{"type":"MultiPolygon","coordinates":[[[[131.87551,43.115239],[131.87544,43.115167],[131.875412,43.115139],[131.87542,43.11513],[131.875424,43.11512],[131.875423,43.11511],[131.875417,43.1151],[131.875407,43.115093],[131.875394,43.115089],[131.87538,43.115088],[131.875366,43.115091],[131.875347,43.115071],[131.875347,43.115043],[131.87551,43.115239]]]]}},{"type":"Feature","properties":{"fid":57,"Layer":"9 - ценная историческая застройка советский период","PaperSpace":null,"SubClasses":"AcDbEntity:AcDbPolyline","Linetype":"ByLayer","EntityHandle":"B98","Text":null,"ogr_style":"PEN(c:#000000)","font":null,"angle":null,"size":null,"size_u":null,"anchor":null,"color":"#000000","underline":null,"plaintext":null,"fcolor":null,"flnum":null,"bold":null,"italic":null,"dx":null,"dx_u":null,"dy":null,"dy_u":null},"geometry":{"type":"MultiPolygon","coordinates":[[[[131.892376,43.105077],[131.892376,43.105041],[131.892204,43.105041],[131.892204,43.105077],[131.892376,43.105077]]]]}},{"type":"Feature","properties":{"fid":58,"Layer":"9 - ценная историческая застройка советский период","PaperSpace":null,"SubClasses":"AcDbEntity:AcDbPolyline","Linetype":"ByLayer","EntityHandle":"B9A","Text":null,"ogr_style":"PEN(c:#000000)","font":null,"angle":null,"size":null,"size_u":null,"anchor":null,"color":"#000000","underline":null,"plaintext":null,"fcolor":null,"flnum":null,"bold":null,"italic":null,"dx":null,"dx_u":null,"dy":null,"dy_u":null},"geometry":{"type":"MultiPolygon","coordinates":[[[[131.911071,43.115523],[131.911099,43.115582],[131.911366,43.115509],[131.911278,43.115326],[131.911198,43.115348],[131.911195,43.115342],[131.911183,43.115345],[131.911186,43.115351],[131.911133,43.115365],[131.91113,43.115359],[131.911118,43.115362],[131.911121,43.115368],[131.911088,43.115377],[131.911085,43.115371],[131.911073,43.115374],[131.911076,43.11538],[131.91105,43.115387],[131.911047,43.115381],[131.91103,43.115385],[131.911097,43.115517],[131.911071,43.115523]]]]}},{"type":"Feature","properties":{"fid":59,"Layer":"9 - ценная историческая застройка советский период","PaperSpace":null,"SubClasses":"AcDbEntity:AcDbPolyline","Linetype":"ByLayer","EntityHandle":"B9C","Text":null,"ogr_style":"PEN(c:#000000)","font":null,"angle":null,"size":null,"size_u":null,"anchor":null,"color":"#000000","underline":null,"plaintext":null,"fcolor":null,"flnum":null,"bold":null,"italic":null,"dx":null,"dx_u":null,"dy":null,"dy_u":null},"geometry":{"type":"MultiPolygon","coordinates":[[[[131.879829,43.12071],[131.879795,43.120596],[131.879725,43.120607],[131.879724,43.120603],[131.879393,43.120655],[131.879394,43.120659],[131.879324,43.120674],[131.879346,43.120743],[131.879341,43.120746],[131.879351,43.120782],[131.879356,43.120782],[131.879389,43.120907],[131.879511,43.120887],[131.879482,43.120789],[131.879713,43.120752],[131.879743,43.12085],[131.879864,43.120833],[131.87983,43.120716],[131.879829,43.12071]]]]}},{"type":"Feature","properties":{"fid":60,"Layer":"9 - ценная историческая застройка советский период","PaperSpace":null,"SubClasses":"AcDbEntity:AcDbPolyline","Linetype":"ByLayer","EntityHandle":"B9E","Text":null,"ogr_style":"PEN(c:#000000)","font":null,"angle":null,"size":null,"size_u":null,"anchor":null,"color":"#000000","underline":null,"plaintext":null,"fcolor":null,"flnum":null,"bold":null,"italic":null,"dx":null,"dx_u":null,"dy":null,"dy_u":null},"geometry":{"type":"MultiPolygon","coordinates":[[[[131.892561,43.123943],[131.892684,43.123858],[131.892622,43.123808],[131.892607,43.123818],[131.892439,43.123694],[131.892453,43.123684],[131.892387,43.123636],[131.892266,43.123723],[131.892561,43.123943]]]]}},{"type":"Feature","properties":{"fid":61,"Layer":"9 - ценная историческая застройка советский период","PaperSpace":null,"SubClasses":"AcDbEntity:AcDbPolyline","Linetype":"ByLayer","EntityHandle":"BA0","Text":null,"ogr_style":"PEN(c:#000000)","font":null,"angle":null,"size":null,"size_u":null,"anchor":null,"color":"#000000","underline":null,"plaintext":null,"fcolor":null,"flnum":null,"bold":null,"italic":null,"dx":null,"dx_u":null,"dy":null,"dy_u":null},"geometry":{"type":"MultiPolygon","coordinates":[[[[131.893167,43.124072],[131.893089,43.124037],[131.89308,43.124048],[131.892881,43.123959],[131.89289,43.123948],[131.892813,43.123914],[131.892723,43.124017],[131.893081,43.124179],[131.893167,43.124072]]]]}},{"type":"Feature","properties":{"fid":62,"Layer":"9 - ценная историческая застройка советский период","PaperSpace":null,"SubClasses":"AcDbEntity:AcDbPolyline","Linetype":"ByLayer","EntityHandle":"BA2","Text":null,"ogr_style":"PEN(c:#000000)","font":null,"angle":null,"size":null,"size_u":null,"anchor":null,"color":"#000000","underline":null,"plaintext":null,"fcolor":null,"flnum":null,"bold":null,"italic":null,"dx":null,"dx_u":null,"dy":null,"dy_u":null},"geometry":{"type":"MultiPolygon","coordinates":[[[[131.892792,43.123589],[131.892688,43.123688],[131.893023,43.123876],[131.893126,43.123778],[131.893053,43.123737],[131.893043,43.123746],[131.892854,43.12364],[131.892865,43.12363],[131.892792,43.123589]]]]}},{"type":"Feature","properties":{"fid":63,"Layer":"9 - ценная историческая застройка советский период","PaperSpace":null,"SubClasses":"AcDbEntity:AcDbPolyline","Linetype":"ByLayer","EntityHandle":"BA4","Text":null,"ogr_style":"PEN(c:#000000)","font":null,"angle":null,"size":null,"size_u":null,"anchor":null,"color":"#000000","underline":null,"plaintext":null,"fcolor":null,"flnum":null,"bold":null,"italic":null,"dx":null,"dx_u":null,"dy":null,"dy_u":null},"geometry":{"type":"MultiPolygon","coordinates":[[[[131.893627,43.124658],[131.893722,43.124547],[131.893193,43.124297],[131.893097,43.124405],[131.893627,43.124658]]]]}},{"type":"Feature","properties":{"fid":64,"Layer":"9 - ценная историческая застройка советский период","PaperSpace":null,"SubClasses":"AcDbEntity:AcDbPolyline","Linetype":"ByLayer","EntityHandle":"BA6","Text":null,"ogr_style":"PEN(c:#000000)","font":null,"angle":null,"size":null,"size_u":null,"anchor":null,"color":"#000000","underline":null,"plaintext":null,"fcolor":null,"flnum":null,"bold":null,"italic":null,"dx":null,"dx_u":null,"dy":null,"dy_u":null},"geometry":{"type":"MultiPolygon","coordinates":[[[[131.893763,43.124723],[131.894178,43.124904],[131.894285,43.124766],[131.894168,43.124716],[131.894153,43.124735],[131.893972,43.124657],[131.893988,43.124638],[131.893871,43.124587],[131.893761,43.124722],[131.893763,43.124723]]]]}},{"type":"Feature","properties":{"fid":65,"Layer":"9 - ценная историческая застройка советский период","PaperSpace":null,"SubClasses":"AcDbEntity:AcDbPolyline","Linetype":"ByLayer","EntityHandle":"BA8","Text":null,"ogr_style":"PEN(c:#000000)","font":null,"angle":null,"size":null,"size_u":null,"anchor":null,"color":"#000000","underline":null,"plaintext":null,"fcolor":null,"flnum":null,"bold":null,"italic":null,"dx":null,"dx_u":null,"dy":null,"dy_u":null},"geometry":{"type":"MultiPolygon","coordinates":[[[[131.889365,43.122859],[131.889326,43.122753],[131.889123,43.122797],[131.889168,43.122903],[131.889365,43.122859]]]]}},{"type":"Feature","properties":{"fid":66,"Layer":"9 - ценная историческая застройка советский период","PaperSpace":null,"SubClasses":"AcDbEntity:AcDbPolyline","Linetype":"ByLayer","EntityHandle":"BAA","Text":null,"ogr_style":"PEN(c:#000000)","font":null,"angle":null,"size":null,"size_u":null,"anchor":null,"color":"#000000","underline":null,"plaintext":null,"fcolor":null,"flnum":null,"bold":null,"italic":null,"dx":null,"dx_u":null,"dy":null,"dy_u":null},"geometry":{"type":"MultiPolygon","coordinates":[[[[131.889462,43.122838],[131.88966,43.1228],[131.88962,43.122694],[131.889423,43.122732],[131.889462,43.122838]]]]}},{"type":"Feature","properties":{"fid":67,"Layer":"9 - ценная историческая застройка советский период","PaperSpace":null,"SubClasses":"AcDbEntity:AcDbPolyline","Linetype":"ByLayer","EntityHandle":"BAC","Text":null,"ogr_style":"PEN(c:#000000)","font":null,"angle":null,"size":null,"size_u":null,"anchor":null,"color":"#000000","underline":null,"plaintext":null,"fcolor":null,"flnum":null,"bold":null,"italic":null,"dx":null,"dx_u":null,"dy":null,"dy_u":null},"geometry":{"type":"MultiPolygon","coordinates":[[[[131.890044,43.12312],[131.890215,43.123085],[131.890145,43.122905],[131.889974,43.122941],[131.890044,43.12312]]]]}},{"type":"Feature","properties":{"fid":68,"Layer":"9 - ценная историческая застройка советский период","PaperSpace":null,"SubClasses":"AcDbEntity:AcDbPolyline","Linetype":"ByLayer","EntityHandle":"BAE","Text":null,"ogr_style":"PEN(c:#000000)","font":null,"angle":null,"size":null,"size_u":null,"anchor":null,"color":"#000000","underline":null,"plaintext":null,"fcolor":null,"flnum":null,"bold":null,"italic":null,"dx":null,"dx_u":null,"dy":null,"dy_u":null},"geometry":{"type":"MultiPolygon","coordinates":[[[[131.911351,43.114334],[131.911122,43.114389],[131.911162,43.114473],[131.911259,43.114452],[131.911314,43.114572],[131.911155,43.114611],[131.911185,43.114679],[131.911343,43.11464],[131.911399,43.114762],[131.911311,43.114783],[131.911351,43.114871],[131.911571,43.114817],[131.911351,43.114334]]]]}},{"type":"Feature","properties":{"fid":69,"Layer":"9 - ценная историческая застройка советский период","PaperSpace":null,"SubClasses":"AcDbEntity:AcDbPolyline","Linetype":"ByLayer","EntityHandle":"BB0","Text":null,"ogr_style":"PEN(c:#000000)","font":null,"angle":null,"size":null,"size_u":null,"anchor":null,"color":"#000000","underline":null,"plaintext":null,"fcolor":null,"flnum":null,"bold":null,"italic":null,"dx":null,"dx_u":null,"dy":null,"dy_u":null},"geometry":{"type":"MultiPolygon","coordinates":[[[[131.878724,43.111552],[131.878749,43.111625],[131.878768,43.111622],[131.878824,43.111792],[131.878816,43.111794],[131.878828,43.111832],[131.878836,43.11183],[131.87885,43.111873],[131.878996,43.111847],[131.878972,43.111781],[131.878945,43.1117],[131.878949,43.111699],[131.878936,43.111656],[131.878944,43.111655],[131.878939,43.111641],[131.878931,43.111642],[131.878909,43.111574],[131.878916,43.111573],[131.878913,43.111561],[131.878903,43.111562],[131.878892,43.111522],[131.878724,43.111552]]]]}},{"type":"Feature","properties":{"fid":70,"Layer":"9 - ценная историческая застройка советский период","PaperSpace":null,"SubClasses":"AcDbEntity:AcDbPolyline","Linetype":"ByLayer","EntityHandle":"BB2","Text":null,"ogr_style":"PEN(c:#000000)","font":null,"angle":null,"size":null,"size_u":null,"anchor":null,"color":"#000000","underline":null,"plaintext":null,"fcolor":null,"flnum":null,"bold":null,"italic":null,"dx":null,"dx_u":null,"dy":null,"dy_u":null},"geometry":{"type":"MultiPolygon","coordinates":[[[[131.878861,43.111909],[131.878875,43.111951],[131.878872,43.111952],[131.878887,43.111995],[131.87889,43.111994],[131.878956,43.112172],[131.878979,43.112235],[131.879128,43.112206],[131.879111,43.112161],[131.879118,43.11216],[131.879114,43.11215],[131.879107,43.112151],[131.879084,43.112086],[131.879091,43.112084],[131.879087,43.112071],[131.879081,43.112072],[131.879007,43.111881],[131.878861,43.111909]]]]}},{"type":"Feature","properties":{"fid":71,"Layer":"9 - ценная историческая застройка советский период","PaperSpace":null,"SubClasses":"AcDbEntity:AcDbPolyline","Linetype":"ByLayer","EntityHandle":"BB4","Text":null,"ogr_style":"PEN(c:#000000)","font":null,"angle":null,"size":null,"size_u":null,"anchor":null,"color":"#000000","underline":null,"plaintext":null,"fcolor":null,"flnum":null,"bold":null,"italic":null,"dx":null,"dx_u":null,"dy":null,"dy_u":null},"geometry":{"type":"MultiPolygon","coordinates":[[[[131.878127,43.115216],[131.8783,43.115329],[131.878253,43.115371],[131.878351,43.115431],[131.878479,43.115317],[131.878228,43.115158],[131.878241,43.115145],[131.878218,43.115132],[131.878127,43.115216]]]]}},{"type":"Feature","properties":{"fid":72,"Layer":"9 - ценная историческая застройка советский период","PaperSpace":null,"SubClasses":"AcDbEntity:AcDbPolyline","Linetype":"ByLayer","EntityHandle":"BB6","Text":null,"ogr_style":"PEN(c:#000000)","font":null,"angle":null,"size":null,"size_u":null,"anchor":null,"color":"#000000","underline":null,"plaintext":null,"fcolor":null,"flnum":null,"bold":null,"italic":null,"dx":null,"dx_u":null,"dy":null,"dy_u":null},"geometry":{"type":"MultiPolygon","coordinates":[[[[131.88495,43.120463],[131.884899,43.120334],[131.884378,43.120436],[131.884428,43.120567],[131.88495,43.120463]]]]}},{"type":"Feature","properties":{"fid":73,"Layer":"9 - ценная историческая застройка советский период","PaperSpace":null,"SubClasses":"AcDbEntity:AcDbPolyline","Linetype":"ByLayer","EntityHandle":"BB8","Text":null,"ogr_style":"PEN(c:#000000)","font":null,"angle":null,"size":null,"size_u":null,"anchor":null,"color":"#000000","underline":null,"plaintext":null,"fcolor":null,"flnum":null,"bold":null,"italic":null,"dx":null,"dx_u":null,"dy":null,"dy_u":null},"geometry":{"type":"MultiPolygon","coordinates":[[[[131.887198,43.121302],[131.887326,43.121275],[131.887252,43.121073],[131.887138,43.121096],[131.887135,43.121088],[131.887081,43.1211],[131.887084,43.121107],[131.886693,43.121181],[131.886747,43.121327],[131.886798,43.121319],[131.886803,43.121331],[131.886822,43.121327],[131.886817,43.121316],[131.886856,43.121308],[131.886861,43.121321],[131.886917,43.12131],[131.886912,43.121295],[131.887133,43.121256],[131.887138,43.12127],[131.887184,43.121261],[131.887198,43.121302]]]]}},{"type":"Feature","properties":{"fid":74,"Layer":"9 - ценная историческая застройка советский период","PaperSpace":null,"SubClasses":"AcDbEntity:AcDbPolyline","Linetype":"ByLayer","EntityHandle":"BBA","Text":null,"ogr_style":"PEN(c:#000000)","font":null,"angle":null,"size":null,"size_u":null,"anchor":null,"color":"#000000","underline":null,"plaintext":null,"fcolor":null,"flnum":null,"bold":null,"italic":null,"dx":null,"dx_u":null,"dy":null,"dy_u":null},"geometry":{"type":"MultiPolygon","coordinates":[[[[131.912562,43.114474],[131.912616,43.114599],[131.913021,43.114498],[131.912965,43.114379],[131.912562,43.114474]]]]}},{"type":"Feature","properties":{"fid":75,"Layer":"9 - ценная историческая застройка советский период","PaperSpace":null,"SubClasses":"AcDbEntity:AcDbPolyline","Linetype":"ByLayer","EntityHandle":"BBC","Text":null,"ogr_style":"PEN(c:#000000)","font":null,"angle":null,"size":null,"size_u":null,"anchor":null,"color":"#000000","underline":null,"plaintext":null,"fcolor":null,"flnum":null,"bold":null,"italic":null,"dx":null,"dx_u":null,"dy":null,"dy_u":null},"geometry":{"type":"MultiPolygon","coordinates":[[[[131.887469,43.123235],[131.887422,43.123111],[131.886863,43.12322],[131.886908,43.123345],[131.887469,43.123235]]]]}},{"type":"Feature","properties":{"fid":76,"Layer":"9 - ценная историческая застройка советский период","PaperSpace":null,"SubClasses":"AcDbEntity:AcDbPolyline","Linetype":"ByLayer","EntityHandle":"BBE","Text":null,"ogr_style":"PEN(c:#000000)","font":null,"angle":null,"size":null,"size_u":null,"anchor":null,"color":"#000000","underline":null,"plaintext":null,"fcolor":null,"flnum":null,"bold":null,"italic":null,"dx":null,"dx_u":null,"dy":null,"dy_u":null},"geometry":{"type":"MultiPolygon","coordinates":[[[[131.884996,43.118076],[131.884665,43.11814],[131.884708,43.118262],[131.884796,43.118245],[131.885042,43.118196],[131.884996,43.118076]]]]}},{"type":"Feature","properties":{"fid":77,"Layer":"9 - ценная историческая застройка советский период","PaperSpace":null,"SubClasses":"AcDbEntity:AcDbPolyline","Linetype":"ByLayer","EntityHandle":"BC0","Text":null,"ogr_style":"PEN(c:#000000)","font":null,"angle":null,"size":null,"size_u":null,"anchor":null,"color":"#000000","underline":null,"plaintext":null,"fcolor":null,"flnum":null,"bold":null,"italic":null,"dx":null,"dx_u":null,"dy":null,"dy_u":null},"geometry":{"type":"MultiPolygon","coordinates":[[[[131.889088,43.117061],[131.889203,43.117386],[131.889424,43.117435],[131.889474,43.117309],[131.889328,43.117278],[131.889317,43.117247],[131.889334,43.117244],[131.889258,43.117029],[131.889088,43.117061]]]]}},{"type":"Feature","properties":{"fid":78,"Layer":"9 - ценная историческая застройка советский период","PaperSpace":null,"SubClasses":"AcDbEntity:AcDbPolyline","Linetype":"ByLayer","EntityHandle":"BC2","Text":null,"ogr_style":"PEN(c:#000000)","font":null,"angle":null,"size":null,"size_u":null,"anchor":null,"color":"#000000","underline":null,"plaintext":null,"fcolor":null,"flnum":null,"bold":null,"italic":null,"dx":null,"dx_u":null,"dy":null,"dy_u":null},"geometry":{"type":"MultiPolygon","coordinates":[[[[131.924751,43.111206],[131.924894,43.111191],[131.924847,43.110966],[131.924715,43.110984],[131.924751,43.111206]]]]}},{"type":"Feature","properties":{"fid":79,"Layer":"9 - ценная историческая застройка советский период","PaperSpace":null,"SubClasses":"AcDbEntity:AcDbPolyline","Linetype":"ByLayer","EntityHandle":"BC4","Text":null,"ogr_style":"PEN(c:#000000)","font":null,"angle":null,"size":null,"size_u":null,"anchor":null,"color":"#000000","underline":null,"plaintext":null,"fcolor":null,"flnum":null,"bold":null,"italic":null,"dx":null,"dx_u":null,"dy":null,"dy_u":null},"geometry":{"type":"MultiPolygon","coordinates":[[[[131.880179,43.112235],[131.879576,43.11235],[131.879651,43.112572],[131.87972,43.112558],[131.879779,43.112546],[131.879776,43.112537],[131.879787,43.112535],[131.879783,43.112524],[131.879772,43.112526],[131.879755,43.112474],[131.879936,43.11244],[131.879933,43.112429],[131.880231,43.112373],[131.880179,43.112235]]]]}},{"type":"Feature","properties":{"fid":80,"Layer":"9 - ценная историческая застройка советский период","PaperSpace":null,"SubClasses":"AcDbEntity:AcDbPolyline","Linetype":"ByLayer","EntityHandle":"BC6","Text":null,"ogr_style":"PEN(c:#000000)","font":null,"angle":null,"size":null,"size_u":null,"anchor":null,"color":"#000000","underline":null,"plaintext":null,"fcolor":null,"flnum":null,"bold":null,"italic":null,"dx":null,"dx_u":null,"dy":null,"dy_u":null},"geometry":{"type":"MultiPolygon","coordinates":[[[[131.934958,43.110548],[131.934913,43.110507],[131.934811,43.11056],[131.934841,43.110591],[131.934832,43.11062],[131.934816,43.110639],[131.934132,43.110971],[131.934141,43.11098],[131.934093,43.111004],[131.934167,43.11108],[131.934249,43.111041],[131.934257,43.111051],[131.934339,43.111008],[131.934331,43.111],[131.934457,43.11094],[131.934465,43.110949],[131.934565,43.1109],[131.934557,43.110892],[131.934694,43.110826],[131.934704,43.110835],[131.934798,43.110788],[131.93479,43.11078],[131.934918,43.110716],[131.934928,43.110727],[131.934999,43.110688],[131.93495,43.110638],[131.93495,43.110625],[131.935019,43.110587],[131.934971,43.110541],[131.934958,43.110548]]]]}},{"type":"Feature","properties":{"fid":81,"Layer":"9 - ценная историческая застройка советский период","PaperSpace":null,"SubClasses":"AcDbEntity:AcDbPolyline","Linetype":"ByLayer","EntityHandle":"BC8","Text":null,"ogr_style":"PEN(c:#000000)","font":null,"angle":null,"size":null,"size_u":null,"anchor":null,"color":"#000000","underline":null,"plaintext":null,"fcolor":null,"flnum":null,"bold":null,"italic":null,"dx":null,"dx_u":null,"dy":null,"dy_u":null},"geometry":{"type":"MultiPolygon","coordinates":[[[[131.881731,43.113837],[131.881841,43.114148],[131.88201,43.114116],[131.8819,43.113805],[131.881731,43.113837]]]]}},{"type":"Feature","properties":{"fid":82,"Layer":"9 - ценная историческая застройка советский период","PaperSpace":null,"SubClasses":"AcDbEntity:AcDbPolyline","Linetype":"ByLayer","EntityHandle":"BCA","Text":null,"ogr_style":"PEN(c:#000000)","font":null,"angle":null,"size":null,"size_u":null,"anchor":null,"color":"#000000","underline":null,"plaintext":null,"fcolor":null,"flnum":null,"bold":null,"italic":null,"dx":null,"dx_u":null,"dy":null,"dy_u":null},"geometry":{"type":"MultiPolygon","coordinates":[[[[131.882192,43.115118],[131.88236,43.115086],[131.882276,43.114844],[131.882216,43.114855],[131.882211,43.114841],[131.882103,43.114861],[131.882192,43.115118]]]]}},{"type":"Feature","properties":{"fid":83,"Layer":"9 - ценная историческая застройка советский период","PaperSpace":null,"SubClasses":"AcDbEntity:AcDbPolyline","Linetype":"ByLayer","EntityHandle":"BCC","Text":null,"ogr_style":"PEN(c:#000000)","font":null,"angle":null,"size":null,"size_u":null,"anchor":null,"color":"#000000","underline":null,"plaintext":null,"fcolor":null,"flnum":null,"bold":null,"italic":null,"dx":null,"dx_u":null,"dy":null,"dy_u":null},"geometry":{"type":"MultiPolygon","coordinates":[[[[131.908341,43.116975],[131.908753,43.116862],[131.908723,43.116803],[131.908668,43.116816],[131.90865,43.116778],[131.90829,43.116873],[131.908341,43.116975]]]]}},{"type":"Feature","properties":{"fid":84,"Layer":"9 - ценная историческая застройка советский период","PaperSpace":null,"SubClasses":"AcDbEntity:AcDbPolyline","Linetype":"ByLayer","EntityHandle":"BCE","Text":null,"ogr_style":"PEN(c:#000000)","font":null,"angle":null,"size":null,"size_u":null,"anchor":null,"color":"#000000","underline":null,"plaintext":null,"fcolor":null,"flnum":null,"bold":null,"italic":null,"dx":null,"dx_u":null,"dy":null,"dy_u":null},"geometry":{"type":"MultiPolygon","coordinates":[[[[131.924332,43.115172],[131.924032,43.115007],[131.923938,43.115102],[131.924236,43.115266],[131.924244,43.115258],[131.924332,43.115172]]]]}},{"type":"Feature","properties":{"fid":85,"Layer":"9 - ценная историческая застройка советский период","PaperSpace":null,"SubClasses":"AcDbEntity:AcDbPolyline","Linetype":"ByLayer","EntityHandle":"BD0","Text":null,"ogr_style":"PEN(c:#000000)","font":null,"angle":null,"size":null,"size_u":null,"anchor":null,"color":"#000000","underline":null,"plaintext":null,"fcolor":null,"flnum":null,"bold":null,"italic":null,"dx":null,"dx_u":null,"dy":null,"dy_u":null},"geometry":{"type":"MultiPolygon","coordinates":[[[[131.924487,43.115407],[131.924802,43.115556],[131.92489,43.115461],[131.924575,43.115308],[131.924487,43.115407]]]]}},{"type":"Feature","properties":{"fid":86,"Layer":"9 - ценная историческая застройка советский период","PaperSpace":null,"SubClasses":"AcDbEntity:AcDbPolyline","Linetype":"ByLayer","EntityHandle":"BD2","Text":null,"ogr_style":"PEN(c:#000000)","font":null,"angle":null,"size":null,"size_u":null,"anchor":null,"color":"#000000","underline":null,"plaintext":null,"fcolor":null,"flnum":null,"bold":null,"italic":null,"dx":null,"dx_u":null,"dy":null,"dy_u":null},"geometry":{"type":"MultiPolygon","coordinates":[[[[131.892425,43.115039],[131.892353,43.115054],[131.892512,43.115519],[131.892209,43.11558],[131.892255,43.115709],[131.892581,43.115645],[131.892741,43.115615],[131.892726,43.11557],[131.892738,43.115568],[131.8927,43.115458],[131.892687,43.11546],[131.892535,43.115019],[131.892425,43.115039]]]]}},{"type":"Feature","properties":{"fid":87,"Layer":"9 - ценная историческая застройка советский период","PaperSpace":null,"SubClasses":"AcDbEntity:AcDbPolyline","Linetype":"ByLayer","EntityHandle":"BD4","Text":null,"ogr_style":"PEN(c:#000000)","font":null,"angle":null,"size":null,"size_u":null,"anchor":null,"color":"#000000","underline":null,"plaintext":null,"fcolor":null,"flnum":null,"bold":null,"italic":null,"dx":null,"dx_u":null,"dy":null,"dy_u":null},"geometry":{"type":"MultiPolygon","coordinates":[[[[131.891458,43.121096],[131.891397,43.120907],[131.891475,43.120893],[131.891441,43.120789],[131.891288,43.120816],[131.891315,43.120893],[131.891238,43.120907],[131.891319,43.121144],[131.891406,43.121129],[131.891431,43.121209],[131.891569,43.121184],[131.891536,43.121082],[131.891458,43.121096]]]]}},{"type":"Feature","properties":{"fid":88,"Layer":"9 - ценная историческая застройка советский период","PaperSpace":null,"SubClasses":"AcDbEntity:AcDbPolyline","Linetype":"ByLayer","EntityHandle":"BD6","Text":null,"ogr_style":"PEN(c:#000000)","font":null,"angle":null,"size":null,"size_u":null,"anchor":null,"color":"#000000","underline":null,"plaintext":null,"fcolor":null,"flnum":null,"bold":null,"italic":null,"dx":null,"dx_u":null,"dy":null,"dy_u":null},"geometry":{"type":"MultiPolygon","coordinates":[[[[131.924354,43.113048],[131.924505,43.113046],[131.924503,43.112771],[131.924345,43.112769],[131.924354,43.113048]]]]}},{"type":"Feature","properties":{"fid":89,"Layer":"9 - ценная историческая застройка советский период","PaperSpace":null,"SubClasses":"AcDbEntity:AcDbPolyline","Linetype":"ByLayer","EntityHandle":"BD8","Text":null,"ogr_style":"PEN(c:#000000)","font":null,"angle":null,"size":null,"size_u":null,"anchor":null,"color":"#000000","underline":null,"plaintext":null,"fcolor":null,"flnum":null,"bold":null,"italic":null,"dx":null,"dx_u":null,"dy":null,"dy_u":null},"geometry":{"type":"MultiPolygon","coordinates":[[[[131.92451,43.114263],[131.924512,43.113989],[131.924436,43.113989],[131.924354,43.113988],[131.924351,43.114262],[131.92451,43.114263]]]]}},{"type":"Feature","properties":{"fid":90,"Layer":"9 - ценная историческая застройка советский период","PaperSpace":null,"SubClasses":"AcDbEntity:AcDbPolyline","Linetype":"ByLayer","EntityHandle":"BDA","Text":null,"ogr_style":"PEN(c:#000000)","font":null,"angle":null,"size":null,"size_u":null,"anchor":null,"color":"#000000","underline":null,"plaintext":null,"fcolor":null,"flnum":null,"bold":null,"italic":null,"dx":null,"dx_u":null,"dy":null,"dy_u":null},"geometry":{"type":"MultiPolygon","coordinates":[[[[131.923491,43.113471],[131.923623,43.113533],[131.923641,43.113513],[131.924001,43.113683],[131.923984,43.113702],[131.924102,43.113757],[131.924202,43.113627],[131.923597,43.113352],[131.923491,43.113471]]]]}},{"type":"Feature","properties":{"fid":91,"Layer":"9 - ценная историческая застройка советский период","PaperSpace":null,"SubClasses":"AcDbEntity:AcDbPolyline","Linetype":"ByLayer","EntityHandle":"BDC","Text":null,"ogr_style":"PEN(c:#000000)","font":null,"angle":null,"size":null,"size_u":null,"anchor":null,"color":"#000000","underline":null,"plaintext":null,"fcolor":null,"flnum":null,"bold":null,"italic":null,"dx":null,"dx_u":null,"dy":null,"dy_u":null},"geometry":{"type":"MultiPolygon","coordinates":[[[[131.923452,43.113004],[131.923752,43.113149],[131.92384,43.113051],[131.923543,43.112907],[131.923452,43.113004]]]]}},{"type":"Feature","properties":{"fid":92,"Layer":"9 - ценная историческая застройка советский период","PaperSpace":null,"SubClasses":"AcDbEntity:AcDbPolyline","Linetype":"ByLayer","EntityHandle":"BDE","Text":null,"ogr_style":"PEN(c:#000000)","font":null,"angle":null,"size":null,"size_u":null,"anchor":null,"color":"#000000","underline":null,"plaintext":null,"fcolor":null,"flnum":null,"bold":null,"italic":null,"dx":null,"dx_u":null,"dy":null,"dy_u":null},"geometry":{"type":"MultiPolygon","coordinates":[[[[131.92387,43.113208],[131.924187,43.113345],[131.924266,43.113247],[131.923949,43.11311],[131.92387,43.113208]]]]}},{"type":"Feature","properties":{"fid":93,"Layer":"9 - ценная историческая застройка советский период","PaperSpace":null,"SubClasses":"AcDbEntity:AcDbPolyline","Linetype":"ByLayer","EntityHandle":"BE0","Text":null,"ogr_style":"PEN(c:#000000)","font":null,"angle":null,"size":null,"size_u":null,"anchor":null,"color":"#000000","underline":null,"plaintext":null,"fcolor":null,"flnum":null,"bold":null,"italic":null,"dx":null,"dx_u":null,"dy":null,"dy_u":null},"geometry":{"type":"MultiPolygon","coordinates":[[[[131.907629,43.115579],[131.90771,43.115741],[131.907697,43.115744],[131.907715,43.11578],[131.907854,43.11574],[131.907855,43.115742],[131.907878,43.115735],[131.907758,43.115497],[131.907622,43.11554],[131.907621,43.115537],[131.907593,43.115545],[131.907613,43.115583],[131.907629,43.115579]]]]}},{"type":"Feature","properties":{"fid":94,"Layer":"9 - ценная историческая застройка советский период","PaperSpace":null,"SubClasses":"AcDbEntity:AcDbPolyline","Linetype":"ByLayer","EntityHandle":"BE2","Text":null,"ogr_style":"PEN(c:#000000)","font":null,"angle":null,"size":null,"size_u":null,"anchor":null,"color":"#000000","underline":null,"plaintext":null,"fcolor":null,"flnum":null,"bold":null,"italic":null,"dx":null,"dx_u":null,"dy":null,"dy_u":null},"geometry":{"type":"MultiPolygon","coordinates":[[[[131.894228,43.115313],[131.894192,43.115212],[131.893881,43.11527],[131.893718,43.114802],[131.89354,43.114835],[131.893599,43.115003],[131.893645,43.115139],[131.893695,43.115281],[131.893685,43.115283],[131.893723,43.115387],[131.893731,43.115385],[131.893749,43.115434],[131.894003,43.115387],[131.894142,43.115362],[131.894239,43.115343],[131.894228,43.115313]]]]}},{"type":"Feature","properties":{"fid":95,"Layer":"9 - ценная историческая застройка советский период","PaperSpace":null,"SubClasses":"AcDbEntity:AcDbPolyline","Linetype":"ByLayer","EntityHandle":"BE4","Text":null,"ogr_style":"PEN(c:#000000)","font":null,"angle":null,"size":null,"size_u":null,"anchor":null,"color":"#000000","underline":null,"plaintext":null,"fcolor":null,"flnum":null,"bold":null,"italic":null,"dx":null,"dx_u":null,"dy":null,"dy_u":null},"geometry":{"type":"MultiPolygon","coordinates":[[[[131.876733,43.125273],[131.876801,43.125393],[131.876863,43.125373],[131.876862,43.125366],[131.87706,43.125304],[131.87707,43.12532],[131.877141,43.125297],[131.877132,43.125281],[131.877327,43.12522],[131.87733,43.125226],[131.877398,43.125204],[131.877328,43.125085],[131.87707,43.125166],[131.877067,43.125162],[131.876987,43.125187],[131.876989,43.125191],[131.876733,43.125273]]]]}},{"type":"Feature","properties":{"fid":96,"Layer":"9 - ценная историческая застройка советский период","PaperSpace":null,"SubClasses":"AcDbEntity:AcDbPolyline","Linetype":"ByLayer","EntityHandle":"BE6","Text":null,"ogr_style":"PEN(c:#000000)","font":null,"angle":null,"size":null,"size_u":null,"anchor":null,"color":"#000000","underline":null,"plaintext":null,"fcolor":null,"flnum":null,"bold":null,"italic":null,"dx":null,"dx_u":null,"dy":null,"dy_u":null},"geometry":{"type":"MultiPolygon","coordinates":[[[[131.876735,43.124549],[131.876734,43.12467],[131.87677,43.12467],[131.876768,43.124963],[131.876729,43.124963],[131.876729,43.125083],[131.876935,43.125084],[131.876934,43.12504],[131.876951,43.125031],[131.876951,43.125007],[131.876934,43.124998],[131.876938,43.12487],[131.876954,43.124862],[131.876954,43.124838],[131.876938,43.124831],[131.876938,43.124803],[131.876953,43.124794],[131.876954,43.124772],[131.876936,43.124764],[131.876939,43.124637],[131.876955,43.124629],[131.876956,43.124607],[131.876938,43.124598],[131.876939,43.12455],[131.876735,43.124549]]]]}},{"type":"Feature","properties":{"fid":97,"Layer":"9 - ценная историческая застройка советский период","PaperSpace":null,"SubClasses":"AcDbEntity:AcDbPolyline","Linetype":"ByLayer","EntityHandle":"BE8","Text":null,"ogr_style":"PEN(c:#000000)","font":null,"angle":null,"size":null,"size_u":null,"anchor":null,"color":"#000000","underline":null,"plaintext":null,"fcolor":null,"flnum":null,"bold":null,"italic":null,"dx":null,"dx_u":null,"dy":null,"dy_u":null},"geometry":{"type":"MultiPolygon","coordinates":[[[[131.877189,43.124257],[131.876743,43.124335],[131.876777,43.124436],[131.877223,43.124357],[131.877189,43.124257]]]]}},{"type":"Feature","properties":{"fid":98,"Layer":"9 - ценная историческая застройка советский период","PaperSpace":null,"SubClasses":"AcDbEntity:AcDbPolyline","Linetype":"ByLayer","EntityHandle":"BEA","Text":null,"ogr_style":"PEN(c:#000000)","font":null,"angle":null,"size":null,"size_u":null,"anchor":null,"color":"#000000","underline":null,"plaintext":null,"fcolor":null,"flnum":null,"bold":null,"italic":null,"dx":null,"dx_u":null,"dy":null,"dy_u":null},"geometry":{"type":"MultiPolygon","coordinates":[[[[131.877277,43.124359],[131.877471,43.124328],[131.877516,43.124469],[131.877677,43.124441],[131.877593,43.124185],[131.87724,43.124247],[131.877277,43.124359]]]]}},{"type":"Feature","properties":{"fid":99,"Layer":"9 - ценная историческая застройка советский период","PaperSpace":null,"SubClasses":"AcDbEntity:AcDbPolyline","Linetype":"ByLayer","EntityHandle":"BEC","Text":null,"ogr_style":"PEN(c:#000000)","font":null,"angle":null,"size":null,"size_u":null,"anchor":null,"color":"#000000","underline":null,"plaintext":null,"fcolor":null,"flnum":null,"bold":null,"italic":null,"dx":null,"dx_u":null,"dy":null,"dy_u":null},"geometry":{"type":"MultiPolygon","coordinates":[[[[131.877933,43.124247],[131.87821,43.124203],[131.87821,43.124205],[131.878338,43.124184],[131.878352,43.124224],[131.878501,43.124198],[131.87845,43.124045],[131.878392,43.124056],[131.87821,43.124086],[131.878191,43.12409],[131.878189,43.124084],[131.878037,43.12411],[131.878038,43.124116],[131.877898,43.12414],[131.877933,43.124247]]]]}},{"type":"Feature","properties":{"fid":100,"Layer":"9 - ценная историческая застройка советский период","PaperSpace":null,"SubClasses":"AcDbEntity:AcDbPolyline","Linetype":"ByLayer","EntityHandle":"BEE","Text":null,"ogr_style":"PEN(c:#000000)","font":null,"angle":null,"size":null,"size_u":null,"anchor":null,"color":"#000000","underline":null,"plaintext":null,"fcolor":null,"flnum":null,"bold":null,"italic":null,"dx":null,"dx_u":null,"dy":null,"dy_u":null},"geometry":{"type":"MultiPolygon","coordinates":[[[[131.885554,43.118398],[131.885632,43.118616],[131.885848,43.118572],[131.885818,43.118493],[131.885746,43.118507],[131.885701,43.118384],[131.88585,43.118357],[131.885869,43.118411],[131.886002,43.118386],[131.88598,43.118328],[131.885966,43.118292],[131.885972,43.11829],[131.88595,43.11823],[131.885746,43.118269],[131.885729,43.118272],[131.885693,43.118279],[131.885681,43.118281],[131.885524,43.118312],[131.885554,43.118398]]]]}},{"type":"Feature","properties":{"fid":101,"Layer":"9 - ценная историческая застройка советский период","PaperSpace":null,"SubClasses":"AcDbEntity:AcDbPolyline","Linetype":"ByLayer","EntityHandle":"BF0","Text":null,"ogr_style":"PEN(c:#000000)","font":null,"angle":null,"size":null,"size_u":null,"anchor":null,"color":"#000000","underline":null,"plaintext":null,"fcolor":null,"flnum":null,"bold":null,"italic":null,"dx":null,"dx_u":null,"dy":null,"dy_u":null},"geometry":{"type":"MultiPolygon","coordinates":[]}},{"type":"Feature","properties":{"fid":102,"Layer":"9 - ценная историческая застройка советский период","PaperSpace":null,"SubClasses":"AcDbEntity:AcDbPolyline","Linetype":"ByLayer","EntityHandle":"BF1","Text":null,"ogr_style":"PEN(c:#000000)","font":null,"angle":null,"size":null,"size_u":null,"anchor":null,"color":"#000000","underline":null,"plaintext":null,"fcolor":null,"flnum":null,"bold":null,"italic":null,"dx":null,"dx_u":null,"dy":null,"dy_u":null},"geometry":{"type":"MultiPolygon","coordinates":[]}},{"type":"Feature","properties":{"fid":103,"Layer":"9 - ценная историческая застройка советский период","PaperSpace":null,"SubClasses":"AcDbEntity:AcDbPolyline","Linetype":"ByLayer","EntityHandle":"BF2","Text":null,"ogr_style":"PEN(c:#000000)","font":null,"angle":null,"size":null,"size_u":null,"anchor":null,"color":"#000000","underline":null,"plaintext":null,"fcolor":null,"flnum":null,"bold":null,"italic":null,"dx":null,"dx_u":null,"dy":null,"dy_u":null},"geometry":{"type":"MultiPolygon","coordinates":[[[[131.912358,43.114334],[131.912193,43.114372],[131.912315,43.114673],[131.912478,43.114637],[131.912358,43.114334]]]]}},{"type":"Feature","properties":{"fid":104,"Layer":"9 - ценная историческая застройка советский период","PaperSpace":null,"SubClasses":"AcDbEntity:AcDbPolyline","Linetype":"ByLayer","EntityHandle":"BF4","Text":null,"ogr_style":"PEN(c:#000000)","font":null,"angle":null,"size":null,"size_u":null,"anchor":null,"color":"#000000","underline":null,"plaintext":null,"fcolor":null,"flnum":null,"bold":null,"italic":null,"dx":null,"dx_u":null,"dy":null,"dy_u":null},"geometry":{"type":"MultiPolygon","coordinates":[[[[131.910438,43.114398],[131.910779,43.114209],[131.910693,43.114126],[131.910344,43.114315],[131.910352,43.114321],[131.910357,43.114318],[131.910438,43.114398]]]]}},{"type":"Feature","properties":{"fid":105,"Layer":"9 - ценная историческая застройка советский период","PaperSpace":null,"SubClasses":"AcDbEntity:AcDbPolyline","Linetype":"ByLayer","EntityHandle":"BF6","Text":null,"ogr_style":"PEN(c:#000000)","font":null,"angle":null,"size":null,"size_u":null,"anchor":null,"color":"#000000","underline":null,"plaintext":null,"fcolor":null,"flnum":null,"bold":null,"italic":null,"dx":null,"dx_u":null,"dy":null,"dy_u":null},"geometry":{"type":"MultiPolygon","coordinates":[[[[131.909493,43.115258],[131.909361,43.115292],[131.909413,43.115402],[131.909501,43.115377],[131.909504,43.115383],[131.910087,43.115237],[131.910086,43.115232],[131.910174,43.11521],[131.910156,43.115169],[131.910151,43.115155],[131.910074,43.115173],[131.910046,43.115115],[131.909493,43.115258]]]]}},{"type":"Feature","properties":{"fid":106,"Layer":"9 - ценная историческая застройка советский период","PaperSpace":null,"SubClasses":"AcDbEntity:AcDbPolyline","Linetype":"ByLayer","EntityHandle":"BF8","Text":null,"ogr_style":"PEN(c:#000000)","font":null,"angle":null,"size":null,"size_u":null,"anchor":null,"color":"#000000","underline":null,"plaintext":null,"fcolor":null,"flnum":null,"bold":null,"italic":null,"dx":null,"dx_u":null,"dy":null,"dy_u":null},"geometry":{"type":"MultiPolygon","coordinates":[[[[131.897162,43.116866],[131.897214,43.116761],[131.897183,43.116754],[131.897241,43.11663],[131.897252,43.116607],[131.897252,43.116607],[131.897255,43.116601],[131.897254,43.1166],[131.897288,43.116528],[131.897147,43.116491],[131.897,43.116828],[131.897162,43.116866]]]]}},{"type":"Feature","properties":{"fid":107,"Layer":"9 - ценная историческая застройка советский период","PaperSpace":null,"SubClasses":"AcDbEntity:AcDbPolyline","Linetype":"ByLayer","EntityHandle":"BFA","Text":null,"ogr_style":"PEN(c:#000000)","font":null,"angle":null,"size":null,"size_u":null,"anchor":null,"color":"#000000","underline":null,"plaintext":null,"fcolor":null,"flnum":null,"bold":null,"italic":null,"dx":null,"dx_u":null,"dy":null,"dy_u":null},"geometry":{"type":"MultiPolygon","coordinates":[[[[131.887217,43.123949],[131.887387,43.123945],[131.887381,43.123761],[131.887209,43.123765],[131.887217,43.123949]]]]}},{"type":"Feature","properties":{"fid":108,"Layer":"9 - ценная историческая застройка советский период","PaperSpace":null,"SubClasses":"AcDbEntity:AcDbPolyline","Linetype":"ByLayer","EntityHandle":"BFC","Text":null,"ogr_style":"PEN(c:#000000)","font":null,"angle":null,"size":null,"size_u":null,"anchor":null,"color":"#000000","underline":null,"plaintext":null,"fcolor":null,"flnum":null,"bold":null,"italic":null,"dx":null,"dx_u":null,"dy":null,"dy_u":null},"geometry":{"type":"MultiPolygon","coordinates":[[[[131.886576,43.123731],[131.886543,43.123637],[131.886296,43.123683],[131.886328,43.123774],[131.886339,43.123807],[131.886586,43.123761],[131.886576,43.123731]]]]}},{"type":"Feature","properties":{"fid":109,"Layer":"9 - ценная историческая застройка советский период","PaperSpace":null,"SubClasses":"AcDbEntity:AcDbPolyline","Linetype":"ByLayer","EntityHandle":"BFE","Text":null,"ogr_style":"PEN(c:#000000)","font":null,"angle":null,"size":null,"size_u":null,"anchor":null,"color":"#000000","underline":null,"plaintext":null,"fcolor":null,"flnum":null,"bold":null,"italic":null,"dx":null,"dx_u":null,"dy":null,"dy_u":null},"geometry":{"type":"MultiPolygon","coordinates":[[[[131.886911,43.123564],[131.886663,43.123612],[131.886709,43.123739],[131.886858,43.123709],[131.886956,43.123688],[131.886953,43.12368],[131.886911,43.123564]]]]}},{"type":"Feature","properties":{"fid":110,"Layer":"9 - ценная историческая застройка советский период","PaperSpace":null,"SubClasses":"AcDbEntity:AcDbPolyline","Linetype":"ByLayer","EntityHandle":"C00","Text":null,"ogr_style":"PEN(c:#000000)","font":null,"angle":null,"size":null,"size_u":null,"anchor":null,"color":"#000000","underline":null,"plaintext":null,"fcolor":null,"flnum":null,"bold":null,"italic":null,"dx":null,"dx_u":null,"dy":null,"dy_u":null},"geometry":{"type":"MultiPolygon","coordinates":[[[[131.929191,43.11191],[131.929203,43.111803],[131.929108,43.111796],[131.929107,43.111784],[131.929046,43.111781],[131.929045,43.111793],[131.928875,43.111784],[131.928874,43.111769],[131.928812,43.111765],[131.92881,43.111778],[131.928716,43.111772],[131.928702,43.111879],[131.929191,43.11191]]]]}},{"type":"Feature","properties":{"fid":111,"Layer":"9 - ценная историческая застройка советский период","PaperSpace":null,"SubClasses":"AcDbEntity:AcDbPolyline","Linetype":"ByLayer","EntityHandle":"C02","Text":null,"ogr_style":"PEN(c:#000000)","font":null,"angle":null,"size":null,"size_u":null,"anchor":null,"color":"#000000","underline":null,"plaintext":null,"fcolor":null,"flnum":null,"bold":null,"italic":null,"dx":null,"dx_u":null,"dy":null,"dy_u":null},"geometry":{"type":"MultiPolygon","coordinates":[[[[131.929317,43.112018],[131.929787,43.112047],[131.929797,43.111944],[131.929327,43.111913],[131.929317,43.112018]]]]}},{"type":"Feature","properties":{"fid":112,"Layer":"9 - ценная историческая застройка советский период","PaperSpace":null,"SubClasses":"AcDbEntity:AcDbPolyline","Linetype":"ByLayer","EntityHandle":"C04","Text":null,"ogr_style":"PEN(c:#000000)","font":null,"angle":null,"size":null,"size_u":null,"anchor":null,"color":"#000000","underline":null,"plaintext":null,"fcolor":null,"flnum":null,"bold":null,"italic":null,"dx":null,"dx_u":null,"dy":null,"dy_u":null},"geometry":{"type":"MultiPolygon","coordinates":[[[[131.929915,43.111946],[131.930391,43.111977],[131.930404,43.111871],[131.929927,43.111841],[131.929915,43.111946]]]]}},{"type":"Feature","properties":{"fid":113,"Layer":"9 - ценная историческая застройка советский период","PaperSpace":null,"SubClasses":"AcDbEntity:AcDbPolyline","Linetype":"ByLayer","EntityHandle":"C06","Text":null,"ogr_style":"PEN(c:#000000)","font":null,"angle":null,"size":null,"size_u":null,"anchor":null,"color":"#000000","underline":null,"plaintext":null,"fcolor":null,"flnum":null,"bold":null,"italic":null,"dx":null,"dx_u":null,"dy":null,"dy_u":null},"geometry":{"type":"MultiPolygon","coordinates":[[[[131.926102,43.113145],[131.926014,43.113137],[131.926001,43.113254],[131.925999,43.113253],[131.925998,43.113262],[131.92601,43.113262],[131.92601,43.113261],[131.926239,43.113277],[131.926307,43.112749],[131.925933,43.112726],[131.925918,43.11286],[131.926023,43.112869],[131.926026,43.112849],[131.926134,43.112858],[131.926102,43.113145]]]]}},{"type":"Feature","properties":{"fid":114,"Layer":"9 - ценная историческая застройка советский период","PaperSpace":null,"SubClasses":"AcDbEntity:AcDbPolyline","Linetype":"ByLayer","EntityHandle":"C08","Text":null,"ogr_style":"PEN(c:#000000)","font":null,"angle":null,"size":null,"size_u":null,"anchor":null,"color":"#000000","underline":null,"plaintext":null,"fcolor":null,"flnum":null,"bold":null,"italic":null,"dx":null,"dx_u":null,"dy":null,"dy_u":null},"geometry":{"type":"MultiPolygon","coordinates":[[[[131.926958,43.113037],[131.927095,43.113043],[131.927116,43.112797],[131.926625,43.112768],[131.926606,43.113018],[131.926734,43.113023],[131.926752,43.112912],[131.926965,43.112926],[131.926958,43.113037]]]]}},{"type":"Feature","properties":{"fid":115,"Layer":"9 - ценная историческая застройка советский период","PaperSpace":null,"SubClasses":"AcDbEntity:AcDbPolyline","Linetype":"ByLayer","EntityHandle":"C0A","Text":null,"ogr_style":"PEN(c:#000000)","font":null,"angle":null,"size":null,"size_u":null,"anchor":null,"color":"#000000","underline":null,"plaintext":null,"fcolor":null,"flnum":null,"bold":null,"italic":null,"dx":null,"dx_u":null,"dy":null,"dy_u":null},"geometry":{"type":"MultiPolygon","coordinates":[[[[131.900177,43.117485],[131.900255,43.117331],[131.900137,43.117301],[131.900062,43.117452],[131.900032,43.117445],[131.899994,43.11753],[131.900178,43.117574],[131.900214,43.117494],[131.900177,43.117485]]]]}},{"type":"Feature","properties":{"fid":116,"Layer":"9 - ценная историческая застройка советский период","PaperSpace":null,"SubClasses":"AcDbEntity:AcDbPolyline","Linetype":"ByLayer","EntityHandle":"C0C","Text":null,"ogr_style":"PEN(c:#000000)","font":null,"angle":null,"size":null,"size_u":null,"anchor":null,"color":"#000000","underline":null,"plaintext":null,"fcolor":null,"flnum":null,"bold":null,"italic":null,"dx":null,"dx_u":null,"dy":null,"dy_u":null},"geometry":{"type":"MultiPolygon","coordinates":[[[[131.900903,43.115944],[131.90092,43.115949],[131.900958,43.115868],[131.900812,43.115831],[131.900774,43.115912],[131.900794,43.115917],[131.900773,43.115961],[131.900728,43.116057],[131.900719,43.116073],[131.900783,43.116089],[131.900806,43.116095],[131.900829,43.1161],[131.900844,43.11607],[131.900884,43.115985],[131.900903,43.115944]]]]}},{"type":"Feature","properties":{"fid":117,"Layer":"9 - ценная историческая застройка советский период","PaperSpace":null,"SubClasses":"AcDbEntity:AcDbPolyline","Linetype":"ByLayer","EntityHandle":"C0E","Text":null,"ogr_style":"PEN(c:#000000)","font":null,"angle":null,"size":null,"size_u":null,"anchor":null,"color":"#000000","underline":null,"plaintext":null,"fcolor":null,"flnum":null,"bold":null,"italic":null,"dx":null,"dx_u":null,"dy":null,"dy_u":null},"geometry":{"type":"MultiPolygon","coordinates":[[[[131.887948,43.118784],[131.888129,43.118847],[131.888126,43.11885],[131.888172,43.118866],[131.888174,43.118862],[131.888274,43.118897],[131.888338,43.118798],[131.887919,43.118652],[131.887855,43.118751],[131.887903,43.118768],[131.8879,43.118772],[131.887945,43.118787],[131.887948,43.118784]]]]}},{"type":"Feature","properties":{"fid":118,"Layer":"9 - ценная историческая застройка советский период","PaperSpace":null,"SubClasses":"AcDbEntity:AcDbPolyline","Linetype":"ByLayer","EntityHandle":"C10","Text":null,"ogr_style":"PEN(c:#000000)","font":null,"angle":null,"size":null,"size_u":null,"anchor":null,"color":"#000000","underline":null,"plaintext":null,"fcolor":null,"flnum":null,"bold":null,"italic":null,"dx":null,"dx_u":null,"dy":null,"dy_u":null},"geometry":{"type":"MultiPolygon","coordinates":[[[[131.891335,43.117609],[131.891303,43.117514],[131.890841,43.117602],[131.890875,43.117696],[131.891335,43.117609]]]]}},{"type":"Feature","properties":{"fid":119,"Layer":"9 - ценная историческая застройка советский период","PaperSpace":null,"SubClasses":"AcDbEntity:AcDbPolyline","Linetype":"ByLayer","EntityHandle":"C12","Text":null,"ogr_style":"PEN(c:#000000)","font":null,"angle":null,"size":null,"size_u":null,"anchor":null,"color":"#000000","underline":null,"plaintext":null,"fcolor":null,"flnum":null,"bold":null,"italic":null,"dx":null,"dx_u":null,"dy":null,"dy_u":null},"geometry":{"type":"MultiPolygon","coordinates":[[[[131.891894,43.117455],[131.891876,43.117404],[131.891422,43.117492],[131.89144,43.117542],[131.891453,43.117584],[131.891557,43.117564],[131.891558,43.117567],[131.891597,43.11756],[131.891596,43.117557],[131.891765,43.117524],[131.891766,43.117528],[131.891805,43.11752],[131.891804,43.117517],[131.891908,43.117497],[131.891894,43.117455]]]]}},{"type":"Feature","properties":{"fid":120,"Layer":"9 - ценная историческая застройка советский период","PaperSpace":null,"SubClasses":"AcDbEntity:AcDbPolyline","Linetype":"ByLayer","EntityHandle":"C14","Text":null,"ogr_style":"PEN(c:#000000)","font":null,"angle":null,"size":null,"size_u":null,"anchor":null,"color":"#000000","underline":null,"plaintext":null,"fcolor":null,"flnum":null,"bold":null,"italic":null,"dx":null,"dx_u":null,"dy":null,"dy_u":null},"geometry":{"type":"MultiPolygon","coordinates":[[[[131.891805,43.117032],[131.89194,43.11741],[131.892066,43.117384],[131.891881,43.116873],[131.891756,43.116898],[131.891805,43.117032]]]]}},{"type":"Feature","properties":{"fid":121,"Layer":"9 - ценная историческая застройка советский период","PaperSpace":null,"SubClasses":"AcDbEntity:AcDbPolyline","Linetype":"ByLayer","EntityHandle":"C16","Text":null,"ogr_style":"PEN(c:#000000)","font":null,"angle":null,"size":null,"size_u":null,"anchor":null,"color":"#000000","underline":null,"plaintext":null,"fcolor":null,"flnum":null,"bold":null,"italic":null,"dx":null,"dx_u":null,"dy":null,"dy_u":null},"geometry":{"type":"MultiPolygon","coordinates":[[[[131.889799,43.117395],[131.889774,43.117454],[131.889759,43.117451],[131.889738,43.117502],[131.890282,43.117623],[131.890326,43.117512],[131.889799,43.117395]]]]}},{"type":"Feature","properties":{"fid":122,"Layer":"9 - ценная историческая застройка советский период","PaperSpace":null,"SubClasses":"AcDbEntity:AcDbPolyline","Linetype":"ByLayer","EntityHandle":"C18","Text":null,"ogr_style":"PEN(c:#000000)","font":null,"angle":null,"size":null,"size_u":null,"anchor":null,"color":"#000000","underline":null,"plaintext":null,"fcolor":null,"flnum":null,"bold":null,"italic":null,"dx":null,"dx_u":null,"dy":null,"dy_u":null},"geometry":{"type":"MultiPolygon","coordinates":[[[[131.904737,43.115927],[131.904748,43.115905],[131.904716,43.115897],[131.904724,43.115881],[131.90451,43.115824],[131.904505,43.115834],[131.904346,43.115791],[131.904298,43.115887],[131.904581,43.115963],[131.904572,43.115981],[131.904703,43.116017],[131.904746,43.11593],[131.904737,43.115927]]]]}},{"type":"Feature","properties":{"fid":123,"Layer":"9 - ценная историческая застройка советский период","PaperSpace":null,"SubClasses":"AcDbEntity:AcDbPolyline","Linetype":"ByLayer","EntityHandle":"C1A","Text":null,"ogr_style":"PEN(c:#000000)","font":null,"angle":null,"size":null,"size_u":null,"anchor":null,"color":"#000000","underline":null,"plaintext":null,"fcolor":null,"flnum":null,"bold":null,"italic":null,"dx":null,"dx_u":null,"dy":null,"dy_u":null},"geometry":{"type":"MultiPolygon","coordinates":[[[[131.876283,43.115631],[131.876401,43.115538],[131.87586,43.115167],[131.87575,43.115252],[131.875918,43.115367],[131.875908,43.115374],[131.876283,43.115631]]]]}},{"type":"Feature","properties":{"fid":124,"Layer":"9 - ценная историческая застройка советский период","PaperSpace":null,"SubClasses":"AcDbEntity:AcDbPolyline","Linetype":"ByLayer","EntityHandle":"C1C","Text":null,"ogr_style":"PEN(c:#000000)","font":null,"angle":null,"size":null,"size_u":null,"anchor":null,"color":"#000000","underline":null,"plaintext":null,"fcolor":null,"flnum":null,"bold":null,"italic":null,"dx":null,"dx_u":null,"dy":null,"dy_u":null},"geometry":{"type":"MultiPolygon","coordinates":[]}},{"type":"Feature","properties":{"fid":125,"Layer":"9 - ценная историческая застройка советский период","PaperSpace":null,"SubClasses":"AcDbEntity:AcDbPolyline","Linetype":"ByLayer","EntityHandle":"C1D","Text":null,"ogr_style":"PEN(c:#000000)","font":null,"angle":null,"size":null,"size_u":null,"anchor":null,"color":"#000000","underline":null,"plaintext":null,"fcolor":null,"flnum":null,"bold":null,"italic":null,"dx":null,"dx_u":null,"dy":null,"dy_u":null},"geometry":{"type":"MultiPolygon","coordinates":[]}},{"type":"Feature","properties":{"fid":126,"Layer":"9 - ценная историческая застройка советский период","PaperSpace":null,"SubClasses":"AcDbEntity:AcDbPolyline","Linetype":"ByLayer","EntityHandle":"C1E","Text":null,"ogr_style":"PEN(c:#000000)","font":null,"angle":null,"size":null,"size_u":null,"anchor":null,"color":"#000000","underline":null,"plaintext":null,"fcolor":null,"flnum":null,"bold":null,"italic":null,"dx":null,"dx_u":null,"dy":null,"dy_u":null},"geometry":{"type":"MultiPolygon","coordinates":[]}},{"type":"Feature","properties":{"fid":127,"Layer":"9 - ценная историческая застройка советский период","PaperSpace":null,"SubClasses":"AcDbEntity:AcDbPolyline","Linetype":"ByLayer","EntityHandle":"C1F","Text":null,"ogr_style":"PEN(c:#000000)","font":null,"angle":null,"size":null,"size_u":null,"anchor":null,"color":"#000000","underline":null,"plaintext":null,"fcolor":null,"flnum":null,"bold":null,"italic":null,"dx":null,"dx_u":null,"dy":null,"dy_u":null},"geometry":{"type":"MultiPolygon","coordinates":[[[[131.877815,43.118675],[131.877823,43.118703],[131.877831,43.118707],[131.877831,43.118705],[131.877838,43.118775],[131.877879,43.118854],[131.878378,43.118771],[131.878469,43.118756],[131.878447,43.118689],[131.878601,43.118662],[131.878621,43.118723],[131.878731,43.118706],[131.879231,43.118621],[131.879208,43.118553],[131.879179,43.11846],[131.879169,43.118436],[131.878321,43.118588],[131.878221,43.1186],[131.877815,43.118675]]]]}},{"type":"Feature","properties":{"fid":128,"Layer":"9 - ценная историческая застройка советский период","PaperSpace":null,"SubClasses":"AcDbEntity:AcDbPolyline","Linetype":"ByLayer","EntityHandle":"C21","Text":null,"ogr_style":"PEN(c:#000000)","font":null,"angle":null,"size":null,"size_u":null,"anchor":null,"color":"#000000","underline":null,"plaintext":null,"fcolor":null,"flnum":null,"bold":null,"italic":null,"dx":null,"dx_u":null,"dy":null,"dy_u":null},"geometry":{"type":"MultiPolygon","coordinates":[[[[131.882125,43.123013],[131.882682,43.122906],[131.882623,43.122748],[131.882466,43.122779],[131.88246,43.122759],[131.882222,43.122806],[131.882228,43.122824],[131.88207,43.122854],[131.882125,43.123013]]]]}},{"type":"Feature","properties":{"fid":129,"Layer":"9 - ценная историческая застройка советский период","PaperSpace":null,"SubClasses":"AcDbEntity:AcDbPolyline","Linetype":"ByLayer","EntityHandle":"C23","Text":null,"ogr_style":"PEN(c:#000000)","font":null,"angle":null,"size":null,"size_u":null,"anchor":null,"color":"#000000","underline":null,"plaintext":null,"fcolor":null,"flnum":null,"bold":null,"italic":null,"dx":null,"dx_u":null,"dy":null,"dy_u":null},"geometry":{"type":"MultiPolygon","coordinates":[[[[131.879994,43.119031],[131.879986,43.119032],[131.879962,43.11904],[131.879936,43.119051],[131.87991,43.119069],[131.879886,43.119097],[131.879872,43.119123],[131.879869,43.119153],[131.879882,43.119202],[131.87991,43.119198],[131.880011,43.119472],[131.879989,43.119477],[131.879996,43.119498],[131.880015,43.119527],[131.880048,43.119556],[131.880091,43.11958],[131.880136,43.119588],[131.880205,43.119587],[131.880181,43.119534],[131.880144,43.119535],[131.88011,43.119528],[131.880082,43.119508],[131.880065,43.119481],[131.879945,43.119148],[131.879954,43.119118],[131.879971,43.1191],[131.880013,43.119076],[131.879994,43.119031]]]]}},{"type":"Feature","properties":{"fid":130,"Layer":"9 - ценная историческая застройка советский период","PaperSpace":null,"SubClasses":"AcDbEntity:AcDbPolyline","Linetype":"ByLayer","EntityHandle":"C25","Text":null,"ogr_style":"PEN(c:#000000)","font":null,"angle":null,"size":null,"size_u":null,"anchor":null,"color":"#000000","underline":null,"plaintext":null,"fcolor":null,"flnum":null,"bold":null,"italic":null,"dx":null,"dx_u":null,"dy":null,"dy_u":null},"geometry":{"type":"MultiPolygon","coordinates":[[[[131.878811,43.11665],[131.878888,43.116867],[131.878963,43.116852],[131.878953,43.116826],[131.878995,43.116818],[131.878985,43.116785],[131.87895,43.116792],[131.878937,43.11676],[131.879183,43.116713],[131.879139,43.116583],[131.878811,43.11665]]]]}},{"type":"Feature","properties":{"fid":131,"Layer":"9 - ценная историческая застройка советский период","PaperSpace":null,"SubClasses":"AcDbEntity:AcDbPolyline","Linetype":"ByLayer","EntityHandle":"C27","Text":null,"ogr_style":"PEN(c:#000000)","font":null,"angle":null,"size":null,"size_u":null,"anchor":null,"color":"#000000","underline":null,"plaintext":null,"fcolor":null,"flnum":null,"bold":null,"italic":null,"dx":null,"dx_u":null,"dy":null,"dy_u":null},"geometry":{"type":"MultiPolygon","coordinates":[[[[131.888393,43.114551],[131.888467,43.114538],[131.888477,43.114526],[131.888593,43.114506],[131.888614,43.114515],[131.888682,43.114502],[131.888691,43.114489],[131.888804,43.11447],[131.888822,43.114477],[131.888873,43.114468],[131.888879,43.114456],[131.888849,43.114368],[131.88882,43.114373],[131.888811,43.114349],[131.888841,43.114343],[131.888817,43.11427],[131.888681,43.114294],[131.888675,43.1143],[131.888689,43.114343],[131.888384,43.114403],[131.888378,43.1144],[131.888343,43.114407],[131.888393,43.114551]]]]}},{"type":"Feature","properties":{"fid":132,"Layer":"9 - ценная историческая застройка советский период","PaperSpace":null,"SubClasses":"AcDbEntity:AcDbPolyline","Linetype":"ByLayer","EntityHandle":"C29","Text":null,"ogr_style":"PEN(c:#000000)","font":null,"angle":null,"size":null,"size_u":null,"anchor":null,"color":"#000000","underline":null,"plaintext":null,"fcolor":null,"flnum":null,"bold":null,"italic":null,"dx":null,"dx_u":null,"dy":null,"dy_u":null},"geometry":{"type":"MultiPolygon","coordinates":[[[[131.933577,43.11126],[131.933915,43.111277],[131.933914,43.111178],[131.933682,43.111165],[131.933683,43.111151],[131.933617,43.111148],[131.933616,43.111165],[131.933588,43.111164],[131.933577,43.11126]]]]}},{"type":"Feature","properties":{"fid":133,"Layer":"9 - ценная историческая застройка советский период","PaperSpace":null,"SubClasses":"AcDbEntity:AcDbPolyline","Linetype":"ByLayer","EntityHandle":"C2B","Text":null,"ogr_style":"PEN(c:#000000)","font":null,"angle":null,"size":null,"size_u":null,"anchor":null,"color":"#000000","underline":null,"plaintext":null,"fcolor":null,"flnum":null,"bold":null,"italic":null,"dx":null,"dx_u":null,"dy":null,"dy_u":null},"geometry":{"type":"MultiPolygon","coordinates":[[[[131.877947,43.113205],[131.877976,43.1132],[131.877947,43.113105],[131.877889,43.113114],[131.877881,43.113109],[131.877847,43.113113],[131.877845,43.11312],[131.877821,43.113124],[131.877814,43.113119],[131.877781,43.113123],[131.877777,43.11313],[131.877654,43.113149],[131.877646,43.113144],[131.877612,43.113148],[131.87761,43.113155],[131.877595,43.113157],[131.877588,43.113152],[131.877556,43.113157],[131.877552,43.113163],[131.877491,43.113172],[131.877521,43.11327],[131.877613,43.113255],[131.877617,43.113265],[131.877662,43.113258],[131.877659,43.113248],[131.877837,43.113221],[131.87784,43.113231],[131.877884,43.113224],[131.877882,43.113214],[131.877947,43.113205]]]]}},{"type":"Feature","properties":{"fid":134,"Layer":"9 - ценная историческая застройка советский период","PaperSpace":null,"SubClasses":"AcDbEntity:AcDbPolyline","Linetype":"ByLayer","EntityHandle":"C2D","Text":null,"ogr_style":"PEN(c:#000000)","font":null,"angle":null,"size":null,"size_u":null,"anchor":null,"color":"#000000","underline":null,"plaintext":null,"fcolor":null,"flnum":null,"bold":null,"italic":null,"dx":null,"dx_u":null,"dy":null,"dy_u":null},"geometry":{"type":"MultiPolygon","coordinates":[[[[131.831611,43.074553],[131.831611,43.074517],[131.83144,43.074517],[131.831439,43.074553],[131.831611,43.074553]]]]}},{"type":"Feature","properties":{"fid":135,"Layer":"9 - ценная историческая застройка советский период","PaperSpace":null,"SubClasses":"AcDbEntity:AcDbPolyline","Linetype":"ByLayer","EntityHandle":"C2F","Text":null,"ogr_style":"PEN(c:#000000)","font":null,"angle":null,"size":null,"size_u":null,"anchor":null,"color":"#000000","underline":null,"plaintext":null,"fcolor":null,"flnum":null,"bold":null,"italic":null,"dx":null,"dx_u":null,"dy":null,"dy_u":null},"geometry":{"type":"MultiPolygon","coordinates":[[[[131.867278,43.10304],[131.867423,43.103138],[131.867804,43.102838],[131.868021,43.102985],[131.867719,43.103223],[131.867897,43.103344],[131.868195,43.103109],[131.86837,43.103228],[131.868397,43.103208],[131.868444,43.10324],[131.868418,43.103261],[131.868458,43.103289],[131.868106,43.103567],[131.868219,43.103644],[131.868577,43.103362],[131.86856,43.103351],[131.868696,43.103243],[131.86833,43.10299],[131.86834,43.102982],[131.868191,43.102879],[131.86818,43.102887],[131.867806,43.102628],[131.867278,43.10304]]]]}},{"type":"Feature","properties":{"fid":136,"Layer":"9 - ценная историческая застройка советский период","PaperSpace":null,"SubClasses":"AcDbEntity:AcDbPolyline","Linetype":"ByLayer","EntityHandle":"C31","Text":null,"ogr_style":"PEN(c:#000000)","font":null,"angle":null,"size":null,"size_u":null,"anchor":null,"color":"#000000","underline":null,"plaintext":null,"fcolor":null,"flnum":null,"bold":null,"italic":null,"dx":null,"dx_u":null,"dy":null,"dy_u":null},"geometry":{"type":"MultiPolygon","coordinates":[[[[131.862555,43.095127],[131.862507,43.09517],[131.862521,43.095177],[131.862461,43.095235],[131.86245,43.09523],[131.862371,43.095305],[131.862383,43.095312],[131.86232,43.095373],[131.862308,43.095366],[131.862228,43.095444],[131.86224,43.095451],[131.862182,43.095508],[131.86217,43.095501],[131.862125,43.095545],[131.862247,43.095615],[131.862297,43.095569],[131.862308,43.095575],[131.862367,43.095518],[131.862353,43.09551],[131.862436,43.095431],[131.862449,43.095439],[131.862503,43.095385],[131.86249,43.095378],[131.862572,43.095297],[131.862586,43.095304],[131.862641,43.09525],[131.862628,43.095243],[131.862678,43.095195],[131.862555,43.095127]]]]}},{"type":"Feature","properties":{"fid":137,"Layer":"9 - ценная историческая застройка советский период","PaperSpace":null,"SubClasses":"AcDbEntity:AcDbPolyline","Linetype":"ByLayer","EntityHandle":"C33","Text":null,"ogr_style":"PEN(c:#000000)","font":null,"angle":null,"size":null,"size_u":null,"anchor":null,"color":"#000000","underline":null,"plaintext":null,"fcolor":null,"flnum":null,"bold":null,"italic":null,"dx":null,"dx_u":null,"dy":null,"dy_u":null},"geometry":{"type":"MultiPolygon","coordinates":[[[[131.828627,43.075104],[131.828627,43.075068],[131.828455,43.075067],[131.828455,43.075103],[131.828627,43.075104]]]]}},{"type":"Feature","properties":{"fid":138,"Layer":"9 - ценная историческая застройка советский период","PaperSpace":null,"SubClasses":"AcDbEntity:AcDbPolyline","Linetype":"ByLayer","EntityHandle":"C35","Text":null,"ogr_style":"PEN(c:#000000)","font":null,"angle":null,"size":null,"size_u":null,"anchor":null,"color":"#000000","underline":null,"plaintext":null,"fcolor":null,"flnum":null,"bold":null,"italic":null,"dx":null,"dx_u":null,"dy":null,"dy_u":null},"geometry":{"type":"MultiPolygon","coordinates":[[[[131.892425,43.115039],[131.892353,43.115054],[131.892512,43.115519],[131.892209,43.11558],[131.892255,43.115709],[131.892581,43.115645],[131.892741,43.115615],[131.892726,43.11557],[131.892738,43.115568],[131.8927,43.115458],[131.892687,43.11546],[131.892535,43.115019],[131.892425,43.115039]]]]}},{"type":"Feature","properties":{"fid":139,"Layer":"9 - ценная историческая застройка советский период","PaperSpace":null,"SubClasses":"AcDbEntity:AcDbPolyline","Linetype":"ByLayer","EntityHandle":"C37","Text":null,"ogr_style":"PEN(c:#000000)","font":null,"angle":null,"size":null,"size_u":null,"anchor":null,"color":"#000000","underline":null,"plaintext":null,"fcolor":null,"flnum":null,"bold":null,"italic":null,"dx":null,"dx_u":null,"dy":null,"dy_u":null},"geometry":{"type":"MultiPolygon","coordinates":[[[[131.894228,43.115313],[131.894192,43.115212],[131.893881,43.11527],[131.893718,43.114802],[131.89354,43.114835],[131.893599,43.115003],[131.893645,43.115139],[131.893695,43.115281],[131.893685,43.115283],[131.893723,43.115387],[131.893731,43.115385],[131.893749,43.115434],[131.894003,43.115387],[131.894142,43.115362],[131.894239,43.115343],[131.894228,43.115313]]]]}},{"type":"Feature","properties":{"fid":140,"Layer":"9 - ценная историческая застройка советский период","PaperSpace":null,"SubClasses":"AcDbEntity:AcDbPolyline","Linetype":"ByLayer","EntityHandle":"C39","Text":null,"ogr_style":"PEN(c:#000000)","font":null,"angle":null,"size":null,"size_u":null,"anchor":null,"color":"#000000","underline":null,"plaintext":null,"fcolor":null,"flnum":null,"bold":null,"italic":null,"dx":null,"dx_u":null,"dy":null,"dy_u":null},"geometry":{"type":"MultiPolygon","coordinates":[[[[131.891335,43.117609],[131.891303,43.117514],[131.890841,43.117602],[131.890875,43.117696],[131.891335,43.117609]]]]}},{"type":"Feature","properties":{"fid":141,"Layer":"9 - ценная историческая застройка советский период","PaperSpace":null,"SubClasses":"AcDbEntity:AcDbPolyline","Linetype":"ByLayer","EntityHandle":"C3B","Text":null,"ogr_style":"PEN(c:#000000)","font":null,"angle":null,"size":null,"size_u":null,"anchor":null,"color":"#000000","underline":null,"plaintext":null,"fcolor":null,"flnum":null,"bold":null,"italic":null,"dx":null,"dx_u":null,"dy":null,"dy_u":null},"geometry":{"type":"MultiPolygon","coordinates":[[[[131.891894,43.117455],[131.891876,43.117404],[131.891422,43.117492],[131.89144,43.117542],[131.891453,43.117584],[131.891557,43.117564],[131.891558,43.117567],[131.891597,43.11756],[131.891596,43.117557],[131.891765,43.117524],[131.891766,43.117528],[131.891805,43.11752],[131.891804,43.117517],[131.891908,43.117497],[131.891894,43.117455]]]]}},{"type":"Feature","properties":{"fid":142,"Layer":"9 - ценная историческая застройка советский период","PaperSpace":null,"SubClasses":"AcDbEntity:AcDbPolyline","Linetype":"ByLayer","EntityHandle":"C3D","Text":null,"ogr_style":"PEN(c:#000000)","font":null,"angle":null,"size":null,"size_u":null,"anchor":null,"color":"#000000","underline":null,"plaintext":null,"fcolor":null,"flnum":null,"bold":null,"italic":null,"dx":null,"dx_u":null,"dy":null,"dy_u":null},"geometry":{"type":"MultiPolygon","coordinates":[[[[131.891805,43.117032],[131.89194,43.11741],[131.892066,43.117384],[131.891881,43.116873],[131.891756,43.116898],[131.891805,43.117032]]]]}},{"type":"Feature","properties":{"fid":143,"Layer":"9 - ценная историческая застройка советский период","PaperSpace":null,"SubClasses":"AcDbEntity:AcDbPolyline","Linetype":"ByLayer","EntityHandle":"C3F","Text":null,"ogr_style":"PEN(c:#000000)","font":null,"angle":null,"size":null,"size_u":null,"anchor":null,"color":"#000000","underline":null,"plaintext":null,"fcolor":null,"flnum":null,"bold":null,"italic":null,"dx":null,"dx_u":null,"dy":null,"dy_u":null},"geometry":{"type":"MultiPolygon","coordinates":[[[[131.876283,43.115631],[131.876401,43.115538],[131.87586,43.115167],[131.87575,43.115252],[131.875918,43.115367],[131.875908,43.115374],[131.876283,43.115631]]]]}},{"type":"Feature","properties":{"fid":144,"Layer":"9 - ценная историческая застройка советский период","PaperSpace":null,"SubClasses":"AcDbEntity:AcDbPolyline","Linetype":"ByLayer","EntityHandle":"C41","Text":null,"ogr_style":"PEN(c:#000000)","font":null,"angle":null,"size":null,"size_u":null,"anchor":null,"color":"#000000","underline":null,"plaintext":null,"fcolor":null,"flnum":null,"bold":null,"italic":null,"dx":null,"dx_u":null,"dy":null,"dy_u":null},"geometry":{"type":"MultiPolygon","coordinates":[]}},{"type":"Feature","properties":{"fid":145,"Layer":"9 - ценная историческая застройка советский период","PaperSpace":null,"SubClasses":"AcDbEntity:AcDbPolyline","Linetype":"ByLayer","EntityHandle":"C42","Text":null,"ogr_style":"PEN(c:#000000)","font":null,"angle":null,"size":null,"size_u":null,"anchor":null,"color":"#000000","underline":null,"plaintext":null,"fcolor":null,"flnum":null,"bold":null,"italic":null,"dx":null,"dx_u":null,"dy":null,"dy_u":null},"geometry":{"type":"MultiPolygon","coordinates":[]}},{"type":"Feature","properties":{"fid":146,"Layer":"9 - ценная историческая застройка советский период","PaperSpace":null,"SubClasses":"AcDbEntity:AcDbPolyline","Linetype":"ByLayer","EntityHandle":"C43","Text":null,"ogr_style":"PEN(c:#000000)","font":null,"angle":null,"size":null,"size_u":null,"anchor":null,"color":"#000000","underline":null,"plaintext":null,"fcolor":null,"flnum":null,"bold":null,"italic":null,"dx":null,"dx_u":null,"dy":null,"dy_u":null},"geometry":{"type":"MultiPolygon","coordinates":[]}},{"type":"Feature","properties":{"fid":147,"Layer":"9 - ценная историческая застройка советский период","PaperSpace":null,"SubClasses":"AcDbEntity:AcDbPolyline","Linetype":"ByLayer","EntityHandle":"C44","Text":null,"ogr_style":"PEN(c:#000000)","font":null,"angle":null,"size":null,"size_u":null,"anchor":null,"color":"#000000","underline":null,"plaintext":null,"fcolor":null,"flnum":null,"bold":null,"italic":null,"dx":null,"dx_u":null,"dy":null,"dy_u":null},"geometry":{"type":"MultiPolygon","coordinates":[[[[131.871017,43.103864],[131.871181,43.103736],[131.870915,43.103552],[131.870779,43.103457],[131.870611,43.103586],[131.87071,43.103654],[131.870748,43.103627],[131.870952,43.103766],[131.870914,43.103796],[131.871017,43.103864]]]]}},{"type":"Feature","properties":{"fid":148,"Layer":"9 - ценная историческая застройка советский период","PaperSpace":null,"SubClasses":"AcDbEntity:AcDbPolyline","Linetype":"ByLayer","EntityHandle":"C46","Text":null,"ogr_style":"PEN(c:#000000)","font":null,"angle":null,"size":null,"size_u":null,"anchor":null,"color":"#000000","underline":null,"plaintext":null,"fcolor":null,"flnum":null,"bold":null,"italic":null,"dx":null,"dx_u":null,"dy":null,"dy_u":null},"geometry":{"type":"MultiPolygon","coordinates":[[[[131.881731,43.113837],[131.881841,43.114148],[131.88201,43.114116],[131.8819,43.113805],[131.881731,43.113837]]]]}},{"type":"Feature","properties":{"fid":149,"Layer":"9 - ценная историческая застройка советский период","PaperSpace":null,"SubClasses":"AcDbEntity:AcDbPolyline","Linetype":"ByLayer","EntityHandle":"C48","Text":null,"ogr_style":"PEN(c:#000000)","font":null,"angle":null,"size":null,"size_u":null,"anchor":null,"color":"#000000","underline":null,"plaintext":null,"fcolor":null,"flnum":null,"bold":null,"italic":null,"dx":null,"dx_u":null,"dy":null,"dy_u":null},"geometry":{"type":"MultiPolygon","coordinates":[[[[131.882192,43.115118],[131.88236,43.115086],[131.882276,43.114844],[131.882216,43.114855],[131.882211,43.114841],[131.882103,43.114861],[131.882192,43.115118]]]]}},{"type":"Feature","properties":{"fid":150,"Layer":"9 - ценная историческая застройка советский период","PaperSpace":null,"SubClasses":"AcDbEntity:AcDbPolyline","Linetype":"ByLayer","EntityHandle":"C4A","Text":null,"ogr_style":"PEN(c:#000000)","font":null,"angle":null,"size":null,"size_u":null,"anchor":null,"color":"#000000","underline":null,"plaintext":null,"fcolor":null,"flnum":null,"bold":null,"italic":null,"dx":null,"dx_u":null,"dy":null,"dy_u":null},"geometry":{"type":"MultiPolygon","coordinates":[[[[131.878811,43.11665],[131.878888,43.116867],[131.878963,43.116852],[131.878953,43.116826],[131.878995,43.116818],[131.878985,43.116785],[131.87895,43.116792],[131.878937,43.11676],[131.879183,43.116713],[131.879139,43.116583],[131.878811,43.11665]]]]}},{"type":"Feature","properties":{"fid":151,"Layer":"9 - ценная историческая застройка советский период","PaperSpace":null,"SubClasses":"AcDbEntity:AcDbPolyline","Linetype":"ByLayer","EntityHandle":"C4C","Text":null,"ogr_style":"PEN(c:#000000)","font":null,"angle":null,"size":null,"size_u":null,"anchor":null,"color":"#000000","underline":null,"plaintext":null,"fcolor":null,"flnum":null,"bold":null,"italic":null,"dx":null,"dx_u":null,"dy":null,"dy_u":null},"geometry":{"type":"MultiPolygon","coordinates":[[[[131.878127,43.115216],[131.8783,43.115329],[131.878253,43.115371],[131.878351,43.115431],[131.878479,43.115317],[131.878228,43.115158],[131.878241,43.115145],[131.878218,43.115132],[131.878127,43.115216]]]]}},{"type":"Feature","properties":{"fid":152,"Layer":"9 - ценная историческая застройка советский период","PaperSpace":null,"SubClasses":"AcDbEntity:AcDbPolyline","Linetype":"ByLayer","EntityHandle":"C4E","Text":null,"ogr_style":"PEN(c:#000000)","font":null,"angle":null,"size":null,"size_u":null,"anchor":null,"color":"#000000","underline":null,"plaintext":null,"fcolor":null,"flnum":null,"bold":null,"italic":null,"dx":null,"dx_u":null,"dy":null,"dy_u":null},"geometry":{"type":"MultiPolygon","coordinates":[[[[131.878283,43.109831],[131.878232,43.109674],[131.878259,43.109669],[131.878232,43.109585],[131.878202,43.10959],[131.878168,43.109479],[131.877978,43.109514],[131.87805,43.10972],[131.877803,43.109766],[131.877839,43.109865],[131.878144,43.109806],[131.878162,43.109855],[131.878283,43.109831]]]]}},{"type":"Feature","properties":{"fid":153,"Layer":"9 - ценная историческая застройка советский период","PaperSpace":null,"SubClasses":"AcDbEntity:AcDbPolyline","Linetype":"ByLayer","EntityHandle":"C50","Text":null,"ogr_style":"PEN(c:#000000)","font":null,"angle":null,"size":null,"size_u":null,"anchor":null,"color":"#000000","underline":null,"plaintext":null,"fcolor":null,"flnum":null,"bold":null,"italic":null,"dx":null,"dx_u":null,"dy":null,"dy_u":null},"geometry":{"type":"MultiPolygon","coordinates":[[[[131.879049,43.11072],[131.879201,43.111128],[131.879389,43.11109],[131.879329,43.110928],[131.879373,43.110919],[131.879339,43.110829],[131.879295,43.110838],[131.879237,43.110683],[131.879049,43.11072]]]]}},{"type":"Feature","properties":{"fid":154,"Layer":"9 - ценная историческая застройка советский период","PaperSpace":null,"SubClasses":"AcDbEntity:AcDbPolyline","Linetype":"ByLayer","EntityHandle":"C52","Text":null,"ogr_style":"PEN(c:#000000)","font":null,"angle":null,"size":null,"size_u":null,"anchor":null,"color":"#000000","underline":null,"plaintext":null,"fcolor":null,"flnum":null,"bold":null,"italic":null,"dx":null,"dx_u":null,"dy":null,"dy_u":null},"geometry":{"type":"MultiPolygon","coordinates":[[[[131.880179,43.112235],[131.879576,43.11235],[131.879651,43.112572],[131.87972,43.112558],[131.879779,43.112546],[131.879776,43.112537],[131.879787,43.112535],[131.879783,43.112524],[131.879772,43.112526],[131.879755,43.112474],[131.879936,43.11244],[131.879933,43.112429],[131.880231,43.112373],[131.880179,43.112235]]]]}},{"type":"Feature","properties":{"fid":155,"Layer":"9 - ценная историческая застройка советский период","PaperSpace":null,"SubClasses":"AcDbEntity:AcDbPolyline","Linetype":"ByLayer","EntityHandle":"C54","Text":null,"ogr_style":"PEN(c:#000000)","font":null,"angle":null,"size":null,"size_u":null,"anchor":null,"color":"#000000","underline":null,"plaintext":null,"fcolor":null,"flnum":null,"bold":null,"italic":null,"dx":null,"dx_u":null,"dy":null,"dy_u":null},"geometry":{"type":"MultiPolygon","coordinates":[[[[131.861314,43.098093],[131.861145,43.098106],[131.861154,43.098167],[131.861148,43.098167],[131.861149,43.098174],[131.86114,43.098182],[131.861143,43.098198],[131.861153,43.098204],[131.861154,43.09821],[131.86116,43.098209],[131.861183,43.09837],[131.861177,43.09837],[131.861178,43.098377],[131.86117,43.098384],[131.861172,43.098401],[131.861183,43.098407],[131.861183,43.098412],[131.86119,43.098412],[131.861211,43.098556],[131.861204,43.098557],[131.861205,43.098563],[131.861197,43.098571],[131.8612,43.098588],[131.86121,43.098594],[131.86121,43.098599],[131.861217,43.098598],[131.861238,43.098769],[131.861231,43.098769],[131.861232,43.098777],[131.861239,43.098777],[131.861241,43.098796],[131.861236,43.098796],[131.861222,43.098808],[131.861223,43.098827],[131.86124,43.098838],[131.861248,43.098838],[131.861248,43.098856],[131.861243,43.098856],[131.861243,43.098865],[131.861251,43.098865],[131.861255,43.09891],[131.861271,43.09891],[131.861272,43.098918],[131.861295,43.098917],[131.861294,43.098908],[131.861343,43.098905],[131.861343,43.09891],[131.861359,43.098918],[131.861384,43.098917],[131.861403,43.098902],[131.861404,43.098908],[131.861426,43.098907],[131.861425,43.098899],[131.861745,43.098876],[131.861728,43.098748],[131.861466,43.098768],[131.861466,43.098784],[131.861415,43.098787],[131.861314,43.098093]]]]}},{"type":"Feature","properties":{"fid":156,"Layer":"9 - ценная историческая застройка советский период","PaperSpace":null,"SubClasses":"AcDbEntity:AcDbPolyline","Linetype":"ByLayer","EntityHandle":"C56","Text":null,"ogr_style":"PEN(c:#000000)","font":null,"angle":null,"size":null,"size_u":null,"anchor":null,"color":"#000000","underline":null,"plaintext":null,"fcolor":null,"flnum":null,"bold":null,"italic":null,"dx":null,"dx_u":null,"dy":null,"dy_u":null},"geometry":{"type":"MultiPolygon","coordinates":[[[[131.862061,43.098767],[131.862176,43.098696],[131.862181,43.098701],[131.862194,43.098692],[131.862189,43.098688],[131.862236,43.098658],[131.862241,43.098662],[131.862255,43.098654],[131.862249,43.098649],[131.862293,43.098621],[131.862295,43.098623],[131.862303,43.098618],[131.862301,43.098617],[131.862322,43.098603],[131.862328,43.098604],[131.86235,43.098605],[131.862364,43.098597],[131.862365,43.098582],[131.862364,43.098577],[131.862383,43.098565],[131.862386,43.098567],[131.862393,43.098562],[131.862391,43.09856],[131.862427,43.098538],[131.862421,43.098533],[131.862425,43.09853],[131.862394,43.098504],[131.86239,43.098507],[131.862382,43.0985],[131.862389,43.098495],[131.86239,43.098493],[131.862383,43.098487],[131.862376,43.098488],[131.861741,43.097941],[131.861712,43.097916],[131.861578,43.098],[131.862032,43.098389],[131.862199,43.098533],[131.862162,43.098556],[131.862148,43.098545],[131.861948,43.09867],[131.862061,43.098767]]]]}},{"type":"Feature","properties":{"fid":157,"Layer":"9 - ценная историческая застройка советский период","PaperSpace":null,"SubClasses":"AcDbEntity:AcDbPolyline","Linetype":"ByLayer","EntityHandle":"C58","Text":null,"ogr_style":"PEN(c:#000000)","font":null,"angle":null,"size":null,"size_u":null,"anchor":null,"color":"#000000","underline":null,"plaintext":null,"fcolor":null,"flnum":null,"bold":null,"italic":null,"dx":null,"dx_u":null,"dy":null,"dy_u":null},"geometry":{"type":"MultiPolygon","coordinates":[[[[131.878827,43.108324],[131.878948,43.108261],[131.878946,43.108258],[131.878639,43.107947],[131.878515,43.108011],[131.878827,43.108324]]]]}},{"type":"Feature","properties":{"fid":158,"Layer":"9 - ценная историческая застройка советский период","PaperSpace":null,"SubClasses":"AcDbEntity:AcDbPolyline","Linetype":"ByLayer","EntityHandle":"C5A","Text":null,"ogr_style":"PEN(c:#000000)","font":null,"angle":null,"size":null,"size_u":null,"anchor":null,"color":"#000000","underline":null,"plaintext":null,"fcolor":null,"flnum":null,"bold":null,"italic":null,"dx":null,"dx_u":null,"dy":null,"dy_u":null},"geometry":{"type":"MultiPolygon","coordinates":[[[[131.877872,43.108557],[131.877875,43.108556],[131.877863,43.10852],[131.87786,43.108521],[131.877814,43.108387],[131.877818,43.108387],[131.877806,43.108349],[131.877801,43.10835],[131.877777,43.108279],[131.877643,43.108305],[131.87776,43.10865],[131.877896,43.108627],[131.877872,43.108557]]]]}},{"type":"Feature","properties":{"fid":159,"Layer":"9 - ценная историческая застройка советский период","PaperSpace":null,"SubClasses":"AcDbEntity:AcDbPolyline","Linetype":"ByLayer","EntityHandle":"C5C","Text":null,"ogr_style":"PEN(c:#000000)","font":null,"angle":null,"size":null,"size_u":null,"anchor":null,"color":"#000000","underline":null,"plaintext":null,"fcolor":null,"flnum":null,"bold":null,"italic":null,"dx":null,"dx_u":null,"dy":null,"dy_u":null},"geometry":{"type":"MultiPolygon","coordinates":[[[[131.878724,43.111552],[131.878749,43.111625],[131.878768,43.111622],[131.878824,43.111792],[131.878816,43.111794],[131.878828,43.111832],[131.878836,43.11183],[131.87885,43.111873],[131.878996,43.111847],[131.878972,43.111781],[131.878945,43.1117],[131.878949,43.111699],[131.878936,43.111656],[131.878944,43.111655],[131.878939,43.111641],[131.878931,43.111642],[131.878909,43.111574],[131.878916,43.111573],[131.878913,43.111561],[131.878903,43.111562],[131.878892,43.111522],[131.878724,43.111552]]]]}},{"type":"Feature","properties":{"fid":160,"Layer":"9 - ценная историческая застройка советский период","PaperSpace":null,"SubClasses":"AcDbEntity:AcDbPolyline","Linetype":"ByLayer","EntityHandle":"C5E","Text":null,"ogr_style":"PEN(c:#000000)","font":null,"angle":null,"size":null,"size_u":null,"anchor":null,"color":"#000000","underline":null,"plaintext":null,"fcolor":null,"flnum":null,"bold":null,"italic":null,"dx":null,"dx_u":null,"dy":null,"dy_u":null},"geometry":{"type":"MultiPolygon","coordinates":[[[[131.878861,43.111909],[131.878875,43.111951],[131.878872,43.111952],[131.878887,43.111995],[131.87889,43.111994],[131.878956,43.112172],[131.878979,43.112235],[131.879128,43.112206],[131.879111,43.112161],[131.879118,43.11216],[131.879114,43.11215],[131.879107,43.112151],[131.879084,43.112086],[131.879091,43.112084],[131.879087,43.112071],[131.879081,43.112072],[131.879007,43.111881],[131.878861,43.111909]]]]}},{"type":"Feature","properties":{"fid":161,"Layer":"9 - ценная историческая застройка советский период","PaperSpace":null,"SubClasses":"AcDbEntity:AcDbPolyline","Linetype":"ByLayer","EntityHandle":"C60","Text":null,"ogr_style":"PEN(c:#000000)","font":null,"angle":null,"size":null,"size_u":null,"anchor":null,"color":"#000000","underline":null,"plaintext":null,"fcolor":null,"flnum":null,"bold":null,"italic":null,"dx":null,"dx_u":null,"dy":null,"dy_u":null},"geometry":{"type":"MultiPolygon","coordinates":[[[[131.875942,43.111568],[131.875822,43.111674],[131.875897,43.111719],[131.875894,43.111722],[131.875927,43.111742],[131.87593,43.111739],[131.876004,43.111785],[131.87603,43.111762],[131.876124,43.111679],[131.875942,43.111568]]]]}},{"type":"Feature","properties":{"fid":162,"Layer":"9 - ценная историческая застройка советский период","PaperSpace":null,"SubClasses":"AcDbEntity:AcDbPolyline","Linetype":"ByLayer","EntityHandle":"C62","Text":null,"ogr_style":"PEN(c:#000000)","font":null,"angle":null,"size":null,"size_u":null,"anchor":null,"color":"#000000","underline":null,"plaintext":null,"fcolor":null,"flnum":null,"bold":null,"italic":null,"dx":null,"dx_u":null,"dy":null,"dy_u":null},"geometry":{"type":"MultiPolygon","coordinates":[[[[131.875905,43.112149],[131.875934,43.112166],[131.875945,43.112173],[131.876046,43.112082],[131.875996,43.112052],[131.875678,43.111863],[131.875578,43.111953],[131.875733,43.112045],[131.875729,43.112049],[131.875788,43.112083],[131.875791,43.11208],[131.875905,43.112149]]]]}},{"type":"Feature","properties":{"fid":163,"Layer":"9 - ценная историческая застройка советский период","PaperSpace":null,"SubClasses":"AcDbEntity:AcDbPolyline","Linetype":"ByLayer","EntityHandle":"C64","Text":null,"ogr_style":"PEN(c:#000000)","font":null,"angle":null,"size":null,"size_u":null,"anchor":null,"color":"#000000","underline":null,"plaintext":null,"fcolor":null,"flnum":null,"bold":null,"italic":null,"dx":null,"dx_u":null,"dy":null,"dy_u":null},"geometry":{"type":"MultiPolygon","coordinates":[[[[131.87338,43.104666],[131.873195,43.104584],[131.873121,43.104668],[131.87326,43.104733],[131.874109,43.105125],[131.874108,43.105127],[131.87425,43.105193],[131.874252,43.105191],[131.874403,43.105262],[131.874476,43.105176],[131.874403,43.105142],[131.8744,43.105145],[131.874377,43.105135],[131.87438,43.105131],[131.874272,43.10508],[131.874268,43.105084],[131.874246,43.105074],[131.87425,43.10507],[131.874135,43.105017],[131.874131,43.105021],[131.87411,43.105011],[131.874113,43.105007],[131.87338,43.104666]]]]}},{"type":"Feature","properties":{"fid":164,"Layer":"9 - ценная историческая застройка советский период","PaperSpace":null,"SubClasses":"AcDbEntity:AcDbPolyline","Linetype":"ByLayer","EntityHandle":"C66","Text":null,"ogr_style":"PEN(c:#000000)","font":null,"angle":null,"size":null,"size_u":null,"anchor":null,"color":"#000000","underline":null,"plaintext":null,"fcolor":null,"flnum":null,"bold":null,"italic":null,"dx":null,"dx_u":null,"dy":null,"dy_u":null},"geometry":{"type":"MultiPolygon","coordinates":[[[[131.876367,43.112956],[131.876405,43.113062],[131.876499,43.113044],[131.876501,43.113051],[131.876549,43.113042],[131.876546,43.113035],[131.87667,43.113009],[131.876673,43.113016],[131.876718,43.113007],[131.876716,43.113],[131.876813,43.112981],[131.876776,43.112877],[131.876624,43.112907],[131.876621,43.112899],[131.876514,43.112919],[131.876517,43.112927],[131.876367,43.112956]]]]}}]}