{
  "type": "FeatureCollection",
  "name": "numbers",
  "crs": {
    "type": "name",
    "properties": {
      "name": "urn:ogc:def:crs:OGC:1.3:CRS84"
    }
  },
  "features": [
    {
      "type": "Feature",
      "properties": {
        "fid": 1,
        "Text": "{\\C7;1}",
        "ogr_style": "LABEL(f:\"Arial\",t:\"{\\C7;1}\",s:7.5g,p:7,c:#00ffff)",
        "font": "Arial",
        "angle": null,
        "size": 7.5,
        "size_u": "g",
        "anchor": "8",
        "color": "#7",
        "underline": 0,
        "plaintext": "1",
        "fcolor": null,
        "flnum": 0,
        "bold": null,
        "italic": null,
        "dx": null,
        "dx_u": null,
        "dy": null,
        "dy_u": null
      },
      "geometry": {
        "type": "Point",
        "coordinates": [
          126.039729460463548,
          43.342992724244944
        ]
      }
    },
    {
      "type": "Feature",
      "properties": {
        "fid": 2,
        "Text": "{\\C7;89}",
        "ogr_style": "LABEL(f:\"Arial\",t:\"{\\C7;89}\",s:7.5g,p:7,c:#00ffff)",
        "font": "Arial",
        "angle": null,
        "size": 7.5,
        "size_u": "g",
        "anchor": "8",
        "color": "#7",
        "underline": 0,
        "plaintext": "89",
        "fcolor": null,
        "flnum": 0,
        "bold": null,
        "italic": null,
        "dx": null,
        "dx_u": null,
        "dy": null,
        "dy_u": null
      },
      "geometry": {
        "type": "Point",
        "coordinates": [
          126.040356107942742,
          43.341334622096092
        ]
      }
    },
    {
      "type": "Feature",
      "properties": {
        "fid": 3,
        "Text": "{\\C7;90}",
        "ogr_style": "LABEL(f:\"Arial\",t:\"{\\C7;90}\",s:7.5g,p:7,c:#00ffff)",
        "font": "Arial",
        "angle": null,
        "size": 7.5,
        "size_u": "g",
        "anchor": "8",
        "color": "#7",
        "underline": 0,
        "plaintext": "90",
        "fcolor": null,
        "flnum": 0,
        "bold": null,
        "italic": null,
        "dx": null,
        "dx_u": null,
        "dy": null,
        "dy_u": null
      },
      "geometry": {
        "type": "Point",
        "coordinates": [
          126.03979951191414,
          43.341608772542919
        ]
      }
    },
    {
      "type": "Feature",
      "properties": {
        "fid": 4,
        "Text": "{\\C7;77}",
        "ogr_style": "LABEL(f:\"Arial\",t:\"{\\C7;77}\",s:7.5g,p:7,c:#00ffff)",
        "font": "Arial",
        "angle": null,
        "size": 7.5,
        "size_u": "g",
        "anchor": "8",
        "color": "#7",
        "underline": 0,
        "plaintext": "77",
        "fcolor": null,
        "flnum": 0,
        "bold": null,
        "italic": null,
        "dx": null,
        "dx_u": null,
        "dy": null,
        "dy_u": null
      },
      "geometry": {
        "type": "Point",
        "coordinates": [
          126.035269662795955,
          43.342466662538122
        ]
      }
    },
    {
      "type": "Feature",
      "properties": {
        "fid": 5,
        "Text": "{\\C7;78}",
        "ogr_style": "LABEL(f:\"Arial\",t:\"{\\C7;78}\",s:7.5g,p:7,c:#00ffff)",
        "font": "Arial",
        "angle": null,
        "size": 7.5,
        "size_u": "g",
        "anchor": "8",
        "color": "#7",
        "underline": 0,
        "plaintext": "78",
        "fcolor": null,
        "flnum": 0,
        "bold": null,
        "italic": null,
        "dx": null,
        "dx_u": null,
        "dy": null,
        "dy_u": null
      },
      "geometry": {
        "type": "Point",
        "coordinates": [
          126.035548004034595,
          43.342223262070682
        ]
      }
    },
    {
      "type": "Feature",
      "properties": {
        "fid": 6,
        "Text": "{\\C7;79}",
        "ogr_style": "LABEL(f:\"Arial\",t:\"{\\C7;79}\",s:7.5g,p:7,c:#00ffff)",
        "font": "Arial",
        "angle": null,
        "size": 7.5,
        "size_u": "g",
        "anchor": "8",
        "color": "#7",
        "underline": 0,
        "plaintext": "79",
        "fcolor": null,
        "flnum": 0,
        "bold": null,
        "italic": null,
        "dx": null,
        "dx_u": null,
        "dy": null,
        "dy_u": null
      },
      "geometry": {
        "type": "Point",
        "coordinates": [
          126.034411348783422,
          43.342944102904028
        ]
      }
    },
    {
      "type": "Feature",
      "properties": {
        "fid": 7,
        "Text": "{\\C7;80}",
        "ogr_style": "LABEL(f:\"Arial\",t:\"{\\C7;80}\",s:7.5g,p:7,c:#00ffff)",
        "font": "Arial",
        "angle": null,
        "size": 7.5,
        "size_u": "g",
        "anchor": "8",
        "color": "#7",
        "underline": 0,
        "plaintext": "80",
        "fcolor": null,
        "flnum": 0,
        "bold": null,
        "italic": null,
        "dx": null,
        "dx_u": null,
        "dy": null,
        "dy_u": null
      },
      "geometry": {
        "type": "Point",
        "coordinates": [
          126.035918804829407,
          43.342897728418293
        ]
      }
    },
    {
      "type": "Feature",
      "properties": {
        "fid": 8,
        "Text": "{\\C7;82}",
        "ogr_style": "LABEL(f:\"Arial\",t:\"{\\C7;82}\",s:7.5g,p:7,c:#00ffff)",
        "font": "Arial",
        "angle": null,
        "size": 7.5,
        "size_u": "g",
        "anchor": "8",
        "color": "#7",
        "underline": 0,
        "plaintext": "82",
        "fcolor": null,
        "flnum": 0,
        "bold": null,
        "italic": null,
        "dx": null,
        "dx_u": null,
        "dy": null,
        "dy_u": null
      },
      "geometry": {
        "type": "Point",
        "coordinates": [
          126.035406988107553,
          43.343434907374785
        ]
      }
    },
    {
      "type": "Feature",
      "properties": {
        "fid": 9,
        "Text": "{\\C7;83}",
        "ogr_style": "LABEL(f:\"Arial\",t:\"{\\C7;83}\",s:7.5g,p:7,c:#00ffff)",
        "font": "Arial",
        "angle": null,
        "size": 7.5,
        "size_u": "g",
        "anchor": "8",
        "color": "#7",
        "underline": 0,
        "plaintext": "83",
        "fcolor": null,
        "flnum": 0,
        "bold": null,
        "italic": null,
        "dx": null,
        "dx_u": null,
        "dy": null,
        "dy_u": null
      },
      "geometry": {
        "type": "Point",
        "coordinates": [
          126.035804297168966,
          43.343315165636859
        ]
      }
    },
    {
      "type": "Feature",
      "properties": {
        "fid": 10,
        "Text": "{\\C7;81}",
        "ogr_style": "LABEL(f:\"Arial\",t:\"{\\C7;81}\",s:7.5g,p:7,c:#00ffff)",
        "font": "Arial",
        "angle": null,
        "size": 7.5,
        "size_u": "g",
        "anchor": "8",
        "color": "#7",
        "underline": 0,
        "plaintext": "81",
        "fcolor": null,
        "flnum": 0,
        "bold": null,
        "italic": null,
        "dx": null,
        "dx_u": null,
        "dy": null,
        "dy_u": null
      },
      "geometry": {
        "type": "Point",
        "coordinates": [
          126.035248134688814,
          43.343330055927829
        ]
      }
    },
    {
      "type": "Feature",
      "properties": {
        "fid": 11,
        "Text": "{\\C7;84}",
        "ogr_style": "LABEL(f:\"Arial\",t:\"{\\C7;84}\",s:7.5g,p:7,c:#00ffff)",
        "font": "Arial",
        "angle": null,
        "size": 7.5,
        "size_u": "g",
        "anchor": "8",
        "color": "#7",
        "underline": 0,
        "plaintext": "84",
        "fcolor": null,
        "flnum": 0,
        "bold": null,
        "italic": null,
        "dx": null,
        "dx_u": null,
        "dy": null,
        "dy_u": null
      },
      "geometry": {
        "type": "Point",
        "coordinates": [
          126.033466991953901,
          43.342659560705989
        ]
      }
    },
    {
      "type": "Feature",
      "properties": {
        "fid": 12,
        "Text": "{\\C7;85}",
        "ogr_style": "LABEL(f:\"Arial\",t:\"{\\C7;85}\",s:7.5g,p:7,c:#00ffff)",
        "font": "Arial",
        "angle": null,
        "size": 7.5,
        "size_u": "g",
        "anchor": "8",
        "color": "#7",
        "underline": 0,
        "plaintext": "85",
        "fcolor": null,
        "flnum": 0,
        "bold": null,
        "italic": null,
        "dx": null,
        "dx_u": null,
        "dy": null,
        "dy_u": null
      },
      "geometry": {
        "type": "Point",
        "coordinates": [
          126.036879348348876,
          43.342750389448007
        ]
      }
    },
    {
      "type": "Feature",
      "properties": {
        "fid": 13,
        "Text": "{\\C7;87}",
        "ogr_style": "LABEL(f:\"Arial\",t:\"{\\C7;87}\",s:7.5g,p:7,c:#00ffff)",
        "font": "Arial",
        "angle": null,
        "size": 7.5,
        "size_u": "g",
        "anchor": "8",
        "color": "#7",
        "underline": 0,
        "plaintext": "87",
        "fcolor": null,
        "flnum": 0,
        "bold": null,
        "italic": null,
        "dx": null,
        "dx_u": null,
        "dy": null,
        "dy_u": null
      },
      "geometry": {
        "type": "Point",
        "coordinates": [
          126.036774111747505,
          43.340369570819419
        ]
      }
    },
    {
      "type": "Feature",
      "properties": {
        "fid": 14,
        "Text": "{\\C7;91}",
        "ogr_style": "LABEL(f:\"Arial\",t:\"{\\C7;91}\",s:7.5g,p:7,c:#00ffff)",
        "font": "Arial",
        "angle": null,
        "size": 7.5,
        "size_u": "g",
        "anchor": "8",
        "color": "#7",
        "underline": 0,
        "plaintext": "91",
        "fcolor": null,
        "flnum": 0,
        "bold": null,
        "italic": null,
        "dx": null,
        "dx_u": null,
        "dy": null,
        "dy_u": null
      },
      "geometry": {
        "type": "Point",
        "coordinates": [
          126.040408104372986,
          43.341035615769947
        ]
      }
    },
    {
      "type": "Feature",
      "properties": {
        "fid": 15,
        "Text": "{\\C7;202}",
        "ogr_style": "LABEL(f:\"Arial\",t:\"{\\C7;202}\",s:7.5g,p:7,c:#00ffff)",
        "font": "Arial",
        "angle": null,
        "size": 7.5,
        "size_u": "g",
        "anchor": "8",
        "color": "#7",
        "underline": 0,
        "plaintext": "202",
        "fcolor": null,
        "flnum": 0,
        "bold": null,
        "italic": null,
        "dx": null,
        "dx_u": null,
        "dy": null,
        "dy_u": null
      },
      "geometry": {
        "type": "Point",
        "coordinates": [
          126.038291669521755,
          43.342122735474469
        ]
      }
    },
    {
      "type": "Feature",
      "properties": {
        "fid": 16,
        "Text": "{\\C7;406}",
        "ogr_style": "LABEL(f:\"Arial\",t:\"{\\C7;406}\",s:7.5g,p:7,c:#00ffff)",
        "font": "Arial",
        "angle": null,
        "size": 7.5,
        "size_u": "g",
        "anchor": "8",
        "color": "#7",
        "underline": 0,
        "plaintext": "406",
        "fcolor": null,
        "flnum": 0,
        "bold": null,
        "italic": null,
        "dx": null,
        "dx_u": null,
        "dy": null,
        "dy_u": null
      },
      "geometry": {
        "type": "Point",
        "coordinates": [
          126.041139168045575,
          43.342477644500946
        ]
      }
    },
    {
      "type": "Feature",
      "properties": {
        "fid": 17,
        "Text": "{\\C7;164}",
        "ogr_style": "LABEL(f:\"Arial\",t:\"{\\C7;164}\",s:7.5g,p:7,c:#00ffff)",
        "font": "Arial",
        "angle": null,
        "size": 7.5,
        "size_u": "g",
        "anchor": "8",
        "color": "#7",
        "underline": 0,
        "plaintext": "164",
        "fcolor": null,
        "flnum": 0,
        "bold": null,
        "italic": null,
        "dx": null,
        "dx_u": null,
        "dy": null,
        "dy_u": null
      },
      "geometry": {
        "type": "Point",
        "coordinates": [
          126.042458739193933,
          43.342676769565308
        ]
      }
    },
    {
      "type": "Feature",
      "properties": {
        "fid": 18,
        "Text": "{\\C7;421}",
        "ogr_style": "LABEL(f:\"Arial\",t:\"{\\C7;421}\",s:7.5g,p:7,c:#00ffff)",
        "font": "Arial",
        "angle": null,
        "size": 7.5,
        "size_u": "g",
        "anchor": "8",
        "color": "#7",
        "underline": 0,
        "plaintext": "421",
        "fcolor": null,
        "flnum": 0,
        "bold": null,
        "italic": null,
        "dx": null,
        "dx_u": null,
        "dy": null,
        "dy_u": null
      },
      "geometry": {
        "type": "Point",
        "coordinates": [
          126.041314283222619,
          43.34004060919645
        ]
      }
    },
    {
      "type": "Feature",
      "properties": {
        "fid": 19,
        "Text": "{\\C7;446}",
        "ogr_style": "LABEL(f:\"Arial\",t:\"{\\C7;446}\",s:7.5g,p:7,c:#00ffff)",
        "font": "Arial",
        "angle": null,
        "size": 7.5,
        "size_u": "g",
        "anchor": "8",
        "color": "#7",
        "underline": 0,
        "plaintext": "446",
        "fcolor": null,
        "flnum": 0,
        "bold": null,
        "italic": null,
        "dx": null,
        "dx_u": null,
        "dy": null,
        "dy_u": null
      },
      "geometry": {
        "type": "Point",
        "coordinates": [
          126.034876407881143,
          43.336212888983098
        ]
      }
    },
    {
      "type": "Feature",
      "properties": {
        "fid": 20,
        "Text": "{\\C7;447}",
        "ogr_style": "LABEL(f:\"Arial\",t:\"{\\C7;447}\",s:7.5g,p:7,c:#00ffff)",
        "font": "Arial",
        "angle": null,
        "size": 7.5,
        "size_u": "g",
        "anchor": "8",
        "color": "#7",
        "underline": 0,
        "plaintext": "447",
        "fcolor": null,
        "flnum": 0,
        "bold": null,
        "italic": null,
        "dx": null,
        "dx_u": null,
        "dy": null,
        "dy_u": null
      },
      "geometry": {
        "type": "Point",
        "coordinates": [
          126.036061795574852,
          43.337136773688414
        ]
      }
    },
    {
      "type": "Feature",
      "properties": {
        "fid": 21,
        "Text": "{\\C7;448}",
        "ogr_style": "LABEL(f:\"Arial\",t:\"{\\C7;448}\",s:7.5g,p:7,c:#00ffff)",
        "font": "Arial",
        "angle": null,
        "size": 7.5,
        "size_u": "g",
        "anchor": "8",
        "color": "#7",
        "underline": 0,
        "plaintext": "448",
        "fcolor": null,
        "flnum": 0,
        "bold": null,
        "italic": null,
        "dx": null,
        "dx_u": null,
        "dy": null,
        "dy_u": null
      },
      "geometry": {
        "type": "Point",
        "coordinates": [
          126.03062760991412,
          43.333993743062891
        ]
      }
    },
    {
      "type": "Feature",
      "properties": {
        "fid": 22,
        "Text": "{\\C7;449}",
        "ogr_style": "LABEL(f:\"Arial\",t:\"{\\C7;449}\",s:7.5g,p:7,c:#00ffff)",
        "font": "Arial",
        "angle": null,
        "size": 7.5,
        "size_u": "g",
        "anchor": "8",
        "color": "#7",
        "underline": 0,
        "plaintext": "449",
        "fcolor": null,
        "flnum": 0,
        "bold": null,
        "italic": null,
        "dx": null,
        "dx_u": null,
        "dy": null,
        "dy_u": null
      },
      "geometry": {
        "type": "Point",
        "coordinates": [
          126.030230980501059,
          43.333672738206587
        ]
      }
    },
    {
      "type": "Feature",
      "properties": {
        "fid": 23,
        "Text": "{\\C7;450}",
        "ogr_style": "LABEL(f:\"Arial\",t:\"{\\C7;450}\",s:7.5g,p:7,c:#00ffff)",
        "font": "Arial",
        "angle": null,
        "size": 7.5,
        "size_u": "g",
        "anchor": "8",
        "color": "#7",
        "underline": 0,
        "plaintext": "450",
        "fcolor": null,
        "flnum": 0,
        "bold": null,
        "italic": null,
        "dx": null,
        "dx_u": null,
        "dy": null,
        "dy_u": null
      },
      "geometry": {
        "type": "Point",
        "coordinates": [
          126.031345987790289,
          43.335159411861454
        ]
      }
    },
    {
      "type": "Feature",
      "properties": {
        "fid": 24,
        "Text": "{\\C7;451}",
        "ogr_style": "LABEL(f:\"Arial\",t:\"{\\C7;451}\",s:7.5g,p:7,c:#00ffff)",
        "font": "Arial",
        "angle": null,
        "size": 7.5,
        "size_u": "g",
        "anchor": "8",
        "color": "#7",
        "underline": 0,
        "plaintext": "451",
        "fcolor": null,
        "flnum": 0,
        "bold": null,
        "italic": null,
        "dx": null,
        "dx_u": null,
        "dy": null,
        "dy_u": null
      },
      "geometry": {
        "type": "Point",
        "coordinates": [
          126.02299176124103,
          43.329327053631062
        ]
      }
    },
    {
      "type": "Feature",
      "properties": {
        "fid": 25,
        "Text": "{\\C7;452}",
        "ogr_style": "LABEL(f:\"Arial\",t:\"{\\C7;452}\",s:7.5g,p:7,c:#00ffff)",
        "font": "Arial",
        "angle": null,
        "size": 7.5,
        "size_u": "g",
        "anchor": "8",
        "color": "#7",
        "underline": 0,
        "plaintext": "452",
        "fcolor": null,
        "flnum": 0,
        "bold": null,
        "italic": null,
        "dx": null,
        "dx_u": null,
        "dy": null,
        "dy_u": null
      },
      "geometry": {
        "type": "Point",
        "coordinates": [
          126.025035739030287,
          43.325415478147796
        ]
      }
    },
    {
      "type": "Feature",
      "properties": {
        "fid": 26,
        "Text": "{\\C7;453}",
        "ogr_style": "LABEL(f:\"Arial\",t:\"{\\C7;453}\",s:7.5g,p:7,c:#00ffff)",
        "font": "Arial",
        "angle": null,
        "size": 7.5,
        "size_u": "g",
        "anchor": "8",
        "color": "#7",
        "underline": 0,
        "plaintext": "453",
        "fcolor": null,
        "flnum": 0,
        "bold": null,
        "italic": null,
        "dx": null,
        "dx_u": null,
        "dy": null,
        "dy_u": null
      },
      "geometry": {
        "type": "Point",
        "coordinates": [
          126.025948479896087,
          43.325592753490959
        ]
      }
    },
    {
      "type": "Feature",
      "properties": {
        "fid": 27,
        "Text": "{\\C7;454}",
        "ogr_style": "LABEL(f:\"Arial\",t:\"{\\C7;454}\",s:7.5g,p:7,c:#00ffff)",
        "font": "Arial",
        "angle": null,
        "size": 7.5,
        "size_u": "g",
        "anchor": "8",
        "color": "#7",
        "underline": 0,
        "plaintext": "454",
        "fcolor": null,
        "flnum": 0,
        "bold": null,
        "italic": null,
        "dx": null,
        "dx_u": null,
        "dy": null,
        "dy_u": null
      },
      "geometry": {
        "type": "Point",
        "coordinates": [
          126.023864088652473,
          43.322881630937317
        ]
      }
    },
    {
      "type": "Feature",
      "properties": {
        "fid": 28,
        "Text": "{\\C7;455}",
        "ogr_style": "LABEL(f:\"Arial\",t:\"{\\C7;455}\",s:7.5g,p:7,c:#00ffff)",
        "font": "Arial",
        "angle": null,
        "size": 7.5,
        "size_u": "g",
        "anchor": "8",
        "color": "#7",
        "underline": 0,
        "plaintext": "455",
        "fcolor": null,
        "flnum": 0,
        "bold": null,
        "italic": null,
        "dx": null,
        "dx_u": null,
        "dy": null,
        "dy_u": null
      },
      "geometry": {
        "type": "Point",
        "coordinates": [
          126.024282192926648,
          43.322633823645148
        ]
      }
    },
    {
      "type": "Feature",
      "properties": {
        "fid": 29,
        "Text": "{\\C7;456}",
        "ogr_style": "LABEL(f:\"Arial\",t:\"{\\C7;456}\",s:7.5g,p:7,c:#00ffff)",
        "font": "Arial",
        "angle": null,
        "size": 7.5,
        "size_u": "g",
        "anchor": "8",
        "color": "#7",
        "underline": 0,
        "plaintext": "456",
        "fcolor": null,
        "flnum": 0,
        "bold": null,
        "italic": null,
        "dx": null,
        "dx_u": null,
        "dy": null,
        "dy_u": null
      },
      "geometry": {
        "type": "Point",
        "coordinates": [
          126.023480291086344,
          43.321883821680721
        ]
      }
    },
    {
      "type": "Feature",
      "properties": {
        "fid": 30,
        "Text": "{\\C7;457}",
        "ogr_style": "LABEL(f:\"Arial\",t:\"{\\C7;457}\",s:7.5g,p:7,c:#00ffff)",
        "font": "Arial",
        "angle": null,
        "size": 7.5,
        "size_u": "g",
        "anchor": "8",
        "color": "#7",
        "underline": 0,
        "plaintext": "457",
        "fcolor": null,
        "flnum": 0,
        "bold": null,
        "italic": null,
        "dx": null,
        "dx_u": null,
        "dy": null,
        "dy_u": null
      },
      "geometry": {
        "type": "Point",
        "coordinates": [
          126.024094526749863,
          43.322087360474939
        ]
      }
    },
    {
      "type": "Feature",
      "properties": {
        "fid": 31,
        "Text": "{\\C7;458}",
        "ogr_style": "LABEL(f:\"Arial\",t:\"{\\C7;458}\",s:7.5g,p:7,c:#00ffff)",
        "font": "Arial",
        "angle": null,
        "size": 7.5,
        "size_u": "g",
        "anchor": "8",
        "color": "#7",
        "underline": 0,
        "plaintext": "458",
        "fcolor": null,
        "flnum": 0,
        "bold": null,
        "italic": null,
        "dx": null,
        "dx_u": null,
        "dy": null,
        "dy_u": null
      },
      "geometry": {
        "type": "Point",
        "coordinates": [
          126.023121235654671,
          43.320927754185476
        ]
      }
    },
    {
      "type": "Feature",
      "properties": {
        "fid": 32,
        "Text": "{\\C7;459}",
        "ogr_style": "LABEL(f:\"Arial\",t:\"{\\C7;459}\",s:7.5g,p:7,c:#00ffff)",
        "font": "Arial",
        "angle": null,
        "size": 7.5,
        "size_u": "g",
        "anchor": "8",
        "color": "#7",
        "underline": 0,
        "plaintext": "459",
        "fcolor": null,
        "flnum": 0,
        "bold": null,
        "italic": null,
        "dx": null,
        "dx_u": null,
        "dy": null,
        "dy_u": null
      },
      "geometry": {
        "type": "Point",
        "coordinates": [
          126.011049559428798,
          43.312561084986555
        ]
      }
    },
    {
      "type": "Feature",
      "properties": {
        "fid": 33,
        "Text": "{\\L\\C1;460}",
        "ogr_style": "LABEL(f:\"Arial\",t:\"{\\L\\C1;460}\",s:10g,p:7,c:#00ffff)",
        "font": "Arial",
        "angle": null,
        "size": 10.0,
        "size_u": "g",
        "anchor": "8",
        "color": "#1",
        "underline": 1,
        "plaintext": "460",
        "fcolor": null,
        "flnum": 0,
        "bold": null,
        "italic": null,
        "dx": null,
        "dx_u": null,
        "dy": null,
        "dy_u": null
      },
      "geometry": {
        "type": "Point",
        "coordinates": [
          126.012498631149128,
          43.316130025898225
        ]
      }
    },
    {
      "type": "Feature",
      "properties": {
        "fid": 34,
        "Text": "{\\L\\C1;460}",
        "ogr_style": "LABEL(f:\"Arial\",t:\"{\\L\\C1;460}\",s:10g,p:7,c:#00ffff)",
        "font": "Arial",
        "angle": null,
        "size": 10.0,
        "size_u": "g",
        "anchor": "8",
        "color": "#1",
        "underline": 1,
        "plaintext": "460",
        "fcolor": null,
        "flnum": 0,
        "bold": null,
        "italic": null,
        "dx": null,
        "dx_u": null,
        "dy": null,
        "dy_u": null
      },
      "geometry": {
        "type": "Point",
        "coordinates": [
          126.017029159453429,
          43.314613461511584
        ]
      }
    },
    {
      "type": "Feature",
      "properties": {
        "fid": 35,
        "Text": "{\\L\\C1;460}",
        "ogr_style": "LABEL(f:\"Arial\",t:\"{\\L\\C1;460}\",s:7.5g,p:7,c:#00ffff)",
        "font": "Arial",
        "angle": null,
        "size": 7.5,
        "size_u": "g",
        "anchor": "8",
        "color": "#1",
        "underline": 1,
        "plaintext": "460",
        "fcolor": null,
        "flnum": 0,
        "bold": null,
        "italic": null,
        "dx": null,
        "dx_u": null,
        "dy": null,
        "dy_u": null
      },
      "geometry": {
        "type": "Point",
        "coordinates": [
          126.017847306661707,
          43.314123552501613
        ]
      }
    },
    {
      "type": "Feature",
      "properties": {
        "fid": 36,
        "Text": "{\\C7;461}",
        "ogr_style": "LABEL(f:\"Arial\",t:\"{\\C7;461}\",s:7.5g,p:7,c:#00ffff)",
        "font": "Arial",
        "angle": null,
        "size": 7.5,
        "size_u": "g",
        "anchor": "8",
        "color": "#7",
        "underline": 0,
        "plaintext": "461",
        "fcolor": null,
        "flnum": 0,
        "bold": null,
        "italic": null,
        "dx": null,
        "dx_u": null,
        "dy": null,
        "dy_u": null
      },
      "geometry": {
        "type": "Point",
        "coordinates": [
          126.02508181092891,
          43.323940214265619
        ]
      }
    },
    {
      "type": "Feature",
      "properties": {
        "fid": 37,
        "Text": "{\\C7;462}",
        "ogr_style": "LABEL(f:\"Arial\",t:\"{\\C7;462}\",s:7.5g,p:7,c:#00ffff)",
        "font": "Arial",
        "angle": null,
        "size": 7.5,
        "size_u": "g",
        "anchor": "8",
        "color": "#7",
        "underline": 0,
        "plaintext": "462",
        "fcolor": null,
        "flnum": 0,
        "bold": null,
        "italic": null,
        "dx": null,
        "dx_u": null,
        "dy": null,
        "dy_u": null
      },
      "geometry": {
        "type": "Point",
        "coordinates": [
          126.025779906935398,
          43.32343212361431
        ]
      }
    },
    {
      "type": "Feature",
      "properties": {
        "fid": 38,
        "Text": "{\\C7;463}",
        "ogr_style": "LABEL(f:\"Arial\",t:\"{\\C7;463}\",s:7.5g,p:7,c:#00ffff)",
        "font": "Arial",
        "angle": null,
        "size": 7.5,
        "size_u": "g",
        "anchor": "8",
        "color": "#7",
        "underline": 0,
        "plaintext": "463",
        "fcolor": null,
        "flnum": 0,
        "bold": null,
        "italic": null,
        "dx": null,
        "dx_u": null,
        "dy": null,
        "dy_u": null
      },
      "geometry": {
        "type": "Point",
        "coordinates": [
          126.030430992013748,
          43.335702545028518
        ]
      }
    },
    {
      "type": "Feature",
      "properties": {
        "fid": 39,
        "Text": "{\\C7;464}",
        "ogr_style": "LABEL(f:\"Arial\",t:\"{\\C7;464}\",s:7.5g,p:7,c:#00ffff)",
        "font": "Arial",
        "angle": null,
        "size": 7.5,
        "size_u": "g",
        "anchor": "8",
        "color": "#7",
        "underline": 0,
        "plaintext": "464",
        "fcolor": null,
        "flnum": 0,
        "bold": null,
        "italic": null,
        "dx": null,
        "dx_u": null,
        "dy": null,
        "dy_u": null
      },
      "geometry": {
        "type": "Point",
        "coordinates": [
          126.033940236346609,
          43.337547446094931
        ]
      }
    },
    {
      "type": "Feature",
      "properties": {
        "fid": 40,
        "Text": "{\\C7;465}",
        "ogr_style": "LABEL(f:\"Arial\",t:\"{\\C7;465}\",s:7.5g,p:7,c:#00ffff)",
        "font": "Arial",
        "angle": null,
        "size": 7.5,
        "size_u": "g",
        "anchor": "8",
        "color": "#7",
        "underline": 0,
        "plaintext": "465",
        "fcolor": null,
        "flnum": 0,
        "bold": null,
        "italic": null,
        "dx": null,
        "dx_u": null,
        "dy": null,
        "dy_u": null
      },
      "geometry": {
        "type": "Point",
        "coordinates": [
          126.012636933349413,
          43.312578741294118
        ]
      }
    },
    {
      "type": "Feature",
      "properties": {
        "fid": 41,
        "Text": "{\\C7;467}",
        "ogr_style": "LABEL(f:\"Arial\",t:\"{\\C7;467}\",s:7.5g,p:7,c:#00ffff)",
        "font": "Arial",
        "angle": null,
        "size": 7.5,
        "size_u": "g",
        "anchor": "8",
        "color": "#7",
        "underline": 0,
        "plaintext": "467",
        "fcolor": null,
        "flnum": 0,
        "bold": null,
        "italic": null,
        "dx": null,
        "dx_u": null,
        "dy": null,
        "dy_u": null
      },
      "geometry": {
        "type": "Point",
        "coordinates": [
          126.023912363372901,
          43.330420123432098
        ]
      }
    },
    {
      "type": "Feature",
      "properties": {
        "fid": 42,
        "Text": "{\\C7;470}",
        "ogr_style": "LABEL(f:\"Arial\",t:\"{\\C7;470}\",s:7.5g,p:7,c:#00ffff)",
        "font": "Arial",
        "angle": null,
        "size": 7.5,
        "size_u": "g",
        "anchor": "8",
        "color": "#7",
        "underline": 0,
        "plaintext": "470",
        "fcolor": null,
        "flnum": 0,
        "bold": null,
        "italic": null,
        "dx": null,
        "dx_u": null,
        "dy": null,
        "dy_u": null
      },
      "geometry": {
        "type": "Point",
        "coordinates": [
          126.022589768053862,
          43.321123967802826
        ]
      }
    },
    {
      "type": "Feature",
      "properties": {
        "fid": 43,
        "Text": "{\\C7;469}",
        "ogr_style": "LABEL(f:\"Arial\",t:\"{\\C7;469}\",s:7.5g,p:7,c:#00ffff)",
        "font": "Arial",
        "angle": null,
        "size": 7.5,
        "size_u": "g",
        "anchor": "8",
        "color": "#7",
        "underline": 0,
        "plaintext": "469",
        "fcolor": null,
        "flnum": 0,
        "bold": null,
        "italic": null,
        "dx": null,
        "dx_u": null,
        "dy": null,
        "dy_u": null
      },
      "geometry": {
        "type": "Point",
        "coordinates": [
          126.022880808653213,
          43.321758402912167
        ]
      }
    },
    {
      "type": "Feature",
      "properties": {
        "fid": 44,
        "Text": "{\\C7;414}",
        "ogr_style": "LABEL(f:\"Arial\",t:\"{\\C7;414}\",s:7.5g,p:7,c:#00ffff)",
        "font": "Arial",
        "angle": null,
        "size": 7.5,
        "size_u": "g",
        "anchor": "8",
        "color": "#7",
        "underline": 0,
        "plaintext": "414",
        "fcolor": null,
        "flnum": 0,
        "bold": null,
        "italic": null,
        "dx": null,
        "dx_u": null,
        "dy": null,
        "dy_u": null
      },
      "geometry": {
        "type": "Point",
        "coordinates": [
          126.039689276894876,
          43.342739062185899
        ]
      }
    },
    {
      "type": "Feature",
      "properties": {
        "fid": 45,
        "Text": "{\\L\\C1;76}",
        "ogr_style": "LABEL(f:\"Arial\",t:\"{\\L\\C1;76}\",s:12.5g,p:7,c:#00ffff)",
        "font": "Arial",
        "angle": null,
        "size": 12.5,
        "size_u": "g",
        "anchor": "8",
        "color": "#1",
        "underline": 1,
        "plaintext": "76",
        "fcolor": null,
        "flnum": 0,
        "bold": null,
        "italic": null,
        "dx": null,
        "dx_u": null,
        "dy": null,
        "dy_u": null
      },
      "geometry": {
        "type": "Point",
        "coordinates": [
          126.035315197605257,
          43.342778281119735
        ]
      }
    },
    {
      "type": "Feature",
      "properties": {
        "fid": 46,
        "Text": "{\\C7;86}",
        "ogr_style": "LABEL(f:\"Arial\",t:\"{\\C7;86}\",s:7.5g,p:7,c:#00ffff)",
        "font": "Arial",
        "angle": null,
        "size": 7.5,
        "size_u": "g",
        "anchor": "8",
        "color": "#7",
        "underline": 0,
        "plaintext": "86",
        "fcolor": null,
        "flnum": 0,
        "bold": null,
        "italic": null,
        "dx": null,
        "dx_u": null,
        "dy": null,
        "dy_u": null
      },
      "geometry": {
        "type": "Point",
        "coordinates": [
          126.03502572117219,
          43.342508011439556
        ]
      }
    },
    {
      "type": "Feature",
      "properties": {
        "fid": 47,
        "Text": "{\\C7;465}",
        "ogr_style": "LABEL(f:\"Arial\",t:\"{\\C7;465}\",s:7.5g,p:7,c:#00ffff)",
        "font": "Arial",
        "angle": null,
        "size": 7.5,
        "size_u": "g",
        "anchor": "8",
        "color": "#7",
        "underline": 0,
        "plaintext": "465",
        "fcolor": null,
        "flnum": 0,
        "bold": null,
        "italic": null,
        "dx": null,
        "dx_u": null,
        "dy": null,
        "dy_u": null
      },
      "geometry": {
        "type": "Point",
        "coordinates": [
          126.009142332531439,
          43.311626988621278
        ]
      }
    },
    {
      "type": "Feature",
      "properties": {
        "fid": 48,
        "Text": "{\\C7;466}",
        "ogr_style": "LABEL(f:\"Arial\",t:\"{\\C7;466}\",s:7.5g,p:7,c:#00ffff)",
        "font": "Arial",
        "angle": null,
        "size": 7.5,
        "size_u": "g",
        "anchor": "8",
        "color": "#7",
        "underline": 0,
        "plaintext": "466",
        "fcolor": null,
        "flnum": 0,
        "bold": null,
        "italic": null,
        "dx": null,
        "dx_u": null,
        "dy": null,
        "dy_u": null
      },
      "geometry": {
        "type": "Point",
        "coordinates": [
          126.004962435303227,
          43.309334838622497
        ]
      }
    },
    {
      "type": "Feature",
      "properties": {
        "fid": 49,
        "Text": "в1",
        "ogr_style": "LABEL(f:\"Arial\",t:\"в1\",s:7.5g,p:7,c:#000000)",
        "font": "Arial",
        "angle": null,
        "size": 7.5,
        "size_u": "g",
        "anchor": "8",
        "color": "#000000",
        "underline": 0,
        "plaintext": "в1",
        "fcolor": null,
        "flnum": 0,
        "bold": null,
        "italic": null,
        "dx": null,
        "dx_u": null,
        "dy": null,
        "dy_u": null
      },
      "geometry": {
        "type": "Point",
        "coordinates": [
          126.012900780549501,
          43.317567657991276
        ]
      }
    },
    {
      "type": "Feature",
      "properties": {
        "fid": 50,
        "Text": "{\\C7;в5}",
        "ogr_style": "LABEL(f:\"Arial\",t:\"{\\C7;в5}\",s:7.5g,p:7,c:#00ffff)",
        "font": "Arial",
        "angle": null,
        "size": 7.5,
        "size_u": "g",
        "anchor": "8",
        "color": "#7",
        "underline": 0,
        "plaintext": "в5",
        "fcolor": null,
        "flnum": 0,
        "bold": null,
        "italic": null,
        "dx": null,
        "dx_u": null,
        "dy": null,
        "dy_u": null
      },
      "geometry": {
        "type": "Point",
        "coordinates": [
          126.039037963824157,
          43.343130084765505
        ]
      }
    },
    {
      "type": "Feature",
      "properties": {
        "fid": 51,
        "Text": "{\\C7;в7}",
        "ogr_style": "LABEL(f:\"Arial\",t:\"{\\C7;в7}\",s:7.5g,p:7,c:#00ffff)",
        "font": "Arial",
        "angle": null,
        "size": 7.5,
        "size_u": "g",
        "anchor": "8",
        "color": "#7",
        "underline": 0,
        "plaintext": "в7",
        "fcolor": null,
        "flnum": 0,
        "bold": null,
        "italic": null,
        "dx": null,
        "dx_u": null,
        "dy": null,
        "dy_u": null
      },
      "geometry": {
        "type": "Point",
        "coordinates": [
          126.004779904008004,
          43.308927729926694
        ]
      }
    },
    {
      "type": "Feature",
      "properties": {
        "fid": 52,
        "Text": "{\\C7;162}",
        "ogr_style": "LABEL(f:\"Arial\",t:\"{\\C7;162}\",s:7.5g,p:7,c:#00ffff)",
        "font": "Arial",
        "angle": null,
        "size": 7.5,
        "size_u": "g",
        "anchor": "8",
        "color": "#7",
        "underline": 0,
        "plaintext": "162",
        "fcolor": null,
        "flnum": 0,
        "bold": null,
        "italic": null,
        "dx": null,
        "dx_u": null,
        "dy": null,
        "dy_u": null
      },
      "geometry": {
        "type": "Point",
        "coordinates": [
          126.034751079872507,
          43.345654948527077
        ]
      }
    },
    {
      "type": "Feature",
      "properties": {
        "fid": 53,
        "Text": "{\\C7;203}",
        "ogr_style": "LABEL(f:\"Arial\",t:\"{\\C7;203}\",s:7.5g,p:7,c:#00ffff)",
        "font": "Arial",
        "angle": null,
        "size": 7.5,
        "size_u": "g",
        "anchor": "8",
        "color": "#7",
        "underline": 0,
        "plaintext": "203",
        "fcolor": null,
        "flnum": 0,
        "bold": null,
        "italic": null,
        "dx": null,
        "dx_u": null,
        "dy": null,
        "dy_u": null
      },
      "geometry": {
        "type": "Point",
        "coordinates": [
          126.039579720717086,
          43.346948348503432
        ]
      }
    },
    {
      "type": "Feature",
      "properties": {
        "fid": 54,
        "Text": "{\\C7;374}",
        "ogr_style": "LABEL(f:\"Arial\",t:\"{\\C7;374}\",s:7.5g,p:7,c:#00ffff)",
        "font": "Arial",
        "angle": null,
        "size": 7.5,
        "size_u": "g",
        "anchor": "8",
        "color": "#7",
        "underline": 0,
        "plaintext": "374",
        "fcolor": null,
        "flnum": 0,
        "bold": null,
        "italic": null,
        "dx": null,
        "dx_u": null,
        "dy": null,
        "dy_u": null
      },
      "geometry": {
        "type": "Point",
        "coordinates": [
          126.037068077871027,
          43.347045068718721
        ]
      }
    },
    {
      "type": "Feature",
      "properties": {
        "fid": 55,
        "Text": "{\\C7;375}",
        "ogr_style": "LABEL(f:\"Arial\",t:\"{\\C7;375}\",s:7.5g,p:7,c:#00ffff)",
        "font": "Arial",
        "angle": null,
        "size": 7.5,
        "size_u": "g",
        "anchor": "8",
        "color": "#7",
        "underline": 0,
        "plaintext": "375",
        "fcolor": null,
        "flnum": 0,
        "bold": null,
        "italic": null,
        "dx": null,
        "dx_u": null,
        "dy": null,
        "dy_u": null
      },
      "geometry": {
        "type": "Point",
        "coordinates": [
          126.037335077702068,
          43.346790730506044
        ]
      }
    },
    {
      "type": "Feature",
      "properties": {
        "fid": 56,
        "Text": "{\\C7;377}",
        "ogr_style": "LABEL(f:\"Arial\",t:\"{\\C7;377}\",s:7.5g,p:7,c:#00ffff)",
        "font": "Arial",
        "angle": null,
        "size": 7.5,
        "size_u": "g",
        "anchor": "8",
        "color": "#7",
        "underline": 0,
        "plaintext": "377",
        "fcolor": null,
        "flnum": 0,
        "bold": null,
        "italic": null,
        "dx": null,
        "dx_u": null,
        "dy": null,
        "dy_u": null
      },
      "geometry": {
        "type": "Point",
        "coordinates": [
          126.039855162907486,
          43.344901596502162
        ]
      }
    },
    {
      "type": "Feature",
      "properties": {
        "fid": 57,
        "Text": "{\\C7;405}",
        "ogr_style": "LABEL(f:\"Arial\",t:\"{\\C7;405}\",s:7.5g,p:7,c:#00ffff)",
        "font": "Arial",
        "angle": null,
        "size": 7.5,
        "size_u": "g",
        "anchor": "8",
        "color": "#7",
        "underline": 0,
        "plaintext": "405",
        "fcolor": null,
        "flnum": 0,
        "bold": null,
        "italic": null,
        "dx": null,
        "dx_u": null,
        "dy": null,
        "dy_u": null
      },
      "geometry": {
        "type": "Point",
        "coordinates": [
          126.036532279468844,
          43.344993437690654
        ]
      }
    },
    {
      "type": "Feature",
      "properties": {
        "fid": 58,
        "Text": "{\\C7;405}",
        "ogr_style": "LABEL(f:\"Arial\",t:\"{\\C7;405}\",s:7.5g,p:7,c:#00ffff)",
        "font": "Arial",
        "angle": null,
        "size": 7.5,
        "size_u": "g",
        "anchor": "8",
        "color": "#7",
        "underline": 0,
        "plaintext": "405",
        "fcolor": null,
        "flnum": 0,
        "bold": null,
        "italic": null,
        "dx": null,
        "dx_u": null,
        "dy": null,
        "dy_u": null
      },
      "geometry": {
        "type": "Point",
        "coordinates": [
          126.038038135542777,
          43.345266054677772
        ]
      }
    },
    {
      "type": "Feature",
      "properties": {
        "fid": 59,
        "Text": "{\\C7;156}",
        "ogr_style": "LABEL(f:\"Arial\",t:\"{\\C7;156}\",s:7.5g,p:7,c:#00ffff)",
        "font": "Arial",
        "angle": null,
        "size": 7.5,
        "size_u": "g",
        "anchor": "8",
        "color": "#7",
        "underline": 0,
        "plaintext": "156",
        "fcolor": null,
        "flnum": 0,
        "bold": null,
        "italic": null,
        "dx": null,
        "dx_u": null,
        "dy": null,
        "dy_u": null
      },
      "geometry": {
        "type": "Point",
        "coordinates": [
          126.03625443551627,
          43.347056067661271
        ]
      }
    },
    {
      "type": "Feature",
      "properties": {
        "fid": 60,
        "Text": "{\\C7;145}",
        "ogr_style": "LABEL(f:\"Arial\",t:\"{\\C7;145}\",s:7.5g,p:7,c:#00ffff)",
        "font": "Arial",
        "angle": null,
        "size": 7.5,
        "size_u": "g",
        "anchor": "8",
        "color": "#7",
        "underline": 0,
        "plaintext": "145",
        "fcolor": null,
        "flnum": 0,
        "bold": null,
        "italic": null,
        "dx": null,
        "dx_u": null,
        "dy": null,
        "dy_u": null
      },
      "geometry": {
        "type": "Point",
        "coordinates": [
          126.048988073982841,
          43.344802940584117
        ]
      }
    },
    {
      "type": "Feature",
      "properties": {
        "fid": 61,
        "Text": "{\\C7;307}",
        "ogr_style": "LABEL(f:\"Arial\",t:\"{\\C7;307}\",s:7.5g,p:7,c:#00ffff)",
        "font": "Arial",
        "angle": null,
        "size": 7.5,
        "size_u": "g",
        "anchor": "8",
        "color": "#7",
        "underline": 0,
        "plaintext": "307",
        "fcolor": null,
        "flnum": 0,
        "bold": null,
        "italic": null,
        "dx": null,
        "dx_u": null,
        "dy": null,
        "dy_u": null
      },
      "geometry": {
        "type": "Point",
        "coordinates": [
          126.048410951674853,
          43.346475674253583
        ]
      }
    },
    {
      "type": "Feature",
      "properties": {
        "fid": 62,
        "Text": "{\\C7;309}",
        "ogr_style": "LABEL(f:\"Arial\",t:\"{\\C7;309}\",s:7.5g,p:7,c:#00ffff)",
        "font": "Arial",
        "angle": null,
        "size": 7.5,
        "size_u": "g",
        "anchor": "8",
        "color": "#7",
        "underline": 0,
        "plaintext": "309",
        "fcolor": null,
        "flnum": 0,
        "bold": null,
        "italic": null,
        "dx": null,
        "dx_u": null,
        "dy": null,
        "dy_u": null
      },
      "geometry": {
        "type": "Point",
        "coordinates": [
          126.04934049617377,
          43.346352540358509
        ]
      }
    },
    {
      "type": "Feature",
      "properties": {
        "fid": 63,
        "Text": "{\\C7;2}",
        "ogr_style": "LABEL(f:\"Arial\",t:\"{\\C7;2}\",s:7.5g,p:7,c:#00ffff)",
        "font": "Arial",
        "angle": null,
        "size": 7.5,
        "size_u": "g",
        "anchor": "8",
        "color": "#7",
        "underline": 0,
        "plaintext": "2",
        "fcolor": null,
        "flnum": 0,
        "bold": null,
        "italic": null,
        "dx": null,
        "dx_u": null,
        "dy": null,
        "dy_u": null
      },
      "geometry": {
        "type": "Point",
        "coordinates": [
          126.040308176749136,
          43.343451661905107
        ]
      }
    },
    {
      "type": "Feature",
      "properties": {
        "fid": 64,
        "Text": "{\\C7;55}",
        "ogr_style": "LABEL(f:\"Arial\",t:\"{\\C7;55}\",s:7.5g,p:7,c:#00ffff)",
        "font": "Arial",
        "angle": null,
        "size": 7.5,
        "size_u": "g",
        "anchor": "8",
        "color": "#7",
        "underline": 0,
        "plaintext": "55",
        "fcolor": null,
        "flnum": 0,
        "bold": null,
        "italic": null,
        "dx": null,
        "dx_u": null,
        "dy": null,
        "dy_u": null
      },
      "geometry": {
        "type": "Point",
        "coordinates": [
          126.04107753253318,
          43.343761964651726
        ]
      }
    },
    {
      "type": "Feature",
      "properties": {
        "fid": 65,
        "Text": "{\\C7;57}",
        "ogr_style": "LABEL(f:\"Arial\",t:\"{\\C7;57}\",s:7.5g,p:7,c:#00ffff)",
        "font": "Arial",
        "angle": null,
        "size": 7.5,
        "size_u": "g",
        "anchor": "8",
        "color": "#7",
        "underline": 0,
        "plaintext": "57",
        "fcolor": null,
        "flnum": 0,
        "bold": null,
        "italic": null,
        "dx": null,
        "dx_u": null,
        "dy": null,
        "dy_u": null
      },
      "geometry": {
        "type": "Point",
        "coordinates": [
          126.040974188948667,
          43.344451694071566
        ]
      }
    },
    {
      "type": "Feature",
      "properties": {
        "fid": 66,
        "Text": "{\\C7;56}",
        "ogr_style": "LABEL(f:\"Arial\",t:\"{\\C7;56}\",s:7.5g,p:7,c:#00ffff)",
        "font": "Arial",
        "angle": null,
        "size": 7.5,
        "size_u": "g",
        "anchor": "8",
        "color": "#7",
        "underline": 0,
        "plaintext": "56",
        "fcolor": null,
        "flnum": 0,
        "bold": null,
        "italic": null,
        "dx": null,
        "dx_u": null,
        "dy": null,
        "dy_u": null
      },
      "geometry": {
        "type": "Point",
        "coordinates": [
          126.041081495956732,
          43.344896785566256
        ]
      }
    },
    {
      "type": "Feature",
      "properties": {
        "fid": 67,
        "Text": "{\\C7;58}",
        "ogr_style": "LABEL(f:\"Arial\",t:\"{\\C7;58}\",s:7.5g,p:7,c:#00ffff)",
        "font": "Arial",
        "angle": null,
        "size": 7.5,
        "size_u": "g",
        "anchor": "8",
        "color": "#7",
        "underline": 0,
        "plaintext": "58",
        "fcolor": null,
        "flnum": 0,
        "bold": null,
        "italic": null,
        "dx": null,
        "dx_u": null,
        "dy": null,
        "dy_u": null
      },
      "geometry": {
        "type": "Point",
        "coordinates": [
          126.041297822788621,
          43.345591255627262
        ]
      }
    },
    {
      "type": "Feature",
      "properties": {
        "fid": 68,
        "Text": "{\\C7;59}",
        "ogr_style": "LABEL(f:\"Arial\",t:\"{\\C7;59}\",s:7.5g,p:7,c:#00ffff)",
        "font": "Arial",
        "angle": null,
        "size": 7.5,
        "size_u": "g",
        "anchor": "8",
        "color": "#7",
        "underline": 0,
        "plaintext": "59",
        "fcolor": null,
        "flnum": 0,
        "bold": null,
        "italic": null,
        "dx": null,
        "dx_u": null,
        "dy": null,
        "dy_u": null
      },
      "geometry": {
        "type": "Point",
        "coordinates": [
          126.040611104131074,
          43.344811162500626
        ]
      }
    },
    {
      "type": "Feature",
      "properties": {
        "fid": 69,
        "Text": "{\\C7;62}",
        "ogr_style": "LABEL(f:\"Arial\",t:\"{\\C7;62}\",s:7.5g,p:7,c:#00ffff)",
        "font": "Arial",
        "angle": null,
        "size": 7.5,
        "size_u": "g",
        "anchor": "8",
        "color": "#7",
        "underline": 0,
        "plaintext": "62",
        "fcolor": null,
        "flnum": 0,
        "bold": null,
        "italic": null,
        "dx": null,
        "dx_u": null,
        "dy": null,
        "dy_u": null
      },
      "geometry": {
        "type": "Point",
        "coordinates": [
          126.041557564984473,
          43.346610822871043
        ]
      }
    },
    {
      "type": "Feature",
      "properties": {
        "fid": 70,
        "Text": "{\\C7;60}",
        "ogr_style": "LABEL(f:\"Arial\",t:\"{\\C7;60}\",s:7.5g,p:7,c:#00ffff)",
        "font": "Arial",
        "angle": null,
        "size": 7.5,
        "size_u": "g",
        "anchor": "8",
        "color": "#7",
        "underline": 0,
        "plaintext": "60",
        "fcolor": null,
        "flnum": 0,
        "bold": null,
        "italic": null,
        "dx": null,
        "dx_u": null,
        "dy": null,
        "dy_u": null
      },
      "geometry": {
        "type": "Point",
        "coordinates": [
          126.041436615187621,
          43.345939705662921
        ]
      }
    },
    {
      "type": "Feature",
      "properties": {
        "fid": 71,
        "Text": "{\\C7;61}",
        "ogr_style": "LABEL(f:\"Arial\",t:\"{\\C7;61}\",s:7.5g,p:7,c:#00ffff)",
        "font": "Arial",
        "angle": null,
        "size": 7.5,
        "size_u": "g",
        "anchor": "8",
        "color": "#7",
        "underline": 0,
        "plaintext": "61",
        "fcolor": null,
        "flnum": 0,
        "bold": null,
        "italic": null,
        "dx": null,
        "dx_u": null,
        "dy": null,
        "dy_u": null
      },
      "geometry": {
        "type": "Point",
        "coordinates": [
          126.040331466381986,
          43.345428936982408
        ]
      }
    },
    {
      "type": "Feature",
      "properties": {
        "fid": 72,
        "Text": "{\\C7;155}",
        "ogr_style": "LABEL(f:\"Arial\",t:\"{\\C7;155}\",s:7.5g,p:7,c:#00ffff)",
        "font": "Arial",
        "angle": null,
        "size": 7.5,
        "size_u": "g",
        "anchor": "8",
        "color": "#7",
        "underline": 0,
        "plaintext": "155",
        "fcolor": null,
        "flnum": 0,
        "bold": null,
        "italic": null,
        "dx": null,
        "dx_u": null,
        "dy": null,
        "dy_u": null
      },
      "geometry": {
        "type": "Point",
        "coordinates": [
          126.042225772813126,
          43.345507651783237
        ]
      }
    },
    {
      "type": "Feature",
      "properties": {
        "fid": 73,
        "Text": "{\\C7;379}",
        "ogr_style": "LABEL(f:\"Arial\",t:\"{\\C7;379}\",s:7.5g,p:7,c:#00ffff)",
        "font": "Arial",
        "angle": null,
        "size": 7.5,
        "size_u": "g",
        "anchor": "8",
        "color": "#7",
        "underline": 0,
        "plaintext": "379",
        "fcolor": null,
        "flnum": 0,
        "bold": null,
        "italic": null,
        "dx": null,
        "dx_u": null,
        "dy": null,
        "dy_u": null
      },
      "geometry": {
        "type": "Point",
        "coordinates": [
          126.041763111944348,
          43.34521569188783
        ]
      }
    },
    {
      "type": "Feature",
      "properties": {
        "fid": 74,
        "Text": "{\\C7;416}",
        "ogr_style": "LABEL(f:\"Arial\",t:\"{\\C7;416}\",s:7.5g,p:7,c:#00ffff)",
        "font": "Arial",
        "angle": null,
        "size": 7.5,
        "size_u": "g",
        "anchor": "8",
        "color": "#7",
        "underline": 0,
        "plaintext": "416",
        "fcolor": null,
        "flnum": 0,
        "bold": null,
        "italic": null,
        "dx": null,
        "dx_u": null,
        "dy": null,
        "dy_u": null
      },
      "geometry": {
        "type": "Point",
        "coordinates": [
          126.040552622969741,
          43.345909752332673
        ]
      }
    },
    {
      "type": "Feature",
      "properties": {
        "fid": 75,
        "Text": "{\\C7;378}",
        "ogr_style": "LABEL(f:\"Arial\",t:\"{\\C7;378}\",s:7.5g,p:7,c:#00ffff)",
        "font": "Arial",
        "angle": null,
        "size": 7.5,
        "size_u": "g",
        "anchor": "8",
        "color": "#7",
        "underline": 0,
        "plaintext": "378",
        "fcolor": null,
        "flnum": 0,
        "bold": null,
        "italic": null,
        "dx": null,
        "dx_u": null,
        "dy": null,
        "dy_u": null
      },
      "geometry": {
        "type": "Point",
        "coordinates": [
          126.041719888333319,
          43.345049164309771
        ]
      }
    },
    {
      "type": "Feature",
      "properties": {
        "fid": 76,
        "Text": "{\\C7;417}",
        "ogr_style": "LABEL(f:\"Arial\",t:\"{\\C7;417}\",s:7.5g,p:7,c:#00ffff)",
        "font": "Arial",
        "angle": null,
        "size": 7.5,
        "size_u": "g",
        "anchor": "8",
        "color": "#7",
        "underline": 0,
        "plaintext": "417",
        "fcolor": null,
        "flnum": 0,
        "bold": null,
        "italic": null,
        "dx": null,
        "dx_u": null,
        "dy": null,
        "dy_u": null
      },
      "geometry": {
        "type": "Point",
        "coordinates": [
          126.042949732876394,
          43.343609435792999
        ]
      }
    },
    {
      "type": "Feature",
      "properties": {
        "fid": 77,
        "Text": "{\\C7;163}",
        "ogr_style": "LABEL(f:\"Arial\",t:\"{\\C7;163}\",s:7.5g,p:7,c:#00ffff)",
        "font": "Arial",
        "angle": null,
        "size": 7.5,
        "size_u": "g",
        "anchor": "8",
        "color": "#7",
        "underline": 0,
        "plaintext": "163",
        "fcolor": null,
        "flnum": 0,
        "bold": null,
        "italic": null,
        "dx": null,
        "dx_u": null,
        "dy": null,
        "dy_u": null
      },
      "geometry": {
        "type": "Point",
        "coordinates": [
          126.034073560625785,
          43.343823260444488
        ]
      }
    },
    {
      "type": "Feature",
      "properties": {
        "fid": 78,
        "Text": "{\\C7;107}",
        "ogr_style": "LABEL(f:\"Arial\",t:\"{\\C7;107}\",s:7.5g,p:7,c:#00ffff)",
        "font": "Arial",
        "angle": null,
        "size": 7.5,
        "size_u": "g",
        "anchor": "8",
        "color": "#7",
        "underline": 0,
        "plaintext": "107",
        "fcolor": null,
        "flnum": 0,
        "bold": null,
        "italic": null,
        "dx": null,
        "dx_u": null,
        "dy": null,
        "dy_u": null
      },
      "geometry": {
        "type": "Point",
        "coordinates": [
          126.041730189051066,
          43.343588339470486
        ]
      }
    },
    {
      "type": "Feature",
      "properties": {
        "fid": 79,
        "Text": "468",
        "ogr_style": "LABEL(f:\"Arial\",t:\"468\",s:10g,p:7,c:#000000)",
        "font": "Arial",
        "angle": null,
        "size": 10.0,
        "size_u": "g",
        "anchor": "8",
        "color": "#000000",
        "underline": 0,
        "plaintext": "468",
        "fcolor": null,
        "flnum": 0,
        "bold": null,
        "italic": null,
        "dx": null,
        "dx_u": null,
        "dy": null,
        "dy_u": null
      },
      "geometry": {
        "type": "Point",
        "coordinates": [
          126.022188207430716,
          43.325928287382574
        ]
      }
    },
    {
      "type": "Feature",
      "properties": {
        "fid": 80,
        "Text": "{\\C7;141}",
        "ogr_style": "LABEL(f:\"Arial\",t:\"{\\C7;141}\",s:7.5g,p:7,c:#00ffff)",
        "font": "Arial",
        "angle": null,
        "size": 7.5,
        "size_u": "g",
        "anchor": "8",
        "color": "#7",
        "underline": 0,
        "plaintext": "141",
        "fcolor": null,
        "flnum": 0,
        "bold": null,
        "italic": null,
        "dx": null,
        "dx_u": null,
        "dy": null,
        "dy_u": null
      },
      "geometry": {
        "type": "Point",
        "coordinates": [
          126.050018147624272,
          43.344316305438134
        ]
      }
    },
    {
      "type": "Feature",
      "properties": {
        "fid": 81,
        "Text": "{\\C7;145}",
        "ogr_style": "LABEL(f:\"Arial\",t:\"{\\C7;145}\",s:7.5g,p:7,c:#00ffff)",
        "font": "Arial",
        "angle": null,
        "size": 7.5,
        "size_u": "g",
        "anchor": "8",
        "color": "#7",
        "underline": 0,
        "plaintext": "145",
        "fcolor": null,
        "flnum": 0,
        "bold": null,
        "italic": null,
        "dx": null,
        "dx_u": null,
        "dy": null,
        "dy_u": null
      },
      "geometry": {
        "type": "Point",
        "coordinates": [
          126.048988073982841,
          43.344802940584117
        ]
      }
    },
    {
      "type": "Feature",
      "properties": {
        "fid": 82,
        "Text": "{\\C7;в6}",
        "ogr_style": "LABEL(f:\"Arial\",t:\"{\\C7;в6}\",s:7.5g,p:7,c:#00ffff)",
        "font": "Arial",
        "angle": null,
        "size": 7.5,
        "size_u": "g",
        "anchor": "8",
        "color": "#7",
        "underline": 0,
        "plaintext": "в6",
        "fcolor": null,
        "flnum": 0,
        "bold": null,
        "italic": null,
        "dx": null,
        "dx_u": null,
        "dy": null,
        "dy_u": null
      },
      "geometry": {
        "type": "Point",
        "coordinates": [
          126.006544535040916,
          43.302648593906632
        ]
      }
    },
    {
      "type": "Feature",
      "properties": {
        "fid": 83,
        "Text": "{\\C7;в8}",
        "ogr_style": "LABEL(f:\"Arial\",t:\"{\\C7;в8}\",s:7.5g,p:7,c:#00ffff)",
        "font": "Arial",
        "angle": null,
        "size": 7.5,
        "size_u": "g",
        "anchor": "8",
        "color": "#7",
        "underline": 0,
        "plaintext": "в8",
        "fcolor": null,
        "flnum": 0,
        "bold": null,
        "italic": null,
        "dx": null,
        "dx_u": null,
        "dy": null,
        "dy_u": null
      },
      "geometry": {
        "type": "Point",
        "coordinates": [
          126.00638524386703,
          43.312449063171528
        ]
      }
    },
    {
      "type": "Feature",
      "properties": {
        "fid": 84,
        "Text": "{\\C7;ЛИНИЯ СТЫКОВКИ}",
        "ogr_style": "LABEL(f:\"Arial\",t:\"{\\C7;ЛИНИЯ СТЫКОВКИ}\",s:22g,p:7,c:#00ffff)",
        "font": "Arial",
        "angle": null,
        "size": 22.0,
        "size_u": "g",
        "anchor": "8",
        "color": "#7",
        "underline": 0,
        "plaintext": "ЛИНИЯ СТЫКОВКИ",
        "fcolor": null,
        "flnum": 0,
        "bold": null,
        "italic": null,
        "dx": null,
        "dx_u": null,
        "dy": null,
        "dy_u": null
      },
      "geometry": {
        "type": "Point",
        "coordinates": [
          126.027132731270015,
          43.345432504446087
        ]
      }
    },
    {
      "type": "Feature",
      "properties": {
        "fid": 85,
        "Text": "{\\L\\C1;13}",
        "ogr_style": "LABEL(f:\"Arial\",t:\"{\\L\\C1;13}\",s:10g,p:7,c:#000000)",
        "font": "Arial",
        "angle": null,
        "size": 10.0,
        "size_u": "g",
        "anchor": "8",
        "color": "#1",
        "underline": 1,
        "plaintext": "13",
        "fcolor": null,
        "flnum": 0,
        "bold": null,
        "italic": null,
        "dx": null,
        "dx_u": null,
        "dy": null,
        "dy_u": null
      },
      "geometry": {
        "type": "Point",
        "coordinates": [
          126.039944541071009,
          43.349027919199756
        ]
      }
    },
    {
      "type": "Feature",
      "properties": {
        "fid": 86,
        "Text": "{\\C7;2}",
        "ogr_style": "LABEL(f:\"Arial\",t:\"{\\C7;2}\",s:7.5g,p:7,c:#00ffff)",
        "font": "Arial",
        "angle": null,
        "size": 7.5,
        "size_u": "g",
        "anchor": "8",
        "color": "#7",
        "underline": 0,
        "plaintext": "2",
        "fcolor": null,
        "flnum": 0,
        "bold": null,
        "italic": null,
        "dx": null,
        "dx_u": null,
        "dy": null,
        "dy_u": null
      },
      "geometry": {
        "type": "Point",
        "coordinates": [
          126.040308176749136,
          43.343451661905107
        ]
      }
    },
    {
      "type": "Feature",
      "properties": {
        "fid": 87,
        "Text": "{\\C256;3}",
        "ogr_style": "LABEL(f:\"Arial\",t:\"{\\C256;3}\",s:7.5g,p:7,c:#00ffff)",
        "font": "Arial",
        "angle": null,
        "size": 7.5,
        "size_u": "g",
        "anchor": "8",
        "color": "#100",
        "underline": 0,
        "plaintext": "3",
        "fcolor": null,
        "flnum": 0,
        "bold": null,
        "italic": null,
        "dx": null,
        "dx_u": null,
        "dy": null,
        "dy_u": null
      },
      "geometry": {
        "type": "Point",
        "coordinates": [
          126.08804926444968,
          43.346860524854414
        ]
      }
    },
    {
      "type": "Feature",
      "properties": {
        "fid": 88,
        "Text": "{\\C256;4}",
        "ogr_style": "LABEL(f:\"Arial\",t:\"{\\C256;4}\",s:7.5g,p:7,c:#00ffff)",
        "font": "Arial",
        "angle": null,
        "size": 7.5,
        "size_u": "g",
        "anchor": "8",
        "color": "#100",
        "underline": 0,
        "plaintext": "4",
        "fcolor": null,
        "flnum": 0,
        "bold": null,
        "italic": null,
        "dx": null,
        "dx_u": null,
        "dy": null,
        "dy_u": null
      },
      "geometry": {
        "type": "Point",
        "coordinates": [
          126.090302905338675,
          43.348333977819188
        ]
      }
    },
    {
      "type": "Feature",
      "properties": {
        "fid": 89,
        "Text": "{\\C7;5}",
        "ogr_style": "LABEL(f:\"Arial\",t:\"{\\C7;5}\",s:7.5g,p:7,c:#00ffff)",
        "font": "Arial",
        "angle": null,
        "size": 7.5,
        "size_u": "g",
        "anchor": "8",
        "color": "#7",
        "underline": 0,
        "plaintext": "5",
        "fcolor": null,
        "flnum": 0,
        "bold": null,
        "italic": null,
        "dx": null,
        "dx_u": null,
        "dy": null,
        "dy_u": null
      },
      "geometry": {
        "type": "Point",
        "coordinates": [
          126.038526316644393,
          43.349390158100626
        ]
      }
    },
    {
      "type": "Feature",
      "properties": {
        "fid": 90,
        "Text": "{\\C7;6}",
        "ogr_style": "LABEL(f:\"Arial\",t:\"{\\C7;6}\",s:7.5g,p:7,c:#00ffff)",
        "font": "Arial",
        "angle": null,
        "size": 7.5,
        "size_u": "g",
        "anchor": "8",
        "color": "#7",
        "underline": 0,
        "plaintext": "6",
        "fcolor": null,
        "flnum": 0,
        "bold": null,
        "italic": null,
        "dx": null,
        "dx_u": null,
        "dy": null,
        "dy_u": null
      },
      "geometry": {
        "type": "Point",
        "coordinates": [
          126.039052889367326,
          43.349338402420827
        ]
      }
    },
    {
      "type": "Feature",
      "properties": {
        "fid": 91,
        "Text": "{\\C7;7}",
        "ogr_style": "LABEL(f:\"Arial\",t:\"{\\C7;7}\",s:7.5g,p:7,c:#00ffff)",
        "font": "Arial",
        "angle": null,
        "size": 7.5,
        "size_u": "g",
        "anchor": "8",
        "color": "#7",
        "underline": 0,
        "plaintext": "7",
        "fcolor": null,
        "flnum": 0,
        "bold": null,
        "italic": null,
        "dx": null,
        "dx_u": null,
        "dy": null,
        "dy_u": null
      },
      "geometry": {
        "type": "Point",
        "coordinates": [
          126.03985466874353,
          43.349195734569108
        ]
      }
    },
    {
      "type": "Feature",
      "properties": {
        "fid": 92,
        "Text": "{\\C7;9}",
        "ogr_style": "LABEL(f:\"Arial\",t:\"{\\C7;9}\",s:7.5g,p:7,c:#00ffff)",
        "font": "Arial",
        "angle": null,
        "size": 7.5,
        "size_u": "g",
        "anchor": "8",
        "color": "#7",
        "underline": 0,
        "plaintext": "9",
        "fcolor": null,
        "flnum": 0,
        "bold": null,
        "italic": null,
        "dx": null,
        "dx_u": null,
        "dy": null,
        "dy_u": null
      },
      "geometry": {
        "type": "Point",
        "coordinates": [
          126.040281223754121,
          43.349221554219994
        ]
      }
    },
    {
      "type": "Feature",
      "properties": {
        "fid": 93,
        "Text": "{\\C7;10}",
        "ogr_style": "LABEL(f:\"Arial\",t:\"{\\C7;10}\",s:7.5g,p:7,c:#00ffff)",
        "font": "Arial",
        "angle": null,
        "size": 7.5,
        "size_u": "g",
        "anchor": "8",
        "color": "#7",
        "underline": 0,
        "plaintext": "10",
        "fcolor": null,
        "flnum": 0,
        "bold": null,
        "italic": null,
        "dx": null,
        "dx_u": null,
        "dy": null,
        "dy_u": null
      },
      "geometry": {
        "type": "Point",
        "coordinates": [
          126.040098446210379,
          43.349249760615898
        ]
      }
    },
    {
      "type": "Feature",
      "properties": {
        "fid": 94,
        "Text": "{\\C7;11}",
        "ogr_style": "LABEL(f:\"Arial\",t:\"{\\C7;11}\",s:7.5g,p:7,c:#00ffff)",
        "font": "Arial",
        "angle": null,
        "size": 7.5,
        "size_u": "g",
        "anchor": "8",
        "color": "#7",
        "underline": 0,
        "plaintext": "11",
        "fcolor": null,
        "flnum": 0,
        "bold": null,
        "italic": null,
        "dx": null,
        "dx_u": null,
        "dy": null,
        "dy_u": null
      },
      "geometry": {
        "type": "Point",
        "coordinates": [
          126.03950061183059,
          43.348921054320883
        ]
      }
    },
    {
      "type": "Feature",
      "properties": {
        "fid": 95,
        "Text": "{\\C7;12}",
        "ogr_style": "LABEL(f:\"Arial\",t:\"{\\C7;12}\",s:7.5g,p:7,c:#00ffff)",
        "font": "Arial",
        "angle": null,
        "size": 7.5,
        "size_u": "g",
        "anchor": "8",
        "color": "#7",
        "underline": 0,
        "plaintext": "12",
        "fcolor": null,
        "flnum": 0,
        "bold": null,
        "italic": null,
        "dx": null,
        "dx_u": null,
        "dy": null,
        "dy_u": null
      },
      "geometry": {
        "type": "Point",
        "coordinates": [
          126.039845199831447,
          43.348860704286949
        ]
      }
    },
    {
      "type": "Feature",
      "properties": {
        "fid": 96,
        "Text": "{\\C7;14}",
        "ogr_style": "LABEL(f:\"Arial\",t:\"{\\C7;14}\",s:7.5g,p:7,c:#00ffff)",
        "font": "Arial",
        "angle": null,
        "size": 7.5,
        "size_u": "g",
        "anchor": "8",
        "color": "#7",
        "underline": 0,
        "plaintext": "14",
        "fcolor": null,
        "flnum": 0,
        "bold": null,
        "italic": null,
        "dx": null,
        "dx_u": null,
        "dy": null,
        "dy_u": null
      },
      "geometry": {
        "type": "Point",
        "coordinates": [
          126.040161654192914,
          43.348809669776138
        ]
      }
    },
    {
      "type": "Feature",
      "properties": {
        "fid": 97,
        "Text": "{\\C7;15}",
        "ogr_style": "LABEL(f:\"Arial\",t:\"{\\C7;15}\",s:7.5g,p:7,c:#00ffff)",
        "font": "Arial",
        "angle": null,
        "size": 7.5,
        "size_u": "g",
        "anchor": "8",
        "color": "#7",
        "underline": 0,
        "plaintext": "15",
        "fcolor": null,
        "flnum": 0,
        "bold": null,
        "italic": null,
        "dx": null,
        "dx_u": null,
        "dy": null,
        "dy_u": null
      },
      "geometry": {
        "type": "Point",
        "coordinates": [
          126.040412073632027,
          43.3486063999541
        ]
      }
    },
    {
      "type": "Feature",
      "properties": {
        "fid": 98,
        "Text": "{\\C7;16}",
        "ogr_style": "LABEL(f:\"Arial\",t:\"{\\C7;16}\",s:7.5g,p:7,c:#00ffff)",
        "font": "Arial",
        "angle": null,
        "size": 7.5,
        "size_u": "g",
        "anchor": "8",
        "color": "#7",
        "underline": 0,
        "plaintext": "16",
        "fcolor": null,
        "flnum": 0,
        "bold": null,
        "italic": null,
        "dx": null,
        "dx_u": null,
        "dy": null,
        "dy_u": null
      },
      "geometry": {
        "type": "Point",
        "coordinates": [
          126.039920196274963,
          43.348564267782372
        ]
      }
    },
    {
      "type": "Feature",
      "properties": {
        "fid": 99,
        "Text": "{\\C7;17}",
        "ogr_style": "LABEL(f:\"Arial\",t:\"{\\C7;17}\",s:7.5g,p:7,c:#00ffff)",
        "font": "Arial",
        "angle": null,
        "size": 7.5,
        "size_u": "g",
        "anchor": "8",
        "color": "#7",
        "underline": 0,
        "plaintext": "17",
        "fcolor": null,
        "flnum": 0,
        "bold": null,
        "italic": null,
        "dx": null,
        "dx_u": null,
        "dy": null,
        "dy_u": null
      },
      "geometry": {
        "type": "Point",
        "coordinates": [
          126.040145257527158,
          43.348432387137059
        ]
      }
    },
    {
      "type": "Feature",
      "properties": {
        "fid": 100,
        "Text": "{\\C7;18}",
        "ogr_style": "LABEL(f:\"Arial\",t:\"{\\C7;18}\",s:7.5g,p:7,c:#00ffff)",
        "font": "Arial",
        "angle": null,
        "size": 7.5,
        "size_u": "g",
        "anchor": "8",
        "color": "#7",
        "underline": 0,
        "plaintext": "18",
        "fcolor": null,
        "flnum": 0,
        "bold": null,
        "italic": null,
        "dx": null,
        "dx_u": null,
        "dy": null,
        "dy_u": null
      },
      "geometry": {
        "type": "Point",
        "coordinates": [
          126.040806749451889,
          43.348704559379591
        ]
      }
    },
    {
      "type": "Feature",
      "properties": {
        "fid": 101,
        "Text": "{\\C7;20}",
        "ogr_style": "LABEL(f:\"Arial\",t:\"{\\C7;20}\",s:7.5g,p:7,c:#00ffff)",
        "font": "Arial",
        "angle": null,
        "size": 7.5,
        "size_u": "g",
        "anchor": "8",
        "color": "#7",
        "underline": 0,
        "plaintext": "20",
        "fcolor": null,
        "flnum": 0,
        "bold": null,
        "italic": null,
        "dx": null,
        "dx_u": null,
        "dy": null,
        "dy_u": null
      },
      "geometry": {
        "type": "Point",
        "coordinates": [
          126.040557326853175,
          43.348419877323899
        ]
      }
    },
    {
      "type": "Feature",
      "properties": {
        "fid": 102,
        "Text": "{\\C7;19}",
        "ogr_style": "LABEL(f:\"Arial\",t:\"{\\C7;19}\",s:7.5g,p:7,c:#00ffff)",
        "font": "Arial",
        "angle": null,
        "size": 7.5,
        "size_u": "g",
        "anchor": "8",
        "color": "#7",
        "underline": 0,
        "plaintext": "19",
        "fcolor": null,
        "flnum": 0,
        "bold": null,
        "italic": null,
        "dx": null,
        "dx_u": null,
        "dy": null,
        "dy_u": null
      },
      "geometry": {
        "type": "Point",
        "coordinates": [
          126.040847654753634,
          43.348388854117573
        ]
      }
    },
    {
      "type": "Feature",
      "properties": {
        "fid": 103,
        "Text": "{\\C7;21}",
        "ogr_style": "LABEL(f:\"Arial\",t:\"{\\C7;21}\",s:7.5g,p:7,c:#00ffff)",
        "font": "Arial",
        "angle": null,
        "size": 7.5,
        "size_u": "g",
        "anchor": "8",
        "color": "#7",
        "underline": 0,
        "plaintext": "21",
        "fcolor": null,
        "flnum": 0,
        "bold": null,
        "italic": null,
        "dx": null,
        "dx_u": null,
        "dy": null,
        "dy_u": null
      },
      "geometry": {
        "type": "Point",
        "coordinates": [
          126.040716825740958,
          43.347904397029659
        ]
      }
    },
    {
      "type": "Feature",
      "properties": {
        "fid": 104,
        "Text": "{\\C7;22}",
        "ogr_style": "LABEL(f:\"Arial\",t:\"{\\C7;22}\",s:7.5g,p:7,c:#00ffff)",
        "font": "Arial",
        "angle": null,
        "size": 7.5,
        "size_u": "g",
        "anchor": "8",
        "color": "#7",
        "underline": 0,
        "plaintext": "22",
        "fcolor": null,
        "flnum": 0,
        "bold": null,
        "italic": null,
        "dx": null,
        "dx_u": null,
        "dy": null,
        "dy_u": null
      },
      "geometry": {
        "type": "Point",
        "coordinates": [
          126.040501194129675,
          43.349124187047721
        ]
      }
    },
    {
      "type": "Feature",
      "properties": {
        "fid": 105,
        "Text": "{\\C7;23}",
        "ogr_style": "LABEL(f:\"Arial\",t:\"{\\C7;23}\",s:7.5g,p:7,c:#00ffff)",
        "font": "Arial",
        "angle": null,
        "size": 7.5,
        "size_u": "g",
        "anchor": "8",
        "color": "#7",
        "underline": 0,
        "plaintext": "23",
        "fcolor": null,
        "flnum": 0,
        "bold": null,
        "italic": null,
        "dx": null,
        "dx_u": null,
        "dy": null,
        "dy_u": null
      },
      "geometry": {
        "type": "Point",
        "coordinates": [
          126.040512912066916,
          43.349477497666768
        ]
      }
    },
    {
      "type": "Feature",
      "properties": {
        "fid": 106,
        "Text": "{\\C7;28}",
        "ogr_style": "LABEL(f:\"Arial\",t:\"{\\C7;28}\",s:7.5g,p:7,c:#00ffff)",
        "font": "Arial",
        "angle": null,
        "size": 7.5,
        "size_u": "g",
        "anchor": "8",
        "color": "#7",
        "underline": 0,
        "plaintext": "28",
        "fcolor": null,
        "flnum": 0,
        "bold": null,
        "italic": null,
        "dx": null,
        "dx_u": null,
        "dy": null,
        "dy_u": null
      },
      "geometry": {
        "type": "Point",
        "coordinates": [
          126.040813898205727,
          43.349040040291875
        ]
      }
    },
    {
      "type": "Feature",
      "properties": {
        "fid": 107,
        "Text": "{\\C7;25}",
        "ogr_style": "LABEL(f:\"Arial\",t:\"{\\C7;25}\",s:7.5g,p:7,c:#00ffff)",
        "font": "Arial",
        "angle": null,
        "size": 7.5,
        "size_u": "g",
        "anchor": "8",
        "color": "#7",
        "underline": 0,
        "plaintext": "25",
        "fcolor": null,
        "flnum": 0,
        "bold": null,
        "italic": null,
        "dx": null,
        "dx_u": null,
        "dy": null,
        "dy_u": null
      },
      "geometry": {
        "type": "Point",
        "coordinates": [
          126.041130314971284,
          43.349395812899751
        ]
      }
    },
    {
      "type": "Feature",
      "properties": {
        "fid": 108,
        "Text": "{\\C7;24}",
        "ogr_style": "LABEL(f:\"Arial\",t:\"{\\C7;24}\",s:7.5g,p:7,c:#00ffff)",
        "font": "Arial",
        "angle": null,
        "size": 7.5,
        "size_u": "g",
        "anchor": "8",
        "color": "#7",
        "underline": 0,
        "plaintext": "24",
        "fcolor": null,
        "flnum": 0,
        "bold": null,
        "italic": null,
        "dx": null,
        "dx_u": null,
        "dy": null,
        "dy_u": null
      },
      "geometry": {
        "type": "Point",
        "coordinates": [
          126.040856781910023,
          43.349427670242576
        ]
      }
    },
    {
      "type": "Feature",
      "properties": {
        "fid": 109,
        "Text": "{\\C7;27}",
        "ogr_style": "LABEL(f:\"Arial\",t:\"{\\C7;27}\",s:7.5g,p:7,c:#00ffff)",
        "font": "Arial",
        "angle": null,
        "size": 7.5,
        "size_u": "g",
        "anchor": "8",
        "color": "#7",
        "underline": 0,
        "plaintext": "27",
        "fcolor": null,
        "flnum": 0,
        "bold": null,
        "italic": null,
        "dx": null,
        "dx_u": null,
        "dy": null,
        "dy_u": null
      },
      "geometry": {
        "type": "Point",
        "coordinates": [
          126.041161609891745,
          43.349201973206107
        ]
      }
    },
    {
      "type": "Feature",
      "properties": {
        "fid": 110,
        "Text": "{\\C7;26}",
        "ogr_style": "LABEL(f:\"Arial\",t:\"{\\C7;26}\",s:7.5g,p:7,c:#00ffff)",
        "font": "Arial",
        "angle": null,
        "size": 7.5,
        "size_u": "g",
        "anchor": "8",
        "color": "#7",
        "underline": 0,
        "plaintext": "26",
        "fcolor": null,
        "flnum": 0,
        "bold": null,
        "italic": null,
        "dx": null,
        "dx_u": null,
        "dy": null,
        "dy_u": null
      },
      "geometry": {
        "type": "Point",
        "coordinates": [
          126.040955834665567,
          43.34924283524964
        ]
      }
    },
    {
      "type": "Feature",
      "properties": {
        "fid": 111,
        "Text": "{\\C7;29}",
        "ogr_style": "LABEL(f:\"Arial\",t:\"{\\C7;29}\",s:7.5g,p:7,c:#00ffff)",
        "font": "Arial",
        "angle": null,
        "size": 7.5,
        "size_u": "g",
        "anchor": "8",
        "color": "#7",
        "underline": 0,
        "plaintext": "29",
        "fcolor": null,
        "flnum": 0,
        "bold": null,
        "italic": null,
        "dx": null,
        "dx_u": null,
        "dy": null,
        "dy_u": null
      },
      "geometry": {
        "type": "Point",
        "coordinates": [
          126.041280056369402,
          43.348377128035381
        ]
      }
    },
    {
      "type": "Feature",
      "properties": {
        "fid": 112,
        "Text": "{\\C7;30}",
        "ogr_style": "LABEL(f:\"Arial\",t:\"{\\C7;30}\",s:7.5g,p:7,c:#00ffff)",
        "font": "Arial",
        "angle": null,
        "size": 7.5,
        "size_u": "g",
        "anchor": "8",
        "color": "#7",
        "underline": 0,
        "plaintext": "30",
        "fcolor": null,
        "flnum": 0,
        "bold": null,
        "italic": null,
        "dx": null,
        "dx_u": null,
        "dy": null,
        "dy_u": null
      },
      "geometry": {
        "type": "Point",
        "coordinates": [
          126.041510059736879,
          43.34860423862402
        ]
      }
    },
    {
      "type": "Feature",
      "properties": {
        "fid": 113,
        "Text": "{\\C7;32}",
        "ogr_style": "LABEL(f:\"Arial\",t:\"{\\C7;32}\",s:7.5g,p:7,c:#00ffff)",
        "font": "Arial",
        "angle": null,
        "size": 7.5,
        "size_u": "g",
        "anchor": "8",
        "color": "#7",
        "underline": 0,
        "plaintext": "32",
        "fcolor": null,
        "flnum": 0,
        "bold": null,
        "italic": null,
        "dx": null,
        "dx_u": null,
        "dy": null,
        "dy_u": null
      },
      "geometry": {
        "type": "Point",
        "coordinates": [
          126.041488369106148,
          43.348280681739695
        ]
      }
    },
    {
      "type": "Feature",
      "properties": {
        "fid": 114,
        "Text": "{\\C7;35}",
        "ogr_style": "LABEL(f:\"Arial\",t:\"{\\C7;35}\",s:7.5g,p:7,c:#00ffff)",
        "font": "Arial",
        "angle": null,
        "size": 7.5,
        "size_u": "g",
        "anchor": "8",
        "color": "#7",
        "underline": 0,
        "plaintext": "35",
        "fcolor": null,
        "flnum": 0,
        "bold": null,
        "italic": null,
        "dx": null,
        "dx_u": null,
        "dy": null,
        "dy_u": null
      },
      "geometry": {
        "type": "Point",
        "coordinates": [
          126.041218893889294,
          43.348659163093714
        ]
      }
    },
    {
      "type": "Feature",
      "properties": {
        "fid": 115,
        "Text": "{\\C7;34}",
        "ogr_style": "LABEL(f:\"Arial\",t:\"{\\C7;34}\",s:7.5g,p:7,c:#00ffff)",
        "font": "Arial",
        "angle": null,
        "size": 7.5,
        "size_u": "g",
        "anchor": "8",
        "color": "#7",
        "underline": 0,
        "plaintext": "34",
        "fcolor": null,
        "flnum": 0,
        "bold": null,
        "italic": null,
        "dx": null,
        "dx_u": null,
        "dy": null,
        "dy_u": null
      },
      "geometry": {
        "type": "Point",
        "coordinates": [
          126.041102735072599,
          43.347990326176074
        ]
      }
    },
    {
      "type": "Feature",
      "properties": {
        "fid": 116,
        "Text": "{\\C7;33}",
        "ogr_style": "LABEL(f:\"Arial\",t:\"{\\C7;33}\",s:7.5g,p:7,c:#00ffff)",
        "font": "Arial",
        "angle": null,
        "size": 7.5,
        "size_u": "g",
        "anchor": "8",
        "color": "#7",
        "underline": 0,
        "plaintext": "33",
        "fcolor": null,
        "flnum": 0,
        "bold": null,
        "italic": null,
        "dx": null,
        "dx_u": null,
        "dy": null,
        "dy_u": null
      },
      "geometry": {
        "type": "Point",
        "coordinates": [
          126.041362190604545,
          43.34794631100452
        ]
      }
    },
    {
      "type": "Feature",
      "properties": {
        "fid": 117,
        "Text": "{\\C7;31}",
        "ogr_style": "LABEL(f:\"Arial\",t:\"{\\C7;31}\",s:7.5g,p:7,c:#00ffff)",
        "font": "Arial",
        "angle": null,
        "size": 7.5,
        "size_u": "g",
        "anchor": "8",
        "color": "#7",
        "underline": 0,
        "plaintext": "31",
        "fcolor": null,
        "flnum": 0,
        "bold": null,
        "italic": null,
        "dx": null,
        "dx_u": null,
        "dy": null,
        "dy_u": null
      },
      "geometry": {
        "type": "Point",
        "coordinates": [
          126.041053371275879,
          43.348296103752922
        ]
      }
    },
    {
      "type": "Feature",
      "properties": {
        "fid": 118,
        "Text": "{\\C7;37}",
        "ogr_style": "LABEL(f:\"Arial\",t:\"{\\C7;37}\",s:7.5g,p:7,c:#00ffff)",
        "font": "Arial",
        "angle": null,
        "size": 7.5,
        "size_u": "g",
        "anchor": "8",
        "color": "#7",
        "underline": 0,
        "plaintext": "37",
        "fcolor": null,
        "flnum": 0,
        "bold": null,
        "italic": null,
        "dx": null,
        "dx_u": null,
        "dy": null,
        "dy_u": null
      },
      "geometry": {
        "type": "Point",
        "coordinates": [
          126.041449704053107,
          43.349177825017286
        ]
      }
    },
    {
      "type": "Feature",
      "properties": {
        "fid": 119,
        "Text": "{\\C7;39}",
        "ogr_style": "LABEL(f:\"Arial\",t:\"{\\C7;39}\",s:7.5g,p:7,c:#00ffff)",
        "font": "Arial",
        "angle": null,
        "size": 7.5,
        "size_u": "g",
        "anchor": "8",
        "color": "#7",
        "underline": 0,
        "plaintext": "39",
        "fcolor": null,
        "flnum": 0,
        "bold": null,
        "italic": null,
        "dx": null,
        "dx_u": null,
        "dy": null,
        "dy_u": null
      },
      "geometry": {
        "type": "Point",
        "coordinates": [
          126.041407379610916,
          43.349348916373224
        ]
      }
    },
    {
      "type": "Feature",
      "properties": {
        "fid": 120,
        "Text": "{\\C7;38}",
        "ogr_style": "LABEL(f:\"Arial\",t:\"{\\C7;38}\",s:7.5g,p:7,c:#00ffff)",
        "font": "Arial",
        "angle": null,
        "size": 7.5,
        "size_u": "g",
        "anchor": "8",
        "color": "#7",
        "underline": 0,
        "plaintext": "38",
        "fcolor": null,
        "flnum": 0,
        "bold": null,
        "italic": null,
        "dx": null,
        "dx_u": null,
        "dy": null,
        "dy_u": null
      },
      "geometry": {
        "type": "Point",
        "coordinates": [
          126.041313526457444,
          43.349233329202349
        ]
      }
    },
    {
      "type": "Feature",
      "properties": {
        "fid": 121,
        "Text": "{\\C7;36}",
        "ogr_style": "LABEL(f:\"Arial\",t:\"{\\C7;36}\",s:7.5g,p:7,c:#00ffff)",
        "font": "Arial",
        "angle": null,
        "size": 7.5,
        "size_u": "g",
        "anchor": "8",
        "color": "#7",
        "underline": 0,
        "plaintext": "36",
        "fcolor": null,
        "flnum": 0,
        "bold": null,
        "italic": null,
        "dx": null,
        "dx_u": null,
        "dy": null,
        "dy_u": null
      },
      "geometry": {
        "type": "Point",
        "coordinates": [
          126.041323151968243,
          43.348989562325627
        ]
      }
    },
    {
      "type": "Feature",
      "properties": {
        "fid": 122,
        "Text": "{\\C7;40}",
        "ogr_style": "LABEL(f:\"Arial\",t:\"{\\C7;40}\",s:7.5g,p:7,c:#00ffff)",
        "font": "Arial",
        "angle": null,
        "size": 7.5,
        "size_u": "g",
        "anchor": "8",
        "color": "#7",
        "underline": 0,
        "plaintext": "40",
        "fcolor": null,
        "flnum": 0,
        "bold": null,
        "italic": null,
        "dx": null,
        "dx_u": null,
        "dy": null,
        "dy_u": null
      },
      "geometry": {
        "type": "Point",
        "coordinates": [
          126.042225669971415,
          43.348515055162032
        ]
      }
    },
    {
      "type": "Feature",
      "properties": {
        "fid": 123,
        "Text": "{\\C7;41}",
        "ogr_style": "LABEL(f:\"Arial\",t:\"{\\C7;41}\",s:7.5g,p:7,c:#00ffff)",
        "font": "Arial",
        "angle": null,
        "size": 7.5,
        "size_u": "g",
        "anchor": "8",
        "color": "#7",
        "underline": 0,
        "plaintext": "41",
        "fcolor": null,
        "flnum": 0,
        "bold": null,
        "italic": null,
        "dx": null,
        "dx_u": null,
        "dy": null,
        "dy_u": null
      },
      "geometry": {
        "type": "Point",
        "coordinates": [
          126.042640798954608,
          43.34848352901794
        ]
      }
    },
    {
      "type": "Feature",
      "properties": {
        "fid": 124,
        "Text": "{\\C7;42}",
        "ogr_style": "LABEL(f:\"Arial\",t:\"{\\C7;42}\",s:7.5g,p:7,c:#00ffff)",
        "font": "Arial",
        "angle": null,
        "size": 7.5,
        "size_u": "g",
        "anchor": "8",
        "color": "#7",
        "underline": 0,
        "plaintext": "42",
        "fcolor": null,
        "flnum": 0,
        "bold": null,
        "italic": null,
        "dx": null,
        "dx_u": null,
        "dy": null,
        "dy_u": null
      },
      "geometry": {
        "type": "Point",
        "coordinates": [
          126.042842398811857,
          43.348214970466756
        ]
      }
    },
    {
      "type": "Feature",
      "properties": {
        "fid": 125,
        "Text": "{\\C7;43}",
        "ogr_style": "LABEL(f:\"Arial\",t:\"{\\C7;43}\",s:7.5g,p:7,c:#00ffff)",
        "font": "Arial",
        "angle": null,
        "size": 7.5,
        "size_u": "g",
        "anchor": "8",
        "color": "#7",
        "underline": 0,
        "plaintext": "43",
        "fcolor": null,
        "flnum": 0,
        "bold": null,
        "italic": null,
        "dx": null,
        "dx_u": null,
        "dy": null,
        "dy_u": null
      },
      "geometry": {
        "type": "Point",
        "coordinates": [
          126.042120900747193,
          43.348879547910869
        ]
      }
    },
    {
      "type": "Feature",
      "properties": {
        "fid": 126,
        "Text": "{\\C7;44}",
        "ogr_style": "LABEL(f:\"Arial\",t:\"{\\C7;44}\",s:7.5g,p:7,c:#00ffff)",
        "font": "Arial",
        "angle": null,
        "size": 7.5,
        "size_u": "g",
        "anchor": "8",
        "color": "#7",
        "underline": 0,
        "plaintext": "44",
        "fcolor": null,
        "flnum": 0,
        "bold": null,
        "italic": null,
        "dx": null,
        "dx_u": null,
        "dy": null,
        "dy_u": null
      },
      "geometry": {
        "type": "Point",
        "coordinates": [
          126.04215065480328,
          43.349073226817765
        ]
      }
    },
    {
      "type": "Feature",
      "properties": {
        "fid": 127,
        "Text": "{\\C7;46}",
        "ogr_style": "LABEL(f:\"Arial\",t:\"{\\C7;46}\",s:7.5g,p:7,c:#00ffff)",
        "font": "Arial",
        "angle": null,
        "size": 7.5,
        "size_u": "g",
        "anchor": "8",
        "color": "#7",
        "underline": 0,
        "plaintext": "46",
        "fcolor": null,
        "flnum": 0,
        "bold": null,
        "italic": null,
        "dx": null,
        "dx_u": null,
        "dy": null,
        "dy_u": null
      },
      "geometry": {
        "type": "Point",
        "coordinates": [
          126.0423987925777,
          43.348838609612933
        ]
      }
    },
    {
      "type": "Feature",
      "properties": {
        "fid": 128,
        "Text": "{\\C7;45}",
        "ogr_style": "LABEL(f:\"Arial\",t:\"{\\C7;45}\",s:7.5g,p:7,c:#00ffff)",
        "font": "Arial",
        "angle": null,
        "size": 7.5,
        "size_u": "g",
        "anchor": "8",
        "color": "#7",
        "underline": 0,
        "plaintext": "45",
        "fcolor": null,
        "flnum": 0,
        "bold": null,
        "italic": null,
        "dx": null,
        "dx_u": null,
        "dy": null,
        "dy_u": null
      },
      "geometry": {
        "type": "Point",
        "coordinates": [
          126.04352031954717,
          43.348356846916964
        ]
      }
    },
    {
      "type": "Feature",
      "properties": {
        "fid": 129,
        "Text": "{\\C7;47}",
        "ogr_style": "LABEL(f:\"Arial\",t:\"{\\C7;47}\",s:7.5g,p:7,c:#00ffff)",
        "font": "Arial",
        "angle": null,
        "size": 7.5,
        "size_u": "g",
        "anchor": "8",
        "color": "#7",
        "underline": 0,
        "plaintext": "47",
        "fcolor": null,
        "flnum": 0,
        "bold": null,
        "italic": null,
        "dx": null,
        "dx_u": null,
        "dy": null,
        "dy_u": null
      },
      "geometry": {
        "type": "Point",
        "coordinates": [
          126.043837498596702,
          43.348304107224671
        ]
      }
    },
    {
      "type": "Feature",
      "properties": {
        "fid": 130,
        "Text": "{\\C7;48}",
        "ogr_style": "LABEL(f:\"Arial\",t:\"{\\C7;48}\",s:7.5g,p:7,c:#00ffff)",
        "font": "Arial",
        "angle": null,
        "size": 7.5,
        "size_u": "g",
        "anchor": "8",
        "color": "#7",
        "underline": 0,
        "plaintext": "48",
        "fcolor": null,
        "flnum": 0,
        "bold": null,
        "italic": null,
        "dx": null,
        "dx_u": null,
        "dy": null,
        "dy_u": null
      },
      "geometry": {
        "type": "Point",
        "coordinates": [
          126.042649263282357,
          43.34884543507588
        ]
      }
    },
    {
      "type": "Feature",
      "properties": {
        "fid": 131,
        "Text": "{\\C7;49}",
        "ogr_style": "LABEL(f:\"Arial\",t:\"{\\C7;49}\",s:7.5g,p:7,c:#00ffff)",
        "font": "Arial",
        "angle": null,
        "size": 7.5,
        "size_u": "g",
        "anchor": "8",
        "color": "#7",
        "underline": 0,
        "plaintext": "49",
        "fcolor": null,
        "flnum": 0,
        "bold": null,
        "italic": null,
        "dx": null,
        "dx_u": null,
        "dy": null,
        "dy_u": null
      },
      "geometry": {
        "type": "Point",
        "coordinates": [
          126.044571996905859,
          43.348136877309457
        ]
      }
    },
    {
      "type": "Feature",
      "properties": {
        "fid": 132,
        "Text": "{\\C7;52}",
        "ogr_style": "LABEL(f:\"Arial\",t:\"{\\C7;52}\",s:7.5g,p:7,c:#00ffff)",
        "font": "Arial",
        "angle": null,
        "size": 7.5,
        "size_u": "g",
        "anchor": "8",
        "color": "#7",
        "underline": 0,
        "plaintext": "52",
        "fcolor": null,
        "flnum": 0,
        "bold": null,
        "italic": null,
        "dx": null,
        "dx_u": null,
        "dy": null,
        "dy_u": null
      },
      "geometry": {
        "type": "Point",
        "coordinates": [
          126.044730162725088,
          43.348608839106674
        ]
      }
    },
    {
      "type": "Feature",
      "properties": {
        "fid": 133,
        "Text": "{\\C7;51}",
        "ogr_style": "LABEL(f:\"Arial\",t:\"{\\C7;51}\",s:7.5g,p:7,c:#00ffff)",
        "font": "Arial",
        "angle": null,
        "size": 7.5,
        "size_u": "g",
        "anchor": "8",
        "color": "#7",
        "underline": 0,
        "plaintext": "51",
        "fcolor": null,
        "flnum": 0,
        "bold": null,
        "italic": null,
        "dx": null,
        "dx_u": null,
        "dy": null,
        "dy_u": null
      },
      "geometry": {
        "type": "Point",
        "coordinates": [
          126.044090796073405,
          43.348592764469345
        ]
      }
    },
    {
      "type": "Feature",
      "properties": {
        "fid": 134,
        "Text": "{\\C7;50}",
        "ogr_style": "LABEL(f:\"Arial\",t:\"{\\C7;50}\",s:7.5g,p:7,c:#00ffff)",
        "font": "Arial",
        "angle": null,
        "size": 7.5,
        "size_u": "g",
        "anchor": "8",
        "color": "#7",
        "underline": 0,
        "plaintext": "50",
        "fcolor": null,
        "flnum": 0,
        "bold": null,
        "italic": null,
        "dx": null,
        "dx_u": null,
        "dy": null,
        "dy_u": null
      },
      "geometry": {
        "type": "Point",
        "coordinates": [
          126.0438195693268,
          43.348651019237892
        ]
      }
    },
    {
      "type": "Feature",
      "properties": {
        "fid": 135,
        "Text": "{\\C7;53}",
        "ogr_style": "LABEL(f:\"Arial\",t:\"{\\C7;53}\",s:7.5g,p:7,c:#00ffff)",
        "font": "Arial",
        "angle": null,
        "size": 7.5,
        "size_u": "g",
        "anchor": "8",
        "color": "#7",
        "underline": 0,
        "plaintext": "53",
        "fcolor": null,
        "flnum": 0,
        "bold": null,
        "italic": null,
        "dx": null,
        "dx_u": null,
        "dy": null,
        "dy_u": null
      },
      "geometry": {
        "type": "Point",
        "coordinates": [
          126.04443556516442,
          43.348563315597843
        ]
      }
    },
    {
      "type": "Feature",
      "properties": {
        "fid": 136,
        "Text": "{\\C7;54}",
        "ogr_style": "LABEL(f:\"Arial\",t:\"{\\C7;54}\",s:7.5g,p:7,c:#00ffff)",
        "font": "Arial",
        "angle": null,
        "size": 7.5,
        "size_u": "g",
        "anchor": "8",
        "color": "#7",
        "underline": 0,
        "plaintext": "54",
        "fcolor": null,
        "flnum": 0,
        "bold": null,
        "italic": null,
        "dx": null,
        "dx_u": null,
        "dy": null,
        "dy_u": null
      },
      "geometry": {
        "type": "Point",
        "coordinates": [
          126.04578317000481,
          43.348048304926529
        ]
      }
    },
    {
      "type": "Feature",
      "properties": {
        "fid": 137,
        "Text": "{\\C7;55}",
        "ogr_style": "LABEL(f:\"Arial\",t:\"{\\C7;55}\",s:7.5g,p:7,c:#00ffff)",
        "font": "Arial",
        "angle": null,
        "size": 7.5,
        "size_u": "g",
        "anchor": "8",
        "color": "#7",
        "underline": 0,
        "plaintext": "55",
        "fcolor": null,
        "flnum": 0,
        "bold": null,
        "italic": null,
        "dx": null,
        "dx_u": null,
        "dy": null,
        "dy_u": null
      },
      "geometry": {
        "type": "Point",
        "coordinates": [
          126.04107753253318,
          43.343761964651726
        ]
      }
    },
    {
      "type": "Feature",
      "properties": {
        "fid": 138,
        "Text": "{\\C7;57}",
        "ogr_style": "LABEL(f:\"Arial\",t:\"{\\C7;57}\",s:7.5g,p:7,c:#00ffff)",
        "font": "Arial",
        "angle": null,
        "size": 7.5,
        "size_u": "g",
        "anchor": "8",
        "color": "#7",
        "underline": 0,
        "plaintext": "57",
        "fcolor": null,
        "flnum": 0,
        "bold": null,
        "italic": null,
        "dx": null,
        "dx_u": null,
        "dy": null,
        "dy_u": null
      },
      "geometry": {
        "type": "Point",
        "coordinates": [
          126.040974188948667,
          43.344451694071566
        ]
      }
    },
    {
      "type": "Feature",
      "properties": {
        "fid": 139,
        "Text": "{\\C7;56}",
        "ogr_style": "LABEL(f:\"Arial\",t:\"{\\C7;56}\",s:7.5g,p:7,c:#00ffff)",
        "font": "Arial",
        "angle": null,
        "size": 7.5,
        "size_u": "g",
        "anchor": "8",
        "color": "#7",
        "underline": 0,
        "plaintext": "56",
        "fcolor": null,
        "flnum": 0,
        "bold": null,
        "italic": null,
        "dx": null,
        "dx_u": null,
        "dy": null,
        "dy_u": null
      },
      "geometry": {
        "type": "Point",
        "coordinates": [
          126.041081495956732,
          43.344896785566256
        ]
      }
    },
    {
      "type": "Feature",
      "properties": {
        "fid": 140,
        "Text": "{\\C7;58}",
        "ogr_style": "LABEL(f:\"Arial\",t:\"{\\C7;58}\",s:7.5g,p:7,c:#00ffff)",
        "font": "Arial",
        "angle": null,
        "size": 7.5,
        "size_u": "g",
        "anchor": "8",
        "color": "#7",
        "underline": 0,
        "plaintext": "58",
        "fcolor": null,
        "flnum": 0,
        "bold": null,
        "italic": null,
        "dx": null,
        "dx_u": null,
        "dy": null,
        "dy_u": null
      },
      "geometry": {
        "type": "Point",
        "coordinates": [
          126.041297822788621,
          43.345591255627262
        ]
      }
    },
    {
      "type": "Feature",
      "properties": {
        "fid": 141,
        "Text": "{\\C7;59}",
        "ogr_style": "LABEL(f:\"Arial\",t:\"{\\C7;59}\",s:7.5g,p:7,c:#00ffff)",
        "font": "Arial",
        "angle": null,
        "size": 7.5,
        "size_u": "g",
        "anchor": "8",
        "color": "#7",
        "underline": 0,
        "plaintext": "59",
        "fcolor": null,
        "flnum": 0,
        "bold": null,
        "italic": null,
        "dx": null,
        "dx_u": null,
        "dy": null,
        "dy_u": null
      },
      "geometry": {
        "type": "Point",
        "coordinates": [
          126.040611104131074,
          43.344811162500626
        ]
      }
    },
    {
      "type": "Feature",
      "properties": {
        "fid": 142,
        "Text": "{\\C7;62}",
        "ogr_style": "LABEL(f:\"Arial\",t:\"{\\C7;62}\",s:7.5g,p:7,c:#00ffff)",
        "font": "Arial",
        "angle": null,
        "size": 7.5,
        "size_u": "g",
        "anchor": "8",
        "color": "#7",
        "underline": 0,
        "plaintext": "62",
        "fcolor": null,
        "flnum": 0,
        "bold": null,
        "italic": null,
        "dx": null,
        "dx_u": null,
        "dy": null,
        "dy_u": null
      },
      "geometry": {
        "type": "Point",
        "coordinates": [
          126.041557564984473,
          43.346610822871043
        ]
      }
    },
    {
      "type": "Feature",
      "properties": {
        "fid": 143,
        "Text": "{\\C7;60}",
        "ogr_style": "LABEL(f:\"Arial\",t:\"{\\C7;60}\",s:7.5g,p:7,c:#00ffff)",
        "font": "Arial",
        "angle": null,
        "size": 7.5,
        "size_u": "g",
        "anchor": "8",
        "color": "#7",
        "underline": 0,
        "plaintext": "60",
        "fcolor": null,
        "flnum": 0,
        "bold": null,
        "italic": null,
        "dx": null,
        "dx_u": null,
        "dy": null,
        "dy_u": null
      },
      "geometry": {
        "type": "Point",
        "coordinates": [
          126.041436615187621,
          43.345939705662921
        ]
      }
    },
    {
      "type": "Feature",
      "properties": {
        "fid": 144,
        "Text": "{\\C7;61}",
        "ogr_style": "LABEL(f:\"Arial\",t:\"{\\C7;61}\",s:7.5g,p:7,c:#00ffff)",
        "font": "Arial",
        "angle": null,
        "size": 7.5,
        "size_u": "g",
        "anchor": "8",
        "color": "#7",
        "underline": 0,
        "plaintext": "61",
        "fcolor": null,
        "flnum": 0,
        "bold": null,
        "italic": null,
        "dx": null,
        "dx_u": null,
        "dy": null,
        "dy_u": null
      },
      "geometry": {
        "type": "Point",
        "coordinates": [
          126.040331466381986,
          43.345428936982408
        ]
      }
    },
    {
      "type": "Feature",
      "properties": {
        "fid": 145,
        "Text": "{\\C7;64}",
        "ogr_style": "LABEL(f:\"Arial\",t:\"{\\C7;64}\",s:7.5g,p:7,c:#00ffff)",
        "font": "Arial",
        "angle": null,
        "size": 7.5,
        "size_u": "g",
        "anchor": "8",
        "color": "#7",
        "underline": 0,
        "plaintext": "64",
        "fcolor": null,
        "flnum": 0,
        "bold": null,
        "italic": null,
        "dx": null,
        "dx_u": null,
        "dy": null,
        "dy_u": null,
        "name": "64",
        "description": "Здание бывшего театра Золотой Рог, в котором в 1923 году перед трудящимися Владивостока выступал М.И. Калинин"
      },
      "geometry": {
        "type": "Point",
        "coordinates": [
          126.041944598814027,
          43.347787320246674
        ]
      }
    },
    {
      "type": "Feature",
      "properties": {
        "fid": 146,
        "Text": "{\\C7;65}",
        "ogr_style": "LABEL(f:\"Arial\",t:\"{\\C7;65}\",s:7.5g,p:7,c:#00ffff)",
        "font": "Arial",
        "angle": null,
        "size": 7.5,
        "size_u": "g",
        "anchor": "8",
        "color": "#7",
        "underline": 0,
        "plaintext": "65",
        "fcolor": null,
        "flnum": 0,
        "bold": null,
        "italic": null,
        "dx": null,
        "dx_u": null,
        "dy": null,
        "dy_u": null
      },
      "geometry": {
        "type": "Point",
        "coordinates": [
          126.042141781088191,
          43.349212035604623
        ]
      }
    },
    {
      "type": "Feature",
      "properties": {
        "fid": 147,
        "Text": "{\\C7;67}",
        "ogr_style": "LABEL(f:\"Arial\",t:\"{\\C7;67}\",s:7.5g,p:7,c:#00ffff)",
        "font": "Arial",
        "angle": null,
        "size": 7.5,
        "size_u": "g",
        "anchor": "8",
        "color": "#7",
        "underline": 0,
        "plaintext": "67",
        "fcolor": null,
        "flnum": 0,
        "bold": null,
        "italic": null,
        "dx": null,
        "dx_u": null,
        "dy": null,
        "dy_u": null
      },
      "geometry": {
        "type": "Point",
        "coordinates": [
          126.042472732509253,
          43.349205209582628
        ]
      }
    },
    {
      "type": "Feature",
      "properties": {
        "fid": 148,
        "Text": "{\\C7;66}",
        "ogr_style": "LABEL(f:\"Arial\",t:\"{\\C7;66}\",s:7.5g,p:7,c:#00ffff)",
        "font": "Arial",
        "angle": null,
        "size": 7.5,
        "size_u": "g",
        "anchor": "8",
        "color": "#7",
        "underline": 0,
        "plaintext": "66",
        "fcolor": null,
        "flnum": 0,
        "bold": null,
        "italic": null,
        "dx": null,
        "dx_u": null,
        "dy": null,
        "dy_u": null
      },
      "geometry": {
        "type": "Point",
        "coordinates": [
          126.042332109104308,
          43.349134683907067
        ]
      }
    },
    {
      "type": "Feature",
      "properties": {
        "fid": 149,
        "Text": "{\\C7;68}",
        "ogr_style": "LABEL(f:\"Arial\",t:\"{\\C7;68}\",s:7.5g,p:7,c:#00ffff)",
        "font": "Arial",
        "angle": null,
        "size": 7.5,
        "size_u": "g",
        "anchor": "8",
        "color": "#7",
        "underline": 0,
        "plaintext": "68",
        "fcolor": null,
        "flnum": 0,
        "bold": null,
        "italic": null,
        "dx": null,
        "dx_u": null,
        "dy": null,
        "dy_u": null
      },
      "geometry": {
        "type": "Point",
        "coordinates": [
          126.041671276794148,
          43.349220781052637
        ]
      }
    },
    {
      "type": "Feature",
      "properties": {
        "fid": 150,
        "Text": "{\\C7;69}",
        "ogr_style": "LABEL(f:\"Arial\",t:\"{\\C7;69}\",s:7.5g,p:7,c:#00ffff)",
        "font": "Arial",
        "angle": null,
        "size": 7.5,
        "size_u": "g",
        "anchor": "8",
        "color": "#7",
        "underline": 0,
        "plaintext": "69",
        "fcolor": null,
        "flnum": 0,
        "bold": null,
        "italic": null,
        "dx": null,
        "dx_u": null,
        "dy": null,
        "dy_u": null
      },
      "geometry": {
        "type": "Point",
        "coordinates": [
          126.042882575430937,
          43.351363122323114
        ]
      }
    },
    {
      "type": "Feature",
      "properties": {
        "fid": 151,
        "Text": "{\\C7;70}",
        "ogr_style": "LABEL(f:\"Arial\",t:\"{\\C7;70}\",s:7.5g,p:7,c:#00ffff)",
        "font": "Arial",
        "angle": null,
        "size": 7.5,
        "size_u": "g",
        "anchor": "8",
        "color": "#7",
        "underline": 0,
        "plaintext": "70",
        "fcolor": null,
        "flnum": 0,
        "bold": null,
        "italic": null,
        "dx": null,
        "dx_u": null,
        "dy": null,
        "dy_u": null
      },
      "geometry": {
        "type": "Point",
        "coordinates": [
          126.042107660251105,
          43.35060539071209
        ]
      }
    },
    {
      "type": "Feature",
      "properties": {
        "fid": 152,
        "Text": "{\\C7;71}",
        "ogr_style": "LABEL(f:\"Arial\",t:\"{\\C7;71}\",s:7.5g,p:7,c:#00ffff)",
        "font": "Arial",
        "angle": null,
        "size": 7.5,
        "size_u": "g",
        "anchor": "8",
        "color": "#7",
        "underline": 0,
        "plaintext": "71",
        "fcolor": null,
        "flnum": 0,
        "bold": null,
        "italic": null,
        "dx": null,
        "dx_u": null,
        "dy": null,
        "dy_u": null
      },
      "geometry": {
        "type": "Point",
        "coordinates": [
          126.043006174361821,
          43.35233998513025
        ]
      }
    },
    {
      "type": "Feature",
      "properties": {
        "fid": 153,
        "Text": "{\\C7;72}",
        "ogr_style": "LABEL(f:\"Arial\",t:\"{\\C7;72}\",s:7.5g,p:7,c:#00ffff)",
        "font": "Arial",
        "angle": null,
        "size": 7.5,
        "size_u": "g",
        "anchor": "8",
        "color": "#7",
        "underline": 0,
        "plaintext": "72",
        "fcolor": null,
        "flnum": 0,
        "bold": null,
        "italic": null,
        "dx": null,
        "dx_u": null,
        "dy": null,
        "dy_u": null
      },
      "geometry": {
        "type": "Point",
        "coordinates": [
          126.04231657299799,
          43.351497798563173
        ]
      }
    },
    {
      "type": "Feature",
      "properties": {
        "fid": 154,
        "Text": "{\\C7;73}",
        "ogr_style": "LABEL(f:\"Arial\",t:\"{\\C7;73}\",s:7.5g,p:7,c:#00ffff)",
        "font": "Arial",
        "angle": null,
        "size": 7.5,
        "size_u": "g",
        "anchor": "8",
        "color": "#7",
        "underline": 0,
        "plaintext": "73",
        "fcolor": null,
        "flnum": 0,
        "bold": null,
        "italic": null,
        "dx": null,
        "dx_u": null,
        "dy": null,
        "dy_u": null
      },
      "geometry": {
        "type": "Point",
        "coordinates": [
          126.042817438263171,
          43.353521459216033
        ]
      }
    },
    {
      "type": "Feature",
      "properties": {
        "fid": 155,
        "Text": "{\\L\\C1;427}",
        "ogr_style": "LABEL(f:\"Arial\",t:\"{\\L\\C1;427}\",s:12.5g,p:7,c:#00ffff)",
        "font": "Arial",
        "angle": null,
        "size": 12.5,
        "size_u": "g",
        "anchor": "8",
        "color": "#1",
        "underline": 1,
        "plaintext": "427",
        "fcolor": null,
        "flnum": 0,
        "bold": null,
        "italic": null,
        "dx": null,
        "dx_u": null,
        "dy": null,
        "dy_u": null
      },
      "geometry": {
        "type": "Point",
        "coordinates": [
          126.041404662249448,
          43.354741311786334
        ]
      }
    },
    {
      "type": "Feature",
      "properties": {
        "fid": 156,
        "Text": "{\\C7;75}",
        "ogr_style": "LABEL(f:\"Arial\",t:\"{\\C7;75}\",s:7.5g,p:7,c:#00ffff)",
        "font": "Arial",
        "angle": null,
        "size": 7.5,
        "size_u": "g",
        "anchor": "8",
        "color": "#7",
        "underline": 0,
        "plaintext": "75",
        "fcolor": null,
        "flnum": 0,
        "bold": null,
        "italic": null,
        "dx": null,
        "dx_u": null,
        "dy": null,
        "dy_u": null
      },
      "geometry": {
        "type": "Point",
        "coordinates": [
          126.041038868501929,
          43.354484569436316
        ]
      }
    },
    {
      "type": "Feature",
      "properties": {
        "fid": 157,
        "Text": "{\\C7;74}",
        "ogr_style": "LABEL(f:\"Arial\",t:\"{\\C7;74}\",s:7.5g,p:7,c:#00ffff)",
        "font": "Arial",
        "angle": null,
        "size": 7.5,
        "size_u": "g",
        "anchor": "8",
        "color": "#7",
        "underline": 0,
        "plaintext": "74",
        "fcolor": null,
        "flnum": 0,
        "bold": null,
        "italic": null,
        "dx": null,
        "dx_u": null,
        "dy": null,
        "dy_u": null
      },
      "geometry": {
        "type": "Point",
        "coordinates": [
          126.042089101862388,
          43.354857117831259
        ]
      }
    },
    {
      "type": "Feature",
      "properties": {
        "fid": 158,
        "Text": "{\\L\\C1;472}",
        "ogr_style": "LABEL(f:\"Arial\",t:\"{\\L\\C1;472}\",s:10g,p:7,c:#000000)",
        "font": "Arial",
        "angle": null,
        "size": 10.0,
        "size_u": "g",
        "anchor": "8",
        "color": "#1",
        "underline": 1,
        "plaintext": "472",
        "fcolor": null,
        "flnum": 0,
        "bold": null,
        "italic": null,
        "dx": null,
        "dx_u": null,
        "dy": null,
        "dy_u": null
      },
      "geometry": {
        "type": "Point",
        "coordinates": [
          126.040400328573412,
          43.349293366307641
        ]
      }
    },
    {
      "type": "Feature",
      "properties": {
        "fid": 159,
        "Text": "{\\C7;88}",
        "ogr_style": "LABEL(f:\"Arial\",t:\"{\\C7;88}\",s:10g,p:7,c:#00ffff)",
        "font": "Arial",
        "angle": null,
        "size": 10.0,
        "size_u": "g",
        "anchor": "8",
        "color": "#7",
        "underline": 0,
        "plaintext": "88",
        "fcolor": null,
        "flnum": 0,
        "bold": null,
        "italic": null,
        "dx": null,
        "dx_u": null,
        "dy": null,
        "dy_u": null
      },
      "geometry": {
        "type": "Point",
        "coordinates": [
          126.049691130411318,
          43.356963212766829
        ]
      }
    },
    {
      "type": "Feature",
      "properties": {
        "fid": 160,
        "Text": "{\\C7;92}",
        "ogr_style": "LABEL(f:\"Arial\",t:\"{\\C7;92}\",s:7.5g,p:7,c:#00ffff)",
        "font": "Arial",
        "angle": null,
        "size": 7.5,
        "size_u": "g",
        "anchor": "8",
        "color": "#7",
        "underline": 0,
        "plaintext": "92",
        "fcolor": null,
        "flnum": 0,
        "bold": null,
        "italic": null,
        "dx": null,
        "dx_u": null,
        "dy": null,
        "dy_u": null
      },
      "geometry": {
        "type": "Point",
        "coordinates": [
          126.064748230708673,
          43.349687507412348
        ]
      }
    },
    {
      "type": "Feature",
      "properties": {
        "fid": 161,
        "Text": "{\\C7;93}",
        "ogr_style": "LABEL(f:\"Arial\",t:\"{\\C7;93}\",s:7.5g,p:7,c:#00ffff)",
        "font": "Arial",
        "angle": null,
        "size": 7.5,
        "size_u": "g",
        "anchor": "8",
        "color": "#7",
        "underline": 0,
        "plaintext": "93",
        "fcolor": null,
        "flnum": 0,
        "bold": null,
        "italic": null,
        "dx": null,
        "dx_u": null,
        "dy": null,
        "dy_u": null
      },
      "geometry": {
        "type": "Point",
        "coordinates": [
          126.065720870456516,
          43.349726166455113
        ]
      }
    },
    {
      "type": "Feature",
      "properties": {
        "fid": 162,
        "Text": "{\\C7;94}",
        "ogr_style": "LABEL(f:\"Arial\",t:\"{\\C7;94}\",s:7.5g,p:7,c:#00ffff)",
        "font": "Arial",
        "angle": null,
        "size": 7.5,
        "size_u": "g",
        "anchor": "8",
        "color": "#7",
        "underline": 0,
        "plaintext": "94",
        "fcolor": null,
        "flnum": 0,
        "bold": null,
        "italic": null,
        "dx": null,
        "dx_u": null,
        "dy": null,
        "dy_u": null
      },
      "geometry": {
        "type": "Point",
        "coordinates": [
          126.070375892474431,
          43.349204602524345
        ]
      }
    },
    {
      "type": "Feature",
      "properties": {
        "fid": 163,
        "Text": "{\\C7;95}",
        "ogr_style": "LABEL(f:\"Arial\",t:\"{\\C7;95}\",s:7.5g,p:7,c:#00ffff)",
        "font": "Arial",
        "angle": null,
        "size": 7.5,
        "size_u": "g",
        "anchor": "8",
        "color": "#7",
        "underline": 0,
        "plaintext": "95",
        "fcolor": null,
        "flnum": 0,
        "bold": null,
        "italic": null,
        "dx": null,
        "dx_u": null,
        "dy": null,
        "dy_u": null
      },
      "geometry": {
        "type": "Point",
        "coordinates": [
          126.056869110526478,
          43.347757561158971
        ]
      }
    },
    {
      "type": "Feature",
      "properties": {
        "fid": 164,
        "Text": "{\\C7;96}",
        "ogr_style": "LABEL(f:\"Arial\",t:\"{\\C7;96}\",s:7.5g,p:7,c:#00ffff)",
        "font": "Arial",
        "angle": null,
        "size": 7.5,
        "size_u": "g",
        "anchor": "8",
        "color": "#7",
        "underline": 0,
        "plaintext": "96",
        "fcolor": null,
        "flnum": 0,
        "bold": null,
        "italic": null,
        "dx": null,
        "dx_u": null,
        "dy": null,
        "dy_u": null
      },
      "geometry": {
        "type": "Point",
        "coordinates": [
          126.057589801628964,
          43.348560451463719
        ]
      }
    },
    {
      "type": "Feature",
      "properties": {
        "fid": 165,
        "Text": "{\\C7;97}",
        "ogr_style": "LABEL(f:\"Arial\",t:\"{\\C7;97}\",s:7.5g,p:7,c:#00ffff)",
        "font": "Arial",
        "angle": null,
        "size": 7.5,
        "size_u": "g",
        "anchor": "8",
        "color": "#7",
        "underline": 0,
        "plaintext": "97",
        "fcolor": null,
        "flnum": 0,
        "bold": null,
        "italic": null,
        "dx": null,
        "dx_u": null,
        "dy": null,
        "dy_u": null
      },
      "geometry": {
        "type": "Point",
        "coordinates": [
          126.057804617265177,
          43.3479211224642
        ]
      }
    },
    {
      "type": "Feature",
      "properties": {
        "fid": 166,
        "Text": "{\\C7;98}",
        "ogr_style": "LABEL(f:\"Arial\",t:\"{\\C7;98}\",s:7.5g,p:7,c:#00ffff)",
        "font": "Arial",
        "angle": null,
        "size": 7.5,
        "size_u": "g",
        "anchor": "8",
        "color": "#7",
        "underline": 0,
        "plaintext": "98",
        "fcolor": null,
        "flnum": 0,
        "bold": null,
        "italic": null,
        "dx": null,
        "dx_u": null,
        "dy": null,
        "dy_u": null
      },
      "geometry": {
        "type": "Point",
        "coordinates": [
          126.057817861169013,
          43.348615130244291
        ]
      }
    },
    {
      "type": "Feature",
      "properties": {
        "fid": 167,
        "Text": "{\\C7;99}",
        "ogr_style": "LABEL(f:\"Arial\",t:\"{\\C7;99}\",s:7.5g,p:7,c:#00ffff)",
        "font": "Arial",
        "angle": null,
        "size": 7.5,
        "size_u": "g",
        "anchor": "8",
        "color": "#7",
        "underline": 0,
        "plaintext": "99",
        "fcolor": null,
        "flnum": 0,
        "bold": null,
        "italic": null,
        "dx": null,
        "dx_u": null,
        "dy": null,
        "dy_u": null
      },
      "geometry": {
        "type": "Point",
        "coordinates": [
          126.05832914812396,
          43.348830996733774
        ]
      }
    },
    {
      "type": "Feature",
      "properties": {
        "fid": 168,
        "Text": "{\\C7;101}",
        "ogr_style": "LABEL(f:\"Arial\",t:\"{\\C7;101}\",s:7.5g,p:7,c:#00ffff)",
        "font": "Arial",
        "angle": null,
        "size": 7.5,
        "size_u": "g",
        "anchor": "8",
        "color": "#7",
        "underline": 0,
        "plaintext": "101",
        "fcolor": null,
        "flnum": 0,
        "bold": null,
        "italic": null,
        "dx": null,
        "dx_u": null,
        "dy": null,
        "dy_u": null
      },
      "geometry": {
        "type": "Point",
        "coordinates": [
          126.067758500916682,
          43.35122601035183
        ]
      }
    },
    {
      "type": "Feature",
      "properties": {
        "fid": 169,
        "Text": "{\\C7;102}",
        "ogr_style": "LABEL(f:\"Arial\",t:\"{\\C7;102}\",s:7.5g,p:7,c:#00ffff)",
        "font": "Arial",
        "angle": null,
        "size": 7.5,
        "size_u": "g",
        "anchor": "8",
        "color": "#7",
        "underline": 0,
        "plaintext": "102",
        "fcolor": null,
        "flnum": 0,
        "bold": null,
        "italic": null,
        "dx": null,
        "dx_u": null,
        "dy": null,
        "dy_u": null
      },
      "geometry": {
        "type": "Point",
        "coordinates": [
          126.071874839139099,
          43.351038764351138
        ]
      }
    },
    {
      "type": "Feature",
      "properties": {
        "fid": 170,
        "Text": "{\\C7;103}",
        "ogr_style": "LABEL(f:\"Arial\",t:\"{\\C7;103}\",s:7.5g,p:7,c:#000000)",
        "font": "Arial",
        "angle": null,
        "size": 7.5,
        "size_u": "g",
        "anchor": "8",
        "color": "#7",
        "underline": 0,
        "plaintext": "103",
        "fcolor": null,
        "flnum": 0,
        "bold": null,
        "italic": null,
        "dx": null,
        "dx_u": null,
        "dy": null,
        "dy_u": null
      },
      "geometry": {
        "type": "Point",
        "coordinates": [
          126.070331228567412,
          43.345813144997109
        ]
      }
    },
    {
      "type": "Feature",
      "properties": {
        "fid": 171,
        "Text": "{\\C7;104}",
        "ogr_style": "LABEL(f:\"Arial\",t:\"{\\C7;104}\",s:7.5g,p:7,c:#000000)",
        "font": "Arial",
        "angle": null,
        "size": 7.5,
        "size_u": "g",
        "anchor": "8",
        "color": "#7",
        "underline": 0,
        "plaintext": "104",
        "fcolor": null,
        "flnum": 0,
        "bold": null,
        "italic": null,
        "dx": null,
        "dx_u": null,
        "dy": null,
        "dy_u": null
      },
      "geometry": {
        "type": "Point",
        "coordinates": [
          126.071837589521849,
          43.344844131811747
        ]
      }
    },
    {
      "type": "Feature",
      "properties": {
        "fid": 172,
        "Text": "{\\C7;105}",
        "ogr_style": "LABEL(f:\"Arial\",t:\"{\\C7;105}\",s:7.5g,p:7,c:#000000)",
        "font": "Arial",
        "angle": null,
        "size": 7.5,
        "size_u": "g",
        "anchor": "8",
        "color": "#7",
        "underline": 0,
        "plaintext": "105",
        "fcolor": null,
        "flnum": 0,
        "bold": null,
        "italic": null,
        "dx": null,
        "dx_u": null,
        "dy": null,
        "dy_u": null
      },
      "geometry": {
        "type": "Point",
        "coordinates": [
          126.070832576267051,
          43.345943185972452
        ]
      }
    },
    {
      "type": "Feature",
      "properties": {
        "fid": 173,
        "Text": "{\\C7;106}",
        "ogr_style": "LABEL(f:\"Arial\",t:\"{\\C7;106}\",s:7.5g,p:7,c:#000000)",
        "font": "Arial",
        "angle": null,
        "size": 7.5,
        "size_u": "g",
        "anchor": "8",
        "color": "#7",
        "underline": 0,
        "plaintext": "106",
        "fcolor": null,
        "flnum": 0,
        "bold": null,
        "italic": null,
        "dx": null,
        "dx_u": null,
        "dy": null,
        "dy_u": null
      },
      "geometry": {
        "type": "Point",
        "coordinates": [
          126.07311659545563,
          43.345066790970392
        ]
      }
    },
    {
      "type": "Feature",
      "properties": {
        "fid": 174,
        "Text": "{\\C7;107}",
        "ogr_style": "LABEL(f:\"Arial\",t:\"{\\C7;107}\",s:7.5g,p:7,c:#00ffff)",
        "font": "Arial",
        "angle": null,
        "size": 7.5,
        "size_u": "g",
        "anchor": "8",
        "color": "#7",
        "underline": 0,
        "plaintext": "107",
        "fcolor": null,
        "flnum": 0,
        "bold": null,
        "italic": null,
        "dx": null,
        "dx_u": null,
        "dy": null,
        "dy_u": null
      },
      "geometry": {
        "type": "Point",
        "coordinates": [
          126.041730189051066,
          43.343588339470486
        ]
      }
    },
    {
      "type": "Feature",
      "properties": {
        "fid": 175,
        "Text": "{\\C7;108}",
        "ogr_style": "LABEL(f:\"Arial\",t:\"{\\C7;108}\",s:7.5g,p:7,c:#00ffff)",
        "font": "Arial",
        "angle": null,
        "size": 7.5,
        "size_u": "g",
        "anchor": "8",
        "color": "#7",
        "underline": 0,
        "plaintext": "108",
        "fcolor": null,
        "flnum": 0,
        "bold": null,
        "italic": null,
        "dx": null,
        "dx_u": null,
        "dy": null,
        "dy_u": null
      },
      "geometry": {
        "type": "Point",
        "coordinates": [
          126.056471274379462,
          43.347476493045598
        ]
      }
    },
    {
      "type": "Feature",
      "properties": {
        "fid": 176,
        "Text": "{\\C7;109}",
        "ogr_style": "LABEL(f:\"Arial\",t:\"{\\C7;109}\",s:7.5g,p:7,c:#00ffff)",
        "font": "Arial",
        "angle": null,
        "size": 7.5,
        "size_u": "g",
        "anchor": "8",
        "color": "#7",
        "underline": 0,
        "plaintext": "109",
        "fcolor": null,
        "flnum": 0,
        "bold": null,
        "italic": null,
        "dx": null,
        "dx_u": null,
        "dy": null,
        "dy_u": null
      },
      "geometry": {
        "type": "Point",
        "coordinates": [
          126.055978164306694,
          43.348336547868236
        ]
      }
    },
    {
      "type": "Feature",
      "properties": {
        "fid": 177,
        "Text": "{\\C7;110}",
        "ogr_style": "LABEL(f:\"Arial\",t:\"{\\C7;110}\",s:7.5g,p:7,c:#00ffff)",
        "font": "Arial",
        "angle": null,
        "size": 7.5,
        "size_u": "g",
        "anchor": "8",
        "color": "#7",
        "underline": 0,
        "plaintext": "110",
        "fcolor": null,
        "flnum": 0,
        "bold": null,
        "italic": null,
        "dx": null,
        "dx_u": null,
        "dy": null,
        "dy_u": null
      },
      "geometry": {
        "type": "Point",
        "coordinates": [
          126.088844092773883,
          43.345366615833477
        ]
      }
    },
    {
      "type": "Feature",
      "properties": {
        "fid": 178,
        "Text": "{\\C7;112}",
        "ogr_style": "LABEL(f:\"Arial\",t:\"{\\C7;112}\",s:7.5g,p:7,c:#00ffff)",
        "font": "Arial",
        "angle": null,
        "size": 7.5,
        "size_u": "g",
        "anchor": "8",
        "color": "#7",
        "underline": 0,
        "plaintext": "112",
        "fcolor": null,
        "flnum": 0,
        "bold": null,
        "italic": null,
        "dx": null,
        "dx_u": null,
        "dy": null,
        "dy_u": null
      },
      "geometry": {
        "type": "Point",
        "coordinates": [
          126.088413092048356,
          43.344736790950158
        ]
      }
    },
    {
      "type": "Feature",
      "properties": {
        "fid": 179,
        "Text": "{\\C7;111}",
        "ogr_style": "LABEL(f:\"Arial\",t:\"{\\C7;111}\",s:7.5g,p:7,c:#00ffff)",
        "font": "Arial",
        "angle": null,
        "size": 7.5,
        "size_u": "g",
        "anchor": "8",
        "color": "#7",
        "underline": 0,
        "plaintext": "111",
        "fcolor": null,
        "flnum": 0,
        "bold": null,
        "italic": null,
        "dx": null,
        "dx_u": null,
        "dy": null,
        "dy_u": null
      },
      "geometry": {
        "type": "Point",
        "coordinates": [
          126.089197275329624,
          43.344729788911891
        ]
      }
    },
    {
      "type": "Feature",
      "properties": {
        "fid": 180,
        "Text": "{\\C7;113}",
        "ogr_style": "LABEL(f:\"Arial\",t:\"{\\C7;113}\",s:7.5g,p:7,c:#00ffff)",
        "font": "Arial",
        "angle": null,
        "size": 7.5,
        "size_u": "g",
        "anchor": "8",
        "color": "#7",
        "underline": 0,
        "plaintext": "113",
        "fcolor": null,
        "flnum": 0,
        "bold": null,
        "italic": null,
        "dx": null,
        "dx_u": null,
        "dy": null,
        "dy_u": null
      },
      "geometry": {
        "type": "Point",
        "coordinates": [
          126.088028538811216,
          43.344735319861492
        ]
      }
    },
    {
      "type": "Feature",
      "properties": {
        "fid": 181,
        "Text": "{\\fArial|b1|i0|c204|p34;114}",
        "ogr_style": "LABEL(f:\"Arial\",t:\"{\\fArial|b1|i0|c204|p34;114}\",s:12.5g,p:7,c:#000000)",
        "font": "Arial",
        "angle": null,
        "size": 12.5,
        "size_u": "g",
        "anchor": "8",
        "color": "#000000",
        "underline": 0,
        "plaintext": "114",
        "fcolor": null,
        "flnum": 0,
        "bold": 1,
        "italic": 0,
        "dx": null,
        "dx_u": null,
        "dy": null,
        "dy_u": null
      },
      "geometry": {
        "type": "Point",
        "coordinates": [
          126.077580398823841,
          43.350603768639253
        ]
      }
    },
    {
      "type": "Feature",
      "properties": {
        "fid": 182,
        "Text": "{\\C7;116}",
        "ogr_style": "LABEL(f:\"Arial\",t:\"{\\C7;116}\",s:7.5g,p:7,c:#000000)",
        "font": "Arial",
        "angle": null,
        "size": 7.5,
        "size_u": "g",
        "anchor": "8",
        "color": "#7",
        "underline": 0,
        "plaintext": "116",
        "fcolor": null,
        "flnum": 0,
        "bold": null,
        "italic": null,
        "dx": null,
        "dx_u": null,
        "dy": null,
        "dy_u": null
      },
      "geometry": {
        "type": "Point",
        "coordinates": [
          126.078662120803642,
          43.346325644988063
        ]
      }
    },
    {
      "type": "Feature",
      "properties": {
        "fid": 183,
        "Text": "{\\C7;117}",
        "ogr_style": "LABEL(f:\"Arial\",t:\"{\\C7;117}\",s:7.5g,p:7,c:#000000)",
        "font": "Arial",
        "angle": null,
        "size": 7.5,
        "size_u": "g",
        "anchor": "8",
        "color": "#7",
        "underline": 0,
        "plaintext": "117",
        "fcolor": null,
        "flnum": 0,
        "bold": null,
        "italic": null,
        "dx": null,
        "dx_u": null,
        "dy": null,
        "dy_u": null
      },
      "geometry": {
        "type": "Point",
        "coordinates": [
          126.078583087692493,
          43.346493474592705
        ]
      }
    },
    {
      "type": "Feature",
      "properties": {
        "fid": 184,
        "Text": "{\\C7;118}",
        "ogr_style": "LABEL(f:\"Arial\",t:\"{\\C7;118}\",s:7.5g,p:7,c:#000000)",
        "font": "Arial",
        "angle": null,
        "size": 7.5,
        "size_u": "g",
        "anchor": "8",
        "color": "#7",
        "underline": 0,
        "plaintext": "118",
        "fcolor": null,
        "flnum": 0,
        "bold": null,
        "italic": null,
        "dx": null,
        "dx_u": null,
        "dy": null,
        "dy_u": null
      },
      "geometry": {
        "type": "Point",
        "coordinates": [
          126.078666637494976,
          43.347330617015821
        ]
      }
    },
    {
      "type": "Feature",
      "properties": {
        "fid": 185,
        "Text": "{\\C7;119}",
        "ogr_style": "LABEL(f:\"Arial\",t:\"{\\C7;119}\",s:7.5g,p:7,c:#000000)",
        "font": "Arial",
        "angle": null,
        "size": 7.5,
        "size_u": "g",
        "anchor": "8",
        "color": "#7",
        "underline": 0,
        "plaintext": "119",
        "fcolor": null,
        "flnum": 0,
        "bold": null,
        "italic": null,
        "dx": null,
        "dx_u": null,
        "dy": null,
        "dy_u": null
      },
      "geometry": {
        "type": "Point",
        "coordinates": [
          126.078575685854332,
          43.347720860602756
        ]
      }
    },
    {
      "type": "Feature",
      "properties": {
        "fid": 186,
        "Text": "{\\C7;121}",
        "ogr_style": "LABEL(f:\"Arial\",t:\"{\\C7;121}\",s:7.5g,p:7,c:#000000)",
        "font": "Arial",
        "angle": null,
        "size": 7.5,
        "size_u": "g",
        "anchor": "8",
        "color": "#7",
        "underline": 0,
        "plaintext": "121",
        "fcolor": null,
        "flnum": 0,
        "bold": null,
        "italic": null,
        "dx": null,
        "dx_u": null,
        "dy": null,
        "dy_u": null
      },
      "geometry": {
        "type": "Point",
        "coordinates": [
          126.080945054596398,
          43.346020028368606
        ]
      }
    },
    {
      "type": "Feature",
      "properties": {
        "fid": 187,
        "Text": "{\\C7;120}",
        "ogr_style": "LABEL(f:\"Arial\",t:\"{\\C7;120}\",s:7.5g,p:7,c:#000000)",
        "font": "Arial",
        "angle": null,
        "size": 7.5,
        "size_u": "g",
        "anchor": "8",
        "color": "#7",
        "underline": 0,
        "plaintext": "120",
        "fcolor": null,
        "flnum": 0,
        "bold": null,
        "italic": null,
        "dx": null,
        "dx_u": null,
        "dy": null,
        "dy_u": null
      },
      "geometry": {
        "type": "Point",
        "coordinates": [
          126.080471699569216,
          43.3460916133523
        ]
      }
    },
    {
      "type": "Feature",
      "properties": {
        "fid": 188,
        "Text": "{\\C7;122}",
        "ogr_style": "LABEL(f:\"Arial\",t:\"{\\C7;122}\",s:7.5g,p:7,c:#000000)",
        "font": "Arial",
        "angle": null,
        "size": 7.5,
        "size_u": "g",
        "anchor": "8",
        "color": "#7",
        "underline": 0,
        "plaintext": "122",
        "fcolor": null,
        "flnum": 0,
        "bold": null,
        "italic": null,
        "dx": null,
        "dx_u": null,
        "dy": null,
        "dy_u": null
      },
      "geometry": {
        "type": "Point",
        "coordinates": [
          126.080904372104072,
          43.346170678881343
        ]
      }
    },
    {
      "type": "Feature",
      "properties": {
        "fid": 189,
        "Text": "{\\C7;123}",
        "ogr_style": "LABEL(f:\"Arial\",t:\"{\\C7;123}\",s:7.5g,p:7,c:#000000)",
        "font": "Arial",
        "angle": null,
        "size": 7.5,
        "size_u": "g",
        "anchor": "8",
        "color": "#7",
        "underline": 0,
        "plaintext": "123",
        "fcolor": null,
        "flnum": 0,
        "bold": null,
        "italic": null,
        "dx": null,
        "dx_u": null,
        "dy": null,
        "dy_u": null
      },
      "geometry": {
        "type": "Point",
        "coordinates": [
          126.080840574058826,
          43.346534172017734
        ]
      }
    },
    {
      "type": "Feature",
      "properties": {
        "fid": 190,
        "Text": "{\\C7;124}",
        "ogr_style": "LABEL(f:\"Arial\",t:\"{\\C7;124}\",s:7.5g,p:7,c:#000000)",
        "font": "Arial",
        "angle": null,
        "size": 7.5,
        "size_u": "g",
        "anchor": "8",
        "color": "#7",
        "underline": 0,
        "plaintext": "124",
        "fcolor": null,
        "flnum": 0,
        "bold": null,
        "italic": null,
        "dx": null,
        "dx_u": null,
        "dy": null,
        "dy_u": null
      },
      "geometry": {
        "type": "Point",
        "coordinates": [
          126.080836912339223,
          43.346830341985772
        ]
      }
    },
    {
      "type": "Feature",
      "properties": {
        "fid": 191,
        "Text": "{\\C7;125}",
        "ogr_style": "LABEL(f:\"Arial\",t:\"{\\C7;125}\",s:7.5g,p:7,c:#000000)",
        "font": "Arial",
        "angle": null,
        "size": 7.5,
        "size_u": "g",
        "anchor": "8",
        "color": "#7",
        "underline": 0,
        "plaintext": "125",
        "fcolor": null,
        "flnum": 0,
        "bold": null,
        "italic": null,
        "dx": null,
        "dx_u": null,
        "dy": null,
        "dy_u": null
      },
      "geometry": {
        "type": "Point",
        "coordinates": [
          126.080794776431674,
          43.346986950799014
        ]
      }
    },
    {
      "type": "Feature",
      "properties": {
        "fid": 192,
        "Text": "{\\C7;126}",
        "ogr_style": "LABEL(f:\"Arial\",t:\"{\\C7;126}\",s:7.5g,p:7,c:#000000)",
        "font": "Arial",
        "angle": null,
        "size": 7.5,
        "size_u": "g",
        "anchor": "8",
        "color": "#7",
        "underline": 0,
        "plaintext": "126",
        "fcolor": null,
        "flnum": 0,
        "bold": null,
        "italic": null,
        "dx": null,
        "dx_u": null,
        "dy": null,
        "dy_u": null
      },
      "geometry": {
        "type": "Point",
        "coordinates": [
          126.079873123490273,
          43.3460232830164
        ]
      }
    },
    {
      "type": "Feature",
      "properties": {
        "fid": 193,
        "Text": "{\\C7;127}",
        "ogr_style": "LABEL(f:\"Arial\",t:\"{\\C7;127}\",s:7.5g,p:7,c:#000000)",
        "font": "Arial",
        "angle": null,
        "size": 7.5,
        "size_u": "g",
        "anchor": "8",
        "color": "#7",
        "underline": 0,
        "plaintext": "127",
        "fcolor": null,
        "flnum": 0,
        "bold": null,
        "italic": null,
        "dx": null,
        "dx_u": null,
        "dy": null,
        "dy_u": null
      },
      "geometry": {
        "type": "Point",
        "coordinates": [
          126.079699987217538,
          43.347081013478402
        ]
      }
    },
    {
      "type": "Feature",
      "properties": {
        "fid": 194,
        "Text": "{\\C7;128}",
        "ogr_style": "LABEL(f:\"Arial\",t:\"{\\C7;128}\",s:7.5g,p:7,c:#000000)",
        "font": "Arial",
        "angle": null,
        "size": 7.5,
        "size_u": "g",
        "anchor": "8",
        "color": "#7",
        "underline": 0,
        "plaintext": "128",
        "fcolor": null,
        "flnum": 0,
        "bold": null,
        "italic": null,
        "dx": null,
        "dx_u": null,
        "dy": null,
        "dy_u": null
      },
      "geometry": {
        "type": "Point",
        "coordinates": [
          126.079932974650859,
          43.347120138971526
        ]
      }
    },
    {
      "type": "Feature",
      "properties": {
        "fid": 195,
        "Text": "{\\C7;129}",
        "ogr_style": "LABEL(f:\"Arial\",t:\"{\\C7;129}\",s:7.5g,p:7,c:#000000)",
        "font": "Arial",
        "angle": null,
        "size": 7.5,
        "size_u": "g",
        "anchor": "8",
        "color": "#7",
        "underline": 0,
        "plaintext": "129",
        "fcolor": null,
        "flnum": 0,
        "bold": null,
        "italic": null,
        "dx": null,
        "dx_u": null,
        "dy": null,
        "dy_u": null
      },
      "geometry": {
        "type": "Point",
        "coordinates": [
          126.079906763038025,
          43.346981074553817
        ]
      }
    },
    {
      "type": "Feature",
      "properties": {
        "fid": 196,
        "Text": "{\\C7;130}",
        "ogr_style": "LABEL(f:\"Arial\",t:\"{\\C7;130}\",s:7.5g,p:7,c:#000000)",
        "font": "Arial",
        "angle": null,
        "size": 7.5,
        "size_u": "g",
        "anchor": "8",
        "color": "#7",
        "underline": 0,
        "plaintext": "130",
        "fcolor": null,
        "flnum": 0,
        "bold": null,
        "italic": null,
        "dx": null,
        "dx_u": null,
        "dy": null,
        "dy_u": null
      },
      "geometry": {
        "type": "Point",
        "coordinates": [
          126.079063834350535,
          43.348524912503095
        ]
      }
    },
    {
      "type": "Feature",
      "properties": {
        "fid": 197,
        "Text": "{\\C7;131}",
        "ogr_style": "LABEL(f:\"Arial\",t:\"{\\C7;131}\",s:7.5g,p:7,c:#000000)",
        "font": "Arial",
        "angle": null,
        "size": 7.5,
        "size_u": "g",
        "anchor": "8",
        "color": "#7",
        "underline": 0,
        "plaintext": "131",
        "fcolor": null,
        "flnum": 0,
        "bold": null,
        "italic": null,
        "dx": null,
        "dx_u": null,
        "dy": null,
        "dy_u": null
      },
      "geometry": {
        "type": "Point",
        "coordinates": [
          126.079661229162255,
          43.348457535227709
        ]
      }
    },
    {
      "type": "Feature",
      "properties": {
        "fid": 198,
        "Text": "{\\C7;132}",
        "ogr_style": "LABEL(f:\"Arial\",t:\"{\\C7;132}\",s:7.5g,p:7,c:#000000)",
        "font": "Arial",
        "angle": null,
        "size": 7.5,
        "size_u": "g",
        "anchor": "8",
        "color": "#7",
        "underline": 0,
        "plaintext": "132",
        "fcolor": null,
        "flnum": 0,
        "bold": null,
        "italic": null,
        "dx": null,
        "dx_u": null,
        "dy": null,
        "dy_u": null
      },
      "geometry": {
        "type": "Point",
        "coordinates": [
          126.079066411416164,
          43.348935341187477
        ]
      }
    },
    {
      "type": "Feature",
      "properties": {
        "fid": 199,
        "Text": "{\\C7;133}",
        "ogr_style": "LABEL(f:\"Arial\",t:\"{\\C7;133}\",s:7.5g,p:7,c:#000000)",
        "font": "Arial",
        "angle": null,
        "size": 7.5,
        "size_u": "g",
        "anchor": "8",
        "color": "#7",
        "underline": 0,
        "plaintext": "133",
        "fcolor": null,
        "flnum": 0,
        "bold": null,
        "italic": null,
        "dx": null,
        "dx_u": null,
        "dy": null,
        "dy_u": null
      },
      "geometry": {
        "type": "Point",
        "coordinates": [
          126.079644698754137,
          43.349326632382478
        ]
      }
    },
    {
      "type": "Feature",
      "properties": {
        "fid": 200,
        "Text": "{\\C7;134}",
        "ogr_style": "LABEL(f:\"Arial\",t:\"{\\C7;134}\",s:7.5g,p:7,c:#000000)",
        "font": "Arial",
        "angle": null,
        "size": 7.5,
        "size_u": "g",
        "anchor": "8",
        "color": "#7",
        "underline": 0,
        "plaintext": "134",
        "fcolor": null,
        "flnum": 0,
        "bold": null,
        "italic": null,
        "dx": null,
        "dx_u": null,
        "dy": null,
        "dy_u": null
      },
      "geometry": {
        "type": "Point",
        "coordinates": [
          126.08084723433015,
          43.34635575415146
        ]
      }
    },
    {
      "type": "Feature",
      "properties": {
        "fid": 201,
        "Text": "{\\C7;135}",
        "ogr_style": "LABEL(f:\"Arial\",t:\"{\\C7;135}\",s:7.5g,p:7,c:#000000)",
        "font": "Arial",
        "angle": null,
        "size": 7.5,
        "size_u": "g",
        "anchor": "8",
        "color": "#7",
        "underline": 0,
        "plaintext": "135",
        "fcolor": null,
        "flnum": 0,
        "bold": null,
        "italic": null,
        "dx": null,
        "dx_u": null,
        "dy": null,
        "dy_u": null
      },
      "geometry": {
        "type": "Point",
        "coordinates": [
          126.077268886947323,
          43.346114811486153
        ]
      }
    },
    {
      "type": "Feature",
      "properties": {
        "fid": 202,
        "Text": "{\\C7;136}",
        "ogr_style": "LABEL(f:\"Arial\",t:\"{\\C7;136}\",s:7.5g,p:7,c:#000000)",
        "font": "Arial",
        "angle": null,
        "size": 7.5,
        "size_u": "g",
        "anchor": "8",
        "color": "#7",
        "underline": 0,
        "plaintext": "136",
        "fcolor": null,
        "flnum": 0,
        "bold": null,
        "italic": null,
        "dx": null,
        "dx_u": null,
        "dy": null,
        "dy_u": null
      },
      "geometry": {
        "type": "Point",
        "coordinates": [
          126.077015614995332,
          43.34771578871824
        ]
      }
    },
    {
      "type": "Feature",
      "properties": {
        "fid": 203,
        "Text": "{\\C7;137}",
        "ogr_style": "LABEL(f:\"Arial\",t:\"{\\C7;137}\",s:7.5g,p:7,c:#000000)",
        "font": "Arial",
        "angle": null,
        "size": 7.5,
        "size_u": "g",
        "anchor": "8",
        "color": "#7",
        "underline": 0,
        "plaintext": "137",
        "fcolor": null,
        "flnum": 0,
        "bold": null,
        "italic": null,
        "dx": null,
        "dx_u": null,
        "dy": null,
        "dy_u": null
      },
      "geometry": {
        "type": "Point",
        "coordinates": [
          126.077084615554242,
          43.34793253787636
        ]
      }
    },
    {
      "type": "Feature",
      "properties": {
        "fid": 204,
        "Text": "{\\C7;138}",
        "ogr_style": "LABEL(f:\"Arial\",t:\"{\\C7;138}\",s:7.5g,p:7,c:#000000)",
        "font": "Arial",
        "angle": null,
        "size": 7.5,
        "size_u": "g",
        "anchor": "8",
        "color": "#7",
        "underline": 0,
        "plaintext": "138",
        "fcolor": null,
        "flnum": 0,
        "bold": null,
        "italic": null,
        "dx": null,
        "dx_u": null,
        "dy": null,
        "dy_u": null
      },
      "geometry": {
        "type": "Point",
        "coordinates": [
          126.076867528027009,
          43.348037412164295
        ]
      }
    },
    {
      "type": "Feature",
      "properties": {
        "fid": 205,
        "Text": "{\\C7;139}",
        "ogr_style": "LABEL(f:\"Arial\",t:\"{\\C7;139}\",s:7.5g,p:7,c:#000000)",
        "font": "Arial",
        "angle": null,
        "size": 7.5,
        "size_u": "g",
        "anchor": "8",
        "color": "#7",
        "underline": 0,
        "plaintext": "139",
        "fcolor": null,
        "flnum": 0,
        "bold": null,
        "italic": null,
        "dx": null,
        "dx_u": null,
        "dy": null,
        "dy_u": null
      },
      "geometry": {
        "type": "Point",
        "coordinates": [
          126.076703364309211,
          43.347801959447828
        ]
      }
    },
    {
      "type": "Feature",
      "properties": {
        "fid": 206,
        "Text": "{\\C7;141}",
        "ogr_style": "LABEL(f:\"Arial\",t:\"{\\C7;141}\",s:7.5g,p:7,c:#00ffff)",
        "font": "Arial",
        "angle": null,
        "size": 7.5,
        "size_u": "g",
        "anchor": "8",
        "color": "#7",
        "underline": 0,
        "plaintext": "141",
        "fcolor": null,
        "flnum": 0,
        "bold": null,
        "italic": null,
        "dx": null,
        "dx_u": null,
        "dy": null,
        "dy_u": null
      },
      "geometry": {
        "type": "Point",
        "coordinates": [
          126.050018147624272,
          43.344316305438134
        ]
      }
    },
    {
      "type": "Feature",
      "properties": {
        "fid": 207,
        "Text": "{\\C7;142}",
        "ogr_style": "LABEL(f:\"Arial\",t:\"{\\C7;142}\",s:7.5g,p:7,c:#00ffff)",
        "font": "Arial",
        "angle": null,
        "size": 7.5,
        "size_u": "g",
        "anchor": "8",
        "color": "#7",
        "underline": 0,
        "plaintext": "142",
        "fcolor": null,
        "flnum": 0,
        "bold": null,
        "italic": null,
        "dx": null,
        "dx_u": null,
        "dy": null,
        "dy_u": null
      },
      "geometry": {
        "type": "Point",
        "coordinates": [
          126.051271141721656,
          43.345001507255247
        ]
      }
    },
    {
      "type": "Feature",
      "properties": {
        "fid": 208,
        "Text": "{\\C7;143}",
        "ogr_style": "LABEL(f:\"Arial\",t:\"{\\C7;143}\",s:7.5g,p:7,c:#00ffff)",
        "font": "Arial",
        "angle": null,
        "size": 7.5,
        "size_u": "g",
        "anchor": "8",
        "color": "#7",
        "underline": 0,
        "plaintext": "143",
        "fcolor": null,
        "flnum": 0,
        "bold": null,
        "italic": null,
        "dx": null,
        "dx_u": null,
        "dy": null,
        "dy_u": null
      },
      "geometry": {
        "type": "Point",
        "coordinates": [
          126.050518896591967,
          43.345059928231599
        ]
      }
    },
    {
      "type": "Feature",
      "properties": {
        "fid": 209,
        "Text": "{\\C7;145}",
        "ogr_style": "LABEL(f:\"Arial\",t:\"{\\C7;145}\",s:7.5g,p:7,c:#00ffff)",
        "font": "Arial",
        "angle": null,
        "size": 7.5,
        "size_u": "g",
        "anchor": "8",
        "color": "#7",
        "underline": 0,
        "plaintext": "145",
        "fcolor": null,
        "flnum": 0,
        "bold": null,
        "italic": null,
        "dx": null,
        "dx_u": null,
        "dy": null,
        "dy_u": null
      },
      "geometry": {
        "type": "Point",
        "coordinates": [
          126.048988073982841,
          43.344802940584117
        ]
      }
    },
    {
      "type": "Feature",
      "properties": {
        "fid": 210,
        "Text": "{\\C7;146}",
        "ogr_style": "LABEL(f:\"Arial\",t:\"{\\C7;146}\",s:7.5g,p:7,c:#00ffff)",
        "font": "Arial",
        "angle": null,
        "size": 7.5,
        "size_u": "g",
        "anchor": "8",
        "color": "#7",
        "underline": 0,
        "plaintext": "146",
        "fcolor": null,
        "flnum": 0,
        "bold": null,
        "italic": null,
        "dx": null,
        "dx_u": null,
        "dy": null,
        "dy_u": null
      },
      "geometry": {
        "type": "Point",
        "coordinates": [
          126.04613005318474,
          43.349908704920601
        ]
      }
    },
    {
      "type": "Feature",
      "properties": {
        "fid": 211,
        "Text": "{\\C7;147}",
        "ogr_style": "LABEL(f:\"Arial\",t:\"{\\C7;147}\",s:7.5g,p:7,c:#00ffff)",
        "font": "Arial",
        "angle": null,
        "size": 7.5,
        "size_u": "g",
        "anchor": "8",
        "color": "#7",
        "underline": 0,
        "plaintext": "147",
        "fcolor": null,
        "flnum": 0,
        "bold": null,
        "italic": null,
        "dx": null,
        "dx_u": null,
        "dy": null,
        "dy_u": null
      },
      "geometry": {
        "type": "Point",
        "coordinates": [
          126.046330107805218,
          43.349991695298684
        ]
      }
    },
    {
      "type": "Feature",
      "properties": {
        "fid": 212,
        "Text": "{\\C7;148}",
        "ogr_style": "LABEL(f:\"Arial\",t:\"{\\C7;148}\",s:7.5g,p:7,c:#00ffff)",
        "font": "Arial",
        "angle": null,
        "size": 7.5,
        "size_u": "g",
        "anchor": "8",
        "color": "#7",
        "underline": 0,
        "plaintext": "148",
        "fcolor": null,
        "flnum": 0,
        "bold": null,
        "italic": null,
        "dx": null,
        "dx_u": null,
        "dy": null,
        "dy_u": null
      },
      "geometry": {
        "type": "Point",
        "coordinates": [
          126.047515015261467,
          43.350219529801471
        ]
      }
    },
    {
      "type": "Feature",
      "properties": {
        "fid": 213,
        "Text": "{\\C7;149}",
        "ogr_style": "LABEL(f:\"Arial\",t:\"{\\C7;149}\",s:7.5g,p:7,c:#00ffff)",
        "font": "Arial",
        "angle": null,
        "size": 7.5,
        "size_u": "g",
        "anchor": "8",
        "color": "#7",
        "underline": 0,
        "plaintext": "149",
        "fcolor": null,
        "flnum": 0,
        "bold": null,
        "italic": null,
        "dx": null,
        "dx_u": null,
        "dy": null,
        "dy_u": null
      },
      "geometry": {
        "type": "Point",
        "coordinates": [
          126.047978144833593,
          43.35042094294608
        ]
      }
    },
    {
      "type": "Feature",
      "properties": {
        "fid": 214,
        "Text": "{\\C7;150}",
        "ogr_style": "LABEL(f:\"Arial\",t:\"{\\C7;150}\",s:7.5g,p:7,c:#00ffff)",
        "font": "Arial",
        "angle": null,
        "size": 7.5,
        "size_u": "g",
        "anchor": "8",
        "color": "#7",
        "underline": 0,
        "plaintext": "150",
        "fcolor": null,
        "flnum": 0,
        "bold": null,
        "italic": null,
        "dx": null,
        "dx_u": null,
        "dy": null,
        "dy_u": null
      },
      "geometry": {
        "type": "Point",
        "coordinates": [
          126.048093907440716,
          43.350233236324961
        ]
      }
    },
    {
      "type": "Feature",
      "properties": {
        "fid": 215,
        "Text": "{\\C7;151}",
        "ogr_style": "LABEL(f:\"Arial\",t:\"{\\C7;151}\",s:7.5g,p:7,c:#00ffff)",
        "font": "Arial",
        "angle": null,
        "size": 7.5,
        "size_u": "g",
        "anchor": "8",
        "color": "#7",
        "underline": 0,
        "plaintext": "151",
        "fcolor": null,
        "flnum": 0,
        "bold": null,
        "italic": null,
        "dx": null,
        "dx_u": null,
        "dy": null,
        "dy_u": null
      },
      "geometry": {
        "type": "Point",
        "coordinates": [
          126.054177682421795,
          43.34658452438628
        ]
      }
    },
    {
      "type": "Feature",
      "properties": {
        "fid": 216,
        "Text": "{\\C7;144}",
        "ogr_style": "LABEL(f:\"Arial\",t:\"{\\C7;144}\",s:7.5g,p:7,c:#00ffff)",
        "font": "Arial",
        "angle": null,
        "size": 7.5,
        "size_u": "g",
        "anchor": "8",
        "color": "#7",
        "underline": 0,
        "plaintext": "144",
        "fcolor": null,
        "flnum": 0,
        "bold": null,
        "italic": null,
        "dx": null,
        "dx_u": null,
        "dy": null,
        "dy_u": null
      },
      "geometry": {
        "type": "Point",
        "coordinates": [
          126.057887174170645,
          43.345509022916282
        ]
      }
    },
    {
      "type": "Feature",
      "properties": {
        "fid": 217,
        "Text": "{\\C7;152}",
        "ogr_style": "LABEL(f:\"Arial\",t:\"{\\C7;152}\",s:7.5g,p:7,c:#00ffff)",
        "font": "Arial",
        "angle": null,
        "size": 7.5,
        "size_u": "g",
        "anchor": "8",
        "color": "#7",
        "underline": 0,
        "plaintext": "152",
        "fcolor": null,
        "flnum": 0,
        "bold": null,
        "italic": null,
        "dx": null,
        "dx_u": null,
        "dy": null,
        "dy_u": null
      },
      "geometry": {
        "type": "Point",
        "coordinates": [
          126.054492604162689,
          43.346807293633837
        ]
      }
    },
    {
      "type": "Feature",
      "properties": {
        "fid": 218,
        "Text": "{\\C7;153}",
        "ogr_style": "LABEL(f:\"Arial\",t:\"{\\C7;153}\",s:7.5g,p:7,c:#00ffff)",
        "font": "Arial",
        "angle": null,
        "size": 7.5,
        "size_u": "g",
        "anchor": "8",
        "color": "#7",
        "underline": 0,
        "plaintext": "153",
        "fcolor": null,
        "flnum": 0,
        "bold": null,
        "italic": null,
        "dx": null,
        "dx_u": null,
        "dy": null,
        "dy_u": null
      },
      "geometry": {
        "type": "Point",
        "coordinates": [
          126.054537617839813,
          43.348096572314219
        ]
      }
    },
    {
      "type": "Feature",
      "properties": {
        "fid": 219,
        "Text": "{\\C7;154}",
        "ogr_style": "LABEL(f:\"Arial\",t:\"{\\C7;154}\",s:7.5g,p:7,c:#00ffff)",
        "font": "Arial",
        "angle": null,
        "size": 7.5,
        "size_u": "g",
        "anchor": "8",
        "color": "#7",
        "underline": 0,
        "plaintext": "154",
        "fcolor": null,
        "flnum": 0,
        "bold": null,
        "italic": null,
        "dx": null,
        "dx_u": null,
        "dy": null,
        "dy_u": null
      },
      "geometry": {
        "type": "Point",
        "coordinates": [
          126.054519030593255,
          43.347891070202429
        ]
      }
    },
    {
      "type": "Feature",
      "properties": {
        "fid": 220,
        "Text": "{\\C7;155}",
        "ogr_style": "LABEL(f:\"Arial\",t:\"{\\C7;155}\",s:7.5g,p:7,c:#00ffff)",
        "font": "Arial",
        "angle": null,
        "size": 7.5,
        "size_u": "g",
        "anchor": "8",
        "color": "#7",
        "underline": 0,
        "plaintext": "155",
        "fcolor": null,
        "flnum": 0,
        "bold": null,
        "italic": null,
        "dx": null,
        "dx_u": null,
        "dy": null,
        "dy_u": null
      },
      "geometry": {
        "type": "Point",
        "coordinates": [
          126.042225772813126,
          43.345507651783237
        ]
      }
    },
    {
      "type": "Feature",
      "properties": {
        "fid": 221,
        "Text": "{\\C7;157}",
        "ogr_style": "LABEL(f:\"Arial\",t:\"{\\C7;157}\",s:7.5g,p:7,c:#000000)",
        "font": "Arial",
        "angle": null,
        "size": 7.5,
        "size_u": "g",
        "anchor": "8",
        "color": "#7",
        "underline": 0,
        "plaintext": "157",
        "fcolor": null,
        "flnum": 0,
        "bold": null,
        "italic": null,
        "dx": null,
        "dx_u": null,
        "dy": null,
        "dy_u": null
      },
      "geometry": {
        "type": "Point",
        "coordinates": [
          126.095359886939434,
          43.345678164392986
        ]
      }
    },
    {
      "type": "Feature",
      "properties": {
        "fid": 222,
        "Text": "{\\C7;158}",
        "ogr_style": "LABEL(f:\"Arial\",t:\"{\\C7;158}\",s:7.5g,p:7,c:#000000)",
        "font": "Arial",
        "angle": null,
        "size": 7.5,
        "size_u": "g",
        "anchor": "8",
        "color": "#7",
        "underline": 0,
        "plaintext": "158",
        "fcolor": null,
        "flnum": 0,
        "bold": null,
        "italic": null,
        "dx": null,
        "dx_u": null,
        "dy": null,
        "dy_u": null
      },
      "geometry": {
        "type": "Point",
        "coordinates": [
          126.094434864610903,
          43.347827909967663
        ]
      }
    },
    {
      "type": "Feature",
      "properties": {
        "fid": 223,
        "Text": "{\\C7;159}",
        "ogr_style": "LABEL(f:\"Arial\",t:\"{\\C7;159}\",s:7.5g,p:7,c:#00ffff)",
        "font": "Arial",
        "angle": null,
        "size": 7.5,
        "size_u": "g",
        "anchor": "8",
        "color": "#7",
        "underline": 0,
        "plaintext": "159",
        "fcolor": null,
        "flnum": 0,
        "bold": null,
        "italic": null,
        "dx": null,
        "dx_u": null,
        "dy": null,
        "dy_u": null
      },
      "geometry": {
        "type": "Point",
        "coordinates": [
          126.043677021479084,
          43.351027165766929
        ]
      }
    },
    {
      "type": "Feature",
      "properties": {
        "fid": 224,
        "Text": "{\\C7;160}",
        "ogr_style": "LABEL(f:\"Arial\",t:\"{\\C7;160}\",s:7.5g,p:7,c:#00ffff)",
        "font": "Arial",
        "angle": null,
        "size": 7.5,
        "size_u": "g",
        "anchor": "8",
        "color": "#7",
        "underline": 0,
        "plaintext": "160",
        "fcolor": null,
        "flnum": 0,
        "bold": null,
        "italic": null,
        "dx": null,
        "dx_u": null,
        "dy": null,
        "dy_u": null
      },
      "geometry": {
        "type": "Point",
        "coordinates": [
          126.04344091595236,
          43.350675263428514
        ]
      }
    },
    {
      "type": "Feature",
      "properties": {
        "fid": 225,
        "Text": "{\\C7;165}",
        "ogr_style": "LABEL(f:\"Arial\",t:\"{\\C7;165}\",s:7.5g,p:7,c:#000000)",
        "font": "Arial",
        "angle": null,
        "size": 7.5,
        "size_u": "g",
        "anchor": "8",
        "color": "#7",
        "underline": 0,
        "plaintext": "165",
        "fcolor": null,
        "flnum": 0,
        "bold": null,
        "italic": null,
        "dx": null,
        "dx_u": null,
        "dy": null,
        "dy_u": null
      },
      "geometry": {
        "type": "Point",
        "coordinates": [
          126.09536544881216,
          43.344799977390508
        ]
      }
    },
    {
      "type": "Feature",
      "properties": {
        "fid": 226,
        "Text": "{\\C7;166}",
        "ogr_style": "LABEL(f:\"Arial\",t:\"{\\C7;166}\",s:7.5g,p:7,c:#00ffff)",
        "font": "Arial",
        "angle": null,
        "size": 7.5,
        "size_u": "g",
        "anchor": "8",
        "color": "#7",
        "underline": 0,
        "plaintext": "166",
        "fcolor": null,
        "flnum": 0,
        "bold": null,
        "italic": null,
        "dx": null,
        "dx_u": null,
        "dy": null,
        "dy_u": null
      },
      "geometry": {
        "type": "Point",
        "coordinates": [
          126.045090428321942,
          43.347961353071589
        ]
      }
    },
    {
      "type": "Feature",
      "properties": {
        "fid": 227,
        "Text": "{\\C7;167}",
        "ogr_style": "LABEL(f:\"Arial\",t:\"{\\C7;167}\",s:7.5g,p:7,c:#00ffff)",
        "font": "Arial",
        "angle": null,
        "size": 7.5,
        "size_u": "g",
        "anchor": "8",
        "color": "#7",
        "underline": 0,
        "plaintext": "167",
        "fcolor": null,
        "flnum": 0,
        "bold": null,
        "italic": null,
        "dx": null,
        "dx_u": null,
        "dy": null,
        "dy_u": null
      },
      "geometry": {
        "type": "Point",
        "coordinates": [
          126.045359585242053,
          43.348108829967664
        ]
      }
    },
    {
      "type": "Feature",
      "properties": {
        "fid": 228,
        "Text": "{\\C7;168}",
        "ogr_style": "LABEL(f:\"Arial\",t:\"{\\C7;168}\",s:7.5g,p:7,c:#00ffff)",
        "font": "Arial",
        "angle": null,
        "size": 7.5,
        "size_u": "g",
        "anchor": "8",
        "color": "#7",
        "underline": 0,
        "plaintext": "168",
        "fcolor": null,
        "flnum": 0,
        "bold": null,
        "italic": null,
        "dx": null,
        "dx_u": null,
        "dy": null,
        "dy_u": null
      },
      "geometry": {
        "type": "Point",
        "coordinates": [
          126.045376708990247,
          43.348820103551581
        ]
      }
    },
    {
      "type": "Feature",
      "properties": {
        "fid": 229,
        "Text": "{\\C7;169}",
        "ogr_style": "LABEL(f:\"Arial\",t:\"{\\C7;169}\",s:7.5g,p:7,c:#00ffff)",
        "font": "Arial",
        "angle": null,
        "size": 7.5,
        "size_u": "g",
        "anchor": "8",
        "color": "#7",
        "underline": 0,
        "plaintext": "169",
        "fcolor": null,
        "flnum": 0,
        "bold": null,
        "italic": null,
        "dx": null,
        "dx_u": null,
        "dy": null,
        "dy_u": null
      },
      "geometry": {
        "type": "Point",
        "coordinates": [
          126.045120657485754,
          43.35005924591588
        ]
      }
    },
    {
      "type": "Feature",
      "properties": {
        "fid": 230,
        "Text": "{\\C7;170}",
        "ogr_style": "LABEL(f:\"Arial\",t:\"{\\C7;170}\",s:7.5g,p:7,c:#00ffff)",
        "font": "Arial",
        "angle": null,
        "size": 7.5,
        "size_u": "g",
        "anchor": "8",
        "color": "#7",
        "underline": 0,
        "plaintext": "170",
        "fcolor": null,
        "flnum": 0,
        "bold": null,
        "italic": null,
        "dx": null,
        "dx_u": null,
        "dy": null,
        "dy_u": null
      },
      "geometry": {
        "type": "Point",
        "coordinates": [
          126.045827639034798,
          43.350567284454179
        ]
      }
    },
    {
      "type": "Feature",
      "properties": {
        "fid": 231,
        "Text": "{\\C7;171}",
        "ogr_style": "LABEL(f:\"Arial\",t:\"{\\C7;171}\",s:7.5g,p:7,c:#00ffff)",
        "font": "Arial",
        "angle": null,
        "size": 7.5,
        "size_u": "g",
        "anchor": "8",
        "color": "#7",
        "underline": 0,
        "plaintext": "171",
        "fcolor": null,
        "flnum": 0,
        "bold": null,
        "italic": null,
        "dx": null,
        "dx_u": null,
        "dy": null,
        "dy_u": null
      },
      "geometry": {
        "type": "Point",
        "coordinates": [
          126.045400242344911,
          43.351506958030249
        ]
      }
    },
    {
      "type": "Feature",
      "properties": {
        "fid": 232,
        "Text": "{\\C7;172}",
        "ogr_style": "LABEL(f:\"Arial\",t:\"{\\C7;172}\",s:7.5g,p:7,c:#00ffff)",
        "font": "Arial",
        "angle": null,
        "size": 7.5,
        "size_u": "g",
        "anchor": "8",
        "color": "#7",
        "underline": 0,
        "plaintext": "172",
        "fcolor": null,
        "flnum": 0,
        "bold": null,
        "italic": null,
        "dx": null,
        "dx_u": null,
        "dy": null,
        "dy_u": null
      },
      "geometry": {
        "type": "Point",
        "coordinates": [
          126.045962148089941,
          43.351440333373951
        ]
      }
    },
    {
      "type": "Feature",
      "properties": {
        "fid": 233,
        "Text": "{\\C7;173}",
        "ogr_style": "LABEL(f:\"Arial\",t:\"{\\C7;173}\",s:7.5g,p:7,c:#00ffff)",
        "font": "Arial",
        "angle": null,
        "size": 7.5,
        "size_u": "g",
        "anchor": "8",
        "color": "#7",
        "underline": 0,
        "plaintext": "173",
        "fcolor": null,
        "flnum": 0,
        "bold": null,
        "italic": null,
        "dx": null,
        "dx_u": null,
        "dy": null,
        "dy_u": null
      },
      "geometry": {
        "type": "Point",
        "coordinates": [
          126.046032116531819,
          43.351909419649708
        ]
      }
    },
    {
      "type": "Feature",
      "properties": {
        "fid": 234,
        "Text": "{\\C7;174}",
        "ogr_style": "LABEL(f:\"Arial\",t:\"{\\C7;174}\",s:7.5g,p:7,c:#00ffff)",
        "font": "Arial",
        "angle": null,
        "size": 7.5,
        "size_u": "g",
        "anchor": "8",
        "color": "#7",
        "underline": 0,
        "plaintext": "174",
        "fcolor": null,
        "flnum": 0,
        "bold": null,
        "italic": null,
        "dx": null,
        "dx_u": null,
        "dy": null,
        "dy_u": null
      },
      "geometry": {
        "type": "Point",
        "coordinates": [
          126.046122822854585,
          43.352182099730015
        ]
      }
    },
    {
      "type": "Feature",
      "properties": {
        "fid": 235,
        "Text": "{\\C7;175}",
        "ogr_style": "LABEL(f:\"Arial\",t:\"{\\C7;175}\",s:7.5g,p:7,c:#00ffff)",
        "font": "Arial",
        "angle": null,
        "size": 7.5,
        "size_u": "g",
        "anchor": "8",
        "color": "#7",
        "underline": 0,
        "plaintext": "175",
        "fcolor": null,
        "flnum": 0,
        "bold": null,
        "italic": null,
        "dx": null,
        "dx_u": null,
        "dy": null,
        "dy_u": null
      },
      "geometry": {
        "type": "Point",
        "coordinates": [
          126.046403662857827,
          43.355341969719426
        ]
      }
    },
    {
      "type": "Feature",
      "properties": {
        "fid": 236,
        "Text": "{\\C7;176}",
        "ogr_style": "LABEL(f:\"Arial\",t:\"{\\C7;176}\",s:7.5g,p:7,c:#00ffff)",
        "font": "Arial",
        "angle": null,
        "size": 7.5,
        "size_u": "g",
        "anchor": "8",
        "color": "#7",
        "underline": 0,
        "plaintext": "176",
        "fcolor": null,
        "flnum": 0,
        "bold": null,
        "italic": null,
        "dx": null,
        "dx_u": null,
        "dy": null,
        "dy_u": null
      },
      "geometry": {
        "type": "Point",
        "coordinates": [
          126.046411002965854,
          43.356089824953713
        ]
      }
    },
    {
      "type": "Feature",
      "properties": {
        "fid": 237,
        "Text": "{\\C7;177}",
        "ogr_style": "LABEL(f:\"Arial\",t:\"{\\C7;177}\",s:7.5g,p:7,c:#00ffff)",
        "font": "Arial",
        "angle": null,
        "size": 7.5,
        "size_u": "g",
        "anchor": "8",
        "color": "#7",
        "underline": 0,
        "plaintext": "177",
        "fcolor": null,
        "flnum": 0,
        "bold": null,
        "italic": null,
        "dx": null,
        "dx_u": null,
        "dy": null,
        "dy_u": null
      },
      "geometry": {
        "type": "Point",
        "coordinates": [
          126.05197206656868,
          43.344722808329237
        ]
      }
    },
    {
      "type": "Feature",
      "properties": {
        "fid": 238,
        "Text": "{\\C7;178}",
        "ogr_style": "LABEL(f:\"Arial\",t:\"{\\C7;178}\",s:7.5g,p:7,c:#00ffff)",
        "font": "Arial",
        "angle": null,
        "size": 7.5,
        "size_u": "g",
        "anchor": "8",
        "color": "#7",
        "underline": 0,
        "plaintext": "178",
        "fcolor": null,
        "flnum": 0,
        "bold": null,
        "italic": null,
        "dx": null,
        "dx_u": null,
        "dy": null,
        "dy_u": null
      },
      "geometry": {
        "type": "Point",
        "coordinates": [
          126.051881723515692,
          43.345070885706043
        ]
      }
    },
    {
      "type": "Feature",
      "properties": {
        "fid": 239,
        "Text": "{\\C7;179}",
        "ogr_style": "LABEL(f:\"Arial\",t:\"{\\C7;179}\",s:7.5g,p:7,c:#00ffff)",
        "font": "Arial",
        "angle": null,
        "size": 7.5,
        "size_u": "g",
        "anchor": "8",
        "color": "#7",
        "underline": 0,
        "plaintext": "179",
        "fcolor": null,
        "flnum": 0,
        "bold": null,
        "italic": null,
        "dx": null,
        "dx_u": null,
        "dy": null,
        "dy_u": null
      },
      "geometry": {
        "type": "Point",
        "coordinates": [
          126.05205567825233,
          43.34545887906993
        ]
      }
    },
    {
      "type": "Feature",
      "properties": {
        "fid": 240,
        "Text": "{\\C7;180}",
        "ogr_style": "LABEL(f:\"Arial\",t:\"{\\C7;180}\",s:7.5g,p:7,c:#00ffff)",
        "font": "Arial",
        "angle": null,
        "size": 7.5,
        "size_u": "g",
        "anchor": "8",
        "color": "#7",
        "underline": 0,
        "plaintext": "180",
        "fcolor": null,
        "flnum": 0,
        "bold": null,
        "italic": null,
        "dx": null,
        "dx_u": null,
        "dy": null,
        "dy_u": null
      },
      "geometry": {
        "type": "Point",
        "coordinates": [
          126.052110789668205,
          43.345661956415924
        ]
      }
    },
    {
      "type": "Feature",
      "properties": {
        "fid": 241,
        "Text": "{\\C7;181}",
        "ogr_style": "LABEL(f:\"Arial\",t:\"{\\C7;181}\",s:7.5g,p:7,c:#00ffff)",
        "font": "Arial",
        "angle": null,
        "size": 7.5,
        "size_u": "g",
        "anchor": "8",
        "color": "#7",
        "underline": 0,
        "plaintext": "181",
        "fcolor": null,
        "flnum": 0,
        "bold": null,
        "italic": null,
        "dx": null,
        "dx_u": null,
        "dy": null,
        "dy_u": null
      },
      "geometry": {
        "type": "Point",
        "coordinates": [
          126.051798713092325,
          43.345189829606952
        ]
      }
    },
    {
      "type": "Feature",
      "properties": {
        "fid": 242,
        "Text": "{\\C7;183}",
        "ogr_style": "LABEL(f:\"Arial\",t:\"{\\C7;183}\",s:7.5g,p:7,c:#00ffff)",
        "font": "Arial",
        "angle": null,
        "size": 7.5,
        "size_u": "g",
        "anchor": "8",
        "color": "#7",
        "underline": 0,
        "plaintext": "183",
        "fcolor": null,
        "flnum": 0,
        "bold": null,
        "italic": null,
        "dx": null,
        "dx_u": null,
        "dy": null,
        "dy_u": null
      },
      "geometry": {
        "type": "Point",
        "coordinates": [
          126.03881048222155,
          43.348452712630952
        ]
      }
    },
    {
      "type": "Feature",
      "properties": {
        "fid": 243,
        "Text": "{\\C7;185}",
        "ogr_style": "LABEL(f:\"Arial\",t:\"{\\C7;185}\",s:7.5g,p:7,c:#00ffff)",
        "font": "Arial",
        "angle": null,
        "size": 7.5,
        "size_u": "g",
        "anchor": "8",
        "color": "#7",
        "underline": 0,
        "plaintext": "185",
        "fcolor": null,
        "flnum": 0,
        "bold": null,
        "italic": null,
        "dx": null,
        "dx_u": null,
        "dy": null,
        "dy_u": null
      },
      "geometry": {
        "type": "Point",
        "coordinates": [
          126.039313786631155,
          43.350746437772436
        ]
      }
    },
    {
      "type": "Feature",
      "properties": {
        "fid": 244,
        "Text": "{\\C7;191}",
        "ogr_style": "LABEL(f:\"Arial\",t:\"{\\C7;191}\",s:7.5g,p:7,c:#00ffff)",
        "font": "Arial",
        "angle": null,
        "size": 7.5,
        "size_u": "g",
        "anchor": "8",
        "color": "#7",
        "underline": 0,
        "plaintext": "191",
        "fcolor": null,
        "flnum": 0,
        "bold": null,
        "italic": null,
        "dx": null,
        "dx_u": null,
        "dy": null,
        "dy_u": null
      },
      "geometry": {
        "type": "Point",
        "coordinates": [
          126.039440807846205,
          43.351130425849945
        ]
      }
    },
    {
      "type": "Feature",
      "properties": {
        "fid": 245,
        "Text": "{\\C7;187}",
        "ogr_style": "LABEL(f:\"Arial\",t:\"{\\C7;187}\",s:7.5g,p:7,c:#00ffff)",
        "font": "Arial",
        "angle": null,
        "size": 7.5,
        "size_u": "g",
        "anchor": "8",
        "color": "#7",
        "underline": 0,
        "plaintext": "187",
        "fcolor": null,
        "flnum": 0,
        "bold": null,
        "italic": null,
        "dx": null,
        "dx_u": null,
        "dy": null,
        "dy_u": null
      },
      "geometry": {
        "type": "Point",
        "coordinates": [
          126.039953865468789,
          43.350438449770323
        ]
      }
    },
    {
      "type": "Feature",
      "properties": {
        "fid": 246,
        "Text": "{\\C7;188}",
        "ogr_style": "LABEL(f:\"Arial\",t:\"{\\C7;188}\",s:7.5g,p:7,c:#00ffff)",
        "font": "Arial",
        "angle": null,
        "size": 7.5,
        "size_u": "g",
        "anchor": "8",
        "color": "#7",
        "underline": 0,
        "plaintext": "188",
        "fcolor": null,
        "flnum": 0,
        "bold": null,
        "italic": null,
        "dx": null,
        "dx_u": null,
        "dy": null,
        "dy_u": null
      },
      "geometry": {
        "type": "Point",
        "coordinates": [
          126.03998847706994,
          43.350565678215887
        ]
      }
    },
    {
      "type": "Feature",
      "properties": {
        "fid": 247,
        "Text": "{\\C7;192}",
        "ogr_style": "LABEL(f:\"Arial\",t:\"{\\C7;192}\",s:7.5g,p:7,c:#00ffff)",
        "font": "Arial",
        "angle": null,
        "size": 7.5,
        "size_u": "g",
        "anchor": "8",
        "color": "#7",
        "underline": 0,
        "plaintext": "192",
        "fcolor": null,
        "flnum": 0,
        "bold": null,
        "italic": null,
        "dx": null,
        "dx_u": null,
        "dy": null,
        "dy_u": null
      },
      "geometry": {
        "type": "Point",
        "coordinates": [
          126.040436664523071,
          43.350916171016884
        ]
      }
    },
    {
      "type": "Feature",
      "properties": {
        "fid": 248,
        "Text": "{\\C7;189}",
        "ogr_style": "LABEL(f:\"Arial\",t:\"{\\C7;189}\",s:7.5g,p:7,c:#00ffff)",
        "font": "Arial",
        "angle": null,
        "size": 7.5,
        "size_u": "g",
        "anchor": "8",
        "color": "#7",
        "underline": 0,
        "plaintext": "189",
        "fcolor": null,
        "flnum": 0,
        "bold": null,
        "italic": null,
        "dx": null,
        "dx_u": null,
        "dy": null,
        "dy_u": null
      },
      "geometry": {
        "type": "Point",
        "coordinates": [
          126.040345411078263,
          43.351180771322085
        ]
      }
    },
    {
      "type": "Feature",
      "properties": {
        "fid": 249,
        "Text": "{\\C7;190}",
        "ogr_style": "LABEL(f:\"Arial\",t:\"{\\C7;190}\",s:7.5g,p:7,c:#00ffff)",
        "font": "Arial",
        "angle": null,
        "size": 7.5,
        "size_u": "g",
        "anchor": "8",
        "color": "#7",
        "underline": 0,
        "plaintext": "190",
        "fcolor": null,
        "flnum": 0,
        "bold": null,
        "italic": null,
        "dx": null,
        "dx_u": null,
        "dy": null,
        "dy_u": null
      },
      "geometry": {
        "type": "Point",
        "coordinates": [
          126.040052392856893,
          43.351228013823238
        ]
      }
    },
    {
      "type": "Feature",
      "properties": {
        "fid": 250,
        "Text": "{\\C7;186}",
        "ogr_style": "LABEL(f:\"Arial\",t:\"{\\C7;186}\",s:7.5g,p:7,c:#00ffff)",
        "font": "Arial",
        "angle": null,
        "size": 7.5,
        "size_u": "g",
        "anchor": "8",
        "color": "#7",
        "underline": 0,
        "plaintext": "186",
        "fcolor": null,
        "flnum": 0,
        "bold": null,
        "italic": null,
        "dx": null,
        "dx_u": null,
        "dy": null,
        "dy_u": null
      },
      "geometry": {
        "type": "Point",
        "coordinates": [
          126.039868994062331,
          43.350974767955343
        ]
      }
    },
    {
      "type": "Feature",
      "properties": {
        "fid": 251,
        "Text": "{\\C7;193}",
        "ogr_style": "LABEL(f:\"Arial\",t:\"{\\C7;193}\",s:7.5g,p:7,c:#00ffff)",
        "font": "Arial",
        "angle": null,
        "size": 7.5,
        "size_u": "g",
        "anchor": "8",
        "color": "#7",
        "underline": 0,
        "plaintext": "193",
        "fcolor": null,
        "flnum": 0,
        "bold": null,
        "italic": null,
        "dx": null,
        "dx_u": null,
        "dy": null,
        "dy_u": null
      },
      "geometry": {
        "type": "Point",
        "coordinates": [
          126.049448527316528,
          43.356693904465345
        ]
      }
    },
    {
      "type": "Feature",
      "properties": {
        "fid": 252,
        "Text": "{\\C7;194}",
        "ogr_style": "LABEL(f:\"Arial\",t:\"{\\C7;194}\",s:7.5g,p:7,c:#00ffff)",
        "font": "Arial",
        "angle": null,
        "size": 7.5,
        "size_u": "g",
        "anchor": "8",
        "color": "#7",
        "underline": 0,
        "plaintext": "194",
        "fcolor": null,
        "flnum": 0,
        "bold": null,
        "italic": null,
        "dx": null,
        "dx_u": null,
        "dy": null,
        "dy_u": null
      },
      "geometry": {
        "type": "Point",
        "coordinates": [
          126.038597027350903,
          43.353287644366482
        ]
      }
    },
    {
      "type": "Feature",
      "properties": {
        "fid": 253,
        "Text": "{\\C7;195}",
        "ogr_style": "LABEL(f:\"Arial\",t:\"{\\C7;195}\",s:7.5g,p:7,c:#00ffff)",
        "font": "Arial",
        "angle": null,
        "size": 7.5,
        "size_u": "g",
        "anchor": "8",
        "color": "#7",
        "underline": 0,
        "plaintext": "195",
        "fcolor": null,
        "flnum": 0,
        "bold": null,
        "italic": null,
        "dx": null,
        "dx_u": null,
        "dy": null,
        "dy_u": null
      },
      "geometry": {
        "type": "Point",
        "coordinates": [
          126.038955893594121,
          43.353549262044467
        ]
      }
    },
    {
      "type": "Feature",
      "properties": {
        "fid": 254,
        "Text": "{\\C7;196}",
        "ogr_style": "LABEL(f:\"Arial\",t:\"{\\C7;196}\",s:7.5g,p:7,c:#00ffff)",
        "font": "Arial",
        "angle": null,
        "size": 7.5,
        "size_u": "g",
        "anchor": "8",
        "color": "#7",
        "underline": 0,
        "plaintext": "196",
        "fcolor": null,
        "flnum": 0,
        "bold": null,
        "italic": null,
        "dx": null,
        "dx_u": null,
        "dy": null,
        "dy_u": null
      },
      "geometry": {
        "type": "Point",
        "coordinates": [
          126.039295365600296,
          43.353784809366523
        ]
      }
    },
    {
      "type": "Feature",
      "properties": {
        "fid": 255,
        "Text": "{\\C7;197}",
        "ogr_style": "LABEL(f:\"Arial\",t:\"{\\C7;197}\",s:7.5g,p:7,c:#00ffff)",
        "font": "Arial",
        "angle": null,
        "size": 7.5,
        "size_u": "g",
        "anchor": "8",
        "color": "#7",
        "underline": 0,
        "plaintext": "197",
        "fcolor": null,
        "flnum": 0,
        "bold": null,
        "italic": null,
        "dx": null,
        "dx_u": null,
        "dy": null,
        "dy_u": null
      },
      "geometry": {
        "type": "Point",
        "coordinates": [
          126.041652345385657,
          43.352784272388476
        ]
      }
    },
    {
      "type": "Feature",
      "properties": {
        "fid": 256,
        "Text": "{\\C7;199}",
        "ogr_style": "LABEL(f:\"Arial\",t:\"{\\C7;199}\",s:7.5g,p:7,c:#00ffff)",
        "font": "Arial",
        "angle": null,
        "size": 7.5,
        "size_u": "g",
        "anchor": "8",
        "color": "#7",
        "underline": 0,
        "plaintext": "199",
        "fcolor": null,
        "flnum": 0,
        "bold": null,
        "italic": null,
        "dx": null,
        "dx_u": null,
        "dy": null,
        "dy_u": null
      },
      "geometry": {
        "type": "Point",
        "coordinates": [
          126.048401332270416,
          43.352207271085724
        ]
      }
    },
    {
      "type": "Feature",
      "properties": {
        "fid": 257,
        "Text": "{\\C7;200}",
        "ogr_style": "LABEL(f:\"Arial\",t:\"{\\C7;200}\",s:7.5g,p:7,c:#00ffff)",
        "font": "Arial",
        "angle": null,
        "size": 7.5,
        "size_u": "g",
        "anchor": "8",
        "color": "#7",
        "underline": 0,
        "plaintext": "200",
        "fcolor": null,
        "flnum": 0,
        "bold": null,
        "italic": null,
        "dx": null,
        "dx_u": null,
        "dy": null,
        "dy_u": null
      },
      "geometry": {
        "type": "Point",
        "coordinates": [
          126.04892135873088,
          43.352245477292101
        ]
      }
    },
    {
      "type": "Feature",
      "properties": {
        "fid": 258,
        "Text": "{\\C7;201}",
        "ogr_style": "LABEL(f:\"Arial\",t:\"{\\C7;201}\",s:7.5g,p:7,c:#00ffff)",
        "font": "Arial",
        "angle": null,
        "size": 7.5,
        "size_u": "g",
        "anchor": "8",
        "color": "#7",
        "underline": 0,
        "plaintext": "201",
        "fcolor": null,
        "flnum": 0,
        "bold": null,
        "italic": null,
        "dx": null,
        "dx_u": null,
        "dy": null,
        "dy_u": null
      },
      "geometry": {
        "type": "Point",
        "coordinates": [
          126.049474758922514,
          43.352091776373925
        ]
      }
    },
    {
      "type": "Feature",
      "properties": {
        "fid": 259,
        "Text": "{\\C7;204}",
        "ogr_style": "LABEL(f:\"Arial\",t:\"{\\C7;204}\",s:7.5g,p:7,c:#00ffff)",
        "font": "Arial",
        "angle": null,
        "size": 7.5,
        "size_u": "g",
        "anchor": "8",
        "color": "#7",
        "underline": 0,
        "plaintext": "204",
        "fcolor": null,
        "flnum": 0,
        "bold": null,
        "italic": null,
        "dx": null,
        "dx_u": null,
        "dy": null,
        "dy_u": null
      },
      "geometry": {
        "type": "Point",
        "coordinates": [
          126.049168374052456,
          43.347038067906261
        ]
      }
    },
    {
      "type": "Feature",
      "properties": {
        "fid": 260,
        "Text": "{\\C7;205}",
        "ogr_style": "LABEL(f:\"Arial\",t:\"{\\C7;205}\",s:7.5g,p:7,c:#00ffff)",
        "font": "Arial",
        "angle": null,
        "size": 7.5,
        "size_u": "g",
        "anchor": "8",
        "color": "#7",
        "underline": 0,
        "plaintext": "205",
        "fcolor": null,
        "flnum": 0,
        "bold": null,
        "italic": null,
        "dx": null,
        "dx_u": null,
        "dy": null,
        "dy_u": null
      },
      "geometry": {
        "type": "Point",
        "coordinates": [
          126.049411876747769,
          43.347103074793715
        ]
      }
    },
    {
      "type": "Feature",
      "properties": {
        "fid": 261,
        "Text": "{\\C7;206}",
        "ogr_style": "LABEL(f:\"Arial\",t:\"{\\C7;206}\",s:7.5g,p:7,c:#00ffff)",
        "font": "Arial",
        "angle": null,
        "size": 7.5,
        "size_u": "g",
        "anchor": "8",
        "color": "#7",
        "underline": 0,
        "plaintext": "206",
        "fcolor": null,
        "flnum": 0,
        "bold": null,
        "italic": null,
        "dx": null,
        "dx_u": null,
        "dy": null,
        "dy_u": null
      },
      "geometry": {
        "type": "Point",
        "coordinates": [
          126.050205767781108,
          43.347207256051711
        ]
      }
    },
    {
      "type": "Feature",
      "properties": {
        "fid": 262,
        "Text": "{\\C7;207}",
        "ogr_style": "LABEL(f:\"Arial\",t:\"{\\C7;207}\",s:7.5g,p:7,c:#00ffff)",
        "font": "Arial",
        "angle": null,
        "size": 7.5,
        "size_u": "g",
        "anchor": "8",
        "color": "#7",
        "underline": 0,
        "plaintext": "207",
        "fcolor": null,
        "flnum": 0,
        "bold": null,
        "italic": null,
        "dx": null,
        "dx_u": null,
        "dy": null,
        "dy_u": null
      },
      "geometry": {
        "type": "Point",
        "coordinates": [
          126.050025821482009,
          43.347073151415742
        ]
      }
    },
    {
      "type": "Feature",
      "properties": {
        "fid": 263,
        "Text": "{\\C7;208}",
        "ogr_style": "LABEL(f:\"Arial\",t:\"{\\C7;208}\",s:7.5g,p:7,c:#00ffff)",
        "font": "Arial",
        "angle": null,
        "size": 7.5,
        "size_u": "g",
        "anchor": "8",
        "color": "#7",
        "underline": 0,
        "plaintext": "208",
        "fcolor": null,
        "flnum": 0,
        "bold": null,
        "italic": null,
        "dx": null,
        "dx_u": null,
        "dy": null,
        "dy_u": null
      },
      "geometry": {
        "type": "Point",
        "coordinates": [
          126.044055318434744,
          43.354011843158162
        ]
      }
    },
    {
      "type": "Feature",
      "properties": {
        "fid": 264,
        "Text": "{\\C7;209}",
        "ogr_style": "LABEL(f:\"Arial\",t:\"{\\C7;209}\",s:7.5g,p:7,c:#00ffff)",
        "font": "Arial",
        "angle": null,
        "size": 7.5,
        "size_u": "g",
        "anchor": "8",
        "color": "#7",
        "underline": 0,
        "plaintext": "209",
        "fcolor": null,
        "flnum": 0,
        "bold": null,
        "italic": null,
        "dx": null,
        "dx_u": null,
        "dy": null,
        "dy_u": null
      },
      "geometry": {
        "type": "Point",
        "coordinates": [
          126.044350143676951,
          43.353972176023753
        ]
      }
    },
    {
      "type": "Feature",
      "properties": {
        "fid": 265,
        "Text": "{\\C7;210}",
        "ogr_style": "LABEL(f:\"Arial\",t:\"{\\C7;210}\",s:7.5g,p:7,c:#00ffff)",
        "font": "Arial",
        "angle": null,
        "size": 7.5,
        "size_u": "g",
        "anchor": "8",
        "color": "#7",
        "underline": 0,
        "plaintext": "210",
        "fcolor": null,
        "flnum": 0,
        "bold": null,
        "italic": null,
        "dx": null,
        "dx_u": null,
        "dy": null,
        "dy_u": null
      },
      "geometry": {
        "type": "Point",
        "coordinates": [
          126.044595829786289,
          43.353960698293363
        ]
      }
    },
    {
      "type": "Feature",
      "properties": {
        "fid": 266,
        "Text": "{\\C7;211}",
        "ogr_style": "LABEL(f:\"Arial\",t:\"{\\C7;211}\",s:7.5g,p:7,c:#00ffff)",
        "font": "Arial",
        "angle": null,
        "size": 7.5,
        "size_u": "g",
        "anchor": "8",
        "color": "#7",
        "underline": 0,
        "plaintext": "211",
        "fcolor": null,
        "flnum": 0,
        "bold": null,
        "italic": null,
        "dx": null,
        "dx_u": null,
        "dy": null,
        "dy_u": null
      },
      "geometry": {
        "type": "Point",
        "coordinates": [
          126.044918388807119,
          43.353880333829636
        ]
      }
    },
    {
      "type": "Feature",
      "properties": {
        "fid": 267,
        "Text": "{\\C7;198}",
        "ogr_style": "LABEL(f:\"Arial\",t:\"{\\C7;198}\",s:7.5g,p:7,c:#00ffff)",
        "font": "Arial",
        "angle": null,
        "size": 7.5,
        "size_u": "g",
        "anchor": "8",
        "color": "#7",
        "underline": 0,
        "plaintext": "198",
        "fcolor": null,
        "flnum": 0,
        "bold": null,
        "italic": null,
        "dx": null,
        "dx_u": null,
        "dy": null,
        "dy_u": null
      },
      "geometry": {
        "type": "Point",
        "coordinates": [
          126.04439391925311,
          43.352444542667151
        ]
      }
    },
    {
      "type": "Feature",
      "properties": {
        "fid": 268,
        "Text": "{\\C7;213}",
        "ogr_style": "LABEL(f:\"Arial\",t:\"{\\C7;213}\",s:7.5g,p:7,c:#00ffff)",
        "font": "Arial",
        "angle": null,
        "size": 7.5,
        "size_u": "g",
        "anchor": "8",
        "color": "#7",
        "underline": 0,
        "plaintext": "213",
        "fcolor": null,
        "flnum": 0,
        "bold": null,
        "italic": null,
        "dx": null,
        "dx_u": null,
        "dy": null,
        "dy_u": null
      },
      "geometry": {
        "type": "Point",
        "coordinates": [
          126.045750848592888,
          43.353762169634116
        ]
      }
    },
    {
      "type": "Feature",
      "properties": {
        "fid": 269,
        "Text": "{\\C7;212}",
        "ogr_style": "LABEL(f:\"Arial\",t:\"{\\C7;212}\",s:7.5g,p:7,c:#00ffff)",
        "font": "Arial",
        "angle": null,
        "size": 7.5,
        "size_u": "g",
        "anchor": "8",
        "color": "#7",
        "underline": 0,
        "plaintext": "212",
        "fcolor": null,
        "flnum": 0,
        "bold": null,
        "italic": null,
        "dx": null,
        "dx_u": null,
        "dy": null,
        "dy_u": null
      },
      "geometry": {
        "type": "Point",
        "coordinates": [
          126.045489030273004,
          43.353806742292655
        ]
      }
    },
    {
      "type": "Feature",
      "properties": {
        "fid": 270,
        "Text": "{\\C7;214}",
        "ogr_style": "LABEL(f:\"Arial\",t:\"{\\C7;214}\",s:7.5g,p:7,c:#00ffff)",
        "font": "Arial",
        "angle": null,
        "size": 7.5,
        "size_u": "g",
        "anchor": "8",
        "color": "#7",
        "underline": 0,
        "plaintext": "214",
        "fcolor": null,
        "flnum": 0,
        "bold": null,
        "italic": null,
        "dx": null,
        "dx_u": null,
        "dy": null,
        "dy_u": null
      },
      "geometry": {
        "type": "Point",
        "coordinates": [
          126.046784080534579,
          43.353585194141573
        ]
      }
    },
    {
      "type": "Feature",
      "properties": {
        "fid": 271,
        "Text": "{\\C7;215}",
        "ogr_style": "LABEL(f:\"Arial\",t:\"{\\C7;215}\",s:7.5g,p:7,c:#00ffff)",
        "font": "Arial",
        "angle": null,
        "size": 7.5,
        "size_u": "g",
        "anchor": "8",
        "color": "#7",
        "underline": 0,
        "plaintext": "215",
        "fcolor": null,
        "flnum": 0,
        "bold": null,
        "italic": null,
        "dx": null,
        "dx_u": null,
        "dy": null,
        "dy_u": null
      },
      "geometry": {
        "type": "Point",
        "coordinates": [
          126.047086402717255,
          43.353538624027529
        ]
      }
    },
    {
      "type": "Feature",
      "properties": {
        "fid": 272,
        "Text": "{\\C7;216}",
        "ogr_style": "LABEL(f:\"Arial\",t:\"{\\C7;216}\",s:7.5g,p:7,c:#00ffff)",
        "font": "Arial",
        "angle": null,
        "size": 7.5,
        "size_u": "g",
        "anchor": "8",
        "color": "#7",
        "underline": 0,
        "plaintext": "216",
        "fcolor": null,
        "flnum": 0,
        "bold": null,
        "italic": null,
        "dx": null,
        "dx_u": null,
        "dy": null,
        "dy_u": null
      },
      "geometry": {
        "type": "Point",
        "coordinates": [
          126.047417526203958,
          43.353493331970732
        ]
      }
    },
    {
      "type": "Feature",
      "properties": {
        "fid": 273,
        "Text": "{\\C7;217}",
        "ogr_style": "LABEL(f:\"Arial\",t:\"{\\C7;217}\",s:7.5g,p:7,c:#00ffff)",
        "font": "Arial",
        "angle": null,
        "size": 7.5,
        "size_u": "g",
        "anchor": "8",
        "color": "#7",
        "underline": 0,
        "plaintext": "217",
        "fcolor": null,
        "flnum": 0,
        "bold": null,
        "italic": null,
        "dx": null,
        "dx_u": null,
        "dy": null,
        "dy_u": null
      },
      "geometry": {
        "type": "Point",
        "coordinates": [
          126.056261787535021,
          43.346449007016993
        ]
      }
    },
    {
      "type": "Feature",
      "properties": {
        "fid": 274,
        "Text": "{\\C7;218}",
        "ogr_style": "LABEL(f:\"Arial\",t:\"{\\C7;218}\",s:7.5g,p:7,c:#00ffff)",
        "font": "Arial",
        "angle": null,
        "size": 7.5,
        "size_u": "g",
        "anchor": "8",
        "color": "#7",
        "underline": 0,
        "plaintext": "218",
        "fcolor": null,
        "flnum": 0,
        "bold": null,
        "italic": null,
        "dx": null,
        "dx_u": null,
        "dy": null,
        "dy_u": null
      },
      "geometry": {
        "type": "Point",
        "coordinates": [
          126.055093157059034,
          43.34652133524299
        ]
      }
    },
    {
      "type": "Feature",
      "properties": {
        "fid": 275,
        "Text": "{\\C7;221}",
        "ogr_style": "LABEL(f:\"Arial\",t:\"{\\C7;221}\",s:7.5g,p:7,c:#00ffff)",
        "font": "Arial",
        "angle": null,
        "size": 7.5,
        "size_u": "g",
        "anchor": "8",
        "color": "#7",
        "underline": 0,
        "plaintext": "221",
        "fcolor": null,
        "flnum": 0,
        "bold": null,
        "italic": null,
        "dx": null,
        "dx_u": null,
        "dy": null,
        "dy_u": null
      },
      "geometry": {
        "type": "Point",
        "coordinates": [
          126.058698274494986,
          43.346992010093771
        ]
      }
    },
    {
      "type": "Feature",
      "properties": {
        "fid": 276,
        "Text": "{\\C7;219}",
        "ogr_style": "LABEL(f:\"Arial\",t:\"{\\C7;219}\",s:7.5g,p:7,c:#00ffff)",
        "font": "Arial",
        "angle": null,
        "size": 7.5,
        "size_u": "g",
        "anchor": "8",
        "color": "#7",
        "underline": 0,
        "plaintext": "219",
        "fcolor": null,
        "flnum": 0,
        "bold": null,
        "italic": null,
        "dx": null,
        "dx_u": null,
        "dy": null,
        "dy_u": null
      },
      "geometry": {
        "type": "Point",
        "coordinates": [
          126.058492572240937,
          43.347170837786145
        ]
      }
    },
    {
      "type": "Feature",
      "properties": {
        "fid": 277,
        "Text": "{\\C7;220}",
        "ogr_style": "LABEL(f:\"Arial\",t:\"{\\C7;220}\",s:7.5g,p:7,c:#00ffff)",
        "font": "Arial",
        "angle": null,
        "size": 7.5,
        "size_u": "g",
        "anchor": "8",
        "color": "#7",
        "underline": 0,
        "plaintext": "220",
        "fcolor": null,
        "flnum": 0,
        "bold": null,
        "italic": null,
        "dx": null,
        "dx_u": null,
        "dy": null,
        "dy_u": null
      },
      "geometry": {
        "type": "Point",
        "coordinates": [
          126.05902304771007,
          43.347127640692072
        ]
      }
    },
    {
      "type": "Feature",
      "properties": {
        "fid": 278,
        "Text": "{\\C7;222}",
        "ogr_style": "LABEL(f:\"Arial\",t:\"{\\C7;222}\",s:7.5g,p:7,c:#00ffff)",
        "font": "Arial",
        "angle": null,
        "size": 7.5,
        "size_u": "g",
        "anchor": "8",
        "color": "#7",
        "underline": 0,
        "plaintext": "222",
        "fcolor": null,
        "flnum": 0,
        "bold": null,
        "italic": null,
        "dx": null,
        "dx_u": null,
        "dy": null,
        "dy_u": null
      },
      "geometry": {
        "type": "Point",
        "coordinates": [
          126.060935147601782,
          43.347855577949964
        ]
      }
    },
    {
      "type": "Feature",
      "properties": {
        "fid": 279,
        "Text": "{\\C7;223}",
        "ogr_style": "LABEL(f:\"Arial\",t:\"{\\C7;223}\",s:7.5g,p:7,c:#00ffff)",
        "font": "Arial",
        "angle": null,
        "size": 7.5,
        "size_u": "g",
        "anchor": "8",
        "color": "#7",
        "underline": 0,
        "plaintext": "223",
        "fcolor": null,
        "flnum": 0,
        "bold": null,
        "italic": null,
        "dx": null,
        "dx_u": null,
        "dy": null,
        "dy_u": null
      },
      "geometry": {
        "type": "Point",
        "coordinates": [
          126.056686616793897,
          43.347012672217687
        ]
      }
    },
    {
      "type": "Feature",
      "properties": {
        "fid": 280,
        "Text": "{\\C7;224}",
        "ogr_style": "LABEL(f:\"Arial\",t:\"{\\C7;224}\",s:7.5g,p:7,c:#00ffff)",
        "font": "Arial",
        "angle": null,
        "size": 7.5,
        "size_u": "g",
        "anchor": "8",
        "color": "#7",
        "underline": 0,
        "plaintext": "224",
        "fcolor": null,
        "flnum": 0,
        "bold": null,
        "italic": null,
        "dx": null,
        "dx_u": null,
        "dy": null,
        "dy_u": null
      },
      "geometry": {
        "type": "Point",
        "coordinates": [
          126.056610983906481,
          43.347183237623078
        ]
      }
    },
    {
      "type": "Feature",
      "properties": {
        "fid": 281,
        "Text": "{\\C7;225}",
        "ogr_style": "LABEL(f:\"Arial\",t:\"{\\C7;225}\",s:7.5g,p:7,c:#00ffff)",
        "font": "Arial",
        "angle": null,
        "size": 7.5,
        "size_u": "g",
        "anchor": "8",
        "color": "#7",
        "underline": 0,
        "plaintext": "225",
        "fcolor": null,
        "flnum": 0,
        "bold": null,
        "italic": null,
        "dx": null,
        "dx_u": null,
        "dy": null,
        "dy_u": null
      },
      "geometry": {
        "type": "Point",
        "coordinates": [
          126.056761379960861,
          43.347282929388854
        ]
      }
    },
    {
      "type": "Feature",
      "properties": {
        "fid": 282,
        "Text": "{\\C7;227}",
        "ogr_style": "LABEL(f:\"Arial\",t:\"{\\C7;227}\",s:7.5g,p:7,c:#00ffff)",
        "font": "Arial",
        "angle": null,
        "size": 7.5,
        "size_u": "g",
        "anchor": "8",
        "color": "#7",
        "underline": 0,
        "plaintext": "227",
        "fcolor": null,
        "flnum": 0,
        "bold": null,
        "italic": null,
        "dx": null,
        "dx_u": null,
        "dy": null,
        "dy_u": null
      },
      "geometry": {
        "type": "Point",
        "coordinates": [
          126.057089198634401,
          43.34707619530662
        ]
      }
    },
    {
      "type": "Feature",
      "properties": {
        "fid": 283,
        "Text": "{\\C7;228}",
        "ogr_style": "LABEL(f:\"Arial\",t:\"{\\C7;228}\",s:7.5g,p:7,c:#00ffff)",
        "font": "Arial",
        "angle": null,
        "size": 7.5,
        "size_u": "g",
        "anchor": "8",
        "color": "#7",
        "underline": 0,
        "plaintext": "228",
        "fcolor": null,
        "flnum": 0,
        "bold": null,
        "italic": null,
        "dx": null,
        "dx_u": null,
        "dy": null,
        "dy_u": null
      },
      "geometry": {
        "type": "Point",
        "coordinates": [
          126.057502919093878,
          43.347280943470651
        ]
      }
    },
    {
      "type": "Feature",
      "properties": {
        "fid": 284,
        "Text": "{\\C7;226}",
        "ogr_style": "LABEL(f:\"Arial\",t:\"{\\C7;226}\",s:7.5g,p:7,c:#00ffff)",
        "font": "Arial",
        "angle": null,
        "size": 7.5,
        "size_u": "g",
        "anchor": "8",
        "color": "#7",
        "underline": 0,
        "plaintext": "226",
        "fcolor": null,
        "flnum": 0,
        "bold": null,
        "italic": null,
        "dx": null,
        "dx_u": null,
        "dy": null,
        "dy_u": null
      },
      "geometry": {
        "type": "Point",
        "coordinates": [
          126.062034575545468,
          43.348312023307209
        ]
      }
    },
    {
      "type": "Feature",
      "properties": {
        "fid": 285,
        "Text": "{\\C7;229}",
        "ogr_style": "LABEL(f:\"Arial\",t:\"{\\C7;229}\",s:7.5g,p:7,c:#00ffff)",
        "font": "Arial",
        "angle": null,
        "size": 7.5,
        "size_u": "g",
        "anchor": "8",
        "color": "#7",
        "underline": 0,
        "plaintext": "229",
        "fcolor": null,
        "flnum": 0,
        "bold": null,
        "italic": null,
        "dx": null,
        "dx_u": null,
        "dy": null,
        "dy_u": null
      },
      "geometry": {
        "type": "Point",
        "coordinates": [
          126.062638730248779,
          43.348511441119435
        ]
      }
    },
    {
      "type": "Feature",
      "properties": {
        "fid": 286,
        "Text": "{\\C7;230}",
        "ogr_style": "LABEL(f:\"Arial\",t:\"{\\C7;230}\",s:7.5g,p:7,c:#00ffff)",
        "font": "Arial",
        "angle": null,
        "size": 7.5,
        "size_u": "g",
        "anchor": "8",
        "color": "#7",
        "underline": 0,
        "plaintext": "230",
        "fcolor": null,
        "flnum": 0,
        "bold": null,
        "italic": null,
        "dx": null,
        "dx_u": null,
        "dy": null,
        "dy_u": null
      },
      "geometry": {
        "type": "Point",
        "coordinates": [
          126.062984530713649,
          43.348654243153184
        ]
      }
    },
    {
      "type": "Feature",
      "properties": {
        "fid": 287,
        "Text": "{\\C7;231}",
        "ogr_style": "LABEL(f:\"Arial\",t:\"{\\C7;231}\",s:7.5g,p:7,c:#00ffff)",
        "font": "Arial",
        "angle": null,
        "size": 7.5,
        "size_u": "g",
        "anchor": "8",
        "color": "#7",
        "underline": 0,
        "plaintext": "231",
        "fcolor": null,
        "flnum": 0,
        "bold": null,
        "italic": null,
        "dx": null,
        "dx_u": null,
        "dy": null,
        "dy_u": null
      },
      "geometry": {
        "type": "Point",
        "coordinates": [
          126.058298873811381,
          43.347451659399439
        ]
      }
    },
    {
      "type": "Feature",
      "properties": {
        "fid": 288,
        "Text": "{\\C7;235}",
        "ogr_style": "LABEL(f:\"Arial\",t:\"{\\C7;235}\",s:7.5g,p:7,c:#00ffff)",
        "font": "Arial",
        "angle": null,
        "size": 7.5,
        "size_u": "g",
        "anchor": "8",
        "color": "#7",
        "underline": 0,
        "plaintext": "235",
        "fcolor": null,
        "flnum": 0,
        "bold": null,
        "italic": null,
        "dx": null,
        "dx_u": null,
        "dy": null,
        "dy_u": null
      },
      "geometry": {
        "type": "Point",
        "coordinates": [
          126.058900749257916,
          43.347792063482636
        ]
      }
    },
    {
      "type": "Feature",
      "properties": {
        "fid": 289,
        "Text": "{\\C7;232}",
        "ogr_style": "LABEL(f:\"Arial\",t:\"{\\C7;232}\",s:7.5g,p:7,c:#00ffff)",
        "font": "Arial",
        "angle": null,
        "size": 7.5,
        "size_u": "g",
        "anchor": "8",
        "color": "#7",
        "underline": 0,
        "plaintext": "232",
        "fcolor": null,
        "flnum": 0,
        "bold": null,
        "italic": null,
        "dx": null,
        "dx_u": null,
        "dy": null,
        "dy_u": null
      },
      "geometry": {
        "type": "Point",
        "coordinates": [
          126.058635426321715,
          43.347702678901562
        ]
      }
    },
    {
      "type": "Feature",
      "properties": {
        "fid": 290,
        "Text": "{\\C7;233}",
        "ogr_style": "LABEL(f:\"Arial\",t:\"{\\C7;233}\",s:7.5g,p:7,c:#00ffff)",
        "font": "Arial",
        "angle": null,
        "size": 7.5,
        "size_u": "g",
        "anchor": "8",
        "color": "#7",
        "underline": 0,
        "plaintext": "233",
        "fcolor": null,
        "flnum": 0,
        "bold": null,
        "italic": null,
        "dx": null,
        "dx_u": null,
        "dy": null,
        "dy_u": null
      },
      "geometry": {
        "type": "Point",
        "coordinates": [
          126.058304139353879,
          43.348170817936676
        ]
      }
    },
    {
      "type": "Feature",
      "properties": {
        "fid": 291,
        "Text": "{\\C7;236}",
        "ogr_style": "LABEL(f:\"Arial\",t:\"{\\C7;236}\",s:7.5g,p:7,c:#00ffff)",
        "font": "Arial",
        "angle": null,
        "size": 7.5,
        "size_u": "g",
        "anchor": "8",
        "color": "#7",
        "underline": 0,
        "plaintext": "236",
        "fcolor": null,
        "flnum": 0,
        "bold": null,
        "italic": null,
        "dx": null,
        "dx_u": null,
        "dy": null,
        "dy_u": null
      },
      "geometry": {
        "type": "Point",
        "coordinates": [
          126.059337750561582,
          43.347810693276649
        ]
      }
    },
    {
      "type": "Feature",
      "properties": {
        "fid": 292,
        "Text": "{\\L\\C1;113}",
        "ogr_style": "LABEL(f:\"Arial\",t:\"{\\L\\C1;113}\",s:12.5g,p:7,c:#000000)",
        "font": "Arial",
        "angle": null,
        "size": 12.5,
        "size_u": "g",
        "anchor": "8",
        "color": "#1",
        "underline": 1,
        "plaintext": "113",
        "fcolor": null,
        "flnum": 0,
        "bold": null,
        "italic": null,
        "dx": null,
        "dx_u": null,
        "dy": null,
        "dy_u": null
      },
      "geometry": {
        "type": "Point",
        "coordinates": [
          126.089894891195328,
          43.344834492492225
        ]
      }
    },
    {
      "type": "Feature",
      "properties": {
        "fid": 293,
        "Text": "{\\C7;161}",
        "ogr_style": "LABEL(f:\"Arial\",t:\"{\\C7;161}\",s:7.5g,p:7,c:#00ffff)",
        "font": "Arial",
        "angle": null,
        "size": 7.5,
        "size_u": "g",
        "anchor": "8",
        "color": "#7",
        "underline": 0,
        "plaintext": "161",
        "fcolor": null,
        "flnum": 0,
        "bold": null,
        "italic": null,
        "dx": null,
        "dx_u": null,
        "dy": null,
        "dy_u": null
      },
      "geometry": {
        "type": "Point",
        "coordinates": [
          126.03710476484882,
          43.347588856178056
        ]
      }
    },
    {
      "type": "Feature",
      "properties": {
        "fid": 294,
        "Text": "{\\C7;163}",
        "ogr_style": "LABEL(f:\"Arial\",t:\"{\\C7;163}\",s:7.5g,p:7,c:#00ffff)",
        "font": "Arial",
        "angle": null,
        "size": 7.5,
        "size_u": "g",
        "anchor": "8",
        "color": "#7",
        "underline": 0,
        "plaintext": "163",
        "fcolor": null,
        "flnum": 0,
        "bold": null,
        "italic": null,
        "dx": null,
        "dx_u": null,
        "dy": null,
        "dy_u": null
      },
      "geometry": {
        "type": "Point",
        "coordinates": [
          126.034073560625785,
          43.343823260444488
        ]
      }
    },
    {
      "type": "Feature",
      "properties": {
        "fid": 295,
        "Text": "{\\C7;164}",
        "ogr_style": "LABEL(f:\"Arial\",t:\"{\\C7;164}\",s:7.5g,p:7,c:#00ffff)",
        "font": "Arial",
        "angle": null,
        "size": 7.5,
        "size_u": "g",
        "anchor": "8",
        "color": "#7",
        "underline": 0,
        "plaintext": "164",
        "fcolor": null,
        "flnum": 0,
        "bold": null,
        "italic": null,
        "dx": null,
        "dx_u": null,
        "dy": null,
        "dy_u": null
      },
      "geometry": {
        "type": "Point",
        "coordinates": [
          126.042458739193933,
          43.342676769565308
        ]
      }
    },
    {
      "type": "Feature",
      "properties": {
        "fid": 296,
        "Text": "{\\C7;203}",
        "ogr_style": "LABEL(f:\"Arial\",t:\"{\\C7;203}\",s:7.5g,p:7,c:#00ffff)",
        "font": "Arial",
        "angle": null,
        "size": 7.5,
        "size_u": "g",
        "anchor": "8",
        "color": "#7",
        "underline": 0,
        "plaintext": "203",
        "fcolor": null,
        "flnum": 0,
        "bold": null,
        "italic": null,
        "dx": null,
        "dx_u": null,
        "dy": null,
        "dy_u": null
      },
      "geometry": {
        "type": "Point",
        "coordinates": [
          126.039579720717086,
          43.346948348503432
        ]
      }
    },
    {
      "type": "Feature",
      "properties": {
        "fid": 297,
        "Text": "{\\C7;238}",
        "ogr_style": "LABEL(f:\"Arial\",t:\"{\\C7;238}\",s:7.5g,p:7,c:#00ffff)",
        "font": "Arial",
        "angle": null,
        "size": 7.5,
        "size_u": "g",
        "anchor": "8",
        "color": "#7",
        "underline": 0,
        "plaintext": "238",
        "fcolor": null,
        "flnum": 0,
        "bold": null,
        "italic": null,
        "dx": null,
        "dx_u": null,
        "dy": null,
        "dy_u": null
      },
      "geometry": {
        "type": "Point",
        "coordinates": [
          126.061698105647864,
          43.348666937468082
        ]
      }
    },
    {
      "type": "Feature",
      "properties": {
        "fid": 298,
        "Text": "{\\C7;240}",
        "ogr_style": "LABEL(f:\"Arial\",t:\"{\\C7;240}\",s:7.5g,p:7,c:#00ffff)",
        "font": "Arial",
        "angle": null,
        "size": 7.5,
        "size_u": "g",
        "anchor": "8",
        "color": "#7",
        "underline": 0,
        "plaintext": "240",
        "fcolor": null,
        "flnum": 0,
        "bold": null,
        "italic": null,
        "dx": null,
        "dx_u": null,
        "dy": null,
        "dy_u": null
      },
      "geometry": {
        "type": "Point",
        "coordinates": [
          126.06222774798745,
          43.348883423558853
        ]
      }
    },
    {
      "type": "Feature",
      "properties": {
        "fid": 299,
        "Text": "{\\C7;241}",
        "ogr_style": "LABEL(f:\"Arial\",t:\"{\\C7;241}\",s:7.5g,p:7,c:#00ffff)",
        "font": "Arial",
        "angle": null,
        "size": 7.5,
        "size_u": "g",
        "anchor": "8",
        "color": "#7",
        "underline": 0,
        "plaintext": "241",
        "fcolor": null,
        "flnum": 0,
        "bold": null,
        "italic": null,
        "dx": null,
        "dx_u": null,
        "dy": null,
        "dy_u": null
      },
      "geometry": {
        "type": "Point",
        "coordinates": [
          126.06260866227484,
          43.349024777461729
        ]
      }
    },
    {
      "type": "Feature",
      "properties": {
        "fid": 300,
        "Text": "{\\C7;242}",
        "ogr_style": "LABEL(f:\"Arial\",t:\"{\\C7;242}\",s:7.5g,p:7,c:#00ffff)",
        "font": "Arial",
        "angle": null,
        "size": 7.5,
        "size_u": "g",
        "anchor": "8",
        "color": "#7",
        "underline": 0,
        "plaintext": "242",
        "fcolor": null,
        "flnum": 0,
        "bold": null,
        "italic": null,
        "dx": null,
        "dx_u": null,
        "dy": null,
        "dy_u": null
      },
      "geometry": {
        "type": "Point",
        "coordinates": [
          126.062964152491432,
          43.349293393228763
        ]
      }
    },
    {
      "type": "Feature",
      "properties": {
        "fid": 301,
        "Text": "{\\C7;244}",
        "ogr_style": "LABEL(f:\"Arial\",t:\"{\\C7;244}\",s:7.5g,p:7,c:#00ffff)",
        "font": "Arial",
        "angle": null,
        "size": 7.5,
        "size_u": "g",
        "anchor": "8",
        "color": "#7",
        "underline": 0,
        "plaintext": "244",
        "fcolor": null,
        "flnum": 0,
        "bold": null,
        "italic": null,
        "dx": null,
        "dx_u": null,
        "dy": null,
        "dy_u": null
      },
      "geometry": {
        "type": "Point",
        "coordinates": [
          126.068991486461158,
          43.348395972915256
        ]
      }
    },
    {
      "type": "Feature",
      "properties": {
        "fid": 302,
        "Text": "{\\C7;245}",
        "ogr_style": "LABEL(f:\"Arial\",t:\"{\\C7;245}\",s:7.5g,p:7,c:#00ffff)",
        "font": "Arial",
        "angle": null,
        "size": 7.5,
        "size_u": "g",
        "anchor": "8",
        "color": "#7",
        "underline": 0,
        "plaintext": "245",
        "fcolor": null,
        "flnum": 0,
        "bold": null,
        "italic": null,
        "dx": null,
        "dx_u": null,
        "dy": null,
        "dy_u": null
      },
      "geometry": {
        "type": "Point",
        "coordinates": [
          126.06879791933487,
          43.348227487074148
        ]
      }
    },
    {
      "type": "Feature",
      "properties": {
        "fid": 303,
        "Text": "{\\C7;246}",
        "ogr_style": "LABEL(f:\"Arial\",t:\"{\\C7;246}\",s:7.5g,p:7,c:#00ffff)",
        "font": "Arial",
        "angle": null,
        "size": 7.5,
        "size_u": "g",
        "anchor": "8",
        "color": "#7",
        "underline": 0,
        "plaintext": "246",
        "fcolor": null,
        "flnum": 0,
        "bold": null,
        "italic": null,
        "dx": null,
        "dx_u": null,
        "dy": null,
        "dy_u": null
      },
      "geometry": {
        "type": "Point",
        "coordinates": [
          126.069013976731313,
          43.348161266419496
        ]
      }
    },
    {
      "type": "Feature",
      "properties": {
        "fid": 304,
        "Text": "{\\C7;247}",
        "ogr_style": "LABEL(f:\"Arial\",t:\"{\\C7;247}\",s:7.5g,p:7,c:#000000)",
        "font": "Arial",
        "angle": null,
        "size": 7.5,
        "size_u": "g",
        "anchor": "8",
        "color": "#7",
        "underline": 0,
        "plaintext": "247",
        "fcolor": null,
        "flnum": 0,
        "bold": null,
        "italic": null,
        "dx": null,
        "dx_u": null,
        "dy": null,
        "dy_u": null
      },
      "geometry": {
        "type": "Point",
        "coordinates": [
          126.07301743173123,
          43.347317097456632
        ]
      }
    },
    {
      "type": "Feature",
      "properties": {
        "fid": 305,
        "Text": "{\\C7;251}",
        "ogr_style": "LABEL(f:\"Arial\",t:\"{\\C7;251}\",s:7.5g,p:7,c:#000000)",
        "font": "Arial",
        "angle": null,
        "size": 7.5,
        "size_u": "g",
        "anchor": "8",
        "color": "#7",
        "underline": 0,
        "plaintext": "251",
        "fcolor": null,
        "flnum": 0,
        "bold": null,
        "italic": null,
        "dx": null,
        "dx_u": null,
        "dy": null,
        "dy_u": null
      },
      "geometry": {
        "type": "Point",
        "coordinates": [
          126.073483498445583,
          43.347213568941243
        ]
      }
    },
    {
      "type": "Feature",
      "properties": {
        "fid": 306,
        "Text": "{\\C7;248}",
        "ogr_style": "LABEL(f:\"Arial\",t:\"{\\C7;248}\",s:7.5g,p:7,c:#000000)",
        "font": "Arial",
        "angle": null,
        "size": 7.5,
        "size_u": "g",
        "anchor": "8",
        "color": "#7",
        "underline": 0,
        "plaintext": "248",
        "fcolor": null,
        "flnum": 0,
        "bold": null,
        "italic": null,
        "dx": null,
        "dx_u": null,
        "dy": null,
        "dy_u": null
      },
      "geometry": {
        "type": "Point",
        "coordinates": [
          126.073256125964875,
          43.347256279336555
        ]
      }
    },
    {
      "type": "Feature",
      "properties": {
        "fid": 307,
        "Text": "{\\C7;252}",
        "ogr_style": "LABEL(f:\"Arial\",t:\"{\\C7;252}\",s:7.5g,p:7,c:#000000)",
        "font": "Arial",
        "angle": null,
        "size": 7.5,
        "size_u": "g",
        "anchor": "8",
        "color": "#7",
        "underline": 0,
        "plaintext": "252",
        "fcolor": null,
        "flnum": 0,
        "bold": null,
        "italic": null,
        "dx": null,
        "dx_u": null,
        "dy": null,
        "dy_u": null
      },
      "geometry": {
        "type": "Point",
        "coordinates": [
          126.074086439663205,
          43.347194626665029
        ]
      }
    },
    {
      "type": "Feature",
      "properties": {
        "fid": 308,
        "Text": "{\\C7;253}",
        "ogr_style": "LABEL(f:\"Arial\",t:\"{\\C7;253}\",s:7.5g,p:7,c:#000000)",
        "font": "Arial",
        "angle": null,
        "size": 7.5,
        "size_u": "g",
        "anchor": "8",
        "color": "#7",
        "underline": 0,
        "plaintext": "253",
        "fcolor": null,
        "flnum": 0,
        "bold": null,
        "italic": null,
        "dx": null,
        "dx_u": null,
        "dy": null,
        "dy_u": null
      },
      "geometry": {
        "type": "Point",
        "coordinates": [
          126.075892250109746,
          43.347247520577582
        ]
      }
    },
    {
      "type": "Feature",
      "properties": {
        "fid": 309,
        "Text": "{\\C7;254}",
        "ogr_style": "LABEL(f:\"Arial\",t:\"{\\C7;254}\",s:7.5g,p:7,c:#000000)",
        "font": "Arial",
        "angle": null,
        "size": 7.5,
        "size_u": "g",
        "anchor": "8",
        "color": "#7",
        "underline": 0,
        "plaintext": "254",
        "fcolor": null,
        "flnum": 0,
        "bold": null,
        "italic": null,
        "dx": null,
        "dx_u": null,
        "dy": null,
        "dy_u": null
      },
      "geometry": {
        "type": "Point",
        "coordinates": [
          126.076452479325198,
          43.346970120873387
        ]
      }
    },
    {
      "type": "Feature",
      "properties": {
        "fid": 310,
        "Text": "{\\C7;255}",
        "ogr_style": "LABEL(f:\"Arial\",t:\"{\\C7;255}\",s:7.5g,p:7,c:#00ffff)",
        "font": "Arial",
        "angle": null,
        "size": 7.5,
        "size_u": "g",
        "anchor": "8",
        "color": "#7",
        "underline": 0,
        "plaintext": "255",
        "fcolor": null,
        "flnum": 0,
        "bold": null,
        "italic": null,
        "dx": null,
        "dx_u": null,
        "dy": null,
        "dy_u": null
      },
      "geometry": {
        "type": "Point",
        "coordinates": [
          126.040292933272127,
          43.35065237092558
        ]
      }
    },
    {
      "type": "Feature",
      "properties": {
        "fid": 311,
        "Text": "{\\C7;257}",
        "ogr_style": "LABEL(f:\"Arial\",t:\"{\\C7;257}\",s:7.5g,p:7,c:#00ffff)",
        "font": "Arial",
        "angle": null,
        "size": 7.5,
        "size_u": "g",
        "anchor": "8",
        "color": "#7",
        "underline": 0,
        "plaintext": "257",
        "fcolor": null,
        "flnum": 0,
        "bold": null,
        "italic": null,
        "dx": null,
        "dx_u": null,
        "dy": null,
        "dy_u": null
      },
      "geometry": {
        "type": "Point",
        "coordinates": [
          126.040398152441739,
          43.350454814754393
        ]
      }
    },
    {
      "type": "Feature",
      "properties": {
        "fid": 312,
        "Text": "{\\C7;256}",
        "ogr_style": "LABEL(f:\"Arial\",t:\"{\\C7;256}\",s:7.5g,p:7,c:#00ffff)",
        "font": "Arial",
        "angle": null,
        "size": 7.5,
        "size_u": "g",
        "anchor": "8",
        "color": "#7",
        "underline": 0,
        "plaintext": "256",
        "fcolor": null,
        "flnum": 0,
        "bold": null,
        "italic": null,
        "dx": null,
        "dx_u": null,
        "dy": null,
        "dy_u": null
      },
      "geometry": {
        "type": "Point",
        "coordinates": [
          126.040196948180679,
          43.350497816697974
        ]
      }
    },
    {
      "type": "Feature",
      "properties": {
        "fid": 313,
        "Text": "{\\C7;428}",
        "ogr_style": "LABEL(f:\"Arial\",t:\"{\\C7;428}\",s:7.5g,p:7,c:#00ffff)",
        "font": "Arial",
        "angle": null,
        "size": 7.5,
        "size_u": "g",
        "anchor": "8",
        "color": "#7",
        "underline": 0,
        "plaintext": "428",
        "fcolor": null,
        "flnum": 0,
        "bold": null,
        "italic": null,
        "dx": null,
        "dx_u": null,
        "dy": null,
        "dy_u": null
      },
      "geometry": {
        "type": "Point",
        "coordinates": [
          126.040456309280941,
          43.350300937695124
        ]
      }
    },
    {
      "type": "Feature",
      "properties": {
        "fid": 314,
        "Text": "{\\C7;259}",
        "ogr_style": "LABEL(f:\"Arial\",t:\"{\\C7;259}\",s:7.5g,p:7,c:#00ffff)",
        "font": "Arial",
        "angle": null,
        "size": 7.5,
        "size_u": "g",
        "anchor": "8",
        "color": "#7",
        "underline": 0,
        "plaintext": "259",
        "fcolor": null,
        "flnum": 0,
        "bold": null,
        "italic": null,
        "dx": null,
        "dx_u": null,
        "dy": null,
        "dy_u": null
      },
      "geometry": {
        "type": "Point",
        "coordinates": [
          126.040709315634231,
          43.350722377262102
        ]
      }
    },
    {
      "type": "Feature",
      "properties": {
        "fid": 315,
        "Text": "{\\C7;260}",
        "ogr_style": "LABEL(f:\"Arial\",t:\"{\\C7;260}\",s:7.5g,p:7,c:#00ffff)",
        "font": "Arial",
        "angle": null,
        "size": 7.5,
        "size_u": "g",
        "anchor": "8",
        "color": "#7",
        "underline": 0,
        "plaintext": "260",
        "fcolor": null,
        "flnum": 0,
        "bold": null,
        "italic": null,
        "dx": null,
        "dx_u": null,
        "dy": null,
        "dy_u": null
      },
      "geometry": {
        "type": "Point",
        "coordinates": [
          126.040953136169335,
          43.350684996178977
        ]
      }
    },
    {
      "type": "Feature",
      "properties": {
        "fid": 316,
        "Text": "{\\C7;258}",
        "ogr_style": "LABEL(f:\"Arial\",t:\"{\\C7;258}\",s:7.5g,p:7,c:#00ffff)",
        "font": "Arial",
        "angle": null,
        "size": 7.5,
        "size_u": "g",
        "anchor": "8",
        "color": "#7",
        "underline": 0,
        "plaintext": "258",
        "fcolor": null,
        "flnum": 0,
        "bold": null,
        "italic": null,
        "dx": null,
        "dx_u": null,
        "dy": null,
        "dy_u": null
      },
      "geometry": {
        "type": "Point",
        "coordinates": [
          126.04087870614417,
          43.350500975617017
        ]
      }
    },
    {
      "type": "Feature",
      "properties": {
        "fid": 317,
        "Text": "{\\C7;261}",
        "ogr_style": "LABEL(f:\"Arial\",t:\"{\\C7;261}\",s:7.5g,p:7,c:#00ffff)",
        "font": "Arial",
        "angle": null,
        "size": 7.5,
        "size_u": "g",
        "anchor": "8",
        "color": "#7",
        "underline": 0,
        "plaintext": "261",
        "fcolor": null,
        "flnum": 0,
        "bold": null,
        "italic": null,
        "dx": null,
        "dx_u": null,
        "dy": null,
        "dy_u": null
      },
      "geometry": {
        "type": "Point",
        "coordinates": [
          126.040173605109629,
          43.349869049480105
        ]
      }
    },
    {
      "type": "Feature",
      "properties": {
        "fid": 318,
        "Text": "{\\C7;262}",
        "ogr_style": "LABEL(f:\"Arial\",t:\"{\\C7;262}\",s:7.5g,p:7,c:#00ffff)",
        "font": "Arial",
        "angle": null,
        "size": 7.5,
        "size_u": "g",
        "anchor": "8",
        "color": "#7",
        "underline": 0,
        "plaintext": "262",
        "fcolor": null,
        "flnum": 0,
        "bold": null,
        "italic": null,
        "dx": null,
        "dx_u": null,
        "dy": null,
        "dy_u": null
      },
      "geometry": {
        "type": "Point",
        "coordinates": [
          126.040940618072554,
          43.349888232889327
        ]
      }
    },
    {
      "type": "Feature",
      "properties": {
        "fid": 319,
        "Text": "{\\C7;263}",
        "ogr_style": "LABEL(f:\"Arial\",t:\"{\\C7;263}\",s:7.5g,p:7,c:#00ffff)",
        "font": "Arial",
        "angle": null,
        "size": 7.5,
        "size_u": "g",
        "anchor": "8",
        "color": "#7",
        "underline": 0,
        "plaintext": "263",
        "fcolor": null,
        "flnum": 0,
        "bold": null,
        "italic": null,
        "dx": null,
        "dx_u": null,
        "dy": null,
        "dy_u": null
      },
      "geometry": {
        "type": "Point",
        "coordinates": [
          126.043623359952534,
          43.349843959947911
        ]
      }
    },
    {
      "type": "Feature",
      "properties": {
        "fid": 320,
        "Text": "{\\C7;264}",
        "ogr_style": "LABEL(f:\"Arial\",t:\"{\\C7;264}\",s:7.5g,p:7,c:#00ffff)",
        "font": "Arial",
        "angle": null,
        "size": 7.5,
        "size_u": "g",
        "anchor": "8",
        "color": "#7",
        "underline": 0,
        "plaintext": "264",
        "fcolor": null,
        "flnum": 0,
        "bold": null,
        "italic": null,
        "dx": null,
        "dx_u": null,
        "dy": null,
        "dy_u": null
      },
      "geometry": {
        "type": "Point",
        "coordinates": [
          126.043401368741286,
          43.349483935430214
        ]
      }
    },
    {
      "type": "Feature",
      "properties": {
        "fid": 321,
        "Text": "{\\C7;265}",
        "ogr_style": "LABEL(f:\"Arial\",t:\"{\\C7;265}\",s:7.5g,p:7,c:#00ffff)",
        "font": "Arial",
        "angle": null,
        "size": 7.5,
        "size_u": "g",
        "anchor": "8",
        "color": "#7",
        "underline": 0,
        "plaintext": "265",
        "fcolor": null,
        "flnum": 0,
        "bold": null,
        "italic": null,
        "dx": null,
        "dx_u": null,
        "dy": null,
        "dy_u": null
      },
      "geometry": {
        "type": "Point",
        "coordinates": [
          126.044001110438344,
          43.349759426009022
        ]
      }
    },
    {
      "type": "Feature",
      "properties": {
        "fid": 322,
        "Text": "{\\C7;266}",
        "ogr_style": "LABEL(f:\"Arial\",t:\"{\\C7;266}\",s:7.5g,p:7,c:#00ffff)",
        "font": "Arial",
        "angle": null,
        "size": 7.5,
        "size_u": "g",
        "anchor": "8",
        "color": "#7",
        "underline": 0,
        "plaintext": "266",
        "fcolor": null,
        "flnum": 0,
        "bold": null,
        "italic": null,
        "dx": null,
        "dx_u": null,
        "dy": null,
        "dy_u": null
      },
      "geometry": {
        "type": "Point",
        "coordinates": [
          126.044002612009223,
          43.349456260556451
        ]
      }
    },
    {
      "type": "Feature",
      "properties": {
        "fid": 323,
        "Text": "{\\C7;268}",
        "ogr_style": "LABEL(f:\"Arial\",t:\"{\\C7;268}\",s:7.5g,p:7,c:#00ffff)",
        "font": "Arial",
        "angle": null,
        "size": 7.5,
        "size_u": "g",
        "anchor": "8",
        "color": "#7",
        "underline": 0,
        "plaintext": "268",
        "fcolor": null,
        "flnum": 0,
        "bold": null,
        "italic": null,
        "dx": null,
        "dx_u": null,
        "dy": null,
        "dy_u": null
      },
      "geometry": {
        "type": "Point",
        "coordinates": [
          126.038764927283609,
          43.348240651436868
        ]
      }
    },
    {
      "type": "Feature",
      "properties": {
        "fid": 324,
        "Text": "{\\C7;269}",
        "ogr_style": "LABEL(f:\"Arial\",t:\"{\\C7;269}\",s:7.5g,p:7,c:#00ffff)",
        "font": "Arial",
        "angle": null,
        "size": 7.5,
        "size_u": "g",
        "anchor": "8",
        "color": "#7",
        "underline": 0,
        "plaintext": "269",
        "fcolor": null,
        "flnum": 0,
        "bold": null,
        "italic": null,
        "dx": null,
        "dx_u": null,
        "dy": null,
        "dy_u": null
      },
      "geometry": {
        "type": "Point",
        "coordinates": [
          126.037480687628474,
          43.347988755029014
        ]
      }
    },
    {
      "type": "Feature",
      "properties": {
        "fid": 325,
        "Text": "{\\C7;272}",
        "ogr_style": "LABEL(f:\"Arial\",t:\"{\\C7;272}\",s:7.5g,p:7,c:#00ffff)",
        "font": "Arial",
        "angle": null,
        "size": 7.5,
        "size_u": "g",
        "anchor": "8",
        "color": "#7",
        "underline": 0,
        "plaintext": "272",
        "fcolor": null,
        "flnum": 0,
        "bold": null,
        "italic": null,
        "dx": null,
        "dx_u": null,
        "dy": null,
        "dy_u": null
      },
      "geometry": {
        "type": "Point",
        "coordinates": [
          126.037785174952134,
          43.347948069535661
        ]
      }
    },
    {
      "type": "Feature",
      "properties": {
        "fid": 326,
        "Text": "{\\C7;273}",
        "ogr_style": "LABEL(f:\"Arial\",t:\"{\\C7;273}\",s:7.5g,p:7,c:#00ffff)",
        "font": "Arial",
        "angle": null,
        "size": 7.5,
        "size_u": "g",
        "anchor": "8",
        "color": "#7",
        "underline": 0,
        "plaintext": "273",
        "fcolor": null,
        "flnum": 0,
        "bold": null,
        "italic": null,
        "dx": null,
        "dx_u": null,
        "dy": null,
        "dy_u": null
      },
      "geometry": {
        "type": "Point",
        "coordinates": [
          126.037735996964301,
          43.347766599908077
        ]
      }
    },
    {
      "type": "Feature",
      "properties": {
        "fid": 327,
        "Text": "{\\C7;275}",
        "ogr_style": "LABEL(f:\"Arial\",t:\"{\\C7;275}\",s:7.5g,p:7,c:#00ffff)",
        "font": "Arial",
        "angle": null,
        "size": 7.5,
        "size_u": "g",
        "anchor": "8",
        "color": "#7",
        "underline": 0,
        "plaintext": "275",
        "fcolor": null,
        "flnum": 0,
        "bold": null,
        "italic": null,
        "dx": null,
        "dx_u": null,
        "dy": null,
        "dy_u": null
      },
      "geometry": {
        "type": "Point",
        "coordinates": [
          126.038044584309219,
          43.347925620704387
        ]
      }
    },
    {
      "type": "Feature",
      "properties": {
        "fid": 328,
        "Text": "{\\C7;274}",
        "ogr_style": "LABEL(f:\"Arial\",t:\"{\\C7;274}\",s:7.5g,p:7,c:#00ffff)",
        "font": "Arial",
        "angle": null,
        "size": 7.5,
        "size_u": "g",
        "anchor": "8",
        "color": "#7",
        "underline": 0,
        "plaintext": "274",
        "fcolor": null,
        "flnum": 0,
        "bold": null,
        "italic": null,
        "dx": null,
        "dx_u": null,
        "dy": null,
        "dy_u": null
      },
      "geometry": {
        "type": "Point",
        "coordinates": [
          126.039998591411077,
          43.348029867281888
        ]
      }
    },
    {
      "type": "Feature",
      "properties": {
        "fid": 329,
        "Text": "{\\C7;270}",
        "ogr_style": "LABEL(f:\"Arial\",t:\"{\\C7;270}\",s:7.5g,p:7,c:#00ffff)",
        "font": "Arial",
        "angle": null,
        "size": 7.5,
        "size_u": "g",
        "anchor": "8",
        "color": "#7",
        "underline": 0,
        "plaintext": "270",
        "fcolor": null,
        "flnum": 0,
        "bold": null,
        "italic": null,
        "dx": null,
        "dx_u": null,
        "dy": null,
        "dy_u": null
      },
      "geometry": {
        "type": "Point",
        "coordinates": [
          126.03955295437315,
          43.348083139341441
        ]
      }
    },
    {
      "type": "Feature",
      "properties": {
        "fid": 330,
        "Text": "{\\C7;271}",
        "ogr_style": "LABEL(f:\"Arial\",t:\"{\\C7;271}\",s:7.5g,p:7,c:#00ffff)",
        "font": "Arial",
        "angle": null,
        "size": 7.5,
        "size_u": "g",
        "anchor": "8",
        "color": "#7",
        "underline": 0,
        "plaintext": "271",
        "fcolor": null,
        "flnum": 0,
        "bold": null,
        "italic": null,
        "dx": null,
        "dx_u": null,
        "dy": null,
        "dy_u": null
      },
      "geometry": {
        "type": "Point",
        "coordinates": [
          126.039644542779357,
          43.3483646766175
        ]
      }
    },
    {
      "type": "Feature",
      "properties": {
        "fid": 331,
        "Text": "{\\C7;276}",
        "ogr_style": "LABEL(f:\"Arial\",t:\"{\\C7;276}\",s:7.5g,p:7,c:#00ffff)",
        "font": "Arial",
        "angle": null,
        "size": 7.5,
        "size_u": "g",
        "anchor": "8",
        "color": "#7",
        "underline": 0,
        "plaintext": "276",
        "fcolor": null,
        "flnum": 0,
        "bold": null,
        "italic": null,
        "dx": null,
        "dx_u": null,
        "dy": null,
        "dy_u": null
      },
      "geometry": {
        "type": "Point",
        "coordinates": [
          126.040398869753389,
          43.347937738170593
        ]
      }
    },
    {
      "type": "Feature",
      "properties": {
        "fid": 332,
        "Text": "{\\C7;277}",
        "ogr_style": "LABEL(f:\"Arial\",t:\"{\\C7;277}\",s:7.5g,p:7,c:#00ffff)",
        "font": "Arial",
        "angle": null,
        "size": 7.5,
        "size_u": "g",
        "anchor": "8",
        "color": "#7",
        "underline": 0,
        "plaintext": "277",
        "fcolor": null,
        "flnum": 0,
        "bold": null,
        "italic": null,
        "dx": null,
        "dx_u": null,
        "dy": null,
        "dy_u": null
      },
      "geometry": {
        "type": "Point",
        "coordinates": [
          126.041278135063365,
          43.347809471040549
        ]
      }
    },
    {
      "type": "Feature",
      "properties": {
        "fid": 333,
        "Text": "{\\C7;278}",
        "ogr_style": "LABEL(f:\"Arial\",t:\"{\\C7;278}\",s:7.5g,p:7,c:#00ffff)",
        "font": "Arial",
        "angle": null,
        "size": 7.5,
        "size_u": "g",
        "anchor": "8",
        "color": "#7",
        "underline": 0,
        "plaintext": "278",
        "fcolor": null,
        "flnum": 0,
        "bold": null,
        "italic": null,
        "dx": null,
        "dx_u": null,
        "dy": null,
        "dy_u": null
      },
      "geometry": {
        "type": "Point",
        "coordinates": [
          126.039444868816261,
          43.347754939896312
        ]
      }
    },
    {
      "type": "Feature",
      "properties": {
        "fid": 334,
        "Text": "{\\C7;279}",
        "ogr_style": "LABEL(f:\"Arial\",t:\"{\\C7;279}\",s:7.5g,p:7,c:#00ffff)",
        "font": "Arial",
        "angle": null,
        "size": 7.5,
        "size_u": "g",
        "anchor": "8",
        "color": "#7",
        "underline": 0,
        "plaintext": "279",
        "fcolor": null,
        "flnum": 0,
        "bold": null,
        "italic": null,
        "dx": null,
        "dx_u": null,
        "dy": null,
        "dy_u": null
      },
      "geometry": {
        "type": "Point",
        "coordinates": [
          126.040148601756442,
          43.347647411408005
        ]
      }
    },
    {
      "type": "Feature",
      "properties": {
        "fid": 335,
        "Text": "{\\C7;280}",
        "ogr_style": "LABEL(f:\"Arial\",t:\"{\\C7;280}\",s:7.5g,p:7,c:#00ffff)",
        "font": "Arial",
        "angle": null,
        "size": 7.5,
        "size_u": "g",
        "anchor": "8",
        "color": "#7",
        "underline": 0,
        "plaintext": "280",
        "fcolor": null,
        "flnum": 0,
        "bold": null,
        "italic": null,
        "dx": null,
        "dx_u": null,
        "dy": null,
        "dy_u": null
      },
      "geometry": {
        "type": "Point",
        "coordinates": [
          126.040335150187133,
          43.347555906550717
        ]
      }
    },
    {
      "type": "Feature",
      "properties": {
        "fid": 336,
        "Text": "{\\C7;282}",
        "ogr_style": "LABEL(f:\"Arial\",t:\"{\\C7;282}\",s:7.5g,p:7,c:#00ffff)",
        "font": "Arial",
        "angle": null,
        "size": 7.5,
        "size_u": "g",
        "anchor": "8",
        "color": "#7",
        "underline": 0,
        "plaintext": "282",
        "fcolor": null,
        "flnum": 0,
        "bold": null,
        "italic": null,
        "dx": null,
        "dx_u": null,
        "dy": null,
        "dy_u": null
      },
      "geometry": {
        "type": "Point",
        "coordinates": [
          126.040530510289983,
          43.347427057860514
        ]
      }
    },
    {
      "type": "Feature",
      "properties": {
        "fid": 337,
        "Text": "{\\C7;281}",
        "ogr_style": "LABEL(f:\"Arial\",t:\"{\\C7;281}\",s:7.5g,p:7,c:#00ffff)",
        "font": "Arial",
        "angle": null,
        "size": 7.5,
        "size_u": "g",
        "anchor": "8",
        "color": "#7",
        "underline": 0,
        "plaintext": "281",
        "fcolor": null,
        "flnum": 0,
        "bold": null,
        "italic": null,
        "dx": null,
        "dx_u": null,
        "dy": null,
        "dy_u": null
      },
      "geometry": {
        "type": "Point",
        "coordinates": [
          126.040594785714418,
          43.347600952482523
        ]
      }
    },
    {
      "type": "Feature",
      "properties": {
        "fid": 338,
        "Text": "{\\C7;283}",
        "ogr_style": "LABEL(f:\"Arial\",t:\"{\\C7;283}\",s:7.5g,p:7,c:#00ffff)",
        "font": "Arial",
        "angle": null,
        "size": 7.5,
        "size_u": "g",
        "anchor": "8",
        "color": "#7",
        "underline": 0,
        "plaintext": "283",
        "fcolor": null,
        "flnum": 0,
        "bold": null,
        "italic": null,
        "dx": null,
        "dx_u": null,
        "dy": null,
        "dy_u": null
      },
      "geometry": {
        "type": "Point",
        "coordinates": [
          126.041193159726248,
          43.347492768632918
        ]
      }
    },
    {
      "type": "Feature",
      "properties": {
        "fid": 339,
        "Text": "{\\C7;443}",
        "ogr_style": "LABEL(f:\"Arial\",t:\"{\\C7;443}\",s:7.5g,p:7,c:#00ffff)",
        "font": "Arial",
        "angle": null,
        "size": 7.5,
        "size_u": "g",
        "anchor": "8",
        "color": "#7",
        "underline": 0,
        "plaintext": "443",
        "fcolor": null,
        "flnum": 0,
        "bold": null,
        "italic": null,
        "dx": null,
        "dx_u": null,
        "dy": null,
        "dy_u": null
      },
      "geometry": {
        "type": "Point",
        "coordinates": [
          126.041122876689883,
          43.347130116149593
        ]
      }
    },
    {
      "type": "Feature",
      "properties": {
        "fid": 340,
        "Text": "{\\C7;422}",
        "ogr_style": "LABEL(f:\"Arial\",t:\"{\\C7;422}\",s:7.5g,p:7,c:#00ffff)",
        "font": "Arial",
        "angle": null,
        "size": 7.5,
        "size_u": "g",
        "anchor": "8",
        "color": "#7",
        "underline": 0,
        "plaintext": "422",
        "fcolor": null,
        "flnum": 0,
        "bold": null,
        "italic": null,
        "dx": null,
        "dx_u": null,
        "dy": null,
        "dy_u": null
      },
      "geometry": {
        "type": "Point",
        "coordinates": [
          126.04107933862214,
          43.34694467481156
        ]
      }
    },
    {
      "type": "Feature",
      "properties": {
        "fid": 341,
        "Text": "{\\C7;284}",
        "ogr_style": "LABEL(f:\"Arial\",t:\"{\\C7;284}\",s:7.5g,p:7,c:#00ffff)",
        "font": "Arial",
        "angle": null,
        "size": 7.5,
        "size_u": "g",
        "anchor": "8",
        "color": "#7",
        "underline": 0,
        "plaintext": "284",
        "fcolor": null,
        "flnum": 0,
        "bold": null,
        "italic": null,
        "dx": null,
        "dx_u": null,
        "dy": null,
        "dy_u": null
      },
      "geometry": {
        "type": "Point",
        "coordinates": [
          126.042363864855716,
          43.347667540113747
        ]
      }
    },
    {
      "type": "Feature",
      "properties": {
        "fid": 342,
        "Text": "{\\C7;285}",
        "ogr_style": "LABEL(f:\"Arial\",t:\"{\\C7;285}\",s:7.5g,p:7,c:#00ffff)",
        "font": "Arial",
        "angle": null,
        "size": 7.5,
        "size_u": "g",
        "anchor": "8",
        "color": "#7",
        "underline": 0,
        "plaintext": "285",
        "fcolor": null,
        "flnum": 0,
        "bold": null,
        "italic": null,
        "dx": null,
        "dx_u": null,
        "dy": null,
        "dy_u": null
      },
      "geometry": {
        "type": "Point",
        "coordinates": [
          126.042708902594498,
          43.347764535123133
        ]
      }
    },
    {
      "type": "Feature",
      "properties": {
        "fid": 343,
        "Text": "{\\C7;286}",
        "ogr_style": "LABEL(f:\"Arial\",t:\"{\\C7;286}\",s:7.5g,p:7,c:#00ffff)",
        "font": "Arial",
        "angle": null,
        "size": 7.5,
        "size_u": "g",
        "anchor": "8",
        "color": "#7",
        "underline": 0,
        "plaintext": "286",
        "fcolor": null,
        "flnum": 0,
        "bold": null,
        "italic": null,
        "dx": null,
        "dx_u": null,
        "dy": null,
        "dy_u": null
      },
      "geometry": {
        "type": "Point",
        "coordinates": [
          126.04290374531044,
          43.347623904632115
        ]
      }
    },
    {
      "type": "Feature",
      "properties": {
        "fid": 344,
        "Text": "{\\C7;287}",
        "ogr_style": "LABEL(f:\"Arial\",t:\"{\\C7;287}\",s:7.5g,p:7,c:#00ffff)",
        "font": "Arial",
        "angle": null,
        "size": 7.5,
        "size_u": "g",
        "anchor": "8",
        "color": "#7",
        "underline": 0,
        "plaintext": "287",
        "fcolor": null,
        "flnum": 0,
        "bold": null,
        "italic": null,
        "dx": null,
        "dx_u": null,
        "dy": null,
        "dy_u": null
      },
      "geometry": {
        "type": "Point",
        "coordinates": [
          126.043598966603881,
          43.347543112735735
        ]
      }
    },
    {
      "type": "Feature",
      "properties": {
        "fid": 345,
        "Text": "{\\C7;289}",
        "ogr_style": "LABEL(f:\"Arial\",t:\"{\\C7;289}\",s:7.5g,p:7,c:#00ffff)",
        "font": "Arial",
        "angle": null,
        "size": 7.5,
        "size_u": "g",
        "anchor": "8",
        "color": "#7",
        "underline": 0,
        "plaintext": "289",
        "fcolor": null,
        "flnum": 0,
        "bold": null,
        "italic": null,
        "dx": null,
        "dx_u": null,
        "dy": null,
        "dy_u": null
      },
      "geometry": {
        "type": "Point",
        "coordinates": [
          126.044338764181163,
          43.347485866329542
        ]
      }
    },
    {
      "type": "Feature",
      "properties": {
        "fid": 346,
        "Text": "{\\C7;290}",
        "ogr_style": "LABEL(f:\"Arial\",t:\"{\\C7;290}\",s:7.5g,p:7,c:#00ffff)",
        "font": "Arial",
        "angle": null,
        "size": 7.5,
        "size_u": "g",
        "anchor": "8",
        "color": "#7",
        "underline": 0,
        "plaintext": "290",
        "fcolor": null,
        "flnum": 0,
        "bold": null,
        "italic": null,
        "dx": null,
        "dx_u": null,
        "dy": null,
        "dy_u": null
      },
      "geometry": {
        "type": "Point",
        "coordinates": [
          126.044961391884655,
          43.34731282670667
        ]
      }
    },
    {
      "type": "Feature",
      "properties": {
        "fid": 347,
        "Text": "{\\C7;292}",
        "ogr_style": "LABEL(f:\"Arial\",t:\"{\\C7;292}\",s:7.5g,p:7,c:#00ffff)",
        "font": "Arial",
        "angle": null,
        "size": 7.5,
        "size_u": "g",
        "anchor": "8",
        "color": "#7",
        "underline": 0,
        "plaintext": "292",
        "fcolor": null,
        "flnum": 0,
        "bold": null,
        "italic": null,
        "dx": null,
        "dx_u": null,
        "dy": null,
        "dy_u": null
      },
      "geometry": {
        "type": "Point",
        "coordinates": [
          126.045844364072238,
          43.347274746925784
        ]
      }
    },
    {
      "type": "Feature",
      "properties": {
        "fid": 348,
        "Text": "{\\C7;291}",
        "ogr_style": "LABEL(f:\"Arial\",t:\"{\\C7;291}\",s:7.5g,p:7,c:#00ffff)",
        "font": "Arial",
        "angle": null,
        "size": 7.5,
        "size_u": "g",
        "anchor": "8",
        "color": "#7",
        "underline": 0,
        "plaintext": "291",
        "fcolor": null,
        "flnum": 0,
        "bold": null,
        "italic": null,
        "dx": null,
        "dx_u": null,
        "dy": null,
        "dy_u": null
      },
      "geometry": {
        "type": "Point",
        "coordinates": [
          126.045525731887679,
          43.347284979939417
        ]
      }
    },
    {
      "type": "Feature",
      "properties": {
        "fid": 349,
        "Text": "{\\C7;293}",
        "ogr_style": "LABEL(f:\"Arial\",t:\"{\\C7;293}\",s:7.5g,p:7,c:#00ffff)",
        "font": "Arial",
        "angle": null,
        "size": 7.5,
        "size_u": "g",
        "anchor": "8",
        "color": "#7",
        "underline": 0,
        "plaintext": "293",
        "fcolor": null,
        "flnum": 0,
        "bold": null,
        "italic": null,
        "dx": null,
        "dx_u": null,
        "dy": null,
        "dy_u": null
      },
      "geometry": {
        "type": "Point",
        "coordinates": [
          126.045827165142782,
          43.347705935482622
        ]
      }
    },
    {
      "type": "Feature",
      "properties": {
        "fid": 350,
        "Text": "{\\C7;294}",
        "ogr_style": "LABEL(f:\"Arial\",t:\"{\\C7;294}\",s:7.5g,p:7,c:#00ffff)",
        "font": "Arial",
        "angle": null,
        "size": 7.5,
        "size_u": "g",
        "anchor": "8",
        "color": "#7",
        "underline": 0,
        "plaintext": "294",
        "fcolor": null,
        "flnum": 0,
        "bold": null,
        "italic": null,
        "dx": null,
        "dx_u": null,
        "dy": null,
        "dy_u": null
      },
      "geometry": {
        "type": "Point",
        "coordinates": [
          126.04555765977878,
          43.347536117672817
        ]
      }
    },
    {
      "type": "Feature",
      "properties": {
        "fid": 351,
        "Text": "{\\C7;296}",
        "ogr_style": "LABEL(f:\"Arial\",t:\"{\\C7;296}\",s:7.5g,p:7,c:#00ffff)",
        "font": "Arial",
        "angle": null,
        "size": 7.5,
        "size_u": "g",
        "anchor": "8",
        "color": "#7",
        "underline": 0,
        "plaintext": "296",
        "fcolor": null,
        "flnum": 0,
        "bold": null,
        "italic": null,
        "dx": null,
        "dx_u": null,
        "dy": null,
        "dy_u": null
      },
      "geometry": {
        "type": "Point",
        "coordinates": [
          126.047046310774363,
          43.347146240689135
        ]
      }
    },
    {
      "type": "Feature",
      "properties": {
        "fid": 352,
        "Text": "{\\C7;297}",
        "ogr_style": "LABEL(f:\"Arial\",t:\"{\\C7;297}\",s:7.5g,p:7,c:#00ffff)",
        "font": "Arial",
        "angle": null,
        "size": 7.5,
        "size_u": "g",
        "anchor": "8",
        "color": "#7",
        "underline": 0,
        "plaintext": "297",
        "fcolor": null,
        "flnum": 0,
        "bold": null,
        "italic": null,
        "dx": null,
        "dx_u": null,
        "dy": null,
        "dy_u": null
      },
      "geometry": {
        "type": "Point",
        "coordinates": [
          126.047946842417716,
          43.346890832283584
        ]
      }
    },
    {
      "type": "Feature",
      "properties": {
        "fid": 353,
        "Text": "{\\L\\C1;298}",
        "ogr_style": "LABEL(f:\"Arial\",t:\"{\\L\\C1;298}\",s:7.5g,p:7,c:#00ffff)",
        "font": "Arial",
        "angle": null,
        "size": 7.5,
        "size_u": "g",
        "anchor": "8",
        "color": "#1",
        "underline": 1,
        "plaintext": "298",
        "fcolor": null,
        "flnum": 0,
        "bold": null,
        "italic": null,
        "dx": null,
        "dx_u": null,
        "dy": null,
        "dy_u": null
      },
      "geometry": {
        "type": "Point",
        "coordinates": [
          126.048676881022658,
          43.347200841724039
        ]
      }
    },
    {
      "type": "Feature",
      "properties": {
        "fid": 354,
        "Text": "{\\C7;299}",
        "ogr_style": "LABEL(f:\"Arial\",t:\"{\\C7;299}\",s:7.5g,p:7,c:#00ffff)",
        "font": "Arial",
        "angle": null,
        "size": 7.5,
        "size_u": "g",
        "anchor": "8",
        "color": "#7",
        "underline": 0,
        "plaintext": "299",
        "fcolor": null,
        "flnum": 0,
        "bold": null,
        "italic": null,
        "dx": null,
        "dx_u": null,
        "dy": null,
        "dy_u": null
      },
      "geometry": {
        "type": "Point",
        "coordinates": [
          126.048709414352416,
          43.347063589141271
        ]
      }
    },
    {
      "type": "Feature",
      "properties": {
        "fid": 355,
        "Text": "{\\C7;302}",
        "ogr_style": "LABEL(f:\"Arial\",t:\"{\\C7;302}\",s:7.5g,p:7,c:#00ffff)",
        "font": "Arial",
        "angle": null,
        "size": 7.5,
        "size_u": "g",
        "anchor": "8",
        "color": "#7",
        "underline": 0,
        "plaintext": "302",
        "fcolor": null,
        "flnum": 0,
        "bold": null,
        "italic": null,
        "dx": null,
        "dx_u": null,
        "dy": null,
        "dy_u": null
      },
      "geometry": {
        "type": "Point",
        "coordinates": [
          126.04891496166465,
          43.347021390119387
        ]
      }
    },
    {
      "type": "Feature",
      "properties": {
        "fid": 356,
        "Text": "{\\C7;300}",
        "ogr_style": "LABEL(f:\"Arial\",t:\"{\\C7;300}\",s:7.5g,p:7,c:#00ffff)",
        "font": "Arial",
        "angle": null,
        "size": 7.5,
        "size_u": "g",
        "anchor": "8",
        "color": "#7",
        "underline": 0,
        "plaintext": "300",
        "fcolor": null,
        "flnum": 0,
        "bold": null,
        "italic": null,
        "dx": null,
        "dx_u": null,
        "dy": null,
        "dy_u": null
      },
      "geometry": {
        "type": "Point",
        "coordinates": [
          126.048966387719091,
          43.34720140637976
        ]
      }
    },
    {
      "type": "Feature",
      "properties": {
        "fid": 357,
        "Text": "{\\C7;301}",
        "ogr_style": "LABEL(f:\"Arial\",t:\"{\\C7;301}\",s:7.5g,p:7,c:#00ffff)",
        "font": "Arial",
        "angle": null,
        "size": 7.5,
        "size_u": "g",
        "anchor": "8",
        "color": "#7",
        "underline": 0,
        "plaintext": "301",
        "fcolor": null,
        "flnum": 0,
        "bold": null,
        "italic": null,
        "dx": null,
        "dx_u": null,
        "dy": null,
        "dy_u": null
      },
      "geometry": {
        "type": "Point",
        "coordinates": [
          126.048809946739468,
          43.347289352706781
        ]
      }
    },
    {
      "type": "Feature",
      "properties": {
        "fid": 358,
        "Text": "{\\C7;303}",
        "ogr_style": "LABEL(f:\"Arial\",t:\"{\\C7;303}\",s:7.5g,p:7,c:#00ffff)",
        "font": "Arial",
        "angle": null,
        "size": 7.5,
        "size_u": "g",
        "anchor": "8",
        "color": "#7",
        "underline": 0,
        "plaintext": "303",
        "fcolor": null,
        "flnum": 0,
        "bold": null,
        "italic": null,
        "dx": null,
        "dx_u": null,
        "dy": null,
        "dy_u": null
      },
      "geometry": {
        "type": "Point",
        "coordinates": [
          126.046869725492343,
          43.346696469144511
        ]
      }
    },
    {
      "type": "Feature",
      "properties": {
        "fid": 359,
        "Text": "{\\C7;304}",
        "ogr_style": "LABEL(f:\"Arial\",t:\"{\\C7;304}\",s:7.5g,p:7,c:#00ffff)",
        "font": "Arial",
        "angle": null,
        "size": 7.5,
        "size_u": "g",
        "anchor": "8",
        "color": "#7",
        "underline": 0,
        "plaintext": "304",
        "fcolor": null,
        "flnum": 0,
        "bold": null,
        "italic": null,
        "dx": null,
        "dx_u": null,
        "dy": null,
        "dy_u": null
      },
      "geometry": {
        "type": "Point",
        "coordinates": [
          126.049308272244218,
          43.34668770544215
        ]
      }
    },
    {
      "type": "Feature",
      "properties": {
        "fid": 360,
        "Text": "{\\C7;305}",
        "ogr_style": "LABEL(f:\"Arial\",t:\"{\\C7;305}\",s:7.5g,p:7,c:#00ffff)",
        "font": "Arial",
        "angle": null,
        "size": 7.5,
        "size_u": "g",
        "anchor": "8",
        "color": "#7",
        "underline": 0,
        "plaintext": "305",
        "fcolor": null,
        "flnum": 0,
        "bold": null,
        "italic": null,
        "dx": null,
        "dx_u": null,
        "dy": null,
        "dy_u": null
      },
      "geometry": {
        "type": "Point",
        "coordinates": [
          126.049384290844714,
          43.346877553848103
        ]
      }
    },
    {
      "type": "Feature",
      "properties": {
        "fid": 361,
        "Text": "{\\C7;306}",
        "ogr_style": "LABEL(f:\"Arial\",t:\"{\\C7;306}\",s:7.5g,p:7,c:#00ffff)",
        "font": "Arial",
        "angle": null,
        "size": 7.5,
        "size_u": "g",
        "anchor": "8",
        "color": "#7",
        "underline": 0,
        "plaintext": "306",
        "fcolor": null,
        "flnum": 0,
        "bold": null,
        "italic": null,
        "dx": null,
        "dx_u": null,
        "dy": null,
        "dy_u": null
      },
      "geometry": {
        "type": "Point",
        "coordinates": [
          126.050080186651442,
          43.3465854416946
        ]
      }
    },
    {
      "type": "Feature",
      "properties": {
        "fid": 362,
        "Text": "{\\C7;308}",
        "ogr_style": "LABEL(f:\"Arial\",t:\"{\\C7;308}\",s:7.5g,p:7,c:#00ffff)",
        "font": "Arial",
        "angle": null,
        "size": 7.5,
        "size_u": "g",
        "anchor": "8",
        "color": "#7",
        "underline": 0,
        "plaintext": "308",
        "fcolor": null,
        "flnum": 0,
        "bold": null,
        "italic": null,
        "dx": null,
        "dx_u": null,
        "dy": null,
        "dy_u": null
      },
      "geometry": {
        "type": "Point",
        "coordinates": [
          126.050691731880121,
          43.346522052135533
        ]
      }
    },
    {
      "type": "Feature",
      "properties": {
        "fid": 363,
        "Text": "{\\C7;310}",
        "ogr_style": "LABEL(f:\"Arial\",t:\"{\\C7;310}\",s:7.5g,p:7,c:#00ffff)",
        "font": "Arial",
        "angle": null,
        "size": 7.5,
        "size_u": "g",
        "anchor": "8",
        "color": "#7",
        "underline": 0,
        "plaintext": "310",
        "fcolor": null,
        "flnum": 0,
        "bold": null,
        "italic": null,
        "dx": null,
        "dx_u": null,
        "dy": null,
        "dy_u": null
      },
      "geometry": {
        "type": "Point",
        "coordinates": [
          126.051459570460864,
          43.346456212719936
        ]
      }
    },
    {
      "type": "Feature",
      "properties": {
        "fid": 364,
        "Text": "{\\C7;307}",
        "ogr_style": "LABEL(f:\"Arial\",t:\"{\\C7;307}\",s:7.5g,p:7,c:#00ffff)",
        "font": "Arial",
        "angle": null,
        "size": 7.5,
        "size_u": "g",
        "anchor": "8",
        "color": "#7",
        "underline": 0,
        "plaintext": "307",
        "fcolor": null,
        "flnum": 0,
        "bold": null,
        "italic": null,
        "dx": null,
        "dx_u": null,
        "dy": null,
        "dy_u": null
      },
      "geometry": {
        "type": "Point",
        "coordinates": [
          126.048410951674853,
          43.346475674253583
        ]
      }
    },
    {
      "type": "Feature",
      "properties": {
        "fid": 365,
        "Text": "{\\C7;309}",
        "ogr_style": "LABEL(f:\"Arial\",t:\"{\\C7;309}\",s:7.5g,p:7,c:#00ffff)",
        "font": "Arial",
        "angle": null,
        "size": 7.5,
        "size_u": "g",
        "anchor": "8",
        "color": "#7",
        "underline": 0,
        "plaintext": "309",
        "fcolor": null,
        "flnum": 0,
        "bold": null,
        "italic": null,
        "dx": null,
        "dx_u": null,
        "dy": null,
        "dy_u": null
      },
      "geometry": {
        "type": "Point",
        "coordinates": [
          126.04934049617377,
          43.346352540358509
        ]
      }
    },
    {
      "type": "Feature",
      "properties": {
        "fid": 366,
        "Text": "{\\C7;311}",
        "ogr_style": "LABEL(f:\"Arial\",t:\"{\\C7;311}\",s:7.5g,p:7,c:#00ffff)",
        "font": "Arial",
        "angle": null,
        "size": 7.5,
        "size_u": "g",
        "anchor": "8",
        "color": "#7",
        "underline": 0,
        "plaintext": "311",
        "fcolor": null,
        "flnum": 0,
        "bold": null,
        "italic": null,
        "dx": null,
        "dx_u": null,
        "dy": null,
        "dy_u": null
      },
      "geometry": {
        "type": "Point",
        "coordinates": [
          126.052153192099709,
          43.34593513245391
        ]
      }
    },
    {
      "type": "Feature",
      "properties": {
        "fid": 367,
        "Text": "{\\C7;313}",
        "ogr_style": "LABEL(f:\"Arial\",t:\"{\\C7;313}\",s:7.5g,p:7,c:#00ffff)",
        "font": "Arial",
        "angle": null,
        "size": 7.5,
        "size_u": "g",
        "anchor": "8",
        "color": "#7",
        "underline": 0,
        "plaintext": "313",
        "fcolor": null,
        "flnum": 0,
        "bold": null,
        "italic": null,
        "dx": null,
        "dx_u": null,
        "dy": null,
        "dy_u": null
      },
      "geometry": {
        "type": "Point",
        "coordinates": [
          126.05303313936173,
          43.34620546977262
        ]
      }
    },
    {
      "type": "Feature",
      "properties": {
        "fid": 368,
        "Text": "{\\C7;418}",
        "ogr_style": "LABEL(f:\"Arial\",t:\"{\\C7;418}\",s:7.5g,p:7,c:#00ffff)",
        "font": "Arial",
        "angle": null,
        "size": 7.5,
        "size_u": "g",
        "anchor": "8",
        "color": "#7",
        "underline": 0,
        "plaintext": "418",
        "fcolor": null,
        "flnum": 0,
        "bold": null,
        "italic": null,
        "dx": null,
        "dx_u": null,
        "dy": null,
        "dy_u": null
      },
      "geometry": {
        "type": "Point",
        "coordinates": [
          126.053169186175424,
          43.346504473595232
        ]
      }
    },
    {
      "type": "Feature",
      "properties": {
        "fid": 369,
        "Text": "{\\C7;312}",
        "ogr_style": "LABEL(f:\"Arial\",t:\"{\\C7;312}\",s:7.5g,p:7,c:#00ffff)",
        "font": "Arial",
        "angle": null,
        "size": 7.5,
        "size_u": "g",
        "anchor": "8",
        "color": "#7",
        "underline": 0,
        "plaintext": "312",
        "fcolor": null,
        "flnum": 0,
        "bold": null,
        "italic": null,
        "dx": null,
        "dx_u": null,
        "dy": null,
        "dy_u": null
      },
      "geometry": {
        "type": "Point",
        "coordinates": [
          126.05244788497005,
          43.346260808774197
        ]
      }
    },
    {
      "type": "Feature",
      "properties": {
        "fid": 370,
        "Text": "{\\C7;315}",
        "ogr_style": "LABEL(f:\"Arial\",t:\"{\\C7;315}\",s:7.5g,p:7,c:#00ffff)",
        "font": "Arial",
        "angle": null,
        "size": 7.5,
        "size_u": "g",
        "anchor": "8",
        "color": "#7",
        "underline": 0,
        "plaintext": "315",
        "fcolor": null,
        "flnum": 0,
        "bold": null,
        "italic": null,
        "dx": null,
        "dx_u": null,
        "dy": null,
        "dy_u": null
      },
      "geometry": {
        "type": "Point",
        "coordinates": [
          126.053647331427229,
          43.345615757994757
        ]
      }
    },
    {
      "type": "Feature",
      "properties": {
        "fid": 371,
        "Text": "{\\C7;314}",
        "ogr_style": "LABEL(f:\"Arial\",t:\"{\\C7;314}\",a:72.5,s:7.5g,p:7,c:#00ffff)",
        "font": "Arial",
        "angle": 72.5,
        "size": 7.5,
        "size_u": "g",
        "anchor": "8",
        "color": "#7",
        "underline": 0,
        "plaintext": "314",
        "fcolor": null,
        "flnum": 0,
        "bold": null,
        "italic": null,
        "dx": null,
        "dx_u": null,
        "dy": null,
        "dy_u": null
      },
      "geometry": {
        "type": "Point",
        "coordinates": [
          126.053277412644888,
          43.346108068233782
        ]
      }
    },
    {
      "type": "Feature",
      "properties": {
        "fid": 372,
        "Text": "{\\C7;316}",
        "ogr_style": "LABEL(f:\"Arial\",t:\"{\\C7;316}\",s:7.5g,p:7,c:#00ffff)",
        "font": "Arial",
        "angle": null,
        "size": 7.5,
        "size_u": "g",
        "anchor": "8",
        "color": "#7",
        "underline": 0,
        "plaintext": "316",
        "fcolor": null,
        "flnum": 0,
        "bold": null,
        "italic": null,
        "dx": null,
        "dx_u": null,
        "dy": null,
        "dy_u": null
      },
      "geometry": {
        "type": "Point",
        "coordinates": [
          126.053540647211506,
          43.346111890643513
        ]
      }
    },
    {
      "type": "Feature",
      "properties": {
        "fid": 373,
        "Text": "{\\C7;317}",
        "ogr_style": "LABEL(f:\"Arial\",t:\"{\\C7;317}\",s:7.5g,p:7,c:#00ffff)",
        "font": "Arial",
        "angle": null,
        "size": 7.5,
        "size_u": "g",
        "anchor": "8",
        "color": "#7",
        "underline": 0,
        "plaintext": "317",
        "fcolor": null,
        "flnum": 0,
        "bold": null,
        "italic": null,
        "dx": null,
        "dx_u": null,
        "dy": null,
        "dy_u": null
      },
      "geometry": {
        "type": "Point",
        "coordinates": [
          126.05367445583714,
          43.346432167402241
        ]
      }
    },
    {
      "type": "Feature",
      "properties": {
        "fid": 374,
        "Text": "{\\C7;318}",
        "ogr_style": "LABEL(f:\"Arial\",t:\"{\\C7;318}\",s:7.5g,p:7,c:#00ffff)",
        "font": "Arial",
        "angle": null,
        "size": 7.5,
        "size_u": "g",
        "anchor": "8",
        "color": "#7",
        "underline": 0,
        "plaintext": "318",
        "fcolor": null,
        "flnum": 0,
        "bold": null,
        "italic": null,
        "dx": null,
        "dx_u": null,
        "dy": null,
        "dy_u": null
      },
      "geometry": {
        "type": "Point",
        "coordinates": [
          126.054111590284421,
          43.346045788565398
        ]
      }
    },
    {
      "type": "Feature",
      "properties": {
        "fid": 375,
        "Text": "{\\C7;319}",
        "ogr_style": "LABEL(f:\"Arial\",t:\"{\\C7;319}\",s:7.5g,p:7,c:#00ffff)",
        "font": "Arial",
        "angle": null,
        "size": 7.5,
        "size_u": "g",
        "anchor": "8",
        "color": "#7",
        "underline": 0,
        "plaintext": "319",
        "fcolor": null,
        "flnum": 0,
        "bold": null,
        "italic": null,
        "dx": null,
        "dx_u": null,
        "dy": null,
        "dy_u": null
      },
      "geometry": {
        "type": "Point",
        "coordinates": [
          126.054901565056923,
          43.345919765872544
        ]
      }
    },
    {
      "type": "Feature",
      "properties": {
        "fid": 376,
        "Text": "{\\C7;320}",
        "ogr_style": "LABEL(f:\"Arial\",t:\"{\\C7;320}\",s:7.5g,p:7,c:#00ffff)",
        "font": "Arial",
        "angle": null,
        "size": 7.5,
        "size_u": "g",
        "anchor": "8",
        "color": "#7",
        "underline": 0,
        "plaintext": "320",
        "fcolor": null,
        "flnum": 0,
        "bold": null,
        "italic": null,
        "dx": null,
        "dx_u": null,
        "dy": null,
        "dy_u": null
      },
      "geometry": {
        "type": "Point",
        "coordinates": [
          126.054949896971223,
          43.34616329555211
        ]
      }
    },
    {
      "type": "Feature",
      "properties": {
        "fid": 377,
        "Text": "{\\C7;419}",
        "ogr_style": "LABEL(f:\"Arial\",t:\"{\\C7;419}\",s:7.5g,p:7,c:#00ffff)",
        "font": "Arial",
        "angle": null,
        "size": 7.5,
        "size_u": "g",
        "anchor": "8",
        "color": "#7",
        "underline": 0,
        "plaintext": "419",
        "fcolor": null,
        "flnum": 0,
        "bold": null,
        "italic": null,
        "dx": null,
        "dx_u": null,
        "dy": null,
        "dy_u": null
      },
      "geometry": {
        "type": "Point",
        "coordinates": [
          126.054620732356909,
          43.345965556250462
        ]
      }
    },
    {
      "type": "Feature",
      "properties": {
        "fid": 378,
        "Text": "{\\C7;322}",
        "ogr_style": "LABEL(f:\"Arial\",t:\"{\\C7;322}\",s:7.5g,p:7,c:#00ffff)",
        "font": "Arial",
        "angle": null,
        "size": 7.5,
        "size_u": "g",
        "anchor": "8",
        "color": "#7",
        "underline": 0,
        "plaintext": "322",
        "fcolor": null,
        "flnum": 0,
        "bold": null,
        "italic": null,
        "dx": null,
        "dx_u": null,
        "dy": null,
        "dy_u": null
      },
      "geometry": {
        "type": "Point",
        "coordinates": [
          126.056728216298495,
          43.346229671756866
        ]
      }
    },
    {
      "type": "Feature",
      "properties": {
        "fid": 379,
        "Text": "{\\C7;321}",
        "ogr_style": "LABEL(f:\"Arial\",t:\"{\\C7;321}\",s:7.5g,p:7,c:#00ffff)",
        "font": "Arial",
        "angle": null,
        "size": 7.5,
        "size_u": "g",
        "anchor": "8",
        "color": "#7",
        "underline": 0,
        "plaintext": "321",
        "fcolor": null,
        "flnum": 0,
        "bold": null,
        "italic": null,
        "dx": null,
        "dx_u": null,
        "dy": null,
        "dy_u": null
      },
      "geometry": {
        "type": "Point",
        "coordinates": [
          126.055288208677737,
          43.345881705288846
        ]
      }
    },
    {
      "type": "Feature",
      "properties": {
        "fid": 380,
        "Text": "{\\C7;323}",
        "ogr_style": "LABEL(f:\"Arial\",t:\"{\\C7;323}\",s:7.5g,p:7,c:#00ffff)",
        "font": "Arial",
        "angle": null,
        "size": 7.5,
        "size_u": "g",
        "anchor": "8",
        "color": "#7",
        "underline": 0,
        "plaintext": "323",
        "fcolor": null,
        "flnum": 0,
        "bold": null,
        "italic": null,
        "dx": null,
        "dx_u": null,
        "dy": null,
        "dy_u": null
      },
      "geometry": {
        "type": "Point",
        "coordinates": [
          126.057427931104229,
          43.346301743421975
        ]
      }
    },
    {
      "type": "Feature",
      "properties": {
        "fid": 381,
        "Text": "{\\C7;324}",
        "ogr_style": "LABEL(f:\"Arial\",t:\"{\\C7;324}\",s:7.5g,p:7,c:#00ffff)",
        "font": "Arial",
        "angle": null,
        "size": 7.5,
        "size_u": "g",
        "anchor": "8",
        "color": "#7",
        "underline": 0,
        "plaintext": "324",
        "fcolor": null,
        "flnum": 0,
        "bold": null,
        "italic": null,
        "dx": null,
        "dx_u": null,
        "dy": null,
        "dy_u": null
      },
      "geometry": {
        "type": "Point",
        "coordinates": [
          126.061296207999348,
          43.346916567666625
        ]
      }
    },
    {
      "type": "Feature",
      "properties": {
        "fid": 382,
        "Text": "{\\C7;325}",
        "ogr_style": "LABEL(f:\"Arial\",t:\"{\\C7;325}\",s:7.5g,p:7,c:#00ffff)",
        "font": "Arial",
        "angle": null,
        "size": 7.5,
        "size_u": "g",
        "anchor": "8",
        "color": "#7",
        "underline": 0,
        "plaintext": "325",
        "fcolor": null,
        "flnum": 0,
        "bold": null,
        "italic": null,
        "dx": null,
        "dx_u": null,
        "dy": null,
        "dy_u": null
      },
      "geometry": {
        "type": "Point",
        "coordinates": [
          126.057928922766024,
          43.346370043920587
        ]
      }
    },
    {
      "type": "Feature",
      "properties": {
        "fid": 383,
        "Text": "{\\C7;326}",
        "ogr_style": "LABEL(f:\"Arial\",t:\"{\\C7;326}\",s:7.5g,p:7,c:#00ffff)",
        "font": "Arial",
        "angle": null,
        "size": 7.5,
        "size_u": "g",
        "anchor": "8",
        "color": "#7",
        "underline": 0,
        "plaintext": "326",
        "fcolor": null,
        "flnum": 0,
        "bold": null,
        "italic": null,
        "dx": null,
        "dx_u": null,
        "dy": null,
        "dy_u": null
      },
      "geometry": {
        "type": "Point",
        "coordinates": [
          126.058775378886025,
          43.346666345216434
        ]
      }
    },
    {
      "type": "Feature",
      "properties": {
        "fid": 384,
        "Text": "{\\C7;327}",
        "ogr_style": "LABEL(f:\"Arial\",t:\"{\\C7;327}\",s:7.5g,p:7,c:#00ffff)",
        "font": "Arial",
        "angle": null,
        "size": 7.5,
        "size_u": "g",
        "anchor": "8",
        "color": "#7",
        "underline": 0,
        "plaintext": "327",
        "fcolor": null,
        "flnum": 0,
        "bold": null,
        "italic": null,
        "dx": null,
        "dx_u": null,
        "dy": null,
        "dy_u": null
      },
      "geometry": {
        "type": "Point",
        "coordinates": [
          126.063838822016962,
          43.347672980058121
        ]
      }
    },
    {
      "type": "Feature",
      "properties": {
        "fid": 385,
        "Text": "{\\C7;328}",
        "ogr_style": "LABEL(f:\"Arial\",t:\"{\\C7;328}\",s:7.5g,p:7,c:#00ffff)",
        "font": "Arial",
        "angle": null,
        "size": 7.5,
        "size_u": "g",
        "anchor": "8",
        "color": "#7",
        "underline": 0,
        "plaintext": "328",
        "fcolor": null,
        "flnum": 0,
        "bold": null,
        "italic": null,
        "dx": null,
        "dx_u": null,
        "dy": null,
        "dy_u": null
      },
      "geometry": {
        "type": "Point",
        "coordinates": [
          126.05943598862963,
          43.347063481383614
        ]
      }
    },
    {
      "type": "Feature",
      "properties": {
        "fid": 386,
        "Text": "{\\L\\C1;329}",
        "ogr_style": "LABEL(f:\"Arial\",t:\"{\\L\\C1;329}\",s:7.5g,p:7,c:#00ffff)",
        "font": "Arial",
        "angle": null,
        "size": 7.5,
        "size_u": "g",
        "anchor": "8",
        "color": "#1",
        "underline": 1,
        "plaintext": "329",
        "fcolor": null,
        "flnum": 0,
        "bold": null,
        "italic": null,
        "dx": null,
        "dx_u": null,
        "dy": null,
        "dy_u": null
      },
      "geometry": {
        "type": "Point",
        "coordinates": [
          126.065016154703159,
          43.347715428341729
        ]
      }
    },
    {
      "type": "Feature",
      "properties": {
        "fid": 387,
        "Text": "{\\C7;429}",
        "ogr_style": "LABEL(f:\"Arial\",t:\"{\\C7;429}\",s:7.5g,p:7,c:#00ffff)",
        "font": "Arial",
        "angle": null,
        "size": 7.5,
        "size_u": "g",
        "anchor": "8",
        "color": "#7",
        "underline": 0,
        "plaintext": "429",
        "fcolor": null,
        "flnum": 0,
        "bold": null,
        "italic": null,
        "dx": null,
        "dx_u": null,
        "dy": null,
        "dy_u": null
      },
      "geometry": {
        "type": "Point",
        "coordinates": [
          126.064637784436286,
          43.347818558010687
        ]
      }
    },
    {
      "type": "Feature",
      "properties": {
        "fid": 388,
        "Text": "{\\C7;330}",
        "ogr_style": "LABEL(f:\"Arial\",t:\"{\\C7;330}\",s:7.5g,p:7,c:#00ffff)",
        "font": "Arial",
        "angle": null,
        "size": 7.5,
        "size_u": "g",
        "anchor": "8",
        "color": "#7",
        "underline": 0,
        "plaintext": "330",
        "fcolor": null,
        "flnum": 0,
        "bold": null,
        "italic": null,
        "dx": null,
        "dx_u": null,
        "dy": null,
        "dy_u": null
      },
      "geometry": {
        "type": "Point",
        "coordinates": [
          126.060083239334389,
          43.346630468996196
        ]
      }
    },
    {
      "type": "Feature",
      "properties": {
        "fid": 389,
        "Text": "{\\C7;331}",
        "ogr_style": "LABEL(f:\"Arial\",t:\"{\\C7;331}\",s:7.5g,p:7,c:#00ffff)",
        "font": "Arial",
        "angle": null,
        "size": 7.5,
        "size_u": "g",
        "anchor": "8",
        "color": "#7",
        "underline": 0,
        "plaintext": "331",
        "fcolor": null,
        "flnum": 0,
        "bold": null,
        "italic": null,
        "dx": null,
        "dx_u": null,
        "dy": null,
        "dy_u": null
      },
      "geometry": {
        "type": "Point",
        "coordinates": [
          126.065401062580548,
          43.347719120489543
        ]
      }
    },
    {
      "type": "Feature",
      "properties": {
        "fid": 390,
        "Text": "{\\C7;332}",
        "ogr_style": "LABEL(f:\"Arial\",t:\"{\\C7;332}\",s:7.5g,p:7,c:#00ffff)",
        "font": "Arial",
        "angle": null,
        "size": 7.5,
        "size_u": "g",
        "anchor": "8",
        "color": "#7",
        "underline": 0,
        "plaintext": "332",
        "fcolor": null,
        "flnum": 0,
        "bold": null,
        "italic": null,
        "dx": null,
        "dx_u": null,
        "dy": null,
        "dy_u": null
      },
      "geometry": {
        "type": "Point",
        "coordinates": [
          126.068236445291134,
          43.347176176889036
        ]
      }
    },
    {
      "type": "Feature",
      "properties": {
        "fid": 391,
        "Text": "{\\C7;333}",
        "ogr_style": "LABEL(f:\"Arial\",t:\"{\\C7;333}\",s:7.5g,p:7,c:#00ffff)",
        "font": "Arial",
        "angle": null,
        "size": 7.5,
        "size_u": "g",
        "anchor": "8",
        "color": "#7",
        "underline": 0,
        "plaintext": "333",
        "fcolor": null,
        "flnum": 0,
        "bold": null,
        "italic": null,
        "dx": null,
        "dx_u": null,
        "dy": null,
        "dy_u": null
      },
      "geometry": {
        "type": "Point",
        "coordinates": [
          126.069309208707097,
          43.346621551559657
        ]
      }
    },
    {
      "type": "Feature",
      "properties": {
        "fid": 392,
        "Text": "{\\C7;334}",
        "ogr_style": "LABEL(f:\"Arial\",t:\"{\\C7;334}\",s:7.5g,p:7,c:#00ffff)",
        "font": "Arial",
        "angle": null,
        "size": 7.5,
        "size_u": "g",
        "anchor": "8",
        "color": "#7",
        "underline": 0,
        "plaintext": "334",
        "fcolor": null,
        "flnum": 0,
        "bold": null,
        "italic": null,
        "dx": null,
        "dx_u": null,
        "dy": null,
        "dy_u": null
      },
      "geometry": {
        "type": "Point",
        "coordinates": [
          126.069869357982355,
          43.346385314871625
        ]
      }
    },
    {
      "type": "Feature",
      "properties": {
        "fid": 393,
        "Text": "{\\L\\C1;329}",
        "ogr_style": "LABEL(f:\"Arial\",t:\"{\\L\\C1;329}\",s:7.5g,p:7,c:#00ffff)",
        "font": "Arial",
        "angle": null,
        "size": 7.5,
        "size_u": "g",
        "anchor": "8",
        "color": "#1",
        "underline": 1,
        "plaintext": "329",
        "fcolor": null,
        "flnum": 0,
        "bold": null,
        "italic": null,
        "dx": null,
        "dx_u": null,
        "dy": null,
        "dy_u": null
      },
      "geometry": {
        "type": "Point",
        "coordinates": [
          126.059734962174261,
          43.346399318985824
        ]
      }
    },
    {
      "type": "Feature",
      "properties": {
        "fid": 394,
        "Text": "{\\L\\C1;329}",
        "ogr_style": "LABEL(f:\"Arial\",t:\"{\\L\\C1;329}\",s:7.5g,p:7,c:#00ffff)",
        "font": "Arial",
        "angle": null,
        "size": 7.5,
        "size_u": "g",
        "anchor": "8",
        "color": "#1",
        "underline": 1,
        "plaintext": "329",
        "fcolor": null,
        "flnum": 0,
        "bold": null,
        "italic": null,
        "dx": null,
        "dx_u": null,
        "dy": null,
        "dy_u": null
      },
      "geometry": {
        "type": "Point",
        "coordinates": [
          126.068613177024972,
          43.346765736394147
        ]
      }
    },
    {
      "type": "Feature",
      "properties": {
        "fid": 395,
        "Text": "{\\C7;335}",
        "ogr_style": "LABEL(f:\"Arial\",t:\"{\\C7;335}\",s:7.5g,p:7,c:#00ffff)",
        "font": "Arial",
        "angle": null,
        "size": 7.5,
        "size_u": "g",
        "anchor": "8",
        "color": "#7",
        "underline": 0,
        "plaintext": "335",
        "fcolor": null,
        "flnum": 0,
        "bold": null,
        "italic": null,
        "dx": null,
        "dx_u": null,
        "dy": null,
        "dy_u": null
      },
      "geometry": {
        "type": "Point",
        "coordinates": [
          126.062586424953466,
          43.347829987614112
        ]
      }
    },
    {
      "type": "Feature",
      "properties": {
        "fid": 396,
        "Text": "{\\C7;336}",
        "ogr_style": "LABEL(f:\"Arial\",t:\"{\\C7;336}\",s:7.5g,p:7,c:#000000)",
        "font": "Arial",
        "angle": null,
        "size": 7.5,
        "size_u": "g",
        "anchor": "8",
        "color": "#7",
        "underline": 0,
        "plaintext": "336",
        "fcolor": null,
        "flnum": 0,
        "bold": null,
        "italic": null,
        "dx": null,
        "dx_u": null,
        "dy": null,
        "dy_u": null
      },
      "geometry": {
        "type": "Point",
        "coordinates": [
          126.076270768327518,
          43.345259571699614
        ]
      }
    },
    {
      "type": "Feature",
      "properties": {
        "fid": 397,
        "Text": "{\\C7;337}",
        "ogr_style": "LABEL(f:\"Arial\",t:\"{\\C7;337}\",s:7.5g,p:7,c:#000000)",
        "font": "Arial",
        "angle": null,
        "size": 7.5,
        "size_u": "g",
        "anchor": "8",
        "color": "#7",
        "underline": 0,
        "plaintext": "337",
        "fcolor": null,
        "flnum": 0,
        "bold": null,
        "italic": null,
        "dx": null,
        "dx_u": null,
        "dy": null,
        "dy_u": null
      },
      "geometry": {
        "type": "Point",
        "coordinates": [
          126.079391350255506,
          43.34525824941246
        ]
      }
    },
    {
      "type": "Feature",
      "properties": {
        "fid": 398,
        "Text": "{\\C7;338}",
        "ogr_style": "LABEL(f:\"Arial\",t:\"{\\C7;338}\",s:7.5g,p:7,c:#00ffff)",
        "font": "Arial",
        "angle": null,
        "size": 7.5,
        "size_u": "g",
        "anchor": "8",
        "color": "#7",
        "underline": 0,
        "plaintext": "338",
        "fcolor": null,
        "flnum": 0,
        "bold": null,
        "italic": null,
        "dx": null,
        "dx_u": null,
        "dy": null,
        "dy_u": null
      },
      "geometry": {
        "type": "Point",
        "coordinates": [
          126.067289303895379,
          43.347780325381841
        ]
      }
    },
    {
      "type": "Feature",
      "properties": {
        "fid": 399,
        "Text": "{\\C7;339}",
        "ogr_style": "LABEL(f:\"Arial\",t:\"{\\C7;339}\",s:7.5g,p:7,c:#00ffff)",
        "font": "Arial",
        "angle": null,
        "size": 7.5,
        "size_u": "g",
        "anchor": "8",
        "color": "#7",
        "underline": 0,
        "plaintext": "339",
        "fcolor": null,
        "flnum": 0,
        "bold": null,
        "italic": null,
        "dx": null,
        "dx_u": null,
        "dy": null,
        "dy_u": null
      },
      "geometry": {
        "type": "Point",
        "coordinates": [
          126.068253539902301,
          43.347529868694899
        ]
      }
    },
    {
      "type": "Feature",
      "properties": {
        "fid": 400,
        "Text": "{\\C7;340}",
        "ogr_style": "LABEL(f:\"Arial\",t:\"{\\C7;340}\",s:7.5g,p:7,c:#00ffff)",
        "font": "Arial",
        "angle": null,
        "size": 7.5,
        "size_u": "g",
        "anchor": "8",
        "color": "#7",
        "underline": 0,
        "plaintext": "340",
        "fcolor": null,
        "flnum": 0,
        "bold": null,
        "italic": null,
        "dx": null,
        "dx_u": null,
        "dy": null,
        "dy_u": null
      },
      "geometry": {
        "type": "Point",
        "coordinates": [
          126.068936340567646,
          43.347311329011525
        ]
      }
    },
    {
      "type": "Feature",
      "properties": {
        "fid": 401,
        "Text": "{\\C7;341}",
        "ogr_style": "LABEL(f:\"Arial\",t:\"{\\C7;341}\",s:7.5g,p:7,c:#00ffff)",
        "font": "Arial",
        "angle": null,
        "size": 7.5,
        "size_u": "g",
        "anchor": "8",
        "color": "#7",
        "underline": 0,
        "plaintext": "341",
        "fcolor": null,
        "flnum": 0,
        "bold": null,
        "italic": null,
        "dx": null,
        "dx_u": null,
        "dy": null,
        "dy_u": null
      },
      "geometry": {
        "type": "Point",
        "coordinates": [
          126.085724441267644,
          43.345576426196494
        ]
      }
    },
    {
      "type": "Feature",
      "properties": {
        "fid": 402,
        "Text": "{\\C7;342}",
        "ogr_style": "LABEL(f:\"Arial\",t:\"{\\C7;342}\",s:7.5g,p:7,c:#00ffff)",
        "font": "Arial",
        "angle": null,
        "size": 7.5,
        "size_u": "g",
        "anchor": "8",
        "color": "#7",
        "underline": 0,
        "plaintext": "342",
        "fcolor": null,
        "flnum": 0,
        "bold": null,
        "italic": null,
        "dx": null,
        "dx_u": null,
        "dy": null,
        "dy_u": null
      },
      "geometry": {
        "type": "Point",
        "coordinates": [
          126.070152674168824,
          43.346730384159073
        ]
      }
    },
    {
      "type": "Feature",
      "properties": {
        "fid": 403,
        "Text": "{\\C7;425}",
        "ogr_style": "LABEL(f:\"Arial\",t:\"{\\C7;425}\",s:7.5g,p:7,c:#000000)",
        "font": "Arial",
        "angle": null,
        "size": 7.5,
        "size_u": "g",
        "anchor": "8",
        "color": "#7",
        "underline": 0,
        "plaintext": "425",
        "fcolor": null,
        "flnum": 0,
        "bold": null,
        "italic": null,
        "dx": null,
        "dx_u": null,
        "dy": null,
        "dy_u": null
      },
      "geometry": {
        "type": "Point",
        "coordinates": [
          126.074495573440373,
          43.346108039886481
        ]
      }
    },
    {
      "type": "Feature",
      "properties": {
        "fid": 404,
        "Text": "{\\C7;345}",
        "ogr_style": "LABEL(f:\"Arial\",t:\"{\\C7;345}\",s:7.5g,p:7,c:#000000)",
        "font": "Arial",
        "angle": null,
        "size": 7.5,
        "size_u": "g",
        "anchor": "8",
        "color": "#7",
        "underline": 0,
        "plaintext": "345",
        "fcolor": null,
        "flnum": 0,
        "bold": null,
        "italic": null,
        "dx": null,
        "dx_u": null,
        "dy": null,
        "dy_u": null
      },
      "geometry": {
        "type": "Point",
        "coordinates": [
          126.074407879139201,
          43.345931705656959
        ]
      }
    },
    {
      "type": "Feature",
      "properties": {
        "fid": 405,
        "Text": "{\\C7;344}",
        "ogr_style": "LABEL(f:\"Arial\",t:\"{\\C7;344}\",s:7.5g,p:7,c:#000000)",
        "font": "Arial",
        "angle": null,
        "size": 7.5,
        "size_u": "g",
        "anchor": "8",
        "color": "#7",
        "underline": 0,
        "plaintext": "344",
        "fcolor": null,
        "flnum": 0,
        "bold": null,
        "italic": null,
        "dx": null,
        "dx_u": null,
        "dy": null,
        "dy_u": null
      },
      "geometry": {
        "type": "Point",
        "coordinates": [
          126.074167982276492,
          43.34622289058089
        ]
      }
    },
    {
      "type": "Feature",
      "properties": {
        "fid": 406,
        "Text": "{\\C7;343}",
        "ogr_style": "LABEL(f:\"Arial\",t:\"{\\C7;343}\",s:7.5g,p:7,c:#000000)",
        "font": "Arial",
        "angle": null,
        "size": 7.5,
        "size_u": "g",
        "anchor": "8",
        "color": "#7",
        "underline": 0,
        "plaintext": "343",
        "fcolor": null,
        "flnum": 0,
        "bold": null,
        "italic": null,
        "dx": null,
        "dx_u": null,
        "dy": null,
        "dy_u": null
      },
      "geometry": {
        "type": "Point",
        "coordinates": [
          126.072584645196471,
          43.346230617782965
        ]
      }
    },
    {
      "type": "Feature",
      "properties": {
        "fid": 407,
        "Text": "{\\C7;346}",
        "ogr_style": "LABEL(f:\"Arial\",t:\"{\\C7;346}\",s:7.5g,p:7,c:#00ffff)",
        "font": "Arial",
        "angle": null,
        "size": 7.5,
        "size_u": "g",
        "anchor": "8",
        "color": "#7",
        "underline": 0,
        "plaintext": "346",
        "fcolor": null,
        "flnum": 0,
        "bold": null,
        "italic": null,
        "dx": null,
        "dx_u": null,
        "dy": null,
        "dy_u": null
      },
      "geometry": {
        "type": "Point",
        "coordinates": [
          126.085554748061924,
          43.345874686977098
        ]
      }
    },
    {
      "type": "Feature",
      "properties": {
        "fid": 408,
        "Text": "{\\C7;347}",
        "ogr_style": "LABEL(f:\"Arial\",t:\"{\\C7;347}\",s:7.5g,p:7,c:#00ffff)",
        "font": "Arial",
        "angle": null,
        "size": 7.5,
        "size_u": "g",
        "anchor": "8",
        "color": "#7",
        "underline": 0,
        "plaintext": "347",
        "fcolor": null,
        "flnum": 0,
        "bold": null,
        "italic": null,
        "dx": null,
        "dx_u": null,
        "dy": null,
        "dy_u": null
      },
      "geometry": {
        "type": "Point",
        "coordinates": [
          126.085285165060355,
          43.34604445063443
        ]
      }
    },
    {
      "type": "Feature",
      "properties": {
        "fid": 409,
        "Text": "{\\C7;348}",
        "ogr_style": "LABEL(f:\"Arial\",t:\"{\\C7;348}\",s:7.5g,p:7,c:#00ffff)",
        "font": "Arial",
        "angle": null,
        "size": 7.5,
        "size_u": "g",
        "anchor": "8",
        "color": "#7",
        "underline": 0,
        "plaintext": "348",
        "fcolor": null,
        "flnum": 0,
        "bold": null,
        "italic": null,
        "dx": null,
        "dx_u": null,
        "dy": null,
        "dy_u": null
      },
      "geometry": {
        "type": "Point",
        "coordinates": [
          126.086009306940866,
          43.345928870836758
        ]
      }
    },
    {
      "type": "Feature",
      "properties": {
        "fid": 410,
        "Text": "{\\C7;349}",
        "ogr_style": "LABEL(f:\"Arial\",t:\"{\\C7;349}\",s:7.5g,p:7,c:#000000)",
        "font": "Arial",
        "angle": null,
        "size": 7.5,
        "size_u": "g",
        "anchor": "8",
        "color": "#7",
        "underline": 0,
        "plaintext": "349",
        "fcolor": null,
        "flnum": 0,
        "bold": null,
        "italic": null,
        "dx": null,
        "dx_u": null,
        "dy": null,
        "dy_u": null
      },
      "geometry": {
        "type": "Point",
        "coordinates": [
          126.080445812069371,
          43.345748912180476
        ]
      }
    },
    {
      "type": "Feature",
      "properties": {
        "fid": 411,
        "Text": "{\\C7;350}",
        "ogr_style": "LABEL(f:\"Arial\",t:\"{\\C7;350}\",s:7.5g,p:7,c:#000000)",
        "font": "Arial",
        "angle": null,
        "size": 7.5,
        "size_u": "g",
        "anchor": "8",
        "color": "#7",
        "underline": 0,
        "plaintext": "350",
        "fcolor": null,
        "flnum": 0,
        "bold": null,
        "italic": null,
        "dx": null,
        "dx_u": null,
        "dy": null,
        "dy_u": null
      },
      "geometry": {
        "type": "Point",
        "coordinates": [
          126.080234274556759,
          43.345859626974438
        ]
      }
    },
    {
      "type": "Feature",
      "properties": {
        "fid": 412,
        "Text": "{\\C7;351}",
        "ogr_style": "LABEL(f:\"Arial\",t:\"{\\C7;351}\",s:7.5g,p:7,c:#00ffff)",
        "font": "Arial",
        "angle": null,
        "size": 7.5,
        "size_u": "g",
        "anchor": "8",
        "color": "#7",
        "underline": 0,
        "plaintext": "351",
        "fcolor": null,
        "flnum": 0,
        "bold": null,
        "italic": null,
        "dx": null,
        "dx_u": null,
        "dy": null,
        "dy_u": null
      },
      "geometry": {
        "type": "Point",
        "coordinates": [
          126.086649881399566,
          43.346000259970438
        ]
      }
    },
    {
      "type": "Feature",
      "properties": {
        "fid": 413,
        "Text": "{\\C7;352}",
        "ogr_style": "LABEL(f:\"Arial\",t:\"{\\C7;352}\",s:7.5g,p:7,c:#00ffff)",
        "font": "Arial",
        "angle": null,
        "size": 7.5,
        "size_u": "g",
        "anchor": "8",
        "color": "#7",
        "underline": 0,
        "plaintext": "352",
        "fcolor": null,
        "flnum": 0,
        "bold": null,
        "italic": null,
        "dx": null,
        "dx_u": null,
        "dy": null,
        "dy_u": null
      },
      "geometry": {
        "type": "Point",
        "coordinates": [
          126.091316364174631,
          43.346633580482461
        ]
      }
    },
    {
      "type": "Feature",
      "properties": {
        "fid": 414,
        "Text": "{\\C7;353}",
        "ogr_style": "LABEL(f:\"Arial\",t:\"{\\C7;353}\",s:7.5g,p:7,c:#00ffff)",
        "font": "Arial",
        "angle": null,
        "size": 7.5,
        "size_u": "g",
        "anchor": "8",
        "color": "#7",
        "underline": 0,
        "plaintext": "353",
        "fcolor": null,
        "flnum": 0,
        "bold": null,
        "italic": null,
        "dx": null,
        "dx_u": null,
        "dy": null,
        "dy_u": null
      },
      "geometry": {
        "type": "Point",
        "coordinates": [
          126.092667605620179,
          43.346808079674041
        ]
      }
    },
    {
      "type": "Feature",
      "properties": {
        "fid": 415,
        "Text": "{\\C7;354}",
        "ogr_style": "LABEL(f:\"Arial\",t:\"{\\C7;354}\",s:7.5g,p:7,c:#00ffff)",
        "font": "Arial",
        "angle": null,
        "size": 7.5,
        "size_u": "g",
        "anchor": "8",
        "color": "#7",
        "underline": 0,
        "plaintext": "354",
        "fcolor": null,
        "flnum": 0,
        "bold": null,
        "italic": null,
        "dx": null,
        "dx_u": null,
        "dy": null,
        "dy_u": null
      },
      "geometry": {
        "type": "Point",
        "coordinates": [
          126.071097436716215,
          43.347094072488446
        ]
      }
    },
    {
      "type": "Feature",
      "properties": {
        "fid": 416,
        "Text": "{\\C7;413}",
        "ogr_style": "LABEL(f:\"Arial\",t:\"{\\C7;413}\",s:7.5g,p:7,c:#00ffff)",
        "font": "Arial",
        "angle": null,
        "size": 7.5,
        "size_u": "g",
        "anchor": "8",
        "color": "#7",
        "underline": 0,
        "plaintext": "413",
        "fcolor": null,
        "flnum": 0,
        "bold": null,
        "italic": null,
        "dx": null,
        "dx_u": null,
        "dy": null,
        "dy_u": null
      },
      "geometry": {
        "type": "Point",
        "coordinates": [
          126.057435100145241,
          43.345699666284453
        ]
      }
    },
    {
      "type": "Feature",
      "properties": {
        "fid": 417,
        "Text": "{\\C7;357}",
        "ogr_style": "LABEL(f:\"Arial\",t:\"{\\C7;357}\",s:7.5g,p:7,c:#000000)",
        "font": "Arial",
        "angle": null,
        "size": 7.5,
        "size_u": "g",
        "anchor": "8",
        "color": "#7",
        "underline": 0,
        "plaintext": "357",
        "fcolor": null,
        "flnum": 0,
        "bold": null,
        "italic": null,
        "dx": null,
        "dx_u": null,
        "dy": null,
        "dy_u": null
      },
      "geometry": {
        "type": "Point",
        "coordinates": [
          126.078161686420572,
          43.345171671128774
        ]
      }
    },
    {
      "type": "Feature",
      "properties": {
        "fid": 418,
        "Text": "{\\C7;358}",
        "ogr_style": "LABEL(f:\"Arial\",t:\"{\\C7;358}\",s:7.5g,p:7,c:#00ffff)",
        "font": "Arial",
        "angle": null,
        "size": 7.5,
        "size_u": "g",
        "anchor": "8",
        "color": "#7",
        "underline": 0,
        "plaintext": "358",
        "fcolor": null,
        "flnum": 0,
        "bold": null,
        "italic": null,
        "dx": null,
        "dx_u": null,
        "dy": null,
        "dy_u": null
      },
      "geometry": {
        "type": "Point",
        "coordinates": [
          126.056343722155788,
          43.345412798313063
        ]
      }
    },
    {
      "type": "Feature",
      "properties": {
        "fid": 419,
        "Text": "{\\C7;359}",
        "ogr_style": "LABEL(f:\"Arial\",t:\"{\\C7;359}\",s:7.5g,p:7,c:#00ffff)",
        "font": "Arial",
        "angle": null,
        "size": 7.5,
        "size_u": "g",
        "anchor": "8",
        "color": "#7",
        "underline": 0,
        "plaintext": "359",
        "fcolor": null,
        "flnum": 0,
        "bold": null,
        "italic": null,
        "dx": null,
        "dx_u": null,
        "dy": null,
        "dy_u": null
      },
      "geometry": {
        "type": "Point",
        "coordinates": [
          126.051866366944353,
          43.349438081892295
        ]
      }
    },
    {
      "type": "Feature",
      "properties": {
        "fid": 420,
        "Text": "{\\C7;360}",
        "ogr_style": "LABEL(f:\"Arial\",t:\"{\\C7;360}\",s:7.5g,p:7,c:#00ffff)",
        "font": "Arial",
        "angle": null,
        "size": 7.5,
        "size_u": "g",
        "anchor": "8",
        "color": "#7",
        "underline": 0,
        "plaintext": "360",
        "fcolor": null,
        "flnum": 0,
        "bold": null,
        "italic": null,
        "dx": null,
        "dx_u": null,
        "dy": null,
        "dy_u": null
      },
      "geometry": {
        "type": "Point",
        "coordinates": [
          126.053479891274733,
          43.349154040777108
        ]
      }
    },
    {
      "type": "Feature",
      "properties": {
        "fid": 421,
        "Text": "{\\C7;362}",
        "ogr_style": "LABEL(f:\"Arial\",t:\"{\\C7;362}\",s:7.5g,p:7,c:#00ffff)",
        "font": "Arial",
        "angle": null,
        "size": 7.5,
        "size_u": "g",
        "anchor": "8",
        "color": "#7",
        "underline": 0,
        "plaintext": "362",
        "fcolor": null,
        "flnum": 0,
        "bold": null,
        "italic": null,
        "dx": null,
        "dx_u": null,
        "dy": null,
        "dy_u": null
      },
      "geometry": {
        "type": "Point",
        "coordinates": [
          126.053956150622838,
          43.349167576132267
        ]
      }
    },
    {
      "type": "Feature",
      "properties": {
        "fid": 422,
        "Text": "{\\C7;361}",
        "ogr_style": "LABEL(f:\"Arial\",t:\"{\\C7;361}\",s:7.5g,p:7,c:#00ffff)",
        "font": "Arial",
        "angle": null,
        "size": 7.5,
        "size_u": "g",
        "anchor": "8",
        "color": "#7",
        "underline": 0,
        "plaintext": "361",
        "fcolor": null,
        "flnum": 0,
        "bold": null,
        "italic": null,
        "dx": null,
        "dx_u": null,
        "dy": null,
        "dy_u": null
      },
      "geometry": {
        "type": "Point",
        "coordinates": [
          126.051429922673563,
          43.349035216568012
        ]
      }
    },
    {
      "type": "Feature",
      "properties": {
        "fid": 423,
        "Text": "{\\C7;363}",
        "ogr_style": "LABEL(f:\"Arial\",t:\"{\\C7;363}\",s:7.5g,p:7,c:#00ffff)",
        "font": "Arial",
        "angle": null,
        "size": 7.5,
        "size_u": "g",
        "anchor": "8",
        "color": "#7",
        "underline": 0,
        "plaintext": "363",
        "fcolor": null,
        "flnum": 0,
        "bold": null,
        "italic": null,
        "dx": null,
        "dx_u": null,
        "dy": null,
        "dy_u": null
      },
      "geometry": {
        "type": "Point",
        "coordinates": [
          126.054930107241361,
          43.348464309344429
        ]
      }
    },
    {
      "type": "Feature",
      "properties": {
        "fid": 424,
        "Text": "{\\C7;366}",
        "ogr_style": "LABEL(f:\"Arial\",t:\"{\\C7;366}\",s:7.5g,p:7,c:#00ffff)",
        "font": "Arial",
        "angle": null,
        "size": 7.5,
        "size_u": "g",
        "anchor": "8",
        "color": "#7",
        "underline": 0,
        "plaintext": "366",
        "fcolor": null,
        "flnum": 0,
        "bold": null,
        "italic": null,
        "dx": null,
        "dx_u": null,
        "dy": null,
        "dy_u": null
      },
      "geometry": {
        "type": "Point",
        "coordinates": [
          126.073048521379107,
          43.344585533632852
        ]
      }
    },
    {
      "type": "Feature",
      "properties": {
        "fid": 425,
        "Text": "{\\C7;367}",
        "ogr_style": "LABEL(f:\"Arial\",t:\"{\\C7;367}\",s:7.5g,p:7,c:#00ffff)",
        "font": "Arial",
        "angle": null,
        "size": 7.5,
        "size_u": "g",
        "anchor": "8",
        "color": "#7",
        "underline": 0,
        "plaintext": "367",
        "fcolor": null,
        "flnum": 0,
        "bold": null,
        "italic": null,
        "dx": null,
        "dx_u": null,
        "dy": null,
        "dy_u": null
      },
      "geometry": {
        "type": "Point",
        "coordinates": [
          126.070588129768666,
          43.344374446795555
        ]
      }
    },
    {
      "type": "Feature",
      "properties": {
        "fid": 426,
        "Text": "{\\C7;368}",
        "ogr_style": "LABEL(f:\"Arial\",t:\"{\\C7;368}\",s:7.5g,p:7,c:#00ffff)",
        "font": "Arial",
        "angle": null,
        "size": 7.5,
        "size_u": "g",
        "anchor": "8",
        "color": "#7",
        "underline": 0,
        "plaintext": "368",
        "fcolor": null,
        "flnum": 0,
        "bold": null,
        "italic": null,
        "dx": null,
        "dx_u": null,
        "dy": null,
        "dy_u": null
      },
      "geometry": {
        "type": "Point",
        "coordinates": [
          126.07231430609707,
          43.344587021924227
        ]
      }
    },
    {
      "type": "Feature",
      "properties": {
        "fid": 427,
        "Text": "{\\C7;369}",
        "ogr_style": "LABEL(f:\"Arial\",t:\"{\\C7;369}\",s:7.5g,p:7,c:#00ffff)",
        "font": "Arial",
        "angle": null,
        "size": 7.5,
        "size_u": "g",
        "anchor": "8",
        "color": "#7",
        "underline": 0,
        "plaintext": "369",
        "fcolor": null,
        "flnum": 0,
        "bold": null,
        "italic": null,
        "dx": null,
        "dx_u": null,
        "dy": null,
        "dy_u": null
      },
      "geometry": {
        "type": "Point",
        "coordinates": [
          126.06976539043184,
          43.34484773800996
        ]
      }
    },
    {
      "type": "Feature",
      "properties": {
        "fid": 428,
        "Text": "{\\C7;370}",
        "ogr_style": "LABEL(f:\"Arial\",t:\"{\\C7;370}\",s:7.5g,p:7,c:#00ffff)",
        "font": "Arial",
        "angle": null,
        "size": 7.5,
        "size_u": "g",
        "anchor": "8",
        "color": "#7",
        "underline": 0,
        "plaintext": "370",
        "fcolor": null,
        "flnum": 0,
        "bold": null,
        "italic": null,
        "dx": null,
        "dx_u": null,
        "dy": null,
        "dy_u": null
      },
      "geometry": {
        "type": "Point",
        "coordinates": [
          126.071723870154742,
          43.344104234860552
        ]
      }
    },
    {
      "type": "Feature",
      "properties": {
        "fid": 429,
        "Text": "{\\C7;371}",
        "ogr_style": "LABEL(f:\"Arial\",t:\"{\\C7;371}\",s:7.5g,p:7,c:#00ffff)",
        "font": "Arial",
        "angle": null,
        "size": 7.5,
        "size_u": "g",
        "anchor": "8",
        "color": "#7",
        "underline": 0,
        "plaintext": "371",
        "fcolor": null,
        "flnum": 0,
        "bold": null,
        "italic": null,
        "dx": null,
        "dx_u": null,
        "dy": null,
        "dy_u": null
      },
      "geometry": {
        "type": "Point",
        "coordinates": [
          126.066301419678254,
          43.346208108217247
        ]
      }
    },
    {
      "type": "Feature",
      "properties": {
        "fid": 430,
        "Text": "{\\C7;372}",
        "ogr_style": "LABEL(f:\"Arial\",t:\"{\\C7;372}\",s:7.5g,p:7,c:#00ffff)",
        "font": "Arial",
        "angle": null,
        "size": 7.5,
        "size_u": "g",
        "anchor": "8",
        "color": "#7",
        "underline": 0,
        "plaintext": "372",
        "fcolor": null,
        "flnum": 0,
        "bold": null,
        "italic": null,
        "dx": null,
        "dx_u": null,
        "dy": null,
        "dy_u": null
      },
      "geometry": {
        "type": "Point",
        "coordinates": [
          126.063926137327343,
          43.347378825412392
        ]
      }
    },
    {
      "type": "Feature",
      "properties": {
        "fid": 431,
        "Text": "{\\C7;373}",
        "ogr_style": "LABEL(f:\"Arial\",t:\"{\\C7;373}\",s:7.5g,p:7,c:#00ffff)",
        "font": "Arial",
        "angle": null,
        "size": 7.5,
        "size_u": "g",
        "anchor": "8",
        "color": "#7",
        "underline": 0,
        "plaintext": "373",
        "fcolor": null,
        "flnum": 0,
        "bold": null,
        "italic": null,
        "dx": null,
        "dx_u": null,
        "dy": null,
        "dy_u": null
      },
      "geometry": {
        "type": "Point",
        "coordinates": [
          126.077439862957732,
          43.34354040330939
        ]
      }
    },
    {
      "type": "Feature",
      "properties": {
        "fid": 432,
        "Text": "{\\C7;374}",
        "ogr_style": "LABEL(f:\"Arial\",t:\"{\\C7;374}\",s:7.5g,p:7,c:#00ffff)",
        "font": "Arial",
        "angle": null,
        "size": 7.5,
        "size_u": "g",
        "anchor": "8",
        "color": "#7",
        "underline": 0,
        "plaintext": "374",
        "fcolor": null,
        "flnum": 0,
        "bold": null,
        "italic": null,
        "dx": null,
        "dx_u": null,
        "dy": null,
        "dy_u": null
      },
      "geometry": {
        "type": "Point",
        "coordinates": [
          126.037068077871027,
          43.347045068718721
        ]
      }
    },
    {
      "type": "Feature",
      "properties": {
        "fid": 433,
        "Text": "{\\C7;375}",
        "ogr_style": "LABEL(f:\"Arial\",t:\"{\\C7;375}\",s:7.5g,p:7,c:#00ffff)",
        "font": "Arial",
        "angle": null,
        "size": 7.5,
        "size_u": "g",
        "anchor": "8",
        "color": "#7",
        "underline": 0,
        "plaintext": "375",
        "fcolor": null,
        "flnum": 0,
        "bold": null,
        "italic": null,
        "dx": null,
        "dx_u": null,
        "dy": null,
        "dy_u": null
      },
      "geometry": {
        "type": "Point",
        "coordinates": [
          126.037335077702068,
          43.346790730506044
        ]
      }
    },
    {
      "type": "Feature",
      "properties": {
        "fid": 434,
        "Text": "{\\C7;377}",
        "ogr_style": "LABEL(f:\"Arial\",t:\"{\\C7;377}\",s:7.5g,p:7,c:#00ffff)",
        "font": "Arial",
        "angle": null,
        "size": 7.5,
        "size_u": "g",
        "anchor": "8",
        "color": "#7",
        "underline": 0,
        "plaintext": "377",
        "fcolor": null,
        "flnum": 0,
        "bold": null,
        "italic": null,
        "dx": null,
        "dx_u": null,
        "dy": null,
        "dy_u": null
      },
      "geometry": {
        "type": "Point",
        "coordinates": [
          126.039855162907486,
          43.344901596502162
        ]
      }
    },
    {
      "type": "Feature",
      "properties": {
        "fid": 435,
        "Text": "{\\C7;376}",
        "ogr_style": "LABEL(f:\"Arial\",t:\"{\\C7;376}\",s:7.5g,p:7,c:#00ffff)",
        "font": "Arial",
        "angle": null,
        "size": 7.5,
        "size_u": "g",
        "anchor": "8",
        "color": "#7",
        "underline": 0,
        "plaintext": "376",
        "fcolor": null,
        "flnum": 0,
        "bold": null,
        "italic": null,
        "dx": null,
        "dx_u": null,
        "dy": null,
        "dy_u": null
      },
      "geometry": {
        "type": "Point",
        "coordinates": [
          126.037800260694013,
          43.347386796238922
        ]
      }
    },
    {
      "type": "Feature",
      "properties": {
        "fid": 436,
        "Text": "{\\C7;379}",
        "ogr_style": "LABEL(f:\"Arial\",t:\"{\\C7;379}\",s:7.5g,p:7,c:#00ffff)",
        "font": "Arial",
        "angle": null,
        "size": 7.5,
        "size_u": "g",
        "anchor": "8",
        "color": "#7",
        "underline": 0,
        "plaintext": "379",
        "fcolor": null,
        "flnum": 0,
        "bold": null,
        "italic": null,
        "dx": null,
        "dx_u": null,
        "dy": null,
        "dy_u": null
      },
      "geometry": {
        "type": "Point",
        "coordinates": [
          126.041763111944348,
          43.34521569188783
        ]
      }
    },
    {
      "type": "Feature",
      "properties": {
        "fid": 437,
        "Text": "{\\C7;380}",
        "ogr_style": "LABEL(f:\"Arial\",t:\"{\\C7;380}\",s:7.5g,p:7,c:#00ffff)",
        "font": "Arial",
        "angle": null,
        "size": 7.5,
        "size_u": "g",
        "anchor": "8",
        "color": "#7",
        "underline": 0,
        "plaintext": "380",
        "fcolor": null,
        "flnum": 0,
        "bold": null,
        "italic": null,
        "dx": null,
        "dx_u": null,
        "dy": null,
        "dy_u": null
      },
      "geometry": {
        "type": "Point",
        "coordinates": [
          126.048691395286042,
          43.34754519729578
        ]
      }
    },
    {
      "type": "Feature",
      "properties": {
        "fid": 438,
        "Text": "{\\C7;381}",
        "ogr_style": "LABEL(f:\"Arial\",t:\"{\\C7;381}\",s:7.5g,p:7,c:#00ffff)",
        "font": "Arial",
        "angle": null,
        "size": 7.5,
        "size_u": "g",
        "anchor": "8",
        "color": "#7",
        "underline": 0,
        "plaintext": "381",
        "fcolor": null,
        "flnum": 0,
        "bold": null,
        "italic": null,
        "dx": null,
        "dx_u": null,
        "dy": null,
        "dy_u": null
      },
      "geometry": {
        "type": "Point",
        "coordinates": [
          126.048027062795171,
          43.347985432691623
        ]
      }
    },
    {
      "type": "Feature",
      "properties": {
        "fid": 439,
        "Text": "{\\C7;382}",
        "ogr_style": "LABEL(f:\"Arial\",t:\"{\\C7;382}\",s:7.5g,p:7,c:#00ffff)",
        "font": "Arial",
        "angle": null,
        "size": 7.5,
        "size_u": "g",
        "anchor": "8",
        "color": "#7",
        "underline": 0,
        "plaintext": "382",
        "fcolor": null,
        "flnum": 0,
        "bold": null,
        "italic": null,
        "dx": null,
        "dx_u": null,
        "dy": null,
        "dy_u": null
      },
      "geometry": {
        "type": "Point",
        "coordinates": [
          126.047601313718445,
          43.34890479572131
        ]
      }
    },
    {
      "type": "Feature",
      "properties": {
        "fid": 440,
        "Text": "{\\L\\C1;383}",
        "ogr_style": "LABEL(f:\"Arial\",t:\"{\\L\\C1;383}\",s:10g,p:7,c:#00ffff)",
        "font": "Arial",
        "angle": null,
        "size": 10.0,
        "size_u": "g",
        "anchor": "8",
        "color": "#1",
        "underline": 1,
        "plaintext": "383",
        "fcolor": null,
        "flnum": 0,
        "bold": null,
        "italic": null,
        "dx": null,
        "dx_u": null,
        "dy": null,
        "dy_u": null
      },
      "geometry": {
        "type": "Point",
        "coordinates": [
          126.047358577487827,
          43.348738503159595
        ]
      }
    },
    {
      "type": "Feature",
      "properties": {
        "fid": 441,
        "Text": "{\\C7;384}",
        "ogr_style": "LABEL(f:\"Arial\",t:\"{\\C7;384}\",s:7.5g,p:7,c:#00ffff)",
        "font": "Arial",
        "angle": null,
        "size": 7.5,
        "size_u": "g",
        "anchor": "8",
        "color": "#7",
        "underline": 0,
        "plaintext": "384",
        "fcolor": null,
        "flnum": 0,
        "bold": null,
        "italic": null,
        "dx": null,
        "dx_u": null,
        "dy": null,
        "dy_u": null
      },
      "geometry": {
        "type": "Point",
        "coordinates": [
          126.048456112224756,
          43.348496059404219
        ]
      }
    },
    {
      "type": "Feature",
      "properties": {
        "fid": 442,
        "Text": "{\\C7;385}",
        "ogr_style": "LABEL(f:\"Arial\",t:\"{\\C7;385}\",s:7.5g,p:7,c:#00ffff)",
        "font": "Arial",
        "angle": null,
        "size": 7.5,
        "size_u": "g",
        "anchor": "8",
        "color": "#7",
        "underline": 0,
        "plaintext": "385",
        "fcolor": null,
        "flnum": 0,
        "bold": null,
        "italic": null,
        "dx": null,
        "dx_u": null,
        "dy": null,
        "dy_u": null
      },
      "geometry": {
        "type": "Point",
        "coordinates": [
          126.048768088505895,
          43.349454763280328
        ]
      }
    },
    {
      "type": "Feature",
      "properties": {
        "fid": 443,
        "Text": "{\\C7;386}",
        "ogr_style": "LABEL(f:\"Arial\",t:\"{\\C7;386}\",s:7.5g,p:7,c:#00ffff)",
        "font": "Arial",
        "angle": null,
        "size": 7.5,
        "size_u": "g",
        "anchor": "8",
        "color": "#7",
        "underline": 0,
        "plaintext": "386",
        "fcolor": null,
        "flnum": 0,
        "bold": null,
        "italic": null,
        "dx": null,
        "dx_u": null,
        "dy": null,
        "dy_u": null
      },
      "geometry": {
        "type": "Point",
        "coordinates": [
          126.050911711048073,
          43.351202004043323
        ]
      }
    },
    {
      "type": "Feature",
      "properties": {
        "fid": 444,
        "Text": "{\\C7;387}",
        "ogr_style": "LABEL(f:\"Arial\",t:\"{\\C7;387}\",s:7.5g,p:7,c:#00ffff)",
        "font": "Arial",
        "angle": null,
        "size": 7.5,
        "size_u": "g",
        "anchor": "8",
        "color": "#7",
        "underline": 0,
        "plaintext": "387",
        "fcolor": null,
        "flnum": 0,
        "bold": null,
        "italic": null,
        "dx": null,
        "dx_u": null,
        "dy": null,
        "dy_u": null
      },
      "geometry": {
        "type": "Point",
        "coordinates": [
          126.049969613108217,
          43.352228130356337
        ]
      }
    },
    {
      "type": "Feature",
      "properties": {
        "fid": 445,
        "Text": "{\\C7;388}",
        "ogr_style": "LABEL(f:\"Arial\",t:\"{\\C7;388}\",s:7.5g,p:7,c:#00ffff)",
        "font": "Arial",
        "angle": null,
        "size": 7.5,
        "size_u": "g",
        "anchor": "8",
        "color": "#7",
        "underline": 0,
        "plaintext": "388",
        "fcolor": null,
        "flnum": 0,
        "bold": null,
        "italic": null,
        "dx": null,
        "dx_u": null,
        "dy": null,
        "dy_u": null
      },
      "geometry": {
        "type": "Point",
        "coordinates": [
          126.04965517187749,
          43.352268089245946
        ]
      }
    },
    {
      "type": "Feature",
      "properties": {
        "fid": 446,
        "Text": "{\\C7;389}",
        "ogr_style": "LABEL(f:\"Arial\",t:\"{\\C7;389}\",s:7.5g,p:7,c:#00ffff)",
        "font": "Arial",
        "angle": null,
        "size": 7.5,
        "size_u": "g",
        "anchor": "8",
        "color": "#7",
        "underline": 0,
        "plaintext": "389",
        "fcolor": null,
        "flnum": 0,
        "bold": null,
        "italic": null,
        "dx": null,
        "dx_u": null,
        "dy": null,
        "dy_u": null
      },
      "geometry": {
        "type": "Point",
        "coordinates": [
          126.050859623764538,
          43.353582981477551
        ]
      }
    },
    {
      "type": "Feature",
      "properties": {
        "fid": 447,
        "Text": "{\\C7;390}",
        "ogr_style": "LABEL(f:\"Arial\",t:\"{\\C7;390}\",s:7.5g,p:7,c:#00ffff)",
        "font": "Arial",
        "angle": null,
        "size": 7.5,
        "size_u": "g",
        "anchor": "8",
        "color": "#7",
        "underline": 0,
        "plaintext": "390",
        "fcolor": null,
        "flnum": 0,
        "bold": null,
        "italic": null,
        "dx": null,
        "dx_u": null,
        "dy": null,
        "dy_u": null
      },
      "geometry": {
        "type": "Point",
        "coordinates": [
          126.050948170865183,
          43.353832694516356
        ]
      }
    },
    {
      "type": "Feature",
      "properties": {
        "fid": 448,
        "Text": "{\\C7;391}",
        "ogr_style": "LABEL(f:\"Arial\",t:\"{\\C7;391}\",s:7.5g,p:7,c:#00ffff)",
        "font": "Arial",
        "angle": null,
        "size": 7.5,
        "size_u": "g",
        "anchor": "8",
        "color": "#7",
        "underline": 0,
        "plaintext": "391",
        "fcolor": null,
        "flnum": 0,
        "bold": null,
        "italic": null,
        "dx": null,
        "dx_u": null,
        "dy": null,
        "dy_u": null
      },
      "geometry": {
        "type": "Point",
        "coordinates": [
          126.053822124047457,
          43.348594946404603
        ]
      }
    },
    {
      "type": "Feature",
      "properties": {
        "fid": 449,
        "Text": "{\\C7;392}",
        "ogr_style": "LABEL(f:\"Arial\",t:\"{\\C7;392}\",s:7.5g,p:7,c:#00ffff)",
        "font": "Arial",
        "angle": null,
        "size": 7.5,
        "size_u": "g",
        "anchor": "8",
        "color": "#7",
        "underline": 0,
        "plaintext": "392",
        "fcolor": null,
        "flnum": 0,
        "bold": null,
        "italic": null,
        "dx": null,
        "dx_u": null,
        "dy": null,
        "dy_u": null
      },
      "geometry": {
        "type": "Point",
        "coordinates": [
          126.045944914889446,
          43.354538740287211
        ]
      }
    },
    {
      "type": "Feature",
      "properties": {
        "fid": 450,
        "Text": "{\\C7;393}",
        "ogr_style": "LABEL(f:\"Arial\",t:\"{\\C7;393}\",s:7.5g,p:7,c:#00ffff)",
        "font": "Arial",
        "angle": null,
        "size": 7.5,
        "size_u": "g",
        "anchor": "8",
        "color": "#7",
        "underline": 0,
        "plaintext": "393",
        "fcolor": null,
        "flnum": 0,
        "bold": null,
        "italic": null,
        "dx": null,
        "dx_u": null,
        "dy": null,
        "dy_u": null
      },
      "geometry": {
        "type": "Point",
        "coordinates": [
          126.051654164506502,
          43.353709535364985
        ]
      }
    },
    {
      "type": "Feature",
      "properties": {
        "fid": 451,
        "Text": "{\\C7;394}",
        "ogr_style": "LABEL(f:\"Arial\",t:\"{\\C7;394}\",s:7.5g,p:7,c:#00ffff)",
        "font": "Arial",
        "angle": null,
        "size": 7.5,
        "size_u": "g",
        "anchor": "8",
        "color": "#7",
        "underline": 0,
        "plaintext": "394",
        "fcolor": null,
        "flnum": 0,
        "bold": null,
        "italic": null,
        "dx": null,
        "dx_u": null,
        "dy": null,
        "dy_u": null
      },
      "geometry": {
        "type": "Point",
        "coordinates": [
          126.040847626057499,
          43.352094512178269
        ]
      }
    },
    {
      "type": "Feature",
      "properties": {
        "fid": 452,
        "Text": "{\\C7;395}",
        "ogr_style": "LABEL(f:\"Arial\",t:\"{\\C7;395}\",s:7.5g,p:7,c:#00ffff)",
        "font": "Arial",
        "angle": null,
        "size": 7.5,
        "size_u": "g",
        "anchor": "8",
        "color": "#7",
        "underline": 0,
        "plaintext": "395",
        "fcolor": null,
        "flnum": 0,
        "bold": null,
        "italic": null,
        "dx": null,
        "dx_u": null,
        "dy": null,
        "dy_u": null
      },
      "geometry": {
        "type": "Point",
        "coordinates": [
          126.044601369262239,
          43.351183833451479
        ]
      }
    },
    {
      "type": "Feature",
      "properties": {
        "fid": 453,
        "Text": "{\\C7;396}",
        "ogr_style": "LABEL(f:\"Arial\",t:\"{\\C7;396}\",s:7.5g,p:7,c:#00ffff)",
        "font": "Arial",
        "angle": null,
        "size": 7.5,
        "size_u": "g",
        "anchor": "8",
        "color": "#7",
        "underline": 0,
        "plaintext": "396",
        "fcolor": null,
        "flnum": 0,
        "bold": null,
        "italic": null,
        "dx": null,
        "dx_u": null,
        "dy": null,
        "dy_u": null
      },
      "geometry": {
        "type": "Point",
        "coordinates": [
          126.044142126840811,
          43.351236790014831
        ]
      }
    },
    {
      "type": "Feature",
      "properties": {
        "fid": 454,
        "Text": "{\\C7;364}",
        "ogr_style": "LABEL(f:\"Arial\",t:\"{\\C7;364}\",s:7.5g,p:7,c:#00ffff)",
        "font": "Arial",
        "angle": null,
        "size": 7.5,
        "size_u": "g",
        "anchor": "8",
        "color": "#7",
        "underline": 0,
        "plaintext": "364",
        "fcolor": null,
        "flnum": 0,
        "bold": null,
        "italic": null,
        "dx": null,
        "dx_u": null,
        "dy": null,
        "dy_u": null
      },
      "geometry": {
        "type": "Point",
        "coordinates": [
          126.050770512618257,
          43.349921088210245
        ]
      }
    },
    {
      "type": "Feature",
      "properties": {
        "fid": 455,
        "Text": "{\\C7;397}",
        "ogr_style": "LABEL(f:\"Arial\",t:\"{\\C7;397}\",s:7.5g,p:7,c:#00ffff)",
        "font": "Arial",
        "angle": null,
        "size": 7.5,
        "size_u": "g",
        "anchor": "8",
        "color": "#7",
        "underline": 0,
        "plaintext": "397",
        "fcolor": null,
        "flnum": 0,
        "bold": null,
        "italic": null,
        "dx": null,
        "dx_u": null,
        "dy": null,
        "dy_u": null
      },
      "geometry": {
        "type": "Point",
        "coordinates": [
          126.047616823023262,
          43.350704190382139
        ]
      }
    },
    {
      "type": "Feature",
      "properties": {
        "fid": 456,
        "Text": "{\\C7;398}",
        "ogr_style": "LABEL(f:\"Arial\",t:\"{\\C7;398}\",s:7.5g,p:7,c:#00ffff)",
        "font": "Arial",
        "angle": null,
        "size": 7.5,
        "size_u": "g",
        "anchor": "8",
        "color": "#7",
        "underline": 0,
        "plaintext": "398",
        "fcolor": null,
        "flnum": 0,
        "bold": null,
        "italic": null,
        "dx": null,
        "dx_u": null,
        "dy": null,
        "dy_u": null
      },
      "geometry": {
        "type": "Point",
        "coordinates": [
          126.049027073717411,
          43.350558680069476
        ]
      }
    },
    {
      "type": "Feature",
      "properties": {
        "fid": 457,
        "Text": "{\\C7;399}",
        "ogr_style": "LABEL(f:\"Arial\",t:\"{\\C7;399}\",s:7.5g,p:7,c:#00ffff)",
        "font": "Arial",
        "angle": null,
        "size": 7.5,
        "size_u": "g",
        "anchor": "8",
        "color": "#7",
        "underline": 0,
        "plaintext": "399",
        "fcolor": null,
        "flnum": 0,
        "bold": null,
        "italic": null,
        "dx": null,
        "dx_u": null,
        "dy": null,
        "dy_u": null
      },
      "geometry": {
        "type": "Point",
        "coordinates": [
          126.049578135748604,
          43.350475821227455
        ]
      }
    },
    {
      "type": "Feature",
      "properties": {
        "fid": 458,
        "Text": "{\\C7;400}",
        "ogr_style": "LABEL(f:\"Arial\",t:\"{\\C7;400}\",s:7.5g,p:7,c:#00ffff)",
        "font": "Arial",
        "angle": null,
        "size": 7.5,
        "size_u": "g",
        "anchor": "8",
        "color": "#7",
        "underline": 0,
        "plaintext": "400",
        "fcolor": null,
        "flnum": 0,
        "bold": null,
        "italic": null,
        "dx": null,
        "dx_u": null,
        "dy": null,
        "dy_u": null
      },
      "geometry": {
        "type": "Point",
        "coordinates": [
          126.046333079132481,
          43.351307035611761
        ]
      }
    },
    {
      "type": "Feature",
      "properties": {
        "fid": 459,
        "Text": "{\\C7;401}",
        "ogr_style": "LABEL(f:\"Arial\",t:\"{\\C7;401}\",s:7.5g,p:7,c:#00ffff)",
        "font": "Arial",
        "angle": null,
        "size": 7.5,
        "size_u": "g",
        "anchor": "8",
        "color": "#7",
        "underline": 0,
        "plaintext": "401",
        "fcolor": null,
        "flnum": 0,
        "bold": null,
        "italic": null,
        "dx": null,
        "dx_u": null,
        "dy": null,
        "dy_u": null
      },
      "geometry": {
        "type": "Point",
        "coordinates": [
          126.046961521964533,
          43.351275094704057
        ]
      }
    },
    {
      "type": "Feature",
      "properties": {
        "fid": 460,
        "Text": "{\\C7;402}",
        "ogr_style": "LABEL(f:\"Arial\",t:\"{\\C7;402}\",s:7.5g,p:7,c:#00ffff)",
        "font": "Arial",
        "angle": null,
        "size": 7.5,
        "size_u": "g",
        "anchor": "8",
        "color": "#7",
        "underline": 0,
        "plaintext": "402",
        "fcolor": null,
        "flnum": 0,
        "bold": null,
        "italic": null,
        "dx": null,
        "dx_u": null,
        "dy": null,
        "dy_u": null
      },
      "geometry": {
        "type": "Point",
        "coordinates": [
          126.047180274760279,
          43.35154569401886
        ]
      }
    },
    {
      "type": "Feature",
      "properties": {
        "fid": 461,
        "Text": "{\\C7;403}",
        "ogr_style": "LABEL(f:\"Arial\",t:\"{\\C7;403}\",s:7.5g,p:7,c:#00ffff)",
        "font": "Arial",
        "angle": null,
        "size": 7.5,
        "size_u": "g",
        "anchor": "8",
        "color": "#7",
        "underline": 0,
        "plaintext": "403",
        "fcolor": null,
        "flnum": 0,
        "bold": null,
        "italic": null,
        "dx": null,
        "dx_u": null,
        "dy": null,
        "dy_u": null
      },
      "geometry": {
        "type": "Point",
        "coordinates": [
          126.048970878254678,
          43.350956922047487
        ]
      }
    },
    {
      "type": "Feature",
      "properties": {
        "fid": 462,
        "Text": "{\\C7;404}",
        "ogr_style": "LABEL(f:\"Arial\",t:\"{\\C7;404}\",s:7.5g,p:7,c:#00ffff)",
        "font": "Arial",
        "angle": null,
        "size": 7.5,
        "size_u": "g",
        "anchor": "8",
        "color": "#7",
        "underline": 0,
        "plaintext": "404",
        "fcolor": null,
        "flnum": 0,
        "bold": null,
        "italic": null,
        "dx": null,
        "dx_u": null,
        "dy": null,
        "dy_u": null
      },
      "geometry": {
        "type": "Point",
        "coordinates": [
          126.035183630526092,
          43.353381506244318
        ]
      }
    },
    {
      "type": "Feature",
      "properties": {
        "fid": 463,
        "Text": "{\\C7;405}",
        "ogr_style": "LABEL(f:\"Arial\",t:\"{\\C7;405}\",s:7.5g,p:7,c:#00ffff)",
        "font": "Arial",
        "angle": null,
        "size": 7.5,
        "size_u": "g",
        "anchor": "8",
        "color": "#7",
        "underline": 0,
        "plaintext": "405",
        "fcolor": null,
        "flnum": 0,
        "bold": null,
        "italic": null,
        "dx": null,
        "dx_u": null,
        "dy": null,
        "dy_u": null
      },
      "geometry": {
        "type": "Point",
        "coordinates": [
          126.036532279468844,
          43.344993437690654
        ]
      }
    },
    {
      "type": "Feature",
      "properties": {
        "fid": 464,
        "Text": "{\\C7;405}",
        "ogr_style": "LABEL(f:\"Arial\",t:\"{\\C7;405}\",s:7.5g,p:7,c:#00ffff)",
        "font": "Arial",
        "angle": null,
        "size": 7.5,
        "size_u": "g",
        "anchor": "8",
        "color": "#7",
        "underline": 0,
        "plaintext": "405",
        "fcolor": null,
        "flnum": 0,
        "bold": null,
        "italic": null,
        "dx": null,
        "dx_u": null,
        "dy": null,
        "dy_u": null
      },
      "geometry": {
        "type": "Point",
        "coordinates": [
          126.038038135542777,
          43.345266054677772
        ]
      }
    },
    {
      "type": "Feature",
      "properties": {
        "fid": 465,
        "Text": "{\\C7;407}",
        "ogr_style": "LABEL(f:\"Arial\",t:\"{\\C7;407}\",s:7.5g,p:7,c:#00ffff)",
        "font": "Arial",
        "angle": null,
        "size": 7.5,
        "size_u": "g",
        "anchor": "8",
        "color": "#7",
        "underline": 0,
        "plaintext": "407",
        "fcolor": null,
        "flnum": 0,
        "bold": null,
        "italic": null,
        "dx": null,
        "dx_u": null,
        "dy": null,
        "dy_u": null
      },
      "geometry": {
        "type": "Point",
        "coordinates": [
          126.066243911856247,
          43.35010543570364
        ]
      }
    },
    {
      "type": "Feature",
      "properties": {
        "fid": 466,
        "Text": "{\\C7;408}",
        "ogr_style": "LABEL(f:\"Arial\",t:\"{\\C7;408}\",s:7.5g,p:7,c:#00ffff)",
        "font": "Arial",
        "angle": null,
        "size": 7.5,
        "size_u": "g",
        "anchor": "8",
        "color": "#7",
        "underline": 0,
        "plaintext": "408",
        "fcolor": null,
        "flnum": 0,
        "bold": null,
        "italic": null,
        "dx": null,
        "dx_u": null,
        "dy": null,
        "dy_u": null
      },
      "geometry": {
        "type": "Point",
        "coordinates": [
          126.059859877154977,
          43.347544901762255
        ]
      }
    },
    {
      "type": "Feature",
      "properties": {
        "fid": 467,
        "Text": "{\\C7;409}",
        "ogr_style": "LABEL(f:\"Arial\",t:\"{\\C7;409}\",s:7.5g,p:7,c:#00ffff)",
        "font": "Arial",
        "angle": null,
        "size": 7.5,
        "size_u": "g",
        "anchor": "8",
        "color": "#7",
        "underline": 0,
        "plaintext": "409",
        "fcolor": null,
        "flnum": 0,
        "bold": null,
        "italic": null,
        "dx": null,
        "dx_u": null,
        "dy": null,
        "dy_u": null
      },
      "geometry": {
        "type": "Point",
        "coordinates": [
          126.03868847884047,
          43.347842850425728
        ]
      }
    },
    {
      "type": "Feature",
      "properties": {
        "fid": 468,
        "Text": "{\\C7;410}",
        "ogr_style": "LABEL(f:\"Arial\",t:\"{\\C7;410}\",s:7.5g,p:7,c:#00ffff)",
        "font": "Arial",
        "angle": null,
        "size": 7.5,
        "size_u": "g",
        "anchor": "8",
        "color": "#7",
        "underline": 0,
        "plaintext": "410",
        "fcolor": null,
        "flnum": 0,
        "bold": null,
        "italic": null,
        "dx": null,
        "dx_u": null,
        "dy": null,
        "dy_u": null
      },
      "geometry": {
        "type": "Point",
        "coordinates": [
          126.052940254171304,
          43.345766783961722
        ]
      }
    },
    {
      "type": "Feature",
      "properties": {
        "fid": 469,
        "Text": "{\\C7;411}",
        "ogr_style": "LABEL(f:\"Arial\",t:\"{\\C7;411}\",s:7.5g,p:7,c:#00ffff)",
        "font": "Arial",
        "angle": null,
        "size": 7.5,
        "size_u": "g",
        "anchor": "8",
        "color": "#7",
        "underline": 0,
        "plaintext": "411",
        "fcolor": null,
        "flnum": 0,
        "bold": null,
        "italic": null,
        "dx": null,
        "dx_u": null,
        "dy": null,
        "dy_u": null
      },
      "geometry": {
        "type": "Point",
        "coordinates": [
          126.044684041744716,
          43.346877450560825
        ]
      }
    },
    {
      "type": "Feature",
      "properties": {
        "fid": 470,
        "Text": "{\\C7;412}",
        "ogr_style": "LABEL(f:\"Arial\",t:\"{\\C7;412}\",s:7.5g,p:7,c:#00ffff)",
        "font": "Arial",
        "angle": null,
        "size": 7.5,
        "size_u": "g",
        "anchor": "8",
        "color": "#7",
        "underline": 0,
        "plaintext": "412",
        "fcolor": null,
        "flnum": 0,
        "bold": null,
        "italic": null,
        "dx": null,
        "dx_u": null,
        "dy": null,
        "dy_u": null
      },
      "geometry": {
        "type": "Point",
        "coordinates": [
          126.084706988919464,
          43.34607570119568
        ]
      }
    },
    {
      "type": "Feature",
      "properties": {
        "fid": 471,
        "Text": "{\\C7;415}",
        "ogr_style": "LABEL(f:\"Arial\",t:\"{\\C7;415}\",s:7.5g,p:7,c:#00ffff)",
        "font": "Arial",
        "angle": null,
        "size": 7.5,
        "size_u": "g",
        "anchor": "8",
        "color": "#7",
        "underline": 0,
        "plaintext": "415",
        "fcolor": null,
        "flnum": 0,
        "bold": null,
        "italic": null,
        "dx": null,
        "dx_u": null,
        "dy": null,
        "dy_u": null
      },
      "geometry": {
        "type": "Point",
        "coordinates": [
          126.052227026150163,
          43.346786421228153
        ]
      }
    },
    {
      "type": "Feature",
      "properties": {
        "fid": 472,
        "Text": "{\\C7;416}",
        "ogr_style": "LABEL(f:\"Arial\",t:\"{\\C7;416}\",s:7.5g,p:7,c:#00ffff)",
        "font": "Arial",
        "angle": null,
        "size": 7.5,
        "size_u": "g",
        "anchor": "8",
        "color": "#7",
        "underline": 0,
        "plaintext": "416",
        "fcolor": null,
        "flnum": 0,
        "bold": null,
        "italic": null,
        "dx": null,
        "dx_u": null,
        "dy": null,
        "dy_u": null
      },
      "geometry": {
        "type": "Point",
        "coordinates": [
          126.040552622969741,
          43.345909752332673
        ]
      }
    },
    {
      "type": "Feature",
      "properties": {
        "fid": 473,
        "Text": "{\\C7;417}",
        "ogr_style": "LABEL(f:\"Arial\",t:\"{\\C7;417}\",s:7.5g,p:7,c:#00ffff)",
        "font": "Arial",
        "angle": null,
        "size": 7.5,
        "size_u": "g",
        "anchor": "8",
        "color": "#7",
        "underline": 0,
        "plaintext": "417",
        "fcolor": null,
        "flnum": 0,
        "bold": null,
        "italic": null,
        "dx": null,
        "dx_u": null,
        "dy": null,
        "dy_u": null
      },
      "geometry": {
        "type": "Point",
        "coordinates": [
          126.042960286052192,
          43.343652093346478
        ]
      }
    },
    {
      "type": "Feature",
      "properties": {
        "fid": 474,
        "Text": "{\\C7;424}",
        "ogr_style": "LABEL(f:\"Arial\",t:\"{\\C7;424}\",s:7.5g,p:7,c:#00ffff)",
        "font": "Arial",
        "angle": null,
        "size": 7.5,
        "size_u": "g",
        "anchor": "8",
        "color": "#7",
        "underline": 0,
        "plaintext": "424",
        "fcolor": null,
        "flnum": 0,
        "bold": null,
        "italic": null,
        "dx": null,
        "dx_u": null,
        "dy": null,
        "dy_u": null
      },
      "geometry": {
        "type": "Point",
        "coordinates": [
          126.043556135313651,
          43.351323792822591
        ]
      }
    },
    {
      "type": "Feature",
      "properties": {
        "fid": 475,
        "Text": "{\\C7;426}",
        "ogr_style": "LABEL(f:\"Arial\",t:\"{\\C7;426}\",s:7.5g,p:7,c:#00ffff)",
        "font": "Arial",
        "angle": null,
        "size": 7.5,
        "size_u": "g",
        "anchor": "8",
        "color": "#7",
        "underline": 0,
        "plaintext": "426",
        "fcolor": null,
        "flnum": 0,
        "bold": null,
        "italic": null,
        "dx": null,
        "dx_u": null,
        "dy": null,
        "dy_u": null
      },
      "geometry": {
        "type": "Point",
        "coordinates": [
          126.047516483387511,
          43.353671763184053
        ]
      }
    },
    {
      "type": "Feature",
      "properties": {
        "fid": 476,
        "Text": "{\\C7;431}",
        "ogr_style": "LABEL(f:\"Arial\",t:\"{\\C7;431}\",s:7.5g,p:7,c:#00ffff)",
        "font": "Arial",
        "angle": null,
        "size": 7.5,
        "size_u": "g",
        "anchor": "8",
        "color": "#7",
        "underline": 0,
        "plaintext": "431",
        "fcolor": null,
        "flnum": 0,
        "bold": null,
        "italic": null,
        "dx": null,
        "dx_u": null,
        "dy": null,
        "dy_u": null
      },
      "geometry": {
        "type": "Point",
        "coordinates": [
          126.059079707698771,
          43.348374296921591
        ]
      }
    },
    {
      "type": "Feature",
      "properties": {
        "fid": 477,
        "Text": "{\\C7;432}",
        "ogr_style": "LABEL(f:\"Arial\",t:\"{\\C7;432}\",s:7.5g,p:7,c:#00ffff)",
        "font": "Arial",
        "angle": null,
        "size": 7.5,
        "size_u": "g",
        "anchor": "8",
        "color": "#7",
        "underline": 0,
        "plaintext": "432",
        "fcolor": null,
        "flnum": 0,
        "bold": null,
        "italic": null,
        "dx": null,
        "dx_u": null,
        "dy": null,
        "dy_u": null
      },
      "geometry": {
        "type": "Point",
        "coordinates": [
          126.059101664827807,
          43.348145546600499
        ]
      }
    },
    {
      "type": "Feature",
      "properties": {
        "fid": 478,
        "Text": "{\\L\\C7;430}",
        "ogr_style": "LABEL(f:\"Arial\",t:\"{\\L\\C7;430}\",s:7.5g,p:7,c:#00ffff)",
        "font": "Arial",
        "angle": null,
        "size": 7.5,
        "size_u": "g",
        "anchor": "8",
        "color": "#7",
        "underline": 1,
        "plaintext": "430",
        "fcolor": null,
        "flnum": 0,
        "bold": null,
        "italic": null,
        "dx": null,
        "dx_u": null,
        "dy": null,
        "dy_u": null
      },
      "geometry": {
        "type": "Point",
        "coordinates": [
          126.046301452971292,
          43.352759884482829
        ]
      }
    },
    {
      "type": "Feature",
      "properties": {
        "fid": 479,
        "Text": "{\\C7;434}",
        "ogr_style": "LABEL(f:\"Arial\",t:\"{\\C7;434}\",s:7.5g,p:7,c:#00ffff)",
        "font": "Arial",
        "angle": null,
        "size": 7.5,
        "size_u": "g",
        "anchor": "8",
        "color": "#7",
        "underline": 0,
        "plaintext": "434",
        "fcolor": null,
        "flnum": 0,
        "bold": null,
        "italic": null,
        "dx": null,
        "dx_u": null,
        "dy": null,
        "dy_u": null
      },
      "geometry": {
        "type": "Point",
        "coordinates": [
          126.096506423922136,
          43.347205045596112
        ]
      }
    },
    {
      "type": "Feature",
      "properties": {
        "fid": 480,
        "Text": "{\\C7;436}",
        "ogr_style": "LABEL(f:\"Arial\",t:\"{\\C7;436}\",s:7.5g,p:7,c:#00ffff)",
        "font": "Arial",
        "angle": null,
        "size": 7.5,
        "size_u": "g",
        "anchor": "8",
        "color": "#7",
        "underline": 0,
        "plaintext": "436",
        "fcolor": null,
        "flnum": 0,
        "bold": null,
        "italic": null,
        "dx": null,
        "dx_u": null,
        "dy": null,
        "dy_u": null
      },
      "geometry": {
        "type": "Point",
        "coordinates": [
          126.058516003890759,
          43.34800004640897
        ]
      }
    },
    {
      "type": "Feature",
      "properties": {
        "fid": 481,
        "Text": "{\\C7;234}",
        "ogr_style": "LABEL(f:\"Arial\",t:\"{\\C7;234}\",s:7.5g,p:7,c:#00ffff)",
        "font": "Arial",
        "angle": null,
        "size": 7.5,
        "size_u": "g",
        "anchor": "8",
        "color": "#7",
        "underline": 0,
        "plaintext": "234",
        "fcolor": null,
        "flnum": 0,
        "bold": null,
        "italic": null,
        "dx": null,
        "dx_u": null,
        "dy": null,
        "dy_u": null
      },
      "geometry": {
        "type": "Point",
        "coordinates": [
          126.058672219713969,
          43.348247754451947
        ]
      }
    },
    {
      "type": "Feature",
      "properties": {
        "fid": 482,
        "Text": "{\\C7;437}",
        "ogr_style": "LABEL(f:\"Arial\",t:\"{\\C7;437}\",s:7.5g,p:7,c:#00ffff)",
        "font": "Arial",
        "angle": null,
        "size": 7.5,
        "size_u": "g",
        "anchor": "8",
        "color": "#7",
        "underline": 0,
        "plaintext": "437",
        "fcolor": null,
        "flnum": 0,
        "bold": null,
        "italic": null,
        "dx": null,
        "dx_u": null,
        "dy": null,
        "dy_u": null
      },
      "geometry": {
        "type": "Point",
        "coordinates": [
          126.046849646620174,
          43.347856113052089
        ]
      }
    },
    {
      "type": "Feature",
      "properties": {
        "fid": 483,
        "Text": "{\\C7;438}",
        "ogr_style": "LABEL(f:\"Arial\",t:\"{\\C7;438}\",s:7.5g,p:7,c:#00ffff)",
        "font": "Arial",
        "angle": null,
        "size": 7.5,
        "size_u": "g",
        "anchor": "8",
        "color": "#7",
        "underline": 0,
        "plaintext": "438",
        "fcolor": null,
        "flnum": 0,
        "bold": null,
        "italic": null,
        "dx": null,
        "dx_u": null,
        "dy": null,
        "dy_u": null
      },
      "geometry": {
        "type": "Point",
        "coordinates": [
          126.040002801475538,
          43.350660501011824
        ]
      }
    },
    {
      "type": "Feature",
      "properties": {
        "fid": 484,
        "Text": "{\\C7;439}",
        "ogr_style": "LABEL(f:\"Arial\",t:\"{\\C7;439}\",s:7.5g,p:7,c:#00ffff)",
        "font": "Arial",
        "angle": null,
        "size": 7.5,
        "size_u": "g",
        "anchor": "8",
        "color": "#7",
        "underline": 0,
        "plaintext": "439",
        "fcolor": null,
        "flnum": 0,
        "bold": null,
        "italic": null,
        "dx": null,
        "dx_u": null,
        "dy": null,
        "dy_u": null
      },
      "geometry": {
        "type": "Point",
        "coordinates": [
          126.04001187018649,
          43.350749331326575
        ]
      }
    },
    {
      "type": "Feature",
      "properties": {
        "fid": 485,
        "Text": "{\\C7;440}",
        "ogr_style": "LABEL(f:\"Arial\",t:\"{\\C7;440}\",s:7.5g,p:7,c:#00ffff)",
        "font": "Arial",
        "angle": null,
        "size": 7.5,
        "size_u": "g",
        "anchor": "8",
        "color": "#7",
        "underline": 0,
        "plaintext": "440",
        "fcolor": null,
        "flnum": 0,
        "bold": null,
        "italic": null,
        "dx": null,
        "dx_u": null,
        "dy": null,
        "dy_u": null
      },
      "geometry": {
        "type": "Point",
        "coordinates": [
          126.058290612664024,
          43.347981852049799
        ]
      }
    },
    {
      "type": "Feature",
      "properties": {
        "fid": 486,
        "Text": "{\\C7;441}",
        "ogr_style": "LABEL(f:\"Arial\",t:\"{\\C7;441}\",s:7.5g,p:7,c:#00ffff)",
        "font": "Arial",
        "angle": null,
        "size": 7.5,
        "size_u": "g",
        "anchor": "8",
        "color": "#7",
        "underline": 0,
        "plaintext": "441",
        "fcolor": null,
        "flnum": 0,
        "bold": null,
        "italic": null,
        "dx": null,
        "dx_u": null,
        "dy": null,
        "dy_u": null
      },
      "geometry": {
        "type": "Point",
        "coordinates": [
          126.042847454880871,
          43.354952209202828
        ]
      }
    },
    {
      "type": "Feature",
      "properties": {
        "fid": 487,
        "Text": "{\\C7;442}",
        "ogr_style": "LABEL(f:\"Arial\",t:\"{\\C7;442}\",s:7.5g,p:7,c:#00ffff)",
        "font": "Arial",
        "angle": null,
        "size": 7.5,
        "size_u": "g",
        "anchor": "8",
        "color": "#7",
        "underline": 0,
        "plaintext": "442",
        "fcolor": null,
        "flnum": 0,
        "bold": null,
        "italic": null,
        "dx": null,
        "dx_u": null,
        "dy": null,
        "dy_u": null
      },
      "geometry": {
        "type": "Point",
        "coordinates": [
          126.040610603043106,
          43.35475055355915
        ]
      }
    },
    {
      "type": "Feature",
      "properties": {
        "fid": 488,
        "Text": "{\\C7;445}",
        "ogr_style": "LABEL(f:\"Arial\",t:\"{\\C7;445}\",s:7.5g,p:7,c:#00ffff)",
        "font": "Arial",
        "angle": null,
        "size": 7.5,
        "size_u": "g",
        "anchor": "8",
        "color": "#7",
        "underline": 0,
        "plaintext": "445",
        "fcolor": null,
        "flnum": 0,
        "bold": null,
        "italic": null,
        "dx": null,
        "dx_u": null,
        "dy": null,
        "dy_u": null
      },
      "geometry": {
        "type": "Point",
        "coordinates": [
          126.057005051815949,
          43.347350301401647
        ]
      }
    },
    {
      "type": "Feature",
      "properties": {
        "fid": 489,
        "Text": "{\\C7;433}",
        "ogr_style": "LABEL(f:\"Arial\",t:\"{\\C7;433}\",s:7.5g,p:7,c:#00ffff)",
        "font": "Arial",
        "angle": null,
        "size": 7.5,
        "size_u": "g",
        "anchor": "8",
        "color": "#7",
        "underline": 0,
        "plaintext": "433",
        "fcolor": null,
        "flnum": 0,
        "bold": null,
        "italic": null,
        "dx": null,
        "dx_u": null,
        "dy": null,
        "dy_u": null
      },
      "geometry": {
        "type": "Point",
        "coordinates": [
          126.095760673067531,
          43.350284827532732
        ]
      }
    },
    {
      "type": "Feature",
      "properties": {
        "fid": 490,
        "Text": "{\\L\\C7;184}",
        "ogr_style": "LABEL(f:\"Arial\",t:\"{\\L\\C7;184}\",s:7.5g,p:7,c:#000000)",
        "font": "Arial",
        "angle": null,
        "size": 7.5,
        "size_u": "g",
        "anchor": "8",
        "color": "#7",
        "underline": 1,
        "plaintext": "184",
        "fcolor": null,
        "flnum": 0,
        "bold": null,
        "italic": null,
        "dx": null,
        "dx_u": null,
        "dy": null,
        "dy_u": null
      },
      "geometry": {
        "type": "Point",
        "coordinates": [
          126.079679474685804,
          43.346938319897816
        ]
      }
    },
    {
      "type": "Feature",
      "properties": {
        "fid": 491,
        "Text": "{\\C7;420}",
        "ogr_style": "LABEL(f:\"Arial\",t:\"{\\C7;420}\",s:7.5g,p:7,c:#000000)",
        "font": "Arial",
        "angle": null,
        "size": 7.5,
        "size_u": "g",
        "anchor": "8",
        "color": "#7",
        "underline": 0,
        "plaintext": "420",
        "fcolor": null,
        "flnum": 0,
        "bold": null,
        "italic": null,
        "dx": null,
        "dx_u": null,
        "dy": null,
        "dy_u": null
      },
      "geometry": {
        "type": "Point",
        "coordinates": [
          126.079203368526876,
          43.34738047791307
        ]
      }
    },
    {
      "type": "Feature",
      "properties": {
        "fid": 492,
        "Text": "{\\L\\C1;13}",
        "ogr_style": "LABEL(f:\"Arial\",t:\"{\\L\\C1;13}\",s:10g,p:7,c:#000000)",
        "font": "Arial",
        "angle": null,
        "size": 10.0,
        "size_u": "g",
        "anchor": "8",
        "color": "#1",
        "underline": 1,
        "plaintext": "13",
        "fcolor": null,
        "flnum": 0,
        "bold": null,
        "italic": null,
        "dx": null,
        "dx_u": null,
        "dy": null,
        "dy_u": null
      },
      "geometry": {
        "type": "Point",
        "coordinates": [
          126.04087425453821,
          43.348562087253946
        ]
      }
    },
    {
      "type": "Feature",
      "properties": {
        "fid": 493,
        "Text": "{\\C7;243}",
        "ogr_style": "LABEL(f:\"Arial\",t:\"{\\C7;243}\",s:7.5g,p:7,c:#00ffff)",
        "font": "Arial",
        "angle": null,
        "size": 7.5,
        "size_u": "g",
        "anchor": "8",
        "color": "#7",
        "underline": 0,
        "plaintext": "243",
        "fcolor": null,
        "flnum": 0,
        "bold": null,
        "italic": null,
        "dx": null,
        "dx_u": null,
        "dy": null,
        "dy_u": null
      },
      "geometry": {
        "type": "Point",
        "coordinates": [
          126.067284575994023,
          43.348887087463446
        ]
      }
    },
    {
      "type": "Feature",
      "properties": {
        "fid": 494,
        "Text": "{\\C7;355}",
        "ogr_style": "LABEL(f:\"Arial\",t:\"{\\C7;355}\",s:7.5g,p:7,c:#00ffff)",
        "font": "Arial",
        "angle": null,
        "size": 7.5,
        "size_u": "g",
        "anchor": "8",
        "color": "#7",
        "underline": 0,
        "plaintext": "355",
        "fcolor": null,
        "flnum": 0,
        "bold": null,
        "italic": null,
        "dx": null,
        "dx_u": null,
        "dy": null,
        "dy_u": null
      },
      "geometry": {
        "type": "Point",
        "coordinates": [
          126.060871508788878,
          43.346677494441771
        ]
      }
    },
    {
      "type": "Feature",
      "properties": {
        "fid": 495,
        "Text": "{\\C7;444}",
        "ogr_style": "LABEL(f:\"Arial\",t:\"{\\C7;444}\",s:7.5g,p:7,c:#00ffff)",
        "font": "Arial",
        "angle": null,
        "size": 7.5,
        "size_u": "g",
        "anchor": "8",
        "color": "#7",
        "underline": 0,
        "plaintext": "444",
        "fcolor": null,
        "flnum": 0,
        "bold": null,
        "italic": null,
        "dx": null,
        "dx_u": null,
        "dy": null,
        "dy_u": null
      },
      "geometry": {
        "type": "Point",
        "coordinates": [
          126.060998929398835,
          43.346787488403642
        ]
      }
    },
    {
      "type": "Feature",
      "properties": {
        "fid": 496,
        "Text": "{\\C7;249}",
        "ogr_style": "LABEL(f:\"Arial\",t:\"{\\C7;249}\",s:7.5g,p:7,c:#00ffff)",
        "font": "Arial",
        "angle": null,
        "size": 7.5,
        "size_u": "g",
        "anchor": "8",
        "color": "#7",
        "underline": 0,
        "plaintext": "249",
        "fcolor": null,
        "flnum": 0,
        "bold": null,
        "italic": null,
        "dx": null,
        "dx_u": null,
        "dy": null,
        "dy_u": null
      },
      "geometry": {
        "type": "Point",
        "coordinates": [
          126.056112958015603,
          43.346050963685805
        ]
      }
    },
    {
      "type": "Feature",
      "properties": {
        "fid": 497,
        "Text": "{\\C7;156}",
        "ogr_style": "LABEL(f:\"Arial\",t:\"{\\C7;156}\",s:7.5g,p:7,c:#00ffff)",
        "font": "Arial",
        "angle": null,
        "size": 7.5,
        "size_u": "g",
        "anchor": "8",
        "color": "#7",
        "underline": 0,
        "plaintext": "156",
        "fcolor": null,
        "flnum": 0,
        "bold": null,
        "italic": null,
        "dx": null,
        "dx_u": null,
        "dy": null,
        "dy_u": null
      },
      "geometry": {
        "type": "Point",
        "coordinates": [
          126.03625443551627,
          43.347056067661271
        ]
      }
    },
    {
      "type": "Feature",
      "properties": {
        "fid": 498,
        "Text": "{\\L\\C1;13}",
        "ogr_style": "LABEL(f:\"Arial\",t:\"{\\L\\C1;13}\",s:10g,p:7,c:#000000)",
        "font": "Arial",
        "angle": null,
        "size": 10.0,
        "size_u": "g",
        "anchor": "8",
        "color": "#1",
        "underline": 1,
        "plaintext": "13",
        "fcolor": null,
        "flnum": 0,
        "bold": null,
        "italic": null,
        "dx": null,
        "dx_u": null,
        "dy": null,
        "dy_u": null
      },
      "geometry": {
        "type": "Point",
        "coordinates": [
          126.041223828443535,
          43.348813647808605
        ]
      }
    },
    {
      "type": "Feature",
      "properties": {
        "fid": 499,
        "Text": "{\\L\\C1;13}",
        "ogr_style": "LABEL(f:\"Arial\",t:\"{\\L\\C1;13}\",s:10g,p:7,c:#000000)",
        "font": "Arial",
        "angle": null,
        "size": 10.0,
        "size_u": "g",
        "anchor": "8",
        "color": "#1",
        "underline": 1,
        "plaintext": "13",
        "fcolor": null,
        "flnum": 0,
        "bold": null,
        "italic": null,
        "dx": null,
        "dx_u": null,
        "dy": null,
        "dy_u": null
      },
      "geometry": {
        "type": "Point",
        "coordinates": [
          126.044067945424757,
          43.348473187377586
        ]
      }
    },
    {
      "type": "Feature",
      "properties": {
        "fid": 500,
        "Text": "{\\L\\C1;13}",
        "ogr_style": "LABEL(f:\"Arial\",t:\"{\\L\\C1;13}\",s:10g,p:7,c:#000000)",
        "font": "Arial",
        "angle": null,
        "size": 10.0,
        "size_u": "g",
        "anchor": "8",
        "color": "#1",
        "underline": 1,
        "plaintext": "13",
        "fcolor": null,
        "flnum": 0,
        "bold": null,
        "italic": null,
        "dx": null,
        "dx_u": null,
        "dy": null,
        "dy_u": null
      },
      "geometry": {
        "type": "Point",
        "coordinates": [
          126.042374418555212,
          43.348662562602563
        ]
      }
    },
    {
      "type": "Feature",
      "properties": {
        "fid": 501,
        "Text": "{\\fArial|b1|i0|c204|p34;\\C6;365}",
        "ogr_style": "LABEL(f:\"Arial\",t:\"{\\fArial|b1|i0|c204|p34;\\C6;365}\",s:12.5g,p:7,c:#000000)",
        "font": "Arial",
        "angle": null,
        "size": 12.5,
        "size_u": "g",
        "anchor": "8",
        "color": "#6",
        "underline": 0,
        "plaintext": "365",
        "fcolor": null,
        "flnum": 0,
        "bold": 1,
        "italic": 0,
        "dx": null,
        "dx_u": null,
        "dy": null,
        "dy_u": null
      },
      "geometry": {
        "type": "Point",
        "coordinates": [
          126.070743961094905,
          43.345307766550498
        ]
      }
    },
    {
      "type": "Feature",
      "properties": {
        "fid": 502,
        "Text": "{\\L\\C1;115}",
        "ogr_style": "LABEL(f:\"Arial\",t:\"{\\L\\C1;115}\",s:12.5g,p:7,c:#000000)",
        "font": "Arial",
        "angle": null,
        "size": 12.5,
        "size_u": "g",
        "anchor": "8",
        "color": "#1",
        "underline": 1,
        "plaintext": "115",
        "fcolor": null,
        "flnum": 0,
        "bold": null,
        "italic": null,
        "dx": null,
        "dx_u": null,
        "dy": null,
        "dy_u": null
      },
      "geometry": {
        "type": "Point",
        "coordinates": [
          126.079423500926978,
          43.346556085985021
        ]
      }
    },
    {
      "type": "Feature",
      "properties": {
        "fid": 503,
        "Text": "{\\Lв10}",
        "ogr_style": "LABEL(f:\"Arial\",t:\"{\\Lв10}\",s:12.5g,p:7,c:#000000)",
        "font": "Arial",
        "angle": null,
        "size": 12.5,
        "size_u": "g",
        "anchor": "8",
        "color": "#000000",
        "underline": 1,
        "plaintext": "в10",
        "fcolor": null,
        "flnum": 0,
        "bold": null,
        "italic": null,
        "dx": null,
        "dx_u": null,
        "dy": null,
        "dy_u": null
      },
      "geometry": {
        "type": "Point",
        "coordinates": [
          126.081052161410923,
          43.344628880724393
        ]
      }
    },
    {
      "type": "Feature",
      "properties": {
        "fid": 504,
        "Text": "{\\L\\C7;в2}",
        "ogr_style": "LABEL(f:\"Arial\",t:\"{\\L\\C7;в2}\",s:12.5g,p:7,c:#000000)",
        "font": "Arial",
        "angle": null,
        "size": 12.5,
        "size_u": "g",
        "anchor": "8",
        "color": "#7",
        "underline": 1,
        "plaintext": "в2",
        "fcolor": null,
        "flnum": 0,
        "bold": null,
        "italic": null,
        "dx": null,
        "dx_u": null,
        "dy": null,
        "dy_u": null
      },
      "geometry": {
        "type": "Point",
        "coordinates": [
          126.099629984685095,
          43.359033141809995
        ]
      }
    },
    {
      "type": "Feature",
      "properties": {
        "fid": 505,
        "Text": "{\\L\\C7;в2}",
        "ogr_style": "LABEL(f:\"Arial\",t:\"{\\L\\C7;в2}\",s:12.5g,p:7,c:#000000)",
        "font": "Arial",
        "angle": null,
        "size": 12.5,
        "size_u": "g",
        "anchor": "8",
        "color": "#7",
        "underline": 1,
        "plaintext": "в2",
        "fcolor": null,
        "flnum": 0,
        "bold": null,
        "italic": null,
        "dx": null,
        "dx_u": null,
        "dy": null,
        "dy_u": null
      },
      "geometry": {
        "type": "Point",
        "coordinates": [
          126.101290644503464,
          43.357398545430485
        ]
      }
    },
    {
      "type": "Feature",
      "properties": {
        "fid": 506,
        "Text": "{\\L\\C7;в2}",
        "ogr_style": "LABEL(f:\"Arial\",t:\"{\\L\\C7;в2}\",s:12.5g,p:7,c:#000000)",
        "font": "Arial",
        "angle": null,
        "size": 12.5,
        "size_u": "g",
        "anchor": "8",
        "color": "#7",
        "underline": 1,
        "plaintext": "в2",
        "fcolor": null,
        "flnum": 0,
        "bold": null,
        "italic": null,
        "dx": null,
        "dx_u": null,
        "dy": null,
        "dy_u": null
      },
      "geometry": {
        "type": "Point",
        "coordinates": [
          126.099802213878007,
          43.355310367681561
        ]
      }
    },
    {
      "type": "Feature",
      "properties": {
        "fid": 507,
        "Text": "{\\L\\C7;в2}",
        "ogr_style": "LABEL(f:\"Arial\",t:\"{\\L\\C7;в2}\",s:12.5g,p:7,c:#cd2027)",
        "font": "Arial",
        "angle": null,
        "size": 12.5,
        "size_u": "g",
        "anchor": "8",
        "color": "#7",
        "underline": 1,
        "plaintext": "в2",
        "fcolor": null,
        "flnum": 0,
        "bold": null,
        "italic": null,
        "dx": null,
        "dx_u": null,
        "dy": null,
        "dy_u": null
      },
      "geometry": {
        "type": "Point",
        "coordinates": [
          126.097908294041432,
          43.355531481955964
        ]
      }
    },
    {
      "type": "Feature",
      "properties": {
        "fid": 508,
        "Text": "{\\L\\C7;в2}",
        "ogr_style": "LABEL(f:\"Arial\",t:\"{\\L\\C7;в2}\",s:12.5g,p:7,c:#cd2027)",
        "font": "Arial",
        "angle": null,
        "size": 12.5,
        "size_u": "g",
        "anchor": "8",
        "color": "#7",
        "underline": 1,
        "plaintext": "в2",
        "fcolor": null,
        "flnum": 0,
        "bold": null,
        "italic": null,
        "dx": null,
        "dx_u": null,
        "dy": null,
        "dy_u": null
      },
      "geometry": {
        "type": "Point",
        "coordinates": [
          126.0995882144869,
          43.35347468181358
        ]
      }
    },
    {
      "type": "Feature",
      "properties": {
        "fid": 509,
        "Text": "{\\C7;в9}",
        "ogr_style": "LABEL(f:\"Arial\",t:\"{\\C7;в9}\",s:7.5g,p:7,c:#00ffff)",
        "font": "Arial",
        "angle": null,
        "size": 7.5,
        "size_u": "g",
        "anchor": "8",
        "color": "#7",
        "underline": 0,
        "plaintext": "в9",
        "fcolor": null,
        "flnum": 0,
        "bold": null,
        "italic": null,
        "dx": null,
        "dx_u": null,
        "dy": null,
        "dy_u": null
      },
      "geometry": {
        "type": "Point",
        "coordinates": [
          126.053703121836975,
          43.346748529521598
        ]
      }
    },
    {
      "type": "Feature",
      "properties": {
        "fid": 510,
        "Text": "{\\C7;в3}",
        "ogr_style": "LABEL(f:\"Arial\",t:\"{\\C7;в3}\",s:7.5g,p:7,c:#00ffff)",
        "font": "Arial",
        "angle": null,
        "size": 7.5,
        "size_u": "g",
        "anchor": "8",
        "color": "#7",
        "underline": 0,
        "plaintext": "в3",
        "fcolor": null,
        "flnum": 0,
        "bold": null,
        "italic": null,
        "dx": null,
        "dx_u": null,
        "dy": null,
        "dy_u": null
      },
      "geometry": {
        "type": "Point",
        "coordinates": [
          126.064482633047632,
          43.345388225523173
        ]
      }
    },
    {
      "type": "Feature",
      "properties": {
        "fid": 511,
        "Text": "{\\C7;471}",
        "ogr_style": "LABEL(f:\"Arial\",t:\"{\\C7;471}\",s:7.5g,p:7,c:#00ffff)",
        "font": "Arial",
        "angle": null,
        "size": 7.5,
        "size_u": "g",
        "anchor": "8",
        "color": "#7",
        "underline": 0,
        "plaintext": "471",
        "fcolor": null,
        "flnum": 0,
        "bold": null,
        "italic": null,
        "dx": null,
        "dx_u": null,
        "dy": null,
        "dy_u": null
      },
      "geometry": {
        "type": "Point",
        "coordinates": [
          126.03544518843151,
          43.356315501483223
        ]
      }
    },
    {
      "type": "Feature",
      "properties": {
        "fid": 512,
        "Text": "{\\C7;435}",
        "ogr_style": "LABEL(f:\"Arial\",t:\"{\\C7;435}\",s:7.5g,p:7,c:#00ffff)",
        "font": "Arial",
        "angle": null,
        "size": 7.5,
        "size_u": "g",
        "anchor": "8",
        "color": "#7",
        "underline": 0,
        "plaintext": "435",
        "fcolor": null,
        "flnum": 0,
        "bold": null,
        "italic": null,
        "dx": null,
        "dx_u": null,
        "dy": null,
        "dy_u": null
      },
      "geometry": {
        "type": "Point",
        "coordinates": [
          126.049656514679072,
          43.347817645771009
        ]
      }
    },
    {
      "type": "Feature",
      "properties": {
        "fid": 513,
        "Text": "{\\C7;378}",
        "ogr_style": "LABEL(f:\"Arial\",t:\"{\\C7;378}\",s:7.5g,p:7,c:#00ffff)",
        "font": "Arial",
        "angle": null,
        "size": 7.5,
        "size_u": "g",
        "anchor": "8",
        "color": "#7",
        "underline": 0,
        "plaintext": "378",
        "fcolor": null,
        "flnum": 0,
        "bold": null,
        "italic": null,
        "dx": null,
        "dx_u": null,
        "dy": null,
        "dy_u": null
      },
      "geometry": {
        "type": "Point",
        "coordinates": [
          126.041719888333319,
          43.345049164309771
        ]
      }
    },
    {
      "type": "Feature",
      "properties": {
        "fid": 514,
        "Text": "{\\C7;162}",
        "ogr_style": "LABEL(f:\"Arial\",t:\"{\\C7;162}\",s:7.5g,p:7,c:#00ffff)",
        "font": "Arial",
        "angle": null,
        "size": 7.5,
        "size_u": "g",
        "anchor": "8",
        "color": "#7",
        "underline": 0,
        "plaintext": "162",
        "fcolor": null,
        "flnum": 0,
        "bold": null,
        "italic": null,
        "dx": null,
        "dx_u": null,
        "dy": null,
        "dy_u": null
      },
      "geometry": {
        "type": "Point",
        "coordinates": [
          126.034751079872507,
          43.345654948527077
        ]
      }
    },
    {
      "type": "Feature",
      "properties": {
        "fid": 515,
        "Text": "{\\C7;8}",
        "ogr_style": "LABEL(f:\"Arial\",t:\"{\\C7;8}\",s:7.5g,p:7,c:#00ffff)",
        "font": "Arial",
        "angle": null,
        "size": 7.5,
        "size_u": "g",
        "anchor": "8",
        "color": "#7",
        "underline": 0,
        "plaintext": "8",
        "fcolor": null,
        "flnum": 0,
        "bold": null,
        "italic": null,
        "dx": null,
        "dx_u": null,
        "dy": null,
        "dy_u": null
      },
      "geometry": {
        "type": "Point",
        "coordinates": [
          126.040329895362305,
          43.349411128463288
        ]
      }
    },
    {
      "type": "Feature",
      "properties": {
        "fid": 516,
        "Text": "{\\L\\C1;423}",
        "ogr_style": "LABEL(f:\"Arial\",t:\"{\\L\\C1;423}\",s:10g,p:7,c:#000000)",
        "font": "Arial",
        "angle": null,
        "size": 10.0,
        "size_u": "g",
        "anchor": "8",
        "color": "#1",
        "underline": 1,
        "plaintext": "423",
        "fcolor": null,
        "flnum": 0,
        "bold": null,
        "italic": null,
        "dx": null,
        "dx_u": null,
        "dy": null,
        "dy_u": null
      },
      "geometry": {
        "type": "Point",
        "coordinates": [
          126.039876668689885,
          43.347870849612406
        ]
      }
    },
    {
      "type": "Feature",
      "properties": {
        "fid": 517,
        "Text": "{\\L\\C1;63}",
        "ogr_style": "LABEL(f:\"Arial\",t:\"{\\L\\C1;63}\",s:12.5g,p:7,c:#00ffff)",
        "font": "Arial",
        "angle": null,
        "size": 12.5,
        "size_u": "g",
        "anchor": "8",
        "color": "#1",
        "underline": 1,
        "plaintext": "63",
        "fcolor": null,
        "flnum": 0,
        "bold": null,
        "italic": null,
        "dx": null,
        "dx_u": null,
        "dy": null,
        "dy_u": null
      },
      "geometry": {
        "type": "Point",
        "coordinates": [
          126.040821776250056,
          43.346340606448727
        ]
      }
    },
    {
      "type": "Feature",
      "properties": {
        "fid": 518,
        "Text": "{\\C7;356}",
        "ogr_style": "LABEL(f:\"Arial\",t:\"{\\C7;356}\",s:7.5g,p:7,c:#00ffff)",
        "font": "Arial",
        "angle": null,
        "size": 7.5,
        "size_u": "g",
        "anchor": "8",
        "color": "#7",
        "underline": 0,
        "plaintext": "356",
        "fcolor": null,
        "flnum": 0,
        "bold": null,
        "italic": null,
        "dx": null,
        "dx_u": null,
        "dy": null,
        "dy_u": null
      },
      "geometry": {
        "type": "Point",
        "coordinates": [
          126.057344981440508,
          43.345795838811618
        ]
      }
    },
    {
      "type": "Feature",
      "properties": {
        "fid": 519,
        "Text": "{\\L\\C1;13}",
        "ogr_style": "LABEL(f:\"Arial\",t:\"{\\L\\C1;13}\",s:10g,p:7,c:#000000)",
        "font": "Arial",
        "angle": null,
        "size": 10.0,
        "size_u": "g",
        "anchor": "8",
        "color": "#1",
        "underline": 1,
        "plaintext": "13",
        "fcolor": null,
        "flnum": 0,
        "bold": null,
        "italic": null,
        "dx": null,
        "dx_u": null,
        "dy": null,
        "dy_u": null
      },
      "geometry": {
        "type": "Point",
        "coordinates": [
          126.038680484051895,
          43.349229568781517
        ]
      }
    },
    {
      "type": "Feature",
      "properties": {
        "fid": 520,
        "Text": "{\\C7;288}",
        "ogr_style": "LABEL(f:\"Arial\",t:\"{\\C7;288}\",s:7.5g,p:7,c:#00ffff)",
        "font": "Arial",
        "angle": null,
        "size": 7.5,
        "size_u": "g",
        "anchor": "8",
        "color": "#7",
        "underline": 0,
        "plaintext": "288",
        "fcolor": null,
        "flnum": 0,
        "bold": null,
        "italic": null,
        "dx": null,
        "dx_u": null,
        "dy": null,
        "dy_u": null
      },
      "geometry": {
        "type": "Point",
        "coordinates": [
          126.043635371714245,
          43.347773992843216
        ]
      }
    },
    {
      "type": "Feature",
      "properties": {
        "fid": 521,
        "Text": "{\\L\\C1;237}",
        "ogr_style": "LABEL(f:\"Arial\",t:\"{\\L\\C1;237}\",s:7.5g,p:7,c:#00ffff)",
        "font": "Arial",
        "angle": null,
        "size": 7.5,
        "size_u": "g",
        "anchor": "8",
        "color": "#1",
        "underline": 1,
        "plaintext": "237",
        "fcolor": null,
        "flnum": 0,
        "bold": null,
        "italic": null,
        "dx": null,
        "dx_u": null,
        "dy": null,
        "dy_u": null
      },
      "geometry": {
        "type": "Point",
        "coordinates": [
          126.061005158397904,
          43.348526133193943
        ]
      }
    },
    {
      "type": "Feature",
      "properties": {
        "fid": 522,
        "Text": "{\\L\\C1;239}",
        "ogr_style": "LABEL(f:\"Arial\",t:\"{\\L\\C1;239}\",s:7.5g,p:7,c:#00ffff)",
        "font": "Arial",
        "angle": null,
        "size": 7.5,
        "size_u": "g",
        "anchor": "8",
        "color": "#1",
        "underline": 1,
        "plaintext": "239",
        "fcolor": null,
        "flnum": 0,
        "bold": null,
        "italic": null,
        "dx": null,
        "dx_u": null,
        "dy": null,
        "dy_u": null
      },
      "geometry": {
        "type": "Point",
        "coordinates": [
          126.061595943372865,
          43.348794107079925
        ]
      }
    },
    {
      "type": "Feature",
      "properties": {
        "fid": 523,
        "Text": "{\\C7;100}",
        "ogr_style": "LABEL(f:\"Arial\",t:\"{\\C7;100}\",s:7.5g,p:7,c:#00ffff)",
        "font": "Arial",
        "angle": null,
        "size": 7.5,
        "size_u": "g",
        "anchor": "8",
        "color": "#7",
        "underline": 0,
        "plaintext": "100",
        "fcolor": null,
        "flnum": 0,
        "bold": null,
        "italic": null,
        "dx": null,
        "dx_u": null,
        "dy": null,
        "dy_u": null
      },
      "geometry": {
        "type": "Point",
        "coordinates": [
          126.062056225665629,
          43.35024194443092
        ]
      }
    },
    {
      "type": "Feature",
      "properties": {
        "fid": 524,
        "Text": "{\\C7;182}",
        "ogr_style": "LABEL(f:\"Arial\",t:\"{\\C7;182}\",s:7.5g,p:7,c:#00ffff)",
        "font": "Arial",
        "angle": null,
        "size": 7.5,
        "size_u": "g",
        "anchor": "8",
        "color": "#7",
        "underline": 0,
        "plaintext": "182",
        "fcolor": null,
        "flnum": 0,
        "bold": null,
        "italic": null,
        "dx": null,
        "dx_u": null,
        "dy": null,
        "dy_u": null
      },
      "geometry": {
        "type": "Point",
        "coordinates": [
          126.08508157566537,
          43.343418894074674
        ]
      }
    },
    {
      "type": "Feature",
      "properties": {
        "fid": 525,
        "Text": "{\\C7;250}",
        "ogr_style": "LABEL(f:\"Arial\",t:\"{\\C7;250}\",s:7.5g,p:7,c:#00ffff)",
        "font": "Arial",
        "angle": null,
        "size": 7.5,
        "size_u": "g",
        "anchor": "8",
        "color": "#7",
        "underline": 0,
        "plaintext": "250",
        "fcolor": null,
        "flnum": 0,
        "bold": null,
        "italic": null,
        "dx": null,
        "dx_u": null,
        "dy": null,
        "dy_u": null
      },
      "geometry": {
        "type": "Point",
        "coordinates": [
          126.060445060221539,
          43.348253539275305
        ]
      }
    },
    {
      "type": "Feature",
      "properties": {
        "fid": 526,
        "Text": "{\\C7;В4}",
        "ogr_style": "LABEL(f:\"Arial\",t:\"{\\C7;В4}\",s:8g,p:7,c:#00ffff)",
        "font": "Arial",
        "angle": null,
        "size": 8.0,
        "size_u": "g",
        "anchor": "8",
        "color": "#7",
        "underline": 0,
        "plaintext": "В4",
        "fcolor": null,
        "flnum": 0,
        "bold": null,
        "italic": null,
        "dx": null,
        "dx_u": null,
        "dy": null,
        "dy_u": null
      },
      "geometry": {
        "type": "Point",
        "coordinates": [
          126.084319176131842,
          43.345138198364964
        ]
      }
    },
    {
      "type": "Feature",
      "properties": {
        "fid": 527,
        "Text": "{\\C7;267}",
        "ogr_style": "LABEL(f:\"Arial\",t:\"{\\C7;267}\",s:7.5g,p:7,c:#00ffff)",
        "font": "Arial",
        "angle": null,
        "size": 7.5,
        "size_u": "g",
        "anchor": "8",
        "color": "#7",
        "underline": 0,
        "plaintext": "267",
        "fcolor": null,
        "flnum": 0,
        "bold": null,
        "italic": null,
        "dx": null,
        "dx_u": null,
        "dy": null,
        "dy_u": null
      },
      "geometry": {
        "type": "Point",
        "coordinates": [
          126.047912420680063,
          43.34651513519642
        ]
      }
    },
    {
      "type": "Feature",
      "properties": {
        "fid": 528,
        "Text": "{\\C7;473}",
        "ogr_style": "LABEL(f:\"Arial\",t:\"{\\C7;473}\",s:7.5g,p:7,c:#00ffff)",
        "font": "Arial",
        "angle": null,
        "size": 7.5,
        "size_u": "g",
        "anchor": "8",
        "color": "#7",
        "underline": 0,
        "plaintext": "473",
        "fcolor": null,
        "flnum": 0,
        "bold": null,
        "italic": null,
        "dx": null,
        "dx_u": null,
        "dy": null,
        "dy_u": null
      },
      "geometry": {
        "type": "Point",
        "coordinates": [
          126.046349854223564,
          43.346767196762066
        ]
      }
    },
    {
      "type": "Feature",
      "properties": {
        "fid": 529,
        "Text": "{\\C7;295}",
        "ogr_style": "LABEL(f:\"Arial\",t:\"{\\C7;295}\",s:7.5g,p:7,c:#00ffff)",
        "font": "Arial",
        "angle": null,
        "size": 7.5,
        "size_u": "g",
        "anchor": "8",
        "color": "#7",
        "underline": 0,
        "plaintext": "295",
        "fcolor": null,
        "flnum": 0,
        "bold": null,
        "italic": null,
        "dx": null,
        "dx_u": null,
        "dy": null,
        "dy_u": null
      },
      "geometry": {
        "type": "Point",
        "coordinates": [
          126.04661219214475,
          43.347124000838228
        ]
      }
    },
    {
      "type": "Feature",
      "properties": {
        "fid": 530,
        "Text": "{\\C7;473}",
        "ogr_style": "LABEL(f:\"Arial\",t:\"{\\C7;473}\",s:7.5g,p:7,c:#00ffff)",
        "font": "Arial",
        "angle": null,
        "size": 7.5,
        "size_u": "g",
        "anchor": "8",
        "color": "#7",
        "underline": 0,
        "plaintext": "473",
        "fcolor": null,
        "flnum": 0,
        "bold": null,
        "italic": null,
        "dx": null,
        "dx_u": null,
        "dy": null,
        "dy_u": null
      },
      "geometry": {
        "type": "Point",
        "coordinates": [
          126.040734021890401,
          43.33914119524038
        ]
      }
    }
  ]
}