{
"type": "FeatureCollection",
"name": "okn_borders_00_qgis",
"crs": { "type": "name", "properties": { "name": "urn:ogc:def:crs:OGC:1.3:CRS84" } },
"features": [
{ "type": "Feature", "properties": { "fid": 1, "Layer": "0", "PaperSpace": null, "SubClasses": "AcDbEntity:AcDbPolyline", "Linetype": null, "EntityHandle": "2F", "Text": null, "ogr_style": "PEN(c:#000000)", "font": null, "angle": null, "size": null, "size_u": null, "anchor": null, "color": "#000000", "underline": null, "plaintext": null, "fcolor": null, "flnum": null, "bold": null, "italic": null, "dx": null, "dx_u": null, "dy": null, "dy_u": null }, "geometry": { "type": "LineString", "coordinates": [ [ 131.880748877300249, 43.110522311611888 ], [ 131.881029630305562, 43.110478229892884 ], [ 131.880863648006539, 43.109972428728319 ], [ 131.880768969752268, 43.109987703781044 ], [ 131.880752476522503, 43.109934224168434 ], [ 131.880612776815354, 43.109953017445385 ], [ 131.880614876833931, 43.109960107065149 ], [ 131.880590132906462, 43.109963959213815 ], [ 131.880748877300249, 43.110522311611888 ] ] } },
{ "type": "Feature", "properties": { "fid": 2, "Layer": "0", "PaperSpace": null, "SubClasses": "AcDbEntity:AcDbPolyline", "Linetype": null, "EntityHandle": "30", "Text": null, "ogr_style": "PEN(c:#000000)", "font": null, "angle": null, "size": null, "size_u": null, "anchor": null, "color": "#000000", "underline": null, "plaintext": null, "fcolor": null, "flnum": null, "bold": null, "italic": null, "dx": null, "dx_u": null, "dy": null, "dy_u": null }, "geometry": { "type": "LineString", "coordinates": [ [ 131.880124778372362, 43.110672317740118 ], [ 131.880178752047527, 43.110661417600319 ], [ 131.880209714983096, 43.110745894457274 ], [ 131.88042433539033, 43.110699876209281 ], [ 131.880502756443093, 43.110682426448484 ], [ 131.880446386411933, 43.110514946596069 ], [ 131.880455182682852, 43.110512336800412 ], [ 131.880325102235872, 43.110156940487997 ], [ 131.880207535643564, 43.110176768394112 ], [ 131.879952634382079, 43.110230036624934 ], [ 131.880124778372362, 43.110672317740118 ] ] } },
{ "type": "Feature", "properties": { "fid": 3, "Layer": "0", "PaperSpace": null, "SubClasses": "AcDbEntity:AcDbPolyline", "Linetype": null, "EntityHandle": "31", "Text": null, "ogr_style": "PEN(c:#000000)", "font": null, "angle": null, "size": null, "size_u": null, "anchor": null, "color": "#000000", "underline": null, "plaintext": null, "fcolor": null, "flnum": null, "bold": null, "italic": null, "dx": null, "dx_u": null, "dy": null, "dy_u": null }, "geometry": { "type": "LineString", "coordinates": [ [ 131.87499203795241, 43.111818933237281 ], [ 131.874966123651262, 43.111845479130452 ], [ 131.8748566332076, 43.111968103926337 ], [ 131.874785235636836, 43.112006361610419 ], [ 131.874747872584237, 43.112025192233489 ], [ 131.874689557339906, 43.112060077029639 ], [ 131.874710970258775, 43.112107566907113 ], [ 131.874907200354187, 43.112206484966059 ], [ 131.874878663189776, 43.112237287963552 ], [ 131.874938834808546, 43.112268273327899 ], [ 131.875171145134033, 43.112026219009117 ], [ 131.875144451656553, 43.111874638371035 ], [ 131.87499203795241, 43.111818933237281 ] ] } },
{ "type": "Feature", "properties": { "fid": 4, "Layer": "0", "PaperSpace": null, "SubClasses": "AcDbEntity:AcDbPolyline", "Linetype": null, "EntityHandle": "32", "Text": null, "ogr_style": "PEN(c:#000000)", "font": null, "angle": null, "size": null, "size_u": null, "anchor": null, "color": "#000000", "underline": null, "plaintext": null, "fcolor": null, "flnum": null, "bold": null, "italic": null, "dx": null, "dx_u": null, "dy": null, "dy_u": null }, "geometry": { "type": "LineString", "coordinates": [ [ 131.875875134700919, 43.112247631810455 ], [ 131.875663271309918, 43.112440243723483 ], [ 131.875561394459538, 43.11253659848304 ], [ 131.875607845716416, 43.11255665090976 ], [ 131.875641544533579, 43.112571521733628 ], [ 131.875705588816714, 43.112592836152025 ], [ 131.875755507364829, 43.112607812711701 ], [ 131.875860274469261, 43.1126450968424 ], [ 131.875964922304377, 43.112702094788688 ], [ 131.875985563531202, 43.112669571262366 ], [ 131.875996823311027, 43.11267377779275 ], [ 131.875989490841079, 43.112630286095467 ], [ 131.876048488396407, 43.112553447973994 ], [ 131.876177369954632, 43.112436296366248 ], [ 131.876175104520939, 43.112433438923702 ], [ 131.876147767086252, 43.112404101831061 ], [ 131.876035038359191, 43.112342055207954 ], [ 131.875875134700919, 43.112247631810455 ] ] } },
{ "type": "Feature", "properties": { "fid": 5, "Layer": "0", "PaperSpace": null, "SubClasses": "AcDbEntity:AcDbPolyline", "Linetype": null, "EntityHandle": "33", "Text": null, "ogr_style": "PEN(c:#000000)", "font": null, "angle": null, "size": null, "size_u": null, "anchor": null, "color": "#000000", "underline": null, "plaintext": null, "fcolor": null, "flnum": null, "bold": null, "italic": null, "dx": null, "dx_u": null, "dy": null, "dy_u": null }, "geometry": { "type": "LineString", "coordinates": [ [ 131.876339200495096, 43.112209715770867 ], [ 131.876321844955811, 43.112227534055982 ], [ 131.876147767086252, 43.112404101831061 ], [ 131.876175104520939, 43.112433438923702 ], [ 131.876177369954632, 43.112436296366248 ], [ 131.876189775483681, 43.112449132454984 ], [ 131.876274653740097, 43.11250020957975 ], [ 131.876337536719262, 43.112538097683256 ], [ 131.876431641566626, 43.112524722367958 ], [ 131.876589365565025, 43.112380004264523 ], [ 131.876609531031619, 43.112361347348319 ], [ 131.876339200495096, 43.112209715770867 ] ] } },
{ "type": "Feature", "properties": { "fid": 6, "Layer": "0", "PaperSpace": null, "SubClasses": "AcDbEntity:AcDbPolyline", "Linetype": null, "EntityHandle": "34", "Text": null, "ogr_style": "PEN(c:#000000)", "font": null, "angle": null, "size": null, "size_u": null, "anchor": null, "color": "#000000", "underline": null, "plaintext": null, "fcolor": null, "flnum": null, "bold": null, "italic": null, "dx": null, "dx_u": null, "dy": null, "dy_u": null }, "geometry": { "type": "LineString", "coordinates": [ [ 131.874106122505339, 43.111572531350134 ], [ 131.873984558365606, 43.111713009862029 ], [ 131.873862034953873, 43.111724330199095 ], [ 131.873686340418431, 43.111639244653198 ], [ 131.873666217075026, 43.111712358113003 ], [ 131.873707129189768, 43.111718875448034 ], [ 131.873689545521046, 43.111783322047629 ], [ 131.873680411566141, 43.111781074069341 ], [ 131.873689212252089, 43.111843903738119 ], [ 131.873768659336349, 43.111919881052636 ], [ 131.873860266300625, 43.112119592365453 ], [ 131.873941042741052, 43.112096542519645 ], [ 131.87396279623232, 43.112057797253584 ], [ 131.874018301370256, 43.111984595979756 ], [ 131.873986311105369, 43.11196907731086 ], [ 131.874005327627685, 43.111948092148829 ], [ 131.874001235023542, 43.111946063251672 ], [ 131.874105539598048, 43.111848065094534 ], [ 131.874118937041374, 43.111835327867105 ], [ 131.874139253060235, 43.111818110059033 ], [ 131.874155460463271, 43.111804534296468 ], [ 131.87422750754979, 43.111742057108444 ], [ 131.874268260594107, 43.111707530213415 ], [ 131.874273822867735, 43.111702793308041 ], [ 131.87430502444974, 43.111676464125516 ], [ 131.874106122505339, 43.111572531350134 ] ] } },
{ "type": "Feature", "properties": { "fid": 7, "Layer": "0", "PaperSpace": null, "SubClasses": "AcDbEntity:AcDbPolyline", "Linetype": null, "EntityHandle": "35", "Text": null, "ogr_style": "PEN(c:#000000)", "font": null, "angle": null, "size": null, "size_u": null, "anchor": null, "color": "#000000", "underline": null, "plaintext": null, "fcolor": null, "flnum": null, "bold": null, "italic": null, "dx": null, "dx_u": null, "dy": null, "dy_u": null }, "geometry": { "type": "LineString", "coordinates": [ [ 131.877005271500593, 43.111587640006007 ], [ 131.877036906401258, 43.111668870456505 ], [ 131.877046453546285, 43.111692986980458 ], [ 131.877067888107604, 43.111748037235792 ], [ 131.877029339245183, 43.111756079144193 ], [ 131.877038297720219, 43.111781551822403 ], [ 131.877058032999514, 43.111837699456373 ], [ 131.877075561097058, 43.11188756860124 ], [ 131.877084263738652, 43.111912503795125 ], [ 131.877093873843734, 43.111939950132808 ], [ 131.877236415084411, 43.111915191520588 ], [ 131.877274561545534, 43.111931366946877 ], [ 131.877489653839575, 43.111890480124003 ], [ 131.877541071622176, 43.111880777314212 ], [ 131.877548905933907, 43.111879257648177 ], [ 131.877523396357049, 43.111803635990093 ], [ 131.877479043364957, 43.111673567955272 ], [ 131.877446371570329, 43.11157650596968 ], [ 131.877424640447572, 43.111512277531155 ], [ 131.877396114986283, 43.111517607541266 ], [ 131.877377870299853, 43.111520853003519 ], [ 131.877353749907769, 43.111525238202447 ], [ 131.877180868788315, 43.111556785514779 ], [ 131.877130768836821, 43.111558193662894 ], [ 131.877005271500593, 43.111587640006007 ] ] } },
{ "type": "Feature", "properties": { "fid": 8, "Layer": "0", "PaperSpace": null, "SubClasses": "AcDbEntity:AcDbPolyline", "Linetype": null, "EntityHandle": "36", "Text": null, "ogr_style": "PEN(c:#000000)", "font": null, "angle": null, "size": null, "size_u": null, "anchor": null, "color": "#000000", "underline": null, "plaintext": null, "fcolor": null, "flnum": null, "bold": null, "italic": null, "dx": null, "dx_u": null, "dy": null, "dy_u": null }, "geometry": { "type": "LineString", "coordinates": [ [ 131.876449626587032, 43.111427469514261 ], [ 131.876364125795163, 43.111499535730786 ], [ 131.876238490569733, 43.111606303249964 ], [ 131.876249192050608, 43.111613485821216 ], [ 131.87621472234116, 43.111642368991923 ], [ 131.876027528328052, 43.111813938786945 ], [ 131.876004598768276, 43.111835864047933 ], [ 131.876142711289532, 43.111914935910598 ], [ 131.87645712322265, 43.11213039006558 ], [ 131.876513968011238, 43.112147816449983 ], [ 131.876525781234847, 43.11214229598567 ], [ 131.876714895157136, 43.112026873633852 ], [ 131.876727431762816, 43.112020625717307 ], [ 131.876749542822495, 43.112013920697237 ], [ 131.876756513916661, 43.112012229810894 ], [ 131.87669051450095, 43.111854837113505 ], [ 131.876763217520477, 43.111840238258111 ], [ 131.876742005546902, 43.111777444627073 ], [ 131.876826599768322, 43.111761465021296 ], [ 131.876831423716794, 43.111652591176899 ], [ 131.876697253160302, 43.11146348507954 ], [ 131.87654679143364, 43.111355014982855 ], [ 131.876535056524631, 43.111364675224962 ], [ 131.876449626587032, 43.111427469514261 ] ] } },
{ "type": "Feature", "properties": { "fid": 9, "Layer": "0", "PaperSpace": null, "SubClasses": "AcDbEntity:AcDbPolyline", "Linetype": null, "EntityHandle": "37", "Text": null, "ogr_style": "PEN(c:#000000)", "font": null, "angle": null, "size": null, "size_u": null, "anchor": null, "color": "#000000", "underline": null, "plaintext": null, "fcolor": null, "flnum": null, "bold": null, "italic": null, "dx": null, "dx_u": null, "dy": null, "dy_u": null }, "geometry": { "type": "LineString", "coordinates": [ [ 131.875490613636345, 43.111572022695142 ], [ 131.875468935609746, 43.111582143557477 ], [ 131.875385867766965, 43.111620429771847 ], [ 131.87531842499223, 43.111646856128942 ], [ 131.875363883084418, 43.111679430432226 ], [ 131.875399424983215, 43.111700853572479 ], [ 131.875521199640161, 43.111591245670489 ], [ 131.875490613636345, 43.111572022695142 ] ] } },
{ "type": "Feature", "properties": { "fid": 10, "Layer": "0", "PaperSpace": null, "SubClasses": "AcDbEntity:AcDbPolyline", "Linetype": null, "EntityHandle": "38", "Text": null, "ogr_style": "PEN(c:#000000)", "font": null, "angle": null, "size": null, "size_u": null, "anchor": null, "color": "#000000", "underline": null, "plaintext": null, "fcolor": null, "flnum": null, "bold": null, "italic": null, "dx": null, "dx_u": null, "dy": null, "dy_u": null }, "geometry": { "type": "LineString", "coordinates": [ [ 131.880590132906462, 43.109963959213815 ], [ 131.880614876833931, 43.109960107065149 ], [ 131.880612776815354, 43.109953017445385 ], [ 131.880752476522503, 43.109934224168434 ], [ 131.880768969752268, 43.109987703781044 ], [ 131.880863648006539, 43.109972428728319 ], [ 131.880956857341232, 43.10995743857832 ], [ 131.880912130028037, 43.109827375651172 ], [ 131.880858970234414, 43.109686687010253 ], [ 131.880526423088213, 43.109739756214751 ], [ 131.880590132906462, 43.109963959213815 ] ] } },
{ "type": "Feature", "properties": { "fid": 11, "Layer": "0", "PaperSpace": null, "SubClasses": "AcDbEntity:AcDbPolyline", "Linetype": null, "EntityHandle": "39", "Text": null, "ogr_style": "PEN(c:#000000)", "font": null, "angle": null, "size": null, "size_u": null, "anchor": null, "color": "#000000", "underline": null, "plaintext": null, "fcolor": null, "flnum": null, "bold": null, "italic": null, "dx": null, "dx_u": null, "dy": null, "dy_u": null }, "geometry": { "type": "LineString", "coordinates": [ [ 131.883029965770163, 43.112152973475034 ], [ 131.883709362997422, 43.111938478866676 ], [ 131.882869978527765, 43.1105338414838 ], [ 131.882196888953075, 43.110749887122289 ], [ 131.883029965770163, 43.112152973475034 ] ] } },
{ "type": "Feature", "properties": { "fid": 12, "Layer": "0", "PaperSpace": null, "SubClasses": "AcDbEntity:AcDbPolyline", "Linetype": null, "EntityHandle": "3A", "Text": null, "ogr_style": "PEN(c:#000000)", "font": null, "angle": null, "size": null, "size_u": null, "anchor": null, "color": "#000000", "underline": null, "plaintext": null, "fcolor": null, "flnum": null, "bold": null, "italic": null, "dx": null, "dx_u": null, "dy": null, "dy_u": null }, "geometry": { "type": "LineString", "coordinates": [ [ 131.881444536475897, 43.109131383228075 ], [ 131.88151220420724, 43.109130064422217 ], [ 131.881512260569906, 43.109145996041207 ], [ 131.881784552220438, 43.109141964090647 ], [ 131.88175703253367, 43.10843582699696 ], [ 131.881620125723657, 43.108439741025016 ], [ 131.881614529013149, 43.108228808929347 ], [ 131.881354548158527, 43.108233975358949 ], [ 131.881372454808115, 43.108815633262104 ], [ 131.881431645218242, 43.108814310765517 ], [ 131.881444536475897, 43.109131383228075 ] ] } },
{ "type": "Feature", "properties": { "fid": 13, "Layer": "0", "PaperSpace": null, "SubClasses": "AcDbEntity:AcDbPolyline", "Linetype": null, "EntityHandle": "3B", "Text": null, "ogr_style": "PEN(c:#000000)", "font": null, "angle": null, "size": null, "size_u": null, "anchor": null, "color": "#000000", "underline": null, "plaintext": null, "fcolor": null, "flnum": null, "bold": null, "italic": null, "dx": null, "dx_u": null, "dy": null, "dy_u": null }, "geometry": { "type": "LineString", "coordinates": [ [ 131.873985030816073, 43.106572936758937 ], [ 131.873733711439911, 43.106705005826832 ], [ 131.874000323589826, 43.10683696862592 ], [ 131.874155967598028, 43.106725759414267 ], [ 131.873985030816073, 43.106572936758937 ] ] } },
{ "type": "Feature", "properties": { "fid": 14, "Layer": "0", "PaperSpace": null, "SubClasses": "AcDbEntity:AcDbPolyline", "Linetype": null, "EntityHandle": "3C", "Text": null, "ogr_style": "PEN(c:#000000)", "font": null, "angle": null, "size": null, "size_u": null, "anchor": null, "color": "#000000", "underline": null, "plaintext": null, "fcolor": null, "flnum": null, "bold": null, "italic": null, "dx": null, "dx_u": null, "dy": null, "dy_u": null }, "geometry": { "type": "LineString", "coordinates": [ [ 131.850926877712453, 43.082772832905071 ], [ 131.850932613229247, 43.082744241989694 ], [ 131.850956316691537, 43.082617899068374 ], [ 131.850810194248112, 43.082545266546127 ], [ 131.850628502810451, 43.08246830557853 ], [ 131.850313600517751, 43.082292929590089 ], [ 131.850093766049127, 43.082258471584943 ], [ 131.850101549243419, 43.082247682977055 ], [ 131.850094283851774, 43.082226601903528 ], [ 131.850081465248678, 43.082204045603675 ], [ 131.850057072268839, 43.082193125566711 ], [ 131.850024972434881, 43.082190473011707 ], [ 131.84998648146393, 43.082194184633721 ], [ 131.849949876895749, 43.082206968863439 ], [ 131.849720136953806, 43.082088086138874 ], [ 131.849697843061506, 43.082064453430313 ], [ 131.849497447852599, 43.082071927857065 ], [ 131.849479057687915, 43.082073550083138 ], [ 131.849174424051824, 43.082075394655952 ], [ 131.849027316023552, 43.0820824309857 ], [ 131.848989390278604, 43.082036809628171 ], [ 131.848789182495892, 43.082174529580108 ], [ 131.848862546522952, 43.082210709145507 ], [ 131.848915463312665, 43.08223682947677 ], [ 131.848946031483649, 43.082249668949665 ], [ 131.848970058525936, 43.082220717144445 ], [ 131.84899956688426, 43.082216014579124 ], [ 131.849025801364178, 43.082226916622645 ], [ 131.849040951582111, 43.082209394247514 ], [ 131.84913235744213, 43.082251696036479 ], [ 131.849123827461852, 43.082261951890537 ], [ 131.849166490947908, 43.082278092115388 ], [ 131.849158684380882, 43.082287620710993 ], [ 131.849234547543801, 43.082319454690627 ], [ 131.849301919176725, 43.082350292498376 ], [ 131.84946630524388, 43.082421215971387 ], [ 131.849593446777959, 43.082476845644614 ], [ 131.849621006074045, 43.082439667569226 ], [ 131.849760714332973, 43.082497512993505 ], [ 131.8496750715899, 43.082608086507541 ], [ 131.849877865264574, 43.082697351842285 ], [ 131.849844130999287, 43.083079160319578 ], [ 131.850032524640369, 43.08350638615596 ], [ 131.849987910356674, 43.083517719493599 ], [ 131.85009568134663, 43.083688216762674 ], [ 131.850452446634364, 43.083596110510065 ], [ 131.850969109229936, 43.083311411312707 ], [ 131.850939981681279, 43.083270204060582 ], [ 131.850926877712453, 43.082772832905071 ] ] } },
{ "type": "Feature", "properties": { "fid": 15, "Layer": "0", "PaperSpace": null, "SubClasses": "AcDbEntity:AcDbPolyline", "Linetype": null, "EntityHandle": "3D", "Text": null, "ogr_style": "PEN(c:#000000)", "font": null, "angle": null, "size": null, "size_u": null, "anchor": null, "color": "#000000", "underline": null, "plaintext": null, "fcolor": null, "flnum": null, "bold": null, "italic": null, "dx": null, "dx_u": null, "dy": null, "dy_u": null }, "geometry": { "type": "LineString", "coordinates": [ [ 131.842765028601377, 43.080099573614426 ], [ 131.842727232395248, 43.079993640230896 ], [ 131.842677485047062, 43.079972706588165 ], [ 131.842704057898999, 43.079915016919365 ], [ 131.842574519082831, 43.07990891023389 ], [ 131.84234906576404, 43.079915628488514 ], [ 131.842289998634214, 43.07997588797496 ], [ 131.842377676177875, 43.080036324451378 ], [ 131.842403600073055, 43.080097458280747 ], [ 131.842429276824646, 43.080158504521506 ], [ 131.842765028601377, 43.080099573614426 ] ] } },
{ "type": "Feature", "properties": { "fid": 16, "Layer": "0", "PaperSpace": null, "SubClasses": "AcDbEntity:AcDbPolyline", "Linetype": null, "EntityHandle": "3E", "Text": null, "ogr_style": "PEN(c:#000000)", "font": null, "angle": null, "size": null, "size_u": null, "anchor": null, "color": "#000000", "underline": null, "plaintext": null, "fcolor": null, "flnum": null, "bold": null, "italic": null, "dx": null, "dx_u": null, "dy": null, "dy_u": null }, "geometry": { "type": "LineString", "coordinates": [ [ 131.863633976496629, 43.100707872758271 ], [ 131.863721400656317, 43.100752002857242 ], [ 131.863918617799925, 43.100604025709544 ], [ 131.86392148470776, 43.100533877189996 ], [ 131.863741650058955, 43.100277163692567 ], [ 131.863911275781334, 43.10021731534529 ], [ 131.864313809570234, 43.099967275233837 ], [ 131.863620602595489, 43.09935943854682 ], [ 131.863160519202978, 43.09966532048508 ], [ 131.863021340248707, 43.099553028761392 ], [ 131.862794147085225, 43.099680961741178 ], [ 131.863219684920125, 43.100150345571294 ], [ 131.863440384118149, 43.100497203074227 ], [ 131.863633976496629, 43.100707872758271 ] ] } },
{ "type": "Feature", "properties": { "fid": 17, "Layer": "0", "PaperSpace": null, "SubClasses": "AcDbEntity:AcDbPolyline", "Linetype": null, "EntityHandle": "3F", "Text": null, "ogr_style": "PEN(c:#000000)", "font": null, "angle": null, "size": null, "size_u": null, "anchor": null, "color": "#000000", "underline": null, "plaintext": null, "fcolor": null, "flnum": null, "bold": null, "italic": null, "dx": null, "dx_u": null, "dy": null, "dy_u": null }, "geometry": { "type": "LineString", "coordinates": [ [ 131.8509046684417, 43.087919985735297 ], [ 131.851645697374153, 43.087945584262663 ], [ 131.851580485878969, 43.087626325519814 ], [ 131.851068173035856, 43.087569475728095 ], [ 131.850904064460167, 43.08760764738193 ], [ 131.8509046684417, 43.087919985735297 ] ] } },
{ "type": "Feature", "properties": { "fid": 18, "Layer": "0", "PaperSpace": null, "SubClasses": "AcDbEntity:AcDbPolyline", "Linetype": null, "EntityHandle": "40", "Text": null, "ogr_style": "PEN(c:#000000)", "font": null, "angle": null, "size": null, "size_u": null, "anchor": null, "color": "#000000", "underline": null, "plaintext": null, "fcolor": null, "flnum": null, "bold": null, "italic": null, "dx": null, "dx_u": null, "dy": null, "dy_u": null }, "geometry": { "type": "LineString", "coordinates": [ [ 131.845861394750671, 43.082055381394589 ], [ 131.846209802020041, 43.082203705186807 ], [ 131.846358103280608, 43.082228165207226 ], [ 131.846492913857276, 43.082307035970217 ], [ 131.846800590541562, 43.082383839736551 ], [ 131.84778164320457, 43.082376938813816 ], [ 131.847718503021611, 43.08219555677843 ], [ 131.846882564823687, 43.081893000202463 ], [ 131.846526051069105, 43.081851513750109 ], [ 131.845861394750671, 43.082055381394589 ] ] } },
{ "type": "Feature", "properties": { "fid": 19, "Layer": "0", "PaperSpace": null, "SubClasses": "AcDbEntity:AcDbPolyline", "Linetype": null, "EntityHandle": "41", "Text": null, "ogr_style": "PEN(c:#000000)", "font": null, "angle": null, "size": null, "size_u": null, "anchor": null, "color": "#000000", "underline": null, "plaintext": null, "fcolor": null, "flnum": null, "bold": null, "italic": null, "dx": null, "dx_u": null, "dy": null, "dy_u": null }, "geometry": { "type": "LineString", "coordinates": [ [ 131.87046906122751, 43.103536131831113 ], [ 131.870173365581735, 43.103332623856765 ], [ 131.870137012370662, 43.103306886629582 ], [ 131.870348445901584, 43.1031444431989 ], [ 131.870404811243247, 43.103182670381628 ], [ 131.870554706750426, 43.103288814136071 ], [ 131.870641727616231, 43.103356796292367 ], [ 131.870655184799745, 43.103366922026481 ], [ 131.870644910745199, 43.103395469570998 ], [ 131.87062243134605, 43.103415138930835 ], [ 131.87054096342294, 43.103479329134977 ], [ 131.87049072998704, 43.103519081036758 ], [ 131.87046906122751, 43.103536131831113 ] ] } },
{ "type": "Feature", "properties": { "fid": 20, "Layer": "0", "PaperSpace": null, "SubClasses": "AcDbEntity:AcDbPolyline", "Linetype": null, "EntityHandle": "42", "Text": null, "ogr_style": "PEN(c:#000000)", "font": null, "angle": null, "size": null, "size_u": null, "anchor": null, "color": "#000000", "underline": null, "plaintext": null, "fcolor": null, "flnum": null, "bold": null, "italic": null, "dx": null, "dx_u": null, "dy": null, "dy_u": null }, "geometry": { "type": "LineString", "coordinates": [ [ 131.869877414117184, 43.102820824851321 ], [ 131.870252207110525, 43.103050000041435 ], [ 131.870059088918367, 43.103213068828865 ], [ 131.870030788390551, 43.103236757288428 ], [ 131.8697955494562, 43.103079895605212 ], [ 131.869606635980432, 43.102943359646908 ], [ 131.869775736808691, 43.102816178558747 ], [ 131.869877414117184, 43.102820824851321 ] ] } },
{ "type": "Feature", "properties": { "fid": 21, "Layer": "0", "PaperSpace": null, "SubClasses": "AcDbEntity:AcDbPolyline", "Linetype": null, "EntityHandle": "43", "Text": null, "ogr_style": "PEN(c:#000000)", "font": null, "angle": null, "size": null, "size_u": null, "anchor": null, "color": "#000000", "underline": null, "plaintext": null, "fcolor": null, "flnum": null, "bold": null, "italic": null, "dx": null, "dx_u": null, "dy": null, "dy_u": null }, "geometry": { "type": "LineString", "coordinates": [ [ 131.855647415895817, 43.0841606681808 ], [ 131.855544566830702, 43.084091031579277 ], [ 131.855765833473072, 43.083890711384441 ], [ 131.8558068470943, 43.083830894718957 ], [ 131.855907926618158, 43.08383816981312 ], [ 131.85599602576093, 43.083840803353645 ], [ 131.856113395611175, 43.083832523907674 ], [ 131.856237181347012, 43.083839122589389 ], [ 131.856315149336524, 43.083858329103897 ], [ 131.856396362355952, 43.083906847431678 ], [ 131.856392323153585, 43.083967196246654 ], [ 131.856299165814704, 43.084162101510053 ], [ 131.856287945213808, 43.084186156646474 ], [ 131.856253254269376, 43.084202794385767 ], [ 131.855822849111064, 43.084190876760083 ], [ 131.855647415895817, 43.0841606681808 ] ] } },
{ "type": "Feature", "properties": { "fid": 22, "Layer": "0", "PaperSpace": null, "SubClasses": "AcDbEntity:AcDbPolyline", "Linetype": null, "EntityHandle": "44", "Text": null, "ogr_style": "PEN(c:#000000)", "font": null, "angle": null, "size": null, "size_u": null, "anchor": null, "color": "#000000", "underline": null, "plaintext": null, "fcolor": null, "flnum": null, "bold": null, "italic": null, "dx": null, "dx_u": null, "dy": null, "dy_u": null }, "geometry": { "type": "LineString", "coordinates": [ [ 131.854851464778591, 43.084582285308372 ], [ 131.854714481378267, 43.084639005358696 ], [ 131.854634725010186, 43.084536463668194 ], [ 131.854790630093561, 43.08448027565764 ], [ 131.854851464778591, 43.084582285308372 ] ] } },
{ "type": "Feature", "properties": { "fid": 23, "Layer": "0", "PaperSpace": null, "SubClasses": "AcDbEntity:AcDbPolyline", "Linetype": null, "EntityHandle": "45", "Text": null, "ogr_style": "PEN(c:#000000)", "font": null, "angle": null, "size": null, "size_u": null, "anchor": null, "color": "#000000", "underline": null, "plaintext": null, "fcolor": null, "flnum": null, "bold": null, "italic": null, "dx": null, "dx_u": null, "dy": null, "dy_u": null }, "geometry": { "type": "LineString", "coordinates": [ [ 131.850202670480712, 43.086327683302912 ], [ 131.85032121421753, 43.086489342335049 ], [ 131.850544455030672, 43.086401348703887 ], [ 131.850425910886202, 43.086239689905348 ], [ 131.850202670480712, 43.086327683302912 ] ] } },
{ "type": "Feature", "properties": { "fid": 24, "Layer": "0", "PaperSpace": null, "SubClasses": "AcDbEntity:AcDbPolyline", "Linetype": null, "EntityHandle": "46", "Text": null, "ogr_style": "PEN(c:#000000)", "font": null, "angle": null, "size": null, "size_u": null, "anchor": null, "color": "#000000", "underline": null, "plaintext": null, "fcolor": null, "flnum": null, "bold": null, "italic": null, "dx": null, "dx_u": null, "dy": null, "dy_u": null }, "geometry": { "type": "LineString", "coordinates": [ [ 131.862195102520047, 43.092426180633296 ], [ 131.86236304108661, 43.092619557092142 ], [ 131.862662054117465, 43.09284708590495 ], [ 131.862826688209651, 43.092784048644788 ], [ 131.862584210585283, 43.092327952095694 ], [ 131.862195102520047, 43.092426180633296 ] ] } },
{ "type": "Feature", "properties": { "fid": 25, "Layer": "0", "PaperSpace": null, "SubClasses": "AcDbEntity:AcDbPolyline", "Linetype": null, "EntityHandle": "47", "Text": null, "ogr_style": "PEN(c:#000000)", "font": null, "angle": null, "size": null, "size_u": null, "anchor": null, "color": "#000000", "underline": null, "plaintext": null, "fcolor": null, "flnum": null, "bold": null, "italic": null, "dx": null, "dx_u": null, "dy": null, "dy_u": null }, "geometry": { "type": "LineString", "coordinates": [ [ 131.862779603088313, 43.092234902744181 ], [ 131.862916019901434, 43.09256226288381 ], [ 131.863244281228077, 43.092441598239979 ], [ 131.863064561064022, 43.092071016095048 ], [ 131.862822899565941, 43.092139505777446 ], [ 131.862779603088313, 43.092234902744181 ] ] } },
{ "type": "Feature", "properties": { "fid": 26, "Layer": "0", "PaperSpace": null, "SubClasses": "AcDbEntity:AcDbPolyline", "Linetype": null, "EntityHandle": "48", "Text": null, "ogr_style": "PEN(c:#000000)", "font": null, "angle": null, "size": null, "size_u": null, "anchor": null, "color": "#000000", "underline": null, "plaintext": null, "fcolor": null, "flnum": null, "bold": null, "italic": null, "dx": null, "dx_u": null, "dy": null, "dy_u": null }, "geometry": { "type": "LineString", "coordinates": [ [ 131.861605197407982, 43.090962446199931 ], [ 131.862026141309997, 43.091881224591432 ], [ 131.862293315591245, 43.091817521924014 ], [ 131.862332603148019, 43.091737647447317 ], [ 131.862316367107582, 43.091400262363351 ], [ 131.862049958066365, 43.090845750187313 ], [ 131.861605197407982, 43.090962446199931 ] ] } },
{ "type": "Feature", "properties": { "fid": 27, "Layer": "0", "PaperSpace": null, "SubClasses": "AcDbEntity:AcDbPolyline", "Linetype": null, "EntityHandle": "49", "Text": null, "ogr_style": "PEN(c:#000000)", "font": null, "angle": null, "size": null, "size_u": null, "anchor": null, "color": "#000000", "underline": null, "plaintext": null, "fcolor": null, "flnum": null, "bold": null, "italic": null, "dx": null, "dx_u": null, "dy": null, "dy_u": null }, "geometry": { "type": "LineString", "coordinates": [ [ 131.862400063253432, 43.091561447385111 ], [ 131.862440609341661, 43.091852232542891 ], [ 131.862495757785638, 43.091997320963159 ], [ 131.862643903489186, 43.091959112511297 ], [ 131.862723877722715, 43.092105032389007 ], [ 131.862806196841404, 43.092080264672397 ], [ 131.862895586335696, 43.091973604553054 ], [ 131.862904560720608, 43.091822563393059 ], [ 131.862799155106075, 43.091584005214436 ], [ 131.862615610321882, 43.09147575760678 ], [ 131.862400063253432, 43.091561447385111 ] ] } },
{ "type": "Feature", "properties": { "fid": 28, "Layer": "0", "PaperSpace": null, "SubClasses": "AcDbEntity:AcDbPolyline", "Linetype": null, "EntityHandle": "4A", "Text": null, "ogr_style": "PEN(c:#000000)", "font": null, "angle": null, "size": null, "size_u": null, "anchor": null, "color": "#000000", "underline": null, "plaintext": null, "fcolor": null, "flnum": null, "bold": null, "italic": null, "dx": null, "dx_u": null, "dy": null, "dy_u": null }, "geometry": { "type": "LineString", "coordinates": [ [ 131.861264526153121, 43.090343775853668 ], [ 131.861567676951921, 43.090972362888337 ], [ 131.862049958066365, 43.090845750187313 ], [ 131.861778168182809, 43.090285620367951 ], [ 131.861705738657747, 43.090307137962462 ], [ 131.861667460609652, 43.090256573718058 ], [ 131.861264526153121, 43.090343775853668 ] ] } },
{ "type": "Feature", "properties": { "fid": 29, "Layer": "0", "PaperSpace": null, "SubClasses": "AcDbEntity:AcDbPolyline", "Linetype": null, "EntityHandle": "4B", "Text": null, "ogr_style": "PEN(c:#000000)", "font": null, "angle": null, "size": null, "size_u": null, "anchor": null, "color": "#000000", "underline": null, "plaintext": null, "fcolor": null, "flnum": null, "bold": null, "italic": null, "dx": null, "dx_u": null, "dy": null, "dy_u": null }, "geometry": { "type": "LineString", "coordinates": [ [ 131.860745237473338, 43.090428539230814 ], [ 131.861507455020785, 43.092012161906467 ], [ 131.861659237044307, 43.09227465074764 ], [ 131.861989347371178, 43.092193846820372 ], [ 131.861966322618201, 43.092072110039339 ], [ 131.862026141309997, 43.091881224591432 ], [ 131.861605197407982, 43.090962446199931 ], [ 131.861567676951921, 43.090972362888337 ], [ 131.861264526153121, 43.090343775853668 ], [ 131.861219015564728, 43.090313716676945 ], [ 131.861134798850287, 43.090295836203609 ], [ 131.860745237473338, 43.090428539230814 ] ] } },
{ "type": "Feature", "properties": { "fid": 30, "Layer": "0", "PaperSpace": null, "SubClasses": "AcDbEntity:AcDbPolyline", "Linetype": null, "EntityHandle": "4C", "Text": null, "ogr_style": "PEN(c:#000000)", "font": null, "angle": null, "size": null, "size_u": null, "anchor": null, "color": "#000000", "underline": null, "plaintext": null, "fcolor": null, "flnum": null, "bold": null, "italic": null, "dx": null, "dx_u": null, "dy": null, "dy_u": null }, "geometry": { "type": "LineString", "coordinates": [ [ 131.871135158897459, 43.104198747450511 ], [ 131.871143056654347, 43.104200648056903 ], [ 131.871185747411857, 43.104230191563786 ], [ 131.871498058337863, 43.104448021231441 ], [ 131.871534982926391, 43.104471411929083 ], [ 131.87138750155583, 43.104565882948677 ], [ 131.871265362740701, 43.104655777511041 ], [ 131.871236138017451, 43.104676055113046 ], [ 131.870993377548558, 43.10453124348313 ], [ 131.870913042255921, 43.10447921640548 ], [ 131.870902720530268, 43.104426753215215 ], [ 131.870898030674653, 43.104399436719504 ], [ 131.87093582238208, 43.104357829853413 ], [ 131.870982440277203, 43.104315233828409 ], [ 131.87109669123231, 43.10422397892944 ], [ 131.871127217789507, 43.104201077867643 ], [ 131.871135158897459, 43.104198747450511 ] ] } },
{ "type": "Feature", "properties": { "fid": 31, "Layer": "0", "PaperSpace": null, "SubClasses": "AcDbEntity:AcDbPolyline", "Linetype": null, "EntityHandle": "4D", "Text": null, "ogr_style": "PEN(c:#000000)", "font": null, "angle": null, "size": null, "size_u": null, "anchor": null, "color": "#000000", "underline": null, "plaintext": null, "fcolor": null, "flnum": null, "bold": null, "italic": null, "dx": null, "dx_u": null, "dy": null, "dy_u": null }, "geometry": { "type": "LineString", "coordinates": [ [ 131.870093029279758, 43.104654726886189 ], [ 131.870179712022974, 43.104704620275612 ], [ 131.870286008666284, 43.104765387426951 ], [ 131.870316088207744, 43.104784076853818 ], [ 131.870387298522957, 43.104827735163681 ], [ 131.870472754063513, 43.104884211610909 ], [ 131.87058801902819, 43.104964600795078 ], [ 131.870635889462505, 43.105001743338292 ], [ 131.870647688877881, 43.105080565302544 ], [ 131.870425727731146, 43.105291092020707 ], [ 131.870355850905099, 43.105266142890542 ], [ 131.870323774470137, 43.105232711560156 ], [ 131.870263981864355, 43.105175616280505 ], [ 131.870248223974784, 43.105160743033316 ], [ 131.869966550686968, 43.104991297989457 ], [ 131.869876443868208, 43.104942249056059 ], [ 131.869823151629078, 43.104910741597521 ], [ 131.870093029279758, 43.104654726886189 ] ] } },
{ "type": "Feature", "properties": { "fid": 32, "Layer": "0", "PaperSpace": null, "SubClasses": "AcDbEntity:AcDbPolyline", "Linetype": null, "EntityHandle": "4E", "Text": null, "ogr_style": "PEN(c:#000000)", "font": null, "angle": null, "size": null, "size_u": null, "anchor": null, "color": "#000000", "underline": null, "plaintext": null, "fcolor": null, "flnum": null, "bold": null, "italic": null, "dx": null, "dx_u": null, "dy": null, "dy_u": null }, "geometry": { "type": "LineString", "coordinates": [ [ 131.880163336638077, 43.112046504451754 ], [ 131.880453673322165, 43.11198909489881 ], [ 131.880337141951685, 43.111668125654255 ], [ 131.880156953054097, 43.111715953991308 ], [ 131.880025360892319, 43.111760857720377 ], [ 131.880163336638077, 43.112046504451754 ] ] } },
{ "type": "Feature", "properties": { "fid": 33, "Layer": "0", "PaperSpace": null, "SubClasses": "AcDbEntity:AcDbPolyline", "Linetype": null, "EntityHandle": "4F", "Text": null, "ogr_style": "PEN(c:#000000)", "font": null, "angle": null, "size": null, "size_u": null, "anchor": null, "color": "#000000", "underline": null, "plaintext": null, "fcolor": null, "flnum": null, "bold": null, "italic": null, "dx": null, "dx_u": null, "dy": null, "dy_u": null }, "geometry": { "type": "LineString", "coordinates": [ [ 131.879983852226559, 43.111521756789053 ], [ 131.880072550946267, 43.111729053710704 ], [ 131.880372390785311, 43.111661016311061 ], [ 131.880303062769656, 43.111490517744414 ], [ 131.880311381482016, 43.111488632914579 ], [ 131.880295162675196, 43.111449642448541 ], [ 131.880189092295439, 43.111473313988483 ], [ 131.880167413392485, 43.111483345736858 ], [ 131.879983852226559, 43.111521756789053 ] ] } },
{ "type": "Feature", "properties": { "fid": 34, "Layer": "0", "PaperSpace": null, "SubClasses": "AcDbEntity:AcDbPolyline", "Linetype": null, "EntityHandle": "50", "Text": null, "ogr_style": "PEN(c:#000000)", "font": null, "angle": null, "size": null, "size_u": null, "anchor": null, "color": "#000000", "underline": null, "plaintext": null, "fcolor": null, "flnum": null, "bold": null, "italic": null, "dx": null, "dx_u": null, "dy": null, "dy_u": null }, "geometry": { "type": "LineString", "coordinates": [ [ 131.875367359193376, 43.114938021899434 ], [ 131.875494499555174, 43.115047359707781 ], [ 131.875704641216515, 43.114828121970007 ], [ 131.875676132773066, 43.114814908841545 ], [ 131.875526855981406, 43.114737029661036 ], [ 131.875505722046739, 43.114736973625376 ], [ 131.875461995752374, 43.114770270878822 ], [ 131.875443267009189, 43.114793503667642 ], [ 131.875423335295835, 43.114818098818283 ], [ 131.875367359193376, 43.114938021899434 ] ] } },
{ "type": "Feature", "properties": { "fid": 35, "Layer": "0", "PaperSpace": null, "SubClasses": "AcDbEntity:AcDbPolyline", "Linetype": null, "EntityHandle": "51", "Text": null, "ogr_style": "PEN(c:#000000)", "font": null, "angle": null, "size": null, "size_u": null, "anchor": null, "color": "#000000", "underline": null, "plaintext": null, "fcolor": null, "flnum": null, "bold": null, "italic": null, "dx": null, "dx_u": null, "dy": null, "dy_u": null }, "geometry": { "type": "LineString", "coordinates": [ [ 131.831653438038302, 43.072059933148132 ], [ 131.831481541602528, 43.07205971728559 ] ] } },
{ "type": "Feature", "properties": { "fid": 36, "Layer": "0", "PaperSpace": null, "SubClasses": "AcDbEntity:AcDbPolyline", "Linetype": null, "EntityHandle": "52", "Text": null, "ogr_style": "PEN(c:#000000)", "font": null, "angle": null, "size": null, "size_u": null, "anchor": null, "color": "#000000", "underline": null, "plaintext": null, "fcolor": null, "flnum": null, "bold": null, "italic": null, "dx": null, "dx_u": null, "dy": null, "dy_u": null }, "geometry": { "type": "LineString", "coordinates": [ [ 131.878552613116852, 43.113779403837448 ], [ 131.879066651291112, 43.113862576020558 ], [ 131.879066741994166, 43.113854383978008 ], [ 131.87924114348661, 43.113824978670394 ], [ 131.879387111065398, 43.113903156669544 ], [ 131.879565404198075, 43.114202616339313 ], [ 131.879485973340394, 43.114225386440971 ], [ 131.879553586821345, 43.114363678437023 ], [ 131.879625280382925, 43.114347557813254 ], [ 131.879665172440895, 43.114442835516343 ], [ 131.879670079885699, 43.114559261575749 ], [ 131.879456973895429, 43.114614624292372 ], [ 131.878959755950007, 43.114498698601082 ], [ 131.878957324260426, 43.114415641932617 ], [ 131.877696518829623, 43.114326455810172 ], [ 131.877685417082404, 43.11426563009762 ], [ 131.877323916614955, 43.114263896176766 ], [ 131.877100417692674, 43.114237448698297 ], [ 131.877069791967358, 43.114300767856641 ], [ 131.876968576832553, 43.114289102348494 ], [ 131.87687692939565, 43.114257086983251 ], [ 131.876727024255757, 43.114113416724422 ], [ 131.876460064981302, 43.113945549097515 ], [ 131.876588591479418, 43.113789965384989 ], [ 131.876339628758814, 43.113573038367186 ], [ 131.876390742239892, 43.113482058022107 ], [ 131.876523203563863, 43.113489356822832 ], [ 131.876817839579672, 43.11372409295106 ], [ 131.877257985667768, 43.113798210967325 ], [ 131.878234905714208, 43.113825834830074 ], [ 131.878552613116852, 43.113779403837448 ] ] } },
{ "type": "Feature", "properties": { "fid": 37, "Layer": "0", "PaperSpace": null, "SubClasses": "AcDbEntity:AcDbPolyline", "Linetype": null, "EntityHandle": "53", "Text": null, "ogr_style": "PEN(c:#000000)", "font": null, "angle": null, "size": null, "size_u": null, "anchor": null, "color": "#000000", "underline": null, "plaintext": null, "fcolor": null, "flnum": null, "bold": null, "italic": null, "dx": null, "dx_u": null, "dy": null, "dy_u": null }, "geometry": { "type": "LineString", "coordinates": [ [ 131.889919279306582, 43.114901828331746 ], [ 131.890417375262473, 43.114805268348654 ], [ 131.890380003776471, 43.114701327396368 ], [ 131.890298015838141, 43.114474347130468 ], [ 131.889899700967305, 43.114552241304686 ], [ 131.889955252627772, 43.114707483060151 ], [ 131.889852044536212, 43.114726723604228 ], [ 131.889919279306582, 43.114901828331746 ] ] } },
{ "type": "Feature", "properties": { "fid": 38, "Layer": "0", "PaperSpace": null, "SubClasses": "AcDbEntity:AcDbPolyline", "Linetype": null, "EntityHandle": "54", "Text": null, "ogr_style": "PEN(c:#000000)", "font": null, "angle": null, "size": null, "size_u": null, "anchor": null, "color": "#000000", "underline": null, "plaintext": null, "fcolor": null, "flnum": null, "bold": null, "italic": null, "dx": null, "dx_u": null, "dy": null, "dy_u": null }, "geometry": { "type": "LineString", "coordinates": [ [ 131.889176846313006, 43.115045805864817 ], [ 131.889766998646849, 43.114931383213303 ], [ 131.889720231868438, 43.114798644409362 ], [ 131.889672424133749, 43.11466285583483 ], [ 131.889346759780636, 43.114729922037526 ], [ 131.889348900497311, 43.114739081355062 ], [ 131.889087722996493, 43.114785953346512 ], [ 131.889105715256591, 43.114846707338771 ], [ 131.889166078350655, 43.115015942096363 ], [ 131.889176846313006, 43.115045805864817 ] ] } },
{ "type": "Feature", "properties": { "fid": 39, "Layer": "0", "PaperSpace": null, "SubClasses": "AcDbEntity:AcDbPolyline", "Linetype": null, "EntityHandle": "55", "Text": null, "ogr_style": "PEN(c:#000000)", "font": null, "angle": null, "size": null, "size_u": null, "anchor": null, "color": "#000000", "underline": null, "plaintext": null, "fcolor": null, "flnum": null, "bold": null, "italic": null, "dx": null, "dx_u": null, "dy": null, "dy_u": null }, "geometry": { "type": "LineString", "coordinates": [ [ 131.882766615058586, 43.116958353582589 ], [ 131.883175445714528, 43.116908820933773 ], [ 131.883385960952438, 43.116897943775648 ], [ 131.883179123950839, 43.116345576662304 ], [ 131.882590656357564, 43.116459498108433 ], [ 131.882766615058586, 43.116958353582589 ] ] } },
{ "type": "Feature", "properties": { "fid": 40, "Layer": "0", "PaperSpace": null, "SubClasses": "AcDbEntity:AcDbPolyline", "Linetype": null, "EntityHandle": "56", "Text": null, "ogr_style": "PEN(c:#000000)", "font": null, "angle": null, "size": null, "size_u": null, "anchor": null, "color": "#000000", "underline": null, "plaintext": null, "fcolor": null, "flnum": null, "bold": null, "italic": null, "dx": null, "dx_u": null, "dy": null, "dy_u": null }, "geometry": { "type": "LineString", "coordinates": [ [ 131.828626796843622, 43.075015611285949 ], [ 131.828454892061416, 43.075015390968396 ] ] } },
{ "type": "Feature", "properties": { "fid": 41, "Layer": "0", "PaperSpace": null, "SubClasses": "AcDbEntity:AcDbPolyline", "Linetype": null, "EntityHandle": "57", "Text": null, "ogr_style": "PEN(c:#000000)", "font": null, "angle": null, "size": null, "size_u": null, "anchor": null, "color": "#000000", "underline": null, "plaintext": null, "fcolor": null, "flnum": null, "bold": null, "italic": null, "dx": null, "dx_u": null, "dy": null, "dy_u": null }, "geometry": { "type": "LineString", "coordinates": [ [ 131.828638601373768, 43.074738076472535 ], [ 131.828466697367787, 43.074737856164049 ] ] } },
{ "type": "Feature", "properties": { "fid": 42, "Layer": "0", "PaperSpace": null, "SubClasses": "AcDbEntity:AcDbPolyline", "Linetype": null, "EntityHandle": "58", "Text": null, "ogr_style": "PEN(c:#000000)", "font": null, "angle": null, "size": null, "size_u": null, "anchor": null, "color": "#000000", "underline": null, "plaintext": null, "fcolor": null, "flnum": null, "bold": null, "italic": null, "dx": null, "dx_u": null, "dy": null, "dy_u": null }, "geometry": { "type": "LineString", "coordinates": [ [ 131.874593687164605, 43.113009597227204 ], [ 131.87464499980328, 43.113007277795113 ], [ 131.874635408641268, 43.112954717619424 ], [ 131.874584510365281, 43.112959463188041 ], [ 131.874593687164605, 43.113009597227204 ] ] } },
{ "type": "Feature", "properties": { "fid": 43, "Layer": "0", "PaperSpace": null, "SubClasses": "AcDbEntity:AcDbPolyline", "Linetype": null, "EntityHandle": "59", "Text": null, "ogr_style": "PEN(c:#000000)", "font": null, "angle": null, "size": null, "size_u": null, "anchor": null, "color": "#000000", "underline": null, "plaintext": null, "fcolor": null, "flnum": null, "bold": null, "italic": null, "dx": null, "dx_u": null, "dy": null, "dy_u": null }, "geometry": { "type": "LineString", "coordinates": [ [ 131.831609236303819, 43.075325046406853 ], [ 131.831437329107928, 43.07532474058295 ] ] } },
{ "type": "Feature", "properties": { "fid": 44, "Layer": "0", "PaperSpace": null, "SubClasses": "AcDbEntity:AcDbPolyline", "Linetype": null, "EntityHandle": "5A", "Text": null, "ogr_style": "PEN(c:#000000)", "font": null, "angle": null, "size": null, "size_u": null, "anchor": null, "color": "#000000", "underline": null, "plaintext": null, "fcolor": null, "flnum": null, "bold": null, "italic": null, "dx": null, "dx_u": null, "dy": null, "dy_u": null }, "geometry": { "type": "LineString", "coordinates": [ [ 131.831609409295282, 43.075280398269769 ], [ 131.831437503855284, 43.075280182441816 ], [ 131.831437652182927, 43.075213841409408 ], [ 131.831609557437446, 43.075214057239194 ], [ 131.831609409295282, 43.075280398269769 ] ] } },
{ "type": "Feature", "properties": { "fid": 45, "Layer": "0", "PaperSpace": null, "SubClasses": "AcDbEntity:AcDbPolyline", "Linetype": null, "EntityHandle": "5B", "Text": null, "ogr_style": "PEN(c:#000000)", "font": null, "angle": null, "size": null, "size_u": null, "anchor": null, "color": "#000000", "underline": null, "plaintext": null, "fcolor": null, "flnum": null, "bold": null, "italic": null, "dx": null, "dx_u": null, "dy": null, "dy_u": null }, "geometry": { "type": "LineString", "coordinates": [ [ 131.831609830469688, 43.07508686619601 ], [ 131.83143792557081, 43.075086650362664 ] ] } },
{ "type": "Feature", "properties": { "fid": 46, "Layer": "0", "PaperSpace": null, "SubClasses": "AcDbEntity:AcDbPolyline", "Linetype": null, "EntityHandle": "5C", "Text": null, "ogr_style": "PEN(c:#000000)", "font": null, "angle": null, "size": null, "size_u": null, "anchor": null, "color": "#000000", "underline": null, "plaintext": null, "fcolor": null, "flnum": null, "bold": null, "italic": null, "dx": null, "dx_u": null, "dy": null, "dy_u": null }, "geometry": { "type": "LineString", "coordinates": [ [ 131.881784298694583, 43.11239987412565 ], [ 131.881839059900187, 43.112534065073248 ], [ 131.882311326343114, 43.112954294096618 ], [ 131.881679612813798, 43.113079632844808 ], [ 131.881656590299912, 43.113012357960784 ], [ 131.881498497432375, 43.11303989072448 ], [ 131.881299600473426, 43.11250292111594 ], [ 131.881784298694583, 43.11239987412565 ] ] } },
{ "type": "Feature", "properties": { "fid": 47, "Layer": "0", "PaperSpace": null, "SubClasses": "AcDbEntity:AcDbPolyline", "Linetype": null, "EntityHandle": "5D", "Text": null, "ogr_style": "PEN(c:#000000)", "font": null, "angle": null, "size": null, "size_u": null, "anchor": null, "color": "#000000", "underline": null, "plaintext": null, "fcolor": null, "flnum": null, "bold": null, "italic": null, "dx": null, "dx_u": null, "dy": null, "dy_u": null }, "geometry": { "type": "LineString", "coordinates": [ [ 131.882260881489543, 43.114141890352911 ], [ 131.882413681020836, 43.11452801700927 ], [ 131.88196371582751, 43.114616941112885 ], [ 131.881833069561196, 43.114239139482763 ], [ 131.882260881489543, 43.114141890352911 ] ] } },
{ "type": "Feature", "properties": { "fid": 48, "Layer": "0", "PaperSpace": null, "SubClasses": "AcDbEntity:AcDbPolyline", "Linetype": null, "EntityHandle": "5E", "Text": null, "ogr_style": "PEN(c:#000000)", "font": null, "angle": null, "size": null, "size_u": null, "anchor": null, "color": "#000000", "underline": null, "plaintext": null, "fcolor": null, "flnum": null, "bold": null, "italic": null, "dx": null, "dx_u": null, "dy": null, "dy_u": null }, "geometry": { "type": "LineString", "coordinates": [ [ 131.882419366063061, 43.114620401735735 ], [ 131.882474853260192, 43.114792660131776 ], [ 131.882066519261059, 43.114867658697555 ], [ 131.88200543534262, 43.114698247475182 ], [ 131.882419366063061, 43.114620401735735 ] ] } },
{ "type": "Feature", "properties": { "fid": 49, "Layer": "0", "PaperSpace": null, "SubClasses": "AcDbEntity:AcDbPolyline", "Linetype": null, "EntityHandle": "5F", "Text": null, "ogr_style": "PEN(c:#000000)", "font": null, "angle": null, "size": null, "size_u": null, "anchor": null, "color": "#000000", "underline": null, "plaintext": null, "fcolor": null, "flnum": null, "bold": null, "italic": null, "dx": null, "dx_u": null, "dy": null, "dy_u": null }, "geometry": { "type": "LineString", "coordinates": [ [ 131.883107555863546, 43.113942167783748 ], [ 131.883267100895836, 43.114372690632237 ], [ 131.882859690760228, 43.114463794814299 ], [ 131.882820767764088, 43.114361577410904 ], [ 131.882900184025317, 43.114344565931802 ], [ 131.88277925871725, 43.114013112663841 ], [ 131.883107555863546, 43.113942167783748 ] ] } },
{ "type": "Feature", "properties": { "fid": 50, "Layer": "0", "PaperSpace": null, "SubClasses": "AcDbEntity:AcDbPolyline", "Linetype": null, "EntityHandle": "60", "Text": null, "ogr_style": "PEN(c:#000000)", "font": null, "angle": null, "size": null, "size_u": null, "anchor": null, "color": "#000000", "underline": null, "plaintext": null, "fcolor": null, "flnum": null, "bold": null, "italic": null, "dx": null, "dx_u": null, "dy": null, "dy_u": null }, "geometry": { "type": "LineString", "coordinates": [ [ 131.882525139246354, 43.113693997704537 ], [ 131.882630812915721, 43.113869345273848 ], [ 131.8823864203016, 43.113926742429584 ], [ 131.882359259651849, 43.113874541905695 ], [ 131.882337334807488, 43.113806895939362 ], [ 131.882252154133568, 43.113824415799662 ], [ 131.882228864751767, 43.113769025384357 ], [ 131.882525139246354, 43.113693997704537 ] ] } },
{ "type": "Feature", "properties": { "fid": 51, "Layer": "0", "PaperSpace": null, "SubClasses": "AcDbEntity:AcDbPolyline", "Linetype": null, "EntityHandle": "61", "Text": null, "ogr_style": "PEN(c:#000000)", "font": null, "angle": null, "size": null, "size_u": null, "anchor": null, "color": "#000000", "underline": null, "plaintext": null, "fcolor": null, "flnum": null, "bold": null, "italic": null, "dx": null, "dx_u": null, "dy": null, "dy_u": null }, "geometry": { "type": "LineString", "coordinates": [ [ 131.882337334807488, 43.113806895939362 ], [ 131.882359259651849, 43.113874541905695 ], [ 131.8823864203016, 43.113926742429584 ], [ 131.882630812915721, 43.113869345273848 ], [ 131.88273927339975, 43.114049074947658 ], [ 131.882379806312599, 43.114128527390754 ], [ 131.882251297669143, 43.113824604547226 ], [ 131.882337334807488, 43.113806895939362 ] ] } },
{ "type": "Feature", "properties": { "fid": 52, "Layer": "0", "PaperSpace": null, "SubClasses": "AcDbEntity:AcDbPolyline", "Linetype": null, "EntityHandle": "62", "Text": null, "ogr_style": "PEN(c:#000000)", "font": null, "angle": null, "size": null, "size_u": null, "anchor": null, "color": "#000000", "underline": null, "plaintext": null, "fcolor": null, "flnum": null, "bold": null, "italic": null, "dx": null, "dx_u": null, "dy": null, "dy_u": null }, "geometry": { "type": "LineString", "coordinates": [ [ 131.883289029916455, 43.112202180013441 ], [ 131.883483608728483, 43.112530361584163 ], [ 131.883968171275455, 43.11237509957499 ], [ 131.883770268419028, 43.112040201796525 ], [ 131.883289029916455, 43.112202180013441 ] ] } },
{ "type": "Feature", "properties": { "fid": 53, "Layer": "0", "PaperSpace": null, "SubClasses": "AcDbEntity:AcDbPolyline", "Linetype": null, "EntityHandle": "63", "Text": null, "ogr_style": "PEN(c:#000000)", "font": null, "angle": null, "size": null, "size_u": null, "anchor": null, "color": "#000000", "underline": null, "plaintext": null, "fcolor": null, "flnum": null, "bold": null, "italic": null, "dx": null, "dx_u": null, "dy": null, "dy_u": null }, "geometry": { "type": "LineString", "coordinates": [ [ 131.881656590299912, 43.113012357960784 ], [ 131.88169963940436, 43.113137936989148 ], [ 131.881839113953731, 43.113119864775634 ], [ 131.88191515176311, 43.113319908092087 ], [ 131.881500416969999, 43.113393799653686 ], [ 131.881396613237541, 43.11305766997188 ], [ 131.881656590299912, 43.113012357960784 ] ] } },
{ "type": "Feature", "properties": { "fid": 54, "Layer": "0", "PaperSpace": null, "SubClasses": "AcDbEntity:AcDbPolyline", "Linetype": null, "EntityHandle": "64", "Text": null, "ogr_style": "PEN(c:#000000)", "font": null, "angle": null, "size": null, "size_u": null, "anchor": null, "color": "#000000", "underline": null, "plaintext": null, "fcolor": null, "flnum": null, "bold": null, "italic": null, "dx": null, "dx_u": null, "dy": null, "dy_u": null }, "geometry": { "type": "LineString", "coordinates": [ [ 131.881901308435062, 43.113600527436468 ], [ 131.881985771550205, 43.113778341873996 ], [ 131.881641373328307, 43.113848997377076 ], [ 131.881567272220423, 43.113660365747329 ], [ 131.881901308435062, 43.113600527436468 ] ] } },
{ "type": "Feature", "properties": { "fid": 55, "Layer": "0", "PaperSpace": null, "SubClasses": "AcDbEntity:AcDbPolyline", "Linetype": null, "EntityHandle": "65", "Text": null, "ogr_style": "PEN(c:#000000)", "font": null, "angle": null, "size": null, "size_u": null, "anchor": null, "color": "#000000", "underline": null, "plaintext": null, "fcolor": null, "flnum": null, "bold": null, "italic": null, "dx": null, "dx_u": null, "dy": null, "dy_u": null }, "geometry": { "type": "LineString", "coordinates": [ [ 131.897749270350118, 43.113802619300657 ], [ 131.897846573396521, 43.113546790286279 ], [ 131.898166489354509, 43.11360964696577 ], [ 131.898072900428502, 43.113866878102954 ], [ 131.897749270350118, 43.113802619300657 ] ] } },
{ "type": "Feature", "properties": { "fid": 56, "Layer": "0", "PaperSpace": null, "SubClasses": "AcDbEntity:AcDbPolyline", "Linetype": null, "EntityHandle": "66", "Text": null, "ogr_style": "PEN(c:#000000)", "font": null, "angle": null, "size": null, "size_u": null, "anchor": null, "color": "#000000", "underline": null, "plaintext": null, "fcolor": null, "flnum": null, "bold": null, "italic": null, "dx": null, "dx_u": null, "dy": null, "dy_u": null }, "geometry": { "type": "LineString", "coordinates": [ [ 131.928570308122858, 43.113415035330256 ], [ 131.928604627613936, 43.113417102219749 ], [ 131.928635142708231, 43.113419389413238 ], [ 131.928849246879309, 43.113435754308192 ], [ 131.928882052534391, 43.113186793066426 ], [ 131.928602789005851, 43.113168237898606 ], [ 131.928570308122858, 43.113415035330256 ] ] } },
{ "type": "Feature", "properties": { "fid": 57, "Layer": "0", "PaperSpace": null, "SubClasses": "AcDbEntity:AcDbPolyline", "Linetype": null, "EntityHandle": "67", "Text": null, "ogr_style": "PEN(c:#000000)", "font": null, "angle": null, "size": null, "size_u": null, "anchor": null, "color": "#000000", "underline": null, "plaintext": null, "fcolor": null, "flnum": null, "bold": null, "italic": null, "dx": null, "dx_u": null, "dy": null, "dy_u": null }, "geometry": { "type": "LineString", "coordinates": [ [ 131.879725594118156, 43.118204734910584 ], [ 131.879415112760938, 43.118257576624117 ], [ 131.879424061301876, 43.118282419099906 ], [ 131.879497016411847, 43.118488435981632 ], [ 131.879520581350306, 43.118487026380329 ], [ 131.879605030027193, 43.118488868629662 ], [ 131.879613354208288, 43.11851317736064 ], [ 131.879721226692084, 43.11849317855232 ], [ 131.87981598149014, 43.118474753162332 ], [ 131.879725594118156, 43.118204734910584 ] ] } },
{ "type": "Feature", "properties": { "fid": 58, "Layer": "0", "PaperSpace": null, "SubClasses": "AcDbEntity:AcDbPolyline", "Linetype": null, "EntityHandle": "68", "Text": null, "ogr_style": "PEN(c:#000000)", "font": null, "angle": null, "size": null, "size_u": null, "anchor": null, "color": "#000000", "underline": null, "plaintext": null, "fcolor": null, "flnum": null, "bold": null, "italic": null, "dx": null, "dx_u": null, "dy": null, "dy_u": null }, "geometry": { "type": "LineString", "coordinates": [ [ 131.880323650457228, 43.118122325008905 ], [ 131.880318593358197, 43.11810833451797 ], [ 131.87993867926491, 43.118180066099697 ], [ 131.88017324462038, 43.118822259289153 ], [ 131.88019515294252, 43.118817715962663 ], [ 131.88034081077501, 43.118788061141302 ], [ 131.880343532157468, 43.118795504485895 ], [ 131.88037584519077, 43.118788875057284 ], [ 131.880373492354636, 43.118781427965864 ], [ 131.880319882015868, 43.118636783338516 ], [ 131.880313018014476, 43.118618220596652 ], [ 131.880333583433071, 43.118614140959458 ], [ 131.880383180654434, 43.118605355509601 ], [ 131.880299370942197, 43.118384327512196 ], [ 131.88039858056797, 43.118348123930225 ], [ 131.880359280418844, 43.11823240775086 ], [ 131.880363808775314, 43.118231461582205 ], [ 131.880323650457228, 43.118122325008905 ] ] } },
{ "type": "Feature", "properties": { "fid": 59, "Layer": "0", "PaperSpace": null, "SubClasses": "AcDbEntity:AcDbPolyline", "Linetype": null, "EntityHandle": "69", "Text": null, "ogr_style": "PEN(c:#000000)", "font": null, "angle": null, "size": null, "size_u": null, "anchor": null, "color": "#000000", "underline": null, "plaintext": null, "fcolor": null, "flnum": null, "bold": null, "italic": null, "dx": null, "dx_u": null, "dy": null, "dy_u": null }, "geometry": { "type": "LineString", "coordinates": [ [ 131.88079875430131, 43.11803576201099 ], [ 131.880792646081545, 43.118018181743004 ], [ 131.881090968099301, 43.117959249164954 ], [ 131.881096571354419, 43.117976114456972 ], [ 131.881136038212674, 43.118087598114037 ], [ 131.881144089940932, 43.118110469310629 ], [ 131.881101352281178, 43.118118105148504 ], [ 131.880846895083948, 43.118164079837619 ], [ 131.880834646157098, 43.118133690287095 ], [ 131.88079875430131, 43.11803576201099 ] ] } },
{ "type": "Feature", "properties": { "fid": 60, "Layer": "0", "PaperSpace": null, "SubClasses": "AcDbEntity:AcDbPolyline", "Linetype": null, "EntityHandle": "6A", "Text": null, "ogr_style": "PEN(c:#000000)", "font": null, "angle": null, "size": null, "size_u": null, "anchor": null, "color": "#000000", "underline": null, "plaintext": null, "fcolor": null, "flnum": null, "bold": null, "italic": null, "dx": null, "dx_u": null, "dy": null, "dy_u": null }, "geometry": { "type": "LineString", "coordinates": [ [ 131.881090968099301, 43.117959249164954 ], [ 131.881096571354419, 43.117976114456972 ], [ 131.881144089940932, 43.118110469310629 ], [ 131.881101352281178, 43.118118105148504 ], [ 131.881131557775831, 43.118201239165607 ], [ 131.88117984955241, 43.118337476388866 ], [ 131.881208514556391, 43.118430077343618 ], [ 131.881228583332842, 43.118425732562528 ], [ 131.881354343298398, 43.118403029847727 ], [ 131.88140940718506, 43.118429833168321 ], [ 131.881464607366325, 43.11841846988218 ], [ 131.881479731384388, 43.118406074282625 ], [ 131.881440338786149, 43.11829855053454 ], [ 131.881479885867179, 43.1182911270689 ], [ 131.881442370213563, 43.11818538446046 ], [ 131.881345632406919, 43.117911291555416 ], [ 131.881344977206851, 43.11790913792926 ], [ 131.881090968099301, 43.117959249164954 ] ] } },
{ "type": "Feature", "properties": { "fid": 61, "Layer": "0", "PaperSpace": null, "SubClasses": "AcDbEntity:AcDbPolyline", "Linetype": null, "EntityHandle": "6B", "Text": null, "ogr_style": "PEN(c:#000000)", "font": null, "angle": null, "size": null, "size_u": null, "anchor": null, "color": "#000000", "underline": null, "plaintext": null, "fcolor": null, "flnum": null, "bold": null, "italic": null, "dx": null, "dx_u": null, "dy": null, "dy_u": null }, "geometry": { "type": "LineString", "coordinates": [ [ 131.880465652086826, 43.117893330056773 ], [ 131.880753649444529, 43.11784071419757 ], [ 131.880694106771671, 43.117661835394046 ], [ 131.880662995552768, 43.117667012493065 ], [ 131.880666638258077, 43.117677686902013 ], [ 131.880455744133428, 43.117714126393352 ], [ 131.880449190763414, 43.117692500080949 ], [ 131.880399701787411, 43.117700474348609 ], [ 131.880465652086826, 43.117893330056773 ] ] } },
{ "type": "Feature", "properties": { "fid": 62, "Layer": "0", "PaperSpace": null, "SubClasses": "AcDbEntity:AcDbPolyline", "Linetype": null, "EntityHandle": "6C", "Text": null, "ogr_style": "PEN(c:#000000)", "font": null, "angle": null, "size": null, "size_u": null, "anchor": null, "color": "#000000", "underline": null, "plaintext": null, "fcolor": null, "flnum": null, "bold": null, "italic": null, "dx": null, "dx_u": null, "dy": null, "dy_u": null }, "geometry": { "type": "LineString", "coordinates": [ [ 131.880753649444529, 43.11784071419757 ], [ 131.881019716223733, 43.117791471169348 ], [ 131.880952238955132, 43.117595930946614 ], [ 131.880849405220232, 43.117615879658757 ], [ 131.880854477749722, 43.117630680080637 ], [ 131.880694106771671, 43.117661835394046 ], [ 131.880753649444529, 43.11784071419757 ] ] } },
{ "type": "Feature", "properties": { "fid": 63, "Layer": "0", "PaperSpace": null, "SubClasses": "AcDbEntity:AcDbPolyline", "Linetype": null, "EntityHandle": "6D", "Text": null, "ogr_style": "PEN(c:#000000)", "font": null, "angle": null, "size": null, "size_u": null, "anchor": null, "color": "#000000", "underline": null, "plaintext": null, "fcolor": null, "flnum": null, "bold": null, "italic": null, "dx": null, "dx_u": null, "dy": null, "dy_u": null }, "geometry": { "type": "LineString", "coordinates": [ [ 131.881019716223733, 43.117791471169348 ], [ 131.881113351955037, 43.117772426004294 ], [ 131.881190718820079, 43.117757236812366 ], [ 131.881186332106267, 43.117746209942112 ], [ 131.881592260033585, 43.117666378355025 ], [ 131.881538385151316, 43.117527317727443 ], [ 131.881461139806532, 43.11754241590549 ], [ 131.881407173934065, 43.117541074899506 ], [ 131.881287957382966, 43.117565331305038 ], [ 131.881268774259837, 43.117519170205547 ], [ 131.881295334761859, 43.117481364801435 ], [ 131.881287269391066, 43.117451292770838 ], [ 131.881016155622518, 43.117499957684643 ], [ 131.881033514605804, 43.117547127521085 ], [ 131.880941099135583, 43.117565710145463 ], [ 131.880952238955132, 43.117595930946614 ], [ 131.881019716223733, 43.117791471169348 ] ] } },
{ "type": "Feature", "properties": { "fid": 64, "Layer": "0", "PaperSpace": null, "SubClasses": "AcDbEntity:AcDbPolyline", "Linetype": null, "EntityHandle": "6E", "Text": null, "ogr_style": "PEN(c:#000000)", "font": null, "angle": null, "size": null, "size_u": null, "anchor": null, "color": "#000000", "underline": null, "plaintext": null, "fcolor": null, "flnum": null, "bold": null, "italic": null, "dx": null, "dx_u": null, "dy": null, "dy_u": null }, "geometry": { "type": "LineString", "coordinates": [ [ 131.880941099135583, 43.117565710145463 ], [ 131.881033514605804, 43.117547127521085 ], [ 131.880945037651969, 43.117306794807284 ], [ 131.880853844160526, 43.117325004880584 ], [ 131.880941099135583, 43.117565710145463 ] ] } },
{ "type": "Feature", "properties": { "fid": 65, "Layer": "0", "PaperSpace": null, "SubClasses": "AcDbEntity:AcDbPolyline", "Linetype": null, "EntityHandle": "6F", "Text": null, "ogr_style": "PEN(c:#000000)", "font": null, "angle": null, "size": null, "size_u": null, "anchor": null, "color": "#000000", "underline": null, "plaintext": null, "fcolor": null, "flnum": null, "bold": null, "italic": null, "dx": null, "dx_u": null, "dy": null, "dy_u": null }, "geometry": { "type": "LineString", "coordinates": [ [ 131.881413933875621, 43.117210751105411 ], [ 131.880945377176317, 43.117311742027738 ], [ 131.880970704003573, 43.11738385422391 ], [ 131.881442651463459, 43.117286699215207 ], [ 131.881413933875621, 43.117210751105411 ] ] } },
{ "type": "Feature", "properties": { "fid": 66, "Layer": "0", "PaperSpace": null, "SubClasses": "AcDbEntity:AcDbPolyline", "Linetype": null, "EntityHandle": "70", "Text": null, "ogr_style": "PEN(c:#000000)", "font": null, "angle": null, "size": null, "size_u": null, "anchor": null, "color": "#000000", "underline": null, "plaintext": null, "fcolor": null, "flnum": null, "bold": null, "italic": null, "dx": null, "dx_u": null, "dy": null, "dy_u": null }, "geometry": { "type": "LineString", "coordinates": [ [ 131.881591790101197, 43.116961407087182 ], [ 131.881815344179785, 43.116912414916925 ], [ 131.881789474043956, 43.116844088949954 ], [ 131.881860328728663, 43.116828965603986 ], [ 131.881852032928492, 43.116806186950292 ], [ 131.881873682348811, 43.116768611434374 ], [ 131.881828270507071, 43.116641706423891 ], [ 131.881497236012336, 43.116705204466157 ], [ 131.881591790101197, 43.116961407087182 ] ] } },
{ "type": "Feature", "properties": { "fid": 67, "Layer": "0", "PaperSpace": null, "SubClasses": "AcDbEntity:AcDbPolyline", "Linetype": null, "EntityHandle": "71", "Text": null, "ogr_style": "PEN(c:#000000)", "font": null, "angle": null, "size": null, "size_u": null, "anchor": null, "color": "#000000", "underline": null, "plaintext": null, "fcolor": null, "flnum": null, "bold": null, "italic": null, "dx": null, "dx_u": null, "dy": null, "dy_u": null }, "geometry": { "type": "LineString", "coordinates": [ [ 131.881207136471545, 43.117936194142068 ], [ 131.881344977206851, 43.11790913792926 ], [ 131.881345632406919, 43.117911291555416 ], [ 131.881442370213563, 43.11818538446046 ], [ 131.88130500323544, 43.118211535846477 ], [ 131.881212976920608, 43.117952606953502 ], [ 131.881207136471545, 43.117936194142068 ] ] } },
{ "type": "Feature", "properties": { "fid": 68, "Layer": "0", "PaperSpace": null, "SubClasses": "AcDbEntity:AcDbPolyline", "Linetype": null, "EntityHandle": "72", "Text": null, "ogr_style": "PEN(c:#000000)", "font": null, "angle": null, "size": null, "size_u": null, "anchor": null, "color": "#000000", "underline": null, "plaintext": null, "fcolor": null, "flnum": null, "bold": null, "italic": null, "dx": null, "dx_u": null, "dy": null, "dy_u": null }, "geometry": { "type": "LineString", "coordinates": [ [ 131.881728201157529, 43.118135128517139 ], [ 131.881471127016141, 43.118179150966085 ], [ 131.881442370213563, 43.11818538446046 ], [ 131.881479885867179, 43.1182911270689 ], [ 131.881440338786149, 43.11829855053454 ], [ 131.881479731384388, 43.118406074282625 ], [ 131.881812933386129, 43.118339763848482 ], [ 131.88178742091992, 43.118270894183354 ], [ 131.881779831377884, 43.118252969001347 ], [ 131.881773629030192, 43.118236919953326 ], [ 131.881765918577571, 43.118238528659433 ], [ 131.881728201157529, 43.118135128517139 ] ] } },
{ "type": "Feature", "properties": { "fid": 69, "Layer": "0", "PaperSpace": null, "SubClasses": "AcDbEntity:AcDbPolyline", "Linetype": null, "EntityHandle": "73", "Text": null, "ogr_style": "PEN(c:#000000)", "font": null, "angle": null, "size": null, "size_u": null, "anchor": null, "color": "#000000", "underline": null, "plaintext": null, "fcolor": null, "flnum": null, "bold": null, "italic": null, "dx": null, "dx_u": null, "dy": null, "dy_u": null }, "geometry": { "type": "LineString", "coordinates": [ [ 131.881647976726043, 43.117863658134311 ], [ 131.881643682043375, 43.117851010124475 ], [ 131.881515131948959, 43.117875541802107 ], [ 131.881378640991414, 43.117902494470599 ], [ 131.881458628543044, 43.118129141351936 ], [ 131.881709662421514, 43.118084100275077 ], [ 131.881686714700351, 43.118020875246565 ], [ 131.881705933612295, 43.118017079106785 ], [ 131.881647976726043, 43.117863658134311 ] ] } },
{ "type": "Feature", "properties": { "fid": 70, "Layer": "0", "PaperSpace": null, "SubClasses": "AcDbEntity:AcDbPolyline", "Linetype": null, "EntityHandle": "74", "Text": null, "ogr_style": "PEN(c:#000000)", "font": null, "angle": null, "size": null, "size_u": null, "anchor": null, "color": "#000000", "underline": null, "plaintext": null, "fcolor": null, "flnum": null, "bold": null, "italic": null, "dx": null, "dx_u": null, "dy": null, "dy_u": null }, "geometry": { "type": "LineString", "coordinates": [ [ 131.881647976726043, 43.117863658134311 ], [ 131.881643682043375, 43.117851010124475 ], [ 131.882213585847921, 43.117742233294827 ], [ 131.88221813487462, 43.117755328754207 ], [ 131.882223286187298, 43.117767787993529 ], [ 131.882256752088551, 43.11786078985817 ], [ 131.882181079628367, 43.117874612330581 ], [ 131.882185401748785, 43.117888700236676 ], [ 131.882123829449426, 43.117900938873582 ], [ 131.882097142479921, 43.117906161319027 ], [ 131.882100415196419, 43.117916749437029 ], [ 131.881857913471919, 43.117964584893883 ], [ 131.881932378277014, 43.118204429456888 ], [ 131.881873515111835, 43.118217000423172 ], [ 131.881788196821645, 43.118234071274031 ], [ 131.881773629030192, 43.118236919953326 ], [ 131.881765918577571, 43.118238528659433 ], [ 131.881728201157529, 43.118135128517139 ], [ 131.881709662421514, 43.118084100275077 ], [ 131.881686714700351, 43.118020875246565 ], [ 131.881705933612295, 43.118017079106785 ], [ 131.881647976726043, 43.117863658134311 ] ] } },
{ "type": "Feature", "properties": { "fid": 71, "Layer": "0", "PaperSpace": null, "SubClasses": "AcDbEntity:AcDbPolyline", "Linetype": null, "EntityHandle": "75", "Text": null, "ogr_style": "PEN(c:#000000)", "font": null, "angle": null, "size": null, "size_u": null, "anchor": null, "color": "#000000", "underline": null, "plaintext": null, "fcolor": null, "flnum": null, "bold": null, "italic": null, "dx": null, "dx_u": null, "dy": null, "dy_u": null }, "geometry": { "type": "LineString", "coordinates": [ [ 131.882168877062611, 43.118274030950779 ], [ 131.882118809477959, 43.11828390211172 ], [ 131.881814742054331, 43.118344426071147 ], [ 131.881812933386129, 43.118339763848482 ], [ 131.88178742091992, 43.118270894183354 ], [ 131.881779831377884, 43.118252969001347 ], [ 131.881773629030192, 43.118236919953326 ], [ 131.881788196821645, 43.118234071274031 ], [ 131.881873515111835, 43.118217000423172 ], [ 131.881932378277014, 43.118204429456888 ], [ 131.882127940856691, 43.118162922669164 ], [ 131.882134820720808, 43.118182295251493 ], [ 131.882162164429758, 43.118256996986176 ], [ 131.882168877062611, 43.118274030950779 ] ] } },
{ "type": "Feature", "properties": { "fid": 72, "Layer": "0", "PaperSpace": null, "SubClasses": "AcDbEntity:AcDbPolyline", "Linetype": null, "EntityHandle": "76", "Text": null, "ogr_style": "PEN(c:#000000)", "font": null, "angle": null, "size": null, "size_u": null, "anchor": null, "color": "#000000", "underline": null, "plaintext": null, "fcolor": null, "flnum": null, "bold": null, "italic": null, "dx": null, "dx_u": null, "dy": null, "dy_u": null }, "geometry": { "type": "LineString", "coordinates": [ [ 131.882347444971771, 43.118120451589085 ], [ 131.882352268791863, 43.118135074451487 ], [ 131.882390174878026, 43.118235412048243 ], [ 131.882369911658998, 43.118235978499214 ], [ 131.882168877062611, 43.118274030950779 ], [ 131.882162164429758, 43.118256996986176 ], [ 131.882134820720808, 43.118182295251493 ], [ 131.882127940856691, 43.118162922669164 ], [ 131.882213465363691, 43.118143779182958 ], [ 131.882347444971771, 43.118120451589085 ] ] } },
{ "type": "Feature", "properties": { "fid": 73, "Layer": "0", "PaperSpace": null, "SubClasses": "AcDbEntity:AcDbPolyline", "Linetype": null, "EntityHandle": "77", "Text": null, "ogr_style": "PEN(c:#000000)", "font": null, "angle": null, "size": null, "size_u": null, "anchor": null, "color": "#000000", "underline": null, "plaintext": null, "fcolor": null, "flnum": null, "bold": null, "italic": null, "dx": null, "dx_u": null, "dy": null, "dy_u": null }, "geometry": { "type": "LineString", "coordinates": [ [ 131.882127940856691, 43.118162922669164 ], [ 131.881932378277014, 43.118204429456888 ], [ 131.881857913471919, 43.117964584893883 ], [ 131.882100415196419, 43.117916749437029 ], [ 131.882097142479921, 43.117906161319027 ], [ 131.882123829449426, 43.117900938873582 ], [ 131.882213465363691, 43.118143779182958 ], [ 131.882127940856691, 43.118162922669164 ] ] } },
{ "type": "Feature", "properties": { "fid": 74, "Layer": "0", "PaperSpace": null, "SubClasses": "AcDbEntity:AcDbPolyline", "Linetype": null, "EntityHandle": "78", "Text": null, "ogr_style": "PEN(c:#000000)", "font": null, "angle": null, "size": null, "size_u": null, "anchor": null, "color": "#000000", "underline": null, "plaintext": null, "fcolor": null, "flnum": null, "bold": null, "italic": null, "dx": null, "dx_u": null, "dy": null, "dy_u": null }, "geometry": { "type": "LineString", "coordinates": [ [ 131.882256752088551, 43.11786078985817 ], [ 131.882276185175527, 43.117907128266651 ], [ 131.882344450352321, 43.118111570878753 ], [ 131.882347444971771, 43.118120451589085 ], [ 131.882213465363691, 43.118143779182958 ], [ 131.882123829449426, 43.117900938873582 ], [ 131.882185401748785, 43.117888700236676 ], [ 131.882181079628367, 43.117874612330581 ], [ 131.882256752088551, 43.11786078985817 ] ] } },
{ "type": "Feature", "properties": { "fid": 75, "Layer": "0", "PaperSpace": null, "SubClasses": "AcDbEntity:AcDbPolyline", "Linetype": null, "EntityHandle": "79", "Text": null, "ogr_style": "PEN(c:#000000)", "font": null, "angle": null, "size": null, "size_u": null, "anchor": null, "color": "#000000", "underline": null, "plaintext": null, "fcolor": null, "flnum": null, "bold": null, "italic": null, "dx": null, "dx_u": null, "dy": null, "dy_u": null }, "geometry": { "type": "LineString", "coordinates": [ [ 131.88219596983572, 43.117312514154051 ], [ 131.882291925647138, 43.117331609594835 ], [ 131.882352035135483, 43.117320015852876 ], [ 131.882469199951544, 43.117297759508958 ], [ 131.882464657740513, 43.117285024038182 ], [ 131.882308281323134, 43.116814412550731 ], [ 131.882076497327517, 43.116863489492623 ], [ 131.882183893892943, 43.117155295702467 ], [ 131.882143257380818, 43.117163540616865 ], [ 131.88219596983572, 43.117312514154051 ] ] } },
{ "type": "Feature", "properties": { "fid": 76, "Layer": "0", "PaperSpace": null, "SubClasses": "AcDbEntity:AcDbPolyline", "Linetype": null, "EntityHandle": "7A", "Text": null, "ogr_style": "PEN(c:#000000)", "font": null, "angle": null, "size": null, "size_u": null, "anchor": null, "color": "#000000", "underline": null, "plaintext": null, "fcolor": null, "flnum": null, "bold": null, "italic": null, "dx": null, "dx_u": null, "dy": null, "dy_u": null }, "geometry": { "type": "LineString", "coordinates": [ [ 131.882418835383419, 43.117499089905699 ], [ 131.882706416153383, 43.117444133056011 ], [ 131.88265417835612, 43.117294344812976 ], [ 131.882530050632937, 43.117318742561956 ], [ 131.882515209009455, 43.117274787749047 ], [ 131.882464657740513, 43.117285024038182 ], [ 131.882469199951544, 43.117297759508958 ], [ 131.882352035135483, 43.117320015852876 ], [ 131.882418835383419, 43.117499089905699 ] ] } },
{ "type": "Feature", "properties": { "fid": 77, "Layer": "0", "PaperSpace": null, "SubClasses": "AcDbEntity:AcDbPolyline", "Linetype": null, "EntityHandle": "7B", "Text": null, "ogr_style": "PEN(c:#000000)", "font": null, "angle": null, "size": null, "size_u": null, "anchor": null, "color": "#000000", "underline": null, "plaintext": null, "fcolor": null, "flnum": null, "bold": null, "italic": null, "dx": null, "dx_u": null, "dy": null, "dy_u": null }, "geometry": { "type": "LineString", "coordinates": [ [ 131.882530050632937, 43.117318742561956 ], [ 131.882625287286402, 43.117299949887048 ], [ 131.882439745997544, 43.116768787420341 ], [ 131.882340062031545, 43.116786275056178 ], [ 131.882301631887344, 43.116794227516799 ], [ 131.882464657740513, 43.117285024038182 ], [ 131.882515209009455, 43.117274787749047 ], [ 131.882530050632937, 43.117318742561956 ] ] } },
{ "type": "Feature", "properties": { "fid": 78, "Layer": "0", "PaperSpace": null, "SubClasses": "AcDbEntity:AcDbPolyline", "Linetype": null, "EntityHandle": "7C", "Text": null, "ogr_style": "PEN(c:#000000)", "font": null, "angle": null, "size": null, "size_u": null, "anchor": null, "color": "#000000", "underline": null, "plaintext": null, "fcolor": null, "flnum": null, "bold": null, "italic": null, "dx": null, "dx_u": null, "dy": null, "dy_u": null }, "geometry": { "type": "LineString", "coordinates": [ [ 131.882154729900407, 43.117554437047168 ], [ 131.882418835383419, 43.117499089905699 ], [ 131.882367961780602, 43.117362879487708 ], [ 131.882102254588261, 43.117411491903731 ], [ 131.882154729900407, 43.117554437047168 ] ] } },
{ "type": "Feature", "properties": { "fid": 79, "Layer": "0", "PaperSpace": null, "SubClasses": "AcDbEntity:AcDbPolyline", "Linetype": null, "EntityHandle": "7D", "Text": null, "ogr_style": "PEN(c:#000000)", "font": null, "angle": null, "size": null, "size_u": null, "anchor": null, "color": "#000000", "underline": null, "plaintext": null, "fcolor": null, "flnum": null, "bold": null, "italic": null, "dx": null, "dx_u": null, "dy": null, "dy_u": null }, "geometry": { "type": "LineString", "coordinates": [ [ 131.881889937333113, 43.116906524754775 ], [ 131.882076497327517, 43.116863489492623 ], [ 131.88227609751462, 43.116821311246277 ], [ 131.88224281480629, 43.116731457933952 ], [ 131.88200800080395, 43.116776245008346 ], [ 131.881852032928492, 43.116806186950292 ], [ 131.881860328728663, 43.116828965603986 ], [ 131.881889937333113, 43.116906524754775 ] ] } },
{ "type": "Feature", "properties": { "fid": 80, "Layer": "0", "PaperSpace": null, "SubClasses": "AcDbEntity:AcDbPolyline", "Linetype": null, "EntityHandle": "7E", "Text": null, "ogr_style": "PEN(c:#000000)", "font": null, "angle": null, "size": null, "size_u": null, "anchor": null, "color": "#000000", "underline": null, "plaintext": null, "fcolor": null, "flnum": null, "bold": null, "italic": null, "dx": null, "dx_u": null, "dy": null, "dy_u": null }, "geometry": { "type": "LineString", "coordinates": [ [ 131.88227609751462, 43.116821311246277 ], [ 131.882308281323134, 43.116814412550731 ], [ 131.882301631887344, 43.116794227516799 ], [ 131.882340062031545, 43.116786275056178 ], [ 131.882439745997544, 43.116768787420341 ], [ 131.882468283672608, 43.116763996103401 ], [ 131.88244310383331, 43.116693232920284 ], [ 131.882287868343724, 43.116722897959036 ], [ 131.88224281480629, 43.116731457933952 ], [ 131.88227609751462, 43.116821311246277 ] ] } },
{ "type": "Feature", "properties": { "fid": 81, "Layer": "0", "PaperSpace": null, "SubClasses": "AcDbEntity:AcDbPolyline", "Linetype": null, "EntityHandle": "7F", "Text": null, "ogr_style": "PEN(c:#000000)", "font": null, "angle": null, "size": null, "size_u": null, "anchor": null, "color": "#000000", "underline": null, "plaintext": null, "fcolor": null, "flnum": null, "bold": null, "italic": null, "dx": null, "dx_u": null, "dy": null, "dy_u": null }, "geometry": { "type": "LineString", "coordinates": [ [ 131.882075300383775, 43.117337866324149 ], [ 131.88219596983572, 43.117312514154051 ], [ 131.882143257380818, 43.117163540616865 ], [ 131.882183893892943, 43.117155295702467 ], [ 131.882076497327517, 43.116863489492623 ], [ 131.881889937333113, 43.116906524754775 ], [ 131.881958752531688, 43.117088278943704 ], [ 131.882021227626069, 43.117253175340174 ], [ 131.882045157248513, 43.117258062364201 ], [ 131.882062728487568, 43.117303429638618 ], [ 131.882075300383775, 43.117337866324149 ] ] } },
{ "type": "Feature", "properties": { "fid": 82, "Layer": "0", "PaperSpace": null, "SubClasses": "AcDbEntity:AcDbPolyline", "Linetype": null, "EntityHandle": "80", "Text": null, "ogr_style": "PEN(c:#000000)", "font": null, "angle": null, "size": null, "size_u": null, "anchor": null, "color": "#000000", "underline": null, "plaintext": null, "fcolor": null, "flnum": null, "bold": null, "italic": null, "dx": null, "dx_u": null, "dy": null, "dy_u": null }, "geometry": { "type": "LineString", "coordinates": [ [ 131.882352268791863, 43.118135074451487 ], [ 131.882390174878026, 43.118235412048243 ], [ 131.882668845661925, 43.118176945562695 ], [ 131.882631959535814, 43.118078577935833 ], [ 131.882493199442166, 43.118108975517387 ], [ 131.882352268791863, 43.118135074451487 ] ] } },
{ "type": "Feature", "properties": { "fid": 83, "Layer": "0", "PaperSpace": null, "SubClasses": "AcDbEntity:AcDbPolyline", "Linetype": null, "EntityHandle": "81", "Text": null, "ogr_style": "PEN(c:#000000)", "font": null, "angle": null, "size": null, "size_u": null, "anchor": null, "color": "#000000", "underline": null, "plaintext": null, "fcolor": null, "flnum": null, "bold": null, "italic": null, "dx": null, "dx_u": null, "dy": null, "dy_u": null }, "geometry": { "type": "LineString", "coordinates": [ [ 131.882416791207874, 43.117883373051264 ], [ 131.882493199442166, 43.118108975517387 ], [ 131.882631959535814, 43.118078577935833 ], [ 131.882556226576412, 43.11785620912368 ], [ 131.882416791207874, 43.117883373051264 ] ] } },
{ "type": "Feature", "properties": { "fid": 84, "Layer": "0", "PaperSpace": null, "SubClasses": "AcDbEntity:AcDbPolyline", "Linetype": null, "EntityHandle": "82", "Text": null, "ogr_style": "PEN(c:#000000)", "font": null, "angle": null, "size": null, "size_u": null, "anchor": null, "color": "#000000", "underline": null, "plaintext": null, "fcolor": null, "flnum": null, "bold": null, "italic": null, "dx": null, "dx_u": null, "dy": null, "dy_u": null }, "geometry": { "type": "LineString", "coordinates": [ [ 131.882276185175527, 43.117907128266651 ], [ 131.882344450352321, 43.118111570878753 ], [ 131.882347444971771, 43.118120451589085 ], [ 131.882352268791863, 43.118135074451487 ], [ 131.882493199442166, 43.118108975517387 ], [ 131.882416791207874, 43.117883373051264 ], [ 131.882276185175527, 43.117907128266651 ] ] } },
{ "type": "Feature", "properties": { "fid": 85, "Layer": "0", "PaperSpace": null, "SubClasses": "AcDbEntity:AcDbPolyline", "Linetype": null, "EntityHandle": "83", "Text": null, "ogr_style": "PEN(c:#000000)", "font": null, "angle": null, "size": null, "size_u": null, "anchor": null, "color": "#000000", "underline": null, "plaintext": null, "fcolor": null, "flnum": null, "bold": null, "italic": null, "dx": null, "dx_u": null, "dy": null, "dy_u": null }, "geometry": { "type": "LineString", "coordinates": [ [ 131.882213585847921, 43.117742233294827 ], [ 131.88221813487462, 43.117755328754207 ], [ 131.88222341074308, 43.117767876737219 ], [ 131.882256752088551, 43.11786078985817 ], [ 131.882276185175527, 43.117907128266651 ], [ 131.882416791207874, 43.117883373051264 ], [ 131.882556226576412, 43.11785620912368 ], [ 131.882501413943544, 43.117700236206879 ], [ 131.882496885360638, 43.117688220697524 ], [ 131.882213585847921, 43.117742233294827 ] ] } },
{ "type": "Feature", "properties": { "fid": 86, "Layer": "0", "PaperSpace": null, "SubClasses": "AcDbEntity:AcDbPolyline", "Linetype": null, "EntityHandle": "84", "Text": null, "ogr_style": "PEN(c:#000000)", "font": null, "angle": null, "size": null, "size_u": null, "anchor": null, "color": "#000000", "underline": null, "plaintext": null, "fcolor": null, "flnum": null, "bold": null, "italic": null, "dx": null, "dx_u": null, "dy": null, "dy_u": null }, "geometry": { "type": "LineString", "coordinates": [ [ 131.883095774035127, 43.117300736283276 ], [ 131.882932728121432, 43.117333272181838 ], [ 131.882959529937409, 43.117411759772935 ], [ 131.883526328937023, 43.117308048731616 ], [ 131.88346634184046, 43.117125575407186 ], [ 131.883260512021479, 43.117163228606557 ], [ 131.883236015188174, 43.117089668261812 ], [ 131.883085179363405, 43.117118119374105 ], [ 131.883133599109016, 43.117254444500169 ], [ 131.883082937082889, 43.117265312277155 ], [ 131.883095774035127, 43.117300736283276 ] ] } },
{ "type": "Feature", "properties": { "fid": 87, "Layer": "0", "PaperSpace": null, "SubClasses": "AcDbEntity:AcDbPolyline", "Linetype": null, "EntityHandle": "85", "Text": null, "ogr_style": "PEN(c:#000000)", "font": null, "angle": null, "size": null, "size_u": null, "anchor": null, "color": "#000000", "underline": null, "plaintext": null, "fcolor": null, "flnum": null, "bold": null, "italic": null, "dx": null, "dx_u": null, "dy": null, "dy_u": null }, "geometry": { "type": "LineString", "coordinates": [ [ 131.883544457641733, 43.117356830558307 ], [ 131.883978508256206, 43.117276523732968 ], [ 131.883977555785094, 43.117122972531696 ], [ 131.883907243711207, 43.117134311138912 ], [ 131.8838668309171, 43.117141384224119 ], [ 131.883806334554492, 43.117151992572509 ], [ 131.883804243878984, 43.117138962116258 ], [ 131.883798714074402, 43.117138928499394 ], [ 131.883776914666953, 43.117078032490689 ], [ 131.883738748481818, 43.11707401111088 ], [ 131.883725312369307, 43.117039403396518 ], [ 131.88367768245962, 43.117048170233986 ], [ 131.883454113817436, 43.117089875196804 ], [ 131.883544457641733, 43.117356830558307 ] ] } },
{ "type": "Feature", "properties": { "fid": 88, "Layer": "0", "PaperSpace": null, "SubClasses": "AcDbEntity:AcDbPolyline", "Linetype": null, "EntityHandle": "86", "Text": null, "ogr_style": "PEN(c:#000000)", "font": null, "angle": null, "size": null, "size_u": null, "anchor": null, "color": "#000000", "underline": null, "plaintext": null, "fcolor": null, "flnum": null, "bold": null, "italic": null, "dx": null, "dx_u": null, "dy": null, "dy_u": null }, "geometry": { "type": "LineString", "coordinates": [ [ 131.883977555785094, 43.117122972531696 ], [ 131.883907243711207, 43.117134311138912 ], [ 131.8838668309171, 43.117141384224119 ], [ 131.883806334554492, 43.117151992572509 ], [ 131.883804243878984, 43.117138962116258 ], [ 131.883798714074402, 43.117138928499394 ], [ 131.883776914666953, 43.117078032490689 ], [ 131.883738748481818, 43.11707401111088 ], [ 131.883725312369307, 43.117039403396518 ], [ 131.88367768245962, 43.117048170233986 ], [ 131.883454113817436, 43.117089875196804 ], [ 131.883452153403113, 43.117090165220787 ], [ 131.883382473152977, 43.116888978106402 ], [ 131.883587898978391, 43.116843047678088 ], [ 131.883596579351888, 43.116866632393823 ], [ 131.883665974831075, 43.116852332919393 ], [ 131.883901357601133, 43.116805196323206 ], [ 131.883982719194591, 43.116806346732055 ], [ 131.883977555785094, 43.117122972531696 ] ] } },
{ "type": "Feature", "properties": { "fid": 89, "Layer": "0", "PaperSpace": null, "SubClasses": "AcDbEntity:AcDbPolyline", "Linetype": null, "EntityHandle": "87", "Text": null, "ogr_style": "PEN(c:#000000)", "font": null, "angle": null, "size": null, "size_u": null, "anchor": null, "color": "#000000", "underline": null, "plaintext": null, "fcolor": null, "flnum": null, "bold": null, "italic": null, "dx": null, "dx_u": null, "dy": null, "dy_u": null }, "geometry": { "type": "LineString", "coordinates": [ [ 131.883199168533508, 43.117795559934684 ], [ 131.883177729467718, 43.117734210083668 ], [ 131.883053908094439, 43.117755364836583 ], [ 131.882979740892949, 43.117550802763297 ], [ 131.883281876948217, 43.117492365676348 ], [ 131.883366626074178, 43.11776234859655 ], [ 131.883199168533508, 43.117795559934684 ] ] } },
{ "type": "Feature", "properties": { "fid": 90, "Layer": "0", "PaperSpace": null, "SubClasses": "AcDbEntity:AcDbPolyline", "Linetype": null, "EntityHandle": "88", "Text": null, "ogr_style": "PEN(c:#000000)", "font": null, "angle": null, "size": null, "size_u": null, "anchor": null, "color": "#000000", "underline": null, "plaintext": null, "fcolor": null, "flnum": null, "bold": null, "italic": null, "dx": null, "dx_u": null, "dy": null, "dy_u": null }, "geometry": { "type": "LineString", "coordinates": [ [ 131.883112261059352, 43.117916522111081 ], [ 131.88307724958446, 43.117819845749899 ], [ 131.883366626074178, 43.11776234859655 ], [ 131.883375423247685, 43.117759738568957 ], [ 131.883389077916718, 43.117799384778287 ], [ 131.883386143244479, 43.117800134794813 ], [ 131.883405538330436, 43.11785736488055 ], [ 131.88328937781867, 43.11788078210401 ], [ 131.883112261059352, 43.117916522111081 ] ] } },
{ "type": "Feature", "properties": { "fid": 91, "Layer": "0", "PaperSpace": null, "SubClasses": "AcDbEntity:AcDbPolyline", "Linetype": null, "EntityHandle": "89", "Text": null, "ogr_style": "PEN(c:#000000)", "font": null, "angle": null, "size": null, "size_u": null, "anchor": null, "color": "#000000", "underline": null, "plaintext": null, "fcolor": null, "flnum": null, "bold": null, "italic": null, "dx": null, "dx_u": null, "dy": null, "dy_u": null }, "geometry": { "type": "LineString", "coordinates": [ [ 131.883362044321046, 43.117747543284011 ], [ 131.883281876948217, 43.117492365676348 ], [ 131.883564179569333, 43.117437730512712 ], [ 131.883626212939561, 43.117617932603316 ], [ 131.883633625638993, 43.117639459957509 ], [ 131.883423624754272, 43.117735753959181 ], [ 131.883362044321046, 43.117747543284011 ] ] } },
{ "type": "Feature", "properties": { "fid": 92, "Layer": "0", "PaperSpace": null, "SubClasses": "AcDbEntity:AcDbPolyline", "Linetype": null, "EntityHandle": "8A", "Text": null, "ogr_style": "PEN(c:#000000)", "font": null, "angle": null, "size": null, "size_u": null, "anchor": null, "color": "#000000", "underline": null, "plaintext": null, "fcolor": null, "flnum": null, "bold": null, "italic": null, "dx": null, "dx_u": null, "dy": null, "dy_u": null }, "geometry": { "type": "LineString", "coordinates": [ [ 131.883626212939561, 43.117617932603316 ], [ 131.883564179569333, 43.117437730512712 ], [ 131.883815877660226, 43.117389077551515 ], [ 131.883838837575951, 43.117452842105848 ], [ 131.883782516575025, 43.117592665457472 ], [ 131.883626212939561, 43.117617932603316 ] ] } },
{ "type": "Feature", "properties": { "fid": 93, "Layer": "0", "PaperSpace": null, "SubClasses": "AcDbEntity:AcDbPolyline", "Linetype": null, "EntityHandle": "8B", "Text": null, "ogr_style": "PEN(c:#000000)", "font": null, "angle": null, "size": null, "size_u": null, "anchor": null, "color": "#000000", "underline": null, "plaintext": null, "fcolor": null, "flnum": null, "bold": null, "italic": null, "dx": null, "dx_u": null, "dy": null, "dy_u": null }, "geometry": { "type": "LineString", "coordinates": [ [ 131.883667825823665, 43.11773866476625 ], [ 131.883626212939561, 43.117617932603316 ], [ 131.883782516575025, 43.117592665457472 ], [ 131.883797904165192, 43.117652366678634 ], [ 131.883773210376035, 43.117736599946198 ], [ 131.883721552482058, 43.117727405429264 ], [ 131.883667825823665, 43.11773866476625 ] ] } },
{ "type": "Feature", "properties": { "fid": 94, "Layer": "0", "PaperSpace": null, "SubClasses": "AcDbEntity:AcDbPolyline", "Linetype": null, "EntityHandle": "8C", "Text": null, "ogr_style": "PEN(c:#000000)", "font": null, "angle": null, "size": null, "size_u": null, "anchor": null, "color": "#000000", "underline": null, "plaintext": null, "fcolor": null, "flnum": null, "bold": null, "italic": null, "dx": null, "dx_u": null, "dy": null, "dy_u": null }, "geometry": { "type": "LineString", "coordinates": [ [ 131.885390703285196, 43.1169430171757 ], [ 131.88526740538876, 43.116597639038844 ], [ 131.885612700157594, 43.116528313660211 ], [ 131.885744376123739, 43.116881256883218 ], [ 131.885390703285196, 43.1169430171757 ] ] } },
{ "type": "Feature", "properties": { "fid": 95, "Layer": "0", "PaperSpace": null, "SubClasses": "AcDbEntity:AcDbPolyline", "Linetype": null, "EntityHandle": "8D", "Text": null, "ogr_style": "PEN(c:#000000)", "font": null, "angle": null, "size": null, "size_u": null, "anchor": null, "color": "#000000", "underline": null, "plaintext": null, "fcolor": null, "flnum": null, "bold": null, "italic": null, "dx": null, "dx_u": null, "dy": null, "dy_u": null }, "geometry": { "type": "LineString", "coordinates": [ [ 131.881784298694583, 43.11239987412565 ], [ 131.881839059900187, 43.112534065073248 ], [ 131.882311326343114, 43.112954294096618 ], [ 131.881679612813798, 43.113079632844808 ], [ 131.881656590299912, 43.113012357960784 ], [ 131.881498497432375, 43.11303989072448 ], [ 131.881299600473426, 43.11250292111594 ], [ 131.881784298694583, 43.11239987412565 ] ] } },
{ "type": "Feature", "properties": { "fid": 96, "Layer": "0", "PaperSpace": null, "SubClasses": "AcDbEntity:AcDbPolyline", "Linetype": null, "EntityHandle": "8E", "Text": null, "ogr_style": "PEN(c:#000000)", "font": null, "angle": null, "size": null, "size_u": null, "anchor": null, "color": "#000000", "underline": null, "plaintext": null, "fcolor": null, "flnum": null, "bold": null, "italic": null, "dx": null, "dx_u": null, "dy": null, "dy_u": null }, "geometry": { "type": "LineString", "coordinates": [ [ 131.882260881489543, 43.114141890352911 ], [ 131.882413681020836, 43.11452801700927 ], [ 131.88196371582751, 43.114616941112885 ], [ 131.881833069561196, 43.114239139482763 ], [ 131.882260881489543, 43.114141890352911 ] ] } },
{ "type": "Feature", "properties": { "fid": 97, "Layer": "0", "PaperSpace": null, "SubClasses": "AcDbEntity:AcDbPolyline", "Linetype": null, "EntityHandle": "8F", "Text": null, "ogr_style": "PEN(c:#000000)", "font": null, "angle": null, "size": null, "size_u": null, "anchor": null, "color": "#000000", "underline": null, "plaintext": null, "fcolor": null, "flnum": null, "bold": null, "italic": null, "dx": null, "dx_u": null, "dy": null, "dy_u": null }, "geometry": { "type": "LineString", "coordinates": [ [ 131.882419366063061, 43.114620401735735 ], [ 131.882474853260192, 43.114792660131776 ], [ 131.882066519261059, 43.114867658697555 ], [ 131.88200543534262, 43.114698247475182 ], [ 131.882419366063061, 43.114620401735735 ] ] } },
{ "type": "Feature", "properties": { "fid": 98, "Layer": "0", "PaperSpace": null, "SubClasses": "AcDbEntity:AcDbPolyline", "Linetype": null, "EntityHandle": "90", "Text": null, "ogr_style": "PEN(c:#000000)", "font": null, "angle": null, "size": null, "size_u": null, "anchor": null, "color": "#000000", "underline": null, "plaintext": null, "fcolor": null, "flnum": null, "bold": null, "italic": null, "dx": null, "dx_u": null, "dy": null, "dy_u": null }, "geometry": { "type": "LineString", "coordinates": [ [ 131.883170220154085, 43.118076333181982 ], [ 131.883112261059352, 43.117916522111081 ], [ 131.88328937781867, 43.11788078210401 ], [ 131.883334377466952, 43.118011651243165 ], [ 131.883422141701743, 43.11799401422914 ], [ 131.883431462320658, 43.118025423491005 ], [ 131.88340697813706, 43.118030173722715 ], [ 131.883170220154085, 43.118076333181982 ] ] } },
{ "type": "Feature", "properties": { "fid": 99, "Layer": "0", "PaperSpace": null, "SubClasses": "AcDbEntity:AcDbPolyline", "Linetype": null, "EntityHandle": "91", "Text": null, "ogr_style": "PEN(c:#000000)", "font": null, "angle": null, "size": null, "size_u": null, "anchor": null, "color": "#000000", "underline": null, "plaintext": null, "fcolor": null, "flnum": null, "bold": null, "italic": null, "dx": null, "dx_u": null, "dy": null, "dy_u": null }, "geometry": { "type": "LineString", "coordinates": [ [ 131.883685591913121, 43.117800682065429 ], [ 131.883630282297133, 43.117987301391203 ], [ 131.883431462320658, 43.118025423491005 ], [ 131.883422141701743, 43.11799401422914 ], [ 131.883334377466952, 43.118011651243165 ], [ 131.883316426039386, 43.117959267091386 ], [ 131.883574488920175, 43.117909199594209 ], [ 131.883596490385912, 43.117819053015602 ], [ 131.883685591913121, 43.117800682065429 ] ] } },
{ "type": "Feature", "properties": { "fid": 100, "Layer": "0", "PaperSpace": null, "SubClasses": "AcDbEntity:AcDbPolyline", "Linetype": null, "EntityHandle": "92", "Text": null, "ogr_style": "PEN(c:#000000)", "font": null, "angle": null, "size": null, "size_u": null, "anchor": null, "color": "#000000", "underline": null, "plaintext": null, "fcolor": null, "flnum": null, "bold": null, "italic": null, "dx": null, "dx_u": null, "dy": null, "dy_u": null }, "geometry": { "type": "LineString", "coordinates": [ [ 131.883316426039386, 43.117959267091386 ], [ 131.88328937781867, 43.11788078210401 ], [ 131.883596490385912, 43.117819053015602 ], [ 131.883574488920175, 43.117909199594209 ], [ 131.883316426039386, 43.117959267091386 ] ] } },
{ "type": "Feature", "properties": { "fid": 101, "Layer": "0", "PaperSpace": null, "SubClasses": "AcDbEntity:AcDbPolyline", "Linetype": null, "EntityHandle": "93", "Text": null, "ogr_style": "PEN(c:#000000)", "font": null, "angle": null, "size": null, "size_u": null, "anchor": null, "color": "#000000", "underline": null, "plaintext": null, "fcolor": null, "flnum": null, "bold": null, "italic": null, "dx": null, "dx_u": null, "dy": null, "dy_u": null }, "geometry": { "type": "LineString", "coordinates": [ [ 131.88259028767655, 43.117915810279271 ], [ 131.88267588357624, 43.118165802349644 ], [ 131.882796510141048, 43.118144590547907 ], [ 131.882799330532464, 43.118144291772218 ], [ 131.882823079428505, 43.118139639175318 ], [ 131.882881848517457, 43.118128598887516 ], [ 131.882940489609155, 43.118117289837187 ], [ 131.882956052066191, 43.118115060958345 ], [ 131.882866977765644, 43.117863124273484 ], [ 131.88259028767655, 43.117915810279271 ] ] } },
{ "type": "Feature", "properties": { "fid": 102, "Layer": "0", "PaperSpace": null, "SubClasses": "AcDbEntity:AcDbPolyline", "Linetype": null, "EntityHandle": "94", "Text": null, "ogr_style": "PEN(c:#000000)", "font": null, "angle": null, "size": null, "size_u": null, "anchor": null, "color": "#000000", "underline": null, "plaintext": null, "fcolor": null, "flnum": null, "bold": null, "italic": null, "dx": null, "dx_u": null, "dy": null, "dy_u": null }, "geometry": { "type": "LineString", "coordinates": [ [ 131.88380594168305, 43.122239037368729 ], [ 131.883891794021935, 43.122476063961869 ], [ 131.884161041620928, 43.122425160977251 ], [ 131.884252483909279, 43.12240676571033 ], [ 131.884438182047688, 43.122369316162121 ], [ 131.884495475442776, 43.122358020069129 ], [ 131.884412342625552, 43.122121956311986 ], [ 131.884354322562331, 43.122133799851056 ], [ 131.884193798363725, 43.122163881479629 ], [ 131.88419419088828, 43.122165137645695 ], [ 131.884175950276898, 43.122168744197786 ], [ 131.884097723794753, 43.122184214210407 ], [ 131.883981787438216, 43.122206909747547 ], [ 131.883815121728787, 43.12223714350111 ], [ 131.88380594168305, 43.122239037368729 ] ] } },
{ "type": "Feature", "properties": { "fid": 103, "Layer": "0", "PaperSpace": null, "SubClasses": "AcDbEntity:AcDbPolyline", "Linetype": null, "EntityHandle": "95", "Text": null, "ogr_style": "PEN(c:#000000)", "font": null, "angle": null, "size": null, "size_u": null, "anchor": null, "color": "#000000", "underline": null, "plaintext": null, "fcolor": null, "flnum": null, "bold": null, "italic": null, "dx": null, "dx_u": null, "dy": null, "dy_u": null }, "geometry": { "type": "LineString", "coordinates": [ [ 131.883378914385929, 43.124074869305758 ], [ 131.883455712169081, 43.123777136218784 ], [ 131.884501682270468, 43.12387970247282 ], [ 131.884708113219432, 43.123775611941767 ], [ 131.884773488743974, 43.123317052794839 ], [ 131.884632402169018, 43.122915598318926 ], [ 131.884586546207913, 43.122785278619872 ], [ 131.884375023157133, 43.122828212623787 ], [ 131.88276497544166, 43.123155531604048 ], [ 131.882345587356468, 43.123240185067303 ], [ 131.882291818045474, 43.123249463921589 ], [ 131.881949759686222, 43.123323156899552 ], [ 131.882177699256516, 43.123847136847054 ], [ 131.882638322708033, 43.123746491781368 ], [ 131.882755530660432, 43.124023525149823 ], [ 131.883378914385929, 43.124074869305758 ] ] } },
{ "type": "Feature", "properties": { "fid": 104, "Layer": "0", "PaperSpace": null, "SubClasses": "AcDbEntity:AcDbPolyline", "Linetype": null, "EntityHandle": "96", "Text": null, "ogr_style": "PEN(c:#000000)", "font": null, "angle": null, "size": null, "size_u": null, "anchor": null, "color": "#000000", "underline": null, "plaintext": null, "fcolor": null, "flnum": null, "bold": null, "italic": null, "dx": null, "dx_u": null, "dy": null, "dy_u": null }, "geometry": { "type": "LineString", "coordinates": [ [ 131.905564087589369, 43.117316789826816 ], [ 131.906119567946405, 43.117474479924304 ], [ 131.906338248778553, 43.117441242640524 ], [ 131.906417619930238, 43.117383979856747 ], [ 131.906418289471958, 43.117336086400762 ], [ 131.906141091133605, 43.11725984713587 ], [ 131.905630645246646, 43.117194221823269 ], [ 131.905564087589369, 43.117316789826816 ] ] } },
{ "type": "Feature", "properties": { "fid": 105, "Layer": "0", "PaperSpace": null, "SubClasses": "AcDbEntity:AcDbPolyline", "Linetype": null, "EntityHandle": "97", "Text": null, "ogr_style": "PEN(c:#000000)", "font": null, "angle": null, "size": null, "size_u": null, "anchor": null, "color": "#000000", "underline": null, "plaintext": null, "fcolor": null, "flnum": null, "bold": null, "italic": null, "dx": null, "dx_u": null, "dy": null, "dy_u": null }, "geometry": { "type": "LineString", "coordinates": [ [ 131.906844316265534, 43.117369551695255 ], [ 131.906982041269373, 43.117406914546585 ], [ 131.90704745268107, 43.117352136839727 ], [ 131.906959432854364, 43.117242067306492 ], [ 131.906840038039093, 43.117237548277501 ], [ 131.90678556720016, 43.117260887843145 ], [ 131.906844316265534, 43.117369551695255 ] ] } },
{ "type": "Feature", "properties": { "fid": 106, "Layer": "0", "PaperSpace": null, "SubClasses": "AcDbEntity:AcDbPolyline", "Linetype": null, "EntityHandle": "98", "Text": null, "ogr_style": "PEN(c:#000000)", "font": null, "angle": null, "size": null, "size_u": null, "anchor": null, "color": "#000000", "underline": null, "plaintext": null, "fcolor": null, "flnum": null, "bold": null, "italic": null, "dx": null, "dx_u": null, "dy": null, "dy_u": null }, "geometry": { "type": "LineString", "coordinates": [ [ 131.910705123726245, 43.116723012287324 ], [ 131.910856423982239, 43.116788672693652 ], [ 131.91117242405474, 43.116857114534461 ], [ 131.911290250574694, 43.11676839276678 ], [ 131.912005429830799, 43.116595662531481 ], [ 131.912004520924683, 43.116454262843838 ], [ 131.911500284587646, 43.116019368750258 ], [ 131.911391969721024, 43.115996916368005 ], [ 131.911366995398623, 43.115932098253445 ], [ 131.911204133505123, 43.11597313366056 ], [ 131.910895216559709, 43.116009662237531 ], [ 131.910887550871024, 43.116076711322123 ], [ 131.910835380038208, 43.116218214857788 ], [ 131.910885449285473, 43.116373053469466 ], [ 131.910713120286829, 43.116407526063668 ], [ 131.910745203804936, 43.116433564887743 ], [ 131.910784478708337, 43.116494543416408 ], [ 131.910806884089737, 43.116578921108236 ], [ 131.910721104085837, 43.11660330933752 ], [ 131.910655080197557, 43.116639012947537 ], [ 131.910705123726245, 43.116723012287324 ] ] } },
{ "type": "Feature", "properties": { "fid": 107, "Layer": "0", "PaperSpace": null, "SubClasses": "AcDbEntity:AcDbPolyline", "Linetype": null, "EntityHandle": "99", "Text": null, "ogr_style": "PEN(c:#000000)", "font": null, "angle": null, "size": null, "size_u": null, "anchor": null, "color": "#000000", "underline": null, "plaintext": null, "fcolor": null, "flnum": null, "bold": null, "italic": null, "dx": null, "dx_u": null, "dy": null, "dy_u": null }, "geometry": { "type": "LineString", "coordinates": [ [ 131.898403038351006, 43.116587510562923 ], [ 131.898431984995341, 43.116604043942203 ], [ 131.898460249796244, 43.116610683009021 ], [ 131.898629977159061, 43.116651325942087 ], [ 131.898665282387981, 43.116666263381873 ], [ 131.898749098413731, 43.116469351012675 ], [ 131.898489513191578, 43.116420184952382 ], [ 131.898403038351006, 43.116587510562923 ] ] } },
{ "type": "Feature", "properties": { "fid": 108, "Layer": "0", "PaperSpace": null, "SubClasses": "AcDbEntity:AcDbPolyline", "Linetype": null, "EntityHandle": "9A", "Text": null, "ogr_style": "PEN(c:#000000)", "font": null, "angle": null, "size": null, "size_u": null, "anchor": null, "color": "#000000", "underline": null, "plaintext": null, "fcolor": null, "flnum": null, "bold": null, "italic": null, "dx": null, "dx_u": null, "dy": null, "dy_u": null }, "geometry": { "type": "LineString", "coordinates": [ [ 131.898543345548234, 43.115942114065369 ], [ 131.898597317365642, 43.115956588714795 ], [ 131.89884213750662, 43.116030300378711 ], [ 131.898922388246888, 43.115846116419718 ], [ 131.898679269749579, 43.115784178953724 ], [ 131.898616820156974, 43.115769701888347 ], [ 131.898611090053492, 43.115784793114159 ], [ 131.898543345548234, 43.115942114065369 ] ] } },
{ "type": "Feature", "properties": { "fid": 109, "Layer": "0", "PaperSpace": null, "SubClasses": "AcDbEntity:AcDbPolyline", "Linetype": null, "EntityHandle": "9B", "Text": null, "ogr_style": "PEN(c:#000000)", "font": null, "angle": null, "size": null, "size_u": null, "anchor": null, "color": "#000000", "underline": null, "plaintext": null, "fcolor": null, "flnum": null, "bold": null, "italic": null, "dx": null, "dx_u": null, "dy": null, "dy_u": null }, "geometry": { "type": "LineString", "coordinates": [ [ 131.898665282387981, 43.116666263381873 ], [ 131.898836285674633, 43.116728495766232 ], [ 131.898910936425835, 43.11661079871385 ], [ 131.898965709513476, 43.11653282234149 ], [ 131.898876424973253, 43.116503050532508 ], [ 131.898749098413731, 43.116469351012675 ], [ 131.898665282387981, 43.116666263381873 ] ] } },
{ "type": "Feature", "properties": { "fid": 110, "Layer": "0", "PaperSpace": null, "SubClasses": "AcDbEntity:AcDbPolyline", "Linetype": null, "EntityHandle": "9C", "Text": null, "ogr_style": "PEN(c:#000000)", "font": null, "angle": null, "size": null, "size_u": null, "anchor": null, "color": "#000000", "underline": null, "plaintext": null, "fcolor": null, "flnum": null, "bold": null, "italic": null, "dx": null, "dx_u": null, "dy": null, "dy_u": null }, "geometry": { "type": "LineString", "coordinates": [ [ 131.899185836909595, 43.116849101292473 ], [ 131.899362998891235, 43.116905688489972 ], [ 131.899465915228376, 43.116730901246868 ], [ 131.899289459729033, 43.116679077554302 ], [ 131.899185836909595, 43.116849101292473 ] ] } },
{ "type": "Feature", "properties": { "fid": 111, "Layer": "0", "PaperSpace": null, "SubClasses": "AcDbEntity:AcDbPolyline", "Linetype": null, "EntityHandle": "9D", "Text": null, "ogr_style": "PEN(c:#000000)", "font": null, "angle": null, "size": null, "size_u": null, "anchor": null, "color": "#000000", "underline": null, "plaintext": null, "fcolor": null, "flnum": null, "bold": null, "italic": null, "dx": null, "dx_u": null, "dy": null, "dy_u": null }, "geometry": { "type": "LineString", "coordinates": [ [ 131.91129329142646, 43.113222869130354 ], [ 131.911364336653264, 43.113407642754581 ], [ 131.911476487072719, 43.113381178479386 ], [ 131.911509392146712, 43.113373723966937 ], [ 131.91157091870474, 43.113359669749592 ], [ 131.911734233007451, 43.113323309726184 ], [ 131.911775715642307, 43.113314685417969 ], [ 131.911699185949516, 43.113119617908325 ], [ 131.911496267471875, 43.113160081878434 ], [ 131.911504307017708, 43.113181780908654 ], [ 131.91129329142646, 43.113222869130354 ] ] } },
{ "type": "Feature", "properties": { "fid": 112, "Layer": "0", "PaperSpace": null, "SubClasses": "AcDbEntity:AcDbPolyline", "Linetype": null, "EntityHandle": "9E", "Text": null, "ogr_style": "PEN(c:#000000)", "font": null, "angle": null, "size": null, "size_u": null, "anchor": null, "color": "#000000", "underline": null, "plaintext": null, "fcolor": null, "flnum": null, "bold": null, "italic": null, "dx": null, "dx_u": null, "dy": null, "dy_u": null }, "geometry": { "type": "LineString", "coordinates": [ [ 131.929321544794135, 43.11179342819343 ], [ 131.929381849642397, 43.111823573356418 ], [ 131.929544436808925, 43.111832021716893 ], [ 131.929549828475757, 43.111750413483385 ], [ 131.929326440612272, 43.111742699423147 ], [ 131.929321544794135, 43.11179342819343 ] ] } },
{ "type": "Feature", "properties": { "fid": 113, "Layer": "0", "PaperSpace": null, "SubClasses": "AcDbEntity:AcDbPolyline", "Linetype": null, "EntityHandle": "9F", "Text": null, "ogr_style": "PEN(c:#000000)", "font": null, "angle": null, "size": null, "size_u": null, "anchor": null, "color": "#000000", "underline": null, "plaintext": null, "fcolor": null, "flnum": null, "bold": null, "italic": null, "dx": null, "dx_u": null, "dy": null, "dy_u": null }, "geometry": { "type": "LineString", "coordinates": [ [ 131.917208415506821, 43.112602353883275 ], [ 131.917567251043067, 43.112531079795907 ], [ 131.918154772658937, 43.112461994534897 ], [ 131.920214529847271, 43.112430359897239 ], [ 131.920368778217039, 43.112395703114444 ], [ 131.921304744066759, 43.112390085339044 ], [ 131.921303819644834, 43.112330416946754 ], [ 131.922262780278658, 43.11230708690632 ], [ 131.922267797572204, 43.112475086920277 ], [ 131.922269200308051, 43.1125215184627 ], [ 131.922293762128021, 43.112520989673065 ], [ 131.922299432728579, 43.112678451364317 ], [ 131.922311677975131, 43.113076986579564 ], [ 131.922430122585496, 43.113077268907908 ], [ 131.922431441247397, 43.113150705000493 ], [ 131.92243547675929, 43.113375062985369 ], [ 131.922490860257341, 43.113398692735238 ], [ 131.922493897294714, 43.113434485603918 ], [ 131.922497152573385, 43.11347513683333 ], [ 131.922503627811835, 43.113554639418517 ], [ 131.922485151648061, 43.113571036296875 ], [ 131.922489819260164, 43.113596010516325 ], [ 131.922502736949923, 43.113665723897391 ], [ 131.92257785088421, 43.113799410687122 ], [ 131.922641067490616, 43.114078052466247 ], [ 131.923158438370422, 43.114077549944923 ], [ 131.923478231699789, 43.114207756222889 ], [ 131.923677415997901, 43.114340133851869 ], [ 131.923810444878001, 43.114425952554946 ], [ 131.923916103730051, 43.114500718294977 ], [ 131.923436754877883, 43.114760688574734 ], [ 131.923877467593115, 43.115241746313274 ], [ 131.924221912833389, 43.115463052806795 ], [ 131.92452555707024, 43.115627541134643 ], [ 131.924890318449883, 43.115800834692728 ], [ 131.925081202455829, 43.115898102694224 ], [ 131.925397804984698, 43.116077753927854 ], [ 131.925528938638024, 43.116110663450328 ], [ 131.925524575900738, 43.116119980789989 ], [ 131.925372016100624, 43.116396849465723 ], [ 131.925349522926155, 43.116452624549396 ], [ 131.925369579968049, 43.116610204062745 ], [ 131.92544998877932, 43.117243400519122 ], [ 131.92538986278737, 43.117796890304284 ], [ 131.925359081191999, 43.118080843728585 ], [ 131.925680678109984, 43.118345052768326 ], [ 131.925261022637073, 43.1185800066146 ], [ 131.9251168750815, 43.118641566962218 ], [ 131.924747901190869, 43.118723503150271 ], [ 131.9241159022408, 43.118801642726559 ], [ 131.923625616992524, 43.118781881282281 ], [ 131.923257104262859, 43.118724829039643 ], [ 131.922388687289384, 43.118646129977257 ], [ 131.922205443566583, 43.118631588232468 ], [ 131.922175175306933, 43.118629476753291 ], [ 131.922074656730842, 43.118622794523581 ], [ 131.921670531294524, 43.118597976573803 ], [ 131.921671003008356, 43.118609493162928 ], [ 131.921582282379177, 43.118640491378287 ], [ 131.921495689494009, 43.118648424011859 ], [ 131.921262957550908, 43.118541419200554 ], [ 131.920587783757014, 43.11836660950533 ], [ 131.920353199144756, 43.118327941556636 ], [ 131.919956876723148, 43.118299885048287 ], [ 131.919245944639982, 43.118275223640318 ], [ 131.918923676596194, 43.118264027721665 ], [ 131.918889009012929, 43.118263131747611 ], [ 131.918242974713678, 43.118189265759483 ], [ 131.917992775110037, 43.118156247657403 ], [ 131.917805016884046, 43.11811807304661 ], [ 131.917358919223318, 43.118020140428428 ], [ 131.917464023467801, 43.117607862013237 ], [ 131.917377259559743, 43.117405884913104 ], [ 131.917535536284362, 43.116879003048076 ], [ 131.917909498299565, 43.116065868662417 ], [ 131.917530630310182, 43.115603761656295 ], [ 131.917441012837941, 43.115519640463447 ], [ 131.917443255456533, 43.115376677537277 ], [ 131.917336294218387, 43.115021261386374 ], [ 131.917315978753862, 43.114924801400392 ], [ 131.917159339465968, 43.114850114294114 ], [ 131.917178370215026, 43.11471741666508 ], [ 131.917045839059512, 43.114298269732927 ], [ 131.917130667746648, 43.114282077851648 ], [ 131.917098964009199, 43.114187537518696 ], [ 131.91693016054279, 43.11368514951279 ], [ 131.916754825981315, 43.113162756967782 ], [ 131.916705252193253, 43.113015026632986 ], [ 131.917204826732132, 43.112909063283574 ], [ 131.917298551931424, 43.112889267470933 ], [ 131.917320453481636, 43.112884627094807 ], [ 131.917225242520459, 43.112646103341127 ], [ 131.917208415506821, 43.112602353883275 ] ] } },
{ "type": "Feature", "properties": { "fid": 114, "Layer": "0", "PaperSpace": null, "SubClasses": "AcDbEntity:AcDbPolyline", "Linetype": null, "EntityHandle": "A0", "Text": null, "ogr_style": "PEN(c:#000000)", "font": null, "angle": null, "size": null, "size_u": null, "anchor": null, "color": "#000000", "underline": null, "plaintext": null, "fcolor": null, "flnum": null, "bold": null, "italic": null, "dx": null, "dx_u": null, "dy": null, "dy_u": null }, "geometry": { "type": "LineString", "coordinates": [ [ 131.91922929353052, 43.113534095840222 ], [ 131.919372034523633, 43.113532775839133 ], [ 131.919407498080631, 43.11349288776205 ], [ 131.919407131385242, 43.113342391150525 ], [ 131.919233277742677, 43.113342237889938 ], [ 131.91922929353052, 43.113534095840222 ] ] } },
{ "type": "Feature", "properties": { "fid": 115, "Layer": "0", "PaperSpace": null, "SubClasses": "AcDbEntity:AcDbPolyline", "Linetype": null, "EntityHandle": "A1", "Text": null, "ogr_style": "PEN(c:#000000)", "font": null, "angle": null, "size": null, "size_u": null, "anchor": null, "color": "#000000", "underline": null, "plaintext": null, "fcolor": null, "flnum": null, "bold": null, "italic": null, "dx": null, "dx_u": null, "dy": null, "dy_u": null }, "geometry": { "type": "LineString", "coordinates": [ [ 131.921075698411329, 43.113027532496972 ], [ 131.92127956772822, 43.113017105621381 ], [ 131.921257122323794, 43.112831106548249 ], [ 131.921234883666273, 43.112831070589259 ], [ 131.921234853007945, 43.112791915585333 ], [ 131.92105757812854, 43.112798912073323 ], [ 131.921075698411329, 43.113027532496972 ] ] } },
{ "type": "Feature", "properties": { "fid": 116, "Layer": "0", "PaperSpace": null, "SubClasses": "AcDbEntity:AcDbPolyline", "Linetype": null, "EntityHandle": "A2", "Text": null, "ogr_style": "PEN(c:#000000)", "font": null, "angle": null, "size": null, "size_u": null, "anchor": null, "color": "#000000", "underline": null, "plaintext": null, "fcolor": null, "flnum": null, "bold": null, "italic": null, "dx": null, "dx_u": null, "dy": null, "dy_u": null }, "geometry": { "type": "LineString", "coordinates": [ [ 131.921795490559873, 43.113481807763151 ], [ 131.921796058337577, 43.113504484866993 ], [ 131.921800852061864, 43.11370498163906 ], [ 131.921467041938996, 43.113711736808433 ], [ 131.921457090294865, 43.113711751563358 ], [ 131.921450140289977, 43.113520278699141 ], [ 131.921625139769588, 43.11351618594972 ], [ 131.921625213749394, 43.113488641427232 ], [ 131.921778288007715, 43.113481718877203 ], [ 131.921795490559873, 43.113481807763151 ] ] } },
{ "type": "Feature", "properties": { "fid": 117, "Layer": "0", "PaperSpace": null, "SubClasses": "AcDbEntity:AcDbPolyline", "Linetype": null, "EntityHandle": "A3", "Text": null, "ogr_style": "PEN(c:#000000)", "font": null, "angle": null, "size": null, "size_u": null, "anchor": null, "color": "#000000", "underline": null, "plaintext": null, "fcolor": null, "flnum": null, "bold": null, "italic": null, "dx": null, "dx_u": null, "dy": null, "dy_u": null }, "geometry": { "type": "LineString", "coordinates": [ [ 131.921803501702897, 43.113076038249979 ], [ 131.921803834649751, 43.113130582160949 ], [ 131.921793765560523, 43.113130868218526 ], [ 131.921796961331296, 43.113206084796758 ], [ 131.921788855855795, 43.113206260163743 ], [ 131.921786382706671, 43.113274335458641 ], [ 131.921445307392702, 43.113273876075745 ], [ 131.92144561794899, 43.113089257704033 ], [ 131.921694271329102, 43.113088259964115 ], [ 131.921694159359475, 43.113076289515192 ], [ 131.921803501702897, 43.113076038249979 ] ] } },
{ "type": "Feature", "properties": { "fid": 118, "Layer": "0", "PaperSpace": null, "SubClasses": "AcDbEntity:AcDbPolyline", "Linetype": null, "EntityHandle": "A4", "Text": null, "ogr_style": "PEN(c:#000000)", "font": null, "angle": null, "size": null, "size_u": null, "anchor": null, "color": "#000000", "underline": null, "plaintext": null, "fcolor": null, "flnum": null, "bold": null, "italic": null, "dx": null, "dx_u": null, "dy": null, "dy_u": null }, "geometry": { "type": "LineString", "coordinates": [ [ 131.918149496500234, 43.112876916406883 ], [ 131.918151395141876, 43.112904890283694 ], [ 131.918149909987562, 43.11301112033059 ], [ 131.91814897335658, 43.113076299031867 ], [ 131.918145138834745, 43.113188044487813 ], [ 131.918145601552141, 43.113236826267226 ], [ 131.917993023648222, 43.113237707924597 ], [ 131.917994135411334, 43.113344810825787 ], [ 131.917715682282051, 43.113348723626473 ], [ 131.917580061658953, 43.112953822937207 ], [ 131.917616420986548, 43.112947140531176 ], [ 131.917973126282618, 43.112942766629352 ], [ 131.91797235219039, 43.11287805594668 ], [ 131.918149496500234, 43.112876916406883 ] ] } },
{ "type": "Feature", "properties": { "fid": 119, "Layer": "0", "PaperSpace": null, "SubClasses": "AcDbEntity:AcDbPolyline", "Linetype": null, "EntityHandle": "A5", "Text": null, "ogr_style": "PEN(c:#000000)", "font": null, "angle": null, "size": null, "size_u": null, "anchor": null, "color": "#000000", "underline": null, "plaintext": null, "fcolor": null, "flnum": null, "bold": null, "italic": null, "dx": null, "dx_u": null, "dy": null, "dy_u": null }, "geometry": { "type": "LineString", "coordinates": [ [ 131.92133369481337, 43.112719855509788 ], [ 131.921339829555365, 43.112719430883402 ], [ 131.921422089099849, 43.112716494664411 ], [ 131.921569727402755, 43.112714400270065 ], [ 131.921909437044377, 43.112708032738681 ], [ 131.921944279859247, 43.112718017194034 ], [ 131.921995294147877, 43.112807042092456 ], [ 131.921932510733114, 43.112806983228857 ], [ 131.921928621529815, 43.112903067251963 ], [ 131.921698006443648, 43.112902885429754 ], [ 131.921697918093344, 43.11294222171 ], [ 131.921699934451283, 43.11307631871766 ], [ 131.921803501702897, 43.113076038249979 ], [ 131.921803834649751, 43.113130582160949 ], [ 131.921793765560523, 43.113130868218526 ], [ 131.921796961331296, 43.113206084796758 ], [ 131.921788855855795, 43.113206260163743 ], [ 131.921786382706671, 43.113274335458641 ], [ 131.921778288007715, 43.113481718877203 ], [ 131.921795490559873, 43.113481807763151 ], [ 131.921796058337577, 43.113504484866993 ], [ 131.921800852061864, 43.11370498163906 ], [ 131.921862381530332, 43.113703703595554 ], [ 131.921866974381373, 43.113837593424691 ], [ 131.921867837309662, 43.113862787760887 ], [ 131.921867813883978, 43.113886641247923 ], [ 131.921470468143923, 43.113886414476276 ], [ 131.92144564949939, 43.11388640572018 ], [ 131.921445915565954, 43.113712049230124 ], [ 131.921457090294865, 43.113711751563358 ], [ 131.921450140289977, 43.113520278699141 ], [ 131.921410597163231, 43.113521235056567 ], [ 131.921409061611541, 43.113273807585109 ], [ 131.921445307392702, 43.113273876075745 ], [ 131.92144561794899, 43.113089257704033 ], [ 131.921374369092234, 43.113089827727293 ], [ 131.921356078627724, 43.112902704790919 ], [ 131.92133369481337, 43.112719855509788 ] ] } },
{ "type": "Feature", "properties": { "fid": 120, "Layer": "0", "PaperSpace": null, "SubClasses": "AcDbEntity:AcDbPolyline", "Linetype": null, "EntityHandle": "A6", "Text": null, "ogr_style": "PEN(c:#000000)", "font": null, "angle": null, "size": null, "size_u": null, "anchor": null, "color": "#000000", "underline": null, "plaintext": null, "fcolor": null, "flnum": null, "bold": null, "italic": null, "dx": null, "dx_u": null, "dy": null, "dy_u": null }, "geometry": { "type": "LineString", "coordinates": [ [ 131.92121990669412, 43.112468298847801 ], [ 131.921252285157067, 43.112791192026421 ], [ 131.92127956772822, 43.113017105621381 ], [ 131.921075698411329, 43.113027532496972 ], [ 131.921058412873634, 43.112810154819122 ], [ 131.920701018750435, 43.112810675062171 ], [ 131.920710005427054, 43.112968281966921 ], [ 131.92038238856054, 43.112977399136582 ], [ 131.920378366095633, 43.112809748631562 ], [ 131.920656048336923, 43.11281051809906 ], [ 131.920657862348094, 43.112476823607757 ], [ 131.921194353373039, 43.112468387781369 ], [ 131.92121990669412, 43.112468298847801 ] ] } },
{ "type": "Feature", "properties": { "fid": 121, "Layer": "0", "PaperSpace": null, "SubClasses": "AcDbEntity:AcDbPolyline", "Linetype": null, "EntityHandle": "A7", "Text": null, "ogr_style": "PEN(c:#000000)", "font": null, "angle": null, "size": null, "size_u": null, "anchor": null, "color": "#000000", "underline": null, "plaintext": null, "fcolor": null, "flnum": null, "bold": null, "italic": null, "dx": null, "dx_u": null, "dy": null, "dy_u": null }, "geometry": { "type": "LineString", "coordinates": [ [ 131.919604854302264, 43.113074506828106 ], [ 131.919605715779966, 43.113156138878253 ], [ 131.919682997866971, 43.11315622663308 ], [ 131.919679767406819, 43.113342585932742 ], [ 131.919442763031981, 43.113342466730053 ], [ 131.919407131385242, 43.113342391150525 ], [ 131.919407498080631, 43.11349288776205 ], [ 131.919372034523633, 43.113532775839133 ], [ 131.91922929353052, 43.113534095840222 ], [ 131.919233277742677, 43.113342237889938 ], [ 131.919229436747997, 43.11307701216969 ], [ 131.919604854302264, 43.113074506828106 ] ] } },
{ "type": "Feature", "properties": { "fid": 122, "Layer": "0", "PaperSpace": null, "SubClasses": "AcDbEntity:AcDbPolyline", "Linetype": null, "EntityHandle": "A8", "Text": null, "ogr_style": "PEN(c:#000000)", "font": null, "angle": null, "size": null, "size_u": null, "anchor": null, "color": "#000000", "underline": null, "plaintext": null, "fcolor": null, "flnum": null, "bold": null, "italic": null, "dx": null, "dx_u": null, "dy": null, "dy_u": null }, "geometry": { "type": "LineString", "coordinates": [ [ 131.91973100589928, 43.114490783402744 ], [ 131.91973104507602, 43.114800154993731 ], [ 131.919737837727126, 43.114896036609757 ], [ 131.919329962558862, 43.114910585094307 ], [ 131.919301196967666, 43.11449566101372 ], [ 131.91973100589928, 43.114490783402744 ] ] } },
{ "type": "Feature", "properties": { "fid": 123, "Layer": "0", "PaperSpace": null, "SubClasses": "AcDbEntity:AcDbPolyline", "Linetype": null, "EntityHandle": "A9", "Text": null, "ogr_style": "PEN(c:#000000)", "font": null, "angle": null, "size": null, "size_u": null, "anchor": null, "color": "#000000", "underline": null, "plaintext": null, "fcolor": null, "flnum": null, "bold": null, "italic": null, "dx": null, "dx_u": null, "dy": null, "dy_u": null }, "geometry": { "type": "LineString", "coordinates": [ [ 131.91956913237803, 43.114004618713707 ], [ 131.919579676799145, 43.114103881381929 ], [ 131.91958345274395, 43.114139846583853 ], [ 131.919595719014723, 43.114138817527568 ], [ 131.919598827369668, 43.114165788523181 ], [ 131.919586308365837, 43.114166460187434 ], [ 131.919593099798107, 43.114230927568251 ], [ 131.919609987946984, 43.114390611764243 ], [ 131.919286962444318, 43.114396167067049 ], [ 131.91927338537667, 43.1140227589947 ], [ 131.91956913237803, 43.114004618713707 ] ] } },
{ "type": "Feature", "properties": { "fid": 124, "Layer": "0", "PaperSpace": null, "SubClasses": "AcDbEntity:AcDbPolyline", "Linetype": null, "EntityHandle": "AA", "Text": null, "ogr_style": "PEN(c:#000000)", "font": null, "angle": null, "size": null, "size_u": null, "anchor": null, "color": "#000000", "underline": null, "plaintext": null, "fcolor": null, "flnum": null, "bold": null, "italic": null, "dx": null, "dx_u": null, "dy": null, "dy_u": null }, "geometry": { "type": "LineString", "coordinates": [ [ 131.920785201725494, 43.113739435752208 ], [ 131.920803711984831, 43.113893972016129 ], [ 131.920835763987355, 43.113893184703414 ], [ 131.920846927927016, 43.114023945014701 ], [ 131.920683041260958, 43.114037190919454 ], [ 131.920363773486429, 43.114046310215478 ], [ 131.920356207624252, 43.113766811805093 ], [ 131.920785201725494, 43.113739435752208 ] ] } },
{ "type": "Feature", "properties": { "fid": 125, "Layer": "0", "PaperSpace": null, "SubClasses": "AcDbEntity:AcDbPolyline", "Linetype": null, "EntityHandle": "AB", "Text": null, "ogr_style": "PEN(c:#000000)", "font": null, "angle": null, "size": null, "size_u": null, "anchor": null, "color": "#000000", "underline": null, "plaintext": null, "fcolor": null, "flnum": null, "bold": null, "italic": null, "dx": null, "dx_u": null, "dy": null, "dy_u": null }, "geometry": { "type": "LineString", "coordinates": [ [ 131.920162803162754, 43.115346130012654 ], [ 131.920164557782755, 43.115510923913362 ], [ 131.919739130041279, 43.115507746019425 ], [ 131.919741322138805, 43.11534993157251 ], [ 131.919922385015099, 43.115347757947802 ], [ 131.920162803162754, 43.115346130012654 ] ] } },
{ "type": "Feature", "properties": { "fid": 126, "Layer": "0", "PaperSpace": null, "SubClasses": "AcDbEntity:AcDbPolyline", "Linetype": null, "EntityHandle": "AC", "Text": null, "ogr_style": "PEN(c:#000000)", "font": null, "angle": null, "size": null, "size_u": null, "anchor": null, "color": "#000000", "underline": null, "plaintext": null, "fcolor": null, "flnum": null, "bold": null, "italic": null, "dx": null, "dx_u": null, "dy": null, "dy_u": null }, "geometry": { "type": "LineString", "coordinates": [ [ 131.920834655832664, 43.115190362464453 ], [ 131.920839100861116, 43.11537322050112 ], [ 131.920559229546598, 43.115392997307936 ], [ 131.92056133033833, 43.115412417844901 ], [ 131.920361089938552, 43.115414074095156 ], [ 131.920352320359854, 43.115211098789331 ], [ 131.920640267483464, 43.115214730715238 ], [ 131.920691385707926, 43.115202491328553 ], [ 131.920834655832664, 43.115190362464453 ] ] } },
{ "type": "Feature", "properties": { "fid": 127, "Layer": "0", "PaperSpace": null, "SubClasses": "AcDbEntity:AcDbPolyline", "Linetype": null, "EntityHandle": "AD", "Text": null, "ogr_style": "PEN(c:#000000)", "font": null, "angle": null, "size": null, "size_u": null, "anchor": null, "color": "#000000", "underline": null, "plaintext": null, "fcolor": null, "flnum": null, "bold": null, "italic": null, "dx": null, "dx_u": null, "dy": null, "dy_u": null }, "geometry": { "type": "LineString", "coordinates": [ [ 131.920198224798668, 43.115617594368018 ], [ 131.920164404337953, 43.11600473247281 ], [ 131.920129753891615, 43.116004646802146 ], [ 131.920048389732415, 43.116003342108236 ], [ 131.919837502931244, 43.11601357054122 ], [ 131.919836809215326, 43.115909163681799 ], [ 131.919833435012634, 43.115874904507436 ], [ 131.919828193580116, 43.115820592242535 ], [ 131.919826956984991, 43.115807643486086 ], [ 131.919826259294695, 43.11567794323522 ], [ 131.919844485187298, 43.11567379108125 ], [ 131.919877823106759, 43.11563824580503 ], [ 131.919985848805027, 43.115620727770178 ], [ 131.920048636882257, 43.115620877661122 ], [ 131.920133748679888, 43.115619082530436 ], [ 131.920177840099825, 43.115618168793141 ], [ 131.920198224798668, 43.115617594368018 ] ] } },
{ "type": "Feature", "properties": { "fid": 128, "Layer": "0", "PaperSpace": null, "SubClasses": "AcDbEntity:AcDbPolyline", "Linetype": null, "EntityHandle": "AE", "Text": null, "ogr_style": "PEN(c:#000000)", "font": null, "angle": null, "size": null, "size_u": null, "anchor": null, "color": "#000000", "underline": null, "plaintext": null, "fcolor": null, "flnum": null, "bold": null, "italic": null, "dx": null, "dx_u": null, "dy": null, "dy_u": null }, "geometry": { "type": "LineString", "coordinates": [ [ 131.920920024829883, 43.11601010542666 ], [ 131.920913457962854, 43.116157704519132 ], [ 131.920891905891693, 43.116255414513823 ], [ 131.920790346360121, 43.116358376951823 ], [ 131.920731146655356, 43.11637835244607 ], [ 131.920689678518585, 43.116381489102821 ], [ 131.920681096841236, 43.116413803754547 ], [ 131.920567413724143, 43.116412299376265 ], [ 131.920448954451473, 43.116417866075622 ], [ 131.920453168512637, 43.116476149648967 ], [ 131.920465032797068, 43.116504738738534 ], [ 131.920463319531962, 43.116517628503622 ], [ 131.920472814356202, 43.116701153494098 ], [ 131.920288778173699, 43.116721091668389 ], [ 131.920040560866681, 43.116625948770803 ], [ 131.920152611957462, 43.116475170207643 ], [ 131.920156010996465, 43.116454251633868 ], [ 131.920129480314785, 43.11645471065895 ], [ 131.920051790879825, 43.1164403155569 ], [ 131.920057220688392, 43.116422706082737 ], [ 131.920037591607439, 43.116399149269704 ], [ 131.920099134976937, 43.11631065020886 ], [ 131.920061559048349, 43.116292952891214 ], [ 131.92011744328326, 43.116229176669052 ], [ 131.920194952059717, 43.116265716627389 ], [ 131.920292493296984, 43.116158296367644 ], [ 131.920309748831983, 43.116135971881619 ], [ 131.920384513944953, 43.116057594993073 ], [ 131.920453788214189, 43.116018791167704 ], [ 131.920614242868027, 43.115993160010092 ], [ 131.920642452566454, 43.115990612928179 ], [ 131.920920024829883, 43.11601010542666 ] ] } },
{ "type": "Feature", "properties": { "fid": 129, "Layer": "0", "PaperSpace": null, "SubClasses": "AcDbEntity:AcDbPolyline", "Linetype": null, "EntityHandle": "AF", "Text": null, "ogr_style": "PEN(c:#000000)", "font": null, "angle": null, "size": null, "size_u": null, "anchor": null, "color": "#000000", "underline": null, "plaintext": null, "fcolor": null, "flnum": null, "bold": null, "italic": null, "dx": null, "dx_u": null, "dy": null, "dy_u": null }, "geometry": { "type": "LineString", "coordinates": [ [ 131.917693606137533, 43.114651432351849 ], [ 131.917770469702987, 43.114856213584588 ], [ 131.918008905716135, 43.11480987490863 ], [ 131.918031302773244, 43.114805409219812 ], [ 131.917946883205587, 43.114591256193101 ], [ 131.917925456619031, 43.114595081593087 ], [ 131.917788486892931, 43.114634054342616 ], [ 131.917693606137533, 43.114651432351849 ] ] } },
{ "type": "Feature", "properties": { "fid": 130, "Layer": "0", "PaperSpace": null, "SubClasses": "AcDbEntity:AcDbPolyline", "Linetype": null, "EntityHandle": "B0", "Text": null, "ogr_style": "PEN(c:#000000)", "font": null, "angle": null, "size": null, "size_u": null, "anchor": null, "color": "#000000", "underline": null, "plaintext": null, "fcolor": null, "flnum": null, "bold": null, "italic": null, "dx": null, "dx_u": null, "dy": null, "dy_u": null }, "geometry": { "type": "LineString", "coordinates": [ [ 131.917770469702987, 43.114856213584588 ], [ 131.91787742811448, 43.115123417392894 ], [ 131.917887528555383, 43.115143564123983 ], [ 131.918141274161314, 43.115082122447923 ], [ 131.918031302773244, 43.114805409219812 ], [ 131.918008905716135, 43.11480987490863 ], [ 131.917770469702987, 43.114856213584588 ] ] } },
{ "type": "Feature", "properties": { "fid": 131, "Layer": "0", "PaperSpace": null, "SubClasses": "AcDbEntity:AcDbPolyline", "Linetype": null, "EntityHandle": "B1", "Text": null, "ogr_style": "PEN(c:#000000)", "font": null, "angle": null, "size": null, "size_u": null, "anchor": null, "color": "#000000", "underline": null, "plaintext": null, "fcolor": null, "flnum": null, "bold": null, "italic": null, "dx": null, "dx_u": null, "dy": null, "dy_u": null }, "geometry": { "type": "LineString", "coordinates": [ [ 131.917523292134462, 43.114933067621934 ], [ 131.917606641885016, 43.115111407314295 ], [ 131.917732524277369, 43.115146271153293 ], [ 131.917887528555383, 43.115143564123983 ], [ 131.91787742811448, 43.115123417392894 ], [ 131.917776798616103, 43.114871989311155 ], [ 131.917523292134462, 43.114933067621934 ] ] } },
{ "type": "Feature", "properties": { "fid": 132, "Layer": "0", "PaperSpace": null, "SubClasses": "AcDbEntity:AcDbPolyline", "Linetype": null, "EntityHandle": "B2", "Text": null, "ogr_style": "PEN(c:#000000)", "font": null, "angle": null, "size": null, "size_u": null, "anchor": null, "color": "#000000", "underline": null, "plaintext": null, "fcolor": null, "flnum": null, "bold": null, "italic": null, "dx": null, "dx_u": null, "dy": null, "dy_u": null }, "geometry": { "type": "LineString", "coordinates": [ [ 131.917276081236906, 43.114687677715722 ], [ 131.917328224565296, 43.114822149002329 ], [ 131.917413390747754, 43.114804333150943 ], [ 131.917523292134462, 43.114933067621934 ], [ 131.917776798616103, 43.114871989311155 ], [ 131.917770469702987, 43.114856213584588 ], [ 131.917693606137533, 43.114651432351849 ], [ 131.917426227706443, 43.11470050437925 ], [ 131.917406469385242, 43.114657685845224 ], [ 131.917319383698953, 43.114677862147815 ], [ 131.917276081236906, 43.114687677715722 ] ] } },
{ "type": "Feature", "properties": { "fid": 133, "Layer": "0", "PaperSpace": null, "SubClasses": "AcDbEntity:AcDbPolyline", "Linetype": null, "EntityHandle": "B3", "Text": null, "ogr_style": "PEN(c:#000000)", "font": null, "angle": null, "size": null, "size_u": null, "anchor": null, "color": "#000000", "underline": null, "plaintext": null, "fcolor": null, "flnum": null, "bold": null, "italic": null, "dx": null, "dx_u": null, "dy": null, "dy_u": null }, "geometry": { "type": "LineString", "coordinates": [ [ 131.894876940863924, 43.114858276549484 ], [ 131.895438308507863, 43.114768334293153 ], [ 131.895323120554821, 43.114457718164971 ], [ 131.894768037129211, 43.114561277031569 ], [ 131.894876940863924, 43.114858276549484 ] ] } },
{ "type": "Feature", "properties": { "fid": 134, "Layer": "0", "PaperSpace": null, "SubClasses": "AcDbEntity:AcDbPolyline", "Linetype": null, "EntityHandle": "B4", "Text": null, "ogr_style": "PEN(c:#000000)", "font": null, "angle": null, "size": null, "size_u": null, "anchor": null, "color": "#000000", "underline": null, "plaintext": null, "fcolor": null, "flnum": null, "bold": null, "italic": null, "dx": null, "dx_u": null, "dy": null, "dy_u": null }, "geometry": { "type": "LineString", "coordinates": [ [ 131.895141824055571, 43.115062397408508 ], [ 131.895485892036959, 43.115007006769737 ], [ 131.895422392679478, 43.114771288607542 ], [ 131.895167121796021, 43.114811992801357 ], [ 131.895203827779596, 43.114932051225303 ], [ 131.895109470840737, 43.114951475397326 ], [ 131.895141824055571, 43.115062397408508 ] ] } },
{ "type": "Feature", "properties": { "fid": 135, "Layer": "0", "PaperSpace": null, "SubClasses": "AcDbEntity:AcDbPolyline", "Linetype": null, "EntityHandle": "B5", "Text": null, "ogr_style": "PEN(c:#000000)", "font": null, "angle": null, "size": null, "size_u": null, "anchor": null, "color": "#000000", "underline": null, "plaintext": null, "fcolor": null, "flnum": null, "bold": null, "italic": null, "dx": null, "dx_u": null, "dy": null, "dy_u": null }, "geometry": { "type": "LineString", "coordinates": [ [ 131.883107555863546, 43.113942167783748 ], [ 131.883267100895836, 43.114372690632237 ], [ 131.882859690760228, 43.114463794814299 ], [ 131.882820767764088, 43.114361577410904 ], [ 131.882900184025317, 43.114344565931802 ], [ 131.88277925871725, 43.114013112663841 ], [ 131.883107555863546, 43.113942167783748 ] ] } },
{ "type": "Feature", "properties": { "fid": 136, "Layer": "0", "PaperSpace": null, "SubClasses": "AcDbEntity:AcDbPolyline", "Linetype": null, "EntityHandle": "B6", "Text": null, "ogr_style": "PEN(c:#000000)", "font": null, "angle": null, "size": null, "size_u": null, "anchor": null, "color": "#000000", "underline": null, "plaintext": null, "fcolor": null, "flnum": null, "bold": null, "italic": null, "dx": null, "dx_u": null, "dy": null, "dy_u": null }, "geometry": { "type": "LineString", "coordinates": [ [ 131.935067769857937, 43.114132930854829 ], [ 131.935135707226578, 43.114144989265071 ], [ 131.935579575612024, 43.114118209469332 ], [ 131.935585778561745, 43.114040732914503 ], [ 131.935591698318802, 43.113961369118591 ], [ 131.935575095561944, 43.113960555821897 ], [ 131.935578564076508, 43.113912452365994 ], [ 131.93557293825549, 43.113851844066119 ], [ 131.935582896647901, 43.113845977218247 ], [ 131.935554116923782, 43.113844483505943 ], [ 131.935150483527593, 43.113824568544089 ], [ 131.935078543526004, 43.113827494781219 ], [ 131.935067769857937, 43.114132930854829 ] ] } },
{ "type": "Feature", "properties": { "fid": 137, "Layer": "0", "PaperSpace": null, "SubClasses": "AcDbEntity:AcDbPolyline", "Linetype": null, "EntityHandle": "B7", "Text": null, "ogr_style": "PEN(c:#000000)", "font": null, "angle": null, "size": null, "size_u": null, "anchor": null, "color": "#000000", "underline": null, "plaintext": null, "fcolor": null, "flnum": null, "bold": null, "italic": null, "dx": null, "dx_u": null, "dy": null, "dy_u": null }, "geometry": { "type": "LineString", "coordinates": [ [ 131.886199801069949, 43.117175264290822 ], [ 131.886394788424411, 43.117736118076841 ], [ 131.886559171070076, 43.11770284348362 ], [ 131.886695010650214, 43.117674091050709 ], [ 131.88648775156355, 43.117114173326158 ], [ 131.886199801069949, 43.117175264290822 ] ] } },
{ "type": "Feature", "properties": { "fid": 138, "Layer": "0", "PaperSpace": null, "SubClasses": "AcDbEntity:AcDbPolyline", "Linetype": null, "EntityHandle": "B8", "Text": null, "ogr_style": "PEN(c:#000000)", "font": null, "angle": null, "size": null, "size_u": null, "anchor": null, "color": "#000000", "underline": null, "plaintext": null, "fcolor": null, "flnum": null, "bold": null, "italic": null, "dx": null, "dx_u": null, "dy": null, "dy_u": null }, "geometry": { "type": "LineString", "coordinates": [ [ 131.887927229409257, 43.124190881169014 ], [ 131.888246084502299, 43.124157103230111 ], [ 131.888272135784803, 43.124112010479386 ], [ 131.888394631861701, 43.124104545499442 ], [ 131.888387275346048, 43.124060334844536 ], [ 131.888373053346612, 43.124010523716436 ], [ 131.888104803413825, 43.123308744768494 ], [ 131.88779050301028, 43.123368489215807 ], [ 131.887932900179209, 43.123760205007649 ], [ 131.887815140582717, 43.123925772371415 ], [ 131.887927229409257, 43.124190881169014 ] ] } },
{ "type": "Feature", "properties": { "fid": 139, "Layer": "0", "PaperSpace": null, "SubClasses": "AcDbEntity:AcDbPolyline", "Linetype": null, "EntityHandle": "B9", "Text": null, "ogr_style": "PEN(c:#000000)", "font": null, "angle": null, "size": null, "size_u": null, "anchor": null, "color": "#000000", "underline": null, "plaintext": null, "fcolor": null, "flnum": null, "bold": null, "italic": null, "dx": null, "dx_u": null, "dy": null, "dy_u": null }, "geometry": { "type": "LineString", "coordinates": [ [ 131.887734104038543, 43.124940858471369 ], [ 131.888548274393855, 43.124795435687879 ], [ 131.888511547349509, 43.124699678809385 ], [ 131.888490217903836, 43.124663802349325 ], [ 131.888460959173756, 43.124630977476578 ], [ 131.888424653522492, 43.124602365308348 ], [ 131.888382050140905, 43.124578588252263 ], [ 131.88833476339417, 43.124560529894502 ], [ 131.888283783031028, 43.124548540145007 ], [ 131.888230960541421, 43.124543050105324 ], [ 131.888182326408298, 43.12454453811241 ], [ 131.887633821205156, 43.124644034458044 ], [ 131.887734104038543, 43.124940858471369 ] ] } },
{ "type": "Feature", "properties": { "fid": 140, "Layer": "0", "PaperSpace": null, "SubClasses": "AcDbEntity:AcDbPolyline", "Linetype": null, "EntityHandle": "BA", "Text": null, "ogr_style": "PEN(c:#000000)", "font": null, "angle": null, "size": null, "size_u": null, "anchor": null, "color": "#000000", "underline": null, "plaintext": null, "fcolor": null, "flnum": null, "bold": null, "italic": null, "dx": null, "dx_u": null, "dy": null, "dy_u": null }, "geometry": { "type": "LineString", "coordinates": [ [ 131.892351823193508, 43.113228829299985 ], [ 131.892526663871024, 43.113203539798079 ], [ 131.892536786199798, 43.113231699657284 ], [ 131.892698787976173, 43.113267390123731 ], [ 131.892971085180847, 43.113230656997032 ], [ 131.89284215685467, 43.112894616001974 ], [ 131.892748094793632, 43.112845895882174 ], [ 131.892264782027098, 43.112937093447051 ], [ 131.892351823193508, 43.113228829299985 ] ] } },
{ "type": "Feature", "properties": { "fid": 141, "Layer": "0", "PaperSpace": null, "SubClasses": "AcDbEntity:AcDbPolyline", "Linetype": null, "EntityHandle": "BB", "Text": null, "ogr_style": "PEN(c:#000000)", "font": null, "angle": null, "size": null, "size_u": null, "anchor": null, "color": "#000000", "underline": null, "plaintext": null, "fcolor": null, "flnum": null, "bold": null, "italic": null, "dx": null, "dx_u": null, "dy": null, "dy_u": null }, "geometry": { "type": "LineString", "coordinates": [ [ 131.892423525199774, 43.113508661014841 ], [ 131.892754390695444, 43.113463495603256 ], [ 131.892832437144591, 43.113387983314091 ], [ 131.893020845927452, 43.113359043132895 ], [ 131.892971085180847, 43.113230656997032 ], [ 131.892698787976173, 43.113267390123731 ], [ 131.892536895256171, 43.113230978438331 ], [ 131.892527383673411, 43.113202632279325 ], [ 131.892335170574484, 43.11323179075432 ], [ 131.892423525199774, 43.113508661014841 ] ] } },
{ "type": "Feature", "properties": { "fid": 142, "Layer": "0", "PaperSpace": null, "SubClasses": "AcDbEntity:AcDbPolyline", "Linetype": null, "EntityHandle": "BC", "Text": null, "ogr_style": "PEN(c:#000000)", "font": null, "angle": null, "size": null, "size_u": null, "anchor": null, "color": "#000000", "underline": null, "plaintext": null, "fcolor": null, "flnum": null, "bold": null, "italic": null, "dx": null, "dx_u": null, "dy": null, "dy_u": null }, "geometry": { "type": "LineString", "coordinates": [ [ 131.892542758937537, 43.113883867393774 ], [ 131.893186439767163, 43.113787509640531 ], [ 131.893020108895968, 43.113359050708816 ], [ 131.892832437144591, 43.113387983314091 ], [ 131.892754390695444, 43.113463495603256 ], [ 131.8924225528242, 43.113509211078551 ], [ 131.892543146407235, 43.113884853547809 ], [ 131.892542758937537, 43.113883867393774 ] ] } },
{ "type": "Feature", "properties": { "fid": 143, "Layer": "0", "PaperSpace": null, "SubClasses": "AcDbEntity:AcDbPolyline", "Linetype": null, "EntityHandle": "BD", "Text": null, "ogr_style": "PEN(c:#000000)", "font": null, "angle": null, "size": null, "size_u": null, "anchor": null, "color": "#000000", "underline": null, "plaintext": null, "fcolor": null, "flnum": null, "bold": null, "italic": null, "dx": null, "dx_u": null, "dy": null, "dy_u": null }, "geometry": { "type": "LineString", "coordinates": [ [ 131.892562928014229, 43.114064584863378 ], [ 131.893247151274664, 43.113967990213681 ], [ 131.893173130472064, 43.113779005284812 ], [ 131.892505549385618, 43.113878398909172 ], [ 131.892562928014229, 43.114064584863378 ] ] } },
{ "type": "Feature", "properties": { "fid": 144, "Layer": "0", "PaperSpace": null, "SubClasses": "AcDbEntity:AcDbPolyline", "Linetype": null, "EntityHandle": "BE", "Text": null, "ogr_style": "PEN(c:#000000)", "font": null, "angle": null, "size": null, "size_u": null, "anchor": null, "color": "#000000", "underline": null, "plaintext": null, "fcolor": null, "flnum": null, "bold": null, "italic": null, "dx": null, "dx_u": null, "dy": null, "dy_u": null }, "geometry": { "type": "LineString", "coordinates": [ [ 131.879737720944007, 43.117547432160883 ], [ 131.879999637785005, 43.117499673875479 ], [ 131.880293443441218, 43.117442409505436 ], [ 131.880231121724762, 43.117239975488872 ], [ 131.879667228121832, 43.117348141297207 ], [ 131.879737720944007, 43.117547432160883 ] ] } },
{ "type": "Feature", "properties": { "fid": 145, "Layer": "0", "PaperSpace": null, "SubClasses": "AcDbEntity:AcDbPolyline", "Linetype": null, "EntityHandle": "BF", "Text": null, "ogr_style": "PEN(c:#000000)", "font": null, "angle": null, "size": null, "size_u": null, "anchor": null, "color": "#000000", "underline": null, "plaintext": null, "fcolor": null, "flnum": null, "bold": null, "italic": null, "dx": null, "dx_u": null, "dy": null, "dy_u": null }, "geometry": { "type": "LineString", "coordinates": [ [ 131.88073206297301, 43.120396921292681 ], [ 131.880825832452331, 43.120371754174052 ], [ 131.880884150186489, 43.120356218893598 ], [ 131.88103159096184, 43.12031673372551 ], [ 131.881016391314063, 43.12028628421546 ], [ 131.881069687304432, 43.120271610042295 ], [ 131.881063529291424, 43.120257900827909 ], [ 131.881053008306736, 43.120260348191721 ], [ 131.88100271371772, 43.120167607240901 ], [ 131.880863602611697, 43.11984920904424 ], [ 131.880904949184185, 43.119839427153941 ], [ 131.880875734486466, 43.119756733082518 ], [ 131.880764253103365, 43.119780910250242 ], [ 131.880565324775517, 43.119820198628659 ], [ 131.880519296136242, 43.119829307914273 ], [ 131.88073206297301, 43.120396921292681 ] ] } },
{ "type": "Feature", "properties": { "fid": 146, "Layer": "0", "PaperSpace": null, "SubClasses": "AcDbEntity:AcDbPolyline", "Linetype": null, "EntityHandle": "C0", "Text": null, "ogr_style": "PEN(c:#000000)", "font": null, "angle": null, "size": null, "size_u": null, "anchor": null, "color": "#000000", "underline": null, "plaintext": null, "fcolor": null, "flnum": null, "bold": null, "italic": null, "dx": null, "dx_u": null, "dy": null, "dy_u": null }, "geometry": { "type": "LineString", "coordinates": [ [ 131.881255179156767, 43.119141419297165 ], [ 131.881352636852199, 43.119395072116525 ], [ 131.881334770557174, 43.119398944443482 ], [ 131.881358206455019, 43.119461984534979 ], [ 131.881393584176664, 43.119454963580516 ], [ 131.88145283539609, 43.119611791930616 ], [ 131.881479006670077, 43.119676514386555 ], [ 131.8812062794307, 43.119744278761573 ], [ 131.881190730027157, 43.119701861204334 ], [ 131.881185155588923, 43.119686525836769 ], [ 131.881162741838978, 43.11962554559252 ], [ 131.881145714853972, 43.11957648215818 ], [ 131.881128518972588, 43.119524990109134 ], [ 131.881093234913834, 43.119413823967591 ], [ 131.881080930995836, 43.119374073737568 ], [ 131.88106715458801, 43.119334428500167 ], [ 131.88104623407105, 43.119274423170687 ], [ 131.88102861009051, 43.119226265912175 ], [ 131.881013825349157, 43.119191761623803 ], [ 131.881255179156767, 43.119141419297165 ] ] } },
{ "type": "Feature", "properties": { "fid": 147, "Layer": "0", "PaperSpace": null, "SubClasses": "AcDbEntity:AcDbPolyline", "Linetype": null, "EntityHandle": "C1", "Text": null, "ogr_style": "PEN(c:#000000)", "font": null, "angle": null, "size": null, "size_u": null, "anchor": null, "color": "#000000", "underline": null, "plaintext": null, "fcolor": null, "flnum": null, "bold": null, "italic": null, "dx": null, "dx_u": null, "dy": null, "dy_u": null }, "geometry": { "type": "LineString", "coordinates": [ [ 131.880017227160664, 43.12237851785823 ], [ 131.880284524041173, 43.122321793031709 ], [ 131.88021163121681, 43.122132428418411 ], [ 131.879981661603921, 43.122174641729288 ], [ 131.879953117373105, 43.12220517597946 ], [ 131.880017227160664, 43.12237851785823 ] ] } },
{ "type": "Feature", "properties": { "fid": 148, "Layer": "0", "PaperSpace": null, "SubClasses": "AcDbEntity:AcDbPolyline", "Linetype": null, "EntityHandle": "C2", "Text": null, "ogr_style": "PEN(c:#000000)", "font": null, "angle": null, "size": null, "size_u": null, "anchor": null, "color": "#000000", "underline": null, "plaintext": null, "fcolor": null, "flnum": null, "bold": null, "italic": null, "dx": null, "dx_u": null, "dy": null, "dy_u": null }, "geometry": { "type": "LineString", "coordinates": [ [ 131.880162762705822, 43.122432755873163 ], [ 131.880188210390315, 43.122498206048043 ], [ 131.880237819446791, 43.122619578165128 ], [ 131.880260013901164, 43.122630063953032 ], [ 131.880309831339105, 43.122755934526303 ], [ 131.880367296704122, 43.122902790157461 ], [ 131.880372888303384, 43.122919025503776 ], [ 131.880778627951543, 43.122814445386524 ], [ 131.88077462315303, 43.122804134722848 ], [ 131.880752928668073, 43.122748727870295 ], [ 131.880680663571667, 43.122547205542006 ], [ 131.880867166428914, 43.122506693189223 ], [ 131.880814174321358, 43.122356011784817 ], [ 131.880813520795186, 43.122353948152437 ], [ 131.880798054578719, 43.122309459434412 ], [ 131.880162762705822, 43.122432755873163 ] ] } },
{ "type": "Feature", "properties": { "fid": 149, "Layer": "0", "PaperSpace": null, "SubClasses": "AcDbEntity:AcDbPolyline", "Linetype": null, "EntityHandle": "C3", "Text": null, "ogr_style": "PEN(c:#000000)", "font": null, "angle": null, "size": null, "size_u": null, "anchor": null, "color": "#000000", "underline": null, "plaintext": null, "fcolor": null, "flnum": null, "bold": null, "italic": null, "dx": null, "dx_u": null, "dy": null, "dy_u": null }, "geometry": { "type": "LineString", "coordinates": [ [ 131.880680663571667, 43.122547205542006 ], [ 131.880752928668073, 43.122748727870295 ], [ 131.88077462315303, 43.122804134722848 ], [ 131.880778627951543, 43.122814445386524 ], [ 131.88077901699873, 43.122815521575269 ], [ 131.880892870588752, 43.122786549619001 ], [ 131.880880156544379, 43.122751124147811 ], [ 131.880850916510269, 43.122673651076994 ], [ 131.880892782002121, 43.12266521409687 ], [ 131.880888340371996, 43.122651307393483 ], [ 131.880912103101593, 43.122647285138697 ], [ 131.880867166428914, 43.122506693189223 ], [ 131.880680663571667, 43.122547205542006 ] ] } },
{ "type": "Feature", "properties": { "fid": 150, "Layer": "0", "PaperSpace": null, "SubClasses": "AcDbEntity:AcDbPolyline", "Linetype": null, "EntityHandle": "C4", "Text": null, "ogr_style": "PEN(c:#000000)", "font": null, "angle": null, "size": null, "size_u": null, "anchor": null, "color": "#000000", "underline": null, "plaintext": null, "fcolor": null, "flnum": null, "bold": null, "italic": null, "dx": null, "dx_u": null, "dy": null, "dy_u": null }, "geometry": { "type": "LineString", "coordinates": [ [ 131.882867750933087, 43.121242715480868 ], [ 131.882879394077406, 43.12127347101741 ], [ 131.88297303963077, 43.121519960221946 ], [ 131.882996301810408, 43.121515492574495 ], [ 131.883017187432472, 43.121573517608063 ], [ 131.882993556666179, 43.121577989016224 ], [ 131.882995773403934, 43.121584717339076 ], [ 131.883022478134421, 43.121657985138569 ], [ 131.883041421854784, 43.121710809250288 ], [ 131.883050771726431, 43.121737267554174 ], [ 131.883404025405525, 43.121664807325132 ], [ 131.883343795757469, 43.121495658353901 ], [ 131.883230934662635, 43.121175645337239 ], [ 131.883197385319761, 43.1211819281244 ], [ 131.883093201812585, 43.121202252656943 ], [ 131.883091369248348, 43.121202811408281 ], [ 131.883096824870677, 43.121218327913574 ], [ 131.883068542859945, 43.121223746866377 ], [ 131.88306283982547, 43.121208142869193 ], [ 131.88303970062168, 43.121212609276895 ], [ 131.883015093994743, 43.121217450684163 ], [ 131.882989629089764, 43.121222390845467 ], [ 131.882988332172943, 43.121218803574855 ], [ 131.882956253618886, 43.121224891277457 ], [ 131.88288256509054, 43.121239864152102 ], [ 131.882867750933087, 43.121242715480868 ] ] } },
{ "type": "Feature", "properties": { "fid": 151, "Layer": "0", "PaperSpace": null, "SubClasses": "AcDbEntity:AcDbPolyline", "Linetype": null, "EntityHandle": "C5", "Text": null, "ogr_style": "PEN(c:#000000)", "font": null, "angle": null, "size": null, "size_u": null, "anchor": null, "color": "#000000", "underline": null, "plaintext": null, "fcolor": null, "flnum": null, "bold": null, "italic": null, "dx": null, "dx_u": null, "dy": null, "dy_u": null }, "geometry": { "type": "LineString", "coordinates": [ [ 131.882258409721118, 43.121243432526938 ], [ 131.882110181712392, 43.120853028993665 ], [ 131.882538322497112, 43.120764236665948 ], [ 131.882671699718173, 43.12116190192112 ], [ 131.882258409721118, 43.121243432526938 ] ] } },
{ "type": "Feature", "properties": { "fid": 152, "Layer": "0", "PaperSpace": null, "SubClasses": "AcDbEntity:AcDbPolyline", "Linetype": null, "EntityHandle": "C6", "Text": null, "ogr_style": "PEN(c:#000000)", "font": null, "angle": null, "size": null, "size_u": null, "anchor": null, "color": "#000000", "underline": null, "plaintext": null, "fcolor": null, "flnum": null, "bold": null, "italic": null, "dx": null, "dx_u": null, "dy": null, "dy_u": null }, "geometry": { "type": "LineString", "coordinates": [ [ 131.882867750933087, 43.121242715480868 ], [ 131.882879394077406, 43.12127347101741 ], [ 131.88297303963077, 43.121519960221946 ], [ 131.882996301810408, 43.121515492574495 ], [ 131.883017187432472, 43.121573517608063 ], [ 131.882993556666179, 43.121577989016224 ], [ 131.882995773403934, 43.121584717339076 ], [ 131.883022478134421, 43.121657985138569 ], [ 131.883041421854784, 43.121710809250288 ], [ 131.883050771726431, 43.121737267554174 ], [ 131.883404025405525, 43.121664807325132 ], [ 131.883343795757469, 43.121495658353901 ], [ 131.883230934662635, 43.121175645337239 ], [ 131.883197385319761, 43.1211819281244 ], [ 131.883093201812585, 43.121202252656943 ], [ 131.883091369248348, 43.121202811408281 ], [ 131.883096824870677, 43.121218327913574 ], [ 131.883068542859945, 43.121223746866377 ], [ 131.88306283982547, 43.121208142869193 ], [ 131.88303970062168, 43.121212609276895 ], [ 131.883015093994743, 43.121217450684163 ], [ 131.882989629089764, 43.121222390845467 ], [ 131.882988332172943, 43.121218803574855 ], [ 131.882956253618886, 43.121224891277457 ], [ 131.88288256509054, 43.121239864152102 ], [ 131.882867750933087, 43.121242715480868 ] ] } },
{ "type": "Feature", "properties": { "fid": 153, "Layer": "0", "PaperSpace": null, "SubClasses": "AcDbEntity:AcDbPolyline", "Linetype": null, "EntityHandle": "C7", "Text": null, "ogr_style": "PEN(c:#000000)", "font": null, "angle": null, "size": null, "size_u": null, "anchor": null, "color": "#000000", "underline": null, "plaintext": null, "fcolor": null, "flnum": null, "bold": null, "italic": null, "dx": null, "dx_u": null, "dy": null, "dy_u": null }, "geometry": { "type": "LineString", "coordinates": [ [ 131.889931198429394, 43.115461492495918 ], [ 131.889948068235697, 43.115456998956347 ], [ 131.889928969507423, 43.115409128203126 ], [ 131.890603606268456, 43.115266381331644 ], [ 131.890716990019939, 43.115560908516379 ], [ 131.890041892220751, 43.115686108388282 ], [ 131.889931198429394, 43.115461492495918 ] ] } },
{ "type": "Feature", "properties": { "fid": 154, "Layer": "0", "PaperSpace": null, "SubClasses": "AcDbEntity:AcDbPolyline", "Linetype": null, "EntityHandle": "C8", "Text": null, "ogr_style": "PEN(c:#000000)", "font": null, "angle": null, "size": null, "size_u": null, "anchor": null, "color": "#000000", "underline": null, "plaintext": null, "fcolor": null, "flnum": null, "bold": null, "italic": null, "dx": null, "dx_u": null, "dy": null, "dy_u": null }, "geometry": { "type": "LineString", "coordinates": [ [ 131.88635090350067, 43.122676796749396 ], [ 131.886622712073063, 43.12261848079978 ], [ 131.886548178753685, 43.122395652505084 ], [ 131.88627968938323, 43.122447543490942 ], [ 131.88635090350067, 43.122676796749396 ] ] } },
{ "type": "Feature", "properties": { "fid": 155, "Layer": "0", "PaperSpace": null, "SubClasses": "AcDbEntity:AcDbPolyline", "Linetype": null, "EntityHandle": "C9", "Text": null, "ogr_style": "PEN(c:#000000)", "font": null, "angle": null, "size": null, "size_u": null, "anchor": null, "color": "#000000", "underline": null, "plaintext": null, "fcolor": null, "flnum": null, "bold": null, "italic": null, "dx": null, "dx_u": null, "dy": null, "dy_u": null }, "geometry": { "type": "LineString", "coordinates": [ [ 131.885532055409243, 43.122833503207929 ], [ 131.885790380270549, 43.122776857160417 ], [ 131.885706450209966, 43.122563755618053 ], [ 131.88544221872516, 43.122619921727768 ], [ 131.885532055409243, 43.122833503207929 ] ] } },
{ "type": "Feature", "properties": { "fid": 156, "Layer": "0", "PaperSpace": null, "SubClasses": "AcDbEntity:AcDbPolyline", "Linetype": null, "EntityHandle": "CA", "Text": null, "ogr_style": "PEN(c:#000000)", "font": null, "angle": null, "size": null, "size_u": null, "anchor": null, "color": "#000000", "underline": null, "plaintext": null, "fcolor": null, "flnum": null, "bold": null, "italic": null, "dx": null, "dx_u": null, "dy": null, "dy_u": null }, "geometry": { "type": "LineString", "coordinates": [ [ 131.885787801462357, 43.122770492641152 ], [ 131.885913962253227, 43.122742650130327 ], [ 131.885932906568144, 43.122788902854744 ], [ 131.886086220050061, 43.122754391862046 ], [ 131.885985396642297, 43.122505998351947 ], [ 131.885706450209966, 43.122563755618053 ], [ 131.885787801462357, 43.122770492641152 ] ] } },
{ "type": "Feature", "properties": { "fid": 157, "Layer": "0", "PaperSpace": null, "SubClasses": "AcDbEntity:AcDbPolyline", "Linetype": null, "EntityHandle": "CB", "Text": null, "ogr_style": "PEN(c:#000000)", "font": null, "angle": null, "size": null, "size_u": null, "anchor": null, "color": "#000000", "underline": null, "plaintext": null, "fcolor": null, "flnum": null, "bold": null, "italic": null, "dx": null, "dx_u": null, "dy": null, "dy_u": null }, "geometry": { "type": "LineString", "coordinates": [ [ 131.887004138347663, 43.122824939197159 ], [ 131.887291630474692, 43.122770691841247 ], [ 131.887109969718551, 43.122291434854979 ], [ 131.886824707131296, 43.122352949944883 ], [ 131.887004138347663, 43.122824939197159 ] ] } },
{ "type": "Feature", "properties": { "fid": 158, "Layer": "0", "PaperSpace": null, "SubClasses": "AcDbEntity:AcDbPolyline", "Linetype": null, "EntityHandle": "CC", "Text": null, "ogr_style": "PEN(c:#000000)", "font": null, "angle": null, "size": null, "size_u": null, "anchor": null, "color": "#000000", "underline": null, "plaintext": null, "fcolor": null, "flnum": null, "bold": null, "italic": null, "dx": null, "dx_u": null, "dy": null, "dy_u": null }, "geometry": { "type": "LineString", "coordinates": [ [ 131.887203906987878, 43.122539357737317 ], [ 131.887471730167846, 43.122484771033662 ], [ 131.887440210506981, 43.122404172551875 ], [ 131.887453321880002, 43.122402238173386 ], [ 131.887390215189527, 43.122231050524853 ], [ 131.887109969718551, 43.122291434854979 ], [ 131.887203906987878, 43.122539357737317 ] ] } },
{ "type": "Feature", "properties": { "fid": 159, "Layer": "0", "PaperSpace": null, "SubClasses": "AcDbEntity:AcDbPolyline", "Linetype": null, "EntityHandle": "CD", "Text": null, "ogr_style": "PEN(c:#000000)", "font": null, "angle": null, "size": null, "size_u": null, "anchor": null, "color": "#000000", "underline": null, "plaintext": null, "fcolor": null, "flnum": null, "bold": null, "italic": null, "dx": null, "dx_u": null, "dy": null, "dy_u": null }, "geometry": { "type": "LineString", "coordinates": [ [ 131.88832373885117, 43.122192422898614 ], [ 131.888458737756764, 43.12216421705925 ], [ 131.888401482392936, 43.122016463230636 ], [ 131.88836415895841, 43.122024586417893 ], [ 131.88812749602954, 43.122076335906577 ], [ 131.888120152124628, 43.122077851276146 ], [ 131.888127003434761, 43.122095603554975 ], [ 131.888133130796717, 43.122094730723248 ], [ 131.888135469254962, 43.122101367686909 ], [ 131.888160016230387, 43.122170695823144 ], [ 131.888178066753454, 43.122221547948321 ], [ 131.88832373885117, 43.122192422898614 ] ] } },
{ "type": "Feature", "properties": { "fid": 160, "Layer": "0", "PaperSpace": null, "SubClasses": "AcDbEntity:AcDbPolyline", "Linetype": null, "EntityHandle": "CE", "Text": null, "ogr_style": "PEN(c:#000000)", "font": null, "angle": null, "size": null, "size_u": null, "anchor": null, "color": "#000000", "underline": null, "plaintext": null, "fcolor": null, "flnum": null, "bold": null, "italic": null, "dx": null, "dx_u": null, "dy": null, "dy_u": null }, "geometry": { "type": "LineString", "coordinates": [ [ 131.888709615296563, 43.121955880144441 ], [ 131.888580506385892, 43.121977185039157 ], [ 131.888401482392936, 43.122016463230636 ], [ 131.888458737756764, 43.12216421705925 ], [ 131.888462759251837, 43.122175337391766 ], [ 131.888639767245053, 43.122139860261768 ], [ 131.888634489676377, 43.122127312603865 ], [ 131.888764179703685, 43.122097810588528 ], [ 131.888709615296563, 43.121955880144441 ] ] } },
{ "type": "Feature", "properties": { "fid": 161, "Layer": "0", "PaperSpace": null, "SubClasses": "AcDbEntity:AcDbPolyline", "Linetype": null, "EntityHandle": "CF", "Text": null, "ogr_style": "PEN(c:#000000)", "font": null, "angle": null, "size": null, "size_u": null, "anchor": null, "color": "#000000", "underline": null, "plaintext": null, "fcolor": null, "flnum": null, "bold": null, "italic": null, "dx": null, "dx_u": null, "dy": null, "dy_u": null }, "geometry": { "type": "LineString", "coordinates": [ [ 131.895434021588812, 43.114756226792103 ], [ 131.895564661189496, 43.114738768921022 ], [ 131.89583527883434, 43.114729500022136 ], [ 131.896185156442414, 43.114727244672963 ], [ 131.89620461525746, 43.114659264875208 ], [ 131.896219536874781, 43.114623736256561 ], [ 131.896230896941603, 43.114466727774499 ], [ 131.895884734554329, 43.114502429546405 ], [ 131.895390889434395, 43.114538211259053 ], [ 131.895355125256032, 43.114544070362903 ], [ 131.895434021588812, 43.114756226792103 ] ] } },
{ "type": "Feature", "properties": { "fid": 162, "Layer": "0", "PaperSpace": null, "SubClasses": "AcDbEntity:AcDbPolyline", "Linetype": null, "EntityHandle": "D0", "Text": null, "ogr_style": "PEN(c:#000000)", "font": null, "angle": null, "size": null, "size_u": null, "anchor": null, "color": "#000000", "underline": null, "plaintext": null, "fcolor": null, "flnum": null, "bold": null, "italic": null, "dx": null, "dx_u": null, "dy": null, "dy_u": null }, "geometry": { "type": "LineString", "coordinates": [ [ 131.898842264768177, 43.115436848296959 ], [ 131.89900557215708, 43.115488808534401 ], [ 131.899150429673028, 43.115558871612684 ], [ 131.899357305244706, 43.115608220870996 ], [ 131.899383787085924, 43.115541428139757 ], [ 131.899380946108522, 43.115540647389942 ], [ 131.899452733168658, 43.115382834093928 ], [ 131.898969103411048, 43.115266584991339 ], [ 131.898906244186406, 43.11540315288029 ], [ 131.898862911715554, 43.1153924389968 ], [ 131.898842264768177, 43.115436848296959 ] ] } },
{ "type": "Feature", "properties": { "fid": 163, "Layer": "0", "PaperSpace": null, "SubClasses": "AcDbEntity:AcDbPolyline", "Linetype": null, "EntityHandle": "D1", "Text": null, "ogr_style": "PEN(c:#000000)", "font": null, "angle": null, "size": null, "size_u": null, "anchor": null, "color": "#000000", "underline": null, "plaintext": null, "fcolor": null, "flnum": null, "bold": null, "italic": null, "dx": null, "dx_u": null, "dy": null, "dy_u": null }, "geometry": { "type": "LineString", "coordinates": [ [ 131.877420844458129, 43.116649319244033 ], [ 131.877600872200588, 43.116787102192852 ], [ 131.877810624093996, 43.116963288554068 ], [ 131.877728714994504, 43.117017676884615 ], [ 131.877790439377947, 43.117065477257185 ], [ 131.878051729613873, 43.117121063878699 ], [ 131.87805574675815, 43.117106081074354 ], [ 131.878407942342051, 43.117160654306076 ], [ 131.878333762626596, 43.116987053525968 ], [ 131.878385195040408, 43.116893458748663 ], [ 131.878486408110746, 43.116618973977417 ], [ 131.878505778445316, 43.116337398931357 ], [ 131.87849821010829, 43.116210108380614 ], [ 131.878234830457188, 43.11606984240818 ], [ 131.878162301040874, 43.116139347930144 ], [ 131.878112824274098, 43.116160912940728 ], [ 131.878006875019707, 43.116243449258711 ], [ 131.877960934474856, 43.116309084339427 ], [ 131.877909381763942, 43.11641582194973 ], [ 131.877895253541965, 43.116467902395243 ], [ 131.877607867844716, 43.116422661504544 ], [ 131.877420844458129, 43.116649319244033 ] ] } },
{ "type": "Feature", "properties": { "fid": 164, "Layer": "0", "PaperSpace": null, "SubClasses": "AcDbEntity:AcDbPolyline", "Linetype": null, "EntityHandle": "D2", "Text": null, "ogr_style": "PEN(c:#000000)", "font": null, "angle": null, "size": null, "size_u": null, "anchor": null, "color": "#000000", "underline": null, "plaintext": null, "fcolor": null, "flnum": null, "bold": null, "italic": null, "dx": null, "dx_u": null, "dy": null, "dy_u": null }, "geometry": { "type": "LineString", "coordinates": [ [ 131.874593687164605, 43.113009597227204 ], [ 131.87464499980328, 43.113007277795113 ], [ 131.874635408641268, 43.112954717619424 ], [ 131.874584510365281, 43.112959463188041 ], [ 131.874593687164605, 43.113009597227204 ] ] } },
{ "type": "Feature", "properties": { "fid": 165, "Layer": "0", "PaperSpace": null, "SubClasses": "AcDbEntity:AcDbPolyline", "Linetype": null, "EntityHandle": "D3", "Text": null, "ogr_style": "PEN(c:#000000)", "font": null, "angle": null, "size": null, "size_u": null, "anchor": null, "color": "#000000", "underline": null, "plaintext": null, "fcolor": null, "flnum": null, "bold": null, "italic": null, "dx": null, "dx_u": null, "dy": null, "dy_u": null }, "geometry": { "type": "LineString", "coordinates": [ [ 131.883029965770163, 43.112152973475034 ], [ 131.883709362997422, 43.111938478866676 ], [ 131.882869978527765, 43.1105338414838 ], [ 131.882196888953075, 43.110749887122289 ], [ 131.883029965770163, 43.112152973475034 ] ] } },
{ "type": "Feature", "properties": { "fid": 166, "Layer": "0", "PaperSpace": null, "SubClasses": "AcDbEntity:AcDbPolyline", "Linetype": null, "EntityHandle": "D4", "Text": null, "ogr_style": "PEN(c:#000000)", "font": null, "angle": null, "size": null, "size_u": null, "anchor": null, "color": "#000000", "underline": null, "plaintext": null, "fcolor": null, "flnum": null, "bold": null, "italic": null, "dx": null, "dx_u": null, "dy": null, "dy_u": null }, "geometry": { "type": "LineString", "coordinates": [ [ 131.90963558567671, 43.115921716191679 ], [ 131.909810647157201, 43.115876145227453 ], [ 131.909835658746573, 43.115936642709684 ], [ 131.909992089510183, 43.115899726859844 ], [ 131.909994549013874, 43.115887189514524 ], [ 131.910104221910018, 43.115853101383294 ], [ 131.910128189367697, 43.115840879813398 ], [ 131.910144275643717, 43.115827750294955 ], [ 131.910150755698197, 43.115813460784629 ], [ 131.910153735381584, 43.115789756495083 ], [ 131.910240298765387, 43.115767790849112 ], [ 131.910248463245523, 43.115783277811765 ], [ 131.910285144649976, 43.115774074034292 ], [ 131.910262711539673, 43.115726151467946 ], [ 131.910177978620283, 43.115747467955437 ], [ 131.910173348186561, 43.115736804791382 ], [ 131.910149498774871, 43.115691867376434 ], [ 131.910036936560687, 43.115716354372559 ], [ 131.910040028162314, 43.11572370313651 ], [ 131.909898360429565, 43.115755244416341 ], [ 131.909871397362991, 43.115695487390539 ], [ 131.909670146013525, 43.115746372154263 ], [ 131.909687178836606, 43.11579462117065 ], [ 131.909577746737227, 43.115822135500046 ], [ 131.90963558567671, 43.115921716191679 ] ] } },
{ "type": "Feature", "properties": { "fid": 167, "Layer": "0", "PaperSpace": null, "SubClasses": "AcDbEntity:AcDbPolyline", "Linetype": null, "EntityHandle": "D5", "Text": null, "ogr_style": "PEN(c:#000000)", "font": null, "angle": null, "size": null, "size_u": null, "anchor": null, "color": "#000000", "underline": null, "plaintext": null, "fcolor": null, "flnum": null, "bold": null, "italic": null, "dx": null, "dx_u": null, "dy": null, "dy_u": null }, "geometry": { "type": "LineString", "coordinates": [ [ 131.909670146013525, 43.115746372154263 ], [ 131.909871397362991, 43.115695487390539 ], [ 131.909787022981959, 43.115520213144158 ], [ 131.909587363836323, 43.115570811126581 ], [ 131.909670146013525, 43.115746372154263 ] ] } },
{ "type": "Feature", "properties": { "fid": 168, "Layer": "0", "PaperSpace": null, "SubClasses": "AcDbEntity:AcDbPolyline", "Linetype": null, "EntityHandle": "D6", "Text": null, "ogr_style": "PEN(c:#000000)", "font": null, "angle": null, "size": null, "size_u": null, "anchor": null, "color": "#000000", "underline": null, "plaintext": null, "fcolor": null, "flnum": null, "bold": null, "italic": null, "dx": null, "dx_u": null, "dy": null, "dy_u": null }, "geometry": { "type": "LineString", "coordinates": [ [ 131.909898360429565, 43.115755244416341 ], [ 131.910040028162314, 43.11572370313651 ], [ 131.910036936560687, 43.115716354372559 ], [ 131.910149498774871, 43.115691867376434 ], [ 131.910173348186561, 43.115736804791382 ], [ 131.910237292300963, 43.115720565786923 ], [ 131.910050625681095, 43.115453375918655 ], [ 131.909787022981959, 43.115520213144158 ], [ 131.909834648565663, 43.115619000097666 ], [ 131.909871397362991, 43.115695487390539 ], [ 131.909898360429565, 43.115755244416341 ] ] } },
{ "type": "Feature", "properties": { "fid": 169, "Layer": "0", "PaperSpace": null, "SubClasses": "AcDbEntity:AcDbPolyline", "Linetype": null, "EntityHandle": "D7", "Text": null, "ogr_style": "PEN(c:#000000)", "font": null, "angle": null, "size": null, "size_u": null, "anchor": null, "color": "#000000", "underline": null, "plaintext": null, "fcolor": null, "flnum": null, "bold": null, "italic": null, "dx": null, "dx_u": null, "dy": null, "dy_u": null }, "geometry": { "type": "LineString", "coordinates": [ [ 131.917500441127089, 43.113977917605673 ], [ 131.9174985390448, 43.113981178004671 ], [ 131.917481637823215, 43.114009079116123 ], [ 131.917473847958973, 43.114006550498772 ], [ 131.917407612347461, 43.114131642382425 ], [ 131.917171373749142, 43.114177146645616 ], [ 131.917152507945531, 43.114110825507645 ], [ 131.917121923331763, 43.114004391823521 ], [ 131.917108387465476, 43.113946745953719 ], [ 131.917155299383694, 43.113863892660923 ], [ 131.917158436901332, 43.113860979356808 ], [ 131.917162330797254, 43.113859048252742 ], [ 131.917165747409882, 43.113857842253211 ], [ 131.917175311223815, 43.113856841805401 ], [ 131.917269599588707, 43.113878355727046 ], [ 131.917404506900425, 43.113928787387039 ], [ 131.917500441127089, 43.113977917605673 ] ] } },
{ "type": "Feature", "properties": { "fid": 170, "Layer": "0", "PaperSpace": null, "SubClasses": "AcDbEntity:AcDbPolyline", "Linetype": null, "EntityHandle": "D8", "Text": null, "ogr_style": "PEN(c:#000000)", "font": null, "angle": null, "size": null, "size_u": null, "anchor": null, "color": "#000000", "underline": null, "plaintext": null, "fcolor": null, "flnum": null, "bold": null, "italic": null, "dx": null, "dx_u": null, "dy": null, "dy_u": null }, "geometry": { "type": "LineString", "coordinates": [ [ 131.881855785306641, 43.118454723262026 ], [ 131.881906827687203, 43.11859336249524 ], [ 131.881928365536453, 43.118588732596784 ], [ 131.881953364702923, 43.11865643729378 ], [ 131.881946024459381, 43.11865813225463 ], [ 131.881998415255993, 43.118803058568609 ], [ 131.882007088484443, 43.118826283421484 ], [ 131.882306035967275, 43.11876779137048 ], [ 131.88229900409263, 43.118746890140727 ], [ 131.882290303437145, 43.118722225393306 ], [ 131.882263019006416, 43.118644192638918 ], [ 131.882257947757694, 43.118629482281854 ], [ 131.882202051705804, 43.118474690435548 ], [ 131.882173847784259, 43.118393516592249 ], [ 131.882047487576386, 43.118416946417994 ], [ 131.881855785306641, 43.118454723262026 ] ] } },
{ "type": "Feature", "properties": { "fid": 171, "Layer": "0", "PaperSpace": null, "SubClasses": "AcDbEntity:AcDbPolyline", "Linetype": null, "EntityHandle": "D9", "Text": null, "ogr_style": "PEN(c:#000000)", "font": null, "angle": null, "size": null, "size_u": null, "anchor": null, "color": "#000000", "underline": null, "plaintext": null, "fcolor": null, "flnum": null, "bold": null, "italic": null, "dx": null, "dx_u": null, "dy": null, "dy_u": null }, "geometry": { "type": "LineString", "coordinates": [ [ 131.879667228121832, 43.117348141297207 ], [ 131.879870088710675, 43.117309264568938 ], [ 131.880231121724762, 43.117239975488872 ], [ 131.88013606460305, 43.116969914971428 ], [ 131.879863807031342, 43.117022999385618 ], [ 131.87986212139819, 43.11701833588026 ], [ 131.879569941605865, 43.117077022819281 ], [ 131.879667228121832, 43.117348141297207 ] ] } },
{ "type": "Feature", "properties": { "fid": 172, "Layer": "0", "PaperSpace": null, "SubClasses": "AcDbEntity:AcDbPolyline", "Linetype": null, "EntityHandle": "DA", "Text": null, "ogr_style": "PEN(c:#000000)", "font": null, "angle": null, "size": null, "size_u": null, "anchor": null, "color": "#000000", "underline": null, "plaintext": null, "fcolor": null, "flnum": null, "bold": null, "italic": null, "dx": null, "dx_u": null, "dy": null, "dy_u": null }, "geometry": { "type": "LineString", "coordinates": [ [ 131.878269958326257, 43.116933243735275 ], [ 131.878335337086781, 43.117109274213611 ], [ 131.878335988768129, 43.11711124786865 ], [ 131.878343488358183, 43.117130974442858 ], [ 131.878731263552964, 43.117059348356058 ], [ 131.878726171150561, 43.117043467892266 ], [ 131.87872448730559, 43.117038894364143 ], [ 131.87865801773529, 43.116850723525758 ], [ 131.878445616407873, 43.116898336139116 ], [ 131.878269958326257, 43.116933243735275 ] ] } },
{ "type": "Feature", "properties": { "fid": 173, "Layer": "0", "PaperSpace": null, "SubClasses": "AcDbEntity:AcDbPolyline", "Linetype": null, "EntityHandle": "DB", "Text": null, "ogr_style": "PEN(c:#000000)", "font": null, "angle": null, "size": null, "size_u": null, "anchor": null, "color": "#000000", "underline": null, "plaintext": null, "fcolor": null, "flnum": null, "bold": null, "italic": null, "dx": null, "dx_u": null, "dy": null, "dy_u": null }, "geometry": { "type": "LineString", "coordinates": [ [ 131.87865801773529, 43.116850723525758 ], [ 131.87872448730559, 43.117038894364143 ], [ 131.878726171150561, 43.117043467892266 ], [ 131.878731263552964, 43.117059348356058 ], [ 131.878941003225123, 43.117020403423034 ], [ 131.878934508369554, 43.117001836843478 ], [ 131.878889022355224, 43.116870700838653 ], [ 131.878886550337029, 43.116863434948783 ], [ 131.878868101444255, 43.116810515060962 ], [ 131.878768926441296, 43.116828984552292 ], [ 131.87865801773529, 43.116850723525758 ] ] } },
{ "type": "Feature", "properties": { "fid": 174, "Layer": "0", "PaperSpace": null, "SubClasses": "AcDbEntity:AcDbPolyline", "Linetype": null, "EntityHandle": "DC", "Text": null, "ogr_style": "PEN(c:#000000)", "font": null, "angle": null, "size": null, "size_u": null, "anchor": null, "color": "#000000", "underline": null, "plaintext": null, "fcolor": null, "flnum": null, "bold": null, "italic": null, "dx": null, "dx_u": null, "dy": null, "dy_u": null }, "geometry": { "type": "LineString", "coordinates": [ [ 131.878588314905386, 43.116673476954972 ], [ 131.878633845835026, 43.116813523844371 ], [ 131.878644025036607, 43.116812520369088 ], [ 131.87865801773529, 43.116850723525758 ], [ 131.878768926441296, 43.116828984552292 ], [ 131.878868101444255, 43.116810515060962 ], [ 131.878856543171452, 43.116777597932263 ], [ 131.878811569316639, 43.116647536837455 ], [ 131.878588314905386, 43.116673476954972 ] ] } },
{ "type": "Feature", "properties": { "fid": 175, "Layer": "0", "PaperSpace": null, "SubClasses": "AcDbEntity:AcDbPolyline", "Linetype": null, "EntityHandle": "DD", "Text": null, "ogr_style": "PEN(c:#000000)", "font": null, "angle": null, "size": null, "size_u": null, "anchor": null, "color": "#000000", "underline": null, "plaintext": null, "fcolor": null, "flnum": null, "bold": null, "italic": null, "dx": null, "dx_u": null, "dy": null, "dy_u": null }, "geometry": { "type": "LineString", "coordinates": [ [ 131.878886550337029, 43.116863434948783 ], [ 131.878889022355224, 43.116870700838653 ], [ 131.878934508369554, 43.117001836843478 ], [ 131.878941003225123, 43.117020403423034 ], [ 131.879286657527672, 43.11695658423023 ], [ 131.879211352440024, 43.116743120010298 ], [ 131.878985212132989, 43.116785382440391 ], [ 131.878993288428745, 43.116809603729486 ], [ 131.878989096111411, 43.116815317081716 ], [ 131.878953107085692, 43.116822433514464 ], [ 131.878962213829425, 43.116849164684076 ], [ 131.878886550337029, 43.116863434948783 ] ] } },
{ "type": "Feature", "properties": { "fid": 176, "Layer": "0", "PaperSpace": null, "SubClasses": "AcDbEntity:AcDbPolyline", "Linetype": null, "EntityHandle": "DE", "Text": null, "ogr_style": "PEN(c:#000000)", "font": null, "angle": null, "size": null, "size_u": null, "anchor": null, "color": "#000000", "underline": null, "plaintext": null, "fcolor": null, "flnum": null, "bold": null, "italic": null, "dx": null, "dx_u": null, "dy": null, "dy_u": null }, "geometry": { "type": "LineString", "coordinates": [ [ 131.880853844160526, 43.117325004880584 ], [ 131.88141985441527, 43.117211951020266 ], [ 131.881270072124607, 43.116758193290252 ], [ 131.881173040947971, 43.116773042557917 ], [ 131.881024081701952, 43.116796791220679 ], [ 131.880936514644731, 43.116818294918453 ], [ 131.880689571646315, 43.116865002925202 ], [ 131.880853844160526, 43.117325004880584 ] ] } },
{ "type": "Feature", "properties": { "fid": 177, "Layer": "0", "PaperSpace": null, "SubClasses": "AcDbEntity:AcDbPolyline", "Linetype": null, "EntityHandle": "DF", "Text": null, "ogr_style": "PEN(c:#000000)", "font": null, "angle": null, "size": null, "size_u": null, "anchor": null, "color": "#000000", "underline": null, "plaintext": null, "fcolor": null, "flnum": null, "bold": null, "italic": null, "dx": null, "dx_u": null, "dy": null, "dy_u": null }, "geometry": { "type": "LineString", "coordinates": [ [ 131.880544842325776, 43.117390796376107 ], [ 131.880857087630261, 43.117334063124567 ], [ 131.880741254902915, 43.11701173730733 ], [ 131.880681379146296, 43.117022697740168 ], [ 131.880691851627574, 43.117050134977035 ], [ 131.880611683925736, 43.117066612490071 ], [ 131.880578927973346, 43.117101690367662 ], [ 131.880469439046038, 43.117120536264238 ], [ 131.880476970015337, 43.117141882599263 ], [ 131.880515875401414, 43.117269214357222 ], [ 131.880521426973985, 43.117315784253222 ], [ 131.880544842325776, 43.117390796376107 ] ] } },
{ "type": "Feature", "properties": { "fid": 178, "Layer": "0", "PaperSpace": null, "SubClasses": "AcDbEntity:AcDbPolyline", "Linetype": null, "EntityHandle": "E0", "Text": null, "ogr_style": "PEN(c:#000000)", "font": null, "angle": null, "size": null, "size_u": null, "anchor": null, "color": "#000000", "underline": null, "plaintext": null, "fcolor": null, "flnum": null, "bold": null, "italic": null, "dx": null, "dx_u": null, "dy": null, "dy_u": null }, "geometry": { "type": "LineString", "coordinates": [ [ 131.880469439046038, 43.117120536264238 ], [ 131.880578927973346, 43.117101690367662 ], [ 131.880611683925736, 43.117066612490071 ], [ 131.880691851627574, 43.117050134977035 ], [ 131.880681379146296, 43.117022697740168 ], [ 131.880741254902915, 43.11701173730733 ], [ 131.880689571646315, 43.116865002925202 ], [ 131.880395630940171, 43.11692145957656 ], [ 131.880469439046038, 43.117120536264238 ] ] } },
{ "type": "Feature", "properties": { "fid": 179, "Layer": "0", "PaperSpace": null, "SubClasses": "AcDbEntity:AcDbPolyline", "Linetype": null, "EntityHandle": "E1", "Text": null, "ogr_style": "PEN(c:#000000)", "font": null, "angle": null, "size": null, "size_u": null, "anchor": null, "color": "#000000", "underline": null, "plaintext": null, "fcolor": null, "flnum": null, "bold": null, "italic": null, "dx": null, "dx_u": null, "dy": null, "dy_u": null }, "geometry": { "type": "LineString", "coordinates": [ [ 131.881377225964627, 43.117082767204259 ], [ 131.881496808378216, 43.117058416969009 ], [ 131.881468783578924, 43.116986602383029 ], [ 131.881591790101197, 43.116961407087182 ], [ 131.881497236012336, 43.116705204466157 ], [ 131.881266292875409, 43.116746800190256 ], [ 131.881377225964627, 43.117082767204259 ] ] } },
{ "type": "Feature", "properties": { "fid": 180, "Layer": "0", "PaperSpace": null, "SubClasses": "AcDbEntity:AcDbPolyline", "Linetype": null, "EntityHandle": "E2", "Text": null, "ogr_style": "PEN(c:#000000)", "font": null, "angle": null, "size": null, "size_u": null, "anchor": null, "color": "#000000", "underline": null, "plaintext": null, "fcolor": null, "flnum": null, "bold": null, "italic": null, "dx": null, "dx_u": null, "dy": null, "dy_u": null }, "geometry": { "type": "LineString", "coordinates": [ [ 131.881829026360776, 43.116642688863436 ], [ 131.881889749968991, 43.116799502073079 ], [ 131.882443787954429, 43.116690435571023 ], [ 131.88238233438409, 43.116527599267606 ], [ 131.881829026360776, 43.116642688863436 ] ] } },
{ "type": "Feature", "properties": { "fid": 181, "Layer": "0", "PaperSpace": null, "SubClasses": "AcDbEntity:AcDbPolyline", "Linetype": null, "EntityHandle": "E3", "Text": null, "ogr_style": "PEN(c:#000000)", "font": null, "angle": null, "size": null, "size_u": null, "anchor": null, "color": "#000000", "underline": null, "plaintext": null, "fcolor": null, "flnum": null, "bold": null, "italic": null, "dx": null, "dx_u": null, "dy": null, "dy_u": null }, "geometry": { "type": "LineString", "coordinates": [ [ 131.880144993871852, 43.116812122689453 ], [ 131.880874160576013, 43.116672569295964 ], [ 131.88081612031732, 43.11646919189613 ], [ 131.880452913697695, 43.116540215161123 ], [ 131.880448266169395, 43.116528380801768 ], [ 131.880141279527095, 43.116590100165354 ], [ 131.880134311728625, 43.116572528596286 ], [ 131.880061883762693, 43.116588927039309 ], [ 131.880144993871852, 43.116812122689453 ] ] } },
{ "type": "Feature", "properties": { "fid": 182, "Layer": "0", "PaperSpace": null, "SubClasses": "AcDbEntity:AcDbPolyline", "Linetype": null, "EntityHandle": "E4", "Text": null, "ogr_style": "PEN(c:#000000)", "font": null, "angle": null, "size": null, "size_u": null, "anchor": null, "color": "#000000", "underline": null, "plaintext": null, "fcolor": null, "flnum": null, "bold": null, "italic": null, "dx": null, "dx_u": null, "dy": null, "dy_u": null }, "geometry": { "type": "LineString", "coordinates": [ [ 131.88091553005853, 43.116281675180929 ], [ 131.881032781767914, 43.116620548683649 ], [ 131.881257962805165, 43.116579642152928 ], [ 131.881252903922416, 43.116565561705677 ], [ 131.881134362957454, 43.116242993768317 ], [ 131.880950455572219, 43.116276819257521 ], [ 131.880932557740977, 43.116278981609874 ], [ 131.88091553005853, 43.116281675180929 ] ] } },
{ "type": "Feature", "properties": { "fid": 183, "Layer": "0", "PaperSpace": null, "SubClasses": "AcDbEntity:AcDbPolyline", "Linetype": null, "EntityHandle": "E5", "Text": null, "ogr_style": "PEN(c:#000000)", "font": null, "angle": null, "size": null, "size_u": null, "anchor": null, "color": "#000000", "underline": null, "plaintext": null, "fcolor": null, "flnum": null, "bold": null, "italic": null, "dx": null, "dx_u": null, "dy": null, "dy_u": null }, "geometry": { "type": "LineString", "coordinates": [ [ 131.881134362957454, 43.116242993768317 ], [ 131.881252903922416, 43.116565561705677 ], [ 131.881257962805165, 43.116579642152928 ], [ 131.881463312547027, 43.116542627526769 ], [ 131.881456842586147, 43.116525411020767 ], [ 131.881392885311527, 43.116340546651273 ], [ 131.881344593024465, 43.116204219463476 ], [ 131.881134362957454, 43.116242993768317 ] ] } },
{ "type": "Feature", "properties": { "fid": 184, "Layer": "0", "PaperSpace": null, "SubClasses": "AcDbEntity:AcDbPolyline", "Linetype": null, "EntityHandle": "E6", "Text": null, "ogr_style": "PEN(c:#000000)", "font": null, "angle": null, "size": null, "size_u": null, "anchor": null, "color": "#000000", "underline": null, "plaintext": null, "fcolor": null, "flnum": null, "bold": null, "italic": null, "dx": null, "dx_u": null, "dy": null, "dy_u": null }, "geometry": { "type": "LineString", "coordinates": [ [ 131.881392885311527, 43.116340546651273 ], [ 131.881456842586147, 43.116525411020767 ], [ 131.881463312547027, 43.116542627526769 ], [ 131.881702615025915, 43.116494825471513 ], [ 131.881696774593649, 43.11647841268087 ], [ 131.881630892099253, 43.116295728337441 ], [ 131.881457406194329, 43.116328368408539 ], [ 131.881392885311527, 43.116340546651273 ] ] } },
{ "type": "Feature", "properties": { "fid": 185, "Layer": "0", "PaperSpace": null, "SubClasses": "AcDbEntity:AcDbPolyline", "Linetype": null, "EntityHandle": "E7", "Text": null, "ogr_style": "PEN(c:#000000)", "font": null, "angle": null, "size": null, "size_u": null, "anchor": null, "color": "#000000", "underline": null, "plaintext": null, "fcolor": null, "flnum": null, "bold": null, "italic": null, "dx": null, "dx_u": null, "dy": null, "dy_u": null }, "geometry": { "type": "LineString", "coordinates": [ [ 131.881341451912903, 43.116194080042568 ], [ 131.881344593024465, 43.116204219463476 ], [ 131.881392885311527, 43.116340546651273 ], [ 131.881457406194329, 43.116328368408539 ], [ 131.881630892099253, 43.116295728337441 ], [ 131.881579961501785, 43.116149886803392 ], [ 131.881389687208099, 43.116184857954543 ], [ 131.881341451912903, 43.116194080042568 ] ] } },
{ "type": "Feature", "properties": { "fid": 186, "Layer": "0", "PaperSpace": null, "SubClasses": "AcDbEntity:AcDbPolyline", "Linetype": null, "EntityHandle": "E8", "Text": null, "ogr_style": "PEN(c:#000000)", "font": null, "angle": null, "size": null, "size_u": null, "anchor": null, "color": "#000000", "underline": null, "plaintext": null, "fcolor": null, "flnum": null, "bold": null, "italic": null, "dx": null, "dx_u": null, "dy": null, "dy_u": null }, "geometry": { "type": "LineString", "coordinates": [ [ 131.881579961501785, 43.116149886803392 ], [ 131.881630892099253, 43.116295728337441 ], [ 131.881696774593649, 43.11647841268087 ], [ 131.881702615025915, 43.116494825471513 ], [ 131.88235637154591, 43.116370252228485 ], [ 131.882232685762119, 43.116022894440867 ], [ 131.882206480746191, 43.116027571930012 ], [ 131.882202321114733, 43.116028514416413 ], [ 131.881845034107954, 43.116100471948165 ], [ 131.881746956557407, 43.11611839277365 ], [ 131.881704112877628, 43.11612684002705 ], [ 131.881579961501785, 43.116149886803392 ] ] } },
{ "type": "Feature", "properties": { "fid": 187, "Layer": "0", "PaperSpace": null, "SubClasses": "AcDbEntity:AcDbPolyline", "Linetype": null, "EntityHandle": "E9", "Text": null, "ogr_style": "PEN(c:#000000)", "font": null, "angle": null, "size": null, "size_u": null, "anchor": null, "color": "#000000", "underline": null, "plaintext": null, "fcolor": null, "flnum": null, "bold": null, "italic": null, "dx": null, "dx_u": null, "dy": null, "dy_u": null }, "geometry": { "type": "LineString", "coordinates": [ [ 131.883661939723481, 43.116853364201255 ], [ 131.883901357601133, 43.116805196323206 ], [ 131.883925938747353, 43.116805575695714 ], [ 131.883733529373245, 43.116243251089323 ], [ 131.883469925067914, 43.116292295299452 ], [ 131.883661939723481, 43.116853364201255 ] ] } },
{ "type": "Feature", "properties": { "fid": 188, "Layer": "0", "PaperSpace": null, "SubClasses": "AcDbEntity:AcDbPolyline", "Linetype": null, "EntityHandle": "EA", "Text": null, "ogr_style": "PEN(c:#000000)", "font": null, "angle": null, "size": null, "size_u": null, "anchor": null, "color": "#000000", "underline": null, "plaintext": null, "fcolor": null, "flnum": null, "bold": null, "italic": null, "dx": null, "dx_u": null, "dy": null, "dy_u": null }, "geometry": { "type": "LineString", "coordinates": [ [ 131.883382594289486, 43.116888886859165 ], [ 131.883587898978391, 43.116843047678088 ], [ 131.883596456505899, 43.116866633646438 ], [ 131.883661939723481, 43.116853364201255 ], [ 131.883469925067914, 43.116292295299452 ], [ 131.883179245086609, 43.116345485415295 ], [ 131.883382594289486, 43.116888886859165 ] ] } },
{ "type": "Feature", "properties": { "fid": 189, "Layer": "0", "PaperSpace": null, "SubClasses": "AcDbEntity:AcDbPolyline", "Linetype": null, "EntityHandle": "EB", "Text": null, "ogr_style": "PEN(c:#000000)", "font": null, "angle": null, "size": null, "size_u": null, "anchor": null, "color": "#000000", "underline": null, "plaintext": null, "fcolor": null, "flnum": null, "bold": null, "italic": null, "dx": null, "dx_u": null, "dy": null, "dy_u": null }, "geometry": { "type": "LineString", "coordinates": [ [ 131.883925938747353, 43.116805575695714 ], [ 131.883975467867515, 43.116806240670968 ], [ 131.883980902417221, 43.116413371694684 ], [ 131.883942991552175, 43.116202949633077 ], [ 131.883733529373245, 43.116243251089323 ], [ 131.883925938747353, 43.116805575695714 ] ] } },
{ "type": "Feature", "properties": { "fid": 190, "Layer": "0", "PaperSpace": null, "SubClasses": "AcDbEntity:AcDbPolyline", "Linetype": null, "EntityHandle": "EC", "Text": null, "ogr_style": "PEN(c:#000000)", "font": null, "angle": null, "size": null, "size_u": null, "anchor": null, "color": "#000000", "underline": null, "plaintext": null, "fcolor": null, "flnum": null, "bold": null, "italic": null, "dx": null, "dx_u": null, "dy": null, "dy_u": null }, "geometry": { "type": "LineString", "coordinates": [ [ 131.887747835224701, 43.116291895658229 ], [ 131.887977291971822, 43.116243551146049 ], [ 131.887943171547278, 43.116148847407075 ], [ 131.888081134851603, 43.116122141873056 ], [ 131.88806113281899, 43.116071939738546 ], [ 131.888134801821195, 43.116056333639534 ], [ 131.888166713327308, 43.116035214145072 ], [ 131.88836231436963, 43.115996306661188 ], [ 131.888139229523404, 43.115386596998114 ], [ 131.887461666705065, 43.115518017729237 ], [ 131.887747835224701, 43.116291895658229 ] ] } },
{ "type": "Feature", "properties": { "fid": 191, "Layer": "0", "PaperSpace": null, "SubClasses": "AcDbEntity:AcDbPolyline", "Linetype": null, "EntityHandle": "ED", "Text": null, "ogr_style": "PEN(c:#000000)", "font": null, "angle": null, "size": null, "size_u": null, "anchor": null, "color": "#000000", "underline": null, "plaintext": null, "fcolor": null, "flnum": null, "bold": null, "italic": null, "dx": null, "dx_u": null, "dy": null, "dy_u": null }, "geometry": { "type": "LineString", "coordinates": [ [ 131.887277721673343, 43.116613278464619 ], [ 131.888252481476314, 43.11642201896985 ], [ 131.888166557384778, 43.116207409209721 ], [ 131.887795016462775, 43.116278991153628 ], [ 131.887803068693529, 43.116301771867697 ], [ 131.887750301086157, 43.116311673123747 ], [ 131.887741627786596, 43.116288538712219 ], [ 131.887555881466, 43.116322393634356 ], [ 131.887531493093235, 43.116254773906206 ], [ 131.887235483901236, 43.116311809363864 ], [ 131.8871737838966, 43.11631721109265 ], [ 131.887277721673343, 43.116613278464619 ] ] } },
{ "type": "Feature", "properties": { "fid": 192, "Layer": "0", "PaperSpace": null, "SubClasses": "AcDbEntity:AcDbPolyline", "Linetype": null, "EntityHandle": "EE", "Text": null, "ogr_style": "PEN(c:#000000)", "font": null, "angle": null, "size": null, "size_u": null, "anchor": null, "color": "#000000", "underline": null, "plaintext": null, "fcolor": null, "flnum": null, "bold": null, "italic": null, "dx": null, "dx_u": null, "dy": null, "dy_u": null }, "geometry": { "type": "LineString", "coordinates": [ [ 131.888563633046971, 43.115722588290893 ], [ 131.889427711007215, 43.115552704873451 ], [ 131.88938214544325, 43.115444256949623 ], [ 131.889373212275927, 43.115446148734691 ], [ 131.889341504944184, 43.115355651252429 ], [ 131.889401118005054, 43.115343968881419 ], [ 131.889330085511432, 43.115150090208708 ], [ 131.888413869050851, 43.115330318074399 ], [ 131.888563633046971, 43.115722588290893 ] ] } },
{ "type": "Feature", "properties": { "fid": 193, "Layer": "0", "PaperSpace": null, "SubClasses": "AcDbEntity:AcDbPolyline", "Linetype": null, "EntityHandle": "EF", "Text": null, "ogr_style": "PEN(c:#000000)", "font": null, "angle": null, "size": null, "size_u": null, "anchor": null, "color": "#000000", "underline": null, "plaintext": null, "fcolor": null, "flnum": null, "bold": null, "italic": null, "dx": null, "dx_u": null, "dy": null, "dy_u": null }, "geometry": { "type": "LineString", "coordinates": [ [ 131.889377011814901, 43.115445659738967 ], [ 131.889673007863649, 43.115388258825448 ], [ 131.889663925923344, 43.115363058463082 ], [ 131.889809226296251, 43.115334655421194 ], [ 131.889795290652756, 43.115299783498074 ], [ 131.889881229567351, 43.115276939527234 ], [ 131.889902896011392, 43.11533702563559 ], [ 131.889896899067622, 43.115338257274182 ], [ 131.889921917614743, 43.115406590142776 ], [ 131.889928969507423, 43.115409128203126 ], [ 131.889948068235697, 43.115456998956347 ], [ 131.889931198429394, 43.115461492495918 ], [ 131.890041035755672, 43.115686297194138 ], [ 131.889990502588603, 43.115697346733263 ], [ 131.889836701308411, 43.115737448732304 ], [ 131.889737037738058, 43.115775105351602 ], [ 131.889644305665882, 43.11580900033681 ], [ 131.889566050968739, 43.115835365865735 ], [ 131.889511912454196, 43.115709093419724 ], [ 131.889469218454906, 43.115615918191423 ], [ 131.88946077835692, 43.115617894942631 ], [ 131.889377011814901, 43.115445659738967 ] ] } },
{ "type": "Feature", "properties": { "fid": 194, "Layer": "0", "PaperSpace": null, "SubClasses": "AcDbEntity:AcDbPolyline", "Linetype": null, "EntityHandle": "F0", "Text": null, "ogr_style": "PEN(c:#000000)", "font": null, "angle": null, "size": null, "size_u": null, "anchor": null, "color": "#000000", "underline": null, "plaintext": null, "fcolor": null, "flnum": null, "bold": null, "italic": null, "dx": null, "dx_u": null, "dy": null, "dy_u": null }, "geometry": { "type": "LineString", "coordinates": [ [ 131.890458136391004, 43.115163729246383 ], [ 131.889961618301697, 43.115265853989854 ], [ 131.889891289458376, 43.115076739102435 ], [ 131.890394492923946, 43.114977336478525 ], [ 131.890423611349206, 43.115054448395711 ], [ 131.890418841145021, 43.115055577467558 ], [ 131.890458136391004, 43.115163729246383 ] ] } },
{ "type": "Feature", "properties": { "fid": 195, "Layer": "0", "PaperSpace": null, "SubClasses": "AcDbEntity:AcDbPolyline", "Linetype": null, "EntityHandle": "F1", "Text": null, "ogr_style": "PEN(c:#000000)", "font": null, "angle": null, "size": null, "size_u": null, "anchor": null, "color": "#000000", "underline": null, "plaintext": null, "fcolor": null, "flnum": null, "bold": null, "italic": null, "dx": null, "dx_u": null, "dy": null, "dy_u": null }, "geometry": { "type": "LineString", "coordinates": [ [ 131.891413641549661, 43.115380755954057 ], [ 131.891918565051412, 43.115429039111127 ], [ 131.892091510462933, 43.115445625442838 ], [ 131.892097743820244, 43.115411806819417 ], [ 131.892050224247697, 43.115278536645164 ], [ 131.89186851610981, 43.114791096004154 ], [ 131.891841504437423, 43.114702171211512 ], [ 131.891828659593415, 43.114666568234597 ], [ 131.891197162087678, 43.114790247057805 ], [ 131.891283621262261, 43.115032392844647 ], [ 131.891349439697365, 43.115210301633446 ], [ 131.891398755587062, 43.115341213344742 ], [ 131.891413641549661, 43.115380755954057 ] ] } },
{ "type": "Feature", "properties": { "fid": 196, "Layer": "0", "PaperSpace": null, "SubClasses": "AcDbEntity:AcDbPolyline", "Linetype": null, "EntityHandle": "F2", "Text": null, "ogr_style": "PEN(c:#000000)", "font": null, "angle": null, "size": null, "size_u": null, "anchor": null, "color": "#000000", "underline": null, "plaintext": null, "fcolor": null, "flnum": null, "bold": null, "italic": null, "dx": null, "dx_u": null, "dy": null, "dy_u": null }, "geometry": { "type": "LineString", "coordinates": [ [ 131.890653819583378, 43.115187195509719 ], [ 131.890809879286905, 43.115156070468053 ], [ 131.890801276245043, 43.115130235196368 ], [ 131.890983420915774, 43.115088220845031 ], [ 131.891283375578297, 43.115032395366306 ], [ 131.891197162087678, 43.114790247057805 ], [ 131.890553355428409, 43.114912878496852 ], [ 131.890653819583378, 43.115187195509719 ] ] } },
{ "type": "Feature", "properties": { "fid": 197, "Layer": "0", "PaperSpace": null, "SubClasses": "AcDbEntity:AcDbPolyline", "Linetype": null, "EntityHandle": "F3", "Text": null, "ogr_style": "PEN(c:#000000)", "font": null, "angle": null, "size": null, "size_u": null, "anchor": null, "color": "#000000", "underline": null, "plaintext": null, "fcolor": null, "flnum": null, "bold": null, "italic": null, "dx": null, "dx_u": null, "dy": null, "dy_u": null }, "geometry": { "type": "LineString", "coordinates": [ [ 131.892554783310487, 43.11492914651442 ], [ 131.892465605645725, 43.114654355163857 ], [ 131.892346917166179, 43.114590135595243 ], [ 131.891838482800523, 43.114691940839606 ], [ 131.891971189606323, 43.115052157364993 ], [ 131.892554783310487, 43.11492914651442 ] ] } },
{ "type": "Feature", "properties": { "fid": 198, "Layer": "0", "PaperSpace": null, "SubClasses": "AcDbEntity:AcDbPolyline", "Linetype": null, "EntityHandle": "F4", "Text": null, "ogr_style": "PEN(c:#000000)", "font": null, "angle": null, "size": null, "size_u": null, "anchor": null, "color": "#000000", "underline": null, "plaintext": null, "fcolor": null, "flnum": null, "bold": null, "italic": null, "dx": null, "dx_u": null, "dy": null, "dy_u": null }, "geometry": { "type": "LineString", "coordinates": [ [ 131.889919279306582, 43.114901828331746 ], [ 131.890417375262473, 43.114805268348654 ], [ 131.890380003776471, 43.114701327396368 ], [ 131.890298015838141, 43.114474347130468 ], [ 131.889899700967305, 43.114552241304686 ], [ 131.889955252627772, 43.114707483060151 ], [ 131.889852044536212, 43.114726723604228 ], [ 131.889919279306582, 43.114901828331746 ] ] } },
{ "type": "Feature", "properties": { "fid": 199, "Layer": "0", "PaperSpace": null, "SubClasses": "AcDbEntity:AcDbPolyline", "Linetype": null, "EntityHandle": "F5", "Text": null, "ogr_style": "PEN(c:#000000)", "font": null, "angle": null, "size": null, "size_u": null, "anchor": null, "color": "#000000", "underline": null, "plaintext": null, "fcolor": null, "flnum": null, "bold": null, "italic": null, "dx": null, "dx_u": null, "dy": null, "dy_u": null }, "geometry": { "type": "LineString", "coordinates": [ [ 131.889176846313006, 43.115045805864817 ], [ 131.889766998646849, 43.114931383213303 ], [ 131.889720231868438, 43.114798644409362 ], [ 131.889672424133749, 43.11466285583483 ], [ 131.889346759780636, 43.114729922037526 ], [ 131.889348900497311, 43.114739081355062 ], [ 131.889087722996493, 43.114785953346512 ], [ 131.889105715256591, 43.114846707338771 ], [ 131.889166078350655, 43.115015942096363 ], [ 131.889176846313006, 43.115045805864817 ] ] } },
{ "type": "Feature", "properties": { "fid": 200, "Layer": "0", "PaperSpace": null, "SubClasses": "AcDbEntity:AcDbPolyline", "Linetype": null, "EntityHandle": "F6", "Text": null, "ogr_style": "PEN(c:#000000)", "font": null, "angle": null, "size": null, "size_u": null, "anchor": null, "color": "#000000", "underline": null, "plaintext": null, "fcolor": null, "flnum": null, "bold": null, "italic": null, "dx": null, "dx_u": null, "dy": null, "dy_u": null }, "geometry": { "type": "LineString", "coordinates": [ [ 131.892656767152516, 43.114371102602199 ], [ 131.893267552395855, 43.114250509062948 ], [ 131.893319450179092, 43.114169684524185 ], [ 131.893247274114458, 43.113967988950776 ], [ 131.892562801728531, 43.114064406136357 ], [ 131.892656767152516, 43.114371102602199 ] ] } },
{ "type": "Feature", "properties": { "fid": 201, "Layer": "0", "PaperSpace": null, "SubClasses": "AcDbEntity:AcDbPolyline", "Linetype": null, "EntityHandle": "F7", "Text": null, "ogr_style": "PEN(c:#000000)", "font": null, "angle": null, "size": null, "size_u": null, "anchor": null, "color": "#000000", "underline": null, "plaintext": null, "fcolor": null, "flnum": null, "bold": null, "italic": null, "dx": null, "dx_u": null, "dy": null, "dy_u": null }, "geometry": { "type": "LineString", "coordinates": [ [ 131.894676580848852, 43.114161753835042 ], [ 131.894790815027989, 43.114474090687366 ], [ 131.89516442150375, 43.11439589385833 ], [ 131.895055557481271, 43.114088182721254 ], [ 131.894676580848852, 43.114161753835042 ] ] } },
{ "type": "Feature", "properties": { "fid": 202, "Layer": "0", "PaperSpace": null, "SubClasses": "AcDbEntity:AcDbPolyline", "Linetype": null, "EntityHandle": "F8", "Text": null, "ogr_style": "PEN(c:#000000)", "font": null, "angle": null, "size": null, "size_u": null, "anchor": null, "color": "#000000", "underline": null, "plaintext": null, "fcolor": null, "flnum": null, "bold": null, "italic": null, "dx": null, "dx_u": null, "dy": null, "dy_u": null }, "geometry": { "type": "LineString", "coordinates": [ [ 131.905207916404265, 43.115591354579486 ], [ 131.905157137347203, 43.11535460967113 ], [ 131.905519826513029, 43.115303136040794 ], [ 131.905977686047862, 43.115236360316622 ], [ 131.905969308348034, 43.115184420303457 ], [ 131.906109672738268, 43.11516801948914 ], [ 131.9060976427198, 43.115092444224814 ], [ 131.906408673579989, 43.115063647679193 ], [ 131.90654080826701, 43.115066414487835 ], [ 131.906542795589928, 43.114991413625795 ], [ 131.906543387803254, 43.114971244725545 ], [ 131.906576369182233, 43.114954969638703 ], [ 131.906634461949267, 43.11497281811409 ], [ 131.906988974775686, 43.115171658879831 ], [ 131.907033970621058, 43.115223758012206 ], [ 131.907040639192132, 43.115238180619421 ], [ 131.906208582603227, 43.115447289550836 ], [ 131.906003183589519, 43.115487139474503 ], [ 131.905858265431817, 43.115509528285529 ], [ 131.905207916404265, 43.115591354579486 ] ] } },
{ "type": "Feature", "properties": { "fid": 203, "Layer": "0", "PaperSpace": null, "SubClasses": "AcDbEntity:AcDbPolyline", "Linetype": null, "EntityHandle": "F9", "Text": null, "ogr_style": "PEN(c:#000000)", "font": null, "angle": null, "size": null, "size_u": null, "anchor": null, "color": "#000000", "underline": null, "plaintext": null, "fcolor": null, "flnum": null, "bold": null, "italic": null, "dx": null, "dx_u": null, "dy": null, "dy_u": null }, "geometry": { "type": "LineString", "coordinates": [ [ 131.910731541243166, 43.113436570007394 ], [ 131.910851518278093, 43.113686272299958 ], [ 131.910890825377408, 43.113767953305135 ], [ 131.910892494264544, 43.113828514136344 ], [ 131.910720755932402, 43.113905646389874 ], [ 131.910087249582574, 43.114258711615555 ], [ 131.909391518973564, 43.114634654871971 ], [ 131.909297901487207, 43.114666594737699 ], [ 131.90872394300402, 43.114809393299836 ], [ 131.908120341534641, 43.114956998211646 ], [ 131.908019329704416, 43.114937166961859 ], [ 131.908006077490484, 43.114881047266543 ], [ 131.908110041917581, 43.114856741790106 ], [ 131.908165405268306, 43.114797207373911 ], [ 131.908227732983278, 43.114761003601771 ], [ 131.908268562046771, 43.114686948468197 ], [ 131.908265757316599, 43.114656373508282 ], [ 131.908581067037431, 43.114512670878426 ], [ 131.908609972344038, 43.1145016583678 ], [ 131.908998923228268, 43.114354037139307 ], [ 131.909058637785733, 43.114430105412644 ], [ 131.909209849883609, 43.114371372026305 ], [ 131.909053359497221, 43.114164534259132 ], [ 131.909120242789243, 43.114135213476622 ], [ 131.909387780666492, 43.113973913913966 ], [ 131.909501479265401, 43.113900539055223 ], [ 131.909514939860429, 43.1139103901141 ], [ 131.909708806838438, 43.113783252205394 ], [ 131.90972216051037, 43.113768621021109 ], [ 131.909795676331242, 43.113739230698592 ], [ 131.909895896064342, 43.113724683962637 ], [ 131.909929427126229, 43.113705161735346 ], [ 131.909929359404288, 43.113695351105456 ], [ 131.910130116449324, 43.113587763311138 ], [ 131.910159492283526, 43.113613650527085 ], [ 131.910263496724156, 43.113705368474378 ], [ 131.910296904817898, 43.113685847422012 ], [ 131.910323380213924, 43.11368260087589 ], [ 131.910546823500255, 43.113566494598217 ], [ 131.910517569017259, 43.113534215345503 ], [ 131.910731541243166, 43.113436570007394 ] ] } },
{ "type": "Feature", "properties": { "fid": 204, "Layer": "0", "PaperSpace": null, "SubClasses": "AcDbEntity:AcDbPolyline", "Linetype": null, "EntityHandle": "FA", "Text": null, "ogr_style": "PEN(c:#000000)", "font": null, "angle": null, "size": null, "size_u": null, "anchor": null, "color": "#000000", "underline": null, "plaintext": null, "fcolor": null, "flnum": null, "bold": null, "italic": null, "dx": null, "dx_u": null, "dy": null, "dy_u": null }, "geometry": { "type": "LineString", "coordinates": [ [ 131.901280852890807, 43.114655799012631 ], [ 131.901441947324344, 43.11430002313201 ], [ 131.901406902781048, 43.11429219481272 ], [ 131.901386867703735, 43.114208960848302 ], [ 131.90106086635879, 43.114155807484494 ], [ 131.901053518254542, 43.1141825271635 ], [ 131.90103171833448, 43.11417978236841 ], [ 131.900871762782771, 43.114167755774218 ], [ 131.900778327152636, 43.114145589418833 ], [ 131.900690107025383, 43.114139031162402 ], [ 131.900517664412888, 43.114110210956476 ], [ 131.900391666952572, 43.114107013656835 ], [ 131.900302349442626, 43.114126389986076 ], [ 131.900285972150357, 43.114130879958346 ], [ 131.900240258964999, 43.114143234357492 ], [ 131.900184592539688, 43.114161902518013 ], [ 131.900153369215388, 43.11417383699618 ], [ 131.9001433899777, 43.11417880085704 ], [ 131.900106099464637, 43.11420105946334 ], [ 131.900061959884511, 43.114237700831687 ], [ 131.900019268398211, 43.114317623111027 ], [ 131.900044011640716, 43.114371104583569 ], [ 131.901280852890807, 43.114655799012631 ] ] } },
{ "type": "Feature", "properties": { "fid": 205, "Layer": "0", "PaperSpace": null, "SubClasses": "AcDbEntity:AcDbPolyline", "Linetype": null, "EntityHandle": "FB", "Text": null, "ogr_style": "PEN(c:#000000)", "font": null, "angle": null, "size": null, "size_u": null, "anchor": null, "color": "#000000", "underline": null, "plaintext": null, "fcolor": null, "flnum": null, "bold": null, "italic": null, "dx": null, "dx_u": null, "dy": null, "dy_u": null }, "geometry": { "type": "LineString", "coordinates": [ [ 131.909448833016114, 43.11482749383282 ], [ 131.909840560610434, 43.114601440146124 ], [ 131.909883882105362, 43.114611519898766 ], [ 131.910051624312842, 43.114929314278641 ], [ 131.909575387715506, 43.115087030198723 ], [ 131.909448833016114, 43.11482749383282 ] ] } },
{ "type": "Feature", "properties": { "fid": 206, "Layer": "0", "PaperSpace": null, "SubClasses": "AcDbEntity:AcDbPolyline", "Linetype": null, "EntityHandle": "FC", "Text": null, "ogr_style": "PEN(c:#000000)", "font": null, "angle": null, "size": null, "size_u": null, "anchor": null, "color": "#000000", "underline": null, "plaintext": null, "fcolor": null, "flnum": null, "bold": null, "italic": null, "dx": null, "dx_u": null, "dy": null, "dy_u": null }, "geometry": { "type": "LineString", "coordinates": [ [ 131.926109768594728, 43.111944071899835 ], [ 131.926175730436967, 43.112236634675838 ], [ 131.926674931114235, 43.112275013571036 ], [ 131.926686445684425, 43.112123581245903 ], [ 131.926647822229683, 43.11189049785137 ], [ 131.926641291587629, 43.111858342514637 ], [ 131.926109768594728, 43.111944071899835 ] ] } },
{ "type": "Feature", "properties": { "fid": 207, "Layer": "0", "PaperSpace": null, "SubClasses": "AcDbEntity:AcDbPolyline", "Linetype": null, "EntityHandle": "FD", "Text": null, "ogr_style": "PEN(c:#000000)", "font": null, "angle": null, "size": null, "size_u": null, "anchor": null, "color": "#000000", "underline": null, "plaintext": null, "fcolor": null, "flnum": null, "bold": null, "italic": null, "dx": null, "dx_u": null, "dy": null, "dy_u": null }, "geometry": { "type": "LineString", "coordinates": [ [ 131.914649211858375, 43.113093455580064 ], [ 131.914915574850625, 43.113036659616569 ], [ 131.914931350956806, 43.113076999948731 ], [ 131.914980822004338, 43.113194488015999 ], [ 131.915038443091561, 43.113181823012162 ], [ 131.915132807682483, 43.113421437586794 ], [ 131.915114320641635, 43.113424781615542 ], [ 131.914956228758712, 43.113457941350838 ], [ 131.914953433389428, 43.113465801686054 ], [ 131.914945673593962, 43.113471103646852 ], [ 131.914807451353852, 43.113496224061166 ], [ 131.914649211858375, 43.113093455580064 ] ] } },
{ "type": "Feature", "properties": { "fid": 208, "Layer": "0", "PaperSpace": null, "SubClasses": "AcDbEntity:AcDbPolyline", "Linetype": null, "EntityHandle": "FE", "Text": null, "ogr_style": "PEN(c:#000000)", "font": null, "angle": null, "size": null, "size_u": null, "anchor": null, "color": "#000000", "underline": null, "plaintext": null, "fcolor": null, "flnum": null, "bold": null, "italic": null, "dx": null, "dx_u": null, "dy": null, "dy_u": null }, "geometry": { "type": "LineString", "coordinates": [ [ 131.912969417613027, 43.113477107255449 ], [ 131.91363960719417, 43.113330670573042 ], [ 131.913695654576912, 43.113470503461812 ], [ 131.913749140158615, 43.11361126323893 ], [ 131.913559879425378, 43.113646457305563 ], [ 131.913471371693589, 43.113599946476725 ], [ 131.913387892174995, 43.113628633240445 ], [ 131.913288169874647, 43.113656049585465 ], [ 131.913215451001832, 43.113675802507267 ], [ 131.913164049987188, 43.113686151255536 ], [ 131.91314079594531, 43.113722309263551 ], [ 131.913075387654317, 43.113738925248335 ], [ 131.91304319164783, 43.113662931442661 ], [ 131.912995434860676, 43.113544974560057 ], [ 131.912977952578416, 43.113498981025799 ], [ 131.912969417613027, 43.113477107255449 ] ] } },
{ "type": "Feature", "properties": { "fid": 209, "Layer": "0", "PaperSpace": null, "SubClasses": "AcDbEntity:AcDbPolyline", "Linetype": null, "EntityHandle": "FF", "Text": null, "ogr_style": "PEN(c:#000000)", "font": null, "angle": null, "size": null, "size_u": null, "anchor": null, "color": "#000000", "underline": null, "plaintext": null, "fcolor": null, "flnum": null, "bold": null, "italic": null, "dx": null, "dx_u": null, "dy": null, "dy_u": null }, "geometry": { "type": "LineString", "coordinates": [ [ 131.914980822004338, 43.113194488015999 ], [ 131.914931350956806, 43.113076999948731 ], [ 131.914915574850625, 43.113036659616569 ], [ 131.915245459615022, 43.112967406165275 ], [ 131.91525076108195, 43.112980942492172 ], [ 131.915285198680834, 43.113064653257915 ], [ 131.915300039664743, 43.113101132805816 ], [ 131.915208148995561, 43.113120547719653 ], [ 131.915216939156522, 43.113142868711712 ], [ 131.914980822004338, 43.113194488015999 ] ] } },
{ "type": "Feature", "properties": { "fid": 210, "Layer": "0", "PaperSpace": null, "SubClasses": "AcDbEntity:AcDbPolyline", "Linetype": null, "EntityHandle": "100", "Text": null, "ogr_style": "PEN(c:#000000)", "font": null, "angle": null, "size": null, "size_u": null, "anchor": null, "color": "#000000", "underline": null, "plaintext": null, "fcolor": null, "flnum": null, "bold": null, "italic": null, "dx": null, "dx_u": null, "dy": null, "dy_u": null }, "geometry": { "type": "LineString", "coordinates": [ [ 131.915300039664743, 43.113101132805816 ], [ 131.915308815807123, 43.11312273383966 ], [ 131.915369074952224, 43.11327044287264 ], [ 131.915406596317894, 43.11336735309753 ], [ 131.915338362023164, 43.11338390996513 ], [ 131.915132807682483, 43.113421437586794 ], [ 131.915038443091561, 43.113181823012162 ], [ 131.915216939156522, 43.113142868711712 ], [ 131.915208148995561, 43.113120547719653 ], [ 131.915300039664743, 43.113101132805816 ] ] } },
{ "type": "Feature", "properties": { "fid": 211, "Layer": "0", "PaperSpace": null, "SubClasses": "AcDbEntity:AcDbPolyline", "Linetype": null, "EntityHandle": "101", "Text": null, "ogr_style": "PEN(c:#000000)", "font": null, "angle": null, "size": null, "size_u": null, "anchor": null, "color": "#000000", "underline": null, "plaintext": null, "fcolor": null, "flnum": null, "bold": null, "italic": null, "dx": null, "dx_u": null, "dy": null, "dy_u": null }, "geometry": { "type": "LineString", "coordinates": [ [ 131.92603038358331, 43.112592188866927 ], [ 131.926332929447625, 43.112607803859298 ], [ 131.926354750174994, 43.112380742367158 ], [ 131.92605220542643, 43.112365127418421 ], [ 131.926050384190432, 43.11238494935774 ], [ 131.926035071937093, 43.1125432626772 ], [ 131.92603038358331, 43.112592188866927 ] ] } },
{ "type": "Feature", "properties": { "fid": 212, "Layer": "0", "PaperSpace": null, "SubClasses": "AcDbEntity:AcDbPolyline", "Linetype": null, "EntityHandle": "102", "Text": null, "ogr_style": "PEN(c:#000000)", "font": null, "angle": null, "size": null, "size_u": null, "anchor": null, "color": "#000000", "underline": null, "plaintext": null, "fcolor": null, "flnum": null, "bold": null, "italic": null, "dx": null, "dx_u": null, "dy": null, "dy_u": null }, "geometry": { "type": "LineString", "coordinates": [ [ 131.926325268805215, 43.112711668941586 ], [ 131.926332929447625, 43.112607803859298 ], [ 131.92603038358331, 43.112592188866927 ], [ 131.925735462515661, 43.112576942579757 ], [ 131.925727328393322, 43.112688013605336 ], [ 131.926325268805215, 43.112711668941586 ] ] } },
{ "type": "Feature", "properties": { "fid": 213, "Layer": "0", "PaperSpace": null, "SubClasses": "AcDbEntity:AcDbPolyline", "Linetype": null, "EntityHandle": "103", "Text": null, "ogr_style": "PEN(c:#000000)", "font": null, "angle": null, "size": null, "size_u": null, "anchor": null, "color": "#000000", "underline": null, "plaintext": null, "fcolor": null, "flnum": null, "bold": null, "italic": null, "dx": null, "dx_u": null, "dy": null, "dy_u": null }, "geometry": { "type": "LineString", "coordinates": [ [ 131.926581068088211, 43.112562064857769 ], [ 131.926752769789999, 43.112571590979805 ], [ 131.926758900188759, 43.112514818448517 ], [ 131.926767198815469, 43.112437140150313 ], [ 131.926595721887537, 43.112426531525848 ], [ 131.926581068088211, 43.112562064857769 ] ] } },
{ "type": "Feature", "properties": { "fid": 214, "Layer": "0", "PaperSpace": null, "SubClasses": "AcDbEntity:AcDbPolyline", "Linetype": null, "EntityHandle": "104", "Text": null, "ogr_style": "PEN(c:#000000)", "font": null, "angle": null, "size": null, "size_u": null, "anchor": null, "color": "#000000", "underline": null, "plaintext": null, "fcolor": null, "flnum": null, "bold": null, "italic": null, "dx": null, "dx_u": null, "dy": null, "dy_u": null }, "geometry": { "type": "LineString", "coordinates": [ [ 131.927381531713365, 43.112675475838813 ], [ 131.927402708672531, 43.112609182818645 ], [ 131.92741754425208, 43.112470497033861 ], [ 131.927420421340599, 43.112441932716166 ], [ 131.927153254389253, 43.112426036401665 ], [ 131.927133336721113, 43.112668470002973 ], [ 131.927381531713365, 43.112675475838813 ] ] } },
{ "type": "Feature", "properties": { "fid": 215, "Layer": "0", "PaperSpace": null, "SubClasses": "AcDbEntity:AcDbPolyline", "Linetype": null, "EntityHandle": "105", "Text": null, "ogr_style": "PEN(c:#000000)", "font": null, "angle": null, "size": null, "size_u": null, "anchor": null, "color": "#000000", "underline": null, "plaintext": null, "fcolor": null, "flnum": null, "bold": null, "italic": null, "dx": null, "dx_u": null, "dy": null, "dy_u": null }, "geometry": { "type": "LineString", "coordinates": [ [ 131.931468552769104, 43.113031639022978 ], [ 131.932709627327398, 43.113158067112913 ], [ 131.933521357297934, 43.113231439957673 ], [ 131.934012700786496, 43.113207491884715 ], [ 131.934093546451805, 43.113151814436868 ], [ 131.934113014891551, 43.113098860173103 ], [ 131.934109043847116, 43.113022482049473 ], [ 131.934105103136545, 43.112947633809632 ], [ 131.931495964224723, 43.112777603594282 ], [ 131.931468552769104, 43.113031639022978 ] ] } },
{ "type": "Feature", "properties": { "fid": 216, "Layer": "0", "PaperSpace": null, "SubClasses": "AcDbEntity:AcDbPolyline", "Linetype": null, "EntityHandle": "106", "Text": null, "ogr_style": "PEN(c:#000000)", "font": null, "angle": null, "size": null, "size_u": null, "anchor": null, "color": "#000000", "underline": null, "plaintext": null, "fcolor": null, "flnum": null, "bold": null, "italic": null, "dx": null, "dx_u": null, "dy": null, "dy_u": null }, "geometry": { "type": "LineString", "coordinates": [ [ 131.918566509570724, 43.112231200258229 ], [ 131.918961389873459, 43.112231553048176 ], [ 131.9189615809494, 43.11210949441638 ], [ 131.918566701431615, 43.112109141617637 ], [ 131.918566509570724, 43.112231200258229 ] ] } },
{ "type": "Feature", "properties": { "fid": 217, "Layer": "0", "PaperSpace": null, "SubClasses": "AcDbEntity:AcDbPolyline", "Linetype": null, "EntityHandle": "107", "Text": null, "ogr_style": "PEN(c:#000000)", "font": null, "angle": null, "size": null, "size_u": null, "anchor": null, "color": "#000000", "underline": null, "plaintext": null, "fcolor": null, "flnum": null, "bold": null, "italic": null, "dx": null, "dx_u": null, "dy": null, "dy_u": null }, "geometry": { "type": "LineString", "coordinates": [ [ 131.896672016215661, 43.113592301601628 ], [ 131.897085704125914, 43.113656624726126 ], [ 131.89721807721898, 43.113454621898889 ], [ 131.896957078885919, 43.113375942860969 ], [ 131.896664285531131, 43.113388143427507 ], [ 131.896672016215661, 43.113592301601628 ] ] } },
{ "type": "Feature", "properties": { "fid": 218, "Layer": "0", "PaperSpace": null, "SubClasses": "AcDbEntity:AcDbPolyline", "Linetype": null, "EntityHandle": "108", "Text": null, "ogr_style": "PEN(c:#000000)", "font": null, "angle": null, "size": null, "size_u": null, "anchor": null, "color": "#000000", "underline": null, "plaintext": null, "fcolor": null, "flnum": null, "bold": null, "italic": null, "dx": null, "dx_u": null, "dy": null, "dy_u": null }, "geometry": { "type": "LineString", "coordinates": [ [ 131.89366741344864, 43.117453084099054 ], [ 131.893687683065338, 43.117510573472984 ], [ 131.893731651007755, 43.117637758606776 ], [ 131.893745047641346, 43.117676416090163 ], [ 131.89362017811365, 43.117700383436294 ], [ 131.893310571581338, 43.117759644723968 ], [ 131.893166628876656, 43.117788578324493 ], [ 131.892954356031424, 43.117829645647667 ], [ 131.892729470949462, 43.117873002481154 ], [ 131.892708370234061, 43.117810570807627 ], [ 131.892669830453769, 43.117703672266522 ], [ 131.892652829340619, 43.117656410520972 ], [ 131.893000829016131, 43.117587305095682 ], [ 131.893259290596518, 43.117532891072678 ], [ 131.89366741344864, 43.117453084099054 ] ] } },
{ "type": "Feature", "properties": { "fid": 219, "Layer": "0", "PaperSpace": null, "SubClasses": "AcDbEntity:AcDbPolyline", "Linetype": null, "EntityHandle": "109", "Text": null, "ogr_style": "PEN(c:#000000)", "font": null, "angle": null, "size": null, "size_u": null, "anchor": null, "color": "#000000", "underline": null, "plaintext": null, "fcolor": null, "flnum": null, "bold": null, "italic": null, "dx": null, "dx_u": null, "dy": null, "dy_u": null }, "geometry": { "type": "LineString", "coordinates": [ [ 131.894963401709845, 43.117424625843775 ], [ 131.89489481711189, 43.117256919081505 ], [ 131.894863641587335, 43.117181809788455 ], [ 131.895048777410153, 43.117141828459758 ], [ 131.895075975689025, 43.117208157457206 ], [ 131.895141930624902, 43.117379671704619 ], [ 131.895145017087088, 43.11738684090011 ], [ 131.895098772764328, 43.117397308455274 ], [ 131.895049837887342, 43.117408433781492 ], [ 131.894963401709845, 43.117424625843775 ] ] } },
{ "type": "Feature", "properties": { "fid": 220, "Layer": "0", "PaperSpace": null, "SubClasses": "AcDbEntity:AcDbPolyline", "Linetype": null, "EntityHandle": "10A", "Text": null, "ogr_style": "PEN(c:#000000)", "font": null, "angle": null, "size": null, "size_u": null, "anchor": null, "color": "#000000", "underline": null, "plaintext": null, "fcolor": null, "flnum": null, "bold": null, "italic": null, "dx": null, "dx_u": null, "dy": null, "dy_u": null }, "geometry": { "type": "LineString", "coordinates": [ [ 131.894299435465342, 43.11751580160022 ], [ 131.894223464486515, 43.117315225964205 ], [ 131.894822774977598, 43.117190781671916 ], [ 131.894899745517648, 43.117404938467693 ], [ 131.894299435465342, 43.11751580160022 ] ] } },
{ "type": "Feature", "properties": { "fid": 221, "Layer": "0", "PaperSpace": null, "SubClasses": "AcDbEntity:AcDbPolyline", "Linetype": null, "EntityHandle": "10B", "Text": null, "ogr_style": "PEN(c:#000000)", "font": null, "angle": null, "size": null, "size_u": null, "anchor": null, "color": "#000000", "underline": null, "plaintext": null, "fcolor": null, "flnum": null, "bold": null, "italic": null, "dx": null, "dx_u": null, "dy": null, "dy_u": null }, "geometry": { "type": "LineString", "coordinates": [ [ 131.917296427664411, 43.110360484992114 ], [ 131.91768686013026, 43.111001146248277 ], [ 131.918489123661715, 43.110844203773702 ], [ 131.918531850388774, 43.110849065792749 ], [ 131.918627284191047, 43.110822590037422 ], [ 131.918553586977936, 43.110697886917585 ], [ 131.91823034527954, 43.110151216094899 ], [ 131.918185495085254, 43.11007544656929 ], [ 131.917296427664411, 43.110360484992114 ] ] } },
{ "type": "Feature", "properties": { "fid": 222, "Layer": "0", "PaperSpace": null, "SubClasses": "AcDbEntity:AcDbPolyline", "Linetype": null, "EntityHandle": "10C", "Text": null, "ogr_style": "PEN(c:#000000)", "font": null, "angle": null, "size": null, "size_u": null, "anchor": null, "color": "#000000", "underline": null, "plaintext": null, "fcolor": null, "flnum": null, "bold": null, "italic": null, "dx": null, "dx_u": null, "dy": null, "dy_u": null }, "geometry": { "type": "LineString", "coordinates": [ [ 131.910824474341496, 43.112225655417852 ], [ 131.910859313313097, 43.112267147590948 ], [ 131.910438269878199, 43.112456785622989 ], [ 131.91042041092723, 43.112435548990838 ], [ 131.910068848865308, 43.112590706273259 ], [ 131.910012449459117, 43.112615687717799 ], [ 131.909627937361279, 43.112162434201799 ], [ 131.910076109931509, 43.112003210430444 ], [ 131.910377731836519, 43.111889439612547 ], [ 131.910566429012817, 43.111831753614823 ], [ 131.91077303018082, 43.111797643737596 ], [ 131.910933691278558, 43.111789306357331 ], [ 131.91106404857473, 43.111789476144075 ], [ 131.911136954258922, 43.111792045682598 ], [ 131.911221305208443, 43.112016736030974 ], [ 131.911145456570381, 43.112077655920302 ], [ 131.910824474341496, 43.112225655417852 ] ] } },
{ "type": "Feature", "properties": { "fid": 223, "Layer": "0", "PaperSpace": null, "SubClasses": "AcDbEntity:AcDbPolyline", "Linetype": null, "EntityHandle": "10D", "Text": null, "ogr_style": "PEN(c:#000000)", "font": null, "angle": null, "size": null, "size_u": null, "anchor": null, "color": "#000000", "underline": null, "plaintext": null, "fcolor": null, "flnum": null, "bold": null, "italic": null, "dx": null, "dx_u": null, "dy": null, "dy_u": null }, "geometry": { "type": "LineString", "coordinates": [ [ 131.904646514752159, 43.113017432321236 ], [ 131.904719884914925, 43.113253582984534 ], [ 131.904751071588294, 43.113354162983349 ], [ 131.904949404173323, 43.113317719130293 ], [ 131.90531032362145, 43.113251592539271 ], [ 131.905712374618531, 43.113177746469681 ], [ 131.905690226668327, 43.113106236800029 ], [ 131.905613325608016, 43.112859231955589 ], [ 131.90528024609651, 43.112897256563087 ], [ 131.904758772674995, 43.112958299054618 ], [ 131.904635247591216, 43.112981184319729 ], [ 131.904646514752159, 43.113017432321236 ] ] } },
{ "type": "Feature", "properties": { "fid": 224, "Layer": "0", "PaperSpace": null, "SubClasses": "AcDbEntity:AcDbPolyline", "Linetype": null, "EntityHandle": "10E", "Text": null, "ogr_style": "PEN(c:#000000)", "font": null, "angle": null, "size": null, "size_u": null, "anchor": null, "color": "#000000", "underline": null, "plaintext": null, "fcolor": null, "flnum": null, "bold": null, "italic": null, "dx": null, "dx_u": null, "dy": null, "dy_u": null }, "geometry": { "type": "LineString", "coordinates": [ [ 131.910915407866639, 43.111765193836412 ], [ 131.910899481300305, 43.111647443941848 ], [ 131.911118177465966, 43.111578282459668 ], [ 131.911152110187658, 43.111598451095269 ], [ 131.911161188406624, 43.111616718847834 ], [ 131.911158174392739, 43.111701811915886 ], [ 131.911138079607724, 43.111717233729351 ], [ 131.910994483953601, 43.111756537552004 ], [ 131.910915407866639, 43.111765193836412 ] ] } },
{ "type": "Feature", "properties": { "fid": 225, "Layer": "0", "PaperSpace": null, "SubClasses": "AcDbEntity:AcDbPolyline", "Linetype": null, "EntityHandle": "10F", "Text": null, "ogr_style": "PEN(c:#000000)", "font": null, "angle": null, "size": null, "size_u": null, "anchor": null, "color": "#000000", "underline": null, "plaintext": null, "fcolor": null, "flnum": null, "bold": null, "italic": null, "dx": null, "dx_u": null, "dy": null, "dy_u": null }, "geometry": { "type": "LineString", "coordinates": [ [ 131.912606100350672, 43.112050339639929 ], [ 131.912490720369703, 43.111752974593806 ], [ 131.912952278904811, 43.111638155764091 ], [ 131.913071926373902, 43.111952668078878 ], [ 131.912606100350672, 43.112050339639929 ] ] } },
{ "type": "Feature", "properties": { "fid": 226, "Layer": "0", "PaperSpace": null, "SubClasses": "AcDbEntity:AcDbPolyline", "Linetype": null, "EntityHandle": "110", "Text": null, "ogr_style": "PEN(c:#000000)", "font": null, "angle": null, "size": null, "size_u": null, "anchor": null, "color": "#000000", "underline": null, "plaintext": null, "fcolor": null, "flnum": null, "bold": null, "italic": null, "dx": null, "dx_u": null, "dy": null, "dy_u": null }, "geometry": { "type": "LineString", "coordinates": [ [ 131.913355419730465, 43.111696949547252 ], [ 131.913560550126562, 43.111656819193811 ], [ 131.913635450018148, 43.111856313147641 ], [ 131.913434870909128, 43.111896756089557 ], [ 131.913433579443449, 43.111893529152979 ], [ 131.913355419730465, 43.111696949547252 ] ] } },
{ "type": "Feature", "properties": { "fid": 227, "Layer": "0", "PaperSpace": null, "SubClasses": "AcDbEntity:AcDbPolyline", "Linetype": null, "EntityHandle": "111", "Text": null, "ogr_style": "PEN(c:#000000)", "font": null, "angle": null, "size": null, "size_u": null, "anchor": null, "color": "#000000", "underline": null, "plaintext": null, "fcolor": null, "flnum": null, "bold": null, "italic": null, "dx": null, "dx_u": null, "dy": null, "dy_u": null }, "geometry": { "type": "LineString", "coordinates": [ [ 131.906142516245495, 43.112892258202415 ], [ 131.906153351460233, 43.112975947013922 ], [ 131.906253403832238, 43.113003530952874 ], [ 131.906401118632544, 43.11299263413845 ], [ 131.90640239672976, 43.113001532066683 ], [ 131.906542749976438, 43.11299116166083 ], [ 131.906675520693852, 43.113940220677016 ], [ 131.906695211593586, 43.114081425181674 ], [ 131.906745626869139, 43.114445000498698 ], [ 131.906824157124419, 43.114598194799271 ], [ 131.906883403647271, 43.114650235805769 ], [ 131.906994057715792, 43.114698501653713 ], [ 131.907034002839794, 43.114705557187897 ], [ 131.907252007611703, 43.114707700002569 ], [ 131.907362502221645, 43.114665324819001 ], [ 131.907406585656474, 43.114638672585713 ], [ 131.907480988727798, 43.114572549522904 ], [ 131.907517101795804, 43.11449602338282 ], [ 131.907526082456144, 43.114439582263387 ], [ 131.907526157555139, 43.114380083383743 ], [ 131.907488552933444, 43.114316295947781 ], [ 131.907477899528942, 43.114235755821809 ], [ 131.907465201179178, 43.11414479555031 ], [ 131.90742522571864, 43.113882645743033 ], [ 131.907414077640425, 43.11380193072754 ], [ 131.907394520964999, 43.113655054173229 ], [ 131.907381306800602, 43.113550147349024 ], [ 131.907357475093846, 43.113391883703542 ], [ 131.907344288970421, 43.113288416774779 ], [ 131.907328895019532, 43.113172461107382 ], [ 131.907319375502937, 43.113093349349896 ], [ 131.9073081283004, 43.113007504644649 ], [ 131.907301591086366, 43.11293646296059 ], [ 131.90726751019028, 43.112566326994198 ], [ 131.906407721115215, 43.112730899809293 ], [ 131.906427156561307, 43.112871656984602 ], [ 131.906142516245495, 43.112892258202415 ] ] } },
{ "type": "Feature", "properties": { "fid": 228, "Layer": "0", "PaperSpace": null, "SubClasses": "AcDbEntity:AcDbPolyline", "Linetype": null, "EntityHandle": "112", "Text": null, "ogr_style": "PEN(c:#000000)", "font": null, "angle": null, "size": null, "size_u": null, "anchor": null, "color": "#000000", "underline": null, "plaintext": null, "fcolor": null, "flnum": null, "bold": null, "italic": null, "dx": null, "dx_u": null, "dy": null, "dy_u": null }, "geometry": { "type": "LineString", "coordinates": [ [ 131.904905750127313, 43.114878174903303 ], [ 131.905081562454569, 43.115093638892908 ], [ 131.905018199287156, 43.115127241348759 ], [ 131.904820809576847, 43.114920552448403 ], [ 131.904905750127313, 43.114878174903303 ] ] } },
{ "type": "Feature", "properties": { "fid": 229, "Layer": "0", "PaperSpace": null, "SubClasses": "AcDbEntity:AcDbPolyline", "Linetype": null, "EntityHandle": "113", "Text": null, "ogr_style": "PEN(c:#000000)", "font": null, "angle": null, "size": null, "size_u": null, "anchor": null, "color": "#000000", "underline": null, "plaintext": null, "fcolor": null, "flnum": null, "bold": null, "italic": null, "dx": null, "dx_u": null, "dy": null, "dy_u": null }, "geometry": { "type": "LineString", "coordinates": [ [ 131.911309728869327, 43.111332619787539 ], [ 131.912964632856301, 43.110979226702412 ], [ 131.912980522950875, 43.111019206079597 ], [ 131.913395348155092, 43.111078867727201 ], [ 131.913435321563895, 43.111182053860134 ], [ 131.913484605507762, 43.111309085877423 ], [ 131.913327114636132, 43.11134763781763 ], [ 131.913341989087172, 43.111385917528246 ], [ 131.91164828850313, 43.111747462230817 ], [ 131.911662884833419, 43.111784124841655 ], [ 131.911372596585153, 43.11179192628731 ], [ 131.911309728869327, 43.111332619787539 ] ] } },
{ "type": "Feature", "properties": { "fid": 230, "Layer": "0", "PaperSpace": null, "SubClasses": "AcDbEntity:AcDbPolyline", "Linetype": null, "EntityHandle": "114", "Text": null, "ogr_style": "PEN(c:#000000)", "font": null, "angle": null, "size": null, "size_u": null, "anchor": null, "color": "#000000", "underline": null, "plaintext": null, "fcolor": null, "flnum": null, "bold": null, "italic": null, "dx": null, "dx_u": null, "dy": null, "dy_u": null }, "geometry": { "type": "LineString", "coordinates": [ [ 131.882525139246354, 43.113693997704537 ], [ 131.882630812915721, 43.113869345273848 ], [ 131.8823864203016, 43.113926742429584 ], [ 131.882359259651849, 43.113874541905695 ], [ 131.882337334807488, 43.113806895939362 ], [ 131.882252154133568, 43.113824415799662 ], [ 131.882228864751767, 43.113769025384357 ], [ 131.882525139246354, 43.113693997704537 ] ] } },
{ "type": "Feature", "properties": { "fid": 231, "Layer": "0", "PaperSpace": null, "SubClasses": "AcDbEntity:AcDbPolyline", "Linetype": null, "EntityHandle": "115", "Text": null, "ogr_style": "PEN(c:#000000)", "font": null, "angle": null, "size": null, "size_u": null, "anchor": null, "color": "#000000", "underline": null, "plaintext": null, "fcolor": null, "flnum": null, "bold": null, "italic": null, "dx": null, "dx_u": null, "dy": null, "dy_u": null }, "geometry": { "type": "LineString", "coordinates": [ [ 131.882337334807488, 43.113806895939362 ], [ 131.882359259651849, 43.113874541905695 ], [ 131.8823864203016, 43.113926742429584 ], [ 131.882630812915721, 43.113869345273848 ], [ 131.88273927339975, 43.114049074947658 ], [ 131.882379806312599, 43.114128527390754 ], [ 131.882251297669143, 43.113824604547226 ], [ 131.882337334807488, 43.113806895939362 ] ] } },
{ "type": "Feature", "properties": { "fid": 232, "Layer": "0", "PaperSpace": null, "SubClasses": "AcDbEntity:AcDbPolyline", "Linetype": null, "EntityHandle": "116", "Text": null, "ogr_style": "PEN(c:#000000)", "font": null, "angle": null, "size": null, "size_u": null, "anchor": null, "color": "#000000", "underline": null, "plaintext": null, "fcolor": null, "flnum": null, "bold": null, "italic": null, "dx": null, "dx_u": null, "dy": null, "dy_u": null }, "geometry": { "type": "LineString", "coordinates": [ [ 131.888920364462479, 43.116703578953306 ], [ 131.888959790149471, 43.116696334170264 ], [ 131.889096283501232, 43.116669822495091 ], [ 131.889099137276133, 43.116677714337555 ], [ 131.889183963315901, 43.116660823102784 ], [ 131.889180469533812, 43.116651587635715 ], [ 131.889219770594963, 43.116631382274839 ], [ 131.889235187249199, 43.116627983876526 ], [ 131.889241950611051, 43.116615402875475 ], [ 131.889255455847888, 43.116582680062599 ], [ 131.889398707855548, 43.116549797918324 ], [ 131.889423891944261, 43.116543148974621 ], [ 131.889507122324545, 43.116500620358046 ], [ 131.889396474305585, 43.116207594189007 ], [ 131.889380859203214, 43.116155547087914 ], [ 131.889293522046955, 43.116169583806595 ], [ 131.888763179829255, 43.116263948813362 ], [ 131.888777572960038, 43.11630349680928 ], [ 131.888920364462479, 43.116703578953306 ] ] } },
{ "type": "Feature", "properties": { "fid": 233, "Layer": "0", "PaperSpace": null, "SubClasses": "AcDbEntity:AcDbPolyline", "Linetype": null, "EntityHandle": "117", "Text": null, "ogr_style": "PEN(c:#000000)", "font": null, "angle": null, "size": null, "size_u": null, "anchor": null, "color": "#000000", "underline": null, "plaintext": null, "fcolor": null, "flnum": null, "bold": null, "italic": null, "dx": null, "dx_u": null, "dy": null, "dy_u": null }, "geometry": { "type": "LineString", "coordinates": [ [ 131.889682957655566, 43.116777766191021 ], [ 131.889702176148546, 43.116838327474142 ], [ 131.889687370259878, 43.116841539650544 ], [ 131.889745384049576, 43.117009807985688 ], [ 131.889753430227188, 43.11703222857151 ], [ 131.889644606786419, 43.117053596768393 ], [ 131.889383836371991, 43.117102985602557 ], [ 131.889325559169606, 43.117113934177453 ], [ 131.889246771702204, 43.11689367137371 ], [ 131.889376524307949, 43.116868038540595 ], [ 131.889366645041235, 43.116839695902463 ], [ 131.889574754021879, 43.116799398005561 ], [ 131.889682957655566, 43.116777766191021 ] ] } },
{ "type": "Feature", "properties": { "fid": 234, "Layer": "0", "PaperSpace": null, "SubClasses": "AcDbEntity:AcDbPolyline", "Linetype": null, "EntityHandle": "118", "Text": null, "ogr_style": "PEN(c:#000000)", "font": null, "angle": null, "size": null, "size_u": null, "anchor": null, "color": "#000000", "underline": null, "plaintext": null, "fcolor": null, "flnum": null, "bold": null, "italic": null, "dx": null, "dx_u": null, "dy": null, "dy_u": null }, "geometry": { "type": "LineString", "coordinates": [ [ 131.888389451920546, 43.117354403815625 ], [ 131.888467487226819, 43.117554692179588 ], [ 131.888872769015279, 43.117473761236205 ], [ 131.88878281584627, 43.117228499074209 ], [ 131.888544495694532, 43.117276125849457 ], [ 131.888559863124215, 43.117315213827901 ], [ 131.888389451920546, 43.117354403815625 ] ] } },
{ "type": "Feature", "properties": { "fid": 235, "Layer": "0", "PaperSpace": null, "SubClasses": "AcDbEntity:AcDbPolyline", "Linetype": null, "EntityHandle": "119", "Text": null, "ogr_style": "PEN(c:#000000)", "font": null, "angle": null, "size": null, "size_u": null, "anchor": null, "color": "#000000", "underline": null, "plaintext": null, "fcolor": null, "flnum": null, "bold": null, "italic": null, "dx": null, "dx_u": null, "dy": null, "dy_u": null }, "geometry": { "type": "LineString", "coordinates": [ [ 131.888462093153009, 43.117065890885449 ], [ 131.888421326160568, 43.117073689303822 ], [ 131.888428431244677, 43.117091889043152 ], [ 131.888118330832555, 43.117164013093863 ], [ 131.888215370538546, 43.117394441231504 ], [ 131.888559863124215, 43.117315213827901 ], [ 131.888462093153009, 43.117065890885449 ] ] } },
{ "type": "Feature", "properties": { "fid": 236, "Layer": "0", "PaperSpace": null, "SubClasses": "AcDbEntity:AcDbPolyline", "Linetype": null, "EntityHandle": "11A", "Text": null, "ogr_style": "PEN(c:#000000)", "font": null, "angle": null, "size": null, "size_u": null, "anchor": null, "color": "#000000", "underline": null, "plaintext": null, "fcolor": null, "flnum": null, "bold": null, "italic": null, "dx": null, "dx_u": null, "dy": null, "dy_u": null }, "geometry": { "type": "LineString", "coordinates": [ [ 131.888705495727805, 43.117007770809387 ], [ 131.888657489474213, 43.117016093512511 ], [ 131.888499084680205, 43.117046969592124 ], [ 131.888502979546871, 43.117057911205386 ], [ 131.888462093153009, 43.117065890885449 ], [ 131.888544495694532, 43.117276125849457 ], [ 131.88878281584627, 43.117228499074209 ], [ 131.888705495727805, 43.117007770809387 ] ] } },
{ "type": "Feature", "properties": { "fid": 237, "Layer": "0", "PaperSpace": null, "SubClasses": "AcDbEntity:AcDbPolyline", "Linetype": null, "EntityHandle": "11B", "Text": null, "ogr_style": "PEN(c:#000000)", "font": null, "angle": null, "size": null, "size_u": null, "anchor": null, "color": "#000000", "underline": null, "plaintext": null, "fcolor": null, "flnum": null, "bold": null, "italic": null, "dx": null, "dx_u": null, "dy": null, "dy_u": null }, "geometry": { "type": "LineString", "coordinates": [ [ 131.892170708786523, 43.121836849827851 ], [ 131.892172803680609, 43.121843579222606 ], [ 131.892176728808863, 43.121856050596605 ], [ 131.892204247822292, 43.121945600071498 ], [ 131.892208158643911, 43.121963742357927 ], [ 131.892210617704876, 43.122002332319347 ], [ 131.892233546964889, 43.121999756469641 ], [ 131.89225609731804, 43.121996644434638 ], [ 131.892280239626558, 43.121993246005019 ], [ 131.892288442210287, 43.121985240671229 ], [ 131.892546941341948, 43.121938208882042 ], [ 131.892735518719434, 43.121903866710838 ], [ 131.892810027092736, 43.121893289662921 ], [ 131.892801952025138, 43.121863038551083 ], [ 131.892746427691122, 43.1217099583966 ], [ 131.892716954485024, 43.121710891366774 ], [ 131.892703232608767, 43.121713012646524 ], [ 131.892650375037903, 43.121718416475723 ], [ 131.892562589351911, 43.121735070650182 ], [ 131.892433291765087, 43.12175926222028 ], [ 131.892425939394769, 43.121760327892297 ], [ 131.892424150495231, 43.121756745784424 ], [ 131.892327531684202, 43.121767729750019 ], [ 131.892230772753265, 43.12177781495167 ], [ 131.892170708786523, 43.121836849827851 ] ] } },
{ "type": "Feature", "properties": { "fid": 238, "Layer": "0", "PaperSpace": null, "SubClasses": "AcDbEntity:AcDbPolyline", "Linetype": null, "EntityHandle": "11C", "Text": null, "ogr_style": "PEN(c:#000000)", "font": null, "angle": null, "size": null, "size_u": null, "anchor": null, "color": "#000000", "underline": null, "plaintext": null, "fcolor": null, "flnum": null, "bold": null, "italic": null, "dx": null, "dx_u": null, "dy": null, "dy_u": null }, "geometry": { "type": "LineString", "coordinates": [ [ 131.89225609731804, 43.121996644434638 ], [ 131.892255604421962, 43.12203508469436 ], [ 131.892247098563359, 43.122110692279875 ], [ 131.892231205804109, 43.122185565634695 ], [ 131.892223560731111, 43.122209857439493 ], [ 131.89222518156464, 43.12223675442781 ], [ 131.892209778114704, 43.12225374492926 ], [ 131.892207920949176, 43.122259434772651 ], [ 131.892179706812243, 43.122326153564558 ], [ 131.892362167415058, 43.122286744145846 ], [ 131.892645689576938, 43.122230903903954 ], [ 131.892631340254553, 43.122200267194245 ], [ 131.892546941341948, 43.121938208882042 ], [ 131.892288442210287, 43.121985240671229 ], [ 131.892280239626558, 43.121993246005019 ], [ 131.89225609731804, 43.121996644434638 ] ] } },
{ "type": "Feature", "properties": { "fid": 239, "Layer": "0", "PaperSpace": null, "SubClasses": "AcDbEntity:AcDbPolyline", "Linetype": null, "EntityHandle": "11D", "Text": null, "ogr_style": "PEN(c:#000000)", "font": null, "angle": null, "size": null, "size_u": null, "anchor": null, "color": "#000000", "underline": null, "plaintext": null, "fcolor": null, "flnum": null, "bold": null, "italic": null, "dx": null, "dx_u": null, "dy": null, "dy_u": null }, "geometry": { "type": "LineString", "coordinates": [ [ 131.892902030275593, 43.1218466178981 ], [ 131.892911122711354, 43.121878658789569 ], [ 131.892977937521721, 43.122114343988898 ], [ 131.892989275473582, 43.122154552898522 ], [ 131.892991775240205, 43.122163168371614 ], [ 131.893231748709468, 43.122124066504071 ], [ 131.893364150420098, 43.122082289742679 ], [ 131.893415103231547, 43.122048011264035 ], [ 131.893460099070239, 43.121920901461039 ], [ 131.893500307733376, 43.121806892630858 ], [ 131.893506943136259, 43.121787651804276 ], [ 131.893310905967013, 43.121785346980737 ], [ 131.893263478150232, 43.1217406484988 ], [ 131.893249335127706, 43.121727202068229 ], [ 131.893194237743955, 43.121743970710178 ], [ 131.893039537740833, 43.121782736051479 ], [ 131.893024750631156, 43.121799810340093 ], [ 131.893008981029595, 43.121836157330428 ], [ 131.892902030275593, 43.1218466178981 ] ] } },
{ "type": "Feature", "properties": { "fid": 240, "Layer": "0", "PaperSpace": null, "SubClasses": "AcDbEntity:AcDbPolyline", "Linetype": null, "EntityHandle": "11E", "Text": null, "ogr_style": "PEN(c:#000000)", "font": null, "angle": null, "size": null, "size_u": null, "anchor": null, "color": "#000000", "underline": null, "plaintext": null, "fcolor": null, "flnum": null, "bold": null, "italic": null, "dx": null, "dx_u": null, "dy": null, "dy_u": null }, "geometry": { "type": "LineString", "coordinates": [ [ 131.894706171010341, 43.11685767656801 ], [ 131.894629086822817, 43.116624708230574 ], [ 131.894883495869209, 43.116570692298694 ], [ 131.894974021161914, 43.116806132430114 ], [ 131.894706171010341, 43.11685767656801 ] ] } },
{ "type": "Feature", "properties": { "fid": 241, "Layer": "0", "PaperSpace": null, "SubClasses": "AcDbEntity:AcDbPolyline", "Linetype": null, "EntityHandle": "11F", "Text": null, "ogr_style": "PEN(c:#000000)", "font": null, "angle": null, "size": null, "size_u": null, "anchor": null, "color": "#000000", "underline": null, "plaintext": null, "fcolor": null, "flnum": null, "bold": null, "italic": null, "dx": null, "dx_u": null, "dy": null, "dy_u": null }, "geometry": { "type": "LineString", "coordinates": [ [ 131.887487599289017, 43.123271945105721 ], [ 131.887712835378238, 43.12322643469971 ], [ 131.887629152322688, 43.123013782128353 ], [ 131.887549358733509, 43.122785967648689 ], [ 131.887324661879745, 43.122833902546446 ], [ 131.887487599289017, 43.123271945105721 ] ] } },
{ "type": "Feature", "properties": { "fid": 242, "Layer": "0", "PaperSpace": null, "SubClasses": "AcDbEntity:AcDbPolyline", "Linetype": null, "EntityHandle": "120", "Text": null, "ogr_style": "PEN(c:#000000)", "font": null, "angle": null, "size": null, "size_u": null, "anchor": null, "color": "#000000", "underline": null, "plaintext": null, "fcolor": null, "flnum": null, "bold": null, "italic": null, "dx": null, "dx_u": null, "dy": null, "dy_u": null }, "geometry": { "type": "LineString", "coordinates": [ [ 131.891668995871271, 43.118311363635129 ], [ 131.891867923769922, 43.11834973650862 ], [ 131.891927720645924, 43.118187010418133 ], [ 131.891835449011239, 43.118155193514355 ], [ 131.891732766900844, 43.118137975398028 ], [ 131.891668995871271, 43.118311363635129 ] ] } },
{ "type": "Feature", "properties": { "fid": 243, "Layer": "0", "PaperSpace": null, "SubClasses": "AcDbEntity:AcDbPolyline", "Linetype": null, "EntityHandle": "121", "Text": null, "ogr_style": "PEN(c:#000000)", "font": null, "angle": null, "size": null, "size_u": null, "anchor": null, "color": "#000000", "underline": null, "plaintext": null, "fcolor": null, "flnum": null, "bold": null, "italic": null, "dx": null, "dx_u": null, "dy": null, "dy_u": null }, "geometry": { "type": "LineString", "coordinates": [ [ 131.87631356958255, 43.121511574691169 ], [ 131.876341442701204, 43.1215755609661 ], [ 131.876420929630711, 43.121561703701353 ], [ 131.876430959382446, 43.121585275270597 ], [ 131.876466581822086, 43.121662684812691 ], [ 131.876447378427457, 43.121667380036762 ], [ 131.876455220909861, 43.121757312767159 ], [ 131.876456778468025, 43.121761707580539 ], [ 131.876349757427363, 43.121781604668818 ], [ 131.876418174097665, 43.121994870368084 ], [ 131.876433010887439, 43.122038735978691 ], [ 131.876472177415309, 43.122050040639671 ], [ 131.876549646181445, 43.122085440413677 ], [ 131.876619180801612, 43.122117140041297 ], [ 131.876810034994264, 43.122222319948307 ], [ 131.876770563443756, 43.122227400716056 ], [ 131.876682543181317, 43.122277439612326 ], [ 131.876869991393875, 43.122521002685254 ], [ 131.877124874725524, 43.122847592990368 ], [ 131.877155101845119, 43.122893012669536 ], [ 131.87715750758673, 43.12289676878612 ], [ 131.877197236979072, 43.12295082327789 ], [ 131.877273465396343, 43.123037542078713 ], [ 131.877300501567476, 43.123115668502031 ], [ 131.877328073855494, 43.123189648920068 ], [ 131.877270467547078, 43.123204005011935 ], [ 131.877134841944496, 43.123225453092857 ], [ 131.876860532570277, 43.123269099873326 ], [ 131.876730389427735, 43.123288061565127 ], [ 131.876669390058993, 43.123090293027929 ], [ 131.876261548795839, 43.122465871129577 ], [ 131.875984634740973, 43.122195669663007 ], [ 131.87591047018725, 43.121905681521724 ], [ 131.875931777252276, 43.121843177241274 ], [ 131.875985416248739, 43.12175541204973 ], [ 131.875964628502004, 43.121728258920598 ], [ 131.875995262019444, 43.121710666253882 ], [ 131.876164144182866, 43.121563405558817 ], [ 131.876214098695556, 43.121540846428452 ], [ 131.87631356958255, 43.121511574691169 ] ] } },
{ "type": "Feature", "properties": { "fid": 244, "Layer": "0", "PaperSpace": null, "SubClasses": "AcDbEntity:AcDbPolyline", "Linetype": null, "EntityHandle": "122", "Text": null, "ogr_style": "PEN(c:#000000)", "font": null, "angle": null, "size": null, "size_u": null, "anchor": null, "color": "#000000", "underline": null, "plaintext": null, "fcolor": null, "flnum": null, "bold": null, "italic": null, "dx": null, "dx_u": null, "dy": null, "dy_u": null }, "geometry": { "type": "LineString", "coordinates": [ [ 131.878552613116852, 43.113779403837448 ], [ 131.879066651291112, 43.113862576020558 ], [ 131.879066741994166, 43.113854383978008 ], [ 131.87924114348661, 43.113824978670394 ], [ 131.879387111065398, 43.113903156669544 ], [ 131.879565404198075, 43.114202616339313 ], [ 131.879485973340394, 43.114225386440971 ], [ 131.879553586821345, 43.114363678437023 ], [ 131.879625280382925, 43.114347557813254 ], [ 131.879665172440895, 43.114442835516343 ], [ 131.879670079885699, 43.114559261575749 ], [ 131.879456973895429, 43.114614624292372 ], [ 131.878959755950007, 43.114498698601082 ], [ 131.878957324260426, 43.114415641932617 ], [ 131.877696518829623, 43.114326455810172 ], [ 131.877685417082404, 43.11426563009762 ], [ 131.877323916614955, 43.114263896176766 ], [ 131.877100417692674, 43.114237448698297 ], [ 131.877069791967358, 43.114300767856641 ], [ 131.876968576832553, 43.114289102348494 ], [ 131.87687692939565, 43.114257086983251 ], [ 131.876727024255757, 43.114113416724422 ], [ 131.876460064981302, 43.113945549097515 ], [ 131.876588591479418, 43.113789965384989 ], [ 131.876339628758814, 43.113573038367186 ], [ 131.876390742239892, 43.113482058022107 ], [ 131.876523203563863, 43.113489356822832 ], [ 131.876817839579672, 43.11372409295106 ], [ 131.877257985667768, 43.113798210967325 ], [ 131.878234905714208, 43.113825834830074 ], [ 131.878552613116852, 43.113779403837448 ] ] } },
{ "type": "Feature", "properties": { "fid": 245, "Layer": "0", "PaperSpace": null, "SubClasses": "AcDbEntity:AcDbPolyline", "Linetype": null, "EntityHandle": "123", "Text": null, "ogr_style": "PEN(c:#000000)", "font": null, "angle": null, "size": null, "size_u": null, "anchor": null, "color": "#000000", "underline": null, "plaintext": null, "fcolor": null, "flnum": null, "bold": null, "italic": null, "dx": null, "dx_u": null, "dy": null, "dy_u": null }, "geometry": { "type": "LineString", "coordinates": [ [ 131.906840438989178, 43.117676713664807 ], [ 131.906816938019233, 43.117579924913443 ], [ 131.906671463480563, 43.117453350338906 ], [ 131.906658135629243, 43.117361586462096 ], [ 131.906702151964311, 43.117299650420698 ], [ 131.906830038908907, 43.117247823646437 ], [ 131.907491400112548, 43.117270557740405 ], [ 131.907504426624911, 43.117321369101099 ], [ 131.907511468617031, 43.117342358680695 ], [ 131.90754747681288, 43.117482132987803 ], [ 131.907685728550547, 43.117571966623558 ], [ 131.907800034010108, 43.117896891161429 ], [ 131.907764644002185, 43.117909411151629 ], [ 131.907718269301455, 43.117925735955353 ], [ 131.907707338434392, 43.117951323170402 ], [ 131.907644982401564, 43.117973575049049 ], [ 131.907595246428116, 43.117993985332156 ], [ 131.907536074221611, 43.118028355665466 ], [ 131.907467688736858, 43.118075513555667 ], [ 131.907455796970623, 43.11807689746405 ], [ 131.907700806023087, 43.118558523396999 ], [ 131.907694640918152, 43.118557417401242 ], [ 131.907572996279811, 43.118544731447855 ], [ 131.907361175493264, 43.118520021878666 ], [ 131.907062494195515, 43.118495855410174 ], [ 131.906833917786315, 43.118481490529476 ], [ 131.906792950037499, 43.118478856165709 ], [ 131.906807678501735, 43.1183004788546 ], [ 131.90659384999924, 43.118298921875088 ], [ 131.906916856458849, 43.117720654971663 ], [ 131.906840438989178, 43.117676713664807 ] ] } },
{ "type": "Feature", "properties": { "fid": 246, "Layer": "0", "PaperSpace": null, "SubClasses": "AcDbEntity:AcDbPolyline", "Linetype": null, "EntityHandle": "124", "Text": null, "ogr_style": "PEN(c:#000000)", "font": null, "angle": null, "size": null, "size_u": null, "anchor": null, "color": "#000000", "underline": null, "plaintext": null, "fcolor": null, "flnum": null, "bold": null, "italic": null, "dx": null, "dx_u": null, "dy": null, "dy_u": null }, "geometry": { "type": "LineString", "coordinates": [ [ 131.885140847568636, 43.115693317793479 ], [ 131.885833402749455, 43.115561667628405 ], [ 131.885712585664891, 43.115211043833725 ], [ 131.885020281545195, 43.11534278071877 ], [ 131.885140847568636, 43.115693317793479 ] ] } },
{ "type": "Feature", "properties": { "fid": 247, "Layer": "0", "PaperSpace": null, "SubClasses": "AcDbEntity:AcDbPolyline", "Linetype": null, "EntityHandle": "125", "Text": null, "ogr_style": "PEN(c:#000000)", "font": null, "angle": null, "size": null, "size_u": null, "anchor": null, "color": "#000000", "underline": null, "plaintext": null, "fcolor": null, "flnum": null, "bold": null, "italic": null, "dx": null, "dx_u": null, "dy": null, "dy_u": null }, "geometry": { "type": "LineString", "coordinates": [ [ 131.883289029916455, 43.112202180013441 ], [ 131.883483608728483, 43.112530361584163 ], [ 131.883968171275455, 43.11237509957499 ], [ 131.883770268419028, 43.112040201796525 ], [ 131.883289029916455, 43.112202180013441 ] ] } },
{ "type": "Feature", "properties": { "fid": 248, "Layer": "0", "PaperSpace": null, "SubClasses": "AcDbEntity:AcDbPolyline", "Linetype": null, "EntityHandle": "126", "Text": null, "ogr_style": "PEN(c:#000000)", "font": null, "angle": null, "size": null, "size_u": null, "anchor": null, "color": "#000000", "underline": null, "plaintext": null, "fcolor": null, "flnum": null, "bold": null, "italic": null, "dx": null, "dx_u": null, "dy": null, "dy_u": null }, "geometry": { "type": "LineString", "coordinates": [ [ 131.89990676565003, 43.116316068266073 ], [ 131.899930054285534, 43.116319517978951 ], [ 131.899947335694407, 43.116323659885133 ], [ 131.90015245649505, 43.116371045568492 ], [ 131.900218021929987, 43.116241109937796 ], [ 131.900195539458849, 43.116234861566895 ], [ 131.899971684389612, 43.116184429228461 ], [ 131.89990676565003, 43.116316068266073 ] ] } },
{ "type": "Feature", "properties": { "fid": 249, "Layer": "0", "PaperSpace": null, "SubClasses": "AcDbEntity:AcDbPolyline", "Linetype": null, "EntityHandle": "127", "Text": null, "ogr_style": "PEN(c:#000000)", "font": null, "angle": null, "size": null, "size_u": null, "anchor": null, "color": "#000000", "underline": null, "plaintext": null, "fcolor": null, "flnum": null, "bold": null, "italic": null, "dx": null, "dx_u": null, "dy": null, "dy_u": null }, "geometry": { "type": "LineString", "coordinates": [ [ 131.899905309992221, 43.116081061354969 ], [ 131.900232845939087, 43.116155985072801 ], [ 131.90025102684541, 43.116117541840502 ], [ 131.900273219660761, 43.116070505949253 ], [ 131.900275466977746, 43.116065982094426 ], [ 131.900303676774342, 43.116006012215699 ], [ 131.900304149071303, 43.116005017196201 ], [ 131.899967947194313, 43.115926672805962 ], [ 131.899943666361764, 43.115986511967215 ], [ 131.899905309992221, 43.116081061354969 ] ] } },
{ "type": "Feature", "properties": { "fid": 250, "Layer": "0", "PaperSpace": null, "SubClasses": "AcDbEntity:AcDbPolyline", "Linetype": null, "EntityHandle": "128", "Text": null, "ogr_style": "PEN(c:#000000)", "font": null, "angle": null, "size": null, "size_u": null, "anchor": null, "color": "#000000", "underline": null, "plaintext": null, "fcolor": null, "flnum": null, "bold": null, "italic": null, "dx": null, "dx_u": null, "dy": null, "dy_u": null }, "geometry": { "type": "LineString", "coordinates": [ [ 131.899324381615799, 43.116016856670342 ], [ 131.899518221630814, 43.116059139362186 ], [ 131.899534137793552, 43.116062575344124 ], [ 131.899549697800808, 43.116021999017718 ], [ 131.8995824543683, 43.115936508853977 ], [ 131.899586199901705, 43.115926838828301 ], [ 131.899600939803577, 43.115888341252727 ], [ 131.899393327966777, 43.115845480930027 ], [ 131.899324381615799, 43.116016856670342 ] ] } },
{ "type": "Feature", "properties": { "fid": 251, "Layer": "0", "PaperSpace": null, "SubClasses": "AcDbEntity:AcDbPolyline", "Linetype": null, "EntityHandle": "129", "Text": null, "ogr_style": "PEN(c:#000000)", "font": null, "angle": null, "size": null, "size_u": null, "anchor": null, "color": "#000000", "underline": null, "plaintext": null, "fcolor": null, "flnum": null, "bold": null, "italic": null, "dx": null, "dx_u": null, "dy": null, "dy_u": null }, "geometry": { "type": "LineString", "coordinates": [ [ 131.899202720677152, 43.115990210069576 ], [ 131.899269350774006, 43.116004823638676 ], [ 131.899324381615799, 43.116016856670342 ], [ 131.899393327966777, 43.115845480930027 ], [ 131.899269599799595, 43.115819935910409 ], [ 131.899240550319291, 43.115893776100201 ], [ 131.899210566538159, 43.115970146278919 ], [ 131.899202720677152, 43.115990210069576 ] ] } },
{ "type": "Feature", "properties": { "fid": 252, "Layer": "0", "PaperSpace": null, "SubClasses": "AcDbEntity:AcDbPolyline", "Linetype": null, "EntityHandle": "12A", "Text": null, "ogr_style": "PEN(c:#000000)", "font": null, "angle": null, "size": null, "size_u": null, "anchor": null, "color": "#000000", "underline": null, "plaintext": null, "fcolor": null, "flnum": null, "bold": null, "italic": null, "dx": null, "dx_u": null, "dy": null, "dy_u": null }, "geometry": { "type": "LineString", "coordinates": [ [ 131.93679745429165, 43.116508106230881 ], [ 131.936658778442052, 43.116504093934687 ], [ 131.936557024441043, 43.11633613581381 ], [ 131.93672273553716, 43.116247597549837 ], [ 131.936849047545877, 43.116179731869096 ], [ 131.936905436660339, 43.116148436476351 ], [ 131.936995910385662, 43.116101115484042 ], [ 131.937214876043811, 43.115965832374911 ], [ 131.937209367278655, 43.115960670422623 ], [ 131.937303351033307, 43.115910701397937 ], [ 131.937454983276695, 43.116035010974777 ], [ 131.937361520091372, 43.116074083099051 ], [ 131.937214563566329, 43.116154141146843 ], [ 131.937100841496971, 43.11623105420734 ], [ 131.936983423486936, 43.116332219835733 ], [ 131.936898571673197, 43.116421336524986 ], [ 131.93679745429165, 43.116508106230881 ] ] } },
{ "type": "Feature", "properties": { "fid": 253, "Layer": "0", "PaperSpace": null, "SubClasses": "AcDbEntity:AcDbPolyline", "Linetype": null, "EntityHandle": "12B", "Text": null, "ogr_style": "PEN(c:#000000)", "font": null, "angle": null, "size": null, "size_u": null, "anchor": null, "color": "#000000", "underline": null, "plaintext": null, "fcolor": null, "flnum": null, "bold": null, "italic": null, "dx": null, "dx_u": null, "dy": null, "dy_u": null }, "geometry": { "type": "LineString", "coordinates": [ [ 131.881656590299912, 43.113012357960784 ], [ 131.88169963940436, 43.113137936989148 ], [ 131.881839113953731, 43.113119864775634 ], [ 131.88191515176311, 43.113319908092087 ], [ 131.881500416969999, 43.113393799653686 ], [ 131.881396613237541, 43.11305766997188 ], [ 131.881656590299912, 43.113012357960784 ] ] } },
{ "type": "Feature", "properties": { "fid": 254, "Layer": "0", "PaperSpace": null, "SubClasses": "AcDbEntity:AcDbPolyline", "Linetype": null, "EntityHandle": "12C", "Text": null, "ogr_style": "PEN(c:#000000)", "font": null, "angle": null, "size": null, "size_u": null, "anchor": null, "color": "#000000", "underline": null, "plaintext": null, "fcolor": null, "flnum": null, "bold": null, "italic": null, "dx": null, "dx_u": null, "dy": null, "dy_u": null }, "geometry": { "type": "LineString", "coordinates": [ [ 131.881901308435062, 43.113600527436468 ], [ 131.881985771550205, 43.113778341873996 ], [ 131.881641373328307, 43.113848997377076 ], [ 131.881567272220423, 43.113660365747329 ], [ 131.881901308435062, 43.113600527436468 ] ] } },
{ "type": "Feature", "properties": { "fid": 255, "Layer": "0", "PaperSpace": null, "SubClasses": "AcDbEntity:AcDbPolyline", "Linetype": null, "EntityHandle": "12D", "Text": null, "ogr_style": "PEN(c:#000000)", "font": null, "angle": null, "size": null, "size_u": null, "anchor": null, "color": "#000000", "underline": null, "plaintext": null, "fcolor": null, "flnum": null, "bold": null, "italic": null, "dx": null, "dx_u": null, "dy": null, "dy_u": null }, "geometry": { "type": "LineString", "coordinates": [ [ 131.882569328724884, 43.11514823640055 ], [ 131.882699946014156, 43.115537108929125 ], [ 131.882288798930006, 43.115606556185917 ], [ 131.882147107843622, 43.115223196701834 ], [ 131.882569328724884, 43.11514823640055 ] ] } },
{ "type": "Feature", "properties": { "fid": 256, "Layer": "0", "PaperSpace": null, "SubClasses": "AcDbEntity:AcDbPolyline", "Linetype": null, "EntityHandle": "12E", "Text": null, "ogr_style": "PEN(c:#000000)", "font": null, "angle": null, "size": null, "size_u": null, "anchor": null, "color": "#000000", "underline": null, "plaintext": null, "fcolor": null, "flnum": null, "bold": null, "italic": null, "dx": null, "dx_u": null, "dy": null, "dy_u": null }, "geometry": { "type": "LineString", "coordinates": [ [ 131.913498177446115, 43.112056135875015 ], [ 131.913433579443449, 43.111893529152979 ], [ 131.913355419730465, 43.111696949547252 ], [ 131.913297804400173, 43.111552182165767 ], [ 131.912952278904811, 43.111638155764091 ], [ 131.913071926373902, 43.111952668078878 ], [ 131.912606100350672, 43.112050339639929 ], [ 131.912490720369703, 43.111752974593806 ], [ 131.912026836718923, 43.111868355921054 ], [ 131.911798520675347, 43.111941940188437 ], [ 131.911626617461849, 43.112003953475956 ], [ 131.911386971935002, 43.112139403641422 ], [ 131.911282570840058, 43.112273621646139 ], [ 131.911275654890744, 43.112347593916361 ], [ 131.911281036713945, 43.11238426274565 ], [ 131.911328622679406, 43.112499971849829 ], [ 131.911356760251749, 43.112512729897603 ], [ 131.913498177446115, 43.112056135875015 ] ] } },
{ "type": "Feature", "properties": { "fid": 257, "Layer": "0", "PaperSpace": null, "SubClasses": "AcDbEntity:AcDbPolyline", "Linetype": null, "EntityHandle": "12F", "Text": null, "ogr_style": "PEN(c:#000000)", "font": null, "angle": null, "size": null, "size_u": null, "anchor": null, "color": "#000000", "underline": null, "plaintext": null, "fcolor": null, "flnum": null, "bold": null, "italic": null, "dx": null, "dx_u": null, "dy": null, "dy_u": null }, "geometry": { "type": "LineString", "coordinates": [ [ 131.911002118211258, 43.113495134900624 ], [ 131.910933657012521, 43.113342108414713 ], [ 131.910710466514104, 43.113395294243439 ], [ 131.910637977587953, 43.113205674609588 ], [ 131.910574425977217, 43.113134507838396 ], [ 131.910541724851498, 43.113108205355459 ], [ 131.910786936921141, 43.112974409124824 ], [ 131.910985442982479, 43.1128839456401 ], [ 131.91132541219045, 43.112726566248064 ], [ 131.9114481595021, 43.112682799034921 ], [ 131.911491743001875, 43.112731670735741 ], [ 131.911573529328763, 43.112805436991408 ], [ 131.911699185949516, 43.113119617908325 ], [ 131.911496267471875, 43.113160081878434 ], [ 131.911504307017708, 43.113181780908654 ], [ 131.91129329142646, 43.113222869130354 ], [ 131.911364333152619, 43.113407462766617 ], [ 131.911321651770294, 43.113417629647763 ], [ 131.911191486039826, 43.113446442107438 ], [ 131.911038429623972, 43.113485934741568 ], [ 131.911002118211258, 43.113495134900624 ] ] } },
{ "type": "Feature", "properties": { "fid": 258, "Layer": "0", "PaperSpace": null, "SubClasses": "AcDbEntity:AcDbPolyline", "Linetype": null, "EntityHandle": "130", "Text": null, "ogr_style": "PEN(c:#000000)", "font": null, "angle": null, "size": null, "size_u": null, "anchor": null, "color": "#000000", "underline": null, "plaintext": null, "fcolor": null, "flnum": null, "bold": null, "italic": null, "dx": null, "dx_u": null, "dy": null, "dy_u": null }, "geometry": { "type": "LineString", "coordinates": [ [ 131.913469529975345, 43.112534310608041 ], [ 131.913334104783218, 43.112160555626424 ], [ 131.913932778520348, 43.112033227505371 ], [ 131.913947295541817, 43.112072050945017 ], [ 131.914139920413078, 43.112033220543935 ], [ 131.914216130016399, 43.112224149231473 ], [ 131.91413011533885, 43.112242421645426 ], [ 131.914183023497287, 43.112372475830774 ], [ 131.913469529975345, 43.112534310608041 ] ] } },
{ "type": "Feature", "properties": { "fid": 259, "Layer": "0", "PaperSpace": null, "SubClasses": "AcDbEntity:AcDbPolyline", "Linetype": null, "EntityHandle": "131", "Text": null, "ogr_style": "PEN(c:#000000)", "font": null, "angle": null, "size": null, "size_u": null, "anchor": null, "color": "#000000", "underline": null, "plaintext": null, "fcolor": null, "flnum": null, "bold": null, "italic": null, "dx": null, "dx_u": null, "dy": null, "dy_u": null }, "geometry": { "type": "LineString", "coordinates": [ [ 131.901861521140944, 43.113070611619634 ], [ 131.905587231954115, 43.11211411131076 ], [ 131.906287625327508, 43.111966503761657 ], [ 131.907141645226602, 43.111961223598968 ], [ 131.907824264082052, 43.111682913669505 ], [ 131.907838430100838, 43.111653152179692 ], [ 131.909916805370727, 43.110816439269797 ], [ 131.912017253165828, 43.110567688423188 ], [ 131.914728558838362, 43.110156784500212 ], [ 131.918812892012227, 43.108912469847851 ], [ 131.918727133255118, 43.108761429875351 ], [ 131.918881139117985, 43.108714805999881 ], [ 131.918969102962961, 43.108878064365712 ], [ 131.919263947546852, 43.108808807384428 ], [ 131.919350789634848, 43.109040216556387 ], [ 131.91937774638032, 43.109231119398601 ], [ 131.91934628489139, 43.109324702778061 ], [ 131.919351052780428, 43.109373709376484 ], [ 131.919359368101567, 43.109459583736964 ], [ 131.919392615574026, 43.10971450920669 ], [ 131.919439755907092, 43.109712663594081 ], [ 131.919486176876489, 43.109711725645703 ], [ 131.919538967388206, 43.109709820607236 ], [ 131.919606630386511, 43.109701998429124 ], [ 131.919614000106577, 43.109827398102375 ], [ 131.919696981134052, 43.110720977922256 ], [ 131.919506146354649, 43.110731625020733 ], [ 131.91946334262164, 43.110729104494162 ], [ 131.919454146069597, 43.110730011260841 ], [ 131.918164887589143, 43.111013050872074 ], [ 131.917639921640358, 43.111126485868965 ], [ 131.917263831743782, 43.111213423314815 ], [ 131.916841350172774, 43.111302916333557 ], [ 131.916893832899746, 43.11142352245065 ], [ 131.91670316679847, 43.111468097734139 ], [ 131.916204399765093, 43.111577110854938 ], [ 131.916020353564107, 43.111627286386437 ], [ 131.915694625147836, 43.111695058333019 ], [ 131.91558401858569, 43.111718540165569 ], [ 131.915522968404218, 43.11173169142856 ], [ 131.915460781074358, 43.111743234349788 ], [ 131.915396784571783, 43.111756506420718 ], [ 131.915009684996249, 43.111839951286022 ], [ 131.914320021151696, 43.111988490063808 ], [ 131.914166352770735, 43.112027813264525 ], [ 131.914139920413078, 43.112033220543935 ], [ 131.914216130016399, 43.112224149231473 ], [ 131.91413011533885, 43.112242421645426 ], [ 131.914183023497287, 43.112372475830774 ], [ 131.914203424570985, 43.112416908437545 ], [ 131.91441335768792, 43.112875034188875 ], [ 131.914433099293831, 43.112929735049882 ], [ 131.914420185630149, 43.112985767817804 ], [ 131.912089425058269, 43.113506195465582 ], [ 131.911853740812205, 43.113555013415414 ], [ 131.911831947417397, 43.113558931517652 ], [ 131.911826076498983, 43.113541350428051 ], [ 131.911146472669174, 43.113715778548659 ], [ 131.911140205078368, 43.113703062226016 ], [ 131.911125115135832, 43.113672615558016 ], [ 131.911049834678835, 43.113510119021775 ], [ 131.911041247552504, 43.113491846141244 ], [ 131.911038429623972, 43.113485934741568 ], [ 131.911002118211258, 43.113495134900624 ], [ 131.910933657012521, 43.113342108414713 ], [ 131.910710466514104, 43.113395294243439 ], [ 131.910637977587953, 43.113205674609588 ], [ 131.910574425977217, 43.113134507838396 ], [ 131.910541724851498, 43.113108205355459 ], [ 131.910365296252792, 43.113203118427514 ], [ 131.910130606174221, 43.113334733741226 ], [ 131.909428532502545, 43.113725145374957 ], [ 131.909385380894747, 43.113749088310094 ], [ 131.909296569605374, 43.113800690771207 ], [ 131.90925984098385, 43.113820066110172 ], [ 131.909185529040514, 43.113859095695624 ], [ 131.909110613289897, 43.113898671597696 ], [ 131.909073638872542, 43.113918049437814 ], [ 131.909062087965481, 43.113924290623196 ], [ 131.908930573618534, 43.113997670628315 ], [ 131.908856820727323, 43.114040204653314 ], [ 131.908714074521072, 43.114117301905495 ], [ 131.908658994115626, 43.114147039589639 ], [ 131.908542685324591, 43.114212609728511 ], [ 131.90842637453801, 43.114278089757264 ], [ 131.908403753335904, 43.114290026917395 ], [ 131.908356080298944, 43.114315276718308 ], [ 131.908315823632904, 43.114336488736043 ], [ 131.908225293686201, 43.114394589140758 ], [ 131.908182698195048, 43.11442824715359 ], [ 131.908126822877392, 43.11448670676446 ], [ 131.908076677755929, 43.114555548113636 ], [ 131.908037599288463, 43.114618513449983 ], [ 131.908027875918549, 43.114649308848755 ], [ 131.908008638611392, 43.114721698932634 ], [ 131.908004483838937, 43.11479888267786 ], [ 131.907983439187689, 43.114885783541375 ], [ 131.907978873304614, 43.114967112126301 ], [ 131.907814573585426, 43.115048033103569 ], [ 131.907220882039013, 43.115200030735259 ], [ 131.907033970621058, 43.115223758012206 ], [ 131.906988974775686, 43.115171658879831 ], [ 131.906634461949267, 43.11497281811409 ], [ 131.906576369182233, 43.114954969638703 ], [ 131.906543387803254, 43.114971244725545 ], [ 131.906542795589928, 43.114991413625795 ], [ 131.906423573340305, 43.114989232677928 ], [ 131.906367469848789, 43.114775946827478 ], [ 131.906341238063249, 43.114709340420696 ], [ 131.906301857833654, 43.114610916338236 ], [ 131.906146936897926, 43.11463691997227 ], [ 131.906157671133627, 43.114651930460965 ], [ 131.906072938230977, 43.114685935638235 ], [ 131.906067179516015, 43.114680414729477 ], [ 131.905888100487601, 43.114759596289879 ], [ 131.905880594132526, 43.114752653336339 ], [ 131.905347108372496, 43.114987366954288 ], [ 131.905365788081269, 43.115089156806512 ], [ 131.905111517885359, 43.115130502876113 ], [ 131.904759504407764, 43.115181234295903 ], [ 131.904613379952792, 43.115198413343428 ], [ 131.904551153321393, 43.115233623963263 ], [ 131.904552925044641, 43.115248997667059 ], [ 131.904487672383567, 43.115254805657671 ], [ 131.904491363297097, 43.115274119981386 ], [ 131.904440529374597, 43.115275817749207 ], [ 131.904424075520581, 43.115276348568969 ], [ 131.904204773822499, 43.115283485086493 ], [ 131.90416963581049, 43.115283579663867 ], [ 131.904135864754664, 43.115252695834101 ], [ 131.9040774537321, 43.115199294554465 ], [ 131.904129161821373, 43.115153841925427 ], [ 131.904111907994746, 43.115132057963415 ], [ 131.904094154115171, 43.115109829125899 ], [ 131.903982708086886, 43.114969666182645 ], [ 131.903915939869108, 43.114890698029811 ], [ 131.903930092028901, 43.114885510524779 ], [ 131.903680110405872, 43.114595653838045 ], [ 131.903284684580484, 43.114523334174976 ], [ 131.902893751921823, 43.114480040529855 ], [ 131.902776015939423, 43.114344802249448 ], [ 131.902631019316829, 43.114133966009206 ], [ 131.902578276075019, 43.114113089655696 ], [ 131.90247828656436, 43.113923299747867 ], [ 131.902436287603479, 43.113879808931102 ], [ 131.902344834880466, 43.113750328680879 ], [ 131.902114604356996, 43.113693845722509 ], [ 131.901861521140944, 43.113070611619634 ] ] } },
{ "type": "Feature", "properties": { "fid": 260, "Layer": "0", "PaperSpace": null, "SubClasses": "AcDbEntity:AcDbPolyline", "Linetype": null, "EntityHandle": "132", "Text": null, "ogr_style": "PEN(c:#000000)", "font": null, "angle": null, "size": null, "size_u": null, "anchor": null, "color": "#000000", "underline": null, "plaintext": null, "fcolor": null, "flnum": null, "bold": null, "italic": null, "dx": null, "dx_u": null, "dy": null, "dy_u": null }, "geometry": { "type": "LineString", "coordinates": [ [ 131.885688913217933, 43.116155694487674 ], [ 131.88634026640915, 43.116021671745003 ], [ 131.886244725174066, 43.11574685058293 ], [ 131.885600032216274, 43.115882064927249 ], [ 131.885688913217933, 43.116155694487674 ] ] } },
{ "type": "Feature", "properties": { "fid": 261, "Layer": "0", "PaperSpace": null, "SubClasses": "AcDbEntity:AcDbPolyline", "Linetype": null, "EntityHandle": "133", "Text": null, "ogr_style": "PEN(c:#000000)", "font": null, "angle": null, "size": null, "size_u": null, "anchor": null, "color": "#000000", "underline": null, "plaintext": null, "fcolor": null, "flnum": null, "bold": null, "italic": null, "dx": null, "dx_u": null, "dy": null, "dy_u": null }, "geometry": { "type": "LineString", "coordinates": [ [ 131.877076208743318, 43.125324771349085 ], [ 131.877151706173521, 43.125301142706533 ], [ 131.877402186128307, 43.12527708953909 ], [ 131.877439114552516, 43.125345394251809 ], [ 131.87743704773257, 43.125411574146312 ], [ 131.877327421854233, 43.125606032123322 ], [ 131.876908227619964, 43.125559155935385 ], [ 131.876882322513779, 43.125579941337804 ], [ 131.876697255350166, 43.125560484545218 ], [ 131.876676476065313, 43.125436298380976 ], [ 131.877043995178497, 43.125317356939441 ], [ 131.877076208743318, 43.125324771349085 ] ] } },
{ "type": "Feature", "properties": { "fid": 262, "Layer": "0", "PaperSpace": null, "SubClasses": "AcDbEntity:AcDbPolyline", "Linetype": null, "EntityHandle": "134", "Text": null, "ogr_style": "PEN(c:#000000)", "font": null, "angle": null, "size": null, "size_u": null, "anchor": null, "color": "#000000", "underline": null, "plaintext": null, "fcolor": null, "flnum": null, "bold": null, "italic": null, "dx": null, "dx_u": null, "dy": null, "dy_u": null }, "geometry": { "type": "LineString", "coordinates": [ [ 131.890541578078853, 43.116148147692506 ], [ 131.890478452211283, 43.116265361057764 ], [ 131.890318451986559, 43.116219025500733 ], [ 131.890381702679747, 43.116101900954554 ], [ 131.890541578078853, 43.116148147692506 ] ] } },
{ "type": "Feature", "properties": { "fid": 263, "Layer": "0", "PaperSpace": null, "SubClasses": "AcDbEntity:AcDbPolyline", "Linetype": null, "EntityHandle": "135", "Text": null, "ogr_style": "PEN(c:#000000)", "font": null, "angle": null, "size": null, "size_u": null, "anchor": null, "color": "#000000", "underline": null, "plaintext": null, "fcolor": null, "flnum": null, "bold": null, "italic": null, "dx": null, "dx_u": null, "dy": null, "dy_u": null }, "geometry": { "type": "LineString", "coordinates": [ [ 131.879280221194506, 43.116571127033033 ], [ 131.879408598683028, 43.11692699150251 ], [ 131.880132455355579, 43.11679235744846 ], [ 131.880128029693736, 43.116779260649075 ], [ 131.880076076734809, 43.116637659423255 ], [ 131.88007334184843, 43.116629496108459 ], [ 131.88007738382322, 43.116628824932391 ], [ 131.880040494179724, 43.116536487295171 ], [ 131.880069808336742, 43.116527278081278 ], [ 131.880025836470367, 43.116430781856742 ], [ 131.879374606346005, 43.116552795774375 ], [ 131.879280221194506, 43.116571127033033 ] ] } },
{ "type": "Feature", "properties": { "fid": 264, "Layer": "0", "PaperSpace": null, "SubClasses": "AcDbEntity:AcDbPolyline", "Linetype": null, "EntityHandle": "136", "Text": null, "ogr_style": "PEN(c:#000000)", "font": null, "angle": null, "size": null, "size_u": null, "anchor": null, "color": "#000000", "underline": null, "plaintext": null, "fcolor": null, "flnum": null, "bold": null, "italic": null, "dx": null, "dx_u": null, "dy": null, "dy_u": null }, "geometry": { "type": "LineString", "coordinates": [ [ 131.875367359193376, 43.114938021899434 ], [ 131.875494499555174, 43.115047359707781 ], [ 131.875704641216515, 43.114828121970007 ], [ 131.875676132773066, 43.114814908841545 ], [ 131.875526855981406, 43.114737029661036 ], [ 131.875505722046739, 43.114736973625376 ], [ 131.875461995752374, 43.114770270878822 ], [ 131.875443267009189, 43.114793503667642 ], [ 131.875423335295835, 43.114818098818283 ], [ 131.875367359193376, 43.114938021899434 ] ] } },
{ "type": "Feature", "properties": { "fid": 265, "Layer": "0", "PaperSpace": null, "SubClasses": "AcDbEntity:AcDbPolyline", "Linetype": null, "EntityHandle": "137", "Text": null, "ogr_style": "PEN(c:#000000)", "font": null, "angle": null, "size": null, "size_u": null, "anchor": null, "color": "#000000", "underline": null, "plaintext": null, "fcolor": null, "flnum": null, "bold": null, "italic": null, "dx": null, "dx_u": null, "dy": null, "dy_u": null }, "geometry": { "type": "LineString", "coordinates": [ [ 131.90893630848808, 43.118970605842513 ], [ 131.908970593214349, 43.118958097006889 ], [ 131.908984214281361, 43.118950844132378 ], [ 131.909150932345085, 43.118911751978956 ], [ 131.909226280515696, 43.118894134540405 ], [ 131.909160252512237, 43.118771595908107 ], [ 131.909056470669185, 43.118558808338783 ], [ 131.90877137026061, 43.118632978161493 ], [ 131.90893630848808, 43.118970605842513 ] ] } },
{ "type": "Feature", "properties": { "fid": 266, "Layer": "0", "PaperSpace": null, "SubClasses": "AcDbEntity:AcDbPolyline", "Linetype": null, "EntityHandle": "138", "Text": null, "ogr_style": "PEN(c:#000000)", "font": null, "angle": null, "size": null, "size_u": null, "anchor": null, "color": "#000000", "underline": null, "plaintext": null, "fcolor": null, "flnum": null, "bold": null, "italic": null, "dx": null, "dx_u": null, "dy": null, "dy_u": null }, "geometry": { "type": "LineString", "coordinates": [ [ 131.882766615058586, 43.116958353582589 ], [ 131.883175445714528, 43.116908820933773 ], [ 131.883385960952438, 43.116897943775648 ], [ 131.883179123950839, 43.116345576662304 ], [ 131.882590656357564, 43.116459498108433 ], [ 131.882766615058586, 43.116958353582589 ] ] } },
{ "type": "Feature", "properties": { "fid": 267, "Layer": "0", "PaperSpace": null, "SubClasses": "AcDbEntity:AcDbPolyline", "Linetype": null, "EntityHandle": "139", "Text": null, "ogr_style": "PEN(c:#000000)", "font": null, "angle": null, "size": null, "size_u": null, "anchor": null, "color": "#000000", "underline": null, "plaintext": null, "fcolor": null, "flnum": null, "bold": null, "italic": null, "dx": null, "dx_u": null, "dy": null, "dy_u": null }, "geometry": { "type": "LineString", "coordinates": [ [ 131.900860960445442, 43.115391854269753 ], [ 131.900917802786097, 43.115408638441018 ], [ 131.900869875573562, 43.115510128128761 ], [ 131.900821222302056, 43.115497489776104 ], [ 131.90081310358147, 43.115516116305301 ], [ 131.900707936885652, 43.115491010866307 ], [ 131.900718110994461, 43.115470652846042 ], [ 131.900639591134023, 43.115451122440781 ], [ 131.90062748968694, 43.115473480662985 ], [ 131.900474351840586, 43.115439239973917 ], [ 131.900483664387991, 43.115418800874096 ], [ 131.900403286420669, 43.115398479416697 ], [ 131.900394418390135, 43.115416483581392 ], [ 131.900312850184719, 43.115398154641092 ], [ 131.900320863543556, 43.115380429359107 ], [ 131.899937944433788, 43.11528132515398 ], [ 131.899629620197715, 43.115208452293913 ], [ 131.899693806114271, 43.11506430926147 ], [ 131.90000292916298, 43.115140414132753 ], [ 131.900080064243809, 43.114992446485061 ], [ 131.900043496821752, 43.11498211315368 ], [ 131.900058179267603, 43.114947036573781 ], [ 131.900220408507295, 43.115000446426144 ], [ 131.900119723503082, 43.115207885765955 ], [ 131.900315458153756, 43.115259328772815 ], [ 131.900446034841735, 43.114983620815593 ], [ 131.900696117391448, 43.115043592228623 ], [ 131.900561257847102, 43.115320154883285 ], [ 131.900706095949715, 43.115357271707936 ], [ 131.900697304015893, 43.115372844778022 ], [ 131.900750289607174, 43.115387148591985 ], [ 131.900776568203582, 43.115335389687239 ], [ 131.900755464697369, 43.115324176483249 ], [ 131.900776363180199, 43.115286515155432 ], [ 131.900847679621393, 43.115136356894006 ], [ 131.901028223514487, 43.115183725289555 ], [ 131.900940313762305, 43.11537177050797 ], [ 131.900881653108229, 43.115356265334668 ], [ 131.900860960445442, 43.115391854269753 ] ] } },
{ "type": "Feature", "properties": { "fid": 268, "Layer": "0", "PaperSpace": null, "SubClasses": "AcDbEntity:AcDbPolyline", "Linetype": null, "EntityHandle": "13A", "Text": null, "ogr_style": "PEN(c:#000000)", "font": null, "angle": null, "size": null, "size_u": null, "anchor": null, "color": "#000000", "underline": null, "plaintext": null, "fcolor": null, "flnum": null, "bold": null, "italic": null, "dx": null, "dx_u": null, "dy": null, "dy_u": null }, "geometry": { "type": "LineString", "coordinates": [ [ 131.893011424537121, 43.114894389549917 ], [ 131.89309113790398, 43.115091867195424 ], [ 131.8928470439036, 43.115138932202335 ], [ 131.892775284455382, 43.114946143296841 ], [ 131.892838272951593, 43.114899049621847 ], [ 131.892947470277647, 43.114878214616724 ], [ 131.893011424537121, 43.114894389549917 ] ] } },
{ "type": "Feature", "properties": { "fid": 269, "Layer": "0", "PaperSpace": null, "SubClasses": "AcDbEntity:AcDbPolyline", "Linetype": null, "EntityHandle": "13B", "Text": null, "ogr_style": "PEN(c:#000000)", "font": null, "angle": null, "size": null, "size_u": null, "anchor": null, "color": "#000000", "underline": null, "plaintext": null, "fcolor": null, "flnum": null, "bold": null, "italic": null, "dx": null, "dx_u": null, "dy": null, "dy_u": null }, "geometry": { "type": "LineString", "coordinates": [ [ 131.890271313804504, 43.120857298878441 ], [ 131.890497854438451, 43.120822751094813 ], [ 131.890523875596955, 43.120756955315194 ], [ 131.89051481726645, 43.120726624107668 ], [ 131.890784589261784, 43.120678130485743 ], [ 131.89076684024721, 43.120623855204563 ], [ 131.890759929850759, 43.120603043271949 ], [ 131.890723134593117, 43.120490905517634 ], [ 131.890690446249323, 43.120387906861623 ], [ 131.890679865490398, 43.120355070941947 ], [ 131.890665406476529, 43.120312193440078 ], [ 131.890547711258307, 43.120319701612701 ], [ 131.890507868449788, 43.120324520890939 ], [ 131.890380810109576, 43.120350037358037 ], [ 131.890292584184323, 43.120369304660954 ], [ 131.89022918724595, 43.120382556503692 ], [ 131.890180262831109, 43.120394399736078 ], [ 131.890146987133789, 43.120408512816084 ], [ 131.890105179747337, 43.120432704721566 ], [ 131.890063229795402, 43.120462298805322 ], [ 131.890053312334743, 43.120470591601233 ], [ 131.890084306056167, 43.120497817545427 ], [ 131.890097139910267, 43.12052639984433 ], [ 131.890068029853609, 43.120533449237129 ], [ 131.890069090058716, 43.120537488915389 ], [ 131.890122730040275, 43.12072740472037 ], [ 131.89013578332569, 43.120773897190205 ], [ 131.890172027590467, 43.120767224685743 ], [ 131.890188966023146, 43.120824118724208 ], [ 131.890215757461846, 43.12081790318706 ], [ 131.890271313804504, 43.120857298878441 ] ] } },
{ "type": "Feature", "properties": { "fid": 270, "Layer": "0", "PaperSpace": null, "SubClasses": "AcDbEntity:AcDbPolyline", "Linetype": null, "EntityHandle": "13C", "Text": null, "ogr_style": "PEN(c:#000000)", "font": null, "angle": null, "size": null, "size_u": null, "anchor": null, "color": "#000000", "underline": null, "plaintext": null, "fcolor": null, "flnum": null, "bold": null, "italic": null, "dx": null, "dx_u": null, "dy": null, "dy_u": null }, "geometry": { "type": "LineString", "coordinates": [ [ 131.892189532401716, 43.117524261735817 ], [ 131.891927003134242, 43.116820361965956 ], [ 131.892485540122976, 43.116709760450419 ], [ 131.892573071675656, 43.116968996481525 ], [ 131.892931394746455, 43.116906626121185 ], [ 131.893093221217498, 43.117356014056234 ], [ 131.892189532401716, 43.117524261735817 ] ] } },
{ "type": "Feature", "properties": { "fid": 271, "Layer": "0", "PaperSpace": null, "SubClasses": "AcDbEntity:AcDbPolyline", "Linetype": null, "EntityHandle": "13D", "Text": null, "ogr_style": "PEN(c:#000000)", "font": null, "angle": null, "size": null, "size_u": null, "anchor": null, "color": "#000000", "underline": null, "plaintext": null, "fcolor": null, "flnum": null, "bold": null, "italic": null, "dx": null, "dx_u": null, "dy": null, "dy_u": null }, "geometry": { "type": "LineString", "coordinates": [ [ 131.887040331181339, 43.11523302791457 ], [ 131.887184820657183, 43.115207156841386 ], [ 131.887206299431, 43.115276876698957 ], [ 131.887411968373357, 43.115237687836846 ], [ 131.887461625209227, 43.115380479390645 ], [ 131.887113912452719, 43.115444974418274 ], [ 131.887040331181339, 43.11523302791457 ] ] } },
{ "type": "Feature", "properties": { "fid": 272, "Layer": "0", "PaperSpace": null, "SubClasses": "AcDbEntity:AcDbPolyline", "Linetype": null, "EntityHandle": "13E", "Text": null, "ogr_style": "PEN(c:#000000)", "font": null, "angle": null, "size": null, "size_u": null, "anchor": null, "color": "#000000", "underline": null, "plaintext": null, "fcolor": null, "flnum": null, "bold": null, "italic": null, "dx": null, "dx_u": null, "dy": null, "dy_u": null }, "geometry": { "type": "LineString", "coordinates": [ [ 131.892375098578185, 43.105849197028284 ], [ 131.892203109389357, 43.105849073508431 ] ] } },
{ "type": "Feature", "properties": { "fid": 273, "Layer": "0", "PaperSpace": null, "SubClasses": "AcDbEntity:AcDbPolyline", "Linetype": null, "EntityHandle": "13F", "Text": null, "ogr_style": "PEN(c:#000000)", "font": null, "angle": null, "size": null, "size_u": null, "anchor": null, "color": "#000000", "underline": null, "plaintext": null, "fcolor": null, "flnum": null, "bold": null, "italic": null, "dx": null, "dx_u": null, "dy": null, "dy_u": null }, "geometry": { "type": "LineString", "coordinates": [ [ 131.892375105920593, 43.105804640807683 ], [ 131.892203115134691, 43.105804427291631 ], [ 131.892203320041745, 43.105738086036524 ], [ 131.892375310641853, 43.10573829955446 ], [ 131.892375105920593, 43.105804640807683 ] ] } },
{ "type": "Feature", "properties": { "fid": 274, "Layer": "0", "PaperSpace": null, "SubClasses": "AcDbEntity:AcDbPolyline", "Linetype": null, "EntityHandle": "140", "Text": null, "ogr_style": "PEN(c:#000000)", "font": null, "angle": null, "size": null, "size_u": null, "anchor": null, "color": "#000000", "underline": null, "plaintext": null, "fcolor": null, "flnum": null, "bold": null, "italic": null, "dx": null, "dx_u": null, "dy": null, "dy_u": null }, "geometry": { "type": "LineString", "coordinates": [ [ 131.8923754566637, 43.105611110509429 ], [ 131.89220346814156, 43.105610986982256 ] ] } }
]
}
