{
  "type": "FeatureCollection",
  "name": "okn_msk25",
  "features": [
    {
      "type": "Feature",
      "properties": {
        "fid": 1,
        "Layer": "00 ОКН",
        "Linetype": "17D7",
        "Text_2": null,
        "plaintext_2": null
      },
      "geometry": {
        "type": "Polygon",
        "coordinates": [
          [
            [
              25588.614492832221003,
              42014.656043359893374
            ],
            [
              25597.119998584268615,
              42020.870000272698235
            ],
            [
              25601.75999858428986,
              42015.100000272737816
            ],
            [
              25604.599998584249988,
              42017.290000272681937
            ],
            [
              25608.069998584280256,
              42012.900000272667967
            ],
            [
              25609.119998584268615,
              42011.490000272693578
            ],
            [
              25606.199998584230343,
              42009.27000027266331
            ],
            [
              25597.886892180478753,
              42002.967246383312158
            ],
            [
              25588.614492832221003,
              42014.656043359893374
            ]
          ]
        ]
      }
    },
    {
      "type": "Feature",
      "properties": {
        "fid": 2,
        "Layer": "00 ОКН",
        "Linetype": "17D8",
        "Text_2": null,
        "plaintext_2": null
      },
      "geometry": {
        "type": "Polygon",
        "coordinates": [
          [
            [
              25566.091126962328417,
              42021.035714338766411
            ],
            [
              25559.583018308039755,
              42029.419650290743448
            ],
            [
              25567.455709270201623,
              42035.77211267779785
            ],
            [
              25574.209186667460017,
              42027.554249595377769
            ],
            [
              25566.091126962328417,
              42021.035714338766411
            ]
          ]
        ]
      }
    },
    {
      "type": "Feature",
      "properties": {
        "fid": 3,
        "Layer": "00 ОКН",
        "Linetype": "17D9",
        "Text_2": null,
        "plaintext_2": null
      },
      "geometry": {
        "type": "Polygon",
        "coordinates": [
          [
            [
              24535.374091819270689,
              40633.711903453120613
            ],
            [
              24545.665944116401079,
              40668.066992512460274
            ],
            [
              24556.525794000001042,
              40702.142347999986669
            ],
            [
              24561.235159907249908,
              40700.642341230988677
            ],
            [
              24550.788584738329519,
              40668.094642535048479
            ],
            [
              24559.941063544629287,
              40665.443535244761733
            ],
            [
              24559.506183065361256,
              40663.554064131909399
            ],
            [
              24550.392598642920348,
              40666.010376578611613
            ],
            [
              24541.816166182688903,
              40635.87070478338137
            ],
            [
              24551.371510355278588,
              40625.621148284597439
            ],
            [
              24549.982747752481373,
              40624.262262697637198
            ],
            [
              24540.891286682821374,
              40633.589980099728564
            ],
            [
              24540.539375549258693,
              40632.322379200799332
            ],
            [
              24535.374091819270689,
              40633.711903453120613
            ]
          ]
        ]
      }
    },
    {
      "type": "Feature",
      "properties": {
        "fid": 4,
        "Layer": "00 ОКН",
        "Linetype": "17DA",
        "Text_2": "{\\C7;451}",
        "plaintext_2": "451"
      },
      "geometry": {
        "type": "Polygon",
        "coordinates": [
          [
            [
              24466.735116931198718,
              40519.813670114301203
            ],
            [
              24460.404199838088971,
              40512.434234096246655
            ],
            [
              24454.839722646229347,
              40517.25334083053167
            ],
            [
              24454.287089972578542,
              40516.643835613293049
            ],
            [
              24450.270725318991026,
              40520.024727299649385
            ],
            [
              24443.145510258360446,
              40526.188159672179609
            ],
            [
              24444.799977482998656,
              40528.003678236171254
            ],
            [
              24428.762102471140679,
              40542.143442729051458
            ],
            [
              24431.474055188398779,
              40545.429835348069901
            ],
            [
              24437.939999917289242,
              40552.859999904947472
            ],
            [
              24453.868258355971193,
              40538.424335782896378
            ],
            [
              24455.441072627840185,
              40540.3031909011479
            ],
            [
              24466.690242115138972,
              40530.610079286052496
            ],
            [
              24466.133904181449907,
              40529.919875733241497
            ],
            [
              24471.7162215142489,
              40525.457121985629783
            ],
            [
              24466.735116931198718,
              40519.813670114301203
            ]
          ]
        ]
      }
    },
    {
      "type": "Feature",
      "properties": {
        "fid": 5,
        "Layer": "00 ОКН",
        "Linetype": "17DB",
        "Text_2": null,
        "plaintext_2": null
      },
      "geometry": {
        "type": "Polygon",
        "coordinates": [
          [
            [
              24533.747632887188956,
              40593.760454048962856
            ],
            [
              24547.928456289799215,
              40584.554362047601899
            ],
            [
              24549.027927155239013,
              40584.796761865938606
            ],
            [
              24549.294155441690236,
              40584.8691380920136
            ],
            [
              24552.256214149809239,
              40589.244967107202683
            ],
            [
              24555.510224871130049,
              40587.042282596470613
            ],
            [
              24558.819592350180756,
              40592.620175615709741
            ],
            [
              24555.474013530281809,
              40594.605109659256414
            ],
            [
              24557.825953480089083,
              40598.569271847576601
            ],
            [
              24557.350897192871344,
              40600.394578886647651
            ],
            [
              24543.513741273640335,
              40609.219523481056967
            ],
            [
              24542.361329556850251,
              40609.138712519343244
            ],
            [
              24541.249352639770223,
              40608.330602312882547
            ],
            [
              24532.955203935020108,
              40595.753122159047052
            ],
            [
              24533.152669384140609,
              40594.448838352873281
            ],
            [
              24533.747632887188956,
              40593.760454048962856
            ]
          ]
        ]
      }
    },
    {
      "type": "Feature",
      "properties": {
        "fid": 6,
        "Layer": "00 ОКН",
        "Linetype": "17DC",
        "Text_2": null,
        "plaintext_2": null
      },
      "geometry": {
        "type": "Polygon",
        "coordinates": [
          [
            [
              24352.293132969611179,
              40147.98465094200219
            ],
            [
              24356.180178932299896,
              40151.489787258302385
            ],
            [
              24359.206383603141148,
              40148.133855965897965
            ],
            [
              24355.302301208870631,
              40144.630900164222112
            ],
            [
              24352.293132969611179,
              40147.98465094200219
            ]
          ]
        ]
      }
    },
    {
      "type": "Feature",
      "properties": {
        "fid": 7,
        "Layer": "00 ОКН",
        "Linetype": "17DD",
        "Text_2": "{\\C7;454}",
        "plaintext_2": "454"
      },
      "geometry": {
        "type": "Polygon",
        "coordinates": [
          [
            [
              24473.880797684749268,
              39791.660472574039886
            ],
            [
              24461.479197051190567,
              39796.155551945870684
            ],
            [
              24466.103119659150252,
              39808.870357676139975
            ],
            [
              24459.799281516909105,
              39811.063031674530066
            ],
            [
              24462.473723110499122,
              39818.380265754982247
            ],
            [
              24468.579063771019719,
              39816.232624608768674
            ],
            [
              24473.274690823280253,
              39830.245408461792977
            ],
            [
              24476.997491379268467,
              39828.983392074580479
            ],
            [
              24476.249897786841757,
              39826.77449689914647
            ],
            [
              24484.871579351849505,
              39824.007663715870876
            ],
            [
              24473.880797684749268,
              39791.660472574039886
            ]
          ]
        ]
      }
    },
    {
      "type": "Feature",
      "properties": {
        "fid": 8,
        "Layer": "00 ОКН",
        "Linetype": "17DE",
        "Text_2": null,
        "plaintext_2": null
      },
      "geometry": {
        "type": "Polygon",
        "coordinates": [
          [
            [
              24499.999999776609911,
              39793.336114791978616
            ],
            [
              24492.825406523941638,
              39771.916289951943327
            ],
            [
              24494.913587141691096,
              39771.1680126826177
            ],
            [
              24493.488819163729204,
              39766.77082599500136
            ],
            [
              24499.99999977654079,
              39764.823233790230006
            ],
            [
              24505.267225325111212,
              39763.247727283931454
            ],
            [
              24507.80981626475841,
              39770.387483673221141
            ],
            [
              24505.619358398980694,
              39771.075620522417012
            ],
            [
              24511.277169022949238,
              39788.215889574057655
            ],
            [
              24513.629726963008579,
              39787.443737640001928
            ],
            [
              24515.912056137069158,
              39794.498391919158166
            ],
            [
              24504.040494915770978,
              39798.260192400543019
            ],
            [
              24502.635980007740727,
              39793.802770552058064
            ],
            [
              24500.427375934999873,
              39794.612050880801689
            ],
            [
              24499.999999776609911,
              39793.336114791978616
            ]
          ]
        ]
      }
    },
    {
      "type": "Feature",
      "properties": {
        "fid": 9,
        "Layer": "00 ОКН",
        "Linetype": "17DF",
        "Text_2": "{\\C7;462}",
        "plaintext_2": "462"
      },
      "geometry": {
        "type": "Polygon",
        "coordinates": [
          [
            [
              24621.558260633151804,
              39872.321303357799479
            ],
            [
              24616.919179154359881,
              39859.493777954368852
            ],
            [
              24640.726535572568537,
              39851.083125473873224
            ],
            [
              24645.126597897018655,
              39863.937069279047137
            ],
            [
              24621.558260633151804,
              39872.321303357799479
            ]
          ]
        ]
      }
    },
    {
      "type": "Feature",
      "properties": {
        "fid": 10,
        "Layer": "00 ОКН",
        "Linetype": "17E0",
        "Text_2": "{\\C7;469}",
        "plaintext_2": "469"
      },
      "geometry": {
        "type": "Polygon",
        "coordinates": [
          [
            [
              24406.978817096191051,
              39730.976288264879258
            ],
            [
              24384.892960646018764,
              39738.868264126773283
            ],
            [
              24374.290455779610056,
              39708.348281568280072
            ],
            [
              24369.421077561921265,
              39694.178240090717736
            ],
            [
              24367.361945142169134,
              39694.916006362851476
            ],
            [
              24366.142302874581219,
              39691.507375407039945
            ],
            [
              24368.079289542318293,
              39690.778293849536567
            ],
            [
              24356.028207721741637,
              39657.959376440398046
            ],
            [
              24375.67192607207835,
              39650.895143545698375
            ],
            [
              24378.823781428109214,
              39652.587147881633427
            ],
            [
              24380.277634466019663,
              39656.250012605189113
            ],
            [
              24378.922524031648209,
              39658.767840089851234
            ],
            [
              24369.343066630539397,
              39662.132055328816932
            ],
            [
              24374.585187490189128,
              39676.667992551221687
            ],
            [
              24378.271578022569884,
              39687.016719019178709
            ],
            [
              24390.235676423581026,
              39682.853517441762961
            ],
            [
              24394.598517908791109,
              39696.314182849688223
            ],
            [
              24385.346421448030014,
              39699.496247094706632
            ],
            [
              24391.573261114459456,
              39717.267716536633088
            ],
            [
              24394.992847137251374,
              39726.832982943371462
            ],
            [
              24404.212314368280204,
              39723.528816352700233
            ],
            [
              24406.978817096191051,
              39730.976288264879258
            ]
          ]
        ]
      }
    },
    {
      "type": "Feature",
      "properties": {
        "fid": 11,
        "Layer": "00 ОКН",
        "Linetype": "17E1",
        "Text_2": "{\\C7;470}",
        "plaintext_2": "470"
      },
      "geometry": {
        "type": "Polygon",
        "coordinates": [
          [
            [
              24358.260171161171456,
              39598.028632329529501
            ],
            [
              24337.105265507809236,
              39605.281086976807273
            ],
            [
              24340.186395419208566,
              39613.892165056051454
            ],
            [
              24346.38748599623068,
              39611.673352790698118
            ],
            [
              24348.660754165979597,
              39618.026635601752787
            ],
            [
              24342.459663588950207,
              39620.245447867120674
            ],
            [
              24346.395537494689052,
              39631.245346763629641
            ],
            [
              24355.02883926872164,
              39628.156264991841454
            ],
            [
              24357.245309417579847,
              39634.350809870171361
            ],
            [
              24348.612007643539982,
              39637.439891641952272
            ],
            [
              24351.630660586830345,
              39645.87636038436176
            ],
            [
              24372.738073866741615,
              39638.492681329596962
            ],
            [
              24369.55957368117015,
              39629.956056494171207
            ],
            [
              24367.318059586399613,
              39630.727383438112156
            ],
            [
              24363.787192216761468,
              39620.794216237489309
            ],
            [
              24368.382000453180808,
              39619.124113206511538
            ],
            [
              24366.477393841931189,
              39613.725492948637111
            ],
            [
              24361.847819089980476,
              39615.301924201179645
            ],
            [
              24358.999672044861654,
              39607.137518726827693
            ],
            [
              24364.283612463168538,
              39605.261975286070083
            ],
            [
              24362.228469689369376,
              39599.70074040954205
            ],
            [
              24359.184903480090725,
              39600.773338825281826
            ],
            [
              24358.260171161171456,
              39598.028632329529501
            ]
          ]
        ]
      }
    },
    {
      "type": "Feature",
      "properties": {
        "fid": 12,
        "Layer": "00 ОКН",
        "Linetype": "17E2",
        "Text_2": null,
        "plaintext_2": null
      },
      "geometry": {
        "type": "Polygon",
        "coordinates": [
          [
            [
              24417.203115172658727,
              39633.650003013150126
            ],
            [
              24406.995506650000607,
              39636.994112469350512
            ],
            [
              24408.682083680960204,
              39642.170479778542358
            ],
            [
              24411.1298564849385,
              39641.393495431708288
            ],
            [
              24413.14294147018154,
              39647.735418147552991
            ],
            [
              24410.887301170940191,
              39648.426064403101918
            ],
            [
              24414.715942645281757,
              39659.563912923716998
            ],
            [
              24408.544783376579289,
              39661.537880294112256
            ],
            [
              24426.875564477089938,
              39715.401267623841704
            ],
            [
              24432.999740057821327,
              39713.39038546475058
            ],
            [
              24438.062179527529224,
              39728.141399151441874
            ],
            [
              24442.010026237239799,
              39726.880770440482593
            ],
            [
              24441.388419002938463,
              39724.959957069811935
            ],
            [
              24449.436200234278658,
              39722.355560875002993
            ],
            [
              24422.313384883280378,
              39644.303384564373118
            ],
            [
              24420.776203479308606,
              39644.781917991051159
            ],
            [
              24417.203115172658727,
              39633.650003013150126
            ]
          ]
        ]
      }
    },
    {
      "type": "Feature",
      "properties": {
        "fid": 13,
        "Layer": "00 ОКН",
        "Linetype": "17E3",
        "Text_2": null,
        "plaintext_2": null
      },
      "geometry": {
        "type": "Polygon",
        "coordinates": [
          [
            [
              24481.237672019680758,
              39736.292598688902217
            ],
            [
              24494.431445033009368,
              39731.450122592541447
            ],
            [
              24486.620996227258729,
              39708.96557961639337
            ],
            [
              24473.412570038719423,
              39713.29818213229737
            ],
            [
              24481.237672019680758,
              39736.292598688902217
            ]
          ]
        ]
      }
    },
    {
      "type": "Feature",
      "properties": {
        "fid": 15,
        "Layer": "00 ОКН",
        "Linetype": "17E5",
        "Text_2": null,
        "plaintext_2": null
      },
      "geometry": {
        "type": "Polygon",
        "coordinates": [
          [
            [
              23463.445419499010313,
              38737.370504464459373
            ],
            [
              23462.674817926821561,
              38737.670893491289462
            ],
            [
              23462.679617058631266,
              38737.680184344419104
            ],
            [
              23462.20952675433,
              38737.954708746510732
            ],
            [
              23462.210374763690197,
              38737.956107829711982
            ],
            [
              23461.739856941159815,
              38738.290989357599756
            ],
            [
              23460.924548363669601,
              38739.060073132466641
            ],
            [
              23461.474185674698674,
              38739.808993783197366
            ],
            [
              23461.340610325540183,
              38739.928656963857065
            ],
            [
              23460.785551416309318,
              38740.734160652267747
            ],
            [
              23460.375872540811542,
              38741.618907313182717
            ],
            [
              23460.085157246969175,
              38742.952595024398761
            ],
            [
              23460.1379453774789,
              38744.398456521892513
            ],
            [
              23460.217239507368504,
              38745.124717237791629
            ],
            [
              23460.468330123090709,
              38745.837801529778517
            ],
            [
              23460.917633676708647,
              38746.748942022750271
            ],
            [
              23461.472647812301147,
              38747.488420146801218
            ],
            [
              23462.265589111219015,
              38748.161872706470604
            ],
            [
              23463.124571540338366,
              38748.69007722139213
            ],
            [
              23464.038535869520274,
              38749.179466789049911
            ],
            [
              23463.861927450008807,
              38750.0
            ],
            [
              23459.966135616650718,
              38750.0
            ],
            [
              23458.952415095809556,
              38749.131474460453319
            ],
            [
              23458.077660278409894,
              38747.722626600007061
            ],
            [
              23457.494491084278707,
              38746.313779904638068
            ],
            [
              23457.25150238076094,
              38745.633646695816424
            ],
            [
              23457.105709569121245,
              38744.516283996978018
            ],
            [
              23457.008515729641658,
              38743.496084183752828
            ],
            [
              23457.202905461010232,
              38741.990074602763343
            ],
            [
              23457.494491084278707,
              38740.775551348473527
            ],
            [
              23458.077660278409894,
              38739.415284930822963
            ],
            [
              23458.903816123660363,
              38738.055018513186951
            ],
            [
              23459.827473669611209,
              38737.11374927230645
            ],
            [
              23457.640587652320391,
              38732.401397088302474
            ],
            [
              23456.182663640789542,
              38732.401397088302474
            ],
            [
              23454.044374543238519,
              38731.964168763348425
            ],
            [
              23452.100475177070621,
              38730.99254922784894
            ],
            [
              23450.545357326060184,
              38729.729444530741603
            ],
            [
              23449.573406616760622,
              38728.223434949759394
            ],
            [
              23448.893043583149847,
              38726.717425368777185
            ],
            [
              23448.455665148248954,
              38724.96851206899737
            ],
            [
              23448.455665148248954,
              38723.025274163082941
            ],
            [
              23448.698653851770359,
              38721.033454814350989
            ],
            [
              23449.427615857541241,
              38719.52744523336878
            ],
            [
              23450.107978891148377,
              38718.361502256797394
            ],
            [
              23451.420112143448932,
              38717.001235839161382
            ],
            [
              23452.633906312541512,
              38716.353212193476793
            ],
            [
              23448.821229904679058,
              38706.71266045334778
            ],
            [
              23449.375321559869917,
              38706.127631785726408
            ],
            [
              23450.644985390230431,
              38707.296386584930588
            ],
            [
              23454.905517824878189,
              38717.967923099240579
            ],
            [
              23454.264986022390076,
              38718.196492045521154
            ],
            [
              23453.372871094041329,
              38718.69936831787345
            ],
            [
              23452.892449855349696,
              38719.019373039511265
            ],
            [
              23452.251962826499948,
              38719.636533785007487
            ],
            [
              23452.811409553200065,
              38720.13875430997723
            ],
            [
              23452.120776039038901,
              38721.037374126412033
            ],
            [
              23451.715753622891498,
              38721.947920348313346
            ],
            [
              23451.524525374010409,
              38722.71233736492286
            ],
            [
              23451.389532826509821,
              38723.667843266601267
            ],
            [
              23451.412009197600128,
              38724.72453918591782
            ],
            [
              23451.603774730261648,
              38725.729717951660859
            ],
            [
              23451.986276001669466,
              38726.606534167687641
            ],
            [
              23452.48129344948029,
              38727.303491172540816
            ],
            [
              23453.22484941509174,
              38728.163934196163609
            ],
            [
              23453.899812152598315,
              38728.714761995703157
            ],
            [
              23454.687335840160813,
              38729.153170103716548
            ],
            [
              23455.812318509641045,
              38729.467928846308496
            ],
            [
              23456.429331988791091,
              38729.611043542972766
            ],
            [
              23456.440979650691588,
              38730.310263013721851
            ],
            [
              23457.668320523411239,
              38730.288945058688114
            ],
            [
              23458.455451192548935,
              38730.209144318083418
            ],
            [
              23458.453334925801755,
              38730.200455727601366
            ],
            [
              23458.896124221351783,
              38730.064319683660869
            ],
            [
              23458.894982713369245,
              38730.061006448493572
            ],
            [
              23459.352751711950987,
              38729.894674856623169
            ],
            [
              23459.354542584060255,
              38729.899369531827688
            ],
            [
              23459.807829273759125,
              38729.69807568473334
            ],
            [
              23463.445419499010313,
              38737.370504464459373
            ]
          ],
          [
            [
              23450.172802049448364,
              38720.76771637982165
            ],
            [
              23451.482325858978584,
              38720.76771637982165
            ],
            [
              23451.482325858978584,
              38722.26771637982165
            ],
            [
              23450.172802049448364,
              38722.26771637982165
            ],
            [
              23450.172802049448364,
              38720.76771637982165
            ]
          ],
          [
            [
              23458.285130458491039,
              38742.023851949823438
            ],
            [
              23459.594654268021259,
              38742.023851949823438
            ],
            [
              23459.594654268021259,
              38743.523851949830714
            ],
            [
              23458.285130458491039,
              38743.523851949830714
            ],
            [
              23458.285130458491039,
              38742.023851949823438
            ]
          ]
        ]
      }
    },
    {
      "type": "Feature",
      "properties": {
        "fid": 16,
        "Layer": "00 ОКН",
        "Linetype": "17E6",
        "Text_2": null,
        "plaintext_2": null
      },
      "geometry": {
        "type": "Polygon",
        "coordinates": [
          [
            [
              22835.827721965408273,
              38429.397291169363598
            ],
            [
              22843.090830001521681,
              38427.061716834708932
            ],
            [
              22841.789952362280019,
              38422.594455377737177
            ],
            [
              22841.801565421050327,
              38422.258810438892397
            ],
            [
              22841.894254834598541,
              38421.703179562093283
            ],
            [
              22842.102644722588593,
              38421.240183810441522
            ],
            [
              22842.403939080748387,
              38420.92765268436051
            ],
            [
              22842.902010268120648,
              38420.684552933649684
            ],
            [
              22843.377070394639304,
              38420.59191780850233
            ],
            [
              22844.014068174001295,
              38420.707666746420728
            ],
            [
              22844.3499866518614,
              38420.846619434130844
            ],
            [
              22844.720744306021516,
              38421.170662498072488
            ],
            [
              22845.068275842641015,
              38421.65686199953052
            ],
            [
              22845.902480564520374,
              38424.585481009082287
            ],
            [
              22846.736470229749102,
              38424.342381258349633
            ],
            [
              22846.122483511280734,
              38422.28192425166344
            ],
            [
              22846.539478343911469,
              38422.177777188640903
            ],
            [
              22846.284636220840184,
              38421.737895249767462
            ],
            [
              22845.774951974661235,
              38421.066515435057227
            ],
            [
              22845.415807379271428,
              38420.672951058746548
            ],
            [
              22844.593430772798456,
              38420.036286931717768
            ],
            [
              22843.944604877990059,
              38419.689040117969853
            ],
            [
              22843.041151916779199,
              38419.330191429333354
            ],
            [
              22842.461789317978401,
              38419.191238741623238
            ],
            [
              22830.956473923288286,
              38422.779905502029578
            ],
            [
              22830.481413796809647,
              38423.312332629036973
            ],
            [
              22829.659037190351228,
              38424.585660883109085
            ],
            [
              22829.321613315991272,
              38425.386460061963589
            ],
            [
              22829.055373190778482,
              38426.17358881457767
            ],
            [
              22829.032147073241504,
              38426.937603754427982
            ],
            [
              22829.33322637476158,
              38426.833456691412721
            ],
            [
              22829.565057436939242,
              38427.632187318929937
            ],
            [
              22829.785060383699602,
              38427.585869756352622
            ],
            [
              22830.283131571108242,
              38429.218046699068509
            ],
            [
              22831.18679958895882,
              38428.928629385773093
            ],
            [
              22830.58442592926076,
              38426.972319442102162
            ],
            [
              22830.711739462480182,
              38426.115759314139723
            ],
            [
              22830.95518358343179,
              38425.421175749637769
            ],
            [
              22831.3373392397516,
              38424.796113497490296
            ],
            [
              22831.812399366230238,
              38424.252084495601594
            ],
            [
              22834.465123069359834,
              38425.02761137332709
            ],
            [
              22835.827721965408273,
              38429.397291169363598
            ]
          ]
        ]
      }
    },
    {
      "type": "Feature",
      "properties": {
        "fid": 17,
        "Layer": "00 ОКН",
        "Linetype": "17E7",
        "Text_2": null,
        "plaintext_2": null
      },
      "geometry": {
        "type": "Polygon",
        "coordinates": [
          [
            [
              25563.315179667450138,
              41316.012878452849691
            ],
            [
              25570.646959511821478,
              41340.678182887779258
            ],
            [
              25580.369937901919911,
              41337.788020425941795
            ],
            [
              25573.038158057548571,
              41313.122715990997676
            ],
            [
              25563.315179667450138,
              41316.012878452849691
            ]
          ]
        ]
      }
    },
    {
      "type": "Feature",
      "properties": {
        "fid": 18,
        "Layer": "00 ОКН",
        "Linetype": "17E8",
        "Text_2": null,
        "plaintext_2": null
      },
      "geometry": {
        "type": "Polygon",
        "coordinates": [
          [
            [
              25120.930052877069102,
              41012.23782162021962
            ],
            [
              25112.470318665549712,
              41021.441343566657451
            ],
            [
              25095.190311476111674,
              41004.920560989703517
            ],
            [
              25103.865951600870176,
              40995.795519265513576
            ],
            [
              25120.930052877069102,
              41012.23782162021962
            ]
          ]
        ]
      }
    },
    {
      "type": "Feature",
      "properties": {
        "fid": 19,
        "Layer": "00 ОКН",
        "Linetype": "17E9",
        "Text_2": null,
        "plaintext_2": null
      },
      "geometry": {
        "type": "Polygon",
        "coordinates": [
          [
            [
              25122.59,
              41203.650000000001455
            ],
            [
              25080.93999999999869,
              41171.440000000002328
            ],
            [
              25072.31000000000131,
              41182.639999999992142
            ],
            [
              25113.96,
              41214.849999999991269
            ],
            [
              25122.59,
              41203.650000000001455
            ]
          ]
        ]
      }
    },
    {
      "type": "Feature",
      "properties": {
        "fid": 20,
        "Layer": "00 ОКН",
        "Linetype": "17EA",
        "Text_2": "{\\C7;446}",
        "plaintext_2": "446"
      },
      "geometry": {
        "type": "Polygon",
        "coordinates": [
          [
            [
              25458.11958907654116,
              41233.956296177799231
            ],
            [
              25474.477142292998906,
              41243.547006788568979
            ],
            [
              25482.205001904141682,
              41230.36666176840663
            ],
            [
              25465.747634286090033,
              41220.810194954043254
            ],
            [
              25465.260132447539945,
              41221.649730854442168
            ],
            [
              25457.832581771381228,
              41217.336699560728448
            ],
            [
              25451.316321000980679,
              41228.690347180730896
            ],
            [
              25458.710069365479285,
              41232.983750142790086
            ],
            [
              25458.11958907654116,
              41233.956296177799231
            ]
          ]
        ]
      }
    },
    {
      "type": "Feature",
      "properties": {
        "fid": 21,
        "Layer": "00 ОКН",
        "Linetype": "17EB",
        "Text_2": null,
        "plaintext_2": null
      },
      "geometry": {
        "type": "Polygon",
        "coordinates": [
          [
            [
              25062.731703991270479,
              40956.256504924931505
            ],
            [
              25053.848009619439836,
              40965.53393471842719
            ],
            [
              25059.479149137958302,
              40970.889863231146592
            ],
            [
              25059.157569261758908,
              40971.33164776412741
            ],
            [
              25068.341031255451526,
              40980.154328451426409
            ],
            [
              25068.717177690188691,
              40979.738952994099236
            ],
            [
              25074.149636022448249,
              40985.087513945451065
            ],
            [
              25077.704896973271389,
              40981.150450636952883
            ],
            [
              25081.59291693986961,
              40984.930032321091858
            ],
            [
              25086.790412174028461,
              40979.252314539946383
            ],
            [
              25062.731703991270479,
              40956.256504924931505
            ]
          ]
        ]
      }
    },
    {
      "type": "Feature",
      "properties": {
        "fid": 22,
        "Layer": "00 ОКН",
        "Linetype": "17EC",
        "Text_2": "{\\C7;84}",
        "plaintext_2": "84"
      },
      "geometry": {
        "type": "Polygon",
        "coordinates": [
          [
            [
              25399.70923201720143,
              41960.347357952858147
            ],
            [
              25399.038347752368281,
              41961.255977387809253
            ],
            [
              25393.54456379730982,
              41957.828471455090039
            ],
            [
              25396.339826918301696,
              41953.238797281112056
            ],
            [
              25395.800058816788805,
              41952.041951924031309
            ],
            [
              25396.609676824358758,
              41950.633000134679605
            ],
            [
              25394.671430473128567,
              41949.499067657678097
            ],
            [
              25394.250977759860689,
              41947.634052338929905
            ],
            [
              25396.867016909291124,
              41943.600121316332661
            ],
            [
              25398.747898208861443,
              41943.257941821037093
            ],
            [
              25405.652927557068324,
              41947.343027617222106
            ],
            [
              25406.518795223219058,
              41946.013162484130589
            ],
            [
              25413.125368346511095,
              41950.005831898211909
            ],
            [
              25404.292157635431067,
              41963.563343712870847
            ],
            [
              25399.70923201720143,
              41960.347357952858147
            ]
          ]
        ]
      }
    },
    {
      "type": "Feature",
      "properties": {
        "fid": 24,
        "Layer": "00 ОКН",
        "Linetype": "17EE",
        "Text_2": "{\\C7;80}",
        "plaintext_2": "80"
      },
      "geometry": {
        "type": "Polygon",
        "coordinates": [
          [
            [
              25594.574573084129952,
              41957.616865406176657
            ],
            [
              25594.386400192201108,
              41954.184958520469081
            ],
            [
              25589.838034698281263,
              41950.220789139100816
            ],
            [
              25617.128939278620237,
              41919.053443202712515
            ],
            [
              25625.782407825630798,
              41926.653520524028863
            ],
            [
              25603.999047593348223,
              41952.672709090016724
            ],
            [
              25602.898033331370243,
              41951.695563151799433
            ],
            [
              25601.707140258869913,
              41953.121971392836713
            ],
            [
              25602.157982576860377,
              41961.818936938689149
            ],
            [
              25603.265888061130681,
              41962.870008993137162
            ],
            [
              25604.724251585790626,
              41961.219938405753055
            ],
            [
              25616.640851931988436,
              41972.775854939041892
            ],
            [
              25608.102943908848829,
              41981.898651872950722
            ],
            [
              25590.698906885070755,
              41965.642004328452458
            ],
            [
              25594.775308666619821,
              41961.277891288787941
            ],
            [
              25594.574573084129952,
              41957.616865406176657
            ]
          ]
        ]
      }
    },
    {
      "type": "Feature",
      "properties": {
        "fid": 25,
        "Layer": "00 ОКН",
        "Linetype": "17EF",
        "Text_2": null,
        "plaintext_2": null
      },
      "geometry": {
        "type": "Polygon",
        "coordinates": [
          [
            [
              25473.439282691480912,
              41980.961302904077456
            ],
            [
              25477.703545240940002,
              41974.735205038523418
            ],
            [
              25488.236193366719817,
              41981.949029478666489
            ],
            [
              25483.97193081712976,
              41988.175127344191424
            ],
            [
              25473.439282691480912,
              41980.961302904077456
            ]
          ]
        ]
      }
    },
    {
      "type": "Feature",
      "properties": {
        "fid": 26,
        "Layer": "00 ОКН",
        "Linetype": "17F0",
        "Text_2": "{\\C7;85}",
        "plaintext_2": "85"
      },
      "geometry": {
        "type": "Polygon",
        "coordinates": [
          [
            [
              25667.823899793460441,
              41935.465240324221668
            ],
            [
              25673.661932425340638,
              41959.483985446902807
            ],
            [
              25690.337326002550981,
              41955.195246005619993
            ],
            [
              25688.590493813888315,
              41948.510261933952279
            ],
            [
              25689.388017022520216,
              41948.330856907217822
            ],
            [
              25685.86425876219073,
              41934.420000400226854
            ],
            [
              25680.759902991019771,
              41935.704096715788182
            ],
            [
              25680.574720147269545,
              41934.989777434442658
            ],
            [
              25678.277550715480174,
              41933.723104966542451
            ],
            [
              25675.703566623531515,
              41934.335227594026946
            ],
            [
              25675.45842594853093,
              41933.549669792279019
            ],
            [
              25667.823899793460441,
              41935.465240324221668
            ]
          ]
        ]
      }
    },
    {
      "type": "Feature",
      "properties": {
        "fid": 27,
        "Layer": "00 ОКН",
        "Linetype": "17F1",
        "Text_2": null,
        "plaintext_2": null
      },
      "geometry": {
        "type": "Polygon",
        "coordinates": [
          [
            [
              23470.329858850611345,
              38754.121312901741476
            ],
            [
              23472.57018932245046,
              38760.269597402009822
            ],
            [
              23481.908486493841338,
              38756.892597833102627
            ],
            [
              23479.835681834731076,
              38750.838250811386388
            ],
            [
              23470.329858850611345,
              38754.121312901741476
            ]
          ]
        ]
      }
    },
    {
      "type": "Feature",
      "properties": {
        "fid": 28,
        "Layer": "00 ОКН",
        "Linetype": "17F2",
        "Text_2": null,
        "plaintext_2": null
      },
      "geometry": {
        "type": "Polygon",
        "coordinates": [
          [
            [
              23481.701058040929638,
              38788.867304924249765
            ],
            [
              23491.320847638060513,
              38784.051347484266444
            ],
            [
              23496.62691994681154,
              38794.096544667430862
            ],
            [
              23486.967563221911405,
              38798.976443527521042
            ],
            [
              23485.787261146870151,
              38796.633824308788462
            ],
            [
              23484.130405678639363,
              38797.513178251851059
            ],
            [
              23481.213335152318905,
              38792.007192293487606
            ],
            [
              23482.878083260849962,
              38791.197209217491036
            ],
            [
              23481.701058040929638,
              38788.867304924249765
            ]
          ]
        ]
      }
    },
    {
      "type": "Feature",
      "properties": {
        "fid": 29,
        "Layer": "00 ОКН",
        "Linetype": "17F3",
        "Text_2": null,
        "plaintext_2": null
      },
      "geometry": {
        "type": "Polygon",
        "coordinates": [
          [
            [
              23484.97216986076819,
              38784.594464330890332
            ],
            [
              23483.744327693319065,
              38785.077129324701673
            ],
            [
              23483.744327693319065,
              38785.077129324701673
            ],
            [
              23483.240682242623734,
              38785.303510994606768
            ],
            [
              23482.749441171759827,
              38785.55568080003286
            ],
            [
              23482.749441171759827,
              38785.55568080003286
            ],
            [
              23482.574969643133954,
              38785.656593681553204
            ],
            [
              23482.405647476440208,
              38785.765926786443742
            ],
            [
              23482.241880707901146,
              38785.88341793284053
            ],
            [
              23482.241880707901146,
              38785.88341793284053
            ],
            [
              23480.325307413419068,
              38781.647048916376662
            ],
            [
              23479.469167350751377,
              38781.671466725536447
            ],
            [
              23478.281677335431596,
              38781.49594187123148
            ],
            [
              23477.234211215451069,
              38781.193856586272886
            ],
            [
              23476.111624072611448,
              38780.739744218139094
            ],
            [
              23475.500684384300257,
              38780.45736614766065
            ],
            [
              23474.914972956939891,
              38780.128176542501024
            ],
            [
              23474.136032782211259,
              38779.613028851817944
            ],
            [
              23473.615928927360073,
              38779.146183157427004
            ],
            [
              23473.184441100900585,
              38778.714979736112582
            ],
            [
              23472.764439884860622,
              38778.230358907087066
            ],
            [
              23472.328653388238308,
              38777.587914755342354
            ],
            [
              23471.958263054100826,
              38776.984977036372584
            ],
            [
              23471.66345179784912,
              38776.403126588920713
            ],
            [
              23471.51070806702046,
              38776.03297689089959
            ],
            [
              23471.277804708130134,
              38775.422421257077076
            ],
            [
              23471.147223793141166,
              38774.989101748309622
            ],
            [
              23471.047966794358217,
              38774.569343600021966
            ],
            [
              23470.952479940719059,
              38773.935879019387357
            ],
            [
              23470.887577068238897,
              38773.320042367311544
            ],
            [
              23470.849382326781779,
              38772.72474096393853
            ],
            [
              23470.872355547660845,
              38772.142540902052133
            ],
            [
              23470.971612546440156,
              38771.215252977912314
            ],
            [
              23471.154905023438914,
              38770.32995558922994
            ],
            [
              23471.365398921469023,
              38770.206155272637261
            ],
            [
              23472.365826314649894,
              38769.637571773513628
            ],
            [
              23472.701827287481137,
              38769.64518968835182
            ],
            [
              23474.019123047750327,
              38770.187073684021016
            ],
            [
              23473.724487966508605,
              38771.025504335739242
            ],
            [
              23473.597430551661091,
              38771.6506149711131
            ],
            [
              23473.545776039678458,
              38772.241776203358313
            ],
            [
              23473.550567999871419,
              38772.969507879977755
            ],
            [
              23473.593660406510025,
              38773.587129405830638
            ],
            [
              23473.675229434618814,
              38774.216104200888367
            ],
            [
              23473.833328885659284,
              38774.680502594128484
            ],
            [
              23474.116160241450416,
              38775.342893170251045
            ],
            [
              23474.413191302788618,
              38775.879128132452024
            ],
            [
              23474.724598244680237,
              38776.295647746897885
            ],
            [
              23475.137023935418256,
              38776.815101215528557
            ],
            [
              23475.55857549150096,
              38777.265147015590628
            ],
            [
              23476.104718012338708,
              38777.700840222467377
            ],
            [
              23476.636484652641229,
              38778.098223046006751
            ],
            [
              23477.077204049459397,
              38778.313659149818704
            ],
            [
              23477.692125292920537,
              38778.540282916022989
            ],
            [
              23478.267019574868755,
              38778.669548258461873
            ],
            [
              23478.683779170769412,
              38778.755719019827666
            ],
            [
              23479.317607907789352,
              38778.826574114820687
            ],
            [
              23479.642875907378766,
              38779.745035907581041
            ],
            [
              23479.777367907510779,
              38779.757180409498687
            ],
            [
              23480.170061997501762,
              38779.74398706422653
            ],
            [
              23480.509974055468774,
              38779.707719165300659
            ],
            [
              23480.90270338045957,
              38779.631852829799755
            ],
            [
              23481.47361610723965,
              38779.48013855957106
            ],
            [
              23481.844358791389823,
              38779.337845478687086
            ],
            [
              23482.167780868738191,
              38779.176231599310995
            ],
            [
              23482.468088785200962,
              38779.031104801331821
            ],
            [
              23484.97216986076819,
              38784.594464330890332
            ]
          ],
          [
            [
              23482.231087847088929,
              38782.487824358147918
            ],
            [
              23483.540611656608235,
              38782.487824358147918
            ],
            [
              23483.540611656608235,
              38783.987824358147918
            ],
            [
              23482.231087847088929,
              38783.987824358147918
            ],
            [
              23482.231087847088929,
              38782.487824358147918
            ]
          ],
          [
            [
              23472.760767798121378,
              38776.003421691028052
            ],
            [
              23474.070291607640684,
              38776.003421691028052
            ],
            [
              23474.070291607640684,
              38777.503421691028052
            ],
            [
              23472.760767798121378,
              38777.503421691028052
            ],
            [
              23472.760767798121378,
              38776.003421691028052
            ]
          ]
        ]
      }
    },
    {
      "type": "Feature",
      "properties": {
        "fid": 30,
        "Layer": "00 ОКН",
        "Linetype": "17F4",
        "Text_2": null,
        "plaintext_2": null
      },
      "geometry": {
        "type": "Polygon",
        "coordinates": [
          [
            [
              23485.265256627691997,
              38772.740898320458655
            ],
            [
              23485.251608665661479,
              38773.131724817867507
            ],
            [
              23485.210731271079567,
              38773.520647247860325
            ],
            [
              23485.142823594498623,
              38773.905770819466852
            ],
            [
              23485.048216475297522,
              38774.285219249344664
            ],
            [
              23484.927370829842403,
              38774.657143902899406
            ],
            [
              23484.780875405976985,
              38775.019732800588827
            ],
            [
              23484.609443914683652,
              38775.371219445762108
            ],
            [
              23484.413911552946956,
              38775.709891430815333
            ],
            [
              23484.195230934783467,
              38776.034098779869964
            ],
            [
              23483.954467450184893,
              38776.342261987323582
            ],
            [
              23483.692794074642734,
              38776.632879712997237
            ],
            [
              23483.411485654542048,
              38776.904536096546508
            ],
            [
              23483.111912696225772,
              38777.155907655374904
            ],
            [
              23482.795534689037595,
              38777.385769732529297
            ],
            [
              23482.463892994826892,
              38777.593002463057928
            ],
            [
              23482.118603338585672,
              38777.776596229930874
            ],
            [
              23481.761347936815582,
              38777.935656582783849
            ],
            [
              23481.393867301918363,
              38778.069408595554705
            ],
            [
              23481.017951762616576,
              38778.177200641883246
            ],
            [
              23480.635432741619297,
              38778.258507569764333
            ],
            [
              23480.248173833155306,
              38778.312933260000136
            ],
            [
              23479.858061723698484,
              38778.340212556118786
            ],
            [
              23479.466997000225092,
              38778.340212556118786
            ],
            [
              23479.07688489076827,
              38778.312933260000136
            ],
            [
              23478.689625982304278,
              38778.258507569764333
            ],
            [
              23478.307106961306999,
              38778.177200641883246
            ],
            [
              23477.931191422005213,
              38778.069408595554705
            ],
            [
              23477.563710787107993,
              38777.935656582783849
            ],
            [
              23477.206455385337904,
              38777.776596229930874
            ],
            [
              23476.861165729096683,
              38777.593002463057928
            ],
            [
              23476.529524034885981,
              38777.385769732529297
            ],
            [
              23476.213146027697803,
              38777.155907655374904
            ],
            [
              23475.913573069381528,
              38776.904536096546508
            ],
            [
              23475.632264649280842,
              38776.632879712997237
            ],
            [
              23475.370591273738683,
              38776.342261987323582
            ],
            [
              23475.129827789140109,
              38776.034098779869964
            ],
            [
              23474.911147170976619,
              38775.709891430815333
            ],
            [
              23474.715614809239923,
              38775.371219445762108
            ],
            [
              23474.54418331794659,
              38775.019732800588827
            ],
            [
              23474.397687894081173,
              38774.657143902899406
            ],
            [
              23474.276842248626053,
              38774.285219249344664
            ],
            [
              23474.182235129424953,
              38773.905770819466852
            ],
            [
              23474.114327452844009,
              38773.520647247860325
            ],
            [
              23474.073450058262097,
              38773.131724817867507
            ],
            [
              23474.059802096231579,
              38772.740898320458655
            ],
            [
              23474.073450058262097,
              38772.350071823049802
            ],
            [
              23474.114327452844009,
              38771.961149393056985
            ],
            [
              23474.182235129424953,
              38771.576025821450457
            ],
            [
              23474.276842248626053,
              38771.196577391572646
            ],
            [
              23474.397687894081173,
              38770.824652738017903
            ],
            [
              23474.54418331794659,
              38770.462063840328483
            ],
            [
              23474.715614809239923,
              38770.110577195155201
            ],
            [
              23474.911147170976619,
              38769.771905210101977
            ],
            [
              23475.129827789140109,
              38769.447697861047345
            ],
            [
              23475.370591273738683,
              38769.139534653593728
            ],
            [
              23475.632264649280842,
              38768.848916927920072
            ],
            [
              23475.913573069381528,
              38768.577260544370802
            ],
            [
              23476.213146027697803,
              38768.325888985542406
            ],
            [
              23476.529524034885981,
              38768.096026908388012
            ],
            [
              23476.861165729096683,
              38767.888794177859381
            ],
            [
              23477.206455385337904,
              38767.705200410986436
            ],
            [
              23477.563710787107993,
              38767.54614005813346
            ],
            [
              23477.931191422005213,
              38767.412388045362604
            ],
            [
              23478.307106961306999,
              38767.304595999034063
            ],
            [
              23478.689625982304278,
              38767.223289071152976
            ],
            [
              23479.07688489076827,
              38767.168863380917173
            ],
            [
              23479.466997000225092,
              38767.141584084798524
            ],
            [
              23479.858061723698484,
              38767.141584084798524
            ],
            [
              23480.248173833155306,
              38767.168863380917173
            ],
            [
              23480.635432741619297,
              38767.223289071152976
            ],
            [
              23481.017951762616576,
              38767.304595999034063
            ],
            [
              23481.393867301918363,
              38767.412388045362604
            ],
            [
              23481.761347936815582,
              38767.54614005813346
            ],
            [
              23482.118603338585672,
              38767.705200410986436
            ],
            [
              23482.463892994826892,
              38767.888794177859381
            ],
            [
              23482.795534689037595,
              38768.096026908388012
            ],
            [
              23483.111912696225772,
              38768.325888985542406
            ],
            [
              23483.411485654542048,
              38768.577260544370802
            ],
            [
              23483.692794074642734,
              38768.848916927920072
            ],
            [
              23483.954467450184893,
              38769.139534653593728
            ],
            [
              23484.195230934783467,
              38769.447697861047345
            ],
            [
              23484.413911552946956,
              38769.771905210101977
            ],
            [
              23484.609443914683652,
              38770.110577195155201
            ],
            [
              23484.780875405976985,
              38770.462063840328483
            ],
            [
              23484.927370829842403,
              38770.824652738017903
            ],
            [
              23485.048216475297522,
              38771.196577391572646
            ],
            [
              23485.142823594498623,
              38771.576025821450457
            ],
            [
              23485.210731271079567,
              38771.961149393056985
            ],
            [
              23485.251608665661479,
              38772.350071823049802
            ],
            [
              23485.265256627691997,
              38772.740898320458655
            ]
          ]
        ]
      }
    },
    {
      "type": "Feature",
      "properties": {
        "fid": 32,
        "Layer": "00 ОКН",
        "Linetype": "17F6",
        "Text_2": "{\\C7;452}",
        "plaintext_2": "452"
      },
      "geometry": {
        "type": "Polygon",
        "coordinates": [
          [
            [
              24576.29,
              40058.679999999418214
            ],
            [
              24561.130000000001019,
              40070.619999999420543
            ],
            [
              24567.05,
              40078.09999999943102
            ],
            [
              24567.54613579827128,
              40077.726806839593337
            ],
            [
              24579.758882228081347,
              40093.379849652286794
            ],
            [
              24591.45,
              40108.299999999420834
            ],
            [
              24590.954536871111486,
              40108.691085562502849
            ],
            [
              24596.849999999998545,
              40116.159999999428692
            ],
            [
              24613.73,
              40102.939999999427528
            ],
            [
              24610.130000000001019,
              40098.499999999417923
            ],
            [
              24608.509212921668222,
              40099.775256645669288
            ],
            [
              24597.456930551750702,
              40085.728361454872356
            ],
            [
              24584.600245394049125,
              40069.355708501891058
            ],
            [
              24576.29,
              40058.679999999418214
            ]
          ]
        ]
      }
    },
    {
      "type": "Feature",
      "properties": {
        "fid": 33,
        "Layer": "00 ОКН",
        "Linetype": "17F7",
        "Text_2": null,
        "plaintext_2": null
      },
      "geometry": {
        "type": "Polygon",
        "coordinates": [
          [
            [
              24636.138436849250866,
              40057.364454032001959
            ],
            [
              24642.928388778880617,
              40065.057074761927652
            ],
            [
              24641.225690174898773,
              40066.574343994368974
            ],
            [
              24658.589127756058588,
              40085.842565399492742
            ],
            [
              24668.403021414218529,
              40097.099202623612655
            ],
            [
              24678.619921672900091,
              40108.818092574227194
            ],
            [
              24689.186045414819091,
              40120.916438934211328
            ],
            [
              24690.939556406261545,
              40119.375178428337676
            ],
            [
              24697.909614525098732,
              40127.305099084696849
            ],
            [
              24683.441945757269423,
              40139.833153269748436
            ],
            [
              24680.139510570461425,
              40136.214136572431016
            ],
            [
              24681.371848003429477,
              40135.126685703289695
            ],
            [
              24666.028611406691198,
              40117.739192311397346
            ],
            [
              24656.60990405191842,
              40107.065583072660957
            ],
            [
              24656.165811948179908,
              40107.457463032878877
            ],
            [
              24655.352910164750938,
              40106.536254245002056
            ],
            [
              24650.618113960659684,
              40101.170617262818269
            ],
            [
              24651.062206064430939,
              40100.77873730257852
            ],
            [
              24636.736801929320791,
              40084.54468732461828
            ],
            [
              24626.328925062320195,
              40072.750116530733067
            ],
            [
              24624.921037208689086,
              40073.992478264706733
            ],
            [
              24621.417721838279249,
              40070.022398518602131
            ],
            [
              24636.138436849250866,
              40057.364454032001959
            ]
          ]
        ]
      }
    },
    {
      "type": "Feature",
      "properties": {
        "fid": 34,
        "Layer": "00 ОКН",
        "Linetype": "17F8",
        "Text_2": null,
        "plaintext_2": null
      },
      "geometry": {
        "type": "Polygon",
        "coordinates": [
          [
            [
              26037.630000000001019,
              41931.46
            ],
            [
              26050.43,
              41927.609999999993306
            ],
            [
              26047.23,
              41916.669999999990978
            ],
            [
              26045.029999999998836,
              41917.32
            ],
            [
              26040.912434180769196,
              41903.261801907123299
            ],
            [
              26038.27,
              41894.239999999997963
            ],
            [
              26040.31000000000131,
              41893.64
            ],
            [
              26035.470363992040802,
              41877.570730875260779
            ],
            [
              26031.380911351021496,
              41863.9605463146072
            ],
            [
              26027.119999999998981,
              41849.79
            ],
            [
              26027.779999999998836,
              41849.589999999996508
            ],
            [
              26027.46,
              41848.529999999998836
            ],
            [
              26026.81000000000131,
              41848.749999999992724
            ],
            [
              26026.16,
              41846.599999999998545
            ],
            [
              26026.86,
              41846.399999999986903
            ],
            [
              26026.56000000000131,
              41845.369999999988067
            ],
            [
              26025.86,
              41845.569999999992433
            ],
            [
              26021.71,
              41831.760000000002037
            ],
            [
              26009.25,
              41835.5
            ],
            [
              26012.678490294580115,
              41848.230453238589689
            ],
            [
              26014.954357578710187,
              41855.923582240051473
            ],
            [
              26018.309764291399915,
              41867.105506217063521
            ],
            [
              26021.900000000001455,
              41879.07
            ],
            [
              26020.970000000001164,
              41879.369999999988067
            ],
            [
              26021.330000000001746,
              41880.54
            ],
            [
              26022.25,
              41880.260000000002037
            ],
            [
              26024.800439148879377,
              41888.738655024208128
            ],
            [
              26027.09,
              41896.39
            ],
            [
              26026.240000000001601,
              41896.650000000001455
            ],
            [
              26026.56000000000131,
              41897.69999999999709
            ],
            [
              26027.400000000001455,
              41897.44999999999709
            ],
            [
              26029.8732442501896,
              41905.672388753569976
            ],
            [
              26030.466819809578737,
              41907.645751879172167
            ],
            [
              26034.506953222080483,
              41921.077319558447925
            ],
            [
              26037.630000000001019,
              41931.46
            ]
          ]
        ]
      }
    },
    {
      "type": "Feature",
      "properties": {
        "fid": 35,
        "Layer": "00 ОКН",
        "Linetype": "17F9",
        "Text_2": "{\\C7;1}",
        "plaintext_2": "1"
      },
      "geometry": {
        "type": "Polygon",
        "coordinates": [
          [
            [
              25898.435357032030879,
              41946.075950631231535
            ],
            [
              25911.446975675149588,
              41942.765777667118527
            ],
            [
              25914.906078165618965,
              41955.383583708258811
            ],
            [
              25915.810739424381609,
              41955.135575773827441
            ],
            [
              25917.759762210131157,
              41956.156607220727892
            ],
            [
              25918.519864003530529,
              41958.929238857723249
            ],
            [
              25917.364009343069483,
              41960.801455468790664
            ],
            [
              25916.459348084310477,
              41961.049463403222035
            ],
            [
              25919.161601639509172,
              41970.906503293590504
            ],
            [
              25905.628166753911501,
              41974.349426998829586
            ],
            [
              25898.435357032030879,
              41946.075950631231535
            ]
          ]
        ]
      }
    },
    {
      "type": "Feature",
      "properties": {
        "fid": 36,
        "Layer": "00 ОКН",
        "Linetype": "17FA",
        "Text_2": null,
        "plaintext_2": null
      },
      "geometry": {
        "type": "Polygon",
        "coordinates": [
          [
            [
              25941.453564600000391,
              41743.420119080001314
            ],
            [
              25943.466985539998859,
              41742.989291880003293
            ],
            [
              25943.294930240001122,
              41742.201919459999772
            ],
            [
              25950.97837170576895,
              41740.779813001041475
            ],
            [
              25958.850001141090615,
              41777.749999948733603
            ],
            [
              25956.675580444629304,
              41778.112403398132301
            ],
            [
              25960.232297024151194,
              41797.372984653542517
            ],
            [
              25958.920999999998457,
              41804.469451447410393
            ],
            [
              25954.463013159998809,
              41805.431462799992005
            ],
            [
              25941.453564600000391,
              41743.420119080001314
            ]
          ]
        ]
      }
    },
    {
      "type": "Feature",
      "properties": {
        "fid": 37,
        "Layer": "00 ОКН",
        "Linetype": "17FB",
        "Text_2": "{\\C7;90}",
        "plaintext_2": "90"
      },
      "geometry": {
        "type": "Polygon",
        "coordinates": [
          [
            [
              25892.45000114108916,
              41779.06999994871876
            ],
            [
              25910.05000038327853,
              41774.669997010350926
            ],
            [
              25922.786860258540401,
              41824.694064595030795
            ],
            [
              25909.964766510889604,
              41827.929514218238182
            ],
            [
              25908.080234509998263,
              41820.951677160002873
            ],
            [
              25903.68883311999889,
              41822.168916559996433
            ],
            [
              25902.605982493379997,
              41818.392186287557706
            ],
            [
              25905.090001141088578,
              41817.7899999487272
            ],
            [
              25902.130001141089451,
              41805.909999948729819
            ],
            [
              25900.210001141091197,
              41806.389999948718469
            ],
            [
              25898.850001141090615,
              41801.509999948721088
            ],
            [
              25900.770001141088869,
              41801.029999948717887
            ],
            [
              25897.57000114109178,
              41789.309999948716722
            ],
            [
              25895.090001141088578,
              41789.86999994872167
            ],
            [
              25892.45000114108916,
              41779.06999994871876
            ]
          ]
        ]
      }
    },
    {
      "type": "Feature",
      "properties": {
        "fid": 38,
        "Layer": "00 ОКН",
        "Linetype": "17FC",
        "Text_2": null,
        "plaintext_2": null
      },
      "geometry": {
        "type": "Polygon",
        "coordinates": [
          [
            [
              25550.405088217521552,
              42010.292867849471804
            ],
            [
              25546.987486008900305,
              42014.330842369119637
            ],
            [
              25547.812643880261021,
              42015.010053665842861
            ],
            [
              25546.834098496128718,
              42016.286487796693109
            ],
            [
              25548.424112914661237,
              42017.803497364642681
            ],
            [
              25546.655544991030183,
              42020.061541135299194
            ],
            [
              25552.479701452070003,
              42024.468989354441874
            ],
            [
              25558.535268115349027,
              42016.898295375751331
            ],
            [
              25550.405088217521552,
              42010.292867849471804
            ]
          ]
        ]
      }
    },
    {
      "type": "Feature",
      "properties": {
        "fid": 39,
        "Layer": "00 ОКН",
        "Linetype": "17FD",
        "Text_2": null,
        "plaintext_2": null
      },
      "geometry": {
        "type": "Polygon",
        "coordinates": [
          [
            [
              25482.489623716450296,
              41976.178970420500264
            ],
            [
              25482.482544143782434,
              41976.381702856509946
            ],
            [
              25482.461339916750148,
              41976.583447600474756
            ],
            [
              25482.426114340214554,
              41976.783221772268007
            ],
            [
              25482.37703902964131,
              41976.98005209222174
            ],
            [
              25482.314353075013059,
              41977.172979622795538
            ],
            [
              25482.238361875999544,
              41977.36106444044708
            ],
            [
              25482.149435654082481,
              41977.543390214865212
            ],
            [
              25482.048007648874773,
              41977.719068673191941
            ],
            [
              25481.93457200742705,
              41977.887243927638337
            ],
            [
              25481.809681376780645,
              41978.047096645277634
            ],
            [
              25481.673944211528578,
              41978.197848039730161
            ],
            [
              25481.528021809503116,
              41978.33876366536424
            ],
            [
              25481.372625089974463,
              41978.469156995408412
            ],
            [
              25481.208511130138504,
              41978.588392766665493
            ],
            [
              25481.036479476715613,
              41978.69589007445029
            ],
            [
              25480.857368250624859,
              41978.791125202675175
            ],
            [
              25480.672050063760253,
              41978.873634175375628
            ],
            [
              25480.481427767692367,
              41978.943015017131984
            ],
            [
              25480.28643005509366,
              41978.998929711451638
            ],
            [
              25480.088006935216981,
              41979.041105847572908
            ],
            [
              25479.887125105553423,
              41979.06933794759243
            ],
            [
              25479.684763242184999,
              41979.083488467549614
            ],
            [
              25479.481907231776859,
              41979.083488467549614
            ],
            [
              25479.279545368408435,
              41979.06933794759243
            ],
            [
              25479.078663538744877,
              41979.041105847572908
            ],
            [
              25478.880240418868198,
              41978.998929711451638
            ],
            [
              25478.685242706269491,
              41978.943015017131984
            ],
            [
              25478.494620410201605,
              41978.873634175375628
            ],
            [
              25478.309302223336999,
              41978.791125202675175
            ],
            [
              25478.130190997246245,
              41978.69589007445029
            ],
            [
              25477.958159343823354,
              41978.588392766665493
            ],
            [
              25477.794045383987395,
              41978.469156995408412
            ],
            [
              25477.638648664458742,
              41978.33876366536424
            ],
            [
              25477.49272626243328,
              41978.197848039730161
            ],
            [
              25477.356989097181213,
              41978.047096645277634
            ],
            [
              25477.232098466534808,
              41977.887243927638337
            ],
            [
              25477.118662825087085,
              41977.719068673191941
            ],
            [
              25477.017234819879377,
              41977.543390214865212
            ],
            [
              25476.928308597962314,
              41977.36106444044708
            ],
            [
              25476.852317398948799,
              41977.172979622795538
            ],
            [
              25476.789631444320548,
              41976.98005209222174
            ],
            [
              25476.740556133747305,
              41976.783221772268007
            ],
            [
              25476.70533055721171,
              41976.583447600474756
            ],
            [
              25476.684126330179424,
              41976.381702856509946
            ],
            [
              25476.677046757511562,
              41976.178970420500264
            ],
            [
              25476.684126330179424,
              41975.976237984490581
            ],
            [
              25476.70533055721171,
              41975.774493240525771
            ],
            [
              25476.740556133747305,
              41975.57471906873252
            ],
            [
              25476.789631444320548,
              41975.377888748778787
            ],
            [
              25476.852317398948799,
              41975.18496121820499
            ],
            [
              25476.928308597962314,
              41974.996876400553447
            ],
            [
              25477.017234819879377,
              41974.814550626135315
            ],
            [
              25477.118662825087085,
              41974.638872167808586
            ],
            [
              25477.232098466534808,
              41974.47069691336219
            ],
            [
              25477.356989097181213,
              41974.310844195722893
            ],
            [
              25477.49272626243328,
              41974.160092801270366
            ],
            [
              25477.638648664458742,
              41974.019177175636287
            ],
            [
              25477.794045383987395,
              41973.888783845592116
            ],
            [
              25477.958159343823354,
              41973.769548074335034
            ],
            [
              25478.130190997246245,
              41973.662050766550237
            ],
            [
              25478.309302223336999,
              41973.566815638325352
            ],
            [
              25478.494620410201605,
              41973.484306665624899
            ],
            [
              25478.685242706269491,
              41973.414925823868543
            ],
            [
              25478.880240418868198,
              41973.35901112954889
            ],
            [
              25479.078663538744877,
              41973.316834993427619
            ],
            [
              25479.279545368408435,
              41973.288602893408097
            ],
            [
              25479.481907231776859,
              41973.274452373450913
            ],
            [
              25479.684763242184999,
              41973.274452373450913
            ],
            [
              25479.887125105553423,
              41973.288602893408097
            ],
            [
              25480.088006935216981,
              41973.316834993427619
            ],
            [
              25480.28643005509366,
              41973.35901112954889
            ],
            [
              25480.481427767692367,
              41973.414925823868543
            ],
            [
              25480.672050063760253,
              41973.484306665624899
            ],
            [
              25480.857368250624859,
              41973.566815638325352
            ],
            [
              25481.036479476715613,
              41973.662050766550237
            ],
            [
              25481.208511130138504,
              41973.769548074335034
            ],
            [
              25481.372625089974463,
              41973.888783845592116
            ],
            [
              25481.528021809503116,
              41974.019177175636287
            ],
            [
              25481.673944211528578,
              41974.160092801270366
            ],
            [
              25481.809681376780645,
              41974.310844195722893
            ],
            [
              25481.93457200742705,
              41974.47069691336219
            ],
            [
              25482.048007648874773,
              41974.638872167808586
            ],
            [
              25482.149435654082481,
              41974.814550626135315
            ],
            [
              25482.238361875999544,
              41974.996876400553447
            ],
            [
              25482.314353075013059,
              41975.18496121820499
            ],
            [
              25482.37703902964131,
              41975.377888748778787
            ],
            [
              25482.426114340214554,
              41975.57471906873252
            ],
            [
              25482.461339916750148,
              41975.774493240525771
            ],
            [
              25482.482544143782434,
              41975.976237984490581
            ],
            [
              25482.489623716450296,
              41976.178970420500264
            ]
          ]
        ]
      }
    },
    {
      "type": "Feature",
      "properties": {
        "fid": 40,
        "Layer": "00 ОКН",
        "Linetype": "17FF",
        "Text_2": null,
        "plaintext_2": null
      },
      "geometry": {
        "type": "Polygon",
        "coordinates": [
          [
            [
              25554.024064981287665,
              42013.241390226838121
            ],
            [
              25554.016985408619803,
              42013.444122662847803
            ],
            [
              25553.995781181587517,
              42013.645867406812613
            ],
            [
              25553.960555605051923,
              42013.845641578605864
            ],
            [
              25553.911480294478679,
              42014.042471898559597
            ],
            [
              25553.848794339850429,
              42014.235399429133395
            ],
            [
              25553.772803140836913,
              42014.423484246784938
            ],
            [
              25553.68387691891985,
              42014.605810021203069
            ],
            [
              25553.582448913712142,
              42014.781488479529798
            ],
            [
              25553.469013272264419,
              42014.949663733976195
            ],
            [
              25553.344122641618014,
              42015.109516451615491
            ],
            [
              25553.208385476365947,
              42015.260267846068018
            ],
            [
              25553.062463074340485,
              42015.401183471702097
            ],
            [
              25552.907066354811832,
              42015.531576801746269
            ],
            [
              25552.742952394975873,
              42015.65081257300335
            ],
            [
              25552.570920741552982,
              42015.758309880788147
            ],
            [
              25552.391809515462228,
              42015.853545009013033
            ],
            [
              25552.206491328597622,
              42015.936053981713485
            ],
            [
              25552.015869032529736,
              42016.005434823469841
            ],
            [
              25551.82087131993103,
              42016.061349517789495
            ],
            [
              25551.62244820005435,
              42016.103525653910765
            ],
            [
              25551.421566370390792,
              42016.131757753930287
            ],
            [
              25551.219204507022368,
              42016.145908273887471
            ],
            [
              25551.016348496614228,
              42016.145908273887471
            ],
            [
              25550.813986633245804,
              42016.131757753930287
            ],
            [
              25550.613104803582246,
              42016.103525653910765
            ],
            [
              25550.414681683705567,
              42016.061349517789495
            ],
            [
              25550.219683971106861,
              42016.005434823469841
            ],
            [
              25550.029061675038974,
              42015.936053981713485
            ],
            [
              25549.843743488174368,
              42015.853545009013033
            ],
            [
              25549.664632262083614,
              42015.758309880788147
            ],
            [
              25549.492600608660723,
              42015.65081257300335
            ],
            [
              25549.328486648824764,
              42015.531576801746269
            ],
            [
              25549.173089929296111,
              42015.401183471702097
            ],
            [
              25549.027167527270649,
              42015.260267846068018
            ],
            [
              25548.891430362018582,
              42015.109516451615491
            ],
            [
              25548.766539731372177,
              42014.949663733976195
            ],
            [
              25548.653104089924454,
              42014.781488479529798
            ],
            [
              25548.551676084716746,
              42014.605810021203069
            ],
            [
              25548.462749862799683,
              42014.423484246784938
            ],
            [
              25548.386758663786168,
              42014.235399429133395
            ],
            [
              25548.324072709157917,
              42014.042471898559597
            ],
            [
              25548.274997398584674,
              42013.845641578605864
            ],
            [
              25548.239771822049079,
              42013.645867406812613
            ],
            [
              25548.218567595016793,
              42013.444122662847803
            ],
            [
              25548.211488022348931,
              42013.241390226838121
            ],
            [
              25548.218567595016793,
              42013.038657790828438
            ],
            [
              25548.239771822049079,
              42012.836913046863629
            ],
            [
              25548.274997398584674,
              42012.637138875070377
            ],
            [
              25548.324072709157917,
              42012.440308555116644
            ],
            [
              25548.386758663786168,
              42012.247381024542847
            ],
            [
              25548.462749862799683,
              42012.059296206891304
            ],
            [
              25548.551676084716746,
              42011.876970432473172
            ],
            [
              25548.653104089924454,
              42011.701291974146443
            ],
            [
              25548.766539731372177,
              42011.533116719700047
            ],
            [
              25548.891430362018582,
              42011.37326400206075
            ],
            [
              25549.027167527270649,
              42011.222512607608223
            ],
            [
              25549.173089929296111,
              42011.081596981974144
            ],
            [
              25549.328486648824764,
              42010.951203651929973
            ],
            [
              25549.492600608660723,
              42010.831967880672892
            ],
            [
              25549.664632262083614,
              42010.724470572888094
            ],
            [
              25549.843743488174368,
              42010.629235444663209
            ],
            [
              25550.029061675038974,
              42010.546726471962756
            ],
            [
              25550.219683971106861,
              42010.477345630206401
            ],
            [
              25550.414681683705567,
              42010.421430935886747
            ],
            [
              25550.613104803582246,
              42010.379254799765476
            ],
            [
              25550.813986633245804,
              42010.351022699745954
            ],
            [
              25551.016348496614228,
              42010.33687217978877
            ],
            [
              25551.219204507022368,
              42010.33687217978877
            ],
            [
              25551.421566370390792,
              42010.351022699745954
            ],
            [
              25551.62244820005435,
              42010.379254799765476
            ],
            [
              25551.82087131993103,
              42010.421430935886747
            ],
            [
              25552.015869032529736,
              42010.477345630206401
            ],
            [
              25552.206491328597622,
              42010.546726471962756
            ],
            [
              25552.391809515462228,
              42010.629235444663209
            ],
            [
              25552.570920741552982,
              42010.724470572888094
            ],
            [
              25552.742952394975873,
              42010.831967880672892
            ],
            [
              25552.907066354811832,
              42010.951203651929973
            ],
            [
              25553.062463074340485,
              42011.081596981974144
            ],
            [
              25553.208385476365947,
              42011.222512607608223
            ],
            [
              25553.344122641618014,
              42011.37326400206075
            ],
            [
              25553.469013272264419,
              42011.533116719700047
            ],
            [
              25553.582448913712142,
              42011.701291974146443
            ],
            [
              25553.68387691891985,
              42011.876970432473172
            ],
            [
              25553.772803140836913,
              42012.059296206891304
            ],
            [
              25553.848794339850429,
              42012.247381024542847
            ],
            [
              25553.911480294478679,
              42012.440308555116644
            ],
            [
              25553.960555605051923,
              42012.637138875070377
            ],
            [
              25553.995781181587517,
              42012.836913046863629
            ],
            [
              25554.016985408619803,
              42013.038657790828438
            ],
            [
              25554.024064981287665,
              42013.241390226838121
            ]
          ]
        ]
      }
    },
    {
      "type": "Feature",
      "properties": {
        "fid": 41,
        "Layer": "00 ОКН",
        "Linetype": "1801",
        "Text_2": null,
        "plaintext_2": null
      },
      "geometry": {
        "type": "Polygon",
        "coordinates": [
          [
            [
              25569.884427242039237,
              42023.677064087991312
            ],
            [
              25569.877347669371375,
              42023.879796524000994
            ],
            [
              25569.856143442339089,
              42024.081541267965804
            ],
            [
              25569.820917865803494,
              42024.281315439759055
            ],
            [
              25569.771842555230251,
              42024.478145759712788
            ],
            [
              25569.709156600602,
              42024.671073290286586
            ],
            [
              25569.633165401588485,
              42024.859158107938129
            ],
            [
              25569.544239179671422,
              42025.04148388235626
            ],
            [
              25569.442811174463714,
              42025.217162340682989
            ],
            [
              25569.329375533015991,
              42025.385337595129386
            ],
            [
              25569.204484902369586,
              42025.545190312768682
            ],
            [
              25569.068747737117519,
              42025.695941707221209
            ],
            [
              25568.922825335092057,
              42025.836857332855288
            ],
            [
              25568.767428615563404,
              42025.96725066289946
            ],
            [
              25568.603314655727445,
              42026.086486434156541
            ],
            [
              25568.431283002304554,
              42026.193983741941338
            ],
            [
              25568.2521717762138,
              42026.289218870166223
            ],
            [
              25568.066853589349193,
              42026.371727842866676
            ],
            [
              25567.876231293281307,
              42026.441108684623032
            ],
            [
              25567.681233580682601,
              42026.497023378942686
            ],
            [
              25567.482810460805922,
              42026.539199515063956
            ],
            [
              25567.281928631142364,
              42026.567431615083478
            ],
            [
              25567.07956676777394,
              42026.581582135040662
            ],
            [
              25566.8767107573658,
              42026.581582135040662
            ],
            [
              25566.674348893997376,
              42026.567431615083478
            ],
            [
              25566.473467064333818,
              42026.539199515063956
            ],
            [
              25566.275043944457138,
              42026.497023378942686
            ],
            [
              25566.080046231858432,
              42026.441108684623032
            ],
            [
              25565.889423935790546,
              42026.371727842866676
            ],
            [
              25565.70410574892594,
              42026.289218870166223
            ],
            [
              25565.524994522835186,
              42026.193983741941338
            ],
            [
              25565.352962869412295,
              42026.086486434156541
            ],
            [
              25565.188848909576336,
              42025.96725066289946
            ],
            [
              25565.033452190047683,
              42025.836857332855288
            ],
            [
              25564.887529788022221,
              42025.695941707221209
            ],
            [
              25564.751792622770154,
              42025.545190312768682
            ],
            [
              25564.626901992123749,
              42025.385337595129386
            ],
            [
              25564.513466350676026,
              42025.217162340682989
            ],
            [
              25564.412038345468318,
              42025.04148388235626
            ],
            [
              25564.323112123551255,
              42024.859158107938129
            ],
            [
              25564.247120924537739,
              42024.671073290286586
            ],
            [
              25564.184434969909489,
              42024.478145759712788
            ],
            [
              25564.135359659336245,
              42024.281315439759055
            ],
            [
              25564.100134082800651,
              42024.081541267965804
            ],
            [
              25564.078929855768365,
              42023.879796524000994
            ],
            [
              25564.071850283100503,
              42023.677064087991312
            ],
            [
              25564.078929855768365,
              42023.474331651981629
            ],
            [
              25564.100134082800651,
              42023.27258690801682
            ],
            [
              25564.135359659336245,
              42023.072812736223568
            ],
            [
              25564.184434969909489,
              42022.875982416269835
            ],
            [
              25564.247120924537739,
              42022.683054885696038
            ],
            [
              25564.323112123551255,
              42022.494970068044495
            ],
            [
              25564.412038345468318,
              42022.312644293626363
            ],
            [
              25564.513466350676026,
              42022.136965835299634
            ],
            [
              25564.626901992123749,
              42021.968790580853238
            ],
            [
              25564.751792622770154,
              42021.808937863213941
            ],
            [
              25564.887529788022221,
              42021.658186468761414
            ],
            [
              25565.033452190047683,
              42021.517270843127335
            ],
            [
              25565.188848909576336,
              42021.386877513083164
            ],
            [
              25565.352962869412295,
              42021.267641741826083
            ],
            [
              25565.524994522835186,
              42021.160144434041285
            ],
            [
              25565.70410574892594,
              42021.0649093058164
            ],
            [
              25565.889423935790546,
              42020.982400333115947
            ],
            [
              25566.080046231858432,
              42020.913019491359591
            ],
            [
              25566.275043944457138,
              42020.857104797039938
            ],
            [
              25566.473467064333818,
              42020.814928660918667
            ],
            [
              25566.674348893997376,
              42020.786696560899145
            ],
            [
              25566.8767107573658,
              42020.772546040941961
            ],
            [
              25567.07956676777394,
              42020.772546040941961
            ],
            [
              25567.281928631142364,
              42020.786696560899145
            ],
            [
              25567.482810460805922,
              42020.814928660918667
            ],
            [
              25567.681233580682601,
              42020.857104797039938
            ],
            [
              25567.876231293281307,
              42020.913019491359591
            ],
            [
              25568.066853589349193,
              42020.982400333115947
            ],
            [
              25568.2521717762138,
              42021.0649093058164
            ],
            [
              25568.431283002304554,
              42021.160144434041285
            ],
            [
              25568.603314655727445,
              42021.267641741826083
            ],
            [
              25568.767428615563404,
              42021.386877513083164
            ],
            [
              25568.922825335092057,
              42021.517270843127335
            ],
            [
              25569.068747737117519,
              42021.658186468761414
            ],
            [
              25569.204484902369586,
              42021.808937863213941
            ],
            [
              25569.329375533015991,
              42021.968790580853238
            ],
            [
              25569.442811174463714,
              42022.136965835299634
            ],
            [
              25569.544239179671422,
              42022.312644293626363
            ],
            [
              25569.633165401588485,
              42022.494970068044495
            ],
            [
              25569.709156600602,
              42022.683054885696038
            ],
            [
              25569.771842555230251,
              42022.875982416269835
            ],
            [
              25569.820917865803494,
              42023.072812736223568
            ],
            [
              25569.856143442339089,
              42023.27258690801682
            ],
            [
              25569.877347669371375,
              42023.474331651981629
            ],
            [
              25569.884427242039237,
              42023.677064087991312
            ]
          ]
        ]
      }
    },
    {
      "type": "Feature",
      "properties": {
        "fid": 42,
        "Layer": "00 ОКН",
        "Linetype": "1803",
        "Text_2": null,
        "plaintext_2": null
      },
      "geometry": {
        "type": "Polygon",
        "coordinates": [
          [
            [
              25601.326818135468784,
              42007.780808526578767
            ],
            [
              25601.319738562800921,
              42007.983540962588449
            ],
            [
              25601.298534335768636,
              42008.185285706553259
            ],
            [
              25601.263308759233041,
              42008.38505987834651
            ],
            [
              25601.214233448659797,
              42008.581890198300243
            ],
            [
              25601.151547494031547,
              42008.774817728874041
            ],
            [
              25601.075556295018032,
              42008.962902546525584
            ],
            [
              25600.986630073100969,
              42009.145228320943716
            ],
            [
              25600.88520206789326,
              42009.320906779270445
            ],
            [
              25600.771766426445538,
              42009.489082033716841
            ],
            [
              25600.646875795799133,
              42009.648934751356137
            ],
            [
              25600.511138630547066,
              42009.799686145808664
            ],
            [
              25600.365216228521604,
              42009.940601771442743
            ],
            [
              25600.20981950899295,
              42010.070995101486915
            ],
            [
              25600.045705549156992,
              42010.190230872743996
            ],
            [
              25599.8736738957341,
              42010.297728180528793
            ],
            [
              25599.694562669643346,
              42010.392963308753679
            ],
            [
              25599.50924448277874,
              42010.475472281454131
            ],
            [
              25599.318622186710854,
              42010.544853123210487
            ],
            [
              25599.123624474112148,
              42010.600767817530141
            ],
            [
              25598.925201354235469,
              42010.642943953651411
            ],
            [
              25598.724319524571911,
              42010.671176053670933
            ],
            [
              25598.521957661203487,
              42010.685326573628117
            ],
            [
              25598.319101650795346,
              42010.685326573628117
            ],
            [
              25598.116739787426923,
              42010.671176053670933
            ],
            [
              25597.915857957763365,
              42010.642943953651411
            ],
            [
              25597.717434837886685,
              42010.600767817530141
            ],
            [
              25597.522437125287979,
              42010.544853123210487
            ],
            [
              25597.331814829220093,
              42010.475472281454131
            ],
            [
              25597.146496642355487,
              42010.392963308753679
            ],
            [
              25596.967385416264733,
              42010.297728180528793
            ],
            [
              25596.795353762841842,
              42010.190230872743996
            ],
            [
              25596.631239803005883,
              42010.070995101486915
            ],
            [
              25596.47584308347723,
              42009.940601771442743
            ],
            [
              25596.329920681451767,
              42009.799686145808664
            ],
            [
              25596.194183516199701,
              42009.648934751356137
            ],
            [
              25596.069292885553295,
              42009.489082033716841
            ],
            [
              25595.955857244105573,
              42009.320906779270445
            ],
            [
              25595.854429238897865,
              42009.145228320943716
            ],
            [
              25595.765503016980801,
              42008.962902546525584
            ],
            [
              25595.689511817967286,
              42008.774817728874041
            ],
            [
              25595.626825863339036,
              42008.581890198300243
            ],
            [
              25595.577750552765792,
              42008.38505987834651
            ],
            [
              25595.542524976230197,
              42008.185285706553259
            ],
            [
              25595.521320749197912,
              42007.983540962588449
            ],
            [
              25595.514241176530049,
              42007.780808526578767
            ],
            [
              25595.521320749197912,
              42007.578076090569084
            ],
            [
              25595.542524976230197,
              42007.376331346604275
            ],
            [
              25595.577750552765792,
              42007.176557174811023
            ],
            [
              25595.626825863339036,
              42006.97972685485729
            ],
            [
              25595.689511817967286,
              42006.786799324283493
            ],
            [
              25595.765503016980801,
              42006.59871450663195
            ],
            [
              25595.854429238897865,
              42006.416388732213818
            ],
            [
              25595.955857244105573,
              42006.240710273887089
            ],
            [
              25596.069292885553295,
              42006.072535019440693
            ],
            [
              25596.194183516199701,
              42005.912682301801397
            ],
            [
              25596.329920681451767,
              42005.761930907348869
            ],
            [
              25596.47584308347723,
              42005.62101528171479
            ],
            [
              25596.631239803005883,
              42005.490621951670619
            ],
            [
              25596.795353762841842,
              42005.371386180413538
            ],
            [
              25596.967385416264733,
              42005.263888872628741
            ],
            [
              25597.146496642355487,
              42005.168653744403855
            ],
            [
              25597.331814829220093,
              42005.086144771703403
            ],
            [
              25597.522437125287979,
              42005.016763929947047
            ],
            [
              25597.717434837886685,
              42004.960849235627393
            ],
            [
              25597.915857957763365,
              42004.918673099506123
            ],
            [
              25598.116739787426923,
              42004.8904409994866
            ],
            [
              25598.319101650795346,
              42004.876290479529416
            ],
            [
              25598.521957661203487,
              42004.876290479529416
            ],
            [
              25598.724319524571911,
              42004.8904409994866
            ],
            [
              25598.925201354235469,
              42004.918673099506123
            ],
            [
              25599.123624474112148,
              42004.960849235627393
            ],
            [
              25599.318622186710854,
              42005.016763929947047
            ],
            [
              25599.50924448277874,
              42005.086144771703403
            ],
            [
              25599.694562669643346,
              42005.168653744403855
            ],
            [
              25599.8736738957341,
              42005.263888872628741
            ],
            [
              25600.045705549156992,
              42005.371386180413538
            ],
            [
              25600.20981950899295,
              42005.490621951670619
            ],
            [
              25600.365216228521604,
              42005.62101528171479
            ],
            [
              25600.511138630547066,
              42005.761930907348869
            ],
            [
              25600.646875795799133,
              42005.912682301801397
            ],
            [
              25600.771766426445538,
              42006.072535019440693
            ],
            [
              25600.88520206789326,
              42006.240710273887089
            ],
            [
              25600.986630073100969,
              42006.416388732213818
            ],
            [
              25601.075556295018032,
              42006.59871450663195
            ],
            [
              25601.151547494031547,
              42006.786799324283493
            ],
            [
              25601.214233448659797,
              42006.97972685485729
            ],
            [
              25601.263308759233041,
              42007.176557174811023
            ],
            [
              25601.298534335768636,
              42007.376331346604275
            ],
            [
              25601.319738562800921,
              42007.578076090569084
            ],
            [
              25601.326818135468784,
              42007.780808526578767
            ]
          ]
        ]
      }
    },
    {
      "type": "Feature",
      "properties": {
        "fid": 43,
        "Layer": "00 ОКН",
        "Linetype": "1805",
        "Text_2": null,
        "plaintext_2": null
      },
      "geometry": {
        "type": "Polygon",
        "coordinates": [
          [
            [
              25620.43706579379068,
              41927.818784189192229
            ],
            [
              25620.429986221122817,
              41928.021516625201912
            ],
            [
              25620.408781994090532,
              41928.223261369166721
            ],
            [
              25620.373556417554937,
              41928.423035540959972
            ],
            [
              25620.324481106981693,
              41928.619865860913706
            ],
            [
              25620.261795152353443,
              41928.812793391487503
            ],
            [
              25620.185803953339928,
              41929.000878209139046
            ],
            [
              25620.096877731422865,
              41929.183203983557178
            ],
            [
              25619.995449726215156,
              41929.358882441883907
            ],
            [
              25619.882014084767434,
              41929.527057696330303
            ],
            [
              25619.757123454121029,
              41929.686910413969599
            ],
            [
              25619.621386288868962,
              41929.837661808422126
            ],
            [
              25619.475463886843499,
              41929.978577434056206
            ],
            [
              25619.320067167314846,
              41930.108970764100377
            ],
            [
              25619.155953207478888,
              41930.228206535357458
            ],
            [
              25618.983921554055996,
              41930.335703843142255
            ],
            [
              25618.804810327965242,
              41930.430938971367141
            ],
            [
              25618.619492141100636,
              41930.513447944067593
            ],
            [
              25618.42886984503275,
              41930.582828785823949
            ],
            [
              25618.233872132434044,
              41930.638743480143603
            ],
            [
              25618.035449012557365,
              41930.680919616264873
            ],
            [
              25617.834567182893807,
              41930.709151716284396
            ],
            [
              25617.632205319525383,
              41930.72330223624158
            ],
            [
              25617.429349309117242,
              41930.72330223624158
            ],
            [
              25617.226987445748819,
              41930.709151716284396
            ],
            [
              25617.02610561608526,
              41930.680919616264873
            ],
            [
              25616.827682496208581,
              41930.638743480143603
            ],
            [
              25616.632684783609875,
              41930.582828785823949
            ],
            [
              25616.442062487541989,
              41930.513447944067593
            ],
            [
              25616.256744300677383,
              41930.430938971367141
            ],
            [
              25616.077633074586629,
              41930.335703843142255
            ],
            [
              25615.905601421163738,
              41930.228206535357458
            ],
            [
              25615.741487461327779,
              41930.108970764100377
            ],
            [
              25615.586090741799126,
              41929.978577434056206
            ],
            [
              25615.440168339773663,
              41929.837661808422126
            ],
            [
              25615.304431174521596,
              41929.686910413969599
            ],
            [
              25615.179540543875191,
              41929.527057696330303
            ],
            [
              25615.066104902427469,
              41929.358882441883907
            ],
            [
              25614.964676897219761,
              41929.183203983557178
            ],
            [
              25614.875750675302697,
              41929.000878209139046
            ],
            [
              25614.799759476289182,
              41928.812793391487503
            ],
            [
              25614.737073521660932,
              41928.619865860913706
            ],
            [
              25614.687998211087688,
              41928.423035540959972
            ],
            [
              25614.652772634552093,
              41928.223261369166721
            ],
            [
              25614.631568407519808,
              41928.021516625201912
            ],
            [
              25614.624488834851945,
              41927.818784189192229
            ],
            [
              25614.631568407519808,
              41927.616051753182546
            ],
            [
              25614.652772634552093,
              41927.414307009217737
            ],
            [
              25614.687998211087688,
              41927.214532837424485
            ],
            [
              25614.737073521660932,
              41927.017702517470752
            ],
            [
              25614.799759476289182,
              41926.824774986896955
            ],
            [
              25614.875750675302697,
              41926.636690169245412
            ],
            [
              25614.964676897219761,
              41926.45436439482728
            ],
            [
              25615.066104902427469,
              41926.278685936500551
            ],
            [
              25615.179540543875191,
              41926.110510682054155
            ],
            [
              25615.304431174521596,
              41925.950657964414859
            ],
            [
              25615.440168339773663,
              41925.799906569962332
            ],
            [
              25615.586090741799126,
              41925.658990944328252
            ],
            [
              25615.741487461327779,
              41925.528597614284081
            ],
            [
              25615.905601421163738,
              41925.409361843027
            ],
            [
              25616.077633074586629,
              41925.301864535242203
            ],
            [
              25616.256744300677383,
              41925.206629407017317
            ],
            [
              25616.442062487541989,
              41925.124120434316865
            ],
            [
              25616.632684783609875,
              41925.054739592560509
            ],
            [
              25616.827682496208581,
              41924.998824898240855
            ],
            [
              25617.02610561608526,
              41924.956648762119585
            ],
            [
              25617.226987445748819,
              41924.928416662100062
            ],
            [
              25617.429349309117242,
              41924.914266142142878
            ],
            [
              25617.632205319525383,
              41924.914266142142878
            ],
            [
              25617.834567182893807,
              41924.928416662100062
            ],
            [
              25618.035449012557365,
              41924.956648762119585
            ],
            [
              25618.233872132434044,
              41924.998824898240855
            ],
            [
              25618.42886984503275,
              41925.054739592560509
            ],
            [
              25618.619492141100636,
              41925.124120434316865
            ],
            [
              25618.804810327965242,
              41925.206629407017317
            ],
            [
              25618.983921554055996,
              41925.301864535242203
            ],
            [
              25619.155953207478888,
              41925.409361843027
            ],
            [
              25619.320067167314846,
              41925.528597614284081
            ],
            [
              25619.475463886843499,
              41925.658990944328252
            ],
            [
              25619.621386288868962,
              41925.799906569962332
            ],
            [
              25619.757123454121029,
              41925.950657964414859
            ],
            [
              25619.882014084767434,
              41926.110510682054155
            ],
            [
              25619.995449726215156,
              41926.278685936500551
            ],
            [
              25620.096877731422865,
              41926.45436439482728
            ],
            [
              25620.185803953339928,
              41926.636690169245412
            ],
            [
              25620.261795152353443,
              41926.824774986896955
            ],
            [
              25620.324481106981693,
              41927.017702517470752
            ],
            [
              25620.373556417554937,
              41927.214532837424485
            ],
            [
              25620.408781994090532,
              41927.414307009217737
            ],
            [
              25620.429986221122817,
              41927.616051753182546
            ],
            [
              25620.43706579379068,
              41927.818784189192229
            ]
          ]
        ]
      }
    },
    {
      "type": "Feature",
      "properties": {
        "fid": 44,
        "Layer": "00 ОКН",
        "Linetype": "1807",
        "Text_2": null,
        "plaintext_2": null
      },
      "geometry": {
        "type": "Polygon",
        "coordinates": [
          [
            [
              25547.022347102229105,
              41916.366282162052812
            ],
            [
              25547.015267529561243,
              41916.569014598062495
            ],
            [
              25546.994063302528957,
              41916.770759342027304
            ],
            [
              25546.958837725993362,
              41916.970533513820556
            ],
            [
              25546.909762415420118,
              41917.167363833774289
            ],
            [
              25546.847076460791868,
              41917.360291364348086
            ],
            [
              25546.771085261778353,
              41917.548376181999629
            ],
            [
              25546.68215903986129,
              41917.730701956417761
            ],
            [
              25546.580731034653581,
              41917.90638041474449
            ],
            [
              25546.467295393205859,
              41918.074555669190886
            ],
            [
              25546.342404762559454,
              41918.234408386830182
            ],
            [
              25546.206667597307387,
              41918.385159781282709
            ],
            [
              25546.060745195281925,
              41918.526075406916789
            ],
            [
              25545.905348475753271,
              41918.65646873696096
            ],
            [
              25545.741234515917313,
              41918.775704508218041
            ],
            [
              25545.569202862494421,
              41918.883201816002838
            ],
            [
              25545.390091636403668,
              41918.978436944227724
            ],
            [
              25545.204773449539061,
              41919.060945916928176
            ],
            [
              25545.014151153471175,
              41919.130326758684532
            ],
            [
              25544.819153440872469,
              41919.186241453004186
            ],
            [
              25544.62073032099579,
              41919.228417589125456
            ],
            [
              25544.419848491332232,
              41919.256649689144979
            ],
            [
              25544.217486627963808,
              41919.270800209102163
            ],
            [
              25544.014630617555667,
              41919.270800209102163
            ],
            [
              25543.812268754187244,
              41919.256649689144979
            ],
            [
              25543.611386924523686,
              41919.228417589125456
            ],
            [
              25543.412963804647006,
              41919.186241453004186
            ],
            [
              25543.2179660920483,
              41919.130326758684532
            ],
            [
              25543.027343795980414,
              41919.060945916928176
            ],
            [
              25542.842025609115808,
              41918.978436944227724
            ],
            [
              25542.662914383025054,
              41918.883201816002838
            ],
            [
              25542.490882729602163,
              41918.775704508218041
            ],
            [
              25542.326768769766204,
              41918.65646873696096
            ],
            [
              25542.171372050237551,
              41918.526075406916789
            ],
            [
              25542.025449648212089,
              41918.385159781282709
            ],
            [
              25541.889712482960022,
              41918.234408386830182
            ],
            [
              25541.764821852313617,
              41918.074555669190886
            ],
            [
              25541.651386210865894,
              41917.90638041474449
            ],
            [
              25541.549958205658186,
              41917.730701956417761
            ],
            [
              25541.461031983741123,
              41917.548376181999629
            ],
            [
              25541.385040784727607,
              41917.360291364348086
            ],
            [
              25541.322354830099357,
              41917.167363833774289
            ],
            [
              25541.273279519526113,
              41916.970533513820556
            ],
            [
              25541.238053942990518,
              41916.770759342027304
            ],
            [
              25541.216849715958233,
              41916.569014598062495
            ],
            [
              25541.20977014329037,
              41916.366282162052812
            ],
            [
              25541.216849715958233,
              41916.163549726043129
            ],
            [
              25541.238053942990518,
              41915.96180498207832
            ],
            [
              25541.273279519526113,
              41915.762030810285069
            ],
            [
              25541.322354830099357,
              41915.565200490331335
            ],
            [
              25541.385040784727607,
              41915.372272959757538
            ],
            [
              25541.461031983741123,
              41915.184188142105995
            ],
            [
              25541.549958205658186,
              41915.001862367687863
            ],
            [
              25541.651386210865894,
              41914.826183909361134
            ],
            [
              25541.764821852313617,
              41914.658008654914738
            ],
            [
              25541.889712482960022,
              41914.498155937275442
            ],
            [
              25542.025449648212089,
              41914.347404542822915
            ],
            [
              25542.171372050237551,
              41914.206488917188835
            ],
            [
              25542.326768769766204,
              41914.076095587144664
            ],
            [
              25542.490882729602163,
              41913.956859815887583
            ],
            [
              25542.662914383025054,
              41913.849362508102786
            ],
            [
              25542.842025609115808,
              41913.7541273798779
            ],
            [
              25543.027343795980414,
              41913.671618407177448
            ],
            [
              25543.2179660920483,
              41913.602237565421092
            ],
            [
              25543.412963804647006,
              41913.546322871101438
            ],
            [
              25543.611386924523686,
              41913.504146734980168
            ],
            [
              25543.812268754187244,
              41913.475914634960645
            ],
            [
              25544.014630617555667,
              41913.461764115003461
            ],
            [
              25544.217486627963808,
              41913.461764115003461
            ],
            [
              25544.419848491332232,
              41913.475914634960645
            ],
            [
              25544.62073032099579,
              41913.504146734980168
            ],
            [
              25544.819153440872469,
              41913.546322871101438
            ],
            [
              25545.014151153471175,
              41913.602237565421092
            ],
            [
              25545.204773449539061,
              41913.671618407177448
            ],
            [
              25545.390091636403668,
              41913.7541273798779
            ],
            [
              25545.569202862494421,
              41913.849362508102786
            ],
            [
              25545.741234515917313,
              41913.956859815887583
            ],
            [
              25545.905348475753271,
              41914.076095587144664
            ],
            [
              25546.060745195281925,
              41914.206488917188835
            ],
            [
              25546.206667597307387,
              41914.347404542822915
            ],
            [
              25546.342404762559454,
              41914.498155937275442
            ],
            [
              25546.467295393205859,
              41914.658008654914738
            ],
            [
              25546.580731034653581,
              41914.826183909361134
            ],
            [
              25546.68215903986129,
              41915.001862367687863
            ],
            [
              25546.771085261778353,
              41915.184188142105995
            ],
            [
              25546.847076460791868,
              41915.372272959757538
            ],
            [
              25546.909762415420118,
              41915.565200490331335
            ],
            [
              25546.958837725993362,
              41915.762030810285069
            ],
            [
              25546.994063302528957,
              41915.96180498207832
            ],
            [
              25547.015267529561243,
              41916.163549726043129
            ],
            [
              25547.022347102229105,
              41916.366282162052812
            ]
          ]
        ]
      }
    },
    {
      "type": "Feature",
      "properties": {
        "fid": 45,
        "Layer": "00 ОКН",
        "Linetype": "1809",
        "Text_2": null,
        "plaintext_2": null
      },
      "geometry": {
        "type": "Polygon",
        "coordinates": [
          [
            [
              25566.443979529118224,
              41887.777450674919237
            ],
            [
              25566.436899956450361,
              41887.98018311092892
            ],
            [
              25566.415695729418076,
              41888.181927854893729
            ],
            [
              25566.380470152882481,
              41888.38170202668698
            ],
            [
              25566.331394842309237,
              41888.578532346640714
            ],
            [
              25566.268708887680987,
              41888.771459877214511
            ],
            [
              25566.192717688667472,
              41888.959544694866054
            ],
            [
              25566.103791466750408,
              41889.141870469284186
            ],
            [
              25566.0023634615427,
              41889.317548927610915
            ],
            [
              25565.888927820094978,
              41889.485724182057311
            ],
            [
              25565.764037189448572,
              41889.645576899696607
            ],
            [
              25565.628300024196506,
              41889.796328294149134
            ],
            [
              25565.482377622171043,
              41889.937243919783214
            ],
            [
              25565.32698090264239,
              41890.067637249827385
            ],
            [
              25565.162866942806431,
              41890.186873021084466
            ],
            [
              25564.99083528938354,
              41890.294370328869263
            ],
            [
              25564.811724063292786,
              41890.389605457094149
            ],
            [
              25564.62640587642818,
              41890.472114429794601
            ],
            [
              25564.435783580360294,
              41890.541495271550957
            ],
            [
              25564.240785867761588,
              41890.597409965870611
            ],
            [
              25564.042362747884908,
              41890.639586101991881
            ],
            [
              25563.84148091822135,
              41890.667818202011404
            ],
            [
              25563.639119054852927,
              41890.681968721968587
            ],
            [
              25563.436263044444786,
              41890.681968721968587
            ],
            [
              25563.233901181076362,
              41890.667818202011404
            ],
            [
              25563.033019351412804,
              41890.639586101991881
            ],
            [
              25562.834596231536125,
              41890.597409965870611
            ],
            [
              25562.639598518937419,
              41890.541495271550957
            ],
            [
              25562.448976222869533,
              41890.472114429794601
            ],
            [
              25562.263658036004927,
              41890.389605457094149
            ],
            [
              25562.084546809914173,
              41890.294370328869263
            ],
            [
              25561.912515156491281,
              41890.186873021084466
            ],
            [
              25561.748401196655323,
              41890.067637249827385
            ],
            [
              25561.593004477126669,
              41889.937243919783214
            ],
            [
              25561.447082075101207,
              41889.796328294149134
            ],
            [
              25561.31134490984914,
              41889.645576899696607
            ],
            [
              25561.186454279202735,
              41889.485724182057311
            ],
            [
              25561.073018637755013,
              41889.317548927610915
            ],
            [
              25560.971590632547304,
              41889.141870469284186
            ],
            [
              25560.882664410630241,
              41888.959544694866054
            ],
            [
              25560.806673211616726,
              41888.771459877214511
            ],
            [
              25560.743987256988476,
              41888.578532346640714
            ],
            [
              25560.694911946415232,
              41888.38170202668698
            ],
            [
              25560.659686369879637,
              41888.181927854893729
            ],
            [
              25560.638482142847351,
              41887.98018311092892
            ],
            [
              25560.631402570179489,
              41887.777450674919237
            ],
            [
              25560.638482142847351,
              41887.574718238909554
            ],
            [
              25560.659686369879637,
              41887.372973494944745
            ],
            [
              25560.694911946415232,
              41887.173199323151493
            ],
            [
              25560.743987256988476,
              41886.97636900319776
            ],
            [
              25560.806673211616726,
              41886.783441472623963
            ],
            [
              25560.882664410630241,
              41886.59535665497242
            ],
            [
              25560.971590632547304,
              41886.413030880554288
            ],
            [
              25561.073018637755013,
              41886.237352422227559
            ],
            [
              25561.186454279202735,
              41886.069177167781163
            ],
            [
              25561.31134490984914,
              41885.909324450141867
            ],
            [
              25561.447082075101207,
              41885.75857305568934
            ],
            [
              25561.593004477126669,
              41885.61765743005526
            ],
            [
              25561.748401196655323,
              41885.487264100011089
            ],
            [
              25561.912515156491281,
              41885.368028328754008
            ],
            [
              25562.084546809914173,
              41885.260531020969211
            ],
            [
              25562.263658036004927,
              41885.165295892744325
            ],
            [
              25562.448976222869533,
              41885.082786920043873
            ],
            [
              25562.639598518937419,
              41885.013406078287517
            ],
            [
              25562.834596231536125,
              41884.957491383967863
            ],
            [
              25563.033019351412804,
              41884.915315247846593
            ],
            [
              25563.233901181076362,
              41884.88708314782707
            ],
            [
              25563.436263044444786,
              41884.872932627869886
            ],
            [
              25563.639119054852927,
              41884.872932627869886
            ],
            [
              25563.84148091822135,
              41884.88708314782707
            ],
            [
              25564.042362747884908,
              41884.915315247846593
            ],
            [
              25564.240785867761588,
              41884.957491383967863
            ],
            [
              25564.435783580360294,
              41885.013406078287517
            ],
            [
              25564.62640587642818,
              41885.082786920043873
            ],
            [
              25564.811724063292786,
              41885.165295892744325
            ],
            [
              25564.99083528938354,
              41885.260531020969211
            ],
            [
              25565.162866942806431,
              41885.368028328754008
            ],
            [
              25565.32698090264239,
              41885.487264100011089
            ],
            [
              25565.482377622171043,
              41885.61765743005526
            ],
            [
              25565.628300024196506,
              41885.75857305568934
            ],
            [
              25565.764037189448572,
              41885.909324450141867
            ],
            [
              25565.888927820094978,
              41886.069177167781163
            ],
            [
              25566.0023634615427,
              41886.237352422227559
            ],
            [
              25566.103791466750408,
              41886.413030880554288
            ],
            [
              25566.192717688667472,
              41886.59535665497242
            ],
            [
              25566.268708887680987,
              41886.783441472623963
            ],
            [
              25566.331394842309237,
              41886.97636900319776
            ],
            [
              25566.380470152882481,
              41887.173199323151493
            ],
            [
              25566.415695729418076,
              41887.372973494944745
            ],
            [
              25566.436899956450361,
              41887.574718238909554
            ],
            [
              25566.443979529118224,
              41887.777450674919237
            ]
          ]
        ]
      }
    },
    {
      "type": "Feature",
      "properties": {
        "fid": 46,
        "Layer": "00 ОКН",
        "Linetype": "180B",
        "Text_2": "{\\C7;86}",
        "plaintext_2": "86"
      },
      "geometry": {
        "type": "Polygon",
        "coordinates": [
          [
            [
              25519.925721186838928,
              41941.318507464042341
            ],
            [
              25515.925721186838928,
              41929.318507464042341
            ],
            [
              25523.925721186838928,
              41929.318507464042341
            ],
            [
              25519.925721186838928,
              41941.318507464042341
            ]
          ]
        ]
      }
    },
    {
      "type": "Feature",
      "properties": {
        "fid": 47,
        "Layer": "00 ОКН",
        "Linetype": "180D",
        "Text_2": "{\\C7;87}",
        "plaintext_2": "87"
      },
      "geometry": {
        "type": "Polygon",
        "coordinates": [
          [
            [
              25638.895,
              41664.928
            ],
            [
              25656.972441663201607,
              41660.671928707328334
            ],
            [
              25665.103441663188278,
              41695.207928707328392
            ],
            [
              25646.887779708849848,
              41699.6386797596424
            ],
            [
              25638.895,
              41664.928
            ]
          ]
        ]
      }
    },
    {
      "type": "Feature",
      "properties": {
        "fid": 48,
        "Layer": "00 ОКН",
        "Linetype": "180E",
        "Text_2": "{\\C7;91}",
        "plaintext_2": "91"
      },
      "geometry": {
        "type": "Polygon",
        "coordinates": [
          [
            [
              25939.054785889191407,
              41731.980266695631144
            ],
            [
              25960.299015210181096,
              41727.621661391487578
            ],
            [
              25962.513093163401209,
              41738.413273958030913
            ],
            [
              25943.294930240001122,
              41742.201919459999772
            ],
            [
              25943.466985539998859,
              41742.989291880003293
            ],
            [
              25941.453564600000391,
              41743.420119080001314
            ],
            [
              25939.054785889191407,
              41731.980266695631144
            ]
          ]
        ]
      }
    },
    {
      "type": "Feature",
      "properties": {
        "fid": 49,
        "Layer": "00 ОКН",
        "Linetype": "180F",
        "Text_2": null,
        "plaintext_2": null
      },
      "geometry": {
        "type": "Polygon",
        "coordinates": [
          [
            [
              25778.366358285569731,
              41841.608461740397615
            ],
            [
              25791.471962717620045,
              41838.329643949356978
            ],
            [
              25804.132243704840221,
              41890.091314680961659
            ],
            [
              25790.966596981710609,
              41893.348263991618296
            ],
            [
              25778.366358285569731,
              41841.608461740397615
            ]
          ]
        ]
      }
    },
    {
      "type": "Feature",
      "properties": {
        "fid": 50,
        "Layer": "00 ОКН",
        "Linetype": "1810",
        "Text_2": "{\\C7;406}",
        "plaintext_2": "406"
      },
      "geometry": {
        "type": "Polygon",
        "coordinates": [
          [
            [
              25996.968499823960883,
              41886.920442178328813
            ],
            [
              26020.970000000001164,
              41879.369999999988067
            ],
            [
              26021.330000000001746,
              41880.54
            ],
            [
              26022.25,
              41880.260000000002037
            ],
            [
              26027.09,
              41896.39
            ],
            [
              26026.240000000001601,
              41896.650000000001455
            ],
            [
              26026.515517696949246,
              41897.554042443087383
            ],
            [
              26002.828058230948955,
              41905.027437122007541
            ],
            [
              25996.968499823960883,
              41886.920442178328813
            ]
          ]
        ]
      }
    },
    {
      "type": "Feature",
      "properties": {
        "fid": 51,
        "Layer": "00 ОКН",
        "Linetype": "1812",
        "Text_2": null,
        "plaintext_2": null
      },
      "geometry": {
        "type": "Polygon",
        "coordinates": [
          [
            [
              26172.680705824750476,
              41994.800078323401976
            ],
            [
              26180.468355653239996,
              41991.253928984311642
            ],
            [
              26192.333039442150039,
              42017.309797995607369
            ],
            [
              26178.020901758271066,
              42023.826908896378882
            ],
            [
              26174.45969960309958,
              42016.006201785407029
            ],
            [
              26177.767800870999054,
              42014.499839611569769
            ],
            [
              26174.375193169580598,
              42007.049380463431589
            ],
            [
              26177.591579757088766,
              42005.584781075580395
            ],
            [
              26172.680705824750476,
              41994.800078323401976
            ]
          ]
        ]
      }
    },
    {
      "type": "Feature",
      "properties": {
        "fid": 52,
        "Layer": "00 ОКН",
        "Linetype": "1813",
        "Text_2": "{\\C7;164}",
        "plaintext_2": "164"
      },
      "geometry": {
        "type": "Polygon",
        "coordinates": [
          [
            [
              26187.441069038679416,
              41963.962005276778655
            ],
            [
              26146.628203275129636,
              41982.029326774718356
            ],
            [
              26082.277197,
              41837.030243000001065
            ],
            [
              26123.211972,
              41818.907802000001539
            ],
            [
              26187.441069038679416,
              41963.962005276778655
            ]
          ]
        ]
      }
    },
    {
      "type": "Feature",
      "properties": {
        "fid": 52,
        "Layer": "00 ОКН",
        "Linetype": "1813",
        "Text_2": "{\\C7;164}",
        "plaintext_2": "164"
      },
      "geometry": {
        "type": "Polygon",
        "coordinates": [
          [
            [
              26187.441069038679416,
              41963.962005276778655
            ],
            [
              26146.628203275129636,
              41982.029326774718356
            ],
            [
              26082.277197,
              41837.030243000001065
            ],
            [
              26123.211972,
              41818.907802000001539
            ],
            [
              26187.441069038679416,
              41963.962005276778655
            ]
          ]
        ]
      }
    },
    {
      "type": "Feature",
      "properties": {
        "fid": 53,
        "Layer": "00 ОКН",
        "Linetype": "1814",
        "Text_2": "{\\C7;421}",
        "plaintext_2": "421"
      },
      "geometry": {
        "type": "Polygon",
        "coordinates": [
          [
            [
              26009.767379870008881,
              41615.603271120009595
            ],
            [
              26008.321192366558535,
              41615.649425482137303
            ],
            [
              26008.026077273170813,
              41578.349617307067092
            ],
            [
              26005.466893391600024,
              41578.414905280100356
            ],
            [
              26005.138714,
              41555.500925
            ],
            [
              26024.25681700000132,
              41554.492089
            ],
            [
              26024.393109963781171,
              41577.930855029982922
            ],
            [
              26035.540550438709033,
              41577.647688776276482
            ],
            [
              26036.630148410771653,
              41652.004415352210344
            ],
            [
              26016.381394780000846,
              41652.442313369989279
            ],
            [
              26016.374299560000509,
              41650.672407760001079
            ],
            [
              26010.866617849998875,
              41650.826725350001652
            ],
            [
              26009.767379870008881,
              41615.603271120009595
            ]
          ]
        ]
      }
    },
    {
      "type": "Feature",
      "properties": {
        "fid": 54,
        "Layer": "00 ОКН",
        "Linetype": "1815",
        "Text_2": null,
        "plaintext_2": null
      },
      "geometry": {
        "type": "Polygon",
        "coordinates": [
          [
            [
              25191.897982857939496,
              41138.87283082457725
            ],
            [
              25182.119806444839924,
              41149.467306253827701
            ],
            [
              25159.684607381448586,
              41128.25386927917134
            ],
            [
              25169.462783794559073,
              41117.746235088299727
            ],
            [
              25191.897982857939496,
              41138.87283082457725
            ]
          ]
        ]
      }
    },
    {
      "type": "Feature",
      "properties": {
        "fid": 55,
        "Layer": "00 ОКН",
        "Linetype": "1816",
        "Text_2": "{\\C7;458}",
        "plaintext_2": "458"
      },
      "geometry": {
        "type": "Polygon",
        "coordinates": [
          [
            [
              24396.660642482838739,
              39605.830586630458129
            ],
            [
              24402.737444686750678,
              39622.978794288661447
            ],
            [
              24413.935021361179679,
              39618.88096451308229
            ],
            [
              24397.483274604001053,
              39572.178895277109405
            ],
            [
              24384.285928959310695,
              39576.876216732816829
            ],
            [
              24389.517762126368325,
              39591.272439634041802
            ],
            [
              24383.898623862438399,
              39593.285923229406762
            ],
            [
              24389.297122989879426,
              39608.561926132591907
            ],
            [
              24396.660642482838739,
              39605.830586630458129
            ]
          ]
        ]
      }
    },
    {
      "type": "Feature",
      "properties": {
        "fid": 56,
        "Layer": "00 ОКН",
        "Linetype": "1817",
        "Text_2": null,
        "plaintext_2": null
      },
      "geometry": {
        "type": "Polygon",
        "coordinates": [
          [
            [
              23340.572245443490829,
              38737.941901281847095
            ],
            [
              23336.572245443490829,
              38725.941901281847095
            ],
            [
              23344.572245443490829,
              38725.941901281847095
            ],
            [
              23340.572245443490829,
              38737.941901281847095
            ]
          ]
        ]
      }
    },
    {
      "type": "Feature",
      "properties": {
        "fid": 57,
        "Layer": "00 ОКН",
        "Linetype": "1819",
        "Text_2": null,
        "plaintext_2": null
      },
      "geometry": {
        "type": "Polygon",
        "coordinates": [
          [
            [
              23477.536885406800138,
              39135.05451560846268
            ],
            [
              23473.536885406800138,
              39123.054515608448128
            ],
            [
              23481.536885406789224,
              39123.054515608448128
            ],
            [
              23477.536885406800138,
              39135.05451560846268
            ]
          ]
        ]
      }
    },
    {
      "type": "Feature",
      "properties": {
        "fid": 58,
        "Layer": "00 ОКН",
        "Linetype": "181B",
        "Text_2": "{\\C7;461}",
        "plaintext_2": "461"
      },
      "geometry": {
        "type": "Polygon",
        "coordinates": [
          [
            [
              24557.353500000001077,
              39916.808599999996659
            ],
            [
              24557.565999999998894,
              39928.660000000010768
            ],
            [
              24598.023399999998219,
              39927.863299999997253
            ],
            [
              24597.825,
              39916.059000000001106
            ],
            [
              24557.353500000001077,
              39916.808599999996659
            ]
          ]
        ]
      }
    },
    {
      "type": "Feature",
      "properties": {
        "fid": 59,
        "Layer": "00 ОКН",
        "Linetype": "181C",
        "Text_2": null,
        "plaintext_2": null
      },
      "geometry": {
        "type": "Polygon",
        "coordinates": [
          [
            [
              25391.113986201300577,
              41378.363847731343412
            ],
            [
              25402.702371499999572,
              41393.039755499987223
            ],
            [
              25403.6036795,
              41393.619907499989495
            ],
            [
              25404.473907499999768,
              41393.702786499998183
            ],
            [
              25405.426438999998936,
              41393.408730499999365
            ],
            [
              25410.686829499998566,
              41390.357390999990457
            ],
            [
              25409.476922999998351,
              41388.244368500003475
            ],
            [
              25406.300112500000978,
              41383.963750499999151
            ],
            [
              25407.200094,
              41383.29583950000233
            ],
            [
              25404.202655,
              41379.307910999988962
            ],
            [
              25405.995146000001114,
              41377.91718499999115
            ],
            [
              25400.871989499999472,
              41371.233033499993326
            ],
            [
              25391.113986201300577,
              41378.363847731343412
            ]
          ]
        ]
      }
    },
    {
      "type": "Feature",
      "properties": {
        "fid": 60,
        "Layer": "00 ОКН",
        "Linetype": "181D",
        "Text_2": null,
        "plaintext_2": null
      },
      "geometry": {
        "type": "Polygon",
        "coordinates": [
          [
            [
              23485.265256627691997,
              38772.740898320458655
            ],
            [
              23485.251608665661479,
              38773.131724817867507
            ],
            [
              23485.210731271079567,
              38773.520647247860325
            ],
            [
              23485.142823594498623,
              38773.905770819466852
            ],
            [
              23485.048216475297522,
              38774.285219249344664
            ],
            [
              23484.927370829842403,
              38774.657143902899406
            ],
            [
              23484.780875405976985,
              38775.019732800588827
            ],
            [
              23484.609443914683652,
              38775.371219445762108
            ],
            [
              23484.413911552946956,
              38775.709891430815333
            ],
            [
              23484.195230934783467,
              38776.034098779869964
            ],
            [
              23483.954467450184893,
              38776.342261987323582
            ],
            [
              23483.692794074642734,
              38776.632879712997237
            ],
            [
              23483.411485654542048,
              38776.904536096546508
            ],
            [
              23483.111912696225772,
              38777.155907655374904
            ],
            [
              23482.795534689037595,
              38777.385769732529297
            ],
            [
              23482.463892994826892,
              38777.593002463057928
            ],
            [
              23482.118603338585672,
              38777.776596229930874
            ],
            [
              23481.761347936815582,
              38777.935656582783849
            ],
            [
              23481.393867301918363,
              38778.069408595554705
            ],
            [
              23481.017951762616576,
              38778.177200641883246
            ],
            [
              23480.635432741619297,
              38778.258507569764333
            ],
            [
              23480.248173833155306,
              38778.312933260000136
            ],
            [
              23479.858061723698484,
              38778.340212556118786
            ],
            [
              23479.466997000225092,
              38778.340212556118786
            ],
            [
              23479.07688489076827,
              38778.312933260000136
            ],
            [
              23478.689625982304278,
              38778.258507569764333
            ],
            [
              23478.307106961306999,
              38778.177200641883246
            ],
            [
              23477.931191422005213,
              38778.069408595554705
            ],
            [
              23477.563710787107993,
              38777.935656582783849
            ],
            [
              23477.206455385337904,
              38777.776596229930874
            ],
            [
              23476.861165729096683,
              38777.593002463057928
            ],
            [
              23476.529524034885981,
              38777.385769732529297
            ],
            [
              23476.213146027697803,
              38777.155907655374904
            ],
            [
              23475.913573069381528,
              38776.904536096546508
            ],
            [
              23475.632264649280842,
              38776.632879712997237
            ],
            [
              23475.370591273738683,
              38776.342261987323582
            ],
            [
              23475.129827789140109,
              38776.034098779869964
            ],
            [
              23474.911147170976619,
              38775.709891430815333
            ],
            [
              23474.715614809239923,
              38775.371219445762108
            ],
            [
              23474.54418331794659,
              38775.019732800588827
            ],
            [
              23474.397687894081173,
              38774.657143902899406
            ],
            [
              23474.276842248626053,
              38774.285219249344664
            ],
            [
              23474.182235129424953,
              38773.905770819466852
            ],
            [
              23474.114327452844009,
              38773.520647247860325
            ],
            [
              23474.073450058262097,
              38773.131724817867507
            ],
            [
              23474.059802096231579,
              38772.740898320458655
            ],
            [
              23474.073450058262097,
              38772.350071823049802
            ],
            [
              23474.114327452844009,
              38771.961149393056985
            ],
            [
              23474.182235129424953,
              38771.576025821450457
            ],
            [
              23474.276842248626053,
              38771.196577391572646
            ],
            [
              23474.397687894081173,
              38770.824652738017903
            ],
            [
              23474.54418331794659,
              38770.462063840328483
            ],
            [
              23474.715614809239923,
              38770.110577195155201
            ],
            [
              23474.911147170976619,
              38769.771905210101977
            ],
            [
              23475.129827789140109,
              38769.447697861047345
            ],
            [
              23475.370591273738683,
              38769.139534653593728
            ],
            [
              23475.632264649280842,
              38768.848916927920072
            ],
            [
              23475.913573069381528,
              38768.577260544370802
            ],
            [
              23476.213146027697803,
              38768.325888985542406
            ],
            [
              23476.529524034885981,
              38768.096026908388012
            ],
            [
              23476.861165729096683,
              38767.888794177859381
            ],
            [
              23477.206455385337904,
              38767.705200410986436
            ],
            [
              23477.563710787107993,
              38767.54614005813346
            ],
            [
              23477.931191422005213,
              38767.412388045362604
            ],
            [
              23478.307106961306999,
              38767.304595999034063
            ],
            [
              23478.689625982304278,
              38767.223289071152976
            ],
            [
              23479.07688489076827,
              38767.168863380917173
            ],
            [
              23479.466997000225092,
              38767.141584084798524
            ],
            [
              23479.858061723698484,
              38767.141584084798524
            ],
            [
              23480.248173833155306,
              38767.168863380917173
            ],
            [
              23480.635432741619297,
              38767.223289071152976
            ],
            [
              23481.017951762616576,
              38767.304595999034063
            ],
            [
              23481.393867301918363,
              38767.412388045362604
            ],
            [
              23481.761347936815582,
              38767.54614005813346
            ],
            [
              23482.118603338585672,
              38767.705200410986436
            ],
            [
              23482.463892994826892,
              38767.888794177859381
            ],
            [
              23482.795534689037595,
              38768.096026908388012
            ],
            [
              23483.111912696225772,
              38768.325888985542406
            ],
            [
              23483.411485654542048,
              38768.577260544370802
            ],
            [
              23483.692794074642734,
              38768.848916927920072
            ],
            [
              23483.954467450184893,
              38769.139534653593728
            ],
            [
              23484.195230934783467,
              38769.447697861047345
            ],
            [
              23484.413911552946956,
              38769.771905210101977
            ],
            [
              23484.609443914683652,
              38770.110577195155201
            ],
            [
              23484.780875405976985,
              38770.462063840328483
            ],
            [
              23484.927370829842403,
              38770.824652738017903
            ],
            [
              23485.048216475297522,
              38771.196577391572646
            ],
            [
              23485.142823594498623,
              38771.576025821450457
            ],
            [
              23485.210731271079567,
              38771.961149393056985
            ],
            [
              23485.251608665661479,
              38772.350071823049802
            ],
            [
              23485.265256627691997,
              38772.740898320458655
            ]
          ]
        ]
      }
    },
    {
      "type": "Feature",
      "properties": {
        "fid": 61,
        "Layer": "00 ОКН",
        "Linetype": "181E",
        "Text_2": null,
        "plaintext_2": null
      },
      "geometry": {
        "type": "Polygon",
        "coordinates": [
          [
            [
              23485.265256627691997,
              38772.740898320458655
            ],
            [
              23485.251608665661479,
              38773.131724817867507
            ],
            [
              23485.210731271079567,
              38773.520647247860325
            ],
            [
              23485.142823594498623,
              38773.905770819466852
            ],
            [
              23485.048216475297522,
              38774.285219249344664
            ],
            [
              23484.927370829842403,
              38774.657143902899406
            ],
            [
              23484.780875405976985,
              38775.019732800588827
            ],
            [
              23484.609443914683652,
              38775.371219445762108
            ],
            [
              23484.413911552946956,
              38775.709891430815333
            ],
            [
              23484.195230934783467,
              38776.034098779869964
            ],
            [
              23483.954467450184893,
              38776.342261987323582
            ],
            [
              23483.692794074642734,
              38776.632879712997237
            ],
            [
              23483.411485654542048,
              38776.904536096546508
            ],
            [
              23483.111912696225772,
              38777.155907655374904
            ],
            [
              23482.795534689037595,
              38777.385769732529297
            ],
            [
              23482.463892994826892,
              38777.593002463057928
            ],
            [
              23482.118603338585672,
              38777.776596229930874
            ],
            [
              23481.761347936815582,
              38777.935656582783849
            ],
            [
              23481.393867301918363,
              38778.069408595554705
            ],
            [
              23481.017951762616576,
              38778.177200641883246
            ],
            [
              23480.635432741619297,
              38778.258507569764333
            ],
            [
              23480.248173833155306,
              38778.312933260000136
            ],
            [
              23479.858061723698484,
              38778.340212556118786
            ],
            [
              23479.466997000225092,
              38778.340212556118786
            ],
            [
              23479.07688489076827,
              38778.312933260000136
            ],
            [
              23478.689625982304278,
              38778.258507569764333
            ],
            [
              23478.307106961306999,
              38778.177200641883246
            ],
            [
              23477.931191422005213,
              38778.069408595554705
            ],
            [
              23477.563710787107993,
              38777.935656582783849
            ],
            [
              23477.206455385337904,
              38777.776596229930874
            ],
            [
              23476.861165729096683,
              38777.593002463057928
            ],
            [
              23476.529524034885981,
              38777.385769732529297
            ],
            [
              23476.213146027697803,
              38777.155907655374904
            ],
            [
              23475.913573069381528,
              38776.904536096546508
            ],
            [
              23475.632264649280842,
              38776.632879712997237
            ],
            [
              23475.370591273738683,
              38776.342261987323582
            ],
            [
              23475.129827789140109,
              38776.034098779869964
            ],
            [
              23474.911147170976619,
              38775.709891430815333
            ],
            [
              23474.715614809239923,
              38775.371219445762108
            ],
            [
              23474.54418331794659,
              38775.019732800588827
            ],
            [
              23474.397687894081173,
              38774.657143902899406
            ],
            [
              23474.276842248626053,
              38774.285219249344664
            ],
            [
              23474.182235129424953,
              38773.905770819466852
            ],
            [
              23474.114327452844009,
              38773.520647247860325
            ],
            [
              23474.073450058262097,
              38773.131724817867507
            ],
            [
              23474.059802096231579,
              38772.740898320458655
            ],
            [
              23474.073450058262097,
              38772.350071823049802
            ],
            [
              23474.114327452844009,
              38771.961149393056985
            ],
            [
              23474.182235129424953,
              38771.576025821450457
            ],
            [
              23474.276842248626053,
              38771.196577391572646
            ],
            [
              23474.397687894081173,
              38770.824652738017903
            ],
            [
              23474.54418331794659,
              38770.462063840328483
            ],
            [
              23474.715614809239923,
              38770.110577195155201
            ],
            [
              23474.911147170976619,
              38769.771905210101977
            ],
            [
              23475.129827789140109,
              38769.447697861047345
            ],
            [
              23475.370591273738683,
              38769.139534653593728
            ],
            [
              23475.632264649280842,
              38768.848916927920072
            ],
            [
              23475.913573069381528,
              38768.577260544370802
            ],
            [
              23476.213146027697803,
              38768.325888985542406
            ],
            [
              23476.529524034885981,
              38768.096026908388012
            ],
            [
              23476.861165729096683,
              38767.888794177859381
            ],
            [
              23477.206455385337904,
              38767.705200410986436
            ],
            [
              23477.563710787107993,
              38767.54614005813346
            ],
            [
              23477.931191422005213,
              38767.412388045362604
            ],
            [
              23478.307106961306999,
              38767.304595999034063
            ],
            [
              23478.689625982304278,
              38767.223289071152976
            ],
            [
              23479.07688489076827,
              38767.168863380917173
            ],
            [
              23479.466997000225092,
              38767.141584084798524
            ],
            [
              23479.858061723698484,
              38767.141584084798524
            ],
            [
              23480.248173833155306,
              38767.168863380917173
            ],
            [
              23480.635432741619297,
              38767.223289071152976
            ],
            [
              23481.017951762616576,
              38767.304595999034063
            ],
            [
              23481.393867301918363,
              38767.412388045362604
            ],
            [
              23481.761347936815582,
              38767.54614005813346
            ],
            [
              23482.118603338585672,
              38767.705200410986436
            ],
            [
              23482.463892994826892,
              38767.888794177859381
            ],
            [
              23482.795534689037595,
              38768.096026908388012
            ],
            [
              23483.111912696225772,
              38768.325888985542406
            ],
            [
              23483.411485654542048,
              38768.577260544370802
            ],
            [
              23483.692794074642734,
              38768.848916927920072
            ],
            [
              23483.954467450184893,
              38769.139534653593728
            ],
            [
              23484.195230934783467,
              38769.447697861047345
            ],
            [
              23484.413911552946956,
              38769.771905210101977
            ],
            [
              23484.609443914683652,
              38770.110577195155201
            ],
            [
              23484.780875405976985,
              38770.462063840328483
            ],
            [
              23484.927370829842403,
              38770.824652738017903
            ],
            [
              23485.048216475297522,
              38771.196577391572646
            ],
            [
              23485.142823594498623,
              38771.576025821450457
            ],
            [
              23485.210731271079567,
              38771.961149393056985
            ],
            [
              23485.251608665661479,
              38772.350071823049802
            ],
            [
              23485.265256627691997,
              38772.740898320458655
            ]
          ]
        ]
      }
    },
    {
      "type": "Feature",
      "properties": {
        "fid": 62,
        "Layer": "00 ОКН",
        "Linetype": "181F",
        "Text_2": null,
        "plaintext_2": null
      },
      "geometry": {
        "type": "Polygon",
        "coordinates": [
          [
            [
              23366.334167909779353,
              38660.154819998213497
            ],
            [
              23366.323444994599413,
              38660.461884113283304
            ],
            [
              23366.291328490020533,
              38660.76745224284241
            ],
            [
              23366.23797486442345,
              38661.070035689692304
            ],
            [
              23366.163644051313895,
              38661.368160297693976
            ],
            [
              23366.068698182938533,
              38661.660373633720155
            ],
            [
              23365.953599826021673,
              38661.945252063764201
            ],
            [
              23365.81890972819383,
              38662.221407688768522
            ],
            [
              23365.665284086069732,
              38662.487495106273855
            ],
            [
              23365.493471348338062,
              38662.742217965125747
            ],
            [
              23365.304308569378918,
              38662.984335281173117
            ],
            [
              23365.098717331246007,
              38663.212667483181576
            ],
            [
              23364.877699253782339,
              38663.426102159624861
            ],
            [
              23364.642331114842818,
              38663.623599478196411
            ],
            [
              23364.393759604343359,
              38663.804197251825826
            ],
            [
              23364.133195737696951,
              38663.967015626309149
            ],
            [
              23363.861908955866966,
              38664.111261366895633
            ],
            [
              23363.581220940784988,
              38664.236231722825323
            ],
            [
              23363.292499176252022,
              38664.341317851103668
            ],
            [
              23362.997150285675161,
              38664.426007782662055
            ],
            [
              23362.696613179166889,
              38664.489888916679774
            ],
            [
              23362.39235204329816,
              38664.532650030683726
            ],
            [
              23362.085849207735009,
              38664.554082796821604
            ],
            [
              23361.778597923486814,
              38664.554082796821604
            ],
            [
              23361.472095087923663,
              38664.532650030683726
            ],
            [
              23361.167833952054934,
              38664.489888916679774
            ],
            [
              23360.867296845546662,
              38664.426007782662055
            ],
            [
              23360.571947954969801,
              38664.341317851103668
            ],
            [
              23360.283226190436835,
              38664.236231722825323
            ],
            [
              23360.002538175354857,
              38664.111261366895633
            ],
            [
              23359.731251393524872,
              38663.967015626309149
            ],
            [
              23359.470687526878464,
              38663.804197251825826
            ],
            [
              23359.222116016379005,
              38663.623599478196411
            ],
            [
              23358.986747877439484,
              38663.426102159624861
            ],
            [
              23358.765729799975816,
              38663.212667483181576
            ],
            [
              23358.560138561842905,
              38662.984335281173117
            ],
            [
              23358.370975782883761,
              38662.742217965125747
            ],
            [
              23358.19916304515209,
              38662.487495106273855
            ],
            [
              23358.045537403027993,
              38662.221407688768522
            ],
            [
              23357.91084730520015,
              38661.945252063764201
            ],
            [
              23357.79574894828329,
              38661.660373633720155
            ],
            [
              23357.700803079907928,
              38661.368160297693976
            ],
            [
              23357.626472266798373,
              38661.070035689692304
            ],
            [
              23357.57311864120129,
              38660.76745224284241
            ],
            [
              23357.54100213662241,
              38660.461884113283304
            ],
            [
              23357.53027922144247,
              38660.154819998213497
            ],
            [
              23357.54100213662241,
              38659.847755883143691
            ],
            [
              23357.57311864120129,
              38659.542187753584585
            ],
            [
              23357.626472266798373,
              38659.239604306734691
            ],
            [
              23357.700803079907928,
              38658.941479698733019
            ],
            [
              23357.79574894828329,
              38658.64926636270684
            ],
            [
              23357.91084730520015,
              38658.364387932662794
            ],
            [
              23358.045537403027993,
              38658.088232307658473
            ],
            [
              23358.19916304515209,
              38657.82214489015314
            ],
            [
              23358.370975782883761,
              38657.567422031301248
            ],
            [
              23358.560138561842905,
              38657.325304715253878
            ],
            [
              23358.765729799975816,
              38657.096972513245419
            ],
            [
              23358.986747877439484,
              38656.883537836802134
            ],
            [
              23359.222116016379005,
              38656.686040518230584
            ],
            [
              23359.470687526878464,
              38656.505442744601169
            ],
            [
              23359.731251393524872,
              38656.342624370117846
            ],
            [
              23360.002538175354857,
              38656.198378629531362
            ],
            [
              23360.283226190436835,
              38656.073408273601672
            ],
            [
              23360.571947954969801,
              38655.968322145323327
            ],
            [
              23360.867296845546662,
              38655.88363221376494
            ],
            [
              23361.167833952054934,
              38655.819751079747221
            ],
            [
              23361.472095087923663,
              38655.776989965743269
            ],
            [
              23361.778597923486814,
              38655.755557199605391
            ],
            [
              23362.085849207735009,
              38655.755557199605391
            ],
            [
              23362.39235204329816,
              38655.776989965743269
            ],
            [
              23362.696613179166889,
              38655.819751079747221
            ],
            [
              23362.997150285675161,
              38655.88363221376494
            ],
            [
              23363.292499176252022,
              38655.968322145323327
            ],
            [
              23363.581220940784988,
              38656.073408273601672
            ],
            [
              23363.861908955866966,
              38656.198378629531362
            ],
            [
              23364.133195737696951,
              38656.342624370117846
            ],
            [
              23364.393759604343359,
              38656.505442744601169
            ],
            [
              23364.642331114842818,
              38656.686040518230584
            ],
            [
              23364.877699253782339,
              38656.883537836802134
            ],
            [
              23365.098717331246007,
              38657.096972513245419
            ],
            [
              23365.304308569378918,
              38657.325304715253878
            ],
            [
              23365.493471348338062,
              38657.567422031301248
            ],
            [
              23365.665284086069732,
              38657.82214489015314
            ],
            [
              23365.81890972819383,
              38658.088232307658473
            ],
            [
              23365.953599826021673,
              38658.364387932662794
            ],
            [
              23366.068698182938533,
              38658.64926636270684
            ],
            [
              23366.163644051313895,
              38658.941479698733019
            ],
            [
              23366.23797486442345,
              38659.239604306734691
            ],
            [
              23366.291328490020533,
              38659.542187753584585
            ],
            [
              23366.323444994599413,
              38659.847755883143691
            ],
            [
              23366.334167909779353,
              38660.154819998213497
            ]
          ]
        ]
      }
    },
    {
      "type": "Feature",
      "properties": {
        "fid": 63,
        "Layer": "00 ОКН",
        "Linetype": "1820",
        "Text_2": null,
        "plaintext_2": null
      },
      "geometry": {
        "type": "Polygon",
        "coordinates": [
          [
            [
              23948.969783207310684,
              38859.453596942687
            ],
            [
              23948.962703634642821,
              38859.656329378696682
            ],
            [
              23948.941499407610536,
              38859.858074122661492
            ],
            [
              23948.906273831074941,
              38860.057848294454743
            ],
            [
              23948.857198520501697,
              38860.254678614408476
            ],
            [
              23948.794512565873447,
              38860.447606144982274
            ],
            [
              23948.718521366859932,
              38860.635690962633817
            ],
            [
              23948.629595144942869,
              38860.818016737051948
            ],
            [
              23948.52816713973516,
              38860.993695195378677
            ],
            [
              23948.414731498287438,
              38861.161870449825074
            ],
            [
              23948.289840867641033,
              38861.32172316746437
            ],
            [
              23948.154103702388966,
              38861.472474561916897
            ],
            [
              23948.008181300363503,
              38861.613390187550976
            ],
            [
              23947.85278458083485,
              38861.743783517595148
            ],
            [
              23947.688670620998892,
              38861.863019288852229
            ],
            [
              23947.516638967576,
              38861.970516596637026
            ],
            [
              23947.337527741485246,
              38862.065751724861911
            ],
            [
              23947.15220955462064,
              38862.148260697562364
            ],
            [
              23946.961587258552754,
              38862.21764153931872
            ],
            [
              23946.766589545954048,
              38862.273556233638374
            ],
            [
              23946.568166426077369,
              38862.315732369759644
            ],
            [
              23946.367284596413811,
              38862.343964469779166
            ],
            [
              23946.164922733045387,
              38862.35811498973635
            ],
            [
              23945.962066722637246,
              38862.35811498973635
            ],
            [
              23945.759704859268822,
              38862.343964469779166
            ],
            [
              23945.558823029605264,
              38862.315732369759644
            ],
            [
              23945.360399909728585,
              38862.273556233638374
            ],
            [
              23945.165402197129879,
              38862.21764153931872
            ],
            [
              23944.974779901061993,
              38862.148260697562364
            ],
            [
              23944.789461714197387,
              38862.065751724861911
            ],
            [
              23944.610350488106633,
              38861.970516596637026
            ],
            [
              23944.438318834683741,
              38861.863019288852229
            ],
            [
              23944.274204874847783,
              38861.743783517595148
            ],
            [
              23944.11880815531913,
              38861.613390187550976
            ],
            [
              23943.972885753293667,
              38861.472474561916897
            ],
            [
              23943.8371485880416,
              38861.32172316746437
            ],
            [
              23943.712257957395195,
              38861.161870449825074
            ],
            [
              23943.598822315947473,
              38860.993695195378677
            ],
            [
              23943.497394310739764,
              38860.818016737051948
            ],
            [
              23943.408468088822701,
              38860.635690962633817
            ],
            [
              23943.332476889809186,
              38860.447606144982274
            ],
            [
              23943.269790935180936,
              38860.254678614408476
            ],
            [
              23943.220715624607692,
              38860.057848294454743
            ],
            [
              23943.185490048072097,
              38859.858074122661492
            ],
            [
              23943.164285821039812,
              38859.656329378696682
            ],
            [
              23943.157206248371949,
              38859.453596942687
            ],
            [
              23943.164285821039812,
              38859.250864506677317
            ],
            [
              23943.185490048072097,
              38859.049119762712508
            ],
            [
              23943.220715624607692,
              38858.849345590919256
            ],
            [
              23943.269790935180936,
              38858.652515270965523
            ],
            [
              23943.332476889809186,
              38858.459587740391726
            ],
            [
              23943.408468088822701,
              38858.271502922740183
            ],
            [
              23943.497394310739764,
              38858.089177148322051
            ],
            [
              23943.598822315947473,
              38857.913498689995322
            ],
            [
              23943.712257957395195,
              38857.745323435548926
            ],
            [
              23943.8371485880416,
              38857.585470717909629
            ],
            [
              23943.972885753293667,
              38857.434719323457102
            ],
            [
              23944.11880815531913,
              38857.293803697823023
            ],
            [
              23944.274204874847783,
              38857.163410367778852
            ],
            [
              23944.438318834683741,
              38857.044174596521771
            ],
            [
              23944.610350488106633,
              38856.936677288736973
            ],
            [
              23944.789461714197387,
              38856.841442160512088
            ],
            [
              23944.974779901061993,
              38856.758933187811635
            ],
            [
              23945.165402197129879,
              38856.689552346055279
            ],
            [
              23945.360399909728585,
              38856.633637651735626
            ],
            [
              23945.558823029605264,
              38856.591461515614355
            ],
            [
              23945.759704859268822,
              38856.563229415594833
            ],
            [
              23945.962066722637246,
              38856.549078895637649
            ],
            [
              23946.164922733045387,
              38856.549078895637649
            ],
            [
              23946.367284596413811,
              38856.563229415594833
            ],
            [
              23946.568166426077369,
              38856.591461515614355
            ],
            [
              23946.766589545954048,
              38856.633637651735626
            ],
            [
              23946.961587258552754,
              38856.689552346055279
            ],
            [
              23947.15220955462064,
              38856.758933187811635
            ],
            [
              23947.337527741485246,
              38856.841442160512088
            ],
            [
              23947.516638967576,
              38856.936677288736973
            ],
            [
              23947.688670620998892,
              38857.044174596521771
            ],
            [
              23947.85278458083485,
              38857.163410367778852
            ],
            [
              23948.008181300363503,
              38857.293803697823023
            ],
            [
              23948.154103702388966,
              38857.434719323457102
            ],
            [
              23948.289840867641033,
              38857.585470717909629
            ],
            [
              23948.414731498287438,
              38857.745323435548926
            ],
            [
              23948.52816713973516,
              38857.913498689995322
            ],
            [
              23948.629595144942869,
              38858.089177148322051
            ],
            [
              23948.718521366859932,
              38858.271502922740183
            ],
            [
              23948.794512565873447,
              38858.459587740391726
            ],
            [
              23948.857198520501697,
              38858.652515270965523
            ],
            [
              23948.906273831074941,
              38858.849345590919256
            ],
            [
              23948.941499407610536,
              38859.049119762712508
            ],
            [
              23948.962703634642821,
              38859.250864506677317
            ],
            [
              23948.969783207310684,
              38859.453596942687
            ]
          ]
        ]
      }
    },
    {
      "type": "Feature",
      "properties": {
        "fid": 64,
        "Layer": "00 ОКН",
        "Linetype": "1822",
        "Text_2": null,
        "plaintext_2": null
      },
      "geometry": {
        "type": "Polygon",
        "coordinates": [
          [
            [
              23839.398511777839303,
              38922.114814
            ],
            [
              23839.391432205171441,
              38922.317546436010161
            ],
            [
              23839.370227978139155,
              38922.519291179974971
            ],
            [
              23839.33500240160356,
              38922.719065351768222
            ],
            [
              23839.285927091030317,
              38922.915895671721955
            ],
            [
              23839.223241136402066,
              38923.108823202295753
            ],
            [
              23839.147249937388551,
              38923.296908019947296
            ],
            [
              23839.058323715471488,
              38923.479233794365427
            ],
            [
              23838.95689571026378,
              38923.654912252692156
            ],
            [
              23838.843460068816057,
              38923.823087507138553
            ],
            [
              23838.718569438169652,
              38923.982940224777849
            ],
            [
              23838.582832272917585,
              38924.133691619230376
            ],
            [
              23838.436909870892123,
              38924.274607244864455
            ],
            [
              23838.28151315136347,
              38924.405000574908627
            ],
            [
              23838.117399191527511,
              38924.524236346165708
            ],
            [
              23837.94536753810462,
              38924.631733653950505
            ],
            [
              23837.766256312013866,
              38924.726968782175391
            ],
            [
              23837.58093812514926,
              38924.809477754875843
            ],
            [
              23837.390315829081374,
              38924.878858596632199
            ],
            [
              23837.195318116482667,
              38924.934773290951853
            ],
            [
              23836.996894996605988,
              38924.976949427073123
            ],
            [
              23836.79601316694243,
              38925.005181527092645
            ],
            [
              23836.593651303574006,
              38925.019332047049829
            ],
            [
              23836.390795293165866,
              38925.019332047049829
            ],
            [
              23836.188433429797442,
              38925.005181527092645
            ],
            [
              23835.987551600133884,
              38924.976949427073123
            ],
            [
              23835.789128480257205,
              38924.934773290951853
            ],
            [
              23835.594130767658498,
              38924.878858596632199
            ],
            [
              23835.403508471590612,
              38924.809477754875843
            ],
            [
              23835.218190284726006,
              38924.726968782175391
            ],
            [
              23835.039079058635252,
              38924.631733653950505
            ],
            [
              23834.867047405212361,
              38924.524236346165708
            ],
            [
              23834.702933445376402,
              38924.405000574908627
            ],
            [
              23834.547536725847749,
              38924.274607244864455
            ],
            [
              23834.401614323822287,
              38924.133691619230376
            ],
            [
              23834.26587715857022,
              38923.982940224777849
            ],
            [
              23834.140986527923815,
              38923.823087507138553
            ],
            [
              23834.027550886476092,
              38923.654912252692156
            ],
            [
              23833.926122881268384,
              38923.479233794365427
            ],
            [
              23833.837196659351321,
              38923.296908019947296
            ],
            [
              23833.761205460337806,
              38923.108823202295753
            ],
            [
              23833.698519505709555,
              38922.915895671721955
            ],
            [
              23833.649444195136311,
              38922.719065351768222
            ],
            [
              23833.614218618600717,
              38922.519291179974971
            ],
            [
              23833.593014391568431,
              38922.317546436010161
            ],
            [
              23833.585934818900569,
              38922.114814
            ],
            [
              23833.593014391568431,
              38921.912081563990796
            ],
            [
              23833.614218618600717,
              38921.710336820025987
            ],
            [
              23833.649444195136311,
              38921.510562648232735
            ],
            [
              23833.698519505709555,
              38921.313732328279002
            ],
            [
              23833.761205460337806,
              38921.120804797705205
            ],
            [
              23833.837196659351321,
              38920.932719980053662
            ],
            [
              23833.926122881268384,
              38920.75039420563553
            ],
            [
              23834.027550886476092,
              38920.574715747308801
            ],
            [
              23834.140986527923815,
              38920.406540492862405
            ],
            [
              23834.26587715857022,
              38920.246687775223108
            ],
            [
              23834.401614323822287,
              38920.095936380770581
            ],
            [
              23834.547536725847749,
              38919.955020755136502
            ],
            [
              23834.702933445376402,
              38919.824627425092331
            ],
            [
              23834.867047405212361,
              38919.70539165383525
            ],
            [
              23835.039079058635252,
              38919.597894346050452
            ],
            [
              23835.218190284726006,
              38919.502659217825567
            ],
            [
              23835.403508471590612,
              38919.420150245125114
            ],
            [
              23835.594130767658498,
              38919.350769403368759
            ],
            [
              23835.789128480257205,
              38919.294854709049105
            ],
            [
              23835.987551600133884,
              38919.252678572927834
            ],
            [
              23836.188433429797442,
              38919.224446472908312
            ],
            [
              23836.390795293165866,
              38919.210295952951128
            ],
            [
              23836.593651303574006,
              38919.210295952951128
            ],
            [
              23836.79601316694243,
              38919.224446472908312
            ],
            [
              23836.996894996605988,
              38919.252678572927834
            ],
            [
              23837.195318116482667,
              38919.294854709049105
            ],
            [
              23837.390315829081374,
              38919.350769403368759
            ],
            [
              23837.58093812514926,
              38919.420150245125114
            ],
            [
              23837.766256312013866,
              38919.502659217825567
            ],
            [
              23837.94536753810462,
              38919.597894346050452
            ],
            [
              23838.117399191527511,
              38919.70539165383525
            ],
            [
              23838.28151315136347,
              38919.824627425092331
            ],
            [
              23838.436909870892123,
              38919.955020755136502
            ],
            [
              23838.582832272917585,
              38920.095936380770581
            ],
            [
              23838.718569438169652,
              38920.246687775223108
            ],
            [
              23838.843460068816057,
              38920.406540492862405
            ],
            [
              23838.95689571026378,
              38920.574715747308801
            ],
            [
              23839.058323715471488,
              38920.75039420563553
            ],
            [
              23839.147249937388551,
              38920.932719980053662
            ],
            [
              23839.223241136402066,
              38921.120804797705205
            ],
            [
              23839.285927091030317,
              38921.313732328279002
            ],
            [
              23839.33500240160356,
              38921.510562648232735
            ],
            [
              23839.370227978139155,
              38921.710336820025987
            ],
            [
              23839.391432205171441,
              38921.912081563990796
            ],
            [
              23839.398511777839303,
              38922.114814
            ]
          ]
        ]
      }
    },
    {
      "type": "Feature",
      "properties": {
        "fid": 65,
        "Layer": "00 ОКН",
        "Linetype": "1824",
        "Text_2": null,
        "plaintext_2": null
      },
      "geometry": {
        "type": "Polygon",
        "coordinates": [
          [
            [
              23483.642746479468769,
              39119.960537
            ],
            [
              23483.635666906800907,
              39120.163269436008704
            ],
            [
              23483.614462679768621,
              39120.365014179973514
            ],
            [
              23483.579237103233027,
              39120.564788351766765
            ],
            [
              23483.530161792659783,
              39120.761618671720498
            ],
            [
              23483.467475838031532,
              39120.954546202294296
            ],
            [
              23483.391484639018017,
              39121.142631019945838
            ],
            [
              23483.302558417100954,
              39121.32495679436397
            ],
            [
              23483.201130411893246,
              39121.500635252690699
            ],
            [
              23483.087694770445523,
              39121.668810507137096
            ],
            [
              23482.962804139799118,
              39121.828663224776392
            ],
            [
              23482.827066974547051,
              39121.979414619228919
            ],
            [
              23482.681144572521589,
              39122.120330244862998
            ],
            [
              23482.525747852992936,
              39122.25072357490717
            ],
            [
              23482.361633893156977,
              39122.369959346164251
            ],
            [
              23482.189602239734086,
              39122.477456653949048
            ],
            [
              23482.010491013643332,
              39122.572691782173933
            ],
            [
              23481.825172826778726,
              39122.655200754874386
            ],
            [
              23481.63455053071084,
              39122.724581596630742
            ],
            [
              23481.439552818112134,
              39122.780496290950396
            ],
            [
              23481.241129698235454,
              39122.822672427071666
            ],
            [
              23481.040247868571896,
              39122.850904527091188
            ],
            [
              23480.837886005203472,
              39122.865055047048372
            ],
            [
              23480.635029994795332,
              39122.865055047048372
            ],
            [
              23480.432668131426908,
              39122.850904527091188
            ],
            [
              23480.23178630176335,
              39122.822672427071666
            ],
            [
              23480.033363181886671,
              39122.780496290950396
            ],
            [
              23479.838365469287965,
              39122.724581596630742
            ],
            [
              23479.647743173220078,
              39122.655200754874386
            ],
            [
              23479.462424986355472,
              39122.572691782173933
            ],
            [
              23479.283313760264718,
              39122.477456653949048
            ],
            [
              23479.111282106841827,
              39122.369959346164251
            ],
            [
              23478.947168147005868,
              39122.25072357490717
            ],
            [
              23478.791771427477215,
              39122.120330244862998
            ],
            [
              23478.645849025451753,
              39121.979414619228919
            ],
            [
              23478.510111860199686,
              39121.828663224776392
            ],
            [
              23478.385221229553281,
              39121.668810507137096
            ],
            [
              23478.271785588105558,
              39121.500635252690699
            ],
            [
              23478.17035758289785,
              39121.32495679436397
            ],
            [
              23478.081431360980787,
              39121.142631019945838
            ],
            [
              23478.005440161967272,
              39120.954546202294296
            ],
            [
              23477.942754207339021,
              39120.761618671720498
            ],
            [
              23477.893678896765778,
              39120.564788351766765
            ],
            [
              23477.858453320230183,
              39120.365014179973514
            ],
            [
              23477.837249093197897,
              39120.163269436008704
            ],
            [
              23477.830169520530035,
              39119.960537
            ],
            [
              23477.837249093197897,
              39119.757804563989339
            ],
            [
              23477.858453320230183,
              39119.556059820024529
            ],
            [
              23477.893678896765778,
              39119.356285648231278
            ],
            [
              23477.942754207339021,
              39119.159455328277545
            ],
            [
              23478.005440161967272,
              39118.966527797703748
            ],
            [
              23478.081431360980787,
              39118.778442980052205
            ],
            [
              23478.17035758289785,
              39118.596117205634073
            ],
            [
              23478.271785588105558,
              39118.420438747307344
            ],
            [
              23478.385221229553281,
              39118.252263492860948
            ],
            [
              23478.510111860199686,
              39118.092410775221651
            ],
            [
              23478.645849025451753,
              39117.941659380769124
            ],
            [
              23478.791771427477215,
              39117.800743755135045
            ],
            [
              23478.947168147005868,
              39117.670350425090874
            ],
            [
              23479.111282106841827,
              39117.551114653833793
            ],
            [
              23479.283313760264718,
              39117.443617346048995
            ],
            [
              23479.462424986355472,
              39117.34838221782411
            ],
            [
              23479.647743173220078,
              39117.265873245123657
            ],
            [
              23479.838365469287965,
              39117.196492403367301
            ],
            [
              23480.033363181886671,
              39117.140577709047648
            ],
            [
              23480.23178630176335,
              39117.098401572926377
            ],
            [
              23480.432668131426908,
              39117.070169472906855
            ],
            [
              23480.635029994795332,
              39117.056018952949671
            ],
            [
              23480.837886005203472,
              39117.056018952949671
            ],
            [
              23481.040247868571896,
              39117.070169472906855
            ],
            [
              23481.241129698235454,
              39117.098401572926377
            ],
            [
              23481.439552818112134,
              39117.140577709047648
            ],
            [
              23481.63455053071084,
              39117.196492403367301
            ],
            [
              23481.825172826778726,
              39117.265873245123657
            ],
            [
              23482.010491013643332,
              39117.34838221782411
            ],
            [
              23482.189602239734086,
              39117.443617346048995
            ],
            [
              23482.361633893156977,
              39117.551114653833793
            ],
            [
              23482.525747852992936,
              39117.670350425090874
            ],
            [
              23482.681144572521589,
              39117.800743755135045
            ],
            [
              23482.827066974547051,
              39117.941659380769124
            ],
            [
              23482.962804139799118,
              39118.092410775221651
            ],
            [
              23483.087694770445523,
              39118.252263492860948
            ],
            [
              23483.201130411893246,
              39118.420438747307344
            ],
            [
              23483.302558417100954,
              39118.596117205634073
            ],
            [
              23483.391484639018017,
              39118.778442980052205
            ],
            [
              23483.467475838031532,
              39118.966527797703748
            ],
            [
              23483.530161792659783,
              39119.159455328277545
            ],
            [
              23483.579237103233027,
              39119.356285648231278
            ],
            [
              23483.614462679768621,
              39119.556059820024529
            ],
            [
              23483.635666906800907,
              39119.757804563989339
            ],
            [
              23483.642746479468769,
              39119.960537
            ]
          ]
        ]
      }
    },
    {
      "type": "Feature",
      "properties": {
        "fid": 66,
        "Layer": "00 ОКН",
        "Linetype": "1826",
        "Text_2": null,
        "plaintext_2": null
      },
      "geometry": {
        "type": "Polygon",
        "coordinates": [
          [
            [
              25898.365105336841225,
              41935.453578740402008
            ],
            [
              25894.365105336841225,
              41923.453578740409284
            ],
            [
              25902.365105336841225,
              41923.453578740409284
            ],
            [
              25898.365105336841225,
              41935.453578740402008
            ]
          ]
        ]
      }
    },
    {
      "type": "Feature",
      "properties": {
        "fid": 67,
        "Layer": "00 ОКН",
        "Linetype": "1827",
        "Text_2": "{\\C7;163}",
        "plaintext_2": "163"
      },
      "geometry": {
        "type": "Polygon",
        "coordinates": [
          [
            [
              25455.139754308889678,
              42088.888066547988274
            ],
            [
              25451.139754308900592,
              42076.888066547988274
            ],
            [
              25459.139754308889678,
              42076.888066547988274
            ],
            [
              25455.139754308889678,
              42088.888066547988274
            ]
          ]
        ]
      }
    },
    {
      "type": "Feature",
      "properties": {
        "fid": 67,
        "Layer": "00 ОКН",
        "Linetype": "1827",
        "Text_2": "{\\C7;163}",
        "plaintext_2": "163"
      },
      "geometry": {
        "type": "Polygon",
        "coordinates": [
          [
            [
              25455.139754308889678,
              42088.888066547988274
            ],
            [
              25451.139754308900592,
              42076.888066547988274
            ],
            [
              25459.139754308889678,
              42076.888066547988274
            ],
            [
              25455.139754308889678,
              42088.888066547988274
            ]
          ]
        ]
      }
    },
    {
      "type": "Feature",
      "properties": {
        "fid": 1382,
        "Layer": "00 ОКН",
        "Linetype": "3510",
        "Text_2": "{\\C7;473}",
        "plaintext_2": "473"
      },
      "geometry": {
        "type": "Polygon",
        "coordinates": [
          [
            [
              25958.811085998131603,
              41530.567524613026762
            ],
            [
              25954.811085998131603,
              41518.567524613026762
            ],
            [
              25962.811085998138878,
              41518.567524613026762
            ],
            [
              25958.811085998131603,
              41530.567524613026762
            ]
          ]
        ]
      }
    }
  ]
}