{
  "type": "FeatureCollection",
  "name": "3_okn_regional_test",
  "crs": {
    "type": "name",
    "properties": {
      "name": "urn:ogc:def:crs:OGC:1.3:CRS84"
    }
  },
  "features": [
    {
      "type": "Feature",
      "properties": {
        "fid": 1,
        "Layer": "LINES",
        "Text": "86",
        "id": 86,
        "number": "86",
        "description": "Памятник рабочим и служащим завода «Металлист», отдавшим жизнь в боях за Родину в 1941-1945 гг",
        "address": "Приморский край, г. Владивосток, в районе ул. Арсеньева, д. 2",
        "image": [
          "/photo/86.webp"
        ]
      },
      "geometry": {
        "type": "MultiPolygon",
        "coordinates": [
          [
            [
              [
                131.87540785131588,
                43.111739777625814
              ],
              [
                131.8753589266459,
                43.11163170792499
              ],
              [
                131.87545721523753,
                43.111631815196645
              ],
              [
                131.87540785131588,
                43.111739777625814
              ]
            ]
          ]
        ]
      }
    },
    {
      "type": "Feature",
      "properties": {
        "fid": 2,
        "Layer": "LINES",
        "Text": "459",
        "id": 421,
        "number": "459",
        "description": "Братская могила младшего командира Миронова и бойцов Красной Армии, погибших в 1938 г. в боях у озера Хасан",
        "address": "Приморский край, г. Владивосток, в районе ул. Лукоморье, 4",
        "image": [
          "/photo/459.webp"
        ]
      },
      "geometry": {
        "type": "MultiPolygon",
        "coordinates": [
          [
            [
              [
                131.84870327375236,
                43.08287270653947
              ],
              [
                131.84865441891031,
                43.08276462497892
              ],
              [
                131.84875266123257,
                43.08276475511867
              ],
              [
                131.84870327375236,
                43.08287270653947
              ]
            ]
          ]
        ]
      }
    },
    {
      "type": "Feature",
      "properties": {
        "fid": 3,
        "Layer": "LINES",
        "Text": "460",
        "id": 422,
        "number": "460",
        "description": "Шкотовский створ маяков (маяк, два створных знака)",
        "address": "Приморский край, п-ов Шкота, ул. Транспортная",
        "image": [
          "/photo/460.webp",
          "/photo/460_2.webp",
          "/photo/460_3.webp"
        ]
      },
      "geometry": {
        "type": "MultiPolygon",
        "coordinates": [
          [
            [
              [
                131.8503765260804,
                43.0864494802736
              ],
              [
                131.85032766547008,
                43.08634139948661
              ],
              [
                131.85042591351547,
                43.08634152819838
              ],
              [
                131.8503765260804,
                43.0864494802736
              ]
            ]
          ]
        ]
      }
    },
    {
      "type": "Feature",
      "properties": {
        "fid": 4,
        "Layer": "LINES",
        "Text": "163",
        "id": 134,
        "number": "163",
        "description": "Памятник (бюст) Героя Советского Союза Елизаветы Чайкиной, 1969 г",
        "address": "Приморский край, г. Владивосток, ул. Набережная, в районе д. 1",
        "image": [
          "/photo/163.webp"
        ]
      },
      "geometry": {
        "type": "MultiPolygon",
        "coordinates": [
          [
            [
              [
                131.8746091666011,
                43.113067229396236
              ],
              [
                131.87456024228524,
                43.11295915937953
              ],
              [
                131.87465853299813,
                43.11295926733971
              ],
              [
                131.8746091666011,
                43.113067229396236
              ]
            ]
          ]
        ]
      }
    },
    {
      "type": "Feature",
      "properties": {
        "fid": 5,
        "Layer": "LINES",
        "Text": "473",
        "id": 435,
        "number": "473",
        "description": "Памятник рабочим Владивостокского",
        "address": "Приморский край,",
        "image": [
          "/photo/473.webp"
        ]
      },
      "geometry": {
        "type": "MultiPolygon",
        "coordinates": [
          [
            [
              [
                131.88080723203055,
                43.1080482253112
              ],
              [
                131.8807583007818,
                43.10794015784102
              ],
              [
                131.88085658348638,
                43.107940260467885
              ],
              [
                131.88080723203055,
                43.1080482253112
              ]
            ]
          ]
        ]
      }
    },
    {
      "type": "Feature",
      "properties": {
        "fid": 6,
        "Layer": "LINES",
        "Text": "145",
        "id": 116,
        "number": "145",
        "description": "Памятный знак на месте высадки основателей поста Владивосток с корабля \"Манчжур\"",
        "address": "Приморский край, г. Владивосток, ул. Береговая, в районе д. 3",
        "image": [
          "/photo/145.webp"
        ]
      },
      "geometry": {
        "type": "MultiPolygon",
        "coordinates": [
          [
            [
              [
                131.88956572576961,
                43.1132894330273
              ],
              [
                131.88951677494762,
                43.11318136937985
              ],
              [
                131.88961506606904,
                43.11318146449353
              ],
              [
                131.88956572576961,
                43.1132894330273
              ]
            ]
          ]
        ]
      }
    },
    {
      "type": "Feature",
      "properties": {
        "fid": 7,
        "Layer": "LINES",
        "Text": "107",
        "id": 103,
        "number": "107",
        "description": "Памятный знак \"Конец Транссибирской магистрали\"",
        "address": "Приморский край, г. Владивосток, ж/д ст. Владивосток, перрон",
        "image": [
          "/photo/107.webp"
        ]
      },
      "geometry": {
        "type": "MultiPolygon",
        "coordinates": [
          [
            [
              [
                131.88221811701274,
                43.11241688820462
              ],
              [
                131.88216917981717,
                43.112308821413464
              ],
              [
                131.8822674695171,
                43.11230892283675
              ],
              [
                131.88221811701274,
                43.11241688820462
              ]
            ]
          ]
        ]
      }
    },
    {
      "type": "Feature",
      "properties": {
        "fid": 8,
        "Layer": "LINES",
        "Text": "141",
        "id": 112,
        "number": "141",
        "description": "Мемориальный корабль - музей \"Красный вымпел\"",
        "address": "Приморский край, г. Владивосток, Корабельная наб., причал N 34",
        "image": [
          "/photo/141.webp"
        ]
      },
      "geometry": {
        "type": "MultiPolygon",
        "coordinates": [
          [
            [
              [
                131.89064948727437,
                43.11284936098984
              ],
              [
                131.89060053489382,
                43.112741297795985
              ],
              [
                131.89069882531467,
                43.11274139197793
              ],
              [
                131.89064948727437,
                43.11284936098984
              ]
            ]
          ]
        ]
      }
    },
    {
      "type": "Feature",
      "properties": {
        "fid": 9,
        "Layer": "LINES",
        "Text": null
      },
      "geometry": {
        "type": "MultiPolygon",
        "coordinates": [
          [
            [
              [
                131.88956572576961,
                43.1132894330273
              ],
              [
                131.88951677494762,
                43.11318136937985
              ],
              [
                131.88961506606904,
                43.11318146449353
              ],
              [
                131.88956572576961,
                43.1132894330273
              ]
            ]
          ]
        ]
      }
    },
    {
      "type": "Feature",
      "properties": {
        "fid": 10,
        "Layer": "LINES",
        "Text": null
      },
      "geometry": {
        "type": "MultiPolygon",
        "coordinates": [
          [
            [
              [
                131.88221811701274,
                43.11241688820462
              ],
              [
                131.88216917981717,
                43.112308821413464
              ],
              [
                131.8822674695171,
                43.11230892283675
              ],
              [
                131.88221811701274,
                43.11241688820462
              ]
            ]
          ]
        ]
      }
    },
    {
      "type": "Feature",
      "properties": {
        "fid": 11,
        "Layer": "LINES",
        "Text": "112",
        "id": 108,
        "number": "112",
        "description": "Памятник Герою Советского Союза М.Н.Цукановой",
        "address": "Приморский край, г. Владивосток, ул. Ивановская, у въезда на терр.госпиталя КТОФ",
        "image": [
          "/photo/112.webp"
        ]
      },
      "geometry": {
        "type": "MultiPolygon",
        "coordinates": [
          [
            [
              [
                131.92882882728227,
                43.11121576132658
              ],
              [
                131.9287798090062,
                43.111107714385895
              ],
              [
                131.9288780969164,
                43.11110777577171
              ],
              [
                131.92882882728227,
                43.11121576132658
              ]
            ]
          ]
        ]
      }
    },
    {
      "type": "Feature",
      "properties": {
        "fid": 12,
        "Layer": "LINES",
        "Text": "111",
        "id": 107,
        "number": "111",
        "description": "Монумент в честь 100-летия Морского госпиталя - старейшего лечебного учреждения Владивостока",
        "address": "Приморский край, г. Владивосток, ул. Ивановская, терр. госпиталя",
        "image": [
          "/photo/111.webp"
        ]
      },
      "geometry": {
        "type": "MultiPolygon",
        "coordinates": [
          [
            [
              [
                131.9296311741459,
                43.11117307504429
              ],
              [
                131.929582154492,
                43.11106502844559
              ],
              [
                131.9296804423357,
                43.1110650891421
              ],
              [
                131.9296311741459,
                43.11117307504429
              ]
            ]
          ]
        ]
      }
    },
    {
      "type": "Feature",
      "properties": {
        "fid": 13,
        "Layer": "LINES",
        "Text": null
      },
      "geometry": {
        "type": "MultiPolygon",
        "coordinates": [
          [
            [
              [
                131.89064948727437,
                43.11284936098984
              ],
              [
                131.89060053489382,
                43.112741297795985
              ],
              [
                131.89069882531467,
                43.11274139197793
              ],
              [
                131.89064948727437,
                43.11284936098984
              ]
            ]
          ]
        ]
      }
    },
    {
      "type": "Feature",
      "properties": {
        "fid": 14,
        "Layer": "LINES",
        "Text": "142",
        "id": 113,
        "number": "142",
        "description": "Мемориальный комплекс \"Боевая слава Краснознаменного Тихоокеанского флота\"",
        "address": "Приморский край, г. Владивосток, ул. Петра Великого, в районе д. 4",
        "image": [
          "/photo/142.webp"
        ]
      },
      "geometry": {
        "type": "MultiPolygon",
        "coordinates": [
          [
            [
              [
                131.89196036419136,
                43.113284854836365
              ],
              [
                131.89191140915773,
                43.11317679220871
              ],
              [
                131.89200970027963,
                43.113176885265375
              ],
              [
                131.89196036419136,
                43.113284854836365
              ]
            ]
          ]
        ]
      }
    },
    {
      "type": "Feature",
      "properties": {
        "fid": 15,
        "Layer": "LINES",
        "Text": null
      },
      "geometry": {
        "type": "MultiPolygon",
        "coordinates": [
          [
            [
              [
                131.88956572576961,
                43.1132894330273
              ],
              [
                131.88951677494762,
                43.11318136937985
              ],
              [
                131.88961506606904,
                43.11318146449353
              ],
              [
                131.88956572576961,
                43.1132894330273
              ]
            ]
          ]
        ]
      }
    },
    {
      "type": "Feature",
      "properties": {
        "fid": 16,
        "Layer": "LINES",
        "Text": "181",
        "id": 152,
        "number": "181",
        "description": "Памятный знак в честь гидрографов-исследователей дальневосточных морей",
        "address": "Приморский край, г. Владивосток, Первого Мая, у дома № 4",
        "image": [
          "/photo/181.webp"
        ]
      },
      "geometry": {
        "type": "MultiPolygon",
        "coordinates": [
          [
            [
              [
                131.89241536151434,
                43.11344210399774
              ],
              [
                131.89236640555492,
                43.1133340415667
              ],
              [
                131.89246469693006,
                43.11333413423279
              ],
              [
                131.89241536151434,
                43.11344210399774
              ]
            ]
          ]
        ]
      }
    },
    {
      "type": "Feature",
      "properties": {
        "fid": 17,
        "Layer": "LINES",
        "Text": "193",
        "id": 164,
        "number": "193",
        "description": "Памятный знак на месте захоронения  русской революционерки-народоволки Волкенштейн Л.А.",
        "address": "Приморский край, г. Владивосток, Покровский парк",
        "image": [
          "/photo/193.webp"
        ]
      },
      "geometry": {
        "type": "MultiPolygon",
        "coordinates": [
          [
            [
              [
                131.89108896907953,
                43.12516253229273
              ],
              [
                131.89104000615248,
                43.12505446950879
              ],
              [
                131.89113831628546,
                43.125054563334515
              ],
              [
                131.89108896907953,
                43.12516253229273
              ]
            ]
          ]
        ]
      }
    },
    {
      "type": "Feature",
      "properties": {
        "fid": 18,
        "Layer": "LINES",
        "Text": null
      },
      "geometry": {
        "type": "MultiPolygon",
        "coordinates": [
          [
            [
              [
                131.89108896907953,
                43.12516253229273
              ],
              [
                131.89104000615248,
                43.12505446950879
              ],
              [
                131.89113831628546,
                43.125054563334515
              ],
              [
                131.89108896907953,
                43.12516253229273
              ]
            ]
          ]
        ]
      }
    },
    {
      "type": "Feature",
      "properties": {
        "fid": 19,
        "Layer": "LINES",
        "Text": "156",
        "id": 127,
        "number": "156",
        "description": "Памятник адмиралу С.О.Макарову",
        "address": "Приморский край, г.Владивосток,в районе  ул.Набережная,20",
        "image": [
          "/photo/156.webp"
        ]
      },
      "geometry": {
        "type": "MultiPolygon",
        "coordinates": [
          [
            [
              [
                131.87708669293716,
                43.11618366394379
              ],
              [
                131.8770377617894,
                43.116075595036946
              ],
              [
                131.8771360574991,
                43.116075700875236
              ],
              [
                131.87708669293716,
                43.11618366394379
              ]
            ]
          ]
        ]
      }
    },
    {
      "type": "Feature",
      "properties": {
        "fid": 20,
        "Layer": "LINES",
        "Text": null
      },
      "geometry": {
        "type": "MultiPolygon",
        "coordinates": [
          [
            [
              [
                131.8746091666011,
                43.113067229396236
              ],
              [
                131.87456024228524,
                43.11295915937953
              ],
              [
                131.87465853299813,
                43.11295926733971
              ],
              [
                131.8746091666011,
                43.113067229396236
              ]
            ]
          ]
        ]
      }
    },
    {
      "type": "Feature",
      "properties": {
        "fid": 21,
        "Layer": "LINES",
        "Text": "249",
        "id": 220,
        "number": "249",
        "description": "Памятник (Бюст) А.С. Пушкину",
        "address": "Приморский край, г. Владивосток, в районе ул. Пушкинская, бульвар",
        "image": [
          "/photo/249.webp"
        ]
      },
      "geometry": {
        "type": "MultiPolygon",
        "coordinates": [
          [
            [
              [
                131.89678387774646,
                43.11417988460775
              ],
              [
                131.8967349135117,
                43.11407182405107
              ],
              [
                131.89683320608142,
                43.11407191296607
              ],
              [
                131.89678387774646,
                43.11417988460775
              ]
            ]
          ]
        ]
      }
    },
    {
      "type": "Feature",
      "properties": {
        "fid": 22,
        "Layer": "LINES",
        "Text": "267",
        "id": 238,
        "number": "267",
        "description": "Памятный знак на месте первого гражданского дома Владивостока, принадлежавшего Семенову Я.Л",
        "address": "Приморский край, г. Владивосток, в районе  ул. Светланская, 44",
        "image": [
          "/photo/267.webp"
        ]
      },
      "geometry": {
        "type": "MultiPolygon",
        "coordinates": [
          [
            [
              [
                131.8886546622231,
                43.11505646723762
              ],
              [
                131.88860571160302,
                43.11494840323418
              ],
              [
                131.88870400554927,
                43.11494849913352
              ],
              [
                131.8886546622231,
                43.11505646723762
              ]
            ]
          ]
        ]
      }
    },
    {
      "type": "Feature",
      "properties": {
        "fid": 23,
        "Layer": "LINES",
        "Text": "354",
        "id": 325,
        "number": "354",
        "description": "Памятник летчикам - жертвам американской агрессии 1953 года",
        "address": "Приморский край, г. Владивосток, в районе ул. Светланская, 119б",
        "image": [
          "/photo/354.webp"
        ]
      },
      "geometry": {
        "type": "MultiPolygon",
        "coordinates": [
          [
            [
              [
                131.91181556413235,
                43.11444806408761
              ],
              [
                131.9117665732264,
                43.114340009944236
              ],
              [
                131.91186486626847,
                43.114340085947696
              ],
              [
                131.91181556413235,
                43.11444806408761
              ]
            ]
          ]
        ]
      }
    },
    {
      "type": "Feature",
      "properties": {
        "fid": 24,
        "Layer": "LINES",
        "Text": "355",
        "id": 326,
        "number": "355",
        "description": "Памятник экипажу шхуны \"Крейсерок\", трагически погибшему в 1890 г. при защите котиковых промыслов Сахалина от американских браконьеров",
        "address": "Приморский край, г. Владивосток, Светланская ул., сквер Матросского клуба",
        "image": [
          "/photo/355.webp"
        ]
      },
      "geometry": {
        "type": "MultiPolygon",
        "coordinates": [
          [
            [
              [
                131.90158524733002,
                43.1145452984086
              ],
              [
                131.90153627435356,
                43.11443723990469
              ],
              [
                131.90163456752248,
                43.11443732469599
              ],
              [
                131.90158524733002,
                43.1145452984086
              ]
            ]
          ]
        ]
      }
    },
    {
      "type": "Feature",
      "properties": {
        "fid": 25,
        "Layer": "LINES",
        "Text": "358",
        "id": 329,
        "number": "358",
        "description": "Памятник морякам торгового флота, погибшим в годы Великой  Отечественной войны",
        "address": "Приморский край, г. Владивосток, в районе ул. Светланская, 63",
        "image": [
          "/photo/358.webp"
        ]
      },
      "geometry": {
        "type": "MultiPolygon",
        "coordinates": [
          [
            [
              [
                131.89694022695107,
                43.113512782829524
              ],
              [
                131.89689126297063,
                43.11340472232736
              ],
              [
                131.89698955447315,
                43.11340481110683
              ],
              [
                131.89694022695107,
                43.113512782829524
              ]
            ]
          ]
        ]
      }
    },
    {
      "type": "Feature",
      "properties": {
        "fid": 26,
        "Layer": "LINES",
        "Text": "364",
        "id": 335,
        "number": "364",
        "description": "Памятник Константину Суханову",
        "address": "Приморский край, г. Владивосток, в районе ул. Суханова, 6а",
        "image": [
          "/photo/364.webp"
        ]
      },
      "geometry": {
        "type": "MultiPolygon",
        "coordinates": [
          [
            [
              [
                131.89182335502508,
                43.11832028034251
              ],
              [
                131.89177439623657,
                43.118212217747576
              ],
              [
                131.8918726954174,
                43.11821231093061
              ],
              [
                131.89182335502508,
                43.11832028034251
              ]
            ]
          ]
        ]
      }
    },
    {
      "type": "Feature",
      "properties": {
        "fid": 27,
        "Layer": "LINES",
        "Text": "372"
      },
      "geometry": {
        "type": "MultiPolygon",
        "coordinates": [
          [
            [
              [
                131.90494099027063,
                43.11509360195441
              ],
              [
                131.90489201095187,
                43.11498554489099
              ],
              [
                131.9049903050081,
                43.114985626800596
              ],
              [
                131.90494099027063,
                43.11509360195441
              ]
            ]
          ]
        ]
      }
    },
    {
      "type": "Feature",
      "properties": {
        "fid": 28,
        "Layer": "LINES",
        "Text": "391",
        "id": 354,
        "number": "391",
        "description": "Могила генерал-губернатора Восточной Сибири графа Н.Н. Муравьева-Амурского",
        "address": "Приморский край , г. Владивосток, рядом с одноименной могилой, расположенной в сквере Муравьева-Амурского на пересечении ул. Суханова, ул. Лазо и Театрального проезда",
        "image": [
          "/photo/391.webp"
        ]
      },
      "geometry": {
        "type": "MultiPolygon",
        "coordinates": [
          [
            [
              [
                131.89476459783958,
                43.116743359101775
              ],
              [
                131.89471563512447,
                43.11663529773123
              ],
              [
                131.89481393179062,
                43.11663538838495
              ],
              [
                131.89476459783958,
                43.116743359101775
              ]
            ]
          ]
        ]
      }
    },
    {
      "type": "Feature",
      "properties": {
        "fid": 29,
        "Layer": "LINES",
        "Text": "435",
        "id": 397,
        "number": "435",
        "description": "Геодезический знак",
        "address": "Приморский край, г. Владивосток, Алексеевская сопка (высота 82.,1), вершина",
        "image": [
          "/photo/435.webp"
        ]
      },
      "geometry": {
        "type": "MultiPolygon",
        "coordinates": [
          [
            [
              [
                131.8904309963645,
                43.11625347786804
              ],
              [
                131.89038204166746,
                43.116145414642745
              ],
              [
                131.89048033753556,
                43.11614550901829
              ],
              [
                131.8904309963645,
                43.11625347786804
              ]
            ]
          ]
        ]
      }
    },
    {
      "type": "Feature",
      "properties": {
        "fid": 30,
        "Layer": "LINES",
        "Text": "444",
        "id": 406,
        "number": "444",
        "description": "Памятник морякам-катерникам I -ой Краснознаменной бригады ТОФ, погибшим в боях за Родину в 1941 - 1945 гг",
        "address": "Приморский край, г. Владивосток, ул. Светланская, сквер Матросского клуба",
        "image": [
          "/photo/444.webp"
        ]
      },
      "geometry": {
        "type": "MultiPolygon",
        "coordinates": [
          [
            [
              [
                131.9017225408168,
                43.11467114334752
              ],
              [
                131.90167356749873,
                43.1145630849045
              ],
              [
                131.90177186086953,
                43.114563169578034
              ],
              [
                131.9017225408168,
                43.11467114334752
              ]
            ]
          ]
        ]
      }
    },
    {
      "type": "Feature",
      "properties": {
        "fid": 31,
        "Layer": "LINES",
        "Text": "243",
        "id": 214,
        "number": "243",
        "description": "Памятник  герою-комсомольцу Виталию Баневуру",
        "address": "Приморский край, г. Владивосток, в районе ул. Пушкинская, 63",
        "image": [
          "/photo/243.webp"
        ]
      },
      "geometry": {
        "type": "MultiPolygon",
        "coordinates": [
          [
            [
              [
                131.90830643199573,
                43.11656091838936
              ],
              [
                131.9082574455871,
                43.116452862787774
              ],
              [
                131.9083557420014,
                43.11645294180863
              ],
              [
                131.90830643199573,
                43.11656091838936
              ]
            ]
          ]
        ]
      }
    },
    {
      "type": "Feature",
      "properties": {
        "fid": 32,
        "Layer": "LINES",
        "Text": "182",
        "id": 153,
        "number": "182",
        "description": "Памятник рабочим производственного объединения «Эра», погибшим на фронтах Великой Отечественной войны",
        "address": "Приморский край, г. Владивосток, ул. Пионерская, территория предприятия",
        "image": [
          "/photo/182.webp"
        ]
      },
      "geometry": {
        "type": "MultiPolygon",
        "coordinates": [
          [
            [
              [
                131.92551358095642,
                43.11008629659557
              ],
              [
                131.92546456941233,
                43.10997824821837
              ],
              [
                131.92556285550802,
                43.10997831245034
              ],
              [
                131.92551358095642,
                43.11008629659557
              ]
            ]
          ]
        ]
      }
    },
    {
      "type": "Feature",
      "properties": {
        "fid": 33,
        "Layer": "LINES",
        "Text": "250",
        "id": 221,
        "number": "250",
        "description": "Памятник политехникам, погибшим в годы Великой Отечественной войны",
        "address": "Приморский край, г. Владивосток, район ул. Пушкинская, д. 31",
        "image": [
          "/photo/250.webp"
        ]
      },
      "geometry": {
        "type": "MultiPolygon",
        "coordinates": [
          [
            [
              [
                131.90125970145326,
                43.11621773520938
              ],
              [
                131.90121072772163,
                43.11610967659712
              ],
              [
                131.9013090235663,
                43.11610976167068
              ],
              [
                131.90125970145326,
                43.11621773520938
              ]
            ]
          ]
        ]
      }
    },
    {
      "type": "Feature",
      "properties": {
        "fid": 34,
        "Layer": "LINES",
        "Text": "356",
        "id": 327,
        "number": "356",
        "description": "Братская могила жертв революции (332)  Братская могила Жертв Революции - место захоронения праха борцов первой русской революции и гражданской войны 1918 - 1922 гг. (125)",
        "address": "Приморский край, г. Владивосток, Светланская ул., сквер им. Невельского",
        "image": [
          "/photo/356.webp"
        ]
      },
      "geometry": {
        "type": "MultiPolygon",
        "coordinates": [
          [
            [
              [
                131.8979315497327,
                43.11382307094765
              ],
              [
                131.89788258376092,
                43.11371501087347
              ],
              [
                131.89798087576312,
                43.11371509880206
              ],
              [
                131.8979315497327,
                43.11382307094765
              ]
            ]
          ]
        ]
      }
    },
    {
      "type": "Feature",
      "properties": {
        "fid": 35,
        "Layer": "LINES",
        "Text": null
      },
      "geometry": {
        "type": "MultiPolygon",
        "coordinates": [
          [
            [
              [
                131.90494099027063,
                43.11509360195441
              ],
              [
                131.90489201095187,
                43.11498554489099
              ],
              [
                131.9049903050081,
                43.114985626800596
              ],
              [
                131.90494099027063,
                43.11509360195441
              ]
            ]
          ]
        ]
      }
    },
    {
      "type": "Feature",
      "properties": {
        "fid": 36,
        "Layer": "LINES",
        "Text": null
      },
      "geometry": {
        "type": "MultiPolygon",
        "coordinates": [
          [
            [
              [
                131.8979315497327,
                43.11382307094765
              ],
              [
                131.89788258376092,
                43.11371501087347
              ],
              [
                131.89798087576312,
                43.11371509880206
              ],
              [
                131.8979315497327,
                43.11382307094765
              ]
            ]
          ]
        ]
      }
    },
    {
      "type": "Feature",
      "properties": {
        "fid": 37,
        "Layer": "LINES",
        "Text": "473",
        "id": 435,
        "number": "473",
        "description": "Памятник рабочим Владивостокского",
        "address": "Приморский край,",
        "image": [
          "/photo/473.webp"
        ]
      },
      "geometry": {
        "type": "MultiPolygon",
        "coordinates": [
          [
            [
              [
                131.88726753716477,
                43.11526570909702
              ],
              [
                131.8874102979723,
                43.11523889097108
              ],
              [
                131.88745145625077,
                43.11535083142252
              ],
              [
                131.88730516670213,
                43.115378616560776
              ],
              [
                131.88726753716477,
                43.11526570909702
              ]
            ]
          ]
        ]
      }
    },
    {
      "type": "Feature",
      "properties": {
        "fid": 38,
        "Layer": "LINES",
        "Text": null
      },
      "geometry": {
        "type": "MultiPolygon",
        "coordinates": [
          [
            [
              [
                131.90125970145326,
                43.11621773520938
              ],
              [
                131.90121072772163,
                43.11610967659712
              ],
              [
                131.9013090235663,
                43.11610976167068
              ],
              [
                131.90125970145326,
                43.11621773520938
              ]
            ]
          ]
        ]
      }
    },
    {
      "type": "Feature",
      "properties": {
        "fid": 39,
        "Layer": "LINES",
        "Text": "113",
        "id": 109,
        "number": "113",
        "description": "Ансамбль застройки главного госпиталя Сибирской флотилии 1895-1908",
        "address": "Приморский край, г. Владивосток, ул Ивановская, 4, корп. 1-10",
        "image": [
          "/photo/113.webp"
        ]
      },
      "geometry": {
        "type": "MultiPolygon",
        "coordinates": [
          [
            [
              [
                131.9321690764537,
                43.11054343431583
              ],
              [
                131.93219965509215,
                43.110645627207276
              ],
              [
                131.93248427683645,
                43.110596975385455
              ],
              [
                131.93248899164533,
                43.110611781193505
              ],
              [
                131.93252566602862,
                43.11061180291962
              ],
              [
                131.93252563506556,
                43.110639866622655
              ],
              [
                131.93290660592152,
                43.11065037032709
              ],
              [
                131.93290659911833,
                43.11065657132315
              ],
              [
                131.93294265588898,
                43.11065699133374
              ],
              [
                131.93294262616635,
                43.110684097563954
              ],
              [
                131.93300701395805,
                43.11068413544453
              ],
              [
                131.93300915580477,
                43.11051726749489
              ],
              [
                131.93289650430378,
                43.11051642381309
              ],
              [
                131.93289651777457,
                43.11050414725861
              ],
              [
                131.93245866336923,
                43.1105030234586
              ],
              [
                131.9321690764537,
                43.11054343431583
              ]
            ]
          ]
        ]
      }
    },
    {
      "type": "Feature",
      "properties": {
        "fid": 40,
        "Layer": "LINES",
        "Text": null
      },
      "geometry": {
        "type": "MultiPolygon",
        "coordinates": [
          [
            [
              [
                131.8904309963645,
                43.11625347786804
              ],
              [
                131.89038204166746,
                43.116145414642745
              ],
              [
                131.89048033753556,
                43.11614550901829
              ],
              [
                131.8904309963645,
                43.11625347786804
              ]
            ]
          ]
        ]
      }
    },
    {
      "type": "Feature",
      "properties": {
        "fid": 41,
        "Layer": "LINES",
        "Text": null
      },
      "geometry": {
        "type": "MultiPolygon",
        "coordinates": [
          [
            [
              [
                131.94041437877917,
                43.11897668431097
              ],
              [
                131.94046780000562,
                43.11896711885762
              ],
              [
                131.94046064376647,
                43.11894567140668
              ],
              [
                131.94054961422057,
                43.11892974054759
              ],
              [
                131.94055747646655,
                43.11895330381793
              ],
              [
                131.9406227442208,
                43.11894161706401
              ],
              [
                131.9406360363384,
                43.11898145357283
              ],
              [
                131.94060801595836,
                43.118986470868585
              ],
              [
                131.9406931503255,
                43.11923139608955
              ],
              [
                131.94072155128114,
                43.11922653850245
              ],
              [
                131.94073470198666,
                43.11926595081316
              ],
              [
                131.94066602390535,
                43.119278554890485
              ],
              [
                131.94067314717825,
                43.119301542439075
              ],
              [
                131.94058431464072,
                43.119316314336494
              ],
              [
                131.94057715734473,
                43.11929486396976
              ],
              [
                131.9405228595252,
                43.11930482884328
              ],
              [
                131.94041437877917,
                43.11897668431097
              ]
            ]
          ]
        ]
      }
    },
    {
      "type": "Feature",
      "properties": {
        "fid": 42,
        "Layer": "LINES",
        "Text": null
      },
      "geometry": {
        "type": "MultiPolygon",
        "coordinates": [
          [
            [
              [
                131.9390817402947,
                43.12113512329128
              ],
              [
                131.93916001422204,
                43.12110337318565
              ],
              [
                131.9391668904716,
                43.1211131367984
              ],
              [
                131.9392882382,
                43.121284591704715
              ],
              [
                131.93931255481905,
                43.12127501297976
              ],
              [
                131.93931964463943,
                43.121284670830285
              ],
              [
                131.93929522819056,
                43.12129431188865
              ],
              [
                131.9393340545164,
                43.12134830318553
              ],
              [
                131.9393601209144,
                43.121338244686385
              ],
              [
                131.939367110666,
                43.12134796451102
              ],
              [
                131.93934104426498,
                43.12135802301175
              ],
              [
                131.93935412053082,
                43.12137583564176
              ],
              [
                131.93934093626078,
                43.121381029145056
              ],
              [
                131.93932777490502,
                43.1213631433878
              ],
              [
                131.93927680814713,
                43.12138281040026
              ],
              [
                131.93928988439959,
                43.121400623037516
              ],
              [
                131.9392767001188,
                43.12140581653342
              ],
              [
                131.93926353877646,
                43.121387930768805
              ],
              [
                131.93923922210413,
                43.1213975094819
              ],
              [
                131.9392321322849,
                43.121387851627034
              ],
              [
                131.9392565487811,
                43.12137821058268
              ],
              [
                131.9392173736973,
                43.12132373421381
              ],
              [
                131.93919272307062,
                43.12133305002081
              ],
              [
                131.93918601392676,
                43.121323523725295
              ],
              [
                131.93921038371658,
                43.121314014024776
              ],
              [
                131.9390817402947,
                43.12113512329128
              ]
            ]
          ]
        ]
      }
    },
    {
      "type": "Feature",
      "properties": {
        "fid": 43,
        "Layer": "LINES",
        "Text": null
      },
      "geometry": {
        "type": "MultiPolygon",
        "coordinates": [
          [
            [
              [
                131.93955327260173,
                43.121795056376655
              ],
              [
                131.93960196658838,
                43.12177442608259
              ],
              [
                131.93963675629334,
                43.121821707101425
              ],
              [
                131.93958911984475,
                43.121841889349746
              ],
              [
                131.93955327260173,
                43.121795056376655
              ]
            ]
          ]
        ]
      }
    },
    {
      "type": "Feature",
      "properties": {
        "fid": 44,
        "Layer": "LINES",
        "Text": null
      },
      "geometry": {
        "type": "MultiPolygon",
        "coordinates": [
          [
            [
              [
                131.93948342905003,
                43.12169949715055
              ],
              [
                131.93953502364099,
                43.121676921165
              ],
              [
                131.93957323346152,
                43.12172377832428
              ],
              [
                131.93951996661693,
                43.121747086034866
              ],
              [
                131.93948342905003,
                43.12169949715055
              ]
            ]
          ]
        ]
      }
    },
    {
      "type": "Feature",
      "properties": {
        "fid": 45,
        "Layer": "LINES",
        "Text": null
      },
      "geometry": {
        "type": "MultiPolygon",
        "coordinates": [
          [
            [
              [
                131.93938067707018,
                43.12158874101658
              ],
              [
                131.93946160129107,
                43.12155592101279
              ],
              [
                131.9395130517748,
                43.121623993904905
              ],
              [
                131.93943395032923,
                43.12165607466689
              ],
              [
                131.93938067707018,
                43.12158874101658
              ]
            ]
          ]
        ]
      }
    },
    {
      "type": "Feature",
      "properties": {
        "fid": 46,
        "Layer": "LINES",
        "Text": null
      },
      "geometry": {
        "type": "MultiPolygon",
        "coordinates": [
          [
            [
              [
                131.94020948928883,
                43.12198874982768
              ],
              [
                131.94035977382845,
                43.121934267248896
              ],
              [
                131.94051383713915,
                43.12216229800448
              ],
              [
                131.9403635521899,
                43.122216780792144
              ],
              [
                131.94020948928883,
                43.12198874982768
              ]
            ]
          ]
        ]
      }
    },
    {
      "type": "Feature",
      "properties": {
        "fid": 47,
        "Layer": "LINES",
        "Text": null
      },
      "geometry": {
        "type": "MultiPolygon",
        "coordinates": [
          [
            [
              [
                131.94157202260797,
                43.121068806783676
              ],
              [
                131.94163498919366,
                43.12104138878872
              ],
              [
                131.9416653058389,
                43.121078748887115
              ],
              [
                131.94160233922824,
                43.12110616690753
              ],
              [
                131.94157202260797,
                43.121068806783676
              ]
            ]
          ]
        ]
      }
    },
    {
      "type": "Feature",
      "properties": {
        "fid": 48,
        "Layer": "LINES",
        "Text": null
      },
      "geometry": {
        "type": "MultiPolygon",
        "coordinates": [
          [
            [
              [
                131.9416981672594,
                43.12124648644862
              ],
              [
                131.94175864838977,
                43.121220651143155
              ],
              [
                131.9417915516682,
                43.121261984004065
              ],
              [
                131.941731070511,
                43.12128781932674
              ],
              [
                131.9416981672594,
                43.12124648644862
              ]
            ]
          ]
        ]
      }
    },
    {
      "type": "Feature",
      "properties": {
        "fid": 49,
        "Layer": "LINES",
        "Text": null
      },
      "geometry": {
        "type": "MultiPolygon",
        "coordinates": [
          [
            [
              [
                131.94182265460165,
                43.12142297723278
              ],
              [
                131.94189090333776,
                43.121395248335084
              ],
              [
                131.94191843552102,
                43.121431610539105
              ],
              [
                131.94185018675694,
                43.12145933945304
              ],
              [
                131.94182265460165,
                43.12142297723278
              ]
            ]
          ]
        ]
      }
    },
    {
      "type": "Feature",
      "properties": {
        "fid": 50,
        "Layer": "LINES",
        "Text": null
      },
      "geometry": {
        "type": "MultiPolygon",
        "coordinates": [
          [
            [
              [
                131.94108718143892,
                43.12133666344974
              ],
              [
                131.94119116467263,
                43.12129304871843
              ],
              [
                131.94122626952424,
                43.12134681268101
              ],
              [
                131.94112228622436,
                43.121390427452745
              ],
              [
                131.94108718143892,
                43.12133666344974
              ]
            ]
          ]
        ]
      }
    },
    {
      "type": "Feature",
      "properties": {
        "fid": 51,
        "Layer": "LINES",
        "Text": null
      },
      "geometry": {
        "type": "MultiPolygon",
        "coordinates": [
          [
            [
              [
                131.9412664420113,
                43.12163387715492
              ],
              [
                131.94139582438942,
                43.12159086395564
              ],
              [
                131.94142304184376,
                43.12163123443177
              ],
              [
                131.94129571517055,
                43.12167729690939
              ],
              [
                131.9412664420113,
                43.12163387715492
              ]
            ]
          ]
        ]
      }
    },
    {
      "type": "Feature",
      "properties": {
        "fid": 52,
        "Layer": "LINES",
        "Text": null
      },
      "geometry": {
        "type": "MultiPolygon",
        "coordinates": [
          [
            [
              [
                131.9414674265922,
                43.12191635801219
              ],
              [
                131.9416561363503,
                43.121849723374936
              ],
              [
                131.94169410268032,
                43.12190741766036
              ],
              [
                131.94150539278593,
                43.1219740523594
              ],
              [
                131.9414674265922,
                43.12191635801219
              ]
            ]
          ]
        ]
      }
    },
    {
      "type": "Feature",
      "properties": {
        "fid": 53,
        "Layer": "LINES",
        "Text": null
      },
      "geometry": {
        "type": "MultiPolygon",
        "coordinates": [
          [
            [
              [
                131.9415256759201,
                43.122292233248714
              ],
              [
                131.9417833603013,
                43.12220731790688
              ],
              [
                131.9418862358766,
                43.122374830509976
              ],
              [
                131.94162855093427,
                43.12245974608971
              ],
              [
                131.9415256759201,
                43.122292233248714
              ]
            ]
          ]
        ]
      }
    },
    {
      "type": "Feature",
      "properties": {
        "fid": 54,
        "Layer": "LINES",
        "Text": null
      },
      "geometry": {
        "type": "MultiPolygon",
        "coordinates": [
          [
            [
              [
                131.94337006702688,
                43.12312831803349
              ],
              [
                131.9433298456063,
                43.12308667618026
              ],
              [
                131.9433486212083,
                43.12304821292489
              ],
              [
                131.94336522127597,
                43.12303996964244
              ],
              [
                131.94383942246898,
                43.12291081768421
              ],
              [
                131.9439541585817,
                43.12299654412916
              ],
              [
                131.9438585942014,
                43.12330095375951
              ],
              [
                131.94384465558622,
                43.12332529986827
              ],
              [
                131.9437941849958,
                43.123345289111384
              ],
              [
                131.94372962801938,
                43.12332616058046
              ],
              [
                131.94371706414717,
                43.12328636262307
              ],
              [
                131.94372778300777,
                43.12326766023048
              ],
              [
                131.94380047836302,
                43.12303487084196
              ],
              [
                131.94344177710997,
                43.12312432729784
              ],
              [
                131.9434272812447,
                43.123131466613124
              ],
              [
                131.94337006702688,
                43.12312831803349
              ]
            ]
          ]
        ]
      }
    },
    {
      "type": "Feature",
      "properties": {
        "fid": 55,
        "Layer": "LINES",
        "Text": null
      },
      "geometry": {
        "type": "MultiPolygon",
        "coordinates": [
          [
            [
              [
                131.94209857605173,
                43.12308009430227
              ],
              [
                131.94221408722112,
                43.12296804219029
              ],
              [
                131.9424398146237,
                43.123092898740545
              ],
              [
                131.94232430361853,
                43.12320495108703
              ],
              [
                131.94209857605173,
                43.12308009430227
              ]
            ]
          ]
        ]
      }
    },
    {
      "type": "Feature",
      "properties": {
        "fid": 56,
        "Layer": "LINES",
        "Text": null
      },
      "geometry": {
        "type": "MultiPolygon",
        "coordinates": [
          [
            [
              [
                131.94315481851265,
                43.12379272295318
              ],
              [
                131.94289913931874,
                43.123756173650236
              ],
              [
                131.94285458706295,
                43.123706707221515
              ],
              [
                131.94289980987762,
                43.123515005464824
              ],
              [
                131.9429751681382,
                43.12347080420834
              ],
              [
                131.9432308461893,
                43.12350735335162
              ],
              [
                131.9430034303391,
                43.123557407853696
              ],
              [
                131.94297044725195,
                43.12368535653703
              ],
              [
                131.94313274683873,
                43.12370780502597
              ],
              [
                131.94316572959983,
                43.12357985628716
              ],
              [
                131.9430034303391,
                43.123557407853696
              ],
              [
                131.9432308461893,
                43.12350735335162
              ],
              [
                131.94327900894712,
                43.12356300193483
              ],
              [
                131.94323378728072,
                43.12375470384953
              ],
              [
                131.94315481851265,
                43.12379272295318
              ]
            ]
          ]
        ]
      }
    },
    {
      "type": "Feature",
      "properties": {
        "fid": 57,
        "Layer": "LINES",
        "Text": null
      },
      "geometry": {
        "type": "MultiPolygon",
        "coordinates": [
          [
            [
              [
                131.94267873923562,
                43.12430193472356
              ],
              [
                131.94273417365176,
                43.124115984396816
              ],
              [
                131.94289828479268,
                43.124142234232366
              ],
              [
                131.94290827096887,
                43.124108735959126
              ],
              [
                131.94301002744223,
                43.12412501193357
              ],
              [
                131.94299970063204,
                43.12415965301713
              ],
              [
                131.94317037780405,
                43.124186952659585
              ],
              [
                131.9431152853057,
                43.1243717603943
              ],
              [
                131.94294460768955,
                43.12434446067753
              ],
              [
                131.9429346215072,
                43.12437795893535
              ],
              [
                131.94283286463028,
                43.12436168290917
              ],
              [
                131.9428428508781,
                43.124328184642984
              ],
              [
                131.94267873923562,
                43.12430193472356
              ]
            ]
          ]
        ]
      }
    },
    {
      "type": "Feature",
      "properties": {
        "fid": 58,
        "Layer": "LINES",
        "Text": null
      },
      "geometry": {
        "type": "MultiPolygon",
        "coordinates": [
          [
            [
              [
                131.9410030915409,
                43.125127258264506
              ],
              [
                131.94102984677176,
                43.12500547227782
              ],
              [
                131.94099242867787,
                43.12500106176858
              ],
              [
                131.941009257997,
                43.12492445708642
              ],
              [
                131.94104915568494,
                43.124929159878384
              ],
              [
                131.94107719430406,
                43.12480153120511
              ],
              [
                131.94129672765956,
                43.124827407600684
              ],
              [
                131.9412703386169,
                43.124947529630035
              ],
              [
                131.94130454174308,
                43.124951561109015
              ],
              [
                131.94128618525397,
                43.12503511909323
              ],
              [
                131.94124899026252,
                43.12503073495894
              ],
              [
                131.9412221138779,
                43.12515307443497
              ],
              [
                131.9410030915409,
                43.125127258264506
              ]
            ]
          ]
        ]
      }
    },
    {
      "type": "Feature",
      "properties": {
        "fid": 59,
        "Layer": "LINES",
        "Text": null
      },
      "geometry": {
        "type": "MultiPolygon",
        "coordinates": [
          [
            [
              [
                131.92551358095642,
                43.11008629659557
              ],
              [
                131.92546456941233,
                43.10997824821837
              ],
              [
                131.92556285550802,
                43.10997831245034
              ],
              [
                131.92551358095642,
                43.11008629659557
              ]
            ]
          ]
        ]
      }
    },
    {
      "type": "Feature",
      "properties": {
        "fid": 60,
        "Layer": "LINES",
        "Text": null
      },
      "geometry": {
        "type": "MultiPolygon",
        "coordinates": [
          [
            [
              [
                131.87708669293716,
                43.11618366394379
              ],
              [
                131.8770377617894,
                43.116075595036946
              ],
              [
                131.8771360574991,
                43.116075700875236
              ],
              [
                131.87708669293716,
                43.11618366394379
              ]
            ]
          ]
        ]
      }
    },
    {
      "type": "Feature",
      "properties": {
        "fid": 61,
        "Layer": "LINES",
        "Text": null
      },
      "geometry": {
        "type": "MultiPolygon",
        "coordinates": [
          [
            [
              [
                131.89678387774646,
                43.11417988460775
              ],
              [
                131.8967349135117,
                43.11407182405107
              ],
              [
                131.89683320608142,
                43.11407191296607
              ],
              [
                131.89678387774646,
                43.11417988460775
              ]
            ]
          ]
        ]
      }
    },
    {
      "type": "Feature",
      "properties": {
        "fid": 62,
        "Layer": "LINES",
        "Text": null
      },
      "geometry": {
        "type": "MultiPolygon",
        "coordinates": [
          [
            [
              [
                131.9017225408168,
                43.11467114334752
              ],
              [
                131.90167356749873,
                43.1145630849045
              ],
              [
                131.90177186086953,
                43.114563169578034
              ],
              [
                131.9017225408168,
                43.11467114334752
              ]
            ]
          ]
        ]
      }
    },
    {
      "type": "Feature",
      "properties": {
        "fid": 63,
        "Layer": "LINES",
        "Text": null
      },
      "geometry": {
        "type": "MultiPolygon",
        "coordinates": [
          [
            [
              [
                131.90158524733002,
                43.1145452984086
              ],
              [
                131.90153627435356,
                43.11443723990469
              ],
              [
                131.90163456752248,
                43.11443732469599
              ],
              [
                131.90158524733002,
                43.1145452984086
              ]
            ]
          ]
        ]
      }
    },
    {
      "type": "Feature",
      "properties": {
        "fid": 64,
        "Layer": "LINES",
        "Text": null
      },
      "geometry": {
        "type": "MultiPolygon",
        "coordinates": [
          [
            [
              [
                131.90830643199573,
                43.11656091838936
              ],
              [
                131.9082574455871,
                43.116452862787774
              ],
              [
                131.9083557420014,
                43.11645294180863
              ],
              [
                131.90830643199573,
                43.11656091838936
              ]
            ]
          ]
        ]
      }
    },
    {
      "type": "Feature",
      "properties": {
        "fid": 65,
        "Layer": "LINES",
        "Text": "433",
        "id": 395,
        "number": "433",
        "description": "Тоннель им. И.В. Сталина",
        "address": "Приморский край, г. Владивосток, между железнодорожными станциями «Луговая» и «3-я Рабочая»",
        "image": [
          "/photo/433.webp"
        ]
      },
      "geometry": {
        "type": "MultiPolygon",
        "coordinates": [
          [
            [
              [
                131.93667726282226,
                43.11637437509884
              ],
              [
                131.9367378358171,
                43.11642099659915
              ],
              [
                131.9367249987878,
                43.1164808490678
              ],
              [
                131.9365939445623,
                43.11637913975738
              ],
              [
                131.93667726282226,
                43.11637437509884
              ]
            ]
          ]
        ]
      }
    },
    {
      "type": "Feature",
      "properties": {
        "fid": 66,
        "Layer": "LINES",
        "Text": "234",
        "id": 205,
        "number": "234",
        "description": "Жилой дом",
        "address": "Приморский край, г. Владивосток, Пушкинская ул., 25 в",
        "image": [
          "/photo/234.webp"
        ]
      },
      "geometry": {
        "type": "MultiPolygon",
        "coordinates": [
          [
            [
              [
                131.89952289209964,
                43.11616022146679
              ],
              [
                131.89955451710455,
                43.11609287734707
              ],
              [
                131.89981201378816,
                43.11615132153011
              ],
              [
                131.89976325631133,
                43.116264086473244
              ],
              [
                131.89966140503284,
                43.116241506183385
              ],
              [
                131.89965454324442,
                43.11625809307622
              ],
              [
                131.89960402529636,
                43.11624687701497
              ],
              [
                131.89961118416159,
                43.116229572037064
              ],
              [
                131.89945580332335,
                43.1161940497345
              ],
              [
                131.89947799996125,
                43.1161504940863
              ],
              [
                131.89952289209964,
                43.11616022146679
              ]
            ]
          ]
        ]
      }
    },
    {
      "type": "Feature",
      "properties": {
        "fid": 67,
        "Layer": "LINES",
        "Text": "434",
        "id": 396,
        "number": "434",
        "description": "Депо вагонное городского трамвайного парка",
        "address": "Приморский край, г. Владивосток, ул. Светланская, 223",
        "image": [
          "/photo/434.webp"
        ]
      },
      "geometry": {
        "type": "MultiPolygon",
        "coordinates": [
          [
            [
              [
                131.93702347110982,
                43.11332080797269
              ],
              [
                131.9367372885435,
                43.11330353101488
              ],
              [
                131.9367144404926,
                43.1134896106044
              ],
              [
                131.93676526074177,
                43.1134925453024
              ],
              [
                131.93675860029978,
                43.11353746084094
              ],
              [
                131.93710115697453,
                43.11356195508132
              ],
              [
                131.93711502498482,
                43.11348119685139
              ],
              [
                131.93745650957652,
                43.11350302694981
              ],
              [
                131.93753971819893,
                43.11285268856306
              ],
              [
                131.93696874364056,
                43.11281672875819
              ],
              [
                131.93695019513734,
                43.112998914182114
              ],
              [
                131.93706844869985,
                43.113010563930494
              ],
              [
                131.93702347110982,
                43.11332080797269
              ]
            ]
          ]
        ]
      }
    },
    {
      "type": "Feature",
      "properties": {
        "fid": 68,
        "Layer": "LINES",
        "Text": "430",
        "id": 392,
        "number": "430",
        "description": "Ансамбль \"доходных домов \"Л.Скидельского",
        "address": "Приморский край, г. Владивосток, пр-кт Океанский, 30",
        "image": [
          "/photo/430.webp"
        ]
      },
      "geometry": {
        "type": "MultiPolygon",
        "coordinates": [
          [
            [
              [
                131.88780515942722,
                43.1213188625687
              ],
              [
                131.88788778070816,
                43.12130184672377
              ],
              [
                131.88792333040692,
                43.12139284805171
              ],
              [
                131.8876635911052,
                43.121446623813654
              ],
              [
                131.88750021857211,
                43.12102164982246
              ],
              [
                131.88776260871384,
                43.12096947723813
              ],
              [
                131.88779562581743,
                43.12105635995109
              ],
              [
                131.8877100885204,
                43.12107391499087
              ],
              [
                131.88772313389802,
                43.1211076773424
              ],
              [
                131.88776646587752,
                43.121100215293026
              ],
              [
                131.88778809926268,
                43.12115529447852
              ],
              [
                131.8877046266984,
                43.12117307489996
              ],
              [
                131.88772296976614,
                43.121231568160944
              ],
              [
                131.88780445349096,
                43.121214352866176
              ],
              [
                131.88783231801693,
                43.121279208837414
              ],
              [
                131.8877919778193,
                43.121287679178
              ],
              [
                131.88780515942722,
                43.1213188625687
              ]
            ]
          ]
        ]
      }
    },
    {
      "type": "Feature",
      "properties": {
        "fid": 69,
        "Layer": "LINES",
        "Text": "424",
        "id": 386,
        "number": "424",
        "description": "Чертежный отдел Приморского переселенческого района",
        "address": "Приморский край, г. Владивосток, ул. Фонтанная, 24",
        "image": [
          "/photo/424.webp"
        ]
      },
      "geometry": {
        "type": "MultiPolygon",
        "coordinates": [
          [
            [
              [
                131.88493966318757,
                43.11994230308398
              ],
              [
                131.88493460634965,
                43.11992764928788
              ],
              [
                131.88474723739893,
                43.11996234641683
              ],
              [
                131.88475350631904,
                43.119978892620146
              ],
              [
                131.8846080366987,
                43.12000709631983
              ],
              [
                131.88459852505545,
                43.11998211786024
              ],
              [
                131.8845533499676,
                43.11999033655518
              ],
              [
                131.88461416123286,
                43.1201458260544
              ],
              [
                131.8851554785025,
                43.1200369688958
              ],
              [
                131.8851118107391,
                43.11991042899522
              ],
              [
                131.88493966318757,
                43.11994230308398
              ]
            ]
          ]
        ]
      }
    },
    {
      "type": "Feature",
      "properties": {
        "fid": 70,
        "Layer": "LINES",
        "Text": "400",
        "id": 363,
        "number": "400",
        "description": "Жилой дом",
        "address": "Приморский край, г. Владивосток, ул. Фонтанная, 47",
        "image": [
          "/photo/400.webp"
        ]
      },
      "geometry": {
        "type": "MultiPolygon",
        "coordinates": [
          [
            [
              [
                131.88772126251214,
                43.11980490652043
              ],
              [
                131.8875629451891,
                43.1198328348545
              ],
              [
                131.8875600067129,
                43.11982707109853
              ],
              [
                131.88751083930381,
                43.11983602399268
              ],
              [
                131.88751181240167,
                43.1198414257589
              ],
              [
                131.88742331036002,
                43.11985790096901
              ],
              [
                131.8874538564825,
                43.11995217517952
              ],
              [
                131.88787878963757,
                43.11987293153147
              ],
              [
                131.8878465193256,
                43.11978045600767
              ],
              [
                131.8877694488282,
                43.119794872409535
              ],
              [
                131.8877678189824,
                43.1197886902436
              ],
              [
                131.88771931100015,
                43.1197969834166
              ],
              [
                131.88772126251214,
                43.11980490652043
              ]
            ]
          ]
        ]
      }
    },
    {
      "type": "Feature",
      "properties": {
        "fid": 71,
        "Layer": "LINES",
        "Text": "399",
        "id": 362,
        "number": "399",
        "description": "Жилой дом",
        "address": "Приморский край, г. Владивосток, ул. Уборевича, 17 (ул. Фонтанная, 44)",
        "image": [
          "/photo/399.webp"
        ]
      },
      "geometry": {
        "type": "MultiPolygon",
        "coordinates": [
          [
            [
              [
                131.89084617218708,
                43.11863595798649
              ],
              [
                131.89079260845529,
                43.1184859629393
              ],
              [
                131.89070945681144,
                43.11850210492063
              ],
              [
                131.89069787441667,
                43.11847208468422
              ],
              [
                131.89058046422662,
                43.11849847384704
              ],
              [
                131.89064399330633,
                43.11867509533338
              ],
              [
                131.8906948513225,
                43.11866525038782
              ],
              [
                131.8907497441454,
                43.11882553915275
              ],
              [
                131.89072926199134,
                43.11882884676691
              ],
              [
                131.89072855686638,
                43.11882572435959
              ],
              [
                131.89060715509027,
                43.11884860020828
              ],
              [
                131.89060626468358,
                43.11884564864397
              ],
              [
                131.89056472441038,
                43.11885301323332
              ],
              [
                131.89056605877207,
                43.118856278485225
              ],
              [
                131.89043009808074,
                43.11887905907547
              ],
              [
                131.89041184156372,
                43.11890567210852
              ],
              [
                131.89048713048973,
                43.11899602018552
              ],
              [
                131.89093870249516,
                43.11890535291419
              ],
              [
                131.89084205774688,
                43.11863696778202
              ],
              [
                131.89084617218708,
                43.11863595798649
              ]
            ]
          ]
        ]
      }
    },
    {
      "type": "Feature",
      "properties": {
        "fid": 72,
        "Layer": "LINES",
        "Text": "398",
        "id": 361,
        "number": "398",
        "description": "Жилой дом",
        "address": "Приморский край, г. Владивосток, ул. Фонтанная, 42",
        "image": [
          "/photo/398.webp"
        ]
      },
      "geometry": {
        "type": "MultiPolygon",
        "coordinates": [
          [
            [
              [
                131.8902796274354,
                43.11903426925351
              ],
              [
                131.8904156454763,
                43.11900547211088
              ],
              [
                131.89038010531797,
                43.118905005964514
              ],
              [
                131.890354212533,
                43.118909907948066
              ],
              [
                131.89032519529937,
                43.11891500239708
              ],
              [
                131.890061794068,
                43.11896615926569
              ],
              [
                131.89008707523058,
                43.1190340839627
              ],
              [
                131.89010025305242,
                43.11906948969156
              ],
              [
                131.8902796274354,
                43.11903426925351
              ]
            ]
          ]
        ]
      }
    },
    {
      "type": "Feature",
      "properties": {
        "fid": 73,
        "Layer": "LINES",
        "Text": null
      },
      "geometry": {
        "type": "MultiPolygon",
        "coordinates": [
          [
            [
              [
                131.89182335502508,
                43.11832028034251
              ],
              [
                131.89177439623657,
                43.118212217747576
              ],
              [
                131.8918726954174,
                43.11821231093061
              ],
              [
                131.89182335502508,
                43.11832028034251
              ]
            ]
          ]
        ]
      }
    },
    {
      "type": "Feature",
      "properties": {
        "fid": 74,
        "Layer": "LINES",
        "Text": "394",
        "id": 357,
        "number": "394",
        "description": "Жилой дом - памятник деревянного зодчества",
        "address": "Приморский край, г. Владивосток, Фонтанная ул., 21",
        "image": [
          "/photo/394.webp"
        ]
      },
      "geometry": {
        "type": "MultiPolygon",
        "coordinates": [
          [
            [
              [
                131.88214697755458,
                43.12094313107503
              ],
              [
                131.88217116844248,
                43.12093824350066
              ],
              [
                131.88214906900743,
                43.120879377636435
              ],
              [
                131.882306113158,
                43.12084774055841
              ],
              [
                131.8823503904674,
                43.12096568030367
              ],
              [
                131.88216910066328,
                43.121001888016615
              ],
              [
                131.88214697755458,
                43.12094313107503
              ]
            ]
          ]
        ]
      }
    },
    {
      "type": "Feature",
      "properties": {
        "fid": 75,
        "Layer": "LINES",
        "Text": null
      },
      "geometry": {
        "type": "MultiPolygon",
        "coordinates": [
          [
            [
              [
                131.89476459783958,
                43.116743359101775
              ],
              [
                131.89471563512447,
                43.11663529773123
              ],
              [
                131.89481393179062,
                43.11663538838495
              ],
              [
                131.89476459783958,
                43.116743359101775
              ]
            ]
          ]
        ]
      }
    },
    {
      "type": "Feature",
      "properties": {
        "fid": 76,
        "Layer": "LINES",
        "Text": "387",
        "id": 350,
        "number": "387",
        "description": "Жилой дом",
        "address": "Приморский край, г. Владивосток, ул. Уборевича, 23",
        "image": [
          "/photo/387.webp"
        ]
      },
      "geometry": {
        "type": "MultiPolygon",
        "coordinates": [
          [
            [
              [
                131.89144976343908,
                43.12064561513584
              ],
              [
                131.89126506700958,
                43.120678479995874
              ],
              [
                131.89122773665298,
                43.12056590279839
              ],
              [
                131.8914124327636,
                43.1205330379976
              ],
              [
                131.89144976343908,
                43.12064561513584
              ]
            ]
          ]
        ]
      }
    },
    {
      "type": "Feature",
      "properties": {
        "fid": 77,
        "Layer": "LINES",
        "Text": "386",
        "id": 349,
        "number": "386",
        "description": "Здание Дальтелефильма, в котором в 1956 году начал работать первый на Дальнем Востоке телевизионный центр",
        "address": "Приморский край, г. Владивосток, ул. Уборевича, 20а",
        "image": [
          "/photo/386.webp"
        ]
      },
      "geometry": {
        "type": "MultiPolygon",
        "coordinates": [
          [
            [
              [
                131.89206373139385,
                43.11946029722733
              ],
              [
                131.89206546617655,
                43.11946676314593
              ],
              [
                131.89199043867956,
                43.11947756529571
              ],
              [
                131.89200447433552,
                43.11952987947235
              ],
              [
                131.8919767951123,
                43.11953386459949
              ],
              [
                131.89200820636833,
                43.119666552442894
              ],
              [
                131.89214817093062,
                43.11964935589119
              ],
              [
                131.89213972665547,
                43.11961788245786
              ],
              [
                131.89231590867962,
                43.11959251623267
              ],
              [
                131.89231237127646,
                43.119579331783626
              ],
              [
                131.8924179652521,
                43.11956412850022
              ],
              [
                131.89239508404646,
                43.11947884711293
              ],
              [
                131.89237361791947,
                43.11948193778644
              ],
              [
                131.8923582369794,
                43.119424610705416
              ],
              [
                131.89227696096813,
                43.11943631271217
              ],
              [
                131.892275226164,
                43.11942984679682
              ],
              [
                131.89206373139385,
                43.11946029722733
              ]
            ]
          ]
        ]
      }
    },
    {
      "type": "Feature",
      "properties": {
        "fid": 78,
        "Layer": "LINES",
        "Text": "383",
        "id": 346,
        "number": "383",
        "description": "Депо пожарное главное",
        "address": "Приморский край, г. Владивосток, ул. Уборевича, 9, стр. 2, 3",
        "image": [
          "/photo/383.webp"
        ]
      },
      "geometry": {
        "type": "MultiPolygon",
        "coordinates": [
          [
            [
              [
                131.88829182603132,
                43.11737694131894
              ],
              [
                131.88828937676797,
                43.11737127474924
              ],
              [
                131.88823387114672,
                43.11738415005268
              ],
              [
                131.88823597583618,
                43.11738901943288
              ],
              [
                131.888217457347,
                43.117393288716954
              ],
              [
                131.88811892177384,
                43.11716391103862
              ],
              [
                131.88842978768292,
                43.117092244253016
              ],
              [
                131.8884654501899,
                43.11717526100953
              ],
              [
                131.88830736139772,
                43.117211707430506
              ],
              [
                131.88831150913583,
                43.11722136276054
              ],
              [
                131.8882930788679,
                43.117247212512645
              ],
              [
                131.8882807141829,
                43.11725006310202
              ],
              [
                131.8883313200514,
                43.1173678614167
              ],
              [
                131.88829182603132,
                43.11737694131894
              ]
            ]
          ]
        ]
      }
    },
    {
      "type": "Feature",
      "properties": {
        "fid": 79,
        "Layer": "LINES",
        "Text": "383",
        "id": 346,
        "number": "383",
        "description": "Депо пожарное главное",
        "address": "Приморский край, г. Владивосток, ул. Уборевича, 9, стр. 2, 3",
        "image": [
          "/photo/383.webp"
        ]
      },
      "geometry": {
        "type": "MultiPolygon",
        "coordinates": [
          [
            [
              [
                131.88857081145747,
                43.117244100296624
              ],
              [
                131.88853571512314,
                43.11714762003651
              ],
              [
                131.8885293583587,
                43.11714886102475
              ],
              [
                131.88851478081665,
                43.117108787076376
              ],
              [
                131.88852113757738,
                43.11710754608892
              ],
              [
                131.88849912021917,
                43.11704701985446
              ],
              [
                131.8886591649047,
                43.11701582930748
              ],
              [
                131.88873083827005,
                43.11721285920569
              ],
              [
                131.88857081145747,
                43.117244100296624
              ]
            ]
          ]
        ]
      }
    },
    {
      "type": "Feature",
      "properties": {
        "fid": 80,
        "Layer": "LINES",
        "Text": "381",
        "id": 344,
        "number": "381",
        "description": "Здание Алексеевской женской гимназии - ныне школа № I",
        "address": "Приморский край, Владивостокский городской округ, ул. Уборевича, 8",
        "image": [
          "/photo/381.webp"
        ]
      },
      "geometry": {
        "type": "MultiPolygon",
        "coordinates": [
          [
            [
              [
                131.88894784251346,
                43.11666501443162
              ],
              [
                131.88892004695992,
                43.11658702013026
              ],
              [
                131.88892879250153,
                43.116585359916186
              ],
              [
                131.8888524394918,
                43.11636950231867
              ],
              [
                131.88884369009517,
                43.11637116326425
              ],
              [
                131.8888156983977,
                43.11629202750941
              ],
              [
                131.88900292546467,
                43.11625874157198
              ],
              [
                131.8890291951711,
                43.11633323066348
              ],
              [
                131.88900691102518,
                43.11633744910936
              ],
              [
                131.88903622914634,
                43.11642056803427
              ],
              [
                131.88931331075247,
                43.11636811542382
              ],
              [
                131.8892926699181,
                43.11630959798682
              ],
              [
                131.88938483288914,
                43.116292151015045
              ],
              [
                131.88944781016804,
                43.11647069252901
              ],
              [
                131.88918168032592,
                43.11652107219111
              ],
              [
                131.88915852827583,
                43.116455435106865
              ],
              [
                131.88905932655456,
                43.11647421429029
              ],
              [
                131.8890875924332,
                43.116554349651594
              ],
              [
                131.88910666065124,
                43.116550739987986
              ],
              [
                131.88913450464457,
                43.116629678999466
              ],
              [
                131.88894784251346,
                43.11666501443162
              ]
            ]
          ]
        ]
      }
    },
    {
      "type": "Feature",
      "properties": {
        "fid": 81,
        "Layer": "LINES",
        "Text": "376",
        "id": 339,
        "number": "376",
        "description": "Жилой дом",
        "address": "Приморский край, г. Владивостокский городской округ, ул. Тигровая, 25",
        "image": [
          "/photo/376.webp"
        ]
      },
      "geometry": {
        "type": "MultiPolygon",
        "coordinates": [
          [
            [
              [
                131.87883134451312,
                43.116379888013114
              ],
              [
                131.8788460677467,
                43.116418658573096
              ],
              [
                131.87849749784715,
                43.11648833486614
              ],
              [
                131.87845646886845,
                43.116379761752114
              ],
              [
                131.87859679517712,
                43.11635063127587
              ],
              [
                131.87862493411245,
                43.11642165082216
              ],
              [
                131.8786957581983,
                43.11640729220158
              ],
              [
                131.87866772085405,
                43.11634006962703
              ],
              [
                131.87880480188173,
                43.11631253846123
              ],
              [
                131.87883134451312,
                43.116379888013114
              ]
            ]
          ]
        ]
      }
    },
    {
      "type": "Feature",
      "properties": {
        "fid": 82,
        "Layer": "LINES",
        "Text": "376",
        "id": 339,
        "number": "376",
        "description": "Жилой дом",
        "address": "Приморский край, г. Владивостокский городской округ, ул. Тигровая, 25",
        "image": [
          "/photo/376.webp"
        ]
      },
      "geometry": {
        "type": "MultiPolygon",
        "coordinates": [
          [
            [
              [
                131.87889774548916,
                43.11640827480479
              ],
              [
                131.87889092433477,
                43.11638816274047
              ],
              [
                131.87890061819084,
                43.11638601734099
              ],
              [
                131.87889692443372,
                43.11637489469484
              ],
              [
                131.8789202445902,
                43.11636980138519
              ],
              [
                131.87891717194032,
                43.116362403248765
              ],
              [
                131.87888676032088,
                43.116282988084784
              ],
              [
                131.87902710659608,
                43.1162575468984
              ],
              [
                131.87906704788824,
                43.11637425616281
              ],
              [
                131.87889774548916,
                43.11640827480479
              ]
            ]
          ]
        ]
      }
    },
    {
      "type": "Feature",
      "properties": {
        "fid": 83,
        "Layer": "LINES",
        "Text": "377",
        "id": 340,
        "number": "377",
        "description": "Жилой дом",
        "address": "Приморский край, г. Владивосток, Трудовой пер., 1а",
        "image": [
          "/photo/377.webp"
        ]
      },
      "geometry": {
        "type": "MultiPolygon",
        "coordinates": [
          [
            [
              [
                131.88056713511736,
                43.11392992104063
              ],
              [
                131.88055208706078,
                43.113892773987544
              ],
              [
                131.8805286128194,
                43.113897656314805
              ],
              [
                131.88047212123942,
                43.11375187387265
              ],
              [
                131.88046456873417,
                43.11375345601043
              ],
              [
                131.8804521689392,
                43.11374821859602
              ],
              [
                131.88043793586104,
                43.11371283467429
              ],
              [
                131.88044633321198,
                43.11370167329136
              ],
              [
                131.8804956255543,
                43.113691813565254
              ],
              [
                131.88049286974325,
                43.11368453720181
              ],
              [
                131.88057261603868,
                43.11366832638417
              ],
              [
                131.88057487371833,
                43.11367506657389
              ],
              [
                131.88062425167794,
                43.11366610528513
              ],
              [
                131.88063332608272,
                43.11367066499897
              ],
              [
                131.88065054061144,
                43.113708518829476
              ],
              [
                131.88064614212428,
                43.11371877394577
              ],
              [
                131.8806371618162,
                43.11372100886295
              ],
              [
                131.8806765806502,
                43.11381988606986
              ],
              [
                131.8806520735777,
                43.113825241738134
              ],
              [
                131.88066911568643,
                43.11386744090228
              ],
              [
                131.88065181279632,
                43.11387136586312
              ],
              [
                131.88066730217483,
                43.11391001365617
              ],
              [
                131.88056713511736,
                43.11392992104063
              ]
            ]
          ]
        ]
      }
    },
    {
      "type": "Feature",
      "properties": {
        "fid": 84,
        "Layer": "LINES",
        "Text": "375",
        "id": 338,
        "number": "375",
        "description": "Жилой дом",
        "address": "Приморский край, г. Владивостокский городской округ, ул. Тигровая, 23",
        "image": [
          "/photo/375.webp"
        ]
      },
      "geometry": {
        "type": "MultiPolygon",
        "coordinates": [
          [
            [
              [
                131.87825835302,
                43.11588217139236
              ],
              [
                131.8782217661815,
                43.115922596132165
              ],
              [
                131.87810110964875,
                43.11586068066717
              ],
              [
                131.87829793831847,
                43.11565183710319
              ],
              [
                131.87830224025913,
                43.11565462134372
              ],
              [
                131.8783174274535,
                43.115651978138025
              ],
              [
                131.87833951664902,
                43.1156633627652
              ],
              [
                131.8783414746538,
                43.115674967697956
              ],
              [
                131.87837683130243,
                43.11569279745381
              ],
              [
                131.87839309980532,
                43.115691680371874
              ],
              [
                131.878409352717,
                43.11569841889642
              ],
              [
                131.87841133927324,
                43.11570930080386
              ],
              [
                131.87841575278668,
                43.115711363942076
              ],
              [
                131.87837590470642,
                43.11575484065757
              ],
              [
                131.87838829198006,
                43.11576255372686
              ],
              [
                131.87836298056774,
                43.115790994923316
              ],
              [
                131.8783473300833,
                43.11578421502537
              ],
              [
                131.8782866097003,
                43.11585018832549
              ],
              [
                131.87830057532975,
                43.11585692816948
              ],
              [
                131.87827360197846,
                43.115888656768384
              ],
              [
                131.87825835302,
                43.11588217139236
              ]
            ]
          ]
        ]
      }
    },
    {
      "type": "Feature",
      "properties": {
        "fid": 85,
        "Layer": "LINES",
        "Text": "374",
        "id": 337,
        "number": "374",
        "description": "Жилой дом",
        "address": "Приморский край, г. Владивосток, ул. Тигровая, 23а",
        "image": [
          "/photo/374.webp"
        ]
      },
      "geometry": {
        "type": "MultiPolygon",
        "coordinates": [
          [
            [
              [
                131.8778731965762,
                43.11609775809149
              ],
              [
                131.8779245513155,
                43.11604235912164
              ],
              [
                131.8778990361969,
                43.11602901965344
              ],
              [
                131.87793099486504,
                43.11599483267072
              ],
              [
                131.87795770072998,
                43.11600762632544
              ],
              [
                131.878004723051,
                43.11595403469498
              ],
              [
                131.87810762823895,
                43.11600488974533
              ],
              [
                131.87806944206605,
                43.11604518859239
              ],
              [
                131.87814074376377,
                43.11608267366384
              ],
              [
                131.87810531645715,
                43.11612115342794
              ],
              [
                131.87812619717909,
                43.11613203401291
              ],
              [
                131.87810748449158,
                43.11615203139797
              ],
              [
                131.87801512306243,
                43.11610355258229
              ],
              [
                131.87797259039596,
                43.1161481740516
              ],
              [
                131.8778731965762,
                43.11609775809149
              ]
            ]
          ]
        ]
      }
    },
    {
      "type": "Feature",
      "properties": {
        "fid": 86,
        "Layer": "LINES",
        "Text": "361",
        "id": 332,
        "number": "361",
        "description": "Здание Владивостокского коммерческого училища, в котором в 1913-1919 годах учился А.А.Фадеев, советский писатель",
        "address": "Приморский край, г. Владивосток, ул. Суханова, 8",
        "image": [
          "/photo/361.webp"
        ]
      },
      "geometry": {
        "type": "MultiPolygon",
        "coordinates": [
          [
            [
              [
                131.89232436055036,
                43.11735202017972
              ],
              [
                131.89236041473058,
                43.11745719475752
              ],
              [
                131.89266272403987,
                43.117401578051584
              ],
              [
                131.8926529690657,
                43.11737312201062
              ],
              [
                131.89285548982693,
                43.11733586318572
              ],
              [
                131.89285632033645,
                43.11733828582621
              ],
              [
                131.89299109435652,
                43.11731310302846
              ],
              [
                131.89292542527707,
                43.11712845361541
              ],
              [
                131.89276215199536,
                43.117158492112885
              ],
              [
                131.89276049986668,
                43.11715367272827
              ],
              [
                131.89270847218617,
                43.117163244559706
              ],
              [
                131.8927295712568,
                43.11722479224379
              ],
              [
                131.89261328039086,
                43.11724618684758
              ],
              [
                131.89261276473206,
                43.11724468262275
              ],
              [
                131.892524990158,
                43.11726164711674
              ],
              [
                131.89238950767742,
                43.11687165612224
              ],
              [
                131.8922975753704,
                43.116891221511665
              ],
              [
                131.8922902517398,
                43.11687212456145
              ],
              [
                131.89216013954442,
                43.11689890340775
              ],
              [
                131.89218317410993,
                43.116966099230815
              ],
              [
                131.8921531189048,
                43.116971628518954
              ],
              [
                131.8921693953206,
                43.117019109622895
              ],
              [
                131.89226404604244,
                43.11700169659807
              ],
              [
                131.89236313488612,
                43.11729075285892
              ],
              [
                131.89227500059312,
                43.11730696705362
              ],
              [
                131.89229245690814,
                43.11735788953086
              ],
              [
                131.89232436055036,
                43.11735202017972
              ]
            ]
          ]
        ]
      }
    },
    {
      "type": "Feature",
      "properties": {
        "fid": 87,
        "Layer": "LINES",
        "Text": "360",
        "id": 331,
        "number": "360",
        "description": "Дом Поповой",
        "address": "Приморский край, г. Владивосток, ул. Суханова, 5",
        "image": [
          "/photo/360.webp"
        ]
      },
      "geometry": {
        "type": "MultiPolygon",
        "coordinates": [
          [
            [
              [
                131.8943089850953,
                43.11746407598991
              ],
              [
                131.89426894790122,
                43.11735580160257
              ],
              [
                131.89482769302515,
                43.11724526889403
              ],
              [
                131.89486478873394,
                43.117353777214014
              ],
              [
                131.8943089850953,
                43.11746407598991
              ]
            ]
          ]
        ]
      }
    },
    {
      "type": "Feature",
      "properties": {
        "fid": 88,
        "Layer": "LINES",
        "Text": "359",
        "id": 330,
        "number": "359",
        "description": "Здание Совнархоза",
        "address": "Приморский край, г. Владивосток, ул. Суханова, 3",
        "image": [
          "/photo/359.webp"
        ]
      },
      "geometry": {
        "type": "MultiPolygon",
        "coordinates": [
          [
            [
              [
                131.8929529990262,
                43.1178207279188
              ],
              [
                131.8929422210765,
                43.11779092212242
              ],
              [
                131.89273508541547,
                43.117831118563686
              ],
              [
                131.8926896300059,
                43.11770960327674
              ],
              [
                131.89268677339862,
                43.11770206001421
              ],
              [
                131.8929268243424,
                43.11765392476434
              ],
              [
                131.8929212479474,
                43.11763900049725
              ],
              [
                131.89305956114265,
                43.11761102917327
              ],
              [
                131.8930620593718,
                43.11761765871856
              ],
              [
                131.89340389295342,
                43.117549953155134
              ],
              [
                131.89340878445913,
                43.11756335035772
              ],
              [
                131.89344407096144,
                43.117556436178404
              ],
              [
                131.89342906831325,
                43.117515345908096
              ],
              [
                131.8935854097061,
                43.117484711598564
              ],
              [
                131.89360083719993,
                43.11752696516961
              ],
              [
                131.89368586650866,
                43.11751030400032
              ],
              [
                131.8937317731582,
                43.117637761134
              ],
              [
                131.89349023748676,
                43.117684104224864
              ],
              [
                131.89314089056546,
                43.117751899636374
              ],
              [
                131.89315182693537,
                43.11778214326409
              ],
              [
                131.8929529990262,
                43.1178207279188
              ]
            ]
          ]
        ]
      }
    },
    {
      "type": "Feature",
      "properties": {
        "fid": 89,
        "Layer": "LINES",
        "Text": null
      },
      "geometry": {
        "type": "MultiPolygon",
        "coordinates": [
          [
            [
              [
                131.89694022695107,
                43.113512782829524
              ],
              [
                131.89689126297063,
                43.11340472232736
              ],
              [
                131.89698955447315,
                43.11340481110683
              ],
              [
                131.89694022695107,
                43.113512782829524
              ]
            ]
          ]
        ]
      }
    },
    {
      "type": "Feature",
      "properties": {
        "fid": 90,
        "Layer": "LINES",
        "Text": null
      },
      "geometry": {
        "type": "MultiPolygon",
        "coordinates": [
          [
            [
              [
                131.91181556413235,
                43.11444806408761
              ],
              [
                131.9117665732264,
                43.114340009944236
              ],
              [
                131.91186486626847,
                43.114340085947696
              ],
              [
                131.91181556413235,
                43.11444806408761
              ]
            ]
          ]
        ]
      }
    },
    {
      "type": "Feature",
      "properties": {
        "fid": 91,
        "Layer": "LINES",
        "Text": "353",
        "id": 324,
        "number": "353",
        "description": "Жилой дом",
        "address": "Приморский край, г. Владивосток, ул. Светланская, 209",
        "image": [
          "/photo/353.webp"
        ]
      },
      "geometry": {
        "type": "MultiPolygon",
        "coordinates": [
          [
            [
              [
                131.93307754236517,
                43.113082403148816
              ],
              [
                131.93363273029394,
                43.1131268910928
              ],
              [
                131.93363441425183,
                43.11312056682046
              ],
              [
                131.93372034498688,
                43.11312648708318
              ],
              [
                131.93372037236006,
                43.11313077399462
              ],
              [
                131.93375630876872,
                43.11314333198651
              ],
              [
                131.9337617012768,
                43.11314094853003
              ],
              [
                131.93380993545895,
                43.11318288872801
              ],
              [
                131.93378275575122,
                43.113200735510745
              ],
              [
                131.93380131908526,
                43.11321568495065
              ],
              [
                131.93382249367846,
                43.1132030332448
              ],
              [
                131.93381258985596,
                43.11319419836084
              ],
              [
                131.9338187157331,
                43.11319039387823
              ],
              [
                131.93382487257057,
                43.11319599826639
              ],
              [
                131.93396712868665,
                43.11310910211429
              ],
              [
                131.93390387463273,
                43.11305516805348
              ],
              [
                131.9338970720674,
                43.11305945023365
              ],
              [
                131.9337377027118,
                43.112997336272436
              ],
              [
                131.93373851965822,
                43.11299065632144
              ],
              [
                131.93364086710582,
                43.112982814509174
              ],
              [
                131.9336395726547,
                43.11299034803008
              ],
              [
                131.93312773713163,
                43.112950786212906
              ],
              [
                131.93312868670358,
                43.11294367699789
              ],
              [
                131.93300465388182,
                43.112933416213664
              ],
              [
                131.9329995545924,
                43.11296760978541
              ],
              [
                131.93296953908242,
                43.11298812666839
              ],
              [
                131.93292515466385,
                43.11298439690322
              ],
              [
                131.9329099196111,
                43.113073669779155
              ],
              [
                131.93292478221275,
                43.11307452384604
              ],
              [
                131.9329167825512,
                43.11312471500457
              ],
              [
                131.9330703198862,
                43.11313515036476
              ],
              [
                131.93307754236517,
                43.113082403148816
              ]
            ]
          ]
        ]
      }
    },
    {
      "type": "Feature",
      "properties": {
        "fid": 92,
        "Layer": "LINES",
        "Text": "351",
        "id": 322,
        "number": "351",
        "description": "Доходный дом",
        "address": "Приморский край, г. Владивосток, ул. Светланская, 181",
        "image": [
          "/photo/351.webp"
        ]
      },
      "geometry": {
        "type": "MultiPolygon",
        "coordinates": [
          [
            [
              [
                131.92721282492028,
                43.11259667653915
              ],
              [
                131.92739559503323,
                43.11261126549663
              ],
              [
                131.9274147268662,
                43.112468904846054
              ],
              [
                131.92722593233435,
                43.112456515476865
              ],
              [
                131.92721282492028,
                43.11259667653915
              ]
            ]
          ]
        ]
      }
    },
    {
      "type": "Feature",
      "properties": {
        "fid": 93,
        "Layer": "LINES",
        "Text": "348",
        "id": 319,
        "number": "348",
        "description": "Дом Польского",
        "address": "Приморский край, г. Владивосток, ул. Светланская, 179",
        "image": [
          "/photo/348.webp"
        ]
      },
      "geometry": {
        "type": "MultiPolygon",
        "coordinates": [
          [
            [
              [
                131.9265856462624,
                43.112544006547346
              ],
              [
                131.92675245262146,
                43.11255140365388
              ],
              [
                131.92675902410858,
                43.11251491074058
              ],
              [
                131.92676732273625,
                43.11243723244189
              ],
              [
                131.9265958458071,
                43.11242662381906
              ],
              [
                131.9265856462624,
                43.112544006547346
              ]
            ]
          ]
        ]
      }
    },
    {
      "type": "Feature",
      "properties": {
        "fid": 94,
        "Layer": "LINES",
        "Text": "347",
        "id": 318,
        "number": "347",
        "description": "Жилой дом",
        "address": "Приморский край, г. Владивосток, ул. Светланская, 177а",
        "image": [
          "/photo/347.webp"
        ]
      },
      "geometry": {
        "type": "MultiPolygon",
        "coordinates": [
          [
            [
              [
                131.9261496366025,
                43.11269205846267
              ],
              [
                131.92578773037158,
                43.11267649769033
              ],
              [
                131.92579050582307,
                43.112642882898896
              ],
              [
                131.9257941115278,
                43.112623484554156
              ],
              [
                131.92580711405398,
                43.11261574868055
              ],
              [
                131.92615420397308,
                43.11262972592171
              ],
              [
                131.9261496366025,
                43.11269205846267
              ]
            ]
          ]
        ]
      }
    },
    {
      "type": "Feature",
      "properties": {
        "fid": 95,
        "Layer": "LINES",
        "Text": "346",
        "id": 317,
        "number": "346",
        "description": "Жилой дом",
        "address": "Приморский край, г. Владивосток, ул. Светланская, 177, стр.1",
        "image": [
          "/photo/346.webp"
        ]
      },
      "geometry": {
        "type": "MultiPolygon",
        "coordinates": [
          [
            [
              [
                131.92615690750426,
                43.11258699093487
              ],
              [
                131.92604055883368,
                43.11258111906381
              ],
              [
                131.92604279619525,
                43.11255666466309
              ],
              [
                131.92606094859633,
                43.112557595708175
              ],
              [
                131.92607702159128,
                43.11240007568195
              ],
              [
                131.92634228607707,
                43.11241612026322
              ],
              [
                131.9263285902352,
                43.11255746276239
              ],
              [
                131.92627696841873,
                43.112554815169254
              ],
              [
                131.92628038916902,
                43.11251901571443
              ],
              [
                131.92616397342763,
                43.11251304486725
              ],
              [
                131.92615690750426,
                43.11258699093487
              ]
            ]
          ]
        ]
      }
    },
    {
      "type": "Feature",
      "properties": {
        "fid": 96,
        "Layer": "LINES",
        "Text": "344",
        "id": 315,
        "number": "344",
        "description": "Жилой дом",
        "address": "Приморский край, г. Владивосток, ул. Светланская, 131, стр.2",
        "image": [
          "/photo/344.webp",
          "/photo/344_2.webp"
        ]
      },
      "geometry": {
        "type": "MultiPolygon",
        "coordinates": [
          [
            [
              [
                131.91511147664704,
                43.11341505672953
              ],
              [
                131.91496314000395,
                43.11344539931414
              ],
              [
                131.91493881830047,
                43.11339297743849
              ],
              [
                131.91490855841693,
                43.11340051291496
              ],
              [
                131.9149326124609,
                43.11345235794524
              ],
              [
                131.9148009276417,
                43.11347939631151
              ],
              [
                131.91474806414953,
                43.11334484290389
              ],
              [
                131.91490420773334,
                43.113304465113586
              ],
              [
                131.91488770191364,
                43.1132657396249
              ],
              [
                131.91503894866258,
                43.113231138359666
              ],
              [
                131.91511147664704,
                43.11341505672953
              ]
            ]
          ]
        ]
      }
    },
    {
      "type": "Feature",
      "properties": {
        "fid": 97,
        "Layer": "LINES",
        "Text": "425",
        "id": 387,
        "number": "425",
        "description": "Жилой дом",
        "address": "Приморский край, г. Владивосток, ул. Светланская, 131, стр. 1",
        "image": [
          "/photo/425.webp"
        ]
      },
      "geometry": {
        "type": "MultiPolygon",
        "coordinates": [
          [
            [
              [
                131.91530894037453,
                43.11312282052662
              ],
              [
                131.91534111420526,
                43.11320168608231
              ],
              [
                131.91520036639676,
                43.11323144099448
              ],
              [
                131.91521032267616,
                43.113256719206454
              ],
              [
                131.91513994789304,
                43.11327159677304
              ],
              [
                131.91512999164019,
                43.11324631855497
              ],
              [
                131.91510117643162,
                43.113252410213434
              ],
              [
                131.91507727013527,
                43.11319171366558
              ],
              [
                131.91527280611422,
                43.11315037635887
              ],
              [
                131.91525703246933,
                43.11311032834478
              ],
              [
                131.91530018590555,
                43.11310120543541
              ],
              [
                131.91530894037453,
                43.11312282052662
              ]
            ]
          ]
        ]
      }
    },
    {
      "type": "Feature",
      "properties": {
        "fid": 98,
        "Layer": "LINES",
        "Text": "345",
        "id": 316,
        "number": "345",
        "description": "Жилой дом",
        "address": "Приморский край, г. Владивосток, ул. Светланская, 131"
      },
      "geometry": {
        "type": "MultiPolygon",
        "coordinates": [
          [
            [
              [
                131.91525185214513,
                43.11298337853725
              ],
              [
                131.91528532324799,
                43.11306473994483
              ],
              [
                131.91530018590555,
                43.11310120543541
              ],
              [
                131.915141128644,
                43.11313483105272
              ],
              [
                131.9151483669824,
                43.11315320870596
              ],
              [
                131.91509096483233,
                43.11316534378653
              ],
              [
                131.9150835632306,
                43.11315106036339
              ],
              [
                131.91501148437717,
                43.11316745017115
              ],
              [
                131.91496438361168,
                43.113048553318535
              ],
              [
                131.91525185214513,
                43.11298337853725
              ]
            ]
          ]
        ]
      }
    },
    {
      "type": "Feature",
      "properties": {
        "fid": 99,
        "Layer": "LINES",
        "Text": "340",
        "id": 311,
        "number": "340",
        "description": "Доходный дом",
        "address": "Приморский край, г. Владивосток, ул. Светланская, 113",
        "image": [
          "/photo/340.webp"
        ]
      },
      "geometry": {
        "type": "MultiPolygon",
        "coordinates": [
          [
            [
              [
                131.9094512967742,
                43.11482589764845
              ],
              [
                131.90984398064722,
                43.11460406912712
              ],
              [
                131.90989149239562,
                43.114612210331096
              ],
              [
                131.9099215507505,
                43.11466649066412
              ],
              [
                131.9099147481334,
                43.1146683514948
              ],
              [
                131.90994119154377,
                43.11471762337378
              ],
              [
                131.90993449910755,
                43.11472005734065
              ],
              [
                131.90995796062938,
                43.11476346815188
              ],
              [
                131.90986340433298,
                43.11479123013837
              ],
              [
                131.90985762489535,
                43.114782084034545
              ],
              [
                131.90981571096162,
                43.11480716199297
              ],
              [
                131.9098229412578,
                43.11481523143431
              ],
              [
                131.90977937715238,
                43.11483458026923
              ],
              [
                131.90973835682382,
                43.11479454525566
              ],
              [
                131.90971212067063,
                43.114808290536715
              ],
              [
                131.90968771771594,
                43.11478632946543
              ],
              [
                131.90953904320062,
                43.11487021826136
              ],
              [
                131.90956906618428,
                43.11492407016325
              ],
              [
                131.90950584820223,
                43.11494103460549
              ],
              [
                131.9094512967742,
                43.11482589764845
              ]
            ]
          ]
        ]
      }
    },
    {
      "type": "Feature",
      "properties": {
        "fid": 100,
        "Layer": "LINES",
        "Text": "339",
        "id": 310,
        "number": "339",
        "description": "Дом доходный Филлипченко А. Б",
        "address": "Приморский край, г. Владивосток, ул. Светланская, 111",
        "image": [
          "/photo/339.webp"
        ]
      },
      "geometry": {
        "type": "MultiPolygon",
        "coordinates": [
          [
            [
              [
                131.90894546348244,
                43.11495461923334
              ],
              [
                131.90901208630467,
                43.11493820938863
              ],
              [
                131.9090151513026,
                43.11494271251035
              ],
              [
                131.90905694229926,
                43.11493194421566
              ],
              [
                131.9090544923048,
                43.11492699151783
              ],
              [
                131.90911103472789,
                43.11491128422036
              ],
              [
                131.90911409839532,
                43.11491668747363
              ],
              [
                131.90914912964473,
                43.114907263961626
              ],
              [
                131.90914668031172,
                43.114901861198646
              ],
              [
                131.9092099810619,
                43.11488570916765
              ],
              [
                131.90927146199266,
                43.115008274092375
              ],
              [
                131.90917781625652,
                43.11503348578174
              ],
              [
                131.90918210327115,
                43.11504249054857
              ],
              [
                131.90912679209504,
                43.11505639859116
              ],
              [
                131.90912127574234,
                43.11504784291046
              ],
              [
                131.90900757949314,
                43.115077096674284
              ],
              [
                131.90894546348244,
                43.11495461923334
              ]
            ]
          ]
        ]
      }
    },
    {
      "type": "Feature",
      "properties": {
        "fid": 101,
        "Layer": "LINES",
        "Text": "336",
        "id": 307,
        "number": "336",
        "description": "Здание отделения торгового дома Кунст и Альберс в Офицерской слободе",
        "address": "Приморский край, г. Владивосток, ул. Светланская, 104",
        "image": [
          "/photo/336.webp"
        ]
      },
      "geometry": {
        "type": "MultiPolygon",
        "coordinates": [
          [
            [
              [
                131.91705542926445,
                43.112398446581295
              ],
              [
                131.9168867595509,
                43.11243511398477
              ],
              [
                131.9168411184235,
                43.112319357902166
              ],
              [
                131.9167282555255,
                43.11234319325675
              ],
              [
                131.9166963416136,
                43.11226411217783
              ],
              [
                131.9167331667646,
                43.11225395060098
              ],
              [
                131.91672836058808,
                43.11224428002668
              ],
              [
                131.91676149566504,
                43.11223590172536
              ],
              [
                131.9167660419646,
                43.112245466627975
              ],
              [
                131.91680326449753,
                43.112236406872505
              ],
              [
                131.91679918646122,
                43.11222798222362
              ],
              [
                131.9169982713843,
                43.112185474947715
              ],
              [
                131.91700974269312,
                43.112213153789334
              ],
              [
                131.91700419456018,
                43.11221429517567
              ],
              [
                131.9170719054229,
                43.112374277648584
              ],
              [
                131.91705542926445,
                43.112398446581295
              ]
            ]
          ]
        ]
      }
    },
    {
      "type": "Feature",
      "properties": {
        "fid": 102,
        "Layer": "LINES",
        "Text": "335",
        "id": 306,
        "number": "335",
        "description": "Жилой дом лейтенантского состава Тихоокеанского флота",
        "address": "Приморский край, г. Владивосток, ул. Светланская, 85",
        "image": [
          "/photo/335.webp"
        ]
      },
      "geometry": {
        "type": "MultiPolygon",
        "coordinates": [
          [
            [
              [
                131.9035830725121,
                43.11564602609566
              ],
              [
                131.90357731293585,
                43.11566105299142
              ],
              [
                131.90362546509334,
                43.11567251297299
              ],
              [
                131.90363133259527,
                43.11565967123387
              ],
              [
                131.90381442318065,
                43.11570859569151
              ],
              [
                131.90374840755482,
                43.11583218507115
              ],
              [
                131.90372790439397,
                43.115826326174655
              ],
              [
                131.90371342478443,
                43.11585552193117
              ],
              [
                131.90373127005807,
                43.115860265817176
              ],
              [
                131.9037005632694,
                43.115915819275166
              ],
              [
                131.9038253549202,
                43.11595176255858
              ],
              [
                131.90393710074642,
                43.11574239080095
              ],
              [
                131.90396464713842,
                43.115692921309986
              ],
              [
                131.9039555392535,
                43.11569050002097
              ],
              [
                131.90397479310136,
                43.115653533622236
              ],
              [
                131.90392285935408,
                43.11563943415691
              ],
              [
                131.9039276541077,
                43.115630603487055
              ],
              [
                131.9036362392029,
                43.115554026196975
              ],
              [
                131.90364129763606,
                43.11554267226591
              ],
              [
                131.90342247603806,
                43.115486494576515
              ],
              [
                131.90341771453453,
                43.115495466153
              ],
              [
                131.90312844752142,
                43.11541306951522
              ],
              [
                131.90312394402866,
                43.11542155487267
              ],
              [
                131.9030835505197,
                43.11541004885506
              ],
              [
                131.90291020500283,
                43.11573123893094
              ],
              [
                131.9030316808545,
                43.1157621833114
              ],
              [
                131.9030716472795,
                43.11568319449865
              ],
              [
                131.90308739931632,
                43.11568624828659
              ],
              [
                131.90310320265553,
                43.11565688648201
              ],
              [
                131.90308694389557,
                43.11565218987957
              ],
              [
                131.90315313388058,
                43.115529211965395
              ],
              [
                131.9035830725121,
                43.11564602609566
              ]
            ]
          ]
        ]
      }
    },
    {
      "type": "Feature",
      "properties": {
        "fid": 103,
        "Layer": "LINES",
        "Text": "334",
        "id": 305,
        "number": "334",
        "description": "Дом командира портов Восточного океана",
        "address": "Приморский край, г. Владивостокский городской округ, ул. Светланская, 80-А",
        "image": [
          "/photo/334.webp"
        ]
      },
      "geometry": {
        "type": "MultiPolygon",
        "coordinates": [
          [
            [
              [
                131.91065244682738,
                43.113685288447
              ],
              [
                131.91066833665474,
                43.11367667778597
              ],
              [
                131.91064574518919,
                43.113654152206166
              ],
              [
                131.91062840381574,
                43.113664274724606
              ],
              [
                131.91060436465347,
                43.113640636302065
              ],
              [
                131.9106110302617,
                43.113636517450885
              ],
              [
                131.91058596601744,
                43.113613253627925
              ],
              [
                131.91042808907423,
                43.11369767824732
              ],
              [
                131.91050046416854,
                43.11376639808638
              ],
              [
                131.91051595960678,
                43.11375740137724
              ],
              [
                131.91058522480486,
                43.1138222548206
              ],
              [
                131.91059732629623,
                43.11383407072243
              ],
              [
                131.91058007287901,
                43.11384296523549
              ],
              [
                131.91059728726717,
                43.113860794358594
              ],
              [
                131.91063917108954,
                43.11390108980813
              ],
              [
                131.91079357872496,
                43.11381271186103
              ],
              [
                131.9107711836674,
                43.1137882667797
              ],
              [
                131.91076461110657,
                43.11379306720713
              ],
              [
                131.91070564306148,
                43.11373444360787
              ],
              [
                131.91072153290688,
                43.11372658285329
              ],
              [
                131.91072565680426,
                43.113708215445016
              ],
              [
                131.91070980142905,
                43.11369320655832
              ],
              [
                131.91068982541356,
                43.11369281596057
              ],
              [
                131.9106718842915,
                43.11370292439526
              ],
              [
                131.91065244682738,
                43.113685288447
              ]
            ]
          ]
        ]
      }
    },
    {
      "type": "Feature",
      "properties": {
        "fid": 104,
        "Layer": "LINES",
        "Text": "332",
        "id": 303,
        "number": "332",
        "description": "Дом жилой",
        "address": "Приморский край, г. Владивосток, ул. Светланская, 78",
        "image": [
          "/photo/332.webp"
        ]
      },
      "geometry": {
        "type": "MultiPolygon",
        "coordinates": [
          [
            [
              [
                131.90889584251232,
                43.1147439298106
              ],
              [
                131.90895772953894,
                43.11472911189989
              ],
              [
                131.90895490322194,
                43.11472426911139
              ],
              [
                131.90900167250726,
                43.114713242372524
              ],
              [
                131.90900496901787,
                43.11471946854631
              ],
              [
                131.90907449659625,
                43.1147015241524
              ],
              [
                131.90907600633722,
                43.114705074839186
              ],
              [
                131.90912874970016,
                43.11469158447828
              ],
              [
                131.90912724061508,
                43.11468759011436
              ],
              [
                131.90919756327816,
                43.114670786075166
              ],
              [
                131.90919333205701,
                43.11466346189378
              ],
              [
                131.9092399068899,
                43.114650882077335
              ],
              [
                131.9092416104661,
                43.114655355246725
              ],
              [
                131.9093225102408,
                43.114634312639815
              ],
              [
                131.90930180329732,
                43.11459387098153
              ],
              [
                131.90936683500635,
                43.11457755745672
              ],
              [
                131.90933884302422,
                43.11452282261265
              ],
              [
                131.9092548374111,
                43.11454130392626
              ],
              [
                131.90924615710762,
                43.114520879309985
              ],
              [
                131.90918702046332,
                43.11453254789487
              ],
              [
                131.90919114076252,
                43.114541630640225
              ],
              [
                131.90909264515582,
                43.1145663143706
              ],
              [
                131.90908964982725,
                43.11455888332893
              ],
              [
                131.90899265573088,
                43.11458466868988
              ],
              [
                131.90899640344784,
                43.11459155006412
              ],
              [
                131.90889933659545,
                43.11461738735575
              ],
              [
                131.90889556682654,
                43.11461185231356
              ],
              [
                131.90883698564528,
                43.114626672839606
              ],
              [
                131.9088473458163,
                43.11464638899917
              ],
              [
                131.90881710942813,
                43.11465466287073
              ],
              [
                131.908842522925,
                43.114713806780344
              ],
              [
                131.90887748286747,
                43.11470484516332
              ],
              [
                131.90889584251232,
                43.1147439298106
              ]
            ]
          ]
        ]
      }
    },
    {
      "type": "Feature",
      "properties": {
        "fid": 105,
        "Layer": "LINES",
        "Text": "429",
        "id": 391,
        "number": "429",
        "description": "Дом жилой",
        "address": "Приморский край, г. Владивосток, ул. Светланская, 74",
        "image": [
          "/photo/429.webp"
        ]
      },
      "geometry": {
        "type": "MultiPolygon",
        "coordinates": [
          [
            [
              [
                131.90537339900357,
                43.11555367286767
              ],
              [
                131.90543225788727,
                43.115546363027526
              ],
              [
                131.9054311716104,
                43.11554166867519
              ],
              [
                131.90556174123378,
                43.11552545277468
              ],
              [
                131.90556264235295,
                43.11552934693083
              ],
              [
                131.90561469580047,
                43.11552288218625
              ],
              [
                131.90561379467815,
                43.11551898803056
              ],
              [
                131.90574529045423,
                43.11550265688519
              ],
              [
                131.90574619158474,
                43.115506551039935
              ],
              [
                131.9058047777266,
                43.11549927487043
              ],
              [
                131.90579338676076,
                43.115450049992695
              ],
              [
                131.9058274217838,
                43.115445822961526
              ],
              [
                131.905808691163,
                43.1153648805456
              ],
              [
                131.90577547041428,
                43.11536900644681
              ],
              [
                131.90577223469066,
                43.11535558217645
              ],
              [
                131.90571055173461,
                43.1153632429576
              ],
              [
                131.90571219073777,
                43.11537032579741
              ],
              [
                131.90560571749418,
                43.115383549273695
              ],
              [
                131.9056040785029,
                43.11537646643233
              ],
              [
                131.9055059111744,
                43.11538865826016
              ],
              [
                131.90550733311463,
                43.11539576805794
              ],
              [
                131.9054018660279,
                43.115408866375056
              ],
              [
                131.9054001218317,
                43.11540132878679
              ],
              [
                131.90534167119674,
                43.11540858792612
              ],
              [
                131.9053452788435,
                43.11542417852607
              ],
              [
                131.9053097144427,
                43.11542859534782
              ],
              [
                131.90532837968698,
                43.11550925807608
              ],
              [
                131.90536215091672,
                43.11550506395248
              ],
              [
                131.90537339900357,
                43.11555367286767
              ]
            ]
          ]
        ]
      }
    },
    {
      "type": "Feature",
      "properties": {
        "fid": 106,
        "Layer": "LINES",
        "Text": "327",
        "id": 298,
        "number": "327",
        "description": "Здание бывшего Управления Владивостокского военного порта и Сибирской флотилии",
        "address": "Приморский край, г. Владивосток, ул. Светланская, 72-в (Ленинская 72)",
        "image": [
          "/photo/327.webp"
        ]
      },
      "geometry": {
        "type": "MultiPolygon",
        "coordinates": [
          [
            [
              [
                131.90484035041052,
                43.115451663932
              ],
              [
                131.90485631222003,
                43.115526827309395
              ],
              [
                131.90484634632722,
                43.115527963168866
              ],
              [
                131.9048559922166,
                43.11557338513294
              ],
              [
                131.90486704182624,
                43.11557212575712
              ],
              [
                131.90487573075603,
                43.115613041358024
              ],
              [
                131.9049460473729,
                43.11560502701695
              ],
              [
                131.90494735579318,
                43.11561102335566
              ],
              [
                131.9050084255635,
                43.11560387148736
              ],
              [
                131.90500715788824,
                43.11559806190518
              ],
              [
                131.90508213638856,
                43.1155895161337
              ],
              [
                131.905026805002,
                43.11532896744068
              ],
              [
                131.9049596319129,
                43.115336623582564
              ],
              [
                131.9049555504019,
                43.1153174040618
              ],
              [
                131.90490846456035,
                43.11529624106644
              ],
              [
                131.90488057377493,
                43.1152995073466
              ],
              [
                131.90486984334186,
                43.115250330479896
              ],
              [
                131.90451578006463,
                43.115291794084435
              ],
              [
                131.90454834515566,
                43.11544104144423
              ],
              [
                131.9046042796728,
                43.11543449114729
              ],
              [
                131.9046055880562,
                43.11544048748998
              ],
              [
                131.90466665769637,
                43.11543333580379
              ],
              [
                131.9046652712923,
                43.11542698191967
              ],
              [
                131.9047669601959,
                43.115415073354725
              ],
              [
                131.90477349679816,
                43.115438798598746
              ],
              [
                131.90480362048763,
                43.1154557526181
              ],
              [
                131.90484035041052,
                43.115451663932
              ]
            ]
          ]
        ]
      }
    },
    {
      "type": "Feature",
      "properties": {
        "fid": 107,
        "Layer": "LINES",
        "Text": "326",
        "id": 297,
        "number": "326",
        "description": "Здание Приморской краевой конторы Госбанка – место героической обороны дивизиона Народной охраны 25 мая 1921 г",
        "address": "Приморский край, г. Владивосток, ул. Светланская, 71",
        "image": [
          "/photo/326.webp"
        ]
      },
      "geometry": {
        "type": "MultiPolygon",
        "coordinates": [
          [
            [
              [
                131.89982181318743,
                43.11472500802292
              ],
              [
                131.89988446634206,
                43.11457101485471
              ],
              [
                131.8998978067939,
                43.11457414160982
              ],
              [
                131.899903825464,
                43.11456126677169
              ],
              [
                131.89950055569648,
                43.114474650237554
              ],
              [
                131.89950783455,
                43.11446204749413
              ],
              [
                131.89950242817235,
                43.11445792701597
              ],
              [
                131.89944384287833,
                43.11444446337929
              ],
              [
                131.89944322573766,
                43.11444617309263
              ],
              [
                131.8994359724768,
                43.114448687078756
              ],
              [
                131.89943363875287,
                43.1144482349541
              ],
              [
                131.89941304109587,
                43.11449628402671
              ],
              [
                131.89935285940763,
                43.114482278854844
              ],
              [
                131.89931043198862,
                43.1145803561767
              ],
              [
                131.89935145394497,
                43.114589843793425
              ],
              [
                131.89932555307124,
                43.11464994998465
              ],
              [
                131.89931990326673,
                43.114648684809694
              ],
              [
                131.89930423878238,
                43.11468539650857
              ],
              [
                131.89940433719553,
                43.11470870830113
              ],
              [
                131.89943591191926,
                43.1146351950769
              ],
              [
                131.8996480224264,
                43.114684529230026
              ],
              [
                131.8996413626797,
                43.114699735659684
              ],
              [
                131.89971824822135,
                43.11471762594447
              ],
              [
                131.89972478493664,
                43.11470250941577
              ],
              [
                131.89982181318743,
                43.11472500802292
              ]
            ]
          ]
        ]
      }
    },
    {
      "type": "Feature",
      "properties": {
        "fid": 108,
        "Layer": "LINES",
        "Text": "324",
        "id": 295,
        "number": "324",
        "description": "Здание Морского собрания, в котором в 1895 - 1896 гг. выступал с докладами известный флотоводец и ученый С.О. Макаров",
        "address": "Приморский край, г. Владивостокский городской округ, ул. Светланская, 68",
        "image": [
          "/photo/324.webp"
        ]
      },
      "geometry": {
        "type": "MultiPolygon",
        "coordinates": [
          [
            [
              [
                131.9022400667918,
                43.11481531284041
              ],
              [
                131.9022965568229,
                43.114696010293585
              ],
              [
                131.90200581718378,
                43.11462889669299
              ],
              [
                131.90195769569408,
                43.11475062707241
              ],
              [
                131.9022400667918,
                43.11481531284041
              ]
            ]
          ]
        ]
      }
    },
    {
      "type": "Feature",
      "properties": {
        "fid": 109,
        "Layer": "LINES",
        "Text": "322",
        "id": 293,
        "number": "322",
        "description": "Церковно-приходская школа",
        "address": "Приморский край, г. Владивосток, ул. Светланская, 65",
        "image": [
          "/photo/322.webp"
        ]
      },
      "geometry": {
        "type": "MultiPolygon",
        "coordinates": [
          [
            [
              [
                131.89759925638035,
                43.11436041234113
              ],
              [
                131.89764964145974,
                43.11422728491383
              ],
              [
                131.89750890794642,
                43.11419869694804
              ],
              [
                131.89745852258574,
                43.11433182431369
              ],
              [
                131.89759925638035,
                43.11436041234113
              ]
            ]
          ]
        ]
      }
    },
    {
      "type": "Feature",
      "properties": {
        "fid": 110,
        "Layer": "LINES",
        "Text": "419",
        "id": 382,
        "number": "419",
        "description": "Доходный дом Унжакова",
        "address": "Приморский край, г. Владивосток, ул. Светланская, 59",
        "image": [
          "/photo/419.webp"
        ]
      },
      "geometry": {
        "type": "MultiPolygon",
        "coordinates": [
          [
            [
              [
                131.8955468364148,
                43.114153707227416
              ],
              [
                131.89549925403364,
                43.11400072107835
              ],
              [
                131.8951958784594,
                43.11406348732891
              ],
              [
                131.89525301647043,
                43.114210102455374
              ],
              [
                131.8955468364148,
                43.114153707227416
              ]
            ]
          ]
        ]
      }
    },
    {
      "type": "Feature",
      "properties": {
        "fid": 111,
        "Layer": "LINES",
        "Text": "319",
        "id": 290,
        "number": "319",
        "description": "Дом Вальдена",
        "address": "Приморский край, г. Владивосток, ул. Светланская, 61, стр. 1",
        "image": [
          "/photo/319.webp",
          "/photo/319_2.webp"
        ]
      },
      "geometry": {
        "type": "MultiPolygon",
        "coordinates": [
          [
            [
              [
                131.89584505285714,
                43.11417048804073
              ],
              [
                131.89582335902338,
                43.11394245538932
              ],
              [
                131.89549925403364,
                43.11400072107835
              ],
              [
                131.89556799496057,
                43.11422143146081
              ],
              [
                131.89564090062314,
                43.11420709427762
              ],
              [
                131.89563906592534,
                43.114201585553815
              ],
              [
                131.89564178900247,
                43.1142010521104
              ],
              [
                131.89563496946423,
                43.11418050737466
              ],
              [
                131.89563216900632,
                43.114181058715964
              ],
              [
                131.89562400538225,
                43.11415580613665
              ],
              [
                131.895611449911,
                43.11415831192947
              ],
              [
                131.89560292359255,
                43.11413229726308
              ],
              [
                131.89577678231925,
                43.11409957071997
              ],
              [
                131.8957860393749,
                43.11412607811876
              ],
              [
                131.8957555535799,
                43.11413210582358
              ],
              [
                131.8957641341645,
                43.11415699473537
              ],
              [
                131.89576121046264,
                43.1141575313702
              ],
              [
                131.89576825730109,
                43.11417813768091
              ],
              [
                131.8957712348947,
                43.11417759115451
              ],
              [
                131.89577310890164,
                43.11418302690761
              ],
              [
                131.89584505285714,
                43.11417048804073
              ]
            ]
          ]
        ]
      }
    },
    {
      "type": "Feature",
      "properties": {
        "fid": 112,
        "Layer": "LINES",
        "Text": "318",
        "id": 289,
        "number": "318",
        "description": "Здание бывшей городской управы 1890-1891 гг",
        "address": "Приморский край, г. Владивосток, ул. Светланская, 57, стр. 1",
        "image": [
          "/photo/318.webp"
        ]
      },
      "geometry": {
        "type": "MultiPolygon",
        "coordinates": [
          [
            [
              [
                131.8950558667043,
                43.11408880685853
              ],
              [
                131.89467862206993,
                43.114162868620575
              ],
              [
                131.89477465049222,
                43.114418431986195
              ],
              [
                131.89494587233003,
                43.114386411122325
              ],
              [
                131.8949281801376,
                43.11433509418135
              ],
              [
                131.8948560288711,
                43.11434844515346
              ],
              [
                131.89484164419912,
                43.11430672160614
              ],
              [
                131.89511509460314,
                43.114256121688
              ],
              [
                131.8950558667043,
                43.11408880685853
              ]
            ]
          ]
        ]
      }
    },
    {
      "type": "Feature",
      "properties": {
        "fid": 113,
        "Layer": "LINES",
        "Text": "317",
        "id": 288,
        "number": "317",
        "description": "Дом жилой",
        "address": "Приморский край, г. Владивосток, ул. Светланская, 55б",
        "image": [
          "/photo/317.webp"
        ]
      },
      "geometry": {
        "type": "MultiPolygon",
        "coordinates": [
          [
            [
              [
                131.8946068541859,
                43.11466420305753
              ],
              [
                131.89456141033617,
                43.11453465461489
              ],
              [
                131.894405322122,
                43.11456172570211
              ],
              [
                131.89441859504498,
                43.114603659448996
              ],
              [
                131.89438193726417,
                43.1146104059121
              ],
              [
                131.89439748892823,
                43.11465575956689
              ],
              [
                131.8944078670778,
                43.114653849583426
              ],
              [
                131.89442485557984,
                43.11470339341634
              ],
              [
                131.8946068541859,
                43.11466420305753
              ]
            ]
          ]
        ]
      }
    },
    {
      "type": "Feature",
      "properties": {
        "fid": 114,
        "Layer": "LINES",
        "Text": "316",
        "id": 287,
        "number": "316",
        "description": "Дом Штейнбаха",
        "address": "Приморский край, г. Владивосток, ул. Светланская, 55",
        "image": [
          "/photo/316.webp"
        ]
      },
      "geometry": {
        "type": "MultiPolygon",
        "coordinates": [
          [
            [
              [
                131.89434222819483,
                43.114355223668234
              ],
              [
                131.89439625887695,
                43.114522506561805
              ],
              [
                131.8945439544244,
                43.11449642217513
              ],
              [
                131.89452998836893,
                43.114456134458166
              ],
              [
                131.89452615209626,
                43.114456751456274
              ],
              [
                131.89447993008432,
                43.11432612193386
              ],
              [
                131.8944841705113,
                43.11432576309496
              ],
              [
                131.89445067986097,
                43.1142290971362
              ],
              [
                131.89441061255144,
                43.11420811167547
              ],
              [
                131.89436879558372,
                43.11421598959811
              ],
              [
                131.8943677788845,
                43.11421299100842
              ],
              [
                131.89431330067345,
                43.11422357802077
              ],
              [
                131.89431426796054,
                43.11422639231151
              ],
              [
                131.89423409230804,
                43.114241936534015
              ],
              [
                131.89423281380442,
                43.11423882293998
              ],
              [
                131.89418445137326,
                43.11424868626863
              ],
              [
                131.89418507272467,
                43.11425131009224
              ],
              [
                131.89410465510846,
                43.11426701786092
              ],
              [
                131.8941036435678,
                43.11426416192184
              ],
              [
                131.89404924885085,
                43.114274995324536
              ],
              [
                131.8941549526539,
                43.114564288196235
              ],
              [
                131.89428096235747,
                43.11454006702323
              ],
              [
                131.89424824564117,
                43.114439255828884
              ],
              [
                131.89426031721004,
                43.11443609991973
              ],
              [
                131.8942681184756,
                43.11442689152311
              ],
              [
                131.89425864930013,
                43.11440102094875
              ],
              [
                131.89424216896455,
                43.11439418477976
              ],
              [
                131.89421810853088,
                43.11439758185888
              ],
              [
                131.89421193891917,
                43.11437862832218
              ],
              [
                131.89434222819483,
                43.114355223668234
              ]
            ]
          ]
        ]
      }
    },
    {
      "type": "Feature",
      "properties": {
        "fid": 115,
        "Layer": "LINES",
        "Text": "315",
        "id": 286,
        "number": "315",
        "description": "Здание бывшего городского комитета КПСС",
        "address": "Приморский край, г. Владивостокский городской округ, ул. Светланская, 54",
        "image": [
          "/photo/315.webp"
        ]
      },
      "geometry": {
        "type": "MultiPolygon",
        "coordinates": [
          [
            [
              [
                131.8945112004377,
                43.11382458707249
              ],
              [
                131.89447620878772,
                43.11373877180621
              ],
              [
                131.8945408574963,
                43.11372622967568
              ],
              [
                131.89449278537992,
                43.11360205655014
              ],
              [
                131.8941654807937,
                43.113668723532996
              ],
              [
                131.89421391654218,
                43.11379541751099
              ],
              [
                131.89427291481107,
                43.11378215018504
              ],
              [
                131.89430336391368,
                43.11386580098012
              ],
              [
                131.89417627781154,
                43.113890796972896
              ],
              [
                131.89421027361044,
                43.113983902502575
              ],
              [
                131.8946724111547,
                43.11388945573245
              ],
              [
                131.89463793634806,
                43.11379891672722
              ],
              [
                131.8945112004377,
                43.11382458707249
              ]
            ]
          ]
        ]
      }
    },
    {
      "type": "Feature",
      "properties": {
        "fid": 116,
        "Layer": "LINES",
        "Text": "312",
        "id": 283,
        "number": "312",
        "description": "Доходный дом",
        "address": "Приморский край, г. Владивосток, ул. Светланская, д. 51",
        "image": [
          "/photo/312.webp"
        ]
      },
      "geometry": {
        "type": "MultiPolygon",
        "coordinates": [
          [
            [
              [
                131.89346628789792,
                43.114560177246105
              ],
              [
                131.89341271631832,
                43.114400424570185
              ],
              [
                131.89305111241887,
                43.11447667925713
              ],
              [
                131.89311007238055,
                43.1146315249342
              ],
              [
                131.89346628789792,
                43.114560177246105
              ]
            ]
          ]
        ]
      }
    },
    {
      "type": "Feature",
      "properties": {
        "fid": 117,
        "Layer": "LINES",
        "Text": "314",
        "id": 285,
        "number": "314",
        "description": "Доходный дом Бюргина",
        "address": "Приморский край, г. Владивосток, ул. Светланская, 53, стр. 3",
        "image": [
          "/photo/314.webp"
        ]
      },
      "geometry": {
        "type": "MultiPolygon",
        "coordinates": [
          [
            [
              [
                131.8941264813954,
                43.11448665268496
              ],
              [
                131.89404924885085,
                43.114274995324536
              ],
              [
                131.89395481369237,
                43.11429445240206
              ],
              [
                131.89403121715935,
                43.114504734742894
              ],
              [
                131.8941264813954,
                43.11448665268496
              ]
            ]
          ]
        ]
      }
    },
    {
      "type": "Feature",
      "properties": {
        "fid": 118,
        "Layer": "LINES",
        "Text": "418",
        "id": 381,
        "number": "418",
        "description": "Жилой дом",
        "address": "Приморский край, г. Владивосток, ул. Светланская, 53 стр. 1",
        "image": [
          "/photo/418.webp"
        ]
      },
      "geometry": {
        "type": "MultiPolygon",
        "coordinates": [
          [
            [
              [
                131.89421613888297,
                43.114741805210464
              ],
              [
                131.89417451198773,
                43.11462047752154
              ],
              [
                131.89403772771013,
                43.114649061425155
              ],
              [
                131.89403491862748,
                43.11464139310106
              ],
              [
                131.89395972880513,
                43.11465642382532
              ],
              [
                131.89396245328155,
                43.114663861213366
              ],
              [
                131.89384808956464,
                43.114686346281026
              ],
              [
                131.89381840486783,
                43.114605278346005
              ],
              [
                131.89373848164283,
                43.114619946380984
              ],
              [
                131.89379309819955,
                43.11481979171039
              ],
              [
                131.89421613888297,
                43.114741805210464
              ]
            ]
          ]
        ]
      }
    },
    {
      "type": "Feature",
      "properties": {
        "fid": 119,
        "Layer": "LINES",
        "Text": "313",
        "id": 284,
        "number": "313",
        "description": "Здание кондитерской Кокина",
        "address": "Приморский край, г. Владивосток, ул. Светланская, 53, стр. 2",
        "image": [
          "/photo/313.webp"
        ]
      },
      "geometry": {
        "type": "MultiPolygon",
        "coordinates": [
          [
            [
              [
                131.89396238076498,
                43.114477527770234
              ],
              [
                131.8939055394658,
                43.114328953981335
              ],
              [
                131.89368115021526,
                43.114374429566645
              ],
              [
                131.8937367714585,
                43.11452309811956
              ],
              [
                131.89396238076498,
                43.114477527770234
              ]
            ]
          ]
        ]
      }
    },
    {
      "type": "Feature",
      "properties": {
        "fid": 120,
        "Layer": "LINES",
        "Text": "309",
        "id": 280,
        "number": "309",
        "description": "Дом первого жителя г. Владивостока  Семенова Я.Л",
        "address": "Приморский край, г. Владивосток, ул. Светланская, 46",
        "image": [
          "/photo/309.webp"
        ]
      },
      "geometry": {
        "type": "MultiPolygon",
        "coordinates": [
          [
            [
              [
                131.89024454119854,
                43.114806506325465
              ],
              [
                131.8904065149052,
                43.11477480292089
              ],
              [
                131.89035415850705,
                43.11462951794957
              ],
              [
                131.88986050949416,
                43.114726145318535
              ],
              [
                131.88991304408353,
                43.11487020277843
              ],
              [
                131.89006765063667,
                43.11483994187752
              ],
              [
                131.89007049913067,
                43.11484775278714
              ],
              [
                131.89024698558615,
                43.11481320907445
              ],
              [
                131.89024454119854,
                43.114806506325465
              ]
            ]
          ]
        ]
      }
    },
    {
      "type": "Feature",
      "properties": {
        "fid": 121,
        "Layer": "LINES",
        "Text": "307",
        "id": 278,
        "number": "307",
        "description": "Доходный дом Шевелева",
        "address": "Приморский край, г. Владивосток, ул. Светланская, 44",
        "image": [
          "/photo/307.webp"
        ]
      },
      "geometry": {
        "type": "MultiPolygon",
        "coordinates": [
          [
            [
              [
                131.88964576223213,
                43.114925796050855
              ],
              [
                131.88960882495863,
                43.11482277435683
              ],
              [
                131.88946645523762,
                43.11485017076962
              ],
              [
                131.8894529669766,
                43.1148125503486
              ],
              [
                131.88935726198605,
                43.11483096688537
              ],
              [
                131.889407687094,
                43.11497160908708
              ],
              [
                131.88964576223213,
                43.114925796050855
              ]
            ]
          ]
        ]
      }
    },
    {
      "type": "Feature",
      "properties": {
        "fid": 122,
        "Layer": "LINES",
        "Text": "307",
        "id": 278,
        "number": "307",
        "description": "Доходный дом Шевелева",
        "address": "Приморский край, г. Владивосток, ул. Светланская, 44",
        "image": [
          "/photo/307.webp"
        ]
      },
      "geometry": {
        "type": "MultiPolygon",
        "coordinates": [
          [
            [
              [
                131.889407687094,
                43.11497160908708
              ],
              [
                131.88935726198605,
                43.11483096688537
              ],
              [
                131.8891159329292,
                43.11487575393903
              ],
              [
                131.8891669114403,
                43.11501794121224
              ],
              [
                131.889407687094,
                43.11497160908708
              ]
            ]
          ]
        ]
      }
    },
    {
      "type": "Feature",
      "properties": {
        "fid": 123,
        "Layer": "LINES",
        "Text": "308",
        "id": 279,
        "number": "308",
        "description": "Здание \"Нового магазина Т.Д. Чурин и Касьянов\" (филиал ГУМА, гастроном № 4",
        "address": "Приморский край, г. Владивосток, ул. Светланская, 45",
        "image": [
          "/photo/308.webp"
        ]
      },
      "geometry": {
        "type": "MultiPolygon",
        "coordinates": [
          [
            [
              [
                131.89209839984184,
                43.11541149306866
              ],
              [
                131.8920503487875,
                43.11527862335652
              ],
              [
                131.89135152012003,
                43.11521009856516
              ],
              [
                131.89140022795252,
                43.11534488038289
              ],
              [
                131.89209839984184,
                43.11541149306866
              ]
            ]
          ]
        ]
      }
    },
    {
      "type": "Feature",
      "properties": {
        "fid": 124,
        "Layer": "LINES",
        "Text": "310",
        "id": 281,
        "number": "310",
        "description": "Здание Приморского крайкома КРСС - памятник советской архитектуры 30-х год",
        "address": "Приморский край, г. Владивосток, ул. Светланская, 47",
        "image": [
          "/photo/310.webp"
        ]
      },
      "geometry": {
        "type": "MultiPolygon",
        "coordinates": [
          [
            [
              [
                131.89193111842422,
                43.11478097833013
              ],
              [
                131.8919586327993,
                43.11485730951951
              ],
              [
                131.8920022476553,
                43.114848871609354
              ],
              [
                131.89199977235356,
                43.11484200457604
              ],
              [
                131.89221378221325,
                43.11480060107062
              ],
              [
                131.8922012626331,
                43.114820070269566
              ],
              [
                131.8922459218365,
                43.11483548353889
              ],
              [
                131.8922589788831,
                43.11481517850294
              ],
              [
                131.89229282797996,
                43.11491199391166
              ],
              [
                131.89228473882582,
                43.11491351182629
              ],
              [
                131.89229797528475,
                43.1149513707612
              ],
              [
                131.89238711294217,
                43.114934755212616
              ],
              [
                131.89239683956419,
                43.11496250902713
              ],
              [
                131.89249782537036,
                43.11494123329828
              ],
              [
                131.89248884708542,
                43.11491555385306
              ],
              [
                131.89250743188074,
                43.11491206641503
              ],
              [
                131.8924828969278,
                43.11484189216078
              ],
              [
                131.89248910379155,
                43.11484072744176
              ],
              [
                131.89246504296318,
                43.114771909125515
              ],
              [
                131.89245883610596,
                43.11477307384326
              ],
              [
                131.89243636275768,
                43.11470879584398
              ],
              [
                131.89244256960893,
                43.11470763112743
              ],
              [
                131.89242568614728,
                43.11465934117691
              ],
              [
                131.8924193477611,
                43.11466063030231
              ],
              [
                131.8923398884437,
                43.11462223177495
              ],
              [
                131.89233812881506,
                43.11461758821426
              ],
              [
                131.89226752675893,
                43.11463194746093
              ],
              [
                131.89226849200878,
                43.114634494708795
              ],
              [
                131.89215431452084,
                43.11465730847016
              ],
              [
                131.89215217140782,
                43.11465165287019
              ],
              [
                131.892041842724,
                43.11467409160332
              ],
              [
                131.89204412932608,
                43.1146801258944
              ],
              [
                131.89184753999524,
                43.11471632515147
              ],
              [
                131.89187473552596,
                43.11479014858944
              ],
              [
                131.89193111842422,
                43.11478097833013
              ]
            ]
          ]
        ]
      }
    },
    {
      "type": "Feature",
      "properties": {
        "fid": 125,
        "Layer": "LINES",
        "Text": "308",
        "id": 279,
        "number": "308",
        "description": "Здание \"Нового магазина Т.Д. Чурин и Касьянов\" (филиал ГУМА, гастроном № 4",
        "address": "Приморский край, г. Владивосток, ул. Светланская, 45",
        "image": [
          "/photo/308.webp"
        ]
      },
      "geometry": {
        "type": "MultiPolygon",
        "coordinates": [
          [
            [
              [
                131.89158284251963,
                43.11509491594705
              ],
              [
                131.8915838060859,
                43.115097116250915
              ],
              [
                131.89163415756346,
                43.11508747341167
              ],
              [
                131.8915940059714,
                43.114978158383096
              ],
              [
                131.89157536069237,
                43.1149820322632
              ],
              [
                131.8915571327184,
                43.11493240537684
              ],
              [
                131.8917417910988,
                43.114897388417106
              ],
              [
                131.89184750104283,
                43.11518767189718
              ],
              [
                131.8918383590542,
                43.11518946016377
              ],
              [
                131.8918643245592,
                43.11525992780994
              ],
              [
                131.8920503487875,
                43.11527862335652
              ],
              [
                131.89184131775477,
                43.114717540682506
              ],
              [
                131.89183566108065,
                43.11470252204316
              ],
              [
                131.89182381141885,
                43.11470486047433
              ],
              [
                131.8918255963702,
                43.114709448469895
              ],
              [
                131.89176993180115,
                43.11471987346737
              ],
              [
                131.89176814685374,
                43.11471528547098
              ],
              [
                131.89175637184826,
                43.114717756938944
              ],
              [
                131.89175815679488,
                43.11472234493553
              ],
              [
                131.89170237700625,
                43.11473255565466
              ],
              [
                131.89170059206342,
                43.11472796765727
              ],
              [
                131.89168889216526,
                43.11473066931163
              ],
              [
                131.8916906771074,
                43.114735257309285
              ],
              [
                131.8916348689366,
                43.114745317328584
              ],
              [
                131.8916330839984,
                43.1147407293301
              ],
              [
                131.8916212623959,
                43.114743199242064
              ],
              [
                131.8916230473333,
                43.11474778724074
              ],
              [
                131.8915672673675,
                43.114758096820836
              ],
              [
                131.89156548243395,
                43.114753508821266
              ],
              [
                131.89155361410147,
                43.11475606340103
              ],
              [
                131.89155539903422,
                43.11476065140073
              ],
              [
                131.89149981620793,
                43.11477081225112
              ],
              [
                131.89149803127913,
                43.11476622425062
              ],
              [
                131.8914830579414,
                43.11476935075436
              ],
              [
                131.89148416119656,
                43.11477218657514
              ],
              [
                131.891210005997,
                43.114822642136446
              ],
              [
                131.8913251229691,
                43.11514432314743
              ],
              [
                131.89158284251963,
                43.11509491594705
              ]
            ]
          ]
        ]
      }
    },
    {
      "type": "Feature",
      "properties": {
        "fid": 126,
        "Layer": "LINES",
        "Text": "306",
        "id": 277,
        "number": "306",
        "description": "«Доходный дом Пьянкова (Книготорг)»",
        "address": "Приморский край, г. Владивосток, ул. Светланская, 43",
        "image": [
          "/photo/306.webp"
        ]
      },
      "geometry": {
        "type": "MultiPolygon",
        "coordinates": [
          [
            [
              [
                131.89074346836347,
                43.11507425892155
              ],
              [
                131.89082638848893,
                43.11505754318507
              ],
              [
                131.89083254900135,
                43.11506725287634
              ],
              [
                131.8908720486746,
                43.11505972867958
              ],
              [
                131.89087047073969,
                43.11504893089291
              ],
              [
                131.8909652256402,
                43.115031692971336
              ],
              [
                131.89096667712423,
                43.115035692121054
              ],
              [
                131.89102783928868,
                43.11502353490254
              ],
              [
                131.8910247995372,
                43.11501481037085
              ],
              [
                131.89115214661214,
                43.11499379971842
              ],
              [
                131.89115520280617,
                43.1150025215185
              ],
              [
                131.8912654974252,
                43.11498191798334
              ],
              [
                131.89120787214034,
                43.114820065471214
              ],
              [
                131.89109583638847,
                43.11484268968418
              ],
              [
                131.89109815950266,
                43.114849082861944
              ],
              [
                131.8906911872473,
                43.114928878508614
              ],
              [
                131.89068886417246,
                43.11492248532282
              ],
              [
                131.89057257062527,
                43.11494482403371
              ],
              [
                131.89065743635692,
                43.11517055563667
              ],
              [
                131.89076983128467,
                43.115147892226986
              ],
              [
                131.89074346836347,
                43.11507425892155
              ]
            ]
          ]
        ]
      }
    },
    {
      "type": "Feature",
      "properties": {
        "fid": 127,
        "Layer": "LINES",
        "Text": "305",
        "id": 276,
        "number": "305",
        "description": "Здание клуба работников связи - старейший центр профдвижения во Владивостоке",
        "address": "Приморский край, г. Владивосток, ул. Светланская, 41А",
        "image": [
          "/photo/305.webp"
        ]
      },
      "geometry": {
        "type": "MultiPolygon",
        "coordinates": [
          [
            [
              [
                131.8905842708328,
                43.115270499900426
              ],
              [
                131.89055740144536,
                43.11519684277033
              ],
              [
                131.8900498022698,
                43.11529938527059
              ],
              [
                131.89007637077813,
                43.11537497302698
              ],
              [
                131.8905842708328,
                43.115270499900426
              ]
            ]
          ]
        ]
      }
    },
    {
      "type": "Feature",
      "properties": {
        "fid": 128,
        "Layer": "LINES",
        "Text": "474",
        "id": 435,
        "number": "474",
        "description": "Городской дом",
        "address": "Приморский край, г. Владивосток, ул. Светланская, 38/40",
        "image": [
          "/photo/474.webp"
        ]
      },
      "geometry": {
        "type": "MultiPolygon",
        "coordinates": [
          [
            [
              [
                131.88730758329748,
                43.1153858675426
              ],
              [
                131.88726753716477,
                43.11526570909702
              ],
              [
                131.88720645085348,
                43.11527699044602
              ],
              [
                131.8871928934756,
                43.11523300543969
              ],
              [
                131.88707256891755,
                43.11525477356187
              ],
              [
                131.8871322011461,
                43.1154212853167
              ],
              [
                131.88730758329748,
                43.1153858675426
              ]
            ]
          ]
        ]
      }
    },
    {
      "type": "Feature",
      "properties": {
        "fid": 129,
        "Layer": "LINES",
        "Text": "303",
        "id": 274,
        "number": "303",
        "description": "Административное здание \"Торгового дома Кунст и Альберс\"",
        "address": "Приморский край, г. Владивосток, ул. Светланская, 40",
        "image": [
          "/photo/303.webp"
        ]
      },
      "geometry": {
        "type": "MultiPolygon",
        "coordinates": [
          [
            [
              [
                131.88802082111636,
                43.115242839077254
              ],
              [
                131.8880018119583,
                43.1151890504121
              ],
              [
                131.88800587805025,
                43.11518842580145
              ],
              [
                131.88795135099622,
                43.11503973073092
              ],
              [
                131.88779124577425,
                43.11507124137432
              ],
              [
                131.88779901502218,
                43.11509196665815
              ],
              [
                131.88779459016345,
                43.11509284715784
              ],
              [
                131.88779015551987,
                43.11509906901652
              ],
              [
                131.88779755653536,
                43.11511680895775
              ],
              [
                131.8878060269919,
                43.11512086789367
              ],
              [
                131.8878094685261,
                43.11512019617545
              ],
              [
                131.88781442002434,
                43.11513365806505
              ],
              [
                131.88766702122467,
                43.11516270332238
              ],
              [
                131.8876563516547,
                43.11513364270147
              ],
              [
                131.8873917082552,
                43.11518641780003
              ],
              [
                131.88745145625077,
                43.11535083142252
              ],
              [
                131.88802082111636,
                43.115242839077254
              ]
            ]
          ]
        ]
      }
    },
    {
      "type": "Feature",
      "properties": {
        "fid": 130,
        "Layer": "LINES",
        "Text": "300",
        "id": 271,
        "number": "300",
        "description": "Жилой дом",
        "address": "Приморский край, г. Владивосток, Светланская ул., 39а",
        "image": [
          "/photo/300.webp"
        ]
      },
      "geometry": {
        "type": "MultiPolygon",
        "coordinates": [
          [
            [
              [
                131.88992606001548,
                43.115675296561015
              ],
              [
                131.88987027910898,
                43.11554710332086
              ],
              [
                131.8896748593356,
                43.11559274041647
              ],
              [
                131.88973157881958,
                43.115721651622025
              ],
              [
                131.88992606001548,
                43.115675296561015
              ]
            ]
          ]
        ]
      }
    },
    {
      "type": "Feature",
      "properties": {
        "fid": 131,
        "Layer": "LINES",
        "Text": "296",
        "id": 267,
        "number": "296",
        "description": "Здание универсального магазина \"Торгового дома Кунста и Альберса\"-ГУМ",
        "address": "Приморский край, г. Владивосток, ул. Светланская, 35",
        "image": [
          "/photo/296.webp"
        ]
      },
      "geometry": {
        "type": "MultiPolygon",
        "coordinates": [
          [
            [
              [
                131.88759132387872,
                43.115528040139644
              ],
              [
                131.88767670753467,
                43.11575591346904
              ],
              [
                131.88770423756444,
                43.11583092476344
              ],
              [
                131.88771982320415,
                43.115827854799726
              ],
              [
                131.88772560963946,
                43.1158436211117
              ],
              [
                131.88779203548117,
                43.11583053692952
              ],
              [
                131.8878138494733,
                43.1158262401246
              ],
              [
                131.88780622299475,
                43.11580546032286
              ],
              [
                131.88806377212285,
                43.115754729296384
              ],
              [
                131.88810035303666,
                43.11585561384374
              ],
              [
                131.88824996848055,
                43.11582700325162
              ],
              [
                131.88810335739763,
                43.115427823924215
              ],
              [
                131.88799022537458,
                43.115450108474896
              ],
              [
                131.88799261942904,
                43.115456631517425
              ],
              [
                131.8877074298096,
                43.11551280710818
              ],
              [
                131.8877050357832,
                43.115506284059656
              ],
              [
                131.88759132387875,
                43.11552804654133
              ],
              [
                131.88759132387872,
                43.115528040139644
              ]
            ]
          ]
        ]
      }
    },
    {
      "type": "Feature",
      "properties": {
        "fid": 132,
        "Layer": "LINES",
        "Text": "294",
        "id": 265,
        "number": "294",
        "description": "Дом товарищества Кунст и Альберс",
        "address": "Приморский край, г. Владивосток, ул. Светланская, 31, стр. 4",
        "image": [
          "/photo/294.webp"
        ]
      },
      "geometry": {
        "type": "MultiPolygon",
        "coordinates": [
          [
            [
              [
                131.88655240754917,
                43.116203670054674
              ],
              [
                131.8865000560522,
                43.116050872265355
              ],
              [
                131.88639319271456,
                43.1160718685408
              ],
              [
                131.8864452921455,
                43.11622433087179
              ],
              [
                131.88655240754917,
                43.116203670054674
              ]
            ]
          ]
        ]
      }
    },
    {
      "type": "Feature",
      "properties": {
        "fid": 133,
        "Layer": "LINES",
        "Text": "291",
        "id": 262,
        "number": "291",
        "description": "Дом товарищества Кунст и Альберс",
        "address": "Приморский край, г. Владивосток, ул. Светланская, 31, строение 1",
        "image": [
          "/photo/291.webp"
        ]
      },
      "geometry": {
        "type": "MultiPolygon",
        "coordinates": [
          [
            [
              [
                131.8866363998951,
                43.11595884923396
              ],
              [
                131.8865603147695,
                43.11574711143546
              ],
              [
                131.88646063650094,
                43.11576852776834
              ],
              [
                131.88645599479773,
                43.115757494853625
              ],
              [
                131.88640141592683,
                43.115769666240155
              ],
              [
                131.88640436765942,
                43.115778433373116
              ],
              [
                131.88630567176563,
                43.11579871476823
              ],
              [
                131.88637261032645,
                43.11601081449425
              ],
              [
                131.8866363998951,
                43.11595884923396
              ]
            ]
          ]
        ]
      }
    },
    {
      "type": "Feature",
      "properties": {
        "fid": 134,
        "Layer": "LINES",
        "Text": "292",
        "id": 263,
        "number": "292",
        "description": "Здание кинотеатра \"Уссури\" - памятник советской архитектуры 20-х годов",
        "address": "Светланская ул., 31, стр.2",
        "image": [
          "/photo/292.webp"
        ]
      },
      "geometry": {
        "type": "MultiPolygon",
        "coordinates": [
          [
            [
              [
                131.88698108174017,
                43.11606064566524
              ],
              [
                131.88691993692282,
                43.115884891073335
              ],
              [
                131.88696786567672,
                43.11587324930743
              ],
              [
                131.8869306314932,
                43.11576936657081
              ],
              [
                131.88703914967616,
                43.115744943656544
              ],
              [
                131.8870076243424,
                43.115665437758786
              ],
              [
                131.88686362409655,
                43.11569330128527
              ],
              [
                131.8868661410747,
                43.11570098246041
              ],
              [
                131.8868194737773,
                43.11571086536144
              ],
              [
                131.88681441998241,
                43.115696907309605
              ],
              [
                131.88680308308736,
                43.115695690855084
              ],
              [
                131.88679393601726,
                43.115697288789924
              ],
              [
                131.88679448204905,
                43.11569862835539
              ],
              [
                131.88674884030883,
                43.115708389165555
              ],
              [
                131.88674756433716,
                43.115706111290585
              ],
              [
                131.88674317974437,
                43.11570369669666
              ],
              [
                131.88673581492952,
                43.11570563101728
              ],
              [
                131.88673402813052,
                43.115707570873376
              ],
              [
                131.886733656764,
                43.11571065052802
              ],
              [
                131.88672194775808,
                43.11571291533701
              ],
              [
                131.88671866092238,
                43.11571010003517
              ],
              [
                131.88670916733463,
                43.11571166391066
              ],
              [
                131.88664974912456,
                43.115723858177056
              ],
              [
                131.88664023629124,
                43.1157253217445
              ],
              [
                131.8866387685654,
                43.115727864700354
              ],
              [
                131.88663876410482,
                43.11573027493881
              ],
              [
                131.88662771656496,
                43.115732820185954
              ],
              [
                131.88662625875298,
                43.115730006519314
              ],
              [
                131.8866229691943,
                43.11572866422769
              ],
              [
                131.88661473728453,
                43.11572972726898
              ],
              [
                131.88661272096692,
                43.115732135687615
              ],
              [
                131.88661326360847,
                43.115735484054696
              ],
              [
                131.8865603147695,
                43.11574711143546
              ],
              [
                131.8865913557766,
                43.11583228149266
              ],
              [
                131.8866363998951,
                43.11595884923396
              ],
              [
                131.8866310454773,
                43.115959922165864
              ],
              [
                131.88667184795125,
                43.116067495562284
              ],
              [
                131.88687139763496,
                43.11602747348487
              ],
              [
                131.88689016692265,
                43.11607959680188
              ],
              [
                131.88698108174017,
                43.11606064566524
              ]
            ]
          ]
        ]
      }
    },
    {
      "type": "Feature",
      "properties": {
        "fid": 135,
        "Layer": "LINES",
        "Text": "290",
        "id": 261,
        "number": "290",
        "description": "Дом Иогана Лангелитье",
        "address": "Приморский край, г. Владивосток, ул. Светланская, д. 29, лит. А",
        "image": [
          "/photo/290.webp"
        ]
      },
      "geometry": {
        "type": "MultiPolygon",
        "coordinates": [
          [
            [
              [
                131.88573134945503,
                43.11598932135679
              ],
              [
                131.8857137320317,
                43.11593885157948
              ],
              [
                131.88573936927688,
                43.11590432806687
              ],
              [
                131.88580616097713,
                43.11589070787406
              ],
              [
                131.88580891245158,
                43.11589827113299
              ],
              [
                131.8859679122044,
                43.11586756011838
              ],
              [
                131.8859658385064,
                43.11586006739223
              ],
              [
                131.88603062207156,
                43.115846360454185
              ],
              [
                131.88603311329854,
                43.11585385359606
              ],
              [
                131.88618970496796,
                43.11582088342212
              ],
              [
                131.88618701393398,
                43.1158145032231
              ],
              [
                131.88630249752234,
                43.11579077198629
              ],
              [
                131.88630567176563,
                43.11579871476823
              ],
              [
                131.88634128539465,
                43.115917894334046
              ],
              [
                131.88629006211858,
                43.11592716205336
              ],
              [
                131.88629385532943,
                43.11593841402072
              ],
              [
                131.8862294525072,
                43.11595006625106
              ],
              [
                131.88622658554164,
                43.115941561819405
              ],
              [
                131.88606967484915,
                43.11597206452412
              ],
              [
                131.88607316576343,
                43.11598170239027
              ],
              [
                131.88601234095344,
                43.11599461580252
              ],
              [
                131.8860073656027,
                43.11598203843655
              ],
              [
                131.88592307100032,
                43.116000182360644
              ],
              [
                131.88595973801117,
                43.11609569691221
              ],
              [
                131.88578333953623,
                43.11613136831867
              ],
              [
                131.88576078279894,
                43.11606898019494
              ],
              [
                131.88576499440603,
                43.11606851013888
              ],
              [
                131.8857355011258,
                43.11598841402662
              ],
              [
                131.88573134945503,
                43.11598932135679
              ]
            ]
          ]
        ]
      }
    },
    {
      "type": "Feature",
      "properties": {
        "fid": 136,
        "Layer": "LINES",
        "Text": "289",
        "id": 260,
        "number": "289",
        "description": "Здание Дальневосточного технического института рыбной промышленности и хозяйства",
        "address": "Приморский край, г. Владивосток, ул. Светланская, 27",
        "image": [
          "/photo/289.webp"
        ]
      },
      "geometry": {
        "type": "MultiPolygon",
        "coordinates": [
          [
            [
              [
                131.88478297944013,
                43.11609007571377
              ],
              [
                131.88523838622817,
                43.11599974252042
              ],
              [
                131.88525667321053,
                43.11605061964728
              ],
              [
                131.88540546141064,
                43.116113613111125
              ],
              [
                131.8854717502268,
                43.11609997594275
              ],
              [
                131.88551276715145,
                43.11620524030599
              ],
              [
                131.88549877153866,
                43.116208434765
              ],
              [
                131.8856043827004,
                43.11648787795727
              ],
              [
                131.88554169637518,
                43.11649978690582
              ],
              [
                131.88555342753176,
                43.116534273841914
              ],
              [
                131.88536315377578,
                43.11657152850531
              ],
              [
                131.88533452373605,
                43.116496651651694
              ],
              [
                131.88543152360603,
                43.11647717299008
              ],
              [
                131.88541978427827,
                43.11644709669469
              ],
              [
                131.88542703582175,
                43.1164459337988
              ],
              [
                131.88534616543274,
                43.116236128289074
              ],
              [
                131.88532996115572,
                43.11622953116551
              ],
              [
                131.88531572593513,
                43.11624741363703
              ],
              [
                131.88529081179752,
                43.116235658881585
              ],
              [
                131.88526000453666,
                43.116272574392326
              ],
              [
                131.88517577045707,
                43.116233240051635
              ],
              [
                131.88520547560353,
                43.116196161097804
              ],
              [
                131.88518009020586,
                43.11618466271615
              ],
              [
                131.88519374023065,
                43.116167227700856
              ],
              [
                131.88515221989113,
                43.116152969827276
              ],
              [
                131.88483017810177,
                43.11621565146045
              ],
              [
                131.88478297944013,
                43.11609007571377
              ]
            ]
          ]
        ]
      }
    },
    {
      "type": "Feature",
      "properties": {
        "fid": 137,
        "Layer": "LINES",
        "Text": "287",
        "id": 258,
        "number": "287",
        "description": "25:28:020022:65 Доходный дом Тау-Цзе-линь",
        "address": "Приморский край, г. Владивосток, ул. Светланская, д. 23 (лит.2)",
        "image": [
          "/photo/287.webp",
          "/photo/287_2.webp"
        ]
      },
      "geometry": {
        "type": "MultiPolygon",
        "coordinates": [
          [
            [
              [
                131.88470767245198,
                43.116104586706975
              ],
              [
                131.88478297944013,
                43.11609007571377
              ],
              [
                131.8848481898833,
                43.11626919639739
              ],
              [
                131.88488923512944,
                43.11626148421204
              ],
              [
                131.88491821124504,
                43.11634424911284
              ],
              [
                131.88480689886123,
                43.11636800239693
              ],
              [
                131.88470767245198,
                43.116104586706975
              ]
            ]
          ]
        ]
      }
    },
    {
      "type": "Feature",
      "properties": {
        "fid": 138,
        "Layer": "LINES",
        "Text": "287",
        "id": 258,
        "number": "287",
        "description": "25:28:020022:65 Доходный дом Тау-Цзе-линь",
        "address": "Приморский край, г. Владивосток, ул. Светланская, д. 23 (лит.2)",
        "image": [
          "/photo/287.webp",
          "/photo/287_2.webp"
        ]
      },
      "geometry": {
        "type": "MultiPolygon",
        "coordinates": [
          [
            [
              [
                131.88431261908627,
                43.11618331286089
              ],
              [
                131.88470767245198,
                43.116104586706975
              ],
              [
                131.88480672494023,
                43.11636754069234
              ],
              [
                131.88475679831163,
                43.11637797126023
              ],
              [
                131.88483335831282,
                43.11657464452863
              ],
              [
                131.88469936745702,
                43.1166029590887
              ],
              [
                131.8846968224316,
                43.11659643539504
              ],
              [
                131.88447833373016,
                43.11664025713859
              ],
              [
                131.88443546456054,
                43.116521991845445
              ],
              [
                131.8845218986171,
                43.11650268434231
              ],
              [
                131.88453730071828,
                43.11654514392708
              ],
              [
                131.88472388354597,
                43.1165073554599
              ],
              [
                131.88465219412294,
                43.11631984796635
              ],
              [
                131.88451138352636,
                43.11634649613468
              ],
              [
                131.88451344635723,
                43.11635268748094
              ],
              [
                131.88446765724206,
                43.11636171780342
              ],
              [
                131.88446011478376,
                43.116363205290945
              ],
              [
                131.88446008533006,
                43.11637882062378
              ],
              [
                131.8845100094211,
                43.116505340136776
              ],
              [
                131.88443546456054,
                43.116521991845445
              ],
              [
                131.88431261908627,
                43.11618331286089
              ]
            ]
          ]
        ]
      }
    },
    {
      "type": "Feature",
      "properties": {
        "fid": 139,
        "Layer": "LINES",
        "Text": "286",
        "id": 257,
        "number": "286",
        "description": "Доходный дом Катчана",
        "address": "Приморский край, г. Владивосток, Светланская ул., 17",
        "image": [
          "/photo/286.webp"
        ]
      },
      "geometry": {
        "type": "MultiPolygon",
        "coordinates": [
          [
            [
              [
                131.883749187758,
                43.11628865940551
              ],
              [
                131.88384580262996,
                43.11627022242825
              ],
              [
                131.88389942800308,
                43.11642977192104
              ],
              [
                131.88391909972637,
                43.11661773112434
              ],
              [
                131.8839129996273,
                43.11661826541917
              ],
              [
                131.88391878253032,
                43.11663598554003
              ],
              [
                131.88390804080294,
                43.116647243983685
              ],
              [
                131.88388928030778,
                43.11665195012353
              ],
              [
                131.88387961262345,
                43.11664611972427
              ],
              [
                131.88387355897854,
                43.11665214026303
              ],
              [
                131.883749187758,
                43.11628865940551
              ]
            ]
          ]
        ]
      }
    },
    {
      "type": "Feature",
      "properties": {
        "fid": 140,
        "Layer": "LINES",
        "Text": "285",
        "id": 256,
        "number": "285",
        "description": "Дом доходный",
        "address": "Приморский край, ул. Светланская, 15",
        "image": [
          "/photo/285.webp",
          "/photo/285_2.webp"
        ]
      },
      "geometry": {
        "type": "MultiPolygon",
        "coordinates": [
          [
            [
              [
                131.88348745849163,
                43.11633848042016
              ],
              [
                131.8837191708218,
                43.116288607314694
              ],
              [
                131.88372090418233,
                43.116294056731284
              ],
              [
                131.883749187758,
                43.11628865940551
              ],
              [
                131.88387355897854,
                43.11665214026303
              ],
              [
                131.88385318155184,
                43.11667240623841
              ],
              [
                131.88390138181626,
                43.1168056882976
              ],
              [
                131.88366199763402,
                43.116853179102776
              ],
              [
                131.88348745849163,
                43.11633848042016
              ]
            ]
          ]
        ]
      }
    },
    {
      "type": "Feature",
      "properties": {
        "fid": 141,
        "Layer": "LINES",
        "Text": "285",
        "id": 256,
        "number": "285",
        "description": "Дом доходный",
        "address": "Приморский край, ул. Светланская, 15",
        "image": [
          "/photo/285.webp",
          "/photo/285_2.webp"
        ]
      },
      "geometry": {
        "type": "MultiPolygon",
        "coordinates": [
          [
            [
              [
                131.88336319171447,
                43.116477805151675
              ],
              [
                131.88340820705577,
                43.11660802554092
              ],
              [
                131.88341289863385,
                43.11660715514218
              ],
              [
                131.8834152120991,
                43.116613847518174
              ],
              [
                131.8832901651713,
                43.116635024119525
              ],
              [
                131.8831959965557,
                43.11639005178637
              ],
              [
                131.88348447278366,
                43.11633444994085
              ],
              [
                131.88352382613675,
                43.11644944156327
              ],
              [
                131.88348491709635,
                43.11645652851485
              ],
              [
                131.88348867688055,
                43.116467404778334
              ],
              [
                131.88344209063476,
                43.116476047672656
              ],
              [
                131.8834379064809,
                43.11646394376992
              ],
              [
                131.88336319171447,
                43.116477805151675
              ]
            ]
          ]
        ]
      }
    },
    {
      "type": "Feature",
      "properties": {
        "fid": 142,
        "Layer": "LINES",
        "Text": "283",
        "id": 254,
        "number": "283",
        "description": "Банк Сибирский (дом В.П.Бабинцева)",
        "address": "Приморский край, г. Владивосток, ул. Светланская, 20",
        "image": [
          "/photo/283.webp"
        ]
      },
      "geometry": {
        "type": "MultiPolygon",
        "coordinates": [
          [
            [
              [
                131.88169397104122,
                43.1163232626378
              ],
              [
                131.88183102448244,
                43.11629581546801
              ],
              [
                131.8818275415247,
                43.11628604539656
              ],
              [
                131.8818766368759,
                43.11627616189503
              ],
              [
                131.8818805806642,
                43.11628721720557
              ],
              [
                131.88192029381733,
                43.1162796139623
              ],
              [
                131.8820349852892,
                43.11625765572959
              ],
              [
                131.8820278458134,
                43.116237724434356
              ],
              [
                131.88207873730155,
                43.11622649201167
              ],
              [
                131.8820671025182,
                43.11619772469161
              ],
              [
                131.8820372211905,
                43.1162034333288
              ],
              [
                131.88202905568454,
                43.11618049437606
              ],
              [
                131.88203074227107,
                43.11618014803954
              ],
              [
                131.8820056094111,
                43.11610912025893
              ],
              [
                131.88198064112683,
                43.116113861864726
              ],
              [
                131.88196720597998,
                43.11607589278703
              ],
              [
                131.8822017848455,
                43.11602864850612
              ],
              [
                131.8822918054559,
                43.11627968872988
              ],
              [
                131.882296081762,
                43.11627888001331
              ],
              [
                131.88231190557136,
                43.11632460604283
              ],
              [
                131.8823063786562,
                43.11632584105904
              ],
              [
                131.88230979150978,
                43.11633653763518
              ],
              [
                131.88229624721376,
                43.11635672243663
              ],
              [
                131.8822770677697,
                43.116359915274494
              ],
              [
                131.88227700357768,
                43.11636424950898
              ],
              [
                131.8822161420767,
                43.116376429502914
              ],
              [
                131.88221497222975,
                43.11637188407249
              ],
              [
                131.88174843993536,
                43.11646306504784
              ],
              [
                131.88175021000188,
                43.116469052779635
              ],
              [
                131.8816970911022,
                43.11647895902686
              ],
              [
                131.88163779514898,
                43.11631453119677
              ],
              [
                131.8816878541251,
                43.116303762978625
              ],
              [
                131.88169397104122,
                43.1163232626378
              ]
            ]
          ]
        ]
      }
    },
    {
      "type": "Feature",
      "properties": {
        "fid": 143,
        "Layer": "LINES",
        "Text": "282",
        "id": 253,
        "number": "282",
        "description": "Доходный дом Берковича",
        "address": "Приморский край, г. Владивосток, ул. Светланская, 18 стр 2",
        "image": [
          "/photo/282.webp"
        ]
      },
      "geometry": {
        "type": "MultiPolygon",
        "coordinates": [
          [
            [
              [
                131.88134223896407,
                43.11619404472299
              ],
              [
                131.881571060456,
                43.11615188456129
              ],
              [
                131.8816172507918,
                43.11627598071667
              ],
              [
                131.88138788571246,
                43.116319219762694
              ],
              [
                131.88134223896407,
                43.11619404472299
              ]
            ]
          ]
        ]
      }
    },
    {
      "type": "Feature",
      "properties": {
        "fid": 144,
        "Layer": "LINES",
        "Text": "281",
        "id": 252,
        "number": "281",
        "description": "Доходный дом Берковича",
        "address": "Приморский край, г. Владивостокский городской округ, ул. Светланская, 18, лит. А",
        "image": [
          "/photo/281.webp"
        ]
      },
      "geometry": {
        "type": "MultiPolygon",
        "coordinates": [
          [
            [
              [
                131.8814119566714,
                43.11638646900822
              ],
              [
                131.88159233957253,
                43.116352485086836
              ],
              [
                131.88160886165355,
                43.11635902526239
              ],
              [
                131.88164873788236,
                43.11648531503149
              ],
              [
                131.88150793932851,
                43.116513201018
              ],
              [
                131.8815086822627,
                43.11651521417575
              ],
              [
                131.88146172202892,
                43.11652550256776
              ],
              [
                131.8814119566714,
                43.11638646900822
              ]
            ]
          ]
        ]
      }
    },
    {
      "type": "Feature",
      "properties": {
        "fid": 145,
        "Layer": "LINES",
        "Text": "280",
        "id": 251,
        "number": "280",
        "description": "Дом Багинова",
        "address": "Приморский край, г. Владивосток, ул. Светланская, 16",
        "image": [
          "/photo/280.webp"
        ]
      },
      "geometry": {
        "type": "MultiPolygon",
        "coordinates": [
          [
            [
              [
                131.8812337146547,
                43.11641000775644
              ],
              [
                131.88124043028276,
                43.11640011325821
              ],
              [
                131.88128412480592,
                43.11639286761733
              ],
              [
                131.88128715590852,
                43.116402322191064
              ],
              [
                131.88132454581844,
                43.11639461991318
              ],
              [
                131.88134069057523,
                43.1163753430977
              ],
              [
                131.88133884316093,
                43.11636415890617
              ],
              [
                131.88131623821093,
                43.1163555828477
              ],
              [
                131.88130249981438,
                43.116308167849965
              ],
              [
                131.881317455171,
                43.11629445749916
              ],
              [
                131.881334144957,
                43.11629160943512
              ],
              [
                131.8813186854224,
                43.11624847689196
              ],
              [
                131.8813051647515,
                43.11625102821801
              ],
              [
                131.88130986987153,
                43.11626413007603
              ],
              [
                131.88129730867777,
                43.11627879819995
              ],
              [
                131.8811981138044,
                43.116298669008124
              ],
              [
                131.88120049790118,
                43.11630479240792
              ],
              [
                131.8811604683443,
                43.1163124973434
              ],
              [
                131.88113466680718,
                43.11624357362803
              ],
              [
                131.88134471732064,
                43.11620431085564
              ],
              [
                131.8814573163072,
                43.11652634677391
              ],
              [
                131.88125286425228,
                43.11656512168678
              ],
              [
                131.88119983773203,
                43.116415280186445
              ],
              [
                131.8812337146547,
                43.11641000775644
              ]
            ]
          ]
        ]
      }
    },
    {
      "type": "Feature",
      "properties": {
        "fid": 146,
        "Layer": "LINES",
        "Text": "280",
        "id": 251,
        "number": "280",
        "description": "Дом Багинова",
        "address": "Приморский край, г. Владивосток, ул. Светланская, 16",
        "image": [
          "/photo/280.webp"
        ]
      },
      "geometry": {
        "type": "MultiPolygon",
        "coordinates": [
          [
            [
              [
                131.88096463034321,
                43.11635101160736
              ],
              [
                131.88093893307263,
                43.11627937367295
              ],
              [
                131.88113466680718,
                43.11624357362803
              ],
              [
                131.8811604683443,
                43.1163124973434
              ],
              [
                131.8810684355815,
                43.11633094883312
              ],
              [
                131.88110586003972,
                43.1164317516652
              ],
              [
                131.8810013420392,
                43.11645196556905
              ],
              [
                131.88096463034321,
                43.11635101160736
              ]
            ]
          ]
        ]
      }
    },
    {
      "type": "Feature",
      "properties": {
        "fid": 147,
        "Layer": "LINES",
        "Text": "279",
        "id": 250,
        "number": "279",
        "description": "Здание Центросоюза – центр профсоюзного движения и нелегальной деятельности Владивостокской организации РКП/б/ в годы гражданской войны",
        "address": "Приморский край, г. Владивосток, ул. Светланская, 14 (ул. Посьетская, 48)",
        "image": [
          "/photo/279.webp"
        ]
      },
      "geometry": {
        "type": "MultiPolygon",
        "coordinates": [
          [
            [
              [
                131.88108397849112,
                43.1166011158864
              ],
              [
                131.8810434768721,
                43.116583337244
              ],
              [
                131.88104835352266,
                43.116578945707296
              ],
              [
                131.8810201797386,
                43.11650261011672
              ],
              [
                131.8810134445351,
                43.11650355647978
              ],
              [
                131.8809986742235,
                43.11646616058341
              ],
              [
                131.88100600552644,
                43.116464906685586
              ],
              [
                131.8810013420392,
                43.11645196556905
              ],
              [
                131.88119739945915,
                43.11641423394933
              ],
              [
                131.88125286425228,
                43.11656512168678
              ],
              [
                131.88108688962666,
                43.11659602689197
              ],
              [
                131.88108397849112,
                43.1166011158864
              ]
            ]
          ]
        ]
      }
    },
    {
      "type": "Feature",
      "properties": {
        "fid": 148,
        "Layer": "LINES",
        "Text": "278",
        "id": 249,
        "number": "278",
        "description": "25:28:020024:78 Золотосплавная лаборатория Русско-Азиатского банка",
        "address": "Приморский край, г. Владивосток, ул. Светланская, 12",
        "image": [
          "/photo/278.webp"
        ]
      },
      "geometry": {
        "type": "MultiPolygon",
        "coordinates": [
          [
            [
              [
                131.8804980005689,
                43.116707286033986
              ],
              [
                131.880356261167,
                43.11673453601595
              ],
              [
                131.88036116965114,
                43.11674728267252
              ],
              [
                131.88033321601495,
                43.11675249729021
              ],
              [
                131.8803275775841,
                43.11673647383819
              ],
              [
                131.88022332350292,
                43.11675783293306
              ],
              [
                131.8802301245988,
                43.116773847282374
              ],
              [
                131.88013744585248,
                43.11679152683892
              ],
              [
                131.88008227226356,
                43.11664335595994
              ],
              [
                131.88014115847255,
                43.1166314884183
              ],
              [
                131.88014644421585,
                43.116645613551675
              ],
              [
                131.88032433359749,
                43.11661137070985
              ],
              [
                131.8803227241431,
                43.11660633040479
              ],
              [
                131.88037764965154,
                43.116595009977935
              ],
              [
                131.88037996033077,
                43.116601351782414
              ],
              [
                131.88057341407958,
                43.11656295404662
              ],
              [
                131.88059055859443,
                43.11657274566481
              ],
              [
                131.88062544269133,
                43.11653840628322
              ],
              [
                131.88061280623302,
                43.11650897563055
              ],
              [
                131.8807130155009,
                43.11648938017289
              ],
              [
                131.8807186289085,
                43.1165186777589
              ],
              [
                131.88073796394482,
                43.11657394071635
              ],
              [
                131.88074496819897,
                43.116572923539515
              ],
              [
                131.88077328390477,
                43.116653254347625
              ],
              [
                131.88064720359577,
                43.116677925436264
              ],
              [
                131.8806456848591,
                43.11667459556654
              ],
              [
                131.88049661676976,
                43.11670386033436
              ],
              [
                131.8804980005689,
                43.116707286033986
              ]
            ]
          ]
        ]
      }
    },
    {
      "type": "Feature",
      "properties": {
        "fid": 149,
        "Layer": "LINES",
        "Text": "277",
        "id": 248,
        "number": "277",
        "description": "Гостиница \"Централь\"",
        "address": "Приморский край, г. Владивосток, Светланская ул., д.11",
        "image": [
          "/photo/277.webp"
        ]
      },
      "geometry": {
        "type": "MultiPolygon",
        "coordinates": [
          [
            [
              [
                131.88207526532665,
                43.116718345057826
              ],
              [
                131.88187417078754,
                43.11675895757332
              ],
              [
                131.88182912607027,
                43.1166427394163
              ],
              [
                131.88187239148556,
                43.11663374099413
              ],
              [
                131.8818743794242,
                43.11663887983623
              ],
              [
                131.8820320048611,
                43.11660647094767
              ],
              [
                131.88203038888952,
                43.11660170992691
              ],
              [
                131.8820740056126,
                43.1165928471365
              ],
              [
                131.88207628611949,
                43.11659850224392
              ],
              [
                131.88223453767003,
                43.11656690170375
              ],
              [
                131.88223310503176,
                43.11656245746219
              ],
              [
                131.88230327273465,
                43.116548863532365
              ],
              [
                131.882305141926,
                43.11655326453205
              ],
              [
                131.88237016983626,
                43.11653965694545
              ],
              [
                131.88239063427338,
                43.116549190349986
              ],
              [
                131.88244388118625,
                43.116690451273406
              ],
              [
                131.88228931169868,
                43.116720881798315
              ],
              [
                131.8822779363937,
                43.116687138104254
              ],
              [
                131.88226358363684,
                43.1166803124259
              ],
              [
                131.88211926715618,
                43.11670945851166
              ],
              [
                131.88212252593186,
                43.11671810538447
              ],
              [
                131.88207852846935,
                43.11672700391929
              ],
              [
                131.88207526532665,
                43.116718345057826
              ]
            ]
          ]
        ]
      }
    },
    {
      "type": "Feature",
      "properties": {
        "fid": 150,
        "Layer": "LINES",
        "Text": "276",
        "id": 247,
        "number": "276",
        "description": "Дом жилой",
        "address": "Приморский край, г. Владивосток, Светланская ул., 9а",
        "image": [
          "/photo/276.webp"
        ]
      },
      "geometry": {
        "type": "MultiPolygon",
        "coordinates": [
          [
            [
              [
                131.8814022141359,
                43.116832909917896
              ],
              [
                131.8813004506956,
                43.11684860796433
              ],
              [
                131.88126996023723,
                43.1167575371819
              ],
              [
                131.88148054274313,
                43.11672222765713
              ],
              [
                131.88151910281707,
                43.11684225643827
              ],
              [
                131.88140997239424,
                43.116860165769374
              ],
              [
                131.8814022141359,
                43.116832909917896
              ]
            ]
          ]
        ]
      }
    },
    {
      "type": "Feature",
      "properties": {
        "fid": 151,
        "Layer": "LINES",
        "Text": "271",
        "id": 242,
        "number": "271",
        "description": "Доходный дом Жуклевича",
        "address": "Приморский край, Владивостокский городской округ, Светланская ул., 5 Б",
        "image": [
          "/photo/271.webp"
        ]
      },
      "geometry": {
        "type": "MultiPolygon",
        "coordinates": [
          [
            [
              [
                131.88085720977645,
                43.11733406574299
              ],
              [
                131.88054496447234,
                43.11739079899595
              ],
              [
                131.880523626457,
                43.117322441723054
              ],
              [
                131.88077982557607,
                43.117270111995936
              ],
              [
                131.8807673393683,
                43.11723730514887
              ],
              [
                131.8807196381752,
                43.11724704836432
              ],
              [
                131.8806532710204,
                43.117072671225536
              ],
              [
                131.88069968513872,
                43.117063190903686
              ],
              [
                131.8806851789562,
                43.117025232121
              ],
              [
                131.88074137704893,
                43.11701173992597
              ],
              [
                131.88085720977645,
                43.11733406574299
              ]
            ]
          ]
        ]
      }
    },
    {
      "type": "Feature",
      "properties": {
        "fid": 152,
        "Layer": "LINES",
        "Text": "270",
        "id": 241,
        "number": "270",
        "description": "Дом доходный Медведева",
        "address": "Приморский край,  Владивостокский городской округ, ул. Светланская, 5",
        "image": [
          "/photo/270.webp"
        ]
      },
      "geometry": {
        "type": "MultiPolygon",
        "coordinates": [
          [
            [
              [
                131.88074137704893,
                43.11701173992597
              ],
              [
                131.8806815012921,
                43.117022700359776
              ],
              [
                131.88069197377314,
                43.11705013759602
              ],
              [
                131.88053472010407,
                43.11708210942985
              ],
              [
                131.88052549941293,
                43.11705798118849
              ],
              [
                131.8804519595716,
                43.117073063567354
              ],
              [
                131.88039839421884,
                43.116928585938076
              ],
              [
                131.8806928393025,
                43.11687393601274
              ],
              [
                131.88074137704893,
                43.11701173992597
              ]
            ]
          ]
        ]
      }
    },
    {
      "type": "Feature",
      "properties": {
        "fid": 153,
        "Layer": "LINES",
        "Text": "274",
        "id": 245,
        "number": "274",
        "description": "\"Чайный дом\" и склад мануфактуры Жуклевича, 1901 г",
        "address": "Приморский край, г. Владивосток, Светланская ул., 7",
        "image": [
          "/photo/274.webp"
        ]
      },
      "geometry": {
        "type": "MultiPolygon",
        "coordinates": [
          [
            [
              [
                131.8812197311282,
                43.116934411359395
              ],
              [
                131.8808395120297,
                43.1170061972588
              ],
              [
                131.8806928393025,
                43.11687393601274
              ],
              [
                131.88126987320334,
                43.11675824389036
              ],
              [
                131.88127762930813,
                43.1167807175663
              ],
              [
                131.88126846830423,
                43.11678250168441
              ],
              [
                131.8814199770069,
                43.117211952417044
              ],
              [
                131.88088290351462,
                43.11731922914925
              ],
              [
                131.8808741378464,
                43.11729129043539
              ],
              [
                131.88084375334006,
                43.11729640651396
              ],
              [
                131.8806928393025,
                43.11687393601274
              ],
              [
                131.8808395120297,
                43.1170061972588
              ],
              [
                131.8809203554232,
                43.11724872354817
              ],
              [
                131.88098497442192,
                43.11723716359522
              ],
              [
                131.88097168729493,
                43.117197303115084
              ],
              [
                131.88098835123432,
                43.117159712898065
              ],
              [
                131.88120188940462,
                43.117120632773315
              ],
              [
                131.8812296642706,
                43.1171444496611
              ],
              [
                131.88124428352938,
                43.11718506778628
              ],
              [
                131.88130567892392,
                43.11717320871265
              ],
              [
                131.8812197311282,
                43.116934411359395
              ]
            ]
          ]
        ]
      }
    },
    {
      "type": "Feature",
      "properties": {
        "fid": 154,
        "Layer": "LINES",
        "Text": "269",
        "id": 240,
        "number": "269",
        "description": "Дом доходный Коркина",
        "address": "Приморский край, г. Владивосток, ул. Светланская, д.4",
        "image": [
          "/photo/269.webp"
        ]
      },
      "geometry": {
        "type": "MultiPolygon",
        "coordinates": [
          [
            [
              [
                131.87848249492308,
                43.117079151570614
              ],
              [
                131.87836693999213,
                43.117100038383725
              ],
              [
                131.87832281412122,
                43.11695816861063
              ],
              [
                131.87855009102515,
                43.11691657007951
              ],
              [
                131.87856241843642,
                43.116950273843166
              ],
              [
                131.8786848066424,
                43.11692624977715
              ],
              [
                131.8787217860186,
                43.11703098314367
              ],
              [
                131.87855437002378,
                43.11706170624656
              ],
              [
                131.87856060883576,
                43.11707744442218
              ],
              [
                131.8784871265825,
                43.11709309776218
              ],
              [
                131.87848249492308,
                43.117079151570614
              ]
            ]
          ]
        ]
      }
    },
    {
      "type": "Feature",
      "properties": {
        "fid": 155,
        "Layer": "LINES",
        "Text": "268",
        "id": 239,
        "number": "268",
        "description": "Здание театра и гостиницы \"Тихий океан\"",
        "address": "Приморский край, г. Владивосток, ул. Светланская, 1",
        "image": [
          "/photo/268.webp"
        ]
      },
      "geometry": {
        "type": "MultiPolygon",
        "coordinates": [
          [
            [
              [
                131.8798700354873,
                43.11732934229289
              ],
              [
                131.87967441020456,
                43.11736679452957
              ],
              [
                131.87965408849476,
                43.11730942524687
              ],
              [
                131.87957045986732,
                43.11707694588378
              ],
              [
                131.88013658633315,
                43.116977602404035
              ],
              [
                131.88018699425646,
                43.11712553087284
              ],
              [
                131.87999927370828,
                43.11716090671764
              ],
              [
                131.880027196742,
                43.11724448362912
              ],
              [
                131.87985220290878,
                43.11727643578176
              ],
              [
                131.8798700354873,
                43.11732934229289
              ]
            ]
          ]
        ]
      }
    },
    {
      "type": "Feature",
      "properties": {
        "fid": 156,
        "Layer": "LINES",
        "Text": null
      },
      "geometry": {
        "type": "MultiPolygon",
        "coordinates": [
          [
            [
              [
                131.8886546622231,
                43.11505646723762
              ],
              [
                131.88860571160302,
                43.11494840323418
              ],
              [
                131.88870400554927,
                43.11494849913352
              ],
              [
                131.8886546622231,
                43.11505646723762
              ]
            ]
          ]
        ]
      }
    },
    {
      "type": "Feature",
      "properties": {
        "fid": 157,
        "Layer": "LINES",
        "Text": "265",
        "id": 236,
        "number": "265",
        "description": "Жилой дом",
        "address": "Приморский край, г. Владивосток, ул. Семёновская, д. 21",
        "image": [
          "/photo/265.webp"
        ]
      },
      "geometry": {
        "type": "MultiPolygon",
        "coordinates": [
          [
            [
              [
                131.88507075466907,
                43.11849583061949
              ],
              [
                131.88507388475074,
                43.11850565417457
              ],
              [
                131.88511605501543,
                43.11849844337344
              ],
              [
                131.88511293995813,
                43.118488666992214
              ],
              [
                131.8851944875429,
                43.118475271438484
              ],
              [
                131.88520235218795,
                43.118508965626326
              ],
              [
                131.88524896483622,
                43.11850099515485
              ],
              [
                131.88524310068678,
                43.11848245590281
              ],
              [
                131.88536928526088,
                43.11846103634645
              ],
              [
                131.88533913115432,
                43.11834836369271
              ],
              [
                131.88495607309895,
                43.11840829422226
              ],
              [
                131.8849901573033,
                43.118509565917634
              ],
              [
                131.88507075466907,
                43.11849583061949
              ]
            ]
          ]
        ]
      }
    },
    {
      "type": "Feature",
      "properties": {
        "fid": 158,
        "Layer": "LINES",
        "Text": "263",
        "id": 234,
        "number": "263",
        "description": "Жилой дом (музей погранвойск)",
        "address": "Приморский край, г. Владивосток, ул. Семеновская, 17/19",
        "image": [
          "/photo/263.webp"
        ]
      },
      "geometry": {
        "type": "MultiPolygon",
        "coordinates": [
          [
            [
              [
                131.88463438709832,
                43.118513098244904
              ],
              [
                131.8848763077035,
                43.11846454986726
              ],
              [
                131.88487983453072,
                43.11847448491024
              ],
              [
                131.88497249825124,
                43.11845709701893
              ],
              [
                131.8849901573033,
                43.118509565917634
              ],
              [
                131.88493991936582,
                43.11851864837069
              ],
              [
                131.88495635033087,
                43.118567421585844
              ],
              [
                131.88467328235646,
                43.11862255613099
              ],
              [
                131.88463438709832,
                43.118513098244904
              ]
            ]
          ]
        ]
      }
    },
    {
      "type": "Feature",
      "properties": {
        "fid": 159,
        "Layer": "LINES",
        "Text": "262",
        "id": 233,
        "number": "262",
        "description": "Дом Т.И. Иванова",
        "address": "Приморский край, г. Владивосток, ул. Семеновская, 10",
        "image": [
          "/photo/262.webp"
        ]
      },
      "geometry": {
        "type": "MultiPolygon",
        "coordinates": [
          [
            [
              [
                131.88199847956642,
                43.11880307788125
              ],
              [
                131.8819560045417,
                43.11868402651963
              ],
              [
                131.8819908541943,
                43.11867762356607
              ],
              [
                131.88213013838782,
                43.11865203265457
              ],
              [
                131.8822581843472,
                43.11862850639347
              ],
              [
                131.88229887557978,
                43.11874619596577
              ],
              [
                131.88199847956642,
                43.11880307788125
              ]
            ]
          ]
        ]
      }
    },
    {
      "type": "Feature",
      "properties": {
        "fid": 160,
        "Layer": "LINES",
        "Text": "261",
        "id": 232,
        "number": "261",
        "description": "Здание китайского театра",
        "address": "Приморский край, г. Владивосток, Семеновская ул., 6",
        "image": [
          "/photo/261.webp"
        ]
      },
      "geometry": {
        "type": "MultiPolygon",
        "coordinates": [
          [
            [
              [
                131.88131800280163,
                43.11881497894652
              ],
              [
                131.88128854478535,
                43.118722450706755
              ],
              [
                131.8813003783719,
                43.11872002780589
              ],
              [
                131.88125915457704,
                43.11859498809087
              ],
              [
                131.88136353524862,
                43.118576520563025
              ],
              [
                131.88143457094793,
                43.11879198409276
              ],
              [
                131.88131800280163,
                43.11881497894652
              ]
            ]
          ]
        ]
      }
    },
    {
      "type": "Feature",
      "properties": {
        "fid": 161,
        "Layer": "LINES",
        "Text": "258",
        "id": 229,
        "number": "258",
        "description": "Жилой дом",
        "address": "Приморский край, г. Владивосток, Семеновская ул., 7В",
        "image": [
          "/photo/258.webp"
        ]
      },
      "geometry": {
        "type": "MultiPolygon",
        "coordinates": [
          [
            [
              [
                131.88205317776178,
                43.11939403226475
              ],
              [
                131.8820209781617,
                43.11932056544031
              ],
              [
                131.88219647077835,
                43.11927749565523
              ],
              [
                131.88222938892068,
                43.119352587293164
              ],
              [
                131.88205317776178,
                43.11939403226475
              ]
            ]
          ]
        ]
      }
    },
    {
      "type": "Feature",
      "properties": {
        "fid": 162,
        "Layer": "LINES",
        "Text": "260",
        "id": 231,
        "number": "260",
        "description": "Здание редакции газета \"Владиво-Ниппо\"",
        "address": "Приморский край, г. Владивосток, ул. Семеновская ул., 7 б",
        "image": [
          "/photo/260.webp"
        ]
      },
      "geometry": {
        "type": "MultiPolygon",
        "coordinates": [
          [
            [
              [
                131.8821564522016,
                43.1195939968128
              ],
              [
                131.88210032594876,
                43.11944582231295
              ],
              [
                131.8822417783465,
                43.11941706956005
              ],
              [
                131.88229790491462,
                43.119565243991694
              ],
              [
                131.8821564522016,
                43.1195939968128
              ]
            ]
          ]
        ]
      }
    },
    {
      "type": "Feature",
      "properties": {
        "fid": 163,
        "Layer": "LINES",
        "Text": "259",
        "id": 230,
        "number": "259",
        "description": "Баня Аморандоса",
        "address": "Приморский край, г. Владивосток, ул. Семеновская, 7А",
        "image": [
          "/photo/259.webp"
        ]
      },
      "geometry": {
        "type": "MultiPolygon",
        "coordinates": [
          [
            [
              [
                131.88193370496336,
                43.11938598547486
              ],
              [
                131.8819918455358,
                43.119517445077065
              ],
              [
                131.8820646863503,
                43.1194998795931
              ],
              [
                131.8821402626508,
                43.11967634709016
              ],
              [
                131.8819312589552,
                43.11972816405134
              ],
              [
                131.88175738688602,
                43.11933466845955
              ],
              [
                131.88192210724924,
                43.11929374281822
              ],
              [
                131.88195949824683,
                43.11937872349654
              ],
              [
                131.88193370496336,
                43.11938598547486
              ]
            ]
          ]
        ]
      }
    },
    {
      "type": "Feature",
      "properties": {
        "fid": 164,
        "Layer": "LINES",
        "Text": "252",
        "id": 223,
        "number": "252",
        "description": "Жилой дом",
        "address": "Приморский край, г. Владивосток, ул. Пушкинская, 105",
        "image": [
          "/photo/252.webp"
        ]
      },
      "geometry": {
        "type": "MultiPolygon",
        "coordinates": [
          [
            [
              [
                131.91498964714424,
                43.11429629402478
              ],
              [
                131.91478239702704,
                43.114340132005225
              ],
              [
                131.91481410197113,
                43.114427692994646
              ],
              [
                131.91502393943088,
                43.11438330773257
              ],
              [
                131.91498964714424,
                43.11429629402478
              ]
            ]
          ]
        ]
      }
    },
    {
      "type": "Feature",
      "properties": {
        "fid": 165,
        "Layer": "LINES",
        "Text": "251",
        "id": 222,
        "number": "251",
        "description": "Жилой дом",
        "address": "Приморский край, г. Владивосток, ул. Пушкинская, д. 101",
        "image": [
          "/photo/251.webp"
        ]
      },
      "geometry": {
        "type": "MultiPolygon",
        "coordinates": [
          [
            [
              [
                131.91436240929292,
                43.114354970257686
              ],
              [
                131.91418703443205,
                43.11439349163377
              ],
              [
                131.91421856652929,
                43.11447499106816
              ],
              [
                131.9143895232567,
                43.114435514156796
              ],
              [
                131.91436240929292,
                43.114354970257686
              ]
            ]
          ]
        ]
      }
    },
    {
      "type": "Feature",
      "properties": {
        "fid": 166,
        "Layer": "LINES",
        "Text": "248",
        "id": 219,
        "number": "248",
        "description": "Жилой дом",
        "address": "Приморский край, г. Владивосток, ул. Пушкинская, 99",
        "image": [
          "/photo/248.webp"
        ]
      },
      "geometry": {
        "type": "MultiPolygon",
        "coordinates": [
          [
            [
              [
                131.91414868390177,
                43.114383867948526
              ],
              [
                131.91401406057096,
                43.11441212744564
              ],
              [
                131.91404242978123,
                43.11448466320672
              ],
              [
                131.9140846918898,
                43.11447629126755
              ],
              [
                131.9141244366421,
                43.114578821140476
              ],
              [
                131.91421730725722,
                43.11455932615378
              ],
              [
                131.9141772337969,
                43.11445686528385
              ],
              [
                131.91414868390177,
                43.114383867948526
              ]
            ]
          ]
        ]
      }
    },
    {
      "type": "Feature",
      "properties": {
        "fid": 167,
        "Layer": "LINES",
        "Text": null
      },
      "geometry": {
        "type": "MultiPolygon",
        "coordinates": [
          [
            [
              [
                131.90983002997623,
                43.115620374529975
              ],
              [
                131.90997485721854,
                43.11558191929085
              ],
              [
                131.90993332750557,
                43.11549693567985
              ],
              [
                131.90965237449078,
                43.115572522265175
              ],
              [
                131.90968550779897,
                43.11563808557639
              ],
              [
                131.90962636463502,
                43.115653000883164
              ],
              [
                131.9096697402187,
                43.11574520103562
              ],
              [
                131.9097312498334,
                43.11573103194702
              ],
              [
                131.9097149591175,
                43.11569636293824
              ],
              [
                131.9098502795839,
                43.115661304669594
              ],
              [
                131.90983002997623,
                43.115620374529975
              ]
            ]
          ]
        ]
      }
    },
    {
      "type": "Feature",
      "properties": {
        "fid": 168,
        "Layer": "LINES",
        "Text": null
      },
      "geometry": {
        "type": "MultiPolygon",
        "coordinates": [
          [
            [
              [
                131.90984514135633,
                43.11588787880813
              ],
              [
                131.91008781105919,
                43.11583616315529
              ],
              [
                131.91005247854622,
                43.11575158985013
              ],
              [
                131.90980990929117,
                43.115804264841465
              ],
              [
                131.90984514135633,
                43.11588787880813
              ]
            ]
          ]
        ]
      }
    },
    {
      "type": "Feature",
      "properties": {
        "fid": 169,
        "Layer": "LINES",
        "Text": "241",
        "id": 212,
        "number": "241",
        "description": "Здание Министерской женской гимназии (ныне - средняя школа № 9)",
        "address": "Приморский край, г. Владивосток, ул. Пушкинская, 39",
        "image": [
          "/photo/241.webp"
        ]
      },
      "geometry": {
        "type": "MultiPolygon",
        "coordinates": [
          [
            [
              [
                131.90337306298045,
                43.11677326723374
              ],
              [
                131.90346543363268,
                43.11662095147653
              ],
              [
                131.90354979497715,
                43.11664840811456
              ],
              [
                131.903547247931,
                43.11665260811922
              ],
              [
                131.9037451431383,
                43.11671701567952
              ],
              [
                131.90374854227886,
                43.116711410566204
              ],
              [
                131.90383473916756,
                43.11673946431109
              ],
              [
                131.9038313400334,
                43.11674506942687
              ],
              [
                131.9038959209543,
                43.116766087953366
              ],
              [
                131.90382228356142,
                43.11691378499401
              ],
              [
                131.90364267919355,
                43.116858464181085
              ],
              [
                131.90360563276064,
                43.116931722408005
              ],
              [
                131.90368271419663,
                43.116953347124095
              ],
              [
                131.90371403917982,
                43.11696152427712
              ],
              [
                131.90373479718508,
                43.11691884798853
              ],
              [
                131.9038109104892,
                43.11693801853323
              ],
              [
                131.90376134648037,
                43.11704327695304
              ],
              [
                131.90372556721545,
                43.11711761024713
              ],
              [
                131.90365113458634,
                43.11709939946797
              ],
              [
                131.9036840842937,
                43.11702310827951
              ],
              [
                131.90365275928306,
                43.11701493111831
              ],
              [
                131.90363812807416,
                43.11704501121996
              ],
              [
                131.9036226303721,
                43.11704096565585
              ],
              [
                131.90358949062812,
                43.117109097048775
              ],
              [
                131.90327851009505,
                43.11702791724009
              ],
              [
                131.90331671460726,
                43.11694937408456
              ],
              [
                131.9033467051622,
                43.11695720300393
              ],
              [
                131.9033860495795,
                43.11687631605629
              ],
              [
                131.90352163534334,
                43.11690963103913
              ],
              [
                131.90356050522476,
                43.116832767200464
              ],
              [
                131.90337306298045,
                43.11677326723374
              ]
            ]
          ]
        ]
      }
    },
    {
      "type": "Feature",
      "properties": {
        "fid": 170,
        "Layer": "LINES",
        "Text": "239",
        "id": 210,
        "number": "239",
        "description": "\"Ансамбль деловых и жилых домов братьев Синкевича и Фихмана \"",
        "address": "Приморский край, ул. Пушкинская, 33 и 35",
        "image": [
          "/photo/239.webp",
          "/photo/239_2.webp"
        ]
      },
      "geometry": {
        "type": "MultiPolygon",
        "coordinates": [
          [
            [
              [
                131.90228942486544,
                43.11656888022293
              ],
              [
                131.90231899689942,
                43.11650892037426
              ],
              [
                131.90228150958757,
                43.11649887750197
              ],
              [
                131.902322338519,
                43.11641641443273
              ],
              [
                131.90250093757868,
                43.11646362490205
              ],
              [
                131.90244608607796,
                43.1165752949849
              ],
              [
                131.90239713181865,
                43.11656088828483
              ],
              [
                131.90238086166445,
                43.116593129173026
              ],
              [
                131.90228942486544,
                43.11656888022293
              ]
            ]
          ]
        ]
      }
    },
    {
      "type": "Feature",
      "properties": {
        "fid": 171,
        "Layer": "LINES",
        "Text": "164",
        "id": 135,
        "number": "164",
        "description": "Здание Морвокзала Владивостокского торгового порта, постройки 1964 г., архитектор М. Бронников",
        "address": "Приморский край, г. Владивосток, ул. Нижнепортовая, 1",
        "image": [
          "/photo/164.webp"
        ]
      },
      "geometry": {
        "type": "MultiPolygon",
        "coordinates": [
          [
            [
              [
                131.88360862328682,
                43.111952256283516
              ],
              [
                131.88310688034923,
                43.11211437396038
              ],
              [
                131.8823187596591,
                43.11080837540489
              ],
              [
                131.8828219927048,
                43.11064576652461
              ],
              [
                131.88360862328682,
                43.111952256283516
              ]
            ]
          ]
        ]
      }
    },
    {
      "type": "Feature",
      "properties": {
        "fid": 172,
        "Layer": "LINES",
        "Text": null
      },
      "geometry": {
        "type": "MultiPolygon",
        "coordinates": [
          [
            [
              [
                131.8746091666011,
                43.113067229396236
              ],
              [
                131.87456024228524,
                43.11295915937953
              ],
              [
                131.87465853299813,
                43.11295926733971
              ],
              [
                131.8746091666011,
                43.113067229396236
              ]
            ]
          ]
        ]
      }
    },
    {
      "type": "Feature",
      "properties": {
        "fid": 173,
        "Layer": "LINES",
        "Text": "162",
        "id": 133,
        "number": "162",
        "description": "Дом Суворова",
        "address": "Приморский край, г. Владивосток, ул. Набережная, 12",
        "image": [
          "/photo/162.webp"
        ]
      },
      "geometry": {
        "type": "MultiPolygon",
        "coordinates": [
          [
            [
              [
                131.87564012859224,
                43.114829848489016
              ],
              [
                131.8756241291453,
                43.1148478974054
              ],
              [
                131.87560262742645,
                43.11487215339392
              ],
              [
                131.87561687484586,
                43.11487934927068
              ],
              [
                131.8755978042495,
                43.11489991804932
              ],
              [
                131.87558403024792,
                43.11489313276522
              ],
              [
                131.87553603385587,
                43.11494727714145
              ],
              [
                131.87541595891386,
                43.1148907425578
              ],
              [
                131.87553411109155,
                43.11476118323198
              ],
              [
                131.87555998842637,
                43.11477391387753
              ],
              [
                131.87560602293033,
                43.114796561041295
              ],
              [
                131.87565031887084,
                43.114818352866955
              ],
              [
                131.87564012859224,
                43.114829848489016
              ]
            ]
          ]
        ]
      }
    },
    {
      "type": "Feature",
      "properties": {
        "fid": 174,
        "Layer": "LINES",
        "Text": "161",
        "id": 132,
        "number": "161",
        "description": "Кинотеатр \"Океан\"",
        "address": "Приморский край, г. Владивосток, ул. Набережная, 3",
        "image": [
          "/photo/161.webp"
        ]
      },
      "geometry": {
        "type": "MultiPolygon",
        "coordinates": [
          [
            [
              [
                131.8783172514574,
                43.11680894947015
              ],
              [
                131.87760403810572,
                43.11668323529615
              ],
              [
                131.87764358262305,
                43.11655053918673
              ],
              [
                131.8775986985816,
                43.116547203400195
              ],
              [
                131.87759214220083,
                43.11645843011236
              ],
              [
                131.87789014286702,
                43.11650432502918
              ],
              [
                131.87789162605856,
                43.11647253937311
              ],
              [
                131.8779095039076,
                43.11641582458879
              ],
              [
                131.87796105661806,
                43.116309086978454
              ],
              [
                131.8780069971636,
                43.11624345189695
              ],
              [
                131.87809357410927,
                43.11617741613005
              ],
              [
                131.8782632300965,
                43.11617030423547
              ],
              [
                131.87835473208196,
                43.11624384576477
              ],
              [
                131.87838108658448,
                43.116307343357775
              ],
              [
                131.87837117566514,
                43.11645197124696
              ],
              [
                131.87831068081925,
                43.116579716537956
              ],
              [
                131.87839451429687,
                43.11659389259377
              ],
              [
                131.8783172514574,
                43.11680894947015
              ]
            ]
          ]
        ]
      }
    },
    {
      "type": "Feature",
      "properties": {
        "fid": 175,
        "Layer": "LINES",
        "Text": "236",
        "id": 207,
        "number": "236",
        "description": "Здание бывшего Собрания приказчиков, в котором в 1906 г. нелегально работал первый социал-демократический кружок под руководством Л.М. Карахана, впоследствии известного советского дипломата",
        "address": "Приморский край, г. Владивосток, ул. Пушкинская, 27",
        "image": [
          "/photo/236.webp"
        ]
      },
      "geometry": {
        "type": "MultiPolygon",
        "coordinates": [
          [
            [
              [
                131.90012192604425,
                43.11578996203738
              ],
              [
                131.90042404109286,
                43.11586383894737
              ],
              [
                131.90052039805062,
                43.11565261196841
              ],
              [
                131.90040211643947,
                43.11562365314808
              ],
              [
                131.90040367423435,
                43.11562023826082
              ],
              [
                131.9003302581248,
                43.115602263760785
              ],
              [
                131.90032870032618,
                43.11560567864708
              ],
              [
                131.9002214605216,
                43.11557942297245
              ],
              [
                131.90022440901183,
                43.115572959542725
              ],
              [
                131.90017342151523,
                43.115560476158045
              ],
              [
                131.90017047302018,
                43.11556693958645
              ],
              [
                131.90012651626878,
                43.11555617753265
              ],
              [
                131.9001189494107,
                43.11557276489255
              ],
              [
                131.90010187556553,
                43.11556858974027
              ],
              [
                131.8999580990378,
                43.11590540714203
              ],
              [
                131.90005883671543,
                43.11592842833523
              ],
              [
                131.90012192604425,
                43.11578996203738
              ]
            ]
          ]
        ]
      }
    },
    {
      "type": "Feature",
      "properties": {
        "fid": 176,
        "Layer": "LINES",
        "Text": "233",
        "id": 204,
        "number": "233",
        "description": "Жилой дом",
        "address": "Приморский край, г. Владивосток, ул. Пушкинская, 25 е",
        "image": [
          "/photo/233.webp"
        ]
      },
      "geometry": {
        "type": "MultiPolygon",
        "coordinates": [
          [
            [
              [
                131.89920398644097,
                43.116162315026976
              ],
              [
                131.89922437997228,
                43.11611519862883
              ],
              [
                131.89917932395903,
                43.11610531803803
              ],
              [
                131.89916695445098,
                43.11613413791632
              ],
              [
                131.8990698073779,
                43.11611268597833
              ],
              [
                131.89909537390724,
                43.116052428401574
              ],
              [
                131.89912353167784,
                43.11604371252999
              ],
              [
                131.8992002632447,
                43.116061261888476
              ],
              [
                131.8991987409251,
                43.11606461984146
              ],
              [
                131.89924260321067,
                43.11607582335521
              ],
              [
                131.89924398981768,
                43.11607282728688
              ],
              [
                131.89948870116635,
                43.116123898364556
              ],
              [
                131.8994459278015,
                43.11621739845859
              ],
              [
                131.89920398644097,
                43.116162315026976
              ]
            ]
          ]
        ]
      }
    },
    {
      "type": "Feature",
      "properties": {
        "fid": 177,
        "Layer": "LINES",
        "Text": "436",
        "id": 398,
        "number": "436",
        "description": "Жилой дом",
        "address": "Приморский край, г. Владивосток, ул. Пушкинская, 25б",
        "image": [
          "/photo/436.webp"
        ]
      },
      "geometry": {
        "type": "MultiPolygon",
        "coordinates": [
          [
            [
              [
                131.89934726445514,
                43.11597735249885
              ],
              [
                131.89937614862814,
                43.11588671595038
              ],
              [
                131.8995756518996,
                43.115929953848024
              ],
              [
                131.89956432576884,
                43.1159571505221
              ],
              [
                131.899555020469,
                43.11595496223278
              ],
              [
                131.8995307534469,
                43.116018183180365
              ],
              [
                131.89934726445517,
                43.11597734471753
              ],
              [
                131.89934726445514,
                43.11597735249885
              ]
            ]
          ]
        ]
      }
    },
    {
      "type": "Feature",
      "properties": {
        "fid": 178,
        "Layer": "LINES",
        "Text": "222",
        "id": 193,
        "number": "222",
        "description": "Здание бывшей лютеранской церкви святого Павла (ныне - Исторический музей ТОФ)",
        "address": "г. Владивосток, Пушкинская ул., 14",
        "image": [
          "/photo/222.webp"
        ]
      },
      "geometry": {
        "type": "MultiPolygon",
        "coordinates": [
          [
            [
              [
                131.90169703679237,
                43.11569223265046
              ],
              [
                131.9017301061285,
                43.11562422759951
              ],
              [
                131.9017603594954,
                43.11558150977331
              ],
              [
                131.90176648151527,
                43.11556892017602
              ],
              [
                131.90182032241137,
                43.11558297178937
              ],
              [
                131.90186693818922,
                43.11559513773668
              ],
              [
                131.90185642336178,
                43.11561676097064
              ],
              [
                131.90203545936203,
                43.11566348618705
              ],
              [
                131.90198494291,
                43.115767371221125
              ],
              [
                131.90169703679237,
                43.11569223265046
              ]
            ]
          ]
        ]
      }
    },
    {
      "type": "Feature",
      "properties": {
        "fid": 179,
        "Layer": "LINES",
        "Text": "221",
        "id": 192,
        "number": "221",
        "description": "Жилой дом",
        "address": "Приморский край, г. Владивосток, ул. Пушкинская, 8б",
        "image": [
          "/photo/221.webp"
        ]
      },
      "geometry": {
        "type": "MultiPolygon",
        "coordinates": [
          [
            [
              [
                131.89930965090466,
                43.11490593444415
              ],
              [
                131.89933901053396,
                43.114834669632664
              ],
              [
                131.89964054016573,
                43.114901725307234
              ],
              [
                131.8996368618702,
                43.11491030210459
              ],
              [
                131.8997399046056,
                43.114934076636196
              ],
              [
                131.89972759612726,
                43.114963079834354
              ],
              [
                131.89972316109555,
                43.114962029319166
              ],
              [
                131.89970550080113,
                43.11499890703133
              ],
              [
                131.89966275866595,
                43.114989238002345
              ],
              [
                131.8996602939399,
                43.11499373651135
              ],
              [
                131.89930965090466,
                43.11490593444415
              ]
            ]
          ]
        ]
      }
    },
    {
      "type": "Feature",
      "properties": {
        "fid": 180,
        "Layer": "LINES",
        "Text": "219",
        "id": 190,
        "number": "219",
        "description": "Жилой дом",
        "address": "Приморский край, г. Владивосток, ул. Пушкинская, 8",
        "image": [
          "/photo/219.webp"
        ]
      },
      "geometry": {
        "type": "MultiPolygon",
        "coordinates": [
          [
            [
              [
                131.8991357849618,
                43.11513477529323
              ],
              [
                131.89919930194446,
                43.114989009508726
              ],
              [
                131.89925076390168,
                43.11500093674935
              ],
              [
                131.89924958356227,
                43.11500346121076
              ],
              [
                131.89933599671332,
                43.1150236953914
              ],
              [
                131.89933673628659,
                43.11502225582743
              ],
              [
                131.89949098723062,
                43.11505806636509
              ],
              [
                131.89949031658108,
                43.11505958672037
              ],
              [
                131.89960528252544,
                43.11508632646353
              ],
              [
                131.8995410946919,
                43.115229107011054
              ],
              [
                131.8991357849618,
                43.11513477529323
              ]
            ]
          ]
        ]
      }
    },
    {
      "type": "Feature",
      "properties": {
        "fid": 181,
        "Layer": "LINES",
        "Text": "218",
        "id": 189,
        "number": "218",
        "description": "Дом известного общественного деятеля Владивостока Н.В. Соллогуба, в котором в 1884 г. начала издаваться газета Владивосток- первая газета края",
        "address": "Приморский край, г. Владивосток, ул. Пушкинская, 7",
        "image": [
          "/photo/218.webp"
        ]
      },
      "geometry": {
        "type": "MultiPolygon",
        "coordinates": [
          [
            [
              [
                131.89554827511114,
                43.11459350712492
              ],
              [
                131.89555639824164,
                43.11470277110996
              ],
              [
                131.89588082700564,
                43.11468898147156
              ],
              [
                131.89588132732905,
                43.114708162677054
              ],
              [
                131.8960446489413,
                43.11470868920891
              ],
              [
                131.89604674405354,
                43.11467421002817
              ],
              [
                131.8961358199764,
                43.11467617088517
              ],
              [
                131.8961372289441,
                43.11464194285708
              ],
              [
                131.89617217691483,
                43.11464171476722
              ],
              [
                131.8961765434112,
                43.11458606516975
              ],
              [
                131.89615579901215,
                43.1145852137647
              ],
              [
                131.8961581769063,
                43.11455613365862
              ],
              [
                131.89615220713628,
                43.114550423150824
              ],
              [
                131.89611736344582,
                43.114547034356455
              ],
              [
                131.89611098337662,
                43.11455054989874
              ],
              [
                131.8961091171508,
                43.11455623951307
              ],
              [
                131.8959759790694,
                43.114551042282464
              ],
              [
                131.89597512043886,
                43.114573510880156
              ],
              [
                131.89554827511114,
                43.11459350712492
              ]
            ]
          ]
        ]
      }
    },
    {
      "type": "Feature",
      "properties": {
        "fid": 182,
        "Layer": "LINES",
        "Text": "217",
        "id": 188,
        "number": "217",
        "description": "Многоквартирный жилой дом - памятник творчества известного дальневосточного архитектора А. И. Порецкого (ныне - художественное училище)",
        "address": "Приморский край, г. Владивосток, ул. Пушкинская, 2 (ул. Светланская, 65а)",
        "image": [
          "/photo/217.webp"
        ]
      },
      "geometry": {
        "type": "MultiPolygon",
        "coordinates": [
          [
            [
              [
                131.8969423593056,
                43.11445209921276
              ],
              [
                131.89693161145502,
                43.11443571877534
              ],
              [
                131.89692380008015,
                43.11443670219075
              ],
              [
                131.89700240850314,
                43.11438020490102
              ],
              [
                131.89700896580425,
                43.11436772492555
              ],
              [
                131.89702587785234,
                43.11437247322101
              ],
              [
                131.89703931890574,
                43.114382941604894
              ],
              [
                131.89708494609695,
                43.11438503066493
              ],
              [
                131.89708285801245,
                43.11440306794276
              ],
              [
                131.8971474041164,
                43.114406835281464
              ],
              [
                131.8971478945873,
                43.11440232504787
              ],
              [
                131.89716268762083,
                43.114403188462234
              ],
              [
                131.89716248538025,
                43.11440504821459
              ],
              [
                131.8972009597757,
                43.11440721789143
              ],
              [
                131.89719361479675,
                43.11449360762537
              ],
              [
                131.8971806589967,
                43.11450004240079
              ],
              [
                131.89719465633485,
                43.11451007622065
              ],
              [
                131.89719216203494,
                43.114535918614806
              ],
              [
                131.897176163826,
                43.11454729545754
              ],
              [
                131.89718843732862,
                43.11455514759668
              ],
              [
                131.89718766240438,
                43.11457395792749
              ],
              [
                131.8971701960125,
                43.11458617862806
              ],
              [
                131.89713396345954,
                43.11458417737271
              ],
              [
                131.8971338403346,
                43.114585793904766
              ],
              [
                131.89706331839557,
                43.1145821441655
              ],
              [
                131.8970613208732,
                43.11459951227562
              ],
              [
                131.89692618121785,
                43.11459119724432
              ],
              [
                131.89692642536374,
                43.11458849075786
              ],
              [
                131.89690432669832,
                43.114586923460166
              ],
              [
                131.89690209798405,
                43.11458540921896
              ],
              [
                131.89692722461882,
                43.114556001993655
              ],
              [
                131.89693092074407,
                43.11455582980605
              ],
              [
                131.8969423593056,
                43.11445209921276
              ]
            ]
          ]
        ]
      }
    },
    {
      "type": "Feature",
      "properties": {
        "fid": 183,
        "Layer": "LINES",
        "Text": "216",
        "id": 187,
        "number": "216",
        "description": "Дом, в котором в 1884-1889 гг. жил известный исследователь края, основатель Общества изучения Амурского края Ф.Ф. Буссе",
        "address": "Приморский край, г. Владивосток, ул. Прапорщика Комарова, 23а",
        "image": [
          "/photo/216.webp"
        ]
      },
      "geometry": {
        "type": "MultiPolygon",
        "coordinates": [
          [
            [
              [
                131.88886554484537,
                43.121968331733044
              ],
              [
                131.88906669318388,
                43.12192651187951
              ],
              [
                131.88910291684948,
                43.12202635610587
              ],
              [
                131.88894560656223,
                43.122057943517355
              ],
              [
                131.88895596615825,
                43.12208716578402
              ],
              [
                131.88887837118645,
                43.122104133653544
              ],
              [
                131.8888233138568,
                43.12196943946052
              ],
              [
                131.88882714666062,
                43.1219684482185
              ],
              [
                131.88882270246663,
                43.12195806578544
              ],
              [
                131.88882681570723,
                43.12195685988853
              ],
              [
                131.88881959544477,
                43.12194047041237
              ],
              [
                131.88887798470225,
                43.12192918559013
              ],
              [
                131.88888371987204,
                43.121945092091295
              ],
              [
                131.88885902339177,
                43.12194987021237
              ],
              [
                131.88886554484537,
                43.121968331733044
              ]
            ]
          ]
        ]
      }
    },
    {
      "type": "Feature",
      "properties": {
        "fid": 184,
        "Layer": "LINES",
        "Text": "215",
        "id": 186,
        "number": "215",
        "description": "Дом, в котором в 1910 - 1913 гг. жил известный советский писатель А.А. Фадеев",
        "address": "Приморский край, г. Владивосток, ул. Прапорщика Комарова, 21",
        "image": [
          "/photo/215.webp"
        ]
      },
      "geometry": {
        "type": "MultiPolygon",
        "coordinates": [
          [
            [
              [
                131.8884509086148,
                43.122030934178404
              ],
              [
                131.8886793082154,
                43.12198408017841
              ],
              [
                131.88872162517256,
                43.122094207858304
              ],
              [
                131.88862552429978,
                43.12211409106622
              ],
              [
                131.88863036920546,
                43.12212665614359
              ],
              [
                131.88859105862034,
                43.12213464933646
              ],
              [
                131.88858554252616,
                43.12212296939412
              ],
              [
                131.8884932247027,
                43.12214133198117
              ],
              [
                131.8884509086148,
                43.122030934178404
              ]
            ]
          ]
        ]
      }
    },
    {
      "type": "Feature",
      "properties": {
        "fid": 185,
        "Layer": "LINES",
        "Text": "214",
        "id": 185,
        "number": "214",
        "description": "Жилой дом",
        "address": "Приморский край, г. Владивосток, ул. Прапорщика Комарова, д. 19/2",
        "image": [
          "/photo/214.webp"
        ]
      },
      "geometry": {
        "type": "MultiPolygon",
        "coordinates": [
          [
            [
              [
                131.88813345715843,
                43.12209538816366
              ],
              [
                131.88830395258816,
                43.122059803133666
              ],
              [
                131.88834613772792,
                43.12218099643884
              ],
              [
                131.88817522764313,
                43.122213276736545
              ],
              [
                131.88813345715843,
                43.12209538816366
              ]
            ]
          ]
        ]
      }
    },
    {
      "type": "Feature",
      "properties": {
        "fid": 186,
        "Layer": "LINES",
        "Text": "213",
        "id": 184,
        "number": "213",
        "description": "Жилой дом",
        "address": "Приморский край, г. Владивосток, ул. Прапорщика Комарова, 15, стр. А",
        "image": [
          "/photo/213.webp"
        ]
      },
      "geometry": {
        "type": "MultiPolygon",
        "coordinates": [
          [
            [
              [
                131.88712436434588,
                43.1223165926467
              ],
              [
                131.88740073396042,
                43.122257817148046
              ],
              [
                131.88744612114405,
                43.12238249315019
              ],
              [
                131.88725315355677,
                43.1224194986983
              ],
              [
                131.88723031509792,
                43.12243531555638
              ],
              [
                131.8872366980057,
                43.12245031025061
              ],
              [
                131.8872607352449,
                43.12244480247144
              ],
              [
                131.8872808211587,
                43.12250414306652
              ],
              [
                131.88724834267833,
                43.12250989338807
              ],
              [
                131.88720455365487,
                43.12252147142155
              ],
              [
                131.88712436434588,
                43.1223165926467
              ]
            ]
          ]
        ]
      }
    },
    {
      "type": "Feature",
      "properties": {
        "fid": 187,
        "Layer": "LINES",
        "Text": "213",
        "id": 184,
        "number": "213",
        "description": "Жилой дом",
        "address": "Приморский край, г. Владивосток, ул. Прапорщика Комарова, 15, стр. А",
        "image": [
          "/photo/213.webp"
        ]
      },
      "geometry": {
        "type": "MultiPolygon",
        "coordinates": [
          [
            [
              [
                131.88687861597606,
                43.12237422795495
              ],
              [
                131.88712201780456,
                43.122322981278195
              ],
              [
                131.88714927129692,
                43.12239384827989
              ],
              [
                131.88705799567816,
                43.122413121554466
              ],
              [
                131.88708822318065,
                43.12249720392844
              ],
              [
                131.88702966097932,
                43.122508990193815
              ],
              [
                131.8870068074299,
                43.1224532621635
              ],
              [
                131.88692015382517,
                43.12247231144544
              ],
              [
                131.88687861597606,
                43.12237422795495
              ]
            ]
          ]
        ]
      }
    },
    {
      "type": "Feature",
      "properties": {
        "fid": 188,
        "Layer": "LINES",
        "Text": "211",
        "id": 182,
        "number": "211",
        "description": "Жилой дом",
        "address": "Приморский край, г. Владивосток, ул. Прапорщика Комарова, 9, стр. 3",
        "image": [
          "/photo/211.webp"
        ]
      },
      "geometry": {
        "type": "MultiPolygon",
        "coordinates": [
          [
            [
              [
                131.88641913376497,
                43.12245984845866
              ],
              [
                131.886434564149,
                43.12244134404142
              ],
              [
                131.88649889225192,
                43.122429570039344
              ],
              [
                131.88652658778977,
                43.122441422065236
              ],
              [
                131.88656142935648,
                43.1224350449727
              ],
              [
                131.88660498293504,
                43.12256525000873
              ],
              [
                131.88648445986482,
                43.122587309437144
              ],
              [
                131.88647488392442,
                43.12255923634598
              ],
              [
                131.88636758653902,
                43.122578874946605
              ],
              [
                131.8863404827746,
                43.12249941625133
              ],
              [
                131.8863141536014,
                43.12248762768313
              ],
              [
                131.8863379576264,
                43.12245910047353
              ],
              [
                131.88636269832253,
                43.1224701778187
              ],
              [
                131.88641913376497,
                43.12245984845866
              ]
            ]
          ]
        ]
      }
    },
    {
      "type": "Feature",
      "properties": {
        "fid": 189,
        "Layer": "LINES",
        "Text": "210",
        "id": 181,
        "number": "210",
        "description": "Жилой дом",
        "address": "Приморский край, г. Владивосток, ул. Прапорщика Комарова, 9, стр. 1",
        "image": [
          "/photo/210.webp"
        ]
      },
      "geometry": {
        "type": "MultiPolygon",
        "coordinates": [
          [
            [
              [
                131.88600589935942,
                43.122546338996564
              ],
              [
                131.8862372241328,
                43.12250366864301
              ],
              [
                131.88629888158698,
                43.12267137169827
              ],
              [
                131.88614639651823,
                43.12270247883207
              ],
              [
                131.88610203834992,
                43.12259002227522
              ],
              [
                131.88603047024515,
                43.12260262701351
              ],
              [
                131.88600589935942,
                43.122546338996564
              ]
            ]
          ]
        ]
      }
    },
    {
      "type": "Feature",
      "properties": {
        "fid": 190,
        "Layer": "LINES",
        "Text": "209",
        "id": 180,
        "number": "209",
        "description": "Жилой дом",
        "address": "Приморский край, г. Владивосток, ул. Прапорщика Комарова ул., 7, стр.2",
        "image": [
          "/photo/209.webp"
        ]
      },
      "geometry": {
        "type": "MultiPolygon",
        "coordinates": [
          [
            [
              [
                131.88582724403162,
                43.12256616978205
              ],
              [
                131.88599492083543,
                43.12253150220781
              ],
              [
                131.88605282038623,
                43.122671829922304
              ],
              [
                131.8859071719773,
                43.12270372321366
              ],
              [
                131.88588543398,
                43.12269528433684
              ],
              [
                131.88587024549793,
                43.12265581496671
              ],
              [
                131.88586148487812,
                43.12265759577639
              ],
              [
                131.88582724403162,
                43.12256616978205
              ]
            ]
          ]
        ]
      }
    },
    {
      "type": "Feature",
      "properties": {
        "fid": 191,
        "Layer": "LINES",
        "Text": "208",
        "id": 179,
        "number": "208",
        "description": "Синагога",
        "address": "Приморский край, г. Владивосток, ул. Прапорщика Комарова, д. 5",
        "image": [
          "/photo/208.webp"
        ]
      },
      "geometry": {
        "type": "MultiPolygon",
        "coordinates": [
          [
            [
              [
                131.8854810679229,
                43.12263990399102
              ],
              [
                131.8857165377455,
                43.12258973197144
              ],
              [
                131.88579044268317,
                43.122776814444
              ],
              [
                131.88568962654935,
                43.122798988697674
              ],
              [
                131.88567732098403,
                43.12276896860127
              ],
              [
                131.88554577852815,
                43.12279749236414
              ],
              [
                131.8854810679229,
                43.12263990399102
              ]
            ]
          ]
        ]
      }
    },
    {
      "type": "Feature",
      "properties": {
        "fid": 192,
        "Layer": "LINES",
        "Text": "207",
        "id": 178,
        "number": "207",
        "description": "Жилой дом почтового ведомства",
        "address": "Приморский край, г. Владивосток, Почтовый пер., 7А",
        "image": [
          "/photo/207.webp"
        ]
      },
      "geometry": {
        "type": "MultiPolygon",
        "coordinates": [
          [
            [
              [
                131.89083969983068,
                43.11538462341305
              ],
              [
                131.89082613140286,
                43.11549845580238
              ],
              [
                131.89093720428386,
                43.11550614706777
              ],
              [
                131.89094603218885,
                43.115447084912994
              ],
              [
                131.89098580610832,
                43.11544967481311
              ],
              [
                131.89099153059502,
                43.11539451555915
              ],
              [
                131.89083969983068,
                43.11538462341305
              ]
            ]
          ]
        ]
      }
    },
    {
      "type": "Feature",
      "properties": {
        "fid": 193,
        "Layer": "LINES",
        "Text": "206",
        "id": 177,
        "number": "206",
        "description": "Доходный дом",
        "address": "Приморский край, г. Владивосток, Почтовый пер., 7",
        "image": [
          "/photo/206.webp"
        ]
      },
      "geometry": {
        "type": "MultiPolygon",
        "coordinates": [
          [
            [
              [
                131.89096599052584,
                43.11554601270235
              ],
              [
                131.89087863487035,
                43.115539019462005
              ],
              [
                131.8908706159128,
                43.11560349604569
              ],
              [
                131.89133658037343,
                43.11564091769957
              ],
              [
                131.8913548555939,
                43.115543810989394
              ],
              [
                131.8909715547161,
                43.1155101880687
              ],
              [
                131.89096599052584,
                43.11554601270235
              ]
            ]
          ]
        ]
      }
    },
    {
      "type": "Feature",
      "properties": {
        "fid": 194,
        "Layer": "LINES",
        "Text": "205",
        "id": 176,
        "number": "205",
        "description": "Жилой дом почтового ведомства",
        "address": "Приморский край, г. Владивосток, Почтовый пер., 5б",
        "image": [
          "/photo/205.webp"
        ]
      },
      "geometry": {
        "type": "MultiPolygon",
        "coordinates": [
          [
            [
              [
                131.89014829380028,
                43.11548083816401
              ],
              [
                131.8901767848591,
                43.11555208222421
              ],
              [
                131.89019727557522,
                43.1155475702743
              ],
              [
                131.89020844512714,
                43.11557477190867
              ],
              [
                131.89026831696918,
                43.11556202733244
              ],
              [
                131.89025283692942,
                43.11552299714286
              ],
              [
                131.89026925513394,
                43.11551919570094
              ],
              [
                131.89027637339333,
                43.11553576393088
              ],
              [
                131.8903743544683,
                43.11551441369442
              ],
              [
                131.89036462474735,
                43.115490573552016
              ],
              [
                131.89034762709207,
                43.115494177587934
              ],
              [
                131.89032623522525,
                43.11544188484951
              ],
              [
                131.89014829380028,
                43.11548083816401
              ]
            ]
          ]
        ]
      }
    },
    {
      "type": "Feature",
      "properties": {
        "fid": 195,
        "Layer": "LINES",
        "Text": "204",
        "id": 175,
        "number": "204",
        "description": "Жилой дом почтового ведомства",
        "address": "Приморский край, г. Владивосток, пер. Почтовый, д. 5",
        "image": [
          "/photo/204.webp"
        ]
      },
      "geometry": {
        "type": "MultiPolygon",
        "coordinates": [
          [
            [
              [
                131.88993955842676,
                43.11542637803402
              ],
              [
                131.89000925119154,
                43.11557648730434
              ],
              [
                131.890110356703,
                43.11555129379987
              ],
              [
                131.89008106910853,
                43.1154878091864
              ],
              [
                131.89009826773818,
                43.11548355083473
              ],
              [
                131.89009194465496,
                43.11546984473199
              ],
              [
                131.8901631408943,
                43.11545549072163
              ],
              [
                131.8901641543888,
                43.115458155143315
              ],
              [
                131.89036478815785,
                43.115417195340925
              ],
              [
                131.8903703667853,
                43.11543168627461
              ],
              [
                131.89049323568847,
                43.11540652261139
              ],
              [
                131.89047341612357,
                43.115354436257384
              ],
              [
                131.89008045263557,
                43.11543429163249
              ],
              [
                131.89004140217276,
                43.11544402226008
              ],
              [
                131.8900234992265,
                43.115405461650894
              ],
              [
                131.88993955842676,
                43.11542637803402
              ]
            ]
          ]
        ]
      }
    },
    {
      "type": "Feature",
      "properties": {
        "fid": 196,
        "Layer": "LINES",
        "Text": "201",
        "id": 172,
        "number": "201",
        "description": "Жилой дом",
        "address": "Приморский край, г. Владивосток, ул. Пологая, 69",
        "image": [
          "/photo/201.webp"
        ]
      },
      "geometry": {
        "type": "MultiPolygon",
        "coordinates": [
          [
            [
              [
                131.89072682882698,
                43.12040591078329
              ],
              [
                131.8908847313672,
                43.120375437820094
              ],
              [
                131.8909382021366,
                43.1205559272963
              ],
              [
                131.8907788071938,
                43.12058136420737
              ],
              [
                131.89072682882698,
                43.12040591078329
              ]
            ]
          ]
        ]
      }
    },
    {
      "type": "Feature",
      "properties": {
        "fid": 197,
        "Layer": "LINES",
        "Text": "200",
        "id": 171,
        "number": "200",
        "description": "Жилой особняк И.Лангелитье",
        "address": "Приморский край, г. Владивосток, ул. Пологая, 67",
        "image": [
          "/photo/200.webp"
        ]
      },
      "geometry": {
        "type": "MultiPolygon",
        "coordinates": [
          [
            [
              [
                131.8902272605522,
                43.12065029300446
              ],
              [
                131.89022139360193,
                43.12063056583432
              ],
              [
                131.89022473630445,
                43.120630032371146
              ],
              [
                131.89021714436808,
                43.12060450505288
              ],
              [
                131.89031089843365,
                43.12058954276094
              ],
              [
                131.890317559239,
                43.12061193910717
              ],
              [
                131.89033344168428,
                43.1206094044057
              ],
              [
                131.8903358743407,
                43.120617561679566
              ],
              [
                131.89041268771868,
                43.120605302891995
              ],
              [
                131.89045024707974,
                43.12073159180438
              ],
              [
                131.89032617399138,
                43.12075139282887
              ],
              [
                131.8903223356756,
                43.120738486882495
              ],
              [
                131.89018612308897,
                43.12076022509917
              ],
              [
                131.89015677431323,
                43.12066154190639
              ],
              [
                131.8902272605522,
                43.12065029300446
              ]
            ]
          ]
        ]
      }
    },
    {
      "type": "Feature",
      "properties": {
        "fid": 198,
        "Layer": "LINES",
        "Text": "199",
        "id": 170,
        "number": "199",
        "description": "Здание духовной консистории Владивостокской епархии",
        "address": "Приморский край, г. Владивосток, ул. Пологая, 65",
        "image": [
          "/photo/199.webp"
        ]
      },
      "geometry": {
        "type": "MultiPolygon",
        "coordinates": [
          [
            [
              [
                131.88966170464008,
                43.12062958307223
              ],
              [
                131.8897427133838,
                43.120614113737304
              ],
              [
                131.88973961374134,
                43.120605403489776
              ],
              [
                131.88974208664968,
                43.12060467119088
              ],
              [
                131.88974082043757,
                43.12060111303147
              ],
              [
                131.8897910406265,
                43.12059152300905
              ],
              [
                131.88979230684146,
                43.12059508116789
              ],
              [
                131.88979422005175,
                43.12059471582169
              ],
              [
                131.88979740636302,
                43.1206036695932
              ],
              [
                131.88988165762945,
                43.120587580955046
              ],
              [
                131.8898755726319,
                43.12057048172387
              ],
              [
                131.8898861023448,
                43.12056847096298
              ],
              [
                131.8898866242139,
                43.120569937448074
              ],
              [
                131.88994376860387,
                43.12055902509833
              ],
              [
                131.88994324673354,
                43.1205575586135
              ],
              [
                131.88995523316038,
                43.120555269669325
              ],
              [
                131.889980730739,
                43.120626919165424
              ],
              [
                131.89000655504216,
                43.120621987716646
              ],
              [
                131.8900176197509,
                43.12065308002162
              ],
              [
                131.89001465030876,
                43.120653647071244
              ],
              [
                131.89002469502816,
                43.120681873138174
              ],
              [
                131.88967803386487,
                43.12074807152855
              ],
              [
                131.88968066551374,
                43.120755466680876
              ],
              [
                131.8895976195445,
                43.12077132495589
              ],
              [
                131.88958494336987,
                43.12073570369763
              ],
              [
                131.88958275116312,
                43.1207361223156
              ],
              [
                131.88957124383802,
                43.12070378559546
              ],
              [
                131.88959903951738,
                43.12069847780244
              ],
              [
                131.8895740562889,
                43.120628272431006
              ],
              [
                131.88965569081284,
                43.12061268366409
              ],
              [
                131.88966170464008,
                43.12062958307223
              ]
            ]
          ]
        ]
      }
    },
    {
      "type": "Feature",
      "properties": {
        "fid": 199,
        "Layer": "LINES",
        "Text": "198",
        "id": 169,
        "number": "198",
        "description": "Жилой дом",
        "address": "Приморский край, г. Владивосток, ул. Пологая, 46",
        "image": [
          "/photo/198.webp"
        ]
      },
      "geometry": {
        "type": "MultiPolygon",
        "coordinates": [
          [
            [
              [
                131.88563499641492,
                43.121071025409805
              ],
              [
                131.88589041561488,
                43.12102364131276
              ],
              [
                131.88592693088583,
                43.12113380727085
              ],
              [
                131.8856728920977,
                43.12118455175637
              ],
              [
                131.88563499641492,
                43.121071025409805
              ]
            ]
          ]
        ]
      }
    },
    {
      "type": "Feature",
      "properties": {
        "fid": 200,
        "Layer": "LINES",
        "Text": "197",
        "id": 168,
        "number": "197",
        "description": "Дом, в котором жил и работал известный общественный деятель края В.П. Маргаритов",
        "address": "Приморский край, г. Владивосток, ул. Пологая, 36",
        "image": [
          "/photo/197.webp"
        ]
      },
      "geometry": {
        "type": "MultiPolygon",
        "coordinates": [
          [
            [
              [
                131.8829673359663,
                43.12125730508403
              ],
              [
                131.88304412236099,
                43.12145835058507
              ],
              [
                131.88305811369102,
                43.12145548312117
              ],
              [
                131.8830781680286,
                43.12150799000877
              ],
              [
                131.88307110103733,
                43.12150943835901
              ],
              [
                131.88310157759588,
                43.12158895143053
              ],
              [
                131.88310887678972,
                43.12158748365725
              ],
              [
                131.8831266514521,
                43.12163661749672
              ],
              [
                131.8830222154743,
                43.12165701602226
              ],
              [
                131.8829936788217,
                43.121577991618565
              ],
              [
                131.88301730958722,
                43.12157352021014
              ],
              [
                131.88299642396544,
                43.12151549517703
              ],
              [
                131.88297316349477,
                43.12152005281893
              ],
              [
                131.88287973491393,
                43.121274134723286
              ],
              [
                131.8829673359663,
                43.12125730508403
              ]
            ]
          ]
        ]
      }
    },
    {
      "type": "Feature",
      "properties": {
        "fid": 201,
        "Layer": "LINES",
        "Text": "196",
        "id": 167,
        "number": "196",
        "description": "Жилой дом",
        "address": "Приморский край, г. Владивосток, ул. Пологая, 19",
        "image": [
          "/photo/196.webp"
        ]
      },
      "geometry": {
        "type": "MultiPolygon",
        "coordinates": [
          [
            [
              [
                131.88084181798874,
                43.12264909480644
              ],
              [
                131.88088027870143,
                43.12275112676448
              ],
              [
                131.88077712913645,
                43.12277093805775
              ],
              [
                131.88074114088255,
                43.12266848460627
              ],
              [
                131.88084181798874,
                43.12264909480644
              ]
            ]
          ]
        ]
      }
    },
    {
      "type": "Feature",
      "properties": {
        "fid": 202,
        "Layer": "LINES",
        "Text": "195",
        "id": 166,
        "number": "195",
        "description": "Доходный дом",
        "address": "Приморский край, г. Владивосток, ул. Пологая, 17, стр. 1",
        "image": [
          "/photo/195.webp"
        ]
      },
      "geometry": {
        "type": "MultiPolygon",
        "coordinates": [
          [
            [
              [
                131.88062165396855,
                43.122392569664235
              ],
              [
                131.88075079009215,
                43.12274848962808
              ],
              [
                131.88067583599897,
                43.122764574018746
              ],
              [
                131.88058723041243,
                43.12252157200321
              ],
              [
                131.88038453443343,
                43.12256306752372
              ],
              [
                131.88039139356223,
                43.12258127983789
              ],
              [
                131.88033831960558,
                43.12259193453058
              ],
              [
                131.88033141378193,
                43.12257340085989
              ],
              [
                131.8802517655541,
                43.12258932516964
              ],
              [
                131.88020914222182,
                43.12247493311907
              ],
              [
                131.88062165396855,
                43.122392569664235
              ]
            ]
          ]
        ]
      }
    },
    {
      "type": "Feature",
      "properties": {
        "fid": 203,
        "Layer": "LINES",
        "Text": "194",
        "id": 165,
        "number": "194",
        "description": "Жилой дом",
        "address": "Приморский край, г. Владивосток, ул. Пологая, 16",
        "image": [
          "/photo/194.webp"
        ]
      },
      "geometry": {
        "type": "MultiPolygon",
        "coordinates": [
          [
            [
              [
                131.88019195420307,
                43.12215687903251
              ],
              [
                131.88023628367577,
                43.122270538314694
              ],
              [
                131.8800012928225,
                43.12231421016722
              ],
              [
                131.87997630381153,
                43.12224646058937
              ],
              [
                131.8800261607764,
                43.1222361334818
              ],
              [
                131.8800134277623,
                43.122203148644026
              ],
              [
                131.88006583372353,
                43.12218561470865
              ],
              [
                131.88006400984378,
                43.12218025907948
              ],
              [
                131.88019195420307,
                43.12215687903251
              ]
            ]
          ]
        ]
      }
    },
    {
      "type": "Feature",
      "properties": {
        "fid": 204,
        "Layer": "LINES",
        "Text": null
      },
      "geometry": {
        "type": "MultiPolygon",
        "coordinates": [
          [
            [
              [
                131.89108896907953,
                43.12516253229273
              ],
              [
                131.89104000615248,
                43.12505446950879
              ],
              [
                131.89113831628546,
                43.125054563334515
              ],
              [
                131.89108896907953,
                43.12516253229273
              ]
            ]
          ]
        ]
      }
    },
    {
      "type": "Feature",
      "properties": {
        "fid": 205,
        "Layer": "LINES",
        "Text": "186",
        "id": 157,
        "number": "186",
        "description": "Дом доходный",
        "address": "Приморрский край, г. Владивосток, ул. Пограничная, 12 а",
        "image": [
          "/photo/186.webp"
        ]
      },
      "geometry": {
        "type": "MultiPolygon",
        "coordinates": [
          [
            [
              [
                131.88153393929903,
                43.11984754700022
              ],
              [
                131.88129027277827,
                43.11990952787964
              ],
              [
                131.88092988999756,
                43.119997493064815
              ],
              [
                131.88086376688446,
                43.1198492291587
              ],
              [
                131.88146685502102,
                43.11970157564381
              ],
              [
                131.88153393929903,
                43.11984754700022
              ]
            ]
          ]
        ]
      }
    },
    {
      "type": "Feature",
      "properties": {
        "fid": 206,
        "Layer": "LINES",
        "Text": "189",
        "id": 160,
        "number": "189",
        "description": "Дом доходный Ван-тын-сина",
        "address": "Приморский край, г. Владивосток, ул. Пограничная, 12 в",
        "image": [
          "/photo/189.webp"
        ]
      },
      "geometry": {
        "type": "MultiPolygon",
        "coordinates": [
          [
            [
              [
                131.88175707377854,
                43.120069348442584
              ],
              [
                131.88154769609994,
                43.120128833541045
              ],
              [
                131.88150149787694,
                43.120040873763095
              ],
              [
                131.8816852868707,
                43.1199960793016
              ],
              [
                131.88165916043994,
                43.119939211926344
              ],
              [
                131.8817053010903,
                43.11992760649428
              ],
              [
                131.88176599671533,
                43.12005975659412
              ],
              [
                131.88175707377854,
                43.120069348442584
              ]
            ]
          ]
        ]
      }
    },
    {
      "type": "Feature",
      "properties": {
        "fid": 207,
        "Layer": "LINES",
        "Text": "190",
        "id": 161,
        "number": "190",
        "description": "Доходный дом Ван-тын-сина",
        "address": "Пограничная ул, 12 г",
        "image": [
          "/photo/190.webp"
        ]
      },
      "geometry": {
        "type": "MultiPolygon",
        "coordinates": [
          [
            [
              [
                131.88154222253826,
                43.12011756830409
              ],
              [
                131.88128079497363,
                43.12019197089111
              ],
              [
                131.881226637871,
                43.120089988473495
              ],
              [
                131.88133796984545,
                43.12005826233701
              ],
              [
                131.8813297790926,
                43.12004283847539
              ],
              [
                131.88137287590075,
                43.1200305571932
              ],
              [
                131.8813810666628,
                43.12004598105169
              ],
              [
                131.88148802394716,
                43.120015501379584
              ],
              [
                131.88154222253826,
                43.12011756830409
              ]
            ]
          ]
        ]
      }
    },
    {
      "type": "Feature",
      "properties": {
        "fid": 208,
        "Layer": "LINES",
        "Text": "192",
        "id": 163,
        "number": "192",
        "description": "Здание китайского театра",
        "address": "Приморский край, г. Владивосток, Пограничная ул, 12Б",
        "image": [
          "/photo/192.webp"
        ]
      },
      "geometry": {
        "type": "MultiPolygon",
        "coordinates": [
          [
            [
              [
                131.88190647534748,
                43.11988071126822
              ],
              [
                131.88165782787542,
                43.11993913221962
              ],
              [
                131.8815160607358,
                43.119645978156946
              ],
              [
                131.88176391928806,
                43.11958559396812
              ],
              [
                131.88190647534748,
                43.11988071126822
              ]
            ]
          ]
        ]
      }
    },
    {
      "type": "Feature",
      "properties": {
        "fid": 209,
        "Layer": "LINES",
        "Text": "187",
        "id": 158,
        "number": "187",
        "description": "Доходный дом Сигитаро-Такунаго",
        "address": "Приморский край, г. Владивосток, ул. Пограничная, 12 (ул. Семеновская, 3) стр. Д",
        "image": [
          "/photo/187.webp"
        ]
      },
      "geometry": {
        "type": "MultiPolygon",
        "coordinates": [
          [
            [
              [
                131.88126892981398,
                43.119666841052535
              ],
              [
                131.88118527989192,
                43.119686617228496
              ],
              [
                131.8810277039972,
                43.11922609076389
              ],
              [
                131.88126920834162,
                43.11917761546123
              ],
              [
                131.88133477275872,
                43.1193989474947
              ],
              [
                131.88142122835788,
                43.11962593598836
              ],
              [
                131.88132718306028,
                43.11964653786493
              ],
              [
                131.8812117946581,
                43.11935111223747
              ],
              [
                131.88117151018272,
                43.11935780995088
              ],
              [
                131.88126892981398,
                43.119666841052535
              ]
            ]
          ]
        ]
      }
    },
    {
      "type": "Feature",
      "properties": {
        "fid": 210,
        "Layer": "LINES",
        "Text": "191",
        "id": 162,
        "number": "191",
        "description": "Дом Ван-тын-сина",
        "address": "Приморский край, г. Владивосток, Пограничная ул, 12 (Семеновская ул., 3) стр. А, Б)",
        "image": [
          "/photo/191.webp"
        ]
      },
      "geometry": {
        "type": "MultiPolygon",
        "coordinates": [
          [
            [
              [
                131.8808785526359,
                43.1200971416386
              ],
              [
                131.88096365259312,
                43.12030142360708
              ],
              [
                131.88077016874763,
                43.120356327256935
              ],
              [
                131.88068345799138,
                43.12013248469638
              ],
              [
                131.8805657800465,
                43.11982135181512
              ],
              [
                131.880764356575,
                43.119780915477065
              ],
              [
                131.88086544412772,
                43.12005034039058
              ],
              [
                131.88091622888163,
                43.12004004167856
              ],
              [
                131.8809330102846,
                43.120084448073044
              ],
              [
                131.8808785526359,
                43.1200971416386
              ]
            ]
          ]
        ]
      }
    },
    {
      "type": "Feature",
      "properties": {
        "fid": 211,
        "Layer": "LINES",
        "Text": "185",
        "id": 156,
        "number": "185",
        "description": "Дом К.Ф. Ильницкого",
        "address": "г. Владивосток, Пограничная ул, 10",
        "image": [
          "/photo/185.webp"
        ]
      },
      "geometry": {
        "type": "MultiPolygon",
        "coordinates": [
          [
            [
              [
                131.88072208721098,
                43.119789281560486
              ],
              [
                131.8805657800465,
                43.11982135181512
              ],
              [
                131.8804513529046,
                43.119511109790956
              ],
              [
                131.8806080511953,
                43.11948009574489
              ],
              [
                131.88072208721098,
                43.119789281560486
              ]
            ]
          ]
        ]
      }
    },
    {
      "type": "Feature",
      "properties": {
        "fid": 212,
        "Layer": "LINES",
        "Text": "183",
        "id": 154,
        "number": "183",
        "description": "Дом А.Д.Старцева",
        "address": "Приморский край, г. Владивосток, ул. Пограничная, 2",
        "image": [
          "/photo/183.webp"
        ]
      },
      "geometry": {
        "type": "MultiPolygon",
        "coordinates": [
          [
            [
              [
                131.87997415836537,
                43.1174281477441
              ],
              [
                131.88000102366328,
                43.11749943019325
              ],
              [
                131.8797422020699,
                43.11754618139045
              ],
              [
                131.87967441020456,
                43.11736679452957
              ],
              [
                131.8801751164731,
                43.11727093640125
              ],
              [
                131.8802158849817,
                43.11737937661044
              ],
              [
                131.87997415836537,
                43.1174281477441
              ]
            ]
          ]
        ]
      }
    },
    {
      "type": "Feature",
      "properties": {
        "fid": 213,
        "Layer": "LINES",
        "Text": null
      },
      "geometry": {
        "type": "MultiPolygon",
        "coordinates": [
          [
            [
              [
                131.89241536151434,
                43.11344210399774
              ],
              [
                131.89236640555492,
                43.1133340415667
              ],
              [
                131.89246469693006,
                43.11333413423279
              ],
              [
                131.89241536151434,
                43.11344210399774
              ]
            ]
          ]
        ]
      }
    },
    {
      "type": "Feature",
      "properties": {
        "fid": 214,
        "Layer": "LINES",
        "Text": "180",
        "id": 151,
        "number": "180",
        "description": "Здание Нового театра (к-р \"Приморье\")",
        "address": "Приморский край, г. Владивосток, ул. Петра Великого, 8",
        "image": [
          "/photo/180.webp"
        ]
      },
      "geometry": {
        "type": "MultiPolygon",
        "coordinates": [
          [
            [
              [
                131.89256879586497,
                43.11389328024871
              ],
              [
                131.89261666035415,
                43.11405701806981
              ],
              [
                131.89300800420085,
                43.11399467486854
              ],
              [
                131.89300261406453,
                43.11397772266031
              ],
              [
                131.89309408490615,
                43.113962112351054
              ],
              [
                131.89319266134734,
                43.113945289317556
              ],
              [
                131.8931833301052,
                43.11391594242682
              ],
              [
                131.89322415832274,
                43.113908974664824
              ],
              [
                131.89319087520124,
                43.11382399842051
              ],
              [
                131.89315738573848,
                43.113829713746235
              ],
              [
                131.8931462077804,
                43.113794558770465
              ],
              [
                131.8930462890731,
                43.11381179270476
              ],
              [
                131.89256879586497,
                43.11389328024871
              ]
            ]
          ]
        ]
      }
    },
    {
      "type": "Feature",
      "properties": {
        "fid": 215,
        "Layer": "LINES",
        "Text": "179",
        "id": 150,
        "number": "179",
        "description": "Здание музея Общества изучения Амурского края – старейшего музея Дальнего Востока",
        "address": "Петра Великого ул., 6",
        "image": [
          "/photo/179.webp"
        ]
      },
      "geometry": {
        "type": "MultiPolygon",
        "coordinates": [
          [
            [
              [
                131.89251401508605,
                43.11368199522026
              ],
              [
                131.89256082637385,
                43.11383836594008
              ],
              [
                131.89310419723472,
                43.11375105754256
              ],
              [
                131.89305727043492,
                43.113594305591626
              ],
              [
                131.89251401508605,
                43.11368199522026
              ]
            ]
          ]
        ]
      }
    },
    {
      "type": "Feature",
      "properties": {
        "fid": 216,
        "Layer": "LINES",
        "Text": "177",
        "id": 148,
        "number": "177",
        "description": "Дом, в котором в 1919-1925 гг. жил известный исследователь края Арсеньев В.К",
        "address": "Приморский край, г. Владивосток, ул. Петра Великого, 2 лит. А",
        "image": [
          "/photo/177.webp"
        ]
      },
      "geometry": {
        "type": "MultiPolygon",
        "coordinates": [
          [
            [
              [
                131.8926955801366,
                43.11314302704259
              ],
              [
                131.89266077568047,
                43.113039016698714
              ],
              [
                131.89268792001192,
                43.113014095568666
              ],
              [
                131.89262430948747,
                43.11299419881325
              ],
              [
                131.89262449202982,
                43.11301119975128
              ],
              [
                131.89246075896003,
                43.11303598146343
              ],
              [
                131.89242883170857,
                43.11291565219711
              ],
              [
                131.89273776516552,
                43.11286579306818
              ],
              [
                131.89280365896306,
                43.11289441570019
              ],
              [
                131.8928179296154,
                43.11294691722198
              ],
              [
                131.89283217949176,
                43.11294759096868
              ],
              [
                131.8928817591066,
                43.11310958766449
              ],
              [
                131.8926955801366,
                43.11314302704259
              ]
            ]
          ]
        ]
      }
    },
    {
      "type": "Feature",
      "properties": {
        "fid": 217,
        "Layer": "LINES",
        "Text": "176",
        "id": 147,
        "number": "176",
        "description": "Педагогический техникум",
        "address": "Приморский край, г. Владивосток, Океанский пр-кт, 37",
        "image": [
          "/photo/176.webp"
        ]
      },
      "geometry": {
        "type": "MultiPolygon",
        "coordinates": [
          [
            [
              [
                131.88781018454,
                43.1246165840698
              ],
              [
                131.88820288475998,
                43.12454591162381
              ],
              [
                131.8882088814348,
                43.124563789667874
              ],
              [
                131.8882489271828,
                43.12455643646708
              ],
              [
                131.88829242105984,
                43.12456089526927
              ],
              [
                131.88834066825422,
                43.124574674121845
              ],
              [
                131.88840376973738,
                43.12460694190053
              ],
              [
                131.8884425715517,
                43.12464214146929
              ],
              [
                131.88845181235496,
                43.12466884494092
              ],
              [
                131.88847558725894,
                43.12466833680538
              ],
              [
                131.8885236519918,
                43.1247999472779
              ],
              [
                131.88836742493018,
                43.12482785219134
              ],
              [
                131.88832683445935,
                43.12469786153021
              ],
              [
                131.88828180426844,
                43.12470625237312
              ],
              [
                131.8882395964671,
                43.12469777613237
              ],
              [
                131.8878587672146,
                43.124764370699296
              ],
              [
                131.88781018454,
                43.1246165840698
              ]
            ]
          ]
        ]
      }
    },
    {
      "type": "Feature",
      "properties": {
        "fid": 218,
        "Layer": "LINES",
        "Text": "175",
        "id": 146,
        "number": "175",
        "description": "Детская больница",
        "address": "Приморский край, Владивостокский городской округ, г. Владивосток, Океанский проспект, 35",
        "image": [
          "/photo/175.webp"
        ]
      },
      "geometry": {
        "type": "MultiPolygon",
        "coordinates": [
          [
            [
              [
                131.88794598541895,
                43.12355410980925
              ],
              [
                131.88811857357874,
                43.12352162650785
              ],
              [
                131.88813433555887,
                43.123564927548706
              ],
              [
                131.88812955817423,
                43.12356584426356
              ],
              [
                131.88817590413356,
                43.12369175697449
              ],
              [
                131.8881804790299,
                43.12369071077678
              ],
              [
                131.8881947868426,
                43.123730768203
              ],
              [
                131.8880766300918,
                43.12375429097902
              ],
              [
                131.88811012099495,
                43.12384453080734
              ],
              [
                131.88822568761236,
                43.12382151764959
              ],
              [
                131.8882360169676,
                43.12384694365479
              ],
              [
                131.88822908951144,
                43.12384838522937
              ],
              [
                131.88825680310458,
                43.12392408430483
              ],
              [
                131.8882618548379,
                43.12392308081852
              ],
              [
                131.88827239604538,
                43.12395378873916
              ],
              [
                131.88799679923505,
                43.12400948590673
              ],
              [
                131.88798667627216,
                43.12398220996652
              ],
              [
                131.88793360146317,
                43.1239927787959
              ],
              [
                131.88789451619402,
                43.123887464536544
              ],
              [
                131.88803076945626,
                43.123860332260534
              ],
              [
                131.88794326528892,
                43.12360309436081
              ],
              [
                131.8879615152522,
                43.12359976338986
              ],
              [
                131.88794598541895,
                43.12355410980925
              ]
            ]
          ]
        ]
      }
    },
    {
      "type": "Feature",
      "properties": {
        "fid": 219,
        "Layer": "LINES",
        "Text": "174",
        "id": 145,
        "number": "174",
        "description": "Жилой дом",
        "address": "Приморский край, г. Владивосток, Океанский пр., 28/54",
        "image": [
          "/photo/174.webp"
        ]
      },
      "geometry": {
        "type": "MultiPolygon",
        "coordinates": [
          [
            [
              [
                131.88746163744173,
                43.12082910045386
              ],
              [
                131.8874283096772,
                43.120835682561136
              ],
              [
                131.88736432126208,
                43.120670980986354
              ],
              [
                131.88745587539654,
                43.12065194530792
              ],
              [
                131.88751750695198,
                43.120639130921056
              ],
              [
                131.88754850604047,
                43.12071854916411
              ],
              [
                131.88758116543562,
                43.12071170776314
              ],
              [
                131.88760910601368,
                43.12078883961898
              ],
              [
                131.8875786966786,
                43.12079516813903
              ],
              [
                131.88758235256734,
                43.12080525958105
              ],
              [
                131.88755936285415,
                43.120810214589255
              ],
              [
                131.88752957627096,
                43.12081568275823
              ],
              [
                131.8875365978357,
                43.12083476062159
              ],
              [
                131.88746895866223,
                43.12084811913663
              ],
              [
                131.88746163744173,
                43.12082910045386
              ]
            ]
          ]
        ]
      }
    },
    {
      "type": "Feature",
      "properties": {
        "fid": 220,
        "Layer": "LINES",
        "Text": "173",
        "id": 144,
        "number": "173",
        "description": "Здание гостиницы \"Сибирское подворье\", связанное с пребыванием во Владивостоке известных ученых: профессора П. В. Виттенбурга, академика В. Л. Комарова, певицы А. Вяльцевой",
        "address": "Приморский край, г. Владивосток, Океанский пр-кт, 26",
        "image": [
          "/photo/173.webp"
        ]
      },
      "geometry": {
        "type": "MultiPolygon",
        "coordinates": [
          [
            [
              [
                131.8872630052263,
                43.1203669789352
              ],
              [
                131.8874344593241,
                43.120333403346905
              ],
              [
                131.88751760436398,
                43.120570974044206
              ],
              [
                131.88734261826818,
                43.12060555433816
              ],
              [
                131.8872630052263,
                43.1203669789352
              ]
            ]
          ]
        ]
      }
    },
    {
      "type": "Feature",
      "properties": {
        "fid": 221,
        "Layer": "LINES",
        "Text": "172",
        "id": 143,
        "number": "172",
        "description": "Здания Владивостокского телеграфа",
        "address": "Океанский пр.,24, лит.А",
        "image": [
          "/photo/172.webp"
        ]
      },
      "geometry": {
        "type": "MultiPolygon",
        "coordinates": [
          [
            [
              [
                131.88717069760335,
                43.12011066253711
              ],
              [
                131.8871552325211,
                43.120064162093875
              ],
              [
                131.88716189850072,
                43.12006297242478
              ],
              [
                131.88711795681505,
                43.11993084811411
              ],
              [
                131.88714372652834,
                43.11989965423729
              ],
              [
                131.88734609095843,
                43.11986245163541
              ],
              [
                131.88741580703126,
                43.12006267416723
              ],
              [
                131.88736958913907,
                43.1200712698561
              ],
              [
                131.88717069760335,
                43.12011066253711
              ]
            ]
          ]
        ]
      }
    },
    {
      "type": "Feature",
      "properties": {
        "fid": 222,
        "Layer": "LINES",
        "Text": "171",
        "id": 142,
        "number": "171",
        "description": "Здание гостиницы \"Красный Владивосток\"",
        "address": "Приморский край, г. Владивосток, Океанский пр., 19, лит.А",
        "image": [
          "/photo/171.webp"
        ]
      },
      "geometry": {
        "type": "MultiPolygon",
        "coordinates": [
          [
            [
              [
                131.88669600065987,
                43.12018888079217
              ],
              [
                131.8866336233358,
                43.120164695245236
              ],
              [
                131.88650332609618,
                43.12018976951023
              ],
              [
                131.8864524620502,
                43.12005316851693
              ],
              [
                131.8866476632102,
                43.12001474678561
              ],
              [
                131.88664375795156,
                43.120000250741434
              ],
              [
                131.88682832518327,
                43.11996415161326
              ],
              [
                131.88687265580333,
                43.12008612469498
              ],
              [
                131.88685537237194,
                43.120089495530046
              ],
              [
                131.8869728609254,
                43.120414522812155
              ],
              [
                131.8869877973736,
                43.12041137957105
              ],
              [
                131.88702359004003,
                43.120505474107404
              ],
              [
                131.88688153722495,
                43.120534273197414
              ],
              [
                131.8868669384657,
                43.12049531167453
              ],
              [
                131.88681008773082,
                43.120506084479985
              ],
              [
                131.88669600065987,
                43.12018888079217
              ]
            ]
          ]
        ]
      }
    },
    {
      "type": "Feature",
      "properties": {
        "fid": 223,
        "Layer": "LINES",
        "Text": "170",
        "id": 141,
        "number": "170",
        "description": "Здание Черепановской школы",
        "address": "Приморский край, г. Владивосток, Океанский пр., 18, лит.А",
        "image": [
          "/photo/170.webp"
        ]
      },
      "geometry": {
        "type": "MultiPolygon",
        "coordinates": [
          [
            [
              [
                131.88694735396606,
                43.11916828463412
              ],
              [
                131.88692170545787,
                43.119173179335945
              ],
              [
                131.88686130719952,
                43.11900333868139
              ],
              [
                131.88688692049868,
                43.11899845069951
              ],
              [
                131.88685791983175,
                43.118916901222704
              ],
              [
                131.88696106068954,
                43.11889825371476
              ],
              [
                131.88708569653153,
                43.1189056353324
              ],
              [
                131.88710649440608,
                43.11896411880911
              ],
              [
                131.88707961955743,
                43.118969247599956
              ],
              [
                131.88712641894264,
                43.11910084678602
              ],
              [
                131.88726274036333,
                43.11907483115576
              ],
              [
                131.88730278743608,
                43.11918744185255
              ],
              [
                131.886977258366,
                43.11925073609717
              ],
              [
                131.88694735396606,
                43.11916828463412
              ]
            ]
          ]
        ]
      }
    },
    {
      "type": "Feature",
      "properties": {
        "fid": 224,
        "Layer": "LINES",
        "Text": "169",
        "id": 140,
        "number": "169",
        "description": "Дом доходный",
        "address": "Приморский край, г. Владивосток, Океанский пр., 13а, стр. Б",
        "image": [
          "/photo/169.webp"
        ]
      },
      "geometry": {
        "type": "MultiPolygon",
        "coordinates": [
          [
            [
              [
                131.8861988304775,
                43.1185927164676
              ],
              [
                131.88636511599927,
                43.11855949607531
              ],
              [
                131.88645409530426,
                43.11881097795294
              ],
              [
                131.88627978024812,
                43.11882252842136
              ],
              [
                131.8861988304775,
                43.1185927164676
              ]
            ]
          ]
        ]
      }
    },
    {
      "type": "Feature",
      "properties": {
        "fid": 225,
        "Layer": "LINES",
        "Text": "168",
        "id": 139,
        "number": "168",
        "description": "Жилой дом",
        "address": "Приморский край, г. Владивосток, Океанский пр., 12",
        "image": [
          "/photo/168.webp"
        ]
      },
      "geometry": {
        "type": "MultiPolygon",
        "coordinates": [
          [
            [
              [
                131.88622957313314,
                43.117169717471555
              ],
              [
                131.8863874588005,
                43.11713553427795
              ],
              [
                131.88640138597677,
                43.11717112583309
              ],
              [
                131.88640826065955,
                43.11716984993617
              ],
              [
                131.88654397763727,
                43.11755234585343
              ],
              [
                131.88658425720934,
                43.117664082936564
              ],
              [
                131.88654891930352,
                43.11767136120027
              ],
              [
                131.88656029639736,
                43.11770270831747
              ],
              [
                131.88643009646384,
                43.117729055018046
              ],
              [
                131.88622957313314,
                43.117169717471555
              ]
            ]
          ]
        ]
      }
    },
    {
      "type": "Feature",
      "properties": {
        "fid": 226,
        "Layer": "LINES",
        "Text": "167",
        "id": 138,
        "number": "167",
        "description": "Дом жилой",
        "address": "Приморский край, г. Владивосток, ул. Адмирала Фокина, 22",
        "image": [
          "/photo/167.webp"
        ]
      },
      "geometry": {
        "type": "MultiPolygon",
        "coordinates": [
          [
            [
              [
                131.88617313838395,
                43.116705950066915
              ],
              [
                131.88660279902675,
                43.11661690123355
              ],
              [
                131.88664089642378,
                43.11671133373492
              ],
              [
                131.8863365327766,
                43.11677485546776
              ],
              [
                131.88633861505406,
                43.11678109360024
              ],
              [
                131.88629249750463,
                43.11678934067547
              ],
              [
                131.8862899352565,
                43.11678217597845
              ],
              [
                131.8862084529236,
                43.11679719432796
              ],
              [
                131.88617313838395,
                43.116705950066915
              ]
            ]
          ]
        ]
      }
    },
    {
      "type": "Feature",
      "properties": {
        "fid": 227,
        "Layer": "LINES",
        "Text": "166",
        "id": 137,
        "number": "166",
        "description": "Дом жилой",
        "address": "Приморский край, г. Владивосток, Океанский пр., 8, стр.А",
        "image": [
          "/photo/166.webp"
        ]
      },
      "geometry": {
        "type": "MultiPolygon",
        "coordinates": [
          [
            [
              [
                131.88594520527164,
                43.116381486364396
              ],
              [
                131.88609662364638,
                43.11635475378447
              ],
              [
                131.88620335357336,
                43.11664322168606
              ],
              [
                131.8861851936756,
                43.11664766911215
              ],
              [
                131.88620510647897,
                43.1166993246198
              ],
              [
                131.88617313838395,
                43.116705950066915
              ],
              [
                131.88620690908039,
                43.11679229379614
              ],
              [
                131.88616903886216,
                43.116797533396394
              ],
              [
                131.88616050575357,
                43.11678263560824
              ],
              [
                131.88611975609726,
                43.11676955537817
              ],
              [
                131.886098691744,
                43.11677369413557
              ],
              [
                131.88609137864762,
                43.11675215388642
              ],
              [
                131.88608602773843,
                43.11675386139432
              ],
              [
                131.88594520527164,
                43.116381486364396
              ]
            ]
          ]
        ]
      }
    },
    {
      "type": "Feature",
      "properties": {
        "fid": 228,
        "Layer": "LINES",
        "Text": "165",
        "id": 136,
        "number": "165",
        "description": "Дом жилой",
        "address": "Приморский край, г. Владивосток, ул. Новоивановская, 3",
        "image": [
          "/photo/165.webp"
        ]
      },
      "geometry": {
        "type": "MultiPolygon",
        "coordinates": [
          [
            [
              [
                131.93442603371074,
                43.111475875974044
              ],
              [
                131.93453386909712,
                43.111421470652566
              ],
              [
                131.93454043233112,
                43.11142861512114
              ],
              [
                131.93553971846325,
                43.11093727274513
              ],
              [
                131.93553479279367,
                43.11093239452653
              ],
              [
                131.93557452977592,
                43.11091265570928
              ],
              [
                131.93558538510015,
                43.110924605095796
              ],
              [
                131.93583270983592,
                43.1108014225777
              ],
              [
                131.93582532901996,
                43.11079477630009
              ],
              [
                131.9358674132833,
                43.110773332979576
              ],
              [
                131.93587467490227,
                43.11078111249988
              ],
              [
                131.93589444469154,
                43.11077075638559
              ],
              [
                131.93596944371413,
                43.110854816857156
              ],
              [
                131.9359911012144,
                43.11084462995345
              ],
              [
                131.93611460366188,
                43.1109773456978
              ],
              [
                131.93609644734155,
                43.110986290502474
              ],
              [
                131.9361258533103,
                43.111018029261935
              ],
              [
                131.93602967488613,
                43.11106497003318
              ],
              [
                131.93600173560966,
                43.11103295063541
              ],
              [
                131.93597693488428,
                43.111045168792316
              ],
              [
                131.93594380656086,
                43.11100884516798
              ],
              [
                131.9359631828598,
                43.11099877263128
              ],
              [
                131.93590594090435,
                43.11093778654801
              ],
              [
                131.93568726485466,
                43.11104640502551
              ],
              [
                131.93567210072172,
                43.11102966964388
              ],
              [
                131.93463414987698,
                43.11153874859645
              ],
              [
                131.9346290486193,
                43.11153317350464
              ],
              [
                131.93452184416861,
                43.11158339110206
              ],
              [
                131.93442603371074,
                43.111475875974044
              ]
            ]
          ]
        ]
      }
    },
    {
      "type": "Feature",
      "properties": {
        "fid": 229,
        "Layer": "LINES",
        "Text": "160",
        "id": 131,
        "number": "160",
        "description": "Доходный дом",
        "address": "Приморский край, г. Владивосток, ул. Мордовцева, д.8",
        "image": [
          "/photo/160.webp"
        ]
      },
      "geometry": {
        "type": "MultiPolygon",
        "coordinates": [
          [
            [
              [
                131.8844441009091,
                43.11928025345234
              ],
              [
                131.8845132926064,
                43.1192902492959
              ],
              [
                131.88451439773453,
                43.11928614416929
              ],
              [
                131.8846801015941,
                43.11931153376164
              ],
              [
                131.8846788857202,
                43.11931731280818
              ],
              [
                131.88487839683023,
                43.119345409781246
              ],
              [
                131.8848764881325,
                43.11935200681592
              ],
              [
                131.88495496235356,
                43.119363199365424
              ],
              [
                131.8849274056896,
                43.11946621701918
              ],
              [
                131.88468494503903,
                43.11943131387801
              ],
              [
                131.88464729850295,
                43.119428093932605
              ],
              [
                131.88441581601415,
                43.119392582575294
              ],
              [
                131.8844441009091,
                43.11928025345234
              ]
            ]
          ]
        ]
      }
    },
    {
      "type": "Feature",
      "properties": {
        "fid": 230,
        "Layer": "LINES",
        "Text": "159",
        "id": 130,
        "number": "159",
        "description": "Канцелярия 2-го округа Приамурского Акцизного Управления",
        "address": "Приморский край, г. Владивосток, ул. Мордовцева, 5",
        "image": [
          "/photo/159.webp"
        ]
      },
      "geometry": {
        "type": "MultiPolygon",
        "coordinates": [
          [
            [
              [
                131.8847898159017,
                43.11974972061118
              ],
              [
                131.88482030117729,
                43.11962122266844
              ],
              [
                131.88509500520988,
                43.119659476221294
              ],
              [
                131.8851060255603,
                43.11972885055837
              ],
              [
                131.8850887161714,
                43.11979696787285
              ],
              [
                131.8849859315356,
                43.11979173092689
              ],
              [
                131.88489305419773,
                43.11977809479678
              ],
              [
                131.88489634754774,
                43.11976455561925
              ],
              [
                131.8847898159017,
                43.11974972061118
              ]
            ]
          ]
        ]
      }
    },
    {
      "type": "Feature",
      "properties": {
        "fid": 231,
        "Layer": "LINES",
        "Text": "158",
        "id": 129,
        "number": "158",
        "description": "Здание, в котором в 1921-1924 гг. размещался Владивостокский (ныне - Дальневосточный) политехнический институт",
        "address": "Приморский край, г. Владивосток, ул. Луговая, 33",
        "image": [
          "/photo/158.webp"
        ]
      },
      "geometry": {
        "type": "MultiPolygon",
        "coordinates": [
          [
            [
              [
                131.9355538951425,
                43.11403662715096
              ],
              [
                131.93512868313962,
                43.11401410726523
              ],
              [
                131.9351487170446,
                43.1138242745424
              ],
              [
                131.93555469834465,
                43.113844593880465
              ],
              [
                131.93554860829235,
                43.113906726120916
              ],
              [
                131.93532960443838,
                43.11389488007102
              ],
              [
                131.93532817194696,
                43.11391098853046
              ],
              [
                131.93532487920925,
                43.113947044444274
              ],
              [
                131.9355613601906,
                43.11395826936095
              ],
              [
                131.9355538951425,
                43.11403662715096
              ]
            ]
          ]
        ]
      }
    },
    {
      "type": "Feature",
      "properties": {
        "fid": 232,
        "Layer": "LINES",
        "Text": "157",
        "id": 128,
        "number": "157",
        "description": "Дом жилой",
        "address": "Приморский край, г. Владивосток, ул. Луговая, 21",
        "image": [
          "/photo/157.webp"
        ]
      },
      "geometry": {
        "type": "MultiPolygon",
        "coordinates": [
          [
            [
              [
                131.93599289687648,
                43.11187540593103
              ],
              [
                131.9359653426245,
                43.11187258060036
              ],
              [
                131.93596466803444,
                43.11187699615412
              ],
              [
                131.9359480889198,
                43.111875366087176
              ],
              [
                131.93594908543244,
                43.11187088726122
              ],
              [
                131.93589458935577,
                43.11186622603243
              ],
              [
                131.93589339967502,
                43.11187172163121
              ],
              [
                131.93587411178922,
                43.111869972588856
              ],
              [
                131.93587714722943,
                43.11185566241158
              ],
              [
                131.93580708048705,
                43.111849143761816
              ],
              [
                131.93581941464436,
                43.11173685617982
              ],
              [
                131.93587129819977,
                43.11174076309278
              ],
              [
                131.9359200326019,
                43.11171829990005
              ],
              [
                131.9359352433319,
                43.111607781552
              ],
              [
                131.9359225615367,
                43.11160679666363
              ],
              [
                131.9359286096583,
                43.11156817880583
              ],
              [
                131.9359422156999,
                43.11156818645855
              ],
              [
                131.9359624090799,
                43.11141499714409
              ],
              [
                131.93595161242106,
                43.11141435844939
              ],
              [
                131.9359565068708,
                43.1113700629974
              ],
              [
                131.93596916653513,
                43.111370637798935
              ],
              [
                131.93598948988821,
                43.111214662389486
              ],
              [
                131.93597844280913,
                43.111213715310534
              ],
              [
                131.93598331797796,
                43.11117369806377
              ],
              [
                131.9359950419139,
                43.1111745224632
              ],
              [
                131.9360029567097,
                43.111110815921826
              ],
              [
                131.93602338706847,
                43.11111212860781
              ],
              [
                131.93602967488613,
                43.11106497003318
              ],
              [
                131.9361258533103,
                43.111018029261935
              ],
              [
                131.93616688416273,
                43.111061764732774
              ],
              [
                131.93615461817626,
                43.1111510387363
              ],
              [
                131.9361669616058,
                43.11115222597577
              ],
              [
                131.93616616088258,
                43.11116484312246
              ],
              [
                131.93615935339724,
                43.11116472335954
              ],
              [
                131.93615341984645,
                43.11122445167717
              ],
              [
                131.93615774321316,
                43.11122476300858
              ],
              [
                131.93615651168247,
                43.111236549268405
              ],
              [
                131.93614161970075,
                43.11123571807691
              ],
              [
                131.93612755442018,
                43.11134802168902
              ],
              [
                131.9361442847624,
                43.11134905782277
              ],
              [
                131.93614310645987,
                43.11136437967443
              ],
              [
                131.93613393690498,
                43.11136382979886
              ],
              [
                131.93612649296566,
                43.11142223502615
              ],
              [
                131.93613175050731,
                43.111422664606124
              ],
              [
                131.93613054698616,
                43.111433408405816
              ],
              [
                131.93611457577214,
                43.11143276935376
              ],
              [
                131.93610204046058,
                43.111544682374586
              ],
              [
                131.93611525961776,
                43.11154548340244
              ],
              [
                131.93610766134887,
                43.11162992619254
              ],
              [
                131.93609017850892,
                43.11162877694776
              ],
              [
                131.9360748220524,
                43.11173847322461
              ],
              [
                131.93608994978374,
                43.11173972667138
              ],
              [
                131.9360884963404,
                43.111751951351636
              ],
              [
                131.93607886150468,
                43.111751450734396
              ],
              [
                131.9360734820178,
                43.11179360369337
              ],
              [
                131.9360810458229,
                43.11179422350623
              ],
              [
                131.93607935119883,
                43.111807272441034
              ],
              [
                131.93607145079486,
                43.111807021788046
              ],
              [
                131.9360690757834,
                43.111827703294914
              ],
              [
                131.9360245100839,
                43.11182493373049
              ],
              [
                131.9359980784539,
                43.11184230600911
              ],
              [
                131.93599289687648,
                43.11187540593103
              ]
            ]
          ]
        ]
      }
    },
    {
      "type": "Feature",
      "properties": {
        "fid": 233,
        "Layer": "LINES",
        "Text": "155",
        "id": 126,
        "number": "155",
        "description": "Склад-холодильник «Унион»",
        "address": "Приморский край, г. Владивосток, Ланинский пер., 4",
        "image": [
          "/photo/155.webp"
        ]
      },
      "geometry": {
        "type": "MultiPolygon",
        "coordinates": [
          [
            [
              [
                131.88315455505253,
                43.11435695593505
              ],
              [
                131.8829290611073,
                43.11440567158367
              ],
              [
                131.882928214905,
                43.114403570177345
              ],
              [
                131.8828453468735,
                43.11442148030255
              ],
              [
                131.88282118314456,
                43.11436243561351
              ],
              [
                131.88290208810312,
                43.11434410515408
              ],
              [
                131.88287550730814,
                43.11427809584522
              ],
              [
                131.88288560992595,
                43.11427591237948
              ],
              [
                131.8827896091905,
                43.11403750820594
              ],
              [
                131.88300699837183,
                43.11399052392212
              ],
              [
                131.8830404970719,
                43.114073712668514
              ],
              [
                131.88304463436077,
                43.11407281847219
              ],
              [
                131.8830470127164,
                43.114078724733915
              ],
              [
                131.88304287542704,
                43.11407961893023
              ],
              [
                131.88305580445837,
                43.11411172607405
              ],
              [
                131.88305906841342,
                43.11411102063222
              ],
              [
                131.88306232010822,
                43.11411673813855
              ],
              [
                131.8830581828165,
                43.11411763233546
              ],
              [
                131.88307114630393,
                43.11414982500348
              ],
              [
                131.8830752835976,
                43.11414893080616
              ],
              [
                131.88307766195902,
                43.11415483706701
              ],
              [
                131.883073524665,
                43.114155731264574
              ],
              [
                131.88308639046514,
                43.11418768130138
              ],
              [
                131.883091035988,
                43.11418804919776
              ],
              [
                131.88309290612554,
                43.114192693364046
              ],
              [
                131.88310124157474,
                43.114224561474714
              ],
              [
                131.8831061553785,
                43.114223499449366
              ],
              [
                131.88312812070762,
                43.114278046466566
              ],
              [
                131.88312320690002,
                43.114279108492866
              ],
              [
                131.88315455505253,
                43.11435695593505
              ]
            ]
          ]
        ]
      }
    },
    {
      "type": "Feature",
      "properties": {
        "fid": 234,
        "Layer": "LINES",
        "Text": "154",
        "id": 125,
        "number": "154",
        "description": "Дом, в котором находилась конспиративная квартира председателя Облревкома   В.Шишкина в 1921 г",
        "address": "Приморский край, г. Владивосток, ул. Лазо, 16",
        "image": [
          "/photo/154.webp"
        ]
      },
      "geometry": {
        "type": "MultiPolygon",
        "coordinates": [
          [
            [
              [
                131.8953431968165,
                43.1160097115657
              ],
              [
                131.8955027274614,
                43.11598294373363
              ],
              [
                131.89553132890907,
                43.116070913126435
              ],
              [
                131.8953706919124,
                43.11609786001059
              ],
              [
                131.8953431968165,
                43.1160097115657
              ]
            ]
          ]
        ]
      }
    },
    {
      "type": "Feature",
      "properties": {
        "fid": 235,
        "Layer": "LINES",
        "Text": "153",
        "id": 124,
        "number": "153",
        "description": "Дом, в котором в 1921 г. размещалась подпольная типография и конспиративная явка Владивостокской организации РКП(б)",
        "address": "Приморский край, г. Владивосток, ул. Лазо, 20",
        "image": [
          "/photo/153.webp"
        ]
      },
      "geometry": {
        "type": "MultiPolygon",
        "coordinates": [
          [
            [
              [
                131.89539085718994,
                43.11623316880782
              ],
              [
                131.89550615059534,
                43.116209060813276
              ],
              [
                131.89552878280352,
                43.11626696022435
              ],
              [
                131.89541348929828,
                43.116291068241416
              ],
              [
                131.89539085718994,
                43.11623316880782
              ]
            ]
          ]
        ]
      }
    },
    {
      "type": "Feature",
      "properties": {
        "fid": 236,
        "Layer": "LINES",
        "Text": "152",
        "id": 123,
        "number": "152",
        "description": "Жилой дом",
        "address": "Приморский край, г. Владивосток, ул. Лазо, 6-Б",
        "image": [
          "/photo/152.webp"
        ]
      },
      "geometry": {
        "type": "MultiPolygon",
        "coordinates": [
          [
            [
              [
                131.89515289936958,
                43.11505020286111
              ],
              [
                131.89512979590555,
                43.11497020140821
              ],
              [
                131.8953302647744,
                43.11494061118678
              ],
              [
                131.89529126242542,
                43.11481326952075
              ],
              [
                131.8954280506322,
                43.11479066480189
              ],
              [
                131.89548715048198,
                43.11500180640127
              ],
              [
                131.89515289936958,
                43.11505020286111
              ]
            ]
          ]
        ]
      }
    },
    {
      "type": "Feature",
      "properties": {
        "fid": 237,
        "Layer": "LINES",
        "Text": "151",
        "id": 122,
        "number": "151",
        "description": "Здание, в котором размещалось Владивостокское городское училище - старейшее учебное заведение Владивостока",
        "address": "Приморский край, г. Владивосток, ул. Лазо, 4",
        "image": [
          "/photo/151.webp"
        ]
      },
      "geometry": {
        "type": "MultiPolygon",
        "coordinates": [
          [
            [
              [
                131.8948961944984,
                43.114836235838034
              ],
              [
                131.89482190571226,
                43.11463107010445
              ],
              [
                131.89498515343354,
                43.11459918347016
              ],
              [
                131.89502215267305,
                43.11470849896707
              ],
              [
                131.8952447776916,
                43.11466399992692
              ],
              [
                131.89522279435226,
                43.114603307890874
              ],
              [
                131.89531660831386,
                43.11458533994606
              ],
              [
                131.8953580822507,
                43.11468998025994
              ],
              [
                131.89532126364995,
                43.11469842497203
              ],
              [
                131.8953406387243,
                43.114749453070644
              ],
              [
                131.89513215497516,
                43.114789241742486
              ],
              [
                131.89513692282983,
                43.11480362459156
              ],
              [
                131.8950552530559,
                43.114819510409646
              ],
              [
                131.89504937967735,
                43.114804884925576
              ],
              [
                131.8948961944984,
                43.114836235838034
              ]
            ]
          ]
        ]
      }
    },
    {
      "type": "Feature",
      "properties": {
        "fid": 238,
        "Layer": "LINES",
        "Text": "150",
        "id": 121,
        "number": "150",
        "description": "Дом Телецкого",
        "address": "Приморский край, г. Владивосток, ул. Семеновская, д. 29",
        "image": [
          "/photo/150.webp"
        ]
      },
      "geometry": {
        "type": "MultiPolygon",
        "coordinates": [
          [
            [
              [
                131.88913623633283,
                43.11869624381944
              ],
              [
                131.88912980774188,
                43.11870463776633
              ],
              [
                131.88907924469837,
                43.1186838565959
              ],
              [
                131.88916459379453,
                43.11857520324398
              ],
              [
                131.88948826197054,
                43.11871272560169
              ],
              [
                131.8894074463258,
                43.11881874525406
              ],
              [
                131.8892518279162,
                43.11875478732746
              ],
              [
                131.88925825649576,
                43.118746393373804
              ],
              [
                131.88913623633283,
                43.11869624381944
              ]
            ]
          ]
        ]
      }
    },
    {
      "type": "Feature",
      "properties": {
        "fid": 239,
        "Layer": "LINES",
        "Text": "149",
        "id": 120,
        "number": "149",
        "description": "Дом Телецкого",
        "address": "Приморский край, г. Владивосток, переулок Краснознаменный, 12",
        "image": [
          "/photo/149.webp"
        ]
      },
      "geometry": {
        "type": "MultiPolygon",
        "coordinates": [
          [
            [
              [
                131.88915667427537,
                43.11893132363243
              ],
              [
                131.8891492166792,
                43.11894367104375
              ],
              [
                131.8890286936969,
                43.11890460699512
              ],
              [
                131.88909119062956,
                43.11880113208361
              ],
              [
                131.8893510635492,
                43.11888536214808
              ],
              [
                131.8892885669681,
                43.1189888372004
              ],
              [
                131.8891739359371,
                43.11895168305643
              ],
              [
                131.88918139352919,
                43.11893933564356
              ],
              [
                131.88915667427537,
                43.11893132363243
              ]
            ]
          ]
        ]
      }
    },
    {
      "type": "Feature",
      "properties": {
        "fid": 240,
        "Layer": "LINES",
        "Text": "148",
        "id": 119,
        "number": "148",
        "description": "Доходный дом",
        "address": "Приморский край, г. Владивосток, переулок Краснознаменный, 10",
        "image": [
          "/photo/148.webp"
        ]
      },
      "geometry": {
        "type": "MultiPolygon",
        "coordinates": [
          [
            [
              [
                131.88848838290355,
                43.1187104587286
              ],
              [
                131.8885659173529,
                43.11859163279511
              ],
              [
                131.88890646301556,
                43.11871087873023
              ],
              [
                131.8888289290736,
                43.11882970489244
              ],
              [
                131.88848838290355,
                43.1187104587286
              ]
            ]
          ]
        ]
      }
    },
    {
      "type": "Feature",
      "properties": {
        "fid": 241,
        "Layer": "LINES",
        "Text": "147",
        "id": 118,
        "number": "147",
        "description": "Здание российского транспортного страхового общества",
        "address": "Приморский край, г. Владивосток, переулок Краснознаменный, 5",
        "image": [
          "/photo/147.webp"
        ]
      },
      "geometry": {
        "type": "MultiPolygon",
        "coordinates": [
          [
            [
              [
                131.8874566911488,
                43.118575220548706
              ],
              [
                131.88736783986207,
                43.11854507042135
              ],
              [
                131.88742834374375,
                43.11845338078901
              ],
              [
                131.8876626915013,
                43.11853452921728
              ],
              [
                131.88765713519604,
                43.118543113235454
              ],
              [
                131.88766243077637,
                43.118544952728506
              ],
              [
                131.88761172949003,
                43.1186232817815
              ],
              [
                131.88755443300371,
                43.118602952803215
              ],
              [
                131.88753161025485,
                43.11863514615332
              ],
              [
                131.8874403907867,
                43.118600975569926
              ],
              [
                131.8874566911488,
                43.118575220548706
              ]
            ]
          ]
        ]
      }
    },
    {
      "type": "Feature",
      "properties": {
        "fid": 242,
        "Layer": "LINES",
        "Text": "146",
        "id": 117,
        "number": "146",
        "description": "Здание частной типографии \"Экспресс\"",
        "address": "Приморский край, г. Владивосток, переулок Краснознаменный, 3",
        "image": [
          "/photo/146.webp"
        ]
      },
      "geometry": {
        "type": "MultiPolygon",
        "coordinates": [
          [
            [
              [
                131.8872388221331,
                43.118521872565616
              ],
              [
                131.8873062565179,
                43.118411390307436
              ],
              [
                131.88742834374375,
                43.11845338078901
              ],
              [
                131.88735476083366,
                43.11856296275909
              ],
              [
                131.8872388221331,
                43.118521872565616
              ]
            ]
          ]
        ]
      }
    },
    {
      "type": "Feature",
      "properties": {
        "fid": 243,
        "Layer": "LINES",
        "Text": null
      },
      "geometry": {
        "type": "MultiPolygon",
        "coordinates": [
          [
            [
              [
                131.88956572576961,
                43.1132894330273
              ],
              [
                131.88951677494762,
                43.11318136937985
              ],
              [
                131.88961506606904,
                43.11318146449353
              ],
              [
                131.88956572576961,
                43.1132894330273
              ]
            ]
          ]
        ]
      }
    },
    {
      "type": "Feature",
      "properties": {
        "fid": 244,
        "Layer": "LINES",
        "Text": "144",
        "id": 115,
        "number": "144",
        "description": "Здание спортивного клуба \"Сокол\" - старейшее спортивное сооружение Владивостока",
        "address": "Приморский край, г. Владивосток, ул. Корабельная наб., д. 21",
        "image": [
          "/photo/144.webp"
        ]
      },
      "geometry": {
        "type": "MultiPolygon",
        "coordinates": [
          [
            [
              [
                131.8984618210731,
                43.11339913483151
              ],
              [
                131.89876103336047,
                43.11345513419082
              ],
              [
                131.89877416128482,
                43.1134174847991
              ],
              [
                131.8988865259388,
                43.11343851428316
              ],
              [
                131.898831344697,
                43.11360245214704
              ],
              [
                131.89871845142605,
                43.11358132372866
              ],
              [
                131.89872444215865,
                43.11356414306814
              ],
              [
                131.89842389723404,
                43.113507894293825
              ],
              [
                131.8984179064228,
                43.1135250749387
              ],
              [
                131.89830883406248,
                43.11350466117506
              ],
              [
                131.8983599797817,
                43.11334267200163
              ],
              [
                131.89847450827128,
                43.113362749900865
              ],
              [
                131.8984618210731,
                43.11339913483151
              ]
            ]
          ]
        ]
      }
    },
    {
      "type": "Feature",
      "properties": {
        "fid": 249,
        "Layer": "LINES",
        "Text": null
      },
      "geometry": {
        "type": "MultiPolygon",
        "coordinates": [
          [
            [
              [
                131.89196036419136,
                43.113284854836365
              ],
              [
                131.89191140915773,
                43.11317679220871
              ],
              [
                131.89200970027963,
                43.113176885265375
              ],
              [
                131.89196036419136,
                43.113284854836365
              ]
            ]
          ]
        ]
      }
    },
    {
      "type": "Feature",
      "properties": {
        "fid": 250,
        "Layer": "LINES",
        "Text": null
      },
      "geometry": {
        "type": "MultiPolygon",
        "coordinates": [
          [
            [
              [
                131.89064948727437,
                43.11284936098984
              ],
              [
                131.89060053489382,
                43.112741297795985
              ],
              [
                131.89069882531467,
                43.11274139197793
              ],
              [
                131.89064948727437,
                43.11284936098984
              ]
            ]
          ]
        ]
      }
    },
    {
      "type": "Feature",
      "properties": {
        "fid": 251,
        "Layer": "LINES",
        "Text": "113",
        "id": 109,
        "number": "113",
        "description": "Ансамбль застройки главного госпиталя Сибирской флотилии 1895-1908",
        "address": "Приморский край, г. Владивосток, ул Ивановская, 4, корп. 1-10",
        "image": [
          "/photo/113.webp"
        ]
      },
      "geometry": {
        "type": "MultiPolygon",
        "coordinates": [
          [
            [
              [
                131.92837170105517,
                43.11124115730204
              ],
              [
                131.92869253979774,
                43.111266103695286
              ],
              [
                131.92870853233723,
                43.11115569624339
              ],
              [
                131.9286375904517,
                43.11114916645254
              ],
              [
                131.92864569283662,
                43.1111004203479
              ],
              [
                131.92858530565877,
                43.11109503251472
              ],
              [
                131.92858117184386,
                43.1111199025084
              ],
              [
                131.92852494902533,
                43.11111488619605
              ],
              [
                131.92852091233303,
                43.111138426806995
              ],
              [
                131.92848283811264,
                43.11113492223617
              ],
              [
                131.92847743872073,
                43.111182017530886
              ],
              [
                131.9283800052321,
                43.1111708425198
              ],
              [
                131.92837170105517,
                43.11124115730204
              ]
            ]
          ]
        ]
      }
    },
    {
      "type": "Feature",
      "properties": {
        "fid": 252,
        "Layer": "LINES",
        "Text": "113",
        "id": 109,
        "number": "113",
        "description": "Ансамбль застройки главного госпиталя Сибирской флотилии 1895-1908",
        "address": "Приморский край, г. Владивосток, ул Ивановская, 4, корп. 1-10",
        "image": [
          "/photo/113.webp"
        ]
      },
      "geometry": {
        "type": "MultiPolygon",
        "coordinates": [
          [
            [
              [
                131.929163564963,
                43.109914039207865
              ],
              [
                131.92873416095847,
                43.1098865303317
              ],
              [
                131.92873573125357,
                43.109873372796876
              ],
              [
                131.92870832789555,
                43.1098716172021
              ],
              [
                131.92872339458867,
                43.10974537325276
              ],
              [
                131.92883380878607,
                43.109750800742894
              ],
              [
                131.92883381773675,
                43.109743107010964
              ],
              [
                131.92893030149088,
                43.10974928811463
              ],
              [
                131.9289268911888,
                43.10977786392181
              ],
              [
                131.92909193689943,
                43.109788437164795
              ],
              [
                131.9290868040599,
                43.10983144747721
              ],
              [
                131.9291727641778,
                43.109836954202784
              ],
              [
                131.929163564963,
                43.109914039207865
              ]
            ]
          ]
        ]
      }
    },
    {
      "type": "Feature",
      "properties": {
        "fid": 253,
        "Layer": "LINES",
        "Text": null
      },
      "geometry": {
        "type": "MultiPolygon",
        "coordinates": [
          [
            [
              [
                131.9296311741459,
                43.11117307504429
              ],
              [
                131.929582154492,
                43.11106502844559
              ],
              [
                131.9296804423357,
                43.1110650891421
              ],
              [
                131.9296311741459,
                43.11117307504429
              ]
            ]
          ]
        ]
      }
    },
    {
      "type": "Feature",
      "properties": {
        "fid": 254,
        "Layer": "LINES",
        "Text": null
      },
      "geometry": {
        "type": "MultiPolygon",
        "coordinates": [
          [
            [
              [
                131.92882882728227,
                43.11121576132658
              ],
              [
                131.9287798090062,
                43.111107714385895
              ],
              [
                131.9288780969164,
                43.11110777577171
              ],
              [
                131.92882882728227,
                43.11121576132658
              ]
            ]
          ]
        ]
      }
    },
    {
      "type": "Feature",
      "properties": {
        "fid": 255,
        "Layer": "LINES",
        "Text": null
      },
      "geometry": {
        "type": "MultiPolygon",
        "coordinates": [
          [
            [
              [
                131.92940436528042,
                43.11175646661048
              ],
              [
                131.92948367069386,
                43.11176166861947
              ],
              [
                131.92947699947047,
                43.11182449254484
              ],
              [
                131.92939746800528,
                43.11181927570859
              ],
              [
                131.92940436528042,
                43.11175646661048
              ]
            ]
          ]
        ]
      }
    },
    {
      "type": "Feature",
      "properties": {
        "fid": 256,
        "Layer": "LINES",
        "Text": "109",
        "id": 105,
        "number": "109",
        "description": "Жилой дом военного ведомства",
        "address": "Приморский край, г. Владивосток, ул Луцкого, 12",
        "image": [
          "/photo/109.webp"
        ]
      },
      "geometry": {
        "type": "MultiPolygon",
        "coordinates": [
          [
            [
              [
                131.89692587056106,
                43.11630873690566
              ],
              [
                131.89709389117797,
                43.11634804444212
              ],
              [
                131.89701190102346,
                43.116515305578076
              ],
              [
                131.89685063772896,
                43.11647609404477
              ],
              [
                131.89692587056106,
                43.11630873690566
              ]
            ]
          ]
        ]
      }
    },
    {
      "type": "Feature",
      "properties": {
        "fid": 257,
        "Layer": "LINES",
        "Text": "108",
        "id": 104,
        "number": "108",
        "description": "Жилой дом военного ведомства",
        "address": "Приморский край, г. Владивосток, ул. Луцкого, 8",
        "image": [
          "/photo/108.webp"
        ]
      },
      "geometry": {
        "type": "MultiPolygon",
        "coordinates": [
          [
            [
              [
                131.8972611688978,
                43.11556460081128
              ],
              [
                131.8973291161681,
                43.11541072801275
              ],
              [
                131.897476925934,
                43.115445959165896
              ],
              [
                131.89745365801195,
                43.11550087169441
              ],
              [
                131.89748019739784,
                43.11550717442153
              ],
              [
                131.8974640443138,
                43.115543223301344
              ],
              [
                131.89752025424946,
                43.11555525794974
              ],
              [
                131.8974983429453,
                43.1156008913096
              ],
              [
                131.8974347335574,
                43.115586039133724
              ],
              [
                131.89742697146997,
                43.115603703443064
              ],
              [
                131.8972611688978,
                43.11556460081128
              ]
            ]
          ]
        ]
      }
    },
    {
      "type": "Feature",
      "properties": {
        "fid": 258,
        "Layer": "LINES",
        "Text": null
      },
      "geometry": {
        "type": "MultiPolygon",
        "coordinates": [
          [
            [
              [
                131.88221811701274,
                43.11241688820462
              ],
              [
                131.88216917981717,
                43.112308821413464
              ],
              [
                131.8822674695171,
                43.11230892283675
              ],
              [
                131.88221811701274,
                43.11241688820462
              ]
            ]
          ]
        ]
      }
    },
    {
      "type": "Feature",
      "properties": {
        "fid": 259,
        "Layer": "LINES",
        "Text": "101",
        "id": 101,
        "number": "101",
        "description": "Дом, в котором в 1918-1922 гг. размещалась нелегальная типография Далькрайкома РКП(б) и печаталась газета \"Красное знамя\"",
        "address": "Приморский край, г. Владивосток, ул. Всеволода Сибирцева, 67",
        "image": [
          "/photo/101.webp"
        ]
      },
      "geometry": {
        "type": "MultiPolygon",
        "coordinates": [
          [
            [
              [
                131.90883594747996,
                43.11865844951189
              ],
              [
                131.90900736813566,
                43.11861239494162
              ],
              [
                131.9090235023103,
                43.118641072821404
              ],
              [
                131.90904353515054,
                43.11863494251415
              ],
              [
                131.90909790733593,
                43.11874656958191
              ],
              [
                131.9090490821467,
                43.11875949391056
              ],
              [
                131.90903880802202,
                43.118740259779734
              ],
              [
                131.90902989042164,
                43.11874274284631
              ],
              [
                131.90900249888443,
                43.11869138728168
              ],
              [
                131.9089200781469,
                43.11871431014775
              ],
              [
                131.908973199004,
                43.11882336523726
              ],
              [
                131.9089229895575,
                43.11883563519077
              ],
              [
                131.90883594747996,
                43.11865844951189
              ]
            ]
          ]
        ]
      }
    },
    {
      "type": "Feature",
      "properties": {
        "fid": 260,
        "Layer": "LINES",
        "Text": "99",
        "id": 99,
        "number": "99",
        "description": "Жилой дом",
        "address": "Приморский край, г. Владивосток, ул. Всеволода Сибирцева, 15, стр. 4",
        "image": [
          "/photo/99.webp"
        ]
      },
      "geometry": {
        "type": "MultiPolygon",
        "coordinates": [
          [
            [
              [
                131.89927302763638,
                43.11672924728763
              ],
              [
                131.89942349647356,
                43.11677679892813
              ],
              [
                131.8993735120012,
                43.116861683980815
              ],
              [
                131.899223042995,
                43.11681413227513
              ],
              [
                131.89927302763638,
                43.11672924728763
              ]
            ]
          ]
        ]
      }
    },
    {
      "type": "Feature",
      "properties": {
        "fid": 261,
        "Layer": "LINES",
        "Text": "98",
        "id": 98,
        "number": "98",
        "description": "Общежитие студентов Восточного института",
        "address": "Приморский край, г. Владивосток, ул. Всеволода Сибирцева, 15, строение 1",
        "image": [
          "/photo/98.webp"
        ]
      },
      "geometry": {
        "type": "MultiPolygon",
        "coordinates": [
          [
            [
              [
                131.89875114874363,
                43.11650822092338
              ],
              [
                131.89889863118358,
                43.11656477970765
              ],
              [
                131.8988382614557,
                43.11666179747674
              ],
              [
                131.8988700417317,
                43.11667366402544
              ],
              [
                131.8988582306101,
                43.11669048635155
              ],
              [
                131.89869699843248,
                43.11663332040039
              ],
              [
                131.89873035460695,
                43.116541393141404
              ],
              [
                131.89875114874363,
                43.11650822092338
              ]
            ]
          ]
        ]
      }
    },
    {
      "type": "Feature",
      "properties": {
        "fid": 262,
        "Layer": "LINES",
        "Text": "97",
        "id": 97,
        "number": "97",
        "description": "Дом Ющенкова",
        "address": "Приморский край, г. Владивосток, ул. Всеволода Сибирцева, 12",
        "image": [
          "/photo/97.webp"
        ]
      },
      "geometry": {
        "type": "MultiPolygon",
        "coordinates": [
          [
            [
              [
                131.89866123279373,
                43.11582629350805
              ],
              [
                131.89871722881733,
                43.11584103495935
              ],
              [
                131.8987266882537,
                43.115821755528884
              ],
              [
                131.89888106752917,
                43.11586240795831
              ],
              [
                131.89882533959394,
                43.11596447010726
              ],
              [
                131.8987637711165,
                43.115947518111085
              ],
              [
                131.89874800720938,
                43.11597824558457
              ],
              [
                131.89869369832653,
                43.11596329237729
              ],
              [
                131.89869051866862,
                43.11596949024582
              ],
              [
                131.89860178369088,
                43.11594505821314
              ],
              [
                131.89859662086698,
                43.11595512168694
              ],
              [
                131.89855656371336,
                43.11594412221959
              ],
              [
                131.89855946890492,
                43.11593845937302
              ],
              [
                131.89854670056852,
                43.115935385029516
              ],
              [
                131.89856972364765,
                43.115886723208284
              ],
              [
                131.89862450498694,
                43.11590114878369
              ],
              [
                131.89866123279373,
                43.11582629350805
              ]
            ]
          ]
        ]
      }
    },
    {
      "type": "Feature",
      "properties": {
        "fid": 263,
        "Layer": "LINES",
        "Text": "96",
        "id": 96,
        "number": "96",
        "description": "Дом Попугаева",
        "address": "Приморский край, г. Владивосток, ул. Всеволода Сибирцева, 9",
        "image": [
          "/photo/96.webp"
        ]
      },
      "geometry": {
        "type": "MultiPolygon",
        "coordinates": [
          [
            [
              [
                131.8985018928694,
                43.11646759732306
              ],
              [
                131.89868574996441,
                43.11651859187167
              ],
              [
                131.8986291928004,
                43.11662802859455
              ],
              [
                131.89844533542512,
                43.11657703395568
              ],
              [
                131.8985018928694,
                43.11646759732306
              ]
            ]
          ]
        ]
      }
    },
    {
      "type": "Feature",
      "properties": {
        "fid": 264,
        "Layer": "LINES",
        "Text": "95",
        "id": 95,
        "number": "95",
        "description": "Дом Лукьянова",
        "address": "Приморский край, г. Владивосток, ул. Всеволода Сибирцева, 4",
        "image": [
          "/photo/95.webp"
        ]
      },
      "geometry": {
        "type": "MultiPolygon",
        "coordinates": [
          [
            [
              [
                131.89766865778884,
                43.115772780536865
              ],
              [
                131.89769456998604,
                43.115723180692655
              ],
              [
                131.89782580054302,
                43.115759975520135
              ],
              [
                131.89786702643607,
                43.11577153452283
              ],
              [
                131.89782678053177,
                43.11584857161502
              ],
              [
                131.8976955673126,
                43.11581178170335
              ],
              [
                131.8976977781434,
                43.115807549842465
              ],
              [
                131.89766842837233,
                43.115799320648975
              ],
              [
                131.8976805514267,
                43.115776115320095
              ],
              [
                131.89766865778884,
                43.115772780536865
              ]
            ]
          ]
        ]
      }
    },
    {
      "type": "Feature",
      "properties": {
        "fid": 265,
        "Layer": "LINES",
        "Text": "94",
        "id": 94,
        "number": "94",
        "description": "Здание бывшего католического костёла",
        "address": "Приморский край, г. Владивосток, ул. Володарского, 22",
        "image": [
          "/photo/94.webp"
        ]
      },
      "geometry": {
        "type": "MultiPolygon",
        "coordinates": [
          [
            [
              [
                131.91144831223812,
                43.11663625496159
              ],
              [
                131.91144039187623,
                43.11661879440566
              ],
              [
                131.91139103306742,
                43.11663017174386
              ],
              [
                131.9113929487928,
                43.116634632147345
              ],
              [
                131.91138606865775,
                43.11663632572758
              ],
              [
                131.9113839395856,
                43.11663180680838
              ],
              [
                131.91133289375716,
                43.116643572978525
              ],
              [
                131.9113349337361,
                43.11664832269327
              ],
              [
                131.91132816607058,
                43.116649828834426
              ],
              [
                131.91132604760958,
                43.116645151027775
              ],
              [
                131.91127355895108,
                43.11665724974095
              ],
              [
                131.91128081321287,
                43.11667581721837
              ],
              [
                131.91122416457966,
                43.11668781857613
              ],
              [
                131.9111515287775,
                43.11651957824697
              ],
              [
                131.91120927610302,
                43.11650619782428
              ],
              [
                131.91121581530732,
                43.11652134405172
              ],
              [
                131.911381077828,
                43.116483763430786
              ],
              [
                131.91137525370607,
                43.11647001801578
              ],
              [
                131.91147319831876,
                43.1164463933682
              ],
              [
                131.91147615485758,
                43.116452221679445
              ],
              [
                131.91153876133538,
                43.11643517735894
              ],
              [
                131.9116062383553,
                43.11659064056177
              ],
              [
                131.91154156832982,
                43.116605364905524
              ],
              [
                131.9115448324042,
                43.11661450934897
              ],
              [
                131.91144831223812,
                43.11663625496159
              ]
            ]
          ]
        ]
      }
    },
    {
      "type": "Feature",
      "properties": {
        "fid": 266,
        "Layer": "LINES",
        "Text": "93",
        "id": 93,
        "number": "93",
        "description": "Лестница гранитная",
        "address": "г. Владивосток, Володарского ул., у дома № 19",
        "image": [
          "/photo/93.webp"
        ]
      },
      "geometry": {
        "type": "MultiPolygon",
        "coordinates": [
          [
            [
              [
                131.9068878966742,
                43.117351687555896
              ],
              [
                131.90687829716913,
                43.11735917223518
              ],
              [
                131.90685074680457,
                43.11734020913708
              ],
              [
                131.906859829316,
                43.1173331275572
              ],
              [
                131.9068570432641,
                43.11729886154083
              ],
              [
                131.90680516602436,
                43.1172647166134
              ],
              [
                131.90683414992,
                43.11724111302675
              ],
              [
                131.90688717871842,
                43.11727606617022
              ],
              [
                131.90693246151457,
                43.11727649658114
              ],
              [
                131.90694106306898,
                43.11726978998055
              ],
              [
                131.90696861342997,
                43.11728875305716
              ],
              [
                131.90695949593047,
                43.117295861940704
              ],
              [
                131.9069618598457,
                43.11732754555549
              ],
              [
                131.90701247142428,
                43.11736089198037
              ],
              [
                131.90698501802802,
                43.117383257061654
              ],
              [
                131.90693479907688,
                43.117350203746525
              ],
              [
                131.9068878966742,
                43.117351687555896
              ]
            ]
          ]
        ]
      }
    },
    {
      "type": "Feature",
      "properties": {
        "fid": 267,
        "Layer": "LINES",
        "Text": "92",
        "id": 92,
        "number": "92",
        "description": "Общинный дом армяно-григорианской общины",
        "address": "Приморский край, г. Владивосток, ул. Володарского, 13",
        "image": [
          "/photo/92.webp"
        ]
      },
      "geometry": {
        "type": "MultiPolygon",
        "coordinates": [
          [
            [
              [
                131.90594300667684,
                43.11737151105698
              ],
              [
                131.90591796528628,
                43.11741730651071
              ],
              [
                131.90559514510315,
                43.117320012465825
              ],
              [
                131.90563081888465,
                43.117257008345305
              ],
              [
                131.90560155366802,
                43.11724811553218
              ],
              [
                131.90563093739092,
                43.117194335893004
              ],
              [
                131.9056645178199,
                43.117204539966565
              ],
              [
                131.90564898227692,
                43.117231977646696
              ],
              [
                131.90571325458978,
                43.11725150801707
              ],
              [
                131.90572319134264,
                43.11723395845988
              ],
              [
                131.9059687583681,
                43.117308578168796
              ],
              [
                131.9059743015299,
                43.11729844085852
              ],
              [
                131.90617150820924,
                43.117362947212044
              ],
              [
                131.90618534948442,
                43.11738824666935
              ],
              [
                131.90617080784318,
                43.1174148405069
              ],
              [
                131.90613561043602,
                43.117428031384804
              ],
              [
                131.90594300667684,
                43.11737151105698
              ]
            ]
          ]
        ]
      }
    },
    {
      "type": "Feature",
      "properties": {
        "fid": 268,
        "Layer": "LINES",
        "Text": "88",
        "id": 88,
        "number": "88",
        "description": "Покровское кладбище: захоронение; фундамент храма Покрова Пресвятой Богородицы; территория зеленых насаждений",
        "address": "Приморский край, г. Владивосток, в границах: Океанский проспект, ул. Московская, Партизанский проспект, ул. Октябрьская",
        "image": [
          "/photo/88.webp"
        ]
      },
      "geometry": {
        "type": "MultiPolygon",
        "coordinates": [
          [
            [
              [
                131.893436986496,
                43.125785877341464
              ],
              [
                131.89332908384733,
                43.12598886583131
              ],
              [
                131.89317215039947,
                43.126283018697556
              ],
              [
                131.89288744395708,
                43.12681967193366
              ],
              [
                131.89276510285848,
                43.12704981379919
              ],
              [
                131.89264338597502,
                43.12727050157751
              ],
              [
                131.89250962557082,
                43.127513880870985
              ],
              [
                131.89232986919194,
                43.12759163850055
              ],
              [
                131.89230672295477,
                43.127564903742915
              ],
              [
                131.89224066038926,
                43.12748500028168
              ],
              [
                131.89208005482246,
                43.12729434270337
              ],
              [
                131.89192389875038,
                43.12710036543643
              ],
              [
                131.89177451969957,
                43.12692429150462
              ],
              [
                131.8915675808729,
                43.12668040176686
              ],
              [
                131.8913960291622,
                43.12647264991975
              ],
              [
                131.89118799030868,
                43.12621730409678
              ],
              [
                131.89088158573853,
                43.12586848551549
              ],
              [
                131.8906799269744,
                43.12561926284894
              ],
              [
                131.89056140152047,
                43.12554191829388
              ],
              [
                131.8904168946148,
                43.12547883538314
              ],
              [
                131.89032628003025,
                43.12544656921294
              ],
              [
                131.89022892007193,
                43.12541383315121
              ],
              [
                131.89006834553314,
                43.125375144735294
              ],
              [
                131.8896981529824,
                43.12528612720302
              ],
              [
                131.8895094145005,
                43.12524346197263
              ],
              [
                131.88944660217194,
                43.12522693755887
              ],
              [
                131.88937893219122,
                43.12520732490032
              ],
              [
                131.88933447654998,
                43.12519290896148
              ],
              [
                131.8892886331656,
                43.12517619976575
              ],
              [
                131.88920781625552,
                43.12514368582397
              ],
              [
                131.8891710073459,
                43.125120929840804
              ],
              [
                131.88912216380422,
                43.12508492160502
              ],
              [
                131.88907566979424,
                43.12504272242517
              ],
              [
                131.8890567152251,
                43.12501590355465
              ],
              [
                131.88902727395958,
                43.124971431254224
              ],
              [
                131.88897164560018,
                43.12484157435699
              ],
              [
                131.88886119044298,
                43.124550186302315
              ],
              [
                131.88881935269376,
                43.12443017455831
              ],
              [
                131.88891709561557,
                43.124339179590635
              ],
              [
                131.88903084248514,
                43.12431252663773
              ],
              [
                131.88905996625746,
                43.12430670683952
              ],
              [
                131.88923761247096,
                43.124270893895876
              ],
              [
                131.88940047111976,
                43.124238102314756
              ],
              [
                131.88959837335514,
                43.124198254349665
              ],
              [
                131.8898449853568,
                43.12414851576587
              ],
              [
                131.8900595849554,
                43.12410590911224
              ],
              [
                131.89017680962766,
                43.124084662355195
              ],
              [
                131.89036345488984,
                43.12405160381354
              ],
              [
                131.89047381808038,
                43.12403300952164
              ],
              [
                131.8905764270639,
                43.124019625944975
              ],
              [
                131.89066459963834,
                43.124012094993766
              ],
              [
                131.89075340919916,
                43.12400630035437
              ],
              [
                131.8908047061599,
                43.12401386598335
              ],
              [
                131.8908560667324,
                43.12401735316162
              ],
              [
                131.890911838843,
                43.1240233852415
              ],
              [
                131.8910095668762,
                43.12403574143959
              ],
              [
                131.8911132740808,
                43.12405276541943
              ],
              [
                131.8912138756176,
                43.12406966334069
              ],
              [
                131.8913376903858,
                43.124098721702495
              ],
              [
                131.8914647524317,
                43.12413000440805
              ],
              [
                131.89156985051514,
                43.124157741200754
              ],
              [
                131.8916938944736,
                43.12419026461033
              ],
              [
                131.89178878960186,
                43.124217204014606
              ],
              [
                131.8920047002398,
                43.12428229011457
              ],
              [
                131.8921126924668,
                43.12431392921626
              ],
              [
                131.89226155376758,
                43.1243685618878
              ],
              [
                131.89242076332687,
                43.12442699608226
              ],
              [
                131.892657517931,
                43.12451307652475
              ],
              [
                131.8928678754323,
                43.124594429726145
              ],
              [
                131.89332573881717,
                43.124761257034976
              ],
              [
                131.89382329108997,
                43.124976316906384
              ],
              [
                131.89393100621368,
                43.125011511530005
              ],
              [
                131.8936176075086,
                43.125445744277634
              ],
              [
                131.893436986496,
                43.125785877341464
              ]
            ]
          ]
        ]
      }
    },
    {
      "type": "Feature",
      "properties": {
        "fid": 269,
        "Layer": "LINES",
        "Text": "427",
        "id": 389,
        "number": "427",
        "description": "Владивостокская городская больница",
        "address": "Приморский край, г. Владивосток, ул. Алеутская, д. 57, корпус 1,2,3,4",
        "image": [
          "/photo/427.webp",
          "/photo/427_2.webp",
          "/photo/427_3.webp",
          "/photo/427_4.webp",
          "/photo/427_5.webp"
        ]
      },
      "geometry": {
        "type": "MultiPolygon",
        "coordinates": [
          [
            [
              [
                131.8828224145559,
                43.123703666181285
              ],
              [
                131.88299326815243,
                43.1236657965523
              ],
              [
                131.88312632675212,
                43.12398815206831
              ],
              [
                131.88302614094482,
                43.124010608970096
              ],
              [
                131.88301042565598,
                43.12397259734234
              ],
              [
                131.88293996588675,
                43.12398822729177
              ],
              [
                131.8828224145559,
                43.123703666181285
              ]
            ]
          ]
        ]
      }
    },
    {
      "type": "Feature",
      "properties": {
        "fid": 270,
        "Layer": "LINES",
        "Text": "75",
        "id": 75,
        "number": "75",
        "description": "Владивостокская городская больница",
        "address": "Приморский край, г. Владивосток, ул. Прапорщика Комарова, д. 1В",
        "image": [
          "/photo/75.webp"
        ]
      },
      "geometry": {
        "type": "MultiPolygon",
        "coordinates": [
          [
            [
              [
                131.88246424328182,
                43.12329152455306
              ],
              [
                131.88273145352244,
                43.123233269488466
              ],
              [
                131.88277335541426,
                43.12334040728028
              ],
              [
                131.88250614474657,
                43.123398662441105
              ],
              [
                131.88246424328182,
                43.12329152455306
              ]
            ]
          ]
        ]
      }
    },
    {
      "type": "Feature",
      "properties": {
        "fid": 271,
        "Layer": "LINES",
        "Text": "442",
        "id": 404,
        "number": "442",
        "description": "Владивостокская городская больница",
        "address": "Приморский край, г. Владивосток, ул. Алеутская, 57д",
        "image": [
          "/photo/442.webp"
        ]
      },
      "geometry": {
        "type": "MultiPolygon",
        "coordinates": [
          [
            [
              [
                131.88221623908512,
                43.12369973394518
              ],
              [
                131.88219300282506,
                43.12370477134176
              ],
              [
                131.88214660621327,
                43.12358993939458
              ],
              [
                131.88212008196754,
                43.12359568958705
              ],
              [
                131.88208089847186,
                43.1234987097002
              ],
              [
                131.88210742267935,
                43.12349295951671
              ],
              [
                131.8820593496341,
                43.12337397751714
              ],
              [
                131.88210969582283,
                43.12336306294731
              ],
              [
                131.88211074342735,
                43.12336565579481
              ],
              [
                131.88221185141344,
                43.12334373647647
              ],
              [
                131.88221080380504,
                43.12334114362993
              ],
              [
                131.88226189967799,
                43.123330066455985
              ],
              [
                131.8823051597522,
                43.1234371353788
              ],
              [
                131.88230895621462,
                43.123436312335166
              ],
              [
                131.88235705784868,
                43.12355536743181
              ],
              [
                131.8823532627777,
                43.12355619017391
              ],
              [
                131.8823931186655,
                43.12365483297017
              ],
              [
                131.88242027788658,
                43.123648945056566
              ],
              [
                131.88244015304622,
                43.12369813563667
              ],
              [
                131.88223367890953,
                43.12374289747925
              ],
              [
                131.88221623908512,
                43.12369973394518
              ]
            ]
          ]
        ]
      }
    },
    {
      "type": "Feature",
      "properties": {
        "fid": 272,
        "Layer": "LINES",
        "Text": "441",
        "id": 403,
        "number": "441",
        "description": "Владивостокская городская больница",
        "address": "Приморский край, г. Владивосток",
        "image": [
          "/photo/441.webp"
        ]
      },
      "geometry": {
        "type": "MultiPolygon",
        "coordinates": [
          [
            [
              [
                131.88436728486423,
                43.12365955821813
              ],
              [
                131.88433452057015,
                43.12365594195465
              ],
              [
                131.88434226530856,
                43.12361829211083
              ],
              [
                131.8844504245154,
                43.12363022983042
              ],
              [
                131.88447865799955,
                43.12349297555614
              ],
              [
                131.88444767219013,
                43.12348955560966
              ],
              [
                131.88444800175662,
                43.123487953455395
              ],
              [
                131.88437082859744,
                43.12347943570915
              ],
              [
                131.8843917933847,
                43.12337751794264
              ],
              [
                131.88447057271893,
                43.1233862129645
              ],
              [
                131.8844719007538,
                43.12337975683257
              ],
              [
                131.88452390617525,
                43.123385496736816
              ],
              [
                131.88452441121956,
                43.12338304149494
              ],
              [
                131.88459808767138,
                43.12339117321583
              ],
              [
                131.88459758263,
                43.12339362845799
              ],
              [
                131.88464997390463,
                43.12339935549613
              ],
              [
                131.88464863474675,
                43.12340586579331
              ],
              [
                131.88472719832626,
                43.12341453681768
              ],
              [
                131.88470623408284,
                43.12351645464562
              ],
              [
                131.88462761126462,
                43.12350777708272
              ],
              [
                131.88462725496836,
                43.12350950920611
              ],
              [
                131.8845968772542,
                43.12350615641726
              ],
              [
                131.88456173153926,
                43.12367701531648
              ],
              [
                131.88463550780577,
                43.123685157990344
              ],
              [
                131.88461901494463,
                43.123765337232264
              ],
              [
                131.88457567290482,
                43.12376055358466
              ],
              [
                131.88457434487256,
                43.123767009717355
              ],
              [
                131.88439628182155,
                43.123747356772974
              ],
              [
                131.88439760987208,
                43.12374090064238
              ],
              [
                131.88435159705347,
                43.12373582212807
              ],
              [
                131.88436728486423,
                43.12365955821813
              ]
            ]
          ]
        ]
      }
    },
    {
      "type": "Feature",
      "properties": {
        "fid": 273,
        "Layer": "LINES",
        "Text": "74",
        "id": 74,
        "number": "74",
        "description": "Владивостокская городская больница  кардиологический корпус",
        "address": "Приморский край, г. Владивосток, ул. Алеутская, 57, корп. 1",
        "image": [
          "/photo/74.webp"
        ]
      },
      "geometry": {
        "type": "MultiPolygon",
        "coordinates": [
          [
            [
              [
                131.88361278892157,
                43.12368318805398
              ],
              [
                131.88361113736033,
                43.12369102301063
              ],
              [
                131.8834904046443,
                43.12367736772773
              ],
              [
                131.88348778559651,
                43.12368979229188
              ],
              [
                131.88345749234315,
                43.12370634844853
              ],
              [
                131.88342063846804,
                43.12370218011383
              ],
              [
                131.8833985735138,
                43.12367970201454
              ],
              [
                131.8834011925793,
                43.12366727745241
              ],
              [
                131.8833415770949,
                43.12366053463944
              ],
              [
                131.88335649637025,
                43.123589759445494
              ],
              [
                131.8833641707332,
                43.12359062745661
              ],
              [
                131.8833708315313,
                43.123559029382584
              ],
              [
                131.88340432280177,
                43.1235628174163
              ],
              [
                131.88341229265248,
                43.12352500920334
              ],
              [
                131.8834146920311,
                43.12352528058494
              ],
              [
                131.8834520965671,
                43.12334783635854
              ],
              [
                131.88344969719518,
                43.12334756497776
              ],
              [
                131.88345819874138,
                43.12330916181696
              ],
              [
                131.8834167252678,
                43.12330403931922
              ],
              [
                131.8834242803513,
                43.12326819853428
              ],
              [
                131.88343195467502,
                43.12326906654083
              ],
              [
                131.88343976451264,
                43.12323201715342
              ],
              [
                131.88347325560898,
                43.12323580516695
              ],
              [
                131.8834754705235,
                43.12322529771322
              ],
              [
                131.88360362646512,
                43.1232397927079
              ],
              [
                131.883601411572,
                43.123250300163996
              ],
              [
                131.88363505186814,
                43.123254105003014
              ],
              [
                131.88362724214556,
                43.1232911544037
              ],
              [
                131.8836347672952,
                43.12329200552388
              ],
              [
                131.88362721233153,
                43.12332784632271
              ],
              [
                131.88358604684248,
                43.12332319035855
              ],
              [
                131.88357785338582,
                43.12336206000127
              ],
              [
                131.8835754540128,
                43.12336178862304
              ],
              [
                131.88353804982464,
                43.123539232889804
              ],
              [
                131.88354044920445,
                43.12353950426871
              ],
              [
                131.88353247943078,
                43.12357731249051
              ],
              [
                131.88363759905516,
                43.12358920186669
              ],
              [
                131.88364692982037,
                43.1235449368025
              ],
              [
                131.8837014230022,
                43.12355110012117
              ],
              [
                131.88370175955288,
                43.12354950352014
              ],
              [
                131.88376062270567,
                43.12355616106321
              ],
              [
                131.8837602861565,
                43.123557757664365
              ],
              [
                131.88381445299513,
                43.1235638840166
              ],
              [
                131.8838051223477,
                43.123608149094494
              ],
              [
                131.88391258087063,
                43.12362030273841
              ],
              [
                131.883920550416,
                43.123582494490186
              ],
              [
                131.88392294979917,
                43.123582765861144
              ],
              [
                131.883960352902,
                43.123405321468695
              ],
              [
                131.8839579535255,
                43.12340505009855
              ],
              [
                131.8839661467475,
                43.12336618042863
              ],
              [
                131.88392498120672,
                43.12336152458636
              ],
              [
                131.88393253600074,
                43.12332568376789
              ],
              [
                131.88394006115882,
                43.12332653486804
              ],
              [
                131.88394787069723,
                43.12328948544593
              ],
              [
                131.88398151103664,
                43.12329329018312
              ],
              [
                131.88398372586644,
                43.12328278271967
              ],
              [
                131.88411012970982,
                43.123297078957144
              ],
              [
                131.88410777707062,
                43.123308240317215
              ],
              [
                131.88414183307142,
                43.123312092015915
              ],
              [
                131.8841341292028,
                43.123348640674216
              ],
              [
                131.88414072858785,
                43.12334938705667
              ],
              [
                131.88413319747178,
                43.12338511611883
              ],
              [
                131.88409225842213,
                43.123380485955416
              ],
              [
                131.88408406527805,
                43.12341935563433
              ],
              [
                131.88408155870292,
                43.12341907214282
              ],
              [
                131.8840441483714,
                43.12359655249057
              ],
              [
                131.88404654775573,
                43.123596823858904
              ],
              [
                131.88403857828598,
                43.12363463211591
              ],
              [
                131.88407384369796,
                43.12363862059816
              ],
              [
                131.88406717929774,
                43.12367023747641
              ],
              [
                131.8840749096692,
                43.12367111177206
              ],
              [
                131.88406002541475,
                43.12374171672388
              ],
              [
                131.88399838386644,
                43.123734821013734
              ],
              [
                131.88399567361049,
                43.12374767876646
              ],
              [
                131.8839653804654,
                43.12376423505755
              ],
              [
                131.88392852652066,
                43.12376006688636
              ],
              [
                131.88390646135943,
                43.123737588884985
              ],
              [
                131.88390917163358,
                43.12372473113442
              ],
              [
                131.88378839131443,
                43.12371107079694
              ],
              [
                131.8837900115747,
                43.123703384225685
              ],
              [
                131.88373639775074,
                43.12369724445962
              ],
              [
                131.88373165099472,
                43.123719763136755
              ],
              [
                131.88366165593968,
                43.123711846552204
              ],
              [
                131.88366640272073,
                43.12368932787793
              ],
              [
                131.88361278892157,
                43.12368318805398
              ]
            ]
          ]
        ]
      }
    },
    {
      "type": "Feature",
      "properties": {
        "fid": 274,
        "Layer": "LINES",
        "Text": "73",
        "id": 73,
        "number": "73",
        "description": "Доходный дом",
        "address": "Приморский край, г. Владивосток, ул. Алеутская, 53",
        "image": [
          "/photo/73.webp"
        ]
      },
      "geometry": {
        "type": "MultiPolygon",
        "coordinates": [
          [
            [
              [
                131.88417620720963,
                43.12216881047606
              ],
              [
                131.8843600448117,
                43.12213568749445
              ],
              [
                131.8844419533906,
                43.122368091379805
              ],
              [
                131.88426295676055,
                43.12240246834644
              ],
              [
                131.8842321335876,
                43.12231944707528
              ],
              [
                131.8840655104443,
                43.1223507704358
              ],
              [
                131.88403994276658,
                43.122275411400246
              ],
              [
                131.88417389952443,
                43.122249630523605
              ],
              [
                131.8841779012549,
                43.12226165330161
              ],
              [
                131.88420828239543,
                43.122255204448145
              ],
              [
                131.88417620720963,
                43.12216881047606
              ]
            ]
          ]
        ]
      }
    },
    {
      "type": "Feature",
      "properties": {
        "fid": 275,
        "Layer": "LINES",
        "Text": "72",
        "id": 72,
        "number": "72",
        "description": "Дом исследователя края, педагога и общественного деятеля В.П. Маргаритова",
        "address": "Приморский край, г. Владивосток, ул. Алеутская, 43",
        "image": [
          "/photo/72.webp"
        ]
      },
      "geometry": {
        "type": "MultiPolygon",
        "coordinates": [
          [
            [
              [
                131.88362164797974,
                43.120026571741086
              ],
              [
                131.88372437023176,
                43.12029796493466
              ],
              [
                131.88370147646236,
                43.12032056214359
              ],
              [
                131.8834317293055,
                43.12037059693139
              ],
              [
                131.88339485351418,
                43.12026934561087
              ],
              [
                131.8835289571093,
                43.12024429157964
              ],
              [
                131.88354669159034,
                43.12022324652914
              ],
              [
                131.88351760292917,
                43.12014103457023
              ],
              [
                131.88350174621414,
                43.120143898816934
              ],
              [
                131.88348853996476,
                43.12010995026729
              ],
              [
                131.88350624052242,
                43.12010672785051
              ],
              [
                131.88348495508308,
                43.120051148993575
              ],
              [
                131.88362164797974,
                43.120026571741086
              ]
            ]
          ]
        ]
      }
    },
    {
      "type": "Feature",
      "properties": {
        "fid": 276,
        "Layer": "LINES",
        "Text": "71",
        "id": 71,
        "number": "71",
        "description": "Гостиница  \"Ницца\"",
        "address": "Приморский край, г. Владивосток, ул. Алеутская, 44",
        "image": [
          "/photo/71.webp"
        ]
      },
      "geometry": {
        "type": "MultiPolygon",
        "coordinates": [
          [
            [
              [
                131.88442444746337,
                43.121434655902185
              ],
              [
                131.88439380899425,
                43.12142166604632
              ],
              [
                131.88439653650474,
                43.12141821399795
              ],
              [
                131.88432245878437,
                43.12121811701414
              ],
              [
                131.88431153474238,
                43.12122028711377
              ],
              [
                131.88428594314078,
                43.121151159337316
              ],
              [
                131.88429686717134,
                43.121148989240034
              ],
              [
                131.8842834272559,
                43.12111268542854
              ],
              [
                131.88429112174114,
                43.121111156891224
              ],
              [
                131.88425590424873,
                43.12101602745225
              ],
              [
                131.88425261470888,
                43.12101668093128
              ],
              [
                131.88415846134575,
                43.12076235246384
              ],
              [
                131.88415249991036,
                43.12076353672401
              ],
              [
                131.8841377558008,
                43.120723709506954
              ],
              [
                131.88414579069106,
                43.12072211334768
              ],
              [
                131.88407330459987,
                43.12052631110064
              ],
              [
                131.88406850774487,
                43.12052726401268
              ],
              [
                131.8840649231343,
                43.120517581087825
              ],
              [
                131.88407960831117,
                43.12049615777934
              ],
              [
                131.88409374457493,
                43.12049334955729
              ],
              [
                131.8840949857164,
                43.12049670218651
              ],
              [
                131.88426630739323,
                43.12046266833068
              ],
              [
                131.88429890155845,
                43.12055071240642
              ],
              [
                131.88425583049465,
                43.120559268703985
              ],
              [
                131.88428544194477,
                43.12063925572807
              ],
              [
                131.88430637410397,
                43.12063509744453
              ],
              [
                131.88444873879243,
                43.121019652329814
              ],
              [
                131.8844736046234,
                43.12101471259424
              ],
              [
                131.88450716046765,
                43.12110535266875
              ],
              [
                131.88452050578172,
                43.12110270154522
              ],
              [
                131.88452784220064,
                43.12110466876083
              ],
              [
                131.88452928772298,
                43.12110857335369
              ],
              [
                131.8845400627991,
                43.121106432820675
              ],
              [
                131.88456443628476,
                43.121172269496405
              ],
              [
                131.88452885739667,
                43.12117933745033
              ],
              [
                131.88455104937046,
                43.12123928148031
              ],
              [
                131.8845981321399,
                43.1212299282099
              ],
              [
                131.8846062692234,
                43.12125190768307
              ],
              [
                131.88463393038722,
                43.12124641261893
              ],
              [
                131.8846624409297,
                43.121323423612814
              ],
              [
                131.8846835063314,
                43.12138032410337
              ],
              [
                131.88442713579815,
                43.12143125343406
              ],
              [
                131.88442444746337,
                43.121434655902185
              ]
            ]
          ]
        ]
      }
    },
    {
      "type": "Feature",
      "properties": {
        "fid": 277,
        "Layer": "LINES",
        "Text": "70",
        "id": 70,
        "number": "70",
        "description": "Доходный дом",
        "address": "Приморский край, г. Владивосток, ул. Алеутская, 39, строение 1",
        "image": [
          "/photo/70.webp"
        ]
      },
      "geometry": {
        "type": "MultiPolygon",
        "coordinates": [
          [
            [
              [
                131.88317042281705,
                43.11920075924298
              ],
              [
                131.8832708484152,
                43.119117509526035
              ],
              [
                131.88330131868614,
                43.1191190709128
              ],
              [
                131.8834580751247,
                43.11954900017814
              ],
              [
                131.88330634125666,
                43.119578594757336
              ],
              [
                131.88317042281705,
                43.11920075924298
              ]
            ]
          ]
        ]
      }
    },
    {
      "type": "Feature",
      "properties": {
        "fid": 278,
        "Layer": "LINES",
        "Text": "69",
        "id": 69,
        "number": "69",
        "description": "Здание «Главсевморпути» - центра арктических операций в 30-х годах, штаба по спасению челюскинцев",
        "address": "Приморский край, г. Владивосток, ул. Алеутская, 38 (ул. Фонтанная, 22)",
        "image": [
          "/photo/69.webp"
        ]
      },
      "geometry": {
        "type": "MultiPolygon",
        "coordinates": [
          [
            [
              [
                131.88417573410558,
                43.120058481308256
              ],
              [
                131.8845391078348,
                43.119990813288275
              ],
              [
                131.8845832803622,
                43.120103010949585
              ],
              [
                131.88410445591222,
                43.12019573793813
              ],
              [
                131.88404869693196,
                43.120174141130526
              ],
              [
                131.88399845497642,
                43.12002881387822
              ],
              [
                131.8839782258189,
                43.120031598589584
              ],
              [
                131.8839535715625,
                43.11995960440733
              ],
              [
                131.8839769764935,
                43.11995563145055
              ],
              [
                131.88394374764962,
                43.119855699117664
              ],
              [
                131.88409754344312,
                43.119826948873026
              ],
              [
                131.884126420346,
                43.11991221632274
              ],
              [
                131.88414896049076,
                43.119980362824144
              ],
              [
                131.88417573410558,
                43.120058481308256
              ]
            ]
          ]
        ]
      }
    },
    {
      "type": "Feature",
      "properties": {
        "fid": 279,
        "Layer": "LINES",
        "Text": "68",
        "id": 68,
        "number": "68",
        "description": "Доходный дом",
        "address": "Приморский край, г. Владивосток, ул. Алеутская, 31",
        "image": [
          "/photo/68.webp"
        ]
      },
      "geometry": {
        "type": "MultiPolygon",
        "coordinates": [
          [
            [
              [
                131.88272835006194,
                43.11788954592946
              ],
              [
                131.88285016752516,
                43.117866349955925
              ],
              [
                131.8829406139114,
                43.11811738122318
              ],
              [
                131.88282320373065,
                43.11813973056234
              ],
              [
                131.88272835006194,
                43.11788954592946
              ]
            ]
          ]
        ]
      }
    },
    {
      "type": "Feature",
      "properties": {
        "fid": 280,
        "Layer": "LINES",
        "Text": "66",
        "id": 66,
        "number": "66",
        "description": "Доходный дом",
        "address": "Приморский край, г. Владивосток, ул. Алеутская, 26",
        "image": [
          "/photo/66.webp"
        ]
      },
      "geometry": {
        "type": "MultiPolygon",
        "coordinates": [
          [
            [
              [
                131.88336956747085,
                43.11786534300974
              ],
              [
                131.88353772396312,
                43.11783085952306
              ],
              [
                131.88355361037569,
                43.11787669259461
              ],
              [
                131.88354486395497,
                43.117888475437184
              ],
              [
                131.88340006455653,
                43.117917041907404
              ],
              [
                131.88338655431448,
                43.11791396764663
              ],
              [
                131.88336956747085,
                43.11786534300974
              ]
            ]
          ]
        ]
      }
    },
    {
      "type": "Feature",
      "properties": {
        "fid": 281,
        "Layer": "LINES",
        "Text": "67",
        "id": 67,
        "number": "67",
        "description": "Доходный дом",
        "address": "Приморский край, г. Владивосток, ул. Алеутская, 26",
        "image": [
          "/photo/67.webp"
        ]
      },
      "geometry": {
        "type": "MultiPolygon",
        "coordinates": [
          [
            [
              [
                131.88342228086134,
                43.117994116140686
              ],
              [
                131.88341388231575,
                43.117995785776415
              ],
              [
                131.88340818056335,
                43.1179782593655
              ],
              [
                131.8834188948827,
                43.11796548839536
              ],
              [
                131.88356787242424,
                43.11793674613677
              ],
              [
                131.88359661491947,
                43.11781913973509
              ],
              [
                131.88368584408735,
                43.11780049599248
              ],
              [
                131.88363044174622,
                43.11798739752303
              ],
              [
                131.88343158685439,
                43.11802551021067
              ],
              [
                131.88342228086134,
                43.117994116140686
              ]
            ]
          ]
        ]
      }
    },
    {
      "type": "Feature",
      "properties": {
        "fid": 282,
        "Layer": "LINES",
        "Text": "65",
        "id": 65,
        "number": "65",
        "description": "Доходный дом",
        "address": "Приморский край, г. Владивосток, ул. Алеутская, 26, стр. 1",
        "image": [
          "/photo/65.webp"
        ]
      },
      "geometry": {
        "type": "MultiPolygon",
        "coordinates": [
          [
            [
              [
                131.88314166052973,
                43.117917497746724
              ],
              [
                131.88329183665294,
                43.117887499603064
              ],
              [
                131.88333549873653,
                43.11801158009965
              ],
              [
                131.88342228086134,
                43.117994116140686
              ],
              [
                131.88343158685439,
                43.11802551021067
              ],
              [
                131.88319776657386,
                43.118071118173624
              ],
              [
                131.88314166052973,
                43.117917497746724
              ]
            ]
          ]
        ]
      }
    },
    {
      "type": "Feature",
      "properties": {
        "fid": 283,
        "Layer": "LINES",
        "Text": "63",
        "id": 63,
        "number": "63",
        "description": "Ансамбль многоэтажных жилых домов - памятник советской архитектуры 30-х годов",
        "address": "Приморский край, г. Владивосток, ул. Алеутская, д. 17, 19",
        "image": [
          "/photo/63.webp"
        ]
      },
      "geometry": {
        "type": "MultiPolygon",
        "coordinates": [
          [
            [
              [
                131.8816069828741,
                43.1157500810323
              ],
              [
                131.88160154665513,
                43.11575111048335
              ],
              [
                131.88158154147166,
                43.11569441306842
              ],
              [
                131.88158894013674,
                43.11569301199098
              ],
              [
                131.8815477946129,
                43.11557639967101
              ],
              [
                131.88154120290636,
                43.115577647935396
              ],
              [
                131.88152182773138,
                43.11552273573298
              ],
              [
                131.88152845352104,
                43.11552148101427
              ],
              [
                131.88148647488293,
                43.11540250683609
              ],
              [
                131.8814802569631,
                43.115403623261
              ],
              [
                131.88146219743928,
                43.11534964034857
              ],
              [
                131.88146772403394,
                43.11534864805081
              ],
              [
                131.88144085991067,
                43.115268346571014
              ],
              [
                131.88159634476048,
                43.11523762297324
              ],
              [
                131.881626036737,
                43.11532210468707
              ],
              [
                131.88165063672534,
                43.115329021803035
              ],
              [
                131.88165987582957,
                43.11535580639892
              ],
              [
                131.88164266029239,
                43.1153703182112
              ],
              [
                131.88168534039494,
                43.115495097858954
              ],
              [
                131.88171073725212,
                43.115502191330464
              ],
              [
                131.88171831271893,
                43.11552674859312
              ],
              [
                131.88170426918828,
                43.11554218507163
              ],
              [
                131.88174734229938,
                43.115669282252185
              ],
              [
                131.8817726348839,
                43.11567724672444
              ],
              [
                131.88178117026376,
                43.115703716838574
              ],
              [
                131.88176581194796,
                43.11572105426513
              ],
              [
                131.88179426184345,
                43.11580290320097
              ],
              [
                131.88160991223444,
                43.115837759951575
              ],
              [
                131.88160259614304,
                43.1158170252024
              ],
              [
                131.88162884941573,
                43.11581205365037
              ],
              [
                131.8816069828741,
                43.1157500810323
              ]
            ]
          ]
        ]
      }
    },
    {
      "type": "Feature",
      "properties": {
        "fid": 284,
        "Layer": "LINES",
        "Text": "416",
        "id": 379,
        "number": "416",
        "description": "Многоэтажный жилой дом - памятник советской архитектуры 30-х годов",
        "address": "Приморский край, г. Владивостокский городской округ, ул. Алеутская, 17",
        "image": [
          "/photo/416.webp"
        ]
      },
      "geometry": {
        "type": "MultiPolygon",
        "coordinates": [
          [
            [
              [
                131.88154760964056,
                43.1151159462305
              ],
              [
                131.88149625245617,
                43.11512553334781
              ],
              [
                131.88149253172818,
                43.11511526867422
              ],
              [
                131.88143819502696,
                43.11512583961057
              ],
              [
                131.8814415296379,
                43.11513503909421
              ],
              [
                131.88138398555915,
                43.11514689570422
              ],
              [
                131.88116196828673,
                43.114504469139796
              ],
              [
                131.88113432834848,
                43.114509677605504
              ],
              [
                131.8811277785288,
                43.11449106906519
              ],
              [
                131.8811554338798,
                43.11448585769529
              ],
              [
                131.881142781313,
                43.11444982033703
              ],
              [
                131.8813101483116,
                43.11441828156559
              ],
              [
                131.88132488668157,
                43.11446025943072
              ],
              [
                131.88133322588988,
                43.11445865519476
              ],
              [
                131.88136886373238,
                43.1145637051304
              ],
              [
                131.88141590223708,
                43.11455492912193
              ],
              [
                131.88143073533112,
                43.11460214927183
              ],
              [
                131.88138672194248,
                43.114610745517915
              ],
              [
                131.88142536867255,
                43.1147215922074
              ],
              [
                131.8814402931907,
                43.1147186413764
              ],
              [
                131.8814656326447,
                43.114800494298805
              ],
              [
                131.8814531767184,
                43.11480301631073
              ],
              [
                131.88154449890797,
                43.11506120319996
              ],
              [
                131.88153004324565,
                43.11506436103076
              ],
              [
                131.88154760964056,
                43.1151159462305
              ]
            ]
          ]
        ]
      }
    },
    {
      "type": "Feature",
      "properties": {
        "fid": 285,
        "Layer": "LINES",
        "Text": "61",
        "id": 61,
        "number": "61",
        "description": "Особняк Бриннеров",
        "address": "Приморский край, г. Владивосток, ул. Алеутская, 15, стр. Б",
        "image": [
          "/photo/61.webp"
        ]
      },
      "geometry": {
        "type": "MultiPolygon",
        "coordinates": [
          [
            [
              [
                131.88102164211938,
                43.114377534100434
              ],
              [
                131.8809455013689,
                43.114391924223696
              ],
              [
                131.88093097970162,
                43.11435176247276
              ],
              [
                131.88092188480124,
                43.11435341719815
              ],
              [
                131.88090505672557,
                43.11430463733838
              ],
              [
                131.88091413908748,
                43.1143033171838
              ],
              [
                131.88089392799722,
                43.11424253995686
              ],
              [
                131.8811046255232,
                43.114201891151396
              ],
              [
                131.8811033264511,
                43.11419772913532
              ],
              [
                131.8811118686555,
                43.114196316994885
              ],
              [
                131.88111303397446,
                43.114200182461374
              ],
              [
                131.8811471442979,
                43.11419313070691
              ],
              [
                131.8811482240762,
                43.1141967927767
              ],
              [
                131.88116953451168,
                43.1141928356793
              ],
              [
                131.8811747194064,
                43.114209394927094
              ],
              [
                131.88122192530216,
                43.1141994760574
              ],
              [
                131.88124736125664,
                43.114273741983055
              ],
              [
                131.88125552167077,
                43.114272954230934
              ],
              [
                131.88125666228746,
                43.11427885676285
              ],
              [
                131.88127452896956,
                43.11427577920059
              ],
              [
                131.88128968485532,
                43.11431809412574
              ],
              [
                131.88127149336987,
                43.11432104727829
              ],
              [
                131.88127491486335,
                43.11433070656124
              ],
              [
                131.88107083640963,
                43.11436780095791
              ],
              [
                131.8810757355336,
                43.11438104419494
              ],
              [
                131.88106370258464,
                43.11438336079728
              ],
              [
                131.8810644624654,
                43.11438541233951
              ],
              [
                131.88103811190467,
                43.11439049031927
              ],
              [
                131.88103721454377,
                43.114388141395125
              ],
              [
                131.88102638762007,
                43.11439018460375
              ],
              [
                131.88102164211938,
                43.114377534100434
              ]
            ]
          ]
        ]
      }
    },
    {
      "type": "Feature",
      "properties": {
        "fid": 286,
        "Layer": "LINES",
        "Text": "60",
        "id": 60,
        "number": "60",
        "description": "Дом Тагунова",
        "address": "Приморский край, г. Владивосток, ул. Алеутская, 14",
        "image": [
          "/photo/60.webp"
        ]
      },
      "geometry": {
        "type": "MultiPolygon",
        "coordinates": [
          [
            [
              [
                131.88221433061918,
                43.11467859842721
              ],
              [
                131.88237490863708,
                43.11464852933274
              ],
              [
                131.88241609766683,
                43.11476658568577
              ],
              [
                131.8821992676189,
                43.114807188217775
              ],
              [
                131.88221112716298,
                43.11484118040242
              ],
              [
                131.88210273764378,
                43.11486108856348
              ],
              [
                131.88204981682884,
                43.11470940425166
              ],
              [
                131.88214870859082,
                43.114690886430324
              ],
              [
                131.88214716357584,
                43.11468645803891
              ],
              [
                131.88221278559968,
                43.114674170036714
              ],
              [
                131.88221433061918,
                43.11467859842721
              ]
            ]
          ]
        ]
      }
    },
    {
      "type": "Feature",
      "properties": {
        "fid": 287,
        "Layer": "LINES",
        "Text": "62",
        "id": 62,
        "number": "62",
        "description": "Здание Купеческого собрания",
        "address": "Приморский край, г. Владивосток, ул. Алеутская, 16",
        "image": [
          "/photo/62.webp"
        ]
      },
      "geometry": {
        "type": "MultiPolygon",
        "coordinates": [
          [
            [
              [
                131.88249559139356,
                43.115334566416166
              ],
              [
                131.88254816649703,
                43.11548993556249
              ],
              [
                131.88255758136407,
                43.115488307003965
              ],
              [
                131.88257530006786,
                43.11553904785211
              ],
              [
                131.88247641068142,
                43.1155574181942
              ],
              [
                131.8824793972769,
                43.11556620934323
              ],
              [
                131.88242616413268,
                43.11557628594435
              ],
              [
                131.8824230432114,
                43.11556713636188
              ],
              [
                131.88233276875198,
                43.11558410189056
              ],
              [
                131.88232978292461,
                43.11557598073566
              ],
              [
                131.88232407078053,
                43.115577107874564
              ],
              [
                131.88231424766585,
                43.115548194405925
              ],
              [
                131.88232086253998,
                43.11554698825303
              ],
              [
                131.88231796472076,
                43.115538458775575
              ],
              [
                131.8823229658812,
                43.115537553723534
              ],
              [
                131.8822486120322,
                43.115317040677695
              ],
              [
                131.88224311896204,
                43.115318046487246
              ],
              [
                131.8822404002089,
                43.11531019471201
              ],
              [
                131.88223340045425,
                43.11531145647203
              ],
              [
                131.8822236637436,
                43.11528238105916
              ],
              [
                131.882230269893,
                43.11528119238479
              ],
              [
                131.88222758861676,
                43.115273194728196
              ],
              [
                131.88223338016317,
                43.115272134266085
              ],
              [
                131.8822166513587,
                43.11522309991791
              ],
              [
                131.88234863239956,
                43.11519958047917
              ],
              [
                131.8823513218493,
                43.115207680446666
              ],
              [
                131.88254148654852,
                43.11517379219615
              ],
              [
                131.88256965034734,
                43.115255850499786
              ],
              [
                131.88248075253094,
                43.11527222603261
              ],
              [
                131.88250105390682,
                43.11533354738286
              ],
              [
                131.88249559139356,
                43.115334566416166
              ]
            ]
          ]
        ]
      }
    },
    {
      "type": "Feature",
      "properties": {
        "fid": 288,
        "Layer": "LINES",
        "Text": "59",
        "id": 59,
        "number": "59",
        "description": "Дом, в котором в 1903-1905 гг. жила известная революционерка Л.А. Волкенштейн",
        "address": "Приморский край, г. Владивосток, ул. Алеутская, 13",
        "image": [
          "/photo/59.webp"
        ]
      },
      "geometry": {
        "type": "MultiPolygon",
        "coordinates": [
          [
            [
              [
                131.88136118796928,
                43.113595323939705
              ],
              [
                131.88140754876488,
                43.113728942908544
              ],
              [
                131.8812223768694,
                43.113760910104254
              ],
              [
                131.8812208444956,
                43.11375596558805
              ],
              [
                131.8812092500254,
                43.113748424794814
              ],
              [
                131.88120231989677,
                43.11373020293422
              ],
              [
                131.8812083133533,
                43.11371830892686
              ],
              [
                131.88121784879127,
                43.113716637290615
              ],
              [
                131.88115951219427,
                43.113543486253754
              ],
              [
                131.8813405982739,
                43.11350994309677
              ],
              [
                131.88136665034642,
                43.11359430496007
              ],
              [
                131.88136118796928,
                43.113595323939705
              ]
            ]
          ]
        ]
      }
    },
    {
      "type": "Feature",
      "properties": {
        "fid": 289,
        "Layer": "LINES",
        "Text": "58",
        "id": 58,
        "number": "58",
        "description": "Здание Русско-Азиатского банка",
        "address": "Приморский край, г. Владивосток, ул. Алеутская, 12",
        "image": [
          "/photo/58.webp"
        ]
      },
      "geometry": {
        "type": "MultiPolygon",
        "coordinates": [
          [
            [
              [
                131.8820940574804,
                43.11457506669355
              ],
              [
                131.88198776232028,
                43.11459707170877
              ],
              [
                131.88197188561523,
                43.114555909456726
              ],
              [
                131.88196818003888,
                43.114556676575724
              ],
              [
                131.8819473883623,
                43.11450277157825
              ],
              [
                131.88195743440792,
                43.11450069187105
              ],
              [
                131.88194894801111,
                43.114478689816856
              ],
              [
                131.8819434580034,
                43.11447982634455
              ],
              [
                131.88193727066337,
                43.11446378487118
              ],
              [
                131.88194572683798,
                43.11446203429485
              ],
              [
                131.88191608493733,
                43.11437221663236
              ],
              [
                131.88191145324384,
                43.114373175474356
              ],
              [
                131.88189462080857,
                43.114329535064385
              ],
              [
                131.88190303312567,
                43.11432779356693
              ],
              [
                131.88186860868453,
                43.114238543285396
              ],
              [
                131.88205051786952,
                43.11420073082049
              ],
              [
                131.88206415605208,
                43.11423594561139
              ],
              [
                131.8820558941222,
                43.11423765599126
              ],
              [
                131.88207629901376,
                43.11429055816956
              ],
              [
                131.88210500703877,
                43.11428461504777
              ],
              [
                131.88215710518315,
                43.11441968526708
              ],
              [
                131.8822371417066,
                43.11440311609734
              ],
              [
                131.8822238077554,
                43.114368546525064
              ],
              [
                131.88228519533368,
                43.11435583801834
              ],
              [
                131.8823498130094,
                43.11452336484822
              ],
              [
                131.8822422076308,
                43.114545641380346
              ],
              [
                131.88224066764752,
                43.1145416488354
              ],
              [
                131.88209296207648,
                43.11457222674274
              ],
              [
                131.8820940574804,
                43.11457506669355
              ]
            ]
          ]
        ]
      }
    },
    {
      "type": "Feature",
      "properties": {
        "fid": 290,
        "Layer": "LINES",
        "Text": "56",
        "id": 56,
        "number": "56",
        "description": "Жилой дом управления железной дороги",
        "address": "Приморский край, г. Владивосток, ул. Алеутская, 10",
        "image": [
          "/photo/56.webp"
        ]
      },
      "geometry": {
        "type": "MultiPolygon",
        "coordinates": [
          [
            [
              [
                131.88194069727945,
                43.11378761688714
              ],
              [
                131.88169176453178,
                43.11383868704418
              ],
              [
                131.88162566714993,
                43.113649929614674
              ],
              [
                131.8818158199686,
                43.11361586619638
              ],
              [
                131.8818742315672,
                43.113765244098545
              ],
              [
                131.88192757114442,
                43.11375404916921
              ],
              [
                131.88194069727945,
                43.11378761688714
              ]
            ]
          ]
        ]
      }
    },
    {
      "type": "Feature",
      "properties": {
        "fid": 291,
        "Layer": "LINES",
        "Text": "57",
        "id": 57,
        "number": "57",
        "description": "Жилой дом управления железной дороги",
        "address": "Приморский край, г. Владивосток, ул. Алеутская, 8",
        "image": [
          "/photo/57.webp"
        ]
      },
      "geometry": {
        "type": "MultiPolygon",
        "coordinates": [
          [
            [
              [
                131.88171770672412,
                43.1133359611868
              ],
              [
                131.88154443091562,
                43.11336590388841
              ],
              [
                131.88152170393684,
                43.11329508436595
              ],
              [
                131.88153396311554,
                43.113293101155875
              ],
              [
                131.88152460773838,
                43.11326107018798
              ],
              [
                131.8815128305589,
                43.11326256561064
              ],
              [
                131.88149258061216,
                43.11319627534326
              ],
              [
                131.8815053386442,
                43.113194187516875
              ],
              [
                131.88149399314264,
                43.11315343568343
              ],
              [
                131.88156616570083,
                43.11314324163352
              ],
              [
                131.88157124789322,
                43.11316476658068
              ],
              [
                131.88164002525605,
                43.113156050489934
              ],
              [
                131.88166870431672,
                43.11325806930982
              ],
              [
                131.88173900062836,
                43.11324746253127
              ],
              [
                131.88176195599303,
                43.11333031827277
              ],
              [
                131.88171855361497,
                43.11333840182207
              ],
              [
                131.88171770672412,
                43.1133359611868
              ]
            ]
          ]
        ]
      }
    },
    {
      "type": "Feature",
      "properties": {
        "fid": 292,
        "Layer": "LINES",
        "Text": "55",
        "id": 55,
        "number": "55",
        "description": "Здание управления Уссурийской железной дороги",
        "address": "Приморский край, г. Владивосток, ул. Алеутская, 6",
        "image": [
          "/photo/55.webp"
        ]
      },
      "geometry": {
        "type": "MultiPolygon",
        "coordinates": [
          [
            [
              [
                131.881695158213,
                43.1128917539891
              ],
              [
                131.88164706682377,
                43.112791361048366
              ],
              [
                131.8817080676892,
                43.1127744531178
              ],
              [
                131.88162809671115,
                43.112607375087364
              ],
              [
                131.88153191822204,
                43.11262964268138
              ],
              [
                131.88154112196122,
                43.11265290484168
              ],
              [
                131.88142871943987,
                43.11267874526494
              ],
              [
                131.88137622472735,
                43.11255201711262
              ],
              [
                131.88149102506492,
                43.11252683180183
              ],
              [
                131.88174726735653,
                43.1124683891235
              ],
              [
                131.88176869203576,
                43.11251284383114
              ],
              [
                131.88176243715793,
                43.11251424369316
              ],
              [
                131.88180853394428,
                43.112621557764655
              ],
              [
                131.88181472355336,
                43.112620005930445
              ],
              [
                131.88184524880978,
                43.11269106899263
              ],
              [
                131.8818394467008,
                43.11269248223671
              ],
              [
                131.88188472315096,
                43.11279892661715
              ],
              [
                131.8818909094327,
                43.11279736699567
              ],
              [
                131.88191026246307,
                43.11284242076478
              ],
              [
                131.881904031187,
                43.1128438756498
              ],
              [
                131.88193781212834,
                43.11292251738357
              ],
              [
                131.88188509602293,
                43.11293578393694
              ],
              [
                131.88176669985222,
                43.11296557944885
              ],
              [
                131.88172746374607,
                43.11288191331793
              ],
              [
                131.881695158213,
                43.1128917539891
              ]
            ]
          ]
        ]
      }
    },
    {
      "type": "Feature",
      "properties": {
        "fid": 293,
        "Layer": "LINES",
        "Text": "54",
        "id": 54,
        "number": "54",
        "description": "Дом  Даттана",
        "address": "Приморский край, г. Владивосток, ул. Адмирала Фокина, 24",
        "image": [
          "/photo/54.webp"
        ]
      },
      "geometry": {
        "type": "MultiPolygon",
        "coordinates": [
          [
            [
              [
                131.8865900059073,
                43.11656461078947
              ],
              [
                131.88672297928179,
                43.116537560694766
              ],
              [
                131.88672976262762,
                43.116555755934655
              ],
              [
                131.88685696276457,
                43.11652968942143
              ],
              [
                131.886907689411,
                43.116661048891736
              ],
              [
                131.88678706000115,
                43.11668842297535
              ],
              [
                131.88665652285738,
                43.1167145230845
              ],
              [
                131.88664757937374,
                43.11671305442699
              ],
              [
                131.8865900059073,
                43.11656461078947
              ]
            ]
          ]
        ]
      }
    },
    {
      "type": "Feature",
      "properties": {
        "fid": 294,
        "Layer": "LINES",
        "Text": "53",
        "id": 53,
        "number": "53",
        "description": "Дом доходный Демби А.Г",
        "address": "Приморский край, г. Владивосток, ул. Адмирала Фокина, 25",
        "image": [
          "/photo/53.webp"
        ]
      },
      "geometry": {
        "type": "MultiPolygon",
        "coordinates": [
          [
            [
              [
                131.88528916829597,
                43.11717556949097
              ],
              [
                131.88554542105044,
                43.117125333564346
              ],
              [
                131.88559434261768,
                43.11724960743081
              ],
              [
                131.88533369363256,
                43.117298074367056
              ],
              [
                131.88528916829597,
                43.11717556949097
              ]
            ]
          ]
        ]
      }
    },
    {
      "type": "Feature",
      "properties": {
        "fid": 295,
        "Layer": "LINES",
        "Text": "50",
        "id": 50,
        "number": "50",
        "description": "Доходный дом",
        "address": "Приморский край, г. Владивосток, Адмирала Фокина ул., 23, лит.1",
        "image": [
          "/photo/50.webp"
        ]
      },
      "geometry": {
        "type": "MultiPolygon",
        "coordinates": [
          [
            [
              [
                131.88478631678905,
                43.11726783217925
              ],
              [
                131.88478827055184,
                43.11727431512285
              ],
              [
                131.88491996516905,
                43.117248178785175
              ],
              [
                131.88496988117657,
                43.11740231746029
              ],
              [
                131.88491776436885,
                43.11741234643355
              ],
              [
                131.8849070111377,
                43.1173806508419
              ],
              [
                131.88486669413993,
                43.11738853136652
              ],
              [
                131.88486998744767,
                43.11739832330167
              ],
              [
                131.88477325700728,
                43.117417241390775
              ],
              [
                131.88472338257964,
                43.11728037052194
              ],
              [
                131.88478631678905,
                43.11726783217925
              ]
            ]
          ]
        ]
      }
    },
    {
      "type": "Feature",
      "properties": {
        "fid": 296,
        "Layer": "LINES",
        "Text": "51",
        "id": 51,
        "number": "51",
        "description": "Доходный дом",
        "address": "Приморский край, г. Владивосток, Адмирала Фокина ул., 23а",
        "image": [
          "/photo/51.webp"
        ]
      },
      "geometry": {
        "type": "MultiPolygon",
        "coordinates": [
          [
            [
              [
                131.88491996516905,
                43.117248178785175
              ],
              [
                131.8852829194318,
                43.11717679843447
              ],
              [
                131.8853232343316,
                43.117284037252446
              ],
              [
                131.88495400245094,
                43.11735189390106
              ],
              [
                131.88491996516905,
                43.117248178785175
              ]
            ]
          ]
        ]
      }
    },
    {
      "type": "Feature",
      "properties": {
        "fid": 297,
        "Layer": "LINES",
        "Text": "52",
        "id": 52,
        "number": "52",
        "description": "Дом доходный Демби А.Г",
        "address": "Приморский край, г. Владивосток, Океанский пр-т, 9, лит А",
        "image": [
          "/photo/52.webp"
        ]
      },
      "geometry": {
        "type": "MultiPolygon",
        "coordinates": [
          [
            [
              [
                131.88554542105044,
                43.117125333564346
              ],
              [
                131.88581197414874,
                43.11707140004997
              ],
              [
                131.88583791804012,
                43.11707983852482
              ],
              [
                131.8858435903338,
                43.117099640038155
              ],
              [
                131.8858397327557,
                43.11710024926176
              ],
              [
                131.88588898661357,
                43.11722369902603
              ],
              [
                131.88587772572242,
                43.11722594822026
              ],
              [
                131.88591415022773,
                43.11733078654714
              ],
              [
                131.88592514600614,
                43.117328674691684
              ],
              [
                131.88593883337447,
                43.11736939932497
              ],
              [
                131.88573392820715,
                43.117409490136474
              ],
              [
                131.88569079053332,
                43.117296152276275
              ],
              [
                131.88568634024503,
                43.11729717413088
              ],
              [
                131.8856634886249,
                43.11723676205273
              ],
              [
                131.88559434261768,
                43.11724960743081
              ],
              [
                131.88554542105044,
                43.117125333564346
              ]
            ]
          ]
        ]
      }
    },
    {
      "type": "Feature",
      "properties": {
        "fid": 298,
        "Layer": "LINES",
        "Text": "49",
        "id": 49,
        "number": "49",
        "description": "Консульство японское",
        "address": "Приморский край, г. Владивосток, Океанский пр., 7",
        "image": [
          "/photo/49.webp"
        ]
      },
      "geometry": {
        "type": "MultiPolygon",
        "coordinates": [
          [
            [
              [
                131.8856787490768,
                43.116822431658164
              ],
              [
                131.88567856848502,
                43.11682636601235
              ],
              [
                131.88569790616978,
                43.1168619230429
              ],
              [
                131.88570535024343,
                43.11686497659056
              ],
              [
                131.8856885032944,
                43.11688729767542
              ],
              [
                131.885681405479,
                43.116884371401426
              ],
              [
                131.88562110446114,
                43.11688964163988
              ],
              [
                131.88562386247952,
                43.11689713269875
              ],
              [
                131.88545990772448,
                43.116929079098504
              ],
              [
                131.8854357846663,
                43.116858487229635
              ],
              [
                131.88547235587058,
                43.11685027411475
              ],
              [
                131.8854561517672,
                43.1168067242107
              ],
              [
                131.8854274079471,
                43.11679831862263
              ],
              [
                131.88541792789397,
                43.11677229043869
              ],
              [
                131.8854358075268,
                43.116753651108866
              ],
              [
                131.88542114848664,
                43.11671771796421
              ],
              [
                131.88538769918145,
                43.11672415731343
              ],
              [
                131.88536097493085,
                43.11665495893255
              ],
              [
                131.88560136044845,
                43.11660785887819
              ],
              [
                131.88563842186798,
                43.11670816302307
              ],
              [
                131.88567707419784,
                43.1167006612554
              ],
              [
                131.8857200307323,
                43.11681581718372
              ],
              [
                131.8856787490768,
                43.116822431658164
              ]
            ]
          ]
        ]
      }
    },
    {
      "type": "Feature",
      "properties": {
        "fid": 299,
        "Layer": "LINES",
        "Text": "48",
        "id": 48,
        "number": "48",
        "description": "Доходный дом",
        "address": "Приморский край, г. Владивосток, ул. Адмирала Фокина, 19",
        "image": [
          "/photo/48.webp"
        ]
      },
      "geometry": {
        "type": "MultiPolygon",
        "coordinates": [
          [
            [
              [
                131.88364411216048,
                43.11764743053275
              ],
              [
                131.88370495915333,
                43.11763435057704
              ],
              [
                131.88372561359,
                43.11769288038581
              ],
              [
                131.88372167530534,
                43.117727402153896
              ],
              [
                131.88367244770689,
                43.11773747290095
              ],
              [
                131.88364411216048,
                43.11764743053275
              ]
            ]
          ]
        ]
      }
    },
    {
      "type": "Feature",
      "properties": {
        "fid": 300,
        "Layer": "LINES",
        "Text": "48",
        "id": 48,
        "number": "48",
        "description": "Доходный дом",
        "address": "Приморский край, г. Владивосток, ул. Адмирала Фокина, 19",
        "image": [
          "/photo/48.webp"
        ]
      },
      "geometry": {
        "type": "MultiPolygon",
        "coordinates": [
          [
            [
              [
                131.88358584425814,
                43.11750038982558
              ],
              [
                131.8838389890486,
                43.11745292985669
              ],
              [
                131.88379689146822,
                43.117557302651655
              ],
              [
                131.88372911312808,
                43.11756476529306
              ],
              [
                131.88373886186665,
                43.11759726541705
              ],
              [
                131.883629013189,
                43.11761758678397
              ],
              [
                131.88358584425814,
                43.11750038982558
              ]
            ]
          ]
        ]
      }
    },
    {
      "type": "Feature",
      "properties": {
        "fid": 301,
        "Layer": "LINES",
        "Text": "47",
        "id": 47,
        "number": "47",
        "description": "Дом доходный Купера А.К",
        "address": "Приморский край, г. Владивосток, ул. Адмирала Фокина, 18 (Лит.А, Лит.А3, Лит.А4)",
        "image": [
          "/photo/47.webp"
        ]
      },
      "geometry": {
        "type": "MultiPolygon",
        "coordinates": [
          [
            [
              [
                131.88458167751125,
                43.116943639858874
              ],
              [
                131.88468707433645,
                43.116924055568255
              ],
              [
                131.88469465527115,
                43.116947515117644
              ],
              [
                131.88504772956324,
                43.11687981282674
              ],
              [
                131.88509795089516,
                43.117012016659345
              ],
              [
                131.88505940156574,
                43.11702013853084
              ],
              [
                131.88505815682552,
                43.11701713947684
              ],
              [
                131.88491851755722,
                43.11704514482357
              ],
              [
                131.88491953589275,
                43.117047644021945
              ],
              [
                131.8848358394189,
                43.11706646241017
              ],
              [
                131.88463530440177,
                43.11710304393437
              ],
              [
                131.88458167751125,
                43.116943639858874
              ]
            ]
          ]
        ]
      }
    },
    {
      "type": "Feature",
      "properties": {
        "fid": 302,
        "Layer": "LINES",
        "Text": "46",
        "id": 46,
        "number": "46",
        "description": "Дом доходный",
        "address": "Приморский край, г. Владивосток, ул. Адмирала Фокина, 17, строение А",
        "image": [
          "/photo/46.webp"
        ]
      },
      "geometry": {
        "type": "MultiPolygon",
        "coordinates": [
          [
            [
              [
                131.88360720748247,
                43.117589906072965
              ],
              [
                131.88356787118528,
                43.117596487395296
              ],
              [
                131.8835763301668,
                43.11762431796095
              ],
              [
                131.88336688367687,
                43.117661549738855
              ],
              [
                131.88337274318283,
                43.11768171874715
              ],
              [
                131.88340420960563,
                43.11767599003224
              ],
              [
                131.88342375551431,
                43.11773577895149
              ],
              [
                131.8833620371978,
                43.11774760938172
              ],
              [
                131.88330099444613,
                43.11755293901855
              ],
              [
                131.8835754561354,
                43.11750234879393
              ],
              [
                131.88360720748247,
                43.117589906072965
              ]
            ]
          ]
        ]
      }
    },
    {
      "type": "Feature",
      "properties": {
        "fid": 303,
        "Layer": "LINES",
        "Text": "45",
        "id": 45,
        "number": "45",
        "description": "Дом доходный",
        "address": "Приморский край, г. Владивосток, ул. Адмирала Фокина, 16, стр. 1",
        "image": [
          "/photo/45.webp"
        ]
      },
      "geometry": {
        "type": "MultiPolygon",
        "coordinates": [
          [
            [
              [
                131.88447224516773,
                43.11703634752052
              ],
              [
                131.88449869309383,
                43.11703153476566
              ],
              [
                131.88447590945435,
                43.11696405686432
              ],
              [
                131.88458167751125,
                43.116943639858874
              ],
              [
                131.88463229115374,
                43.117094209459474
              ],
              [
                131.88449903467824,
                43.117119761034544
              ],
              [
                131.88447224516773,
                43.11703634752052
              ]
            ]
          ]
        ]
      }
    },
    {
      "type": "Feature",
      "properties": {
        "fid": 304,
        "Layer": "LINES",
        "Text": "44",
        "id": 44,
        "number": "44",
        "description": "Доходный дом",
        "address": "Приморский край, г. Владивосток, ул. Алеутская, 24",
        "image": [
          "/photo/44.webp"
        ]
      },
      "geometry": {
        "type": "MultiPolygon",
        "coordinates": [
          [
            [
              [
                131.8831176991313,
                43.11785365365294
              ],
              [
                131.88338627942835,
                43.11780019032352
              ],
              [
                131.88340582947092,
                43.11785781892511
              ],
              [
                131.88313921405341,
                43.11791173437905
              ],
              [
                131.8831176991313,
                43.11785365365294
              ]
            ]
          ]
        ]
      }
    },
    {
      "type": "Feature",
      "properties": {
        "fid": 305,
        "Layer": "LINES",
        "Text": "43",
        "id": 43,
        "number": "43",
        "description": "Доходный дом",
        "address": "Приморский край, г. Владивосток, ул. Адмирала Фокина, 15",
        "image": [
          "/photo/43.webp"
        ]
      },
      "geometry": {
        "type": "MultiPolygon",
        "coordinates": [
          [
            [
              [
                131.8830274963813,
                43.11760341377258
              ],
              [
                131.88330099444613,
                43.11755293901855
              ],
              [
                131.88334714996813,
                43.11770041539791
              ],
              [
                131.88317785400037,
                43.11773429680371
              ],
              [
                131.8830758709911,
                43.117751715548444
              ],
              [
                131.8830274963813,
                43.11760341377258
              ]
            ]
          ]
        ]
      }
    },
    {
      "type": "Feature",
      "properties": {
        "fid": 306,
        "Layer": "LINES",
        "Text": "42",
        "id": 42,
        "number": "42",
        "description": "Дом доходный",
        "address": "Приморский край, г. Владивосток, ул. Адмирала Фокина, 14, стр. А",
        "image": [
          "/photo/42.webp"
        ]
      },
      "geometry": {
        "type": "MultiPolygon",
        "coordinates": [
          [
            [
              [
                131.8838293908437,
                43.11688884390384
              ],
              [
                131.88390920669968,
                43.11688775755633
              ],
              [
                131.8839134877384,
                43.11693265802791
              ],
              [
                131.8839089309076,
                43.11711155492595
              ],
              [
                131.8838343744399,
                43.11711256968725
              ],
              [
                131.8838293908437,
                43.11688884390384
              ]
            ]
          ]
        ]
      }
    },
    {
      "type": "Feature",
      "properties": {
        "fid": 307,
        "Layer": "LINES",
        "Text": "41",
        "id": 41,
        "number": "41",
        "description": "Доходный дом",
        "address": "Приморский край, г. Владивосток, ул. Адмирала Фокина, 14",
        "image": [
          "/photo/41.webp"
        ]
      },
      "geometry": {
        "type": "MultiPolygon",
        "coordinates": [
          [
            [
              [
                131.88389394160671,
                43.11724343436337
              ],
              [
                131.88353158846314,
                43.11730831787093
              ],
              [
                131.8834979457254,
                43.117208741479104
              ],
              [
                131.88390645257886,
                43.11713456387254
              ],
              [
                131.88389394160671,
                43.11724343436337
              ]
            ]
          ]
        ]
      }
    },
    {
      "type": "Feature",
      "properties": {
        "fid": 308,
        "Layer": "LINES",
        "Text": "36",
        "id": 36,
        "number": "36",
        "description": "Дом Ху-Сын-хэ",
        "address": "Приморский край, г. Владивосток, ул. Адмирала Фокина, 11, строение 1",
        "image": [
          "/photo/36.webp"
        ]
      },
      "geometry": {
        "type": "MultiPolygon",
        "coordinates": [
          [
            [
              [
                131.88254374371036,
                43.11783727967337
              ],
              [
                131.8822694042312,
                43.11789077814103
              ],
              [
                131.88222346817673,
                43.11776785172151
              ],
              [
                131.88249758108995,
                43.11771286595662
              ],
              [
                131.88254374371036,
                43.11783727967337
              ]
            ]
          ]
        ]
      }
    },
    {
      "type": "Feature",
      "properties": {
        "fid": 309,
        "Layer": "LINES",
        "Text": null
      },
      "geometry": {
        "type": "MultiPolygon",
        "coordinates": [
          [
            [
              [
                131.88243537150458,
                43.118116692000285
              ],
              [
                131.8823584213816,
                43.118130787701574
              ],
              [
                131.88228087880532,
                43.117920819183695
              ],
              [
                131.8823603820024,
                43.11790558764726
              ],
              [
                131.88243537150458,
                43.118116692000285
              ]
            ]
          ]
        ]
      }
    },
    {
      "type": "Feature",
      "properties": {
        "fid": 310,
        "Layer": "LINES",
        "Text": "37",
        "id": 37,
        "number": "37",
        "description": "Дом Ху-Сын-хэ",
        "address": "Приморский край, г. Владивосток, ул. Адмирала Фокина, 11 в",
        "image": [
          "/photo/37.webp"
        ]
      },
      "geometry": {
        "type": "MultiPolygon",
        "coordinates": [
          [
            [
              [
                131.88263151027533,
                43.11807870460221
              ],
              [
                131.88254521609844,
                43.11809760872216
              ],
              [
                131.88247325762774,
                43.11789378447821
              ],
              [
                131.88255827050702,
                43.117877222780585
              ],
              [
                131.88263151027533,
                43.11807870460221
              ]
            ]
          ]
        ]
      }
    },
    {
      "type": "Feature",
      "properties": {
        "fid": 311,
        "Layer": "LINES",
        "Text": "39",
        "id": 39,
        "number": "39",
        "description": "Дом Ху-Сын-хэ",
        "address": "Приморский край, г. Владивосток, ул. Адмирала Фокина, 11 б (строение 4)"
      },
      "geometry": {
        "type": "MultiPolygon",
        "coordinates": [
          [
            [
              [
                131.88266699656796,
                43.11817579954369
              ],
              [
                131.88238864336043,
                43.11823087560901
              ],
              [
                131.8823635983182,
                43.118156690366646
              ],
              [
                131.88264026979587,
                43.11810279984985
              ],
              [
                131.88266699656796,
                43.11817579954369
              ]
            ]
          ]
        ]
      }
    },
    {
      "type": "Feature",
      "properties": {
        "fid": 312,
        "Layer": "LINES",
        "Text": "31",
        "id": 31,
        "number": "31",
        "description": "Дом доходный П.С. Цоя",
        "address": "Приморский край, Владивостокский городской округ, г. Владивосток, ул. Адмирала Фокина, 10 г",
        "image": [
          "/photo/31.webp"
        ]
      },
      "geometry": {
        "type": "MultiPolygon",
        "coordinates": [
          [
            [
              [
                131.88204527984013,
                43.11725806375841
              ],
              [
                131.88202135021783,
                43.117253176735424
              ],
              [
                131.8819109613797,
                43.11696173103687
              ],
              [
                131.88198298918692,
                43.11694704035248
              ],
              [
                131.88212384744008,
                43.11732769394939
              ],
              [
                131.8820754229755,
                43.11733786771832
              ],
              [
                131.88204527984013,
                43.11725806375841
              ]
            ]
          ]
        ]
      }
    },
    {
      "type": "Feature",
      "properties": {
        "fid": 313,
        "Layer": "LINES",
        "Text": "33",
        "id": 33,
        "number": "33",
        "description": "Дом доходный П.С. Цоя",
        "address": "Приморский край, г. Владивосток, ул. Адмирала Фокина, 10 б",
        "image": [
          "/photo/33.webp"
        ]
      },
      "geometry": {
        "type": "MultiPolygon",
        "coordinates": [
          [
            [
              [
                131.88246840581797,
                43.11676399871002
              ],
              [
                131.88234018462217,
                43.11678627645027
              ],
              [
                131.8823310961858,
                43.116757394088935
              ],
              [
                131.8823035876662,
                43.11676264091866
              ],
              [
                131.88230790972827,
                43.11677599014129
              ],
              [
                131.88226271336833,
                43.11678485095785
              ],
              [
                131.8822429369521,
                43.11673146054263
              ],
              [
                131.88244322597865,
                43.11669323552685
              ],
              [
                131.88246840581797,
                43.11676399871002
              ]
            ]
          ]
        ]
      }
    },
    {
      "type": "Feature",
      "properties": {
        "fid": 314,
        "Layer": "LINES",
        "Text": "34",
        "id": 34,
        "number": "34",
        "description": "Дом доходный П.С. Цоя",
        "address": "Приморский край, г. Владивосток, ул. Адмирала Фокина, 10 в",
        "image": [
          "/photo/34.webp"
        ]
      },
      "geometry": {
        "type": "MultiPolygon",
        "coordinates": [
          [
            [
              [
                131.88226271336833,
                43.11678485095785
              ],
              [
                131.8820248282493,
                43.1168274641692
              ],
              [
                131.8820076117749,
                43.1167763457519
              ],
              [
                131.8822429369521,
                43.11673146054263
              ],
              [
                131.88226271336833,
                43.11678485095785
              ]
            ]
          ]
        ]
      }
    },
    {
      "type": "Feature",
      "properties": {
        "fid": 315,
        "Layer": "LINES",
        "Text": "35",
        "id": 35,
        "number": "35",
        "description": "Дом доходный П.С. Цоя",
        "address": "Приморский край, г. Владивосток, ул. Адмирала Фокина, 10",
        "image": [
          "/photo/35.webp"
        ]
      },
      "geometry": {
        "type": "MultiPolygon",
        "coordinates": [
          [
            [
              [
                131.88241987684475,
                43.11749983968698
              ],
              [
                131.88215279227722,
                43.11755183241922
              ],
              [
                131.88210879162753,
                43.11743183367058
              ],
              [
                131.88217149018078,
                43.11741992820413
              ],
              [
                131.88218637976905,
                43.11744125152502
              ],
              [
                131.88221580276905,
                43.11740589215181
              ],
              [
                131.882345069025,
                43.11738308153061
              ],
              [
                131.88237808365585,
                43.11739487519212
              ],
              [
                131.88241987684475,
                43.11749983968698
              ]
            ]
          ]
        ]
      }
    },
    {
      "type": "Feature",
      "properties": {
        "fid": 316,
        "Layer": "LINES",
        "Text": "32",
        "id": 32,
        "number": "32",
        "description": "Дом доходный П.С. Цоя",
        "address": "Приморский край, г. Владивосток, ул. Алеутская, 25",
        "image": [
          "/photo/32.webp"
        ]
      },
      "geometry": {
        "type": "MultiPolygon",
        "coordinates": [
          [
            [
              [
                131.88262130995082,
                43.11730049871327
              ],
              [
                131.8825211037248,
                43.117318818805295
              ],
              [
                131.88233192651936,
                43.11679330376429
              ],
              [
                131.8824342363107,
                43.11677365458331
              ],
              [
                131.88262130995082,
                43.11730049871327
              ]
            ]
          ]
        ]
      }
    },
    {
      "type": "Feature",
      "properties": {
        "fid": 317,
        "Layer": "LINES",
        "Text": "30",
        "id": 30,
        "number": "30",
        "description": "Дом доходный П.С. Цоя",
        "address": "Приморский край, г. Владивосток, ул. Алеутская, 27",
        "image": [
          "/photo/30.webp"
        ]
      },
      "geometry": {
        "type": "MultiPolygon",
        "coordinates": [
          [
            [
              [
                131.88270341421344,
                43.117445467569944
              ],
              [
                131.88241987684475,
                43.11749983968698
              ],
              [
                131.88239026075112,
                43.117425413680735
              ],
              [
                131.882425541107,
                43.11741831955255
              ],
              [
                131.88241747804022,
                43.117397502758166
              ],
              [
                131.88254115940285,
                43.11737294686456
              ],
              [
                131.8825211037248,
                43.117318818805295
              ],
              [
                131.88265039642297,
                43.117295238824155
              ],
              [
                131.88270341421344,
                43.117445467569944
              ]
            ]
          ]
        ]
      }
    },
    {
      "type": "Feature",
      "properties": {
        "fid": 318,
        "Layer": "LINES",
        "Text": "29",
        "id": 29,
        "number": "29",
        "description": "Доходный дом П.С. Цоя",
        "address": "Приморский край, г. Владивосток, ул. Адмирала Фокина, 10 а",
        "image": [
          "/photo/29.webp"
        ]
      },
      "geometry": {
        "type": "MultiPolygon",
        "coordinates": [
          [
            [
              [
                131.88243412185622,
                43.11729419247781
              ],
              [
                131.88228397251441,
                43.117324473661505
              ],
              [
                131.88211546901115,
                43.11688881380891
              ],
              [
                131.88227913894198,
                43.11685592851906
              ],
              [
                131.88243412185622,
                43.11729419247781
              ]
            ]
          ]
        ]
      }
    },
    {
      "type": "Feature",
      "properties": {
        "fid": 319,
        "Layer": "LINES",
        "Text": "27",
        "id": 27,
        "number": "27",
        "description": "Дом Штабеля",
        "address": "Приморский край, г. Владивосток, ул. Адмирала Фокина, 9 г",
        "image": [
          "/photo/27.webp"
        ]
      },
      "geometry": {
        "type": "MultiPolygon",
        "coordinates": [
          [
            [
              [
                131.8823420953274,
                43.11810419977357
              ],
              [
                131.88225879485904,
                43.11811912077146
              ],
              [
                131.88218352758767,
                43.11789914017351
              ],
              [
                131.88226512245964,
                43.1178840112109
              ],
              [
                131.8823420953274,
                43.11810419977357
              ]
            ]
          ]
        ]
      }
    },
    {
      "type": "Feature",
      "properties": {
        "fid": 320,
        "Layer": "LINES",
        "Text": "26",
        "id": 26,
        "number": "26",
        "description": "Дом Штабеля",
        "address": "Приморский край, Владивостокский городской округ, г. Владивосток, ул. Адмирала Фокина, 9, строение 4 (в)",
        "image": [
          "/photo/26.webp"
        ]
      },
      "geometry": {
        "type": "MultiPolygon",
        "coordinates": [
          [
            [
              [
                131.8821554050456,
                43.11814655819835
              ],
              [
                131.88200225278814,
                43.11817313397763
              ],
              [
                131.88192974965128,
                43.11798574095245
              ],
              [
                131.88208217150947,
                43.11795538394848
              ],
              [
                131.8821554050456,
                43.11814655819835
              ]
            ]
          ]
        ]
      }
    },
    {
      "type": "Feature",
      "properties": {
        "fid": 321,
        "Layer": "LINES",
        "Text": "25",
        "id": 25,
        "number": "25",
        "description": "Дом Штабеля",
        "address": "Приморский край, г. Владивосток, ул. Адмирала Фокина, 9 строение 3 (б)",
        "image": [
          "/photo/25.webp"
        ]
      },
      "geometry": {
        "type": "MultiPolygon",
        "coordinates": [
          [
            [
              [
                131.88238864336043,
                43.11823087560901
              ],
              [
                131.88216896645477,
                43.11827407081946
              ],
              [
                131.88213494941238,
                43.118182393335864
              ],
              [
                131.88235455186742,
                43.118140740369306
              ],
              [
                131.88238864336043,
                43.11823087560901
              ]
            ]
          ]
        ]
      }
    },
    {
      "type": "Feature",
      "properties": {
        "fid": 322,
        "Layer": "LINES",
        "Text": "24",
        "id": 24,
        "number": "24",
        "description": "Дом Штабеля",
        "address": "Приморский край, г. Владивосток, ул. Адмирала Фокина, 9, строение 2 (а)",
        "image": [
          "/photo/24.webp"
        ]
      },
      "geometry": {
        "type": "MultiPolygon",
        "coordinates": [
          [
            [
              [
                131.8821688329084,
                43.118274894027635
              ],
              [
                131.88181512572098,
                43.11834551190566
              ],
              [
                131.88178754545186,
                43.11827098090465
              ],
              [
                131.88214239842355,
                43.11820359364919
              ],
              [
                131.8821688329084,
                43.118274894027635
              ]
            ]
          ]
        ]
      }
    },
    {
      "type": "Feature",
      "properties": {
        "fid": 323,
        "Layer": "LINES",
        "Text": "28",
        "id": 28,
        "number": "28",
        "description": "Дом Штабеля",
        "address": "Приморский край, Владивостокский городской округ, г. Владивосток, ул. Адмирала Фокина, 9",
        "image": [
          "/photo/28.webp",
          "/photo/28_2.webp"
        ]
      },
      "geometry": {
        "type": "MultiPolygon",
        "coordinates": [
          [
            [
              [
                131.8818736630983,
                43.118217110671836
              ],
              [
                131.88178839286525,
                43.11823411871448
              ],
              [
                131.8816849105705,
                43.117956496164645
              ],
              [
                131.88164953373706,
                43.11786741890403
              ],
              [
                131.8822190655163,
                43.11775704556045
              ],
              [
                131.88225346119438,
                43.1178514919929
              ],
              [
                131.88178103809372,
                43.11793864272065
              ],
              [
                131.8818736630983,
                43.118217110671836
              ]
            ]
          ]
        ]
      }
    },
    {
      "type": "Feature",
      "properties": {
        "fid": 324,
        "Layer": "LINES",
        "Text": "23",
        "id": 23,
        "number": "23",
        "description": "Доходный дом А.Д. Золотухина",
        "address": "Приморский край, г. Владивосток, ул. Адмирала Фокина, 7а",
        "image": [
          "/photo/23.webp"
        ]
      },
      "geometry": {
        "type": "MultiPolygon",
        "coordinates": [
          [
            [
              [
                131.88181142809418,
                43.118335538342585
              ],
              [
                131.88149776713072,
                43.11839794368046
              ],
              [
                131.88146855768647,
                43.11831445298877
              ],
              [
                131.8817803365813,
                43.11825395480309
              ],
              [
                131.88181142809418,
                43.118335538342585
              ]
            ]
          ]
        ]
      }
    },
    {
      "type": "Feature",
      "properties": {
        "fid": 325,
        "Layer": "LINES",
        "Text": "22",
        "id": 22,
        "number": "22",
        "description": "Доходный дом А.Д. Золотухина",
        "address": "Приморский край, г. Владивосток, ул. Адмирала Фокина, 7",
        "image": [
          "/photo/22.webp"
        ]
      },
      "geometry": {
        "type": "MultiPolygon",
        "coordinates": [
          [
            [
              [
                131.8817060300776,
                43.11801720283
              ],
              [
                131.8816100947007,
                43.118035696678206
              ],
              [
                131.88161191508559,
                43.11804076439238
              ],
              [
                131.88145156028446,
                43.11807167642729
              ],
              [
                131.88138665585242,
                43.11791811783572
              ],
              [
                131.88164953373706,
                43.11786741890403
              ],
              [
                131.8817060300776,
                43.11801720283
              ]
            ]
          ]
        ]
      }
    },
    {
      "type": "Feature",
      "properties": {
        "fid": 326,
        "Layer": "LINES",
        "Text": null
      },
      "geometry": {
        "type": "MultiPolygon",
        "coordinates": []
      }
    },
    {
      "type": "Feature",
      "properties": {
        "fid": 327,
        "Layer": "LINES",
        "Text": null
      },
      "geometry": {
        "type": "MultiPolygon",
        "coordinates": []
      }
    },
    {
      "type": "Feature",
      "properties": {
        "fid": 328,
        "Layer": "LINES",
        "Text": null
      },
      "geometry": {
        "type": "MultiPolygon",
        "coordinates": []
      }
    },
    {
      "type": "Feature",
      "properties": {
        "fid": 329,
        "Layer": "LINES",
        "Text": null
      },
      "geometry": {
        "type": "MultiPolygon",
        "coordinates": []
      }
    },
    {
      "type": "Feature",
      "properties": {
        "fid": 330,
        "Layer": "LINES",
        "Text": "64",
        "id": 64,
        "number": "64",
        "description": "Здание бывшего театра \"Золотой Рог\", в котором в 1923 году перед трудящимися Владивостока выступал М.И. Калинин",
        "address": "Приморский край, г. Владивосток, ул. Светланская, 13",
        "image": [
          "/photo/64.webp"
        ]
      },
      "geometry": {
        "type": "MultiPolygon",
        "coordinates": [
          [
            [
              [
                131.8826534759121,
                43.11652550115315
              ],
              [
                131.8826572110285,
                43.116519548488945
              ],
              [
                131.88264998855146,
                43.116516547088615
              ],
              [
                131.88267406144058,
                43.11648506319098
              ],
              [
                131.88268158227177,
                43.11648812022225
              ],
              [
                131.88268575519672,
                43.11648261055843
              ],
              [
                131.88297696011654,
                43.11642863795351
              ],
              [
                131.88297540316407,
                43.11642428421258
              ],
              [
                131.88303969769711,
                43.11641227834019
              ],
              [
                131.88304091419354,
                43.1164157668418
              ],
              [
                131.88313034639015,
                43.116399483806745
              ],
              [
                131.88312903421152,
                43.116396013966316
              ],
              [
                131.88319335883136,
                43.11638409574733
              ],
              [
                131.8831959965557,
                43.11639005178637
              ],
              [
                131.88327952815982,
                43.11660769461363
              ],
              [
                131.88338483950292,
                43.11689545790163
              ],
              [
                131.88317549439788,
                43.11690890422459
              ],
              [
                131.88300247717842,
                43.11692960406068
              ],
              [
                131.88298219842454,
                43.11686935556406
              ],
              [
                131.8830163284219,
                43.11686501493878
              ],
              [
                131.88301340948422,
                43.11684842279261
              ],
              [
                131.88302298291438,
                43.116839198993866
              ],
              [
                131.8830300535794,
                43.11683747000718
              ],
              [
                131.88309374933095,
                43.11683157180898
              ],
              [
                131.88308290949513,
                43.11680614772439
              ],
              [
                131.88307808655534,
                43.116806873039984
              ],
              [
                131.8830231060781,
                43.116655214288194
              ],
              [
                131.8828817818306,
                43.11668140396386
              ],
              [
                131.88290818741163,
                43.116755825462235
              ],
              [
                131.8829428980094,
                43.11674962552699
              ],
              [
                131.88294997263552,
                43.116753327858625
              ],
              [
                131.88296168692014,
                43.11678444278438
              ],
              [
                131.88295239816165,
                43.11679158329738
              ],
              [
                131.88298219842454,
                43.11686935556406
              ],
              [
                131.88300247717842,
                43.11692960406068
              ],
              [
                131.8829659097148,
                43.11693430966371
              ],
              [
                131.8828092991456,
                43.116952734250916
              ],
              [
                131.8827472875167,
                43.11678456491468
              ],
              [
                131.8826534759121,
                43.11652550115315
              ]
            ]
          ]
        ]
      }
    },
    {
      "type": "Feature",
      "properties": {
        "fid": 331,
        "Layer": "LINES",
        "Text": "40",
        "id": 40,
        "number": "40",
        "description": "Клуб \"Лотос\"",
        "address": "Приморский край, г. Владивосток, ул. Адмирала Фокина, 12, ул. Алеутская, 22",
        "image": [
          "/photo/40.webp"
        ]
      },
      "geometry": {
        "type": "MultiPolygon",
        "coordinates": [
          [
            [
              [
                131.88352317407637,
                43.117308655668616
              ],
              [
                131.88296266307484,
                43.11741121961749
              ],
              [
                131.88296134055767,
                43.1174074199958
              ],
              [
                131.8829628887177,
                43.11740713080655
              ],
              [
                131.88295587142983,
                43.11738696755048
              ],
              [
                131.88295432521048,
                43.117387261480424
              ],
              [
                131.88295191099004,
                43.11738032536475
              ],
              [
                131.88295345914946,
                43.1173800361757
              ],
              [
                131.8829466493571,
                43.117360469112825
              ],
              [
                131.88294510313838,
                43.11736076304257
              ],
              [
                131.88294268891994,
                43.1173538269268
              ],
              [
                131.8829442370786,
                43.11735353773781
              ],
              [
                131.88293792249155,
                43.117335393567714
              ],
              [
                131.8829363762734,
                43.117335687497395
              ],
              [
                131.88293536605227,
                43.117332785101816
              ],
              [
                131.88287763931854,
                43.117143365600704
              ],
              [
                131.88303262422744,
                43.11711253959829
              ],
              [
                131.88308590359492,
                43.117268624673564
              ],
              [
                131.88313779678927,
                43.11725875089861
              ],
              [
                131.88309321036783,
                43.11713299233192
              ],
              [
                131.88324119308217,
                43.117104835354766
              ],
              [
                131.8832629311898,
                43.11717242747801
              ],
              [
                131.88346266066432,
                43.117134867477034
              ],
              [
                131.88352317407637,
                43.117308655668616
              ]
            ]
          ]
        ]
      }
    },
    {
      "type": "Feature",
      "properties": {
        "fid": 332,
        "Layer": "LINES",
        "Text": "21",
        "id": 21,
        "number": "21",
        "description": "Доходный дом А.К.Купера",
        "address": "Приморский край, г. Владивосток, ул. Светланская, 9, лит.1",
        "image": [
          "/photo/21.webp"
        ]
      },
      "geometry": {
        "type": "MultiPolygon",
        "coordinates": [
          [
            [
              [
                131.88187586361465,
                43.116771105455115
              ],
              [
                131.88155732692567,
                43.116831968788716
              ],
              [
                131.88151652580595,
                43.11671259068869
              ],
              [
                131.88183208165535,
                43.11665205888065
              ],
              [
                131.88187586361465,
                43.116771105455115
              ]
            ]
          ]
        ]
      }
    },
    {
      "type": "Feature",
      "properties": {
        "fid": 333,
        "Layer": "LINES",
        "Text": "19",
        "id": 19,
        "number": "19",
        "description": "Доходный дом Г.К. Купера",
        "address": "Приморский край, г. Владивосток, ул. Адмирала Фокина, 8а",
        "image": [
          "/photo/19.webp"
        ]
      },
      "geometry": {
        "type": "MultiPolygon",
        "coordinates": [
          [
            [
              [
                131.88201935297573,
                43.1172529971502
              ],
              [
                131.88177477071162,
                43.11730426040037
              ],
              [
                131.88177242727514,
                43.117296199938366
              ],
              [
                131.88173416845157,
                43.117303850497265
              ],
              [
                131.88169536370222,
                43.11719030548194
              ],
              [
                131.881974634996,
                43.117134624314936
              ],
              [
                131.88201935297573,
                43.1172529971502
              ]
            ]
          ]
        ]
      }
    },
    {
      "type": "Feature",
      "properties": {
        "fid": 334,
        "Layer": "LINES",
        "Text": "20",
        "id": 20,
        "number": "20",
        "description": "Доходный дом Г.К. Купера",
        "address": "Приморский край, г. Владивосток, ул. Адмирала Фокина, 8 Б",
        "image": [
          "/photo/20.webp"
        ]
      },
      "geometry": {
        "type": "MultiPolygon",
        "coordinates": [
          [
            [
              [
                131.88173416845157,
                43.117303850497265
              ],
              [
                131.88147330282197,
                43.11735601500966
              ],
              [
                131.88141869738004,
                43.117212368447944
              ],
              [
                131.88168334482683,
                43.11715886339973
              ],
              [
                131.88173416845157,
                43.117303850497265
              ]
            ]
          ]
        ]
      }
    },
    {
      "type": "Feature",
      "properties": {
        "fid": 335,
        "Layer": "LINES",
        "Text": "18",
        "id": 18,
        "number": "18",
        "description": "Доходный дом Г.К. Купера",
        "address": "Адмирала Фокина ул., 8",
        "image": [
          "/photo/18.webp"
        ]
      },
      "geometry": {
        "type": "MultiPolygon",
        "coordinates": [
          [
            [
              [
                131.88215371825865,
                43.11755435775444
              ],
              [
                131.88159238218108,
                43.11766638096763
              ],
              [
                131.88154115186327,
                43.117534146447426
              ],
              [
                131.88210541602206,
                43.11742262768546
              ],
              [
                131.88215371825865,
                43.11755435775444
              ]
            ]
          ]
        ]
      }
    },
    {
      "type": "Feature",
      "properties": {
        "fid": 336,
        "Layer": "LINES",
        "Text": "15",
        "id": 15,
        "number": "15",
        "description": "Доходный дом Г.К. Купера",
        "address": "Приморский край, г. Владивосток, ул. Адмирала Фокина, 6а",
        "image": [
          "/photo/15.webp"
        ]
      },
      "geometry": {
        "type": "MultiPolygon",
        "coordinates": [
          [
            [
              [
                131.88153814068974,
                43.117525858959226
              ],
              [
                131.88145894002128,
                43.11754104211262
              ],
              [
                131.88143343749488,
                43.11747588487221
              ],
              [
                131.88138303637538,
                43.117485922711644
              ],
              [
                131.88135012343972,
                43.117399952701646
              ],
              [
                131.8814826361714,
                43.11737309649293
              ],
              [
                131.88153814068974,
                43.117525858959226
              ]
            ]
          ]
        ]
      }
    },
    {
      "type": "Feature",
      "properties": {
        "fid": 337,
        "Layer": "LINES",
        "Text": null
      },
      "geometry": {
        "type": "MultiPolygon",
        "coordinates": [
          [
            [
              [
                131.88144276928656,
                43.11728673320981
              ],
              [
                131.88097086428715,
                43.117383901935064
              ],
              [
                131.88094544867727,
                43.11731176730675
              ],
              [
                131.88141488722115,
                43.117213133280714
              ],
              [
                131.88144276928656,
                43.11728673320981
              ]
            ]
          ]
        ]
      }
    },
    {
      "type": "Feature",
      "properties": {
        "fid": 338,
        "Layer": "LINES",
        "Text": "16",
        "id": 16,
        "number": "16",
        "description": "Дом доходный Г.К. Купера",
        "address": "Приморский край, г. Владивосток, ул.  Адмирала Фокина,",
        "image": [
          "/photo/16.webp"
        ]
      },
      "geometry": {
        "type": "MultiPolygon",
        "coordinates": [
          [
            [
              [
                131.88102639976861,
                43.11754858533211
              ],
              [
                131.88094167229735,
                43.11756562207401
              ],
              [
                131.8808602306044,
                43.11733204748228
              ],
              [
                131.88094299099723,
                43.11731811243801
              ],
              [
                131.88102639976861,
                43.11754858533211
              ]
            ]
          ]
        ]
      }
    },
    {
      "type": "Feature",
      "properties": {
        "fid": 339,
        "Layer": "LINES",
        "Text": "14",
        "id": 14,
        "number": "14",
        "description": "Доходный дом Г.К. Купера",
        "address": "Приморский край, г. Владивосток, ул. Адмирала Фокина, 6",
        "image": [
          "/photo/14.webp"
        ]
      },
      "geometry": {
        "type": "MultiPolygon",
        "coordinates": [
          [
            [
              [
                131.88159238218108,
                43.11766638096763
              ],
              [
                131.8810168972141,
                43.11778295072807
              ],
              [
                131.88097240066057,
                43.11765348255852
              ],
              [
                131.88154115186327,
                43.117534146447426
              ],
              [
                131.88159238218108,
                43.11766638096763
              ]
            ]
          ]
        ]
      }
    },
    {
      "type": "Feature",
      "properties": {
        "fid": 340,
        "Layer": "LINES",
        "Text": "12",
        "id": 12,
        "number": "12",
        "description": "Доходный дом П.П. Поповой",
        "address": "Приморский край, г. Владивосток, ул. Адмирала Фокина,4 а",
        "image": [
          "/photo/12.webp"
        ]
      },
      "geometry": {
        "type": "MultiPolygon",
        "coordinates": [
          [
            [
              [
                131.8810168972141,
                43.11778295072807
              ],
              [
                131.88079401740566,
                43.11782624193704
              ],
              [
                131.88076832132896,
                43.11775524490859
              ],
              [
                131.88091484466165,
                43.11772678490848
              ],
              [
                131.8808770135902,
                43.11762632836424
              ],
              [
                131.88095745688233,
                43.11761070050914
              ],
              [
                131.88097240066057,
                43.11765348255852
              ],
              [
                131.8810168972141,
                43.11778295072807
              ]
            ]
          ]
        ]
      }
    },
    {
      "type": "Feature",
      "properties": {
        "fid": 341,
        "Layer": "LINES",
        "Text": "11",
        "id": 11,
        "number": "11",
        "description": "Доходный дом П.П. Поповой",
        "address": "Приморский край, г. Владивосток, ул. Адмирала Фокина, 4",
        "image": [
          "/photo/11.webp"
        ]
      },
      "geometry": {
        "type": "MultiPolygon",
        "coordinates": [
          [
            [
              [
                131.88071881433794,
                43.117836374454285
              ],
              [
                131.8804654825315,
                43.11788272325406
              ],
              [
                131.8804410555464,
                43.117811072114115
              ],
              [
                131.8806943870755,
                43.11776472336742
              ],
              [
                131.88071881433794,
                43.117836374454285
              ]
            ]
          ]
        ]
      }
    },
    {
      "type": "Feature",
      "properties": {
        "fid": 342,
        "Layer": "LINES",
        "Text": "8",
        "id": 8,
        "number": "8",
        "description": "Доходный дом Пьянкова",
        "address": "Приморский край, г. Владивосток, ул. Адмирала Фокина, 5б",
        "image": [
          "/photo/8.webp",
          "/photo/8_2.webp",
          "/photo/8_3.webp"
        ]
      },
      "geometry": {
        "type": "MultiPolygon",
        "coordinates": [
          [
            [
              [
                131.8814635311112,
                43.11841878376698
              ],
              [
                131.8814091013403,
                43.11842975747562
              ],
              [
                131.8813310695321,
                43.118204314111374
              ],
              [
                131.8813815492047,
                43.11819502828645
              ],
              [
                131.8814635311112,
                43.11841878376698
              ]
            ]
          ]
        ]
      }
    },
    {
      "type": "Feature",
      "properties": {
        "fid": 343,
        "Layer": "LINES",
        "Text": "9",
        "id": 9,
        "number": "9",
        "description": "Доходный дом Пьянкова",
        "address": "Приморский край, г. Владивосток, ул. Адмирала Фокина, 5а",
        "image": [
          "/photo/9.webp"
        ]
      },
      "geometry": {
        "type": "MultiPolygon",
        "coordinates": [
          [
            [
              [
                131.88142806897775,
                43.11818624085419
              ],
              [
                131.8813310695321,
                43.118204314111374
              ],
              [
                131.88124955786154,
                43.11796651398186
              ],
              [
                131.88134703611908,
                43.11794780363594
              ],
              [
                131.88142806897775,
                43.11818624085419
              ]
            ]
          ]
        ]
      }
    },
    {
      "type": "Feature",
      "properties": {
        "fid": 344,
        "Layer": "LINES",
        "Text": "10",
        "id": 10,
        "number": "10",
        "description": "Доходный дом Пьянкова",
        "address": "Приморский край, г. Владивосток, ул. Адмирала Фокина, 5",
        "image": [
          "/photo/10.webp"
        ]
      },
      "geometry": {
        "type": "MultiPolygon",
        "coordinates": [
          [
            [
              [
                131.8813376424794,
                43.11839442855645
              ],
              [
                131.8812505328059,
                43.11841096449494
              ],
              [
                131.88110348035954,
                43.11799524078035
              ],
              [
                131.8811905894824,
                43.11797870495189
              ],
              [
                131.8813376424794,
                43.11839442855645
              ]
            ]
          ]
        ]
      }
    },
    {
      "type": "Feature",
      "properties": {
        "fid": 345,
        "Layer": "LINES",
        "Text": "7",
        "id": 7,
        "number": "7",
        "description": "Доходный дом Пьянкова",
        "address": "Приморский край, г. Владивосток, ул. Адмирала Фокина, 3а",
        "image": [
          "/photo/7.webp"
        ]
      },
      "geometry": {
        "type": "MultiPolygon",
        "coordinates": [
          [
            [
              [
                131.88113617361824,
                43.11808766656037
              ],
              [
                131.88083609973586,
                43.1181446286815
              ],
              [
                131.88080340689876,
                43.11805220281714
              ],
              [
                131.88110348035954,
                43.11799524078035
              ],
              [
                131.88113617361824,
                43.11808766656037
              ]
            ]
          ]
        ]
      }
    },
    {
      "type": "Feature",
      "properties": {
        "fid": 346,
        "Layer": "LINES",
        "Text": "6",
        "id": 6,
        "number": "6",
        "description": "Дом доходный Пьянкова",
        "address": "Приморский край, г. Владивосток, ул. Пограничная, 6",
        "image": [
          "/photo/6.webp"
        ]
      },
      "geometry": {
        "type": "MultiPolygon",
        "coordinates": [
          [
            [
              [
                131.88036645960068,
                43.118251873090834
              ],
              [
                131.88019183836943,
                43.11828501967814
              ],
              [
                131.88036712754734,
                43.118780589051035
              ],
              [
                131.88019784349868,
                43.11881272225882
              ],
              [
                131.87998331433016,
                43.11820620955797
              ],
              [
                131.8803264011734,
                43.1181386215245
              ],
              [
                131.88036645960068,
                43.118251873090834
              ]
            ]
          ]
        ]
      }
    },
    {
      "type": "Feature",
      "properties": {
        "fid": 347,
        "Layer": "LINES",
        "Text": "5",
        "id": 5,
        "number": "5",
        "description": "Доходный дом Пьянкова",
        "address": "Приморский край, г. Владивосток, ул. Адмирала Фокина, 1а",
        "image": [
          "/photo/5.webp"
        ]
      },
      "geometry": {
        "type": "MultiPolygon",
        "coordinates": [
          [
            [
              [
                131.87976177070905,
                43.11843116504376
              ],
              [
                131.8795811458198,
                43.11846628261368
              ],
              [
                131.87951992875173,
                43.11828228057361
              ],
              [
                131.87969752992367,
                43.11825057108033
              ],
              [
                131.87976177070905,
                43.11843116504376
              ]
            ]
          ]
        ]
      }
    },
    {
      "type": "Feature",
      "properties": {
        "fid": 348,
        "Layer": "LINES",
        "Text": "4",
        "id": 4,
        "number": "4",
        "description": "Дом, в котором находился конспиративный центр Владивостокской организации РСДРП в 1908 году",
        "address": "Приморский край, г. Владивосток, ул. Матросская 4-я, 29",
        "image": [
          "/photo/4.webp"
        ]
      },
      "geometry": {
        "type": "MultiPolygon",
        "coordinates": [
          [
            [
              [
                131.9311393541931,
                43.11473782236441
              ],
              [
                131.93109915337598,
                43.11473265029836
              ],
              [
                131.9311025734495,
                43.11471970252524
              ],
              [
                131.9310631423562,
                43.11471388744294
              ],
              [
                131.93106725549467,
                43.114696920697845
              ],
              [
                131.9310551350849,
                43.11469511193903
              ],
              [
                131.93106311591143,
                43.11466640884951
              ],
              [
                131.93105005328388,
                43.11466426263987
              ],
              [
                131.9310653676961,
                43.11461423575317
              ],
              [
                131.93120588038332,
                43.11463732211503
              ],
              [
                131.93118237687688,
                43.11471410047819
              ],
              [
                131.93114731620832,
                43.11470886832203
              ],
              [
                131.9311393541931,
                43.11473782236441
              ]
            ]
          ]
        ]
      }
    },
    {
      "type": "Feature",
      "properties": {
        "fid": 349,
        "Layer": "LINES",
        "Text": "178",
        "id": 149,
        "number": "178",
        "description": "Здание Общества изучения Амурского края – старейшего научного учреждения Приморья",
        "address": "Приморский край, г. Владивосток, ул. Петра Великого, 4",
        "image": [
          "/photo/178.webp"
        ]
      },
      "geometry": {
        "type": "MultiPolygon",
        "coordinates": [
          [
            [
              [
                131.89243617298868,
                43.11326512678532
              ],
              [
                131.89248819480716,
                43.1134423433785
              ],
              [
                131.8926487332986,
                43.113417048900125
              ],
              [
                131.89259648496642,
                43.1132390622522
              ],
              [
                131.89243617298868,
                43.11326512678532
              ]
            ]
          ]
        ]
      }
    },
    {
      "type": "Feature",
      "properties": {
        "fid": 350,
        "Layer": "LINES",
        "Text": "311",
        "id": 282,
        "number": "311",
        "description": "Здание Дальневосточного филиала Академии наук СССР - первого периферийного филиала Академии, организованного известным советским ученым академиком В.Л. Комаровым в 1932 г",
        "address": "Приморский край, г. Владивосток, ул. Светланская, 50",
        "image": [
          "/photo/311.webp"
        ]
      },
      "geometry": {
        "type": "MultiPolygon",
        "coordinates": [
          [
            [
              [
                131.89310806833888,
                43.11406438841318
              ],
              [
                131.8930832202379,
                43.11399118113381
              ],
              [
                131.89322357350335,
                43.113971415122556
              ],
              [
                131.89329222745215,
                43.11417368102558
              ],
              [
                131.893256774483,
                43.11418075165462
              ],
              [
                131.89326614746994,
                43.1142059762509
              ],
              [
                131.8927036053377,
                43.114318166203915
              ],
              [
                131.89264361793445,
                43.11415672366599
              ],
              [
                131.89310806833888,
                43.11406438841318
              ]
            ]
          ]
        ]
      }
    },
    {
      "type": "Feature",
      "properties": {
        "fid": 351,
        "Layer": "LINES",
        "Text": "304",
        "id": 275,
        "number": "304",
        "description": "Здание Владивостокской почтово-телеграфной конторы (почтамт)",
        "address": "Приморский край, г. Владивосток, ул. Светланская, 41",
        "image": [
          "/photo/304.webp"
        ]
      },
      "geometry": {
        "type": "MultiPolygon",
        "coordinates": [
          [
            [
              [
                131.8902780781314,
                43.11515176539189
              ],
              [
                131.8902713523151,
                43.115133797009
              ],
              [
                131.89035704970996,
                43.11511658061238
              ],
              [
                131.89036377554947,
                43.11513454899025
              ],
              [
                131.89043988356366,
                43.11511925901445
              ],
              [
                131.89040353569007,
                43.11502215425408
              ],
              [
                131.89040885045216,
                43.11502111596429
              ],
              [
                131.89040314323097,
                43.115005436563855
              ],
              [
                131.89039896278254,
                43.11500625325452
              ],
              [
                131.89038773792805,
                43.114975415276554
              ],
              [
                131.89036641809915,
                43.114979580306894
              ],
              [
                131.8903685277352,
                43.114985376105786
              ],
              [
                131.89033025217128,
                43.114992853588
              ],
              [
                131.89032966674498,
                43.11499124524471
              ],
              [
                131.89030773377542,
                43.11499553004478
              ],
              [
                131.89030831920124,
                43.11499713838816
              ],
              [
                131.89017295388354,
                43.11502358309669
              ],
              [
                131.890172368461,
                43.11502197475255
              ],
              [
                131.8901570697551,
                43.11502496346688
              ],
              [
                131.89015765517726,
                43.115026571811015
              ],
              [
                131.89012802067498,
                43.1150323611215
              ],
              [
                131.89012743525356,
                43.11503075277713
              ],
              [
                131.89011210956218,
                43.11503374675639
              ],
              [
                131.8901126949833,
                43.115035355100844
              ],
              [
                131.89007122481098,
                43.115043456572444
              ],
              [
                131.89007063939093,
                43.115041848227776
              ],
              [
                131.89005603598855,
                43.11504470109464
              ],
              [
                131.89005662140815,
                43.11504630943939
              ],
              [
                131.88997741410645,
                43.11506178304871
              ],
              [
                131.88997682868865,
                43.11506017470362
              ],
              [
                131.88995335424653,
                43.115064760561054
              ],
              [
                131.8899539396638,
                43.11506636890627
              ],
              [
                131.8899169959425,
                43.115073586048084
              ],
              [
                131.88991641052615,
                43.11507197770266
              ],
              [
                131.88989298750582,
                43.115076553500415
              ],
              [
                131.8899120897048,
                43.115127586982254
              ],
              [
                131.88990977912763,
                43.11512805116278
              ],
              [
                131.88992825989197,
                43.115177424339414
              ],
              [
                131.88993057047097,
                43.115176960158514
              ],
              [
                131.8899461033198,
                43.115218457621594
              ],
              [
                131.8902780781314,
                43.11515176539189
              ]
            ]
          ]
        ]
      }
    },
    {
      "type": "Feature",
      "properties": {
        "fid": 352,
        "Layer": "LINES",
        "Text": "380",
        "id": 343,
        "number": "380",
        "description": "Дом Даттана",
        "address": "Приморский край, г. Владивосток, ул. Уборевича, 6А",
        "image": [
          "/photo/380.webp"
        ]
      },
      "geometry": {
        "type": "MultiPolygon",
        "coordinates": [
          [
            [
              [
                131.88960630205628,
                43.11606794548503
              ],
              [
                131.88951264818175,
                43.115946696664
              ],
              [
                131.88963062309946,
                43.115897699551006
              ],
              [
                131.8897242771327,
                43.116018948276746
              ],
              [
                131.88960630205628,
                43.11606794548503
              ]
            ]
          ]
        ]
      }
    },
    {
      "type": "Feature",
      "properties": {
        "fid": 353,
        "Layer": "LINES",
        "Text": "297",
        "id": 268,
        "number": "297",
        "description": "Доходный дом Даттана",
        "address": "Приморский край, г. Владивосток, ул. Светланская, 37",
        "image": [
          "/photo/297.webp"
        ]
      },
      "geometry": {
        "type": "MultiPolygon",
        "coordinates": [
          [
            [
              [
                131.8885180626655,
                43.11534410278092
              ],
              [
                131.88847865576457,
                43.11538970139413
              ],
              [
                131.88852448008555,
                43.11551647840246
              ],
              [
                131.88869270162158,
                43.11548384425313
              ],
              [
                131.88868800560866,
                43.115470852444254
              ],
              [
                131.88877010194116,
                43.11545492605782
              ],
              [
                131.88877258380379,
                43.11546179225878
              ],
              [
                131.8888128519869,
                43.115453980354815
              ],
              [
                131.88881023307312,
                43.11544673500777
              ],
              [
                131.88888937921018,
                43.115431380852925
              ],
              [
                131.8888936898037,
                43.11544330626748
              ],
              [
                131.88895180435986,
                43.11543203214747
              ],
              [
                131.88894767291885,
                43.11542060239515
              ],
              [
                131.88902995206328,
                43.115404640330674
              ],
              [
                131.88903234271368,
                43.115411254110946
              ],
              [
                131.88907313521074,
                43.11540334038584
              ],
              [
                131.88907067704014,
                43.11539653982217
              ],
              [
                131.88915098708597,
                43.11538095966295
              ],
              [
                131.88915464870706,
                43.115391089552645
              ],
              [
                131.88921518187144,
                43.115379346068345
              ],
              [
                131.88921121720043,
                43.11536837781981
              ],
              [
                131.88927679496487,
                43.11535565563776
              ],
              [
                131.8892807028855,
                43.11536646685447
              ],
              [
                131.8894022263852,
                43.11534289100451
              ],
              [
                131.88934469685336,
                43.115183736697794
              ],
              [
                131.8885180626655,
                43.11534410278092
              ]
            ]
          ]
        ]
      }
    },
    {
      "type": "Feature",
      "properties": {
        "fid": 354,
        "Layer": "LINES",
        "Text": "437",
        "id": 399,
        "number": "437",
        "description": "Склад \"Пекин\"",
        "address": "Приморский край, г. Владивосток, ул. Адмирала Фокина, 26",
        "image": [
          "/photo/437.webp"
        ]
      },
      "geometry": {
        "type": "MultiPolygon",
        "coordinates": [
          [
            [
              [
                131.8872548456961,
                43.116404871274064
              ],
              [
                131.88723607265013,
                43.116408597270386
              ],
              [
                131.887302133773,
                43.11658261231881
              ],
              [
                131.88733710581346,
                43.116575560409615
              ],
              [
                131.88739729622492,
                43.116563509826904
              ],
              [
                131.887396815894,
                43.11656210085932
              ],
              [
                131.88744032110054,
                43.11655259809621
              ],
              [
                131.8875004561153,
                43.116539462882194
              ],
              [
                131.88750187638485,
                43.1165420726266
              ],
              [
                131.88755885258874,
                43.11653082857651
              ],
              [
                131.88755771752437,
                43.1165281147792
              ],
              [
                131.8876631461893,
                43.11650675994352
              ],
              [
                131.8876644239669,
                43.116509369545525
              ],
              [
                131.88780459695616,
                43.11648118593447
              ],
              [
                131.88780920635833,
                43.11649029273062
              ],
              [
                131.88785483311946,
                43.11648090764295
              ],
              [
                131.8878516685767,
                43.116472225633295
              ],
              [
                131.88809064587664,
                43.116424120717106
              ],
              [
                131.8881443362508,
                43.11641303944926
              ],
              [
                131.8881417216138,
                43.1164060824998
              ],
              [
                131.88818565308253,
                43.116397373620565
              ],
              [
                131.888188469821,
                43.116404330767025
              ],
              [
                131.88819413084966,
                43.1164031525895
              ],
              [
                131.88817943006728,
                43.11636400261314
              ],
              [
                131.88813516002818,
                43.116246105786516
              ],
              [
                131.8878898306112,
                43.11629554548487
              ],
              [
                131.88787806005163,
                43.1162628944886
              ],
              [
                131.88779414808073,
                43.11627912921954
              ],
              [
                131.887791474678,
                43.11627964645064
              ],
              [
                131.88780014060904,
                43.11630368544627
              ],
              [
                131.88761306361792,
                43.11634265781202
              ],
              [
                131.8876304726066,
                43.11638750749169
              ],
              [
                131.8875219717316,
                43.11640795211764
              ],
              [
                131.88750943980247,
                43.11637600060796
              ],
              [
                131.88744449438252,
                43.11638967141726
              ],
              [
                131.88745653781154,
                43.11642037752636
              ],
              [
                131.8874405586361,
                43.11642333041603
              ],
              [
                131.88743673895826,
                43.116412963285775
              ],
              [
                131.88734774094064,
                43.11643056143476
              ],
              [
                131.88733205485906,
                43.11638883364073
              ],
              [
                131.8872548456961,
                43.116404871274064
              ]
            ]
          ]
        ]
      }
    },
    {
      "type": "Feature",
      "properties": {
        "fid": 355,
        "Layer": "LINES",
        "Text": "301",
        "id": 272,
        "number": "301",
        "description": "Жилой дом",
        "address": "Приморский край, г. Владивосток, ул. Светланская, 39 б",
        "image": [
          "/photo/301.webp"
        ]
      },
      "geometry": {
        "type": "MultiPolygon",
        "coordinates": [
          [
            [
              [
                131.88964578447025,
                43.11578862610126
              ],
              [
                131.8895855896599,
                43.11580314553455
              ],
              [
                131.88955237008287,
                43.11572287149922
              ],
              [
                131.88960838742008,
                43.11570955762148
              ],
              [
                131.889674243355,
                43.11569390531998
              ],
              [
                131.88970939543591,
                43.11577328262409
              ],
              [
                131.88964578447025,
                43.11578862610126
              ]
            ]
          ]
        ]
      }
    },
    {
      "type": "Feature",
      "properties": {
        "fid": 356,
        "Layer": "LINES",
        "Text": "299",
        "id": 270,
        "number": "299",
        "description": "Жилой дом",
        "address": "Приморский край, г. Владивосток, ул. Светланская, 39",
        "image": [
          "/photo/299.webp"
        ]
      },
      "geometry": {
        "type": "MultiPolygon",
        "coordinates": [
          [
            [
              [
                131.88941150396602,
                43.11547789508594
              ],
              [
                131.8896597268717,
                43.11542324836788
              ],
              [
                131.8897008279497,
                43.11552344690952
              ],
              [
                131.88945153941222,
                43.115575496735204
              ],
              [
                131.88941150396602,
                43.11547789508594
              ]
            ]
          ]
        ]
      }
    },
    {
      "type": "Feature",
      "properties": {
        "fid": 357,
        "Layer": "LINES",
        "Text": "302",
        "id": 273,
        "number": "302",
        "description": "Жилой дом",
        "address": "Приморский край, г.Владивосток, ул.Светланская, 39 в",
        "image": [
          "/photo/302.webp"
        ]
      },
      "geometry": {
        "type": "MultiPolygon",
        "coordinates": [
          [
            [
              [
                131.88994383708464,
                43.115457486891046
              ],
              [
                131.88989594721193,
                43.115333054131106
              ],
              [
                131.88988581886122,
                43.115334858974734
              ],
              [
                131.88988781357148,
                43.11534024255575
              ],
              [
                131.88975092167374,
                43.11537054393427
              ],
              [
                131.88973599116483,
                43.115390817710434
              ],
              [
                131.88974657133332,
                43.115416081531656
              ],
              [
                131.88973863578957,
                43.11541786515896
              ],
              [
                131.88975060727805,
                43.11544849159349
              ],
              [
                131.88975932379645,
                43.11544653243086
              ],
              [
                131.8897697802289,
                43.115471500742046
              ],
              [
                131.88979926414567,
                43.11548147055981
              ],
              [
                131.88992693517693,
                43.115454504108094
              ],
              [
                131.88992929147724,
                43.11546049140887
              ],
              [
                131.88994383708464,
                43.115457486891046
              ]
            ]
          ]
        ]
      }
    },
    {
      "type": "Feature",
      "properties": {
        "fid": 358,
        "Layer": "LINES",
        "Text": "2",
        "id": 2,
        "number": "2",
        "description": "Здание, в котором в 20-х годах жил и работал известный деятель ВКП(б) и Советского государства Я.Б. Гамарник",
        "address": "Приморский край, г. Владивосток, ул. Морская 1-я, 2",
        "image": [
          "/photo/2.webp"
        ]
      },
      "geometry": {
        "type": "MultiPolygon",
        "coordinates": [
          [
            [
              [
                131.88051590945116,
                43.11243928922953
              ],
              [
                131.8803203969338,
                43.11247328190157
              ],
              [
                131.88026548000113,
                43.11232312627631
              ],
              [
                131.88022714337436,
                43.1122277701675
              ],
              [
                131.88081487925564,
                43.11211833310243
              ],
              [
                131.88086412156397,
                43.112139035723494
              ],
              [
                131.88097658673055,
                43.112471086009045
              ],
              [
                131.88067102529146,
                43.11252273073206
              ],
              [
                131.88063159507428,
                43.11240241352408
              ],
              [
                131.8807548853069,
                43.11237818914497
              ],
              [
                131.88071752060586,
                43.11226886840948
              ],
              [
                131.88047303242843,
                43.11231061744585
              ],
              [
                131.88051590945116,
                43.11243928922953
              ]
            ]
          ]
        ]
      }
    },
    {
      "type": "Feature",
      "properties": {
        "fid": 359,
        "Layer": "LINES",
        "Text": "378",
        "id": 341,
        "number": "378",
        "description": "Водонапорная станция железнодорожной станции Владивосток. Служебный корпус",
        "address": "Приморский край, г. Владивосток, Трудовой пер., 13а",
        "image": [
          "/photo/378.webp"
        ]
      },
      "geometry": {
        "type": "MultiPolygon",
        "coordinates": [
          [
            [
              [
                131.8825399107728,
                43.11387754487489
              ],
              [
                131.88239937473236,
                43.113908745658286
              ],
              [
                131.88235591501538,
                43.11380319322103
              ],
              [
                131.88249636340856,
                43.11377190504412
              ],
              [
                131.8825399107728,
                43.11387754487489
              ]
            ]
          ]
        ]
      }
    },
    {
      "type": "Feature",
      "properties": {
        "fid": 360,
        "Layer": "LINES",
        "Text": "379",
        "id": 342,
        "number": "379",
        "description": "Водонапорная станция железнодорожной станции Владивосток. Водонапорная башня",
        "address": "Приморский край, г. Владивосток, Ланинский пер., 3, (лит.1)",
        "image": [
          "/photo/379.webp"
        ]
      },
      "geometry": {
        "type": "MultiPolygon",
        "coordinates": [
          [
            [
              [
                131.88255438912736,
                43.11403201444136
              ],
              [
                131.88255549525127,
                43.11403480297041
              ],
              [
                131.8825643784566,
                43.11403291170724
              ],
              [
                131.88256878855424,
                43.114044029518844
              ],
              [
                131.88255990534742,
                43.11404592078236
              ],
              [
                131.88256003522645,
                43.114048500011485
              ],
              [
                131.8825529204023,
                43.114058581754755
              ],
              [
                131.88255022946402,
                43.11405915466376
              ],
              [
                131.88255273872554,
                43.114065480488456
              ],
              [
                131.8825387257599,
                43.11406846389071
              ],
              [
                131.88253579165044,
                43.1140610670235
              ],
              [
                131.88251710565567,
                43.11406504532455
              ],
              [
                131.88252003976325,
                43.11407244219223
              ],
              [
                131.8825038843616,
                43.114075881719906
              ],
              [
                131.88250167252397,
                43.11407030568692
              ],
              [
                131.8824987647125,
                43.11407028770793
              ],
              [
                131.88248819272943,
                43.11406464649771
              ],
              [
                131.8824867841245,
                43.114061488497235
              ],
              [
                131.88247790091265,
                43.114063379754434
              ],
              [
                131.88247447896774,
                43.11405475303376
              ],
              [
                131.88247420724062,
                43.11405429984809
              ],
              [
                131.88248343828178,
                43.114052311051815
              ],
              [
                131.88247685997058,
                43.114035696780164
              ],
              [
                131.88246789965046,
                43.11403746982221
              ],
              [
                131.88246507554726,
                43.11403012180908
              ],
              [
                131.88247413427968,
                43.114028285859156
              ],
              [
                131.88247330304185,
                43.11402607067011
              ],
              [
                131.88247630234287,
                43.114025353649964
              ],
              [
                131.88247539755832,
                43.11402304837158
              ],
              [
                131.8824702267835,
                43.11400926197402
              ],
              [
                131.88246913761486,
                43.11400700151254
              ],
              [
                131.88246612621796,
                43.11400761950514
              ],
              [
                131.8824651476111,
                43.114005368158864
              ],
              [
                131.8824559905894,
                43.11400720400695
              ],
              [
                131.88245320317594,
                43.113999946044785
              ],
              [
                131.882462323527,
                43.113998011144304
              ],
              [
                131.88245602776604,
                43.11398142416635
              ],
              [
                131.88244711646135,
                43.113983269268
              ],
              [
                131.88244388687247,
                43.11397593883949
              ],
              [
                131.8824530320351,
                43.11397387794628
              ],
              [
                131.88245206590585,
                43.11397152759783
              ],
              [
                131.88245960513208,
                43.11396118380419
              ],
              [
                131.88246283784,
                43.11396048502751
              ],
              [
                131.88246049155168,
                43.11395384861317
              ],
              [
                131.8824717763806,
                43.11395178238712
              ],
              [
                131.88247411294967,
                43.11395788943991
              ],
              [
                131.88249598792402,
                43.11395319425183
              ],
              [
                131.88249334703082,
                43.113946816378736
              ],
              [
                131.88249530557889,
                43.113944268358125
              ],
              [
                131.88250415994713,
                43.11394243287833
              ],
              [
                131.88250689684,
                43.113949001266654
              ],
              [
                131.88250952116337,
                43.113948596771436
              ],
              [
                131.88252507526738,
                43.113955029964764
              ],
              [
                131.88252576973053,
                43.113956831880245
              ],
              [
                131.88253431958577,
                43.11395486075598
              ],
              [
                131.88253842687743,
                43.11396581062985
              ],
              [
                131.88252986488348,
                43.11396782607736
              ],
              [
                131.8825350189191,
                43.11398045901415
              ],
              [
                131.88254329213962,
                43.11397874158145
              ],
              [
                131.8825474609363,
                43.11398965551274
              ],
              [
                131.88253883653596,
                43.1139916953447
              ],
              [
                131.88253966500514,
                43.113993915391276
              ],
              [
                131.88253708329623,
                43.11399451939913
              ],
              [
                131.8825427269637,
                43.11400943500329
              ],
              [
                131.88254569200384,
                43.11400890671219
              ],
              [
                131.88254645663852,
                43.11401104172847
              ],
              [
                131.88255511514612,
                43.11400905230595
              ],
              [
                131.8825595906276,
                43.1140202185903
              ],
              [
                131.88255086704189,
                43.11402208752863
              ],
              [
                131.88255438912736,
                43.11403201444136
              ]
            ]
          ]
        ]
      }
    },
    {
      "type": "Feature",
      "properties": {
        "fid": 361,
        "Layer": "LINES",
        "Text": "417",
        "id": 380,
        "number": "417",
        "description": "Административное здание Владивостокского коммерческого порта",
        "address": "Приморский край, г. Владивосток, ул. Нижнепортовая, 1 а",
        "image": [
          "/photo/417.webp"
        ]
      },
      "geometry": {
        "type": "MultiPolygon",
        "coordinates": [
          [
            [
              [
                131.88345574958154,
                43.11227649116014
              ],
              [
                131.88342674720232,
                43.112229655191044
              ],
              [
                131.88352248849029,
                43.112197832776694
              ],
              [
                131.88357126951485,
                43.11227660905545
              ],
              [
                131.883606831586,
                43.112334037958874
              ],
              [
                131.88362064134728,
                43.11232944786999
              ],
              [
                131.88364127707533,
                43.11236277227507
              ],
              [
                131.88362746730803,
                43.1123673623665
              ],
              [
                131.8836678149126,
                43.11243251916757
              ],
              [
                131.88349186102613,
                43.11249100253817
              ],
              [
                131.88344824113238,
                43.11242056102952
              ],
              [
                131.88348891102973,
                43.11240704324813
              ],
              [
                131.88344735624688,
                43.1123399365802
              ],
              [
                131.88348689854953,
                43.11232679356965
              ],
              [
                131.88345574958154,
                43.11227649116014
              ]
            ]
          ]
        ]
      }
    },
    {
      "type": "Feature",
      "properties": {
        "fid": 362,
        "Layer": "LINES",
        "Text": "293",
        "id": 264,
        "number": "293",
        "description": "Дом товарищества Кунст и Альберс",
        "address": "Приморский край, г. Владивостокский городской округ, Светланская ул., 31-В",
        "image": [
          "/photo/293.webp"
        ]
      },
      "geometry": {
        "type": "MultiPolygon",
        "coordinates": [
          [
            [
              [
                131.88692622218989,
                43.116326922295876
              ],
              [
                131.88686620040224,
                43.11617211921663
              ],
              [
                131.88685388281715,
                43.11614032116542
              ],
              [
                131.88683420455047,
                43.11608413322421
              ],
              [
                131.8866978698324,
                43.116110462748395
              ],
              [
                131.886730493883,
                43.11619712909229
              ],
              [
                131.88674308540405,
                43.11623095482134
              ],
              [
                131.8867475698952,
                43.116242959805675
              ],
              [
                131.8867550525538,
                43.11626314876251
              ],
              [
                131.8867894236698,
                43.11635465581641
              ],
              [
                131.88692622218989,
                43.116326922295876
              ]
            ]
          ]
        ]
      }
    },
    {
      "type": "Feature",
      "properties": {
        "fid": 363,
        "Layer": "LINES",
        "Text": "422",
        "id": 384,
        "number": "422",
        "description": "Банк Сибирский (дом В.П. Бабинцева), 1903–1906 гг.",
        "address": "Приморский край, г. Владивосток, ул. Алеутская, 21",
        "image": [
          "/photo/422.webp"
        ]
      },
      "geometry": {
        "type": "MultiPolygon",
        "coordinates": [
          [
            [
              [
                131.8818760197067,
                43.11573357892824
              ],
              [
                131.88208453765708,
                43.1156939738619
              ],
              [
                131.8821357892461,
                43.115843429076975
              ],
              [
                131.88188350964242,
                43.11589227229491
              ],
              [
                131.88187978050138,
                43.11588233704477
              ],
              [
                131.88193907665402,
                43.11587188692551
              ],
              [
                131.8819338771707,
                43.11585605287092
              ],
              [
                131.8819201953942,
                43.11585872583613
              ],
              [
                131.8818760197067,
                43.11573357892824
              ]
            ]
          ]
        ]
      }
    },
    {
      "type": "Feature",
      "properties": {
        "fid": 364,
        "Layer": "LINES",
        "Text": "443",
        "id": 405,
        "number": "443",
        "description": "Банк Сибирский (Дом В.П. Бабинцева)",
        "address": "Приморский край, г. Владивосток, ул. Алеутская, 23",
        "image": [
          "/photo/443.webp"
        ]
      },
      "geometry": {
        "type": "MultiPolygon",
        "coordinates": [
          [
            [
              [
                131.88188350964242,
                43.11589227229491
              ],
              [
                131.8821357892461,
                43.115843429076975
              ],
              [
                131.88220244370385,
                43.116028515810946
              ],
              [
                131.88196720597998,
                43.11607589278703
              ],
              [
                131.8819658888695,
                43.11607217049756
              ],
              [
                131.88195792961753,
                43.11607368199915
              ],
              [
                131.88192455307927,
                43.11597935628495
              ],
              [
                131.88191565316896,
                43.1159810464214
              ],
              [
                131.88188350964242,
                43.11589227229491
              ]
            ]
          ]
        ]
      }
    },
    {
      "type": "Feature",
      "properties": {
        "fid": 365,
        "Layer": "LINES",
        "Text": "275",
        "id": 246,
        "number": "275",
        "description": "Дом Золотухина (гостиница \"Европа\")",
        "address": "Приморский край, г. Владивосток, ул. Светланская, 8",
        "image": [
          "/photo/275.webp"
        ]
      },
      "geometry": {
        "type": "MultiPolygon",
        "coordinates": [
          [
            [
              [
                131.87889575538009,
                43.11686368360103
              ],
              [
                131.8789354750714,
                43.11700432535982
              ],
              [
                131.87921074282033,
                43.11695029083845
              ],
              [
                131.87924041319542,
                43.116905424493716
              ],
              [
                131.87919411064448,
                43.116778834789635
              ],
              [
                131.87895437907468,
                43.1168258937675
              ],
              [
                131.87896309999311,
                43.116852090853
              ],
              [
                131.87889575538009,
                43.11686368360103
              ]
            ]
          ]
        ]
      }
    },
    {
      "type": "Feature",
      "properties": {
        "fid": 366,
        "Layer": "LINES",
        "Text": "203",
        "id": 174,
        "number": "203",
        "description": "Жилой дом",
        "address": "Приморский край, г. Владивосток, ул. Посьетская, 43",
        "image": [
          "/photo/203.webp"
        ]
      },
      "geometry": {
        "type": "MultiPolygon",
        "coordinates": [
          [
            [
              [
                131.88044319562707,
                43.115942780809874
              ],
              [
                131.88055380988692,
                43.11592432363029
              ],
              [
                131.8805474370258,
                43.11590341087654
              ],
              [
                131.8805261948721,
                43.11590688502346
              ],
              [
                131.88050908340324,
                43.115843528787465
              ],
              [
                131.8805298904811,
                43.11584051275142
              ],
              [
                131.88051077030022,
                43.11576528544843
              ],
              [
                131.8804711423521,
                43.11576894938354
              ],
              [
                131.88046987436374,
                43.11576158902874
              ],
              [
                131.88043038062975,
                43.11576524054053
              ],
              [
                131.8803904160214,
                43.115850166727725
              ],
              [
                131.8804116934273,
                43.115923139478994
              ],
              [
                131.88043604879874,
                43.115919328117755
              ],
              [
                131.88044319562707,
                43.115942780809874
              ]
            ]
          ]
        ]
      }
    },
    {
      "type": "Feature",
      "properties": {
        "fid": 367,
        "Layer": "LINES",
        "Text": "382",
        "id": 345,
        "number": "382",
        "description": "Владивостокское городское полицейское управление",
        "address": "Приморский край, г. Владивосток, ул. Уборевича, 11",
        "image": [
          "/photo/382.webp"
        ]
      },
      "geometry": {
        "type": "MultiPolygon",
        "coordinates": [
          [
            [
              [
                131.88876269065292,
                43.117342640818364
              ],
              [
                131.88873371122446,
                43.117265129513655
              ],
              [
                131.88859376935739,
                43.11729320825886
              ],
              [
                131.88866677489406,
                43.11748847703748
              ],
              [
                131.88880671717322,
                43.11746039820445
              ],
              [
                131.88877786991813,
                43.11738324073218
              ],
              [
                131.88879467576277,
                43.11737986869665
              ],
              [
                131.88877949648727,
                43.11733926878518
              ],
              [
                131.88876269065292,
                43.117342640818364
              ]
            ]
          ]
        ]
      }
    },
    {
      "type": "Feature",
      "properties": {
        "fid": 368,
        "Layer": "LINES",
        "Text": "385",
        "id": 348,
        "number": "385",
        "description": "Здание Владивостокского окружного суда, в котором в 1906-1907 гг. проходили судебные процессы над участниками первой русской революции во Владивостоке",
        "address": "Приморский край, г Владивосток ул. Уборевича, 13",
        "image": [
          "/photo/385.webp"
        ]
      },
      "geometry": {
        "type": "MultiPolygon",
        "coordinates": [
          [
            [
              [
                131.88976165726433,
                43.11793843392932
              ],
              [
                131.88984685661134,
                43.117957315097875
              ],
              [
                131.8898595305754,
                43.117926623576025
              ],
              [
                131.88994726750153,
                43.11794606702231
              ],
              [
                131.8899498320795,
                43.117939856563986
              ],
              [
                131.88997857767825,
                43.11794622688037
              ],
              [
                131.89001124857518,
                43.117867109861955
              ],
              [
                131.88980956699382,
                43.11782241500119
              ],
              [
                131.88976165726433,
                43.11793843392932
              ]
            ]
          ]
        ]
      }
    },
    {
      "type": "Feature",
      "properties": {
        "fid": 369,
        "Layer": "LINES",
        "Text": "384",
        "id": 347,
        "number": "384",
        "description": "Жилой дом",
        "address": "Приморский край, г. Владивосток, ул. Уборевича, д. 10/3",
        "image": [
          "/photo/384.webp"
        ]
      },
      "geometry": {
        "type": "MultiPolygon",
        "coordinates": [
          [
            [
              [
                131.88953737287295,
                43.11702104818477
              ],
              [
                131.8895348107003,
                43.117014197975536
              ],
              [
                131.88964524739558,
                43.116992029795085
              ],
              [
                131.88959733228575,
                43.11686085657264
              ],
              [
                131.88955966142035,
                43.116868787245174
              ],
              [
                131.88954932947576,
                43.11684345199852
              ],
              [
                131.88935859726132,
                43.11688367881364
              ],
              [
                131.88936645771872,
                43.11690448414069
              ],
              [
                131.88932370242344,
                43.11691315326797
              ],
              [
                131.8893740685158,
                43.117046463859026
              ],
              [
                131.88948459467053,
                43.11702427789993
              ],
              [
                131.88948751910445,
                43.11703072440968
              ],
              [
                131.88953737287295,
                43.11702104818477
              ]
            ]
          ]
        ]
      }
    },
    {
      "type": "Feature",
      "properties": {
        "fid": 370,
        "Layer": "LINES",
        "Text": "264",
        "id": 235,
        "number": "264",
        "description": "Жилой дом военного ведомства",
        "address": "Приморский край, г. Владивосток, ул. Семеновская, 18",
        "image": [
          "/photo/264.webp"
        ]
      },
      "geometry": {
        "type": "MultiPolygon",
        "coordinates": [
          [
            [
              [
                131.88466150436398,
                43.11823292071651
              ],
              [
                131.8846280164431,
                43.118137562597525
              ],
              [
                131.8846228501054,
                43.11813856043116
              ],
              [
                131.88460684050452,
                43.11809442473372
              ],
              [
                131.88441699877652,
                43.11812935215397
              ],
              [
                131.88446864444933,
                43.11827017126706
              ],
              [
                131.88466150436398,
                43.11823292071651
              ]
            ]
          ]
        ]
      }
    },
    {
      "type": "Feature",
      "properties": {
        "fid": 371,
        "Layer": "LINES",
        "Text": "266",
        "id": 237,
        "number": "266",
        "description": "Жилой дом",
        "address": "Приморский край, г. Владивосток, ул. Семеновская, 22",
        "image": [
          "/photo/266.webp"
        ]
      },
      "geometry": {
        "type": "MultiPolygon",
        "coordinates": [
          [
            [
              [
                131.88500612072735,
                43.11808066306689
              ],
              [
                131.885052466706,
                43.1182081296404
              ],
              [
                131.8852050026262,
                43.11817851929624
              ],
              [
                131.8851689352709,
                43.11808468368348
              ],
              [
                131.88509280013156,
                43.11810042695886
              ],
              [
                131.88506005489018,
                43.11801595986915
              ],
              [
                131.8853375442147,
                43.117959242844506
              ],
              [
                131.88531878050014,
                43.117908368875874
              ],
              [
                131.88496819438842,
                43.11797336131432
              ],
              [
                131.88497870893755,
                43.11800136610365
              ],
              [
                131.88500612072735,
                43.11808066306689
              ]
            ]
          ]
        ]
      }
    },
    {
      "type": "Feature",
      "properties": {
        "fid": 372,
        "Layer": "LINES",
        "Text": "253",
        "id": 224,
        "number": "253",
        "description": "Жилой дом",
        "address": "Приморский край, г. Владивосток, ул. Пушкинская, д. 111",
        "image": [
          "/photo/253.webp"
        ]
      },
      "geometry": {
        "type": "MultiPolygon",
        "coordinates": [
          [
            [
              [
                131.9166289679617,
                43.11436459283802
              ],
              [
                131.91678474798195,
                43.11433570831859
              ],
              [
                131.91676142445704,
                43.11426819511341
              ],
              [
                131.91665628250394,
                43.11428769041652
              ],
              [
                131.9166623086356,
                43.11430513399852
              ],
              [
                131.91661167071527,
                43.11431452318621
              ],
              [
                131.9166289679617,
                43.11436459283802
              ]
            ]
          ]
        ]
      }
    },
    {
      "type": "Feature",
      "properties": {
        "fid": 373,
        "Layer": "LINES",
        "Text": "240",
        "id": 211,
        "number": "240",
        "description": "Дом, в котором жил и работал известный общественный деятель края Соловьев Н.М",
        "address": "Приморский край, г. Владивосток, ул. Пушкинская, 37",
        "image": [
          "/photo/240.webp"
        ]
      },
      "geometry": {
        "type": "MultiPolygon",
        "coordinates": [
          [
            [
              [
                131.90314976881757,
                43.11656113442626
              ],
              [
                131.903091863541,
                43.11666387890988
              ],
              [
                131.90315715036164,
                43.116683625919784
              ],
              [
                131.9031495321173,
                43.116710765731334
              ],
              [
                131.90331307554624,
                43.11675069531721
              ],
              [
                131.90339878072206,
                43.11660984096544
              ],
              [
                131.90336418672294,
                43.116598544217105
              ],
              [
                131.90337080392524,
                43.11658766898786
              ],
              [
                131.90328408381,
                43.11655935027551
              ],
              [
                131.9032749089027,
                43.11657442900156
              ],
              [
                131.90324408999376,
                43.11656436497228
              ],
              [
                131.9032052217848,
                43.11657734644053
              ],
              [
                131.90314976881757,
                43.11656113442626
              ]
            ]
          ]
        ]
      }
    },
    {
      "type": "Feature",
      "properties": {
        "fid": 374,
        "Layer": "LINES",
        "Text": "247",
        "id": 218,
        "number": "247",
        "description": "Жилой дом",
        "address": "Приморский край, г. Владивосток, ул. Пушкинская, 97",
        "image": [
          "/photo/247.webp"
        ]
      },
      "geometry": {
        "type": "MultiPolygon",
        "coordinates": [
          [
            [
              [
                131.9137917632323,
                43.11451818609369
              ],
              [
                131.91376795455116,
                43.11452445030597
              ],
              [
                131.91380037194875,
                43.11459035533941
              ],
              [
                131.91390261519444,
                43.11456345445723
              ],
              [
                131.9138618919211,
                43.1144806062806
              ],
              [
                131.91378345747088,
                43.11450124291634
              ],
              [
                131.9137917632323,
                43.11451818609369
              ]
            ]
          ]
        ]
      }
    },
    {
      "type": "Feature",
      "properties": {
        "fid": 375,
        "Layer": "LINES",
        "Text": "338",
        "id": 309,
        "number": "338",
        "description": "Жилой дом",
        "address": "Приморский край, г. Владивостокский городской округ, ул. Светланская, 109",
        "image": [
          "/photo/338.webp"
        ]
      },
      "geometry": {
        "type": "MultiPolygon",
        "coordinates": [
          [
            [
              [
                131.9084090977573,
                43.115681934466025
              ],
              [
                131.90852464814185,
                43.115652022834546
              ],
              [
                131.9084747877115,
                43.11555351704273
              ],
              [
                131.90841515229107,
                43.115569003590736
              ],
              [
                131.90841066516478,
                43.1155599066325
              ],
              [
                131.9083626026656,
                43.11557259785815
              ],
              [
                131.90836702994318,
                43.11558189538329
              ],
              [
                131.90836396235636,
                43.11558269807622
              ],
              [
                131.9082961880094,
                43.1156004325064
              ],
              [
                131.9082739998165,
                43.115557767697794
              ],
              [
                131.90830042123437,
                43.11555125349262
              ],
              [
                131.9082672780502,
                43.11548131813533
              ],
              [
                131.9082766603772,
                43.11547872016718
              ],
              [
                131.90826208359596,
                43.115447042775045
              ],
              [
                131.90825066935292,
                43.11544966005377
              ],
              [
                131.9082175818204,
                43.115380599009036
              ],
              [
                131.90818845576294,
                43.11538778442745
              ],
              [
                131.90816596953914,
                43.11534241197469
              ],
              [
                131.9082283582105,
                43.115325384039146
              ],
              [
                131.90823458287113,
                43.11533814635845
              ],
              [
                131.9082819245295,
                43.11532566773146
              ],
              [
                131.90827570022074,
                43.115312664799795
              ],
              [
                131.90844581470708,
                43.115268670398066
              ],
              [
                131.90845175978484,
                43.115280322650506
              ],
              [
                131.90849815928402,
                43.11526847034697
              ],
              [
                131.9084928762744,
                43.115256333077134
              ],
              [
                131.90854313285556,
                43.115242882968005
              ],
              [
                131.9086618319242,
                43.11521263511169
              ],
              [
                131.90866680442602,
                43.115223319079696
              ],
              [
                131.90871440220107,
                43.11521155291261
              ],
              [
                131.9087086625445,
                43.11520058726135
              ],
              [
                131.90888063399916,
                43.115156082852735
              ],
              [
                131.9088858309263,
                43.11516780095719
              ],
              [
                131.90893174073452,
                43.115156123669664
              ],
              [
                131.90892584881055,
                43.11514389561578
              ],
              [
                131.90901587590076,
                43.11512051283238
              ],
              [
                131.90897045825955,
                43.115019859121055
              ],
              [
                131.90849524180155,
                43.11514491704712
              ],
              [
                131.90799779790254,
                43.11527593664303
              ],
              [
                131.90807101360286,
                43.11542523592507
              ],
              [
                131.90808193921643,
                43.11542297634427
              ],
              [
                131.9081563105892,
                43.115574646699315
              ],
              [
                131.90814861099597,
                43.11557664530741
              ],
              [
                131.90822581364023,
                43.11572937950367
              ],
              [
                131.9084090977573,
                43.115681934466025
              ]
            ]
          ]
        ]
      }
    },
    {
      "type": "Feature",
      "properties": {
        "fid": 376,
        "Layer": "LINES",
        "Text": "331",
        "id": 302,
        "number": "331",
        "description": "Дом жилой. Здесь жил географ контр-адмирал Л.А. Дёмин",
        "address": "Приморский край, г. Владивосток, ул. Светланская, 76",
        "image": [
          "/photo/331.webp"
        ]
      },
      "geometry": {
        "type": "MultiPolygon",
        "coordinates": [
          [
            [
              [
                131.9060396317522,
                43.11532190284264
              ],
              [
                131.90650858174564,
                43.11520121452343
              ],
              [
                131.90656943504172,
                43.11531989786661
              ],
              [
                131.90610156135122,
                43.11543641550897
              ],
              [
                131.9060396317522,
                43.11532190284264
              ]
            ]
          ]
        ]
      }
    },
    {
      "type": "Feature",
      "properties": {
        "fid": 377,
        "Layer": "LINES",
        "Text": "226",
        "id": 197,
        "number": "226",
        "description": "Жилой дом",
        "address": "Приморский край, г. Владивосток, ул. Пушкинская, 16",
        "image": [
          "/photo/226.webp"
        ]
      },
      "geometry": {
        "type": "MultiPolygon",
        "coordinates": [
          [
            [
              [
                131.90307379858726,
                43.116071674769195
              ],
              [
                131.90310060262925,
                43.116018448492234
              ],
              [
                131.90296585203467,
                43.115982029253
              ],
              [
                131.90289681091494,
                43.11611912724705
              ],
              [
                131.90292082441118,
                43.11612561742628
              ],
              [
                131.90296024967657,
                43.11613627296361
              ],
              [
                131.903031561769,
                43.11615554656696
              ],
              [
                131.9030586726337,
                43.11610171117264
              ],
              [
                131.90308373520423,
                43.116108369173375
              ],
              [
                131.90309863285728,
                43.11607827212035
              ],
              [
                131.90307379858726,
                43.116071674769195
              ]
            ]
          ]
        ]
      }
    },
    {
      "type": "Feature",
      "properties": {
        "fid": 378,
        "Layer": "LINES",
        "Text": "230",
        "id": 201,
        "number": "230",
        "description": "Жилой дом",
        "address": "Приморский край, г. Владивосток, ул. Пушкинская, 22",
        "image": [
          "/photo/230.webp"
        ]
      },
      "geometry": {
        "type": "MultiPolygon",
        "coordinates": [
          [
            [
              [
                131.9039624840237,
                43.11630621421485
              ],
              [
                131.90392050006514,
                43.11629411988822
              ],
              [
                131.90391585340635,
                43.11630213652029
              ],
              [
                131.90391208461443,
                43.116303246981225
              ],
              [
                131.90390854053985,
                43.11630470131156
              ],
              [
                131.90390527934827,
                43.116306475642446
              ],
              [
                131.9039023545628,
                43.11630854085337
              ],
              [
                131.90389981418537,
                43.11631086304997
              ],
              [
                131.90389769990927,
                43.11631340412002
              ],
              [
                131.90389604643397,
                43.11631612235912
              ],
              [
                131.90389488089681,
                43.11631897315525
              ],
              [
                131.9038942224266,
                43.11632190972075
              ],
              [
                131.9038940818306,
                43.11632488386039
              ],
              [
                131.90389446141606,
                43.11632784676212
              ],
              [
                131.90389535495345,
                43.11633074979841
              ],
              [
                131.90389674777776,
                43.116333545324245
              ],
              [
                131.90386304123578,
                43.11640136150875
              ],
              [
                131.90390823543643,
                43.11641393784898
              ],
              [
                131.90392808891716,
                43.116419462535646
              ],
              [
                131.90392576479357,
                43.11642455047098
              ],
              [
                131.90397039244704,
                43.11643785258868
              ],
              [
                131.90397377236533,
                43.1164316859213
              ],
              [
                131.90404240044867,
                43.116450714517526
              ],
              [
                131.90408215275505,
                43.11637683564751
              ],
              [
                131.90408432938742,
                43.116376327899204
              ],
              [
                131.90408640020112,
                43.11637562148108
              ],
              [
                131.90408833156656,
                43.1163747278654
              ],
              [
                131.90409009211885,
                43.1163736615642
              ],
              [
                131.90409165326687,
                43.116372439893986
              ],
              [
                131.90409298965795,
                43.116371082694585
              ],
              [
                131.90409407958924,
                43.116369612006466
              ],
              [
                131.90409490536072,
                43.11636805171342
              ],
              [
                131.90409545356192,
                43.11636642715434
              ],
              [
                131.9040957152902,
                43.116364764711655
              ],
              [
                131.9040956862951,
                43.116363091383086
              ],
              [
                131.90409536704755,
                43.116361434343204
              ],
              [
                131.90409476273214,
                43.116359820502005
              ],
              [
                131.9040938831629,
                43.11635827606788
              ],
              [
                131.90409274262373,
                43.116356826122214
              ],
              [
                131.90409135963682,
                43.11635549421175
              ],
              [
                131.9040963131697,
                43.11634476626656
              ],
              [
                131.9039624840237,
                43.11630621421485
              ]
            ]
          ]
        ]
      }
    },
    {
      "type": "Feature",
      "properties": {
        "fid": 379,
        "Layer": "LINES",
        "Text": "229",
        "id": 200,
        "number": "229",
        "description": "Жилой дом",
        "address": "Приморский край, г. Владивосток, ул. Пушкинская, 20",
        "image": [
          "/photo/229.webp"
        ]
      },
      "geometry": {
        "type": "MultiPolygon",
        "coordinates": [
          [
            [
              [
                131.9035131171627,
                43.11628884811139
              ],
              [
                131.90357893486097,
                43.1161658409896
              ],
              [
                131.90365466397077,
                43.11618758785975
              ],
              [
                131.90366117632217,
                43.11617541682695
              ],
              [
                131.90371966145676,
                43.11619305537535
              ],
              [
                131.90364461150253,
                43.11632660886152
              ],
              [
                131.90356772278977,
                43.116304529034196
              ],
              [
                131.9035574566579,
                43.11631247499429
              ],
              [
                131.90353293731638,
                43.11630543385621
              ],
              [
                131.90353277665164,
                43.116294493667695
              ],
              [
                131.9035131171627,
                43.11628884811139
              ]
            ]
          ]
        ]
      }
    },
    {
      "type": "Feature",
      "properties": {
        "fid": 380,
        "Layer": "LINES",
        "Text": "102",
        "id": 102,
        "number": "102",
        "description": "Дом, в котором в декабре 1919 г. нелегально проживал С. Лазо",
        "address": "Приморский край, г. Владивосток, ул. Всеволода Сибирцева, 91",
        "image": [
          "/photo/102.webp"
        ]
      },
      "geometry": {
        "type": "MultiPolygon",
        "coordinates": [
          [
            [
              [
                131.9129636255755,
                43.11830997897728
              ],
              [
                131.91305684381072,
                43.118302792968464
              ],
              [
                131.91305302253596,
                43.11827619112335
              ],
              [
                131.91315802971084,
                43.11826745891569
              ],
              [
                131.91316236517576,
                43.118300894373824
              ],
              [
                131.91313476981836,
                43.11830328169439
              ],
              [
                131.91314012584843,
                43.118347477535536
              ],
              [
                131.9130025629383,
                43.11835807045747
              ],
              [
                131.91297136001543,
                43.11835983559959
              ],
              [
                131.9129636255755,
                43.11830997897728
              ]
            ]
          ]
        ]
      }
    },
    {
      "type": "Feature",
      "properties": {
        "fid": 381,
        "Layer": "LINES",
        "Text": "100",
        "id": 100,
        "number": "100",
        "description": "Жилой дом",
        "address": "Приморский край, г. Владивосток, ул. Всеволода Сибирцева, 35",
        "image": [
          "/photo/100.webp"
        ]
      },
      "geometry": {
        "type": "MultiPolygon",
        "coordinates": [
          [
            [
              [
                131.90327768506523,
                43.11793537358258
              ],
              [
                131.90330070342836,
                43.11787519518751
              ],
              [
                131.90318039828028,
                43.11785439396503
              ],
              [
                131.90315899912662,
                43.11791446777842
              ],
              [
                131.90327768506523,
                43.11793537358258
              ]
            ]
          ]
        ]
      }
    },
    {
      "type": "Feature",
      "properties": {
        "fid": 382,
        "Layer": "LINES",
        "Text": "242",
        "id": 213,
        "number": "242",
        "description": "Здание Инженерного управления Владивостокской крепости, в котором в 1912-1915 гг. работал известный русский военный инженер А.П. Шошин",
        "address": "Приморский край, г. Владивосток, ул. Пушкинская, 41",
        "image": [
          "/photo/242.webp"
        ]
      },
      "geometry": {
        "type": "MultiPolygon",
        "coordinates": [
          [
            [
              [
                131.90377219498316,
                43.1170205126891
              ],
              [
                131.90418291305514,
                43.11712608418605
              ],
              [
                131.90424356803928,
                43.116996965744875
              ],
              [
                131.90411902713632,
                43.11696436626235
              ],
              [
                131.90412161561454,
                43.116959147654846
              ],
              [
                131.9040223756472,
                43.116933410354996
              ],
              [
                131.9040197870206,
                43.116938718973685
              ],
              [
                131.90383346734498,
                43.11688995476781
              ],
              [
                131.90377219498316,
                43.1170205126891
              ]
            ]
          ]
        ]
      }
    },
    {
      "type": "Feature",
      "properties": {
        "fid": 383,
        "Layer": "LINES",
        "Text": "362",
        "id": 333,
        "number": "362",
        "description": "Дом, в котором жил К. Суханов",
        "address": "Приморский край, г. Владивосток, ул. Суханова, 9",
        "image": [
          "/photo/362.webp"
        ]
      },
      "geometry": {
        "type": "MultiPolygon",
        "coordinates": [
          [
            [
              [
                131.8949062853721,
                43.11725789425851
              ],
              [
                131.89496805141175,
                43.11740931174696
              ],
              [
                131.89512576049916,
                43.117375319927525
              ],
              [
                131.89510203090927,
                43.117319682276154
              ],
              [
                131.8950769253999,
                43.11732514751262
              ],
              [
                131.89503749144507,
                43.1172289132957
              ],
              [
                131.8949062853721,
                43.11725789425851
              ]
            ]
          ]
        ]
      }
    },
    {
      "type": "Feature",
      "properties": {
        "fid": 403,
        "Layer": "LINES",
        "Text": "325",
        "id": 296,
        "number": "325",
        "description": "Дом, в котором жил известный общественный деятель края А.Д. Старцев",
        "address": "Приморский край, г. Владивосток, ул. Светланская, 69",
        "image": [
          "/photo/325.webp"
        ]
      },
      "geometry": {
        "type": "MultiPolygon",
        "coordinates": [
          [
            [
              [
                131.89903374805286,
                43.11451371425015
              ],
              [
                131.89888092803676,
                43.114476974657705
              ],
              [
                131.89889309685148,
                43.11444822773857
              ],
              [
                131.8988081393962,
                43.11442892554229
              ],
              [
                131.89881121228302,
                43.11442305508521
              ],
              [
                131.89871315963484,
                43.114404295183185
              ],
              [
                131.8986761129362,
                43.11441631114475
              ],
              [
                131.89866103756262,
                43.114449059979826
              ],
              [
                131.89869269375953,
                43.11445635751055
              ],
              [
                131.89868314523451,
                43.114478588907446
              ],
              [
                131.89871142113643,
                43.11448510718861
              ],
              [
                131.89868946669702,
                43.11453622270213
              ],
              [
                131.89849066369868,
                43.11448774145001
              ],
              [
                131.89860063493384,
                43.11421451077208
              ],
              [
                131.89921101381438,
                43.11435678820666
              ],
              [
                131.89914664354106,
                43.114509910939915
              ],
              [
                131.89904506379315,
                43.11448655815429
              ],
              [
                131.89903374805286,
                43.11451371425015
              ]
            ]
          ]
        ]
      }
    },
    {
      "type": "Feature",
      "properties": {
        "fid": 404,
        "Layer": "LINES",
        "Text": "320",
        "id": 291,
        "number": "320",
        "description": "Дом жилой",
        "address": "Приморский край, г. Владивосток, ул. Светланская, 61, стр. 2"
      },
      "geometry": {
        "type": "MultiPolygon",
        "coordinates": [
          [
            [
              [
                131.8958602541277,
                43.114291769583126
              ],
              [
                131.89584529052843,
                43.11422403247165
              ],
              [
                131.8957247976375,
                43.11423945931992
              ],
              [
                131.89574035173996,
                43.114307494689946
              ],
              [
                131.8958602541277,
                43.114291769583126
              ]
            ]
          ]
        ]
      }
    },
    {
      "type": "Feature",
      "properties": {
        "fid": 405,
        "Layer": "LINES",
        "Text": "321",
        "id": 292,
        "number": "321",
        "description": "Многоквартирный жилой дом - памятник советской архитектуры 30-х годов, памятник творчества архитектора А.А. Заседателева, первого советского архитектора во Владивостоке",
        "address": "Приморский край, г. Владивосток, ул. Светланская, 63",
        "image": [
          "/photo/321.webp"
        ]
      },
      "geometry": {
        "type": "MultiPolygon",
        "coordinates": [
          [
            [
              [
                131.89622407892847,
                43.11411085151334
              ],
              [
                131.896201867395,
                43.11411107392918
              ],
              [
                131.89622479410104,
                43.11439491108263
              ],
              [
                131.89606432604498,
                43.114406548543386
              ],
              [
                131.89606167723161,
                43.11437333462422
              ],
              [
                131.89603647683595,
                43.1140896435432
              ],
              [
                131.89611646913087,
                43.11408615408336
              ],
              [
                131.89611576062094,
                43.11407359485979
              ],
              [
                131.89613072428284,
                43.11407334110604
              ],
              [
                131.89612932571941,
                43.11403673315178
              ],
              [
                131.8958597176387,
                43.11408464482794
              ],
              [
                131.89583790166452,
                43.11401984155485
              ],
              [
                131.8958259899945,
                43.11394200047967
              ],
              [
                131.89585914485843,
                43.113936268059675
              ],
              [
                131.8958651102596,
                43.11395454264793
              ],
              [
                131.89609053109692,
                43.113916343432926
              ],
              [
                131.89608394583016,
                43.113897123265204
              ],
              [
                131.89609645935144,
                43.11389466299544
              ],
              [
                131.89611166017025,
                43.11389189508402
              ],
              [
                131.8961215398345,
                43.11389060592413
              ],
              [
                131.89613749763188,
                43.11388950775431
              ],
              [
                131.89614759150928,
                43.11389096651211
              ],
              [
                131.89615041117324,
                43.113891374007075
              ],
              [
                131.89616357325522,
                43.11389602224457
              ],
              [
                131.89616750923872,
                43.11389814124466
              ],
              [
                131.89617495996617,
                43.11390215246286
              ],
              [
                131.8961833071187,
                43.1139084653727
              ],
              [
                131.89618944750387,
                43.11391367648215
              ],
              [
                131.89619601476167,
                43.11392136876352
              ],
              [
                131.896202423433,
                43.11393020810882
              ],
              [
                131.89620757947498,
                43.11393858742941
              ],
              [
                131.89621101561292,
                43.1139449002142
              ],
              [
                131.89621320261983,
                43.113948687991495
              ],
              [
                131.89618718580428,
                43.113953941490145
              ],
              [
                131.89618897886726,
                43.11395782473788
              ],
              [
                131.89619195569844,
                43.11396423511164
              ],
              [
                131.896194873327,
                43.113970657952635
              ],
              [
                131.89619767254948,
                43.11397710572812
              ],
              [
                131.89619930479998,
                43.113981076805494
              ],
              [
                131.89620271071888,
                43.113990118608534
              ],
              [
                131.89620492963283,
                43.113996685900304
              ],
              [
                131.89620696381957,
                43.114003288571276
              ],
              [
                131.89620882550543,
                43.11400992257145
              ],
              [
                131.8962105269165,
                43.11401658385092
              ],
              [
                131.89621208027887,
                43.11402326835965
              ],
              [
                131.8962134978189,
                43.1140299720476
              ],
              [
                131.89621479176262,
                43.11403669086481
              ],
              [
                131.89621597433623,
                43.11404342076131
              ],
              [
                131.89621745728292,
                43.11405279424924
              ],
              [
                131.89621805417698,
                43.11405689773831
              ],
              [
                131.89621897423478,
                43.11406363912471
              ],
              [
                131.89621982750697,
                43.114070381645256
              ],
              [
                131.89622062353448,
                43.11407712513792
              ],
              [
                131.8962213718579,
                43.11408386944089
              ],
              [
                131.89622208201817,
                43.114090614391834
              ],
              [
                131.89622276355615,
                43.114097359828975
              ],
              [
                131.8962234260127,
                43.11410410559013
              ],
              [
                131.89622407892847,
                43.11411085151334
              ]
            ]
          ]
        ]
      }
    },
    {
      "type": "Feature",
      "properties": {
        "fid": 406,
        "Layer": "LINES",
        "Text": null
      },
      "geometry": {
        "type": "MultiPolygon",
        "coordinates": [
          [
            [
              [
                131.89622407892847,
                43.11411085151334
              ],
              [
                131.896201867395,
                43.11411107392918
              ],
              [
                131.89622407892847,
                43.11411085151334
              ]
            ]
          ]
        ]
      }
    },
    {
      "type": "Feature",
      "properties": {
        "fid": 407,
        "Layer": "LINES",
        "Text": null
      },
      "geometry": {
        "type": "MultiPolygon",
        "coordinates": []
      }
    },
    {
      "type": "Feature",
      "properties": {
        "fid": 408,
        "Layer": "LINES",
        "Text": null
      },
      "geometry": {
        "type": "MultiPolygon",
        "coordinates": []
      }
    },
    {
      "type": "Feature",
      "properties": {
        "fid": 409,
        "Layer": "LINES",
        "Text": null
      },
      "geometry": {
        "type": "MultiPolygon",
        "coordinates": []
      }
    },
    {
      "type": "Feature",
      "properties": {
        "fid": 410,
        "Layer": "LINES",
        "Text": null
      },
      "geometry": {
        "type": "MultiPolygon",
        "coordinates": []
      }
    },
    {
      "type": "Feature",
      "properties": {
        "fid": 411,
        "Layer": "LINES",
        "Text": null
      },
      "geometry": {
        "type": "MultiPolygon",
        "coordinates": []
      }
    },
    {
      "type": "Feature",
      "properties": {
        "fid": 412,
        "Layer": "LINES",
        "Text": null
      },
      "geometry": {
        "type": "MultiPolygon",
        "coordinates": []
      }
    },
    {
      "type": "Feature",
      "properties": {
        "fid": 413,
        "Layer": "LINES",
        "Text": null
      },
      "geometry": {
        "type": "MultiPolygon",
        "coordinates": []
      }
    },
    {
      "type": "Feature",
      "properties": {
        "fid": 414,
        "Layer": "LINES",
        "Text": null
      },
      "geometry": {
        "type": "MultiPolygon",
        "coordinates": []
      }
    },
    {
      "type": "Feature",
      "properties": {
        "fid": 415,
        "Layer": "LINES",
        "Text": null
      },
      "geometry": {
        "type": "MultiPolygon",
        "coordinates": []
      }
    },
    {
      "type": "Feature",
      "properties": {
        "fid": 416,
        "Layer": "LINES",
        "Text": null
      },
      "geometry": {
        "type": "MultiPolygon",
        "coordinates": []
      }
    },
    {
      "type": "Feature",
      "properties": {
        "fid": 417,
        "Layer": "LINES",
        "Text": null
      },
      "geometry": {
        "type": "MultiPolygon",
        "coordinates": []
      }
    },
    {
      "type": "Feature",
      "properties": {
        "fid": 418,
        "Layer": "LINES",
        "Text": null
      },
      "geometry": {
        "type": "MultiPolygon",
        "coordinates": []
      }
    },
    {
      "type": "Feature",
      "properties": {
        "fid": 419,
        "Layer": "LINES",
        "Text": null
      },
      "geometry": {
        "type": "MultiPolygon",
        "coordinates": []
      }
    },
    {
      "type": "Feature",
      "properties": {
        "fid": 420,
        "Layer": "LINES",
        "Text": null
      },
      "geometry": {
        "type": "MultiPolygon",
        "coordinates": []
      }
    },
    {
      "type": "Feature",
      "properties": {
        "fid": 421,
        "Layer": "LINES",
        "Text": null
      },
      "geometry": {
        "type": "MultiPolygon",
        "coordinates": []
      }
    },
    {
      "type": "Feature",
      "properties": {
        "fid": 422,
        "Layer": "LINES",
        "Text": null
      },
      "geometry": {
        "type": "MultiPolygon",
        "coordinates": []
      }
    },
    {
      "type": "Feature",
      "properties": {
        "fid": 423,
        "Layer": "LINES",
        "Text": null
      },
      "geometry": {
        "type": "MultiPolygon",
        "coordinates": []
      }
    },
    {
      "type": "Feature",
      "properties": {
        "fid": 424,
        "Layer": "LINES",
        "Text": null
      },
      "geometry": {
        "type": "MultiPolygon",
        "coordinates": []
      }
    },
    {
      "type": "Feature",
      "properties": {
        "fid": 425,
        "Layer": "LINES",
        "Text": null
      },
      "geometry": {
        "type": "MultiPolygon",
        "coordinates": []
      }
    },
    {
      "type": "Feature",
      "properties": {
        "fid": 426,
        "Layer": "LINES",
        "Text": null
      },
      "geometry": {
        "type": "MultiPolygon",
        "coordinates": []
      }
    },
    {
      "type": "Feature",
      "properties": {
        "fid": 427,
        "Layer": "LINES",
        "Text": null
      },
      "geometry": {
        "type": "MultiPolygon",
        "coordinates": []
      }
    },
    {
      "type": "Feature",
      "properties": {
        "fid": 428,
        "Layer": "LINES",
        "Text": null
      },
      "geometry": {
        "type": "MultiPolygon",
        "coordinates": []
      }
    },
    {
      "type": "Feature",
      "properties": {
        "fid": 429,
        "Layer": "LINES",
        "Text": null
      },
      "geometry": {
        "type": "MultiPolygon",
        "coordinates": []
      }
    },
    {
      "type": "Feature",
      "properties": {
        "fid": 430,
        "Layer": "LINES",
        "Text": null
      },
      "geometry": {
        "type": "MultiPolygon",
        "coordinates": []
      }
    },
    {
      "type": "Feature",
      "properties": {
        "fid": 431,
        "Layer": "LINES",
        "Text": null
      },
      "geometry": {
        "type": "MultiPolygon",
        "coordinates": []
      }
    },
    {
      "type": "Feature",
      "properties": {
        "fid": 432,
        "Layer": "LINES",
        "Text": null
      },
      "geometry": {
        "type": "MultiPolygon",
        "coordinates": []
      }
    },
    {
      "type": "Feature",
      "properties": {
        "fid": 433,
        "Layer": "LINES",
        "Text": null
      },
      "geometry": {
        "type": "MultiPolygon",
        "coordinates": []
      }
    },
    {
      "type": "Feature",
      "properties": {
        "fid": 434,
        "Layer": "LINES",
        "Text": null
      },
      "geometry": {
        "type": "MultiPolygon",
        "coordinates": []
      }
    },
    {
      "type": "Feature",
      "properties": {
        "fid": 435,
        "Layer": "LINES",
        "Text": null
      },
      "geometry": {
        "type": "MultiPolygon",
        "coordinates": []
      }
    },
    {
      "type": "Feature",
      "properties": {
        "fid": 436,
        "Layer": "LINES",
        "Text": null
      },
      "geometry": {
        "type": "MultiPolygon",
        "coordinates": []
      }
    },
    {
      "type": "Feature",
      "properties": {
        "fid": 437,
        "Layer": "LINES",
        "Text": null
      },
      "geometry": {
        "type": "MultiPolygon",
        "coordinates": []
      }
    },
    {
      "type": "Feature",
      "properties": {
        "fid": 438,
        "Layer": "LINES",
        "Text": null
      },
      "geometry": {
        "type": "MultiPolygon",
        "coordinates": []
      }
    },
    {
      "type": "Feature",
      "properties": {
        "fid": 439,
        "Layer": "LINES",
        "Text": null
      },
      "geometry": {
        "type": "MultiPolygon",
        "coordinates": []
      }
    },
    {
      "type": "Feature",
      "properties": {
        "fid": 440,
        "Layer": "LINES",
        "Text": null
      },
      "geometry": {
        "type": "MultiPolygon",
        "coordinates": []
      }
    },
    {
      "type": "Feature",
      "properties": {
        "fid": 441,
        "Layer": "LINES",
        "Text": null
      },
      "geometry": {
        "type": "MultiPolygon",
        "coordinates": []
      }
    },
    {
      "type": "Feature",
      "properties": {
        "fid": 442,
        "Layer": "LINES",
        "Text": null
      },
      "geometry": {
        "type": "MultiPolygon",
        "coordinates": []
      }
    },
    {
      "type": "Feature",
      "properties": {
        "fid": 443,
        "Layer": "LINES",
        "Text": null
      },
      "geometry": {
        "type": "MultiPolygon",
        "coordinates": []
      }
    },
    {
      "type": "Feature",
      "properties": {
        "fid": 444,
        "Layer": "LINES",
        "Text": null
      },
      "geometry": {
        "type": "MultiPolygon",
        "coordinates": []
      }
    },
    {
      "type": "Feature",
      "properties": {
        "fid": 445,
        "Layer": "LINES",
        "Text": null
      },
      "geometry": {
        "type": "MultiPolygon",
        "coordinates": []
      }
    },
    {
      "type": "Feature",
      "properties": {
        "fid": 446,
        "Layer": "LINES",
        "Text": null
      },
      "geometry": {
        "type": "MultiPolygon",
        "coordinates": []
      }
    },
    {
      "type": "Feature",
      "properties": {
        "fid": 447,
        "Layer": "LINES",
        "Text": null
      },
      "geometry": {
        "type": "MultiPolygon",
        "coordinates": []
      }
    },
    {
      "type": "Feature",
      "properties": {
        "fid": 448,
        "Layer": "LINES",
        "Text": null
      },
      "geometry": {
        "type": "MultiPolygon",
        "coordinates": []
      }
    },
    {
      "type": "Feature",
      "properties": {
        "fid": 449,
        "Layer": "LINES",
        "Text": null
      },
      "geometry": {
        "type": "MultiPolygon",
        "coordinates": []
      }
    },
    {
      "type": "Feature",
      "properties": {
        "fid": 450,
        "Layer": "LINES",
        "Text": null
      },
      "geometry": {
        "type": "MultiPolygon",
        "coordinates": []
      }
    },
    {
      "type": "Feature",
      "properties": {
        "fid": 451,
        "Layer": "LINES",
        "Text": null
      },
      "geometry": {
        "type": "MultiPolygon",
        "coordinates": []
      }
    },
    {
      "type": "Feature",
      "properties": {
        "fid": 452,
        "Layer": "LINES",
        "Text": null
      },
      "geometry": {
        "type": "MultiPolygon",
        "coordinates": []
      }
    },
    {
      "type": "Feature",
      "properties": {
        "fid": 453,
        "Layer": "LINES",
        "Text": null
      },
      "geometry": {
        "type": "MultiPolygon",
        "coordinates": []
      }
    },
    {
      "type": "Feature",
      "properties": {
        "fid": 454,
        "Layer": "LINES",
        "Text": null
      },
      "geometry": {
        "type": "MultiPolygon",
        "coordinates": []
      }
    },
    {
      "type": "Feature",
      "properties": {
        "fid": 455,
        "Layer": "LINES",
        "Text": null
      },
      "geometry": {
        "type": "MultiPolygon",
        "coordinates": []
      }
    },
    {
      "type": "Feature",
      "properties": {
        "fid": 456,
        "Layer": "LINES",
        "Text": null
      },
      "geometry": {
        "type": "MultiPolygon",
        "coordinates": []
      }
    },
    {
      "type": "Feature",
      "properties": {
        "fid": 457,
        "Layer": "LINES",
        "Text": null
      },
      "geometry": {
        "type": "MultiPolygon",
        "coordinates": []
      }
    },
    {
      "type": "Feature",
      "properties": {
        "fid": 458,
        "Layer": "LINES",
        "Text": null
      },
      "geometry": {
        "type": "MultiPolygon",
        "coordinates": []
      }
    },
    {
      "type": "Feature",
      "properties": {
        "fid": 459,
        "Layer": "LINES",
        "Text": null
      },
      "geometry": {
        "type": "MultiPolygon",
        "coordinates": []
      }
    },
    {
      "type": "Feature",
      "properties": {
        "fid": 460,
        "Layer": "LINES",
        "Text": null
      },
      "geometry": {
        "type": "MultiPolygon",
        "coordinates": []
      }
    },
    {
      "type": "Feature",
      "properties": {
        "fid": 461,
        "Layer": "LINES",
        "Text": null
      },
      "geometry": {
        "type": "MultiPolygon",
        "coordinates": []
      }
    },
    {
      "type": "Feature",
      "properties": {
        "fid": 462,
        "Layer": "LINES",
        "Text": null
      },
      "geometry": {
        "type": "MultiPolygon",
        "coordinates": []
      }
    },
    {
      "type": "Feature",
      "properties": {
        "fid": 463,
        "Layer": "LINES",
        "Text": null
      },
      "geometry": {
        "type": "MultiPolygon",
        "coordinates": []
      }
    },
    {
      "type": "Feature",
      "properties": {
        "fid": 464,
        "Layer": "LINES",
        "Text": "445",
        "id": 407,
        "number": "445",
        "description": "Жилой дом",
        "address": "Приморский край, г. Владивосток, ул. Пушкинская, 17а",
        "image": [
          "/photo/445.webp"
        ]
      },
      "geometry": {
        "type": "MultiPolygon",
        "coordinates": [
          [
            [
              [
                131.89771315241234,
                43.11536748768339
              ],
              [
                131.89774730127039,
                43.11528417134665
              ],
              [
                131.89793590371806,
                43.11532565972364
              ],
              [
                131.89790387630674,
                43.11540943001698
              ],
              [
                131.89771315241234,
                43.11536748768339
              ]
            ]
          ]
        ]
      }
    },
    {
      "type": "Feature",
      "properties": {
        "fid": 465,
        "Layer": "LINES",
        "Text": "232",
        "id": 203,
        "number": "232",
        "description": "Дом, в котором в 1918-1920 гг. жил известный советский поэт Н. Асеев",
        "address": "Приморский край, г. Владивосток, Пушкинская ул., 25",
        "image": [
          "/photo/232.webp"
        ]
      },
      "geometry": {
        "type": "MultiPolygon",
        "coordinates": [
          [
            [
              [
                131.89940250740307,
                43.115654445808545
              ],
              [
                131.89944337051645,
                43.115559882448636
              ],
              [
                131.8997141839069,
                43.11562268930514
              ],
              [
                131.89967332116848,
                43.11571725276115
              ],
              [
                131.89940250740307,
                43.115654445808545
              ]
            ]
          ]
        ]
      }
    },
    {
      "type": "Feature",
      "properties": {
        "fid": 466,
        "Layer": "LINES",
        "Text": "228",
        "id": 199,
        "number": "228",
        "description": "Здание бывшего Китайского консульства",
        "address": "Приморский край, г. Владивосток, ул. Пушкинская, 19",
        "image": [
          "/photo/228.webp"
        ]
      },
      "geometry": {
        "type": "MultiPolygon",
        "coordinates": [
          [
            [
              [
                131.89855485026067,
                43.115254628509284
              ],
              [
                131.8984542332623,
                43.11522692902082
              ],
              [
                131.8984563554713,
                43.115222791660074
              ],
              [
                131.89841313144612,
                43.11521089221061
              ],
              [
                131.89841099373555,
                43.11521505978662
              ],
              [
                131.89826870644842,
                43.11517588835856
              ],
              [
                131.8982110266534,
                43.11530007330436
              ],
              [
                131.89829922735703,
                43.11532206012146
              ],
              [
                131.89829243133903,
                43.115336691998984
              ],
              [
                131.89834417052225,
                43.11534958958941
              ],
              [
                131.898340039016,
                43.115358484765686
              ],
              [
                131.89839723177576,
                43.11537274179524
              ],
              [
                131.89840185215155,
                43.11536279405751
              ],
              [
                131.89844318801343,
                43.11537309825232
              ],
              [
                131.8984488223952,
                43.115360967322346
              ],
              [
                131.89848828430544,
                43.115372963183354
              ],
              [
                131.8984974394135,
                43.11535478765991
              ],
              [
                131.89850476182735,
                43.11535676720441
              ],
              [
                131.89855485026067,
                43.115254628509284
              ]
            ]
          ]
        ]
      }
    },
    {
      "type": "Feature",
      "properties": {
        "fid": 467,
        "Layer": "LINES",
        "Text": "225",
        "id": 196,
        "number": "225",
        "description": "Жилой дом",
        "address": "Приморский край, г. Владивосток, ул. пушкинская, 15, стр. 3 (А)",
        "image": [
          "/photo/225.webp"
        ]
      },
      "geometry": {
        "type": "MultiPolygon",
        "coordinates": [
          [
            [
              [
                131.89771315241234,
                43.11536748768339
              ],
              [
                131.8976681472943,
                43.11535758749644
              ],
              [
                131.89765845313826,
                43.11538123920403
              ],
              [
                131.89756643034968,
                43.11536047652565
              ],
              [
                131.89757843842372,
                43.115331092185144
              ],
              [
                131.89759504655635,
                43.11533485553261
              ],
              [
                131.89763171217336,
                43.11525874411235
              ],
              [
                131.89774730127039,
                43.11528417134665
              ],
              [
                131.89771315241234,
                43.11536748768339
              ]
            ]
          ]
        ]
      }
    },
    {
      "type": "Feature",
      "properties": {
        "fid": 468,
        "Layer": "LINES",
        "Text": "231",
        "id": 202,
        "number": "231",
        "description": "Здание казначейства",
        "address": "Приморский край, г. Владивосток, ул. Пушкинская, 23",
        "image": [
          "/photo/231.webp"
        ]
      },
      "geometry": {
        "type": "MultiPolygon",
        "coordinates": [
          [
            [
              [
                131.89899700178108,
                43.11529959472201
              ],
              [
                131.89895925871286,
                43.11537860883236
              ],
              [
                131.89896352332332,
                43.11538509686256
              ],
              [
                131.8990099122831,
                43.115396989592625
              ],
              [
                131.89900828892547,
                43.115400388049366
              ],
              [
                131.89910802525495,
                43.115425957356685
              ],
              [
                131.89910537513103,
                43.11543150533959
              ],
              [
                131.89911017283936,
                43.11543880436733
              ],
              [
                131.89919831200967,
                43.1154614004254
              ],
              [
                131.8992082751946,
                43.115457885617154
              ],
              [
                131.89921071021675,
                43.11545278792784
              ],
              [
                131.89931044671582,
                43.11547835705866
              ],
              [
                131.8993120700588,
                43.11547495859764
              ],
              [
                131.89935845915429,
                43.115486851186375
              ],
              [
                131.8993673153142,
                43.11548372690009
              ],
              [
                131.89940546375658,
                43.11540386304051
              ],
              [
                131.89940119909807,
                43.1153973750268
              ],
              [
                131.89935133088497,
                43.11538459051165
              ],
              [
                131.89935295422322,
                43.11538119205007
              ],
              [
                131.89926249566136,
                43.11535800147998
              ],
              [
                131.89926493067506,
                43.115352903789365
              ],
              [
                131.8991489582684,
                43.1153231721871
              ],
              [
                131.89914652324637,
                43.11532826987531
              ],
              [
                131.89905606484078,
                43.11530507914199
              ],
              [
                131.89905444148806,
                43.115308477599484
              ],
              [
                131.89900598434485,
                43.115296054652184
              ],
              [
                131.89899700178108,
                43.11529959472201
              ]
            ]
          ]
        ]
      }
    },
    {
      "type": "Feature",
      "properties": {
        "fid": 469,
        "Layer": "LINES",
        "Text": "223",
        "id": 194,
        "number": "223",
        "description": "Жилой дом",
        "address": "Приморский край, г. Владивосток, ул. Пушкинская, 15, стр. 1",
        "image": [
          "/photo/223.webp"
        ]
      },
      "geometry": {
        "type": "MultiPolygon",
        "coordinates": [
          [
            [
              [
                131.897468103793,
                43.1151060044947
              ],
              [
                131.89752276683026,
                43.11496608593664
              ],
              [
                131.89763862941612,
                43.114991327838204
              ],
              [
                131.89758392943094,
                43.11512961751028
              ],
              [
                131.897468103793,
                43.1151060044947
              ]
            ]
          ]
        ]
      }
    },
    {
      "type": "Feature",
      "properties": {
        "fid": 470,
        "Layer": "LINES",
        "Text": "224",
        "id": 195,
        "number": "224",
        "description": "Жилой дом",
        "address": "Приморский край, г. Владивосток, ул. Пушкинская, 15, стр. 2 (Б)",
        "image": [
          "/photo/224.webp"
        ]
      },
      "geometry": {
        "type": "MultiPolygon",
        "coordinates": [
          [
            [
              [
                131.89745804541718,
                43.11516264634414
              ],
              [
                131.89741562666902,
                43.11525754490246
              ],
              [
                131.8975148864533,
                43.11528118525873
              ],
              [
                131.8975558172696,
                43.11518447789638
              ],
              [
                131.89745804541718,
                43.11516264634414
              ]
            ]
          ]
        ]
      }
    },
    {
      "type": "Feature",
      "properties": {
        "fid": 471,
        "Layer": "LINES",
        "Text": "227",
        "id": 198,
        "number": "227",
        "description": "Жилой дом",
        "address": "Приморский край, г. Владивосток, ул. Пушкинская, 17",
        "image": [
          "/photo/227.webp"
        ]
      },
      "geometry": {
        "type": "MultiPolygon",
        "coordinates": [
          [
            [
              [
                131.89808895255877,
                43.11506406270124
              ],
              [
                131.89806359810004,
                43.11514489725906
              ],
              [
                131.89802587380518,
                43.115137420384656
              ],
              [
                131.89801323941447,
                43.1151707261414
              ],
              [
                131.89782655493843,
                43.11513227994914
              ],
              [
                131.89786641116822,
                43.115020809700844
              ],
              [
                131.8980369281758,
                43.11505353183718
              ],
              [
                131.89808895255877,
                43.11506406270124
              ]
            ]
          ]
        ]
      }
    },
    {
      "type": "Feature",
      "properties": {
        "fid": 472,
        "Layer": "LINES",
        "Text": "363",
        "id": 334,
        "number": "363",
        "description": "Дом Беркович",
        "address": "Приморский край, г. Владивосток, ул. Суханова, 20",
        "image": [
          "/photo/363.webp"
        ]
      },
      "geometry": {
        "type": "MultiPolygon",
        "coordinates": [
          [
            [
              [
                131.89589465182618,
                43.11657883136903
              ],
              [
                131.89591127211605,
                43.116559583641525
              ],
              [
                131.89604440245265,
                43.116539252100544
              ],
              [
                131.89607129540607,
                43.116629779360025
              ],
              [
                131.89607604679978,
                43.11662913424743
              ],
              [
                131.89609020514538,
                43.11667791674465
              ],
              [
                131.89604892231634,
                43.116683837750166
              ],
              [
                131.89603824945465,
                43.11664592092739
              ],
              [
                131.8959208046485,
                43.11666211771917
              ],
              [
                131.89589465182618,
                43.11657883136903
              ]
            ]
          ]
        ]
      }
    },
    {
      "type": "Feature",
      "properties": {
        "fid": 473,
        "Layer": "LINES",
        "Text": "357",
        "id": 328,
        "number": "357",
        "description": "Входная колоннада стадиона \"Авангард\"- памятник творчества известного Приморского архитектора Н.С. Рябова",
        "address": "Приморский край, г. Владивосток, ул. Светланская (Ленинская), стадион \"Авангард\"",
        "image": [
          "/photo/357.webp"
        ]
      },
      "geometry": {
        "type": "MultiPolygon",
        "coordinates": [
          [
            [
              [
                131.91882837584723,
                43.11218523337293
              ],
              [
                131.91869737839897,
                43.112185138699935
              ],
              [
                131.91869741836086,
                43.112155058506694
              ],
              [
                131.91882816268895,
                43.11215714225719
              ],
              [
                131.91882837584723,
                43.11218523337293
              ]
            ]
          ]
        ]
      }
    },
    {
      "type": "Feature",
      "properties": {
        "fid": 474,
        "Layer": "LINES",
        "Text": "357",
        "id": 328,
        "number": "357",
        "description": "Входная колоннада стадиона \"Авангард\"- памятник творчества известного Приморского архитектора Н.С. Рябова",
        "address": "Приморский край, г. Владивосток, ул. Светланская (Ленинская), стадион \"Авангард\"",
        "image": [
          "/photo/357.webp"
        ]
      },
      "geometry": {
        "type": "MultiPolygon",
        "coordinates": [
          [
            [
              [
                131.91882837584723,
                43.11218523337293
              ],
              [
                131.91884445727143,
                43.112185788439334
              ],
              [
                131.9188498987745,
                43.112187060755396
              ],
              [
                131.91885657568727,
                43.11218960239326
              ],
              [
                131.91886077433367,
                43.11219522277626
              ],
              [
                131.91886423025946,
                43.112201205037735
              ],
              [
                131.9188664471625,
                43.11220863606637
              ],
              [
                131.91890009620684,
                43.11220847880041
              ],
              [
                131.91889938133178,
                43.11218782078879
              ],
              [
                131.91888651561922,
                43.11218781163638
              ],
              [
                131.91888306185348,
                43.112180198521905
              ],
              [
                131.9188791076242,
                43.11217457430905
              ],
              [
                131.91887174678942,
                43.11217015350649
              ],
              [
                131.9188655087929,
                43.1121676787949
              ],
              [
                131.9188608117039,
                43.11216477615424
              ],
              [
                131.91885983212399,
                43.11215716479981
              ],
              [
                131.91882816268895,
                43.11215714225719
              ],
              [
                131.91882837584723,
                43.11218523337293
              ]
            ]
          ]
        ]
      }
    },
    {
      "type": "Feature",
      "properties": {
        "fid": 475,
        "Layer": "LINES",
        "Text": "357",
        "id": 328,
        "number": "357",
        "description": "Входная колоннада стадиона \"Авангард\"- памятник творчества известного Приморского архитектора Н.С. Рябова",
        "address": "Приморский край, г. Владивосток, ул. Светланская (Ленинская), стадион \"Авангард\"",
        "image": [
          "/photo/357.webp"
        ]
      },
      "geometry": {
        "type": "MultiPolygon",
        "coordinates": [
          [
            [
              [
                131.91862807039374,
                43.11220846485096
              ],
              [
                131.91862809617413,
                43.112189075809084
              ],
              [
                131.9186421994599,
                43.112188723461436
              ],
              [
                131.91864369287438,
                43.112182019900544
              ],
              [
                131.91864914328534,
                43.11217658760586
              ],
              [
                131.91865756270764,
                43.11217115742416
              ],
              [
                131.91866474336183,
                43.11216699480598
              ],
              [
                131.9186657498903,
                43.112154311095296
              ],
              [
                131.91869741836086,
                43.112155058506694
              ],
              [
                131.91869737839897,
                43.112185138699935
              ],
              [
                131.91868624196027,
                43.11218712402537
              ],
              [
                131.91867782494634,
                43.11219074214462
              ],
              [
                131.91867212832037,
                43.112195268239454
              ],
              [
                131.91866717129517,
                43.112201788123926
              ],
              [
                131.918660976465,
                43.11220885074346
              ],
              [
                131.91862807039374,
                43.11220846485096
              ]
            ]
          ]
        ]
      }
    },
    {
      "type": "Feature",
      "properties": {
        "fid": 476,
        "Layer": "LINES",
        "Text": "337",
        "id": 308,
        "number": "337",
        "description": "Жилой дом",
        "address": "Приморский край, г. Владивосток, ул. Светланская, 108",
        "image": [
          "/photo/337.webp"
        ]
      },
      "geometry": {
        "type": "MultiPolygon",
        "coordinates": [
          [
            [
              [
                131.91982390641553,
                43.11222462073922
              ],
              [
                131.9201655740303,
                43.11222248975006
              ],
              [
                131.92016551982812,
                43.11216236150942
              ],
              [
                131.92016520593586,
                43.11210588104596
              ],
              [
                131.9200657528415,
                43.11210581135933
              ],
              [
                131.92006673310522,
                43.11207695881474
              ],
              [
                131.91991721895863,
                43.11207685388904
              ],
              [
                131.91991635276966,
                43.11210728333493
              ],
              [
                131.9198220411693,
                43.112107808617026
              ],
              [
                131.91982390641553,
                43.11222462073922
              ]
            ]
          ]
        ]
      }
    },
    {
      "type": "Feature",
      "properties": {
        "fid": 477,
        "Layer": "LINES",
        "Text": "395",
        "id": 358,
        "number": "395",
        "description": "Дом Чистякова",
        "address": "Приморский край, г. Владивосток, Фонтанная ул., 28",
        "image": [
          "/photo/395.webp",
          "/photo/395_2.webp"
        ]
      },
      "geometry": {
        "type": "MultiPolygon",
        "coordinates": [
          [
            [
              [
                131.88583127868876,
                43.11990402918715
              ],
              [
                131.88571366907408,
                43.119923694541974
              ],
              [
                131.8856895491406,
                43.11984628606309
              ],
              [
                131.8858071586145,
                43.119826620732645
              ],
              [
                131.88583127868876,
                43.11990402918715
              ]
            ]
          ]
        ]
      }
    },
    {
      "type": "Feature",
      "properties": {
        "fid": 478,
        "Layer": "LINES",
        "Text": "395",
        "id": 358,
        "number": "395",
        "description": "Дом Чистякова",
        "address": "Приморский край, г. Владивосток, Фонтанная ул., 28",
        "image": [
          "/photo/395.webp",
          "/photo/395_2.webp"
        ]
      },
      "geometry": {
        "type": "MultiPolygon",
        "coordinates": [
          [
            [
              [
                131.88587535032153,
                43.119901180548005
              ],
              [
                131.88586950292586,
                43.11988334428948
              ],
              [
                131.88582739435816,
                43.1198915632347
              ],
              [
                131.8858161703788,
                43.11985554217376
              ],
              [
                131.88586472175064,
                43.119845134073735
              ],
              [
                131.88588093356745,
                43.11976637157571
              ],
              [
                131.88609851675403,
                43.119797595659534
              ],
              [
                131.8860817589925,
                43.11986369078974
              ],
              [
                131.88587535032153,
                43.119901180548005
              ]
            ]
          ]
        ]
      }
    },
    {
      "type": "Feature",
      "properties": {
        "fid": 479,
        "Layer": "LINES",
        "Text": "396",
        "id": 359,
        "number": "396",
        "description": "Жилой дом",
        "address": "Приморский край, г. Владивостокский городской округ, Фонтанная ул., 26",
        "image": [
          "/photo/396.webp"
        ]
      },
      "geometry": {
        "type": "MultiPolygon",
        "coordinates": [
          [
            [
              [
                131.88555373124797,
                43.11984422797137
              ],
              [
                131.88536477182532,
                43.11988256196066
              ],
              [
                131.88540388736897,
                43.11998602973851
              ],
              [
                131.88559284708583,
                43.11994769568563
              ],
              [
                131.88555373124797,
                43.11984422797137
              ]
            ]
          ]
        ]
      }
    },
    {
      "type": "Feature",
      "properties": {
        "fid": 480,
        "Layer": "LINES",
        "Text": "428",
        "id": 390,
        "number": "428",
        "description": "Жилой дом",
        "address": "Приморский край, г. Владивосток, ул. Семеновская, 7",
        "image": [
          "/photo/428.webp"
        ]
      },
      "geometry": {
        "type": "MultiPolygon",
        "coordinates": [
          [
            [
              [
                131.88156259304472,
                43.119215463958135
              ],
              [
                131.88152635105288,
                43.11913015929495
              ],
              [
                131.88178610739118,
                43.11907406488256
              ],
              [
                131.88182961760003,
                43.119186239706714
              ],
              [
                131.88163679740225,
                43.11922911316024
              ],
              [
                131.88157274131123,
                43.11924219678395
              ],
              [
                131.88156259304472,
                43.119215463958135
              ]
            ]
          ]
        ]
      }
    },
    {
      "type": "Feature",
      "properties": {
        "fid": 481,
        "Layer": "LINES",
        "Text": "257",
        "id": 228,
        "number": "257",
        "description": "Жилой дом",
        "address": "Приморский край, г. Владивосток, ул. Семеновская, 5Б",
        "image": [
          "/photo/257.webp"
        ]
      },
      "geometry": {
        "type": "MultiPolygon",
        "coordinates": [
          [
            [
              [
                131.88172618385826,
                43.11937094191088
              ],
              [
                131.88156098728396,
                43.11940090352067
              ],
              [
                131.8815128048703,
                43.11927261944049
              ],
              [
                131.88156575931487,
                43.11925372296433
              ],
              [
                131.88161928254343,
                43.11930100044874
              ],
              [
                131.88169626202065,
                43.11930614351786
              ],
              [
                131.8817238185728,
                43.119365805992345
              ],
              [
                131.88172618385826,
                43.11937094191088
              ]
            ]
          ]
        ]
      }
    },
    {
      "type": "Feature",
      "properties": {
        "fid": 482,
        "Layer": "LINES",
        "Text": "256",
        "id": 227,
        "number": "256",
        "description": "Жилой дом",
        "address": "Приморский край, г. Владивосток, ул. Семеновская, 5А",
        "image": [
          "/photo/256.webp"
        ]
      },
      "geometry": {
        "type": "MultiPolygon",
        "coordinates": [
          [
            [
              [
                131.8813607002302,
                43.11930227430807
              ],
              [
                131.88140726715503,
                43.11941622044279
              ],
              [
                131.88151183438498,
                43.119393348753384
              ],
              [
                131.88146550567416,
                43.11928073616395
              ],
              [
                131.8813607002302,
                43.11930227430807
              ]
            ]
          ]
        ]
      }
    },
    {
      "type": "Feature",
      "properties": {
        "fid": 483,
        "Layer": "LINES",
        "Text": "255",
        "id": 226,
        "number": "255",
        "description": "Здание китайского театра",
        "address": "Приморский край, г. Владивосток, ул. Семеновская, 5",
        "image": [
          "/photo/255.webp"
        ]
      },
      "geometry": {
        "type": "MultiPolygon",
        "coordinates": [
          [
            [
              [
                131.88165776702476,
                43.11942547211742
              ],
              [
                131.88140697943658,
                43.11948766622144
              ],
              [
                131.8814531660389,
                43.119611654306965
              ],
              [
                131.8815804045285,
                43.119581669992726
              ],
              [
                131.8815785152784,
                43.11957708112017
              ],
              [
                131.88160320328188,
                43.119570712866384
              ],
              [
                131.88161227908353,
                43.1195889309042
              ],
              [
                131.88171946300034,
                43.119562078722346
              ],
              [
                131.88165776702476,
                43.11942547211742
              ]
            ]
          ]
        ]
      }
    },
    {
      "type": "Feature",
      "properties": {
        "fid": 484,
        "Layer": "LINES",
        "Text": null
      },
      "geometry": {
        "type": "MultiPolygon",
        "coordinates": [
          [
            [
              [
                131.89011369756898,
                43.11935202747284
              ],
              [
                131.89014434704387,
                43.11943218344047
              ],
              [
                131.8901228928563,
                43.119436046400665
              ],
              [
                131.8901398771195,
                43.119477374448564
              ],
              [
                131.8902396599885,
                43.11945736097943
              ],
              [
                131.89023371907533,
                43.119442366798566
              ],
              [
                131.89035948886527,
                43.119415415564255
              ],
              [
                131.89032042322813,
                43.11931150038415
              ],
              [
                131.89011369756898,
                43.11935202747284
              ]
            ]
          ]
        ]
      }
    },
    {
      "type": "Feature",
      "properties": {
        "fid": 485,
        "Layer": "LINES",
        "Text": "397",
        "id": 360,
        "number": "397",
        "description": "Школа",
        "address": "Приморский край, г. Владивосток, ул. Фонтанная, 36/38",
        "image": [
          "/photo/397.webp"
        ]
      },
      "geometry": {
        "type": "MultiPolygon",
        "coordinates": [
          [
            [
              [
                131.88897572431085,
                43.119191161846786
              ],
              [
                131.88900115851357,
                43.11925959681888
              ],
              [
                131.88895395974376,
                43.119267472087294
              ],
              [
                131.88895102116385,
                43.119261708366395
              ],
              [
                131.8889087400417,
                43.11926814818581
              ],
              [
                131.88891363026735,
                43.11928183499212
              ],
              [
                131.88884381442128,
                43.119294008843816
              ],
              [
                131.8888389229031,
                43.11928104214102
              ],
              [
                131.8888025398095,
                43.11928748766586
              ],
              [
                131.8888044940602,
                43.11929397053923
              ],
              [
                131.88876221159254,
                43.11930113041078
              ],
              [
                131.8887357907063,
                43.11923485474733
              ],
              [
                131.88863057479554,
                43.11925347491989
              ],
              [
                131.88859724733948,
                43.119159615958026
              ],
              [
                131.88892279864012,
                43.11910469742117
              ],
              [
                131.8890702958445,
                43.11907927706192
              ],
              [
                131.88914284051614,
                43.11906637709771
              ],
              [
                131.88915937511518,
                43.11906725785521
              ],
              [
                131.88917058750883,
                43.11907202457075
              ],
              [
                131.8891809120443,
                43.119077871299254
              ],
              [
                131.88918710137912,
                43.119084362529975
              ],
              [
                131.88919033156387,
                43.11909430967654
              ],
              [
                131.88919003550637,
                43.1191015881354
              ],
              [
                131.8891891280805,
                43.11910663043116
              ],
              [
                131.88918646152618,
                43.11911159984696
              ],
              [
                131.88918172670458,
                43.11911721577287
              ],
              [
                131.88917403864784,
                43.11912304500945
              ],
              [
                131.8891674374481,
                43.11912591386273
              ],
              [
                131.88914347628776,
                43.1191298900528
              ],
              [
                131.88906749850483,
                43.11914549847292
              ],
              [
                131.88907701189527,
                43.11917037721542
              ],
              [
                131.88897572431085,
                43.119191161846786
              ]
            ]
          ]
        ]
      }
    },
    {
      "type": "Feature",
      "properties": {
        "fid": 486,
        "Layer": "LINES",
        "Text": "402",
        "id": 365,
        "number": "402",
        "description": "Жилой дом",
        "address": "Приморский край, г. Владивостокский городской округ, ул. Фонтанная, 51 лит. А",
        "image": [
          "/photo/402.webp"
        ]
      },
      "geometry": {
        "type": "MultiPolygon",
        "coordinates": [
          [
            [
              [
                131.88832408828836,
                43.12014763912157
              ],
              [
                131.88827483323362,
                43.12000248923348
              ],
              [
                131.888353500461,
                43.11998852412102
              ],
              [
                131.8883638864724,
                43.12002066908269
              ],
              [
                131.8885423633679,
                43.11998861871297
              ],
              [
                131.88855996420344,
                43.12004003358099
              ],
              [
                131.8885664451066,
                43.12005741250497
              ],
              [
                131.88856484556788,
                43.12005858111798
              ],
              [
                131.88857988107569,
                43.120101712240185
              ],
              [
                131.88832408828836,
                43.12014763912157
              ]
            ]
          ]
        ]
      }
    },
    {
      "type": "Feature",
      "properties": {
        "fid": 487,
        "Layer": "LINES",
        "Text": "401",
        "id": 364,
        "number": "401",
        "description": "Дом городского головы И.И. Маковского, в котором в октябре 1890 г. бывал А.П. Чехов",
        "address": "Приморский край, г. Владивостокский городской округ, Дзержинского, 49 (Фонтанная, 49)",
        "image": [
          "/photo/401.webp"
        ]
      },
      "geometry": {
        "type": "MultiPolygon",
        "coordinates": [
          [
            [
              [
                131.88808663729557,
                43.119771870404136
              ],
              [
                131.88825372655532,
                43.11974155414018
              ],
              [
                131.88825609182518,
                43.11974893539623
              ],
              [
                131.88833963640278,
                43.11973377717099
              ],
              [
                131.88839654322396,
                43.1197234520281
              ],
              [
                131.88843609633432,
                43.11984152291374
              ],
              [
                131.88831686652537,
                43.1198627394855
              ],
              [
                131.88834131298384,
                43.119933513979234
              ],
              [
                131.8882054884287,
                43.119958044695046
              ],
              [
                131.88817506073912,
                43.11986557107019
              ],
              [
                131.88811986911253,
                43.11987631859209
              ],
              [
                131.88808663729557,
                43.119771870404136
              ]
            ]
          ]
        ]
      }
    },
    {
      "type": "Feature",
      "properties": {
        "fid": 488,
        "Layer": "LINES",
        "Text": "388",
        "id": 351,
        "number": "388",
        "description": "Жилой дом",
        "address": "Приморский край, г. Владивосток, ул. Уборевича, 23-А",
        "image": [
          "/photo/388.webp"
        ]
      },
      "geometry": {
        "type": "MultiPolygon",
        "coordinates": [
          [
            [
              [
                131.89113887229323,
                43.12069922984725
              ],
              [
                131.89110287492784,
                43.12058541050253
              ],
              [
                131.8909171397501,
                43.12061704608983
              ],
              [
                131.89095313678948,
                43.12073086549198
              ],
              [
                131.89113887229323,
                43.12069922984725
              ]
            ]
          ]
        ]
      }
    },
    {
      "type": "Feature",
      "properties": {
        "fid": 489,
        "Layer": "LINES",
        "Text": "393",
        "id": 356,
        "number": "393",
        "description": "Дом, в котором жила в 1913–1917 гг. семья известных дальневосточных педагогов и общественных деятелей М.В. и М.Я.Сибирцевых, чьи сыновья Всеволод и Игорь погибли в борьбе за власть Советов",
        "address": "Приморский край, г Владивосток, ул. Уткинская, д 40",
        "image": [
          "/photo/393.webp"
        ]
      },
      "geometry": {
        "type": "MultiPolygon",
        "coordinates": [
          [
            [
              [
                131.89298166219822,
                43.12195666992302
              ],
              [
                131.8930784991332,
                43.121939115935966
              ],
              [
                131.89308649978267,
                43.12196279858198
              ],
              [
                131.89320220467727,
                43.12194182420285
              ],
              [
                131.89319634390563,
                43.12192447593081
              ],
              [
                131.89329360908354,
                43.121910016157784
              ],
              [
                131.893330437393,
                43.122037687396436
              ],
              [
                131.89320561804456,
                43.12205654571995
              ],
              [
                131.89321195278785,
                43.12207904397627
              ],
              [
                131.89314744406218,
                43.122087652232246
              ],
              [
                131.89314141668132,
                43.122066245519875
              ],
              [
                131.89301790094544,
                43.12208490666766
              ],
              [
                131.89298166219822,
                43.12195666992302
              ]
            ]
          ]
        ]
      }
    },
    {
      "type": "Feature",
      "properties": {
        "fid": 490,
        "Layer": "LINES",
        "Text": "389",
        "id": 352,
        "number": "389",
        "description": "Здание старейшей на Дальнем Востоке Пастеровской станции",
        "address": "Приморский край, г. Владивосток, Уборевича ул., 36",
        "image": [
          "/photo/389.webp"
        ]
      },
      "geometry": {
        "type": "MultiPolygon",
        "coordinates": [
          [
            [
              [
                131.8922886042284,
                43.12198528366687
              ],
              [
                131.8927022146139,
                43.1219100764541
              ],
              [
                131.89270099687818,
                43.12190655848472
              ],
              [
                131.8926691683533,
                43.12181247172769
              ],
              [
                131.8925748911529,
                43.121828662842084
              ],
              [
                131.89258470190012,
                43.121859543980655
              ],
              [
                131.89254962613214,
                43.121865418538995
              ],
              [
                131.89255480576398,
                43.12188212450627
              ],
              [
                131.8924403614767,
                43.121901601811906
              ],
              [
                131.89242716189074,
                43.12186013368849
              ],
              [
                131.89245508258614,
                43.121855483808275
              ],
              [
                131.89243689626616,
                43.12179734500073
              ],
              [
                131.89236876271667,
                43.12180965760328
              ],
              [
                131.89236630437725,
                43.12180167379438
              ],
              [
                131.8923610522739,
                43.12179966424148
              ],
              [
                131.8923154621719,
                43.121807286772
              ],
              [
                131.89231214421744,
                43.12181086977562
              ],
              [
                131.89231505739588,
                43.12181874869915
              ],
              [
                131.89232520496137,
                43.121848785852016
              ],
              [
                131.8922574780078,
                43.12186113387714
              ],
              [
                131.89225313279238,
                43.12186190388989
              ],
              [
                131.8922743071012,
                43.121927218716216
              ],
              [
                131.8922700577921,
                43.121927952814694
              ],
              [
                131.8922886042284,
                43.12198528366687
              ]
            ]
          ]
        ]
      }
    },
    {
      "type": "Feature",
      "properties": {
        "fid": 491,
        "Layer": "LINES",
        "Text": "390",
        "id": 353,
        "number": "390",
        "description": "Жилой дом",
        "address": "Приморский край, г. Владивосток, ул. Уборевича, 38",
        "image": [
          "/photo/390.webp"
        ]
      },
      "geometry": {
        "type": "MultiPolygon",
        "coordinates": [
          [
            [
              [
                131.89236436758432,
                43.12205805934539
              ],
              [
                131.89236279044286,
                43.12205329175201
              ],
              [
                131.8924206176821,
                43.12204379848766
              ],
              [
                131.89241888798202,
                43.12203838619322
              ],
              [
                131.89250845681164,
                43.122022876114166
              ],
              [
                131.89251220330894,
                43.12203448202954
              ],
              [
                131.8925729909997,
                43.12222278976462
              ],
              [
                131.8924277651412,
                43.12224970528717
              ],
              [
                131.89236436758432,
                43.12205805934539
              ]
            ]
          ]
        ]
      }
    },
    {
      "type": "Feature",
      "properties": {
        "fid": 492,
        "Layer": "LINES",
        "Text": "239",
        "id": 210,
        "number": "239",
        "description": "\"Ансамбль деловых и жилых домов братьев Синкевича и Фихмана \"",
        "address": "Приморский край, ул. Пушкинская, 33 и 35",
        "image": [
          "/photo/239.webp",
          "/photo/239_2.webp"
        ]
      },
      "geometry": {
        "type": "MultiPolygon",
        "coordinates": [
          [
            [
              [
                131.9021829128247,
                43.11667575046855
              ],
              [
                131.90216060519703,
                43.11673241030384
              ],
              [
                131.90233570885576,
                43.116769409037374
              ],
              [
                131.90235801633546,
                43.11671274916818
              ],
              [
                131.9021829128247,
                43.11667575046855
              ]
            ]
          ]
        ]
      }
    },
    {
      "type": "Feature",
      "properties": {
        "fid": 493,
        "Layer": "LINES",
        "Text": "330",
        "id": 301,
        "number": "330",
        "description": "Жилой дом",
        "address": "Приморский край, г. Владивостокский городской округ, ул. Светланская, 66",
        "image": [
          "/photo/330.webp"
        ]
      },
      "geometry": {
        "type": "MultiPolygon",
        "coordinates": [
          [
            [
              [
                131.90073028454142,
                43.11451639788735
              ],
              [
                131.9008427634691,
                43.114541508749674
              ],
              [
                131.90083421005036,
                43.11456207222654
              ],
              [
                131.9008972875127,
                43.114576154180355
              ],
              [
                131.90090625407527,
                43.11455459740134
              ],
              [
                131.90102987355766,
                43.11458219515466
              ],
              [
                131.90106344447247,
                43.11450148579015
              ],
              [
                131.90111390361793,
                43.114512750626716
              ],
              [
                131.90114308721044,
                43.11444258870337
              ],
              [
                131.90101323064556,
                43.11441359860626
              ],
              [
                131.9010010468678,
                43.114442890186446
              ],
              [
                131.90087837724232,
                43.1144155043908
              ],
              [
                131.90089064706197,
                43.114386006094435
              ],
              [
                131.90074116879057,
                43.11435263510248
              ],
              [
                131.90071292265358,
                43.114420542172475
              ],
              [
                131.9007654856927,
                43.114432276887136
              ],
              [
                131.90073028454142,
                43.11451639788735
              ]
            ]
          ]
        ]
      }
    },
    {
      "type": "Feature",
      "properties": {
        "fid": 494,
        "Layer": "LINES",
        "Text": "235",
        "id": 206,
        "number": "235",
        "description": "Жилой дом - памятник советской архитектуры 40-х годов, памятник творчества архитектора А.И. Порецкова",
        "address": "Приморский край, г. Владивосток, ул. Пушкинская, 25а",
        "image": [
          "/photo/235.webp"
        ]
      },
      "geometry": {
        "type": "MultiPolygon",
        "coordinates": [
          [
            [
              [
                131.89970013131958,
                43.115763931512596
              ],
              [
                131.8998733275457,
                43.11580561894392
              ],
              [
                131.89995325765298,
                43.11562739136551
              ],
              [
                131.89980407184984,
                43.115591483147895
              ],
              [
                131.89975504469015,
                43.115700803095166
              ],
              [
                131.89973103467693,
                43.11569502399144
              ],
              [
                131.89970013131958,
                43.115763931512596
              ]
            ]
          ]
        ]
      }
    },
    {
      "type": "Feature",
      "properties": {
        "fid": 495,
        "Layer": "LINES",
        "Text": "342",
        "id": 313,
        "number": "342",
        "description": "Здание библиотеки им. Гоголя (ныне – им. М. Горького) – первой на Дальнем Востоке публичной библиотеки",
        "address": "Приморский край, г. Владивостокский городской округ, ул. Светланская, 119",
        "image": [
          "/photo/342.webp"
        ]
      },
      "geometry": {
        "type": "MultiPolygon",
        "coordinates": [
          [
            [
              [
                131.91089676577312,
                43.11425993967042
              ],
              [
                131.91100186302504,
                43.11421506609996
              ],
              [
                131.91096265175753,
                43.114162350909695
              ],
              [
                131.91108509960839,
                43.114110508598074
              ],
              [
                131.91099466575773,
                43.113980147067046
              ],
              [
                131.9107918793774,
                43.11406299399096
              ],
              [
                131.9108790485507,
                43.11418583056983
              ],
              [
                131.91085152972485,
                43.114197079483226
              ],
              [
                131.91089676577312,
                43.11425993967042
              ]
            ]
          ]
        ]
      }
    },
    {
      "type": "Feature",
      "properties": {
        "fid": 496,
        "Layer": "LINES",
        "Text": "333",
        "id": 304,
        "number": "333",
        "description": "Дом жилой",
        "address": "Приморский край, г. Владивостокский городской округ, ул. Светланская, 80",
        "image": [
          "/photo/333.webp"
        ]
      },
      "geometry": {
        "type": "MultiPolygon",
        "coordinates": [
          [
            [
              [
                131.91017272105395,
                43.11415958141336
              ],
              [
                131.91027483597645,
                43.11410373013903
              ],
              [
                131.9102599406883,
                43.11408911318212
              ],
              [
                131.9102856563793,
                43.114073178221375
              ],
              [
                131.91025364059246,
                43.114045447290685
              ],
              [
                131.91027686156943,
                43.114031058194556
              ],
              [
                131.91018418630378,
                43.11393527746871
              ],
              [
                131.91023536241988,
                43.11390221560417
              ],
              [
                131.91019352145705,
                43.11385981215714
              ],
              [
                131.910218134926,
                43.113846776612874
              ],
              [
                131.9101601212551,
                43.11379181804533
              ],
              [
                131.91013629685537,
                43.11380531616381
              ],
              [
                131.91011774288805,
                43.11378773924812
              ],
              [
                131.91001727380012,
                43.113844661587436
              ],
              [
                131.91006142164238,
                43.11388648464815
              ],
              [
                131.91005974243015,
                43.113925085334515
              ],
              [
                131.90998106674638,
                43.113968138984305
              ],
              [
                131.90992324639268,
                43.113963801277166
              ],
              [
                131.9098769764292,
                43.11392343359314
              ],
              [
                131.90977553962324,
                43.11397789230387
              ],
              [
                131.90978959389952,
                43.113991184883645
              ],
              [
                131.90977049993455,
                43.11400202039658
              ],
              [
                131.90982996425356,
                43.11405826187409
              ],
              [
                131.90985100293247,
                43.11404632276086
              ],
              [
                131.90990318091838,
                43.11409060928593
              ],
              [
                131.90995060191497,
                43.11406062181037
              ],
              [
                131.91005524871977,
                43.11414944138479
              ],
              [
                131.91008201643717,
                43.11413251432271
              ],
              [
                131.91011521024527,
                43.114160687672964
              ],
              [
                131.9101504369697,
                43.11413841136985
              ],
              [
                131.91017272105395,
                43.11415958141336
              ]
            ]
          ]
        ]
      }
    },
    {
      "type": "Feature",
      "properties": {
        "fid": 497,
        "Layer": "LINES",
        "Text": "343",
        "id": 314,
        "number": "343",
        "description": "Жилой дом",
        "address": "Приморский край, г. Владивосток, ул. Светланская, 127",
        "image": [
          "/photo/343.webp"
        ]
      },
      "geometry": {
        "type": "MultiPolygon",
        "coordinates": [
          [
            [
              [
                131.9130201404119,
                43.11360577511812
              ],
              [
                131.91299555942578,
                43.11354506124928
              ],
              [
                131.9129762151527,
                43.11349416906358
              ],
              [
                131.91341512720587,
                43.11338546808594
              ],
              [
                131.91342781306417,
                43.11341513842408
              ],
              [
                131.91357010244147,
                43.11338248461401
              ],
              [
                131.91365398296693,
                43.11357866688226
              ],
              [
                131.91351260922087,
                43.11361376432252
              ],
              [
                131.913458570127,
                43.11349693196415
              ],
              [
                131.9130201404119,
                43.11360577511812
              ]
            ]
          ]
        ]
      }
    },
    {
      "type": "Feature",
      "properties": {
        "fid": 498,
        "Layer": "LINES",
        "Text": "352",
        "id": 323,
        "number": "352",
        "description": "Многоквартирный жилой дом",
        "address": "Приморский край, г. Владивосток, ул. Светланская, 205"
      },
      "geometry": {
        "type": "MultiPolygon",
        "coordinates": [
          [
            [
              [
                131.93158664948984,
                43.112939763613475
              ],
              [
                131.93165389479486,
                43.11294435738219
              ],
              [
                131.93165387335807,
                43.11296353856787
              ],
              [
                131.93172658731467,
                43.11296645282335
              ],
              [
                131.931725446273,
                43.11297503628884
              ],
              [
                131.93179259772052,
                43.11297982767484
              ],
              [
                131.93179394928146,
                43.11296966049815
              ],
              [
                131.93199401557663,
                43.11298298462067
              ],
              [
                131.9319928078086,
                43.112997172739256
              ],
              [
                131.93205214957172,
                43.113000474810086
              ],
              [
                131.9320535987191,
                43.1129864964225
              ],
              [
                131.93225887195052,
                43.11300368231006
              ],
              [
                131.93225668700217,
                43.113017690256015
              ],
              [
                131.93231341081042,
                43.1130224392206
              ],
              [
                131.93231563999095,
                43.113006176163516
              ],
              [
                131.9324634042313,
                43.1130175563
              ],
              [
                131.93249498906067,
                43.11304446584038
              ],
              [
                131.93249493922826,
                43.11308960772837
              ],
              [
                131.9326290551225,
                43.113098063967804
              ],
              [
                131.93263451451966,
                43.11305158900821
              ],
              [
                131.9326675639605,
                43.1130516085454
              ],
              [
                131.93266762577403,
                43.112995470335214
              ],
              [
                131.93260662645767,
                43.11299238346316
              ],
              [
                131.93258565451652,
                43.11298060330855
              ],
              [
                131.93257473434346,
                43.11296359900601
              ],
              [
                131.93257926930812,
                43.11290002323068
              ],
              [
                131.93249127256678,
                43.11289665406382
              ],
              [
                131.93249032443242,
                43.11290994572643
              ],
              [
                131.93234750962029,
                43.11290121027785
              ],
              [
                131.93234941059447,
                43.11288452898793
              ],
              [
                131.9322319116372,
                43.1128773418801
              ],
              [
                131.93223002812815,
                43.11289386963332
              ],
              [
                131.9320790577449,
                43.11288463498528
              ],
              [
                131.93207907371635,
                43.11287025499297
              ],
              [
                131.931966709719,
                43.11286296710839
              ],
              [
                131.9319650058099,
                43.112877067753054
              ],
              [
                131.93180787654114,
                43.112869839853374
              ],
              [
                131.9318097037503,
                43.11284851936938
              ],
              [
                131.9317115122416,
                43.112844002478774
              ],
              [
                131.93170982034084,
                43.11286132241132
              ],
              [
                131.93159541965832,
                43.112853001395386
              ],
              [
                131.93158664948984,
                43.112939763613475
              ]
            ]
          ]
        ]
      }
    },
    {
      "type": "Feature",
      "properties": {
        "fid": 499,
        "Layer": "LINES",
        "Text": "113",
        "id": 109,
        "number": "113",
        "description": "Ансамбль застройки главного госпиталя Сибирской флотилии 1895-1908",
        "address": "Приморский край, г. Владивосток, ул Ивановская, 4, корп. 1-10",
        "image": [
          "/photo/113.webp"
        ]
      },
      "geometry": {
        "type": "MultiPolygon",
        "coordinates": [
          [
            [
              [
                131.92782925950453,
                43.11061672227597
              ],
              [
                131.92860298414226,
                43.11069703975365
              ],
              [
                131.92862557198018,
                43.11058023303405
              ],
              [
                131.92784920987683,
                43.11049787225669
              ],
              [
                131.92782925950453,
                43.11061672227597
              ]
            ]
          ]
        ]
      }
    },
    {
      "type": "Feature",
      "properties": {
        "fid": 500,
        "Layer": "LINES",
        "Text": "113",
        "id": 109,
        "number": "113",
        "description": "Ансамбль застройки главного госпиталя Сибирской флотилии 1895-1908",
        "address": "Приморский край, г. Владивосток, ул Ивановская, 4, корп. 1-10",
        "image": [
          "/photo/113.webp"
        ]
      },
      "geometry": {
        "type": "MultiPolygon",
        "coordinates": [
          [
            [
              [
                131.9298065264592,
                43.110685866326314
              ],
              [
                131.9296334791697,
                43.110673436341415
              ],
              [
                131.9296511891003,
                43.110572146420594
              ],
              [
                131.9296188039253,
                43.110569945246205
              ],
              [
                131.9296278262139,
                43.110498690931905
              ],
              [
                131.92983412950932,
                43.11051271291464
              ],
              [
                131.9298065264592,
                43.110685866326314
              ]
            ]
          ]
        ]
      }
    },
    {
      "type": "Feature",
      "properties": {
        "fid": 501,
        "Layer": "LINES",
        "Text": "113",
        "id": 109,
        "number": "113",
        "description": "Ансамбль застройки главного госпиталя Сибирской флотилии 1895-1908",
        "address": "Приморский край, г. Владивосток, ул Ивановская, 4, корп. 1-10",
        "image": [
          "/photo/113.webp"
        ]
      },
      "geometry": {
        "type": "MultiPolygon",
        "coordinates": [
          [
            [
              [
                131.9291868469,
                43.110764197309145
              ],
              [
                131.92932256783223,
                43.11077671608319
              ],
              [
                131.92932736302498,
                43.110748810294844
              ],
              [
                131.929630180463,
                43.11077562107247
              ],
              [
                131.92962544876846,
                43.11080430870903
              ],
              [
                131.92978986715153,
                43.11081765336671
              ],
              [
                131.9298065264592,
                43.110685866326314
              ],
              [
                131.92932838840846,
                43.110651521025744
              ],
              [
                131.9293336768518,
                43.110612002279474
              ],
              [
                131.92920884928853,
                43.11060261440974
              ],
              [
                131.9291868469,
                43.110764197309145
              ]
            ]
          ]
        ]
      }
    },
    {
      "type": "Feature",
      "properties": {
        "fid": 502,
        "Layer": "LINES",
        "Text": "113",
        "id": 109,
        "number": "113",
        "description": "Ансамбль застройки главного госпиталя Сибирской флотилии 1895-1908",
        "address": "Приморский край, г. Владивосток, ул Ивановская, 4, корп. 1-10",
        "image": [
          "/photo/113.webp"
        ]
      },
      "geometry": {
        "type": "MultiPolygon",
        "coordinates": [
          [
            [
              [
                131.9296831219819,
                43.111407237816564
              ],
              [
                131.93007012855267,
                43.11143223272962
              ],
              [
                131.93008372145636,
                43.111289245101226
              ],
              [
                131.93003251329924,
                43.11128663205797
              ],
              [
                131.93003050040383,
                43.11130780613599
              ],
              [
                131.92979546577763,
                43.111290668400684
              ],
              [
                131.92979870712355,
                43.11126680729872
              ],
              [
                131.92974111380252,
                43.111262607761226
              ],
              [
                131.92973761813388,
                43.111288340876435
              ],
              [
                131.9296987096468,
                43.11128550376589
              ],
              [
                131.9296831219819,
                43.111407237816564
              ]
            ]
          ]
        ]
      }
    },
    {
      "type": "Feature",
      "properties": {
        "fid": 503,
        "Layer": "LINES",
        "Text": "113",
        "id": 109,
        "number": "113",
        "description": "Ансамбль застройки главного госпиталя Сибирской флотилии 1895-1908",
        "address": "Приморский край, г. Владивосток, ул Ивановская, 4, корп. 1-10",
        "image": [
          "/photo/113.webp"
        ]
      },
      "geometry": {
        "type": "MultiPolygon",
        "coordinates": [
          [
            [
              [
                131.9309289931912,
                43.11138204109929
              ],
              [
                131.9314508338737,
                43.11141511136792
              ],
              [
                131.93144837847117,
                43.111435909752764
              ],
              [
                131.93153452899512,
                43.111441369081305
              ],
              [
                131.93155553907158,
                43.11128019811004
              ],
              [
                131.93146268446264,
                43.11127370072517
              ],
              [
                131.93146095346214,
                43.11128697932852
              ],
              [
                131.93094390087734,
                43.111256217095004
              ],
              [
                131.93094604746804,
                43.11123685096781
              ],
              [
                131.9308533152931,
                43.1112313335826
              ],
              [
                131.93083819940904,
                43.11139546267121
              ],
              [
                131.93092735122303,
                43.11139986991603
              ],
              [
                131.9309289931912,
                43.11138204109929
              ]
            ]
          ]
        ]
      }
    },
    {
      "type": "Feature",
      "properties": {
        "fid": 504,
        "Layer": "LINES",
        "Text": "113",
        "id": 109,
        "number": "113",
        "description": "Ансамбль застройки главного госпиталя Сибирской флотилии 1895-1908",
        "address": "Приморский край, г. Владивосток, ул Ивановская, 4, корп. 1-10",
        "image": [
          "/photo/113.webp"
        ]
      },
      "geometry": {
        "type": "MultiPolygon",
        "coordinates": [
          [
            [
              [
                131.93205403374364,
                43.11147571571525
              ],
              [
                131.93260100032063,
                43.11150881266595
              ],
              [
                131.93261475276208,
                43.11136986243981
              ],
              [
                131.9324487741345,
                43.1113610444551
              ],
              [
                131.93244731020818,
                43.11137583512109
              ],
              [
                131.93222950972356,
                43.111361826657244
              ],
              [
                131.9322316913702,
                43.11134361966934
              ],
              [
                131.9320714227131,
                43.1113350712784
              ],
              [
                131.93205403374364,
                43.11147571571525
              ]
            ]
          ]
        ]
      }
    },
    {
      "type": "Feature",
      "properties": {
        "fid": 505,
        "Layer": "LINES",
        "Text": "113",
        "id": 109,
        "number": "113",
        "description": "Ансамбль застройки главного госпиталя Сибирской флотилии 1895-1908",
        "address": "Приморский край, г. Владивосток, ул Ивановская, 4, корп. 1-10",
        "image": [
          "/photo/113.webp"
        ]
      },
      "geometry": {
        "type": "MultiPolygon",
        "coordinates": [
          [
            [
              [
                131.93309634209973,
                43.111547356882774
              ],
              [
                131.93328095977995,
                43.11155649361444
              ],
              [
                131.9333239356829,
                43.11107826285029
              ],
              [
                131.93314498753244,
                43.11106963079567
              ],
              [
                131.93309634209973,
                43.111547356882774
              ]
            ]
          ]
        ]
      }
    },
    {
      "type": "Feature",
      "properties": {
        "fid": 506,
        "Layer": "LINES",
        "Text": "113",
        "id": 109,
        "number": "113",
        "description": "Ансамбль застройки главного госпиталя Сибирской флотилии 1895-1908",
        "address": "Приморский край, г. Владивосток, ул Ивановская, 4, корп. 1-10",
        "image": [
          "/photo/113.webp"
        ]
      },
      "geometry": {
        "type": "MultiPolygon",
        "coordinates": [
          [
            [
              [
                131.93159596016858,
                43.11098131896695
              ],
              [
                131.9312661637085,
                43.11095316766495
              ],
              [
                131.93125948862115,
                43.11098183570049
              ],
              [
                131.93115565411387,
                43.110971732516624
              ],
              [
                131.93116132653972,
                43.110940080834276
              ],
              [
                131.93095981800533,
                43.110920695775164
              ],
              [
                131.93095682970394,
                43.110934703973605
              ],
              [
                131.93086612327147,
                43.11092431722241
              ],
              [
                131.9308690469287,
                43.11091061215008
              ],
              [
                131.93061476815058,
                43.11088149440399
              ],
              [
                131.93061011922802,
                43.11090552575411
              ],
              [
                131.93065161513127,
                43.11093144942984
              ],
              [
                131.9306458019138,
                43.110971841762826
              ],
              [
                131.93061810206802,
                43.11098618163745
              ],
              [
                131.9305106225341,
                43.110970748077555
              ],
              [
                131.93052029671577,
                43.110916282871784
              ],
              [
                131.9305696325882,
                43.110902445476036
              ],
              [
                131.93057457456896,
                43.110876265134145
              ],
              [
                131.9304515935311,
                43.11086380379336
              ],
              [
                131.93045168511298,
                43.11078326303371
              ],
              [
                131.93053425002898,
                43.11079229071336
              ],
              [
                131.93056183447328,
                43.11064122318429
              ],
              [
                131.93068746034677,
                43.11065579484262
              ],
              [
                131.93066418977625,
                43.110806806741536
              ],
              [
                131.9308568827486,
                43.110825491518604
              ],
              [
                131.93088327302698,
                43.11067939956726
              ],
              [
                131.9310044381086,
                43.110688328950765
              ],
              [
                131.93097871528457,
                43.110843738629555
              ],
              [
                131.93117785021403,
                43.110858572301666
              ],
              [
                131.93119843419373,
                43.11071024083441
              ],
              [
                131.93131489197856,
                43.110718915675804
              ],
              [
                131.93129933442756,
                43.11083102748831
              ],
              [
                131.9316192058212,
                43.11085563576943
              ],
              [
                131.93159596016858,
                43.11098131896695
              ]
            ]
          ]
        ]
      }
    },
    {
      "type": "Feature",
      "properties": {
        "fid": 507,
        "Layer": "LINES",
        "Text": "113",
        "id": 109,
        "number": "113",
        "description": "Ансамбль застройки главного госпиталя Сибирской флотилии 1895-1908",
        "address": "Приморский край, г. Владивосток, ул Ивановская, 4, корп. 1-10",
        "image": [
          "/photo/113.webp"
        ]
      },
      "geometry": {
        "type": "MultiPolygon",
        "coordinates": [
          [
            [
              [
                131.9304515935311,
                43.11086380379336
              ],
              [
                131.93042406510435,
                43.1108610143925
              ],
              [
                131.9304225675906,
                43.110871051713474
              ],
              [
                131.93019415601015,
                43.11085275910985
              ],
              [
                131.93021932855564,
                43.11070339752643
              ],
              [
                131.93043998360676,
                43.11072455117721
              ],
              [
                131.93042853973787,
                43.110780732298316
              ],
              [
                131.93045168511298,
                43.11078326303371
              ],
              [
                131.9304515935311,
                43.11086380379336
              ]
            ]
          ]
        ]
      }
    },
    {
      "type": "Feature",
      "properties": {
        "fid": 508,
        "Layer": "LINES",
        "Text": "3",
        "id": 3,
        "number": "3",
        "description": "Жилой дом",
        "address": "Приморский край, ул. Матросская 1-я, 14",
        "image": [
          "/photo/3.webp"
        ]
      },
      "geometry": {
        "type": "MultiPolygon",
        "coordinates": [
          [
            [
              [
                131.9287934705275,
                43.11340647722372
              ],
              [
                131.92863695482572,
                43.11339467755274
              ],
              [
                131.92865349715544,
                43.11321964183546
              ],
              [
                131.92881394860666,
                43.11322997342215
              ],
              [
                131.9287934705275,
                43.11340647722372
              ]
            ]
          ]
        ]
      }
    },
    {
      "type": "Feature",
      "properties": {
        "fid": 509,
        "Layer": "LINES",
        "Text": "341",
        "id": 312,
        "number": "341",
        "description": "Доходный дом Чирва",
        "address": "Приморский край, г. Владивосток, ул. Светланская, 114",
        "image": [
          "/photo/341.webp"
        ]
      },
      "geometry": {
        "type": "MultiPolygon",
        "coordinates": [
          [
            [
              [
                131.92652598968476,
                43.112239141965695
              ],
              [
                131.92646604627427,
                43.11223361644291
              ],
              [
                131.92628134787597,
                43.11221659092806
              ],
              [
                131.9262676790092,
                43.11221462145478
              ],
              [
                131.92622739358126,
                43.11219677437398
              ],
              [
                131.92621957663357,
                43.112184237227154
              ],
              [
                131.9262009649344,
                43.11212378196529
              ],
              [
                131.9261862861302,
                43.11207297203838
              ],
              [
                131.9261788804185,
                43.11204707464976
              ],
              [
                131.92615682556303,
                43.11197522782239
              ],
              [
                131.92618194969856,
                43.111970962603884
              ],
              [
                131.92631765712895,
                43.111949347310755
              ],
              [
                131.9263184491331,
                43.111951984907456
              ],
              [
                131.92633234230584,
                43.11199841425417
              ],
              [
                131.92633962187537,
                43.112022496015676
              ],
              [
                131.92636480753546,
                43.11201843373277
              ],
              [
                131.92637421893866,
                43.11205182543205
              ],
              [
                131.92634951772806,
                43.1120557107013
              ],
              [
                131.92635989057666,
                43.11208763655562
              ],
              [
                131.92638826648482,
                43.11209147668525
              ],
              [
                131.92638857565325,
                43.11208626367585
              ],
              [
                131.92643718613266,
                43.11208995539789
              ],
              [
                131.92643705406138,
                43.11209509029455
              ],
              [
                131.92653111473956,
                43.11210328299748
              ],
              [
                131.92652598968476,
                43.112239141965695
              ]
            ]
          ]
        ]
      }
    },
    {
      "type": "Feature",
      "properties": {
        "fid": 510,
        "Layer": "LINES",
        "Text": "328",
        "id": 299,
        "number": "328",
        "description": "Дом в котором жил профессор Позднеев С.П., известный русский филолог, первый ректор Восточного института",
        "address": "Приморский край, г. Владивосток, ул. Светланская, 73 а",
        "image": [
          "/photo/328.webp"
        ]
      },
      "geometry": {
        "type": "MultiPolygon",
        "coordinates": [
          [
            [
              [
                131.90012447498967,
                43.11495595656957
              ],
              [
                131.90039471156985,
                43.115022948716636
              ],
              [
                131.90043101360786,
                43.11494388119896
              ],
              [
                131.90036743443875,
                43.114928722900714
              ],
              [
                131.90036105495406,
                43.11494308407785
              ],
              [
                131.90021266255806,
                43.11490561749626
              ],
              [
                131.90021795581447,
                43.11489436548102
              ],
              [
                131.90016031173008,
                43.11488022525636
              ],
              [
                131.90012447498967,
                43.11495595656957
              ]
            ]
          ]
        ]
      }
    },
    {
      "type": "Feature",
      "properties": {
        "fid": 511,
        "Layer": "LINES",
        "Text": "220",
        "id": 191,
        "number": "220",
        "description": "Жилой дом",
        "address": "Приморский край, г. Владивосток, ул. Пушкинская, 8-А",
        "image": [
          "/photo/220.webp"
        ]
      },
      "geometry": {
        "type": "MultiPolygon",
        "coordinates": [
          [
            [
              [
                131.89979031466984,
                43.11503662022598
              ],
              [
                131.89986321311716,
                43.1150552864118
              ],
              [
                131.8998506547206,
                43.115083664389815
              ],
              [
                131.89996978589414,
                43.115111929078374
              ],
              [
                131.9000038405643,
                43.11502488732049
              ],
              [
                131.89981396847475,
                43.11498239836006
              ],
              [
                131.89979031466984,
                43.11503662022598
              ]
            ]
          ]
        ]
      }
    },
    {
      "type": "Feature",
      "properties": {
        "fid": 512,
        "Layer": "LINES",
        "Text": "432",
        "id": 394,
        "number": "432",
        "description": "Жилой дом Приморской епархии",
        "address": "Приморский край, г. Владивосток, ул. Ключевая, 5",
        "image": [
          "/photo/432.webp"
        ]
      },
      "geometry": {
        "type": "MultiPolygon",
        "coordinates": [
          [
            [
              [
                131.90015947842468,
                43.11601535625576
              ],
              [
                131.90021734379013,
                43.11602931126558
              ],
              [
                131.90016822936596,
                43.11614139903455
              ],
              [
                131.90015239634718,
                43.11613762261427
              ],
              [
                131.89990533273422,
                43.11608139431761
              ],
              [
                131.89995478336763,
                43.11596909632364
              ],
              [
                131.9000115385286,
                43.11598211246951
              ],
              [
                131.9000148669577,
                43.11597320929002
              ],
              [
                131.90016293472044,
                43.11600693067642
              ],
              [
                131.90015947842468,
                43.11601535625576
              ]
            ]
          ]
        ]
      }
    },
    {
      "type": "Feature",
      "properties": {
        "fid": 513,
        "Layer": "LINES",
        "Text": "431",
        "id": 393,
        "number": "431",
        "description": "Жилой дом Приморской епархии",
        "address": "Приморский край, г. Владивосток, ул. Всеволода Сибирцева, 16",
        "image": [
          "/photo/431.webp"
        ]
      },
      "geometry": {
        "type": "MultiPolygon",
        "coordinates": [
          [
            [
              [
                131.89995393604295,
                43.11622373481012
              ],
              [
                131.89991899979304,
                43.11629399211979
              ],
              [
                131.8999568503971,
                43.116305031268126
              ],
              [
                131.89995504414384,
                43.11630882735422
              ],
              [
                131.90009211374968,
                43.116343265117656
              ],
              [
                131.90013965793156,
                43.11635564849412
              ],
              [
                131.90017030686448,
                43.11629452913864
              ],
              [
                131.90013674815583,
                43.11628570905016
              ],
              [
                131.90014349057378,
                43.11627182676693
              ],
              [
                131.89995393604295,
                43.11622373481012
              ]
            ]
          ]
        ]
      }
    },
    {
      "type": "Feature",
      "properties": {
        "fid": 514,
        "Layer": "LINES",
        "Text": "238",
        "id": 209,
        "number": "238",
        "description": "Жилой дом",
        "address": "Приморский край, г. Владивосток, ул. Пушкинская, д. 35",
        "image": [
          "/photo/238.webp"
        ]
      },
      "geometry": {
        "type": "MultiPolygon",
        "coordinates": [
          [
            [
              [
                131.90279920968732,
                43.116533163185366
              ],
              [
                131.90274580190268,
                43.11651819864027
              ],
              [
                131.90275062383566,
                43.11650815053721
              ],
              [
                131.90269298269502,
                43.1164925196778
              ],
              [
                131.90268269704066,
                43.1165134073973
              ],
              [
                131.90264517462418,
                43.116503966722426
              ],
              [
                131.9026366918094,
                43.116521786720995
              ],
              [
                131.90258781208726,
                43.11650962512009
              ],
              [
                131.90259636022842,
                43.11649092216551
              ],
              [
                131.9025290485604,
                43.116471091809665
              ],
              [
                131.90252704834168,
                43.11646520659406
              ],
              [
                131.9025582521515,
                43.11640330763021
              ],
              [
                131.90256385124601,
                43.116404678956386
              ],
              [
                131.90258331655002,
                43.116367181244875
              ],
              [
                131.90258019716936,
                43.116359537102554
              ],
              [
                131.90257968720366,
                43.1163524679397
              ],
              [
                131.90258134958307,
                43.116348346858736
              ],
              [
                131.90258230644406,
                43.116345974775605
              ],
              [
                131.9025877922576,
                43.11634177679071
              ],
              [
                131.90259562586368,
                43.116338344670105
              ],
              [
                131.90260267420425,
                43.1163366312832
              ],
              [
                131.902608936771,
                43.1163360638786
              ],
              [
                131.9026188495587,
                43.11633798285426
              ],
              [
                131.90262588827576,
                43.11634142709595
              ],
              [
                131.9026305775815,
                43.116346015985535
              ],
              [
                131.90263213869054,
                43.11634850115823
              ],
              [
                131.90266161987685,
                43.11635612692533
              ],
              [
                131.9026678762163,
                43.1163433970413
              ],
              [
                131.90274633801593,
                43.116363978232414
              ],
              [
                131.9027396528755,
                43.11637754817389
              ],
              [
                131.90279943124762,
                43.116393605140125
              ],
              [
                131.90289289265897,
                43.1164187095704
              ],
              [
                131.90286532571383,
                43.11646666825441
              ],
              [
                131.90287293238657,
                43.11646931456671
              ],
              [
                131.9028562784964,
                43.11649921986849
              ],
              [
                131.90285085423318,
                43.11649774681917
              ],
              [
                131.90282677153186,
                43.11654088583852
              ],
              [
                131.90279920968732,
                43.116533163185366
              ]
            ]
          ]
        ]
      }
    },
    {
      "type": "Feature",
      "properties": {
        "fid": 515,
        "Layer": "LINES",
        "Text": "237",
        "id": 208,
        "number": "237",
        "description": "Дом Синкевича.",
        "address": "Приморский край, г. Владивосток, ул. Пушкинская, 33 (стр. 1,2,3,4)",
        "image": [
          "/photo/237.webp",
          "/photo/237_2.webp",
          "/photo/237_3.webp"
        ]
      },
      "geometry": {
        "type": "MultiPolygon",
        "coordinates": [
          [
            [
              [
                131.90246284976368,
                43.11630228420776
              ],
              [
                131.9024645560042,
                43.11629883546727
              ],
              [
                131.90244836556914,
                43.11629447850117
              ],
              [
                131.90248181717843,
                43.11622567622954
              ],
              [
                131.9024111661574,
                43.11620634547326
              ],
              [
                131.90240964033939,
                43.1162102394514
              ],
              [
                131.9022933216299,
                43.1161792573778
              ],
              [
                131.90230063940308,
                43.11616355126777
              ],
              [
                131.90221378051615,
                43.11614022315338
              ],
              [
                131.90220809894726,
                43.116141603822996
              ],
              [
                131.90220050311922,
                43.11615799583888
              ],
              [
                131.90213732899923,
                43.11614192570874
              ],
              [
                131.90212864226586,
                43.116127025367
              ],
              [
                131.9021085145918,
                43.11612110582728
              ],
              [
                131.90208528344124,
                43.11612697545076
              ],
              [
                131.90207706926344,
                43.116143942622806
              ],
              [
                131.90208605260761,
                43.116157757428894
              ],
              [
                131.90204785662414,
                43.11623665477336
              ],
              [
                131.9020310318459,
                43.11623927878384
              ],
              [
                131.90201928284964,
                43.11626487437112
              ],
              [
                131.90202926538134,
                43.116275137218146
              ],
              [
                131.90202374396733,
                43.11628611763045
              ],
              [
                131.90210214534233,
                43.11630727570194
              ],
              [
                131.90209720555697,
                43.11631760349484
              ],
              [
                131.90216327806397,
                43.1163350418786
              ],
              [
                131.9021742504671,
                43.11631375012667
              ],
              [
                131.90229658471287,
                43.1163460159452
              ],
              [
                131.9022904158076,
                43.11635908492945
              ],
              [
                131.90233109128204,
                43.11636919384776
              ],
              [
                131.90233725739242,
                43.11635698197095
              ],
              [
                131.90242445673653,
                43.11637988604323
              ],
              [
                131.90246284976368,
                43.11630228420776
              ]
            ]
          ]
        ]
      }
    },
    {
      "type": "Feature",
      "properties": {
        "fid": 516,
        "Layer": "LINES",
        "Text": "239",
        "id": 210,
        "number": "239",
        "description": "\"Ансамбль деловых и жилых домов братьев Синкевича и Фихмана \"",
        "address": "Приморский край, ул. Пушкинская, 33 и 35",
        "image": [
          "/photo/239.webp",
          "/photo/239_2.webp"
        ]
      },
      "geometry": {
        "type": "MultiPolygon",
        "coordinates": [
          [
            [
              [
                131.9021597812199,
                43.11659012442867
              ],
              [
                131.90198024309655,
                43.11655246920459
              ],
              [
                131.90204319937794,
                43.11639245860916
              ],
              [
                131.90209238367603,
                43.116403052673064
              ],
              [
                131.902109456459,
                43.11638939440192
              ],
              [
                131.90213972155516,
                43.11639612932625
              ],
              [
                131.90214372033725,
                43.116415261216574
              ],
              [
                131.9021914294862,
                43.11642557984191
              ],
              [
                131.9021640994494,
                43.116493814373406
              ],
              [
                131.90220269964317,
                43.116502414559974
              ],
              [
                131.9021894508884,
                43.11653687821345
              ],
              [
                131.9021811221421,
                43.116535515465415
              ],
              [
                131.9021597812199,
                43.11659012442867
              ]
            ]
          ]
        ]
      }
    },
    {
      "type": "Feature",
      "properties": {
        "fid": 517,
        "Layer": "LINES",
        "Text": "426",
        "id": 388,
        "number": "426",
        "description": "Дом, в котором в 1884-1889 гг. жил известный исследователь края, основатель Общества изучения Амурского края Ф.Ф. Буссе",
        "address": "Приморский край, Владивостокский городской округ, ул. Прапорщика Комарова, 23 (лит.Б)",
        "image": [
          "/photo/426.webp"
        ]
      },
      "geometry": {
        "type": "MultiPolygon",
        "coordinates": [
          [
            [
              [
                131.8889245742141,
                43.1222439426184
              ],
              [
                131.88916824029693,
                43.12219158301005
              ],
              [
                131.8891313446756,
                43.122099009488664
              ],
              [
                131.88897880069945,
                43.122131717030626
              ],
              [
                131.88897350209834,
                43.12211628168782
              ],
              [
                131.88894976839495,
                43.122120984044315
              ],
              [
                131.88895654663776,
                43.1221385463957
              ],
              [
                131.8888891306742,
                43.12215233970542
              ],
              [
                131.8889245742141,
                43.1222439426184
              ]
            ]
          ]
        ]
      }
    },
    {
      "type": "Feature",
      "properties": {
        "fid": 518,
        "Layer": "LINES",
        "Text": "392",
        "id": 355,
        "number": "392",
        "description": "Жилой дом",
        "address": "Приморский край, г. Владивосток, ул. Уткинская, 14",
        "image": [
          "/photo/392.webp"
        ]
      },
      "geometry": {
        "type": "MultiPolygon",
        "coordinates": [
          [
            [
              [
                131.88742827164324,
                43.123108343369324
              ],
              [
                131.88747744672298,
                43.123232972151776
              ],
              [
                131.88761945591722,
                43.123202633091196
              ],
              [
                131.8875712830346,
                43.1230785364285
              ],
              [
                131.887529325611,
                43.123086622459674
              ],
              [
                131.88752525419855,
                43.123094981853704
              ],
              [
                131.88752959346306,
                43.12310388747676
              ],
              [
                131.8874988677147,
                43.12311140412402
              ],
              [
                131.887492496003,
                43.12309742890646
              ],
              [
                131.8875027761628,
                43.123094438486596
              ],
              [
                131.88750672620225,
                43.123085726243126
              ],
              [
                131.88749860261677,
                43.12306725450234
              ],
              [
                131.88752138440836,
                43.12306126052653
              ],
              [
                131.88742878473246,
                43.122829231964495
              ],
              [
                131.8874247444566,
                43.12281268101207
              ],
              [
                131.88732474774048,
                43.12283385575518
              ],
              [
                131.88737868778244,
                43.12297880513992
              ],
              [
                131.88742827164324,
                43.123108343369324
              ]
            ]
          ]
        ]
      }
    },
    {
      "type": "Feature",
      "properties": {
        "fid": 519,
        "Layer": "LINES",
        "Text": null
      },
      "geometry": {
        "type": "MultiPolygon",
        "coordinates": [
          [
            [
              [
                131.88956572576961,
                43.1132894330273
              ],
              [
                131.88951677494762,
                43.11318136937985
              ],
              [
                131.88961506606904,
                43.11318146449353
              ],
              [
                131.88956572576961,
                43.1132894330273
              ]
            ]
          ]
        ]
      }
    },
    {
      "type": "Feature",
      "properties": {
        "fid": 520,
        "Layer": "LINES",
        "Text": null
      },
      "geometry": {
        "type": "MultiPolygon",
        "coordinates": [
          [
            [
              [
                131.89064948727437,
                43.11284936098984
              ],
              [
                131.89060053489382,
                43.112741297795985
              ],
              [
                131.89069882531467,
                43.11274139197793
              ],
              [
                131.89064948727437,
                43.11284936098984
              ]
            ]
          ]
        ]
      }
    },
    {
      "type": "Feature",
      "properties": {
        "fid": 521,
        "Layer": "LINES",
        "Text": null
      },
      "geometry": {
        "type": "MultiPolygon",
        "coordinates": [
          [
            [
              [
                131.88221811701274,
                43.11241688820462
              ],
              [
                131.88216917981717,
                43.112308821413464
              ],
              [
                131.8822674695171,
                43.11230892283675
              ],
              [
                131.88221811701274,
                43.11241688820462
              ]
            ]
          ]
        ]
      }
    },
    {
      "type": "Feature",
      "properties": {
        "fid": 522,
        "Layer": "LINES",
        "Text": null
      },
      "geometry": {
        "type": "MultiPolygon",
        "coordinates": [
          [
            [
              [
                131.88249559139356,
                43.115334566416166
              ],
              [
                131.88254816649703,
                43.11548993556249
              ],
              [
                131.88255758136407,
                43.115488307003965
              ],
              [
                131.88257530006786,
                43.11553904785211
              ],
              [
                131.88247641068142,
                43.1155574181942
              ],
              [
                131.8824793972769,
                43.11556620934323
              ],
              [
                131.88242616413268,
                43.11557628594435
              ],
              [
                131.8824230432114,
                43.11556713636188
              ],
              [
                131.88233276875198,
                43.11558410189056
              ],
              [
                131.88232978292461,
                43.11557598073566
              ],
              [
                131.88232407078053,
                43.115577107874564
              ],
              [
                131.88231424766585,
                43.115548194405925
              ],
              [
                131.88232086253998,
                43.11554698825303
              ],
              [
                131.88231796472076,
                43.115538458775575
              ],
              [
                131.8823229658812,
                43.115537553723534
              ],
              [
                131.8822486120322,
                43.115317040677695
              ],
              [
                131.88224311896204,
                43.115318046487246
              ],
              [
                131.8822404002089,
                43.11531019471201
              ],
              [
                131.88223340045425,
                43.11531145647203
              ],
              [
                131.8822236637436,
                43.11528238105916
              ],
              [
                131.882230269893,
                43.11528119238479
              ],
              [
                131.88222758861676,
                43.115273194728196
              ],
              [
                131.88223338016317,
                43.115272134266085
              ],
              [
                131.8822166513587,
                43.11522309991791
              ],
              [
                131.88234863239956,
                43.11519958047917
              ],
              [
                131.8823513218493,
                43.115207680446666
              ],
              [
                131.88254148654852,
                43.11517379219615
              ],
              [
                131.88256965034734,
                43.115255850499786
              ],
              [
                131.88248075253094,
                43.11527222603261
              ],
              [
                131.88250105390682,
                43.11533354738286
              ],
              [
                131.88249559139356,
                43.115334566416166
              ]
            ]
          ]
        ]
      }
    },
    {
      "type": "Feature",
      "properties": {
        "fid": 523,
        "Layer": "LINES",
        "Text": null
      },
      "geometry": {
        "type": "MultiPolygon",
        "coordinates": [
          [
            [
              [
                131.88154760964056,
                43.1151159462305
              ],
              [
                131.88149625245617,
                43.11512553334781
              ],
              [
                131.88149253172818,
                43.11511526867422
              ],
              [
                131.88143819502696,
                43.11512583961057
              ],
              [
                131.8814415296379,
                43.11513503909421
              ],
              [
                131.88138398555915,
                43.11514689570422
              ],
              [
                131.88116196828673,
                43.114504469139796
              ],
              [
                131.88113432834848,
                43.114509677605504
              ],
              [
                131.8811277785288,
                43.11449106906519
              ],
              [
                131.8811554338798,
                43.11448585769529
              ],
              [
                131.881142781313,
                43.11444982033703
              ],
              [
                131.8813101483116,
                43.11441828156559
              ],
              [
                131.88132488668157,
                43.11446025943072
              ],
              [
                131.88133322588988,
                43.11445865519476
              ],
              [
                131.88136886373238,
                43.1145637051304
              ],
              [
                131.88141590223708,
                43.11455492912193
              ],
              [
                131.88143073533112,
                43.11460214927183
              ],
              [
                131.88138672194248,
                43.114610745517915
              ],
              [
                131.88142536867255,
                43.1147215922074
              ],
              [
                131.8814402931907,
                43.1147186413764
              ],
              [
                131.8814656326447,
                43.114800494298805
              ],
              [
                131.8814531767184,
                43.11480301631073
              ],
              [
                131.88154449890797,
                43.11506120319996
              ],
              [
                131.88153004324565,
                43.11506436103076
              ],
              [
                131.88154760964056,
                43.1151159462305
              ]
            ]
          ]
        ]
      }
    },
    {
      "type": "Feature",
      "properties": {
        "fid": 524,
        "Layer": "LINES",
        "Text": null
      },
      "geometry": {
        "type": "MultiPolygon",
        "coordinates": [
          [
            [
              [
                131.88102164211938,
                43.114377534100434
              ],
              [
                131.8809455013689,
                43.114391924223696
              ],
              [
                131.88093097970162,
                43.11435176247276
              ],
              [
                131.88092188480124,
                43.11435341719815
              ],
              [
                131.88090505672557,
                43.11430463733838
              ],
              [
                131.88091413908748,
                43.1143033171838
              ],
              [
                131.88089392799722,
                43.11424253995686
              ],
              [
                131.8811046255232,
                43.114201891151396
              ],
              [
                131.8811033264511,
                43.11419772913532
              ],
              [
                131.8811118686555,
                43.114196316994885
              ],
              [
                131.88111303397446,
                43.114200182461374
              ],
              [
                131.8811471442979,
                43.11419313070691
              ],
              [
                131.8811482240762,
                43.1141967927767
              ],
              [
                131.88116953451168,
                43.1141928356793
              ],
              [
                131.8811747194064,
                43.114209394927094
              ],
              [
                131.88122192530216,
                43.1141994760574
              ],
              [
                131.88124736125664,
                43.114273741983055
              ],
              [
                131.88125552167077,
                43.114272954230934
              ],
              [
                131.88125666228746,
                43.11427885676285
              ],
              [
                131.88127452896956,
                43.11427577920059
              ],
              [
                131.88128968485532,
                43.11431809412574
              ],
              [
                131.88127149336987,
                43.11432104727829
              ],
              [
                131.88127491486335,
                43.11433070656124
              ],
              [
                131.88107083640963,
                43.11436780095791
              ],
              [
                131.8810757355336,
                43.11438104419494
              ],
              [
                131.88106370258464,
                43.11438336079728
              ],
              [
                131.8810644624654,
                43.11438541233951
              ],
              [
                131.88103811190467,
                43.11439049031927
              ],
              [
                131.88103721454377,
                43.114388141395125
              ],
              [
                131.88102638762007,
                43.11439018460375
              ],
              [
                131.88102164211938,
                43.114377534100434
              ]
            ]
          ]
        ]
      }
    },
    {
      "type": "Feature",
      "properties": {
        "fid": 525,
        "Layer": "LINES",
        "Text": null
      },
      "geometry": {
        "type": "MultiPolygon",
        "coordinates": [
          [
            [
              [
                131.88051590945116,
                43.11243928922953
              ],
              [
                131.8803203969338,
                43.11247328190157
              ],
              [
                131.88026548000113,
                43.11232312627631
              ],
              [
                131.88022714337436,
                43.1122277701675
              ],
              [
                131.88081487925564,
                43.11211833310243
              ],
              [
                131.88086412156397,
                43.112139035723494
              ],
              [
                131.88097658673055,
                43.112471086009045
              ],
              [
                131.88067102529146,
                43.11252273073206
              ],
              [
                131.88063159507428,
                43.11240241352408
              ],
              [
                131.8807548853069,
                43.11237818914497
              ],
              [
                131.88071752060586,
                43.11226886840948
              ],
              [
                131.88047303242843,
                43.11231061744585
              ],
              [
                131.88051590945116,
                43.11243928922953
              ]
            ]
          ]
        ]
      }
    },
    {
      "type": "Feature",
      "properties": {
        "fid": 526,
        "Layer": "LINES",
        "Text": null
      },
      "geometry": {
        "type": "MultiPolygon",
        "coordinates": [
          [
            [
              [
                131.88136118796928,
                43.113595323939705
              ],
              [
                131.88140754876488,
                43.113728942908544
              ],
              [
                131.8812223768694,
                43.113760910104254
              ],
              [
                131.8812208444956,
                43.11375596558805
              ],
              [
                131.8812092500254,
                43.113748424794814
              ],
              [
                131.88120231989677,
                43.11373020293422
              ],
              [
                131.8812083133533,
                43.11371830892686
              ],
              [
                131.88121784879127,
                43.113716637290615
              ],
              [
                131.88115951219427,
                43.113543486253754
              ],
              [
                131.8813405982739,
                43.11350994309677
              ],
              [
                131.88136665034642,
                43.11359430496007
              ],
              [
                131.88136118796928,
                43.113595323939705
              ]
            ]
          ]
        ]
      }
    },
    {
      "type": "Feature",
      "properties": {
        "fid": 527,
        "Layer": "LINES",
        "Text": null
      },
      "geometry": {
        "type": "MultiPolygon",
        "coordinates": [
          [
            [
              [
                131.88171770672412,
                43.1133359611868
              ],
              [
                131.88154443091562,
                43.11336590388841
              ],
              [
                131.88152170393684,
                43.11329508436595
              ],
              [
                131.88153396311554,
                43.113293101155875
              ],
              [
                131.88152460773838,
                43.11326107018798
              ],
              [
                131.8815128305589,
                43.11326256561064
              ],
              [
                131.88149258061216,
                43.11319627534326
              ],
              [
                131.8815053386442,
                43.113194187516875
              ],
              [
                131.88149399314264,
                43.11315343568343
              ],
              [
                131.88156616570083,
                43.11314324163352
              ],
              [
                131.88157124789322,
                43.11316476658068
              ],
              [
                131.88164002525605,
                43.113156050489934
              ],
              [
                131.88166870431672,
                43.11325806930982
              ],
              [
                131.88173900062836,
                43.11324746253127
              ],
              [
                131.88176195599303,
                43.11333031827277
              ],
              [
                131.88171855361497,
                43.11333840182207
              ],
              [
                131.88171770672412,
                43.1133359611868
              ]
            ]
          ]
        ]
      }
    },
    {
      "type": "Feature",
      "properties": {
        "fid": 528,
        "Layer": "LINES",
        "Text": null
      },
      "geometry": {
        "type": "MultiPolygon",
        "coordinates": [
          [
            [
              [
                131.881695158213,
                43.1128917539891
              ],
              [
                131.88164706682377,
                43.112791361048366
              ],
              [
                131.8817080676892,
                43.1127744531178
              ],
              [
                131.88162809671115,
                43.112607375087364
              ],
              [
                131.88153191822204,
                43.11262964268138
              ],
              [
                131.88154112196122,
                43.11265290484168
              ],
              [
                131.88142871943987,
                43.11267874526494
              ],
              [
                131.88137622472735,
                43.11255201711262
              ],
              [
                131.88149102506492,
                43.11252683180183
              ],
              [
                131.88174726735653,
                43.1124683891235
              ],
              [
                131.88176869203576,
                43.11251284383114
              ],
              [
                131.88176243715793,
                43.11251424369316
              ],
              [
                131.88180853394428,
                43.112621557764655
              ],
              [
                131.88181472355336,
                43.112620005930445
              ],
              [
                131.88184524880978,
                43.11269106899263
              ],
              [
                131.8818394467008,
                43.11269248223671
              ],
              [
                131.88188472315096,
                43.11279892661715
              ],
              [
                131.8818909094327,
                43.11279736699567
              ],
              [
                131.88191026246307,
                43.11284242076478
              ],
              [
                131.881904031187,
                43.1128438756498
              ],
              [
                131.88193781212834,
                43.11292251738357
              ],
              [
                131.88188509602293,
                43.11293578393694
              ],
              [
                131.88176669985222,
                43.11296557944885
              ],
              [
                131.88172746374607,
                43.11288191331793
              ],
              [
                131.881695158213,
                43.1128917539891
              ]
            ]
          ]
        ]
      }
    },
    {
      "type": "Feature",
      "properties": {
        "fid": 529,
        "Layer": "LINES",
        "Text": null
      },
      "geometry": {
        "type": "MultiPolygon",
        "coordinates": [
          [
            [
              [
                131.88315455505253,
                43.11435695593505
              ],
              [
                131.8829290611073,
                43.11440567158367
              ],
              [
                131.882928214905,
                43.114403570177345
              ],
              [
                131.8828453468735,
                43.11442148030255
              ],
              [
                131.88282118314456,
                43.11436243561351
              ],
              [
                131.88290208810312,
                43.11434410515408
              ],
              [
                131.88287550730814,
                43.11427809584522
              ],
              [
                131.88288560992595,
                43.11427591237948
              ],
              [
                131.8827896091905,
                43.11403750820594
              ],
              [
                131.88300699837183,
                43.11399052392212
              ],
              [
                131.8830404970719,
                43.114073712668514
              ],
              [
                131.88304463436077,
                43.11407281847219
              ],
              [
                131.8830470127164,
                43.114078724733915
              ],
              [
                131.88304287542704,
                43.11407961893023
              ],
              [
                131.88305580445837,
                43.11411172607405
              ],
              [
                131.88305906841342,
                43.11411102063222
              ],
              [
                131.88306232010822,
                43.11411673813855
              ],
              [
                131.8830581828165,
                43.11411763233546
              ],
              [
                131.88307114630393,
                43.11414982500348
              ],
              [
                131.8830752835976,
                43.11414893080616
              ],
              [
                131.88307766195902,
                43.11415483706701
              ],
              [
                131.883073524665,
                43.114155731264574
              ],
              [
                131.88308639046514,
                43.11418768130138
              ],
              [
                131.883091035988,
                43.11418804919776
              ],
              [
                131.88309290612554,
                43.114192693364046
              ],
              [
                131.88310124157474,
                43.114224561474714
              ],
              [
                131.8831061553785,
                43.114223499449366
              ],
              [
                131.88312812070762,
                43.114278046466566
              ],
              [
                131.88312320690002,
                43.114279108492866
              ],
              [
                131.88315455505253,
                43.11435695593505
              ]
            ]
          ]
        ]
      }
    },
    {
      "type": "Feature",
      "properties": {
        "fid": 530,
        "Layer": "LINES",
        "Text": null
      },
      "geometry": {
        "type": "MultiPolygon",
        "coordinates": [
          [
            [
              [
                131.88221433061918,
                43.11467859842721
              ],
              [
                131.88237490863708,
                43.11464852933274
              ],
              [
                131.88241609766683,
                43.11476658568577
              ],
              [
                131.8821992676189,
                43.114807188217775
              ],
              [
                131.88221112716298,
                43.11484118040242
              ],
              [
                131.88210273764378,
                43.11486108856348
              ],
              [
                131.88204981682884,
                43.11470940425166
              ],
              [
                131.88214870859082,
                43.114690886430324
              ],
              [
                131.88214716357584,
                43.11468645803891
              ],
              [
                131.88221278559968,
                43.114674170036714
              ],
              [
                131.88221433061918,
                43.11467859842721
              ]
            ]
          ]
        ]
      }
    },
    {
      "type": "Feature",
      "properties": {
        "fid": 531,
        "Layer": "LINES",
        "Text": null
      },
      "geometry": {
        "type": "MultiPolygon",
        "coordinates": [
          [
            [
              [
                131.8820940574804,
                43.11457506669355
              ],
              [
                131.88198776232028,
                43.11459707170877
              ],
              [
                131.88197188561523,
                43.114555909456726
              ],
              [
                131.88196818003888,
                43.114556676575724
              ],
              [
                131.8819473883623,
                43.11450277157825
              ],
              [
                131.88195743440792,
                43.11450069187105
              ],
              [
                131.88194894801111,
                43.114478689816856
              ],
              [
                131.8819434580034,
                43.11447982634455
              ],
              [
                131.88193727066337,
                43.11446378487118
              ],
              [
                131.88194572683798,
                43.11446203429485
              ],
              [
                131.88191608493733,
                43.11437221663236
              ],
              [
                131.88191145324384,
                43.114373175474356
              ],
              [
                131.88189462080857,
                43.114329535064385
              ],
              [
                131.88190303312567,
                43.11432779356693
              ],
              [
                131.88186860868453,
                43.114238543285396
              ],
              [
                131.88205051786952,
                43.11420073082049
              ],
              [
                131.88206415605208,
                43.11423594561139
              ],
              [
                131.8820558941222,
                43.11423765599126
              ],
              [
                131.88207629901376,
                43.11429055816956
              ],
              [
                131.88210500703877,
                43.11428461504777
              ],
              [
                131.88215710518315,
                43.11441968526708
              ],
              [
                131.8822371417066,
                43.11440311609734
              ],
              [
                131.8822238077554,
                43.114368546525064
              ],
              [
                131.88228519533368,
                43.11435583801834
              ],
              [
                131.8823498130094,
                43.11452336484822
              ],
              [
                131.8822422076308,
                43.114545641380346
              ],
              [
                131.88224066764752,
                43.1145416488354
              ],
              [
                131.88209296207648,
                43.11457222674274
              ],
              [
                131.8820940574804,
                43.11457506669355
              ]
            ]
          ]
        ]
      }
    },
    {
      "type": "Feature",
      "properties": {
        "fid": 532,
        "Layer": "LINES",
        "Text": null
      },
      "geometry": {
        "type": "MultiPolygon",
        "coordinates": [
          [
            [
              [
                131.88194069727945,
                43.11378761688714
              ],
              [
                131.88169176453178,
                43.11383868704418
              ],
              [
                131.88162566714993,
                43.113649929614674
              ],
              [
                131.8818158199686,
                43.11361586619638
              ],
              [
                131.8818742315672,
                43.113765244098545
              ],
              [
                131.88192757114442,
                43.11375404916921
              ],
              [
                131.88194069727945,
                43.11378761688714
              ]
            ]
          ]
        ]
      }
    },
    {
      "type": "Feature",
      "properties": {
        "fid": 533,
        "Layer": "LINES",
        "Text": null
      },
      "geometry": {
        "type": "MultiPolygon",
        "coordinates": [
          [
            [
              [
                131.8825399107728,
                43.11387754487489
              ],
              [
                131.88239937473236,
                43.113908745658286
              ],
              [
                131.88235591501538,
                43.11380319322103
              ],
              [
                131.88249636340856,
                43.11377190504412
              ],
              [
                131.8825399107728,
                43.11387754487489
              ]
            ]
          ]
        ]
      }
    },
    {
      "type": "Feature",
      "properties": {
        "fid": 534,
        "Layer": "LINES",
        "Text": null
      },
      "geometry": {
        "type": "MultiPolygon",
        "coordinates": [
          [
            [
              [
                131.88255438912736,
                43.11403201444136
              ],
              [
                131.88255549525127,
                43.11403480297041
              ],
              [
                131.8825643784566,
                43.11403291170724
              ],
              [
                131.88256878855424,
                43.114044029518844
              ],
              [
                131.88255990534742,
                43.11404592078236
              ],
              [
                131.88256003522645,
                43.114048500011485
              ],
              [
                131.8825529204023,
                43.114058581754755
              ],
              [
                131.88255022946402,
                43.11405915466376
              ],
              [
                131.88255273872554,
                43.114065480488456
              ],
              [
                131.8825387257599,
                43.11406846389071
              ],
              [
                131.88253579165044,
                43.1140610670235
              ],
              [
                131.88251710565567,
                43.11406504532455
              ],
              [
                131.88252003976325,
                43.11407244219223
              ],
              [
                131.8825038843616,
                43.114075881719906
              ],
              [
                131.88250167252397,
                43.11407030568692
              ],
              [
                131.8824987647125,
                43.11407028770793
              ],
              [
                131.88248819272943,
                43.11406464649771
              ],
              [
                131.8824867841245,
                43.114061488497235
              ],
              [
                131.88247790091265,
                43.114063379754434
              ],
              [
                131.88247447896774,
                43.11405475303376
              ],
              [
                131.88247420724062,
                43.11405429984809
              ],
              [
                131.88248343828178,
                43.114052311051815
              ],
              [
                131.88247685997058,
                43.114035696780164
              ],
              [
                131.88246789965046,
                43.11403746982221
              ],
              [
                131.88246507554726,
                43.11403012180908
              ],
              [
                131.88247413427968,
                43.114028285859156
              ],
              [
                131.88247330304185,
                43.11402607067011
              ],
              [
                131.88247630234287,
                43.114025353649964
              ],
              [
                131.88247539755832,
                43.11402304837158
              ],
              [
                131.8824702267835,
                43.11400926197402
              ],
              [
                131.88246913761486,
                43.11400700151254
              ],
              [
                131.88246612621796,
                43.11400761950514
              ],
              [
                131.8824651476111,
                43.114005368158864
              ],
              [
                131.8824559905894,
                43.11400720400695
              ],
              [
                131.88245320317594,
                43.113999946044785
              ],
              [
                131.882462323527,
                43.113998011144304
              ],
              [
                131.88245602776604,
                43.11398142416635
              ],
              [
                131.88244711646135,
                43.113983269268
              ],
              [
                131.88244388687247,
                43.11397593883949
              ],
              [
                131.8824530320351,
                43.11397387794628
              ],
              [
                131.88245206590585,
                43.11397152759783
              ],
              [
                131.88245960513208,
                43.11396118380419
              ],
              [
                131.88246283784,
                43.11396048502751
              ],
              [
                131.88246049155168,
                43.11395384861317
              ],
              [
                131.8824717763806,
                43.11395178238712
              ],
              [
                131.88247411294967,
                43.11395788943991
              ],
              [
                131.88249598792402,
                43.11395319425183
              ],
              [
                131.88249334703082,
                43.113946816378736
              ],
              [
                131.88249530557889,
                43.113944268358125
              ],
              [
                131.88250415994713,
                43.11394243287833
              ],
              [
                131.88250689684,
                43.113949001266654
              ],
              [
                131.88250952116337,
                43.113948596771436
              ],
              [
                131.88252507526738,
                43.113955029964764
              ],
              [
                131.88252576973053,
                43.113956831880245
              ],
              [
                131.88253431958577,
                43.11395486075598
              ],
              [
                131.88253842687743,
                43.11396581062985
              ],
              [
                131.88252986488348,
                43.11396782607736
              ],
              [
                131.8825350189191,
                43.11398045901415
              ],
              [
                131.88254329213962,
                43.11397874158145
              ],
              [
                131.8825474609363,
                43.11398965551274
              ],
              [
                131.88253883653596,
                43.1139916953447
              ],
              [
                131.88253966500514,
                43.113993915391276
              ],
              [
                131.88253708329623,
                43.11399451939913
              ],
              [
                131.8825427269637,
                43.11400943500329
              ],
              [
                131.88254569200384,
                43.11400890671219
              ],
              [
                131.88254645663852,
                43.11401104172847
              ],
              [
                131.88255511514612,
                43.11400905230595
              ],
              [
                131.8825595906276,
                43.1140202185903
              ],
              [
                131.88255086704189,
                43.11402208752863
              ],
              [
                131.88255438912736,
                43.11403201444136
              ]
            ]
          ]
        ]
      }
    },
    {
      "type": "Feature",
      "properties": {
        "fid": 535,
        "Layer": "LINES",
        "Text": null
      },
      "geometry": {
        "type": "MultiPolygon",
        "coordinates": [
          [
            [
              [
                131.89024454119854,
                43.114806506325465
              ],
              [
                131.8904065149052,
                43.11477480292089
              ],
              [
                131.89035415850705,
                43.11462951794957
              ],
              [
                131.88986050949416,
                43.114726145318535
              ],
              [
                131.88991304408353,
                43.11487020277843
              ],
              [
                131.89006765063667,
                43.11483994187752
              ],
              [
                131.89007049913067,
                43.11484775278714
              ],
              [
                131.89024698558615,
                43.11481320907445
              ],
              [
                131.89024454119854,
                43.114806506325465
              ]
            ]
          ]
        ]
      }
    },
    {
      "type": "Feature",
      "properties": {
        "fid": 536,
        "Layer": "LINES",
        "Text": null
      },
      "geometry": {
        "type": "MultiPolygon",
        "coordinates": [
          [
            [
              [
                131.88964576223213,
                43.114925796050855
              ],
              [
                131.88960882495863,
                43.11482277435683
              ],
              [
                131.88946645523762,
                43.11485017076962
              ],
              [
                131.8894529669766,
                43.1148125503486
              ],
              [
                131.88935726198605,
                43.11483096688537
              ],
              [
                131.889407687094,
                43.11497160908708
              ],
              [
                131.88964576223213,
                43.114925796050855
              ]
            ]
          ]
        ]
      }
    },
    {
      "type": "Feature",
      "properties": {
        "fid": 537,
        "Layer": "LINES",
        "Text": null
      },
      "geometry": {
        "type": "MultiPolygon",
        "coordinates": [
          [
            [
              [
                131.889407687094,
                43.11497160908708
              ],
              [
                131.88935726198605,
                43.11483096688537
              ],
              [
                131.8891159329292,
                43.11487575393903
              ],
              [
                131.8891669114403,
                43.11501794121224
              ],
              [
                131.889407687094,
                43.11497160908708
              ]
            ]
          ]
        ]
      }
    },
    {
      "type": "Feature",
      "properties": {
        "fid": 538,
        "Layer": "LINES",
        "Text": null
      },
      "geometry": {
        "type": "MultiPolygon",
        "coordinates": [
          [
            [
              [
                131.88956572576961,
                43.1132894330273
              ],
              [
                131.88951677494762,
                43.11318136937985
              ],
              [
                131.88961506606904,
                43.11318146449353
              ],
              [
                131.88956572576961,
                43.1132894330273
              ]
            ]
          ]
        ]
      }
    },
    {
      "type": "Feature",
      "properties": {
        "fid": 539,
        "Layer": "LINES",
        "Text": null
      },
      "geometry": {
        "type": "MultiPolygon",
        "coordinates": [
          [
            [
              [
                131.88056713511736,
                43.11392992104063
              ],
              [
                131.88055208706078,
                43.113892773987544
              ],
              [
                131.8805286128194,
                43.113897656314805
              ],
              [
                131.88047212123942,
                43.11375187387265
              ],
              [
                131.88046456873417,
                43.11375345601043
              ],
              [
                131.8804521689392,
                43.11374821859602
              ],
              [
                131.88043793586104,
                43.11371283467429
              ],
              [
                131.88044633321198,
                43.11370167329136
              ],
              [
                131.8804956255543,
                43.113691813565254
              ],
              [
                131.88049286974325,
                43.11368453720181
              ],
              [
                131.88057261603868,
                43.11366832638417
              ],
              [
                131.88057487371833,
                43.11367506657389
              ],
              [
                131.88062425167794,
                43.11366610528513
              ],
              [
                131.88063332608272,
                43.11367066499897
              ],
              [
                131.88065054061144,
                43.113708518829476
              ],
              [
                131.88064614212428,
                43.11371877394577
              ],
              [
                131.8806371618162,
                43.11372100886295
              ],
              [
                131.8806765806502,
                43.11381988606986
              ],
              [
                131.8806520735777,
                43.113825241738134
              ],
              [
                131.88066911568643,
                43.11386744090228
              ],
              [
                131.88065181279632,
                43.11387136586312
              ],
              [
                131.88066730217483,
                43.11391001365617
              ],
              [
                131.88056713511736,
                43.11392992104063
              ]
            ]
          ]
        ]
      }
    },
    {
      "type": "Feature",
      "properties": {
        "fid": 540,
        "Layer": "LINES",
        "Text": null
      },
      "geometry": {
        "type": "MultiPolygon",
        "coordinates": [
          [
            [
              [
                131.87564012859224,
                43.114829848489016
              ],
              [
                131.8756241291453,
                43.1148478974054
              ],
              [
                131.87560262742645,
                43.11487215339392
              ],
              [
                131.87561687484586,
                43.11487934927068
              ],
              [
                131.8755978042495,
                43.11489991804932
              ],
              [
                131.87558403024792,
                43.11489313276522
              ],
              [
                131.87553603385587,
                43.11494727714145
              ],
              [
                131.87541595891386,
                43.1148907425578
              ],
              [
                131.87553411109155,
                43.11476118323198
              ],
              [
                131.87555998842637,
                43.11477391387753
              ],
              [
                131.87560602293033,
                43.114796561041295
              ],
              [
                131.87565031887084,
                43.114818352866955
              ],
              [
                131.87564012859224,
                43.114829848489016
              ]
            ]
          ]
        ]
      }
    },
    {
      "type": "Feature",
      "properties": {
        "fid": 541,
        "Layer": "LINES",
        "Text": null
      },
      "geometry": {
        "type": "MultiPolygon",
        "coordinates": [
          [
            [
              [
                131.88221811701274,
                43.11241688820462
              ],
              [
                131.88216917981717,
                43.112308821413464
              ],
              [
                131.8822674695171,
                43.11230892283675
              ],
              [
                131.88221811701274,
                43.11241688820462
              ]
            ]
          ]
        ]
      }
    },
    {
      "type": "Feature",
      "properties": {
        "fid": 542,
        "Layer": "LINES",
        "Text": null
      },
      "geometry": {
        "type": "MultiPolygon",
        "coordinates": [
          [
            [
              [
                131.88080723203055,
                43.1080482253112
              ],
              [
                131.8807583007818,
                43.10794015784102
              ],
              [
                131.88085658348638,
                43.107940260467885
              ],
              [
                131.88080723203055,
                43.1080482253112
              ]
            ]
          ]
        ]
      }
    },
    {
      "type": "Feature",
      "properties": {
        "fid": 543,
        "Layer": "LINES",
        "Text": null
      },
      "geometry": {
        "type": "MultiPolygon",
        "coordinates": [
          [
            [
              [
                131.8746091666011,
                43.113067229396236
              ],
              [
                131.87456024228524,
                43.11295915937953
              ],
              [
                131.87465853299813,
                43.11295926733971
              ],
              [
                131.8746091666011,
                43.113067229396236
              ]
            ]
          ]
        ]
      }
    },
    {
      "type": "Feature",
      "properties": {
        "fid": 544,
        "Layer": "LINES",
        "Text": "464",
        "id": 426,
        "number": "464",
        "description": "Иннокентьевская батарея (батарея № VIII)",
        "address": "Приморский край, г. Владивосток, Станюковича ул., у дома № 41-а",
        "image": [
          "/photo/464.webp"
        ]
      },
      "geometry": {
        "type": "MultiPolygon",
        "coordinates": [
          [
            [
              [
                131.87383569061842,
                43.106670692445036
              ],
              [
                131.87397778324168,
                43.10680295259849
              ],
              [
                131.8739888451705,
                43.106808186969225
              ],
              [
                131.87399953448218,
                43.106808944791624
              ],
              [
                131.87401124187642,
                43.10680631080681
              ],
              [
                131.87407592277503,
                43.10677891594745
              ],
              [
                131.87406109803257,
                43.10675987950644
              ],
              [
                131.8740221498016,
                43.10672130512625
              ],
              [
                131.87403321851298,
                43.1067153052288
              ],
              [
                131.87399646850483,
                43.106679367870214
              ],
              [
                131.8740185151372,
                43.10666687376798
              ],
              [
                131.87395570048326,
                43.10660663794061
              ],
              [
                131.87383569061842,
                43.106670692445036
              ]
            ]
          ]
        ]
      }
    },
    {
      "type": "Feature",
      "properties": {
        "fid": 545,
        "Layer": "LINES",
        "Text": "461",
        "id": 423,
        "number": "461",
        "description": "Казарма 3–го артиллерийского полка Владивостокской крепости",
        "address": "Приморский край, г. Владивосток, ул. Розничная, 43",
        "image": [
          "/photo/461.webp"
        ]
      },
      "geometry": {
        "type": "MultiPolygon",
        "coordinates": [
          [
            [
              [
                131.86362214380583,
                43.0935029412474
              ],
              [
                131.86362451660398,
                43.09360962310962
              ],
              [
                131.86412144909892,
                43.0936030441244
              ],
              [
                131.8641192476814,
                43.0934967864415
              ],
              [
                131.86362214380583,
                43.0935029412474
              ]
            ]
          ]
        ]
      }
    },
    {
      "type": "Feature",
      "properties": {
        "fid": 546,
        "Layer": "LINES",
        "Text": null
      },
      "geometry": {
        "type": "MultiPolygon",
        "coordinates": [
          [
            [
              [
                131.8503765260804,
                43.0864494802736
              ],
              [
                131.85032766547008,
                43.08634139948661
              ],
              [
                131.85042591351547,
                43.08634152819838
              ],
              [
                131.8503765260804,
                43.0864494802736
              ]
            ]
          ]
        ]
      }
    },
    {
      "type": "Feature",
      "properties": {
        "fid": 547,
        "Layer": "LINES",
        "Text": null
      },
      "geometry": {
        "type": "MultiPolygon",
        "coordinates": [
          [
            [
              [
                131.84870327375236,
                43.08287270653947
              ],
              [
                131.84865441891031,
                43.08276462497892
              ],
              [
                131.84875266123257,
                43.08276475511867
              ],
              [
                131.84870327375236,
                43.08287270653947
              ]
            ]
          ]
        ]
      }
    },
    {
      "type": "Feature",
      "properties": {
        "fid": 548,
        "Layer": "LINES",
        "Text": "458",
        "id": 420,
        "number": "458",
        "description": "Здание военного ведомства",
        "address": "Приморский край, г. Владивосток, ул. Морозова, 10",
        "image": [
          "/photo/458.webp"
        ]
      },
      "geometry": {
        "type": "MultiPolygon",
        "coordinates": [
          [
            [
              [
                131.86165475712411,
                43.09070134070588
              ],
              [
                131.8617290437268,
                43.09085578839599
              ],
              [
                131.86186665446834,
                43.09081906877765
              ],
              [
                131.8616655437627,
                43.090398441745855
              ],
              [
                131.8615033608378,
                43.0904405275846
              ],
              [
                131.86156732486157,
                43.09057019117606
              ],
              [
                131.86149827048632,
                43.09058823159391
              ],
              [
                131.86156426375098,
                43.09072581688854
              ],
              [
                131.86165475712411,
                43.09070134070588
              ]
            ]
          ]
        ]
      }
    },
    {
      "type": "Feature",
      "properties": {
        "fid": 549,
        "Layer": "LINES",
        "Text": "450",
        "id": 412,
        "number": "450",
        "description": "Здание первой радиотелеграфной станции",
        "address": "Приморский край, г. Владивосток, ул. Верхнепортовая, 40",
        "image": [
          "/photo/450.webp"
        ]
      },
      "geometry": {
        "type": "MultiPolygon",
        "coordinates": [
          [
            [
              [
                131.8713928292865,
                43.104512220079926
              ],
              [
                131.87127250755714,
                43.104607449261046
              ],
              [
                131.8709973004685,
                43.1044161886538
              ],
              [
                131.87111762060485,
                43.104321741447094
              ],
              [
                131.8713928292865,
                43.104512220079926
              ]
            ]
          ]
        ]
      }
    },
    {
      "type": "Feature",
      "properties": {
        "fid": 550,
        "Layer": "LINES",
        "Text": "421",
        "id": 383,
        "number": "421",
        "description": "Здание морского вокзала",
        "address": "Приморский край, г. Владивосток, ул. Нижнепортовая, 3",
        "image": [
          "/photo/421.webp"
        ]
      },
      "geometry": {
        "type": "MultiPolygon",
        "coordinates": [
          [
            [
              [
                131.8814317673478,
                43.10881431338127
              ],
              [
                131.88141399938823,
                43.10881471037565
              ],
              [
                131.88141102353333,
                43.10847895817886
              ],
              [
                131.88137958168005,
                43.108479513189465
              ],
              [
                131.88137594913883,
                43.108273252355374
              ],
              [
                131.8816108403222,
                43.108264415321706
              ],
              [
                131.88161210711496,
                43.10847539748211
              ],
              [
                131.8817490633066,
                43.10847299056474
              ],
              [
                131.8817611579812,
                43.10914231494687
              ],
              [
                131.8815123826999,
                43.10914599865642
              ],
              [
                131.88151232633803,
                43.10913006703679
              ],
              [
                131.88144465860634,
                43.10913138584317
              ],
              [
                131.8814317673478,
                43.10881431338127
              ]
            ]
          ]
        ]
      }
    },
    {
      "type": "Feature",
      "properties": {
        "fid": 551,
        "Layer": "LINES",
        "Text": null
      },
      "geometry": {
        "type": "MultiPolygon",
        "coordinates": [
          [
            [
              [
                131.88360862328682,
                43.111952256283516
              ],
              [
                131.88310688034923,
                43.11211437396038
              ],
              [
                131.8823187596591,
                43.11080837540489
              ],
              [
                131.8828219927048,
                43.11064576652461
              ],
              [
                131.88360862328682,
                43.111952256283516
              ]
            ]
          ]
        ]
      }
    },
    {
      "type": "Feature",
      "properties": {
        "fid": 552,
        "Layer": "LINES",
        "Text": null
      },
      "geometry": {
        "type": "MultiPolygon",
        "coordinates": [
          [
            [
              [
                131.88342674720232,
                43.112229655191044
              ],
              [
                131.88352248849029,
                43.112197832776694
              ],
              [
                131.8836678149126,
                43.11243251916757
              ],
              [
                131.88349186102613,
                43.11249100253817
              ],
              [
                131.88344824113238,
                43.11242056102952
              ],
              [
                131.88348891102973,
                43.11240704324813
              ],
              [
                131.88344735624688,
                43.1123399365802
              ],
              [
                131.88348689854953,
                43.11232679356965
              ],
              [
                131.88342674720232,
                43.112229655191044
              ]
            ]
          ]
        ]
      }
    },
    {
      "type": "Feature",
      "properties": {
        "fid": 553,
        "Layer": "LINES",
        "Text": "202",
        "id": 173,
        "number": "202",
        "description": "Жилой дом",
        "address": "Приморский край, г. Владивосток, ул. Посьетская, 21",
        "image": [
          "/photo/202.webp"
        ]
      },
      "geometry": {
        "type": "MultiPolygon",
        "coordinates": [
          [
            [
              [
                131.87858485643218,
                43.11084567502314
              ],
              [
                131.8787459292205,
                43.110816332414764
              ],
              [
                131.87890055149163,
                43.11128242193087
              ],
              [
                131.87873874026326,
                43.11131156712382
              ],
              [
                131.87858485643218,
                43.11084567502314
              ]
            ]
          ]
        ]
      }
    },
    {
      "type": "Feature",
      "properties": {
        "fid": 554,
        "Layer": "LINES",
        "Text": "91",
        "id": 91,
        "number": "91",
        "description": "Административное здание железнодорожного ведомства",
        "address": "Приморский край, г. Владивосток, ул. Верхнепортовая, 3",
        "image": [
          "/photo/91.webp"
        ]
      },
      "geometry": {
        "type": "MultiPolygon",
        "coordinates": [
          [
            [
              [
                131.8805609849822,
                43.10986095697331
              ],
              [
                131.8808220619908,
                43.10982199647646
              ],
              [
                131.88084907462786,
                43.10991916387532
              ],
              [
                131.88061289894736,
                43.109953020066406
              ],
              [
                131.88061499896526,
                43.10996010968598
              ],
              [
                131.88059025503762,
                43.109963961834964
              ],
              [
                131.8805609849822,
                43.10986095697331
              ]
            ]
          ]
        ]
      }
    },
    {
      "type": "Feature",
      "properties": {
        "fid": 555,
        "Layer": "LINES",
        "Text": "87",
        "id": 87,
        "number": "87",
        "description": "Жилой дом военного ведомства",
        "address": "Приморский край, г. Владивосток, ул. Бестужева, 28",
        "image": [
          "/photo/87.webp"
        ]
      },
      "geometry": {
        "type": "MultiPolygon",
        "coordinates": [
          [
            [
              [
                131.87687451833406,
                43.10925347854984
              ],
              [
                131.87709668736903,
                43.109215407522335
              ],
              [
                131.87719595853162,
                43.10952638538007
              ],
              [
                131.87697208714815,
                43.10956602711903
              ],
              [
                131.87687451833406,
                43.10925347854984
              ]
            ]
          ]
        ]
      }
    },
    {
      "type": "Feature",
      "properties": {
        "fid": 556,
        "Layer": "LINES",
        "Text": null
      },
      "geometry": {
        "type": "MultiPolygon",
        "coordinates": [
          [
            [
              [
                131.87540785131588,
                43.111739777625814
              ],
              [
                131.8753589266459,
                43.11163170792499
              ],
              [
                131.87545721523753,
                43.111631815196645
              ],
              [
                131.87540785131588,
                43.111739777625814
              ]
            ]
          ]
        ]
      }
    },
    {
      "type": "Feature",
      "properties": {
        "fid": 557,
        "Layer": "LINES",
        "Text": "81",
        "id": 81,
        "number": "81",
        "description": "Дом жилой",
        "address": "Приморский край ,г. Владивосток, ул. Арсеньева ,15,стр.Б",
        "image": [
          "/photo/81.webp"
        ]
      },
      "geometry": {
        "type": "MultiPolygon",
        "coordinates": [
          [
            [
              [
                131.87578106511847,
                43.112361047202526
              ],
              [
                131.87573900199635,
                43.11239734867361
              ],
              [
                131.8757491276762,
                43.112403473518185
              ],
              [
                131.87573708174347,
                43.11241495004556
              ],
              [
                131.87575658933983,
                43.11242862642251
              ],
              [
                131.87573481908137,
                43.112448928184115
              ],
              [
                131.8758062956407,
                43.11248867898018
              ],
              [
                131.8758808338589,
                43.112420613530645
              ],
              [
                131.87578106511847,
                43.112361047202526
              ]
            ]
          ]
        ]
      }
    },
    {
      "type": "Feature",
      "properties": {
        "fid": 558,
        "Layer": "LINES",
        "Text": "90",
        "id": 90,
        "number": "90",
        "description": "Здание офицерского собрания бывшей Владивостокской крепости, в котором в 1900 г. работал выдающийся русский военный инженер К.И.Величко – создатель Владивостокской крепости",
        "address": "Приморский край, г. Владивосток, ул. Верхнепортовая, 2б",
        "image": [
          "/photo/90.webp"
        ]
      },
      "geometry": {
        "type": "MultiPolygon",
        "coordinates": [
          [
            [
              [
                131.87998758136595,
                43.1102842272156
              ],
              [
                131.88020388898585,
                43.11024484841931
              ],
              [
                131.8803594922755,
                43.11069529625114
              ],
              [
                131.88020190451618,
                43.11072425441665
              ],
              [
                131.8801788741811,
                43.11066142022403
              ],
              [
                131.88012490050573,
                43.11067232036462
              ],
              [
                131.88011166324492,
                43.11063831075517
              ],
              [
                131.88014219219662,
                43.110632922319496
              ],
              [
                131.88010603524503,
                43.110525948195004
              ],
              [
                131.8800824379477,
                43.11053024406017
              ],
              [
                131.88006581516382,
                43.110486299960144
              ],
              [
                131.8800894124453,
                43.11048200409838
              ],
              [
                131.8800503042567,
                43.11037646707078
              ],
              [
                131.88001982554047,
                43.11038147580061
              ],
              [
                131.87998758136595,
                43.1102842272156
              ]
            ]
          ]
        ]
      }
    },
    {
      "type": "Feature",
      "properties": {
        "fid": 559,
        "Layer": "LINES",
        "Text": "89",
        "id": 89,
        "number": "89",
        "description": "Административное здание железнодорожного ведомства",
        "address": "Приморский край, г. Владивосток, ул. Верхнепортовая, 1",
        "image": [
          "/photo/89.webp"
        ]
      },
      "geometry": {
        "type": "MultiPolygon",
        "coordinates": [
          [
            [
              [
                131.88059025503762,
                43.109963961834964
              ],
              [
                131.88061499896526,
                43.10996010968598
              ],
              [
                131.88061289894736,
                43.109953020066406
              ],
              [
                131.88070732063773,
                43.109940317890455
              ],
              [
                131.88080338205074,
                43.11027320022112
              ],
              [
                131.88077666119548,
                43.11027643443905
              ],
              [
                131.88082002110514,
                43.110449851145994
              ],
              [
                131.88080378645586,
                43.11051371204569
              ],
              [
                131.88074899943277,
                43.110522314232206
              ],
              [
                131.88059025503762,
                43.109963961834964
              ]
            ]
          ]
        ]
      }
    },
    {
      "type": "Feature",
      "properties": {
        "fid": 560,
        "Layer": "LINES",
        "Text": "1",
        "id": 1,
        "number": "1",
        "description": "Дом, где жил военный инженер А.П. Шошин",
        "address": "Приморский край, г. Владивосток, ул. Морская 1-я, 1",
        "image": [
          "/photo/1.webp"
        ]
      },
      "geometry": {
        "type": "MultiPolygon",
        "coordinates": [
          [
            [
              [
                131.88005817363677,
                43.111787581926365
              ],
              [
                131.88021809402963,
                43.11175795380095
              ],
              [
                131.88026037095256,
                43.1118715755431
              ],
              [
                131.88027149009537,
                43.1118693547982
              ],
              [
                131.88029541807464,
                43.11187857056293
              ],
              [
                131.88030470802488,
                43.11190353775372
              ],
              [
                131.88029047411737,
                43.11192037531832
              ],
              [
                131.88027935496598,
                43.11192259606491
              ],
              [
                131.88031238189433,
                43.112011357439705
              ],
              [
                131.8801460474322,
                43.112042173897905
              ],
              [
                131.88005817363677,
                43.111787581926365
              ]
            ]
          ]
        ]
      }
    },
    {
      "type": "Feature",
      "properties": {
        "fid": 561,
        "Layer": "LINES",
        "Text": "453",
        "id": 415,
        "number": "453",
        "description": "Жилой дом",
        "address": "Приморский край, г. Владивосток, ул. Крыгина, 5",
        "image": [
          "/photo/453.webp"
        ]
      },
      "geometry": {
        "type": "MultiPolygon",
        "coordinates": [
          [
            [
              [
                131.86458702175764,
                43.094769286973566
              ],
              [
                131.8646702678753,
                43.09483862990118
              ],
              [
                131.8646493239764,
                43.09485226260009
              ],
              [
                131.86486221190887,
                43.09502595541388
              ],
              [
                131.8649825304092,
                43.09512742306108
              ],
              [
                131.8651077901992,
                43.095233057331775
              ],
              [
                131.86523733235967,
                43.09534211215041
              ],
              [
                131.86525890088888,
                43.09532826412756
              ],
              [
                131.8653443560435,
                43.09539974519262
              ],
              [
                131.86516640426848,
                43.09551230501269
              ],
              [
                131.86512591261416,
                43.09547968103478
              ],
              [
                131.86514107074368,
                43.09546991037675
              ],
              [
                131.86495295693564,
                43.095313176552416
              ],
              [
                131.8648374805429,
                43.09521696266767
              ],
              [
                131.86483201807914,
                43.09522048366335
              ],
              [
                131.8648220516579,
                43.09521217971119
              ],
              [
                131.86476400168112,
                43.09516381281636
              ],
              [
                131.86476946414376,
                43.0951602918239
              ],
              [
                131.86459383108124,
                43.09501395476858
              ],
              [
                131.86446622841416,
                43.0949076359182
              ],
              [
                131.86444891099646,
                43.0949187983367
              ],
              [
                131.86440595974582,
                43.09488301112759
              ],
              [
                131.86458702175764,
                43.094769286973566
              ]
            ]
          ]
        ]
      }
    },
    {
      "type": "Feature",
      "properties": {
        "fid": 562,
        "Layer": "LINES",
        "Text": "452",
        "id": 414,
        "number": "452",
        "description": "Казарма Владивостокского гарнизона",
        "address": "Приморский край, г. Владивосток, ул. Казанская, 9",
        "image": [
          "/photo/452.webp"
        ]
      },
      "geometry": {
        "type": "MultiPolygon",
        "coordinates": [
          [
            [
              [
                131.86385189525578,
                43.09478025454922
              ],
              [
                131.863665450606,
                43.094887508619024
              ],
              [
                131.86373801470597,
                43.09495492558797
              ],
              [
                131.86374411607383,
                43.09495157361379
              ],
              [
                131.8638938092663,
                43.09509265118928
              ],
              [
                131.86403711071688,
                43.09522712390886
              ],
              [
                131.86403101724284,
                43.09523063696421
              ],
              [
                131.86410328098827,
                43.0952979535545
              ],
              [
                131.86431087800028,
                43.09517920214602
              ],
              [
                131.86426674845566,
                43.09513918355356
              ],
              [
                131.86424681528817,
                43.09515063893138
              ],
              [
                131.86411134279118,
                43.09502403629468
              ],
              [
                131.86395375431644,
                43.09487647210816
              ],
              [
                131.86385189525578,
                43.09478025454922
              ]
            ]
          ]
        ]
      }
    },
    {
      "type": "Feature",
      "properties": {
        "fid": 563,
        "Layer": "LINES",
        "Text": "460",
        "id": 422,
        "number": "460",
        "description": "Шкотовский створ маяков (маяк, два створных знака)",
        "address": "Приморский край, п-ов Шкота, ул. Транспортная",
        "image": [
          "/photo/460.webp",
          "/photo/460_2.webp",
          "/photo/460_3.webp"
        ]
      },
      "geometry": {
        "type": "MultiPolygon",
        "coordinates": [
          [
            [
              [
                131.85587340857535,
                43.08410281145718
              ],
              [
                131.85612387439613,
                43.08414761204887
              ],
              [
                131.85619530430554,
                43.083952575371015
              ],
              [
                131.8559378114513,
                43.08390261966293
              ],
              [
                131.85587340857535,
                43.08410281145718
              ]
            ]
          ]
        ]
      }
    },
    {
      "type": "Feature",
      "properties": {
        "fid": 564,
        "Layer": "LINES",
        "Text": null
      },
      "geometry": {
        "type": "MultiPolygon",
        "coordinates": [
          [
            [
              [
                131.85467918813904,
                43.08453992339546
              ],
              [
                131.85472494996424,
                43.084603542420425
              ],
              [
                131.85481182543415,
                43.08456864852423
              ],
              [
                131.85476668513326,
                43.08450779399692
              ],
              [
                131.85467918813904,
                43.08453992339546
              ]
            ]
          ]
        ]
      }
    },
    {
      "type": "Feature",
      "properties": {
        "fid": 565,
        "Layer": "LINES",
        "Text": "85",
        "id": 85,
        "number": "85",
        "description": "Особняк коменданта Владивостокской крепости",
        "address": "Приморский край, г. Владивосток, ул. Бестужева, 37",
        "image": [
          "/photo/85.webp"
        ]
      },
      "geometry": {
        "type": "MultiPolygon",
        "coordinates": [
          [
            [
              [
                131.87722504813107,
                43.11168905912673
              ],
              [
                131.87729634175503,
                43.11190533709872
              ],
              [
                131.87750129498,
                43.111866952740726
              ],
              [
                131.87747995350705,
                43.11180675590459
              ],
              [
                131.87748975519352,
                43.11180515153538
              ],
              [
                131.8774467123565,
                43.11167988873675
              ],
              [
                131.8773839766804,
                43.11169137997835
              ],
              [
                131.8773817143748,
                43.111684947704845
              ],
              [
                131.87735351397643,
                43.11167351563778
              ],
              [
                131.87732187876236,
                43.11167899157962
              ],
              [
                131.8773188811008,
                43.11167191727112
              ],
              [
                131.87722504813107,
                43.11168905912673
              ]
            ]
          ]
        ]
      }
    },
    {
      "type": "Feature",
      "properties": {
        "fid": 566,
        "Layer": "LINES",
        "Text": "79",
        "id": 79,
        "number": "79",
        "description": "Дом жилой. Здесь в 1927-1930 гг. жил исследователь Дальнего Востока Арсеньев Владимир Клавдиевич",
        "address": "Приморский край, г. Владивосток, ул. Арсеньева, 7",
        "image": [
          "/photo/79.webp"
        ]
      },
      "geometry": {
        "type": "MultiPolygon",
        "coordinates": [
          [
            [
              [
                131.87483598562477,
                43.1120959910377
              ],
              [
                131.87488849149128,
                43.112040005261775
              ],
              [
                131.87501776480025,
                43.112105081074695
              ],
              [
                131.87496525899584,
                43.11216106690945
              ],
              [
                131.87483598562477,
                43.1120959910377
              ]
            ]
          ]
        ]
      }
    },
    {
      "type": "Feature",
      "properties": {
        "fid": 567,
        "Layer": "LINES",
        "Text": "80",
        "id": 80,
        "number": "80",
        "description": "Дом жилой",
        "address": "Приморский край, г. Владивосток, Арсеньева ул., 8",
        "image": [
          "/photo/80.webp"
        ]
      },
      "geometry": {
        "type": "MultiPolygon",
        "coordinates": [
          [
            [
              [
                131.87632469816037,
                43.1118874819453
              ],
              [
                131.87632244859637,
                43.11185658768713
              ],
              [
                131.87626663888952,
                43.111820844302756
              ],
              [
                131.876602502982,
                43.11154065941504
              ],
              [
                131.87670868233548,
                43.11160918515811
              ],
              [
                131.8764405781787,
                43.11184310331028
              ],
              [
                131.876427068727,
                43.11183429304716
              ],
              [
                131.87641241138132,
                43.11184711679058
              ],
              [
                131.876417792596,
                43.11192540711271
              ],
              [
                131.8764313853909,
                43.11193488290237
              ],
              [
                131.87644933299032,
                43.11192004945317
              ],
              [
                131.8765955324281,
                43.112024226525776
              ],
              [
                131.87649046886253,
                43.11210623045654
              ],
              [
                131.87627693538266,
                43.111959667334276
              ],
              [
                131.87632709791103,
                43.11192043874806
              ],
              [
                131.87632469816037,
                43.1118874819453
              ]
            ]
          ]
        ]
      }
    },
    {
      "type": "Feature",
      "properties": {
        "fid": 568,
        "Layer": "LINES",
        "Text": "77",
        "id": 77,
        "number": "77",
        "description": "Дом жилой",
        "address": "Приморский край, г. Владивосток, ул. Арсеньева, д.4, стр. А",
        "image": [
          "/photo/77.webp"
        ]
      },
      "geometry": {
        "type": "MultiPolygon",
        "coordinates": [
          [
            [
              [
                131.87561741133592,
                43.11154981409466
              ],
              [
                131.87577331295407,
                43.11164079450273
              ],
              [
                131.87585666720867,
                43.11156412544223
              ],
              [
                131.87570114517848,
                43.111473366623954
              ],
              [
                131.87561741133592,
                43.11154981409466
              ]
            ]
          ]
        ]
      }
    },
    {
      "type": "Feature",
      "properties": {
        "fid": 569,
        "Layer": "LINES",
        "Text": "78",
        "id": 78,
        "number": "78",
        "description": "Дом жилой",
        "address": "Приморский край, г. Владивосток, ул. Арсеньева, 4а, (стр. Б)",
        "image": [
          "/photo/78.webp"
        ]
      },
      "geometry": {
        "type": "MultiPolygon",
        "coordinates": [
          [
            [
              [
                131.87604863175343,
                43.11127704313921
              ],
              [
                131.87593581153504,
                43.11121717793447
              ],
              [
                131.8758558664866,
                43.111300438441674
              ],
              [
                131.8759552796606,
                43.111351676078165
              ],
              [
                131.87601054467734,
                43.11138316847516
              ],
              [
                131.8760913257217,
                43.11129905128387
              ],
              [
                131.87604863175343,
                43.11127704313921
              ]
            ]
          ]
        ]
      }
    },
    {
      "type": "Feature",
      "properties": {
        "fid": 570,
        "Layer": "LINES",
        "Text": "84",
        "id": 84,
        "number": "84",
        "description": "Дом жилой М. К.Федорова, первого городского головы», 1881–1885 гг",
        "address": "Приморский край, г. Владивосток, Красноармейский пер., 18",
        "image": [
          "/photo/84.webp"
        ]
      },
      "geometry": {
        "type": "MultiPolygon",
        "coordinates": [
          [
            [
              [
                131.87393050771396,
                43.111909441209896
              ],
              [
                131.8739222483159,
                43.111917610896995
              ],
              [
                131.87385481448106,
                43.11188668419842
              ],
              [
                131.873889242454,
                43.11184540893693
              ],
              [
                131.87388263297294,
                43.111834628402384
              ],
              [
                131.8738926061319,
                43.111821956940645
              ],
              [
                131.87386881363074,
                43.11181172372439
              ],
              [
                131.87386368245876,
                43.111794930385216
              ],
              [
                131.87389589811656,
                43.11175865511955
              ],
              [
                131.873919013147,
                43.11175560057026
              ],
              [
                131.8740037734078,
                43.11179246546705
              ],
              [
                131.87401443616037,
                43.11178050664305
              ],
              [
                131.87409553135606,
                43.11181653555413
              ],
              [
                131.87398675459872,
                43.11193845154721
              ],
              [
                131.87393050771396,
                43.111909441209896
              ]
            ]
          ]
        ]
      }
    },
    {
      "type": "Feature",
      "properties": {
        "fid": 571,
        "Layer": "LINES",
        "Text": "449",
        "id": 411,
        "number": "449",
        "description": "Жилой дом",
        "address": "Приморский край, г. Владивосток, ул. Верхнепортовая, 29",
        "image": [
          "/photo/449.webp"
        ]
      },
      "geometry": {
        "type": "MultiPolygon",
        "coordinates": [
          [
            [
              [
                131.8698095582292,
                43.102866628445746
              ],
              [
                131.86970025059668,
                43.1029500133431
              ],
              [
                131.8697693229817,
                43.10299830285346
              ],
              [
                131.86976536413533,
                43.10300227500443
              ],
              [
                131.86987800838295,
                43.103081819665825
              ],
              [
                131.869882637038,
                43.10307808599224
              ],
              [
                131.86994926917782,
                43.103126306293674
              ],
              [
                131.86999301847874,
                43.10309091715062
              ],
              [
                131.8700407082031,
                43.10312499286275
              ],
              [
                131.8701046644534,
                43.10307395839915
              ],
              [
                131.8698095582292,
                43.102866628445746
              ]
            ]
          ]
        ]
      }
    },
    {
      "type": "Feature",
      "properties": {
        "fid": 572,
        "Layer": "LINES",
        "Text": "446",
        "id": 408,
        "number": "446",
        "description": "Гостиница Доброфлота",
        "address": "Приморский край, г. Владивосток, ул. Верхнепортовая, 7",
        "image": [
          "/photo/446.webp"
        ]
      },
      "geometry": {
        "type": "MultiPolygon",
        "coordinates": [
          [
            [
              [
                131.87466151816335,
                43.10537173676962
              ],
              [
                131.87486229152933,
                43.10545828653629
              ],
              [
                131.87495746908692,
                43.1053397496927
              ],
              [
                131.87475546914382,
                43.10525350698665
              ],
              [
                131.87474946483928,
                43.1052610573708
              ],
              [
                131.87465829826206,
                43.105222134130564
              ],
              [
                131.87457803822585,
                43.10532424434236
              ],
              [
                131.87466879000945,
                43.1053629905086
              ],
              [
                131.87466151816335,
                43.10537173676962
              ]
            ]
          ]
        ]
      }
    },
    {
      "type": "Feature",
      "properties": {
        "fid": 573,
        "Layer": "LINES",
        "Text": "463",
        "id": 425,
        "number": "463",
        "description": "Жилой дом военного ведомства",
        "address": "Приморский край, г. Владивосток, ул. Станюковича, 53",
        "image": [
          "/photo/463.webp"
        ]
      },
      "geometry": {
        "type": "MultiPolygon",
        "coordinates": [
          [
            [
              [
                131.87054017365045,
                43.10509433959259
              ],
              [
                131.87002912798792,
                43.10480382489251
              ],
              [
                131.86992289704102,
                43.10490451923887
              ],
              [
                131.87043394303663,
                43.10519503440875
              ],
              [
                131.87054017365045,
                43.10509433959259
              ]
            ]
          ]
        ]
      }
    },
    {
      "type": "Feature",
      "properties": {
        "fid": 574,
        "Layer": "LINES",
        "Text": "448",
        "id": 410,
        "number": "448",
        "description": "Здание переселенческой больницы",
        "address": "Приморский край, г. Владивосток, ул. Верхнепортовая, 27",
        "image": [
          "/photo/448.webp"
        ]
      },
      "geometry": {
        "type": "MultiPolygon",
        "coordinates": [
          [
            [
              [
                131.87052342096536,
                43.10337134885033
              ],
              [
                131.8704193229183,
                43.10345407506314
              ],
              [
                131.87020736264017,
                43.10330512460761
              ],
              [
                131.87031411149724,
                43.103223108026086
              ],
              [
                131.87052342096536,
                43.10337134885033
              ]
            ]
          ]
        ]
      }
    },
    {
      "type": "Feature",
      "properties": {
        "fid": 575,
        "Layer": "LINES",
        "Text": "447",
        "id": 409,
        "number": "447",
        "description": "Жилой дом",
        "address": "Приморский край, г. Владивосток, ул. Верхнепортовая, 20",
        "image": [
          "/photo/447.webp"
        ]
      },
      "geometry": {
        "type": "MultiPolygon",
        "coordinates": [
          [
            [
              [
                131.87595233233145,
                43.10611176811044
              ],
              [
                131.87604195397893,
                43.10633388690528
              ],
              [
                131.8761614534787,
                43.106308001189355
              ],
              [
                131.8760718314366,
                43.106085882486695
              ],
              [
                131.87595233233145,
                43.10611176811044
              ]
            ]
          ]
        ]
      }
    },
    {
      "type": "Feature",
      "properties": {
        "fid": 576,
        "Layer": "LINES",
        "Text": "457",
        "id": 419,
        "number": "457",
        "description": "Здание военного ведомства",
        "address": "Приморский край, г. Владивосток, ул. Морозова, 7, стр. 1",
        "image": [
          "/photo/457.webp"
        ]
      },
      "geometry": {
        "type": "MultiPolygon",
        "coordinates": [
          [
            [
              [
                131.86269089334917,
                43.09187693074112
              ],
              [
                131.86285303830007,
                43.0918335365915
              ],
              [
                131.86275756239604,
                43.09163102976055
              ],
              [
                131.86259524822313,
                43.091669834002296
              ],
              [
                131.86269089334917,
                43.09187693074112
              ]
            ]
          ]
        ]
      }
    },
    {
      "type": "Feature",
      "properties": {
        "fid": 577,
        "Layer": "LINES",
        "Text": "456",
        "id": 418,
        "number": "456",
        "description": "Здание военного ведомства",
        "address": "Приморский край, г. Владивосток, ул. Морозова, 8",
        "image": [
          "/photo/456.webp"
        ]
      },
      "geometry": {
        "type": "MultiPolygon",
        "coordinates": [
          [
            [
              [
                131.86190649358133,
                43.090952058843946
              ],
              [
                131.86178105658414,
                43.09098200871477
              ],
              [
                131.861801666036,
                43.0910286281609
              ],
              [
                131.8618317452099,
                43.09102167062088
              ],
              [
                131.86185634124007,
                43.091078786499395
              ],
              [
                131.86182862355523,
                43.09108496974041
              ],
              [
                131.8618754210026,
                43.09118528247415
              ],
              [
                131.86179958691457,
                43.09120295916988
              ],
              [
                131.86202363456988,
                43.091688075435556
              ],
              [
                131.86209889288259,
                43.09167006561322
              ],
              [
                131.86216077174828,
                43.09180291993724
              ],
              [
                131.86220928510193,
                43.09179163107855
              ],
              [
                131.86220168930447,
                43.0917743319243
              ],
              [
                131.8623005855706,
                43.09175100804161
              ],
              [
                131.861969041767,
                43.091048029712326
              ],
              [
                131.8619501524834,
                43.0910523143438
              ],
              [
                131.86190649358133,
                43.090952058843946
              ]
            ]
          ]
        ]
      }
    },
    {
      "type": "Feature",
      "properties": {
        "fid": 578,
        "Layer": "LINES",
        "Text": "470",
        "id": 432,
        "number": "470",
        "description": "Здание военного ведомства",
        "address": "Приморский край, г. Владивосток, ул. Крыгина, д. 19 строение 2",
        "image": [
          "/photo/470.webp"
        ]
      },
      "geometry": {
        "type": "MultiPolygon",
        "coordinates": [
          [
            [
              [
                131.86118328598232,
                43.09063054009498
              ],
              [
                131.8609233161954,
                43.09069550594552
              ],
              [
                131.86096098256345,
                43.09077306349101
              ],
              [
                131.86103718896675,
                43.090753183858276
              ],
              [
                131.86106497946466,
                43.090810406053365
              ],
              [
                131.86098877299932,
                43.09083028570445
              ],
              [
                131.8610368887166,
                43.09092935865165
              ],
              [
                131.861142985257,
                43.090901681683754
              ],
              [
                131.86117008156472,
                43.090957474145675
              ],
              [
                131.86106398494005,
                43.09098515113832
              ],
              [
                131.86110088788234,
                43.09106113597828
              ],
              [
                131.86136027840132,
                43.09099498782342
              ],
              [
                131.86132141398406,
                43.09091809914002
              ],
              [
                131.86129386817308,
                43.090925008698775
              ],
              [
                131.86125070457666,
                43.090835543945126
              ],
              [
                131.86130717158812,
                43.09082057929251
              ],
              [
                131.86128388928853,
                43.09077195592323
              ],
              [
                131.8612269972249,
                43.090786076871645
              ],
              [
                131.86119218288255,
                43.090712543555284
              ],
              [
                131.8612571178181,
                43.09069573997069
              ],
              [
                131.86123199005078,
                43.09064565058985
              ],
              [
                131.86119458751295,
                43.09065526000874
              ],
              [
                131.86118328598232,
                43.09063054009498
              ]
            ]
          ]
        ]
      }
    },
    {
      "type": "Feature",
      "properties": {
        "fid": 579,
        "Layer": "LINES",
        "Text": "469",
        "id": 431,
        "number": "469",
        "description": "Здание военного ведомства",
        "address": "Приморский край, г. Владивосток, ул. Крыгина, 19 строение 1",
        "image": [
          "/photo/469.webp"
        ]
      },
      "geometry": {
        "type": "MultiPolygon",
        "coordinates": [
          [
            [
              [
                131.86177894518136,
                43.09182797633294
              ],
              [
                131.86150752390412,
                43.091898686213334
              ],
              [
                131.86137792354825,
                43.091623806724044
              ],
              [
                131.8613184059168,
                43.091496184397656
              ],
              [
                131.8612931005489,
                43.09150279458367
              ],
              [
                131.86127819024497,
                43.09147209405679
              ],
              [
                131.86130199522668,
                43.091465560226126
              ],
              [
                131.86115465214897,
                43.09116996530255
              ],
              [
                131.86139605952513,
                43.0911066706602
              ],
              [
                131.86143473609073,
                43.091121947989855
              ],
              [
                131.86145251778953,
                43.091154940439445
              ],
              [
                131.86143582315884,
                43.09117758412954
              ],
              [
                131.86131810000572,
                43.091207723831594
              ],
              [
                131.86138218794395,
                43.09133864528271
              ],
              [
                131.86142725377206,
                43.09143185289823
              ],
              [
                131.86157428174775,
                43.09139455662594
              ],
              [
                131.86162759291065,
                43.09151578593077
              ],
              [
                131.86151389356885,
                43.09154429109619
              ],
              [
                131.86159001094276,
                43.09170435129599
              ],
              [
                131.86163181634234,
                43.09179050264432
              ],
              [
                131.86174511780771,
                43.091760897790586
              ],
              [
                131.86177894518136,
                43.09182797633294
              ]
            ]
          ]
        ]
      }
    },
    {
      "type": "Feature",
      "properties": {
        "fid": 580,
        "Layer": "LINES",
        "Text": "462",
        "id": 424,
        "number": "462",
        "description": "Дом военного ведомства",
        "address": "Приморский край, г. Владивосток, ул. Саратовская, 4",
        "image": [
          "/photo/462.webp"
        ]
      },
      "geometry": {
        "type": "MultiPolygon",
        "coordinates": [
          [
            [
              [
                131.8644116205176,
                43.09310343407461
              ],
              [
                131.86435489701256,
                43.09298790118396
              ],
              [
                131.86464747417415,
                43.0929125408345
              ],
              [
                131.8647012619189,
                43.09302830790537
              ],
              [
                131.8644116205176,
                43.09310343407461
              ]
            ]
          ]
        ]
      }
    },
    {
      "type": "Feature",
      "properties": {
        "fid": 595,
        "Layer": "LINES",
        "Text": "454",
        "id": 416,
        "number": "454",
        "description": "Здание военного ведомства",
        "address": "Приморский край, г. Владивосток, ул. Морозова, 2",
        "image": [
          "/photo/454.webp"
        ]
      },
      "geometry": {
        "type": "MultiPolygon",
        "coordinates": [
          [
            [
              [
                131.8625994188363,
                43.092375208447386
              ],
              [
                131.86244700893104,
                43.092415486907846
              ],
              [
                131.86250354441142,
                43.09253000589519
              ],
              [
                131.8624260748316,
                43.09254964969546
              ],
              [
                131.86245877529058,
                43.09261555434894
              ],
              [
                131.86253380603648,
                43.09259631294893
              ],
              [
                131.86259119636225,
                43.092722516522514
              ],
              [
                131.86263694631052,
                43.09271121166804
              ],
              [
                131.86262780868802,
                43.09269131755414
              ],
              [
                131.8627337583446,
                43.09266653962805
              ],
              [
                131.8625994188363,
                43.092375208447386
              ]
            ]
          ]
        ]
      }
    },
    {
      "type": "Feature",
      "properties": {
        "fid": 596,
        "Layer": "LINES",
        "Text": "468",
        "id": 430,
        "number": "468",
        "description": "Каланча Эгершельдской пожарной команды, где формировался комсомольский батальон им. К.Либкнехта и был склад оружия",
        "address": "Приморский край, г. Владивосток, ул. Сипягина, 22 д",
        "image": [
          "/photo/468.webp"
        ]
      },
      "geometry": {
        "type": "MultiPolygon",
        "coordinates": [
          [
            [
              [
                131.86109878871167,
                43.09558080421076
              ],
              [
                131.86114646130673,
                43.09561241326392
              ],
              [
                131.86118370014492,
                43.095582250517076
              ],
              [
                131.8611358182536,
                43.09555066085246
              ],
              [
                131.86109878871167,
                43.09558080421076
              ]
            ]
          ]
        ]
      }
    },
    {
      "type": "Feature",
      "properties": {
        "fid": 597,
        "Layer": "LINES",
        "Text": "451",
        "id": 413,
        "number": "451",
        "description": "Кинотеатр “Вымпел”",
        "address": "Приморский край, г. Владивосток, ул. Верхнепортовая, 72",
        "image": [
          "/photo/451.webp"
        ]
      },
      "geometry": {
        "type": "MultiPolygon",
        "coordinates": [
          [
            [
              [
                131.86249695855435,
                43.098929470818376
              ],
              [
                131.8624193415987,
                43.098862952235415
              ],
              [
                131.86235089288593,
                43.098906248343305
              ],
              [
                131.8623441169265,
                43.09890075378831
              ],
              [
                131.8622947134794,
                43.098931126903416
              ],
              [
                131.8622070660297,
                43.09898650055301
              ],
              [
                131.8622273520238,
                43.099002867198806
              ],
              [
                131.8620300637282,
                43.09912990634842
              ],
              [
                131.8620633096367,
                43.0991595285737
              ],
              [
                131.86214258417704,
                43.09922650602251
              ],
              [
                131.86233853204894,
                43.099096801560925
              ],
              [
                131.86235781384536,
                43.09911373708898
              ],
              [
                131.86249618940374,
                43.09902665244784
              ],
              [
                131.86248936953334,
                43.099020431452445
              ],
              [
                131.8625580302263,
                43.098980343185524
              ],
              [
                131.86249695855435,
                43.098929470818376
              ]
            ]
          ]
        ]
      }
    },
    {
      "type": "Feature",
      "properties": {
        "fid": 598,
        "Layer": "LINES",
        "Text": "82",
        "id": 82,
        "number": "82",
        "description": "Дом жилой",
        "address": "Приморский край ,г. Владивосток, ул. Арсеньева,15,стр.В",
        "image": [
          "/photo/82.webp"
        ]
      },
      "geometry": {
        "type": "MultiPolygon",
        "coordinates": [
          [
            [
              [
                131.875973591511,
                43.11245795672895
              ],
              [
                131.875893478478,
                43.11253333645884
              ],
              [
                131.87599008863788,
                43.1125906222267
              ],
              [
                131.87607321326587,
                43.11251674058037
              ],
              [
                131.875973591511,
                43.11245795672895
              ]
            ]
          ]
        ]
      }
    },
    {
      "type": "Feature",
      "properties": {
        "fid": 599,
        "Layer": "LINES",
        "Text": "83",
        "id": 83,
        "number": "83",
        "description": "Дом жилой",
        "address": "Приморский край, г. Владивосток, ул. Арсеньева, 17, стр. А",
        "image": [
          "/photo/83.webp"
        ]
      },
      "geometry": {
        "type": "MultiPolygon",
        "coordinates": [
          [
            [
              [
                131.87625043495703,
                43.11240083147769
              ],
              [
                131.8763548226724,
                43.11245687863258
              ],
              [
                131.87641193558062,
                43.11240500265047
              ],
              [
                131.87644678872203,
                43.11242475334918
              ],
              [
                131.87648950160334,
                43.11238528361412
              ],
              [
                131.8765024277204,
                43.11237260568563
              ],
              [
                131.87646659223748,
                43.11235258389994
              ],
              [
                131.87636457006803,
                43.112295740114696
              ],
              [
                131.87625043495703,
                43.11240083147769
              ]
            ]
          ]
        ]
      }
    },
    {
      "type": "Feature",
      "properties": {
        "fid": 5541,
        "Layer": "LINES",
        "Text": "273",
        "id": 244,
        "number": "273",
        "description": "«Дом Колесниковых», начало XX в",
        "address": "Приморский край, г. Владивосток, ул. Светланская, 6, стр. Б",
        "image": [
          "/photo/273.webp"
        ]
      },
      "geometry": {
        "type": "MultiPolygon",
        "coordinates": [
          [
            [
              [
                131.87867848249653,
                43.11690926330922
              ],
              [
                131.87876176475095,
                43.116891612239584
              ],
              [
                131.87874088502429,
                43.11683452648031
              ],
              [
                131.87876904475206,
                43.116828998851396
              ],
              [
                131.87872830019816,
                43.11672484154089
              ],
              [
                131.87879155717332,
                43.11671246103443
              ],
              [
                131.87877405485474,
                43.116665699363814
              ],
              [
                131.87860426846544,
                43.1166984146669
              ],
              [
                131.87867847705226,
                43.116909262384155
              ],
              [
                131.87867848249653,
                43.11690926330922
              ]
            ]
          ]
        ]
      }
    },
    {
      "type": "Feature",
      "properties": {
        "fid": 5542,
        "Layer": "LINES",
        "Text": "272",
        "id": 243,
        "number": "272",
        "description": "Номера “Россия” (Дом Колесниковых)",
        "address": "Приморский край, г. Владивосток, ул. Светланская, 6",
        "image": [
          "/photo/272.webp"
        ]
      },
      "geometry": {
        "type": "MultiPolygon",
        "coordinates": [
          [
            [
              [
                131.87889678138544,
                43.11686389117436
              ],
              [
                131.87867877253308,
                43.11690906002752
              ],
              [
                131.8787217860186,
                43.11703098314367
              ],
              [
                131.8787285827065,
                43.11702973585352
              ],
              [
                131.87873361820886,
                43.11704354967269
              ],
              [
                131.87893502641228,
                43.11700441080238
              ],
              [
                131.878896370202,
                43.116863231599645
              ],
              [
                131.87889678138544,
                43.11686389117436
              ]
            ]
          ]
        ]
      }
    },
    {
      "type": "Feature",
      "properties": {
        "fid": 5543,
        "Layer": "LINES",
        "Text": "295",
        "id": 266,
        "number": "295",
        "description": "Дом товарищества Кунст и Альберс",
        "address": "Приморский край, г. Владивосток, ул. Светланская, 33",
        "image": [
          "/photo/295.webp"
        ]
      },
      "geometry": {
        "type": "MultiPolygon",
        "coordinates": [
          [
            [
              [
                131.88759091417023,
                43.115528142566724
              ],
              [
                131.8873924347204,
                43.11556607790604
              ],
              [
                131.88739482251543,
                43.115572515328545
              ],
              [
                131.88733974022963,
                43.115576609691466
              ],
              [
                131.88723175698155,
                43.11559858426321
              ],
              [
                131.88723416933468,
                43.11560502171331
              ],
              [
                131.88718142660602,
                43.11561569379911
              ],
              [
                131.8871789664038,
                43.115609221195335
              ],
              [
                131.88708274760887,
                43.115628605864664
              ],
              [
                131.8871145369648,
                43.11571490536755
              ],
              [
                131.8871835478062,
                43.11570148958046
              ],
              [
                131.8871932921534,
                43.11572706215115
              ],
              [
                131.88729450698463,
                43.11570564351686
              ],
              [
                131.88730056268392,
                43.115719714108955
              ],
              [
                131.88733405099012,
                43.11573381178504
              ],
              [
                131.8873405226939,
                43.11575108186604
              ],
              [
                131.8873584994053,
                43.11576326583687
              ],
              [
                131.8871723983344,
                43.1158003881115
              ],
              [
                131.88720440187106,
                43.11587459499662
              ],
              [
                131.88762480515163,
                43.1157874253247
              ],
              [
                131.88761751880236,
                43.11576757207944
              ],
              [
                131.88767573441277,
                43.11575439719709
              ],
              [
                131.88759090748457,
                43.115528150134395
              ],
              [
                131.88759091417023,
                43.115528142566724
              ]
            ]
          ]
        ]
      }
    },
    {
      "type": "Feature",
      "properties": {
        "fid": 5544,
        "Layer": "LINES",
        "Text": "323",
        "id": 294,
        "number": "323",
        "description": "Штаб Тихоокеанского пограничного округа",
        "address": "Приморский край, г. Владивосток, ул. Светланская, 67",
        "image": [
          "/photo/323.webp"
        ]
      },
      "geometry": {
        "type": "MultiPolygon",
        "coordinates": [
          [
            [
              [
                131.89780137365244,
                43.11408965761513
              ],
              [
                131.8979160661719,
                43.11411629826472
              ],
              [
                131.89847252794664,
                43.11424555062061
              ],
              [
                131.89838644695632,
                43.114441359929444
              ],
              [
                131.898196530733,
                43.114397131248595
              ],
              [
                131.8981887212782,
                43.11440155194466
              ],
              [
                131.8981780561296,
                43.11440480650283
              ],
              [
                131.89816335301006,
                43.11440534620756
              ],
              [
                131.89814984122705,
                43.11440345241498
              ],
              [
                131.89813673322874,
                43.114398794076685
              ],
              [
                131.89812577535477,
                43.1143908245439
              ],
              [
                131.89811867469317,
                43.114380207417504
              ],
              [
                131.89800700528176,
                43.11435470468557
              ],
              [
                131.8980348104737,
                43.1142861711586
              ],
              [
                131.8978638686943,
                43.11424485727897
              ],
              [
                131.89781698969006,
                43.114358211311554
              ],
              [
                131.89778041076892,
                43.11434957113455
              ],
              [
                131.89766806415227,
                43.11432303405102
              ],
              [
                131.89777201452344,
                43.11408283808698
              ],
              [
                131.89780137365244,
                43.11408965761513
              ]
            ]
          ]
        ]
      }
    },
    {
      "type": "Feature",
      "properties": {
        "fid": 5545,
        "Layer": "LINES",
        "Text": "440",
        "id": 402,
        "number": "440",
        "description": "Жилой дом",
        "address": "Приморский край, г. Владивосток, Пушкинская, 25, строение 4",
        "image": [
          "/photo/440.webp"
        ]
      },
      "geometry": {
        "type": "MultiPolygon",
        "coordinates": [
          [
            [
              [
                131.8992917993697,
                43.11596301934961
              ],
              [
                131.89928261251313,
                43.11598499015415
              ],
              [
                131.8992192790875,
                43.115971558431085
              ],
              [
                131.89925226875187,
                43.11589302778596
              ],
              [
                131.8993641451453,
                43.11591758431427
              ],
              [
                131.8993471399544,
                43.11597752368734
              ],
              [
                131.89929181493235,
                43.11596301934963
              ],
              [
                131.8992917993697,
                43.11596301934961
              ]
            ]
          ]
        ]
      }
    },
    {
      "type": "Feature",
      "properties": {
        "fid": 5546,
        "Layer": "LINES",
        "Text": "143",
        "id": 114,
        "number": "143",
        "description": "Мемориальный корабль - подводная лодка С-56",
        "address": "Приморский край, г. Владивосток, Корабельная набережная, 36-й причал",
        "image": [
          "/photo/143.webp"
        ]
      },
      "geometry": {
        "type": "MultiPolygon",
        "coordinates": [
          [
            [
              [
                131.89161195055374,
                43.113278231446536
              ],
              [
                131.89162166058728,
                43.113296958953015
              ],
              [
                131.8908701443049,
                43.113506620719946
              ],
              [
                131.89086274134615,
                43.113487637423866
              ],
              [
                131.89161195055374,
                43.113278231446536
              ]
            ]
          ]
        ]
      }
    }
  ]
}