  0
SECTION
  2
HEADER
  9
$ACADVER
  1
AC1032
  9
$ACADMAINTVER
 90
      174
  9
$DWGCODEPAGE
  3
ANSI_1251
  9
$LASTSAVEDBY
  1
Сергей
  9
$REQUIREDVERSIONS
160
                 0
  9
$INSBASE
 10
0.0
 20
0.0
 30
0.0
  9
$EXTMIN
 10
21932.91313272155
 20
37795.02875576932
 30
0.0
  9
$EXTMAX
 10
31261.16372977
 20
43448.49250195999
 30
53.6936518582119
  9
$LIMMIN
 10
0.0
 20
0.0
  9
$LIMMAX
 10
420.0
 20
297.0
  9
$ORTHOMODE
 70
     0
  9
$REGENMODE
 70
     1
  9
$FILLMODE
 70
     1
  9
$QTEXTMODE
 70
     0
  9
$MIRRTEXT
 70
     0
  9
$LTSCALE
 40
1.0
  9
$ATTMODE
 70
     1
  9
$TEXTSIZE
 40
2.5
  9
$TRACEWID
 40
1.0
  9
$TEXTSTYLE
  7
Standard
  9
$CLAYER
  8
0
  9
$CELTYPE
  6
ByLayer
  9
$CECOLOR
 62
   256
  9
$CELTSCALE
 40
1.0
  9
$DISPSILH
 70
     0
  9
$DIMSCALE
 40
1.0
  9
$DIMASZ
 40
2.5
  9
$DIMEXO
 40
0.625
  9
$DIMDLI
 40
3.75
  9
$DIMRND
 40
0.0
  9
$DIMDLE
 40
0.0
  9
$DIMEXE
 40
1.25
  9
$DIMTP
 40
0.0
  9
$DIMTM
 40
0.0
  9
$DIMTXT
 40
2.5
  9
$DIMCEN
 40
2.5
  9
$DIMTSZ
 40
0.0
  9
$DIMTOL
 70
     0
  9
$DIMLIM
 70
     0
  9
$DIMTIH
 70
     0
  9
$DIMTOH
 70
     0
  9
$DIMSE1
 70
     0
  9
$DIMSE2
 70
     0
  9
$DIMTAD
 70
     1
  9
$DIMZIN
 70
     8
  9
$DIMBLK
  1

  9
$DIMASO
 70
     1
  9
$DIMSHO
 70
     1
  9
$DIMPOST
  1

  9
$DIMAPOST
  1

  9
$DIMALT
 70
     0
  9
$DIMALTD
 70
     3
  9
$DIMALTF
 40
0.03937007874016
  9
$DIMLFAC
 40
1.0
  9
$DIMTOFL
 70
     1
  9
$DIMTVP
 40
0.0
  9
$DIMTIX
 70
     0
  9
$DIMSOXD
 70
     0
  9
$DIMSAH
 70
     0
  9
$DIMBLK1
  1

  9
$DIMBLK2
  1

  9
$DIMSTYLE
  2
ISO-25
  9
$DIMCLRD
 70
     0
  9
$DIMCLRE
 70
     0
  9
$DIMCLRT
 70
     0
  9
$DIMTFAC
 40
1.0
  9
$DIMGAP
 40
0.625
  9
$DIMJUST
 70
     0
  9
$DIMSD1
 70
     0
  9
$DIMSD2
 70
     0
  9
$DIMTOLJ
 70
     0
  9
$DIMTZIN
 70
     8
  9
$DIMALTZ
 70
     0
  9
$DIMALTTZ
 70
     0
  9
$DIMUPT
 70
     0
  9
$DIMDEC
 70
     2
  9
$DIMTDEC
 70
     2
  9
$DIMALTU
 70
     2
  9
$DIMALTTD
 70
     3
  9
$DIMTXSTY
  7
Standard
  9
$DIMAUNIT
 70
     0
  9
$DIMADEC
 70
     0
  9
$DIMALTRND
 40
0.0
  9
$DIMAZIN
 70
     0
  9
$DIMDSEP
 70
    44
  9
$DIMATFIT
 70
     3
  9
$DIMFRAC
 70
     0
  9
$DIMLDRBLK
  1

  9
$DIMLUNIT
 70
     2
  9
$DIMLWD
 70
    -2
  9
$DIMLWE
 70
    -2
  9
$DIMTMOVE
 70
     0
  9
$DIMFXL
 40
1.0
  9
$DIMFXLON
 70
     0
  9
$DIMJOGANG
 40
0.7853981633974483
  9
$DIMTFILL
 70
     0
  9
$DIMTFILLCLR
 70
     0
  9
$DIMARCSYM
 70
     0
  9
$DIMLTYPE
  6

  9
$DIMLTEX1
  6

  9
$DIMLTEX2
  6

  9
$DIMTXTDIRECTION
 70
     0
  9
$LUNITS
 70
     2
  9
$LUPREC
 70
     4
  9
$SKETCHINC
 40
1.0
  9
$FILLETRAD
 40
0.0
  9
$AUNITS
 70
     0
  9
$AUPREC
 70
     0
  9
$MENU
  1
.
  9
$ELEVATION
 40
0.0
  9
$PELEVATION
 40
0.0
  9
$THICKNESS
 40
0.0
  9
$LIMCHECK
 70
     0
  9
$CHAMFERA
 40
0.0
  9
$CHAMFERB
 40
0.0
  9
$CHAMFERC
 40
0.0
  9
$CHAMFERD
 40
0.0
  9
$SKPOLY
 70
     0
  9
$TDCREATE
 40
2460873.575625000
  9
$TDUCREATE
 40
2460873.158958334
  9
$TDUPDATE
 40
2460873.577372685
  9
$TDUUPDATE
 40
2460873.160706019
  9
$TDINDWG
 40
0.0014236111
  9
$TDUSRTIMER
 40
0.0014236111
  9
$USRTIMER
 70
     1
  9
$ANGBASE
 50
0.0
  9
$ANGDIR
 70
     0
  9
$PDMODE
 70
     0
  9
$PDSIZE
 40
0.0
  9
$PLINEWID
 40
0.0
  9
$SPLFRAME
 70
     0
  9
$SPLINETYPE
 70
     6
  9
$SPLINESEGS
 70
     8
  9
$HANDSEED
  5
305
  9
$SURFTAB1
 70
     6
  9
$SURFTAB2
 70
     6
  9
$SURFTYPE
 70
     6
  9
$SURFU
 70
     6
  9
$SURFV
 70
     6
  9
$UCSBASE
  2

  9
$UCSNAME
  2

  9
$UCSORG
 10
0.0
 20
0.0
 30
0.0
  9
$UCSXDIR
 10
1.0
 20
0.0
 30
0.0
  9
$UCSYDIR
 10
0.0
 20
1.0
 30
0.0
  9
$UCSORTHOREF
  2

  9
$UCSORTHOVIEW
 70
     0
  9
$UCSORGTOP
 10
0.0
 20
0.0
 30
0.0
  9
$UCSORGBOTTOM
 10
0.0
 20
0.0
 30
0.0
  9
$UCSORGLEFT
 10
0.0
 20
0.0
 30
0.0
  9
$UCSORGRIGHT
 10
0.0
 20
0.0
 30
0.0
  9
$UCSORGFRONT
 10
0.0
 20
0.0
 30
0.0
  9
$UCSORGBACK
 10
0.0
 20
0.0
 30
0.0
  9
$PUCSBASE
  2

  9
$PUCSNAME
  2

  9
$PUCSORG
 10
0.0
 20
0.0
 30
0.0
  9
$PUCSXDIR
 10
1.0
 20
0.0
 30
0.0
  9
$PUCSYDIR
 10
0.0
 20
1.0
 30
0.0
  9
$PUCSORTHOREF
  2

  9
$PUCSORTHOVIEW
 70
     0
  9
$PUCSORGTOP
 10
0.0
 20
0.0
 30
0.0
  9
$PUCSORGBOTTOM
 10
0.0
 20
0.0
 30
0.0
  9
$PUCSORGLEFT
 10
0.0
 20
0.0
 30
0.0
  9
$PUCSORGRIGHT
 10
0.0
 20
0.0
 30
0.0
  9
$PUCSORGFRONT
 10
0.0
 20
0.0
 30
0.0
  9
$PUCSORGBACK
 10
0.0
 20
0.0
 30
0.0
  9
$USERI1
 70
     0
  9
$USERI2
 70
     0
  9
$USERI3
 70
     0
  9
$USERI4
 70
     0
  9
$USERI5
 70
     0
  9
$USERR1
 40
0.0
  9
$USERR2
 40
0.0
  9
$USERR3
 40
0.0
  9
$USERR4
 40
0.0
  9
$USERR5
 40
0.0
  9
$WORLDVIEW
 70
     1
  9
$SHADEDGE
 70
     3
  9
$SHADEDIF
 70
    70
  9
$TILEMODE
 70
     1
  9
$MAXACTVP
 70
    64
  9
$PINSBASE
 10
0.0
 20
0.0
 30
0.0
  9
$PLIMCHECK
 70
     0
  9
$PEXTMIN
 10
0.0
 20
0.0
 30
0.0
  9
$PEXTMAX
 10
0.0
 20
0.0
 30
0.0
  9
$PLIMMIN
 10
0.0
 20
0.0
  9
$PLIMMAX
 10
12.0
 20
9.0
  9
$UNITMODE
 70
     0
  9
$VISRETAIN
 70
     1
  9
$PLINEGEN
 70
     0
  9
$PSLTSCALE
 70
     1
  9
$TREEDEPTH
 70
  3020
  9
$CMLSTYLE
  2
Standard
  9
$CMLJUST
 70
     0
  9
$CMLSCALE
 40
20.0
  9
$PROXYGRAPHICS
 70
     1
  9
$MEASUREMENT
 70
     1
  9
$CELWEIGHT
370
    -1
  9
$ENDCAPS
280
     0
  9
$JOINSTYLE
280
     0
  9
$LWDISPLAY
290
     0
  9
$INSUNITS
 70
     4
  9
$HYPERLINKBASE
  1

  9
$STYLESHEET
  1

  9
$XEDIT
290
     1
  9
$CEPSNTYPE
380
     0
  9
$PSTYLEMODE
290
     1
  9
$FINGERPRINTGUID
  2
{8CEBE95E-76FB-A147-A07C-0BB17B9F78ED}
  9
$VERSIONGUID
  2
{C04A2CC2-B8B3-524F-9922-DCC11059039C}
  9
$EXTNAMES
290
     1
  9
$PSVPSCALE
 40
0.0
  9
$OLESTARTUP
290
     0
  9
$SORTENTS
280
   127
  9
$INDEXCTL
280
     0
  9
$HIDETEXT
280
     1
  9
$XCLIPFRAME
280
     2
  9
$HALOGAP
280
     0
  9
$OBSCOLOR
 70
   257
  9
$OBSLTYPE
280
     0
  9
$INTERSECTIONDISPLAY
280
     0
  9
$INTERSECTIONCOLOR
 70
   257
  9
$DIMASSOC
280
     2
  9
$PROJECTNAME
  1

  9
$CAMERADISPLAY
290
     0
  9
$LENSLENGTH
 40
50.0
  9
$CAMERAHEIGHT
 40
0.0
  9
$STEPSPERSEC
 40
2.0
  9
$STEPSIZE
 40
6.0
  9
$3DDWFPREC
 40
2.0
  9
$PSOLWIDTH
 40
5.0
  9
$PSOLHEIGHT
 40
80.0
  9
$LOFTANG1
 40
1.570796326794896
  9
$LOFTANG2
 40
1.570796326794896
  9
$LOFTMAG1
 40
0.0
  9
$LOFTMAG2
 40
0.0
  9
$LOFTPARAM
 70
     7
  9
$LOFTNORMALS
280
     1
  9
$LATITUDE
 40
37.795
  9
$LONGITUDE
 40
-122.394
  9
$NORTHDIRECTION
 40
0.0
  9
$TIMEZONE
 70
 -8000
  9
$LIGHTGLYPHDISPLAY
280
     1
  9
$TILEMODELIGHTSYNCH
280
     1
  9
$CMATERIAL
347
EC
  9
$SOLIDHIST
280
     0
  9
$SHOWHIST
280
     1
  9
$DWFFRAME
280
     2
  9
$DGNFRAME
280
     0
  9
$REALWORLDSCALE
290
     1
  9
$INTERFERECOLOR
 62
     1
  9
$INTERFEREOBJVS
345
F9
  9
$INTERFEREVPVS
346
F6
  9
$CSHADOW
280
     0
  9
$SHADOWPLANELOCATION
 40
0.0
  0
ENDSEC
  0
SECTION
  2
CLASSES
  0
CLASS
  1
ACDBDICTIONARYWDFLT
  2
AcDbDictionaryWithDefault
  3
ObjectDBX Classes
 90
        0
 91
        1
280
     0
281
     0
  0
CLASS
  1
DICTIONARYVAR
  2
AcDbDictionaryVar
  3
ObjectDBX Classes
 90
        0
 91
       11
280
     0
281
     0
  0
CLASS
  1
TABLESTYLE
  2
AcDbTableStyle
  3
ObjectDBX Classes
 90
     4095
 91
        1
280
     0
281
     0
  0
CLASS
  1
MATERIAL
  2
AcDbMaterial
  3
ObjectDBX Classes
 90
     1153
 91
        3
280
     0
281
     0
  0
CLASS
  1
VISUALSTYLE
  2
AcDbVisualStyle
  3
ObjectDBX Classes
 90
     4095
 91
       24
280
     0
281
     0
  0
CLASS
  1
SCALE
  2
AcDbScale
  3
ObjectDBX Classes
 90
     1153
 91
       17
280
     0
281
     0
  0
CLASS
  1
MLEADERSTYLE
  2
AcDbMLeaderStyle
  3
ACDB_MLEADERSTYLE_CLASS
 90
     4095
 91
        2
280
     0
281
     0
  0
CLASS
  1
CELLSTYLEMAP
  2
AcDbCellStyleMap
  3
ObjectDBX Classes
 90
     1152
 91
        1
280
     0
281
     0
  0
CLASS
  1
EXACXREFPANELOBJECT
  2
ExAcXREFPanelObject
  3
EXAC_ESW
 90
     1025
 91
        0
280
     0
281
     0
  0
CLASS
  1
NPOCOLLECTION
  2
AcDbImpNonPersistentObjectsCollection
  3
ObjectDBX Classes
 90
     1153
 91
        0
280
     0
281
     0
  0
CLASS
  1
LAYER_INDEX
  2
AcDbLayerIndex
  3
ObjectDBX Classes
 90
        0
 91
        0
280
     0
281
     0
  0
CLASS
  1
SPATIAL_INDEX
  2
AcDbSpatialIndex
  3
ObjectDBX Classes
 90
        0
 91
        0
280
     0
281
     0
  0
CLASS
  1
IDBUFFER
  2
AcDbIdBuffer
  3
ObjectDBX Classes
 90
        0
 91
        0
280
     0
281
     0
  0
CLASS
  1
ACDBSECTIONVIEWSTYLE
  2
AcDbSectionViewStyle
  3
ObjectDBX Classes
 90
     1025
 91
        1
280
     0
281
     0
  0
CLASS
  1
ACDBDETAILVIEWSTYLE
  2
AcDbDetailViewStyle
  3
ObjectDBX Classes
 90
     1025
 91
        1
280
     0
281
     0
  0
CLASS
  1
SORTENTSTABLE
  2
AcDbSortentsTable
  3
ObjectDBX Classes
 90
        0
 91
        0
280
     0
281
     0
  0
ENDSEC
  0
SECTION
  2
TABLES
  0
TABLE
  2
VPORT
  5
8
330
0
100
AcDbSymbolTable
 70
     1
  0
VPORT
  5
EA
330
8
100
AcDbSymbolTableRecord
100
AcDbViewportTableRecord
  2
*Active
 70
     0
 10
0.0
 20
0.0
 11
1.0
 21
1.0
 12
27951.0599652476
 22
41694.55202071665
 13
0.0
 23
0.0
 14
10.0
 24
10.0
 15
10.0
 25
10.0
 16
0.0
 26
0.0
 36
1.0
 17
0.0
 27
0.0
 37
0.0
 40
3600.329104717006
 41
2.10136674259681
 42
50.0
 43
0.0
 44
0.0
 50
0.0
 51
0.0
 71
     0
 72
  1000
 73
     1
 74
     3
 75
     0
 76
     1
 77
     0
 78
     0
281
     0
 65
     1
110
0.0
120
0.0
130
0.0
111
1.0
121
0.0
131
0.0
112
0.0
122
1.0
132
0.0
 79
     0
146
0.0
348
F5
 60
     3
 61
     5
292
     1
282
     1
141
0.0
142
0.0
 63
   250
421
  3355443
1001
ACAD_NAV_VCDISPLAY
1070
     3
  0
ENDTAB
  0
TABLE
  2
LTYPE
  5
5
330
0
100
AcDbSymbolTable
 70
     1
  0
LTYPE
  5
14
330
5
100
AcDbSymbolTableRecord
100
AcDbLinetypeTableRecord
  2
ByBlock
 70
     0
  3

 72
    65
 73
     0
 40
0.0
  0
LTYPE
  5
15
330
5
100
AcDbSymbolTableRecord
100
AcDbLinetypeTableRecord
  2
ByLayer
 70
     0
  3

 72
    65
 73
     0
 40
0.0
  0
LTYPE
  5
16
330
5
100
AcDbSymbolTableRecord
100
AcDbLinetypeTableRecord
  2
Continuous
 70
     0
  3
Solid line
 72
    65
 73
     0
 40
0.0
  0
ENDTAB
  0
TABLE
  2
LAYER
  5
2
102
{ACAD_XDICTIONARY
360
1FF
102
}
330
0
100
AcDbSymbolTable
 70
     2
  0
LAYER
  5
10
102
{ACAD_XDICTIONARY
360
13C
102
}
330
2
100
AcDbSymbolTableRecord
100
AcDbLayerTableRecord
  2
0
 70
     0
 62
     7
  6
Continuous
370
    -3
390
F
347
EE
348
0
  0
LAYER
  5
297
330
2
100
AcDbSymbolTableRecord
100
AcDbLayerTableRecord
  2
00 Парки и скверы
 70
     0
 62
   114
420
    43333
430
DIC COLOR GUIDE(R)$DIC 172
  6
Continuous
370
     9
390
F
347
EE
348
0
1001
AcAecLayerStandard
1000

1000

1001
AcCmTransparency
1071
 33554559
  0
ENDTAB
  0
TABLE
  2
STYLE
  5
3
330
0
100
AcDbSymbolTable
 70
     2
  0
STYLE
  5
11
330
3
100
AcDbSymbolTableRecord
100
AcDbTextStyleTableRecord
  2
Standard
 70
     0
 40
0.0
 41
1.0
 50
0.0
 71
     0
 42
2.5
  3
arial.ttf
  4

1001
ACAD
1000
Arial
1071
       34
  0
STYLE
  5
132
330
3
100
AcDbSymbolTableRecord
100
AcDbTextStyleTableRecord
  2
Аннотативный
 70
     0
 40
0.0
 41
1.0
 50
0.0
 71
     0
 42
2.5
  3
arial.ttf
  4

1001
AcadAnnotative
1000
AnnotativeData
1002
{
1070
     1
1070
     1
1002
}
1001
ACAD
1000
Arial
1071
       34
  0
ENDTAB
  0
TABLE
  2
VIEW
  5
6
330
0
100
AcDbSymbolTable
 70
     0
  0
ENDTAB
  0
TABLE
  2
UCS
  5
7
330
0
100
AcDbSymbolTable
 70
     0
  0
ENDTAB
  0
TABLE
  2
APPID
  5
9
330
0
100
AcDbSymbolTable
 70
    12
  0
APPID
  5
12
330
9
100
AcDbSymbolTableRecord
100
AcDbRegAppTableRecord
  2
ACAD
 70
     0
  0
APPID
  5
9E
330
9
100
AcDbSymbolTableRecord
100
AcDbRegAppTableRecord
  2
ACAD_PSEXT
 70
     0
  0
APPID
  5
133
330
9
100
AcDbSymbolTableRecord
100
AcDbRegAppTableRecord
  2
AcadAnnoPO
 70
     0
  0
APPID
  5
134
330
9
100
AcDbSymbolTableRecord
100
AcDbRegAppTableRecord
  2
AcadAnnotative
 70
     0
  0
APPID
  5
135
330
9
100
AcDbSymbolTableRecord
100
AcDbRegAppTableRecord
  2
ACAD_DSTYLE_DIMJAG
 70
     0
  0
APPID
  5
136
330
9
100
AcDbSymbolTableRecord
100
AcDbRegAppTableRecord
  2
ACAD_DSTYLE_DIMTALN
 70
     0
  0
APPID
  5
165
330
9
100
AcDbSymbolTableRecord
100
AcDbRegAppTableRecord
  2
ACAD_MLEADERVER
 70
     0
  0
APPID
  5
217
330
9
100
AcDbSymbolTableRecord
100
AcDbRegAppTableRecord
  2
ACAD_NAV_VCDISPLAY
 70
     0
  0
APPID
  5
298
330
9
100
AcDbSymbolTableRecord
100
AcDbRegAppTableRecord
  2
AcAecLayerStandard
 70
     0
  0
APPID
  5
299
330
9
100
AcDbSymbolTableRecord
100
AcDbRegAppTableRecord
  2
AcCmTransparency
 70
     0
  0
APPID
  5
29A
330
9
100
AcDbSymbolTableRecord
100
AcDbRegAppTableRecord
  2
GradientColor1ACI
 70
     0
  0
APPID
  5
29B
330
9
100
AcDbSymbolTableRecord
100
AcDbRegAppTableRecord
  2
GradientColor2ACI
 70
     0
  0
ENDTAB
  0
TABLE
  2
DIMSTYLE
  5
A
330
0
100
AcDbSymbolTable
 70
     3
100
AcDbDimStyleTable
 71
     2
340
27
340
137
  0
DIMSTYLE
105
1B0
330
A
100
AcDbSymbolTableRecord
100
AcDbDimStyleTableRecord
  2
Standard
 70
     0
340
11
  0
DIMSTYLE
105
137
330
A
100
AcDbSymbolTableRecord
100
AcDbDimStyleTableRecord
  2
Аннотативный
 70
     0
 40
0.0
 41
2.5
 42
0.625
 43
3.75
 44
1.25
 73
     0
 74
     0
 77
     1
 78
     8
140
2.5
141
2.5
143
0.03937007874016
147
0.625
171
     3
172
     1
271
     2
272
     2
274
     3
278
    44
283
     0
284
     8
340
11
1001
AcadAnnotative
1000
AnnotativeData
1002
{
1070
     1
1070
     1
1002
}
1001
ACAD_DSTYLE_DIMJAG
1070
   388
1040
1.5
1001
ACAD_DSTYLE_DIMTALN
1070
   392
1070
     0
  0
DIMSTYLE
105
27
330
A
100
AcDbSymbolTableRecord
100
AcDbDimStyleTableRecord
  2
ISO-25
 70
     0
 41
2.5
 42
0.625
 43
3.75
 44
1.25
 73
     0
 74
     0
 77
     1
 78
     8
140
2.5
141
2.5
143
0.03937007874016
147
0.625
171
     3
172
     1
271
     2
272
     2
274
     3
278
    44
283
     0
284
     8
340
11
  0
ENDTAB
  0
TABLE
  2
BLOCK_RECORD
  5
1
330
0
100
AcDbSymbolTable
 70
     1
  0
BLOCK_RECORD
  5
1F
102
{ACAD_XDICTIONARY
360
1CE
102
}
330
1
100
AcDbSymbolTableRecord
100
AcDbBlockTableRecord
  2
*Model_Space
340
22
 70
     0
280
     1
281
     0
  0
BLOCK_RECORD
  5
D2
330
1
100
AcDbSymbolTableRecord
100
AcDbBlockTableRecord
  2
*Paper_Space
340
D3
 70
     0
280
     1
281
     0
  0
BLOCK_RECORD
  5
D6
330
1
100
AcDbSymbolTableRecord
100
AcDbBlockTableRecord
  2
*Paper_Space0
340
D7
 70
     0
280
     1
281
     0
  0
ENDTAB
  0
ENDSEC
  0
SECTION
  2
BLOCKS
  0
BLOCK
  5
20
330
1F
100
AcDbEntity
  8
0
100
AcDbBlockBegin
  2
*Model_Space
 70
     0
 10
0.0
 20
0.0
 30
0.0
  3
*Model_Space
  1

  0
ENDBLK
  5
21
330
1F
100
AcDbEntity
  8
0
100
AcDbBlockEnd
  0
BLOCK
  5
D4
330
D2
100
AcDbEntity
 67
     1
  8
0
100
AcDbBlockBegin
  2
*Paper_Space
 70
     0
 10
0.0
 20
0.0
 30
0.0
  3
*Paper_Space
  1

  0
ENDBLK
  5
D5
330
D2
100
AcDbEntity
 67
     1
  8
0
100
AcDbBlockEnd
  0
BLOCK
  5
D8
330
D6
100
AcDbEntity
 67
     1
  8
0
100
AcDbBlockBegin
  2
*Paper_Space0
 70
     0
 10
0.0
 20
0.0
 30
0.0
  3
*Paper_Space0
  1

  0
ENDBLK
  5
D9
330
D6
100
AcDbEntity
 67
     1
  8
0
100
AcDbBlockEnd
  0
ENDSEC
  0
SECTION
  2
ENTITIES
  0
HATCH
  5
2D1
330
1F
100
AcDbEntity
  8
00 Парки и скверы
100
AcDbHatch
 10
0.0
 20
0.0
 30
0.0
210
0.0
220
0.0
230
1.0
  2
SOLID
 70
     1
 71
     0
 91
        1
 92
        1
 93
       13
 72
     1
 10
25848.07614484976
 20
41962.66557504808
 11
25839.74707388582
 21
41929.14445520553
 72
     1
 10
25839.74707388582
 20
41929.14445520553
 11
25831.81744218135
 21
41902.60165598205
 72
     1
 10
25831.81744218135
 20
41902.60165598205
 11
25847.44102536328
 21
41898.8001338155
 72
     1
 10
25847.44102536328
 20
41898.8001338155
 11
25855.16281726285
 21
41925.66808693352
 72
     1
 10
25855.16281726285
 20
41925.66808693352
 11
25891.15696614012
 21
41916.89983262192
 72
     1
 10
25891.15696614012
 20
41916.89983262192
 11
25909.04738034242
 21
41911.14991090509
 72
     1
 10
25909.04738034242
 20
41911.14991090509
 11
25917.68098487857
 21
41908.50632520417
 72
     1
 10
25917.68098487857
 20
41908.50632520417
 11
25924.74269385332
 21
41934.43751629796
 72
     1
 10
25924.74269385332
 20
41934.43751629796
 11
25897.51150544319
 21
41942.44447738586
 72
     1
 10
25897.51150544319
 20
41942.44447738586
 11
25889.16893174325
 21
41945.68943273419
 72
     1
 10
25889.16893174325
 20
41945.68943273419
 11
25866.37479433552
 21
41953.81485047609
 72
     1
 10
25866.37479433552
 20
41953.81485047609
 11
25864.70797620727
 21
41956.29962480034
 72
     1
 10
25864.70797620727
 20
41956.29962480034
 11
25848.07614484976
 21
41962.66557504808
 97
        0
 75
     1
 76
     1
 98
        1
 10
25897.16873309779
 20
41969.97316156304
450
        0
451
        0
460
0.0
461
0.0
452
        0
462
1.0
453
        2
463
0.0
 63
     5
421
      255
463
1.0
 63
     2
421
 16776960
470
LINEAR
1001
GradientColor1ACI
1070
     5
1001
GradientColor2ACI
1070
     2
1001
ACAD
1010
0.0
1020
0.0
1030
0.0
  0
HATCH
  5
2D2
330
1F
100
AcDbEntity
  8
00 Парки и скверы
100
AcDbHatch
 10
0.0
 20
0.0
 30
0.0
210
0.0
220
0.0
230
1.0
  2
SOLID
 70
     1
 71
     0
 91
        1
 92
        1
 93
       32
 72
     1
 10
24357.81426999309
 20
40390.32770442068
 11
24364.02810500871
 21
40387.76096774724
 72
     1
 10
24364.02810500871
 20
40387.76096774724
 11
24363.56443647271
 21
40386.32867417433
 72
     1
 10
24363.56443647271
 20
40386.32867417433
 11
24365.23996595508
 21
40385.55986937105
 72
     1
 10
24365.23996595508
 20
40385.55986937105
 11
24366.10407549945
 21
40385.33870644784
 72
     1
 10
24366.10407549945
 20
40385.33870644784
 11
24366.53910576245
 21
40385.72239740289
 72
     1
 10
24366.53910576245
 20
40385.72239740289
 11
24366.88503213801
 21
40386.50443800276
 72
     1
 10
24366.88503213801
 20
40386.50443800276
 11
24380.07195949585
 21
40380.67135723131
 72
     1
 10
24380.07195949585
 20
40380.67135723131
 11
24371.22698532982
 21
40369.87614487345
 72
     1
 10
24371.22698532982
 20
40369.87614487345
 11
24358.42588321374
 21
40354.84965928388
 72
     1
 10
24358.42588321374
 20
40354.84965928388
 11
24353.05645330545
 21
40348.72922923963
 72
     1
 10
24353.05645330545
 20
40348.72922923963
 11
24352.78300216229
 21
40348.43393253992
 72
     1
 10
24352.78300216229
 20
40348.43393253992
 11
24352.47476196891
 21
40348.17515918009
 72
     1
 10
24352.47476196891
 20
40348.17515918009
 11
24352.13657440732
 21
40347.95697384203
 72
     1
 10
24352.13657440732
 20
40347.95697384203
 11
24351.77375155772
 21
40347.78280367132
 72
     1
 10
24351.77375155772
 20
40347.78280367132
 11
24351.39199245901
 21
40347.65538444543
 72
     1
 10
24351.39199245901
 20
40347.65538444543
 11
24350.99729359122
 21
40347.57671760152
 72
     1
 10
24350.99729359122
 20
40347.57671760152
 11
24350.59585468574
 21
40347.54803879883
 72
     1
 10
24350.59585468574
 20
40347.54803879883
 11
24350.19398134306
 21
40347.56979850955
 72
     1
 10
24350.19398134306
 20
40347.56979850955
 11
24349.79798598764
 21
40347.64165494311
 72
     1
 10
24349.79798598764
 20
40347.64165494311
 11
24349.41408871543
 21
40347.76247941477
 72
     1
 10
24349.41408871543
 20
40347.76247941477
 11
24349.04831959179
 21
40347.93037407447
 72
     1
 10
24349.04831959179
 20
40347.93037407447
 11
24348.70642393423
 21
40348.1427017173
 72
     1
 10
24348.70642393423
 20
40348.1427017173
 11
24348.39377206787
 21
40348.39612720737
 72
     1
 10
24348.39377206787
 20
40348.39612720737
 11
24348.11527497103
 21
40348.68666986452
 72
     1
 10
24348.11527497103
 20
40348.68666986452
 11
24347.87530713612
 21
40349.00976599072
 72
     1
 10
24347.87530713612
 20
40349.00976599072
 11
24347.67763785724
 21
40349.36034055448
 72
     1
 10
24347.67763785724
 20
40349.36034055448
 11
24347.52537202405
 21
40349.73288690677
 72
     1
 10
24347.52537202405
 20
40349.73288690677
 11
24347.42090135172
 21
40350.12155327678
 72
     1
 10
24347.42090135172
 20
40350.12155327678
 11
24347.39680531015
 21
40351.8909658784
 72
     1
 10
24347.39680531015
 20
40351.8909658784
 11
24348.99635623522
 21
40368.4101748985
 72
     1
 10
24348.99635623522
 20
40368.4101748985
 11
24351.66328274214
 21
40393.00512589824
 72
     1
 10
24351.66328274214
 20
40393.00512589824
 11
24357.81426999309
 21
40390.32770442068
 97
        0
 75
     1
 76
     1
 98
        1
 10
0.0
 20
0.0
450
        0
451
        0
460
0.0
461
0.0
452
        0
462
0.0
453
        2
463
0.0
 63
     5
421
      255
463
1.0
 63
     2
421
 16776960
470
LINEAR
1001
GradientColor1ACI
1070
     5
1001
GradientColor2ACI
1070
     2
1001
ACAD
1010
0.0
1020
0.0
1030
0.0
  0
HATCH
  5
2D3
330
1F
100
AcDbEntity
  8
00 Парки и скверы
100
AcDbHatch
 10
0.0
 20
0.0
 30
0.0
210
0.0
220
0.0
230
1.0
  2
SOLID
 70
     1
 71
     0
 91
        1
 92
        1
 93
       18
 72
     1
 10
25690.12583086542
 20
41887.2397368784
 11
25669.36680736343
 21
41805.53256752502
 72
     1
 10
25669.36680736343
 20
41805.53256752502
 11
25672.30377002839
 21
41803.58115569688
 72
     1
 10
25672.30377002839
 20
41803.58115569688
 11
25673.55835738579
 21
41803.00617619173
 72
     1
 10
25673.55835738579
 20
41803.00617619173
 11
25697.91775682575
 21
41796.63191935915
 72
     1
 10
25697.91775682575
 20
41796.63191935915
 11
25700.8787720742
 21
41807.4643997501
 72
     1
 10
25700.8787720742
 20
41807.4643997501
 11
25717.29733203207
 21
41871.54425951879
 72
     1
 10
25717.29733203207
 20
41871.54425951879
 11
25719.28043479342
 21
41879.3904773255
 72
     1
 10
25719.28043479342
 20
41879.3904773255
 11
25739.01451238
 21
41874.22976237
 72
     1
 10
25739.01451238
 20
41874.22976237
 11
25737.30546478771
 21
41867.8112793264
 72
     1
 10
25737.30546478771
 20
41867.8112793264
 11
25742.01460965
 21
41861.82372446
 72
     1
 10
25742.01460965
 20
41861.82372446
 11
25744.95785778579
 21
41872.86183296548
 72
     1
 10
25744.95785778579
 20
41872.86183296548
 11
25751.87890590157
 21
41901.17687335108
 72
     1
 10
25751.87890590157
 20
41901.17687335108
 11
25757.70887869242
 21
41919.27215843019
 72
     1
 10
25757.70887869242
 20
41919.27215843019
 11
25731.12527340336
 21
41925.83092775309
 72
     1
 10
25731.12527340336
 20
41925.83092775309
 11
25728.94615351051
 21
41924.0467415837
 72
     1
 10
25728.94615351051
 20
41924.0467415837
 11
25723.41277209245
 21
41919.56690686502
 72
     1
 10
25723.41277209245
 20
41919.56690686502
 11
25698.70849863161
 21
41924.73116826255
 72
     1
 10
25698.70849863161
 20
41924.73116826255
 11
25690.12583086542
 21
41887.2397368784
 97
        0
 75
     1
 76
     1
 98
        1
 10
25745.51786316412
 20
41895.64065640148
450
        0
451
        0
460
0.0
461
0.0
452
        0
462
1.0
453
        2
463
0.0
 63
     5
421
      255
463
1.0
 63
     2
421
 16776960
470
LINEAR
1001
GradientColor1ACI
1070
     5
1001
GradientColor2ACI
1070
     2
1001
ACAD
1010
0.0
1020
0.0
1030
0.0
  0
HATCH
  5
2D4
330
1F
100
AcDbEntity
  8
00 Парки и скверы
100
AcDbHatch
 10
0.0
 20
0.0
 30
0.0
210
0.0
220
0.0
230
1.0
  2
SOLID
 70
     1
 71
     0
 91
        1
 92
        1
 93
       42
 72
     1
 10
25504.78207786692
 20
42292.14915101558
 11
25478.62535605052
 21
42259.21127458741
 72
     1
 10
25478.62535605052
 20
42259.21127458741
 11
25478.3593393131
 21
42259.41297249509
 72
     1
 10
25478.3593393131
 20
42259.41297249509
 11
25462.36235851006
 21
42236.80734367466
 72
     1
 10
25462.36235851006
 20
42236.80734367466
 11
25460.18169901713
 21
42232.90921625595
 72
     1
 10
25460.18169901713
 20
42232.90921625595
 11
25457.69636724475
 21
42227.50546751872
 72
     1
 10
25457.69636724475
 20
42227.50546751872
 11
25455.61878322298
 21
42221.43663133474
 72
     1
 10
25455.61878322298
 20
42221.43663133474
 11
25452.72433231528
 21
42209.88612068141
 72
     1
 10
25452.72433231528
 20
42209.88612068141
 11
25451.98081856401
 21
42205.7528340763
 72
     1
 10
25451.98081856401
 20
42205.7528340763
 11
25451.38452136469
 21
42201.65554370546
 72
     2
 10
25472.72670298343
 20
42198.85801256207
 40
21.52475079404377
 50
172.5322505755118
 51
189.2066856193439
 73
     1
 72
     1
 10
25451.47924258638
 20
42195.41413053425
 11
25452.14031379285
 21
42191.61033012115
 72
     1
 10
25452.14031379285
 20
42191.61033012115
 11
25453.24418279123
 21
42187.80652970806
 72
     1
 10
25453.24418279123
 20
42187.80652970806
 11
25457.23427438916
 21
42178.97062762835
 72
     1
 10
25457.23427438916
 20
42178.97062762835
 11
25487.64415584759
 21
42101.32063526817
 72
     1
 10
25487.64415584759
 20
42101.32063526817
 11
25489.55886401778
 21
42101.5808725063
 72
     1
 10
25489.55886401778
 20
42101.5808725063
 11
25492.09200289835
 21
42103.365363508
 72
     1
 10
25492.09200289835
 20
42103.365363508
 11
25494.73501201755
 21
42105.869118107
 72
     1
 10
25494.73501201755
 20
42105.869118107
 11
25496.63514523882
 21
42108.69105429553
 72
     1
 10
25496.63514523882
 20
42108.69105429553
 11
25497.96765276862
 21
42111.61854968893
 72
     1
 10
25497.96765276862
 20
42111.61854968893
 11
25498.51394226571
 21
42114.2755609823
 72
     1
 10
25498.51394226571
 20
42114.2755609823
 11
25498.62795855108
 21
42117.07449131312
 72
     1
 10
25498.62795855108
 20
42117.07449131312
 11
25498.30361012529
 21
42120.93833503157
 72
     1
 10
25498.30361012529
 20
42120.93833503157
 11
25497.61960809107
 21
42123.91023900232
 72
     1
 10
25497.61960809107
 20
42123.91023900232
 11
25496.87625380313
 21
42125.58340280751
 72
     2
 10
25525.55802089068
 20
42157.65457818244
 40
43.02562089260864
 50
131.8067771783471
 51
178.6170340725793
 73
     0
 72
     1
 10
25482.54493296118
 20
42156.61615632066
 11
25477.17258127257
 21
42187.6489098338
 72
     1
 10
25477.17258127257
 20
42187.6489098338
 11
25476.95536031603
 21
42190.11361066718
 72
     1
 10
25476.95536031603
 20
42190.11361066718
 11
25477.16036638103
 21
42195.55343827464
 72
     1
 10
25477.16036638103
 20
42195.55343827464
 11
25477.79764565774
 21
42198.96265186822
 72
     1
 10
25477.79764565774
 20
42198.96265186822
 11
25478.69284093439
 21
42201.94653805651
 72
     1
 10
25478.69284093439
 20
42201.94653805651
 11
25481.08574933791
 21
42205.85004370533
 72
     1
 10
25481.08574933791
 20
42205.85004370533
 11
25499.57295087598
 21
42231.920362917
 72
     1
 10
25499.57295087598
 20
42231.920362917
 11
25518.80363248876
 21
42258.34990597644
 72
     2
 10
25502.77952981643
 20
42267.12030988948
 40
18.26723436241787
 50
331.3069771614573
 51
354.6111371994657
 73
     1
 72
     1
 10
25520.96602736233
 20
42265.40474634815
 11
25520.95118760743
 21
42266.79970744775
 72
     1
 10
25520.95118760743
 20
42266.79970744775
 11
25520.65706794436
 21
42268.42806649138
 72
     1
 10
25520.65706794436
 20
42268.42806649138
 11
25512.53362197447
 21
42290.97235432471
 72
     1
 10
25512.53362197447
 20
42290.97235432471
 11
25511.66428344354
 21
42292.3416853412
 72
     1
 10
25511.66428344354
 20
42292.3416853412
 11
25509.92560638162
 21
42293.73734215426
 72
     1
 10
25509.92560638162
 20
42293.73734215426
 11
25508.55574717245
 21
42294.39565403747
 72
     1
 10
25508.55574717245
 20
42294.39565403747
 11
25507.396641022
 21
42294.68532128445
 72
     1
 10
25507.396641022
 20
42294.68532128445
 11
25504.78207786692
 21
42292.14915101558
 97
        0
 75
     1
 76
     1
 98
        1
 10
25516.484303222
 20
42214.05577604383
450
        0
451
        0
460
0.0
461
0.0
452
        0
462
1.0
453
        2
463
0.0
 63
     5
421
      255
463
1.0
 63
     2
421
 16776960
470
LINEAR
1001
GradientColor1ACI
1070
     5
1001
GradientColor2ACI
1070
     2
1001
ACAD
1010
0.0
1020
0.0
1030
0.0
  0
HATCH
  5
2D5
330
1F
100
AcDbEntity
  8
00 Парки и скверы
100
AcDbHatch
 10
0.0
 20
0.0
 30
0.0
210
0.0
220
0.0
230
1.0
  2
SOLID
 70
     1
 71
     0
 91
        1
 92
        1
 93
       38
 72
     1
 10
25641.339726
 20
41453.510667
 11
25636.18412366353
 21
41430.84051567742
 72
     1
 10
25636.18412366353
 20
41430.84051567742
 11
25651.10351387
 21
41422.84159268999
 72
     1
 10
25651.10351387
 20
41422.84159268999
 11
25672.01934795
 21
41417.33135916
 72
     1
 10
25672.01934795
 20
41417.33135916
 11
25677.98796559375
 21
41416.16558112617
 72
     1
 10
25677.98796559375
 20
41416.16558112617
 11
25667.22194073286
 21
41400.47444164506
 72
     1
 10
25667.22194073286
 20
41400.47444164506
 11
25671.48324837797
 21
41393.66557996992
 72
     1
 10
25671.48324837797
 20
41393.66557996992
 11
25671.76703529
 21
41383.86492488
 72
     1
 10
25671.76703529
 20
41383.86492488
 11
25661.32054877
 21
41376.91477938999
 72
     1
 10
25661.32054877
 20
41376.91477938999
 11
25655.82693407
 21
41374.06885098
 72
     1
 10
25655.82693407
 20
41374.06885098
 11
25646.17466218
 21
41370.00657281
 72
     1
 10
25646.17466218
 20
41370.00657281
 11
25643.74174348
 21
41371.12382617
 72
     1
 10
25643.74174348
 20
41371.12382617
 11
25651.31675137
 21
41385.81799817
 72
     1
 10
25651.31675137
 20
41385.81799817
 11
25623.17863423
 21
41400.32887104999
 72
     1
 10
25623.17863423
 20
41400.32887104999
 11
25613.93568923
 21
41387.73025015
 72
     1
 10
25613.93568923
 20
41387.73025015
 11
25611.69618961
 21
41385.80451538
 72
     1
 10
25611.69618961
 20
41385.80451538
 11
25609.6038021
 21
41384.99653864999
 72
     1
 10
25609.6038021
 20
41384.99653864999
 11
25595.50012388
 21
41352.10214172
 72
     1
 10
25595.50012388
 20
41352.10214172
 11
25596.10318255
 21
41342.50282312
 72
     1
 10
25596.10318255
 20
41342.50282312
 11
25592.99902094
 21
41335.70028007
 72
     1
 10
25592.99902094
 20
41335.70028007
 11
25591.80121922
 21
41330.61856996
 72
     1
 10
25591.80121922
 20
41330.61856996
 11
25590.39883333
 21
41331.77004812
 72
     1
 10
25590.39883333
 20
41331.77004812
 11
25587.68764312
 21
41349.33171045999
 72
     1
 10
25587.68764312
 20
41349.33171045999
 11
25585.49431419
 21
41351.07530188999
 72
     1
 10
25585.49431419
 20
41351.07530188999
 11
25566.82057201
 21
41356.72121208
 72
     1
 10
25566.82057201
 20
41356.72121208
 11
25564.11409008
 21
41356.95264519999
 72
     1
 10
25564.11409008
 20
41356.95264519999
 11
25561.33660221
 21
41356.46515871
 72
     1
 10
25561.33660221
 20
41356.46515871
 11
25553.76074932
 21
41352.82109694999
 72
     1
 10
25553.76074932
 20
41352.82109694999
 11
25548.82807856
 21
41350.03658099
 72
     1
 10
25548.82807856
 20
41350.03658099
 11
25549.44105997
 21
41353.4972292
 72
     1
 10
25549.44105997
 20
41353.4972292
 11
25554.62282222
 21
41363.40799732
 72
     1
 10
25554.62282222
 20
41363.40799732
 11
25559.08893703
 21
41376.86975289
 72
     1
 10
25559.08893703
 20
41376.86975289
 11
25569.07716124
 21
41406.79712521
 72
     1
 10
25569.07716124
 20
41406.79712521
 11
25574.59447236
 21
41421.64280049
 72
     1
 10
25574.59447236
 20
41421.64280049
 11
25578.47147814
 21
41431.24353783
 72
     1
 10
25578.47147814
 20
41431.24353783
 11
25582.96190743
 21
41436.49484495
 72
     1
 10
25582.96190743
 20
41436.49484495
 11
25618.02786733
 21
41472.13836675
 72
     1
 10
25618.02786733
 20
41472.13836675
 11
25630.4368100922
 21
41460.33744868296
 72
     1
 10
25630.4368100922
 20
41460.33744868296
 11
25641.339726
 21
41453.510667
 97
        0
 75
     1
 76
     1
 98
        2
 10
0.0
 20
0.0
 10
25645.18342412084
 20
41440.97364458172
450
        0
451
        0
460
0.0
461
0.0
452
        0
462
1.0
453
        2
463
0.0
 63
     5
421
      255
463
1.0
 63
     2
421
 16776960
470
LINEAR
1001
GradientColor1ACI
1070
     5
1001
GradientColor2ACI
1070
     2
1001
ACAD
1010
0.0
1020
0.0
1030
0.0
  0
HATCH
  5
2D6
330
1F
100
AcDbEntity
  8
00 Парки и скверы
100
AcDbHatch
 10
0.0
 20
0.0
 30
0.0
210
0.0
220
0.0
230
1.0
  2
SOLID
 70
     1
 71
     0
 91
        1
 92
        1
 93
       18
 72
     1
 10
25370.21792676377
 20
41223.86641154136
 11
25311.19993094443
 21
41186.83348279201
 72
     1
 10
25311.19993094443
 20
41186.83348279201
 11
25250.47599466
 21
41148.88176658998
 72
     1
 10
25250.47599466
 20
41148.88176658998
 11
25234.87530954529
 21
41138.02244132119
 72
     1
 10
25234.87530954529
 20
41138.02244132119
 11
25228.16693896803
 21
41130.39047748618
 72
     1
 10
25228.16693896803
 20
41130.39047748618
 11
25233.73731517015
 21
41122.75851365118
 72
     1
 10
25233.73731517015
 20
41122.75851365118
 11
25238.80694657
 21
41126.74017013
 72
     1
 10
25238.80694657
 20
41126.74017013
 11
25246.96459539
 21
41119.39522433
 72
     1
 10
25246.96459539
 20
41119.39522433
 11
25260.4783098
 21
41127.468444
 72
     1
 10
25260.4783098
 20
41127.468444
 11
25263.84275933
 21
41127.75694569
 72
     1
 10
25263.84275933
 20
41127.75694569
 11
25311.83784974
 21
41158.76256588999
 72
     1
 10
25311.83784974
 20
41158.76256588999
 11
25326.66966677439
 21
41167.55979339121
 72
     1
 10
25326.66966677439
 20
41167.55979339121
 11
25381.98665871397
 21
41202.62284254425
 72
     1
 10
25381.98665871397
 20
41202.62284254425
 11
25416.08875558868
 21
41224.43953823703
 72
     1
 10
25416.08875558868
 20
41224.43953823703
 11
25417.21500935934
 21
41226.05536215517
 72
     1
 10
25417.21500935934
 20
41226.05536215517
 11
25391.96906762146
 21
41227.96985506282
 72
     1
 10
25391.96906762146
 20
41227.96985506282
 11
25380.02413085392
 21
41227.48070121995
 72
     1
 10
25380.02413085392
 20
41227.48070121995
 11
25372.55098461883
 21
41225.00007783487
 72
     1
 10
25372.55098461883
 20
41225.00007783487
 11
25370.21792676377
 21
41223.86641154136
 97
        0
 75
     1
 76
     1
 98
        1
 10
25355.74545578283
 20
41194.6046649666
450
        0
451
        0
460
0.0
461
0.0
452
        0
462
1.0
453
        2
463
0.0
 63
     5
421
      255
463
1.0
 63
     2
421
 16776960
470
LINEAR
1001
GradientColor1ACI
1070
     5
1001
GradientColor2ACI
1070
     2
1001
ACAD
1010
0.0
1020
0.0
1030
0.0
  0
HATCH
  5
2D7
330
1F
100
AcDbEntity
  8
00 Парки и скверы
100
AcDbHatch
 10
0.0
 20
0.0
 30
0.0
210
0.0
220
0.0
230
1.0
  2
SOLID
 70
     1
 71
     0
 91
        1
 92
        1
 93
       16
 72
     1
 10
24895.88345846425
 20
40859.67662635961
 11
24893.89632381
 21
40865.617039
 72
     1
 10
24893.89632381
 20
40865.617039
 11
24872.18497079295
 21
40857.09445433254
 72
     1
 10
24872.18497079295
 20
40857.09445433254
 11
24847.74561159647
 21
40846.98027599533
 72
     1
 10
24847.74561159647
 20
40846.98027599533
 11
24839.15292105476
 21
40844.36802752211
 72
     1
 10
24839.15292105476
 20
40844.36802752211
 11
24801.25758735672
 21
40828.76360234632
 72
     1
 10
24801.25758735672
 20
40828.76360234632
 11
24784.07902873
 21
40819.48747266
 72
     1
 10
24784.07902873
 20
40819.48747266
 11
24768.51116515
 21
40802.32557290499
 72
     1
 10
24768.51116515
 20
40802.32557290499
 11
24794.26374470887
 21
40789.49459182396
 72
     1
 10
24794.26374470887
 20
40789.49459182396
 11
24798.69404845557
 21
40784.94478733961
 72
     1
 10
24798.69404845557
 20
40784.94478733961
 11
24801.79198636659
 21
40781.10313883768
 72
     1
 10
24801.79198636659
 20
40781.10313883768
 11
24807.00128424
 21
40777.80614993
 72
     1
 10
24807.00128424
 20
40777.80614993
 11
24816.45510039207
 21
40772.29670714711
 72
     1
 10
24816.45510039207
 20
40772.29670714711
 11
24819.56969828
 21
40769.85368366
 72
     1
 10
24819.56969828
 20
40769.85368366
 11
24851.80041595389
 21
40802.33994087371
 72
     1
 10
24851.80041595389
 20
40802.33994087371
 11
24900.02499249
 21
40849.19305146
 72
     1
 10
24900.02499249
 20
40849.19305146
 11
24895.88345846425
 21
40859.67662635961
 97
        0
 75
     1
 76
     1
 98
        1
 10
24878.23567241792
 20
40823.57889878057
450
        0
451
        0
460
0.0
461
0.0
452
        0
462
1.0
453
        2
463
0.0
 63
     5
421
      255
463
1.0
 63
     2
421
 16776960
470
LINEAR
1001
GradientColor1ACI
1070
     5
1001
GradientColor2ACI
1070
     2
1001
ACAD
1010
0.0
1020
0.0
1030
0.0
  0
HATCH
  5
2D8
330
1F
100
AcDbEntity
  8
00 Парки и скверы
100
AcDbHatch
 10
0.0
 20
0.0
 30
12.5
210
0.0
220
0.0
230
1.0
  2
SOLID
 70
     1
 71
     0
 91
        1
 92
        1
 93
       20
 72
     1
 10
24656.07583704447
 20
40666.41050467407
 11
24623.20344094
 21
40625.8577059
 72
     2
 10
24663.22945600927
 20
40620.9892994529
 40
40.32100276108752
 50
173.0651184753366
 51
185.87764439098
 73
     1
 72
     1
 10
24623.12042685272
 20
40616.86025067881
 11
24624.99288274398
 21
40611.88534558226
 72
     1
 10
24624.99288274398
 20
40611.88534558226
 11
24627.25009944921
 21
40609.22642450297
 72
     1
 10
24627.25009944921
 20
40609.22642450297
 11
24633.4133577
 21
40609.51124412
 72
     1
 10
24633.4133577
 20
40609.51124412
 11
24640.71816003108
 21
40615.28706790085
 72
     1
 10
24640.71816003108
 20
40615.28706790085
 11
24696.45668106265
 21
40661.45705322869
 72
     1
 10
24696.45668106265
 20
40661.45705322869
 11
24732.80294082792
 21
40692.81820161417
 72
     1
 10
24732.80294082792
 20
40692.81820161417
 11
24771.260668
 21
40727.15227199999
 72
     1
 10
24771.260668
 20
40727.15227199999
 11
24780.07344618
 21
40734.84784424
 72
     1
 10
24780.07344618
 20
40734.84784424
 11
24775.75828839
 21
40738.43393367998
 72
     1
 10
24775.75828839
 20
40738.43393367998
 11
24768.80244279
 21
40738.71040584998
 72
     1
 10
24768.80244279
 20
40738.71040584998
 11
24755.07351017
 21
40725.07039426
 72
     1
 10
24755.07351017
 20
40725.07039426
 11
24741.57253
 21
40716.06244099999
 72
     1
 10
24741.57253
 20
40716.06244099999
 11
24738.462143
 21
40715.83178399999
 72
     1
 10
24738.462143
 20
40715.83178399999
 11
24732.57112749152
 21
40723.25612976154
 72
     1
 10
24732.57112749152
 20
40723.25612976154
 11
24715.559028
 21
40737.70474399999
 72
     1
 10
24715.559028
 20
40737.70474399999
 11
24678.543022
 21
40695.58184199999
 72
     1
 10
24678.543022
 20
40695.58184199999
 11
24670.53437600866
 21
40684.97756903154
 72
     1
 10
24670.53437600866
 20
40684.97756903154
 11
24656.07583704447
 21
40666.41050467407
 97
        0
 75
     1
 76
     1
 98
        1
 10
24708.14848789903
 20
40682.36742113155
450
        0
451
        0
460
0.0
461
0.0
452
        0
462
1.0
453
        2
463
0.0
 63
     5
421
      255
463
1.0
 63
     2
421
 16776960
470
LINEAR
1001
GradientColor1ACI
1070
     5
1001
GradientColor2ACI
1070
     2
1001
ACAD
1010
0.0
1020
0.0
1030
0.0
  0
HATCH
  5
2D9
330
1F
100
AcDbEntity
  8
00 Парки и скверы
100
AcDbHatch
 10
0.0
 20
0.0
 30
0.0
210
0.0
220
0.0
230
1.0
  2
SOLID
 70
     1
 71
     0
 91
        1
 92
        1
 93
       21
 72
     1
 10
23964.7227291436
 20
38972.94187728549
 11
23962.81804299
 21
38964.37380084
 72
     1
 10
23962.81804299
 20
38964.37380084
 11
23963.10897478
 21
38957.89926442
 72
     1
 10
23963.10897478
 20
38957.89926442
 11
23982.9256133285
 21
38935.9910206105
 72
     1
 10
23982.9256133285
 20
38935.9910206105
 11
23989.3524223
 21
38929.34732151002
 72
     1
 10
23989.3524223
 20
38929.34732151002
 11
24000.0
 21
38922.54921406267
 72
     2
 10
24011.17713857381
 20
38616.47117767232
 40
306.2820477717697
 50
267.9086430350833
 51
270.8738172498982
 73
     0
 72
     1
 10
24015.84806135559
 20
38922.71760665988
 11
24052.39581348662
 21
38922.87427441657
 72
     1
 10
24052.39581348662
 20
38922.87427441657
 11
24064.21827849
 21
38923.13166582
 72
     1
 10
24064.21827849
 20
38923.13166582
 11
24069.01195277
 21
38925.32834256
 72
     1
 10
24069.01195277
 20
38925.32834256
 11
24072.80170123
 21
38931.1904279
 72
     1
 10
24072.80170123
 20
38931.1904279
 11
24071.98474837
 21
38941.19305664
 72
     1
 10
24071.98474837
 20
38941.19305664
 11
24055.96016792314
 21
38957.96684248604
 72
     1
 10
24055.96016792314
 20
38957.96684248604
 11
24045.41990197
 21
38968.99990288
 72
     1
 10
24045.41990197
 20
38968.99990288
 11
24043.6237652
 21
38969.90739872
 72
     1
 10
24043.6237652
 20
38969.90739872
 11
24033.57420867191
 21
38970.39910129215
 72
     1
 10
24033.57420867191
 20
38970.39910129215
 11
24029.12053004481
 21
38970.61700993622
 72
     1
 10
24029.12053004481
 20
38970.61700993622
 11
24019.30327046573
 21
38971.0628778057
 72
     1
 10
24019.30327046573
 20
38971.0628778057
 11
24017.67985811007
 21
38971.14100678881
 72
     1
 10
24017.67985811007
 20
38971.14100678881
 11
24001.7806985
 21
38971.866192
 72
     1
 10
24001.7806985
 20
38971.866192
 11
23991.43519934023
 21
38972.43892142514
 72
     1
 10
23991.43519934023
 20
38972.43892142514
 11
23964.7227291436
 21
38972.94187728549
 97
        0
 75
     1
 76
     1
 98
        1
 10
24066.97702360149
 20
38972.14309785893
450
        0
451
        0
460
0.0
461
0.0
452
        0
462
1.0
453
        2
463
0.0
 63
     5
421
      255
463
1.0
 63
     2
421
 16776960
470
LINEAR
1001
GradientColor1ACI
1070
     5
1001
GradientColor2ACI
1070
     2
1001
ACAD
1010
0.0
1020
0.0
1030
0.0
  0
HATCH
  5
2DA
330
1F
100
AcDbEntity
  8
00 Парки и скверы
440
 33554559
370
    30
100
AcDbHatch
 10
0.0
 20
0.0
 30
0.0
210
0.0
220
0.0
230
1.0
  2
SOLID
 70
     1
 71
     0
 91
        1
 92
        1
 93
        4
 72
     1
 10
21949.44010167133
 20
38057.09627761105
 11
21935.44010167133
 21
38057.09627761105
 72
     1
 10
21935.44010167133
 20
38057.09627761105
 11
21935.44010167133
 21
38053.09627761106
 72
     1
 10
21935.44010167133
 20
38053.09627761106
 11
21949.44010167133
 21
38053.09627761106
 72
     1
 10
21949.44010167133
 20
38053.09627761106
 11
21949.44010167133
 21
38057.09627761105
 97
        0
 75
     1
 76
     1
 98
        1
 10
-4535.075598902404
 20
-3372.041063788259
450
        0
451
        0
460
0.0
461
0.0
452
        0
462
1.0
453
        2
463
0.0
 63
     5
421
      255
463
1.0
 63
     2
421
 16776960
470
LINEAR
1001
GradientColor1ACI
1070
     5
1001
GradientColor2ACI
1070
     2
1001
ACAD
1010
0.0
1020
0.0
1030
0.0
  0
HATCH
  5
2DB
330
1F
100
AcDbEntity
  8
00 Парки и скверы
100
AcDbHatch
 10
0.0
 20
0.0
 30
0.0
210
0.0
220
0.0
230
1.0
  2
SOLID
 70
     1
 71
     0
 91
        1
 92
        1
 93
        7
 72
     1
 10
26834.22297058815
 20
42245.28101724637
 11
26820.5110316983
 21
42192.04743407332
 72
     1
 10
26820.5110316983
 20
42192.04743407332
 11
26759.78082071969
 21
42206.54016712602
 72
     1
 10
26759.78082071969
 20
42206.54016712602
 11
26750.00000014724
 21
42176.13856126856
 72
     1
 10
26750.00000014724
 20
42176.13856126856
 11
26886.77112016894
 21
42129.2374518842
 72
     1
 10
26886.77112016894
 20
42129.2374518842
 11
26906.48290392674
 21
42215.20578895376
 72
     1
 10
26906.48290392674
 20
42215.20578895376
 11
26902.3897381677
 21
42227.65859602536
 72
     1
 10
26902.3897381677
 20
42227.65859602536
 11
26834.22297058815
 21
42245.28101724637
 97
        0
 75
     1
 76
     1
 98
        1
 10
26859.75888388564
 20
42173.92029671839
450
        0
451
        0
460
0.0
461
0.0
452
        0
462
1.0
453
        2
463
0.0
 63
     5
421
      255
463
1.0
 63
     2
421
 16776960
470
LINEAR
1001
GradientColor1ACI
1070
     5
1001
GradientColor2ACI
1070
     2
1001
ACAD
1010
0.0
1020
0.0
1030
0.0
  0
HATCH
  5
2DC
330
1F
100
AcDbEntity
  8
00 Парки и скверы
100
AcDbHatch
 10
0.0
 20
0.0
 30
0.0
210
0.0
220
0.0
230
1.0
  2
SOLID
 70
     1
 71
     0
 91
        1
 92
        1
 93
        8
 72
     1
 10
26579.3496
 20
42319.6094
 11
26572.74437401122
 21
42321.52570822635
 72
     1
 10
26572.74437401122
 20
42321.52570822635
 11
26568.756
 21
42317.625
 72
     1
 10
26568.756
 20
42317.625
 11
26563.04
 21
42297.78
 72
     2
 10
26569.05080703767
 20
42297.35200611971
 40
6.026025224446555
 50
175.9271815387078
 51
266.0909922644245
 73
     1
 72
     1
 10
26568.64
 20
42291.34
 11
26570.6
 21
42289.14
 72
     1
 10
26570.6
 20
42289.14
 11
26628.50746564319
 21
42274.7088093537
 72
     1
 10
26628.50746564319
 20
42274.7088093537
 11
26636.24000847457
 21
42303.90912936319
 72
     1
 10
26636.24000847457
 20
42303.90912936319
 11
26579.3496
 21
42319.6094
 97
        0
 75
     1
 76
     1
 98
        1
 10
26607.15126016047
 20
42302.08698207191
450
        0
451
        0
460
0.0
461
0.0
452
        0
462
1.0
453
        2
463
0.0
 63
     5
421
      255
463
1.0
 63
     2
421
 16776960
470
LINEAR
1001
GradientColor1ACI
1070
     5
1001
GradientColor2ACI
1070
     2
1001
ACAD
1010
0.0
1020
0.0
1030
0.0
  0
HATCH
  5
2DE
330
1F
100
AcDbEntity
  8
00 Парки и скверы
100
AcDbHatch
 10
0.0
 20
0.0
 30
0.0
210
0.0
220
0.0
230
1.0
  2
SOLID
 70
     1
 71
     0
 91
        1
 92
        1
 93
        5
 72
     1
 10
25926.23116094686
 20
42761.28473594019
 11
25919.98271113671
 21
42756.80862970181
 72
     1
 10
25919.98271113671
 20
42756.80862970181
 11
25910.92154679629
 21
42726.5135408307
 72
     1
 10
25910.92154679629
 20
42726.5135408307
 11
25991.32888712118
 21
42703.74419214713
 72
     1
 10
25991.32888712118
 20
42703.74419214713
 11
26000.00000119236
 21
42740.80452334146
 72
     1
 10
26000.00000119236
 20
42740.80452334146
 11
25926.23116094686
 21
42761.28473594019
 97
        0
 75
     1
 76
     1
 98
        1
 10
25967.37004159165
 20
42730.97613557365
450
        0
451
        0
460
0.0
461
0.0
452
        0
462
1.0
453
        2
463
0.0
 63
     5
421
      255
463
1.0
 63
     2
421
 16776960
470
LINEAR
1001
GradientColor1ACI
1070
     5
1001
GradientColor2ACI
1070
     2
1001
ACAD
1010
0.0
1020
0.0
1030
0.0
  0
HATCH
  5
2DF
330
1F
100
AcDbEntity
  8
00 Парки и скверы
100
AcDbHatch
 10
0.0
 20
0.0
 30
6.599099999999999
210
0.0
220
0.0
230
1.0
  2
SOLID
 70
     1
 71
     0
 91
        1
 92
        1
 93
       47
 72
     1
 10
25700.85890264324
 20
42731.3948905193
 11
25666.97525131
 21
42786.76080684998
 72
     1
 10
25666.97525131
 20
42786.76080684998
 11
25654.6589787237
 21
42814.35471176337
 72
     1
 10
25654.6589787237
 20
42814.35471176337
 11
25635.42678836351
 21
42815.73245427646
 72
     1
 10
25635.42678836351
 20
42815.73245427646
 11
25539.70105026807
 21
42949.84128960662
 72
     1
 10
25539.70105026807
 20
42949.84128960662
 11
25525.77107103942
 21
42939.3943160008
 72
     1
 10
25525.77107103942
 20
42939.3943160008
 11
25553.68059095363
 21
42902.10139593799
 72
     1
 10
25553.68059095363
 20
42902.10139593799
 11
25531.2185837978
 21
42884.72812078952
 72
     1
 10
25531.2185837978
 20
42884.72812078952
 11
25603.90452681394
 21
42820.69595288588
 72
     1
 10
25603.90452681394
 20
42820.69595288588
 11
25619.20833768252
 21
42795.95246391484
 72
     1
 10
25619.20833768252
 20
42795.95246391484
 11
25635.29480586306
 21
42780.35910500269
 72
     1
 10
25635.29480586306
 20
42780.35910500269
 11
25660.0873734329
 21
42747.98094835957
 72
     1
 10
25660.0873734329
 20
42747.98094835957
 11
25664.99840684861
 21
42728.99445665626
 72
     1
 10
25664.99840684861
 20
42728.99445665626
 11
25677.80978900162
 21
42680.74132948018
 72
     1
 10
25677.80978900162
 20
42680.74132948018
 11
25678.33708430041
 21
42648.86547846956
 72
     1
 10
25678.33708430041
 20
42648.86547846956
 11
25675.44987086207
 21
42616.70751298534
 72
     1
 10
25675.44987086207
 20
42616.70751298534
 11
25665.88703457137
 21
42592.68007164099
 72
     1
 10
25665.88703457137
 20
42592.68007164099
 11
25630.31664781048
 21
42548.98143371431
 72
     1
 10
25630.31664781048
 20
42548.98143371431
 11
25602.53577013088
 21
42537.36437819686
 72
     1
 10
25602.53577013088
 20
42537.36437819686
 11
25484.38401825047
 21
42400.00648199346
 72
     1
 10
25484.38401825047
 20
42400.00648199346
 11
25455.9000175577
 21
42368.11407297042
 72
     1
 10
25455.9000175577
 20
42368.11407297042
 11
25448.16911325546
 21
42354.03527937165
 72
     1
 10
25448.16911325546
 20
42354.03527937165
 11
25436.67354029534
 21
42343.42774559652
 72
     1
 10
25436.67354029534
 20
42343.42774559652
 11
25412.810979723
 21
42327.11108402431
 72
     1
 10
25412.810979723
 20
42327.11108402431
 11
25424.59814329084
 21
42316.75216495551
 72
     1
 10
25424.59814329084
 20
42316.75216495551
 11
25429.11224065609
 21
42321.87765248308
 72
     1
 10
25429.11224065609
 20
42321.87765248308
 11
25459.9181658956
 21
42294.33379779174
 72
     1
 10
25459.9181658956
 20
42294.33379779174
 11
25475.1079397999
 21
42315.75549923466
 72
     1
 10
25475.1079397999
 20
42315.75549923466
 11
25497.97256662569
 21
42338.28721253708
 72
     1
 10
25497.97256662569
 20
42338.28721253708
 11
25508.51867876739
 21
42348.60628121553
 72
     1
 10
25508.51867876739
 20
42348.60628121553
 11
25526.6466964647
 21
42373.73547606435
 72
     1
 10
25526.6466964647
 20
42373.73547606435
 11
25530.45674068129
 21
42385.7520366629
 72
     1
 10
25530.45674068129
 20
42385.7520366629
 11
25547.86455887346
 21
42407.69298487694
 72
     1
 10
25547.86455887346
 20
42407.69298487694
 11
25545.14133427496
 21
42409.83302811696
 72
     1
 10
25545.14133427496
 20
42409.83302811696
 11
25558.72526687
 21
42425.00561416
 72
     1
 10
25558.72526687
 20
42425.00561416
 11
25597.98528501
 21
42462.86485702
 72
     1
 10
25597.98528501
 20
42462.86485702
 11
25611.3938212688
 21
42480.46587225218
 72
     1
 10
25611.3938212688
 20
42480.46587225218
 11
25617.70743009585
 21
42478.79628996245
 72
     1
 10
25617.70743009585
 20
42478.79628996245
 11
25626.7500326363
 21
42490.05146851156
 72
     1
 10
25626.7500326363
 20
42490.05146851156
 11
25625.36107198903
 21
42494.39302335074
 72
     1
 10
25625.36107198903
 20
42494.39302335074
 11
25666.3737519949
 21
42542.07381644665
 72
     1
 10
25666.3737519949
 20
42542.07381644665
 11
25700.50627278
 21
42575.20616357
 72
     1
 10
25700.50627278
 20
42575.20616357
 11
25724.02164241129
 21
42568.17537938435
 72
     1
 10
25724.02164241129
 20
42568.17537938435
 11
25828.58179867293
 21
42540.93249331025
 72
     1
 10
25828.58179867293
 20
42540.93249331025
 11
25840.78786119647
 21
42546.56981008451
 72
     1
 10
25840.78786119647
 20
42546.56981008451
 11
25869.46862533888
 21
42659.71740905824
 72
     1
 10
25869.46862533888
 20
42659.71740905824
 11
25715.89461396369
 21
42698.64184454123
 72
     1
 10
25715.89461396369
 20
42698.64184454123
 11
25700.85890264324
 21
42731.3948905193
 97
        0
 75
     1
 76
     1
 98
        1
 10
25834.16354181504
 20
42638.43551183101
450
        0
451
        0
460
0.0
461
0.0
452
        0
462
1.0
453
        2
463
0.0
 63
     5
421
      255
463
1.0
 63
     2
421
 16776960
470
LINEAR
1001
GradientColor1ACI
1070
     5
1001
GradientColor2ACI
1070
     2
1001
ACAD
1010
0.0
1020
0.0
1030
0.0
  0
HATCH
  5
2E0
330
1F
100
AcDbEntity
  8
00 Парки и скверы
100
AcDbHatch
 10
0.0
 20
0.0
 30
0.0
210
0.0
220
0.0
230
1.0
  2
SOLID
 70
     1
 71
     0
 91
        1
 92
        1
 93
       12
 72
     1
 10
26041.9720994
 20
42370.96561674
 11
26034.95
 21
42342.68
 72
     1
 10
26034.95
 20
42342.68
 11
26037.83
 21
42329.54
 72
     1
 10
26037.83
 20
42329.54
 11
26042.73869317
 21
42323.06349714
 72
     1
 10
26042.73869317
 20
42323.06349714
 11
26045.41025
 21
42332.82065
 72
     1
 10
26045.41025
 20
42332.82065
 11
26054.12637010764
 21
42364.07241658078
 72
     1
 10
26054.12637010764
 20
42364.07241658078
 11
26054.97488499102
 21
42366.97505736683
 72
     1
 10
26054.97488499102
 20
42366.97505736683
 11
26055.3691
 21
42368.9883
 72
     1
 10
26055.3691
 20
42368.9883
 11
26056.1602
 21
42369.9883
 72
     1
 10
26056.1602
 20
42369.9883
 11
26057.48611801413
 21
42375.16579311428
 72
     1
 10
26057.48611801413
 20
42375.16579311428
 11
26045.57048147073
 21
42377.29682212407
 72
     1
 10
26045.57048147073
 20
42377.29682212407
 11
26043.35030783731
 21
42375.57753687812
 72
     1
 10
26043.35030783731
 20
42375.57753687812
 11
26041.9720994
 21
42370.96561674
 97
        0
 75
     1
 76
     1
 98
        1
 10
26076.3936288799
 20
42388.99718069957
450
        0
451
        0
460
0.0
461
0.0
452
        0
462
1.0
453
        2
463
0.0
 63
     5
421
      255
463
1.0
 63
     2
421
 16776960
470
LINEAR
1001
GradientColor1ACI
1070
     5
1001
GradientColor2ACI
1070
     2
1001
ACAD
1010
0.0
1020
0.0
1030
0.0
  0
HATCH
  5
2E1
330
1F
100
AcDbEntity
  8
00 Парки и скверы
100
AcDbHatch
 10
0.0
 20
0.0
 30
0.0
210
0.0
220
0.0
230
1.0
  2
SOLID
 70
     1
 71
     0
 91
        1
 92
        1
 93
       11
 72
     1
 10
25454.69570275664
 20
42126.33759352393
 11
25436.11676515086
 21
42068.8571055803
 72
     1
 10
25436.11676515086
 20
42068.8571055803
 11
25437.34723334259
 21
42066.99785302532
 72
     1
 10
25437.34723334259
 20
42066.99785302532
 11
25438.8910175068
 21
42065.56054455216
 72
     1
 10
25438.8910175068
 20
42065.56054455216
 11
25440.84813070135
 21
42064.24979165787
 72
     1
 10
25440.84813070135
 20
42064.24979165787
 11
25442.36133017542
 21
42063.63888706872
 72
     1
 10
25442.36133017542
 20
42063.63888706872
 11
25465.25873172726
 21
42057.58671860094
 72
     1
 10
25465.25873172726
 20
42057.58671860094
 11
25468.87489554085
 21
42058.07541257489
 72
     1
 10
25468.87489554085
 20
42058.07541257489
 11
25472.15717506948
 21
42059.15108729976
 72
     1
 10
25472.15717506948
 20
42059.15108729976
 11
25468.36156337875
 21
42094.73450472912
 72
     1
 10
25468.36156337875
 20
42094.73450472912
 11
25456.61497950324
 21
42126.92503086072
 72
     1
 10
25456.61497950324
 20
42126.92503086072
 11
25454.69570275664
 21
42126.33759352393
 97
        0
 75
     1
 76
     1
 98
        1
 10
0.0
 20
0.0
450
        0
451
        0
460
0.0
461
0.0
452
        0
462
0.0
453
        2
463
0.0
 63
     5
421
      255
463
1.0
 63
     2
421
 16776960
470
LINEAR
1001
GradientColor1ACI
1070
     5
1001
GradientColor2ACI
1070
     2
1001
ACAD
1010
0.0
1020
0.0
1030
0.0
  0
HATCH
  5
2E2
330
1F
100
AcDbEntity
  8
00 Парки и скверы
100
AcDbHatch
 10
0.0
 20
0.0
 30
0.0
210
0.0
220
0.0
230
1.0
  2
SOLID
 70
     1
 71
     0
 91
        1
 92
        1
 93
        4
 72
     1
 10
21946.91313272155
 20
37800.97085563033
 11
21932.91313272155
 21
37800.97085563033
 72
     1
 10
21932.91313272155
 20
37800.97085563033
 11
21932.91313272155
 21
37795.02875576932
 72
     1
 10
21932.91313272155
 20
37795.02875576932
 11
21946.91313272155
 21
37795.02875576932
 72
     1
 10
21946.91313272155
 20
37795.02875576932
 11
21946.91313272155
 21
37800.97085563033
 97
        0
 75
     1
 76
     1
 98
        1
 10
21940.56601149539
 20
37798.99665838525
450
        0
451
        0
460
0.0
461
0.0
452
        0
462
1.0
453
        2
463
0.0
 63
     5
421
      255
463
1.0
 63
     2
421
 16776960
470
LINEAR
1001
GradientColor1ACI
1070
     5
1001
GradientColor2ACI
1070
     2
1001
ACAD
1010
0.0
1020
0.0
1030
0.0
  0
HATCH
  5
2E3
330
1F
100
AcDbEntity
  8
00 Парки и скверы
100
AcDbHatch
 10
0.0
 20
0.0
 30
0.0
210
0.0
220
0.0
230
1.0
  2
SOLID
 70
     1
 71
     0
 91
        1
 92
        1
 93
       11
 72
     1
 10
27577.66417564723
 20
42457.3034005638
 11
27589.62277088351
 21
42422.94349635445
 72
     1
 10
27589.62277088351
 20
42422.94349635445
 11
27595.07822679689
 21
42424.41821454643
 72
     1
 10
27595.07822679689
 20
42424.41821454643
 11
27608.28161697802
 21
42388.19996796738
 72
     1
 10
27608.28161697802
 20
42388.19996796738
 11
27620.31355808471
 21
42392.54823752145
 72
     1
 10
27620.31355808471
 20
42392.54823752145
 11
27663.87165131547
 21
42408.20562017312
 72
     1
 10
27663.87165131547
 20
42408.20562017312
 11
27659.20943109
 21
42419.80465936
 72
     1
 10
27659.20943109
 20
42419.80465936
 11
27651.44039966003
 21
42429.01364618997
 72
     1
 10
27651.44039966003
 20
42429.01364618997
 11
27641.66222366
 21
42435.01338293
 72
     1
 10
27641.66222366
 20
42435.01338293
 11
27636.37029480575
 21
42437.24271511505
 72
     1
 10
27636.37029480575
 20
42437.24271511505
 11
27617.13723378926
 21
42445.16743692075
 72
     1
 10
27617.13723378926
 20
42445.16743692075
 11
27577.66417564723
 21
42457.3034005638
 97
        0
 75
     1
 76
     1
 98
        1
 10
27661.53388212486
 20
42384.2315807574
450
        0
451
        0
460
0.0
461
0.0
452
        0
462
1.0
453
        2
463
0.0
 63
     5
421
      255
463
1.0
 63
     2
421
 16776960
470
LINEAR
1001
GradientColor1ACI
1070
     5
1001
GradientColor2ACI
1070
     2
1001
ACAD
1010
0.0
1020
0.0
1030
0.0
  0
HATCH
  5
2E4
330
1F
100
AcDbEntity
  8
00 Парки и скверы
100
AcDbHatch
 10
0.0
 20
0.0
 30
0.0
210
0.0
220
0.0
230
1.0
  2
SOLID
 70
     1
 71
     0
 91
        1
 92
        1
 93
       23
 72
     1
 10
26780.24289975
 20
42412.48304865
 11
26779.62030493
 21
42416.2326039
 72
     1
 10
26779.62030493
 20
42416.2326039
 11
26775.85873298
 21
42420.05022027999
 72
     1
 10
26775.85873298
 20
42420.05022027999
 11
26775.33275727
 21
42425.53830692
 72
     1
 10
26775.33275727
 20
42425.53830692
 11
26783.14667652
 21
42433.62871800999
 72
     1
 10
26783.14667652
 20
42433.62871800999
 11
26795.61708271
 21
42441.48783209999
 72
     1
 10
26795.61708271
 20
42441.48783209999
 11
26801.46874143
 21
42438.32821854
 72
     1
 10
26801.46874143
 20
42438.32821854
 11
26812.83470078
 21
42445.24423658
 72
     1
 10
26812.83470078
 20
42445.24423658
 11
26825.5951452
 21
42453.75891276
 72
     1
 10
26825.5951452
 20
42453.75891276
 11
26830.15123422
 21
42461.33919987
 72
     1
 10
26830.15123422
 20
42461.33919987
 11
26788.31022707
 21
42471.73989093
 72
     1
 10
26788.31022707
 20
42471.73989093
 11
26770.43568629
 21
42472.10357079
 72
     1
 10
26770.43568629
 20
42472.10357079
 11
26765.7846242
 21
42475.95480692
 72
     1
 10
26765.7846242
 20
42475.95480692
 11
26750.37463769
 21
42458.980645
 72
     1
 10
26750.37463769
 20
42458.980645
 11
26730.67994595
 21
42458.68218845999
 72
     1
 10
26730.67994595
 20
42458.68218845999
 11
26729.13482409
 21
42445.28576230999
 72
     1
 10
26729.13482409
 20
42445.28576230999
 11
26726.94206096
 21
42435.30927335999
 72
     1
 10
26726.94206096
 20
42435.30927335999
 11
26726.94492155
 21
42425.69916966
 72
     1
 10
26726.94492155
 20
42425.69916966
 11
26730.15058253
 21
42418.23004162
 72
     1
 10
26730.15058253
 20
42418.23004162
 11
26736.15617877
 21
42413.36806035
 72
     1
 10
26736.15617877
 20
42413.36806035
 11
26747.09433313
 21
42410.63057073
 72
     1
 10
26747.09433313
 20
42410.63057073
 11
26756.67403169
 21
42409.9538931
 72
     1
 10
26756.67403169
 20
42409.9538931
 11
26764.09356293
 21
42409.92029337999
 72
     1
 10
26764.09356293
 20
42409.92029337999
 11
26780.24289975
 21
42412.48304865
 97
        0
 75
     1
 76
     1
 98
        1
 10
0.0
 20
0.0
450
        0
451
        0
460
0.0
461
0.0
452
        0
462
0.0
453
        2
463
0.0
 63
     5
421
      255
463
1.0
 63
     2
421
 16776960
470
LINEAR
1001
GradientColor1ACI
1070
     5
1001
GradientColor2ACI
1070
     2
1001
ACAD
1010
0.0
1020
0.0
1030
0.0
  0
HATCH
  5
2E5
330
1F
100
AcDbEntity
  8
00 Парки и скверы
440
 33554559
100
AcDbHatch
 10
0.0
 20
0.0
 30
0.0
210
0.0
220
0.0
230
1.0
  2
SOLID
 70
     1
 71
     0
 91
        1
 92
        1
 93
       10
 72
     1
 10
27939.7158553507
 20
42395.270388934
 11
27999.55684345397
 21
42381.65925898457
 72
     1
 10
27999.55684345397
 20
42381.65925898457
 11
28045.61842786198
 21
42371.71428123062
 72
     1
 10
28045.61842786198
 20
42371.71428123062
 11
28049.3174597037
 21
42372.36995245948
 72
     1
 10
28049.3174597037
 20
42372.36995245948
 11
28050.60176585778
 21
42373.66186341009
 72
     1
 10
28050.60176585778
 20
42373.66186341009
 11
28051.31025427063
 21
42377.22759076209
 72
     1
 10
28051.31025427063
 20
42377.22759076209
 11
28051.3725072024
 21
42381.82434876384
 72
     1
 10
28051.3725072024
 20
42381.82434876384
 11
27976.76563729
 21
42408.38253249
 72
     1
 10
27976.76563729
 20
42408.38253249
 11
27974.46615793843
 21
42413.45281060775
 72
     1
 10
27974.46615793843
 20
42413.45281060775
 11
27937.82195564584
 21
42400.36907952227
 72
     1
 10
27937.82195564584
 20
42400.36907952227
 11
27939.7158553507
 21
42395.270388934
 97
        0
 75
     1
 76
     1
 98
        1
 10
0.0
 20
0.0
450
        0
451
        0
460
0.0
461
0.0
452
        0
462
0.0
453
        2
463
0.0
 63
     5
421
      255
463
1.0
 63
     2
421
 16776960
470
LINEAR
1001
GradientColor1ACI
1070
     5
1001
GradientColor2ACI
1070
     2
1001
ACAD
1010
0.0
1020
0.0
1030
0.0
  0
HATCH
  5
2E6
330
1F
100
AcDbEntity
  8
00 Парки и скверы
440
 33554559
100
AcDbHatch
 10
0.0
 20
0.0
 30
53.6936518582119
210
0.0
220
0.0
230
1.0
  2
SOLID
 70
     1
 71
     0
 91
        1
 92
        1
 93
       23
 72
     1
 10
26958.7493816971
 20
42544.6472240631
 11
26955.82411597257
 21
42535.04349659363
 72
     1
 10
26955.82411597257
 20
42535.04349659363
 11
26953.66601879404
 21
42531.01701779893
 72
     1
 10
26953.66601879404
 20
42531.01701779893
 11
26943.0917365099
 21
42518.32120809438
 72
     1
 10
26943.0917365099
 20
42518.32120809438
 11
26938.90915276
 21
42514.71366454
 72
     1
 10
26938.90915276
 20
42514.71366454
 11
26933.54610231
 21
42516.47578903
 72
     1
 10
26933.54610231
 20
42516.47578903
 11
26919.04290531
 21
42479.69763827
 72
     1
 10
26919.04290531
 20
42479.69763827
 11
26919.87351885
 21
42477.12490593
 72
     1
 10
26919.87351885
 20
42477.12490593
 11
26913.71575767
 21
42459.63908701
 72
     1
 10
26913.71575767
 20
42459.63908701
 11
26911.26963767
 21
42460.54654478
 72
     1
 10
26911.26963767
 20
42460.54654478
 11
26912.80201313
 21
42423.47286909
 72
     1
 10
26912.80201313
 20
42423.47286909
 11
26914.651181201
 21
42417.50896662839
 72
     1
 10
26914.651181201
 20
42417.50896662839
 11
26924.05892241
 21
42411.51044708
 72
     1
 10
26924.05892241
 20
42411.51044708
 11
26925.66169485
 21
42406.46587836
 72
     1
 10
26925.66169485
 20
42406.46587836
 11
26940.92249146
 21
42406.51222263
 72
     1
 10
26940.92249146
 20
42406.51222263
 11
26946.30891814165
 21
42424.0673419551
 72
     1
 10
26946.30891814165
 20
42424.0673419551
 11
26966.82480103242
 21
42506.45484469975
 72
     1
 10
26966.82480103242
 20
42506.45484469975
 11
26971.99000828
 21
42525.20721767
 72
     1
 10
26971.99000828
 20
42525.20721767
 11
26972.02895585484
 21
42528.72079000496
 72
     1
 10
26972.02895585484
 20
42528.72079000496
 11
26973.60334485813
 21
42528.67344965302
 72
     1
 10
26973.60334485813
 20
42528.67344965302
 11
26976.02189532781
 21
42535.6159536237
 72
     1
 10
26976.02189532781
 20
42535.6159536237
 11
26969.467330795
 21
42545.20072200074
 72
     1
 10
26969.467330795
 20
42545.20072200074
 11
26963.94285365306
 21
42543.368121043
 72
     1
 10
26963.94285365306
 20
42543.368121043
 11
26958.7493816971
 21
42544.6472240631
 97
        0
 75
     1
 76
     1
 98
        1
 10
26950.00443685374
 20
42474.11202435227
450
        0
451
        0
460
0.0
461
0.0
452
        0
462
1.0
453
        2
463
0.0
 63
     5
421
      255
463
1.0
 63
     2
421
 16776960
470
LINEAR
1001
GradientColor1ACI
1070
     5
1001
GradientColor2ACI
1070
     2
1001
ACAD
1010
0.0
1020
0.0
1030
0.0
  0
HATCH
  5
2E7
330
1F
100
AcDbEntity
  8
00 Парки и скверы
100
AcDbHatch
 10
0.0
 20
0.0
 30
0.0
210
0.0
220
0.0
230
1.0
  2
SOLID
 70
     1
 71
     0
 91
        1
 92
        1
 93
       17
 72
     1
 10
26858.62181091414
 20
42702.38382955148
 11
26807.07398850386
 21
42712.76892128878
 72
     1
 10
26807.07398850386
 20
42712.76892128878
 11
26801.00689883581
 21
42710.98027895817
 72
     1
 10
26801.00689883581
 20
42710.98027895817
 11
26791.90288684351
 21
42675.23945486417
 72
     1
 10
26791.90288684351
 20
42675.23945486417
 11
26788.97691363141
 21
42659.93186112297
 72
     1
 10
26788.97691363141
 20
42659.93186112297
 11
26789.04871882201
 21
42654.69675592617
 72
     1
 10
26789.04871882201
 20
42654.69675592617
 11
26790.97673568761
 21
42647.68234545357
 72
     1
 10
26790.97673568761
 20
42647.68234545357
 11
26794.64897911561
 21
42640.90093755007
 72
     1
 10
26794.64897911561
 20
42640.90093755007
 11
26800.01099311111
 21
42635.31996415217
 72
     1
 10
26800.01099311111
 20
42635.31996415217
 11
26809.12032391861
 21
42628.19214835007
 72
     1
 10
26809.12032391861
 20
42628.19214835007
 11
26823.32590361141
 21
42622.94423042727
 72
     1
 10
26823.32590361141
 20
42622.94423042727
 11
26831.65107466221
 21
42620.90998034487
 72
     1
 10
26831.65107466221
 20
42620.90998034487
 11
26832.85844356521
 21
42625.65141010537
 72
     1
 10
26832.85844356521
 20
42625.65141010537
 11
26838.68208868429
 21
42624.64037458465
 72
     1
 10
26838.68208868429
 20
42624.64037458465
 11
26897.21040356194
 21
42609.3255851453
 72
     1
 10
26897.21040356194
 20
42609.3255851453
 11
26900.84953857581
 21
42615.01083529657
 72
     1
 10
26900.84953857581
 20
42615.01083529657
 11
26917.34309357843
 21
42687.17869159331
 72
     1
 10
26917.34309357843
 20
42687.17869159331
 11
26858.62181091414
 21
42702.38382955148
 97
        0
 75
     1
 76
     1
 98
        1
 10
26877.19334884477
 20
42669.76984167401
450
        0
451
        0
460
0.0
461
0.0
452
        0
462
1.0
453
        2
463
0.0
 63
     5
421
      255
463
1.0
 63
     2
421
 16776960
470
LINEAR
1001
GradientColor1ACI
1070
     5
1001
GradientColor2ACI
1070
     2
1001
ACAD
1010
0.0
1020
0.0
1030
0.0
  0
HATCH
  5
2E8
330
1F
100
AcDbEntity
  8
00 Парки и скверы
100
AcDbHatch
 10
0.0
 20
0.0
 30
0.0
210
0.0
220
0.0
230
1.0
  2
SOLID
 70
     1
 71
     0
 91
        1
 92
        1
 93
        7
 72
     1
 10
26834.22297058815
 20
42245.28101724637
 11
26820.5110316983
 21
42192.04743407332
 72
     1
 10
26820.5110316983
 20
42192.04743407332
 11
26759.78082071969
 21
42206.54016712602
 72
     1
 10
26759.78082071969
 20
42206.54016712602
 11
26750.00000014724
 21
42176.13856126856
 72
     1
 10
26750.00000014724
 20
42176.13856126856
 11
26886.77112016894
 21
42129.2374518842
 72
     1
 10
26886.77112016894
 20
42129.2374518842
 11
26906.48290392674
 21
42215.20578895376
 72
     1
 10
26906.48290392674
 20
42215.20578895376
 11
26902.3897381677
 21
42227.65859602536
 72
     1
 10
26902.3897381677
 20
42227.65859602536
 11
26834.22297058815
 21
42245.28101724637
 97
        0
 75
     1
 76
     1
 98
        1
 10
26859.75888388564
 20
42173.92029671839
450
        0
451
        0
460
0.0
461
0.0
452
        0
462
1.0
453
        2
463
0.0
 63
     5
421
      255
463
1.0
 63
     2
421
 16776960
470
LINEAR
1001
GradientColor1ACI
1070
     5
1001
GradientColor2ACI
1070
     2
1001
ACAD
1010
0.0
1020
0.0
1030
0.0
  0
HATCH
  5
2E9
330
1F
100
AcDbEntity
  8
00 Парки и скверы
100
AcDbHatch
 10
0.0
 20
0.0
 30
0.0
210
0.0
220
0.0
230
1.0
  2
SOLID
 70
     1
 71
     0
 91
        1
 92
        1
 93
        5
 72
     1
 10
26978.45887539354
 20
42175.54873429259
 11
27021.16599203889
 21
42164.42768236603
 72
     1
 10
27021.16599203889
 20
42164.42768236603
 11
27005.10067125405
 21
42101.19860748253
 72
     1
 10
27005.10067125405
 20
42101.19860748253
 11
26982.13830405
 21
42104.4694916
 72
     1
 10
26982.13830405
 20
42104.4694916
 11
26960.48239649112
 21
42110.47433895447
 72
     1
 10
26960.48239649112
 20
42110.47433895447
 11
26978.45887539354
 21
42175.54873429259
 97
        0
 75
     1
 76
     1
 98
        1
 10
0.0
 20
0.0
450
        0
451
        0
460
0.0
461
0.0
452
        0
462
0.0
453
        2
463
0.0
 63
     5
421
      255
463
1.0
 63
     2
421
 16776960
470
LINEAR
1001
GradientColor1ACI
1070
     5
1001
GradientColor2ACI
1070
     2
1001
ACAD
1010
0.0
1020
0.0
1030
0.0
  0
HATCH
  5
2EA
330
1F
100
AcDbEntity
  8
00 Парки и скверы
100
AcDbHatch
 10
0.0
 20
0.0
 30
0.0
210
0.0
220
0.0
230
1.0
  2
SOLID
 70
     1
 71
     0
 91
        1
 92
        1
 93
       13
 72
     1
 10
29616.70020668132
 20
42047.28213043994
 11
29622.24436961514
 21
42047.45902008454
 72
     1
 10
29622.24436961514
 20
42047.45902008454
 11
29619.69262976889
 21
42085.985509561
 72
     1
 10
29619.69262976889
 20
42085.985509561
 11
29613.12000000004
 21
42089.71000000004
 72
     1
 10
29613.12000000004
 20
42089.71000000004
 11
29612.46
 21
42114.08
 72
     1
 10
29612.46
 20
42114.08
 11
29617.35
 21
42123.49999999999
 72
     1
 10
29617.35
 20
42123.49999999999
 11
29563.72567353873
 21
42125.49901890417
 72
     1
 10
29563.72567353873
 20
42125.49901890417
 11
29536.46154730146
 21
42125.65460129198
 72
     1
 10
29536.46154730146
 20
42125.65460129198
 11
29535.986764403
 21
42012.1796242266
 72
     1
 10
29535.986764403
 20
42012.1796242266
 11
29597.08987665141
 21
42010.90833189133
 72
     1
 10
29597.08987665141
 20
42010.90833189133
 11
29605.37462529173
 21
42011.1367371266
 72
     1
 10
29605.37462529173
 20
42011.1367371266
 11
29602.93054799284
 21
42038.5157202581
 72
     1
 10
29602.93054799284
 20
42038.5157202581
 11
29617.22503052527
 21
42040.20292806371
 72
     1
 10
29617.22503052527
 20
42040.20292806371
 11
29616.70020668132
 21
42047.28213043994
 97
        0
 75
     1
 76
     1
 98
        1
 10
29587.65946500295
 20
42042.03604342671
450
        0
451
        0
460
0.0
461
0.0
452
        0
462
1.0
453
        2
463
0.0
 63
     5
421
      255
463
1.0
 63
     2
421
 16776960
470
LINEAR
1001
GradientColor1ACI
1070
     5
1001
GradientColor2ACI
1070
     2
1001
ACAD
1010
0.0
1020
0.0
1030
0.0
  0
HATCH
  5
2EB
330
1F
100
AcDbEntity
  8
00 Парки и скверы
100
AcDbHatch
 10
0.0
 20
0.0
 30
0.0
210
0.0
220
0.0
230
1.0
  2
SOLID
 70
     1
 71
     0
 91
        1
 92
        1
 93
        8
 72
     1
 10
26579.3496
 20
42319.6094
 11
26572.74437401122
 21
42321.52570822635
 72
     1
 10
26572.74437401122
 20
42321.52570822635
 11
26568.756
 21
42317.625
 72
     1
 10
26568.756
 20
42317.625
 11
26563.04
 21
42297.78
 72
     2
 10
26569.05080703767
 20
42297.35200611971
 40
6.026025224446555
 50
175.9271815387078
 51
266.0909922644245
 73
     1
 72
     1
 10
26568.64
 20
42291.34
 11
26570.6
 21
42289.14
 72
     1
 10
26570.6
 20
42289.14
 11
26628.50746564319
 21
42274.7088093537
 72
     1
 10
26628.50746564319
 20
42274.7088093537
 11
26636.24000847457
 21
42303.90912936319
 72
     1
 10
26636.24000847457
 20
42303.90912936319
 11
26579.3496
 21
42319.6094
 97
        0
 75
     1
 76
     1
 98
        1
 10
26607.15126016047
 20
42302.08698207191
450
        0
451
        0
460
0.0
461
0.0
452
        0
462
1.0
453
        2
463
0.0
 63
     5
421
      255
463
1.0
 63
     2
421
 16776960
470
LINEAR
1001
GradientColor1ACI
1070
     5
1001
GradientColor2ACI
1070
     2
1001
ACAD
1010
0.0
1020
0.0
1030
0.0
  0
HATCH
  5
2EC
330
1F
100
AcDbEntity
  8
00 Парки и скверы
100
AcDbHatch
 10
0.0
 20
0.0
 30
0.0
210
0.0
220
0.0
230
1.0
  2
SOLID
 70
     1
 71
     0
 91
        1
 92
        1
 93
       38
 72
     1
 10
25630.34759462916
 20
42445.88041704602
 11
25631.03447742852
 21
42445.23089038823
 72
     1
 10
25631.03447742852
 20
42445.23089038823
 11
25614.13374902453
 21
42426.4338412726
 72
     1
 10
25614.13374902453
 20
42426.4338412726
 11
25612.31250469189
 21
42427.43975534313
 72
     1
 10
25612.31250469189
 20
42427.43975534313
 11
25582.80006081265
 21
42395.53989088809
 72
     1
 10
25582.80006081265
 20
42395.53989088809
 11
25610.19744715526
 21
42363.14855065965
 72
     1
 10
25610.19744715526
 20
42363.14855065965
 11
25615.60199363027
 21
42363.15840545115
 72
     1
 10
25615.60199363027
 20
42363.15840545115
 11
25616.91277779047
 21
42367.29140868455
 72
     1
 10
25616.91277779047
 20
42367.29140868455
 11
25639.98462833598
 21
42390.89601051667
 72
     1
 10
25639.98462833598
 20
42390.89601051667
 11
25643.39245522773
 21
42391.87653063854
 72
     1
 10
25643.39245522773
 20
42391.87653063854
 11
25647.60471046227
 21
42392.0494481062
 72
     1
 10
25647.60471046227
 20
42392.0494481062
 11
25663.68570341134
 21
42389.65502530463
 72
     1
 10
25663.68570341134
 20
42389.65502530463
 11
25667.40250549274
 21
42393.93514256732
 72
     1
 10
25667.40250549274
 20
42393.93514256732
 11
25682.49101542414
 21
42394.64430880732
 72
     1
 10
25682.49101542414
 20
42394.64430880732
 11
25685.9514608318
 21
42400.08205577416
 72
     1
 10
25685.9514608318
 20
42400.08205577416
 11
25699.63947826479
 21
42414.25512492936
 72
     1
 10
25699.63947826479
 20
42414.25512492936
 11
25712.57725105557
 21
42424.97211039811
 72
     1
 10
25712.57725105557
 20
42424.97211039811
 11
25714.56254675582
 21
42427.0404544021
 72
     1
 10
25714.56254675582
 20
42427.0404544021
 11
25714.98034849419
 21
42428.14062367345
 72
     1
 10
25714.98034849419
 20
42428.14062367345
 11
25714.74075350847
 21
42431.32679103128
 72
     1
 10
25714.74075350847
 20
42431.32679103128
 11
25711.94939091295
 21
42435.04203049268
 72
     1
 10
25711.94939091295
 20
42435.04203049268
 11
25709.99672546477
 21
42446.83054106168
 72
     1
 10
25709.99672546477
 20
42446.83054106168
 11
25704.46579487116
 21
42445.30363187228
 72
     1
 10
25704.46579487116
 20
42445.30363187228
 11
25699.37264747459
 21
42444.91580480761
 72
     1
 10
25699.37264747459
 20
42444.91580480761
 11
25694.88010968396
 21
42445.19880101748
 72
     1
 10
25694.88010968396
 20
42445.19880101748
 11
25690.9684837421
 21
42447.83437025593
 72
     1
 10
25690.9684837421
 20
42447.83437025593
 11
25670.78676541675
 21
42452.13938211698
 72
     1
 10
25670.78676541675
 20
42452.13938211698
 11
25670.39006263525
 21
42453.19136904299
 72
     1
 10
25670.39006263525
 20
42453.19136904299
 11
25672.30393219572
 21
42470.04904484651
 72
     1
 10
25672.30393219572
 20
42470.04904484651
 11
25672.12149769345
 21
42472.09786886052
 72
     1
 10
25672.12149769345
 20
42472.09786886052
 11
25671.314566613
 21
42473.91047930357
 72
     1
 10
25671.314566613
 20
42473.91047930357
 11
25669.49375182571
 21
42474.70190118102
 72
     1
 10
25669.49375182571
 20
42474.70190118102
 11
25659.7134670043
 21
42476.2398787837
 72
     1
 10
25659.7134670043
 20
42476.2398787837
 11
25658.20440816629
 21
42476.19199876138
 72
     1
 10
25658.20440816629
 20
42476.19199876138
 11
25657.41394986591
 21
42475.83289859432
 72
     1
 10
25657.41394986591
 20
42475.83289859432
 11
25646.79341147951
 21
42465.38177741284
 72
     1
 10
25646.79341147951
 20
42465.38177741284
 11
25633.03514939064
 21
42450.30694850406
 72
     1
 10
25633.03514939064
 20
42450.30694850406
 11
25632.57634571282
 21
42447.94974672561
 72
     1
 10
25632.57634571282
 20
42447.94974672561
 11
25630.34759462916
 21
42445.88041704602
 97
        0
 75
     1
 76
     1
 98
        1
 10
25686.56513591907
 20
42402.53511295144
450
        0
451
        0
460
0.0
461
0.0
452
        0
462
1.0
453
        2
463
0.0
 63
     5
421
      255
463
1.0
 63
     2
421
 16776960
470
LINEAR
1001
GradientColor1ACI
1070
     5
1001
GradientColor2ACI
1070
     2
1001
ACAD
1010
0.0
1020
0.0
1030
0.0
  0
HATCH
  5
2ED
330
1F
100
AcDbEntity
  8
00 Парки и скверы
100
AcDbHatch
 10
0.0
 20
0.0
 30
0.0
210
0.0
220
0.0
230
1.0
  2
SOLID
 70
     1
 71
     0
 91
        1
 92
        1
 93
       14
 72
     1
 10
27250.00000238474
 20
42228.5285679116
 11
27249.68595101679
 21
42191.75348989296
 72
     1
 10
27249.68595101679
 20
42191.75348989296
 11
27250.00000238474
 21
42182.72941328875
 72
     1
 10
27250.00000238474
 20
42182.72941328875
 11
27256.078
 21
42179.19
 72
     1
 10
27256.078
 20
42179.19
 11
27280.34996265204
 21
42182.82040998184
 72
     1
 10
27280.34996265204
 20
42182.82040998184
 11
27306.02967215929
 21
42186.55794340554
 72
     1
 10
27306.02967215929
 20
42186.55794340554
 11
27317.79352565198
 21
42188.67418757024
 72
     1
 10
27317.79352565198
 20
42188.67418757024
 11
27340.76826615264
 21
42192.41483466394
 72
     1
 10
27340.76826615264
 20
42192.41483466394
 11
27334.08310413125
 21
42213.47710898583
 72
     1
 10
27334.08310413125
 20
42213.47710898583
 11
27317.80332228
 21
42208.89246677
 72
     1
 10
27317.80332228
 20
42208.89246677
 11
27314.58312445
 21
42210.47218965
 72
     1
 10
27314.58312445
 20
42210.47218965
 11
27308.01288874617
 21
42233.1640269287
 72
     1
 10
27308.01288874617
 20
42233.1640269287
 11
27271.96488447774
 21
42227.82545583726
 72
     1
 10
27271.96488447774
 20
42227.82545583726
 11
27262.01257429431
 21
42227.85812698676
 72
     1
 10
27262.01257429431
 20
42227.85812698676
 11
27250.00000238474
 21
42228.5285679116
 97
        0
 75
     1
 76
     1
 98
        1
 10
27299.37632894587
 20
42197.7402867545
450
        0
451
        0
460
0.0
461
0.0
452
        0
462
1.0
453
        2
463
0.0
 63
     5
421
      255
463
1.0
 63
     2
421
 16776960
470
LINEAR
1001
GradientColor1ACI
1070
     5
1001
GradientColor2ACI
1070
     2
1001
ACAD
1010
0.0
1020
0.0
1030
0.0
  0
HATCH
  5
2EE
330
1F
100
AcDbEntity
  8
00 Парки и скверы
100
AcDbHatch
 10
0.0
 20
0.0
 30
0.0
210
0.0
220
0.0
230
1.0
  2
SOLID
 70
     1
 71
     0
 91
        1
 92
        1
 93
       34
 72
     1
 10
27358.79
 20
42173.932
 11
27344.857
 21
42169.737
 72
     1
 10
27344.857
 20
42169.737
 11
27283.62272940851
 21
42155.46486471832
 72
     1
 10
27283.62272940851
 20
42155.46486471832
 11
27295.463
 21
42129.68389538622
 72
     1
 10
27295.463
 20
42129.68389538622
 11
27303.29004707221
 21
42112.8002455105
 72
     1
 10
27303.29004707221
 20
42112.8002455105
 11
27308.09546011031
 21
42113.74529115835
 72
     1
 10
27308.09546011031
 20
42113.74529115835
 11
27320.11543738486
 21
42119.33885681956
 72
     1
 10
27320.11543738486
 20
42119.33885681956
 11
27327.18250106211
 21
42120.68272373359
 72
     1
 10
27327.18250106211
 20
42120.68272373359
 11
27347.92550064988
 21
42120.83620979728
 72
     1
 10
27347.92550064988
 20
42120.83620979728
 11
27364.54045012772
 21
42124.88978018147
 72
     1
 10
27364.54045012772
 20
42124.88978018147
 11
27373.36789224605
 21
42127.50969091329
 72
     1
 10
27373.36789224605
 20
42127.50969091329
 11
27379.26793091678
 21
42130.28427602714
 72
     1
 10
27379.26793091678
 20
42130.28427602714
 11
27383.90187524527
 21
42136.871
 72
     1
 10
27383.90187524527
 20
42136.871
 11
27387.99250780046
 21
42141.69869035017
 72
     1
 10
27387.99250780046
 20
42141.69869035017
 11
27392.96134349778
 21
42150.46955507408
 72
     1
 10
27392.96134349778
 20
42150.46955507408
 11
27397.61441352787
 21
42153.86430531914
 72
     1
 10
27397.61441352787
 20
42153.86430531914
 11
27401.4090525343
 21
42155.31574649059
 72
     1
 10
27401.4090525343
 20
42155.31574649059
 11
27408.41293444034
 21
42157.26941383991
 72
     1
 10
27408.41293444034
 20
42157.26941383991
 11
27420.076226189
 21
42159.87594791155
 72
     1
 10
27420.076226189
 20
42159.87594791155
 11
27434.55018114955
 21
42163.37220975363
 72
     1
 10
27434.55018114955
 20
42163.37220975363
 11
27437.37329887995
 21
42163.65179773791
 72
     1
 10
27437.37329887995
 20
42163.65179773791
 11
27439.61309820556
 21
42163.50453456745
 72
     1
 10
27439.61309820556
 20
42163.50453456745
 11
27441.35199485637
 21
42162.96714848299
 72
     1
 10
27441.35199485637
 20
42162.96714848299
 11
27444.33530303602
 21
42163.61319817774
 72
     1
 10
27444.33530303602
 20
42163.61319817774
 11
27445.70773874025
 21
42162.96507981391
 72
     1
 10
27445.70773874025
 20
42162.96507981391
 11
27495.45402005114
 21
42174.40359661016
 72
     1
 10
27495.45402005114
 20
42174.40359661016
 11
27497.31735185089
 21
42175.32722225892
 72
     1
 10
27497.31735185089
 20
42175.32722225892
 11
27498.79419620337
 21
42179.27920564301
 72
     1
 10
27498.79419620337
 20
42179.27920564301
 11
27497.95954075415
 21
42183.69378888148
 72
     1
 10
27497.95954075415
 20
42183.69378888148
 11
27514.86569149805
 21
42189.45237247112
 72
     1
 10
27514.86569149805
 20
42189.45237247112
 11
27518.66677150972
 21
42198.45172358884
 72
     2
 10
27532.34905551569
 20
42219.43816170812
 40
25.05265416186122
 50
123.1026766902073
 51
164.1307612848782
 73
     0
 72
     1
 10
27508.25120170276
 20
42212.58769295301
 11
27507.91600264404
 21
42215.06370163763
 72
     1
 10
27507.91600264404
 20
42215.06370163763
 11
27505.03797596254
 21
42219.08432381577
 72
     1
 10
27505.03797596254
 20
42219.08432381577
 11
27358.79
 21
42173.932
 97
        0
 75
     1
 76
     1
 98
        1
 10
27450.60259337855
 20
42169.58146543372
450
        0
451
        0
460
0.0
461
0.0
452
        0
462
1.0
453
        2
463
0.0
 63
     5
421
      255
463
1.0
 63
     2
421
 16776960
470
LINEAR
1001
GradientColor1ACI
1070
     5
1001
GradientColor2ACI
1070
     2
1001
ACAD
1010
0.0
1020
0.0
1030
0.0
  0
HATCH
  5
2EF
330
1F
100
AcDbEntity
  8
00 Парки и скверы
100
AcDbHatch
 10
0.0
 20
0.0
 30
0.0
210
0.0
220
0.0
230
1.0
  2
SOLID
 70
     1
 71
     0
 91
        1
 92
        1
 93
       17
 72
     1
 10
28449.8926
 20
42202.875
 11
28459.07258928281
 21
42187.01736228924
 72
     1
 10
28459.07258928281
 20
42187.01736228924
 11
28457.1699
 21
42174.3945
 72
     1
 10
28457.1699
 20
42174.3945
 11
28483.513
 21
42164.872
 72
     1
 10
28483.513
 20
42164.872
 11
28487.25530285188
 21
42177.65234201602
 72
     1
 10
28487.25530285188
 20
42177.65234201602
 11
28484.8467195535
 21
42179.9982501449
 72
     1
 10
28484.8467195535
 20
42179.9982501449
 11
28504.5500520281
 21
42247.28492756179
 72
     1
 10
28504.5500520281
 20
42247.28492756179
 11
28507.6887666475
 21
42246.407819772
 72
     1
 10
28507.6887666475
 20
42246.407819772
 11
28516.09792012272
 21
42272.32563055055
 72
     1
 10
28516.09792012272
 20
42272.32563055055
 11
28485.305633783
 21
42282.32745216372
 72
     1
 10
28485.305633783
 20
42282.32745216372
 11
28483.09093001466
 21
42282.40483727319
 72
     1
 10
28483.09093001466
 20
42282.40483727319
 11
28481.58683500228
 21
42281.85901888881
 72
     1
 10
28481.58683500228
 20
42281.85901888881
 11
28480.41093948746
 21
42280.36906411428
 72
     1
 10
28480.41093948746
 20
42280.36906411428
 11
28473.38907602702
 21
42268.44073519663
 72
     1
 10
28473.38907602702
 20
42268.44073519663
 11
28467.05498873462
 21
42256.48652116674
 72
     1
 10
28467.05498873462
 20
42256.48652116674
 11
28455.8959427861
 21
42226.54107902295
 72
     1
 10
28455.8959427861
 20
42226.54107902295
 11
28455.27031402317
 21
42222.52602244317
 72
     1
 10
28455.27031402317
 20
42222.52602244317
 11
28449.8926
 21
42202.875
 97
        0
 75
     1
 76
     1
 98
        1
 10
28488.20612516607
 20
42215.96626918884
450
        0
451
        0
460
0.0
461
0.0
452
        0
462
1.0
453
        2
463
0.0
 63
     5
421
      255
463
1.0
 63
     2
421
 16776960
470
LINEAR
1001
GradientColor1ACI
1070
     5
1001
GradientColor2ACI
1070
     2
1001
ACAD
1010
0.0
1020
0.0
1030
0.0
  0
HATCH
  5
2F0
330
1F
100
AcDbEntity
  8
00 Парки и скверы
100
AcDbHatch
 10
0.0
 20
0.0
 30
0.0
210
0.0
220
0.0
230
1.0
  2
SOLID
 70
     1
 71
     0
 91
        1
 92
        1
 93
        6
 72
     1
 10
28191.19198109286
 20
42484.77077397823
 11
28165.8410657052
 21
42424.68314855082
 72
     1
 10
28165.8410657052
 20
42424.68314855082
 11
28187.07569686224
 21
42409.88555154019
 72
     1
 10
28187.07569686224
 20
42409.88555154019
 11
28190.17591478151
 21
42410.31127385546
 72
     1
 10
28190.17591478151
 20
42410.31127385546
 11
28213.29625997487
 21
42474.04184276982
 72
     1
 10
28213.29625997487
 20
42474.04184276982
 11
28211.48231392522
 21
42477.87136456933
 72
     1
 10
28211.48231392522
 20
42477.87136456933
 11
28191.19198109286
 21
42484.77077397823
 97
        0
 75
     1
 76
     1
 98
        1
 10
28213.40792558943
 20
42416.50950226247
450
        0
451
        0
460
0.0
461
0.0
452
        0
462
1.0
453
        2
463
0.0
 63
     5
421
      255
463
1.0
 63
     2
421
 16776960
470
LINEAR
1001
GradientColor1ACI
1070
     5
1001
GradientColor2ACI
1070
     2
1001
ACAD
1010
0.0
1020
0.0
1030
0.0
  0
HATCH
  5
2F1
330
1F
100
AcDbEntity
  8
00 Парки и скверы
100
AcDbHatch
 10
0.0
 20
0.0
 30
0.0
210
0.0
220
0.0
230
1.0
  2
SOLID
 70
     1
 71
     0
 91
        1
 92
        1
 93
       27
 72
     1
 10
27746.78761355297
 20
42265.76402621782
 11
27686.87849304498
 21
42248.40764367813
 72
     1
 10
27686.87849304498
 20
42248.40764367813
 11
27678.95728935325
 21
42273.84952541249
 72
     1
 10
27678.95728935325
 20
42273.84952541249
 11
27675.42621900587
 21
42272.77821110893
 72
     1
 10
27675.42621900587
 20
42272.77821110893
 11
27673.63745770813
 21
42277.90730796777
 72
     1
 10
27673.63745770813
 20
42277.90730796777
 11
27613.25301316355
 21
42255.321501905
 72
     1
 10
27613.25301316355
 20
42255.321501905
 11
27618.08804759992
 21
42239.91445150335
 72
     1
 10
27618.08804759992
 20
42239.91445150335
 11
27631.17288508854
 21
42242.95149367875
 72
     1
 10
27631.17288508854
 20
42242.95149367875
 11
27637.5221278388
 21
42224.97190519312
 72
     1
 10
27637.5221278388
 20
42224.97190519312
 11
27644.68316236146
 21
42227.41860846523
 72
     1
 10
27644.68316236146
 20
42227.41860846523
 11
27651.3865309391
 21
42210.2300486985
 72
     1
 10
27651.3865309391
 20
42210.2300486985
 11
27659.00523140679
 21
42206.99919257567
 72
     1
 10
27659.00523140679
 20
42206.99919257567
 11
27666.9682815409
 21
42206.0882134482
 72
     1
 10
27666.9682815409
 20
42206.0882134482
 11
27667.14749229445
 21
42207.65473036617
 72
     1
 10
27667.14749229445
 20
42207.65473036617
 11
27689.05421912668
 21
42205.14858378174
 72
     1
 10
27689.05421912668
 20
42205.14858378174
 11
27688.76318610215
 21
42202.6046061041
 72
     1
 10
27688.76318610215
 20
42202.6046061041
 11
27694.80521044664
 21
42201.91339382078
 72
     1
 10
27694.80521044664
 20
42201.91339382078
 11
27694.22331611059
 21
42196.82693944325
 72
     1
 10
27694.22331611059
 20
42196.82693944325
 11
27706.15192767079
 21
42185.74789519413
 72
     1
 10
27706.15192767079
 20
42185.74789519413
 11
27720.12916574
 21
42176.15102472
 72
     1
 10
27720.12916574
 20
42176.15102472
 11
27723.55303669
 21
42180.97926094
 72
     1
 10
27723.55303669
 20
42180.97926094
 11
27731.71578787
 21
42202.05372386
 72
     1
 10
27731.71578787
 20
42202.05372386
 11
27736.01118176006
 21
42204.36860714011
 72
     1
 10
27736.01118176006
 20
42204.36860714011
 11
27757.08798607395
 21
42242.42722598898
 72
     1
 10
27757.08798607395
 20
42242.42722598898
 11
27755.39461343013
 21
42246.79850401382
 72
     1
 10
27755.39461343013
 20
42246.79850401382
 11
27767.52178403
 21
42265.79638472
 72
     1
 10
27767.52178403
 20
42265.79638472
 11
27765.27759114
 21
42273.36077148
 72
     1
 10
27765.27759114
 20
42273.36077148
 11
27746.78761355297
 21
42265.76402621782
 97
        0
 75
     1
 76
     1
 98
        1
 10
27741.12002810439
 20
42197.67140325485
450
        0
451
        0
460
0.0
461
0.0
452
        0
462
1.0
453
        2
463
0.0
 63
     5
421
      255
463
1.0
 63
     2
421
 16776960
470
LINEAR
1001
GradientColor1ACI
1070
     5
1001
GradientColor2ACI
1070
     2
1001
ACAD
1010
0.0
1020
0.0
1030
0.0
  0
HATCH
  5
2F2
330
1F
100
AcDbEntity
  8
00 Парки и скверы
100
AcDbHatch
 10
0.0
 20
0.0
 30
0.0
210
0.0
220
0.0
230
1.0
  2
SOLID
 70
     1
 71
     0
 91
        1
 92
        1
 93
       15
 72
     1
 10
27619.45424925545
 20
42340.06992641959
 11
27605.68485916896
 21
42335.56805889168
 72
     1
 10
27605.68485916896
 20
42335.56805889168
 11
27609.4049056028
 21
42323.7193083425
 72
     1
 10
27609.4049056028
 20
42323.7193083425
 11
27610.95694083424
 21
42313.46710136784
 72
     1
 10
27610.95694083424
 20
42313.46710136784
 11
27619.66021071697
 21
42287.92833883312
 72
     1
 10
27619.66021071697
 20
42287.92833883312
 11
27628.7332988608
 21
42294.85689924434
 72
     1
 10
27628.7332988608
 20
42294.85689924434
 11
27627.61660778108
 21
42297.52992854803
 72
     1
 10
27627.61660778108
 20
42297.52992854803
 11
27632.02609640922
 21
42300.20295785172
 72
     1
 10
27632.02609640922
 20
42300.20295785172
 11
27630.53287697239
 21
42303.3004677577
 72
     1
 10
27630.53287697239
 20
42303.3004677577
 11
27631.77967934919
 21
42305.60015775825
 72
     1
 10
27631.77967934919
 20
42305.60015775825
 11
27638.4070915166
 21
42309.63190850562
 72
     1
 10
27638.4070915166
 20
42309.63190850562
 11
27641.69039742711
 21
42309.80870979394
 72
     1
 10
27641.69039742711
 20
42309.80870979394
 11
27661.71291053859
 21
42329.79988417342
 72
     1
 10
27661.71291053859
 20
42329.79988417342
 11
27651.89527477123
 21
42358.60372508247
 72
     1
 10
27651.89527477123
 20
42358.60372508247
 11
27629.09626134455
 21
42350.22644160458
 72
     1
 10
27629.09626134455
 20
42350.22644160458
 11
27619.45424925545
 21
42340.06992641959
 97
        0
 75
     1
 76
     1
 98
        1
 10
27673.24642044937
 20
42291.88630108765
450
        0
451
        0
460
0.0
461
0.0
452
        0
462
1.0
453
        2
463
0.0
 63
     5
421
      255
463
1.0
 63
     2
421
 16776960
470
LINEAR
1001
GradientColor1ACI
1070
     5
1001
GradientColor2ACI
1070
     2
1001
ACAD
1010
0.0
1020
0.0
1030
0.0
  0
HATCH
  5
2F3
330
1F
100
AcDbEntity
  8
00 Парки и скверы
100
AcDbHatch
 10
0.0
 20
0.0
 30
0.0
210
0.0
220
0.0
230
1.0
  2
SOLID
 70
     1
 71
     0
 91
        1
 92
        1
 93
       11
 72
     1
 10
26948.06196134833
 20
42372.97708062583
 11
26941.07251711601
 21
42346.80697440216
 72
     1
 10
26941.07251711601
 20
42346.80697440216
 11
26940.53512994555
 21
42343.21877755509
 72
     1
 10
26940.53512994555
 20
42343.21877755509
 11
26941.00272280897
 21
42340.28909193018
 72
     1
 10
26941.00272280897
 20
42340.28909193018
 11
26919.42187272854
 21
42256.10460853283
 72
     1
 10
26919.42187272854
 20
42256.10460853283
 11
26948.71212397478
 21
42249.01138924707
 72
     1
 10
26948.71212397478
 20
42249.01138924707
 11
26958.53520944234
 21
42280.06947056937
 72
     1
 10
26958.53520944234
 20
42280.06947056937
 11
26986.81123286896
 21
42287.04602271714
 72
     1
 10
26986.81123286896
 20
42287.04602271714
 11
26989.09288168945
 21
42288.18619918487
 72
     1
 10
26989.09288168945
 20
42288.18619918487
 11
26992.64812737006
 21
42292.54430609182
 72
     1
 10
26992.64812737006
 20
42292.54430609182
 11
27008.89287605019
 21
42357.04088521492
 72
     1
 10
27008.89287605019
 20
42357.04088521492
 11
26948.06196134833
 21
42372.97708062583
 97
        0
 75
     1
 76
     1
 98
        1
 10
26973.26559733008
 20
42301.07330278927
450
        0
451
        0
460
0.0
461
0.0
452
        0
462
1.0
453
        2
463
0.0
 63
     5
421
      255
463
1.0
 63
     2
421
 16776960
470
LINEAR
1001
GradientColor1ACI
1070
     5
1001
GradientColor2ACI
1070
     2
1001
ACAD
1010
0.0
1020
0.0
1030
0.0
  0
HATCH
  5
2F4
330
1F
100
AcDbEntity
  8
00 Парки и скверы
100
AcDbHatch
 10
0.0
 20
0.0
 30
53.6936518582119
210
0.0
220
0.0
230
1.0
  2
SOLID
 70
     1
 71
     0
 91
        1
 92
        1
 93
       13
 72
     1
 10
27047.82124779127
 20
42534.46734918476
 11
27041.13948869225
 21
42534.84908223065
 72
     1
 10
27041.13948869225
 20
42534.84908223065
 11
27038.47688204146
 21
42533.62548245264
 72
     1
 10
27038.47688204146
 20
42533.62548245264
 11
27037.04390679978
 21
42530.9004230612
 72
     1
 10
27037.04390679978
 20
42530.9004230612
 11
27102.76197926755
 21
42418.08320346549
 72
     1
 10
27102.76197926755
 20
42418.08320346549
 11
27105.07010941065
 21
42415.0538961753
 72
     1
 10
27105.07010941065
 20
42415.0538961753
 11
27108.84806342281
 21
42411.7188909762
 72
     1
 10
27108.84806342281
 20
42411.7188909762
 11
27112.94335199616
 21
42409.13414371285
 72
     1
 10
27112.94335199616
 20
42409.13414371285
 11
27115.06481475031
 21
42408.65094379231
 72
     1
 10
27115.06481475031
 20
42408.65094379231
 11
27117.01657987808
 21
42409.24935902085
 72
     1
 10
27117.01657987808
 20
42409.24935902085
 11
27118.18046316944
 21
42410.57629724493
 72
     1
 10
27118.18046316944
 20
42410.57629724493
 11
27118.54410094014
 21
42411.49228409969
 72
     1
 10
27118.54410094014
 20
42411.49228409969
 11
27143.30614626419
 21
42507.966390497
 72
     1
 10
27143.30614626419
 20
42507.966390497
 11
27047.82124779127
 21
42534.46734918476
 97
        0
 75
     1
 76
     1
 98
        1
 10
27098.40842507502
 20
42475.62662087262
450
        0
451
        0
460
0.0
461
0.0
452
        0
462
1.0
453
        2
463
0.0
 63
     5
421
      255
463
1.0
 63
     2
421
 16776960
470
LINEAR
1001
GradientColor1ACI
1070
     5
1001
GradientColor2ACI
1070
     2
1001
ACAD
1010
0.0
1020
0.0
1030
0.0
  0
HATCH
  5
2F5
330
1F
100
AcDbEntity
  8
00 Парки и скверы
100
AcDbHatch
 10
0.0
 20
0.0
 30
0.0
210
0.0
220
0.0
230
1.0
  2
SOLID
 70
     1
 71
     0
 91
        1
 92
        1
 93
       40
 72
     1
 10
30837.66564028413
 20
43448.49250195999
 11
30812.705
 21
43443.575
 72
     1
 10
30812.705
 20
43443.575
 11
30797.5685287
 21
43373.25902415999
 72
     1
 10
30797.5685287
 20
43373.25902415999
 11
30627.79324233
 21
42979.09036925
 72
     1
 10
30627.79324233
 20
42979.09036925
 11
30572.79299257
 21
42815.92515511
 72
     1
 10
30572.79299257
 20
42815.92515511
 11
30581.39016593
 21
42739.20179252
 72
     2
 10
30249.48384435861
 20
42713.11291832956
 40
332.9300762255876
 50
355.5056135771711
 51
377.8097618890565
 73
     0
 72
     1
 10
30566.45901090272
 20
42611.28375035737
 11
30553.34306316
 21
42565.66186988
 72
     1
 10
30553.34306316
 20
42565.66186988
 11
30547.39514436
 21
42556.65297385999
 72
     1
 10
30547.39514436
 20
42556.65297385999
 11
30525.72109807281
 21
42505.24778370114
 72
     1
 10
30525.72109807281
 20
42505.24778370114
 11
30519.59445270215
 21
42490.08303495483
 72
     1
 10
30519.59445270215
 20
42490.08303495483
 11
30525.77327844033
 21
42476.32909762868
 72
     1
 10
30525.77327844033
 20
42476.32909762868
 11
30531.51630957238
 21
42468.02733168646
 72
     1
 10
30531.51630957238
 20
42468.02733168646
 11
30546.18834615622
 21
42444.39419392675
 72
     1
 10
30546.18834615622
 20
42444.39419392675
 11
30561.80669526546
 21
42430.22277882503
 72
     1
 10
30561.80669526546
 20
42430.22277882503
 11
30568.5166654857
 21
42426.25480325487
 72
     1
 10
30568.5166654857
 20
42426.25480325487
 11
30574.00752455966
 21
42424.05975937121
 72
     1
 10
30574.00752455966
 20
42424.05975937121
 11
30579.57864578904
 21
42422.5833032736
 72
     1
 10
30579.57864578904
 20
42422.5833032736
 11
30596.02313063858
 21
42421.44534646118
 72
     1
 10
30596.02313063858
 20
42421.44534646118
 11
30654.79206253201
 21
42423.33492174573
 72
     1
 10
30654.79206253201
 20
42423.33492174573
 11
30701.08874625845
 21
42426.93342907783
 72
     1
 10
30701.08874625845
 20
42426.93342907783
 11
30760.54269703
 21
42610.05054054506
 72
     1
 10
30760.54269703
 20
42610.05054054506
 11
30778.50243595436
 21
42728.91302362859
 72
     1
 10
30778.50243595436
 20
42728.91302362859
 11
30803.3609013592
 21
42817.33160514727
 72
     1
 10
30803.3609013592
 20
42817.33160514727
 11
30803.3008655
 21
42917.58893999999
 72
     1
 10
30803.3008655
 20
42917.58893999999
 11
30727.12125978842
 21
42949.31015614787
 72
     1
 10
30727.12125978842
 20
42949.31015614787
 11
30753.54849057009
 21
43004.99464168134
 72
     1
 10
30753.54849057009
 20
43004.99464168134
 11
30822.937875
 21
42972.639149
 72
     1
 10
30822.937875
 20
42972.639149
 11
30917.04698627026
 21
42930.24588992725
 72
     1
 10
30917.04698627026
 20
42930.24588992725
 11
30876.746297
 21
42794.814263
 72
     1
 10
30876.746297
 20
42794.814263
 11
30944.611574
 21
42759.913109
 72
     1
 10
30944.611574
 20
42759.913109
 11
30954.3674573298
 21
42750.81159937254
 72
     1
 10
30954.3674573298
 20
42750.81159937254
 11
31030.73415586495
 21
42735.24752812337
 72
     1
 10
31030.73415586495
 20
42735.24752812337
 11
31057.15772466
 21
42750.27677828999
 72
     1
 10
31057.15772466
 20
42750.27677828999
 11
31261.16372977
 21
43239.22040074999
 72
     1
 10
31261.16372977
 20
43239.22040074999
 11
31200.22801675
 21
43266.25338926
 72
     1
 10
31200.22801675
 20
43266.25338926
 11
31159.339921
 21
43264.733556
 72
     1
 10
31159.339921
 20
43264.733556
 11
31091.974415
 21
43325.5783
 72
     1
 10
31091.974415
 20
43325.5783
 11
31030.83524853704
 21
43397.77160590068
 72
     1
 10
31030.83524853704
 20
43397.77160590068
 11
30974.06390645161
 21
43434.0146775
 72
     1
 10
30974.06390645161
 20
43434.0146775
 11
30837.66564028413
 21
43448.49250195999
 97
        0
 75
     1
 76
     1
 98
        1
 10
30935.86567212709
 20
43264.98986877139
450
        0
451
        0
460
0.0
461
0.0
452
        0
462
1.0
453
        2
463
0.0
 63
     5
421
      255
463
1.0
 63
     2
421
 16776960
470
LINEAR
1001
GradientColor1ACI
1070
     5
1001
GradientColor2ACI
1070
     2
1001
ACAD
1010
0.0
1020
0.0
1030
0.0
  0
HATCH
  5
2F6
330
1F
100
AcDbEntity
  8
00 Парки и скверы
100
AcDbHatch
 10
0.0
 20
0.0
 30
0.0
210
0.0
220
0.0
230
1.0
  2
SOLID
 70
     1
 71
     0
 91
        1
 92
        1
 93
        5
 72
     1
 10
25926.23116094686
 20
42761.28473594019
 11
25919.98271113671
 21
42756.80862970181
 72
     1
 10
25919.98271113671
 20
42756.80862970181
 11
25910.92154679629
 21
42726.5135408307
 72
     1
 10
25910.92154679629
 20
42726.5135408307
 11
25991.32888712118
 21
42703.74419214713
 72
     1
 10
25991.32888712118
 20
42703.74419214713
 11
26000.00000119236
 21
42740.80452334146
 72
     1
 10
26000.00000119236
 20
42740.80452334146
 11
25926.23116094686
 21
42761.28473594019
 97
        0
 75
     1
 76
     1
 98
        1
 10
25967.37004159165
 20
42730.97613557365
450
        0
451
        0
460
0.0
461
0.0
452
        0
462
1.0
453
        2
463
0.0
 63
     5
421
      255
463
1.0
 63
     2
421
 16776960
470
LINEAR
1001
GradientColor1ACI
1070
     5
1001
GradientColor2ACI
1070
     2
1001
ACAD
1010
0.0
1020
0.0
1030
0.0
  0
HATCH
  5
2F7
330
1F
100
AcDbEntity
  8
00 Парки и скверы
100
AcDbHatch
 10
0.0
 20
0.0
 30
0.0
210
0.0
220
0.0
230
1.0
  2
SOLID
 70
     1
 71
     0
 91
        1
 92
        1
 93
        4
 72
     1
 10
28638.33457520921
 20
42134.92516349186
 11
28631.90659596977
 21
42114.13564716295
 72
     1
 10
28631.90659596977
 20
42114.13564716295
 11
28704.71034253398
 21
42092.79740924203
 72
     1
 10
28704.71034253398
 20
42092.79740924203
 11
28712.10341545471
 21
42114.44495089314
 72
     1
 10
28712.10341545471
 20
42114.44495089314
 11
28638.33457520921
 21
42134.92516349186
 97
        0
 75
     1
 76
     1
 98
        1
 10
28679.473455854
 20
42104.61656312533
450
        0
451
        0
460
0.0
461
0.0
452
        0
462
1.0
453
        2
463
0.0
 63
     5
421
      255
463
1.0
 63
     2
421
 16776960
470
LINEAR
1001
GradientColor1ACI
1070
     5
1001
GradientColor2ACI
1070
     2
1001
ACAD
1010
0.0
1020
0.0
1030
0.0
  0
HATCH
  5
2F8
330
1F
100
AcDbEntity
  8
00 Парки и скверы
100
AcDbHatch
 10
0.0
 20
0.0
 30
0.0
210
0.0
220
0.0
230
1.0
  2
SOLID
 70
     1
 71
     0
 91
        1
 92
        1
 93
        6
 72
     1
 10
26475.44661311562
 20
43090.47006980826
 11
26454.80069310123
 21
43018.44479675365
 72
     1
 10
26454.80069310123
 20
43018.44479675365
 11
26475.89937691567
 21
43012.7760943334
 72
     1
 10
26475.89937691567
 20
43012.7760943334
 11
26481.67455771011
 21
43034.02334431408
 72
     1
 10
26481.67455771011
 20
43034.02334431408
 11
26499.11640655
 21
43029.35090989
 72
     1
 10
26499.11640655
 20
43029.35090989
 11
26510.75341359379
 21
43082.26310823863
 72
     1
 10
26510.75341359379
 20
43082.26310823863
 11
26475.44661311562
 21
43090.47006980826
 97
        0
 75
     1
 76
     1
 98
        1
 10
26500.92374295034
 20
43072.11432481551
450
        0
451
        0
460
0.0
461
0.0
452
        0
462
1.0
453
        2
463
0.0
 63
     5
421
      255
463
1.0
 63
     2
421
 16776960
470
LINEAR
1001
GradientColor1ACI
1070
     5
1001
GradientColor2ACI
1070
     2
1001
ACAD
1010
0.0
1020
0.0
1030
0.0
  0
HATCH
  5
2F9
330
1F
100
AcDbEntity
  8
00 Парки и скверы
100
AcDbHatch
 10
0.0
 20
0.0
 30
0.0
210
0.0
220
0.0
230
1.0
  2
SOLID
 70
     1
 71
     0
 91
        1
 92
        1
 93
       42
 72
     1
 10
25503.44173930219
 20
42292.99515505897
 11
25478.62535605052
 21
42259.21127458741
 72
     1
 10
25478.62535605052
 20
42259.21127458741
 11
25478.3593393131
 21
42259.41297249509
 72
     1
 10
25478.3593393131
 20
42259.41297249509
 11
25462.36235851006
 21
42236.80734367466
 72
     1
 10
25462.36235851006
 20
42236.80734367466
 11
25460.18169901713
 21
42232.90921625595
 72
     1
 10
25460.18169901713
 20
42232.90921625595
 11
25457.69636724475
 21
42227.50546751872
 72
     1
 10
25457.69636724475
 20
42227.50546751872
 11
25455.61878322298
 21
42221.43663133474
 72
     1
 10
25455.61878322298
 20
42221.43663133474
 11
25452.72433231528
 21
42209.88612068141
 72
     1
 10
25452.72433231528
 20
42209.88612068141
 11
25451.98081856401
 21
42205.7528340763
 72
     1
 10
25451.98081856401
 20
42205.7528340763
 11
25451.38452136469
 21
42201.65554370546
 72
     2
 10
25472.72670298343
 20
42198.85801256207
 40
21.52475079404377
 50
172.5322505755118
 51
189.2066856193439
 73
     1
 72
     1
 10
25451.47924258638
 20
42195.41413053425
 11
25452.14031379285
 21
42191.61033012115
 72
     1
 10
25452.14031379285
 20
42191.61033012115
 11
25453.24418279123
 21
42187.80652970806
 72
     1
 10
25453.24418279123
 20
42187.80652970806
 11
25457.23427438916
 21
42178.97062762835
 72
     1
 10
25457.23427438916
 20
42178.97062762835
 11
25487.64415584759
 21
42101.32063526817
 72
     1
 10
25487.64415584759
 20
42101.32063526817
 11
25489.55886401778
 21
42101.5808725063
 72
     1
 10
25489.55886401778
 20
42101.5808725063
 11
25492.09200289835
 21
42103.365363508
 72
     1
 10
25492.09200289835
 20
42103.365363508
 11
25494.73501201755
 21
42105.869118107
 72
     1
 10
25494.73501201755
 20
42105.869118107
 11
25496.63514523882
 21
42108.69105429553
 72
     1
 10
25496.63514523882
 20
42108.69105429553
 11
25497.96765276862
 21
42111.61854968893
 72
     1
 10
25497.96765276862
 20
42111.61854968893
 11
25498.51394226571
 21
42114.2755609823
 72
     1
 10
25498.51394226571
 20
42114.2755609823
 11
25498.62795855108
 21
42117.07449131312
 72
     1
 10
25498.62795855108
 20
42117.07449131312
 11
25498.30361012529
 21
42120.93833503157
 72
     1
 10
25498.30361012529
 20
42120.93833503157
 11
25497.61960809107
 21
42123.91023900232
 72
     1
 10
25497.61960809107
 20
42123.91023900232
 11
25496.87625380313
 21
42125.58340280751
 72
     2
 10
25525.55802089068
 20
42157.65457818244
 40
43.02562089260621
 50
131.8067771783435
 51
178.6170340725792
 73
     0
 72
     1
 10
25482.54493296118
 20
42156.61615632066
 11
25477.17258127257
 21
42187.6489098338
 72
     1
 10
25477.17258127257
 20
42187.6489098338
 11
25476.95536031603
 21
42190.11361066718
 72
     1
 10
25476.95536031603
 20
42190.11361066718
 11
25477.16036638103
 21
42195.55343827464
 72
     1
 10
25477.16036638103
 20
42195.55343827464
 11
25477.79764565774
 21
42198.96265186822
 72
     1
 10
25477.79764565774
 20
42198.96265186822
 11
25478.69284093439
 21
42201.94653805651
 72
     1
 10
25478.69284093439
 20
42201.94653805651
 11
25481.08574933791
 21
42205.85004370533
 72
     1
 10
25481.08574933791
 20
42205.85004370533
 11
25499.57295087598
 21
42231.920362917
 72
     1
 10
25499.57295087598
 20
42231.920362917
 11
25518.80363248876
 21
42258.34990597644
 72
     2
 10
25502.77952981643
 20
42267.12030988948
 40
18.26723436241787
 50
331.3069771614573
 51
354.6111371994657
 73
     1
 72
     1
 10
25520.96602736233
 20
42265.40474634815
 11
25520.95118760743
 21
42266.79970744775
 72
     1
 10
25520.95118760743
 20
42266.79970744775
 11
25520.65706794436
 21
42268.42806649138
 72
     1
 10
25520.65706794436
 20
42268.42806649138
 11
25512.53362197447
 21
42290.97235432471
 72
     1
 10
25512.53362197447
 20
42290.97235432471
 11
25511.66428344354
 21
42292.3416853412
 72
     1
 10
25511.66428344354
 20
42292.3416853412
 11
25509.92560638162
 21
42293.73734215426
 72
     1
 10
25509.92560638162
 20
42293.73734215426
 11
25508.55574717245
 21
42294.39565403747
 72
     1
 10
25508.55574717245
 20
42294.39565403747
 11
25507.396641022
 21
42294.68532128445
 72
     1
 10
25507.396641022
 20
42294.68532128445
 11
25503.44173930219
 21
42292.99515505897
 97
        0
 75
     1
 76
     1
 98
        1
 10
25516.484303222
 20
42214.05577604383
450
        0
451
        0
460
0.0
461
0.0
452
        0
462
1.0
453
        2
463
0.0
 63
     5
421
      255
463
1.0
 63
     2
421
 16776960
470
LINEAR
1001
GradientColor1ACI
1070
     5
1001
GradientColor2ACI
1070
     2
1001
ACAD
1010
0.0
1020
0.0
1030
0.0
  0
HATCH
  5
2FA
330
1F
100
AcDbEntity
  8
00 Парки и скверы
100
AcDbHatch
 10
0.0
 20
0.0
 30
0.0
210
0.0
220
0.0
230
1.0
  2
SOLID
 70
     1
 71
     0
 91
        1
 92
        1
 93
       12
 72
     1
 10
26041.9720994
 20
42370.96561674
 11
26034.95
 21
42342.68
 72
     1
 10
26034.95
 20
42342.68
 11
26037.83
 21
42329.54
 72
     1
 10
26037.83
 20
42329.54
 11
26042.73869317
 21
42323.06349714
 72
     1
 10
26042.73869317
 20
42323.06349714
 11
26045.41025
 21
42332.82065
 72
     1
 10
26045.41025
 20
42332.82065
 11
26054.12637010764
 21
42364.07241658078
 72
     1
 10
26054.12637010764
 20
42364.07241658078
 11
26054.97488499102
 21
42366.97505736683
 72
     1
 10
26054.97488499102
 20
42366.97505736683
 11
26055.3691
 21
42368.9883
 72
     1
 10
26055.3691
 20
42368.9883
 11
26056.1602
 21
42369.9883
 72
     1
 10
26056.1602
 20
42369.9883
 11
26057.48611801413
 21
42375.16579311428
 72
     1
 10
26057.48611801413
 20
42375.16579311428
 11
26045.57048147073
 21
42377.29682212407
 72
     1
 10
26045.57048147073
 20
42377.29682212407
 11
26043.35030783731
 21
42375.57753687812
 72
     1
 10
26043.35030783731
 20
42375.57753687812
 11
26041.9720994
 21
42370.96561674
 97
        0
 75
     1
 76
     1
 98
        1
 10
26076.3936288799
 20
42388.99718069957
450
        0
451
        0
460
0.0
461
0.0
452
        0
462
1.0
453
        2
463
0.0
 63
     5
421
      255
463
1.0
 63
     2
421
 16776960
470
LINEAR
1001
GradientColor1ACI
1070
     5
1001
GradientColor2ACI
1070
     2
1001
ACAD
1010
0.0
1020
0.0
1030
0.0
  0
HATCH
  5
2FB
330
1F
100
AcDbEntity
  8
00 Парки и скверы
100
AcDbHatch
 10
0.0
 20
0.0
 30
0.0
210
0.0
220
0.0
230
1.0
  2
SOLID
 70
     1
 71
     0
 91
        1
 92
        1
 93
       15
 72
     1
 10
29600.70189477372
 20
41932.97455974418
 11
29593.56162783372
 21
41930.34387923419
 72
     1
 10
29593.56162783372
 20
41930.34387923419
 11
29587.56848067372
 21
41925.56563887419
 72
     1
 10
29587.56848067372
 20
41925.56563887419
 11
29583.33146168372
 21
41923.80050893419
 72
     1
 10
29583.33146168372
 20
41923.80050893419
 11
29581.82117618372
 21
41915.94364006419
 72
     1
 10
29581.82117618372
 20
41915.94364006419
 11
29581.38045149372
 21
41912.63039123419
 72
     1
 10
29581.38045149372
 20
41912.63039123419
 11
29571.42397250372
 21
41913.51282193418
 72
     1
 10
29571.42397250372
 20
41913.51282193418
 11
29561.12295996371
 21
41908.22053410419
 72
     1
 10
29561.12295996371
 20
41908.22053410419
 11
29556.30838036372
 21
41908.57424390419
 72
     1
 10
29556.30838036372
 20
41908.57424390419
 11
29548.05598816443
 21
41909.18638384713
 72
     1
 10
29548.05598816443
 20
41909.18638384713
 11
29534.55222903371
 21
41918.33269540542
 72
     1
 10
29534.55222903371
 20
41918.33269540542
 11
29536.7882927762
 21
41953.42108581419
 72
     1
 10
29536.7882927762
 20
41953.42108581419
 11
29585.021
 21
41943.027
 72
     1
 10
29585.021
 20
41943.027
 11
29591.53614345018
 21
41942.04288265632
 72
     1
 10
29591.53614345018
 20
41942.04288265632
 11
29602.60267209835
 21
41939.37447216489
 72
     1
 10
29602.60267209835
 20
41939.37447216489
 11
29600.70189477372
 21
41932.97455974418
 97
        0
 75
     1
 76
     1
 98
        3
 10
0.0
 20
0.0
 10
841.0920329906549
 20
-359.3444229832457
 10
3655.920726965607
 20
-385.2669967201946
450
        0
451
        0
460
0.0
461
0.0
452
        0
462
0.0
453
        2
463
0.0
 63
     5
421
      255
463
1.0
 63
     2
421
 16776960
470
LINEAR
1001
GradientColor1ACI
1070
     5
1001
GradientColor2ACI
1070
     2
1001
ACAD
1010
0.0
1020
0.0
1030
0.0
  0
HATCH
  5
2FC
330
1F
100
AcDbEntity
  8
00 Парки и скверы
100
AcDbHatch
 10
0.0
 20
0.0
 30
0.0
210
0.0
220
0.0
230
1.0
  2
SOLID
 70
     1
 71
     0
 91
        1
 92
        1
 93
       11
 72
     1
 10
29406.58989393949
 20
41956.06292422064
 11
29381.82236833755
 21
41957.10737489956
 72
     1
 10
29381.82236833755
 20
41957.10737489956
 11
29358.65491935563
 21
41958.2820050799
 72
     1
 10
29358.65491935563
 20
41958.2820050799
 11
29357.75157509133
 21
41950.21492528452
 72
     1
 10
29357.75157509133
 20
41950.21492528452
 11
29355.61307115592
 21
41949.8618673733
 72
     1
 10
29355.61307115592
 20
41949.8618673733
 11
29312.46631802396
 21
41948.07568102051
 72
     1
 10
29312.46631802396
 20
41948.07568102051
 11
29312.39126024366
 21
41950.75669166924
 72
     1
 10
29312.39126024366
 20
41950.75669166924
 11
29313.32618463184
 21
41977.07553404645
 72
     1
 10
29313.32618463184
 20
41977.07553404645
 11
29369.545
 21
41974.511
 72
     1
 10
29369.545
 20
41974.511
 11
29389.371
 21
41973.58576097806
 72
     1
 10
29389.371
 20
41973.58576097806
 11
29407.5986422221
 21
41972.5881549666
 72
     1
 10
29407.5986422221
 20
41972.5881549666
 11
29406.58989393949
 21
41956.06292422064
 97
        0
 75
     1
 76
     1
 98
        3
 10
-205.3305045707784
 20
35.20025115813769
 10
635.7615284198764
 20
-324.1441718251081
 10
3450.590222394829
 20
-350.0667455620569
450
        0
451
        0
460
0.0
461
0.0
452
        0
462
0.0
453
        2
463
0.0
 63
     5
421
      255
463
1.0
 63
     2
421
 16776960
470
LINEAR
1001
GradientColor1ACI
1070
     5
1001
GradientColor2ACI
1070
     2
1001
ACAD
1010
0.0
1020
0.0
1030
0.0
  0
HATCH
  5
2FD
330
1F
100
AcDbEntity
  8
00 Парки и скверы
440
 33554559
100
AcDbHatch
 10
0.0
 20
0.0
 30
0.0
210
0.0
220
0.0
230
1.0
  2
SOLID
 70
     1
 71
     0
 91
        1
 92
        1
 93
       10
 72
     1
 10
27375.82589515692
 20
42578.26807305683
 11
27357.27486668801
 21
42542.51569046178
 72
     1
 10
27357.27486668801
 20
42542.51569046178
 11
27396.98574499425
 21
42552.98033694864
 72
     1
 10
27396.98574499425
 20
42552.98033694864
 11
27419.13229955788
 21
42559.27633219632
 72
     1
 10
27419.13229955788
 20
42559.27633219632
 11
27441.51797484233
 21
42569.15731417616
 72
     1
 10
27441.51797484233
 20
42569.15731417616
 11
27496.77680716489
 21
42611.04238975787
 72
     1
 10
27496.77680716489
 20
42611.04238975787
 11
27502.85976481362
 21
42617.31415840593
 72
     1
 10
27502.85976481362
 20
42617.31415840593
 11
27490.69820944235
 21
42628.58155784757
 72
     1
 10
27490.69820944235
 20
42628.58155784757
 11
27471.01126586001
 21
42604.80695258
 72
     1
 10
27471.01126586001
 20
42604.80695258
 11
27392.35516157003
 21
42575.04115350999
 72
     1
 10
27392.35516157003
 20
42575.04115350999
 11
27375.82589515692
 21
42578.26807305683
 97
        0
 75
     1
 76
     1
 98
        1
 10
0.0
 20
0.0
450
        0
451
        0
460
0.0
461
0.0
452
        0
462
0.0
453
        2
463
0.0
 63
     5
421
      255
463
1.0
 63
     2
421
 16776960
470
LINEAR
1001
GradientColor1ACI
1070
     5
1001
GradientColor2ACI
1070
     2
1001
ACAD
1010
0.0
1020
0.0
1030
0.0
  0
HATCH
  5
2FE
330
1F
100
AcDbEntity
  8
00 Парки и скверы
100
AcDbHatch
 10
0.0
 20
0.0
 30
0.0
210
0.0
220
0.0
230
1.0
  2
SOLID
 70
     1
 71
     0
 91
        1
 92
        1
 93
        4
 72
     1
 10
26900.10010584196
 20
41183.87131384238
 11
26886.10010584196
 21
41183.87131384238
 72
     1
 10
26886.10010584196
 20
41183.87131384238
 11
26886.10010584196
 21
41177.92921398137
 72
     1
 10
26886.10010584196
 20
41177.92921398137
 11
26900.10010584196
 21
41177.92921398137
 72
     1
 10
26900.10010584196
 20
41177.92921398137
 11
26900.10010584196
 21
41183.87131384238
 97
        0
 75
     1
 76
     1
 98
        1
 10
26893.7529846158
 20
41181.89711659731
450
        0
451
        0
460
0.0
461
0.0
452
        0
462
1.0
453
        2
463
0.0
 63
     5
421
      255
463
1.0
 63
     2
421
 16776960
470
LINEAR
1001
GradientColor1ACI
1070
     5
1001
GradientColor2ACI
1070
     2
1001
ACAD
1010
0.0
1020
0.0
1030
0.0
  0
ENDSEC
  0
SECTION
  2
OBJECTS
  0
DICTIONARY
  5
C
330
0
100
AcDbDictionary
281
     1
  3
ACAD_CIP_PREVIOUS_PRODUCT_INFO
350
216
  3
ACAD_COLOR
350
6B
  3
ACAD_DETAILVIEWSTYLE
350
21B
  3
ACAD_GROUP
350
D
  3
ACAD_LAYOUT
350
1A
  3
ACAD_MATERIAL
350
6A
  3
ACAD_MLEADERSTYLE
350
12D
  3
ACAD_MLINESTYLE
350
17
  3
ACAD_PLOTSETTINGS
350
19
  3
ACAD_PLOTSTYLENAME
350
E
  3
ACAD_SCALELIST
350
10C
  3
ACAD_SECTIONVIEWSTYLE
350
219
  3
ACAD_TABLESTYLE
350
7E
  3
ACAD_VISUALSTYLE
350
EF
  3
ACDB_RECOMPOSE_DATA
350
304
  3
AcDbVariableDictionary
350
5E
  3
AEC_PROPERTY_SET_DEFS
350
2CF
  0
DICTIONARY
  5
1FF
330
2
100
AcDbDictionary
280
     1
281
     1
  3
ACAD_LAYERSTATES
360
200
  0
DICTIONARY
  5
13C
330
10
100
AcDbDictionary
280
     1
281
     1
  0
DICTIONARY
  5
1CE
330
1F
100
AcDbDictionary
280
     1
281
     1
  0
XRECORD
  5
216
102
{ACAD_REACTORS
330
C
102
}
330
C
100
AcDbXrecord
280
     1
300
ACD
300
2021
300
ACD_F_S
  0
DICTIONARY
  5
6B
102
{ACAD_REACTORS
330
C
102
}
330
C
100
AcDbDictionary
281
     1
  0
DICTIONARY
  5
21B
102
{ACAD_REACTORS
330
C
102
}
330
C
100
AcDbDictionary
281
     1
  3
Metric50
350
21C
  0
DICTIONARY
  5
D
102
{ACAD_REACTORS
330
C
102
}
330
C
100
AcDbDictionary
281
     1
  0
DICTIONARY
  5
1A
102
{ACAD_REACTORS
330
C
102
}
330
C
100
AcDbDictionary
281
     1
  3
Model
350
22
  3
Лист1
350
D3
  3
Лист2
350
D7
  0
DICTIONARY
  5
6A
102
{ACAD_REACTORS
330
C
102
}
330
C
100
AcDbDictionary
281
     1
  3
ByBlock
350
ED
  3
ByLayer
350
EC
  3
Global
350
EE
  0
DICTIONARY
  5
12D
102
{ACAD_REACTORS
330
C
102
}
330
C
100
AcDbDictionary
281
     1
  3
Standard
350
12E
  3
Аннотативный
350
13B
  0
DICTIONARY
  5
17
102
{ACAD_REACTORS
330
C
102
}
330
C
100
AcDbDictionary
281
     1
  3
Standard
350
18
  0
DICTIONARY
  5
19
102
{ACAD_REACTORS
330
C
102
}
330
C
100
AcDbDictionary
281
     1
  0
ACDBDICTIONARYWDFLT
  5
E
102
{ACAD_REACTORS
330
C
102
}
330
C
100
AcDbDictionary
281
     1
  3
Normal
350
F
100
AcDbDictionaryWithDefault
340
F
  0
DICTIONARY
  5
10C
102
{ACAD_REACTORS
330
C
102
}
330
C
100
AcDbDictionary
281
     1
  3
A0
350
10D
  3
A1
350
1BE
  3
A2
350
1BF
  3
A3
350
1C0
  3
A4
350
1C1
  3
A5
350
1C2
  3
A6
350
1C3
  3
A7
350
1C4
  3
A8
350
1C5
  3
A9
350
1C6
  3
B0
350
1C7
  3
B1
350
1C8
  3
B2
350
1C9
  3
B3
350
1CA
  3
B4
350
1CB
  3
B5
350
1CC
  3
B6
350
1CD
  0
DICTIONARY
  5
219
102
{ACAD_REACTORS
330
C
102
}
330
C
100
AcDbDictionary
281
     1
  3
Metric50
350
21A
  0
DICTIONARY
  5
7E
102
{ACAD_REACTORS
330
C
102
}
330
C
100
AcDbDictionary
281
     1
  3
Standard
350
7F
  0
DICTIONARY
  5
EF
102
{ACAD_REACTORS
330
C
102
}
330
C
100
AcDbDictionary
281
     1
  3
2dWireframe
350
F5
  3
Basic
350
F4
  3
Brighten
350
FB
  3
ColorChange
350
FF
  3
Conceptual
350
F8
  3
Dim
350
FA
  3
EdgeColorOff
350
1E6
  3
Facepattern
350
FE
  3
Flat
350
F0
  3
FlatWithEdges
350
F1
  3
Gouraud
350
F2
  3
GouraudWithEdges
350
F3
  3
Hidden
350
F7
  3
JitterOff
350
1E4
  3
Linepattern
350
FD
  3
OverhangOff
350
1E5
  3
Realistic
350
F9
  3
Shaded
350
1F3
  3
Shaded with edges
350
1F2
  3
Shades of Gray
350
1EF
  3
Sketchy
350
1F0
  3
Thicken
350
FC
  3
Wireframe
350
F6
  3
X-Ray
350
1F1
  0
XRECORD
  5
304
102
{ACAD_REACTORS
330
C
102
}
330
C
100
AcDbXrecord
280
     1
 90
        1
330
7F
  0
DICTIONARY
  5
5E
102
{ACAD_REACTORS
330
C
102
}
330
C
100
AcDbDictionary
281
     1
  3
CANNOSCALE
350
146
  3
CENTEREXE
350
259
  3
CENTERLTYPEFILE
350
25A
  3
CMLEADERSTYLE
350
145
  3
CTABLESTYLE
350
84
  3
CVIEWDETAILSTYLE
350
227
  3
CVIEWSECTIONSTYLE
350
228
  3
DIMASSOC
350
5F
  3
HIDETEXT
350
63
  3
LAYEREVAL
350
1AE
  3
LAYERNOTIFY
350
1AF
  0
DICTIONARY
  5
2CF
102
{ACAD_REACTORS
330
C
102
}
330
C
100
AcDbDictionary
281
     1
  0
DICTIONARY
  5
200
102
{ACAD_REACTORS
330
1FF
102
}
330
1FF
100
AcDbDictionary
281
     1
  0
ACDBDETAILVIEWSTYLE
  5
21C
102
{ACAD_REACTORS
330
21B
102
}
330
21B
100
AcDbModelDocViewStyle
 70
     0
  3
Metric50
290
     0
300
Metric50
 90
        0
100
AcDbDetailViewStyle
 70
     0
 71
     0
 90
        3
 71
     1
340
11
 62
   256
 40
5.0
340
0
 62
   256
 40
5.0
300

 40
0.0
280
     1
 71
     2
340
16
 90
       25
 62
   256
 71
     3
340
11
 62
   256
 40
5.0
 90
        0
 40
15.0
 90
        1
300
%<\AcVar ViewDetailId>% (%<\AcVar ViewScale \f "%sn">%)
 71
     4
340
16
 90
       25
 62
   256
340
16
 90
       25
 62
   256
280
     0
  0
LAYOUT
  5
22
102
{ACAD_XDICTIONARY
360
205
102
}
102
{ACAD_REACTORS
330
1A
102
}
330
1A
100
AcDbPlotSettings
  1

  2
none_device
  4
ISO_A4_(210.00_x_297.00_MM)
  6

 40
7.5
 41
20.0
 42
7.5
 43
20.0
 44
210.0
 45
297.0
 46
11.54999923706054
 47
-13.65000009536743
 48
0.0
 49
0.0
140
0.0
141
0.0
142
1.0
143
8.704084754739808
 70
 11952
 72
     1
 73
     0
 74
     0
  7

 75
     0
147
0.1148885871608098
 76
     0
 77
     2
 78
   300
148
0.0
149
0.0
100
AcDbLayout
  1
Model
 70
     1
 71
     0
 10
0.0
 20
0.0
 11
12.0
 21
9.0
 12
0.0
 22
0.0
 32
0.0
 14
0.0
 24
0.0
 34
0.0
 15
0.0
 25
0.0
 35
0.0
146
0.0
 13
0.0
 23
0.0
 33
0.0
 16
1.0
 26
0.0
 36
0.0
 17
0.0
 27
1.0
 37
0.0
 76
     0
330
1F
331
EA
1001
ACAD_PSEXT
1000
None
1000
None
1000
Not applicable
1000
The layout will not be plotted unless a new plotter configuration name is selected.
1070
     0
  0
LAYOUT
  5
D3
102
{ACAD_REACTORS
330
1A
102
}
330
1A
100
AcDbPlotSettings
  1

  2
C:\Documents and Settings\basas\Application Data\Autodesk\AutoCAD 2005\R16.1\enu\plotters\Default Windows System Printer.pc3
  4

  6

 40
0.0
 41
0.0
 42
0.0
 43
0.0
 44
0.0
 45
0.0
 46
0.0
 47
0.0
 48
0.0
 49
0.0
140
0.0
141
0.0
142
1.0
143
1.0
 70
   688
 72
     0
 73
     0
 74
     5
  7

 75
    16
147
1.0
 76
     0
 77
     2
 78
   300
148
0.0
149
0.0
100
AcDbLayout
  1
Лист1
 70
     1
 71
     1
 10
0.0
 20
0.0
 11
12.0
 21
9.0
 12
0.0
 22
0.0
 32
0.0
 14
0.0
 24
0.0
 34
0.0
 15
0.0
 25
0.0
 35
0.0
146
0.0
 13
0.0
 23
0.0
 33
0.0
 16
1.0
 26
0.0
 36
0.0
 17
0.0
 27
1.0
 37
0.0
 76
     0
330
D2
  0
LAYOUT
  5
D7
102
{ACAD_REACTORS
330
1A
102
}
330
1A
100
AcDbPlotSettings
  1

  2
C:\Documents and Settings\basas\Application Data\Autodesk\AutoCAD 2005\R16.1\enu\plotters\Default Windows System Printer.pc3
  4

  6

 40
0.0
 41
0.0
 42
0.0
 43
0.0
 44
0.0
 45
0.0
 46
0.0
 47
0.0
 48
0.0
 49
0.0
140
0.0
141
0.0
142
1.0
143
1.0
 70
   688
 72
     0
 73
     0
 74
     5
  7

 75
    16
147
1.0
 76
     0
 77
     2
 78
   300
148
0.0
149
0.0
100
AcDbLayout
  1
Лист2
 70
     1
 71
     2
 10
0.0
 20
0.0
 11
12.0
 21
9.0
 12
0.0
 22
0.0
 32
0.0
 14
0.0
 24
0.0
 34
0.0
 15
0.0
 25
0.0
 35
0.0
146
0.0
 13
0.0
 23
0.0
 33
0.0
 16
1.0
 26
0.0
 36
0.0
 17
0.0
 27
1.0
 37
0.0
 76
     0
330
D6
  0
MATERIAL
  5
ED
102
{ACAD_XDICTIONARY
360
1F9
102
}
102
{ACAD_REACTORS
330
6A
102
}
330
6A
100
AcDbMaterial
  1
ByBlock
 94
       63
  0
MATERIAL
  5
EC
102
{ACAD_XDICTIONARY
360
1F7
102
}
102
{ACAD_REACTORS
330
6A
102
}
330
6A
100
AcDbMaterial
  1
ByLayer
 94
       63
  0
MATERIAL
  5
EE
102
{ACAD_XDICTIONARY
360
173
102
}
102
{ACAD_REACTORS
330
6A
102
}
330
6A
100
AcDbMaterial
  1
Global
 43
0.0007999999797903
 43
0.0
 43
0.0
 43
0.0
 43
0.0
 43
0.0007999999797903
 43
0.0
 43
0.0
 43
0.0
 43
0.0
 43
1.0
 43
0.0
 43
0.0
 43
0.0
 43
0.0
 43
1.0
 49
0.0007999999797903
 49
0.0
 49
0.0
 49
0.0
 49
0.0
 49
0.0007999999797903
 49
0.0
 49
0.0
 49
0.0
 49
0.0
 49
1.0
 49
0.0
 49
0.0
 49
0.0
 49
0.0
 49
1.0
142
0.0007999999797903
142
0.0
142
0.0
142
0.0
142
0.0
142
0.0007999999797903
142
0.0
142
0.0
142
0.0
142
0.0
142
1.0
142
0.0
142
0.0
142
0.0
142
0.0
142
1.0
144
0.0007999999797903
144
0.0
144
0.0
144
0.0
144
0.0
144
0.0007999999797903
144
0.0
144
0.0
144
0.0
144
0.0
144
1.0
144
0.0
144
0.0
144
0.0
144
0.0
144
1.0
 94
       63
1001
ACAD
1070
    -1
1070
     3
1070
     0
1000

1071
        0
1070
     0
  0
MLEADERSTYLE
  5
12E
102
{ACAD_REACTORS
330
12D
102
}
330
12D
100
AcDbMLeaderStyle
179
     2
170
     2
171
     1
172
     0
 90
        2
 40
0.0
 41
0.0
173
     1
 91
-1056964608
340
14
 92
       -2
290
     1
 42
2.0
291
     1
 43
8.0
  3
Standard
 44
4.0
300

342
11
174
     1
178
     1
175
     1
176
     0
 93
-1056964608
 45
4.0
292
     0
297
     0
 46
4.0
 94
-1056964608
 47
1.0
 49
1.0
140
1.0
293
     1
141
0.0
294
     1
177
     0
142
1.0
295
     0
296
     0
143
3.75
271
     0
272
     9
273
     9
298
     0
  0
MLEADERSTYLE
  5
13B
102
{ACAD_REACTORS
330
12D
102
}
330
12D
100
AcDbMLeaderStyle
179
     2
170
     2
171
     1
172
     0
 90
        2
 40
0.0
 41
0.0
173
     1
 91
-1056964608
340
14
 92
       -2
290
     1
 42
2.0
291
     1
 43
8.0
  3
Standard
 44
4.0
300

342
11
174
     1
178
     1
175
     1
176
     0
 93
-1056964608
 45
4.0
292
     0
297
     0
 46
4.0
 94
-1056964608
 47
1.0
 49
1.0
140
1.0
293
     1
141
0.0
294
     1
177
     0
142
1.0
295
     0
296
     1
143
3.75
271
     0
272
     9
273
     9
298
     0
  0
MLINESTYLE
  5
18
102
{ACAD_REACTORS
330
17
102
}
330
17
100
AcDbMlineStyle
  2
STANDARD
 70
     0
  3

 62
   256
 51
90.0
 52
90.0
 71
     2
 49
0.5
 62
   256
  6
BYLAYER
 49
-0.5
 62
   256
  6
BYLAYER
  0
ACDBPLACEHOLDER
  5
F
102
{ACAD_REACTORS
330
E
102
}
330
E
  0
SCALE
  5
10D
102
{ACAD_REACTORS
330
10C
102
}
330
10C
100
AcDbScale
 70
     0
300
1:1
140
1.0
141
1.0
290
     1
  0
SCALE
  5
1BE
102
{ACAD_REACTORS
330
10C
102
}
330
10C
100
AcDbScale
 70
     0
300
1:2
140
1.0
141
2.0
290
     0
  0
SCALE
  5
1BF
102
{ACAD_REACTORS
330
10C
102
}
330
10C
100
AcDbScale
 70
     0
300
1:4
140
1.0
141
4.0
290
     0
  0
SCALE
  5
1C0
102
{ACAD_REACTORS
330
10C
102
}
330
10C
100
AcDbScale
 70
     0
300
1:5
140
1.0
141
5.0
290
     0
  0
SCALE
  5
1C1
102
{ACAD_REACTORS
330
10C
102
}
330
10C
100
AcDbScale
 70
     0
300
1:8
140
1.0
141
8.0
290
     0
  0
SCALE
  5
1C2
102
{ACAD_REACTORS
330
10C
102
}
330
10C
100
AcDbScale
 70
     0
300
1:10
140
1.0
141
10.0
290
     0
  0
SCALE
  5
1C3
102
{ACAD_REACTORS
330
10C
102
}
330
10C
100
AcDbScale
 70
     0
300
1:16
140
1.0
141
16.0
290
     0
  0
SCALE
  5
1C4
102
{ACAD_REACTORS
330
10C
102
}
330
10C
100
AcDbScale
 70
     0
300
1:20
140
1.0
141
20.0
290
     0
  0
SCALE
  5
1C5
102
{ACAD_REACTORS
330
10C
102
}
330
10C
100
AcDbScale
 70
     0
300
1:30
140
1.0
141
30.0
290
     0
  0
SCALE
  5
1C6
102
{ACAD_REACTORS
330
10C
102
}
330
10C
100
AcDbScale
 70
     0
300
1:40
140
1.0
141
40.0
290
     0
  0
SCALE
  5
1C7
102
{ACAD_REACTORS
330
10C
102
}
330
10C
100
AcDbScale
 70
     0
300
1:50
140
1.0
141
50.0
290
     0
  0
SCALE
  5
1C8
102
{ACAD_REACTORS
330
10C
102
}
330
10C
100
AcDbScale
 70
     0
300
1:100
140
1.0
141
100.0
290
     0
  0
SCALE
  5
1C9
102
{ACAD_REACTORS
330
10C
102
}
330
10C
100
AcDbScale
 70
     0
300
2:1
140
2.0
141
1.0
290
     0
  0
SCALE
  5
1CA
102
{ACAD_REACTORS
330
10C
102
}
330
10C
100
AcDbScale
 70
     0
300
4:1
140
4.0
141
1.0
290
     0
  0
SCALE
  5
1CB
102
{ACAD_REACTORS
330
10C
102
}
330
10C
100
AcDbScale
 70
     0
300
8:1
140
8.0
141
1.0
290
     0
  0
SCALE
  5
1CC
102
{ACAD_REACTORS
330
10C
102
}
330
10C
100
AcDbScale
 70
     0
300
10:1
140
10.0
141
1.0
290
     0
  0
SCALE
  5
1CD
102
{ACAD_REACTORS
330
10C
102
}
330
10C
100
AcDbScale
 70
     0
300
100:1
140
100.0
141
1.0
290
     0
  0
ACDBSECTIONVIEWSTYLE
  5
21A
102
{ACAD_REACTORS
330
219
102
}
330
219
100
AcDbModelDocViewStyle
 70
     0
  3
Metric50
290
     0
300
Metric50
 90
        0
100
AcDbSectionViewStyle
 70
     0
 71
     0
 90
      102
 71
     1
340
11
 62
   256
 40
5.0
340
0
340
0
 62
   256
 40
5.0
300
I, O, Q, S, X, Z
 40
10.0
 90
        0
 40
2.5
 90
        0
 71
     2
340
16
 90
       25
 62
   256
340
16
 90
       50
 62
   256
 40
5.0
 40
2.5
 40
5.0
 71
     3
340
11
 62
   256
 40
5.0
 90
        0
 40
15.0
 90
        1
300
%<\AcVar ViewSectionStartId>%-%<\AcVar ViewSectionEndId>% (%<\AcVar ViewScale \f "%sn">%)
 71
     4
 62
   256
 62
   257
300
ANSI31
 40
1.0
 90
        0
290
     0
290
     0
 90
        6
 40
0.0
 40
1.570796326794896
 40
0.2617993877991494
 40
1.308996938995747
 40
-0.2617993877991494
 40
1.832595714594046
  0
TABLESTYLE
  5
7F
102
{ACAD_XDICTIONARY
360
162
102
}
102
{ACAD_REACTORS
330
7E
102
}
330
7E
100
AcDbTableStyle
280
     0
  3
Standard
 70
     0
 71
     0
 40
1.5
 41
1.5
280
     0
281
     0
  7
Standard
140
4.5
170
     2
 62
     0
 63
     7
283
     0
 90
      512
 91
        0
  1

274
    -2
284
     1
 64
     0
275
    -2
285
     1
 65
     0
276
    -2
286
     1
 66
     0
277
    -2
287
     1
 67
     0
278
    -2
288
     1
 68
     0
279
    -2
289
     1
 69
     0
  7
Standard
140
6.0
170
     5
 62
     0
 63
     7
283
     0
 90
      512
 91
        0
  1

274
    -2
284
     1
 64
     0
275
    -2
285
     1
 65
     0
276
    -2
286
     1
 66
     0
277
    -2
287
     1
 67
     0
278
    -2
288
     1
 68
     0
279
    -2
289
     1
 69
     0
  7
Standard
140
4.5
170
     5
 62
     0
 63
     7
283
     0
 90
      512
 91
        0
  1

274
    -2
284
     1
 64
     0
275
    -2
285
     1
 65
     0
276
    -2
286
     1
 66
     0
277
    -2
287
     1
 67
     0
278
    -2
288
     1
 68
     0
279
    -2
289
     1
 69
     0
  0
VISUALSTYLE
  5
F5
102
{ACAD_REACTORS
330
EF
102
}
330
EF
100
AcDbVisualStyle
  2
2dWireframe
 70
     4
177
     3
291
     0
 70
    58
 90
        0
176
     1
 90
        2
176
     1
 90
        1
176
     1
 90
        0
176
     1
 40
0.6
176
     1
 40
30.0
176
     1
 62
     7
420
 16777215
176
     1
 90
        1
176
     1
 90
        4
176
     1
 62
     7
176
     1
 62
   257
176
     1
 90
        1
176
     1
 90
        1
176
     1
 40
1.0
176
     1
 90
        0
176
     1
 62
   257
176
     1
 40
1.0
176
     1
 90
        1
176
     1
 90
        6
176
     1
 90
        2
176
     1
 62
     7
176
     1
 90
        5
176
     1
 90
        0
176
     1
 90
        0
176
     1
290
     0
176
     1
 90
        1
176
     1
 40
0.0
176
     1
 90
        0
176
     1
290
     1
176
     1
290
     1
176
     1
290
     0
176
     1
290
     0
176
     1
290
     0
176
     1
290
     0
176
     1
290
     0
176
     1
290
     0
176
     1
290
     0
176
     1
 90
       50
176
     1
 40
0.0
176
     1
 40
1.0
176
     1
 90
        0
176
     1
 62
    18
420
        0
176
     1
 90
       50
176
     1
 90
        3
176
     1
 62
     5
420
      255
176
     1
290
     0
176
     1
 90
       50
176
     1
 90
       50
176
     1
 90
       50
176
     1
290
     0
176
     1
 90
       50
176
     1
 62
   256
176
     0
 40
1.0
176
     0
 90
        2
176
     1
  1
strokes_ogs.tif
176
     1
290
     0
176
     1
 40
1.0
176
     1
 40
1.0
176
     1
  0
VISUALSTYLE
  5
F4
102
{ACAD_REACTORS
330
EF
102
}
330
EF
100
AcDbVisualStyle
  2
Basic
 70
     7
177
     3
291
     1
 70
    58
 90
        1
176
     1
 90
        0
176
     1
 90
        1
176
     1
 90
        0
176
     1
 40
0.6
176
     1
 40
30.0
176
     1
 62
     7
420
 16777215
176
     1
 90
        0
176
     1
 90
        4
176
     1
 62
     7
176
     1
 62
   257
176
     1
 90
        1
176
     1
 90
        1
176
     1
 40
1.0
176
     1
 90
        8
176
     1
 62
     7
176
     1
 40
1.0
176
     1
 90
        1
176
     1
 90
        6
176
     1
 90
        2
176
     1
 62
     7
176
     1
 90
        5
176
     1
 90
        0
176
     1
 90
        0
176
     1
290
     0
176
     1
 90
        1
176
     1
 40
0.0
176
     1
 90
        0
176
     1
290
     0
176
     1
290
     1
176
     1
290
     1
176
     1
290
     0
176
     1
290
     0
176
     1
290
     0
176
     1
290
     0
176
     1
290
     0
176
     1
290
     0
176
     1
 90
       50
176
     1
 40
0.0
176
     1
 40
1.0
176
     1
 90
        0
176
     1
 62
    18
420
        0
176
     1
 90
       50
176
     1
 90
        3
176
     1
 62
     5
420
      255
176
     1
290
     0
176
     1
 90
       50
176
     1
 90
       50
176
     1
 90
       50
176
     1
290
     0
176
     1
 90
       50
176
     1
 62
   256
176
     0
 40
1.0
176
     0
 90
        2
176
     1
  1
strokes_ogs.tif
176
     1
290
     0
176
     1
 40
1.0
176
     1
 40
1.0
176
     1
  0
VISUALSTYLE
  5
FB
102
{ACAD_REACTORS
330
EF
102
}
330
EF
100
AcDbVisualStyle
  2
Brighten
 70
    12
177
     3
291
     1
 70
    58
 90
        2
176
     1
 90
        2
176
     1
 90
        1
176
     1
 90
        0
176
     1
 40
0.6
176
     1
 40
30.0
176
     1
 62
     7
420
 16777215
176
     1
 90
        1
176
     1
 90
        4
176
     1
 62
     7
176
     1
 62
   257
176
     1
 90
        1
176
     1
 90
        1
176
     1
 40
1.0
176
     1
 90
        8
176
     1
 62
     7
176
     1
 40
1.0
176
     1
 90
        1
176
     1
 90
        6
176
     1
 90
        2
176
     1
 62
     7
176
     1
 90
        5
176
     1
 90
        0
176
     1
 90
        0
176
     1
290
     0
176
     1
 90
        1
176
     1
 40
50.0
176
     1
 90
        0
176
     1
290
     0
176
     1
290
     1
176
     1
290
     1
176
     1
290
     0
176
     1
290
     0
176
     1
290
     0
176
     1
290
     0
176
     1
290
     0
176
     1
290
     0
176
     1
 90
       50
176
     1
 40
0.0
176
     1
 40
1.0
176
     1
 90
        0
176
     1
 62
    18
420
        0
176
     1
 90
       50
176
     1
 90
        3
176
     1
 62
     5
420
      255
176
     1
290
     0
176
     1
 90
       50
176
     1
 90
       50
176
     1
 90
       50
176
     1
290
     0
176
     1
 90
       50
176
     1
 62
   256
176
     0
 40
1.0
176
     0
 90
        2
176
     1
  1
strokes_ogs.tif
176
     1
290
     0
176
     1
 40
1.0
176
     1
 40
1.0
176
     1
  0
VISUALSTYLE
  5
FF
102
{ACAD_REACTORS
330
EF
102
}
330
EF
100
AcDbVisualStyle
  2
ColorChange
 70
    16
177
     3
291
     1
 70
    58
 90
        2
176
     1
 90
        2
176
     1
 90
        3
176
     1
 90
        0
176
     1
 40
0.6
176
     1
 40
30.0
176
     1
 62
     8
420
  8421504
176
     1
 90
        1
176
     1
 90
        4
176
     1
 62
     7
176
     1
 62
   257
176
     1
 90
        1
176
     1
 90
        1
176
     1
 40
1.0
176
     1
 90
        8
176
     1
 62
     8
420
  8421504
176
     1
 40
1.0
176
     1
 90
        1
176
     1
 90
        6
176
     1
 90
        2
176
     1
 62
     7
176
     1
 90
        5
176
     1
 90
        0
176
     1
 90
        0
176
     1
290
     0
176
     1
 90
        1
176
     1
 40
0.0
176
     1
 90
        0
176
     1
290
     0
176
     1
290
     1
176
     1
290
     1
176
     1
290
     0
176
     1
290
     0
176
     1
290
     0
176
     1
290
     0
176
     1
290
     0
176
     1
290
     0
176
     1
 90
       50
176
     1
 40
0.0
176
     1
 40
1.0
176
     1
 90
        0
176
     1
 62
    18
420
        0
176
     1
 90
       50
176
     1
 90
        3
176
     1
 62
     5
420
      255
176
     1
290
     0
176
     1
 90
       50
176
     1
 90
       50
176
     1
 90
       50
176
     1
290
     0
176
     1
 90
       50
176
     1
 62
   256
176
     0
 40
1.0
176
     0
 90
        2
176
     1
  1
strokes_ogs.tif
176
     1
290
     0
176
     1
 40
1.0
176
     1
 40
1.0
176
     1
  0
VISUALSTYLE
  5
F8
102
{ACAD_REACTORS
330
EF
102
}
330
EF
100
AcDbVisualStyle
  2
Conceptual
 70
     9
177
     3
291
     0
 70
    58
 90
        3
176
     1
 90
        2
176
     1
 90
        1
176
     1
 90
        0
176
     1
 40
0.6
176
     1
 40
30.0
176
     1
 62
     7
420
 16777215
176
     1
 90
        2
176
     1
 90
        2
176
     1
 62
     7
176
     1
 62
   257
176
     1
 90
        1
176
     1
 90
        1
176
     1
 40
40.0
176
     1
 90
        8
176
     1
 62
     7
176
     1
 40
1.0
176
     1
 90
        1
176
     1
 90
        6
176
     1
 90
        2
176
     1
 62
     7
176
     1
 90
        3
176
     1
 90
        0
176
     1
 90
        0
176
     1
290
     0
176
     1
 90
        1
176
     1
 40
0.0
176
     1
 90
        0
176
     1
290
     0
176
     1
290
     1
176
     1
290
     1
176
     1
290
     0
176
     1
290
     0
176
     1
290
     0
176
     1
290
     0
176
     1
290
     0
176
     1
290
     0
176
     1
 90
       50
176
     1
 40
0.0
176
     1
 40
1.0
176
     1
 90
        0
176
     1
 62
    18
420
        0
176
     1
 90
       50
176
     1
 90
        3
176
     1
 62
     5
420
      255
176
     1
290
     0
176
     1
 90
       50
176
     1
 90
       50
176
     1
 90
       50
176
     1
290
     0
176
     1
 90
       50
176
     1
 62
   256
176
     0
 40
1.0
176
     0
 90
        2
176
     1
  1
strokes_ogs.tif
176
     1
290
     0
176
     1
 40
1.0
176
     1
 40
1.0
176
     1
  0
VISUALSTYLE
  5
FA
102
{ACAD_REACTORS
330
EF
102
}
330
EF
100
AcDbVisualStyle
  2
Dim
 70
    11
177
     3
291
     1
 70
    58
 90
        2
176
     1
 90
        2
176
     1
 90
        1
176
     1
 90
        0
176
     1
 40
0.6
176
     1
 40
30.0
176
     1
 62
     7
420
 16777215
176
     1
 90
        1
176
     1
 90
        4
176
     1
 62
     7
176
     1
 62
   257
176
     1
 90
        1
176
     1
 90
        1
176
     1
 40
1.0
176
     1
 90
        8
176
     1
 62
     7
176
     1
 40
1.0
176
     1
 90
        1
176
     1
 90
        6
176
     1
 90
        2
176
     1
 62
     7
176
     1
 90
        5
176
     1
 90
        0
176
     1
 90
        0
176
     1
290
     0
176
     1
 90
        1
176
     1
 40
-50.0
176
     1
 90
        0
176
     1
290
     0
176
     1
290
     1
176
     1
290
     1
176
     1
290
     0
176
     1
290
     0
176
     1
290
     0
176
     1
290
     0
176
     1
290
     0
176
     1
290
     0
176
     1
 90
       50
176
     1
 40
0.0
176
     1
 40
1.0
176
     1
 90
        0
176
     1
 62
    18
420
        0
176
     1
 90
       50
176
     1
 90
        3
176
     1
 62
     5
420
      255
176
     1
290
     0
176
     1
 90
       50
176
     1
 90
       50
176
     1
 90
       50
176
     1
290
     0
176
     1
 90
       50
176
     1
 62
   256
176
     0
 40
1.0
176
     0
 90
        2
176
     1
  1
strokes_ogs.tif
176
     1
290
     0
176
     1
 40
1.0
176
     1
 40
1.0
176
     1
  0
VISUALSTYLE
  5
1E6
102
{ACAD_REACTORS
330
EF
102
}
330
EF
100
AcDbVisualStyle
  2
EdgeColorOff
 70
    22
177
     3
291
     1
 70
    58
 90
        2
176
     0
 90
        2
176
     0
 90
        0
176
     0
 90
        0
176
     0
 40
0.6
176
     0
 40
30.0
176
     0
 62
     7
420
 16777215
176
     0
 90
        1
176
     0
 90
        4
176
     0
 62
     7
176
     0
 62
   257
176
     0
 90
        1
176
     0
 90
        1
176
     0
 40
1.0
176
     0
 90
        8
176
     2
 62
     7
176
     0
 40
1.0
176
     0
 90
        1
176
     0
 90
        6
176
     0
 90
        2
176
     0
 62
     7
176
     0
 90
        5
176
     0
 90
        0
176
     0
 90
        0
176
     0
290
     0
176
     0
 90
        1
176
     0
 40
0.0
176
     0
 90
        0
176
     0
290
     0
176
     1
290
     1
176
     1
290
     1
176
     1
290
     0
176
     1
290
     0
176
     1
290
     0
176
     1
290
     0
176
     1
290
     0
176
     1
290
     0
176
     1
 90
       50
176
     1
 40
0.0
176
     1
 40
1.0
176
     1
 90
        0
176
     1
 62
    18
420
        0
176
     1
 90
       50
176
     1
 90
        3
176
     1
 62
     5
420
      255
176
     1
290
     0
176
     1
 90
       50
176
     1
 90
       50
176
     1
 90
       50
176
     1
290
     0
176
     1
 90
       50
176
     1
 62
   256
176
     0
 40
1.0
176
     0
 90
        2
176
     1
  1
strokes_ogs.tif
176
     1
290
     0
176
     1
 40
1.0
176
     1
 40
1.0
176
     1
  0
VISUALSTYLE
  5
FE
102
{ACAD_REACTORS
330
EF
102
}
330
EF
100
AcDbVisualStyle
  2
Facepattern
 70
    15
177
     3
291
     1
 70
    58
 90
        2
176
     1
 90
        2
176
     1
 90
        1
176
     1
 90
        0
176
     1
 40
0.6
176
     1
 40
30.0
176
     1
 62
     7
420
 16777215
176
     1
 90
        1
176
     1
 90
        4
176
     1
 62
     7
176
     1
 62
   257
176
     1
 90
        1
176
     1
 90
        1
176
     1
 40
1.0
176
     1
 90
        8
176
     1
 62
     7
176
     1
 40
1.0
176
     1
 90
        1
176
     1
 90
        6
176
     1
 90
        2
176
     1
 62
     7
176
     1
 90
        5
176
     1
 90
        0
176
     1
 90
        0
176
     1
290
     0
176
     1
 90
        1
176
     1
 40
0.0
176
     1
 90
        0
176
     1
290
     0
176
     1
290
     1
176
     1
290
     1
176
     1
290
     0
176
     1
290
     0
176
     1
290
     0
176
     1
290
     0
176
     1
290
     0
176
     1
290
     0
176
     1
 90
       50
176
     1
 40
0.0
176
     1
 40
1.0
176
     1
 90
        0
176
     1
 62
    18
420
        0
176
     1
 90
       50
176
     1
 90
        3
176
     1
 62
     5
420
      255
176
     1
290
     0
176
     1
 90
       50
176
     1
 90
       50
176
     1
 90
       50
176
     1
290
     0
176
     1
 90
       50
176
     1
 62
   256
176
     0
 40
1.0
176
     0
 90
        2
176
     1
  1
strokes_ogs.tif
176
     1
290
     0
176
     1
 40
1.0
176
     1
 40
1.0
176
     1
  0
VISUALSTYLE
  5
F0
102
{ACAD_REACTORS
330
EF
102
}
330
EF
100
AcDbVisualStyle
  2
Flat
 70
     0
177
     3
291
     1
 70
    58
 90
        2
176
     1
 90
        1
176
     1
 90
        1
176
     1
 90
        2
176
     1
 40
0.6
176
     1
 40
30.0
176
     1
 62
     7
420
 16777215
176
     1
 90
        0
176
     1
 90
        0
176
     1
 62
     7
176
     1
 62
   257
176
     1
 90
        1
176
     1
 90
        1
176
     1
 40
1.0
176
     1
 90
        8
176
     1
 62
     7
176
     1
 40
1.0
176
     1
 90
        1
176
     1
 90
        6
176
     1
 90
        2
176
     1
 62
     7
176
     1
 90
        5
176
     1
 90
        0
176
     1
 90
        0
176
     1
290
     0
176
     1
 90
       13
176
     1
 40
0.0
176
     1
 90
        0
176
     1
290
     0
176
     1
290
     1
176
     1
290
     1
176
     1
290
     0
176
     1
290
     0
176
     1
290
     0
176
     1
290
     0
176
     1
290
     0
176
     1
290
     0
176
     1
 90
       50
176
     1
 40
0.0
176
     1
 40
1.0
176
     1
 90
        0
176
     1
 62
    18
420
        0
176
     1
 90
       50
176
     1
 90
        3
176
     1
 62
     5
420
      255
176
     1
290
     0
176
     1
 90
       50
176
     1
 90
       50
176
     1
 90
       50
176
     1
290
     0
176
     1
 90
       50
176
     1
 62
   256
176
     0
 40
1.0
176
     0
 90
        2
176
     1
  1
strokes_ogs.tif
176
     1
290
     0
176
     1
 40
1.0
176
     1
 40
1.0
176
     1
  0
VISUALSTYLE
  5
F1
102
{ACAD_REACTORS
330
EF
102
}
330
EF
100
AcDbVisualStyle
  2
FlatWithEdges
 70
     1
177
     3
291
     1
 70
    58
 90
        2
176
     1
 90
        1
176
     1
 90
        1
176
     1
 90
        2
176
     1
 40
0.6
176
     1
 40
30.0
176
     1
 62
     7
420
 16777215
176
     1
 90
        1
176
     1
 90
        0
176
     1
 62
     7
176
     1
 62
   257
176
     1
 90
        1
176
     1
 90
        1
176
     1
 40
1.0
176
     1
 90
        0
176
     1
 62
   257
176
     1
 40
1.0
176
     1
 90
        1
176
     1
 90
        6
176
     1
 90
        2
176
     1
 62
     7
176
     1
 90
        5
176
     1
 90
        0
176
     1
 90
        0
176
     1
290
     0
176
     1
 90
       13
176
     1
 40
0.0
176
     1
 90
        0
176
     1
290
     0
176
     1
290
     1
176
     1
290
     1
176
     1
290
     0
176
     1
290
     0
176
     1
290
     0
176
     1
290
     0
176
     1
290
     0
176
     1
290
     0
176
     1
 90
       50
176
     1
 40
0.0
176
     1
 40
1.0
176
     1
 90
        0
176
     1
 62
    18
420
        0
176
     1
 90
       50
176
     1
 90
        3
176
     1
 62
     5
420
      255
176
     1
290
     0
176
     1
 90
       50
176
     1
 90
       50
176
     1
 90
       50
176
     1
290
     0
176
     1
 90
       50
176
     1
 62
   256
176
     0
 40
1.0
176
     0
 90
        2
176
     1
  1
strokes_ogs.tif
176
     1
290
     0
176
     1
 40
1.0
176
     1
 40
1.0
176
     1
  0
VISUALSTYLE
  5
F2
102
{ACAD_REACTORS
330
EF
102
}
330
EF
100
AcDbVisualStyle
  2
Gouraud
 70
     2
177
     3
291
     1
 70
    58
 90
        2
176
     1
 90
        2
176
     1
 90
        1
176
     1
 90
        2
176
     1
 40
0.6
176
     1
 40
30.0
176
     1
 62
     7
420
 16777215
176
     1
 90
        0
176
     1
 90
        0
176
     1
 62
     7
176
     1
 62
   257
176
     1
 90
        1
176
     1
 90
        1
176
     1
 40
1.0
176
     1
 90
        0
176
     1
 62
     7
176
     1
 40
1.0
176
     1
 90
        1
176
     1
 90
        6
176
     1
 90
        2
176
     1
 62
     7
176
     1
 90
        5
176
     1
 90
        0
176
     1
 90
        0
176
     1
290
     0
176
     1
 90
       13
176
     1
 40
0.0
176
     1
 90
        0
176
     1
290
     0
176
     1
290
     1
176
     1
290
     1
176
     1
290
     0
176
     1
290
     0
176
     1
290
     0
176
     1
290
     0
176
     1
290
     0
176
     1
290
     0
176
     1
 90
       50
176
     1
 40
0.0
176
     1
 40
1.0
176
     1
 90
        0
176
     1
 62
    18
420
        0
176
     1
 90
       50
176
     1
 90
        3
176
     1
 62
     5
420
      255
176
     1
290
     0
176
     1
 90
       50
176
     1
 90
       50
176
     1
 90
       50
176
     1
290
     0
176
     1
 90
       50
176
     1
 62
   256
176
     0
 40
1.0
176
     0
 90
        2
176
     1
  1
strokes_ogs.tif
176
     1
290
     0
176
     1
 40
1.0
176
     1
 40
1.0
176
     1
  0
VISUALSTYLE
  5
F3
102
{ACAD_REACTORS
330
EF
102
}
330
EF
100
AcDbVisualStyle
  2
GouraudWithEdges
 70
     3
177
     3
291
     1
 70
    58
 90
        2
176
     1
 90
        2
176
     1
 90
        1
176
     1
 90
        2
176
     1
 40
0.6
176
     1
 40
30.0
176
     1
 62
     7
420
 16777215
176
     1
 90
        1
176
     1
 90
        0
176
     1
 62
     7
176
     1
 62
   257
176
     1
 90
        1
176
     1
 90
        1
176
     1
 40
1.0
176
     1
 90
        0
176
     1
 62
   257
176
     1
 40
1.0
176
     1
 90
        1
176
     1
 90
        6
176
     1
 90
        2
176
     1
 62
     7
176
     1
 90
        5
176
     1
 90
        0
176
     1
 90
        0
176
     1
290
     0
176
     1
 90
       13
176
     1
 40
0.0
176
     1
 90
        0
176
     1
290
     0
176
     1
290
     1
176
     1
290
     1
176
     1
290
     0
176
     1
290
     0
176
     1
290
     0
176
     1
290
     0
176
     1
290
     0
176
     1
290
     0
176
     1
 90
       50
176
     1
 40
0.0
176
     1
 40
1.0
176
     1
 90
        0
176
     1
 62
    18
420
        0
176
     1
 90
       50
176
     1
 90
        3
176
     1
 62
     5
420
      255
176
     1
290
     0
176
     1
 90
       50
176
     1
 90
       50
176
     1
 90
       50
176
     1
290
     0
176
     1
 90
       50
176
     1
 62
   256
176
     0
 40
1.0
176
     0
 90
        2
176
     1
  1
strokes_ogs.tif
176
     1
290
     0
176
     1
 40
1.0
176
     1
 40
1.0
176
     1
  0
VISUALSTYLE
  5
F7
102
{ACAD_REACTORS
330
EF
102
}
330
EF
100
AcDbVisualStyle
  2
Hidden
 70
     6
177
     3
291
     0
 70
    58
 90
        1
176
     1
 90
        2
176
     1
 90
        2
176
     1
 90
        0
176
     1
 40
0.6
176
     1
 40
30.0
176
     1
 62
     7
420
 16777215
176
     1
 90
        2
176
     1
 90
        2
176
     1
 62
     7
176
     1
 62
   257
176
     1
 90
        2
176
     1
 90
        1
176
     1
 40
40.0
176
     1
 90
        0
176
     1
 62
   257
176
     1
 40
1.0
176
     1
 90
        1
176
     1
 90
        6
176
     1
 90
        2
176
     1
 62
     7
176
     1
 90
        3
176
     1
 90
        0
176
     1
 90
        0
176
     1
290
     0
176
     1
 90
        1
176
     1
 40
0.0
176
     1
 90
        0
176
     1
290
     0
176
     1
290
     1
176
     1
290
     1
176
     1
290
     0
176
     1
290
     0
176
     1
290
     0
176
     1
290
     0
176
     1
290
     0
176
     1
290
     0
176
     1
 90
       50
176
     1
 40
0.0
176
     1
 40
1.0
176
     1
 90
        0
176
     1
 62
    18
420
        0
176
     1
 90
       50
176
     1
 90
        3
176
     1
 62
     5
420
      255
176
     1
290
     0
176
     1
 90
       50
176
     1
 90
       50
176
     1
 90
       50
176
     1
290
     0
176
     1
 90
       50
176
     1
 62
   256
176
     0
 40
1.0
176
     0
 90
        2
176
     1
  1
strokes_ogs.tif
176
     1
290
     0
176
     1
 40
1.0
176
     1
 40
1.0
176
     1
  0
VISUALSTYLE
  5
1E4
102
{ACAD_REACTORS
330
EF
102
}
330
EF
100
AcDbVisualStyle
  2
JitterOff
 70
    20
177
     3
291
     1
 70
    58
 90
        2
176
     0
 90
        2
176
     0
 90
        0
176
     0
 90
        0
176
     0
 40
0.6
176
     0
 40
30.0
176
     0
 62
     7
420
 16777215
176
     0
 90
        1
176
     0
 90
        4
176
     0
 62
     7
176
     0
 62
   257
176
     0
 90
        1
176
     0
 90
        1
176
     0
 40
1.0
176
     0
 90
       10
176
     2
 62
     7
176
     0
 40
1.0
176
     0
 90
        1
176
     0
 90
        6
176
     0
 90
        2
176
     0
 62
     7
176
     0
 90
        5
176
     0
 90
        0
176
     0
 90
        0
176
     0
290
     0
176
     0
 90
        1
176
     0
 40
0.0
176
     0
 90
        0
176
     0
290
     0
176
     1
290
     1
176
     1
290
     1
176
     1
290
     0
176
     1
290
     0
176
     1
290
     0
176
     1
290
     0
176
     1
290
     0
176
     1
290
     0
176
     1
 90
       50
176
     1
 40
0.0
176
     1
 40
1.0
176
     1
 90
        0
176
     1
 62
    18
420
        0
176
     1
 90
       50
176
     1
 90
        3
176
     1
 62
     5
420
      255
176
     1
290
     0
176
     1
 90
       50
176
     1
 90
       50
176
     1
 90
       50
176
     1
290
     0
176
     1
 90
       50
176
     1
 62
   256
176
     0
 40
1.0
176
     0
 90
        2
176
     1
  1
strokes_ogs.tif
176
     1
290
     0
176
     1
 40
1.0
176
     1
 40
1.0
176
     1
  0
VISUALSTYLE
  5
FD
102
{ACAD_REACTORS
330
EF
102
}
330
EF
100
AcDbVisualStyle
  2
Linepattern
 70
    14
177
     3
291
     1
 70
    58
 90
        2
176
     1
 90
        2
176
     1
 90
        1
176
     1
 90
        0
176
     1
 40
0.6
176
     1
 40
30.0
176
     1
 62
     7
420
 16777215
176
     1
 90
        1
176
     1
 90
        4
176
     1
 62
     7
176
     1
 62
   257
176
     1
 90
        7
176
     1
 90
        7
176
     1
 40
1.0
176
     1
 90
        8
176
     1
 62
     7
176
     1
 40
1.0
176
     1
 90
        1
176
     1
 90
        6
176
     1
 90
        2
176
     1
 62
     7
176
     1
 90
        5
176
     1
 90
        0
176
     1
 90
        0
176
     1
290
     0
176
     1
 90
        1
176
     1
 40
0.0
176
     1
 90
        0
176
     1
290
     0
176
     1
290
     1
176
     1
290
     1
176
     1
290
     0
176
     1
290
     0
176
     1
290
     0
176
     1
290
     0
176
     1
290
     0
176
     1
290
     0
176
     1
 90
       50
176
     1
 40
0.0
176
     1
 40
1.0
176
     1
 90
        0
176
     1
 62
    18
420
        0
176
     1
 90
       50
176
     1
 90
        3
176
     1
 62
     5
420
      255
176
     1
290
     0
176
     1
 90
       50
176
     1
 90
       50
176
     1
 90
       50
176
     1
290
     0
176
     1
 90
       50
176
     1
 62
   256
176
     0
 40
1.0
176
     0
 90
        2
176
     1
  1
strokes_ogs.tif
176
     1
290
     0
176
     1
 40
1.0
176
     1
 40
1.0
176
     1
  0
VISUALSTYLE
  5
1E5
102
{ACAD_REACTORS
330
EF
102
}
330
EF
100
AcDbVisualStyle
  2
OverhangOff
 70
    21
177
     3
291
     1
 70
    58
 90
        2
176
     0
 90
        2
176
     0
 90
        0
176
     0
 90
        0
176
     0
 40
0.6
176
     0
 40
30.0
176
     0
 62
     7
420
 16777215
176
     0
 90
        1
176
     0
 90
        4
176
     0
 62
     7
176
     0
 62
   257
176
     0
 90
        1
176
     0
 90
        1
176
     0
 40
1.0
176
     0
 90
        9
176
     2
 62
     7
176
     0
 40
1.0
176
     0
 90
        1
176
     0
 90
        6
176
     0
 90
        2
176
     0
 62
     7
176
     0
 90
        5
176
     0
 90
        0
176
     0
 90
        0
176
     0
290
     0
176
     0
 90
        1
176
     0
 40
0.0
176
     0
 90
        0
176
     0
290
     0
176
     1
290
     1
176
     1
290
     1
176
     1
290
     0
176
     1
290
     0
176
     1
290
     0
176
     1
290
     0
176
     1
290
     0
176
     1
290
     0
176
     1
 90
       50
176
     1
 40
0.0
176
     1
 40
1.0
176
     1
 90
        0
176
     1
 62
    18
420
        0
176
     1
 90
       50
176
     1
 90
        3
176
     1
 62
     5
420
      255
176
     1
290
     0
176
     1
 90
       50
176
     1
 90
       50
176
     1
 90
       50
176
     1
290
     0
176
     1
 90
       50
176
     1
 62
   256
176
     0
 40
1.0
176
     0
 90
        2
176
     1
  1
strokes_ogs.tif
176
     1
290
     0
176
     1
 40
1.0
176
     1
 40
1.0
176
     1
  0
VISUALSTYLE
  5
F9
102
{ACAD_REACTORS
330
EF
102
}
330
EF
100
AcDbVisualStyle
  2
Realistic
 70
     8
177
     3
291
     0
 70
    58
 90
        2
176
     1
 90
        3
176
     1
 90
        0
176
     1
 90
        2
176
     1
 40
0.6
176
     1
 40
30.0
176
     1
 62
     7
420
 16777215
176
     1
 90
        0
176
     1
 90
        0
176
     1
 62
     7
176
     1
 62
   257
176
     1
 90
        1
176
     1
 90
        1
176
     1
 40
1.0
176
     1
 90
        8
176
     1
 62
   257
176
     1
 40
1.0
176
     1
 90
        1
176
     1
 90
        6
176
     1
 90
        2
176
     1
 62
     7
176
     1
 90
        3
176
     1
 90
        0
176
     1
 90
        0
176
     1
290
     0
176
     1
 90
       13
176
     1
 40
0.0
176
     1
 90
        0
176
     1
290
     0
176
     1
290
     1
176
     1
290
     1
176
     1
290
     0
176
     1
290
     0
176
     1
290
     0
176
     1
290
     0
176
     1
290
     0
176
     1
290
     0
176
     1
 90
       50
176
     1
 40
0.0
176
     1
 40
1.0
176
     1
 90
        0
176
     1
 62
    18
420
        0
176
     1
 90
       50
176
     1
 90
        3
176
     1
 62
     5
420
      255
176
     1
290
     0
176
     1
 90
       50
176
     1
 90
       50
176
     1
 90
       50
176
     1
290
     0
176
     1
 90
       50
176
     1
 62
   256
176
     0
 40
1.0
176
     0
 90
        2
176
     1
  1
strokes_ogs.tif
176
     1
290
     0
176
     1
 40
1.0
176
     1
 40
1.0
176
     1
  0
VISUALSTYLE
  5
1F3
102
{ACAD_REACTORS
330
EF
102
}
330
EF
100
AcDbVisualStyle
  2
Shaded
 70
    27
177
     3
291
     0
 70
    58
 90
        2
176
     1
 90
        2
176
     1
 90
        1
176
     1
 90
        2
176
     1
 40
0.6
176
     1
 40
30.0
176
     1
 62
     7
420
 16777215
176
     1
 90
        0
176
     1
 90
        4
176
     1
 62
     7
176
     1
 62
   257
176
     1
 90
        1
176
     1
 90
        1
176
     1
 40
1.0
176
     1
 90
        8
176
     1
 62
   257
176
     1
 40
1.0
176
     1
 90
        1
176
     1
 90
        6
176
     1
 90
        2
176
     1
 62
     8
420
  7895160
176
     1
 90
        3
176
     1
 90
        0
176
     1
 90
        0
176
     1
290
     0
176
     1
 90
        5
176
     1
 40
0.0
176
     1
 90
        0
176
     1
290
     0
176
     1
290
     1
176
     1
290
     1
176
     1
290
     0
176
     1
290
     0
176
     1
290
     0
176
     1
290
     0
176
     1
290
     0
176
     1
290
     0
176
     1
 90
       50
176
     1
 40
0.0
176
     1
 40
1.0
176
     1
 90
        0
176
     1
 62
    18
420
        0
176
     1
 90
       50
176
     1
 90
        3
176
     1
 62
     5
420
      255
176
     1
290
     0
176
     1
 90
       50
176
     1
 90
       50
176
     1
 90
       50
176
     1
290
     0
176
     1
 90
       50
176
     1
 62
   256
176
     0
 40
1.0
176
     0
 90
        2
176
     1
  1
strokes_ogs.tif
176
     1
290
     0
176
     1
 40
1.0
176
     1
 40
1.0
176
     1
  0
VISUALSTYLE
  5
1F2
102
{ACAD_REACTORS
330
EF
102
}
330
EF
100
AcDbVisualStyle
  2
Shaded with edges
 70
    26
177
     3
291
     0
 70
    58
 90
        2
176
     1
 90
        2
176
     1
 90
        1
176
     1
 90
        2
176
     1
 40
0.6
176
     1
 40
30.0
176
     1
 62
     7
420
 16777215
176
     1
 90
        1
176
     1
 90
        2
176
     1
 62
     7
176
     1
 62
   257
176
     1
 90
        2
176
     1
 90
        1
176
     1
 40
1.0
176
     1
 90
        8
176
     1
 62
   257
176
     1
 40
1.0
176
     1
 90
        1
176
     1
 90
        6
176
     1
 90
        2
176
     1
 62
     7
176
     1
 90
        3
176
     1
 90
        0
176
     1
 90
        0
176
     1
290
     0
176
     1
 90
        5
176
     1
 40
0.0
176
     1
 90
        0
176
     1
290
     0
176
     1
290
     1
176
     1
290
     1
176
     1
290
     0
176
     1
290
     0
176
     1
290
     0
176
     1
290
     0
176
     1
290
     0
176
     1
290
     0
176
     1
 90
       50
176
     1
 40
0.0
176
     1
 40
1.0
176
     1
 90
        0
176
     1
 62
    18
420
        0
176
     1
 90
       50
176
     1
 90
        3
176
     1
 62
     5
420
      255
176
     1
290
     0
176
     1
 90
       50
176
     1
 90
       50
176
     1
 90
       50
176
     1
290
     0
176
     1
 90
       50
176
     1
 62
   256
176
     0
 40
1.0
176
     0
 90
        2
176
     1
  1
strokes_ogs.tif
176
     1
290
     0
176
     1
 40
1.0
176
     1
 40
1.0
176
     1
  0
VISUALSTYLE
  5
1EF
102
{ACAD_REACTORS
330
EF
102
}
330
EF
100
AcDbVisualStyle
  2
Shades of Gray
 70
    23
177
     3
291
     0
 70
    58
 90
        2
176
     1
 90
        2
176
     1
 90
        3
176
     1
 90
        0
176
     1
 40
0.6
176
     1
 40
30.0
176
     1
 62
     7
420
 16777215
176
     1
 90
        2
176
     1
 90
        2
176
     1
 62
     7
176
     1
 62
     7
176
     1
 90
        1
176
     1
 90
        1
176
     1
 40
40.0
176
     1
 90
        8
176
     1
 62
     7
176
     1
 40
1.0
176
     1
 90
        1
176
     1
 90
        6
176
     1
 90
        2
176
     1
 62
     7
176
     1
 90
        3
176
     1
 90
        0
176
     1
 90
        0
176
     1
290
     0
176
     1
 90
        1
176
     1
 40
0.0
176
     1
 90
        0
176
     1
290
     0
176
     1
290
     1
176
     1
290
     1
176
     1
290
     0
176
     1
290
     0
176
     1
290
     0
176
     1
290
     0
176
     1
290
     0
176
     1
290
     0
176
     1
 90
       50
176
     1
 40
0.0
176
     1
 40
1.0
176
     1
 90
        0
176
     1
 62
    18
420
        0
176
     1
 90
       50
176
     1
 90
        3
176
     1
 62
     5
420
      255
176
     1
290
     0
176
     1
 90
       50
176
     1
 90
       50
176
     1
 90
       50
176
     1
290
     0
176
     1
 90
       50
176
     1
 62
   256
176
     0
 40
1.0
176
     0
 90
        2
176
     1
  1
strokes_ogs.tif
176
     1
290
     0
176
     1
 40
1.0
176
     1
 40
1.0
176
     1
  0
VISUALSTYLE
  5
1F0
102
{ACAD_REACTORS
330
EF
102
}
330
EF
100
AcDbVisualStyle
  2
Sketchy
 70
    24
177
     3
291
     0
 70
    58
 90
        1
176
     1
 90
        2
176
     1
 90
        2
176
     1
 90
        0
176
     1
 40
0.6
176
     1
 40
30.0
176
     1
 62
     7
420
 16777215
176
     1
 90
        2
176
     1
 90
        2
176
     1
 62
     7
176
     1
 62
     7
176
     1
 90
        1
176
     1
 90
        1
176
     1
 40
40.0
176
     1
 90
       11
176
     1
 62
     7
176
     1
 40
1.0
176
     1
 90
        1
176
     1
 90
        6
176
     1
 90
        2
176
     1
 62
     7
176
     1
 90
        6
176
     1
 90
        0
176
     1
 90
        0
176
     1
290
     0
176
     1
 90
        1
176
     1
 40
0.0
176
     1
 90
        0
176
     1
290
     0
176
     1
290
     1
176
     1
290
     1
176
     1
290
     0
176
     1
290
     0
176
     1
290
     0
176
     1
290
     0
176
     1
290
     0
176
     1
290
     0
176
     1
 90
       50
176
     1
 40
0.0
176
     1
 40
1.0
176
     1
 90
        0
176
     1
 62
    18
420
        0
176
     1
 90
       50
176
     1
 90
        3
176
     1
 62
     5
420
      255
176
     1
290
     0
176
     1
 90
       50
176
     1
 90
       50
176
     1
 90
       50
176
     1
290
     0
176
     1
 90
       50
176
     1
 62
   256
176
     0
 40
1.0
176
     0
 90
        2
176
     1
  1
strokes_ogs.tif
176
     1
290
     0
176
     1
 40
1.0
176
     1
 40
1.0
176
     1
  0
VISUALSTYLE
  5
FC
102
{ACAD_REACTORS
330
EF
102
}
330
EF
100
AcDbVisualStyle
  2
Thicken
 70
    13
177
     3
291
     1
 70
    58
 90
        2
176
     1
 90
        2
176
     1
 90
        1
176
     1
 90
        0
176
     1
 40
0.6
176
     1
 40
30.0
176
     1
 62
     7
420
 16777215
176
     1
 90
        1
176
     1
 90
        4
176
     1
 62
     7
176
     1
 62
   257
176
     1
 90
        1
176
     1
 90
        1
176
     1
 40
1.0
176
     1
 90
       12
176
     1
 62
     7
176
     1
 40
1.0
176
     1
 90
        1
176
     1
 90
        6
176
     1
 90
        2
176
     1
 62
     7
176
     1
 90
        5
176
     1
 90
        0
176
     1
 90
        0
176
     1
290
     0
176
     1
 90
        1
176
     1
 40
0.0
176
     1
 90
        0
176
     1
290
     0
176
     1
290
     1
176
     1
290
     1
176
     1
290
     0
176
     1
290
     0
176
     1
290
     0
176
     1
290
     0
176
     1
290
     0
176
     1
290
     0
176
     1
 90
       50
176
     1
 40
0.0
176
     1
 40
1.0
176
     1
 90
        0
176
     1
 62
    18
420
        0
176
     1
 90
       50
176
     1
 90
        3
176
     1
 62
     5
420
      255
176
     1
290
     0
176
     1
 90
       50
176
     1
 90
       50
176
     1
 90
       50
176
     1
290
     0
176
     1
 90
       50
176
     1
 62
   256
176
     0
 40
1.0
176
     0
 90
        2
176
     1
  1
strokes_ogs.tif
176
     1
290
     0
176
     1
 40
1.0
176
     1
 40
1.0
176
     1
  0
VISUALSTYLE
  5
F6
102
{ACAD_REACTORS
330
EF
102
}
330
EF
100
AcDbVisualStyle
  2
Wireframe
 70
     5
177
     3
291
     0
 70
    58
 90
        0
176
     1
 90
        2
176
     1
 90
        0
176
     1
 90
        0
176
     1
 40
0.6
176
     1
 40
30.0
176
     1
 62
     7
420
 16777215
176
     1
 90
        1
176
     1
 90
        4
176
     1
 62
     7
176
     1
 62
   257
176
     1
 90
        1
176
     1
 90
        1
176
     1
 40
1.0
176
     1
 90
        0
176
     1
 62
   257
176
     1
 40
1.0
176
     1
 90
        1
176
     1
 90
        6
176
     1
 90
        2
176
     1
 62
     7
176
     1
 90
        3
176
     1
 90
        0
176
     1
 90
        0
176
     1
290
     0
176
     1
 90
        1
176
     1
 40
0.0
176
     1
 90
        0
176
     1
290
     0
176
     1
290
     1
176
     1
290
     1
176
     1
290
     0
176
     1
290
     0
176
     1
290
     0
176
     1
290
     0
176
     1
290
     0
176
     1
290
     0
176
     1
 90
       50
176
     1
 40
0.0
176
     1
 40
1.0
176
     1
 90
        0
176
     1
 62
    18
420
        0
176
     1
 90
       50
176
     1
 90
        3
176
     1
 62
     5
420
      255
176
     1
290
     0
176
     1
 90
       50
176
     1
 90
       50
176
     1
 90
       50
176
     1
290
     0
176
     1
 90
       50
176
     1
 62
   256
176
     0
 40
1.0
176
     0
 90
        2
176
     1
  1
strokes_ogs.tif
176
     1
290
     0
176
     1
 40
1.0
176
     1
 40
1.0
176
     1
  0
VISUALSTYLE
  5
1F1
102
{ACAD_REACTORS
330
EF
102
}
330
EF
100
AcDbVisualStyle
  2
X-Ray
 70
    25
177
     3
291
     0
 70
    58
 90
        2
176
     1
 90
        2
176
     1
 90
        1
176
     1
 90
        1
176
     1
 40
0.5
176
     1
 40
30.0
176
     1
 62
     7
420
 16777215
176
     1
 90
        1
176
     1
 90
        0
176
     1
 62
     7
176
     1
 62
   257
176
     1
 90
        1
176
     1
 90
        1
176
     1
 40
1.0
176
     1
 90
        8
176
     1
 62
     7
176
     1
 40
1.0
176
     1
 90
        1
176
     1
 90
        6
176
     1
 90
        2
176
     1
 62
     7
176
     1
 90
        3
176
     1
 90
        0
176
     1
 90
        0
176
     1
290
     0
176
     1
 90
       13
176
     1
 40
0.0
176
     1
 90
        0
176
     1
290
     0
176
     1
290
     1
176
     1
290
     1
176
     1
290
     0
176
     1
290
     0
176
     1
290
     0
176
     1
290
     0
176
     1
290
     0
176
     1
290
     0
176
     1
 90
       50
176
     1
 40
0.0
176
     1
 40
1.0
176
     1
 90
        0
176
     1
 62
    18
420
        0
176
     1
 90
       50
176
     1
 90
        3
176
     1
 62
     5
420
      255
176
     1
290
     0
176
     1
 90
       50
176
     1
 90
       50
176
     1
 90
       50
176
     1
290
     0
176
     1
 90
       50
176
     1
 62
   256
176
     0
 40
1.0
176
     0
 90
        2
176
     1
  1
strokes_ogs.tif
176
     1
290
     0
176
     1
 40
1.0
176
     1
 40
1.0
176
     1
  0
DICTIONARYVAR
  5
146
102
{ACAD_REACTORS
330
5E
102
}
330
5E
100
DictionaryVariables
280
     0
  1
1:1
  0
DICTIONARYVAR
  5
259
102
{ACAD_REACTORS
330
5E
102
}
330
5E
100
DictionaryVariables
280
     0
  1
3.500000
  0
DICTIONARYVAR
  5
25A
102
{ACAD_REACTORS
330
5E
102
}
330
5E
100
DictionaryVariables
280
     0
  1
acadiso.lin
  0
DICTIONARYVAR
  5
145
102
{ACAD_REACTORS
330
5E
102
}
330
5E
100
DictionaryVariables
280
     0
  1
STANDARD
  0
DICTIONARYVAR
  5
84
102
{ACAD_REACTORS
330
5E
102
}
330
5E
100
DictionaryVariables
280
     0
  1
STANDARD
  0
DICTIONARYVAR
  5
227
102
{ACAD_REACTORS
330
5E
102
}
330
5E
100
DictionaryVariables
280
     0
  1
Metric50
  0
DICTIONARYVAR
  5
228
102
{ACAD_REACTORS
330
5E
102
}
330
5E
100
DictionaryVariables
280
     0
  1
Metric50
  0
DICTIONARYVAR
  5
5F
102
{ACAD_REACTORS
330
5E
102
}
330
5E
100
DictionaryVariables
280
     0
  1
2
  0
DICTIONARYVAR
  5
63
102
{ACAD_REACTORS
330
5E
102
}
330
5E
100
DictionaryVariables
280
     0
  1
1
  0
DICTIONARYVAR
  5
1AE
102
{ACAD_REACTORS
330
5E
102
}
330
5E
100
DictionaryVariables
280
     0
  1
0
  0
DICTIONARYVAR
  5
1AF
102
{ACAD_REACTORS
330
5E
102
}
330
5E
100
DictionaryVariables
280
     0
  1
0
  0
DICTIONARY
  5
205
330
22
100
AcDbDictionary
280
     1
281
     1
  0
DICTIONARY
  5
1F9
330
ED
100
AcDbDictionary
280
     1
281
     1
  3
FBXASSET
360
1FA
  0
DICTIONARY
  5
1F7
330
EC
100
AcDbDictionary
280
     1
281
     1
  3
FBXASSET
360
1F8
  0
DICTIONARY
  5
173
330
EE
100
AcDbDictionary
280
     1
281
     1
  3
BUMPTILE
360
175
  3
DIFFUSETILE
360
174
  3
FBXASSET
360
1FB
  3
OPACITYTILE
360
176
  3
REFLECTIONTILE
360
177
  0
DICTIONARY
  5
162
330
7F
100
AcDbDictionary
280
     1
281
     1
  3
ACAD_ROUNDTRIP_2008_TABLESTYLE_CELLSTYLEMAP
360
303
  0
XRECORD
  5
1FA
102
{ACAD_REACTORS
330
1F9
102
}
330
1F9
100
AcDbXrecord
280
     1
 70
     1
 90
429727718
  1
D62C5603-E3A1-4AEA-B7FB-FE5D8D0755AF
310
504B03040A0000080000CC70623B3DEE336E79000000790000001B0000006175746F6465736B2D64657369676E2D7061636B6167652E786D6C3C3F786D6C2076657273696F6E3D22312E302220656E636F64696E673D227574662D3822203F3E3C666F726D6174733E3C666F726D61743E687474703A2F2F736368656D612E
310
6175746F6465736B2E636F6D2F64657369676E2D7061636B6167652F323030393C2F666F726D61743E3C2F666F726D6174733E504B0304140006080800CC70623BD486FD9CA0000000F4000000130000005B436F6E74656E745F54797065735D2E786D6C7D8EC10E82300C865F65E91D8A1E8C310C0EEA1BF002731658846E
310
D98AC1B77784ABF1D8FE5FBFBF75BBCE937A534CCEB38643598122B6FEE978D0B0485F9C41B54DDD7D022595594E1A469170414C76A4D9A4D207E29CF43ECE46F218070CC6BECC4078ACAA135ACF422C856C0E68EA1BF5669944DDD7BCDE7B1F8E415D77AECB980613C2E4AC91FC167A2B244592486606FC29C8FD7F045B9A
310
EF7053A7E60B504B0304140006080800CC70623B853B8169EB0000007C01000008000000636F72652E786D6C8D90416EC3201045AF62CDB6C206821CC7C244919D9CA01740401C94182C03558F5F9C3852BBEB6A467FFE9B197D7EFC9E1EC5975982F5AE035262288C535E5B377690E21535501C055FBC8FBF6C503839990E
310
5619041F179FE64D52DE45E362569DD7661365082642A11EB9E920A89B99642953CC8E702F67A9EE7234257977194EC9EAE275C4EABCCF5EAD5940D4AC6F0E35A568B8F43562CD7046CD199FD07E60174276A7BE677B5EADB0E0D14EEFFB6A31321A0D82627C4084204C3F096B71DD52F6819B16635EADF63F509AF53FA164
310
5DDCD1EDDD17164090FCC8732078B56691CB33A85CD7DCC40F504B0304140006080800CC70623B55019EA25F0000007C00000007000000636E782E786D6C4DCB3B0E80201045D1AD90E915ED2CF8AC45050C11660C8261F98AB1B07AC9C97D42D718D865D3E909258CFD00CCE24AC6E326A164D74DC0B4128928FF32603847
310
2BA13128B1252AC747C6BAB984FC68F0B87FE8960A5C09FE86CFB69FBA01504B0304140006080800CC70623BDBABAAF470010000D40300000C0000006662782F636F72652E786D6CC553D16E823014FD95A6AF4B694182CC941A83FA05FB810A9511A125A5257EFE2E82712ECEB8A7F100CD39F7F69E734AF9FADC366850B6
310
AF8DCE7018308C942E4C59EB2AC3DE1D498AD15A706B8CFB56869196ADCAF00863C12B6B7C374385D14E6907A836A59A41D9F7CA615434B0C8705F7CAA5606D23BA8E84F41278B93AC54100640439DE0BDB320004D43C63716C7C399D30917DCFBBA9CD9BA8469F5B156168B24CED3F7248AC8769F27244EB73B92EED8862C
310
B7F13E0C179B3C8F979C8ECD82BBBABDAA2BAC924E9558448CBD9330242CFA08E3154B5651FCC6D215639C8EE5774DBE2B5F6CF2B5768B68963BB5F5588420E442FC700B1139D4CB01F450C1E918227C2E09DF070D8140C84E1E9AAB8F1340832A9CB13130A5F1376A908D57309505ECF2A0DF179C4E9D30F5B239B87E3823
310
7A79C6F31DE1A8A5AEC08474B03C7837EAE4938639B44E5932B833D2C6B6B279CDC613877FA26EE21F4A2A4C63EC7F29A2F301D1F9F7A0E37D145F504B0304140006080800CC70623B9C113CC27E0000009D0000000B0000006662782F636E782E786D6C4DCCDF0A83201C86E15B91DFB94BFB330DD428C8FB886521330DA7
310
6397BF1A1DECE883878F57749FCDA1B7892F1BBC047A23808C7F84D9FA55424E0BE6803A256208E9EF06C84F9B91703228B1C690F78B66B34CD9A5439DF5CF0BFBF65E35BCA1B8D6A5C6F540381E886698B5741C695F9503EBA150A2F8958E3DC3EA0B504B0304140006080800CC70623B7DF2F77C2A010000120200003100
310
00006662782F41393633353835312D344632462D344230382D423046372D3739314545314133324237412F636F72652E786D6C8D51DB8EC22014FC15C2939B0D2DB4B45643319AE817EC0F6041255A68B86CFCFC856D4D76DF7CE190393373060EDB3DC707F856CE6B6B7A480A0C81328395DA5C7B18C3057510EC3873D686
310
3F34088C18550F330C39BB3A1BA7051AAC09CA84841A2BD5020AEF55806078A44B0FFD7053A328440C89E1EFC52486BBB8AA8214A99D789CF9E05200300FC927E4FB4D5B375D43103D5527440FB843077C5AA3F5861C8F645F5787F59E95B390B318B55CE45AA638FAA2957BD7248B390B7A7CC51F9C124149C82B8C378810
310
84AB2F42B7B8DD56F413775B8C5999E9FF4471926F8AA236A1AE96B8B3CC434E5839373893369E1FAF30EA395917409EB7F26AF8801C171837A4A6AC9C89E9F9C9B1A58BA30FD6A5EF5DDDCF894B9AD9B6A59C957943A9FCAE2FD5BC4DFE03504B0304140006080800CC70623BAD7543B64E01000033030000300000006662
310
782F41393633353835312D344632462D344230382D423046372D3739314545314133324237412F636E782E786D6CD593CD6EC32010845F0571AD6CE3D48AD20813A9873E410FBD12D82434182C7EAAE6EDBB2424CD25871E7B41D6EC30B3FA84F9E67BB2E40B4234DE8DB46F1925E094D7C6ED479AD3AE5951B2113C789FEE
310
6C943839C1488B4C05DF079FE72A69D8C96C13AAD6B8631503449F83828872B949AC57D26200B826A308D316B4064D6E46FCDA41C05550DC9E483A00797BFD207EFB092A45DE9514C1BBD22178396BD39D891265658C238DEA00936C654E5E433CB65A26D9F6EDB5EBC14EBF49A45CB856E66048291F6939A9A81BB5C89177
310
38143CA680F4AA299D66A042CEB3354A2684DC9D8D178FE0D9B8B41CAAD720F880EE7EF93C0C18769E099ECC04D5A102C8049A8A05632F4DDF376CF1DE0F6BB65C2F8627B65A33C6BB62177CEBBDAD973006829F89F22E814B54F4BC2BE347F8AA8F681390B50FA73F804400B5F542E796F19FF974E7F78DB802FE05E20750
310
4B0304140006080800CC70623BE75B7789680500003C100000340000006662782F41393633353835312D344632462D344230382D423046372D3739314545314133324237412F6F626A656374732E786D6CAD575B8F9B3818FD2B887D06C22499CB8AA1CA655245D5B455A356FB305264C061D8018C6C3393D95FBFC7600890
310
A4CD5EF210B0B1BFEBF98E3F7B1FF6596ABC522E1296DF9BAE3D320D9A872C4AF2F8DE2CE5CEBA358D0FBEC719939D65A691938CDE9B6ADAF4BD98B3B2D05311DD91329583D9D5FC0F438434A7A611A644887B5384CF34233629258BA878B12322891DEFF6B66BD70BFB62634E8AE781D082709A4B588AF91C528CDA28B73F
310
1C998EEF39EABBEFA97FBD6A7C7E9553F9D3D79FE442923C3C523610337627CB87ABE99D359D4CC6D6E4FACAB5E6ABF9D2726FC6A3C5F56271377BB88362213924694B38DD99FE47C48627A1E7D49F5A8BB5E1A74C0A599ED3B0F21F1E56366B89112D681E218F0915D0D6F17AD41FBA2A369DCF6335D62ABBD39779D5DDD1
310
11D4D8DE3CBB96B2E04FB8202E41051754A1AA8E8F76B4C6DFE810B580B1547F4B84911149794252234D024EF8BBE963A95AE27B3D310A9D5C215C7960FAEE415ED75694C6AFB17BCACA5D99A60A9AA65F217B0BFC53292ACB92BF283FAD0D3621576592CB5BED907C2FA8E9DF794E35E97BEA31BED21FEB401ABB94C44839
310
DCACBF0E1C5DA8DA5B2F4DFFD32AD86F543D9E565E7056502E157C00AD2671CD534549AB752FCA9CDA00677A313F04E51B22FF19E57B300579E3C97EB29F682D92935CEC18CF901B7B54FD8C51F362B56FC72FE0B3C1EAE335EDCCBF5AEC39ADB17DC238973F804BA5E6F6BFE7AF1FB32E523BE9F3BD571418E3631DCA4D48
310
5250CF639223210A9446CA30052EDF057BD35F8329C1ECD84552BF0DC8D18BE7BCE23BFE6BD960AB4A7DE79923A103BEBD80F911CBAA2C60DB19B01CF164A5583B772EE6D3FFA56666CBCDA74DC97724A48F9A58967497E489C4D979006FD7A05E227A1EBDD0F737C623387A9C844D3709995625106D157315F8B8392CD4E0
310
A0B9A720C4BE9829CEF37EA1E13111214D53925356365ADA634861B52519DD27A00AEB808EAF0628E6F435519D446F45CF2C9CF5214F0A15B2F6D06B79DA3EE3CBF7F56780D2F4E7EF73A0F5E5B02A38D07DC852C6B7C1FBB6664213E0C39E3EBA7FF4E1AD23EA2829407C85E586727488B751B2DB9502BC7B228A3FD68B6E
310
A65A22397E690AA8D158D7E404EC8CDA235CC3B7D1898680131CEC2CDF2638C65196279577750F15884AEE19F94199155B92B13297978469D4F8D358DF0AEF7631E28DC8F0D9F437D5D39A83B2231A1D52D543813A824EF8D44BCFF2FA6A31BD1E8DAD87F1CCB526B3879935BF59CDADD5C37479BB1CDD4CA7B3556B516589
310
EF352754B706114D9C885EC9131DE6EFEB43D99AFE2391C2F958179413D7CFEF6B1B6DB1E7600F00DE6E5C67454A339A4BA2E0FBA85ED26F045D454F463DBFCE484C2F90F2E5E3666003662ED8F755951A7D1BECD5B30B550B2785C8E7320B7292A4838DDA71BBC863ED7613CAF659337A3354231D4FF4A182A54904C2898C
310
98B28C4AD0CE056CCF332A80986E571EE9DBC305BB5FEB7E509220A58D25CF042D712A806AC0AD0C657FDEF80D2D9CEAA2EE4D1C76F60BFE74219A06527D6F82DF6412526107381E55E353090704D085B52408A8913C4ED159D79BDA71BB4BC506F4831350EB6F975CD22D69BF7AC49B91A2C0A9DDA3D5CA36AD20FC478E37
310
E61844E2352865EBCB61A275A65283CAAA9DD27703B4102F5AF51EF5F573B75CBB5AD38BC845F7A49F82A0966A49C2E3EA5EA0ECD326CD965F1DB402C6FA8B51A4658C5C5E2EC9E214602E55810345408596591009A82E7E7FFACA19EEA299B14A0081A705CB3296EBC14CDF658DCD336EA6D1136881AAEB87B81AB9EE53D5
310
F5EB8BC8362082DA24122F98680A4E7930C01A0079749CEA14382A0783E5EBA5A10F8C098456A03D6A4AEB6BB881E2513747552A5DB22C7EDAF83BD5528081A365F7FF06504B0304140006080000CC70623B000000000000000000000000350000006662782F41393633353835312D344632462D344230382D423046372D37
310
39314545314133324237412F76657274696365732E62696E504B0304140006080800CC70623BF270F1330600000004000000360000006662782F41393633353835312D344632462D344230382D423046372D3739314545314133324237412F747269616E676C65732E62696E636660600000504B0304140006080000CC7062
310
3B000000000000000000000000370000006662782F41393633353835312D344632462D344230382D423046372D3739314545314133324237412F617474726962757465732E62696E504B0304140006080800CC70623B08DA0BD19000000041010000360000006662782F41393633353835312D344632462D344230382D4230
310
46372D3739314545314133324237412F6469726563746F72792E786D6C858F410AC3201045AF22B36F53E9A60B35CBEEBAE80D244E44489C6234F4F835464A48035D0DF398FF9F8AF63D0E6CC63039F212F8F9020C7D47C6792B21C5FE7403D62A1188E2E60C98D7234A5830286103A55745067B9D86B8A3CF9C7F90C11DE6
310
07FB144396D7B6A82D282E9A152AD114D5EF2CB866EEE831B8EEA07A7BB5A8D7D61A2BAAEB7FD5F70921FF497D00504B0304140006080800CC70623BEDD1DC58FD000000A00100003B0000006662782F41393633353835312D344632462D344230382D423046372D3739314545314133324237412F7265736F75726365732F
310
636F72652E786D6C8D504B6E833010BD0A9A6D65B00922041947112427E8052C33A156828DFCA97AFC9A40A576D7CDCCE87D344F8F9FBFE667F689CE6B6B3A6039850C8DB2A336530731DC4903D95970676DF82583CCC8193B5861107C72362E3BA4AC096842428D1D7107A5F7182053CF7474E0D507CE32973124857FE48B
310
540F3961CEF244279DE03EB81420DB9EAC1384436FA353E879B1B182C7A8C75DA3C7F453DF353A1075D537A7BA6464B8F535A99AE14A9A2BBD90E350DD183B5CFABE3AF262350B1EF4FC9351399401471025A527C218A1E53BAB5A5AB765F5469B96525EACF23FA6B88CFF34456DC2A1DCE36E360F82A5202F42F062ED2BAD
310
579969AFDD8A6F504B010214000A0000080000CC70623B3DEE336E79000000790000001B00000000000000000000000000000000006175746F6465736B2D64657369676E2D7061636B6167652E786D6C504B01021400140006080800CC70623BD486FD9CA0000000F40000001300000000000000000000000000B20000005B
310
436F6E74656E745F54797065735D2E786D6C504B01021400140006080800CC70623B853B8169EB0000007C010000080000000000000000000000000083010000636F72652E786D6C504B01021400140006080800CC70623B55019EA25F0000007C000000070000000000000000000000000094020000636E782E786D6C504B
310
01021400140006080800CC70623BDBABAAF470010000D40300000C00000000000000000000000000180300006662782F636F72652E786D6C504B01021400140006080800CC70623B9C113CC27E0000009D0000000B00000000000000000000000000B20400006662782F636E782E786D6C504B01021400140006080800CC70
310
623B7DF2F77C2A010000120200003100000000000000000000000000590500006662782F41393633353835312D344632462D344230382D423046372D3739314545314133324237412F636F72652E786D6C504B01021400140006080800CC70623BAD7543B64E010000330300003000000000000000000000000000D2060000
310
6662782F41393633353835312D344632462D344230382D423046372D3739314545314133324237412F636E782E786D6C504B01021400140006080800CC70623BE75B7789680500003C10000034000000000000000000000000006E0800006662782F41393633353835312D344632462D344230382D423046372D3739314545
310
314133324237412F6F626A656374732E786D6C504B01021400140006080000CC70623B0000000000000000000000003500000000000000000000000000280E00006662782F41393633353835312D344632462D344230382D423046372D3739314545314133324237412F76657274696365732E62696E504B01021400140006
310
080800CC70623BF270F133060000000400000036000000000000000000000000007B0E00006662782F41393633353835312D344632462D344230382D423046372D3739314545314133324237412F747269616E676C65732E62696E504B01021400140006080000CC70623B0000000000000000000000003700000000000000
310
000000000000D50E00006662782F41393633353835312D344632462D344230382D423046372D3739314545314133324237412F617474726962757465732E62696E504B01021400140006080800CC70623B08DA0BD1900000004101000036000000000000000000000000002A0F00006662782F41393633353835312D344632
310
462D344230382D423046372D3739314545314133324237412F6469726563746F72792E786D6C504B01021400140006080800CC70623BEDD1DC58FD000000A00100003B000000000000000000000000000E1000006662782F41393633353835312D344632462D344230382D423046372D3739314545314133324237412F7265
310
736F75726365732F636F72652E786D6C504B0506000000000E000E0080040000641100000000
  0
XRECORD
  5
1F8
102
{ACAD_REACTORS
330
1F7
102
}
330
1F7
100
AcDbXrecord
280
     1
 70
     1
 90
429727718
  1
30362254-06B7-45E0-A893-8CFA70E3D6BC
310
504B03040A0000080000CC70623B3DEE336E79000000790000001B0000006175746F6465736B2D64657369676E2D7061636B6167652E786D6C3C3F786D6C2076657273696F6E3D22312E302220656E636F64696E673D227574662D3822203F3E3C666F726D6174733E3C666F726D61743E687474703A2F2F736368656D612E
310
6175746F6465736B2E636F6D2F64657369676E2D7061636B6167652F323030393C2F666F726D61743E3C2F666F726D6174733E504B0304140006080800CC70623BD486FD9CA0000000F4000000130000005B436F6E74656E745F54797065735D2E786D6C7D8EC10E82300C865F65E91D8A1E8C310C0EEA1BF002731658846E
310
D98AC1B77784ABF1D8FE5FBFBF75BBCE937A534CCEB38643598122B6FEE978D0B0485F9C41B54DDD7D022595594E1A469170414C76A4D9A4D207E29CF43ECE46F218070CC6BECC4078ACAA135ACF422C856C0E68EA1BF5669944DDD7BCDE7B1F8E415D77AECB980613C2E4AC91FC167A2B244592486606FC29C8FD7F045B9A
310
EF7053A7E60B504B0304140006080800CC70623B1EC5D7A3EB0000007C01000008000000636F72652E786D6C8D90416EC3201045AF82665B6103C6756C6122AB4D4ED00B204C5C94182C03558F5F9C3852BBEB6A467FFE9B197D71FC9E6FE8CBACC17AD7032D0820E3B41FAD9B7A48F1820F808E52ACDEC75F36404ECDA687
310
4D0629A6D5A76597B477D1B89855E747B38B2A041301E95B6E7A08FAD3CCAA50296647B8168BD2573599823EBB0CA76447F43862C7BCCF5EAC59410E4DDD9C7973C2755553CCCFA4C603E3040F1565ED3B1FDE4E432BCA0D9622DAF9795FAF464533826484B498524CD807E51D79ED187F21878E10516EF63F505AC67F42C9
310
BA58B1FDDD071640D2FCC87D2045B96591CB3DA85CB7DCE40F504B0304140006080800CC70623B55019EA25F0000007C00000007000000636E782E786D6C4DCB3B0E80201045D1AD90E915ED2CF8AC45050C11660C8261F98AB1B07AC9C97D42D718D865D3E909258CFD00CCE24AC6E326A164D74DC0B4128928FF32603847
310
2BA13128B1252AC747C6BAB984FC68F0B87FE8960A5C09FE86CFB69FBA01504B0304140006080800CC70623B8C9102E971010000D40300000C0000006662782F636F72652E786D6CC5535B6E833010BC8AE5DF0A6C08340F1947A84D4ED00B38C6A128602363A31CBFCB234A53A551FA553EC09AD9F5CE8C31DB9E9B1AF5CA
310
7695D1198E428A91D2D214952E33ECDD315861B4E5CC1AE3BE9561A445A3323CC098B3D21ADFCE9034DA29ED00D5A6503328BA4E398C640D8B0C77F253352214DE4145770A5B214FA2546114020D759C75CE8200340D19DE981F0F6746269C33EFAB6266AB02A655C74A59CCF365BADC27CB5D902ED22848F6340DF238A141
310
BE88E2F57B92BFEDF23523433367AE6A2EEAA455C2A902F398D2751045018D3FA264435F3771F242571B4A1919CA6F9A7C5B3CD9E42BED16F12C776AEB308F40C848FC700B1139D4891EF410CEC810227CC6846F8386402064270EF5C5C709A05E49676C024C61FC95EA45ED154CA5211D1FF4FB8291A913A68E9B83EBBB33
310
E2A7673CDE118E5AE8124C0807CB8377834E366998436B950D7A7746DAD846D4CFD978E0F04FD455FC5D49D2D4C6FE9722321F10997F0F32DC47FE05504B0304140006080800CC70623BFFEA85907E0000009D0000000B0000006662782F636E782E786D6C4DCCD10A83201886E15B91FFDC95D95A811AB6F23E625948A6C3
310
E9D8E5AF46073BFAE0E1E365ED67B3E8ADC3CB78C7815C7240DA3DFC64DCC221C519D7805AC182F7F1EF06C88D9BE6703008B6049F9E274D7A1E938DBB5AE3D6131B2589BA0D3D965551E0B2EA732C9B9A624AAEB41E3A557677029960D9AFB4EF11165F504B0304140006080800CC70623B4FEEA4082C0100001202000031
310
0000006662782F39464131463745442D413632322D343644302D413938332D3331353338454246344243312F636F72652E786D6C8D515B6EC32010BC0AE2AB55850DD871ED0813254D72825EC00192A2C460F1A872FC42ED48ED5F7E00CDCECCCEB26C731F6FE05B39AFADE921293004CA082BB5B9F43086336A21D870E6AC
310
0D7F68109861543DCC30E4ECE26C9C164858139409093556AA051CBC570102714B8F1E7AF1A5C6A11862480C7F2DA6415C878B2A4891CA89C7990F2E050073937C42DE1DB7E4F87ED8A36D4329AA9B3D46DBAEAD504556557BD81DEBDD0761E52CE42C462D17B996298E3E6BE59E35C962CE821E1FF18553435012728A7187
310
0841987E927A8D9B35ADDF70BBC6989599FE4F1427F9A4286A132ABAC49D651EF234CD5CE04CDA78BA3DC2A8FB645D00B9DF8B57E215725C60BCA2A463E54C4CE327C7A65E1C7DB02E7DEFCBF594B864C5CA6CDBD49C957943E9FA5D5FBAF336F90F504B0304140006080800CC70623BAD7543B64E01000033030000300000
310
006662782F39464131463745442D413632322D343644302D413938332D3331353338454246344243312F636E782E786D6CD593CD6EC32010845F0571AD6CE3D48AD20813A9873E410FBD12D82434182C7EAAE6EDBB2424CD25871E7B41D6EC30B3FA84F9E67BB2E40B4234DE8DB46F1925E094D7C6ED479AD3AE5951B2113C
310
789FEE6C943839C1488B4C05DF079FE72A69D8C96C13AAD6B8631503449F83828872B949AC57D26200B826A308D316B4064D6E46FCDA41C05550DC9E483A00797BFD207EFB092A45DE9514C1BBD22178396BD39D891265658C238DEA00936C654E5E433CB65A26D9F6EDB5EBC14EBF49A45CB856E66048291F6939A9A81BB5
310
C8917738143CA680F4AA299D66A042CEB3354A2684DC9D8D178FE0D9B8B41CAAD720F880EE7EF93C0C18769E099ECC04D5A102C8049A8A05632F4DDF376CF1DE0F6BB65C2F8627B65A33C6BB62177CEBBDAD973006829F89F22E814B54F4BC2BE347F8AA8F681390B50FA73F804400B5F542E796F19FF974E7F78DB802FE05
310
E207504B0304140006080800CC70623B16AB87BA640500003C100000340000006662782F39464131463745442D413632322D343644302D413938332D3331353338454246344243312F6F626A656374732E786D6CAD575B6FA33818FD2B887DE6924B3BED8A326A92B68A663B534DD4D13E548A0C38942D60649B369D5FBFC7
310
600890A493BDE42160637FD7F31D7FF63E6FB3D478A55C242CBF3247B66B1A340F5994E4F19559CA8D75611A9F7D8F33263BCB4C232719BD32D5B4E97B316765A1A722BA21652A07B3B7B33F0D11D29C9A46981221AE4C113ED38CD8A4942CA2E2C58E882476BCD9DA23BB5ED8171B73523C0F841684D35CC252CCE79062D4
310
468DFA43D7747CCF51DF7D4FFDEB5593E3AB9CCA9FBEFE241792E4E19EB28198C968BAB8199F5D5A67D3E9C49A9E8F47D6EC76B6B0469F26EEFC7C3EBFBCBEB98462213924694B38DD98FE1D62C393D073EA4FADC5DAF04326852CCF6958F90F0F2B9BB5C48816348F90C7840A68EB78EDF68723159BCEE7891A6B95DDE9D3
310
BCEAEEE8086A6C6F9E5D4B59F0175C10A7A0820BAA5055C7473B5AE3CFDD452D602CD5DF12616444529E90D448938013FE6EFA58AA96F85E4F8C42275708571E98FE6827AF6B2B4AE3D7D83D64E5A64C53054DD3AF90BD06FEA9149565C94FCA0F6B834DC85599E4F2423B24DF0B6AFA979E534DFA9E7A4CC6FA631D486393
310
921829879BF5D781A373557BCB85E97FB90DB62B558F8795179C15944B051F40AB495CF35451D26A4727654E6D8033BD98EF82F21D91FF8AF2DD9982BCF1643BDD4EB516C9492E368C67C88DED563FC36D5EACF66DFF057C3658BDBFA69DF9578B3DA735B64F18C7F20770A9D45CFCF7FCF563D6456A277DBEF78A02637CA2
310
43B90A490AEAB94F72244481D24819A6C0E59B606BFA4B3025981DBB48EAB701D97BF19C577CC77F2D1B6C55A9EF3C732474C0B727303F625995056C3B02963D9EAC146BE78EC5FCEC7FA999EBC5EACBAAE41B12D27B4D2C0BBA49F244E2ECDC81B76B502F113D8F5EE8FB1BE3111CDD4FC2AA9B844CAB1288B68AB90A7CDC
310
1C166AB0D3DC5310625FCC14E779BFD0709F8890A629C9292B1B2DED31A4B0DA928CEE135085754027E3018A397D4D5427D15BD1330B677DC8934285AC3DF45A9EB68FF8F2B8FC0A509AFEECFD0FF2DE25CC6047F7214B195F07EFEB9A094D800F7BFAE8FED187B78EA8A3A400F115961BCAD1215E47C966530AF0EE8128FE
310
58CEBB996A8964FFA529A046635D9353B0336A8F700DDF46271A024E70B0B37C9DE01847591E54DED53D54202AB947E4076556AC49C6CA5C9E1226B7F1A7B1BE15DEED62C41B91E1B3E9AFAAA735036547343A925075041DF0A9979E893B391F8FCFA6967B3EFB644DCF6E5CEBFAE272625DCC6FAF3FB93793C5F90CE1EF57
310
407342756B10D1C489E8953CD1617E5CEECAD6F4EF8914CE5D5D504E5C3F1F9736DA62CFC11E00BCDDB8CC8A9466349744C1F75EBDA4DF09BA8A9E8C7A7E9991989E20E5DBDD6A6003664ED8F7A04A8DBE0DF6EAD9B9AA858342E47399053949D2C146EDB85DE4B176BB0965FBAC19BD19AA918E27FA50C1D22402E144464C
310
59462568E704B6E71915404CB72B8FF4EDE184DDAF753F284990D2C6926782963815403548A70C657FDEF80D2D9CEAA2AE4C1C76F60BFE74219A06527D6582DF6412526107381E55E353090704D085B52408D0933C4ED159D79BDA71BB4BC506F4831350EB6F979CD22D69BF7AC49B91A2C0A9DDA3D5CA36AD20FC478E37E6
310
1844E2352865EBCB6EA275A652E3836BE04EFB400BF1A2556F515F1FBB35B2AB35BD889C744FFA1004B5544B121E57F70215746DD2F5E2C1412B602CBF19455AC6C8E5E9922C4E01E65215385004546899059180EAFCF7A707CE7017CD8CDB0410789AB32C63B91E5CEBBBACB17AC6CD347A022D5075FD106377347AAABA7E
310
7D11590744509B44E205134DC1290F06580320F78E537D3D73540E06CB970B431F185308AD40BBD794D6D77003C5A36E8EAA54BA64597CD8F83BD552A080A365F7FF06504B0304140006080000CC70623B000000000000000000000000350000006662782F39464131463745442D413632322D343644302D413938332D3331
310
353338454246344243312F76657274696365732E62696E504B0304140006080800CC70623BF270F1330600000004000000360000006662782F39464131463745442D413632322D343644302D413938332D3331353338454246344243312F747269616E676C65732E62696E636660600000504B0304140006080000CC70623B
310
000000000000000000000000370000006662782F39464131463745442D413632322D343644302D413938332D3331353338454246344243312F617474726962757465732E62696E504B0304140006080800CC70623B08DA0BD19000000041010000360000006662782F39464131463745442D413632322D343644302D413938
310
332D3331353338454246344243312F6469726563746F72792E786D6C858F410AC3201045AF22B36F53E9A60B35CBEEBAE80D244E44489C6234F4F835464A48035D0DF398FF9F8AF63D0E6CC63039F212F8F9020C7D47C6792B21C5FE7403D62A1188E2E60C98D7234A5830286103A55745067B9D86B8A3CF9C7F90C11DE607
310
FB144396D7B6A82D282E9A152AD114D5EF2CB866EEE831B8EEA07A7BB5A8D7D61A2BAAEB7FD5F70921FF497D00504B0304140006080800CC70623B0D6EF93BFE000000A00100003B0000006662782F39464131463745442D413632322D343644302D413938332D3331353338454246344243312F7265736F75726365732F63
310
6F72652E786D6C8D50596E833010BD0A9ADFCA60B334011947A8694ED00B586642AC041B79A97AFC9A40A5F6AF3F33A3B7689E1E3F7DCD8FEC139DD7D6F4C0720A191A65476DA61E62B892236427C19DB5E1970C322367EC618541F0C9D9B8EC90B226A009093576C41D94DE63804C3DD2D18357379C652E63480A7FCF17A9
310
EE72C29CE5894E3AC17D702940B63D59270887DE46A7D0F36263058F518FBB468FE9A7BE6A7420864373B8D4873369AA8691FA421B3294352543C5CAF65C0F6FEF43CB8BD52C78D0F34F46E550061C419494B6843142CB0F5677F4B52BEB177AEC28E5C52AFF638ACBF84F53D42654E51E77B379102C05791282176B5F693D
310
CB4C7BED567C03504B010214000A0000080000CC70623B3DEE336E79000000790000001B00000000000000000000000000000000006175746F6465736B2D64657369676E2D7061636B6167652E786D6C504B01021400140006080800CC70623BD486FD9CA0000000F40000001300000000000000000000000000B20000005B
310
436F6E74656E745F54797065735D2E786D6C504B01021400140006080800CC70623B1EC5D7A3EB0000007C010000080000000000000000000000000083010000636F72652E786D6C504B01021400140006080800CC70623B55019EA25F0000007C000000070000000000000000000000000094020000636E782E786D6C504B
310
01021400140006080800CC70623B8C9102E971010000D40300000C00000000000000000000000000180300006662782F636F72652E786D6C504B01021400140006080800CC70623BFFEA85907E0000009D0000000B00000000000000000000000000B30400006662782F636E782E786D6C504B01021400140006080800CC70
310
623B4FEEA4082C0100001202000031000000000000000000000000005A0500006662782F39464131463745442D413632322D343644302D413938332D3331353338454246344243312F636F72652E786D6C504B01021400140006080800CC70623BAD7543B64E010000330300003000000000000000000000000000D5060000
310
6662782F39464131463745442D413632322D343644302D413938332D3331353338454246344243312F636E782E786D6C504B01021400140006080800CC70623B16AB87BA640500003C1000003400000000000000000000000000710800006662782F39464131463745442D413632322D343644302D413938332D3331353338
310
454246344243312F6F626A656374732E786D6C504B01021400140006080000CC70623B0000000000000000000000003500000000000000000000000000270E00006662782F39464131463745442D413632322D343644302D413938332D3331353338454246344243312F76657274696365732E62696E504B01021400140006
310
080800CC70623BF270F133060000000400000036000000000000000000000000007A0E00006662782F39464131463745442D413632322D343644302D413938332D3331353338454246344243312F747269616E676C65732E62696E504B01021400140006080000CC70623B0000000000000000000000003700000000000000
310
000000000000D40E00006662782F39464131463745442D413632322D343644302D413938332D3331353338454246344243312F617474726962757465732E62696E504B01021400140006080800CC70623B08DA0BD190000000410100003600000000000000000000000000290F00006662782F39464131463745442D413632
310
322D343644302D413938332D3331353338454246344243312F6469726563746F72792E786D6C504B01021400140006080800CC70623B0D6EF93BFE000000A00100003B000000000000000000000000000D1000006662782F39464131463745442D413632322D343644302D413938332D3331353338454246344243312F7265
310
736F75726365732F636F72652E786D6C504B0506000000000E000E0080040000641100000000
  0
XRECORD
  5
175
102
{ACAD_REACTORS
330
173
102
}
330
173
100
AcDbXrecord
280
     1
270
     1
271
     1
  0
XRECORD
  5
174
102
{ACAD_REACTORS
330
173
102
}
330
173
100
AcDbXrecord
280
     1
270
     1
271
     1
  0
XRECORD
  5
1FB
102
{ACAD_REACTORS
330
173
102
}
330
173
100
AcDbXrecord
280
     1
 70
     0
 90
1673772943
  1
ECE7A1D2-D628-4531-984C-D00F80459256
310
504B03040A0000080000CC70623B3DEE336E79000000790000001B0000006175746F6465736B2D64657369676E2D7061636B6167652E786D6C3C3F786D6C2076657273696F6E3D22312E302220656E636F64696E673D227574662D3822203F3E3C666F726D6174733E3C666F726D61743E687474703A2F2F736368656D612E
310
6175746F6465736B2E636F6D2F64657369676E2D7061636B6167652F323030393C2F666F726D61743E3C2F666F726D6174733E504B0304140006080800CC70623BD486FD9CA0000000F4000000130000005B436F6E74656E745F54797065735D2E786D6C7D8EC10E82300C865F65E91D8A1E8C310C0EEA1BF002731658846E
310
D98AC1B77784ABF1D8FE5FBFBF75BBCE937A534CCEB38643598122B6FEE978D0B0485F9C41B54DDD7D022595594E1A469170414C76A4D9A4D207E29CF43ECE46F218070CC6BECC4078ACAA135ACF422C856C0E68EA1BF5669944DDD7BCDE7B1F8E415D77AECB980613C2E4AC91FC167A2B244592486606FC29C8FD7F045B9A
310
EF7053A7E60B504B0304140006080800CC70623BD9DDAED0EC0000007C01000008000000636F72652E786D6C8D90416EC3201045AF82665B61836D9CD8C2444DD39CA01740405C94182C03558F5F9C3852BBEB6A467FFE9B197D7EF89E6EE8CB2CC17A37002D0820E394D7D68D03A478C17B4007C117EFE32F1B20272733C0
310
2A83E0E3E2D3BC49CABB685CCCAAF3DA6CA20CC14440EA969B0182FA34932C648AD911AEC52CD5558EA6A0CF2EC329598D1E47ACCEFBECC59A050463A7EA5833865FEBDD0E37353BE3EE8DBDE3F6786A48D375FBF6CC78B9C282473B3DEFABC5C86834888A900E538A49F5419B9EB47DD5BC907D4F082F57FB1F28CDFA9F50
310
B22ED6D5F6EE030B20687EE43E10BC5CB3C8E51E54AE6B6EE207504B0304140006080800CC70623B55019EA25F0000007C00000007000000636E782E786D6C4DCB3B0E80201045D1AD90E915ED2CF8AC45050C11660C8261F98AB1B07AC9C97D42D718D865D3E909258CFD00CCE24AC6E326A164D74DC0B4128928FF326038
310
472BA13128B1252AC747C6BAB984FC68F0B87FE8960A5C09FE86CFB69FBA01504B0304140006080800CC70623BA24EB22D72010000D40300000C0000006662782F636F72652E786D6CC5535B6E833010BC8AE5DF0A6C5E49888CA3A6694ED00B38E05014B091B1518EDFE511A5A9D228FD2A1F60CDEC7A67C6986DCE4D8D7A
310
69BA4AAB0C073EC548AA5C17952A33ECECD15B61B4E1CC686DBF9561A44423333CC098B3D268D7CE50AE9595CA02AA74216750749DB418E5352C32DCE59FB211BE70162ABA93DF8AFC244AE9073ED050C759670D0840D390E18DF9F1706664C23973AE2A66B62A605A75ACA4C13C4976E1364A12EF355A2EBD384AF65EFA96
310
BC7B8BED2EA6719AAE16FB8491A199335B351775B991C2CA02F390D2D40B028F861F41BCA68B7518BFD0D59A524686F29B26D7164F36B94AD9289CE54E6D1DE6010819891F6E21228B3AD1831EC219194284CF98F06DD01008846CC5A1BEF83801D4CBDC6A1303536877A57A513B0953A94FC707FDBE6064EA84A9E3E6E0FA
310
EE8CF0E9198F7784A316AA0413C2C2F2E0ECA0934D1AE6D05A69BCDE9E91D2A611F573361E38FC1375157F5752AE6B6DFE4B11990F88CCBF0719EE23FF02504B0304140006080800CC70623B408A7D3B7C0000009D0000000B0000006662782F636E782E786D6C4DCCD10A83201886E15B91FFDC552A92A0064DBC8F581632
310
D3703A76F9ABD1C18E3E78F878E5F0D9027ABBFCF2292AE86E2D20171F69F6715550CB827B40839639A5F2770314A7CD293819B45C73AAFB45B35BA61ACAA1C1C7E7855C58C15BC331339661262CC762340413D68D77DA5B42298546CBE6573AF60CEB2F504B0304140006080800CC70623B449FB9BD290100001202000031
310
0000006662782F36394639363044362D344446342D343946362D394244322D3234314243333846323333332F636F72652E786D6C8D515B6EC32010BC0AE22B55850D98B871848994463E412FE002495162B07854397EA176A4F62F3F2C9A9D991D587EB84F37F0AD7D30CEF6905418026DA553C65E7A98E219ED203808EE9D
310
8B7F6810D871D23D2C3014FCE25D9A57483A1BB58D19B54EE9151C43D0110279CB971E06F9A5A7B11A53CC8C70ADE6515EC78BAE4895DB992778883E0700CB907242D17643D7E2538BD869608875438BBAE38922CAC8F1BDD90DB4691A5E2F42C153326A951B95E398B3D1FE599322163C9AE9115F7A3D46ADA0A018778810
310
84E907617BDCEE297BC5BB3DC6BC2EF47FA234AB2745C9D8D8D035EE220B50105E2F0DC1954B9FB747187D9F9D8FA0CCDB042D5FA0C015C65B42DF78BD10F3F3B363CB56C7109DCFDFBBB97E662ED92EB62D13BC2E1BCAE5777DB9966D8A1F504B0304140006080800CC70623BAD7543B64E01000033030000300000006662
310
782F36394639363044362D344446342D343946362D394244322D3234314243333846323333332F636E782E786D6CD593CD6EC32010845F0571AD6CE3D48AD20813A9873E410FBD12D82434182C7EAAE6EDBB2424CD25871E7B41D6EC30B3FA84F9E67BB2E40B4234DE8DB46F1925E094D7C6ED479AD3AE5951B2113C789FEE
310
6C943839C1488B4C05DF079FE72A69D8C96C13AAD6B8631503449F83828872B949AC57D26200B826A308D316B4064D6E46FCDA41C05550DC9E483A00797BFD207EFB092A45DE9514C1BBD22178396BD39D891265658C238DEA00936C654E5E433CB65A26D9F6EDB5EBC14EBF49A45CB856E66048291F6939A9A81BB5C89177
310
38143CA680F4AA299D66A042CEB3354A2684DC9D8D178FE0D9B8B41CAAD720F880EE7EF93C0C18769E099ECC04D5A102C8049A8A05632F4DDF376CF1DE0F6BB65C2F8627B65A33C6BB62177CEBBDAD973006829F89F22E814B54F4BC2BE347F8AA8F681390B50FA73F804400B5F542E796F19FF974E7F78DB802FE05E20750
310
4B0304140006080800CC70623B8D05915C650500003B100000340000006662782F36394639363044362D344446342D343946362D394244322D3234314243333846323333332F6F626A656374732E786D6CAD575B6FA33814FE2B887D06429276DA1565D4266D158D3A339A6846FB502932E050B66023DB74D2FDF5FB190C01
310
9276B2973C046C8ECFF53B17071F77456EBD502133CEAE6CDF9DD81665314F32965ED995DA3A17B6F5310C04E7AA47665B8C14F4CAD6DB7618A48257A5D94AE89654B91AEDDEDDFC61C998326A5B714EA4BCB265FC440BE2924AF184CA6737218AB8E976E7FA6E4338649B0A523E8D98964450A6A029F619B8588D52FE7039
310
B1BD30F0F4F730D0FF866AF6369557DB33949F31A9088B0F848DD8CCFCF9F2767A76E99CCDE733677E3EF59D9BBB9BA5E37F984D16E78BC5E5F5ED25044B25C0C96822E8D60EEFE11B91C581D77CEA34368A1F5329E68CD1B8B61F16D63A1B8E092D294B10C78C4A48EB593D192E7DED9BDEE7995E1B91FDEDD3ACEA9FE831
310
6A756F9F7D4D79F4274C90A7A04248AA51D5F8C718DAE06FB2F75AC4796EBE65D22A88A22223B995679120E2D50E41AA49C260C046A35368846B0BECD0DFF3EBEB8AD4F835768F69B9ADF25C43D30E6B646F807FAA64AD59F61715C7A54127C4AACA98BA3006A9D792DAE165E0D59B61A01FB3A9F9D838D2DAE62445C86166
310
F37564E842E7DE6A69879FEEA2DD5AE7E371E1A5E025154AC307D06A03D73EB5978C58FFA4C8E9033066E0F3BD53BEC1F39F91BE7B55103791EDE6BBB991A2046172CB4581D8B893FA674DDA17A77B3B7C413D1B511FD2743BFF8A38F03A658705E3ADF8015C3A3417FF3D7E439FF591DA0B5F18BC20C1B8981957AE6392A3
310
F43C640C01D1A0B4728E2DD4F26DB4B3C3152A252A3B4E913CEC1C72F012782FF88EFF8637AA552DBEF76408E8A8DE9E50F9E1CB3A2DA0DB1B6039A893B56063DC5B3E3FFB5F72E67AB9FEB4AEC496C4F4C1149625DD662C53E89D7BF0F6151A046260D1337DFDC94502430F83B0EE07A130A224BCAD7DAE1D9FB6CD422FF6
310
920702629C4BB9AE79C12F243C6432A6794E18E5552BA56B431AAB5D91317302B2B071E86C3A42B1A02F999E24061403B5D0EB639195DA655DD3EBEAB4FB862DDF579F014AD0E73C22F99E28DA57FB98E75C6CA2D74D53086D600F4786E0FE3144B771A8A7B900F03594DB8A633CBC49B2EDB69228BB479CF863B5E807AAAB
310
23872F6DFEB4129B949CA33823F58830E86D65621E10047D9DB34D862E8EAC3C2ABC2F7B2C40D67CDFE01F5545B92105AF983AC54D93D69E56FB8E797F88913F898A9FEC705D3F9D1B54EC8426FB500D40A03BD0119B06E1B95DDC7EB8F6975367793EBD70E66733DFB9BC982F9CE564727731999F5D4ECFCE3B8D6A4DC2A0
310
6D50FD148437D110834A64C6CDDF57FBACB5C307A2A477DFE4939736CFEF2B175371E0E10CF0DD1D5C15654E0BCA14D1E87DD02FF93782A162C0A3D95F1524A52770F972BF1EE9809D13CE7DD599467F8ECE9ADD85CE85A34CD45355448C64F9E8A031DC2D596ACC6E5DD93D9B82DE2EF5CAF81363A8E47996A0DE24564A79
310
4115AACE09C55E14540231FDA13C319787134EBF34E3A022514E5B4D9E0826E25C02D5805B15ABE1BEF51B26383D445DD9E875EE33FE4C22DA16427D65A3BCA92CA6D28DD01DF5DC53330704308475351050232CCD31583787BA75774AFB06E5070DD0C8EF484E19968C5D83BA5B90B244D31E54D55A372320FE4786B7EA58
310
44E135AA5467CB7EA333A61683CC6A8C3257034C10CF46F40EF9F5BE59BE5BD30C3C72D235E95D10345C1D45445A5F0BB47E46A5EBE5570F9380B5FA629579952296A773720405982B9DE04011506178964401AA8BDF1FBF0A8EAB6861DD6580C0E38217056766716DAEB2D6FA0917D3E4116581EADB879C4E7CFFB11EFACD
310
3D641311495D92C8676CB409A72D18610D803CE8A626049E8EC1887CB5B44CC39883690DDA8399B4B9855B481E7D71D4A9D22F96E5BB73BF5793020C02137BF837504B0304140006080000CC70623B000000000000000000000000350000006662782F36394639363044362D344446342D343946362D394244322D32343142
310
43333846323333332F76657274696365732E62696E504B0304140006080800CC70623BF270F1330600000004000000360000006662782F36394639363044362D344446342D343946362D394244322D3234314243333846323333332F747269616E676C65732E62696E636660600000504B0304140006080000CC70623B0000
310
00000000000000000000370000006662782F36394639363044362D344446342D343946362D394244322D3234314243333846323333332F617474726962757465732E62696E504B0304140006080800CC70623B08DA0BD19000000041010000360000006662782F36394639363044362D344446342D343946362D394244322D
310
3234314243333846323333332F6469726563746F72792E786D6C858F410AC3201045AF22B36F53E9A60B35CBEEBAE80D244E44489C6234F4F835464A48035D0DF398FF9F8AF63D0E6CC63039F212F8F9020C7D47C6792B21C5FE7403D62A1188E2E60C98D7234A5830286103A55745067B9D86B8A3CF9C7F90C11DE607FB14
310
4396D7B6A82D282E9A152AD114D5EF2CB866EEE831B8EEA07A7BB5A8D7D61A2BAAEB7FD5F70921FF497D00504B0304140006080800CC70623BCA768048FE000000A00100003B0000006662782F36394639363044362D344446342D343946362D394244322D3234314243333846323333332F7265736F75726365732F636F72
310
652E786D6C8D50596E833010BD0A9ADFCA60D600328E9AA639412F609909B1126CE4A5EAF16B0295DABFFECC8CDEA2797AECF8353F924FB44E193D409E5248504B332A3D0D10FC95B4901C39B3C6F85F3248B49871801506CE266BC2B243D2688FDA47549B11775038871E12F988C7004EDE7016A9083E2ADC3D5D84BC8B09
310
D33C8D74D471E6BC8D0192EDC93A815B742658898E651BCB59086ADC356A8C3FD555A1055ED7E7E254D615792D0F075295F585746FF53B694EE78A565DD736979A65AB9933AFE69F8CD2A2F038022F28ED489E135A7CE4554F9BBEA85E68DB53CAB255FEC71496F19FA6A0B42F8B3DEE6673C0F318E4497096AD7DC5F52C33
310
EEB55BFE0D504B010214000A0000080000CC70623B3DEE336E79000000790000001B00000000000000000000000000000000006175746F6465736B2D64657369676E2D7061636B6167652E786D6C504B01021400140006080800CC70623BD486FD9CA0000000F40000001300000000000000000000000000B20000005B436F
310
6E74656E745F54797065735D2E786D6C504B01021400140006080800CC70623BD9DDAED0EC0000007C010000080000000000000000000000000083010000636F72652E786D6C504B01021400140006080800CC70623B55019EA25F0000007C000000070000000000000000000000000095020000636E782E786D6C504B0102
310
1400140006080800CC70623BA24EB22D72010000D40300000C00000000000000000000000000190300006662782F636F72652E786D6C504B01021400140006080800CC70623B408A7D3B7C0000009D0000000B00000000000000000000000000B50400006662782F636E782E786D6C504B01021400140006080800CC70623B
310
449FB9BD290100001202000031000000000000000000000000005A0500006662782F36394639363044362D344446342D343946362D394244322D3234314243333846323333332F636F72652E786D6C504B01021400140006080800CC70623BAD7543B64E010000330300003000000000000000000000000000D20600006662
310
782F36394639363044362D344446342D343946362D394244322D3234314243333846323333332F636E782E786D6C504B01021400140006080800CC70623B8D05915C650500003B10000034000000000000000000000000006E0800006662782F36394639363044362D344446342D343946362D394244322D32343142433338
310
46323333332F6F626A656374732E786D6C504B01021400140006080000CC70623B0000000000000000000000003500000000000000000000000000250E00006662782F36394639363044362D344446342D343946362D394244322D3234314243333846323333332F76657274696365732E62696E504B010214001400060808
310
00CC70623BF270F13306000000040000003600000000000000000000000000780E00006662782F36394639363044362D344446342D343946362D394244322D3234314243333846323333332F747269616E676C65732E62696E504B01021400140006080000CC70623B00000000000000000000000037000000000000000000
310
00000000D20E00006662782F36394639363044362D344446342D343946362D394244322D3234314243333846323333332F617474726962757465732E62696E504B01021400140006080800CC70623B08DA0BD190000000410100003600000000000000000000000000270F00006662782F36394639363044362D344446342D
310
343946362D394244322D3234314243333846323333332F6469726563746F72792E786D6C504B01021400140006080800CC70623BCA768048FE000000A00100003B000000000000000000000000000B1000006662782F36394639363044362D344446342D343946362D394244322D3234314243333846323333332F7265736F
310
75726365732F636F72652E786D6C504B0506000000000E000E0080040000621100000000
  0
XRECORD
  5
176
102
{ACAD_REACTORS
330
173
102
}
330
173
100
AcDbXrecord
280
     1
270
     1
271
     1
  0
XRECORD
  5
177
102
{ACAD_REACTORS
330
173
102
}
330
173
100
AcDbXrecord
280
     1
270
     1
271
     1
  0
CELLSTYLEMAP
  5
303
102
{ACAD_REACTORS
330
162
102
}
330
162
100
AcDbCellStyleMap
 90
        3
300
CELLSTYLE
  1
TABLEFORMAT_BEGIN
 90
        5
170
     1
 91
        0
 92
    32768
 62
   257
 93
        1
300
CONTENTFORMAT
  1
CONTENTFORMAT_BEGIN
 90
        0
 91
        0
 92
      512
 93
        0
300

 40
0.0
140
1.0
 94
        5
 62
     0
340
11
144
6.0
309
CONTENTFORMAT_END
171
     1
301
MARGIN
  1
CELLMARGIN_BEGIN
 40
1.5
 40
1.5
 40
1.5
 40
1.5
 40
4.5
 40
4.5
309
CELLMARGIN_END
 94
        6
 95
        1
302
GRIDFORMAT
  1
GRIDFORMAT_BEGIN
 90
        0
 91
        1
 62
     0
 92
       -2
340
14
 93
        0
 40
1.125
309
GRIDFORMAT_END
 95
        2
302
GRIDFORMAT
  1
GRIDFORMAT_BEGIN
 90
        0
 91
        1
 62
     0
 92
       -2
340
14
 93
        0
 40
1.125
309
GRIDFORMAT_END
 95
        4
302
GRIDFORMAT
  1
GRIDFORMAT_BEGIN
 90
        0
 91
        1
 62
     0
 92
       -2
340
14
 93
        0
 40
1.125
309
GRIDFORMAT_END
 95
        8
302
GRIDFORMAT
  1
GRIDFORMAT_BEGIN
 90
        0
 91
        1
 62
     0
 92
       -2
340
14
 93
        0
 40
1.125
309
GRIDFORMAT_END
 95
       16
302
GRIDFORMAT
  1
GRIDFORMAT_BEGIN
 90
        0
 91
        1
 62
     0
 92
       -2
340
14
 93
        0
 40
1.125
309
GRIDFORMAT_END
 95
       32
302
GRIDFORMAT
  1
GRIDFORMAT_BEGIN
 90
        0
 91
        1
 62
     0
 92
       -2
340
14
 93
        0
 40
1.125
309
GRIDFORMAT_END
309
TABLEFORMAT_END
  1
CELLSTYLE_BEGIN
 90
        1
 91
        1
300
_TITLE
309
CELLSTYLE_END
300
CELLSTYLE
  1
TABLEFORMAT_BEGIN
 90
        5
170
     1
 91
        0
 92
        0
 62
   257
 93
        1
300
CONTENTFORMAT
  1
CONTENTFORMAT_BEGIN
 90
        0
 91
        0
 92
      512
 93
        0
300

 40
0.0
140
1.0
 94
        5
 62
     0
340
11
144
4.5
309
CONTENTFORMAT_END
171
     1
301
MARGIN
  1
CELLMARGIN_BEGIN
 40
1.5
 40
1.5
 40
1.5
 40
1.5
 40
4.5
 40
4.5
309
CELLMARGIN_END
 94
        6
 95
        1
302
GRIDFORMAT
  1
GRIDFORMAT_BEGIN
 90
        0
 91
        1
 62
     0
 92
       -2
340
14
 93
        0
 40
1.125
309
GRIDFORMAT_END
 95
        2
302
GRIDFORMAT
  1
GRIDFORMAT_BEGIN
 90
        0
 91
        1
 62
     0
 92
       -2
340
14
 93
        0
 40
1.125
309
GRIDFORMAT_END
 95
        4
302
GRIDFORMAT
  1
GRIDFORMAT_BEGIN
 90
        0
 91
        1
 62
     0
 92
       -2
340
14
 93
        0
 40
1.125
309
GRIDFORMAT_END
 95
        8
302
GRIDFORMAT
  1
GRIDFORMAT_BEGIN
 90
        0
 91
        1
 62
     0
 92
       -2
340
14
 93
        0
 40
1.125
309
GRIDFORMAT_END
 95
       16
302
GRIDFORMAT
  1
GRIDFORMAT_BEGIN
 90
        0
 91
        1
 62
     0
 92
       -2
340
14
 93
        0
 40
1.125
309
GRIDFORMAT_END
 95
       32
302
GRIDFORMAT
  1
GRIDFORMAT_BEGIN
 90
        0
 91
        1
 62
     0
 92
       -2
340
14
 93
        0
 40
1.125
309
GRIDFORMAT_END
309
TABLEFORMAT_END
  1
CELLSTYLE_BEGIN
 90
        2
 91
        1
300
_HEADER
309
CELLSTYLE_END
300
CELLSTYLE
  1
TABLEFORMAT_BEGIN
 90
        5
170
     1
 91
        0
 92
        0
 62
   257
 93
        1
300
CONTENTFORMAT
  1
CONTENTFORMAT_BEGIN
 90
        0
 91
        0
 92
      512
 93
        0
300

 40
0.0
140
1.0
 94
        2
 62
     0
340
11
144
4.5
309
CONTENTFORMAT_END
171
     1
301
MARGIN
  1
CELLMARGIN_BEGIN
 40
1.5
 40
1.5
 40
1.5
 40
1.5
 40
4.5
 40
4.5
309
CELLMARGIN_END
 94
        6
 95
        1
302
GRIDFORMAT
  1
GRIDFORMAT_BEGIN
 90
        0
 91
        1
 62
     0
 92
       -2
340
14
 93
        0
 40
1.125
309
GRIDFORMAT_END
 95
        2
302
GRIDFORMAT
  1
GRIDFORMAT_BEGIN
 90
        0
 91
        1
 62
     0
 92
       -2
340
14
 93
        0
 40
1.125
309
GRIDFORMAT_END
 95
        4
302
GRIDFORMAT
  1
GRIDFORMAT_BEGIN
 90
        0
 91
        1
 62
     0
 92
       -2
340
14
 93
        0
 40
1.125
309
GRIDFORMAT_END
 95
        8
302
GRIDFORMAT
  1
GRIDFORMAT_BEGIN
 90
        0
 91
        1
 62
     0
 92
       -2
340
14
 93
        0
 40
1.125
309
GRIDFORMAT_END
 95
       16
302
GRIDFORMAT
  1
GRIDFORMAT_BEGIN
 90
        0
 91
        1
 62
     0
 92
       -2
340
14
 93
        0
 40
1.125
309
GRIDFORMAT_END
 95
       32
302
GRIDFORMAT
  1
GRIDFORMAT_BEGIN
 90
        0
 91
        1
 62
     0
 92
       -2
340
14
 93
        0
 40
1.125
309
GRIDFORMAT_END
309
TABLEFORMAT_END
  1
CELLSTYLE_BEGIN
 90
        3
 91
        2
300
_DATA
309
CELLSTYLE_END
  0
ENDSEC
  0
SECTION
  2
ACDSDATA
 70
     2
 71
     8
  0
ACDSSCHEMA
 90
        0
  1
AcDb_Thumbnail_Schema
  2
AcDbDs::ID
280
    10
 91
        8
  2
Thumbnail_Data
280
    15
 91
        0
101
ACDSRECORD
 95
        0
 90
        1
  2
AcDbDs::TreatedAsObjectData
280
     1
291
     1
101
ACDSRECORD
 95
        0
 90
        2
  2
AcDbDs::Legacy
280
     1
291
     1
101
ACDSRECORD
  1
AcDbDs::ID
 90
        3
  2
AcDs:Indexable
280
     1
291
     1
101
ACDSRECORD
  1
AcDbDs::ID
 90
        4
  2
AcDbDs::HandleAttribute
280
     7
282
     1
  0
ACDSSCHEMA
 90
        1
  1
AcDbDs::TreatedAsObjectDataSchema
  2
AcDbDs::TreatedAsObjectData
280
     1
 91
        0
  0
ACDSSCHEMA
 90
        2
  1
AcDbDs::LegacySchema
  2
AcDbDs::Legacy
280
     1
 91
        0
  0
ACDSSCHEMA
 90
        3
  1
AcDbDs::IndexedPropertySchema
  2
AcDs:Indexable
280
     1
 91
        0
  0
ACDSSCHEMA
 90
        4
  1
AcDbDs::HandleAttributeSchema
  2
AcDbDs::HandleAttribute
280
     7
 91
        1
284
     1
  0
ACDSRECORD
 90
        0
  2
AcDbDs::ID
280
    10
320
22
  2
Thumbnail_Data
280
    15
 94
      896
310
89504E470D0A1A0A0000000D49484452000001000000009108030000001BE1960600000300504C5445212830FFFFFF2128300000000000000000000000000000000000000000000000000000330000660000990000CC0000FF0033000033330033660033990033CC0033FF0066000066330066660066990066CC0066FF0099
310
000099330099660099990099CC0099FF00CC0000CC3300CC6600CC9900CCCC00CCFF00FF0000FF3300FF6600FF9900FFCC00FFFF3300003300333300663300993300CC3300FF3333003333333333663333993333CC3333FF3366003366333366663366993366CC3366FF3399003399333399663399993399CC3399FF33CC00
310
33CC3333CC6633CC9933CCCC33CCFF33FF0033FF3333FF6633FF9933FFCC33FFFF6600006600336600666600996600CC6600FF6633006633336633666633996633CC6633FF6666006666336666666666996666CC6666FF6699006699336699666699996699CC6699FF66CC0066CC3366CC6666CC9966CCCC66CCFF66FF0066
310
FF3366FF6666FF9966FFCC66FFFF9900009900339900669900999900CC9900FF9933009933339933669933999933CC9933FF9966009966339966669966999966CC9966FF9999009999339999669999999999CC9999FF99CC0099CC3399CC6699CC9999CCCC99CCFF99FF0099FF3399FF6699FF9999FFCC99FFFFCC0000CC00
310
33CC0066CC0099CC00CCCC00FFCC3300CC3333CC3366CC3399CC33CCCC33FFCC6600CC6633CC6666CC6699CC66CCCC66FFCC9900CC9933CC9966CC9999CC99CCCC99FFCCCC00CCCC33CCCC66CCCC99CCCCCCCCCCFFCCFF00CCFF33CCFF66CCFF99CCFFCCCCFFFFFF0000FF0033FF0066FF0099FF00CCFF00FFFF3300FF3333
310
FF3366FF3399FF33CCFF33FFFF6600FF6633FF6666FF6699FF66CCFF66FFFF9900FF9933FF9966FF9999FF99CCFF99FFFFCC00FFCC33FFCC66FFCC99FFCCCCFFCCFFFFFF00FFFF33FFFF66FFFF99FFFFCCFFFFFF0000000D0D0D1A1A1A2828283535354343435050505D5D5D6B6B6B787878868686939393A1A1A1AEAEAEBB
310
BBBBC9C9C9D6D6D6E4E4E4F1F1F1FFFFFF0000000000000000000000000000000000000000000000000000000000002E4550F10000003B4944415478DAEDC13101000000C2A0F54F6D0B2FA0000000000000000000000000000000000000000000000000000000000000000000000000CE06919100016C9A5B1B0000000049
310
454E44AE426082
  0
ENDSEC
  0
EOF
