  0
SECTION
  2
HEADER
  9
$ACADVER
  1
AC1032
  9
$ACADMAINTVER
 90
      174
  9
$DWGCODEPAGE
  3
ANSI_1251
  9
$LASTSAVEDBY
  1
Сергей
  9
$REQUIREDVERSIONS
160
                 0
  9
$INSBASE
 10
0.0
 20
0.0
 30
0.0
  9
$EXTMIN
 10
23335.53996710115
 20
38724.91122457034
 30
-0.0015258207003583
  9
$EXTMAX
 10
31100.99757132633
 20
43702.15853420707
 30
15.57769780696567
  9
$LIMMIN
 10
0.0
 20
0.0
  9
$LIMMAX
 10
420.0
 20
297.0
  9
$ORTHOMODE
 70
     0
  9
$REGENMODE
 70
     1
  9
$FILLMODE
 70
     1
  9
$QTEXTMODE
 70
     0
  9
$MIRRTEXT
 70
     0
  9
$LTSCALE
 40
1.0
  9
$ATTMODE
 70
     1
  9
$TEXTSIZE
 40
2.5
  9
$TRACEWID
 40
1.0
  9
$TEXTSTYLE
  7
Standard
  9
$CLAYER
  8
0
  9
$CELTYPE
  6
ByLayer
  9
$CECOLOR
 62
   256
  9
$CELTSCALE
 40
1.0
  9
$DISPSILH
 70
     0
  9
$DIMSCALE
 40
1.0
  9
$DIMASZ
 40
2.5
  9
$DIMEXO
 40
0.625
  9
$DIMDLI
 40
3.75
  9
$DIMRND
 40
0.0
  9
$DIMDLE
 40
0.0
  9
$DIMEXE
 40
1.25
  9
$DIMTP
 40
0.0
  9
$DIMTM
 40
0.0
  9
$DIMTXT
 40
2.5
  9
$DIMCEN
 40
2.5
  9
$DIMTSZ
 40
0.0
  9
$DIMTOL
 70
     0
  9
$DIMLIM
 70
     0
  9
$DIMTIH
 70
     0
  9
$DIMTOH
 70
     0
  9
$DIMSE1
 70
     0
  9
$DIMSE2
 70
     0
  9
$DIMTAD
 70
     1
  9
$DIMZIN
 70
     8
  9
$DIMBLK
  1

  9
$DIMASO
 70
     1
  9
$DIMSHO
 70
     1
  9
$DIMPOST
  1

  9
$DIMAPOST
  1

  9
$DIMALT
 70
     0
  9
$DIMALTD
 70
     3
  9
$DIMALTF
 40
0.03937007874016
  9
$DIMLFAC
 40
1.0
  9
$DIMTOFL
 70
     1
  9
$DIMTVP
 40
0.0
  9
$DIMTIX
 70
     0
  9
$DIMSOXD
 70
     0
  9
$DIMSAH
 70
     0
  9
$DIMBLK1
  1

  9
$DIMBLK2
  1

  9
$DIMSTYLE
  2
ISO-25
  9
$DIMCLRD
 70
     0
  9
$DIMCLRE
 70
     0
  9
$DIMCLRT
 70
     0
  9
$DIMTFAC
 40
1.0
  9
$DIMGAP
 40
0.625
  9
$DIMJUST
 70
     0
  9
$DIMSD1
 70
     0
  9
$DIMSD2
 70
     0
  9
$DIMTOLJ
 70
     0
  9
$DIMTZIN
 70
     8
  9
$DIMALTZ
 70
     0
  9
$DIMALTTZ
 70
     0
  9
$DIMUPT
 70
     0
  9
$DIMDEC
 70
     2
  9
$DIMTDEC
 70
     2
  9
$DIMALTU
 70
     2
  9
$DIMALTTD
 70
     3
  9
$DIMTXSTY
  7
Standard
  9
$DIMAUNIT
 70
     0
  9
$DIMADEC
 70
     0
  9
$DIMALTRND
 40
0.0
  9
$DIMAZIN
 70
     0
  9
$DIMDSEP
 70
    44
  9
$DIMATFIT
 70
     3
  9
$DIMFRAC
 70
     0
  9
$DIMLDRBLK
  1

  9
$DIMLUNIT
 70
     2
  9
$DIMLWD
 70
    -2
  9
$DIMLWE
 70
    -2
  9
$DIMTMOVE
 70
     0
  9
$DIMFXL
 40
1.0
  9
$DIMFXLON
 70
     0
  9
$DIMJOGANG
 40
0.7853981633974483
  9
$DIMTFILL
 70
     0
  9
$DIMTFILLCLR
 70
     0
  9
$DIMARCSYM
 70
     0
  9
$DIMLTYPE
  6

  9
$DIMLTEX1
  6

  9
$DIMLTEX2
  6

  9
$DIMTXTDIRECTION
 70
     0
  9
$LUNITS
 70
     2
  9
$LUPREC
 70
     4
  9
$SKETCHINC
 40
1.0
  9
$FILLETRAD
 40
0.0
  9
$AUNITS
 70
     0
  9
$AUPREC
 70
     0
  9
$MENU
  1
.
  9
$ELEVATION
 40
0.0
  9
$PELEVATION
 40
0.0
  9
$THICKNESS
 40
0.0
  9
$LIMCHECK
 70
     0
  9
$CHAMFERA
 40
0.0
  9
$CHAMFERB
 40
0.0
  9
$CHAMFERC
 40
0.0
  9
$CHAMFERD
 40
0.0
  9
$SKPOLY
 70
     0
  9
$TDCREATE
 40
2460873.498483796
  9
$TDUCREATE
 40
2460873.081817130
  9
$TDUPDATE
 40
2460873.529837964
  9
$TDUUPDATE
 40
2460873.113171296
  9
$TDINDWG
 40
0.0313541667
  9
$TDUSRTIMER
 40
0.0313541667
  9
$USRTIMER
 70
     1
  9
$ANGBASE
 50
0.0
  9
$ANGDIR
 70
     0
  9
$PDMODE
 70
     0
  9
$PDSIZE
 40
0.0
  9
$PLINEWID
 40
0.0
  9
$SPLFRAME
 70
     0
  9
$SPLINETYPE
 70
     6
  9
$SPLINESEGS
 70
     8
  9
$HANDSEED
  5
9B9
  9
$SURFTAB1
 70
     6
  9
$SURFTAB2
 70
     6
  9
$SURFTYPE
 70
     6
  9
$SURFU
 70
     6
  9
$SURFV
 70
     6
  9
$UCSBASE
  2

  9
$UCSNAME
  2

  9
$UCSORG
 10
0.0
 20
0.0
 30
0.0
  9
$UCSXDIR
 10
1.0
 20
0.0
 30
0.0
  9
$UCSYDIR
 10
0.0
 20
1.0
 30
0.0
  9
$UCSORTHOREF
  2

  9
$UCSORTHOVIEW
 70
     0
  9
$UCSORGTOP
 10
0.0
 20
0.0
 30
0.0
  9
$UCSORGBOTTOM
 10
0.0
 20
0.0
 30
0.0
  9
$UCSORGLEFT
 10
0.0
 20
0.0
 30
0.0
  9
$UCSORGRIGHT
 10
0.0
 20
0.0
 30
0.0
  9
$UCSORGFRONT
 10
0.0
 20
0.0
 30
0.0
  9
$UCSORGBACK
 10
0.0
 20
0.0
 30
0.0
  9
$PUCSBASE
  2

  9
$PUCSNAME
  2

  9
$PUCSORG
 10
0.0
 20
0.0
 30
0.0
  9
$PUCSXDIR
 10
1.0
 20
0.0
 30
0.0
  9
$PUCSYDIR
 10
0.0
 20
1.0
 30
0.0
  9
$PUCSORTHOREF
  2

  9
$PUCSORTHOVIEW
 70
     0
  9
$PUCSORGTOP
 10
0.0
 20
0.0
 30
0.0
  9
$PUCSORGBOTTOM
 10
0.0
 20
0.0
 30
0.0
  9
$PUCSORGLEFT
 10
0.0
 20
0.0
 30
0.0
  9
$PUCSORGRIGHT
 10
0.0
 20
0.0
 30
0.0
  9
$PUCSORGFRONT
 10
0.0
 20
0.0
 30
0.0
  9
$PUCSORGBACK
 10
0.0
 20
0.0
 30
0.0
  9
$USERI1
 70
     0
  9
$USERI2
 70
     0
  9
$USERI3
 70
     0
  9
$USERI4
 70
     0
  9
$USERI5
 70
     0
  9
$USERR1
 40
0.0
  9
$USERR2
 40
0.0
  9
$USERR3
 40
0.0
  9
$USERR4
 40
0.0
  9
$USERR5
 40
0.0
  9
$WORLDVIEW
 70
     1
  9
$SHADEDGE
 70
     3
  9
$SHADEDIF
 70
    70
  9
$TILEMODE
 70
     1
  9
$MAXACTVP
 70
    64
  9
$PINSBASE
 10
0.0
 20
0.0
 30
0.0
  9
$PLIMCHECK
 70
     0
  9
$PEXTMIN
 10
0.0
 20
0.0
 30
0.0
  9
$PEXTMAX
 10
0.0
 20
0.0
 30
0.0
  9
$PLIMMIN
 10
0.0
 20
0.0
  9
$PLIMMAX
 10
12.0
 20
9.0
  9
$UNITMODE
 70
     0
  9
$VISRETAIN
 70
     1
  9
$PLINEGEN
 70
     0
  9
$PSLTSCALE
 70
     1
  9
$TREEDEPTH
 70
  3020
  9
$CMLSTYLE
  2
Standard
  9
$CMLJUST
 70
     0
  9
$CMLSCALE
 40
20.0
  9
$PROXYGRAPHICS
 70
     1
  9
$MEASUREMENT
 70
     1
  9
$CELWEIGHT
370
    -1
  9
$ENDCAPS
280
     0
  9
$JOINSTYLE
280
     0
  9
$LWDISPLAY
290
     0
  9
$INSUNITS
 70
     4
  9
$HYPERLINKBASE
  1

  9
$STYLESHEET
  1

  9
$XEDIT
290
     1
  9
$CEPSNTYPE
380
     0
  9
$PSTYLEMODE
290
     1
  9
$FINGERPRINTGUID
  2
{D45792EB-9903-0B4E-99D6-149734D430C2}
  9
$VERSIONGUID
  2
{A4866BD8-699F-0F4F-8DA6-8533D811EBA7}
  9
$EXTNAMES
290
     1
  9
$PSVPSCALE
 40
0.0
  9
$OLESTARTUP
290
     0
  9
$SORTENTS
280
   127
  9
$INDEXCTL
280
     0
  9
$HIDETEXT
280
     1
  9
$XCLIPFRAME
280
     2
  9
$HALOGAP
280
     0
  9
$OBSCOLOR
 70
   257
  9
$OBSLTYPE
280
     0
  9
$INTERSECTIONDISPLAY
280
     0
  9
$INTERSECTIONCOLOR
 70
   257
  9
$DIMASSOC
280
     2
  9
$PROJECTNAME
  1

  9
$CAMERADISPLAY
290
     0
  9
$LENSLENGTH
 40
50.0
  9
$CAMERAHEIGHT
 40
0.0
  9
$STEPSPERSEC
 40
2.0
  9
$STEPSIZE
 40
6.0
  9
$3DDWFPREC
 40
2.0
  9
$PSOLWIDTH
 40
5.0
  9
$PSOLHEIGHT
 40
80.0
  9
$LOFTANG1
 40
1.570796326794896
  9
$LOFTANG2
 40
1.570796326794896
  9
$LOFTMAG1
 40
0.0
  9
$LOFTMAG2
 40
0.0
  9
$LOFTPARAM
 70
     7
  9
$LOFTNORMALS
280
     1
  9
$LATITUDE
 40
37.795
  9
$LONGITUDE
 40
-122.394
  9
$NORTHDIRECTION
 40
0.0
  9
$TIMEZONE
 70
 -8000
  9
$LIGHTGLYPHDISPLAY
280
     1
  9
$TILEMODELIGHTSYNCH
280
     1
  9
$CMATERIAL
347
EC
  9
$SOLIDHIST
280
     0
  9
$SHOWHIST
280
     1
  9
$DWFFRAME
280
     2
  9
$DGNFRAME
280
     0
  9
$REALWORLDSCALE
290
     1
  9
$INTERFERECOLOR
 62
     1
  9
$INTERFEREOBJVS
345
F9
  9
$INTERFEREVPVS
346
F6
  9
$CSHADOW
280
     0
  9
$SHADOWPLANELOCATION
 40
0.0
  0
ENDSEC
  0
SECTION
  2
CLASSES
  0
CLASS
  1
ACDBDICTIONARYWDFLT
  2
AcDbDictionaryWithDefault
  3
ObjectDBX Classes
 90
        0
 91
        1
280
     0
281
     0
  0
CLASS
  1
DICTIONARYVAR
  2
AcDbDictionaryVar
  3
ObjectDBX Classes
 90
        0
 91
       11
280
     0
281
     0
  0
CLASS
  1
TABLESTYLE
  2
AcDbTableStyle
  3
ObjectDBX Classes
 90
     4095
 91
        1
280
     0
281
     0
  0
CLASS
  1
MATERIAL
  2
AcDbMaterial
  3
ObjectDBX Classes
 90
     1153
 91
        3
280
     0
281
     0
  0
CLASS
  1
VISUALSTYLE
  2
AcDbVisualStyle
  3
ObjectDBX Classes
 90
     4095
 91
       24
280
     0
281
     0
  0
CLASS
  1
SCALE
  2
AcDbScale
  3
ObjectDBX Classes
 90
     1153
 91
       17
280
     0
281
     0
  0
CLASS
  1
MLEADERSTYLE
  2
AcDbMLeaderStyle
  3
ACDB_MLEADERSTYLE_CLASS
 90
     4095
 91
        2
280
     0
281
     0
  0
CLASS
  1
CELLSTYLEMAP
  2
AcDbCellStyleMap
  3
ObjectDBX Classes
 90
     1152
 91
        1
280
     0
281
     0
  0
CLASS
  1
EXACXREFPANELOBJECT
  2
ExAcXREFPanelObject
  3
EXAC_ESW
 90
     1025
 91
        0
280
     0
281
     0
  0
CLASS
  1
NPOCOLLECTION
  2
AcDbImpNonPersistentObjectsCollection
  3
ObjectDBX Classes
 90
     1153
 91
        0
280
     0
281
     0
  0
CLASS
  1
LAYER_INDEX
  2
AcDbLayerIndex
  3
ObjectDBX Classes
 90
        0
 91
        0
280
     0
281
     0
  0
CLASS
  1
SPATIAL_INDEX
  2
AcDbSpatialIndex
  3
ObjectDBX Classes
 90
        0
 91
        0
280
     0
281
     0
  0
CLASS
  1
IDBUFFER
  2
AcDbIdBuffer
  3
ObjectDBX Classes
 90
        0
 91
        0
280
     0
281
     0
  0
CLASS
  1
ACDBSECTIONVIEWSTYLE
  2
AcDbSectionViewStyle
  3
ObjectDBX Classes
 90
     1025
 91
        1
280
     0
281
     0
  0
CLASS
  1
ACDBDETAILVIEWSTYLE
  2
AcDbDetailViewStyle
  3
ObjectDBX Classes
 90
     1025
 91
        1
280
     0
281
     0
  0
CLASS
  1
SORTENTSTABLE
  2
AcDbSortentsTable
  3
ObjectDBX Classes
 90
        0
 91
        4
280
     0
281
     0
  0
ENDSEC
  0
SECTION
  2
TABLES
  0
TABLE
  2
VPORT
  5
8
330
0
100
AcDbSymbolTable
 70
     1
  0
VPORT
  5
EA
330
8
100
AcDbSymbolTableRecord
100
AcDbViewportTableRecord
  2
*Active
 70
     0
 10
0.0
 20
0.0
 11
1.0
 21
1.0
 12
27218.26876921374
 22
41213.53487938871
 13
0.0
 23
0.0
 14
10.0
 24
10.0
 15
10.0
 25
10.0
 16
0.0
 26
0.0
 36
1.0
 17
0.0
 27
0.0
 37
0.0
 40
5010.76412653664
 41
2.08876404494382
 42
50.0
 43
0.0
 44
0.0
 50
0.0
 51
0.0
 71
     0
 72
  1000
 73
     1
 74
     3
 75
     0
 76
     1
 77
     0
 78
     0
281
     0
 65
     1
110
0.0
120
0.0
130
0.0
111
1.0
121
0.0
131
0.0
112
0.0
122
1.0
132
0.0
 79
     0
146
0.0
348
F5
 60
     3
 61
     5
292
     1
282
     1
141
0.0
142
0.0
 63
   250
421
  3355443
1001
ACAD_NAV_VCDISPLAY
1070
     3
  0
ENDTAB
  0
TABLE
  2
LTYPE
  5
5
330
0
100
AcDbSymbolTable
 70
     2
  0
LTYPE
  5
14
330
5
100
AcDbSymbolTableRecord
100
AcDbLinetypeTableRecord
  2
ByBlock
 70
     0
  3

 72
    65
 73
     0
 40
0.0
  0
LTYPE
  5
15
330
5
100
AcDbSymbolTableRecord
100
AcDbLinetypeTableRecord
  2
ByLayer
 70
     0
  3

 72
    65
 73
     0
 40
0.0
  0
LTYPE
  5
16
330
5
100
AcDbSymbolTableRecord
100
AcDbLinetypeTableRecord
  2
Continuous
 70
     0
  3
Solid line
 72
    65
 73
     0
 40
0.0
  0
ENDTAB
  0
TABLE
  2
LAYER
  5
2
102
{ACAD_XDICTIONARY
360
1FF
102
}
330
0
100
AcDbSymbolTable
 70
     4
  0
LAYER
  5
10
102
{ACAD_XDICTIONARY
360
13C
102
}
330
2
100
AcDbSymbolTableRecord
100
AcDbLayerTableRecord
  2
0
 70
     0
 62
     7
  6
Continuous
370
    -3
390
F
347
EE
348
0
  0
LAYER
  5
297
330
2
100
AcDbSymbolTableRecord
100
AcDbLayerTableRecord
  2
00 ОКН
 70
     0
 62
     1
  6
Continuous
370
     9
390
F
347
EE
348
0
1001
AcAecLayerStandard
1000

1000

1001
AcCmTransparency
1071
 33554585
  0
LAYER
  5
34A
330
2
100
AcDbSymbolTableRecord
100
AcDbLayerTableRecord
  2
0.1 ОКН
 70
     0
 62
     1
  6
Continuous
370
     9
390
F
347
EE
348
0
1001
AcAecLayerStandard
1000

1000

1001
AcCmTransparency
1071
 33554585
  0
LAYER
  5
987
330
2
100
AcDbSymbolTableRecord
100
AcDbLayerTableRecord
  2
00_ИЗМ. РЕЖИМОВ 2024
 70
     0
 62
     1
  6
Continuous
370
   120
390
F
347
EE
348
0
1001
AcAecLayerStandard
1000

1000

1001
AcCmTransparency
1071
        0
  0
ENDTAB
  0
TABLE
  2
STYLE
  5
3
330
0
100
AcDbSymbolTable
 70
     2
  0
STYLE
  5
11
330
3
100
AcDbSymbolTableRecord
100
AcDbTextStyleTableRecord
  2
Standard
 70
     0
 40
0.0
 41
1.0
 50
0.0
 71
     0
 42
2.5
  3
arial.ttf
  4

1001
ACAD
1000
Arial
1071
       34
  0
STYLE
  5
132
330
3
100
AcDbSymbolTableRecord
100
AcDbTextStyleTableRecord
  2
Аннотативный
 70
     0
 40
0.0
 41
1.0
 50
0.0
 71
     0
 42
2.5
  3
arial.ttf
  4

1001
AcadAnnotative
1000
AnnotativeData
1002
{
1070
     1
1070
     1
1002
}
1001
ACAD
1000
Arial
1071
       34
  0
ENDTAB
  0
TABLE
  2
VIEW
  5
6
330
0
100
AcDbSymbolTable
 70
     2
  0
ENDTAB
  0
TABLE
  2
UCS
  5
7
330
0
100
AcDbSymbolTable
 70
     0
  0
ENDTAB
  0
TABLE
  2
APPID
  5
9
330
0
100
AcDbSymbolTable
 70
    15
  0
APPID
  5
12
330
9
100
AcDbSymbolTableRecord
100
AcDbRegAppTableRecord
  2
ACAD
 70
     0
  0
APPID
  5
9E
330
9
100
AcDbSymbolTableRecord
100
AcDbRegAppTableRecord
  2
ACAD_PSEXT
 70
     0
  0
APPID
  5
133
330
9
100
AcDbSymbolTableRecord
100
AcDbRegAppTableRecord
  2
AcadAnnoPO
 70
     0
  0
APPID
  5
134
330
9
100
AcDbSymbolTableRecord
100
AcDbRegAppTableRecord
  2
AcadAnnotative
 70
     0
  0
APPID
  5
135
330
9
100
AcDbSymbolTableRecord
100
AcDbRegAppTableRecord
  2
ACAD_DSTYLE_DIMJAG
 70
     0
  0
APPID
  5
136
330
9
100
AcDbSymbolTableRecord
100
AcDbRegAppTableRecord
  2
ACAD_DSTYLE_DIMTALN
 70
     0
  0
APPID
  5
165
330
9
100
AcDbSymbolTableRecord
100
AcDbRegAppTableRecord
  2
ACAD_MLEADERVER
 70
     0
  0
APPID
  5
217
330
9
100
AcDbSymbolTableRecord
100
AcDbRegAppTableRecord
  2
ACAD_NAV_VCDISPLAY
 70
     0
  0
APPID
  5
298
330
9
100
AcDbSymbolTableRecord
100
AcDbRegAppTableRecord
  2
AcAecLayerStandard
 70
     0
  0
APPID
  5
299
330
9
100
AcDbSymbolTableRecord
100
AcDbRegAppTableRecord
  2
AcCmTransparency
 70
     0
  0
APPID
  5
29A
330
9
100
AcDbSymbolTableRecord
100
AcDbRegAppTableRecord
  2
GradientColor1ACI
 70
     0
  0
APPID
  5
29B
330
9
100
AcDbSymbolTableRecord
100
AcDbRegAppTableRecord
  2
GradientColor2ACI
 70
     0
  0
APPID
  5
988
330
9
100
AcDbSymbolTableRecord
100
AcDbRegAppTableRecord
  2
AcLayerTools
 70
     0
  0
APPID
  5
989
330
9
100
AcDbSymbolTableRecord
100
AcDbRegAppTableRecord
  2
PLOTTRANSPARENCY
 70
     0
  0
APPID
  5
9A2
330
9
100
AcDbSymbolTableRecord
100
AcDbRegAppTableRecord
  2
ACAD_EXEMPT_FROM_CAD_STANDARDS
 70
     0
  0
ENDTAB
  0
TABLE
  2
DIMSTYLE
  5
A
330
0
100
AcDbSymbolTable
 70
     4
100
AcDbDimStyleTable
 71
     2
340
27
340
137
  0
DIMSTYLE
105
1B0
330
A
100
AcDbSymbolTableRecord
100
AcDbDimStyleTableRecord
  2
Standard
 70
     0
340
11
  0
DIMSTYLE
105
137
330
A
100
AcDbSymbolTableRecord
100
AcDbDimStyleTableRecord
  2
Аннотативный
 70
     0
 40
0.0
 41
2.5
 42
0.625
 43
3.75
 44
1.25
 73
     0
 74
     0
 77
     1
 78
     8
140
2.5
141
2.5
143
0.03937007874016
147
0.625
171
     3
172
     1
271
     2
272
     2
274
     3
278
    44
283
     0
284
     8
340
11
1001
AcadAnnotative
1000
AnnotativeData
1002
{
1070
     1
1070
     1
1002
}
1001
ACAD_DSTYLE_DIMJAG
1070
   388
1040
1.5
1001
ACAD_DSTYLE_DIMTALN
1070
   392
1070
     0
  0
DIMSTYLE
105
27
330
A
100
AcDbSymbolTableRecord
100
AcDbDimStyleTableRecord
  2
ISO-25
 70
     0
 41
2.5
 42
0.625
 43
3.75
 44
1.25
 73
     0
 74
     0
 77
     1
 78
     8
140
2.5
141
2.5
143
0.03937007874016
147
0.625
171
     3
172
     1
271
     2
272
     2
274
     3
278
    44
283
     0
284
     8
340
11
  0
ENDTAB
  0
TABLE
  2
BLOCK_RECORD
  5
1
330
0
100
AcDbSymbolTable
 70
     6
  0
BLOCK_RECORD
  5
1F
102
{ACAD_XDICTIONARY
360
1CE
102
}
330
1
100
AcDbSymbolTableRecord
100
AcDbBlockTableRecord
  2
*Model_Space
340
22
 70
     0
280
     1
281
     0
  0
BLOCK_RECORD
  5
D2
330
1
100
AcDbSymbolTableRecord
100
AcDbBlockTableRecord
  2
*Paper_Space
340
D3
 70
     0
280
     1
281
     0
  0
BLOCK_RECORD
  5
D6
330
1
100
AcDbSymbolTableRecord
100
AcDbBlockTableRecord
  2
*Paper_Space0
340
D7
 70
     0
280
     1
281
     0
  0
ENDTAB
  0
ENDSEC
  0
SECTION
  2
BLOCKS
  0
BLOCK
  5
20
330
1F
100
AcDbEntity
  8
0
100
AcDbBlockBegin
  2
*Model_Space
 70
     0
 10
0.0
 20
0.0
 30
0.0
  3
*Model_Space
  1

  0
ENDBLK
  5
21
330
1F
100
AcDbEntity
  8
0
100
AcDbBlockEnd
  0
BLOCK
  5
D4
330
D2
100
AcDbEntity
 67
     1
  8
0
100
AcDbBlockBegin
  2
*Paper_Space
 70
     0
 10
0.0
 20
0.0
 30
0.0
  3
*Paper_Space
  1

  0
ENDBLK
  5
D5
330
D2
100
AcDbEntity
 67
     1
  8
0
100
AcDbBlockEnd
  0
BLOCK
  5
D8
330
D6
100
AcDbEntity
 67
     1
  8
0
100
AcDbBlockBegin
  2
*Paper_Space0
 70
     0
 10
0.0
 20
0.0
 30
0.0
  3
*Paper_Space0
  1

  0
ENDBLK
  5
D9
330
D6
100
AcDbEntity
 67
     1
  8
0
100
AcDbBlockEnd
  0
ENDSEC
  0
SECTION
  2
ENTITIES
  0
HATCH
  5
2F6
330
1F
100
AcDbEntity
  8
00 ОКН
 62
     1
440
 33554585
100
AcDbHatch
 10
0.0
 20
0.0
 30
0.0
210
0.0
220
0.0
230
1.0
  2
SOLID
 70
     1
 71
     0
 91
        1
 92
        1
 93
        8
 72
     1
 10
25588.61449283222
 20
42014.65604335989
 11
25597.11999858427
 21
42020.8700002727
 72
     1
 10
25597.11999858427
 20
42020.8700002727
 11
25601.75999858429
 21
42015.10000027274
 72
     1
 10
25601.75999858429
 20
42015.10000027274
 11
25604.59999858425
 21
42017.29000027268
 72
     1
 10
25604.59999858425
 20
42017.29000027268
 11
25608.06999858428
 21
42012.90000027267
 72
     1
 10
25608.06999858428
 20
42012.90000027267
 11
25609.11999858427
 21
42011.49000027269
 72
     1
 10
25609.11999858427
 20
42011.49000027269
 11
25606.19999858423
 21
42009.27000027266
 72
     1
 10
25606.19999858423
 20
42009.27000027266
 11
25597.88689218048
 21
42002.96724638331
 72
     1
 10
25597.88689218048
 20
42002.96724638331
 11
25588.61449283222
 21
42014.65604335989
 97
        0
 75
     1
 76
     1
 98
        1
 10
0.0
 20
0.0
450
        0
451
        0
460
0.0
461
0.0
452
        0
462
1.0
453
        2
463
0.0
 63
     5
421
      255
463
1.0
 63
     2
421
 16776960
470
LINEAR
1001
GradientColor1ACI
1070
     5
1001
GradientColor2ACI
1070
     2
1001
ACAD
1010
0.0
1020
0.0
1030
0.0
  0
HATCH
  5
2F7
330
1F
100
AcDbEntity
  8
00 ОКН
 62
     1
440
 33554585
100
AcDbHatch
 10
0.0
 20
0.0
 30
0.0
210
0.0
220
0.0
230
1.0
  2
SOLID
 70
     1
 71
     0
 91
        1
 92
        1
 93
        4
 72
     1
 10
25566.09112696233
 20
42021.03571433877
 11
25559.58301830804
 21
42029.41965029074
 72
     1
 10
25559.58301830804
 20
42029.41965029074
 11
25567.4557092702
 21
42035.7721126778
 72
     1
 10
25567.4557092702
 20
42035.7721126778
 11
25574.20918666746
 21
42027.55424959538
 72
     1
 10
25574.20918666746
 20
42027.55424959538
 11
25566.09112696233
 21
42021.03571433877
 97
        0
 75
     1
 76
     1
 98
        1
 10
0.0
 20
0.0
450
        0
451
        0
460
0.0
461
0.0
452
        0
462
1.0
453
        2
463
0.0
 63
     5
421
      255
463
1.0
 63
     2
421
 16776960
470
LINEAR
1001
GradientColor1ACI
1070
     5
1001
GradientColor2ACI
1070
     2
1001
ACAD
1010
0.0
1020
0.0
1030
0.0
  0
HATCH
  5
2F9
330
1F
100
AcDbEntity
  8
00 ОКН
100
AcDbHatch
 10
0.0
 20
0.0
 30
0.0
210
0.0
220
0.0
230
1.0
  2
SOLID
 70
     1
 71
     0
 91
        1
 92
        1
 93
       15
 72
     1
 10
24466.7351169312
 20
40519.8136701143
 11
24460.40419983809
 21
40512.43423409625
 72
     1
 10
24460.40419983809
 20
40512.43423409625
 11
24454.83972264623
 21
40517.25334083053
 72
     1
 10
24454.83972264623
 20
40517.25334083053
 11
24454.28708997258
 21
40516.64383561329
 72
     1
 10
24454.28708997258
 20
40516.64383561329
 11
24450.27072531899
 21
40520.02472729965
 72
     1
 10
24450.27072531899
 20
40520.02472729965
 11
24443.14551025836
 21
40526.18815967218
 72
     1
 10
24443.14551025836
 20
40526.18815967218
 11
24444.799977483
 21
40528.00367823617
 72
     1
 10
24444.799977483
 20
40528.00367823617
 11
24428.76210247114
 21
40542.14344272905
 72
     1
 10
24428.76210247114
 20
40542.14344272905
 11
24431.4740551884
 21
40545.42983534807
 72
     1
 10
24431.4740551884
 20
40545.42983534807
 11
24437.93999991729
 21
40552.85999990495
 72
     1
 10
24437.93999991729
 20
40552.85999990495
 11
24453.86825835597
 21
40538.4243357829
 72
     1
 10
24453.86825835597
 20
40538.4243357829
 11
24455.44107262784
 21
40540.30319090115
 72
     1
 10
24455.44107262784
 20
40540.30319090115
 11
24466.69024211514
 21
40530.61007928605
 72
     1
 10
24466.69024211514
 20
40530.61007928605
 11
24466.13390418145
 21
40529.91987573324
 72
     1
 10
24466.13390418145
 20
40529.91987573324
 11
24471.71622151425
 21
40525.45712198563
 72
     1
 10
24471.71622151425
 20
40525.45712198563
 11
24466.7351169312
 21
40519.8136701143
 97
        0
 75
     1
 76
     1
 98
        1
 10
0.0
 20
0.0
450
        0
451
        0
460
0.0
461
0.0
452
        0
462
1.0
453
        2
463
0.0
 63
     5
421
      255
463
1.0
 63
     2
421
 16776960
470
LINEAR
1001
GradientColor1ACI
1070
     5
1001
GradientColor2ACI
1070
     2
1001
ACAD
1010
0.0
1020
0.0
1030
0.0
  0
HATCH
  5
2FB
330
1F
100
AcDbEntity
  8
00 ОКН
100
AcDbHatch
 10
0.0
 20
0.0
 30
0.0
210
0.0
220
0.0
230
1.0
  2
SOLID
 70
     1
 71
     0
 91
        1
 92
        1
 93
        4
 72
     1
 10
24352.29313296961
 20
40147.984650942
 11
24356.1801789323
 21
40151.4897872583
 72
     1
 10
24356.1801789323
 20
40151.4897872583
 11
24359.20638360314
 21
40148.1338559659
 72
     1
 10
24359.20638360314
 20
40148.1338559659
 11
24355.30230120887
 21
40144.63090016422
 72
     1
 10
24355.30230120887
 20
40144.63090016422
 11
24352.29313296961
 21
40147.984650942
 97
        0
 75
     1
 76
     1
 98
        1
 10
0.0
 20
0.0
450
        0
451
        0
460
0.0
461
0.0
452
        0
462
1.0
453
        2
463
0.0
 63
     5
421
      255
463
1.0
 63
     2
421
 16776960
470
LINEAR
1001
GradientColor1ACI
1070
     5
1001
GradientColor2ACI
1070
     2
1001
ACAD
1010
0.0
1020
0.0
1030
0.0
  0
HATCH
  5
2FC
330
1F
100
AcDbEntity
  8
00 ОКН
100
AcDbHatch
 10
0.0
 20
0.0
 30
0.0
210
0.0
220
0.0
230
1.0
  2
SOLID
 70
     1
 71
     0
 91
        1
 92
        1
 93
       10
 72
     1
 10
24473.88079768475
 20
39791.66047257404
 11
24461.47919705119
 21
39796.15555194587
 72
     1
 10
24461.47919705119
 20
39796.15555194587
 11
24466.10311965915
 21
39808.87035767614
 72
     1
 10
24466.10311965915
 20
39808.87035767614
 11
24459.79928151691
 21
39811.06303167453
 72
     1
 10
24459.79928151691
 20
39811.06303167453
 11
24462.4737231105
 21
39818.38026575498
 72
     1
 10
24462.4737231105
 20
39818.38026575498
 11
24468.57906377102
 21
39816.23262460877
 72
     1
 10
24468.57906377102
 20
39816.23262460877
 11
24473.27469082328
 21
39830.24540846179
 72
     1
 10
24473.27469082328
 20
39830.24540846179
 11
24476.99749137927
 21
39828.98339207458
 72
     1
 10
24476.99749137927
 20
39828.98339207458
 11
24476.24989778684
 21
39826.77449689915
 72
     1
 10
24476.24989778684
 20
39826.77449689915
 11
24484.87157935185
 21
39824.00766371587
 72
     1
 10
24484.87157935185
 20
39824.00766371587
 11
24473.88079768475
 21
39791.66047257404
 97
        0
 75
     1
 76
     1
 98
        1
 10
0.0
 20
0.0
450
        0
451
        0
460
0.0
461
0.0
452
        0
462
1.0
453
        2
463
0.0
 63
     5
421
      255
463
1.0
 63
     2
421
 16776960
470
LINEAR
1001
GradientColor1ACI
1070
     5
1001
GradientColor2ACI
1070
     2
1001
ACAD
1010
0.0
1020
0.0
1030
0.0
  0
HATCH
  5
2FD
330
1F
100
AcDbEntity
  8
00 ОКН
100
AcDbHatch
 10
0.0
 20
0.0
 30
0.0
210
0.0
220
0.0
230
1.0
  2
SOLID
 70
     1
 71
     0
 91
        1
 92
        1
 93
       14
 72
     1
 10
24499.99999977661
 20
39793.33611479198
 11
24492.82540652394
 21
39771.91628995194
 72
     1
 10
24492.82540652394
 20
39771.91628995194
 11
24494.91358714169
 21
39771.16801268262
 72
     1
 10
24494.91358714169
 20
39771.16801268262
 11
24493.48881916373
 21
39766.770825995
 72
     1
 10
24493.48881916373
 20
39766.770825995
 11
24499.99999977654
 21
39764.82323379023
 72
     1
 10
24499.99999977654
 20
39764.82323379023
 11
24505.26722532511
 21
39763.24772728393
 72
     1
 10
24505.26722532511
 20
39763.24772728393
 11
24507.80981626476
 21
39770.38748367322
 72
     1
 10
24507.80981626476
 20
39770.38748367322
 11
24505.61935839898
 21
39771.07562052242
 72
     1
 10
24505.61935839898
 20
39771.07562052242
 11
24511.27716902295
 21
39788.21588957406
 72
     1
 10
24511.27716902295
 20
39788.21588957406
 11
24513.62972696301
 21
39787.44373764
 72
     1
 10
24513.62972696301
 20
39787.44373764
 11
24515.91205613707
 21
39794.49839191916
 72
     1
 10
24515.91205613707
 20
39794.49839191916
 11
24504.04049491577
 21
39798.26019240054
 72
     1
 10
24504.04049491577
 20
39798.26019240054
 11
24502.63598000774
 21
39793.80277055206
 72
     1
 10
24502.63598000774
 20
39793.80277055206
 11
24500.427375935
 21
39794.6120508808
 72
     1
 10
24500.427375935
 20
39794.6120508808
 11
24499.99999977654
 21
39793.33611479179
 97
        0
 75
     1
 76
     1
 98
        1
 10
0.0
 20
0.0
450
        0
451
        0
460
0.0
461
0.0
452
        0
462
1.0
453
        2
463
0.0
 63
     5
421
      255
463
1.0
 63
     2
421
 16776960
470
LINEAR
1001
GradientColor1ACI
1070
     5
1001
GradientColor2ACI
1070
     2
1001
ACAD
1010
0.0
1020
0.0
1030
0.0
  0
HATCH
  5
2FE
330
1F
100
AcDbEntity
  8
00 ОКН
100
AcDbHatch
 10
0.0
 20
0.0
 30
0.0
210
0.0
220
0.0
230
1.0
  2
SOLID
 70
     1
 71
     0
 91
        1
 92
        1
 93
        4
 72
     1
 10
24621.55826063315
 20
39872.3213033578
 11
24616.91917915436
 21
39859.49377795437
 72
     1
 10
24616.91917915436
 20
39859.49377795437
 11
24640.72653557257
 21
39851.08312547387
 72
     1
 10
24640.72653557257
 20
39851.08312547387
 11
24645.12659789702
 21
39863.93706927905
 72
     1
 10
24645.12659789702
 20
39863.93706927905
 11
24621.55826063315
 21
39872.3213033578
 97
        0
 75
     1
 76
     1
 98
        1
 10
0.0
 20
0.0
450
        0
451
        0
460
0.0
461
0.0
452
        0
462
1.0
453
        2
463
0.0
 63
     5
421
      255
463
1.0
 63
     2
421
 16776960
470
LINEAR
1001
GradientColor1ACI
1070
     5
1001
GradientColor2ACI
1070
     2
1001
ACAD
1010
0.0
1020
0.0
1030
0.0
  0
HATCH
  5
2FF
330
1F
100
AcDbEntity
  8
00 ОКН
100
AcDbHatch
 10
0.0
 20
0.0
 30
0.0
210
0.0
220
0.0
230
1.0
  2
SOLID
 70
     1
 71
     0
 91
        1
 92
        1
 93
       21
 72
     1
 10
24406.97881709619
 20
39730.97628826488
 11
24384.89296064602
 21
39738.86826412677
 72
     1
 10
24384.89296064602
 20
39738.86826412677
 11
24374.29045577961
 21
39708.34828156828
 72
     1
 10
24374.29045577961
 20
39708.34828156828
 11
24369.42107756192
 21
39694.17824009072
 72
     1
 10
24369.42107756192
 20
39694.17824009072
 11
24367.36194514217
 21
39694.91600636285
 72
     1
 10
24367.36194514217
 20
39694.91600636285
 11
24366.14230287458
 21
39691.50737540704
 72
     1
 10
24366.14230287458
 20
39691.50737540704
 11
24368.07928954232
 21
39690.77829384954
 72
     1
 10
24368.07928954232
 20
39690.77829384954
 11
24356.02820772174
 21
39657.9593764404
 72
     1
 10
24356.02820772174
 20
39657.9593764404
 11
24375.67192607208
 21
39650.8951435457
 72
     1
 10
24375.67192607208
 20
39650.8951435457
 11
24378.82378142811
 21
39652.58714788163
 72
     1
 10
24378.82378142811
 20
39652.58714788163
 11
24380.27763446602
 21
39656.25001260519
 72
     1
 10
24380.27763446602
 20
39656.25001260519
 11
24378.92252403165
 21
39658.76784008985
 72
     1
 10
24378.92252403165
 20
39658.76784008985
 11
24369.34306663054
 21
39662.13205532882
 72
     1
 10
24369.34306663054
 20
39662.13205532882
 11
24374.58518749019
 21
39676.66799255122
 72
     1
 10
24374.58518749019
 20
39676.66799255122
 11
24378.27157802257
 21
39687.01671901918
 72
     1
 10
24378.27157802257
 20
39687.01671901918
 11
24390.23567642358
 21
39682.85351744176
 72
     1
 10
24390.23567642358
 20
39682.85351744176
 11
24394.59851790879
 21
39696.31418284969
 72
     1
 10
24394.59851790879
 20
39696.31418284969
 11
24385.34642144803
 21
39699.49624709471
 72
     1
 10
24385.34642144803
 20
39699.49624709471
 11
24391.57326111446
 21
39717.26771653663
 72
     1
 10
24391.57326111446
 20
39717.26771653663
 11
24394.99284713725
 21
39726.83298294337
 72
     1
 10
24394.99284713725
 20
39726.83298294337
 11
24404.21231436828
 21
39723.5288163527
 72
     1
 10
24404.21231436828
 20
39723.5288163527
 11
24406.97881709619
 21
39730.97628826488
 97
        0
 75
     1
 76
     1
 98
        1
 10
0.0
 20
0.0
450
        0
451
        0
460
0.0
461
0.0
452
        0
462
1.0
453
        2
463
0.0
 63
     5
421
      255
463
1.0
 63
     2
421
 16776960
470
LINEAR
1001
GradientColor1ACI
1070
     5
1001
GradientColor2ACI
1070
     2
1001
ACAD
1010
0.0
1020
0.0
1030
0.0
  0
HATCH
  5
300
330
1F
100
AcDbEntity
  8
00 ОКН
100
AcDbHatch
 10
0.0
 20
0.0
 30
0.0
210
0.0
220
0.0
230
1.0
  2
SOLID
 70
     1
 71
     0
 91
        1
 92
        1
 93
       22
 72
     1
 10
24358.26017116117
 20
39598.02863232953
 11
24337.10526550781
 21
39605.28108697681
 72
     1
 10
24337.10526550781
 20
39605.28108697681
 11
24340.18639541921
 21
39613.89216505605
 72
     1
 10
24340.18639541921
 20
39613.89216505605
 11
24346.38748599623
 21
39611.6733527907
 72
     1
 10
24346.38748599623
 20
39611.6733527907
 11
24348.66075416598
 21
39618.02663560175
 72
     1
 10
24348.66075416598
 20
39618.02663560175
 11
24342.45966358895
 21
39620.24544786712
 72
     1
 10
24342.45966358895
 20
39620.24544786712
 11
24346.39553749469
 21
39631.24534676363
 72
     1
 10
24346.39553749469
 20
39631.24534676363
 11
24355.02883926872
 21
39628.15626499184
 72
     1
 10
24355.02883926872
 20
39628.15626499184
 11
24357.24530941758
 21
39634.35080987017
 72
     1
 10
24357.24530941758
 20
39634.35080987017
 11
24348.61200764354
 21
39637.43989164195
 72
     1
 10
24348.61200764354
 20
39637.43989164195
 11
24351.63066058683
 21
39645.87636038436
 72
     1
 10
24351.63066058683
 20
39645.87636038436
 11
24372.73807386674
 21
39638.4926813296
 72
     1
 10
24372.73807386674
 20
39638.4926813296
 11
24369.55957368117
 21
39629.95605649417
 72
     1
 10
24369.55957368117
 20
39629.95605649417
 11
24367.3180595864
 21
39630.72738343811
 72
     1
 10
24367.3180595864
 20
39630.72738343811
 11
24363.78719221676
 21
39620.79421623749
 72
     1
 10
24363.78719221676
 20
39620.79421623749
 11
24368.38200045318
 21
39619.12411320651
 72
     1
 10
24368.38200045318
 20
39619.12411320651
 11
24366.47739384193
 21
39613.72549294864
 72
     1
 10
24366.47739384193
 20
39613.72549294864
 11
24361.84781908998
 21
39615.30192420118
 72
     1
 10
24361.84781908998
 20
39615.30192420118
 11
24358.99967204486
 21
39607.13751872683
 72
     1
 10
24358.99967204486
 20
39607.13751872683
 11
24364.28361246317
 21
39605.26197528607
 72
     1
 10
24364.28361246317
 20
39605.26197528607
 11
24362.22846968937
 21
39599.70074040954
 72
     1
 10
24362.22846968937
 20
39599.70074040954
 11
24359.18490348009
 21
39600.77333882528
 72
     1
 10
24359.18490348009
 20
39600.77333882528
 11
24358.26017116117
 21
39598.02863232953
 97
        0
 75
     1
 76
     1
 98
        1
 10
0.0
 20
0.0
450
        0
451
        0
460
0.0
461
0.0
452
        0
462
1.0
453
        2
463
0.0
 63
     5
421
      255
463
1.0
 63
     2
421
 16776960
470
LINEAR
1001
GradientColor1ACI
1070
     5
1001
GradientColor2ACI
1070
     2
1001
ACAD
1010
0.0
1020
0.0
1030
0.0
  0
HATCH
  5
301
330
1F
100
AcDbEntity
  8
00 ОКН
100
AcDbHatch
 10
0.0
 20
0.0
 30
0.0
210
0.0
220
0.0
230
1.0
  2
SOLID
 70
     1
 71
     0
 91
        1
 92
        1
 93
       16
 72
     1
 10
24417.20311517266
 20
39633.65000301315
 11
24406.99550665
 21
39636.99411246935
 72
     1
 10
24406.99550665
 20
39636.99411246935
 11
24408.68208368096
 21
39642.17047977854
 72
     1
 10
24408.68208368096
 20
39642.17047977854
 11
24411.12985648494
 21
39641.39349543171
 72
     1
 10
24411.12985648494
 20
39641.39349543171
 11
24413.14294147018
 21
39647.73541814755
 72
     1
 10
24413.14294147018
 20
39647.73541814755
 11
24410.88730117094
 21
39648.4260644031
 72
     1
 10
24410.88730117094
 20
39648.4260644031
 11
24414.71594264528
 21
39659.56391292372
 72
     1
 10
24414.71594264528
 20
39659.56391292372
 11
24408.54478337658
 21
39661.53788029411
 72
     1
 10
24408.54478337658
 20
39661.53788029411
 11
24426.87556447709
 21
39715.40126762384
 72
     1
 10
24426.87556447709
 20
39715.40126762384
 11
24432.99974005782
 21
39713.39038546475
 72
     1
 10
24432.99974005782
 20
39713.39038546475
 11
24438.06217952753
 21
39728.14139915144
 72
     1
 10
24438.06217952753
 20
39728.14139915144
 11
24442.01002623724
 21
39726.88077044048
 72
     1
 10
24442.01002623724
 20
39726.88077044048
 11
24441.38841900294
 21
39724.95995706981
 72
     1
 10
24441.38841900294
 20
39724.95995706981
 11
24449.43620023428
 21
39722.355560875
 72
     1
 10
24449.43620023428
 20
39722.355560875
 11
24422.31338488328
 21
39644.30338456437
 72
     1
 10
24422.31338488328
 20
39644.30338456437
 11
24420.77620347931
 21
39644.78191799105
 72
     1
 10
24420.77620347931
 20
39644.78191799105
 11
24417.20311517266
 21
39633.65000301315
 97
        0
 75
     1
 76
     1
 98
        1
 10
0.0
 20
0.0
450
        0
451
        0
460
0.0
461
0.0
452
        0
462
1.0
453
        2
463
0.0
 63
     5
421
      255
463
1.0
 63
     2
421
 16776960
470
LINEAR
1001
GradientColor1ACI
1070
     5
1001
GradientColor2ACI
1070
     2
1001
ACAD
1010
0.0
1020
0.0
1030
0.0
  0
HATCH
  5
302
330
1F
100
AcDbEntity
  8
00 ОКН
100
AcDbHatch
 10
0.0
 20
0.0
 30
0.0
210
0.0
220
0.0
230
1.0
  2
SOLID
 70
     1
 71
     0
 91
        1
 92
        1
 93
        4
 72
     1
 10
24481.23767201968
 20
39736.2925986889
 11
24494.43144503301
 21
39731.45012259254
 72
     1
 10
24494.43144503301
 20
39731.45012259254
 11
24486.62099622726
 21
39708.96557961639
 72
     1
 10
24486.62099622726
 20
39708.96557961639
 11
24473.41257003872
 21
39713.2981821323
 72
     1
 10
24473.41257003872
 20
39713.2981821323
 11
24481.23767201968
 21
39736.2925986889
 97
        0
 75
     1
 76
     1
 98
        1
 10
0.0
 20
0.0
450
        0
451
        0
460
0.0
461
0.0
452
        0
462
1.0
453
        2
463
0.0
 63
     5
421
      255
463
1.0
 63
     2
421
 16776960
470
LINEAR
1001
GradientColor1ACI
1070
     5
1001
GradientColor2ACI
1070
     2
1001
ACAD
1010
0.0
1020
0.0
1030
0.0
  0
HATCH
  5
306
330
1F
100
AcDbEntity
  8
00 ОКН
100
AcDbHatch
 10
0.0
 20
0.0
 30
0.0
210
0.0
220
0.0
230
1.0
  2
SOLID
 70
     1
 71
     0
 91
        1
 92
        1
 93
        4
 72
     1
 10
25563.31517966745
 20
41316.01287845285
 11
25570.64695951182
 21
41340.67818288778
 72
     1
 10
25570.64695951182
 20
41340.67818288778
 11
25580.36993790192
 21
41337.78802042594
 72
     1
 10
25580.36993790192
 20
41337.78802042594
 11
25573.03815805755
 21
41313.122715991
 72
     1
 10
25573.03815805755
 20
41313.122715991
 11
25563.31517966745
 21
41316.01287845285
 97
        0
 75
     1
 76
     1
 98
        1
 10
0.0
 20
0.0
450
        0
451
        0
460
0.0
461
0.0
452
        0
462
1.0
453
        2
463
0.0
 63
     5
421
      255
463
1.0
 63
     2
421
 16776960
470
LINEAR
1001
GradientColor1ACI
1070
     5
1001
GradientColor2ACI
1070
     2
1001
ACAD
1010
0.0
1020
0.0
1030
0.0
  0
HATCH
  5
307
330
1F
100
AcDbEntity
  8
00 ОКН
100
AcDbHatch
 10
0.0
 20
0.0
 30
0.0
210
0.0
220
0.0
230
1.0
  2
SOLID
 70
     1
 71
     0
 91
        1
 92
        1
 93
        4
 72
     1
 10
25120.93005287707
 20
41012.23782162022
 11
25112.47031866555
 21
41021.44134356666
 72
     1
 10
25112.47031866555
 20
41021.44134356666
 11
25095.19031147611
 21
41004.9205609897
 72
     1
 10
25095.19031147611
 20
41004.9205609897
 11
25103.86595160087
 21
40995.79551926551
 72
     1
 10
25103.86595160087
 20
40995.79551926551
 11
25120.93005287707
 21
41012.23782162022
 97
        0
 75
     1
 76
     1
 98
        1
 10
25111.10309198349
 20
41011.61754205058
450
        0
451
        0
460
0.0
461
0.0
452
        0
462
1.0
453
        2
463
0.0
 63
     5
421
      255
463
1.0
 63
     2
421
 16776960
470
LINEAR
1001
GradientColor1ACI
1070
     5
1001
GradientColor2ACI
1070
     2
1001
ACAD
1010
0.0
1020
0.0
1030
0.0
  0
HATCH
  5
308
330
1F
100
AcDbEntity
  8
00 ОКН
100
AcDbHatch
 10
0.0
 20
0.0
 30
0.0
210
0.0
220
0.0
230
1.0
  2
SOLID
 70
     1
 71
     0
 91
        1
 92
        1
 93
        4
 72
     1
 10
25122.59
 20
41203.65
 11
25080.94
 21
41171.44
 72
     1
 10
25080.94
 20
41171.44
 11
25072.31
 21
41182.63999999999
 72
     1
 10
25072.31
 20
41182.63999999999
 11
25113.96
 21
41214.84999999999
 72
     1
 10
25113.96
 20
41214.84999999999
 11
25122.59
 21
41203.65
 97
        0
 75
     1
 76
     1
 98
        1
 10
0.0
 20
0.0
450
        0
451
        0
460
0.0
461
0.0
452
        0
462
1.0
453
        2
463
0.0
 63
     5
421
      255
463
1.0
 63
     2
421
 16776960
470
LINEAR
1001
GradientColor1ACI
1070
     5
1001
GradientColor2ACI
1070
     2
1001
ACAD
1010
0.0
1020
0.0
1030
0.0
  0
HATCH
  5
309
330
1F
100
AcDbEntity
  8
00 ОКН
100
AcDbHatch
 10
0.0
 20
0.0
 30
0.0
210
0.0
220
0.0
230
1.0
  2
SOLID
 70
     1
 71
     0
 91
        1
 92
        1
 93
        8
 72
     1
 10
25458.11958907654
 20
41233.9562961778
 11
25474.477142293
 21
41243.54700678857
 72
     1
 10
25474.477142293
 20
41243.54700678857
 11
25482.20500190414
 21
41230.36666176841
 72
     1
 10
25482.20500190414
 20
41230.36666176841
 11
25465.74763428609
 21
41220.81019495404
 72
     1
 10
25465.74763428609
 20
41220.81019495404
 11
25465.26013244754
 21
41221.64973085444
 72
     1
 10
25465.26013244754
 20
41221.64973085444
 11
25457.83258177138
 21
41217.33669956073
 72
     1
 10
25457.83258177138
 20
41217.33669956073
 11
25451.31632100098
 21
41228.69034718073
 72
     1
 10
25451.31632100098
 20
41228.69034718073
 11
25458.71006936548
 21
41232.98375014279
 72
     1
 10
25458.71006936548
 20
41232.98375014279
 11
25458.11958907654
 21
41233.9562961778
 97
        0
 75
     1
 76
     1
 98
        1
 10
0.0
 20
0.0
450
        0
451
        0
460
0.0
461
0.0
452
        0
462
1.0
453
        2
463
0.0
 63
     5
421
      255
463
1.0
 63
     2
421
 16776960
470
LINEAR
1001
GradientColor1ACI
1070
     5
1001
GradientColor2ACI
1070
     2
1001
ACAD
1010
0.0
1020
0.0
1030
0.0
  0
HATCH
  5
30A
330
1F
100
AcDbEntity
  8
00 ОКН
100
AcDbHatch
 10
0.0
 20
0.0
 30
0.0
210
0.0
220
0.0
230
1.0
  2
SOLID
 70
     1
 71
     0
 91
        1
 92
        1
 93
       10
 72
     1
 10
25062.73170399127
 20
40956.25650492493
 11
25053.84800961944
 21
40965.53393471843
 72
     1
 10
25053.84800961944
 20
40965.53393471843
 11
25059.47914913796
 21
40970.88986323115
 72
     1
 10
25059.47914913796
 20
40970.88986323115
 11
25059.15756926176
 21
40971.33164776413
 72
     1
 10
25059.15756926176
 20
40971.33164776413
 11
25068.34103125545
 21
40980.15432845143
 72
     1
 10
25068.34103125545
 20
40980.15432845143
 11
25068.71717769019
 21
40979.7389529941
 72
     1
 10
25068.71717769019
 20
40979.7389529941
 11
25074.14963602245
 21
40985.08751394545
 72
     1
 10
25074.14963602245
 20
40985.08751394545
 11
25077.70489697327
 21
40981.15045063695
 72
     1
 10
25077.70489697327
 20
40981.15045063695
 11
25081.59291693987
 21
40984.93003232109
 72
     1
 10
25081.59291693987
 20
40984.93003232109
 11
25086.79041217403
 21
40979.25231453995
 72
     1
 10
25086.79041217403
 20
40979.25231453995
 11
25062.73170399127
 21
40956.25650492493
 97
        0
 75
     1
 76
     1
 98
        1
 10
0.0
 20
0.0
450
        0
451
        0
460
0.0
461
0.0
452
        0
462
1.0
453
        2
463
0.0
 63
     5
421
      255
463
1.0
 63
     2
421
 16776960
470
LINEAR
1001
GradientColor1ACI
1070
     5
1001
GradientColor2ACI
1070
     2
1001
ACAD
1010
0.0
1020
0.0
1030
0.0
  0
HATCH
  5
30B
330
1F
100
AcDbEntity
  8
00 ОКН
 62
     1
440
 33554585
100
AcDbHatch
 10
0.0
 20
0.0
 30
0.0
210
0.0
220
0.0
230
1.0
  2
SOLID
 70
     1
 71
     0
 91
        1
 92
        1
 93
       14
 72
     1
 10
25399.7092320172
 20
41960.34735795286
 11
25399.03834775237
 21
41961.25597738781
 72
     1
 10
25399.03834775237
 20
41961.25597738781
 11
25393.54456379731
 21
41957.82847145509
 72
     1
 10
25393.54456379731
 20
41957.82847145509
 11
25396.3398269183
 21
41953.23879728111
 72
     1
 10
25396.3398269183
 20
41953.23879728111
 11
25395.80005881679
 21
41952.04195192403
 72
     1
 10
25395.80005881679
 20
41952.04195192403
 11
25396.60967682436
 21
41950.63300013468
 72
     1
 10
25396.60967682436
 20
41950.63300013468
 11
25394.67143047313
 21
41949.49906765768
 72
     1
 10
25394.67143047313
 20
41949.49906765768
 11
25394.25097775986
 21
41947.63405233893
 72
     1
 10
25394.25097775986
 20
41947.63405233893
 11
25396.86701690929
 21
41943.60012131633
 72
     1
 10
25396.86701690929
 20
41943.60012131633
 11
25398.74789820886
 21
41943.25794182104
 72
     1
 10
25398.74789820886
 20
41943.25794182104
 11
25405.65292755707
 21
41947.34302761722
 72
     1
 10
25405.65292755707
 20
41947.34302761722
 11
25406.51879522322
 21
41946.01316248413
 72
     1
 10
25406.51879522322
 20
41946.01316248413
 11
25413.12536834651
 21
41950.00583189821
 72
     1
 10
25413.12536834651
 20
41950.00583189821
 11
25404.29215763543
 21
41963.56334371287
 72
     1
 10
25404.29215763543
 20
41963.56334371287
 11
25399.7092320172
 21
41960.34735795286
 97
        0
 75
     1
 76
     1
 98
        1
 10
0.0
 20
0.0
450
        0
451
        0
460
0.0
461
0.0
452
        0
462
1.0
453
        2
463
0.0
 63
     5
421
      255
463
1.0
 63
     2
421
 16776960
470
LINEAR
1001
GradientColor1ACI
1070
     5
1001
GradientColor2ACI
1070
     2
1001
ACAD
1010
0.0
1020
0.0
1030
0.0
  0
HATCH
  5
30C
330
1F
100
AcDbEntity
  8
00 ОКН
 62
     1
440
 33554585
100
AcDbHatch
 10
0.0
 20
0.0
 30
0.0
210
0.0
220
0.0
230
1.0
  2
SOLID
 70
     1
 71
     0
 91
        2
 92
        1
 93
        4
 72
     1
 10
25536.95097999275
 20
41920.18924518354
 11
25549.65527643953
 21
41930.2777950907
 72
     1
 10
25549.65527643953
 20
41930.2777950907
 11
25556.42706779329
 21
41921.75022218621
 72
     1
 10
25556.42706779329
 20
41921.75022218621
 11
25543.7536979551
 21
41911.68623126469
 72
     1
 10
25543.7536979551
 20
41911.68623126469
 11
25536.95097999275
 21
41920.18924518354
 97
        0
 92
        1
 93
        6
 72
     1
 10
25572.00434773529
 20
41889.83382808722
 11
25562.81167755394
 21
41883.19675780337
 72
     1
 10
25562.81167755394
 20
41883.19675780337
 11
25556.31841299998
 21
41892.45618431469
 72
     1
 10
25556.31841299998
 20
41892.45618431469
 11
25564.41841404566
 21
41898.13639027698
 72
     1
 10
25564.41841404566
 20
41898.13639027698
 11
25568.92179479874
 21
41901.62834754118
 72
     1
 10
25568.92179479874
 20
41901.62834754118
 11
25575.48297104038
 21
41892.27365933273
 72
     1
 10
25575.48297104038
 20
41892.27365933273
 11
25572.00434773529
 21
41889.83382808722
 97
        0
 75
     1
 76
     1
 98
        1
 10
0.0
 20
0.0
450
        0
451
        0
460
0.0
461
0.0
452
        0
462
1.0
453
        2
463
0.0
 63
     5
421
      255
463
1.0
 63
     2
421
 16776960
470
LINEAR
1001
GradientColor1ACI
1070
     5
1001
GradientColor2ACI
1070
     2
1001
ACAD
1010
0.0
1020
0.0
1030
0.0
  0
HATCH
  5
30D
330
1F
100
AcDbEntity
  8
00 ОКН
 62
     1
440
 33554585
100
AcDbHatch
 10
0.0
 20
0.0
 30
0.0
210
0.0
220
0.0
230
1.0
  2
SOLID
 70
     1
 71
     0
 91
        1
 92
        1
 93
       15
 72
     1
 10
25594.57457308413
 20
41957.61686540618
 11
25594.3864001922
 21
41954.18495852047
 72
     1
 10
25594.3864001922
 20
41954.18495852047
 11
25589.83803469828
 21
41950.2207891391
 72
     1
 10
25589.83803469828
 20
41950.2207891391
 11
25617.12893927862
 21
41919.05344320271
 72
     1
 10
25617.12893927864
 20
41919.05344320273
 11
25625.78240782563
 21
41926.65352052403
 72
     1
 10
25625.78240782563
 20
41926.65352052403
 11
25603.99904759335
 21
41952.67270909002
 72
     1
 10
25603.99904759335
 20
41952.67270909002
 11
25602.89803333137
 21
41951.6955631518
 72
     1
 10
25602.89803333137
 20
41951.6955631518
 11
25601.70714025887
 21
41953.12197139284
 72
     1
 10
25601.70714025887
 20
41953.12197139284
 11
25602.15798257686
 21
41961.81893693869
 72
     1
 10
25602.15798257686
 20
41961.81893693869
 11
25603.26588806113
 21
41962.87000899314
 72
     1
 10
25603.26588806113
 20
41962.87000899314
 11
25604.72425158579
 21
41961.21993840575
 72
     1
 10
25604.72425158579
 20
41961.21993840575
 11
25616.64085193199
 21
41972.77585493904
 72
     1
 10
25616.64085193199
 20
41972.77585493904
 11
25608.10294390885
 21
41981.89865187295
 72
     1
 10
25608.10294390885
 20
41981.89865187295
 11
25590.69890688507
 21
41965.64200432845
 72
     1
 10
25590.69890688507
 20
41965.64200432845
 11
25594.77530866662
 21
41961.27789128879
 72
     1
 10
25594.77530866662
 20
41961.27789128879
 11
25594.57457308413
 21
41957.61686540618
 97
        0
 75
     1
 76
     1
 98
        1
 10
0.0
 20
0.0
450
        0
451
        0
460
0.0
461
0.0
452
        0
462
1.0
453
        2
463
0.0
 63
     5
421
      255
463
1.0
 63
     2
421
 16776960
470
LINEAR
1001
GradientColor1ACI
1070
     5
1001
GradientColor2ACI
1070
     2
1001
ACAD
1010
0.0
1020
0.0
1030
0.0
  0
HATCH
  5
30E
330
1F
100
AcDbEntity
  8
00 ОКН
 62
     1
440
 33554585
100
AcDbHatch
 10
0.0
 20
0.0
 30
0.0
210
0.0
220
0.0
230
1.0
  2
SOLID
 70
     1
 71
     0
 91
        1
 92
        1
 93
        4
 72
     1
 10
25473.43928269148
 20
41980.96130290408
 11
25477.70354524094
 21
41974.73520503852
 72
     1
 10
25477.70354524094
 20
41974.73520503852
 11
25488.23619336672
 21
41981.94902947867
 72
     1
 10
25488.23619336672
 20
41981.94902947867
 11
25483.97193081713
 21
41988.17512734419
 72
     1
 10
25483.97193081713
 20
41988.17512734419
 11
25473.43928269148
 21
41980.96130290408
 97
        0
 75
     1
 76
     1
 98
        1
 10
-51.69963035464752
 20
33.69540543053882
450
        0
451
        0
460
0.0
461
0.0
452
        0
462
1.0
453
        2
463
0.0
 63
     5
421
      255
463
1.0
 63
     2
421
 16776960
470
LINEAR
1001
GradientColor1ACI
1070
     5
1001
GradientColor2ACI
1070
     2
1001
ACAD
1010
0.0
1020
0.0
1030
0.0
  0
HATCH
  5
30F
330
1F
100
AcDbEntity
  8
00 ОКН
 62
     1
440
 33554585
100
AcDbHatch
 10
0.0
 20
0.0
 30
0.0
210
0.0
220
0.0
230
1.0
  2
SOLID
 70
     1
 71
     0
 91
        1
 92
        1
 93
       11
 72
     1
 10
25667.82389979346
 20
41935.46524032422
 11
25673.66193242534
 21
41959.4839854469
 72
     1
 10
25673.66193242534
 20
41959.4839854469
 11
25690.33732600255
 21
41955.19524600562
 72
     1
 10
25690.33732600255
 20
41955.19524600562
 11
25688.59049381389
 21
41948.51026193395
 72
     1
 10
25688.59049381389
 20
41948.51026193395
 11
25689.38801702252
 21
41948.33085690722
 72
     1
 10
25689.38801702252
 20
41948.33085690722
 11
25685.86425876219
 21
41934.42000040023
 72
     1
 10
25685.86425876219
 20
41934.42000040023
 11
25680.75990299102
 21
41935.70409671579
 72
     1
 10
25680.75990299102
 20
41935.70409671579
 11
25680.57472014727
 21
41934.98977743444
 72
     1
 10
25680.57472014727
 20
41934.98977743444
 11
25678.27755071548
 21
41933.72310496654
 72
     1
 10
25678.27755071548
 20
41933.72310496654
 11
25675.70356662353
 21
41934.33522759403
 72
     1
 10
25675.70356662353
 20
41934.33522759403
 11
25675.45842594853
 21
41933.54966979228
 72
     1
 10
25675.45842594853
 20
41933.54966979228
 11
25667.82389979346
 21
41935.46524032422
 97
        0
 75
     1
 76
     1
 98
        1
 10
0.0
 20
0.0
450
        0
451
        0
460
0.0
461
0.0
452
        0
462
1.0
453
        2
463
0.0
 63
     5
421
      255
463
1.0
 63
     2
421
 16776960
470
LINEAR
1001
GradientColor1ACI
1070
     5
1001
GradientColor2ACI
1070
     2
1001
ACAD
1010
0.0
1020
0.0
1030
0.0
  0
HATCH
  5
314
330
1F
100
AcDbEntity
  8
00 ОКН
100
AcDbHatch
 10
0.0
 20
0.0
 30
0.0
210
0.0
220
0.0
230
1.0
  2
SOLID
 70
     1
 71
     0
 91
        2
 92
        1
 93
        4
 72
     1
 10
23924.677997
 20
38873.568707
 11
23945.081798
 21
38878.51069
 72
     1
 10
23945.081798
 20
38878.51069
 11
23950.861055
 21
38856.833326
 72
     1
 10
23950.861055
 20
38856.833326
 11
23929.884
 21
38851.319609
 72
     1
 10
23929.884
 20
38851.319609
 11
23924.677997
 21
38873.568707
 97
        0
 92
        1
 93
        4
 72
     1
 10
23827.517813
 20
38922.29727
 11
23831.256404
 21
38929.358483
 72
     1
 10
23831.256404
 20
38929.358483
 11
23838.323828
 21
38925.469713
 72
     1
 10
23838.323828
 20
38925.469713
 11
23834.636385
 21
38918.715527
 72
     1
 10
23834.636385
 20
38918.715527
 11
23827.517813
 21
38922.29727
 97
        0
 75
     1
 76
     1
 98
        1
 10
0.0
 20
0.0
450
        0
451
        0
460
0.0
461
0.0
452
        0
462
1.0
453
        2
463
0.0
 63
     5
421
      255
463
1.0
 63
     2
421
 16776960
470
LINEAR
1001
GradientColor1ACI
1070
     5
1001
GradientColor2ACI
1070
     2
1001
ACAD
1010
0.0
1020
0.0
1030
0.0
  0
HATCH
  5
315
330
1F
100
AcDbEntity
  8
00 ОКН
100
AcDbHatch
 10
0.0
 20
0.0
 30
0.0
210
0.0
220
0.0
230
1.0
  2
SOLID
 70
     1
 71
     0
 91
        1
 92
        1
 93
       13
 72
     1
 10
24576.29
 20
40058.67999999942
 11
24561.13
 21
40070.61999999942
 72
     1
 10
24561.13
 20
40070.61999999942
 11
24567.05
 21
40078.09999999943
 72
     1
 10
24567.05
 20
40078.09999999943
 11
24567.54613579827
 21
40077.72680683959
 72
     1
 10
24567.54613579827
 20
40077.72680683959
 11
24579.75888222808
 21
40093.37984965229
 72
     1
 10
24579.75888222808
 20
40093.37984965229
 11
24591.45
 21
40108.29999999942
 72
     1
 10
24591.45
 20
40108.29999999942
 11
24590.95453687111
 21
40108.6910855625
 72
     1
 10
24590.95453687111
 20
40108.6910855625
 11
24596.85
 21
40116.15999999943
 72
     1
 10
24596.85
 20
40116.15999999943
 11
24613.73
 21
40102.93999999943
 72
     1
 10
24613.73
 20
40102.93999999943
 11
24610.13
 21
40098.49999999942
 72
     1
 10
24610.13
 20
40098.49999999942
 11
24608.50921292167
 21
40099.77525664567
 72
     1
 10
24608.50921292167
 20
40099.77525664567
 11
24597.45693055175
 21
40085.72836145487
 72
     1
 10
24597.45693055175
 20
40085.72836145487
 11
24584.60024539405
 21
40069.35570850189
 72
     1
 10
24584.60024539405
 20
40069.35570850189
 11
24576.29
 21
40058.67999999942
 97
        0
 75
     1
 76
     1
 98
        1
 10
0.0
 20
0.0
450
        0
451
        0
460
0.0
461
0.0
452
        0
462
1.0
453
        2
463
0.0
 63
     5
421
      255
463
1.0
 63
     2
421
 16776960
470
LINEAR
1001
GradientColor1ACI
1070
     5
1001
GradientColor2ACI
1070
     2
1001
ACAD
1010
0.0
1020
0.0
1030
0.0
  0
HATCH
  5
316
330
1F
100
AcDbEntity
  8
00 ОКН
100
AcDbHatch
 10
0.0
 20
0.0
 30
0.0
210
0.0
220
0.0
230
1.0
  2
SOLID
 70
     1
 71
     0
 91
        1
 92
        1
 93
       22
 72
     1
 10
24636.13843684925
 20
40057.364454032
 11
24642.92838877888
 21
40065.05707476193
 72
     1
 10
24642.92838877888
 20
40065.05707476193
 11
24641.2256901749
 21
40066.57434399437
 72
     1
 10
24641.2256901749
 20
40066.57434399437
 11
24658.58912775606
 21
40085.84256539949
 72
     1
 10
24658.58912775606
 20
40085.84256539949
 11
24668.40302141422
 21
40097.09920262361
 72
     1
 10
24668.40302141422
 20
40097.09920262361
 11
24678.6199216729
 21
40108.81809257423
 72
     1
 10
24678.6199216729
 20
40108.81809257423
 11
24689.18604541482
 21
40120.91643893421
 72
     1
 10
24689.18604541482
 20
40120.91643893421
 11
24690.93955640626
 21
40119.37517842834
 72
     1
 10
24690.93955640626
 20
40119.37517842834
 11
24697.9096145251
 21
40127.3050990847
 72
     1
 10
24697.9096145251
 20
40127.3050990847
 11
24683.44194575727
 21
40139.83315326975
 72
     1
 10
24683.44194575727
 20
40139.83315326975
 11
24680.13951057046
 21
40136.21413657243
 72
     1
 10
24680.13951057046
 20
40136.21413657243
 11
24681.37184800343
 21
40135.12668570329
 72
     1
 10
24681.37184800343
 20
40135.12668570329
 11
24666.02861140669
 21
40117.7391923114
 72
     1
 10
24666.02861140669
 20
40117.7391923114
 11
24656.60990405192
 21
40107.06558307266
 72
     1
 10
24656.60990405192
 20
40107.06558307266
 11
24656.16581194818
 21
40107.45746303288
 72
     1
 10
24656.16581194818
 20
40107.45746303288
 11
24655.35291016475
 21
40106.536254245
 72
     1
 10
24655.35291016475
 20
40106.536254245
 11
24650.61811396066
 21
40101.17061726282
 72
     1
 10
24650.61811396066
 20
40101.17061726282
 11
24651.06220606443
 21
40100.77873730258
 72
     1
 10
24651.06220606443
 20
40100.77873730258
 11
24636.73680192932
 21
40084.54468732462
 72
     1
 10
24636.73680192932
 20
40084.54468732462
 11
24626.32892506232
 21
40072.75011653073
 72
     1
 10
24626.32892506232
 20
40072.75011653073
 11
24624.92103720869
 21
40073.99247826471
 72
     1
 10
24624.92103720869
 20
40073.99247826471
 11
24621.41772183828
 21
40070.0223985186
 72
     1
 10
24621.41772183828
 20
40070.0223985186
 11
24636.13843684925
 21
40057.364454032
 97
        0
 75
     1
 76
     1
 98
        1
 10
0.0
 20
0.0
450
        0
451
        0
460
0.0
461
0.0
452
        0
462
1.0
453
        2
463
0.0
 63
     5
421
      255
463
1.0
 63
     2
421
 16776960
470
LINEAR
1001
GradientColor1ACI
1070
     5
1001
GradientColor2ACI
1070
     2
1001
ACAD
1010
0.0
1020
0.0
1030
0.0
  0
HATCH
  5
318
330
1F
100
AcDbEntity
  8
00 ОКН
 62
     1
440
 33554585
100
AcDbHatch
 10
0.0
 20
0.0
 30
0.0
210
0.0
220
0.0
230
1.0
  2
SOLID
 70
     1
 71
     0
 91
        1
 92
        1
 93
       10
 72
     1
 10
25898.43535703203
 20
41946.07595063123
 11
25911.44697567515
 21
41942.76577766712
 72
     1
 10
25911.44697567515
 20
41942.76577766712
 11
25914.90607816562
 21
41955.38358370826
 72
     1
 10
25914.90607816562
 20
41955.38358370826
 11
25915.81073942438
 21
41955.13557577383
 72
     1
 10
25915.81073942438
 20
41955.13557577383
 11
25917.75976221013
 21
41956.15660722073
 72
     1
 10
25917.75976221013
 20
41956.15660722073
 11
25918.51986400353
 21
41958.92923885772
 72
     1
 10
25918.51986400353
 20
41958.92923885772
 11
25917.36400934307
 21
41960.80145546879
 72
     1
 10
25917.36400934307
 20
41960.80145546879
 11
25916.45934808431
 21
41961.04946340322
 72
     1
 10
25916.45934808431
 20
41961.04946340322
 11
25919.16160163951
 21
41970.90650329359
 72
     1
 10
25919.16160163951
 20
41970.90650329359
 11
25905.62816675391
 21
41974.34942699883
 72
     1
 10
25905.62816675391
 20
41974.34942699883
 11
25898.43535703203
 21
41946.07595063123
 97
        0
 75
     1
 76
     1
 98
        1
 10
0.0
 20
0.0
450
        0
451
        0
460
0.0
461
0.0
452
        0
462
1.0
453
        2
463
0.0
 63
     5
421
      255
463
1.0
 63
     2
421
 16776960
470
LINEAR
1001
GradientColor1ACI
1070
     5
1001
GradientColor2ACI
1070
     2
1001
ACAD
1010
0.0
1020
0.0
1030
0.0
  0
HATCH
  5
319
330
1F
100
AcDbEntity
  8
00 ОКН
 62
     1
440
 33554585
100
AcDbHatch
 10
0.0
 20
0.0
 30
0.0
210
0.0
220
0.0
230
1.0
  2
SOLID
 70
     1
 71
     0
 91
        1
 92
        1
 93
        9
 72
     1
 10
25941.4535646
 20
41743.42011908
 11
25943.46698554
 21
41742.98929188
 72
     1
 10
25943.46698554
 20
41742.98929188
 11
25943.29493024
 21
41742.20191946
 72
     1
 10
25943.29493024
 20
41742.20191946
 11
25950.97837170577
 21
41740.77981300104
 72
     1
 10
25950.97837170577
 20
41740.77981300104
 11
25958.85000114109
 21
41777.74999994873
 72
     1
 10
25958.85000114109
 20
41777.74999994873
 11
25956.67558044463
 21
41778.11240339813
 72
     1
 10
25956.67558044463
 20
41778.11240339813
 11
25960.23229702415
 21
41797.37298465354
 72
     1
 10
25960.23229702415
 20
41797.37298465354
 11
25958.921
 21
41804.46945144741
 72
     1
 10
25958.921
 20
41804.46945144741
 11
25954.46301316
 21
41805.43146279999
 72
     1
 10
25954.46301316
 20
41805.43146279999
 11
25941.4535646
 21
41743.42011908
 97
        0
 75
     1
 76
     1
 98
        1
 10
49.04505440256617
 20
-174.0616774314912
450
        0
451
        0
460
0.0
461
0.0
452
        0
462
1.0
453
        2
463
0.0
 63
     5
421
      255
463
1.0
 63
     2
421
 16776960
470
LINEAR
1001
GradientColor1ACI
1070
     5
1001
GradientColor2ACI
1070
     2
1001
ACAD
1010
0.0
1020
0.0
1030
0.0
  0
HATCH
  5
31A
330
1F
100
AcDbEntity
  8
00 ОКН
 62
     1
440
 33554585
100
AcDbHatch
 10
0.0
 20
0.0
 30
0.0
210
0.0
220
0.0
230
1.0
  2
SOLID
 70
     1
 71
     0
 91
        1
 92
        1
 93
       14
 72
     1
 10
25892.45000114109
 20
41779.06999994872
 11
25910.05000038328
 21
41774.66999701035
 72
     1
 10
25910.05000038328
 20
41774.66999701035
 11
25922.78686025854
 21
41824.69406459503
 72
     1
 10
25922.78686025854
 20
41824.69406459503
 11
25909.96476651089
 21
41827.92951421824
 72
     1
 10
25909.96476651089
 20
41827.92951421824
 11
25908.08023451
 21
41820.95167716
 72
     1
 10
25908.08023451
 20
41820.95167716
 11
25903.68883312
 21
41822.16891656
 72
     1
 10
25903.68883312
 20
41822.16891656
 11
25902.60598249338
 21
41818.39218628756
 72
     1
 10
25902.60598249338
 20
41818.39218628756
 11
25905.09000114109
 21
41817.78999994873
 72
     1
 10
25905.09000114109
 20
41817.78999994873
 11
25902.13000114109
 21
41805.90999994873
 72
     1
 10
25902.13000114109
 20
41805.90999994873
 11
25900.21000114109
 21
41806.38999994872
 72
     1
 10
25900.21000114109
 20
41806.38999994872
 11
25898.85000114109
 21
41801.50999994872
 72
     1
 10
25898.85000114109
 20
41801.50999994872
 11
25900.77000114109
 21
41801.02999994872
 72
     1
 10
25900.77000114109
 20
41801.02999994872
 11
25897.57000114109
 21
41789.30999994872
 72
     1
 10
25897.57000114109
 20
41789.30999994872
 11
25895.09000114109
 21
41789.86999994872
 72
     1
 10
25895.09000114109
 20
41789.86999994872
 11
25892.45000114109
 21
41779.06999994872
 97
        0
 75
     1
 76
     1
 98
        1
 10
6.094017503015493
 20
-150.4506072845033
450
        0
451
        0
460
0.0
461
0.0
452
        0
462
1.0
453
        2
463
0.0
 63
     5
421
      255
463
1.0
 63
     2
421
 16776960
470
LINEAR
1001
GradientColor1ACI
1070
     5
1001
GradientColor2ACI
1070
     2
1001
ACAD
1010
0.0
1020
0.0
1030
0.0
  0
HATCH
  5
31B
330
1F
100
AcDbEntity
  8
00 ОКН
 62
     1
440
 33554585
100
AcDbHatch
 10
0.0
 20
0.0
 30
0.0
210
0.0
220
0.0
230
1.0
  2
SOLID
 70
     1
 71
     0
 91
        1
 92
        1
 93
        8
 72
     1
 10
25550.40508821752
 20
42010.29286784947
 11
25546.9874860089
 21
42014.33084236912
 72
     1
 10
25546.9874860089
 20
42014.33084236912
 11
25547.81264388026
 21
42015.01005366584
 72
     1
 10
25547.81264388026
 20
42015.01005366584
 11
25546.83409849613
 21
42016.28648779669
 72
     1
 10
25546.83409849613
 20
42016.28648779669
 11
25548.42411291466
 21
42017.80349736464
 72
     1
 10
25548.42411291466
 20
42017.80349736464
 11
25546.65554499103
 21
42020.0615411353
 72
     1
 10
25546.65554499103
 20
42020.0615411353
 11
25552.47970145207
 21
42024.46898935444
 72
     1
 10
25552.47970145207
 20
42024.46898935444
 11
25558.53526811535
 21
42016.89829537575
 72
     1
 10
25558.53526811535
 20
42016.89829537575
 11
25550.40508821752
 21
42010.29286784947
 97
        0
 75
     1
 76
     1
 98
        1
 10
-11.15890539338579
 20
-9.52142892962729
450
        0
451
        0
460
0.0
461
0.0
452
        0
462
1.0
453
        2
463
0.0
 63
     5
421
      255
463
1.0
 63
     2
421
 16776960
470
LINEAR
1001
GradientColor1ACI
1070
     5
1001
GradientColor2ACI
1070
     2
1001
ACAD
1010
0.0
1020
0.0
1030
0.0
  0
HATCH
  5
32A
330
1F
100
AcDbEntity
  8
00 ОКН
 62
     1
440
 33554585
100
AcDbHatch
 10
0.0
 20
0.0
 30
0.0
210
0.0
220
0.0
230
1.0
  2
SOLID
 70
     1
 71
     1
 91
        1
 92
        1
 93
        3
 72
     1
 10
25519.92572118684
 20
41941.31850746404
 11
25515.92572118684
 21
41929.31850746404
 72
     1
 10
25515.92572118684
 20
41929.31850746404
 11
25523.92572118684
 21
41929.31850746404
 72
     1
 10
25523.92572118684
 20
41929.31850746404
 11
25519.92572118684
 21
41941.31850746404
 97
        1
330
32B
 75
     1
 76
     1
 98
        1
 10
-552.9941685451303
 20
-73.05157515887549
450
        0
451
        0
460
0.0
461
0.0
452
        0
462
1.0
453
        2
463
0.0
 63
     5
421
      255
463
1.0
 63
     2
421
 16776960
470
LINEAR
1001
GradientColor1ACI
1070
     5
1001
GradientColor2ACI
1070
     2
1001
ACAD
1010
0.0
1020
0.0
1030
0.0
  0
LWPOLYLINE
  5
32B
102
{ACAD_REACTORS
330
32A
102
}
330
1F
100
AcDbEntity
  8
00 ОКН
 62
     1
100
AcDbPolyline
 90
        3
 70
     1
 43
0.0
 10
25519.92572118684
 20
41941.31850746404
 10
25515.92572118684
 20
41929.31850746404
 10
25523.92572118684
 20
41929.31850746404
  0
HATCH
  5
32C
330
1F
100
AcDbEntity
  8
00 ОКН
 62
     1
440
 33554585
100
AcDbHatch
 10
0.0
 20
0.0
 30
0.0
210
0.0
220
0.0
230
1.0
  2
SOLID
 70
     1
 71
     0
 91
        1
 92
        1
 93
        4
 72
     1
 10
25638.895
 20
41664.928
 11
25656.9724416632
 21
41660.67192870733
 72
     1
 10
25656.9724416632
 20
41660.67192870733
 11
25665.10344166319
 21
41695.20792870733
 72
     1
 10
25665.10344166319
 20
41695.20792870733
 11
25646.88777970885
 21
41699.63867975964
 72
     1
 10
25646.88777970885
 20
41699.63867975964
 11
25638.895
 21
41664.928
 97
        0
 75
     1
 76
     1
 98
        1
 10
118.8663147384504
 20
-267.6929818634962
450
        0
451
        0
460
0.0
461
0.0
452
        0
462
1.0
453
        2
463
0.0
 63
     5
421
      255
463
1.0
 63
     2
421
 16776960
470
LINEAR
1001
GradientColor1ACI
1070
     5
1001
GradientColor2ACI
1070
     2
1001
ACAD
1010
0.0
1020
0.0
1030
0.0
  0
HATCH
  5
32D
330
1F
100
AcDbEntity
  8
00 ОКН
 62
     1
440
 33554585
100
AcDbHatch
 10
0.0
 20
0.0
 30
0.0
210
0.0
220
0.0
230
1.0
  2
SOLID
 70
     1
 71
     0
 91
        1
 92
        1
 93
        6
 72
     1
 10
25939.05478588919
 20
41731.98026669563
 11
25960.29901521018
 21
41727.62166139149
 72
     1
 10
25960.29901521018
 20
41727.62166139149
 11
25962.5130931634
 21
41738.41327395803
 72
     1
 10
25962.5130931634
 20
41738.41327395803
 11
25943.29493024
 21
41742.20191946
 72
     1
 10
25943.29493024
 20
41742.20191946
 11
25943.46698554
 21
41742.98929188
 72
     1
 10
25943.46698554
 20
41742.98929188
 11
25941.4535646
 21
41743.42011908
 72
     1
 10
25941.4535646
 20
41743.42011908
 11
25939.05478588919
 21
41731.98026669563
 97
        0
 75
     1
 76
     1
 98
        1
 10
418.684983361265
 20
-222.5961885353754
450
        0
451
        0
460
0.0
461
0.0
452
        0
462
1.0
453
        2
463
0.0
 63
     5
421
      255
463
1.0
 63
     2
421
 16776960
470
LINEAR
1001
GradientColor1ACI
1070
     5
1001
GradientColor2ACI
1070
     2
1001
ACAD
1010
0.0
1020
0.0
1030
0.0
  0
HATCH
  5
32E
330
1F
100
AcDbEntity
  8
00 ОКН
 62
     1
440
 33554585
100
AcDbHatch
 10
0.0
 20
0.0
 30
0.0
210
0.0
220
0.0
230
1.0
  2
SOLID
 70
     1
 71
     0
 91
        1
 92
        1
 93
        4
 72
     1
 10
25778.36635828557
 20
41841.6084617404
 11
25791.47196271762
 21
41838.32964394936
 72
     1
 10
25791.47196271762
 20
41838.32964394936
 11
25804.13224370484
 21
41890.09131468096
 72
     1
 10
25804.13224370484
 20
41890.09131468096
 11
25790.96659698171
 21
41893.34826399162
 72
     1
 10
25790.96659698171
 20
41893.34826399162
 11
25778.36635828557
 21
41841.6084617404
 97
        0
 75
     1
 76
     1
 98
        1
 10
255.0796410443218
 20
-84.07373607211047
450
        0
451
        0
460
0.0
461
0.0
452
        0
462
1.0
453
        2
463
0.0
 63
     5
421
      255
463
1.0
 63
     2
421
 16776960
470
LINEAR
1001
GradientColor1ACI
1070
     5
1001
GradientColor2ACI
1070
     2
1001
ACAD
1010
0.0
1020
0.0
1030
0.0
  0
HATCH
  5
331
330
1F
100
AcDbEntity
  8
00 ОКН
 62
     1
440
 33554585
100
AcDbHatch
 10
0.0
 20
0.0
 30
0.0
210
0.0
220
0.0
230
1.0
  2
SOLID
 70
     1
 71
     0
 91
        1
 92
        1
 93
        8
 72
     1
 10
26172.68070582475
 20
41994.8000783234
 11
26180.46835565324
 21
41991.25392898431
 72
     1
 10
26180.46835565324
 20
41991.25392898431
 11
26192.33303944215
 21
42017.30979799561
 72
     1
 10
26192.33303944215
 20
42017.30979799561
 11
26178.02090175827
 21
42023.82690889638
 72
     1
 10
26178.02090175827
 20
42023.82690889638
 11
26174.4596996031
 21
42016.00620178541
 72
     1
 10
26174.4596996031
 20
42016.00620178541
 11
26177.767800871
 21
42014.49983961157
 72
     1
 10
26177.767800871
 20
42014.49983961157
 11
26174.37519316958
 21
42007.04938046343
 72
     1
 10
26174.37519316958
 20
42007.04938046343
 11
26177.59157975709
 21
42005.58478107558
 72
     1
 10
26177.59157975709
 20
42005.58478107558
 11
26172.68070582476
 21
41994.8000783234
 97
        0
 75
     1
 76
     1
 98
        1
 10
0.0
 20
0.0
450
        0
451
        0
460
0.0
461
0.0
452
        0
462
0.0
453
        2
463
0.0
 63
     5
421
      255
463
1.0
 63
     2
421
 16776960
470
LINEAR
1001
GradientColor1ACI
1070
     5
1001
GradientColor2ACI
1070
     2
1001
ACAD
1010
0.0
1020
0.0
1030
0.0
  0
HATCH
  5
332
330
1F
100
AcDbEntity
  8
00 ОКН
 62
     1
440
 33554585
100
AcDbHatch
 10
0.0
 20
0.0
 30
0.0
210
0.0
220
0.0
230
1.0
  2
SOLID
 70
     1
 71
     0
 91
        1
 92
        1
 93
        4
 72
     1
 10
26187.44106903868
 20
41963.96200527678
 11
26146.62820327513
 21
41982.02932677472
 72
     1
 10
26146.62820327513
 20
41982.02932677472
 11
26082.277197
 21
41837.030243
 72
     1
 10
26082.277197
 20
41837.030243
 11
26123.211972
 21
41818.907802
 72
     1
 10
26123.211972
 20
41818.907802
 11
26187.44106903868
 21
41963.96200527678
 97
        0
 75
     1
 76
     1
 98
        1
 10
628.738828208232
 20
-342.3842474760168
450
        0
451
        0
460
0.0
461
0.0
452
        0
462
1.0
453
        2
463
0.0
 63
     5
421
      255
463
1.0
 63
     2
421
 16776960
470
LINEAR
1001
GradientColor1ACI
1070
     5
1001
GradientColor2ACI
1070
     2
1001
ACAD
1010
0.0
1020
0.0
1030
0.0
  0
HATCH
  5
333
330
1F
100
AcDbEntity
  8
00 ОКН
 62
     1
440
 33554585
100
AcDbHatch
 10
0.0
 20
0.0
 30
0.0
210
0.0
220
0.0
230
1.0
  2
SOLID
 70
     1
 71
     0
 91
        1
 92
        1
 93
       12
 72
     1
 10
26009.76737987001
 20
41615.60327112001
 11
26008.32119236656
 21
41615.64942548214
 72
     1
 10
26008.32119236656
 20
41615.64942548214
 11
26008.02607727317
 21
41578.34961730707
 72
     1
 10
26008.02607727317
 20
41578.34961730707
 11
26005.4668933916
 21
41578.4149052801
 72
     1
 10
26005.4668933916
 20
41578.4149052801
 11
26005.138714
 21
41555.500925
 72
     1
 10
26005.138714
 20
41555.500925
 11
26024.256817
 21
41554.492089
 72
     1
 10
26024.256817
 20
41554.492089
 11
26024.39310996378
 21
41577.93085502998
 72
     1
 10
26024.39310996378
 20
41577.93085502998
 11
26035.54055043871
 21
41577.64768877628
 72
     1
 10
26035.54055043871
 20
41577.64768877628
 11
26036.63014841077
 21
41652.00441535221
 72
     1
 10
26036.63014841077
 20
41652.00441535221
 11
26016.38139478
 21
41652.44231336999
 72
     1
 10
26016.38139478
 20
41652.44231336999
 11
26016.37429956
 21
41650.67240776
 72
     1
 10
26016.37429956
 20
41650.67240776
 11
26010.86661785
 21
41650.82672535
 72
     1
 10
26010.86661785
 20
41650.82672535
 11
26009.76737987001
 21
41615.60327112001
 97
        0
 75
     1
 76
     1
 98
        1
 10
487.3468235939653
 20
-353.8092753786186
450
        0
451
        0
460
0.0
461
0.0
452
        0
462
1.0
453
        2
463
0.0
 63
     5
421
      255
463
1.0
 63
     2
421
 16776960
470
LINEAR
1001
GradientColor1ACI
1070
     5
1001
GradientColor2ACI
1070
     2
1001
ACAD
1010
0.0
1020
0.0
1030
0.0
  0
HATCH
  5
334
330
1F
100
AcDbEntity
  8
00 ОКН
100
AcDbHatch
 10
0.0
 20
0.0
 30
0.0
210
0.0
220
0.0
230
1.0
  2
SOLID
 70
     1
 71
     0
 91
        1
 92
        1
 93
        4
 72
     1
 10
25191.89798285794
 20
41138.87283082458
 11
25182.11980644484
 21
41149.46730625383
 72
     1
 10
25182.11980644484
 20
41149.46730625383
 11
25159.68460738145
 21
41128.25386927917
 72
     1
 10
25159.68460738145
 20
41128.25386927917
 11
25169.46278379456
 21
41117.7462350883
 72
     1
 10
25169.46278379456
 20
41117.7462350883
 11
25191.89798285794
 21
41138.87283082458
 97
        0
 75
     1
 76
     1
 98
        1
 10
25176.45132560972
 20
41135.67481258706
450
        0
451
        0
460
0.0
461
0.0
452
        0
462
1.0
453
        2
463
0.0
 63
     5
421
      255
463
1.0
 63
     2
421
 16776960
470
LINEAR
1001
GradientColor1ACI
1070
     5
1001
GradientColor2ACI
1070
     2
1001
ACAD
1010
0.0
1020
0.0
1030
0.0
  0
HATCH
  5
335
330
1F
100
AcDbEntity
  8
00 ОКН
100
AcDbHatch
 10
0.0
 20
0.0
 30
0.0
210
0.0
220
0.0
230
1.0
  2
SOLID
 70
     1
 71
     0
 91
        1
 92
        1
 93
        8
 72
     1
 10
24396.66064248284
 20
39605.83058663046
 11
24402.73744468675
 21
39622.97879428866
 72
     1
 10
24402.73744468675
 20
39622.97879428866
 11
24413.93502136118
 21
39618.88096451308
 72
     1
 10
24413.93502136118
 20
39618.88096451308
 11
24397.483274604
 21
39572.17889527711
 72
     1
 10
24397.483274604
 20
39572.17889527711
 11
24384.28592895931
 21
39576.87621673282
 72
     1
 10
24384.28592895931
 20
39576.87621673282
 11
24389.51776212637
 21
39591.27243963404
 72
     1
 10
24389.51776212637
 20
39591.27243963404
 11
24383.89862386244
 21
39593.28592322941
 72
     1
 10
24383.89862386244
 20
39593.28592322941
 11
24389.29712298988
 21
39608.56192613259
 72
     1
 10
24389.29712298988
 20
39608.56192613259
 11
24396.66064248284
 21
39605.83058663046
 97
        0
 75
     1
 76
     1
 98
        1
 10
-84.11131524904703
 20
-129.4734633904008
450
        0
451
        0
460
0.0
461
0.0
452
        0
462
1.0
453
        2
463
0.0
 63
     5
421
      255
463
1.0
 63
     2
421
 16776960
470
LINEAR
1001
GradientColor1ACI
1070
     5
1001
GradientColor2ACI
1070
     2
1001
ACAD
1010
0.0
1020
0.0
1030
0.0
  0
HATCH
  5
336
330
1F
100
AcDbEntity
  8
00 ОКН
 62
     1
440
 33554585
100
AcDbHatch
 10
0.0
 20
0.0
 30
0.0
210
0.0
220
0.0
230
1.0
  2
SOLID
 70
     1
 71
     1
 91
        1
 92
        1
 93
        3
 72
     1
 10
23340.57224544349
 20
38737.94190128185
 11
23336.57224544349
 21
38725.94190128185
 72
     1
 10
23336.57224544349
 20
38725.94190128185
 11
23344.57224544349
 21
38725.94190128185
 72
     1
 10
23344.57224544349
 20
38725.94190128185
 11
23340.57224544349
 21
38737.94190128185
 97
        1
330
337
 75
     1
 76
     1
 98
        1
 10
-2732.347644288482
 20
-3276.428181341071
450
        0
451
        0
460
0.0
461
0.0
452
        0
462
1.0
453
        2
463
0.0
 63
     5
421
      255
463
1.0
 63
     2
421
 16776960
470
LINEAR
1001
GradientColor1ACI
1070
     5
1001
GradientColor2ACI
1070
     2
1001
ACAD
1010
0.0
1020
0.0
1030
0.0
  0
LWPOLYLINE
  5
337
102
{ACAD_REACTORS
330
336
102
}
330
1F
100
AcDbEntity
  8
00 ОКН
 62
     1
100
AcDbPolyline
 90
        3
 70
     1
 43
0.0
 10
23340.57224544349
 20
38737.94190128185
 10
23336.57224544349
 20
38725.94190128185
 10
23344.57224544349
 20
38725.94190128185
  0
HATCH
  5
338
330
1F
100
AcDbEntity
  8
00 ОКН
 62
     1
440
 33554585
100
AcDbHatch
 10
0.0
 20
0.0
 30
0.0
210
0.0
220
0.0
230
1.0
  2
SOLID
 70
     1
 71
     1
 91
        1
 92
        1
 93
        3
 72
     1
 10
23477.5368854068
 20
39135.05451560846
 11
23473.5368854068
 21
39123.05451560845
 72
     1
 10
23473.5368854068
 20
39123.05451560845
 11
23481.53688540679
 21
39123.05451560845
 72
     1
 10
23481.53688540679
 20
39123.05451560845
 11
23477.5368854068
 21
39135.05451560846
 97
        1
330
339
 75
     1
 76
     1
 98
        1
 10
-2595.38300432518
 20
-2879.315567014463
450
        0
451
        0
460
0.0
461
0.0
452
        0
462
1.0
453
        2
463
0.0
 63
     5
421
      255
463
1.0
 63
     2
421
 16776960
470
LINEAR
1001
GradientColor1ACI
1070
     5
1001
GradientColor2ACI
1070
     2
1001
ACAD
1010
0.0
1020
0.0
1030
0.0
  0
LWPOLYLINE
  5
339
102
{ACAD_REACTORS
330
338
102
}
330
1F
100
AcDbEntity
  8
00 ОКН
 62
     1
100
AcDbPolyline
 90
        3
 70
     1
 43
0.0
 10
23477.5368854068
 20
39135.05451560846
 10
23473.5368854068
 20
39123.05451560845
 10
23481.53688540679
 20
39123.05451560845
  0
HATCH
  5
33A
330
1F
100
AcDbEntity
  8
00 ОКН
100
AcDbHatch
 10
0.0
 20
0.0
 30
0.0
210
0.0
220
0.0
230
1.0
  2
SOLID
 70
     1
 71
     0
 91
        1
 92
        1
 93
        4
 72
     1
 10
24557.3535
 20
39916.8086
 11
24557.566
 21
39928.66000000001
 72
     1
 10
24557.566
 20
39928.66000000001
 11
24598.0234
 21
39927.8633
 72
     1
 10
24598.0234
 20
39927.8633
 11
24597.825
 21
39916.059
 72
     1
 10
24597.825
 20
39916.059
 11
24557.3535
 21
39916.8086
 97
        0
 75
     1
 76
     1
 98
        1
 10
-10.76355998073268
 20
-165.5120488290558
450
        0
451
        0
460
0.0
461
0.0
452
        0
462
1.0
453
        2
463
0.0
 63
     5
421
      255
463
1.0
 63
     2
421
 16776960
470
LINEAR
1001
GradientColor1ACI
1070
     5
1001
GradientColor2ACI
1070
     2
1001
ACAD
1010
0.0
1020
0.0
1030
0.0
  0
HATCH
  5
33B
330
1F
100
AcDbEntity
  8
00 ОКН
 62
     1
100
AcDbHatch
 10
0.0
 20
0.0
 30
0.0
210
0.0
220
0.0
230
1.0
  2
SOLID
 70
     1
 71
     0
 91
        1
 92
        1
 93
       12
 72
     1
 10
25391.1139862013
 20
41378.36384773134
 11
25402.7023715
 21
41393.03975549999
 72
     1
 10
25402.7023715
 20
41393.03975549999
 11
25403.6036795
 21
41393.61990749999
 72
     1
 10
25403.6036795
 20
41393.61990749999
 11
25404.4739075
 21
41393.7027865
 72
     1
 10
25404.4739075
 20
41393.7027865
 11
25405.426439
 21
41393.4087305
 72
     1
 10
25405.426439
 20
41393.4087305
 11
25410.6868295
 21
41390.35739099999
 72
     1
 10
25410.6868295
 20
41390.35739099999
 11
25409.476923
 21
41388.2443685
 72
     1
 10
25409.476923
 20
41388.2443685
 11
25406.3001125
 21
41383.9637505
 72
     1
 10
25406.3001125
 20
41383.9637505
 11
25407.200094
 21
41383.2958395
 72
     1
 10
25407.200094
 20
41383.2958395
 11
25404.202655
 21
41379.30791099999
 72
     1
 10
25404.202655
 20
41379.30791099999
 11
25405.995146
 21
41377.91718499999
 72
     1
 10
25405.995146
 20
41377.91718499999
 11
25400.8719895
 21
41371.23303349999
 72
     1
 10
25400.8719895
 20
41371.23303349999
 11
25391.1139862013
 21
41378.36384773134
 97
        0
 75
     1
 76
     1
 98
        1
 10
-171.8152295586587
 20
48.61505704830779
450
        0
451
        0
460
0.0
461
0.0
452
        0
462
1.0
453
        2
463
0.0
 63
     5
421
      255
463
1.0
 63
     2
421
 16776960
470
LINEAR
1001
GradientColor1ACI
1070
     5
1001
GradientColor2ACI
1070
     2
1001
ACAD
1010
0.0
1020
0.0
1030
0.0
  0
HATCH
  5
346
330
1F
100
AcDbEntity
  8
00 ОКН
 62
     1
440
 33554585
100
AcDbHatch
 10
0.0
 20
0.0
 30
0.0
210
0.0
220
0.0
230
1.0
  2
SOLID
 70
     1
 71
     1
 91
        1
 92
        1
 93
        3
 72
     1
 10
25455.13975430889
 20
42088.88806654799
 11
25451.1397543089
 21
42076.88806654799
 72
     1
 10
25451.1397543089
 20
42076.88806654799
 11
25459.13975430889
 21
42076.88806654799
 72
     1
 10
25459.13975430889
 20
42076.88806654799
 11
25455.13975430889
 21
42088.88806654799
 97
        1
330
347
 75
     1
 76
     1
 98
        1
 10
-617.7801354230796
 20
74.51798392507772
450
        0
451
        0
460
0.0
461
0.0
452
        0
462
1.0
453
        2
463
0.0
 63
     5
421
      255
463
1.0
 63
     2
421
 16776960
470
LINEAR
1001
GradientColor1ACI
1070
     5
1001
GradientColor2ACI
1070
     2
1001
ACAD
1010
0.0
1020
0.0
1030
0.0
  0
LWPOLYLINE
  5
347
102
{ACAD_REACTORS
330
346
102
}
330
1F
100
AcDbEntity
  8
00 ОКН
 62
     1
100
AcDbPolyline
 90
        3
 70
     1
 43
0.0
 10
25455.13975430889
 20
42088.88806654799
 10
25451.1397543089
 20
42076.88806654799
 10
25459.13975430889
 20
42076.88806654799
  0
HATCH
  5
348
330
1F
100
AcDbEntity
  8
00 ОКН
 62
     1
440
 33554585
100
AcDbHatch
 10
0.0
 20
0.0
 30
0.0
210
0.0
220
0.0
230
1.0
  2
SOLID
 70
     1
 71
     1
 91
        1
 92
        1
 93
        3
 72
     1
 10
25958.81108599813
 20
41530.56752461303
 11
25954.81108599813
 21
41518.56752461303
 72
     1
 10
25954.81108599813
 20
41518.56752461303
 11
25962.81108599814
 21
41518.56752461303
 72
     1
 10
25962.81108599814
 20
41518.56752461303
 11
25958.81108599813
 21
41530.56752461303
 97
        1
330
349
 75
     1
 76
     1
 98
        1
 10
-114.1088037338377
 20
-483.8025580098838
450
        0
451
        0
460
0.0
461
0.0
452
        0
462
1.0
453
        2
463
0.0
 63
     5
421
      255
463
1.0
 63
     2
421
 16776960
470
LINEAR
1001
GradientColor1ACI
1070
     5
1001
GradientColor2ACI
1070
     2
1001
ACAD
1010
0.0
1020
0.0
1030
0.0
  0
LWPOLYLINE
  5
349
102
{ACAD_REACTORS
330
348
102
}
330
1F
100
AcDbEntity
  8
00 ОКН
 62
     1
100
AcDbPolyline
 90
        3
 70
     1
 43
0.0
 10
25958.81108599813
 20
41530.56752461303
 10
25954.81108599813
 20
41518.56752461303
 10
25962.81108599814
 20
41518.56752461303
  0
HATCH
  5
66C
330
1F
100
AcDbEntity
  8
0.1 ОКН
 62
     1
440
 33554585
100
AcDbHatch
 10
0.0
 20
0.0
 30
0.0
210
0.0
220
0.0
230
1.0
  2
SOLID
 70
     1
 71
     0
 91
        1
 92
        1
 93
        3
 72
     1
 10
26074.33718401037
 20
42015.73845408832
 11
26070.33718401036
 21
42003.73845408832
 72
     1
 10
26070.33718401036
 20
42003.73845408832
 11
26078.33718401037
 21
42003.73845408832
 72
     1
 10
26078.33718401037
 20
42003.73845408832
 11
26074.33718401037
 21
42015.73845408832
 97
        0
 75
     1
 76
     1
 98
        1
 10
0.0
 20
0.0
450
        0
451
        0
460
0.0
461
0.0
452
        0
462
0.0
453
        2
463
0.0
 63
     5
421
      255
463
1.0
 63
     2
421
 16776960
470
LINEAR
1001
GradientColor1ACI
1070
     5
1001
GradientColor2ACI
1070
     2
1001
ACAD
1010
0.0
1020
0.0
1030
0.0
  0
HATCH
  5
66D
330
1F
100
AcDbEntity
  8
0.1 ОКН
 62
     1
440
 33554585
100
AcDbHatch
 10
0.0
 20
0.0
 30
0.0
210
0.0
220
0.0
230
1.0
  2
SOLID
 70
     1
 71
     0
 91
        1
 92
        1
 93
       12
 72
     1
 10
25539.34183322306
 20
42284.57988079499
 11
25538.04264345659
 21
42286.58695097609
 72
     1
 10
25538.04264345659
 20
42286.58695097609
 11
25536.29665849602
 21
42289.28425851452
 72
     1
 10
25536.29665849602
 20
42289.28425851452
 11
25537.45742340951
 21
42290.08195553086
 72
     1
 10
25537.45742340951
 20
42290.08195553086
 11
25535.90869556082
 21
42292.36934050242
 72
     1
 10
25535.90869556082
 20
42292.36934050242
 11
25534.78652945074
 21
42291.61720097961
 72
     1
 10
25534.78652945074
 20
42291.61720097961
 11
25530.88912872603
 21
42297.63815109793
 72
     1
 10
25530.88912872603
 20
42297.63815109793
 11
25521.10706623742
 21
42291.37202571227
 72
     1
 10
25521.10706623742
 20
42291.37202571227
 11
25530.70187001309
 21
42276.96439058904
 72
     1
 10
25530.70187001309
 20
42276.96439058904
 11
25532.81009545639
 21
42278.37556004698
 72
     1
 10
25532.81009545639
 20
42278.37556004698
 11
25536.56052250167
 21
42280.88595954783
 72
     1
 10
25536.56052250167
 20
42280.88595954783
 11
25540.16930632613
 21
42283.30154822673
 72
     1
 10
25540.16930632613
 20
42283.30154822673
 11
25539.34183322306
 21
42284.57988079499
 97
        0
 75
     1
 76
     1
 98
        1
 10
0.0
 20
0.0
450
        0
451
        0
460
0.0
461
0.0
452
        0
462
1.0
453
        2
463
0.0
 63
     5
421
      255
463
1.0
 63
     2
421
 16776960
470
LINEAR
1001
GradientColor1ACI
1070
     5
1001
GradientColor2ACI
1070
     2
1001
ACAD
1010
0.0
1020
0.0
1030
0.0
  0
HATCH
  5
670
330
1F
100
AcDbEntity
  8
0.1 ОКН
 62
     1
440
 33554585
100
AcDbHatch
 10
0.0
 20
0.0
 30
0.0
210
0.0
220
0.0
230
1.0
  2
SOLID
 70
     1
 71
     0
 91
        1
 92
        1
 93
       22
 72
     1
 10
25940.2009480568
 20
42184.01848108935
 11
25938.97029604977
 21
42179.89340110589
 72
     1
 10
25938.97029604977
 20
42179.89340110589
 11
25937.06050740294
 21
42180.43852953255
 72
     1
 10
25937.06050740294
 20
42180.43852953255
 11
25932.43952139249
 21
42164.24948821987
 72
     1
 10
25932.43952139249
 20
42164.24948821987
 11
25931.82507442234
 21
42164.42613347001
 72
     1
 10
25931.82507442234
 20
42164.42613347001
 11
25930.81502366559
 21
42163.84572877246
 72
     1
 10
25930.81502366559
 20
42163.84572877246
 11
25929.65097354479
 21
42159.91642976271
 72
     1
 10
25929.65097354479
 20
42159.91642976271
 11
25930.33266148457
 21
42158.67548563496
 72
     1
 10
25930.33266148457
 20
42158.67548563496
 11
25934.3430019572
 21
42157.57439106956
 72
     1
 10
25934.3430019572
 20
42157.57439106956
 11
25934.11755114335
 21
42156.76634846053
 72
     1
 10
25934.11755114335
 20
42156.76634846053
 11
25940.60553531277
 21
42154.95614526719
 72
     1
 10
25940.60553531277
 20
42154.95614526719
 11
25940.79035740437
 21
42155.70468009736
 72
     1
 10
25940.79035740437
 20
42155.70468009736
 11
25944.80781217804
 21
42154.70339308936
 72
     1
 10
25944.80781217804
 20
42154.70339308936
 11
25945.54710184298
 21
42155.20889744501
 72
     1
 10
25945.54710184298
 20
42155.20889744501
 11
25946.95419556032
 21
42159.41224580765
 72
     1
 10
25946.95419556032
 20
42159.41224580765
 11
25946.59782858072
 21
42160.55204260404
 72
     1
 10
25946.59782858072
 20
42160.55204260404
 11
25945.86727552832
 21
42160.80137257747
 72
     1
 10
25945.86727552832
 20
42160.80137257747
 11
25949.09124885932
 21
42171.78149689658
 72
     1
 10
25949.09124885932
 20
42171.78149689658
 11
25947.09747019873
 21
42172.37932798041
 72
     1
 10
25947.09747019873
 20
42172.37932798041
 11
25948.49121509662
 21
42177.06543898082
 72
     1
 10
25948.49121509662
 20
42177.06543898082
 11
25947.08355825739
 21
42177.50348983026
 72
     1
 10
25947.08355825739
 20
42177.50348983026
 11
25948.35036279206
 21
42181.79524380547
 72
     1
 10
25948.35036279206
 20
42181.79524380547
 11
25940.2009480568
 21
42184.01848108935
 97
        0
 75
     1
 76
     1
 98
        1
 10
25935.04015227081
 20
42161.15670556193
450
        0
451
        0
460
0.0
461
0.0
452
        0
462
1.0
453
        2
463
0.0
 63
     5
421
      255
463
1.0
 63
     2
421
 16776960
470
LINEAR
1001
GradientColor1ACI
1070
     5
1001
GradientColor2ACI
1070
     2
1001
ACAD
1010
0.0
1020
0.0
1030
0.0
  0
HATCH
  5
674
330
1F
100
AcDbEntity
  8
0.1 ОКН
 62
     1
440
 33554585
100
AcDbHatch
 10
0.0
 20
0.0
 30
0.0
210
0.0
220
0.0
230
1.0
  2
SOLID
 70
     1
 71
     1
 91
        1
 92
        1
 93
        3
 72
     1
 10
26672.49990082948
 20
42111.85717411666
 11
26668.49990082948
 21
42099.85717411666
 72
     1
 10
26668.49990082948
 20
42099.85717411666
 11
26676.49990082948
 21
42099.85717411666
 72
     1
 10
26676.49990082948
 20
42099.85717411666
 11
26672.49990082948
 21
42111.85717411666
 97
        1
330
675
 75
     1
 76
     1
 98
        1
 10
599.5800110975069
 20
97.48709149374191
450
        0
451
        0
460
0.0
461
0.0
452
        0
462
1.0
453
        2
463
0.0
 63
     5
421
      255
463
1.0
 63
     2
421
 16776960
470
LINEAR
1001
GradientColor1ACI
1070
     5
1001
GradientColor2ACI
1070
     2
1001
ACAD
1010
0.0
1020
0.0
1030
0.0
  0
LWPOLYLINE
  5
675
102
{ACAD_REACTORS
330
674
102
}
330
1F
100
AcDbEntity
  8
0.1 ОКН
 62
     1
100
AcDbPolyline
 90
        3
 70
     1
 43
0.0
 10
26672.49990082948
 20
42111.85717411666
 10
26668.49990082948
 20
42099.85717411666
 10
26676.49990082948
 20
42099.85717411666
  0
HATCH
  5
676
330
1F
100
AcDbEntity
  8
0.1 ОКН
 62
     1
440
 33554585
100
AcDbHatch
 10
0.0
 20
0.0
 30
0.0
210
0.0
220
0.0
230
1.0
  2
SOLID
 70
     1
 71
     0
 91
        1
 92
        1
 93
        4
 72
     1
 10
26659.88423383024
 20
42298.75450580484
 11
26655.75954028079
 21
42283.13537337533
 72
     1
 10
26655.75954028079
 20
42283.13537337533
 11
26636.12471870023
 21
42288.13698543783
 72
     1
 10
26636.12471870023
 20
42288.13698543783
 11
26640.2947223397
 21
42303.92769529195
 72
     1
 10
26640.2947223397
 20
42303.92769529195
 11
26659.88423383024
 21
42298.75450580484
 97
        0
 75
     1
 76
     1
 98
        1
 10
217.2904939444925
 20
-143.2618417191479
450
        0
451
        0
460
0.0
461
0.0
452
        0
462
1.0
453
        2
463
0.0
 63
     5
421
      255
463
1.0
 63
     2
421
 16776960
470
LINEAR
1001
GradientColor1ACI
1070
     5
1001
GradientColor2ACI
1070
     2
1001
ACAD
1010
0.0
1020
0.0
1030
0.0
  0
HATCH
  5
677
330
1F
100
AcDbEntity
  8
0.1 ОКН
 62
     1
440
 33554585
100
AcDbHatch
 10
0.0
 20
0.0
 30
0.0
210
0.0
220
0.0
230
1.0
  2
SOLID
 70
     1
 71
     0
 91
        1
 92
        1
 93
        6
 72
     1
 10
26679.25406031646
 20
42293.63933063604
 11
26676.23268242487
 21
42282.19816516699
 72
     1
 10
26676.23268242487
 20
42282.19816516699
 11
26664.64944047629
 21
42285.25706255215
 72
     1
 10
26664.64944047629
 20
42285.25706255215
 11
26663.54612481844
 21
42281.07909559168
 72
     1
 10
26663.54612481844
 20
42281.07909559168
 11
26655.75954028089
 21
42283.1353733753
 72
     1
 10
26655.75954028089
 20
42283.1353733753
 11
26659.88423383024
 21
42298.75450580484
 72
     1
 10
26659.88423383024
 20
42298.75450580484
 11
26679.25406031646
 21
42293.63933063604
 97
        0
 75
     1
 76
     1
 98
        1
 10
241.990200388871
 20
-151.9012338784741
450
        0
451
        0
460
0.0
461
0.0
452
        0
462
1.0
453
        2
463
0.0
 63
     5
421
      255
463
1.0
 63
     2
421
 16776960
470
LINEAR
1001
GradientColor1ACI
1070
     5
1001
GradientColor2ACI
1070
     2
1001
ACAD
1010
0.0
1020
0.0
1030
0.0
  0
HATCH
  5
678
330
1F
100
AcDbEntity
  8
0.1 ОКН
 62
     1
440
 33554585
100
AcDbHatch
 10
0.0
 20
0.0
 30
0.0
210
0.0
220
0.0
230
1.0
  2
SOLID
 70
     1
 71
     0
 91
        1
 92
        1
 93
        8
 72
     1
 10
26727.97033538564
 20
42280.32275888645
 11
26741.14852777091
 21
42276.783394697
 72
     1
 10
26741.14852777091
 20
42276.783394697
 11
26736.86614547923
 21
42260.64863436858
 72
     1
 10
26736.86614547923
 20
42260.64863436858
 11
26696.70278115227
 21
42271.43620380767
 72
     1
 10
26696.70278115227
 20
42271.43620380767
 11
26700.99957498032
 21
42287.43455059404
 72
     1
 10
26700.99957498032
 20
42287.43455059404
 11
26713.57834865828
 21
42284.05617670168
 72
     1
 10
26713.57834865828
 20
42284.05617670168
 11
26713.81132436037
 21
42284.92362024776
 72
     1
 10
26713.81132436037
 20
42284.92362024776
 11
26728.17025813473
 21
42281.06713564701
 72
     1
 10
26728.17025813473
 20
42281.06713564701
 11
26727.97033538564
 21
42280.32275888645
 97
        0
 75
     1
 76
     1
 98
        1
 10
295.8725066917141
 20
-164.9258030660275
450
        0
451
        0
460
0.0
461
0.0
452
        0
462
1.0
453
        2
463
0.0
 63
     5
421
      255
463
1.0
 63
     2
421
 16776960
470
LINEAR
1001
GradientColor1ACI
1070
     5
1001
GradientColor2ACI
1070
     2
1001
ACAD
1010
0.0
1020
0.0
1030
0.0
  0
HATCH
  5
679
330
1F
100
AcDbEntity
  8
0.1 ОКН
 62
     1
440
 33554585
100
AcDbHatch
 10
0.0
 20
0.0
 30
0.0
210
0.0
220
0.0
230
1.0
  2
SOLID
 70
     1
 71
     0
 91
        1
 92
        7
 72
     0
 73
     1
 93
       69
 10
26101.95896247446
 20
42195.13140475718
 10
26102.04942455642
 20
42195.44106826571
 10
26102.77213001229
 20
42195.22994413136
 10
26103.13280059989
 20
42196.46456660704
 10
26102.41009514402
 20
42196.6756907414
 10
26102.42106836558
 20
42196.96221378653
 10
26101.8435688845
 20
42198.08305223409
 10
26101.62464397954
 20
42198.147006824
 10
26101.82985871791
 20
42198.84948364645
 10
26100.68981519072
 20
42199.18252486103
 10
26100.44985500109
 20
42198.36110982588
 10
26098.92963096142
 20
42198.80521327326
 10
26099.16959115105
 20
42199.62662830842
 10
26097.85524718564
 20
42200.01058795571
 10
26097.67435631122
 20
42199.3913748929
 10
26097.4376880245
 20
42199.38971007557
 10
26096.57635836196
 20
42198.76421235449
 10
26096.46121960212
 20
42198.41353731354
 10
26095.73851414625
 20
42198.62466144788
 10
26095.45865660146
 20
42197.66667256087
 10
26095.4364700936
 20
42197.6163572634
 10
26096.1874700936
 20
42197.3943572634
 10
26095.64947009359
 20
42195.54935726341
 10
26094.9204700936
 20
42195.7473572634
 10
26094.6894700936
 20
42194.9313572634
 10
26095.42647009359
 20
42194.72635726339
 10
26095.35847009359
 20
42194.4803572634
 10
26095.6024700936
 20
42194.4003572634
 10
26095.52847009359
 20
42194.1443572634
 10
26095.1054700936
 20
42192.6133572634
 10
26095.0164700936
 20
42192.3623572634
 10
26094.77147009359
 20
42192.4313572634
 10
26094.6914700936
 20
42192.1813572634
 10
26093.9464700936
 20
42192.38635726339
 10
26093.71847009359
 20
42191.5803572634
 10
26094.46047009359
 20
42191.3643572634
 10
26093.9454700936
 20
42189.5223572634
 10
26093.2204700936
 20
42189.72835726339
 10
26092.9564700936
 20
42188.9143572634
 10
26093.7004700936
 20
42188.6843572634
 10
26093.6214700936
 20
42188.42335726339
 10
26094.23347009359
 20
42187.2733572634
 10
26094.4964700936
 20
42187.1953572634
 10
26094.3044700936
 20
42186.4583572634
 10
26095.22261639381
 20
42186.22752019783
 10
26095.41374259424
 20
42186.90571223246
 10
26097.19340727963
 20
42186.38160115859
 10
26096.9774700936
 20
42185.6733572634
 10
26097.13647799879
 20
42185.39006246608
 10
26097.85684604254
 20
42185.18513833489
 10
26098.08062627084
 20
42185.91453645537
 10
26098.29415606095
 20
42185.86929920014
 10
26099.56110415104
 20
42186.58221234879
 10
26099.61790752949
 20
42186.78231565617
 10
26100.3134700936
 20
42186.5623572634
 10
26100.64947009359
 20
42187.77835726339
 10
26099.95292659089
 20
42188.00324107295
 10
26100.37438338501
 20
42189.40610025064
 10
26101.0474700936
 20
42189.21435726341
 10
26101.38847009359
 20
42190.42635726339
 10
26100.68685140233
 20
42190.65395711114
 10
26100.75462666616
 20
42190.90049712061
 10
26100.5445965309
 20
42190.96789416851
 10
26101.00626018271
 20
42192.62428895277
 10
26101.24750127391
 20
42192.56525980363
 10
26101.31006775639
 20
42192.80236072889
 10
26102.0144700936
 20
42192.5803572634
 10
26102.3804700936
 20
42193.8203572634
 10
26101.67075239114
 20
42194.02898302338
 97
        0
 75
     1
 76
     1
 47
0.0313899128312813
 98
        1
 10
26099.52457663231
 20
42194.72866491798
450
        0
451
        0
460
0.0
461
0.0
452
        0
462
1.0
453
        2
463
0.0
 63
     5
421
      255
463
1.0
 63
     2
421
 16776960
470
LINEAR
1001
GradientColor1ACI
1070
     5
1001
GradientColor2ACI
1070
     2
1001
ACAD
1010
0.0
1020
0.0
1030
0.0
  0
HATCH
  5
67A
330
1F
100
AcDbEntity
  8
0.1 ОКН
 62
     1
440
 33554585
100
AcDbHatch
 10
0.0
 20
0.0
 30
0.0
210
0.0
220
0.0
230
1.0
  2
SOLID
 70
     1
 71
     0
 91
        1
 92
        1
 93
        4
 72
     1
 10
26100.7564700936
 20
42177.9723572634
 11
26089.323143403
 21
42181.4546655885
 72
     1
 10
26089.323143403
 20
42181.4546655885
 11
26085.76947009368
 21
42169.73335726338
 72
     1
 10
26085.76947009368
 20
42169.73335726338
 11
26097.1956674033
 21
42166.2413441746
 72
     1
 10
26097.1956674033
 20
42166.2413441746
 11
26100.7564700936
 21
42177.9723572634
 97
        0
 75
     1
 76
     1
 98
        1
 10
0.0
 20
0.0
450
        0
451
        0
460
0.0
461
0.0
452
        0
462
1.0
453
        2
463
0.0
 63
     5
421
      255
463
1.0
 63
     2
421
 16776960
470
LINEAR
1001
GradientColor1ACI
1070
     5
1001
GradientColor2ACI
1070
     2
1001
ACAD
1010
0.0
1020
0.0
1030
0.0
  0
HATCH
  5
67B
330
1F
100
AcDbEntity
  8
0.1 ОКН
 62
     1
440
 33554585
100
AcDbHatch
 10
0.0
 20
0.0
 30
0.0
210
0.0
220
0.0
230
1.0
  2
SOLID
 70
     1
 71
     0
 91
        1
 92
        1
 93
        6
 72
     1
 10
26051.97249431484
 20
42168.05054131602
 11
26031.71990291086
 21
42173.75278322373
 72
     1
 10
26031.71990291086
 20
42173.75278322373
 11
26026.31056225362
 21
42152.7905051083
 72
     1
 10
26026.31056225362
 20
42152.7905051083
 11
26041.78177282896
 21
42148.98436024381
 72
     1
 10
26041.78177282896
 20
42148.98436024381
 11
26046.55934384596
 21
42165.57268950154
 72
     1
 10
26046.55934384596
 20
42165.57268950154
 11
26050.8988937039
 21
42164.32286456099
 72
     1
 10
26050.8988937039
 20
42164.32286456099
 11
26051.97249431484
 21
42168.05054131602
 97
        0
 75
     1
 76
     1
 98
        1
 10
26032.36997481948
 20
42155.01608767977
450
        0
451
        0
460
0.0
461
0.0
452
        0
462
1.0
453
        2
463
0.0
 63
     5
421
      255
463
1.0
 63
     2
421
 16776960
470
LINEAR
1001
GradientColor1ACI
1070
     5
1001
GradientColor2ACI
1070
     2
1001
ACAD
1010
0.0
1020
0.0
1030
0.0
  0
HATCH
  5
67C
330
1F
100
AcDbEntity
  8
0.1 ОКН
 62
     1
440
 33554585
100
AcDbHatch
 10
0.0
 20
0.0
 30
0.0
210
0.0
220
0.0
230
1.0
  2
SOLID
 70
     1
 71
     0
 91
        1
 92
        1
 93
       28
 72
     1
 10
26064.57781661978
 20
42255.51419200883
 11
26055.93002219321
 21
42257.97102971807
 72
     1
 10
26055.93002219321
 20
42257.97102971807
 11
26054.63138095712
 21
42253.39995756247
 72
     1
 10
26054.63138095712
 20
42253.39995756247
 11
26054.32990843206
 21
42253.48560588288
 72
     1
 10
26054.32990843206
 20
42253.48560588288
 11
26052.62924232874
 21
42247.49945108142
 72
     1
 10
26052.62924232874
 20
42247.49945108142
 11
26053.44655358011
 21
42247.26725301986
 72
     1
 10
26053.44655358011
 20
42247.26725301986
 11
26052.75240371005
 21
42244.82392298023
 72
     1
 10
26052.75240371005
 20
42244.82392298023
 11
26052.30575566425
 21
42244.95081565454
 72
     1
 10
26052.30575566425
 20
42244.95081565454
 11
26051.79965809506
 21
42243.1694087176
 72
     1
 10
26051.79965809506
 20
42243.1694087176
 11
26052.48762339814
 21
42242.97395782968
 72
     1
 10
26052.48762339814
 20
42242.97395782968
 11
26050.06100739704
 21
42232.99912469214
 72
     1
 10
26050.06100739704
 20
42232.99912469214
 11
26049.68418821463
 21
42233.10617899191
 72
     1
 10
26049.68418821463
 20
42233.10617899191
 11
26048.30736317932
 21
42228.25990859239
 72
     1
 10
26048.30736317932
 20
42228.25990859239
 11
26048.99176177756
 21
42228.06547100502
 72
     1
 10
26048.99176177756
 20
42228.06547100502
 11
26046.1759767371
 21
42218.15422204969
 72
     1
 10
26046.1759767371
 20
42218.15422204969
 11
26060.97551821894
 21
42213.93256987567
 72
     1
 10
26060.97551821894
 20
42213.93256987567
 11
26062.09103891026
 21
42217.84317029102
 72
     1
 10
26062.09103891026
 20
42217.84317029102
 11
26061.41887395252
 21
42218.03413230208
 72
     1
 10
26061.41887395252
 20
42218.03413230208
 11
26063.08790232025
 21
42223.90892580674
 72
     1
 10
26063.08790232025
 20
42223.90892580674
 11
26065.42349640045
 21
42223.24538371419
 72
     1
 10
26065.42349640045
 20
42223.24538371419
 11
26069.68487254127
 21
42238.24495194019
 72
     1
 10
26069.68487254127
 20
42238.24495194019
 11
26076.19638004989
 21
42236.39503317453
 72
     1
 10
26076.19638004989
 20
42236.39503317453
 11
26075.10573252395
 21
42232.55607565581
 72
     1
 10
26075.10573252395
 20
42232.55607565581
 11
26080.10002834116
 21
42231.1371966111
 72
     1
 10
26080.10002834116
 20
42231.1371966111
 11
26085.3853924709
 21
42249.74108822812
 72
     1
 10
26085.3853924709
 20
42249.74108822812
 11
26076.63098852004
 21
42252.22821369476
 72
     1
 10
26076.63098852004
 20
42252.22821369476
 11
26076.50502631606
 21
42251.78484080062
 72
     1
 10
26076.50502631606
 20
42251.78484080062
 11
26064.48821805707
 21
42255.19881507189
 72
     1
 10
26064.48821805707
 20
42255.19881507189
 11
26064.57781661978
 21
42255.51419200883
 97
        0
 75
     1
 76
     1
 98
        1
 10
26059.35312537019
 20
42230.53696068338
450
        0
451
        0
460
0.0
461
0.0
452
        0
462
1.0
453
        2
463
0.0
 63
     5
421
      255
463
1.0
 63
     2
421
 16776960
470
LINEAR
1001
GradientColor1ACI
1070
     5
1001
GradientColor2ACI
1070
     2
1001
ACAD
1010
0.0
1020
0.0
1030
0.0
  0
HATCH
  5
67D
330
1F
100
AcDbEntity
  8
0.1 ОКН
 62
     1
440
 33554585
100
AcDbHatch
 10
0.0
 20
0.0
 30
0.0
210
0.0
220
0.0
230
1.0
  2
SOLID
 70
     1
 71
     0
 91
        1
 92
        1
 93
       10
 72
     1
 10
26074.38291404327
 20
42267.00219319829
 11
26087.44745873732
 21
42263.64328874914
 72
     1
 10
26087.44745873732
 20
42263.64328874914
 11
26090.8182261113
 21
42276.75397459246
 72
     1
 10
26090.8182261113
 20
42276.75397459246
 11
26073.177080005
 21
42281.28952677067
 72
     1
 10
26073.177080005
 20
42281.28952677067
 11
26074.14763076437
 21
42285.06450875229
 72
     1
 10
26074.14763076437
 20
42285.06450875229
 11
26065.32908525094
 21
42287.28862605192
 72
     1
 10
26065.32908525094
 20
42287.28862605192
 11
26060.9981701547
 21
42270.44342110565
 72
     1
 10
26060.9981701547
 20
42270.44342110565
 11
26069.04394334126
 21
42268.37484665579
 72
     1
 10
26069.04394334126
 20
42268.37484665579
 11
26068.91750316667
 21
42267.88305436547
 72
     1
 10
26068.91750316667
 20
42267.88305436547
 11
26074.25647386869
 21
42266.51040090797
 72
     1
 10
26074.25647386869
 20
42266.51040090797
 11
26074.38291404327
 21
42267.00219319829
 97
        0
 75
     1
 76
     1
 98
        1
 10
26067.05177834854
 20
42266.71090296342
450
        0
451
        0
460
0.0
461
0.0
452
        0
462
1.0
453
        2
463
0.0
 63
     5
421
      255
463
1.0
 63
     2
421
 16776960
470
LINEAR
1001
GradientColor1ACI
1070
     5
1001
GradientColor2ACI
1070
     2
1001
ACAD
1010
0.0
1020
0.0
1030
0.0
  0
HATCH
  5
67E
330
1F
100
AcDbEntity
  8
0.1 ОКН
 62
     1
440
 33554585
100
AcDbHatch
 10
0.0
 20
0.0
 30
0.0
210
0.0
220
0.0
230
1.0
  2
SOLID
 70
     1
 71
     0
 91
        1
 92
        1
 93
       29
 72
     1
 10
26150.85667141846
 20
42231.16215367449
 11
26132.5114827757
 21
42236.59985906587
 72
     1
 10
26132.5114827757
 20
42236.59985906587
 11
26132.44228427497
 21
42236.3665010116
 72
     1
 10
26132.44228427497
 20
42236.3665010116
 11
26125.70051650731
 21
42238.36566158587
 72
     1
 10
26125.70051650731
 20
42238.36566158587
 11
26123.72466072497
 21
42231.80888286445
 72
     1
 10
26123.72466072497
 20
42231.80888286445
 11
26130.30659610136
 21
42229.76324731894
 72
     1
 10
26130.30659610136
 20
42229.76324731894
 11
26128.1329353258
 21
42222.43301264795
 72
     1
 10
26128.1329353258
 20
42222.43301264795
 11
26128.95484035532
 21
42222.18929020193
 72
     1
 10
26128.95484035532
 20
42222.18929020193
 11
26121.1042855802
 21
42195.71486997671
 72
     1
 10
26121.1042855802
 20
42195.71486997671
 11
26138.79020042607
 21
42190.47040222012
 72
     1
 10
26138.79020042607
 20
42190.47040222012
 11
26141.52957454021
 21
42199.70839157619
 72
     1
 10
26141.52957454021
 20
42199.70839157619
 11
26141.86616767774
 21
42199.60858040599
 72
     1
 10
26141.86616767774
 20
42199.60858040599
 11
26142.06065866748
 21
42200.26446223092
 72
     1
 10
26142.06065866748
 20
42200.26446223092
 11
26141.72406552996
 21
42200.36427340112
 72
     1
 10
26141.72406552996
 20
42200.36427340112
 11
26142.78134180094
 21
42203.9297254098
 72
     1
 10
26142.78134180094
 20
42203.9297254098
 11
26143.04688386458
 21
42203.85098326936
 72
     1
 10
26143.04688386458
 20
42203.85098326936
 11
26143.31242592821
 21
42204.48579606453
 72
     1
 10
26143.31242592821
 20
42204.48579606453
 11
26142.97583279069
 21
42204.58560723473
 72
     1
 10
26142.97583279069
 20
42204.58560723473
 11
26144.03592540613
 21
42208.16055679978
 72
     1
 10
26144.03592540613
 20
42208.16055679978
 11
26144.37251854365
 21
42208.06074562958
 72
     1
 10
26144.37251854365
 20
42208.06074562958
 11
26144.56700953339
 21
42208.71662745451
 72
     1
 10
26144.56700953339
 20
42208.71662745451
 11
26144.23041639587
 21
42208.81643862471
 72
     1
 10
26144.23041639587
 20
42208.81643862471
 11
26145.28251931854
 21
42212.36444455459
 72
     1
 10
26145.28251931854
 20
42212.36444455459
 11
26145.6606727571
 21
42212.40478715769
 72
     1
 10
26145.6606727571
 20
42212.40478715769
 11
26145.81360344581
 21
42212.92051520932
 72
     1
 10
26145.81360344581
 20
42212.92051520932
 11
26146.49696988253
 21
42216.45993531857
 72
     1
 10
26146.49696988253
 20
42216.45993531857
 11
26146.89673623027
 21
42216.34139116979
 72
     1
 10
26146.89673623027
 20
42216.34139116979
 11
26148.69294963358
 21
42222.39876033866
 72
     1
 10
26148.69294963358
 20
42222.39876033866
 11
26148.29318328583
 21
42222.51730448745
 72
     1
 10
26148.29318328583
 20
42222.51730448745
 11
26150.85667141846
 21
42231.16215367449
 97
        0
 75
     1
 76
     1
 98
        1
 10
26135.20530001619
 20
42205.87416795905
450
        0
451
        0
460
0.0
461
0.0
452
        0
462
1.0
453
        2
463
0.0
 63
     5
421
      255
463
1.0
 63
     2
421
 16776960
470
LINEAR
1001
GradientColor1ACI
1070
     5
1001
GradientColor2ACI
1070
     2
1001
ACAD
1010
0.0
1020
0.0
1030
0.0
  0
HATCH
  5
67F
330
1F
100
AcDbEntity
  8
0.1 ОКН
 62
     1
440
 33554585
100
AcDbHatch
 10
0.0
 20
0.0
 30
0.0
210
0.0
220
0.0
230
1.0
  2
SOLID
 70
     1
 71
     0
 91
        1
 92
        1
 93
       24
 72
     1
 10
26031.84728759869
 20
42068.55345079686
 11
26027.91729113028
 21
42057.40589877414
 72
     1
 10
26027.91729113028
 20
42057.40589877414
 11
26032.87957062168
 21
42055.52049794226
 72
     1
 10
26032.87957062168
 20
42055.52049794226
 11
26026.34435750951
 21
42036.96828004773
 72
     1
 10
26026.34435750951
 20
42036.96828004773
 11
26018.51975133854
 21
42039.45316945393
 72
     1
 10
26018.51975133854
 20
42039.45316945393
 11
26019.27251785958
 21
42042.03640324817
 72
     1
 10
26019.27251785958
 20
42042.03640324817
 11
26010.12798612849
 21
42044.9200941639
 72
     1
 10
26010.12798612849
 20
42044.9200941639
 11
26005.8353973933
 21
42030.84736973907
 72
     1
 10
26005.8353973933
 20
42030.84736973907
 11
26015.17521145626
 21
42028.036175895
 72
     1
 10
26015.17521145626
 20
42028.036175895
 11
26036.022
 21
42021.514
 72
     1
 10
26036.022
 20
42021.514
 11
26037.77277290288
 21
42026.45020184557
 72
     1
 10
26037.77277290288
 20
42026.45020184557
 11
26037.2638981694
 21
42026.60643842183
 72
     1
 10
26037.2638981694
 20
42026.60643842183
 11
26041.03263989345
 21
42038.52312336524
 72
     1
 10
26041.03263989345
 20
42038.52312336524
 11
26041.53617763552
 21
42038.35001133035
 72
     1
 10
26041.53617763552
 20
42038.35001133035
 11
26044.03182776013
 21
42046.2412064404
 72
     1
 10
26044.03182776013
 20
42046.2412064404
 11
26043.55980793777
 21
42046.39887715085
 72
     1
 10
26043.55980793777
 20
42046.39887715085
 11
26047.26162323566
 21
42058.21904243903
 72
     1
 10
26047.26162323566
 20
42058.21904243903
 11
26047.76488764007
 21
42058.04506611597
 72
     1
 10
26047.76488764007
 20
42058.04506611597
 11
26049.34712282259
 21
42063.04806169304
 72
     1
 10
26049.34712282259
 20
42063.04806169304
 11
26048.84018016252
 21
42063.21040744623
 72
     1
 10
26048.84018016252
 20
42063.21040744623
 11
26051.60198525296
 21
42071.9431791636
 72
     1
 10
26051.60198525296
 20
42071.9431791636
 11
26047.31344653997
 21
42073.42307747572
 72
     1
 10
26047.31344653997
 20
42073.42307747572
 11
26037.68173717356
 21
42076.74680879498
 72
     1
 10
26037.68173717356
 20
42076.74680879498
 11
26034.47512474343
 21
42067.45648832083
 72
     1
 10
26034.47512474343
 20
42067.45648832083
 11
26031.84728759869
 21
42068.55345079686
 97
        0
 75
     1
 76
     1
 98
        1
 10
130.0612066670983
 20
99.63609280950914
450
        0
451
        0
460
0.0
461
0.0
452
        0
462
1.0
453
        2
463
0.0
 63
     5
421
      255
463
1.0
 63
     2
421
 16776960
470
LINEAR
1001
GradientColor1ACI
1070
     5
1001
GradientColor2ACI
1070
     2
1001
ACAD
1010
0.0
1020
0.0
1030
0.0
  0
HATCH
  5
680
330
1F
100
AcDbEntity
  8
0.1 ОКН
 62
     1
440
 33554585
100
AcDbHatch
 10
0.0
 20
0.0
 30
0.0
210
0.0
220
0.0
230
1.0
  2
SOLID
 70
     1
 71
     0
 91
        1
 92
        1
 93
       16
 72
     1
 10
26033.75233711756
 20
42117.89977622164
 11
26019.65403992955
 21
42121.24620463118
 72
     1
 10
26019.65403992955
 20
42121.24620463118
 11
26017.79313331665
 21
42113.38117412097
 72
     1
 10
26017.79313331665
 20
42113.38117412097
 11
26018.79060286369
 21
42113.15943705735
 72
     1
 10
26018.79060286369
 20
42113.15943705735
 11
26018.02412183171
 21
42109.60205527973
 72
     1
 10
26018.02412183171
 20
42109.60205527973
 11
26017.06580521558
 21
42109.76954642772
 72
     1
 10
26017.06580521558
 20
42109.76954642772
 11
26015.40721302819
 21
42102.40740582743
 72
     1
 10
26015.40721302819
 20
42102.40740582743
 11
26016.44526966336
 21
42102.17398860979
 72
     1
 10
26016.44526966336
 20
42102.17398860979
 11
26015.515435513
 21
42097.6479975688
 72
     1
 10
26015.515435513
 20
42097.6479975688
 11
26021.38801153675
 21
42096.50717411537
 72
     1
 10
26021.38801153675
 20
42096.50717411537
 11
26021.805041676
 21
42098.89788890491
 72
     1
 10
26021.805041676
 20
42098.89788890491
 11
26027.4015124947
 21
42097.92165492876
 72
     1
 10
26027.4015124947
 20
42097.92165492876
 11
26029.75176067076
 21
42109.25206890025
 72
     1
 10
26029.75176067076
 20
42109.25206890025
 11
26035.47155528099
 21
42108.06562179567
 72
     1
 10
26035.47155528099
 20
42108.06562179567
 11
26037.35292200504
 21
42117.267787046
 72
     1
 10
26037.35292200504
 20
42117.267787046
 11
26033.82164951959
 21
42118.17081958634
 72
     1
 10
26033.82164951959
 20
42118.17081958634
 11
26033.75233711756
 21
42117.89977622164
 97
        0
 75
     1
 76
     1
 98
        1
 10
26026.24309801622
 20
42098.36907884164
450
        0
451
        0
460
0.0
461
0.0
452
        0
462
1.0
453
        2
463
0.0
 63
     5
421
      255
463
1.0
 63
     2
421
 16776960
470
LINEAR
1001
GradientColor1ACI
1070
     5
1001
GradientColor2ACI
1070
     2
1001
ACAD
1010
0.0
1020
0.0
1030
0.0
  0
HATCH
  5
681
330
1F
100
AcDbEntity
  8
0.1 ОКН
 62
     1
440
 33554585
100
AcDbHatch
 10
0.0
 20
0.0
 30
0.0
210
0.0
220
0.0
230
1.0
  2
SOLID
 70
     1
 71
     0
 91
        1
 92
        1
 93
       11
 72
     1
 10
26004.77596627937
 20
42146.75462627474
 11
26008.57033140679
 21
42161.59359151934
 72
     1
 10
26008.57033140679
 20
42161.59359151934
 11
25993.50423412802
 21
42165.16635745494
 72
     1
 10
25993.50423412802
 20
42165.16635745494
 11
25993.37873405554
 21
42164.61722658983
 72
     1
 10
25993.37873405554
 20
42164.61722658983
 11
25992.43387045172
 21
42163.780827226
 72
     1
 10
25992.43387045172
 20
42163.780827226
 11
25991.86695163309
 21
42161.75728201799
 72
     1
 10
25991.86695163309
 20
42161.75728201799
 11
25992.35288204905
 21
42160.43523158636
 72
     1
 10
25992.35288204905
 20
42160.43523158636
 11
25993.12870774872
 21
42160.24841976686
 72
     1
 10
25993.12870774872
 20
42160.24841976686
 11
25988.35335420708
 21
42141.01905739898
 72
     1
 10
25988.35335420708
 20
42141.01905739898
 11
26003.08670802189
 21
42137.27167172719
 72
     1
 10
26003.08670802189
 20
42137.27167172719
 11
26005.22038955408
 21
42146.64079263758
 72
     1
 10
26005.22038955408
 20
42146.64079263758
 11
26004.77596627937
 21
42146.75462627474
 97
        0
 75
     1
 76
     1
 98
        1
 10
25998.99556113828
 20
42141.91568845623
450
        0
451
        0
460
0.0
461
0.0
452
        0
462
1.0
453
        2
463
0.0
 63
     5
421
      255
463
1.0
 63
     2
421
 16776960
470
LINEAR
1001
GradientColor1ACI
1070
     5
1001
GradientColor2ACI
1070
     2
1001
ACAD
1010
0.0
1020
0.0
1030
0.0
  0
HATCH
  5
682
330
1F
100
AcDbEntity
  8
0.1 ОКН
 62
     1
440
 33554585
100
AcDbHatch
 10
0.0
 20
0.0
 30
0.0
210
0.0
220
0.0
230
1.0
  2
SOLID
 70
     1
 71
     0
 91
        1
 92
        1
 93
       12
 72
     1
 10
25935.7950978282
 20
42018.42362314765
 11
25919.88740321578
 21
42022.2227719311
 72
     1
 10
25919.88740321578
 20
42022.2227719311
 11
25915.39373885981
 21
42005.54772657809
 72
     1
 10
25915.39373885981
 20
42005.54772657809
 11
25912.25827715775
 21
41994.95866882909
 72
     1
 10
25912.25827715775
 20
41994.95866882909
 11
25960.077945687
 21
41982.73248407684
 72
     1
 10
25960.077945687
 20
41982.73248407684
 11
25964.08915901722
 21
41985.02671758929
 72
     1
 10
25964.08915901722
 20
41985.02671758929
 11
25973.29543892072
 21
42021.9025974584
 72
     1
 10
25973.29543892072
 20
42021.9025974584
 11
25948.43346925774
 21
42027.67547722702
 72
     1
 10
25948.43346925774
 20
42027.67547722702
 11
25945.20510150139
 21
42014.31349367571
 72
     1
 10
25945.20510150139
 20
42014.31349367571
 11
25955.23607353577
 21
42011.60798566006
 72
     1
 10
25955.23607353577
 20
42011.60798566006
 11
25952.17757054262
 21
41999.46740551132
 72
     1
 10
25952.17757054262
 20
41999.46740551132
 11
25932.28483249069
 21
42004.13390044019
 72
     1
 10
25932.28483249069
 20
42004.13390044019
 11
25935.7950978282
 21
42018.42362314765
 97
        0
 75
     1
 76
     1
 98
        1
 10
25926.02849078831
 20
41995.27035836321
450
        0
451
        0
460
0.0
461
0.0
452
        0
462
1.0
453
        2
463
0.0
 63
     5
421
      255
463
1.0
 63
     2
421
 16776960
470
LINEAR
1001
GradientColor1ACI
1070
     5
1001
GradientColor2ACI
1070
     2
1001
ACAD
1010
0.0
1020
0.0
1030
0.0
  0
HATCH
  5
683
330
1F
100
AcDbEntity
  8
0.1 ОКН
 62
     1
440
 33554585
100
AcDbHatch
 10
0.0
 20
0.0
 30
0.0
210
0.0
220
0.0
230
1.0
  2
SOLID
 70
     1
 71
     0
 91
        1
 92
        1
 93
       30
 72
     1
 10
25977.26390482219
 20
42233.69305241896
 11
25971.06915017603
 21
42235.30053434036
 72
     1
 10
25971.06915017603
 20
42235.30053434036
 11
25969.88089146509
 21
42230.84047145097
 72
     1
 10
25969.88089146509
 20
42230.84047145097
 11
25969.14092675883
 21
42231.02535618932
 72
     1
 10
25969.14092675883
 20
42231.02535618932
 11
25967.76358571926
 21
42225.60813736931
 72
     1
 10
25967.76358571926
 20
42225.60813736931
 11
25968.50258342593
 21
42225.46042288307
 72
     1
 10
25968.50258342593
 20
42225.46042288307
 11
25966.84800120002
 21
42218.71075610421
 72
     1
 10
25966.84800120002
 20
42218.71075610421
 11
25983.99010996752
 21
42214.1704985033
 72
     1
 10
25983.99010996752
 20
42214.1704985033
 11
25983.88372189422
 21
42213.70827216145
 72
     1
 10
25983.88372189422
 20
42213.70827216145
 11
25984.57874361496
 21
42213.55040280855
 72
     1
 10
25984.57874361496
 20
42213.55040280855
 11
25984.67419872515
 21
42213.97969964177
 72
     1
 10
25984.67419872515
 20
42213.97969964177
 11
25987.44930338611
 21
42213.1923429013
 72
     1
 10
25987.44930338611
 20
42213.1923429013
 11
25987.53776410299
 21
42213.59905342351
 72
     1
 10
25987.53776410299
 20
42213.59905342351
 11
25989.27158265599
 21
42213.15697720052
 72
     1
 10
25989.27158265599
 20
42213.15697720052
 11
25989.69619209738
 21
42214.99601721649
 72
     1
 10
25989.69619209738
 20
42214.99601721649
 11
25993.53668497851
 21
42213.88862807856
 72
     1
 10
25993.53668497851
 20
42213.88862807856
 11
25995.61861800281
 21
42222.13621621899
 72
     1
 10
25995.61861800281
 20
42222.13621621899
 11
25996.28266398033
 21
42222.04775822445
 72
     1
 10
25996.28266398033
 20
42222.04775822445
 11
25996.37642908378
 21
42222.70336463648
 72
     1
 10
25996.37642908378
 20
42222.70336463648
 11
25997.8301
 21
42222.3594
 72
     1
 10
25997.8301
 20
42222.3594
 11
25999.0703
 21
42227.05859999999
 72
     1
 10
25999.0703
 20
42227.05859999999
 11
25997.5901749073
 21
42227.38878068478
 72
     1
 10
25997.5901749073
 20
42227.38878068478
 11
25997.87017113089
 21
42228.46147755341
 72
     1
 10
25997.87017113089
 20
42228.46147755341
 11
25981.26624826526
 21
42232.60605933376
 72
     1
 10
25981.26624826526
 20
42232.60605933376
 11
25981.66707615479
 21
42234.07674175169
 72
     1
 10
25981.66707615479
 20
42234.07674175169
 11
25980.68809081124
 21
42234.33549613998
 72
     1
 10
25980.68809081124
 20
42234.33549613998
 11
25980.75026100826
 21
42234.563323029
 72
     1
 10
25980.75026100826
 20
42234.563323029
 11
25978.60641418683
 21
42235.13050874574
 72
     1
 10
25978.60641418683
 20
42235.13050874574
 11
25978.53300754219
 21
42234.86966032693
 72
     1
 10
25978.53300754219
 20
42234.86966032693
 11
25977.65213655768
 21
42235.09790299599
 72
     1
 10
25977.65213655768
 20
42235.09790299599
 11
25977.26390482219
 21
42233.69305241896
 97
        0
 75
     1
 76
     1
 98
        1
 10
25977.54309512589
 20
42214.55344492353
450
        0
451
        0
460
0.0
461
0.0
452
        0
462
1.0
453
        2
463
0.0
 63
     5
421
      255
463
1.0
 63
     2
421
 16776960
470
LINEAR
1001
GradientColor1ACI
1070
     5
1001
GradientColor2ACI
1070
     2
1001
ACAD
1010
0.0
1020
0.0
1030
0.0
  0
HATCH
  5
684
330
1F
100
AcDbEntity
  8
0.1 ОКН
 62
     1
440
 33554585
100
AcDbHatch
 10
0.0
 20
0.0
 30
0.0
210
0.0
220
0.0
230
1.0
  2
SOLID
 70
     1
 71
     0
 91
        1
 92
        1
 93
       24
 72
     1
 10
26020.18815337515
 20
42315.66573891162
 11
26016.00979563026
 21
42316.73673626033
 72
     1
 10
26016.00979563026
 20
42316.73673626033
 11
26015.70535637094
 21
42315.59681749793
 72
     1
 10
26015.70535637094
 20
42315.59681749793
 11
26011.28465686096
 21
42316.77745819697
 72
     1
 10
26011.28465686096
 20
42316.77745819697
 11
26011.55750367893
 21
42317.79908467104
 72
     1
 10
26011.55750367893
 20
42317.79908467104
 11
26006.87596646497
 21
42319.1229295093
 72
     1
 10
26006.87596646497
 20
42319.1229295093
 11
25988.70497179077
 21
42247.77858473375
 72
     1
 10
25988.70497179077
 20
42247.77858473375
 11
25986.4562079564
 21
42248.3604133923
 72
     1
 10
25986.4562079564
 20
42248.3604133923
 11
25985.9201861784
 21
42246.2938664715
 72
     1
 10
25985.9201861784
 20
42246.2938664715
 11
25988.17020461354
 21
42245.71171320674
 72
     1
 10
25988.17020461354
 20
42245.71171320674
 11
25987.1347344468
 21
42241.7096280081
 72
     1
 10
25987.1347344468
 20
42241.7096280081
 11
26000.75160239609
 21
42238.18649948232
 72
     1
 10
26000.75160239609
 20
42238.18649948232
 11
26001.9577632046
 21
42242.84830285821
 72
     1
 10
26001.9577632046
 20
42242.84830285821
 11
26002.636230427
 21
42242.66911804424
 72
     1
 10
26002.636230427
 20
42242.66911804424
 11
26005.55331630405
 21
42254.33546257017
 72
     1
 10
26005.55331630405
 20
42254.33546257017
 11
26009.38034583618
 21
42253.35506707442
 72
     1
 10
26009.38034583618
 20
42253.35506707442
 11
26010.59503335484
 21
42258.59924965348
 72
     1
 10
26010.59503335484
 20
42258.59924965348
 11
26007.01418894896
 21
42259.55932464748
 72
     1
 10
26007.01418894896
 20
42259.55932464748
 11
26010.17706283925
 21
42271.86931101588
 72
     1
 10
26010.17706283925
 20
42271.86931101588
 11
26011.39128503222
 21
42271.53976790477
 72
     2
 10
26011.58582642413
 20
42276.27747007443
 40
4.741694655032461
 50
267.6486191185107
 51
426.6323923663499
 73
     1
 72
     1
 10
26013.4665198981
 20
42280.63024622977
 11
26012.45314687592
 21
42280.91186473444
 72
     1
 10
26012.45314687592
 20
42280.91186473444
 11
26019.9263615549
 21
42309.58445261107
 72
     1
 10
26019.9263615549
 20
42309.58445261107
 11
26018.75033765402
 21
42309.93693668382
 72
     1
 10
26018.75033765402
 20
42309.93693668382
 11
26020.18815337515
 21
42315.66573891162
 97
        0
 75
     1
 76
     1
 98
        1
 10
26004.66422337949
 20
42268.77052367079
450
        0
451
        0
460
0.0
461
0.0
452
        0
462
1.0
453
        2
463
0.0
 63
     5
421
      255
463
1.0
 63
     2
421
 16776960
470
LINEAR
1001
GradientColor1ACI
1070
     5
1001
GradientColor2ACI
1070
     2
1001
ACAD
1010
0.0
1020
0.0
1030
0.0
  0
HATCH
  5
685
330
1F
100
AcDbEntity
  8
0.1 ОКН
 62
     1
440
 33554585
100
AcDbHatch
 10
0.0
 20
0.0
 30
0.0
210
0.0
220
0.0
230
1.0
  2
SOLID
 70
     1
 71
     0
 91
        1
 92
        1
 93
       30
 72
     1
 10
26097.37677974273
 20
42339.84436624515
 11
26101.68
 21
42357.099
 72
     1
 10
26101.68
 20
42357.099
 11
26102.446
 21
42356.917
 72
     1
 10
26102.446
 20
42356.917
 11
26103.896
 21
42362.552
 72
     1
 10
26103.896
 20
42362.552
 11
26095.85049786122
 21
42364.60414941539
 72
     1
 10
26095.85049786122
 20
42364.60414941539
 11
26096.09494224492
 21
42365.58045542994
 72
     1
 10
26096.09494224492
 20
42365.58045542994
 11
26091.764
 21
42366.706
 72
     1
 10
26091.764
 20
42366.706
 11
26091.50856658916
 21
42365.68988955557
 72
     1
 10
26091.50856658916
 20
42365.68988955557
 11
26084.164
 21
42367.585
 72
     1
 10
26084.164
 20
42367.585
 11
26083.91972123793
 21
42366.68312693327
 72
     1
 10
26083.91972123793
 20
42366.68312693327
 11
26083.455
 21
42366.809
 72
     1
 10
26083.455
 20
42366.809
 11
26082.651
 21
42363.59799999999
 72
     1
 10
26082.651
 20
42363.59799999999
 11
26083.18918011631
 21
42363.46324546449
 72
     1
 10
26083.18918011631
 20
42363.46324546449
 11
26082.952
 21
42362.516
 72
     1
 10
26082.952
 20
42362.516
 11
26083.35889099147
 21
42362.41488093947
 72
     1
 10
26083.35889099147
 20
42362.41488093947
 11
26077.27291209446
 21
42337.92563059853
 72
     1
 10
26077.27291209446
 20
42337.92563059853
 11
26076.826
 21
42338.038
 72
     1
 10
26076.826
 20
42338.038
 11
26076.60349798683
 21
42337.16602318835
 72
     1
 10
26076.60349798683
 20
42337.16602318835
 11
26076.034
 21
42337.307
 72
     1
 10
26076.034
 20
42337.307
 11
26075.237
 21
42334.078
 72
     1
 10
26075.237
 20
42334.078
 11
26075.77447494275
 21
42333.94518765893
 72
     1
 10
26075.77447494275
 20
42333.94518765893
 11
26075.555
 21
42333.05699999999
 72
     1
 10
26075.555
 20
42333.05699999999
 11
26076.02619622565
 21
42332.93852471479
 72
     1
 10
26076.02619622565
 20
42332.93852471479
 11
26074.657
 21
42327.493
 72
     1
 10
26074.657
 20
42327.493
 11
26085.395
 21
42324.865
 72
     1
 10
26085.395
 20
42324.865
 11
26085.6151551333
 21
42325.76455320447
 72
     1
 10
26085.6151551333
 20
42325.76455320447
 11
26101.087
 21
42321.97799999999
 72
     1
 10
26101.087
 20
42321.97799999999
 11
26103.392
 21
42331.09099999999
 72
     1
 10
26103.392
 20
42331.09099999999
 11
26096.15934291201
 21
42332.92039477534
 72
     1
 10
26096.15934291201
 20
42332.92039477534
 11
26097.82120301744
 21
42339.73053260799
 72
     1
 10
26097.82120301744
 20
42339.73053260799
 11
26097.37677974273
 21
42339.84436624515
 97
        0
 75
     1
 76
     1
 98
        1
 10
26091.59637460164
 20
42335.00542842663
450
        0
451
        0
460
0.0
461
0.0
452
        0
462
1.0
453
        2
463
0.0
 63
     5
421
      255
463
1.0
 63
     2
421
 16776960
470
LINEAR
1001
GradientColor1ACI
1070
     5
1001
GradientColor2ACI
1070
     2
1001
ACAD
1010
0.0
1020
0.0
1030
0.0
  0
HATCH
  5
686
330
1F
100
AcDbEntity
  8
0.1 ОКН
 62
     1
440
 33554585
100
AcDbHatch
 10
0.0
 20
0.0
 30
0.0
210
0.0
220
0.0
230
1.0
  2
SOLID
 70
     1
 71
     0
 91
        1
 92
        1
 93
       30
 72
     1
 10
26025.12017501287
 20
42386.10773448195
 11
26024.67789761945
 21
42386.22272718891
 72
     1
 10
26024.67789761945
 20
42386.22272718891
 11
26023.04080935265
 21
42379.92626586892
 72
     1
 10
26023.04080935265
 20
42379.92626586892
 11
26023.6427470591
 21
42379.76976126952
 72
     1
 10
26023.6427470591
 20
42379.76976126952
 11
26020.27566860392
 21
42366.81952536321
 72
     1
 10
26020.27566860392
 20
42366.81952536321
 11
26019.73938216386
 21
42366.95896054657
 72
     1
 10
26019.73938216386
 20
42366.95896054657
 11
26018.15384068393
 21
42360.86075509118
 72
     1
 10
26018.15384068393
 20
42360.86075509118
 11
26018.6929005054
 21
42360.72059882499
 72
     1
 10
26018.6929005054
 20
42360.72059882499
 11
26015.25762620656
 21
42347.50807254592
 72
     1
 10
26015.25762620656
 20
42347.50807254592
 11
26014.75173926667
 21
42347.63281836935
 72
     1
 10
26014.75173926667
 20
42347.63281836935
 11
26013.27341328992
 21
42341.63770138662
 72
     1
 10
26013.27341328992
 20
42341.63770138662
 11
26013.72305472569
 21
42341.52682504899
 72
     1
 10
26013.72305472569
 20
42341.52682504899
 11
26011.52399300592
 21
42332.60887835175
 72
     1
 10
26011.52399300592
 20
42332.60887835175
 11
26024.17375560797
 21
42329.17772821228
 72
     1
 10
26024.17375560797
 20
42329.17772821228
 11
26026.60361230517
 21
42338.55975377634
 72
     1
 10
26026.60361230517
 20
42338.55975377634
 11
26028.60684113582
 21
42339.32537283578
 72
     1
 10
26028.60684113582
 20
42339.32537283578
 11
26029.36300334851
 21
42342.29992777527
 72
     1
 10
26029.36300334851
 20
42342.29992777527
 11
26027.9641496779
 21
42343.91409215899
 72
     1
 10
26027.9641496779
 20
42343.91409215899
 11
26031.45740422898
 21
42357.77149924042
 72
     1
 10
26031.45740422898
 20
42357.77149924042
 11
26033.52550987025
 21
42358.55662010472
 72
     1
 10
26033.52550987025
 20
42358.55662010472
 11
26034.14591835119
 21
42361.28392289999
 72
     1
 10
26034.14591835119
 20
42361.28392289999
 11
26033.00537478569
 21
42363.00044640377
 72
     1
 10
26033.00537478569
 20
42363.00044640377
 11
26036.5309595489
 21
42377.11527618842
 72
     1
 10
26036.5309595489
 20
42377.11527618842
 11
26038.5907090738
 21
42377.99717393823
 72
     1
 10
26038.5907090738
 20
42377.99717393823
 11
26039.28953904365
 21
42380.93687394989
 72
     1
 10
26039.28953904365
 20
42380.93687394989
 11
26038.04228919853
 21
42382.86473268398
 72
     1
 10
26038.04228919853
 20
42382.86473268398
 11
26040.37060500885
 21
42391.95441985332
 72
     1
 10
26040.37060500885
 20
42391.95441985332
 11
26025.37237858497
 21
42395.84803635932
 72
     1
 10
26025.37237858497
 20
42395.84803635932
 11
26024.77368079979
 21
42393.54536427784
 72
     1
 10
26024.77368079979
 20
42393.54536427784
 11
26026.90958031635
 21
42392.99002758
 72
     1
 10
26026.90958031635
 20
42392.99002758
 11
26025.12017501287
 21
42386.10773448195
 97
        0
 75
     1
 76
     1
 98
        1
 10
26024.22829571666
 20
42358.80917668274
450
        0
451
        0
460
0.0
461
0.0
452
        0
462
1.0
453
        2
463
0.0
 63
     5
421
      255
463
1.0
 63
     2
421
 16776960
470
LINEAR
1001
GradientColor1ACI
1070
     5
1001
GradientColor2ACI
1070
     2
1001
ACAD
1010
0.0
1020
0.0
1030
0.0
  0
HATCH
  5
687
330
1F
100
AcDbEntity
  8
0.1 ОКН
 62
     1
440
 33554585
100
AcDbHatch
 10
0.0
 20
0.0
 30
0.0
210
0.0
220
0.0
230
1.0
  2
SOLID
 70
     1
 71
     1
 91
        1
 92
        1
 93
        3
 72
     1
 10
26074.33718401037
 20
42015.73845408832
 11
26070.33718401036
 21
42003.73845408832
 72
     1
 10
26070.33718401036
 20
42003.73845408832
 11
26078.33718401037
 21
42003.73845408832
 72
     1
 10
26078.33718401037
 20
42003.73845408832
 11
26074.33718401037
 21
42015.73845408832
 97
        1
330
688
 75
     1
 76
     1
 98
        1
 10
0.0
 20
0.0
450
        0
451
        0
460
0.0
461
0.0
452
        0
462
0.0
453
        2
463
0.0
 63
     5
421
      255
463
1.0
 63
     2
421
 16776960
470
LINEAR
1001
GradientColor1ACI
1070
     5
1001
GradientColor2ACI
1070
     2
1001
ACAD
1010
0.0
1020
0.0
1030
0.0
  0
LWPOLYLINE
  5
688
102
{ACAD_REACTORS
330
687
102
}
330
1F
100
AcDbEntity
  8
0.1 ОКН
 62
     1
100
AcDbPolyline
 90
        3
 70
     1
 43
0.0
 10
26074.33718401037
 20
42015.73845408832
 10
26070.33718401036
 20
42003.73845408832
 10
26078.33718401037
 20
42003.73845408832
  0
HATCH
  5
689
330
1F
100
AcDbEntity
  8
0.1 ОКН
 62
     1
440
 33554585
100
AcDbHatch
 10
0.0
 20
0.0
 30
0.0
210
0.0
220
0.0
230
1.0
  2
SOLID
 70
     1
 71
     1
 91
        1
 92
        1
 93
        3
 72
     1
 10
26760.64394219582
 20
42062.85170940689
 11
26756.64394219582
 21
42050.85170940689
 72
     1
 10
26756.64394219582
 20
42050.85170940689
 11
26764.64394219582
 21
42050.85170940689
 72
     1
 10
26764.64394219582
 20
42050.85170940689
 11
26760.64394219582
 21
42062.85170940689
 97
        1
330
68A
 75
     1
 76
     1
 98
        1
 10
687.7240524638437
 20
48.48162678397784
450
        0
451
        0
460
0.0
461
0.0
452
        0
462
1.0
453
        2
463
0.0
 63
     5
421
      255
463
1.0
 63
     2
421
 16776960
470
LINEAR
1001
GradientColor1ACI
1070
     5
1001
GradientColor2ACI
1070
     2
1001
ACAD
1010
0.0
1020
0.0
1030
0.0
  0
LWPOLYLINE
  5
68A
102
{ACAD_REACTORS
330
689
102
}
330
1F
100
AcDbEntity
  8
0.1 ОКН
 62
     1
100
AcDbPolyline
 90
        3
 70
     1
 43
0.0
 10
26760.64394219582
 20
42062.85170940689
 10
26756.64394219582
 20
42050.85170940689
 10
26764.64394219582
 20
42050.85170940689
  0
HATCH
  5
68B
330
1F
100
AcDbEntity
  8
0.1 ОКН
 62
     1
440
 33554585
100
AcDbHatch
 10
0.0
 20
0.0
 30
0.0
210
0.0
220
0.0
230
1.0
  2
SOLID
 70
     1
 71
     1
 91
        1
 92
        1
 93
        3
 72
     1
 10
26672.49990082948
 20
42111.85717411666
 11
26668.49990082948
 21
42099.85717411666
 72
     1
 10
26668.49990082948
 20
42099.85717411666
 11
26676.49990082948
 21
42099.85717411666
 72
     1
 10
26676.49990082948
 20
42099.85717411666
 11
26672.49990082948
 21
42111.85717411666
 97
        1
330
68C
 75
     1
 76
     1
 98
        1
 10
599.5800110975069
 20
97.48709149374191
450
        0
451
        0
460
0.0
461
0.0
452
        0
462
1.0
453
        2
463
0.0
 63
     5
421
      255
463
1.0
 63
     2
421
 16776960
470
LINEAR
1001
GradientColor1ACI
1070
     5
1001
GradientColor2ACI
1070
     2
1001
ACAD
1010
0.0
1020
0.0
1030
0.0
  0
LWPOLYLINE
  5
68C
102
{ACAD_REACTORS
330
68B
102
}
330
1F
100
AcDbEntity
  8
0.1 ОКН
 62
     1
100
AcDbPolyline
 90
        3
 70
     1
 43
0.0
 10
26672.49990082948
 20
42111.85717411666
 10
26668.49990082948
 20
42099.85717411666
 10
26676.49990082948
 20
42099.85717411666
  0
HATCH
  5
68E
330
1F
100
AcDbEntity
  8
0.1 ОКН
 62
     1
440
 33554585
100
AcDbHatch
 10
0.0
 20
0.0
 30
0.0
210
0.0
220
0.0
230
1.0
  2
SOLID
 70
     1
 71
     0
 91
        1
 92
        1
 93
       17
 72
     1
 10
26499.99999995864
 20
43202.91585234636
 11
26504.02038460836
 21
43216.75604594415
 72
     1
 10
26504.02038460836
 20
43216.75604594415
 11
26515.57219382935
 21
43213.36999608758
 72
     1
 10
26515.57219382935
 20
43213.36999608758
 11
26511.63346659171
 21
43199.58880171418
 72
     1
 10
26511.63346659171
 20
43199.58880171418
 11
26508.22028017277
 21
43200.49170862558
 72
     1
 10
26508.22028017277
 20
43200.49170862558
 11
26507.89020786191
 21
43201.42083765455
 72
     1
 10
26507.89020786191
 20
43201.42083765455
 11
26508.24465780769
 21
43202.40972892563
 72
     1
 10
26508.24465780769
 20
43202.40972892563
 11
26505.74539455091
 21
43203.24815201321
 72
     1
 10
26505.74539455091
 20
43203.24815201321
 11
26505.22479067766
 21
43201.69627903764
 72
     1
 10
26505.22479067766
 20
43201.69627903764
 11
26506.06091821996
 21
43201.36293381276
 72
     1
 10
26506.06091821996
 20
43201.36293381276
 11
26506.38106050545
 21
43200.3946183233
 72
     1
 10
26506.38106050545
 20
43200.3946183233
 11
26505.71722099059
 21
43198.34339784665
 72
     1
 10
26505.71722099059
 20
43198.34339784665
 11
26507.57025320771
 21
43197.67500505125
 72
     1
 10
26507.57025320771
 20
43197.67500505125
 11
26500.0
 21
43171.90803553406
 72
     1
 10
26500.0
 20
43171.90803553406
 11
26499.66873462449
 21
43170.06975742792
 72
     1
 10
26499.66873462449
 20
43170.06975742792
 11
26491.53437588804
 21
43172.43311919612
 72
     1
 10
26491.53437588804
 20
43172.43311919612
 11
26495.94559867116
 21
43188.5302933136
 72
     1
 10
26495.94559867116
 20
43188.5302933136
 11
26499.99999995864
 21
43202.91585234636
 97
        0
 75
     1
 76
     1
 98
        1
 10
0.0
 20
0.0
450
        0
451
        0
460
0.0
461
0.0
452
        0
462
1.0
453
        2
463
0.0
 63
     5
421
      255
463
1.0
 63
     2
421
 16776960
470
LINEAR
1001
GradientColor1ACI
1070
     5
1001
GradientColor2ACI
1070
     2
1001
ACAD
1010
0.0
1020
0.0
1030
0.0
  0
HATCH
  5
68F
330
1F
100
AcDbEntity
  8
0.1 ОКН
 62
     1
440
 33554585
100
AcDbHatch
 10
0.0
 20
0.0
 30
0.0
210
0.0
220
0.0
230
1.0
  2
SOLID
 70
     1
 71
     0
 91
        1
 92
        1
 93
        8
 72
     1
 10
26621.63787578923
 20
43106.72275146844
 11
26641.45939748737
 21
43100.87956597978
 72
     1
 10
26641.45939748737
 20
43100.87956597978
 11
26638.44323702778
 21
43090.5991336275
 72
     1
 10
26638.44323702778
 20
43090.5991336275
 11
26626.03420001826
 21
43094.24923820359
 72
     1
 10
26626.03420001826
 20
43094.24923820359
 11
26625.60072843175
 21
43092.53502840075
 72
     1
 10
26625.60072843175
 20
43092.53502840075
 11
26623.67
 21
43093.06
 72
     1
 10
26623.67
 20
43093.06
 11
26624.2241974726
 21
43095.01034879781
 72
     1
 10
26624.2241974726
 20
43095.01034879781
 11
26618.74
 21
43096.55
 72
     1
 10
26618.74
 20
43096.55
 11
26621.63787578923
 21
43106.72275146844
 97
        0
 75
     1
 76
     1
 98
        1
 10
0.0
 20
0.0
450
        0
451
        0
460
0.0
461
0.0
452
        0
462
1.0
453
        2
463
0.0
 63
     5
421
      255
463
1.0
 63
     2
421
 16776960
470
LINEAR
1001
GradientColor1ACI
1070
     5
1001
GradientColor2ACI
1070
     2
1001
ACAD
1010
0.0
1020
0.0
1030
0.0
  0
HATCH
  5
690
330
1F
100
AcDbEntity
  8
0.1 ОКН
 62
     1
440
 33554585
100
AcDbHatch
 10
0.0
 20
0.0
 30
0.0
210
0.0
220
0.0
230
1.0
  2
SOLID
 70
     1
 71
     0
 91
        1
 92
        1
 93
       12
 72
     1
 10
27697.9667005362
 20
42477.26861981863
 11
27683.34986694093
 21
42473.10245533499
 72
     1
 10
27683.34986694093
 20
42473.10245533499
 11
27688.45280824177
 21
42455.32016104882
 72
     1
 10
27688.45280824177
 20
42455.32016104882
 11
27692.45712348406
 21
42456.49241207376
 72
     1
 10
27692.45712348406
 20
42456.49241207376
 11
27693.84483957102
 21
42454.97342653377
 72
     1
 10
27693.84483957102
 20
42454.97342653377
 11
27696.30888517671
 21
42455.71875455417
 72
     1
 10
27696.30888517671
 20
42455.71875455417
 11
27696.63682053644
 21
42457.84382004493
 72
     1
 10
27696.63682053644
 20
42457.84382004493
 11
27700.52103995777
 21
42458.98561668517
 72
     1
 10
27700.52103995777
 20
42458.98561668517
 11
27698.30561975962
 21
42466.56869694642
 72
     1
 10
27698.30561975962
 20
42466.56869694642
 11
27701.44826616045
 21
42467.52045301056
 72
     1
 10
27701.44826616045
 20
42467.52045301056
 11
27700.37447951645
 21
42471.35043503287
 72
     1
 10
27700.37447951645
 20
42471.35043503287
 11
27699.69645664738
 21
42471.1998346478
 72
     1
 10
27699.69645664738
 20
42471.1998346478
 11
27697.9667005362
 21
42477.26861981863
 97
        0
 75
     1
 76
     1
 98
        1
 10
0.0
 20
0.0
450
        0
451
        0
460
0.0
461
0.0
452
        0
462
1.0
453
        2
463
0.0
 63
     5
421
      255
463
1.0
 63
     2
421
 16776960
470
LINEAR
1001
GradientColor1ACI
1070
     5
1001
GradientColor2ACI
1070
     2
1001
ACAD
1010
0.0
1020
0.0
1030
0.0
  0
HATCH
  5
691
330
1F
100
AcDbEntity
  8
0.1 ОКН
 62
     1
440
 33554585
100
AcDbHatch
 10
0.0
 20
0.0
 30
0.0
210
0.0
220
0.0
230
1.0
  2
SOLID
 70
     1
 71
     0
 91
        1
 92
        1
 93
       31
 72
     1
 10
27722.59498105199
 20
42445.26234196442
 11
27722.73339902163
 21
42444.87904403522
 72
     1
 10
27722.73339902163
 20
42444.87904403522
 11
27721.41514964866
 21
42444.39654726011
 72
     1
 10
27721.41514964866
 20
42444.39654726011
 11
27724.12874373276
 21
42436.74982070158
 72
     1
 10
27724.12874373276
 20
42436.74982070158
 11
27718.37618318535
 21
42434.60899306203
 72
     1
 10
27718.37618318535
 20
42434.60899306203
 11
27718.25250700567
 21
42435.04173735324
 72
     1
 10
27718.25250700567
 20
42435.04173735324
 11
27708.78168568851
 21
42431.61086233868
 72
     1
 10
27708.78168568851
 20
42431.61086233868
 11
27709.37521576569
 21
42429.86530475439
 72
     1
 10
27709.37521576569
 20
42429.86530475439
 11
27702.30301882273
 21
42427.28194859479
 72
     1
 10
27702.30301882273
 20
42427.28194859479
 11
27701.84079354938
 21
42427.43587433868
 72
     1
 10
27701.84079354938
 20
42427.43587433868
 11
27701.22472435534
 21
42429.25765937902
 72
     1
 10
27701.22472435534
 20
42429.25765937902
 11
27696.08109552128
 21
42427.47837590343
 72
     1
 10
27696.08109552128
 20
42427.47837590343
 11
27695.37217158425
 21
42425.82385879821
 72
     1
 10
27695.37217158425
 20
42425.82385879821
 11
27693.73327386773
 21
42425.16814940821
 72
     1
 10
27693.73327386773
 20
42425.16814940821
 11
27691.84332808445
 21
42425.82244669253
 72
     1
 10
27691.84332808445
 20
42425.82244669253
 11
27691.17701076444
 21
42427.70818825198
 72
     1
 10
27691.17701076444
 20
42427.70818825198
 11
27691.90993444096
 21
42429.24207967069
 72
     1
 10
27691.90993444096
 20
42429.24207967069
 11
27688.81155890291
 21
42438.01077792215
 72
     1
 10
27688.81155890291
 20
42438.01077792215
 11
27687.44258780211
 21
42438.30389585946
 72
     1
 10
27687.44258780211
 20
42438.30389585946
 11
27686.48970966538
 21
42441.14854403745
 72
     1
 10
27686.48970966538
 20
42441.14854403745
 11
27687.30349089585
 21
42442.28773678187
 72
     1
 10
27687.30349089585
 20
42442.28773678187
 11
27686.85555166605
 21
42443.50812624692
 72
     1
 10
27686.85555166605
 20
42443.50812624692
 11
27693.23912732941
 21
42445.85119298738
 72
     1
 10
27693.23912732941
 20
42445.85119298738
 11
27692.83843910715
 21
42446.99902423294
 72
     1
 10
27692.83843910715
 20
42446.99902423294
 11
27698.21812175213
 21
42448.93003452072
 72
     1
 10
27698.21812175213
 20
42448.93003452072
 11
27699.1083590753
 21
42446.56359407498
 72
     1
 10
27699.1083590753
 20
42446.56359407498
 11
27709.0689149469
 21
42450.13650028073
 72
     1
 10
27709.0689149469
 20
42450.13650028073
 11
27708.56854655271
 21
42451.58897864429
 72
     1
 10
27708.56854655271
 20
42451.58897864429
 11
27711.88029412257
 21
42452.70815373525
 72
     1
 10
27711.88029412257
 20
42452.70815373525
 11
27712.38054693154
 21
42451.35089574255
 72
     1
 10
27712.38054693154
 20
42451.35089574255
 11
27719.4803687408
 21
42453.88712133578
 72
     1
 10
27719.4803687408
 20
42453.88712133578
 11
27722.59498105199
 21
42445.26234196442
 97
        0
 75
     1
 76
     1
 98
        1
 10
0.0
 20
0.0
450
        0
451
        0
460
0.0
461
0.0
452
        0
462
1.0
453
        2
463
0.0
 63
     5
421
      255
463
1.0
 63
     2
421
 16776960
470
LINEAR
1001
GradientColor1ACI
1070
     5
1001
GradientColor2ACI
1070
     2
1001
ACAD
1010
0.0
1020
0.0
1030
0.0
  0
HATCH
  5
692
330
1F
100
AcDbEntity
  8
0.1 ОКН
 62
     1
440
 33554585
100
AcDbHatch
 10
0.0
 20
0.0
 30
0.0
210
0.0
220
0.0
230
1.0
  2
SOLID
 70
     1
 71
     0
 91
        1
 92
        1
 93
       37
 72
     1
 10
27750.0
 20
42470.87981819794
 11
27745.65140421
 21
42469.22239723494
 72
     1
 10
27745.65140421
 20
42469.22239723494
 11
27746.04254457634
 21
42468.10565221388
 72
     1
 10
27746.04254457634
 20
42468.10565221388
 11
27741.3493225211
 21
42466.37461109984
 72
     1
 10
27741.3493225211
 20
42466.37461109984
 11
27740.51491285661
 21
42468.69609525227
 72
     1
 10
27740.51491285661
 20
42468.69609525227
 11
27737.45988004847
 21
42467.65084544588
 72
     1
 10
27737.45988004847
 20
42467.65084544588
 11
27736.77180126572
 21
42469.63135242073
 72
     1
 10
27736.77180126572
 20
42469.63135242073
 11
27732.79208674045
 21
42468.28490184419
 72
     1
 10
27732.79208674045
 20
42468.28490184419
 11
27733.48536685786
 21
42466.20629678411
 72
     1
 10
27733.48536685786
 20
42466.20629678411
 11
27728.00454715007
 21
42464.00964148589
 72
     1
 10
27728.00454715007
 20
42464.00964148589
 11
27727.84099407135
 21
42463.3560166299
 72
     1
 10
27727.84099407135
 20
42463.3560166299
 11
27730.3725414424
 21
42456.47642477174
 72
     1
 10
27730.3725414424
 20
42456.47642477174
 11
27730.82840952893
 21
42456.62824019177
 72
     1
 10
27730.82840952893
 20
42456.62824019177
 11
27732.40776590178
 21
42452.4606063507
 72
     1
 10
27732.40776590178
 20
42452.4606063507
 11
27732.1529005035
 21
42451.61168061318
 72
     1
 10
27732.1529005035
 20
42451.61168061318
 11
27732.11048072973
 21
42450.82638433771
 72
     1
 10
27732.11048072973
 20
42450.82638433771
 11
27732.2452423456
 21
42450.3683974776
 72
     1
 10
27732.2452423456
 20
42450.3683974776
 11
27732.32281076901
 21
42450.10478147351
 72
     1
 10
27732.32281076901
 20
42450.10478147351
 11
27732.7687385271
 21
42449.63788830517
 72
     1
 10
27732.7687385271
 20
42449.63788830517
 11
27733.40584423019
 21
42449.25585573598
 72
     1
 10
27733.40584423019
 20
42449.25585573598
 11
27733.97926248002
 21
42449.06483945139
 72
     1
 10
27733.97926248002
 20
42449.06483945139
 11
27734.48887769136
 21
42449.00120998933
 72
     1
 10
27734.48887769136
 20
42449.00120998933
 11
27735.29589365998
 21
42449.21345741102
 72
     1
 10
27735.29589365998
 20
42449.21345741102
 11
27735.86919632459
 21
42449.59542603099
 72
     1
 10
27735.86919632459
 20
42449.59542603099
 11
27736.25143662941
 21
42450.10478147351
 72
     1
 10
27736.25143662941
 20
42450.10478147351
 11
27736.37881153593
 21
42450.38072230646
 72
     1
 10
27736.37881153593
 20
42450.38072230646
 11
27738.77916968837
 21
42451.22510765021
 72
     1
 10
27738.77916968837
 20
42451.22510765021
 11
27739.28670436585
 21
42449.8102953702
 72
     1
 10
27739.28670436585
 20
42449.8102953702
 11
27745.67509917901
 21
42452.08931724847
 72
     1
 10
27745.67509917901
 20
42452.08931724847
 11
27745.13277335191
 21
42453.5974953723
 72
     1
 10
27745.13277335191
 20
42453.5974953723
 11
27750.0
 21
42455.3756748525
 72
     1
 10
27750.0
 20
42455.3756748525
 11
27757.60973493144
 21
42458.15579492564
 72
     1
 10
27757.60973493144
 20
42458.15579492564
 11
27755.37235193166
 21
42463.48634511601
 72
     1
 10
27755.37235193166
 20
42463.48634511601
 11
27755.9917730969
 21
42463.77961618436
 72
     1
 10
27755.9917730969
 20
42463.77961618436
 11
27754.64023518212
 21
42467.10350417376
 72
     1
 10
27754.64023518212
 20
42467.10350417376
 11
27754.19858407698
 21
42466.94036974389
 72
     1
 10
27754.19858407698
 20
42466.94036974389
 11
27752.24415368264
 21
42471.73515346879
 72
     1
 10
27752.24415368264
 20
42471.73515346879
 11
27750.0
 21
42470.87981819794
 97
        0
 75
     1
 76
     1
 98
        1
 10
0.0
 20
0.0
450
        0
451
        0
460
0.0
461
0.0
452
        0
462
1.0
453
        2
463
0.0
 63
     5
421
      255
463
1.0
 63
     2
421
 16776960
470
LINEAR
1001
GradientColor1ACI
1070
     5
1001
GradientColor2ACI
1070
     2
1001
ACAD
1010
0.0
1020
0.0
1030
0.0
  0
HATCH
  5
693
330
1F
100
AcDbEntity
  8
0.1 ОКН
 62
     1
440
 33554585
100
AcDbHatch
 10
0.0
 20
0.0
 30
0.0
210
0.0
220
0.0
230
1.0
  2
SOLID
 70
     1
 71
     0
 91
        1
 92
        1
 93
        9
 72
     1
 10
27518.3926
 20
42436.77729999999
 11
27515.5586
 21
42444.58589999999
 72
     1
 10
27515.5586
 20
42444.58589999999
 11
27518.6406
 21
42445.8086
 72
     1
 10
27518.6406
 20
42445.8086
 11
27518.4941
 21
42446.2305
 72
     1
 10
27518.4941
 20
42446.2305
 11
27529.6543
 21
42450.04299999999
 72
     1
 10
27529.6543
 20
42450.04299999999
 11
27533.5254
 21
42451.4141
 72
     1
 10
27533.5254
 20
42451.4141
 11
27536.0117
 21
42444.62109999999
 72
     1
 10
27536.0117
 20
42444.62109999999
 11
27533.2793
 21
42443.6445
 72
     1
 10
27533.2793
 20
42443.6445
 11
27533.8262
 21
42442.1016
 72
     1
 10
27533.8262
 20
42442.1016
 11
27518.3926
 21
42436.77729999999
 97
        0
 75
     1
 76
     1
 98
        1
 10
0.0
 20
0.0
450
        0
451
        0
460
0.0
461
0.0
452
        0
462
1.0
453
        2
463
0.0
 63
     5
421
      255
463
1.0
 63
     2
421
 16776960
470
LINEAR
1001
GradientColor1ACI
1070
     5
1001
GradientColor2ACI
1070
     2
1001
ACAD
1010
0.0
1020
0.0
1030
0.0
  0
HATCH
  5
694
330
1F
100
AcDbEntity
  8
0.1 ОКН
 62
     1
440
 33554585
100
AcDbHatch
 10
0.0
 20
0.0
 30
0.0
210
0.0
220
0.0
230
1.0
  2
SOLID
 70
     1
 71
     0
 91
        1
 92
        1
 93
        9
 72
     1
 10
27535.09336230333
 20
42413.60760014074
 11
27539.8047
 21
42415.1523
 72
     1
 10
27539.8047
 20
42415.1523
 11
27535.8223
 21
42427.6094
 72
     1
 10
27535.8223
 20
42427.6094
 11
27534.5332
 21
42427.1914
 72
     1
 10
27534.5332
 20
42427.1914
 11
27514.418
 21
42420.9688
 72
     1
 10
27514.418
 20
42420.9688
 11
27518.4277
 21
42408.4883
 72
     1
 10
27518.4277
 20
42408.4883
 11
27523.04856402246
 21
42409.9287938881
 72
     1
 10
27523.04856402246
 20
42409.9287938881
 11
27523.31827172695
 21
42408.93937620249
 72
     1
 10
27523.31827172695
 20
42408.93937620249
 11
27535.3735416743
 21
42412.67122921115
 72
     1
 10
27535.3735416743
 20
42412.67122921115
 11
27535.09336230333
 21
42413.60760014074
 97
        0
 75
     1
 76
     1
 98
        1
 10
0.0
 20
0.0
450
        0
451
        0
460
0.0
461
0.0
452
        0
462
1.0
453
        2
463
0.0
 63
     5
421
      255
463
1.0
 63
     2
421
 16776960
470
LINEAR
1001
GradientColor1ACI
1070
     5
1001
GradientColor2ACI
1070
     2
1001
ACAD
1010
0.0
1020
0.0
1030
0.0
  0
HATCH
  5
695
330
1F
100
AcDbEntity
  8
0.1 ОКН
 62
     1
440
 33554585
100
AcDbHatch
 10
0.0
 20
0.0
 30
0.0
210
0.0
220
0.0
230
1.0
  2
SOLID
 70
     1
 71
     0
 91
        1
 92
        1
 93
        6
 72
     1
 10
27504.91788128131
 20
42304.91144568564
 11
27510.85344408804
 21
42306.97804393984
 72
     1
 10
27510.85344408804
 20
42306.97804393984
 11
27509.83511569766
 21
42310.13190325695
 72
     1
 10
27509.83511569766
 20
42310.13190325695
 11
27519.53474615853
 21
42313.26034157426
 72
     1
 10
27519.53474615853
 20
42313.26034157426
 11
27522.2948247713
 21
42303.58717240335
 72
     1
 10
27522.2948247713
 20
42303.58717240335
 11
27506.8358033066
 21
42298.88539176297
 72
     1
 10
27506.8358033066
 20
42298.88539176297
 11
27504.91788128131
 21
42304.91144568564
 97
        0
 75
     1
 76
     1
 98
        1
 10
0.0
 20
0.0
450
        0
451
        0
460
0.0
461
0.0
452
        0
462
1.0
453
        2
463
0.0
 63
     5
421
      255
463
1.0
 63
     2
421
 16776960
470
LINEAR
1001
GradientColor1ACI
1070
     5
1001
GradientColor2ACI
1070
     2
1001
ACAD
1010
0.0
1020
0.0
1030
0.0
  0
HATCH
  5
696
330
1F
100
AcDbEntity
  8
0.1 ОКН
 62
     1
440
 33554585
100
AcDbHatch
 10
0.0
 20
0.0
 30
0.0
210
0.0
220
0.0
230
1.0
  2
SOLID
 70
     1
 71
     0
 91
        1
 92
        1
 93
        8
 72
     1
 10
27532.10390320987
 20
42295.91761234805
 11
27554.1068886701
 21
42303.33381952947
 72
     1
 10
27554.1068886701
 20
42303.33381952947
 11
27557.05098534509
 21
42294.5463401586
 72
     1
 10
27557.05098534509
 20
42294.5463401586
 11
27551.87437165925
 21
42292.86850428384
 72
     1
 10
27551.87437165925
 20
42292.86850428384
 11
27551.3570574593
 21
42294.46456967234
 72
     1
 10
27551.3570574593
 20
42294.46456967234
 11
27539.27466958306
 21
42290.3166501616
 72
     1
 10
27539.27466958306
 20
42290.3166501616
 11
27539.70398719178
 21
42289.06609989001
 72
     1
 10
27539.70398719178
 20
42289.06609989001
 11
27535.01054766202
 21
42287.50080244576
 72
     1
 10
27535.01054766202
 20
42287.50080244576
 11
27532.10390320987
 21
42295.91761234805
 97
        0
 75
     1
 76
     1
 98
        1
 10
0.0
 20
0.0
450
        0
451
        0
460
0.0
461
0.0
452
        0
462
1.0
453
        2
463
0.0
 63
     5
421
      255
463
1.0
 63
     2
421
 16776960
470
LINEAR
1001
GradientColor1ACI
1070
     5
1001
GradientColor2ACI
1070
     2
1001
ACAD
1010
0.0
1020
0.0
1030
0.0
  0
HATCH
  5
697
330
1F
100
AcDbEntity
  8
0.1 ОКН
 62
     1
440
 33554585
100
AcDbHatch
 10
0.0
 20
0.0
 30
0.0
210
0.0
220
0.0
230
1.0
  2
SOLID
 70
     1
 71
     0
 91
        1
 92
        7
 72
     1
 73
     1
 93
       25
 10
29680.61465506562
 20
41991.86553763751
 42
0.0
 10
29675.73520207518
 20
41991.25597817141
 42
0.0
 10
29660.7005639494
 20
41989.37779510315
 42
0.0
 10
29659.58783431418
 20
41989.15998005134
 42
0.1442052738050651
 10
29656.30717084807
 20
41987.18016637134
 42
0.0
 10
29655.66970294542
 20
41985.78792235796
 42
0.0
 10
29654.14892277707
 20
41979.07302314245
 42
0.0
 10
29652.9491938591
 20
41973.42938354014
 42
0.0
 10
29652.34388320529
 20
41970.55286295697
 42
0.0
 10
29650.5417308083
 20
41962.5726739707
 42
0.0
 10
29652.58622364321
 20
41962.0970242362
 42
0.0
 10
29663.62964828931
 20
41959.68593166604
 42
0.0
 10
29663.69436993596
 20
41959.97889686287
 42
0.0
 10
29663.69421528381
 20
41959.97893091519
 42
0.0
 10
29664.8297186058
 20
41965.13593695226
 42
0.0
 10
29665.42457952541
 20
41967.81076176744
 42
0.0
 10
29667.47409932417
 20
41967.35765705928
 42
0.0
 10
29668.24338570348
 20
41971.06661055976
 42
0.0
 10
29666.23328003354
 20
41971.50001504017
 42
0.0
 10
29667.08067713744
 20
41975.04605232484
 42
0.0
 10
29669.39063006029
 20
41975.47063254597
 42
0.0
 10
29669.4152833975
 20
41974.89147449299
 42
0.0
 10
29673.37215735142
 20
41975.2981171104
 42
0.0
 10
29673.36191035233
 20
41975.86858457286
 42
0.0
 10
29681.01851324101
 20
41976.77200710183
 42
0.0
 97
        0
 75
     1
 76
     1
 47
0.0606508153754527
 98
        1
 10
29662.50096200512
 20
41980.97488265644
450
        0
451
        0
460
0.0
461
0.0
452
        0
462
1.0
453
        2
463
0.0
 63
     5
421
      255
463
1.0
 63
     2
421
 16776960
470
LINEAR
1001
GradientColor1ACI
1070
     5
1001
GradientColor2ACI
1070
     2
1001
ACAD
1010
0.0
1020
0.0
1030
0.0
  0
HATCH
  5
698
330
1F
100
AcDbEntity
  8
0.1 ОКН
 62
     1
440
 33554585
100
AcDbHatch
 10
0.0
 20
0.0
 30
0.0
210
0.0
220
0.0
230
1.0
  2
SOLID
 70
     1
 71
     0
 91
        1
 92
        1
 93
        4
 72
     1
 10
29865.28000050283
 20
42121.39000017018
 11
29852.54000050283
 21
42120.09000017017
 72
     1
 10
29852.54000050283
 20
42120.09000017017
 11
29853.86977029625
 21
42100.64336672509
 72
     1
 10
29853.86977029625
 20
42100.64336672509
 11
29866.93000050283
 21
42101.78000017017
 72
     1
 10
29866.93000050283
 20
42101.78000017017
 11
29865.28000050283
 21
42121.39000017018
 97
        0
 75
     1
 76
     1
 98
        1
 10
29861.02733616304
 20
42110.81722522655
450
        0
451
        0
460
0.0
461
0.0
452
        0
462
1.0
453
        2
463
0.0
 63
     5
421
      255
463
1.0
 63
     2
421
 16776960
470
LINEAR
1001
GradientColor1ACI
1070
     5
1001
GradientColor2ACI
1070
     2
1001
ACAD
1010
0.0
1020
0.0
1030
0.0
  0
HATCH
  5
699
102
{ACAD_XDICTIONARY
360
69A
102
}
330
1F
100
AcDbEntity
  8
0.1 ОКН
 62
     1
440
 33554585
100
AcDbHatch
 10
0.0
 20
0.0
 30
0.0
210
0.0
220
0.0
230
1.0
  2
SOLID
 70
     1
 71
     0
 91
        2
 92
        7
 72
     0
 73
     1
 93
       33
 10
30093.15504175634
 20
41851.77789260426
 10
30066.30913287996
 20
41848.6724921917
 10
30065.76844557292
 20
41851.85779559067
 10
30057.31605166603
 20
41850.74235387697
 10
30057.77485145307
 20
41847.22565089233
 10
30041.37154659094
 20
41845.08562575791
 10
30041.12960473556
 20
41846.64205824368
 10
30033.74571695847
 20
41845.49425933496
 10
30033.98242342775
 20
41843.97150653221
 10
30013.28303605448
 20
41840.75386090219
 10
30012.90686182357
 20
41843.42392197126
 10
30016.28676095405
 20
41846.30108860876
 10
30015.81732966011
 20
41850.78884059671
 10
30013.56406210028
 20
41852.3837927169
 10
30004.81448526079
 20
41850.6764880864
 10
30005.59686633218
 20
41844.62505750308
 10
30009.61121823486
 20
41843.08446047153
 10
30010.01104576476
 20
41840.17563860076
 10
30000.00000119236
 20
41838.79958623282
 10
30000.00000119236
 20
41829.85195900061
 10
30006.72111632618
 20
41830.84928763823
 10
30008.9523620343
 20
41814.06467549142
 10
30019.17890964991
 20
41815.67500652815
 10
30017.29875708036
 20
41832.45314350894
 10
30032.98450304092
 20
41834.51590767946
 10
30035.11907175961
 20
41818.28414297502
 10
30044.98200696701
 20
41819.26798861533
 10
30042.90259763576
 20
41836.5348519257
 10
30059.1123089854
 20
41838.16940675845
 10
30060.77413578029
 20
41821.6892421788
 10
30070.25389338933
 20
41822.645161953
 10
30068.99785251033
 20
41835.10118954172
 10
30095.03565221887
 20
41837.81365271615
 97
        0
 92
        7
 72
     0
 73
     1
 93
        8
 10
30000.00000119236
 20
41838.79958623282
 10
29997.75909982591
 20
41838.4915666641
 10
29997.63814084693
 20
41839.60675761948
 10
29979.04515861234
 20
41837.59007326928
 10
29981.08017831038
 20
41820.99513678122
 10
29999.04213517253
 20
41823.33019877706
 10
29998.11587452036
 20
41829.57237838794
 10
30000.00000119236
 20
41829.85195900061
 97
        0
 75
     1
 76
     1
 47
0.2005051775485605
 98
        2
 10
30064.91319378765
 20
41842.08290721026
 10
29985.66318368359
 20
41832.65923063463
450
        0
451
        0
460
0.0
461
0.0
452
        0
462
1.0
453
        2
463
0.0
 63
     5
421
      255
463
1.0
 63
     2
421
 16776960
470
LINEAR
1001
GradientColor1ACI
1070
     5
1001
GradientColor2ACI
1070
     2
1001
AcadAnnotative
1000
AnnotativeData
1002
{
1070
     1
1070
     0
1002
}
1001
ACAD
1010
0.0
1020
0.0
1030
0.0
  0
HATCH
  5
69E
330
1F
100
AcDbEntity
  8
0.1 ОКН
 62
     1
440
 33554585
100
AcDbHatch
 10
0.0
 20
0.0
 30
0.0
210
0.0
220
0.0
230
1.0
  2
SOLID
 70
     1
 71
     0
 91
        1
 92
        1
 93
        4
 72
     1
 10
30215.32699048746
 20
41914.56251599543
 11
30230.35436805276
 21
41915.56552700118
 72
     1
 10
30230.35436805276
 20
41915.56552700118
 11
30233.80985904501
 21
41862.43400533303
 72
     1
 10
30233.80985904501
 20
41862.43400533303
 11
30219.24387291222
 21
41861.48668381287
 72
     1
 10
30219.24387291222
 20
41861.48668381287
 11
30215.32699048746
 21
41914.56251599543
 97
        0
 75
     1
 76
     1
 98
        1
 10
0.0
 20
0.0
450
        0
451
        0
460
0.0
461
0.0
452
        0
462
1.0
453
        2
463
0.0
 63
     5
421
      255
463
1.0
 63
     2
421
 16776960
470
LINEAR
1001
GradientColor1ACI
1070
     5
1001
GradientColor2ACI
1070
     2
1001
ACAD
1010
0.0
1020
0.0
1030
0.0
  0
HATCH
  5
69F
330
1F
100
AcDbEntity
  8
0.1 ОКН
 62
     1
440
 33554585
100
AcDbHatch
 10
0.0
 20
0.0
 30
0.0
210
0.0
220
0.0
230
1.0
  2
SOLID
 70
     1
 71
     0
 91
        1
 92
        1
 93
        8
 72
     1
 10
30130.48402454335
 20
41906.67211691094
 11
30175.00623486928
 21
41910.31290762504
 72
     1
 10
30175.00623486928
 20
41910.31290762504
 11
30176.11312453917
 21
41894.87542122098
 72
     1
 10
30176.11312453917
 20
41894.87542122098
 11
30162.60281283841
 21
41893.90671271059
 72
     1
 10
30162.60281283841
 20
41893.90671271059
 11
30162.48498908276
 21
41895.54996828997
 72
     1
 10
30162.48498908276
 20
41895.54996828997
 11
30144.75626556727
 21
41894.00807717243
 72
     1
 10
30144.75626556727
 20
41894.00807717243
 11
30144.93219447111
 21
41891.98523985343
 72
     1
 10
30144.93219447111
 20
41891.98523985343
 11
30131.8866494774
 21
41891.04616519313
 72
     1
 10
30131.8866494774
 20
41891.04616519313
 11
30130.48402454335
 21
41906.67211691094
 97
        0
 75
     1
 76
     1
 98
        1
 10
0.0
 20
0.0
450
        0
451
        0
460
0.0
461
0.0
452
        0
462
1.0
453
        2
463
0.0
 63
     5
421
      255
463
1.0
 63
     2
421
 16776960
470
LINEAR
1001
GradientColor1ACI
1070
     5
1001
GradientColor2ACI
1070
     2
1001
ACAD
1010
0.0
1020
0.0
1030
0.0
  0
HATCH
  5
6A0
330
1F
100
AcDbEntity
  8
0.1 ОКН
 62
     1
440
 33554585
100
AcDbHatch
 10
0.0
 20
0.0
 30
0.0
210
0.0
220
0.0
230
1.0
  2
SOLID
 70
     1
 71
     0
 91
        1
 92
        1
 93
       12
 72
     1
 10
30038.90500714377
 20
41896.34054969872
 11
30081.38225880858
 21
41899.97945779897
 72
     1
 10
30081.38225880858
 20
41899.97945779897
 11
30081.18430355193
 21
41902.29020460081
 72
     1
 10
30081.18430355193
 20
41902.29020460081
 11
30088.19685368934
 21
41902.89095028228
 72
     1
 10
30088.19685368934
 20
41902.89095028228
 11
30089.89224638504
 21
41884.9843666157
 72
     1
 10
30089.89224638504
 20
41884.9843666157
 11
30082.33391605635
 21
41884.26874501698
 72
     1
 10
30082.33391605635
 20
41884.26874501698
 11
30082.19423551193
 21
41885.74403824054
 72
     1
 10
30082.19423551193
 20
41885.74403824054
 11
30040.10682675675
 21
41882.36121230171
 72
     1
 10
30040.10682675675
 20
41882.36121230171
 11
30040.27976510643
 21
41880.20960085498
 72
     1
 10
30040.27976510643
 20
41880.20960085498
 11
30032.73147968765
 21
41879.60289836452
 72
     1
 10
30032.73147968765
 20
41879.60289836452
 11
30031.51625440271
 21
41897.83772879942
 72
     1
 10
30031.51625440271
 20
41897.83772879942
 11
30038.77300112426
 21
41898.32134076027
 72
     1
 10
30038.77300112426
 20
41898.32134076027
 11
30038.90500714377
 21
41896.34054969872
 97
        0
 75
     1
 76
     1
 98
        1
 10
0.0
 20
0.0
450
        0
451
        0
460
0.0
461
0.0
452
        0
462
1.0
453
        2
463
0.0
 63
     5
421
      255
463
1.0
 63
     2
421
 16776960
470
LINEAR
1001
GradientColor1ACI
1070
     5
1001
GradientColor2ACI
1070
     2
1001
ACAD
1010
0.0
1020
0.0
1030
0.0
  0
HATCH
  5
6A1
330
1F
100
AcDbEntity
  8
0.1 ОКН
 62
     1
440
 33554585
100
AcDbHatch
 10
0.0
 20
0.0
 30
0.0
210
0.0
220
0.0
230
1.0
  2
SOLID
 70
     1
 71
     0
 91
        1
 92
        1
 93
       10
 72
     1
 10
29937.50203557661
 20
41899.2244191656
 11
29969.00401607689
 21
41901.97475389334
 72
     1
 10
29969.00401607689
 20
41901.97475389334
 11
29970.09708023032
 21
41886.08871222477
 72
     1
 10
29970.09708023032
 20
41886.08871222477
 11
29965.92883959988
 21
41885.80190985379
 72
     1
 10
29965.92883959988
 20
41885.80190985379
 11
29965.76697506223
 21
41888.1543671929
 72
     1
 10
29965.76697506223
 20
41888.1543671929
 11
29946.63515230248
 21
41886.26652226409
 72
     1
 10
29946.63515230248
 20
41886.26652226409
 11
29946.89674686044
 21
41883.61546727471
 72
     1
 10
29946.89674686044
 20
41883.61546727471
 11
29942.20864605717
 21
41883.15286590952
 72
     1
 10
29942.20864605717
 20
41883.15286590952
 11
29941.92652818289
 21
41886.01190855955
 72
     1
 10
29941.92652818289
 20
41886.01190855955
 11
29938.75937527041
 21
41885.69938770674
 72
     1
 10
29938.75937527041
 20
41885.69938770674
 11
29937.50203557661
 21
41899.2244191656
 97
        0
 75
     1
 76
     1
 98
        1
 10
0.0
 20
0.0
450
        0
451
        0
460
0.0
461
0.0
452
        0
462
1.0
453
        2
463
0.0
 63
     5
421
      255
463
1.0
 63
     2
421
 16776960
470
LINEAR
1001
GradientColor1ACI
1070
     5
1001
GradientColor2ACI
1070
     2
1001
ACAD
1010
0.0
1020
0.0
1030
0.0
  0
HATCH
  5
6A2
330
1F
100
AcDbEntity
  8
0.1 ОКН
 62
     1
440
 33554585
100
AcDbHatch
 10
0.0
 20
0.0
 30
0.0
210
0.0
220
0.0
230
1.0
  2
SOLID
 70
     1
 71
     0
 91
        1
 92
        1
 93
       10
 72
     1
 10
29897.04808840589
 20
41827.82040873083
 11
29908.09612532111
 21
41829.20181266803
 72
     1
 10
29908.09612532111
 20
41829.20181266803
 11
29908.48380050946
 21
41826.10130768421
 72
     1
 10
29908.48380050946
 20
41826.10130768421
 11
29933.13381748059
 21
41829.05901315255
 72
     1
 10
29933.13381748059
 20
41829.05901315255
 11
29932.75137285218
 21
41832.24637128597
 72
     1
 10
29932.75137285218
 20
41832.24637128597
 11
29946.13526864057
 21
41833.71761922828
 72
     1
 10
29946.13526864057
 20
41833.71761922828
 11
29947.47892414587
 21
41819.07568740277
 72
     1
 10
29947.47892414587
 20
41819.07568740277
 11
29908.55811142643
 21
41815.2929519499
 72
     1
 10
29908.55811142643
 20
41815.2929519499
 11
29908.98484333109
 21
41810.90227944591
 72
     1
 10
29908.98484333109
 20
41810.90227944591
 11
29898.82372833651
 21
41809.86794789407
 72
     1
 10
29898.82372833651
 20
41809.86794789407
 11
29897.04808840589
 21
41827.82040873083
 97
        0
 75
     1
 76
     1
 98
        1
 10
0.0
 20
0.0
450
        0
451
        0
460
0.0
461
0.0
452
        0
462
1.0
453
        2
463
0.0
 63
     5
421
      255
463
1.0
 63
     2
421
 16776960
470
LINEAR
1001
GradientColor1ACI
1070
     5
1001
GradientColor2ACI
1070
     2
1001
ACAD
1010
0.0
1020
0.0
1030
0.0
  0
HATCH
  5
6A3
102
{ACAD_XDICTIONARY
360
6A4
102
}
330
1F
100
AcDbEntity
  8
0.1 ОКН
 62
     1
440
 33554585
100
AcDbHatch
 10
0.0
 20
0.0
 30
0.0
210
0.0
220
0.0
230
1.0
  2
SOLID
 70
     1
 71
     0
 91
        1
 92
        7
 72
     0
 73
     1
 93
        6
 10
29947.47892414587
 20
41819.07568740277
 10
29933.39274397277
 20
41817.7066437109
 10
29934.82474491741
 20
41806.45269430818
 10
29932.18857397256
 20
41806.21037801041
 10
29932.9162633248
 20
41798.29380968654
 10
29949.70948034861
 20
41799.83743878416
 97
        0
 75
     1
 76
     1
 47
0.1204591192285043
 98
        1
 10
29944.00749015156
 20
41808.09194571053
450
        0
451
        0
460
0.0
461
0.0
452
        0
462
1.0
453
        2
463
0.0
 63
     5
421
      255
463
1.0
 63
     2
421
 16776960
470
LINEAR
1001
GradientColor1ACI
1070
     5
1001
GradientColor2ACI
1070
     2
1001
AcadAnnotative
1000
AnnotativeData
1002
{
1070
     1
1070
     0
1002
}
1001
ACAD
1010
0.0
1020
0.0
1030
0.0
  0
HATCH
  5
6A8
330
1F
100
AcDbEntity
  8
0.1 ОКН
 62
     1
440
 33554585
100
AcDbHatch
 10
0.0
 20
0.0
 30
0.0
210
0.0
220
0.0
230
1.0
  2
SOLID
 70
     1
 71
     0
 91
        1
 92
        1
 93
        4
 72
     1
 10
29786.53455833929
 20
41811.53138811525
 11
29849.51882604268
 21
41820.40005913075
 72
     1
 10
29849.51882604268
 20
41820.40005913075
 11
29851.34624758648
 21
41807.42192435494
 72
     1
 10
29851.34624758648
 20
41807.42192435494
 11
29788.14699178185
 21
41798.32642306797
 72
     1
 10
29788.14699178185
 20
41798.32642306797
 11
29786.53455833929
 21
41811.53138811525
 97
        0
 75
     1
 76
     1
 98
        1
 10
0.0
 20
0.0
450
        0
451
        0
460
0.0
461
0.0
452
        0
462
1.0
453
        2
463
0.0
 63
     5
421
      255
463
1.0
 63
     2
421
 16776960
470
LINEAR
1001
GradientColor1ACI
1070
     5
1001
GradientColor2ACI
1070
     2
1001
ACAD
1010
0.0
1020
0.0
1030
0.0
  0
HATCH
  5
6A9
330
1F
100
AcDbEntity
  8
0.1 ОКН
 62
     1
440
 33554585
100
AcDbHatch
 10
0.0
 20
0.0
 30
0.0
210
0.0
220
0.0
230
1.0
  2
SOLID
 70
     1
 71
     0
 91
        1
 92
        1
 93
       41
 72
     1
 10
30092.57552771492
 20
42069.3506351416
 11
30098.04911109502
 21
42069.85649341239
 72
     1
 10
30098.04911109502
 20
42069.85649341239
 11
30098.04911109459
 21
42071.9874164331
 72
     1
 10
30098.04911109459
 20
42071.9874164331
 11
30103.96763838903
 21
42072.306330563
 72
     1
 10
30103.96763838903
 20
42072.306330563
 11
30103.87554781253
 21
42073.2599811571
 72
     1
 10
30103.87554781253
 20
42073.2599811571
 11
30109.34150599728
 21
42073.78780889974
 72
     1
 10
30109.34150599728
 20
42073.78780889974
 11
30109.45058793961
 21
42072.65820299358
 72
     1
 10
30109.45058793961
 20
42072.65820299358
 11
30125.73539044723
 21
42074.12515176514
 72
     1
 10
30125.73539044723
 20
42074.12515176514
 11
30125.63837323256
 21
42075.70145185687
 72
     1
 10
30125.63837323256
 20
42075.70145185687
 11
30130.46855534134
 21
42076.06435990773
 72
     1
 10
30130.46855534134
 20
42076.06435990773
 11
30130.58523873474
 21
42074.51134382591
 72
     1
 10
30130.58523873474
 20
42074.51134382591
 11
30147.29417793224
 21
42076.40701940503
 72
     1
 10
30147.29417793224
 20
42076.40701940503
 11
30147.11760590822
 21
42077.96336757227
 72
     1
 10
30147.11760590822
 20
42077.96336757227
 11
30151.73483779102
 21
42078.48720535873
 72
     1
 10
30151.73483779102
 20
42078.48720535873
 11
30151.91480780606
 21
42076.68032425085
 72
     1
 10
30151.91480780606
 20
42076.68032425085
 11
30163.94250340806
 21
42077.93485153792
 72
     1
 10
30163.94250340806
 20
42077.93485153792
 11
30166.51564013133
 21
42080.92227024267
 72
     1
 10
30166.51564013133
 20
42080.92227024267
 11
30166.5156401303
 21
42085.93728288576
 72
     1
 10
30166.5156401303
 20
42085.93728288576
 11
30177.43220429424
 21
42086.86790395858
 72
     1
 10
30177.43220429424
 20
42086.86790395858
 11
30177.87238208591
 21
42081.70443920726
 72
     1
 10
30177.87238208591
 20
42081.70443920726
 11
30180.56230740455
 21
42081.70443920781
 72
     1
 10
30180.56230740455
 20
42081.70443920781
 11
30180.56230740583
 21
42075.46779640568
 72
     1
 10
30180.56230740583
 20
42075.46779640568
 11
30175.59723703559
 21
42075.12886919793
 72
     1
 10
30175.59723703559
 20
42075.12886919793
 11
30173.88925332353
 21
42073.82153884479
 72
     1
 10
30173.88925332353
 20
42073.82153884479
 11
30172.99892364478
 21
42071.93317461062
 72
     1
 10
30172.99892364478
 20
42071.93317461062
 11
30173.36232396452
 21
42064.86996626205
 72
     1
 10
30173.36232396452
 20
42064.86996626205
 11
30166.19987003766
 21
42064.50145978189
 72
     1
 10
30166.19987003766
 20
42064.50145978189
 11
30166.12389464213
 21
42065.97815096464
 72
     1
 10
30166.12389464213
 20
42065.97815096464
 11
30154.49925591383
 21
42065.01710323952
 72
     1
 10
30154.49925591383
 20
42065.01710323952
 11
30154.65247629042
 21
42063.16378058237
 72
     1
 10
30154.65247629042
 20
42063.16378058237
 11
30145.08845674126
 21
42062.37309112994
 72
     1
 10
30145.08845674126
 20
42062.37309112994
 11
30144.93664660729
 21
42064.2093557779
 72
     1
 10
30144.93664660729
 20
42064.2093557779
 11
30132.64816565853
 21
42063.19342599833
 72
     1
 10
30132.64816565853
 20
42063.19342599833
 11
30132.64816565885
 21
42061.59588888577
 72
     1
 10
30132.64816565885
 20
42061.59588888577
 11
30123.50207245812
 21
42060.79369389309
 72
     1
 10
30123.50207245812
 20
42060.79369389309
 11
30123.36466615857
 21
42062.36030903462
 72
     1
 10
30123.36466615857
 20
42062.36030903462
 11
30110.57508202145
 21
42061.56776602552
 72
     1
 10
30110.57508202145
 20
42061.56776602552
 11
30110.72186569951
 21
42059.19905899136
 72
     1
 10
30110.72186569951
 20
42059.19905899136
 11
30102.72953398786
 21
42058.70379139263
 72
     1
 10
30102.72953398786
 20
42058.70379139263
 11
30102.59340237897
 21
42060.62805088206
 72
     1
 10
30102.59340237897
 20
42060.62805088206
 11
30093.28144205967
 21
42059.71125694111
 72
     1
 10
30093.28144205967
 20
42059.71125694111
 11
30092.57552771492
 21
42069.3506351416
 97
        0
 75
     1
 76
     1
 98
        1
 10
0.0
 20
0.0
450
        0
451
        0
460
0.0
461
0.0
452
        0
462
1.0
453
        2
463
0.0
 63
     5
421
      255
463
1.0
 63
     2
421
 16776960
470
LINEAR
1001
GradientColor1ACI
1070
     5
1001
GradientColor2ACI
1070
     2
1001
ACAD
1010
0.0
1020
0.0
1030
0.0
  0
HATCH
  5
6AA
330
1F
100
AcDbEntity
  8
0.1 ОКН
 62
     1
440
 33554585
100
AcDbHatch
 10
0.0
 20
0.0
 30
0.0
210
0.0
220
0.0
230
1.0
  2
SOLID
 70
     1
 71
     0
 91
        1
 92
        7
 72
     0
 73
     1
 93
        9
 10
28581.50499317775
 20
42144.74661484675
 10
28579.49731878
 20
42138.00372846
 10
28577.91699472153
 20
42132.351532532
 10
28613.62766812185
 20
42120.23835006374
 10
28614.66359142082
 20
42123.53348775551
 10
28626.24083015219
 20
42119.89384278119
 10
28633.09042952289
 20
42141.68153023102
 10
28621.58802856077
 20
42145.59256017671
 10
28617.17633394906
 20
42132.61769650883
 97
        0
 75
     1
 76
     1
 47
0.2592414475118954
 98
        1
 10
28607.20726430684
 20
42132.56345546628
450
        0
451
        0
460
0.0
461
0.0
452
        0
462
1.0
453
        2
463
0.0
 63
     5
421
      255
463
1.0
 63
     2
421
 16776960
470
LINEAR
1001
GradientColor1ACI
1070
     5
1001
GradientColor2ACI
1070
     2
1001
ACAD
1010
0.0
1020
0.0
1030
0.0
  0
HATCH
  5
6AB
330
1F
100
AcDbEntity
  8
0.1 ОКН
 62
     1
440
 33554585
100
AcDbHatch
 10
0.0
 20
0.0
 30
0.0
210
0.0
220
0.0
230
1.0
  2
SOLID
 70
     1
 71
     0
 91
        1
 92
        1
 93
       30
 72
     1
 10
28349.81920835792
 20
42206.51658885929
 11
28358.1236208301
 21
42200.30289596971
 72
     1
 10
28358.1236208301
 20
42200.30289596971
 11
28356.90955669257
 21
42198.68033599692
 72
     1
 10
28356.90955669257
 20
42198.68033599692
 11
28359.00064377755
 21
42196.90780373904
 72
     1
 10
28359.00064377755
 20
42196.90780373904
 11
28356.39158452818
 21
42193.82985123574
 72
     1
 10
28356.39158452818
 20
42193.82985123574
 11
28358.27981358832
 21
42192.22927374502
 72
     1
 10
28358.27981358832
 20
42192.22927374502
 11
28350.72557311327
 21
42181.59667638214
 72
     1
 10
28350.72557311327
 20
42181.59667638214
 11
28354.88683735916
 21
42177.91921296127
 72
     1
 10
28354.88683735916
 20
42177.91921296127
 11
28351.4763479102
 21
42173.21208737794
 72
     1
 10
28351.4763479102
 20
42173.21208737794
 11
28353.47807782277
 21
42171.76175880148
 72
     1
 10
28353.47807782277
 20
42171.76175880148
 11
28348.74978955765
 21
42165.66124573581
 72
     1
 10
28348.74978955765
 20
42165.66124573581
 11
28346.81233638693
 21
42167.16289600568
 72
     1
 10
28346.81233638693
 20
42167.16289600568
 11
28345.30013036934
 21
42165.21182364057
 72
     1
 10
28345.30013036934
 20
42165.21182364057
 11
28337.12976908588
 21
42171.54437681478
 72
     1
 10
28337.12976908588
 20
42171.54437681478
 11
28340.72795631859
 21
42176.18681547231
 72
     1
 10
28340.72795631859
 20
42176.18681547231
 11
28340.59590146726
 21
42180.47528209101
 72
     1
 10
28340.59590146726
 20
42180.47528209101
 11
28334.19766084956
 21
42185.26519638459
 72
     1
 10
28334.19766084956
 20
42185.26519638459
 11
28329.4911610994
 21
42184.78837295024
 72
     1
 10
28329.4911610994
 20
42184.78837295024
 11
28325.72042620474
 21
42180.30781062257
 72
     1
 10
28325.72042620474
 20
42180.30781062257
 11
28317.47104338728
 21
42186.36677717815
 72
     1
 10
28317.47104338728
 20
42186.36677717815
 11
28318.61651059428
 21
42187.84227314015
 72
     1
 10
28318.61651059428
 20
42187.84227314015
 11
28317.06375928778
 21
42189.0477157493
 72
     1
 10
28317.06375928778
 20
42189.0477157493
 11
28321.91028120617
 21
42195.29060378364
 72
     1
 10
28321.91028120617
 20
42195.29060378364
 11
28323.62117912207
 21
42193.96238770737
 72
     1
 10
28323.62117912207
 20
42193.96238770737
 11
28327.87322844811
 21
42198.87779171774
 72
     1
 10
28327.87322844811
 20
42198.87779171774
 11
28331.72921038723
 21
42195.542190947
 72
     1
 10
28331.72921038723
 20
42195.542190947
 11
28340.25698948193
 21
42205.40037375427
 72
     1
 10
28340.25698948193
 20
42205.40037375427
 11
28342.43357544816
 21
42203.51752732471
 72
     1
 10
28342.43357544816
 20
42203.51752732471
 11
28345.13856865551
 21
42206.6445217314
 72
     1
 10
28345.13856865551
 20
42206.6445217314
 11
28348.00299046679
 21
42204.16666583054
 72
     1
 10
28348.00299046679
 20
42204.16666583054
 11
28349.81920835792
 21
42206.51658885929
 97
        0
 75
     1
 76
     1
 98
        1
 10
0.0
 20
0.0
450
        0
451
        0
460
0.0
461
0.0
452
        0
462
1.0
453
        2
463
0.0
 63
     5
421
      255
463
1.0
 63
     2
421
 16776960
470
LINEAR
1001
GradientColor1ACI
1070
     5
1001
GradientColor2ACI
1070
     2
1001
ACAD
1010
0.0
1020
0.0
1030
0.0
  0
HATCH
  5
6AC
330
1F
100
AcDbEntity
  8
0.1 ОКН
 62
     1
440
 33554585
100
AcDbHatch
 10
0.0
 20
0.0
 30
0.0
210
0.0
220
0.0
230
1.0
  2
SOLID
 70
     1
 71
     0
 91
        1
 92
        1
 93
        8
 72
     1
 10
28408.76068454583
 20
42217.60273102154
 11
28417.30916592585
 21
42212.60841257894
 72
     1
 10
28417.30916592585
 20
42212.60841257894
 11
28414.11154546589
 21
42206.75545070563
 72
     1
 10
28414.11154546589
 20
42206.75545070563
 11
28424.07137683138
 21
42200.98544813231
 72
     1
 10
28424.07137683138
 20
42200.98544813231
 11
28416.69558426373
 21
42186.51085025562
 72
     1
 10
28416.69558426373
 20
42186.51085025562
 11
28400.20069476003
 21
42195.73227981554
 72
     1
 10
28400.20069476003
 20
42195.73227981554
 11
28407.30991070607
 21
42209.3711635306
 72
     1
 10
28407.30991070607
 20
42209.3711635306
 11
28405.07150348209
 21
42210.62324402083
 72
     1
 10
28405.07150348209
 20
42210.62324402083
 11
28408.76068454583
 21
42217.60273102154
 97
        0
 75
     1
 76
     1
 98
        1
 10
0.0
 20
0.0
450
        0
451
        0
460
0.0
461
0.0
452
        0
462
1.0
453
        2
463
0.0
 63
     5
421
      255
463
1.0
 63
     2
421
 16776960
470
LINEAR
1001
GradientColor1ACI
1070
     5
1001
GradientColor2ACI
1070
     2
1001
ACAD
1010
0.0
1020
0.0
1030
0.0
  0
HATCH
  5
6AD
330
1F
100
AcDbEntity
  8
0.1 ОКН
 62
     1
440
 33554585
100
AcDbHatch
 10
0.0
 20
0.0
 30
0.0
210
0.0
220
0.0
230
1.0
  2
SOLID
 70
     1
 71
     0
 91
        1
 92
        1
 93
        6
 72
     1
 10
27497.67497408739
 20
42385.72047227674
 11
27511.77649609436
 21
42390.33481283223
 72
     1
 10
27511.77649609436
 20
42390.33481283223
 11
27518.25808740674
 21
42370.52693315094
 72
     1
 10
27518.25808740674
 20
42370.52693315094
 11
27506.11144787331
 21
42366.5522748563
 72
     1
 10
27506.11144787331
 20
42366.5522748563
 11
27502.13581407385
 21
42378.70189555303
 72
     1
 10
27502.13581407385
 20
42378.70189555303
 11
27500.18093160032
 21
42378.06221329218
 72
     1
 10
27500.18093160032
 20
42378.06221329218
 11
27497.67497408739
 21
42385.72047227674
 97
        0
 75
     1
 76
     1
 98
        1
 10
0.0
 20
0.0
450
        0
451
        0
460
0.0
461
0.0
452
        0
462
1.0
453
        2
463
0.0
 63
     5
421
      255
463
1.0
 63
     2
421
 16776960
470
LINEAR
1001
GradientColor1ACI
1070
     5
1001
GradientColor2ACI
1070
     2
1001
ACAD
1010
0.0
1020
0.0
1030
0.0
  0
HATCH
  5
6AE
330
1F
100
AcDbEntity
  8
0.1 ОКН
 62
     1
440
 33554585
100
AcDbHatch
 10
0.0
 20
0.0
 30
0.0
210
0.0
220
0.0
230
1.0
  2
SOLID
 70
     1
 71
     0
 91
        1
 92
        1
 93
       16
 72
     1
 10
27581.35176078955
 20
42247.0263645608
 11
27590.50961302547
 21
42249.80517416359
 72
     1
 10
27590.50961302547
 20
42249.80517416359
 11
27589.81616988952
 21
42252.09048718636
 72
     1
 10
27589.81616988952
 20
42252.09048718636
 11
27594.95182994723
 21
42253.64882435072
 72
     1
 10
27594.95182994723
 20
42253.64882435072
 11
27595.67876912739
 21
42251.25312167654
 72
     1
 10
27595.67876912739
 20
42251.25312167654
 11
27605.74365417961
 21
42254.30715645604
 72
     1
 10
27605.74365417961
 20
42254.30715645604
 11
27608.46533945491
 21
42245.33756330407
 72
     1
 10
27608.46533945491
 20
42245.33756330407
 11
27612.57363834396
 21
42246.58416350135
 72
     1
 10
27612.57363834396
 20
42246.58416350135
 11
27614.9396415422
 21
42238.78675713803
 72
     1
 10
27614.9396415422
 20
42238.78675713803
 11
27604.36692411106
 21
42235.57862842309
 72
     1
 10
27604.36692411106
 20
42235.57862842309
 11
27603.37915184016
 21
42238.83393331715
 72
     1
 10
27603.37915184016
 20
42238.83393331715
 11
27593.39157883993
 21
42235.80335769237
 72
     1
 10
27593.39157883993
 20
42235.80335769237
 11
27594.38632244638
 21
42232.52507804652
 72
     1
 10
27594.38632244638
 20
42232.52507804652
 11
27582.21601321084
 21
42228.83218463644
 72
     1
 10
27582.21601321084
 20
42228.83218463644
 11
27579.92604495143
 21
42236.37901005538
 72
     1
 10
27579.92604495143
 20
42236.37901005538
 11
27584.20565040256
 21
42237.67759059778
 72
     1
 10
27584.20565040256
 20
42237.67759059778
 11
27581.35176078955
 21
42247.0263645608
 97
        0
 75
     1
 76
     1
 98
        1
 10
0.0
 20
0.0
450
        0
451
        0
460
0.0
461
0.0
452
        0
462
1.0
453
        2
463
0.0
 63
     5
421
      255
463
1.0
 63
     2
421
 16776960
470
LINEAR
1001
GradientColor1ACI
1070
     5
1001
GradientColor2ACI
1070
     2
1001
ACAD
1010
0.0
1020
0.0
1030
0.0
  0
HATCH
  5
6AF
330
1F
100
AcDbEntity
  8
0.1 ОКН
 62
     1
440
 33554585
100
AcDbHatch
 10
0.0
 20
0.0
 30
0.0
210
0.0
220
0.0
230
1.0
  2
SOLID
 70
     1
 71
     0
 91
        1
 92
        1
 93
        4
 72
     1
 10
27699.86042771073
 20
42486.77899309396
 11
27698.05226586288
 21
42493.07571097043
 72
     1
 10
27698.05226586288
 20
42493.07571097043
 11
27712.30805922225
 21
42497.16939631078
 72
     1
 10
27712.30805922225
 20
42497.16939631078
 11
27714.1162210701
 21
42490.87267843432
 72
     1
 10
27714.1162210701
 20
42490.87267843432
 11
27699.86042771073
 21
42486.77899309396
 97
        0
 75
     1
 76
     1
 98
        1
 10
0.0
 20
0.0
450
        0
451
        0
460
0.0
461
0.0
452
        0
462
0.0
453
        2
463
0.0
 63
     5
421
      255
463
1.0
 63
     2
421
 16776960
470
LINEAR
1001
GradientColor1ACI
1070
     5
1001
GradientColor2ACI
1070
     2
1001
ACAD
1010
0.0
1020
0.0
1030
0.0
  0
HATCH
  5
6B0
330
1F
100
AcDbEntity
  8
0.1 ОКН
 62
     1
440
 33554585
100
AcDbHatch
 10
0.0
 20
0.0
 30
0.0
210
0.0
220
0.0
230
1.0
  2
SOLID
 70
     1
 71
     0
 91
        1
 92
        1
 93
        8
 72
     1
 10
26901.53726145549
 20
43085.70593914321
 11
26901.40823328988
 21
43085.17645078919
 72
     1
 10
26901.40823328988
 20
43085.17645078919
 11
26906.11279718644
 21
43084.11574280002
 72
     1
 10
26906.11279718644
 20
43084.11574280002
 11
26905.97126211423
 21
43083.51464755225
 72
     1
 10
26905.97126211423
 20
43083.51464755225
 11
26913.25806727871
 21
43081.78218522384
 72
     1
 10
26913.25806727871
 20
43081.78218522384
 11
26913.56461149903
 21
43083.07114707767
 72
     1
 10
26913.56461149903
 20
43083.07114707767
 11
26918.53833844719
 21
43103.9847506703
 72
     1
 10
26918.53833844719
 20
43103.9847506703
 11
26906.7238882264
 21
43106.99011736018
 72
     1
 10
26906.7238882264
 20
43106.99011736018
 11
26901.53726145549
 21
43085.70593914321
 97
        0
 75
     1
 76
     1
 98
        1
 10
0.0
 20
0.0
450
        0
451
        0
460
0.0
461
0.0
452
        0
462
1.0
453
        2
463
0.0
 63
     5
421
      255
463
1.0
 63
     2
421
 16776960
470
LINEAR
1001
GradientColor1ACI
1070
     5
1001
GradientColor2ACI
1070
     2
1001
ACAD
1010
0.0
1020
0.0
1030
0.0
  0
HATCH
  5
6B1
330
1F
100
AcDbEntity
  8
0.1 ОКН
 62
     1
440
 33554585
100
AcDbHatch
 10
0.0
 20
0.0
 30
0.0
210
0.0
220
0.0
230
1.0
  2
SOLID
 70
     1
 71
     0
 91
        1
 92
        1
 93
       23
 72
     1
 10
26895.3613
 20
43077.6289
 11
26929.0098
 21
43069.23049999999
 72
     1
 10
26929.0098
 20
43069.23049999999
 11
26928.9102
 21
43068.8398
 72
     1
 10
26928.9102
 20
43068.8398
 11
26926.3066
 21
43058.3906
 72
     1
 10
26926.3066
 20
43058.3906
 11
26918.6367
 21
43060.1992
 72
     1
 10
26918.6367
 20
43060.1992
 11
26919.4395
 21
43063.6289
 72
     1
 10
26919.4395
 20
43063.6289
 11
26916.5859
 21
43064.28519999999
 72
     1
 10
26916.5859
 20
43064.28519999999
 11
26917.0098
 21
43066.1406
 72
     1
 10
26917.0098
 20
43066.1406
 11
26907.6992
 21
43068.3164
 72
     1
 10
26907.6992
 20
43068.3164
 11
26906.6191
 21
43063.71089999999
 72
     1
 10
26906.6191
 20
43063.71089999999
 11
26908.8906
 21
43063.1914
 72
     1
 10
26908.8906
 20
43063.1914
 11
26907.4023
 21
43056.7344
 72
     1
 10
26907.4023
 20
43056.7344
 11
26901.8594
 21
43058.1094
 72
     1
 10
26901.8594
 20
43058.1094
 11
26901.6582
 21
43057.2227
 72
     1
 10
26901.6582
 20
43057.2227
 11
26901.2305
 21
43057.0
 72
     1
 10
26901.2305
 20
43057.0
 11
26897.5215
 21
43057.8516
 72
     1
 10
26897.5215
 20
43057.8516
 11
26897.252
 21
43058.25
 72
     1
 10
26897.252
 20
43058.25
 11
26897.4902
 21
43059.12499999999
 72
     1
 10
26897.4902
 20
43059.12499999999
 11
26898.3203
 21
43062.4609
 72
     1
 10
26898.3203
 20
43062.4609
 11
26892.8105
 21
43063.8398
 72
     1
 10
26892.8105
 20
43063.8398
 11
26892.457
 21
43063.92579999999
 72
     1
 10
26892.457
 20
43063.92579999999
 11
26894.1895
 21
43071.1797
 72
     1
 10
26894.1895
 20
43071.1797
 11
26893.8438
 21
43071.2617
 72
     1
 10
26893.8438
 20
43071.2617
 11
26895.3613
 21
43077.6289
 97
        0
 75
     1
 76
     1
 98
        1
 10
0.0
 20
0.0
450
        0
451
        0
460
0.0
461
0.0
452
        0
462
1.0
453
        2
463
0.0
 63
     5
421
      255
463
1.0
 63
     2
421
 16776960
470
LINEAR
1001
GradientColor1ACI
1070
     5
1001
GradientColor2ACI
1070
     2
1001
ACAD
1010
0.0
1020
0.0
1030
0.0
  0
HATCH
  5
6B2
330
1F
100
AcDbEntity
  8
0.1 ОКН
 62
     1
440
 33554585
100
AcDbHatch
 10
0.0
 20
0.0
 30
0.0
210
0.0
220
0.0
230
1.0
  2
SOLID
 70
     1
 71
     0
 91
        1
 92
        1
 93
       12
 72
     1
 10
26951.757637
 20
43074.377627
 11
26959.635645
 21
43072.41738999999
 72
     1
 10
26959.635645
 20
43072.41738999999
 11
26960.290096
 21
43075.04756999999
 72
     1
 10
26960.290096
 20
43075.04756999999
 11
26969.703078
 21
43072.705394
 72
     1
 10
26969.703078
 20
43072.705394
 11
26969.22367099999
 21
43070.778705
 72
     1
 10
26969.22367099999
 20
43070.778705
 11
26977.136977
 21
43069.16219399999
 72
     1
 10
26977.136977
 20
43069.16219399999
 11
26980.152134
 21
43083.341947
 72
     1
 10
26980.152134
 20
43083.341947
 11
26969.997138
 21
43085.449974
 72
     1
 10
26969.997138
 20
43085.449974
 11
26970.515846
 21
43087.948749
 72
     1
 10
26970.515846
 20
43087.948749
 11
26965.267417
 21
43088.91178799999
 72
     1
 10
26965.267417
 20
43088.91178799999
 11
26964.773875
 21
43086.534246
 72
     1
 10
26964.773875
 20
43086.534246
 11
26954.724947
 21
43088.620255
 72
     1
 10
26954.724947
 20
43088.620255
 11
26951.757637
 21
43074.377627
 97
        0
 75
     1
 76
     1
 98
        1
 10
0.0
 20
0.0
450
        0
451
        0
460
0.0
461
0.0
452
        0
462
1.0
453
        2
463
0.0
 63
     5
421
      255
463
1.0
 63
     2
421
 16776960
470
LINEAR
1001
GradientColor1ACI
1070
     5
1001
GradientColor2ACI
1070
     2
1001
ACAD
1010
0.0
1020
0.0
1030
0.0
  0
HATCH
  5
6B3
330
1F
100
AcDbEntity
  8
0.1 ОКН
 62
     1
440
 33554585
100
AcDbHatch
 10
0.0
 20
0.0
 30
0.0
210
0.0
220
0.0
230
1.0
  2
SOLID
 70
     1
 71
     0
 91
        1
 92
        1
 93
        4
 72
     1
 10
26801.61113585058
 20
42934.87655471198
 11
26798.66517077199
 21
42922.23566474126
 72
     1
 10
26798.66517077199
 20
42922.23566474126
 11
26783.55445782448
 21
42925.76991214173
 72
     1
 10
26783.55445782448
 20
42925.76991214173
 11
26786.50042290307
 21
42938.41080211246
 72
     1
 10
26786.50042290307
 20
42938.41080211246
 11
26801.61113585058
 21
42934.87655471198
 97
        0
 75
     1
 76
     1
 98
        1
 10
0.0
 20
0.0
450
        0
451
        0
460
0.0
461
0.0
452
        0
462
1.0
453
        2
463
0.0
 63
     5
421
      255
463
1.0
 63
     2
421
 16776960
470
LINEAR
1001
GradientColor1ACI
1070
     5
1001
GradientColor2ACI
1070
     2
1001
ACAD
1010
0.0
1020
0.0
1030
0.0
  0
HATCH
  5
6B4
330
1F
100
AcDbEntity
  8
0.1 ОКН
 62
     1
440
 33554585
100
AcDbHatch
 10
0.0
 20
0.0
 30
0.0
210
0.0
220
0.0
230
1.0
  2
SOLID
 70
     1
 71
     0
 91
        1
 92
        1
 93
       11
 72
     1
 10
26553.08
 20
42832.18
 11
26566.67355560707
 21
42828.79384040655
 72
     1
 10
26566.67355560707
 20
42828.79384040655
 11
26566.86714211972
 21
42829.61360010388
 72
     1
 10
26566.86714211972
 20
42829.61360010388
 11
26573.66391992325
 21
42827.92052030716
 72
     1
 10
26573.66391992325
 20
42827.92052030716
 11
26578.2935821937
 21
42826.76726976959
 72
     1
 10
26578.2935821937
 20
42826.76726976959
 11
26581.53
 21
42839.87999999999
 72
     1
 10
26581.53
 20
42839.87999999999
 11
26571.83
 21
42842.25
 72
     1
 10
26571.83
 20
42842.25
 11
26573.83
 21
42850.10999999999
 72
     1
 10
26573.83
 20
42850.10999999999
 11
26562.78
 21
42852.85
 72
     1
 10
26562.78
 20
42852.85
 11
26560.29
 21
42842.58
 72
     1
 10
26560.29
 20
42842.58
 11
26555.8
 21
42843.78
 72
     1
 10
26555.8
 20
42843.78
 11
26553.08
 21
42832.18
 97
        0
 75
     1
 76
     1
 98
        1
 10
0.0
 20
0.0
450
        0
451
        0
460
0.0
461
0.0
452
        0
462
1.0
453
        2
463
0.0
 63
     5
421
      255
463
1.0
 63
     2
421
 16776960
470
LINEAR
1001
GradientColor1ACI
1070
     5
1001
GradientColor2ACI
1070
     2
1001
ACAD
1010
0.0
1020
0.0
1030
0.0
  0
HATCH
  5
6B5
330
1F
100
AcDbEntity
  8
0.1 ОКН
 62
     1
440
 33554585
100
AcDbHatch
 10
0.0
 20
0.0
 30
0.0
210
0.0
220
0.0
230
1.0
  2
SOLID
 70
     1
 71
     0
 91
        1
 92
        1
 93
        9
 72
     1
 10
26572.46
 20
42873.9
 11
26568.43
 21
42857.78
 72
     1
 10
26568.43
 20
42857.78
 11
26574.83
 21
42856.22
 72
     1
 10
26574.83
 20
42856.22
 11
26575.68
 21
42859.79
 72
     1
 10
26575.68
 20
42859.79
 11
26590.2
 21
42856.20999999999
 72
     1
 10
26590.2
 20
42856.20999999999
 11
26591.64
 21
42861.91999999999
 72
     1
 10
26591.64
 20
42861.91999999999
 11
26592.17
 21
42863.85
 72
     1
 10
26592.17
 20
42863.85
 11
26592.04
 21
42863.98
 72
     1
 10
26592.04
 20
42863.98
 11
26593.27
 21
42868.76999999999
 72
     1
 10
26593.27
 20
42868.76999999999
 11
26572.46
 21
42873.9
 97
        0
 75
     1
 76
     1
 98
        1
 10
0.0
 20
0.0
450
        0
451
        0
460
0.0
461
0.0
452
        0
462
1.0
453
        2
463
0.0
 63
     5
421
      255
463
1.0
 63
     2
421
 16776960
470
LINEAR
1001
GradientColor1ACI
1070
     5
1001
GradientColor2ACI
1070
     2
1001
ACAD
1010
0.0
1020
0.0
1030
0.0
  0
HATCH
  5
6B6
330
1F
100
AcDbEntity
  8
0.1 ОКН
 62
     1
440
 33554585
100
AcDbHatch
 10
0.0
 20
0.0
 30
0.0
210
0.0
220
0.0
230
1.0
  2
SOLID
 70
     1
 71
     0
 91
        1
 92
        7
 72
     0
 73
     1
 93
       31
 10
26625.35
 20
42767.56999999999
 10
26627.43
 20
42775.17
 10
26623.59
 20
42776.04999999999
 10
26623.35
 20
42775.41
 10
26619.91
 20
42776.12999999999
 10
26620.31
 20
42777.64999999999
 10
26614.63
 20
42779.00999999999
 10
26614.23
 20
42777.57
 10
26611.27
 20
42778.29
 10
26611.43
 20
42779.00999999999
 10
26607.99
 20
42779.80999999999
 10
26605.83
 20
42772.44999999999
 10
26597.27
 20
42774.53
 10
26594.54382765623
 20
42764.10639986206
 10
26621.03
 20
42757.97
 10
26633.03
 20
42755.13
 10
26638.93199637233
 20
42753.68905381529
 10
26640.27776022392
 20
42753.7851169232
 10
26641.19095968607
 20
42754.31346301028
 10
26642.03206156567
 20
42754.9618884855
 10
26642.53672353766
 20
42755.68236078842
 10
26642.80107008389
 20
42756.787085523
 10
26642.77804782305
 20
42757.59571414073
 10
26642.70494138088
 20
42758.15598330114
 10
26642.48866129674
 20
42758.70834566843
 10
26642.10415492705
 20
42759.33275486344
 10
26641.47933735276
 20
42759.98118033865
 10
26640.94253539285
 20
42760.30060632625
 10
26638.99309358602
 20
42760.74492462009
 10
26632.81210626053
 20
42762.48713602878
 10
26633.59
 20
42765.25
 97
        0
 75
     1
 76
     1
 47
0.0606279419158491
 98
        1
 10
26618.42039992187
 20
42767.09455169888
450
        0
451
        0
460
0.0
461
0.0
452
        0
462
1.0
453
        2
463
0.0
 63
     5
421
      255
463
1.0
 63
     2
421
 16776960
470
LINEAR
1001
GradientColor1ACI
1070
     5
1001
GradientColor2ACI
1070
     2
1001
ACAD
1010
0.0
1020
0.0
1030
0.0
  0
HATCH
  5
6B7
330
1F
100
AcDbEntity
  8
0.1 ОКН
 62
     1
440
 33554585
100
AcDbHatch
 10
0.0
 20
0.0
 30
0.0
210
0.0
220
0.0
230
1.0
  2
SOLID
 70
     1
 71
     0
 91
        1
 92
        1
 93
        8
 72
     1
 10
26717.98490074723
 20
42785.31892468826
 11
26720.49093493751
 21
42794.2205333383
 72
     1
 10
26720.49093493751
 20
42794.2205333383
 11
26718.74550473896
 21
42794.65198155235
 72
     1
 10
26718.74550473896
 20
42794.65198155235
 11
26720.13375913124
 21
42799.24148370933
 72
     1
 10
26720.13375913124
 20
42799.24148370933
 11
26728.25140785302
 21
42797.00743073155
 72
     1
 10
26728.25140785302
 20
42797.00743073155
 11
26727.76573482497
 21
42795.34229455244
 72
     1
 10
26727.76573482497
 20
42795.34229455244
 11
26737.99725932633
 21
42792.33472913739
 72
     1
 10
26737.99725932633
 20
42792.33472913739
 11
26734.80285539316
 21
42780.79449497133
 72
     1
 10
26734.80285539316
 20
42780.79449497133
 11
26717.98490074723
 21
42785.31892468826
 97
        0
 75
     1
 76
     1
 98
        1
 10
0.0
 20
0.0
450
        0
451
        0
460
0.0
461
0.0
452
        0
462
1.0
453
        2
463
0.0
 63
     5
421
      255
463
1.0
 63
     2
421
 16776960
470
LINEAR
1001
GradientColor1ACI
1070
     5
1001
GradientColor2ACI
1070
     2
1001
ACAD
1010
0.0
1020
0.0
1030
0.0
  0
HATCH
  5
6B8
330
1F
100
AcDbEntity
  8
0.1 ОКН
 62
     1
440
 33554585
100
AcDbHatch
 10
0.0
 20
0.0
 30
0.0
210
0.0
220
0.0
230
1.0
  2
SOLID
 70
     1
 71
     0
 91
        1
 92
        1
 93
        8
 72
     1
 10
26029.83123914621
 20
42794.41748409033
 11
26009.43132907537
 21
42801.35582379361
 72
     1
 10
26009.43132907537
 20
42801.35582379361
 11
26013.20963324556
 21
42815.1248882776
 72
     1
 10
26013.20963324556
 20
42815.1248882776
 11
26023.55986495133
 21
42811.7791227595
 72
     1
 10
26023.55986495133
 20
42811.7791227595
 11
26023.40539151129
 21
42811.26954200056
 72
     1
 10
26023.40539151129
 20
42811.26954200056
 11
26025.41355513367
 21
42810.55921879005
 72
     1
 10
26025.41355513367
 20
42810.55921879005
 11
26026.1550300197
 21
42812.58209682356
 72
     1
 10
26026.1550300197
 20
42812.58209682356
 11
26034.87367726187
 21
42809.5866221976
 72
     1
 10
26034.87367726187
 20
42809.5866221976
 11
26029.83123914621
 21
42794.41748409033
 97
        0
 75
     1
 76
     1
 98
        1
 10
0.0
 20
0.0
450
        0
451
        0
460
0.0
461
0.0
452
        0
462
1.0
453
        2
463
0.0
 63
     5
421
      255
463
1.0
 63
     2
421
 16776960
470
LINEAR
1001
GradientColor1ACI
1070
     5
1001
GradientColor2ACI
1070
     2
1001
ACAD
1010
0.0
1020
0.0
1030
0.0
  0
HATCH
  5
6B9
330
1F
100
AcDbEntity
  8
0.1 ОКН
 62
     1
440
 33554585
100
AcDbHatch
 10
0.0
 20
0.0
 30
0.0
210
0.0
220
0.0
230
1.0
  2
SOLID
 70
     1
 71
     0
 91
        1
 92
        1
 93
        4
 72
     1
 10
26005.63579447012
 20
42780.7651449742
 11
26009.44348682394
 21
42793.41855754783
 72
     1
 10
26009.44348682394
 20
42793.41855754783
 11
26017.94982544253
 21
42790.86557425275
 72
     1
 10
26017.94982544253
 20
42790.86557425275
 11
26014.16174397272
 21
42778.3602790705
 72
     1
 10
26014.16174397272
 20
42778.3602790705
 11
26005.63579447012
 21
42780.7651449742
 97
        0
 75
     1
 76
     1
 98
        1
 10
0.0
 20
0.0
450
        0
451
        0
460
0.0
461
0.0
452
        0
462
1.0
453
        2
463
0.0
 63
     5
421
      255
463
1.0
 63
     2
421
 16776960
470
LINEAR
1001
GradientColor1ACI
1070
     5
1001
GradientColor2ACI
1070
     2
1001
ACAD
1010
0.0
1020
0.0
1030
0.0
  0
HATCH
  5
6BA
330
1F
100
AcDbEntity
  8
0.1 ОКН
 62
     1
440
 33554585
100
AcDbHatch
 10
0.0
 20
0.0
 30
0.0
210
0.0
220
0.0
230
1.0
  2
SOLID
 70
     1
 71
     0
 91
        1
 92
        1
 93
        7
 72
     1
 10
26035.3906
 20
42788.3516
 11
26021.9512
 21
42791.6992
 72
     1
 10
26021.9512
 20
42791.6992
 11
26018.0098
 21
42777.4531
 72
     1
 10
26018.0098
 20
42777.4531
 11
26022.3164
 21
42775.34769999999
 72
     1
 10
26022.3164
 20
42775.34769999999
 11
26026.6797
 21
42780.5938
 72
     1
 10
26026.6797
 20
42780.5938
 11
26032.9453
 21
42781.1563
 72
     1
 10
26032.9453
 20
42781.1563
 11
26035.1973
 21
42787.7813
 72
     1
 10
26035.1973
 20
42787.7813
 11
26035.3906
 21
42788.3516
 97
        0
 75
     1
 76
     1
 98
        1
 10
0.0
 20
0.0
450
        0
451
        0
460
0.0
461
0.0
452
        0
462
1.0
453
        2
463
0.0
 63
     5
421
      255
463
1.0
 63
     2
421
 16776960
470
LINEAR
1001
GradientColor1ACI
1070
     5
1001
GradientColor2ACI
1070
     2
1001
ACAD
1010
0.0
1020
0.0
1030
0.0
  0
HATCH
  5
6BB
330
1F
100
AcDbEntity
  8
0.1 ОКН
 62
     1
440
 33554585
100
AcDbHatch
 10
0.0
 20
0.0
 30
0.0
210
0.0
220
0.0
230
1.0
  2
SOLID
 70
     1
 71
     0
 91
        1
 92
        1
 93
        6
 72
     1
 10
26022.0527
 20
42771.0977
 11
26019.0898
 21
42761.62499999999
 72
     1
 10
26019.0898
 20
42761.62499999999
 11
26040.2207
 21
42755.36329999999
 72
     1
 10
26040.2207
 20
42755.36329999999
 11
26043.7793
 21
42767.8203
 72
     1
 10
26043.7793
 20
42767.8203
 11
26028.0938
 21
42772.6055
 72
     1
 10
26028.0938
 20
42772.6055
 11
26022.8828
 21
42774.0664
 72
     1
 10
26022.8828
 20
42774.0664
 11
26022.0527
 21
42771.0977
 97
        0
 75
     1
 76
     1
 98
        1
 10
0.0
 20
0.0
450
        0
451
        0
460
0.0
461
0.0
452
        0
462
1.0
453
        2
463
0.0
 63
     5
421
      255
463
1.0
 63
     2
421
 16776960
470
LINEAR
1001
GradientColor1ACI
1070
     5
1001
GradientColor2ACI
1070
     2
1001
ACAD
1010
0.0
1020
0.0
1030
0.0
  0
HATCH
  5
6BC
330
1F
100
AcDbEntity
  8
0.1 ОКН
 62
     1
440
 33554585
100
AcDbHatch
 10
0.0
 20
0.0
 30
0.0
210
0.0
220
0.0
230
1.0
  2
SOLID
 70
     1
 71
     0
 91
        1
 92
        1
 93
        4
 72
     1
 10
26346.95805455971
 20
42840.49757932682
 11
26331.58601684602
 21
42844.77734235258
 72
     1
 10
26331.58601684602
 20
42844.77734235258
 11
26334.78506726158
 21
42856.26768033156
 72
     1
 10
26334.78506726158
 20
42856.26768033156
 11
26350.15710497527
 21
42851.9879173058
 72
     1
 10
26350.15710497527
 20
42851.9879173058
 11
26346.95805455971
 21
42840.49757932682
 97
        0
 75
     1
 76
     1
 98
        1
 10
0.0
 20
0.0
450
        0
451
        0
460
0.0
461
0.0
452
        0
462
1.0
453
        2
463
0.0
 63
     5
421
      255
463
1.0
 63
     2
421
 16776960
470
LINEAR
1001
GradientColor1ACI
1070
     5
1001
GradientColor2ACI
1070
     2
1001
ACAD
1010
0.0
1020
0.0
1030
0.0
  0
HATCH
  5
6BD
330
1F
100
AcDbEntity
  8
0.1 ОКН
 62
     1
440
 33554585
100
AcDbHatch
 10
0.0
 20
0.0
 30
0.0
210
0.0
220
0.0
230
1.0
  2
SOLID
 70
     1
 71
     0
 91
        2
 92
        7
 72
     0
 73
     1
 93
        4
 10
26369.55446473652
 20
42847.11028452346
 10
26359.98616655096
 20
42849.30807416277
 10
26358.01148531724
 20
42840.71110085474
 10
26367.5797835028
 20
42838.51331121545
 97
        0
 92
        7
 72
     0
 73
     1
 93
        8
 10
26373.1406624651
 20
42846.78891959934
 10
26372.66208580165
 20
42844.80805883706
 10
26369.23645963799
 20
42845.72581735118
 10
26368.31756629447
 20
42841.72532278413
 10
26372.26718996084
 20
42840.56364494582
 10
26373.57459497833
 20
42831.81176320478
 10
26391.28667631466
 20
42835.25644069288
 10
26389.93290176915
 20
42842.6011046073
 97
        0
 75
     1
 76
     1
 47
0.0520337647727512
 98
        2
 10
26366.10218414805
 20
42844.56783088328
 10
26384.06529317538
 20
42840.50919134958
450
        0
451
        0
460
0.0
461
0.0
452
        0
462
1.0
453
        2
463
0.0
 63
     5
421
      255
463
1.0
 63
     2
421
 16776960
470
LINEAR
1001
GradientColor1ACI
1070
     5
1001
GradientColor2ACI
1070
     2
1001
ACAD
1010
0.0
1020
0.0
1030
0.0
  0
HATCH
  5
6BE
330
1F
100
AcDbEntity
  8
0.1 ОКН
 62
     1
440
 33554585
100
AcDbHatch
 10
0.0
 20
0.0
 30
0.0
210
0.0
220
0.0
230
1.0
  2
SOLID
 70
     1
 71
     0
 91
        1
 92
        1
 93
        9
 72
     1
 10
29135.11732886506
 20
41990.7541191553
 11
29162.92611042779
 21
41990.49074158152
 72
     1
 10
29162.92611042779
 20
41990.49074158152
 11
29162.91531410667
 21
41983.8108380194
 72
     1
 10
29162.91531410667
 20
41983.8108380194
 11
29162.88376837858
 21
41977.53620215105
 72
     1
 10
29162.88376837858
 20
41977.53620215105
 11
29154.78905983835
 21
41977.53620215105
 72
     1
 10
29154.78905983835
 20
41977.53620215105
 11
29154.86577814297
 21
41974.33077118875
 72
     1
 10
29154.86577814297
 20
41974.33077118875
 11
29142.69648345702
 21
41974.33077118875
 72
     1
 10
29142.69648345702
 20
41974.33077118875
 11
29142.62922362333
 21
41977.71137822308
 72
     1
 10
29142.62922362333
 20
41977.71137822308
 11
29134.95305592908
 21
41977.77709820386
 72
     1
 10
29134.95305592908
 20
41977.77709820386
 11
29135.11732886506
 21
41990.7541191553
 97
        0
 75
     1
 76
     1
 98
        1
 10
0.0
 20
0.0
450
        0
451
        0
460
0.0
461
0.0
452
        0
462
1.0
453
        2
463
0.0
 63
     5
421
      255
463
1.0
 63
     2
421
 16776960
470
LINEAR
1001
GradientColor1ACI
1070
     5
1001
GradientColor2ACI
1070
     2
1001
ACAD
1010
0.0
1020
0.0
1030
0.0
  0
HATCH
  5
6BF
330
1F
100
AcDbEntity
  8
0.1 ОКН
 62
     1
440
 33554585
100
AcDbHatch
 10
0.0
 20
0.0
 30
0.0
210
0.0
220
0.0
230
1.0
  2
SOLID
 70
     1
 71
     0
 91
        2
 92
        1
 93
       17
 72
     1
 10
29054.08486036396
 20
41986.45666396349
 11
29055.39382026558
 21
41986.51705689309
 72
     1
 10
29055.39382026558
 20
41986.51705689309
 11
29055.83685264478
 21
41986.65797372882
 72
     1
 10
29055.83685264478
 20
41986.65797372882
 11
29056.38057450079
 21
41986.93980740027
 72
     1
 10
29056.38057450079
 20
41986.93980740027
 11
29056.7229174032
 21
41987.56386823029
 72
     1
 10
29056.7229174032
 20
41987.56386823029
 11
29057.00484777342
 21
41988.22819045585
 72
     1
 10
29057.00484777342
 20
41988.22819045585
 11
29057.1860878426
 21
41989.05356049369
 72
     1
 10
29057.1860878426
 20
41989.05356049369
 11
29059.92483435866
 21
41989.03342951715
 72
     1
 10
29059.92483435866
 20
41989.03342951715
 11
29059.86442100226
 21
41986.73849763495
 72
     1
 10
29059.86442100226
 20
41986.73849763495
 11
29058.81725341065
 21
41986.73849763495
 72
     1
 10
29058.81725341065
 20
41986.73849763495
 11
29058.53532304043
 21
41985.89299662058
 72
     1
 10
29058.53532304043
 20
41985.89299662058
 11
29058.21287340619
 21
41985.26849090095
 72
     1
 10
29058.21287340619
 20
41985.26849090095
 11
29057.61328291871
 21
41984.77794657482
 72
     1
 10
29057.61328291871
 20
41984.77794657482
 11
29057.10529245818
 21
41984.50351323521
 72
     1
 10
29057.10529245818
 20
41984.50351323521
 11
29056.72267343537
 21
41984.18141761069
 72
     1
 10
29056.72267343537
 20
41984.18141761069
 11
29056.64212201877
 21
41983.33591659633
 72
     1
 10
29056.64212201877
 20
41983.33591659633
 11
29054.06447833593
 21
41983.33591659633
 72
     1
 10
29054.06447833593
 20
41983.33591659633
 11
29054.08486036396
 21
41986.45666396349
 97
        0
 92
        1
 93
       15
 72
     1
 10
29037.78410411089
 20
41989.05341219715
 11
29037.78410411089
 21
41986.89939715067
 72
     1
 10
29037.78410411089
 20
41986.89939715067
 11
29038.93196117932
 21
41986.8591351976
 72
     1
 10
29038.93196117932
 20
41986.8591351976
 11
29039.05278789211
 21
41986.1142890659
 72
     1
 10
29039.05278789211
 20
41986.1142890659
 11
29039.49582027132
 21
41985.51035976993
 72
     1
 10
29039.49582027132
 20
41985.51035976993
 11
29040.18050690033
 21
41984.90642991645
 72
     1
 10
29040.18050690033
 20
41984.90642991645
 11
29040.76450487675
 21
41984.4434174562
 72
     1
 10
29040.76450487675
 20
41984.4434174562
 11
29040.84505629336
 21
41983.03424909893
 72
     1
 10
29040.84505629336
 20
41983.03424909893
 11
29043.42269997621
 21
41983.11477300506
 72
     1
 10
29043.42269997621
 20
41983.11477300506
 11
29043.42269997621
 21
41986.45651566695
 72
     1
 10
29043.42269997621
 20
41986.45651566695
 11
29042.51649715759
 21
41986.67795640881
 72
     1
 10
29042.51649715759
 20
41986.67795640881
 11
29041.83181052858
 21
41987.08057593946
 72
     1
 10
29041.83181052858
 20
41987.08057593946
 11
29041.36864008917
 21
41987.58385091028
 72
     1
 10
29041.36864008917
 20
41987.58385091028
 11
29040.96588300615
 21
41988.30856606544
 72
     1
 10
29040.96588300615
 20
41988.30856606544
 11
29040.46243727055
 21
41989.09367415021
 72
     1
 10
29040.46243727055
 20
41989.09367415021
 11
29037.78410411089
 21
41989.05341219715
 97
        0
 75
     1
 76
     1
 98
        1
 10
0.0
 20
0.0
450
        0
451
        0
460
0.0
461
0.0
452
        0
462
1.0
453
        2
463
0.0
 63
     5
421
      255
463
1.0
 63
     2
421
 16776960
470
LINEAR
1001
GradientColor1ACI
1070
     5
1001
GradientColor2ACI
1070
     2
1001
ACAD
1010
0.0
1020
0.0
1030
0.0
  0
HATCH
  5
6C0
330
1F
100
AcDbEntity
  8
0.1 ОКН
 62
     1
440
 33554585
100
AcDbHatch
 10
0.0
 20
0.0
 30
0.0
210
0.0
220
0.0
230
1.0
  2
SOLID
 70
     1
 71
     0
 91
        1
 92
        1
 93
        4
 72
     1
 10
29054.08486036396
 20
41986.45666396349
 11
29043.42269997621
 21
41986.45651566695
 72
     1
 10
29043.42269997621
 20
41986.45651566695
 11
29043.42269997621
 21
41983.11477300506
 72
     1
 10
29043.42269997621
 20
41983.11477300506
 11
29054.06447833593
 21
41983.33591659633
 72
     1
 10
29054.06447833593
 20
41983.33591659633
 11
29054.08486036396
 21
41986.45666396349
 97
        0
 75
     1
 76
     1
 98
        1
 10
29049.86536559447
 20
41984.86404760513
450
        0
451
        0
460
0.0
461
0.0
452
        0
462
1.0
453
        2
463
0.0
 63
     5
421
      255
463
1.0
 63
     2
421
 16776960
470
LINEAR
1001
GradientColor1ACI
1070
     5
1001
GradientColor2ACI
1070
     2
1001
ACAD
1010
0.0
1020
0.0
1030
0.0
  0
HATCH
  5
6C1
330
1F
100
AcDbEntity
  8
0.1 ОКН
 62
     1
440
 33554585
100
AcDbHatch
 10
0.0
 20
0.0
 30
0.0
210
0.0
220
0.0
230
1.0
  2
SOLID
 70
     1
 71
     0
 91
        1
 92
        1
 93
        9
 72
     1
 10
27188.07
 20
42476.63
 11
27189.42
 21
42474.48999999998
 72
     1
 10
27189.42
 20
42474.48999999998
 11
27200.25217001571
 21
42472.21779558786
 72
     1
 10
27200.25217001571
 20
42472.21779558786
 11
27202.45339142563
 21
42482.27214920171
 72
     1
 10
27202.45339142563
 20
42482.27214920171
 11
27202.84
 21
42482.19999999998
 72
     1
 10
27202.84
 20
42482.19999999998
 11
27203.99903021319
 21
42487.61803179522
 72
     1
 10
27203.99903021319
 20
42487.61803179522
 11
27200.64
 21
42488.28
 72
     1
 10
27200.64
 20
42488.28
 11
27199.76613864761
 21
42484.06873199325
 72
     1
 10
27199.76613864761
 20
42484.06873199325
 11
27190.21
 21
42485.87999999998
 72
     1
 10
27190.21
 20
42485.87999999998
 11
27188.07
 21
42476.63
 97
        0
 75
     1
 76
     1
 98
        1
 10
0.0
 20
0.0
450
        0
451
        0
460
0.0
461
0.0
452
        0
462
1.0
453
        2
463
0.0
 63
     5
421
      255
463
1.0
 63
     2
421
 16776960
470
LINEAR
1001
GradientColor1ACI
1070
     5
1001
GradientColor2ACI
1070
     2
1001
ACAD
1010
0.0
1020
0.0
1030
0.0
  0
HATCH
  5
6C2
330
1F
100
AcDbEntity
  8
0.1 ОКН
 62
     1
440
 33554585
100
AcDbHatch
 10
0.0
 20
0.0
 30
0.0
210
0.0
220
0.0
230
1.0
  2
SOLID
 70
     1
 71
     0
 91
        1
 92
        1
 93
        7
 72
     1
 10
27366.45068108862
 20
42308.12757021636
 11
27364.398078
 21
42317.110354
 72
     1
 10
27364.398078
 20
42317.110354
 11
27361.326755
 21
42316.28346
 72
     1
 10
27361.326755
 20
42316.28346
 11
27360.30298
 21
42319.984798
 72
     1
 10
27360.30298
 20
42319.984798
 11
27345.103866
 21
42315.73219599999
 72
     1
 10
27345.103866
 20
42315.73219599999
 11
27348.33255935857
 21
42303.34451022391
 72
     1
 10
27348.33255935857
 20
42303.34451022391
 11
27362.21508140293
 21
42306.96281371779
 72
     1
 10
27362.21508140293
 20
42306.96281371779
 11
27366.45068108862
 21
42308.12757021636
 97
        0
 75
     1
 76
     1
 98
        1
 10
0.0
 20
0.0
450
        0
451
        0
460
0.0
461
0.0
452
        0
462
1.0
453
        2
463
0.0
 63
     5
421
      255
463
1.0
 63
     2
421
 16776960
470
LINEAR
1001
GradientColor1ACI
1070
     5
1001
GradientColor2ACI
1070
     2
1001
ACAD
1010
0.0
1020
0.0
1030
0.0
  0
HATCH
  5
6C3
330
1F
100
AcDbEntity
  8
0.1 ОКН
 62
     1
440
 33554585
100
AcDbHatch
 10
0.0
 20
0.0
 30
0.0
210
0.0
220
0.0
230
1.0
  2
SOLID
 70
     1
 71
     0
 91
        2
 92
        1
 93
        4
 72
     1
 10
27315.92661256621
 20
42312.84886222643
 11
27320.35648106435
 21
42297.29923697214
 72
     1
 10
27320.35648106435
 20
42297.29923697214
 11
27329.789781215
 21
42300.09191702598
 72
     1
 10
27329.789781215
 20
42300.09191702598
 11
27325.3566642349
 21
42315.4605797438
 72
     1
 10
27325.3566642349
 20
42315.4605797438
 11
27315.92661256621
 21
42312.84886222643
 97
        0
 92
        1
 93
        4
 72
     1
 10
27315.11569901548
 20
42319.14245934961
 11
27311.676256
 21
42329.689395
 72
     1
 10
27311.676256
 20
42329.689395
 11
27319.758029
 21
42332.305797
 72
     1
 10
27319.758029
 20
42332.305797
 11
27323.07613697685
 21
42321.55806578492
 72
     1
 10
27323.07613697685
 20
42321.55806578492
 11
27315.11569901548
 21
42319.14245934961
 97
        0
 75
     1
 76
     1
 98
        1
 10
0.0
 20
0.0
450
        0
451
        0
460
0.0
461
0.0
452
        0
462
1.0
453
        2
463
0.0
 63
     5
421
      255
463
1.0
 63
     2
421
 16776960
470
LINEAR
1001
GradientColor1ACI
1070
     5
1001
GradientColor2ACI
1070
     2
1001
ACAD
1010
0.0
1020
0.0
1030
0.0
  0
HATCH
  5
6C4
330
1F
100
AcDbEntity
  8
0.1 ОКН
 62
     1
440
 33554585
100
AcDbHatch
 10
0.0
 20
0.0
 30
0.0
210
0.0
220
0.0
230
1.0
  2
SOLID
 70
     1
 71
     0
 91
        1
 92
        1
 93
       26
 72
     1
 10
27440.38682117442
 20
42334.20415725263
 11
27437.3256024544
 21
42342.98589625742
 72
     1
 10
27437.3256024544
 20
42342.98589625742
 11
27437.67356105098
 21
42343.70626062013
 72
     1
 10
27437.67356105098
 20
42343.70626062013
 11
27441.45065309604
 21
42345.02291383306
 72
     1
 10
27441.45065309604
 20
42345.02291383306
 11
27441.31898777475
 21
42345.40062303757
 72
     1
 10
27441.31898777475
 20
42345.40062303757
 11
27449.43973567164
 21
42348.23142744536
 72
     1
 10
27449.43973567164
 20
42348.23142744536
 11
27449.22479203463
 21
42348.84803772172
 72
     1
 10
27449.22479203463
 20
42348.84803772172
 11
27449.61624545577
 21
42349.65844762977
 72
     1
 10
27449.61624545577
 20
42349.65844762977
 11
27456.79272034138
 21
42352.16008873437
 72
     1
 10
27456.79272034138
 20
42352.16008873437
 11
27457.60313024943
 21
42351.76863531322
 72
     1
 10
27457.60313024943
 20
42351.76863531322
 11
27457.80062823137
 21
42351.20207150647
 72
     1
 10
27457.80062823137
 20
42351.20207150647
 11
27465.92137612821
 21
42354.03287591439
 72
     1
 10
27465.92137612821
 20
42354.03287591439
 11
27466.05304144951
 21
42353.65516670989
 72
     1
 10
27466.05304144951
 20
42353.65516670989
 11
27469.83013349455
 21
42354.97181992288
 72
     1
 10
27469.83013349455
 20
42354.97181992288
 11
27470.55049785727
 21
42354.62386132631
 72
     1
 10
27470.55049785727
 20
42354.62386132631
 11
27473.64463290779
 21
42345.74769502046
 72
     1
 10
27473.64463290779
 20
42345.74769502046
 11
27473.29667431122
 21
42345.02733065774
 72
     1
 10
27473.29667431122
 20
42345.02733065774
 11
27469.23630036279
 21
42343.61192845379
 72
     1
 10
27469.23630036279
 20
42343.61192845379
 11
27469.36796568408
 21
42343.23421924928
 72
     1
 10
27469.36796568408
 20
42343.23421924928
 11
27462.00263619618
 21
42340.66674548413
 72
     1
 10
27462.00263619618
 20
42340.66674548413
 11
27462.20013417812
 21
42340.10018167738
 72
     1
 10
27462.20013417812
 20
42340.10018167738
 11
27452.7574040654
 21
42336.80854864521
 72
     1
 10
27452.7574040654
 20
42336.80854864521
 11
27452.55990608348
 21
42337.37511245198
 72
     1
 10
27452.55990608348
 20
42337.37511245198
 11
27445.19457659555
 21
42334.80763868692
 72
     1
 10
27445.19457659555
 20
42334.80763868692
 11
27445.06291127426
 21
42335.18534789143
 72
     1
 10
27445.06291127426
 20
42335.18534789143
 11
27441.11741817228
 21
42333.80999190142
 72
     1
 10
27441.11741817228
 20
42333.80999190142
 11
27440.38682117442
 21
42334.20415725263
 97
        0
 75
     1
 76
     1
 98
        1
 10
0.0
 20
0.0
450
        0
451
        0
460
0.0
461
0.0
452
        0
462
1.0
453
        2
463
0.0
 63
     5
421
      255
463
1.0
 63
     2
421
 16776960
470
LINEAR
1001
GradientColor1ACI
1070
     5
1001
GradientColor2ACI
1070
     2
1001
ACAD
1010
0.0
1020
0.0
1030
0.0
  0
HATCH
  5
6C5
330
1F
100
AcDbEntity
  8
0.1 ОКН
 62
     1
440
 33554585
100
AcDbHatch
 10
0.0
 20
0.0
 30
0.0
210
0.0
220
0.0
230
1.0
  2
SOLID
 70
     1
 71
     0
 91
        1
 92
        1
 93
        8
 72
     1
 10
27335.90622040208
 20
42341.8737492871
 11
27332.242005
 21
42340.778377
 72
     1
 10
27332.242005
 20
42340.778377
 11
27331.45623560104
 21
42343.40691559647
 72
     1
 10
27331.45623560104
 20
42343.40691559647
 11
27323.9638755034
 21
42341.10947184846
 72
     1
 10
27323.9638755034
 20
42341.10947184846
 11
27324.93718679727
 21
42337.84383814635
 72
     1
 10
27324.93718679727
 20
42337.84383814635
 11
27326.28939969073
 21
42338.26026892146
 72
     1
 10
27326.28939969073
 20
42338.26026892146
 11
27329.26318109914
 21
42329.80106002964
 72
     1
 10
27329.26318109914
 20
42329.80106002964
 11
27338.67419938531
 21
42332.6143684651
 72
     1
 10
27338.67419938531
 20
42332.6143684651
 11
27335.90622040208
 21
42341.8737492871
 97
        0
 75
     1
 76
     1
 98
        1
 10
0.0
 20
0.0
450
        0
451
        0
460
0.0
461
0.0
452
        0
462
1.0
453
        2
463
0.0
 63
     5
421
      255
463
1.0
 63
     2
421
 16776960
470
LINEAR
1001
GradientColor1ACI
1070
     5
1001
GradientColor2ACI
1070
     2
1001
ACAD
1010
0.0
1020
0.0
1030
0.0
  0
HATCH
  5
6C6
330
1F
100
AcDbEntity
  8
0.1 ОКН
 62
     1
440
 33554585
100
AcDbHatch
 10
0.0
 20
0.0
 30
0.0
210
0.0
220
0.0
230
1.0
  2
SOLID
 70
     1
 71
     0
 91
        1
 92
        1
 93
       18
 72
     1
 10
27404.39496557646
 20
42329.25224148665
 11
27396.20221290262
 21
42326.18492657287
 72
     1
 10
27396.20221290262
 20
42326.18492657287
 11
27396.37437690544
 21
42325.72507907298
 72
     1
 10
27396.37437690544
 20
42325.72507907298
 11
27392.85485233874
 21
42324.40739127958
 72
     1
 10
27392.85485233874
 20
42324.40739127958
 11
27392.68143098566
 21
42324.87059714337
 72
     1
 10
27392.68143098566
 20
42324.87059714337
 11
27381.09565229007
 21
42320.53295469339
 72
     1
 10
27381.09565229007
 20
42320.53295469339
 11
27376.41800465429
 21
42334.33492344958
 72
     1
 10
27376.41800465429
 20
42334.33492344958
 11
27383.59944839727
 21
42336.7687982061
 72
     1
 10
27383.59944839727
 20
42336.7687982061
 11
27383.0483127302
 21
42338.39499108117
 72
     1
 10
27383.0483127302
 20
42338.39499108117
 11
27387.26099729964
 21
42339.82271884702
 72
     1
 10
27387.26099729964
 20
42339.82271884702
 11
27386.92594474176
 21
42340.81133220478
 72
     1
 10
27386.92594474176
 20
42340.81133220478
 11
27391.58266532131
 21
42342.38954893561
 72
     1
 10
27391.58266532131
 20
42342.38954893561
 11
27391.95736438417
 21
42341.2839537388
 72
     1
 10
27391.95736438417
 20
42341.2839537388
 11
27395.32299159822
 21
42342.42460392131
 72
     1
 10
27395.32299159822
 20
42342.42460392131
 11
27395.77992435338
 21
42341.07636820509
 72
     1
 10
27395.77992435338
 20
42341.07636820509
 11
27398.99326241864
 21
42342.40514016045
 72
     1
 10
27398.99326241864
 20
42342.40514016045
 11
27399.73592474625
 21
42340.385036138
 72
     1
 10
27399.73592474625
 20
42340.385036138
 11
27400.33214727867
 21
42340.60422881758
 72
     1
 10
27400.33214727867
 20
42340.60422881758
 11
27404.39496557646
 21
42329.25224148665
 97
        0
 75
     1
 76
     1
 98
        1
 10
0.0
 20
0.0
450
        0
451
        0
460
0.0
461
0.0
452
        0
462
1.0
453
        2
463
0.0
 63
     5
421
      255
463
1.0
 63
     2
421
 16776960
470
LINEAR
1001
GradientColor1ACI
1070
     5
1001
GradientColor2ACI
1070
     2
1001
ACAD
1010
0.0
1020
0.0
1030
0.0
  0
HATCH
  5
6C7
330
1F
100
AcDbEntity
  8
0.1 ОКН
 62
     1
440
 33554585
100
AcDbHatch
 10
0.0
 20
0.0
 30
0.0
210
0.0
220
0.0
230
1.0
  2
SOLID
 70
     1
 71
     0
 91
        1
 92
        1
 93
        4
 72
     1
 10
27473.43752654253
 20
42373.58633158005
 11
27476.75063245162
 21
42363.07686804479
 72
     1
 10
27476.75063245162
 20
42363.07686804479
 11
27498.79984949429
 21
42370.02787853453
 72
     1
 10
27498.79984949429
 20
42370.02787853453
 11
27495.4867435852
 21
42380.53734206978
 72
     1
 10
27495.4867435852
 20
42380.53734206978
 11
27473.43752654253
 21
42373.58633158005
 97
        0
 75
     1
 76
     1
 98
        1
 10
0.0
 20
0.0
450
        0
451
        0
460
0.0
461
0.0
452
        0
462
1.0
453
        2
463
0.0
 63
     5
421
      255
463
1.0
 63
     2
421
 16776960
470
LINEAR
1001
GradientColor1ACI
1070
     5
1001
GradientColor2ACI
1070
     2
1001
ACAD
1010
0.0
1020
0.0
1030
0.0
  0
HATCH
  5
6C8
330
1F
100
AcDbEntity
  8
0.1 ОКН
 62
     1
440
 33554585
100
AcDbHatch
 10
0.0
 20
0.0
 30
0.0
210
0.0
220
0.0
230
1.0
  2
SOLID
 70
     1
 71
     0
 91
        1
 92
        1
 93
        4
 72
     1
 10
27335.90622040207
 20
42341.8737492871
 11
27338.67419918813
 21
42332.6143691247
 72
     1
 10
27338.67419918813
 20
42332.6143691247
 11
27354.029792
 21
42337.204736
 72
     1
 10
27354.029792
 20
42337.204736
 11
27351.43451570978
 21
42346.51433111752
 72
     1
 10
27351.43451570978
 20
42346.51433111752
 11
27335.90622040207
 21
42341.8737492871
 97
        0
 75
     1
 76
     1
 98
        1
 10
-18.3204503419256
 20
12.90397848858993
450
        0
451
        0
460
0.0
461
0.0
452
        0
462
1.0
453
        2
463
0.0
 63
     5
421
      255
463
1.0
 63
     2
421
 16776960
470
LINEAR
1001
GradientColor1ACI
1070
     5
1001
GradientColor2ACI
1070
     2
1001
ACAD
1010
0.0
1020
0.0
1030
0.0
  0
HATCH
  5
6C9
330
1F
100
AcDbEntity
  8
0.1 ОКН
 62
     1
440
 33554585
100
AcDbHatch
 10
0.0
 20
0.0
 30
0.0
210
0.0
220
0.0
230
1.0
  2
SOLID
 70
     1
 71
     0
 91
        3
 92
       17
 93
       57
 72
     1
 10
27214.54044784017
 20
42202.41788141212
 11
27212.73269300783
 21
42202.44483503711
 72
     1
 10
27212.73269300783
 20
42202.44483503711
 11
27214.63783143879
 21
42233.97523505429
 72
     1
 10
27214.63783143879
 20
42233.97523505429
 11
27201.57908504426
 21
42235.28431769485
 72
     1
 10
27201.57908504426
 20
42235.28431769485
 11
27201.358912616
 21
42231.59470540422
 72
     1
 10
27201.358912616
 20
42231.59470540422
 11
27199.26867784172
 21
42200.08076709353
 72
     1
 10
27199.26867784172
 20
42200.08076709353
 11
27205.77873093997
 21
42199.68501386866
 72
     1
 10
27205.77873093997
 20
42199.68501386866
 11
27205.71933173185
 21
42198.28982622984
 72
     1
 10
27205.71933173185
 20
42198.28982622984
 11
27206.93718234989
 21
42198.26012223495
 72
     1
 10
27206.93718234989
 20
42198.26012223495
 11
27206.81830050781
 21
42194.19332529128
 72
     1
 10
27206.81830050781
 20
42194.19332529128
 11
27184.88163902591
 21
42199.5433448156
 72
     1
 10
27184.88163902591
 20
42199.5433448156
 11
27183.09707658103
 21
42192.34627688167
 72
     1
 10
27183.09707658103
 20
42192.34627688167
 11
27182.11681378717
 21
42183.69977822748
 72
     1
 10
27182.11681378717
 20
42183.69977822748
 11
27184.81448552453
 21
42183.05957631761
 72
     1
 10
27184.81448552453
 20
42183.05957631761
 11
27185.30253693565
 21
42185.08917569971
 72
     1
 10
27185.30253693565
 20
42185.08917569971
 11
27203.64419703716
 21
42180.8226270656
 72
     1
 10
27203.64419703716
 20
42180.8226270656
 11
27203.10556948473
 21
42178.68804053775
 72
     1
 10
27203.10556948473
 20
42178.68804053775
 11
27204.1237024978
 21
42178.41345239851
 72
     1
 10
27204.1237024978
 20
42178.41345239851
 11
27205.36051168372
 21
42178.10441532197
 72
     1
 10
27205.36051168372
 20
42178.10441532197
 11
27206.16443747995
 21
42177.96019762719
 72
     1
 10
27206.16443747995
 20
42177.96019762719
 11
27207.46308764904
 21
42177.83658330106
 72
     1
 10
27207.46308764904
 20
42177.83658330106
 11
27208.28482753884
 21
42177.99762242765
 72
     1
 10
27208.28482753884
 20
42177.99762242765
 11
27208.51437563171
 21
42178.04260773848
 72
     1
 10
27208.51437563171
 20
42178.04260773848
 11
27209.58627611127
 21
42178.55767009329
 72
     1
 10
27209.58627611127
 20
42178.55767009329
 11
27209.90691735088
 21
42178.79268119564
 72
     1
 10
27209.90691735088
 20
42178.79268119564
 11
27210.51388387383
 21
42179.2375518299
 72
     1
 10
27210.51388387383
 20
42179.2375518299
 11
27211.19412770373
 21
42179.93803693513
 72
     1
 10
27211.19412770373
 20
42179.93803693513
 11
27211.69461114257
 21
42180.51634130643
 72
     1
 10
27211.69461114257
 20
42180.51634130643
 11
27212.23017983113
 21
42181.37024684356
 72
     1
 10
27212.23017983113
 20
42181.37024684356
 11
27212.75299929571
 21
42182.35160083025
 72
     1
 10
27212.75299929571
 20
42182.35160083025
 11
27213.17380401368
 21
42183.28197526893
 72
     1
 10
27213.17380401368
 20
42183.28197526893
 11
27213.4543410744
 21
42183.98294300286
 72
     1
 10
27213.4543410744
 20
42183.98294300286
 11
27213.63286338851
 21
42184.40352280241
 72
     1
 10
27213.63286338851
 20
42184.40352280241
 11
27211.51608708222
 21
42184.98978634316
 72
     1
 10
27211.51608708222
 20
42184.98978634316
 11
27211.66255968376
 21
42185.42101214735
 72
     1
 10
27211.66255968376
 20
42185.42101214735
 11
27211.90572744003
 21
42186.13286783233
 72
     1
 10
27211.90572744003
 20
42186.13286783233
 11
27212.14407837746
 21
42186.84611454666
 72
     1
 10
27212.14407837746
 20
42186.84611454666
 11
27212.37279567723
 21
42187.56214331965
 72
     1
 10
27212.37279567723
 20
42187.56214331965
 11
27212.50619181398
 21
42188.00314277341
 72
     1
 10
27212.50619181398
 20
42188.00314277341
 11
27212.78464568887
 21
42189.00729215761
 72
     1
 10
27212.78464568887
 20
42189.00729215761
 11
27212.96614822144
 21
42189.7366571852
 72
     1
 10
27212.96614822144
 20
42189.7366571852
 11
27213.13262072447
 21
42190.46997131903
 72
     1
 10
27213.13262072447
 20
42190.46997131903
 11
27213.28505772611
 21
42191.20678339163
 72
     1
 10
27213.28505772611
 20
42191.20678339163
 11
27213.42445375445
 21
42191.94664223551
 72
     1
 10
27213.42445375445
 20
42191.94664223551
 11
27213.55180333761
 21
42192.68909668316
 72
     1
 10
27213.55180333761
 20
42192.68909668316
 11
27213.66810100369
 21
42193.43369556707
 72
     1
 10
27213.66810100369
 20
42193.43369556707
 11
27213.77434128079
 21
42194.17998771973
 72
     1
 10
27213.77434128079
 20
42194.17998771973
 11
27213.87151869704
 21
42194.92752197368
 72
     1
 10
27213.87151869704
 20
42194.92752197368
 11
27213.99350794074
 21
42195.96871406337
 72
     1
 10
27213.99350794074
 20
42195.96871406337
 11
27214.04265486023
 21
42196.42452836882
 72
     1
 10
27214.04265486023
 20
42196.42452836882
 11
27214.11846775442
 21
42197.17336560986
 72
     1
 10
27214.11846775442
 20
42197.17336560986
 11
27214.18884513993
 21
42197.92233560665
 72
     1
 10
27214.18884513993
 20
42197.92233560665
 11
27214.254563518
 21
42198.67141939408
 72
     1
 10
27214.254563518
 20
42198.67141939408
 11
27214.31639938987
 21
42199.42059800705
 72
     1
 10
27214.31639938987
 20
42199.42059800705
 11
27214.37512925678
 21
42200.16985248045
 72
     1
 10
27214.37512925678
 20
42200.16985248045
 11
27214.43152961998
 21
42200.91916384916
 72
     1
 10
27214.43152961998
 20
42200.91916384916
 11
27214.48637698069
 21
42201.66851314808
 72
     1
 10
27214.48637698069
 20
42201.66851314808
 11
27214.54044784017
 21
42202.41788141212
 97
        0
 92
        0
 93
        2
 72
     1
 10
27214.54044784017
 20
42202.41788141212
 11
27212.73269300783
 21
42202.44483503711
 72
     1
 10
27212.73269300783
 20
42202.44483503711
 11
27214.54044784017
 21
42202.41788141212
 97
        0
 92
       49
 93
       57
 72
     1
 10
27212.73269300783
 20
42202.44483503711
 11
27214.63783143879
 21
42233.97523505429
 72
     1
 10
27212.73269300783
 20
42202.44483503711
 11
27214.54044784017
 21
42202.41788141212
 72
     1
 10
27214.54044784017
 20
42202.41788141212
 11
27214.48637698069
 21
42201.66851314808
 72
     1
 10
27214.48637698069
 20
42201.66851314808
 11
27214.43152961998
 21
42200.91916384916
 72
     1
 10
27214.43152961998
 20
42200.91916384916
 11
27214.37512925678
 21
42200.16985248045
 72
     1
 10
27214.37512925678
 20
42200.16985248045
 11
27214.31639938987
 21
42199.42059800705
 72
     1
 10
27214.31639938987
 20
42199.42059800705
 11
27214.254563518
 21
42198.67141939408
 72
     1
 10
27214.254563518
 20
42198.67141939408
 11
27214.18884513993
 21
42197.92233560665
 72
     1
 10
27214.18884513993
 20
42197.92233560665
 11
27214.11846775442
 21
42197.17336560986
 72
     1
 10
27214.11846775442
 20
42197.17336560986
 11
27214.04265486023
 21
42196.42452836882
 72
     1
 10
27214.04265486023
 20
42196.42452836882
 11
27213.99350794074
 21
42195.96871406337
 72
     1
 10
27213.99350794074
 20
42195.96871406337
 11
27213.87151869704
 21
42194.92752197368
 72
     1
 10
27213.87151869704
 20
42194.92752197368
 11
27213.77434128079
 21
42194.17998771973
 72
     1
 10
27213.77434128079
 20
42194.17998771973
 11
27213.66810100369
 21
42193.43369556707
 72
     1
 10
27213.66810100369
 20
42193.43369556707
 11
27213.55180333761
 21
42192.68909668316
 72
     1
 10
27213.55180333761
 20
42192.68909668316
 11
27213.42445375445
 21
42191.94664223551
 72
     1
 10
27213.42445375445
 20
42191.94664223551
 11
27213.28505772611
 21
42191.20678339163
 72
     1
 10
27213.28505772611
 20
42191.20678339163
 11
27213.13262072447
 21
42190.46997131903
 72
     1
 10
27213.13262072447
 20
42190.46997131903
 11
27212.96614822144
 21
42189.7366571852
 72
     1
 10
27212.96614822144
 20
42189.7366571852
 11
27212.78464568887
 21
42189.00729215761
 72
     1
 10
27212.78464568887
 20
42189.00729215761
 11
27212.50619181398
 21
42188.00314277341
 72
     1
 10
27212.50619181398
 20
42188.00314277341
 11
27212.37279567723
 21
42187.56214331965
 72
     1
 10
27212.37279567723
 20
42187.56214331965
 11
27212.14407837746
 21
42186.84611454666
 72
     1
 10
27212.14407837746
 20
42186.84611454666
 11
27211.90572744003
 21
42186.13286783233
 72
     1
 10
27211.90572744003
 20
42186.13286783233
 11
27211.66255968376
 21
42185.42101214735
 72
     1
 10
27211.66255968376
 20
42185.42101214735
 11
27211.51608708222
 21
42184.98978634316
 72
     1
 10
27211.51608708222
 20
42184.98978634316
 11
27213.63286338851
 21
42184.40352280241
 72
     1
 10
27213.63286338851
 20
42184.40352280241
 11
27213.4543410744
 21
42183.98294300286
 72
     1
 10
27213.4543410744
 20
42183.98294300286
 11
27213.17380401368
 21
42183.28197526893
 72
     1
 10
27213.17380401368
 20
42183.28197526893
 11
27212.75299929571
 21
42182.35160083025
 72
     1
 10
27212.75299929571
 20
42182.35160083025
 11
27212.23017983113
 21
42181.37024684356
 72
     1
 10
27212.23017983113
 20
42181.37024684356
 11
27211.69461114257
 21
42180.51634130643
 72
     1
 10
27211.69461114257
 20
42180.51634130643
 11
27211.19412770373
 21
42179.93803693513
 72
     1
 10
27211.19412770373
 20
42179.93803693513
 11
27210.51388387383
 21
42179.2375518299
 72
     1
 10
27210.51388387383
 20
42179.2375518299
 11
27209.90691735088
 21
42178.79268119564
 72
     1
 10
27209.90691735088
 20
42178.79268119564
 11
27209.58627611127
 21
42178.55767009329
 72
     1
 10
27209.58627611127
 20
42178.55767009329
 11
27208.51437563171
 21
42178.04260773848
 72
     1
 10
27208.51437563171
 20
42178.04260773848
 11
27208.28482753884
 21
42177.99762242765
 72
     1
 10
27208.28482753884
 20
42177.99762242765
 11
27207.46308764904
 21
42177.83658330106
 72
     1
 10
27207.46308764904
 20
42177.83658330106
 11
27206.16443747995
 21
42177.96019762719
 72
     1
 10
27206.16443747995
 20
42177.96019762719
 11
27205.36051168372
 21
42178.10441532197
 72
     1
 10
27205.36051168372
 20
42178.10441532197
 11
27204.1237024978
 21
42178.41345239851
 72
     1
 10
27204.1237024978
 20
42178.41345239851
 11
27203.10556948473
 21
42178.68804053775
 72
     1
 10
27203.10556948473
 20
42178.68804053775
 11
27203.64419703716
 21
42180.8226270656
 72
     1
 10
27203.64419703716
 20
42180.8226270656
 11
27185.30253693565
 21
42185.08917569971
 72
     1
 10
27185.30253693565
 20
42185.08917569971
 11
27184.81448552453
 21
42183.05957631761
 72
     1
 10
27184.81448552453
 20
42183.05957631761
 11
27182.11681378717
 21
42183.69977822748
 72
     1
 10
27182.11681378717
 20
42183.69977822748
 11
27183.09707658103
 21
42192.34627688167
 72
     1
 10
27183.09707658103
 20
42192.34627688167
 11
27184.88163902591
 21
42199.5433448156
 72
     1
 10
27184.88163902591
 20
42199.5433448156
 11
27206.81830050781
 21
42194.19332529128
 72
     1
 10
27206.81830050781
 20
42194.19332529128
 11
27206.93718234989
 21
42198.26012223495
 72
     1
 10
27206.93718234989
 20
42198.26012223495
 11
27205.71933173185
 21
42198.28982622984
 72
     1
 10
27205.71933173185
 20
42198.28982622984
 11
27205.77873093997
 21
42199.68501386866
 72
     1
 10
27205.77873093997
 20
42199.68501386866
 11
27199.26867784172
 21
42200.08076709353
 72
     1
 10
27199.26867784172
 20
42200.08076709353
 11
27201.358912616
 21
42231.59470540422
 72
     1
 10
27201.358912616
 20
42231.59470540422
 11
27201.57908504426
 21
42235.28431769485
 72
     1
 10
27201.57908504426
 20
42235.28431769485
 11
27214.63783143879
 21
42233.97523505429
 97
        0
 75
     1
 76
     1
 98
        1
 10
0.0
 20
0.0
450
        0
451
        0
460
0.0
461
0.0
452
        0
462
1.0
453
        2
463
0.0
 63
     5
421
      255
463
1.0
 63
     2
421
 16776960
470
LINEAR
1001
GradientColor1ACI
1070
     5
1001
GradientColor2ACI
1070
     2
1001
ACAD
1010
0.0
1020
0.0
1030
0.0
  0
HATCH
  5
6CA
330
1F
100
AcDbEntity
  8
0.1 ОКН
 62
     1
440
 33554585
100
AcDbHatch
 10
0.0
 20
0.0
 30
0.0
210
0.0
220
0.0
230
1.0
  2
SOLID
 70
     1
 71
     0
 91
        1
 92
        1
 93
        4
 72
     1
 10
27184.9539692414
 20
42222.55368947767
 11
27183.72671698816
 21
42215.02999336729
 72
     1
 10
27183.72671698816
 20
42215.02999336729
 11
27173.92201716007
 21
42216.75605558968
 72
     1
 10
27173.92201716007
 20
42216.75605558968
 11
27175.19738185919
 21
42224.31282488043
 72
     1
 10
27175.19738185919
 20
42224.31282488043
 11
27184.9539692414
 21
42222.55368947767
 97
        0
 75
     1
 76
     1
 98
        1
 10
0.0
 20
0.0
450
        0
451
        0
460
0.0
461
0.0
452
        0
462
1.0
453
        2
463
0.0
 63
     5
421
      255
463
1.0
 63
     2
421
 16776960
470
LINEAR
1001
GradientColor1ACI
1070
     5
1001
GradientColor2ACI
1070
     2
1001
ACAD
1010
0.0
1020
0.0
1030
0.0
  0
HATCH
  5
6CB
330
1F
100
AcDbEntity
  8
0.1 ОКН
 62
     1
440
 33554585
100
AcDbHatch
 10
0.0
 20
0.0
 30
0.0
210
0.0
220
0.0
230
1.0
  2
SOLID
 70
     1
 71
     0
 91
        1
 92
        1
 93
       17
 72
     1
 10
27443.27206321679
 20
42246.8936191968
 11
27430.82926309861
 21
42242.82709154463
 72
     1
 10
27430.82926309861
 20
42242.82709154463
 11
27431.81580789673
 21
42239.63227179367
 72
     1
 10
27431.81580789673
 20
42239.63227179367
 11
27424.89860543431
 21
42237.49627332153
 72
     1
 10
27424.89860543431
 20
42237.49627332153
 11
27425.14791533323
 21
42236.84379565268
 72
     1
 10
27425.14791533323
 20
42236.84379565268
 11
27417.1649748793
 21
42234.76934118817
 72
     1
 10
27417.1649748793
 20
42234.76934118817
 11
27414.15139531445
 21
42236.10790150558
 72
     1
 10
27414.15139531445
 20
42236.10790150558
 11
27412.92883520411
 21
42239.74760103673
 72
     1
 10
27412.92883520411
 20
42239.74760103673
 11
27415.50628550052
 21
42240.55519269205
 72
     1
 10
27415.50628550052
 20
42240.55519269205
 11
27414.73213386059
 21
42243.0259182879
 72
     1
 10
27414.73213386059
 20
42243.0259182879
 11
27417.03435897664
 21
42243.7472737278
 72
     1
 10
27417.03435897664
 20
42243.7472737278
 11
27415.25439178585
 21
42249.42808646686
 72
     1
 10
27415.25439178585
 20
42249.42808646686
 11
27399.06748728908
 21
42244.061721124
 72
     1
 10
27399.06748728908
 20
42244.061721124
 11
27407.98111334954
 21
42213.69646044371
 72
     1
 10
27407.98111334954
 20
42213.69646044371
 11
27457.67851801907
 21
42229.44260294435
 72
     1
 10
27457.67851801907
 20
42229.44260294435
 11
27452.46
 21
42246.45999999999
 72
     1
 10
27452.46
 20
42246.45999999999
 11
27444.18939582025
 21
42243.87561664737
 72
     1
 10
27444.18939582025
 20
42243.87561664737
 11
27443.27206321679
 21
42246.8936191968
 97
        0
 75
     1
 76
     1
 98
        1
 10
0.0
 20
0.0
450
        0
451
        0
460
0.0
461
0.0
452
        0
462
1.0
453
        2
463
0.0
 63
     5
421
      255
463
1.0
 63
     2
421
 16776960
470
LINEAR
1001
GradientColor1ACI
1070
     5
1001
GradientColor2ACI
1070
     2
1001
ACAD
1010
0.0
1020
0.0
1030
0.0
  0
HATCH
  5
6CC
330
1F
100
AcDbEntity
  8
0.1 ОКН
 62
     1
440
 33554585
100
AcDbHatch
 10
0.0
 20
0.0
 30
0.0
210
0.0
220
0.0
230
1.0
  2
SOLID
 70
     1
 71
     0
 91
        1
 92
        1
 93
       19
 72
     1
 10
27352.25117606557
 20
42202.85341779228
 11
27397.55875623468
 21
42217.15746979803
 72
     1
 10
27397.55875623468
 20
42217.15746979803
 11
27390.57912734763
 21
42238.91929992262
 72
     1
 10
27390.57912734763
 20
42238.91929992262
 11
27375.11604058856
 21
42234.02454905534
 72
     1
 10
27375.11604058856
 20
42234.02454905534
 11
27374.48103413162
 21
42234.51643775092
 72
     1
 10
27374.48103413162
 20
42234.51643775092
 11
27373.61344760654
 21
42234.87905824145
 72
     1
 10
27373.61344760654
 20
42234.87905824145
 11
27372.41684689628
 21
42234.9404742185
 72
     1
 10
27372.41684689628
 20
42234.9404742185
 11
27371.31687860657
 21
42234.73142433907
 72
     1
 10
27371.31687860657
 20
42234.73142433907
 11
27370.24939966319
 21
42234.21520905654
 72
     1
 10
27370.24939966319
 20
42234.21520905654
 11
27369.35646895358
 21
42233.33092550101
 72
     1
 10
27369.35646895358
 20
42233.33092550101
 11
27368.77711470407
 21
42232.15212660709
 72
     1
 10
27368.77711470407
 20
42232.15212660709
 11
27359.68498046769
 21
42229.32999962314
 72
     1
 10
27359.68498046769
 20
42229.32999962314
 11
27361.93873462041
 21
42221.71354795632
 72
     1
 10
27361.93873462041
 20
42221.71354795632
 11
27348.020301
 21
42217.14079299999
 72
     1
 10
27348.020301
 20
42217.14079299999
 11
27344.22024484694
 21
42229.73845374333
 72
     1
 10
27344.22024484694
 20
42229.73845374333
 11
27341.24194308581
 21
42228.78221848198
 72
     1
 10
27341.24194308581
 20
42228.78221848198
 11
27332.09453500001
 21
42225.845285
 72
     1
 10
27332.09453500001
 20
42225.845285
 11
27340.52233999999
 21
42199.150508
 72
     1
 10
27340.52233999999
 20
42199.150508
 11
27342.91279206833
 21
42199.90519745668
 72
     1
 10
27342.91279206833
 20
42199.90519745668
 11
27352.251176
 21
42202.853418
 97
        0
 75
     1
 76
     1
 98
        1
 10
0.0
 20
0.0
450
        0
451
        0
460
0.0
461
0.0
452
        0
462
1.0
453
        2
463
0.0
 63
     5
421
      255
463
1.0
 63
     2
421
 16776960
470
LINEAR
1001
GradientColor1ACI
1070
     5
1001
GradientColor2ACI
1070
     2
1001
ACAD
1010
0.0
1020
0.0
1030
0.0
  0
HATCH
  5
6CD
330
1F
100
AcDbEntity
  8
0.1 ОКН
 62
     1
440
 33554585
100
AcDbHatch
 10
0.0
 20
0.0
 30
0.0
210
0.0
220
0.0
230
1.0
  2
SOLID
 70
     1
 71
     0
 91
        1
 92
        1
 93
        6
 72
     1
 10
27107.72542875416
 20
42552.17077067766
 11
27112.77341416664
 21
42568.98609603699
 72
     1
 10
27112.77341416664
 20
42568.98609603699
 11
27125.6038502282
 21
42565.1936781962
 72
     1
 10
27125.6038502282
 20
42565.1936781962
 11
27123.6648570243
 21
42559.015066838
 72
     1
 10
27123.6648570243
 20
42559.015066838
 11
27121.62240110421
 21
42559.62478862263
 72
     1
 10
27121.62240110421
 20
42559.62478862263
 11
27118.3996350395
 21
42548.9377299114
 72
     1
 10
27118.3996350395
 20
42548.9377299114
 11
27107.72542875416
 21
42552.17077067766
 97
        0
 75
     1
 76
     1
 98
        1
 10
1.0
 20
0.0
450
        0
451
        0
460
0.0
461
0.0
452
        0
462
1.0
453
        2
463
0.0
 63
     5
421
      255
463
1.0
 63
     2
421
 16776960
470
LINEAR
1001
GradientColor1ACI
1070
     5
1001
GradientColor2ACI
1070
     2
1001
ACAD
1010
0.0
1020
0.0
1030
0.0
  0
HATCH
  5
6CE
330
1F
100
AcDbEntity
  8
0.1 ОКН
 62
     1
440
 33554585
100
AcDbHatch
 10
0.0
 20
0.0
 30
0.0
210
0.0
220
0.0
230
1.0
  2
SOLID
 70
     1
 71
     0
 91
        1
 92
        1
 93
        8
 72
     1
 10
27829.25000000001
 20
42524.92999999999
 11
27862.69
 21
42536.61999999999
 72
     1
 10
27862.69
 20
42536.61999999999
 11
27867.61000000001
 21
42522.26999999999
 72
     1
 10
27867.61000000001
 20
42522.26999999999
 11
27857.47000000001
 21
42518.65999999999
 72
     1
 10
27857.47000000001
 20
42518.65999999999
 11
27857.68
 21
42518.07999999999
 72
     1
 10
27857.68
 20
42518.07999999999
 11
27849.6
 21
42515.22999999999
 72
     1
 10
27849.6
 20
42515.22999999999
 11
27849.39000000001
 21
42515.81999999999
 72
     1
 10
27849.39000000001
 20
42515.81999999999
 11
27834.22000000001
 21
42510.41999999999
 72
     1
 10
27834.22000000001
 20
42510.41999999999
 11
27829.25000000001
 21
42524.92999999999
 97
        0
 75
     1
 76
     1
 98
        1
 10
0.0
 20
0.0
450
        0
451
        0
460
0.0
461
0.0
452
        0
462
1.0
453
        2
463
0.0
 63
     5
421
      255
463
1.0
 63
     2
421
 16776960
470
LINEAR
1001
GradientColor1ACI
1070
     5
1001
GradientColor2ACI
1070
     2
1001
ACAD
1010
0.0
1020
0.0
1030
0.0
  0
HATCH
  5
6CF
330
1F
100
AcDbEntity
  8
0.1 ОКН
 62
     1
440
 33554585
100
AcDbHatch
 10
0.0
 20
0.0
 30
0.0
210
0.0
220
0.0
230
1.0
  2
SOLID
 70
     1
 71
     0
 91
        1
 92
        1
 93
        4
 72
     1
 10
27789.12162371152
 20
42626.61243324245
 11
27790.98722424719
 21
42619.92477880232
 72
     1
 10
27790.98722424719
 20
42619.92477880232
 11
27781.19357190683
 21
42617.62521425795
 72
     1
 10
27781.19357190683
 20
42617.62521425795
 11
27779.45974532902
 21
42624.30110021472
 72
     1
 10
27779.45974532902
 20
42624.30110021472
 11
27789.12162371152
 21
42626.61243324245
 97
        0
 75
     1
 76
     1
 98
        1
 10
0.0
 20
0.0
450
        0
451
        0
460
0.0
461
0.0
452
        0
462
0.0
453
        2
463
0.0
 63
     5
421
      255
463
1.0
 63
     2
421
 16776960
470
LINEAR
1001
GradientColor1ACI
1070
     5
1001
GradientColor2ACI
1070
     2
1001
ACAD
1010
0.0
1020
0.0
1030
0.0
  0
HATCH
  5
6D1
330
1F
100
AcDbEntity
  8
0.1 ОКН
 62
     1
440
 33554585
100
AcDbHatch
 10
0.0
 20
0.0
 30
0.0
210
0.0
220
0.0
230
1.0
  2
SOLID
 70
     1
 71
     0
 91
        1
 92
        1
 93
        9
 72
     1
 10
28577.44968945726
 20
42667.36222456085
 11
28585.03532483559
 21
42666.55599912553
 72
     1
 10
28585.03532483559
 20
42666.55599912553
 11
28584.72125865904
 21
42663.60100490729
 72
     1
 10
28584.72125865904
 20
42663.60100490729
 11
28593.26615137435
 21
42662.62201602475
 72
     1
 10
28593.26615137435
 20
42662.62201602475
 11
28593.6228498602
 21
42666.33614374613
 72
     1
 10
28593.6228498602
 20
42666.33614374613
 11
28591.37730668976
 21
42666.60369667124
 72
     1
 10
28591.37730668976
 20
42666.60369667124
 11
28591.81830647262
 21
42671.51315701183
 72
     1
 10
28591.81830647262
 20
42671.51315701183
 11
28580.62412872262
 21
42672.70162139856
 72
     1
 10
28580.62412872262
 20
42672.70162139856
 11
28578.08491854519
 21
42672.90036386495
 72
     1
 10
28578.08491854519
 20
42672.90036386495
 11
28577.44968945726
 21
42667.36222456085
 97
        0
 75
     1
 76
     1
 98
        1
 10
0.0
 20
0.0
450
        0
451
        0
460
0.0
461
0.0
452
        0
462
1.0
453
        2
463
0.0
 63
     5
421
      255
463
1.0
 63
     2
421
 16776960
470
LINEAR
1001
GradientColor1ACI
1070
     5
1001
GradientColor2ACI
1070
     2
1001
ACAD
1010
0.0
1020
0.0
1030
0.0
  0
HATCH
  5
6D2
330
1F
100
AcDbEntity
  8
0.1 ОКН
 62
     1
440
 33554585
100
AcDbHatch
 10
0.0
 20
0.0
 30
0.0
210
0.0
220
0.0
230
1.0
  2
SOLID
 70
     1
 71
     0
 91
        1
 92
        1
 93
       10
 72
     1
 10
27808.07094102115
 20
42443.67044475875
 11
27813.41185395929
 21
42429.99885617425
 72
     1
 10
27813.41185395929
 20
42429.99885617425
 11
27819.57798692587
 21
42432.40770421235
 72
     1
 10
27819.57798692587
 20
42432.40770421235
 11
27820.10644731607
 21
42431.05495925626
 72
     1
 10
27820.10644731607
 20
42431.05495925626
 11
27824.86862038282
 21
42433.00901837952
 72
     1
 10
27824.86862038282
 20
42433.00901837952
 11
27818.77765607683
 21
42447.8531066793
 72
     1
 10
27818.77765607683
 20
42447.8531066793
 11
27812.51711794678
 21
42445.40737852623
 72
     1
 10
27812.51711794678
 20
42445.40737852623
 11
27811.68261119853
 21
42446.29109460102
 72
     1
 10
27811.68261119853
 20
42446.29109460102
 11
27809.68616298288
 21
42445.51116650128
 72
     1
 10
27809.68616298288
 20
42445.51116650128
 11
27809.67168411006
 21
42444.29578755791
 72
     1
 10
27809.67168411006
 20
42444.29578755791
 11
27808.07094102115
 21
42443.67044475875
 97
        0
 75
     1
 76
     1
 98
        1
 10
0.0
 20
0.0
450
        0
451
        0
460
0.0
461
0.0
452
        0
462
1.0
453
        2
463
0.0
 63
     5
421
      255
463
1.0
 63
     2
421
 16776960
470
LINEAR
1001
GradientColor1ACI
1070
     5
1001
GradientColor2ACI
1070
     2
1001
ACAD
1010
0.0
1020
0.0
1030
0.0
  0
HATCH
  5
6D3
330
1F
100
AcDbEntity
  8
0.1 ОКН
 62
     1
440
 33554585
100
AcDbHatch
 10
0.0
 20
0.0
 30
0.0
210
0.0
220
0.0
230
1.0
  2
SOLID
 70
     1
 71
     0
 91
        1
 92
        1
 93
       41
 72
     1
 10
27844.64560297476
 20
42445.55759635344
 11
27841.22712722095
 21
42444.21791147381
 72
     1
 10
27841.22712722095
 20
42444.21791147381
 11
27840.84997540439
 21
42445.10894944684
 72
     1
 10
27840.84997540439
 20
42445.10894944684
 11
27840.54338811851
 21
42445.23266814304
 72
     1
 10
27840.54338811851
 20
42445.23266814304
 11
27840.25513374169
 21
42445.39456778446
 72
     1
 10
27840.25513374169
 20
42445.39456778446
 11
27839.98994314273
 21
42445.59199125284
 72
     1
 10
27839.98994314273
 20
42445.59199125284
 11
27839.75216866467
 21
42445.82169840822
 72
     1
 10
27839.75216866467
 20
42445.82169840822
 11
27839.54571269358
 21
42446.07991926651
 72
     1
 10
27839.54571269358
 20
42446.07991926651
 11
27839.37396361206
 21
42446.36241587294
 72
     1
 10
27839.37396361206
 20
42446.36241587294
 11
27839.23974018866
 21
42446.66455185599
 72
     1
 10
27839.23974018866
 20
42446.66455185599
 11
27839.14524531589
 21
42446.98136852012
 72
     1
 10
27839.14524531589
 20
42446.98136852012
 11
27839.09202985604
 21
42447.30766622848
 72
     1
 10
27839.09202985604
 20
42447.30766622848
 11
27839.08096718827
 21
42447.63808974009
 72
     1
 10
27839.08096718827
 20
42447.63808974009
 11
27839.11223887452
 21
42447.96721610077
 72
     1
 10
27839.11223887452
 20
42447.96721610077
 11
27839.18533167977
 21
42448.28964364529
 72
     1
 10
27839.18533167977
 20
42448.28964364529
 11
27839.29904599526
 21
42448.60008065034
 72
     1
 10
27839.29904599526
 20
42448.60008065034
 11
27836.56445361191
 21
42456.13723645938
 72
     1
 10
27836.56445361191
 20
42456.13723645938
 11
27840.24425607329
 21
42457.53016763457
 72
     1
 10
27840.24425607329
 20
42457.53016763457
 11
27841.8607658172
 21
42458.1420718987
 72
     1
 10
27841.8607658172
 20
42458.1420718987
 11
27841.67226348515
 21
42458.70753064813
 72
     1
 10
27841.67226348515
 20
42458.70753064813
 11
27845.30604692584
 21
42460.18114740312
 72
     1
 10
27845.30604692584
 20
42460.18114740312
 11
27845.58033915609
 21
42459.49574889081
 72
     1
 10
27845.58033915609
 20
42459.49574889081
 11
27851.16816043225
 21
42461.60330452541
 72
     1
 10
27851.16816043225
 20
42461.60330452541
 11
27854.39403718719
 21
42453.39205914746
 72
     1
 10
27854.39403718719
 20
42453.39205914746
 11
27854.57112091664
 21
42453.33544781464
 72
     1
 10
27854.57112091664
 20
42453.33544781464
 11
27854.73956711225
 21
42453.25677526908
 72
     1
 10
27854.73956711225
 20
42453.25677526908
 11
27854.89664024182
 21
42453.157319137
 72
     1
 10
27854.89664024182
 20
42453.157319137
 11
27855.03978946946
 21
42453.03869456589
 72
     1
 10
27855.03978946946
 20
42453.03869456589
 11
27855.16669008061
 21
42452.90282799484
 72
     1
 10
27855.16669008061
 20
42452.90282799484
 11
27855.27528123501
 21
42452.75192586951
 72
     1
 10
27855.27528123501
 20
42452.75192586951
 11
27855.36379943422
 21
42452.58843880993
 72
     1
 10
27855.36379943422
 20
42452.58843880993
 11
27855.43080716058
 21
42452.41502181293
 72
     1
 10
27855.43080716058
 20
42452.41502181293
 11
27855.47521622215
 21
42452.2344911355
 72
     1
 10
27855.47521622215
 20
42452.2344911355
 11
27855.49630542474
 21
42452.04977855939
 72
     1
 10
27855.49630542474
 20
42452.04977855939
 11
27855.49373228397
 21
42451.8638837795
 72
     1
 10
27855.49373228397
 20
42451.8638837795
 11
27855.4675385871
 21
42451.67982568952
 72
     1
 10
27855.4675385871
 20
42451.67982568952
 11
27855.4181497145
 21
42451.50059335565
 72
     1
 10
27855.4181497145
 20
42451.50059335565
 11
27855.34636773147
 21
42451.32909747479
 72
     1
 10
27855.34636773147
 20
42451.32909747479
 11
27855.25335836293
 21
42451.16812310539
 72
     1
 10
27855.25335836293
 20
42451.16812310539
 11
27855.14063206222
 21
42451.02028443869
 72
     1
 10
27855.14063206222
 20
42451.02028443869
 11
27855.54241517259
 21
42449.82800679039
 72
     1
 10
27855.54241517259
 20
42449.82800679039
 11
27844.64560297476
 21
42445.55759635344
 97
        0
 75
     1
 76
     1
 98
        1
 10
0.0
 20
0.0
450
        0
451
        0
460
0.0
461
0.0
452
        0
462
1.0
453
        2
463
0.0
 63
     5
421
      255
463
1.0
 63
     2
421
 16776960
470
LINEAR
1001
GradientColor1ACI
1070
     5
1001
GradientColor2ACI
1070
     2
1001
ACAD
1010
0.0
1020
0.0
1030
0.0
  0
HATCH
  5
6D4
330
1F
100
AcDbEntity
  8
0.1 ОКН
 62
     1
440
 33554585
100
AcDbHatch
 10
0.0
 20
0.0
 30
0.0
210
0.0
220
0.0
230
1.0
  2
SOLID
 70
     1
 71
     0
 91
        1
 92
        1
 93
       10
 72
     1
 10
27772.28831062842
 20
42419.58506930716
 11
27774.46295247788
 21
42413.66939683873
 72
     1
 10
27774.46295247788
 20
42413.66939683873
 11
27763.49131268947
 21
42409.6361466599
 72
     1
 10
27763.49131268947
 20
42409.6361466599
 11
27757.88995828712
 21
42424.87349621794
 72
     1
 10
27757.88995828712
 20
42424.87349621794
 11
27759.84517824493
 21
42425.5922485099
 72
     2
 10
27761.7307923483
 20
42425.4190144045
 40
1.893555016918195
 50
185.249111408667
 51
314.3833394103382
 73
     0
 72
     1
 10
27763.05524992365
 20
42426.77229291729
 11
27768.86159807553
 21
42428.90674639676
 72
     1
 10
27768.86159807553
 20
42428.90674639676
 11
27771.06112679915
 21
42422.92337423044
 72
     1
 10
27771.06112679915
 20
42422.92337423044
 11
27773.10174838972
 21
42423.66067532188
 72
     1
 10
27773.10174838972
 20
42423.66067532188
 11
27774.31034460217
 21
42420.31565446939
 72
     1
 10
27774.31034460217
 20
42420.31565446939
 11
27772.28831062842
 21
42419.58506930716
 97
        0
 75
     1
 76
     1
 98
        1
 10
0.0
 20
0.0
450
        0
451
        0
460
0.0
461
0.0
452
        0
462
1.0
453
        2
463
0.0
 63
     5
421
      255
463
1.0
 63
     2
421
 16776960
470
LINEAR
1001
GradientColor1ACI
1070
     5
1001
GradientColor2ACI
1070
     2
1001
ACAD
1010
0.0
1020
0.0
1030
0.0
  0
HATCH
  5
6D5
330
1F
100
AcDbEntity
  8
0.1 ОКН
 62
     1
440
 33554585
100
AcDbHatch
 10
0.0
 20
0.0
 30
0.0
210
0.0
220
0.0
230
1.0
  2
SOLID
 70
     1
 71
     0
 91
        1
 92
        1
 93
        4
 72
     1
 10
28013.57461184521
 20
42336.0139181351
 11
28051.72646195335
 21
42322.56331346142
 72
     1
 10
28051.72646195335
 20
42322.56331346142
 11
28056.69393453287
 21
42335.74283052726
 72
     1
 10
28056.69393453287
 20
42335.74283052726
 11
28018.62922573096
 21
42348.72997043463
 72
     1
 10
28018.62922573096
 20
42348.72997043463
 11
28013.57461184521
 21
42336.0139181351
 97
        0
 75
     1
 76
     1
 98
        1
 10
0.0
 20
0.0
450
        0
451
        0
460
0.0
461
0.0
452
        0
462
1.0
453
        2
463
0.0
 63
     5
421
      255
463
1.0
 63
     2
421
 16776960
470
LINEAR
1001
GradientColor1ACI
1070
     5
1001
GradientColor2ACI
1070
     2
1001
ACAD
1010
0.0
1020
0.0
1030
0.0
  0
HATCH
  5
6D6
330
1F
100
AcDbEntity
  8
0.1 ОКН
 62
     1
440
 33554585
100
AcDbHatch
 10
0.0
 20
0.0
 30
0.0
210
0.0
220
0.0
230
1.0
  2
SOLID
 70
     1
 71
     0
 91
        1
 92
        1
 93
       44
 72
     1
 10
28206.46429101902
 20
42375.79731704567
 11
28215.865
 21
42372.464
 72
     1
 10
28215.865
 20
42372.464
 11
28211.795
 21
42361.525
 72
     1
 10
28211.795
 20
42361.525
 11
28206.943303
 21
42363.250787
 72
     1
 10
28206.943303
 20
42363.250787
 11
28206.576999
 21
42362.240566
 72
     1
 10
28206.576999
 20
42362.240566
 11
28202.666855
 21
42363.654779
 72
     1
 10
28202.666855
 20
42363.654779
 11
28203.028313
 21
42364.687287
 72
     1
 10
28203.028313
 20
42364.687287
 11
28202.77874743366
 21
42364.77673548477
 72
     1
 10
28202.77874743366
 20
42364.77673548477
 11
28197.264922
 21
42366.75298299999
 72
     1
 10
28197.264922
 20
42366.75298299999
 11
28195.453877
 21
42362.015143
 72
     1
 10
28195.453877
 20
42362.015143
 11
28197.603458
 21
42361.289091
 72
     1
 10
28197.603458
 20
42361.289091
 11
28194.897485
 21
42353.522624
 72
     1
 10
28194.897485
 20
42353.522624
 11
28195.660774
 21
42353.233166
 72
     1
 10
28195.660774
 20
42353.233166
 11
28194.47054
 21
42349.715287
 72
     1
 10
28194.47054
 20
42349.715287
 11
28193.54188
 21
42350.007072
 72
     1
 10
28193.54188
 20
42350.007072
 11
28190.840534
 21
42342.337733
 72
     1
 10
28190.840534
 20
42342.337733
 11
28188.470905
 21
42343.138597
 72
     1
 10
28188.470905
 20
42343.138597
 11
28186.635261
 21
42338.09998199999
 72
     1
 10
28186.635261
 20
42338.09998199999
 11
28191.710864
 21
42336.202695
 72
     1
 10
28191.710864
 20
42336.202695
 11
28192.219033
 21
42337.61996100001
 72
     1
 10
28192.219033
 20
42337.61996100001
 11
28196.070548
 21
42336.229425
 72
     1
 10
28196.070548
 20
42336.229425
 11
28195.562379
 21
42334.78542799999
 72
     1
 10
28195.562379
 20
42334.78542799999
 11
28209.40228500001
 21
42329.88271199999
 72
     1
 10
28209.40228500001
 20
42329.88271199999
 11
28209.88756100001
 21
42331.176682
 72
     1
 10
28209.88756100001
 20
42331.176682
 11
28213.662479
 21
42329.85582099999
 72
     1
 10
28213.662479
 20
42329.85582099999
 11
28213.231029
 21
42328.507909
 72
     1
 10
28213.231029
 20
42328.507909
 11
28217.319675
 21
42327.009199
 72
     1
 10
28217.319675
 20
42327.009199
 11
28226.97668093373
 21
42323.6382644281
 72
     1
 10
28226.97668093373
 20
42323.6382644281
 11
28227.38268042519
 21
42324.82475119412
 72
     1
 10
28227.38268042519
 20
42324.82475119412
 11
28231.2551410816
 21
42323.51336263471
 72
     1
 10
28231.2551410816
 20
42323.51336263471
 11
28230.78667076257
 21
42322.29565042035
 72
     1
 10
28230.78667076257
 20
42322.29565042035
 11
28244.77770062848
 21
42317.3361822956
 72
     1
 10
28244.77770062848
 20
42317.3361822956
 11
28245.20208821927
 21
42318.63753697057
 72
     1
 10
28245.20208821927
 20
42318.63753697057
 11
28248.93718612033
 21
42317.3361822956
 72
     1
 10
28248.93718612033
 20
42317.3361822956
 11
28248.45617292558
 21
42315.97823651244
 72
     1
 10
28248.45617292558
 20
42315.97823651244
 11
28255.78048049549
 21
42313.37255784444
 72
     1
 10
28255.78048049549
 20
42313.37255784444
 11
28252.07184065936
 21
42302.19451931779
 72
     1
 10
28252.07184065936
 20
42302.19451931779
 11
28213.41
 21
42316.13
 72
     1
 10
28213.41
 20
42316.13
 11
28172.94
 21
42330.73
 72
     1
 10
28172.94
 20
42330.73
 11
28178.917123
 21
42347.30975799999
 72
     1
 10
28178.917123
 20
42347.30975799999
 11
28179.806058
 21
42347.05775299999
 72
     1
 10
28179.806058
 20
42347.05775299999
 11
28185.877497
 21
42363.90082699999
 72
     1
 10
28185.877497
 20
42363.90082699999
 11
28185.25109
 21
42364.12354999999
 72
     1
 10
28185.25109
 20
42364.12354999999
 11
28191.55306
 21
42381.08456299999
 72
     1
 10
28191.55306
 20
42381.08456299999
 11
28206.46429101902
 21
42375.79731704567
 97
        0
 75
     1
 76
     1
 98
        1
 10
0.0
 20
0.0
450
        0
451
        0
460
0.0
461
0.0
452
        0
462
1.0
453
        2
463
0.0
 63
     5
421
      255
463
1.0
 63
     2
421
 16776960
470
LINEAR
1001
GradientColor1ACI
1070
     5
1001
GradientColor2ACI
1070
     2
1001
ACAD
1010
0.0
1020
0.0
1030
0.0
  0
HATCH
  5
6D7
330
1F
100
AcDbEntity
  8
0.1 ОКН
 62
     1
440
 33554585
100
AcDbHatch
 10
0.0
 20
0.0
 30
0.0
210
0.0
220
0.0
230
1.0
  2
SOLID
 70
     1
 71
     0
 91
        1
 92
        1
 93
        6
 72
     1
 10
28644.41209438671
 20
42246.04526056204
 11
28642.47504904755
 21
42246.74317925148
 72
     1
 10
28642.47504904755
 20
42246.74317925148
 11
28645.12102117954
 21
42254.0621364292
 72
     1
 10
28645.12102117954
 20
42254.0621364292
 11
28653.43940233574
 21
42251.0650183146
 72
     1
 10
28653.43940233574
 20
42251.0650183146
 11
28650.11549049782
 21
42241.86446666538
 72
     1
 10
28650.11549049782
 20
42241.86446666538
 11
28643.73415468078
 21
42244.16366609055
 72
     1
 10
28643.73415468078
 20
42244.16366609055
 11
28644.41209438671
 21
42246.04526056204
 97
        0
 75
     1
 76
     1
 98
        1
 10
5.120309246776741
 20
-16.09717882070981
450
        0
451
        0
460
0.0
461
0.0
452
        0
462
1.0
453
        2
463
0.0
 63
     5
421
      255
463
1.0
 63
     2
421
 16776960
470
LINEAR
1001
GradientColor1ACI
1070
     5
1001
GradientColor2ACI
1070
     2
1001
ACAD
1010
0.0
1020
0.0
1030
0.0
  0
HATCH
  5
6D8
330
1F
100
AcDbEntity
  8
0.1 ОКН
 62
     1
440
 33554585
100
AcDbHatch
 10
0.0
 20
0.0
 30
0.0
210
0.0
220
0.0
230
1.0
  2
SOLID
 70
     1
 71
     0
 91
        1
 92
        1
 93
       12
 72
     1
 10
27778.53430643092
 20
42473.95414456443
 11
27773.83484882208
 21
42485.37394835246
 72
     1
 10
27773.83484882208
 20
42485.37394835246
 11
27779.15083142122
 21
42487.56157218013
 72
     1
 10
27779.15083142122
 20
42487.56157218013
 11
27778.53430643092
 21
42490.577372865
 72
     1
 10
27778.53430643092
 20
42490.577372865
 11
27791.84959211434
 21
42494.9979161162
 72
     1
 10
27791.84959211434
 20
42494.9979161162
 11
27798.80670561373
 21
42479.34171453494
 72
     1
 10
27798.80670561373
 20
42479.34171453494
 11
27795.98978088297
 21
42478.08996359335
 72
     1
 10
27795.98978088297
 20
42478.08996359335
 11
27796.52693289504
 21
42476.8811633946
 72
     1
 10
27796.52693289504
 20
42476.8811633946
 11
27789.46547032661
 21
42473.74327606572
 72
     1
 10
27789.46547032661
 20
42473.74327606572
 11
27788.72069781488
 21
42475.41930285137
 72
     1
 10
27788.72069781488
 20
42475.41930285137
 11
27786.21116857122
 21
42474.30414859844
 72
     1
 10
27786.21116857122
 20
42474.30414859844
 11
27783.04950136821
 21
42475.74998058873
 72
     1
 10
27783.04950136821
 20
42475.74998058873
 11
27778.53430643092
 21
42473.95414456443
 97
        0
 75
     1
 76
     1
 98
        1
 10
0.0
 20
0.0
450
        0
451
        0
460
0.0
461
0.0
452
        0
462
1.0
453
        2
463
0.0
 63
     5
421
      255
463
1.0
 63
     2
421
 16776960
470
LINEAR
1001
GradientColor1ACI
1070
     5
1001
GradientColor2ACI
1070
     2
1001
ACAD
1010
0.0
1020
0.0
1030
0.0
  0
HATCH
  5
6D9
330
1F
100
AcDbEntity
  8
0.1 ОКН
 62
     1
440
 33554585
100
AcDbHatch
 10
0.0
 20
0.0
 30
0.0
210
0.0
220
0.0
230
1.0
  2
SOLID
 70
     1
 71
     0
 91
        1
 92
        1
 93
        6
 72
     1
 10
28875.31218847632
 20
42228.74754006753
 11
28887.98779635375
 21
42225.52598987011
 72
     1
 10
28887.98779635375
 20
42225.52598987011
 11
28886.08203971228
 21
42218.02754271988
 72
     1
 10
28886.08203971228
 20
42218.02754271988
 11
28877.52677221744
 21
42220.20189395836
 72
     1
 10
28877.52677221744
 20
42220.20189395836
 11
28878.01916790223
 21
42222.13928876476
 72
     1
 10
28878.01916790223
 20
42222.13928876476
 11
28873.89882751964
 21
42223.18648772367
 72
     1
 10
28873.89882751964
 20
42223.18648772367
 11
28875.31218847632
 21
42228.74754006753
 97
        0
 75
     1
 76
     1
 98
        1
 10
0.0
 20
0.0
450
        0
451
        0
460
0.0
461
0.0
452
        0
462
1.0
453
        2
463
0.0
 63
     5
421
      255
463
1.0
 63
     2
421
 16776960
470
LINEAR
1001
GradientColor1ACI
1070
     5
1001
GradientColor2ACI
1070
     2
1001
ACAD
1010
0.0
1020
0.0
1030
0.0
  0
HATCH
  5
6DA
330
1F
100
AcDbEntity
  8
0.1 ОКН
 62
     1
440
 33554585
100
AcDbHatch
 10
0.0
 20
0.0
 30
0.0
210
0.0
220
0.0
230
1.0
  2
SOLID
 70
     1
 71
     0
 91
        1
 92
        1
 93
       10
 72
     1
 10
26302.12300529087
 20
42644.63638631275
 11
26305.9143055981
 21
42658.79203165529
 72
     1
 10
26305.9143055981
 20
42658.79203165529
 11
26318.32378291937
 21
42655.48543067271
 72
     1
 10
26318.32378291937
 20
42655.48543067271
 11
26315.37415621016
 21
42645.06484344916
 72
     1
 10
26315.37415621016
 20
42645.06484344916
 11
26309.18036001669
 21
42646.82234699148
 72
     1
 10
26309.18036001669
 20
42646.82234699148
 11
26306.50251444816
 21
42637.44218326514
 72
     1
 10
26306.50251444816
 20
42637.44218326514
 11
26329.07715426524
 21
42631.11022767234
 72
     1
 10
26329.07715426524
 20
42631.11022767234
 11
26327.54232857169
 21
42625.46050551591
 72
     1
 10
26327.54232857169
 20
42625.46050551591
 11
26299.01999880764
 21
42632.72000071173
 72
     1
 10
26299.01999880764
 20
42632.72000071173
 11
26299.87999880764
 21
42635.83000071172
 72
     1
 10
26299.87999880764
 20
42635.83000071172
 11
26302.12300529087
 21
42644.63638631275
 97
        0
 75
     1
 76
     1
 98
        1
 10
0.0
 20
0.0
450
        0
451
        0
460
0.0
461
0.0
452
        0
462
1.0
453
        2
463
0.0
 63
     5
421
      255
463
1.0
 63
     2
421
 16776960
470
LINEAR
1001
GradientColor1ACI
1070
     5
1001
GradientColor2ACI
1070
     2
1001
ACAD
1010
0.0
1020
0.0
1030
0.0
  0
HATCH
  5
6DB
330
1F
100
AcDbEntity
  8
0.1 ОКН
 62
     1
440
 33554585
100
AcDbHatch
 10
0.0
 20
0.0
 30
0.0
210
0.0
220
0.0
230
1.0
  2
SOLID
 70
     1
 71
     0
 91
        1
 92
        1
 93
        6
 72
     1
 10
26274.09999880764
 20
42661.59000071173
 11
26271.35999880764
 21
42651.00000071172
 72
     1
 10
26271.35999880764
 20
42651.00000071172
 11
26270.93969371824
 21
42651.11143469534
 72
     1
 10
26270.93969371824
 20
42651.11143469534
 11
26269.62999880764
 21
42646.21000071173
 72
     1
 10
26269.62999880764
 20
42646.21000071173
 11
26254.18524193101
 21
42650.1115843368
 72
     1
 10
26254.18524193101
 20
42650.1115843368
 11
26258.40999880764
 21
42665.75000071172
 72
     1
 10
26258.40999880764
 20
42665.75000071172
 11
26274.09999880764
 21
42661.59000071173
 97
        0
 75
     1
 76
     1
 98
        1
 10
0.0
 20
0.0
450
        0
451
        0
460
0.0
461
0.0
452
        0
462
1.0
453
        2
463
0.0
 63
     5
421
      255
463
1.0
 63
     2
421
 16776960
470
LINEAR
1001
GradientColor1ACI
1070
     5
1001
GradientColor2ACI
1070
     2
1001
ACAD
1010
0.0
1020
0.0
1030
0.0
  0
HATCH
  5
6DC
330
1F
100
AcDbEntity
  8
0.1 ОКН
 62
     1
440
 33554585
100
AcDbHatch
 10
0.0
 20
0.0
 30
0.0
210
0.0
220
0.0
230
1.0
  2
SOLID
 70
     1
 71
     0
 91
        1
 92
        1
 93
       12
 72
     1
 10
26670.73996683548
 20
42526.42182137591
 11
26670.53043724513
 21
42525.66107666528
 72
     1
 10
26670.53043724513
 20
42525.66107666528
 11
26679.51514867668
 21
42523.18644505845
 72
     1
 10
26679.51514867668
 20
42523.18644505845
 11
26675.59630114843
 21
42508.61897674969
 72
     1
 10
26675.59630114843
 20
42508.61897674969
 11
26672.53158949713
 21
42509.50407972985
 72
     1
 10
26672.53158949713
 20
42509.50407972985
 11
26671.68699707034
 21
42506.69058535909
 72
     1
 10
26671.68699707034
 20
42506.69058535909
 11
26656.17000287406
 21
42511.18008632804
 72
     1
 10
26656.17000287406
 20
42511.18008632804
 11
26656.81279127336
 21
42513.49059606504
 72
     1
 10
26656.81279127336
 20
42513.49059606504
 11
26653.33439251099
 21
42514.45829351153
 72
     1
 10
26653.33439251099
 20
42514.45829351153
 11
26657.45307320606
 21
42529.26293507014
 72
     1
 10
26657.45307320606
 20
42529.26293507014
 11
26666.44505330228
 21
42526.78630147722
 72
     1
 10
26666.44505330228
 20
42526.78630147722
 11
26666.68400690084
 21
42527.5021583263
 72
     1
 10
26666.68400690084
 20
42527.5021583263
 11
26670.73996683548
 21
42526.42182137591
 97
        0
 75
     1
 76
     1
 98
        1
 10
0.0
 20
0.0
450
        0
451
        0
460
0.0
461
0.0
452
        0
462
1.0
453
        2
463
0.0
 63
     5
421
      255
463
1.0
 63
     2
421
 16776960
470
LINEAR
1001
GradientColor1ACI
1070
     5
1001
GradientColor2ACI
1070
     2
1001
ACAD
1010
0.0
1020
0.0
1030
0.0
  0
HATCH
  5
6DD
330
1F
100
AcDbEntity
  8
0.1 ОКН
 62
     1
440
 33554585
100
AcDbHatch
 10
0.0
 20
0.0
 30
0.0
210
0.0
220
0.0
230
1.0
  2
SOLID
 70
     1
 71
     0
 91
        1
 92
        1
 93
        8
 72
     1
 10
26689.1278824434
 20
42628.31420125485
 11
26696.06454607565
 21
42630.40265505969
 72
     1
 10
26696.06454607565
 20
42630.40265505969
 11
26697.09151701664
 21
42626.99163779837
 72
     1
 10
26697.09151701664
 20
42626.99163779837
 11
26704.23478115378
 21
42629.14229378473
 72
     1
 10
26704.23478115378
 20
42629.14229378473
 11
26704.44258961924
 21
42628.45207146738
 72
     1
 10
26704.44258961924
 20
42628.45207146738
 11
26706.78296493839
 21
42629.15669922493
 72
     1
 10
26706.78296493839
 20
42629.15669922493
 11
26709.43030308853
 21
42620.36373754874
 72
     1
 10
26709.43030308853
 20
42620.36373754874
 11
26693.01
 21
42615.42
 72
     1
 10
26693.01
 20
42615.42
 11
26689.1278824434
 21
42628.31420125485
 97
        0
 75
     1
 76
     1
 98
        1
 10
0.0
 20
0.0
450
        0
451
        0
460
0.0
461
0.0
452
        0
462
1.0
453
        2
463
0.0
 63
     5
421
      255
463
1.0
 63
     2
421
 16776960
470
LINEAR
1001
GradientColor1ACI
1070
     5
1001
GradientColor2ACI
1070
     2
1001
ACAD
1010
0.0
1020
0.0
1030
0.0
  0
HATCH
  5
6DE
330
1F
100
AcDbEntity
  8
0.1 ОКН
 62
     1
440
 33554585
100
AcDbHatch
 10
0.0
 20
0.0
 30
0.0
210
0.0
220
0.0
230
1.0
  2
SOLID
 70
     1
 71
     0
 91
        1
 92
        1
 93
        8
 72
     1
 10
26607.73949306011
 20
42562.23257345578
 11
26605.36953596158
 21
42553.62463563301
 72
     1
 10
26605.36953596158
 20
42553.62463563301
 11
26593.9844793378
 21
42556.75919542169
 72
     1
 10
26593.9844793378
 20
42556.75919542169
 11
26599.95494337622
 21
42578.44455978868
 72
     1
 10
26599.95494337622
 20
42578.44455978868
 11
26611.34
 21
42575.31
 72
     1
 10
26611.34
 20
42575.31
 11
26608.9808611672
 21
42566.74135527621
 72
     1
 10
26608.9808611672
 20
42566.74135527621
 11
26610.34810925543
 21
42566.3649214103
 72
     1
 10
26610.34810925543
 20
42566.3649214103
 11
26609.10674114835
 21
42561.85613958987
 72
     1
 10
26609.10674114835
 20
42561.85613958987
 11
26607.73949306011
 21
42562.23257345578
 97
        0
 75
     1
 76
     1
 98
        1
 10
0.0
 20
0.0
450
        0
451
        0
460
0.0
461
0.0
452
        0
462
1.0
453
        2
463
0.0
 63
     5
421
      255
463
1.0
 63
     2
421
 16776960
470
LINEAR
1001
GradientColor1ACI
1070
     5
1001
GradientColor2ACI
1070
     2
1001
ACAD
1010
0.0
1020
0.0
1030
0.0
  0
HATCH
  5
6DF
330
1F
100
AcDbEntity
  8
0.1 ОКН
 62
     1
440
 33554585
100
AcDbHatch
 10
0.0
 20
0.0
 30
0.0
210
0.0
220
0.0
230
1.0
  2
SOLID
 70
     1
 71
     0
 91
        1
 92
        1
 93
       13
 72
     1
 10
25930.4332491809
 20
42407.650367764
 11
25939.43289094576
 21
42405.58701270211
 72
     1
 10
25939.43289094576
 20
42405.58701270211
 11
25938.91090352638
 21
42403.26446310513
 72
     1
 10
25938.91090352638
 20
42403.26446310513
 11
25937.18261716002
 21
42403.65289129694
 72
     1
 10
25937.18261716002
 20
42403.65289129694
 11
25935.77990644913
 21
42396.6163562201
 72
     1
 10
25935.77990644913
 20
42396.6163562201
 11
25937.47285761968
 21
42396.27887183126
 72
     1
 10
25937.47285761968
 20
42396.27887183126
 11
25935.90477763736
 21
42387.9237609716
 72
     1
 10
25935.90477763736
 20
42387.9237609716
 11
25932.68014749111
 21
42388.33541303375
 72
     1
 10
25932.68014749111
 20
42388.33541303375
 11
25932.57578052539
 21
42387.51786614185
 72
     1
 10
25932.57578052539
 20
42387.51786614185
 11
25929.36207173639
 21
42387.92812399784
 72
     1
 10
25929.36207173639
 20
42387.92812399784
 11
25926.12295494213
 21
42397.3676018541
 72
     1
 10
25926.12295494213
 20
42397.3676018541
 11
25927.86625686393
 21
42405.47199137211
 72
     1
 10
25927.86625686393
 20
42405.47199137211
 11
25929.84786445411
 21
42405.04573590738
 72
     1
 10
25929.84786445411
 20
42405.04573590738
 11
25930.4332491809
 21
42407.650367764
 97
        0
 75
     1
 76
     1
 98
        1
 10
0.0
 20
0.0
450
        0
451
        0
460
0.0
461
0.0
452
        0
462
1.0
453
        2
463
0.0
 63
     5
421
      255
463
1.0
 63
     2
421
 16776960
470
LINEAR
1001
GradientColor1ACI
1070
     5
1001
GradientColor2ACI
1070
     2
1001
ACAD
1010
0.0
1020
0.0
1030
0.0
  0
HATCH
  5
6E0
330
1F
100
AcDbEntity
  8
0.1 ОКН
 62
     1
440
 33554585
100
AcDbHatch
 10
0.0
 20
0.0
 30
0.0
210
0.0
220
0.0
230
1.0
  2
SOLID
 70
     1
 71
     0
 91
        1
 92
        1
 93
       18
 72
     1
 10
25785.29918651
 20
42508.72716921
 11
25790.50808939093
 21
42528.74534219531
 72
     1
 10
25790.50808939093
 20
42528.74534219531
 11
25791.06104117151
 21
42528.60597297419
 72
     1
 10
25791.06104117151
 20
42528.60597297419
 11
25791.47308414949
 21
42530.14001735346
 72
     1
 10
25791.47308414949
 20
42530.14001735346
 11
25807.89502001465
 21
42525.75861028245
 72
     1
 10
25807.89502001465
 20
42525.75861028245
 11
25830.28919789023
 21
42519.72327819471
 72
     2
 10
25829.12872268754
 20
42516.08816115468
 40
3.815858827409251
 50
287.705169199195
 51
380.7636145080582
 73
     0
 72
     1
 10
25832.6967452899
 20
42514.73538870532
 11
25828.9080587242
 21
42500.67741813574
 72
     1
 10
25828.9080587242
 20
42500.67741813574
 11
25809.40484137852
 21
42505.93362330276
 72
     1
 10
25809.40484137852
 20
42505.93362330276
 11
25810.11881361447
 21
42508.84294676041
 72
     1
 10
25810.11881361447
 20
42508.84294676041
 11
25803.9960256623
 21
42510.493065769
 72
     1
 10
25803.9960256623
 20
42510.493065769
 11
25793.73933591709
 21
42513.25728998287
 72
     1
 10
25793.73933591709
 20
42513.25728998287
 11
25792.03082627689
 21
42506.91784283588
 72
     1
 10
25792.03082627689
 20
42506.91784283588
 11
25794.32174053975
 21
42506.30043109441
 72
     1
 10
25794.32174053975
 20
42506.30043109441
 11
25790.9889277886
 21
42494.73394025113
 72
     1
 10
25790.9889277886
 20
42494.73394025113
 11
25796.1351686424
 21
42493.3510707187
 72
     1
 10
25796.1351686424
 20
42493.3510707187
 11
25794.70319316946
 21
42488.15817360038
 72
     1
 10
25794.70319316946
 20
42488.15817360038
 11
25780.89021484786
 21
42491.81270768553
 72
     1
 10
25780.89021484786
 20
42491.81270768553
 11
25785.29918651
 21
42508.72716921
 97
        0
 75
     1
 76
     1
 98
        1
 10
14.08260175813484
 20
5.590031420040759
450
        0
451
        0
460
0.0
461
0.0
452
        0
462
1.0
453
        2
463
0.0
 63
     5
421
      255
463
1.0
 63
     2
421
 16776960
470
LINEAR
1001
GradientColor1ACI
1070
     5
1001
GradientColor2ACI
1070
     2
1001
ACAD
1010
0.0
1020
0.0
1030
0.0
  0
HATCH
  5
6E1
330
1F
100
AcDbEntity
  8
0.1 ОКН
 62
     1
440
 33554585
100
AcDbHatch
 10
0.0
 20
0.0
 30
0.0
210
0.0
220
0.0
230
1.0
  2
SOLID
 70
     1
 71
     0
 91
        1
 92
        1
 93
        8
 72
     1
 10
26047.64826274322
 20
42401.87256436835
 11
26068.17292932122
 21
42396.41738320285
 72
     1
 10
26068.17292932122
 20
42396.41738320285
 11
26073.62671569
 21
42416.97184435
 72
     1
 10
26073.62671569
 20
42416.97184435
 11
26054.4888624164
 21
42422.26216012958
 72
     1
 10
26054.4888624164
 20
42422.26216012958
 11
26054.3810831688
 21
42421.84878580256
 72
     1
 10
26054.3810831688
 20
42421.84878580256
 11
26053.73354137694
 21
42422.01761962352
 72
     1
 10
26053.73354137694
 20
42422.01761962352
 11
26051.00233152016
 21
42411.54239306902
 72
     1
 10
26051.00233152016
 20
42411.54239306902
 11
26050.27825946602
 21
42411.73118065475
 72
     1
 10
26050.27825946602
 20
42411.73118065475
 11
26047.64826274322
 21
42401.87256436835
 97
        0
 75
     1
 76
     1
 98
        1
 10
18.59047260858642
 20
7.457009412202751
450
        0
451
        0
460
0.0
461
0.0
452
        0
462
1.0
453
        2
463
0.0
 63
     5
421
      255
463
1.0
 63
     2
421
 16776960
470
LINEAR
1001
GradientColor1ACI
1070
     5
1001
GradientColor2ACI
1070
     2
1001
ACAD
1010
0.0
1020
0.0
1030
0.0
  0
HATCH
  5
6E2
330
1F
100
AcDbEntity
  8
0.1 ОКН
 62
     1
440
 33554585
100
AcDbHatch
 10
0.0
 20
0.0
 30
0.0
210
0.0
220
0.0
230
1.0
  2
SOLID
 70
     1
 71
     0
 91
        1
 92
        1
 93
        8
 72
     1
 10
26047.0137738478
 20
42384.24347653767
 11
26063.97829249211
 21
42379.81962232292
 72
     1
 10
26063.97829249211
 20
42379.81962232292
 11
26068.17292932122
 21
42396.41738320285
 72
     1
 10
26068.17292932122
 20
42396.41738320285
 11
26047.64826274322
 21
42401.87256436835
 72
     1
 10
26047.64826274322
 20
42401.87256436835
 11
26047.3431994839
 21
42400.76924212707
 72
     1
 10
26047.3431994839
 20
42400.76924212707
 11
26052.16750532378
 21
42399.60147676286
 72
     1
 10
26052.16750532378
 20
42399.60147676286
 11
26051.74185041673
 21
42397.8429989755
 72
     1
 10
26051.74185041673
 20
42397.8429989755
 11
26050.62874845299
 21
42398.14152283212
 72
     1
 10
26050.62874845299
 20
42398.14152283212
 11
26047.0137738478
 21
42384.24347653767
 97
        0
 75
     1
 76
     1
 98
        1
 10
27.15875333526128
 20
-11.21086398574698
450
        0
451
        0
460
0.0
461
0.0
452
        0
462
1.0
453
        2
463
0.0
 63
     5
421
      255
463
1.0
 63
     2
421
 16776960
470
LINEAR
1001
GradientColor1ACI
1070
     5
1001
GradientColor2ACI
1070
     2
1001
ACAD
1010
0.0
1020
0.0
1030
0.0
  0
HATCH
  5
6E3
330
1F
100
AcDbEntity
  8
0.1 ОКН
 62
     1
440
 33554585
100
AcDbHatch
 10
0.0
 20
0.0
 30
0.0
210
0.0
220
0.0
230
1.0
  2
SOLID
 70
     1
 71
     0
 91
        1
 92
        1
 93
       10
 72
     1
 10
26458.12550617614
 20
42449.59238259379
 11
26453.21726889769
 21
42432.40122995764
 72
     1
 10
26453.21726889769
 20
42432.40122995764
 11
26452.21
 21
42428.87
 72
     1
 10
26452.21
 20
42428.87
 11
26450.6
 21
42422.63
 72
     1
 10
26450.6
 20
42422.63
 11
26439.50810604037
 21
42425.57009065022
 72
     1
 10
26439.50810604037
 20
42425.57009065022
 11
26442.17631815178
 21
42435.19464154586
 72
     1
 10
26442.17631815178
 20
42435.19464154586
 11
26443.20619120578
 21
42438.95110359077
 72
     1
 10
26443.20619120578
 20
42438.95110359077
 11
26443.57297560353
 21
42440.28429617227
 72
     1
 10
26443.57297560353
 20
42440.28429617227
 11
26444.18500211816
 21
42442.52635208551
 72
     1
 10
26444.18500211816
 20
42442.52635208551
 11
26446.99611685275
 21
42452.68848848399
 72
     1
 10
26446.99611685275
 20
42452.68848848399
 11
26458.12550617614
 21
42449.59238259379
 97
        0
 75
     1
 76
     1
 98
        1
 10
0.0
 20
0.0
450
        0
451
        0
460
0.0
461
0.0
452
        0
462
1.0
453
        2
463
0.0
 63
     5
421
      255
463
1.0
 63
     2
421
 16776960
470
LINEAR
1001
GradientColor1ACI
1070
     5
1001
GradientColor2ACI
1070
     2
1001
ACAD
1010
0.0
1020
0.0
1030
0.0
  0
HATCH
  5
6E4
330
1F
100
AcDbEntity
  8
0.1 ОКН
 62
     1
440
 33554585
100
AcDbHatch
 10
0.0
 20
0.0
 30
0.0
210
0.0
220
0.0
230
1.0
  2
SOLID
 70
     1
 71
     0
 91
        1
 92
        1
 93
       14
 72
     1
 10
26175.048518865
 20
42000.0
 11
26172.68070582475
 21
41994.8000783234
 72
     1
 10
26172.68070582475
 20
41994.8000783234
 11
26180.46835565324
 21
41991.25392898431
 72
     1
 10
26180.46835565324
 20
41991.25392898431
 11
26184.45092737063
 21
42000.0
 72
     1
 10
26184.45092737063
 20
42000.0
 11
26187.35427320739
 21
42006.37599789113
 72
     1
 10
26187.35427320739
 20
42006.37599789113
 11
26188.47756558704
 21
42005.86450050522
 72
     1
 10
26188.47756558704
 20
42005.86450050522
 11
26190.16229731167
 21
42009.56431669224
 72
     1
 10
26190.16229731167
 20
42009.56431669224
 11
26189.03900493202
 21
42010.07581407816
 72
     1
 10
26189.03900493202
 20
42010.07581407816
 11
26192.33303944215
 21
42017.30979799561
 72
     1
 10
26192.33303944215
 20
42017.30979799561
 11
26178.02090175827
 21
42023.82690889638
 72
     1
 10
26178.02090175827
 20
42023.82690889638
 11
26174.45969960312
 21
42016.0062017854
 72
     1
 10
26174.45969960312
 20
42016.0062017854
 11
26177.767800871
 21
42014.49983961156
 72
     1
 10
26177.767800871
 20
42014.49983961156
 11
26174.37519316958
 21
42007.04938046343
 72
     1
 10
26174.37519316958
 20
42007.04938046343
 11
26177.59157975709
 21
42005.58478107558
 72
     1
 10
26177.59157975709
 20
42005.58478107558
 11
26175.048518865
 21
42000.0
 97
        0
 75
     1
 76
     1
 98
        1
 10
0.0
 20
0.0
450
        0
451
        0
460
0.0
461
0.0
452
        0
462
1.0
453
        2
463
0.0
 63
     5
421
      255
463
1.0
 63
     2
421
 16776960
470
LINEAR
1001
GradientColor1ACI
1070
     5
1001
GradientColor2ACI
1070
     2
1001
ACAD
1010
0.0
1020
0.0
1030
0.0
  0
HATCH
  5
6E5
330
1F
100
AcDbEntity
  8
0.1 ОКН
 62
     1
440
 33554585
100
AcDbHatch
 10
0.0
 20
0.0
 30
0.0
210
0.0
220
0.0
230
1.0
  2
SOLID
 70
     1
 71
     0
 91
        1
 92
        7
 72
     0
 73
     1
 93
       69
 10
26101.95896247446
 20
42195.13140475718
 10
26102.04942455642
 20
42195.44106826571
 10
26102.77213001229
 20
42195.22994413136
 10
26103.13280059989
 20
42196.46456660704
 10
26102.41009514402
 20
42196.6756907414
 10
26102.42106836558
 20
42196.96221378653
 10
26101.8435688845
 20
42198.08305223409
 10
26101.62464397954
 20
42198.147006824
 10
26101.82985871791
 20
42198.84948364645
 10
26100.68981519072
 20
42199.18252486103
 10
26100.44985500109
 20
42198.36110982588
 10
26098.92963096142
 20
42198.80521327326
 10
26099.16959115105
 20
42199.62662830842
 10
26097.85524718564
 20
42200.01058795571
 10
26097.67435631122
 20
42199.3913748929
 10
26097.4376880245
 20
42199.38971007557
 10
26096.57635836196
 20
42198.76421235449
 10
26096.46121960212
 20
42198.41353731354
 10
26095.73851414625
 20
42198.62466144788
 10
26095.45865660146
 20
42197.66667256087
 10
26095.4364700936
 20
42197.6163572634
 10
26096.1874700936
 20
42197.3943572634
 10
26095.64947009359
 20
42195.54935726341
 10
26094.9204700936
 20
42195.7473572634
 10
26094.6894700936
 20
42194.9313572634
 10
26095.42647009359
 20
42194.72635726339
 10
26095.35847009359
 20
42194.4803572634
 10
26095.6024700936
 20
42194.4003572634
 10
26095.52847009359
 20
42194.1443572634
 10
26095.1054700936
 20
42192.6133572634
 10
26095.0164700936
 20
42192.3623572634
 10
26094.77147009359
 20
42192.4313572634
 10
26094.6914700936
 20
42192.1813572634
 10
26093.9464700936
 20
42192.38635726339
 10
26093.71847009359
 20
42191.5803572634
 10
26094.46047009359
 20
42191.3643572634
 10
26093.9454700936
 20
42189.5223572634
 10
26093.2204700936
 20
42189.72835726339
 10
26092.9564700936
 20
42188.9143572634
 10
26093.7004700936
 20
42188.6843572634
 10
26093.6214700936
 20
42188.42335726339
 10
26094.23347009359
 20
42187.2733572634
 10
26094.4964700936
 20
42187.1953572634
 10
26094.3044700936
 20
42186.4583572634
 10
26095.22261639381
 20
42186.22752019783
 10
26095.41374259424
 20
42186.90571223246
 10
26097.19340727963
 20
42186.38160115859
 10
26096.9774700936
 20
42185.6733572634
 10
26097.13647799879
 20
42185.39006246608
 10
26097.85684604254
 20
42185.18513833489
 10
26098.08062627084
 20
42185.91453645537
 10
26098.29415606095
 20
42185.86929920014
 10
26099.56110415104
 20
42186.58221234879
 10
26099.61790752949
 20
42186.78231565617
 10
26100.3134700936
 20
42186.5623572634
 10
26100.64947009359
 20
42187.77835726339
 10
26099.95292659089
 20
42188.00324107295
 10
26100.37438338501
 20
42189.40610025064
 10
26101.0474700936
 20
42189.21435726341
 10
26101.38847009359
 20
42190.42635726339
 10
26100.68685140233
 20
42190.65395711114
 10
26100.75462666616
 20
42190.90049712061
 10
26100.5445965309
 20
42190.96789416851
 10
26101.00626018271
 20
42192.62428895277
 10
26101.24750127391
 20
42192.56525980363
 10
26101.31006775639
 20
42192.80236072889
 10
26102.0144700936
 20
42192.5803572634
 10
26102.3804700936
 20
42193.8203572634
 10
26101.67075239114
 20
42194.02898302338
 97
        0
 75
     1
 76
     1
 47
0.0313899128312813
 98
        1
 10
26099.52457663231
 20
42194.72866491798
450
        0
451
        0
460
0.0
461
0.0
452
        0
462
1.0
453
        2
463
0.0
 63
     5
421
      255
463
1.0
 63
     2
421
 16776960
470
LINEAR
1001
GradientColor1ACI
1070
     5
1001
GradientColor2ACI
1070
     2
1001
ACAD
1010
0.0
1020
0.0
1030
0.0
  0
HATCH
  5
6E6
330
1F
100
AcDbEntity
  8
0.1 ОКН
 62
     1
440
 33554585
100
AcDbHatch
 10
0.0
 20
0.0
 30
0.0
210
0.0
220
0.0
230
1.0
  2
SOLID
 70
     1
 71
     0
 91
        1
 92
        1
 93
        4
 72
     1
 10
26100.7564700936
 20
42177.9723572634
 11
26089.323143403
 21
42181.4546655885
 72
     1
 10
26089.323143403
 20
42181.4546655885
 11
26085.76947009368
 21
42169.73335726338
 72
     1
 10
26085.76947009368
 20
42169.73335726338
 11
26097.1956674033
 21
42166.2413441746
 72
     1
 10
26097.1956674033
 20
42166.2413441746
 11
26100.7564700936
 21
42177.9723572634
 97
        0
 75
     1
 76
     1
 98
        1
 10
0.0
 20
0.0
450
        0
451
        0
460
0.0
461
0.0
452
        0
462
1.0
453
        2
463
0.0
 63
     5
421
      255
463
1.0
 63
     2
421
 16776960
470
LINEAR
1001
GradientColor1ACI
1070
     5
1001
GradientColor2ACI
1070
     2
1001
ACAD
1010
0.0
1020
0.0
1030
0.0
  0
HATCH
  5
6E7
330
1F
100
AcDbEntity
  8
0.1 ОКН
 62
     1
440
 33554585
100
AcDbHatch
 10
0.0
 20
0.0
 30
0.0
210
0.0
220
0.0
230
1.0
  2
SOLID
 70
     1
 71
     0
 91
        1
 92
        1
 93
       12
 72
     1
 10
25935.7950978282
 20
42018.42362314765
 11
25919.88740321578
 21
42022.2227719311
 72
     1
 10
25919.88740321578
 20
42022.2227719311
 11
25915.39373885981
 21
42005.54772657809
 72
     1
 10
25915.39373885981
 20
42005.54772657809
 11
25912.25827715775
 21
41994.95866882909
 72
     1
 10
25912.25827715775
 20
41994.95866882909
 11
25960.077945687
 21
41982.73248407684
 72
     1
 10
25960.077945687
 20
41982.73248407684
 11
25964.08915901722
 21
41985.02671758929
 72
     1
 10
25964.08915901722
 20
41985.02671758929
 11
25973.29543892072
 21
42021.9025974584
 72
     1
 10
25973.29543892072
 20
42021.9025974584
 11
25948.43346925774
 21
42027.67547722702
 72
     1
 10
25948.43346925774
 20
42027.67547722702
 11
25945.20510150139
 21
42014.31349367571
 72
     1
 10
25945.20510150139
 20
42014.31349367571
 11
25955.23607353577
 21
42011.60798566006
 72
     1
 10
25955.23607353577
 20
42011.60798566006
 11
25952.17757054262
 21
41999.46740551132
 72
     1
 10
25952.17757054262
 20
41999.46740551132
 11
25932.28483249069
 21
42004.13390044019
 72
     1
 10
25932.28483249069
 20
42004.13390044019
 11
25935.7950978282
 21
42018.42362314765
 97
        0
 75
     1
 76
     1
 98
        1
 10
25926.02849078831
 20
41995.27035836321
450
        0
451
        0
460
0.0
461
0.0
452
        0
462
1.0
453
        2
463
0.0
 63
     5
421
      255
463
1.0
 63
     2
421
 16776960
470
LINEAR
1001
GradientColor1ACI
1070
     5
1001
GradientColor2ACI
1070
     2
1001
ACAD
1010
0.0
1020
0.0
1030
0.0
  0
HATCH
  5
6E8
330
1F
100
AcDbEntity
  8
0.1 ОКН
 62
     1
440
 33554585
100
AcDbHatch
 10
0.0
 20
0.0
 30
0.0
210
0.0
220
0.0
230
1.0
  2
SOLID
 70
     1
 71
     0
 91
        3
 92
        1
 93
        6
 72
     1
 10
26679.38239258108
 20
42389.49493037241
 11
26674.48543131228
 21
42391.11442673558
 72
     1
 10
26674.48543131228
 20
42391.11442673558
 11
26671.77
 21
42382.2
 72
     1
 10
26671.77
 20
42382.2
 11
26676.32715028709
 21
42380.7148811302
 72
     1
 10
26676.32715028709
 20
42380.7148811302
 11
26681.68469759105
 21
42378.96892278
 72
     1
 10
26681.68469759105
 20
42378.96892278
 11
26684.55726704397
 21
42387.78352407112
 72
     1
 10
26684.55726704397
 20
42387.78352407112
 11
26679.38239258108
 21
42389.49493037241
 97
        0
 92
        1
 93
        4
 72
     1
 10
26660.2692797669
 20
42354.99964190729
 11
26680.4635554339
 21
42348.9020043404
 72
     1
 10
26680.4635554339
 20
42348.9020043404
 11
26683.82336552132
 21
42360.02908927283
 72
     1
 10
26683.82336552132
 20
42360.02908927283
 11
26663.54200921607
 21
42365.83833147432
 72
     1
 10
26663.54200921607
 20
42365.83833147432
 11
26660.2692797669
 21
42354.99964190729
 97
        0
 92
        1
 93
       14
 72
     1
 10
26703.59165586694
 20
42352.67523540695
 11
26699.6758035102
 21
42338.8565821653
 72
     1
 10
26699.6758035102
 20
42338.8565821653
 11
26698.8517426199
 21
42339.0581758571
 72
     1
 10
26698.8517426199
 20
42339.0581758571
 11
26699.0148755551
 21
42339.6560478349
 72
     1
 10
26699.0148755551
 20
42339.6560478349
 11
26687.8779748776
 21
42343.0370445181
 72
     1
 10
26687.8779748776
 20
42343.0370445181
 11
26686.6657836455
 21
42345.29095039579
 72
     1
 10
26686.6657836455
 20
42345.29095039579
 11
26687.53058151619
 21
42348.09648431775
 72
     1
 10
26687.53058151619
 20
42348.09648431775
 11
26686.8849866541
 21
42348.2954871021
 72
     1
 10
26686.8849866541
 20
42348.2954871021
 11
26687.8638060589
 21
42351.69662815939
 72
     1
 10
26687.8638060589
 20
42351.69662815939
 11
26688.57293666422
 21
42351.47804066248
 72
     1
 10
26688.57293666422
 20
42351.47804066248
 11
26689.4276191088
 21
42354.2507586259
 72
     1
 10
26689.4276191088
 20
42354.2507586259
 11
26691.82870702625
 21
42355.35518637519
 72
     1
 10
26691.82870702625
 20
42355.35518637519
 11
26702.21561196837
 21
42352.34567581509
 72
     1
 10
26702.21561196837
 20
42352.34567581509
 11
26702.40826158511
 21
42353.01057903316
 72
     1
 10
26702.40826158511
 20
42353.01057903316
 11
26703.59165586694
 21
42352.67523540695
 97
        0
 75
     1
 76
     1
 98
        1
 10
0.0
 20
0.0
450
        0
451
        0
460
0.0
461
0.0
452
        0
462
1.0
453
        2
463
0.0
 63
     5
421
      255
463
1.0
 63
     2
421
 16776960
470
LINEAR
1001
GradientColor1ACI
1070
     5
1001
GradientColor2ACI
1070
     2
1001
ACAD
1010
0.0
1020
0.0
1030
0.0
  0
HATCH
  5
6E9
330
1F
100
AcDbEntity
  8
0.1 ОКН
 62
     1
440
 33554585
100
AcDbHatch
 10
0.0
 20
0.0
 30
0.0
210
0.0
220
0.0
230
1.0
  2
SOLID
 70
     1
 71
     0
 91
        1
 92
        1
 93
       40
 72
     1
 10
26484.88272064584
 20
42458.21596249806
 11
26483.3554072038
 21
42458.63196042723
 72
     1
 10
26483.3554072038
 20
42458.63196042723
 11
26488.75794564111
 21
42477.95681576516
 72
     1
 10
26488.75794564111
 20
42477.95681576516
 11
26491.60313223173
 21
42477.1695519483
 72
     1
 10
26491.60313223173
 20
42477.1695519483
 11
26496.5
 21
42475.8242
 72
     1
 10
26496.5
 20
42475.8242
 11
26496.4606968564
 21
42475.66772417961
 72
     1
 10
26496.4606968564
 20
42475.66772417961
 11
26500.00000119236
 21
42474.60725234505
 72
     1
 10
26500.00000119236
 20
42474.60725234505
 11
26504.89220176825
 21
42473.14141600341
 72
     1
 10
26504.89220176825
 20
42473.14141600341
 11
26505.00818233278
 21
42473.43118856109
 72
     1
 10
26505.00818233278
 20
42473.43118856109
 11
26509.64358345753
 21
42472.17579933879
 72
     1
 10
26509.64358345753
 20
42472.17579933879
 11
26509.5507993265
 21
42471.87443578566
 72
     1
 10
26509.5507993265
 20
42471.87443578566
 11
26518.12806011331
 21
42469.49049811079
 72
     1
 10
26518.12806011331
 20
42469.49049811079
 11
26518.23244326258
 21
42469.78027066847
 72
     1
 10
26518.23244326258
 20
42469.78027066847
 11
26529.63640530973
 21
42466.63390979768
 72
     1
 10
26529.63640530973
 20
42466.63390979768
 11
26530.01290533787
 21
42467.64512081599
 72
     1
 10
26530.01290533787
 20
42467.64512081599
 11
26533.72490214544
 21
42466.59750790095
 72
     1
 10
26533.72490214544
 20
42466.59750790095
 11
26533.46605777498
 21
42465.63333035942
 72
     1
 10
26533.46605777498
 20
42465.63333035942
 11
26552.90839913448
 21
42460.26308069816
 72
     1
 10
26552.90839913448
 20
42460.26308069816
 11
26557.27642012702
 21
42459.02616604389
 72
     1
 10
26557.27642012702
 20
42459.02616604389
 11
26557.06259007799
 21
42458.25357234617
 72
     1
 10
26557.06259007799
 20
42458.25357234617
 11
26560.63672271174
 21
42457.28128169
 72
     1
 10
26560.63672271174
 20
42457.28128169
 11
26560.86700073286
 21
42458.05387538772
 72
     1
 10
26560.86700073286
 20
42458.05387538772
 11
26561.32755677508
 21
42457.92237027566
 72
     1
 10
26561.32755677508
 20
42457.92237027566
 11
26560.12529513241
 21
42453.5746257217
 72
     1
 10
26560.12529513241
 20
42453.5746257217
 11
26556.50478676619
 21
42440.48176392434
 72
     1
 10
26556.50478676619
 20
42440.48176392434
 11
26536.54560776543
 21
42446.00098315031
 72
     1
 10
26536.54560776543
 20
42446.00098315031
 11
26535.58277751859
 21
42442.37492372614
 72
     1
 10
26535.58277751859
 20
42442.37492372614
 11
26528.75588414135
 21
42444.18767378525
 72
     1
 10
26528.75588414135
 20
42444.18767378525
 11
26528.53838203461
 21
42444.24542728089
 72
     1
 10
26528.53838203461
 20
42444.24542728089
 11
26529.24725675231
 21
42446.9150794435
 72
     1
 10
26529.24725675231
 20
42446.9150794435
 11
26514.02751789294
 21
42451.26514165107
 72
     1
 10
26514.02751789294
 20
42451.26514165107
 11
26515.45107175729
 21
42456.24578722202
 72
     1
 10
26515.45107175729
 20
42456.24578722202
 11
26506.62362290366
 21
42458.52894530912
 72
     1
 10
26506.62362290366
 20
42458.52894530912
 11
26505.59891782975
 21
42454.98068245503
 72
     1
 10
26505.59891782975
 20
42454.98068245503
 11
26500.31528222132
 21
42456.5065469243
 72
     1
 10
26500.31528222132
 20
42456.5065469243
 11
26501.30004629765
 21
42459.91650543925
 72
     1
 10
26501.30004629765
 20
42459.91650543925
 11
26499.99999977661
 21
42460.24630572465
 72
     1
 10
26499.99999977661
 20
42460.24630572465
 11
26499.68757925021
 21
42459.09499373425
 72
     1
 10
26499.68757925021
 20
42459.09499373425
 11
26492.44698096641
 21
42461.05980566023
 72
     1
 10
26492.44698096641
 20
42461.05980566023
 11
26491.1641
 21
42456.4258
 72
     1
 10
26491.1641
 20
42456.4258
 11
26484.88272064584
 21
42458.21596249806
 97
        0
 75
     1
 76
     1
 98
        1
 10
0.0
 20
0.0
450
        0
451
        0
460
0.0
461
0.0
452
        0
462
1.0
453
        2
463
0.0
 63
     5
421
      255
463
1.0
 63
     2
421
 16776960
470
LINEAR
1001
GradientColor1ACI
1070
     5
1001
GradientColor2ACI
1070
     2
1001
ACAD
1010
0.0
1020
0.0
1030
0.0
  0
HATCH
  5
6EA
330
1F
100
AcDbEntity
  8
0.1 ОКН
 62
     1
440
 33554585
100
AcDbHatch
 10
0.0
 20
0.0
 30
0.0
210
0.0
220
0.0
230
1.0
  2
SOLID
 70
     1
 71
     0
 91
        1
 92
        1
 93
       25
 72
     1
 10
26587.53434095262
 20
42340.2326330296
 11
26584.33385443334
 21
42345.30266165905
 72
     1
 10
26584.33385443334
 20
42345.30266165905
 11
26588.08217378836
 21
42359.38190623806
 72
     1
 10
26588.08217378836
 20
42359.38190623806
 11
26601.76850016014
 21
42355.73819355514
 72
     1
 10
26601.76850016014
 20
42355.73819355514
 11
26601.3843810019
 21
42354.29538490838
 72
     1
 10
26601.3843810019
 20
42354.29538490838
 11
26608.06365842878
 21
42352.51715989663
 72
     1
 10
26608.06365842878
 20
42352.51715989663
 11
26608.26666634172
 21
42353.27968778903
 72
     1
 10
26608.26666634172
 20
42353.27968778903
 11
26611.54284731793
 21
42352.40746964587
 72
     1
 10
26611.54284731793
 20
42352.40746964587
 11
26611.32862944501
 21
42351.60283547775
 72
     1
 10
26611.32862944501
 20
42351.60283547775
 11
26617.76788678492
 21
42349.88851104906
 72
     1
 10
26617.76788678492
 20
42349.88851104906
 11
26618.12047687422
 21
42351.21289182699
 72
     1
 10
26618.12047687422
 20
42351.21289182699
 11
26622.84862521302
 21
42349.95411619934
 72
     1
 10
26622.84862521302
 20
42349.95411619934
 11
26622.5106899476
 21
42348.68478111791
 72
     1
 10
26622.5106899476
 20
42348.68478111791
 11
26629.20485172028
 21
42346.9025934446
 72
     1
 10
26629.20485172028
 20
42346.9025934446
 11
26629.40039665185
 21
42347.63708926981
 72
     1
 10
26629.40039665185
 20
42347.63708926981
 11
26632.71924074691
 21
42346.75351291824
 72
     1
 10
26632.71924074691
 20
42346.75351291824
 11
26632.51817329567
 21
42345.9982736884
 72
     1
 10
26632.51817329567
 20
42345.9982736884
 11
26639.05213589939
 21
42344.25873586338
 72
     1
 10
26639.05213589939
 20
42344.25873586338
 11
26639.3516392506
 21
42345.38371496321
 72
     1
 10
26639.3516392506
 20
42345.38371496321
 11
26644.27657165137
 21
42344.07254948578
 72
     1
 10
26644.27657165137
 20
42344.07254948578
 11
26643.9522810717
 21
42342.85446587194
 72
     1
 10
26643.9522810717
 20
42342.85446587194
 11
26649.28764133441
 21
42341.43403212446
 72
     1
 10
26649.28764133441
 20
42341.43403212446
 11
26649.60728913098
 21
42342.63467675495
 72
     1
 10
26649.60728913098
 20
42342.63467675495
 11
26659.49435880886
 21
42340.0024407404
 72
     1
 10
26659.49435880886
 20
42340.0024407404
 11
26654.78875176957
 21
42322.32748134586
 72
     1
 10
26654.78875176957
 20
42322.32748134586
 11
26587.53434095262
 21
42340.2326330296
 97
        0
 75
     1
 76
     1
 98
        1
 10
0.0
 20
0.0
450
        0
451
        0
460
0.0
461
0.0
452
        0
462
1.0
453
        2
463
0.0
 63
     5
421
      255
463
1.0
 63
     2
421
 16776960
470
LINEAR
1001
GradientColor1ACI
1070
     5
1001
GradientColor2ACI
1070
     2
1001
ACAD
1010
0.0
1020
0.0
1030
0.0
  0
HATCH
  5
6EB
330
1F
100
AcDbEntity
  8
0.1 ОКН
 62
     1
440
 33554585
100
AcDbHatch
 10
0.0
 20
0.0
 30
0.0
210
0.0
220
0.0
230
1.0
  2
SOLID
 70
     1
 71
     0
 91
        1
 92
        1
 93
        4
 72
     1
 10
26676.21
 20
42420.53
 11
26668.57
 21
42407.07
 72
     1
 10
26668.57
 20
42407.07
 11
26678.16444643047
 21
42401.6140116432
 72
     1
 10
26678.16444643047
 20
42401.6140116432
 11
26685.80444643047
 21
42415.0740116432
 72
     1
 10
26685.80444643047
 20
42415.0740116432
 11
26676.21
 21
42420.53
 97
        0
 75
     1
 76
     1
 98
        1
 10
0.0
 20
0.0
450
        0
451
        0
460
0.0
461
0.0
452
        0
462
1.0
453
        2
463
0.0
 63
     5
421
      255
463
1.0
 63
     2
421
 16776960
470
LINEAR
1001
GradientColor1ACI
1070
     5
1001
GradientColor2ACI
1070
     2
1001
ACAD
1010
0.0
1020
0.0
1030
0.0
  0
HATCH
  5
6EC
330
1F
100
AcDbEntity
  8
0.1 ОКН
 62
     1
440
 33554585
100
AcDbHatch
 10
0.0
 20
0.0
 30
0.0
210
0.0
220
0.0
230
1.0
  2
SOLID
 70
     1
 71
     0
 91
        1
 92
        1
 93
       40
 72
     1
 10
26730.75019648691
 20
42318.67552857353
 11
26730.20017503699
 21
42316.68006004118
 72
     1
 10
26730.20017503699
 20
42316.68006004118
 11
26737.17241844706
 21
42314.75826404818
 72
     1
 10
26737.17241844706
 20
42314.75826404818
 11
26737.72243989699
 21
42316.75373258052
 72
     1
 10
26737.72243989699
 20
42316.75373258052
 11
26743.91450369121
 21
42315.04698158401
 72
     1
 10
26743.91450369121
 20
42315.04698158401
 11
26740.94207559591
 21
42304.2630626483
 72
     1
 10
26740.94207559591
 20
42304.2630626483
 11
26741.37448378845
 21
42304.14714744074
 72
     1
 10
26741.37448378845
 20
42304.14714744074
 11
26740.90769939219
 21
42302.40586257122
 72
     1
 10
26740.90769939219
 20
42302.40586257122
 11
26740.5675786945
 21
42302.4970383675
 72
     1
 10
26740.5675786945
 20
42302.4970383675
 11
26739.64951513004
 21
42299.07230907739
 72
     1
 10
26739.64951513004
 20
42299.07230907739
 11
26737.91493616029
 21
42299.53729583018
 72
     1
 10
26737.91493616029
 20
42299.53729583018
 11
26738.08748026532
 21
42300.18095153467
 72
     1
 10
26738.08748026532
 20
42300.18095153467
 11
26734.97338539806
 21
42301.01574365741
 72
     1
 10
26734.97338539806
 20
42301.01574365741
 11
26734.92550414203
 21
42300.83712820385
 72
     1
 10
26734.92550414203
 20
42300.83712820385
 11
26733.14104091415
 21
42301.31548737705
 72
     1
 10
26733.14104091415
 20
42301.31548737705
 11
26733.18892217018
 21
42301.49410283061
 72
     1
 10
26733.18892217018
 20
42301.49410283061
 11
26722.17562525061
 21
42304.44642570637
 72
     1
 10
26722.17562525061
 20
42304.44642570637
 11
26722.12774399458
 21
42304.2678102528
 72
     1
 10
26722.12774399458
 20
42304.2678102528
 11
26720.88304470433
 21
42304.60147547719
 72
     1
 10
26720.88304470433
 20
42304.60147547719
 11
26720.93092596036
 21
42304.78009093076
 72
     1
 10
26720.93092596036
 20
42304.78009093076
 11
26718.51986990295
 21
42305.42642018212
 72
     1
 10
26718.51986990295
 20
42305.42642018212
 11
26718.47198864692
 21
42305.24780472855
 72
     1
 10
26718.47198864692
 20
42305.24780472855
 11
26717.22509417953
 21
42305.58205841176
 72
     1
 10
26717.22509417953
 20
42305.58205841176
 11
26717.27297543556
 21
42305.76067386534
 72
     1
 10
26717.27297543556
 20
42305.76067386534
 11
26713.89897316065
 21
42306.6651390924
 72
     1
 10
26713.89897316065
 20
42306.6651390924
 11
26713.85109190462
 21
42306.48652363883
 72
     1
 10
26713.85109190462
 20
42306.48652363883
 11
26712.66296312371
 21
42306.80502406651
 72
     1
 10
26712.66296312371
 20
42306.80502406651
 11
26712.71084437974
 21
42306.98363952009
 72
     1
 10
26712.71084437974
 20
42306.98363952009
 11
26706.26656227065
 21
42308.71115142025
 72
     1
 10
26706.26656227065
 20
42308.71115142025
 11
26706.21868101461
 21
42308.53253596667
 72
     1
 10
26706.21868101461
 20
42308.53253596667
 11
26704.30880807936
 21
42309.0445135877
 72
     1
 10
26704.30880807936
 20
42309.0445135877
 11
26704.35668933539
 21
42309.22312904127
 72
     1
 10
26704.35668933539
 20
42309.22312904127
 11
26701.35096090493
 21
42310.02887148773
 72
     1
 10
26701.35096090493
 20
42310.02887148773
 11
26701.3030796489
 21
42309.85025603415
 72
     1
 10
26701.3030796489
 20
42309.85025603415
 11
26699.3973911058
 21
42310.3611119496
 72
     1
 10
26699.3973911058
 20
42310.3611119496
 11
26700.95955035781
 21
42316.02859933639
 72
     1
 10
26700.95955035781
 20
42316.02859933639
 11
26700.771564655
 21
42316.0804148209
 72
     1
 10
26700.771564655
 20
42316.0804148209
 11
26702.28290126483
 21
42321.56351852013
 72
     1
 10
26702.28290126483
 20
42321.56351852013
 11
26702.47088696765
 21
42321.51170303563
 72
     1
 10
26702.47088696765
 20
42321.51170303563
 11
26703.7411442991
 21
42326.12017518384
 72
     1
 10
26703.7411442991
 20
42326.12017518384
 11
26730.75019648691
 21
42318.67552857353
 97
        0
 75
     1
 76
     1
 98
        1
 10
0.0
 20
0.0
450
        0
451
        0
460
0.0
461
0.0
452
        0
462
1.0
453
        2
463
0.0
 63
     5
421
      255
463
1.0
 63
     2
421
 16776960
470
LINEAR
1001
GradientColor1ACI
1070
     5
1001
GradientColor2ACI
1070
     2
1001
ACAD
1010
0.0
1020
0.0
1030
0.0
  0
HATCH
  5
6ED
330
1F
100
AcDbEntity
  8
0.1 ОКН
 62
     1
440
 33554585
100
AcDbHatch
 10
0.0
 20
0.0
 30
0.0
210
0.0
220
0.0
230
1.0
  2
SOLID
 70
     1
 71
     0
 91
        1
 92
        7
 72
     0
 73
     1
 93
        8
 10
26960.92331479781
 20
42197.57564366262
 10
26958.8905377163
 20
42189.4453116405
 10
26970.3110370003
 20
42187.2348190873
 10
26975.92744148289
 20
42209.69829215056
 10
26973.04294807094
 20
42210.48748305948
 10
26973.80938763976
 20
42213.28882030495
 10
26928.04043361367
 20
42225.81110317029
 10
26923.13507402726
 20
42207.88200990461
 97
        0
 75
     1
 76
     1
 47
0.1816611869484826
 98
        1
 10
26951.16113149185
 20
42208.54150733246
450
        0
451
        0
460
0.0
461
0.0
452
        0
462
1.0
453
        2
463
0.0
 63
     5
421
      255
463
1.0
 63
     2
421
 16776960
470
LINEAR
1001
GradientColor1ACI
1070
     5
1001
GradientColor2ACI
1070
     2
1001
ACAD
1010
0.0
1020
0.0
1030
0.0
  0
HATCH
  5
6EE
330
1F
100
AcDbEntity
  8
0.1 ОКН
 62
     1
440
 33554585
100
AcDbHatch
 10
0.0
 20
0.0
 30
0.0
210
0.0
220
0.0
230
1.0
  2
SOLID
 70
     1
 71
     0
 91
        1
 92
        1
 93
        4
 72
     1
 10
26906.1238072011
 20
42108.85230479068
 11
26910.38321306766
 21
42128.53462576649
 72
     1
 10
26910.38321306766
 20
42128.53462576649
 11
26923.44589404386
 21
42125.70776098508
 72
     1
 10
26923.44589404386
 20
42125.70776098508
 11
26919.16797816013
 21
42105.9399069301
 72
     1
 10
26919.16797816013
 20
42105.9399069301
 11
26906.1238072011
 21
42108.85230479068
 97
        0
 75
     1
 76
     1
 98
        1
 10
0.0
 20
0.0
450
        0
451
        0
460
0.0
461
0.0
452
        0
462
1.0
453
        2
463
0.0
 63
     5
421
      255
463
1.0
 63
     2
421
 16776960
470
LINEAR
1001
GradientColor1ACI
1070
     5
1001
GradientColor2ACI
1070
     2
1001
ACAD
1010
0.0
1020
0.0
1030
0.0
  0
HATCH
  5
6EF
330
1F
100
AcDbEntity
  8
0.1 ОКН
 62
     1
440
 33554585
100
AcDbHatch
 10
0.0
 20
0.0
 30
0.0
210
0.0
220
0.0
230
1.0
  2
SOLID
 70
     1
 71
     0
 91
        1
 92
        1
 93
       12
 72
     1
 10
30056.33448135
 20
42269.13479175093
 11
30053.06211641129
 21
42268.56290411896
 72
     1
 10
30053.06211641129
 20
42268.56290411896
 11
30053.3392843835
 21
42267.12424931329
 72
     1
 10
30053.3392843835
 20
42267.12424931329
 11
30050.12950604724
 21
42266.48087587565
 72
     1
 10
30050.12950604724
 20
42266.48087587565
 11
30050.46271243583
 21
42264.59568910795
 72
     1
 10
30050.46271243583
 20
42264.59568910795
 11
30049.47608188967
 21
42264.39556083771
 72
     1
 10
30049.47608188967
 20
42264.39556083771
 11
30050.12299766427
 21
42261.20627197173
 72
     1
 10
30050.12299766427
 20
42261.20627197173
 11
30049.05964971896
 21
42260.9687182026
 72
     1
 10
30049.05964971896
 20
42260.9687182026
 11
30050.30148099045
 21
42255.40998202339
 72
     1
 10
30050.30148099045
 20
42255.40998202339
 11
30061.73975715164
 21
42257.96531269046
 72
     1
 10
30061.73975715164
 20
42257.96531269046
 11
30059.83386725354
 21
42266.49653538827
 72
     1
 10
30059.83386725354
 20
42266.49653538827
 11
30056.97984585042
 21
42265.91762531009
 72
     1
 10
30056.97984585042
 20
42265.91762531009
 11
30056.33448135
 21
42269.13479175093
 97
        0
 75
     1
 76
     1
 98
        1
 10
30053.09770060309
 20
42253.55524979653
450
        0
451
        0
460
0.0
461
0.0
452
        0
462
1.0
453
        2
463
0.0
 63
     5
421
      255
463
1.0
 63
     2
421
 16776960
470
LINEAR
1001
GradientColor1ACI
1070
     5
1001
GradientColor2ACI
1070
     2
1001
ACAD
1010
0.0
1020
0.0
1030
0.0
  0
HATCH
  5
6F0
330
1F
100
AcDbEntity
  8
0.1 ОКН
 62
     1
440
 33554585
100
AcDbHatch
 10
0.0
 20
0.0
 30
0.0
210
0.0
220
0.0
230
1.0
  2
SOLID
 70
     1
 71
     0
 91
        1
 92
        1
 93
        4
 72
     1
 10
25875.37156624594
 20
42684.17557708275
 11
25860.67724933315
 21
42688.09809834402
 72
     1
 10
25860.67724933315
 20
42688.09809834402
 11
25855.6657239497
 21
42667.66366386069
 72
     1
 10
25855.6657239497
 20
42667.66366386069
 11
25870.11454452109
 21
42664.1201045264
 72
     1
 10
25870.11454452109
 20
42664.1201045264
 11
25875.37156624594
 21
42684.17557708275
 97
        0
 75
     1
 76
     1
 98
        1
 10
25864.57726223387
 20
42673.86634314192
450
        0
451
        0
460
0.0
461
0.0
452
        0
462
1.0
453
        2
463
0.0
 63
     5
421
      255
463
1.0
 63
     2
421
 16776960
470
LINEAR
1001
GradientColor1ACI
1070
     5
1001
GradientColor2ACI
1070
     2
1001
ACAD
1010
0.0
1020
0.0
1030
0.0
  0
HATCH
  5
6F1
330
1F
100
AcDbEntity
  8
0.1 ОКН
 62
     1
440
 33554585
100
AcDbHatch
 10
0.0
 20
0.0
 30
0.0
210
0.0
220
0.0
230
1.0
  2
SOLID
 70
     1
 71
     0
 91
        1
 92
        1
 93
        6
 72
     1
 10
25924.55493312446
 20
42664.1866462137
 11
25910.34883291001
 21
42667.88939593538
 72
     1
 10
25910.34883291001
 20
42667.88939593538
 11
25924.69332857149
 21
42722.92399406096
 72
     1
 10
25924.69332857149
 20
42722.92399406096
 11
25910.92154679629
 21
42726.5135408307
 72
     1
 10
25910.92154679629
 20
42726.5135408307
 11
25893.3657529971
 21
42659.15836297613
 72
     1
 10
25893.3657529971
 20
42659.15836297613
 11
25921.27681116553
 21
42651.60968785461
 72
     1
 10
25921.27681116553
 20
42651.60968785461
 11
25924.55493312446
 21
42664.1866462137
 97
        0
 75
     1
 76
     1
 98
        1
 10
25906.24858237537
 20
42664.05634538486
450
        0
451
        0
460
0.0
461
0.0
452
        0
462
1.0
453
        2
463
0.0
 63
     5
421
      255
463
1.0
 63
     2
421
 16776960
470
LINEAR
1001
GradientColor1ACI
1070
     5
1001
GradientColor2ACI
1070
     2
1001
ACAD
1010
0.0
1020
0.0
1030
0.0
  0
HATCH
  5
6F2
330
1F
100
AcDbEntity
  8
0.1 ОКН
 62
     1
440
 33554585
100
AcDbHatch
 10
0.0
 20
0.0
 30
0.0
210
0.0
220
0.0
230
1.0
  2
SOLID
 70
     1
 71
     0
 91
        1
 92
        1
 93
        4
 72
     1
 10
25987.17141562602
 20
42645.85487338363
 11
25962.75915231131
 21
42652.217809012
 72
     1
 10
25962.75915231131
 20
42652.217809012
 11
25960.0838366322
 21
42641.95359849296
 72
     1
 10
25960.0838366322
 20
42641.95359849296
 11
25984.4960999469
 21
42635.5906628646
 72
     1
 10
25984.4960999469
 20
42635.5906628646
 11
25987.17141562602
 21
42645.85487338363
 97
        0
 75
     1
 76
     1
 98
        1
 10
25966.04762742592
 20
42640.62173518057
450
        0
451
        0
460
0.0
461
0.0
452
        0
462
1.0
453
        2
463
0.0
 63
     5
421
      255
463
1.0
 63
     2
421
 16776960
470
LINEAR
1001
GradientColor1ACI
1070
     5
1001
GradientColor2ACI
1070
     2
1001
ACAD
1010
0.0
1020
0.0
1030
0.0
  0
HATCH
  5
6F3
330
1F
100
AcDbEntity
  8
0.1 ОКН
 62
     1
440
 33554585
100
AcDbHatch
 10
0.0
 20
0.0
 30
0.0
210
0.0
220
0.0
230
1.0
  2
SOLID
 70
     1
 71
     0
 91
        1
 92
        1
 93
        4
 72
     1
 10
26003.61616613514
 20
42679.9111487513
 11
25996.52945684135
 21
42681.75826445999
 72
     1
 10
25996.52945684135
 20
42681.75826445999
 11
25984.4960999469
 21
42635.5906628646
 72
     1
 10
25984.4960999469
 20
42635.5906628646
 11
25991.5828092407
 21
42633.74354715591
 72
     1
 10
25991.5828092407
 20
42633.74354715591
 11
26003.61616613514
 21
42679.9111487513
 97
        0
 75
     1
 76
     1
 98
        1
 10
25992.97360142062
 20
42663.41513929871
450
        0
451
        0
460
0.0
461
0.0
452
        0
462
1.0
453
        2
463
0.0
 63
     5
421
      255
463
1.0
 63
     2
421
 16776960
470
LINEAR
1001
GradientColor1ACI
1070
     5
1001
GradientColor2ACI
1070
     2
1001
ACAD
1010
0.0
1020
0.0
1030
0.0
  0
HATCH
  5
6F4
330
1F
100
AcDbEntity
  8
0.1 ОКН
 62
     1
440
 33554585
100
AcDbHatch
 10
0.0
 20
0.0
 30
0.0
210
0.0
220
0.0
230
1.0
  2
SOLID
 70
     1
 71
     0
 91
        1
 92
        1
 93
        4
 72
     1
 10
26010.94262326576
 20
42656.77220518575
 11
26003.05126035657
 21
42658.79124299821
 72
     1
 10
26003.05126035657
 20
42658.79124299821
 11
25996.37999044363
 21
42632.38238064216
 72
     1
 10
25996.37999044363
 20
42632.38238064216
 11
26004.31024937269
 21
42630.29250291905
 72
     1
 10
26004.31024937269
 20
42630.29250291905
 11
26010.94262326576
 21
42656.77220518575
 97
        0
 75
     1
 76
     1
 98
        1
 10
26005.80999938375
 20
42641.41992167907
450
        0
451
        0
460
0.0
461
0.0
452
        0
462
1.0
453
        2
463
0.0
 63
     5
421
      255
463
1.0
 63
     2
421
 16776960
470
LINEAR
1001
GradientColor1ACI
1070
     5
1001
GradientColor2ACI
1070
     2
1001
ACAD
1010
0.0
1020
0.0
1030
0.0
  0
HATCH
  5
6F5
330
1F
100
AcDbEntity
  8
0.1 ОКН
 62
     1
440
 33554585
100
AcDbHatch
 10
0.0
 20
0.0
 30
0.0
210
0.0
220
0.0
230
1.0
  2
SOLID
 70
     1
 71
     0
 91
        1
 92
        1
 93
        4
 72
     1
 10
26013.86529984017
 20
42682.60234664868
 11
26009.43732783115
 21
42683.82774613047
 72
     1
 10
26009.43732783115
 20
42683.82774613047
 11
26003.05126035657
 21
42658.79124299821
 72
     1
 10
26003.05126035657
 20
42658.79124299821
 11
26007.15803835821
 21
42657.75381002772
 72
     1
 10
26007.15803835821
 20
42657.75381002772
 11
26013.86529984017
 21
42682.60234664868
 97
        0
 75
     1
 76
     1
 98
        1
 10
26013.36545094917
 20
42670.24354365017
450
        0
451
        0
460
0.0
461
0.0
452
        0
462
1.0
453
        2
463
0.0
 63
     5
421
      255
463
1.0
 63
     2
421
 16776960
470
LINEAR
1001
GradientColor1ACI
1070
     5
1001
GradientColor2ACI
1070
     2
1001
ACAD
1010
0.0
1020
0.0
1030
0.0
  0
HATCH
  5
6F6
330
1F
100
AcDbEntity
  8
0.1 ОКН
 62
     1
440
 33554585
100
AcDbHatch
 10
0.0
 20
0.0
 30
0.0
210
0.0
220
0.0
230
1.0
  2
SOLID
 70
     1
 71
     0
 91
        1
 92
        1
 93
        4
 72
     1
 10
25953.16512905256
 20
42617.9860779657
 11
25932.55519159011
 21
42623.1646145926
 72
     1
 10
25932.55519159011
 20
42623.1646145926
 11
25930.5558323782
 21
42615.20741137258
 72
     1
 10
25930.5558323782
 20
42615.20741137258
 11
25951.16576984064
 21
42610.02887474568
 72
     1
 10
25951.16576984064
 20
42610.02887474568
 11
25953.16512905256
 21
42617.9860779657
 97
        0
 75
     1
 76
     1
 98
        1
 10
25936.91969567496
 20
42611.83380990316
450
        0
451
        0
460
0.0
461
0.0
452
        0
462
1.0
453
        2
463
0.0
 63
     5
421
      255
463
1.0
 63
     2
421
 16776960
470
LINEAR
1001
GradientColor1ACI
1070
     5
1001
GradientColor2ACI
1070
     2
1001
ACAD
1010
0.0
1020
0.0
1030
0.0
  0
HATCH
  5
6F7
330
1F
100
AcDbEntity
  8
0.1 ОКН
 62
     1
440
 33554585
100
AcDbHatch
 10
0.0
 20
0.0
 30
0.0
210
0.0
220
0.0
230
1.0
  2
SOLID
 70
     1
 71
     0
 91
        1
 92
        1
 93
        7
 72
     1
 10
25977.41602818436
 20
42612.01643518919
 11
25959.28389304104
 21
42616.85168351299
 72
     1
 10
25959.28389304104
 20
42616.85168351299
 11
25957.1813822373
 21
42608.96728803199
 72
     1
 10
25957.1813822373
 20
42608.96728803199
 11
25969.10163246486
 21
42605.7885465613
 72
     1
 10
25969.10163246486
 20
42605.7885465613
 11
25966.00686314274
 21
42594.63276593151
 72
     1
 10
25966.00686314274
 20
42594.63276593151
 11
25972.55125597665
 21
42592.88727430432
 72
     1
 10
25972.55125597665
 20
42592.88727430432
 11
25973.77421872721
 21
42597.63839186143
 72
     1
 10
25973.77421872721
 20
42597.63839186143
 11
25977.41602818436
 21
42612.01643518919
 97
        0
 75
     1
 76
     1
 98
        1
 10
25963.55279274877
 20
42600.95206592561
450
        0
451
        0
460
0.0
461
0.0
452
        0
462
1.0
453
        2
463
0.0
 63
     5
421
      255
463
1.0
 63
     2
421
 16776960
470
LINEAR
1001
GradientColor1ACI
1070
     5
1001
GradientColor2ACI
1070
     2
1001
ACAD
1010
0.0
1020
0.0
1030
0.0
  0
HATCH
  5
6F8
330
1F
100
AcDbEntity
  8
0.1 ОКН
 62
     1
440
 33554585
100
AcDbHatch
 10
0.0
 20
0.0
 30
0.0
210
0.0
220
0.0
230
1.0
  2
SOLID
 70
     1
 71
     0
 91
        1
 92
        1
 93
        4
 72
     1
 10
26024.23332254
 20
42598.99969717
 11
25977.41602818436
 21
42612.01643518919
 72
     1
 10
25977.41602818436
 20
42612.01643518919
 11
25973.77421872721
 21
42597.63839186143
 72
     1
 10
25973.77421872721
 20
42597.63839186143
 11
26020.0431424909
 21
42584.31507940573
 72
     1
 10
26020.0431424909
 20
42584.31507940573
 11
26024.23332254
 21
42598.99969717
 97
        0
 75
     1
 76
     1
 98
        1
 10
25987.59256037188
 20
42593.75481195988
450
        0
451
        0
460
0.0
461
0.0
452
        0
462
1.0
453
        2
463
0.0
 63
     5
421
      255
463
1.0
 63
     2
421
 16776960
470
LINEAR
1001
GradientColor1ACI
1070
     5
1001
GradientColor2ACI
1070
     2
1001
ACAD
1010
0.0
1020
0.0
1030
0.0
  0
HATCH
  5
6F9
330
1F
100
AcDbEntity
  8
0.1 ОКН
 62
     1
440
 33554585
100
AcDbHatch
 10
0.0
 20
0.0
 30
0.0
210
0.0
220
0.0
230
1.0
  2
SOLID
 70
     1
 71
     0
 91
        1
 92
        1
 93
        4
 72
     1
 10
25978.15234491394
 20
42585.97863650892
 11
25971.25949930453
 21
42587.88113868428
 72
     1
 10
25971.25949930453
 20
42587.88113868428
 11
25964.59440210761
 21
42561.94173578681
 72
     1
 10
25964.59440210761
 20
42561.94173578681
 11
25971.3276715558
 21
42560.3840363416
 72
     1
 10
25971.3276715558
 20
42560.3840363416
 11
25978.15234491394
 21
42585.97863650892
 97
        0
 75
     1
 76
     1
 98
        1
 10
25969.30864134781
 20
42572.35594109337
450
        0
451
        0
460
0.0
461
0.0
452
        0
462
1.0
453
        2
463
0.0
 63
     5
421
      255
463
1.0
 63
     2
421
 16776960
470
LINEAR
1001
GradientColor1ACI
1070
     5
1001
GradientColor2ACI
1070
     2
1001
ACAD
1010
0.0
1020
0.0
1030
0.0
  0
HATCH
  5
6FA
330
1F
100
AcDbEntity
  8
0.1 ОКН
 62
     1
440
 33554585
100
AcDbHatch
 10
0.0
 20
0.0
 30
0.0
210
0.0
220
0.0
230
1.0
  2
SOLID
 70
     1
 71
     0
 91
        1
 92
        1
 93
        4
 72
     1
 10
26011.9973093
 20
42556.8401871
 11
25973.60655004
 21
42567.68965546999
 72
     1
 10
25973.60655004
 20
42567.68965546999
 11
25971.52668683
 21
42559.67884264
 72
     1
 10
25971.52668683
 20
42559.67884264
 11
26009.71652365667
 21
42548.6668606582
 72
     1
 10
26009.71652365667
 20
42548.6668606582
 11
26011.9973093
 21
42556.8401871
 97
        0
 75
     1
 76
     1
 98
        1
 10
25988.78076717416
 20
42554.80654107311
450
        0
451
        0
460
0.0
461
0.0
452
        0
462
1.0
453
        2
463
0.0
 63
     5
421
      255
463
1.0
 63
     2
421
 16776960
470
LINEAR
1001
GradientColor1ACI
1070
     5
1001
GradientColor2ACI
1070
     2
1001
ACAD
1010
0.0
1020
0.0
1030
0.0
  0
HATCH
  5
6FB
330
1F
100
AcDbEntity
  8
0.1 ОКН
 62
     1
440
 33554585
100
AcDbHatch
 10
0.0
 20
0.0
 30
0.0
210
0.0
220
0.0
230
1.0
  2
SOLID
 70
     1
 71
     0
 91
        1
 92
        1
 93
        6
 72
     1
 10
26019.79677390236
 20
42583.39473253887
 11
26013.35342084332
 21
42585.09063152063
 72
     1
 10
26013.35342084332
 20
42585.09063152063
 11
26011.26763496255
 21
42577.85496562538
 72
     1
 10
26011.26763496255
 20
42577.85496562538
 11
26007.16731974813
 21
42578.97593148705
 72
     1
 10
26007.16731974813
 20
42578.97593148705
 11
26004.47514762318
 21
42569.42893987021
 72
     1
 10
26004.47514762318
 20
42569.42893987021
 11
26015.25548607865
 21
42566.43006977544
 72
     1
 10
26015.25548607865
 20
42566.43006977544
 11
26019.79677390236
 21
42583.39473253887
 97
        0
 75
     1
 76
     1
 98
        1
 10
26015.50721370498
 20
42570.90620904491
450
        0
451
        0
460
0.0
461
0.0
452
        0
462
1.0
453
        2
463
0.0
 63
     5
421
      255
463
1.0
 63
     2
421
 16776960
470
LINEAR
1001
GradientColor1ACI
1070
     5
1001
GradientColor2ACI
1070
     2
1001
ACAD
1010
0.0
1020
0.0
1030
0.0
  0
HATCH
  5
6FC
330
1F
100
AcDbEntity
  8
0.1 ОКН
 62
     1
440
 33554585
100
AcDbHatch
 10
0.0
 20
0.0
 30
0.0
210
0.0
220
0.0
230
1.0
  2
SOLID
 70
     1
 71
     0
 91
        1
 92
        1
 93
        4
 72
     1
 10
26069.9
 20
42586.49
 11
26024.23332254
 21
42598.99969717
 72
     1
 10
26024.23332254
 20
42598.99969717
 11
26020.04314249093
 21
42584.31507940582
 72
     1
 10
26020.04314249093
 20
42584.31507940582
 11
26065.94829199504
 21
42571.86106036087
 72
     1
 10
26065.94829199504
 20
42571.86106036087
 11
26069.9
 21
42586.49
 97
        0
 75
     1
 76
     1
 98
        1
 10
26049.21008978521
 20
42575.79989481154
450
        0
451
        0
460
0.0
461
0.0
452
        0
462
1.0
453
        2
463
0.0
 63
     5
421
      255
463
1.0
 63
     2
421
 16776960
470
LINEAR
1001
GradientColor1ACI
1070
     5
1001
GradientColor2ACI
1070
     2
1001
ACAD
1010
0.0
1020
0.0
1030
0.0
  0
HATCH
  5
6FD
330
1F
100
AcDbEntity
  8
0.1 ОКН
 62
     1
440
 33554585
100
AcDbHatch
 10
0.0
 20
0.0
 30
0.0
210
0.0
220
0.0
230
1.0
  2
SOLID
 70
     1
 71
     0
 91
        1
 92
        1
 93
        4
 72
     1
 10
26035.71560451009
 20
42558.70823940798
 11
26014.49319992609
 21
42564.53348829336
 72
     1
 10
26014.49319992609
 20
42564.53348829336
 11
26010.02649442248
 21
42548.58145222691
 72
     1
 10
26010.02649442248
 20
42548.58145222691
 11
26031.55651910858
 21
42542.60682805337
 72
     1
 10
26031.55651910858
 20
42542.60682805337
 11
26035.71560451009
 21
42558.70823940798
 97
        0
 75
     1
 76
     1
 98
        1
 10
26021.38232240273
 20
42546.58184152407
450
        0
451
        0
460
0.0
461
0.0
452
        0
462
1.0
453
        2
463
0.0
 63
     5
421
      255
463
1.0
 63
     2
421
 16776960
470
LINEAR
1001
GradientColor1ACI
1070
     5
1001
GradientColor2ACI
1070
     2
1001
ACAD
1010
0.0
1020
0.0
1030
0.0
  0
HATCH
  5
6FE
330
1F
100
AcDbEntity
  8
0.1 ОКН
 62
     1
440
 33554585
100
AcDbHatch
 10
0.0
 20
0.0
 30
0.0
210
0.0
220
0.0
230
1.0
  2
SOLID
 70
     1
 71
     0
 91
        1
 92
        1
 93
        6
 72
     1
 10
26058.91745209239
 20
42553.02592700718
 11
26039.0200946902
 21
42558.74910454359
 72
     1
 10
26039.0200946902
 20
42558.74910454359
 11
26038.82810737378
 21
42557.85390154228
 72
     1
 10
26038.82810737378
 20
42557.85390154228
 11
26035.71560451009
 21
42558.70823940798
 72
     1
 10
26035.71560451009
 20
42558.70823940798
 11
26032.53962281096
 21
42546.0984850672
 72
     1
 10
26032.53962281096
 20
42546.0984850672
 11
26055.25950254278
 21
42539.88049728278
 72
     1
 10
26055.25950254278
 20
42539.88049728278
 11
26058.91745209239
 21
42553.02592700718
 97
        0
 75
     1
 76
     1
 98
        1
 10
26042.78392015393
 20
42541.5927991572
450
        0
451
        0
460
0.0
461
0.0
452
        0
462
1.0
453
        2
463
0.0
 63
     5
421
      255
463
1.0
 63
     2
421
 16776960
470
LINEAR
1001
GradientColor1ACI
1070
     5
1001
GradientColor2ACI
1070
     2
1001
ACAD
1010
0.0
1020
0.0
1030
0.0
  0
HATCH
  5
6FF
330
1F
100
AcDbEntity
  8
0.1 ОКН
 62
     1
440
 33554585
100
AcDbHatch
 10
0.0
 20
0.0
 30
0.0
210
0.0
220
0.0
230
1.0
  2
SOLID
 70
     1
 71
     0
 91
        1
 92
        1
 93
        4
 72
     1
 10
26047.16389516128
 20
42499.50692014937
 11
26021.24905405506
 21
42506.3051699669
 72
     1
 10
26021.24905405506
 20
42506.3051699669
 11
26017.90962674251
 21
42493.04763022645
 72
     1
 10
26017.90962674251
 20
42493.04763022645
 11
26043.58196802378
 21
42486.28654141814
 72
     1
 10
26043.58196802378
 20
42486.28654141814
 11
26047.16389516128
 21
42499.50692014937
 97
        0
 75
     1
 76
     1
 98
        1
 10
26029.1549064673
 20
42490.88256587119
450
        0
451
        0
460
0.0
461
0.0
452
        0
462
1.0
453
        2
463
0.0
 63
     5
421
      255
463
1.0
 63
     2
421
 16776960
470
LINEAR
1001
GradientColor1ACI
1070
     5
1001
GradientColor2ACI
1070
     2
1001
ACAD
1010
0.0
1020
0.0
1030
0.0
  0
HATCH
  5
700
330
1F
100
AcDbEntity
  8
0.1 ОКН
 62
     1
440
 33554585
100
AcDbHatch
 10
0.0
 20
0.0
 30
0.0
210
0.0
220
0.0
230
1.0
  2
SOLID
 70
     1
 71
     0
 91
        1
 92
        1
 93
       23
 72
     1
 10
26181.31504919269
 20
42559.03769289866
 11
26135.71366370371
 21
42570.49567728463
 72
     1
 10
26135.71366370371
 20
42570.49567728463
 11
26135.60543963195
 21
42570.07371102782
 72
     1
 10
26135.60543963195
 20
42570.07371102782
 11
26135.73139186576
 21
42570.04140734625
 72
     1
 10
26135.73139186576
 20
42570.04140734625
 11
26135.15715343894
 21
42567.80218070603
 72
     1
 10
26135.15715343894
 20
42567.80218070603
 11
26135.0313598407
 21
42567.83501084031
 72
     1
 10
26135.0313598407
 20
42567.83501084031
 11
26134.83379947265
 21
42567.06472186813
 72
     1
 10
26134.83379947265
 20
42567.06472186813
 11
26134.95975170647
 21
42567.03241818656
 72
     1
 10
26134.95975170647
 20
42567.03241818656
 11
26134.40249255304
 21
42564.85940174672
 72
     1
 10
26134.40249255304
 20
42564.85940174672
 11
26134.2766989548
 21
42564.89223188101
 72
     1
 10
26134.2766989548
 20
42564.89223188101
 11
26134.07913858674
 21
42564.12194290883
 72
     1
 10
26134.07913858674
 20
42564.12194290883
 11
26134.20509082056
 21
42564.08963922726
 72
     1
 10
26134.20509082056
 20
42564.08963922726
 11
26133.68835488433
 21
42562.07464193633
 72
     1
 10
26133.68835488433
 20
42562.07464193633
 11
26133.56256128608
 21
42562.10747207061
 72
     1
 10
26133.56256128608
 20
42562.10747207061
 11
26133.47989278257
 21
42561.78514711633
 72
     1
 10
26133.47989278257
 20
42561.78514711633
 11
26128.75231354
 21
42540.74826972
 72
     1
 10
26128.75231354
 20
42540.74826972
 11
26141.36104420337
 21
42537.3060156012
 72
     1
 10
26141.36104420337
 20
42537.3060156012
 11
26145.72145877642
 21
42554.64013770143
 72
     1
 10
26145.72145877642
 20
42554.64013770143
 11
26149.94326961906
 21
42553.53731215034
 72
     1
 10
26149.94326961906
 20
42553.53731215034
 11
26146.29505562288
 21
42539.57130511484
 72
     1
 10
26146.29505562288
 20
42539.57130511484
 11
26158.33433391962
 21
42536.42639308135
 72
     1
 10
26158.33433391962
 20
42536.42639308135
 11
26160.11398490889
 21
42543.93303293946
 72
     1
 10
26160.11398490889
 20
42543.93303293946
 11
26176.36324072309
 21
42539.73765056162
 72
     1
 10
26176.36324072309
 20
42539.73765056162
 11
26181.31504919269
 21
42559.03769289866
 97
        0
 75
     1
 76
     1
 98
        1
 10
26162.47814606699
 20
42549.17749418164
450
        0
451
        0
460
0.0
461
0.0
452
        0
462
1.0
453
        2
463
0.0
 63
     5
421
      255
463
1.0
 63
     2
421
 16776960
470
LINEAR
1001
GradientColor1ACI
1070
     5
1001
GradientColor2ACI
1070
     2
1001
ACAD
1010
0.0
1020
0.0
1030
0.0
  0
HATCH
  5
701
330
1F
100
AcDbEntity
  8
0.1 ОКН
 62
     1
440
 33554585
100
AcDbHatch
 10
0.0
 20
0.0
 30
0.0
210
0.0
220
0.0
230
1.0
  2
SOLID
 70
     1
 71
     0
 91
        1
 92
        1
 93
       38
 72
     1
 10
26110.412337622
 20
42472.13253815403
 11
26110.71539688844
 21
42471.47080364999
 72
     1
 10
26110.71539688844
 20
42471.47080364999
 11
26110.12711820773
 21
42471.13818966137
 72
     1
 10
26110.12711820773
 20
42471.13818966137
 11
26112.08141416722
 21
42467.63775434888
 72
     1
 10
26112.08141416722
 20
42467.63775434888
 11
26112.69398368483
 21
42467.97651471566
 72
     1
 10
26112.69398368483
 20
42467.97651471566
 11
26113.03274405161
 21
42467.36394519804
 72
     1
 10
26113.03274405161
 20
42467.36394519804
 11
26136.72445970598
 21
42461.33467920364
 72
     1
 10
26136.72445970598
 20
42461.33467920364
 11
26136.59706799452
 21
42460.85118013243
 72
     1
 10
26136.59706799452
 20
42460.85118013243
 11
26141.82790505525
 21
42459.51007317453
 72
     1
 10
26141.82790505525
 20
42459.51007317453
 11
26141.92745346589
 21
42459.89748782828
 72
     1
 10
26141.92745346589
 20
42459.89748782828
 11
26149.20349360867
 21
42458.07835621108
 72
     1
 10
26149.20349360867
 20
42458.07835621108
 11
26149.09616124863
 21
42457.69302549015
 72
     1
 10
26149.09616124863
 20
42457.69302549015
 11
26154.32946542718
 21
42456.36166251379
 72
     1
 10
26154.32946542718
 20
42456.36166251379
 11
26154.49983260472
 21
42457.03456743548
 72
     1
 10
26154.49983260472
 20
42457.03456743548
 11
26161.37715920069
 21
42481.19246068537
 72
     1
 10
26161.37715920069
 20
42481.19246068537
 11
26169.99263353077
 21
42513.1494051874
 72
     1
 10
26169.99263353077
 20
42513.1494051874
 11
26152.957
 21
42514.66699999999
 72
     1
 10
26152.957
 20
42514.66699999999
 11
26138.8790744705
 21
42516.98632489344
 72
     1
 10
26138.8790744705
 20
42516.98632489344
 11
26137.219305679
 21
42510.2953607918
 72
     1
 10
26137.219305679
 20
42510.2953607918
 11
26139.99632963769
 21
42509.80925472521
 72
     1
 10
26139.99632963769
 20
42509.80925472521
 11
26139.75619049504
 21
42507.96629174541
 72
     1
 10
26139.75619049504
 20
42507.96629174541
 11
26140.53389890943
 21
42506.94048888363
 72
     1
 10
26140.53389890943
 20
42506.94048888363
 11
26141.1090825198
 21
42506.7476030388
 72
     1
 10
26141.1090825198
 20
42506.7476030388
 11
26146.2921015307
 21
42506.0850962181
 72
     1
 10
26146.2921015307
 20
42506.0850962181
 11
26145.40594247357
 21
42503.26185507391
 72
     1
 10
26145.40594247357
 20
42503.26185507391
 11
26145.01353572899
 21
42503.3429824584
 72
     1
 10
26145.01353572899
 20
42503.3429824584
 11
26140.51532834141
 21
42486.5007957938
 72
     1
 10
26140.51532834141
 20
42486.5007957938
 11
26129.0175704147
 21
42489.4264235818
 72
     1
 10
26129.0175704147
 20
42489.4264235818
 11
26131.17819516275
 21
42497.69122900659
 72
     1
 10
26131.17819516275
 20
42497.69122900659
 11
26134.0021874173
 21
42496.99849533819
 72
     1
 10
26134.0021874173
 20
42496.99849533819
 11
26134.5785387152
 21
42497.4089978044
 72
     1
 10
26134.5785387152
 20
42497.4089978044
 11
26135.5367557725
 21
42500.8643587685
 72
     1
 10
26135.5367557725
 20
42500.8643587685
 11
26134.78189171108
 21
42501.65868828891
 72
     1
 10
26134.78189171108
 20
42501.65868828891
 11
26137.219305679
 21
42510.2953607918
 72
     1
 10
26137.219305679
 20
42510.2953607918
 11
26138.8790744705
 21
42516.98632489344
 72
     1
 10
26138.8790744705
 20
42516.98632489344
 11
26135.89519563701
 21
42517.47842016833
 72
     1
 10
26135.89519563701
 20
42517.47842016833
 11
26123.16073421471
 21
42519.57797714952
 72
     1
 10
26123.16073421471
 20
42519.57797714952
 11
26118.08767446087
 21
42500.90237252594
 72
     1
 10
26118.08767446087
 20
42500.90237252594
 11
26110.412337622
 21
42472.13253815403
 97
        0
 75
     1
 76
     1
 98
        1
 10
26105.85997925447
 20
42466.39920721722
450
        0
451
        0
460
0.0
461
0.0
452
        0
462
1.0
453
        2
463
0.0
 63
     5
421
      255
463
1.0
 63
     2
421
 16776960
470
LINEAR
1001
GradientColor1ACI
1070
     5
1001
GradientColor2ACI
1070
     2
1001
ACAD
1010
0.0
1020
0.0
1030
0.0
  0
HATCH
  5
702
330
1F
100
AcDbEntity
  8
0.1 ОКН
 62
     1
440
 33554585
100
AcDbHatch
 10
0.0
 20
0.0
 30
0.0
210
0.0
220
0.0
230
1.0
  2
SOLID
 70
     1
 71
     0
 91
        1
 92
        1
 93
        4
 72
     1
 10
26135.90373523064
 20
42517.51325608924
 11
26140.76017004601
 21
42537.45331244298
 72
     1
 10
26140.76017004601
 20
42537.45331244298
 11
26128.2545015207
 21
42540.49908939255
 72
     1
 10
26128.2545015207
 20
42540.49908939255
 11
26122.76619235136
 21
42519.70488272893
 72
     1
 10
26122.76619235136
 20
42519.70488272893
 11
26135.90373523072
 21
42517.51325608958
 97
        0
 75
     1
 76
     1
 98
        1
 10
0.0
 20
0.0
450
        0
451
        0
460
0.0
461
0.0
452
        0
462
0.0
453
        2
463
0.0
 63
     5
421
      255
463
1.0
 63
     2
421
 16776960
470
LINEAR
1001
GradientColor1ACI
1070
     5
1001
GradientColor2ACI
1070
     2
1001
ACAD
1010
0.0
1020
0.0
1030
0.0
  0
HATCH
  5
703
330
1F
100
AcDbEntity
  8
0.1 ОКН
 62
     1
440
 33554585
100
AcDbHatch
 10
0.0
 20
0.0
 30
0.0
210
0.0
220
0.0
230
1.0
  2
SOLID
 70
     1
 71
     0
 91
        1
 92
        1
 93
        6
 72
     1
 10
26033.53766957127
 20
42637.96097432941
 11
26025.7329429155
 21
42640.02658861917
 72
     1
 10
26025.7329429155
 20
42640.02658861917
 11
26025.88189077052
 21
42640.58937388846
 72
     1
 10
26025.88189077052
 20
42640.58937388846
 11
26012.83639773974
 21
42644.04201970297
 72
     1
 10
26012.83639773974
 20
42644.04201970297
 11
26007.53
 21
42626.98999999998
 72
     1
 10
26007.53
 20
42626.98999999998
 11
26028.91620103547
 21
42621.32731467453
 72
     1
 10
26028.91620103547
 20
42621.32731467453
 11
26033.53766957127
 21
42637.96097432941
 97
        0
 75
     1
 76
     1
 98
        1
 10
26023.65285270457
 20
42633.157053619
450
        0
451
        0
460
0.0
461
0.0
452
        0
462
1.0
453
        2
463
0.0
 63
     5
421
      255
463
1.0
 63
     2
421
 16776960
470
LINEAR
1001
GradientColor1ACI
1070
     5
1001
GradientColor2ACI
1070
     2
1001
ACAD
1010
0.0
1020
0.0
1030
0.0
  0
HATCH
  5
704
330
1F
100
AcDbEntity
  8
0.1 ОКН
 62
     1
440
 33554585
100
AcDbHatch
 10
0.0
 20
0.0
 30
0.0
210
0.0
220
0.0
230
1.0
  2
SOLID
 70
     1
 71
     0
 91
        1
 92
        1
 93
        4
 72
     1
 10
26042.16540299549
 20
42673.3141612853
 11
26016.6482757248
 21
42680.28317882959
 72
     1
 10
26016.6482757248
 20
42680.28317882959
 11
26014.25795137347
 21
42671.0111933308
 72
     1
 10
26014.25795137347
 20
42671.0111933308
 11
26039.62224019639
 21
42664.25425764506
 72
     1
 10
26039.62224019639
 20
42664.25425764506
 11
26042.16540299549
 21
42673.3141612853
 97
        0
 75
     1
 76
     1
 98
        1
 10
26028.81857916949
 20
42660.57429110024
450
        0
451
        0
460
0.0
461
0.0
452
        0
462
1.0
453
        2
463
0.0
 63
     5
421
      255
463
1.0
 63
     2
421
 16776960
470
LINEAR
1001
GradientColor1ACI
1070
     5
1001
GradientColor2ACI
1070
     2
1001
ACAD
1010
0.0
1020
0.0
1030
0.0
  0
HATCH
  5
705
330
1F
100
AcDbEntity
  8
0.1 ОКН
 62
     1
440
 33554585
100
AcDbHatch
 10
0.0
 20
0.0
 30
0.0
210
0.0
220
0.0
230
1.0
  2
SOLID
 70
     1
 71
     0
 91
        1
 92
        1
 93
        7
 72
     1
 10
26047.21174373862
 20
42660.15034399535
 11
26040.27477746611
 21
42662.04965082727
 72
     1
 10
26040.27477746611
 20
42662.04965082727
 11
26031.8093300673
 21
42631.21923125796
 72
     1
 10
26031.8093300673
 20
42631.21923125796
 11
26028.91620103547
 21
42621.32731467453
 72
     1
 10
26028.91620103547
 20
42621.32731467453
 11
26075.25
 21
42609.0
 72
     1
 10
26075.25
 20
42609.0
 11
26078.06405601542
 21
42619.48853367765
 72
     1
 10
26078.06405601542
 20
42619.48853367765
 11
26039.62980694054
 21
42629.22474722318
 72
     1
 10
26039.62980694054
 20
42629.22474722318
 11
26047.21174373862
 21
42660.15034399535
 97
        0
 75
     1
 76
     1
 98
        1
 10
26041.53072283108
 20
42638.65247022318
450
        0
451
        0
460
0.0
461
0.0
452
        0
462
1.0
453
        2
463
0.0
 63
     5
421
      255
463
1.0
 63
     2
421
 16776960
470
LINEAR
1001
GradientColor1ACI
1070
     5
1001
GradientColor2ACI
1070
     2
1001
ACAD
1010
0.0
1020
0.0
1030
0.0
  0
HATCH
  5
706
330
1F
100
AcDbEntity
  8
0.1 ОКН
 62
     1
440
 33554585
100
AcDbHatch
 10
0.0
 20
0.0
 30
0.0
210
0.0
220
0.0
230
1.0
  2
SOLID
 70
     1
 71
     0
 91
        1
 92
        1
 93
        4
 72
     1
 10
26071.24290662542
 20
42666.53586154864
 11
26042.46789635296
 21
42674.42174373176
 72
     1
 10
26042.46789635296
 20
42674.42174373176
 11
26040.21160108
 21
42666.14493403
 72
     1
 10
26040.21160108
 20
42666.14493403
 11
26069.08039819903
 21
42658.61781536933
 72
     1
 10
26069.08039819903
 20
42658.61781536933
 11
26071.24290662542
 21
42666.53586154864
 97
        0
 75
     1
 76
     1
 98
        1
 10
26054.76696094826
 20
42655.7041052774
450
        0
451
        0
460
0.0
461
0.0
452
        0
462
1.0
453
        2
463
0.0
 63
     5
421
      255
463
1.0
 63
     2
421
 16776960
470
LINEAR
1001
GradientColor1ACI
1070
     5
1001
GradientColor2ACI
1070
     2
1001
ACAD
1010
0.0
1020
0.0
1030
0.0
  0
HATCH
  5
707
330
1F
100
AcDbEntity
  8
0.1 ОКН
 62
     1
440
 33554585
100
AcDbHatch
 10
0.0
 20
0.0
 30
0.0
210
0.0
220
0.0
230
1.0
  2
SOLID
 70
     1
 71
     0
 91
        1
 92
        1
 93
        4
 72
     1
 10
26089.09
 20
42661.62999999999
 11
26071.25364628762
 21
42666.44439235269
 72
     1
 10
26071.25364628762
 20
42666.44439235269
 11
26068.4708473816
 21
42656.26343220417
 72
     1
 10
26068.4708473816
 20
42656.26343220417
 11
26086.33648556172
 21
42651.61084868528
 72
     1
 10
26086.33648556172
 20
42651.61084868528
 11
26089.09
 21
42661.62999999999
 97
        0
 75
     1
 76
     1
 98
        1
 10
26083.7282238317
 20
42646.14126945547
450
        0
451
        0
460
0.0
461
0.0
452
        0
462
1.0
453
        2
463
0.0
 63
     5
421
      255
463
1.0
 63
     2
421
 16776960
470
LINEAR
1001
GradientColor1ACI
1070
     5
1001
GradientColor2ACI
1070
     2
1001
ACAD
1010
0.0
1020
0.0
1030
0.0
  0
HATCH
  5
708
330
1F
100
AcDbEntity
  8
0.1 ОКН
 62
     1
440
 33554585
100
AcDbHatch
 10
0.0
 20
0.0
 30
0.0
210
0.0
220
0.0
230
1.0
  2
SOLID
 70
     1
 71
     0
 91
        1
 92
        1
 93
        4
 72
     1
 10
26070.13
 20
42652.28
 11
26057.67
 21
42655.25
 72
     1
 10
26057.67
 20
42655.25
 11
26051.74
 21
42634.44
 72
     1
 10
26051.74
 20
42634.44
 11
26064.14
 21
42631.05
 72
     1
 10
26064.14
 20
42631.05
 11
26070.13
 21
42652.28
 97
        0
 75
     1
 76
     1
 98
        1
 10
26061.65901245558
 20
42632.37954621583
450
        0
451
        0
460
0.0
461
0.0
452
        0
462
1.0
453
        2
463
0.0
 63
     5
421
      255
463
1.0
 63
     2
421
 16776960
470
LINEAR
1001
GradientColor1ACI
1070
     5
1001
GradientColor2ACI
1070
     2
1001
ACAD
1010
0.0
1020
0.0
1030
0.0
  0
HATCH
  5
709
330
1F
100
AcDbEntity
  8
0.1 ОКН
 62
     1
440
 33554585
100
AcDbHatch
 10
0.0
 20
0.0
 30
0.0
210
0.0
220
0.0
230
1.0
  2
SOLID
 70
     1
 71
     0
 91
        1
 92
        1
 93
        4
 72
     1
 10
26085.31700838601
 20
42647.5528168526
 11
26078.54
 21
42649.22
 72
     1
 10
26078.54
 20
42649.22
 11
26072.38
 21
42624.78999999999
 72
     1
 10
26072.38
 20
42624.78999999999
 11
26079.01818955678
 21
42623.09990256092
 72
     1
 10
26079.01818955678
 20
42623.09990256092
 11
26085.31700838601
 21
42647.5528168526
 97
        0
 75
     1
 76
     1
 98
        1
 10
26080.26227536639
 20
42621.41847598985
450
        0
451
        0
460
0.0
461
0.0
452
        0
462
1.0
453
        2
463
0.0
 63
     5
421
      255
463
1.0
 63
     2
421
 16776960
470
LINEAR
1001
GradientColor1ACI
1070
     5
1001
GradientColor2ACI
1070
     2
1001
ACAD
1010
0.0
1020
0.0
1030
0.0
  0
HATCH
  5
70A
330
1F
100
AcDbEntity
  8
0.1 ОКН
 62
     1
440
 33554585
100
AcDbHatch
 10
0.0
 20
0.0
 30
0.0
210
0.0
220
0.0
230
1.0
  2
SOLID
 70
     1
 71
     0
 91
        1
 92
        1
 93
        4
 72
     1
 10
26092.67999097352
 20
42557.55495488016
 11
26080.46478064384
 21
42560.93621879124
 72
     1
 10
26080.46478064384
 20
42560.93621879124
 11
26066.68284911201
 21
42512.55614526638
 72
     1
 10
26066.68284911201
 20
42512.55614526638
 11
26079.99811685774
 21
42508.88400606681
 72
     1
 10
26079.99811685774
 20
42508.88400606681
 11
26092.67999097352
 21
42557.55495488016
 97
        0
 75
     1
 76
     1
 98
        1
 10
26079.76267537452
 20
42533.03339695005
450
        0
451
        0
460
0.0
461
0.0
452
        0
462
1.0
453
        2
463
0.0
 63
     5
421
      255
463
1.0
 63
     2
421
 16776960
470
LINEAR
1001
GradientColor1ACI
1070
     5
1001
GradientColor2ACI
1070
     2
1001
ACAD
1010
0.0
1020
0.0
1030
0.0
  0
HATCH
  5
70B
330
1F
100
AcDbEntity
  8
0.1 ОКН
 62
     1
440
 33554585
100
AcDbHatch
 10
0.0
 20
0.0
 30
0.0
210
0.0
220
0.0
230
1.0
  2
SOLID
 70
     1
 71
     0
 91
        1
 92
        1
 93
        8
 72
     1
 10
26114.62
 20
42574.33
 11
26091.55278259138
 21
42580.40285054838
 72
     1
 10
26091.55278259138
 20
42580.40285054838
 11
26089.13084694123
 21
42572.13792326307
 72
     1
 10
26089.13084694123
 20
42572.13792326307
 11
26092.00103427929
 21
42571.34576697076
 72
     1
 10
26092.00103427929
 20
42571.34576697076
 11
26091.34156861995
 21
42569.03405918112
 72
     1
 10
26091.34156861995
 20
42569.03405918112
 11
26101.40356190757
 21
42566.29188828049
 72
     1
 10
26101.40356190757
 20
42566.29188828049
 11
26099.76287848954
 21
42560.2808538879
 72
     1
 10
26099.76287848954
 20
42560.2808538879
 11
26110.2817203153
 21
42557.64647300279
 72
     1
 10
26110.2817203153
 20
42557.64647300279
 11
26114.62
 21
42574.33
 97
        0
 75
     1
 76
     1
 98
        1
 10
26095.96505915762
 20
42567.43137233941
450
        0
451
        0
460
0.0
461
0.0
452
        0
462
1.0
453
        2
463
0.0
 63
     5
421
      255
463
1.0
 63
     2
421
 16776960
470
LINEAR
1001
GradientColor1ACI
1070
     5
1001
GradientColor2ACI
1070
     2
1001
ACAD
1010
0.0
1020
0.0
1030
0.0
  0
HATCH
  5
70C
330
1F
100
AcDbEntity
  8
0.1 ОКН
 62
     1
440
 33554585
100
AcDbHatch
 10
0.0
 20
0.0
 30
0.0
210
0.0
220
0.0
230
1.0
  2
SOLID
 70
     1
 71
     0
 91
        1
 92
        1
 93
        4
 72
     1
 10
26107.91532995828
 20
42558.23414014519
 11
26099.76287848954
 21
42560.2808538879
 72
     1
 10
26099.76287848954
 20
42560.2808538879
 11
26084.284488956
 21
42501.92069653201
 72
     1
 10
26084.284488956
 20
42501.92069653201
 11
26092.607998754
 21
42499.72606946825
 72
     1
 10
26092.607998754
 20
42499.72606946825
 11
26107.91532995828
 21
42558.23414014519
 97
        0
 75
     1
 76
     1
 98
        1
 10
26094.91192491782
 20
42523.67248534375
450
        0
451
        0
460
0.0
461
0.0
452
        0
462
1.0
453
        2
463
0.0
 63
     5
421
      255
463
1.0
 63
     2
421
 16776960
470
LINEAR
1001
GradientColor1ACI
1070
     5
1001
GradientColor2ACI
1070
     2
1001
ACAD
1010
0.0
1020
0.0
1030
0.0
  0
HATCH
  5
70D
330
1F
100
AcDbEntity
  8
0.1 ОКН
 62
     1
440
 33554585
100
AcDbHatch
 10
0.0
 20
0.0
 30
0.0
210
0.0
220
0.0
230
1.0
  2
SOLID
 70
     1
 71
     0
 91
        1
 92
        1
 93
        8
 72
     1
 10
26091.55278259138
 20
42580.40285054838
 11
26069.8242436564
 21
42586.20955544881
 72
     1
 10
26069.8242436564
 20
42586.20955544881
 11
26066.22445796297
 21
42572.88340696901
 72
     1
 10
26066.22445796297
 20
42572.88340696901
 11
26071.32532208326
 21
42571.55358324164
 72
     1
 10
26071.32532208326
 20
42571.55358324164
 11
26072.5404506087
 21
42573.92077858779
 72
     1
 10
26072.5404506087
 20
42573.92077858779
 11
26074.9295106237
 21
42569.98917464495
 72
     1
 10
26074.9295106237
 20
42569.98917464495
 11
26085.4462962501
 21
42567.44023003696
 72
     1
 10
26085.4462962501
 20
42567.44023003696
 11
26088.13504038244
 21
42568.74666036293
 72
     1
 10
26088.13504038244
 20
42568.74666036293
 11
26091.55278259138
 21
42580.40285054838
 97
        0
 75
     1
 76
     1
 98
        1
 10
26080.31782681248
 20
42574.49004994058
450
        0
451
        0
460
0.0
461
0.0
452
        0
462
1.0
453
        2
463
0.0
 63
     5
421
      255
463
1.0
 63
     2
421
 16776960
470
LINEAR
1001
GradientColor1ACI
1070
     5
1001
GradientColor2ACI
1070
     2
1001
ACAD
1010
0.0
1020
0.0
1030
0.0
  0
HATCH
  5
70E
330
1F
100
AcDbEntity
  8
0.1 ОКН
 62
     1
440
 33554585
100
AcDbHatch
 10
0.0
 20
0.0
 30
0.0
210
0.0
220
0.0
230
1.0
  2
SOLID
 70
     1
 71
     0
 91
        1
 92
        1
 93
        4
 72
     1
 10
26078.65018909603
 20
42500.98956576715
 11
26059.29636064695
 21
42505.75094470934
 72
     1
 10
26059.29636064695
 20
42505.75094470934
 11
26057.88716892433
 21
42500.0739493872
 72
     1
 10
26057.88716892433
 20
42500.0739493872
 11
26077.03231359
 21
42495.06045357
 72
     1
 10
26077.03231359
 20
42495.06045357
 11
26078.65018909603
 21
42500.98956576715
 97
        0
 75
     1
 76
     1
 98
        1
 10
26075.35014439614
 20
42487.7801436997
450
        0
451
        0
460
0.0
461
0.0
452
        0
462
1.0
453
        2
463
0.0
 63
     5
421
      255
463
1.0
 63
     2
421
 16776960
470
LINEAR
1001
GradientColor1ACI
1070
     5
1001
GradientColor2ACI
1070
     2
1001
ACAD
1010
0.0
1020
0.0
1030
0.0
  0
HATCH
  5
70F
330
1F
100
AcDbEntity
  8
0.1 ОКН
 62
     1
440
 33554585
100
AcDbHatch
 10
0.0
 20
0.0
 30
0.0
210
0.0
220
0.0
230
1.0
  2
SOLID
 70
     1
 71
     0
 91
        1
 92
        1
 93
        8
 72
     1
 10
26095.38740946
 20
42498.64944619
 11
26084.95548393
 21
42501.13905522
 72
     1
 10
26084.95548393
 20
42501.13905522
 11
26084.21129756901
 21
42497.93142609004
 72
     1
 10
26084.21129756901
 20
42497.93142609004
 11
26081.97330987
 21
42498.51747059032
 72
     1
 10
26081.97330987
 20
42498.51747059032
 11
26082.32715250512
 21
42500.0
 72
     1
 10
26082.32715250512
 20
42500.0
 11
26078.65018909603
 21
42500.98956576715
 72
     1
 10
26078.65018909603
 20
42500.98956576715
 11
26077.03231359
 21
42495.06045357
 72
     1
 10
26077.03231359
 20
42495.06045357
 11
26093.32707131
 21
42490.79093027
 72
     1
 10
26093.32707131
 20
42490.79093027
 11
26095.38740946
 21
42498.64944619
 97
        0
 75
     1
 76
     1
 98
        1
 10
26094.6598999507
 20
42482.72326275882
450
        0
451
        0
460
0.0
461
0.0
452
        0
462
1.0
453
        2
463
0.0
 63
     5
421
      255
463
1.0
 63
     2
421
 16776960
470
LINEAR
1001
GradientColor1ACI
1070
     5
1001
GradientColor2ACI
1070
     2
1001
ACAD
1010
0.0
1020
0.0
1030
0.0
  0
HATCH
  5
710
330
1F
100
AcDbEntity
  8
0.1 ОКН
 62
     1
440
 33554585
100
AcDbHatch
 10
0.0
 20
0.0
 30
0.0
210
0.0
220
0.0
230
1.0
  2
SOLID
 70
     1
 71
     0
 91
        1
 92
        1
 93
        6
 72
     1
 10
26061.02831264
 20
42553.58582221999
 11
26059.08002645
 21
42553.04564858
 72
     1
 10
26059.08002645
 20
42553.04564858
 11
26050.05026842677
 21
42520.68032958034
 72
     1
 10
26050.05026842677
 20
42520.68032958034
 11
26055.91
 21
42519.04
 72
     1
 10
26055.91
 20
42519.04
 11
26067.43346735517
 21
42561.31233351597
 72
     1
 10
26067.43346735517
 20
42561.31233351597
 11
26063.49402486
 21
42562.4481397
 72
     1
 10
26063.49402486
 20
42562.4481397
 11
26061.02831264
 21
42553.58582221999
 97
        0
 75
     1
 76
     1
 98
        1
 10
26063.35617178541
 20
42539.57381204816
450
        0
451
        0
460
0.0
461
0.0
452
        0
462
1.0
453
        2
463
0.0
 63
     5
421
      255
463
1.0
 63
     2
421
 16776960
470
LINEAR
1001
GradientColor1ACI
1070
     5
1001
GradientColor2ACI
1070
     2
1001
ACAD
1010
0.0
1020
0.0
1030
0.0
  0
HATCH
  5
711
330
1F
100
AcDbEntity
  8
0.1 ОКН
 62
     1
440
 33554585
100
AcDbHatch
 10
0.0
 20
0.0
 30
0.0
210
0.0
220
0.0
230
1.0
  2
SOLID
 70
     1
 71
     0
 91
        1
 92
        1
 93
        4
 72
     1
 10
26111.77
 20
42655.47
 11
26089.12507775534
 21
42661.62047270842
 72
     1
 10
26089.12507775534
 20
42661.62047270842
 11
26087.07521625004
 21
42653.38176942241
 72
     1
 10
26087.07521625004
 20
42653.38176942241
 11
26109.58348266335
 21
42647.36319002222
 72
     1
 10
26109.58348266335
 20
42647.36319002222
 11
26111.77
 21
42655.47
 97
        0
 75
     1
 76
     1
 98
        1
 10
26095.73154382188
 20
42640.14180067812
450
        0
451
        0
460
0.0
461
0.0
452
        0
462
1.0
453
        2
463
0.0
 63
     5
421
      255
463
1.0
 63
     2
421
 16776960
470
LINEAR
1001
GradientColor1ACI
1070
     5
1001
GradientColor2ACI
1070
     2
1001
ACAD
1010
0.0
1020
0.0
1030
0.0
  0
HATCH
  5
712
330
1F
100
AcDbEntity
  8
0.1 ОКН
 62
     1
440
 33554585
100
AcDbHatch
 10
0.0
 20
0.0
 30
0.0
210
0.0
220
0.0
230
1.0
  2
SOLID
 70
     1
 71
     0
 91
        1
 92
        1
 93
        4
 72
     1
 10
26108.86683861033
 20
42644.68734180245
 11
26101.84680263746
 21
42646.79734661222
 72
     1
 10
26101.84680263746
 20
42646.79734661222
 11
26095.95869192189
 21
42624.16182886366
 72
     1
 10
26095.95869192189
 20
42624.16182886366
 11
26102.87483714273
 21
42622.31219472738
 72
     1
 10
26102.87483714273
 20
42622.31219472738
 11
26108.86683861033
 21
42644.68734180245
 97
        0
 75
     1
 76
     1
 98
        1
 10
26101.03755709491
 20
42620.44009601576
450
        0
451
        0
460
0.0
461
0.0
452
        0
462
1.0
453
        2
463
0.0
 63
     5
421
      255
463
1.0
 63
     2
421
 16776960
470
LINEAR
1001
GradientColor1ACI
1070
     5
1001
GradientColor2ACI
1070
     2
1001
ACAD
1010
0.0
1020
0.0
1030
0.0
  0
HATCH
  5
713
330
1F
100
AcDbEntity
  8
0.1 ОКН
 62
     1
440
 33554585
100
AcDbHatch
 10
0.0
 20
0.0
 30
0.0
210
0.0
220
0.0
230
1.0
  2
SOLID
 70
     1
 71
     0
 91
        1
 92
        1
 93
        4
 72
     1
 10
26092.91016735151
 20
42648.92995666791
 11
26086.64984709256
 21
42650.50471923488
 72
     1
 10
26086.64984709256
 20
42650.50471923488
 11
26080.30626876927
 21
42627.18725933116
 72
     1
 10
26080.30626876927
 20
42627.18725933116
 11
26086.77421204181
 21
42625.48601370611
 72
     1
 10
26086.77421204181
 20
42625.48601370611
 11
26092.91016735151
 21
42648.92995666791
 97
        0
 75
     1
 76
     1
 98
        1
 10
26088.91996614298
 20
42620.96967026161
450
        0
451
        0
460
0.0
461
0.0
452
        0
462
1.0
453
        2
463
0.0
 63
     5
421
      255
463
1.0
 63
     2
421
 16776960
470
LINEAR
1001
GradientColor1ACI
1070
     5
1001
GradientColor2ACI
1070
     2
1001
ACAD
1010
0.0
1020
0.0
1030
0.0
  0
HATCH
  5
714
330
1F
100
AcDbEntity
  8
0.1 ОКН
 62
     1
440
 33554585
100
AcDbHatch
 10
0.0
 20
0.0
 30
0.0
210
0.0
220
0.0
230
1.0
  2
SOLID
 70
     1
 71
     0
 91
        1
 92
        1
 93
        4
 72
     1
 10
26101.68634760253
 20
42617.87639709513
 11
26079.36771786106
 21
42623.85118042046
 72
     1
 10
26079.36771786106
 20
42623.85118042046
 11
26075.61
 21
42610.2
 72
     1
 10
26075.61
 20
42610.2
 11
26097.91
 21
42604.05999999998
 72
     1
 10
26097.91
 20
42604.05999999998
 11
26101.68634760253
 21
42617.87639709513
 97
        0
 75
     1
 76
     1
 98
        1
 10
26086.16525635082
 20
42595.75281616558
450
        0
451
        0
460
0.0
461
0.0
452
        0
462
1.0
453
        2
463
0.0
 63
     5
421
      255
463
1.0
 63
     2
421
 16776960
470
LINEAR
1001
GradientColor1ACI
1070
     5
1001
GradientColor2ACI
1070
     2
1001
ACAD
1010
0.0
1020
0.0
1030
0.0
  0
HATCH
  5
715
330
1F
100
AcDbEntity
  8
0.1 ОКН
 62
     1
440
 33554585
100
AcDbHatch
 10
0.0
 20
0.0
 30
0.0
210
0.0
220
0.0
230
1.0
  2
SOLID
 70
     1
 71
     0
 91
        1
 92
        1
 93
        4
 72
     1
 10
26211.48
 20
42551.75
 11
26181.99980398509
 21
42558.99921154342
 72
     1
 10
26181.99980398509
 20
42558.99921154342
 11
26179.24636762472
 21
42547.94064078883
 72
     1
 10
26179.24636762472
 20
42547.94064078883
 11
26212.48141679156
 21
42539.65367835944
 72
     1
 10
26212.48141679156
 20
42539.65367835944
 11
26211.48
 21
42551.75
 97
        0
 75
     1
 76
     1
 98
        1
 10
26188.60375578278
 20
42543.81536222323
450
        0
451
        0
460
0.0
461
0.0
452
        0
462
1.0
453
        2
463
0.0
 63
     5
421
      255
463
1.0
 63
     2
421
 16776960
470
LINEAR
1001
GradientColor1ACI
1070
     5
1001
GradientColor2ACI
1070
     2
1001
ACAD
1010
0.0
1020
0.0
1030
0.0
  0
HATCH
  5
716
330
1F
100
AcDbEntity
  8
0.1 ОКН
 62
     1
440
 33554585
100
AcDbHatch
 10
0.0
 20
0.0
 30
0.0
210
0.0
220
0.0
230
1.0
  2
SOLID
 70
     1
 71
     0
 91
        1
 92
        1
 93
        5
 72
     1
 10
26206.17178290357
 20
42512.36426394543
 11
26212.66749400217
 21
42512.23455481348
 72
     1
 10
26212.66749400217
 20
42512.23455481348
 11
26213.02283518536
 21
42517.2222642662
 72
     1
 10
26213.02283518536
 20
42517.2222642662
 11
26212.679567807
 21
42537.09723196651
 72
     1
 10
26212.679567807
 20
42537.09723196651
 11
26206.61190738627
 21
42537.21839359981
 72
     1
 10
26206.61190738627
 20
42537.21839359981
 11
26206.17178290357
 21
42512.36426394543
 97
        0
 75
     1
 76
     1
 98
        1
 10
26192.37981787967
 20
42510.31534560297
450
        0
451
        0
460
0.0
461
0.0
452
        0
462
1.0
453
        2
463
0.0
 63
     5
421
      255
463
1.0
 63
     2
421
 16776960
470
LINEAR
1001
GradientColor1ACI
1070
     5
1001
GradientColor2ACI
1070
     2
1001
ACAD
1010
0.0
1020
0.0
1030
0.0
  0
HATCH
  5
717
330
1F
100
AcDbEntity
  8
0.1 ОКН
 62
     1
440
 33554585
100
AcDbHatch
 10
0.0
 20
0.0
 30
0.0
210
0.0
220
0.0
230
1.0
  2
SOLID
 70
     1
 71
     0
 91
        1
 92
        1
 93
        5
 72
     1
 10
26141.02
 20
42591.83999999998
 11
26163.27035527963
 21
42586.20153954506
 72
     1
 10
26163.27035527963
 20
42586.20153954506
 11
26167.05
 21
42602.58
 72
     1
 10
26167.05
 20
42602.58
 11
26153.27715029
 21
42606.36327272
 72
     1
 10
26153.27715029
 20
42606.36327272
 11
26144.98
 21
42608.30999999998
 72
     1
 10
26144.98
 20
42608.30999999998
 11
26141.02
 21
42591.83999999998
 97
        0
 75
     1
 76
     1
 98
        1
 10
26141.69812566754
 20
42580.90511294454
450
        0
451
        0
460
0.0
461
0.0
452
        0
462
1.0
453
        2
463
0.0
 63
     5
421
      255
463
1.0
 63
     2
421
 16776960
470
LINEAR
1001
GradientColor1ACI
1070
     5
1001
GradientColor2ACI
1070
     2
1001
ACAD
1010
0.0
1020
0.0
1030
0.0
  0
HATCH
  5
718
330
1F
100
AcDbEntity
  8
0.1 ОКН
 62
     1
440
 33554585
100
AcDbHatch
 10
0.0
 20
0.0
 30
0.0
210
0.0
220
0.0
230
1.0
  2
SOLID
 70
     1
 71
     0
 91
        1
 92
        1
 93
        4
 72
     1
 10
26148.4
 20
42619.62999999999
 11
26170.25
 21
42613.66
 72
     1
 10
26170.25
 20
42613.66
 11
26171.85
 21
42620.06
 72
     1
 10
26171.85
 20
42620.06
 11
26150.16
 21
42626.08
 72
     1
 10
26150.16
 20
42626.08
 11
26148.4
 21
42619.62999999999
 97
        0
 75
     1
 76
     1
 98
        1
 10
26148.49477726088
 20
42606.179242691
450
        0
451
        0
460
0.0
461
0.0
452
        0
462
1.0
453
        2
463
0.0
 63
     5
421
      255
463
1.0
 63
     2
421
 16776960
470
LINEAR
1001
GradientColor1ACI
1070
     5
1001
GradientColor2ACI
1070
     2
1001
ACAD
1010
0.0
1020
0.0
1030
0.0
  0
HATCH
  5
719
330
1F
100
AcDbEntity
  8
0.1 ОКН
 62
     1
440
 33554585
100
AcDbHatch
 10
0.0
 20
0.0
 30
0.0
210
0.0
220
0.0
230
1.0
  2
SOLID
 70
     1
 71
     0
 91
        1
 92
        1
 93
        6
 72
     1
 10
26258.51364870166
 20
42528.67860814077
 11
26260.66539102429
 21
42528.14096407198
 72
     1
 10
26260.66539102429
 20
42528.14096407198
 11
26258.80077287342
 21
42520.6471053328
 72
     1
 10
26258.80077287342
 20
42520.6471053328
 11
26267.40565106351
 21
42518.36700161574
 72
     1
 10
26267.40565106351
 20
42518.36700161574
 11
26271.54796012325
 21
42535.08876396658
 72
     1
 10
26271.54796012325
 20
42535.08876396658
 11
26260.70673047085
 21
42537.94237472552
 72
     1
 10
26260.70673047085
 20
42537.94237472552
 11
26258.51364870166
 21
42528.67860814077
 97
        0
 75
     1
 76
     1
 98
        1
 10
26249.63000297625
 20
42511.83268864047
450
        0
451
        0
460
0.0
461
0.0
452
        0
462
1.0
453
        2
463
0.0
 63
     5
421
      255
463
1.0
 63
     2
421
 16776960
470
LINEAR
1001
GradientColor1ACI
1070
     5
1001
GradientColor2ACI
1070
     2
1001
ACAD
1010
0.0
1020
0.0
1030
0.0
  0
HATCH
  5
71A
330
1F
100
AcDbEntity
  8
0.1 ОКН
 62
     1
440
 33554585
100
AcDbHatch
 10
0.0
 20
0.0
 30
0.0
210
0.0
220
0.0
230
1.0
  2
SOLID
 70
     1
 71
     0
 91
        1
 92
        1
 93
       10
 72
     1
 10
26188.19762382456
 20
42590.27353124031
 11
26184.99726179772
 21
42591.00913684052
 72
     1
 10
26184.99726179772
 20
42591.00913684052
 11
26185.69
 21
42594.09999999999
 72
     1
 10
26185.69
 20
42594.09999999999
 11
26168.65
 21
42598.26
 72
     1
 10
26168.65
 20
42598.26
 11
26169.13
 21
42600.5
 72
     1
 10
26169.13
 20
42600.5
 11
26171.69
 21
42599.86
 72
     1
 10
26171.69
 20
42599.86
 11
26173.29
 21
42606.5
 72
     1
 10
26173.29
 20
42606.5
 11
26168.26890702121
 21
42607.8213001912
 72
     1
 10
26168.26890702121
 20
42607.8213001912
 11
26163.27077835157
 21
42586.20143233445
 72
     1
 10
26163.27077835157
 20
42586.20143233445
 11
26185.6
 21
42580.55
 72
     1
 10
26185.6
 20
42580.55
 11
26188.19762382456
 21
42590.27353124031
 97
        0
 75
     1
 76
     1
 98
        1
 10
26181.15523528285
 20
42580.97697798076
450
        0
451
        0
460
0.0
461
0.0
452
        0
462
1.0
453
        2
463
0.0
 63
     5
421
      255
463
1.0
 63
     2
421
 16776960
470
LINEAR
1001
GradientColor1ACI
1070
     5
1001
GradientColor2ACI
1070
     2
1001
ACAD
1010
0.0
1020
0.0
1030
0.0
  0
HATCH
  5
71B
330
1F
100
AcDbEntity
  8
0.1 ОКН
 62
     1
440
 33554585
100
AcDbHatch
 10
0.0
 20
0.0
 30
0.0
210
0.0
220
0.0
230
1.0
  2
SOLID
 70
     1
 71
     0
 91
        1
 92
        1
 93
       11
 72
     1
 10
26267.40565106351
 20
42518.36700161574
 11
26275.98044957846
 21
42516.17946043259
 72
     1
 10
26275.98044957846
 20
42516.17946043259
 11
26276.60102383883
 21
42518.7848353051
 72
     1
 10
26276.60102383883
 20
42518.7848353051
 11
26305.32589561528
 21
42511.22392042344
 72
     1
 10
26305.32589561528
 20
42511.22392042344
 11
26309.43338361528
 21
42525.90541442345
 72
     1
 10
26309.43338361528
 20
42525.90541442345
 11
26306.29726161527
 21
42526.81202142345
 72
     1
 10
26306.29726161527
 20
42526.81202142345
 11
26306.19549961528
 21
42526.47898242345
 72
     1
 10
26306.19549961528
 20
42526.47898242345
 11
26294.83514961528
 21
42529.60585342346
 72
     1
 10
26294.83514961528
 20
42529.60585342346
 11
26294.91840961528
 21
42529.88338642345
 72
     1
 10
26294.91840961528
 20
42529.88338642345
 11
26288.10960083789
 21
42531.98338360371
 72
     1
 10
26288.10960083789
 20
42531.98338360371
 11
26271.79454911785
 21
42536.06988675577
 72
     1
 10
26271.79454911785
 20
42536.06988675577
 11
26267.40565106351
 21
42518.36700161574
 97
        0
 75
     1
 76
     1
 98
        1
 10
26270.16914208269
 20
42505.28450919176
450
        0
451
        0
460
0.0
461
0.0
452
        0
462
1.0
453
        2
463
0.0
 63
     5
421
      255
463
1.0
 63
     2
421
 16776960
470
LINEAR
1001
GradientColor1ACI
1070
     5
1001
GradientColor2ACI
1070
     2
1001
ACAD
1010
0.0
1020
0.0
1030
0.0
  0
HATCH
  5
71C
330
1F
100
AcDbEntity
  8
0.1 ОКН
 62
     1
440
 33554585
100
AcDbHatch
 10
0.0
 20
0.0
 30
0.0
210
0.0
220
0.0
230
1.0
  2
SOLID
 70
     1
 71
     0
 91
        1
 92
        1
 93
        6
 72
     1
 10
26186.44513440877
 20
42580.33119234267
 11
26207.04
 21
42575.02999999998
 72
     1
 10
26207.04
 20
42575.02999999998
 11
26203.63
 21
42586.63
 72
     1
 10
26203.63
 20
42586.63
 11
26198.1150173053
 21
42587.46672643278
 72
     1
 10
26198.1150173053
 20
42587.46672643278
 11
26198.91343795038
 21
42591.07620702222
 72
     1
 10
26198.91343795038
 20
42591.07620702222
 11
26189.97655871301
 21
42593.34623485202
 72
     1
 10
26189.97655871301
 20
42593.34623485202
 11
26186.44513440877
 21
42580.33119234267
 97
        0
 75
     1
 76
     1
 98
        1
 10
26179.70975089364
 20
42567.04037277946
450
        0
451
        0
460
0.0
461
0.0
452
        0
462
1.0
453
        2
463
0.0
 63
     5
421
      255
463
1.0
 63
     2
421
 16776960
470
LINEAR
1001
GradientColor1ACI
1070
     5
1001
GradientColor2ACI
1070
     2
1001
ACAD
1010
0.0
1020
0.0
1030
0.0
  0
HATCH
  5
71D
330
1F
100
AcDbEntity
  8
0.1 ОКН
 62
     1
440
 33554585
100
AcDbHatch
 10
0.0
 20
0.0
 30
0.0
210
0.0
220
0.0
230
1.0
  2
SOLID
 70
     1
 71
     0
 91
        1
 92
        1
 93
        5
 72
     1
 10
26191.21
 20
42596.66
 11
26196.16
 21
42595.20000000001
 72
     1
 10
26196.16
 20
42595.20000000001
 11
26197.85
 21
42601.69999999999
 72
     1
 10
26197.85
 20
42601.69999999999
 11
26197.53481709
 21
42605.53562308
 72
     1
 10
26197.53481709
 20
42605.53562308
 11
26193.53
 21
42606.66
 72
     1
 10
26193.53
 20
42606.66
 11
26191.21
 21
42596.66
 97
        0
 75
     1
 76
     1
 98
        1
 10
26184.47461648488
 20
42583.36918043678
450
        0
451
        0
460
0.0
461
0.0
452
        0
462
1.0
453
        2
463
0.0
 63
     5
421
      255
463
1.0
 63
     2
421
 16776960
470
LINEAR
1001
GradientColor1ACI
1070
     5
1001
GradientColor2ACI
1070
     2
1001
ACAD
1010
0.0
1020
0.0
1030
0.0
  0
HATCH
  5
71E
330
1F
100
AcDbEntity
  8
0.1 ОКН
 62
     1
440
 33554585
100
AcDbHatch
 10
0.0
 20
0.0
 30
0.0
210
0.0
220
0.0
230
1.0
  2
SOLID
 70
     1
 71
     0
 91
        1
 92
        1
 93
       22
 72
     1
 10
26356.67322561527
 20
42504.77877942345
 11
26356.65912561528
 21
42505.21588442345
 72
     2
 10
26353.5724924755
 20
42508.74039937572
 40
4.685030393540676
 50
311.2106145285899
 51
365.1865614944481
 73
     1
 72
     1
 10
26358.23834061528
 20
42509.16392142345
 11
26358.84464661528
 21
42509.50232542345
 72
     1
 10
26358.84464661528
 20
42509.50232542345
 11
26357.47693361528
 21
42511.98394842345
 72
     1
 10
26357.47693361528
 20
42511.98394842345
 11
26356.89882761528
 21
42511.65964542345
 72
     2
 10
26353.88553302234
 20
42507.31681907659
 40
5.285838153293962
 50
55.24493452101551
 51
110.9916106773368
 73
     1
 72
     1
 10
26351.99198061528
 20
42512.25185142345
 11
26352.21758261527
 21
42513.08375942345
 72
     1
 10
26352.21758261527
 20
42513.08375942345
 11
26338.87885461528
 21
42516.65109342345
 72
     1
 10
26338.87885461528
 20
42516.65109342345
 11
26336.90483561527
 21
42508.81141842346
 72
     1
 10
26336.90483561527
 20
42508.81141842346
 11
26339.87996461527
 21
42507.89490942344
 72
     1
 10
26339.87996461527
 20
42507.89490942344
 11
26338.55455161528
 21
42503.05856342345
 72
     1
 10
26338.55455161528
 20
42503.05856342345
 11
26336.21392961527
 21
42502.12795442345
 72
     1
 10
26336.21392961527
 20
42502.12795442345
 11
26335.438424
 21
42499.237425
 72
     1
 10
26335.438424
 20
42499.237425
 11
26336.890738
 21
42497.164705
 72
     1
 10
26336.890738
 20
42497.164705
 11
26335.692227
 21
42493.174367
 72
     1
 10
26335.692227
 20
42493.174367
 11
26332.970901
 21
42493.893474
 72
     1
 10
26332.970901
 20
42493.893474
 11
26330.78538
 21
42486.20889999998
 72
     1
 10
26330.78538
 20
42486.20889999998
 11
26350.342267
 21
42480.94955
 72
     1
 10
26350.342267
 20
42480.94955
 11
26353.373796
 21
42492.088657
 72
     1
 10
26353.373796
 20
42492.088657
 11
26356.51841717349
 21
42491.25095034881
 72
     1
 10
26356.51841717349
 20
42491.25095034881
 11
26360.03196614038
 21
42504.03935513704
 72
     1
 10
26360.03196614038
 20
42504.03935513704
 11
26356.67322561527
 21
42504.77877942345
 97
        0
 75
     1
 76
     1
 98
        1
 10
26332.35715893712
 20
42482.71228177552
450
        0
451
        0
460
0.0
461
0.0
452
        0
462
1.0
453
        2
463
0.0
 63
     5
421
      255
463
1.0
 63
     2
421
 16776960
470
LINEAR
1001
GradientColor1ACI
1070
     5
1001
GradientColor2ACI
1070
     2
1001
ACAD
1010
0.0
1020
0.0
1030
0.0
  0
HATCH
  5
71F
330
1F
100
AcDbEntity
  8
0.1 ОКН
 62
     1
440
 33554585
100
AcDbHatch
 10
0.0
 20
0.0
 30
0.0
210
0.0
220
0.0
230
1.0
  2
SOLID
 70
     1
 71
     0
 91
        1
 92
        1
 93
       15
 72
     1
 10
26345.86826736444
 20
42538.44434528941
 11
26367.55364253009
 21
42532.42296954986
 72
     1
 10
26367.55364253009
 20
42532.42296954986
 11
26369.66638105861
 21
42533.35755399282
 72
     1
 10
26369.66638105861
 20
42533.35755399282
 11
26370.13102737074
 21
42535.55676196978
 72
     1
 10
26370.13102737074
 20
42535.55676196978
 11
26369.81716871495
 21
42535.62487198706
 72
     1
 10
26369.81716871495
 20
42535.62487198706
 11
26373.84443784
 21
42549.33398415318
 72
     1
 10
26373.84443784
 20
42549.33398415318
 11
26372.92830707001
 21
42549.58510801076
 72
     1
 10
26372.92830707001
 20
42549.58510801076
 11
26375.90862105644
 21
42561.22801936672
 72
     1
 10
26375.90862105644
 20
42561.22801936672
 11
26376.80319491946
 21
42560.99218291147
 72
     1
 10
26376.80319491946
 20
42560.99218291147
 11
26377.92331660532
 21
42565.5149442233
 72
     1
 10
26377.92331660532
 20
42565.5149442233
 11
26361.2531595493
 21
42569.99158127541
 72
     1
 10
26361.2531595493
 20
42569.99158127541
 11
26357.7251803534
 21
42557.40517201869
 72
     1
 10
26357.7251803534
 20
42557.40517201869
 11
26357.3631476204
 21
42557.51918958363
 72
     1
 10
26357.3631476204
 20
42557.51918958363
 11
26355.49418445764
 21
42550.81028558318
 72
     1
 10
26355.49418445764
 20
42550.81028558318
 11
26349.86866469529
 21
42552.2450336328
 72
     1
 10
26349.86866469529
 20
42552.2450336328
 11
26345.86826736444
 21
42538.44434528941
 97
        0
 75
     1
 76
     1
 98
        1
 10
26354.79344310823
 20
42524.33538524381
450
        0
451
        0
460
0.0
461
0.0
452
        0
462
1.0
453
        2
463
0.0
 63
     5
421
      255
463
1.0
 63
     2
421
 16776960
470
LINEAR
1001
GradientColor1ACI
1070
     5
1001
GradientColor2ACI
1070
     2
1001
ACAD
1010
0.0
1020
0.0
1030
0.0
  0
HATCH
  5
720
330
1F
100
AcDbEntity
  8
0.1 ОКН
 62
     1
440
 33554585
100
AcDbHatch
 10
0.0
 20
0.0
 30
0.0
210
0.0
220
0.0
230
1.0
  2
SOLID
 70
     1
 71
     0
 91
        1
 92
        1
 93
        4
 72
     1
 10
26294.99000347934
 20
42552.16002031454
 11
26324.51228543795
 21
42544.19108497462
 72
     1
 10
26324.51228543795
 20
42544.19108497462
 11
26327.80967109561
 21
42556.10022219042
 72
     1
 10
26327.80967109561
 20
42556.10022219042
 11
26297.76999880764
 21
42563.68000071172
 72
     1
 10
26297.76999880764
 20
42563.68000071172
 11
26294.99000347934
 21
42552.16002031454
 97
        0
 75
     1
 76
     1
 98
        1
 10
26287.93977183111
 20
42534.18052481022
450
        0
451
        0
460
0.0
461
0.0
452
        0
462
1.0
453
        2
463
0.0
 63
     5
421
      255
463
1.0
 63
     2
421
 16776960
470
LINEAR
1001
GradientColor1ACI
1070
     5
1001
GradientColor2ACI
1070
     2
1001
ACAD
1010
0.0
1020
0.0
1030
0.0
  0
HATCH
  5
721
330
1F
100
AcDbEntity
  8
0.1 ОКН
 62
     1
440
 33554585
100
AcDbHatch
 10
0.0
 20
0.0
 30
0.0
210
0.0
220
0.0
230
1.0
  2
SOLID
 70
     1
 71
     0
 91
        1
 92
        1
 93
       10
 72
     1
 10
26284.10999880764
 20
42554.36000071172
 11
26284.26999880764
 21
42555.08000071173
 72
     1
 10
26284.26999880764
 20
42555.08000071173
 11
26294.98400916511
 21
42552.16163835688
 72
     1
 10
26294.98400916511
 20
42552.16163835688
 11
26299.06999880764
 21
42569.28000071173
 72
     1
 10
26299.06999880764
 20
42569.28000071173
 11
26294.82999880764
 21
42570.40000071173
 72
     1
 10
26294.82999880764
 20
42570.40000071173
 11
26293.94999880764
 21
42566.88000071173
 72
     1
 10
26293.94999880764
 20
42566.88000071173
 11
26290.66999880764
 21
42567.76000071172
 72
     1
 10
26290.66999880764
 20
42567.76000071172
 11
26290.93952306014
 21
42568.84746137758
 72
     1
 10
26290.93952306014
 20
42568.84746137758
 11
26283.06999880764
 21
42570.96000071173
 72
     1
 10
26283.06999880764
 20
42570.96000071173
 11
26278.98999880764
 21
42555.76000071172
 72
     1
 10
26278.98999880764
 20
42555.76000071172
 11
26284.10999880764
 21
42554.36000071172
 97
        0
 75
     1
 76
     1
 98
        1
 10
26264.23433857549
 20
42546.31108816621
450
        0
451
        0
460
0.0
461
0.0
452
        0
462
1.0
453
        2
463
0.0
 63
     5
421
      255
463
1.0
 63
     2
421
 16776960
470
LINEAR
1001
GradientColor1ACI
1070
     5
1001
GradientColor2ACI
1070
     2
1001
ACAD
1010
0.0
1020
0.0
1030
0.0
  0
HATCH
  5
722
330
1F
100
AcDbEntity
  8
0.1 ОКН
 62
     1
440
 33554585
100
AcDbHatch
 10
0.0
 20
0.0
 30
15.577
210
0.0
220
0.0
230
1.0
  2
SOLID
 70
     1
 71
     0
 91
        1
 92
        1
 93
        4
 72
     1
 10
26325.02066465083
 20
42544.05385841871
 11
26345.86826736444
 21
42538.44434528941
 72
     1
 10
26345.86826736444
 20
42538.44434528941
 11
26349.86866469529
 21
42552.2450336328
 72
     1
 10
26349.86866469529
 20
42552.2450336328
 11
26328.66304301816
 21
42557.65850036617
 72
     1
 10
26328.66304301816
 20
42557.65850036617
 11
26325.02066465083
 21
42544.05385841871
 97
        0
 75
     1
 76
     1
 98
        1
 10
26306.91260213263
 20
42522.48488844474
450
        0
451
        0
460
0.0
461
0.0
452
        0
462
1.0
453
        2
463
0.0
 63
     5
421
      255
463
1.0
 63
     2
421
 16776960
470
LINEAR
1001
GradientColor1ACI
1070
     5
1001
GradientColor2ACI
1070
     2
1001
ACAD
1010
0.0
1020
0.0
1030
0.0
  0
HATCH
  5
723
330
1F
100
AcDbEntity
  8
0.1 ОКН
 62
     1
440
 33554585
100
AcDbHatch
 10
0.0
 20
0.0
 30
15.577
210
0.0
220
0.0
230
1.0
  2
SOLID
 70
     1
 71
     0
 91
        1
 92
        1
 93
        8
 72
     1
 10
26430.79783617907
 20
42476.03531366878
 11
26441.61596858542
 21
42473.01552774572
 72
     1
 10
26441.61596858542
 20
42473.01552774572
 11
26442.1707783493
 21
42475.03616983236
 72
     1
 10
26442.1707783493
 20
42475.03616983236
 11
26452.51920277472
 21
42472.12630820783
 72
     1
 10
26452.51920277472
 20
42472.12630820783
 11
26456.66739566089
 21
42486.71402987712
 72
     1
 10
26456.66739566089
 20
42486.71402987712
 11
26446.85395407213
 21
42489.76842498774
 72
     1
 10
26446.85395407213
 20
42489.76842498774
 11
26436.23397808126
 21
42492.68239580386
 72
     1
 10
26436.23397808126
 20
42492.68239580386
 11
26435.50588209798
 21
42492.52022287883
 72
     1
 10
26435.50588209798
 20
42492.52022287883
 11
26430.79783617907
 21
42476.03531366878
 97
        0
 75
     1
 76
     1
 98
        1
 10
26413.25491625577
 20
42454.07913001087
450
        0
451
        0
460
0.0
461
0.0
452
        0
462
1.0
453
        2
463
0.0
 63
     5
421
      255
463
1.0
 63
     2
421
 16776960
470
LINEAR
1001
GradientColor1ACI
1070
     5
1001
GradientColor2ACI
1070
     2
1001
ACAD
1010
0.0
1020
0.0
1030
0.0
  0
HATCH
  5
724
330
1F
100
AcDbEntity
  8
0.1 ОКН
 62
     1
440
 33554585
100
AcDbHatch
 10
0.0
 20
0.0
 30
0.0
210
0.0
220
0.0
230
1.0
  2
SOLID
 70
     1
 71
     0
 91
        1
 92
        1
 93
       24
 72
     1
 10
26031.84728759869
 20
42068.55345079686
 11
26027.91729113028
 21
42057.40589877414
 72
     1
 10
26027.91729113028
 20
42057.40589877414
 11
26032.87957062168
 21
42055.52049794226
 72
     1
 10
26032.87957062168
 20
42055.52049794226
 11
26026.34435750951
 21
42036.96828004773
 72
     1
 10
26026.34435750951
 20
42036.96828004773
 11
26018.51975133854
 21
42039.45316945393
 72
     1
 10
26018.51975133854
 20
42039.45316945393
 11
26019.27251785958
 21
42042.03640324817
 72
     1
 10
26019.27251785958
 20
42042.03640324817
 11
26010.12798612849
 21
42044.9200941639
 72
     1
 10
26010.12798612849
 20
42044.9200941639
 11
26005.8353973933
 21
42030.84736973907
 72
     1
 10
26005.8353973933
 20
42030.84736973907
 11
26015.17521145626
 21
42028.036175895
 72
     1
 10
26015.17521145626
 20
42028.036175895
 11
26036.022
 21
42021.514
 72
     1
 10
26036.022
 20
42021.514
 11
26037.77277290288
 21
42026.45020184557
 72
     1
 10
26037.77277290288
 20
42026.45020184557
 11
26037.2638981694
 21
42026.60643842183
 72
     1
 10
26037.2638981694
 20
42026.60643842183
 11
26041.03263989345
 21
42038.52312336524
 72
     1
 10
26041.03263989345
 20
42038.52312336524
 11
26041.53617763552
 21
42038.35001133035
 72
     1
 10
26041.53617763552
 20
42038.35001133035
 11
26044.03182776013
 21
42046.2412064404
 72
     1
 10
26044.03182776013
 20
42046.2412064404
 11
26043.55980793777
 21
42046.39887715085
 72
     1
 10
26043.55980793777
 20
42046.39887715085
 11
26047.26162323566
 21
42058.21904243903
 72
     1
 10
26047.26162323566
 20
42058.21904243903
 11
26047.76488764007
 21
42058.04506611597
 72
     1
 10
26047.76488764007
 20
42058.04506611597
 11
26049.34712282259
 21
42063.04806169304
 72
     1
 10
26049.34712282259
 20
42063.04806169304
 11
26048.84018016252
 21
42063.21040744623
 72
     1
 10
26048.84018016252
 20
42063.21040744623
 11
26051.60198525296
 21
42071.9431791636
 72
     1
 10
26051.60198525296
 20
42071.9431791636
 11
26047.31344653997
 21
42073.42307747572
 72
     1
 10
26047.31344653997
 20
42073.42307747572
 11
26037.68173717356
 21
42076.74680879498
 72
     1
 10
26037.68173717356
 20
42076.74680879498
 11
26034.47512474343
 21
42067.45648832083
 72
     1
 10
26034.47512474343
 20
42067.45648832083
 11
26031.84728759869
 21
42068.55345079686
 97
        0
 75
     1
 76
     1
 98
        1
 10
130.0612066670983
 20
99.63609280950914
450
        0
451
        0
460
0.0
461
0.0
452
        0
462
1.0
453
        2
463
0.0
 63
     5
421
      255
463
1.0
 63
     2
421
 16776960
470
LINEAR
1001
GradientColor1ACI
1070
     5
1001
GradientColor2ACI
1070
     2
1001
ACAD
1010
0.0
1020
0.0
1030
0.0
  0
HATCH
  5
725
330
1F
100
AcDbEntity
  8
0.1 ОКН
 62
     1
440
 33554585
100
AcDbHatch
 10
0.0
 20
0.0
 30
0.0
210
0.0
220
0.0
230
1.0
  2
SOLID
 70
     1
 71
     0
 91
        1
 92
        1
 93
       16
 72
     1
 10
26033.75233711756
 20
42117.89977622164
 11
26019.65403992955
 21
42121.24620463118
 72
     1
 10
26019.65403992955
 20
42121.24620463118
 11
26017.79313331665
 21
42113.38117412097
 72
     1
 10
26017.79313331665
 20
42113.38117412097
 11
26018.79060286369
 21
42113.15943705735
 72
     1
 10
26018.79060286369
 20
42113.15943705735
 11
26018.02412183171
 21
42109.60205527973
 72
     1
 10
26018.02412183171
 20
42109.60205527973
 11
26017.06580521558
 21
42109.76954642772
 72
     1
 10
26017.06580521558
 20
42109.76954642772
 11
26015.40721302819
 21
42102.40740582743
 72
     1
 10
26015.40721302819
 20
42102.40740582743
 11
26016.44526966336
 21
42102.17398860979
 72
     1
 10
26016.44526966336
 20
42102.17398860979
 11
26015.515435513
 21
42097.6479975688
 72
     1
 10
26015.515435513
 20
42097.6479975688
 11
26021.38801153675
 21
42096.50717411537
 72
     1
 10
26021.38801153675
 20
42096.50717411537
 11
26021.805041676
 21
42098.89788890491
 72
     1
 10
26021.805041676
 20
42098.89788890491
 11
26027.4015124947
 21
42097.92165492876
 72
     1
 10
26027.4015124947
 20
42097.92165492876
 11
26029.75176067076
 21
42109.25206890025
 72
     1
 10
26029.75176067076
 20
42109.25206890025
 11
26035.47155528099
 21
42108.06562179567
 72
     1
 10
26035.47155528099
 20
42108.06562179567
 11
26037.35292200504
 21
42117.267787046
 72
     1
 10
26037.35292200504
 20
42117.267787046
 11
26033.82164951959
 21
42118.17081958634
 72
     1
 10
26033.82164951959
 20
42118.17081958634
 11
26033.75233711756
 21
42117.89977622164
 97
        0
 75
     1
 76
     1
 98
        1
 10
26026.24309801622
 20
42098.36907884164
450
        0
451
        0
460
0.0
461
0.0
452
        0
462
1.0
453
        2
463
0.0
 63
     5
421
      255
463
1.0
 63
     2
421
 16776960
470
LINEAR
1001
GradientColor1ACI
1070
     5
1001
GradientColor2ACI
1070
     2
1001
ACAD
1010
0.0
1020
0.0
1030
0.0
  0
HATCH
  5
726
330
1F
100
AcDbEntity
  8
0.1 ОКН
 62
     1
440
 33554585
100
AcDbHatch
 10
0.0
 20
0.0
 30
0.0
210
0.0
220
0.0
230
1.0
  2
SOLID
 70
     1
 71
     0
 91
        1
 92
        1
 93
        6
 72
     1
 10
26051.97249431484
 20
42168.05054131602
 11
26031.71990291086
 21
42173.75278322373
 72
     1
 10
26031.71990291086
 20
42173.75278322373
 11
26026.31056225362
 21
42152.7905051083
 72
     1
 10
26026.31056225362
 20
42152.7905051083
 11
26041.78177282896
 21
42148.98436024381
 72
     1
 10
26041.78177282896
 20
42148.98436024381
 11
26046.55934384596
 21
42165.57268950154
 72
     1
 10
26046.55934384596
 20
42165.57268950154
 11
26050.8988937039
 21
42164.32286456099
 72
     1
 10
26050.8988937039
 20
42164.32286456099
 11
26051.97249431484
 21
42168.05054131602
 97
        0
 75
     1
 76
     1
 98
        1
 10
26032.36997481948
 20
42155.01608767977
450
        0
451
        0
460
0.0
461
0.0
452
        0
462
1.0
453
        2
463
0.0
 63
     5
421
      255
463
1.0
 63
     2
421
 16776960
470
LINEAR
1001
GradientColor1ACI
1070
     5
1001
GradientColor2ACI
1070
     2
1001
ACAD
1010
0.0
1020
0.0
1030
0.0
  0
HATCH
  5
727
330
1F
100
AcDbEntity
  8
0.1 ОКН
 62
     1
440
 33554585
100
AcDbHatch
 10
0.0
 20
0.0
 30
0.0
210
0.0
220
0.0
230
1.0
  2
SOLID
 70
     1
 71
     0
 91
        1
 92
        1
 93
       28
 72
     1
 10
26064.57781661978
 20
42255.51419200883
 11
26055.93002219321
 21
42257.97102971807
 72
     1
 10
26055.93002219321
 20
42257.97102971807
 11
26054.63138095712
 21
42253.39995756247
 72
     1
 10
26054.63138095712
 20
42253.39995756247
 11
26054.32990843206
 21
42253.48560588288
 72
     1
 10
26054.32990843206
 20
42253.48560588288
 11
26052.62924232874
 21
42247.49945108142
 72
     1
 10
26052.62924232874
 20
42247.49945108142
 11
26053.44655358011
 21
42247.26725301986
 72
     1
 10
26053.44655358011
 20
42247.26725301986
 11
26052.75240371005
 21
42244.82392298023
 72
     1
 10
26052.75240371005
 20
42244.82392298023
 11
26052.30575566425
 21
42244.95081565454
 72
     1
 10
26052.30575566425
 20
42244.95081565454
 11
26051.79965809506
 21
42243.1694087176
 72
     1
 10
26051.79965809506
 20
42243.1694087176
 11
26052.48762339814
 21
42242.97395782968
 72
     1
 10
26052.48762339814
 20
42242.97395782968
 11
26050.06100739704
 21
42232.99912469214
 72
     1
 10
26050.06100739704
 20
42232.99912469214
 11
26049.68418821463
 21
42233.10617899191
 72
     1
 10
26049.68418821463
 20
42233.10617899191
 11
26048.30736317932
 21
42228.25990859239
 72
     1
 10
26048.30736317932
 20
42228.25990859239
 11
26048.99176177756
 21
42228.06547100502
 72
     1
 10
26048.99176177756
 20
42228.06547100502
 11
26046.1759767371
 21
42218.15422204969
 72
     1
 10
26046.1759767371
 20
42218.15422204969
 11
26060.97551821894
 21
42213.93256987567
 72
     1
 10
26060.97551821894
 20
42213.93256987567
 11
26062.09103891026
 21
42217.84317029102
 72
     1
 10
26062.09103891026
 20
42217.84317029102
 11
26061.41887395252
 21
42218.03413230208
 72
     1
 10
26061.41887395252
 20
42218.03413230208
 11
26063.08790232025
 21
42223.90892580674
 72
     1
 10
26063.08790232025
 20
42223.90892580674
 11
26065.42349640045
 21
42223.24538371419
 72
     1
 10
26065.42349640045
 20
42223.24538371419
 11
26069.68487254127
 21
42238.24495194019
 72
     1
 10
26069.68487254127
 20
42238.24495194019
 11
26076.19638004989
 21
42236.39503317453
 72
     1
 10
26076.19638004989
 20
42236.39503317453
 11
26075.10573252395
 21
42232.55607565581
 72
     1
 10
26075.10573252395
 20
42232.55607565581
 11
26080.10002834116
 21
42231.1371966111
 72
     1
 10
26080.10002834116
 20
42231.1371966111
 11
26085.3853924709
 21
42249.74108822812
 72
     1
 10
26085.3853924709
 20
42249.74108822812
 11
26076.63098852004
 21
42252.22821369476
 72
     1
 10
26076.63098852004
 20
42252.22821369476
 11
26076.50502631606
 21
42251.78484080062
 72
     1
 10
26076.50502631606
 20
42251.78484080062
 11
26064.48821805707
 21
42255.19881507189
 72
     1
 10
26064.48821805707
 20
42255.19881507189
 11
26064.57781661978
 21
42255.51419200883
 97
        0
 75
     1
 76
     1
 98
        1
 10
26059.35312537019
 20
42230.53696068338
450
        0
451
        0
460
0.0
461
0.0
452
        0
462
1.0
453
        2
463
0.0
 63
     5
421
      255
463
1.0
 63
     2
421
 16776960
470
LINEAR
1001
GradientColor1ACI
1070
     5
1001
GradientColor2ACI
1070
     2
1001
ACAD
1010
0.0
1020
0.0
1030
0.0
  0
HATCH
  5
728
330
1F
100
AcDbEntity
  8
0.1 ОКН
 62
     1
440
 33554585
100
AcDbHatch
 10
0.0
 20
0.0
 30
0.0
210
0.0
220
0.0
230
1.0
  2
SOLID
 70
     1
 71
     0
 91
        1
 92
        1
 93
       11
 72
     1
 10
26004.77596627937
 20
42146.75462627474
 11
26008.57033140679
 21
42161.59359151934
 72
     1
 10
26008.57033140679
 20
42161.59359151934
 11
25993.50423412802
 21
42165.16635745494
 72
     1
 10
25993.50423412802
 20
42165.16635745494
 11
25993.37873405554
 21
42164.61722658983
 72
     1
 10
25993.37873405554
 20
42164.61722658983
 11
25992.43387045172
 21
42163.780827226
 72
     1
 10
25992.43387045172
 20
42163.780827226
 11
25991.86695163309
 21
42161.75728201799
 72
     1
 10
25991.86695163309
 20
42161.75728201799
 11
25992.35288204905
 21
42160.43523158636
 72
     1
 10
25992.35288204905
 20
42160.43523158636
 11
25993.12870774872
 21
42160.24841976686
 72
     1
 10
25993.12870774872
 20
42160.24841976686
 11
25988.35335420708
 21
42141.01905739898
 72
     1
 10
25988.35335420708
 20
42141.01905739898
 11
26003.08670802189
 21
42137.27167172719
 72
     1
 10
26003.08670802189
 20
42137.27167172719
 11
26005.22038955408
 21
42146.64079263758
 72
     1
 10
26005.22038955408
 20
42146.64079263758
 11
26004.77596627937
 21
42146.75462627474
 97
        0
 75
     1
 76
     1
 98
        1
 10
25998.99556113828
 20
42141.91568845623
450
        0
451
        0
460
0.0
461
0.0
452
        0
462
1.0
453
        2
463
0.0
 63
     5
421
      255
463
1.0
 63
     2
421
 16776960
470
LINEAR
1001
GradientColor1ACI
1070
     5
1001
GradientColor2ACI
1070
     2
1001
ACAD
1010
0.0
1020
0.0
1030
0.0
  0
HATCH
  5
729
330
1F
100
AcDbEntity
  8
0.1 ОКН
 62
     1
440
 33554585
100
AcDbHatch
 10
0.0
 20
0.0
 30
0.0
210
0.0
220
0.0
230
1.0
  2
SOLID
 70
     1
 71
     0
 91
        1
 92
        1
 93
       30
 72
     1
 10
26097.37677974273
 20
42339.84436624515
 11
26101.68
 21
42357.099
 72
     1
 10
26101.68
 20
42357.099
 11
26102.446
 21
42356.917
 72
     1
 10
26102.446
 20
42356.917
 11
26103.896
 21
42362.552
 72
     1
 10
26103.896
 20
42362.552
 11
26095.85049786122
 21
42364.60414941539
 72
     1
 10
26095.85049786122
 20
42364.60414941539
 11
26096.09494224492
 21
42365.58045542994
 72
     1
 10
26096.09494224492
 20
42365.58045542994
 11
26091.764
 21
42366.706
 72
     1
 10
26091.764
 20
42366.706
 11
26091.50856658916
 21
42365.68988955557
 72
     1
 10
26091.50856658916
 20
42365.68988955557
 11
26084.164
 21
42367.585
 72
     1
 10
26084.164
 20
42367.585
 11
26083.91972123793
 21
42366.68312693327
 72
     1
 10
26083.91972123793
 20
42366.68312693327
 11
26083.455
 21
42366.809
 72
     1
 10
26083.455
 20
42366.809
 11
26082.651
 21
42363.59799999999
 72
     1
 10
26082.651
 20
42363.59799999999
 11
26083.18918011631
 21
42363.46324546449
 72
     1
 10
26083.18918011631
 20
42363.46324546449
 11
26082.952
 21
42362.516
 72
     1
 10
26082.952
 20
42362.516
 11
26083.35889099147
 21
42362.41488093947
 72
     1
 10
26083.35889099147
 20
42362.41488093947
 11
26077.27291209446
 21
42337.92563059853
 72
     1
 10
26077.27291209446
 20
42337.92563059853
 11
26076.826
 21
42338.038
 72
     1
 10
26076.826
 20
42338.038
 11
26076.60349798683
 21
42337.16602318835
 72
     1
 10
26076.60349798683
 20
42337.16602318835
 11
26076.034
 21
42337.307
 72
     1
 10
26076.034
 20
42337.307
 11
26075.237
 21
42334.078
 72
     1
 10
26075.237
 20
42334.078
 11
26075.77447494275
 21
42333.94518765893
 72
     1
 10
26075.77447494275
 20
42333.94518765893
 11
26075.555
 21
42333.05699999999
 72
     1
 10
26075.555
 20
42333.05699999999
 11
26076.02619622565
 21
42332.93852471479
 72
     1
 10
26076.02619622565
 20
42332.93852471479
 11
26074.657
 21
42327.493
 72
     1
 10
26074.657
 20
42327.493
 11
26085.395
 21
42324.865
 72
     1
 10
26085.395
 20
42324.865
 11
26085.6151551333
 21
42325.76455320447
 72
     1
 10
26085.6151551333
 20
42325.76455320447
 11
26101.087
 21
42321.97799999999
 72
     1
 10
26101.087
 20
42321.97799999999
 11
26103.392
 21
42331.09099999999
 72
     1
 10
26103.392
 20
42331.09099999999
 11
26096.15934291201
 21
42332.92039477534
 72
     1
 10
26096.15934291201
 20
42332.92039477534
 11
26097.82120301744
 21
42339.73053260799
 72
     1
 10
26097.82120301744
 20
42339.73053260799
 11
26097.37677974273
 21
42339.84436624515
 97
        0
 75
     1
 76
     1
 98
        1
 10
26091.59637460164
 20
42335.00542842663
450
        0
451
        0
460
0.0
461
0.0
452
        0
462
1.0
453
        2
463
0.0
 63
     5
421
      255
463
1.0
 63
     2
421
 16776960
470
LINEAR
1001
GradientColor1ACI
1070
     5
1001
GradientColor2ACI
1070
     2
1001
ACAD
1010
0.0
1020
0.0
1030
0.0
  0
HATCH
  5
72A
330
1F
100
AcDbEntity
  8
0.1 ОКН
 62
     1
440
 33554585
100
AcDbHatch
 10
0.0
 20
0.0
 30
0.0
210
0.0
220
0.0
230
1.0
  2
SOLID
 70
     1
 71
     0
 91
        1
 92
        1
 93
       10
 72
     1
 10
26074.38291404327
 20
42267.00219319829
 11
26087.44745873732
 21
42263.64328874914
 72
     1
 10
26087.44745873732
 20
42263.64328874914
 11
26090.8182261113
 21
42276.75397459246
 72
     1
 10
26090.8182261113
 20
42276.75397459246
 11
26073.177080005
 21
42281.28952677067
 72
     1
 10
26073.177080005
 20
42281.28952677067
 11
26074.14763076437
 21
42285.06450875229
 72
     1
 10
26074.14763076437
 20
42285.06450875229
 11
26065.32908525094
 21
42287.28862605192
 72
     1
 10
26065.32908525094
 20
42287.28862605192
 11
26060.9981701547
 21
42270.44342110565
 72
     1
 10
26060.9981701547
 20
42270.44342110565
 11
26069.04394334126
 21
42268.37484665579
 72
     1
 10
26069.04394334126
 20
42268.37484665579
 11
26068.91750316667
 21
42267.88305436547
 72
     1
 10
26068.91750316667
 20
42267.88305436547
 11
26074.25647386869
 21
42266.51040090797
 72
     1
 10
26074.25647386869
 20
42266.51040090797
 11
26074.38291404327
 21
42267.00219319829
 97
        0
 75
     1
 76
     1
 98
        1
 10
26067.05177834854
 20
42266.71090296342
450
        0
451
        0
460
0.0
461
0.0
452
        0
462
1.0
453
        2
463
0.0
 63
     5
421
      255
463
1.0
 63
     2
421
 16776960
470
LINEAR
1001
GradientColor1ACI
1070
     5
1001
GradientColor2ACI
1070
     2
1001
ACAD
1010
0.0
1020
0.0
1030
0.0
  0
HATCH
  5
72B
330
1F
100
AcDbEntity
  8
0.1 ОКН
 62
     1
440
 33554585
100
AcDbHatch
 10
0.0
 20
0.0
 30
0.0
210
0.0
220
0.0
230
1.0
  2
SOLID
 70
     1
 71
     0
 91
        1
 92
        1
 93
       30
 72
     1
 10
25977.26390482219
 20
42233.69305241896
 11
25971.06915017603
 21
42235.30053434036
 72
     1
 10
25971.06915017603
 20
42235.30053434036
 11
25969.88089146509
 21
42230.84047145097
 72
     1
 10
25969.88089146509
 20
42230.84047145097
 11
25969.14092675883
 21
42231.02535618932
 72
     1
 10
25969.14092675883
 20
42231.02535618932
 11
25967.76358571926
 21
42225.60813736931
 72
     1
 10
25967.76358571926
 20
42225.60813736931
 11
25968.50258342593
 21
42225.46042288307
 72
     1
 10
25968.50258342593
 20
42225.46042288307
 11
25966.84800120002
 21
42218.71075610421
 72
     1
 10
25966.84800120002
 20
42218.71075610421
 11
25983.99010996752
 21
42214.1704985033
 72
     1
 10
25983.99010996752
 20
42214.1704985033
 11
25983.88372189422
 21
42213.70827216145
 72
     1
 10
25983.88372189422
 20
42213.70827216145
 11
25984.57874361496
 21
42213.55040280855
 72
     1
 10
25984.57874361496
 20
42213.55040280855
 11
25984.67419872515
 21
42213.97969964177
 72
     1
 10
25984.67419872515
 20
42213.97969964177
 11
25987.44930338611
 21
42213.1923429013
 72
     1
 10
25987.44930338611
 20
42213.1923429013
 11
25987.53776410299
 21
42213.59905342351
 72
     1
 10
25987.53776410299
 20
42213.59905342351
 11
25989.27158265599
 21
42213.15697720052
 72
     1
 10
25989.27158265599
 20
42213.15697720052
 11
25989.69619209738
 21
42214.99601721649
 72
     1
 10
25989.69619209738
 20
42214.99601721649
 11
25993.53668497851
 21
42213.88862807856
 72
     1
 10
25993.53668497851
 20
42213.88862807856
 11
25995.61861800281
 21
42222.13621621899
 72
     1
 10
25995.61861800281
 20
42222.13621621899
 11
25996.28266398033
 21
42222.04775822445
 72
     1
 10
25996.28266398033
 20
42222.04775822445
 11
25996.37642908378
 21
42222.70336463648
 72
     1
 10
25996.37642908378
 20
42222.70336463648
 11
25997.8301
 21
42222.3594
 72
     1
 10
25997.8301
 20
42222.3594
 11
25999.0703
 21
42227.05859999999
 72
     1
 10
25999.0703
 20
42227.05859999999
 11
25997.5901749073
 21
42227.38878068478
 72
     1
 10
25997.5901749073
 20
42227.38878068478
 11
25997.87017113089
 21
42228.46147755341
 72
     1
 10
25997.87017113089
 20
42228.46147755341
 11
25981.26624826526
 21
42232.60605933376
 72
     1
 10
25981.26624826526
 20
42232.60605933376
 11
25981.66707615479
 21
42234.07674175169
 72
     1
 10
25981.66707615479
 20
42234.07674175169
 11
25980.68809081124
 21
42234.33549613998
 72
     1
 10
25980.68809081124
 20
42234.33549613998
 11
25980.75026100826
 21
42234.563323029
 72
     1
 10
25980.75026100826
 20
42234.563323029
 11
25978.60641418683
 21
42235.13050874574
 72
     1
 10
25978.60641418683
 20
42235.13050874574
 11
25978.53300754219
 21
42234.86966032693
 72
     1
 10
25978.53300754219
 20
42234.86966032693
 11
25977.65213655768
 21
42235.09790299599
 72
     1
 10
25977.65213655768
 20
42235.09790299599
 11
25977.26390482219
 21
42233.69305241896
 97
        0
 75
     1
 76
     1
 98
        1
 10
25977.54309512589
 20
42214.55344492353
450
        0
451
        0
460
0.0
461
0.0
452
        0
462
1.0
453
        2
463
0.0
 63
     5
421
      255
463
1.0
 63
     2
421
 16776960
470
LINEAR
1001
GradientColor1ACI
1070
     5
1001
GradientColor2ACI
1070
     2
1001
ACAD
1010
0.0
1020
0.0
1030
0.0
  0
HATCH
  5
72C
330
1F
100
AcDbEntity
  8
0.1 ОКН
 62
     1
440
 33554585
100
AcDbHatch
 10
0.0
 20
0.0
 30
0.0
210
0.0
220
0.0
230
1.0
  2
SOLID
 70
     1
 71
     0
 91
        1
 92
        1
 93
       24
 72
     1
 10
26020.18815337515
 20
42315.66573891162
 11
26016.00979563026
 21
42316.73673626033
 72
     1
 10
26016.00979563026
 20
42316.73673626033
 11
26015.70535637094
 21
42315.59681749793
 72
     1
 10
26015.70535637094
 20
42315.59681749793
 11
26011.28465686096
 21
42316.77745819697
 72
     1
 10
26011.28465686096
 20
42316.77745819697
 11
26011.55750367893
 21
42317.79908467104
 72
     1
 10
26011.55750367893
 20
42317.79908467104
 11
26006.87596646497
 21
42319.1229295093
 72
     1
 10
26006.87596646497
 20
42319.1229295093
 11
25988.70497179077
 21
42247.77858473375
 72
     1
 10
25988.70497179077
 20
42247.77858473375
 11
25986.4562079564
 21
42248.3604133923
 72
     1
 10
25986.4562079564
 20
42248.3604133923
 11
25985.9201861784
 21
42246.2938664715
 72
     1
 10
25985.9201861784
 20
42246.2938664715
 11
25988.17020461354
 21
42245.71171320674
 72
     1
 10
25988.17020461354
 20
42245.71171320674
 11
25987.1347344468
 21
42241.7096280081
 72
     1
 10
25987.1347344468
 20
42241.7096280081
 11
26000.75160239609
 21
42238.18649948232
 72
     1
 10
26000.75160239609
 20
42238.18649948232
 11
26001.9577632046
 21
42242.84830285821
 72
     1
 10
26001.9577632046
 20
42242.84830285821
 11
26002.636230427
 21
42242.66911804424
 72
     1
 10
26002.636230427
 20
42242.66911804424
 11
26005.55331630405
 21
42254.33546257017
 72
     1
 10
26005.55331630405
 20
42254.33546257017
 11
26009.38034583618
 21
42253.35506707442
 72
     1
 10
26009.38034583618
 20
42253.35506707442
 11
26010.59503335484
 21
42258.59924965348
 72
     1
 10
26010.59503335484
 20
42258.59924965348
 11
26007.01418894896
 21
42259.55932464748
 72
     1
 10
26007.01418894896
 20
42259.55932464748
 11
26010.17706283925
 21
42271.86931101588
 72
     1
 10
26010.17706283925
 20
42271.86931101588
 11
26011.39128503222
 21
42271.53976790477
 72
     2
 10
26011.58582642413
 20
42276.27747007443
 40
4.741694655032461
 50
267.6486191185107
 51
426.6323923663499
 73
     1
 72
     1
 10
26013.4665198981
 20
42280.63024622977
 11
26012.45314687592
 21
42280.91186473444
 72
     1
 10
26012.45314687592
 20
42280.91186473444
 11
26019.9263615549
 21
42309.58445261107
 72
     1
 10
26019.9263615549
 20
42309.58445261107
 11
26018.75033765402
 21
42309.93693668382
 72
     1
 10
26018.75033765402
 20
42309.93693668382
 11
26020.18815337515
 21
42315.66573891162
 97
        0
 75
     1
 76
     1
 98
        1
 10
26004.66422337949
 20
42268.77052367079
450
        0
451
        0
460
0.0
461
0.0
452
        0
462
1.0
453
        2
463
0.0
 63
     5
421
      255
463
1.0
 63
     2
421
 16776960
470
LINEAR
1001
GradientColor1ACI
1070
     5
1001
GradientColor2ACI
1070
     2
1001
ACAD
1010
0.0
1020
0.0
1030
0.0
  0
HATCH
  5
72D
330
1F
100
AcDbEntity
  8
0.1 ОКН
 62
     1
440
 33554585
100
AcDbHatch
 10
0.0
 20
0.0
 30
0.0
210
0.0
220
0.0
230
1.0
  2
SOLID
 70
     1
 71
     0
 91
        1
 92
        1
 93
       30
 72
     1
 10
26025.12017501287
 20
42386.10773448195
 11
26024.67789761945
 21
42386.22272718891
 72
     1
 10
26024.67789761945
 20
42386.22272718891
 11
26023.04080935265
 21
42379.92626586892
 72
     1
 10
26023.04080935265
 20
42379.92626586892
 11
26023.6427470591
 21
42379.76976126952
 72
     1
 10
26023.6427470591
 20
42379.76976126952
 11
26020.27566860392
 21
42366.81952536321
 72
     1
 10
26020.27566860392
 20
42366.81952536321
 11
26019.73938216386
 21
42366.95896054657
 72
     1
 10
26019.73938216386
 20
42366.95896054657
 11
26018.15384068393
 21
42360.86075509118
 72
     1
 10
26018.15384068393
 20
42360.86075509118
 11
26018.6929005054
 21
42360.72059882499
 72
     1
 10
26018.6929005054
 20
42360.72059882499
 11
26015.25762620656
 21
42347.50807254592
 72
     1
 10
26015.25762620656
 20
42347.50807254592
 11
26014.75173926667
 21
42347.63281836935
 72
     1
 10
26014.75173926667
 20
42347.63281836935
 11
26013.27341328992
 21
42341.63770138662
 72
     1
 10
26013.27341328992
 20
42341.63770138662
 11
26013.72305472569
 21
42341.52682504899
 72
     1
 10
26013.72305472569
 20
42341.52682504899
 11
26011.52399300592
 21
42332.60887835175
 72
     1
 10
26011.52399300592
 20
42332.60887835175
 11
26024.17375560797
 21
42329.17772821228
 72
     1
 10
26024.17375560797
 20
42329.17772821228
 11
26026.60361230517
 21
42338.55975377634
 72
     1
 10
26026.60361230517
 20
42338.55975377634
 11
26028.60684113582
 21
42339.32537283578
 72
     1
 10
26028.60684113582
 20
42339.32537283578
 11
26029.36300334851
 21
42342.29992777527
 72
     1
 10
26029.36300334851
 20
42342.29992777527
 11
26027.9641496779
 21
42343.91409215899
 72
     1
 10
26027.9641496779
 20
42343.91409215899
 11
26031.45740422898
 21
42357.77149924042
 72
     1
 10
26031.45740422898
 20
42357.77149924042
 11
26033.52550987025
 21
42358.55662010472
 72
     1
 10
26033.52550987025
 20
42358.55662010472
 11
26034.14591835119
 21
42361.28392289999
 72
     1
 10
26034.14591835119
 20
42361.28392289999
 11
26033.00537478569
 21
42363.00044640377
 72
     1
 10
26033.00537478569
 20
42363.00044640377
 11
26036.5309595489
 21
42377.11527618842
 72
     1
 10
26036.5309595489
 20
42377.11527618842
 11
26038.5907090738
 21
42377.99717393823
 72
     1
 10
26038.5907090738
 20
42377.99717393823
 11
26039.28953904365
 21
42380.93687394989
 72
     1
 10
26039.28953904365
 20
42380.93687394989
 11
26038.04228919853
 21
42382.86473268398
 72
     1
 10
26038.04228919853
 20
42382.86473268398
 11
26040.37060500885
 21
42391.95441985332
 72
     1
 10
26040.37060500885
 20
42391.95441985332
 11
26025.37237858497
 21
42395.84803635932
 72
     1
 10
26025.37237858497
 20
42395.84803635932
 11
26024.77368079979
 21
42393.54536427784
 72
     1
 10
26024.77368079979
 20
42393.54536427784
 11
26026.90958031635
 21
42392.99002758
 72
     1
 10
26026.90958031635
 20
42392.99002758
 11
26025.12017501287
 21
42386.10773448195
 97
        0
 75
     1
 76
     1
 98
        1
 10
26024.22829571666
 20
42358.80917668274
450
        0
451
        0
460
0.0
461
0.0
452
        0
462
1.0
453
        2
463
0.0
 63
     5
421
      255
463
1.0
 63
     2
421
 16776960
470
LINEAR
1001
GradientColor1ACI
1070
     5
1001
GradientColor2ACI
1070
     2
1001
ACAD
1010
0.0
1020
0.0
1030
0.0
  0
HATCH
  5
72E
330
1F
100
AcDbEntity
  8
0.1 ОКН
 62
     1
440
 33554585
100
AcDbHatch
 10
0.0
 20
0.0
 30
0.0
210
0.0
220
0.0
230
1.0
  2
SOLID
 70
     1
 71
     0
 91
        1
 92
        1
 93
        6
 72
     1
 10
26150.36
 20
42626.72
 11
26162.57735014339
 21
42623.37030189109
 72
     1
 10
26162.57735014339
 20
42623.37030189109
 11
26166.15
 21
42637.15
 72
     1
 10
26166.15
 20
42637.15
 11
26173.21
 21
42635.19999999999
 72
     1
 10
26173.21
 20
42635.19999999999
 11
26173.97
 21
42638.68
 72
     1
 10
26173.97
 20
42638.68
 11
26154.95
 21
42643.77999999998
 72
     1
 10
26154.95
 20
42643.77999999998
 11
26150.36
 21
42626.72
 97
        0
 75
     1
 76
     1
 98
        1
 10
26147.86260509037
 20
42623.50188299023
450
        0
451
        0
460
0.0
461
0.0
452
        0
462
1.0
453
        2
463
0.0
 63
     5
421
      255
463
1.0
 63
     2
421
 16776960
470
LINEAR
1001
GradientColor1ACI
1070
     5
1001
GradientColor2ACI
1070
     2
1001
ACAD
1010
0.0
1020
0.0
1030
0.0
  0
HATCH
  5
72F
330
1F
100
AcDbEntity
  8
0.1 ОКН
 62
     1
440
 33554585
100
AcDbHatch
 10
0.0
 20
0.0
 30
0.0
210
0.0
220
0.0
230
1.0
  2
SOLID
 70
     1
 71
     0
 91
        1
 92
        1
 93
        9
 72
     1
 10
26173.21
 20
42635.19999999999
 11
26172.52674843999
 21
42635.38644030294
 72
     1
 10
26172.52674843999
 20
42635.38644030294
 11
26172.06
 21
42633.44
 72
     1
 10
26172.06
 20
42633.44
 11
26172.93
 21
42632.01999999999
 72
     1
 10
26172.93
 20
42632.01999999999
 11
26185.05
 21
42628.81
 72
     1
 10
26185.05
 20
42628.81
 11
26187.3710025
 21
42615.74132239999
 72
     1
 10
26187.3710025
 20
42615.74132239999
 11
26194.63
 21
42613.66
 72
     1
 10
26194.63
 20
42613.66
 11
26190.15
 21
42634.43
 72
     1
 10
26190.15
 20
42634.43
 11
26173.97222451
 21
42638.6866517
 72
     1
 10
26173.97222451
 20
42638.6866517
 11
26173.21
 21
42635.19999999999
 97
        0
 75
     1
 76
     1
 98
        1
 10
26173.82755534389
 20
42615.67296314715
450
        0
451
        0
460
0.0
461
0.0
452
        0
462
1.0
453
        2
463
0.0
 63
     5
421
      255
463
1.0
 63
     2
421
 16776960
470
LINEAR
1001
GradientColor1ACI
1070
     5
1001
GradientColor2ACI
1070
     2
1001
ACAD
1010
0.0
1020
0.0
1030
0.0
  0
HATCH
  5
730
330
1F
100
AcDbEntity
  8
0.1 ОКН
 62
     1
440
 33554585
100
AcDbHatch
 10
0.0
 20
0.0
 30
0.0
210
0.0
220
0.0
230
1.0
  2
SOLID
 70
     1
 71
     0
 91
        1
 92
        1
 93
        6
 72
     1
 10
26168.9
 20
42620.9
 11
26182.58
 21
42617.05
 72
     1
 10
26182.58
 20
42617.05
 11
26183.88
 21
42622.14
 72
     1
 10
26183.88
 20
42622.14
 11
26183.17
 21
42623.44999999999
 72
     1
 10
26183.17
 20
42623.44999999999
 11
26171.39
 21
42626.64
 72
     1
 10
26171.39
 20
42626.64
 11
26170.29
 21
42626.3
 72
     1
 10
26170.29
 20
42626.3
 11
26168.9
 21
42620.9
 97
        0
 75
     1
 76
     1
 98
        1
 10
26161.96730255103
 20
42607.81571803912
450
        0
451
        0
460
0.0
461
0.0
452
        0
462
1.0
453
        2
463
0.0
 63
     5
421
      255
463
1.0
 63
     2
421
 16776960
470
LINEAR
1001
GradientColor1ACI
1070
     5
1001
GradientColor2ACI
1070
     2
1001
ACAD
1010
0.0
1020
0.0
1030
0.0
  0
HATCH
  5
731
330
1F
100
AcDbEntity
  8
0.1 ОКН
 62
     1
440
 33554585
100
AcDbHatch
 10
0.0
 20
0.0
 30
0.0
210
0.0
220
0.0
230
1.0
  2
SOLID
 70
     1
 71
     0
 91
        1
 92
        1
 93
        4
 72
     1
 10
26116.71859803335
 20
42623.66180106209
 11
26126.62903983791
 21
42621.0709593688
 72
     1
 10
26126.62903983791
 20
42621.0709593688
 11
26134.02901863
 21
42648.94883606999
 72
     1
 10
26134.02901863
 20
42648.94883606999
 11
26124.47716575
 21
42651.44510814
 72
     1
 10
26124.47716575
 20
42651.44510814
 11
26116.71859803335
 21
42623.66180106209
 97
        0
 75
     1
 76
     1
 98
        1
 10
26112.63378102881
 20
42624.7574358197
450
        0
451
        0
460
0.0
461
0.0
452
        0
462
1.0
453
        2
463
0.0
 63
     5
421
      255
463
1.0
 63
     2
421
 16776960
470
LINEAR
1001
GradientColor1ACI
1070
     5
1001
GradientColor2ACI
1070
     2
1001
ACAD
1010
0.0
1020
0.0
1030
0.0
  0
HATCH
  5
732
330
1F
100
AcDbEntity
  8
0.1 ОКН
 62
     1
440
 33554585
100
AcDbHatch
 10
0.0
 20
0.0
 30
0.0
210
0.0
220
0.0
230
1.0
  2
SOLID
 70
     1
 71
     0
 91
        1
 92
        1
 93
       13
 72
     1
 10
26234.84700204312
 20
42864.45437910228
 11
26264.40856199318
 21
42856.89593170597
 72
     1
 10
26264.40856199318
 20
42856.89593170597
 11
26268.02060413828
 21
42869.35551258327
 72
     1
 10
26268.02060413828
 20
42869.35551258327
 11
26229.06740411651
 21
42879.71087566664
 72
     1
 10
26229.06740411651
 20
42879.71087566664
 11
26224.52633094837
 21
42877.31788035529
 72
     1
 10
26224.52633094837
 20
42877.31788035529
 11
26220.41516720598
 21
42861.17849181048
 72
     1
 10
26220.41516720598
 20
42861.17849181048
 11
26218.76931417586
 21
42861.49014222655
 72
     1
 10
26218.76931417586
 20
42861.49014222655
 11
26216.75180903528
 21
42853.49476834269
 72
     1
 10
26216.75180903528
 20
42853.49476834269
 11
26218.65593073521
 21
42853.05075126057
 72
     1
 10
26218.65593073521
 20
42853.05075126057
 11
26215.936299
 21
42841.952571
 72
     1
 10
26215.936299
 20
42841.952571
 11
26228.448063
 21
42838.74121499999
 72
     1
 10
26228.448063
 20
42838.74121499999
 11
26230.81124900001
 21
42848.21070299999
 72
     2
 10
26224.30406808304
 20
42853.80585608629
 40
8.581907803350578
 50
319.3096447711075
 51
373.2913658259505
 73
     1
 72
     1
 10
26232.65609686205
 20
42855.77886313642
 11
26234.84700204312
 21
42864.45437910228
 97
        0
 75
     1
 76
     1
 98
        1
 10
26221.38014922921
 20
42853.29423787789
450
        0
451
        0
460
0.0
461
0.0
452
        0
462
1.0
453
        2
463
0.0
 63
     5
421
      255
463
1.0
 63
     2
421
 16776960
470
LINEAR
1001
GradientColor1ACI
1070
     5
1001
GradientColor2ACI
1070
     2
1001
ACAD
1010
0.0
1020
0.0
1030
0.0
  0
HATCH
  5
733
330
1F
100
AcDbEntity
  8
0.1 ОКН
 62
     1
440
 33554585
100
AcDbHatch
 10
0.0
 20
0.0
 30
0.0
210
0.0
220
0.0
230
1.0
  2
SOLID
 70
     1
 71
     0
 91
        1
 92
        1
 93
        5
 72
     1
 10
26152.9
 20
42769.27999999999
 11
26161.06
 21
42760.02
 72
     1
 10
26161.06
 20
42760.02
 11
26163.54
 21
42760.18999999999
 72
     1
 10
26163.54
 20
42760.18999999999
 11
26176.36386126983
 21
42807.93498194359
 72
     1
 10
26176.36386126983
 20
42807.93498194359
 11
26164.02
 21
42811.24
 72
     1
 10
26164.02
 20
42811.24
 11
26152.9
 21
42769.27999999999
 97
        0
 75
     1
 76
     1
 98
        1
 10
26154.75565833838
 20
42776.04154565016
450
        0
451
        0
460
0.0
461
0.0
452
        0
462
1.0
453
        2
463
0.0
 63
     5
421
      255
463
1.0
 63
     2
421
 16776960
470
LINEAR
1001
GradientColor1ACI
1070
     5
1001
GradientColor2ACI
1070
     2
1001
ACAD
1010
0.0
1020
0.0
1030
0.0
  0
HATCH
  5
734
330
1F
100
AcDbEntity
  8
0.1 ОКН
 62
     1
440
 33554585
370
    30
100
AcDbHatch
 10
0.0
 20
0.0
 30
0.0
210
0.0
220
0.0
230
1.0
  2
SOLID
 70
     1
 71
     0
 91
        1
 92
        1
 93
       42
 72
     1
 10
26255.29903821476
 20
43017.31183144505
 11
26252.80369053259
 21
43015.87217659748
 72
     1
 10
26252.80369053259
 20
43015.87217659748
 11
26253.02512454037
 21
43015.48836596467
 72
     1
 10
26253.02512454037
 20
43015.48836596467
 11
26246.96593687142
 21
42993.26702269497
 72
     1
 10
26246.96593687142
 20
42993.26702269497
 11
26246.0772710613
 21
42993.5093389606
 72
     1
 10
26246.0772710613
 20
42993.5093389606
 11
26243.98399573214
 21
42985.83250302339
 72
     1
 10
26243.98399573214
 20
42985.83250302339
 11
26244.87266154226
 21
42985.59018675775
 72
     1
 10
26244.87266154226
 20
42985.59018675775
 11
26243.7733368722
 21
42981.55854552249
 72
     1
 10
26243.7733368722
 20
42981.55854552249
 11
26244.39928075362
 21
42981.3878667565
 72
     1
 10
26244.39928075362
 20
42981.3878667565
 11
26241.5186429322
 21
42970.82347341457
 72
     1
 10
26241.5186429322
 20
42970.82347341457
 11
26241.25103953854
 21
42970.89644196392
 72
     1
 10
26241.25103953854
 20
42970.89644196392
 11
26233.54965888752
 21
42942.65255310437
 72
     1
 10
26233.54965888752
 20
42942.65255310437
 11
26233.06469549254
 21
42942.78479012473
 72
     1
 10
26233.06469549254
 20
42942.78479012473
 11
26231.85867835029
 21
42938.36186705781
 72
     1
 10
26231.85867835029
 20
42938.36186705781
 11
26232.51231790636
 21
42938.18363639506
 72
     1
 10
26232.51231790636
 20
42938.18363639506
 11
26226.58318571312
 21
42916.43925596646
 72
     1
 10
26226.58318571312
 20
42916.43925596646
 11
26226.1929596572
 21
42916.54566055584
 72
     1
 10
26226.1929596572
 20
42916.54566055584
 11
26225.89974886014
 21
42915.47034516242
 72
     1
 10
26225.89974886014
 20
42915.47034516242
 11
26227.09154356374
 21
42913.08867595247
 72
     1
 10
26227.09154356374
 20
42913.08867595247
 11
26228.24153486849
 21
42912.77510295877
 72
     1
 10
26228.24153486849
 20
42912.77510295877
 11
26228.34305658459
 21
42913.14742166316
 72
     1
 10
26228.34305658459
 20
42913.14742166316
 11
26242.28015831419
 21
42909.3471331786
 72
     1
 10
26242.28015831419
 20
42909.3471331786
 11
26244.94624234492
 21
42919.12467625381
 72
     1
 10
26244.94624234492
 20
42919.12467625381
 11
26241.44239357236
 21
42920.08008552042
 72
     1
 10
26241.44239357236
 20
42920.08008552042
 11
26243.86450001133
 21
42928.96287007137
 72
     1
 10
26243.86450001133
 20
42928.96287007137
 11
26245.56733759725
 21
42928.49855014358
 72
     1
 10
26245.56733759725
 20
42928.49855014358
 11
26257.21214161743
 21
42971.20447073614
 72
     1
 10
26257.21214161743
 20
42971.20447073614
 11
26259.23497316424
 21
42970.6528967014
 72
     1
 10
26259.23497316424
 20
42970.6528967014
 11
26261.97966935756
 21
42980.71874044419
 72
     1
 10
26261.97966935756
 20
42980.71874044419
 11
26263.06530726835
 21
42980.42271496265
 72
     1
 10
26263.06530726835
 20
42980.42271496265
 11
26263.66264858364
 21
42980.64043725389
 72
     1
 10
26263.66264858364
 20
42980.64043725389
 11
26263.78088461378
 21
42981.07405369825
 72
     1
 10
26263.78088461378
 20
42981.07405369825
 11
26264.65743432808
 21
42980.83504117973
 72
     1
 10
26264.65743432808
 20
42980.83504117973
 11
26266.65105262776
 21
42988.14639692694
 72
     1
 10
26266.65105262776
 20
42988.14639692694
 11
26263.75672219642
 21
42988.93560624909
 72
     1
 10
26263.75672219642
 20
42988.93560624909
 11
26265.57190363737
 21
42995.59256624119
 72
     1
 10
26265.57190363737
 20
42995.59256624119
 11
26269.40206757486
 21
42994.54817923821
 72
     1
 10
26269.40206757486
 20
42994.54817923821
 11
26270.0676341032
 21
42996.98906456864
 72
     1
 10
26270.0676341032
 20
42996.98906456864
 11
26272.31785820355
 21
42996.37548644443
 72
     1
 10
26272.31785820355
 20
42996.37548644443
 11
26274.64984985287
 21
43004.9277858241
 72
     1
 10
26274.64984985287
 20
43004.9277858241
 11
26276.37286983074
 21
43011.24675471582
 72
     1
 10
26276.37286983074
 20
43011.24675471582
 11
26255.51729181757
 21
43016.9335333948
 72
     1
 10
26255.51729181757
 20
43016.9335333948
 11
26255.29903821476
 21
43017.31183144505
 97
        0
 75
     1
 76
     1
 98
        1
 10
26236.47871788294
 20
42975.02408109834
450
        0
451
        0
460
0.0
461
0.0
452
        0
462
1.0
453
        2
463
0.0
 63
     5
421
      255
463
1.0
 63
     2
421
 16776960
470
LINEAR
1001
GradientColor1ACI
1070
     5
1001
GradientColor2ACI
1070
     2
1001
ACAD
1010
0.0
1020
0.0
1030
0.0
  0
HATCH
  5
735
330
1F
100
AcDbEntity
  8
0.1 ОКН
 62
     1
440
 33554585
100
AcDbHatch
 10
0.0
 20
0.0
 30
0.0
210
0.0
220
0.0
230
1.0
  2
SOLID
 70
     1
 71
     0
 91
        1
 92
        1
 93
       12
 72
     1
 10
26189.74964322922
 20
42860.9720168622
 11
26198.15128007417
 21
42891.11068072014
 72
     1
 10
26198.15128007417
 20
42891.11068072014
 11
26196.29164729635
 21
42893.62369798747
 72
     1
 10
26196.29164729635
 20
42893.62369798747
 11
26174.34703102706
 21
42899.21285880296
 72
     1
 10
26174.34703102706
 20
42899.21285880296
 11
26171.33034742057
 21
42887.96857694503
 72
     1
 10
26171.33034742057
 20
42887.96857694503
 11
26182.24
 21
42885.16999999999
 72
     1
 10
26182.24
 20
42885.16999999999
 11
26183.68
 21
42882.83
 72
     1
 10
26183.68
 20
42882.83
 11
26181.3
 21
42873.7
 72
     1
 10
26181.3
 20
42873.7
 11
26180.01
 21
42874.02
 72
     1
 10
26180.01
 20
42874.02
 11
26178.93
 21
42870.24999999999
 72
     1
 10
26178.93
 20
42870.24999999999
 11
26180.37
 21
42869.89
 72
     1
 10
26180.37
 20
42869.89
 11
26178.62915347463
 21
42863.71790777368
 72
     1
 10
26178.62915347463
 20
42863.71790777368
 11
26189.74964322922
 21
42860.9720168622
 97
        0
 75
     1
 76
     1
 98
        1
 10
26173.19325352262
 20
42859.04455816656
450
        0
451
        0
460
0.0
461
0.0
452
        0
462
1.0
453
        2
463
0.0
 63
     5
421
      255
463
1.0
 63
     2
421
 16776960
470
LINEAR
1001
GradientColor1ACI
1070
     5
1001
GradientColor2ACI
1070
     2
1001
ACAD
1010
0.0
1020
0.0
1030
0.0
  0
HATCH
  5
736
330
1F
100
AcDbEntity
  8
0.1 ОКН
 62
     1
440
 33554585
100
AcDbHatch
 10
0.0
 20
0.0
 30
0.0
210
0.0
220
0.0
230
1.0
  2
SOLID
 70
     1
 71
     0
 91
        1
 92
        1
 93
       10
 72
     1
 10
26235.21028686405
 20
43098.90035579258
 11
26250.16568416714
 21
43095.1998639367
 72
     1
 10
26250.16568416714
 20
43095.1998639367
 11
26256.86699742184
 21
43121.00945349206
 72
     1
 10
26256.86699742184
 20
43121.00945349206
 11
26242.30579711865
 21
43124.84869643391
 72
     1
 10
26242.30579711865
 20
43124.84869643391
 11
26239.784682
 21
43115.628958
 72
     1
 10
26239.784682
 20
43115.628958
 11
26226.229946
 21
43119.127602
 72
     1
 10
26226.229946
 20
43119.127602
 11
26224.137673
 21
43110.758509
 72
     1
 10
26224.137673
 20
43110.758509
 11
26235.034929
 21
43107.87928299999
 72
     1
 10
26235.034929
 20
43107.87928299999
 11
26235.362435
 21
43109.214497
 72
     1
 10
26235.362435
 20
43109.214497
 11
26237.83382037422
 21
43108.49463989099
 72
     1
 10
26237.83382037422
 20
43108.49463989099
 11
26235.21028686405
 21
43098.90035579258
 97
        0
 75
     1
 76
     1
 98
        1
 10
26232.31046933671
 20
43093.63798277447
450
        0
451
        0
460
0.0
461
0.0
452
        0
462
1.0
453
        2
463
0.0
 63
     5
421
      255
463
1.0
 63
     2
421
 16776960
470
LINEAR
1001
GradientColor1ACI
1070
     5
1001
GradientColor2ACI
1070
     2
1001
ACAD
1010
0.0
1020
0.0
1030
0.0
  0
HATCH
  5
737
330
1F
100
AcDbEntity
  8
0.1 ОКН
 62
     1
440
 33554585
370
    13
100
AcDbHatch
 10
0.0
 20
0.0
 30
0.0
210
0.0
220
0.0
230
1.0
  2
SOLID
 70
     1
 71
     0
 91
        1
 92
        1
 93
       84
 72
     1
 10
26189.59417555633
 20
43267.20314962049
 11
26189.46098850909
 21
43268.07375794867
 72
     1
 10
26189.46098850909
 20
43268.07375794867
 11
26179.63403210131
 21
43266.57041452199
 72
     1
 10
26179.63403210131
 20
43266.57041452199
 11
26179.42282590439
 21
43267.95101329493
 72
     1
 10
26179.42282590439
 20
43267.95101329493
 11
26176.96022170135
 21
43269.7937485056
 72
     1
 10
26176.96022170135
 20
43269.7937485056
 11
26173.9605262296
 21
43269.3348503196
 72
     1
 10
26173.9605262296
 20
43269.3348503196
 11
26172.161468397
 21
43266.84015927011
 72
     1
 10
26172.161468397
 20
43266.84015927011
 11
26172.37267459391
 21
43265.45956049717
 72
     1
 10
26172.37267459391
 20
43265.45956049717
 11
26167.52031001983
 21
43264.71723804416
 72
     1
 10
26167.52031001983
 20
43264.71723804416
 11
26168.72342371308
 21
43256.85280360596
 72
     1
 10
26168.72342371308
 20
43256.85280360596
 11
26169.3480743881
 21
43256.94836366009
 72
     1
 10
26169.3480743881
 20
43256.94836366009
 11
26169.88521278079
 21
43253.43723275256
 72
     1
 10
26169.88521278079
 20
43253.43723275256
 11
26172.61121800365
 21
43253.85426136883
 72
     1
 10
26172.61121800365
 20
43253.85426136883
 11
26173.25392303136
 21
43249.65306942674
 72
     1
 10
26173.25392303136
 20
43249.65306942674
 11
26173.44921936596
 21
43249.68294617073
 72
     1
 10
26173.44921936596
 20
43249.68294617073
 11
26176.46560866853
 21
43229.96561102344
 72
     1
 10
26176.46560866853
 20
43229.96561102344
 11
26176.27031233393
 21
43229.93573427944
 72
     1
 10
26176.27031233393
 20
43229.93573427944
 11
26176.9561977504
 21
43225.66838705159
 72
     1
 10
26176.9561977504
 20
43225.66838705159
 11
26173.58040456179
 21
43225.10401073084
 72
     1
 10
26173.58040456179
 20
43225.10401073084
 11
26174.18966507231
 21
43221.12143670839
 72
     1
 10
26174.18966507231
 20
43221.12143670839
 11
26174.81431574733
 21
43221.21699676252
 72
     1
 10
26174.81431574733
 20
43221.21699676252
 11
26175.44412137089
 21
43217.10012479683
 72
     1
 10
26175.44412137089
 20
43217.10012479683
 11
26178.17012659374
 21
43217.5171534131
 72
     1
 10
26178.17012659374
 20
43217.5171534131
 11
26178.34874366032
 21
43216.34958112335
 72
     1
 10
26178.34874366032
 20
43216.34958112335
 11
26188.77998533652
 21
43217.94536907185
 72
     1
 10
26188.77998533652
 20
43217.94536907185
 11
26188.60136826995
 21
43219.11294136159
 72
     1
 10
26188.60136826995
 20
43219.11294136159
 11
26191.3395159657
 21
43219.53182755269
 72
     1
 10
26191.3395159657
 20
43219.53182755269
 11
26190.70971034215
 21
43223.64869951837
 72
     1
 10
26190.70971034215
 20
43223.64869951837
 11
26191.32221854426
 21
43223.74240199769
 72
     1
 10
26191.32221854426
 20
43223.74240199769
 11
26190.71295803374
 21
43227.72497602014
 72
     1
 10
26190.71295803374
 20
43227.72497602014
 11
26187.36230213586
 21
43227.21238734974
 72
     1
 10
26187.36230213586
 20
43227.21238734974
 11
26186.70155401013
 21
43231.53152222794
 72
     1
 10
26186.70155401013
 20
43231.53152222794
 11
26186.50625767553
 21
43231.50164548395
 72
     1
 10
26186.50625767553
 20
43231.50164548395
 11
26183.48986837296
 21
43251.21898063124
 72
     1
 10
26183.48986837296
 20
43251.21898063124
 11
26183.68516470757
 21
43251.24885737523
 72
     1
 10
26183.68516470757
 20
43251.24885737523
 11
26183.04245967986
 21
43255.45004931733
 72
     1
 10
26183.04245967986
 20
43255.45004931733
 11
26191.5986127374
 21
43256.75898322554
 72
     1
 10
26191.5986127374
 20
43256.75898322554
 11
26192.3510780053
 21
43251.8403177664
 72
     1
 10
26192.3510780053
 20
43251.8403177664
 11
26196.78652188925
 21
43252.51885902889
 72
     1
 10
26196.78652188925
 20
43252.51885902889
 11
26196.8136626305
 21
43252.3414472171
 72
     1
 10
26196.8136626305
 20
43252.3414472171
 11
26201.60479711794
 21
43253.07440259403
 72
     1
 10
26201.60479711794
 20
43253.07440259403
 11
26201.5776563767
 21
43253.25181440582
 72
     1
 10
26201.5776563767
 20
43253.25181440582
 11
26205.986535867
 21
43253.9262918051
 72
     1
 10
26205.986535867
 20
43253.9262918051
 11
26205.23407059911
 21
43258.84495726425
 72
     1
 10
26205.23407059911
 20
43258.84495726425
 11
26213.98058813428
 21
43260.18301343313
 72
     1
 10
26213.98058813428
 20
43260.18301343313
 11
26214.62329316199
 21
43255.98182149104
 72
     1
 10
26214.62329316199
 20
43255.98182149104
 11
26214.81858949659
 21
43256.01169823503
 72
     1
 10
26214.81858949659
 20
43256.01169823503
 11
26217.83497879916
 21
43236.29436308774
 72
     1
 10
26217.83497879916
 20
43236.29436308774
 11
26217.63968246456
 21
43236.26448634374
 72
     1
 10
26217.63968246456
 20
43236.26448634374
 11
26218.30043059029
 21
43231.94535146554
 72
     1
 10
26218.30043059029
 20
43231.94535146554
 11
26214.94977469241
 21
43231.43276279514
 72
     1
 10
26214.94977469241
 20
43231.43276279514
 11
26215.55903520293
 21
43227.45018877269
 72
     1
 10
26215.55903520293
 20
43227.45018877269
 11
26216.17154340505
 21
43227.543891252
 72
     1
 10
26216.17154340505
 20
43227.543891252
 11
26216.80134902859
 21
43223.4270192863
 72
     1
 10
26216.80134902859
 20
43223.4270192863
 11
26219.53949672438
 21
43223.8459054774
 72
     1
 10
26219.53949672438
 20
43223.8459054774
 11
26219.71811379095
 21
43222.67833318766
 72
     1
 10
26219.71811379095
 20
43222.67833318766
 11
26230.00672426568
 21
43224.25230118803
 72
     1
 10
26230.00672426568
 20
43224.25230118803
 11
26229.81699161079
 21
43225.49253312415
 72
     1
 10
26229.81699161079
 20
43225.49253312415
 11
26232.5889702957
 21
43225.91659483379
 72
     1
 10
26232.5889702957
 20
43225.91659483379
 11
26231.96767741168
 21
43229.97782128374
 72
     1
 10
26231.96767741168
 20
43229.97782128374
 11
26232.5048321627
 21
43230.0599960722
 72
     1
 10
26232.5048321627
 20
43230.0599960722
 11
26231.89747163783
 21
43234.03015039347
 72
     1
 10
26231.89747163783
 20
43234.03015039347
 11
26228.56525297664
 21
43233.52038228088
 72
     1
 10
26228.56525297664
 20
43233.52038228088
 11
26227.90450485091
 21
43237.83951715908
 72
     1
 10
26227.90450485091
 20
43237.83951715908
 11
26227.7004832106
 21
43237.80830560393
 72
     1
 10
26227.7004832106
 20
43237.80830560393
 11
26224.68348337413
 21
43257.52963164999
 72
     1
 10
26224.68348337413
 20
43257.52963164999
 11
26224.87877970872
 21
43257.55950839399
 72
     1
 10
26224.87877970872
 20
43257.55950839399
 11
26224.23607468101
 21
43261.76070033608
 72
     1
 10
26224.23607468101
 20
43261.76070033608
 11
26227.1064781592
 21
43262.1998192272
 72
     1
 10
26227.1064781592
 20
43262.1998192272
 11
26226.56902080773
 21
43265.71303508343
 72
     1
 10
26226.56902080773
 20
43265.71303508343
 11
26227.19822860659
 21
43265.80929229361
 72
     1
 10
26227.19822860659
 20
43265.80929229361
 11
26225.9978727927
 21
43273.6547995017
 72
     1
 10
26225.9978727927
 20
43273.6547995017
 11
26220.98062193874
 21
43272.8956816208
 72
     1
 10
26220.98062193874
 20
43272.8956816208
 11
26220.76205213789
 21
43274.32441431542
 72
     1
 10
26220.76205213789
 20
43274.32441431542
 11
26218.29944793485
 21
43276.1671495261
 72
     1
 10
26218.29944793485
 20
43276.1671495261
 11
26215.2997524631
 21
43275.70825134009
 72
     1
 10
26215.2997524631
 20
43275.70825134009
 11
26213.5006946305
 21
43273.21356029059
 72
     1
 10
26213.5006946305
 20
43273.21356029059
 11
26213.71926443134
 21
43271.78482759596
 72
     1
 10
26213.71926443134
 20
43271.78482759596
 11
26203.88844424611
 21
43270.28089308247
 72
     1
 10
26203.88844424611
 20
43270.28089308247
 11
26204.019108836
 21
43269.4267733876
 72
     1
 10
26204.019108836
 20
43269.4267733876
 11
26199.65523964711
 21
43268.75074447442
 72
     1
 10
26199.65523964711
 20
43268.75074447442
 11
26199.27244295968
 21
43271.25298467694
 72
     1
 10
26199.27244295968
 20
43271.25298467694
 11
26193.5752480578
 21
43270.3814187362
 72
     1
 10
26193.5752480578
 20
43270.3814187362
 11
26193.95804474523
 21
43267.87917853367
 72
     1
 10
26193.95804474523
 20
43267.87917853367
 11
26189.59417555633
 21
43267.20314962049
 97
        0
 75
     1
 76
     1
 98
        1
 10
26198.92601222328
 20
43241.31754865843
450
        0
451
        0
460
0.0
461
0.0
452
        0
462
1.0
453
        2
463
0.0
 63
     5
421
      255
463
1.0
 63
     2
421
 16776960
470
LINEAR
1001
GradientColor1ACI
1070
     5
1001
GradientColor2ACI
1070
     2
1001
ACAD
1010
0.0
1020
0.0
1030
0.0
  0
HATCH
  5
738
330
1F
100
AcDbEntity
  8
0.1 ОКН
 62
     1
440
 33554585
100
AcDbHatch
 10
0.0
 20
0.0
 30
0.0
210
0.0
220
0.0
230
1.0
  2
SOLID
 70
     1
 71
     0
 91
        1
 92
        1
 93
       30
 72
     1
 10
26250.98901934923
 20
43264.49280590868
 11
26248.32220869674
 21
43264.09474687254
 72
     1
 10
26248.32220869674
 20
43264.09474687254
 11
26248.94666475229
 21
43259.9111813462
 72
     1
 10
26248.94666475229
 20
43259.9111813462
 11
26257.7501584872
 21
43261.2252267312
 72
     1
 10
26257.7501584872
 20
43261.2252267312
 11
26260.02664181406
 21
43245.97384581661
 72
     1
 10
26260.02664181406
 20
43245.97384581661
 11
26257.5045824884
 21
43245.59739295398
 72
     1
 10
26257.5045824884
 20
43245.59739295398
 11
26257.53115563164
 21
43245.41936523688
 72
     1
 10
26257.53115563164
 20
43245.41936523688
 11
26251.2497212224
 21
43244.48177271451
 72
     1
 10
26251.2497212224
 20
43244.48177271451
 11
26252.94011758299
 21
43233.15690224969
 72
     1
 10
26252.94011758299
 20
43233.15690224969
 11
26259.35229542557
 21
43234.11401007025
 72
     1
 10
26259.35229542557
 20
43234.11401007025
 11
26259.4593760689
 21
43233.39661949649
 72
     1
 10
26259.4593760689
 20
43233.39661949649
 11
26263.69231317379
 21
43234.02844495524
 72
     1
 10
26263.69231317379
 20
43234.02844495524
 11
26263.7330355218
 21
43233.75562413819
 72
     1
 10
26263.7330355218
 20
43233.75562413819
 11
26269.72986659896
 21
43234.65073560631
 72
     1
 10
26269.72986659896
 20
43234.65073560631
 11
26269.68914425095
 21
43234.92355642335
 72
     1
 10
26269.68914425095
 20
43234.92355642335
 11
26273.9534771109
 21
43235.553915566
 72
     1
 10
26273.9534771109
 20
43235.553915566
 11
26273.84549812408
 21
43236.27732462391
 72
     1
 10
26273.84549812408
 20
43236.27732462391
 11
26280.2401088596
 21
43237.2318103064
 72
     1
 10
26280.2401088596
 20
43237.2318103064
 11
26278.549712499
 21
43248.55668077122
 72
     1
 10
26278.549712499
 20
43248.55668077122
 11
26272.15029045897
 21
43247.60147693379
 72
     1
 10
26272.15029045897
 20
43247.60147693379
 11
26272.1215616719
 21
43247.7939464633
 72
     1
 10
26272.1215616719
 20
43247.7939464633
 11
26269.64899898792
 21
43247.42488167132
 72
     1
 10
26269.64899898792
 20
43247.42488167132
 11
26266.81515385983
 21
43266.41032777207
 72
     1
 10
26266.81515385983
 20
43266.41032777207
 11
26272.8200801205
 21
43267.3066475603
 72
     1
 10
26272.8200801205
 20
43267.3066475603
 11
26271.49023695428
 21
43276.21597909169
 72
     1
 10
26271.49023695428
 20
43276.21597909169
 11
26267.96247092615
 21
43275.68941034431
 72
     1
 10
26267.96247092615
 20
43275.68941034431
 11
26267.85539028282
 21
43276.40680091806
 72
     1
 10
26267.85539028282
 20
43276.40680091806
 11
26253.36218758433
 21
43274.2434863644
 72
     1
 10
26253.36218758433
 20
43274.2434863644
 11
26253.46926822765
 21
43273.52609579064
 72
     1
 10
26253.46926822765
 20
43273.52609579064
 11
26249.7241147935
 21
43272.9670789123
 72
     1
 10
26249.7241147935
 20
43272.9670789123
 11
26250.98901934923
 21
43264.49280590868
 97
        0
 75
     1
 76
     1
 98
        1
 10
26251.13338771432
 20
43235.72747093866
450
        0
451
        0
460
0.0
461
0.0
452
        0
462
1.0
453
        2
463
0.0
 63
     5
421
      255
463
1.0
 63
     2
421
 16776960
470
LINEAR
1001
GradientColor1ACI
1070
     5
1001
GradientColor2ACI
1070
     2
1001
ACAD
1010
0.0
1020
0.0
1030
0.0
  0
HATCH
  5
739
330
1F
100
AcDbEntity
  8
0.1 ОКН
 62
     1
440
 33554585
100
AcDbHatch
 10
0.0
 20
0.0
 30
0.0
210
0.0
220
0.0
230
1.0
  2
SOLID
 70
     1
 71
     0
 91
        1
 92
        1
 93
       20
 72
     1
 10
26075.94999100399
 20
43269.20046390553
 11
26074.0598872745
 21
43269.762755464
 72
     1
 10
26074.0598872745
 20
43269.762755464
 11
26070.26629766367
 21
43257.01086942959
 72
     1
 10
26070.26629766367
 20
43257.01086942959
 11
26068.10873649013
 21
43257.652727554
 72
     1
 10
26068.10873649013
 20
43257.652727554
 11
26064.904908596
 21
43246.8832842639
 72
     1
 10
26064.904908596
 20
43246.8832842639
 11
26067.06246976954
 21
43246.2414261395
 72
     1
 10
26067.06246976954
 20
43246.2414261395
 11
26063.1317803094
 21
43233.0286885547
 72
     1
 10
26063.1317803094
 20
43233.0286885547
 11
26067.22710358157
 21
43231.81036086761
 72
     1
 10
26067.22710358157
 20
43231.81036086761
 11
26067.31276090131
 21
43232.09829195439
 72
     1
 10
26067.31276090131
 20
43232.09829195439
 11
26075.53721846093
 21
43229.65157805899
 72
     1
 10
26075.53721846093
 20
43229.65157805899
 11
26075.45156114118
 21
43229.36364697222
 72
     1
 10
26075.45156114118
 20
43229.36364697222
 11
26079.6078706064
 21
43228.12717635414
 72
     1
 10
26079.6078706064
 20
43228.12717635414
 11
26083.1450021061
 21
43240.0169963927
 72
     1
 10
26083.1450021061
 20
43240.0169963927
 11
26083.45381864074
 21
43239.92512581024
 72
     1
 10
26083.45381864074
 20
43239.92512581024
 11
26087.386802675
 21
43253.14599259759
 72
     1
 10
26087.386802675
 20
43253.14599259759
 11
26087.07809987664
 21
43253.23782934438
 72
     1
 10
26087.07809987664
 20
43253.23782934438
 11
26090.33686680458
 21
43264.19194635248
 72
     1
 10
26090.33686680458
 20
43264.19194635248
 11
26092.54607876274
 21
43263.53472251045
 72
     1
 10
26092.54607876274
 20
43263.53472251045
 11
26094.17114086127
 21
43268.99725504697
 72
     1
 10
26094.17114086127
 20
43268.99725504697
 11
26077.3759423356
 21
43273.9936995311
 72
     1
 10
26077.3759423356
 20
43273.9936995311
 11
26075.94999100399
 21
43269.20046390553
 97
        0
 75
     1
 76
     1
 98
        1
 10
26069.10678669466
 20
43235.26162993473
450
        0
451
        0
460
0.0
461
0.0
452
        0
462
1.0
453
        2
463
0.0
 63
     5
421
      255
463
1.0
 63
     2
421
 16776960
470
LINEAR
1001
GradientColor1ACI
1070
     5
1001
GradientColor2ACI
1070
     2
1001
ACAD
1010
0.0
1020
0.0
1030
0.0
  0
HATCH
  5
73A
330
1F
100
AcDbEntity
  8
0.1 ОКН
 62
     1
440
 33554585
100
AcDbHatch
 10
0.0
 20
0.0
 30
0.0
210
0.0
220
0.0
230
1.0
  2
SOLID
 70
     1
 71
     0
 91
        1
 92
        1
 93
        4
 72
     1
 10
26096.0680234752
 20
43223.82221198449
 11
26117.8038023857
 21
43217.31985613721
 72
     1
 10
26117.8038023857
 20
43217.31985613721
 11
26121.2303583054
 21
43229.21750162319
 72
     1
 10
26121.2303583054
 20
43229.21750162319
 11
26099.4945793949
 21
43235.71985747049
 72
     1
 10
26099.4945793949
 20
43235.71985747049
 11
26096.0680234752
 21
43223.82221198449
 97
        0
 75
     1
 76
     1
 98
        1
 10
26100.10491157547
 20
43211.50378171645
450
        0
451
        0
460
0.0
461
0.0
452
        0
462
1.0
453
        2
463
0.0
 63
     5
421
      255
463
1.0
 63
     2
421
 16776960
470
LINEAR
1001
GradientColor1ACI
1070
     5
1001
GradientColor2ACI
1070
     2
1001
ACAD
1010
0.0
1020
0.0
1030
0.0
  0
HATCH
  5
73B
330
1F
100
AcDbEntity
  8
0.1 ОКН
 62
     1
440
 33554585
100
AcDbHatch
 10
0.0
 20
0.0
 30
0.0
210
0.0
220
0.0
230
1.0
  2
SOLID
 70
     1
 71
     0
 91
        1
 92
        1
 93
        6
 72
     1
 10
26125.27921760145
 20
43269.56799970079
 11
26139.1768461994
 21
43265.341416955
 72
     1
 10
26139.1768461994
 20
43265.341416955
 11
26150.05479607738
 21
43301.13822406156
 72
     1
 10
26150.05479607738
 20
43301.13822406156
 11
26141.9055254904
 21
43303.6444661014
 72
     1
 10
26141.9055254904
 20
43303.6444661014
 11
26140.62076309929
 21
43299.42336936553
 72
     1
 10
26140.62076309929
 20
43299.42336936553
 11
26134.889429921
 21
43301.167797835
 72
     1
 10
26134.889429921
 20
43301.167797835
 11
26125.27921760145
 21
43269.56799970079
 97
        0
 75
     1
 76
     1
 98
        1
 10
26129.47156201598
 20
43264.14370054144
450
        0
451
        0
460
0.0
461
0.0
452
        0
462
1.0
453
        2
463
0.0
 63
     5
421
      255
463
1.0
 63
     2
421
 16776960
470
LINEAR
1001
GradientColor1ACI
1070
     5
1001
GradientColor2ACI
1070
     2
1001
ACAD
1010
0.0
1020
0.0
1030
0.0
  0
HATCH
  5
73C
330
1F
100
AcDbEntity
  8
0.1 ОКН
 62
     1
440
 33554585
100
AcDbHatch
 10
0.0
 20
0.0
 30
0.0
210
0.0
220
0.0
230
1.0
  2
SOLID
 70
     1
 71
     0
 91
        1
 92
        1
 93
       73
 72
     1
 10
26989.35386758515
 20
43499.73448861203
 11
26980.60217530322
 21
43522.29661850167
 72
     2
 10
27417.72822574645
 20
43711.298869176
 40
476.2363223611457
 50
156.6175650813365
 51
160.8396286370289
 73
     0
 72
     1
 10
26967.87367880547
 20
43554.99173135884
 11
26944.78256124753
 21
43614.64067710045
 72
     1
 10
26944.78256124753
 20
43614.64067710045
 11
26934.86014441977
 21
43640.22097061114
 72
     1
 10
26934.86014441977
 20
43640.22097061114
 11
26924.98724696847
 21
43664.75091594627
 72
     1
 10
26924.98724696847
 20
43664.75091594627
 11
26914.1376603616
 21
43691.80304292049
 72
     1
 10
26914.1376603616
 20
43691.80304292049
 11
26899.52170033536
 21
43700.4603268652
 72
     1
 10
26899.52170033536
 20
43700.4603268652
 11
26897.63442638728
 21
43697.49266469669
 72
     1
 10
26897.63442638728
 20
43697.49266469669
 11
26892.24736079433
 21
43688.6227457769
 72
     1
 10
26892.24736079433
 20
43688.6227457769
 11
26879.1512528343
 21
43667.4585701168
 72
     1
 10
26879.1512528343
 20
43667.4585701168
 11
26866.41665243085
 21
43645.92515238026
 72
     1
 10
26866.41665243085
 20
43645.92515238026
 11
26854.2360105846
 21
43626.38000959653
 72
     1
 10
26854.2360105846
 20
43626.38000959653
 11
26837.3617282943
 21
43599.30699117986
 72
     1
 10
26837.3617282943
 20
43599.30699117986
 11
26823.37209026545
 21
43576.24499913058
 72
     1
 10
26823.37209026545
 20
43576.24499913058
 11
26806.40639225662
 21
43547.8994658408
 72
     1
 10
26806.40639225662
 20
43547.8994658408
 11
26781.42260624897
 21
43509.18009951829
 72
     1
 10
26781.42260624897
 20
43509.18009951829
 11
26764.97663259
 21
43481.51424379
 72
     1
 10
26764.97663259
 20
43481.51424379
 11
26755.32046343727
 21
43472.93430091118
 72
     1
 10
26755.32046343727
 20
43472.93430091118
 11
26743.5521207573
 21
43465.94153504272
 72
     1
 10
26743.5521207573
 20
43465.94153504272
 11
26736.17370731069
 21
43462.36660803198
 72
     1
 10
26736.17370731069
 20
43462.36660803198
 11
26728.24631602689
 21
43458.7402074029
 72
     1
 10
26728.24631602689
 20
43458.7402074029
 11
26715.1739879316
 21
43454.45930468041
 72
     1
 10
26715.1739879316
 20
43454.45930468041
 11
26685.03667935696
 21
43444.60962032716
 72
     1
 10
26685.03667935696
 20
43444.60962032716
 11
26669.67187940722
 21
43439.89002673166
 72
     1
 10
26669.67187940722
 20
43439.89002673166
 11
26664.55811440655
 21
43438.06101148755
 72
     1
 10
26664.55811440655
 20
43438.06101148755
 11
26659.04860222614
 21
43435.889435821
 72
     1
 10
26659.04860222614
 20
43435.889435821
 11
26655.42891345989
 21
43434.29269099282
 72
     1
 10
26655.42891345989
 20
43434.29269099282
 11
26651.69595821973
 21
43432.44132918058
 72
     1
 10
26651.69595821973
 20
43432.44132918058
 11
26645.11470823
 21
43428.83791875999
 72
     1
 10
26645.11470823
 20
43428.83791875999
 11
26642.11603601
 21
43426.31382236
 72
     1
 10
26642.11603601
 20
43426.31382236
 11
26638.13609133642
 21
43422.3187723706
 72
     1
 10
26638.13609133642
 20
43422.3187723706
 11
26634.3464224849
 21
43417.63569053515
 72
     1
 10
26634.3464224849
 20
43417.63569053515
 11
26632.80003996554
 21
43414.6583055879
 72
     1
 10
26632.80003996554
 20
43414.6583055879
 11
26630.39769676455
 21
43409.72085298677
 72
     1
 10
26630.39769676455
 20
43409.72085298677
 11
26625.85177203741
 21
43395.30046337176
 72
     1
 10
26625.85177203741
 20
43395.30046337176
 11
26616.820414515
 21
43362.94076821499
 72
     1
 10
26616.820414515
 20
43362.94076821499
 11
26613.39810738754
 21
43349.61263928017
 72
     1
 10
26613.39810738754
 20
43349.61263928017
 11
26621.33858458699
 21
43339.49301615337
 72
     1
 10
26621.33858458699
 20
43339.49301615337
 11
26630.59091255
 21
43336.51972339
 72
     1
 10
26630.59091255
 20
43336.51972339
 11
26632.96002991751
 21
43335.87002959047
 72
     1
 10
26632.96002991751
 20
43335.87002959047
 11
26647.41089375333
 21
43331.87223529359
 72
     1
 10
26647.41089375333
 20
43331.87223529359
 11
26660.65886450703
 21
43328.21172071659
 72
     1
 10
26660.65886450703
 20
43328.21172071659
 11
26676.75752514949
 21
43323.76353894994
 72
     1
 10
26676.75752514949
 20
43323.76353894994
 11
26696.81857350671
 21
43318.21137649222
 72
     1
 10
26696.81857350671
 20
43318.21137649222
 11
26714.2756468062
 21
43313.45501765161
 72
     1
 10
26714.2756468062
 20
43313.45501765161
 11
26723.8118500251
 21
43311.0820784661
 72
     1
 10
26723.8118500251
 20
43311.0820784661
 11
26738.99553000219
 21
43307.38951560618
 72
     1
 10
26738.99553000219
 20
43307.38951560618
 11
26747.97377397
 21
43305.31201711999
 72
     1
 10
26747.97377397
 20
43305.31201711999
 11
26756.32177192516
 21
43303.81423871576
 72
     1
 10
26756.32177192516
 20
43303.81423871576
 11
26763.4958412092
 21
43302.96820203848
 72
     1
 10
26763.4958412092
 20
43302.96820203848
 11
26770.722
 21
43302.315
 72
     1
 10
26770.722
 20
43302.315
 11
26774.89745906571
 21
43303.15004612187
 72
     1
 10
26774.89745906571
 20
43303.15004612187
 11
26779.0775019917
 21
43303.53199425309
 72
     1
 10
26779.0775019917
 20
43303.53199425309
 11
26783.61690833
 21
43304.19620121999
 72
     1
 10
26783.61690833
 20
43304.19620121999
 11
26791.57144977757
 21
43305.55853395357
 72
     1
 10
26791.57144977757
 20
43305.55853395357
 11
26800.01322652238
 21
43307.43880743106
 72
     1
 10
26800.01322652238
 20
43307.43880743106
 11
26808.20225261002
 21
43309.30541582421
 72
     1
 10
26808.20225261002
 20
43309.30541582421
 11
26818.28203671631
 21
43312.52053728571
 72
     1
 10
26818.28203671631
 20
43312.52053728571
 11
26828.62638332569
 21
43315.98244308565
 72
     1
 10
26828.62638332569
 20
43315.98244308565
 11
26837.18286509798
 21
43319.05275113358
 72
     1
 10
26837.18286509798
 20
43319.05275113358
 11
26847.28177043901
 21
43322.65283933329
 72
     1
 10
26847.28177043901
 20
43322.65283933329
 11
26855.00784399791
 21
43325.63566005577
 72
     1
 10
26855.00784399791
 20
43325.63566005577
 11
26872.5871523843
 21
43332.84365064859
 72
     1
 10
26872.5871523843
 20
43332.84365064859
 11
26881.37966641822
 21
43336.34723529603
 72
     1
 10
26881.37966641822
 20
43336.34723529603
 11
26893.50122294673
 21
43342.40100505654
 72
     1
 10
26893.50122294673
 20
43342.40100505654
 11
26906.46539959057
 21
43348.87604115874
 72
     1
 10
26906.46539959057
 20
43348.87604115874
 11
26925.74378184521
 21
43358.41434396991
 72
     1
 10
26925.74378184521
 20
43358.41434396991
 11
26942.87335696941
 21
43367.43028326375
 72
     1
 10
26942.87335696941
 20
43367.43028326375
 11
26980.1559194159
 21
43385.91624277173
 72
     1
 10
26980.1559194159
 20
43385.91624277173
 11
27020.6747759
 21
43409.75668026
 72
     1
 10
27020.6747759
 20
43409.75668026
 11
27029.44506632291
 21
43413.65548390049
 72
     1
 10
27029.44506632291
 20
43413.65548390049
 11
27004.0036312299
 21
43461.92881303661
 72
     1
 10
27004.0036312299
 20
43461.92881303661
 11
26989.35386758515
 21
43499.73448861203
 97
        0
 75
     1
 76
     1
 98
        1
 10
26847.02750021868
 20
43487.17048809171
450
        0
451
        0
460
0.0
461
0.0
452
        0
462
1.0
453
        2
463
0.0
 63
     5
421
      255
463
1.0
 63
     2
421
 16776960
470
LINEAR
1001
GradientColor1ACI
1070
     5
1001
GradientColor2ACI
1070
     2
1001
ACAD
1010
0.0
1020
0.0
1030
0.0
  0
HATCH
  5
73D
330
1F
100
AcDbEntity
  8
0.1 ОКН
 62
     1
440
 33554585
100
AcDbHatch
 10
0.0
 20
0.0
 30
0.0
210
0.0
220
0.0
230
1.0
  2
SOLID
 70
     1
 71
     0
 91
        1
 92
        1
 93
       16
 72
     1
 10
28005.96678667874
 20
42563.72282790875
 11
28003.93451671596
 21
42568.81274302978
 72
     1
 10
28003.93451671596
 20
42568.81274302978
 11
27977.64954879804
 21
42558.03354439869
 72
     1
 10
27977.64954879804
 20
42558.03354439869
 11
27980.54496380177
 21
42551.03085687268
 72
     1
 10
27980.54496380177
 20
42551.03085687268
 11
27978.16208862045
 21
42550.0456047782
 72
     1
 10
27978.16208862045
 20
42550.0456047782
 11
27980.54674577359
 21
42544.0682843282
 72
     1
 10
27980.54674577359
 20
42544.0682843282
 11
27983.28098241868
 21
42545.19881453915
 72
     1
 10
27983.28098241868
 20
42545.19881453915
 11
27982.0200577093
 21
42548.24841596836
 72
     1
 10
27982.0200577093
 20
42548.24841596836
 11
27987.25333103762
 21
42550.41222779879
 72
     1
 10
27987.25333103762
 20
42550.41222779879
 11
27988.0598374026
 21
42548.46165696374
 72
     1
 10
27988.0598374026
 20
42548.46165696374
 11
28008.05472533062
 21
42556.72897450807
 72
     1
 10
28008.05472533062
 20
42556.72897450807
 11
28008.50458978513
 21
42555.60226795268
 72
     1
 10
28008.50458978513
 20
42555.60226795268
 11
28024.5623552963
 21
42562.75052590777
 72
     1
 10
28024.5623552963
 20
42562.75052590777
 11
28025.69198544203
 21
42565.55989053117
 72
     1
 10
28025.69198544203
 20
42565.55989053117
 11
28024.51182914314
 21
42568.51564714862
 72
     1
 10
28024.51182914314
 20
42568.51564714862
 11
28021.64893014335
 21
42569.98429757127
 72
     1
 10
28021.64893014335
 20
42569.98429757127
 11
28005.96678667874
 21
42563.72282790875
 97
        0
 75
     1
 76
     1
 98
        1
 10
27990.34153935487
 20
42545.51176954749
450
        0
451
        0
460
0.0
461
0.0
452
        0
462
1.0
453
        2
463
0.0
 63
     5
421
      255
463
1.0
 63
     2
421
 16776960
470
LINEAR
1001
GradientColor1ACI
1070
     5
1001
GradientColor2ACI
1070
     2
1001
ACAD
1010
0.0
1020
0.0
1030
0.0
  0
HATCH
  5
73E
330
1F
100
AcDbEntity
  8
0.1 ОКН
 62
     1
440
 33554585
100
AcDbHatch
 10
0.0
 20
0.0
 30
15.577
210
0.0
220
0.0
230
1.0
  2
SOLID
 70
     1
 71
     0
 91
        1
 92
        1
 93
       16
 72
     1
 10
28082.86436907651
 20
42561.43442449046
 11
28082.08403807434
 21
42562.2668014402
 72
     1
 10
28082.08403807434
 20
42562.2668014402
 11
28079.83949801763
 21
42560.16260550778
 72
     1
 10
28079.83949801763
 20
42560.16260550778
 11
28080.57780326331
 21
42559.37505731778
 72
     2
 10
28084.58389991732
 20
42557.22169525266
 40
4.548162110651543
 50
151.7410259441018
 51
201.3138465956998
 73
     1
 72
     1
 10
28080.34681656792
 20
42555.56854575095
 11
28076.12054282356
 21
42551.77994120555
 72
     1
 10
28076.12054282356
 20
42551.77994120555
 11
28078.47648270787
 21
42549.15508333554
 72
     1
 10
28078.47648270787
 20
42549.15508333554
 11
28082.79657674737
 21
42553.03337320155
 72
     2
 10
28084.58988771979
 20
42557.21970123861
 40
4.554262473523311
 50
246.8110027230653
 51
294.5480441092096
 73
     1
 72
     1
 10
28086.48198395782
 20
42553.07708388919
 11
28087.18119429144
 21
42552.33123813515
 72
     1
 10
28087.18119429144
 20
42552.33123813515
 11
28089.42573434815
 21
42554.43543406756
 72
     1
 10
28089.42573434815
 20
42554.43543406756
 11
28088.68458341237
 21
42555.22601774743
 72
     2
 10
28084.58988771977
 20
42557.21970123862
 40
4.554262473549331
 50
334.0388189202534
 51
379.5765194356565
 73
     1
 72
     1
 10
28088.88089035034
 20
42558.74567735328
 11
28093.00404789896
 21
42562.44569525272
 72
     1
 10
28093.00404789896
 20
42562.44569525272
 11
28090.77251383074
 21
42564.93281842584
 72
     1
 10
28090.77251383074
 20
42564.93281842584
 11
28086.68134689736
 21
42561.26532914866
 72
     2
 10
28084.58988771979
 20
42557.21970123858
 40
4.554262473587638
 50
62.6624940820324
 51
112.2643201371132
 73
     1
 97
        0
 75
     1
 76
     1
 98
        1
 10
28054.8382547244
 20
42531.26491084005
450
        0
451
        0
460
0.0
461
0.0
452
        0
462
1.0
453
        2
463
0.0
 63
     5
421
      255
463
1.0
 63
     2
421
 16776960
470
LINEAR
1001
GradientColor1ACI
1070
     5
1001
GradientColor2ACI
1070
     2
1001
ACAD
1010
0.0
1020
0.0
1030
0.0
  0
HATCH
  5
73F
330
1F
100
AcDbEntity
  8
0.1 ОКН
 62
     1
440
 33554585
100
AcDbHatch
 10
0.0
 20
0.0
 30
0.0
210
0.0
220
0.0
230
1.0
  2
SOLID
 70
     1
 71
     0
 91
        1
 92
        1
 93
       24
 72
     1
 10
28453.93045891414
 20
42481.5503640581
 11
28453.28379508385
 21
42479.61127664947
 72
     1
 10
28453.28379508385
 20
42479.61127664947
 11
28449.26801116535
 21
42480.87949484854
 72
     1
 10
28449.26801116535
 20
42480.87949484854
 11
28449.42445021041
 21
42481.37485550635
 72
     1
 10
28449.42445021041
 20
42481.37485550635
 11
28448.86470205948
 21
42481.56359672393
 72
     1
 10
28448.86470205948
 20
42481.56359672393
 11
28448.69089261382
 21
42481.06175372125
 72
     1
 10
28448.69089261382
 20
42481.06175372125
 11
28444.53785622419
 21
42482.37331740037
 72
     1
 10
28444.53785622419
 20
42482.37331740037
 11
28444.70444220528
 21
42482.90080809907
 72
     1
 10
28444.70444220528
 20
42482.90080809907
 11
28444.15382567221
 21
42483.06871653933
 72
     1
 10
28444.15382567221
 20
42483.06871653933
 11
28443.9808607847
 21
42482.54922122575
 72
     1
 10
28443.9808607847
 20
42482.54922122575
 11
28439.71043909845
 21
42483.89785616481
 72
     1
 10
28439.71043909845
 20
42483.89785616481
 11
28440.30302568339
 21
42485.95997268013
 72
     1
 10
28440.30302568339
 20
42485.95997268013
 11
28435.69403132926
 21
42487.29815402104
 72
     1
 10
28435.69403132926
 20
42487.29815402104
 11
28429.76261239946
 21
42468.61387319816
 72
     1
 10
28429.76261239946
 20
42468.61387319816
 11
28434.46087394083
 21
42467.12238643943
 72
     1
 10
28434.46087394083
 20
42467.12238643943
 11
28434.99486378565
 21
42468.80448246656
 72
     1
 10
28434.99486378565
 20
42468.80448246656
 11
28448.44054046464
 21
42464.61520516884
 72
     1
 10
28448.44054046464
 20
42464.61520516884
 11
28447.964916655
 21
42463.08866884509
 72
     1
 10
28447.964916655
 20
42463.08866884509
 11
28455.9334919755
 21
42460.45565108113
 72
     1
 10
28455.9334919755
 20
42460.45565108113
 11
28456.17480006175
 21
42461.10288906961
 72
     1
 10
28456.17480006175
 20
42461.10288906961
 11
28461.26811049238
 21
42459.20396314959
 72
     1
 10
28461.26811049238
 20
42459.20396314959
 11
28466.77809575245
 21
42476.46924752499
 72
     1
 10
28466.77809575245
 20
42476.46924752499
 11
28461.51657954903
 21
42478.11061069584
 72
     1
 10
28461.51657954903
 20
42478.11061069584
 11
28461.78330567803
 21
42479.12622623911
 72
     1
 10
28461.78330567803
 20
42479.12622623911
 11
28453.93045891414
 21
42481.5503640581
 97
        0
 75
     1
 76
     1
 98
        1
 10
28391.5557588333
 20
42467.71111350152
450
        0
451
        0
460
0.0
461
0.0
452
        0
462
1.0
453
        2
463
0.0
 63
     5
421
      255
463
1.0
 63
     2
421
 16776960
470
LINEAR
1001
GradientColor1ACI
1070
     5
1001
GradientColor2ACI
1070
     2
1001
ACAD
1010
0.0
1020
0.0
1030
0.0
  0
HATCH
  5
740
330
1F
100
AcDbEntity
  8
0.1 ОКН
 62
     1
440
 33554585
100
AcDbHatch
 10
0.0
 20
0.0
 30
15.577
210
0.0
220
0.0
230
1.0
  2
SOLID
 70
     1
 71
     0
 91
        1
 92
        1
 93
        9
 72
     1
 10
27332.34002133869
 20
42386.9039561226
 11
27334.44220079991
 21
42381.39110853614
 72
     1
 10
27334.44220079991
 20
42381.39110853614
 11
27345.12770592756
 21
42385.46574493046
 72
     1
 10
27345.12770592756
 20
42385.46574493046
 11
27348.48453954482
 21
42386.74578515908
 72
     1
 10
27348.48453954482
 20
42386.74578515908
 11
27345.21949557864
 21
42395.30817960764
 72
     1
 10
27345.21949557864
 20
42395.30817960764
 11
27334.53541763318
 21
42391.23408743171
 72
     1
 10
27334.53541763318
 20
42391.23408743171
 11
27334.71477566682
 21
42390.76373106055
 72
     1
 10
27334.71477566682
 20
42390.76373106055
 11
27332.32495936356
 21
42389.85243745593
 72
     1
 10
27332.32495936356
 20
42389.85243745593
 11
27333.30846583486
 21
42387.27324696499
 72
     1
 10
27333.30846583486
 20
42387.27324696499
 11
27332.34002133869
 21
42386.9039561226
 97
        0
 75
     1
 76
     1
 98
        1
 10
27306.58117507968
 20
42364.93904962427
450
        0
451
        0
460
0.0
461
0.0
452
        0
462
1.0
453
        2
463
0.0
 63
     5
421
      255
463
1.0
 63
     2
421
 16776960
470
LINEAR
1001
GradientColor1ACI
1070
     5
1001
GradientColor2ACI
1070
     2
1001
ACAD
1010
0.0
1020
0.0
1030
0.0
  0
HATCH
  5
741
330
1F
100
AcDbEntity
  8
0.1 ОКН
 62
     1
440
 33554585
100
AcDbHatch
 10
0.0
 20
0.0
 30
15.577
210
0.0
220
0.0
230
1.0
  2
SOLID
 70
     1
 71
     0
 91
        1
 92
        1
 93
        4
 72
     1
 10
27400.24850170442
 20
42464.0115473108
 11
27415.21883065388
 21
42469.65860416768
 72
     1
 10
27415.21883065388
 20
42469.65860416768
 11
27410.63059695766
 21
42481.82199643912
 72
     1
 10
27410.63059695766
 20
42481.82199643912
 11
27395.6602680082
 21
42476.17493958224
 72
     1
 10
27395.6602680082
 20
42476.17493958224
 11
27400.24850170442
 21
42464.0115473108
 97
        0
 75
     1
 76
     1
 98
        1
 10
27374.46610706706
 20
42450.96686526276
450
        0
451
        0
460
0.0
461
0.0
452
        0
462
1.0
453
        2
463
0.0
 63
     5
421
      255
463
1.0
 63
     2
421
 16776960
470
LINEAR
1001
GradientColor1ACI
1070
     5
1001
GradientColor2ACI
1070
     2
1001
ACAD
1010
0.0
1020
0.0
1030
0.0
  0
HATCH
  5
742
330
1F
100
AcDbEntity
  8
0.1 ОКН
 62
     1
440
 33554585
100
AcDbHatch
 10
0.0
 20
0.0
 30
15.577
210
0.0
220
0.0
230
1.0
  2
SOLID
 70
     1
 71
     0
 91
        1
 92
        1
 93
       16
 72
     1
 10
27413.13022231713
 20
42392.75052990376
 11
27417.68956758518
 21
42394.3826991682
 72
     1
 10
27417.68956758518
 20
42394.3826991682
 11
27418.45684957508
 21
42392.23992909736
 72
     1
 10
27418.45684957508
 20
42392.23992909736
 11
27431.0268145988
 21
42396.74097562012
 72
     1
 10
27431.0268145988
 20
42396.74097562012
 11
27426.505
 21
42408.08499999999
 72
     1
 10
27426.505
 20
42408.08499999999
 11
27421.49184292043
 21
42406.20779489848
 72
     1
 10
27421.49184292043
 20
42406.20779489848
 11
27420.213
 21
42409.623
 72
     1
 10
27420.213
 20
42409.623
 11
27415.79094839657
 21
42407.96713769661
 72
     1
 10
27415.79094839657
 20
42407.96713769661
 11
27415.533
 21
42408.65599999999
 72
     1
 10
27415.533
 20
42408.65599999999
 11
27408.30783076549
 21
42405.95049440088
 72
     1
 10
27408.30783076549
 20
42405.95049440088
 11
27407.889
 21
42407.069
 72
     1
 10
27407.889
 20
42407.069
 11
27404.62738331132
 21
42405.8509763507
 72
     1
 10
27404.62738331132
 20
42405.8509763507
 11
27404.86306483448
 21
42405.22157869179
 72
     1
 10
27404.86306483448
 20
42405.22157869179
 11
27403.82347274238
 21
42404.88129749906
 72
     1
 10
27403.82347274238
 20
42404.88129749906
 11
27405.69069369755
 21
42399.47296630695
 72
     1
 10
27405.69069369755
 20
42399.47296630695
 11
27410.15113405866
 21
42401.07015846616
 72
     1
 10
27410.15113405866
 20
42401.07015846616
 11
27413.13022231713
 21
42392.75052990376
 97
        0
 75
     1
 76
     1
 98
        1
 10
27387.34782767978
 20
42379.70584785572
450
        0
451
        0
460
0.0
461
0.0
452
        0
462
1.0
453
        2
463
0.0
 63
     5
421
      255
463
1.0
 63
     2
421
 16776960
470
LINEAR
1001
GradientColor1ACI
1070
     5
1001
GradientColor2ACI
1070
     2
1001
ACAD
1010
0.0
1020
0.0
1030
0.0
  0
HATCH
  5
743
330
1F
100
AcDbEntity
  8
0.1 ОКН
 62
     1
440
 33554585
100
AcDbHatch
 10
0.0
 20
0.0
 30
15.577
210
0.0
220
0.0
230
1.0
  2
SOLID
 70
     1
 71
     0
 91
        1
 92
        1
 93
        7
 72
     1
 10
27420.54
 20
42468.5
 11
27432.55065310468
 21
42474.76883720323
 72
     1
 10
27432.55065310468
 20
42474.76883720323
 11
27427.65043247881
 21
42485.55291668939
 72
     1
 10
27427.65043247881
 20
42485.55291668939
 11
27430.23850073166
 21
42486.86809436951
 72
     1
 10
27430.23850073166
 20
42486.86809436951
 11
27429.27950106526
 21
42488.73812440951
 72
     1
 10
27429.27950106526
 20
42488.73812440951
 11
27416.14974949651
 21
42482.40319615217
 72
     1
 10
27416.14974949651
 20
42482.40319615217
 11
27418.85210676157
 21
42472.18729915003
 72
     1
 10
27418.85210676157
 20
42472.18729915003
 11
27420.54
 21
42468.5
 97
        0
 75
     1
 76
     1
 98
        1
 10
27391.06108646592
 20
42454.60526018181
450
        0
451
        0
460
0.0
461
0.0
452
        0
462
1.0
453
        2
463
0.0
 63
     5
421
      255
463
1.0
 63
     2
421
 16776960
470
LINEAR
1001
GradientColor1ACI
1070
     5
1001
GradientColor2ACI
1070
     2
1001
ACAD
1010
0.0
1020
0.0
1030
0.0
  0
HATCH
  5
744
330
1F
100
AcDbEntity
  8
0.1 ОКН
 62
     1
440
 33554585
100
AcDbHatch
 10
0.0
 20
0.0
 30
15.577
210
0.0
220
0.0
230
1.0
  2
SOLID
 70
     1
 71
     0
 91
        1
 92
        1
 93
        4
 72
     1
 10
27463.04339325977
 20
42493.00348232347
 11
27475.29581074099
 21
42498.27145839932
 72
     1
 10
27475.29581074099
 20
42498.27145839932
 11
27471.23912960752
 21
42507.70661249689
 72
     1
 10
27471.23912960752
 20
42507.70661249689
 11
27458.98671212631
 21
42502.43863642105
 72
     1
 10
27458.98671212631
 20
42502.43863642105
 11
27463.04339325977
 21
42493.00348232347
 97
        0
 75
     1
 76
     1
 98
        1
 10
27433.06394454613
 20
42471.84000732972
450
        0
451
        0
460
0.0
461
0.0
452
        0
462
1.0
453
        2
463
0.0
 63
     5
421
      255
463
1.0
 63
     2
421
 16776960
470
LINEAR
1001
GradientColor1ACI
1070
     5
1001
GradientColor2ACI
1070
     2
1001
ACAD
1010
0.0
1020
0.0
1030
0.0
  0
HATCH
  5
745
330
1F
100
AcDbEntity
  8
0.1 ОКН
 62
     1
440
 33554585
100
AcDbHatch
 10
0.0
 20
0.0
 30
15.577
210
0.0
220
0.0
230
1.0
  2
SOLID
 70
     1
 71
     0
 91
        1
 92
        1
 93
       12
 72
     1
 10
28241.56526695134
 20
42706.43362469004
 11
28255.51050238022
 21
42701.3020091242
 72
     1
 10
28255.51050238022
 20
42701.3020091242
 11
28256.8270274445
 21
42704.48653334833
 72
     1
 10
28256.8270274445
 20
42704.48653334833
 11
28258.45662852206
 21
42703.80371507908
 72
     1
 10
28258.45662852206
 20
42703.80371507908
 11
28262.89511908432
 21
42716.20005031399
 72
     1
 10
28262.89511908432
 20
42716.20005031399
 11
28258.9231245299
 21
42717.64019609425
 72
     1
 10
28258.9231245299
 20
42717.64019609425
 11
28258.08465575478
 21
42715.50430056339
 72
     1
 10
28258.08465575478
 20
42715.50430056339
 11
28257.35921181929
 21
42715.78094567796
 72
     1
 10
28257.35921181929
 20
42715.78094567796
 11
28255.12378298537
 21
42710.07805344662
 72
     1
 10
28255.12378298537
 20
42710.07805344662
 11
28248.41887715108
 21
42712.63196588908
 72
     1
 10
28248.41887715108
 20
42712.63196588908
 11
28252.755231827
 21
42724.74267314002
 72
     1
 10
28252.755231827
 20
42724.74267314002
 11
28248.67050980521
 21
42726.11025017148
 72
     1
 10
28248.67050980521
 20
42726.11025017148
 11
28241.56526695134
 21
42706.43362469004
 97
        0
 75
     1
 76
     1
 98
        1
 10
28220.69200144987
 20
42691.88191262416
450
        0
451
        0
460
0.0
461
0.0
452
        0
462
1.0
453
        2
463
0.0
 63
     5
421
      255
463
1.0
 63
     2
421
 16776960
470
LINEAR
1001
GradientColor1ACI
1070
     5
1001
GradientColor2ACI
1070
     2
1001
ACAD
1010
0.0
1020
0.0
1030
0.0
  0
HATCH
  5
746
330
1F
100
AcDbEntity
  8
0.1 ОКН
 62
     1
440
 33554585
100
AcDbHatch
 10
0.0
 20
0.0
 30
0.0
210
0.0
220
0.0
230
1.0
  2
SOLID
 70
     1
 71
     1
 91
        1
 92
        1
 93
        3
 72
     1
 10
26074.33718401037
 20
42015.73845408832
 11
26070.33718401036
 21
42003.73845408832
 72
     1
 10
26070.33718401036
 20
42003.73845408832
 11
26078.33718401037
 21
42003.73845408832
 72
     1
 10
26078.33718401037
 20
42003.73845408832
 11
26074.33718401037
 21
42015.73845408832
 97
        1
330
747
 75
     1
 76
     1
 98
        1
 10
1.417294278391636
 20
1.36837146540347
450
        0
451
        0
460
0.0
461
0.0
452
        0
462
1.0
453
        2
463
0.0
 63
     5
421
      255
463
1.0
 63
     2
421
 16776960
470
LINEAR
1001
GradientColor1ACI
1070
     5
1001
GradientColor2ACI
1070
     2
1001
ACAD
1010
0.0
1020
0.0
1030
0.0
  0
LWPOLYLINE
  5
747
102
{ACAD_REACTORS
330
746
102
}
330
1F
100
AcDbEntity
  8
0.1 ОКН
 62
     1
100
AcDbPolyline
 90
        3
 70
     1
 43
0.0
 10
26074.33718401037
 20
42015.73845408832
 10
26070.33718401036
 20
42003.73845408832
 10
26078.33718401037
 20
42003.73845408832
  0
HATCH
  5
748
330
1F
100
AcDbEntity
  8
0.1 ОКН
 62
     1
440
 33554585
100
AcDbHatch
 10
0.0
 20
0.0
 30
15.577
210
0.0
220
0.0
230
1.0
  2
SOLID
 70
     1
 71
     0
 91
        1
 92
        1
 93
       10
 72
     1
 10
27299.1471773542
 20
42363.81703140315
 11
27304.65624387852
 21
42346.7158276287
 72
     1
 10
27304.65624387852
 20
42346.7158276287
 11
27316.69095217937
 21
42350.61504663256
 72
     1
 10
27316.69095217937
 20
42350.61504663256
 11
27314.8047129001
 21
42356.7178449721
 72
     1
 10
27314.8047129001
 20
42356.7178449721
 11
27316.96555002777
 21
42357.41539327491
 72
     1
 10
27316.96555002777
 20
42357.41539327491
 11
27315.65580114334
 21
42361.42183517014
 72
     1
 10
27315.65580114334
 20
42361.42183517014
 11
27320.23223192293
 21
42362.75320723217
 72
     1
 10
27320.23223192293
 20
42362.75320723217
 11
27318.45514053024
 21
42367.82500545798
 72
     1
 10
27318.45514053024
 20
42367.82500545798
 11
27313.27610552618
 21
42366.18136191236
 72
     1
 10
27313.27610552618
 20
42366.18136191236
 11
27312.64677640517
 21
42368.14454329904
 72
     1
 10
27312.64677640517
 20
42368.14454329904
 11
27299.1471773542
 21
42363.81703140315
 97
        0
 75
     1
 76
     1
 98
        1
 10
27273.8825123354
 20
42334.91197604284
450
        0
451
        0
460
0.0
461
0.0
452
        0
462
1.0
453
        2
463
0.0
 63
     5
421
      255
463
1.0
 63
     2
421
 16776960
470
LINEAR
1001
GradientColor1ACI
1070
     5
1001
GradientColor2ACI
1070
     2
1001
ACAD
1010
0.0
1020
0.0
1030
0.0
  0
HATCH
  5
749
330
1F
100
AcDbEntity
  8
0.1 ОКН
 62
     1
440
 33554585
100
AcDbHatch
 10
0.0
 20
0.0
 30
15.577
210
0.0
220
0.0
230
1.0
  2
SOLID
 70
     1
 71
     0
 91
        1
 92
        1
 93
        4
 72
     1
 10
27271.96
 20
42446.52
 11
27285.64
 21
42450.87
 72
     1
 10
27285.64
 20
42450.87
 11
27278.99
 21
42469.46
 72
     1
 10
27278.99
 20
42469.46
 11
27265.86
 21
42465.12
 72
     1
 10
27265.86
 20
42465.12
 11
27271.96
 21
42446.52
 97
        0
 75
     1
 76
     1
 98
        1
 10
27241.81996272662
 20
42433.8946315665
450
        0
451
        0
460
0.0
461
0.0
452
        0
462
1.0
453
        2
463
0.0
 63
     5
421
      255
463
1.0
 63
     2
421
 16776960
470
LINEAR
1001
GradientColor1ACI
1070
     5
1001
GradientColor2ACI
1070
     2
1001
ACAD
1010
0.0
1020
0.0
1030
0.0
  0
HATCH
  5
74A
330
1F
100
AcDbEntity
  8
0.1 ОКН
 62
     1
440
 33554585
100
AcDbHatch
 10
0.0
 20
0.0
 30
15.577
210
0.0
220
0.0
230
1.0
  2
SOLID
 70
     1
 71
     0
 91
        1
 92
        1
 93
        4
 72
     1
 10
29914.84597758361
 20
41938.04090799157
 11
29921.30134042378
 21
41938.61336656647
 72
     1
 10
29921.30134042378
 20
41938.61336656647
 11
29920.76424788655
 21
41945.59320775849
 72
     1
 10
29920.76424788655
 20
41945.59320775849
 11
29914.29049129196
 21
41945.019118034
 72
     1
 10
29914.29049129196
 20
41945.019118034
 11
29914.84597758361
 21
41938.04090799157
 97
        0
 75
     1
 76
     1
 98
        1
 10
29898.59255930489
 20
41924.28447141928
450
        0
451
        0
460
0.0
461
0.0
452
        0
462
1.0
453
        2
463
0.0
 63
     5
421
      255
463
1.0
 63
     2
421
 16776960
470
LINEAR
1001
GradientColor1ACI
1070
     5
1001
GradientColor2ACI
1070
     2
1001
ACAD
1010
0.0
1020
0.0
1030
0.0
  0
HATCH
  5
74B
330
1F
100
AcDbEntity
  8
0.1 ОКН
 62
     1
440
 33554585
100
AcDbHatch
 10
0.0
 20
0.0
 30
0.0
210
0.0
220
0.0
230
1.0
  2
SOLID
 70
     1
 71
     1
 91
        1
 92
        1
 93
        3
 72
     1
 10
29867.95023027621
 20
41878.01138691121
 11
29863.9502302762
 21
41866.01138691121
 72
     1
 10
29863.9502302762
 20
41866.01138691121
 11
29871.9502302762
 21
41866.01138691121
 72
     1
 10
29871.9502302762
 20
41866.01138691121
 11
29867.95023027621
 21
41878.01138691121
 97
        1
330
74C
 75
     1
 76
     1
 98
        1
 10
3795.030340544232
 20
-136.3586957117077
450
        0
451
        0
460
0.0
461
0.0
452
        0
462
1.0
453
        2
463
0.0
 63
     5
421
      255
463
1.0
 63
     2
421
 16776960
470
LINEAR
1001
GradientColor1ACI
1070
     5
1001
GradientColor2ACI
1070
     2
1001
ACAD
1010
0.0
1020
0.0
1030
0.0
  0
LWPOLYLINE
  5
74C
102
{ACAD_REACTORS
330
74B
102
}
330
1F
100
AcDbEntity
  8
0.1 ОКН
 62
     1
100
AcDbPolyline
 90
        3
 70
     1
 43
0.0
 10
29867.95023027621
 20
41878.01138691121
 10
29863.9502302762
 20
41866.01138691121
 10
29871.9502302762
 20
41866.01138691121
  0
HATCH
  5
74D
330
1F
100
AcDbEntity
  8
0.1 ОКН
 62
     1
440
 33554585
100
AcDbHatch
 10
0.0
 20
0.0
 30
0.0
210
0.0
220
0.0
230
1.0
  2
SOLID
 70
     1
 71
     1
 91
        1
 92
        1
 93
        3
 72
     1
 10
29933.25191454685
 20
41873.21382537039
 11
29929.25191454686
 21
41861.21382537039
 72
     1
 10
29929.25191454686
 20
41861.21382537039
 11
29937.25191454685
 21
41861.21382537039
 72
     1
 10
29937.25191454685
 20
41861.21382537039
 11
29933.25191454685
 21
41873.21382537039
 97
        1
330
74E
 75
     1
 76
     1
 98
        1
 10
3860.332024814881
 20
-141.156257252529
450
        0
451
        0
460
0.0
461
0.0
452
        0
462
1.0
453
        2
463
0.0
 63
     5
421
      255
463
1.0
 63
     2
421
 16776960
470
LINEAR
1001
GradientColor1ACI
1070
     5
1001
GradientColor2ACI
1070
     2
1001
ACAD
1010
0.0
1020
0.0
1030
0.0
  0
LWPOLYLINE
  5
74E
102
{ACAD_REACTORS
330
74D
102
}
330
1F
100
AcDbEntity
  8
0.1 ОКН
 62
     1
100
AcDbPolyline
 90
        3
 70
     1
 43
0.0
 10
29933.25191454685
 20
41873.21382537039
 10
29929.25191454686
 20
41861.21382537039
 10
29937.25191454685
 20
41861.21382537039
  0
HATCH
  5
74F
102
{ACAD_XDICTIONARY
360
750
102
}
330
1F
100
AcDbEntity
  8
0.1 ОКН
 62
     1
440
 33554585
100
AcDbHatch
 10
0.0
 20
0.0
 30
0.0
210
0.0
220
0.0
230
1.0
  2
SOLID
 70
     1
 71
     0
 91
        1
 92
        1
 93
       12
 72
     1
 10
29895.07294608555
 20
41733.37428705881
 11
29860.11897586442
 21
41730.34795132523
 72
     1
 10
29860.11897586442
 20
41730.34795132523
 11
29860.24554252512
 21
41728.88611507219
 72
     1
 10
29860.24554252512
 20
41728.88611507219
 11
29858.01487673396
 21
41728.69298268835
 72
     1
 10
29858.01487673396
 20
41728.69298268835
 11
29859.22925887118
 21
41714.66695226803
 72
     1
 10
29859.22925887118
 20
41714.66695226803
 11
29868.21696693374
 21
41715.26224913463
 72
     1
 10
29868.21696693374
 20
41715.26224913463
 11
29868.21696693374
 21
41714.40751874009
 72
     1
 10
29868.21696693374
 20
41714.40751874009
 11
29876.07087358341
 21
41715.08751469453
 72
     1
 10
29876.07087358341
 20
41715.08751469453
 11
29875.79599354443
 21
41718.26236029763
 72
     1
 10
29875.79599354443
 20
41718.26236029763
 11
29889.23092526707
 21
41719.42556475461
 72
     1
 10
29889.23092526707
 20
41719.42556475461
 11
29888.81719506561
 21
41724.20412021403
 72
     1
 10
29888.81719506561
 20
41724.20412021403
 11
29895.8144517995
 21
41724.8099469043
 72
     1
 10
29895.8144517995
 20
41724.8099469043
 11
29895.07294608555
 21
41733.37428705881
 97
        0
 75
     1
 76
     1
 98
        1
 10
29877.75761580957
 20
41728.46907562169
450
        0
451
        0
460
0.0
461
0.0
452
        0
462
1.0
453
        2
463
0.0
 63
     5
421
      255
463
1.0
 63
     2
421
 16776960
470
LINEAR
1001
GradientColor1ACI
1070
     5
1001
GradientColor2ACI
1070
     2
1001
AcadAnnotative
1000
AnnotativeData
1002
{
1070
     1
1070
     0
1002
}
1001
ACAD
1010
0.0
1020
0.0
1030
0.0
  0
HATCH
  5
754
330
1F
100
AcDbEntity
  8
0.1 ОКН
 62
     1
440
 33554585
100
AcDbHatch
 10
0.0
 20
0.0
 30
0.0
210
0.0
220
0.0
230
1.0
  2
SOLID
 70
     1
 71
     0
 91
        1
 92
        1
 93
       12
 72
     1
 10
29830.74562578299
 20
41880.86455454282
 11
29856.86211500369
 21
41883.61360382439
 72
     1
 10
29856.86211500369
 20
41883.61360382439
 11
29858.15332644278
 21
41871.34685042098
 72
     1
 10
29858.15332644278
 20
41871.34685042098
 11
29852.37850459603
 21
41870.62636067234
 72
     1
 10
29852.37850459603
 20
41870.62636067234
 11
29853.03335715983
 21
41865.21038131602
 72
     1
 10
29853.03335715983
 20
41865.21038131602
 11
29848.11772257271
 21
41864.61602603874
 72
     1
 10
29848.11772257271
 20
41864.61602603874
 11
29847.78362037942
 21
41867.37922905847
 72
     1
 10
29847.78362037942
 20
41867.37922905847
 11
29843.20697384455
 21
41866.82586123342
 72
     1
 10
29843.20697384455
 20
41866.82586123342
 11
29842.88065245869
 21
41869.44137085262
 72
     1
 10
29842.88065245869
 20
41869.44137085262
 11
29839.78132754502
 21
41869.05468674578
 72
     1
 10
29839.78132754502
 20
41869.05468674578
 11
29839.34633447318
 21
41874.28708331935
 72
     1
 10
29839.34633447318
 20
41874.28708331935
 11
29831.41482926868
 21
41873.05240115579
 72
     1
 10
29831.41482926868
 20
41873.05240115579
 11
29830.74562578299
 21
41880.86455454282
 97
        0
 75
     1
 76
     1
 98
        1
 10
-112.0876473438729
 20
-17.82023027815739
450
        0
451
        0
460
0.0
461
0.0
452
        0
462
1.0
453
        2
463
0.0
 63
     5
421
      255
463
1.0
 63
     2
421
 16776960
470
LINEAR
1001
GradientColor1ACI
1070
     5
1001
GradientColor2ACI
1070
     2
1001
ACAD
1010
0.0
1020
0.0
1030
0.0
  0
HATCH
  5
755
330
1F
100
AcDbEntity
  8
0.1 ОКН
 62
     1
440
 33554585
100
AcDbHatch
 10
0.0
 20
0.0
 30
0.0
210
0.0
220
0.0
230
1.0
  2
SOLID
 70
     1
 71
     1
 91
        1
 92
        1
 93
        3
 72
     1
 10
26760.64394219582
 20
42062.85170940689
 11
26756.64394219582
 21
42050.85170940689
 72
     1
 10
26756.64394219582
 20
42050.85170940689
 11
26764.64394219582
 21
42050.85170940689
 72
     1
 10
26764.64394219582
 20
42050.85170940689
 11
26760.64394219582
 21
42062.85170940689
 97
        1
330
756
 75
     1
 76
     1
 98
        1
 10
687.7240524638437
 20
48.48162678397784
450
        0
451
        0
460
0.0
461
0.0
452
        0
462
1.0
453
        2
463
0.0
 63
     5
421
      255
463
1.0
 63
     2
421
 16776960
470
LINEAR
1001
GradientColor1ACI
1070
     5
1001
GradientColor2ACI
1070
     2
1001
ACAD
1010
0.0
1020
0.0
1030
0.0
  0
LWPOLYLINE
  5
756
102
{ACAD_REACTORS
330
755
102
}
330
1F
100
AcDbEntity
  8
0.1 ОКН
 62
     1
100
AcDbPolyline
 90
        3
 70
     1
 43
0.0
 10
26760.64394219582
 20
42062.85170940689
 10
26756.64394219582
 20
42050.85170940689
 10
26764.64394219582
 20
42050.85170940689
  0
HATCH
  5
757
330
1F
100
AcDbEntity
  8
0.1 ОКН
 62
     1
440
 33554585
100
AcDbHatch
 10
0.0
 20
0.0
 30
0.0
210
0.0
220
0.0
230
1.0
  2
SOLID
 70
     1
 71
     1
 91
        1
 92
        1
 93
        3
 72
     1
 10
26867.40026748731
 20
42111.09391519746
 11
26863.40026748731
 21
42099.09391519746
 72
     1
 10
26863.40026748731
 20
42099.09391519746
 11
26871.40026748731
 21
42099.09391519746
 72
     1
 10
26871.40026748731
 20
42099.09391519746
 11
26867.40026748731
 21
42111.09391519746
 97
        1
330
758
 75
     1
 76
     1
 98
        1
 10
794.4803777553316
 20
96.72383257454931
450
        0
451
        0
460
0.0
461
0.0
452
        0
462
1.0
453
        2
463
0.0
 63
     5
421
      255
463
1.0
 63
     2
421
 16776960
470
LINEAR
1001
GradientColor1ACI
1070
     5
1001
GradientColor2ACI
1070
     2
1001
ACAD
1010
0.0
1020
0.0
1030
0.0
  0
LWPOLYLINE
  5
758
102
{ACAD_REACTORS
330
757
102
}
330
1F
100
AcDbEntity
  8
0.1 ОКН
 62
     1
100
AcDbPolyline
 90
        3
 70
     1
 43
0.0
 10
26867.40026748731
 20
42111.09391519746
 10
26863.40026748731
 20
42099.09391519746
 10
26871.40026748731
 20
42099.09391519746
  0
HATCH
  5
759
330
1F
100
AcDbEntity
  8
0.1 ОКН
 62
     1
440
 33554585
100
AcDbHatch
 10
0.0
 20
0.0
 30
0.0
210
0.0
220
0.0
230
1.0
  2
SOLID
 70
     1
 71
     0
 91
        1
 92
        1
 93
        4
 72
     2
 10
26753.70900650382
 20
41978.83232931571
 40
158.9899809585088
 50
57.20019749140719
 51
80.95684672631994
 73
     1
 72
     2
 10
26778.61944604242
 20
42134.72791359338
 40
1.121000302619988
 50
85.94155416197166
 51
242.0193047438135
 73
     1
 72
     2
 10
26864.14039622236
 20
42267.1651203883
 40
158.7667388170244
 50
237.1821172669839
 51
260.904227037966
 73
     1
 72
     2
 10
26839.31164309835
 20
42111.48281670022
 40
1.121000302619988
 50
256.0670395605204
 51
422.184904928515
 73
     1
 97
        0
 75
     1
 76
     1
 98
        1
 10
125.6835176555978
 20
200.8881825985882
450
        0
451
        0
460
0.0
461
0.0
452
        0
462
0.0
453
        2
463
0.0
 63
     5
421
      255
463
1.0
 63
     2
421
 16776960
470
LINEAR
1001
GradientColor1ACI
1070
     5
1001
GradientColor2ACI
1070
     2
1001
ACAD
1010
0.0
1020
0.0
1030
0.0
  0
HATCH
  5
75E
330
1F
100
AcDbEntity
  8
0.1 ОКН
 62
     1
440
 33554585
100
AcDbHatch
 10
0.0
 20
0.0
 30
15.577
210
0.0
220
0.0
230
1.0
  2
SOLID
 70
     1
 71
     0
 91
        1
 92
        1
 93
       12
 72
     1
 10
27396.57310782177
 20
42123.1264860921
 11
27420.93366207619
 21
42129.31816150339
 72
     1
 10
27420.93366207619
 20
42129.31816150339
 11
27421.99708349301
 21
42125.13423172683
 72
     1
 10
27421.99708349301
 20
42125.13423172683
 11
27431.14531533874
 21
42127.45942029127
 72
     1
 10
27431.14531533874
 20
42127.45942029127
 11
27426.67613562403
 21
42145.677429902
 72
     1
 10
27426.67613562403
 20
42145.677429902
 11
27417.48488908883
 21
42143.34130837633
 72
     1
 10
27417.48488908883
 20
42143.34130837633
 11
27417.97016347328
 21
42141.43204275994
 72
     1
 10
27417.97016347328
 20
42141.43204275994
 11
27393.50115229796
 21
42135.21280106084
 72
     1
 10
27393.50115229796
 20
42135.21280106084
 11
27393.01587791352
 21
42137.12206667722
 72
     1
 10
27393.01587791352
 20
42137.12206667722
 11
27384.13568986
 21
42134.86500629
 72
     1
 10
27384.13568986
 20
42134.86500629
 11
27388.27657321991
 21
42116.86385689586
 72
     1
 10
27388.27657321991
 20
42116.86385689586
 11
27397.60081498532
 21
42119.08307062661
 72
     1
 10
27397.60081498532
 20
42119.08307062661
 11
27396.57310782177
 21
42123.1264860921
 97
        0
 75
     1
 76
     1
 98
        1
 10
27377.23421398441
 20
42108.52484641891
450
        0
451
        0
460
0.0
461
0.0
452
        0
462
1.0
453
        2
463
0.0
 63
     5
421
      255
463
1.0
 63
     2
421
 16776960
470
LINEAR
1001
GradientColor1ACI
1070
     5
1001
GradientColor2ACI
1070
     2
1001
ACAD
1010
0.0
1020
0.0
1030
0.0
  0
HATCH
  5
75F
330
1F
100
AcDbEntity
  8
0.1 ОКН
 62
     1
440
 33554585
100
AcDbHatch
 10
0.0
 20
0.0
 30
0.0
210
0.0
220
0.0
230
1.0
  2
SOLID
 70
     1
 71
     1
 91
        1
 92
        1
 93
        3
 72
     1
 10
26672.49990082948
 20
42111.85717411666
 11
26668.49990082948
 21
42099.85717411666
 72
     1
 10
26668.49990082948
 20
42099.85717411666
 11
26676.49990082948
 21
42099.85717411666
 72
     1
 10
26676.49990082948
 20
42099.85717411666
 11
26672.49990082948
 21
42111.85717411666
 97
        1
330
760
 75
     1
 76
     1
 98
        1
 10
599.5800110975069
 20
97.48709149374191
450
        0
451
        0
460
0.0
461
0.0
452
        0
462
1.0
453
        2
463
0.0
 63
     5
421
      255
463
1.0
 63
     2
421
 16776960
470
LINEAR
1001
GradientColor1ACI
1070
     5
1001
GradientColor2ACI
1070
     2
1001
ACAD
1010
0.0
1020
0.0
1030
0.0
  0
LWPOLYLINE
  5
760
102
{ACAD_REACTORS
330
75F
102
}
330
1F
100
AcDbEntity
  8
0.1 ОКН
 62
     1
100
AcDbPolyline
 90
        3
 70
     1
 43
0.0
 10
26672.49990082948
 20
42111.85717411666
 10
26668.49990082948
 20
42099.85717411666
 10
26676.49990082948
 20
42099.85717411666
  0
HATCH
  5
761
330
1F
100
AcDbEntity
  8
0.1 ОКН
 62
     1
440
 33554585
100
AcDbHatch
 10
0.0
 20
0.0
 30
15.577
210
0.0
220
0.0
230
1.0
  2
SOLID
 70
     1
 71
     0
 91
        1
 92
        1
 93
        4
 72
     1
 10
26483.89581446126
 20
42693.40483535854
 11
26489.36732674628
 21
42681.12346681103
 72
     1
 10
26489.36732674628
 20
42681.12346681103
 11
26499.30953004118
 21
42685.77499195235
 72
     1
 10
26499.30953004118
 20
42685.77499195235
 11
26493.33747979124
 21
42697.95700973155
 72
     1
 10
26493.33747979124
 20
42697.95700973155
 11
26483.89581446126
 21
42693.40483535854
 97
        0
 75
     1
 76
     1
 98
        1
 10
26480.67644440351
 20
42646.56415514247
450
        0
451
        0
460
0.0
461
0.0
452
        0
462
1.0
453
        2
463
0.0
 63
     5
421
      255
463
1.0
 63
     2
421
 16776960
470
LINEAR
1001
GradientColor1ACI
1070
     5
1001
GradientColor2ACI
1070
     2
1001
ACAD
1010
0.0
1020
0.0
1030
0.0
  0
HATCH
  5
762
330
1F
100
AcDbEntity
  8
0.1 ОКН
 62
     1
440
 33554585
100
AcDbHatch
 10
0.0
 20
0.0
 30
15.577
210
0.0
220
0.0
230
1.0
  2
SOLID
 70
     1
 71
     0
 91
        1
 92
        1
 93
       10
 72
     1
 10
26501.63476866189
 20
42699.30761078537
 11
26494.3992203361
 21
42695.96783571308
 72
     1
 10
26494.3992203361
 20
42695.96783571308
 11
26499.30953004118
 21
42685.77499195235
 72
     1
 10
26499.30953004118
 20
42685.77499195235
 11
26518.39374100264
 21
42694.76448128523
 72
     1
 10
26518.39374100264
 20
42694.76448128523
 11
26517.94283010755
 21
42695.71872593247
 72
     1
 10
26517.94283010755
 20
42695.71872593247
 11
26518.37407821779
 21
42695.92250435759
 72
     1
 10
26518.37407821779
 20
42695.92250435759
 11
26514.2595216633
 21
42704.62997541367
 72
     1
 10
26514.2595216633
 20
42704.62997541367
 11
26509.59349455324
 21
42702.37780802656
 72
     1
 10
26509.59349455324
 20
42702.37780802656
 11
26507.74090955999
 21
42705.95680994368
 72
     1
 10
26507.74090955999
 20
42705.95680994368
 11
26500.31203895009
 21
42702.17063737763
 72
     1
 10
26500.31203895009
 20
42702.17063737763
 11
26501.63476866189
 21
42699.30761078537
 97
        0
 75
     1
 76
     1
 98
        1
 10
26495.08078859979
 20
42651.00642766886
450
        0
451
        0
460
0.0
461
0.0
452
        0
462
1.0
453
        2
463
0.0
 63
     5
421
      255
463
1.0
 63
     2
421
 16776960
470
LINEAR
1001
GradientColor1ACI
1070
     5
1001
GradientColor2ACI
1070
     2
1001
ACAD
1010
0.0
1020
0.0
1030
0.0
  0
HATCH
  5
763
330
1F
100
AcDbEntity
  8
0.1 ОКН
 62
     1
440
 33554585
100
AcDbHatch
 10
0.0
 20
0.0
 30
15.577
210
0.0
220
0.0
230
1.0
  2
SOLID
 70
     1
 71
     0
 91
        1
 92
        1
 93
        4
 72
     1
 10
26585.6175780814
 20
42714.21931904274
 11
26591.91
 21
42701.01
 72
     1
 10
26591.91
 20
42701.01
 11
26619.6424219186
 21
42714.22068095725
 72
     1
 10
26619.6424219186
 20
42714.22068095725
 11
26613.35
 21
42727.43
 72
     1
 10
26613.35
 20
42727.43
 11
26585.6175780814
 21
42714.21931904274
 97
        0
 75
     1
 76
     1
 98
        1
 10
26595.61493708752
 20
42668.85068584349
450
        0
451
        0
460
0.0
461
0.0
452
        0
462
1.0
453
        2
463
0.0
 63
     5
421
      255
463
1.0
 63
     2
421
 16776960
470
LINEAR
1001
GradientColor1ACI
1070
     5
1001
GradientColor2ACI
1070
     2
1001
ACAD
1010
0.0
1020
0.0
1030
0.0
  0
HATCH
  5
764
330
1F
100
AcDbEntity
  8
0.1 ОКН
 62
     1
440
 33554585
100
AcDbHatch
 10
0.0
 20
0.0
 30
15.577
210
0.0
220
0.0
230
1.0
  2
SOLID
 70
     1
 71
     0
 91
        1
 92
        1
 93
        8
 72
     1
 10
26640.03793557181
 20
42738.6838653414
 11
26639.43283204075
 21
42740.05639939078
 72
     1
 10
26639.43283204075
 20
42740.05639939078
 11
26629.61853843422
 21
42735.72961149148
 72
     1
 10
26629.61853843422
 20
42735.72961149148
 11
26634.68948509811
 21
42724.22736997171
 72
     1
 10
26634.68948509811
 20
42724.22736997171
 11
26655.85118104644
 21
42733.55684121321
 72
     1
 10
26655.85118104644
 20
42733.55684121321
 11
26650.78023438254
 21
42745.05908273298
 72
     1
 10
26650.78023438254
 20
42745.05908273298
 11
26641.44574164219
 21
42740.94382269958
 72
     1
 10
26641.44574164219
 20
42740.94382269958
 11
26642.05084517325
 21
42739.5712886502
 72
     1
 10
26642.05084517325
 20
42739.5712886502
 11
26640.03793557181
 21
42738.6838653414
 97
        0
 75
     1
 76
     1
 98
        1
 10
26637.74012929527
 20
42689.02280670614
450
        0
451
        0
460
0.0
461
0.0
452
        0
462
1.0
453
        2
463
0.0
 63
     5
421
      255
463
1.0
 63
     2
421
 16776960
470
LINEAR
1001
GradientColor1ACI
1070
     5
1001
GradientColor2ACI
1070
     2
1001
ACAD
1010
0.0
1020
0.0
1030
0.0
  0
HATCH
  5
765
330
1F
100
AcDbEntity
  8
0.1 ОКН
 62
     1
440
 33554585
100
AcDbHatch
 10
0.0
 20
0.0
 30
15.577
210
0.0
220
0.0
230
1.0
  2
SOLID
 70
     1
 71
     0
 91
        1
 92
        1
 93
        8
 72
     1
 10
26638.34
 20
42712.57
 11
26637.81805596381
 21
42713.50321498911
 72
     1
 10
26637.81805596381
 20
42713.50321498911
 11
26633.7
 21
42711.19999999999
 72
     1
 10
26633.7
 20
42711.19999999999
 11
26640.63
 21
42699.12
 72
     1
 10
26640.63
 20
42699.12
 11
26666.99147101932
 21
42714.36310409651
 72
     1
 10
26666.99147101932
 20
42714.36310409651
 11
26660.43
 21
42726.15
 72
     1
 10
26660.43
 20
42726.15
 11
26647.75585420142
 21
42719.06139245459
 72
     1
 10
26647.75585420142
 20
42719.06139245459
 11
26648.27779823761
 21
42718.12817746545
 72
     1
 10
26648.27779823761
 20
42718.12817746545
 11
26638.34
 21
42712.57
 97
        0
 75
     1
 76
     1
 98
        1
 10
26647.14952558356
 20
42668.00347460955
450
        0
451
        0
460
0.0
461
0.0
452
        0
462
1.0
453
        2
463
0.0
 63
     5
421
      255
463
1.0
 63
     2
421
 16776960
470
LINEAR
1001
GradientColor1ACI
1070
     5
1001
GradientColor2ACI
1070
     2
1001
ACAD
1010
0.0
1020
0.0
1030
0.0
  0
HATCH
  5
766
330
1F
100
AcDbEntity
  8
0.1 ОКН
 62
     1
440
 33554585
100
AcDbHatch
 10
0.0
 20
0.0
 30
15.577
210
0.0
220
0.0
230
1.0
  2
SOLID
 70
     1
 71
     0
 91
        1
 92
        1
 93
       14
 72
     1
 10
27106.56592169334
 20
42283.13904139876
 11
27100.49098909641
 21
42260.35388096466
 72
     1
 10
27100.49098909641
 20
42260.35388096466
 11
27113.77307634769
 21
42256.79475067829
 72
     1
 10
27113.77307634769
 20
42256.79475067829
 11
27116.79965245259
 21
42268.93530830442
 72
     1
 10
27116.79965245259
 20
42268.93530830442
 11
27134.91261937659
 21
42263.96898441139
 72
     1
 10
27134.91261937659
 20
42263.96898441139
 11
27133.1149715849
 21
42257.22868124917
 72
     1
 10
27133.1149715849
 20
42257.22868124917
 11
27140.74788176326
 21
42255.22297736504
 72
     1
 10
27140.74788176326
 20
42255.22297736504
 11
27144.13795028132
 21
42266.84370430786
 72
     1
 10
27144.13795028132
 20
42266.84370430786
 11
27141.14250593577
 21
42267.7856162893
 72
     1
 10
27141.14250593577
 20
42267.7856162893
 11
27142.72651577724
 21
42273.45257805718
 72
     1
 10
27142.72651577724
 20
42273.45257805718
 11
27125.76384996998
 21
42277.8941418317
 72
     1
 10
27125.76384996998
 20
42277.8941418317
 11
27126.15390334049
 21
42279.49150912076
 72
     1
 10
27126.15390334049
 20
42279.49150912076
 11
27119.50913207603
 21
42281.26467593145
 72
     1
 10
27119.50913207603
 20
42281.26467593145
 11
27119.02906638925
 21
42279.64046659111
 72
     1
 10
27119.02906638925
 20
42279.64046659111
 11
27106.56592169334
 21
42283.13904139876
 97
        0
 75
     1
 76
     1
 98
        1
 10
27083.59811208285
 20
42247.27129303935
450
        0
451
        0
460
0.0
461
0.0
452
        0
462
1.0
453
        2
463
0.0
 63
     5
421
      255
463
1.0
 63
     2
421
 16776960
470
LINEAR
1001
GradientColor1ACI
1070
     5
1001
GradientColor2ACI
1070
     2
1001
ACAD
1010
0.0
1020
0.0
1030
0.0
  0
HATCH
  5
767
330
1F
100
AcDbEntity
  8
0.1 ОКН
 62
     1
440
 33554585
100
AcDbHatch
 10
0.0
 20
0.0
 30
15.577
210
0.0
220
0.0
230
1.0
  2
SOLID
 70
     1
 71
     0
 91
        1
 92
        1
 93
        6
 72
     1
 10
27127.48856871965
 20
42306.88334502821
 11
27125.59706852879
 21
42297.99798948286
 72
     1
 10
27125.59706852879
 20
42297.99798948286
 11
27141.90878446624
 21
42294.69023263433
 72
     1
 10
27141.90878446624
 20
42294.69023263433
 11
27138.71672574355
 21
42280.54726110623
 72
     1
 10
27138.71672574355
 20
42280.54726110623
 11
27149.84658025866
 21
42278.02206751848
 72
     1
 10
27149.84658025866
 20
42278.02206751848
 11
27154.68596036531
 21
42301.47270299998
 72
     1
 10
27154.68596036531
 20
42301.47270299998
 11
27127.48856871965
 21
42306.88334502821
 97
        0
 75
     1
 76
     1
 98
        1
 10
27108.58452256477
 20
42270.81796882839
450
        0
451
        0
460
0.0
461
0.0
452
        0
462
1.0
453
        2
463
0.0
 63
     5
421
      255
463
1.0
 63
     2
421
 16776960
470
LINEAR
1001
GradientColor1ACI
1070
     5
1001
GradientColor2ACI
1070
     2
1001
ACAD
1010
0.0
1020
0.0
1030
0.0
  0
HATCH
  5
768
330
1F
100
AcDbEntity
  8
0.1 ОКН
 62
     1
440
 33554585
100
AcDbHatch
 10
0.0
 20
0.0
 30
15.577
210
0.0
220
0.0
230
1.0
  2
SOLID
 70
     1
 71
     0
 91
        1
 92
        1
 93
        4
 72
     1
 10
27147.02
 20
42438.27999999998
 11
27156.4
 21
42435.58999999998
 72
     1
 10
27156.4
 20
42435.58999999998
 11
27158.25
 21
42442.01999999998
 72
     1
 10
27158.25
 20
42442.01999999998
 11
27148.87
 21
42444.70999999998
 72
     1
 10
27148.87
 20
42444.70999999998
 11
27147.02
 21
42438.27999999998
 97
        0
 75
     1
 76
     1
 98
        1
 10
27125.70560673071
 20
42407.39697515878
450
        0
451
        0
460
0.0
461
0.0
452
        0
462
1.0
453
        2
463
0.0
 63
     5
421
      255
463
1.0
 63
     2
421
 16776960
470
LINEAR
1001
GradientColor1ACI
1070
     5
1001
GradientColor2ACI
1070
     2
1001
ACAD
1010
0.0
1020
0.0
1030
0.0
  0
HATCH
  5
769
330
1F
100
AcDbEntity
  8
0.1 ОКН
 62
     1
440
 33554585
100
AcDbHatch
 10
0.0
 20
0.0
 30
15.577
210
0.0
220
0.0
230
1.0
  2
SOLID
 70
     1
 71
     0
 91
        1
 92
        1
 93
        4
 72
     1
 10
27143.11
 20
42413.46
 11
27156.09
 21
42410.47
 72
     1
 10
27156.09
 20
42410.47
 11
27158.43
 21
42420.23999999998
 72
     1
 10
27158.43
 20
42420.23999999998
 11
27145.36
 21
42423.25
 72
     1
 10
27145.36
 20
42423.25
 11
27143.11
 21
42413.46
 97
        0
 75
     1
 76
     1
 98
        1
 10
27123.20152384463
 20
42385.15895795346
450
        0
451
        0
460
0.0
461
0.0
452
        0
462
1.0
453
        2
463
0.0
 63
     5
421
      255
463
1.0
 63
     2
421
 16776960
470
LINEAR
1001
GradientColor1ACI
1070
     5
1001
GradientColor2ACI
1070
     2
1001
ACAD
1010
0.0
1020
0.0
1030
0.0
  0
HATCH
  5
76A
330
1F
100
AcDbEntity
  8
0.1 ОКН
 62
     1
440
 33554585
100
AcDbHatch
 10
0.0
 20
0.0
 30
0.0
210
0.0
220
0.0
230
1.0
  2
SOLID
 70
     1
 71
     0
 91
        1
 92
        1
 93
       29
 72
     1
 10
26150.85667141846
 20
42231.16215367449
 11
26132.5114827757
 21
42236.59985906587
 72
     1
 10
26132.5114827757
 20
42236.59985906587
 11
26132.44228427497
 21
42236.3665010116
 72
     1
 10
26132.44228427497
 20
42236.3665010116
 11
26125.70051650731
 21
42238.36566158587
 72
     1
 10
26125.70051650731
 20
42238.36566158587
 11
26123.72466072497
 21
42231.80888286445
 72
     1
 10
26123.72466072497
 20
42231.80888286445
 11
26130.30659610136
 21
42229.76324731894
 72
     1
 10
26130.30659610136
 20
42229.76324731894
 11
26128.1329353258
 21
42222.43301264795
 72
     1
 10
26128.1329353258
 20
42222.43301264795
 11
26128.95484035532
 21
42222.18929020193
 72
     1
 10
26128.95484035532
 20
42222.18929020193
 11
26121.1042855802
 21
42195.71486997671
 72
     1
 10
26121.1042855802
 20
42195.71486997671
 11
26138.79020042607
 21
42190.47040222012
 72
     1
 10
26138.79020042607
 20
42190.47040222012
 11
26141.52957454021
 21
42199.70839157619
 72
     1
 10
26141.52957454021
 20
42199.70839157619
 11
26141.86616767774
 21
42199.60858040599
 72
     1
 10
26141.86616767774
 20
42199.60858040599
 11
26142.06065866748
 21
42200.26446223092
 72
     1
 10
26142.06065866748
 20
42200.26446223092
 11
26141.72406552996
 21
42200.36427340112
 72
     1
 10
26141.72406552996
 20
42200.36427340112
 11
26142.78134180094
 21
42203.9297254098
 72
     1
 10
26142.78134180094
 20
42203.9297254098
 11
26143.04688386458
 21
42203.85098326936
 72
     1
 10
26143.04688386458
 20
42203.85098326936
 11
26143.31242592821
 21
42204.48579606453
 72
     1
 10
26143.31242592821
 20
42204.48579606453
 11
26142.97583279069
 21
42204.58560723473
 72
     1
 10
26142.97583279069
 20
42204.58560723473
 11
26144.03592540613
 21
42208.16055679978
 72
     1
 10
26144.03592540613
 20
42208.16055679978
 11
26144.37251854365
 21
42208.06074562958
 72
     1
 10
26144.37251854365
 20
42208.06074562958
 11
26144.56700953339
 21
42208.71662745451
 72
     1
 10
26144.56700953339
 20
42208.71662745451
 11
26144.23041639587
 21
42208.81643862471
 72
     1
 10
26144.23041639587
 20
42208.81643862471
 11
26145.28251931854
 21
42212.36444455459
 72
     1
 10
26145.28251931854
 20
42212.36444455459
 11
26145.6606727571
 21
42212.40478715769
 72
     1
 10
26145.6606727571
 20
42212.40478715769
 11
26145.81360344581
 21
42212.92051520932
 72
     1
 10
26145.81360344581
 20
42212.92051520932
 11
26146.49696988253
 21
42216.45993531857
 72
     1
 10
26146.49696988253
 20
42216.45993531857
 11
26146.89673623027
 21
42216.34139116979
 72
     1
 10
26146.89673623027
 20
42216.34139116979
 11
26148.69294963358
 21
42222.39876033866
 72
     1
 10
26148.69294963358
 20
42222.39876033866
 11
26148.29318328583
 21
42222.51730448745
 72
     1
 10
26148.29318328583
 20
42222.51730448745
 11
26150.85667141846
 21
42231.16215367449
 97
        0
 75
     1
 76
     1
 98
        1
 10
26135.20530001619
 20
42205.87416795905
450
        0
451
        0
460
0.0
461
0.0
452
        0
462
1.0
453
        2
463
0.0
 63
     5
421
      255
463
1.0
 63
     2
421
 16776960
470
LINEAR
1001
GradientColor1ACI
1070
     5
1001
GradientColor2ACI
1070
     2
1001
ACAD
1010
0.0
1020
0.0
1030
0.0
  0
HATCH
  5
76B
330
1F
100
AcDbEntity
  8
0.1 ОКН
 62
     1
440
 33554585
100
AcDbHatch
 10
0.0
 20
0.0
 30
0.0
210
0.0
220
0.0
230
1.0
  2
SOLID
 70
     1
 71
     0
 91
        1
 92
        1
 93
       61
 72
     1
 10
30451.11390208492
 20
41950.82200594569
 11
30448.87095307097
 21
41950.50984825153
 72
     1
 10
30448.87095307097
 20
41950.50984825153
 11
30448.81642295115
 21
41951.00043342232
 72
     1
 10
30448.81642295115
 20
41951.00043342232
 11
30447.46686917064
 21
41950.82037781116
 72
     1
 10
30447.46686917064
 20
41950.82037781116
 11
30447.54759587526
 21
41950.32274334228
 72
     1
 10
30447.54759587526
 20
41950.32274334228
 11
30443.1116283998
 21
41949.80831310276
 72
     1
 10
30443.1116283998
 20
41949.80831310276
 11
30443.01526635983
 21
41950.41891740213
 72
     1
 10
30443.01526635983
 20
41950.41891740213
 11
30441.44522861221
 21
41950.2258148635
 72
     1
 10
30441.44522861221
 20
41950.2258148635
 11
30441.69106897831
 21
41948.63584531208
 72
     1
 10
30441.69106897831
 20
41948.63584531208
 11
30435.98760603715
 21
41947.91604468057
 72
     1
 10
30435.98760603715
 20
41947.91604468057
 11
30436.98191988146
 21
41935.44075778906
 72
     1
 10
30436.98191988146
 20
41935.44075778906
 11
30441.20519278951
 21
41935.87154723582
 72
     1
 10
30441.20519278951
 20
41935.87154723582
 11
30445.16989775199
 21
41933.37296665918
 72
     1
 10
30445.16989775199
 20
41933.37296665918
 11
30446.39851379011
 21
41921.0940535498
 72
     1
 10
30446.39851379011
 20
41921.0940535498
 11
30445.36622285458
 21
41920.98543052834
 72
     1
 10
30445.36622285458
 20
41920.98543052834
 11
30445.85520253211
 21
41916.69482731835
 72
     1
 10
30445.85520253211
 20
41916.69482731835
 11
30446.96263782799
 21
41916.69482731835
 72
     1
 10
30446.96263782799
 20
41916.69482731835
 11
30448.59317530692
 21
41899.67510110985
 72
     1
 10
30448.59317530692
 20
41899.67510110985
 11
30447.71434770858
 21
41899.60482015472
 72
     1
 10
30447.71434770858
 20
41899.60482015472
 11
30448.10894541803
 21
41894.68354078403
 72
     1
 10
30448.10894541803
 20
41894.68354078403
 11
30449.13940403242
 21
41894.74660728418
 72
     1
 10
30449.13940403242
 20
41894.74660728418
 11
30450.78029384411
 21
41877.4173547326
 72
     1
 10
30450.78029384411
 20
41877.4173547326
 11
30449.88105458225
 21
41877.31282938766
 72
     1
 10
30449.88105458225
 20
41877.31282938766
 11
30450.27445044665
 21
41872.86683585631
 72
     1
 10
30450.27445044665
 20
41872.86683585631
 11
30451.2287714949
 21
41872.95769000433
 72
     1
 10
30451.2287714949
 20
41872.95769000433
 11
30451.86755592962
 21
41865.87976062959
 72
     1
 10
30451.86755592962
 20
41865.87976062959
 11
30453.53056544945
 21
41866.02431755128
 72
     1
 10
30453.53056544945
 20
41866.02431755128
 11
30453.99723974731
 21
41860.81229750343
 72
     1
 10
30453.99723974731
 20
41860.81229750343
 11
30461.86209360122
 21
41855.56439429525
 72
     1
 10
30461.86209360122
 20
41855.56439429525
 11
30465.20601122218
 21
41860.42023270045
 72
     1
 10
30465.20601122218
 20
41860.42023270045
 11
30464.21522713465
 21
41870.33883168576
 72
     1
 10
30464.21522713465
 20
41870.33883168576
 11
30465.2200018895
 21
41870.4699586811
 72
     1
 10
30465.2200018895
 20
41870.4699586811
 11
30465.15590049728
 21
41871.87170194548
 72
     1
 10
30465.15590049728
 20
41871.87170194548
 11
30464.60180597629
 21
41871.85882082347
 72
     1
 10
30464.60180597629
 20
41871.85882082347
 11
30464.12393086206
 21
41878.49466759067
 72
     1
 10
30464.12393086206
 20
41878.49466759067
 11
30464.47585047708
 21
41878.52898552615
 72
     1
 10
30464.47585047708
 20
41878.52898552615
 11
30464.37661385891
 21
41879.83844882652
 72
     1
 10
30464.37661385891
 20
41879.83844882652
 11
30463.16443566625
 21
41879.74703560009
 72
     1
 10
30463.16443566625
 20
41879.74703560009
 11
30462.02916539381
 21
41892.22420622797
 72
     1
 10
30462.02916539381
 20
41892.22420622797
 11
30463.39098876327
 21
41892.33827267645
 72
     1
 10
30463.39098876327
 20
41892.33827267645
 11
30463.29638552233
 21
41894.04051691345
 72
     1
 10
30463.29638552233
 20
41894.04051691345
 11
30462.55
 21
41893.98
 72
     1
 10
30462.55
 20
41893.98
 11
30461.94908084404
 21
41900.4689534005
 72
     1
 10
30461.94908084404
 20
41900.4689534005
 11
30462.37704473319
 21
41900.51634978171
 72
     1
 10
30462.37704473319
 20
41900.51634978171
 11
30462.28
 21
41901.71
 72
     1
 10
30462.28
 20
41901.71
 11
30460.98
 21
41901.64
 72
     1
 10
30460.98
 20
41901.64
 11
30459.96923283815
 21
41914.07368358543
 72
     1
 10
30459.96923283815
 20
41914.07368358543
 11
30461.04524638143
 21
41914.16184947018
 72
     1
 10
30461.04524638143
 20
41914.16184947018
 11
30460.43398388119
 21
41923.54343857378
 72
     1
 10
30460.43398388119
 20
41923.54343857378
 11
30459.01090917604
 21
41923.41685362387
 72
     1
 10
30459.01090917604
 20
41923.41685362387
 11
30457.77033985679
 21
41935.60444612858
 72
     1
 10
30457.77033985679
 20
41935.60444612858
 11
30459.00173241463
 21
41935.74275387038
 72
     1
 10
30459.00173241463
 20
41935.74275387038
 11
30458.88447295464
 21
41937.100937234
 72
     1
 10
30458.88447295464
 20
41937.100937234
 11
30458.10022586374
 21
41937.04592213258
 72
     1
 10
30458.10022586374
 20
41937.04592213258
 11
30457.66596272084
 21
41941.72921264685
 72
     1
 10
30457.66596272084
 20
41941.72921264685
 11
30458.28165293749
 21
41941.79759876138
 72
     1
 10
30458.28165293749
 20
41941.79759876138
 11
30458.14483356293
 21
41943.24736720388
 72
     1
 10
30458.14483356293
 20
41943.24736720388
 11
30457.50177825891
 21
41943.22001365081
 72
     1
 10
30457.50177825891
 20
41943.22001365081
 11
30457.31023022519
 21
41945.5177600932
 72
     1
 10
30457.31023022519
 20
41945.5177600932
 11
30453.68267993154
 21
41945.21285702732
 72
     1
 10
30453.68267993154
 20
41945.21285702732
 11
30451.5328231377
 21
41947.14446848434
 72
     1
 10
30451.5328231377
 20
41947.14446848434
 11
30451.11390208492
 21
41950.82200594569
 97
        0
 75
     1
 76
     1
 98
        1
 10
30453.36405799979
 20
41944.166146646
450
        0
451
        0
460
0.0
461
0.0
452
        0
462
1.0
453
        2
463
0.0
 63
     5
421
      255
463
1.0
 63
     2
421
 16776960
470
LINEAR
1001
GradientColor1ACI
1070
     5
1001
GradientColor2ACI
1070
     2
1001
ACAD
1010
0.0
1020
0.0
1030
0.0
  0
HATCH
  5
76C
330
1F
100
AcDbEntity
  8
0.1 ОКН
 62
     1
440
 33554585
100
AcDbHatch
 10
0.0
 20
0.0
 30
0.0
210
0.0
220
0.0
230
1.0
  2
SOLID
 70
     1
 71
     0
 91
        1
 92
        1
 93
        9
 72
     1
 10
30415.56789442239
 20
42190.94899832512
 11
30380.95811938563
 21
42188.47398022909
 72
     1
 10
30380.95811938563
 20
42188.47398022909
 11
30382.57228250171
 21
42167.38336412854
 72
     1
 10
30382.57228250171
 20
42167.38336412854
 11
30415.61679126462
 21
42169.61513050742
 72
     1
 10
30415.61679126462
 20
42169.61513050742
 11
30415.12645397121
 21
42176.51805603878
 72
     1
 10
30415.12645397121
 20
42176.51805603878
 11
30397.30076270776
 21
42175.21581647774
 72
     1
 10
30397.30076270776
 20
42175.21581647774
 11
30397.18555941047
 21
42177.00546614623
 72
     2
 10
30395.17100721991
 20
42178.88391753992
 40
2.754450973775167
 50
317.0022654574209
 51
410.5642591523128
 73
     1
 72
     1
 10
30396.92066868151
 20
42181.01128326699
 11
30416.16874962038
 21
42182.24341886549
 72
     1
 10
30416.16874962038
 20
42182.24341886549
 11
30415.56789442239
 21
42190.94899832512
 97
        0
 75
     1
 76
     1
 98
        1
 10
30391.91969381044
 20
42179.33206560725
450
        0
451
        0
460
0.0
461
0.0
452
        0
462
1.0
453
        2
463
0.0
 63
     5
421
      255
463
1.0
 63
     2
421
 16776960
470
LINEAR
1001
GradientColor1ACI
1070
     5
1001
GradientColor2ACI
1070
     2
1001
ACAD
1010
0.0
1020
0.0
1030
0.0
  0
HATCH
  5
76D
330
1F
100
AcDbEntity
  8
0.1 ОКН
 62
     1
440
 33554585
100
AcDbHatch
 10
0.0
 20
0.0
 30
0.0
210
0.0
220
0.0
230
1.0
  2
SOLID
 70
     1
 71
     0
 91
        1
 92
        1
 93
        8
 72
     1
 10
26284.77470456975
 20
42830.08371427476
 11
26287.2359922292
 21
42815.8048809233
 72
     1
 10
26287.2359922292
 20
42815.8048809233
 11
26309.597850097
 21
42820.02387937259
 72
     1
 10
26309.597850097
 20
42820.02387937259
 11
26310.50530089694
 21
42827.72975438795
 72
     1
 10
26310.50530089694
 20
42827.72975438795
 11
26309.1070279994
 21
42835.2991496422
 72
     1
 10
26309.1070279994
 20
42835.2991496422
 11
26300.74141226326
 21
42834.72885545748
 72
     1
 10
26300.74141226326
 20
42834.72885545748
 11
26293.18078595898
 21
42833.22435824495
 72
     1
 10
26293.18078595898
 20
42833.22435824495
 11
26293.446734599
 21
42831.71986103242
 72
     1
 10
26293.446734599
 20
42831.71986103242
 11
26284.77470456975
 21
42830.08371427476
 97
        0
 75
     1
 76
     1
 98
        1
 10
26285.61948157467
 20
42802.83411849614
450
        0
451
        0
460
0.0
461
0.0
452
        0
462
1.0
453
        2
463
0.0
 63
     5
421
      255
463
1.0
 63
     2
421
 16776960
470
LINEAR
1001
GradientColor1ACI
1070
     5
1001
GradientColor2ACI
1070
     2
1001
ACAD
1010
0.0
1020
0.0
1030
0.0
  0
HATCH
  5
76E
330
1F
100
AcDbEntity
  8
0.1 ОКН
 62
     1
440
 33554585
100
AcDbHatch
 10
0.0
 20
0.0
 30
0.0
210
0.0
220
0.0
230
1.0
  2
SOLID
 70
     1
 71
     0
 91
        1
 92
        1
 93
       12
 72
     1
 10
26256.56763538247
 20
42777.96732195246
 11
26262.20017277349
 21
42779.07002498955
 72
     1
 10
26262.20017277349
 20
42779.07002498955
 11
26262.28948108332
 21
42778.61384378981
 72
     1
 10
26262.28948108332
 20
42778.61384378981
 11
26275.77878901328
 21
42781.41587451008
 72
     1
 10
26275.77878901328
 20
42781.41587451008
 11
26275.68072354439
 21
42782.05803125331
 72
     1
 10
26275.68072354439
 20
42782.05803125331
 11
26291.9217539836
 21
42785.1570746988
 72
     1
 10
26291.9217539836
 20
42785.1570746988
 11
26291.76742841187
 21
42785.89018282511
 72
     1
 10
26291.76742841187
 20
42785.89018282511
 11
26298.15557177505
 21
42787.12482286387
 72
     1
 10
26298.15557177505
 20
42787.12482286387
 11
26295.9286920375
 21
42798.57260359731
 72
     1
 10
26295.9286920375
 20
42798.57260359731
 11
26276.19131415463
 21
42794.72224267131
 72
     1
 10
26276.19131415463
 20
42794.72224267131
 11
26273.12705338589
 21
42794.36875071376
 72
     1
 10
26273.12705338589
 20
42794.36875071376
 11
26254.28298711828
 21
42790.44965112857
 72
     1
 10
26254.28298711828
 20
42790.44965112857
 11
26256.56763538247
 21
42777.96732195246
 97
        0
 75
     1
 76
     1
 98
        1
 10
26263.63869204936
 20
42761.95883828205
450
        0
451
        0
460
0.0
461
0.0
452
        0
462
1.0
453
        2
463
0.0
 63
     5
421
      255
463
1.0
 63
     2
421
 16776960
470
LINEAR
1001
GradientColor1ACI
1070
     5
1001
GradientColor2ACI
1070
     2
1001
ACAD
1010
0.0
1020
0.0
1030
0.0
  0
HATCH
  5
76F
330
1F
100
AcDbEntity
  8
0.1 ОКН
 62
     1
440
 33554585
100
AcDbHatch
 10
0.0
 20
0.0
 30
0.0
210
0.0
220
0.0
230
1.0
  2
SOLID
 70
     1
 71
     0
 91
        1
 92
        1
 93
       28
 72
     1
 10
30323.54819158105
 20
41906.53549974098
 11
30332.320494244
 21
41900.4844864162
 72
     1
 10
30332.320494244
 20
41900.4844864162
 11
30332.85531844003
 21
41901.27777736535
 72
     1
 10
30332.85531844003
 20
41901.27777736535
 11
30414.14809760735
 21
41846.62911780876
 72
     1
 10
30414.14809760735
 20
41846.62911780876
 11
30413.74676052557
 21
41846.08748509508
 72
     1
 10
30413.74676052557
 20
41846.08748509508
 11
30416.97940777198
 21
41843.89211693234
 72
     1
 10
30416.97940777198
 20
41843.89211693234
 11
30417.86398774402
 21
41845.21894388157
 72
     1
 10
30417.86398774402
 20
41845.21894388157
 11
30437.98414388554
 21
41831.51855729509
 72
     1
 10
30437.98414388554
 20
41831.51855729509
 11
30437.38282286009
 21
41830.78065556144
 72
     1
 10
30437.38282286009
 20
41830.78065556144
 11
30440.80639382404
 21
41828.39579120193
 72
     1
 10
30440.80639382404
 20
41828.39579120193
 11
30441.39810951141
 21
41829.25959751536
 72
     1
 10
30441.39810951141
 20
41829.25959751536
 11
30443.00636603835
 21
41828.10785576413
 72
     1
 10
30443.00636603835
 20
41828.10785576413
 11
30449.11799558586
 21
41837.44181015199
 72
     1
 10
30449.11799558586
 20
41837.44181015199
 11
30450.87991390717
 21
41836.30875068844
 72
     1
 10
30450.87991390717
 20
41836.30875068844
 11
30460.94353696314
 21
41851.04501338002
 72
     1
 10
30460.94353696314
 20
41851.04501338002
 11
30459.46648885702
 21
41852.03986189719
 72
     1
 10
30459.46648885702
 20
41852.03986189719
 11
30461.86264628869
 21
41855.56402550894
 72
     1
 10
30461.86264628869
 20
41855.56402550894
 11
30454.03833664881
 21
41860.78487518062
 72
     1
 10
30454.03833664881
 20
41860.78487518062
 11
30451.76153241263
 21
41857.22944540626
 72
     1
 10
30451.76153241263
 20
41857.22944540626
 11
30449.74395421504
 21
41858.58836165945
 72
     1
 10
30449.74395421504
 20
41858.58836165945
 11
30447.04442477959
 21
41854.55508238026
 72
     1
 10
30447.04442477959
 20
41854.55508238026
 11
30448.62067286048
 21
41853.43487033718
 72
     1
 10
30448.62067286048
 20
41853.43487033718
 11
30443.9563395826
 21
41846.66323948887
 72
     1
 10
30443.9563395826
 20
41846.66323948887
 11
30426.16678707248
 21
41858.74382916471
 72
     1
 10
30426.16678707248
 20
41858.74382916471
 11
30424.93109129846
 21
41856.88557453665
 72
     1
 10
30424.93109129846
 20
41856.88557453665
 11
30340.49285767985
 21
41913.50700380342
 72
     1
 10
30340.49285767985
 20
41913.50700380342
 11
30340.07716640348
 21
41912.88796790038
 72
     1
 10
30340.07716640348
 20
41912.88796790038
 11
30331.3558614847
 21
41918.4736986724
 72
     1
 10
30331.3558614847
 20
41918.4736986724
 11
30323.54819158105
 21
41906.53549974098
 97
        0
 75
     1
 76
     1
 98
        1
 10
30390.62062303227
 20
41832.37846176159
450
        0
451
        0
460
0.0
461
0.0
452
        0
462
1.0
453
        2
463
0.0
 63
     5
421
      255
463
1.0
 63
     2
421
 16776960
470
LINEAR
1001
GradientColor1ACI
1070
     5
1001
GradientColor2ACI
1070
     2
1001
ACAD
1010
0.0
1020
0.0
1030
0.0
  0
HATCH
  5
770
330
1F
100
AcDbEntity
  8
0.1 ОКН
 62
     1
440
 33554585
100
AcDbHatch
 10
0.0
 20
0.0
 30
15.577
210
0.0
220
0.0
230
1.0
  2
SOLID
 70
     1
 71
     0
 91
        1
 92
        1
 93
       13
 72
     1
 10
26378.29218145356
 20
42455.76259142934
 11
26390.61154557186
 21
42452.77595129413
 72
     1
 10
26390.61154557186
 20
42452.77595129413
 11
26399.34154021852
 21
42484.81130371493
 72
     1
 10
26399.34154021852
 20
42484.81130371493
 11
26397.86424876759
 21
42485.30739975207
 72
     1
 10
26397.86424876759
 20
42485.30739975207
 11
26399.4926852017
 21
42491.04383380597
 72
     1
 10
26399.4926852017
 20
42491.04383380597
 11
26396.89192969773
 21
42491.78342566784
 72
     1
 10
26396.89192969773
 20
42491.78342566784
 11
26399.65344856859
 21
42501.37199325566
 72
     1
 10
26399.65344856859
 20
42501.37199325566
 11
26396.57213756174
 21
42501.95827913351
 72
     1
 10
26396.57213756174
 20
42501.95827913351
 11
26395.87540909225
 21
42500.30416312497
 72
     1
 10
26395.87540909225
 20
42500.30416312497
 11
26392.55698008222
 21
42498.85553848098
 72
     1
 10
26392.55698008222
 20
42498.85553848098
 11
26390.84326352269
 21
42499.31766663618
 72
     1
 10
26390.84326352269
 20
42499.31766663618
 11
26390.24481995221
 21
42496.92547541449
 72
     1
 10
26390.24481995221
 20
42496.92547541449
 11
26389.80958931275
 21
42497.11576337293
 72
     1
 10
26389.80958931275
 20
42497.11576337293
 11
26378.29218145356
 21
42455.76259142934
 97
        0
 75
     1
 76
     1
 98
        1
 10
26361.75229158899
 20
42452.86403013578
450
        0
451
        0
460
0.0
461
0.0
452
        0
462
1.0
453
        2
463
0.0
 63
     5
421
      255
463
1.0
 63
     2
421
 16776960
470
LINEAR
1001
GradientColor1ACI
1070
     5
1001
GradientColor2ACI
1070
     2
1001
ACAD
1010
0.0
1020
0.0
1030
0.0
  0
HATCH
  5
771
330
1F
100
AcDbEntity
  8
0.1 ОКН
 62
     1
440
 33554585
100
AcDbHatch
 10
0.0
 20
0.0
 30
15.577
210
0.0
220
0.0
230
1.0
  2
SOLID
 70
     1
 71
     0
 91
        1
 92
        1
 93
        8
 72
     1
 10
26396.89192969773
 20
42491.78342566784
 11
26431.84689889135
 21
42481.84307921544
 72
     1
 10
26431.84689889135
 20
42481.84307921544
 11
26434.96172402711
 21
42492.32980094816
 72
     1
 10
26434.96172402711
 20
42492.32980094816
 11
26410.20036188596
 21
42499.4203422067
 72
     1
 10
26410.20036188596
 20
42499.4203422067
 11
26410.37077214976
 21
42500.11313369603
 72
     1
 10
26410.37077214976
 20
42500.11313369603
 11
26406.6186971531
 21
42501.03444130497
 72
     1
 10
26406.6186971531
 20
42501.03444130497
 11
26406.4090836608
 21
42500.23876684519
 72
     1
 10
26406.4090836608
 20
42500.23876684519
 11
26399.77983664258
 21
42501.91624412438
 72
     1
 10
26399.77983664258
 20
42501.91624412438
 11
26396.89192969773
 21
42491.78342566784
 97
        0
 75
     1
 76
     1
 98
        1
 10
26373.54750682102
 20
42462.64501082557
450
        0
451
        0
460
0.0
461
0.0
452
        0
462
1.0
453
        2
463
0.0
 63
     5
421
      255
463
1.0
 63
     2
421
 16776960
470
LINEAR
1001
GradientColor1ACI
1070
     5
1001
GradientColor2ACI
1070
     2
1001
ACAD
1010
0.0
1020
0.0
1030
0.0
  0
HATCH
  5
772
330
1F
100
AcDbEntity
  8
0.1 ОКН
 62
     1
440
 33554585
100
AcDbHatch
 10
0.0
 20
0.0
 30
0.0
210
0.0
220
0.0
230
1.0
  2
SOLID
 70
     1
 71
     0
 91
        1
 92
        1
 93
        9
 72
     1
 10
26401.555038411
 20
42543.2991588785
 11
26414.39947332606
 21
42539.4841230209
 72
     1
 10
26414.39947332606
 20
42539.4841230209
 11
26415.53831562186
 21
42543.43660728678
 72
     1
 10
26415.53831562186
 20
42543.43660728678
 11
26416.09762214143
 21
42543.29410205598
 72
     1
 10
26416.09762214143
 20
42543.29410205598
 11
26427.20067096341
 21
42585.77228130587
 72
     1
 10
26427.20067096341
 20
42585.77228130587
 11
26430.49566019238
 21
42598.18120488875
 72
     1
 10
26430.49566019238
 20
42598.18120488875
 11
26427.62078935535
 21
42598.99368157164
 72
     1
 10
26427.62078935535
 20
42598.99368157164
 11
26428.55143663614
 21
42602.47491640212
 72
     1
 10
26428.55143663614
 20
42602.47491640212
 11
26417.95912500371
 21
42605.41627418231
 72
     1
 10
26417.95912500371
 20
42605.41627418231
 11
26401.555038411
 21
42543.2991588785
 97
        0
 75
     1
 76
     1
 98
        1
 10
26396.95172078737
 20
42565.48762472299
450
        0
451
        0
460
0.0
461
0.0
452
        0
462
1.0
453
        2
463
0.0
 63
     5
421
      255
463
1.0
 63
     2
421
 16776960
470
LINEAR
1001
GradientColor1ACI
1070
     5
1001
GradientColor2ACI
1070
     2
1001
ACAD
1010
0.0
1020
0.0
1030
0.0
  0
HATCH
  5
773
330
1F
100
AcDbEntity
  8
0.1 ОКН
 62
     1
440
 33554585
100
AcDbHatch
 10
0.0
 20
0.0
 30
15.577
210
0.0
220
0.0
230
1.0
  2
SOLID
 70
     1
 71
     0
 91
        1
 92
        1
 93
        4
 72
     1
 10
26399.26820768522
 20
42701.38988013867
 11
26412.79609912576
 21
42697.68087131672
 72
     1
 10
26412.79609912576
 20
42697.68087131672
 11
26420.07549799382
 21
42725.60928229276
 72
     1
 10
26420.07549799382
 20
42725.60928229276
 11
26405.89091420294
 21
42726.91175666425
 72
     1
 10
26405.89091420294
 20
42726.91175666425
 11
26399.26820768522
 21
42701.38988013867
 97
        0
 75
     1
 76
     1
 98
        1
 10
26397.39067235089
 20
42661.18013523494
450
        0
451
        0
460
0.0
461
0.0
452
        0
462
1.0
453
        2
463
0.0
 63
     5
421
      255
463
1.0
 63
     2
421
 16776960
470
LINEAR
1001
GradientColor1ACI
1070
     5
1001
GradientColor2ACI
1070
     2
1001
ACAD
1010
0.0
1020
0.0
1030
0.0
  0
HATCH
  5
774
330
1F
100
AcDbEntity
  8
0.1 ОКН
 62
     1
440
 33554585
370
    30
100
AcDbHatch
 10
0.0
 20
0.0
 30
15.577
210
0.0
220
0.0
230
1.0
  2
SOLID
 70
     1
 71
     0
 91
        1
 92
        1
 93
       13
 72
     1
 10
26460.27217603307
 20
42765.24968599725
 11
26458.1855642024
 21
42765.7962832658
 72
     1
 10
26458.1855642024
 20
42765.7962832658
 11
26453.24465213258
 21
42746.93457205995
 72
     1
 10
26453.24465213258
 20
42746.93457205995
 11
26455.32840494011
 21
42746.38872372526
 72
     1
 10
26455.32840494011
 20
42746.38872372526
 11
26452.95598282302
 21
42737.33221983498
 72
     1
 10
26452.95598282302
 20
42737.33221983498
 11
26461.3471075962
 21
42735.24923039643
 72
     1
 10
26461.3471075962
 20
42735.24923039643
 11
26471.49147298663
 21
42736.05558086927
 72
     1
 10
26471.49147298663
 20
42736.05558086927
 11
26473.19284260481
 21
42742.55048704234
 72
     1
 10
26473.19284260481
 20
42742.55048704234
 11
26471.00645457135
 21
42743.12322113188
 72
     1
 10
26471.00645457135
 20
42743.12322113188
 11
26474.8348696996
 21
42757.73802256799
 72
     1
 10
26474.8348696996
 20
42757.73802256799
 11
26485.92520291748
 21
42754.83286035478
 72
     1
 10
26485.92520291748
 20
42754.83286035478
 11
26489.20121429734
 21
42767.33889449735
 72
     1
 10
26489.20121429734
 20
42767.33889449735
 11
26462.71826256241
 21
42774.40629907991
 72
     1
 10
26462.71826256241
 20
42774.40629907991
 11
26460.27217603307
 21
42765.24968599725
 97
        0
 75
     1
 76
     1
 98
        1
 10
26453.33650445072
 20
42703.55885951797
450
        0
451
        0
460
0.0
461
0.0
452
        0
462
1.0
453
        2
463
0.0
 63
     5
421
      255
463
1.0
 63
     2
421
 16776960
470
LINEAR
1001
GradientColor1ACI
1070
     5
1001
GradientColor2ACI
1070
     2
1001
ACAD
1010
0.0
1020
0.0
1030
0.0
  0
HATCH
  5
775
330
1F
100
AcDbEntity
  8
0.1 ОКН
 62
     1
440
 33554585
100
AcDbHatch
 10
0.0
 20
0.0
 30
15.577
210
0.0
220
0.0
230
1.0
  2
SOLID
 70
     1
 71
     0
 91
        1
 92
        1
 93
       15
 72
     1
 10
26439.97
 20
42878.66
 11
26434.89
 21
42875.98
 72
     1
 10
26434.89
 20
42875.98
 11
26424.29
 21
42878.78
 72
     1
 10
26424.29
 20
42878.78
 11
26420.13
 21
42863.61
 72
     1
 10
26420.13
 20
42863.61
 11
26436.01
 21
42859.31999999999
 72
     1
 10
26436.01
 20
42859.31999999999
 11
26435.69
 21
42857.71
 72
     1
 10
26435.69
 20
42857.71
 11
26450.70496508657
 21
42853.67923616013
 72
     1
 10
26450.70496508657
 20
42853.67923616013
 11
26454.33100368083
 21
42867.22489322857
 72
     1
 10
26454.33100368083
 20
42867.22489322857
 11
26452.92495754234
 21
42867.60127789102
 72
     1
 10
26452.92495754234
 20
42867.60127789102
 11
26462.53517768716
 21
42903.69709275127
 72
     1
 10
26462.53517768716
 20
42903.69709275127
 11
26463.75025089819
 21
42903.34625266471
 72
     1
 10
26463.75025089819
 20
42903.34625266471
 11
26466.6772252099
 21
42913.79570296665
 72
     1
 10
26466.6772252099
 20
42913.79570296665
 11
26455.12115064962
 21
42917.01075579857
 72
     1
 10
26455.12115064962
 20
42917.01075579857
 11
26453.92723202175
 21
42912.68395173866
 72
     1
 10
26453.92723202175
 20
42912.68395173866
 11
26449.30228059226
 21
42913.88701364016
 72
     1
 10
26449.30228059226
 20
42913.88701364016
 11
26439.97
 21
42878.66
 97
        0
 75
     1
 76
     1
 98
        1
 10
26431.95078995915
 20
42826.64758101278
450
        0
451
        0
460
0.0
461
0.0
452
        0
462
1.0
453
        2
463
0.0
 63
     5
421
      255
463
1.0
 63
     2
421
 16776960
470
LINEAR
1001
GradientColor1ACI
1070
     5
1001
GradientColor2ACI
1070
     2
1001
ACAD
1010
0.0
1020
0.0
1030
0.0
  0
HATCH
  5
776
330
1F
100
AcDbEntity
  8
0.1 ОКН
 62
     1
440
 33554585
100
AcDbHatch
 10
0.0
 20
0.0
 30
15.577
210
0.0
220
0.0
230
1.0
  2
SOLID
 70
     1
 71
     0
 91
        1
 92
        1
 93
        8
 72
     1
 10
26478.58979497466
 20
42869.91813570817
 11
26477.32424990973
 21
42864.75389037384
 72
     1
 10
26477.32424990973
 20
42864.75389037384
 11
26477.86655966941
 21
42864.62099245834
 72
     1
 10
26477.86655966941
 20
42864.62099245834
 11
26474.27069597362
 21
42849.94753449268
 72
     1
 10
26474.27069597362
 20
42849.94753449268
 11
26476.36320325066
 21
42846.47923482859
 72
     1
 10
26476.36320325066
 20
42846.47923482859
 11
26492.82642101808
 21
42842.32401900408
 72
     1
 10
26492.82642101808
 20
42842.32401900408
 11
26498.53
 21
42864.56
 72
     1
 10
26498.53
 20
42864.56
 11
26494.77
 21
42865.52
 72
     1
 10
26494.77
 20
42865.52
 11
26478.58979497466
 21
42869.91813570817
 97
        0
 75
     1
 76
     1
 98
        1
 10
26479.50286342149
 20
42829.66256375638
450
        0
451
        0
460
0.0
461
0.0
452
        0
462
1.0
453
        2
463
0.0
 63
     5
421
      255
463
1.0
 63
     2
421
 16776960
470
LINEAR
1001
GradientColor1ACI
1070
     5
1001
GradientColor2ACI
1070
     2
1001
ACAD
1010
0.0
1020
0.0
1030
0.0
  0
HATCH
  5
777
330
1F
100
AcDbEntity
  8
0.1 ОКН
 62
     1
440
 33554585
100
AcDbHatch
 10
0.0
 20
0.0
 30
15.577
210
0.0
220
0.0
230
1.0
  2
SOLID
 70
     1
 71
     0
 91
        1
 92
        1
 93
        4
 72
     1
 10
26486.14033032071
 20
42898.38334724699
 11
26500.08844944419
 21
42894.63448232975
 72
     1
 10
26500.08844944419
 20
42894.63448232975
 11
26506.89040678772
 21
42921.01817716228
 72
     1
 10
26506.89040678772
 20
42921.01817716228
 11
26492.65505122031
 21
42924.87903302458
 72
     1
 10
26492.65505122031
 20
42924.87903302458
 11
26486.14033032071
 21
42898.38334724699
 97
        0
 75
     1
 76
     1
 98
        1
 10
26487.78679893412
 20
42861.76163567916
450
        0
451
        0
460
0.0
461
0.0
452
        0
462
1.0
453
        2
463
0.0
 63
     5
421
      255
463
1.0
 63
     2
421
 16776960
470
LINEAR
1001
GradientColor1ACI
1070
     5
1001
GradientColor2ACI
1070
     2
1001
ACAD
1010
0.0
1020
0.0
1030
0.0
  0
HATCH
  5
778
330
1F
100
AcDbEntity
  8
0.1 ОКН
 62
     1
440
 33554585
100
AcDbHatch
 10
0.0
 20
0.0
 30
15.577
210
0.0
220
0.0
230
1.0
  2
SOLID
 70
     1
 71
     0
 91
        1
 92
        1
 93
       14
 72
     1
 10
26502.37436800304
 20
42949.70073692371
 11
26499.66311933138
 21
42950.43562451998
 72
     1
 10
26499.66311933138
 20
42950.43562451998
 11
26494.43105291547
 21
42932.14519539727
 72
     1
 10
26494.43105291547
 20
42932.14519539727
 11
26501.87895512277
 21
42930.02040166203
 72
     1
 10
26501.87895512277
 20
42930.02040166203
 11
26506.89266682769
 21
42928.59004338471
 72
     1
 10
26506.89266682769
 20
42928.59004338471
 11
26509.42726639941
 21
42937.40958140713
 72
     1
 10
26509.42726639941
 20
42937.40958140713
 11
26512.0840901562
 21
42936.64596473572
 72
     1
 10
26512.0840901562
 20
42936.64596473572
 11
26514.36943503878
 21
42945.21183429335
 72
     1
 10
26514.36943503878
 20
42945.21183429335
 11
26511.8956490811
 21
42945.91822559726
 72
     1
 10
26511.8956490811
 20
42945.91822559726
 11
26512.19467517216
 21
42947.03892946741
 72
     1
 10
26512.19467517216
 20
42947.03892946741
 11
26510.32449828137
 21
42947.59191979196
 72
     1
 10
26510.32449828137
 20
42947.59191979196
 11
26507.90126493888
 21
42948.20266408132
 72
     1
 10
26507.90126493888
 20
42948.20266408132
 11
26508.47553531226
 21
42950.32134154293
 72
     1
 10
26508.47553531226
 20
42950.32134154293
 11
26502.97301726017
 21
42951.81280645613
 72
     1
 10
26502.97301726017
 20
42951.81280645613
 11
26502.37436800304
 21
42949.70073692371
 97
        0
 75
     1
 76
     1
 98
        1
 10
26499.68943614461
 20
42897.43611189857
450
        0
451
        0
460
0.0
461
0.0
452
        0
462
1.0
453
        2
463
0.0
 63
     5
421
      255
463
1.0
 63
     2
421
 16776960
470
LINEAR
1001
GradientColor1ACI
1070
     5
1001
GradientColor2ACI
1070
     2
1001
ACAD
1010
0.0
1020
0.0
1030
0.0
  0
HATCH
  5
779
330
1F
100
AcDbEntity
  8
0.1 ОКН
 62
     1
440
 33554585
100
AcDbHatch
 10
0.0
 20
0.0
 30
0.0
210
0.0
220
0.0
230
1.0
  2
SOLID
 70
     1
 71
     0
 91
        1
 92
        1
 93
       22
 72
     1
 10
26542.19667046215
 20
43252.38148353753
 11
26556.23654440828
 21
43248.75395372733
 72
     1
 10
26556.23654440828
 20
43248.75395372733
 11
26557.52564470065
 21
43253.56274804724
 72
     1
 10
26557.52564470065
 20
43253.56274804724
 11
26557.13701190637
 21
43253.66511034528
 72
     1
 10
26557.13701190637
 20
43253.66511034528
 11
26560.92721707254
 21
43267.64828396479
 72
     1
 10
26560.92721707254
 20
43267.64828396479
 11
26561.29935204023
 21
43267.53155908201
 72
     1
 10
26561.29935204023
 20
43267.53155908201
 11
26562.46962791009
 21
43271.98016475408
 72
     1
 10
26562.46962791009
 20
43271.98016475408
 11
26552.85791449865
 21
43274.60628428649
 72
     1
 10
26552.85791449865
 20
43274.60628428649
 11
26555.59671247516
 21
43284.62779201735
 72
     1
 10
26555.59671247516
 20
43284.62779201735
 11
26564.99771217087
 21
43282.05857392808
 72
     1
 10
26564.99771217087
 20
43282.05857392808
 11
26565.84205675306
 21
43284.88214152548
 72
     1
 10
26565.84205675306
 20
43284.88214152548
 11
26565.27853808767
 21
43285.04304636824
 72
     1
 10
26565.27853808767
 20
43285.04304636824
 11
26567.54501724808
 21
43293.44978873381
 72
     1
 10
26567.54501724808
 20
43293.44978873381
 11
26567.95596057671
 21
43293.33775733408
 72
     1
 10
26567.95596057671
 20
43293.33775733408
 11
26568.81832659899
 21
43296.74809451425
 72
     1
 10
26568.81832659899
 20
43296.74809451425
 11
26546.39952606931
 21
43302.96575950599
 72
     1
 10
26546.39952606931
 20
43302.96575950599
 11
26545.57169572832
 21
43299.93665395196
 72
     1
 10
26545.57169572832
 20
43299.93665395196
 11
26541.25423205709
 21
43301.11658227052
 72
     1
 10
26541.25423205709
 20
43301.11658227052
 11
26538.05792366314
 21
43289.42100283939
 72
     1
 10
26538.05792366314
 20
43289.42100283939
 11
26549.14170550127
 21
43286.39189383848
 72
     1
 10
26549.14170550127
 20
43286.39189383848
 11
26541.98260905515
 21
43257.82369835651
 72
     1
 10
26541.98260905515
 20
43257.82369835651
 11
26543.4672388593
 21
43257.45165497837
 72
     1
 10
26543.4672388593
 20
43257.45165497837
 11
26542.19667046215
 21
43252.38148353753
 97
        0
 75
     1
 76
     1
 98
        1
 10
26551.26245386842
 20
43280.96346972515
450
        0
451
        0
460
0.0
461
0.0
452
        0
462
1.0
453
        2
463
0.0
 63
     5
421
      255
463
1.0
 63
     2
421
 16776960
470
LINEAR
1001
GradientColor1ACI
1070
     5
1001
GradientColor2ACI
1070
     2
1001
ACAD
1010
0.0
1020
0.0
1030
0.0
  0
HATCH
  5
77A
330
1F
100
AcDbEntity
  8
0.1 ОКН
 62
     1
440
 33554585
100
AcDbHatch
 10
0.0
 20
0.0
 30
0.0
210
0.0
220
0.0
230
1.0
  2
SOLID
 70
     1
 71
     0
 91
        1
 92
        1
 93
       16
 72
     1
 10
26531.30401269501
 20
43370.43144606973
 11
26563.2497185
 21
43362.53730700001
 72
     1
 10
26563.2497185
 20
43362.53730700001
 11
26563.74035799952
 21
43364.52280851826
 72
     1
 10
26563.74035799952
 20
43364.52280851826
 11
26566.9980145
 21
43363.7015505
 72
     1
 10
26566.9980145
 20
43363.7015505
 11
26570.53801911597
 21
43364.19216879143
 72
     1
 10
26570.53801911597
 20
43364.19216879143
 11
26574.4662105
 21
43365.71767949999
 72
     1
 10
26574.4662105
 20
43365.71767949999
 11
26579.605919
 21
43369.2955985
 72
     1
 10
26579.605919
 20
43369.2955985
 11
26582.768658
 21
43373.201866
 72
     1
 10
26582.768658
 20
43373.201866
 11
26583.524592
 21
43376.167474
 72
     1
 10
26583.524592
 20
43376.167474
 11
26585.4592115
 21
43376.1084415
 72
     1
 10
26585.4592115
 20
43376.1084415
 11
26589.3900014871
 21
43390.72443741882
 72
     1
 10
26589.3900014871
 20
43390.72443741882
 11
26576.6811125
 21
43393.84148794537
 72
     1
 10
26576.6811125
 20
43393.84148794537
 11
26573.358759
 21
43379.40463899999
 72
     1
 10
26573.358759
 20
43379.40463899999
 11
26569.695652
 21
43380.3417125
 72
     1
 10
26569.695652
 20
43380.3417125
 11
26566.259714
 21
43379.40463899999
 72
     1
 10
26566.259714
 20
43379.40463899999
 11
26535.2794805
 21
43386.844438
 72
     1
 10
26535.2794805
 20
43386.844438
 11
26531.30401269501
 21
43370.43144606973
 97
        0
 75
     1
 76
     1
 98
        1
 10
26556.00551497676
 20
43360.65588909409
450
        0
451
        0
460
0.0
461
0.0
452
        0
462
1.0
453
        2
463
0.0
 63
     5
421
      255
463
1.0
 63
     2
421
 16776960
470
LINEAR
1001
GradientColor1ACI
1070
     5
1001
GradientColor2ACI
1070
     2
1001
ACAD
1010
0.0
1020
0.0
1030
0.0
  0
HATCH
  5
77B
330
1F
100
AcDbEntity
  8
0.1 ОКН
 62
     1
440
 33554585
100
AcDbHatch
 10
0.0
 20
0.0
 30
15.577
210
0.0
220
0.0
230
1.0
  2
SOLID
 70
     1
 71
     0
 91
        1
 92
        1
 93
       12
 72
     1
 10
26927.21970512479
 20
42095.26057866234
 11
26924.37210780653
 21
42083.70925114829
 72
     1
 10
26924.37210780653
 20
42083.70925114829
 11
26926.57785612755
 21
42080.9378176812
 72
     1
 10
26926.57785612755
 20
42080.9378176812
 11
26921.39769616263
 21
42078.73404762927
 72
     1
 10
26921.39769616263
 20
42078.73404762927
 11
26921.41497920529
 21
42080.62273707447
 72
     1
 10
26921.41497920529
 20
42080.62273707447
 11
26908.09212972343
 21
42083.39297441145
 72
     1
 10
26908.09212972343
 20
42083.39297441145
 11
26905.47634121499
 21
42070.0284133267
 72
     1
 10
26905.47634121499
 20
42070.0284133267
 11
26930.61366262953
 21
42064.45703862486
 72
     1
 10
26930.61366262953
 20
42064.45703862486
 11
26935.98091153137
 21
42067.6299730992
 72
     1
 10
26935.98091153137
 20
42067.6299730992
 11
26937.14989333012
 21
42073.46110739013
 72
     1
 10
26937.14989333012
 20
42073.46110739013
 11
26938.30980153146
 21
42073.53447003693
 72
     1
 10
26938.30980153146
 20
42073.53447003693
 11
26942.36819677459
 21
42091.52621963346
 72
     1
 10
26942.36819677459
 20
42091.52621963346
 11
26927.21970512479
 21
42095.26057866234
 97
        0
 75
     1
 76
     1
 98
        1
 10
26907.86903044806
 20
42045.97804570854
450
        0
451
        0
460
0.0
461
0.0
452
        0
462
1.0
453
        2
463
0.0
 63
     5
421
      255
463
1.0
 63
     2
421
 16776960
470
LINEAR
1001
GradientColor1ACI
1070
     5
1001
GradientColor2ACI
1070
     2
1001
ACAD
1010
0.0
1020
0.0
1030
0.0
  0
HATCH
  5
77C
330
1F
100
AcDbEntity
  8
0.1 ОКН
 62
     1
440
 33554585
100
AcDbHatch
 10
0.0
 20
0.0
 30
0.0
210
0.0
220
0.0
230
1.0
  2
SOLID
 70
     1
 71
     0
 91
        1
 92
        1
 93
        4
 72
     1
 10
26912.51896506589
 20
42155.15589687099
 11
26916.35126374039
 21
42172.52290866204
 72
     1
 10
26916.35126374039
 20
42172.52290866204
 11
26960.56373886208
 21
42162.766744974
 72
     1
 10
26960.56373886208
 20
42162.766744974
 11
26956.72209169477
 21
42145.35736816954
 72
     1
 10
26956.72209169477
 20
42145.35736816954
 11
26912.51896506589
 21
42155.15589687099
 97
        0
 75
     1
 76
     1
 98
        1
 10
21.384136795823
 20
41.3236772375676
450
        0
451
        0
460
0.0
461
0.0
452
        0
462
1.0
453
        2
463
0.0
 63
     5
421
      255
463
1.0
 63
     2
421
 16776960
470
LINEAR
1001
GradientColor1ACI
1070
     5
1001
GradientColor2ACI
1070
     2
1001
ACAD
1010
0.0
1020
0.0
1030
0.0
  0
HATCH
  5
77D
330
1F
100
AcDbEntity
  8
0.1 ОКН
 62
     1
440
 33554585
100
AcDbHatch
 10
0.0
 20
0.0
 30
0.0
210
0.0
220
0.0
230
1.0
  2
SOLID
 70
     1
 71
     0
 91
        1
 92
        1
 93
       12
 72
     1
 10
26917.00773899621
 20
42178.62274663001
 11
26920.92678416864
 21
42196.80809508079
 72
     1
 10
26920.92678416864
 20
42196.80809508079
 11
26952.76922710706
 21
42189.84127782857
 72
     1
 10
26952.76922710706
 20
42189.84127782857
 11
26952.32811545428
 21
42187.95854405204
 72
     1
 10
26952.32811545428
 20
42187.95854405204
 11
26959.77067972324
 21
42186.21480212393
 72
     1
 10
26959.77067972324
 20
42186.21480212393
 11
26967.79139836773
 21
42184.3356025781
 72
     1
 10
26967.79139836773
 20
42184.3356025781
 11
26967.02776558784
 21
42181.07629800408
 72
     1
 10
26967.02776558784
 20
42181.07629800408
 11
26970.34977555802
 21
42180.29797377855
 72
     1
 10
26970.34977555802
 20
42180.29797377855
 11
26967.62880908289
 21
42170.86105029983
 72
     1
 10
26967.62880908289
 20
42170.86105029983
 11
26964.90391728448
 21
42171.49947381984
 72
     1
 10
26964.90391728448
 20
42171.49947381984
 11
26963.98915295984
 21
42167.59511608934
 72
     1
 10
26963.98915295984
 20
42167.59511608934
 11
26955.85922715182
 21
42169.52010855815
 72
     1
 10
26955.85922715182
 20
42169.52010855815
 11
26917.00773899621
 21
42178.62274663001
 97
        0
 75
     1
 76
     1
 98
        1
 10
28.25996695307549
 20
62.83917911146272
450
        0
451
        0
460
0.0
461
0.0
452
        0
462
1.0
453
        2
463
0.0
 63
     5
421
      255
463
1.0
 63
     2
421
 16776960
470
LINEAR
1001
GradientColor1ACI
1070
     5
1001
GradientColor2ACI
1070
     2
1001
ACAD
1010
0.0
1020
0.0
1030
0.0
  0
HATCH
  5
77E
330
1F
100
AcDbEntity
  8
0.1 ОКН
 62
     1
440
 33554585
100
AcDbHatch
 10
0.0
 20
0.0
 30
0.0
210
0.0
220
0.0
230
1.0
  2
SOLID
 70
     1
 71
     1
 91
        1
 92
        1
 93
        3
 72
     1
 10
26904.45524924938
 20
42128.51565764847
 11
26900.45524924938
 21
42116.51565764848
 72
     1
 10
26900.45524924938
 20
42116.51565764848
 11
26908.45524924939
 21
42116.51565764848
 72
     1
 10
26908.45524924939
 20
42116.51565764848
 11
26904.45524924938
 21
42128.51565764847
 97
        1
330
77F
 75
     1
 76
     1
 98
        1
 10
831.5353595174093
 20
114.1455750255627
450
        0
451
        0
460
0.0
461
0.0
452
        0
462
1.0
453
        2
463
0.0
 63
     5
421
      255
463
1.0
 63
     2
421
 16776960
470
LINEAR
1001
GradientColor1ACI
1070
     5
1001
GradientColor2ACI
1070
     2
1001
ACAD
1010
0.0
1020
0.0
1030
0.0
  0
LWPOLYLINE
  5
77F
102
{ACAD_REACTORS
330
77E
102
}
330
1F
100
AcDbEntity
  8
0.1 ОКН
 62
     1
100
AcDbPolyline
 90
        3
 70
     1
 43
0.0
 10
26904.45524924938
 20
42128.51565764847
 10
26900.45524924938
 20
42116.51565764848
 10
26908.45524924939
 20
42116.51565764848
  0
HATCH
  5
780
330
1F
100
AcDbEntity
  8
0.1 ОКН
 62
     1
440
 33554585
100
AcDbHatch
 10
0.0
 20
0.0
 30
0.0
210
0.0
220
0.0
230
1.0
  2
SOLID
 70
     1
 71
     0
 91
        1
 92
        1
 93
        6
 72
     1
 10
25892.49653287792
 20
42572.7210690045
 11
25894.6943320626
 21
42580.63701633368
 72
     1
 10
25894.6943320626
 20
42580.63701633368
 11
25873.6376037571
 21
42585.86107581908
 72
     1
 10
25873.6376037571
 20
42585.86107581908
 11
25868.09169014771
 21
42565.94012583796
 72
     1
 10
25868.09169014771
 20
42565.94012583796
 11
25908.82650221965
 21
42555.23230431507
 72
     1
 10
25908.82650221965
 20
42555.23230431507
 11
25912.16171706819
 21
42567.27465698712
 72
     1
 10
25912.16171706819
 20
42567.27465698712
 11
25892.49653287792
 21
42572.7210690045
 97
        0
 75
     1
 76
     1
 98
        1
 10
25879.26637436597
 20
42564.12584154844
450
        0
451
        0
460
0.0
461
0.0
452
        0
462
1.0
453
        2
463
0.0
 63
     5
421
      255
463
1.0
 63
     2
421
 16776960
470
LINEAR
1001
GradientColor1ACI
1070
     5
1001
GradientColor2ACI
1070
     2
1001
ACAD
1010
0.0
1020
0.0
1030
0.0
  0
HATCH
  5
781
330
1F
100
AcDbEntity
  8
0.1 ОКН
 62
     1
440
 33554585
100
AcDbHatch
 10
0.0
 20
0.0
 30
0.0
210
0.0
220
0.0
230
1.0
  2
SOLID
 70
     1
 71
     0
 91
        1
 92
        1
 93
        4
 72
     1
 10
25953.74097271879
 20
42834.94291209215
 11
25941.02547615463
 21
42838.52389889866
 72
     1
 10
25941.02547615463
 20
42838.52389889866
 11
25931.6638973702
 21
42804.07102270563
 72
     1
 10
25931.6638973702
 20
42804.07102270563
 11
25944.41145171171
 21
42800.60731225667
 72
     1
 10
25944.41145171171
 20
42800.60731225667
 11
25953.74097271879
 21
42834.94291209215
 97
        0
 75
     1
 76
     1
 98
        1
 10
25935.1434070429
 20
42811.83199960727
450
        0
451
        0
460
0.0
461
0.0
452
        0
462
1.0
453
        2
463
0.0
 63
     5
421
      255
463
1.0
 63
     2
421
 16776960
470
LINEAR
1001
GradientColor1ACI
1070
     5
1001
GradientColor2ACI
1070
     2
1001
ACAD
1010
0.0
1020
0.0
1030
0.0
  0
HATCH
  5
782
330
1F
100
AcDbEntity
  8
0.1 ОКН
 62
     1
440
 33554585
100
AcDbHatch
 10
0.0
 20
0.0
 30
0.0
210
0.0
220
0.0
230
1.0
  2
SOLID
 70
     1
 71
     0
 91
        1
 92
        1
 93
        9
 72
     1
 10
25966.52316241123
 20
42869.12632414714
 11
25973.48103872249
 21
42891.81106735084
 72
     1
 10
25973.48103872249
 20
42891.81106735084
 11
25957.74377029468
 21
42897.93299633336
 72
     1
 10
25957.74377029468
 20
42897.93299633336
 11
25950.65165763056
 21
42873.07538148369
 72
     1
 10
25950.65165763056
 20
42873.07538148369
 11
25941.02547615463
 21
42838.52389889866
 72
     1
 10
25941.02547615463
 20
42838.52389889866
 11
25957.17961164091
 21
42834.00857996417
 72
     1
 10
25957.17961164091
 20
42834.00857996417
 11
25965.44896349768
 21
42863.92848220293
 72
     1
 10
25965.44896349768
 20
42863.92848220293
 11
25969.58027998369
 21
42862.7784644939
 72
     1
 10
25969.58027998369
 20
42862.7784644939
 11
25970.95300305532
 21
42867.70982634347
 72
     1
 10
25970.95300305532
 20
42867.70982634347
 11
25966.52316241123
 21
42869.12632414714
 97
        0
 75
     1
 76
     1
 98
        1
 10
25944.76958851884
 20
42846.3834821923
450
        0
451
        0
460
0.0
461
0.0
452
        0
462
1.0
453
        2
463
0.0
 63
     5
421
      255
463
1.0
 63
     2
421
 16776960
470
LINEAR
1001
GradientColor1ACI
1070
     5
1001
GradientColor2ACI
1070
     2
1001
ACAD
1010
0.0
1020
0.0
1030
0.0
  0
HATCH
  5
783
330
1F
100
AcDbEntity
  8
0.1 ОКН
 62
     1
440
 33554585
100
AcDbHatch
 10
0.0
 20
0.0
 30
0.0
210
0.0
220
0.0
230
1.0
  2
SOLID
 70
     1
 71
     0
 91
        1
 92
        1
 93
        9
 72
     1
 10
25998.22478800236
 20
42821.27710620619
 11
25991.42030057
 21
42823.48380064
 72
     1
 10
25991.42030057
 20
42823.48380064
 11
25978.52364661228
 21
42772.34007764243
 72
     1
 10
25978.52364661228
 20
42772.34007764243
 11
25998.17028015865
 21
42766.92680195371
 72
     1
 10
25998.17028015865
 20
42766.92680195371
 11
26003.54099063644
 21
42791.50799827896
 72
     1
 10
26003.54099063644
 20
42791.50799827896
 11
26010.61272427007
 21
42816.71519006726
 72
     1
 10
26010.61272427007
 20
42816.71519006726
 11
26002.96236033862
 21
42819.01480356177
 72
     1
 10
26002.96236033862
 20
42819.01480356177
 11
25993.52517685636
 21
42786.20797518597
 72
     1
 10
25993.52517685636
 20
42786.20797518597
 11
25990.2477807798
 21
42786.95671257838
 72
     1
 10
25990.2477807798
 20
42786.95671257838
 11
25998.22478800236
 21
42821.27710620619
 97
        0
 75
     1
 76
     1
 98
        1
 10
25983.59791535068
 20
42784.47426777652
450
        0
451
        0
460
0.0
461
0.0
452
        0
462
1.0
453
        2
463
0.0
 63
     5
421
      255
463
1.0
 63
     2
421
 16776960
470
LINEAR
1001
GradientColor1ACI
1070
     5
1001
GradientColor2ACI
1070
     2
1001
ACAD
1010
0.0
1020
0.0
1030
0.0
  0
HATCH
  5
784
330
1F
100
AcDbEntity
  8
0.1 ОКН
 62
     1
440
 33554585
100
AcDbHatch
 10
0.0
 20
0.0
 30
0.0
210
0.0
220
0.0
230
1.0
  2
SOLID
 70
     1
 71
     0
 91
        1
 92
        1
 93
        4
 72
     1
 10
26050.1431627135
 20
42844.96343477913
 11
26029.91695670019
 21
42851.48229145478
 72
     1
 10
26029.91695670019
 20
42851.48229145478
 11
26018.33354597237
 21
42818.93082440955
 72
     1
 10
26018.33354597237
 20
42818.93082440955
 11
26038.49532519022
 21
42812.19391975745
 72
     1
 10
26038.49532519022
 20
42812.19391975745
 11
26050.1431627135
 21
42844.96343477913
 97
        0
 75
     1
 76
     1
 98
        1
 10
26024.07474058604
 20
42820.57863129678
450
        0
451
        0
460
0.0
461
0.0
452
        0
462
1.0
453
        2
463
0.0
 63
     5
421
      255
463
1.0
 63
     2
421
 16776960
470
LINEAR
1001
GradientColor1ACI
1070
     5
1001
GradientColor2ACI
1070
     2
1001
ACAD
1010
0.0
1020
0.0
1030
0.0
  0
HATCH
  5
785
330
1F
100
AcDbEntity
  8
0.1 ОКН
 62
     1
440
 33554585
100
AcDbHatch
 10
0.0
 20
0.0
 30
0.0
210
0.0
220
0.0
230
1.0
  2
SOLID
 70
     1
 71
     0
 91
        1
 92
        1
 93
        8
 72
     1
 10
26020.53687309392
 20
42871.31888318096
 11
25999.2732316428
 21
42879.61477676458
 72
     1
 10
25999.2732316428
 20
42879.61477676458
 11
25994.84975502045
 21
42868.29134892074
 72
     1
 10
25994.84975502045
 20
42868.29134892074
 11
26003.90512450873
 21
42864.75388519593
 72
     1
 10
26003.90512450873
 20
42864.75388519593
 11
26003.23611590018
 21
42863.04132483842
 72
     1
 10
26003.23611590018
 20
42863.04132483842
 11
26006.74146902773
 21
42861.67196497437
 72
     1
 10
26006.74146902773
 20
42861.67196497437
 11
26007.41047763628
 21
42863.38452533188
 72
     1
 10
26007.41047763628
 20
42863.38452533188
 11
26016.11003678119
 21
42859.98605827464
 72
     1
 10
26016.11003678119
 20
42859.98605827464
 11
26020.53687309392
 21
42871.31888318096
 97
        0
 75
     1
 76
     1
 98
        1
 10
25996.04811957427
 20
42849.90561660352
450
        0
451
        0
460
0.0
461
0.0
452
        0
462
1.0
453
        2
463
0.0
 63
     5
421
      255
463
1.0
 63
     2
421
 16776960
470
LINEAR
1001
GradientColor1ACI
1070
     5
1001
GradientColor2ACI
1070
     2
1001
ACAD
1010
0.0
1020
0.0
1030
0.0
  0
HATCH
  5
786
330
1F
100
AcDbEntity
  8
0.1 ОКН
 62
     1
440
 33554585
100
AcDbHatch
 10
0.0
 20
0.0
 30
0.0
210
0.0
220
0.0
230
1.0
  2
SOLID
 70
     1
 71
     0
 91
        1
 92
        1
 93
        7
 72
     1
 10
26038.0142220159
 20
42865.9371723993
 11
26020.98409290926
 21
42872.56975813396
 72
     1
 10
26020.98409290926
 20
42872.56975813396
 11
26017.21056245203
 21
42862.80323672678
 72
     1
 10
26017.21056245203
 20
42862.80323672678
 11
26032.16057052931
 21
42857.80563718538
 72
     1
 10
26032.16057052931
 20
42857.80563718538
 11
26030.0254157064
 21
42851.49099295201
 72
     1
 10
26030.0254157064
 20
42851.49099295201
 11
26033.77859965827
 21
42850.19637966967
 72
     1
 10
26033.77859965827
 20
42850.19637966967
 11
26038.73887808882
 21
42864.870543817
 72
     1
 10
26038.73887808882
 20
42864.870543817
 11
26038.0142220159
 21
42865.9371723993
 97
        0
 75
     1
 76
     1
 98
        1
 10
26018.71030554792
 20
42854.16782490632
450
        0
451
        0
460
0.0
461
0.0
452
        0
462
1.0
453
        2
463
0.0
 63
     5
421
      255
463
1.0
 63
     2
421
 16776960
470
LINEAR
1001
GradientColor1ACI
1070
     5
1001
GradientColor2ACI
1070
     2
1001
ACAD
1010
0.0
1020
0.0
1030
0.0
  0
HATCH
  5
787
330
1F
100
AcDbEntity
  8
0.1 ОКН
 62
     1
440
 33554585
100
AcDbHatch
 10
0.0
 20
0.0
 30
0.0
210
0.0
220
0.0
230
1.0
  2
SOLID
 70
     1
 71
     0
 91
        1
 92
        1
 93
        5
 72
     1
 10
26019.82026895351
 20
42841.32195376602
 11
26000.00000119256
 21
42848.23581328642
 72
     1
 10
26000.00000119256
 20
42848.23581328642
 11
25970.68531279638
 21
42858.04996379496
 72
     1
 10
25970.68531279638
 20
42858.04996379496
 11
25965.28063316161
 21
42841.58632300227
 72
     1
 10
25965.28063316161
 20
42841.58632300227
 11
26014.33783438541
 21
42825.11307521326
 72
     1
 10
26014.33783438541
 20
42825.11307521326
 11
26019.82026895351
 21
42841.32195376602
 97
        0
 75
     1
 76
     1
 98
        1
 10
25978.80300492447
 20
42832.89559912041
450
        0
451
        0
460
0.0
461
0.0
452
        0
462
1.0
453
        2
463
0.0
 63
     5
421
      255
463
1.0
 63
     2
421
 16776960
470
LINEAR
1001
GradientColor1ACI
1070
     5
1001
GradientColor2ACI
1070
     2
1001
ACAD
1010
0.0
1020
0.0
1030
0.0
  0
HATCH
  5
788
330
1F
100
AcDbEntity
  8
0.1 ОКН
 62
     1
440
 33554585
100
AcDbHatch
 10
0.0
 20
0.0
 30
0.0
210
0.0
220
0.0
230
1.0
  2
SOLID
 70
     1
 71
     1
 91
        1
 92
        1
 93
        3
 72
     1
 10
26798.19601266589
 20
43430.73048850882
 11
26794.19601266589
 21
43418.73048850882
 72
     1
 10
26794.19601266589
 20
43418.73048850882
 11
26802.19601266589
 21
43418.73048850882
 72
     1
 10
26802.19601266589
 20
43418.73048850882
 11
26798.19601266589
 21
43430.73048850882
 97
        1
330
789
 75
     1
 76
     1
 98
        1
 10
725.2761229339121
 20
1416.360405885913
450
        0
451
        0
460
0.0
461
0.0
452
        0
462
1.0
453
        2
463
0.0
 63
     5
421
      255
463
1.0
 63
     2
421
 16776960
470
LINEAR
1001
GradientColor1ACI
1070
     5
1001
GradientColor2ACI
1070
     2
1001
ACAD
1010
0.0
1020
0.0
1030
0.0
  0
LWPOLYLINE
  5
789
102
{ACAD_REACTORS
330
788
102
}
330
1F
100
AcDbEntity
  8
0.1 ОКН
 62
     1
100
AcDbPolyline
 90
        3
 70
     1
 43
0.0
 10
26798.19601266589
 20
43430.73048850882
 10
26794.19601266589
 20
43418.73048850882
 10
26802.19601266589
 20
43418.73048850882
  0
LWPOLYLINE
  5
78A
330
1F
100
AcDbEntity
  8
0.1 ОКН
 62
     7
100
AcDbPolyline
 90
        3
 70
     1
 43
0.0
 10
26798.19601266589
 20
43430.73048850882
 10
26794.19601266589
 20
43418.73048850882
 10
26802.19601266589
 20
43418.73048850882
  0
HATCH
  5
78B
330
1F
100
AcDbEntity
  8
0.1 ОКН
 62
     1
440
 33554585
100
AcDbHatch
 10
0.0
 20
0.0
 30
0.0
210
0.0
220
0.0
230
1.0
  2
SOLID
 70
     1
 71
     0
 91
        1
 92
        1
 93
        8
 72
     1
 10
25910.97458030029
 20
43098.03171984793
 11
25914.60014740456
 21
43110.65347896421
 72
     1
 10
25914.60014740456
 20
43110.65347896421
 11
25895.48386366844
 21
43115.53260208663
 72
     1
 10
25895.48386366844
 20
43115.53260208663
 11
25893.43948812894
 21
43108.00891166636
 72
     1
 10
25893.43948812894
 20
43108.00891166636
 11
25897.49513778755
 21
43106.85580338518
 72
     1
 10
25897.49513778755
 20
43106.85580338518
 11
25896.45368274501
 21
43103.19285441788
 72
     1
 10
25896.45368274501
 20
43103.19285441788
 11
25900.71562157934
 21
43101.23881109578
 72
     1
 10
25900.71562157934
 20
43101.23881109578
 11
25900.56634299329
 21
43100.64404276121
 72
     1
 10
25900.56634299329
 20
43100.64404276121
 11
25910.97458030029
 21
43098.03171984793
 97
        0
 75
     1
 76
     1
 98
        1
 10
25893.25191755824
 20
43102.55719042263
450
        0
451
        0
460
0.0
461
0.0
452
        0
462
1.0
453
        2
463
0.0
 63
     5
421
      255
463
1.0
 63
     2
421
 16776960
470
LINEAR
1001
GradientColor1ACI
1070
     5
1001
GradientColor2ACI
1070
     2
1001
ACAD
1010
0.0
1020
0.0
1030
0.0
  0
HATCH
  5
78C
330
1F
100
AcDbEntity
  8
0.1 ОКН
 62
     1
440
 33554585
100
AcDbHatch
 10
0.0
 20
0.0
 30
0.0
210
0.0
220
0.0
230
1.0
  2
SOLID
 70
     1
 71
     0
 91
        1
 92
        1
 93
       10
 72
     1
 10
25945.9804313282
 20
43124.16564968687
 11
25956.54573240796
 21
43163.69142562566
 72
     1
 10
25956.54573240796
 20
43163.69142562566
 11
25950.44866444038
 21
43165.48701617521
 72
     1
 10
25950.44866444038
 20
43165.48701617521
 11
25943.19956094842
 21
43138.50110780774
 72
     1
 10
25943.19956094842
 20
43138.50110780774
 11
25926.71109103711
 21
43143.13461218797
 72
     1
 10
25926.71109103711
 20
43143.13461218797
 11
25927.27216960868
 21
43145.15710272168
 72
     1
 10
25927.27216960868
 20
43145.15710272168
 11
25922.95479666489
 21
43146.34696097027
 72
     1
 10
25922.95479666489
 20
43146.34696097027
 11
25922.38986587048
 21
43144.28877526704
 72
     1
 10
25922.38986587048
 20
43144.28877526704
 11
25915.91076345561
 21
43146.06715924303
 72
     1
 10
25915.91076345561
 20
43146.06715924303
 11
25912.4239436686
 21
43133.36379326181
 72
     1
 10
25912.4239436686
 20
43133.36379326181
 11
25945.9804313282
 21
43124.16564968687
 97
        0
 75
     1
 76
     1
 98
        1
 10
25923.10562380058
 20
43128.47450827554
450
        0
451
        0
460
0.0
461
0.0
452
        0
462
1.0
453
        2
463
0.0
 63
     5
421
      255
463
1.0
 63
     2
421
 16776960
470
LINEAR
1001
GradientColor1ACI
1070
     5
1001
GradientColor2ACI
1070
     2
1001
ACAD
1010
0.0
1020
0.0
1030
0.0
  0
HATCH
  5
78D
330
1F
100
AcDbEntity
  8
0.1 ОКН
 62
     1
440
 33554585
100
AcDbHatch
 10
0.0
 20
0.0
 30
0.0
210
0.0
220
0.0
230
1.0
  2
SOLID
 70
     1
 71
     0
 91
        1
 92
        1
 93
        4
 72
     1
 10
25963.93766854008
 20
43152.63864030619
 11
25967.08368054
 21
43163.96937633999
 72
     1
 10
25967.08368054
 20
43163.96937633999
 11
25958.69270860247
 21
43166.18226746769
 72
     1
 10
25958.69270860247
 20
43166.18226746769
 11
25955.74782101095
 21
43154.80442261788
 72
     1
 10
25955.74782101095
 20
43154.80442261788
 11
25963.93766854008
 21
43152.63864030619
 97
        0
 75
     1
 76
     1
 98
        1
 10
25957.1995497196
 20
43152.70559022695
450
        0
451
        0
460
0.0
461
0.0
452
        0
462
1.0
453
        2
463
0.0
 63
     5
421
      255
463
1.0
 63
     2
421
 16776960
470
LINEAR
1001
GradientColor1ACI
1070
     5
1001
GradientColor2ACI
1070
     2
1001
ACAD
1010
0.0
1020
0.0
1030
0.0
  0
HATCH
  5
78E
330
1F
100
AcDbEntity
  8
0.1 ОКН
 62
     1
440
 33554585
100
AcDbHatch
 10
0.0
 20
0.0
 30
0.0
210
0.0
220
0.0
230
1.0
  2
SOLID
 70
     1
 71
     0
 91
        1
 92
        1
 93
       14
 72
     1
 10
26136.69202810972
 20
42997.77407550798
 11
26142.9721500436
 21
43020.10038827319
 72
     1
 10
26142.9721500436
 20
43020.10038827319
 11
26144.1103155848
 21
43019.78023606288
 72
     1
 10
26144.1103155848
 20
43019.78023606288
 11
26145.75049021992
 21
43025.61118206661
 72
     1
 10
26145.75049021992
 20
43025.61118206661
 11
26145.17560564369
 21
43025.77289014956
 72
     1
 10
26145.17560564369
 20
43025.77289014956
 11
26147.66812917773
 21
43034.60289015267
 72
     1
 10
26147.66812917773
 20
43034.60289015267
 11
26148.26190659215
 21
43034.43899808013
 72
     1
 10
26148.26190659215
 20
43034.43899808013
 11
26149.71603152447
 21
43039.89547729595
 72
     1
 10
26149.71603152447
 20
43039.89547729595
 11
26141.22025185768
 21
43042.17352774918
 72
     1
 10
26141.22025185768
 20
43042.17352774918
 11
26138.88566745
 21
43033.39759736999
 72
     1
 10
26138.88566745
 20
43033.39759736999
 11
26140.80803473
 21
43032.89815737
 72
     1
 10
26140.80803473
 20
43032.89815737
 11
26139.09935006
 21
43026.45427130999
 72
     1
 10
26139.09935006
 20
43026.45427130999
 11
26137.20712897
 21
43026.96324968
 72
     1
 10
26137.20712897
 20
43026.96324968
 11
26129.56567107729
 21
42999.6537389278
 72
     1
 10
26129.56567107729
 20
42999.6537389278
 11
26136.69202810972
 21
42997.77407550798
 97
        0
 75
     1
 76
     1
 98
        1
 10
26131.34108660908
 20
43001.03438909907
450
        0
451
        0
460
0.0
461
0.0
452
        0
462
1.0
453
        2
463
0.0
 63
     5
421
      255
463
1.0
 63
     2
421
 16776960
470
LINEAR
1001
GradientColor1ACI
1070
     5
1001
GradientColor2ACI
1070
     2
1001
ACAD
1010
0.0
1020
0.0
1030
0.0
  0
HATCH
  5
78F
330
1F
100
AcDbEntity
  8
0.1 ОКН
 62
     1
440
 33554585
100
AcDbHatch
 10
0.0
 20
0.0
 30
0.0
210
0.0
220
0.0
230
1.0
  2
SOLID
 70
     1
 71
     0
 91
        1
 92
        1
 93
        4
 72
     1
 10
26353.758
 20
42976.779
 11
26374.53689967129
 21
42971.48648408635
 72
     1
 10
26374.53689967129
 20
42971.48648408635
 11
26377.52522379341
 21
42983.72126422125
 72
     1
 10
26377.52522379341
 20
42983.72126422125
 11
26356.859207735
 21
42989.38693835413
 72
     1
 10
26356.859207735
 20
42989.38693835413
 11
26353.758
 21
42976.779
 97
        0
 75
     1
 76
     1
 98
        1
 10
26350.24848247995
 20
42952.85618018499
450
        0
451
        0
460
0.0
461
0.0
452
        0
462
1.0
453
        2
463
0.0
 63
     5
421
      255
463
1.0
 63
     2
421
 16776960
470
LINEAR
1001
GradientColor1ACI
1070
     5
1001
GradientColor2ACI
1070
     2
1001
ACAD
1010
0.0
1020
0.0
1030
0.0
  0
HATCH
  5
790
330
1F
100
AcDbEntity
  8
0.1 ОКН
 62
     1
440
 33554585
100
AcDbHatch
 10
0.0
 20
0.0
 30
0.0
210
0.0
220
0.0
230
1.0
  2
SOLID
 70
     1
 71
     0
 91
        1
 92
        1
 93
       30
 72
     1
 10
26681.38788851028
 20
42927.2967856641
 11
26687.97818301139
 21
42925.56952921364
 72
     1
 10
26687.97818301139
 20
42925.56952921364
 11
26687.72465509274
 21
42924.60220114391
 72
     1
 10
26687.72465509274
 20
42924.60220114391
 11
26687.92579527617
 21
42924.52058131337
 72
     1
 10
26687.92579527617
 20
42924.52058131337
 11
26687.82222844401
 21
42924.12542521232
 72
     1
 10
26687.82222844401
 20
42924.12542521232
 11
26691.90778789143
 21
42923.05463711505
 72
     1
 10
26691.90778789143
 20
42923.05463711505
 11
26692.01135472359
 21
42923.44979321609
 72
     1
 10
26692.01135472359
 20
42923.44979321609
 11
26692.167
 21
42923.40900000001
 72
     1
 10
26692.167
 20
42923.40900000001
 11
26692.42761617923
 21
42924.40337311259
 72
     1
 10
26692.42761617923
 20
42924.40337311259
 11
26699.28170506334
 21
42922.60697854553
 72
     1
 10
26699.28170506334
 20
42922.60697854553
 11
26698.784
 21
42920.708
 72
     1
 10
26698.784
 20
42920.708
 11
26699.64062365155
 21
42920.48348670586
 72
     1
 10
26699.64062365155
 20
42920.48348670586
 11
26699.68330844058
 21
42920.64634922133
 72
     1
 10
26699.68330844058
 20
42920.64634922133
 11
26704.33217647274
 21
42919.42792305015
 72
     1
 10
26704.33217647274
 20
42919.42792305015
 11
26704.28949168372
 21
42919.26506053467
 72
     1
 10
26704.28949168372
 20
42919.26506053467
 11
26705.2646237936
 21
42919.00948724785
 72
     1
 10
26705.2646237936
 20
42919.00948724785
 11
26707.35011680015
 21
42926.96662244305
 72
     1
 10
26707.35011680015
 20
42926.96662244305
 11
26709.451
 21
42926.41599999999
 72
     1
 10
26709.451
 20
42926.41599999999
 11
26710.356
 21
42929.869
 72
     1
 10
26710.356
 20
42929.869
 11
26710.11442722321
 21
42929.93231403504
 72
     1
 10
26710.11442722321
 20
42929.93231403504
 11
26710.936
 21
42933.067
 72
     1
 10
26710.936
 20
42933.067
 11
26682.73414624649
 21
42940.45845023076
 72
     1
 10
26682.73414624649
 20
42940.45845023076
 11
26682.94939584202
 21
42941.27972852178
 72
     1
 10
26682.94939584202
 20
42941.27972852178
 11
26676.19338408794
 21
42943.05041796212
 72
     1
 10
26676.19338408794
 20
42943.05041796212
 11
26675.15656171563
 21
42939.09445370613
 72
     1
 10
26675.15656171563
 20
42939.09445370613
 11
26674.97821979001
 21
42939.14119550823
 72
     1
 10
26674.97821979001
 20
42939.14119550823
 11
26674.037
 21
42935.55
 72
     1
 10
26674.037
 20
42935.55
 11
26676.29825478819
 21
42934.95734561735
 72
     1
 10
26676.29825478819
 20
42934.95734561735
 11
26674.25479812473
 21
42927.16059881178
 72
     1
 10
26674.25479812473
 20
42927.16059881178
 11
26680.896
 21
42925.42
 72
     1
 10
26680.896
 20
42925.42
 11
26681.38788851028
 21
42927.2967856641
 97
        0
 75
     1
 76
     1
 98
        1
 10
26678.0681952964
 20
42901.99988928502
450
        0
451
        0
460
0.0
461
0.0
452
        0
462
1.0
453
        2
463
0.0
 63
     5
421
      255
463
1.0
 63
     2
421
 16776960
470
LINEAR
1001
GradientColor1ACI
1070
     5
1001
GradientColor2ACI
1070
     2
1001
ACAD
1010
0.0
1020
0.0
1030
0.0
  0
HATCH
  5
791
330
1F
100
AcDbEntity
  8
0.1 ОКН
 62
     1
440
 33554585
100
AcDbHatch
 10
0.0
 20
0.0
 30
15.577
210
0.0
220
0.0
230
1.0
  2
SOLID
 70
     1
 71
     0
 91
        1
 92
        1
 93
       14
 72
     1
 10
26727.41633524194
 20
42929.53695352955
 11
26726.936
 21
42927.346
 72
     1
 10
26726.936
 20
42927.346
 11
26727.20795416756
 21
42927.28637793631
 72
     1
 10
26727.20795416756
 20
42927.28637793631
 11
26726.586391603
 21
42924.45124410528
 72
     1
 10
26726.586391603
 20
42924.45124410528
 11
26734.214
 21
42922.779
 72
     1
 10
26734.214
 20
42922.779
 11
26734.75932691386
 21
42925.26640009552
 72
     1
 10
26734.75932691386
 20
42925.26640009552
 11
26736.05148490342
 21
42924.98311292757
 72
     1
 10
26736.05148490342
 20
42924.98311292757
 11
26736.25064544974
 21
42925.88908165137
 72
     1
 10
26736.25064544974
 20
42925.88908165137
 11
26742.5
 21
42924.519
 72
     1
 10
26742.5
 20
42924.519
 11
26745.575
 21
42938.545
 72
     1
 10
26745.575
 20
42938.545
 11
26735.48072834335
 21
42940.7580247643
 72
     1
 10
26735.48072834335
 20
42940.7580247643
 11
26735.16648243147
 21
42939.32465463098
 72
     1
 10
26735.16648243147
 20
42939.32465463098
 11
26724.08457725137
 21
42941.7542039272
 72
     1
 10
26724.08457725137
 20
42941.7542039272
 11
26721.68174860614
 21
42930.79417967422
 72
     1
 10
26721.68174860614
 20
42930.79417967422
 11
26727.41633524194
 21
42929.53695352955
 97
        0
 75
     1
 76
     1
 98
        1
 10
26725.72500414602
 20
42874.33018561253
450
        0
451
        0
460
0.0
461
0.0
452
        0
462
1.0
453
        2
463
0.0
 63
     5
421
      255
463
1.0
 63
     2
421
 16776960
470
LINEAR
1001
GradientColor1ACI
1070
     5
1001
GradientColor2ACI
1070
     2
1001
ACAD
1010
0.0
1020
0.0
1030
0.0
  0
HATCH
  5
792
330
1F
100
AcDbEntity
  8
0.1 ОКН
 62
     1
440
 33554585
100
AcDbHatch
 10
0.0
 20
0.0
 30
15.577
210
0.0
220
0.0
230
1.0
  2
SOLID
 70
     1
 71
     0
 91
        1
 92
        1
 93
        4
 72
     1
 10
26768.03612780146
 20
42902.33416429035
 11
26780.882
 21
42898.93199999999
 72
     1
 10
26780.882
 20
42898.93199999999
 11
26785.25967483373
 21
42918.97771268262
 72
     1
 10
26785.25967483373
 20
42918.97771268262
 11
26772.29165419303
 21
42921.8205497801
 72
     1
 10
26772.29165419303
 20
42921.8205497801
 11
26768.03612780146
 21
42902.33416429035
 97
        0
 75
     1
 76
     1
 98
        1
 10
26767.36241846749
 20
42856.13960490917
450
        0
451
        0
460
0.0
461
0.0
452
        0
462
1.0
453
        2
463
0.0
 63
     5
421
      255
463
1.0
 63
     2
421
 16776960
470
LINEAR
1001
GradientColor1ACI
1070
     5
1001
GradientColor2ACI
1070
     2
1001
ACAD
1010
0.0
1020
0.0
1030
0.0
  0
HATCH
  5
793
330
1F
100
AcDbEntity
  8
0.1 ОКН
 62
     1
440
 33554585
100
AcDbHatch
 10
0.0
 20
0.0
 30
0.0
210
0.0
220
0.0
230
1.0
  2
SOLID
 70
     1
 71
     0
 91
        1
 92
        1
 93
       15
 72
     1
 10
26703.23887608896
 20
42349.21967340624
 11
26708.93295294536
 21
42365.88851123034
 72
     1
 10
26708.93295294536
 20
42365.88851123034
 11
26717.15800454116
 21
42363.07883268954
 72
     1
 10
26717.15800454116
 20
42363.07883268954
 11
26714.76508528565
 21
42356.02917978249
 72
     1
 10
26714.76508528565
 20
42356.02917978249
 11
26716.16421984688
 21
42355.55426050962
 72
     1
 10
26716.16421984688
 20
42355.55426050962
 11
26715.64759707445
 21
42354.03226547318
 72
     1
 10
26715.64759707445
 20
42354.03226547318
 11
26721.44
 21
42352.43
 72
     1
 10
26721.44
 20
42352.43
 11
26721.52287487566
 21
42352.725894009
 72
     1
 10
26721.52287487566
 20
42352.725894009
 11
26737.84603108825
 21
42348.15405578208
 72
     1
 10
26737.84603108825
 20
42348.15405578208
 11
26738.30217410332
 21
42349.7633222662
 72
     1
 10
26738.30217410332
 20
42349.7633222662
 11
26748.29853564747
 21
42346.95467416604
 72
     1
 10
26748.29853564747
 20
42346.95467416604
 11
26746.67788461592
 21
42341.1702840062
 72
     1
 10
26746.67788461592
 20
42341.1702840062
 11
26714.70709516945
 21
42350.08374414793
 72
     1
 10
26714.70709516945
 20
42350.08374414793
 11
26711.53028788273
 21
42351.16894187075
 72
     1
 10
26711.53028788273
 20
42351.16894187075
 11
26710.06757261695
 21
42346.88698991207
 72
     1
 10
26710.06757261695
 20
42346.88698991207
 11
26703.23887608896
 21
42349.21967340624
 97
        0
 75
     1
 76
     1
 98
        1
 10
-161.1073236923512
 20
198.9828158326636
450
        0
451
        0
460
0.0
461
0.0
452
        0
462
1.0
453
        2
463
0.0
 63
     5
421
      255
463
1.0
 63
     2
421
 16776960
470
LINEAR
1001
GradientColor1ACI
1070
     5
1001
GradientColor2ACI
1070
     2
1001
ACAD
1010
0.0
1020
0.0
1030
0.0
  0
HATCH
  5
794
330
1F
100
AcDbEntity
  8
0.1 ОКН
 62
     1
440
 33554585
100
AcDbHatch
 10
0.0
 20
0.0
 30
0.0
210
0.0
220
0.0
230
1.0
  2
SOLID
 70
     1
 71
     0
 91
        1
 92
        1
 93
       12
 72
     1
 10
26720.2353289215
 20
42355.24754701181
 11
26722.56454703144
 21
42363.15931823183
 72
     1
 10
26722.56454703144
 20
42363.15931823183
 11
26724.23157865682
 21
42362.65587529651
 72
     1
 10
26724.23157865682
 20
42362.65587529651
 11
26725.14461008791
 21
42365.67663127654
 72
     1
 10
26725.14461008791
 20
42365.67663127654
 11
26730.01557475487
 21
42364.25438260074
 72
     1
 10
26730.01557475487
 20
42364.25438260074
 11
26728.75
 21
42359.92
 72
     1
 10
26728.75
 20
42359.92
 11
26730.08568440385
 21
42359.49592707689
 72
     1
 10
26730.08568440385
 20
42359.49592707689
 11
26730.66743834106
 21
42361.33580463037
 72
     1
 10
26730.66743834106
 20
42361.33580463037
 11
26738.63877364005
 21
42358.95345141058
 72
     1
 10
26738.63877364005
 20
42358.95345141058
 11
26737.84342150889
 21
42356.30598299546
 72
     1
 10
26737.84342150889
 20
42356.30598299546
 11
26736.4605471017
 21
42356.70818554489
 72
     1
 10
26736.4605471017
 20
42356.70818554489
 11
26734.71189214957
 21
42350.90103779464
 72
     1
 10
26734.71189214957
 20
42350.90103779464
 11
26720.2353289215
 21
42355.24754701181
 97
        0
 75
     1
 76
     1
 98
        1
 10
-184.6991662186265
 20
242.2586607285993
450
        0
451
        0
460
0.0
461
0.0
452
        0
462
1.0
453
        2
463
0.0
 63
     5
421
      255
463
1.0
 63
     2
421
 16776960
470
LINEAR
1001
GradientColor1ACI
1070
     5
1001
GradientColor2ACI
1070
     2
1001
ACAD
1010
0.0
1020
0.0
1030
0.0
  0
HATCH
  5
795
330
1F
100
AcDbEntity
  8
0.1 ОКН
 62
     1
440
 33554585
100
AcDbHatch
 10
0.0
 20
0.0
 30
0.0
210
0.0
220
0.0
230
1.0
  2
SOLID
 70
     1
 71
     0
 91
        1
 92
        1
 93
        6
 72
     1
 10
26786.79521279321
 20
42362.40095620177
 11
26779.6845320114
 21
42361.63332221654
 72
     1
 10
26779.6845320114
 20
42361.63332221654
 11
26779.04123825715
 21
42368.797162873
 72
     1
 10
26779.04123825715
 20
42368.797162873
 11
26816.9703332697
 21
42372.90510268035
 72
     1
 10
26816.9703332697
 20
42372.90510268035
 11
26818.44368771608
 21
42362.11515577192
 72
     1
 10
26818.44368771608
 20
42362.11515577192
 11
26787.24287857797
 21
42358.4204486782
 72
     1
 10
26787.24287857797
 20
42358.4204486782
 11
26786.79521279321
 21
42362.40095620177
 97
        0
 75
     1
 76
     1
 98
        1
 10
-108.3932099105441
 20
244.7327027807769
450
        0
451
        0
460
0.0
461
0.0
452
        0
462
1.0
453
        2
463
0.0
 63
     5
421
      255
463
1.0
 63
     2
421
 16776960
470
LINEAR
1001
GradientColor1ACI
1070
     5
1001
GradientColor2ACI
1070
     2
1001
ACAD
1010
0.0
1020
0.0
1030
0.0
  0
HATCH
  5
796
330
1F
100
AcDbEntity
  8
0.1 ОКН
 62
     1
440
 33554585
100
AcDbHatch
 10
0.0
 20
0.0
 30
0.0
210
0.0
220
0.0
230
1.0
  2
SOLID
 70
     1
 71
     0
 91
        1
 92
        1
 93
        6
 72
     1
 10
26776.49330654424
 20
42344.48491954126
 11
26775.4055158779
 21
42357.13250468275
 72
     1
 10
26775.4055158779
 20
42357.13250468275
 11
26784.44659222909
 21
42357.97516251017
 72
     1
 10
26784.44659222909
 20
42357.97516251017
 11
26785.15651574058
 21
42351.41274945281
 72
     1
 10
26785.15651574058
 20
42351.41274945281
 11
26788.39399979403
 21
42351.69625112686
 72
     1
 10
26788.39399979403
 20
42351.69625112686
 11
26788.85191273999
 21
42345.56775837918
 72
     1
 10
26788.85191273999
 20
42345.56775837918
 11
26776.49330654424
 21
42344.48491954126
 97
        0
 75
     1
 76
     1
 98
        1
 10
-138.2915440782417
 20
227.2476531929715
450
        0
451
        0
460
0.0
461
0.0
452
        0
462
1.0
453
        2
463
0.0
 63
     5
421
      255
463
1.0
 63
     2
421
 16776960
470
LINEAR
1001
GradientColor1ACI
1070
     5
1001
GradientColor2ACI
1070
     2
1001
ACAD
1010
0.0
1020
0.0
1030
0.0
  0
HATCH
  5
797
330
1F
100
AcDbEntity
  8
0.1 ОКН
 62
     1
440
 33554585
100
AcDbHatch
 10
0.0
 20
0.0
 30
0.0
210
0.0
220
0.0
230
1.0
  2
SOLID
 70
     1
 71
     0
 91
        1
 92
        1
 93
        6
 72
     1
 10
26341.47
 20
43151.08999999999
 11
26360.62448973344
 21
43145.48994035238
 72
     1
 10
26360.62448973344
 20
43145.48994035238
 11
26366.6671379071
 21
43166.26556690606
 72
     1
 10
26366.6671379071
 20
43166.26556690606
 11
26358.46628952168
 21
43168.74021869113
 72
     1
 10
26358.46628952168
 20
43168.74021869113
 11
26357.4603268695
 21
43165.40651847546
 72
     1
 10
26357.4603268695
 20
43165.40651847546
 11
26346.76
 21
43168.59
 72
     1
 10
26346.76
 20
43168.59
 11
26341.47
 21
43151.08999999999
 97
        0
 75
     1
 76
     1
 98
        1
 10
26344.62278027856
 20
43129.29242063629
450
        0
451
        0
460
0.0
461
0.0
452
        0
462
1.0
453
        2
463
0.0
 63
     5
421
      255
463
1.0
 63
     2
421
 16776960
470
LINEAR
1001
GradientColor1ACI
1070
     5
1001
GradientColor2ACI
1070
     2
1001
ACAD
1010
0.0
1020
0.0
1030
0.0
  0
HATCH
  5
798
330
1F
100
AcDbEntity
  8
0.1 ОКН
 62
     1
440
 33554585
100
AcDbHatch
 10
0.0
 20
0.0
 30
0.0
210
0.0
220
0.0
230
1.0
  2
SOLID
 70
     1
 71
     0
 91
        1
 92
        1
 93
        7
 72
     1
 10
26369.63
 20
43142.86
 11
26383.27
 21
43138.99
 72
     1
 10
26383.27
 20
43138.99
 11
26388.00301744469
 21
43154.57322207008
 72
     1
 10
26388.00301744469
 20
43154.57322207008
 11
26376.15525444121
 21
43158.13255834947
 72
     1
 10
26376.15525444121
 20
43158.13255834947
 11
26374.3849776276
 21
43157.19745941926
 72
     1
 10
26374.3849776276
 20
43157.19745941926
 11
26373.14298154185
 21
43152.81431428894
 72
     1
 10
26373.14298154185
 20
43152.81431428894
 11
26372.43032839931
 21
43153.01312584568
 72
     1
 10
26372.43032839931
 20
43153.01312584568
 11
26369.63
 21
43142.86
 97
        0
 75
     1
 76
     1
 98
        1
 10
26370.20474787964
 20
43114.64670807348
450
        0
451
        0
460
0.0
461
0.0
452
        0
462
1.0
453
        2
463
0.0
 63
     5
421
      255
463
1.0
 63
     2
421
 16776960
470
LINEAR
1001
GradientColor1ACI
1070
     5
1001
GradientColor2ACI
1070
     2
1001
ACAD
1010
0.0
1020
0.0
1030
0.0
  0
HATCH
  5
799
330
1F
100
AcDbEntity
  8
0.1 ОКН
 62
     1
440
 33554585
100
AcDbHatch
 10
0.0
 20
0.0
 30
0.0
210
0.0
220
0.0
230
1.0
  2
SOLID
 70
     1
 71
     0
 91
        1
 92
        1
 93
        6
 72
     1
 10
26384.16566152183
 20
43140.63706824913
 11
26402.98403199027
 21
43135.870981971
 72
     1
 10
26402.98403199027
 20
43135.870981971
 11
26408.02695408251
 21
43154.49505310763
 72
     1
 10
26408.02695408251
 20
43154.49505310763
 11
26395.62270719082
 21
43157.96777441083
 72
     1
 10
26395.62270719082
 20
43157.96777441083
 11
26391.99590253041
 21
43145.47937958209
 72
     1
 10
26391.99590253041
 20
43145.47937958209
 11
26386.17372360973
 21
43146.88763455444
 72
     1
 10
26386.17372360973
 20
43146.88763455444
 11
26384.16566152183
 21
43140.63706824913
 97
        0
 75
     1
 76
     1
 98
        1
 10
26390.78161101465
 20
43111.85493488016
450
        0
451
        0
460
0.0
461
0.0
452
        0
462
1.0
453
        2
463
0.0
 63
     5
421
      255
463
1.0
 63
     2
421
 16776960
470
LINEAR
1001
GradientColor1ACI
1070
     5
1001
GradientColor2ACI
1070
     2
1001
ACAD
1010
0.0
1020
0.0
1030
0.0
  0
HATCH
  5
79A
330
1F
100
AcDbEntity
  8
0.1 ОКН
 62
     1
440
 33554585
100
AcDbHatch
 10
0.0
 20
0.0
 30
0.0
210
0.0
220
0.0
230
1.0
  2
SOLID
 70
     1
 71
     0
 91
        1
 92
        1
 93
       13
 72
     1
 10
26417.7809283761
 20
43130.982669907
 11
26419.03383631572
 21
43128.92522399627
 72
     1
 10
26419.03383631572
 20
43128.92522399627
 11
26424.26698228521
 21
43127.61008728826
 72
     1
 10
26424.26698228521
 20
43127.61008728826
 11
26426.52259004024
 21
43128.9237233418
 72
     1
 10
26426.52259004024
 20
43128.9237233418
 11
26429.35698168872
 21
43128.21141519609
 72
     1
 10
26429.35698168872
 20
43128.21141519609
 11
26432.92092523107
 21
43142.67167773459
 72
     1
 10
26432.92092523107
 20
43142.67167773459
 11
26423.11629103679
 21
43145.13567060095
 72
     1
 10
26423.11629103679
 20
43145.13567060095
 11
26422.33278255499
 21
43142.01796106655
 72
     1
 10
26422.33278255499
 20
43142.01796106655
 11
26413.6040690315
 21
43144.2115653794
 72
     1
 10
26413.6040690315
 20
43144.2115653794
 11
26411.38641021391
 21
43135.38713501236
 72
     1
 10
26411.38641021391
 20
43135.38713501236
 11
26409.2420038103
 21
43134.0804025576
 72
     1
 10
26409.2420038103
 20
43134.0804025576
 11
26411.1748284375
 21
43130.9085508962
 72
     1
 10
26411.1748284375
 20
43130.9085508962
 11
26413.18986030171
 21
43132.13644665789
 72
     1
 10
26413.18986030171
 20
43132.13644665789
 11
26417.7809283761
 21
43130.982669907
 97
        0
 75
     1
 76
     1
 98
        1
 10
26412.51679139907
 20
43103.88818884472
450
        0
451
        0
460
0.0
461
0.0
452
        0
462
1.0
453
        2
463
0.0
 63
     5
421
      255
463
1.0
 63
     2
421
 16776960
470
LINEAR
1001
GradientColor1ACI
1070
     5
1001
GradientColor2ACI
1070
     2
1001
ACAD
1010
0.0
1020
0.0
1030
0.0
  0
HATCH
  5
79B
330
1F
100
AcDbEntity
  8
0.1 ОКН
 62
     1
440
 33554585
100
AcDbHatch
 10
0.0
 20
0.0
 30
0.0
210
0.0
220
0.0
230
1.0
  2
SOLID
 70
     1
 71
     0
 91
        1
 92
        1
 93
        8
 72
     1
 10
26455.16
 20
43121.41999999999
 11
26474.96
 21
43115.69999999999
 72
     1
 10
26474.96
 20
43115.69999999999
 11
26477.1884789874
 21
43123.56994381136
 72
     1
 10
26477.1884789874
 20
43123.56994381136
 11
26469.76349681314
 21
43125.72113050035
 72
     1
 10
26469.76349681314
 20
43125.72113050035
 11
26472.23598169066
 21
43135.05890179879
 72
     1
 10
26472.23598169066
 20
43135.05890179879
 11
26467.47205379913
 21
43136.37473002564
 72
     1
 10
26467.47205379913
 20
43136.37473002564
 11
26465.60390147373
 21
43130.18616256477
 72
     1
 10
26465.60390147373
 20
43130.18616256477
 11
26458.55502865559
 21
43132.31196876605
 72
     1
 10
26458.55502865559
 20
43132.31196876605
 11
26455.16
 21
43121.41999999999
 97
        0
 75
     1
 76
     1
 98
        1
 10
26451.65048247996
 20
43097.49718018498
450
        0
451
        0
460
0.0
461
0.0
452
        0
462
1.0
453
        2
463
0.0
 63
     5
421
      255
463
1.0
 63
     2
421
 16776960
470
LINEAR
1001
GradientColor1ACI
1070
     5
1001
GradientColor2ACI
1070
     2
1001
ACAD
1010
0.0
1020
0.0
1030
0.0
  0
HATCH
  5
79C
330
1F
100
AcDbEntity
  8
0.1 ОКН
 62
     1
440
 33554585
100
AcDbHatch
 10
0.0
 20
0.0
 30
0.0
210
0.0
220
0.0
230
1.0
  2
SOLID
 70
     1
 71
     0
 91
        1
 92
        1
 93
       10
 72
     1
 10
26475.15
 20
43114.99
 11
26497.63178400001
 21
43108.43003299998
 72
     1
 10
26497.63178400001
 20
43108.43003299998
 11
26501.34398196239
 21
43122.27588409615
 72
     1
 10
26501.34398196239
 20
43122.27588409615
 11
26485.64610673254
 21
43126.40815926542
 72
     1
 10
26485.64610673254
 20
43126.40815926542
 11
26483.78991778842
 21
43128.16783288557
 72
     1
 10
26483.78991778842
 20
43128.16783288557
 11
26484.31159597513
 21
43129.83296114166
 72
     1
 10
26484.31159597513
 20
43129.83296114166
 11
26486.26688397722
 21
43129.21843865293
 72
     1
 10
26486.26688397722
 20
43129.21843865293
 11
26487.91033322573
 21
43135.80865167356
 72
     1
 10
26487.91033322573
 20
43135.80865167356
 11
26485.26814889334
 21
43136.45104527982
 72
     2
 10
26482.88993310522
 20
43135.44864424812
 40
2.580836717649912
 50
22.85507688866898
 51
117.2957119542664
 73
     1
 72
     1
 10
26481.70640513523
 20
43137.74210881236
 11
26475.15
 21
43114.99
 97
        0
 75
     1
 76
     1
 98
        1
 10
26471.64048247996
 20
43091.06718018498
450
        0
451
        0
460
0.0
461
0.0
452
        0
462
1.0
453
        2
463
0.0
 63
     5
421
      255
463
1.0
 63
     2
421
 16776960
470
LINEAR
1001
GradientColor1ACI
1070
     5
1001
GradientColor2ACI
1070
     2
1001
ACAD
1010
0.0
1020
0.0
1030
0.0
  0
HATCH
  5
79D
330
1F
100
AcDbEntity
  8
0.1 ОКН
 62
     1
440
 33554585
100
AcDbHatch
 10
0.0
 20
0.0
 30
0.0
210
0.0
220
0.0
230
1.0
  2
SOLID
 70
     1
 71
     0
 91
        1
 92
        1
 93
        4
 72
     1
 10
26557.23569919493
 20
43090.3050066662
 11
26571.10515043219
 21
43086.33315165491
 72
     1
 10
26571.10515043219
 20
43086.33315165491
 11
26574.55611573277
 21
43099.79248140979
 72
     1
 10
26574.55611573277
 20
43099.79248140979
 11
26560.6524547085
 21
43103.39723690534
 72
     1
 10
26560.6524547085
 20
43103.39723690534
 11
26557.23569919493
 21
43090.3050066662
 97
        0
 75
     1
 76
     1
 98
        1
 10
26553.426770656
 20
43063.18732062575
450
        0
451
        0
460
0.0
461
0.0
452
        0
462
1.0
453
        2
463
0.0
 63
     5
421
      255
463
1.0
 63
     2
421
 16776960
470
LINEAR
1001
GradientColor1ACI
1070
     5
1001
GradientColor2ACI
1070
     2
1001
ACAD
1010
0.0
1020
0.0
1030
0.0
  0
HATCH
  5
79E
330
1F
100
AcDbEntity
  8
0.1 ОКН
 62
     1
440
 33554585
100
AcDbHatch
 10
0.0
 20
0.0
 30
0.0
210
0.0
220
0.0
230
1.0
  2
SOLID
 70
     1
 71
     0
 91
        1
 92
        1
 93
        8
 72
     1
 10
26583.06
 20
43083.11
 11
26601.64
 21
43077.87999999999
 72
     1
 10
26601.64
 20
43077.87999999999
 11
26605.1
 21
43090.10999999999
 72
     1
 10
26605.1
 20
43090.10999999999
 11
26597.28235786813
 21
43092.32933063079
 72
     1
 10
26597.28235786813
 20
43092.32933063079
 11
26597.67849056604
 21
43093.72471698113
 72
     1
 10
26597.67849056604
 20
43093.72471698113
 11
26594.48062280856
 21
43094.61697969797
 72
     1
 10
26594.48062280856
 20
43094.61697969797
 11
26594.03
 21
43093.32
 72
     1
 10
26594.03
 20
43093.32
 11
26586.52
 21
43095.37
 72
     1
 10
26586.52
 20
43095.37
 11
26583.06
 21
43083.11
 97
        0
 75
     1
 76
     1
 98
        1
 10
26581.9547113044
 20
43056.26246605871
450
        0
451
        0
460
0.0
461
0.0
452
        0
462
1.0
453
        2
463
0.0
 63
     5
421
      255
463
1.0
 63
     2
421
 16776960
470
LINEAR
1001
GradientColor1ACI
1070
     5
1001
GradientColor2ACI
1070
     2
1001
ACAD
1010
0.0
1020
0.0
1030
0.0
  0
HATCH
  5
79F
330
1F
100
AcDbEntity
  8
0.1 ОКН
 62
     1
440
 33554585
100
AcDbHatch
 10
0.0
 20
0.0
 30
0.0
210
0.0
220
0.0
230
1.0
  2
SOLID
 70
     1
 71
     0
 91
        1
 92
        1
 93
       14
 72
     1
 10
26616.79343664587
 20
43076.11026871731
 11
26633.15653904048
 21
43071.44256944297
 72
     1
 10
26633.15653904048
 20
43071.44256944297
 11
26636.11910424132
 21
43082.53080738731
 72
     1
 10
26636.11910424132
 20
43082.53080738731
 11
26623.322011
 21
43086.05699100001
 72
     1
 10
26623.322011
 20
43086.05699100001
 11
26624.16937650957
 21
43089.30230562458
 72
     1
 10
26624.16937650957
 20
43089.30230562458
 11
26617.85728667853
 21
43091.19573418651
 72
     1
 10
26617.85728667853
 20
43091.19573418651
 11
26613.35688112844
 21
43076.23790083282
 72
     1
 10
26613.35688112844
 20
43076.23790083282
 11
26613.66864474421
 21
43076.12736444889
 72
     1
 10
26613.66864474421
 20
43076.12736444889
 11
26613.30544634883
 21
43074.974413722
 72
     1
 10
26613.30544634883
 20
43074.974413722
 11
26613.64
 21
43074.83999999999
 72
     1
 10
26613.64
 20
43074.83999999999
 11
26613.05
 21
43073.01999999999
 72
     1
 10
26613.05
 20
43073.01999999999
 11
26617.8
 21
43071.76
 72
     1
 10
26617.8
 20
43071.76
 11
26618.26907198922
 21
43073.52650515088
 72
     1
 10
26618.26907198922
 20
43073.52650515088
 11
26616.26
 21
43074.06
 72
     1
 10
26616.26
 20
43074.06
 11
26616.79343664587
 21
43076.11026871731
 97
        0
 75
     1
 76
     1
 98
        1
 10
26611.96645511636
 20
43045.94533453251
450
        0
451
        0
460
0.0
461
0.0
452
        0
462
1.0
453
        2
463
0.0
 63
     5
421
      255
463
1.0
 63
     2
421
 16776960
470
LINEAR
1001
GradientColor1ACI
1070
     5
1001
GradientColor2ACI
1070
     2
1001
ACAD
1010
0.0
1020
0.0
1030
0.0
  0
HATCH
  5
7A0
330
1F
100
AcDbEntity
  8
0.1 ОКН
 62
     1
440
 33554585
100
AcDbHatch
 10
0.0
 20
0.0
 30
0.0
210
0.0
220
0.0
230
1.0
  2
SOLID
 70
     1
 71
     0
 91
        1
 92
        1
 93
       32
 72
     2
 10
27276.04437029032
 20
42237.69041107901
 40
3.945104227496067
 50
139.4290487321746
 51
169.0829085153088
 73
     1
 72
     2
 10
27270.5985643119
 20
42231.24715955751
 40
7.360262753654576
 50
77.6670162506702
 51
82.6902326811653
 73
     1
 72
     2
 10
27276.33309455451
 20
42237.03534995976
 40
5.030731615250465
 50
162.5061665485421
 51
288.4495783754362
 73
     1
 72
     1
 10
27277.92517012174
 20
42232.26318525464
 11
27278.45715500802
 21
42230.87607233452
 72
     1
 10
27278.45715500802
 20
42230.87607233452
 11
27279.83426213696
 21
42231.40188560285
 72
     1
 10
27279.83426213696
 20
42231.40188560285
 11
27280.92965049842
 21
42232.56351687271
 72
     1
 10
27280.92965049842
 20
42232.56351687271
 11
27284.64349387848
 21
42232.79102673132
 72
     1
 10
27284.64349387848
 20
42232.79102673132
 11
27284.47601360119
 21
42234.79507647637
 72
     1
 10
27284.47601360119
 20
42234.79507647637
 11
27289.72987845312
 21
42235.20714084986
 72
     1
 10
27289.72987845312
 20
42235.20714084986
 11
27289.7691809311
 21
42234.70603005036
 72
     1
 10
27289.7691809311
 20
42234.70603005036
 11
27290.97329076569
 21
42234.80046924485
 72
     1
 10
27290.97329076569
 20
42234.80046924485
 11
27290.95708475877
 21
42235.00709756711
 72
     1
 10
27290.95708475877
 20
42235.00709756711
 11
27294.08877784381
 21
42235.24428485799
 72
     1
 10
27294.08877784381
 20
42235.24428485799
 11
27293.5027801634
 21
42244.8424355614
 72
     1
 10
27293.5027801634
 20
42244.8424355614
 11
27292.4492
 21
42245.55859999999
 72
     1
 10
27292.4492
 20
42245.55859999999
 11
27293.5898
 21
42246.67189999999
 72
     1
 10
27293.5898
 20
42246.67189999999
 11
27293.39032244928
 21
42249.54309494695
 72
     1
 10
27293.39032244928
 20
42249.54309494695
 11
27292.08980000001
 21
42250.8086
 72
     1
 10
27292.08980000001
 20
42250.8086
 11
27293.08980000001
 21
42251.67970000001
 72
     1
 10
27293.08980000001
 20
42251.67970000001
 11
27293.0293
 21
42253.76950000001
 72
     1
 10
27293.0293
 20
42253.76950000001
 11
27291.60940000001
 21
42255.1289
 72
     1
 10
27291.60940000001
 20
42255.1289
 11
27288.6602
 21
42254.9102
 72
     1
 10
27288.6602
 20
42254.9102
 11
27288.6504
 21
42255.0898
 72
     1
 10
27288.6504
 20
42255.0898
 11
27282.9102
 21
42254.69140000001
 72
     1
 10
27282.9102
 20
42254.69140000001
 11
27282.75
 21
42256.6211
 72
     1
 10
27282.75
 20
42256.6211
 11
27271.75
 21
42255.7109
 72
     1
 10
27271.75
 20
42255.7109
 11
27271.7695
 21
42255.4102
 72
     1
 10
27271.7695
 20
42255.4102
 11
27269.97070000001
 21
42255.23830000001
 72
     1
 10
27269.97070000001
 20
42255.23830000001
 11
27269.78910000001
 21
42255.07030000001
 72
     1
 10
27269.78910000001
 20
42255.07030000001
 11
27271.8301
 21
42251.8008
 72
     1
 10
27271.8301
 20
42251.8008
 11
27272.13090000001
 21
42251.78130000001
 72
     1
 10
27272.13090000001
 20
42251.78130000001
 11
27273.04766458353
 21
42240.25626420667
 97
        0
 75
     1
 76
     1
 98
        1
 10
27270.76115492375
 20
42213.87014433125
450
        0
451
        0
460
0.0
461
0.0
452
        0
462
1.0
453
        2
463
0.0
 63
     5
421
      255
463
1.0
 63
     2
421
 16776960
470
LINEAR
1001
GradientColor1ACI
1070
     5
1001
GradientColor2ACI
1070
     2
1001
ACAD
1010
0.0
1020
0.0
1030
0.0
  0
HATCH
  5
7A1
330
1F
100
AcDbEntity
  8
0.1 ОКН
 62
     1
440
 33554585
100
AcDbHatch
 10
0.0
 20
0.0
 30
0.0
210
0.0
220
0.0
230
1.0
  2
SOLID
 70
     1
 71
     0
 91
        1
 92
        1
 93
       18
 72
     1
 10
27159.60411377658
 20
42256.10671973415
 11
27160.28041211079
 21
42268.24451082101
 72
     1
 10
27160.28041211079
 20
42268.24451082101
 11
27186.68334324418
 21
42266.67961992959
 72
     1
 10
27186.68334324418
 20
42266.67961992959
 11
27186.7267180578
 21
42268.81049379199
 72
     1
 10
27186.7267180578
 20
42268.81049379199
 11
27200.01932528461
 21
42268.85244524829
 72
     1
 10
27200.01932528461
 20
42268.85244524829
 11
27200.18508038289
 21
42265.02178918468
 72
     1
 10
27200.18508038289
 20
42265.02178918468
 11
27207.43512904359
 21
42265.23061778136
 72
     1
 10
27207.43512904359
 20
42265.23061778136
 11
27207.54507859775
 21
42261.42793295863
 72
     1
 10
27207.54507859775
 20
42261.42793295863
 11
27210.38942026857
 21
42261.39905999151
 72
     1
 10
27210.38942026857
 20
42261.39905999151
 11
27210.73712561568
 21
42255.2162598525
 72
     1
 10
27210.73712561568
 20
42255.2162598525
 11
27209.04864498975
 21
42255.123770678
 72
     1
 10
27209.04864498975
 20
42255.123770678
 11
27209.23816592754
 21
42251.89289329671
 72
     1
 10
27209.23816592754
 20
42251.89289329671
 11
27208.75150475816
 21
42251.25909144423
 72
     1
 10
27208.75150475816
 20
42251.25909144423
 11
27205.91514678168
 21
42250.88613895779
 72
     1
 10
27205.91514678168
 20
42250.88613895779
 11
27205.39636522813
 21
42251.27734134495
 72
     1
 10
27205.39636522813
 20
42251.27734134495
 11
27205.24526069664
 21
42251.90961440993
 72
     1
 10
27205.24526069664
 20
42251.90961440993
 11
27194.40857939376
 21
42251.34570681066
 72
     1
 10
27194.40857939376
 20
42251.34570681066
 11
27194.34180260135
 21
42253.84192917468
 72
     1
 10
27194.34180260135
 20
42253.84192917468
 11
27159.60411377658
 21
42256.10671973415
 97
        0
 75
     1
 76
     1
 98
        1
 10
277.6614713325616
 20
141.0691050493551
450
        0
451
        0
460
0.0
461
0.0
452
        0
462
1.0
453
        2
463
0.0
 63
     5
421
      255
463
1.0
 63
     2
421
 16776960
470
LINEAR
1001
GradientColor1ACI
1070
     5
1001
GradientColor2ACI
1070
     2
1001
ACAD
1010
0.0
1020
0.0
1030
0.0
  0
HATCH
  5
7A2
330
1F
100
AcDbEntity
  8
0.1 ОКН
 62
     1
440
 33554585
100
AcDbHatch
 10
0.0
 20
0.0
 30
15.577
210
0.0
220
0.0
230
1.0
  2
SOLID
 70
     1
 71
     0
 91
        1
 92
        1
 93
       10
 72
     1
 10
27451.66
 20
42315.88
 11
27456.81
 21
42299.68
 72
     1
 10
27456.81
 20
42299.68
 11
27461.0
 21
42301.0
 72
     1
 10
27461.0
 20
42301.0
 11
27460.90427221142
 21
42301.28056933816
 72
     1
 10
27460.90427221142
 20
42301.28056933816
 11
27467.94
 21
42303.51999999999
 72
     1
 10
27467.94
 20
42303.51999999999
 11
27468.0
 21
42303.36
 72
     1
 10
27468.0
 20
42303.36
 11
27480.5590041304
 21
42307.32324281015
 72
     1
 10
27480.5590041304
 20
42307.32324281015
 11
27480.50462424765
 21
42307.49221141318
 72
     1
 10
27480.50462424765
 20
42307.49221141318
 11
27489.8650680181
 21
42310.45160230079
 72
     1
 10
27489.8650680181
 20
42310.45160230079
 11
27484.66
 21
42326.32
 72
     1
 10
27484.66
 20
42326.32
 11
27451.66
 21
42315.88
 97
        0
 75
     1
 76
     1
 98
        1
 10
27438.80840572018
 20
42288.53445479066
450
        0
451
        0
460
0.0
461
0.0
452
        0
462
1.0
453
        2
463
0.0
 63
     5
421
      255
463
1.0
 63
     2
421
 16776960
470
LINEAR
1001
GradientColor1ACI
1070
     5
1001
GradientColor2ACI
1070
     2
1001
ACAD
1010
0.0
1020
0.0
1030
0.0
  0
HATCH
  5
7A3
330
1F
100
AcDbEntity
  8
0.1 ОКН
 62
     1
440
 33554585
100
AcDbHatch
 10
0.0
 20
0.0
 30
15.577
210
0.0
220
0.0
230
1.0
  2
SOLID
 70
     1
 71
     0
 91
        1
 92
        1
 93
       10
 72
     1
 10
27465.78
 20
42290.44
 11
27468.16
 21
42282.51999999999
 72
     1
 10
27468.16
 20
42282.51999999999
 11
27492.71
 21
42289.94
 72
     1
 10
27492.71
 20
42289.94
 11
27492.41177334602
 21
42290.89319366634
 72
     1
 10
27492.41177334602
 20
42290.89319366634
 11
27500.80142860471
 21
42293.52434636096
 72
     1
 10
27500.80142860471
 20
42293.52434636096
 11
27499.80352658123
 21
42296.7476411784
 72
     1
 10
27499.80352658123
 20
42296.7476411784
 11
27499.44242658619
 21
42296.63136785714
 72
     1
 10
27499.44242658619
 20
42296.63136785714
 11
27498.01
 21
42300.73
 72
     1
 10
27498.01
 20
42300.73
 11
27494.53
 21
42299.66
 72
     1
 10
27494.53
 20
42299.66
 11
27494.33
 21
42300.16
 72
     1
 10
27494.33
 20
42300.16
 11
27465.78
 21
42290.44
 97
        0
 75
     1
 76
     1
 98
        1
 10
27452.81878135438
 20
42268.69070731153
450
        0
451
        0
460
0.0
461
0.0
452
        0
462
1.0
453
        2
463
0.0
 63
     5
421
      255
463
1.0
 63
     2
421
 16776960
470
LINEAR
1001
GradientColor1ACI
1070
     5
1001
GradientColor2ACI
1070
     2
1001
ACAD
1010
0.0
1020
0.0
1030
0.0
  0
HATCH
  5
7A4
330
1F
100
AcDbEntity
  8
0.1 ОКН
 62
     1
440
 33554585
100
AcDbHatch
 10
0.0
 20
0.0
 30
15.577
210
0.0
220
0.0
230
1.0
  2
SOLID
 70
     1
 71
     0
 91
        1
 92
        1
 93
        9
 72
     1
 10
27660.18835993865
 20
42377.56203711987
 11
27662.87090419941
 21
42370.00389030375
 72
     2
 10
27662.89136165201
 20
42367.00469834462
 40
2.999261728328013
 50
90.39080776828644
 51
324.3183006070621
 73
     1
 72
     1
 10
27665.32757159199
 20
42365.25528357296
 11
27665.82418388471
 21
42363.8560639314
 72
     1
 10
27665.82418388471
 20
42363.8560639314
 11
27670.20799699988
 21
42365.41197082212
 72
     1
 10
27670.20799699988
 20
42365.41197082212
 11
27674.00352763431
 21
42366.75908396607
 72
     1
 10
27674.00352763431
 20
42366.75908396607
 11
27673.15057267988
 21
42369.16230946636
 72
     1
 10
27673.15057267988
 20
42369.16230946636
 11
27687.72794956532
 21
42374.33612517174
 72
     1
 10
27687.72794956532
 20
42374.33612517174
 11
27683.63007965499
 21
42385.88199334949
 72
     1
 10
27683.63007965499
 20
42385.88199334949
 11
27660.18835993865
 21
42377.56203711987
 97
        0
 75
     1
 76
     1
 98
        1
 10
27640.72933276942
 20
42350.81514454413
450
        0
451
        0
460
0.0
461
0.0
452
        0
462
1.0
453
        2
463
0.0
 63
     5
421
      255
463
1.0
 63
     2
421
 16776960
470
LINEAR
1001
GradientColor1ACI
1070
     5
1001
GradientColor2ACI
1070
     2
1001
ACAD
1010
0.0
1020
0.0
1030
0.0
  0
HATCH
  5
7A5
330
1F
100
AcDbEntity
  8
0.1 ОКН
 62
     1
440
 33554585
100
AcDbHatch
 10
0.0
 20
0.0
 30
0.0
210
0.0
220
0.0
230
1.0
  2
SOLID
 70
     1
 71
     0
 91
        1
 92
        1
 93
       10
 72
     1
 10
27458.56751856497
 20
42408.83374002695
 11
27461.2419335497
 21
42400.10618623441
 72
     1
 10
27461.2419335497
 20
42400.10618623441
 11
27470.35051722657
 21
42402.82331071009
 72
     1
 10
27470.35051722657
 20
42402.82331071009
 11
27471.44830102892
 21
42399.07367414398
 72
     1
 10
27471.44830102892
 20
42399.07367414398
 11
27487.56608995676
 21
42404.17679292581
 72
     1
 10
27487.56608995676
 20
42404.17679292581
 11
27486.64791978043
 21
42407.19929944869
 72
     1
 10
27486.64791978043
 20
42407.19929944869
 11
27485.89029673538
 21
42406.95710276534
 72
     1
 10
27485.89029673538
 20
42406.95710276534
 11
27483.98453817236
 21
42414.00278083688
 72
     1
 10
27483.98453817236
 20
42414.00278083688
 11
27464.39837523917
 21
42408.03223037935
 72
     1
 10
27464.39837523917
 20
42408.03223037935
 11
27463.72383603291
 21
42410.31971655601
 72
     1
 10
27463.72383603291
 20
42410.31971655601
 11
27458.56751856497
 21
42408.83374002695
 97
        0
 75
     1
 76
     1
 98
        1
 10
-12.97350116297093
 20
32.50439611384354
450
        0
451
        0
460
0.0
461
0.0
452
        0
462
1.0
453
        2
463
0.0
 63
     5
421
      255
463
1.0
 63
     2
421
 16776960
470
LINEAR
1001
GradientColor1ACI
1070
     5
1001
GradientColor2ACI
1070
     2
1001
ACAD
1010
0.0
1020
0.0
1030
0.0
  0
HATCH
  5
7A6
330
1F
100
AcDbEntity
  8
0.1 ОКН
 62
     1
440
 33554585
100
AcDbHatch
 10
0.0
 20
0.0
 30
0.0
210
0.0
220
0.0
230
1.0
  2
SOLID
 70
     1
 71
     0
 91
        1
 92
        1
 93
       13
 72
     1
 10
27457.34845143318
 20
42430.02723600679
 11
27459.00190422725
 21
42424.79086521672
 72
     1
 10
27459.00190422725
 20
42424.79086521672
 11
27455.33361365989
 21
42423.69760880159
 72
     1
 10
27455.33361365989
 20
42423.69760880159
 11
27454.33076079046
 21
42426.90055115642
 72
     1
 10
27454.33076079046
 20
42426.90055115642
 11
27446.42139221006
 21
42424.52690303958
 72
     1
 10
27446.42139221006
 20
42424.52690303958
 11
27448.49408984315
 21
42417.8301096368
 72
     1
 10
27448.49408984315
 20
42417.8301096368
 11
27450.78459553883
 21
42416.85905868837
 72
     1
 10
27450.78459553883
 20
42416.85905868837
 11
27457.03189373299
 21
42418.80116058522
 72
     1
 10
27457.03189373299
 20
42418.80116058522
 11
27456.90844673441
 21
42419.17435987616
 72
     1
 10
27456.90844673441
 20
42419.17435987616
 11
27460.479762862
 21
42420.41470361925
 72
     1
 10
27460.479762862
 20
42420.41470361925
 11
27460.59221326277
 21
42420.08172107689
 72
     1
 10
27460.59221326277
 20
42420.08172107689
 11
27480.51533308756
 21
42425.73145436072
 72
     1
 10
27480.51533308756
 20
42425.73145436072
 11
27477.04664099449
 21
42436.1229812538
 72
     1
 10
27477.04664099449
 20
42436.1229812538
 11
27457.34845143318
 21
42430.02723600679
 97
        0
 75
     1
 76
     1
 98
        1
 10
-20.01081306476772
 20
52.40759050874476
450
        0
451
        0
460
0.0
461
0.0
452
        0
462
1.0
453
        2
463
0.0
 63
     5
421
      255
463
1.0
 63
     2
421
 16776960
470
LINEAR
1001
GradientColor1ACI
1070
     5
1001
GradientColor2ACI
1070
     2
1001
ACAD
1010
0.0
1020
0.0
1030
0.0
  0
HATCH
  5
7A7
330
1F
100
AcDbEntity
  8
0.1 ОКН
 62
     1
440
 33554585
100
AcDbHatch
 10
0.0
 20
0.0
 30
0.0
210
0.0
220
0.0
230
1.0
  2
SOLID
 70
     1
 71
     0
 91
        1
 92
        1
 93
       16
 72
     1
 10
27532.00716565998
 20
42388.57121031808
 11
27556.60526273415
 21
42396.74918514634
 72
     1
 10
27556.60526273415
 20
42396.74918514634
 11
27564.41955333538
 21
42373.27370734012
 72
     1
 10
27564.41955333538
 20
42373.27370734012
 11
27554.78908068649
 21
42370.06800850295
 72
     1
 10
27554.78908068649
 20
42370.06800850295
 11
27554.91541364039
 21
42369.68848250285
 72
     1
 10
27554.91541364039
 20
42369.68848250285
 11
27548.9378791387
 21
42367.69873847886
 72
     1
 10
27548.9378791387
 20
42367.69873847886
 11
27548.81154618479
 21
42368.07826447896
 72
     1
 10
27548.81154618479
 20
42368.07826447896
 11
27540.08008293558
 21
42365.17181921866
 72
     1
 10
27540.08008293558
 20
42365.17181921866
 11
27540.31919617127
 21
42364.45348178484
 72
     1
 10
27540.31919617127
 20
42364.45348178484
 11
27536.16779196196
 21
42363.07160239722
 72
     1
 10
27536.16779196196
 20
42363.07160239722
 11
27535.92867872627
 21
42363.78993983105
 72
     1
 10
27535.92867872627
 20
42363.78993983105
 11
27532.34971708395
 21
42362.59860960321
 72
     1
 10
27532.34971708395
 20
42362.59860960321
 11
27531.73607090973
 21
42364.44210863322
 72
     1
 10
27531.73607090973
 20
42364.44210863322
 11
27530.3459179676
 21
42363.9799332164
 72
     1
 10
27530.3459179676
 20
42363.9799332164
 11
27518.68908368362
 21
42401.41246388709
 72
     1
 10
27518.68908368362
 20
42401.41246388709
 11
27526.89089098311
 21
42403.96018176915
 72
     1
 10
27526.89089098311
 20
42403.96018176915
 11
27532.00716565998
 21
42388.57121031808
 97
        0
 75
     1
 76
     1
 98
        1
 10
33.12763491140868
 20
3.904305720083357
450
        0
451
        0
460
0.0
461
0.0
452
        0
462
1.0
453
        2
463
0.0
 63
     5
421
      255
463
1.0
 63
     2
421
 16776960
470
LINEAR
1001
GradientColor1ACI
1070
     5
1001
GradientColor2ACI
1070
     2
1001
ACAD
1010
0.0
1020
0.0
1030
0.0
  0
LWPOLYLINE
  5
7CD
102
{ACAD_REACTORS
330
904
102
}
330
1F
100
AcDbEntity
  8
0.1 ОКН
 62
     1
100
AcDbPolyline
 90
        3
 70
     1
 43
0.0
 10
25657.29665543316
 20
42434.8071767715
 10
25653.29665543316
 20
42422.8071767715
 10
25661.29665543316
 20
42422.8071767715
  0
HATCH
  5
7CE
330
1F
100
AcDbEntity
  8
0.1 ОКН
 62
     1
440
 33554585
100
AcDbHatch
 10
0.0
 20
0.0
 30
0.0
210
0.0
220
0.0
230
1.0
  2
SOLID
 70
     1
 71
     0
 91
        1
 92
        1
 93
       17
 72
     1
 10
25757.54889672491
 20
42504.12646056568
 11
25699.48292802431
 21
42490.24502284965
 72
     1
 10
25699.48292802431
 20
42490.24502284965
 11
25702.67973249865
 21
42475.49851247784
 72
     1
 10
25702.67973249865
 20
42475.49851247784
 11
25699.02624550805
 21
42475.13327083713
 72
     1
 10
25699.02624550805
 20
42475.13327083713
 11
25698.47821037221
 21
42465.27183287509
 72
     1
 10
25698.47821037221
 20
42465.27183287509
 11
25722.73885345168
 21
42470.33504578168
 72
     1
 10
25722.73885345168
 20
42470.33504578168
 11
25722.85440879633
 21
42466.80365976636
 72
     1
 10
25722.85440879633
 20
42466.80365976636
 11
25724.30022329
 21
42460.50083803
 72
     1
 10
25724.30022329
 20
42460.50083803
 11
25728.47861036
 21
42448.6367587
 72
     1
 10
25728.47861036
 20
42448.6367587
 11
25732.20691752
 21
42441.3396108
 72
     1
 10
25732.20691752
 20
42441.3396108
 11
25739.2424327516
 21
42433.99312913896
 72
     2
 10
25746.78872325361
 20
42444.5451195976
 40
12.97270222351
 50
234.4294213575258
 51
298.8537594584142
 73
     1
 72
     2
 10
25747.7378216644
 20
42445.52727607741
 40
13.43845343061042
 50
293.2800049762785
 51
341.8545806083837
 73
     1
 72
     2
 10
25725.13994973768
 20
42456.00725645956
 40
38.28788884018552
 50
337.4789825191916
 51
348.5295807108161
 73
     1
 72
     2
 10
25727.35759717863
 20
42454.72566522021
 40
35.86893356751565
 50
349.8315274674619
 51
375.7497237267094
 73
     1
 72
     2
 10
25700.73189967728
 20
42451.29370939612
 40
62.54977536311973
 50
12.15291174418746
 51
25.94600451341439
 73
     1
 72
     1
 10
25756.9770809995
 20
42478.66073290996
 11
25763.80226166967
 21
42480.22568887648
 72
     1
 10
25763.80226166967
 20
42480.22568887648
 11
25757.54889672491
 21
42504.12646056568
 97
        0
 75
     1
 76
     1
 98
        1
 10
25739.46199544539
 20
42468.66355458669
450
        0
451
        0
460
0.0
461
0.0
452
        0
462
1.0
453
        2
463
0.0
 63
     5
421
      255
463
1.0
 63
     2
421
 16776960
470
LINEAR
1001
GradientColor1ACI
1070
     5
1001
GradientColor2ACI
1070
     2
1001
ACAD
1010
0.0
1020
0.0
1030
0.0
  0
HATCH
  5
7CF
330
1F
100
AcDbEntity
  8
0.1 ОКН
 62
     1
440
 33554585
100
AcDbHatch
 10
0.0
 20
0.0
 30
0.0
210
0.0
220
0.0
230
1.0
  2
SOLID
 70
     1
 71
     0
 91
        1
 92
        1
 93
       12
 72
     1
 10
25539.34183322306
 20
42284.57988079499
 11
25538.04264345659
 21
42286.58695097609
 72
     1
 10
25538.04264345659
 20
42286.58695097609
 11
25536.29665849602
 21
42289.28425851452
 72
     1
 10
25536.29665849602
 20
42289.28425851452
 11
25537.45742340951
 21
42290.08195553086
 72
     1
 10
25537.45742340951
 20
42290.08195553086
 11
25535.90869556082
 21
42292.36934050242
 72
     1
 10
25535.90869556082
 20
42292.36934050242
 11
25534.78652945074
 21
42291.61720097961
 72
     1
 10
25534.78652945074
 20
42291.61720097961
 11
25530.88912872603
 21
42297.63815109793
 72
     1
 10
25530.88912872603
 20
42297.63815109793
 11
25521.10706623742
 21
42291.37202571227
 72
     1
 10
25521.10706623742
 20
42291.37202571227
 11
25530.70187001309
 21
42276.96439058904
 72
     1
 10
25530.70187001309
 20
42276.96439058904
 11
25532.81009545639
 21
42278.37556004698
 72
     1
 10
25532.81009545639
 20
42278.37556004698
 11
25536.56052250167
 21
42280.88595954783
 72
     1
 10
25536.56052250167
 20
42280.88595954783
 11
25540.16930632613
 21
42283.30154822673
 72
     1
 10
25540.16930632613
 20
42283.30154822673
 11
25539.34183322306
 21
42284.57988079499
 97
        0
 75
     1
 76
     1
 98
        1
 10
0.0
 20
0.0
450
        0
451
        0
460
0.0
461
0.0
452
        0
462
1.0
453
        2
463
0.0
 63
     5
421
      255
463
1.0
 63
     2
421
 16776960
470
LINEAR
1001
GradientColor1ACI
1070
     5
1001
GradientColor2ACI
1070
     2
1001
ACAD
1010
0.0
1020
0.0
1030
0.0
  0
HATCH
  5
7D0
330
1F
100
AcDbEntity
  8
0.1 ОКН
 62
     1
440
 33554585
100
AcDbHatch
 10
0.0
 20
0.0
 30
0.0
210
0.0
220
0.0
230
1.0
  2
SOLID
 70
     1
 71
     1
 91
        1
 92
        1
 93
        3
 72
     1
 10
25455.13975430889
 20
42088.88806654799
 11
25451.1397543089
 21
42076.88806654799
 72
     1
 10
25451.1397543089
 20
42076.88806654799
 11
25459.13975430889
 21
42076.88806654799
 72
     1
 10
25459.13975430889
 20
42076.88806654799
 11
25455.13975430889
 21
42088.88806654799
 97
        1
330
7D1
 75
     1
 76
     1
 98
        1
 10
-617.7801354230796
 20
74.51798392507772
450
        0
451
        0
460
0.0
461
0.0
452
        0
462
1.0
453
        2
463
0.0
 63
     5
421
      255
463
1.0
 63
     2
421
 16776960
470
LINEAR
1001
GradientColor1ACI
1070
     5
1001
GradientColor2ACI
1070
     2
1001
ACAD
1010
0.0
1020
0.0
1030
0.0
  0
LWPOLYLINE
  5
7D1
102
{ACAD_REACTORS
330
7D0
102
}
330
1F
100
AcDbEntity
  8
0.1 ОКН
 62
     1
100
AcDbPolyline
 90
        3
 70
     1
 43
0.0
 10
25455.13975430889
 20
42088.88806654799
 10
25451.1397543089
 20
42076.88806654799
 10
25459.13975430889
 20
42076.88806654799
  0
HATCH
  5
7D2
330
1F
100
AcDbEntity
  8
0.1 ОКН
 62
     1
440
 33554585
100
AcDbHatch
 10
0.0
 20
0.0
 30
0.0
210
0.0
220
0.0
230
1.0
  2
SOLID
 70
     1
 71
     0
 91
        1
 92
        1
 93
        4
 72
     1
 10
26187.44106903868
 20
41963.96200527678
 11
26146.62820327513
 21
41982.02932677472
 72
     1
 10
26146.62820327513
 20
41982.02932677472
 11
26082.277197
 21
41837.030243
 72
     1
 10
26082.277197
 20
41837.030243
 11
26123.211972
 21
41818.907802
 72
     1
 10
26123.211972
 20
41818.907802
 11
26187.44106903868
 21
41963.96200527678
 97
        0
 75
     1
 76
     1
 98
        1
 10
628.738828208232
 20
-342.3842474760168
450
        0
451
        0
460
0.0
461
0.0
452
        0
462
1.0
453
        2
463
0.0
 63
     5
421
      255
463
1.0
 63
     2
421
 16776960
470
LINEAR
1001
GradientColor1ACI
1070
     5
1001
GradientColor2ACI
1070
     2
1001
ACAD
1010
0.0
1020
0.0
1030
0.0
  0
HATCH
  5
7D3
330
1F
100
AcDbEntity
  8
0.1 ОКН
 62
     1
440
 33554585
100
AcDbHatch
 10
0.0
 20
0.0
 30
0.0
210
0.0
220
0.0
230
1.0
  2
SOLID
 70
     1
 71
     0
 91
        1
 92
        1
 93
        8
 72
     1
 10
27708.51514618355
 20
42474.89616282517
 11
27710.9141173134
 21
42468.23214374751
 72
     1
 10
27710.9141173134
 20
42468.23214374751
 11
27707.8618585504
 21
42467.12000306945
 72
     1
 10
27707.8618585504
 20
42467.12000306945
 11
27711.17406846113
 21
42457.954930463
 72
     1
 10
27711.17406846113
 20
42457.954930463
 11
27725.71572872976
 21
42463.18277822516
 72
     1
 10
27725.71572872976
 20
42463.18277822516
 11
27721.26604472176
 21
42475.59391263475
 72
     1
 10
27721.26604472176
 20
42475.59391263475
 11
27717.2799730097
 21
42473.99806014661
 72
     1
 10
27717.2799730097
 20
42473.99806014661
 11
27715.95998985851
 21
42477.58139007328
 72
     1
 10
27715.95998985851
 20
42477.58139007328
 11
27708.51514618355
 21
42474.89616282517
 97
        0
 75
     1
 76
     1
 98
        1
 10
22.07583005599008
 20
5.866055924234387
450
        0
451
        0
460
0.0
461
0.0
452
        0
462
1.0
453
        2
463
0.0
 63
     5
421
      255
463
1.0
 63
     2
421
 16776960
470
LINEAR
1001
GradientColor1ACI
1070
     5
1001
GradientColor2ACI
1070
     2
1001
ACAD
1010
0.0
1020
0.0
1030
0.0
  0
HATCH
  5
7DC
330
1F
100
AcDbEntity
  8
0.1 ОКН
 62
     1
440
 33554585
100
AcDbHatch
 10
0.0
 20
0.0
 30
0.0
210
0.0
220
0.0
230
1.0
  2
SOLID
 70
     1
 71
     0
 91
        1
 92
        1
 93
       30
 72
     1
 10
27796.73462856054
 20
42497.49988408225
 11
27804.23275738663
 21
42480.56976238128
 72
     1
 10
27804.23275738663
 20
42480.56976238128
 11
27811.10212430984
 21
42483.61211488493
 72
     1
 10
27811.10212430984
 20
42483.61211488493
 11
27810.89536858898
 21
42484.0789512914
 72
     1
 10
27810.89536858898
 20
42484.0789512914
 11
27827.00953426145
 21
42491.21570389551
 72
     1
 10
27827.00953426145
 20
42491.21570389551
 11
27827.28545967437
 21
42490.59268834996
 72
     1
 10
27827.28545967437
 20
42490.59268834996
 11
27834.30427014447
 21
42493.70122744026
 72
     1
 10
27834.30427014447
 20
42493.70122744026
 11
27834.02834473155
 21
42494.32424298579
 72
     1
 10
27834.02834473155
 20
42494.32424298579
 11
27839.28701306096
 21
42496.65323821005
 72
     1
 10
27839.28701306096
 20
42496.65323821005
 11
27833.31284546072
 21
42513.06845319216
 72
     1
 10
27833.31284546072
 20
42513.06845319216
 11
27818.68851768824
 21
42506.93945615347
 72
     1
 10
27818.68851768824
 20
42506.93945615347
 11
27815.68284944392
 21
42515.08151517643
 72
     1
 10
27815.68284944392
 20
42515.08151517643
 11
27821.95894923447
 21
42517.47666801368
 72
     1
 10
27821.95894923447
 20
42517.47666801368
 11
27824.50940245232
 21
42518.38216654005
 72
     1
 10
27824.50940245232
 20
42518.38216654005
 11
27826.19334634288
 21
42513.63912169868
 72
     1
 10
27826.19334634288
 20
42513.63912169868
 11
27832.39033780301
 21
42515.76173007613
 72
     1
 10
27832.39033780301
 20
42515.76173007613
 11
27828.37
 21
42527.45999999999
 72
     1
 10
27828.37
 20
42527.45999999999
 11
27825.46759604784
 21
42535.72137021898
 72
     1
 10
27825.46759604784
 20
42535.72137021898
 11
27819.40752608619
 21
42533.70523500397
 72
     1
 10
27819.40752608619
 20
42533.70523500397
 11
27822.07938756205
 21
42525.22661643795
 72
     1
 10
27822.07938756205
 20
42525.22661643795
 11
27819.5289343442
 21
42524.32111791159
 72
     1
 10
27819.5289343442
 20
42524.32111791159
 11
27818.34201713578
 21
42527.66422309111
 72
     1
 10
27818.34201713578
 20
42527.66422309111
 11
27817.08020893844
 21
42527.2162378251
 72
     1
 10
27817.08020893844
 20
42527.2162378251
 11
27814.39184245958
 21
42534.78836824514
 72
     1
 10
27814.39184245958
 20
42534.78836824514
 11
27789.07209188455
 21
42525.79898679989
 72
     1
 10
27789.07209188455
 20
42525.79898679989
 11
27792.17129551999
 21
42517.06968061699
 72
     1
 10
27792.17129551999
 20
42517.06968061699
 11
27794.61310471756
 21
42517.93660678312
 72
     1
 10
27794.61310471756
 20
42517.93660678312
 11
27797.80479015266
 21
42508.9468137008
 72
     1
 10
27797.80479015266
 20
42508.9468137008
 11
27808.84382281815
 21
42512.63517535455
 72
     1
 10
27808.84382281815
 20
42512.63517535455
 11
27811.99742471604
 21
42504.09237864499
 72
     1
 10
27811.99742471604
 20
42504.09237864499
 11
27796.73462856054
 21
42497.49988408225
 97
        0
 75
     1
 76
     1
 98
        1
 10
129.4905028188441
 20
41.35311904311675
450
        0
451
        0
460
0.0
461
0.0
452
        0
462
1.0
453
        2
463
0.0
 63
     5
421
      255
463
1.0
 63
     2
421
 16776960
470
LINEAR
1001
GradientColor1ACI
1070
     5
1001
GradientColor2ACI
1070
     2
1001
ACAD
1010
0.0
1020
0.0
1030
0.0
  0
HATCH
  5
7DD
330
1F
100
AcDbEntity
  8
0.1 ОКН
 62
     1
440
 33554585
100
AcDbHatch
 10
0.0
 20
0.0
 30
0.0
210
0.0
220
0.0
230
1.0
  2
SOLID
 70
     1
 71
     0
 91
        1
 92
        1
 93
        4
 72
     1
 10
28323.36484965804
 20
42398.54947689324
 11
28343.10886005812
 21
42392.78287473938
 72
     1
 10
28343.10886005812
 20
42392.78287473938
 11
28340.2231310227
 21
42383.39034733021
 72
     1
 10
28340.2231310227
 20
42383.39034733021
 11
28320.48738604342
 21
42389.26352605798
 72
     1
 10
28320.48738604342
 20
42389.26352605798
 11
28323.36484965804
 21
42398.54947689324
 97
        0
 75
     1
 76
     1
 98
        1
 10
130.6275609860749
 20
-15.18571073519706
450
        0
451
        0
460
0.0
461
0.0
452
        0
462
1.0
453
        2
463
0.0
 63
     5
421
      255
463
1.0
 63
     2
421
 16776960
470
LINEAR
1001
GradientColor1ACI
1070
     5
1001
GradientColor2ACI
1070
     2
1001
ACAD
1010
0.0
1020
0.0
1030
0.0
  0
HATCH
  5
7DE
330
1F
100
AcDbEntity
  8
0.1 ОКН
 62
     1
440
 33554585
100
AcDbHatch
 10
0.0
 20
0.0
 30
0.0
210
0.0
220
0.0
230
1.0
  2
SOLID
 70
     1
 71
     0
 91
        1
 92
        1
 93
       10
 72
     1
 10
28322.1029069108
 20
42368.83257113145
 11
28333.88543021
 21
42364.54769872686
 72
     1
 10
28333.88543021
 20
42364.54769872686
 11
28330.49525193459
 21
42355.11013657872
 72
     1
 10
28330.49525193459
 20
42355.11013657872
 11
28307.6382240063
 21
42363.53207043181
 72
     1
 10
28307.6382240063
 20
42363.53207043181
 11
28310.3427358555
 21
42370.81287305313
 72
     1
 10
28310.3427358555
 20
42370.81287305313
 11
28305.53101556589
 21
42372.47508493963
 72
     1
 10
28305.53101556589
 20
42372.47508493963
 11
28309.07231706325
 21
42382.71419004918
 72
     1
 10
28309.07231706325
 20
42382.71419004918
 11
28314.07671970064
 21
42381.13467323366
 72
     1
 10
28314.07671970064
 20
42381.13467323366
 11
28312.7466998459
 21
42377.28457230934
 72
     1
 10
28312.7466998459
 20
42377.28457230934
 11
28323.75587767729
 21
42373.37790287765
 72
     1
 10
28323.75587767729
 20
42373.37790287765
 11
28322.1029069108
 21
42368.83257113145
 97
        0
 75
     1
 76
     1
 98
        1
 10
86.32723767583957
 20
-25.57402579824702
450
        0
451
        0
460
0.0
461
0.0
452
        0
462
1.0
453
        2
463
0.0
 63
     5
421
      255
463
1.0
 63
     2
421
 16776960
470
LINEAR
1001
GradientColor1ACI
1070
     5
1001
GradientColor2ACI
1070
     2
1001
ACAD
1010
0.0
1020
0.0
1030
0.0
  0
HATCH
  5
7DF
330
1F
100
AcDbEntity
  8
0.1 ОКН
 62
     1
440
 33554585
100
AcDbHatch
 10
0.0
 20
0.0
 30
0.0
210
0.0
220
0.0
230
1.0
  2
SOLID
 70
     1
 71
     0
 91
        1
 92
        1
 93
        7
 72
     1
 10
28673.44616010015
 20
42231.09335391485
 11
28662.49251532675
 21
42234.2440939053
 72
     1
 10
28662.49251532675
 20
42234.2440939053
 11
28664.80975074989
 21
42242.30003433781
 72
     1
 10
28664.80975074989
 20
42242.30003433781
 11
28668.2484649529
 21
42241.36642065572
 72
     1
 10
28668.2484649529
 20
42241.36642065572
 11
28671.49495936245
 21
42252.75358914664
 72
     1
 10
28671.49495936245
 20
42252.75358914664
 11
28679.05137025521
 21
42250.58003993296
 72
     1
 10
28679.05137025521
 20
42250.58003993296
 11
28675.77814208472
 21
42239.20056122307
 72
     1
 10
28675.77814208472
 20
42239.20056122307
 11
28673.44616010015
 21
42231.09335391485
 97
        0
 75
     1
 76
     1
 98
        1
 10
24.11495759423997
 20
-29.19237833942316
450
        0
451
        0
460
0.0
461
0.0
452
        0
462
1.0
453
        2
463
0.0
 63
     5
421
      255
463
1.0
 63
     2
421
 16776960
470
LINEAR
1001
GradientColor1ACI
1070
     5
1001
GradientColor2ACI
1070
     2
1001
ACAD
1010
0.0
1020
0.0
1030
0.0
  0
HATCH
  5
7E0
330
1F
100
AcDbEntity
  8
0.1 ОКН
 62
     1
440
 33554585
100
AcDbHatch
 10
0.0
 20
0.0
 30
0.0
210
0.0
220
0.0
230
1.0
  2
SOLID
 70
     1
 71
     0
 91
        1
 92
        1
 93
        4
 72
     1
 10
28690.83779325035
 20
42227.86512933201
 11
28676.56857463239
 21
42232.15928459313
 72
     1
 10
28676.56857463239
 20
42232.15928459313
 11
28679.14424089882
 21
42241.21077930385
 72
     1
 10
28679.14424089882
 20
42241.21077930385
 11
28693.05374565331
 21
42236.81084321049
 72
     1
 10
28693.05374565331
 20
42236.81084321049
 11
28690.83779325035
 21
42227.86512933201
 97
        0
 75
     1
 76
     1
 98
        1
 10
43.80013018242607
 20
-29.25848740697256
450
        0
451
        0
460
0.0
461
0.0
452
        0
462
1.0
453
        2
463
0.0
 63
     5
421
      255
463
1.0
 63
     2
421
 16776960
470
LINEAR
1001
GradientColor1ACI
1070
     5
1001
GradientColor2ACI
1070
     2
1001
ACAD
1010
0.0
1020
0.0
1030
0.0
  0
LWPOLYLINE
  5
7E1
102
{ACAD_REACTORS
330
903
102
}
330
1F
100
AcDbEntity
  8
0.1 ОКН
 62
     1
100
AcDbPolyline
 90
        3
 70
     1
 43
0.0
 10
27260.11166117301
 20
42210.03066165957
 10
27256.11166117301
 20
42198.03066165957
 10
27264.11166117301
 20
42198.03066165957
  0
HATCH
  5
7E2
330
1F
100
AcDbEntity
  8
0.1 ОКН
 62
     1
440
 33554585
100
AcDbHatch
 10
0.0
 20
0.0
 30
0.0
210
0.0
220
0.0
230
1.0
  2
SOLID
 70
     1
 71
     0
 91
        1
 92
        1
 93
        4
 72
     1
 10
28741.88152806793
 20
42221.29438977333
 11
28725.01856479014
 21
42226.18172896359
 72
     1
 10
28725.01856479014
 20
42226.18172896359
 11
28727.60892347413
 21
42235.90663224751
 72
     1
 10
28727.60892347413
 20
42235.90663224751
 11
28744.68238425405
 21
42230.9582852335
 72
     1
 10
28744.68238425405
 20
42230.9582852335
 11
28741.88152806793
 21
42221.29438977333
 97
        0
 75
     1
 76
     1
 98
        1
 10
93.99581297054101
 20
-35.60446194944234
450
        0
451
        0
460
0.0
461
0.0
452
        0
462
1.0
453
        2
463
0.0
 63
     5
421
      255
463
1.0
 63
     2
421
 16776960
470
LINEAR
1001
GradientColor1ACI
1070
     5
1001
GradientColor2ACI
1070
     2
1001
ACAD
1010
0.0
1020
0.0
1030
0.0
  0
HATCH
  5
7E3
330
1F
100
AcDbEntity
  8
0.1 ОКН
 62
     1
440
 33554585
100
AcDbHatch
 10
0.0
 20
0.0
 30
0.0
210
0.0
220
0.0
230
1.0
  2
SOLID
 70
     1
 71
     0
 91
        1
 92
        1
 93
        8
 72
     1
 10
26052.28155200483
 20
42789.99898913048
 11
26057.03378938485
 21
42804.59674831113
 72
     1
 10
26057.03378938485
 20
42804.59674831113
 11
26062.95899243054
 21
42802.63695586141
 72
     1
 10
26062.95899243054
 20
42802.63695586141
 11
26069.13720390777
 21
42822.23285218782
 72
     1
 10
26069.13720390777
 20
42822.23285218782
 11
26052.13616806967
 21
42828.01342864616
 72
     1
 10
26052.13616806967
 20
42828.01342864616
 11
26037.9242826429
 21
42784.31822764832
 72
     1
 10
26037.9242826429
 20
42784.31822764832
 11
26051.32322956567
 21
42779.7526703558
 72
     1
 10
26051.32322956567
 20
42779.7526703558
 11
26054.37953518419
 21
42789.18925958997
 72
     1
 10
26054.37953518419
 20
42789.18925958997
 11
26052.28155200483
 21
42789.99898913048
 97
        0
 75
     1
 76
     1
 98
        1
 10
19.03445250713412
 20
43.35237865304224
450
        0
451
        0
460
0.0
461
0.0
452
        0
462
1.0
453
        2
463
0.0
 63
     5
421
      255
463
1.0
 63
     2
421
 16776960
470
LINEAR
1001
GradientColor1ACI
1070
     5
1001
GradientColor2ACI
1070
     2
1001
ACAD
1010
0.0
1020
0.0
1030
0.0
  0
HATCH
  5
7E4
330
1F
100
AcDbEntity
  8
0.1 ОКН
 62
     1
440
 33554585
100
AcDbHatch
 10
0.0
 20
0.0
 30
0.0
210
0.0
220
0.0
230
1.0
  2
SOLID
 70
     1
 71
     0
 91
        1
 92
        1
 93
        4
 72
     1
 10
26070.44185
 20
42813.08233199999
 11
26065.850959
 21
42796.627399
 72
     1
 10
26065.850959
 20
42796.627399
 11
26077.3582
 21
42793.416904
 72
     1
 10
26077.3582
 20
42793.416904
 11
26081.949091
 21
42809.87183699999
 72
     1
 10
26081.949091
 20
42809.87183699999
 11
26070.44185
 21
42813.08233199999
 97
        0
 75
     1
 76
     1
 98
        1
 10
47.19314966139063
 20
38.41221781277273
450
        0
451
        0
460
0.0
461
0.0
452
        0
462
1.0
453
        2
463
0.0
 63
     5
421
      255
463
1.0
 63
     2
421
 16776960
470
LINEAR
1001
GradientColor1ACI
1070
     5
1001
GradientColor2ACI
1070
     2
1001
ACAD
1010
0.0
1020
0.0
1030
0.0
  0
HATCH
  5
7E5
330
1F
100
AcDbEntity
  8
0.1 ОКН
 62
     1
440
 33554585
100
AcDbHatch
 10
0.0
 20
0.0
 30
0.0
210
0.0
220
0.0
230
1.0
  2
SOLID
 70
     1
 71
     0
 91
        1
 92
        1
 93
        4
 72
     1
 10
26062.005809
 20
42790.87922099999
 11
26059.373809
 21
42782.721158
 72
     1
 10
26059.373809
 20
42782.721158
 11
26073.64911220751
 21
42777.91620511415
 72
     1
 10
26073.64911220751
 20
42777.91620511415
 11
26076.339828
 21
42786.25469899999
 72
     1
 10
26076.339828
 20
42786.25469899999
 11
26062.005809
 21
42790.87922099999
 97
        0
 75
     1
 76
     1
 98
        1
 10
34.45516900350777
 20
15.90410838931711
450
        0
451
        0
460
0.0
461
0.0
452
        0
462
1.0
453
        2
463
0.0
 63
     5
421
      255
463
1.0
 63
     2
421
 16776960
470
LINEAR
1001
GradientColor1ACI
1070
     5
1001
GradientColor2ACI
1070
     2
1001
ACAD
1010
0.0
1020
0.0
1030
0.0
  0
HATCH
  5
7E6
330
1F
100
AcDbEntity
  8
0.1 ОКН
 62
     1
440
 33554585
100
AcDbHatch
 10
0.0
 20
0.0
 30
0.0
210
0.0
220
0.0
230
1.0
  2
SOLID
 70
     1
 71
     0
 91
        1
 92
        1
 93
        6
 72
     1
 10
26002.08412742194
 20
42726.63424545402
 11
25999.67214415914
 21
42716.35827135428
 72
     1
 10
25999.67214415914
 20
42716.35827135428
 11
26000.63481940758
 21
42716.08773324046
 72
     1
 10
26000.63481940758
 20
42716.08773324046
 11
25997.26016089636
 21
42702.2012739464
 72
     1
 10
25997.26016089636
 20
42702.2012739464
 11
26005.75212029026
 21
42700.13757560266
 72
     1
 10
26005.75212029026
 20
42700.13757560266
 11
26011.56720140636
 21
42724.0661855469
 72
     1
 10
26011.56720140636
 20
42724.0661855469
 11
26002.08412742194
 21
42726.63424545402
 97
        0
 75
     1
 76
     1
 98
        1
 10
-22.63803620354884
 20
-53.40173809227417
450
        0
451
        0
460
0.0
461
0.0
452
        0
462
1.0
453
        2
463
0.0
 63
     5
421
      255
463
1.0
 63
     2
421
 16776960
470
LINEAR
1001
GradientColor1ACI
1070
     5
1001
GradientColor2ACI
1070
     2
1001
ACAD
1010
0.0
1020
0.0
1030
0.0
  0
HATCH
  5
7E7
330
1F
100
AcDbEntity
  8
0.1 ОКН
 62
     1
440
 33554585
100
AcDbHatch
 10
0.0
 20
0.0
 30
0.0
210
0.0
220
0.0
230
1.0
  2
SOLID
 70
     1
 71
     0
 91
        1
 92
        1
 93
        6
 72
     1
 10
26057.46168233497
 20
42725.23372426988
 11
26053.986253806
 21
42712.01265364916
 72
     1
 10
26053.986253806
 20
42712.01265364916
 11
26056.82143444026
 21
42711.29731745229
 72
     1
 10
26056.82143444026
 20
42711.29731745229
 11
26068.15285450254
 21
42708.43831974523
 72
     1
 10
26068.15285450254
 20
42708.43831974523
 11
26078.57
 21
42705.80999999998
 72
     1
 10
26078.57
 20
42705.80999999998
 11
26081.9
 21
42718.87999999998
 72
     1
 10
26081.9
 20
42718.87999999998
 11
26057.46168233497
 21
42725.23372426988
 97
        0
 75
     1
 76
     1
 98
        1
 10
35.60496874519595
 20
-56.91975220741006
450
        0
451
        0
460
0.0
461
0.0
452
        0
462
1.0
453
        2
463
0.0
 63
     5
421
      255
463
1.0
 63
     2
421
 16776960
470
LINEAR
1001
GradientColor1ACI
1070
     5
1001
GradientColor2ACI
1070
     2
1001
ACAD
1010
0.0
1020
0.0
1030
0.0
  0
HATCH
  5
7E8
330
1F
100
AcDbEntity
  8
0.1 ОКН
 62
     1
440
 33554585
100
AcDbHatch
 10
0.0
 20
0.0
 30
0.0
210
0.0
220
0.0
230
1.0
  2
SOLID
 70
     1
 71
     0
 91
        1
 92
        1
 93
        8
 72
     1
 10
26271.93603368533
 20
42692.71922163676
 11
26291.61699276119
 21
42687.29862748974
 72
     1
 10
26291.61699276119
 20
42687.29862748974
 11
26291.90553879381
 21
42688.40196072138
 72
     1
 10
26291.90553879381
 20
42688.40196072138
 11
26299.4441991218
 21
42686.45988283442
 72
     1
 10
26299.4441991218
 20
42686.45988283442
 11
26300.88937683541
 21
42692.28691082391
 72
     1
 10
26300.88937683541
 20
42692.28691082391
 11
26296.80221770011
 21
42693.30154642384
 72
     1
 10
26296.80221770011
 20
42693.30154642384
 11
26298.14688520563
 21
42698.7181413861
 72
     1
 10
26298.14688520563
 20
42698.7181413861
 11
26275.11824514462
 21
42704.87502185913
 72
     1
 10
26275.11824514462
 20
42704.87502185913
 11
26271.93603368533
 21
42692.71922163676
 97
        0
 75
     1
 76
     1
 98
        1
 10
26272.88458551633
 20
42672.93921333346
450
        0
451
        0
460
0.0
461
0.0
452
        0
462
1.0
453
        2
463
0.0
 63
     5
421
      255
463
1.0
 63
     2
421
 16776960
470
LINEAR
1001
GradientColor1ACI
1070
     5
1001
GradientColor2ACI
1070
     2
1001
ACAD
1010
0.0
1020
0.0
1030
0.0
  0
HATCH
  5
7E9
330
1F
100
AcDbEntity
  8
0.1 ОКН
 62
     1
440
 33554585
100
AcDbHatch
 10
0.0
 20
0.0
 30
0.0
210
0.0
220
0.0
230
1.0
  2
SOLID
 70
     1
 71
     0
 91
        1
 92
        1
 93
       12
 72
     1
 10
26307.44658867994
 20
42690.75197554693
 11
26307.70282636468
 21
42691.84296814155
 72
     1
 10
26307.70282636468
 20
42691.84296814155
 11
26311.13369672172
 21
42691.03717140082
 72
     1
 10
26311.13369672172
 20
42691.03717140082
 11
26310.87868949171
 21
42689.95141775842
 72
     1
 10
26310.87868949171
 20
42689.95141775842
 11
26317.51328997959
 21
42688.45412964568
 72
     1
 10
26317.51328997959
 20
42688.45412964568
 11
26318.15848351648
 21
42692.19648909385
 72
     1
 10
26318.15848351648
 20
42692.19648909385
 11
26321.95077661239
 21
42691.3058062354
 72
     1
 10
26321.95077661239
 20
42691.3058062354
 11
26321.47070368124
 21
42689.24685268484
 72
     1
 10
26321.47070368124
 20
42689.24685268484
 11
26331.73680934927
 21
42686.85317098265
 72
     1
 10
26331.73680934927
 20
42686.85317098265
 11
26329.26558963378
 21
42674.33922628836
 72
     1
 10
26329.26558963378
 20
42674.33922628836
 11
26298.09999880764
 21
42681.04000071173
 72
     1
 10
26298.09999880764
 20
42681.04000071173
 11
26300.88937683541
 21
42692.28691082391
 72
     1
 10
26300.88937683541
 20
42692.28691082391
 11
26307.44658867994
 21
42690.75197554693
 97
        0
 75
     1
 76
     1
 98
        1
 10
48.1025654497862
 20
24.26412893395172
450
        0
451
        0
460
0.0
461
0.0
452
        0
462
1.0
453
        2
463
0.0
 63
     5
421
      255
463
1.0
 63
     2
421
 16776960
470
LINEAR
1001
GradientColor1ACI
1070
     5
1001
GradientColor2ACI
1070
     2
1001
ACAD
1010
0.0
1020
0.0
1030
0.0
  0
HATCH
  5
7EB
330
1F
100
AcDbEntity
  8
0.1 ОКН
 62
     1
440
 33554585
100
AcDbHatch
 10
0.0
 20
0.0
 30
0.0
210
0.0
220
0.0
230
1.0
  2
SOLID
 70
     1
 71
     1
 91
        1
 92
        1
 93
        3
 72
     1
 10
26598.60933154473
 20
42308.2631157712
 11
26594.60933154473
 21
42296.2631157712
 72
     1
 10
26594.60933154473
 20
42296.2631157712
 11
26602.60933154473
 21
42296.2631157712
 72
     1
 10
26602.60933154473
 20
42296.2631157712
 11
26598.60933154473
 21
42308.2631157712
 97
        1
330
7EC
 75
     1
 76
     1
 98
        1
 10
525.6894418127594
 20
293.8930331482843
450
        0
451
        0
460
0.0
461
0.0
452
        0
462
1.0
453
        2
463
0.0
 63
     5
421
      255
463
1.0
 63
     2
421
 16776960
470
LINEAR
1001
GradientColor1ACI
1070
     5
1001
GradientColor2ACI
1070
     2
1001
ACAD
1010
0.0
1020
0.0
1030
0.0
  0
LWPOLYLINE
  5
7EC
102
{ACAD_REACTORS
330
7EB
102
}
330
1F
100
AcDbEntity
  8
0.1 ОКН
 62
     1
100
AcDbPolyline
 90
        3
 70
     1
 43
0.0
 10
26598.60933154473
 20
42308.2631157712
 10
26594.60933154473
 20
42296.2631157712
 10
26602.60933154473
 20
42296.2631157712
  0
HATCH
  5
7ED
330
1F
100
AcDbEntity
  8
0.1 ОКН
 62
     1
440
 33554585
100
AcDbHatch
 10
0.0
 20
0.0
 30
0.0
210
0.0
220
0.0
230
1.0
  2
SOLID
 70
     1
 71
     0
 91
        1
 92
        1
 93
        9
 72
     1
 10
25884.00671258741
 20
42561.75649929389
 11
25868.09169014771
 21
42565.94012583796
 72
     1
 10
25868.09169014771
 20
42565.94012583796
 11
25866.42863163206
 21
42559.56909643652
 72
     1
 10
25866.42863163206
 20
42559.56909643652
 11
25859.5852986931
 21
42533.7517265716
 72
     1
 10
25859.5852986931
 20
42533.7517265716
 11
25905.64400323349
 21
42522.64901799019
 72
     1
 10
25905.64400323349
 20
42522.64901799019
 11
25909.77003411019
 21
42539.07717108567
 72
     1
 10
25909.77003411019
 20
42539.07717108567
 11
25894.49794246546
 21
42543.02913841202
 72
     1
 10
25894.49794246546
 20
42543.02913841202
 11
25896.78379255416
 21
42552.31080914799
 72
     1
 10
25896.78379255416
 20
42552.31080914799
 11
25882.54695902091
 21
42555.88096418364
 72
     1
 10
25882.54695902091
 20
42555.88096418364
 11
25884.00671258741
 21
42561.75649929389
 97
        0
 75
     1
 76
     1
 98
        1
 10
25885.80232566949
 20
42546.59410206271
450
        0
451
        0
460
0.0
461
0.0
452
        0
462
1.0
453
        2
463
0.0
 63
     5
421
      255
463
1.0
 63
     2
421
 16776960
470
LINEAR
1001
GradientColor1ACI
1070
     5
1001
GradientColor2ACI
1070
     2
1001
ACAD
1010
0.0
1020
0.0
1030
0.0
  0
HATCH
  5
7EE
330
1F
100
AcDbEntity
  8
0.1 ОКН
 62
     1
440
 33554585
100
AcDbHatch
 10
0.0
 20
0.0
 30
0.0
210
0.0
220
0.0
230
1.0
  2
SOLID
 70
     1
 71
     0
 91
        1
 92
        1
 93
       10
 72
     1
 10
25771.04100898661
 20
42534.12485909456
 11
25761.63988060491
 21
42536.45894072569
 72
     1
 10
25761.63988060491
 20
42536.45894072569
 11
25758.02574001764
 21
42520.70322024633
 72
     1
 10
25758.02574001764
 20
42520.70322024633
 11
25776.51612418308
 21
42516.05496532875
 72
     1
 10
25776.51612418308
 20
42516.05496532875
 11
25777.52483758027
 21
42519.7978094529
 72
     1
 10
25777.52483758027
 20
42519.7978094529
 11
25787.48162000044
 21
42517.11441161772
 72
     1
 10
25787.48162000044
 20
42517.11441161772
 11
25790.50808939093
 21
42528.74534219531
 72
     1
 10
25790.50808939093
 20
42528.74534219531
 11
25776.88779009523
 21
42532.17828259086
 72
     1
 10
25776.88779009523
 20
42532.17828259086
 11
25777.398078552
 21
42533.92596924134
 72
     1
 10
25777.398078552
 20
42533.92596924134
 11
25771.42021053388
 21
42535.67365589183
 72
     1
 10
25771.42021053388
 20
42535.67365589183
 11
25771.04100898661
 21
42534.12485909456
 97
        0
 75
     1
 76
     1
 98
        1
 10
25777.82778512235
 20
42516.57432829837
450
        0
451
        0
460
0.0
461
0.0
452
        0
462
1.0
453
        2
463
0.0
 63
     5
421
      255
463
1.0
 63
     2
421
 16776960
470
LINEAR
1001
GradientColor1ACI
1070
     5
1001
GradientColor2ACI
1070
     2
1001
ACAD
1010
0.0
1020
0.0
1030
0.0
  0
HATCH
  5
7EF
330
1F
100
AcDbEntity
  8
0.1 ОКН
 62
     1
440
 33554585
100
AcDbHatch
 10
0.0
 20
0.0
 30
0.0
210
0.0
220
0.0
230
1.0
  2
SOLID
 70
     1
 71
     0
 91
        1
 92
        1
 93
       20
 72
     1
 10
25993.78968481687
 20
42517.72494405337
 11
25962.85663008654
 21
42525.74398531002
 72
     1
 10
25962.85663008654
 20
42525.74398531002
 11
25950.90198962992
 21
42511.06658594354
 72
     1
 10
25950.90198962992
 20
42511.06658594354
 11
25997.84274676813
 21
42498.14792059992
 72
     1
 10
25997.84274676813
 20
42498.14792059992
 11
25998.47752982149
 21
42500.64372495964
 72
     1
 10
25998.47752982149
 20
42500.64372495964
 11
25997.73223414635
 21
42500.84298917907
 72
     1
 10
25997.73223414635
 20
42500.84298917907
 11
26010.13057181
 21
42548.53508581
 72
     1
 10
26010.13057181
 20
42548.53508581
 11
25966.43761355796
 21
42560.51506120343
 72
     1
 10
25966.43761355796
 20
42560.51506120343
 11
25965.71979570977
 21
42557.41224120729
 72
     1
 10
25965.71979570977
 20
42557.41224120729
 11
25963.24775393904
 21
42557.984132489
 72
     1
 10
25963.24775393904
 20
42557.984132489
 11
25950.90198962992
 21
42511.06658594354
 72
     1
 10
25950.90198962992
 20
42511.06658594354
 11
25962.85663008654
 21
42525.74398531002
 72
     1
 10
25962.85663008654
 20
42525.74398531002
 11
25969.47449204052
 21
42552.67793842272
 72
     1
 10
25969.47449204052
 20
42552.67793842272
 11
25974.73170341395
 21
42551.38620456596
 72
     1
 10
25974.73170341395
 20
42551.38620456596
 11
25973.6440224267
 21
42546.95946539915
 72
     2
 10
25978.81246120322
 20
42546.32263027066
 40
5.207525167246469
 50
172.9756402963833
 51
222.8442853373994
 73
     1
 72
     1
 10
25974.99428037792
 20
42542.78147035437
 11
25992.36701422261
 21
42538.4151728732
 72
     2
 10
25986.48016183356
 20
42545.75025646312
 40
9.405236962544954
 50
308.7491705456712
 51
330.0720614270677
 73
     1
 72
     1
 10
25994.63124405439
 20
42541.0578859587
 11
25995.82744798484
 21
42545.56864460032
 72
     1
 10
25995.82744798484
 20
42545.56864460032
 11
26000.8222681591
 21
42544.24407283778
 72
     1
 10
26000.8222681591
 20
42544.24407283778
 11
25993.78968481687
 21
42517.72494405337
 97
        0
 75
     1
 76
     1
 98
        1
 10
25976.3369478263
 20
42508.44650030391
450
        0
451
        0
460
0.0
461
0.0
452
        0
462
1.0
453
        2
463
0.0
 63
     5
421
      255
463
1.0
 63
     2
421
 16776960
470
LINEAR
1001
GradientColor1ACI
1070
     5
1001
GradientColor2ACI
1070
     2
1001
ACAD
1010
0.0
1020
0.0
1030
0.0
  0
HATCH
  5
7F0
330
1F
100
AcDbEntity
  8
0.1 ОКН
 62
     1
440
 33554585
100
AcDbHatch
 10
0.0
 20
0.0
 30
0.0
210
0.0
220
0.0
230
1.0
  2
SOLID
 70
     1
 71
     0
 91
        1
 92
        1
 93
        8
 72
     1
 10
25954.87072789
 20
42526.37113086
 11
25949.99943767
 21
42527.59572586
 72
     1
 10
25949.99943767
 20
42527.59572586
 11
25950.85609624
 21
42530.64263449999
 72
     1
 10
25950.85609624
 20
42530.64263449999
 11
25938.06298583954
 21
42534.21280009241
 72
     1
 10
25938.06298583954
 20
42534.21280009241
 11
25937.30872488981
 21
42531.53335845891
 72
     1
 10
25937.30872488981
 20
42531.53335845891
 11
25931.32603671579
 21
42533.21748100431
 72
     1
 10
25931.32603671579
 20
42533.21748100431
 11
25926.94363280256
 21
42517.1730517564
 72
     1
 10
25926.94363280256
 20
42517.1730517564
 11
25950.89860888116
 21
42511.0675157597
 72
     1
 10
25950.89860888116
 20
42511.0675157597
 11
25954.87072789
 21
42526.37113086
 97
        0
 75
     1
 76
     1
 98
        1
 10
25934.23158944756
 20
42517.38737560022
450
        0
451
        0
460
0.0
461
0.0
452
        0
462
1.0
453
        2
463
0.0
 63
     5
421
      255
463
1.0
 63
     2
421
 16776960
470
LINEAR
1001
GradientColor1ACI
1070
     5
1001
GradientColor2ACI
1070
     2
1001
ACAD
1010
0.0
1020
0.0
1030
0.0
  0
HATCH
  5
7F1
330
1F
100
AcDbEntity
  8
0.1 ОКН
 62
     1
440
 33554585
100
AcDbHatch
 10
0.0
 20
0.0
 30
0.0
210
0.0
220
0.0
230
1.0
  2
SOLID
 70
     1
 71
     0
 91
        1
 92
        1
 93
       10
 72
     1
 10
25964.34887079
 20
42562.16630365
 11
25938.94571936
 21
42568.50530869
 72
     1
 10
25938.94571936
 20
42568.50530869
 11
25937.19827129445
 21
42560.91367544221
 72
     1
 10
25937.19827129445
 20
42560.91367544221
 11
25958.04081029788
 21
42555.07037308064
 72
     1
 10
25958.04081029788
 20
42555.07037308064
 11
25957.01941950859
 21
42551.42716312052
 72
     1
 10
25957.01941950859
 20
42551.42716312052
 11
25953.13878494812
 21
42552.51511699638
 72
     1
 10
25953.13878494812
 20
42552.51511699638
 11
25947.70982223737
 21
42533.15049061811
 72
     1
 10
25947.70982223737
 20
42533.15049061811
 11
25951.48575929585
 21
42532.09188917193
 72
     1
 10
25951.48575929585
 20
42532.09188917193
 11
25950.2991480359
 21
42527.8765634099
 72
     1
 10
25950.2991480359
 20
42527.8765634099
 11
25954.87072789
 21
42526.37113086
 72
     1
 10
25954.87072789
 20
42526.37113086
 11
25964.34887079
 21
42562.16630365
 97
        0
 75
     1
 76
     1
 98
        1
 10
25939.43122485791
 20
42541.93533047962
450
        0
451
        0
460
0.0
461
0.0
452
        0
462
1.0
453
        2
463
0.0
 63
     5
421
      255
463
1.0
 63
     2
421
 16776960
470
LINEAR
1001
GradientColor1ACI
1070
     5
1001
GradientColor2ACI
1070
     2
1001
ACAD
1010
0.0
1020
0.0
1030
0.0
  0
HATCH
  5
7F2
330
1F
100
AcDbEntity
  8
0.1 ОКН
 62
     1
440
 33554585
100
AcDbHatch
 10
0.0
 20
0.0
 30
0.0
210
0.0
220
0.0
230
1.0
  2
SOLID
 70
     1
 71
     0
 91
        1
 92
        1
 93
        6
 72
     1
 10
26008.62520943908
 20
42506.4276171396
 11
26000.34557669924
 21
42508.18333450849
 72
     1
 10
26000.34557669924
 20
42508.18333450849
 11
25997.8497186313
 21
42498.06939915782
 72
     1
 10
25997.8497186313
 20
42498.06939915782
 11
26014.98262479484
 21
42494.12239405033
 72
     1
 10
26014.98262479484
 20
42494.12239405033
 11
26018.13977023147
 21
42507.45247787094
 72
     1
 10
26018.13977023147
 20
42507.45247787094
 11
26009.26091651189
 21
42509.45469543639
 72
     1
 10
26009.26091651189
 20
42509.45469543639
 11
26008.62520943908
 21
42506.4276171396
 97
        0
 75
     1
 76
     1
 98
        1
 10
26011.1621339539
 20
42490.88256587119
450
        0
451
        0
460
0.0
461
0.0
452
        0
462
1.0
453
        2
463
0.0
 63
     5
421
      255
463
1.0
 63
     2
421
 16776960
470
LINEAR
1001
GradientColor1ACI
1070
     5
1001
GradientColor2ACI
1070
     2
1001
ACAD
1010
0.0
1020
0.0
1030
0.0
  0
HATCH
  5
7F3
330
1F
100
AcDbEntity
  8
0.1 ОКН
 62
     1
440
 33554585
100
AcDbHatch
 10
0.0
 20
0.0
 30
0.0
210
0.0
220
0.0
230
1.0
  2
SOLID
 70
     1
 71
     0
 91
        1
 92
        1
 93
       22
 72
     1
 10
26063.38413147446
 20
42493.62262711786
 11
26047.02421629101
 21
42498.15755256058
 72
     1
 10
26047.02421629101
 20
42498.15755256058
 11
26043.33996124
 21
42485.25154063
 72
     1
 10
26043.33996124
 20
42485.25154063
 11
26046.85975432235
 21
42484.246890646
 72
     1
 10
26046.85975432235
 20
42484.246890646
 11
26047.02235148511
 21
42484.8175588952
 72
     1
 10
26047.02235148511
 20
42484.8175588952
 11
26059.84579929141
 21
42481.19900109556
 72
     1
 10
26059.84579929141
 20
42481.19900109556
 11
26059.71353531209
 21
42480.67026368775
 72
     1
 10
26059.71353531209
 20
42480.67026368775
 11
26063.26194599417
 21
42479.68064977468
 72
     1
 10
26063.26194599417
 20
42479.68064977468
 11
26063.44843380265
 21
42480.30863903931
 72
     1
 10
26063.44843380265
 20
42480.30863903931
 11
26076.32298222155
 21
42476.77984341093
 72
     1
 10
26076.32298222155
 20
42476.77984341093
 11
26076.20568980983
 21
42476.2862770835
 72
     1
 10
26076.20568980983
 20
42476.2862770835
 11
26081.91425033286
 21
42474.7680265826
 72
     1
 10
26081.91425033286
 20
42474.7680265826
 11
26082.06706501223
 21
42475.25673906188
 72
     1
 10
26082.06706501223
 20
42475.25673906188
 11
26087.35731694575
 21
42473.73756472303
 72
     1
 10
26087.35731694575
 20
42473.73756472303
 11
26089.02433100042
 21
42474.79433021822
 72
     1
 10
26089.02433100042
 20
42474.79433021822
 11
26093.37996123
 21
42490.48154021
 72
     1
 10
26093.37996123
 20
42490.48154021
 11
26080.80491550925
 21
42493.87989969721
 72
     1
 10
26080.80491550925
 20
42493.87989969721
 11
26079.87384682063
 21
42490.13246601781
 72
     1
 10
26079.87384682063
 20
42490.13246601781
 11
26078.70466444043
 21
42489.37581569101
 72
     1
 10
26078.70466444043
 20
42489.37581569101
 11
26066.96387451961
 21
42492.63033176474
 72
     1
 10
26066.96387451961
 20
42492.63033176474
 11
26067.2304476082
 21
42493.59057742899
 72
     1
 10
26067.2304476082
 20
42493.59057742899
 11
26063.6510623246
 21
42494.58420400848
 72
     1
 10
26063.6510623246
 20
42494.58420400848
 11
26063.38413147446
 21
42493.62262711786
 97
        0
 75
     1
 76
     1
 98
        1
 10
26063.09449509667
 20
42479.38165454307
450
        0
451
        0
460
0.0
461
0.0
452
        0
462
1.0
453
        2
463
0.0
 63
     5
421
      255
463
1.0
 63
     2
421
 16776960
470
LINEAR
1001
GradientColor1ACI
1070
     5
1001
GradientColor2ACI
1070
     2
1001
ACAD
1010
0.0
1020
0.0
1030
0.0
  0
HATCH
  5
7F4
330
1F
100
AcDbEntity
  8
0.1 ОКН
 62
     1
440
 33554585
100
AcDbHatch
 10
0.0
 20
0.0
 30
0.0
210
0.0
220
0.0
230
1.0
  2
SOLID
 70
     1
 71
     0
 91
        1
 92
        1
 93
       27
 72
     1
 10
25935.01503742918
 20
42492.57627112621
 11
25923.48375760668
 21
42495.6200879177
 72
     1
 10
25923.48375760668
 20
42495.6200879177
 11
25923.88526561807
 21
42497.03559912393
 72
     1
 10
25923.88526561807
 20
42497.03559912393
 11
25921.61105986521
 21
42497.61816950491
 72
     1
 10
25921.61105986521
 20
42497.61816950491
 11
25921.14962298145
 21
42495.83870967339
 72
     1
 10
25921.14962298145
 20
42495.83870967339
 11
25912.66819709751
 21
42498.22373456749
 72
     1
 10
25912.66819709751
 20
42498.22373456749
 11
25913.2242592039
 21
42500.00204705552
 72
     1
 10
25913.2242592039
 20
42500.00204705552
 11
25905.68432483908
 21
42501.97695514045
 72
     1
 10
25905.68432483908
 20
42501.97695514045
 11
25901.17036432043
 21
42485.52243120353
 72
     1
 10
25901.17036432043
 20
42485.52243120353
 11
25905.96099601508
 21
42484.19714224892
 72
     1
 10
25905.96099601508
 20
42484.19714224892
 11
25906.39343148966
 21
42485.76574952136
 72
     1
 10
25906.39343148966
 20
42485.76574952136
 11
25920.86571725244
 21
42481.94082478344
 72
     1
 10
25920.86571725244
 20
42481.94082478344
 11
25920.73392851265
 21
42481.38106235468
 72
     1
 10
25920.73392851265
 20
42481.38106235468
 11
25925.20230743019
 21
42480.11702969493
 72
     1
 10
25925.20230743019
 20
42480.11702969493
 11
25925.39137268075
 21
42480.82129992591
 72
     1
 10
25925.39137268075
 20
42480.82129992591
 11
25941.12974563718
 21
42476.53302068937
 72
     1
 10
25941.12974563718
 20
42476.53302068937
 11
25942.52662675186
 21
42477.61882242168
 72
     1
 10
25942.52662675186
 20
42477.61882242168
 11
25945.36026609311
 21
42473.7998543806
 72
     1
 10
25945.36026609311
 20
42473.7998543806
 11
25944.32716372242
 21
42470.53174064065
 72
     1
 10
25944.32716372242
 20
42470.53174064065
 11
25952.47972193225
 21
42468.34315515685
 72
     1
 10
25952.47972193225
 20
42468.34315515685
 11
25952.94121946923
 21
42471.59730245171
 72
     1
 10
25952.94121946923
 20
42471.59730245171
 11
25954.52358282688
 21
42477.73446546086
 72
     1
 10
25954.52358282688
 20
42477.73446546086
 11
25955.0934715449
 21
42477.62064976741
 72
     1
 10
25955.0934715449
 20
42477.62064976741
 11
25957.41070452431
 21
42486.5416701323
 72
     1
 10
25957.41070452431
 20
42486.5416701323
 11
25947.15342810384
 21
42489.29712916039
 72
     1
 10
25947.15342810384
 20
42489.29712916039
 11
25947.02929604395
 21
42488.92737554195
 72
     1
 10
25947.02929604395
 20
42488.92737554195
 11
25934.90187159443
 21
42492.19585587652
 72
     1
 10
25934.90187159443
 20
42492.19585587652
 11
25935.01503742918
 21
42492.57627112621
 97
        0
 75
     1
 76
     1
 98
        1
 10
25921.17893951543
 20
42478.60671211763
450
        0
451
        0
460
0.0
461
0.0
452
        0
462
1.0
453
        2
463
0.0
 63
     5
421
      255
463
1.0
 63
     2
421
 16776960
470
LINEAR
1001
GradientColor1ACI
1070
     5
1001
GradientColor2ACI
1070
     2
1001
ACAD
1010
0.0
1020
0.0
1030
0.0
  0
HATCH
  5
7F5
330
1F
100
AcDbEntity
  8
0.1 ОКН
 62
     1
440
 33554585
100
AcDbHatch
 10
0.0
 20
0.0
 30
0.0
210
0.0
220
0.0
230
1.0
  2
SOLID
 70
     1
 71
     0
 91
        1
 92
        1
 93
       11
 72
     1
 10
25982.68869731781
 20
42480.71337050271
 11
25979.38961474938
 21
42478.74295050655
 72
     1
 10
25979.38961474938
 20
42478.74295050655
 11
25979.78581290517
 21
42478.25451058273
 72
     1
 10
25979.78581290517
 20
42478.25451058273
 11
25977.4807884643
 21
42469.77731280979
 72
     1
 10
25977.4807884643
 20
42469.77731280979
 11
25976.93278456474
 21
42469.88322844839
 72
     1
 10
25976.93278456474
 20
42469.88322844839
 11
25975.72477087278
 21
42465.73046281835
 72
     1
 10
25975.72477087278
 20
42465.73046281835
 11
25976.32124084606
 21
42465.59031264634
 72
     1
 10
25976.32124084606
 20
42465.59031264634
 11
25975.93965056998
 21
42464.15316663989
 72
     1
 10
25975.93965056998
 20
42464.15316663989
 11
25991.89010211844
 21
42459.93870496638
 72
     1
 10
25991.89010211844
 20
42459.93870496638
 11
25996.42798893147
 21
42476.69508216075
 72
     1
 10
25996.42798893147
 20
42476.69508216075
 11
25982.92481959583
 21
42480.14767456648
 72
     1
 10
25982.92481959583
 20
42480.14767456648
 11
25982.68869731781
 21
42480.71337050271
 97
        0
 75
     1
 76
     1
 98
        1
 10
25968.19739664253
 20
42455.20062621517
450
        0
451
        0
460
0.0
461
0.0
452
        0
462
1.0
453
        2
463
0.0
 63
     5
421
      255
463
1.0
 63
     2
421
 16776960
470
LINEAR
1001
GradientColor1ACI
1070
     5
1001
GradientColor2ACI
1070
     2
1001
ACAD
1010
0.0
1020
0.0
1030
0.0
  0
HATCH
  5
7F6
330
1F
100
AcDbEntity
  8
0.1 ОКН
 62
     1
440
 33554585
100
AcDbHatch
 10
0.0
 20
0.0
 30
0.0
210
0.0
220
0.0
230
1.0
  2
SOLID
 70
     1
 71
     0
 91
        1
 92
        1
 93
        7
 72
     1
 10
25972.93585265624
 20
42452.94199532148
 11
25970.83310942225
 21
42444.98639666276
 72
     1
 10
25970.83310942225
 20
42444.98639666276
 11
25986.74753592437
 21
42440.94951849147
 72
     1
 10
25986.74753592437
 20
42440.94951849147
 11
25988.86834727628
 21
42448.64060468807
 72
     1
 10
25988.86834727628
 20
42448.64060468807
 11
25981.38103078702
 21
42450.70111159888
 72
     1
 10
25981.38103078702
 20
42450.70111159888
 11
25984.44280108698
 21
42461.89541444301
 72
     1
 10
25984.44280108698
 20
42461.89541444301
 11
25975.93965056998
 21
42464.15316663989
 72
     1
 10
25975.93965056998
 20
42464.15316663989
 11
25972.93585265624
 21
42452.94199532148
 97
        0
 75
     1
 76
     1
 98
        1
 10
25962.25245250514
 20
42438.85170517374
450
        0
451
        0
460
0.0
461
0.0
452
        0
462
1.0
453
        2
463
0.0
 63
     5
421
      255
463
1.0
 63
     2
421
 16776960
470
LINEAR
1001
GradientColor1ACI
1070
     5
1001
GradientColor2ACI
1070
     2
1001
ACAD
1010
0.0
1020
0.0
1030
0.0
  0
HATCH
  5
7F7
330
1F
100
AcDbEntity
  8
0.1 ОКН
 62
     1
440
 33554585
100
AcDbHatch
 10
0.0
 20
0.0
 30
0.0
210
0.0
220
0.0
230
1.0
  2
SOLID
 70
     1
 71
     0
 91
        1
 92
        1
 93
       23
 72
     1
 10
25994.845
 20
42459.46499999999
 11
25995.39
 21
42458.365
 72
     1
 10
25995.39
 20
42458.365
 11
25998.945
 21
42457.555
 72
     1
 10
25998.945
 20
42457.555
 11
25999.1931819023
 21
42458.60500035586
 72
     1
 10
25999.1931819023
 20
42458.60500035586
 11
26002.235
 21
42457.74500071172
 72
     1
 10
26002.235
 20
42457.74500071172
 11
26003.54592590058
 21
42455.60158902026
 72
     1
 10
26003.54592590058
 20
42455.60158902026
 11
26003.39380816049
 21
42454.35930088271
 72
     1
 10
26003.39380816049
 20
42454.35930088271
 11
26001.55271784289
 21
42453.40915938641
 72
     1
 10
26001.55271784289
 20
42453.40915938641
 11
26000.42712034253
 21
42448.14320387431
 72
     1
 10
26000.42712034253
 20
42448.14320387431
 11
26001.64212398519
 21
42446.61833251851
 72
     1
 10
26001.64212398519
 20
42446.61833251851
 11
26003.0
 21
42446.30000071173
 72
     1
 10
26003.0
 20
42446.30000071173
 11
26001.735
 21
42441.51000071172
 72
     1
 10
26001.735
 20
42441.51000071172
 11
26000.635
 21
42441.79500071172
 72
     1
 10
26000.635
 20
42441.79500071172
 11
26001.02
 21
42443.25000071173
 72
     1
 10
26001.02
 20
42443.25000071173
 11
25999.99999977661
 21
42444.88099882838
 72
     1
 10
25999.99999977661
 20
42444.88099882838
 11
25991.93
 21
42447.1
 72
     1
 10
25991.93
 20
42447.1
 11
25992.125
 21
42447.78
 72
     1
 10
25992.125
 20
42447.78
 11
25988.86834727628
 21
42448.64060468807
 72
     1
 10
25988.86834727628
 20
42448.64060468807
 11
25986.75756406379
 21
42440.98654790485
 72
     1
 10
25986.75756406379
 20
42440.98654790485
 11
26003.84668709
 21
42436.60039314
 72
     1
 10
26003.84668709
 20
42436.60039314
 11
26013.06146757268
 21
42472.36379562493
 72
     1
 10
26013.06146757268
 20
42472.36379562493
 11
25996.42798893147
 21
42476.69508216075
 72
     1
 10
25996.42798893147
 20
42476.69508216075
 11
25992.08870961197
 21
42460.05465416262
 72
     1
 10
25992.08870961197
 20
42460.05465416262
 11
25994.845
 21
42459.46499999999
 97
        0
 75
     1
 76
     1
 98
        1
 10
25982.58503084807
 20
42444.92377651662
450
        0
451
        0
460
0.0
461
0.0
452
        0
462
1.0
453
        2
463
0.0
 63
     5
421
      255
463
1.0
 63
     2
421
 16776960
470
LINEAR
1001
GradientColor1ACI
1070
     5
1001
GradientColor2ACI
1070
     2
1001
ACAD
1010
0.0
1020
0.0
1030
0.0
  0
HATCH
  5
7F8
330
1F
100
AcDbEntity
  8
0.1 ОКН
 62
     1
440
 33554585
100
AcDbHatch
 10
0.0
 20
0.0
 30
0.0
210
0.0
220
0.0
230
1.0
  2
SOLID
 70
     1
 71
     0
 91
        1
 92
        1
 93
        7
 72
     1
 10
26009.34777680329
 20
42456.8293878069
 11
26024.02316070015
 21
42453.03315907974
 72
     1
 10
26024.02316070015
 20
42453.03315907974
 11
26025.36886422007
 21
42453.75783225816
 72
     1
 10
26025.36886422007
 20
42453.75783225816
 11
26028.63410918387
 21
42467.78332939669
 72
     1
 10
26028.63410918387
 20
42467.78332939669
 11
26017.17941840863
 21
42470.89753575904
 72
     1
 10
26017.17941840863
 20
42470.89753575904
 11
26017.2402
 21
42471.12110071171
 72
     1
 10
26017.2402
 20
42471.12110071171
 11
26013.4199
 21
42472.26950071173
 72
     1
 10
26013.4199
 20
42472.26950071173
 11
26009.34777680329
 21
42456.8293878069
 97
        0
 75
     1
 76
     1
 98
        1
 10
26002.01821441273
 20
42443.36236371745
450
        0
451
        0
460
0.0
461
0.0
452
        0
462
1.0
453
        2
463
0.0
 63
     5
421
      255
463
1.0
 63
     2
421
 16776960
470
LINEAR
1001
GradientColor1ACI
1070
     5
1001
GradientColor2ACI
1070
     2
1001
ACAD
1010
0.0
1020
0.0
1030
0.0
  0
HATCH
  5
7F9
330
1F
100
AcDbEntity
  8
0.1 ОКН
 62
     1
440
 33554585
100
AcDbHatch
 10
0.0
 20
0.0
 30
0.0
210
0.0
220
0.0
230
1.0
  2
SOLID
 70
     1
 71
     0
 91
        1
 92
        1
 93
        4
 72
     1
 10
26003.64336338953
 20
42435.46016913033
 11
26022.25976481026
 21
42430.75000909398
 72
     1
 10
26022.25976481026
 20
42430.75000909398
 11
26026.03856583029
 21
42444.53107843431
 72
     1
 10
26026.03856583029
 20
42444.53107843431
 11
26007.37812877383
 21
42449.36114912926
 72
     1
 10
26007.37812877383
 20
42449.36114912926
 11
26003.64336338953
 21
42435.46016913033
 97
        0
 75
     1
 76
     1
 98
        1
 10
25998.07550559626
 20
42419.23891865188
450
        0
451
        0
460
0.0
461
0.0
452
        0
462
1.0
453
        2
463
0.0
 63
     5
421
      255
463
1.0
 63
     2
421
 16776960
470
LINEAR
1001
GradientColor1ACI
1070
     5
1001
GradientColor2ACI
1070
     2
1001
ACAD
1010
0.0
1020
0.0
1030
0.0
  0
HATCH
  5
7FA
330
1F
100
AcDbEntity
  8
0.1 ОКН
 62
     1
440
 33554585
100
AcDbHatch
 10
0.0
 20
0.0
 30
0.0
210
0.0
220
0.0
230
1.0
  2
SOLID
 70
     1
 71
     0
 91
        1
 92
        1
 93
       32
 72
     1
 10
26032.29
 20
42449.775
 11
26043.44
 21
42446.71
 72
     1
 10
26043.44
 20
42446.71
 11
26043.155
 21
42445.62499999999
 72
     1
 10
26043.155
 20
42445.62499999999
 11
26047.1491534425
 21
42444.52135233823
 72
     1
 10
26047.1491534425
 20
42444.52135233823
 11
26047.47185998646
 21
42445.74908243665
 72
     1
 10
26047.47185998646
 20
42445.74908243665
 11
26050.70278630883
 21
42444.89983953819
 72
     1
 10
26050.70278630883
 20
42444.89983953819
 11
26060.03369669823
 21
42442.44722731687
 72
     1
 10
26060.03369669823
 20
42442.44722731687
 11
26059.44951473085
 21
42440.23379103564
 72
     1
 10
26059.44951473085
 20
42440.23379103564
 11
26063.58964425776
 21
42438.98008915553
 72
     1
 10
26063.58964425776
 20
42438.98008915553
 11
26062.63822035833
 21
42435.7855353665
 72
     1
 10
26062.63822035833
 20
42435.7855353665
 11
26060.20717137827
 21
42436.42316353003
 72
     1
 10
26060.20717137827
 20
42436.42316353003
 11
26059.53901230032
 21
42433.87571105249
 72
     1
 10
26059.53901230032
 20
42433.87571105249
 11
26059.67622382483
 21
42433.83704132897
 72
     1
 10
26059.67622382483
 20
42433.83704132897
 11
26057.61960728329
 21
42425.9491362108
 72
     1
 10
26057.61960728329
 20
42425.9491362108
 11
26055.58826072809
 21
42426.47876998104
 72
     1
 10
26055.58826072809
 20
42426.47876998104
 11
26054.4888624164
 21
42422.26216012958
 72
     1
 10
26054.4888624164
 20
42422.26216012958
 11
26073.57311397342
 21
42416.98666158174
 72
     1
 10
26073.57311397342
 20
42416.98666158174
 11
26080.93887634769
 21
42444.86551624832
 72
     1
 10
26080.93887634769
 20
42444.86551624832
 11
26081.28678399955
 21
42444.77518242078
 72
     1
 10
26081.28678399955
 20
42444.77518242078
 11
26082.5817800924
 21
42449.85327730108
 72
     1
 10
26082.5817800924
 20
42449.85327730108
 11
26082.1321565722
 21
42449.99111383037
 72
     1
 10
26082.1321565722
 20
42449.99111383037
 11
26082.41158952441
 21
42451.17905301367
 72
     1
 10
26082.41158952441
 20
42451.17905301367
 11
26081.31242249326
 21
42453.42302377232
 72
     1
 10
26081.31242249326
 20
42453.42302377232
 11
26079.75197360738
 21
42453.77992771544
 72
     1
 10
26079.75197360738
 20
42453.77992771544
 11
26079.74742713203
 21
42454.26144441899
 72
     1
 10
26079.74742713203
 20
42454.26144441899
 11
26074.79602780457
 21
42455.62154934246
 72
     1
 10
26074.79602780457
 20
42455.62154934246
 11
26074.70010676379
 21
42455.11671141241
 72
     1
 10
26074.70010676379
 20
42455.11671141241
 11
26036.745
 21
42465.3
 72
     1
 10
26036.745
 20
42465.3
 11
26036.89
 21
42465.96499999999
 72
     1
 10
26036.89
 20
42465.96499999999
 11
26032.56840238234
 21
42467.07164392437
 72
     1
 10
26032.56840238234
 20
42467.07164392437
 11
26027.71666395089
 21
42448.81145543359
 72
     1
 10
26027.71666395089
 20
42448.81145543359
 11
26031.78910014408
 21
42447.60940066918
 72
     1
 10
26031.78910014408
 20
42447.60940066918
 11
26032.29
 21
42449.775
 97
        0
 75
     1
 76
     1
 98
        1
 10
26037.67220532182
 20
42425.38512775992
450
        0
451
        0
460
0.0
461
0.0
452
        0
462
1.0
453
        2
463
0.0
 63
     5
421
      255
463
1.0
 63
     2
421
 16776960
470
LINEAR
1001
GradientColor1ACI
1070
     5
1001
GradientColor2ACI
1070
     2
1001
ACAD
1010
0.0
1020
0.0
1030
0.0
  0
HATCH
  5
7FC
330
1F
100
AcDbEntity
  8
0.1 ОКН
 62
     1
440
 33554585
100
AcDbHatch
 10
0.0
 20
0.0
 30
0.0
210
0.0
220
0.0
230
1.0
  2
SOLID
 70
     1
 71
     0
 91
        1
 92
        1
 93
       12
 72
     1
 10
26168.16608872468
 20
42466.75296194462
 11
26171.84989552126
 21
42481.21461408125
 72
     1
 10
26171.84989552126
 20
42481.21461408125
 11
26172.23159034964
 21
42481.11738521766
 72
     1
 10
26172.23159034964
 20
42481.11738521766
 11
26172.42091110414
 21
42481.86060847691
 72
     1
 10
26172.42091110414
 20
42481.86060847691
 11
26162.24710282635
 21
42484.22740856054
 72
     1
 10
26162.24710282635
 20
42484.22740856054
 11
26154.54506483579
 21
42457.02304546007
 72
     1
 10
26154.54506483579
 20
42457.02304546007
 11
26178.01452167396
 21
42450.81323370984
 72
     1
 10
26178.01452167396
 20
42450.81323370984
 11
26181.23515061987
 21
42463.58370132728
 72
     1
 10
26181.23515061987
 20
42463.58370132728
 11
26178.06958100298
 21
42464.3754340942
 72
     1
 10
26178.06958100298
 20
42464.3754340942
 11
26178.37725989437
 21
42465.58330012594
 72
     1
 10
26178.37725989437
 20
42465.58330012594
 11
26174.58711264731
 21
42466.5487617521
 72
     1
 10
26174.58711264731
 20
42466.5487617521
 11
26174.24470508639
 21
42465.20456013993
 72
     1
 10
26174.24470508639
 20
42465.20456013993
 11
26168.16608872468
 21
42466.75296194462
 97
        0
 75
     1
 76
     1
 98
        1
 10
136.5761564802851
 20
53.83546599726833
450
        0
451
        0
460
0.0
461
0.0
452
        0
462
1.0
453
        2
463
0.0
 63
     5
421
      255
463
1.0
 63
     2
421
 16776960
470
LINEAR
1001
GradientColor1ACI
1070
     5
1001
GradientColor2ACI
1070
     2
1001
ACAD
1010
0.0
1020
0.0
1030
0.0
  0
HATCH
  5
7FD
330
1F
100
AcDbEntity
  8
0.1 ОКН
 62
     1
440
 33554585
100
AcDbHatch
 10
0.0
 20
0.0
 30
0.0
210
0.0
220
0.0
230
1.0
  2
SOLID
 70
     1
 71
     0
 91
        1
 92
        1
 93
        8
 72
     1
 10
26178.25814206319
 20
42451.26065894944
 11
26197.10870334399
 21
42445.6937830372
 72
     1
 10
26197.10870334399
 20
42445.6937830372
 11
26197.25061756687
 21
42446.29898672956
 72
     1
 10
26197.25061756687
 20
42446.29898672956
 11
26199.55168814689
 21
42445.69617314705
 72
     1
 10
26199.55168814689
 20
42445.69617314705
 11
26209.72992163423
 21
42486.06281061301
 72
     1
 10
26209.72992163423
 20
42486.06281061301
 11
26208.07460910694
 21
42488.31655136115
 72
     1
 10
26208.07460910694
 20
42488.31655136115
 11
26212.018
 21
42503.11799999999
 72
     1
 10
26212.018
 20
42503.11799999999
 11
26192.54283702702
 21
42508.42104382012
 72
     1
 10
26192.54283702702
 20
42508.42104382012
 11
26178.25814206319
 21
42451.26065894944
 97
        0
 75
     1
 76
     1
 98
        1
 10
26174.24500170577
 20
42438.24113445586
450
        0
451
        0
460
0.0
461
0.0
452
        0
462
1.0
453
        2
463
0.0
 63
     5
421
      255
463
1.0
 63
     2
421
 16776960
470
LINEAR
1001
GradientColor1ACI
1070
     5
1001
GradientColor2ACI
1070
     2
1001
ACAD
1010
0.0
1020
0.0
1030
0.0
  0
HATCH
  5
7FE
330
1F
100
AcDbEntity
  8
0.1 ОКН
 62
     1
440
 33554585
100
AcDbHatch
 10
0.0
 20
0.0
 30
0.0
210
0.0
220
0.0
230
1.0
  2
SOLID
 70
     1
 71
     0
 91
        1
 92
        1
 93
       10
 72
     1
 10
26199.55168814689
 20
42445.69617314705
 11
26207.412
 21
42443.637
 72
     1
 10
26207.412
 20
42443.637
 11
26211.801
 21
42461.356
 72
     1
 10
26211.801
 20
42461.356
 11
26213.431
 21
42482.23499999999
 72
     1
 10
26213.431
 20
42482.23499999999
 11
26212.93461866786
 21
42482.29504642455
 72
     1
 10
26212.93461866786
 20
42482.29504642455
 11
26213.408
 21
42484.263
 72
     1
 10
26213.408
 20
42484.263
 11
26212.5355086824
 21
42485.51496426055
 72
     1
 10
26212.5355086824
 20
42485.51496426055
 11
26211.00939045688
 21
42486.03991029986
 72
     1
 10
26211.00939045688
 20
42486.03991029986
 11
26210.22167551899
 21
42485.39327797197
 72
     1
 10
26210.22167551899
 20
42485.39327797197
 11
26209.72992163423
 21
42486.06281061301
 72
     1
 10
26209.72992163423
 20
42486.06281061301
 11
26199.55168814689
 21
42445.69617314705
 97
        0
 75
     1
 76
     1
 98
        1
 10
26199.20892274747
 20
42425.35285846765
450
        0
451
        0
460
0.0
461
0.0
452
        0
462
1.0
453
        2
463
0.0
 63
     5
421
      255
463
1.0
 63
     2
421
 16776960
470
LINEAR
1001
GradientColor1ACI
1070
     5
1001
GradientColor2ACI
1070
     2
1001
ACAD
1010
0.0
1020
0.0
1030
0.0
  0
HATCH
  5
7FF
330
1F
100
AcDbEntity
  8
0.1 ОКН
 62
     1
440
 33554585
100
AcDbHatch
 10
0.0
 20
0.0
 30
0.0
210
0.0
220
0.0
230
1.0
  2
SOLID
 70
     1
 71
     0
 91
        1
 92
        1
 93
       20
 72
     1
 10
26245.39126285311
 20
42433.92915945945
 11
26277.53599700035
 21
42425.15559345669
 72
     1
 10
26277.53599700035
 20
42425.15559345669
 11
26285.63312985906
 21
42454.34032690997
 72
     1
 10
26285.63312985906
 20
42454.34032690997
 11
26281.57137302614
 21
42455.50470419051
 72
     1
 10
26281.57137302614
 20
42455.50470419051
 11
26287.83241748843
 21
42477.34542587993
 72
     1
 10
26287.83241748843
 20
42477.34542587993
 11
26276.93174408371
 21
42480.50604504471
 72
     1
 10
26276.93174408371
 20
42480.50604504471
 11
26276.72361472959
 21
42479.78158455836
 72
     1
 10
26276.72361472959
 20
42479.78158455836
 11
26258.94837472026
 21
42484.67448117065
 72
     1
 10
26258.94837472026
 20
42484.67448117065
 11
26255.44125917914
 21
42471.54068553841
 72
     1
 10
26255.44125917914
 20
42471.54068553841
 11
26262.47284515543
 21
42469.3860103689
 72
     1
 10
26262.47284515543
 20
42469.3860103689
 11
26263.73287933748
 21
42474.10130315174
 72
     1
 10
26263.73287933748
 20
42474.10130315174
 11
26278.91237241407
 21
42469.88226209579
 72
     1
 10
26278.91237241407
 20
42469.88226209579
 11
26273.04909704476
 21
42449.05926854981
 72
     1
 10
26273.04909704476
 20
42449.05926854981
 11
26261.59309441512
 21
42452.03555087931
 72
     1
 10
26261.59309441512
 20
42452.03555087931
 11
26261.76193107925
 21
42452.72314313294
 72
     1
 10
26261.76193107925
 20
42452.72314313294
 11
26258.03670016801
 21
42453.73150986725
 72
     1
 10
26258.03670016801
 20
42453.73150986725
 11
26257.42307411626
 21
42453.89760966418
 72
     1
 10
26257.42307411626
 20
42453.89760966418
 11
26257.42307411591
 21
42455.63238961372
 72
     1
 10
26257.42307411591
 20
42455.63238961372
 11
26261.50563466241
 21
42469.6823907929
 72
     1
 10
26261.50563466241
 20
42469.6823907929
 11
26255.44125917914
 21
42471.54068553841
 72
     1
 10
26255.44125917914
 20
42471.54068553841
 11
26245.39126285311
 21
42433.92915945945
 97
        0
 75
     1
 76
     1
 98
        1
 10
26257.66074380347
 20
42413.96889026127
450
        0
451
        0
460
0.0
461
0.0
452
        0
462
1.0
453
        2
463
0.0
 63
     5
421
      255
463
1.0
 63
     2
421
 16776960
470
LINEAR
1001
GradientColor1ACI
1070
     5
1001
GradientColor2ACI
1070
     2
1001
ACAD
1010
0.0
1020
0.0
1030
0.0
  0
HATCH
  5
800
330
1F
100
AcDbEntity
  8
0.1 ОКН
 62
     1
440
 33554585
100
AcDbHatch
 10
0.0
 20
0.0
 30
0.0
210
0.0
220
0.0
230
1.0
  2
SOLID
 70
     1
 71
     0
 91
        1
 92
        1
 93
        6
 72
     1
 10
26277.53131364841
 20
42425.13871311391
 11
26283.65809128462
 21
42423.51817431868
 72
     1
 10
26283.65809128462
 20
42423.51817431868
 11
26288.99277037523
 21
42443.410174366
 72
     1
 10
26288.99277037523
 20
42443.410174366
 11
26292.33212544261
 21
42442.54879377815
 72
     1
 10
26292.33212544261
 20
42442.54879377815
 11
26294.70304947839
 21
42451.74026768054
 72
     1
 10
26294.70304947839
 20
42451.74026768054
 11
26285.64735533995
 21
42454.39160022796
 72
     1
 10
26285.64735533995
 20
42454.39160022796
 11
26277.53131364841
 21
42425.13871311391
 97
        0
 75
     1
 76
     1
 98
        1
 10
26274.0022738095
 20
42411.98689115265
450
        0
451
        0
460
0.0
461
0.0
452
        0
462
1.0
453
        2
463
0.0
 63
     5
421
      255
463
1.0
 63
     2
421
 16776960
470
LINEAR
1001
GradientColor1ACI
1070
     5
1001
GradientColor2ACI
1070
     2
1001
ACAD
1010
0.0
1020
0.0
1030
0.0
  0
HATCH
  5
801
330
1F
100
AcDbEntity
  8
0.1 ОКН
 62
     1
440
 33554585
100
AcDbHatch
 10
0.0
 20
0.0
 30
0.0
210
0.0
220
0.0
230
1.0
  2
SOLID
 70
     1
 71
     0
 91
        1
 92
        1
 93
       26
 72
     1
 10
26283.65809128462
 20
42423.51817431868
 11
26320.70845288466
 21
42413.43168753391
 72
     1
 10
26320.70845288466
 20
42413.43168753391
 11
26322.20453190137
 21
42419.0818104549
 72
     1
 10
26322.20453190137
 20
42419.0818104549
 11
26334.3235376346
 21
42426.06342658918
 72
     1
 10
26334.3235376346
 20
42426.06342658918
 11
26339.71650000983
 21
42424.54102117704
 72
     1
 10
26339.71650000983
 20
42424.54102117704
 11
26343.07075119871
 21
42436.23073438141
 72
     1
 10
26343.07075119871
 20
42436.23073438141
 11
26341.93218013044
 21
42436.58718075375
 72
     1
 10
26341.93218013044
 20
42436.58718075375
 11
26350.57
 21
42467.62
 72
     1
 10
26350.57
 20
42467.62
 11
26345.47
 21
42468.95
 72
     1
 10
26345.47
 20
42468.95
 11
26346.43
 21
42472.77999999998
 72
     1
 10
26346.43
 20
42472.77999999998
 11
26330.95
 21
42476.94
 72
     1
 10
26330.95
 20
42476.94
 11
26328.60850106031
 21
42468.62479279369
 72
     1
 10
26328.60850106031
 20
42468.62479279369
 11
26336.5
 21
42466.45
 72
     1
 10
26336.5
 20
42466.45
 11
26335.54
 21
42463.11
 72
     1
 10
26335.54
 20
42463.11
 11
26336.13
 21
42462.98
 72
     1
 10
26336.13
 20
42462.98
 11
26329.51628868503
 21
42439.68079679807
 72
     1
 10
26329.51628868503
 20
42439.68079679807
 11
26328.19647121489
 21
42438.94970160781
 72
     1
 10
26328.19647121489
 20
42438.94970160781
 11
26327.0406386086
 21
42440.93793368048
 72
     1
 10
26327.0406386086
 20
42440.93793368048
 11
26325.01116844604
 21
42439.63482721793
 72
     1
 10
26325.01116844604
 20
42439.63482721793
 11
26322.50949549776
 21
42443.73937530297
 72
     1
 10
26322.50949549776
 20
42443.73937530297
 11
26315.64796636954
 21
42439.37895995463
 72
     1
 10
26315.64796636954
 20
42439.37895995463
 11
26318.05991437961
 21
42435.25637490238
 72
     1
 10
26318.05991437961
 20
42435.25637490238
 11
26315.99212559681
 21
42433.98180549863
 72
     1
 10
26315.99212559681
 20
42433.98180549863
 11
26317.10039723963
 21
42432.04334686642
 72
     1
 10
26317.10039723963
 20
42432.04334686642
 11
26313.71901512272
 21
42430.46401713471
 72
     1
 10
26313.71901512272
 20
42430.46401713471
 11
26287.51865854146
 21
42437.46364876363
 72
     1
 10
26287.51865854146
 20
42437.46364876363
 11
26283.65809128462
 21
42423.51817431868
 97
        0
 75
     1
 76
     1
 98
        1
 10
26311.76331570057
 20
42405.84459998633
450
        0
451
        0
460
0.0
461
0.0
452
        0
462
1.0
453
        2
463
0.0
 63
     5
421
      255
463
1.0
 63
     2
421
 16776960
470
LINEAR
1001
GradientColor1ACI
1070
     5
1001
GradientColor2ACI
1070
     2
1001
ACAD
1010
0.0
1020
0.0
1030
0.0
  0
HATCH
  5
802
330
1F
100
AcDbEntity
  8
0.1 ОКН
 62
     1
440
 33554585
100
AcDbHatch
 10
0.0
 20
0.0
 30
0.0
210
0.0
220
0.0
230
1.0
  2
SOLID
 70
     1
 71
     0
 91
        1
 92
        1
 93
       28
 72
     1
 10
26360.82766640281
 20
42412.21900575376
 11
26359.38617322465
 21
42406.61405424666
 72
     1
 10
26359.38617322465
 20
42406.61405424666
 11
26361.46747245315
 21
42402.77583264044
 72
     1
 10
26361.46747245315
 20
42402.77583264044
 11
26366.90139013589
 21
42401.25527877657
 72
     1
 10
26366.90139013589
 20
42401.25527877657
 11
26367.1264722777
 21
42402.09520887439
 72
     1
 10
26367.1264722777
 20
42402.09520887439
 11
26380.06235266598
 21
42398.66572550901
 72
     1
 10
26380.06235266598
 20
42398.66572550901
 11
26379.89244499274
 21
42397.8335555574
 72
     1
 10
26379.89244499274
 20
42397.8335555574
 11
26385.16292105997
 21
42396.30360224196
 72
     1
 10
26385.16292105997
 20
42396.30360224196
 11
26385.36680969098
 21
42397.13577219357
 72
     1
 10
26385.36680969098
 20
42397.13577219357
 11
26398.10637969314
 21
42393.45561021548
 72
     1
 10
26398.10637969314
 20
42393.45561021548
 11
26397.88639906964
 21
42392.74710378502
 72
     1
 10
26397.88639906964
 20
42392.74710378502
 11
26407.28170460056
 21
42390.09790835569
 72
     1
 10
26407.28170460056
 20
42390.09790835569
 11
26407.54124746978
 21
42390.97995586837
 72
     1
 10
26407.54124746978
 20
42390.97995586837
 11
26410.45774134883
 21
42404.21620090478
 72
     1
 10
26410.45774134883
 20
42404.21620090478
 11
26406.29022749985
 21
42405.25146122044
 72
     1
 10
26406.29022749985
 20
42405.25146122044
 11
26406.60064584329
 21
42406.50107228511
 72
     1
 10
26406.60064584329
 20
42406.50107228511
 11
26401.36084986111
 21
42407.80270031541
 72
     1
 10
26401.36084986111
 20
42407.80270031541
 11
26401.12623034924
 21
42406.85822282491
 72
     1
 10
26401.12623034924
 20
42406.85822282491
 11
26388.36034593519
 21
42410.26429256418
 72
     1
 10
26388.36034593519
 20
42410.26429256418
 11
26388.64591999307
 21
42411.33461868597
 72
     1
 10
26388.64591999307
 20
42411.33461868597
 11
26383.69752581291
 21
42412.77597381522
 72
     1
 10
26383.69752581291
 20
42412.77597381522
 11
26383.29069196481
 21
42411.37925054739
 72
     1
 10
26383.29069196481
 20
42411.37925054739
 11
26376.43295571718
 21
42413.40429612611
 72
     1
 10
26376.43295571718
 20
42413.40429612611
 11
26379.43164620247
 21
42424.0113601364
 72
     1
 10
26379.43164620247
 20
42424.0113601364
 11
26365.08054023077
 21
42427.99385100225
 72
     1
 10
26365.08054023077
 20
42427.99385100225
 11
26363.23524938239
 21
42421.06538576916
 72
     1
 10
26363.23524938239
 20
42421.06538576916
 11
26363.57794769564
 21
42421.01269684816
 72
     1
 10
26363.57794769564
 20
42421.01269684816
 11
26361.16542070757
 21
42412.11774464929
 72
     1
 10
26361.16542070757
 20
42412.11774464929
 11
26360.82766640281
 21
42412.21900575376
 97
        0
 75
     1
 76
     1
 98
        1
 10
26382.3843542158
 20
42375.12415107329
450
        0
451
        0
460
0.0
461
0.0
452
        0
462
1.0
453
        2
463
0.0
 63
     5
421
      255
463
1.0
 63
     2
421
 16776960
470
LINEAR
1001
GradientColor1ACI
1070
     5
1001
GradientColor2ACI
1070
     2
1001
ACAD
1010
0.0
1020
0.0
1030
0.0
  0
HATCH
  5
803
330
1F
100
AcDbEntity
  8
0.1 ОКН
 62
     1
440
 33554585
100
AcDbHatch
 10
0.0
 20
0.0
 30
0.0
210
0.0
220
0.0
230
1.0
  2
SOLID
 70
     1
 71
     0
 91
        1
 92
        1
 93
       39
 72
     1
 10
26462.55034952628
 20
42420.00449406962
 11
26457.54755430401
 21
42400.48586633238
 72
     1
 10
26457.54755430401
 20
42400.48586633238
 11
26461.44659040237
 21
42399.18725647473
 72
     1
 10
26461.44659040237
 20
42399.18725647473
 11
26458.40059894
 21
42387.65056071
 72
     1
 10
26458.40059894
 20
42387.65056071
 11
26467.22893518
 21
42384.92537304
 72
     1
 10
26467.22893518
 20
42384.92537304
 11
26464.65123585834
 21
42376.09617792922
 72
     1
 10
26464.65123585834
 20
42376.09617792922
 11
26452.93561336186
 21
42379.20750864804
 72
     1
 10
26452.93561336186
 20
42379.20750864804
 11
26453.14161832323
 21
42380.06056720529
 72
     1
 10
26453.14161832323
 20
42380.06056720529
 11
26449.34497497172
 21
42381.16364269171
 72
     1
 10
26449.34497497172
 20
42381.16364269171
 11
26448.93156071519
 21
42379.61353773093
 72
     1
 10
26448.93156071519
 20
42379.61353773093
 11
26448.00869737747
 21
42379.47964551696
 72
     1
 10
26448.00869737747
 20
42379.47964551696
 11
26447.26448149904
 21
42379.65817509364
 72
     1
 10
26447.26448149904
 20
42379.65817509364
 11
26447.30912310905
 21
42379.80693317907
 72
     1
 10
26447.30912310905
 20
42379.80693317907
 11
26443.59592959113
 21
42380.89633524359
 72
     1
 10
26443.59592959113
 20
42380.89633524359
 11
26443.49173882802
 21
42380.64341668712
 72
     1
 10
26443.49173882802
 20
42380.64341668712
 11
26443.13452492868
 21
42380.37565213335
 72
     1
 10
26443.13452492868
 20
42380.37565213335
 11
26442.53541299215
 21
42380.59135632576
 72
     1
 10
26442.53541299215
 20
42380.59135632576
 11
26442.39028204383
 21
42380.80706051818
 72
     1
 10
26442.39028204383
 20
42380.80706051818
 11
26442.36052097049
 21
42381.14923392592
 72
     1
 10
26442.36052097049
 20
42381.14923392592
 11
26441.40789655943
 21
42381.40213260822
 72
     1
 10
26441.40789655943
 20
42381.40213260822
 11
26441.13996588011
 21
42381.08973069175
 72
     1
 10
26441.13996588011
 20
42381.08973069175
 11
26440.36754306692
 21
42381.26451542576
 72
     1
 10
26440.36754306692
 20
42381.26451542576
 11
26435.53348738351
 21
42382.62578462162
 72
     1
 10
26435.53348738351
 20
42382.62578462162
 11
26434.75948342532
 21
42382.78942845266
 72
     1
 10
26434.75948342532
 20
42382.78942845266
 11
26434.64041212554
 21
42383.07209862623
 72
     1
 10
26434.64041212554
 20
42383.07209862623
 11
26434.64041212554
 21
42383.33986318001
 72
     1
 10
26434.64041212554
 20
42383.33986318001
 11
26433.74166551966
 21
42383.62384504812
 72
     1
 10
26433.74166551966
 20
42383.62384504812
 11
26433.62259421988
 21
42383.31142325747
 72
     1
 10
26433.62259421988
 20
42383.31142325747
 11
26433.35466354056
 21
42383.16266517204
 72
     1
 10
26433.35466354056
 20
42383.16266517204
 11
26432.68485034548
 21
42383.28167164038
 72
     1
 10
26432.68485034548
 20
42383.28167164038
 11
26432.52111042929
 21
42383.54945606832
 72
     1
 10
26432.52111042929
 20
42383.54945606832
 11
26432.5657790457
 21
42383.92138109315
 72
     1
 10
26432.5657790457
 20
42383.92138109315
 11
26428.25816616988
 21
42385.218963622
 72
     1
 10
26428.25816616988
 20
42385.218963622
 11
26430.79734474039
 21
42394.67745519592
 72
     1
 10
26430.79734474039
 20
42394.67745519592
 11
26434.48242457651
 21
42408.73345465117
 72
     1
 10
26434.48242457651
 20
42408.73345465117
 11
26434.04680593311
 21
42408.8532422713
 72
     1
 10
26434.04680593311
 20
42408.8532422713
 11
26437.38379716347
 21
42420.79954570757
 72
     1
 10
26437.38379716347
 20
42420.79954570757
 11
26453.61851239965
 21
42416.331322075
 72
     1
 10
26453.61851239965
 20
42416.331322075
 11
26455.15392125338
 21
42422.1198656872
 72
     1
 10
26455.15392125338
 20
42422.1198656872
 11
26462.55034952628
 21
42420.00449406962
 97
        0
 75
     1
 76
     1
 98
        1
 10
-1.9150331875353
 20
-40.61589374105096
450
        0
451
        0
460
0.0
461
0.0
452
        0
462
1.0
453
        2
463
0.0
 63
     5
421
      255
463
1.0
 63
     2
421
 16776960
470
LINEAR
1001
GradientColor1ACI
1070
     5
1001
GradientColor2ACI
1070
     2
1001
ACAD
1010
0.0
1020
0.0
1030
0.0
  0
HATCH
  5
804
330
1F
100
AcDbEntity
  8
0.1 ОКН
 62
     1
440
 33554585
100
AcDbHatch
 10
0.0
 20
0.0
 30
0.0
210
0.0
220
0.0
230
1.0
  2
SOLID
 70
     1
 71
     0
 91
        1
 92
        1
 93
        8
 72
     1
 10
26434.48242457651
 20
42408.73345465117
 11
26428.25816616988
 21
42385.218963622
 72
     1
 10
26428.25816616988
 20
42385.218963622
 11
26420.14884890317
 21
42387.60921029487
 72
     1
 10
26420.14884890317
 20
42387.60921029487
 11
26419.7694087213
 21
42386.3840279712
 72
     1
 10
26419.7694087213
 20
42386.3840279712
 11
26415.32921802787
 21
42387.74223484185
 72
     1
 10
26415.32921802787
 20
42387.74223484185
 11
26415.57077482411
 21
42388.71588806834
 72
     1
 10
26415.57077482411
 20
42388.71588806834
 11
26407.54124746978
 21
42390.97995586837
 72
     1
 10
26407.54124746978
 20
42390.97995586837
 11
26413.02121552021
 21
42414.53564805171
 72
     1
 10
26413.02121552021
 20
42414.53564805171
 11
26434.48242457651
 21
42408.73345465117
 97
        0
 75
     1
 76
     1
 98
        1
 10
-27.99033724086621
 20
-39.37386585743661
450
        0
451
        0
460
0.0
461
0.0
452
        0
462
1.0
453
        2
463
0.0
 63
     5
421
      255
463
1.0
 63
     2
421
 16776960
470
LINEAR
1001
GradientColor1ACI
1070
     5
1001
GradientColor2ACI
1070
     2
1001
ACAD
1010
0.0
1020
0.0
1030
0.0
  0
HATCH
  5
805
330
1F
100
AcDbEntity
  8
0.1 ОКН
 62
     1
440
 33554585
100
AcDbHatch
 10
0.0
 20
0.0
 30
0.0
210
0.0
220
0.0
230
1.0
  2
SOLID
 70
     1
 71
     0
 91
        1
 92
        1
 93
        4
 72
     1
 10
26427.68343918064
 20
42435.94095664701
 11
26423.39967927432
 21
42418.97175524924
 72
     1
 10
26423.39967927432
 20
42418.97175524924
 11
26414.70556996998
 21
42421.31613638866
 72
     1
 10
26414.70556996998
 20
42421.31613638866
 11
26418.96878462486
 21
42438.24809271417
 72
     1
 10
26418.96878462486
 20
42438.24809271417
 11
26427.68343918064
 21
42435.94095664701
 97
        0
 75
     1
 76
     1
 98
        1
 10
-23.65549219156674
 20
0.2063407109308173
450
        0
451
        0
460
0.0
461
0.0
452
        0
462
1.0
453
        2
463
0.0
 63
     5
421
      255
463
1.0
 63
     2
421
 16776960
470
LINEAR
1001
GradientColor1ACI
1070
     5
1001
GradientColor2ACI
1070
     2
1001
ACAD
1010
0.0
1020
0.0
1030
0.0
  0
HATCH
  5
806
330
1F
100
AcDbEntity
  8
0.1 ОКН
 62
     1
440
 33554585
100
AcDbHatch
 10
0.0
 20
0.0
 30
0.0
210
0.0
220
0.0
230
1.0
  2
SOLID
 70
     1
 71
     0
 91
        1
 92
        1
 93
       35
 72
     1
 10
26479.7715
 20
42382.9219
 11
26488.0059
 21
42380.5313
 72
     1
 10
26488.0059
 20
42380.5313
 11
26488.50086452819
 21
42382.0938
 72
     1
 10
26488.50086452819
 20
42382.0938
 11
26491.2285
 21
42383.6563
 72
     1
 10
26491.2285
 20
42383.6563
 11
26491.7578
 21
42385.5742
 72
     1
 10
26491.7578
 20
42385.5742
 11
26493.2227
 21
42386.92579999999
 72
     1
 10
26493.2227
 20
42386.92579999999
 11
26478.082
 21
42391.0703
 72
     1
 10
26478.082
 20
42391.0703
 11
26480.69780175342
 21
42399.31075707977
 72
     1
 10
26480.69780175342
 20
42399.31075707977
 11
26514.90021521582
 21
42389.58061932445
 72
     1
 10
26514.90021521582
 20
42389.58061932445
 11
26514.30423450262
 21
42387.37583149513
 72
     1
 10
26514.30423450262
 20
42387.37583149513
 11
26519.11970574346
 21
42386.07415160269
 72
     1
 10
26519.11970574346
 20
42386.07415160269
 11
26521.37149350708
 21
42394.40447865098
 72
     1
 10
26521.37149350708
 20
42394.40447865098
 11
26522.63950736232
 21
42394.06171922908
 72
     1
 10
26522.63950736232
 20
42394.06171922908
 11
26523.1128013178
 21
42395.81263621287
 72
     1
 10
26523.1128013178
 20
42395.81263621287
 11
26528.51706389989
 21
42394.35179892723
 72
     1
 10
26528.51706389989
 20
42394.35179892723
 11
26530.29180354911
 21
42393.87206541826
 72
     1
 10
26530.29180354911
 20
42393.87206541826
 11
26529.66800786991
 21
42391.56437812067
 72
     1
 10
26529.66800786991
 20
42391.56437812067
 11
26550.62167823883
 21
42385.90034857339
 72
     1
 10
26550.62167823883
 20
42385.90034857339
 11
26553.6139008482
 21
42397.10407427088
 72
     1
 10
26553.6139008482
 20
42397.10407427088
 11
26565.78643242332
 21
42393.90931068898
 72
     1
 10
26565.78643242332
 20
42393.90931068898
 11
26553.79481295947
 21
42349.57867241735
 72
     1
 10
26553.79481295947
 20
42349.57867241735
 11
26544.59056848897
 21
42352.06669058903
 72
     1
 10
26544.59056848897
 20
42352.06669058903
 11
26544.78638594447
 21
42352.79110319684
 72
     1
 10
26544.78638594447
 20
42352.79110319684
 11
26521.58383636393
 21
42359.06303188918
 72
     1
 10
26521.58383636393
 20
42359.06303188918
 11
26521.38801890843
 21
42358.33861928135
 72
     1
 10
26521.38801890843
 20
42358.33861928135
 11
26495.9551
 21
42365.01559999999
 72
     1
 10
26495.9551
 20
42365.01559999999
 11
26496.1504
 21
42365.73049999999
 72
     1
 10
26496.1504
 20
42365.73049999999
 11
26491.668
 21
42366.1914
 72
     1
 10
26491.668
 20
42366.1914
 11
26482.8828
 21
42368.6445
 72
     1
 10
26482.8828
 20
42368.6445
 11
26483.0801
 21
42369.3594
 72
     1
 10
26483.0801
 20
42369.3594
 11
26478.7891
 21
42370.5508
 72
     1
 10
26478.7891
 20
42370.5508
 11
26478.5879
 21
42369.832
 72
     1
 10
26478.5879
 20
42369.832
 11
26470.7598
 21
42371.9961
 72
     1
 10
26470.7598
 20
42371.9961
 11
26473.36
 21
42381.58
 72
     1
 10
26473.36
 20
42381.58
 11
26478.9746
 21
42380.082
 72
     1
 10
26478.9746
 20
42380.082
 11
26479.7715
 21
42382.9219
 97
        0
 75
     1
 76
     1
 98
        1
 10
55.07741791490116
 20
-60.06458036159165
450
        0
451
        0
460
0.0
461
0.0
452
        0
462
1.0
453
        2
463
0.0
 63
     5
421
      255
463
1.0
 63
     2
421
 16776960
470
LINEAR
1001
GradientColor1ACI
1070
     5
1001
GradientColor2ACI
1070
     2
1001
ACAD
1010
0.0
1020
0.0
1030
0.0
  0
HATCH
  5
807
330
1F
100
AcDbEntity
  8
0.1 ОКН
 62
     1
440
 33554585
100
AcDbHatch
 10
0.0
 20
0.0
 30
0.0
210
0.0
220
0.0
230
1.0
  2
SOLID
 70
     1
 71
     0
 91
        1
 92
        1
 93
        4
 72
     1
 10
26702.17667892024
 20
42376.87457948489
 11
26697.61805487041
 21
42362.63900413317
 72
     1
 10
26697.61805487041
 20
42362.63900413317
 11
26681.72
 21
42367.73
 72
     1
 10
26681.72
 20
42367.73
 11
26686.35514744758
 21
42382.04522609451
 72
     1
 10
26686.35514744758
 20
42382.04522609451
 11
26702.17667892024
 21
42376.87457948489
 97
        0
 75
     1
 76
     1
 98
        1
 10
248.1032486298281
 20
-58.86003645118762
450
        0
451
        0
460
0.0
461
0.0
452
        0
462
1.0
453
        2
463
0.0
 63
     5
421
      255
463
1.0
 63
     2
421
 16776960
470
LINEAR
1001
GradientColor1ACI
1070
     5
1001
GradientColor2ACI
1070
     2
1001
ACAD
1010
0.0
1020
0.0
1030
0.0
  0
HATCH
  5
810
330
1F
100
AcDbEntity
  8
0.1 ОКН
 62
     1
440
 33554585
100
AcDbHatch
 10
0.0
 20
0.0
 30
0.0
210
0.0
220
0.0
230
1.0
  2
SOLID
 70
     1
 71
     0
 91
        1
 92
        1
 93
       16
 72
     1
 10
26547.0498466621
 20
42329.03688198859
 11
26545.49472481005
 21
42323.06333391513
 72
     1
 10
26545.49472481005
 20
42323.06333391513
 11
26545.82556323127
 21
42322.99349987679
 72
     1
 10
26545.82556323127
 20
42322.99349987679
 11
26541.36557364054
 21
42306.48025409796
 72
     1
 10
26541.36557364054
 20
42306.48025409796
 11
26528.33958513352
 21
42309.99838578015
 72
     1
 10
26528.33958513352
 20
42309.99838578015
 11
26528.97500022339
 21
42312.30000043905
 72
     1
 10
26528.97500022339
 20
42312.30000043905
 11
26528.61500022339
 21
42312.39830232585
 72
     1
 10
26528.61500022339
 20
42312.39830232585
 11
26528.25500022339
 21
42313.09000043905
 72
     1
 10
26528.25500022339
 20
42313.09000043905
 11
26528.86000022339
 21
42315.06000043904
 72
     1
 10
26528.86000022339
 20
42315.06000043904
 11
26529.5500002234
 21
42315.51000043905
 72
     1
 10
26529.5500002234
 20
42315.51000043905
 11
26529.8300002234
 21
42315.43500043905
 72
     1
 10
26529.8300002234
 20
42315.43500043905
 11
26530.2350002234
 21
42316.93000043905
 72
     1
 10
26530.2350002234
 20
42316.93000043905
 11
26518.24282096971
 21
42320.17287336192
 72
     1
 10
26518.24282096971
 20
42320.17287336192
 11
26517.37010694871
 21
42316.9455674434
 72
     1
 10
26517.37010694871
 20
42316.9455674434
 11
26495.83916862336
 21
42322.83756082451
 72
     1
 10
26495.83916862336
 20
42322.83756082451
 11
26500.72652992144
 21
42341.09644880498
 72
     1
 10
26500.72652992144
 20
42341.09644880498
 11
26547.0498466621
 21
42329.03688198859
 97
        0
 75
     1
 76
     1
 98
        1
 10
88.07823864865349
 20
-109.0678977504722
450
        0
451
        0
460
0.0
461
0.0
452
        0
462
1.0
453
        2
463
0.0
 63
     5
421
      255
463
1.0
 63
     2
421
 16776960
470
LINEAR
1001
GradientColor1ACI
1070
     5
1001
GradientColor2ACI
1070
     2
1001
ACAD
1010
0.0
1020
0.0
1030
0.0
  0
HATCH
  5
811
330
1F
100
AcDbEntity
  8
0.1 ОКН
 62
     1
440
 33554585
100
AcDbHatch
 10
0.0
 20
0.0
 30
0.0
210
0.0
220
0.0
230
1.0
  2
SOLID
 70
     1
 71
     0
 91
        1
 92
        1
 93
        6
 72
     1
 10
26489.02226504122
 20
42345.00453843953
 11
26485.74499977661
 21
42331.65999956093
 72
     1
 10
26485.74499977661
 20
42331.65999956093
 11
26480.77499977661
 21
42332.91999956094
 72
     1
 10
26480.77499977661
 20
42332.91999956094
 11
26479.66499977661
 21
42328.03499956093
 72
     1
 10
26479.66499977661
 20
42328.03499956093
 11
26469.87528957
 21
42330.46653593516
 72
     1
 10
26469.87528957
 20
42330.46653593516
 11
26474.75360765866
 21
42348.95850914158
 72
     1
 10
26474.75360765866
 20
42348.95850914158
 11
26489.02226504122
 21
42345.00453843953
 97
        0
 75
     1
 76
     1
 98
        1
 10
35.15242883830069
 20
-92.98556629342057
450
        0
451
        0
460
0.0
461
0.0
452
        0
462
1.0
453
        2
463
0.0
 63
     5
421
      255
463
1.0
 63
     2
421
 16776960
470
LINEAR
1001
GradientColor1ACI
1070
     5
1001
GradientColor2ACI
1070
     2
1001
ACAD
1010
0.0
1020
0.0
1030
0.0
  0
HATCH
  5
812
330
1F
100
AcDbEntity
  8
0.1 ОКН
 62
     1
440
 33554585
100
AcDbHatch
 10
0.0
 20
0.0
 30
0.0
210
0.0
220
0.0
230
1.0
  2
SOLID
 70
     1
 71
     0
 91
        1
 92
        1
 93
        4
 72
     1
 10
26755.68790725225
 20
42331.83360974747
 11
26753.49035080086
 21
42323.65357629865
 72
     1
 10
26753.49035080086
 20
42323.65357629865
 11
26712.19282110199
 21
42335.09968057119
 72
     1
 10
26712.19282110199
 20
42335.09968057119
 11
26714.36621757664
 21
42343.4942149433
 72
     1
 10
26714.36621757664
 20
42343.4942149433
 11
26755.68790725225
 21
42331.83360974747
 97
        0
 75
     1
 76
     1
 98
        1
 10
289.5391222144317
 20
-100.0102611778056
450
        0
451
        0
460
0.0
461
0.0
452
        0
462
1.0
453
        2
463
0.0
 63
     5
421
      255
463
1.0
 63
     2
421
 16776960
470
LINEAR
1001
GradientColor1ACI
1070
     5
1001
GradientColor2ACI
1070
     2
1001
ACAD
1010
0.0
1020
0.0
1030
0.0
  0
HATCH
  5
813
330
1F
100
AcDbEntity
  8
0.1 ОКН
 62
     1
440
 33554585
100
AcDbHatch
 10
0.0
 20
0.0
 30
0.0
210
0.0
220
0.0
230
1.0
  2
SOLID
 70
     1
 71
     0
 91
        1
 92
        1
 93
       20
 72
     1
 10
26768.61617908486
 20
42310.01538862371
 11
26775.36247557165
 21
42308.14954764667
 72
     1
 10
26775.36247557165
 20
42308.14954764667
 11
26775.86527736597
 21
42309.22758536229
 72
     1
 10
26775.86527736597
 20
42309.22758536229
 11
26779.07899476192
 21
42308.38749213115
 72
     1
 10
26779.07899476192
 20
42308.38749213115
 11
26778.94900360659
 21
42307.18808601158
 72
     1
 10
26778.94900360659
 20
42307.18808601158
 11
26786.65844197702
 21
42305.26298715094
 72
     1
 10
26786.65844197702
 20
42305.26298715094
 11
26786.77715517101
 21
42305.7071162675
 72
     1
 10
26786.77715517101
 20
42305.7071162675
 11
26791.7532776132
 21
42304.3500270866
 72
     1
 10
26791.7532776132
 20
42304.3500270866
 11
26791.50461406909
 21
42303.38110285543
 72
     1
 10
26791.50461406909
 20
42303.38110285543
 11
26801.86613694525
 21
42301.03343479949
 72
     1
 10
26801.86613694525
 20
42301.03343479949
 11
26802.11613694525
 21
42302.00205419888
 72
     1
 10
26802.11613694525
 20
42302.00205419888
 11
26811.08985321538
 21
42299.70143564765
 72
     1
 10
26811.08985321538
 20
42299.70143564765
 11
26806.37642855094
 21
42281.72662798569
 72
     1
 10
26806.37642855094
 20
42281.72662798569
 11
26797.26127436077
 21
42284.25192323542
 72
     1
 10
26797.26127436077
 20
42284.25192323542
 11
26797.45127436077
 21
42284.96192323542
 72
     1
 10
26797.45127436077
 20
42284.96192323542
 11
26764.33999554671
 21
42293.86999928826
 72
     1
 10
26764.33999554671
 20
42293.86999928826
 11
26764.14999554671
 21
42293.15999928826
 72
     1
 10
26764.14999554671
 20
42293.15999928826
 11
26754.68829549294
 21
42295.65408691444
 72
     1
 10
26754.68829549294
 20
42295.65408691444
 11
26761.62817859955
 21
42320.72256963421
 72
     1
 10
26761.62817859955
 20
42320.72256963421
 11
26770.77249792393
 21
42318.19283382359
 72
     1
 10
26770.77249792393
 20
42318.19283382359
 11
26768.61617908486
 21
42310.01538862371
 97
        0
 75
     1
 76
     1
 98
        1
 10
335.34770510811
 20
-128.907588953778
450
        0
451
        0
460
0.0
461
0.0
452
        0
462
1.0
453
        2
463
0.0
 63
     5
421
      255
463
1.0
 63
     2
421
 16776960
470
LINEAR
1001
GradientColor1ACI
1070
     5
1001
GradientColor2ACI
1070
     2
1001
ACAD
1010
0.0
1020
0.0
1030
0.0
  0
HATCH
  5
814
330
1F
100
AcDbEntity
  8
0.1 ОКН
 62
     1
440
 33554585
100
AcDbHatch
 10
0.0
 20
0.0
 30
0.0
210
0.0
220
0.0
230
1.0
  2
SOLID
 70
     1
 71
     0
 91
        1
 92
        1
 93
       37
 72
     1
 10
26836.93432400891
 20
42312.22133472306
 11
26837.01306391536
 21
42312.46567449569
 72
     1
 10
26837.01306391536
 20
42312.46567449569
 11
26841.10969097645
 21
42311.38909585132
 72
     1
 10
26841.10969097645
 20
42311.38909585132
 11
26837.82607781163
 21
42299.24904373223
 72
     1
 10
26837.82607781163
 20
42299.24904373223
 11
26836.30912749927
 21
42299.68137804512
 72
     1
 10
26836.30912749927
 20
42299.68137804512
 11
26834.81843154976
 21
42294.17003258132
 72
     1
 10
26834.81843154976
 20
42294.17003258132
 11
26849.84244577135
 21
42290.26036627113
 72
     1
 10
26849.84244577135
 20
42290.26036627113
 11
26858.48773368525
 21
42322.49810310434
 72
     1
 10
26858.48773368525
 20
42322.49810310434
 11
26857.74394189872
 21
42322.69773212443
 72
     1
 10
26857.74394189872
 20
42322.69773212443
 11
26859.8673501038
 21
42330.52356025966
 72
     1
 10
26859.8673501038
 20
42330.52356025966
 11
26875.01016709
 21
42332.58096472
 72
     1
 10
26875.01016709
 20
42332.58096472
 11
26857.91691782015
 21
42270.26980452291
 72
     1
 10
26857.91691782015
 20
42270.26980452291
 11
26857.45436983937
 21
42268.60191336175
 72
     1
 10
26857.45436983937
 20
42268.60191336175
 11
26856.49027725851
 21
42268.86294780686
 72
     1
 10
26856.49027725851
 20
42268.86294780686
 11
26856.63621165591
 21
42269.37246046779
 72
     1
 10
26856.63621165591
 20
42269.37246046779
 11
26852.10724385542
 21
42270.53648287567
 72
     1
 10
26852.10724385542
 20
42270.53648287567
 11
26851.96130945801
 21
42270.02697021474
 72
     1
 10
26851.96130945801
 20
42270.02697021474
 11
26851.00331260976
 21
42270.30277722424
 72
     1
 10
26851.00331260976
 20
42270.30277722424
 11
26851.14924700717
 21
42270.81228988518
 72
     1
 10
26851.14924700717
 20
42270.81228988518
 11
26846.6108726777
 21
42271.95252295759
 72
     1
 10
26846.6108726777
 20
42271.95252295759
 11
26846.46493828029
 21
42271.44301029665
 72
     1
 10
26846.46493828029
 20
42271.44301029665
 11
26845.51308786418
 21
42271.7443825816
 72
     1
 10
26845.51308786418
 20
42271.7443825816
 11
26845.65902226158
 21
42272.25389524254
 72
     1
 10
26845.65902226158
 20
42272.25389524254
 11
26841.11831811245
 21
42273.37739305855
 72
     1
 10
26841.11831811245
 20
42273.37739305855
 11
26840.97238371505
 21
42272.8678803976
 72
     1
 10
26840.97238371505
 20
42272.8678803976
 11
26840.01059501456
 21
42273.14352100627
 72
     1
 10
26840.01059501456
 20
42273.14352100627
 11
26840.15652941196
 21
42273.6530336672
 72
     1
 10
26840.15652941196
 20
42273.6530336672
 11
26835.61815861966
 21
42274.80425697685
 72
     1
 10
26835.61815861966
 20
42274.80425697685
 11
26835.47222422226
 21
42274.2947443159
 72
     1
 10
26835.47222422226
 20
42274.2947443159
 11
26834.50664484859
 21
42274.57979674801
 72
     1
 10
26834.50664484859
 20
42274.57979674801
 11
26834.652579246
 21
42275.08930940895
 72
     1
 10
26834.652579246
 20
42275.08930940895
 11
26830.13023380424
 21
42276.22399253392
 72
     1
 10
26830.13023380424
 20
42276.22399253392
 11
26829.98429940683
 21
42275.71447987299
 72
     1
 10
26829.98429940683
 20
42275.71447987299
 11
26828.76609082602
 21
42276.06339865123
 72
     1
 10
26828.76609082602
 20
42276.06339865123
 11
26828.8562921637
 21
42276.37832593635
 72
     1
 10
26828.8562921637
 20
42276.37832593635
 11
26806.55047255619
 21
42282.01265509375
 72
     1
 10
26806.55047255619
 20
42282.01265509375
 11
26815.96613037966
 21
42317.73743196517
 72
     1
 10
26815.96613037966
 20
42317.73743196517
 11
26836.93432400891
 21
42312.22133472306
 97
        0
 75
     1
 76
     1
 98
        1
 10
392.1759285623084
 20
-139.3314795890619
450
        0
451
        0
460
0.0
461
0.0
452
        0
462
1.0
453
        2
463
0.0
 63
     5
421
      255
463
1.0
 63
     2
421
 16776960
470
LINEAR
1001
GradientColor1ACI
1070
     5
1001
GradientColor2ACI
1070
     2
1001
ACAD
1010
0.0
1020
0.0
1030
0.0
  0
HATCH
  5
815
330
1F
100
AcDbEntity
  8
0.1 ОКН
 62
     1
440
 33554585
100
AcDbHatch
 10
0.0
 20
0.0
 30
0.0
210
0.0
220
0.0
230
1.0
  2
SOLID
 70
     1
 71
     0
 91
        1
 92
        1
 93
       34
 72
     1
 10
26865.2347869912
 20
42277.30792068416
 11
26867.48510257153
 21
42285.78499454435
 72
     1
 10
26867.48510257153
 20
42285.78499454435
 11
26871.03363967819
 21
42284.8430034198
 72
     1
 10
26871.03363967819
 20
42284.8430034198
 11
26870.83119301005
 21
42284.08037466964
 72
     1
 10
26870.83119301005
 20
42284.08037466964
 11
26888.24321018911
 21
42279.45819793868
 72
     1
 10
26888.24321018911
 20
42279.45819793868
 11
26887.22704822669
 21
42281.6224308265
 72
     1
 10
26887.22704822669
 20
42281.6224308265
 11
26890.86400337737
 21
42283.33007306036
 72
     1
 10
26890.86400337737
 20
42283.33007306036
 11
26891.9237901795
 21
42281.07292751066
 72
     1
 10
26891.9237901795
 20
42281.07292751066
 11
26894.69257647411
 21
42291.82502815349
 72
     1
 10
26894.69257647411
 20
42291.82502815349
 11
26894.03443014345
 21
42291.99450820215
 72
     1
 10
26894.03443014345
 20
42291.99450820215
 11
26895.11714319098
 21
42296.19903625727
 72
     1
 10
26895.11714319098
 20
42296.19903625727
 11
26902.3695369428
 21
42294.34379940064
 72
     1
 10
26902.3695369428
 20
42294.34379940064
 11
26903.16513970542
 21
42297.42607406564
 72
     1
 10
26903.16513970542
 20
42297.42607406564
 11
26911.38117033255
 21
42295.05188572388
 72
     1
 10
26911.38117033255
 20
42295.05188572388
 11
26910.64677335442
 21
42292.19998262252
 72
     1
 10
26910.64677335442
 20
42292.19998262252
 11
26912.15886251943
 21
42291.81060273337
 72
     1
 10
26912.15886251943
 20
42291.81060273337
 11
26910.15197492057
 21
42284.01720333534
 72
     1
 10
26910.15197492057
 20
42284.01720333534
 11
26910.65697602488
 21
42283.88715989706
 72
     1
 10
26910.65697602488
 20
42283.88715989706
 11
26908.68886652881
 21
42276.24434852551
 72
     1
 10
26908.68886652881
 20
42276.24434852551
 11
26908.1838654245
 21
42276.3743919638
 72
     1
 10
26908.1838654245
 20
42276.3743919638
 11
26906.34560295226
 21
42269.23581895515
 72
     1
 10
26906.34560295226
 20
42269.23581895515
 11
26906.85060405657
 21
42269.10577551685
 72
     1
 10
26906.85060405657
 20
42269.10577551685
 11
26905.46957788478
 21
42263.74280026003
 72
     1
 10
26905.46957788478
 20
42263.74280026003
 11
26904.9538887176
 21
42263.88667869458
 72
     2
 10
26899.02113574901
 20
42265.85724530954
 40
6.251455076252522
 50
18.37393079849423
 51
94.95387421285235
 73
     0
 72
     1
 10
26898.48129927785
 20
42259.6291422954
 11
26898.33742084341
 21
42259.11345312817
 72
     1
 10
26898.33742084341
 20
42259.11345312817
 11
26892.59325809187
 21
42260.7160874211
 72
     1
 10
26892.59325809187
 20
42260.7160874211
 11
26892.67218328967
 21
42260.99897116031
 72
     1
 10
26892.67218328967
 20
42260.99897116031
 11
26883.3826836528
 21
42263.54543357947
 72
     1
 10
26883.3826836528
 20
42263.54543357947
 11
26883.20744778396
 21
42262.91735307796
 72
     1
 10
26883.20744778396
 20
42262.91735307796
 11
26874.23114981422
 21
42265.42176034706
 72
     1
 10
26874.23114981422
 20
42265.42176034706
 11
26874.41811916424
 21
42266.09189599863
 72
     1
 10
26874.41811916424
 20
42266.09189599863
 11
26858.42316314466
 21
42270.13411067773
 72
     1
 10
26858.42316314466
 20
42270.13411067773
 11
26860.6471789226
 21
42278.33261862096
 72
     1
 10
26860.6471789226
 20
42278.33261862096
 11
26865.2347869912
 21
42277.30792068416
 97
        0
 75
     1
 76
     1
 98
        1
 10
447.3838899679503
 20
-150.7390515817751
450
        0
451
        0
460
0.0
461
0.0
452
        0
462
1.0
453
        2
463
0.0
 63
     5
421
      255
463
1.0
 63
     2
421
 16776960
470
LINEAR
1001
GradientColor1ACI
1070
     5
1001
GradientColor2ACI
1070
     2
1001
ACAD
1010
0.0
1020
0.0
1030
0.0
  0
HATCH
  5
816
330
1F
100
AcDbEntity
  8
0.1 ОКН
 62
     1
440
 33554585
100
AcDbHatch
 10
0.0
 20
0.0
 30
0.0
210
0.0
220
0.0
230
1.0
  2
SOLID
 70
     1
 71
     0
 91
        1
 92
        1
 93
        4
 72
     1
 10
26878.93999554671
 20
42347.33699928826
 11
26875.01016709
 21
42332.58096472
 72
     1
 10
26875.01016709
 20
42332.58096472
 11
26818.124041425
 21
42325.04192108208
 72
     1
 10
26818.124041425
 20
42325.04192108208
 11
26822.10772699757
 21
42340.01027772479
 72
     1
 10
26822.10772699757
 20
42340.01027772479
 11
26878.93999554671
 21
42347.33699928826
 97
        0
 75
     1
 76
     1
 98
        1
 10
413.0456021168647
 20
-94.4362864716386
450
        0
451
        0
460
0.0
461
0.0
452
        0
462
1.0
453
        2
463
0.0
 63
     5
421
      255
463
1.0
 63
     2
421
 16776960
470
LINEAR
1001
GradientColor1ACI
1070
     5
1001
GradientColor2ACI
1070
     2
1001
ACAD
1010
0.0
1020
0.0
1030
0.0
  0
HATCH
  5
817
330
1F
100
AcDbEntity
  8
0.1 ОКН
 62
     1
440
 33554585
100
AcDbHatch
 10
0.0
 20
0.0
 30
0.0
210
0.0
220
0.0
230
1.0
  2
SOLID
 70
     1
 71
     0
 91
        1
 92
        1
 93
        4
 72
     1
 10
26659.88423383024
 20
42298.75450580484
 11
26655.75954028079
 21
42283.13537337533
 72
     1
 10
26655.75954028079
 20
42283.13537337533
 11
26636.12471870023
 21
42288.13698543783
 72
     1
 10
26636.12471870023
 20
42288.13698543783
 11
26640.2947223397
 21
42303.92769529195
 72
     1
 10
26640.2947223397
 20
42303.92769529195
 11
26659.88423383024
 21
42298.75450580484
 97
        0
 75
     1
 76
     1
 98
        1
 10
217.2904939444925
 20
-143.2618417191479
450
        0
451
        0
460
0.0
461
0.0
452
        0
462
1.0
453
        2
463
0.0
 63
     5
421
      255
463
1.0
 63
     2
421
 16776960
470
LINEAR
1001
GradientColor1ACI
1070
     5
1001
GradientColor2ACI
1070
     2
1001
ACAD
1010
0.0
1020
0.0
1030
0.0
  0
HATCH
  5
819
330
1F
100
AcDbEntity
  8
0.1 ОКН
 62
     1
440
 33554585
100
AcDbHatch
 10
0.0
 20
0.0
 30
0.0
210
0.0
220
0.0
230
1.0
  2
SOLID
 70
     1
 71
     0
 91
        1
 92
        1
 93
        6
 72
     1
 10
26679.25406031646
 20
42293.63933063604
 11
26676.23268242487
 21
42282.19816516699
 72
     1
 10
26676.23268242487
 20
42282.19816516699
 11
26664.64944047629
 21
42285.25706255215
 72
     1
 10
26664.64944047629
 20
42285.25706255215
 11
26663.54612481844
 21
42281.07909559168
 72
     1
 10
26663.54612481844
 20
42281.07909559168
 11
26655.75954028089
 21
42283.1353733753
 72
     1
 10
26655.75954028089
 20
42283.1353733753
 11
26659.88423383024
 21
42298.75450580484
 72
     1
 10
26659.88423383024
 20
42298.75450580484
 11
26679.25406031646
 21
42293.63933063604
 97
        0
 75
     1
 76
     1
 98
        1
 10
241.990200388871
 20
-151.9012338784741
450
        0
451
        0
460
0.0
461
0.0
452
        0
462
1.0
453
        2
463
0.0
 63
     5
421
      255
463
1.0
 63
     2
421
 16776960
470
LINEAR
1001
GradientColor1ACI
1070
     5
1001
GradientColor2ACI
1070
     2
1001
ACAD
1010
0.0
1020
0.0
1030
0.0
  0
HATCH
  5
81A
330
1F
100
AcDbEntity
  8
0.1 ОКН
 62
     1
440
 33554585
100
AcDbHatch
 10
0.0
 20
0.0
 30
0.0
210
0.0
220
0.0
230
1.0
  2
SOLID
 70
     1
 71
     0
 91
        1
 92
        1
 93
        8
 72
     1
 10
26727.97033538564
 20
42280.32275888645
 11
26741.14852777091
 21
42276.783394697
 72
     1
 10
26741.14852777091
 20
42276.783394697
 11
26736.86614547923
 21
42260.64863436858
 72
     1
 10
26736.86614547923
 20
42260.64863436858
 11
26696.70278115227
 21
42271.43620380767
 72
     1
 10
26696.70278115227
 20
42271.43620380767
 11
26700.99957498032
 21
42287.43455059404
 72
     1
 10
26700.99957498032
 20
42287.43455059404
 11
26713.57834865828
 21
42284.05617670168
 72
     1
 10
26713.57834865828
 20
42284.05617670168
 11
26713.81132436037
 21
42284.92362024776
 72
     1
 10
26713.81132436037
 20
42284.92362024776
 11
26728.17025813473
 21
42281.06713564701
 72
     1
 10
26728.17025813473
 20
42281.06713564701
 11
26727.97033538564
 21
42280.32275888645
 97
        0
 75
     1
 76
     1
 98
        1
 10
295.8725066917141
 20
-164.9258030660275
450
        0
451
        0
460
0.0
461
0.0
452
        0
462
1.0
453
        2
463
0.0
 63
     5
421
      255
463
1.0
 63
     2
421
 16776960
470
LINEAR
1001
GradientColor1ACI
1070
     5
1001
GradientColor2ACI
1070
     2
1001
ACAD
1010
0.0
1020
0.0
1030
0.0
  0
HATCH
  5
81B
330
1F
100
AcDbEntity
  8
0.1 ОКН
 62
     1
440
 33554585
100
AcDbHatch
 10
0.0
 20
0.0
 30
0.0
210
0.0
220
0.0
230
1.0
  2
SOLID
 70
     1
 71
     0
 91
        1
 92
        1
 93
        4
 72
     1
 10
27030.51364261106
 20
42243.38456171353
 11
27025.86643825652
 21
42226.88471563389
 72
     1
 10
27025.86643825652
 20
42226.88471563389
 11
27007.61
 21
42231.95999999997
 72
     1
 10
27007.61
 20
42231.95999999997
 11
27012.1579594388
 21
42248.47048781272
 72
     1
 10
27012.1579594388
 20
42248.47048781272
 11
27030.51364261106
 21
42243.38456171353
 97
        0
 75
     1
 76
     1
 98
        1
 10
593.9623540430475
 20
-202.0182055419937
450
        0
451
        0
460
0.0
461
0.0
452
        0
462
1.0
453
        2
463
0.0
 63
     5
421
      255
463
1.0
 63
     2
421
 16776960
470
LINEAR
1001
GradientColor1ACI
1070
     5
1001
GradientColor2ACI
1070
     2
1001
ACAD
1010
0.0
1020
0.0
1030
0.0
  0
HATCH
  5
81C
330
1F
100
AcDbEntity
  8
0.1 ОКН
 62
     1
440
 33554585
100
AcDbHatch
 10
0.0
 20
0.0
 30
0.0
210
0.0
220
0.0
230
1.0
  2
SOLID
 70
     1
 71
     0
 91
        1
 92
        1
 93
       10
 72
     1
 10
27051.20391632694
 20
42272.71814048734
 11
27047.79889639298
 21
42259.24360119481
 72
     1
 10
27047.79889639298
 20
42259.24360119481
 11
27036.67021028905
 21
42262.43321472471
 72
     1
 10
27036.67021028905
 20
42262.43321472471
 11
27036.44050263283
 21
42261.58159662781
 72
     1
 10
27036.44050263283
 20
42261.58159662781
 11
27030.32301179455
 21
42263.25918564242
 72
     1
 10
27030.32301179455
 20
42263.25918564242
 11
27030.54580161584
 21
42264.08515656013
 72
     1
 10
27030.54580161584
 20
42264.08515656013
 11
27021.24105193806
 21
42266.59493441482
 72
     1
 10
27021.24105193806
 20
42266.59493441482
 11
27018.81361295727
 21
42257.59180879805
 72
     1
 10
27018.81361295727
 20
42257.59180879805
 11
27012.31082555457
 21
42259.22961052726
 72
     1
 10
27012.31082555457
 20
42259.22961052726
 11
27016.78420866663
 21
42281.42565959821
 72
     1
 10
27016.78420866663
 20
42281.42565959821
 11
27051.20391632694
 21
42272.71814048734
 97
        0
 75
     1
 76
     1
 98
        1
 10
602.7356777590029
 20
-172.7889054165935
450
        0
451
        0
460
0.0
461
0.0
452
        0
462
1.0
453
        2
463
0.0
 63
     5
421
      255
463
1.0
 63
     2
421
 16776960
470
LINEAR
1001
GradientColor1ACI
1070
     5
1001
GradientColor2ACI
1070
     2
1001
ACAD
1010
0.0
1020
0.0
1030
0.0
  0
HATCH
  5
81D
330
1F
100
AcDbEntity
  8
0.1 ОКН
 62
     1
440
 33554585
100
AcDbHatch
 10
0.0
 20
0.0
 30
0.0
210
0.0
220
0.0
230
1.0
  2
SOLID
 70
     1
 71
     0
 91
        1
 92
        1
 93
        4
 72
     1
 10
27043.87091442582
 20
42244.38136079521
 11
27037.55523395507
 21
42220.87537750259
 72
     1
 10
27037.55523395507
 20
42220.87537750259
 11
27029.87196643475
 21
42223.04669514373
 72
     1
 10
27029.87196643475
 20
42223.04669514373
 11
27036.12
 21
42246.39999999999
 72
     1
 10
27036.12
 20
42246.39999999999
 11
27043.87091442582
 21
42244.38136079521
 97
        0
 75
     1
 76
     1
 98
        1
 10
620.4741643986927
 20
-207.6832858644266
450
        0
451
        0
460
0.0
461
0.0
452
        0
462
1.0
453
        2
463
0.0
 63
     5
421
      255
463
1.0
 63
     2
421
 16776960
470
LINEAR
1001
GradientColor1ACI
1070
     5
1001
GradientColor2ACI
1070
     2
1001
ACAD
1010
0.0
1020
0.0
1030
0.0
  0
HATCH
  5
81E
330
1F
100
AcDbEntity
  8
0.1 ОКН
 62
     1
440
 33554585
100
AcDbHatch
 10
0.0
 20
0.0
 30
0.0
210
0.0
220
0.0
230
1.0
  2
SOLID
 70
     1
 71
     0
 91
        1
 92
        1
 93
        4
 72
     1
 10
26990.14883566268
 20
42252.61778928562
 11
26985.7660759575
 21
42234.87571929609
 72
     1
 10
26985.7660759575
 20
42234.87571929609
 11
26956.34629269898
 21
42243.38477451318
 72
     1
 10
26956.34629269898
 20
42243.38477451318
 11
26961.16698053498
 21
42260.58112509607
 72
     1
 10
26961.16698053498
 20
42260.58112509607
 11
26990.14883566268
 21
42252.61778928562
 97
        0
 75
     1
 76
     1
 98
        1
 10
535.1657444487973
 20
-189.1193550765238
450
        0
451
        0
460
0.0
461
0.0
452
        0
462
1.0
453
        2
463
0.0
 63
     5
421
      255
463
1.0
 63
     2
421
 16776960
470
LINEAR
1001
GradientColor1ACI
1070
     5
1001
GradientColor2ACI
1070
     2
1001
ACAD
1010
0.0
1020
0.0
1030
0.0
  0
HATCH
  5
81F
330
1F
100
AcDbEntity
  8
0.1 ОКН
 62
     1
440
 33554585
100
AcDbHatch
 10
0.0
 20
0.0
 30
0.0
210
0.0
220
0.0
230
1.0
  2
SOLID
 70
     1
 71
     0
 91
        1
 92
        1
 93
       12
 72
     1
 10
27075.09
 20
42170.79
 11
27072.23
 21
42161.26
 72
     1
 10
27072.23
 20
42161.26
 11
27077.49
 21
42159.86
 72
     1
 10
27077.49
 20
42159.86
 11
27073.56
 21
42146.06999999999
 72
     1
 10
27073.56
 20
42146.06999999999
 11
27046.93
 21
42153.51
 72
     1
 10
27046.93
 20
42153.51
 11
27050.89
 21
42167.58
 72
     1
 10
27050.89
 20
42167.58
 11
27055.69
 21
42166.1
 72
     1
 10
27055.69
 20
42166.1
 11
27058.18
 21
42175.39
 72
     1
 10
27058.18
 20
42175.39
 11
27047.84
 21
42178.18
 72
     1
 10
27047.84
 20
42178.18
 11
27050.62
 21
42188.51999999998
 72
     1
 10
27050.62
 20
42188.51999999998
 11
27088.22
 21
42177.98
 72
     1
 10
27088.22
 20
42177.98
 11
27085.4014257465
 21
42167.92516051378
 72
     1
 10
27085.4014257465
 20
42167.92516051378
 11
27075.09
 21
42170.79
 97
        0
 75
     1
 76
     1
 98
        1
 10
651.174950459721
 20
-272.3721190808865
450
        0
451
        0
460
0.0
461
0.0
452
        0
462
1.0
453
        2
463
0.0
 63
     5
421
      255
463
1.0
 63
     2
421
 16776960
470
LINEAR
1001
GradientColor1ACI
1070
     5
1001
GradientColor2ACI
1070
     2
1001
ACAD
1010
0.0
1020
0.0
1030
0.0
  0
HATCH
  5
820
330
1F
100
AcDbEntity
  8
0.1 ОКН
 62
     1
440
 33554585
100
AcDbHatch
 10
0.0
 20
0.0
 30
0.0
210
0.0
220
0.0
230
1.0
  2
SOLID
 70
     1
 71
     0
 91
        1
 92
        1
 93
       29
 72
     1
 10
27061.41187642474
 20
42229.75811759726
 11
27065.83286519447
 21
42248.33675357443
 72
     1
 10
27065.83286519447
 20
42248.33675357443
 11
27077.84999533527
 21
42245.42374973941
 72
     1
 10
27077.84999533527
 20
42245.42374973941
 11
27076.70766546309
 21
42240.94944401779
 72
     1
 10
27076.70766546309
 20
42240.94944401779
 11
27076.39552139869
 21
42241.0183829758
 72
     1
 10
27076.39552139869
 20
42241.0183829758
 11
27072.61523842926
 21
42226.51092231846
 72
     1
 10
27072.61523842926
 20
42226.51092231846
 11
27072.96031312618
 21
42226.47062170048
 72
     1
 10
27072.96031312618
 20
42226.47062170048
 11
27070.22097654289
 21
42215.73501642245
 72
     1
 10
27070.22097654289
 20
42215.73501642245
 11
27066.95697999922
 21
42213.40776749753
 72
     1
 10
27066.95697999922
 20
42213.40776749753
 11
27063.55462929536
 21
42214.28726017096
 72
     1
 10
27063.55462929536
 20
42214.28726017096
 11
27063.4714598653
 21
42213.95423822258
 72
     1
 10
27063.4714598653
 20
42213.95423822258
 11
27059.039
 21
42215.13599999998
 72
     1
 10
27059.039
 20
42215.13599999998
 11
27059.11812211529
 21
42215.44855239081
 72
     1
 10
27059.11812211529
 20
42215.44855239081
 11
27052.59486318118
 21
42217.18368103898
 72
     1
 10
27052.59486318118
 20
42217.18368103898
 11
27052.49036900957
 21
42216.83790984754
 72
     1
 10
27052.49036900957
 20
42216.83790984754
 11
27048.55557025357
 21
42217.93865150822
 72
     1
 10
27048.55557025357
 20
42217.93865150822
 11
27048.60651056824
 21
42218.2300795923
 72
     1
 10
27048.60651056824
 20
42218.2300795923
 11
27042.06358670856
 21
42219.98341230971
 72
     1
 10
27042.06358670856
 20
42219.98341230971
 11
27041.98085621617
 21
42219.6662377667
 72
     1
 10
27041.98085621617
 20
42219.6662377667
 11
27037.55523395507
 21
42220.87537750259
 72
     1
 10
27037.55523395507
 20
42220.87537750259
 11
27046.19908175097
 21
42253.00329707941
 72
     1
 10
27046.19908175097
 20
42253.00329707941
 11
27056.45146950454
 21
42250.29948302296
 72
     1
 10
27056.45146950454
 20
42250.29948302296
 11
27053.77452355024
 21
42239.10329181115
 72
     1
 10
27053.77452355024
 20
42239.10329181115
 11
27054.75657374918
 21
42238.75144519523
 72
     1
 10
27054.75657374918
 20
42238.75144519523
 11
27055.39021760535
 21
42237.72764082768
 72
     1
 10
27055.39021760535
 20
42237.72764082768
 11
27054.61589479104
 21
42234.85453971517
 72
     1
 10
27054.61589479104
 20
42234.85453971517
 11
27053.27361413471
 21
42234.09677637688
 72
     1
 10
27053.27361413471
 20
42234.09677637688
 11
27051.3158341287
 21
42234.47665046111
 72
     1
 10
27051.3158341287
 20
42234.47665046111
 11
27050.81103033734
 21
42232.37165412353
 72
     1
 10
27050.81103033734
 20
42232.37165412353
 11
27061.41187642474
 21
42229.75811759726
 97
        0
 75
     1
 76
     1
 98
        1
 10
635.1651947360332
 20
-221.7116317408799
450
        0
451
        0
460
0.0
461
0.0
452
        0
462
1.0
453
        2
463
0.0
 63
     5
421
      255
463
1.0
 63
     2
421
 16776960
470
LINEAR
1001
GradientColor1ACI
1070
     5
1001
GradientColor2ACI
1070
     2
1001
ACAD
1010
0.0
1020
0.0
1030
0.0
  0
HATCH
  5
821
330
1F
100
AcDbEntity
  8
0.1 ОКН
 62
     1
440
 33554585
100
AcDbHatch
 10
0.0
 20
0.0
 30
0.0
210
0.0
220
0.0
230
1.0
  2
SOLID
 70
     1
 71
     0
 91
        1
 92
        1
 93
        8
 72
     1
 10
27082.99284248866
 20
42264.0568104287
 11
27079.27607141604
 21
42249.66936765408
 72
     1
 10
27079.27607141604
 20
42249.66936765408
 11
27066.57601670545
 21
42252.69284867296
 72
     1
 10
27066.57601670545
 20
42252.69284867296
 11
27067.66216898786
 21
42257.35008875764
 72
     1
 10
27067.66216898786
 20
42257.35008875764
 11
27064.67958152152
 21
42258.10335182305
 72
     1
 10
27064.67958152152
 20
42258.10335182305
 11
27065.95167815489
 21
42263.1402899776
 72
     1
 10
27065.95167815489
 20
42263.1402899776
 11
27066.79607500696
 21
42262.92703455142
 72
     1
 10
27066.79607500696
 20
42262.92703455142
 11
27068.18569947968
 21
42268.42933079493
 72
     1
 10
27068.18569947968
 20
42268.42933079493
 11
27082.99284248866
 21
42264.0568104287
 97
        0
 75
     1
 76
     1
 98
        1
 10
659.5918398315443
 20
-181.921421686784
450
        0
451
        0
460
0.0
461
0.0
452
        0
462
1.0
453
        2
463
0.0
 63
     5
421
      255
463
1.0
 63
     2
421
 16776960
470
LINEAR
1001
GradientColor1ACI
1070
     5
1001
GradientColor2ACI
1070
     2
1001
ACAD
1010
0.0
1020
0.0
1030
0.0
  0
HATCH
  5
822
330
1F
100
AcDbEntity
  8
0.1 ОКН
 62
     1
440
 33554585
100
AcDbHatch
 10
0.0
 20
0.0
 30
0.0
210
0.0
220
0.0
230
1.0
  2
SOLID
 70
     1
 71
     0
 91
        1
 92
        1
 93
        8
 72
     1
 10
27119.45716879912
 20
42200.08754145402
 11
27088.76377286334
 21
42208.35400130827
 72
     1
 10
27088.76377286334
 20
42208.35400130827
 11
27096.61520834771
 21
42236.73581676583
 72
     1
 10
27096.61520834771
 20
42236.73581676583
 11
27110.54632729617
 21
42233.16095134871
 72
     1
 10
27110.54632729617
 20
42233.16095134871
 11
27109.09920955685
 21
42227.46173644881
 72
     1
 10
27109.09920955685
 20
42227.46173644881
 11
27103.22874125592
 21
42228.95233804318
 72
     1
 10
27103.22874125592
 20
42228.95233804318
 11
27102.05215379564
 21
42224.31855835656
 72
     1
 10
27102.05215379564
 20
42224.31855835656
 11
27124.30102062475
 21
42218.66923113627
 72
     1
 10
27124.30102062475
 20
42218.66923113627
 11
27119.45716879912
 21
42200.08754145402
 97
        0
 75
     1
 76
     1
 98
        1
 10
694.0067250770989
 20
-226.7950962330724
450
        0
451
        0
460
0.0
461
0.0
452
        0
462
1.0
453
        2
463
0.0
 63
     5
421
      255
463
1.0
 63
     2
421
 16776960
470
LINEAR
1001
GradientColor1ACI
1070
     5
1001
GradientColor2ACI
1070
     2
1001
ACAD
1010
0.0
1020
0.0
1030
0.0
  0
HATCH
  5
823
330
1F
100
AcDbEntity
  8
0.1 ОКН
 62
     1
440
 33554585
100
AcDbHatch
 10
0.0
 20
0.0
 30
0.0
210
0.0
220
0.0
230
1.0
  2
SOLID
 70
     1
 71
     0
 91
        1
 92
        1
 93
       20
 72
     1
 10
27183.69996156
 20
42209.08153137999
 11
27181.90274276458
 21
42183.75058298877
 72
     1
 10
27181.90274276458
 20
42183.75058298877
 11
27155.5320202353
 21
42190.25649847456
 72
     1
 10
27155.5320202353
 20
42190.25649847456
 11
27161.15745098085
 21
42214.76919264438
 72
     1
 10
27161.15745098085
 20
42214.76919264438
 11
27167.08920705019
 21
42213.16900177886
 72
     1
 10
27167.08920705019
 20
42213.16900177886
 11
27166.93911814923
 21
42212.55719987105
 72
     1
 10
27166.93911814923
 20
42212.55719987105
 11
27167.16067371268
 21
42212.49766061736
 72
     1
 10
27167.16067371268
 20
42212.49766061736
 11
27166.60278625824
 21
42210.21594857274
 72
     1
 10
27166.60278625824
 20
42210.21594857274
 11
27166.37493513304
 21
42210.27748406
 72
     1
 10
27166.37493513304
 20
42210.27748406
 11
27165.70699983243
 21
42207.47289365158
 72
     1
 10
27165.70699983243
 20
42207.47289365158
 11
27164.68546472346
 21
42207.7525491745
 72
     1
 10
27164.68546472346
 20
42207.7525491745
 11
27163.98790324691
 21
42204.86333220984
 72
     1
 10
27163.98790324691
 20
42204.86333220984
 11
27178.13363961724
 21
42201.20994008878
 72
     1
 10
27178.13363961724
 20
42201.20994008878
 11
27178.89073802111
 21
42204.15382414361
 72
     1
 10
27178.89073802111
 20
42204.15382414361
 11
27176.41035019992
 21
42204.82656202456
 72
     1
 10
27176.41035019992
 20
42204.82656202456
 11
27177.11216714667
 21
42207.59070972277
 72
     1
 10
27177.11216714667
 20
42207.59070972277
 11
27176.87428304488
 21
42207.65062355644
 72
     1
 10
27176.87428304488
 20
42207.65062355644
 11
27177.45067562958
 21
42209.93915399933
 72
     1
 10
27177.45067562958
 20
42209.93915399933
 11
27177.69294450312
 21
42209.87813581071
 72
     1
 10
27177.69294450312
 20
42209.87813581071
 11
27177.84622174514
 21
42210.48182732554
 72
     1
 10
27177.84622174514
 20
42210.48182732554
 11
27183.69996156
 21
42209.08153137999
 97
        0
 75
     1
 76
     1
 98
        1
 10
756.6065028846097
 20
-242.0505529437578
450
        0
451
        0
460
0.0
461
0.0
452
        0
462
1.0
453
        2
463
0.0
 63
     5
421
      255
463
1.0
 63
     2
421
 16776960
470
LINEAR
1001
GradientColor1ACI
1070
     5
1001
GradientColor2ACI
1070
     2
1001
ACAD
1010
0.0
1020
0.0
1030
0.0
  0
HATCH
  5
824
330
1F
100
AcDbEntity
  8
0.1 ОКН
 62
     1
440
 33554585
100
AcDbHatch
 10
0.0
 20
0.0
 30
0.0
210
0.0
220
0.0
230
1.0
  2
SOLID
 70
     1
 71
     0
 91
        1
 92
        1
 93
        4
 72
     1
 10
27159.42596967209
 20
42207.24756154075
 11
27155.5320202353
 21
42190.25649847456
 72
     1
 10
27155.5320202353
 20
42190.25649847456
 11
27130.84913268002
 21
42197.26038778063
 72
     1
 10
27130.84913268002
 20
42197.26038778063
 11
27135.51997939894
 21
42213.54267758636
 72
     1
 10
27135.51997939894
 20
42213.54267758636
 11
27159.42596967209
 21
42207.24756154075
 97
        0
 75
     1
 76
     1
 98
        1
 10
723.8586919883091
 20
-231.7635839766808
450
        0
451
        0
460
0.0
461
0.0
452
        0
462
1.0
453
        2
463
0.0
 63
     5
421
      255
463
1.0
 63
     2
421
 16776960
470
LINEAR
1001
GradientColor1ACI
1070
     5
1001
GradientColor2ACI
1070
     2
1001
ACAD
1010
0.0
1020
0.0
1030
0.0
  0
HATCH
  5
825
330
1F
100
AcDbEntity
  8
0.1 ОКН
 62
     1
440
 33554585
100
AcDbHatch
 10
0.0
 20
0.0
 30
0.0
210
0.0
220
0.0
230
1.0
  2
SOLID
 70
     1
 71
     0
 91
        1
 92
        1
 93
        4
 72
     1
 10
27326.49941141628
 20
42230.00466167791
 11
27330.58210206865
 21
42215.20992830438
 72
     1
 10
27330.58210206865
 20
42215.20992830438
 11
27319.124
 21
42212.048
 72
     1
 10
27319.124
 20
42212.048
 11
27315.04130934764
 21
42226.84273337353
 72
     1
 10
27315.04130934764
 20
42226.84273337353
 11
27326.49941141628
 21
42230.00466167791
 97
        0
 75
     1
 76
     1
 98
        1
 10
893.50240100683
 20
-217.7134445966876
450
        0
451
        0
460
0.0
461
0.0
452
        0
462
1.0
453
        2
463
0.0
 63
     5
421
      255
463
1.0
 63
     2
421
 16776960
470
LINEAR
1001
GradientColor1ACI
1070
     5
1001
GradientColor2ACI
1070
     2
1001
ACAD
1010
0.0
1020
0.0
1030
0.0
  0
HATCH
  5
826
330
1F
100
AcDbEntity
  8
0.1 ОКН
 62
     1
440
 33554585
100
AcDbHatch
 10
0.0
 20
0.0
 30
0.0
210
0.0
220
0.0
230
1.0
  2
SOLID
 70
     1
 71
     0
 91
        1
 92
        1
 93
        4
 72
     1
 10
27704.27020731383
 20
42280.08930678246
 11
27708.8523558829
 21
42266.8300853312
 72
     1
 10
27708.8523558829
 20
42266.8300853312
 11
27685.18068696274
 21
42259.40184313963
 72
     1
 10
27685.18068696274
 20
42259.40184313963
 11
27681.28
 21
42272.93
 72
     1
 10
27681.28
 20
42272.93
 11
27704.27020731383
 21
42280.08930678246
 97
        0
 75
     1
 76
     1
 98
        1
 10
1267.764136129372
 20
-168.5283148735034
450
        0
451
        0
460
0.0
461
0.0
452
        0
462
1.0
453
        2
463
0.0
 63
     5
421
      255
463
1.0
 63
     2
421
 16776960
470
LINEAR
1001
GradientColor1ACI
1070
     5
1001
GradientColor2ACI
1070
     2
1001
ACAD
1010
0.0
1020
0.0
1030
0.0
  0
HATCH
  5
827
330
1F
100
AcDbEntity
  8
0.1 ОКН
 62
     1
440
 33554585
100
AcDbHatch
 10
0.0
 20
0.0
 30
0.0
210
0.0
220
0.0
230
1.0
  2
SOLID
 70
     1
 71
     0
 91
        1
 92
        1
 93
       24
 72
     1
 10
27507.44
 20
42270.28999999999
 11
27512.51876638448
 21
42253.17611145565
 72
     1
 10
27512.51876638448
 20
42253.17611145565
 11
27513.6049469062
 21
42253.52217603494
 72
     1
 10
27513.6049469062
 20
42253.52217603494
 11
27514.09308686302
 21
42252.0912669775
 72
     1
 10
27514.09308686302
 20
42252.0912669775
 11
27481.25983479062
 21
42242.50803947692
 72
     1
 10
27481.25983479062
 20
42242.50803947692
 11
27481.85057021016
 21
42241.10723301419
 72
     1
 10
27481.85057021016
 20
42241.10723301419
 11
27481.41
 21
42240.65
 72
     1
 10
27481.41
 20
42240.65
 11
27476.64
 21
42239.16
 72
     1
 10
27476.64
 20
42239.16
 11
27476.59
 21
42239.34999999999
 72
     1
 10
27476.59
 20
42239.34999999999
 11
27476.0
 21
42239.63
 72
     1
 10
27476.0
 20
42239.63
 11
27475.81
 21
42239.58
 72
     1
 10
27475.81
 20
42239.58
 11
27474.14
 21
42244.91999999999
 72
     1
 10
27474.14
 20
42244.91999999999
 11
27469.24
 21
42243.37
 72
     1
 10
27469.24
 20
42243.37
 11
27465.8
 21
42254.26999999999
 72
     1
 10
27465.8
 20
42254.26999999999
 11
27469.14
 21
42255.32
 72
     1
 10
27469.14
 20
42255.32
 11
27467.04
 21
42262.0
 72
     1
 10
27467.04
 20
42262.0
 11
27466.58
 21
42261.86
 72
     1
 10
27466.58
 20
42261.86
 11
27465.31
 21
42265.94
 72
     1
 10
27465.31
 20
42265.94
 11
27473.46
 21
42268.52
 72
     1
 10
27473.46
 20
42268.52
 11
27476.02
 21
42260.35
 72
     1
 10
27476.02
 20
42260.35
 11
27493.29
 21
42265.81
 72
     1
 10
27493.29
 20
42265.81
 11
27492.75
 21
42267.5
 72
     1
 10
27492.75
 20
42267.5
 11
27499.01
 21
42269.48
 72
     1
 10
27499.01
 20
42269.48
 11
27499.54
 21
42267.8
 72
     1
 10
27499.54
 20
42267.8
 11
27507.44
 21
42270.28999999999
 97
        0
 75
     1
 76
     1
 98
        1
 10
1063.057685304094
 20
-179.168308538181
450
        0
451
        0
460
0.0
461
0.0
452
        0
462
1.0
453
        2
463
0.0
 63
     5
421
      255
463
1.0
 63
     2
421
 16776960
470
LINEAR
1001
GradientColor1ACI
1070
     5
1001
GradientColor2ACI
1070
     2
1001
ACAD
1010
0.0
1020
0.0
1030
0.0
  0
HATCH
  5
828
330
1F
100
AcDbEntity
  8
0.1 ОКН
 62
     1
440
 33554585
100
AcDbHatch
 10
0.0
 20
0.0
 30
0.0
210
0.0
220
0.0
230
1.0
  2
SOLID
 70
     1
 71
     0
 91
        1
 92
        1
 93
       26
 72
     1
 10
27915.98404889523
 20
42350.54009468057
 11
27917.29265076735
 21
42358.88884713067
 72
     1
 10
27917.29265076735
 20
42358.88884713067
 11
27916.481694156
 21
42359.01595825849
 72
     1
 10
27916.481694156
 20
42359.01595825849
 11
27917.2724950786
 21
42364.0611910989
 72
     1
 10
27917.2724950786
 20
42364.0611910989
 11
27918.17163654459
 21
42363.92025768248
 72
     1
 10
27918.17163654459
 20
42363.92025768248
 11
27918.88398126686
 21
42368.46494760858
 72
     1
 10
27918.88398126686
 20
42368.46494760858
 11
27924.60586251606
 21
42367.56808732205
 72
     1
 10
27924.60586251606
 20
42367.56808732205
 11
27924.71310928742
 21
42368.23412596184
 72
     1
 10
27924.71310928742
 20
42368.23412596184
 11
27929.6825225076
 21
42367.433941871
 72
     1
 10
27929.6825225076
 20
42367.433941871
 11
27929.57861593361
 21
42366.78864698404
 72
     1
 10
27929.57861593361
 20
42366.78864698404
 11
27935.67985211186
 21
42365.83232576927
 72
     1
 10
27935.67985211186
 20
42365.83232576927
 11
27931.14367176538
 21
42336.89193710755
 72
     1
 10
27931.14367176538
 20
42336.89193710755
 11
27925.67756370454
 21
42337.74870694043
 72
     1
 10
27925.67756370454
 20
42337.74870694043
 11
27925.34294987979
 21
42335.61390333908
 72
     1
 10
27925.34294987979
 20
42335.61390333908
 11
27921.50805708677
 21
42333.26717224725
 72
     1
 10
27921.50805708677
 20
42333.26717224725
 11
27919.23849697311
 21
42333.63262100663
 72
     1
 10
27919.23849697311
 20
42333.63262100663
 11
27918.35895039404
 21
42328.1703399543
 72
     1
 10
27918.35895039404
 20
42328.1703399543
 11
27889.54771674
 21
42332.80957798628
 72
     1
 10
27889.54771674
 20
42332.80957798628
 11
27892.21705967358
 21
42349.38709835319
 72
     1
 10
27892.21705967358
 20
42349.38709835319
 11
27896.76861251325
 21
42348.65419891224
 72
     1
 10
27896.76861251325
 20
42348.65419891224
 11
27896.87585928461
 21
42349.32023755202
 72
     1
 10
27896.87585928461
 20
42349.32023755202
 11
27901.8452725048
 21
42348.52005346119
 72
     1
 10
27901.8452725048
 20
42348.52005346119
 11
27901.73163096182
 21
42347.81430113182
 72
     1
 10
27901.73163096182
 20
42347.81430113182
 11
27910.00635451613
 21
42346.48188986897
 72
     1
 10
27910.00635451613
 20
42346.48188986897
 11
27910.54135732553
 21
42349.11702577023
 72
     1
 10
27910.54135732553
 20
42349.11702577023
 11
27912.99520170568
 21
42350.99772944795
 72
     1
 10
27912.99520170568
 20
42350.99772944795
 11
27915.98404889523
 21
42350.54009468057
 97
        0
 75
     1
 76
     1
 98
        1
 10
1488.538799107424
 20
-96.65904640281224
450
        0
451
        0
460
0.0
461
0.0
452
        0
462
1.0
453
        2
463
0.0
 63
     5
421
      255
463
1.0
 63
     2
421
 16776960
470
LINEAR
1001
GradientColor1ACI
1070
     5
1001
GradientColor2ACI
1070
     2
1001
ACAD
1010
0.0
1020
0.0
1030
0.0
  0
HATCH
  5
829
330
1F
100
AcDbEntity
  8
0.1 ОКН
 62
     1
440
 33554585
100
AcDbHatch
 10
0.0
 20
0.0
 30
0.0
210
0.0
220
0.0
230
1.0
  2
SOLID
 70
     1
 71
     0
 91
        1
 92
        1
 93
       28
 72
     1
 10
27959.3804895909
 20
42361.82345597665
 11
27964.16995288653
 21
42361.00595098201
 72
     1
 10
27964.16995288653
 20
42361.00595098201
 11
27964.08095326502
 21
42360.48453469302
 72
     1
 10
27964.08095326502
 20
42360.48453469302
 11
27974.70566555583
 21
42358.67102139765
 72
     1
 10
27974.70566555583
 20
42358.67102139765
 11
27974.77949438077
 21
42359.10355752839
 72
     1
 10
27974.77949438077
 20
42359.10355752839
 11
27979.01518916001
 21
42358.38057429958
 72
     1
 10
27979.01518916001
 20
42358.38057429958
 11
27978.94136033506
 21
42357.94803816883
 72
     1
 10
27978.94136033506
 20
42357.94803816883
 11
27989.64144342027
 21
42356.12165996625
 72
     1
 10
27989.64144342027
 20
42356.12165996625
 11
27989.71527224522
 21
42356.55419609698
 72
     1
 10
27989.71527224522
 20
42356.55419609698
 11
27994.48254923296
 21
42355.74047804388
 72
     1
 10
27994.48254923296
 20
42355.74047804388
 11
27993.54930043036
 21
42350.27291403508
 72
     1
 10
27993.54930043036
 20
42350.27291403508
 11
27996.31880416612
 21
42349.80019235482
 72
     1
 10
27996.31880416612
 20
42349.80019235482
 11
27994.78422615805
 21
42340.80966007422
 72
     1
 10
27994.78422615805
 20
42340.80966007422
 11
27992.08097823577
 21
42341.27107266719
 72
     1
 10
27992.08097823577
 20
42341.27107266719
 11
27991.81594811465
 21
42339.78000815362
 72
     1
 10
27991.81594811465
 20
42339.78000815362
 11
27986.7966654957
 21
42340.63674060092
 72
     1
 10
27986.7966654957
 20
42340.63674060092
 11
27986.9309482172
 21
42341.42345404011
 72
     1
 10
27986.9309482172
 20
42341.42345404011
 11
27978.26698178935
 21
42342.90229110201
 72
     1
 10
27978.26698178935
 20
42342.90229110201
 11
27978.13269906785
 21
42342.11557766282
 72
     1
 10
27978.13269906785
 20
42342.11557766282
 11
27970.14460595603
 21
42343.47905110722
 72
     1
 10
27970.14460595603
 20
42343.47905110722
 11
27970.26122766012
 21
42344.26877907417
 72
     1
 10
27970.26122766012
 20
42344.26877907417
 11
27961.67914152654
 21
42345.73364013387
 72
     1
 10
27961.67914152654
 20
42345.73364013387
 11
27961.53623737191
 21
42344.89641686565
 72
     1
 10
27961.53623737191
 20
42344.89641686565
 11
27956.77998314629
 21
42345.70825346303
 72
     1
 10
27956.77998314629
 20
42345.70825346303
 11
27957.07556326711
 21
42347.43994947575
 72
     1
 10
27957.07556326711
 20
42347.43994947575
 11
27954.18161253233
 21
42347.93391279354
 72
     1
 10
27954.18161253233
 20
42347.93391279354
 11
27955.71088645873
 21
42356.89337039636
 72
     1
 10
27955.71088645873
 20
42356.89337039636
 11
27958.45891953899
 21
42356.4243135042
 72
     1
 10
27958.45891953899
 20
42356.4243135042
 11
27959.3804895909
 21
42361.82345597665
 97
        0
 75
     1
 76
     1
 98
        1
 10
1550.46459895264
 20
-88.98441020071913
450
        0
451
        0
460
0.0
461
0.0
452
        0
462
1.0
453
        2
463
0.0
 63
     5
421
      255
463
1.0
 63
     2
421
 16776960
470
LINEAR
1001
GradientColor1ACI
1070
     5
1001
GradientColor2ACI
1070
     2
1001
ACAD
1010
0.0
1020
0.0
1030
0.0
  0
HATCH
  5
830
330
1F
100
AcDbEntity
  8
0.1 ОКН
 62
     1
440
 33554585
100
AcDbHatch
 10
0.0
 20
0.0
 30
0.0
210
0.0
220
0.0
230
1.0
  2
SOLID
 70
     1
 71
     0
 91
        1
 92
        1
 93
       32
 72
     1
 10
28245.96557073121
 20
42271.54693544951
 11
28251.00067901538
 21
42269.89525873963
 72
     1
 10
28251.00067901538
 20
42269.89525873963
 11
28250.77006261651
 21
42269.35750268339
 72
     1
 10
28250.77006261651
 20
42269.35750268339
 11
28254.57521901621
 21
42268.12834732034
 72
     1
 10
28254.57521901621
 20
42268.12834732034
 11
28254.84427095631
 21
42268.81974818691
 72
     1
 10
28254.84427095631
 20
42268.81974818691
 11
28260.50086006565
 21
42266.82006655672
 72
     1
 10
28260.50086006565
 20
42266.82006655672
 11
28260.62416516455
 21
42267.21439427397
 72
     1
 10
28260.62416516455
 20
42267.21439427397
 11
28264.91524941785
 21
42265.71102102179
 72
     1
 10
28264.91524941785
 20
42265.71102102179
 11
28264.79194431895
 21
42265.26740311978
 72
     1
 10
28264.79194431895
 20
42265.26740311978
 11
28270.513387889
 21
42263.39434646286
 72
     1
 10
28270.513387889
 20
42263.39434646286
 11
28270.1681298303
 21
42262.5810451561
 72
     1
 10
28270.1681298303
 20
42262.5810451561
 11
28273.95727982512
 21
42261.17937960554
 72
     1
 10
28273.95727982512
 20
42261.17937960554
 11
28274.09647157238
 21
42261.67617307096
 72
     1
 10
28274.09647157238
 20
42261.67617307096
 11
28280.67826807131
 21
42259.33130885
 72
     1
 10
28280.67826807131
 20
42259.33130885
 11
28278.98807806678
 21
42254.84029623451
 72
     1
 10
28278.98807806678
 20
42254.84029623451
 11
28284.27896856966
 21
42253.02221199213
 72
     1
 10
28284.27896856966
 20
42253.02221199213
 11
28281.99413504052
 21
42246.94394896307
 72
     1
 10
28281.99413504052
 20
42246.94394896307
 11
28275.15923627959
 21
42249.0045410393
 72
     1
 10
28275.15923627959
 20
42249.0045410393
 11
28274.4502912925
 21
42246.73624787555
 72
     1
 10
28274.4502912925
 20
42246.73624787555
 11
28269.63863070326
 21
42248.03779145281
 72
     1
 10
28269.63863070326
 20
42248.03779145281
 11
28269.9750740515
 21
42249.04646912564
 72
     1
 10
28269.9750740515
 20
42249.04646912564
 11
28261.96160602465
 21
42251.79740993771
 72
     1
 10
28261.96160602465
 20
42251.79740993771
 11
28261.71692138569
 21
42250.97212806359
 72
     1
 10
28261.71692138569
 20
42250.97212806359
 11
28253.82579844642
 21
42253.84533046997
 72
     1
 10
28253.82579844642
 20
42253.84533046997
 11
28254.13165345724
 21
42254.60948041118
 72
     1
 10
28254.13165345724
 20
42254.60948041118
 11
28246.23462267132
 21
42257.48846728021
 72
     1
 10
28246.23462267132
 20
42257.48846728021
 11
28245.92713518999
 21
42256.87388959869
 72
     1
 10
28245.92713518999
 20
42256.87388959869
 11
28241.16107765357
 21
42258.52556702029
 72
     1
 10
28241.16107765357
 20
42258.52556702029
 11
28242.0066690151
 21
42260.71500205792
 72
     1
 10
28242.0066690151
 20
42260.71500205792
 11
28239.54676916443
 21
42261.63686780032
 72
     1
 10
28239.54676916443
 20
42261.63686780032
 11
28241.62231045131
 21
42268.20516823389
 72
     1
 10
28241.62231045131
 20
42268.20516823389
 11
28244.46656886578
 21
42267.20647930644
 72
     1
 10
28244.46656886578
 20
42267.20647930644
 11
28245.96557073121
 21
42271.54693544951
 97
        0
 75
     1
 76
     1
 98
        1
 10
1837.049680092954
 20
-179.2609307278544
450
        0
451
        0
460
0.0
461
0.0
452
        0
462
1.0
453
        2
463
0.0
 63
     5
421
      255
463
1.0
 63
     2
421
 16776960
470
LINEAR
1001
GradientColor1ACI
1070
     5
1001
GradientColor2ACI
1070
     2
1001
ACAD
1010
0.0
1020
0.0
1030
0.0
  0
HATCH
  5
835
330
1F
100
AcDbEntity
  8
0.1 ОКН
 62
     1
440
 33554585
100
AcDbHatch
 10
0.0
 20
0.0
 30
0.0
210
0.0
220
0.0
230
1.0
  2
SOLID
 70
     1
 71
     0
 91
        1
 92
        1
 93
       24
 72
     1
 10
28388.8074718087
 20
42153.78344056443
 11
28390.0997230684
 21
42152.82546172582
 72
     1
 10
28390.0997230684
 20
42152.82546172582
 11
28388.25832600853
 21
42150.32496246341
 72
     1
 10
28388.25832600853
 20
42150.32496246341
 11
28386.84811272098
 21
42151.45102687803
 72
     1
 10
28386.84811272098
 20
42151.45102687803
 11
28384.88875363326
 21
42148.82702397579
 72
     1
 10
28384.88875363326
 20
42148.82702397579
 11
28385.43077874353
 21
42148.36886235762
 72
     1
 10
28385.43077874353
 20
42148.36886235762
 11
28383.38803117731
 21
42145.78656506437
 72
     1
 10
28383.38803117731
 20
42145.78656506437
 11
28370.54845679698
 21
42155.17942831088
 72
     1
 10
28370.54845679698
 20
42155.17942831088
 11
28376.44724610122
 21
42162.80750421107
 72
     1
 10
28376.44724610122
 20
42162.80750421107
 11
28377.70734867104
 21
42161.80666960879
 72
     1
 10
28377.70734867104
 20
42161.80666960879
 11
28383.35255055038
 21
42169.0054877781
 72
     1
 10
28383.35255055038
 20
42169.0054877781
 11
28384.33889396834
 21
42170.31711417878
 72
     1
 10
28384.33889396834
 20
42170.31711417878
 11
28382.93569821023
 21
42171.30674727457
 72
     1
 10
28382.93569821023
 20
42171.30674727457
 11
28384.33889396834
 21
42173.28596345943
 72
     1
 10
28384.33889396834
 20
42173.28596345943
 11
28387.75259855042
 21
42177.75891502684
 72
     1
 10
28387.75259855042
 20
42177.75891502684
 11
28400.30931849126
 21
42167.92719275817
 72
     1
 10
28400.30931849126
 20
42167.92719275817
 11
28398.48368714715
 21
42165.21342778381
 72
     1
 10
28398.48368714715
 20
42165.21342778381
 11
28397.94931648686
 21
42165.74729958426
 72
     1
 10
28397.94931648686
 20
42165.74729958426
 11
28393.14295227193
 21
42159.23967437351
 72
     1
 10
28393.14295227193
 20
42159.23967437351
 11
28394.43529358399
 21
42158.36500673943
 72
     1
 10
28394.43529358399
 20
42158.36500673943
 11
28394.76875744564
 21
42156.32413226215
 72
     1
 10
28394.76875744564
 20
42156.32413226215
 11
28393.47650618592
 21
42154.65810819851
 72
     1
 10
28393.47650618592
 20
42154.65810819851
 11
28391.85061095987
 21
42154.61645259625
 72
     1
 10
28391.85061095987
 20
42154.61645259625
 11
28390.39158274315
 21
42155.74100383719
 72
     1
 10
28390.39158274315
 20
42155.74100383719
 11
28388.8074718087
 21
42153.78344056443
 97
        0
 75
     1
 76
     1
 98
        1
 10
0.0
 20
0.0
450
        0
451
        0
460
0.0
461
0.0
452
        0
462
1.0
453
        2
463
0.0
 63
     5
421
      255
463
1.0
 63
     2
421
 16776960
470
LINEAR
1001
GradientColor1ACI
1070
     5
1001
GradientColor2ACI
1070
     2
1001
ACAD
1010
0.0
1020
0.0
1030
0.0
  0
HATCH
  5
838
330
1F
100
AcDbEntity
  8
0.1 ОКН
 62
     1
440
 33554585
100
AcDbHatch
 10
0.0
 20
0.0
 30
0.0
210
0.0
220
0.0
230
1.0
  2
SOLID
 70
     1
 71
     0
 91
        1
 92
        1
 93
       31
 72
     1
 10
27813.68198049058
 20
42372.24993078243
 11
27813.21514928063
 21
42373.91987586724
 72
     1
 10
27813.21514928063
 20
42373.91987586724
 11
27817.13559829579
 21
42375.18849549376
 72
     1
 10
27817.13559829579
 20
42375.18849549376
 11
27817.61149409345
 21
42373.76129925136
 72
     1
 10
27817.61149409345
 20
42373.76129925136
 11
27832.51902411034
 21
42379.17936712466
 72
     1
 10
27832.51902411034
 20
42379.17936712466
 11
27827.16199849217
 21
42392.91564370979
 72
     1
 10
27827.16199849217
 20
42392.91564370979
 11
27825.49255356082
 21
42392.26667503417
 72
     1
 10
27825.49255356082
 20
42392.26667503417
 11
27824.31783528082
 21
42395.51151841229
 72
     1
 10
27824.31783528082
 20
42395.51151841229
 11
27825.77081890815
 21
42396.03686452732
 72
     1
 10
27825.77081890815
 20
42396.03686452732
 11
27823.27879159106
 21
42402.21142324259
 72
     1
 10
27823.27879159106
 20
42402.21142324259
 11
27833.43981776596
 21
42406.19282616053
 72
     1
 10
27833.43981776596
 20
42406.19282616053
 11
27842.50774506229
 21
42382.92233131602
 72
     1
 10
27842.50774506229
 20
42382.92233131602
 11
27844.74335708264
 21
42377.42397021325
 72
     1
 10
27844.74335708264
 20
42377.42397021325
 11
27844.00178088795
 21
42377.15583035377
 72
     1
 10
27844.00178088795
 20
42377.15583035377
 11
27845.56408284532
 21
42373.0472690139
 72
     1
 10
27845.56408284532
 20
42373.0472690139
 11
27841.3355268132
 21
42371.48575496112
 72
     1
 10
27841.3355268132
 20
42371.48575496112
 11
27841.72463190186
 21
42370.50426821081
 72
     1
 10
27841.72463190186
 20
42370.50426821081
 11
27817.99729757655
 21
42362.02426476089
 72
     1
 10
27817.99729757655
 20
42362.02426476089
 11
27818.40753689481
 21
42360.76243170436
 72
     1
 10
27818.40753689481
 20
42360.76243170436
 11
27800.59096065277
 21
42354.54196111449
 72
     1
 10
27800.59096065277
 20
42354.54196111449
 11
27800.20458479166
 21
42355.53910101156
 72
     1
 10
27800.20458479166
 20
42355.53910101156
 11
27776.65120926227
 21
42346.41254236215
 72
     1
 10
27776.65120926227
 20
42346.41254236215
 11
27776.2857727402
 21
42347.35564303867
 72
     1
 10
27776.2857727402
 20
42347.35564303867
 11
27772.99675329471
 21
42346.08120028074
 72
     1
 10
27772.99675329471
 20
42346.08120028074
 11
27758.93
 21
42381.78
 72
     1
 10
27758.93
 20
42381.78
 11
27768.82058606262
 21
42385.20626991472
 72
     1
 10
27768.82058606262
 20
42385.20626991472
 11
27772.06316843897
 21
42376.42728016734
 72
     1
 10
27772.06316843897
 20
42376.42728016734
 11
27773.34557934625
 21
42376.76505223685
 72
     1
 10
27773.34557934625
 20
42376.76505223685
 11
27774.62799025353
 21
42373.5016282241
 72
     1
 10
27774.62799025353
 20
42373.5016282241
 11
27773.30412626362
 21
42372.98139621816
 72
     1
 10
27773.30412626362
 20
42372.98139621816
 11
27778.67532874629
 21
42359.31299160638
 72
     1
 10
27778.67532874629
 20
42359.31299160638
 11
27813.68198049058
 21
42372.24993078243
 97
        0
 75
     1
 76
     1
 98
        1
 10
1370.151211495045
 20
-78.20600369808381
450
        0
451
        0
460
0.0
461
0.0
452
        0
462
1.0
453
        2
463
0.0
 63
     5
421
      255
463
1.0
 63
     2
421
 16776960
470
LINEAR
1001
GradientColor1ACI
1070
     5
1001
GradientColor2ACI
1070
     2
1001
ACAD
1010
0.0
1020
0.0
1030
0.0
  0
HATCH
  5
839
330
1F
100
AcDbEntity
  8
0.1 ОКН
 62
     1
440
 33554585
100
AcDbHatch
 10
0.0
 20
0.0
 30
0.0
210
0.0
220
0.0
230
1.0
  2
SOLID
 70
     1
 71
     0
 91
        1
 92
        1
 93
       15
 72
     1
 10
28909.80463158541
 20
42010.28520115833
 11
28896.08035920353
 21
42014.37238745444
 72
     1
 10
28896.08035920353
 20
42014.37238745444
 11
28892.35274811442
 21
42001.51623722003
 72
     1
 10
28892.35274811442
 20
42001.51623722003
 11
28883.16926564196
 21
42004.17336113755
 72
     1
 10
28883.16926564196
 20
42004.17336113755
 11
28880.56297300188
 21
41995.3904896351
 72
     1
 10
28880.56297300188
 20
41995.3904896351
 11
28883.55911826741
 21
41994.25860765662
 72
     1
 10
28883.55911826741
 20
41994.25860765662
 11
28883.16686325633
 21
41993.18465140295
 72
     1
 10
28883.16686325633
 20
41993.18465140295
 11
28885.86286489595
 21
41992.2511816772
 72
     1
 10
28885.86286489595
 20
41992.2511816772
 11
28886.23395593342
 21
41993.31341962334
 72
     1
 10
28886.23395593342
 20
41993.31341962334
 11
28889.26256865847
 21
41992.30391406111
 72
     1
 10
28889.26256865847
 20
41992.30391406111
 11
28888.92971707336
 21
41991.36831373399
 72
     1
 10
28888.92971707336
 20
41991.36831373399
 11
28905.12894275886
 21
41986.62987629665
 72
     1
 10
28905.12894275886
 20
41986.62987629665
 11
28906.0656708494
 21
41989.70391160021
 72
     1
 10
28906.0656708494
 20
41989.70391160021
 11
28905.6142231515
 21
41989.83116180607
 72
     1
 10
28905.6142231515
 20
41989.83116180607
 11
28911.1429896938
 21
42007.59883780968
 72
     1
 10
28911.1429896938
 20
42007.59883780968
 11
28909.80463158541
 21
42010.28520115833
 97
        0
 75
     1
 76
     1
 98
        1
 10
28908.9163729658
 20
42008.48221561797
450
        0
451
        0
460
0.0
461
0.0
452
        0
462
1.0
453
        2
463
0.0
 63
     5
421
      255
463
1.0
 63
     2
421
 16776960
470
LINEAR
1001
GradientColor1ACI
1070
     5
1001
GradientColor2ACI
1070
     2
1001
ACAD
1010
0.0
1020
0.0
1030
0.0
  0
HATCH
  5
83A
330
1F
100
AcDbEntity
  8
0.1 ОКН
 62
     1
440
 33554585
100
AcDbHatch
 10
0.0
 20
0.0
 30
0.0
210
0.0
220
0.0
230
1.0
  2
SOLID
 70
     1
 71
     0
 91
        1
 92
        1
 93
       16
 72
     1
 10
28250.02966061263
 20
42294.94894918244
 11
28255.44999880764
 21
42293.12000071173
 72
     1
 10
28255.44999880764
 20
42293.12000071173
 11
28255.69999880764
 21
42293.62000071173
 72
     1
 10
28255.69999880764
 20
42293.62000071173
 11
28259.09999880764
 21
42292.42000071172
 72
     1
 10
28259.09999880764
 20
42292.42000071172
 11
28258.89999880764
 21
42291.87000071172
 72
     1
 10
28258.89999880764
 20
42291.87000071172
 11
28263.49999880764
 21
42290.12000071173
 72
     1
 10
28263.49999880764
 20
42290.12000071173
 11
28263.74999880764
 21
42290.72000071172
 72
     1
 10
28263.74999880764
 20
42290.72000071172
 11
28266.59999880764
 21
42289.67000071172
 72
     1
 10
28266.59999880764
 20
42289.67000071172
 11
28266.39999880764
 21
42289.07000071172
 72
     1
 10
28266.39999880764
 20
42289.07000071172
 11
28271.54999880764
 21
42287.27000071173
 72
     1
 10
28271.54999880764
 20
42287.27000071173
 11
28276.56862219148
 21
42300.88084310279
 72
     1
 10
28276.56862219148
 20
42300.88084310279
 11
28268.94999880764
 21
42303.69000071172
 72
     1
 10
28268.94999880764
 20
42303.69000071172
 11
28269.29999880764
 21
42304.69000071173
 72
     1
 10
28269.29999880764
 20
42304.69000071173
 11
28264.79999880764
 21
42306.24000071173
 72
     1
 10
28264.79999880764
 20
42306.24000071173
 11
28264.34999880764
 21
42305.29000071173
 72
     1
 10
28264.34999880764
 20
42305.29000071173
 11
28255.09999880764
 21
42308.55000071173
 72
     1
 10
28255.09999880764
 20
42308.55000071173
 11
28250.02966061263
 21
42294.94894918244
 97
        0
 75
     1
 76
     1
 98
        1
 10
237.3561616618754
 20
-39.65129049136886
450
        0
451
        0
460
0.0
461
0.0
452
        0
462
1.0
453
        2
463
0.0
 63
     5
421
      255
463
1.0
 63
     2
421
 16776960
470
LINEAR
1001
GradientColor1ACI
1070
     5
1001
GradientColor2ACI
1070
     2
1001
ACAD
1010
0.0
1020
0.0
1030
0.0
  0
HATCH
  5
83B
330
1F
100
AcDbEntity
  8
0.1 ОКН
 62
     1
440
 33554585
100
AcDbHatch
 10
0.0
 20
0.0
 30
0.0
210
0.0
220
0.0
230
1.0
  2
SOLID
 70
     1
 71
     0
 91
        1
 92
        1
 93
       19
 72
     1
 10
28291.18311414281
 20
42280.60396394447
 11
28323.11649369565
 21
42255.92549841261
 72
     1
 10
28323.11649369565
 20
42255.92549841261
 11
28326.98439516626
 21
42256.82576936885
 72
     1
 10
28326.98439516626
 20
42256.82576936885
 11
28329.43731037719
 21
42262.85337256111
 72
     1
 10
28329.43731037719
 20
42262.85337256111
 11
28328.88387669527
 21
42263.06069732803
 72
     1
 10
28328.88387669527
 20
42263.06069732803
 11
28331.04197272336
 21
42268.53220716357
 72
     1
 10
28331.04197272336
 20
42268.53220716357
 11
28330.49757556494
 21
42268.8031943436
 72
     1
 10
28330.49757556494
 20
42268.8031943436
 11
28332.41227503225
 21
42273.62383445359
 72
     1
 10
28332.41227503225
 20
42273.62383445359
 11
28324.71979474357
 21
42276.716333193
 72
     1
 10
28324.71979474357
 20
42276.716333193
 11
28324.24831828999
 21
42275.70075969488
 72
     1
 10
28324.24831828999
 20
42275.70075969488
 11
28320.84000869546
 21
42278.49046151842
 72
     1
 10
28320.84000869546
 20
42278.49046151842
 11
28321.42943966692
 21
42279.38629617145
 72
     1
 10
28321.42943966692
 20
42279.38629617145
 11
28317.88614079168
 21
42281.53967088346
 72
     1
 10
28317.88614079168
 20
42281.53967088346
 11
28314.54275181658
 21
42277.09561060665
 72
     1
 10
28314.54275181658
 20
42277.09561060665
 11
28312.40907838026
 21
42278.62494137904
 72
     1
 10
28312.40907838026
 20
42278.62494137904
 11
28310.42031981706
 21
42276.18733567608
 72
     1
 10
28310.42031981706
 20
42276.18733567608
 11
28298.32999880764
 21
42285.52000071172
 72
     1
 10
28298.32999880764
 20
42285.52000071172
 11
28300.77999880764
 21
42291.50000071172
 72
     1
 10
28300.77999880764
 20
42291.50000071172
 11
28295.63682845625
 21
42293.39022571267
 72
     1
 10
28295.63682845625
 20
42293.39022571267
 11
28291.18311414281
 21
42280.60396394447
 97
        0
 75
     1
 76
     1
 98
        1
 10
288.4723468038792
 20
-68.46059387506102
450
        0
451
        0
460
0.0
461
0.0
452
        0
462
1.0
453
        2
463
0.0
 63
     5
421
      255
463
1.0
 63
     2
421
 16776960
470
LINEAR
1001
GradientColor1ACI
1070
     5
1001
GradientColor2ACI
1070
     2
1001
ACAD
1010
0.0
1020
0.0
1030
0.0
  0
HATCH
  5
83C
330
1F
100
AcDbEntity
  8
0.1 ОКН
 62
     1
440
 33554585
100
AcDbHatch
 10
0.0
 20
0.0
 30
0.0
210
0.0
220
0.0
230
1.0
  2
SOLID
 70
     1
 71
     0
 91
        1
 92
        1
 93
        9
 72
     1
 10
28763.07423134875
 20
42075.41517686302
 11
28765.8076431096
 21
42084.45120789829
 72
     1
 10
28765.8076431096
 20
42084.45120789829
 11
28767.02143513059
 21
42088.50109195896
 72
     1
 10
28767.02143513059
 20
42088.50109195896
 11
28754.07942686639
 21
42092.24984616939
 72
     1
 10
28754.07942686639
 20
42092.24984616939
 11
28754.67063457358
 21
42094.29090157148
 72
     1
 10
28754.67063457358
 20
42094.29090157148
 11
28750.0
 21
42095.64378751203
 72
     1
 10
28750.0
 20
42095.64378751203
 11
28749.39596521303
 21
42094.05759192635
 72
     1
 10
28749.39596521303
 20
42094.05759192635
 11
28743.53126449244
 21
42095.88437282546
 72
     1
 10
28743.53126449244
 20
42095.88437282546
 11
28739.68425343504
 21
42082.67950305389
 72
     1
 10
28739.68425343504
 20
42082.67950305389
 11
28763.07423134875
 21
42075.41517686302
 97
        0
 75
     1
 76
     1
 98
        1
 10
28744.11370997881
 20
42081.63720850488
450
        0
451
        0
460
0.0
461
0.0
452
        0
462
1.0
453
        2
463
0.0
 63
     5
421
      255
463
1.0
 63
     2
421
 16776960
470
LINEAR
1001
GradientColor1ACI
1070
     5
1001
GradientColor2ACI
1070
     2
1001
ACAD
1010
0.0
1020
0.0
1030
0.0
  0
HATCH
  5
83D
330
1F
100
AcDbEntity
  8
0.1 ОКН
 62
     1
440
 33554585
100
AcDbHatch
 10
0.0
 20
0.0
 30
0.0
210
0.0
220
0.0
230
1.0
  2
SOLID
 70
     1
 71
     0
 91
        1
 92
        1
 93
       11
 72
     1
 10
28767.73640298023
 20
42090.90168449136
 11
28770.36393555691
 21
42099.66054950056
 72
     1
 10
28770.36393555691
 20
42099.66054950056
 11
28758.91172852612
 21
42102.97777109779
 72
     1
 10
28758.91172852612
 20
42102.97777109779
 11
28759.7249268651
 21
42105.78521566008
 72
     1
 10
28759.7249268651
 20
42105.78521566008
 11
28753.99875814545
 21
42107.44384534561
 72
     1
 10
28753.99875814545
 20
42107.44384534561
 11
28753.18555980648
 21
42104.63640078333
 72
     1
 10
28753.18555980648
 20
42104.63640078333
 11
28750.84095930095
 21
42105.31553271072
 72
     1
 10
28750.84095930095
 20
42105.31553271072
 11
28748.8883563199
 21
42098.57446554578
 72
     1
 10
28748.8883563199
 20
42098.57446554578
 11
28764.79851125465
 21
42093.96596437015
 72
     1
 10
28764.79851125465
 20
42093.96596437015
 11
28763.51016916109
 21
42089.51815768929
 72
     1
 10
28763.51016916109
 20
42089.51815768929
 11
28767.02143513058
 21
42088.50109195896
 72
     1
 10
28767.02143513058
 20
42088.50109195896
 11
28767.73640298023
 21
42090.90168449136
 97
        0
 75
     1
 76
     1
 98
        1
 10
28748.31360690722
 20
42105.56135101523
450
        0
451
        0
460
0.0
461
0.0
452
        0
462
1.0
453
        2
463
0.0
 63
     5
421
      255
463
1.0
 63
     2
421
 16776960
470
LINEAR
1001
GradientColor1ACI
1070
     5
1001
GradientColor2ACI
1070
     2
1001
ACAD
1010
0.0
1020
0.0
1030
0.0
  0
HATCH
  5
83E
330
1F
100
AcDbEntity
  8
0.1 ОКН
 62
     1
440
 33554585
100
AcDbHatch
 10
0.0
 20
0.0
 30
0.0
210
0.0
220
0.0
230
1.0
  2
SOLID
 70
     1
 71
     0
 91
        1
 92
        1
 93
       10
 72
     1
 10
28751.6976606117
 20
42123.38379349284
 11
28739.62791078471
 21
42126.76696238037
 72
     1
 10
28739.62791078471
 20
42126.76696238037
 11
28737.64242859222
 21
42120.94520213405
 72
     1
 10
28737.64242859222
 20
42120.94520213405
 11
28735.1804158805
 21
42121.78485924633
 72
     1
 10
28735.1804158805
 20
42121.78485924633
 11
28737.14404977528
 21
42127.54255669144
 72
     1
 10
28737.14404977528
 20
42127.54255669144
 11
28726.42923749493
 21
42130.55728898615
 72
     1
 10
28726.42923749493
 20
42130.55728898615
 11
28722.11140659524
 21
42115.61355156807
 72
     1
 10
28722.11140659524
 20
42115.61355156807
 11
28734.81544315573
 21
42111.11484964423
 72
     1
 10
28734.81544315573
 20
42111.11484964423
 11
28733.46764222938
 21
42106.814034326
 72
     1
 10
28733.46764222938
 20
42106.814034326
 11
28745.77379861527
 21
42102.95749835562
 72
     1
 10
28745.77379861527
 20
42102.95749835562
 11
28751.6976606117
 21
42123.38379349284
 97
        0
 75
     1
 76
     1
 98
        1
 10
28722.85477630925
 20
42124.46859392772
450
        0
451
        0
460
0.0
461
0.0
452
        0
462
1.0
453
        2
463
0.0
 63
     5
421
      255
463
1.0
 63
     2
421
 16776960
470
LINEAR
1001
GradientColor1ACI
1070
     5
1001
GradientColor2ACI
1070
     2
1001
ACAD
1010
0.0
1020
0.0
1030
0.0
  0
HATCH
  5
83F
330
1F
100
AcDbEntity
  8
0.1 ОКН
 62
     1
440
 33554585
100
AcDbHatch
 10
0.0
 20
0.0
 30
0.0
210
0.0
220
0.0
230
1.0
  2
SOLID
 70
     1
 71
     0
 91
        1
 92
        1
 93
       10
 72
     1
 10
29650.60850317878
 20
42030.53609354836
 11
29641.13813125785
 21
42029.89214297702
 72
     1
 10
29641.13813125785
 20
42029.89214297702
 11
29641.31782726609
 21
42027.17523579088
 72
     1
 10
29641.31782726609
 20
42027.17523579088
 11
29642.7953709405
 21
42027.27736121009
 72
     1
 10
29642.7953709405
 20
42027.27736121009
 11
29644.08808454594
 21
42009.7766173654
 72
     1
 10
29644.08808454594
 20
42009.7766173654
 11
29665.68
 21
42011.54
 72
     1
 10
29665.68
 20
42011.54
 11
29664.57912579501
 21
42027.24333710704
 72
     1
 10
29664.57912579501
 20
42027.24333710704
 11
29660.37728643393
 21
42026.95291279429
 72
     1
 10
29660.37728643393
 20
42026.95291279429
 11
29660.65219531655
 21
42022.9755496294
 72
     1
 10
29660.65219531655
 20
42022.9755496294
 11
29651.17634514778
 21
42022.32059425475
 72
     1
 10
29651.17634514778
 20
42022.32059425475
 11
29650.60850317878
 21
42030.53609354836
 97
        0
 75
     1
 76
     1
 98
        1
 10
29656.83705960629
 20
42014.4289648888
450
        0
451
        0
460
0.0
461
0.0
452
        0
462
1.0
453
        2
463
0.0
 63
     5
421
      255
463
1.0
 63
     2
421
 16776960
470
LINEAR
1001
GradientColor1ACI
1070
     5
1001
GradientColor2ACI
1070
     2
1001
ACAD
1010
0.0
1020
0.0
1030
0.0
  0
HATCH
  5
840
330
1F
100
AcDbEntity
  8
0.1 ОКН
 62
     1
440
 33554585
100
AcDbHatch
 10
0.0
 20
0.0
 30
0.0
210
0.0
220
0.0
230
1.0
  2
SOLID
 70
     1
 71
     0
 91
        1
 92
        1
 93
        6
 72
     1
 10
29650.02703699089
 20
42042.20902639186
 11
29620.56945590501
 21
42040.50642794792
 72
     1
 10
29620.56945590501
 20
42040.50642794792
 11
29620.79203492331
 21
42036.77181352881
 72
     1
 10
29620.79203492331
 20
42036.77181352881
 11
29621.08359327665
 21
42034.6165060793
 72
     1
 10
29621.08359327665
 20
42034.6165060793
 11
29622.14112429828
 21
42033.75615377654
 72
     1
 10
29622.14112429828
 20
42033.75615377654
 11
29650.3926573972
 21
42035.28390401628
 72
     1
 10
29650.3926573972
 20
42035.28390401628
 11
29650.02703699089
 21
42042.20902639186
 97
        0
 75
     1
 76
     1
 98
        1
 10
29643.48942317993
 20
42038.13505823661
450
        0
451
        0
460
0.0
461
0.0
452
        0
462
1.0
453
        2
463
0.0
 63
     5
421
      255
463
1.0
 63
     2
421
 16776960
470
LINEAR
1001
GradientColor1ACI
1070
     5
1001
GradientColor2ACI
1070
     2
1001
ACAD
1010
0.0
1020
0.0
1030
0.0
  0
HATCH
  5
841
330
1F
100
AcDbEntity
  8
0.1 ОКН
 62
     1
440
 33554585
100
AcDbHatch
 10
0.0
 20
0.0
 30
0.0
210
0.0
220
0.0
230
1.0
  2
SOLID
 70
     1
 71
     0
 91
        1
 92
        1
 93
        5
 72
     1
 10
29685.5
 20
42025.73
 11
29699.07735203933
 21
42026.53985326753
 72
     1
 10
29699.07735203933
 20
42026.53985326753
 11
29699.60865946
 21
42022.48522740999
 72
     1
 10
29699.60865946
 20
42022.48522740999
 11
29700.27652936
 21
42013.85501457
 72
     1
 10
29700.27652936
 20
42013.85501457
 11
29686.31869285
 21
42012.68871177
 72
     1
 10
29686.31869285
 20
42012.68871177
 11
29685.5
 21
42025.73
 97
        0
 75
     1
 76
     1
 98
        1
 10
0.0
 20
0.0
450
        0
451
        0
460
0.0
461
0.0
452
        0
462
1.0
453
        2
463
0.0
 63
     5
421
      255
463
1.0
 63
     2
421
 16776960
470
LINEAR
1001
GradientColor1ACI
1070
     5
1001
GradientColor2ACI
1070
     2
1001
ACAD
1010
0.0
1020
0.0
1030
0.0
  0
HATCH
  5
846
330
1F
100
AcDbEntity
  8
0.1 ОКН
 62
     1
440
 33554585
100
AcDbHatch
 10
0.0
 20
0.0
 30
0.0
210
0.0
220
0.0
230
1.0
  2
SOLID
 70
     1
 71
     0
 91
        1
 92
        1
 93
        4
 72
     1
 10
29736.55215538574
 20
42031.53664747537
 11
29751.4294980821
 21
42033.1444463929
 72
     1
 10
29751.4294980821
 20
42033.1444463929
 11
29752.9729171796
 21
42017.3276278388
 72
     1
 10
29752.9729171796
 20
42017.3276278388
 11
29737.60541575
 21
42015.9646147648
 72
     1
 10
29737.60541575
 20
42015.9646147648
 11
29736.55215538574
 21
42031.53664747537
 97
        0
 75
     1
 76
     1
 98
        1
 10
49.22337897525721
 20
4.423240501906548
450
        0
451
        0
460
0.0
461
0.0
452
        0
462
1.0
453
        2
463
0.0
 63
     5
421
      255
463
1.0
 63
     2
421
 16776960
470
LINEAR
1001
GradientColor1ACI
1070
     5
1001
GradientColor2ACI
1070
     2
1001
ACAD
1010
0.0
1020
0.0
1030
0.0
  0
HATCH
  5
847
330
1F
100
AcDbEntity
  8
0.1 ОКН
 62
     1
440
 33554585
100
AcDbHatch
 10
0.0
 20
0.0
 30
0.0
210
0.0
220
0.0
230
1.0
  2
SOLID
 70
     1
 71
     0
 91
        1
 92
        1
 93
       31
 72
     1
 10
30213.93355966392
 20
42085.09870948232
 11
30259.12470934845
 21
42090.00498765123
 72
     1
 10
30259.12470934845
 20
42090.00498765123
 11
30259.26120934845
 21
42089.30228765122
 72
     1
 10
30259.26120934845
 20
42089.30228765122
 11
30266.25570321046
 21
42089.95443770885
 72
     1
 10
30266.25570321046
 20
42089.95443770885
 11
30266.25830934845
 21
42090.43068765122
 72
     1
 10
30266.25830934845
 20
42090.43068765122
 11
30269.18430934845
 21
42091.82348765122
 72
     1
 10
30269.18430934845
 20
42091.82348765122
 11
30269.62299960564
 21
42091.55835072325
 72
     1
 10
30269.62299960564
 20
42091.55835072325
 11
30273.55251229878
 21
42096.21455585486
 72
     1
 10
30273.55251229878
 20
42096.21455585486
 11
30271.34190934845
 21
42098.19898765122
 72
     1
 10
30271.34190934845
 20
42098.19898765122
 11
30272.85410934845
 21
42099.85858765123
 72
     1
 10
30272.85410934845
 20
42099.85858765123
 11
30274.57640934846
 21
42098.45168765123
 72
     1
 10
30274.57640934846
 20
42098.45168765123
 11
30273.76955199101
 21
42097.47082101578
 72
     1
 10
30273.76955199101
 20
42097.47082101578
 11
30274.26780629959
 21
42097.04776904697
 72
     1
 10
30274.26780629959
 20
42097.04776904697
 11
30274.76940934846
 21
42097.66998765123
 72
     1
 10
30274.76940934846
 20
42097.66998765123
 11
30286.34009675011
 21
42088.00714418807
 72
     1
 10
30286.34009675011
 20
42088.00714418807
 11
30281.18705235275
 21
42082.01944922489
 72
     1
 10
30281.18705235275
 20
42082.01944922489
 11
30280.63376229913
 21
42082.49561379713
 72
     2
 10
30264.9579241544
 20
42096.35374646278
 40
20.92318671996947
 50
41.47810142675814
 51
82.58803607571932
 73
     0
 72
     1
 10
30267.657070991
 20
42075.6053887236
 11
30267.7229738858
 21
42074.86323103194
 72
     1
 10
30267.7229738858
 20
42074.86323103194
 11
30259.77424473071
 21
42073.99836461924
 72
     1
 10
30259.77424473071
 20
42073.99836461924
 11
30259.66955351112
 21
42074.83538010003
 72
     1
 10
30259.66955351112
 20
42074.83538010003
 11
30218.00723942183
 21
42070.47353530216
 72
     1
 10
30218.00723942183
 20
42070.47353530216
 11
30218.08389327693
 21
42069.68367966999
 72
     1
 10
30218.08389327693
 20
42069.68367966999
 11
30207.98781821937
 21
42068.55186002818
 72
     1
 10
30207.98781821937
 20
42068.55186002818
 11
30207.57583105246
 21
42072.35090622581
 72
     1
 10
30207.57583105246
 20
42072.35090622581
 11
30205.13466898952
 21
42074.63217777426
 72
     1
 10
30205.13466898952
 20
42074.63217777426
 11
30201.5218447307
 21
42074.22072401258
 72
     1
 10
30201.5218447307
 20
42074.22072401258
 11
30200.28982068589
 21
42084.13943395763
 72
     1
 10
30200.28982068589
 20
42084.13943395763
 11
30201.4995769574
 21
42084.2333437415
 72
     1
 10
30201.4995769574
 20
42084.2333437415
 11
30200.85295910944
 21
42089.80982190254
 72
     1
 10
30200.85295910944
 20
42089.80982190254
 11
30213.35041494886
 21
42090.95909931545
 72
     1
 10
30213.35041494886
 20
42090.95909931545
 11
30213.93355966392
 21
42085.09870948232
 97
        0
 75
     1
 76
     1
 98
        1
 10
91.41356571335199
 20
179.0773629988107
450
        0
451
        0
460
0.0
461
0.0
452
        0
462
1.0
453
        2
463
0.0
 63
     5
421
      255
463
1.0
 63
     2
421
 16776960
470
LINEAR
1001
GradientColor1ACI
1070
     5
1001
GradientColor2ACI
1070
     2
1001
ACAD
1010
0.0
1020
0.0
1030
0.0
  0
HATCH
  5
848
330
1F
100
AcDbEntity
  8
0.1 ОКН
 62
     1
440
 33554585
100
AcDbHatch
 10
0.0
 20
0.0
 30
0.0
210
0.0
220
0.0
230
1.0
  2
SOLID
 70
     1
 71
     1
 91
        1
 92
        1
 93
        3
 72
     1
 10
28483.56309486944
 20
42238.42296255565
 11
28479.56309486944
 21
42226.42296255565
 72
     1
 10
28479.56309486944
 20
42226.42296255565
 11
28487.56309486944
 21
42226.42296255565
 72
     1
 10
28487.56309486944
 20
42226.42296255565
 11
28483.56309486944
 21
42238.42296255565
 97
        1
330
849
 75
     1
 76
     1
 98
        1
 10
2410.643205137465
 20
224.0528799327367
450
        0
451
        0
460
0.0
461
0.0
452
        0
462
1.0
453
        2
463
0.0
 63
     5
421
      255
463
1.0
 63
     2
421
 16776960
470
LINEAR
1001
GradientColor1ACI
1070
     5
1001
GradientColor2ACI
1070
     2
1001
ACAD
1010
0.0
1020
0.0
1030
0.0
  0
LWPOLYLINE
  5
849
102
{ACAD_REACTORS
330
848
102
}
330
1F
100
AcDbEntity
  8
0.1 ОКН
 62
     1
100
AcDbPolyline
 90
        3
 70
     1
 43
0.0
 10
28483.56309486944
 20
42238.42296255565
 10
28479.56309486944
 20
42226.42296255565
 10
28487.56309486944
 20
42226.42296255565
  0
LWPOLYLINE
  5
84A
102
{ACAD_REACTORS
330
901
102
}
330
1F
100
AcDbEntity
  8
0.1 ОКН
 62
     1
100
AcDbPolyline
 90
        3
 70
     1
 43
0.0
 10
27650.94007185096
 20
42250.15476104161
 10
27646.94007185096
 20
42238.15476104161
 10
27654.94007185096
 20
42238.15476104161
  0
HATCH
  5
84D
330
1F
100
AcDbEntity
  8
0.1 ОКН
 62
     1
440
 33554585
100
AcDbHatch
 10
0.0
 20
0.0
 30
0.0
210
0.0
220
0.0
230
1.0
  2
SOLID
 70
     1
 71
     1
 91
        1
 92
        1
 93
        3
 72
     1
 10
27272.74545971636
 20
42135.90369825675
 11
27268.74545971636
 21
42123.90369825675
 72
     1
 10
27268.74545971636
 20
42123.90369825675
 11
27276.74545971636
 21
42123.90369825675
 72
     1
 10
27276.74545971636
 20
42123.90369825675
 11
27272.74545971636
 21
42135.90369825675
 97
        1
330
84E
 75
     1
 76
     1
 98
        1
 10
1199.825569984386
 20
121.533615633838
450
        0
451
        0
460
0.0
461
0.0
452
        0
462
1.0
453
        2
463
0.0
 63
     5
421
      255
463
1.0
 63
     2
421
 16776960
470
LINEAR
1001
GradientColor1ACI
1070
     5
1001
GradientColor2ACI
1070
     2
1001
ACAD
1010
0.0
1020
0.0
1030
0.0
  0
LWPOLYLINE
  5
84E
102
{ACAD_REACTORS
330
84D
102
}
330
1F
100
AcDbEntity
  8
0.1 ОКН
 62
     1
100
AcDbPolyline
 90
        3
 70
     1
 43
0.0
 10
27272.74545971636
 20
42135.90369825675
 10
27268.74545971636
 20
42123.90369825675
 10
27276.74545971636
 20
42123.90369825675
  0
HATCH
  5
84F
330
1F
100
AcDbEntity
  8
0.1 ОКН
 62
     1
440
 33554585
100
AcDbHatch
 10
0.0
 20
0.0
 30
15.577
210
0.0
220
0.0
230
1.0
  2
SOLID
 70
     1
 71
     0
 91
        1
 92
        1
 93
       20
 72
     1
 10
26948.83665086811
 20
42614.90018279147
 11
26947.95525135031
 21
42611.59004708151
 72
     1
 10
26947.95525135031
 20
42611.59004708151
 11
26931.10332426146
 21
42616.07725900017
 72
     1
 10
26931.10332426146
 20
42616.07725900017
 11
26927.38662625653
 21
42602.58233110887
 72
     1
 10
26927.38662625653
 20
42602.58233110887
 11
26927.15306628192
 21
42601.74461484536
 72
     1
 10
26927.15306628192
 20
42601.74461484536
 11
26946.68269999992
 21
42596.37200399448
 72
     1
 10
26946.68269999992
 20
42596.37200399448
 11
26946.22674244635
 21
42594.71458188458
 72
     1
 10
26946.22674244635
 20
42594.71458188458
 11
26957.47936187231
 21
42591.59271333473
 72
     1
 10
26957.47936187231
 20
42591.59271333473
 11
26957.68362206429
 21
42592.3289590054
 72
     1
 10
26957.68362206429
 20
42592.3289590054
 11
26985.49410533492
 21
42584.77171447648
 72
     1
 10
26985.49410533492
 20
42584.77171447648
 11
26985.89409802456
 21
42586.25956184575
 72
     1
 10
26985.89409802456
 20
42586.25956184575
 11
26988.76490812964
 21
42585.48777363742
 72
     1
 10
26988.76490812964
 20
42585.48777363742
 11
26987.53809909102
 21
42580.92442873645
 72
     1
 10
26987.53809909102
 20
42580.92442873645
 11
27000.25760866296
 21
42577.50491761576
 72
     1
 10
27000.25760866296
 20
42577.50491761576
 11
27001.51915033419
 21
42582.19745701803
 72
     1
 10
27001.51915033419
 20
42582.19745701803
 11
27008.43690401706
 21
42580.3376890344
 72
     1
 10
27008.43690401706
 20
42580.3376890344
 11
27012.19101677
 21
42594.49271997
 72
     1
 10
27012.19101677
 20
42594.49271997
 11
26992.54023871416
 21
42599.66619821375
 72
     1
 10
26992.54023871416
 20
42599.66619821375
 11
26964.11835056587
 21
42607.2341775064
 72
     1
 10
26964.11835056587
 20
42607.2341775064
 11
26965.01269792661
 21
42610.59293942547
 72
     1
 10
26965.01269792661
 20
42610.59293942547
 11
26948.83665086811
 21
42614.90018279147
 97
        0
 75
     1
 76
     1
 98
        1
 10
26965.04212454478
 20
42554.0520885532
450
        0
451
        0
460
0.0
461
0.0
452
        0
462
1.0
453
        2
463
0.0
 63
     5
421
      255
463
1.0
 63
     2
421
 16776960
470
LINEAR
1001
GradientColor1ACI
1070
     5
1001
GradientColor2ACI
1070
     2
1001
ACAD
1010
0.0
1020
0.0
1030
0.0
  0
HATCH
  5
850
330
1F
100
AcDbEntity
  8
0.1 ОКН
 62
     1
440
 33554585
100
AcDbHatch
 10
0.0
 20
0.0
 30
15.577
210
0.0
220
0.0
230
1.0
  2
SOLID
 70
     1
 71
     0
 91
        1
 92
        1
 93
        4
 72
     1
 10
27059.14291168008
 20
42575.13770639803
 11
27055.86926833521
 21
42563.11314273027
 72
     1
 10
27055.86926833521
 20
42563.11314273027
 11
27101.3274002825
 21
42550.7762072245
 72
     1
 10
27101.3274002825
 20
42550.7762072245
 11
27104.36160859563
 21
42562.82708205343
 72
     1
 10
27104.36160859563
 20
42562.82708205343
 11
27059.14291168008
 21
42575.13770639803
 97
        0
 75
     1
 76
     1
 98
        1
 10
27073.25710988566
 20
42515.92236945797
450
        0
451
        0
460
0.0
461
0.0
452
        0
462
1.0
453
        2
463
0.0
 63
     5
421
      255
463
1.0
 63
     2
421
 16776960
470
LINEAR
1001
GradientColor1ACI
1070
     5
1001
GradientColor2ACI
1070
     2
1001
ACAD
1010
0.0
1020
0.0
1030
0.0
  0
HATCH
  5
851
330
1F
100
AcDbEntity
  8
0.1 ОКН
 62
     1
440
 33554585
100
AcDbHatch
 10
0.0
 20
0.0
 30
0.0
210
0.0
220
0.0
230
1.0
  2
SOLID
 70
     1
 71
     0
 91
        1
 92
        1
 93
       26
 72
     1
 10
26897.60810356599
 20
42562.89505519424
 11
26900.55742493116
 21
42574.57558902555
 72
     1
 10
26900.55742493116
 20
42574.57558902555
 11
26925.15295350879
 21
42568.36524633323
 72
     1
 10
26925.15295350879
 20
42568.36524633323
 11
26924.35498417003
 21
42565.20495733666
 72
     1
 10
26924.35498417003
 20
42565.20495733666
 11
26940.83186626844
 21
42561.04456354763
 72
     1
 10
26940.83186626844
 20
42561.04456354763
 11
26940.8998024231
 21
42561.31361885038
 72
     1
 10
26940.8998024231
 20
42561.31361885038
 11
26951.86483446051
 21
42558.50190026137
 72
     1
 10
26951.86483446051
 20
42558.50190026137
 11
26946.49406508311
 21
42537.99521806318
 72
     1
 10
26946.49406508311
 20
42537.99521806318
 11
26933.21026858524
 21
42541.34936140863
 72
     1
 10
26933.21026858524
 20
42541.34936140863
 11
26933.07512251025
 21
42540.81412699171
 72
     1
 10
26933.07512251025
 20
42540.81412699171
 11
26928.84219034631
 21
42541.88293749717
 72
     1
 10
26928.84219034631
 20
42541.88293749717
 11
26930.56812165599
 21
42548.71834013976
 72
     1
 10
26930.56812165599
 20
42548.71834013976
 11
26921.10679966779
 21
42551.10731306562
 72
     1
 10
26921.10679966779
 20
42551.10731306562
 11
26921.06461793678
 21
42550.94025594462
 72
     1
 10
26921.06461793678
 20
42550.94025594462
 11
26913.9234770119
 21
42552.83409735902
 72
     1
 10
26913.9234770119
 20
42552.83409735902
 11
26902.84142111169
 21
42509.52244673188
 72
     1
 10
26902.84142111169
 20
42509.52244673188
 11
26895.36223355935
 21
42511.7056880125
 72
     1
 10
26895.36223355935
 20
42511.7056880125
 11
26894.76346047527
 21
42509.58489082018
 72
     1
 10
26894.76346047527
 20
42509.58489082018
 11
26884.17800808894
 21
42512.5735235828
 72
     1
 10
26884.17800808894
 20
42512.5735235828
 11
26886.06232238118
 21
42520.03618841791
 72
     1
 10
26886.06232238118
 20
42520.03618841791
 11
26883.61705052085
 21
42520.65361675171
 72
     1
 10
26883.61705052085
 20
42520.65361675171
 11
26884.94852198606
 21
42525.92679507621
 72
     1
 10
26884.94852198606
 20
42525.92679507621
 11
26892.64923878698
 21
42523.98237293625
 72
     1
 10
26892.64923878698
 20
42523.98237293625
 11
26900.75499697817
 21
42556.08453172395
 72
     1
 10
26900.75499697817
 20
42556.08453172395
 11
26893.58448379406
 21
42557.89507806015
 72
     1
 10
26893.58448379406
 20
42557.89507806015
 11
26895.01245931004
 21
42563.55045238509
 72
     1
 10
26895.01245931004
 20
42563.55045238509
 11
26897.60810356599
 21
42562.89505519424
 97
        0
 75
     1
 76
     1
 98
        1
 10
-205.4520159556341
 20
0.0
450
        0
451
        0
460
0.0
461
0.0
452
        0
462
1.0
453
        2
463
0.0
 63
     5
421
      255
463
1.0
 63
     2
421
 16776960
470
LINEAR
1001
GradientColor1ACI
1070
     5
1001
GradientColor2ACI
1070
     2
1001
ACAD
1010
0.0
1020
0.0
1030
0.0
  0
LWPOLYLINE
  5
852
102
{ACAD_REACTORS
330
864
102
}
330
1F
100
AcDbEntity
  8
0.1 ОКН
 62
     1
100
AcDbPolyline
 90
        3
 70
     1
 43
0.0
 10
26856.97286237935
 20
42670.5160407439
 10
26852.97286237935
 20
42658.51604074391
 10
26860.97286237935
 20
42658.51604074391
  0
LWPOLYLINE
  5
853
330
1F
100
AcDbEntity
  8
0.1 ОКН
 62
     1
100
AcDbPolyline
 90
        3
 70
     1
 43
0.0
 10
27924.12965032408
 20
42310.75208779818
 10
27920.12965032408
 20
42298.75208779818
 10
27928.12965032408
 20
42298.75208779818
  0
HATCH
  5
854
330
1F
100
AcDbEntity
  8
0.1 ОКН
 62
     1
440
 33554585
100
AcDbHatch
 10
0.0
 20
0.0
 30
0.0
210
0.0
220
0.0
230
1.0
  2
SOLID
 70
     1
 71
     0
 91
        1
 92
        1
 93
       14
 72
     1
 10
25721.29369539221
 20
42425.16973381781
 11
25725.46431255871
 21
42419.00911404693
 72
     1
 10
25725.46431255871
 20
42419.00911404693
 11
25723.38555138523
 21
42417.53020504117
 72
     1
 10
25723.38555138523
 20
42417.53020504117
 11
25725.98102629435
 21
42413.72842438146
 72
     1
 10
25725.98102629435
 20
42413.72842438146
 11
25728.15661081503
 21
42415.14655590394
 72
     1
 10
25728.15661081503
 20
42415.14655590394
 11
25731.97493045271
 21
42409.18724016915
 72
     1
 10
25731.97493045271
 20
42409.18724016915
 11
25740.35831576667
 21
42414.82474056573
 72
     1
 10
25740.35831576667
 20
42414.82474056573
 11
25737.25698570046
 21
42419.30624882876
 72
     1
 10
25737.25698570046
 20
42419.30624882876
 11
25743.06608071196
 21
42423.4621730899
 72
     1
 10
25743.06608071196
 20
42423.4621730899
 11
25740.18899365055
 21
42427.74126290123
 72
     1
 10
25740.18899365055
 20
42427.74126290123
 11
25741.89017115063
 21
42428.94755847576
 72
     1
 10
25741.89017115063
 20
42428.94755847576
 11
25740.37044317071
 21
42431.17137637338
 72
     1
 10
25740.37044317071
 20
42431.17137637338
 11
25732.84558640578
 21
42425.79661050625
 72
     1
 10
25732.84558640578
 20
42425.79661050625
 11
25729.39121979021
 21
42430.75885773368
 72
     1
 10
25729.39121979021
 20
42430.75885773368
 11
25721.29369539221
 21
42425.16973381781
 97
        0
 75
     1
 76
     1
 98
        1
 10
25732.0367653966
 20
42408.40869954733
450
        0
451
        0
460
0.0
461
0.0
452
        0
462
1.0
453
        2
463
0.0
 63
     5
421
      255
463
1.0
 63
     2
421
 16776960
470
LINEAR
1001
GradientColor1ACI
1070
     5
1001
GradientColor2ACI
1070
     2
1001
ACAD
1010
0.0
1020
0.0
1030
0.0
  0
HATCH
  5
855
330
1F
100
AcDbEntity
  8
0.1 ОКН
 62
     1
440
 33554585
100
AcDbHatch
 10
0.0
 20
0.0
 30
0.0
210
0.0
220
0.0
230
1.0
  2
SOLID
 70
     1
 71
     0
 91
        1
 92
        1
 93
       20
 72
     1
 10
25752.60550483267
 20
42401.17354565628
 11
25749.63434605298
 21
42405.66884465898
 72
     1
 10
25749.63434605298
 20
42405.66884465898
 11
25739.80443447863
 21
42398.80468823365
 72
     1
 10
25739.80443447863
 20
42398.80468823365
 11
25755.79
 21
42375.57999999999
 72
     1
 10
25755.79
 20
42375.57999999999
 11
25756.14057413909
 21
42375.88880407568
 72
     1
 10
25756.14057413909
 20
42375.88880407568
 11
25757.37619394185
 21
42375.59336000851
 72
     1
 10
25757.37619394185
 20
42375.59336000851
 11
25759.17581739948
 21
42376.85551297967
 72
     1
 10
25759.17581739948
 20
42376.85551297967
 11
25759.33704995837
 21
42378.14452450241
 72
     1
 10
25759.33704995837
 20
42378.14452450241
 11
25762.21751738723
 21
42380.1211253586
 72
     1
 10
25762.21751738723
 20
42380.1211253586
 11
25763.54138813949
 21
42379.99509826678
 72
     1
 10
25763.54138813949
 20
42379.99509826678
 11
25764.86525889176
 21
42380.74178737203
 72
     1
 10
25764.86525889176
 20
42380.74178737203
 11
25765.02869724148
 21
42381.95047156978
 72
     1
 10
25765.02869724148
 20
42381.95047156978
 11
25765.38823478468
 21
42382.1791524777
 72
     1
 10
25765.38823478468
 20
42382.1791524777
 11
25762.15212863428
 21
42387.0138892687
 72
     1
 10
25762.15212863428
 20
42387.0138892687
 11
25763.16154175303
 21
42387.86930211609
 72
     1
 10
25763.16154175303
 20
42387.86930211609
 11
25761.10610978306
 21
42391.03195665149
 72
     1
 10
25761.10610978306
 20
42391.03195665149
 11
25759.83126382916
 21
42390.28060058553
 72
     1
 10
25759.83126382916
 20
42390.28060058553
 11
25754.9000641876
 21
42397.6170575418
 72
     1
 10
25754.9000641876
 20
42397.6170575418
 11
25756.03777724196
 21
42398.36416247123
 72
     1
 10
25756.03777724196
 20
42398.36416247123
 11
25753.84762287738
 21
42401.89222820911
 72
     1
 10
25753.84762287738
 20
42401.89222820911
 11
25752.60550483267
 21
42401.17354565628
 97
        0
 75
     1
 76
     1
 98
        1
 10
25755.84005921473
 20
42377.79444982641
450
        0
451
        0
460
0.0
461
0.0
452
        0
462
1.0
453
        2
463
0.0
 63
     5
421
      255
463
1.0
 63
     2
421
 16776960
470
LINEAR
1001
GradientColor1ACI
1070
     5
1001
GradientColor2ACI
1070
     2
1001
ACAD
1010
0.0
1020
0.0
1030
0.0
  0
HATCH
  5
856
330
1F
100
AcDbEntity
  8
0.1 ОКН
 62
     1
440
 33554585
100
AcDbHatch
 10
0.0
 20
0.0
 30
0.0
210
0.0
220
0.0
230
1.0
  2
SOLID
 70
     1
 71
     0
 91
        1
 92
        1
 93
       22
 72
     1
 10
25940.2009480568
 20
42184.01848108935
 11
25938.97029604977
 21
42179.89340110589
 72
     1
 10
25938.97029604977
 20
42179.89340110589
 11
25937.06050740294
 21
42180.43852953255
 72
     1
 10
25937.06050740294
 20
42180.43852953255
 11
25932.43952139249
 21
42164.24948821987
 72
     1
 10
25932.43952139249
 20
42164.24948821987
 11
25931.82507442234
 21
42164.42613347001
 72
     1
 10
25931.82507442234
 20
42164.42613347001
 11
25930.81502366559
 21
42163.84572877246
 72
     1
 10
25930.81502366559
 20
42163.84572877246
 11
25929.65097354479
 21
42159.91642976271
 72
     1
 10
25929.65097354479
 20
42159.91642976271
 11
25930.33266148457
 21
42158.67548563496
 72
     1
 10
25930.33266148457
 20
42158.67548563496
 11
25934.3430019572
 21
42157.57439106956
 72
     1
 10
25934.3430019572
 20
42157.57439106956
 11
25934.11755114335
 21
42156.76634846053
 72
     1
 10
25934.11755114335
 20
42156.76634846053
 11
25940.60553531277
 21
42154.95614526719
 72
     1
 10
25940.60553531277
 20
42154.95614526719
 11
25940.79035740437
 21
42155.70468009736
 72
     1
 10
25940.79035740437
 20
42155.70468009736
 11
25944.80781217804
 21
42154.70339308936
 72
     1
 10
25944.80781217804
 20
42154.70339308936
 11
25945.54710184298
 21
42155.20889744501
 72
     1
 10
25945.54710184298
 20
42155.20889744501
 11
25946.95419556032
 21
42159.41224580765
 72
     1
 10
25946.95419556032
 20
42159.41224580765
 11
25946.59782858072
 21
42160.55204260404
 72
     1
 10
25946.59782858072
 20
42160.55204260404
 11
25945.86727552832
 21
42160.80137257747
 72
     1
 10
25945.86727552832
 20
42160.80137257747
 11
25949.09124885932
 21
42171.78149689658
 72
     1
 10
25949.09124885932
 20
42171.78149689658
 11
25947.09747019873
 21
42172.37932798041
 72
     1
 10
25947.09747019873
 20
42172.37932798041
 11
25948.49121509662
 21
42177.06543898082
 72
     1
 10
25948.49121509662
 20
42177.06543898082
 11
25947.08355825739
 21
42177.50348983026
 72
     1
 10
25947.08355825739
 20
42177.50348983026
 11
25948.35036279206
 21
42181.79524380547
 72
     1
 10
25948.35036279206
 20
42181.79524380547
 11
25940.2009480568
 21
42184.01848108935
 97
        0
 75
     1
 76
     1
 98
        1
 10
25935.04015227081
 20
42161.15670556193
450
        0
451
        0
460
0.0
461
0.0
452
        0
462
1.0
453
        2
463
0.0
 63
     5
421
      255
463
1.0
 63
     2
421
 16776960
470
LINEAR
1001
GradientColor1ACI
1070
     5
1001
GradientColor2ACI
1070
     2
1001
ACAD
1010
0.0
1020
0.0
1030
0.0
  0
HATCH
  5
857
330
1F
100
AcDbEntity
  8
0.1 ОКН
 62
     1
440
 33554585
100
AcDbHatch
 10
0.0
 20
0.0
 30
0.0
210
0.0
220
0.0
230
1.0
  2
SOLID
 70
     1
 71
     0
 91
        2
 92
        1
 93
        9
 72
     1
 10
25799.31976833557
 20
42456.39936317133
 11
25800.52428085515
 21
42460.7048207156
 72
     1
 10
25800.52428085515
 20
42460.7048207156
 11
25772.16666392283
 21
42468.48662891694
 72
     1
 10
25772.16666392283
 20
42468.48662891694
 11
25768.80993405445
 21
42456.4296119019
 72
     1
 10
25768.80993405445
 20
42456.4296119019
 11
25780.22590195154
 21
42453.17678838249
 72
     1
 10
25780.22590195154
 20
42453.17678838249
 11
25782.52748381428
 21
42461.06334084299
 72
     1
 10
25782.52748381428
 20
42461.06334084299
 11
25788.28928992642
 21
42459.45981417709
 72
     1
 10
25788.28928992642
 20
42459.45981417709
 11
25785.99659437467
 21
42451.99507025983
 72
     1
 10
25785.99659437467
 20
42451.99507025983
 11
25797.14871296849
 21
42448.92033281947
 72
     1
 10
25797.14871296849
 20
42448.92033281947
 11
25799.31976833557
 21
42456.39936317133
 97
        0
 92
        1
 93
        9
 72
     1
 10
25804.72847783163
 20
42459.54514968411
 11
25804.17009238591
 21
42457.31161512128
 72
     1
 10
25804.17009238591
 20
42457.31161512128
 11
25804.95869606959
 21
42457.07213061715
 72
     1
 10
25804.95869606959
 20
42457.07213061715
 11
25804.6562847077
 21
42455.83690181272
 72
     1
 10
25804.6562847077
 20
42455.83690181272
 11
25806.55341132895
 21
42455.26831513369
 72
     1
 10
25806.55341132895
 20
42455.26831513369
 11
25806.30214904894
 21
42454.4467853854
 72
     1
 10
25806.30214904894
 20
42454.4467853854
 11
25803.81427560227
 21
42445.62778647831
 72
     1
 10
25803.81427560227
 20
42445.62778647831
 11
25815.23249602642
 21
42442.78487887602
 72
     1
 10
25815.23249602642
 20
42442.78487887602
 11
25818.50193451295
 21
42455.74592742924
 72
     1
 10
25818.50193451295
 20
42455.74592742924
 11
25804.72847783163
 21
42459.54514968411
 97
        0
 75
     1
 76
     1
 98
        1
 10
-279.4125335060307
 20
447.7114604144444
450
        0
451
        0
460
0.0
461
0.0
452
        0
462
1.0
453
        2
463
0.0
 63
     5
421
      255
463
1.0
 63
     2
421
 16776960
470
LINEAR
1001
GradientColor1ACI
1070
     5
1001
GradientColor2ACI
1070
     2
1001
ACAD
1010
0.0
1020
0.0
1030
0.0
  0
HATCH
  5
858
330
1F
100
AcDbEntity
  8
0.1 ОКН
 62
     1
440
 33554585
100
AcDbHatch
 10
0.0
 20
0.0
 30
0.0
210
0.0
220
0.0
230
1.0
  2
SOLID
 70
     1
 71
     0
 91
        1
 92
        1
 93
       20
 72
     1
 10
26622.70812241156
 20
42486.93201034181
 11
26620.43443825377
 21
42478.27028208465
 72
     1
 10
26620.43443825377
 20
42478.27028208465
 11
26621.14595977056
 21
42478.0848959012
 72
     1
 10
26621.14595977056
 20
42478.0848959012
 11
26614.89999683658
 21
42454.11257532183
 72
     1
 10
26614.89999683658
 20
42454.11257532183
 11
26614.18815935962
 21
42454.29804382837
 72
     1
 10
26614.18815935962
 20
42454.29804382837
 11
26611.89832155566
 21
42445.5095309134
 72
     1
 10
26611.89832155566
 20
42445.5095309134
 11
26627.1311879119
 21
42441.79140150377
 72
     1
 10
26627.1311879119
 20
42441.79140150377
 11
26629.28017522407
 21
42450.06388702269
 72
     1
 10
26629.28017522407
 20
42450.06388702269
 11
26627.46716757267
 21
42450.53494037019
 72
     1
 10
26627.46716757267
 20
42450.53494037019
 11
26629.86552386476
 21
42459.76582330833
 72
     1
 10
26629.86552386476
 20
42459.76582330833
 11
26652.40849372675
 21
42453.90873748315
 72
     1
 10
26652.40849372675
 20
42453.90873748315
 11
26650.72
 21
42447.41
 72
     1
 10
26650.72
 20
42447.41
 11
26658.21826491788
 21
42445.46181032345
 72
     1
 10
26658.21826491788
 20
42445.46181032345
 11
26663.37
 21
42465.29
 72
     1
 10
26663.37
 20
42465.29
 11
26641.71807677399
 21
42470.91557521883
 72
     1
 10
26641.71807677399
 20
42470.91557521883
 11
26639.82414962457
 21
42463.62615793445
 72
     1
 10
26639.82414962457
 20
42463.62615793445
 11
26631.75324796596
 21
42465.72312936236
 72
     1
 10
26631.75324796596
 20
42465.72312936236
 11
26634.06551539645
 21
42474.62267028672
 72
     1
 10
26634.06551539645
 20
42474.62267028672
 11
26635.61687444321
 21
42474.21959814768
 72
     1
 10
26635.61687444321
 20
42474.21959814768
 11
26637.8946221311
 21
42482.98627820225
 72
     1
 10
26637.8946221311
 20
42482.98627820225
 11
26622.70812241156
 21
42486.93201034181
 97
        0
 75
     1
 76
     1
 98
        1
 10
-50.79755678127549
 20
59.44129191239335
450
        0
451
        0
460
0.0
461
0.0
452
        0
462
1.0
453
        2
463
0.0
 63
     5
421
      255
463
1.0
 63
     2
421
 16776960
470
LINEAR
1001
GradientColor1ACI
1070
     5
1001
GradientColor2ACI
1070
     2
1001
ACAD
1010
0.0
1020
0.0
1030
0.0
  0
HATCH
  5
859
330
1F
100
AcDbEntity
  8
0.1 ОКН
 62
     1
440
 33554585
100
AcDbHatch
 10
0.0
 20
0.0
 30
0.0
210
0.0
220
0.0
230
1.0
  2
SOLID
 70
     1
 71
     0
 91
        1
 92
        1
 93
        8
 72
     1
 10
26592.10877298498
 20
42551.30606310646
 11
26589.23815574709
 21
42540.59144878637
 72
     1
 10
26589.23815574709
 20
42540.59144878637
 11
26588.72099127475
 21
42540.73000545344
 72
     1
 10
26588.72099127475
 20
42540.73000545344
 11
26587.52865458157
 21
42536.2795940093
 72
     1
 10
26587.52865458157
 20
42536.2795940093
 11
26588.0458190539
 21
42536.14103734224
 72
     1
 10
26588.0458190539
 20
42536.14103734224
 11
26586.24495715389
 21
42529.4192980425
 72
     1
 10
26586.24495715389
 20
42529.4192980425
 11
26599.26567636444
 21
42525.93684260362
 72
     1
 10
26599.26567636444
 20
42525.93684260362
 11
26605.12799127329
 21
42547.8180054568
 72
     1
 10
26605.12799127329
 20
42547.8180054568
 11
26592.10877298498
 21
42551.30606310646
 97
        0
 75
     1
 76
     1
 98
        1
 10
-80.51900894313803
 20
129.9541202150794
450
        0
451
        0
460
0.0
461
0.0
452
        0
462
1.0
453
        2
463
0.0
 63
     5
421
      255
463
1.0
 63
     2
421
 16776960
470
LINEAR
1001
GradientColor1ACI
1070
     5
1001
GradientColor2ACI
1070
     2
1001
ACAD
1010
0.0
1020
0.0
1030
0.0
  0
HATCH
  5
85A
330
1F
100
AcDbEntity
  8
0.1 ОКН
 62
     1
440
 33554585
100
AcDbHatch
 10
0.0
 20
0.0
 30
0.0
210
0.0
220
0.0
230
1.0
  2
SOLID
 70
     1
 71
     0
 91
        1
 92
        1
 93
       13
 72
     1
 10
26569.4231661264
 20
42566.09426359337
 11
26569.22299126967
 21
42565.46500544943
 72
     1
 10
26569.22299126967
 20
42565.46500544943
 11
26564.70756861865
 21
42566.90141766105
 72
     1
 10
26564.70756861865
 20
42566.90141766105
 11
26564.8795822608
 21
42567.44214983373
 72
     1
 10
26564.8795822608
 20
42567.44214983373
 11
26563.37308631396
 21
42567.91845851742
 72
     1
 10
26563.37308631396
 20
42567.91845851742
 11
26555.31965363432
 21
42542.44659688984
 72
     1
 10
26555.31965363432
 20
42542.44659688984
 11
26580.60899127604
 21
42534.45100545176
 72
     1
 10
26580.60899127604
 20
42534.45100545176
 11
26583.52370744599
 21
42543.66983401107
 72
     1
 10
26583.52370744599
 20
42543.66983401107
 11
26570.66299127331
 21
42547.73600544973
 72
     1
 10
26570.66299127331
 20
42547.73600544973
 11
26571.00198948902
 21
42548.8082081104
 72
     1
 10
26571.00198948902
 20
42548.8082081104
 11
26569.5058722088
 21
42551.681976167
 72
     1
 10
26569.5058722088
 20
42551.681976167
 11
26568.49999127244
 21
42552.00000544929
 72
     1
 10
26568.49999127244
 20
42552.00000544929
 11
26572.63604632833
 21
42565.08124292133
 72
     1
 10
26572.63604632833
 20
42565.08124292133
 11
26569.4231661264
 21
42566.09426359337
 97
        0
 75
     1
 76
     1
 98
        1
 10
-110.3809049036135
 20
138.7153714776359
450
        0
451
        0
460
0.0
461
0.0
452
        0
462
1.0
453
        2
463
0.0
 63
     5
421
      255
463
1.0
 63
     2
421
 16776960
470
LINEAR
1001
GradientColor1ACI
1070
     5
1001
GradientColor2ACI
1070
     2
1001
ACAD
1010
0.0
1020
0.0
1030
0.0
  0
HATCH
  5
85F
330
1F
100
AcDbEntity
  8
0.1 ОКН
 62
     1
440
 33554585
100
AcDbHatch
 10
0.0
 20
0.0
 30
0.0
210
0.0
220
0.0
230
1.0
  2
SOLID
 70
     1
 71
     0
 91
        1
 92
        1
 93
       16
 72
     1
 10
26876.69915910724
 20
42797.14034408197
 11
26876.84126738498
 21
42797.85848976687
 72
     1
 10
26876.84126738498
 20
42797.85848976687
 11
26870.73690022565
 21
42799.06643562237
 72
     1
 10
26870.73690022565
 20
42799.06643562237
 11
26871.88666361048
 21
42804.87677705067
 72
     1
 10
26871.88666361048
 20
42804.87677705067
 11
26869.63463643222
 21
42805.32241323629
 72
     1
 10
26869.63463643222
 20
42805.32241323629
 11
26872.21
 21
42820.05999999999
 72
     1
 10
26872.21
 20
42820.05999999999
 11
26883.5981499895
 21
42818.13485222218
 72
     1
 10
26883.5981499895
 20
42818.13485222218
 11
26882.90642517019
 21
42814.63921353026
 72
     1
 10
26882.90642517019
 20
42814.63921353026
 11
26897.24087552741
 21
42811.80268036507
 72
     1
 10
26897.24087552741
 20
42811.80268036507
 11
26896.95110688168
 21
42810.33833144847
 72
     1
 10
26896.95110688168
 20
42810.33833144847
 11
26905.542408515
 21
42808.63826542516
 72
     1
 10
26905.542408515
 20
42808.63826542516
 11
26903.66808846538
 21
42799.16636922641
 72
     1
 10
26903.66808846538
 20
42799.16636922641
 11
26901.9215659596
 21
42799.51197501445
 72
     1
 10
26901.9215659596
 20
42799.51197501445
 11
26900.66162765945
 21
42793.14486348607
 72
     1
 10
26900.66162765945
 20
42793.14486348607
 11
26894.04886161394
 21
42794.45341245265
 72
     1
 10
26894.04886161394
 20
42794.45341245265
 11
26893.9067533362
 21
42793.73526676774
 72
     1
 10
26893.9067533362
 20
42793.73526676774
 11
26876.69915910724
 21
42797.14034408197
 97
        0
 75
     1
 76
     1
 98
        1
 10
152.9263785498515
 20
111.1827791496034
450
        0
451
        0
460
0.0
461
0.0
452
        0
462
1.0
453
        2
463
0.0
 63
     5
421
      255
463
1.0
 63
     2
421
 16776960
470
LINEAR
1001
GradientColor1ACI
1070
     5
1001
GradientColor2ACI
1070
     2
1001
ACAD
1010
0.0
1020
0.0
1030
0.0
  0
HATCH
  5
860
330
1F
100
AcDbEntity
  8
0.1 ОКН
 62
     1
440
 33554585
100
AcDbHatch
 10
0.0
 20
0.0
 30
0.0
210
0.0
220
0.0
230
1.0
  2
SOLID
 70
     1
 71
     0
 91
        1
 92
        1
 93
        4
 72
     1
 10
26826.90396091056
 20
42928.88735343005
 11
26811.8779600531
 21
42932.55799381752
 72
     1
 10
26811.8779600531
 20
42932.55799381752
 11
26808.82371249748
 21
42920.05523638417
 72
     1
 10
26808.82371249748
 20
42920.05523638417
 11
26823.84971335496
 21
42916.38459599671
 72
     1
 10
26823.84971335496
 20
42916.38459599671
 11
26826.90396091056
 21
42928.88735343005
 97
        0
 75
     1
 76
     1
 98
        1
 10
0.0
 20
0.0
450
        0
451
        0
460
0.0
461
0.0
452
        0
462
1.0
453
        2
463
0.0
 63
     5
421
      255
463
1.0
 63
     2
421
 16776960
470
LINEAR
1001
GradientColor1ACI
1070
     5
1001
GradientColor2ACI
1070
     2
1001
ACAD
1010
0.0
1020
0.0
1030
0.0
  0
HATCH
  5
861
330
1F
100
AcDbEntity
  8
0.1 ОКН
 62
     1
440
 33554585
100
AcDbHatch
 10
0.0
 20
0.0
 30
0.0
210
0.0
220
0.0
230
1.0
  2
SOLID
 70
     1
 71
     1
 91
        1
 92
        1
 93
        3
 72
     1
 10
27096.12218127112
 20
42495.02327826203
 11
27092.12218127112
 21
42483.02327826203
 72
     1
 10
27092.12218127112
 20
42483.02327826203
 11
27100.12218127112
 21
42483.02327826203
 72
     1
 10
27100.12218127112
 20
42483.02327826203
 11
27096.12218127112
 21
42495.02327826203
 97
        1
330
862
 75
     1
 76
     1
 98
        1
 10
1023.202291539142
 20
480.6531956391117
450
        0
451
        0
460
0.0
461
0.0
452
        0
462
1.0
453
        2
463
0.0
 63
     5
421
      255
463
1.0
 63
     2
421
 16776960
470
LINEAR
1001
GradientColor1ACI
1070
     5
1001
GradientColor2ACI
1070
     2
1001
ACAD
1010
0.0
1020
0.0
1030
0.0
  0
LWPOLYLINE
  5
862
102
{ACAD_REACTORS
330
861
102
}
330
1F
100
AcDbEntity
  8
0.1 ОКН
 62
     1
100
AcDbPolyline
 90
        3
 70
     1
 43
0.0
 10
27096.12218127112
 20
42495.02327826203
 10
27092.12218127112
 20
42483.02327826203
 10
27100.12218127112
 20
42483.02327826203
  0
HATCH
  5
863
330
1F
100
AcDbEntity
  8
0.1 ОКН
 62
     1
440
 33554585
100
AcDbHatch
 10
0.0
 20
0.0
 30
0.0
210
0.0
220
0.0
230
1.0
  2
SOLID
 70
     1
 71
     0
 91
        1
 92
        1
 93
        6
 72
     1
 10
26069.88204098835
 20
42962.96483594686
 11
26071.84994099314
 21
42962.41907857679
 72
     1
 10
26071.84994099314
 20
42962.41907857679
 11
26070.0422613502
 21
42955.8819378664
 72
     1
 10
26070.0422613502
 20
42955.8819378664
 11
26082.81764996296
 21
42952.34922976831
 72
     1
 10
26082.81764996296
 20
42952.34922976831
 11
26086.4393991028
 21
42965.4466189198
 72
     1
 10
26086.4393991028
 20
42965.4466189198
 11
26071.69162846269
 21
42969.48987325213
 72
     1
 10
26071.69162846269
 20
42969.48987325213
 11
26069.88204098835
 21
42962.96483594686
 97
        0
 75
     1
 76
     1
 98
        1
 10
26072.3591146294
 20
42951.01242846801
450
        0
451
        0
460
0.0
461
0.0
452
        0
462
1.0
453
        2
463
0.0
 63
     5
421
      255
463
1.0
 63
     2
421
 16776960
470
LINEAR
1001
GradientColor1ACI
1070
     5
1001
GradientColor2ACI
1070
     2
1001
ACAD
1010
0.0
1020
0.0
1030
0.0
  0
HATCH
  5
864
330
1F
100
AcDbEntity
  8
0.1 ОКН
 62
     1
440
 33554585
100
AcDbHatch
 10
0.0
 20
0.0
 30
0.0
210
0.0
220
0.0
230
1.0
  2
SOLID
 70
     1
 71
     1
 91
        1
 92
        1
 93
        3
 72
     1
 10
26856.97286237935
 20
42670.5160407439
 11
26852.97286237935
 21
42658.51604074391
 72
     1
 10
26852.97286237935
 20
42658.51604074391
 11
26860.97286237935
 21
42658.51604074391
 72
     1
 10
26860.97286237935
 20
42658.51604074391
 11
26856.97286237935
 21
42670.5160407439
 97
        1
330
852
 75
     1
 76
     1
 98
        1
 10
784.0529726473796
 20
656.1459581209929
450
        0
451
        0
460
0.0
461
0.0
452
        0
462
1.0
453
        2
463
0.0
 63
     5
421
      255
463
1.0
 63
     2
421
 16776960
470
LINEAR
1001
GradientColor1ACI
1070
     5
1001
GradientColor2ACI
1070
     2
1001
ACAD
1010
0.0
1020
0.0
1030
0.0
  0
HATCH
  5
865
330
1F
100
AcDbEntity
  8
0.1 ОКН
 62
     1
440
 33554585
100
AcDbHatch
 10
0.0
 20
0.0
 30
0.0
210
0.0
220
0.0
230
1.0
  2
SOLID
 70
     1
 71
     0
 91
        1
 92
        1
 93
        8
 72
     1
 10
26731.44236527577
 20
42750.0
 11
26742.5077241532
 21
42746.78627684149
 72
     1
 10
26742.5077241532
 20
42746.78627684149
 11
26739.60072384954
 21
42735.62883379569
 72
     1
 10
26739.60072384954
 20
42735.62883379569
 11
26737.49420185472
 21
42736.17618058516
 72
     1
 10
26737.49420185472
 20
42736.17618058516
 11
26735.13343083927
 21
42736.7452434595
 72
     1
 10
26735.13343083927
 20
42736.7452434595
 11
26713.70448777022
 21
42742.45664586912
 72
     1
 10
26713.70448777022
 20
42742.45664586912
 11
26715.77186740733
 21
42750.0
 72
     1
 10
26715.77186740733
 20
42750.0
 11
26716.84948852773
 21
42753.93197146
 72
     1
 10
26716.84948852773
 20
42753.93197146
 11
26731.44236527577
 21
42750.0
 97
        0
 75
     1
 76
     1
 98
        1
 10
0.0
 20
0.0
450
        0
451
        0
460
0.0
461
0.0
452
        0
462
1.0
453
        2
463
0.0
 63
     5
421
      255
463
1.0
 63
     2
421
 16776960
470
LINEAR
1001
GradientColor1ACI
1070
     5
1001
GradientColor2ACI
1070
     2
1001
ACAD
1010
0.0
1020
0.0
1030
0.0
  0
HATCH
  5
866
330
1F
100
AcDbEntity
  8
0.1 ОКН
 62
     1
440
 33554585
100
AcDbHatch
 10
0.0
 20
0.0
 30
0.0
210
0.0
220
0.0
230
1.0
  2
SOLID
 70
     1
 71
     0
 91
        1
 92
        1
 93
       19
 72
     1
 10
26777.49168413896
 20
42705.68945710781
 11
26773.11071206121
 21
42689.03152849654
 72
     1
 10
26773.11071206121
 20
42689.03152849654
 11
26766.34586808142
 21
42690.8336569813
 72
     1
 10
26766.34586808142
 20
42690.8336569813
 11
26765.39888973751
 21
42687.4998068302
 72
     1
 10
26765.39888973751
 20
42687.4998068302
 11
26755.84744913442
 21
42690.44399687724
 72
     1
 10
26755.84744913442
 20
42690.44399687724
 11
26761.04334666178
 21
42710.05890403229
 72
     1
 10
26761.04334666178
 20
42710.05890403229
 11
26765.18091737824
 21
42708.9597719366
 72
     1
 10
26765.18091737824
 20
42708.9597719366
 11
26769.67155648075
 21
42726.76112990796
 72
     1
 10
26769.67155648075
 20
42726.76112990796
 11
26768.00513252476
 21
42727.13076618746
 72
     1
 10
26768.00513252476
 20
42727.13076618746
 11
26767.94729376176
 21
42726.78395895154
 72
     1
 10
26767.94729376176
 20
42726.78395895154
 11
26758.07054830685
 21
42729.33826093693
 72
     1
 10
26758.07054830685
 20
42729.33826093693
 11
26757.99765506213
 21
42729.01045324148
 72
     1
 10
26757.99765506213
 20
42729.01045324148
 11
26754.61804479231
 21
42729.83304314669
 72
     1
 10
26754.61804479231
 20
42729.83304314669
 11
26754.72711428274
 21
42730.1956524739
 72
     1
 10
26754.72711428274
 20
42730.1956524739
 11
26743.6655140041
 21
42732.74094376648
 72
     1
 10
26743.6655140041
 20
42732.74094376648
 11
26742.18361630977
 21
42735.69945250519
 72
     1
 10
26742.18361630977
 20
42735.69945250519
 11
26748.32401421491
 21
42745.72859652446
 72
     1
 10
26748.32401421491
 20
42745.72859652446
 11
26785.06116854635
 21
42735.60791935624
 72
     1
 10
26785.06116854635
 20
42735.60791935624
 11
26777.15698307465
 21
42705.80207703206
 72
     1
 10
26777.15698307465
 20
42705.80207703206
 11
26777.49168413896
 21
42705.68945710781
 97
        0
 75
     1
 76
     1
 98
        1
 10
40.96706361167162
 20
-28.40334507121588
450
        0
451
        0
460
0.0
461
0.0
452
        0
462
1.0
453
        2
463
0.0
 63
     5
421
      255
463
1.0
 63
     2
421
 16776960
470
LINEAR
1001
GradientColor1ACI
1070
     5
1001
GradientColor2ACI
1070
     2
1001
ACAD
1010
0.0
1020
0.0
1030
0.0
  0
HATCH
  5
867
330
1F
100
AcDbEntity
  8
0.1 ОКН
 62
     1
440
 33554585
100
AcDbHatch
 10
0.0
 20
0.0
 30
0.0
210
0.0
220
0.0
230
1.0
  2
SOLID
 70
     1
 71
     0
 91
        1
 92
        1
 93
       12
 72
     1
 10
26523.35
 20
42835.89
 11
26510.47
 21
42839.00999999999
 72
     1
 10
26510.47
 20
42839.00999999999
 11
26510.23
 21
42838.37
 72
     1
 10
26510.23
 20
42838.37
 11
26506.23
 21
42839.36999999999
 72
     1
 10
26506.23
 20
42839.36999999999
 11
26506.31
 21
42839.97
 72
     1
 10
26506.31
 20
42839.97
 11
26499.11
 21
42841.81000000001
 72
     1
 10
26499.11
 20
42841.81000000001
 11
26501.61
 21
42852.28
 72
     1
 10
26501.61
 20
42852.28
 11
26536.18
 21
42843.42999999999
 72
     1
 10
26536.18
 20
42843.42999999999
 11
26533.54
 21
42833.16
 72
     1
 10
26533.54
 20
42833.16
 11
26527.27
 21
42834.76999999999
 72
     1
 10
26527.27
 20
42834.76999999999
 11
26527.13643795127
 21
42834.08337339249
 72
     1
 10
26527.13643795127
 20
42834.08337339249
 11
26523.19
 21
42835.00999999999
 72
     1
 10
26523.19
 20
42835.00999999999
 11
26523.35
 21
42835.89
 97
        0
 75
     1
 76
     1
 98
        1
 10
177.0028258853854
 20
-7.32274462008354
450
        0
451
        0
460
0.0
461
0.0
452
        0
462
1.0
453
        2
463
0.0
 63
     5
421
      255
463
1.0
 63
     2
421
 16776960
470
LINEAR
1001
GradientColor1ACI
1070
     5
1001
GradientColor2ACI
1070
     2
1001
ACAD
1010
0.0
1020
0.0
1030
0.0
  0
HATCH
  5
875
330
1F
100
AcDbEntity
  8
0.1 ОКН
 62
     1
440
 33554585
100
AcDbHatch
 10
0.0
 20
0.0
 30
0.0
210
0.0
220
0.0
230
1.0
  2
SOLID
 70
     1
 71
     0
 91
        1
 92
        1
 93
       10
 72
     1
 10
26296.99902335848
 20
42851.4617758396
 11
26296.5852484669
 21
42849.83438593089
 72
     1
 10
26296.5852484669
 20
42849.83438593089
 11
26281.3421415071
 21
42853.71004897633
 72
     1
 10
26281.3421415071
 20
42853.71004897633
 11
26281.85485092843
 21
42855.54753805679
 72
     1
 10
26281.85485092843
 20
42855.54753805679
 11
26270.02060713242
 21
42858.69714284312
 72
     1
 10
26270.02060713242
 20
42858.69714284312
 11
26269.2427034297
 21
42855.92324149998
 72
     1
 10
26269.2427034297
 20
42855.92324149998
 11
26265.56753792418
 21
42856.8413687747
 72
     1
 10
26265.56753792418
 20
42856.8413687747
 11
26270.54030181929
 21
42874.10856700304
 72
     1
 10
26270.54030181929
 20
42874.10856700304
 11
26314.57690173864
 21
42861.95447987621
 72
     1
 10
26314.57690173864
 20
42861.95447987621
 11
26311.00382998251
 21
42847.90147415423
 72
     1
 10
26311.00382998251
 20
42847.90147415423
 11
26296.99902335848
 21
42851.4617758396
 97
        0
 75
     1
 76
     1
 98
        1
 10
-49.87761425100689
 20
11.18555573676712
450
        0
451
        0
460
0.0
461
0.0
452
        0
462
1.0
453
        2
463
0.0
 63
     5
421
      255
463
1.0
 63
     2
421
 16776960
470
LINEAR
1001
GradientColor1ACI
1070
     5
1001
GradientColor2ACI
1070
     2
1001
ACAD
1010
0.0
1020
0.0
1030
0.0
  0
HATCH
  5
876
330
1F
100
AcDbEntity
  8
0.1 ОКН
 62
     1
440
 33554585
370
     9
100
AcDbHatch
 10
0.0
 20
0.0
 30
0.0
210
0.0
220
0.0
230
1.0
  2
SOLID
 70
     1
 71
     0
 91
        1
 92
        1
 93
       16
 72
     1
 10
26530.40341081562
 20
43004.07305391693
 11
26537.12459105258
 21
43002.1736664207
 72
     1
 10
26537.12459105258
 20
43002.1736664207
 11
26540.03117775694
 21
43012.27953756019
 72
     1
 10
26540.03117775694
 20
43012.27953756019
 11
26518.90166075621
 21
43018.28210114606
 72
     1
 10
26518.90166075621
 20
43018.28210114606
 11
26505.54290857661
 21
42971.08769216743
 72
     1
 10
26505.54290857661
 20
42971.08769216743
 11
26526.88852586558
 21
42965.26290248563
 72
     1
 10
26526.88852586558
 20
42965.26290248563
 11
26529.58842580761
 21
42974.91148974065
 72
     1
 10
26529.58842580761
 20
42974.91148974065
 11
26522.62999502957
 21
42976.87110487677
 72
     1
 10
26522.62999502957
 20
42976.87110487677
 11
26523.69666873861
 21
42980.62049158776
 72
     1
 10
26523.69666873861
 20
42980.62049158776
 11
26527.22192206377
 21
42979.78676369939
 72
     1
 10
26527.22192206377
 20
42979.78676369939
 11
26528.99066514268
 21
42985.90339670608
 72
     1
 10
26528.99066514268
 20
42985.90339670608
 11
26522.20030762556
 21
42987.88782546743
 72
     1
 10
26522.20030762556
 20
42987.88782546743
 11
26523.70179627326
 21
42994.3841019805
 72
     1
 10
26523.70179627326
 20
42994.3841019805
 11
26530.33038007205
 21
42992.46267436886
 72
     1
 10
26530.33038007205
 20
42992.46267436886
 11
26532.6076647129
 21
42999.66477536038
 72
     1
 10
26532.6076647129
 20
42999.66477536038
 11
26529.32604253431
 21
43000.61018935931
 72
     1
 10
26529.32604253431
 20
43000.61018935931
 11
26530.40341081562
 21
43004.07305391693
 97
        0
 75
     1
 76
     1
 98
        1
 10
26503.48053383734
 20
42971.94470197299
450
        0
451
        0
460
0.0
461
0.0
452
        0
462
1.0
453
        2
463
0.0
 63
     5
421
      255
463
1.0
 63
     2
421
 16776960
470
LINEAR
1001
GradientColor1ACI
1070
     5
1001
GradientColor2ACI
1070
     2
1001
ACAD
1010
0.0
1020
0.0
1030
0.0
  0
HATCH
  5
87D
330
1F
100
AcDbEntity
  8
0.1 ОКН
 62
     1
440
 33554585
100
AcDbHatch
 10
0.0
 20
0.0
 30
0.0
210
0.0
220
0.0
230
1.0
  2
SOLID
 70
     1
 71
     0
 91
        1
 92
        1
 93
       12
 72
     1
 10
30535.11605854418
 20
42111.33419085962
 11
30511.8220504337
 21
42109.43243772631
 72
     1
 10
30511.8220504337
 20
42109.43243772631
 11
30509.97811329182
 21
42130.10624268428
 72
     1
 10
30509.97811329182
 20
42130.10624268428
 11
30514.1146363959
 21
42130.42913529279
 72
     1
 10
30514.1146363959
 20
42130.42913529279
 11
30513.57632278845
 21
42135.41940970007
 72
     1
 10
30513.57632278845
 20
42135.41940970007
 11
30541.4591476233
 21
42138.11950803215
 72
     1
 10
30541.4591476233
 20
42138.11950803215
 11
30542.58110640354
 21
42129.14687237739
 72
     1
 10
30542.58110640354
 20
42129.14687237739
 11
30570.37646619128
 21
42131.55118344478
 72
     1
 10
30570.37646619128
 20
42131.55118344478
 11
30577.09475646382
 21
42059.29717966039
 72
     1
 10
30577.09475646382
 20
42059.29717966039
 11
30530.61945830533
 21
42055.3371944568
 72
     1
 10
30530.61945830533
 20
42055.3371944568
 11
30529.12506661989
 21
42075.57810823466
 72
     1
 10
30529.12506661989
 20
42075.57810823466
 11
30538.75081418295
 21
42076.86506382423
 72
     1
 10
30538.75081418295
 20
42076.86506382423
 11
30535.11605854418
 21
42111.33419085962
 97
        0
 75
     1
 76
     1
 98
        1
 10
332.9480728674789
 20
204.2605946663389
450
        0
451
        0
460
0.0
461
0.0
452
        0
462
1.0
453
        2
463
0.0
 63
     5
421
      255
463
1.0
 63
     2
421
 16776960
470
LINEAR
1001
GradientColor1ACI
1070
     5
1001
GradientColor2ACI
1070
     2
1001
ACAD
1010
0.0
1020
0.0
1030
0.0
  0
LWPOLYLINE
  5
87E
102
{ACAD_REACTORS
330
952
102
}
330
1F
100
AcDbEntity
  8
0.1 ОКН
 62
     1
100
AcDbPolyline
 90
        3
 70
     1
 43
0.0
 10
26743.35632951401
 20
42441.05331975802
 10
26739.35632951401
 20
42429.05331975802
 10
26747.35632951401
 20
42429.05331975802
  0
HATCH
  5
87F
330
1F
100
AcDbEntity
  8
0.1 ОКН
 62
     1
440
 33554585
100
AcDbHatch
 10
0.0
 20
0.0
 30
0.0
210
0.0
220
0.0
230
1.0
  2
SOLID
 70
     1
 71
     0
 91
        1
 92
        1
 93
       10
 72
     1
 10
27483.30287561278
 20
42429.76340302853
 11
27485.86774200574
 21
42422.27875279098
 72
     1
 10
27485.86774200574
 20
42422.27875279098
 11
27506.83237365423
 21
42428.74642343098
 72
     1
 10
27506.83237365423
 20
42428.74642343098
 11
27502.87918279863
 21
42441.27873848894
 72
     1
 10
27502.87918279863
 20
42441.27873848894
 11
27494.58683780025
 21
42438.78014007159
 72
     1
 10
27494.58683780025
 20
42438.78014007159
 11
27494.03059195465
 21
42440.6235219611
 72
     1
 10
27494.03059195465
 20
42440.6235219611
 11
27489.91760868976
 21
42439.38241729962
 72
     1
 10
27489.91760868976
 20
42439.38241729962
 11
27490.49793581406
 21
42437.4592307832
 72
     1
 10
27490.49793581406
 20
42437.4592307832
 11
27477.84725688677
 21
42433.52810113591
 72
     1
 10
27477.84725688677
 20
42433.52810113591
 11
27479.64794936401
 21
42428.68713830715
 72
     1
 10
27479.64794936401
 20
42428.68713830715
 11
27483.30287561278
 21
42429.76340302853
 97
        0
 75
     1
 76
     1
 98
        1
 10
10.49827125433512
 20
61.61900860170135
450
        0
451
        0
460
0.0
461
0.0
452
        0
462
1.0
453
        2
463
0.0
 63
     5
421
      255
463
1.0
 63
     2
421
 16776960
470
LINEAR
1001
GradientColor1ACI
1070
     5
1001
GradientColor2ACI
1070
     2
1001
ACAD
1010
0.0
1020
0.0
1030
0.0
  0
LWPOLYLINE
  5
880
102
{ACAD_REACTORS
330
902
102
}
330
1F
100
AcDbEntity
  8
0.1 ОКН
 62
     1
100
AcDbPolyline
 90
        3
 70
     1
 43
0.0
 10
27662.13067957662
 20
42264.12228080607
 10
27658.13067957662
 20
42252.12228080607
 10
27666.13067957662
 20
42252.12228080607
  0
HATCH
  5
881
330
1F
100
AcDbEntity
  8
0.1 ОКН
 62
     1
440
 33554585
100
AcDbHatch
 10
0.0
 20
0.0
 30
15.577
210
0.0
220
0.0
230
1.0
  2
SOLID
 70
     1
 71
     0
 91
        1
 92
        1
 93
        4
 72
     1
 10
30507.19542191748
 20
42450.58971971081
 11
30512.12917238687
 21
42455.76536913268
 72
     1
 10
30512.12917238687
 20
42455.76536913268
 11
30511.08945486002
 21
42462.41543722161
 72
     1
 10
30511.08945486002
 20
42462.41543722161
 11
30500.41484334145
 21
42451.12419627099
 72
     1
 10
30500.41484334145
 20
42451.12419627099
 11
30507.19542191748
 21
42450.58971971081
 97
        0
 75
     1
 76
     1
 98
        1
 10
30493.08383487978
 20
42432.54519684546
450
        0
451
        0
460
0.0
461
0.0
452
        0
462
1.0
453
        2
463
0.0
 63
     5
421
      255
463
1.0
 63
     2
421
 16776960
470
LINEAR
1001
GradientColor1ACI
1070
     5
1001
GradientColor2ACI
1070
     2
1001
ACAD
1010
0.0
1020
0.0
1030
0.0
  0
LWPOLYLINE
  5
882
102
{ACAD_REACTORS
330
900
102
}
330
1F
100
AcDbEntity
  8
0.1 ОКН
 62
     1
100
AcDbPolyline
 90
        3
 70
     1
 43
0.0
 10
28198.2157461652
 20
42473.45669749337
 10
28194.2157461652
 20
42461.45669749338
 10
28202.2157461652
 20
42461.45669749338
  0
HATCH
  5
900
330
1F
100
AcDbEntity
  8
0.1 ОКН
 62
     1
440
 33554585
100
AcDbHatch
 10
0.0
 20
0.0
 30
0.0
210
0.0
220
0.0
230
1.0
  2
SOLID
 70
     1
 71
     1
 91
        1
 92
        1
 93
        3
 72
     1
 10
28198.2157461652
 20
42473.45669749337
 11
28194.2157461652
 21
42461.45669749338
 72
     1
 10
28194.2157461652
 20
42461.45669749338
 11
28202.2157461652
 21
42461.45669749338
 72
     1
 10
28202.2157461652
 20
42461.45669749338
 11
28198.2157461652
 21
42473.45669749337
 97
        1
330
882
 75
     1
 76
     1
 98
        1
 10
2125.295856433229
 20
459.086614870459
450
        0
451
        0
460
0.0
461
0.0
452
        0
462
1.0
453
        2
463
0.0
 63
     5
421
      255
463
1.0
 63
     2
421
 16776960
470
LINEAR
1001
GradientColor1ACI
1070
     5
1001
GradientColor2ACI
1070
     2
1001
ACAD
1010
0.0
1020
0.0
1030
0.0
  0
HATCH
  5
901
330
1F
100
AcDbEntity
  8
0.1 ОКН
 62
     1
440
 33554585
100
AcDbHatch
 10
0.0
 20
0.0
 30
0.0
210
0.0
220
0.0
230
1.0
  2
SOLID
 70
     1
 71
     1
 91
        1
 92
        1
 93
        3
 72
     1
 10
27650.94007185096
 20
42250.15476104161
 11
27646.94007185096
 21
42238.15476104161
 72
     1
 10
27646.94007185096
 20
42238.15476104161
 11
27654.94007185096
 21
42238.15476104161
 72
     1
 10
27654.94007185096
 20
42238.15476104161
 11
27650.94007185096
 21
42250.15476104161
 97
        1
330
84A
 75
     1
 76
     1
 98
        1
 10
1578.020182118991
 20
235.7846784186913
450
        0
451
        0
460
0.0
461
0.0
452
        0
462
1.0
453
        2
463
0.0
 63
     5
421
      255
463
1.0
 63
     2
421
 16776960
470
LINEAR
1001
GradientColor1ACI
1070
     5
1001
GradientColor2ACI
1070
     2
1001
ACAD
1010
0.0
1020
0.0
1030
0.0
  0
HATCH
  5
902
330
1F
100
AcDbEntity
  8
0.1 ОКН
 62
     1
440
 33554585
100
AcDbHatch
 10
0.0
 20
0.0
 30
0.0
210
0.0
220
0.0
230
1.0
  2
SOLID
 70
     1
 71
     1
 91
        1
 92
        1
 93
        3
 72
     1
 10
27662.13067957662
 20
42264.12228080607
 11
27658.13067957662
 21
42252.12228080607
 72
     1
 10
27658.13067957662
 20
42252.12228080607
 11
27666.13067957662
 21
42252.12228080607
 72
     1
 10
27666.13067957662
 20
42252.12228080607
 11
27662.13067957662
 21
42264.12228080607
 97
        1
330
880
 75
     1
 76
     1
 98
        1
 10
1589.210789844645
 20
249.7521981831596
450
        0
451
        0
460
0.0
461
0.0
452
        0
462
1.0
453
        2
463
0.0
 63
     5
421
      255
463
1.0
 63
     2
421
 16776960
470
LINEAR
1001
GradientColor1ACI
1070
     5
1001
GradientColor2ACI
1070
     2
1001
ACAD
1010
0.0
1020
0.0
1030
0.0
  0
HATCH
  5
903
330
1F
100
AcDbEntity
  8
0.1 ОКН
 62
     1
440
 33554585
100
AcDbHatch
 10
0.0
 20
0.0
 30
0.0
210
0.0
220
0.0
230
1.0
  2
SOLID
 70
     1
 71
     1
 91
        1
 92
        1
 93
        3
 72
     1
 10
27260.11166117301
 20
42210.03066165957
 11
27256.11166117301
 21
42198.03066165957
 72
     1
 10
27256.11166117301
 20
42198.03066165957
 11
27264.11166117301
 21
42198.03066165957
 72
     1
 10
27264.11166117301
 20
42198.03066165957
 11
27260.11166117301
 21
42210.03066165957
 97
        1
330
7E1
 75
     1
 76
     1
 98
        1
 10
1187.191771441041
 20
195.6605790366593
450
        0
451
        0
460
0.0
461
0.0
452
        0
462
1.0
453
        2
463
0.0
 63
     5
421
      255
463
1.0
 63
     2
421
 16776960
470
LINEAR
1001
GradientColor1ACI
1070
     5
1001
GradientColor2ACI
1070
     2
1001
ACAD
1010
0.0
1020
0.0
1030
0.0
  0
HATCH
  5
904
330
1F
100
AcDbEntity
  8
0.1 ОКН
 62
     1
440
 33554585
100
AcDbHatch
 10
0.0
 20
0.0
 30
0.0
210
0.0
220
0.0
230
1.0
  2
SOLID
 70
     1
 71
     1
 91
        1
 92
        1
 93
        3
 72
     1
 10
25657.29665543316
 20
42434.8071767715
 11
25653.29665543316
 21
42422.8071767715
 72
     1
 10
25653.29665543316
 20
42422.8071767715
 11
25661.29665543316
 21
42422.8071767715
 72
     1
 10
25661.29665543316
 20
42422.8071767715
 11
25657.29665543316
 21
42434.8071767715
 97
        1
330
7CD
 75
     1
 76
     1
 98
        1
 10
-415.6232342988114
 20
420.4370941485831
450
        0
451
        0
460
0.0
461
0.0
452
        0
462
1.0
453
        2
463
0.0
 63
     5
421
      255
463
1.0
 63
     2
421
 16776960
470
LINEAR
1001
GradientColor1ACI
1070
     5
1001
GradientColor2ACI
1070
     2
1001
ACAD
1010
0.0
1020
0.0
1030
0.0
  0
HATCH
  5
905
330
1F
100
AcDbEntity
  8
0.1 ОКН
 62
     1
440
 33554585
100
AcDbHatch
 10
0.0
 20
0.0
 30
0.0
210
0.0
220
0.0
230
1.0
  2
SOLID
 70
     1
 71
     1
 91
        1
 92
        1
 93
        3
 72
     1
 10
29597.99937374175
 20
41752.76963311708
 11
29593.99937374175
 21
41740.76963311708
 72
     1
 10
29593.99937374175
 20
41740.76963311708
 11
29601.99937374175
 21
41740.76963311708
 72
     1
 10
29601.99937374175
 20
41740.76963311708
 11
29597.99937374175
 21
41752.76963311708
 97
        1
330
906
 75
     1
 76
     1
 98
        1
 10
3525.07948400978
 20
-261.6004495058296
450
        0
451
        0
460
0.0
461
0.0
452
        0
462
1.0
453
        2
463
0.0
 63
     5
421
      255
463
1.0
 63
     2
421
 16776960
470
LINEAR
1001
GradientColor1ACI
1070
     5
1001
GradientColor2ACI
1070
     2
1001
ACAD
1010
0.0
1020
0.0
1030
0.0
  0
LWPOLYLINE
  5
906
102
{ACAD_REACTORS
330
905
102
}
330
1F
100
AcDbEntity
  8
0.1 ОКН
 62
     1
100
AcDbPolyline
 90
        3
 70
     1
 43
0.0
 10
29597.99937374175
 20
41752.76963311708
 10
29593.99937374175
 20
41740.76963311708
 10
29601.99937374175
 20
41740.76963311708
  0
HATCH
  5
91B
330
1F
100
AcDbEntity
  8
0.1 ОКН
 62
     1
440
 33554585
100
AcDbHatch
 10
0.0
 20
0.0
 30
0.0
210
0.0
220
0.0
230
1.0
  2
SOLID
 70
     1
 71
     0
 91
        1
 92
        1
 93
       12
 72
     1
 10
30859.947284
 20
43422.728911
 11
30862.114921
 21
43409.197606
 72
     1
 10
30862.114921
 20
43409.197606
 11
30859.069675
 21
43408.70977599999
 72
     1
 10
30859.069675
 20
43408.70977599999
 11
30860.433142
 21
43400.198441
 72
     1
 10
30860.433142
 20
43400.198441
 11
30863.680192
 21
43400.7186
 72
     1
 10
30863.680192
 20
43400.7186
 11
30865.951821
 21
43386.538132
 72
     1
 10
30865.951821
 20
43386.538132
 11
30883.81844200001
 21
43389.400261
 72
     1
 10
30883.81844200001
 20
43389.400261
 11
30881.680424
 21
43402.746681
 72
     1
 10
30881.680424
 20
43402.746681
 11
30884.464023
 21
43403.192597
 72
     1
 10
30884.464023
 20
43403.192597
 11
30882.97679700001
 21
43412.476489
 72
     1
 10
30882.97679700001
 20
43412.476489
 11
30879.949711
 21
43411.99156700001
 72
     1
 10
30879.949711
 20
43411.99156700001
 11
30877.772224
 21
43425.584363
 72
     1
 10
30877.772224
 20
43425.584363
 11
30859.947284
 21
43422.728911
 97
        0
 75
     1
 76
     1
 98
        1
 10
1792.930015381211
 20
1218.431680492096
450
        0
451
        0
460
0.0
461
0.0
452
        0
462
1.0
453
        2
463
0.0
 63
     5
421
      255
463
1.0
 63
     2
421
 16776960
470
LINEAR
1001
GradientColor1ACI
1070
     5
1001
GradientColor2ACI
1070
     2
1001
ACAD
1010
0.0
1020
0.0
1030
0.0
  0
HATCH
  5
91C
330
1F
100
AcDbEntity
  8
0.1 ОКН
 62
     1
440
 33554585
100
AcDbHatch
 10
0.0
 20
0.0
 30
0.0
210
0.0
220
0.0
230
1.0
  2
SOLID
 70
     1
 71
     0
 91
        1
 92
        1
 93
       12
 72
     1
 10
30996.23990100019
 20
43330.94483199914
 11
31000.736744
 21
43310.28365899999
 72
     1
 10
31000.736744
 20
43310.28365899999
 11
31014.093487
 21
43313.190715
 72
     1
 10
31014.093487
 20
43313.190715
 11
31014.903576
 21
43309.46868199999
 72
     1
 10
31014.903576
 20
43309.46868199999
 11
31023.185371
 21
43311.27119
 72
     1
 10
31023.185371
 20
43311.27119
 11
31022.347645
 21
43315.12020099999
 72
     1
 10
31022.347645
 20
43315.12020099999
 11
31036.238767
 21
43318.14356299999
 72
     1
 10
31036.238767
 20
43318.14356299999
 11
31031.769559
 21
43338.67775799999
 72
     1
 10
31031.769559
 20
43338.67775799999
 11
31017.87844064989
 21
43335.65439681339
 72
     1
 10
31017.87844064989
 20
43335.65439681339
 11
31017.06835267596
 21
43339.37642789824
 72
     1
 10
31017.06835267596
 20
43339.37642789824
 11
31008.7865573154
 21
43337.57392155486
 72
     1
 10
31008.7865573154
 20
43337.57392155486
 11
31009.5966463154
 21
43333.85188855485
 72
     1
 10
31009.5966463154
 20
43333.85188855485
 11
30996.23990100019
 21
43330.94483199914
 97
        0
 75
     1
 76
     1
 98
        1
 10
1933.829418195921
 20
1124.085006343426
450
        0
451
        0
460
0.0
461
0.0
452
        0
462
1.0
453
        2
463
0.0
 63
     5
421
      255
463
1.0
 63
     2
421
 16776960
470
LINEAR
1001
GradientColor1ACI
1070
     5
1001
GradientColor2ACI
1070
     2
1001
ACAD
1010
0.0
1020
0.0
1030
0.0
  0
HATCH
  5
91D
330
1F
100
AcDbEntity
  8
0.1 ОКН
 62
     1
440
 33554585
100
AcDbHatch
 10
0.0
 20
0.0
 30
0.0
210
0.0
220
0.0
230
1.0
  2
SOLID
 70
     1
 71
     0
 91
        1
 92
        1
 93
       14
 72
     1
 10
31034.94275400001
 20
43274.347644
 11
31014.133655
 21
43270.301431
 72
     1
 10
31014.133655
 20
43270.301431
 11
31010.504373
 21
43264.80846299999
 72
     1
 10
31010.504373
 20
43264.80846299999
 11
31014.169876
 21
43243.50891799999
 72
     1
 10
31014.169876
 20
43243.50891799999
 11
31020.298949
 21
43238.59420199999
 72
     1
 10
31020.298949
 20
43238.59420199999
 11
31041.108048
 21
43242.640416
 72
     1
 10
31041.108048
 20
43242.640416
 11
31022.605421
 21
43248.21382399999
 72
     1
 10
31022.605421
 20
43248.21382399999
 11
31019.931079
 21
43262.430063
 72
     1
 10
31019.931079
 20
43262.430063
 11
31033.140201
 21
43264.914948
 72
     1
 10
31033.140201
 20
43264.914948
 11
31035.814543
 21
43250.698708
 72
     1
 10
31035.814543
 20
43250.698708
 11
31022.605421
 21
43248.21382399999
 72
     1
 10
31022.605421
 20
43248.21382399999
 11
31041.108048
 21
43242.640416
 72
     1
 10
31041.108048
 20
43242.640416
 11
31045.031596
 21
43248.820004
 72
     1
 10
31045.031596
 20
43248.820004
 11
31041.366093
 21
43270.11955
 72
     1
 10
31041.366093
 20
43270.11955
 11
31034.94275400001
 21
43274.347644
 97
        0
 75
     1
 76
     1
 98
        1
 10
1951.8237409397
 20
1073.056417790081
450
        0
451
        0
460
0.0
461
0.0
452
        0
462
1.0
453
        2
463
0.0
 63
     5
421
      255
463
1.0
 63
     2
421
 16776960
470
LINEAR
1001
GradientColor1ACI
1070
     5
1001
GradientColor2ACI
1070
     2
1001
ACAD
1010
0.0
1020
0.0
1030
0.0
  0
HATCH
  5
91E
330
1F
100
AcDbEntity
  8
0.1 ОКН
 62
     1
440
 33554585
100
AcDbHatch
 10
0.0
 20
0.0
 30
0.0
210
0.0
220
0.0
230
1.0
  2
SOLID
 70
     1
 71
     0
 91
        1
 92
        1
 93
        4
 72
     1
 10
30948.934302
 20
43195.237613
 11
30958.325698
 21
43182.782713
 72
     1
 10
30958.325698
 20
43182.782713
 11
30976.704461
 21
43196.640892
 72
     1
 10
30976.704461
 20
43196.640892
 11
30967.313064
 21
43209.095793
 72
     1
 10
30967.313064
 20
43209.095793
 11
30948.934302
 21
43195.237613
 97
        0
 75
     1
 76
     1
 98
        1
 10
1893.793664195917
 20
1000.738212343429
450
        0
451
        0
460
0.0
461
0.0
452
        0
462
1.0
453
        2
463
0.0
 63
     5
421
      255
463
1.0
 63
     2
421
 16776960
470
LINEAR
1001
GradientColor1ACI
1070
     5
1001
GradientColor2ACI
1070
     2
1001
ACAD
1010
0.0
1020
0.0
1030
0.0
  0
HATCH
  5
91F
330
1F
100
AcDbEntity
  8
0.1 ОКН
 62
     1
440
 33554585
100
AcDbHatch
 10
0.0
 20
0.0
 30
0.0
210
0.0
220
0.0
230
1.0
  2
SOLID
 70
     1
 71
     0
 91
        1
 92
        1
 93
       15
 72
     1
 10
31052.4088285265
 20
43200.523949095
 11
31049.13256416118
 21
43195.89998954536
 72
     1
 10
31049.13256416118
 20
43195.89998954536
 11
31050.65757429702
 21
43191.62589293369
 72
     1
 10
31050.65757429702
 20
43191.62589293369
 11
31052.00782670009
 21
43190.70919144843
 72
     1
 10
31052.00782670009
 20
43190.70919144843
 11
31090.58754411814
 21
43176.33501057691
 72
     1
 10
31090.58754411814
 20
43176.33501057691
 11
31099.93092145032
 21
43185.85246928634
 72
     1
 10
31099.93092145032
 20
43185.85246928634
 11
31092.1768815819
 21
43219.67595499994
 72
     1
 10
31092.1768815819
 20
43219.67595499994
 11
31091.04441619066
 21
43222.38143915964
 72
     1
 10
31091.04441619066
 20
43222.38143915964
 11
31086.93875389993
 21
43224.60490279752
 72
     1
 10
31086.93875389993
 20
43224.60490279752
 11
31081.68385043258
 21
43222.48337041339
 72
     1
 10
31081.68385043258
 20
43222.48337041339
 11
31080.65845222871
 21
43218.06272382223
 72
     1
 10
31080.65845222871
 20
43218.06272382223
 11
31081.52932222457
 21
43215.98440096551
 72
     1
 10
31081.52932222457
 20
43215.98440096551
 11
31087.42764652056
 21
43190.11877643595
 72
     1
 10
31087.42764652056
 20
43190.11877643595
 11
31058.24411788965
 21
43200.07663927513
 72
     1
 10
31058.24411788965
 20
43200.07663927513
 11
31057.06501810231
 21
43200.8705786215
 72
     1
 10
31057.06501810231
 20
43200.8705786215
 11
31052.4088285265
 21
43200.523949095
 97
        0
 75
     1
 76
     1
 98
        1
 10
2002.076624515408
 20
1024.129890332027
450
        0
451
        0
460
0.0
461
0.0
452
        0
462
1.0
453
        2
463
0.0
 63
     5
421
      255
463
1.0
 63
     2
421
 16776960
470
LINEAR
1001
GradientColor1ACI
1070
     5
1001
GradientColor2ACI
1070
     2
1001
ACAD
1010
0.0
1020
0.0
1030
0.0
  0
HATCH
  5
920
330
1F
100
AcDbEntity
  8
0.1 ОКН
 62
     1
440
 33554585
100
AcDbHatch
 10
0.0
 20
0.0
 30
0.0
210
0.0
220
0.0
230
1.0
  2
SOLID
 70
     1
 71
     0
 91
        1
 92
        1
 93
        4
 72
     1
 10
30902.251692
 20
43107.743073
 11
30923.215113
 21
43098.294771
 72
     1
 10
30923.215113
 20
43098.294771
 11
30931.599968
 21
43116.898668
 72
     1
 10
30931.599968
 20
43116.898668
 11
30910.636547
 21
43126.346971
 72
     1
 10
30910.636547
 20
43126.346971
 11
30902.251692
 21
43107.743073
 97
        0
 75
     1
 76
     1
 98
        1
 10
1856.921022822487
 20
917.9395092443156
450
        0
451
        0
460
0.0
461
0.0
452
        0
462
1.0
453
        2
463
0.0
 63
     5
421
      255
463
1.0
 63
     2
421
 16776960
470
LINEAR
1001
GradientColor1ACI
1070
     5
1001
GradientColor2ACI
1070
     2
1001
ACAD
1010
0.0
1020
0.0
1030
0.0
  0
HATCH
  5
921
330
1F
100
AcDbEntity
  8
0.1 ОКН
 62
     1
440
 33554585
100
AcDbHatch
 10
0.0
 20
0.0
 30
0.0
210
0.0
220
0.0
230
1.0
  2
SOLID
 70
     1
 71
     0
 91
        1
 92
        1
 93
        4
 72
     1
 10
30897.482133
 20
43065.988712
 11
30912.833993
 21
43058.575207
 72
     1
 10
30912.833993
 20
43058.575207
 11
30915.928145
 21
43064.98256600001
 72
     1
 10
30915.928145
 20
43064.98256600001
 11
30900.576285
 21
43072.39607099999
 72
     1
 10
30900.576285
 20
43072.39607099999
 11
30897.482133
 21
43065.988712
 97
        0
 75
     1
 76
     1
 98
        1
 10
1846.860760822488
 20
863.988609244312
450
        0
451
        0
460
0.0
461
0.0
452
        0
462
1.0
453
        2
463
0.0
 63
     5
421
      255
463
1.0
 63
     2
421
 16776960
470
LINEAR
1001
GradientColor1ACI
1070
     5
1001
GradientColor2ACI
1070
     2
1001
ACAD
1010
0.0
1020
0.0
1030
0.0
  0
HATCH
  5
922
330
1F
100
AcDbEntity
  8
0.1 ОКН
 62
     1
440
 33554585
100
AcDbHatch
 10
0.0
 20
0.0
 30
0.0
210
0.0
220
0.0
230
1.0
  2
SOLID
 70
     1
 71
     0
 91
        1
 92
        1
 93
        4
 72
     1
 10
30881.104079
 20
43034.618132
 11
30891.629797
 21
43029.832194
 72
     1
 10
30891.629797
 20
43029.832194
 11
30893.847892
 21
43034.315577
 72
     1
 10
30893.847892
 20
43034.315577
 11
30883.48971
 21
43039.44015199999
 72
     1
 10
30883.48971
 20
43039.44015199999
 11
30881.104079
 21
43034.618132
 97
        0
 75
     1
 76
     1
 98
        1
 10
1829.774185822487
 20
831.032690244312
450
        0
451
        0
460
0.0
461
0.0
452
        0
462
1.0
453
        2
463
0.0
 63
     5
421
      255
463
1.0
 63
     2
421
 16776960
470
LINEAR
1001
GradientColor1ACI
1070
     5
1001
GradientColor2ACI
1070
     2
1001
ACAD
1010
0.0
1020
0.0
1030
0.0
  0
HATCH
  5
923
330
1F
100
AcDbEntity
  8
0.1 ОКН
 62
     1
440
 33554585
100
AcDbHatch
 10
0.0
 20
0.0
 30
0.0
210
0.0
220
0.0
230
1.0
  2
SOLID
 70
     1
 71
     0
 91
        1
 92
        1
 93
        4
 72
     1
 10
30866.492616
 20
43001.609605
 11
30874.951346
 21
42996.758275
 72
     1
 10
30874.951346
 20
42996.758275
 11
30877.812387
 21
43002.729143
 72
     1
 10
30877.812387
 20
43002.729143
 11
30869.353657
 21
43007.580474
 72
     1
 10
30869.353657
 20
43007.580474
 11
30866.492616
 21
43001.609605
 97
        0
 75
     1
 76
     1
 98
        1
 10
1815.638132822485
 20
799.1730122443186
450
        0
451
        0
460
0.0
461
0.0
452
        0
462
1.0
453
        2
463
0.0
 63
     5
421
      255
463
1.0
 63
     2
421
 16776960
470
LINEAR
1001
GradientColor1ACI
1070
     5
1001
GradientColor2ACI
1070
     2
1001
ACAD
1010
0.0
1020
0.0
1030
0.0
  0
HATCH
  5
924
330
1F
100
AcDbEntity
  8
0.1 ОКН
 62
     1
440
 33554585
100
AcDbHatch
 10
0.0
 20
0.0
 30
0.0
210
0.0
220
0.0
230
1.0
  2
SOLID
 70
     1
 71
     0
 91
        1
 92
        1
 93
        4
 72
     1
 10
30926.352048
 20
43011.15657799999
 11
30931.90397
 21
43008.072177
 72
     1
 10
30931.90397
 20
43008.072177
 11
30934.147348
 21
43012.110258
 72
     1
 10
30934.147348
 20
43012.110258
 11
30928.595426
 21
43015.194659
 72
     1
 10
30928.595426
 20
43015.194659
 11
30926.352048
 21
43011.15657799999
 97
        0
 75
     1
 76
     1
 98
        1
 10
1875.416669697275
 20
806.9525256840934
450
        0
451
        0
460
0.0
461
0.0
452
        0
462
1.0
453
        2
463
0.0
 63
     5
421
      255
463
1.0
 63
     2
421
 16776960
470
LINEAR
1001
GradientColor1ACI
1070
     5
1001
GradientColor2ACI
1070
     2
1001
ACAD
1010
0.0
1020
0.0
1030
0.0
  0
HATCH
  5
925
330
1F
100
AcDbEntity
  8
0.1 ОКН
 62
     1
440
 33554585
100
AcDbHatch
 10
0.0
 20
0.0
 30
0.0
210
0.0
220
0.0
230
1.0
  2
SOLID
 70
     1
 71
     0
 91
        1
 92
        1
 93
        4
 72
     1
 10
30916.207586
 20
42991.556493
 11
30921.127538
 21
42988.68289299999
 72
     1
 10
30921.127538
 20
42988.68289299999
 11
30923.808414
 21
42993.27287799999
 72
     1
 10
30923.808414
 20
42993.27287799999
 11
30918.888462
 21
42996.14647799999
 72
     1
 10
30918.888462
 20
42996.14647799999
 11
30916.207586
 21
42991.556493
 97
        0
 75
     1
 76
     1
 98
        1
 10
1868.338790740632
 20
787.5482458592232
450
        0
451
        0
460
0.0
461
0.0
452
        0
462
1.0
453
        2
463
0.0
 63
     5
421
      255
463
1.0
 63
     2
421
 16776960
470
LINEAR
1001
GradientColor1ACI
1070
     5
1001
GradientColor2ACI
1070
     2
1001
ACAD
1010
0.0
1020
0.0
1030
0.0
  0
HATCH
  5
926
330
1F
100
AcDbEntity
  8
0.1 ОКН
 62
     1
440
 33554585
100
AcDbHatch
 10
0.0
 20
0.0
 30
0.0
210
0.0
220
0.0
230
1.0
  2
SOLID
 70
     1
 71
     0
 91
        1
 92
        1
 93
        4
 72
     1
 10
30905.928101
 20
42971.82443999999
 11
30911.050207
 21
42968.77486299999
 72
     1
 10
30911.050207
 20
42968.77486299999
 11
30913.520288
 21
42972.923639
 72
     1
 10
30913.520288
 20
42972.923639
 11
30908.398182
 21
42975.973217
 72
     1
 10
30908.398182
 20
42975.973217
 11
30905.928101
 21
42971.82443999999
 97
        0
 75
     1
 76
     1
 98
        1
 10
1858.050664740632
 20
767.1990068592276
450
        0
451
        0
460
0.0
461
0.0
452
        0
462
1.0
453
        2
463
0.0
 63
     5
421
      255
463
1.0
 63
     2
421
 16776960
470
LINEAR
1001
GradientColor1ACI
1070
     5
1001
GradientColor2ACI
1070
     2
1001
ACAD
1010
0.0
1020
0.0
1030
0.0
  0
HATCH
  5
927
330
1F
100
AcDbEntity
  8
0.1 ОКН
 62
     1
440
 33554585
100
AcDbHatch
 10
0.0
 20
0.0
 30
0.0
210
0.0
220
0.0
230
1.0
  2
SOLID
 70
     1
 71
     0
 91
        1
 92
        1
 93
        4
 72
     1
 10
30795.118035
 20
43074.103663
 11
30807.34372
 21
43068.04218999999
 72
     1
 10
30807.34372
 20
43068.04218999999
 11
30819.899325
 21
43093.36620799999
 72
     1
 10
30819.899325
 20
43093.36620799999
 11
30807.673641
 21
43099.42768199999
 72
     1
 10
30807.673641
 20
43099.42768199999
 11
30795.118035
 21
43074.103663
 97
        0
 75
     1
 76
     1
 98
        1
 10
1757.326123740633
 20
890.6534718592302
450
        0
451
        0
460
0.0
461
0.0
452
        0
462
1.0
453
        2
463
0.0
 63
     5
421
      255
463
1.0
 63
     2
421
 16776960
470
LINEAR
1001
GradientColor1ACI
1070
     5
1001
GradientColor2ACI
1070
     2
1001
ACAD
1010
0.0
1020
0.0
1030
0.0
  0
HATCH
  5
928
330
1F
100
AcDbEntity
  8
0.1 ОКН
 62
     1
440
 33554585
100
AcDbHatch
 10
0.0
 20
0.0
 30
0.0
210
0.0
220
0.0
230
1.0
  2
SOLID
 70
     1
 71
     0
 91
        1
 92
        1
 93
        4
 72
     1
 10
30727.63778876046
 20
43029.71355438595
 11
30734.22072164429
 21
43026.0626487216
 72
     1
 10
30734.22072164429
 20
43026.0626487216
 11
30738.41322664839
 21
43033.62213713199
 72
     1
 10
30738.41322664839
 20
43033.62213713199
 11
30731.97857573079
 21
43037.19080536813
 72
     1
 10
30731.97857573079
 20
43037.19080536813
 11
30727.63778876046
 21
43029.71355438595
 97
        0
 75
     1
 76
     1
 98
        1
 10
1683.098879607882
 20
824.3957804545498
450
        0
451
        0
460
0.0
461
0.0
452
        0
462
1.0
453
        2
463
0.0
 63
     5
421
      255
463
1.0
 63
     2
421
 16776960
470
LINEAR
1001
GradientColor1ACI
1070
     5
1001
GradientColor2ACI
1070
     2
1001
ACAD
1010
0.0
1020
0.0
1030
0.0
  0
HATCH
  5
929
330
1F
100
AcDbEntity
  8
0.1 ОКН
 62
     1
440
 33554585
100
AcDbHatch
 10
0.0
 20
0.0
 30
0.0
210
0.0
220
0.0
230
1.0
  2
SOLID
 70
     1
 71
     0
 91
        1
 92
        1
 93
        4
 72
     1
 10
30736.00862870333
 20
43042.01188334589
 11
30740.20554919361
 21
43039.50076986957
 72
     1
 10
30740.20554919361
 20
43039.50076986957
 11
30743.31881499617
 21
43044.70409069184
 72
     1
 10
30743.31881499617
 20
43044.70409069184
 11
30738.98586856456
 21
43047.2965915986
 72
     1
 10
30738.98586856456
 20
43047.2965915986
 11
30736.00862870333
 21
43042.01188334589
 97
        0
 75
     1
 76
     1
 98
        1
 10
1690.799834515572
 20
834.3823243585793
450
        0
451
        0
460
0.0
461
0.0
452
        0
462
1.0
453
        2
463
0.0
 63
     5
421
      255
463
1.0
 63
     2
421
 16776960
470
LINEAR
1001
GradientColor1ACI
1070
     5
1001
GradientColor2ACI
1070
     2
1001
ACAD
1010
0.0
1020
0.0
1030
0.0
  0
HATCH
  5
92A
330
1F
100
AcDbEntity
  8
0.1 ОКН
 62
     1
440
 33554585
100
AcDbHatch
 10
0.0
 20
0.0
 30
0.0
210
0.0
220
0.0
230
1.0
  2
SOLID
 70
     1
 71
     0
 91
        1
 92
        1
 93
        4
 72
     1
 10
30741.70015061297
 20
43052.62386961045
 11
30745.66117392305
 21
43050.32908620047
 72
     1
 10
30745.66117392305
 20
43050.32908620047
 11
30748.4961381966
 21
43055.57969949099
 72
     1
 10
30748.4961381966
 20
43055.57969949099
 11
30744.62114259994
 21
43057.82464351501
 72
     1
 10
30744.62114259994
 20
43057.82464351501
 11
30741.70015061297
 21
43052.62386961045
 97
        0
 75
     1
 76
     1
 98
        1
 10
1695.60530428512
 20
845.9773024489695
450
        0
451
        0
460
0.0
461
0.0
452
        0
462
1.0
453
        2
463
0.0
 63
     5
421
      255
463
1.0
 63
     2
421
 16776960
470
LINEAR
1001
GradientColor1ACI
1070
     5
1001
GradientColor2ACI
1070
     2
1001
ACAD
1010
0.0
1020
0.0
1030
0.0
  0
HATCH
  5
92B
330
1F
100
AcDbEntity
  8
0.1 ОКН
 62
     1
440
 33554585
100
AcDbHatch
 10
0.0
 20
0.0
 30
0.0
210
0.0
220
0.0
230
1.0
  2
SOLID
 70
     1
 71
     0
 91
        1
 92
        1
 93
       25
 72
     1
 10
30703.27363653257
 20
42979.33683143942
 11
30709.64101027686
 21
42975.80491971451
 72
     1
 10
30709.64101027686
 20
42975.80491971451
 11
30710.20139204755
 21
42976.88919547119
 72
     1
 10
30710.20139204755
 20
42976.88919547119
 11
30720.09055925713
 21
42995.92970164093
 72
     1
 10
30720.09055925713
 20
42995.92970164093
 11
30722.06867109159
 21
42994.86411774162
 72
     1
 10
30722.06867109159
 20
42994.86411774162
 11
30722.64642115739
 21
42995.93663229749
 72
     1
 10
30722.64642115739
 20
42995.93663229749
 11
30720.66019043612
 21
42997.00914685283
 72
     1
 10
30720.66019043612
 20
42997.00914685283
 11
30723.82423804453
 21
43003.00498557256
 72
     1
 10
30723.82423804453
 20
43003.00498557256
 11
30725.94470652373
 21
43001.88599893448
 72
     1
 10
30725.94470652373
 20
43001.88599893448
 11
30726.51431681441
 21
43002.96540473405
 72
     1
 10
30726.51431681441
 20
43002.96540473405
 11
30724.39384833584
 21
43004.0843913718
 72
     1
 10
30724.39384833584
 20
43004.0843913718
 11
30725.45943209906
 21
43006.06250328574
 72
     1
 10
30725.45943209906
 20
43006.06250328574
 11
30724.38691759234
 21
43006.64025322851
 72
     1
 10
30724.38691759234
 20
43006.64025322851
 11
30723.31440308614
 21
43004.65402248059
 72
     1
 10
30723.31440308614
 20
43004.65402248059
 11
30719.1683250398
 21
43006.84193801899
 72
     1
 10
30719.1683250398
 20
43006.84193801899
 11
30720.23390880366
 21
43008.82004993258
 72
     1
 10
30720.23390880366
 20
43008.82004993258
 11
30719.16139429693
 21
43009.39779987536
 72
     1
 10
30719.16139429693
 20
43009.39779987536
 11
30718.08887979073
 21
43007.41156912744
 72
     1
 10
30718.08887979073
 20
43007.41156912744
 11
30716.11076787715
 21
43008.4771528913
 72
     1
 10
30716.11076787715
 20
43008.4771528913
 11
30715.53301793437
 21
43007.40463838457
 72
     1
 10
30715.53301793437
 20
43007.40463838457
 11
30717.51924868228
 21
43006.33212387837
 72
     1
 10
30717.51924868228
 20
43006.33212387837
 11
30714.32677588529
 21
43000.28241988164
 72
     1
 10
30714.32677588529
 20
43000.28241988164
 11
30712.32146401929
 21
43001.3188171035
 72
     1
 10
30712.32146401929
 20
43001.3188171035
 11
30711.77470286562
 21
43000.26089586806
 72
     1
 10
30711.77470286562
 20
43000.26089586806
 11
30713.75714477714
 21
42999.20297463313
 72
     1
 10
30713.75714477714
 20
42999.20297463313
 11
30703.27363653257
 21
42979.33683143942
 97
        0
 75
     1
 76
     1
 98
        1
 10
1666.429375942672
 20
790.0724853843712
450
        0
451
        0
460
0.0
461
0.0
452
        0
462
1.0
453
        2
463
0.0
 63
     5
421
      255
463
1.0
 63
     2
421
 16776960
470
LINEAR
1001
GradientColor1ACI
1070
     5
1001
GradientColor2ACI
1070
     2
1001
ACAD
1010
0.0
1020
0.0
1030
0.0
  0
HATCH
  5
92C
330
1F
100
AcDbEntity
  8
0.1 ОКН
 62
     1
440
 33554585
100
AcDbHatch
 10
0.0
 20
0.0
 30
0.0
210
0.0
220
0.0
230
1.0
  2
SOLID
 70
     1
 71
     0
 91
        1
 92
        1
 93
       16
 72
     1
 10
30811.55269577735
 20
42739.46779427374
 11
30815.89951922413
 21
42738.40202083239
 72
     1
 10
30815.89951922413
 20
42738.40202083239
 11
30815.31542182352
 21
42736.01974315718
 72
     1
 10
30815.31542182352
 20
42736.01974315718
 11
30822.55485021612
 21
42734.24474801283
 72
     1
 10
30822.55485021612
 20
42734.24474801283
 11
30823.19656976098
 21
42736.86204119697
 72
     1
 10
30823.19656976098
 20
42736.86204119697
 11
30828.50733590066
 21
42735.5599240132
 72
     1
 10
30828.50733590066
 20
42735.5599240132
 11
30829.59223929767
 21
42739.98477017717
 72
     1
 10
30829.59223929767
 20
42739.98477017717
 11
30827.31225261405
 21
42740.54378741902
 72
     1
 10
30827.31225261405
 20
42740.54378741902
 11
30834.26009267006
 21
42767.74869779183
 72
     1
 10
30834.26009267006
 20
42767.74869779183
 11
30836.57105570861
 21
42767.20740358028
 72
     1
 10
30836.57105570861
 20
42767.20740358028
 11
30837.64440690011
 21
42771.58513335363
 72
     1
 10
30837.64440690011
 20
42771.58513335363
 11
30832.05619816235
 21
42772.98935052376
 72
     1
 10
30832.05619816235
 20
42772.98935052376
 11
30832.63772540201
 21
42775.54272802319
 72
     1
 10
30832.63772540201
 20
42775.54272802319
 11
30825.4094705431
 21
42777.18895036853
 72
     1
 10
30825.4094705431
 20
42777.18895036853
 11
30824.82529350232
 21
42774.80634787591
 72
     1
 10
30824.82529350232
 20
42774.80634787591
 11
30820.40718408808
 21
42775.91653995883
 72
     1
 10
30820.40718408808
 20
42775.91653995883
 11
30811.55269577735
 21
42739.46779427374
 97
        0
 75
     1
 76
     1
 98
        1
 10
1775.853675937636
 20
552.9800399534869
450
        0
451
        0
460
0.0
461
0.0
452
        0
462
1.0
453
        2
463
0.0
 63
     5
421
      255
463
1.0
 63
     2
421
 16776960
470
LINEAR
1001
GradientColor1ACI
1070
     5
1001
GradientColor2ACI
1070
     2
1001
ACAD
1010
0.0
1020
0.0
1030
0.0
  0
HATCH
  5
952
330
1F
100
AcDbEntity
  8
0.1 ОКН
 62
     1
440
 33554585
100
AcDbHatch
 10
0.0
 20
0.0
 30
0.0
210
0.0
220
0.0
230
1.0
  2
SOLID
 70
     1
 71
     1
 91
        1
 92
        1
 93
        3
 72
     1
 10
26743.35632951401
 20
42441.05331975802
 11
26739.35632951401
 21
42429.05331975802
 72
     1
 10
26739.35632951401
 20
42429.05331975802
 11
26747.35632951401
 21
42429.05331975802
 72
     1
 10
26747.35632951401
 20
42429.05331975802
 11
26743.35632951401
 21
42441.05331975802
 97
        1
330
87E
 75
     1
 76
     1
 98
        1
 10
670.436439782039
 20
426.6832371351047
450
        0
451
        0
460
0.0
461
0.0
452
        0
462
1.0
453
        2
463
0.0
 63
     5
421
      255
463
1.0
 63
     2
421
 16776960
470
LINEAR
1001
GradientColor1ACI
1070
     5
1001
GradientColor2ACI
1070
     2
1001
ACAD
1010
0.0
1020
0.0
1030
0.0
  0
HATCH
  5
953
330
1F
100
AcDbEntity
  8
0.1 ОКН
 62
     1
440
 33554585
100
AcDbHatch
 10
0.0
 20
0.0
 30
0.0
210
0.0
220
0.0
230
1.0
  2
SOLID
 70
     1
 71
     0
 91
        1
 92
        1
 93
       15
 72
     1
 10
30139.76353090985
 20
41803.09332911758
 11
30142.26167668867
 21
41814.44435647484
 72
     1
 10
30142.26167668867
 20
41814.44435647484
 11
30165.4238308346
 21
41809.02063811622
 72
     1
 10
30165.4238308346
 20
41809.02063811622
 11
30165.80891900507
 21
41810.66516885592
 72
     1
 10
30165.80891900507
 20
41810.66516885592
 11
30168.79400040703
 21
41810.66516885653
 72
     1
 10
30168.79400040703
 20
41810.66516885653
 11
30168.7940004064
 21
41813.78288881166
 72
     1
 10
30168.7940004064
 20
41813.78288881166
 11
30199.80371475588
 21
41814.92479514617
 72
     1
 10
30199.80371475588
 20
41814.92479514617
 11
30199.80371475574
 21
41815.61369101633
 72
     1
 10
30199.80371475574
 20
41815.61369101633
 11
30202.73855950973
 21
41815.65799341041
 72
     1
 10
30202.73855950973
 20
41815.65799341041
 11
30202.73855950911
 21
41818.66934350833
 72
     1
 10
30202.73855950911
 20
41818.66934350833
 11
30207.97934487604
 21
41818.66934350941
 72
     1
 10
30207.97934487604
 20
41818.66934350941
 11
30208.13880004945
 21
41800.13112279369
 72
     1
 10
30208.13880004945
 20
41800.13112279369
 11
30198.96953991528
 21
41800.04475973397
 72
     1
 10
30198.96953991528
 20
41800.04475973397
 11
30198.96953991556
 21
41798.68090344431
 72
     1
 10
30198.96953991556
 20
41798.68090344431
 11
30163.33059898065
 21
41798.58479969945
 72
     1
 10
30163.33059898065
 20
41798.58479969945
 11
30139.76353090985
 21
41803.09332911758
 97
        0
 75
     1
 76
     1
 98
        1
 10
-38.06097900766327
 20
-82.67812930606305
450
        0
451
        0
460
0.0
461
0.0
452
        0
462
1.0
453
        2
463
0.0
 63
     5
421
      255
463
1.0
 63
     2
421
 16776960
470
LINEAR
1001
GradientColor1ACI
1070
     5
1001
GradientColor2ACI
1070
     2
1001
ACAD
1010
0.0
1020
0.0
1030
0.0
  0
HATCH
  5
956
330
1F
100
AcDbEntity
  8
0.1 ОКН
 62
     1
440
 33554585
100
AcDbHatch
 10
0.0
 20
0.0
 30
0.0
210
0.0
220
0.0
230
1.0
  2
SOLID
 70
     1
 71
     1
 91
        1
 92
        1
 93
        3
 72
     1
 10
27624.66374445619
 20
42435.984399837
 11
27620.66374445619
 21
42423.984399837
 72
     1
 10
27620.66374445619
 20
42423.984399837
 11
27628.66374445619
 21
42423.984399837
 72
     1
 10
27628.66374445619
 20
42423.984399837
 11
27624.66374445619
 21
42435.984399837
 97
        1
330
957
 75
     1
 76
     1
 98
        1
 10
1551.74385472422
 20
421.6143172140873
450
        0
451
        0
460
0.0
461
0.0
452
        0
462
1.0
453
        2
463
0.0
 63
     5
421
      255
463
1.0
 63
     2
421
 16776960
470
LINEAR
1001
GradientColor1ACI
1070
     5
1001
GradientColor2ACI
1070
     2
1001
ACAD
1010
0.0
1020
0.0
1030
0.0
  0
LWPOLYLINE
  5
957
102
{ACAD_REACTORS
330
956
102
}
330
1F
100
AcDbEntity
  8
0.1 ОКН
 62
     1
100
AcDbPolyline
 90
        3
 70
     1
 43
0.0
 10
27624.66374445619
 20
42435.984399837
 10
27620.66374445619
 20
42423.984399837
 10
27628.66374445619
 20
42423.984399837
  0
HATCH
  5
986
330
1F
100
AcDbEntity
  8
0.1 ОКН
 62
     1
440
 33554585
100
AcDbHatch
 10
0.0
 20
0.0
 30
0.0
210
0.0
220
0.0
230
1.0
  2
SOLID
 70
     1
 71
     0
 91
        1
 92
        1
 93
        4
 72
     1
 10
26485.74499977661
 20
42331.65999956093
 11
26497.35999977661
 21
42328.66499956093
 72
     1
 10
26497.35999977661
 20
42328.66499956093
 11
26500.72652992144
 21
42341.09644880498
 72
     1
 10
26500.72652992144
 20
42341.09644880498
 11
26488.82449789842
 21
42344.19925991827
 72
     1
 10
26488.82449789842
 20
42344.19925991827
 11
26485.74499977661
 21
42331.65999956093
 97
        0
 75
     1
 76
     1
 98
        1
 10
0.0
 20
0.0
450
        0
451
        0
460
0.0
461
0.0
452
        0
462
0.0
453
        2
463
0.0
 63
     5
421
      255
463
1.0
 63
     2
421
 16776960
470
LINEAR
1001
GradientColor1ACI
1070
     5
1001
GradientColor2ACI
1070
     2
1001
ACAD
1010
0.0
1020
0.0
1030
0.0
  0
HATCH
  5
998
330
1F
100
AcDbEntity
  8
0.1 ОКН
 62
     1
440
 33554585
100
AcDbHatch
 10
0.0
 20
0.0
 30
0.0
210
0.0
220
0.0
230
1.0
  2
SOLID
 70
     1
 71
     1
 91
        1
 92
        1
 93
        3
 72
     1
 10
27353.47159815894
 20
42170.27596933674
 11
27349.47159815894
 21
42158.27596933674
 72
     1
 10
27349.47159815894
 20
42158.27596933674
 11
27357.47159815894
 21
42158.27596933674
 72
     1
 10
27357.47159815894
 20
42158.27596933674
 11
27353.47159815894
 21
42170.27596933674
 97
        1
330
999
 75
     1
 76
     1
 98
        1
 10
1280.551708426967
 20
155.9058867138301
450
        0
451
        0
460
0.0
461
0.0
452
        0
462
1.0
453
        2
463
0.0
 63
     5
421
      255
463
1.0
 63
     2
421
 16776960
470
LINEAR
1001
GradientColor1ACI
1070
     5
1001
GradientColor2ACI
1070
     2
1001
ACAD
1010
0.0
1020
0.0
1030
0.0
  0
LWPOLYLINE
  5
999
102
{ACAD_REACTORS
330
998
102
}
330
1F
100
AcDbEntity
  8
0.1 ОКН
 62
     1
100
AcDbPolyline
 90
        3
 70
     1
 43
0.0
 10
27353.47159815894
 20
42170.27596933674
 10
27349.47159815894
 20
42158.27596933674
 10
27357.47159815894
 20
42158.27596933674
  0
HATCH
  5
9A1
330
1F
100
AcDbEntity
  8
0.1 ОКН
 62
     1
440
 33554585
100
AcDbHatch
 10
0.0
 20
0.0
 30
0.0
210
0.0
220
0.0
230
1.0
  2
SOLID
 70
     1
 71
     0
 91
        1
 92
        1
 93
        3
 72
     1
 10
27924.12965032408
 20
42310.75208779818
 11
27920.12965032408
 21
42298.75208779818
 72
     1
 10
27920.12965032408
 20
42298.75208779818
 11
27928.12965032408
 21
42298.75208779818
 72
     1
 10
27928.12965032408
 20
42298.75208779818
 11
27924.12965032408
 21
42310.75208779818
 97
        0
 75
     1
 76
     1
 98
        1
 10
1851.209760592108
 20
296.3820051752628
450
        0
451
        0
460
0.0
461
0.0
452
        0
462
1.0
453
        2
463
0.0
 63
     5
421
      255
463
1.0
 63
     2
421
 16776960
470
LINEAR
1001
GradientColor1ACI
1070
     5
1001
GradientColor2ACI
1070
     2
1001
ACAD
1010
0.0
1020
0.0
1030
0.0
  0
ENDSEC
  0
SECTION
  2
OBJECTS
  0
DICTIONARY
  5
C
330
0
100
AcDbDictionary
281
     1
  3
ACAD_CIP_PREVIOUS_PRODUCT_INFO
350
216
  3
ACAD_COLOR
350
6B
  3
ACAD_DETAILVIEWSTYLE
350
21B
  3
ACAD_GROUP
350
D
  3
ACAD_LAYOUT
350
1A
  3
ACAD_MATERIAL
350
6A
  3
ACAD_MLEADERSTYLE
350
12D
  3
ACAD_MLINESTYLE
350
17
  3
ACAD_PLOTSETTINGS
350
19
  3
ACAD_PLOTSTYLENAME
350
E
  3
ACAD_SCALELIST
350
10C
  3
ACAD_SECTIONVIEWSTYLE
350
219
  3
ACAD_TABLESTYLE
350
7E
  3
ACAD_VISUALSTYLE
350
EF
  3
ACDB_RECOMPOSE_DATA
350
9B8
  3
AcDbVariableDictionary
350
5E
  0
DICTIONARY
  5
1FF
330
2
100
AcDbDictionary
280
     1
281
     1
  3
ACAD_LAYERSTATES
360
200
  0
DICTIONARY
  5
13C
330
10
100
AcDbDictionary
280
     1
281
     1
  0
DICTIONARY
  5
1CE
330
1F
100
AcDbDictionary
280
     1
281
     1
  0
DICTIONARY
  5
69A
330
699
100
AcDbDictionary
280
     1
281
     1
  3
AcDbContextDataManager
360
69B
  0
DICTIONARY
  5
6A4
330
6A3
100
AcDbDictionary
280
     1
281
     1
  3
AcDbContextDataManager
360
6A5
  0
DICTIONARY
  5
750
330
74F
100
AcDbDictionary
280
     1
281
     1
  3
AcDbContextDataManager
360
751
  0
XRECORD
  5
216
102
{ACAD_REACTORS
330
C
102
}
330
C
100
AcDbXrecord
280
     1
300
ACD
300
2021
300
ACD_F_S
  0
DICTIONARY
  5
6B
102
{ACAD_REACTORS
330
C
102
}
330
C
100
AcDbDictionary
281
     1
  0
DICTIONARY
  5
21B
102
{ACAD_REACTORS
330
C
102
}
330
C
100
AcDbDictionary
281
     1
  3
Metric50
350
21C
  0
DICTIONARY
  5
D
102
{ACAD_REACTORS
330
C
102
}
330
C
100
AcDbDictionary
281
     1
  0
DICTIONARY
  5
1A
102
{ACAD_REACTORS
330
C
102
}
330
C
100
AcDbDictionary
281
     1
  3
Model
350
22
  3
Лист1
350
D3
  3
Лист2
350
D7
  0
DICTIONARY
  5
6A
102
{ACAD_REACTORS
330
C
102
}
330
C
100
AcDbDictionary
281
     1
  3
ByBlock
350
ED
  3
ByLayer
350
EC
  3
Global
350
EE
  0
DICTIONARY
  5
12D
102
{ACAD_REACTORS
330
C
102
}
330
C
100
AcDbDictionary
281
     1
  3
Standard
350
12E
  3
Аннотативный
350
13B
  0
DICTIONARY
  5
17
102
{ACAD_REACTORS
330
C
102
}
330
C
100
AcDbDictionary
281
     1
  3
Standard
350
18
  0
DICTIONARY
  5
19
102
{ACAD_REACTORS
330
C
102
}
330
C
100
AcDbDictionary
281
     1
  0
ACDBDICTIONARYWDFLT
  5
E
102
{ACAD_REACTORS
330
C
102
}
330
C
100
AcDbDictionary
281
     1
  3
Normal
350
F
100
AcDbDictionaryWithDefault
340
F
  0
DICTIONARY
  5
10C
102
{ACAD_REACTORS
330
C
102
}
330
C
100
AcDbDictionary
281
     1
  3
A0
350
10D
  3
A1
350
1BE
  3
A2
350
1BF
  3
A3
350
1C0
  3
A4
350
1C1
  3
A5
350
1C2
  3
A6
350
1C3
  3
A7
350
1C4
  3
A8
350
1C5
  3
A9
350
1C6
  3
B0
350
1C7
  3
B1
350
1C8
  3
B2
350
1C9
  3
B3
350
1CA
  3
B4
350
1CB
  3
B5
350
1CC
  3
B6
350
1CD
  0
DICTIONARY
  5
219
102
{ACAD_REACTORS
330
C
102
}
330
C
100
AcDbDictionary
281
     1
  3
Metric50
350
21A
  0
DICTIONARY
  5
7E
102
{ACAD_REACTORS
330
C
102
}
330
C
100
AcDbDictionary
281
     1
  3
Standard
350
7F
  0
DICTIONARY
  5
EF
102
{ACAD_REACTORS
330
C
102
}
330
C
100
AcDbDictionary
281
     1
  3
2dWireframe
350
F5
  3
Basic
350
F4
  3
Brighten
350
FB
  3
ColorChange
350
FF
  3
Conceptual
350
F8
  3
Dim
350
FA
  3
EdgeColorOff
350
1E6
  3
Facepattern
350
FE
  3
Flat
350
F0
  3
FlatWithEdges
350
F1
  3
Gouraud
350
F2
  3
GouraudWithEdges
350
F3
  3
Hidden
350
F7
  3
JitterOff
350
1E4
  3
Linepattern
350
FD
  3
OverhangOff
350
1E5
  3
Realistic
350
F9
  3
Shaded
350
1F3
  3
Shaded with edges
350
1F2
  3
Shades of Gray
350
1EF
  3
Sketchy
350
1F0
  3
Thicken
350
FC
  3
Wireframe
350
F6
  3
X-Ray
350
1F1
  0
XRECORD
  5
9B8
102
{ACAD_REACTORS
330
C
102
}
330
C
100
AcDbXrecord
280
     1
 90
        1
330
7F
  0
DICTIONARY
  5
5E
102
{ACAD_REACTORS
330
C
102
}
330
C
100
AcDbDictionary
281
     1
  3
CANNOSCALE
350
146
  3
CENTEREXE
350
259
  3
CENTERLTYPEFILE
350
25A
  3
CMLEADERSTYLE
350
145
  3
CTABLESTYLE
350
84
  3
CVIEWDETAILSTYLE
350
227
  3
CVIEWSECTIONSTYLE
350
228
  3
DIMASSOC
350
5F
  3
HIDETEXT
350
63
  3
LAYEREVAL
350
1AE
  3
LAYERNOTIFY
350
1AF
  0
DICTIONARY
  5
200
102
{ACAD_REACTORS
330
1FF
102
}
330
1FF
100
AcDbDictionary
281
     1
  0
DICTIONARY
  5
69B
102
{ACAD_REACTORS
330
69A
102
}
330
69A
100
AcDbDictionary
281
     1
  3
ACDB_ANNOTATIONSCALE_VIEW_COLLECTION
350
69C
  3
ACDB_ANNOTATIONSCALES
350
69D
  0
DICTIONARY
  5
6A5
102
{ACAD_REACTORS
330
6A4
102
}
330
6A4
100
AcDbDictionary
281
     1
  3
ACDB_ANNOTATIONSCALE_VIEW_COLLECTION
350
6A6
  3
ACDB_ANNOTATIONSCALES
350
6A7
  0
DICTIONARY
  5
751
102
{ACAD_REACTORS
330
750
102
}
330
750
100
AcDbDictionary
281
     1
  3
ACDB_ANNOTATIONSCALE_VIEW_COLLECTION
350
752
  3
ACDB_ANNOTATIONSCALES
350
753
  0
ACDBDETAILVIEWSTYLE
  5
21C
102
{ACAD_REACTORS
330
21B
102
}
330
21B
100
AcDbModelDocViewStyle
 70
     0
  3
Metric50
290
     0
300
Metric50
 90
        0
100
AcDbDetailViewStyle
 70
     0
 71
     0
 90
        3
 71
     1
340
11
 62
   256
 40
5.0
340
0
 62
   256
 40
5.0
300

 40
0.0
280
     1
 71
     2
340
16
 90
       25
 62
   256
 71
     3
340
11
 62
   256
 40
5.0
 90
        0
 40
15.0
 90
        1
300
%<\AcVar ViewDetailId>% (%<\AcVar ViewScale \f "%sn">%)
 71
     4
340
16
 90
       25
 62
   256
340
16
 90
       25
 62
   256
280
     0
  0
LAYOUT
  5
22
102
{ACAD_XDICTIONARY
360
205
102
}
102
{ACAD_REACTORS
330
1A
102
}
330
1A
100
AcDbPlotSettings
  1

  2
none_device
  4
ISO_A4_(210.00_x_297.00_MM)
  6

 40
7.5
 41
20.0
 42
7.5
 43
20.0
 44
210.0
 45
297.0
 46
11.54999923706054
 47
-13.65000009536743
 48
0.0
 49
0.0
140
0.0
141
0.0
142
1.0
143
8.704084754739808
 70
 11952
 72
     1
 73
     0
 74
     0
  7

 75
     0
147
0.1148885871608098
 76
     0
 77
     2
 78
   300
148
0.0
149
0.0
100
AcDbLayout
  1
Model
 70
     1
 71
     0
 10
0.0
 20
0.0
 11
12.0
 21
9.0
 12
0.0
 22
0.0
 32
0.0
 14
0.0
 24
0.0
 34
0.0
 15
0.0
 25
0.0
 35
0.0
146
0.0
 13
0.0
 23
0.0
 33
0.0
 16
1.0
 26
0.0
 36
0.0
 17
0.0
 27
1.0
 37
0.0
 76
     0
330
1F
331
EA
1001
ACAD_PSEXT
1000
None
1000
None
1000
Not applicable
1000
The layout will not be plotted unless a new plotter configuration name is selected.
1070
     0
  0
LAYOUT
  5
D3
102
{ACAD_REACTORS
330
1A
102
}
330
1A
100
AcDbPlotSettings
  1

  2
C:\Documents and Settings\basas\Application Data\Autodesk\AutoCAD 2005\R16.1\enu\plotters\Default Windows System Printer.pc3
  4

  6

 40
0.0
 41
0.0
 42
0.0
 43
0.0
 44
0.0
 45
0.0
 46
0.0
 47
0.0
 48
0.0
 49
0.0
140
0.0
141
0.0
142
1.0
143
1.0
 70
   688
 72
     0
 73
     0
 74
     5
  7

 75
    16
147
1.0
 76
     0
 77
     2
 78
   300
148
0.0
149
0.0
100
AcDbLayout
  1
Лист1
 70
     1
 71
     1
 10
0.0
 20
0.0
 11
12.0
 21
9.0
 12
0.0
 22
0.0
 32
0.0
 14
0.0
 24
0.0
 34
0.0
 15
0.0
 25
0.0
 35
0.0
146
0.0
 13
0.0
 23
0.0
 33
0.0
 16
1.0
 26
0.0
 36
0.0
 17
0.0
 27
1.0
 37
0.0
 76
     0
330
D2
  0
LAYOUT
  5
D7
102
{ACAD_REACTORS
330
1A
102
}
330
1A
100
AcDbPlotSettings
  1

  2
C:\Documents and Settings\basas\Application Data\Autodesk\AutoCAD 2005\R16.1\enu\plotters\Default Windows System Printer.pc3
  4

  6

 40
0.0
 41
0.0
 42
0.0
 43
0.0
 44
0.0
 45
0.0
 46
0.0
 47
0.0
 48
0.0
 49
0.0
140
0.0
141
0.0
142
1.0
143
1.0
 70
   688
 72
     0
 73
     0
 74
     5
  7

 75
    16
147
1.0
 76
     0
 77
     2
 78
   300
148
0.0
149
0.0
100
AcDbLayout
  1
Лист2
 70
     1
 71
     2
 10
0.0
 20
0.0
 11
12.0
 21
9.0
 12
0.0
 22
0.0
 32
0.0
 14
0.0
 24
0.0
 34
0.0
 15
0.0
 25
0.0
 35
0.0
146
0.0
 13
0.0
 23
0.0
 33
0.0
 16
1.0
 26
0.0
 36
0.0
 17
0.0
 27
1.0
 37
0.0
 76
     0
330
D6
  0
MATERIAL
  5
ED
102
{ACAD_XDICTIONARY
360
1F9
102
}
102
{ACAD_REACTORS
330
6A
102
}
330
6A
100
AcDbMaterial
  1
ByBlock
 94
       63
  0
MATERIAL
  5
EC
102
{ACAD_XDICTIONARY
360
1F7
102
}
102
{ACAD_REACTORS
330
6A
102
}
330
6A
100
AcDbMaterial
  1
ByLayer
 94
       63
  0
MATERIAL
  5
EE
102
{ACAD_XDICTIONARY
360
173
102
}
102
{ACAD_REACTORS
330
6A
102
}
330
6A
100
AcDbMaterial
  1
Global
 43
0.0007999999797903
 43
0.0
 43
0.0
 43
0.0
 43
0.0
 43
0.0007999999797903
 43
0.0
 43
0.0
 43
0.0
 43
0.0
 43
1.0
 43
0.0
 43
0.0
 43
0.0
 43
0.0
 43
1.0
 49
0.0007999999797903
 49
0.0
 49
0.0
 49
0.0
 49
0.0
 49
0.0007999999797903
 49
0.0
 49
0.0
 49
0.0
 49
0.0
 49
1.0
 49
0.0
 49
0.0
 49
0.0
 49
0.0
 49
1.0
142
0.0007999999797903
142
0.0
142
0.0
142
0.0
142
0.0
142
0.0007999999797903
142
0.0
142
0.0
142
0.0
142
0.0
142
1.0
142
0.0
142
0.0
142
0.0
142
0.0
142
1.0
144
0.0007999999797903
144
0.0
144
0.0
144
0.0
144
0.0
144
0.0007999999797903
144
0.0
144
0.0
144
0.0
144
0.0
144
1.0
144
0.0
144
0.0
144
0.0
144
0.0
144
1.0
 94
       63
1001
ACAD
1070
    -1
1070
     3
1070
     0
1000

1071
        0
1070
     0
  0
MLEADERSTYLE
  5
12E
102
{ACAD_REACTORS
330
12D
102
}
330
12D
100
AcDbMLeaderStyle
179
     2
170
     2
171
     1
172
     0
 90
        2
 40
0.0
 41
0.0
173
     1
 91
-1056964608
340
14
 92
       -2
290
     1
 42
2.0
291
     1
 43
8.0
  3
Standard
 44
4.0
300

342
11
174
     1
178
     1
175
     1
176
     0
 93
-1056964608
 45
4.0
292
     0
297
     0
 46
4.0
 94
-1056964608
 47
1.0
 49
1.0
140
1.0
293
     1
141
0.0
294
     1
177
     0
142
1.0
295
     0
296
     0
143
3.75
271
     0
272
     9
273
     9
298
     0
  0
MLEADERSTYLE
  5
13B
102
{ACAD_REACTORS
330
12D
102
}
330
12D
100
AcDbMLeaderStyle
179
     2
170
     2
171
     1
172
     0
 90
        2
 40
0.0
 41
0.0
173
     1
 91
-1056964608
340
14
 92
       -2
290
     1
 42
2.0
291
     1
 43
8.0
  3
Standard
 44
4.0
300

342
11
174
     1
178
     1
175
     1
176
     0
 93
-1056964608
 45
4.0
292
     0
297
     0
 46
4.0
 94
-1056964608
 47
1.0
 49
1.0
140
1.0
293
     1
141
0.0
294
     1
177
     0
142
1.0
295
     0
296
     1
143
3.75
271
     0
272
     9
273
     9
298
     0
  0
MLINESTYLE
  5
18
102
{ACAD_REACTORS
330
17
102
}
330
17
100
AcDbMlineStyle
  2
STANDARD
 70
     0
  3

 62
   256
 51
90.0
 52
90.0
 71
     2
 49
0.5
 62
   256
  6
BYLAYER
 49
-0.5
 62
   256
  6
BYLAYER
  0
ACDBPLACEHOLDER
  5
F
102
{ACAD_REACTORS
330
E
102
}
330
E
  0
SCALE
  5
10D
102
{ACAD_REACTORS
330
10C
102
}
330
10C
100
AcDbScale
 70
     0
300
1:1
140
1.0
141
1.0
290
     1
  0
SCALE
  5
1BE
102
{ACAD_REACTORS
330
10C
102
}
330
10C
100
AcDbScale
 70
     0
300
1:2
140
1.0
141
2.0
290
     0
  0
SCALE
  5
1BF
102
{ACAD_REACTORS
330
10C
102
}
330
10C
100
AcDbScale
 70
     0
300
1:4
140
1.0
141
4.0
290
     0
  0
SCALE
  5
1C0
102
{ACAD_REACTORS
330
10C
102
}
330
10C
100
AcDbScale
 70
     0
300
1:5
140
1.0
141
5.0
290
     0
  0
SCALE
  5
1C1
102
{ACAD_REACTORS
330
10C
102
}
330
10C
100
AcDbScale
 70
     0
300
1:8
140
1.0
141
8.0
290
     0
  0
SCALE
  5
1C2
102
{ACAD_REACTORS
330
10C
102
}
330
10C
100
AcDbScale
 70
     0
300
1:10
140
1.0
141
10.0
290
     0
  0
SCALE
  5
1C3
102
{ACAD_REACTORS
330
10C
102
}
330
10C
100
AcDbScale
 70
     0
300
1:16
140
1.0
141
16.0
290
     0
  0
SCALE
  5
1C4
102
{ACAD_REACTORS
330
10C
102
}
330
10C
100
AcDbScale
 70
     0
300
1:20
140
1.0
141
20.0
290
     0
  0
SCALE
  5
1C5
102
{ACAD_REACTORS
330
10C
102
}
330
10C
100
AcDbScale
 70
     0
300
1:30
140
1.0
141
30.0
290
     0
  0
SCALE
  5
1C6
102
{ACAD_REACTORS
330
10C
102
}
330
10C
100
AcDbScale
 70
     0
300
1:40
140
1.0
141
40.0
290
     0
  0
SCALE
  5
1C7
102
{ACAD_REACTORS
330
10C
102
}
330
10C
100
AcDbScale
 70
     0
300
1:50
140
1.0
141
50.0
290
     0
  0
SCALE
  5
1C8
102
{ACAD_REACTORS
330
10C
102
}
330
10C
100
AcDbScale
 70
     0
300
1:100
140
1.0
141
100.0
290
     0
  0
SCALE
  5
1C9
102
{ACAD_REACTORS
330
10C
102
}
330
10C
100
AcDbScale
 70
     0
300
2:1
140
2.0
141
1.0
290
     0
  0
SCALE
  5
1CA
102
{ACAD_REACTORS
330
10C
102
}
330
10C
100
AcDbScale
 70
     0
300
4:1
140
4.0
141
1.0
290
     0
  0
SCALE
  5
1CB
102
{ACAD_REACTORS
330
10C
102
}
330
10C
100
AcDbScale
 70
     0
300
8:1
140
8.0
141
1.0
290
     0
  0
SCALE
  5
1CC
102
{ACAD_REACTORS
330
10C
102
}
330
10C
100
AcDbScale
 70
     0
300
10:1
140
10.0
141
1.0
290
     0
  0
SCALE
  5
1CD
102
{ACAD_REACTORS
330
10C
102
}
330
10C
100
AcDbScale
 70
     0
300
100:1
140
100.0
141
1.0
290
     0
  0
ACDBSECTIONVIEWSTYLE
  5
21A
102
{ACAD_REACTORS
330
219
102
}
330
219
100
AcDbModelDocViewStyle
 70
     0
  3
Metric50
290
     0
300
Metric50
 90
        0
100
AcDbSectionViewStyle
 70
     0
 71
     0
 90
      102
 71
     1
340
11
 62
   256
 40
5.0
340
0
340
0
 62
   256
 40
5.0
300
I, O, Q, S, X, Z
 40
10.0
 90
        0
 40
2.5
 90
        0
 71
     2
340
16
 90
       25
 62
   256
340
16
 90
       50
 62
   256
 40
5.0
 40
2.5
 40
5.0
 71
     3
340
11
 62
   256
 40
5.0
 90
        0
 40
15.0
 90
        1
300
%<\AcVar ViewSectionStartId>%-%<\AcVar ViewSectionEndId>% (%<\AcVar ViewScale \f "%sn">%)
 71
     4
 62
   256
 62
   257
300
ANSI31
 40
1.0
 90
        0
290
     0
290
     0
 90
        6
 40
0.0
 40
1.570796326794896
 40
0.2617993877991494
 40
1.308996938995747
 40
-0.2617993877991494
 40
1.832595714594046
  0
TABLESTYLE
  5
7F
102
{ACAD_XDICTIONARY
360
162
102
}
102
{ACAD_REACTORS
330
7E
102
}
330
7E
100
AcDbTableStyle
280
     0
  3
Standard
 70
     0
 71
     0
 40
1.5
 41
1.5
280
     0
281
     0
  7
Standard
140
4.5
170
     2
 62
     0
 63
     7
283
     0
 90
      512
 91
        0
  1

274
    -2
284
     1
 64
     0
275
    -2
285
     1
 65
     0
276
    -2
286
     1
 66
     0
277
    -2
287
     1
 67
     0
278
    -2
288
     1
 68
     0
279
    -2
289
     1
 69
     0
  7
Standard
140
6.0
170
     5
 62
     0
 63
     7
283
     0
 90
      512
 91
        0
  1

274
    -2
284
     1
 64
     0
275
    -2
285
     1
 65
     0
276
    -2
286
     1
 66
     0
277
    -2
287
     1
 67
     0
278
    -2
288
     1
 68
     0
279
    -2
289
     1
 69
     0
  7
Standard
140
4.5
170
     5
 62
     0
 63
     7
283
     0
 90
      512
 91
        0
  1

274
    -2
284
     1
 64
     0
275
    -2
285
     1
 65
     0
276
    -2
286
     1
 66
     0
277
    -2
287
     1
 67
     0
278
    -2
288
     1
 68
     0
279
    -2
289
     1
 69
     0
  0
VISUALSTYLE
  5
F5
102
{ACAD_REACTORS
330
EF
102
}
330
EF
100
AcDbVisualStyle
  2
2dWireframe
 70
     4
177
     3
291
     0
 70
    58
 90
        0
176
     1
 90
        2
176
     1
 90
        1
176
     1
 90
        0
176
     1
 40
0.6
176
     1
 40
30.0
176
     1
 62
     7
420
 16777215
176
     1
 90
        1
176
     1
 90
        4
176
     1
 62
     7
176
     1
 62
   257
176
     1
 90
        1
176
     1
 90
        1
176
     1
 40
1.0
176
     1
 90
        0
176
     1
 62
   257
176
     1
 40
1.0
176
     1
 90
        1
176
     1
 90
        6
176
     1
 90
        2
176
     1
 62
     7
176
     1
 90
        5
176
     1
 90
        0
176
     1
 90
        0
176
     1
290
     0
176
     1
 90
        1
176
     1
 40
0.0
176
     1
 90
        0
176
     1
290
     1
176
     1
290
     1
176
     1
290
     0
176
     1
290
     0
176
     1
290
     0
176
     1
290
     0
176
     1
290
     0
176
     1
290
     0
176
     1
290
     0
176
     1
 90
       50
176
     1
 40
0.0
176
     1
 40
1.0
176
     1
 90
        0
176
     1
 62
    18
420
        0
176
     1
 90
       50
176
     1
 90
        3
176
     1
 62
     5
420
      255
176
     1
290
     0
176
     1
 90
       50
176
     1
 90
       50
176
     1
 90
       50
176
     1
290
     0
176
     1
 90
       50
176
     1
 62
   256
176
     0
 40
1.0
176
     0
 90
        2
176
     1
  1
strokes_ogs.tif
176
     1
290
     0
176
     1
 40
1.0
176
     1
 40
1.0
176
     1
  0
VISUALSTYLE
  5
F4
102
{ACAD_REACTORS
330
EF
102
}
330
EF
100
AcDbVisualStyle
  2
Basic
 70
     7
177
     3
291
     1
 70
    58
 90
        1
176
     1
 90
        0
176
     1
 90
        1
176
     1
 90
        0
176
     1
 40
0.6
176
     1
 40
30.0
176
     1
 62
     7
420
 16777215
176
     1
 90
        0
176
     1
 90
        4
176
     1
 62
     7
176
     1
 62
   257
176
     1
 90
        1
176
     1
 90
        1
176
     1
 40
1.0
176
     1
 90
        8
176
     1
 62
     7
176
     1
 40
1.0
176
     1
 90
        1
176
     1
 90
        6
176
     1
 90
        2
176
     1
 62
     7
176
     1
 90
        5
176
     1
 90
        0
176
     1
 90
        0
176
     1
290
     0
176
     1
 90
        1
176
     1
 40
0.0
176
     1
 90
        0
176
     1
290
     0
176
     1
290
     1
176
     1
290
     1
176
     1
290
     0
176
     1
290
     0
176
     1
290
     0
176
     1
290
     0
176
     1
290
     0
176
     1
290
     0
176
     1
 90
       50
176
     1
 40
0.0
176
     1
 40
1.0
176
     1
 90
        0
176
     1
 62
    18
420
        0
176
     1
 90
       50
176
     1
 90
        3
176
     1
 62
     5
420
      255
176
     1
290
     0
176
     1
 90
       50
176
     1
 90
       50
176
     1
 90
       50
176
     1
290
     0
176
     1
 90
       50
176
     1
 62
   256
176
     0
 40
1.0
176
     0
 90
        2
176
     1
  1
strokes_ogs.tif
176
     1
290
     0
176
     1
 40
1.0
176
     1
 40
1.0
176
     1
  0
VISUALSTYLE
  5
FB
102
{ACAD_REACTORS
330
EF
102
}
330
EF
100
AcDbVisualStyle
  2
Brighten
 70
    12
177
     3
291
     1
 70
    58
 90
        2
176
     1
 90
        2
176
     1
 90
        1
176
     1
 90
        0
176
     1
 40
0.6
176
     1
 40
30.0
176
     1
 62
     7
420
 16777215
176
     1
 90
        1
176
     1
 90
        4
176
     1
 62
     7
176
     1
 62
   257
176
     1
 90
        1
176
     1
 90
        1
176
     1
 40
1.0
176
     1
 90
        8
176
     1
 62
     7
176
     1
 40
1.0
176
     1
 90
        1
176
     1
 90
        6
176
     1
 90
        2
176
     1
 62
     7
176
     1
 90
        5
176
     1
 90
        0
176
     1
 90
        0
176
     1
290
     0
176
     1
 90
        1
176
     1
 40
50.0
176
     1
 90
        0
176
     1
290
     0
176
     1
290
     1
176
     1
290
     1
176
     1
290
     0
176
     1
290
     0
176
     1
290
     0
176
     1
290
     0
176
     1
290
     0
176
     1
290
     0
176
     1
 90
       50
176
     1
 40
0.0
176
     1
 40
1.0
176
     1
 90
        0
176
     1
 62
    18
420
        0
176
     1
 90
       50
176
     1
 90
        3
176
     1
 62
     5
420
      255
176
     1
290
     0
176
     1
 90
       50
176
     1
 90
       50
176
     1
 90
       50
176
     1
290
     0
176
     1
 90
       50
176
     1
 62
   256
176
     0
 40
1.0
176
     0
 90
        2
176
     1
  1
strokes_ogs.tif
176
     1
290
     0
176
     1
 40
1.0
176
     1
 40
1.0
176
     1
  0
VISUALSTYLE
  5
FF
102
{ACAD_REACTORS
330
EF
102
}
330
EF
100
AcDbVisualStyle
  2
ColorChange
 70
    16
177
     3
291
     1
 70
    58
 90
        2
176
     1
 90
        2
176
     1
 90
        3
176
     1
 90
        0
176
     1
 40
0.6
176
     1
 40
30.0
176
     1
 62
     8
420
  8421504
176
     1
 90
        1
176
     1
 90
        4
176
     1
 62
     7
176
     1
 62
   257
176
     1
 90
        1
176
     1
 90
        1
176
     1
 40
1.0
176
     1
 90
        8
176
     1
 62
     8
420
  8421504
176
     1
 40
1.0
176
     1
 90
        1
176
     1
 90
        6
176
     1
 90
        2
176
     1
 62
     7
176
     1
 90
        5
176
     1
 90
        0
176
     1
 90
        0
176
     1
290
     0
176
     1
 90
        1
176
     1
 40
0.0
176
     1
 90
        0
176
     1
290
     0
176
     1
290
     1
176
     1
290
     1
176
     1
290
     0
176
     1
290
     0
176
     1
290
     0
176
     1
290
     0
176
     1
290
     0
176
     1
290
     0
176
     1
 90
       50
176
     1
 40
0.0
176
     1
 40
1.0
176
     1
 90
        0
176
     1
 62
    18
420
        0
176
     1
 90
       50
176
     1
 90
        3
176
     1
 62
     5
420
      255
176
     1
290
     0
176
     1
 90
       50
176
     1
 90
       50
176
     1
 90
       50
176
     1
290
     0
176
     1
 90
       50
176
     1
 62
   256
176
     0
 40
1.0
176
     0
 90
        2
176
     1
  1
strokes_ogs.tif
176
     1
290
     0
176
     1
 40
1.0
176
     1
 40
1.0
176
     1
  0
VISUALSTYLE
  5
F8
102
{ACAD_REACTORS
330
EF
102
}
330
EF
100
AcDbVisualStyle
  2
Conceptual
 70
     9
177
     3
291
     0
 70
    58
 90
        3
176
     1
 90
        2
176
     1
 90
        1
176
     1
 90
        0
176
     1
 40
0.6
176
     1
 40
30.0
176
     1
 62
     7
420
 16777215
176
     1
 90
        2
176
     1
 90
        2
176
     1
 62
     7
176
     1
 62
   257
176
     1
 90
        1
176
     1
 90
        1
176
     1
 40
40.0
176
     1
 90
        8
176
     1
 62
     7
176
     1
 40
1.0
176
     1
 90
        1
176
     1
 90
        6
176
     1
 90
        2
176
     1
 62
     7
176
     1
 90
        3
176
     1
 90
        0
176
     1
 90
        0
176
     1
290
     0
176
     1
 90
        1
176
     1
 40
0.0
176
     1
 90
        0
176
     1
290
     0
176
     1
290
     1
176
     1
290
     1
176
     1
290
     0
176
     1
290
     0
176
     1
290
     0
176
     1
290
     0
176
     1
290
     0
176
     1
290
     0
176
     1
 90
       50
176
     1
 40
0.0
176
     1
 40
1.0
176
     1
 90
        0
176
     1
 62
    18
420
        0
176
     1
 90
       50
176
     1
 90
        3
176
     1
 62
     5
420
      255
176
     1
290
     0
176
     1
 90
       50
176
     1
 90
       50
176
     1
 90
       50
176
     1
290
     0
176
     1
 90
       50
176
     1
 62
   256
176
     0
 40
1.0
176
     0
 90
        2
176
     1
  1
strokes_ogs.tif
176
     1
290
     0
176
     1
 40
1.0
176
     1
 40
1.0
176
     1
  0
VISUALSTYLE
  5
FA
102
{ACAD_REACTORS
330
EF
102
}
330
EF
100
AcDbVisualStyle
  2
Dim
 70
    11
177
     3
291
     1
 70
    58
 90
        2
176
     1
 90
        2
176
     1
 90
        1
176
     1
 90
        0
176
     1
 40
0.6
176
     1
 40
30.0
176
     1
 62
     7
420
 16777215
176
     1
 90
        1
176
     1
 90
        4
176
     1
 62
     7
176
     1
 62
   257
176
     1
 90
        1
176
     1
 90
        1
176
     1
 40
1.0
176
     1
 90
        8
176
     1
 62
     7
176
     1
 40
1.0
176
     1
 90
        1
176
     1
 90
        6
176
     1
 90
        2
176
     1
 62
     7
176
     1
 90
        5
176
     1
 90
        0
176
     1
 90
        0
176
     1
290
     0
176
     1
 90
        1
176
     1
 40
-50.0
176
     1
 90
        0
176
     1
290
     0
176
     1
290
     1
176
     1
290
     1
176
     1
290
     0
176
     1
290
     0
176
     1
290
     0
176
     1
290
     0
176
     1
290
     0
176
     1
290
     0
176
     1
 90
       50
176
     1
 40
0.0
176
     1
 40
1.0
176
     1
 90
        0
176
     1
 62
    18
420
        0
176
     1
 90
       50
176
     1
 90
        3
176
     1
 62
     5
420
      255
176
     1
290
     0
176
     1
 90
       50
176
     1
 90
       50
176
     1
 90
       50
176
     1
290
     0
176
     1
 90
       50
176
     1
 62
   256
176
     0
 40
1.0
176
     0
 90
        2
176
     1
  1
strokes_ogs.tif
176
     1
290
     0
176
     1
 40
1.0
176
     1
 40
1.0
176
     1
  0
VISUALSTYLE
  5
1E6
102
{ACAD_REACTORS
330
EF
102
}
330
EF
100
AcDbVisualStyle
  2
EdgeColorOff
 70
    22
177
     3
291
     1
 70
    58
 90
        2
176
     0
 90
        2
176
     0
 90
        0
176
     0
 90
        0
176
     0
 40
0.6
176
     0
 40
30.0
176
     0
 62
     7
420
 16777215
176
     0
 90
        1
176
     0
 90
        4
176
     0
 62
     7
176
     0
 62
   257
176
     0
 90
        1
176
     0
 90
        1
176
     0
 40
1.0
176
     0
 90
        8
176
     2
 62
     7
176
     0
 40
1.0
176
     0
 90
        1
176
     0
 90
        6
176
     0
 90
        2
176
     0
 62
     7
176
     0
 90
        5
176
     0
 90
        0
176
     0
 90
        0
176
     0
290
     0
176
     0
 90
        1
176
     0
 40
0.0
176
     0
 90
        0
176
     0
290
     0
176
     1
290
     1
176
     1
290
     1
176
     1
290
     0
176
     1
290
     0
176
     1
290
     0
176
     1
290
     0
176
     1
290
     0
176
     1
290
     0
176
     1
 90
       50
176
     1
 40
0.0
176
     1
 40
1.0
176
     1
 90
        0
176
     1
 62
    18
420
        0
176
     1
 90
       50
176
     1
 90
        3
176
     1
 62
     5
420
      255
176
     1
290
     0
176
     1
 90
       50
176
     1
 90
       50
176
     1
 90
       50
176
     1
290
     0
176
     1
 90
       50
176
     1
 62
   256
176
     0
 40
1.0
176
     0
 90
        2
176
     1
  1
strokes_ogs.tif
176
     1
290
     0
176
     1
 40
1.0
176
     1
 40
1.0
176
     1
  0
VISUALSTYLE
  5
FE
102
{ACAD_REACTORS
330
EF
102
}
330
EF
100
AcDbVisualStyle
  2
Facepattern
 70
    15
177
     3
291
     1
 70
    58
 90
        2
176
     1
 90
        2
176
     1
 90
        1
176
     1
 90
        0
176
     1
 40
0.6
176
     1
 40
30.0
176
     1
 62
     7
420
 16777215
176
     1
 90
        1
176
     1
 90
        4
176
     1
 62
     7
176
     1
 62
   257
176
     1
 90
        1
176
     1
 90
        1
176
     1
 40
1.0
176
     1
 90
        8
176
     1
 62
     7
176
     1
 40
1.0
176
     1
 90
        1
176
     1
 90
        6
176
     1
 90
        2
176
     1
 62
     7
176
     1
 90
        5
176
     1
 90
        0
176
     1
 90
        0
176
     1
290
     0
176
     1
 90
        1
176
     1
 40
0.0
176
     1
 90
        0
176
     1
290
     0
176
     1
290
     1
176
     1
290
     1
176
     1
290
     0
176
     1
290
     0
176
     1
290
     0
176
     1
290
     0
176
     1
290
     0
176
     1
290
     0
176
     1
 90
       50
176
     1
 40
0.0
176
     1
 40
1.0
176
     1
 90
        0
176
     1
 62
    18
420
        0
176
     1
 90
       50
176
     1
 90
        3
176
     1
 62
     5
420
      255
176
     1
290
     0
176
     1
 90
       50
176
     1
 90
       50
176
     1
 90
       50
176
     1
290
     0
176
     1
 90
       50
176
     1
 62
   256
176
     0
 40
1.0
176
     0
 90
        2
176
     1
  1
strokes_ogs.tif
176
     1
290
     0
176
     1
 40
1.0
176
     1
 40
1.0
176
     1
  0
VISUALSTYLE
  5
F0
102
{ACAD_REACTORS
330
EF
102
}
330
EF
100
AcDbVisualStyle
  2
Flat
 70
     0
177
     3
291
     1
 70
    58
 90
        2
176
     1
 90
        1
176
     1
 90
        1
176
     1
 90
        2
176
     1
 40
0.6
176
     1
 40
30.0
176
     1
 62
     7
420
 16777215
176
     1
 90
        0
176
     1
 90
        0
176
     1
 62
     7
176
     1
 62
   257
176
     1
 90
        1
176
     1
 90
        1
176
     1
 40
1.0
176
     1
 90
        8
176
     1
 62
     7
176
     1
 40
1.0
176
     1
 90
        1
176
     1
 90
        6
176
     1
 90
        2
176
     1
 62
     7
176
     1
 90
        5
176
     1
 90
        0
176
     1
 90
        0
176
     1
290
     0
176
     1
 90
       13
176
     1
 40
0.0
176
     1
 90
        0
176
     1
290
     0
176
     1
290
     1
176
     1
290
     1
176
     1
290
     0
176
     1
290
     0
176
     1
290
     0
176
     1
290
     0
176
     1
290
     0
176
     1
290
     0
176
     1
 90
       50
176
     1
 40
0.0
176
     1
 40
1.0
176
     1
 90
        0
176
     1
 62
    18
420
        0
176
     1
 90
       50
176
     1
 90
        3
176
     1
 62
     5
420
      255
176
     1
290
     0
176
     1
 90
       50
176
     1
 90
       50
176
     1
 90
       50
176
     1
290
     0
176
     1
 90
       50
176
     1
 62
   256
176
     0
 40
1.0
176
     0
 90
        2
176
     1
  1
strokes_ogs.tif
176
     1
290
     0
176
     1
 40
1.0
176
     1
 40
1.0
176
     1
  0
VISUALSTYLE
  5
F1
102
{ACAD_REACTORS
330
EF
102
}
330
EF
100
AcDbVisualStyle
  2
FlatWithEdges
 70
     1
177
     3
291
     1
 70
    58
 90
        2
176
     1
 90
        1
176
     1
 90
        1
176
     1
 90
        2
176
     1
 40
0.6
176
     1
 40
30.0
176
     1
 62
     7
420
 16777215
176
     1
 90
        1
176
     1
 90
        0
176
     1
 62
     7
176
     1
 62
   257
176
     1
 90
        1
176
     1
 90
        1
176
     1
 40
1.0
176
     1
 90
        0
176
     1
 62
   257
176
     1
 40
1.0
176
     1
 90
        1
176
     1
 90
        6
176
     1
 90
        2
176
     1
 62
     7
176
     1
 90
        5
176
     1
 90
        0
176
     1
 90
        0
176
     1
290
     0
176
     1
 90
       13
176
     1
 40
0.0
176
     1
 90
        0
176
     1
290
     0
176
     1
290
     1
176
     1
290
     1
176
     1
290
     0
176
     1
290
     0
176
     1
290
     0
176
     1
290
     0
176
     1
290
     0
176
     1
290
     0
176
     1
 90
       50
176
     1
 40
0.0
176
     1
 40
1.0
176
     1
 90
        0
176
     1
 62
    18
420
        0
176
     1
 90
       50
176
     1
 90
        3
176
     1
 62
     5
420
      255
176
     1
290
     0
176
     1
 90
       50
176
     1
 90
       50
176
     1
 90
       50
176
     1
290
     0
176
     1
 90
       50
176
     1
 62
   256
176
     0
 40
1.0
176
     0
 90
        2
176
     1
  1
strokes_ogs.tif
176
     1
290
     0
176
     1
 40
1.0
176
     1
 40
1.0
176
     1
  0
VISUALSTYLE
  5
F2
102
{ACAD_REACTORS
330
EF
102
}
330
EF
100
AcDbVisualStyle
  2
Gouraud
 70
     2
177
     3
291
     1
 70
    58
 90
        2
176
     1
 90
        2
176
     1
 90
        1
176
     1
 90
        2
176
     1
 40
0.6
176
     1
 40
30.0
176
     1
 62
     7
420
 16777215
176
     1
 90
        0
176
     1
 90
        0
176
     1
 62
     7
176
     1
 62
   257
176
     1
 90
        1
176
     1
 90
        1
176
     1
 40
1.0
176
     1
 90
        0
176
     1
 62
     7
176
     1
 40
1.0
176
     1
 90
        1
176
     1
 90
        6
176
     1
 90
        2
176
     1
 62
     7
176
     1
 90
        5
176
     1
 90
        0
176
     1
 90
        0
176
     1
290
     0
176
     1
 90
       13
176
     1
 40
0.0
176
     1
 90
        0
176
     1
290
     0
176
     1
290
     1
176
     1
290
     1
176
     1
290
     0
176
     1
290
     0
176
     1
290
     0
176
     1
290
     0
176
     1
290
     0
176
     1
290
     0
176
     1
 90
       50
176
     1
 40
0.0
176
     1
 40
1.0
176
     1
 90
        0
176
     1
 62
    18
420
        0
176
     1
 90
       50
176
     1
 90
        3
176
     1
 62
     5
420
      255
176
     1
290
     0
176
     1
 90
       50
176
     1
 90
       50
176
     1
 90
       50
176
     1
290
     0
176
     1
 90
       50
176
     1
 62
   256
176
     0
 40
1.0
176
     0
 90
        2
176
     1
  1
strokes_ogs.tif
176
     1
290
     0
176
     1
 40
1.0
176
     1
 40
1.0
176
     1
  0
VISUALSTYLE
  5
F3
102
{ACAD_REACTORS
330
EF
102
}
330
EF
100
AcDbVisualStyle
  2
GouraudWithEdges
 70
     3
177
     3
291
     1
 70
    58
 90
        2
176
     1
 90
        2
176
     1
 90
        1
176
     1
 90
        2
176
     1
 40
0.6
176
     1
 40
30.0
176
     1
 62
     7
420
 16777215
176
     1
 90
        1
176
     1
 90
        0
176
     1
 62
     7
176
     1
 62
   257
176
     1
 90
        1
176
     1
 90
        1
176
     1
 40
1.0
176
     1
 90
        0
176
     1
 62
   257
176
     1
 40
1.0
176
     1
 90
        1
176
     1
 90
        6
176
     1
 90
        2
176
     1
 62
     7
176
     1
 90
        5
176
     1
 90
        0
176
     1
 90
        0
176
     1
290
     0
176
     1
 90
       13
176
     1
 40
0.0
176
     1
 90
        0
176
     1
290
     0
176
     1
290
     1
176
     1
290
     1
176
     1
290
     0
176
     1
290
     0
176
     1
290
     0
176
     1
290
     0
176
     1
290
     0
176
     1
290
     0
176
     1
 90
       50
176
     1
 40
0.0
176
     1
 40
1.0
176
     1
 90
        0
176
     1
 62
    18
420
        0
176
     1
 90
       50
176
     1
 90
        3
176
     1
 62
     5
420
      255
176
     1
290
     0
176
     1
 90
       50
176
     1
 90
       50
176
     1
 90
       50
176
     1
290
     0
176
     1
 90
       50
176
     1
 62
   256
176
     0
 40
1.0
176
     0
 90
        2
176
     1
  1
strokes_ogs.tif
176
     1
290
     0
176
     1
 40
1.0
176
     1
 40
1.0
176
     1
  0
VISUALSTYLE
  5
F7
102
{ACAD_REACTORS
330
EF
102
}
330
EF
100
AcDbVisualStyle
  2
Hidden
 70
     6
177
     3
291
     0
 70
    58
 90
        1
176
     1
 90
        2
176
     1
 90
        2
176
     1
 90
        0
176
     1
 40
0.6
176
     1
 40
30.0
176
     1
 62
     7
420
 16777215
176
     1
 90
        2
176
     1
 90
        2
176
     1
 62
     7
176
     1
 62
   257
176
     1
 90
        2
176
     1
 90
        1
176
     1
 40
40.0
176
     1
 90
        0
176
     1
 62
   257
176
     1
 40
1.0
176
     1
 90
        1
176
     1
 90
        6
176
     1
 90
        2
176
     1
 62
     7
176
     1
 90
        3
176
     1
 90
        0
176
     1
 90
        0
176
     1
290
     0
176
     1
 90
        1
176
     1
 40
0.0
176
     1
 90
        0
176
     1
290
     0
176
     1
290
     1
176
     1
290
     1
176
     1
290
     0
176
     1
290
     0
176
     1
290
     0
176
     1
290
     0
176
     1
290
     0
176
     1
290
     0
176
     1
 90
       50
176
     1
 40
0.0
176
     1
 40
1.0
176
     1
 90
        0
176
     1
 62
    18
420
        0
176
     1
 90
       50
176
     1
 90
        3
176
     1
 62
     5
420
      255
176
     1
290
     0
176
     1
 90
       50
176
     1
 90
       50
176
     1
 90
       50
176
     1
290
     0
176
     1
 90
       50
176
     1
 62
   256
176
     0
 40
1.0
176
     0
 90
        2
176
     1
  1
strokes_ogs.tif
176
     1
290
     0
176
     1
 40
1.0
176
     1
 40
1.0
176
     1
  0
VISUALSTYLE
  5
1E4
102
{ACAD_REACTORS
330
EF
102
}
330
EF
100
AcDbVisualStyle
  2
JitterOff
 70
    20
177
     3
291
     1
 70
    58
 90
        2
176
     0
 90
        2
176
     0
 90
        0
176
     0
 90
        0
176
     0
 40
0.6
176
     0
 40
30.0
176
     0
 62
     7
420
 16777215
176
     0
 90
        1
176
     0
 90
        4
176
     0
 62
     7
176
     0
 62
   257
176
     0
 90
        1
176
     0
 90
        1
176
     0
 40
1.0
176
     0
 90
       10
176
     2
 62
     7
176
     0
 40
1.0
176
     0
 90
        1
176
     0
 90
        6
176
     0
 90
        2
176
     0
 62
     7
176
     0
 90
        5
176
     0
 90
        0
176
     0
 90
        0
176
     0
290
     0
176
     0
 90
        1
176
     0
 40
0.0
176
     0
 90
        0
176
     0
290
     0
176
     1
290
     1
176
     1
290
     1
176
     1
290
     0
176
     1
290
     0
176
     1
290
     0
176
     1
290
     0
176
     1
290
     0
176
     1
290
     0
176
     1
 90
       50
176
     1
 40
0.0
176
     1
 40
1.0
176
     1
 90
        0
176
     1
 62
    18
420
        0
176
     1
 90
       50
176
     1
 90
        3
176
     1
 62
     5
420
      255
176
     1
290
     0
176
     1
 90
       50
176
     1
 90
       50
176
     1
 90
       50
176
     1
290
     0
176
     1
 90
       50
176
     1
 62
   256
176
     0
 40
1.0
176
     0
 90
        2
176
     1
  1
strokes_ogs.tif
176
     1
290
     0
176
     1
 40
1.0
176
     1
 40
1.0
176
     1
  0
VISUALSTYLE
  5
FD
102
{ACAD_REACTORS
330
EF
102
}
330
EF
100
AcDbVisualStyle
  2
Linepattern
 70
    14
177
     3
291
     1
 70
    58
 90
        2
176
     1
 90
        2
176
     1
 90
        1
176
     1
 90
        0
176
     1
 40
0.6
176
     1
 40
30.0
176
     1
 62
     7
420
 16777215
176
     1
 90
        1
176
     1
 90
        4
176
     1
 62
     7
176
     1
 62
   257
176
     1
 90
        7
176
     1
 90
        7
176
     1
 40
1.0
176
     1
 90
        8
176
     1
 62
     7
176
     1
 40
1.0
176
     1
 90
        1
176
     1
 90
        6
176
     1
 90
        2
176
     1
 62
     7
176
     1
 90
        5
176
     1
 90
        0
176
     1
 90
        0
176
     1
290
     0
176
     1
 90
        1
176
     1
 40
0.0
176
     1
 90
        0
176
     1
290
     0
176
     1
290
     1
176
     1
290
     1
176
     1
290
     0
176
     1
290
     0
176
     1
290
     0
176
     1
290
     0
176
     1
290
     0
176
     1
290
     0
176
     1
 90
       50
176
     1
 40
0.0
176
     1
 40
1.0
176
     1
 90
        0
176
     1
 62
    18
420
        0
176
     1
 90
       50
176
     1
 90
        3
176
     1
 62
     5
420
      255
176
     1
290
     0
176
     1
 90
       50
176
     1
 90
       50
176
     1
 90
       50
176
     1
290
     0
176
     1
 90
       50
176
     1
 62
   256
176
     0
 40
1.0
176
     0
 90
        2
176
     1
  1
strokes_ogs.tif
176
     1
290
     0
176
     1
 40
1.0
176
     1
 40
1.0
176
     1
  0
VISUALSTYLE
  5
1E5
102
{ACAD_REACTORS
330
EF
102
}
330
EF
100
AcDbVisualStyle
  2
OverhangOff
 70
    21
177
     3
291
     1
 70
    58
 90
        2
176
     0
 90
        2
176
     0
 90
        0
176
     0
 90
        0
176
     0
 40
0.6
176
     0
 40
30.0
176
     0
 62
     7
420
 16777215
176
     0
 90
        1
176
     0
 90
        4
176
     0
 62
     7
176
     0
 62
   257
176
     0
 90
        1
176
     0
 90
        1
176
     0
 40
1.0
176
     0
 90
        9
176
     2
 62
     7
176
     0
 40
1.0
176
     0
 90
        1
176
     0
 90
        6
176
     0
 90
        2
176
     0
 62
     7
176
     0
 90
        5
176
     0
 90
        0
176
     0
 90
        0
176
     0
290
     0
176
     0
 90
        1
176
     0
 40
0.0
176
     0
 90
        0
176
     0
290
     0
176
     1
290
     1
176
     1
290
     1
176
     1
290
     0
176
     1
290
     0
176
     1
290
     0
176
     1
290
     0
176
     1
290
     0
176
     1
290
     0
176
     1
 90
       50
176
     1
 40
0.0
176
     1
 40
1.0
176
     1
 90
        0
176
     1
 62
    18
420
        0
176
     1
 90
       50
176
     1
 90
        3
176
     1
 62
     5
420
      255
176
     1
290
     0
176
     1
 90
       50
176
     1
 90
       50
176
     1
 90
       50
176
     1
290
     0
176
     1
 90
       50
176
     1
 62
   256
176
     0
 40
1.0
176
     0
 90
        2
176
     1
  1
strokes_ogs.tif
176
     1
290
     0
176
     1
 40
1.0
176
     1
 40
1.0
176
     1
  0
VISUALSTYLE
  5
F9
102
{ACAD_REACTORS
330
EF
102
}
330
EF
100
AcDbVisualStyle
  2
Realistic
 70
     8
177
     3
291
     0
 70
    58
 90
        2
176
     1
 90
        3
176
     1
 90
        0
176
     1
 90
        2
176
     1
 40
0.6
176
     1
 40
30.0
176
     1
 62
     7
420
 16777215
176
     1
 90
        0
176
     1
 90
        0
176
     1
 62
     7
176
     1
 62
   257
176
     1
 90
        1
176
     1
 90
        1
176
     1
 40
1.0
176
     1
 90
        8
176
     1
 62
   257
176
     1
 40
1.0
176
     1
 90
        1
176
     1
 90
        6
176
     1
 90
        2
176
     1
 62
     7
176
     1
 90
        3
176
     1
 90
        0
176
     1
 90
        0
176
     1
290
     0
176
     1
 90
       13
176
     1
 40
0.0
176
     1
 90
        0
176
     1
290
     0
176
     1
290
     1
176
     1
290
     1
176
     1
290
     0
176
     1
290
     0
176
     1
290
     0
176
     1
290
     0
176
     1
290
     0
176
     1
290
     0
176
     1
 90
       50
176
     1
 40
0.0
176
     1
 40
1.0
176
     1
 90
        0
176
     1
 62
    18
420
        0
176
     1
 90
       50
176
     1
 90
        3
176
     1
 62
     5
420
      255
176
     1
290
     0
176
     1
 90
       50
176
     1
 90
       50
176
     1
 90
       50
176
     1
290
     0
176
     1
 90
       50
176
     1
 62
   256
176
     0
 40
1.0
176
     0
 90
        2
176
     1
  1
strokes_ogs.tif
176
     1
290
     0
176
     1
 40
1.0
176
     1
 40
1.0
176
     1
  0
VISUALSTYLE
  5
1F3
102
{ACAD_REACTORS
330
EF
102
}
330
EF
100
AcDbVisualStyle
  2
Shaded
 70
    27
177
     3
291
     0
 70
    58
 90
        2
176
     1
 90
        2
176
     1
 90
        1
176
     1
 90
        2
176
     1
 40
0.6
176
     1
 40
30.0
176
     1
 62
     7
420
 16777215
176
     1
 90
        0
176
     1
 90
        4
176
     1
 62
     7
176
     1
 62
   257
176
     1
 90
        1
176
     1
 90
        1
176
     1
 40
1.0
176
     1
 90
        8
176
     1
 62
   257
176
     1
 40
1.0
176
     1
 90
        1
176
     1
 90
        6
176
     1
 90
        2
176
     1
 62
     8
420
  7895160
176
     1
 90
        3
176
     1
 90
        0
176
     1
 90
        0
176
     1
290
     0
176
     1
 90
        5
176
     1
 40
0.0
176
     1
 90
        0
176
     1
290
     0
176
     1
290
     1
176
     1
290
     1
176
     1
290
     0
176
     1
290
     0
176
     1
290
     0
176
     1
290
     0
176
     1
290
     0
176
     1
290
     0
176
     1
 90
       50
176
     1
 40
0.0
176
     1
 40
1.0
176
     1
 90
        0
176
     1
 62
    18
420
        0
176
     1
 90
       50
176
     1
 90
        3
176
     1
 62
     5
420
      255
176
     1
290
     0
176
     1
 90
       50
176
     1
 90
       50
176
     1
 90
       50
176
     1
290
     0
176
     1
 90
       50
176
     1
 62
   256
176
     0
 40
1.0
176
     0
 90
        2
176
     1
  1
strokes_ogs.tif
176
     1
290
     0
176
     1
 40
1.0
176
     1
 40
1.0
176
     1
  0
VISUALSTYLE
  5
1F2
102
{ACAD_REACTORS
330
EF
102
}
330
EF
100
AcDbVisualStyle
  2
Shaded with edges
 70
    26
177
     3
291
     0
 70
    58
 90
        2
176
     1
 90
        2
176
     1
 90
        1
176
     1
 90
        2
176
     1
 40
0.6
176
     1
 40
30.0
176
     1
 62
     7
420
 16777215
176
     1
 90
        1
176
     1
 90
        2
176
     1
 62
     7
176
     1
 62
   257
176
     1
 90
        2
176
     1
 90
        1
176
     1
 40
1.0
176
     1
 90
        8
176
     1
 62
   257
176
     1
 40
1.0
176
     1
 90
        1
176
     1
 90
        6
176
     1
 90
        2
176
     1
 62
     7
176
     1
 90
        3
176
     1
 90
        0
176
     1
 90
        0
176
     1
290
     0
176
     1
 90
        5
176
     1
 40
0.0
176
     1
 90
        0
176
     1
290
     0
176
     1
290
     1
176
     1
290
     1
176
     1
290
     0
176
     1
290
     0
176
     1
290
     0
176
     1
290
     0
176
     1
290
     0
176
     1
290
     0
176
     1
 90
       50
176
     1
 40
0.0
176
     1
 40
1.0
176
     1
 90
        0
176
     1
 62
    18
420
        0
176
     1
 90
       50
176
     1
 90
        3
176
     1
 62
     5
420
      255
176
     1
290
     0
176
     1
 90
       50
176
     1
 90
       50
176
     1
 90
       50
176
     1
290
     0
176
     1
 90
       50
176
     1
 62
   256
176
     0
 40
1.0
176
     0
 90
        2
176
     1
  1
strokes_ogs.tif
176
     1
290
     0
176
     1
 40
1.0
176
     1
 40
1.0
176
     1
  0
VISUALSTYLE
  5
1EF
102
{ACAD_REACTORS
330
EF
102
}
330
EF
100
AcDbVisualStyle
  2
Shades of Gray
 70
    23
177
     3
291
     0
 70
    58
 90
        2
176
     1
 90
        2
176
     1
 90
        3
176
     1
 90
        0
176
     1
 40
0.6
176
     1
 40
30.0
176
     1
 62
     7
420
 16777215
176
     1
 90
        2
176
     1
 90
        2
176
     1
 62
     7
176
     1
 62
     7
176
     1
 90
        1
176
     1
 90
        1
176
     1
 40
40.0
176
     1
 90
        8
176
     1
 62
     7
176
     1
 40
1.0
176
     1
 90
        1
176
     1
 90
        6
176
     1
 90
        2
176
     1
 62
     7
176
     1
 90
        3
176
     1
 90
        0
176
     1
 90
        0
176
     1
290
     0
176
     1
 90
        1
176
     1
 40
0.0
176
     1
 90
        0
176
     1
290
     0
176
     1
290
     1
176
     1
290
     1
176
     1
290
     0
176
     1
290
     0
176
     1
290
     0
176
     1
290
     0
176
     1
290
     0
176
     1
290
     0
176
     1
 90
       50
176
     1
 40
0.0
176
     1
 40
1.0
176
     1
 90
        0
176
     1
 62
    18
420
        0
176
     1
 90
       50
176
     1
 90
        3
176
     1
 62
     5
420
      255
176
     1
290
     0
176
     1
 90
       50
176
     1
 90
       50
176
     1
 90
       50
176
     1
290
     0
176
     1
 90
       50
176
     1
 62
   256
176
     0
 40
1.0
176
     0
 90
        2
176
     1
  1
strokes_ogs.tif
176
     1
290
     0
176
     1
 40
1.0
176
     1
 40
1.0
176
     1
  0
VISUALSTYLE
  5
1F0
102
{ACAD_REACTORS
330
EF
102
}
330
EF
100
AcDbVisualStyle
  2
Sketchy
 70
    24
177
     3
291
     0
 70
    58
 90
        1
176
     1
 90
        2
176
     1
 90
        2
176
     1
 90
        0
176
     1
 40
0.6
176
     1
 40
30.0
176
     1
 62
     7
420
 16777215
176
     1
 90
        2
176
     1
 90
        2
176
     1
 62
     7
176
     1
 62
     7
176
     1
 90
        1
176
     1
 90
        1
176
     1
 40
40.0
176
     1
 90
       11
176
     1
 62
     7
176
     1
 40
1.0
176
     1
 90
        1
176
     1
 90
        6
176
     1
 90
        2
176
     1
 62
     7
176
     1
 90
        6
176
     1
 90
        0
176
     1
 90
        0
176
     1
290
     0
176
     1
 90
        1
176
     1
 40
0.0
176
     1
 90
        0
176
     1
290
     0
176
     1
290
     1
176
     1
290
     1
176
     1
290
     0
176
     1
290
     0
176
     1
290
     0
176
     1
290
     0
176
     1
290
     0
176
     1
290
     0
176
     1
 90
       50
176
     1
 40
0.0
176
     1
 40
1.0
176
     1
 90
        0
176
     1
 62
    18
420
        0
176
     1
 90
       50
176
     1
 90
        3
176
     1
 62
     5
420
      255
176
     1
290
     0
176
     1
 90
       50
176
     1
 90
       50
176
     1
 90
       50
176
     1
290
     0
176
     1
 90
       50
176
     1
 62
   256
176
     0
 40
1.0
176
     0
 90
        2
176
     1
  1
strokes_ogs.tif
176
     1
290
     0
176
     1
 40
1.0
176
     1
 40
1.0
176
     1
  0
VISUALSTYLE
  5
FC
102
{ACAD_REACTORS
330
EF
102
}
330
EF
100
AcDbVisualStyle
  2
Thicken
 70
    13
177
     3
291
     1
 70
    58
 90
        2
176
     1
 90
        2
176
     1
 90
        1
176
     1
 90
        0
176
     1
 40
0.6
176
     1
 40
30.0
176
     1
 62
     7
420
 16777215
176
     1
 90
        1
176
     1
 90
        4
176
     1
 62
     7
176
     1
 62
   257
176
     1
 90
        1
176
     1
 90
        1
176
     1
 40
1.0
176
     1
 90
       12
176
     1
 62
     7
176
     1
 40
1.0
176
     1
 90
        1
176
     1
 90
        6
176
     1
 90
        2
176
     1
 62
     7
176
     1
 90
        5
176
     1
 90
        0
176
     1
 90
        0
176
     1
290
     0
176
     1
 90
        1
176
     1
 40
0.0
176
     1
 90
        0
176
     1
290
     0
176
     1
290
     1
176
     1
290
     1
176
     1
290
     0
176
     1
290
     0
176
     1
290
     0
176
     1
290
     0
176
     1
290
     0
176
     1
290
     0
176
     1
 90
       50
176
     1
 40
0.0
176
     1
 40
1.0
176
     1
 90
        0
176
     1
 62
    18
420
        0
176
     1
 90
       50
176
     1
 90
        3
176
     1
 62
     5
420
      255
176
     1
290
     0
176
     1
 90
       50
176
     1
 90
       50
176
     1
 90
       50
176
     1
290
     0
176
     1
 90
       50
176
     1
 62
   256
176
     0
 40
1.0
176
     0
 90
        2
176
     1
  1
strokes_ogs.tif
176
     1
290
     0
176
     1
 40
1.0
176
     1
 40
1.0
176
     1
  0
VISUALSTYLE
  5
F6
102
{ACAD_REACTORS
330
EF
102
}
330
EF
100
AcDbVisualStyle
  2
Wireframe
 70
     5
177
     3
291
     0
 70
    58
 90
        0
176
     1
 90
        2
176
     1
 90
        0
176
     1
 90
        0
176
     1
 40
0.6
176
     1
 40
30.0
176
     1
 62
     7
420
 16777215
176
     1
 90
        1
176
     1
 90
        4
176
     1
 62
     7
176
     1
 62
   257
176
     1
 90
        1
176
     1
 90
        1
176
     1
 40
1.0
176
     1
 90
        0
176
     1
 62
   257
176
     1
 40
1.0
176
     1
 90
        1
176
     1
 90
        6
176
     1
 90
        2
176
     1
 62
     7
176
     1
 90
        3
176
     1
 90
        0
176
     1
 90
        0
176
     1
290
     0
176
     1
 90
        1
176
     1
 40
0.0
176
     1
 90
        0
176
     1
290
     0
176
     1
290
     1
176
     1
290
     1
176
     1
290
     0
176
     1
290
     0
176
     1
290
     0
176
     1
290
     0
176
     1
290
     0
176
     1
290
     0
176
     1
 90
       50
176
     1
 40
0.0
176
     1
 40
1.0
176
     1
 90
        0
176
     1
 62
    18
420
        0
176
     1
 90
       50
176
     1
 90
        3
176
     1
 62
     5
420
      255
176
     1
290
     0
176
     1
 90
       50
176
     1
 90
       50
176
     1
 90
       50
176
     1
290
     0
176
     1
 90
       50
176
     1
 62
   256
176
     0
 40
1.0
176
     0
 90
        2
176
     1
  1
strokes_ogs.tif
176
     1
290
     0
176
     1
 40
1.0
176
     1
 40
1.0
176
     1
  0
VISUALSTYLE
  5
1F1
102
{ACAD_REACTORS
330
EF
102
}
330
EF
100
AcDbVisualStyle
  2
X-Ray
 70
    25
177
     3
291
     0
 70
    58
 90
        2
176
     1
 90
        2
176
     1
 90
        1
176
     1
 90
        1
176
     1
 40
0.5
176
     1
 40
30.0
176
     1
 62
     7
420
 16777215
176
     1
 90
        1
176
     1
 90
        0
176
     1
 62
     7
176
     1
 62
   257
176
     1
 90
        1
176
     1
 90
        1
176
     1
 40
1.0
176
     1
 90
        8
176
     1
 62
     7
176
     1
 40
1.0
176
     1
 90
        1
176
     1
 90
        6
176
     1
 90
        2
176
     1
 62
     7
176
     1
 90
        3
176
     1
 90
        0
176
     1
 90
        0
176
     1
290
     0
176
     1
 90
       13
176
     1
 40
0.0
176
     1
 90
        0
176
     1
290
     0
176
     1
290
     1
176
     1
290
     1
176
     1
290
     0
176
     1
290
     0
176
     1
290
     0
176
     1
290
     0
176
     1
290
     0
176
     1
290
     0
176
     1
 90
       50
176
     1
 40
0.0
176
     1
 40
1.0
176
     1
 90
        0
176
     1
 62
    18
420
        0
176
     1
 90
       50
176
     1
 90
        3
176
     1
 62
     5
420
      255
176
     1
290
     0
176
     1
 90
       50
176
     1
 90
       50
176
     1
 90
       50
176
     1
290
     0
176
     1
 90
       50
176
     1
 62
   256
176
     0
 40
1.0
176
     0
 90
        2
176
     1
  1
strokes_ogs.tif
176
     1
290
     0
176
     1
 40
1.0
176
     1
 40
1.0
176
     1
  0
DICTIONARYVAR
  5
146
102
{ACAD_REACTORS
330
5E
102
}
330
5E
100
DictionaryVariables
280
     0
  1
1:1
  0
DICTIONARYVAR
  5
259
102
{ACAD_REACTORS
330
5E
102
}
330
5E
100
DictionaryVariables
280
     0
  1
3.500000
  0
DICTIONARYVAR
  5
25A
102
{ACAD_REACTORS
330
5E
102
}
330
5E
100
DictionaryVariables
280
     0
  1
acadiso.lin
  0
DICTIONARYVAR
  5
145
102
{ACAD_REACTORS
330
5E
102
}
330
5E
100
DictionaryVariables
280
     0
  1
STANDARD
  0
DICTIONARYVAR
  5
84
102
{ACAD_REACTORS
330
5E
102
}
330
5E
100
DictionaryVariables
280
     0
  1
STANDARD
  0
DICTIONARYVAR
  5
227
102
{ACAD_REACTORS
330
5E
102
}
330
5E
100
DictionaryVariables
280
     0
  1
Metric50
  0
DICTIONARYVAR
  5
228
102
{ACAD_REACTORS
330
5E
102
}
330
5E
100
DictionaryVariables
280
     0
  1
Metric50
  0
DICTIONARYVAR
  5
5F
102
{ACAD_REACTORS
330
5E
102
}
330
5E
100
DictionaryVariables
280
     0
  1
2
  0
DICTIONARYVAR
  5
63
102
{ACAD_REACTORS
330
5E
102
}
330
5E
100
DictionaryVariables
280
     0
  1
1
  0
DICTIONARYVAR
  5
1AE
102
{ACAD_REACTORS
330
5E
102
}
330
5E
100
DictionaryVariables
280
     0
  1
0
  0
DICTIONARYVAR
  5
1AF
102
{ACAD_REACTORS
330
5E
102
}
330
5E
100
DictionaryVariables
280
     0
  1
0
  0
DICTIONARY
  5
69C
102
{ACAD_REACTORS
330
69B
102
}
330
69B
100
AcDbDictionary
281
     1
  0
DICTIONARY
  5
69D
102
{ACAD_REACTORS
330
69B
102
}
330
69B
100
AcDbDictionary
281
     1
  0
DICTIONARY
  5
6A6
102
{ACAD_REACTORS
330
6A5
102
}
330
6A5
100
AcDbDictionary
281
     1
  0
DICTIONARY
  5
6A7
102
{ACAD_REACTORS
330
6A5
102
}
330
6A5
100
AcDbDictionary
281
     1
  0
DICTIONARY
  5
752
102
{ACAD_REACTORS
330
751
102
}
330
751
100
AcDbDictionary
281
     1
  0
DICTIONARY
  5
753
102
{ACAD_REACTORS
330
751
102
}
330
751
100
AcDbDictionary
281
     1
  0
DICTIONARY
  5
205
330
22
100
AcDbDictionary
280
     1
281
     1
  0
DICTIONARY
  5
1F9
330
ED
100
AcDbDictionary
280
     1
281
     1
  3
FBXASSET
360
1FA
  0
DICTIONARY
  5
1F7
330
EC
100
AcDbDictionary
280
     1
281
     1
  3
FBXASSET
360
1F8
  0
DICTIONARY
  5
173
330
EE
100
AcDbDictionary
280
     1
281
     1
  3
BUMPTILE
360
175
  3
DIFFUSETILE
360
174
  3
FBXASSET
360
1FB
  3
OPACITYTILE
360
176
  3
REFLECTIONTILE
360
177
  0
DICTIONARY
  5
162
330
7F
100
AcDbDictionary
280
     1
281
     1
  3
ACAD_ROUNDTRIP_2008_TABLESTYLE_CELLSTYLEMAP
360
9B7
  0
XRECORD
  5
1FA
102
{ACAD_REACTORS
330
1F9
102
}
330
1F9
100
AcDbXrecord
280
     1
 70
     1
 90
429727718
  1
D62C5603-E3A1-4AEA-B7FB-FE5D8D0755AF
310
504B03040A0000080000CC70623B3DEE336E79000000790000001B0000006175746F6465736B2D64657369676E2D7061636B6167652E786D6C3C3F786D6C2076657273696F6E3D22312E302220656E636F64696E673D227574662D3822203F3E3C666F726D6174733E3C666F726D61743E687474703A2F2F736368656D612E
310
6175746F6465736B2E636F6D2F64657369676E2D7061636B6167652F323030393C2F666F726D61743E3C2F666F726D6174733E504B0304140006080800CC70623BD486FD9CA0000000F4000000130000005B436F6E74656E745F54797065735D2E786D6C7D8EC10E82300C865F65E91D8A1E8C310C0EEA1BF002731658846E
310
D98AC1B77784ABF1D8FE5FBFBF75BBCE937A534CCEB38643598122B6FEE978D0B0485F9C41B54DDD7D022595594E1A469170414C76A4D9A4D207E29CF43ECE46F218070CC6BECC4078ACAA135ACF422C856C0E68EA1BF5669944DDD7BCDE7B1F8E415D77AECB980613C2E4AC91FC167A2B244592486606FC29C8FD7F045B9A
310
EF7053A7E60B504B0304140006080800CC70623B853B8169EB0000007C01000008000000636F72652E786D6C8D90416EC3201045AF62CDB6C206821CC7C244919D9CA01740401C94182C03558F5F9C3852BBEB6A467FFE9B197D7EFC9E1EC5975982F5AE035262288C535E5B377690E21535501C055FBC8FBF6C503839990E
310
5619041F179FE64D52DE45E362569DD7661365082642A11EB9E920A89B99642953CC8E702F67A9EE7234257977194EC9EAE275C4EABCCF5EAD5940D4AC6F0E35A568B8F43562CD7046CD199FD07E60174276A7BE677B5EADB0E0D14EEFFB6A31321A0D82627C4084204C3F096B71DD52F6819B16635EADF63F509AF53FA164
310
5DDCD1EDDD17164090FCC8732078B56691CB33A85CD7DCC40F504B0304140006080800CC70623B55019EA25F0000007C00000007000000636E782E786D6C4DCB3B0E80201045D1AD90E915ED2CF8AC45050C11660C8261F98AB1B07AC9C97D42D718D865D3E909258CFD00CCE24AC6E326A164D74DC0B4128928FF32603847
310
2BA13128B1252AC747C6BAB984FC68F0B87FE8960A5C09FE86CFB69FBA01504B0304140006080800CC70623BDBABAAF470010000D40300000C0000006662782F636F72652E786D6CC553D16E823014FD95A6AF4B694182CC941A83FA05FB810A9511A125A5257EFE2E82712ECEB8A7F100CD39F7F69E734AF9FADC366850B6
310
AF8DCE7018308C942E4C59EB2AC3DE1D498AD15A706B8CFB56869196ADCAF00863C12B6B7C374385D14E6907A836A59A41D9F7CA615434B0C8705F7CAA5606D23BA8E84F41278B93AC54100640439DE0BDB320004D43C63716C7C399D30917DCFBBA9CD9BA8469F5B156168B24CED3F7248AC8769F27244EB73B92EED8862C
310
B7F13E0C179B3C8F979C8ECD82BBBABDAA2BAC924E9558448CBD9330242CFA08E3154B5651FCC6D215639C8EE5774DBE2B5F6CF2B5768B68963BB5F5588420E442FC700B1139D4CB01F450C1E918227C2E09DF070D8140C84E1E9AAB8F1340832A9CB13130A5F1376A908D57309505ECF2A0DF179C4E9D30F5B239B87E3823
310
7A79C6F31DE1A8A5AEC08474B03C7837EAE4938639B44E5932B833D2C6B6B279CDC613877FA26EE21F4A2A4C63EC7F29A2F301D1F9F7A0E37D145F504B0304140006080800CC70623B9C113CC27E0000009D0000000B0000006662782F636E782E786D6C4DCCDF0A83201C86E15B91DFB94BFB330DD428C8FB886521330DA7
310
6397BF1A1DECE883878F57749FCDA1B7892F1BBC047A23808C7F84D9FA55424E0BE6803A256208E9EF06C84F9B91703228B1C690F78B66B34CD9A5439DF5CF0BFBF65E35BCA1B8D6A5C6F540381E886698B5741C695F9503EBA150A2F8958E3DC3EA0B504B0304140006080800CC70623B7DF2F77C2A010000120200003100
310
00006662782F41393633353835312D344632462D344230382D423046372D3739314545314133324237412F636F72652E786D6C8D51DB8EC22014FC15C2939B0D2DB4B45643319AE817EC0F6041255A68B86CFCFC856D4D76DF7CE190393373060EDB3DC707F856CE6B6B7A480A0C81328395DA5C7B18C3057510EC3873D686
310
3F34088C18550F330C39BB3A1BA7051AAC09CA84841A2BD5020AEF55806078A44B0FFD7053A328440C89E1EFC52486BBB8AA8214A99D789CF9E05200300FC927E4FB4D5B375D43103D5527440FB843077C5AA3F5861C8F645F5787F59E95B390B318B55CE45AA638FAA2957BD7248B390B7A7CC51F9C124149C82B8C378810
310
84AB2F42B7B8DD56F413775B8C5999E9FF4471926F8AA236A1AE96B8B3CC434E5839373893369E1FAF30EA395917409EB7F26AF8801C171837A4A6AC9C89E9F9C9B1A58BA30FD6A5EF5DDDCF894B9AD9B6A59C957943A9FCAE2FD5BC4DFE03504B0304140006080800CC70623BAD7543B64E01000033030000300000006662
310
782F41393633353835312D344632462D344230382D423046372D3739314545314133324237412F636E782E786D6CD593CD6EC32010845F0571AD6CE3D48AD20813A9873E410FBD12D82434182C7EAAE6EDBB2424CD25871E7B41D6EC30B3FA84F9E67BB2E40B4234DE8DB46F1925E094D7C6ED479AD3AE5951B2113C789FEE
310
6C943839C1488B4C05DF079FE72A69D8C96C13AAD6B8631503449F83828872B949AC57D26200B826A308D316B4064D6E46FCDA41C05550DC9E483A00797BFD207EFB092A45DE9514C1BBD22178396BD39D891265658C238DEA00936C654E5E433CB65A26D9F6EDB5EBC14EBF49A45CB856E66048291F6939A9A81BB5C89177
310
38143CA680F4AA299D66A042CEB3354A2684DC9D8D178FE0D9B8B41CAAD720F880EE7EF93C0C18769E099ECC04D5A102C8049A8A05632F4DDF376CF1DE0F6BB65C2F8627B65A33C6BB62177CEBBDAD973006829F89F22E814B54F4BC2BE347F8AA8F681390B50FA73F804400B5F542E796F19FF974E7F78DB802FE05E20750
310
4B0304140006080800CC70623BE75B7789680500003C100000340000006662782F41393633353835312D344632462D344230382D423046372D3739314545314133324237412F6F626A656374732E786D6CAD575B8F9B3818FD2B887D06C22499CB8AA1CA655245D5B455A356FB305264C061D8018C6C3393D95FBFC7600890
310
A4CD5EF210B0B1BFEBF98E3F7B1FF6596ABC522E1296DF9BAE3D320D9A872C4AF2F8DE2CE5CEBA358D0FBEC719939D65A691938CDE9B6ADAF4BD98B3B2D05311DD91329583D9D5FC0F438434A7A611A644887B5384CF34233629258BA878B12322891DEFF6B66BD70BFB62634E8AE781D082709A4B588AF91C528CDA28B73F
310
1C998EEF39EABBEFA97FBD6A7C7E9553F9D3D79FE442923C3C523610337627CB87ABE99D359D4CC6D6E4FACAB5E6ABF9D2726FC6A3C5F56271377BB88362213924694B38DD99FE47C48627A1E7D49F5A8BB5E1A74C0A599ED3B0F21F1E56366B89112D681E218F0915D0D6F17AD41FBA2A369DCF6335D62ABBD39779D5DDD1
310
11D4D8DE3CBB96B2E04FB8202E41051754A1AA8E8F76B4C6DFE810B580B1547F4B84911149794252234D024EF8BBE963A95AE27B3D310A9D5C215C7960FAEE415ED75694C6AFB17BCACA5D99A60A9AA65F217B0BFC53292ACB92BF283FAD0D3621576592CB5BED907C2FA8E9DF794E35E97BEA31BED21FEB401ABB94C44839
310
DCACBF0E1C5DA8DA5B2F4DFFD32AD86F543D9E565E7056502E157C00AD2671CD534549AB752FCA9CDA00677A313F04E51B22FF19E57B300579E3C97EB29F682D92935CEC18CF901B7B54FD8C51F362B56FC72FE0B3C1EAE335EDCCBF5AEC39ADB17DC238973F804BA5E6F6BFE7AF1FB32E523BE9F3BD571418E3631DCA4D48
310
5250CF639223210A9446CA30052EDF057BD35F8329C1ECD84552BF0DC8D18BE7BCE23BFE6BD960AB4A7DE79923A103BEBD80F911CBAA2C60DB19B01CF164A5583B772EE6D3FFA56666CBCDA74DC97724A48F9A58967497E489C4D979006FD7A05E227A1EBDD0F737C623387A9C844D3709995625106D157315F8B8392CD4E0
310
A0B9A720C4BE9829CEF37EA1E13111214D53925356365ADA634861B52519DD27A00AEB808EAF0628E6F435519D446F45CF2C9CF5214F0A15B2F6D06B79DA3EE3CBF7F56780D2F4E7EF73A0F5E5B02A38D07DC852C6B7C1FBB6664213E0C39E3EBA7FF4E1AD23EA2829407C85E586727488B751B2DB9502BC7B228A3FD68B6E
310
A65A22397E690AA8D158D7E404EC8CDA235CC3B7D1898680131CEC2CDF2638C65196279577750F15884AEE19F94199155B92B13297978469D4F8D358DF0AEF7631E28DC8F0D9F437D5D39A83B2231A1D52D543813A824EF8D44BCFF2FA6A31BD1E8DAD87F1CCB526B3879935BF59CDADD5C37479BB1CDD4CA7B3556B516589
310
EF352754B706114D9C885EC9131DE6EFEB43D99AFE2391C2F958179413D7CFEF6B1B6DB1E7600F00DE6E5C67454A339A4BA2E0FBA85ED26F045D454F463DBFCE484C2F90F2E5E3666003662ED8F755951A7D1BECD5B30B550B2785C8E7320B7292A4838DDA71BBC863ED7613CAF659337A3354231D4FF4A182A54904C2898C
310
98B28C4AD0CE056CCF332A80986E571EE9DBC305BB5FEB7E509220A58D25CF042D712A806AC0AD0C657FDEF80D2D9CEAA2EE4D1C76F60BFE74219A06527D6F82DF6412526107381E55E353090704D085B52408A8913C4ED159D79BDA71BB4BC506F4831350EB6F975CD22D69BF7AC49B91A2C0A9DDA3D5CA36AD20FC478E37
310
E61844E2352865EBCB61A275A65283CAAA9DD27703B4102F5AF51EF5F573B75CBB5AD38BC845F7A49F82A0966A49C2E3EA5EA0ECD326CD965F1DB402C6FA8B51A4658C5C5E2EC9E214602E55810345408596591009A82E7E7FFACA19EEA299B14A0081A705CB3296EBC14CDF658DCD336EA6D1136881AAEB87B81AB9EE53D5
310
F5EB8BC8362082DA24122F98680A4E7930C01A0079749CEA14382A0783E5EBA5A10F8C098456A03D6A4AEB6BB881E2513747552A5DB22C7EDAF83BD5528081A365F7FF06504B0304140006080000CC70623B000000000000000000000000350000006662782F41393633353835312D344632462D344230382D423046372D37
310
39314545314133324237412F76657274696365732E62696E504B0304140006080800CC70623BF270F1330600000004000000360000006662782F41393633353835312D344632462D344230382D423046372D3739314545314133324237412F747269616E676C65732E62696E636660600000504B0304140006080000CC7062
310
3B000000000000000000000000370000006662782F41393633353835312D344632462D344230382D423046372D3739314545314133324237412F617474726962757465732E62696E504B0304140006080800CC70623B08DA0BD19000000041010000360000006662782F41393633353835312D344632462D344230382D4230
310
46372D3739314545314133324237412F6469726563746F72792E786D6C858F410AC3201045AF22B36F53E9A60B35CBEEBAE80D244E44489C6234F4F835464A48035D0DF398FF9F8AF63D0E6CC63039F212F8F9020C7D47C6792B21C5FE7403D62A1188E2E60C98D7234A5830286103A55745067B9D86B8A3CF9C7F90C11DE6
310
07FB144396D7B6A82D282E9A152AD114D5EF2CB866EEE831B8EEA07A7BB5A8D7D61A2BAAEB7FD5F70921FF497D00504B0304140006080800CC70623BEDD1DC58FD000000A00100003B0000006662782F41393633353835312D344632462D344230382D423046372D3739314545314133324237412F7265736F75726365732F
310
636F72652E786D6C8D504B6E833010BD0A9A6D65B00922041947112427E8052C33A156828DFCA97AFC9A40A576D7CDCCE87D344F8F9FBFE667F689CE6B6B3A6039850C8DB2A336530731DC4903D95970676DF82583CCC8193B5861107C72362E3BA4AC096842428D1D7107A5F7182053CF7474E0D507CE32973124857FE48B
310
540F3961CEF244279DE03EB81420DB9EAC1384436FA353E879B1B182C7A8C75DA3C7F453DF353A1075D537A7BA6464B8F535A99AE14A9A2BBD90E350DD183B5CFABE3AF262350B1EF4FC9351399401471025A527C218A1E53BAB5A5AB765F5469B96525EACF23FA6B88CFF34456DC2A1DCE36E360F82A5202F42F062ED2BAD
310
579969AFDD8A6F504B010214000A0000080000CC70623B3DEE336E79000000790000001B00000000000000000000000000000000006175746F6465736B2D64657369676E2D7061636B6167652E786D6C504B01021400140006080800CC70623BD486FD9CA0000000F40000001300000000000000000000000000B20000005B
310
436F6E74656E745F54797065735D2E786D6C504B01021400140006080800CC70623B853B8169EB0000007C010000080000000000000000000000000083010000636F72652E786D6C504B01021400140006080800CC70623B55019EA25F0000007C000000070000000000000000000000000094020000636E782E786D6C504B
310
01021400140006080800CC70623BDBABAAF470010000D40300000C00000000000000000000000000180300006662782F636F72652E786D6C504B01021400140006080800CC70623B9C113CC27E0000009D0000000B00000000000000000000000000B20400006662782F636E782E786D6C504B01021400140006080800CC70
310
623B7DF2F77C2A010000120200003100000000000000000000000000590500006662782F41393633353835312D344632462D344230382D423046372D3739314545314133324237412F636F72652E786D6C504B01021400140006080800CC70623BAD7543B64E010000330300003000000000000000000000000000D2060000
310
6662782F41393633353835312D344632462D344230382D423046372D3739314545314133324237412F636E782E786D6C504B01021400140006080800CC70623BE75B7789680500003C10000034000000000000000000000000006E0800006662782F41393633353835312D344632462D344230382D423046372D3739314545
310
314133324237412F6F626A656374732E786D6C504B01021400140006080000CC70623B0000000000000000000000003500000000000000000000000000280E00006662782F41393633353835312D344632462D344230382D423046372D3739314545314133324237412F76657274696365732E62696E504B01021400140006
310
080800CC70623BF270F133060000000400000036000000000000000000000000007B0E00006662782F41393633353835312D344632462D344230382D423046372D3739314545314133324237412F747269616E676C65732E62696E504B01021400140006080000CC70623B0000000000000000000000003700000000000000
310
000000000000D50E00006662782F41393633353835312D344632462D344230382D423046372D3739314545314133324237412F617474726962757465732E62696E504B01021400140006080800CC70623B08DA0BD1900000004101000036000000000000000000000000002A0F00006662782F41393633353835312D344632
310
462D344230382D423046372D3739314545314133324237412F6469726563746F72792E786D6C504B01021400140006080800CC70623BEDD1DC58FD000000A00100003B000000000000000000000000000E1000006662782F41393633353835312D344632462D344230382D423046372D3739314545314133324237412F7265
310
736F75726365732F636F72652E786D6C504B0506000000000E000E0080040000641100000000
  0
XRECORD
  5
1F8
102
{ACAD_REACTORS
330
1F7
102
}
330
1F7
100
AcDbXrecord
280
     1
 70
     1
 90
429727718
  1
30362254-06B7-45E0-A893-8CFA70E3D6BC
310
504B03040A0000080000CC70623B3DEE336E79000000790000001B0000006175746F6465736B2D64657369676E2D7061636B6167652E786D6C3C3F786D6C2076657273696F6E3D22312E302220656E636F64696E673D227574662D3822203F3E3C666F726D6174733E3C666F726D61743E687474703A2F2F736368656D612E
310
6175746F6465736B2E636F6D2F64657369676E2D7061636B6167652F323030393C2F666F726D61743E3C2F666F726D6174733E504B0304140006080800CC70623BD486FD9CA0000000F4000000130000005B436F6E74656E745F54797065735D2E786D6C7D8EC10E82300C865F65E91D8A1E8C310C0EEA1BF002731658846E
310
D98AC1B77784ABF1D8FE5FBFBF75BBCE937A534CCEB38643598122B6FEE978D0B0485F9C41B54DDD7D022595594E1A469170414C76A4D9A4D207E29CF43ECE46F218070CC6BECC4078ACAA135ACF422C856C0E68EA1BF5669944DDD7BCDE7B1F8E415D77AECB980613C2E4AC91FC167A2B244592486606FC29C8FD7F045B9A
310
EF7053A7E60B504B0304140006080800CC70623B1EC5D7A3EB0000007C01000008000000636F72652E786D6C8D90416EC3201045AF82665B6103C6756C6122AB4D4ED00B204C5C94182C03558F5F9C3852BBEB6A467FFE9B197D71FC9E6FE8CBACC17AD7032D0820E3B41FAD9B7A48F1820F808E52ACDEC75F36404ECDA687
310
4D0629A6D5A76597B477D1B89855E747B38B2A041301E95B6E7A08FAD3CCAA50296647B8168BD2573599823EBB0CA76447F43862C7BCCF5EAC59410E4DDD9C7973C2755553CCCFA4C603E3040F1565ED3B1FDE4E432BCA0D9622DAF9795FAF464533826484B498524CD807E51D79ED187F21878E10516EF63F505AC67F42C9
310
BA58B1FDDD071640D2FCC87D2045B96591CB3DA85CB7DCE40F504B0304140006080800CC70623B55019EA25F0000007C00000007000000636E782E786D6C4DCB3B0E80201045D1AD90E915ED2CF8AC45050C11660C8261F98AB1B07AC9C97D42D718D865D3E909258CFD00CCE24AC6E326A164D74DC0B4128928FF32603847
310
2BA13128B1252AC747C6BAB984FC68F0B87FE8960A5C09FE86CFB69FBA01504B0304140006080800CC70623B8C9102E971010000D40300000C0000006662782F636F72652E786D6CC5535B6E833010BC8AE5DF0A6C08340F1947A84D4ED00B38C6A128602363A31CBFCB234A53A551FA553EC09AD9F5CE8C31DB9E9B1AF5CA
310
7695D1198E428A91D2D214952E33ECDD315861B4E5CC1AE3BE9561A445A3323CC098B3D21ADFCE9034DA29ED00D5A6503328BA4E398C640D8B0C77F253352214DE4145770A5B214FA2546114020D759C75CE8200340D19DE981F0F6746269C33EFAB6266AB02A655C74A59CCF365BADC27CB5D902ED22848F6340DF238A141
310
BE88E2F57B92BFEDF23523433367AE6A2EEAA455C2A902F398D2751045018D3FA264435F3771F242571B4A1919CA6F9A7C5B3CD9E42BED16F12C776AEB308F40C848FC700B1139D4891EF410CEC810227CC6846F8386402064270EF5C5C709A05E49676C024C61FC95EA45ED154CA5211D1FF4FB8291A913A68E9B83EBBB33
310
E2A7673CDE118E5AE8124C0807CB8377834E366998436B950D7A7746DAD846D4CFD978E0F04FD455FC5D49D2D4C6FE9722321F10997F0F32DC47FE05504B0304140006080800CC70623BFFEA85907E0000009D0000000B0000006662782F636E782E786D6C4DCCD10A83201886E15B91FFDC95D95A811AB6F23E625948A6C3
310
E9D8E5AF46073BFAE0E1E365ED67B3E8ADC3CB78C7815C7240DA3DFC64DCC221C519D7805AC182F7F1EF06C88D9BE6703008B6049F9E274D7A1E938DBB5AE3D6131B2589BA0D3D965551E0B2EA732C9B9A624AAEB41E3A557677029960D9AFB4EF11165F504B0304140006080800CC70623B4FEEA4082C0100001202000031
310
0000006662782F39464131463745442D413632322D343644302D413938332D3331353338454246344243312F636F72652E786D6C8D515B6EC32010BC0AE2AB55850DD871ED0813254D72825EC00192A2C460F1A872FC42ED48ED5F7E00CDCECCCEB26C731F6FE05B39AFADE921293004CA082BB5B9F43086336A21D870E6AC
310
0D7F68109861543DCC30E4ECE26C9C164858139409093556AA051CBC570102714B8F1E7AF1A5C6A11862480C7F2DA6415C878B2A4891CA89C7990F2E050073937C42DE1DB7E4F87ED8A36D4329AA9B3D46DBAEAD504556557BD81DEBDD0761E52CE42C462D17B996298E3E6BE59E35C962CE821E1FF18553435012728A7187
310
0841987E927A8D9B35ADDF70BBC6989599FE4F1427F9A4286A132ABAC49D651EF234CD5CE04CDA78BA3DC2A8FB645D00B9DF8B57E215725C60BCA2A463E54C4CE327C7A65E1C7DB02E7DEFCBF594B864C5CA6CDBD49C957943E9FA5D5FBAF336F90F504B0304140006080800CC70623BAD7543B64E01000033030000300000
310
006662782F39464131463745442D413632322D343644302D413938332D3331353338454246344243312F636E782E786D6CD593CD6EC32010845F0571AD6CE3D48AD20813A9873E410FBD12D82434182C7EAAE6EDBB2424CD25871E7B41D6EC30B3FA84F9E67BB2E40B4234DE8DB46F1925E094D7C6ED479AD3AE5951B2113C
310
789FEE6C943839C1488B4C05DF079FE72A69D8C96C13AAD6B8631503449F83828872B949AC57D26200B826A308D316B4064D6E46FCDA41C05550DC9E483A00797BFD207EFB092A45DE9514C1BBD22178396BD39D891265658C238DEA00936C654E5E433CB65A26D9F6EDB5EBC14EBF49A45CB856E66048291F6939A9A81BB5
310
C8917738143CA680F4AA299D66A042CEB3354A2684DC9D8D178FE0D9B8B41CAAD720F880EE7EF93C0C18769E099ECC04D5A102C8049A8A05632F4DDF376CF1DE0F6BB65C2F8627B65A33C6BB62177CEBBDAD973006829F89F22E814B54F4BC2BE347F8AA8F681390B50FA73F804400B5F542E796F19FF974E7F78DB802FE05
310
E207504B0304140006080800CC70623B16AB87BA640500003C100000340000006662782F39464131463745442D413632322D343644302D413938332D3331353338454246344243312F6F626A656374732E786D6CAD575B6FA33818FD2B887DE6924B3BED8A326A92B68A663B534DD4D13E548A0C38942D60649B369D5FBFC7
310
600890A493BDE42160637FD7F31D7FF63E6FB3D478A55C242CBF3247B66B1A340F5994E4F19559CA8D75611A9F7D8F33263BCB4C232719BD32D5B4E97B316765A1A722BA21652A07B3B7B33F0D11D29C9A46981221AE4C113ED38CD8A4942CA2E2C58E882476BCD9DA23BB5ED8171B73523C0F841684D35CC252CCE79062D4
310
468DFA43D7747CCF51DF7D4FFDEB5593E3AB9CCA9FBEFE241792E4E19EB28198C968BAB8199F5D5A67D3E9C49A9E8F47D6EC76B6B0469F26EEFC7C3EBFBCBEB98462213924694B38DD98FE1D62C393D073EA4FADC5DAF04326852CCF6958F90F0F2B9BB5C48816348F90C7840A68EB78EDF68723159BCEE7891A6B95DDE9D3
310
BCEAEEE8086A6C6F9E5D4B59F0175C10A7A0820BAA5055C7473B5AE3CFDD452D602CD5DF12616444529E90D448938013FE6EFA58AA96F85E4F8C42275708571E98FE6827AF6B2B4AE3D7D83D64E5A64C53054DD3AF90BD06FEA9149565C94FCA0F6B834DC85599E4F2423B24DF0B6AFA979E534DFA9E7A4CC6FA631D486393
310
921829879BF5D781A373557BCB85E97FB90DB62B558F8795179C15944B051F40AB495CF35451D26A4727654E6D8033BD98EF82F21D91FF8AF2DD9982BCF1643BDD4EB516C9492E368C67C88DED563FC36D5EACF66DFF057C3658BDBFA69DF9578B3DA735B64F18C7F20770A9D45CFCF7FCF563D6456A277DBEF78A02637CA2
310
43B90A490AEAB94F72244481D24819A6C0E59B606BFA4B3025981DBB48EAB701D97BF19C577CC77F2D1B6C55A9EF3C732474C0B727303F625995056C3B02963D9EAC146BE78EC5FCEC7FA999EBC5EACBAAE41B12D27B4D2C0BBA49F244E2ECDC81B76B502F113D8F5EE8FB1BE3111CDD4FC2AA9B844CAB1288B68AB90A7CDC
310
1C166AB0D3DC5310625FCC14E779BFD0709F8890A629C9292B1B2DED31A4B0DA928CEE135085754027E3018A397D4D5427D15BD1330B677DC8934285AC3DF45A9EB68FF8F2B8FC0A509AFEECFD0FF2DE25CC6047F7214B195F07EFEB9A094D800F7BFAE8FED187B78EA8A3A400F115961BCAD1215E47C966530AF0EE8128FE
310
58CEBB996A8964FFA529A046635D9353B0336A8F700DDF46271A024E70B0B37C9DE01847591E54DED53D54202AB947E4076556AC49C6CA5C9E1226B7F1A7B1BE15DEED62C41B91E1B3E9AFAAA735036547343A925075041DF0A9979E893B391F8FCFA6967B3EFB644DCF6E5CEBFAE272625DCC6FAF3FB93793C5F90CE1EF57
310
407342756B10D1C489E8953CD1617E5CEECAD6F4EF8914CE5D5D504E5C3F1F9736DA62CFC11E00BCDDB8CC8A9466349744C1F75EBDA4DF09BA8A9E8C7A7E9991989E20E5DBDD6A6003664ED8F7A04A8DBE0DF6EAD9B9AA858342E47399053949D2C146EDB85DE4B176BB0965FBAC19BD19AA918E27FA50C1D22402E144464C
310
59462568E704B6E71915404CB72B8FF4EDE184DDAF753F284990D2C6926782963815403548A70C657FDEF80D2D9CEAA2AE4C1C76F60BFE74219A06527D6582DF6412526107381E55E353090704D085B52408D0933C4ED159D79BDA71BB4BC506F4831350EB6F979CD22D69BF7AC49B91A2C0A9DDA3D5CA36AD20FC478E37E6
310
1844E2352865EBCB6EA275A652E3836BE04EFB400BF1A2556F515F1FBB35B2AB35BD889C744FFA1004B5544B121E57F70215746DD2F5E2C1412B602CBF19455AC6C8E5E9922C4E01E65215385004546899059180EAFCF7A707CE7017CD8CDB0410789AB32C63B91E5CEBBBACB17AC6CD347A022D5075FD106377347AAABA7E
310
7D11590744509B44E205134DC1290F06580320F78E537D3D73540E06CB970B431F185308AD40BBD794D6D77003C5A36E8EAA54BA64597CD8F83BD552A080A365F7FF06504B0304140006080000CC70623B000000000000000000000000350000006662782F39464131463745442D413632322D343644302D413938332D3331
310
353338454246344243312F76657274696365732E62696E504B0304140006080800CC70623BF270F1330600000004000000360000006662782F39464131463745442D413632322D343644302D413938332D3331353338454246344243312F747269616E676C65732E62696E636660600000504B0304140006080000CC70623B
310
000000000000000000000000370000006662782F39464131463745442D413632322D343644302D413938332D3331353338454246344243312F617474726962757465732E62696E504B0304140006080800CC70623B08DA0BD19000000041010000360000006662782F39464131463745442D413632322D343644302D413938
310
332D3331353338454246344243312F6469726563746F72792E786D6C858F410AC3201045AF22B36F53E9A60B35CBEEBAE80D244E44489C6234F4F835464A48035D0DF398FF9F8AF63D0E6CC63039F212F8F9020C7D47C6792B21C5FE7403D62A1188E2E60C98D7234A5830286103A55745067B9D86B8A3CF9C7F90C11DE607
310
FB144396D7B6A82D282E9A152AD114D5EF2CB866EEE831B8EEA07A7BB5A8D7D61A2BAAEB7FD5F70921FF497D00504B0304140006080800CC70623B0D6EF93BFE000000A00100003B0000006662782F39464131463745442D413632322D343644302D413938332D3331353338454246344243312F7265736F75726365732F63
310
6F72652E786D6C8D50596E833010BD0A9ADFCA60B334011947A8694ED00B586642AC041B79A97AFC9A40A5F6AF3F33A3B7689E1E3F7DCD8FEC139DD7D6F4C0720A191A65476DA61E62B892236427C19DB5E1970C322367EC618541F0C9D9B8EC90B226A009093576C41D94DE63804C3DD2D18357379C652E63480A7FCF17A9
310
EE72C29CE5894E3AC17D702940B63D59270887DE46A7D0F36263058F518FBB468FE9A7BE6A7420864373B8D4873369AA8691FA421B3294352543C5CAF65C0F6FEF43CB8BD52C78D0F34F46E550061C419494B6843142CB0F5677F4B52BEB177AEC28E5C52AFF638ACBF84F53D42654E51E77B379102C05791282176B5F693D
310
CB4C7BED567C03504B010214000A0000080000CC70623B3DEE336E79000000790000001B00000000000000000000000000000000006175746F6465736B2D64657369676E2D7061636B6167652E786D6C504B01021400140006080800CC70623BD486FD9CA0000000F40000001300000000000000000000000000B20000005B
310
436F6E74656E745F54797065735D2E786D6C504B01021400140006080800CC70623B1EC5D7A3EB0000007C010000080000000000000000000000000083010000636F72652E786D6C504B01021400140006080800CC70623B55019EA25F0000007C000000070000000000000000000000000094020000636E782E786D6C504B
310
01021400140006080800CC70623B8C9102E971010000D40300000C00000000000000000000000000180300006662782F636F72652E786D6C504B01021400140006080800CC70623BFFEA85907E0000009D0000000B00000000000000000000000000B30400006662782F636E782E786D6C504B01021400140006080800CC70
310
623B4FEEA4082C0100001202000031000000000000000000000000005A0500006662782F39464131463745442D413632322D343644302D413938332D3331353338454246344243312F636F72652E786D6C504B01021400140006080800CC70623BAD7543B64E010000330300003000000000000000000000000000D5060000
310
6662782F39464131463745442D413632322D343644302D413938332D3331353338454246344243312F636E782E786D6C504B01021400140006080800CC70623B16AB87BA640500003C1000003400000000000000000000000000710800006662782F39464131463745442D413632322D343644302D413938332D3331353338
310
454246344243312F6F626A656374732E786D6C504B01021400140006080000CC70623B0000000000000000000000003500000000000000000000000000270E00006662782F39464131463745442D413632322D343644302D413938332D3331353338454246344243312F76657274696365732E62696E504B01021400140006
310
080800CC70623BF270F133060000000400000036000000000000000000000000007A0E00006662782F39464131463745442D413632322D343644302D413938332D3331353338454246344243312F747269616E676C65732E62696E504B01021400140006080000CC70623B0000000000000000000000003700000000000000
310
000000000000D40E00006662782F39464131463745442D413632322D343644302D413938332D3331353338454246344243312F617474726962757465732E62696E504B01021400140006080800CC70623B08DA0BD190000000410100003600000000000000000000000000290F00006662782F39464131463745442D413632
310
322D343644302D413938332D3331353338454246344243312F6469726563746F72792E786D6C504B01021400140006080800CC70623B0D6EF93BFE000000A00100003B000000000000000000000000000D1000006662782F39464131463745442D413632322D343644302D413938332D3331353338454246344243312F7265
310
736F75726365732F636F72652E786D6C504B0506000000000E000E0080040000641100000000
  0
XRECORD
  5
175
102
{ACAD_REACTORS
330
173
102
}
330
173
100
AcDbXrecord
280
     1
270
     1
271
     1
  0
XRECORD
  5
174
102
{ACAD_REACTORS
330
173
102
}
330
173
100
AcDbXrecord
280
     1
270
     1
271
     1
  0
XRECORD
  5
1FB
102
{ACAD_REACTORS
330
173
102
}
330
173
100
AcDbXrecord
280
     1
 70
     0
 90
1673772943
  1
ECE7A1D2-D628-4531-984C-D00F80459256
310
504B03040A0000080000CC70623B3DEE336E79000000790000001B0000006175746F6465736B2D64657369676E2D7061636B6167652E786D6C3C3F786D6C2076657273696F6E3D22312E302220656E636F64696E673D227574662D3822203F3E3C666F726D6174733E3C666F726D61743E687474703A2F2F736368656D612E
310
6175746F6465736B2E636F6D2F64657369676E2D7061636B6167652F323030393C2F666F726D61743E3C2F666F726D6174733E504B0304140006080800CC70623BD486FD9CA0000000F4000000130000005B436F6E74656E745F54797065735D2E786D6C7D8EC10E82300C865F65E91D8A1E8C310C0EEA1BF002731658846E
310
D98AC1B77784ABF1D8FE5FBFBF75BBCE937A534CCEB38643598122B6FEE978D0B0485F9C41B54DDD7D022595594E1A469170414C76A4D9A4D207E29CF43ECE46F218070CC6BECC4078ACAA135ACF422C856C0E68EA1BF5669944DDD7BCDE7B1F8E415D77AECB980613C2E4AC91FC167A2B244592486606FC29C8FD7F045B9A
310
EF7053A7E60B504B0304140006080800CC70623BD9DDAED0EC0000007C01000008000000636F72652E786D6C8D90416EC3201045AF82665B61836D9CD8C2444DD39CA01740405C94182C03558F5F9C3852BBEB6A467FFE9B197D7EF89E6EE8CB2CC17A37002D0820E394D7D68D03A478C17B4007C117EFE32F1B20272733C0
310
2A83E0E3E2D3BC49CABB685CCCAAF3DA6CA20CC14440EA969B0182FA34932C648AD911AEC52CD5558EA6A0CF2EC329598D1E47ACCEFBECC59A050463A7EA5833865FEBDD0E37353BE3EE8DBDE3F6786A48D375FBF6CC78B9C282473B3DEFABC5C86834888A900E538A49F5419B9EB47DD5BC907D4F082F57FB1F28CDFA9F50
310
B22ED6D5F6EE030B20687EE43E10BC5CB3C8E51E54AE6B6EE207504B0304140006080800CC70623B55019EA25F0000007C00000007000000636E782E786D6C4DCB3B0E80201045D1AD90E915ED2CF8AC45050C11660C8261F98AB1B07AC9C97D42D718D865D3E909258CFD00CCE24AC6E326A164D74DC0B4128928FF326038
310
472BA13128B1252AC747C6BAB984FC68F0B87FE8960A5C09FE86CFB69FBA01504B0304140006080800CC70623BA24EB22D72010000D40300000C0000006662782F636F72652E786D6CC5535B6E833010BC8AE5DF0A6C5E49888CA3A6694ED00B38E05014B091B1518EDFE511A5A9D228FD2A1F60CDEC7A67C6986DCE4D8D7A
310
69BA4AAB0C073EC548AA5C17952A33ECECD15B61B4E1CC686DBF9561A44423333CC098B3D268D7CE50AE9595CA02AA74216750749DB418E5352C32DCE59FB211BE70162ABA93DF8AFC244AE9073ED050C759670D0840D390E18DF9F1706664C23973AE2A66B62A605A75ACA4C13C4976E1364A12EF355A2EBD384AF65EFA96
310
BC7B8BED2EA6719AAE16FB8491A199335B351775B991C2CA02F390D2D40B028F861F41BCA68B7518BFD0D59A524686F29B26D7164F36B94AD9289CE54E6D1DE6010819891F6E21228B3AD1831EC219194284CF98F06DD01008846CC5A1BEF83801D4CBDC6A1303536877A57A513B0953A94FC707FDBE6064EA84A9E3E6E0FA
310
EE8CF0E9198F7784A316AA0413C2C2F2E0ECA0934D1AE6D05A69BCDE9E91D2A611F573361E38FC1375157F5752AE6B6DFE4B11990F88CCBF0719EE23FF02504B0304140006080800CC70623B408A7D3B7C0000009D0000000B0000006662782F636E782E786D6C4DCCD10A83201886E15B91FFDC552A92A0064DBC8F581632
310
D3703A76F9ABD1C18E3E78F878E5F0D9027ABBFCF2292AE86E2D20171F69F6715550CB827B40839639A5F2770314A7CD293819B45C73AAFB45B35BA61ACAA1C1C7E7855C58C15BC331339661262CC762340413D68D77DA5B42298546CBE6573AF60CEB2F504B0304140006080800CC70623B449FB9BD290100001202000031
310
0000006662782F36394639363044362D344446342D343946362D394244322D3234314243333846323333332F636F72652E786D6C8D515B6EC32010BC0AE22B55850D98B871848994463E412FE002495162B07854397EA176A4F62F3F2C9A9D991D587EB84F37F0AD7D30CEF6905418026DA553C65E7A98E219ED203808EE9D
310
8B7F6810D871D23D2C3014FCE25D9A57483A1BB58D19B54EE9151C43D0110279CB971E06F9A5A7B11A53CC8C70ADE6515EC78BAE4895DB992778883E0700CB907242D17643D7E2538BD869608875438BBAE38922CAC8F1BDD90DB4691A5E2F42C153326A951B95E398B3D1FE599322163C9AE9115F7A3D46ADA0A018778810
310
84E907617BDCEE297BC5BB3DC6BC2EF47FA234AB2745C9D8D8D035EE220B50105E2F0DC1954B9FB747187D9F9D8FA0CCDB042D5FA0C015C65B42DF78BD10F3F3B363CB56C7109DCFDFBBB97E662ED92EB62D13BC2E1BCAE5777DB9966D8A1F504B0304140006080800CC70623BAD7543B64E01000033030000300000006662
310
782F36394639363044362D344446342D343946362D394244322D3234314243333846323333332F636E782E786D6CD593CD6EC32010845F0571AD6CE3D48AD20813A9873E410FBD12D82434182C7EAAE6EDBB2424CD25871E7B41D6EC30B3FA84F9E67BB2E40B4234DE8DB46F1925E094D7C6ED479AD3AE5951B2113C789FEE
310
6C943839C1488B4C05DF079FE72A69D8C96C13AAD6B8631503449F83828872B949AC57D26200B826A308D316B4064D6E46FCDA41C05550DC9E483A00797BFD207EFB092A45DE9514C1BBD22178396BD39D891265658C238DEA00936C654E5E433CB65A26D9F6EDB5EBC14EBF49A45CB856E66048291F6939A9A81BB5C89177
310
38143CA680F4AA299D66A042CEB3354A2684DC9D8D178FE0D9B8B41CAAD720F880EE7EF93C0C18769E099ECC04D5A102C8049A8A05632F4DDF376CF1DE0F6BB65C2F8627B65A33C6BB62177CEBBDAD973006829F89F22E814B54F4BC2BE347F8AA8F681390B50FA73F804400B5F542E796F19FF974E7F78DB802FE05E20750
310
4B0304140006080800CC70623B8D05915C650500003B100000340000006662782F36394639363044362D344446342D343946362D394244322D3234314243333846323333332F6F626A656374732E786D6CAD575B6FA33814FE2B887D06429276DA1565D4266D158D3A339A6846FB502932E050B66023DB74D2FDF5FB190C01
310
9276B2973C046C8ECFF53B17071F77456EBD502133CEAE6CDF9DD81665314F32965ED995DA3A17B6F5310C04E7AA47665B8C14F4CAD6DB7618A48257A5D94AE89654B91AEDDEDDFC61C998326A5B714EA4BCB265FC440BE2924AF184CA6737218AB8E976E7FA6E4338649B0A523E8D98964450A6A029F619B8588D52FE7039
310
B1BD30F0F4F730D0FF866AF6369557DB33949F31A9088B0F848DD8CCFCF9F2767A76E99CCDE733677E3EF59D9BBB9BA5E37F984D16E78BC5E5F5ED25044B25C0C96822E8D60EEFE11B91C581D77CEA34368A1F5329E68CD1B8B61F16D63A1B8E092D294B10C78C4A48EB593D192E7DED9BDEE7995E1B91FDEDD3ACEA9FE831
310
6A756F9F7D4D79F4274C90A7A04248AA51D5F8C718DAE06FB2F75AC4796EBE65D22A88A22223B995679120E2D50E41AA49C260C046A35368846B0BECD0DFF3EBEB8AD4F835768F69B9ADF25C43D30E6B646F807FAA64AD59F61715C7A54127C4AACA98BA3006A9D792DAE165E0D59B61A01FB3A9F9D838D2DAE62445C86166
310
F37564E842E7DE6A69879FEEA2DD5AE7E371E1A5E025154AC307D06A03D73EB5978C58FFA4C8E9033066E0F3BD53BEC1F39F91BE7B55103791EDE6BBB991A2046172CB4581D8B893FA674DDA17A77B3B7C413D1B511FD2743BFF8A38F03A658705E3ADF8015C3A3417FF3D7E439FF591DA0B5F18BC20C1B8981957AE6392A3
310
F43C640C01D1A0B4728E2DD4F26DB4B3C3152A252A3B4E913CEC1C72F012782FF88EFF8637AA552DBEF76408E8A8DE9E50F9E1CB3A2DA0DB1B6039A893B56063DC5B3E3FFB5F72E67AB9FEB4AEC496C4F4C1149625DD662C53E89D7BF0F6151A046260D1337DFDC94502430F83B0EE07A130A224BCAD7DAE1D9FB6CD422FF6
310
920702629C4BB9AE79C12F243C6432A6794E18E5552BA56B431AAB5D91317302B2B071E86C3A42B1A02F999E24061403B5D0EB639195DA655DD3EBEAB4FB862DDF579F014AD0E73C22F99E28DA57FB98E75C6CA2D74D53086D600F4786E0FE3144B771A8A7B900F03594DB8A633CBC49B2EDB69228BB479CF863B5E807AAAB
310
23872F6DFEB4129B949CA33823F58830E86D65621E10047D9DB34D862E8EAC3C2ABC2F7B2C40D67CDFE01F5545B92105AF983AC54D93D69E56FB8E797F88913F898A9FEC705D3F9D1B54EC8426FB500D40A03BD0119B06E1B95DDC7EB8F6975367793EBD70E66733DFB9BC982F9CE564727731999F5D4ECFCE3B8D6A4DC2A0
310
6D50FD148437D110834A64C6CDDF57FBACB5C307A2A477DFE4939736CFEF2B175371E0E10CF0DD1D5C15654E0BCA14D1E87DD02FF93782A162C0A3D95F1524A52770F972BF1EE9809D13CE7DD599467F8ECE9ADD85CE85A34CD45355448C64F9E8A031DC2D596ACC6E5DD93D9B82DE2EF5CAF81363A8E47996A0DE24564A79
310
4115AACE09C55E14540231FDA13C319787134EBF34E3A022514E5B4D9E0826E25C02D5805B15ABE1BEF51B26383D445DD9E875EE33FE4C22DA16427D65A3BCA92CA6D28DD01DF5DC53330704308475351050232CCD31583787BA75774AFB06E5070DD0C8EF484E19968C5D83BA5B90B244D31E54D55A372320FE4786B7EA58
310
44E135AA5467CB7EA333A61683CC6A8C3257034C10CF46F40EF9F5BE59BE5BD30C3C72D235E95D10345C1D45445A5F0BB47E46A5EBE5570F9380B5FA629579952296A773720405982B9DE04011506178964401AA8BDF1FBF0A8EAB6861DD6580C0E38217056766716DAEB2D6FA0917D3E4116581EADB879C4E7CFFB11EFACD
310
3D641311495D92C8676CB409A72D18610D803CE8A626049E8EC1887CB5B44CC39883690DDA8399B4B9855B481E7D71D4A9D22F96E5BB73BF5793020C02137BF837504B0304140006080000CC70623B000000000000000000000000350000006662782F36394639363044362D344446342D343946362D394244322D32343142
310
43333846323333332F76657274696365732E62696E504B0304140006080800CC70623BF270F1330600000004000000360000006662782F36394639363044362D344446342D343946362D394244322D3234314243333846323333332F747269616E676C65732E62696E636660600000504B0304140006080000CC70623B0000
310
00000000000000000000370000006662782F36394639363044362D344446342D343946362D394244322D3234314243333846323333332F617474726962757465732E62696E504B0304140006080800CC70623B08DA0BD19000000041010000360000006662782F36394639363044362D344446342D343946362D394244322D
310
3234314243333846323333332F6469726563746F72792E786D6C858F410AC3201045AF22B36F53E9A60B35CBEEBAE80D244E44489C6234F4F835464A48035D0DF398FF9F8AF63D0E6CC63039F212F8F9020C7D47C6792B21C5FE7403D62A1188E2E60C98D7234A5830286103A55745067B9D86B8A3CF9C7F90C11DE607FB14
310
4396D7B6A82D282E9A152AD114D5EF2CB866EEE831B8EEA07A7BB5A8D7D61A2BAAEB7FD5F70921FF497D00504B0304140006080800CC70623BCA768048FE000000A00100003B0000006662782F36394639363044362D344446342D343946362D394244322D3234314243333846323333332F7265736F75726365732F636F72
310
652E786D6C8D50596E833010BD0A9ADFCA60D600328E9AA639412F609909B1126CE4A5EAF16B0295DABFFECC8CDEA2797AECF8353F924FB44E193D409E5248504B332A3D0D10FC95B4901C39B3C6F85F3248B49871801506CE266BC2B243D2688FDA47549B11775038871E12F988C7004EDE7016A9083E2ADC3D5D84BC8B09
310
D33C8D74D471E6BC8D0192EDC93A815B742658898E651BCB59086ADC356A8C3FD555A1055ED7E7E254D615792D0F075295F585746FF53B694EE78A565DD736979A65AB9933AFE69F8CD2A2F038022F28ED489E135A7CE4554F9BBEA85E68DB53CAB255FEC71496F19FA6A0B42F8B3DEE6673C0F318E4497096AD7DC5F52C33
310
EEB55BFE0D504B010214000A0000080000CC70623B3DEE336E79000000790000001B00000000000000000000000000000000006175746F6465736B2D64657369676E2D7061636B6167652E786D6C504B01021400140006080800CC70623BD486FD9CA0000000F40000001300000000000000000000000000B20000005B436F
310
6E74656E745F54797065735D2E786D6C504B01021400140006080800CC70623BD9DDAED0EC0000007C010000080000000000000000000000000083010000636F72652E786D6C504B01021400140006080800CC70623B55019EA25F0000007C000000070000000000000000000000000095020000636E782E786D6C504B0102
310
1400140006080800CC70623BA24EB22D72010000D40300000C00000000000000000000000000190300006662782F636F72652E786D6C504B01021400140006080800CC70623B408A7D3B7C0000009D0000000B00000000000000000000000000B50400006662782F636E782E786D6C504B01021400140006080800CC70623B
310
449FB9BD290100001202000031000000000000000000000000005A0500006662782F36394639363044362D344446342D343946362D394244322D3234314243333846323333332F636F72652E786D6C504B01021400140006080800CC70623BAD7543B64E010000330300003000000000000000000000000000D20600006662
310
782F36394639363044362D344446342D343946362D394244322D3234314243333846323333332F636E782E786D6C504B01021400140006080800CC70623B8D05915C650500003B10000034000000000000000000000000006E0800006662782F36394639363044362D344446342D343946362D394244322D32343142433338
310
46323333332F6F626A656374732E786D6C504B01021400140006080000CC70623B0000000000000000000000003500000000000000000000000000250E00006662782F36394639363044362D344446342D343946362D394244322D3234314243333846323333332F76657274696365732E62696E504B010214001400060808
310
00CC70623BF270F13306000000040000003600000000000000000000000000780E00006662782F36394639363044362D344446342D343946362D394244322D3234314243333846323333332F747269616E676C65732E62696E504B01021400140006080000CC70623B00000000000000000000000037000000000000000000
310
00000000D20E00006662782F36394639363044362D344446342D343946362D394244322D3234314243333846323333332F617474726962757465732E62696E504B01021400140006080800CC70623B08DA0BD190000000410100003600000000000000000000000000270F00006662782F36394639363044362D344446342D
310
343946362D394244322D3234314243333846323333332F6469726563746F72792E786D6C504B01021400140006080800CC70623BCA768048FE000000A00100003B000000000000000000000000000B1000006662782F36394639363044362D344446342D343946362D394244322D3234314243333846323333332F7265736F
310
75726365732F636F72652E786D6C504B0506000000000E000E0080040000621100000000
  0
XRECORD
  5
176
102
{ACAD_REACTORS
330
173
102
}
330
173
100
AcDbXrecord
280
     1
270
     1
271
     1
  0
XRECORD
  5
177
102
{ACAD_REACTORS
330
173
102
}
330
173
100
AcDbXrecord
280
     1
270
     1
271
     1
  0
CELLSTYLEMAP
  5
9B7
102
{ACAD_REACTORS
330
162
102
}
330
162
100
AcDbCellStyleMap
 90
        3
300
CELLSTYLE
  1
TABLEFORMAT_BEGIN
 90
        5
170
     1
 91
        0
 92
    32768
 62
   257
 93
        1
300
CONTENTFORMAT
  1
CONTENTFORMAT_BEGIN
 90
        0
 91
        0
 92
      512
 93
        0
300

 40
0.0
140
1.0
 94
        5
 62
     0
340
11
144
6.0
309
CONTENTFORMAT_END
171
     1
301
MARGIN
  1
CELLMARGIN_BEGIN
 40
1.5
 40
1.5
 40
1.5
 40
1.5
 40
4.5
 40
4.5
309
CELLMARGIN_END
 94
        6
 95
        1
302
GRIDFORMAT
  1
GRIDFORMAT_BEGIN
 90
        0
 91
        1
 62
     0
 92
       -2
340
14
 93
        0
 40
1.125
309
GRIDFORMAT_END
 95
        2
302
GRIDFORMAT
  1
GRIDFORMAT_BEGIN
 90
        0
 91
        1
 62
     0
 92
       -2
340
14
 93
        0
 40
1.125
309
GRIDFORMAT_END
 95
        4
302
GRIDFORMAT
  1
GRIDFORMAT_BEGIN
 90
        0
 91
        1
 62
     0
 92
       -2
340
14
 93
        0
 40
1.125
309
GRIDFORMAT_END
 95
        8
302
GRIDFORMAT
  1
GRIDFORMAT_BEGIN
 90
        0
 91
        1
 62
     0
 92
       -2
340
14
 93
        0
 40
1.125
309
GRIDFORMAT_END
 95
       16
302
GRIDFORMAT
  1
GRIDFORMAT_BEGIN
 90
        0
 91
        1
 62
     0
 92
       -2
340
14
 93
        0
 40
1.125
309
GRIDFORMAT_END
 95
       32
302
GRIDFORMAT
  1
GRIDFORMAT_BEGIN
 90
        0
 91
        1
 62
     0
 92
       -2
340
14
 93
        0
 40
1.125
309
GRIDFORMAT_END
309
TABLEFORMAT_END
  1
CELLSTYLE_BEGIN
 90
        1
 91
        1
300
_TITLE
309
CELLSTYLE_END
300
CELLSTYLE
  1
TABLEFORMAT_BEGIN
 90
        5
170
     1
 91
        0
 92
        0
 62
   257
 93
        1
300
CONTENTFORMAT
  1
CONTENTFORMAT_BEGIN
 90
        0
 91
        0
 92
      512
 93
        0
300

 40
0.0
140
1.0
 94
        5
 62
     0
340
11
144
4.5
309
CONTENTFORMAT_END
171
     1
301
MARGIN
  1
CELLMARGIN_BEGIN
 40
1.5
 40
1.5
 40
1.5
 40
1.5
 40
4.5
 40
4.5
309
CELLMARGIN_END
 94
        6
 95
        1
302
GRIDFORMAT
  1
GRIDFORMAT_BEGIN
 90
        0
 91
        1
 62
     0
 92
       -2
340
14
 93
        0
 40
1.125
309
GRIDFORMAT_END
 95
        2
302
GRIDFORMAT
  1
GRIDFORMAT_BEGIN
 90
        0
 91
        1
 62
     0
 92
       -2
340
14
 93
        0
 40
1.125
309
GRIDFORMAT_END
 95
        4
302
GRIDFORMAT
  1
GRIDFORMAT_BEGIN
 90
        0
 91
        1
 62
     0
 92
       -2
340
14
 93
        0
 40
1.125
309
GRIDFORMAT_END
 95
        8
302
GRIDFORMAT
  1
GRIDFORMAT_BEGIN
 90
        0
 91
        1
 62
     0
 92
       -2
340
14
 93
        0
 40
1.125
309
GRIDFORMAT_END
 95
       16
302
GRIDFORMAT
  1
GRIDFORMAT_BEGIN
 90
        0
 91
        1
 62
     0
 92
       -2
340
14
 93
        0
 40
1.125
309
GRIDFORMAT_END
 95
       32
302
GRIDFORMAT
  1
GRIDFORMAT_BEGIN
 90
        0
 91
        1
 62
     0
 92
       -2
340
14
 93
        0
 40
1.125
309
GRIDFORMAT_END
309
TABLEFORMAT_END
  1
CELLSTYLE_BEGIN
 90
        2
 91
        1
300
_HEADER
309
CELLSTYLE_END
300
CELLSTYLE
  1
TABLEFORMAT_BEGIN
 90
        5
170
     1
 91
        0
 92
        0
 62
   257
 93
        1
300
CONTENTFORMAT
  1
CONTENTFORMAT_BEGIN
 90
        0
 91
        0
 92
      512
 93
        0
300

 40
0.0
140
1.0
 94
        2
 62
     0
340
11
144
4.5
309
CONTENTFORMAT_END
171
     1
301
MARGIN
  1
CELLMARGIN_BEGIN
 40
1.5
 40
1.5
 40
1.5
 40
1.5
 40
4.5
 40
4.5
309
CELLMARGIN_END
 94
        6
 95
        1
302
GRIDFORMAT
  1
GRIDFORMAT_BEGIN
 90
        0
 91
        1
 62
     0
 92
       -2
340
14
 93
        0
 40
1.125
309
GRIDFORMAT_END
 95
        2
302
GRIDFORMAT
  1
GRIDFORMAT_BEGIN
 90
        0
 91
        1
 62
     0
 92
       -2
340
14
 93
        0
 40
1.125
309
GRIDFORMAT_END
 95
        4
302
GRIDFORMAT
  1
GRIDFORMAT_BEGIN
 90
        0
 91
        1
 62
     0
 92
       -2
340
14
 93
        0
 40
1.125
309
GRIDFORMAT_END
 95
        8
302
GRIDFORMAT
  1
GRIDFORMAT_BEGIN
 90
        0
 91
        1
 62
     0
 92
       -2
340
14
 93
        0
 40
1.125
309
GRIDFORMAT_END
 95
       16
302
GRIDFORMAT
  1
GRIDFORMAT_BEGIN
 90
        0
 91
        1
 62
     0
 92
       -2
340
14
 93
        0
 40
1.125
309
GRIDFORMAT_END
 95
       32
302
GRIDFORMAT
  1
GRIDFORMAT_BEGIN
 90
        0
 91
        1
 62
     0
 92
       -2
340
14
 93
        0
 40
1.125
309
GRIDFORMAT_END
309
TABLEFORMAT_END
  1
CELLSTYLE_BEGIN
 90
        3
 91
        2
300
_DATA
309
CELLSTYLE_END
  0
ENDSEC
  0
SECTION
  2
ACDSDATA
 70
     2
 71
     8
  0
ACDSSCHEMA
 90
        0
  1
AcDb_Thumbnail_Schema
  2
AcDbDs::ID
280
    10
 91
        8
  2
Thumbnail_Data
280
    15
 91
        0
101
ACDSRECORD
 95
        0
 90
        1
  2
AcDbDs::TreatedAsObjectData
280
     1
291
     1
101
ACDSRECORD
 95
        0
 90
        2
  2
AcDbDs::Legacy
280
     1
291
     1
101
ACDSRECORD
  1
AcDbDs::ID
 90
        3
  2
AcDs:Indexable
280
     1
291
     1
101
ACDSRECORD
  1
AcDbDs::ID
 90
        4
  2
AcDbDs::HandleAttribute
280
     7
282
     1
  0
ACDSSCHEMA
 90
        1
  1
AcDbDs::TreatedAsObjectDataSchema
  2
AcDbDs::TreatedAsObjectData
280
     1
 91
        0
  0
ACDSSCHEMA
 90
        2
  1
AcDbDs::LegacySchema
  2
AcDbDs::Legacy
280
     1
 91
        0
  0
ACDSSCHEMA
 90
        3
  1
AcDbDs::IndexedPropertySchema
  2
AcDs:Indexable
280
     1
 91
        0
  0
ACDSSCHEMA
 90
        4
  1
AcDbDs::HandleAttributeSchema
  2
AcDbDs::HandleAttribute
280
     7
 91
        1
284
     1
  0
ACDSRECORD
 90
        0
  2
AcDbDs::ID
280
    10
320
22
  2
Thumbnail_Data
280
    15
 94
     1396
310
89504E470D0A1A0A0000000D49484452000001000000007A080300000067627D4700000300504C5445212830FFFFFF2128300000000000000000000000000000000000000000000000000000330000660000990000CC0000FF0033000033330033660033990033CC0033FF0066000066330066660066990066CC0066FF0099
310
000099330099660099990099CC0099FF00CC0000CC3300CC6600CC9900CCCC00CCFF00FF0000FF3300FF6600FF9900FFCC00FFFF3300003300333300663300993300CC3300FF3333003333333333663333993333CC3333FF3366003366333366663366993366CC3366FF3399003399333399663399993399CC3399FF33CC00
310
33CC3333CC6633CC9933CCCC33CCFF33FF0033FF3333FF6633FF9933FFCC33FFFF6600006600336600666600996600CC6600FF6633006633336633666633996633CC6633FF6666006666336666666666996666CC6666FF6699006699336699666699996699CC6699FF66CC0066CC3366CC6666CC9966CCCC66CCFF66FF0066
310
FF3366FF6666FF9966FFCC66FFFF9900009900339900669900999900CC9900FF9933009933339933669933999933CC9933FF9966009966339966669966999966CC9966FF9999009999339999669999999999CC9999FF99CC0099CC3399CC6699CC9999CCCC99CCFF99FF0099FF3399FF6699FF9999FFCC99FFFFCC0000CC00
310
33CC0066CC0099CC00CCCC00FFCC3300CC3333CC3366CC3399CC33CCCC33FFCC6600CC6633CC6666CC6699CC66CCCC66FFCC9900CC9933CC9966CC9999CC99CCCC99FFCCCC00CCCC33CCCC66CCCC99CCCCCCCCCCFFCCFF00CCFF33CCFF66CCFF99CCFFCCCCFFFFFF0000FF0033FF0066FF0099FF00CCFF00FFFF3300FF3333
310
FF3366FF3399FF33CCFF33FFFF6600FF6633FF6666FF6699FF66CCFF66FFFF9900FF9933FF9966FF9999FF99CCFF99FFFFCC00FFCC33FFCC66FFCC99FFCCCCFFCCFFFFFF00FFFF33FFFF66FFFF99FFFFCCFFFFFF0000000D0D0D1A1A1A2828283535354343435050505D5D5D6B6B6B787878868686939393A1A1A1AEAEAEBB
310
BBBBC9C9C9D6D6D6E4E4E4F1F1F1FFFFFF0000000000000000000000000000000000000000000000000000000000002E4550F1000001344944415478DAEDD9416EC2301005D0DCFF50FF56DD2335405B1AD24A5582EBFF9ED8900564C66367EC2C0BBC42D21EBF04B4C75F9D81942720796BCE406E0EFE9B51C35FCE89DF0A
310
387215F40DF9AB4623F23ED46DC4709C9A83A8506A875D71315CD9AFCD6FCCFBD2BDCF431A624E34069BAF17D39380945741D653A0F265B03CF6942EFEEFCFBFEB279B85B07165A235E2E3E4F3D3A2BF732C307181A420C65FF63D4F7704D7D9327DAEB2F944CCC6B7CC33EADB9BC3AA4560BF17CC5ECB98C99786ACAF0AA7
310
DE3565AF45DEDB2DCCBBE17DD81DE42FBF3568D5FCD4FC1F703C769F4819B11C727E99FD93D9305FB84FBADFFA73D1931AEDE1329DE313907CDB6B28B0929B4BFBF0C43B60AC5112207E0000747D00000000000007F32A0400CF408CBF0CA000000040D30B00A00B9280D15D00E2CE9B5636C7DD280000000049454E44AE42
310
6082733C1F67F29953808187A7E375D0B3379CE6C3F90E89E19C05176DE23413C831CF3066F837154EA191623CAE973FC83A25886EA793F9808BA54AE3518846E4F2FE17B683EF6A882AB87B862C8EB4314A7E40B5CBFADF266EB5C897A4FFD7535FDF127C739D480D2C4E8F9FC85E730B43F4B56EAB68F4F7DAC86E2E6B2B
310
40FC226792FE2AB0AC19FEDA9C74FB1C69A50575FF9FF3606B1C8E9EA7FAB8FC095201DFB4C18AEBE8FE4FB48E77AFD4CA9C2112809605C028C98FA429037F0A2B3BA70BCDA2B669D6C25A1ACE080B60012C80E91B866118866178EE310CA36AF9BBFE0DC3300C430A0FB3AE96FF150BF85A0000000049454E44AE426082
  0
ENDSEC
  0
EOF
