999
DXF file generated by netDxf https://github.com/haplokuon/netDxf, Copyright(C) 2009-2020 Daniel Carvajal, Licensed under LGPL
0
SECTION
2
HEADER
9
$ACADVER
1
AC1024
9
$DWGCODEPAGE
3
ANSI_1252
9
$LASTSAVEDBY
1
Admin
9
$HANDSEED
5
E4E
9
$ANGBASE
50
0.0
9
$ANGDIR
70
0
9
$ATTMODE
70
1
9
$AUNITS
70
0
9
$AUPREC
70
0
9
$CECOLOR
62
256
9
$CELTSCALE
40
1.0
9
$CELTYPE
6
ByLayer
9
$CELWEIGHT
370
-1
9
$CLAYER
8
0
9
$CMLJUST
70
0
9
$CMLSCALE
40
20.0
9
$CMLSTYLE
2
Standard
9
$DIMSTYLE
2
Standard
9
$TEXTSIZE
40
2.5
9
$TEXTSTYLE
7
Standard
9
$LUNITS
70
2
9
$LUPREC
70
4
9
$MIRRTEXT
70
0
9
$EXTNAMES
290
1
9
$INSBASE
10
0.0
20
0.0
30
0.0
9
$INSUNITS
70
0
9
$LTSCALE
40
1.0
9
$LWDISPLAY
290
0
9
$PDMODE
70
33
9
$PDSIZE
40
0.75
9
$PLINEGEN
70
0
9
$PSLTSCALE
70
1
9
$TDCREATE
40
2460893.56246286
9
$TDUCREATE
40
2460893.14579619
9
$TDUPDATE
40
2460893.56246286
9
$TDUUPDATE
40
2460893.14579619
9
$TDINDWG
40
0.0
9
$UCSORG
10
0.0
20
0.0
30
0.0
9
$UCSXDIR
10
1.0
20
0.0
30
0.0
9
$UCSYDIR
10
0.0
20
1.0
30
0.0
9
$DIMADEC
70
0
9
$DIMALT
70
0
9
$DIMALTD
70
2
9
$DIMALTF
40
25.4
9
$DIMALTRND
40
0.0
9
$DIMALTTD
70
2
9
$DIMALTTZ
70
0
9
$DIMALTU
70
2
9
$DIMALTZ
70
0
9
$DIMAPOST
1

9
$DIMATFIT
70
3
9
$DIMAUNIT
70
0
9
$DIMASZ
40
0.18
9
$DIMAZIN
70
0
9
$DIMSAH
70
0
9
$DIMBLK
1

9
$DIMLDRBLK
1

9
$DIMCEN
40
0.09
9
$DIMCLRD
70
0
9
$DIMCLRE
70
0
9
$DIMCLRT
70
0
9
$DIMDEC
70
4
9
$DIMDLE
40
0.0
9
$DIMDLI
40
0.38
9
$DIMDSEP
70
46
9
$DIMEXE
40
0.18
9
$DIMEXO
40
0.0625
9
$DIMFXLON
70
0
9
$DIMFXL
40
1.0
9
$DIMGAP
40
0.09
9
$DIMJUST
70
0
9
$DIMLFAC
40
1.0
9
$DIMLUNIT
70
2
9
$DIMLWD
70
-2
9
$DIMLWE
70
-2
9
$DIMPOST
1

9
$DIMRND
40
0.0
9
$DIMSCALE
40
1.0
9
$DIMSD1
70
0
9
$DIMSD2
70
0
9
$DIMSE1
70
0
9
$DIMSE2
70
0
9
$DIMSOXD
70
0
9
$DIMTAD
70
0
9
$DIMTDEC
70
4
9
$DIMTFAC
40
1.0
9
$DIMTIH
70
0
9
$DIMTIX
70
0
9
$DIMTM
40
0.0
9
$DIMTMOVE
70
0
9
$DIMTOFL
70
0
9
$DIMTOH
70
0
9
$DIMTOL
70
0
9
$DIMLIM
70
0
9
$DIMTOLJ
70
1
9
$DIMTP
40
0.0
9
$DIMTXT
40
0.18
9
$DIMTXTDIRECTION
70
0
9
$DIMTZIN
70
0
9
$DIMZIN
70
0
9
$DIMFRAC
70
0
9
$DIMLTYPE
6
ByBlock
9
$DIMLTEX1
6
ByBlock
9
$DIMLTEX2
6
ByBlock
0
ENDSEC
0
SECTION
2
CLASSES
0
CLASS
1
RASTERVARIABLES
2
AcDbRasterVariables
3
ISM
90
0
91
1
280
0
281
0
0
ENDSEC
0
SECTION
2
TABLES
0
TABLE
2
APPID
5
4
330
0
100
AcDbSymbolTable
70
4
0
APPID
5
19
330
4
100
AcDbSymbolTableRecord
100
AcDbRegAppTableRecord
2
ACAD
70
0
0
APPID
5
E49
330
4
100
AcDbSymbolTableRecord
100
AcDbRegAppTableRecord
2
AcCmTransparency
70
0
0
APPID
5
E4A
330
4
100
AcDbSymbolTableRecord
100
AcDbRegAppTableRecord
2
GradientColor1ACI
70
0
0
APPID
5
E4B
330
4
100
AcDbSymbolTableRecord
100
AcDbRegAppTableRecord
2
GradientColor2ACI
70
0
0
ENDTAB
0
TABLE
2
VPORT
5
1
330
0
100
AcDbSymbolTable
70
1
0
VPORT
5
2
330
1
100
AcDbSymbolTableRecord
100
AcDbViewportTableRecord
2
*Active
70
0
10
0.0
20
0.0
11
1.0
21
1.0
12
0.0
22
0.0
13
0.0
23
0.0
14
0.5
24
0.5
15
10.0
25
10.0
16
0.0
26
0.0
36
1.0
17
1396005.87603711
27
358473.51526822
37
0.0
40
4669.41210287268
41
1.0
75
0
76
1
0
ENDTAB
0
TABLE
2
LTYPE
5
7
330
0
100
AcDbSymbolTable
70
3
0
LTYPE
5
15
330
7
100
AcDbSymbolTableRecord
100
AcDbLinetypeTableRecord
2
Continuous
70
0
3
Solid line
72
65
73
0
40
0.0
0
LTYPE
5
16
330
7
100
AcDbSymbolTableRecord
100
AcDbLinetypeTableRecord
2
ByLayer
70
0
3

72
65
73
0
40
0.0
0
LTYPE
5
17
330
7
100
AcDbSymbolTableRecord
100
AcDbLinetypeTableRecord
2
ByBlock
70
0
3

72
65
73
0
40
0.0
0
ENDTAB
0
TABLE
2
LAYER
5
5
102
{ACAD_XDICTIONARY
360
6
102
}
330
0
100
AcDbSymbolTable
70
4
0
LAYER
5
14
330
5
100
AcDbSymbolTableRecord
100
AcDbLayerTableRecord
2
0
70
0
62
7
6
Continuous
290
1
370
-3
390
0
0
LAYER
5
D2A
330
5
100
AcDbSymbolTableRecord
100
AcDbLayerTableRecord
2
4 - принадлежность к ансамблю-0
70
0
62
7
6
Continuous
290
1
370
-3
390
0
0
LAYER
5
D2B
330
5
100
AcDbSymbolTableRecord
100
AcDbLayerTableRecord
2
4 - принадлежность к ансамблю-0.1 ОКН
70
0
62
7
420
-1023410177
6
Continuous
290
1
370
-3
390
0
0
LAYER
5
E2E
330
5
100
AcDbSymbolTableRecord
100
AcDbLayerTableRecord
2
4 - принадлежность к ансамблю-00 ОКН
70
0
62
7
420
-1023410177
6
Continuous
290
1
370
-3
390
0
0
ENDTAB
0
TABLE
2
STYLE
5
8
330
0
100
AcDbSymbolTable
70
1
0
STYLE
5
18
330
8
100
AcDbSymbolTableRecord
100
AcDbTextStyleTableRecord
2
Standard
3
simplex.shx
70
0
71
0
40
0.0
41
1.0
42
0.0
50
0.0
0
ENDTAB
0
TABLE
2
DIMSTYLE
5
A
330
0
100
AcDbSymbolTable
70
1
100
AcDbDimStyleTable
0
DIMSTYLE
105
1A
330
A
100
AcDbSymbolTableRecord
100
AcDbDimStyleTableRecord
2
Standard
3

4

40
1.0
41
0.18
42
0.0625
43
0.38
44
0.18
45
0.0
46
0.0
47
0.0
48
0.0
49
1.0
70
0
71
0
72
0
73
0
74
0
75
0
76
0
77
0
78
0
79
0
140
0.18
141
0.09
143
25.4
144
1.0
146
1.0
147
0.09
148
0.0
170
0
171
2
172
0
174
0
175
0
176
0
177
0
178
0
179
0
271
4
272
4
273
2
274
2
275
0
276
0
277
2
278
46
279
0
280
0
281
0
282
0
283
1
284
0
285
0
286
0
289
3
290
0
294
0
340
18
173
0
345
17
346
17
347
17
371
-2
372
-2
0
ENDTAB
0
TABLE
2
VIEW
5
3
330
0
100
AcDbSymbolTable
70
0
0
ENDTAB
0
TABLE
2
UCS
5
C
330
0
100
AcDbSymbolTable
70
0
0
ENDTAB
0
TABLE
2
BLOCK_RECORD
5
D
330
0
100
AcDbSymbolTable
70
2
0
BLOCK_RECORD
5
1C
330
D
100
AcDbSymbolTableRecord
100
AcDbBlockTableRecord
2
*Model_Space
340
20
0
BLOCK_RECORD
5
E43
330
D
100
AcDbSymbolTableRecord
100
AcDbBlockTableRecord
2
*Paper_Space
340
E48
0
ENDTAB
0
ENDSEC
0
SECTION
2
BLOCKS
0
BLOCK
5
1E
330
1C
100
AcDbEntity
67
0
8
0
100
AcDbBlockBegin
2
*Model_Space
70
0
10
0.0
20
0.0
30
0.0
3
*Model_Space
4

0
ENDBLK
5
1D
330
1C
100
AcDbEntity
8
0
100
AcDbBlockEnd
0
BLOCK
5
E45
330
E43
100
AcDbEntity
67
1
8
0
100
AcDbBlockBegin
2
*Paper_Space
70
0
10
0.0
20
0.0
30
0.0
3
*Paper_Space
4

0
ENDBLK
5
E44
330
E43
100
AcDbEntity
8
0
100
AcDbBlockEnd
0
ENDSEC
0
SECTION
2
ENTITIES
0
POINT
5
22
330
1C
100
AcDbEntity
67
0
8
0
62
256
6
ByLayer
370
-1
48
1.0
60
0
100
AcDbPoint
10
1394942.03634131
20
360556.310798224
30
0.0
39
0.0
210
0.0
220
0.0
230
1.0
50
360.0
0
TEXT
5
23
330
1C
100
AcDbEntity
67
0
8
0
62
7
6
ByLayer
370
-1
48
1.0
60
0
100
AcDbText
1
1
10
1394942.16546926
20
360556.585237202
30
0.0
40
0.31111111111
41
1.0
50
0.0
51
0.0
7
Standard
11
1394942.16546926
21
360556.585237202
31
0.0
210
0.0
220
0.0
230
1.0
71
0
72
0
100
AcDbText
73
0
0
POINT
5
24
330
1C
100
AcDbEntity
67
0
8
0
62
256
6
ByLayer
370
-1
48
1.0
60
0
100
AcDbPoint
10
1394942.4034555
20
360557.769893566
30
0.0
39
0.0
210
0.0
220
0.0
230
1.0
50
360.0
0
TEXT
5
25
330
1C
100
AcDbEntity
67
0
8
0
62
7
6
ByLayer
370
-1
48
1.0
60
0
100
AcDbText
1
2
10
1394942.53258344
20
360558.044332547
30
0.0
40
0.31111111111
41
1.0
50
0.0
51
0.0
7
Standard
11
1394942.53258344
21
360558.044332547
31
0.0
210
0.0
220
0.0
230
1.0
71
0
72
0
100
AcDbText
73
0
0
POINT
5
26
330
1C
100
AcDbEntity
67
0
8
0
62
256
6
ByLayer
370
-1
48
1.0
60
0
100
AcDbPoint
10
1394943.45093338
20
360558.849950111
30
0.0
39
0.0
210
0.0
220
0.0
230
1.0
50
360.0
0
TEXT
5
27
330
1C
100
AcDbEntity
67
0
8
0
62
7
6
ByLayer
370
-1
48
1.0
60
0
100
AcDbText
1
3
10
1394943.58006132
20
360559.124389094
30
0.0
40
0.31111111111
41
1.0
50
0.0
51
0.0
7
Standard
11
1394943.58006132
21
360559.124389094
31
0.0
210
0.0
220
0.0
230
1.0
71
0
72
0
100
AcDbText
73
0
0
POINT
5
28
330
1C
100
AcDbEntity
67
0
8
0
62
256
6
ByLayer
370
-1
48
1.0
60
0
100
AcDbPoint
10
1394944.89810411
20
360559.261567581
30
0.0
39
0.0
210
0.0
220
0.0
230
1.0
50
360.0
0
TEXT
5
29
330
1C
100
AcDbEntity
67
0
8
0
62
7
6
ByLayer
370
-1
48
1.0
60
0
100
AcDbText
1
4
10
1394945.02723205
20
360559.536006566
30
0.0
40
0.31111111111
41
1.0
50
0.0
51
0.0
7
Standard
11
1394945.02723205
21
360559.536006566
31
0.0
210
0.0
220
0.0
230
1.0
71
0
72
0
100
AcDbText
73
0
0
POINT
5
2A
330
1C
100
AcDbEntity
67
0
8
0
62
256
6
ByLayer
370
-1
48
1.0
60
0
100
AcDbPoint
10
1394946.35719947
20
360558.894453397
30
0.0
39
0.0
210
0.0
220
0.0
230
1.0
50
360.0
0
TEXT
5
2B
330
1C
100
AcDbEntity
67
0
8
0
62
7
6
ByLayer
370
-1
48
1.0
60
0
100
AcDbText
1
5
10
1394946.48632741
20
360559.168892385
30
0.0
40
0.31111111111
41
1.0
50
0.0
51
0.0
7
Standard
11
1394946.48632741
21
360559.168892385
31
0.0
210
0.0
220
0.0
230
1.0
71
0
72
0
100
AcDbText
73
0
0
POINT
5
2C
330
1C
100
AcDbEntity
67
0
8
0
62
256
6
ByLayer
370
-1
48
1.0
60
0
100
AcDbPoint
10
1394947.43725603
20
360557.846975502
30
0.0
39
0.0
210
0.0
220
0.0
230
1.0
50
360.0
0
TEXT
5
2D
330
1C
100
AcDbEntity
67
0
8
0
62
7
6
ByLayer
370
-1
48
1.0
60
0
100
AcDbText
1
6
10
1394947.56638397
20
360558.12141449
30
0.0
40
0.31111111111
41
1.0
50
0.0
51
0.0
7
Standard
11
1394947.56638397
21
360558.12141449
31
0.0
210
0.0
220
0.0
230
1.0
71
0
72
0
100
AcDbText
73
0
0
POINT
5
2E
330
1C
100
AcDbEntity
67
0
8
0
62
256
6
ByLayer
370
-1
48
1.0
60
0
100
AcDbPoint
10
1394947.84887349
20
360556.399804754
30
0.0
39
0.0
210
0.0
220
0.0
230
1.0
50
360.0
0
TEXT
5
2F
330
1C
100
AcDbEntity
67
0
8
0
62
7
6
ByLayer
370
-1
48
1.0
60
0
100
AcDbText
1
7
10
1394947.97800144
20
360556.674243744
30
0.0
40
0.31111111111
41
1.0
50
0.0
51
0.0
7
Standard
11
1394947.97800144
21
360556.674243744
31
0.0
210
0.0
220
0.0
230
1.0
71
0
72
0
100
AcDbText
73
0
0
POINT
5
30
330
1C
100
AcDbEntity
67
0
8
0
62
256
6
ByLayer
370
-1
48
1.0
60
0
100
AcDbPoint
10
1394947.4817593
20
360554.940709392
30
0.0
39
0.0
210
0.0
220
0.0
230
1.0
50
360.0
0
TEXT
5
31
330
1C
100
AcDbEntity
67
0
8
0
62
7
6
ByLayer
370
-1
48
1.0
60
0
100
AcDbText
1
8
10
1394947.61088725
20
360555.21514838
30
0.0
40
0.31111111111
41
1.0
50
0.0
51
0.0
7
Standard
11
1394947.61088725
21
360555.21514838
31
0.0
210
0.0
220
0.0
230
1.0
71
0
72
0
100
AcDbText
73
0
0
POINT
5
32
330
1C
100
AcDbEntity
67
0
8
0
62
256
6
ByLayer
370
-1
48
1.0
60
0
100
AcDbPoint
10
1394946.43428139
20
360553.860652846
30
0.0
39
0.0
210
0.0
220
0.0
230
1.0
50
360.0
0
TEXT
5
33
330
1C
100
AcDbEntity
67
0
8
0
62
7
6
ByLayer
370
-1
48
1.0
60
0
100
AcDbText
1
9
10
1394946.56340934
20
360554.13509183
30
0.0
40
0.31111111111
41
1.0
50
0.0
51
0.0
7
Standard
11
1394946.56340934
21
360554.13509183
31
0.0
210
0.0
220
0.0
230
1.0
71
0
72
0
100
AcDbText
73
0
0
POINT
5
34
330
1C
100
AcDbEntity
67
0
8
0
62
256
6
ByLayer
370
-1
48
1.0
60
0
100
AcDbPoint
10
1394944.98711065
20
360553.449035394
30
0.0
39
0.0
210
0.0
220
0.0
230
1.0
50
360.0
0
TEXT
5
35
330
1C
100
AcDbEntity
67
0
8
0
62
7
6
ByLayer
370
-1
48
1.0
60
0
100
AcDbText
1
10
10
1394945.1162386
20
360553.723474379
30
0.0
40
0.31111111111
41
1.0
50
0.0
51
0.0
7
Standard
11
1394945.1162386
21
360553.723474379
31
0.0
210
0.0
220
0.0
230
1.0
71
0
72
0
100
AcDbText
73
0
0
POINT
5
36
330
1C
100
AcDbEntity
67
0
8
0
62
256
6
ByLayer
370
-1
48
1.0
60
0
100
AcDbPoint
10
1394943.52801529
20
360553.816149597
30
0.0
39
0.0
210
0.0
220
0.0
230
1.0
50
360.0
0
TEXT
5
37
330
1C
100
AcDbEntity
67
0
8
0
62
7
6
ByLayer
370
-1
48
1.0
60
0
100
AcDbText
1
11
10
1394943.65714325
20
360554.09058858
30
0.0
40
0.31111111111
41
1.0
50
0.0
51
0.0
7
Standard
11
1394943.65714325
21
360554.09058858
31
0.0
210
0.0
220
0.0
230
1.0
71
0
72
0
100
AcDbText
73
0
0
POINT
5
38
330
1C
100
AcDbEntity
67
0
8
0
62
256
6
ByLayer
370
-1
48
1.0
60
0
100
AcDbPoint
10
1394942.44795876
20
360554.863627493
30
0.0
39
0.0
210
0.0
220
0.0
230
1.0
50
360.0
0
TEXT
5
39
330
1C
100
AcDbEntity
67
0
8
0
62
7
6
ByLayer
370
-1
48
1.0
60
0
100
AcDbText
1
12
10
1394942.57708671
20
360555.138066472
30
0.0
40
0.31111111111
41
1.0
50
0.0
51
0.0
7
Standard
11
1394942.57708671
21
360555.138066472
31
0.0
210
0.0
220
0.0
230
1.0
71
0
72
0
100
AcDbText
73
0
0
POINT
5
3A
330
1C
100
AcDbEntity
67
0
8
0
62
256
6
ByLayer
370
-1
48
1.0
60
0
100
AcDbPoint
10
1394859.92877716
20
360576.113997006
30
0.0
39
0.0
210
0.0
220
0.0
230
1.0
50
360.0
0
TEXT
5
3B
330
1C
100
AcDbEntity
67
0
8
0
62
7
6
ByLayer
370
-1
48
1.0
60
0
100
AcDbText
1
13
10
1394860.05790508
20
360576.388435835
30
0.0
40
0.31111111111
41
1.0
50
0.0
51
0.0
7
Standard
11
1394860.05790508
21
360576.388435835
31
0.0
210
0.0
220
0.0
230
1.0
71
0
72
0
100
AcDbText
73
0
0
POINT
5
3C
330
1C
100
AcDbEntity
67
0
8
0
62
256
6
ByLayer
370
-1
48
1.0
60
0
100
AcDbPoint
10
1394860.2958912
20
360577.573092064
30
0.0
39
0.0
210
0.0
220
0.0
230
1.0
50
360.0
0
TEXT
5
3D
330
1C
100
AcDbEntity
67
0
8
0
62
7
6
ByLayer
370
-1
48
1.0
60
0
100
AcDbText
1
14
10
1394860.42501911
20
360577.847530892
30
0.0
40
0.31111111111
41
1.0
50
0.0
51
0.0
7
Standard
11
1394860.42501911
21
360577.847530892
31
0.0
210
0.0
220
0.0
230
1.0
71
0
72
0
100
AcDbText
73
0
0
POINT
5
3E
330
1C
100
AcDbEntity
67
0
8
0
62
256
6
ByLayer
370
-1
48
1.0
60
0
100
AcDbPoint
10
1394861.34336881
20
360578.653148434
30
0.0
39
0.0
210
0.0
220
0.0
230
1.0
50
360.0
0
TEXT
5
3F
330
1C
100
AcDbEntity
67
0
8
0
62
7
6
ByLayer
370
-1
48
1.0
60
0
100
AcDbText
1
15
10
1394861.47249671
20
360578.927587265
30
0.0
40
0.31111111111
41
1.0
50
0.0
51
0.0
7
Standard
11
1394861.47249671
21
360578.927587265
31
0.0
210
0.0
220
0.0
230
1.0
71
0
72
0
100
AcDbText
73
0
0
POINT
5
40
330
1C
100
AcDbEntity
67
0
8
0
62
256
6
ByLayer
370
-1
48
1.0
60
0
100
AcDbPoint
10
1394862.79053921
20
360579.064765891
30
0.0
39
0.0
210
0.0
220
0.0
230
1.0
50
360.0
0
TEXT
5
41
330
1C
100
AcDbEntity
67
0
8
0
62
7
6
ByLayer
370
-1
48
1.0
60
0
100
AcDbText
1
16
10
1394862.91966712
20
360579.339204724
30
0.0
40
0.31111111111
41
1.0
50
0.0
51
0.0
7
Standard
11
1394862.91966712
21
360579.339204724
31
0.0
210
0.0
220
0.0
230
1.0
71
0
72
0
100
AcDbText
73
0
0
POINT
5
42
330
1C
100
AcDbEntity
67
0
8
0
62
256
6
ByLayer
370
-1
48
1.0
60
0
100
AcDbPoint
10
1394864.24963428
20
360578.697651858
30
0.0
39
0.0
210
0.0
220
0.0
230
1.0
50
360.0
0
TEXT
5
43
330
1C
100
AcDbEntity
67
0
8
0
62
7
6
ByLayer
370
-1
48
1.0
60
0
100
AcDbText
1
17
10
1394864.37876219
20
360578.972090694
30
0.0
40
0.31111111111
41
1.0
50
0.0
51
0.0
7
Standard
11
1394864.37876219
21
360578.972090694
31
0.0
210
0.0
220
0.0
230
1.0
71
0
72
0
100
AcDbText
73
0
0
POINT
5
44
330
1C
100
AcDbEntity
67
0
8
0
62
256
6
ByLayer
370
-1
48
1.0
60
0
100
AcDbPoint
10
1394865.32969067
20
360577.65017424
30
0.0
39
0.0
210
0.0
220
0.0
230
1.0
50
360.0
0
TEXT
5
45
330
1C
100
AcDbEntity
67
0
8
0
62
7
6
ByLayer
370
-1
48
1.0
60
0
100
AcDbText
1
18
10
1394865.45881858
20
360577.924613079
30
0.0
40
0.31111111111
41
1.0
50
0.0
51
0.0
7
Standard
11
1394865.45881858
21
360577.924613079
31
0.0
210
0.0
220
0.0
230
1.0
71
0
72
0
100
AcDbText
73
0
0
POINT
5
46
330
1C
100
AcDbEntity
67
0
8
0
62
256
6
ByLayer
370
-1
48
1.0
60
0
100
AcDbPoint
10
1394865.74130812
20
360576.203003816
30
0.0
39
0.0
210
0.0
220
0.0
230
1.0
50
360.0
0
TEXT
5
47
330
1C
100
AcDbEntity
67
0
8
0
62
7
6
ByLayer
370
-1
48
1.0
60
0
100
AcDbText
1
19
10
1394865.87043603
20
360576.477442657
30
0.0
40
0.31111111111
41
1.0
50
0.0
51
0.0
7
Standard
11
1394865.87043603
21
360576.477442657
31
0.0
210
0.0
220
0.0
230
1.0
71
0
72
0
100
AcDbText
73
0
0
POINT
5
48
330
1C
100
AcDbEntity
67
0
8
0
62
256
6
ByLayer
370
-1
48
1.0
60
0
100
AcDbPoint
10
1394865.37419407
20
360574.74390874
30
0.0
39
0.0
210
0.0
220
0.0
230
1.0
50
360.0
0
TEXT
5
49
330
1C
100
AcDbEntity
67
0
8
0
62
7
6
ByLayer
370
-1
48
1.0
60
0
100
AcDbText
1
20
10
1394865.50332199
20
360575.018347581
30
0.0
40
0.31111111111
41
1.0
50
0.0
51
0.0
7
Standard
11
1394865.50332199
21
360575.018347581
31
0.0
210
0.0
220
0.0
230
1.0
71
0
72
0
100
AcDbText
73
0
0
POINT
5
4A
330
1C
100
AcDbEntity
67
0
8
0
62
256
6
ByLayer
370
-1
48
1.0
60
0
100
AcDbPoint
10
1394864.32671644
20
360573.66385237
30
0.0
39
0.0
210
0.0
220
0.0
230
1.0
50
360.0
0
TEXT
5
4B
330
1C
100
AcDbEntity
67
0
8
0
62
7
6
ByLayer
370
-1
48
1.0
60
0
100
AcDbText
1
21
10
1394864.45584436
20
360573.938291205
30
0.0
40
0.31111111111
41
1.0
50
0.0
51
0.0
7
Standard
11
1394864.45584436
21
360573.938291205
31
0.0
210
0.0
220
0.0
230
1.0
71
0
72
0
100
AcDbText
73
0
0
POINT
5
4C
330
1C
100
AcDbEntity
67
0
8
0
62
256
6
ByLayer
370
-1
48
1.0
60
0
100
AcDbPoint
10
1394862.87954602
20
360573.252234934
30
0.0
39
0.0
210
0.0
220
0.0
230
1.0
50
360.0
0
TEXT
5
4D
330
1C
100
AcDbEntity
67
0
8
0
62
7
6
ByLayer
370
-1
48
1.0
60
0
100
AcDbText
1
22
10
1394863.00867394
20
360573.526673767
30
0.0
40
0.31111111111
41
1.0
50
0.0
51
0.0
7
Standard
11
1394863.00867394
21
360573.526673767
31
0.0
210
0.0
220
0.0
230
1.0
71
0
72
0
100
AcDbText
73
0
0
POINT
5
4E
330
1C
100
AcDbEntity
67
0
8
0
62
256
6
ByLayer
370
-1
48
1.0
60
0
100
AcDbPoint
10
1394861.42045096
20
360573.619348983
30
0.0
39
0.0
210
0.0
220
0.0
230
1.0
50
360.0
0
TEXT
5
4F
330
1C
100
AcDbEntity
67
0
8
0
62
7
6
ByLayer
370
-1
48
1.0
60
0
100
AcDbText
1
23
10
1394861.54957888
20
360573.893787815
30
0.0
40
0.31111111111
41
1.0
50
0.0
51
0.0
7
Standard
11
1394861.54957888
21
360573.893787815
31
0.0
210
0.0
220
0.0
230
1.0
71
0
72
0
100
AcDbText
73
0
0
POINT
5
50
330
1C
100
AcDbEntity
67
0
8
0
62
256
6
ByLayer
370
-1
48
1.0
60
0
100
AcDbPoint
10
1394860.3403946
20
360574.666826603
30
0.0
39
0.0
210
0.0
220
0.0
230
1.0
50
360.0
0
TEXT
5
51
330
1C
100
AcDbEntity
67
0
8
0
62
7
6
ByLayer
370
-1
48
1.0
60
0
100
AcDbText
1
24
10
1394860.46952252
20
360574.941265431
30
0.0
40
0.31111111111
41
1.0
50
0.0
51
0.0
7
Standard
11
1394860.46952252
21
360574.941265431
31
0.0
210
0.0
220
0.0
230
1.0
71
0
72
0
100
AcDbText
73
0
0
POINT
5
52
330
1C
100
AcDbEntity
67
0
8
0
62
256
6
ByLayer
370
-1
48
1.0
60
0
100
AcDbPoint
10
1394784.73229446
20
360541.680750168
30
0.0
39
0.0
210
0.0
220
0.0
230
1.0
50
360.0
0
TEXT
5
53
330
1C
100
AcDbEntity
67
0
8
0
62
7
6
ByLayer
370
-1
48
1.0
60
0
100
AcDbText
1
25
10
1394784.86142243
20
360541.955188861
30
0.0
40
0.31111111111
41
1.0
50
0.0
51
0.0
7
Standard
11
1394784.86142243
21
360541.955188861
31
0.0
210
0.0
220
0.0
230
1.0
71
0
72
0
100
AcDbText
73
0
0
POINT
5
54
330
1C
100
AcDbEntity
67
0
8
0
62
256
6
ByLayer
370
-1
48
1.0
60
0
100
AcDbPoint
10
1394785.09940855
20
360543.139844912
30
0.0
39
0.0
210
0.0
220
0.0
230
1.0
50
360.0
0
TEXT
5
55
330
1C
100
AcDbEntity
67
0
8
0
62
7
6
ByLayer
370
-1
48
1.0
60
0
100
AcDbText
1
26
10
1394785.22853653
20
360543.414283604
30
0.0
40
0.31111111111
41
1.0
50
0.0
51
0.0
7
Standard
11
1394785.22853653
21
360543.414283604
31
0.0
210
0.0
220
0.0
230
1.0
71
0
72
0
100
AcDbText
73
0
0
POINT
5
56
330
1C
100
AcDbEntity
67
0
8
0
62
256
6
ByLayer
370
-1
48
1.0
60
0
100
AcDbPoint
10
1394786.14688605
20
360544.219900981
30
0.0
39
0.0
210
0.0
220
0.0
230
1.0
50
360.0
0
TEXT
5
57
330
1C
100
AcDbEntity
67
0
8
0
62
7
6
ByLayer
370
-1
48
1.0
60
0
100
AcDbText
1
27
10
1394786.27601402
20
360544.494339676
30
0.0
40
0.31111111111
41
1.0
50
0.0
51
0.0
7
Standard
11
1394786.27601402
21
360544.494339676
31
0.0
210
0.0
220
0.0
230
1.0
71
0
72
0
100
AcDbText
73
0
0
POINT
5
58
330
1C
100
AcDbEntity
67
0
8
0
62
256
6
ByLayer
370
-1
48
1.0
60
0
100
AcDbPoint
10
1394787.59405621
20
360544.631518229
30
0.0
39
0.0
210
0.0
220
0.0
230
1.0
50
360.0
0
TEXT
5
59
330
1C
100
AcDbEntity
67
0
8
0
62
7
6
ByLayer
370
-1
48
1.0
60
0
100
AcDbText
1
28
10
1394787.72318419
20
360544.905956927
30
0.0
40
0.31111111111
41
1.0
50
0.0
51
0.0
7
Standard
11
1394787.72318419
21
360544.905956927
31
0.0
210
0.0
220
0.0
230
1.0
71
0
72
0
100
AcDbText
73
0
0
POINT
5
5A
330
1C
100
AcDbEntity
67
0
8
0
62
256
6
ByLayer
370
-1
48
1.0
60
0
100
AcDbPoint
10
1394789.05315097
20
360544.264404139
30
0.0
39
0.0
210
0.0
220
0.0
230
1.0
50
360.0
0
TEXT
5
5B
330
1C
100
AcDbEntity
67
0
8
0
62
7
6
ByLayer
370
-1
48
1.0
60
0
100
AcDbText
1
29
10
1394789.18227894
20
360544.538842839
30
0.0
40
0.31111111111
41
1.0
50
0.0
51
0.0
7
Standard
11
1394789.18227894
21
360544.538842839
31
0.0
210
0.0
220
0.0
230
1.0
71
0
72
0
100
AcDbText
73
0
0
POINT
5
5C
330
1C
100
AcDbEntity
67
0
8
0
62
256
6
ByLayer
370
-1
48
1.0
60
0
100
AcDbPoint
10
1394790.13320705
20
360543.216926627
30
0.0
39
0.0
210
0.0
220
0.0
230
1.0
50
360.0
0
TEXT
5
5D
330
1C
100
AcDbEntity
67
0
8
0
62
7
6
ByLayer
370
-1
48
1.0
60
0
100
AcDbText
1
30
10
1394790.26233503
20
360543.49136533
30
0.0
40
0.31111111111
41
1.0
50
0.0
51
0.0
7
Standard
11
1394790.26233503
21
360543.49136533
31
0.0
210
0.0
220
0.0
230
1.0
71
0
72
0
100
AcDbText
73
0
0
POINT
5
5E
330
1C
100
AcDbEntity
67
0
8
0
62
256
6
ByLayer
370
-1
48
1.0
60
0
100
AcDbPoint
10
1394790.5448243
20
360541.769756447
30
0.0
39
0.0
210
0.0
220
0.0
230
1.0
50
360.0
0
TEXT
5
5F
330
1C
100
AcDbEntity
67
0
8
0
62
7
6
ByLayer
370
-1
48
1.0
60
0
100
AcDbText
1
31
10
1394790.67395227
20
360542.044195151
30
0.0
40
0.31111111111
41
1.0
50
0.0
51
0.0
7
Standard
11
1394790.67395227
21
360542.044195151
31
0.0
210
0.0
220
0.0
230
1.0
71
0
72
0
100
AcDbText
73
0
0
POINT
5
60
330
1C
100
AcDbEntity
67
0
8
0
62
256
6
ByLayer
370
-1
48
1.0
60
0
100
AcDbPoint
10
1394790.17771019
20
360540.310661687
30
0.0
39
0.0
210
0.0
220
0.0
230
1.0
50
360.0
0
TEXT
5
61
330
1C
100
AcDbEntity
67
0
8
0
62
7
6
ByLayer
370
-1
48
1.0
60
0
100
AcDbText
1
32
10
1394790.30683817
20
360540.58510039
30
0.0
40
0.31111111111
41
1.0
50
0.0
51
0.0
7
Standard
11
1394790.30683817
21
360540.58510039
31
0.0
210
0.0
220
0.0
230
1.0
71
0
72
0
100
AcDbText
73
0
0
POINT
5
62
330
1C
100
AcDbEntity
67
0
8
0
62
256
6
ByLayer
370
-1
48
1.0
60
0
100
AcDbPoint
10
1394789.13023267
20
360539.230605615
30
0.0
39
0.0
210
0.0
220
0.0
230
1.0
50
360.0
0
TEXT
5
63
330
1C
100
AcDbEntity
67
0
8
0
62
7
6
ByLayer
370
-1
48
1.0
60
0
100
AcDbText
1
33
10
1394789.25936065
20
360539.505044316
30
0.0
40
0.31111111111
41
1.0
50
0.0
51
0.0
7
Standard
11
1394789.25936065
21
360539.505044316
31
0.0
210
0.0
220
0.0
230
1.0
71
0
72
0
100
AcDbText
73
0
0
POINT
5
64
330
1C
100
AcDbEntity
67
0
8
0
62
256
6
ByLayer
370
-1
48
1.0
60
0
100
AcDbPoint
10
1394787.68306249
20
360538.818988386
30
0.0
39
0.0
210
0.0
220
0.0
230
1.0
50
360.0
0
TEXT
5
65
330
1C
100
AcDbEntity
67
0
8
0
62
7
6
ByLayer
370
-1
48
1.0
60
0
100
AcDbText
1
34
10
1394787.81219048
20
360539.093427085
30
0.0
40
0.31111111111
41
1.0
50
0.0
51
0.0
7
Standard
11
1394787.81219048
21
360539.093427085
31
0.0
210
0.0
220
0.0
230
1.0
71
0
72
0
100
AcDbText
73
0
0
POINT
5
66
330
1C
100
AcDbEntity
67
0
8
0
62
256
6
ByLayer
370
-1
48
1.0
60
0
100
AcDbPoint
10
1394786.22396775
20
360539.186102495
30
0.0
39
0.0
210
0.0
220
0.0
230
1.0
50
360.0
0
TEXT
5
67
330
1C
100
AcDbEntity
67
0
8
0
62
7
6
ByLayer
370
-1
48
1.0
60
0
100
AcDbText
1
35
10
1394786.35309573
20
360539.460541192
30
0.0
40
0.31111111111
41
1.0
50
0.0
51
0.0
7
Standard
11
1394786.35309573
21
360539.460541192
31
0.0
210
0.0
220
0.0
230
1.0
71
0
72
0
100
AcDbText
73
0
0
POINT
5
68
330
1C
100
AcDbEntity
67
0
8
0
62
256
6
ByLayer
370
-1
48
1.0
60
0
100
AcDbPoint
10
1394785.14391169
20
360540.233580009
30
0.0
39
0.0
210
0.0
220
0.0
230
1.0
50
360.0
0
TEXT
5
69
330
1C
100
AcDbEntity
67
0
8
0
62
7
6
ByLayer
370
-1
48
1.0
60
0
100
AcDbText
1
36
10
1394785.27303967
20
360540.5080187
30
0.0
40
0.31111111111
41
1.0
50
0.0
51
0.0
7
Standard
11
1394785.27303967
21
360540.5080187
31
0.0
210
0.0
220
0.0
230
1.0
71
0
72
0
100
AcDbText
73
0
0
POINT
5
6A
330
1C
100
AcDbEntity
67
0
8
0
62
256
6
ByLayer
370
-1
48
1.0
60
0
100
AcDbPoint
10
1394752.64758688
20
360551.572403271
30
0.0
39
0.0
210
0.0
220
0.0
230
1.0
50
360.0
0
TEXT
5
6B
330
1C
100
AcDbEntity
67
0
8
0
62
7
6
ByLayer
370
-1
48
1.0
60
0
100
AcDbText
1
37
10
1394752.77671484
20
360551.846841905
30
0.0
40
0.31111111111
41
1.0
50
0.0
51
0.0
7
Standard
11
1394752.77671484
21
360551.846841905
31
0.0
210
0.0
220
0.0
230
1.0
71
0
72
0
100
AcDbText
73
0
0
POINT
5
6C
330
1C
100
AcDbEntity
67
0
8
0
62
256
6
ByLayer
370
-1
48
1.0
60
0
100
AcDbPoint
10
1394753.01470091
20
360553.031497901
30
0.0
39
0.0
210
0.0
220
0.0
230
1.0
50
360.0
0
TEXT
5
6D
330
1C
100
AcDbEntity
67
0
8
0
62
7
6
ByLayer
370
-1
48
1.0
60
0
100
AcDbText
1
38
10
1394753.14382887
20
360553.305936536
30
0.0
40
0.31111111111
41
1.0
50
0.0
51
0.0
7
Standard
11
1394753.14382887
21
360553.305936536
31
0.0
210
0.0
220
0.0
230
1.0
71
0
72
0
100
AcDbText
73
0
0
POINT
5
6E
330
1C
100
AcDbEntity
67
0
8
0
62
256
6
ByLayer
370
-1
48
1.0
60
0
100
AcDbPoint
10
1394754.06217829
20
360554.111553908
30
0.0
39
0.0
210
0.0
220
0.0
230
1.0
50
360.0
0
TEXT
5
6F
330
1C
100
AcDbEntity
67
0
8
0
62
7
6
ByLayer
370
-1
48
1.0
60
0
100
AcDbText
1
39
10
1394754.19130625
20
360554.385992545
30
0.0
40
0.31111111111
41
1.0
50
0.0
51
0.0
7
Standard
11
1394754.19130625
21
360554.385992545
31
0.0
210
0.0
220
0.0
230
1.0
71
0
72
0
100
AcDbText
73
0
0
POINT
5
70
330
1C
100
AcDbEntity
67
0
8
0
62
256
6
ByLayer
370
-1
48
1.0
60
0
100
AcDbPoint
10
1394755.50934833
20
360554.523171162
30
0.0
39
0.0
210
0.0
220
0.0
230
1.0
50
360.0
0
TEXT
5
71
330
1C
100
AcDbEntity
67
0
8
0
62
7
6
ByLayer
370
-1
48
1.0
60
0
100
AcDbText
1
40
10
1394755.63847628
20
360554.7976098
30
0.0
40
0.31111111111
41
1.0
50
0.0
51
0.0
7
Standard
11
1394755.63847628
21
360554.7976098
31
0.0
210
0.0
220
0.0
230
1.0
71
0
72
0
100
AcDbText
73
0
0
POINT
5
72
330
1C
100
AcDbEntity
67
0
8
0
62
256
6
ByLayer
370
-1
48
1.0
60
0
100
AcDbPoint
10
1394756.96844297
20
360554.15605714
30
0.0
39
0.0
210
0.0
220
0.0
230
1.0
50
360.0
0
TEXT
5
73
330
1C
100
AcDbEntity
67
0
8
0
62
7
6
ByLayer
370
-1
48
1.0
60
0
100
AcDbText
1
41
10
1394757.09757093
20
360554.43049578
30
0.0
40
0.31111111111
41
1.0
50
0.0
51
0.0
7
Standard
11
1394757.09757093
21
360554.43049578
31
0.0
210
0.0
220
0.0
230
1.0
71
0
72
0
100
AcDbText
73
0
0
POINT
5
74
330
1C
100
AcDbEntity
67
0
8
0
62
256
6
ByLayer
370
-1
48
1.0
60
0
100
AcDbPoint
10
1394758.04849899
20
360553.108579744
30
0.0
39
0.0
210
0.0
220
0.0
230
1.0
50
360.0
0
TEXT
5
75
330
1C
100
AcDbEntity
67
0
8
0
62
7
6
ByLayer
370
-1
48
1.0
60
0
100
AcDbText
1
42
10
1394758.17762695
20
360553.383018386
30
0.0
40
0.31111111111
41
1.0
50
0.0
51
0.0
7
Standard
11
1394758.17762695
21
360553.383018386
31
0.0
210
0.0
220
0.0
230
1.0
71
0
72
0
100
AcDbText
73
0
0
POINT
5
76
330
1C
100
AcDbEntity
67
0
8
0
62
256
6
ByLayer
370
-1
48
1.0
60
0
100
AcDbPoint
10
1394758.46011624
20
360551.661409691
30
0.0
39
0.0
210
0.0
220
0.0
230
1.0
50
360.0
0
TEXT
5
77
330
1C
100
AcDbEntity
67
0
8
0
62
7
6
ByLayer
370
-1
48
1.0
60
0
100
AcDbText
1
43
10
1394758.5892442
20
360551.935848335
30
0.0
40
0.31111111111
41
1.0
50
0.0
51
0.0
7
Standard
11
1394758.5892442
21
360551.935848335
31
0.0
210
0.0
220
0.0
230
1.0
71
0
72
0
100
AcDbText
73
0
0
POINT
5
78
330
1C
100
AcDbEntity
67
0
8
0
62
256
6
ByLayer
370
-1
48
1.0
60
0
100
AcDbPoint
10
1394758.0930022
20
360550.202315042
30
0.0
39
0.0
210
0.0
220
0.0
230
1.0
50
360.0
0
TEXT
5
79
330
1C
100
AcDbEntity
67
0
8
0
62
7
6
ByLayer
370
-1
48
1.0
60
0
100
AcDbText
1
44
10
1394758.22213016
20
360550.476753685
30
0.0
40
0.31111111111
41
1.0
50
0.0
51
0.0
7
Standard
11
1394758.22213016
21
360550.476753685
31
0.0
210
0.0
220
0.0
230
1.0
71
0
72
0
100
AcDbText
73
0
0
POINT
5
7A
330
1C
100
AcDbEntity
67
0
8
0
62
256
6
ByLayer
370
-1
48
1.0
60
0
100
AcDbPoint
10
1394757.0455248
20
360549.122259034
30
0.0
39
0.0
210
0.0
220
0.0
230
1.0
50
360.0
0
TEXT
5
7B
330
1C
100
AcDbEntity
67
0
8
0
62
7
6
ByLayer
370
-1
48
1.0
60
0
100
AcDbText
1
45
10
1394757.17465276
20
360549.396697673
30
0.0
40
0.31111111111
41
1.0
50
0.0
51
0.0
7
Standard
11
1394757.17465276
21
360549.396697673
31
0.0
210
0.0
220
0.0
230
1.0
71
0
72
0
100
AcDbText
73
0
0
POINT
5
7C
330
1C
100
AcDbEntity
67
0
8
0
62
256
6
ByLayer
370
-1
48
1.0
60
0
100
AcDbPoint
10
1394755.59835475
20
360548.710641801
30
0.0
39
0.0
210
0.0
220
0.0
230
1.0
50
360.0
0
TEXT
5
7D
330
1C
100
AcDbEntity
67
0
8
0
62
7
6
ByLayer
370
-1
48
1.0
60
0
100
AcDbText
1
46
10
1394755.72748271
20
360548.985080441
30
0.0
40
0.31111111111
41
1.0
50
0.0
51
0.0
7
Standard
11
1394755.72748271
21
360548.985080441
31
0.0
210
0.0
220
0.0
230
1.0
71
0
72
0
100
AcDbText
73
0
0
POINT
5
7E
330
1C
100
AcDbEntity
67
0
8
0
62
256
6
ByLayer
370
-1
48
1.0
60
0
100
AcDbPoint
10
1394754.13926011
20
360549.077755839
30
0.0
39
0.0
210
0.0
220
0.0
230
1.0
50
360.0
0
TEXT
5
7F
330
1C
100
AcDbEntity
67
0
8
0
62
7
6
ByLayer
370
-1
48
1.0
60
0
100
AcDbText
1
47
10
1394754.26838808
20
360549.352194479
30
0.0
40
0.31111111111
41
1.0
50
0.0
51
0.0
7
Standard
11
1394754.26838808
21
360549.352194479
31
0.0
210
0.0
220
0.0
230
1.0
71
0
72
0
100
AcDbText
73
0
0
POINT
5
80
330
1C
100
AcDbEntity
67
0
8
0
62
256
6
ByLayer
370
-1
48
1.0
60
0
100
AcDbPoint
10
1394753.05920412
20
360550.125233239
30
0.0
39
0.0
210
0.0
220
0.0
230
1.0
50
360.0
0
TEXT
5
81
330
1C
100
AcDbEntity
67
0
8
0
62
7
6
ByLayer
370
-1
48
1.0
60
0
100
AcDbText
1
48
10
1394753.18833208
20
360550.399671874
30
0.0
40
0.31111111111
41
1.0
50
0.0
51
0.0
7
Standard
11
1394753.18833208
21
360550.399671874
31
0.0
210
0.0
220
0.0
230
1.0
71
0
72
0
100
AcDbText
73
0
0
POINT
5
82
330
1C
100
AcDbEntity
67
0
8
0
62
256
6
ByLayer
370
-1
48
1.0
60
0
100
AcDbPoint
10
1394815.70473303
20
360589.353767006
30
0.0
39
0.0
210
0.0
220
0.0
230
1.0
50
360.0
0
TEXT
5
83
330
1C
100
AcDbEntity
67
0
8
0
62
7
6
ByLayer
370
-1
48
1.0
60
0
100
AcDbText
1
49
10
1394815.83386092
20
360589.628205753
30
0.0
40
0.31111111111
41
1.0
50
0.0
51
0.0
7
Standard
11
1394815.83386092
21
360589.628205753
31
0.0
210
0.0
220
0.0
230
1.0
71
0
72
0
100
AcDbText
73
0
0
POINT
5
84
330
1C
100
AcDbEntity
67
0
8
0
62
256
6
ByLayer
370
-1
48
1.0
60
0
100
AcDbPoint
10
1394816.07184698
20
360590.812861907
30
0.0
39
0.0
210
0.0
220
0.0
230
1.0
50
360.0
0
TEXT
5
85
330
1C
100
AcDbEntity
67
0
8
0
62
7
6
ByLayer
370
-1
48
1.0
60
0
100
AcDbText
1
50
10
1394816.20097487
20
360591.087300656
30
0.0
40
0.31111111111
41
1.0
50
0.0
51
0.0
7
Standard
11
1394816.20097487
21
360591.087300656
31
0.0
210
0.0
220
0.0
230
1.0
71
0
72
0
100
AcDbText
73
0
0
POINT
5
86
330
1C
100
AcDbEntity
67
0
8
0
62
256
6
ByLayer
370
-1
48
1.0
60
0
100
AcDbPoint
10
1394817.11932443
20
360591.892918195
30
0.0
39
0.0
210
0.0
220
0.0
230
1.0
50
360.0
0
TEXT
5
87
330
1C
100
AcDbEntity
67
0
8
0
62
7
6
ByLayer
370
-1
48
1.0
60
0
100
AcDbText
1
51
10
1394817.24845232
20
360592.167356943
30
0.0
40
0.31111111111
41
1.0
50
0.0
51
0.0
7
Standard
11
1394817.24845232
21
360592.167356943
31
0.0
210
0.0
220
0.0
230
1.0
71
0
72
0
100
AcDbText
73
0
0
POINT
5
88
330
1C
100
AcDbEntity
67
0
8
0
62
256
6
ByLayer
370
-1
48
1.0
60
0
100
AcDbPoint
10
1394818.56649466
20
360592.304535651
30
0.0
39
0.0
210
0.0
220
0.0
230
1.0
50
360.0
0
TEXT
5
89
330
1C
100
AcDbEntity
67
0
8
0
62
7
6
ByLayer
370
-1
48
1.0
60
0
100
AcDbText
1
52
10
1394818.69562255
20
360592.578974405
30
0.0
40
0.31111111111
41
1.0
50
0.0
51
0.0
7
Standard
11
1394818.69562255
21
360592.578974405
31
0.0
210
0.0
220
0.0
230
1.0
71
0
72
0
100
AcDbText
73
0
0
POINT
5
8A
330
1C
100
AcDbEntity
67
0
8
0
62
256
6
ByLayer
370
-1
48
1.0
60
0
100
AcDbPoint
10
1394820.02558958
20
360591.937421711
30
0.0
39
0.0
210
0.0
220
0.0
230
1.0
50
360.0
0
TEXT
5
8B
330
1C
100
AcDbEntity
67
0
8
0
62
7
6
ByLayer
370
-1
48
1.0
60
0
100
AcDbText
1
53
10
1394820.15471746
20
360592.211860466
30
0.0
40
0.31111111111
41
1.0
50
0.0
51
0.0
7
Standard
11
1394820.15471746
21
360592.211860466
31
0.0
210
0.0
220
0.0
230
1.0
71
0
72
0
100
AcDbText
73
0
0
POINT
5
8C
330
1C
100
AcDbEntity
67
0
8
0
62
256
6
ByLayer
370
-1
48
1.0
60
0
100
AcDbPoint
10
1394821.10564587
20
360590.889944248
30
0.0
39
0.0
210
0.0
220
0.0
230
1.0
50
360.0
0
TEXT
5
8D
330
1C
100
AcDbEntity
67
0
8
0
62
7
6
ByLayer
370
-1
48
1.0
60
0
100
AcDbText
1
54
10
1394821.23477376
20
360591.164383007
30
0.0
40
0.31111111111
41
1.0
50
0.0
51
0.0
7
Standard
11
1394821.23477376
21
360591.164383007
31
0.0
210
0.0
220
0.0
230
1.0
71
0
72
0
100
AcDbText
73
0
0
POINT
5
8E
330
1C
100
AcDbEntity
67
0
8
0
62
256
6
ByLayer
370
-1
48
1.0
60
0
100
AcDbPoint
10
1394821.51726333
20
360589.442774006
30
0.0
39
0.0
210
0.0
220
0.0
230
1.0
50
360.0
0
TEXT
5
8F
330
1C
100
AcDbEntity
67
0
8
0
62
7
6
ByLayer
370
-1
48
1.0
60
0
100
AcDbText
1
55
10
1394821.64639122
20
360589.717212761
30
0.0
40
0.31111111111
41
1.0
50
0.0
51
0.0
7
Standard
11
1394821.64639122
21
360589.717212761
31
0.0
210
0.0
220
0.0
230
1.0
71
0
72
0
100
AcDbText
73
0
0
POINT
5
90
330
1C
100
AcDbEntity
67
0
8
0
62
256
6
ByLayer
370
-1
48
1.0
60
0
100
AcDbPoint
10
1394821.15014937
20
360587.983679081
30
0.0
39
0.0
210
0.0
220
0.0
230
1.0
50
360.0
0
TEXT
5
91
330
1C
100
AcDbEntity
67
0
8
0
62
7
6
ByLayer
370
-1
48
1.0
60
0
100
AcDbText
1
56
10
1394821.27927727
20
360588.25811784
30
0.0
40
0.31111111111
41
1.0
50
0.0
51
0.0
7
Standard
11
1394821.27927727
21
360588.25811784
31
0.0
210
0.0
220
0.0
230
1.0
71
0
72
0
100
AcDbText
73
0
0
POINT
5
92
330
1C
100
AcDbEntity
67
0
8
0
62
256
6
ByLayer
370
-1
48
1.0
60
0
100
AcDbPoint
10
1394820.1026719
20
360586.903622796
30
0.0
39
0.0
210
0.0
220
0.0
230
1.0
50
360.0
0
TEXT
5
93
330
1C
100
AcDbEntity
67
0
8
0
62
7
6
ByLayer
370
-1
48
1.0
60
0
100
AcDbText
1
57
10
1394820.23179979
20
360587.178061555
30
0.0
40
0.31111111111
41
1.0
50
0.0
51
0.0
7
Standard
11
1394820.23179979
21
360587.178061555
31
0.0
210
0.0
220
0.0
230
1.0
71
0
72
0
100
AcDbText
73
0
0
POINT
5
94
330
1C
100
AcDbEntity
67
0
8
0
62
256
6
ByLayer
370
-1
48
1.0
60
0
100
AcDbPoint
10
1394818.65550166
20
360586.492005357
30
0.0
39
0.0
210
0.0
220
0.0
230
1.0
50
360.0
0
TEXT
5
95
330
1C
100
AcDbEntity
67
0
8
0
62
7
6
ByLayer
370
-1
48
1.0
60
0
100
AcDbText
1
58
10
1394818.78462955
20
360586.766444109
30
0.0
40
0.31111111111
41
1.0
50
0.0
51
0.0
7
Standard
11
1394818.78462955
21
360586.766444109
31
0.0
210
0.0
220
0.0
230
1.0
71
0
72
0
100
AcDbText
73
0
0
POINT
5
96
330
1C
100
AcDbEntity
67
0
8
0
62
256
6
ByLayer
370
-1
48
1.0
60
0
100
AcDbPoint
10
1394817.19640675
20
360586.85911932
30
0.0
39
0.0
210
0.0
220
0.0
230
1.0
50
360.0
0
TEXT
5
97
330
1C
100
AcDbEntity
67
0
8
0
62
7
6
ByLayer
370
-1
48
1.0
60
0
100
AcDbText
1
59
10
1394817.32553464
20
360587.133558066
30
0.0
40
0.31111111111
41
1.0
50
0.0
51
0.0
7
Standard
11
1394817.32553464
21
360587.133558066
31
0.0
210
0.0
220
0.0
230
1.0
71
0
72
0
100
AcDbText
73
0
0
POINT
5
98
330
1C
100
AcDbEntity
67
0
8
0
62
256
6
ByLayer
370
-1
48
1.0
60
0
100
AcDbPoint
10
1394816.11635048
20
360587.906596778
30
0.0
39
0.0
210
0.0
220
0.0
230
1.0
50
360.0
0
TEXT
5
99
330
1C
100
AcDbEntity
67
0
8
0
62
7
6
ByLayer
370
-1
48
1.0
60
0
100
AcDbText
1
60
10
1394816.24547837
20
360588.181035529
30
0.0
40
0.31111111111
41
1.0
50
0.0
51
0.0
7
Standard
11
1394816.24547837
21
360588.181035529
31
0.0
210
0.0
220
0.0
230
1.0
71
0
72
0
100
AcDbText
73
0
0
POINT
5
9A
330
1C
100
AcDbEntity
67
0
8
0
62
256
6
ByLayer
370
-1
48
1.0
60
0
100
AcDbPoint
10
1394702.81502449
20
359991.776405893
30
0.0
39
0.0
210
0.0
220
0.0
230
1.0
50
360.0
0
TEXT
5
9B
330
1C
100
AcDbEntity
67
0
8
0
62
7
6
ByLayer
370
-1
48
1.0
60
0
100
AcDbText
1
61
10
1394702.94415347
20
359992.050844453
30
0.0
40
0.31111111111
41
1.0
50
0.0
51
0.0
7
Standard
11
1394702.94415347
21
359992.050844453
31
0.0
210
0.0
220
0.0
230
1.0
71
0
72
0
100
AcDbText
73
0
0
POINT
5
9C
330
1C
100
AcDbEntity
67
0
8
0
62
256
6
ByLayer
370
-1
48
1.0
60
0
100
AcDbPoint
10
1394703.18214056
20
359993.235499807
30
0.0
39
0.0
210
0.0
220
0.0
230
1.0
50
360.0
0
TEXT
5
9D
330
1C
100
AcDbEntity
67
0
8
0
62
7
6
ByLayer
370
-1
48
1.0
60
0
100
AcDbText
1
62
10
1394703.31126954
20
359993.509938365
30
0.0
40
0.31111111111
41
1.0
50
0.0
51
0.0
7
Standard
11
1394703.31126954
21
359993.509938365
31
0.0
210
0.0
220
0.0
230
1.0
71
0
72
0
100
AcDbText
73
0
0
POINT
5
9E
330
1C
100
AcDbEntity
67
0
8
0
62
256
6
ByLayer
370
-1
48
1.0
60
0
100
AcDbPoint
10
1394704.22961937
20
359994.315554171
30
0.0
39
0.0
210
0.0
220
0.0
230
1.0
50
360.0
0
TEXT
5
9F
330
1C
100
AcDbEntity
67
0
8
0
62
7
6
ByLayer
370
-1
48
1.0
60
0
100
AcDbText
1
63
10
1394704.35874835
20
359994.589992729
30
0.0
40
0.31111111111
41
1.0
50
0.0
51
0.0
7
Standard
11
1394704.35874835
21
359994.589992729
31
0.0
210
0.0
220
0.0
230
1.0
71
0
72
0
100
AcDbText
73
0
0
POINT
5
A0
330
1C
100
AcDbEntity
67
0
8
0
62
256
6
ByLayer
370
-1
48
1.0
60
0
100
AcDbPoint
10
1394705.6767898
20
359994.727169287
30
0.0
39
0.0
210
0.0
220
0.0
230
1.0
50
360.0
0
TEXT
5
A1
330
1C
100
AcDbEntity
67
0
8
0
62
7
6
ByLayer
370
-1
48
1.0
60
0
100
AcDbText
1
64
10
1394705.80591878
20
359995.00160785
30
0.0
40
0.31111111111
41
1.0
50
0.0
51
0.0
7
Standard
11
1394705.80591878
21
359995.00160785
31
0.0
210
0.0
220
0.0
230
1.0
71
0
72
0
100
AcDbText
73
0
0
POINT
5
A2
330
1C
100
AcDbEntity
67
0
8
0
62
256
6
ByLayer
370
-1
48
1.0
60
0
100
AcDbPoint
10
1394707.13588373
20
359994.360053215
30
0.0
39
0.0
210
0.0
220
0.0
230
1.0
50
360.0
0
TEXT
5
A3
330
1C
100
AcDbEntity
67
0
8
0
62
7
6
ByLayer
370
-1
48
1.0
60
0
100
AcDbText
1
65
10
1394707.26501271
20
359994.634491782
30
0.0
40
0.31111111111
41
1.0
50
0.0
51
0.0
7
Standard
11
1394707.26501271
21
359994.634491782
31
0.0
210
0.0
220
0.0
230
1.0
71
0
72
0
100
AcDbText
73
0
0
POINT
5
A4
330
1C
100
AcDbEntity
67
0
8
0
62
256
6
ByLayer
370
-1
48
1.0
60
0
100
AcDbPoint
10
1394708.21593811
20
359993.312574401
30
0.0
39
0.0
210
0.0
220
0.0
230
1.0
50
360.0
0
TEXT
5
A5
330
1C
100
AcDbEntity
67
0
8
0
62
7
6
ByLayer
370
-1
48
1.0
60
0
100
AcDbText
1
66
10
1394708.34506709
20
359993.58701297
30
0.0
40
0.31111111111
41
1.0
50
0.0
51
0.0
7
Standard
11
1394708.34506709
21
359993.58701297
31
0.0
210
0.0
220
0.0
230
1.0
71
0
72
0
100
AcDbText
73
0
0
POINT
5
A6
330
1C
100
AcDbEntity
67
0
8
0
62
256
6
ByLayer
370
-1
48
1.0
60
0
100
AcDbPoint
10
1394708.62755322
20
359991.865403949
30
0.0
39
0.0
210
0.0
220
0.0
230
1.0
50
360.0
0
TEXT
5
A7
330
1C
100
AcDbEntity
67
0
8
0
62
7
6
ByLayer
370
-1
48
1.0
60
0
100
AcDbText
1
67
10
1394708.7566822
20
359992.139842516
30
0.0
40
0.31111111111
41
1.0
50
0.0
51
0.0
7
Standard
11
1394708.7566822
21
359992.139842516
31
0.0
210
0.0
220
0.0
230
1.0
71
0
72
0
100
AcDbText
73
0
0
POINT
5
A8
330
1C
100
AcDbEntity
67
0
8
0
62
256
6
ByLayer
370
-1
48
1.0
60
0
100
AcDbPoint
10
1394708.26043714
20
359990.406310017
30
0.0
39
0.0
210
0.0
220
0.0
230
1.0
50
360.0
0
TEXT
5
A9
330
1C
100
AcDbEntity
67
0
8
0
62
7
6
ByLayer
370
-1
48
1.0
60
0
100
AcDbText
1
68
10
1394708.38956612
20
359990.680748583
30
0.0
40
0.31111111111
41
1.0
50
0.0
51
0.0
7
Standard
11
1394708.38956612
21
359990.680748583
31
0.0
210
0.0
220
0.0
230
1.0
71
0
72
0
100
AcDbText
73
0
0
POINT
5
AA
330
1C
100
AcDbEntity
67
0
8
0
62
256
6
ByLayer
370
-1
48
1.0
60
0
100
AcDbPoint
10
1394707.21295831
20
359989.326255653
30
0.0
39
0.0
210
0.0
220
0.0
230
1.0
50
360.0
0
TEXT
5
AB
330
1C
100
AcDbEntity
67
0
8
0
62
7
6
ByLayer
370
-1
48
1.0
60
0
100
AcDbText
1
69
10
1394707.34208729
20
359989.600694221
30
0.0
40
0.31111111111
41
1.0
50
0.0
51
0.0
7
Standard
11
1394707.34208729
21
359989.600694221
31
0.0
210
0.0
220
0.0
230
1.0
71
0
72
0
100
AcDbText
73
0
0
POINT
5
AC
330
1C
100
AcDbEntity
67
0
8
0
62
256
6
ByLayer
370
-1
48
1.0
60
0
100
AcDbPoint
10
1394705.76578786
20
359988.914640555
30
0.0
39
0.0
210
0.0
220
0.0
230
1.0
50
360.0
0
TEXT
5
AD
330
1C
100
AcDbEntity
67
0
8
0
62
7
6
ByLayer
370
-1
48
1.0
60
0
100
AcDbText
1
70
10
1394705.89491685
20
359989.189079117
30
0.0
40
0.31111111111
41
1.0
50
0.0
51
0.0
7
Standard
11
1394705.89491685
21
359989.189079117
31
0.0
210
0.0
220
0.0
230
1.0
71
0
72
0
100
AcDbText
73
0
0
POINT
5
AE
330
1C
100
AcDbEntity
67
0
8
0
62
256
6
ByLayer
370
-1
48
1.0
60
0
100
AcDbPoint
10
1394704.30669394
20
359989.281756646
30
0.0
39
0.0
210
0.0
220
0.0
230
1.0
50
360.0
0
TEXT
5
AF
330
1C
100
AcDbEntity
67
0
8
0
62
7
6
ByLayer
370
-1
48
1.0
60
0
100
AcDbText
1
71
10
1394704.43582293
20
359989.556195206
30
0.0
40
0.31111111111
41
1.0
50
0.0
51
0.0
7
Standard
11
1394704.43582293
21
359989.556195206
31
0.0
210
0.0
220
0.0
230
1.0
71
0
72
0
100
AcDbText
73
0
0
POINT
5
B0
330
1C
100
AcDbEntity
67
0
8
0
62
256
6
ByLayer
370
-1
48
1.0
60
0
100
AcDbPoint
10
1394703.22663959
20
359990.329235459
30
0.0
39
0.0
210
0.0
220
0.0
230
1.0
50
360.0
0
TEXT
5
B1
330
1C
100
AcDbEntity
67
0
8
0
62
7
6
ByLayer
370
-1
48
1.0
60
0
100
AcDbText
1
72
10
1394703.35576858
20
359990.603674018
30
0.0
40
0.31111111111
41
1.0
50
0.0
51
0.0
7
Standard
11
1394703.35576858
21
359990.603674018
31
0.0
210
0.0
220
0.0
230
1.0
71
0
72
0
100
AcDbText
73
0
0
POINT
5
B2
330
1C
100
AcDbEntity
67
0
8
0
62
256
6
ByLayer
370
-1
48
1.0
60
0
100
AcDbPoint
10
1394694.82877898
20
359949.073961603
30
0.0
39
0.0
210
0.0
220
0.0
230
1.0
50
360.0
0
TEXT
5
B3
330
1C
100
AcDbEntity
67
0
8
0
62
7
6
ByLayer
370
-1
48
1.0
60
0
100
AcDbText
1
73
10
1394694.95790804
20
359949.348400147
30
0.0
40
0.31111111111
41
1.0
50
0.0
51
0.0
7
Standard
11
1394694.95790804
21
359949.348400147
31
0.0
210
0.0
220
0.0
230
1.0
71
0
72
0
100
AcDbText
73
0
0
POINT
5
B4
330
1C
100
AcDbEntity
67
0
8
0
62
256
6
ByLayer
370
-1
48
1.0
60
0
100
AcDbPoint
10
1394695.1958952
20
359950.533055444
30
0.0
39
0.0
210
0.0
220
0.0
230
1.0
50
360.0
0
TEXT
5
B5
330
1C
100
AcDbEntity
67
0
8
0
62
7
6
ByLayer
370
-1
48
1.0
60
0
100
AcDbText
1
74
10
1394695.32502426
20
359950.807493991
30
0.0
40
0.31111111111
41
1.0
50
0.0
51
0.0
7
Standard
11
1394695.32502426
21
359950.807493991
31
0.0
210
0.0
220
0.0
230
1.0
71
0
72
0
100
AcDbText
73
0
0
POINT
5
B6
330
1C
100
AcDbEntity
67
0
8
0
62
256
6
ByLayer
370
-1
48
1.0
60
0
100
AcDbPoint
10
1394696.24337411
20
359951.61310967
30
0.0
39
0.0
210
0.0
220
0.0
230
1.0
50
360.0
0
TEXT
5
B7
330
1C
100
AcDbEntity
67
0
8
0
62
7
6
ByLayer
370
-1
48
1.0
60
0
100
AcDbText
1
75
10
1394696.37250316
20
359951.887548219
30
0.0
40
0.31111111111
41
1.0
50
0.0
51
0.0
7
Standard
11
1394696.37250316
21
359951.887548219
31
0.0
210
0.0
220
0.0
230
1.0
71
0
72
0
100
AcDbText
73
0
0
POINT
5
B8
330
1C
100
AcDbEntity
67
0
8
0
62
256
6
ByLayer
370
-1
48
1.0
60
0
100
AcDbPoint
10
1394697.69054456
20
359952.024724623
30
0.0
39
0.0
210
0.0
220
0.0
230
1.0
50
360.0
0
TEXT
5
B9
330
1C
100
AcDbEntity
67
0
8
0
62
7
6
ByLayer
370
-1
48
1.0
60
0
100
AcDbText
1
76
10
1394697.81967362
20
359952.299163171
30
0.0
40
0.31111111111
41
1.0
50
0.0
51
0.0
7
Standard
11
1394697.81967362
21
359952.299163171
31
0.0
210
0.0
220
0.0
230
1.0
71
0
72
0
100
AcDbText
73
0
0
POINT
5
BA
330
1C
100
AcDbEntity
67
0
8
0
62
256
6
ByLayer
370
-1
48
1.0
60
0
100
AcDbPoint
10
1394699.14963842
20
359951.657608397
30
0.0
39
0.0
210
0.0
220
0.0
230
1.0
50
360.0
0
TEXT
5
BB
330
1C
100
AcDbEntity
67
0
8
0
62
7
6
ByLayer
370
-1
48
1.0
60
0
100
AcDbText
1
77
10
1394699.27876747
20
359951.93204695
30
0.0
40
0.31111111111
41
1.0
50
0.0
51
0.0
7
Standard
11
1394699.27876747
21
359951.93204695
31
0.0
210
0.0
220
0.0
230
1.0
71
0
72
0
100
AcDbText
73
0
0
POINT
5
BC
330
1C
100
AcDbEntity
67
0
8
0
62
256
6
ByLayer
370
-1
48
1.0
60
0
100
AcDbPoint
10
1394700.22969265
20
359950.610129485
30
0.0
39
0.0
210
0.0
220
0.0
230
1.0
50
360.0
0
TEXT
5
BD
330
1C
100
AcDbEntity
67
0
8
0
62
7
6
ByLayer
370
-1
48
1.0
60
0
100
AcDbText
1
78
10
1394700.35882171
20
359950.884568039
30
0.0
40
0.31111111111
41
1.0
50
0.0
51
0.0
7
Standard
11
1394700.35882171
21
359950.884568039
31
0.0
210
0.0
220
0.0
230
1.0
71
0
72
0
100
AcDbText
73
0
0
POINT
5
BE
330
1C
100
AcDbEntity
67
0
8
0
62
256
6
ByLayer
370
-1
48
1.0
60
0
100
AcDbPoint
10
1394700.6413076
20
359949.162959019
30
0.0
39
0.0
210
0.0
220
0.0
230
1.0
50
360.0
0
TEXT
5
BF
330
1C
100
AcDbEntity
67
0
8
0
62
7
6
ByLayer
370
-1
48
1.0
60
0
100
AcDbText
1
79
10
1394700.77043666
20
359949.437397574
30
0.0
40
0.31111111111
41
1.0
50
0.0
51
0.0
7
Standard
11
1394700.77043666
21
359949.437397574
31
0.0
210
0.0
220
0.0
230
1.0
71
0
72
0
100
AcDbText
73
0
0
POINT
5
C0
330
1C
100
AcDbEntity
67
0
8
0
62
256
6
ByLayer
370
-1
48
1.0
60
0
100
AcDbPoint
10
1394700.27419136
20
359947.703865156
30
0.0
39
0.0
210
0.0
220
0.0
230
1.0
50
360.0
0
TEXT
5
C1
330
1C
100
AcDbEntity
67
0
8
0
62
7
6
ByLayer
370
-1
48
1.0
60
0
100
AcDbText
1
80
10
1394700.40332042
20
359947.978303711
30
0.0
40
0.31111111111
41
1.0
50
0.0
51
0.0
7
Standard
11
1394700.40332042
21
359947.978303711
31
0.0
210
0.0
220
0.0
230
1.0
71
0
72
0
100
AcDbText
73
0
0
POINT
5
C2
330
1C
100
AcDbEntity
67
0
8
0
62
256
6
ByLayer
370
-1
48
1.0
60
0
100
AcDbPoint
10
1394699.22671244
20
359946.623810933
30
0.0
39
0.0
210
0.0
220
0.0
230
1.0
50
360.0
0
TEXT
5
C3
330
1C
100
AcDbEntity
67
0
8
0
62
7
6
ByLayer
370
-1
48
1.0
60
0
100
AcDbText
1
81
10
1394699.35584151
20
359946.898249481
30
0.0
40
0.31111111111
41
1.0
50
0.0
51
0.0
7
Standard
11
1394699.35584151
21
359946.898249481
31
0.0
210
0.0
220
0.0
230
1.0
71
0
72
0
100
AcDbText
73
0
0
POINT
5
C4
330
1C
100
AcDbEntity
67
0
8
0
62
256
6
ByLayer
370
-1
48
1.0
60
0
100
AcDbPoint
10
1394697.77954197
20
359946.212195997
30
0.0
39
0.0
210
0.0
220
0.0
230
1.0
50
360.0
0
TEXT
5
C5
330
1C
100
AcDbEntity
67
0
8
0
62
7
6
ByLayer
370
-1
48
1.0
60
0
100
AcDbText
1
82
10
1394697.90867104
20
359946.486634547
30
0.0
40
0.31111111111
41
1.0
50
0.0
51
0.0
7
Standard
11
1394697.90867104
21
359946.486634547
31
0.0
210
0.0
220
0.0
230
1.0
71
0
72
0
100
AcDbText
73
0
0
POINT
5
C6
330
1C
100
AcDbEntity
67
0
8
0
62
256
6
ByLayer
370
-1
48
1.0
60
0
100
AcDbPoint
10
1394696.32044812
20
359946.579312242
30
0.0
39
0.0
210
0.0
220
0.0
230
1.0
50
360.0
0
TEXT
5
C7
330
1C
100
AcDbEntity
67
0
8
0
62
7
6
ByLayer
370
-1
48
1.0
60
0
100
AcDbText
1
83
10
1394696.44957719
20
359946.853750789
30
0.0
40
0.31111111111
41
1.0
50
0.0
51
0.0
7
Standard
11
1394696.44957719
21
359946.853750789
31
0.0
210
0.0
220
0.0
230
1.0
71
0
72
0
100
AcDbText
73
0
0
POINT
5
C8
330
1C
100
AcDbEntity
67
0
8
0
62
256
6
ByLayer
370
-1
48
1.0
60
0
100
AcDbPoint
10
1394695.24039391
20
359947.626791152
30
0.0
39
0.0
210
0.0
220
0.0
230
1.0
50
360.0
0
TEXT
5
C9
330
1C
100
AcDbEntity
67
0
8
0
62
7
6
ByLayer
370
-1
48
1.0
60
0
100
AcDbText
1
84
10
1394695.36952298
20
359947.901229699
30
0.0
40
0.31111111111
41
1.0
50
0.0
51
0.0
7
Standard
11
1394695.36952298
21
359947.901229699
31
0.0
210
0.0
220
0.0
230
1.0
71
0
72
0
100
AcDbText
73
0
0
POINT
5
CA
330
1C
100
AcDbEntity
67
0
8
0
62
256
6
ByLayer
370
-1
48
1.0
60
0
100
AcDbPoint
10
1394682.91953679
20
359952.36237401
30
0.0
39
0.0
210
0.0
220
0.0
230
1.0
50
360.0
0
TEXT
5
CB
330
1C
100
AcDbEntity
67
0
8
0
62
7
6
ByLayer
370
-1
48
1.0
60
0
100
AcDbText
1
85
10
1394683.04866585
20
359952.636812531
30
0.0
40
0.31111111111
41
1.0
50
0.0
51
0.0
7
Standard
11
1394683.04866585
21
359952.636812531
31
0.0
210
0.0
220
0.0
230
1.0
71
0
72
0
100
AcDbText
73
0
0
POINT
5
CC
330
1C
100
AcDbEntity
67
0
8
0
62
256
6
ByLayer
370
-1
48
1.0
60
0
100
AcDbPoint
10
1394683.286653
20
359953.821467809
30
0.0
39
0.0
210
0.0
220
0.0
230
1.0
50
360.0
0
TEXT
5
CD
330
1C
100
AcDbEntity
67
0
8
0
62
7
6
ByLayer
370
-1
48
1.0
60
0
100
AcDbText
1
86
10
1394683.41578205
20
359954.095906334
30
0.0
40
0.31111111111
41
1.0
50
0.0
51
0.0
7
Standard
11
1394683.41578205
21
359954.095906334
31
0.0
210
0.0
220
0.0
230
1.0
71
0
72
0
100
AcDbText
73
0
0
POINT
5
CE
330
1C
100
AcDbEntity
67
0
8
0
62
256
6
ByLayer
370
-1
48
1.0
60
0
100
AcDbPoint
10
1394684.33413185
20
359954.90152201
30
0.0
39
0.0
210
0.0
220
0.0
230
1.0
50
360.0
0
TEXT
5
CF
330
1C
100
AcDbEntity
67
0
8
0
62
7
6
ByLayer
370
-1
48
1.0
60
0
100
AcDbText
1
87
10
1394684.46326091
20
359955.175960535
30
0.0
40
0.31111111111
41
1.0
50
0.0
51
0.0
7
Standard
11
1394684.46326091
21
359955.175960535
31
0.0
210
0.0
220
0.0
230
1.0
71
0
72
0
100
AcDbText
73
0
0
POINT
5
D0
330
1C
100
AcDbEntity
67
0
8
0
62
256
6
ByLayer
370
-1
48
1.0
60
0
100
AcDbPoint
10
1394685.78130226
20
359955.313136959
30
0.0
39
0.0
210
0.0
220
0.0
230
1.0
50
360.0
0
TEXT
5
D1
330
1C
100
AcDbEntity
67
0
8
0
62
7
6
ByLayer
370
-1
48
1.0
60
0
100
AcDbText
1
88
10
1394685.91043131
20
359955.587575488
30
0.0
40
0.31111111111
41
1.0
50
0.0
51
0.0
7
Standard
11
1394685.91043131
21
359955.587575488
31
0.0
210
0.0
220
0.0
230
1.0
71
0
72
0
100
AcDbText
73
0
0
POINT
5
D2
330
1C
100
AcDbEntity
67
0
8
0
62
256
6
ByLayer
370
-1
48
1.0
60
0
100
AcDbPoint
10
1394687.24039608
20
359954.94602076
30
0.0
39
0.0
210
0.0
220
0.0
230
1.0
50
360.0
0
TEXT
5
D3
330
1C
100
AcDbEntity
67
0
8
0
62
7
6
ByLayer
370
-1
48
1.0
60
0
100
AcDbText
1
89
10
1394687.36952513
20
359955.220459291
30
0.0
40
0.31111111111
41
1.0
50
0.0
51
0.0
7
Standard
11
1394687.36952513
21
359955.220459291
31
0.0
210
0.0
220
0.0
230
1.0
71
0
72
0
100
AcDbText
73
0
0
POINT
5
D4
330
1C
100
AcDbEntity
67
0
8
0
62
256
6
ByLayer
370
-1
48
1.0
60
0
100
AcDbPoint
10
1394688.32045029
20
359953.89854189
30
0.0
39
0.0
210
0.0
220
0.0
230
1.0
50
360.0
0
TEXT
5
D5
330
1C
100
AcDbEntity
67
0
8
0
62
7
6
ByLayer
370
-1
48
1.0
60
0
100
AcDbText
1
90
10
1394688.44957934
20
359954.172980423
30
0.0
40
0.31111111111
41
1.0
50
0.0
51
0.0
7
Standard
11
1394688.44957934
21
359954.172980423
31
0.0
210
0.0
220
0.0
230
1.0
71
0
72
0
100
AcDbText
73
0
0
POINT
5
D6
330
1C
100
AcDbEntity
67
0
8
0
62
256
6
ByLayer
370
-1
48
1.0
60
0
100
AcDbPoint
10
1394688.73206524
20
359952.45137147
30
0.0
39
0.0
210
0.0
220
0.0
230
1.0
50
360.0
0
TEXT
5
D7
330
1C
100
AcDbEntity
67
0
8
0
62
7
6
ByLayer
370
-1
48
1.0
60
0
100
AcDbText
1
91
10
1394688.86119429
20
359952.725810001
30
0.0
40
0.31111111111
41
1.0
50
0.0
51
0.0
7
Standard
11
1394688.86119429
21
359952.725810001
31
0.0
210
0.0
220
0.0
230
1.0
71
0
72
0
100
AcDbText
73
0
0
POINT
5
D8
330
1C
100
AcDbEntity
67
0
8
0
62
256
6
ByLayer
370
-1
48
1.0
60
0
100
AcDbPoint
10
1394688.36494902
20
359950.992277652
30
0.0
39
0.0
210
0.0
220
0.0
230
1.0
50
360.0
0
TEXT
5
D9
330
1C
100
AcDbEntity
67
0
8
0
62
7
6
ByLayer
370
-1
48
1.0
60
0
100
AcDbText
1
92
10
1394688.49407808
20
359951.266716179
30
0.0
40
0.31111111111
41
1.0
50
0.0
51
0.0
7
Standard
11
1394688.49407808
21
359951.266716179
31
0.0
210
0.0
220
0.0
230
1.0
71
0
72
0
100
AcDbText
73
0
0
POINT
5
DA
330
1C
100
AcDbEntity
67
0
8
0
62
256
6
ByLayer
370
-1
48
1.0
60
0
100
AcDbPoint
10
1394687.31747014
20
359949.912223446
30
0.0
39
0.0
210
0.0
220
0.0
230
1.0
50
360.0
0
TEXT
5
DB
330
1C
100
AcDbEntity
67
0
8
0
62
7
6
ByLayer
370
-1
48
1.0
60
0
100
AcDbText
1
93
10
1394687.4465992
20
359950.186661978
30
0.0
40
0.31111111111
41
1.0
50
0.0
51
0.0
7
Standard
11
1394687.4465992
21
359950.186661978
31
0.0
210
0.0
220
0.0
230
1.0
71
0
72
0
100
AcDbText
73
0
0
POINT
5
DC
330
1C
100
AcDbEntity
67
0
8
0
62
256
6
ByLayer
370
-1
48
1.0
60
0
100
AcDbPoint
10
1394685.87029972
20
359949.500608516
30
0.0
39
0.0
210
0.0
220
0.0
230
1.0
50
360.0
0
TEXT
5
DD
330
1C
100
AcDbEntity
67
0
8
0
62
7
6
ByLayer
370
-1
48
1.0
60
0
100
AcDbText
1
94
10
1394685.99942878
20
359949.775047042
30
0.0
40
0.31111111111
41
1.0
50
0.0
51
0.0
7
Standard
11
1394685.99942878
21
359949.775047042
31
0.0
210
0.0
220
0.0
230
1.0
71
0
72
0
100
AcDbText
73
0
0
POINT
5
DE
330
1C
100
AcDbEntity
67
0
8
0
62
256
6
ByLayer
370
-1
48
1.0
60
0
100
AcDbPoint
10
1394684.41120592
20
359949.867724736
30
0.0
39
0.0
210
0.0
220
0.0
230
1.0
50
360.0
0
TEXT
5
DF
330
1C
100
AcDbEntity
67
0
8
0
62
7
6
ByLayer
370
-1
48
1.0
60
0
100
AcDbText
1
95
10
1394684.54033498
20
359950.142163263
30
0.0
40
0.31111111111
41
1.0
50
0.0
51
0.0
7
Standard
11
1394684.54033498
21
359950.142163263
31
0.0
210
0.0
220
0.0
230
1.0
71
0
72
0
100
AcDbText
73
0
0
POINT
5
E0
330
1C
100
AcDbEntity
67
0
8
0
62
256
6
ByLayer
370
-1
48
1.0
60
0
100
AcDbPoint
10
1394683.33115173
20
359950.915203608
30
0.0
39
0.0
210
0.0
220
0.0
230
1.0
50
360.0
0
TEXT
5
E1
330
1C
100
AcDbEntity
67
0
8
0
62
7
6
ByLayer
370
-1
48
1.0
60
0
100
AcDbText
1
96
10
1394683.46028079
20
359951.189642129
30
0.0
40
0.31111111111
41
1.0
50
0.0
51
0.0
7
Standard
11
1394683.46028079
21
359951.189642129
31
0.0
210
0.0
220
0.0
230
1.0
71
0
72
0
100
AcDbText
73
0
0
POINT
5
E2
330
1C
100
AcDbEntity
67
0
8
0
62
256
6
ByLayer
370
-1
48
1.0
60
0
100
AcDbPoint
10
1398571.70994297
20
359092.912352441
30
0.0
39
0.0
210
0.0
220
0.0
230
1.0
50
360.0
0
TEXT
5
E3
330
1C
100
AcDbEntity
67
0
8
0
62
7
6
ByLayer
370
-1
48
1.0
60
0
100
AcDbText
1
97
10
1398571.83907349
20
359093.186798077
30
0.0
40
0.31111111111
41
1.0
50
0.0
51
0.0
7
Standard
11
1398571.83907349
21
359093.186798077
31
0.0
210
0.0
220
0.0
230
1.0
71
0
72
0
100
AcDbText
73
0
0
POINT
5
E4
330
1C
100
AcDbEntity
67
0
8
0
62
256
6
ByLayer
370
-1
48
1.0
60
0
100
AcDbPoint
10
1398572.07706607
20
359094.371460001
30
0.0
39
0.0
210
0.0
220
0.0
230
1.0
50
360.0
0
TEXT
5
E5
330
1C
100
AcDbEntity
67
0
8
0
62
7
6
ByLayer
370
-1
48
1.0
60
0
100
AcDbText
1
98
10
1398572.20619659
20
359094.645905636
30
0.0
40
0.31111111111
41
1.0
50
0.0
51
0.0
7
Standard
11
1398572.20619659
21
359094.645905636
31
0.0
210
0.0
220
0.0
230
1.0
71
0
72
0
100
AcDbText
73
0
0
POINT
5
E6
330
1C
100
AcDbEntity
67
0
8
0
62
256
6
ByLayer
370
-1
48
1.0
60
0
100
AcDbPoint
10
1398573.12455779
20
359095.451522661
30
0.0
39
0.0
210
0.0
220
0.0
230
1.0
50
360.0
0
TEXT
5
E7
330
1C
100
AcDbEntity
67
0
8
0
62
7
6
ByLayer
370
-1
48
1.0
60
0
100
AcDbText
1
99
10
1398573.2536883
20
359095.7259683
30
0.0
40
0.31111111111
41
1.0
50
0.0
51
0.0
7
Standard
11
1398573.2536883
21
359095.7259683
31
0.0
210
0.0
220
0.0
230
1.0
71
0
72
0
100
AcDbText
73
0
0
POINT
5
E8
330
1C
100
AcDbEntity
67
0
8
0
62
256
6
ByLayer
370
-1
48
1.0
60
0
100
AcDbPoint
10
1398574.57174356
20
359095.863138509
30
0.0
39
0.0
210
0.0
220
0.0
230
1.0
50
360.0
0
TEXT
5
E9
330
1C
100
AcDbEntity
67
0
8
0
62
7
6
ByLayer
370
-1
48
1.0
60
0
100
AcDbText
1
100
10
1398574.70087407
20
359096.137584155
30
0.0
40
0.31111111111
41
1.0
50
0.0
51
0.0
7
Standard
11
1398574.70087407
21
359096.137584155
31
0.0
210
0.0
220
0.0
230
1.0
71
0
72
0
100
AcDbText
73
0
0
POINT
5
EA
330
1C
100
AcDbEntity
67
0
8
0
62
256
6
ByLayer
370
-1
48
1.0
60
0
100
AcDbPoint
10
1398576.03085113
20
359095.496015408
30
0.0
39
0.0
210
0.0
220
0.0
230
1.0
50
360.0
0
TEXT
5
EB
330
1C
100
AcDbEntity
67
0
8
0
62
7
6
ByLayer
370
-1
48
1.0
60
0
100
AcDbText
1
101
10
1398576.15998164
20
359095.770461054
30
0.0
40
0.31111111111
41
1.0
50
0.0
51
0.0
7
Standard
11
1398576.15998164
21
359095.770461054
31
0.0
210
0.0
220
0.0
230
1.0
71
0
72
0
100
AcDbText
73
0
0
POINT
5
EC
330
1C
100
AcDbEntity
67
0
8
0
62
256
6
ByLayer
370
-1
48
1.0
60
0
100
AcDbPoint
10
1398577.1109138
20
359094.448523687
30
0.0
39
0.0
210
0.0
220
0.0
230
1.0
50
360.0
0
TEXT
5
ED
330
1C
100
AcDbEntity
67
0
8
0
62
7
6
ByLayer
370
-1
48
1.0
60
0
100
AcDbText
1
102
10
1398577.24004432
20
359094.72296933
30
0.0
40
0.31111111111
41
1.0
50
0.0
51
0.0
7
Standard
11
1398577.24004432
21
359094.72296933
31
0.0
210
0.0
220
0.0
230
1.0
71
0
72
0
100
AcDbText
73
0
0
POINT
5
EE
330
1C
100
AcDbEntity
67
0
8
0
62
256
6
ByLayer
370
-1
48
1.0
60
0
100
AcDbPoint
10
1398577.52252965
20
359093.0013379
30
0.0
39
0.0
210
0.0
220
0.0
230
1.0
50
360.0
0
TEXT
5
EF
330
1C
100
AcDbEntity
67
0
8
0
62
7
6
ByLayer
370
-1
48
1.0
60
0
100
AcDbText
1
103
10
1398577.65166017
20
359093.275783545
30
0.0
40
0.31111111111
41
1.0
50
0.0
51
0.0
7
Standard
11
1398577.65166017
21
359093.275783545
31
0.0
210
0.0
220
0.0
230
1.0
71
0
72
0
100
AcDbText
73
0
0
POINT
5
F0
330
1C
100
AcDbEntity
67
0
8
0
62
256
6
ByLayer
370
-1
48
1.0
60
0
100
AcDbPoint
10
1398577.15540653
20
359091.542230322
30
0.0
39
0.0
210
0.0
220
0.0
230
1.0
50
360.0
0
TEXT
5
F1
330
1C
100
AcDbEntity
67
0
8
0
62
7
6
ByLayer
370
-1
48
1.0
60
0
100
AcDbText
1
104
10
1398577.28453705
20
359091.816675967
30
0.0
40
0.31111111111
41
1.0
50
0.0
51
0.0
7
Standard
11
1398577.28453705
21
359091.816675967
31
0.0
210
0.0
220
0.0
230
1.0
71
0
72
0
100
AcDbText
73
0
0
POINT
5
F2
330
1C
100
AcDbEntity
67
0
8
0
62
256
6
ByLayer
370
-1
48
1.0
60
0
100
AcDbPoint
10
1398576.1079148
20
359090.462167657
30
0.0
39
0.0
210
0.0
220
0.0
230
1.0
50
360.0
0
TEXT
5
F3
330
1C
100
AcDbEntity
67
0
8
0
62
7
6
ByLayer
370
-1
48
1.0
60
0
100
AcDbText
1
105
10
1398576.23704532
20
359090.736613304
30
0.0
40
0.31111111111
41
1.0
50
0.0
51
0.0
7
Standard
11
1398576.23704532
21
359090.736613304
31
0.0
210
0.0
220
0.0
230
1.0
71
0
72
0
100
AcDbText
73
0
0
POINT
5
F4
330
1C
100
AcDbEntity
67
0
8
0
62
256
6
ByLayer
370
-1
48
1.0
60
0
100
AcDbPoint
10
1398574.66072901
20
359090.050551827
30
0.0
39
0.0
210
0.0
220
0.0
230
1.0
50
360.0
0
TEXT
5
F5
330
1C
100
AcDbEntity
67
0
8
0
62
7
6
ByLayer
370
-1
48
1.0
60
0
100
AcDbText
1
106
10
1398574.78985954
20
359090.324997467
30
0.0
40
0.31111111111
41
1.0
50
0.0
51
0.0
7
Standard
11
1398574.78985954
21
359090.324997467
31
0.0
210
0.0
220
0.0
230
1.0
71
0
72
0
100
AcDbText
73
0
0
POINT
5
F6
330
1C
100
AcDbEntity
67
0
8
0
62
256
6
ByLayer
370
-1
48
1.0
60
0
100
AcDbPoint
10
1398573.20162145
20
359090.417674949
30
0.0
39
0.0
210
0.0
220
0.0
230
1.0
50
360.0
0
TEXT
5
F7
330
1C
100
AcDbEntity
67
0
8
0
62
7
6
ByLayer
370
-1
48
1.0
60
0
100
AcDbText
1
107
10
1398573.33075198
20
359090.692120588
30
0.0
40
0.31111111111
41
1.0
50
0.0
51
0.0
7
Standard
11
1398573.33075198
21
359090.692120588
31
0.0
210
0.0
220
0.0
230
1.0
71
0
72
0
100
AcDbText
73
0
0
POINT
5
F8
330
1C
100
AcDbEntity
67
0
8
0
62
256
6
ByLayer
370
-1
48
1.0
60
0
100
AcDbPoint
10
1398572.1215588
20
359091.465166675
30
0.0
39
0.0
210
0.0
220
0.0
230
1.0
50
360.0
0
TEXT
5
F9
330
1C
100
AcDbEntity
67
0
8
0
62
7
6
ByLayer
370
-1
48
1.0
60
0
100
AcDbText
1
108
10
1398572.25068932
20
359091.739612311
30
0.0
40
0.31111111111
41
1.0
50
0.0
51
0.0
7
Standard
11
1398572.25068932
21
359091.739612311
31
0.0
210
0.0
220
0.0
230
1.0
71
0
72
0
100
AcDbText
73
0
0
POINT
5
FA
330
1C
100
AcDbEntity
67
0
8
0
62
256
6
ByLayer
370
-1
48
1.0
60
0
100
AcDbPoint
10
1398550.90648629
20
359184.161408903
30
0.0
39
0.0
210
0.0
220
0.0
230
1.0
50
360.0
0
TEXT
5
FB
330
1C
100
AcDbEntity
67
0
8
0
62
7
6
ByLayer
370
-1
48
1.0
60
0
100
AcDbText
1
109
10
1398551.03561664
20
359184.435854497
30
0.0
40
0.31111111111
41
1.0
50
0.0
51
0.0
7
Standard
11
1398551.03561664
21
359184.435854497
31
0.0
210
0.0
220
0.0
230
1.0
71
0
72
0
100
AcDbText
73
0
0
POINT
5
FC
330
1C
100
AcDbEntity
67
0
8
0
62
256
6
ByLayer
370
-1
48
1.0
60
0
100
AcDbPoint
10
1398551.27360903
20
359185.620516469
30
0.0
39
0.0
210
0.0
220
0.0
230
1.0
50
360.0
0
TEXT
5
FD
330
1C
100
AcDbEntity
67
0
8
0
62
7
6
ByLayer
370
-1
48
1.0
60
0
100
AcDbText
1
110
10
1398551.40273938
20
359185.894962065
30
0.0
40
0.31111111111
41
1.0
50
0.0
51
0.0
7
Standard
11
1398551.40273938
21
359185.894962065
31
0.0
210
0.0
220
0.0
230
1.0
71
0
72
0
100
AcDbText
73
0
0
POINT
5
FE
330
1C
100
AcDbEntity
67
0
8
0
62
256
6
ByLayer
370
-1
48
1.0
60
0
100
AcDbPoint
10
1398552.32110044
20
359186.700579318
30
0.0
39
0.0
210
0.0
220
0.0
230
1.0
50
360.0
0
TEXT
5
FF
330
1C
100
AcDbEntity
67
0
8
0
62
7
6
ByLayer
370
-1
48
1.0
60
0
100
AcDbText
1
111
10
1398552.45023079
20
359186.975024918
30
0.0
40
0.31111111111
41
1.0
50
0.0
51
0.0
7
Standard
11
1398552.45023079
21
359186.975024918
31
0.0
210
0.0
220
0.0
230
1.0
71
0
72
0
100
AcDbText
73
0
0
POINT
5
100
330
1C
100
AcDbEntity
67
0
8
0
62
256
6
ByLayer
370
-1
48
1.0
60
0
100
AcDbPoint
10
1398553.76828603
20
359187.112195488
30
0.0
39
0.0
210
0.0
220
0.0
230
1.0
50
360.0
0
TEXT
5
101
330
1C
100
AcDbEntity
67
0
8
0
62
7
6
ByLayer
370
-1
48
1.0
60
0
100
AcDbText
1
112
10
1398553.89741638
20
359187.386641088
30
0.0
40
0.31111111111
41
1.0
50
0.0
51
0.0
7
Standard
11
1398553.89741638
21
359187.386641088
31
0.0
210
0.0
220
0.0
230
1.0
71
0
72
0
100
AcDbText
73
0
0
POINT
5
102
330
1C
100
AcDbEntity
67
0
8
0
62
256
6
ByLayer
370
-1
48
1.0
60
0
100
AcDbPoint
10
1398555.22739361
20
359186.745072746
30
0.0
39
0.0
210
0.0
220
0.0
230
1.0
50
360.0
0
TEXT
5
103
330
1C
100
AcDbEntity
67
0
8
0
62
7
6
ByLayer
370
-1
48
1.0
60
0
100
AcDbText
1
113
10
1398555.35652397
20
359187.01951835
30
0.0
40
0.31111111111
41
1.0
50
0.0
51
0.0
7
Standard
11
1398555.35652397
21
359187.01951835
31
0.0
210
0.0
220
0.0
230
1.0
71
0
72
0
100
AcDbText
73
0
0
POINT
5
104
330
1C
100
AcDbEntity
67
0
8
0
62
256
6
ByLayer
370
-1
48
1.0
60
0
100
AcDbPoint
10
1398556.30745648
20
359185.697581331
30
0.0
39
0.0
210
0.0
220
0.0
230
1.0
50
360.0
0
TEXT
5
105
330
1C
100
AcDbEntity
67
0
8
0
62
7
6
ByLayer
370
-1
48
1.0
60
0
100
AcDbText
1
114
10
1398556.43658683
20
359185.972026935
30
0.0
40
0.31111111111
41
1.0
50
0.0
51
0.0
7
Standard
11
1398556.43658683
21
359185.972026935
31
0.0
210
0.0
220
0.0
230
1.0
71
0
72
0
100
AcDbText
73
0
0
POINT
5
106
330
1C
100
AcDbEntity
67
0
8
0
62
256
6
ByLayer
370
-1
48
1.0
60
0
100
AcDbPoint
10
1398556.71907264
20
359184.250395719
30
0.0
39
0.0
210
0.0
220
0.0
230
1.0
50
360.0
0
TEXT
5
107
330
1C
100
AcDbEntity
67
0
8
0
62
7
6
ByLayer
370
-1
48
1.0
60
0
100
AcDbText
1
115
10
1398556.848203
20
359184.524841323
30
0.0
40
0.31111111111
41
1.0
50
0.0
51
0.0
7
Standard
11
1398556.848203
21
359184.524841323
31
0.0
210
0.0
220
0.0
230
1.0
71
0
72
0
100
AcDbText
73
0
0
POINT
5
108
330
1C
100
AcDbEntity
67
0
8
0
62
256
6
ByLayer
370
-1
48
1.0
60
0
100
AcDbPoint
10
1398556.35194989
20
359182.791288132
30
0.0
39
0.0
210
0.0
220
0.0
230
1.0
50
360.0
0
TEXT
5
109
330
1C
100
AcDbEntity
67
0
8
0
62
7
6
ByLayer
370
-1
48
1.0
60
0
100
AcDbText
1
116
10
1398556.48108024
20
359183.065733737
30
0.0
40
0.31111111111
41
1.0
50
0.0
51
0.0
7
Standard
11
1398556.48108024
21
359183.065733737
31
0.0
210
0.0
220
0.0
230
1.0
71
0
72
0
100
AcDbText
73
0
0
POINT
5
10A
330
1C
100
AcDbEntity
67
0
8
0
62
256
6
ByLayer
370
-1
48
1.0
60
0
100
AcDbPoint
10
1398555.30445846
20
359181.711225283
30
0.0
39
0.0
210
0.0
220
0.0
230
1.0
50
360.0
0
TEXT
5
10B
330
1C
100
AcDbEntity
67
0
8
0
62
7
6
ByLayer
370
-1
48
1.0
60
0
100
AcDbText
1
117
10
1398555.43358882
20
359181.985670884
30
0.0
40
0.31111111111
41
1.0
50
0.0
51
0.0
7
Standard
11
1398555.43358882
21
359181.985670884
31
0.0
210
0.0
220
0.0
230
1.0
71
0
72
0
100
AcDbText
73
0
0
POINT
5
10C
330
1C
100
AcDbEntity
67
0
8
0
62
256
6
ByLayer
370
-1
48
1.0
60
0
100
AcDbPoint
10
1398553.85727285
20
359181.299609132
30
0.0
39
0.0
210
0.0
220
0.0
230
1.0
50
360.0
0
TEXT
5
10D
330
1C
100
AcDbEntity
67
0
8
0
62
7
6
ByLayer
370
-1
48
1.0
60
0
100
AcDbText
1
118
10
1398553.98640321
20
359181.574054734
30
0.0
40
0.31111111111
41
1.0
50
0.0
51
0.0
7
Standard
11
1398553.98640321
21
359181.574054734
31
0.0
210
0.0
220
0.0
230
1.0
71
0
72
0
100
AcDbText
73
0
0
POINT
5
10E
330
1C
100
AcDbEntity
67
0
8
0
62
256
6
ByLayer
370
-1
48
1.0
60
0
100
AcDbPoint
10
1398552.39816528
20
359181.666731893
30
0.0
39
0.0
210
0.0
220
0.0
230
1.0
50
360.0
0
TEXT
5
10F
330
1C
100
AcDbEntity
67
0
8
0
62
7
6
ByLayer
370
-1
48
1.0
60
0
100
AcDbText
1
119
10
1398552.52729564
20
359181.941177492
30
0.0
40
0.31111111111
41
1.0
50
0.0
51
0.0
7
Standard
11
1398552.52729564
21
359181.941177492
31
0.0
210
0.0
220
0.0
230
1.0
71
0
72
0
100
AcDbText
73
0
0
POINT
5
110
330
1C
100
AcDbEntity
67
0
8
0
62
256
6
ByLayer
370
-1
48
1.0
60
0
100
AcDbPoint
10
1398551.31810244
20
359182.71422331
30
0.0
39
0.0
210
0.0
220
0.0
230
1.0
50
360.0
0
TEXT
5
111
330
1C
100
AcDbEntity
67
0
8
0
62
7
6
ByLayer
370
-1
48
1.0
60
0
100
AcDbText
1
120
10
1398551.4472328
20
359182.988668903
30
0.0
40
0.31111111111
41
1.0
50
0.0
51
0.0
7
Standard
11
1398551.4472328
21
359182.988668903
31
0.0
210
0.0
220
0.0
230
1.0
71
0
72
0
100
AcDbText
73
0
0
POINT
5
112
330
1C
100
AcDbEntity
67
0
8
0
62
256
6
ByLayer
370
-1
48
1.0
60
0
100
AcDbPoint
10
1398540.28975326
20
359250.34668644
30
0.0
39
0.0
210
0.0
220
0.0
230
1.0
50
360.0
0
TEXT
5
113
330
1C
100
AcDbEntity
67
0
8
0
62
7
6
ByLayer
370
-1
48
1.0
60
0
100
AcDbText
1
121
10
1398540.4188835
20
359250.621132013
30
0.0
40
0.31111111111
41
1.0
50
0.0
51
0.0
7
Standard
11
1398540.4188835
21
359250.621132013
31
0.0
210
0.0
220
0.0
230
1.0
71
0
72
0
100
AcDbText
73
0
0
POINT
5
114
330
1C
100
AcDbEntity
67
0
8
0
62
256
6
ByLayer
370
-1
48
1.0
60
0
100
AcDbPoint
10
1398540.65687575
20
359251.805794028
30
0.0
39
0.0
210
0.0
220
0.0
230
1.0
50
360.0
0
TEXT
5
115
330
1C
100
AcDbEntity
67
0
8
0
62
7
6
ByLayer
370
-1
48
1.0
60
0
100
AcDbText
1
122
10
1398540.78600598
20
359252.080239602
30
0.0
40
0.31111111111
41
1.0
50
0.0
51
0.0
7
Standard
11
1398540.78600598
21
359252.080239602
31
0.0
210
0.0
220
0.0
230
1.0
71
0
72
0
100
AcDbText
73
0
0
POINT
5
116
330
1C
100
AcDbEntity
67
0
8
0
62
256
6
ByLayer
370
-1
48
1.0
60
0
100
AcDbPoint
10
1398541.70436694
20
359252.885857028
30
0.0
39
0.0
210
0.0
220
0.0
230
1.0
50
360.0
0
TEXT
5
117
330
1C
100
AcDbEntity
67
0
8
0
62
7
6
ByLayer
370
-1
48
1.0
60
0
100
AcDbText
1
123
10
1398541.83349717
20
359253.160302604
30
0.0
40
0.31111111111
41
1.0
50
0.0
51
0.0
7
Standard
11
1398541.83349717
21
359253.160302604
31
0.0
210
0.0
220
0.0
230
1.0
71
0
72
0
100
AcDbText
73
0
0
POINT
5
118
330
1C
100
AcDbEntity
67
0
8
0
62
256
6
ByLayer
370
-1
48
1.0
60
0
100
AcDbPoint
10
1398543.15155243
20
359253.29747343
30
0.0
39
0.0
210
0.0
220
0.0
230
1.0
50
360.0
0
TEXT
5
119
330
1C
100
AcDbEntity
67
0
8
0
62
7
6
ByLayer
370
-1
48
1.0
60
0
100
AcDbText
1
124
10
1398543.28068266
20
359253.571919011
30
0.0
40
0.31111111111
41
1.0
50
0.0
51
0.0
7
Standard
11
1398543.28068266
21
359253.571919011
31
0.0
210
0.0
220
0.0
230
1.0
71
0
72
0
100
AcDbText
73
0
0
POINT
5
11A
330
1C
100
AcDbEntity
67
0
8
0
62
256
6
ByLayer
370
-1
48
1.0
60
0
100
AcDbPoint
10
1398544.61066003
20
359252.930350948
30
0.0
39
0.0
210
0.0
220
0.0
230
1.0
50
360.0
0
TEXT
5
11B
330
1C
100
AcDbEntity
67
0
8
0
62
7
6
ByLayer
370
-1
48
1.0
60
0
100
AcDbText
1
125
10
1398544.73979027
20
359253.204796529
30
0.0
40
0.31111111111
41
1.0
50
0.0
51
0.0
7
Standard
11
1398544.73979027
21
359253.204796529
31
0.0
210
0.0
220
0.0
230
1.0
71
0
72
0
100
AcDbText
73
0
0
POINT
5
11C
330
1C
100
AcDbEntity
67
0
8
0
62
256
6
ByLayer
370
-1
48
1.0
60
0
100
AcDbPoint
10
1398545.69072305
20
359251.882859742
30
0.0
39
0.0
210
0.0
220
0.0
230
1.0
50
360.0
0
TEXT
5
11D
330
1C
100
AcDbEntity
67
0
8
0
62
7
6
ByLayer
370
-1
48
1.0
60
0
100
AcDbText
1
126
10
1398545.81985328
20
359252.157305327
30
0.0
40
0.31111111111
41
1.0
50
0.0
51
0.0
7
Standard
11
1398545.81985328
21
359252.157305327
31
0.0
210
0.0
220
0.0
230
1.0
71
0
72
0
100
AcDbText
73
0
0
POINT
5
11E
330
1C
100
AcDbEntity
67
0
8
0
62
256
6
ByLayer
370
-1
48
1.0
60
0
100
AcDbPoint
10
1398546.10233945
20
359250.435674241
30
0.0
39
0.0
210
0.0
220
0.0
230
1.0
50
360.0
0
TEXT
5
11F
330
1C
100
AcDbEntity
67
0
8
0
62
7
6
ByLayer
370
-1
48
1.0
60
0
100
AcDbText
1
127
10
1398546.23146968
20
359250.710119827
30
0.0
40
0.31111111111
41
1.0
50
0.0
51
0.0
7
Standard
11
1398546.23146968
21
359250.710119827
31
0.0
210
0.0
220
0.0
230
1.0
71
0
72
0
100
AcDbText
73
0
0
POINT
5
120
330
1C
100
AcDbEntity
67
0
8
0
62
256
6
ByLayer
370
-1
48
1.0
60
0
100
AcDbPoint
10
1398545.73521694
20
359248.976566633
30
0.0
39
0.0
210
0.0
220
0.0
230
1.0
50
360.0
0
TEXT
5
121
330
1C
100
AcDbEntity
67
0
8
0
62
7
6
ByLayer
370
-1
48
1.0
60
0
100
AcDbText
1
128
10
1398545.86434718
20
359249.251012218
30
0.0
40
0.31111111111
41
1.0
50
0.0
51
0.0
7
Standard
11
1398545.86434718
21
359249.251012218
31
0.0
210
0.0
220
0.0
230
1.0
71
0
72
0
100
AcDbText
73
0
0
POINT
5
122
330
1C
100
AcDbEntity
67
0
8
0
62
256
6
ByLayer
370
-1
48
1.0
60
0
100
AcDbPoint
10
1398544.68772573
20
359247.896503629
30
0.0
39
0.0
210
0.0
220
0.0
230
1.0
50
360.0
0
TEXT
5
123
330
1C
100
AcDbEntity
67
0
8
0
62
7
6
ByLayer
370
-1
48
1.0
60
0
100
AcDbText
1
129
10
1398544.81685597
20
359248.170949215
30
0.0
40
0.31111111111
41
1.0
50
0.0
51
0.0
7
Standard
11
1398544.81685597
21
359248.170949215
31
0.0
210
0.0
220
0.0
230
1.0
71
0
72
0
100
AcDbText
73
0
0
POINT
5
124
330
1C
100
AcDbEntity
67
0
8
0
62
256
6
ByLayer
370
-1
48
1.0
60
0
100
AcDbPoint
10
1398543.24054023
20
359247.484887247
30
0.0
39
0.0
210
0.0
220
0.0
230
1.0
50
360.0
0
TEXT
5
125
330
1C
100
AcDbEntity
67
0
8
0
62
7
6
ByLayer
370
-1
48
1.0
60
0
100
AcDbText
1
130
10
1398543.36967047
20
359247.759332828
30
0.0
40
0.31111111111
41
1.0
50
0.0
51
0.0
7
Standard
11
1398543.36967047
21
359247.759332828
31
0.0
210
0.0
220
0.0
230
1.0
71
0
72
0
100
AcDbText
73
0
0
POINT
5
126
330
1C
100
AcDbEntity
67
0
8
0
62
256
6
ByLayer
370
-1
48
1.0
60
0
100
AcDbPoint
10
1398541.78143264
20
359247.852009748
30
0.0
39
0.0
210
0.0
220
0.0
230
1.0
50
360.0
0
TEXT
5
127
330
1C
100
AcDbEntity
67
0
8
0
62
7
6
ByLayer
370
-1
48
1.0
60
0
100
AcDbText
1
131
10
1398541.91056288
20
359248.126455328
30
0.0
40
0.31111111111
41
1.0
50
0.0
51
0.0
7
Standard
11
1398541.91056288
21
359248.126455328
31
0.0
210
0.0
220
0.0
230
1.0
71
0
72
0
100
AcDbText
73
0
0
POINT
5
128
330
1C
100
AcDbEntity
67
0
8
0
62
256
6
ByLayer
370
-1
48
1.0
60
0
100
AcDbPoint
10
1398540.70136965
20
359248.899500955
30
0.0
39
0.0
210
0.0
220
0.0
230
1.0
50
360.0
0
TEXT
5
129
330
1C
100
AcDbEntity
67
0
8
0
62
7
6
ByLayer
370
-1
48
1.0
60
0
100
AcDbText
1
132
10
1398540.83049989
20
359249.173946531
30
0.0
40
0.31111111111
41
1.0
50
0.0
51
0.0
7
Standard
11
1398540.83049989
21
359249.173946531
31
0.0
210
0.0
220
0.0
230
1.0
71
0
72
0
100
AcDbText
73
0
0
POINT
5
12A
330
1C
100
AcDbEntity
67
0
8
0
62
256
6
ByLayer
370
-1
48
1.0
60
0
100
AcDbPoint
10
1398652.08633334
20
359267.784949459
30
0.0
39
0.0
210
0.0
220
0.0
230
1.0
50
360.0
0
TEXT
5
12B
330
1C
100
AcDbEntity
67
0
8
0
62
7
6
ByLayer
370
-1
48
1.0
60
0
100
AcDbText
1
133
10
1398652.21546354
20
359268.059395237
30
0.0
40
0.31111111111
41
1.0
50
0.0
51
0.0
7
Standard
11
1398652.21546354
21
359268.059395237
31
0.0
210
0.0
220
0.0
230
1.0
71
0
72
0
100
AcDbText
73
0
0
POINT
5
12C
330
1C
100
AcDbEntity
67
0
8
0
62
256
6
ByLayer
370
-1
48
1.0
60
0
100
AcDbPoint
10
1398652.45345587
20
359269.244057483
30
0.0
39
0.0
210
0.0
220
0.0
230
1.0
50
360.0
0
TEXT
5
12D
330
1C
100
AcDbEntity
67
0
8
0
62
7
6
ByLayer
370
-1
48
1.0
60
0
100
AcDbText
1
134
10
1398652.58258606
20
359269.518503262
30
0.0
40
0.31111111111
41
1.0
50
0.0
51
0.0
7
Standard
11
1398652.58258606
21
359269.518503262
31
0.0
210
0.0
220
0.0
230
1.0
71
0
72
0
100
AcDbText
73
0
0
POINT
5
12E
330
1C
100
AcDbEntity
67
0
8
0
62
256
6
ByLayer
370
-1
48
1.0
60
0
100
AcDbPoint
10
1398653.50094731
20
359270.324120839
30
0.0
39
0.0
210
0.0
220
0.0
230
1.0
50
360.0
0
TEXT
5
12F
330
1C
100
AcDbEntity
67
0
8
0
62
7
6
ByLayer
370
-1
48
1.0
60
0
100
AcDbText
1
135
10
1398653.63007751
20
359270.59856662
30
0.0
40
0.31111111111
41
1.0
50
0.0
51
0.0
7
Standard
11
1398653.63007751
21
359270.59856662
31
0.0
210
0.0
220
0.0
230
1.0
71
0
72
0
100
AcDbText
73
0
0
POINT
5
130
330
1C
100
AcDbEntity
67
0
8
0
62
256
6
ByLayer
370
-1
48
1.0
60
0
100
AcDbPoint
10
1398654.9481332
20
359270.735737425
30
0.0
39
0.0
210
0.0
220
0.0
230
1.0
50
360.0
0
TEXT
5
131
330
1C
100
AcDbEntity
67
0
8
0
62
7
6
ByLayer
370
-1
48
1.0
60
0
100
AcDbText
1
136
10
1398655.07726339
20
359271.010183209
30
0.0
40
0.31111111111
41
1.0
50
0.0
51
0.0
7
Standard
11
1398655.07726339
21
359271.010183209
31
0.0
210
0.0
220
0.0
230
1.0
71
0
72
0
100
AcDbText
73
0
0
POINT
5
132
330
1C
100
AcDbEntity
67
0
8
0
62
256
6
ByLayer
370
-1
48
1.0
60
0
100
AcDbPoint
10
1398656.40724124
20
359270.368614901
30
0.0
39
0.0
210
0.0
220
0.0
230
1.0
50
360.0
0
TEXT
5
133
330
1C
100
AcDbEntity
67
0
8
0
62
7
6
ByLayer
370
-1
48
1.0
60
0
100
AcDbText
1
137
10
1398656.53637143
20
359270.643060688
30
0.0
40
0.31111111111
41
1.0
50
0.0
51
0.0
7
Standard
11
1398656.53637143
21
359270.643060688
31
0.0
210
0.0
220
0.0
230
1.0
71
0
72
0
100
AcDbText
73
0
0
POINT
5
134
330
1C
100
AcDbEntity
67
0
8
0
62
256
6
ByLayer
370
-1
48
1.0
60
0
100
AcDbPoint
10
1398657.48730461
20
359269.321123445
30
0.0
39
0.0
210
0.0
220
0.0
230
1.0
50
360.0
0
TEXT
5
135
330
1C
100
AcDbEntity
67
0
8
0
62
7
6
ByLayer
370
-1
48
1.0
60
0
100
AcDbText
1
138
10
1398657.6164348
20
359269.595569234
30
0.0
40
0.31111111111
41
1.0
50
0.0
51
0.0
7
Standard
11
1398657.6164348
21
359269.595569234
31
0.0
210
0.0
220
0.0
230
1.0
71
0
72
0
100
AcDbText
73
0
0
POINT
5
136
330
1C
100
AcDbEntity
67
0
8
0
62
256
6
ByLayer
370
-1
48
1.0
60
0
100
AcDbPoint
10
1398657.89892119
20
359267.873937545
30
0.0
39
0.0
210
0.0
220
0.0
230
1.0
50
360.0
0
TEXT
5
137
330
1C
100
AcDbEntity
67
0
8
0
62
7
6
ByLayer
370
-1
48
1.0
60
0
100
AcDbText
1
139
10
1398658.02805139
20
359268.148383334
30
0.0
40
0.31111111111
41
1.0
50
0.0
51
0.0
7
Standard
11
1398658.02805139
21
359268.148383334
31
0.0
210
0.0
220
0.0
230
1.0
71
0
72
0
100
AcDbText
73
0
0
POINT
5
138
330
1C
100
AcDbEntity
67
0
8
0
62
256
6
ByLayer
370
-1
48
1.0
60
0
100
AcDbPoint
10
1398657.53179865
20
359266.414829504
30
0.0
39
0.0
210
0.0
220
0.0
230
1.0
50
360.0
0
TEXT
5
139
330
1C
100
AcDbEntity
67
0
8
0
62
7
6
ByLayer
370
-1
48
1.0
60
0
100
AcDbText
1
140
10
1398657.66092885
20
359266.689275289
30
0.0
40
0.31111111111
41
1.0
50
0.0
51
0.0
7
Standard
11
1398657.66092885
21
359266.689275289
31
0.0
210
0.0
220
0.0
230
1.0
71
0
72
0
100
AcDbText
73
0
0
POINT
5
13A
330
1C
100
AcDbEntity
67
0
8
0
62
256
6
ByLayer
370
-1
48
1.0
60
0
100
AcDbPoint
10
1398656.48430718
20
359265.334766146
30
0.0
39
0.0
210
0.0
220
0.0
230
1.0
50
360.0
0
TEXT
5
13B
330
1C
100
AcDbEntity
67
0
8
0
62
7
6
ByLayer
370
-1
48
1.0
60
0
100
AcDbText
1
141
10
1398656.61343739
20
359265.609211934
30
0.0
40
0.31111111111
41
1.0
50
0.0
51
0.0
7
Standard
11
1398656.61343739
21
359265.609211934
31
0.0
210
0.0
220
0.0
230
1.0
71
0
72
0
100
AcDbText
73
0
0
POINT
5
13C
330
1C
100
AcDbEntity
67
0
8
0
62
256
6
ByLayer
370
-1
48
1.0
60
0
100
AcDbPoint
10
1398655.03712128
20
359264.92314958
30
0.0
39
0.0
210
0.0
220
0.0
230
1.0
50
360.0
0
TEXT
5
13D
330
1C
100
AcDbEntity
67
0
8
0
62
7
6
ByLayer
370
-1
48
1.0
60
0
100
AcDbText
1
142
10
1398655.16625149
20
359265.197595361
30
0.0
40
0.31111111111
41
1.0
50
0.0
51
0.0
7
Standard
11
1398655.16625149
21
359265.197595361
31
0.0
210
0.0
220
0.0
230
1.0
71
0
72
0
100
AcDbText
73
0
0
POINT
5
13E
330
1C
100
AcDbEntity
67
0
8
0
62
256
6
ByLayer
370
-1
48
1.0
60
0
100
AcDbPoint
10
1398653.57801326
20
359265.290272121
30
0.0
39
0.0
210
0.0
220
0.0
230
1.0
50
360.0
0
TEXT
5
13F
330
1C
100
AcDbEntity
67
0
8
0
62
7
6
ByLayer
370
-1
48
1.0
60
0
100
AcDbText
1
143
10
1398653.70714346
20
359265.564717901
30
0.0
40
0.31111111111
41
1.0
50
0.0
51
0.0
7
Standard
11
1398653.70714346
21
359265.564717901
31
0.0
210
0.0
220
0.0
230
1.0
71
0
72
0
100
AcDbText
73
0
0
POINT
5
140
330
1C
100
AcDbEntity
67
0
8
0
62
256
6
ByLayer
370
-1
48
1.0
60
0
100
AcDbPoint
10
1398652.49794991
20
359266.337763576
30
0.0
39
0.0
210
0.0
220
0.0
230
1.0
50
360.0
0
TEXT
5
141
330
1C
100
AcDbEntity
67
0
8
0
62
7
6
ByLayer
370
-1
48
1.0
60
0
100
AcDbText
1
144
10
1398652.62708012
20
359266.612209356
30
0.0
40
0.31111111111
41
1.0
50
0.0
51
0.0
7
Standard
11
1398652.62708012
21
359266.612209356
31
0.0
210
0.0
220
0.0
230
1.0
71
0
72
0
100
AcDbText
73
0
0
POINT
5
142
330
1C
100
AcDbEntity
67
0
8
0
62
256
6
ByLayer
370
-1
48
1.0
60
0
100
AcDbPoint
10
1398743.06142521
20
359264.328906301
30
0.0
39
0.0
210
0.0
220
0.0
230
1.0
50
360.0
0
TEXT
5
143
330
1C
100
AcDbEntity
67
0
8
0
62
7
6
ByLayer
370
-1
48
1.0
60
0
100
AcDbText
1
145
10
1398743.19055541
20
359264.603352243
30
0.0
40
0.31111111111
41
1.0
50
0.0
51
0.0
7
Standard
11
1398743.19055541
21
359264.603352243
31
0.0
210
0.0
220
0.0
230
1.0
71
0
72
0
100
AcDbText
73
0
0
POINT
5
144
330
1C
100
AcDbEntity
67
0
8
0
62
256
6
ByLayer
370
-1
48
1.0
60
0
100
AcDbPoint
10
1398743.42854784
20
359265.788014662
30
0.0
39
0.0
210
0.0
220
0.0
230
1.0
50
360.0
0
TEXT
5
145
330
1C
100
AcDbEntity
67
0
8
0
62
7
6
ByLayer
370
-1
48
1.0
60
0
100
AcDbText
1
146
10
1398743.55767804
20
359266.062460606
30
0.0
40
0.31111111111
41
1.0
50
0.0
51
0.0
7
Standard
11
1398743.55767804
21
359266.062460606
31
0.0
210
0.0
220
0.0
230
1.0
71
0
72
0
100
AcDbText
73
0
0
POINT
5
146
330
1C
100
AcDbEntity
67
0
8
0
62
256
6
ByLayer
370
-1
48
1.0
60
0
100
AcDbPoint
10
1398744.47603954
20
359266.86807826
30
0.0
39
0.0
210
0.0
220
0.0
230
1.0
50
360.0
0
TEXT
5
147
330
1C
100
AcDbEntity
67
0
8
0
62
7
6
ByLayer
370
-1
48
1.0
60
0
100
AcDbText
1
147
10
1398744.60516973
20
359267.142524209
30
0.0
40
0.31111111111
41
1.0
50
0.0
51
0.0
7
Standard
11
1398744.60516973
21
359267.142524209
31
0.0
210
0.0
220
0.0
230
1.0
71
0
72
0
100
AcDbText
73
0
0
POINT
5
148
330
1C
100
AcDbEntity
67
0
8
0
62
256
6
ByLayer
370
-1
48
1.0
60
0
100
AcDbPoint
10
1398745.92322576
20
359267.27969493
30
0.0
39
0.0
210
0.0
220
0.0
230
1.0
50
360.0
0
TEXT
5
149
330
1C
100
AcDbEntity
67
0
8
0
62
7
6
ByLayer
370
-1
48
1.0
60
0
100
AcDbText
1
148
10
1398746.05235596
20
359267.554140878
30
0.0
40
0.31111111111
41
1.0
50
0.0
51
0.0
7
Standard
11
1398746.05235596
21
359267.554140878
31
0.0
210
0.0
220
0.0
230
1.0
71
0
72
0
100
AcDbText
73
0
0
POINT
5
14A
330
1C
100
AcDbEntity
67
0
8
0
62
256
6
ByLayer
370
-1
48
1.0
60
0
100
AcDbPoint
10
1398747.38233414
20
359266.912572305
30
0.0
39
0.0
210
0.0
220
0.0
230
1.0
50
360.0
0
TEXT
5
14B
330
1C
100
AcDbEntity
67
0
8
0
62
7
6
ByLayer
370
-1
48
1.0
60
0
100
AcDbText
1
149
10
1398747.51146434
20
359267.187018256
30
0.0
40
0.31111111111
41
1.0
50
0.0
51
0.0
7
Standard
11
1398747.51146434
21
359267.187018256
31
0.0
210
0.0
220
0.0
230
1.0
71
0
72
0
100
AcDbText
73
0
0
POINT
5
14C
330
1C
100
AcDbEntity
67
0
8
0
62
256
6
ByLayer
370
-1
48
1.0
60
0
100
AcDbPoint
10
1398748.46239775
20
359265.865080596
30
0.0
39
0.0
210
0.0
220
0.0
230
1.0
50
360.0
0
TEXT
5
14D
330
1C
100
AcDbEntity
67
0
8
0
62
7
6
ByLayer
370
-1
48
1.0
60
0
100
AcDbText
1
150
10
1398748.59152795
20
359266.139526549
30
0.0
40
0.31111111111
41
1.0
50
0.0
51
0.0
7
Standard
11
1398748.59152795
21
359266.139526549
31
0.0
210
0.0
220
0.0
230
1.0
71
0
72
0
100
AcDbText
73
0
0
POINT
5
14E
330
1C
100
AcDbEntity
67
0
8
0
62
256
6
ByLayer
370
-1
48
1.0
60
0
100
AcDbPoint
10
1398748.87401441
20
359264.417894354
30
0.0
39
0.0
210
0.0
220
0.0
230
1.0
50
360.0
0
TEXT
5
14F
330
1C
100
AcDbEntity
67
0
8
0
62
7
6
ByLayer
370
-1
48
1.0
60
0
100
AcDbText
1
151
10
1398749.00314462
20
359264.69234031
30
0.0
40
0.31111111111
41
1.0
50
0.0
51
0.0
7
Standard
11
1398749.00314462
21
359264.69234031
31
0.0
210
0.0
220
0.0
230
1.0
71
0
72
0
100
AcDbText
73
0
0
POINT
5
150
330
1C
100
AcDbEntity
67
0
8
0
62
256
6
ByLayer
370
-1
48
1.0
60
0
100
AcDbPoint
10
1398748.50689178
20
359262.958785977
30
0.0
39
0.0
210
0.0
220
0.0
230
1.0
50
360.0
0
TEXT
5
151
330
1C
100
AcDbEntity
67
0
8
0
62
7
6
ByLayer
370
-1
48
1.0
60
0
100
AcDbText
1
152
10
1398748.63602198
20
359263.233231926
30
0.0
40
0.31111111111
41
1.0
50
0.0
51
0.0
7
Standard
11
1398748.63602198
21
359263.233231926
31
0.0
210
0.0
220
0.0
230
1.0
71
0
72
0
100
AcDbText
73
0
0
POINT
5
152
330
1C
100
AcDbEntity
67
0
8
0
62
256
6
ByLayer
370
-1
48
1.0
60
0
100
AcDbPoint
10
1398747.45940005
20
359261.87872237
30
0.0
39
0.0
210
0.0
220
0.0
230
1.0
50
360.0
0
TEXT
5
153
330
1C
100
AcDbEntity
67
0
8
0
62
7
6
ByLayer
370
-1
48
1.0
60
0
100
AcDbText
1
153
10
1398747.58853026
20
359262.153168324
30
0.0
40
0.31111111111
41
1.0
50
0.0
51
0.0
7
Standard
11
1398747.58853026
21
359262.153168324
31
0.0
210
0.0
220
0.0
230
1.0
71
0
72
0
100
AcDbText
73
0
0
POINT
5
154
330
1C
100
AcDbEntity
67
0
8
0
62
256
6
ByLayer
370
-1
48
1.0
60
0
100
AcDbPoint
10
1398746.01221382
20
359261.467105721
30
0.0
39
0.0
210
0.0
220
0.0
230
1.0
50
360.0
0
TEXT
5
155
330
1C
100
AcDbEntity
67
0
8
0
62
7
6
ByLayer
370
-1
48
1.0
60
0
100
AcDbText
1
154
10
1398746.14134403
20
359261.741551671
30
0.0
40
0.31111111111
41
1.0
50
0.0
51
0.0
7
Standard
11
1398746.14134403
21
359261.741551671
31
0.0
210
0.0
220
0.0
230
1.0
71
0
72
0
100
AcDbText
73
0
0
POINT
5
156
330
1C
100
AcDbEntity
67
0
8
0
62
256
6
ByLayer
370
-1
48
1.0
60
0
100
AcDbPoint
10
1398744.55310545
20
359261.834228363
30
0.0
39
0.0
210
0.0
220
0.0
230
1.0
50
360.0
0
TEXT
5
157
330
1C
100
AcDbEntity
67
0
8
0
62
7
6
ByLayer
370
-1
48
1.0
60
0
100
AcDbText
1
155
10
1398744.68223566
20
359262.10867431
30
0.0
40
0.31111111111
41
1.0
50
0.0
51
0.0
7
Standard
11
1398744.68223566
21
359262.10867431
31
0.0
210
0.0
220
0.0
230
1.0
71
0
72
0
100
AcDbText
73
0
0
POINT
5
158
330
1C
100
AcDbEntity
67
0
8
0
62
256
6
ByLayer
370
-1
48
1.0
60
0
100
AcDbPoint
10
1398743.47304187
20
359262.881720076
30
0.0
39
0.0
210
0.0
220
0.0
230
1.0
50
360.0
0
TEXT
5
159
330
1C
100
AcDbEntity
67
0
8
0
62
7
6
ByLayer
370
-1
48
1.0
60
0
100
AcDbText
1
156
10
1398743.60217207
20
359263.156166023
30
0.0
40
0.31111111111
41
1.0
50
0.0
51
0.0
7
Standard
11
1398743.60217207
21
359263.156166023
31
0.0
210
0.0
220
0.0
230
1.0
71
0
72
0
100
AcDbText
73
0
0
POINT
5
15A
330
1C
100
AcDbEntity
67
0
8
0
62
256
6
ByLayer
370
-1
48
1.0
60
0
100
AcDbPoint
10
1398843.72209421
20
359277.848404243
30
0.0
39
0.0
210
0.0
220
0.0
230
1.0
50
360.0
0
TEXT
5
15B
330
1C
100
AcDbEntity
67
0
8
0
62
7
6
ByLayer
370
-1
48
1.0
60
0
100
AcDbText
1
157
10
1398843.85122438
20
359278.122850372
30
0.0
40
0.31111111111
41
1.0
50
0.0
51
0.0
7
Standard
11
1398843.85122438
21
359278.122850372
31
0.0
210
0.0
220
0.0
230
1.0
71
0
72
0
100
AcDbText
73
0
0
POINT
5
15C
330
1C
100
AcDbEntity
67
0
8
0
62
256
6
ByLayer
370
-1
48
1.0
60
0
100
AcDbPoint
10
1398844.08921687
20
359279.307512994
30
0.0
39
0.0
210
0.0
220
0.0
230
1.0
50
360.0
0
TEXT
5
15D
330
1C
100
AcDbEntity
67
0
8
0
62
7
6
ByLayer
370
-1
48
1.0
60
0
100
AcDbText
1
158
10
1398844.21834705
20
359279.581959123
30
0.0
40
0.31111111111
41
1.0
50
0.0
51
0.0
7
Standard
11
1398844.21834705
21
359279.581959123
31
0.0
210
0.0
220
0.0
230
1.0
71
0
72
0
100
AcDbText
73
0
0
POINT
5
15E
330
1C
100
AcDbEntity
67
0
8
0
62
256
6
ByLayer
370
-1
48
1.0
60
0
100
AcDbPoint
10
1398845.13670881
20
359280.387576912
30
0.0
39
0.0
210
0.0
220
0.0
230
1.0
50
360.0
0
TEXT
5
15F
330
1C
100
AcDbEntity
67
0
8
0
62
7
6
ByLayer
370
-1
48
1.0
60
0
100
AcDbText
1
159
10
1398845.26583898
20
359280.662023038
30
0.0
40
0.31111111111
41
1.0
50
0.0
51
0.0
7
Standard
11
1398845.26583898
21
359280.662023038
31
0.0
210
0.0
220
0.0
230
1.0
71
0
72
0
100
AcDbText
73
0
0
POINT
5
160
330
1C
100
AcDbEntity
67
0
8
0
62
256
6
ByLayer
370
-1
48
1.0
60
0
100
AcDbPoint
10
1398846.5838954
20
359280.799193734
30
0.0
39
0.0
210
0.0
220
0.0
230
1.0
50
360.0
0
TEXT
5
161
330
1C
100
AcDbEntity
67
0
8
0
62
7
6
ByLayer
370
-1
48
1.0
60
0
100
AcDbText
1
160
10
1398846.71302557
20
359281.073639868
30
0.0
40
0.31111111111
41
1.0
50
0.0
51
0.0
7
Standard
11
1398846.71302557
21
359281.073639868
31
0.0
210
0.0
220
0.0
230
1.0
71
0
72
0
100
AcDbText
73
0
0
POINT
5
162
330
1C
100
AcDbEntity
67
0
8
0
62
256
6
ByLayer
370
-1
48
1.0
60
0
100
AcDbPoint
10
1398848.04300416
20
359280.432071066
30
0.0
39
0.0
210
0.0
220
0.0
230
1.0
50
360.0
0
TEXT
5
163
330
1C
100
AcDbEntity
67
0
8
0
62
7
6
ByLayer
370
-1
48
1.0
60
0
100
AcDbText
1
161
10
1398848.17213433
20
359280.706517202
30
0.0
40
0.31111111111
41
1.0
50
0.0
51
0.0
7
Standard
11
1398848.17213433
21
359280.706517202
31
0.0
210
0.0
220
0.0
230
1.0
71
0
72
0
100
AcDbText
73
0
0
POINT
5
164
330
1C
100
AcDbEntity
67
0
8
0
62
256
6
ByLayer
370
-1
48
1.0
60
0
100
AcDbPoint
10
1398849.12306809
20
359279.384579122
30
0.0
39
0.0
210
0.0
220
0.0
230
1.0
50
360.0
0
TEXT
5
165
330
1C
100
AcDbEntity
67
0
8
0
62
7
6
ByLayer
370
-1
48
1.0
60
0
100
AcDbText
1
162
10
1398849.25219826
20
359279.659025259
30
0.0
40
0.31111111111
41
1.0
50
0.0
51
0.0
7
Standard
11
1398849.25219826
21
359279.659025259
31
0.0
210
0.0
220
0.0
230
1.0
71
0
72
0
100
AcDbText
73
0
0
POINT
5
166
330
1C
100
AcDbEntity
67
0
8
0
62
256
6
ByLayer
370
-1
48
1.0
60
0
100
AcDbPoint
10
1398849.53468491
20
359277.937392522
30
0.0
39
0.0
210
0.0
220
0.0
230
1.0
50
360.0
0
TEXT
5
167
330
1C
100
AcDbEntity
67
0
8
0
62
7
6
ByLayer
370
-1
48
1.0
60
0
100
AcDbText
1
163
10
1398849.66381509
20
359278.211838658
30
0.0
40
0.31111111111
41
1.0
50
0.0
51
0.0
7
Standard
11
1398849.66381509
21
359278.211838658
31
0.0
210
0.0
220
0.0
230
1.0
71
0
72
0
100
AcDbText
73
0
0
POINT
5
168
330
1C
100
AcDbEntity
67
0
8
0
62
256
6
ByLayer
370
-1
48
1.0
60
0
100
AcDbPoint
10
1398849.16756223
20
359276.47828375
30
0.0
39
0.0
210
0.0
220
0.0
230
1.0
50
360.0
0
TEXT
5
169
330
1C
100
AcDbEntity
67
0
8
0
62
7
6
ByLayer
370
-1
48
1.0
60
0
100
AcDbText
1
164
10
1398849.29669241
20
359276.752729886
30
0.0
40
0.31111111111
41
1.0
50
0.0
51
0.0
7
Standard
11
1398849.29669241
21
359276.752729886
31
0.0
210
0.0
220
0.0
230
1.0
71
0
72
0
100
AcDbText
73
0
0
POINT
5
16A
330
1C
100
AcDbEntity
67
0
8
0
62
256
6
ByLayer
370
-1
48
1.0
60
0
100
AcDbPoint
10
1398848.12007027
20
359275.398219833
30
0.0
39
0.0
210
0.0
220
0.0
230
1.0
50
360.0
0
TEXT
5
16B
330
1C
100
AcDbEntity
67
0
8
0
62
7
6
ByLayer
370
-1
48
1.0
60
0
100
AcDbText
1
165
10
1398848.24920045
20
359275.672665969
30
0.0
40
0.31111111111
41
1.0
50
0.0
51
0.0
7
Standard
11
1398848.24920045
21
359275.672665969
31
0.0
210
0.0
220
0.0
230
1.0
71
0
72
0
100
AcDbText
73
0
0
POINT
5
16C
330
1C
100
AcDbEntity
67
0
8
0
62
256
6
ByLayer
370
-1
48
1.0
60
0
100
AcDbPoint
10
1398846.67288367
20
359274.986603027
30
0.0
39
0.0
210
0.0
220
0.0
230
1.0
50
360.0
0
TEXT
5
16D
330
1C
100
AcDbEntity
67
0
8
0
62
7
6
ByLayer
370
-1
48
1.0
60
0
100
AcDbText
1
166
10
1398846.80201386
20
359275.261049161
30
0.0
40
0.31111111111
41
1.0
50
0.0
51
0.0
7
Standard
11
1398846.80201386
21
359275.261049161
31
0.0
210
0.0
220
0.0
230
1.0
71
0
72
0
100
AcDbText
73
0
0
POINT
5
16E
330
1C
100
AcDbEntity
67
0
8
0
62
256
6
ByLayer
370
-1
48
1.0
60
0
100
AcDbPoint
10
1398845.21377492
20
359275.353725713
30
0.0
39
0.0
210
0.0
220
0.0
230
1.0
50
360.0
0
TEXT
5
16F
330
1C
100
AcDbEntity
67
0
8
0
62
7
6
ByLayer
370
-1
48
1.0
60
0
100
AcDbText
1
167
10
1398845.3429051
20
359275.628171845
30
0.0
40
0.31111111111
41
1.0
50
0.0
51
0.0
7
Standard
11
1398845.3429051
21
359275.628171845
31
0.0
210
0.0
220
0.0
230
1.0
71
0
72
0
100
AcDbText
73
0
0
POINT
5
170
330
1C
100
AcDbEntity
67
0
8
0
62
256
6
ByLayer
370
-1
48
1.0
60
0
100
AcDbPoint
10
1398844.13371101
20
359276.401217659
30
0.0
39
0.0
210
0.0
220
0.0
230
1.0
50
360.0
0
TEXT
5
171
330
1C
100
AcDbEntity
67
0
8
0
62
7
6
ByLayer
370
-1
48
1.0
60
0
100
AcDbText
1
168
10
1398844.26284119
20
359276.675663786
30
0.0
40
0.31111111111
41
1.0
50
0.0
51
0.0
7
Standard
11
1398844.26284119
21
359276.675663786
31
0.0
210
0.0
220
0.0
230
1.0
71
0
72
0
100
AcDbText
73
0
0
POINT
5
172
330
1C
100
AcDbEntity
67
0
8
0
62
256
6
ByLayer
370
-1
48
1.0
60
0
100
AcDbPoint
10
1398930.88002174
20
359246.658678102
30
0.0
39
0.0
210
0.0
220
0.0
230
1.0
50
360.0
0
TEXT
5
173
330
1C
100
AcDbEntity
67
0
8
0
62
7
6
ByLayer
370
-1
48
1.0
60
0
100
AcDbText
1
169
10
1398931.00915197
20
359246.933124392
30
0.0
40
0.31111111111
41
1.0
50
0.0
51
0.0
7
Standard
11
1398931.00915197
21
359246.933124392
31
0.0
210
0.0
220
0.0
230
1.0
71
0
72
0
100
AcDbText
73
0
0
POINT
5
174
330
1C
100
AcDbEntity
67
0
8
0
62
256
6
ByLayer
370
-1
48
1.0
60
0
100
AcDbPoint
10
1398931.24714461
20
359248.117787153
30
0.0
39
0.0
210
0.0
220
0.0
230
1.0
50
360.0
0
TEXT
5
175
330
1C
100
AcDbEntity
67
0
8
0
62
7
6
ByLayer
370
-1
48
1.0
60
0
100
AcDbText
1
170
10
1398931.37627484
20
359248.392233441
30
0.0
40
0.31111111111
41
1.0
50
0.0
51
0.0
7
Standard
11
1398931.37627484
21
359248.392233441
31
0.0
210
0.0
220
0.0
230
1.0
71
0
72
0
100
AcDbText
73
0
0
POINT
5
176
330
1C
100
AcDbEntity
67
0
8
0
62
256
6
ByLayer
370
-1
48
1.0
60
0
100
AcDbPoint
10
1398932.29463687
20
359249.197851226
30
0.0
39
0.0
210
0.0
220
0.0
230
1.0
50
360.0
0
TEXT
5
177
330
1C
100
AcDbEntity
67
0
8
0
62
7
6
ByLayer
370
-1
48
1.0
60
0
100
AcDbText
1
171
10
1398932.42376709
20
359249.472297513
30
0.0
40
0.31111111111
41
1.0
50
0.0
51
0.0
7
Standard
11
1398932.42376709
21
359249.472297513
31
0.0
210
0.0
220
0.0
230
1.0
71
0
72
0
100
AcDbText
73
0
0
POINT
5
178
330
1C
100
AcDbEntity
67
0
8
0
62
256
6
ByLayer
370
-1
48
1.0
60
0
100
AcDbPoint
10
1398933.74182381
20
359249.609468026
30
0.0
39
0.0
210
0.0
220
0.0
230
1.0
50
360.0
0
TEXT
5
179
330
1C
100
AcDbEntity
67
0
8
0
62
7
6
ByLayer
370
-1
48
1.0
60
0
100
AcDbText
1
172
10
1398933.87095404
20
359249.883914319
30
0.0
40
0.31111111111
41
1.0
50
0.0
51
0.0
7
Standard
11
1398933.87095404
21
359249.883914319
31
0.0
210
0.0
220
0.0
230
1.0
71
0
72
0
100
AcDbText
73
0
0
POINT
5
17A
330
1C
100
AcDbEntity
67
0
8
0
62
256
6
ByLayer
370
-1
48
1.0
60
0
100
AcDbPoint
10
1398935.20093287
20
359249.242345161
30
0.0
39
0.0
210
0.0
220
0.0
230
1.0
50
360.0
0
TEXT
5
17B
330
1C
100
AcDbEntity
67
0
8
0
62
7
6
ByLayer
370
-1
48
1.0
60
0
100
AcDbText
1
173
10
1398935.3300631
20
359249.516791454
30
0.0
40
0.31111111111
41
1.0
50
0.0
51
0.0
7
Standard
11
1398935.3300631
21
359249.516791454
31
0.0
210
0.0
220
0.0
230
1.0
71
0
72
0
100
AcDbText
73
0
0
POINT
5
17C
330
1C
100
AcDbEntity
67
0
8
0
62
256
6
ByLayer
370
-1
48
1.0
60
0
100
AcDbPoint
10
1398936.28099696
20
359248.194852892
30
0.0
39
0.0
210
0.0
220
0.0
230
1.0
50
360.0
0
TEXT
5
17D
330
1C
100
AcDbEntity
67
0
8
0
62
7
6
ByLayer
370
-1
48
1.0
60
0
100
AcDbText
1
174
10
1398936.41012718
20
359248.469299192
30
0.0
40
0.31111111111
41
1.0
50
0.0
51
0.0
7
Standard
11
1398936.41012718
21
359248.469299192
31
0.0
210
0.0
220
0.0
230
1.0
71
0
72
0
100
AcDbText
73
0
0
POINT
5
17E
330
1C
100
AcDbEntity
67
0
8
0
62
256
6
ByLayer
370
-1
48
1.0
60
0
100
AcDbPoint
10
1398936.69261375
20
359246.747665934
30
0.0
39
0.0
210
0.0
220
0.0
230
1.0
50
360.0
0
TEXT
5
17F
330
1C
100
AcDbEntity
67
0
8
0
62
7
6
ByLayer
370
-1
48
1.0
60
0
100
AcDbText
1
175
10
1398936.82174398
20
359247.022112236
30
0.0
40
0.31111111111
41
1.0
50
0.0
51
0.0
7
Standard
11
1398936.82174398
21
359247.022112236
31
0.0
210
0.0
220
0.0
230
1.0
71
0
72
0
100
AcDbText
73
0
0
POINT
5
180
330
1C
100
AcDbEntity
67
0
8
0
62
256
6
ByLayer
370
-1
48
1.0
60
0
100
AcDbPoint
10
1398936.32549087
20
359245.288556866
30
0.0
39
0.0
210
0.0
220
0.0
230
1.0
50
360.0
0
TEXT
5
181
330
1C
100
AcDbEntity
67
0
8
0
62
7
6
ByLayer
370
-1
48
1.0
60
0
100
AcDbText
1
176
10
1398936.45462111
20
359245.563003164
30
0.0
40
0.31111111111
41
1.0
50
0.0
51
0.0
7
Standard
11
1398936.45462111
21
359245.563003164
31
0.0
210
0.0
220
0.0
230
1.0
71
0
72
0
100
AcDbText
73
0
0
POINT
5
182
330
1C
100
AcDbEntity
67
0
8
0
62
256
6
ByLayer
370
-1
48
1.0
60
0
100
AcDbPoint
10
1398935.2779986
20
359244.208492791
30
0.0
39
0.0
210
0.0
220
0.0
230
1.0
50
360.0
0
TEXT
5
183
330
1C
100
AcDbEntity
67
0
8
0
62
7
6
ByLayer
370
-1
48
1.0
60
0
100
AcDbText
1
177
10
1398935.40712883
20
359244.48293909
30
0.0
40
0.31111111111
41
1.0
50
0.0
51
0.0
7
Standard
11
1398935.40712883
21
359244.48293909
31
0.0
210
0.0
220
0.0
230
1.0
71
0
72
0
100
AcDbText
73
0
0
POINT
5
184
330
1C
100
AcDbEntity
67
0
8
0
62
256
6
ByLayer
370
-1
48
1.0
60
0
100
AcDbPoint
10
1398933.83081164
20
359243.796876013
30
0.0
39
0.0
210
0.0
220
0.0
230
1.0
50
360.0
0
TEXT
5
185
330
1C
100
AcDbEntity
67
0
8
0
62
7
6
ByLayer
370
-1
48
1.0
60
0
100
AcDbText
1
178
10
1398933.95994188
20
359244.071322302
30
0.0
40
0.31111111111
41
1.0
50
0.0
51
0.0
7
Standard
11
1398933.95994188
21
359244.071322302
31
0.0
210
0.0
220
0.0
230
1.0
71
0
72
0
100
AcDbText
73
0
0
POINT
5
186
330
1C
100
AcDbEntity
67
0
8
0
62
256
6
ByLayer
370
-1
48
1.0
60
0
100
AcDbPoint
10
1398932.37170259
20
359244.163998897
30
0.0
39
0.0
210
0.0
220
0.0
230
1.0
50
360.0
0
TEXT
5
187
330
1C
100
AcDbEntity
67
0
8
0
62
7
6
ByLayer
370
-1
48
1.0
60
0
100
AcDbText
1
179
10
1398932.50083282
20
359244.438445187
30
0.0
40
0.31111111111
41
1.0
50
0.0
51
0.0
7
Standard
11
1398932.50083282
21
359244.438445187
31
0.0
210
0.0
220
0.0
230
1.0
71
0
72
0
100
AcDbText
73
0
0
POINT
5
188
330
1C
100
AcDbEntity
67
0
8
0
62
256
6
ByLayer
370
-1
48
1.0
60
0
100
AcDbPoint
10
1398931.29163853
20
359245.211491163
30
0.0
39
0.0
210
0.0
220
0.0
230
1.0
50
360.0
0
TEXT
5
189
330
1C
100
AcDbEntity
67
0
8
0
62
7
6
ByLayer
370
-1
48
1.0
60
0
100
AcDbText
1
180
10
1398931.42076876
20
359245.485937453
30
0.0
40
0.31111111111
41
1.0
50
0.0
51
0.0
7
Standard
11
1398931.42076876
21
359245.485937453
31
0.0
210
0.0
220
0.0
230
1.0
71
0
72
0
100
AcDbText
73
0
0
POINT
5
18A
330
1C
100
AcDbEntity
67
0
8
0
62
256
6
ByLayer
370
-1
48
1.0
60
0
100
AcDbPoint
10
1398694.61800207
20
359206.943166204
30
0.0
39
0.0
210
0.0
220
0.0
230
1.0
50
360.0
0
TEXT
5
18B
330
1C
100
AcDbEntity
67
0
8
0
62
7
6
ByLayer
370
-1
48
1.0
60
0
100
AcDbText
1
181
10
1398694.74713238
20
359207.217612061
30
0.0
40
0.31111111111
41
1.0
50
0.0
51
0.0
7
Standard
11
1398694.74713238
21
359207.217612061
31
0.0
210
0.0
220
0.0
230
1.0
71
0
72
0
100
AcDbText
73
0
0
POINT
5
18C
330
1C
100
AcDbEntity
67
0
8
0
62
256
6
ByLayer
370
-1
48
1.0
60
0
100
AcDbPoint
10
1398694.98512487
20
359208.402274332
30
0.0
39
0.0
210
0.0
220
0.0
230
1.0
50
360.0
0
TEXT
5
18D
330
1C
100
AcDbEntity
67
0
8
0
62
7
6
ByLayer
370
-1
48
1.0
60
0
100
AcDbText
1
182
10
1398695.11425517
20
359208.67672019
30
0.0
40
0.31111111111
41
1.0
50
0.0
51
0.0
7
Standard
11
1398695.11425517
21
359208.67672019
31
0.0
210
0.0
220
0.0
230
1.0
71
0
72
0
100
AcDbText
73
0
0
POINT
5
18E
330
1C
100
AcDbEntity
67
0
8
0
62
256
6
ByLayer
370
-1
48
1.0
60
0
100
AcDbPoint
10
1398696.03261659
20
359209.482337641
30
0.0
39
0.0
210
0.0
220
0.0
230
1.0
50
360.0
0
TEXT
5
18F
330
1C
100
AcDbEntity
67
0
8
0
62
7
6
ByLayer
370
-1
48
1.0
60
0
100
AcDbText
1
183
10
1398696.1617469
20
359209.756783499
30
0.0
40
0.31111111111
41
1.0
50
0.0
51
0.0
7
Standard
11
1398696.1617469
21
359209.756783499
31
0.0
210
0.0
220
0.0
230
1.0
71
0
72
0
100
AcDbText
73
0
0
POINT
5
190
330
1C
100
AcDbEntity
67
0
8
0
62
256
6
ByLayer
370
-1
48
1.0
60
0
100
AcDbPoint
10
1398697.4798027
20
359209.893954045
30
0.0
39
0.0
210
0.0
220
0.0
230
1.0
50
360.0
0
TEXT
5
191
330
1C
100
AcDbEntity
67
0
8
0
62
7
6
ByLayer
370
-1
48
1.0
60
0
100
AcDbText
1
184
10
1398697.608933
20
359210.168399909
30
0.0
40
0.31111111111
41
1.0
50
0.0
51
0.0
7
Standard
11
1398697.608933
21
359210.168399909
31
0.0
210
0.0
220
0.0
230
1.0
71
0
72
0
100
AcDbText
73
0
0
POINT
5
192
330
1C
100
AcDbEntity
67
0
8
0
62
256
6
ByLayer
370
-1
48
1.0
60
0
100
AcDbPoint
10
1398698.93891084
20
359209.526831255
30
0.0
39
0.0
210
0.0
220
0.0
230
1.0
50
360.0
0
TEXT
5
193
330
1C
100
AcDbEntity
67
0
8
0
62
7
6
ByLayer
370
-1
48
1.0
60
0
100
AcDbText
1
185
10
1398699.06804114
20
359209.801277118
30
0.0
40
0.31111111111
41
1.0
50
0.0
51
0.0
7
Standard
11
1398699.06804114
21
359209.801277118
31
0.0
210
0.0
220
0.0
230
1.0
71
0
72
0
100
AcDbText
73
0
0
POINT
5
194
330
1C
100
AcDbEntity
67
0
8
0
62
256
6
ByLayer
370
-1
48
1.0
60
0
100
AcDbPoint
10
1398700.01897416
20
359208.479339514
30
0.0
39
0.0
210
0.0
220
0.0
230
1.0
50
360.0
0
TEXT
5
195
330
1C
100
AcDbEntity
67
0
8
0
62
7
6
ByLayer
370
-1
48
1.0
60
0
100
AcDbText
1
186
10
1398700.14810447
20
359208.753785383
30
0.0
40
0.31111111111
41
1.0
50
0.0
51
0.0
7
Standard
11
1398700.14810447
21
359208.753785383
31
0.0
210
0.0
220
0.0
230
1.0
71
0
72
0
100
AcDbText
73
0
0
POINT
5
196
330
1C
100
AcDbEntity
67
0
8
0
62
256
6
ByLayer
370
-1
48
1.0
60
0
100
AcDbPoint
10
1398700.43059056
20
359207.032153392
30
0.0
39
0.0
210
0.0
220
0.0
230
1.0
50
360.0
0
TEXT
5
197
330
1C
100
AcDbEntity
67
0
8
0
62
7
6
ByLayer
370
-1
48
1.0
60
0
100
AcDbText
1
187
10
1398700.55972087
20
359207.306599259
30
0.0
40
0.31111111111
41
1.0
50
0.0
51
0.0
7
Standard
11
1398700.55972087
21
359207.306599259
31
0.0
210
0.0
220
0.0
230
1.0
71
0
72
0
100
AcDbText
73
0
0
POINT
5
198
330
1C
100
AcDbEntity
67
0
8
0
62
256
6
ByLayer
370
-1
48
1.0
60
0
100
AcDbPoint
10
1398700.06346776
20
359205.573045248
30
0.0
39
0.0
210
0.0
220
0.0
230
1.0
50
360.0
0
TEXT
5
199
330
1C
100
AcDbEntity
67
0
8
0
62
7
6
ByLayer
370
-1
48
1.0
60
0
100
AcDbText
1
188
10
1398700.19259807
20
359205.847491112
30
0.0
40
0.31111111111
41
1.0
50
0.0
51
0.0
7
Standard
11
1398700.19259807
21
359205.847491112
31
0.0
210
0.0
220
0.0
230
1.0
71
0
72
0
100
AcDbText
73
0
0
POINT
5
19A
330
1C
100
AcDbEntity
67
0
8
0
62
256
6
ByLayer
370
-1
48
1.0
60
0
100
AcDbPoint
10
1398699.01597601
20
359204.492981933
30
0.0
39
0.0
210
0.0
220
0.0
230
1.0
50
360.0
0
TEXT
5
19B
330
1C
100
AcDbEntity
67
0
8
0
62
7
6
ByLayer
370
-1
48
1.0
60
0
100
AcDbText
1
189
10
1398699.14510632
20
359204.767427801
30
0.0
40
0.31111111111
41
1.0
50
0.0
51
0.0
7
Standard
11
1398699.14510632
21
359204.767427801
31
0.0
210
0.0
220
0.0
230
1.0
71
0
72
0
100
AcDbText
73
0
0
POINT
5
19C
330
1C
100
AcDbEntity
67
0
8
0
62
256
6
ByLayer
370
-1
48
1.0
60
0
100
AcDbPoint
10
1398697.56878989
20
359204.081365551
30
0.0
39
0.0
210
0.0
220
0.0
230
1.0
50
360.0
0
TEXT
5
19D
330
1C
100
AcDbEntity
67
0
8
0
62
7
6
ByLayer
370
-1
48
1.0
60
0
100
AcDbText
1
190
10
1398697.6979202
20
359204.355811412
30
0.0
40
0.31111111111
41
1.0
50
0.0
51
0.0
7
Standard
11
1398697.6979202
21
359204.355811412
31
0.0
210
0.0
220
0.0
230
1.0
71
0
72
0
100
AcDbText
73
0
0
POINT
5
19E
330
1C
100
AcDbEntity
67
0
8
0
62
256
6
ByLayer
370
-1
48
1.0
60
0
100
AcDbPoint
10
1398696.10968176
20
359204.44848836
30
0.0
39
0.0
210
0.0
220
0.0
230
1.0
50
360.0
0
TEXT
5
19F
330
1C
100
AcDbEntity
67
0
8
0
62
7
6
ByLayer
370
-1
48
1.0
60
0
100
AcDbText
1
191
10
1398696.23881207
20
359204.722934221
30
0.0
40
0.31111111111
41
1.0
50
0.0
51
0.0
7
Standard
11
1398696.23881207
21
359204.722934221
31
0.0
210
0.0
220
0.0
230
1.0
71
0
72
0
100
AcDbText
73
0
0
POINT
5
1A0
330
1C
100
AcDbEntity
67
0
8
0
62
256
6
ByLayer
370
-1
48
1.0
60
0
100
AcDbPoint
10
1398695.02961846
20
359205.495980101
30
0.0
39
0.0
210
0.0
220
0.0
230
1.0
50
360.0
0
TEXT
5
1A1
330
1C
100
AcDbEntity
67
0
8
0
62
7
6
ByLayer
370
-1
48
1.0
60
0
100
AcDbText
1
192
10
1398695.15874877
20
359205.77042596
30
0.0
40
0.31111111111
41
1.0
50
0.0
51
0.0
7
Standard
11
1398695.15874877
21
359205.77042596
31
0.0
210
0.0
220
0.0
230
1.0
71
0
72
0
100
AcDbText
73
0
0
POINT
5
1A2
330
1C
100
AcDbEntity
67
0
8
0
62
256
6
ByLayer
370
-1
48
1.0
60
0
100
AcDbPoint
10
1398611.83473358
20
359194.697222914
30
0.0
39
0.0
210
0.0
220
0.0
230
1.0
50
360.0
0
TEXT
5
1A3
330
1C
100
AcDbEntity
67
0
8
0
62
7
6
ByLayer
370
-1
48
1.0
60
0
100
AcDbText
1
193
10
1398611.96386391
20
359194.971668619
30
0.0
40
0.31111111111
41
1.0
50
0.0
51
0.0
7
Standard
11
1398611.96386391
21
359194.971668619
31
0.0
210
0.0
220
0.0
230
1.0
71
0
72
0
100
AcDbText
73
0
0
POINT
5
1A4
330
1C
100
AcDbEntity
67
0
8
0
62
256
6
ByLayer
370
-1
48
1.0
60
0
100
AcDbPoint
10
1398612.20185634
20
359196.156330717
30
0.0
39
0.0
210
0.0
220
0.0
230
1.0
50
360.0
0
TEXT
5
1A5
330
1C
100
AcDbEntity
67
0
8
0
62
7
6
ByLayer
370
-1
48
1.0
60
0
100
AcDbText
1
194
10
1398612.33098667
20
359196.430776426
30
0.0
40
0.31111111111
41
1.0
50
0.0
51
0.0
7
Standard
11
1398612.33098667
21
359196.430776426
31
0.0
210
0.0
220
0.0
230
1.0
71
0
72
0
100
AcDbText
73
0
0
POINT
5
1A6
330
1C
100
AcDbEntity
67
0
8
0
62
256
6
ByLayer
370
-1
48
1.0
60
0
100
AcDbPoint
10
1398613.24934788
20
359197.236393766
30
0.0
39
0.0
210
0.0
220
0.0
230
1.0
50
360.0
0
TEXT
5
1A7
330
1C
100
AcDbEntity
67
0
8
0
62
7
6
ByLayer
370
-1
48
1.0
60
0
100
AcDbText
1
195
10
1398613.37847821
20
359197.510839476
30
0.0
40
0.31111111111
41
1.0
50
0.0
51
0.0
7
Standard
11
1398613.37847821
21
359197.510839476
31
0.0
210
0.0
220
0.0
230
1.0
71
0
72
0
100
AcDbText
73
0
0
POINT
5
1A8
330
1C
100
AcDbEntity
67
0
8
0
62
256
6
ByLayer
370
-1
48
1.0
60
0
100
AcDbPoint
10
1398614.69653369
20
359197.648010039
30
0.0
39
0.0
210
0.0
220
0.0
230
1.0
50
360.0
0
TEXT
5
1A9
330
1C
100
AcDbEntity
67
0
8
0
62
7
6
ByLayer
370
-1
48
1.0
60
0
100
AcDbText
1
196
10
1398614.82566402
20
359197.92245575
30
0.0
40
0.31111111111
41
1.0
50
0.0
51
0.0
7
Standard
11
1398614.82566402
21
359197.92245575
31
0.0
210
0.0
220
0.0
230
1.0
71
0
72
0
100
AcDbText
73
0
0
POINT
5
1AA
330
1C
100
AcDbEntity
67
0
8
0
62
256
6
ByLayer
370
-1
48
1.0
60
0
100
AcDbPoint
10
1398616.15564152
20
359197.280887281
30
0.0
39
0.0
210
0.0
220
0.0
230
1.0
50
360.0
0
TEXT
5
1AB
330
1C
100
AcDbEntity
67
0
8
0
62
7
6
ByLayer
370
-1
48
1.0
60
0
100
AcDbText
1
197
10
1398616.28477184
20
359197.555332993
30
0.0
40
0.31111111111
41
1.0
50
0.0
51
0.0
7
Standard
11
1398616.28477184
21
359197.555332993
31
0.0
210
0.0
220
0.0
230
1.0
71
0
72
0
100
AcDbText
73
0
0
POINT
5
1AC
330
1C
100
AcDbEntity
67
0
8
0
62
256
6
ByLayer
370
-1
48
1.0
60
0
100
AcDbPoint
10
1398617.23570457
20
359196.233395728
30
0.0
39
0.0
210
0.0
220
0.0
230
1.0
50
360.0
0
TEXT
5
1AD
330
1C
100
AcDbEntity
67
0
8
0
62
7
6
ByLayer
370
-1
48
1.0
60
0
100
AcDbText
1
198
10
1398617.3648349
20
359196.507841445
30
0.0
40
0.31111111111
41
1.0
50
0.0
51
0.0
7
Standard
11
1398617.3648349
21
359196.507841445
31
0.0
210
0.0
220
0.0
230
1.0
71
0
72
0
100
AcDbText
73
0
0
POINT
5
1AE
330
1C
100
AcDbEntity
67
0
8
0
62
256
6
ByLayer
370
-1
48
1.0
60
0
100
AcDbPoint
10
1398617.64732084
20
359194.786209899
30
0.0
39
0.0
210
0.0
220
0.0
230
1.0
50
360.0
0
TEXT
5
1AF
330
1C
100
AcDbEntity
67
0
8
0
62
7
6
ByLayer
370
-1
48
1.0
60
0
100
AcDbText
1
199
10
1398617.77645118
20
359195.060655617
30
0.0
40
0.31111111111
41
1.0
50
0.0
51
0.0
7
Standard
11
1398617.77645118
21
359195.060655617
31
0.0
210
0.0
220
0.0
230
1.0
71
0
72
0
100
AcDbText
73
0
0
POINT
5
1B0
330
1C
100
AcDbEntity
67
0
8
0
62
256
6
ByLayer
370
-1
48
1.0
60
0
100
AcDbPoint
10
1398617.28019806
20
359193.327102076
30
0.0
39
0.0
210
0.0
220
0.0
230
1.0
50
360.0
0
TEXT
5
1B1
330
1C
100
AcDbEntity
67
0
8
0
62
7
6
ByLayer
370
-1
48
1.0
60
0
100
AcDbText
1
200
10
1398617.4093284
20
359193.601547793
30
0.0
40
0.31111111111
41
1.0
50
0.0
51
0.0
7
Standard
11
1398617.4093284
21
359193.601547793
31
0.0
210
0.0
220
0.0
230
1.0
71
0
72
0
100
AcDbText
73
0
0
POINT
5
1B2
330
1C
100
AcDbEntity
67
0
8
0
62
256
6
ByLayer
370
-1
48
1.0
60
0
100
AcDbPoint
10
1398616.2327065
20
359192.247039025
30
0.0
39
0.0
210
0.0
220
0.0
230
1.0
50
360.0
0
TEXT
5
1B3
330
1C
100
AcDbEntity
67
0
8
0
62
7
6
ByLayer
370
-1
48
1.0
60
0
100
AcDbText
1
201
10
1398616.36183684
20
359192.52148474
30
0.0
40
0.31111111111
41
1.0
50
0.0
51
0.0
7
Standard
11
1398616.36183684
21
359192.52148474
31
0.0
210
0.0
220
0.0
230
1.0
71
0
72
0
100
AcDbText
73
0
0
POINT
5
1B4
330
1C
100
AcDbEntity
67
0
8
0
62
256
6
ByLayer
370
-1
48
1.0
60
0
100
AcDbPoint
10
1398614.78552068
20
359191.835422775
30
0.0
39
0.0
210
0.0
220
0.0
230
1.0
50
360.0
0
TEXT
5
1B5
330
1C
100
AcDbEntity
67
0
8
0
62
7
6
ByLayer
370
-1
48
1.0
60
0
100
AcDbText
1
202
10
1398614.91465103
20
359192.109868487
30
0.0
40
0.31111111111
41
1.0
50
0.0
51
0.0
7
Standard
11
1398614.91465103
21
359192.109868487
31
0.0
210
0.0
220
0.0
230
1.0
71
0
72
0
100
AcDbText
73
0
0
POINT
5
1B6
330
1C
100
AcDbEntity
67
0
8
0
62
256
6
ByLayer
370
-1
48
1.0
60
0
100
AcDbPoint
10
1398613.32641287
20
359192.202545552
30
0.0
39
0.0
210
0.0
220
0.0
230
1.0
50
360.0
0
TEXT
5
1B7
330
1C
100
AcDbEntity
67
0
8
0
62
7
6
ByLayer
370
-1
48
1.0
60
0
100
AcDbText
1
203
10
1398613.45554321
20
359192.476991263
30
0.0
40
0.31111111111
41
1.0
50
0.0
51
0.0
7
Standard
11
1398613.45554321
21
359192.476991263
31
0.0
210
0.0
220
0.0
230
1.0
71
0
72
0
100
AcDbText
73
0
0
POINT
5
1B8
330
1C
100
AcDbEntity
67
0
8
0
62
256
6
ByLayer
370
-1
48
1.0
60
0
100
AcDbPoint
10
1398612.24634983
20
359193.250037104
30
0.0
39
0.0
210
0.0
220
0.0
230
1.0
50
360.0
0
TEXT
5
1B9
330
1C
100
AcDbEntity
67
0
8
0
62
7
6
ByLayer
370
-1
48
1.0
60
0
100
AcDbText
1
204
10
1398612.37548017
20
359193.524482811
30
0.0
40
0.31111111111
41
1.0
50
0.0
51
0.0
7
Standard
11
1398612.37548017
21
359193.524482811
31
0.0
210
0.0
220
0.0
230
1.0
71
0
72
0
100
AcDbText
73
0
0
POINT
5
1BA
330
1C
100
AcDbEntity
67
0
8
0
62
256
6
ByLayer
370
-1
48
1.0
60
0
100
AcDbPoint
10
1396392.32091053
20
359771.032381221
30
0.0
39
0.0
210
0.0
220
0.0
230
1.0
50
360.0
0
TEXT
5
1BB
330
1C
100
AcDbEntity
67
0
8
0
62
7
6
ByLayer
370
-1
48
1.0
60
0
100
AcDbText
1
205
10
1396392.45003987
20
359771.306822865
30
0.0
40
0.31111111111
41
1.0
50
0.0
51
0.0
7
Standard
11
1396392.45003987
21
359771.306822865
31
0.0
210
0.0
220
0.0
230
1.0
71
0
72
0
100
AcDbText
73
0
0
POINT
5
1BC
330
1C
100
AcDbEntity
67
0
8
0
62
256
6
ByLayer
370
-1
48
1.0
60
0
100
AcDbPoint
10
1396392.68802903
20
359772.491481255
30
0.0
39
0.0
210
0.0
220
0.0
230
1.0
50
360.0
0
TEXT
5
1BD
330
1C
100
AcDbEntity
67
0
8
0
62
7
6
ByLayer
370
-1
48
1.0
60
0
100
AcDbText
1
206
10
1396392.81715837
20
359772.765922897
30
0.0
40
0.31111111111
41
1.0
50
0.0
51
0.0
7
Standard
11
1396392.81715837
21
359772.765922897
31
0.0
210
0.0
220
0.0
230
1.0
71
0
72
0
100
AcDbText
73
0
0
POINT
5
1BE
330
1C
100
AcDbEntity
67
0
8
0
62
256
6
ByLayer
370
-1
48
1.0
60
0
100
AcDbPoint
10
1396393.735513
20
359773.571539703
30
0.0
39
0.0
210
0.0
220
0.0
230
1.0
50
360.0
0
TEXT
5
1BF
330
1C
100
AcDbEntity
67
0
8
0
62
7
6
ByLayer
370
-1
48
1.0
60
0
100
AcDbText
1
207
10
1396393.86464234
20
359773.84598135
30
0.0
40
0.31111111111
41
1.0
50
0.0
51
0.0
7
Standard
11
1396393.86464234
21
359773.84598135
31
0.0
210
0.0
220
0.0
230
1.0
71
0
72
0
100
AcDbText
73
0
0
POINT
5
1C0
330
1C
100
AcDbEntity
67
0
8
0
62
256
6
ByLayer
370
-1
48
1.0
60
0
100
AcDbPoint
10
1396395.18268995
20
359773.983155779
30
0.0
39
0.0
210
0.0
220
0.0
230
1.0
50
360.0
0
TEXT
5
1C1
330
1C
100
AcDbEntity
67
0
8
0
62
7
6
ByLayer
370
-1
48
1.0
60
0
100
AcDbText
1
208
10
1396395.31181928
20
359774.257597429
30
0.0
40
0.31111111111
41
1.0
50
0.0
51
0.0
7
Standard
11
1396395.31181928
21
359774.257597429
31
0.0
210
0.0
220
0.0
230
1.0
71
0
72
0
100
AcDbText
73
0
0
POINT
5
1C2
330
1C
100
AcDbEntity
67
0
8
0
62
256
6
ByLayer
370
-1
48
1.0
60
0
100
AcDbPoint
10
1396396.64179
20
359773.616037278
30
0.0
39
0.0
210
0.0
220
0.0
230
1.0
50
360.0
0
TEXT
5
1C3
330
1C
100
AcDbEntity
67
0
8
0
62
7
6
ByLayer
370
-1
48
1.0
60
0
100
AcDbText
1
209
10
1396396.77091934
20
359773.89047893
30
0.0
40
0.31111111111
41
1.0
50
0.0
51
0.0
7
Standard
11
1396396.77091934
21
359773.89047893
31
0.0
210
0.0
220
0.0
230
1.0
71
0
72
0
100
AcDbText
73
0
0
POINT
5
1C4
330
1C
100
AcDbEntity
67
0
8
0
62
256
6
ByLayer
370
-1
48
1.0
60
0
100
AcDbPoint
10
1396397.72184846
20
359772.5685533
30
0.0
39
0.0
210
0.0
220
0.0
230
1.0
50
360.0
0
TEXT
5
1C5
330
1C
100
AcDbEntity
67
0
8
0
62
7
6
ByLayer
370
-1
48
1.0
60
0
100
AcDbText
1
210
10
1396397.8509778
20
359772.842994958
30
0.0
40
0.31111111111
41
1.0
50
0.0
51
0.0
7
Standard
11
1396397.8509778
21
359772.842994958
31
0.0
210
0.0
220
0.0
230
1.0
71
0
72
0
100
AcDbText
73
0
0
POINT
5
1C6
330
1C
100
AcDbEntity
67
0
8
0
62
256
6
ByLayer
370
-1
48
1.0
60
0
100
AcDbPoint
10
1396398.13346453
20
359771.121376333
30
0.0
39
0.0
210
0.0
220
0.0
230
1.0
50
360.0
0
TEXT
5
1C7
330
1C
100
AcDbEntity
67
0
8
0
62
7
6
ByLayer
370
-1
48
1.0
60
0
100
AcDbText
1
211
10
1396398.26259387
20
359771.39581799
30
0.0
40
0.31111111111
41
1.0
50
0.0
51
0.0
7
Standard
11
1396398.26259387
21
359771.39581799
31
0.0
210
0.0
220
0.0
230
1.0
71
0
72
0
100
AcDbText
73
0
0
POINT
5
1C8
330
1C
100
AcDbEntity
67
0
8
0
62
256
6
ByLayer
370
-1
48
1.0
60
0
100
AcDbPoint
10
1396397.76634601
20
359769.662276282
30
0.0
39
0.0
210
0.0
220
0.0
230
1.0
50
360.0
0
TEXT
5
1C9
330
1C
100
AcDbEntity
67
0
8
0
62
7
6
ByLayer
370
-1
48
1.0
60
0
100
AcDbText
1
212
10
1396397.89547536
20
359769.936717937
30
0.0
40
0.31111111111
41
1.0
50
0.0
51
0.0
7
Standard
11
1396397.89547536
21
359769.936717937
31
0.0
210
0.0
220
0.0
230
1.0
71
0
72
0
100
AcDbText
73
0
0
POINT
5
1CA
330
1C
100
AcDbEntity
67
0
8
0
62
256
6
ByLayer
370
-1
48
1.0
60
0
100
AcDbPoint
10
1396396.71886203
20
359768.582217832
30
0.0
39
0.0
210
0.0
220
0.0
230
1.0
50
360.0
0
TEXT
5
1CB
330
1C
100
AcDbEntity
67
0
8
0
62
7
6
ByLayer
370
-1
48
1.0
60
0
100
AcDbText
1
213
10
1396396.84799137
20
359768.856659483
30
0.0
40
0.31111111111
41
1.0
50
0.0
51
0.0
7
Standard
11
1396396.84799137
21
359768.856659483
31
0.0
210
0.0
220
0.0
230
1.0
71
0
72
0
100
AcDbText
73
0
0
POINT
5
1CC
330
1C
100
AcDbEntity
67
0
8
0
62
256
6
ByLayer
370
-1
48
1.0
60
0
100
AcDbPoint
10
1396395.27168507
20
359768.170601774
30
0.0
39
0.0
210
0.0
220
0.0
230
1.0
50
360.0
0
TEXT
5
1CD
330
1C
100
AcDbEntity
67
0
8
0
62
7
6
ByLayer
370
-1
48
1.0
60
0
100
AcDbText
1
214
10
1396395.40081441
20
359768.445043426
30
0.0
40
0.31111111111
41
1.0
50
0.0
51
0.0
7
Standard
11
1396395.40081441
21
359768.445043426
31
0.0
210
0.0
220
0.0
230
1.0
71
0
72
0
100
AcDbText
73
0
0
POINT
5
1CE
330
1C
100
AcDbEntity
67
0
8
0
62
256
6
ByLayer
370
-1
48
1.0
60
0
100
AcDbPoint
10
1396393.81258503
20
359768.537720296
30
0.0
39
0.0
210
0.0
220
0.0
230
1.0
50
360.0
0
TEXT
5
1CF
330
1C
100
AcDbEntity
67
0
8
0
62
7
6
ByLayer
370
-1
48
1.0
60
0
100
AcDbText
1
215
10
1396393.94171437
20
359768.812161943
30
0.0
40
0.31111111111
41
1.0
50
0.0
51
0.0
7
Standard
11
1396393.94171437
21
359768.812161943
31
0.0
210
0.0
220
0.0
230
1.0
71
0
72
0
100
AcDbText
73
0
0
POINT
5
1D0
330
1C
100
AcDbEntity
67
0
8
0
62
256
6
ByLayer
370
-1
48
1.0
60
0
100
AcDbPoint
10
1396392.73252659
20
359769.585204272
30
0.0
39
0.0
210
0.0
220
0.0
230
1.0
50
360.0
0
TEXT
5
1D1
330
1C
100
AcDbEntity
67
0
8
0
62
7
6
ByLayer
370
-1
48
1.0
60
0
100
AcDbText
1
216
10
1396392.86165593
20
359769.859645917
30
0.0
40
0.31111111111
41
1.0
50
0.0
51
0.0
7
Standard
11
1396392.86165593
21
359769.859645917
31
0.0
210
0.0
220
0.0
230
1.0
71
0
72
0
100
AcDbText
73
0
0
POINT
5
1D2
330
1C
100
AcDbEntity
67
0
8
0
62
256
6
ByLayer
370
-1
48
1.0
60
0
100
AcDbPoint
10
1396386.54909939
20
359800.71797033
30
0.0
39
0.0
210
0.0
220
0.0
230
1.0
50
360.0
0
TEXT
5
1D3
330
1C
100
AcDbEntity
67
0
8
0
62
7
6
ByLayer
370
-1
48
1.0
60
0
100
AcDbText
1
217
10
1396386.67822868
20
359800.992411962
30
0.0
40
0.31111111111
41
1.0
50
0.0
51
0.0
7
Standard
11
1396386.67822868
21
359800.992411962
31
0.0
210
0.0
220
0.0
230
1.0
71
0
72
0
100
AcDbText
73
0
0
POINT
5
1D4
330
1C
100
AcDbEntity
67
0
8
0
62
256
6
ByLayer
370
-1
48
1.0
60
0
100
AcDbPoint
10
1396386.91621778
20
359802.17707037
30
0.0
39
0.0
210
0.0
220
0.0
230
1.0
50
360.0
0
TEXT
5
1D5
330
1C
100
AcDbEntity
67
0
8
0
62
7
6
ByLayer
370
-1
48
1.0
60
0
100
AcDbText
1
218
10
1396387.04534706
20
359802.451512002
30
0.0
40
0.31111111111
41
1.0
50
0.0
51
0.0
7
Standard
11
1396387.04534706
21
359802.451512002
31
0.0
210
0.0
220
0.0
230
1.0
71
0
72
0
100
AcDbText
73
0
0
POINT
5
1D6
330
1C
100
AcDbEntity
67
0
8
0
62
256
6
ByLayer
370
-1
48
1.0
60
0
100
AcDbPoint
10
1396387.96370164
20
359803.257128882
30
0.0
39
0.0
210
0.0
220
0.0
230
1.0
50
360.0
0
TEXT
5
1D7
330
1C
100
AcDbEntity
67
0
8
0
62
7
6
ByLayer
370
-1
48
1.0
60
0
100
AcDbText
1
219
10
1396388.09283093
20
359803.531570518
30
0.0
40
0.31111111111
41
1.0
50
0.0
51
0.0
7
Standard
11
1396388.09283093
21
359803.531570518
31
0.0
210
0.0
220
0.0
230
1.0
71
0
72
0
100
AcDbText
73
0
0
POINT
5
1D8
330
1C
100
AcDbEntity
67
0
8
0
62
256
6
ByLayer
370
-1
48
1.0
60
0
100
AcDbPoint
10
1396389.41087854
20
359803.668745062
30
0.0
39
0.0
210
0.0
220
0.0
230
1.0
50
360.0
0
TEXT
5
1D9
330
1C
100
AcDbEntity
67
0
8
0
62
7
6
ByLayer
370
-1
48
1.0
60
0
100
AcDbText
1
220
10
1396389.54000783
20
359803.9431867
30
0.0
40
0.31111111111
41
1.0
50
0.0
51
0.0
7
Standard
11
1396389.54000783
21
359803.9431867
31
0.0
210
0.0
220
0.0
230
1.0
71
0
72
0
100
AcDbText
73
0
0
POINT
5
1DA
330
1C
100
AcDbEntity
67
0
8
0
62
256
6
ByLayer
370
-1
48
1.0
60
0
100
AcDbPoint
10
1396390.8699786
20
359803.301626679
30
0.0
39
0.0
210
0.0
220
0.0
230
1.0
50
360.0
0
TEXT
5
1DB
330
1C
100
AcDbEntity
67
0
8
0
62
7
6
ByLayer
370
-1
48
1.0
60
0
100
AcDbText
1
221
10
1396390.99910788
20
359803.576068319
30
0.0
40
0.31111111111
41
1.0
50
0.0
51
0.0
7
Standard
11
1396390.99910788
21
359803.576068319
31
0.0
210
0.0
220
0.0
230
1.0
71
0
72
0
100
AcDbText
73
0
0
POINT
5
1DC
330
1C
100
AcDbEntity
67
0
8
0
62
256
6
ByLayer
370
-1
48
1.0
60
0
100
AcDbPoint
10
1396391.95003712
20
359802.254142799
30
0.0
39
0.0
210
0.0
220
0.0
230
1.0
50
360.0
0
TEXT
5
1DD
330
1C
100
AcDbEntity
67
0
8
0
62
7
6
ByLayer
370
-1
48
1.0
60
0
100
AcDbText
1
222
10
1396392.07916641
20
359802.528584443
30
0.0
40
0.31111111111
41
1.0
50
0.0
51
0.0
7
Standard
11
1396392.07916641
21
359802.528584443
31
0.0
210
0.0
220
0.0
230
1.0
71
0
72
0
100
AcDbText
73
0
0
POINT
5
1DE
330
1C
100
AcDbEntity
67
0
8
0
62
256
6
ByLayer
370
-1
48
1.0
60
0
100
AcDbPoint
10
1396392.3616533
20
359800.806965885
30
0.0
39
0.0
210
0.0
220
0.0
230
1.0
50
360.0
0
TEXT
5
1DF
330
1C
100
AcDbEntity
67
0
8
0
62
7
6
ByLayer
370
-1
48
1.0
60
0
100
AcDbText
1
223
10
1396392.49078259
20
359801.081407529
30
0.0
40
0.31111111111
41
1.0
50
0.0
51
0.0
7
Standard
11
1396392.49078259
21
359801.081407529
31
0.0
210
0.0
220
0.0
230
1.0
71
0
72
0
100
AcDbText
73
0
0
POINT
5
1E0
330
1C
100
AcDbEntity
67
0
8
0
62
256
6
ByLayer
370
-1
48
1.0
60
0
100
AcDbPoint
10
1396391.9945349
20
359799.347865823
30
0.0
39
0.0
210
0.0
220
0.0
230
1.0
50
360.0
0
TEXT
5
1E1
330
1C
100
AcDbEntity
67
0
8
0
62
7
6
ByLayer
370
-1
48
1.0
60
0
100
AcDbText
1
224
10
1396392.12366419
20
359799.622307469
30
0.0
40
0.31111111111
41
1.0
50
0.0
51
0.0
7
Standard
11
1396392.12366419
21
359799.622307469
31
0.0
210
0.0
220
0.0
230
1.0
71
0
72
0
100
AcDbText
73
0
0
POINT
5
1E2
330
1C
100
AcDbEntity
67
0
8
0
62
256
6
ByLayer
370
-1
48
1.0
60
0
100
AcDbPoint
10
1396390.94705101
20
359798.26780731
30
0.0
39
0.0
210
0.0
220
0.0
230
1.0
50
360.0
0
TEXT
5
1E3
330
1C
100
AcDbEntity
67
0
8
0
62
7
6
ByLayer
370
-1
48
1.0
60
0
100
AcDbText
1
225
10
1396391.0761803
20
359798.542248952
30
0.0
40
0.31111111111
41
1.0
50
0.0
51
0.0
7
Standard
11
1396391.0761803
21
359798.542248952
31
0.0
210
0.0
220
0.0
230
1.0
71
0
72
0
100
AcDbText
73
0
0
POINT
5
1E4
330
1C
100
AcDbEntity
67
0
8
0
62
256
6
ByLayer
370
-1
48
1.0
60
0
100
AcDbPoint
10
1396389.4998741
20
359797.85619115
30
0.0
39
0.0
210
0.0
220
0.0
230
1.0
50
360.0
0
TEXT
5
1E5
330
1C
100
AcDbEntity
67
0
8
0
62
7
6
ByLayer
370
-1
48
1.0
60
0
100
AcDbText
1
226
10
1396389.62900339
20
359798.130632791
30
0.0
40
0.31111111111
41
1.0
50
0.0
51
0.0
7
Standard
11
1396389.62900339
21
359798.130632791
31
0.0
210
0.0
220
0.0
230
1.0
71
0
72
0
100
AcDbText
73
0
0
POINT
5
1E6
330
1C
100
AcDbEntity
67
0
8
0
62
256
6
ByLayer
370
-1
48
1.0
60
0
100
AcDbPoint
10
1396388.04077406
20
359798.223309553
30
0.0
39
0.0
210
0.0
220
0.0
230
1.0
50
360.0
0
TEXT
5
1E7
330
1C
100
AcDbEntity
67
0
8
0
62
7
6
ByLayer
370
-1
48
1.0
60
0
100
AcDbText
1
227
10
1396388.16990335
20
359798.497751189
30
0.0
40
0.31111111111
41
1.0
50
0.0
51
0.0
7
Standard
11
1396388.16990335
21
359798.497751189
31
0.0
210
0.0
220
0.0
230
1.0
71
0
72
0
100
AcDbText
73
0
0
POINT
5
1E8
330
1C
100
AcDbEntity
67
0
8
0
62
256
6
ByLayer
370
-1
48
1.0
60
0
100
AcDbPoint
10
1396386.96071555
20
359799.270793433
30
0.0
39
0.0
210
0.0
220
0.0
230
1.0
50
360.0
0
TEXT
5
1E9
330
1C
100
AcDbEntity
67
0
8
0
62
7
6
ByLayer
370
-1
48
1.0
60
0
100
AcDbText
1
228
10
1396387.08984485
20
359799.545235068
30
0.0
40
0.31111111111
41
1.0
50
0.0
51
0.0
7
Standard
11
1396387.08984485
21
359799.545235068
31
0.0
210
0.0
220
0.0
230
1.0
71
0
72
0
100
AcDbText
73
0
0
POINT
5
1EA
330
1C
100
AcDbEntity
67
0
8
0
62
256
6
ByLayer
370
-1
48
1.0
60
0
100
AcDbPoint
10
1396409.74892924
20
359803.360381088
30
0.0
39
0.0
210
0.0
220
0.0
230
1.0
50
360.0
0
TEXT
5
1EB
330
1C
100
AcDbEntity
67
0
8
0
62
7
6
ByLayer
370
-1
48
1.0
60
0
100
AcDbText
1
229
10
1396409.87805853
20
359803.634822762
30
0.0
40
0.31111111111
41
1.0
50
0.0
51
0.0
7
Standard
11
1396409.87805853
21
359803.634822762
31
0.0
210
0.0
220
0.0
230
1.0
71
0
72
0
100
AcDbText
73
0
0
POINT
5
1EC
330
1C
100
AcDbEntity
67
0
8
0
62
256
6
ByLayer
370
-1
48
1.0
60
0
100
AcDbPoint
10
1396410.11604765
20
359804.819481218
30
0.0
39
0.0
210
0.0
220
0.0
230
1.0
50
360.0
0
TEXT
5
1ED
330
1C
100
AcDbEntity
67
0
8
0
62
7
6
ByLayer
370
-1
48
1.0
60
0
100
AcDbText
1
230
10
1396410.24517692
20
359805.093922893
30
0.0
40
0.31111111111
41
1.0
50
0.0
51
0.0
7
Standard
11
1396410.24517692
21
359805.093922893
31
0.0
210
0.0
220
0.0
230
1.0
71
0
72
0
100
AcDbText
73
0
0
POINT
5
1EE
330
1C
100
AcDbEntity
67
0
8
0
62
256
6
ByLayer
370
-1
48
1.0
60
0
100
AcDbPoint
10
1396411.16353157
20
359805.899539803
30
0.0
39
0.0
210
0.0
220
0.0
230
1.0
50
360.0
0
TEXT
5
1EF
330
1C
100
AcDbEntity
67
0
8
0
62
7
6
ByLayer
370
-1
48
1.0
60
0
100
AcDbText
1
231
10
1396411.29266084
20
359806.173981481
30
0.0
40
0.31111111111
41
1.0
50
0.0
51
0.0
7
Standard
11
1396411.29266084
21
359806.173981481
31
0.0
210
0.0
220
0.0
230
1.0
71
0
72
0
100
AcDbText
73
0
0
POINT
5
1F0
330
1C
100
AcDbEntity
67
0
8
0
62
256
6
ByLayer
370
-1
48
1.0
60
0
100
AcDbPoint
10
1396412.61070855
20
359806.311156017
30
0.0
39
0.0
210
0.0
220
0.0
230
1.0
50
360.0
0
TEXT
5
1F1
330
1C
100
AcDbEntity
67
0
8
0
62
7
6
ByLayer
370
-1
48
1.0
60
0
100
AcDbText
1
232
10
1396412.73983783
20
359806.585597697
30
0.0
40
0.31111111111
41
1.0
50
0.0
51
0.0
7
Standard
11
1396412.73983783
21
359806.585597697
31
0.0
210
0.0
220
0.0
230
1.0
71
0
72
0
100
AcDbText
73
0
0
POINT
5
1F2
330
1C
100
AcDbEntity
67
0
8
0
62
256
6
ByLayer
370
-1
48
1.0
60
0
100
AcDbPoint
10
1396414.0698087
20
359805.944037621
30
0.0
39
0.0
210
0.0
220
0.0
230
1.0
50
360.0
0
TEXT
5
1F3
330
1C
100
AcDbEntity
67
0
8
0
62
7
6
ByLayer
370
-1
48
1.0
60
0
100
AcDbText
1
233
10
1396414.19893797
20
359806.218479304
30
0.0
40
0.31111111111
41
1.0
50
0.0
51
0.0
7
Standard
11
1396414.19893797
21
359806.218479304
31
0.0
210
0.0
220
0.0
230
1.0
71
0
72
0
100
AcDbText
73
0
0
POINT
5
1F4
330
1C
100
AcDbEntity
67
0
8
0
62
256
6
ByLayer
370
-1
48
1.0
60
0
100
AcDbPoint
10
1396415.14986729
20
359804.896553685
30
0.0
39
0.0
210
0.0
220
0.0
230
1.0
50
360.0
0
TEXT
5
1F5
330
1C
100
AcDbEntity
67
0
8
0
62
7
6
ByLayer
370
-1
48
1.0
60
0
100
AcDbText
1
234
10
1396415.27899657
20
359805.170995372
30
0.0
40
0.31111111111
41
1.0
50
0.0
51
0.0
7
Standard
11
1396415.27899657
21
359805.170995372
31
0.0
210
0.0
220
0.0
230
1.0
71
0
72
0
100
AcDbText
73
0
0
POINT
5
1F6
330
1C
100
AcDbEntity
67
0
8
0
62
256
6
ByLayer
370
-1
48
1.0
60
0
100
AcDbPoint
10
1396415.5614835
20
359803.449376689
30
0.0
39
0.0
210
0.0
220
0.0
230
1.0
50
360.0
0
TEXT
5
1F7
330
1C
100
AcDbEntity
67
0
8
0
62
7
6
ByLayer
370
-1
48
1.0
60
0
100
AcDbText
1
235
10
1396415.69061278
20
359803.723818375
30
0.0
40
0.31111111111
41
1.0
50
0.0
51
0.0
7
Standard
11
1396415.69061278
21
359803.723818375
31
0.0
210
0.0
220
0.0
230
1.0
71
0
72
0
100
AcDbText
73
0
0
POINT
5
1F8
330
1C
100
AcDbEntity
67
0
8
0
62
256
6
ByLayer
370
-1
48
1.0
60
0
100
AcDbPoint
10
1396415.19436509
20
359801.990276539
30
0.0
39
0.0
210
0.0
220
0.0
230
1.0
50
360.0
0
TEXT
5
1F9
330
1C
100
AcDbEntity
67
0
8
0
62
7
6
ByLayer
370
-1
48
1.0
60
0
100
AcDbText
1
236
10
1396415.32349437
20
359802.264718227
30
0.0
40
0.31111111111
41
1.0
50
0.0
51
0.0
7
Standard
11
1396415.32349437
21
359802.264718227
31
0.0
210
0.0
220
0.0
230
1.0
71
0
72
0
100
AcDbText
73
0
0
POINT
5
1FA
330
1C
100
AcDbEntity
67
0
8
0
62
256
6
ByLayer
370
-1
48
1.0
60
0
100
AcDbPoint
10
1396414.14688115
20
359800.910217955
30
0.0
39
0.0
210
0.0
220
0.0
230
1.0
50
360.0
0
TEXT
5
1FB
330
1C
100
AcDbEntity
67
0
8
0
62
7
6
ByLayer
370
-1
48
1.0
60
0
100
AcDbText
1
237
10
1396414.27601043
20
359801.184659637
30
0.0
40
0.31111111111
41
1.0
50
0.0
51
0.0
7
Standard
11
1396414.27601043
21
359801.184659637
31
0.0
210
0.0
220
0.0
230
1.0
71
0
72
0
100
AcDbText
73
0
0
POINT
5
1FC
330
1C
100
AcDbEntity
67
0
8
0
62
256
6
ByLayer
370
-1
48
1.0
60
0
100
AcDbPoint
10
1396412.69970415
20
359800.498601758
30
0.0
39
0.0
210
0.0
220
0.0
230
1.0
50
360.0
0
TEXT
5
1FD
330
1C
100
AcDbEntity
67
0
8
0
62
7
6
ByLayer
370
-1
48
1.0
60
0
100
AcDbText
1
238
10
1396412.82883344
20
359800.773043439
30
0.0
40
0.31111111111
41
1.0
50
0.0
51
0.0
7
Standard
11
1396412.82883344
21
359800.773043439
31
0.0
210
0.0
220
0.0
230
1.0
71
0
72
0
100
AcDbText
73
0
0
POINT
5
1FE
330
1C
100
AcDbEntity
67
0
8
0
62
256
6
ByLayer
370
-1
48
1.0
60
0
100
AcDbPoint
10
1396411.24060402
20
359800.865720172
30
0.0
39
0.0
210
0.0
220
0.0
230
1.0
50
360.0
0
TEXT
5
1FF
330
1C
100
AcDbEntity
67
0
8
0
62
7
6
ByLayer
370
-1
48
1.0
60
0
100
AcDbText
1
239
10
1396411.3697333
20
359801.140161852
30
0.0
40
0.31111111111
41
1.0
50
0.0
51
0.0
7
Standard
11
1396411.3697333
21
359801.140161852
31
0.0
210
0.0
220
0.0
230
1.0
71
0
72
0
100
AcDbText
73
0
0
POINT
5
200
330
1C
100
AcDbEntity
67
0
8
0
62
256
6
ByLayer
370
-1
48
1.0
60
0
100
AcDbPoint
10
1396410.16054544
20
359801.913204109
30
0.0
39
0.0
210
0.0
220
0.0
230
1.0
50
360.0
0
TEXT
5
201
330
1C
100
AcDbEntity
67
0
8
0
62
7
6
ByLayer
370
-1
48
1.0
60
0
100
AcDbText
1
240
10
1396410.28967473
20
359802.187645785
30
0.0
40
0.31111111111
41
1.0
50
0.0
51
0.0
7
Standard
11
1396410.28967473
21
359802.187645785
31
0.0
210
0.0
220
0.0
230
1.0
71
0
72
0
100
AcDbText
73
0
0
POINT
5
202
330
1C
100
AcDbEntity
67
0
8
0
62
256
6
ByLayer
370
-1
48
1.0
60
0
100
AcDbPoint
10
1396432.90564876
20
359795.749705428
30
0.0
39
0.0
210
0.0
220
0.0
230
1.0
50
360.0
0
TEXT
5
203
330
1C
100
AcDbEntity
67
0
8
0
62
7
6
ByLayer
370
-1
48
1.0
60
0
100
AcDbText
1
241
10
1396433.03477806
20
359796.024147145
30
0.0
40
0.31111111111
41
1.0
50
0.0
51
0.0
7
Standard
11
1396433.03477806
21
359796.024147145
31
0.0
210
0.0
220
0.0
230
1.0
71
0
72
0
100
AcDbText
73
0
0
POINT
5
204
330
1C
100
AcDbEntity
67
0
8
0
62
256
6
ByLayer
370
-1
48
1.0
60
0
100
AcDbPoint
10
1396433.27276721
20
359797.208805638
30
0.0
39
0.0
210
0.0
220
0.0
230
1.0
50
360.0
0
TEXT
5
205
330
1C
100
AcDbEntity
67
0
8
0
62
7
6
ByLayer
370
-1
48
1.0
60
0
100
AcDbText
1
242
10
1396433.40189651
20
359797.483247356
30
0.0
40
0.31111111111
41
1.0
50
0.0
51
0.0
7
Standard
11
1396433.40189651
21
359797.483247356
31
0.0
210
0.0
220
0.0
230
1.0
71
0
72
0
100
AcDbText
73
0
0
POINT
5
206
330
1C
100
AcDbEntity
67
0
8
0
62
256
6
ByLayer
370
-1
48
1.0
60
0
100
AcDbPoint
10
1396434.32025122
20
359798.288864265
30
0.0
39
0.0
210
0.0
220
0.0
230
1.0
50
360.0
0
TEXT
5
207
330
1C
100
AcDbEntity
67
0
8
0
62
7
6
ByLayer
370
-1
48
1.0
60
0
100
AcDbText
1
243
10
1396434.44938051
20
359798.563305987
30
0.0
40
0.31111111111
41
1.0
50
0.0
51
0.0
7
Standard
11
1396434.44938051
21
359798.563305987
31
0.0
210
0.0
220
0.0
230
1.0
71
0
72
0
100
AcDbText
73
0
0
POINT
5
208
330
1C
100
AcDbEntity
67
0
8
0
62
256
6
ByLayer
370
-1
48
1.0
60
0
100
AcDbPoint
10
1396435.7674283
20
359798.700480476
30
0.0
39
0.0
210
0.0
220
0.0
230
1.0
50
360.0
0
TEXT
5
209
330
1C
100
AcDbEntity
67
0
8
0
62
7
6
ByLayer
370
-1
48
1.0
60
0
100
AcDbText
1
244
10
1396435.89655759
20
359798.9749222
30
0.0
40
0.31111111111
41
1.0
50
0.0
51
0.0
7
Standard
11
1396435.89655759
21
359798.9749222
31
0.0
210
0.0
220
0.0
230
1.0
71
0
72
0
100
AcDbText
73
0
0
POINT
5
20A
330
1C
100
AcDbEntity
67
0
8
0
62
256
6
ByLayer
370
-1
48
1.0
60
0
100
AcDbPoint
10
1396437.22652852
20
359798.333362031
30
0.0
39
0.0
210
0.0
220
0.0
230
1.0
50
360.0
0
TEXT
5
20B
330
1C
100
AcDbEntity
67
0
8
0
62
7
6
ByLayer
370
-1
48
1.0
60
0
100
AcDbText
1
245
10
1396437.35565781
20
359798.607803753
30
0.0
40
0.31111111111
41
1.0
50
0.0
51
0.0
7
Standard
11
1396437.35565781
21
359798.607803753
31
0.0
210
0.0
220
0.0
230
1.0
71
0
72
0
100
AcDbText
73
0
0
POINT
5
20C
330
1C
100
AcDbEntity
67
0
8
0
62
256
6
ByLayer
370
-1
48
1.0
60
0
100
AcDbPoint
10
1396438.30658716
20
359797.285878011
30
0.0
39
0.0
210
0.0
220
0.0
230
1.0
50
360.0
0
TEXT
5
20D
330
1C
100
AcDbEntity
67
0
8
0
62
7
6
ByLayer
370
-1
48
1.0
60
0
100
AcDbText
1
246
10
1396438.43571645
20
359797.560319739
30
0.0
40
0.31111111111
41
1.0
50
0.0
51
0.0
7
Standard
11
1396438.43571645
21
359797.560319739
31
0.0
210
0.0
220
0.0
230
1.0
71
0
72
0
100
AcDbText
73
0
0
POINT
5
20E
330
1C
100
AcDbEntity
67
0
8
0
62
256
6
ByLayer
370
-1
48
1.0
60
0
100
AcDbPoint
10
1396438.71820337
20
359795.838700919
30
0.0
39
0.0
210
0.0
220
0.0
230
1.0
50
360.0
0
TEXT
5
20F
330
1C
100
AcDbEntity
67
0
8
0
62
7
6
ByLayer
370
-1
48
1.0
60
0
100
AcDbText
1
247
10
1396438.84733266
20
359796.113142647
30
0.0
40
0.31111111111
41
1.0
50
0.0
51
0.0
7
Standard
11
1396438.84733266
21
359796.113142647
31
0.0
210
0.0
220
0.0
230
1.0
71
0
72
0
100
AcDbText
73
0
0
POINT
5
210
330
1C
100
AcDbEntity
67
0
8
0
62
256
6
ByLayer
370
-1
48
1.0
60
0
100
AcDbPoint
10
1396438.35108491
20
359794.379600693
30
0.0
39
0.0
210
0.0
220
0.0
230
1.0
50
360.0
0
TEXT
5
211
330
1C
100
AcDbEntity
67
0
8
0
62
7
6
ByLayer
370
-1
48
1.0
60
0
100
AcDbText
1
248
10
1396438.48021421
20
359794.654042418
30
0.0
40
0.31111111111
41
1.0
50
0.0
51
0.0
7
Standard
11
1396438.48021421
21
359794.654042418
31
0.0
210
0.0
220
0.0
230
1.0
71
0
72
0
100
AcDbText
73
0
0
POINT
5
212
330
1C
100
AcDbEntity
67
0
8
0
62
256
6
ByLayer
370
-1
48
1.0
60
0
100
AcDbPoint
10
1396437.30360088
20
359793.299542064
30
0.0
39
0.0
210
0.0
220
0.0
230
1.0
50
360.0
0
TEXT
5
213
330
1C
100
AcDbEntity
67
0
8
0
62
7
6
ByLayer
370
-1
48
1.0
60
0
100
AcDbText
1
249
10
1396437.43273018
20
359793.57398379
30
0.0
40
0.31111111111
41
1.0
50
0.0
51
0.0
7
Standard
11
1396437.43273018
21
359793.57398379
31
0.0
210
0.0
220
0.0
230
1.0
71
0
72
0
100
AcDbText
73
0
0
POINT
5
214
330
1C
100
AcDbEntity
67
0
8
0
62
256
6
ByLayer
370
-1
48
1.0
60
0
100
AcDbPoint
10
1396435.85642379
20
359792.887925874
30
0.0
39
0.0
210
0.0
220
0.0
230
1.0
50
360.0
0
TEXT
5
215
330
1C
100
AcDbEntity
67
0
8
0
62
7
6
ByLayer
370
-1
48
1.0
60
0
100
AcDbText
1
250
10
1396435.98555309
20
359793.162367596
30
0.0
40
0.31111111111
41
1.0
50
0.0
51
0.0
7
Standard
11
1396435.98555309
21
359793.162367596
31
0.0
210
0.0
220
0.0
230
1.0
71
0
72
0
100
AcDbText
73
0
0
POINT
5
216
330
1C
100
AcDbEntity
67
0
8
0
62
256
6
ByLayer
370
-1
48
1.0
60
0
100
AcDbPoint
10
1396434.39732358
20
359793.255044339
30
0.0
39
0.0
210
0.0
220
0.0
230
1.0
50
360.0
0
TEXT
5
217
330
1C
100
AcDbEntity
67
0
8
0
62
7
6
ByLayer
370
-1
48
1.0
60
0
100
AcDbText
1
251
10
1396434.52645288
20
359793.529486057
30
0.0
40
0.31111111111
41
1.0
50
0.0
51
0.0
7
Standard
11
1396434.52645288
21
359793.529486057
31
0.0
210
0.0
220
0.0
230
1.0
71
0
72
0
100
AcDbText
73
0
0
POINT
5
218
330
1C
100
AcDbEntity
67
0
8
0
62
256
6
ByLayer
370
-1
48
1.0
60
0
100
AcDbPoint
10
1396433.31726496
20
359794.302528355
30
0.0
39
0.0
210
0.0
220
0.0
230
1.0
50
360.0
0
TEXT
5
219
330
1C
100
AcDbEntity
67
0
8
0
62
7
6
ByLayer
370
-1
48
1.0
60
0
100
AcDbText
1
252
10
1396433.44639426
20
359794.576970074
30
0.0
40
0.31111111111
41
1.0
50
0.0
51
0.0
7
Standard
11
1396433.44639426
21
359794.576970074
31
0.0
210
0.0
220
0.0
230
1.0
71
0
72
0
100
AcDbText
73
0
0
POINT
5
21A
330
1C
100
AcDbEntity
67
0
8
0
62
256
6
ByLayer
370
-1
48
1.0
60
0
100
AcDbPoint
10
1395361.54134489
20
359680.726944505
30
0.0
39
0.0
210
0.0
220
0.0
230
1.0
50
360.0
0
TEXT
5
21B
330
1C
100
AcDbEntity
67
0
8
0
62
7
6
ByLayer
370
-1
48
1.0
60
0
100
AcDbText
1
253
10
1395361.67047442
20
359681.001384273
30
0.0
40
0.31111111111
41
1.0
50
0.0
51
0.0
7
Standard
11
1395361.67047442
21
359681.001384273
31
0.0
210
0.0
220
0.0
230
1.0
71
0
72
0
100
AcDbText
73
0
0
POINT
5
21C
330
1C
100
AcDbEntity
67
0
8
0
62
256
6
ByLayer
370
-1
48
1.0
60
0
100
AcDbPoint
10
1395361.90846275
20
359682.186040593
30
0.0
39
0.0
210
0.0
220
0.0
230
1.0
50
360.0
0
TEXT
5
21D
330
1C
100
AcDbEntity
67
0
8
0
62
7
6
ByLayer
370
-1
48
1.0
60
0
100
AcDbText
1
254
10
1395362.03759228
20
359682.460480359
30
0.0
40
0.31111111111
41
1.0
50
0.0
51
0.0
7
Standard
11
1395362.03759228
21
359682.460480359
31
0.0
210
0.0
220
0.0
230
1.0
71
0
72
0
100
AcDbText
73
0
0
POINT
5
21E
330
1C
100
AcDbEntity
67
0
8
0
62
256
6
ByLayer
370
-1
48
1.0
60
0
100
AcDbPoint
10
1395362.95594419
20
359683.26609594
30
0.0
39
0.0
210
0.0
220
0.0
230
1.0
50
360.0
0
TEXT
5
21F
330
1C
100
AcDbEntity
67
0
8
0
62
7
6
ByLayer
370
-1
48
1.0
60
0
100
AcDbText
1
255
10
1395363.08507372
20
359683.540535711
30
0.0
40
0.31111111111
41
1.0
50
0.0
51
0.0
7
Standard
11
1395363.08507372
21
359683.540535711
31
0.0
210
0.0
220
0.0
230
1.0
71
0
72
0
100
AcDbText
73
0
0
POINT
5
220
330
1C
100
AcDbEntity
67
0
8
0
62
256
6
ByLayer
370
-1
48
1.0
60
0
100
AcDbPoint
10
1395364.40311741
20
359683.677710595
30
0.0
39
0.0
210
0.0
220
0.0
230
1.0
50
360.0
0
TEXT
5
221
330
1C
100
AcDbEntity
67
0
8
0
62
7
6
ByLayer
370
-1
48
1.0
60
0
100
AcDbText
1
256
10
1395364.53224694
20
359683.952150368
30
0.0
40
0.31111111111
41
1.0
50
0.0
51
0.0
7
Standard
11
1395364.53224694
21
359683.952150368
31
0.0
210
0.0
220
0.0
230
1.0
71
0
72
0
100
AcDbText
73
0
0
POINT
5
222
330
1C
100
AcDbEntity
67
0
8
0
62
256
6
ByLayer
370
-1
48
1.0
60
0
100
AcDbPoint
10
1395365.86221351
20
359683.310592733
30
0.0
39
0.0
210
0.0
220
0.0
230
1.0
50
360.0
0
TEXT
5
223
330
1C
100
AcDbEntity
67
0
8
0
62
7
6
ByLayer
370
-1
48
1.0
60
0
100
AcDbText
1
257
10
1395365.99134304
20
359683.585032509
30
0.0
40
0.31111111111
41
1.0
50
0.0
51
0.0
7
Standard
11
1395365.99134304
21
359683.585032509
31
0.0
210
0.0
220
0.0
230
1.0
71
0
72
0
100
AcDbText
73
0
0
POINT
5
224
330
1C
100
AcDbEntity
67
0
8
0
62
256
6
ByLayer
370
-1
48
1.0
60
0
100
AcDbPoint
10
1395366.94226887
20
359682.263111283
30
0.0
39
0.0
210
0.0
220
0.0
230
1.0
50
360.0
0
TEXT
5
225
330
1C
100
AcDbEntity
67
0
8
0
62
7
6
ByLayer
370
-1
48
1.0
60
0
100
AcDbText
1
258
10
1395367.0713984
20
359682.537551061
30
0.0
40
0.31111111111
41
1.0
50
0.0
51
0.0
7
Standard
11
1395367.0713984
21
359682.537551061
31
0.0
210
0.0
220
0.0
230
1.0
71
0
72
0
100
AcDbText
73
0
0
POINT
5
226
330
1C
100
AcDbEntity
67
0
8
0
62
256
6
ByLayer
370
-1
48
1.0
60
0
100
AcDbPoint
10
1395367.35388352
20
359680.815938054
30
0.0
39
0.0
210
0.0
220
0.0
230
1.0
50
360.0
0
TEXT
5
227
330
1C
100
AcDbEntity
67
0
8
0
62
7
6
ByLayer
370
-1
48
1.0
60
0
100
AcDbText
1
259
10
1395367.48301305
20
359681.090377833
30
0.0
40
0.31111111111
41
1.0
50
0.0
51
0.0
7
Standard
11
1395367.48301305
21
359681.090377833
31
0.0
210
0.0
220
0.0
230
1.0
71
0
72
0
100
AcDbText
73
0
0
POINT
5
228
330
1C
100
AcDbEntity
67
0
8
0
62
256
6
ByLayer
370
-1
48
1.0
60
0
100
AcDbPoint
10
1395366.98676564
20
359679.35684195
30
0.0
39
0.0
210
0.0
220
0.0
230
1.0
50
360.0
0
TEXT
5
229
330
1C
100
AcDbEntity
67
0
8
0
62
7
6
ByLayer
370
-1
48
1.0
60
0
100
AcDbText
1
260
10
1395367.11589518
20
359679.631281726
30
0.0
40
0.31111111111
41
1.0
50
0.0
51
0.0
7
Standard
11
1395367.11589518
21
359679.631281726
31
0.0
210
0.0
220
0.0
230
1.0
71
0
72
0
100
AcDbText
73
0
0
POINT
5
22A
330
1C
100
AcDbEntity
67
0
8
0
62
256
6
ByLayer
370
-1
48
1.0
60
0
100
AcDbPoint
10
1395365.93928418
20
359678.276786598
30
0.0
39
0.0
210
0.0
220
0.0
230
1.0
50
360.0
0
TEXT
5
22B
330
1C
100
AcDbEntity
67
0
8
0
62
7
6
ByLayer
370
-1
48
1.0
60
0
100
AcDbText
1
261
10
1395366.06841372
20
359678.551226374
30
0.0
40
0.31111111111
41
1.0
50
0.0
51
0.0
7
Standard
11
1395366.06841372
21
359678.551226374
31
0.0
210
0.0
220
0.0
230
1.0
71
0
72
0
100
AcDbText
73
0
0
POINT
5
22C
330
1C
100
AcDbEntity
67
0
8
0
62
256
6
ByLayer
370
-1
48
1.0
60
0
100
AcDbPoint
10
1395364.49211096
20
359677.865171963
30
0.0
39
0.0
210
0.0
220
0.0
230
1.0
50
360.0
0
TEXT
5
22D
330
1C
100
AcDbEntity
67
0
8
0
62
7
6
ByLayer
370
-1
48
1.0
60
0
100
AcDbText
1
262
10
1395364.62124049
20
359678.139611735
30
0.0
40
0.31111111111
41
1.0
50
0.0
51
0.0
7
Standard
11
1395364.62124049
21
359678.139611735
31
0.0
210
0.0
220
0.0
230
1.0
71
0
72
0
100
AcDbText
73
0
0
POINT
5
22E
330
1C
100
AcDbEntity
67
0
8
0
62
256
6
ByLayer
370
-1
48
1.0
60
0
100
AcDbPoint
10
1395363.03301487
20
359678.232289843
30
0.0
39
0.0
210
0.0
220
0.0
230
1.0
50
360.0
0
TEXT
5
22F
330
1C
100
AcDbEntity
67
0
8
0
62
7
6
ByLayer
370
-1
48
1.0
60
0
100
AcDbText
1
263
10
1395363.1621444
20
359678.506729612
30
0.0
40
0.31111111111
41
1.0
50
0.0
51
0.0
7
Standard
11
1395363.1621444
21
359678.506729612
31
0.0
210
0.0
220
0.0
230
1.0
71
0
72
0
100
AcDbText
73
0
0
POINT
5
230
330
1C
100
AcDbEntity
67
0
8
0
62
256
6
ByLayer
370
-1
48
1.0
60
0
100
AcDbPoint
10
1395361.95295953
20
359679.279771294
30
0.0
39
0.0
210
0.0
220
0.0
230
1.0
50
360.0
0
TEXT
5
231
330
1C
100
AcDbEntity
67
0
8
0
62
7
6
ByLayer
370
-1
48
1.0
60
0
100
AcDbText
1
264
10
1395362.08208907
20
359679.554211062
30
0.0
40
0.31111111111
41
1.0
50
0.0
51
0.0
7
Standard
11
1395362.08208907
21
359679.554211062
31
0.0
210
0.0
220
0.0
230
1.0
71
0
72
0
100
AcDbText
73
0
0
POINT
5
232
330
1C
100
AcDbEntity
67
0
8
0
62
256
6
ByLayer
370
-1
48
1.0
60
0
100
AcDbPoint
10
1395371.20654749
20
359707.196396832
30
0.0
39
0.0
210
0.0
220
0.0
230
1.0
50
360.0
0
TEXT
5
233
330
1C
100
AcDbEntity
67
0
8
0
62
7
6
ByLayer
370
-1
48
1.0
60
0
100
AcDbText
1
265
10
1395371.33567697
20
359707.470836615
30
0.0
40
0.31111111111
41
1.0
50
0.0
51
0.0
7
Standard
11
1395371.33567697
21
359707.470836615
31
0.0
210
0.0
220
0.0
230
1.0
71
0
72
0
100
AcDbText
73
0
0
POINT
5
234
330
1C
100
AcDbEntity
67
0
8
0
62
256
6
ByLayer
370
-1
48
1.0
60
0
100
AcDbPoint
10
1395371.57366527
20
359708.65549298
30
0.0
39
0.0
210
0.0
220
0.0
230
1.0
50
360.0
0
TEXT
5
235
330
1C
100
AcDbEntity
67
0
8
0
62
7
6
ByLayer
370
-1
48
1.0
60
0
100
AcDbText
1
266
10
1395371.70279475
20
359708.929932765
30
0.0
40
0.31111111111
41
1.0
50
0.0
51
0.0
7
Standard
11
1395371.70279475
21
359708.929932765
31
0.0
210
0.0
220
0.0
230
1.0
71
0
72
0
100
AcDbText
73
0
0
POINT
5
236
330
1C
100
AcDbEntity
67
0
8
0
62
256
6
ByLayer
370
-1
48
1.0
60
0
100
AcDbPoint
10
1395372.62114666
20
359709.735548427
30
0.0
39
0.0
210
0.0
220
0.0
230
1.0
50
360.0
0
TEXT
5
237
330
1C
100
AcDbEntity
67
0
8
0
62
7
6
ByLayer
370
-1
48
1.0
60
0
100
AcDbText
1
267
10
1395372.75027614
20
359710.009988215
30
0.0
40
0.31111111111
41
1.0
50
0.0
51
0.0
7
Standard
11
1395372.75027614
21
359710.009988215
31
0.0
210
0.0
220
0.0
230
1.0
71
0
72
0
100
AcDbText
73
0
0
POINT
5
238
330
1C
100
AcDbEntity
67
0
8
0
62
256
6
ByLayer
370
-1
48
1.0
60
0
100
AcDbPoint
10
1395374.06831988
20
359710.147163188
30
0.0
39
0.0
210
0.0
220
0.0
230
1.0
50
360.0
0
TEXT
5
239
330
1C
100
AcDbEntity
67
0
8
0
62
7
6
ByLayer
370
-1
48
1.0
60
0
100
AcDbText
1
268
10
1395374.19744936
20
359710.421602981
30
0.0
40
0.31111111111
41
1.0
50
0.0
51
0.0
7
Standard
11
1395374.19744936
21
359710.421602981
31
0.0
210
0.0
220
0.0
230
1.0
71
0
72
0
100
AcDbText
73
0
0
POINT
5
23A
330
1C
100
AcDbEntity
67
0
8
0
62
256
6
ByLayer
370
-1
48
1.0
60
0
100
AcDbPoint
10
1395375.52741604
20
359709.780045417
30
0.0
39
0.0
210
0.0
220
0.0
230
1.0
50
360.0
0
TEXT
5
23B
330
1C
100
AcDbEntity
67
0
8
0
62
7
6
ByLayer
370
-1
48
1.0
60
0
100
AcDbText
1
269
10
1395375.65654552
20
359710.05448521
30
0.0
40
0.31111111111
41
1.0
50
0.0
51
0.0
7
Standard
11
1395375.65654552
21
359710.05448521
31
0.0
210
0.0
220
0.0
230
1.0
71
0
72
0
100
AcDbText
73
0
0
POINT
5
23C
330
1C
100
AcDbEntity
67
0
8
0
62
256
6
ByLayer
370
-1
48
1.0
60
0
100
AcDbPoint
10
1395376.6074715
20
359708.732564013
30
0.0
39
0.0
210
0.0
220
0.0
230
1.0
50
360.0
0
TEXT
5
23D
330
1C
100
AcDbEntity
67
0
8
0
62
7
6
ByLayer
370
-1
48
1.0
60
0
100
AcDbText
1
270
10
1395376.73660098
20
359709.00700381
30
0.0
40
0.31111111111
41
1.0
50
0.0
51
0.0
7
Standard
11
1395376.73660098
21
359709.00700381
31
0.0
210
0.0
220
0.0
230
1.0
71
0
72
0
100
AcDbText
73
0
0
POINT
5
23E
330
1C
100
AcDbEntity
67
0
8
0
62
256
6
ByLayer
370
-1
48
1.0
60
0
100
AcDbPoint
10
1395377.01908626
20
359707.285390779
30
0.0
39
0.0
210
0.0
220
0.0
230
1.0
50
360.0
0
TEXT
5
23F
330
1C
100
AcDbEntity
67
0
8
0
62
7
6
ByLayer
370
-1
48
1.0
60
0
100
AcDbText
1
271
10
1395377.14821575
20
359707.559830572
30
0.0
40
0.31111111111
41
1.0
50
0.0
51
0.0
7
Standard
11
1395377.14821575
21
359707.559830572
31
0.0
210
0.0
220
0.0
230
1.0
71
0
72
0
100
AcDbText
73
0
0
POINT
5
240
330
1C
100
AcDbEntity
67
0
8
0
62
256
6
ByLayer
370
-1
48
1.0
60
0
100
AcDbPoint
10
1395376.65196848
20
359705.826294612
30
0.0
39
0.0
210
0.0
220
0.0
230
1.0
50
360.0
0
TEXT
5
241
330
1C
100
AcDbEntity
67
0
8
0
62
7
6
ByLayer
370
-1
48
1.0
60
0
100
AcDbText
1
272
10
1395376.78109796
20
359706.100734407
30
0.0
40
0.31111111111
41
1.0
50
0.0
51
0.0
7
Standard
11
1395376.78109796
21
359706.100734407
31
0.0
210
0.0
220
0.0
230
1.0
71
0
72
0
100
AcDbText
73
0
0
POINT
5
242
330
1C
100
AcDbEntity
67
0
8
0
62
256
6
ByLayer
370
-1
48
1.0
60
0
100
AcDbPoint
10
1395375.60448706
20
359704.746239164
30
0.0
39
0.0
210
0.0
220
0.0
230
1.0
50
360.0
0
TEXT
5
243
330
1C
100
AcDbEntity
67
0
8
0
62
7
6
ByLayer
370
-1
48
1.0
60
0
100
AcDbText
1
273
10
1395375.73361655
20
359705.020678956
30
0.0
40
0.31111111111
41
1.0
50
0.0
51
0.0
7
Standard
11
1395375.73361655
21
359705.020678956
31
0.0
210
0.0
220
0.0
230
1.0
71
0
72
0
100
AcDbText
73
0
0
POINT
5
244
330
1C
100
AcDbEntity
67
0
8
0
62
256
6
ByLayer
370
-1
48
1.0
60
0
100
AcDbPoint
10
1395374.15731383
20
359704.33462442
30
0.0
39
0.0
210
0.0
220
0.0
230
1.0
50
360.0
0
TEXT
5
245
330
1C
100
AcDbEntity
67
0
8
0
62
7
6
ByLayer
370
-1
48
1.0
60
0
100
AcDbText
1
274
10
1395374.28644332
20
359704.609064209
30
0.0
40
0.31111111111
41
1.0
50
0.0
51
0.0
7
Standard
11
1395374.28644332
21
359704.609064209
31
0.0
210
0.0
220
0.0
230
1.0
71
0
72
0
100
AcDbText
73
0
0
POINT
5
246
330
1C
100
AcDbEntity
67
0
8
0
62
256
6
ByLayer
370
-1
48
1.0
60
0
100
AcDbPoint
10
1395372.69821768
20
359704.701742208
30
0.0
39
0.0
210
0.0
220
0.0
230
1.0
50
360.0
0
TEXT
5
247
330
1C
100
AcDbEntity
67
0
8
0
62
7
6
ByLayer
370
-1
48
1.0
60
0
100
AcDbText
1
275
10
1395372.82734716
20
359704.976181995
30
0.0
40
0.31111111111
41
1.0
50
0.0
51
0.0
7
Standard
11
1395372.82734716
21
359704.976181995
31
0.0
210
0.0
220
0.0
230
1.0
71
0
72
0
100
AcDbText
73
0
0
POINT
5
248
330
1C
100
AcDbEntity
67
0
8
0
62
256
6
ByLayer
370
-1
48
1.0
60
0
100
AcDbPoint
10
1395371.61816224
20
359705.749223612
30
0.0
39
0.0
210
0.0
220
0.0
230
1.0
50
360.0
0
TEXT
5
249
330
1C
100
AcDbEntity
67
0
8
0
62
7
6
ByLayer
370
-1
48
1.0
60
0
100
AcDbText
1
276
10
1395371.74729173
20
359706.023663397
30
0.0
40
0.31111111111
41
1.0
50
0.0
51
0.0
7
Standard
11
1395371.74729173
21
359706.023663397
31
0.0
210
0.0
220
0.0
230
1.0
71
0
72
0
100
AcDbText
73
0
0
POINT
5
24A
330
1C
100
AcDbEntity
67
0
8
0
62
256
6
ByLayer
370
-1
48
1.0
60
0
100
AcDbPoint
10
1395382.81994998
20
359692.878502787
30
0.0
39
0.0
210
0.0
220
0.0
230
1.0
50
360.0
0
TEXT
5
24B
330
1C
100
AcDbEntity
67
0
8
0
62
7
6
ByLayer
370
-1
48
1.0
60
0
100
AcDbText
1
277
10
1395382.94907949
20
359693.152942595
30
0.0
40
0.31111111111
41
1.0
50
0.0
51
0.0
7
Standard
11
1395382.94907949
21
359693.152942595
31
0.0
210
0.0
220
0.0
230
1.0
71
0
72
0
100
AcDbText
73
0
0
POINT
5
24C
330
1C
100
AcDbEntity
67
0
8
0
62
256
6
ByLayer
370
-1
48
1.0
60
0
100
AcDbPoint
10
1395383.18706782
20
359694.337598966
30
0.0
39
0.0
210
0.0
220
0.0
230
1.0
50
360.0
0
TEXT
5
24D
330
1C
100
AcDbEntity
67
0
8
0
62
7
6
ByLayer
370
-1
48
1.0
60
0
100
AcDbText
1
278
10
1395383.31619733
20
359694.612038774
30
0.0
40
0.31111111111
41
1.0
50
0.0
51
0.0
7
Standard
11
1395383.31619733
21
359694.612038774
31
0.0
210
0.0
220
0.0
230
1.0
71
0
72
0
100
AcDbText
73
0
0
POINT
5
24E
330
1C
100
AcDbEntity
67
0
8
0
62
256
6
ByLayer
370
-1
48
1.0
60
0
100
AcDbPoint
10
1395384.23454928
20
359695.417654408
30
0.0
39
0.0
210
0.0
220
0.0
230
1.0
50
360.0
0
TEXT
5
24F
330
1C
100
AcDbEntity
67
0
8
0
62
7
6
ByLayer
370
-1
48
1.0
60
0
100
AcDbText
1
279
10
1395384.36367879
20
359695.692094214
30
0.0
40
0.31111111111
41
1.0
50
0.0
51
0.0
7
Standard
11
1395384.36367879
21
359695.692094214
31
0.0
210
0.0
220
0.0
230
1.0
71
0
72
0
100
AcDbText
73
0
0
POINT
5
250
330
1C
100
AcDbEntity
67
0
8
0
62
256
6
ByLayer
370
-1
48
1.0
60
0
100
AcDbPoint
10
1395385.68172256
20
359695.829269129
30
0.0
39
0.0
210
0.0
220
0.0
230
1.0
50
360.0
0
TEXT
5
251
330
1C
100
AcDbEntity
67
0
8
0
62
7
6
ByLayer
370
-1
48
1.0
60
0
100
AcDbText
1
280
10
1395385.81085207
20
359696.10370894
30
0.0
40
0.31111111111
41
1.0
50
0.0
51
0.0
7
Standard
11
1395385.81085207
21
359696.10370894
31
0.0
210
0.0
220
0.0
230
1.0
71
0
72
0
100
AcDbText
73
0
0
POINT
5
252
330
1C
100
AcDbEntity
67
0
8
0
62
256
6
ByLayer
370
-1
48
1.0
60
0
100
AcDbPoint
10
1395387.14081875
20
359695.462151292
30
0.0
39
0.0
210
0.0
220
0.0
230
1.0
50
360.0
0
TEXT
5
253
330
1C
100
AcDbEntity
67
0
8
0
62
7
6
ByLayer
370
-1
48
1.0
60
0
100
AcDbText
1
281
10
1395387.26994826
20
359695.736591106
30
0.0
40
0.31111111111
41
1.0
50
0.0
51
0.0
7
Standard
11
1395387.26994826
21
359695.736591106
31
0.0
210
0.0
220
0.0
230
1.0
71
0
72
0
100
AcDbText
73
0
0
POINT
5
254
330
1C
100
AcDbEntity
67
0
8
0
62
256
6
ByLayer
370
-1
48
1.0
60
0
100
AcDbPoint
10
1395388.22087421
20
359694.414669818
30
0.0
39
0.0
210
0.0
220
0.0
230
1.0
50
360.0
0
TEXT
5
255
330
1C
100
AcDbEntity
67
0
8
0
62
7
6
ByLayer
370
-1
48
1.0
60
0
100
AcDbText
1
282
10
1395388.35000371
20
359694.689109632
30
0.0
40
0.31111111111
41
1.0
50
0.0
51
0.0
7
Standard
11
1395388.35000371
21
359694.689109632
31
0.0
210
0.0
220
0.0
230
1.0
71
0
72
0
100
AcDbText
73
0
0
POINT
5
256
330
1C
100
AcDbEntity
67
0
8
0
62
256
6
ByLayer
370
-1
48
1.0
60
0
100
AcDbPoint
10
1395388.63248893
20
359692.967496523
30
0.0
39
0.0
210
0.0
220
0.0
230
1.0
50
360.0
0
TEXT
5
257
330
1C
100
AcDbEntity
67
0
8
0
62
7
6
ByLayer
370
-1
48
1.0
60
0
100
AcDbText
1
283
10
1395388.76161844
20
359693.241936337
30
0.0
40
0.31111111111
41
1.0
50
0.0
51
0.0
7
Standard
11
1395388.76161844
21
359693.241936337
31
0.0
210
0.0
220
0.0
230
1.0
71
0
72
0
100
AcDbText
73
0
0
POINT
5
258
330
1C
100
AcDbEntity
67
0
8
0
62
256
6
ByLayer
370
-1
48
1.0
60
0
100
AcDbPoint
10
1395388.26537107
20
359691.508400326
30
0.0
39
0.0
210
0.0
220
0.0
230
1.0
50
360.0
0
TEXT
5
259
330
1C
100
AcDbEntity
67
0
8
0
62
7
6
ByLayer
370
-1
48
1.0
60
0
100
AcDbText
1
284
10
1395388.39450059
20
359691.78284014
30
0.0
40
0.31111111111
41
1.0
50
0.0
51
0.0
7
Standard
11
1395388.39450059
21
359691.78284014
31
0.0
210
0.0
220
0.0
230
1.0
71
0
72
0
100
AcDbText
73
0
0
POINT
5
25A
330
1C
100
AcDbEntity
67
0
8
0
62
256
6
ByLayer
370
-1
48
1.0
60
0
100
AcDbPoint
10
1395387.21788959
20
359690.428344884
30
0.0
39
0.0
210
0.0
220
0.0
230
1.0
50
360.0
0
TEXT
5
25B
330
1C
100
AcDbEntity
67
0
8
0
62
7
6
ByLayer
370
-1
48
1.0
60
0
100
AcDbText
1
285
10
1395387.34701911
20
359690.702784699
30
0.0
40
0.31111111111
41
1.0
50
0.0
51
0.0
7
Standard
11
1395387.34701911
21
359690.702784699
31
0.0
210
0.0
220
0.0
230
1.0
71
0
72
0
100
AcDbText
73
0
0
POINT
5
25C
330
1C
100
AcDbEntity
67
0
8
0
62
256
6
ByLayer
370
-1
48
1.0
60
0
100
AcDbPoint
10
1395385.7707163
20
359690.01673018
30
0.0
39
0.0
210
0.0
220
0.0
230
1.0
50
360.0
0
TEXT
5
25D
330
1C
100
AcDbEntity
67
0
8
0
62
7
6
ByLayer
370
-1
48
1.0
60
0
100
AcDbText
1
286
10
1395385.89984581
20
359690.291169992
30
0.0
40
0.31111111111
41
1.0
50
0.0
51
0.0
7
Standard
11
1395385.89984581
21
359690.291169992
31
0.0
210
0.0
220
0.0
230
1.0
71
0
72
0
100
AcDbText
73
0
0
POINT
5
25E
330
1C
100
AcDbEntity
67
0
8
0
62
256
6
ByLayer
370
-1
48
1.0
60
0
100
AcDbPoint
10
1395384.31162012
20
359690.383848037
30
0.0
39
0.0
210
0.0
220
0.0
230
1.0
50
360.0
0
TEXT
5
25F
330
1C
100
AcDbEntity
67
0
8
0
62
7
6
ByLayer
370
-1
48
1.0
60
0
100
AcDbText
1
287
10
1395384.44074963
20
359690.658287845
30
0.0
40
0.31111111111
41
1.0
50
0.0
51
0.0
7
Standard
11
1395384.44074963
21
359690.658287845
31
0.0
210
0.0
220
0.0
230
1.0
71
0
72
0
100
AcDbText
73
0
0
POINT
5
260
330
1C
100
AcDbEntity
67
0
8
0
62
256
6
ByLayer
370
-1
48
1.0
60
0
100
AcDbPoint
10
1395383.23156468
20
359691.431329512
30
0.0
39
0.0
210
0.0
220
0.0
230
1.0
50
360.0
0
TEXT
5
261
330
1C
100
AcDbEntity
67
0
8
0
62
7
6
ByLayer
370
-1
48
1.0
60
0
100
AcDbText
1
288
10
1395383.3606942
20
359691.705769318
30
0.0
40
0.31111111111
41
1.0
50
0.0
51
0.0
7
Standard
11
1395383.3606942
21
359691.705769318
31
0.0
210
0.0
220
0.0
230
1.0
71
0
72
0
100
AcDbText
73
0
0
POINT
5
262
330
1C
100
AcDbEntity
67
0
8
0
62
256
6
ByLayer
370
-1
48
1.0
60
0
100
AcDbPoint
10
1395386.71455663
20
359669.230537847
30
0.0
39
0.0
210
0.0
220
0.0
230
1.0
50
360.0
0
TEXT
5
263
330
1C
100
AcDbEntity
67
0
8
0
62
7
6
ByLayer
370
-1
48
1.0
60
0
100
AcDbText
1
289
10
1395386.84368618
20
359669.50497766
30
0.0
40
0.31111111111
41
1.0
50
0.0
51
0.0
7
Standard
11
1395386.84368618
21
359669.50497766
31
0.0
210
0.0
220
0.0
230
1.0
71
0
72
0
100
AcDbText
73
0
0
POINT
5
264
330
1C
100
AcDbEntity
67
0
8
0
62
256
6
ByLayer
370
-1
48
1.0
60
0
100
AcDbPoint
10
1395387.08167456
20
359670.689634017
30
0.0
39
0.0
210
0.0
220
0.0
230
1.0
50
360.0
0
TEXT
5
265
330
1C
100
AcDbEntity
67
0
8
0
62
7
6
ByLayer
370
-1
48
1.0
60
0
100
AcDbText
1
290
10
1395387.21080411
20
359670.96407383
30
0.0
40
0.31111111111
41
1.0
50
0.0
51
0.0
7
Standard
11
1395387.21080411
21
359670.96407383
31
0.0
210
0.0
220
0.0
230
1.0
71
0
72
0
100
AcDbText
73
0
0
POINT
5
266
330
1C
100
AcDbEntity
67
0
8
0
62
256
6
ByLayer
370
-1
48
1.0
60
0
100
AcDbPoint
10
1395388.1291561
20
359671.769689405
30
0.0
39
0.0
210
0.0
220
0.0
230
1.0
50
360.0
0
TEXT
5
267
330
1C
100
AcDbEntity
67
0
8
0
62
7
6
ByLayer
370
-1
48
1.0
60
0
100
AcDbText
1
291
10
1395388.25828565
20
359672.044129222
30
0.0
40
0.31111111111
41
1.0
50
0.0
51
0.0
7
Standard
11
1395388.25828565
21
359672.044129222
31
0.0
210
0.0
220
0.0
230
1.0
71
0
72
0
100
AcDbText
73
0
0
POINT
5
268
330
1C
100
AcDbEntity
67
0
8
0
62
256
6
ByLayer
370
-1
48
1.0
60
0
100
AcDbPoint
10
1395389.57632942
20
359672.181304042
30
0.0
39
0.0
210
0.0
220
0.0
230
1.0
50
360.0
0
TEXT
5
269
330
1C
100
AcDbEntity
67
0
8
0
62
7
6
ByLayer
370
-1
48
1.0
60
0
100
AcDbText
1
292
10
1395389.70545897
20
359672.455743862
30
0.0
40
0.31111111111
41
1.0
50
0.0
51
0.0
7
Standard
11
1395389.70545897
21
359672.455743862
31
0.0
210
0.0
220
0.0
230
1.0
71
0
72
0
100
AcDbText
73
0
0
POINT
5
26A
330
1C
100
AcDbEntity
67
0
8
0
62
256
6
ByLayer
370
-1
48
1.0
60
0
100
AcDbPoint
10
1395391.0354256
20
359671.814186114
30
0.0
39
0.0
210
0.0
220
0.0
230
1.0
50
360.0
0
TEXT
5
26B
330
1C
100
AcDbEntity
67
0
8
0
62
7
6
ByLayer
370
-1
48
1.0
60
0
100
AcDbText
1
293
10
1395391.16455515
20
359672.088625938
30
0.0
40
0.31111111111
41
1.0
50
0.0
51
0.0
7
Standard
11
1395391.16455515
21
359672.088625938
31
0.0
210
0.0
220
0.0
230
1.0
71
0
72
0
100
AcDbText
73
0
0
POINT
5
26C
330
1C
100
AcDbEntity
67
0
8
0
62
256
6
ByLayer
370
-1
48
1.0
60
0
100
AcDbPoint
10
1395392.115481
20
359670.766704563
30
0.0
39
0.0
210
0.0
220
0.0
230
1.0
50
360.0
0
TEXT
5
26D
330
1C
100
AcDbEntity
67
0
8
0
62
7
6
ByLayer
370
-1
48
1.0
60
0
100
AcDbText
1
294
10
1395392.24461055
20
359671.041144388
30
0.0
40
0.31111111111
41
1.0
50
0.0
51
0.0
7
Standard
11
1395392.24461055
21
359671.041144388
31
0.0
210
0.0
220
0.0
230
1.0
71
0
72
0
100
AcDbText
73
0
0
POINT
5
26E
330
1C
100
AcDbEntity
67
0
8
0
62
256
6
ByLayer
370
-1
48
1.0
60
0
100
AcDbPoint
10
1395392.52709564
20
359669.319531227
30
0.0
39
0.0
210
0.0
220
0.0
230
1.0
50
360.0
0
TEXT
5
26F
330
1C
100
AcDbEntity
67
0
8
0
62
7
6
ByLayer
370
-1
48
1.0
60
0
100
AcDbText
1
295
10
1395392.65622519
20
359669.593971053
30
0.0
40
0.31111111111
41
1.0
50
0.0
51
0.0
7
Standard
11
1395392.65622519
21
359669.593971053
31
0.0
210
0.0
220
0.0
230
1.0
71
0
72
0
100
AcDbText
73
0
0
POINT
5
270
330
1C
100
AcDbEntity
67
0
8
0
62
256
6
ByLayer
370
-1
48
1.0
60
0
100
AcDbPoint
10
1395392.1599777
20
359667.86043504
30
0.0
39
0.0
210
0.0
220
0.0
230
1.0
50
360.0
0
TEXT
5
271
330
1C
100
AcDbEntity
67
0
8
0
62
7
6
ByLayer
370
-1
48
1.0
60
0
100
AcDbText
1
296
10
1395392.28910725
20
359668.134874862
30
0.0
40
0.31111111111
41
1.0
50
0.0
51
0.0
7
Standard
11
1395392.28910725
21
359668.134874862
31
0.0
210
0.0
220
0.0
230
1.0
71
0
72
0
100
AcDbText
73
0
0
POINT
5
272
330
1C
100
AcDbEntity
67
0
8
0
62
256
6
ByLayer
370
-1
48
1.0
60
0
100
AcDbPoint
10
1395391.11249613
20
359666.78037965
30
0.0
39
0.0
210
0.0
220
0.0
230
1.0
50
360.0
0
TEXT
5
273
330
1C
100
AcDbEntity
67
0
8
0
62
7
6
ByLayer
370
-1
48
1.0
60
0
100
AcDbText
1
297
10
1395391.24162569
20
359667.054819472
30
0.0
40
0.31111111111
41
1.0
50
0.0
51
0.0
7
Standard
11
1395391.24162569
21
359667.054819472
31
0.0
210
0.0
220
0.0
230
1.0
71
0
72
0
100
AcDbText
73
0
0
POINT
5
274
330
1C
100
AcDbEntity
67
0
8
0
62
256
6
ByLayer
370
-1
48
1.0
60
0
100
AcDbPoint
10
1395389.6653228
20
359666.368765031
30
0.0
39
0.0
210
0.0
220
0.0
230
1.0
50
360.0
0
TEXT
5
275
330
1C
100
AcDbEntity
67
0
8
0
62
7
6
ByLayer
370
-1
48
1.0
60
0
100
AcDbText
1
298
10
1395389.79445236
20
359666.64320485
30
0.0
40
0.31111111111
41
1.0
50
0.0
51
0.0
7
Standard
11
1395389.79445236
21
359666.64320485
31
0.0
210
0.0
220
0.0
230
1.0
71
0
72
0
100
AcDbText
73
0
0
POINT
5
276
330
1C
100
AcDbEntity
67
0
8
0
62
256
6
ByLayer
370
-1
48
1.0
60
0
100
AcDbPoint
10
1395388.20622663
20
359666.735882977
30
0.0
39
0.0
210
0.0
220
0.0
230
1.0
50
360.0
0
TEXT
5
277
330
1C
100
AcDbEntity
67
0
8
0
62
7
6
ByLayer
370
-1
48
1.0
60
0
100
AcDbText
1
299
10
1395388.33535619
20
359667.010322794
30
0.0
40
0.31111111111
41
1.0
50
0.0
51
0.0
7
Standard
11
1395388.33535619
21
359667.010322794
31
0.0
210
0.0
220
0.0
230
1.0
71
0
72
0
100
AcDbText
73
0
0
POINT
5
278
330
1C
100
AcDbEntity
67
0
8
0
62
256
6
ByLayer
370
-1
48
1.0
60
0
100
AcDbPoint
10
1395387.12617125
20
359667.783364532
30
0.0
39
0.0
210
0.0
220
0.0
230
1.0
50
360.0
0
TEXT
5
279
330
1C
100
AcDbEntity
67
0
8
0
62
7
6
ByLayer
370
-1
48
1.0
60
0
100
AcDbText
1
300
10
1395387.25530081
20
359668.057804344
30
0.0
40
0.31111111111
41
1.0
50
0.0
51
0.0
7
Standard
11
1395387.25530081
21
359668.057804344
31
0.0
210
0.0
220
0.0
230
1.0
71
0
72
0
100
AcDbText
73
0
0
POINT
5
27A
330
1C
100
AcDbEntity
67
0
8
0
62
256
6
ByLayer
370
-1
48
1.0
60
0
100
AcDbPoint
10
1396657.63017044
20
359694.259101799
30
0.0
39
0.0
210
0.0
220
0.0
230
1.0
50
360.0
0
TEXT
5
27B
330
1C
100
AcDbEntity
67
0
8
0
62
7
6
ByLayer
370
-1
48
1.0
60
0
100
AcDbText
1
301
10
1396657.75929992
20
359694.533543929
30
0.0
40
0.31111111111
41
1.0
50
0.0
51
0.0
7
Standard
11
1396657.75929992
21
359694.533543929
31
0.0
210
0.0
220
0.0
230
1.0
71
0
72
0
100
AcDbText
73
0
0
POINT
5
27C
330
1C
100
AcDbEntity
67
0
8
0
62
256
6
ByLayer
370
-1
48
1.0
60
0
100
AcDbPoint
10
1396657.99728948
20
359695.718202755
30
0.0
39
0.0
210
0.0
220
0.0
230
1.0
50
360.0
0
TEXT
5
27D
330
1C
100
AcDbEntity
67
0
8
0
62
7
6
ByLayer
370
-1
48
1.0
60
0
100
AcDbText
1
302
10
1396658.12641895
20
359695.992644885
30
0.0
40
0.31111111111
41
1.0
50
0.0
51
0.0
7
Standard
11
1396658.12641895
21
359695.992644885
31
0.0
210
0.0
220
0.0
230
1.0
71
0
72
0
100
AcDbText
73
0
0
POINT
5
27E
330
1C
100
AcDbEntity
67
0
8
0
62
256
6
ByLayer
370
-1
48
1.0
60
0
100
AcDbPoint
10
1396659.04477438
20
359696.798261732
30
0.0
39
0.0
210
0.0
220
0.0
230
1.0
50
360.0
0
TEXT
5
27F
330
1C
100
AcDbEntity
67
0
8
0
62
7
6
ByLayer
370
-1
48
1.0
60
0
100
AcDbText
1
303
10
1396659.17390385
20
359697.072703864
30
0.0
40
0.31111111111
41
1.0
50
0.0
51
0.0
7
Standard
11
1396659.17390385
21
359697.072703864
31
0.0
210
0.0
220
0.0
230
1.0
71
0
72
0
100
AcDbText
73
0
0
POINT
5
280
330
1C
100
AcDbEntity
67
0
8
0
62
256
6
ByLayer
370
-1
48
1.0
60
0
100
AcDbPoint
10
1396660.49195239
20
359697.209877799
30
0.0
39
0.0
210
0.0
220
0.0
230
1.0
50
360.0
0
TEXT
5
281
330
1C
100
AcDbEntity
67
0
8
0
62
7
6
ByLayer
370
-1
48
1.0
60
0
100
AcDbText
1
304
10
1396660.62108186
20
359697.484319935
30
0.0
40
0.31111111111
41
1.0
50
0.0
51
0.0
7
Standard
11
1396660.62108186
21
359697.484319935
31
0.0
210
0.0
220
0.0
230
1.0
71
0
72
0
100
AcDbText
73
0
0
POINT
5
282
330
1C
100
AcDbEntity
67
0
8
0
62
256
6
ByLayer
370
-1
48
1.0
60
0
100
AcDbPoint
10
1396661.95105336
20
359696.842758763
30
0.0
39
0.0
210
0.0
220
0.0
230
1.0
50
360.0
0
TEXT
5
283
330
1C
100
AcDbEntity
67
0
8
0
62
7
6
ByLayer
370
-1
48
1.0
60
0
100
AcDbText
1
305
10
1396662.08018283
20
359697.1172009
30
0.0
40
0.31111111111
41
1.0
50
0.0
51
0.0
7
Standard
11
1396662.08018283
21
359697.1172009
31
0.0
210
0.0
220
0.0
230
1.0
71
0
72
0
100
AcDbText
73
0
0
POINT
5
284
330
1C
100
AcDbEntity
67
0
8
0
62
256
6
ByLayer
370
-1
48
1.0
60
0
100
AcDbPoint
10
1396663.03111235
20
359695.795273858
30
0.0
39
0.0
210
0.0
220
0.0
230
1.0
50
360.0
0
TEXT
5
285
330
1C
100
AcDbEntity
67
0
8
0
62
7
6
ByLayer
370
-1
48
1.0
60
0
100
AcDbText
1
306
10
1396663.16024183
20
359696.069716001
30
0.0
40
0.31111111111
41
1.0
50
0.0
51
0.0
7
Standard
11
1396663.16024183
21
359696.069716001
31
0.0
210
0.0
220
0.0
230
1.0
71
0
72
0
100
AcDbText
73
0
0
POINT
5
286
330
1C
100
AcDbEntity
67
0
8
0
62
256
6
ByLayer
370
-1
48
1.0
60
0
100
AcDbPoint
10
1396663.44272842
20
359694.348095827
30
0.0
39
0.0
210
0.0
220
0.0
230
1.0
50
360.0
0
TEXT
5
287
330
1C
100
AcDbEntity
67
0
8
0
62
7
6
ByLayer
370
-1
48
1.0
60
0
100
AcDbText
1
307
10
1396663.57185789
20
359694.622537964
30
0.0
40
0.31111111111
41
1.0
50
0.0
51
0.0
7
Standard
11
1396663.57185789
21
359694.622537964
31
0.0
210
0.0
220
0.0
230
1.0
71
0
72
0
100
AcDbText
73
0
0
POINT
5
288
330
1C
100
AcDbEntity
67
0
8
0
62
256
6
ByLayer
370
-1
48
1.0
60
0
100
AcDbPoint
10
1396663.07560937
20
359692.888994849
30
0.0
39
0.0
210
0.0
220
0.0
230
1.0
50
360.0
0
TEXT
5
289
330
1C
100
AcDbEntity
67
0
8
0
62
7
6
ByLayer
370
-1
48
1.0
60
0
100
AcDbText
1
308
10
1396663.20473885
20
359693.163436991
30
0.0
40
0.31111111111
41
1.0
50
0.0
51
0.0
7
Standard
11
1396663.20473885
21
359693.163436991
31
0.0
210
0.0
220
0.0
230
1.0
71
0
72
0
100
AcDbText
73
0
0
POINT
5
28A
330
1C
100
AcDbEntity
67
0
8
0
62
256
6
ByLayer
370
-1
48
1.0
60
0
100
AcDbPoint
10
1396662.02812445
20
359691.808935873
30
0.0
39
0.0
210
0.0
220
0.0
230
1.0
50
360.0
0
TEXT
5
28B
330
1C
100
AcDbEntity
67
0
8
0
62
7
6
ByLayer
370
-1
48
1.0
60
0
100
AcDbText
1
309
10
1396662.15725393
20
359692.083378008
30
0.0
40
0.31111111111
41
1.0
50
0.0
51
0.0
7
Standard
11
1396662.15725393
21
359692.083378008
31
0.0
210
0.0
220
0.0
230
1.0
71
0
72
0
100
AcDbText
73
0
0
POINT
5
28C
330
1C
100
AcDbEntity
67
0
8
0
62
256
6
ByLayer
370
-1
48
1.0
60
0
100
AcDbPoint
10
1396660.58094642
20
359691.397319822
30
0.0
39
0.0
210
0.0
220
0.0
230
1.0
50
360.0
0
TEXT
5
28D
330
1C
100
AcDbEntity
67
0
8
0
62
7
6
ByLayer
370
-1
48
1.0
60
0
100
AcDbText
1
310
10
1396660.7100759
20
359691.671761958
30
0.0
40
0.31111111111
41
1.0
50
0.0
51
0.0
7
Standard
11
1396660.7100759
21
359691.671761958
31
0.0
210
0.0
220
0.0
230
1.0
71
0
72
0
100
AcDbText
73
0
0
POINT
5
28E
330
1C
100
AcDbEntity
67
0
8
0
62
256
6
ByLayer
370
-1
48
1.0
60
0
100
AcDbPoint
10
1396659.12184546
20
359691.764438878
30
0.0
39
0.0
210
0.0
220
0.0
230
1.0
50
360.0
0
TEXT
5
28F
330
1C
100
AcDbEntity
67
0
8
0
62
7
6
ByLayer
370
-1
48
1.0
60
0
100
AcDbText
1
311
10
1396659.25097494
20
359692.038881011
30
0.0
40
0.31111111111
41
1.0
50
0.0
51
0.0
7
Standard
11
1396659.25097494
21
359692.038881011
31
0.0
210
0.0
220
0.0
230
1.0
71
0
72
0
100
AcDbText
73
0
0
POINT
5
290
330
1C
100
AcDbEntity
67
0
8
0
62
256
6
ByLayer
370
-1
48
1.0
60
0
100
AcDbPoint
10
1396658.04178649
20
359692.811923785
30
0.0
39
0.0
210
0.0
220
0.0
230
1.0
50
360.0
0
TEXT
5
291
330
1C
100
AcDbEntity
67
0
8
0
62
7
6
ByLayer
370
-1
48
1.0
60
0
100
AcDbText
1
312
10
1396658.17091597
20
359693.086365912
30
0.0
40
0.31111111111
41
1.0
50
0.0
51
0.0
7
Standard
11
1396658.17091597
21
359693.086365912
31
0.0
210
0.0
220
0.0
230
1.0
71
0
72
0
100
AcDbText
73
0
0
POINT
5
292
330
1C
100
AcDbEntity
67
0
8
0
62
256
6
ByLayer
370
-1
48
1.0
60
0
100
AcDbPoint
10
1396285.75403335
20
359572.395154318
30
0.0
39
0.0
210
0.0
220
0.0
230
1.0
50
360.0
0
TEXT
5
293
330
1C
100
AcDbEntity
67
0
8
0
62
7
6
ByLayer
370
-1
48
1.0
60
0
100
AcDbText
1
313
10
1396285.88316305
20
359572.669595773
30
0.0
40
0.31111111111
41
1.0
50
0.0
51
0.0
7
Standard
11
1396285.88316305
21
359572.669595773
31
0.0
210
0.0
220
0.0
230
1.0
71
0
72
0
100
AcDbText
73
0
0
POINT
5
294
330
1C
100
AcDbEntity
67
0
8
0
62
256
6
ByLayer
370
-1
48
1.0
60
0
100
AcDbPoint
10
1396286.12115249
20
359573.854253764
30
0.0
39
0.0
210
0.0
220
0.0
230
1.0
50
360.0
0
TEXT
5
295
330
1C
100
AcDbEntity
67
0
8
0
62
7
6
ByLayer
370
-1
48
1.0
60
0
100
AcDbText
1
314
10
1396286.2502822
20
359574.128695217
30
0.0
40
0.31111111111
41
1.0
50
0.0
51
0.0
7
Standard
11
1396286.2502822
21
359574.128695217
31
0.0
210
0.0
220
0.0
230
1.0
71
0
72
0
100
AcDbText
73
0
0
POINT
5
296
330
1C
100
AcDbEntity
67
0
8
0
62
256
6
ByLayer
370
-1
48
1.0
60
0
100
AcDbPoint
10
1396287.16863672
20
359574.934311385
30
0.0
39
0.0
210
0.0
220
0.0
230
1.0
50
360.0
0
TEXT
5
297
330
1C
100
AcDbEntity
67
0
8
0
62
7
6
ByLayer
370
-1
48
1.0
60
0
100
AcDbText
1
315
10
1396287.29776643
20
359575.20875284
30
0.0
40
0.31111111111
41
1.0
50
0.0
51
0.0
7
Standard
11
1396287.29776643
21
359575.20875284
31
0.0
210
0.0
220
0.0
230
1.0
71
0
72
0
100
AcDbText
73
0
0
POINT
5
298
330
1C
100
AcDbEntity
67
0
8
0
62
256
6
ByLayer
370
-1
48
1.0
60
0
100
AcDbPoint
10
1396288.61581349
20
359575.345926607
30
0.0
39
0.0
210
0.0
220
0.0
230
1.0
50
360.0
0
TEXT
5
299
330
1C
100
AcDbEntity
67
0
8
0
62
7
6
ByLayer
370
-1
48
1.0
60
0
100
AcDbText
1
316
10
1396288.74494319
20
359575.620368068
30
0.0
40
0.31111111111
41
1.0
50
0.0
51
0.0
7
Standard
11
1396288.74494319
21
359575.620368068
31
0.0
210
0.0
220
0.0
230
1.0
71
0
72
0
100
AcDbText
73
0
0
POINT
5
29A
330
1C
100
AcDbEntity
67
0
8
0
62
256
6
ByLayer
370
-1
48
1.0
60
0
100
AcDbPoint
10
1396290.07491295
20
359574.978807466
30
0.0
39
0.0
210
0.0
220
0.0
230
1.0
50
360.0
0
TEXT
5
29B
330
1C
100
AcDbEntity
67
0
8
0
62
7
6
ByLayer
370
-1
48
1.0
60
0
100
AcDbText
1
317
10
1396290.20404265
20
359575.253248928
30
0.0
40
0.31111111111
41
1.0
50
0.0
51
0.0
7
Standard
11
1396290.20404265
21
359575.253248928
31
0.0
210
0.0
220
0.0
230
1.0
71
0
72
0
100
AcDbText
73
0
0
POINT
5
29C
330
1C
100
AcDbEntity
67
0
8
0
62
256
6
ByLayer
370
-1
48
1.0
60
0
100
AcDbPoint
10
1396291.15497058
20
359573.931323224
30
0.0
39
0.0
210
0.0
220
0.0
230
1.0
50
360.0
0
TEXT
5
29D
330
1C
100
AcDbEntity
67
0
8
0
62
7
6
ByLayer
370
-1
48
1.0
60
0
100
AcDbText
1
318
10
1396291.28410028
20
359574.205764688
30
0.0
40
0.31111111111
41
1.0
50
0.0
51
0.0
7
Standard
11
1396291.28410028
21
359574.205764688
31
0.0
210
0.0
220
0.0
230
1.0
71
0
72
0
100
AcDbText
73
0
0
POINT
5
29E
330
1C
100
AcDbEntity
67
0
8
0
62
256
6
ByLayer
370
-1
48
1.0
60
0
100
AcDbPoint
10
1396291.5665858
20
359572.484146445
30
0.0
39
0.0
210
0.0
220
0.0
230
1.0
50
360.0
0
TEXT
5
29F
330
1C
100
AcDbEntity
67
0
8
0
62
7
6
ByLayer
370
-1
48
1.0
60
0
100
AcDbText
1
319
10
1396291.6957155
20
359572.758587908
30
0.0
40
0.31111111111
41
1.0
50
0.0
51
0.0
7
Standard
11
1396291.6957155
21
359572.758587908
31
0.0
210
0.0
220
0.0
230
1.0
71
0
72
0
100
AcDbText
73
0
0
POINT
5
2A0
330
1C
100
AcDbEntity
67
0
8
0
62
256
6
ByLayer
370
-1
48
1.0
60
0
100
AcDbPoint
10
1396291.19946664
20
359571.02504698
30
0.0
39
0.0
210
0.0
220
0.0
230
1.0
50
360.0
0
TEXT
5
2A1
330
1C
100
AcDbEntity
67
0
8
0
62
7
6
ByLayer
370
-1
48
1.0
60
0
100
AcDbText
1
320
10
1396291.32859636
20
359571.299488442
30
0.0
40
0.31111111111
41
1.0
50
0.0
51
0.0
7
Standard
11
1396291.32859636
21
359571.299488442
31
0.0
210
0.0
220
0.0
230
1.0
71
0
72
0
100
AcDbText
73
0
0
POINT
5
2A2
330
1C
100
AcDbEntity
67
0
8
0
62
256
6
ByLayer
370
-1
48
1.0
60
0
100
AcDbPoint
10
1396290.15198239
20
359569.944989359
30
0.0
39
0.0
210
0.0
220
0.0
230
1.0
50
360.0
0
TEXT
5
2A3
330
1C
100
AcDbEntity
67
0
8
0
62
7
6
ByLayer
370
-1
48
1.0
60
0
100
AcDbText
1
321
10
1396290.2811121
20
359570.219430824
30
0.0
40
0.31111111111
41
1.0
50
0.0
51
0.0
7
Standard
11
1396290.2811121
21
359570.219430824
31
0.0
210
0.0
220
0.0
230
1.0
71
0
72
0
100
AcDbText
73
0
0
POINT
5
2A4
330
1C
100
AcDbEntity
67
0
8
0
62
256
6
ByLayer
370
-1
48
1.0
60
0
100
AcDbPoint
10
1396288.70480562
20
359569.533374153
30
0.0
39
0.0
210
0.0
220
0.0
230
1.0
50
360.0
0
TEXT
5
2A5
330
1C
100
AcDbEntity
67
0
8
0
62
7
6
ByLayer
370
-1
48
1.0
60
0
100
AcDbText
1
322
10
1396288.83393533
20
359569.807815612
30
0.0
40
0.31111111111
41
1.0
50
0.0
51
0.0
7
Standard
11
1396288.83393533
21
359569.807815612
31
0.0
210
0.0
220
0.0
230
1.0
71
0
72
0
100
AcDbText
73
0
0
POINT
5
2A6
330
1C
100
AcDbEntity
67
0
8
0
62
256
6
ByLayer
370
-1
48
1.0
60
0
100
AcDbPoint
10
1396287.24570616
20
359569.900493315
30
0.0
39
0.0
210
0.0
220
0.0
230
1.0
50
360.0
0
TEXT
5
2A7
330
1C
100
AcDbEntity
67
0
8
0
62
7
6
ByLayer
370
-1
48
1.0
60
0
100
AcDbText
1
323
10
1396287.37483587
20
359570.174934774
30
0.0
40
0.31111111111
41
1.0
50
0.0
51
0.0
7
Standard
11
1396287.37483587
21
359570.174934774
31
0.0
210
0.0
220
0.0
230
1.0
71
0
72
0
100
AcDbText
73
0
0
POINT
5
2A8
330
1C
100
AcDbEntity
67
0
8
0
62
256
6
ByLayer
370
-1
48
1.0
60
0
100
AcDbPoint
10
1396286.16564856
20
359570.947977557
30
0.0
39
0.0
210
0.0
220
0.0
230
1.0
50
360.0
0
TEXT
5
2A9
330
1C
100
AcDbEntity
67
0
8
0
62
7
6
ByLayer
370
-1
48
1.0
60
0
100
AcDbText
1
324
10
1396286.29477827
20
359571.222419012
30
0.0
40
0.31111111111
41
1.0
50
0.0
51
0.0
7
Standard
11
1396286.29477827
21
359571.222419012
31
0.0
210
0.0
220
0.0
230
1.0
71
0
72
0
100
AcDbText
73
0
0
POINT
5
2AA
330
1C
100
AcDbEntity
67
0
8
0
62
256
6
ByLayer
370
-1
48
1.0
60
0
100
AcDbPoint
10
1396718.19465054
20
359683.36561621
30
0.0
39
0.0
210
0.0
220
0.0
230
1.0
50
360.0
0
TEXT
5
2AB
330
1C
100
AcDbEntity
67
0
8
0
62
7
6
ByLayer
370
-1
48
1.0
60
0
100
AcDbText
1
325
10
1396718.32378004
20
359683.640058448
30
0.0
40
0.31111111111
41
1.0
50
0.0
51
0.0
7
Standard
11
1396718.32378004
21
359683.640058448
31
0.0
210
0.0
220
0.0
230
1.0
71
0
72
0
100
AcDbText
73
0
0
POINT
5
2AC
330
1C
100
AcDbEntity
67
0
8
0
62
256
6
ByLayer
370
-1
48
1.0
60
0
100
AcDbPoint
10
1396718.56176969
20
359684.824717379
30
0.0
39
0.0
210
0.0
220
0.0
230
1.0
50
360.0
0
TEXT
5
2AD
330
1C
100
AcDbEntity
67
0
8
0
62
7
6
ByLayer
370
-1
48
1.0
60
0
100
AcDbText
1
326
10
1396718.69089918
20
359685.099159619
30
0.0
40
0.31111111111
41
1.0
50
0.0
51
0.0
7
Standard
11
1396718.69089918
21
359685.099159619
31
0.0
210
0.0
220
0.0
230
1.0
71
0
72
0
100
AcDbText
73
0
0
POINT
5
2AE
330
1C
100
AcDbEntity
67
0
8
0
62
256
6
ByLayer
370
-1
48
1.0
60
0
100
AcDbPoint
10
1396719.60925477
20
359685.904776494
30
0.0
39
0.0
210
0.0
220
0.0
230
1.0
50
360.0
0
TEXT
5
2AF
330
1C
100
AcDbEntity
67
0
8
0
62
7
6
ByLayer
370
-1
48
1.0
60
0
100
AcDbText
1
327
10
1396719.73838426
20
359686.179218738
30
0.0
40
0.31111111111
41
1.0
50
0.0
51
0.0
7
Standard
11
1396719.73838426
21
359686.179218738
31
0.0
210
0.0
220
0.0
230
1.0
71
0
72
0
100
AcDbText
73
0
0
POINT
5
2B0
330
1C
100
AcDbEntity
67
0
8
0
62
256
6
ByLayer
370
-1
48
1.0
60
0
100
AcDbPoint
10
1396721.05643303
20
359686.316392586
30
0.0
39
0.0
210
0.0
220
0.0
230
1.0
50
360.0
0
TEXT
5
2B1
330
1C
100
AcDbEntity
67
0
8
0
62
7
6
ByLayer
370
-1
48
1.0
60
0
100
AcDbText
1
328
10
1396721.18556251
20
359686.590834832
30
0.0
40
0.31111111111
41
1.0
50
0.0
51
0.0
7
Standard
11
1396721.18556251
21
359686.590834832
31
0.0
210
0.0
220
0.0
230
1.0
71
0
72
0
100
AcDbText
73
0
0
POINT
5
2B2
330
1C
100
AcDbEntity
67
0
8
0
62
256
6
ByLayer
370
-1
48
1.0
60
0
100
AcDbPoint
10
1396722.51553422
20
359685.949273449
30
0.0
39
0.0
210
0.0
220
0.0
230
1.0
50
360.0
0
TEXT
5
2B3
330
1C
100
AcDbEntity
67
0
8
0
62
7
6
ByLayer
370
-1
48
1.0
60
0
100
AcDbText
1
329
10
1396722.6446637
20
359686.223715697
30
0.0
40
0.31111111111
41
1.0
50
0.0
51
0.0
7
Standard
11
1396722.6446637
21
359686.223715697
31
0.0
210
0.0
220
0.0
230
1.0
71
0
72
0
100
AcDbText
73
0
0
POINT
5
2B4
330
1C
100
AcDbEntity
67
0
8
0
62
256
6
ByLayer
370
-1
48
1.0
60
0
100
AcDbPoint
10
1396723.59559334
20
359684.901788353
30
0.0
39
0.0
210
0.0
220
0.0
230
1.0
50
360.0
0
TEXT
5
2B5
330
1C
100
AcDbEntity
67
0
8
0
62
7
6
ByLayer
370
-1
48
1.0
60
0
100
AcDbText
1
330
10
1396723.72472283
20
359685.176230605
30
0.0
40
0.31111111111
41
1.0
50
0.0
51
0.0
7
Standard
11
1396723.72472283
21
359685.176230605
31
0.0
210
0.0
220
0.0
230
1.0
71
0
72
0
100
AcDbText
73
0
0
POINT
5
2B6
330
1C
100
AcDbEntity
67
0
8
0
62
256
6
ByLayer
370
-1
48
1.0
60
0
100
AcDbPoint
10
1396724.00720943
20
359683.454610082
30
0.0
39
0.0
210
0.0
220
0.0
230
1.0
50
360.0
0
TEXT
5
2B7
330
1C
100
AcDbEntity
67
0
8
0
62
7
6
ByLayer
370
-1
48
1.0
60
0
100
AcDbText
1
331
10
1396724.13633892
20
359683.729052333
30
0.0
40
0.31111111111
41
1.0
50
0.0
51
0.0
7
Standard
11
1396724.13633892
21
359683.729052333
31
0.0
210
0.0
220
0.0
230
1.0
71
0
72
0
100
AcDbText
73
0
0
POINT
5
2B8
330
1C
100
AcDbEntity
67
0
8
0
62
256
6
ByLayer
370
-1
48
1.0
60
0
100
AcDbPoint
10
1396723.64009028
20
359681.995508891
30
0.0
39
0.0
210
0.0
220
0.0
230
1.0
50
360.0
0
TEXT
5
2B9
330
1C
100
AcDbEntity
67
0
8
0
62
7
6
ByLayer
370
-1
48
1.0
60
0
100
AcDbText
1
332
10
1396723.76921977
20
359682.269951142
30
0.0
40
0.31111111111
41
1.0
50
0.0
51
0.0
7
Standard
11
1396723.76921977
21
359682.269951142
31
0.0
210
0.0
220
0.0
230
1.0
71
0
72
0
100
AcDbText
73
0
0
POINT
5
2BA
330
1C
100
AcDbEntity
67
0
8
0
62
256
6
ByLayer
370
-1
48
1.0
60
0
100
AcDbPoint
10
1396722.59260517
20
359680.915449774
30
0.0
39
0.0
210
0.0
220
0.0
230
1.0
50
360.0
0
TEXT
5
2BB
330
1C
100
AcDbEntity
67
0
8
0
62
7
6
ByLayer
370
-1
48
1.0
60
0
100
AcDbText
1
333
10
1396722.72173467
20
359681.189892023
30
0.0
40
0.31111111111
41
1.0
50
0.0
51
0.0
7
Standard
11
1396722.72173467
21
359681.189892023
31
0.0
210
0.0
220
0.0
230
1.0
71
0
72
0
100
AcDbText
73
0
0
POINT
5
2BC
330
1C
100
AcDbEntity
67
0
8
0
62
256
6
ByLayer
370
-1
48
1.0
60
0
100
AcDbPoint
10
1396721.1454269
20
359680.503833701
30
0.0
39
0.0
210
0.0
220
0.0
230
1.0
50
360.0
0
TEXT
5
2BD
330
1C
100
AcDbEntity
67
0
8
0
62
7
6
ByLayer
370
-1
48
1.0
60
0
100
AcDbText
1
334
10
1396721.2745564
20
359680.778275948
30
0.0
40
0.31111111111
41
1.0
50
0.0
51
0.0
7
Standard
11
1396721.2745564
21
359680.778275948
31
0.0
210
0.0
220
0.0
230
1.0
71
0
72
0
100
AcDbText
73
0
0
POINT
5
2BE
330
1C
100
AcDbEntity
67
0
8
0
62
256
6
ByLayer
370
-1
48
1.0
60
0
100
AcDbPoint
10
1396719.68632573
20
359680.870952857
30
0.0
39
0.0
210
0.0
220
0.0
230
1.0
50
360.0
0
TEXT
5
2BF
330
1C
100
AcDbEntity
67
0
8
0
62
7
6
ByLayer
370
-1
48
1.0
60
0
100
AcDbText
1
335
10
1396719.81545522
20
359681.1453951
30
0.0
40
0.31111111111
41
1.0
50
0.0
51
0.0
7
Standard
11
1396719.81545522
21
359681.1453951
31
0.0
210
0.0
220
0.0
230
1.0
71
0
72
0
100
AcDbText
73
0
0
POINT
5
2C0
330
1C
100
AcDbEntity
67
0
8
0
62
256
6
ByLayer
370
-1
48
1.0
60
0
100
AcDbPoint
10
1396718.60626662
20
359681.918437955
30
0.0
39
0.0
210
0.0
220
0.0
230
1.0
50
360.0
0
TEXT
5
2C1
330
1C
100
AcDbEntity
67
0
8
0
62
7
6
ByLayer
370
-1
48
1.0
60
0
100
AcDbText
1
336
10
1396718.73539612
20
359682.192880194
30
0.0
40
0.31111111111
41
1.0
50
0.0
51
0.0
7
Standard
11
1396718.73539612
21
359682.192880194
31
0.0
210
0.0
220
0.0
230
1.0
71
0
72
0
100
AcDbText
73
0
0
POINT
5
2C2
330
1C
100
AcDbEntity
67
0
8
0
62
256
6
ByLayer
370
-1
48
1.0
60
0
100
AcDbPoint
10
1396945.10739738
20
359610.39522435
30
0.0
39
0.0
210
0.0
220
0.0
230
1.0
50
360.0
0
TEXT
5
2C3
330
1C
100
AcDbEntity
67
0
8
0
62
7
6
ByLayer
370
-1
48
1.0
60
0
100
AcDbText
1
337
10
1396945.23652701
20
359610.669667005
30
0.0
40
0.31111111111
41
1.0
50
0.0
51
0.0
7
Standard
11
1396945.23652701
21
359610.669667005
31
0.0
210
0.0
220
0.0
230
1.0
71
0
72
0
100
AcDbText
73
0
0
POINT
5
2C4
330
1C
100
AcDbEntity
67
0
8
0
62
256
6
ByLayer
370
-1
48
1.0
60
0
100
AcDbPoint
10
1396945.47451701
20
359611.854326303
30
0.0
39
0.0
210
0.0
220
0.0
230
1.0
50
360.0
0
TEXT
5
2C5
330
1C
100
AcDbEntity
67
0
8
0
62
7
6
ByLayer
370
-1
48
1.0
60
0
100
AcDbText
1
338
10
1396945.60364663
20
359612.128768961
30
0.0
40
0.31111111111
41
1.0
50
0.0
51
0.0
7
Standard
11
1396945.60364663
21
359612.128768961
31
0.0
210
0.0
220
0.0
230
1.0
71
0
72
0
100
AcDbText
73
0
0
POINT
5
2C6
330
1C
100
AcDbEntity
67
0
8
0
62
256
6
ByLayer
370
-1
48
1.0
60
0
100
AcDbPoint
10
1396946.52200291
20
359612.934385851
30
0.0
39
0.0
210
0.0
220
0.0
230
1.0
50
360.0
0
TEXT
5
2C7
330
1C
100
AcDbEntity
67
0
8
0
62
7
6
ByLayer
370
-1
48
1.0
60
0
100
AcDbText
1
339
10
1396946.65113253
20
359613.208828508
30
0.0
40
0.31111111111
41
1.0
50
0.0
51
0.0
7
Standard
11
1396946.65113253
21
359613.208828508
31
0.0
210
0.0
220
0.0
230
1.0
71
0
72
0
100
AcDbText
73
0
0
POINT
5
2C8
330
1C
100
AcDbEntity
67
0
8
0
62
256
6
ByLayer
370
-1
48
1.0
60
0
100
AcDbPoint
10
1396947.96918209
20
359613.34600191
30
0.0
39
0.0
210
0.0
220
0.0
230
1.0
50
360.0
0
TEXT
5
2C9
330
1C
100
AcDbEntity
67
0
8
0
62
7
6
ByLayer
370
-1
48
1.0
60
0
100
AcDbText
1
340
10
1396948.0983117
20
359613.620444574
30
0.0
40
0.31111111111
41
1.0
50
0.0
51
0.0
7
Standard
11
1396948.0983117
21
359613.620444574
31
0.0
210
0.0
220
0.0
230
1.0
71
0
72
0
100
AcDbText
73
0
0
POINT
5
2CA
330
1C
100
AcDbEntity
67
0
8
0
62
256
6
ByLayer
370
-1
48
1.0
60
0
100
AcDbPoint
10
1396949.42828406
20
359612.978882286
30
0.0
39
0.0
210
0.0
220
0.0
230
1.0
50
360.0
0
TEXT
5
2CB
330
1C
100
AcDbEntity
67
0
8
0
62
7
6
ByLayer
370
-1
48
1.0
60
0
100
AcDbText
1
341
10
1396949.55741367
20
359613.253324952
30
0.0
40
0.31111111111
41
1.0
50
0.0
51
0.0
7
Standard
11
1396949.55741367
21
359613.253324952
31
0.0
210
0.0
220
0.0
230
1.0
71
0
72
0
100
AcDbText
73
0
0
POINT
5
2CC
330
1C
100
AcDbEntity
67
0
8
0
62
256
6
ByLayer
370
-1
48
1.0
60
0
100
AcDbPoint
10
1396950.50834362
20
359611.931396376
30
0.0
39
0.0
210
0.0
220
0.0
230
1.0
50
360.0
0
TEXT
5
2CD
330
1C
100
AcDbEntity
67
0
8
0
62
7
6
ByLayer
370
-1
48
1.0
60
0
100
AcDbText
1
342
10
1396950.63747323
20
359612.205839042
30
0.0
40
0.31111111111
41
1.0
50
0.0
51
0.0
7
Standard
11
1396950.63747323
21
359612.205839042
31
0.0
210
0.0
220
0.0
230
1.0
71
0
72
0
100
AcDbText
73
0
0
POINT
5
2CE
330
1C
100
AcDbEntity
67
0
8
0
62
256
6
ByLayer
370
-1
48
1.0
60
0
100
AcDbPoint
10
1396950.91995967
20
359610.484217183
30
0.0
39
0.0
210
0.0
220
0.0
230
1.0
50
360.0
0
TEXT
5
2CF
330
1C
100
AcDbEntity
67
0
8
0
62
7
6
ByLayer
370
-1
48
1.0
60
0
100
AcDbText
1
343
10
1396951.04908929
20
359610.758659849
30
0.0
40
0.31111111111
41
1.0
50
0.0
51
0.0
7
Standard
11
1396951.04908929
21
359610.758659849
31
0.0
210
0.0
220
0.0
230
1.0
71
0
72
0
100
AcDbText
73
0
0
POINT
5
2D0
330
1C
100
AcDbEntity
67
0
8
0
62
256
6
ByLayer
370
-1
48
1.0
60
0
100
AcDbPoint
10
1396950.55284003
20
359609.025115212
30
0.0
39
0.0
210
0.0
220
0.0
230
1.0
50
360.0
0
TEXT
5
2D1
330
1C
100
AcDbEntity
67
0
8
0
62
7
6
ByLayer
370
-1
48
1.0
60
0
100
AcDbText
1
344
10
1396950.68196966
20
359609.299557878
30
0.0
40
0.31111111111
41
1.0
50
0.0
51
0.0
7
Standard
11
1396950.68196966
21
359609.299557878
31
0.0
210
0.0
220
0.0
230
1.0
71
0
72
0
100
AcDbText
73
0
0
POINT
5
2D2
330
1C
100
AcDbEntity
67
0
8
0
62
256
6
ByLayer
370
-1
48
1.0
60
0
100
AcDbPoint
10
1396949.50535411
20
359607.945055662
30
0.0
39
0.0
210
0.0
220
0.0
230
1.0
50
360.0
0
TEXT
5
2D3
330
1C
100
AcDbEntity
67
0
8
0
62
7
6
ByLayer
370
-1
48
1.0
60
0
100
AcDbText
1
345
10
1396949.63448374
20
359608.219498329
30
0.0
40
0.31111111111
41
1.0
50
0.0
51
0.0
7
Standard
11
1396949.63448374
21
359608.219498329
31
0.0
210
0.0
220
0.0
230
1.0
71
0
72
0
100
AcDbText
73
0
0
POINT
5
2D4
330
1C
100
AcDbEntity
67
0
8
0
62
256
6
ByLayer
370
-1
48
1.0
60
0
100
AcDbPoint
10
1396948.05817492
20
359607.53343962
30
0.0
39
0.0
210
0.0
220
0.0
230
1.0
50
360.0
0
TEXT
5
2D5
330
1C
100
AcDbEntity
67
0
8
0
62
7
6
ByLayer
370
-1
48
1.0
60
0
100
AcDbText
1
346
10
1396948.18730455
20
359607.807882282
30
0.0
40
0.31111111111
41
1.0
50
0.0
51
0.0
7
Standard
11
1396948.18730455
21
359607.807882282
31
0.0
210
0.0
220
0.0
230
1.0
71
0
72
0
100
AcDbText
73
0
0
POINT
5
2D6
330
1C
100
AcDbEntity
67
0
8
0
62
256
6
ByLayer
370
-1
48
1.0
60
0
100
AcDbPoint
10
1396946.59907297
20
359607.900559266
30
0.0
39
0.0
210
0.0
220
0.0
230
1.0
50
360.0
0
TEXT
5
2D7
330
1C
100
AcDbEntity
67
0
8
0
62
7
6
ByLayer
370
-1
48
1.0
60
0
100
AcDbText
1
347
10
1396946.72820259
20
359608.175001923
30
0.0
40
0.31111111111
41
1.0
50
0.0
51
0.0
7
Standard
11
1396946.72820259
21
359608.175001923
31
0.0
210
0.0
220
0.0
230
1.0
71
0
72
0
100
AcDbText
73
0
0
POINT
5
2D8
330
1C
100
AcDbEntity
67
0
8
0
62
256
6
ByLayer
370
-1
48
1.0
60
0
100
AcDbPoint
10
1396945.51901343
20
359608.948045178
30
0.0
39
0.0
210
0.0
220
0.0
230
1.0
50
360.0
0
TEXT
5
2D9
330
1C
100
AcDbEntity
67
0
8
0
62
7
6
ByLayer
370
-1
48
1.0
60
0
100
AcDbText
1
348
10
1396945.64814305
20
359609.222487832
30
0.0
40
0.31111111111
41
1.0
50
0.0
51
0.0
7
Standard
11
1396945.64814305
21
359609.222487832
31
0.0
210
0.0
220
0.0
230
1.0
71
0
72
0
100
AcDbText
73
0
0
POINT
5
2DA
330
1C
100
AcDbEntity
67
0
8
0
62
256
6
ByLayer
370
-1
48
1.0
60
0
100
AcDbPoint
10
1397023.8120015
20
359537.831143789
30
0.0
39
0.0
210
0.0
220
0.0
230
1.0
50
360.0
0
TEXT
5
2DB
330
1C
100
AcDbEntity
67
0
8
0
62
7
6
ByLayer
370
-1
48
1.0
60
0
100
AcDbText
1
349
10
1397023.94113125
20
359538.105586589
30
0.0
40
0.31111111111
41
1.0
50
0.0
51
0.0
7
Standard
11
1397023.94113125
21
359538.105586589
31
0.0
210
0.0
220
0.0
230
1.0
71
0
72
0
100
AcDbText
73
0
0
POINT
5
2DC
330
1C
100
AcDbEntity
67
0
8
0
62
256
6
ByLayer
370
-1
48
1.0
60
0
100
AcDbPoint
10
1397024.17912147
20
359539.290245967
30
0.0
39
0.0
210
0.0
220
0.0
230
1.0
50
360.0
0
TEXT
5
2DD
330
1C
100
AcDbEntity
67
0
8
0
62
7
6
ByLayer
370
-1
48
1.0
60
0
100
AcDbText
1
350
10
1397024.30825122
20
359539.564688767
30
0.0
40
0.31111111111
41
1.0
50
0.0
51
0.0
7
Standard
11
1397024.30825122
21
359539.564688767
31
0.0
210
0.0
220
0.0
230
1.0
71
0
72
0
100
AcDbText
73
0
0
POINT
5
2DE
330
1C
100
AcDbEntity
67
0
8
0
62
256
6
ByLayer
370
-1
48
1.0
60
0
100
AcDbPoint
10
1397025.22660778
20
359540.370305535
30
0.0
39
0.0
210
0.0
220
0.0
230
1.0
50
360.0
0
TEXT
5
2DF
330
1C
100
AcDbEntity
67
0
8
0
62
7
6
ByLayer
370
-1
48
1.0
60
0
100
AcDbText
1
351
10
1397025.35573753
20
359540.64474834
30
0.0
40
0.31111111111
41
1.0
50
0.0
51
0.0
7
Standard
11
1397025.35573753
21
359540.64474834
31
0.0
210
0.0
220
0.0
230
1.0
71
0
72
0
100
AcDbText
73
0
0
POINT
5
2E0
330
1C
100
AcDbEntity
67
0
8
0
62
256
6
ByLayer
370
-1
48
1.0
60
0
100
AcDbPoint
10
1397026.67378733
20
359540.781921411
30
0.0
39
0.0
210
0.0
220
0.0
230
1.0
50
360.0
0
TEXT
5
2E1
330
1C
100
AcDbEntity
67
0
8
0
62
7
6
ByLayer
370
-1
48
1.0
60
0
100
AcDbText
1
352
10
1397026.80291707
20
359541.056364218
30
0.0
40
0.31111111111
41
1.0
50
0.0
51
0.0
7
Standard
11
1397026.80291707
21
359541.056364218
31
0.0
210
0.0
220
0.0
230
1.0
71
0
72
0
100
AcDbText
73
0
0
POINT
5
2E2
330
1C
100
AcDbEntity
67
0
8
0
62
256
6
ByLayer
370
-1
48
1.0
60
0
100
AcDbPoint
10
1397028.13288952
20
359540.414801439
30
0.0
39
0.0
210
0.0
220
0.0
230
1.0
50
360.0
0
TEXT
5
2E3
330
1C
100
AcDbEntity
67
0
8
0
62
7
6
ByLayer
370
-1
48
1.0
60
0
100
AcDbText
1
353
10
1397028.26201927
20
359540.689244248
30
0.0
40
0.31111111111
41
1.0
50
0.0
51
0.0
7
Standard
11
1397028.26201927
21
359540.689244248
31
0.0
210
0.0
220
0.0
230
1.0
71
0
72
0
100
AcDbText
73
0
0
POINT
5
2E4
330
1C
100
AcDbEntity
67
0
8
0
62
256
6
ByLayer
370
-1
48
1.0
60
0
100
AcDbPoint
10
1397029.21294911
20
359539.367315115
30
0.0
39
0.0
210
0.0
220
0.0
230
1.0
50
360.0
0
TEXT
5
2E5
330
1C
100
AcDbEntity
67
0
8
0
62
7
6
ByLayer
370
-1
48
1.0
60
0
100
AcDbText
1
354
10
1397029.34207885
20
359539.641757929
30
0.0
40
0.31111111111
41
1.0
50
0.0
51
0.0
7
Standard
11
1397029.34207885
21
359539.641757929
31
0.0
210
0.0
220
0.0
230
1.0
71
0
72
0
100
AcDbText
73
0
0
POINT
5
2E6
330
1C
100
AcDbEntity
67
0
8
0
62
256
6
ByLayer
370
-1
48
1.0
60
0
100
AcDbPoint
10
1397029.62456498
20
359537.920135553
30
0.0
39
0.0
210
0.0
220
0.0
230
1.0
50
360.0
0
TEXT
5
2E7
330
1C
100
AcDbEntity
67
0
8
0
62
7
6
ByLayer
370
-1
48
1.0
60
0
100
AcDbText
1
355
10
1397029.75369473
20
359538.194578369
30
0.0
40
0.31111111111
41
1.0
50
0.0
51
0.0
7
Standard
11
1397029.75369473
21
359538.194578369
31
0.0
210
0.0
220
0.0
230
1.0
71
0
72
0
100
AcDbText
73
0
0
POINT
5
2E8
330
1C
100
AcDbEntity
67
0
8
0
62
256
6
ByLayer
370
-1
48
1.0
60
0
100
AcDbPoint
10
1397029.25744499
20
359536.461033356
30
0.0
39
0.0
210
0.0
220
0.0
230
1.0
50
360.0
0
TEXT
5
2E9
330
1C
100
AcDbEntity
67
0
8
0
62
7
6
ByLayer
370
-1
48
1.0
60
0
100
AcDbText
1
356
10
1397029.38657474
20
359536.735476168
30
0.0
40
0.31111111111
41
1.0
50
0.0
51
0.0
7
Standard
11
1397029.38657474
21
359536.735476168
31
0.0
210
0.0
220
0.0
230
1.0
71
0
72
0
100
AcDbText
73
0
0
POINT
5
2EA
330
1C
100
AcDbEntity
67
0
8
0
62
256
6
ByLayer
370
-1
48
1.0
60
0
100
AcDbPoint
10
1397028.20995865
20
359535.380973784
30
0.0
39
0.0
210
0.0
220
0.0
230
1.0
50
360.0
0
TEXT
5
2EB
330
1C
100
AcDbEntity
67
0
8
0
62
7
6
ByLayer
370
-1
48
1.0
60
0
100
AcDbText
1
357
10
1397028.33908841
20
359535.655416594
30
0.0
40
0.31111111111
41
1.0
50
0.0
51
0.0
7
Standard
11
1397028.33908841
21
359535.655416594
31
0.0
210
0.0
220
0.0
230
1.0
71
0
72
0
100
AcDbText
73
0
0
POINT
5
2EC
330
1C
100
AcDbEntity
67
0
8
0
62
256
6
ByLayer
370
-1
48
1.0
60
0
100
AcDbPoint
10
1397026.7627791
20
359534.969357931
30
0.0
39
0.0
210
0.0
220
0.0
230
1.0
50
360.0
0
TEXT
5
2ED
330
1C
100
AcDbEntity
67
0
8
0
62
7
6
ByLayer
370
-1
48
1.0
60
0
100
AcDbText
1
358
10
1397026.89190885
20
359535.243800738
30
0.0
40
0.31111111111
41
1.0
50
0.0
51
0.0
7
Standard
11
1397026.89190885
21
359535.243800738
31
0.0
210
0.0
220
0.0
230
1.0
71
0
72
0
100
AcDbText
73
0
0
POINT
5
2EE
330
1C
100
AcDbEntity
67
0
8
0
62
256
6
ByLayer
370
-1
48
1.0
60
0
100
AcDbPoint
10
1397025.30367691
20
359535.33647792
30
0.0
39
0.0
210
0.0
220
0.0
230
1.0
50
360.0
0
TEXT
5
2EF
330
1C
100
AcDbEntity
67
0
8
0
62
7
6
ByLayer
370
-1
48
1.0
60
0
100
AcDbText
1
359
10
1397025.43280667
20
359535.610920725
30
0.0
40
0.31111111111
41
1.0
50
0.0
51
0.0
7
Standard
11
1397025.43280667
21
359535.610920725
31
0.0
210
0.0
220
0.0
230
1.0
71
0
72
0
100
AcDbText
73
0
0
POINT
5
2F0
330
1C
100
AcDbEntity
67
0
8
0
62
256
6
ByLayer
370
-1
48
1.0
60
0
100
AcDbPoint
10
1397024.22361735
20
359536.383964246
30
0.0
39
0.0
210
0.0
220
0.0
230
1.0
50
360.0
0
TEXT
5
2F1
330
1C
100
AcDbEntity
67
0
8
0
62
7
6
ByLayer
370
-1
48
1.0
60
0
100
AcDbText
1
360
10
1397024.35274711
20
359536.658407047
30
0.0
40
0.31111111111
41
1.0
50
0.0
51
0.0
7
Standard
11
1397024.35274711
21
359536.658407047
31
0.0
210
0.0
220
0.0
230
1.0
71
0
72
0
100
AcDbText
73
0
0
POINT
5
2F2
330
1C
100
AcDbEntity
67
0
8
0
62
256
6
ByLayer
370
-1
48
1.0
60
0
100
AcDbPoint
10
1397076.55789328
20
359506.32435816
30
0.0
39
0.0
210
0.0
220
0.0
230
1.0
50
360.0
0
TEXT
5
2F3
330
1C
100
AcDbEntity
67
0
8
0
62
7
6
ByLayer
370
-1
48
1.0
60
0
100
AcDbText
1
361
10
1397076.68702308
20
359506.598801063
30
0.0
40
0.31111111111
41
1.0
50
0.0
51
0.0
7
Standard
11
1397076.68702308
21
359506.598801063
31
0.0
210
0.0
220
0.0
230
1.0
71
0
72
0
100
AcDbText
73
0
0
POINT
5
2F4
330
1C
100
AcDbEntity
67
0
8
0
62
256
6
ByLayer
370
-1
48
1.0
60
0
100
AcDbPoint
10
1397076.92501342
20
359507.783460508
30
0.0
39
0.0
210
0.0
220
0.0
230
1.0
50
360.0
0
TEXT
5
2F5
330
1C
100
AcDbEntity
67
0
8
0
62
7
6
ByLayer
370
-1
48
1.0
60
0
100
AcDbText
1
362
10
1397077.05414322
20
359508.057903408
30
0.0
40
0.31111111111
41
1.0
50
0.0
51
0.0
7
Standard
11
1397077.05414322
21
359508.057903408
31
0.0
210
0.0
220
0.0
230
1.0
71
0
72
0
100
AcDbText
73
0
0
POINT
5
2F6
330
1C
100
AcDbEntity
67
0
8
0
62
256
6
ByLayer
370
-1
48
1.0
60
0
100
AcDbPoint
10
1397077.97249996
20
359508.863520139
30
0.0
39
0.0
210
0.0
220
0.0
230
1.0
50
360.0
0
TEXT
5
2F7
330
1C
100
AcDbEntity
67
0
8
0
62
7
6
ByLayer
370
-1
48
1.0
60
0
100
AcDbText
1
363
10
1397078.10162976
20
359509.13796304
30
0.0
40
0.31111111111
41
1.0
50
0.0
51
0.0
7
Standard
11
1397078.10162976
21
359509.13796304
31
0.0
210
0.0
220
0.0
230
1.0
71
0
72
0
100
AcDbText
73
0
0
POINT
5
2F8
330
1C
100
AcDbEntity
67
0
8
0
62
256
6
ByLayer
370
-1
48
1.0
60
0
100
AcDbPoint
10
1397079.41967973
20
359509.275135952
30
0.0
39
0.0
210
0.0
220
0.0
230
1.0
50
360.0
0
TEXT
5
2F9
330
1C
100
AcDbEntity
67
0
8
0
62
7
6
ByLayer
370
-1
48
1.0
60
0
100
AcDbText
1
364
10
1397079.54880954
20
359509.549578856
30
0.0
40
0.31111111111
41
1.0
50
0.0
51
0.0
7
Standard
11
1397079.54880954
21
359509.549578856
31
0.0
210
0.0
220
0.0
230
1.0
71
0
72
0
100
AcDbText
73
0
0
POINT
5
2FA
330
1C
100
AcDbEntity
67
0
8
0
62
256
6
ByLayer
370
-1
48
1.0
60
0
100
AcDbPoint
10
1397080.8787821
20
359508.908015814
30
0.0
39
0.0
210
0.0
220
0.0
230
1.0
50
360.0
0
TEXT
5
2FB
330
1C
100
AcDbEntity
67
0
8
0
62
7
6
ByLayer
370
-1
48
1.0
60
0
100
AcDbText
1
365
10
1397081.0079119
20
359509.182458722
30
0.0
40
0.31111111111
41
1.0
50
0.0
51
0.0
7
Standard
11
1397081.0079119
21
359509.182458722
31
0.0
210
0.0
220
0.0
230
1.0
71
0
72
0
100
AcDbText
73
0
0
POINT
5
2FC
330
1C
100
AcDbEntity
67
0
8
0
62
256
6
ByLayer
370
-1
48
1.0
60
0
100
AcDbPoint
10
1397081.95884174
20
359507.860529259
30
0.0
39
0.0
210
0.0
220
0.0
230
1.0
50
360.0
0
TEXT
5
2FD
330
1C
100
AcDbEntity
67
0
8
0
62
7
6
ByLayer
370
-1
48
1.0
60
0
100
AcDbText
1
366
10
1397082.08797154
20
359508.134972169
30
0.0
40
0.31111111111
41
1.0
50
0.0
51
0.0
7
Standard
11
1397082.08797154
21
359508.134972169
31
0.0
210
0.0
220
0.0
230
1.0
71
0
72
0
100
AcDbText
73
0
0
POINT
5
2FE
330
1C
100
AcDbEntity
67
0
8
0
62
256
6
ByLayer
370
-1
48
1.0
60
0
100
AcDbPoint
10
1397082.37045755
20
359506.413349468
30
0.0
39
0.0
210
0.0
220
0.0
230
1.0
50
360.0
0
TEXT
5
2FF
330
1C
100
AcDbEntity
67
0
8
0
62
7
6
ByLayer
370
-1
48
1.0
60
0
100
AcDbText
1
367
10
1397082.49958736
20
359506.687792379
30
0.0
40
0.31111111111
41
1.0
50
0.0
51
0.0
7
Standard
11
1397082.49958736
21
359506.687792379
31
0.0
210
0.0
220
0.0
230
1.0
71
0
72
0
100
AcDbText
73
0
0
POINT
5
300
330
1C
100
AcDbEntity
67
0
8
0
62
256
6
ByLayer
370
-1
48
1.0
60
0
100
AcDbPoint
10
1397082.0033374
20
359504.954247103
30
0.0
39
0.0
210
0.0
220
0.0
230
1.0
50
360.0
0
TEXT
5
301
330
1C
100
AcDbEntity
67
0
8
0
62
7
6
ByLayer
370
-1
48
1.0
60
0
100
AcDbText
1
368
10
1397082.1324672
20
359505.228690013
30
0.0
40
0.31111111111
41
1.0
50
0.0
51
0.0
7
Standard
11
1397082.1324672
21
359505.228690013
31
0.0
210
0.0
220
0.0
230
1.0
71
0
72
0
100
AcDbText
73
0
0
POINT
5
302
330
1C
100
AcDbEntity
67
0
8
0
62
256
6
ByLayer
370
-1
48
1.0
60
0
100
AcDbPoint
10
1397080.95585083
20
359503.874187472
30
0.0
39
0.0
210
0.0
220
0.0
230
1.0
50
360.0
0
TEXT
5
303
330
1C
100
AcDbEntity
67
0
8
0
62
7
6
ByLayer
370
-1
48
1.0
60
0
100
AcDbText
1
369
10
1397081.08498064
20
359504.148630378
30
0.0
40
0.31111111111
41
1.0
50
0.0
51
0.0
7
Standard
11
1397081.08498064
21
359504.148630378
31
0.0
210
0.0
220
0.0
230
1.0
71
0
72
0
100
AcDbText
73
0
0
POINT
5
304
330
1C
100
AcDbEntity
67
0
8
0
62
256
6
ByLayer
370
-1
48
1.0
60
0
100
AcDbPoint
10
1397079.50867104
20
359503.462571679
30
0.0
39
0.0
210
0.0
220
0.0
230
1.0
50
360.0
0
TEXT
5
305
330
1C
100
AcDbEntity
67
0
8
0
62
7
6
ByLayer
370
-1
48
1.0
60
0
100
AcDbText
1
370
10
1397079.63780085
20
359503.737014582
30
0.0
40
0.31111111111
41
1.0
50
0.0
51
0.0
7
Standard
11
1397079.63780085
21
359503.737014582
31
0.0
210
0.0
220
0.0
230
1.0
71
0
72
0
100
AcDbText
73
0
0
POINT
5
306
330
1C
100
AcDbEntity
67
0
8
0
62
256
6
ByLayer
370
-1
48
1.0
60
0
100
AcDbPoint
10
1397078.0495687
20
359503.829691834
30
0.0
39
0.0
210
0.0
220
0.0
230
1.0
50
360.0
0
TEXT
5
307
330
1C
100
AcDbEntity
67
0
8
0
62
7
6
ByLayer
370
-1
48
1.0
60
0
100
AcDbText
1
371
10
1397078.17869851
20
359504.104134737
30
0.0
40
0.31111111111
41
1.0
50
0.0
51
0.0
7
Standard
11
1397078.17869851
21
359504.104134737
31
0.0
210
0.0
220
0.0
230
1.0
71
0
72
0
100
AcDbText
73
0
0
POINT
5
308
330
1C
100
AcDbEntity
67
0
8
0
62
256
6
ByLayer
370
-1
48
1.0
60
0
100
AcDbPoint
10
1397076.96950907
20
359504.87717839
30
0.0
39
0.0
210
0.0
220
0.0
230
1.0
50
360.0
0
TEXT
5
309
330
1C
100
AcDbEntity
67
0
8
0
62
7
6
ByLayer
370
-1
48
1.0
60
0
100
AcDbText
1
372
10
1397077.09863888
20
359505.151621289
30
0.0
40
0.31111111111
41
1.0
50
0.0
51
0.0
7
Standard
11
1397077.09863888
21
359505.151621289
31
0.0
210
0.0
220
0.0
230
1.0
71
0
72
0
100
AcDbText
73
0
0
POINT
5
30A
330
1C
100
AcDbEntity
67
0
8
0
62
256
6
ByLayer
370
-1
48
1.0
60
0
100
AcDbPoint
10
1394692.36447182
20
359559.273397102
30
0.0
39
0.0
210
0.0
220
0.0
230
1.0
50
360.0
0
TEXT
5
30B
330
1C
100
AcDbEntity
67
0
8
0
62
7
6
ByLayer
370
-1
48
1.0
60
0
100
AcDbText
1
373
10
1394692.49360159
20
359559.54783565
30
0.0
40
0.31111111111
41
1.0
50
0.0
51
0.0
7
Standard
11
1394692.49360159
21
359559.54783565
31
0.0
210
0.0
220
0.0
230
1.0
71
0
72
0
100
AcDbText
73
0
0
POINT
5
30C
330
1C
100
AcDbEntity
67
0
8
0
62
256
6
ByLayer
370
-1
48
1.0
60
0
100
AcDbPoint
10
1394692.73158951
20
359560.732490565
30
0.0
39
0.0
210
0.0
220
0.0
230
1.0
50
360.0
0
TEXT
5
30D
330
1C
100
AcDbEntity
67
0
8
0
62
7
6
ByLayer
370
-1
48
1.0
60
0
100
AcDbText
1
374
10
1394692.86071928
20
359561.006929116
30
0.0
40
0.31111111111
41
1.0
50
0.0
51
0.0
7
Standard
11
1394692.86071928
21
359561.006929116
31
0.0
210
0.0
220
0.0
230
1.0
71
0
72
0
100
AcDbText
73
0
0
POINT
5
30E
330
1C
100
AcDbEntity
67
0
8
0
62
256
6
ByLayer
370
-1
48
1.0
60
0
100
AcDbPoint
10
1394693.77906948
20
359561.812543733
30
0.0
39
0.0
210
0.0
220
0.0
230
1.0
50
360.0
0
TEXT
5
30F
330
1C
100
AcDbEntity
67
0
8
0
62
7
6
ByLayer
370
-1
48
1.0
60
0
100
AcDbText
1
375
10
1394693.90819925
20
359562.086982285
30
0.0
40
0.31111111111
41
1.0
50
0.0
51
0.0
7
Standard
11
1394693.90819925
21
359562.086982285
31
0.0
210
0.0
220
0.0
230
1.0
71
0
72
0
100
AcDbText
73
0
0
POINT
5
310
330
1C
100
AcDbEntity
67
0
8
0
62
256
6
ByLayer
370
-1
48
1.0
60
0
100
AcDbPoint
10
1394695.22624034
20
359562.224157231
30
0.0
39
0.0
210
0.0
220
0.0
230
1.0
50
360.0
0
TEXT
5
311
330
1C
100
AcDbEntity
67
0
8
0
62
7
6
ByLayer
370
-1
48
1.0
60
0
100
AcDbText
1
376
10
1394695.3553701
20
359562.498595784
30
0.0
40
0.31111111111
41
1.0
50
0.0
51
0.0
7
Standard
11
1394695.3553701
21
359562.498595784
31
0.0
210
0.0
220
0.0
230
1.0
71
0
72
0
100
AcDbText
73
0
0
POINT
5
312
330
1C
100
AcDbEntity
67
0
8
0
62
256
6
ByLayer
370
-1
48
1.0
60
0
100
AcDbPoint
10
1394696.68533382
20
359561.85703955
30
0.0
39
0.0
210
0.0
220
0.0
230
1.0
50
360.0
0
TEXT
5
313
330
1C
100
AcDbEntity
67
0
8
0
62
7
6
ByLayer
370
-1
48
1.0
60
0
100
AcDbText
1
377
10
1394696.81446358
20
359562.131478104
30
0.0
40
0.31111111111
41
1.0
50
0.0
51
0.0
7
Standard
11
1394696.81446358
21
359562.131478104
31
0.0
210
0.0
220
0.0
230
1.0
71
0
72
0
100
AcDbText
73
0
0
POINT
5
314
330
1C
100
AcDbEntity
67
0
8
0
62
256
6
ByLayer
370
-1
48
1.0
60
0
100
AcDbPoint
10
1394697.765387
20
359560.809559564
30
0.0
39
0.0
210
0.0
220
0.0
230
1.0
50
360.0
0
TEXT
5
315
330
1C
100
AcDbEntity
67
0
8
0
62
7
6
ByLayer
370
-1
48
1.0
60
0
100
AcDbText
1
378
10
1394697.89451676
20
359561.083998123
30
0.0
40
0.31111111111
41
1.0
50
0.0
51
0.0
7
Standard
11
1394697.89451676
21
359561.083998123
31
0.0
210
0.0
220
0.0
230
1.0
71
0
72
0
100
AcDbText
73
0
0
POINT
5
316
330
1C
100
AcDbEntity
67
0
8
0
62
256
6
ByLayer
370
-1
48
1.0
60
0
100
AcDbPoint
10
1394698.17700049
20
359559.362388694
30
0.0
39
0.0
210
0.0
220
0.0
230
1.0
50
360.0
0
TEXT
5
317
330
1C
100
AcDbEntity
67
0
8
0
62
7
6
ByLayer
370
-1
48
1.0
60
0
100
AcDbText
1
379
10
1394698.30613026
20
359559.636827256
30
0.0
40
0.31111111111
41
1.0
50
0.0
51
0.0
7
Standard
11
1394698.30613026
21
359559.636827256
31
0.0
210
0.0
220
0.0
230
1.0
71
0
72
0
100
AcDbText
73
0
0
POINT
5
318
330
1C
100
AcDbEntity
67
0
8
0
62
256
6
ByLayer
370
-1
48
1.0
60
0
100
AcDbPoint
10
1394697.80988279
20
359557.903295213
30
0.0
39
0.0
210
0.0
220
0.0
230
1.0
50
360.0
0
TEXT
5
319
330
1C
100
AcDbEntity
67
0
8
0
62
7
6
ByLayer
370
-1
48
1.0
60
0
100
AcDbText
1
380
10
1394697.93901257
20
359558.177733773
30
0.0
40
0.31111111111
41
1.0
50
0.0
51
0.0
7
Standard
11
1394697.93901257
21
359558.177733773
31
0.0
210
0.0
220
0.0
230
1.0
71
0
72
0
100
AcDbText
73
0
0
POINT
5
31A
330
1C
100
AcDbEntity
67
0
8
0
62
256
6
ByLayer
370
-1
48
1.0
60
0
100
AcDbPoint
10
1394696.7624028
20
359556.823242042
30
0.0
39
0.0
210
0.0
220
0.0
230
1.0
50
360.0
0
TEXT
5
31B
330
1C
100
AcDbEntity
67
0
8
0
62
7
6
ByLayer
370
-1
48
1.0
60
0
100
AcDbText
1
381
10
1394696.89153257
20
359557.0976806
30
0.0
40
0.31111111111
41
1.0
50
0.0
51
0.0
7
Standard
11
1394696.89153257
21
359557.0976806
31
0.0
210
0.0
220
0.0
230
1.0
71
0
72
0
100
AcDbText
73
0
0
POINT
5
31C
330
1C
100
AcDbEntity
67
0
8
0
62
256
6
ByLayer
370
-1
48
1.0
60
0
100
AcDbPoint
10
1394695.31523193
20
359556.411628564
30
0.0
39
0.0
210
0.0
220
0.0
230
1.0
50
360.0
0
TEXT
5
31D
330
1C
100
AcDbEntity
67
0
8
0
62
7
6
ByLayer
370
-1
48
1.0
60
0
100
AcDbText
1
382
10
1394695.44436171
20
359556.686067118
30
0.0
40
0.31111111111
41
1.0
50
0.0
51
0.0
7
Standard
11
1394695.44436171
21
359556.686067118
31
0.0
210
0.0
220
0.0
230
1.0
71
0
72
0
100
AcDbText
73
0
0
POINT
5
31E
330
1C
100
AcDbEntity
67
0
8
0
62
256
6
ByLayer
370
-1
48
1.0
60
0
100
AcDbPoint
10
1394693.85613846
20
359556.778746264
30
0.0
39
0.0
210
0.0
220
0.0
230
1.0
50
360.0
0
TEXT
5
31F
330
1C
100
AcDbEntity
67
0
8
0
62
7
6
ByLayer
370
-1
48
1.0
60
0
100
AcDbText
1
383
10
1394693.98526824
20
359557.053184817
30
0.0
40
0.31111111111
41
1.0
50
0.0
51
0.0
7
Standard
11
1394693.98526824
21
359557.053184817
31
0.0
210
0.0
220
0.0
230
1.0
71
0
72
0
100
AcDbText
73
0
0
POINT
5
320
330
1C
100
AcDbEntity
67
0
8
0
62
256
6
ByLayer
370
-1
48
1.0
60
0
100
AcDbPoint
10
1394692.7760853
20
359557.826226249
30
0.0
39
0.0
210
0.0
220
0.0
230
1.0
50
360.0
0
TEXT
5
321
330
1C
100
AcDbEntity
67
0
8
0
62
7
6
ByLayer
370
-1
48
1.0
60
0
100
AcDbText
1
384
10
1394692.90521508
20
359558.1006648
30
0.0
40
0.31111111111
41
1.0
50
0.0
51
0.0
7
Standard
11
1394692.90521508
21
359558.1006648
31
0.0
210
0.0
220
0.0
230
1.0
71
0
72
0
100
AcDbText
73
0
0
POINT
5
322
330
1C
100
AcDbEntity
67
0
8
0
62
256
6
ByLayer
370
-1
48
1.0
60
0
100
AcDbPoint
10
1394714.92838923
20
359650.996102336
30
0.0
39
0.0
210
0.0
220
0.0
230
1.0
50
360.0
0
TEXT
5
323
330
1C
100
AcDbEntity
67
0
8
0
62
7
6
ByLayer
370
-1
48
1.0
60
0
100
AcDbText
1
385
10
1394715.05751884
20
359651.27054092
30
0.0
40
0.31111111111
41
1.0
50
0.0
51
0.0
7
Standard
11
1394715.05751884
21
359651.27054092
31
0.0
210
0.0
220
0.0
230
1.0
71
0
72
0
100
AcDbText
73
0
0
POINT
5
324
330
1C
100
AcDbEntity
67
0
8
0
62
256
6
ByLayer
370
-1
48
1.0
60
0
100
AcDbPoint
10
1394715.2955066
20
359652.45519597
30
0.0
39
0.0
210
0.0
220
0.0
230
1.0
50
360.0
0
TEXT
5
325
330
1C
100
AcDbEntity
67
0
8
0
62
7
6
ByLayer
370
-1
48
1.0
60
0
100
AcDbText
1
386
10
1394715.4246362
20
359652.72963456
30
0.0
40
0.31111111111
41
1.0
50
0.0
51
0.0
7
Standard
11
1394715.4246362
21
359652.72963456
31
0.0
210
0.0
220
0.0
230
1.0
71
0
72
0
100
AcDbText
73
0
0
POINT
5
326
330
1C
100
AcDbEntity
67
0
8
0
62
256
6
ByLayer
370
-1
48
1.0
60
0
100
AcDbPoint
10
1394716.34298638
20
359653.535249449
30
0.0
39
0.0
210
0.0
220
0.0
230
1.0
50
360.0
0
TEXT
5
327
330
1C
100
AcDbEntity
67
0
8
0
62
7
6
ByLayer
370
-1
48
1.0
60
0
100
AcDbText
1
387
10
1394716.47211598
20
359653.809688037
30
0.0
40
0.31111111111
41
1.0
50
0.0
51
0.0
7
Standard
11
1394716.47211598
21
359653.809688037
31
0.0
210
0.0
220
0.0
230
1.0
71
0
72
0
100
AcDbText
73
0
0
POINT
5
328
330
1C
100
AcDbEntity
67
0
8
0
62
256
6
ByLayer
370
-1
48
1.0
60
0
100
AcDbPoint
10
1394717.79015722
20
359653.946863309
30
0.0
39
0.0
210
0.0
220
0.0
230
1.0
50
360.0
0
TEXT
5
329
330
1C
100
AcDbEntity
67
0
8
0
62
7
6
ByLayer
370
-1
48
1.0
60
0
100
AcDbText
1
388
10
1394717.91928682
20
359654.221301905
30
0.0
40
0.31111111111
41
1.0
50
0.0
51
0.0
7
Standard
11
1394717.91928682
21
359654.221301905
31
0.0
210
0.0
220
0.0
230
1.0
71
0
72
0
100
AcDbText
73
0
0
POINT
5
32A
330
1C
100
AcDbEntity
67
0
8
0
62
256
6
ByLayer
370
-1
48
1.0
60
0
100
AcDbPoint
10
1394719.24925087
20
359653.579745951
30
0.0
39
0.0
210
0.0
220
0.0
230
1.0
50
360.0
0
TEXT
5
32B
330
1C
100
AcDbEntity
67
0
8
0
62
7
6
ByLayer
370
-1
48
1.0
60
0
100
AcDbText
1
389
10
1394719.37838047
20
359653.854184546
30
0.0
40
0.31111111111
41
1.0
50
0.0
51
0.0
7
Standard
11
1394719.37838047
21
359653.854184546
31
0.0
210
0.0
220
0.0
230
1.0
71
0
72
0
100
AcDbText
73
0
0
POINT
5
32C
330
1C
100
AcDbEntity
67
0
8
0
62
256
6
ByLayer
370
-1
48
1.0
60
0
100
AcDbPoint
10
1394720.32930436
20
359652.53226616
30
0.0
39
0.0
210
0.0
220
0.0
230
1.0
50
360.0
0
TEXT
5
32D
330
1C
100
AcDbEntity
67
0
8
0
62
7
6
ByLayer
370
-1
48
1.0
60
0
100
AcDbText
1
390
10
1394720.45843396
20
359652.806704758
30
0.0
40
0.31111111111
41
1.0
50
0.0
51
0.0
7
Standard
11
1394720.45843396
21
359652.806704758
31
0.0
210
0.0
220
0.0
230
1.0
71
0
72
0
100
AcDbText
73
0
0
POINT
5
32E
330
1C
100
AcDbEntity
67
0
8
0
62
256
6
ByLayer
370
-1
48
1.0
60
0
100
AcDbPoint
10
1394720.74091822
20
359651.085095302
30
0.0
39
0.0
210
0.0
220
0.0
230
1.0
50
360.0
0
TEXT
5
32F
330
1C
100
AcDbEntity
67
0
8
0
62
7
6
ByLayer
370
-1
48
1.0
60
0
100
AcDbText
1
391
10
1394720.87004782
20
359651.359533902
30
0.0
40
0.31111111111
41
1.0
50
0.0
51
0.0
7
Standard
11
1394720.87004782
21
359651.359533902
31
0.0
210
0.0
220
0.0
230
1.0
71
0
72
0
100
AcDbText
73
0
0
POINT
5
330
330
1C
100
AcDbEntity
67
0
8
0
62
256
6
ByLayer
370
-1
48
1.0
60
0
100
AcDbPoint
10
1394720.37380084
20
359649.626001648
30
0.0
39
0.0
210
0.0
220
0.0
230
1.0
50
360.0
0
TEXT
5
331
330
1C
100
AcDbEntity
67
0
8
0
62
7
6
ByLayer
370
-1
48
1.0
60
0
100
AcDbText
1
392
10
1394720.50293045
20
359649.900440247
30
0.0
40
0.31111111111
41
1.0
50
0.0
51
0.0
7
Standard
11
1394720.50293045
21
359649.900440247
31
0.0
210
0.0
220
0.0
230
1.0
71
0
72
0
100
AcDbText
73
0
0
POINT
5
332
330
1C
100
AcDbEntity
67
0
8
0
62
256
6
ByLayer
370
-1
48
1.0
60
0
100
AcDbPoint
10
1394719.32632104
20
359648.54594817
30
0.0
39
0.0
210
0.0
220
0.0
230
1.0
50
360.0
0
TEXT
5
333
330
1C
100
AcDbEntity
67
0
8
0
62
7
6
ByLayer
370
-1
48
1.0
60
0
100
AcDbText
1
393
10
1394719.45545065
20
359648.820386767
30
0.0
40
0.31111111111
41
1.0
50
0.0
51
0.0
7
Standard
11
1394719.45545065
21
359648.820386767
31
0.0
210
0.0
220
0.0
230
1.0
71
0
72
0
100
AcDbText
73
0
0
POINT
5
334
330
1C
100
AcDbEntity
67
0
8
0
62
256
6
ByLayer
370
-1
48
1.0
60
0
100
AcDbPoint
10
1394717.87915019
20
359648.134334323
30
0.0
39
0.0
210
0.0
220
0.0
230
1.0
50
360.0
0
TEXT
5
335
330
1C
100
AcDbEntity
67
0
8
0
62
7
6
ByLayer
370
-1
48
1.0
60
0
100
AcDbText
1
394
10
1394718.0082798
20
359648.408772918
30
0.0
40
0.31111111111
41
1.0
50
0.0
51
0.0
7
Standard
11
1394718.0082798
21
359648.408772918
31
0.0
210
0.0
220
0.0
230
1.0
71
0
72
0
100
AcDbText
73
0
0
POINT
5
336
330
1C
100
AcDbEntity
67
0
8
0
62
256
6
ByLayer
370
-1
48
1.0
60
0
100
AcDbPoint
10
1394716.42005655
20
359648.501451704
30
0.0
39
0.0
210
0.0
220
0.0
230
1.0
50
360.0
0
TEXT
5
337
330
1C
100
AcDbEntity
67
0
8
0
62
7
6
ByLayer
370
-1
48
1.0
60
0
100
AcDbText
1
395
10
1394716.54918616
20
359648.775890296
30
0.0
40
0.31111111111
41
1.0
50
0.0
51
0.0
7
Standard
11
1394716.54918616
21
359648.775890296
31
0.0
210
0.0
220
0.0
230
1.0
71
0
72
0
100
AcDbText
73
0
0
POINT
5
338
330
1C
100
AcDbEntity
67
0
8
0
62
256
6
ByLayer
370
-1
48
1.0
60
0
100
AcDbPoint
10
1394715.34000308
20
359649.548931495
30
0.0
39
0.0
210
0.0
220
0.0
230
1.0
50
360.0
0
TEXT
5
339
330
1C
100
AcDbEntity
67
0
8
0
62
7
6
ByLayer
370
-1
48
1.0
60
0
100
AcDbText
1
396
10
1394715.46913269
20
359649.823370082
30
0.0
40
0.31111111111
41
1.0
50
0.0
51
0.0
7
Standard
11
1394715.46913269
21
359649.823370082
31
0.0
210
0.0
220
0.0
230
1.0
71
0
72
0
100
AcDbText
73
0
0
POINT
5
33A
330
1C
100
AcDbEntity
67
0
8
0
62
256
6
ByLayer
370
-1
48
1.0
60
0
100
AcDbPoint
10
1395269.87404515
20
359863.798749989
30
0.0
39
0.0
210
0.0
220
0.0
230
1.0
50
360.0
0
TEXT
5
33B
330
1C
100
AcDbEntity
67
0
8
0
62
7
6
ByLayer
370
-1
48
1.0
60
0
100
AcDbText
1
397
10
1395270.00317436
20
359864.073189586
30
0.0
40
0.31111111111
41
1.0
50
0.0
51
0.0
7
Standard
11
1395270.00317436
21
359864.073189586
31
0.0
210
0.0
220
0.0
230
1.0
71
0
72
0
100
AcDbText
73
0
0
POINT
5
33C
330
1C
100
AcDbEntity
67
0
8
0
62
256
6
ByLayer
370
-1
48
1.0
60
0
100
AcDbPoint
10
1395270.24116224
20
359865.257845907
30
0.0
39
0.0
210
0.0
220
0.0
230
1.0
50
360.0
0
TEXT
5
33D
330
1C
100
AcDbEntity
67
0
8
0
62
7
6
ByLayer
370
-1
48
1.0
60
0
100
AcDbText
1
398
10
1395270.37029144
20
359865.532285501
30
0.0
40
0.31111111111
41
1.0
50
0.0
51
0.0
7
Standard
11
1395270.37029144
21
359865.532285501
31
0.0
210
0.0
220
0.0
230
1.0
71
0
72
0
100
AcDbText
73
0
0
POINT
5
33E
330
1C
100
AcDbEntity
67
0
8
0
62
256
6
ByLayer
370
-1
48
1.0
60
0
100
AcDbPoint
10
1395271.28864293
20
359866.337901492
30
0.0
39
0.0
210
0.0
220
0.0
230
1.0
50
360.0
0
TEXT
5
33F
330
1C
100
AcDbEntity
67
0
8
0
62
7
6
ByLayer
370
-1
48
1.0
60
0
100
AcDbText
1
399
10
1395271.41777212
20
359866.612341093
30
0.0
40
0.31111111111
41
1.0
50
0.0
51
0.0
7
Standard
11
1395271.41777212
21
359866.612341093
31
0.0
210
0.0
220
0.0
230
1.0
71
0
72
0
100
AcDbText
73
0
0
POINT
5
340
330
1C
100
AcDbEntity
67
0
8
0
62
256
6
ByLayer
370
-1
48
1.0
60
0
100
AcDbPoint
10
1395272.73581561
20
359866.749516731
30
0.0
39
0.0
210
0.0
220
0.0
230
1.0
50
360.0
0
TEXT
5
341
330
1C
100
AcDbEntity
67
0
8
0
62
7
6
ByLayer
370
-1
48
1.0
60
0
100
AcDbText
1
400
10
1395272.86494481
20
359867.023956336
30
0.0
40
0.31111111111
41
1.0
50
0.0
51
0.0
7
Standard
11
1395272.86494481
21
359867.023956336
31
0.0
210
0.0
220
0.0
230
1.0
71
0
72
0
100
AcDbText
73
0
0
POINT
5
342
330
1C
100
AcDbEntity
67
0
8
0
62
256
6
ByLayer
370
-1
48
1.0
60
0
100
AcDbPoint
10
1395274.19491154
20
359866.382399645
30
0.0
39
0.0
210
0.0
220
0.0
230
1.0
50
360.0
0
TEXT
5
343
330
1C
100
AcDbEntity
67
0
8
0
62
7
6
ByLayer
370
-1
48
1.0
60
0
100
AcDbText
1
401
10
1395274.32404074
20
359866.656839246
30
0.0
40
0.31111111111
41
1.0
50
0.0
51
0.0
7
Standard
11
1395274.32404074
21
359866.656839246
31
0.0
210
0.0
220
0.0
230
1.0
71
0
72
0
100
AcDbText
73
0
0
POINT
5
344
330
1C
100
AcDbEntity
67
0
8
0
62
256
6
ByLayer
370
-1
48
1.0
60
0
100
AcDbPoint
10
1395275.27496714
20
359865.334918947
30
0.0
39
0.0
210
0.0
220
0.0
230
1.0
50
360.0
0
TEXT
5
345
330
1C
100
AcDbEntity
67
0
8
0
62
7
6
ByLayer
370
-1
48
1.0
60
0
100
AcDbText
1
402
10
1395275.40409634
20
359865.609358553
30
0.0
40
0.31111111111
41
1.0
50
0.0
51
0.0
7
Standard
11
1395275.40409634
21
359865.609358553
31
0.0
210
0.0
220
0.0
230
1.0
71
0
72
0
100
AcDbText
73
0
0
POINT
5
346
330
1C
100
AcDbEntity
67
0
8
0
62
256
6
ByLayer
370
-1
48
1.0
60
0
100
AcDbPoint
10
1395275.68658238
20
359863.887746251
30
0.0
39
0.0
210
0.0
220
0.0
230
1.0
50
360.0
0
TEXT
5
347
330
1C
100
AcDbEntity
67
0
8
0
62
7
6
ByLayer
370
-1
48
1.0
60
0
100
AcDbText
1
403
10
1395275.81571158
20
359864.162185857
30
0.0
40
0.31111111111
41
1.0
50
0.0
51
0.0
7
Standard
11
1395275.81571158
21
359864.162185857
31
0.0
210
0.0
220
0.0
230
1.0
71
0
72
0
100
AcDbText
73
0
0
POINT
5
348
330
1C
100
AcDbEntity
67
0
8
0
62
256
6
ByLayer
370
-1
48
1.0
60
0
100
AcDbPoint
10
1395275.31946527
20
359862.428650315
30
0.0
39
0.0
210
0.0
220
0.0
230
1.0
50
360.0
0
TEXT
5
349
330
1C
100
AcDbEntity
67
0
8
0
62
7
6
ByLayer
370
-1
48
1.0
60
0
100
AcDbText
1
404
10
1395275.44859448
20
359862.703089921
30
0.0
40
0.31111111111
41
1.0
50
0.0
51
0.0
7
Standard
11
1395275.44859448
21
359862.703089921
31
0.0
210
0.0
220
0.0
230
1.0
71
0
72
0
100
AcDbText
73
0
0
POINT
5
34A
330
1C
100
AcDbEntity
67
0
8
0
62
256
6
ByLayer
370
-1
48
1.0
60
0
100
AcDbPoint
10
1395274.27198457
20
359861.348594728
30
0.0
39
0.0
210
0.0
220
0.0
230
1.0
50
360.0
0
TEXT
5
34B
330
1C
100
AcDbEntity
67
0
8
0
62
7
6
ByLayer
370
-1
48
1.0
60
0
100
AcDbText
1
405
10
1395274.40111377
20
359861.623034332
30
0.0
40
0.31111111111
41
1.0
50
0.0
51
0.0
7
Standard
11
1395274.40111377
21
359861.623034332
31
0.0
210
0.0
220
0.0
230
1.0
71
0
72
0
100
AcDbText
73
0
0
POINT
5
34C
330
1C
100
AcDbEntity
67
0
8
0
62
256
6
ByLayer
370
-1
48
1.0
60
0
100
AcDbPoint
10
1395272.82481187
20
359860.936979509
30
0.0
39
0.0
210
0.0
220
0.0
230
1.0
50
360.0
0
TEXT
5
34D
330
1C
100
AcDbEntity
67
0
8
0
62
7
6
ByLayer
370
-1
48
1.0
60
0
100
AcDbText
1
406
10
1395272.95394108
20
359861.211419106
30
0.0
40
0.31111111111
41
1.0
50
0.0
51
0.0
7
Standard
11
1395272.95394108
21
359861.211419106
31
0.0
210
0.0
220
0.0
230
1.0
71
0
72
0
100
AcDbText
73
0
0
POINT
5
34E
330
1C
100
AcDbEntity
67
0
8
0
62
256
6
ByLayer
370
-1
48
1.0
60
0
100
AcDbPoint
10
1395271.36571596
20
359861.304096617
30
0.0
39
0.0
210
0.0
220
0.0
230
1.0
50
360.0
0
TEXT
5
34F
330
1C
100
AcDbEntity
67
0
8
0
62
7
6
ByLayer
370
-1
48
1.0
60
0
100
AcDbText
1
407
10
1395271.49484516
20
359861.578536211
30
0.0
40
0.31111111111
41
1.0
50
0.0
51
0.0
7
Standard
11
1395271.49484516
21
359861.578536211
31
0.0
210
0.0
220
0.0
230
1.0
71
0
72
0
100
AcDbText
73
0
0
POINT
5
350
330
1C
100
AcDbEntity
67
0
8
0
62
256
6
ByLayer
370
-1
48
1.0
60
0
100
AcDbPoint
10
1395270.28566037
20
359862.351577313
30
0.0
39
0.0
210
0.0
220
0.0
230
1.0
50
360.0
0
TEXT
5
351
330
1C
100
AcDbEntity
67
0
8
0
62
7
6
ByLayer
370
-1
48
1.0
60
0
100
AcDbText
1
408
10
1395270.41478958
20
359862.626016905
30
0.0
40
0.31111111111
41
1.0
50
0.0
51
0.0
7
Standard
11
1395270.41478958
21
359862.626016905
31
0.0
210
0.0
220
0.0
230
1.0
71
0
72
0
100
AcDbText
73
0
0
POINT
5
352
330
1C
100
AcDbEntity
67
0
8
0
62
256
6
ByLayer
370
-1
48
1.0
60
0
100
AcDbPoint
10
1395292.3785251
20
359853.432023502
30
0.0
39
0.0
210
0.0
220
0.0
230
1.0
50
360.0
0
TEXT
5
353
330
1C
100
AcDbEntity
67
0
8
0
62
7
6
ByLayer
370
-1
48
1.0
60
0
100
AcDbText
1
409
10
1395292.50765433
20
359853.70646314
30
0.0
40
0.31111111111
41
1.0
50
0.0
51
0.0
7
Standard
11
1395292.50765433
21
359853.70646314
31
0.0
210
0.0
220
0.0
230
1.0
71
0
72
0
100
AcDbText
73
0
0
POINT
5
354
330
1C
100
AcDbEntity
67
0
8
0
62
256
6
ByLayer
370
-1
48
1.0
60
0
100
AcDbPoint
10
1395292.74564226
20
359854.891119493
30
0.0
39
0.0
210
0.0
220
0.0
230
1.0
50
360.0
0
TEXT
5
355
330
1C
100
AcDbEntity
67
0
8
0
62
7
6
ByLayer
370
-1
48
1.0
60
0
100
AcDbText
1
410
10
1395292.87477148
20
359855.165559128
30
0.0
40
0.31111111111
41
1.0
50
0.0
51
0.0
7
Standard
11
1395292.87477148
21
359855.165559128
31
0.0
210
0.0
220
0.0
230
1.0
71
0
72
0
100
AcDbText
73
0
0
POINT
5
356
330
1C
100
AcDbEntity
67
0
8
0
62
256
6
ByLayer
370
-1
48
1.0
60
0
100
AcDbPoint
10
1395293.79312303
20
359855.971175115
30
0.0
39
0.0
210
0.0
220
0.0
230
1.0
50
360.0
0
TEXT
5
357
330
1C
100
AcDbEntity
67
0
8
0
62
7
6
ByLayer
370
-1
48
1.0
60
0
100
AcDbText
1
411
10
1395293.92225225
20
359856.245614754
30
0.0
40
0.31111111111
41
1.0
50
0.0
51
0.0
7
Standard
11
1395293.92225225
21
359856.245614754
31
0.0
210
0.0
220
0.0
230
1.0
71
0
72
0
100
AcDbText
73
0
0
POINT
5
358
330
1C
100
AcDbEntity
67
0
8
0
62
256
6
ByLayer
370
-1
48
1.0
60
0
100
AcDbPoint
10
1395295.24029581
20
359856.382790343
30
0.0
39
0.0
210
0.0
220
0.0
230
1.0
50
360.0
0
TEXT
5
359
330
1C
100
AcDbEntity
67
0
8
0
62
7
6
ByLayer
370
-1
48
1.0
60
0
100
AcDbText
1
412
10
1395295.36942502
20
359856.657229979
30
0.0
40
0.31111111111
41
1.0
50
0.0
51
0.0
7
Standard
11
1395295.36942502
21
359856.657229979
31
0.0
210
0.0
220
0.0
230
1.0
71
0
72
0
100
AcDbText
73
0
0
POINT
5
35A
330
1C
100
AcDbEntity
67
0
8
0
62
256
6
ByLayer
370
-1
48
1.0
60
0
100
AcDbPoint
10
1395296.69939181
20
359856.015673192
30
0.0
39
0.0
210
0.0
220
0.0
230
1.0
50
360.0
0
TEXT
5
35B
330
1C
100
AcDbEntity
67
0
8
0
62
7
6
ByLayer
370
-1
48
1.0
60
0
100
AcDbText
1
413
10
1395296.82852103
20
359856.290112835
30
0.0
40
0.31111111111
41
1.0
50
0.0
51
0.0
7
Standard
11
1395296.82852103
21
359856.290112835
31
0.0
210
0.0
220
0.0
230
1.0
71
0
72
0
100
AcDbText
73
0
0
POINT
5
35C
330
1C
100
AcDbEntity
67
0
8
0
62
256
6
ByLayer
370
-1
48
1.0
60
0
100
AcDbPoint
10
1395297.77944745
20
359854.968192407
30
0.0
39
0.0
210
0.0
220
0.0
230
1.0
50
360.0
0
TEXT
5
35D
330
1C
100
AcDbEntity
67
0
8
0
62
7
6
ByLayer
370
-1
48
1.0
60
0
100
AcDbText
1
414
10
1395297.90857666
20
359855.24263205
30
0.0
40
0.31111111111
41
1.0
50
0.0
51
0.0
7
Standard
11
1395297.90857666
21
359855.24263205
31
0.0
210
0.0
220
0.0
230
1.0
71
0
72
0
100
AcDbText
73
0
0
POINT
5
35E
330
1C
100
AcDbEntity
67
0
8
0
62
256
6
ByLayer
370
-1
48
1.0
60
0
100
AcDbPoint
10
1395298.19106267
20
359853.521019613
30
0.0
39
0.0
210
0.0
220
0.0
230
1.0
50
360.0
0
TEXT
5
35F
330
1C
100
AcDbEntity
67
0
8
0
62
7
6
ByLayer
370
-1
48
1.0
60
0
100
AcDbText
1
415
10
1395298.32019189
20
359853.795459259
30
0.0
40
0.31111111111
41
1.0
50
0.0
51
0.0
7
Standard
11
1395298.32019189
21
359853.795459259
31
0.0
210
0.0
220
0.0
230
1.0
71
0
72
0
100
AcDbText
73
0
0
POINT
5
360
330
1C
100
AcDbEntity
67
0
8
0
62
256
6
ByLayer
370
-1
48
1.0
60
0
100
AcDbPoint
10
1395297.8239455
20
359852.061923604
30
0.0
39
0.0
210
0.0
220
0.0
230
1.0
50
360.0
0
TEXT
5
361
330
1C
100
AcDbEntity
67
0
8
0
62
7
6
ByLayer
370
-1
48
1.0
60
0
100
AcDbText
1
416
10
1395297.95307473
20
359852.336363251
30
0.0
40
0.31111111111
41
1.0
50
0.0
51
0.0
7
Standard
11
1395297.95307473
21
359852.336363251
31
0.0
210
0.0
220
0.0
230
1.0
71
0
72
0
100
AcDbText
73
0
0
POINT
5
362
330
1C
100
AcDbEntity
67
0
8
0
62
256
6
ByLayer
370
-1
48
1.0
60
0
100
AcDbPoint
10
1395296.77646471
20
359850.981867981
30
0.0
39
0.0
210
0.0
220
0.0
230
1.0
50
360.0
0
TEXT
5
363
330
1C
100
AcDbEntity
67
0
8
0
62
7
6
ByLayer
370
-1
48
1.0
60
0
100
AcDbText
1
417
10
1395296.90559393
20
359851.256307625
30
0.0
40
0.31111111111
41
1.0
50
0.0
51
0.0
7
Standard
11
1395296.90559393
21
359851.256307625
31
0.0
210
0.0
220
0.0
230
1.0
71
0
72
0
100
AcDbText
73
0
0
POINT
5
364
330
1C
100
AcDbEntity
67
0
8
0
62
256
6
ByLayer
370
-1
48
1.0
60
0
100
AcDbPoint
10
1395295.32929192
20
359850.570252774
30
0.0
39
0.0
210
0.0
220
0.0
230
1.0
50
360.0
0
TEXT
5
365
330
1C
100
AcDbEntity
67
0
8
0
62
7
6
ByLayer
370
-1
48
1.0
60
0
100
AcDbText
1
418
10
1395295.45842115
20
359850.844692418
30
0.0
40
0.31111111111
41
1.0
50
0.0
51
0.0
7
Standard
11
1395295.45842115
21
359850.844692418
31
0.0
210
0.0
220
0.0
230
1.0
71
0
72
0
100
AcDbText
73
0
0
POINT
5
366
330
1C
100
AcDbEntity
67
0
8
0
62
256
6
ByLayer
370
-1
48
1.0
60
0
100
AcDbPoint
10
1395293.87019593
20
359850.937369943
30
0.0
39
0.0
210
0.0
220
0.0
230
1.0
50
360.0
0
TEXT
5
367
330
1C
100
AcDbEntity
67
0
8
0
62
7
6
ByLayer
370
-1
48
1.0
60
0
100
AcDbText
1
419
10
1395293.99932515
20
359851.211809582
30
0.0
40
0.31111111111
41
1.0
50
0.0
51
0.0
7
Standard
11
1395293.99932515
21
359851.211809582
31
0.0
210
0.0
220
0.0
230
1.0
71
0
72
0
100
AcDbText
73
0
0
POINT
5
368
330
1C
100
AcDbEntity
67
0
8
0
62
256
6
ByLayer
370
-1
48
1.0
60
0
100
AcDbPoint
10
1395292.79014031
20
359851.984850732
30
0.0
39
0.0
210
0.0
220
0.0
230
1.0
50
360.0
0
TEXT
5
369
330
1C
100
AcDbEntity
67
0
8
0
62
7
6
ByLayer
370
-1
48
1.0
60
0
100
AcDbText
1
420
10
1395292.91926954
20
359852.259290366
30
0.0
40
0.31111111111
41
1.0
50
0.0
51
0.0
7
Standard
11
1395292.91926954
21
359852.259290366
31
0.0
210
0.0
220
0.0
230
1.0
71
0
72
0
100
AcDbText
73
0
0
POINT
5
36A
330
1C
100
AcDbEntity
67
0
8
0
62
256
6
ByLayer
370
-1
48
1.0
60
0
100
AcDbPoint
10
1395198.25940782
20
360295.985665862
30
0.0
39
0.0
210
0.0
220
0.0
230
1.0
50
360.0
0
TEXT
5
36B
330
1C
100
AcDbEntity
67
0
8
0
62
7
6
ByLayer
370
-1
48
1.0
60
0
100
AcDbText
1
421
10
1395198.38853623
20
360296.260105315
30
0.0
40
0.31111111111
41
1.0
50
0.0
51
0.0
7
Standard
11
1395198.38853623
21
360296.260105315
31
0.0
210
0.0
220
0.0
230
1.0
71
0
72
0
100
AcDbText
73
0
0
POINT
5
36C
330
1C
100
AcDbEntity
67
0
8
0
62
256
6
ByLayer
370
-1
48
1.0
60
0
100
AcDbPoint
10
1395198.62652322
20
360297.44476192
30
0.0
39
0.0
210
0.0
220
0.0
230
1.0
50
360.0
0
TEXT
5
36D
330
1C
100
AcDbEntity
67
0
8
0
62
7
6
ByLayer
370
-1
48
1.0
60
0
100
AcDbText
1
422
10
1395198.75565163
20
360297.719201373
30
0.0
40
0.31111111111
41
1.0
50
0.0
51
0.0
7
Standard
11
1395198.75565163
21
360297.719201373
31
0.0
210
0.0
220
0.0
230
1.0
71
0
72
0
100
AcDbText
73
0
0
POINT
5
36E
330
1C
100
AcDbEntity
67
0
8
0
62
256
6
ByLayer
370
-1
48
1.0
60
0
100
AcDbPoint
10
1395199.67400252
20
360298.524818473
30
0.0
39
0.0
210
0.0
220
0.0
230
1.0
50
360.0
0
TEXT
5
36F
330
1C
100
AcDbEntity
67
0
8
0
62
7
6
ByLayer
370
-1
48
1.0
60
0
100
AcDbText
1
423
10
1395199.80313093
20
360298.799257931
30
0.0
40
0.31111111111
41
1.0
50
0.0
51
0.0
7
Standard
11
1395199.80313093
21
360298.799257931
31
0.0
210
0.0
220
0.0
230
1.0
71
0
72
0
100
AcDbText
73
0
0
POINT
5
370
330
1C
100
AcDbEntity
67
0
8
0
62
256
6
ByLayer
370
-1
48
1.0
60
0
100
AcDbPoint
10
1395201.12117448
20
360298.936435243
30
0.0
39
0.0
210
0.0
220
0.0
230
1.0
50
360.0
0
TEXT
5
371
330
1C
100
AcDbEntity
67
0
8
0
62
7
6
ByLayer
370
-1
48
1.0
60
0
100
AcDbText
1
424
10
1395201.25030289
20
360299.210874705
30
0.0
40
0.31111111111
41
1.0
50
0.0
51
0.0
7
Standard
11
1395201.25030289
21
360299.210874705
31
0.0
210
0.0
220
0.0
230
1.0
71
0
72
0
100
AcDbText
73
0
0
POINT
5
372
330
1C
100
AcDbEntity
67
0
8
0
62
256
6
ByLayer
370
-1
48
1.0
60
0
100
AcDbPoint
10
1395202.58027055
20
360298.56931984
30
0.0
39
0.0
210
0.0
220
0.0
230
1.0
50
360.0
0
TEXT
5
373
330
1C
100
AcDbEntity
67
0
8
0
62
7
6
ByLayer
370
-1
48
1.0
60
0
100
AcDbText
1
425
10
1395202.70939896
20
360298.843759304
30
0.0
40
0.31111111111
41
1.0
50
0.0
51
0.0
7
Standard
11
1395202.70939896
21
360298.843759304
31
0.0
210
0.0
220
0.0
230
1.0
71
0
72
0
100
AcDbText
73
0
0
POINT
5
374
330
1C
100
AcDbEntity
67
0
8
0
62
256
6
ByLayer
370
-1
48
1.0
60
0
100
AcDbPoint
10
1395203.66032712
20
360297.521840536
30
0.0
39
0.0
210
0.0
220
0.0
230
1.0
50
360.0
0
TEXT
5
375
330
1C
100
AcDbEntity
67
0
8
0
62
7
6
ByLayer
370
-1
48
1.0
60
0
100
AcDbText
1
426
10
1395203.78945553
20
360297.796280001
30
0.0
40
0.31111111111
41
1.0
50
0.0
51
0.0
7
Standard
11
1395203.78945553
21
360297.796280001
31
0.0
210
0.0
220
0.0
230
1.0
71
0
72
0
100
AcDbText
73
0
0
POINT
5
376
330
1C
100
AcDbEntity
67
0
8
0
62
256
6
ByLayer
370
-1
48
1.0
60
0
100
AcDbPoint
10
1395204.07194388
20
360296.074668563
30
0.0
39
0.0
210
0.0
220
0.0
230
1.0
50
360.0
0
TEXT
5
377
330
1C
100
AcDbEntity
67
0
8
0
62
7
6
ByLayer
370
-1
48
1.0
60
0
100
AcDbText
1
427
10
1395204.2010723
20
360296.349108026
30
0.0
40
0.31111111111
41
1.0
50
0.0
51
0.0
7
Standard
11
1395204.2010723
21
360296.349108026
31
0.0
210
0.0
220
0.0
230
1.0
71
0
72
0
100
AcDbText
73
0
0
POINT
5
378
330
1C
100
AcDbEntity
67
0
8
0
62
256
6
ByLayer
370
-1
48
1.0
60
0
100
AcDbPoint
10
1395203.70482846
20
360294.615572486
30
0.0
39
0.0
210
0.0
220
0.0
230
1.0
50
360.0
0
TEXT
5
379
330
1C
100
AcDbEntity
67
0
8
0
62
7
6
ByLayer
370
-1
48
1.0
60
0
100
AcDbText
1
428
10
1395203.83395688
20
360294.89001195
30
0.0
40
0.31111111111
41
1.0
50
0.0
51
0.0
7
Standard
11
1395203.83395688
21
360294.89001195
31
0.0
210
0.0
220
0.0
230
1.0
71
0
72
0
100
AcDbText
73
0
0
POINT
5
37A
330
1C
100
AcDbEntity
67
0
8
0
62
256
6
ByLayer
370
-1
48
1.0
60
0
100
AcDbPoint
10
1395202.65734915
20
360293.53551593
30
0.0
39
0.0
210
0.0
220
0.0
230
1.0
50
360.0
0
TEXT
5
37B
330
1C
100
AcDbEntity
67
0
8
0
62
7
6
ByLayer
370
-1
48
1.0
60
0
100
AcDbText
1
429
10
1395202.78647757
20
360293.809955395
30
0.0
40
0.31111111111
41
1.0
50
0.0
51
0.0
7
Standard
11
1395202.78647757
21
360293.809955395
31
0.0
210
0.0
220
0.0
230
1.0
71
0
72
0
100
AcDbText
73
0
0
POINT
5
37C
330
1C
100
AcDbEntity
67
0
8
0
62
256
6
ByLayer
370
-1
48
1.0
60
0
100
AcDbPoint
10
1395201.21017718
20
360293.123899178
30
0.0
39
0.0
210
0.0
220
0.0
230
1.0
50
360.0
0
TEXT
5
37D
330
1C
100
AcDbEntity
67
0
8
0
62
7
6
ByLayer
370
-1
48
1.0
60
0
100
AcDbText
1
430
10
1395201.33930559
20
360293.398338636
30
0.0
40
0.31111111111
41
1.0
50
0.0
51
0.0
7
Standard
11
1395201.33930559
21
360293.398338636
31
0.0
210
0.0
220
0.0
230
1.0
71
0
72
0
100
AcDbText
73
0
0
POINT
5
37E
330
1C
100
AcDbEntity
67
0
8
0
62
256
6
ByLayer
370
-1
48
1.0
60
0
100
AcDbPoint
10
1395199.75108111
20
360293.491014599
30
0.0
39
0.0
210
0.0
220
0.0
230
1.0
50
360.0
0
TEXT
5
37F
330
1C
100
AcDbEntity
67
0
8
0
62
7
6
ByLayer
370
-1
48
1.0
60
0
100
AcDbText
1
431
10
1395199.88020953
20
360293.765454054
30
0.0
40
0.31111111111
41
1.0
50
0.0
51
0.0
7
Standard
11
1395199.88020953
21
360293.765454054
31
0.0
210
0.0
220
0.0
230
1.0
71
0
72
0
100
AcDbText
73
0
0
POINT
5
380
330
1C
100
AcDbEntity
67
0
8
0
62
256
6
ByLayer
370
-1
48
1.0
60
0
100
AcDbPoint
10
1395198.67102457
20
360294.538493905
30
0.0
39
0.0
210
0.0
220
0.0
230
1.0
50
360.0
0
TEXT
5
381
330
1C
100
AcDbEntity
67
0
8
0
62
7
6
ByLayer
370
-1
48
1.0
60
0
100
AcDbText
1
432
10
1395198.80015299
20
360294.812933359
30
0.0
40
0.31111111111
41
1.0
50
0.0
51
0.0
7
Standard
11
1395198.80015299
21
360294.812933359
31
0.0
210
0.0
220
0.0
230
1.0
71
0
72
0
100
AcDbText
73
0
0
POINT
5
382
330
1C
100
AcDbEntity
67
0
8
0
62
256
6
ByLayer
370
-1
48
1.0
60
0
100
AcDbPoint
10
1395203.89744394
20
360315.243600783
30
0.0
39
0.0
210
0.0
220
0.0
230
1.0
50
360.0
0
TEXT
5
383
330
1C
100
AcDbEntity
67
0
8
0
62
7
6
ByLayer
370
-1
48
1.0
60
0
100
AcDbText
1
433
10
1395204.02657232
20
360315.518040245
30
0.0
40
0.31111111111
41
1.0
50
0.0
51
0.0
7
Standard
11
1395204.02657232
21
360315.518040245
31
0.0
210
0.0
220
0.0
230
1.0
71
0
72
0
100
AcDbText
73
0
0
POINT
5
384
330
1C
100
AcDbEntity
67
0
8
0
62
256
6
ByLayer
370
-1
48
1.0
60
0
100
AcDbPoint
10
1395204.26455928
20
360316.702696881
30
0.0
39
0.0
210
0.0
220
0.0
230
1.0
50
360.0
0
TEXT
5
385
330
1C
100
AcDbEntity
67
0
8
0
62
7
6
ByLayer
370
-1
48
1.0
60
0
100
AcDbText
1
434
10
1395204.39368766
20
360316.977136344
30
0.0
40
0.31111111111
41
1.0
50
0.0
51
0.0
7
Standard
11
1395204.39368766
21
360316.977136344
31
0.0
210
0.0
220
0.0
230
1.0
71
0
72
0
100
AcDbText
73
0
0
POINT
5
386
330
1C
100
AcDbEntity
67
0
8
0
62
256
6
ByLayer
370
-1
48
1.0
60
0
100
AcDbPoint
10
1395205.31203854
20
360317.782753502
30
0.0
39
0.0
210
0.0
220
0.0
230
1.0
50
360.0
0
TEXT
5
387
330
1C
100
AcDbEntity
67
0
8
0
62
7
6
ByLayer
370
-1
48
1.0
60
0
100
AcDbText
1
435
10
1395205.44116692
20
360318.057192968
30
0.0
40
0.31111111111
41
1.0
50
0.0
51
0.0
7
Standard
11
1395205.44116692
21
360318.057192968
31
0.0
210
0.0
220
0.0
230
1.0
71
0
72
0
100
AcDbText
73
0
0
POINT
5
388
330
1C
100
AcDbEntity
67
0
8
0
62
256
6
ByLayer
370
-1
48
1.0
60
0
100
AcDbPoint
10
1395206.7592105
20
360318.194370348
30
0.0
39
0.0
210
0.0
220
0.0
230
1.0
50
360.0
0
TEXT
5
389
330
1C
100
AcDbEntity
67
0
8
0
62
7
6
ByLayer
370
-1
48
1.0
60
0
100
AcDbText
1
436
10
1395206.88833887
20
360318.468809821
30
0.0
40
0.31111111111
41
1.0
50
0.0
51
0.0
7
Standard
11
1395206.88833887
21
360318.468809821
31
0.0
210
0.0
220
0.0
230
1.0
71
0
72
0
100
AcDbText
73
0
0
POINT
5
38A
330
1C
100
AcDbEntity
67
0
8
0
62
256
6
ByLayer
370
-1
48
1.0
60
0
100
AcDbPoint
10
1395208.21830661
20
360317.827255015
30
0.0
39
0.0
210
0.0
220
0.0
230
1.0
50
360.0
0
TEXT
5
38B
330
1C
100
AcDbEntity
67
0
8
0
62
7
6
ByLayer
370
-1
48
1.0
60
0
100
AcDbText
1
437
10
1395208.34743499
20
360318.101694485
30
0.0
40
0.31111111111
41
1.0
50
0.0
51
0.0
7
Standard
11
1395208.34743499
21
360318.101694485
31
0.0
210
0.0
220
0.0
230
1.0
71
0
72
0
100
AcDbText
73
0
0
POINT
5
38C
330
1C
100
AcDbEntity
67
0
8
0
62
256
6
ByLayer
370
-1
48
1.0
60
0
100
AcDbPoint
10
1395209.29836324
20
360316.779775748
30
0.0
39
0.0
210
0.0
220
0.0
230
1.0
50
360.0
0
TEXT
5
38D
330
1C
100
AcDbEntity
67
0
8
0
62
7
6
ByLayer
370
-1
48
1.0
60
0
100
AcDbText
1
438
10
1395209.42749162
20
360317.054215222
30
0.0
40
0.31111111111
41
1.0
50
0.0
51
0.0
7
Standard
11
1395209.42749162
21
360317.054215222
31
0.0
210
0.0
220
0.0
230
1.0
71
0
72
0
100
AcDbText
73
0
0
POINT
5
38E
330
1C
100
AcDbEntity
67
0
8
0
62
256
6
ByLayer
370
-1
48
1.0
60
0
100
AcDbPoint
10
1395209.70998009
20
360315.33260377
30
0.0
39
0.0
210
0.0
220
0.0
230
1.0
50
360.0
0
TEXT
5
38F
330
1C
100
AcDbEntity
67
0
8
0
62
7
6
ByLayer
370
-1
48
1.0
60
0
100
AcDbText
1
439
10
1395209.83910847
20
360315.607043242
30
0.0
40
0.31111111111
41
1.0
50
0.0
51
0.0
7
Standard
11
1395209.83910847
21
360315.607043242
31
0.0
210
0.0
220
0.0
230
1.0
71
0
72
0
100
AcDbText
73
0
0
POINT
5
390
330
1C
100
AcDbEntity
67
0
8
0
62
256
6
ByLayer
370
-1
48
1.0
60
0
100
AcDbPoint
10
1395209.34286474
20
360313.873507654
30
0.0
39
0.0
210
0.0
220
0.0
230
1.0
50
360.0
0
TEXT
5
391
330
1C
100
AcDbEntity
67
0
8
0
62
7
6
ByLayer
370
-1
48
1.0
60
0
100
AcDbText
1
440
10
1395209.47199312
20
360314.147947128
30
0.0
40
0.31111111111
41
1.0
50
0.0
51
0.0
7
Standard
11
1395209.47199312
21
360314.147947128
31
0.0
210
0.0
220
0.0
230
1.0
71
0
72
0
100
AcDbText
73
0
0
POINT
5
392
330
1C
100
AcDbEntity
67
0
8
0
62
256
6
ByLayer
370
-1
48
1.0
60
0
100
AcDbPoint
10
1395208.29538546
20
360312.793451032
30
0.0
39
0.0
210
0.0
220
0.0
230
1.0
50
360.0
0
TEXT
5
393
330
1C
100
AcDbEntity
67
0
8
0
62
7
6
ByLayer
370
-1
48
1.0
60
0
100
AcDbText
1
441
10
1395208.42451385
20
360313.067890503
30
0.0
40
0.31111111111
41
1.0
50
0.0
51
0.0
7
Standard
11
1395208.42451385
21
360313.067890503
31
0.0
210
0.0
220
0.0
230
1.0
71
0
72
0
100
AcDbText
73
0
0
POINT
5
394
330
1C
100
AcDbEntity
67
0
8
0
62
256
6
ByLayer
370
-1
48
1.0
60
0
100
AcDbPoint
10
1395206.84821349
20
360312.381834202
30
0.0
39
0.0
210
0.0
220
0.0
230
1.0
50
360.0
0
TEXT
5
395
330
1C
100
AcDbEntity
67
0
8
0
62
7
6
ByLayer
370
-1
48
1.0
60
0
100
AcDbText
1
442
10
1395206.97734187
20
360312.65627367
30
0.0
40
0.31111111111
41
1.0
50
0.0
51
0.0
7
Standard
11
1395206.97734187
21
360312.65627367
31
0.0
210
0.0
220
0.0
230
1.0
71
0
72
0
100
AcDbText
73
0
0
POINT
5
396
330
1C
100
AcDbEntity
67
0
8
0
62
256
6
ByLayer
370
-1
48
1.0
60
0
100
AcDbPoint
10
1395205.38911739
20
360312.748949558
30
0.0
39
0.0
210
0.0
220
0.0
230
1.0
50
360.0
0
TEXT
5
397
330
1C
100
AcDbEntity
67
0
8
0
62
7
6
ByLayer
370
-1
48
1.0
60
0
100
AcDbText
1
443
10
1395205.51824577
20
360313.023389023
30
0.0
40
0.31111111111
41
1.0
50
0.0
51
0.0
7
Standard
11
1395205.51824577
21
360313.023389023
31
0.0
210
0.0
220
0.0
230
1.0
71
0
72
0
100
AcDbText
73
0
0
POINT
5
398
330
1C
100
AcDbEntity
67
0
8
0
62
256
6
ByLayer
370
-1
48
1.0
60
0
100
AcDbPoint
10
1395204.30906077
20
360313.796428825
30
0.0
39
0.0
210
0.0
220
0.0
230
1.0
50
360.0
0
TEXT
5
399
330
1C
100
AcDbEntity
67
0
8
0
62
7
6
ByLayer
370
-1
48
1.0
60
0
100
AcDbText
1
444
10
1395204.43818916
20
360314.070868288
30
0.0
40
0.31111111111
41
1.0
50
0.0
51
0.0
7
Standard
11
1395204.43818916
21
360314.070868288
31
0.0
210
0.0
220
0.0
230
1.0
71
0
72
0
100
AcDbText
73
0
0
POINT
5
39A
330
1C
100
AcDbEntity
67
0
8
0
62
256
6
ByLayer
370
-1
48
1.0
60
0
100
AcDbPoint
10
1394611.43992766
20
359969.389161845
30
0.0
39
0.0
210
0.0
220
0.0
230
1.0
50
360.0
0
TEXT
5
39B
330
1C
100
AcDbEntity
67
0
8
0
62
7
6
ByLayer
370
-1
48
1.0
60
0
100
AcDbText
1
445
10
1394611.56905668
20
359969.663600236
30
0.0
40
0.31111111111
41
1.0
50
0.0
51
0.0
7
Standard
11
1394611.56905668
21
359969.663600236
31
0.0
210
0.0
220
0.0
230
1.0
71
0
72
0
100
AcDbText
73
0
0
POINT
5
39C
330
1C
100
AcDbEntity
67
0
8
0
62
256
6
ByLayer
370
-1
48
1.0
60
0
100
AcDbPoint
10
1394611.80704373
20
359970.848255395
30
0.0
39
0.0
210
0.0
220
0.0
230
1.0
50
360.0
0
TEXT
5
39D
330
1C
100
AcDbEntity
67
0
8
0
62
7
6
ByLayer
370
-1
48
1.0
60
0
100
AcDbText
1
446
10
1394611.93617275
20
359971.122693786
30
0.0
40
0.31111111111
41
1.0
50
0.0
51
0.0
7
Standard
11
1394611.93617275
21
359971.122693786
31
0.0
210
0.0
220
0.0
230
1.0
71
0
72
0
100
AcDbText
73
0
0
POINT
5
39E
330
1C
100
AcDbEntity
67
0
8
0
62
256
6
ByLayer
370
-1
48
1.0
60
0
100
AcDbPoint
10
1394612.85452235
20
359971.928309444
30
0.0
39
0.0
210
0.0
220
0.0
230
1.0
50
360.0
0
TEXT
5
39F
330
1C
100
AcDbEntity
67
0
8
0
62
7
6
ByLayer
370
-1
48
1.0
60
0
100
AcDbText
1
447
10
1394612.98365137
20
359972.202747835
30
0.0
40
0.31111111111
41
1.0
50
0.0
51
0.0
7
Standard
11
1394612.98365137
21
359972.202747835
31
0.0
210
0.0
220
0.0
230
1.0
71
0
72
0
100
AcDbText
73
0
0
POINT
5
3A0
330
1C
100
AcDbEntity
67
0
8
0
62
256
6
ByLayer
370
-1
48
1.0
60
0
100
AcDbPoint
10
1394614.30169247
20
359972.339924383
30
0.0
39
0.0
210
0.0
220
0.0
230
1.0
50
360.0
0
TEXT
5
3A1
330
1C
100
AcDbEntity
67
0
8
0
62
7
6
ByLayer
370
-1
48
1.0
60
0
100
AcDbText
1
448
10
1394614.43082149
20
359972.614362778
30
0.0
40
0.31111111111
41
1.0
50
0.0
51
0.0
7
Standard
11
1394614.43082149
21
359972.614362778
31
0.0
210
0.0
220
0.0
230
1.0
71
0
72
0
100
AcDbText
73
0
0
POINT
5
3A2
330
1C
100
AcDbEntity
67
0
8
0
62
256
6
ByLayer
370
-1
48
1.0
60
0
100
AcDbPoint
10
1394615.76078603
20
359971.972808313
30
0.0
39
0.0
210
0.0
220
0.0
230
1.0
50
360.0
0
TEXT
5
3A3
330
1C
100
AcDbEntity
67
0
8
0
62
7
6
ByLayer
370
-1
48
1.0
60
0
100
AcDbText
1
449
10
1394615.88991506
20
359972.247246711
30
0.0
40
0.31111111111
41
1.0
50
0.0
51
0.0
7
Standard
11
1394615.88991506
21
359972.247246711
31
0.0
210
0.0
220
0.0
230
1.0
71
0
72
0
100
AcDbText
73
0
0
POINT
5
3A4
330
1C
100
AcDbEntity
67
0
8
0
62
256
6
ByLayer
370
-1
48
1.0
60
0
100
AcDbPoint
10
1394616.8408401
20
359970.925329681
30
0.0
39
0.0
210
0.0
220
0.0
230
1.0
50
360.0
0
TEXT
5
3A5
330
1C
100
AcDbEntity
67
0
8
0
62
7
6
ByLayer
370
-1
48
1.0
60
0
100
AcDbText
1
450
10
1394616.96996912
20
359971.199768085
30
0.0
40
0.31111111111
41
1.0
50
0.0
51
0.0
7
Standard
11
1394616.96996912
21
359971.199768085
31
0.0
210
0.0
220
0.0
230
1.0
71
0
72
0
100
AcDbText
73
0
0
POINT
5
3A6
330
1C
100
AcDbEntity
67
0
8
0
62
256
6
ByLayer
370
-1
48
1.0
60
0
100
AcDbPoint
10
1394617.25245503
20
359969.478159544
30
0.0
39
0.0
210
0.0
220
0.0
230
1.0
50
360.0
0
TEXT
5
3A7
330
1C
100
AcDbEntity
67
0
8
0
62
7
6
ByLayer
370
-1
48
1.0
60
0
100
AcDbText
1
451
10
1394617.38158405
20
359969.752597947
30
0.0
40
0.31111111111
41
1.0
50
0.0
51
0.0
7
Standard
11
1394617.38158405
21
359969.752597947
31
0.0
210
0.0
220
0.0
230
1.0
71
0
72
0
100
AcDbText
73
0
0
POINT
5
3A8
330
1C
100
AcDbEntity
67
0
8
0
62
256
6
ByLayer
370
-1
48
1.0
60
0
100
AcDbPoint
10
1394616.88533895
20
359968.019065973
30
0.0
39
0.0
210
0.0
220
0.0
230
1.0
50
360.0
0
TEXT
5
3A9
330
1C
100
AcDbEntity
67
0
8
0
62
7
6
ByLayer
370
-1
48
1.0
60
0
100
AcDbText
1
452
10
1394617.01446797
20
359968.293504379
30
0.0
40
0.31111111111
41
1.0
50
0.0
51
0.0
7
Standard
11
1394617.01446797
21
359968.293504379
31
0.0
210
0.0
220
0.0
230
1.0
71
0
72
0
100
AcDbText
73
0
0
POINT
5
3AA
330
1C
100
AcDbEntity
67
0
8
0
62
256
6
ByLayer
370
-1
48
1.0
60
0
100
AcDbPoint
10
1394615.8378603
20
359966.939011928
30
0.0
39
0.0
210
0.0
220
0.0
230
1.0
50
360.0
0
TEXT
5
3AB
330
1C
100
AcDbEntity
67
0
8
0
62
7
6
ByLayer
370
-1
48
1.0
60
0
100
AcDbText
1
453
10
1394615.96698934
20
359967.213450325
30
0.0
40
0.31111111111
41
1.0
50
0.0
51
0.0
7
Standard
11
1394615.96698934
21
359967.213450325
31
0.0
210
0.0
220
0.0
230
1.0
71
0
72
0
100
AcDbText
73
0
0
POINT
5
3AC
330
1C
100
AcDbEntity
67
0
8
0
62
256
6
ByLayer
370
-1
48
1.0
60
0
100
AcDbPoint
10
1394614.39069017
20
359966.527397007
30
0.0
39
0.0
210
0.0
220
0.0
230
1.0
50
360.0
0
TEXT
5
3AD
330
1C
100
AcDbEntity
67
0
8
0
62
7
6
ByLayer
370
-1
48
1.0
60
0
100
AcDbText
1
454
10
1394614.5198192
20
359966.801835404
30
0.0
40
0.31111111111
41
1.0
50
0.0
51
0.0
7
Standard
11
1394614.5198192
21
359966.801835404
31
0.0
210
0.0
220
0.0
230
1.0
71
0
72
0
100
AcDbText
73
0
0
POINT
5
3AE
330
1C
100
AcDbEntity
67
0
8
0
62
256
6
ByLayer
370
-1
48
1.0
60
0
100
AcDbPoint
10
1394612.93159662
20
359966.894513097
30
0.0
39
0.0
210
0.0
220
0.0
230
1.0
50
360.0
0
TEXT
5
3AF
330
1C
100
AcDbEntity
67
0
8
0
62
7
6
ByLayer
370
-1
48
1.0
60
0
100
AcDbText
1
455
10
1394613.06072565
20
359967.168951489
30
0.0
40
0.31111111111
41
1.0
50
0.0
51
0.0
7
Standard
11
1394613.06072565
21
359967.168951489
31
0.0
210
0.0
220
0.0
230
1.0
71
0
72
0
100
AcDbText
73
0
0
POINT
5
3B0
330
1C
100
AcDbEntity
67
0
8
0
62
256
6
ByLayer
370
-1
48
1.0
60
0
100
AcDbPoint
10
1394611.85154258
20
359967.941991725
30
0.0
39
0.0
210
0.0
220
0.0
230
1.0
50
360.0
0
TEXT
5
3B1
330
1C
100
AcDbEntity
67
0
8
0
62
7
6
ByLayer
370
-1
48
1.0
60
0
100
AcDbText
1
456
10
1394611.98067161
20
359968.216430118
30
0.0
40
0.31111111111
41
1.0
50
0.0
51
0.0
7
Standard
11
1394611.98067161
21
359968.216430118
31
0.0
210
0.0
220
0.0
230
1.0
71
0
72
0
100
AcDbText
73
0
0
POINT
5
3B2
330
1C
100
AcDbEntity
67
0
8
0
62
256
6
ByLayer
370
-1
48
1.0
60
0
100
AcDbPoint
10
1394560.27745511
20
359980.683210834
30
0.0
39
0.0
210
0.0
220
0.0
230
1.0
50
360.0
0
TEXT
5
3B3
330
1C
100
AcDbEntity
67
0
8
0
62
7
6
ByLayer
370
-1
48
1.0
60
0
100
AcDbText
1
457
10
1394560.40658412
20
359980.957649131
30
0.0
40
0.31111111111
41
1.0
50
0.0
51
0.0
7
Standard
11
1394560.40658412
21
359980.957649131
31
0.0
210
0.0
220
0.0
230
1.0
71
0
72
0
100
AcDbText
73
0
0
POINT
5
3B4
330
1C
100
AcDbEntity
67
0
8
0
62
256
6
ByLayer
370
-1
48
1.0
60
0
100
AcDbPoint
10
1394560.6445711
20
359982.142304202
30
0.0
39
0.0
210
0.0
220
0.0
230
1.0
50
360.0
0
TEXT
5
3B5
330
1C
100
AcDbEntity
67
0
8
0
62
7
6
ByLayer
370
-1
48
1.0
60
0
100
AcDbText
1
458
10
1394560.7737001
20
359982.4167425
30
0.0
40
0.31111111111
41
1.0
50
0.0
51
0.0
7
Standard
11
1394560.7737001
21
359982.4167425
31
0.0
210
0.0
220
0.0
230
1.0
71
0
72
0
100
AcDbText
73
0
0
POINT
5
3B6
330
1C
100
AcDbEntity
67
0
8
0
62
256
6
ByLayer
370
-1
48
1.0
60
0
100
AcDbPoint
10
1394561.69204954
20
359983.222358139
30
0.0
39
0.0
210
0.0
220
0.0
230
1.0
50
360.0
0
TEXT
5
3B7
330
1C
100
AcDbEntity
67
0
8
0
62
7
6
ByLayer
370
-1
48
1.0
60
0
100
AcDbText
1
459
10
1394561.82117855
20
359983.496796442
30
0.0
40
0.31111111111
41
1.0
50
0.0
51
0.0
7
Standard
11
1394561.82117855
21
359983.496796442
31
0.0
210
0.0
220
0.0
230
1.0
71
0
72
0
100
AcDbText
73
0
0
POINT
5
3B8
330
1C
100
AcDbEntity
67
0
8
0
62
256
6
ByLayer
370
-1
48
1.0
60
0
100
AcDbPoint
10
1394563.13921946
20
359983.633973066
30
0.0
39
0.0
210
0.0
220
0.0
230
1.0
50
360.0
0
TEXT
5
3B9
330
1C
100
AcDbEntity
67
0
8
0
62
7
6
ByLayer
370
-1
48
1.0
60
0
100
AcDbText
1
460
10
1394563.26834846
20
359983.90841137
30
0.0
40
0.31111111111
41
1.0
50
0.0
51
0.0
7
Standard
11
1394563.26834846
21
359983.90841137
31
0.0
210
0.0
220
0.0
230
1.0
71
0
72
0
100
AcDbText
73
0
0
POINT
5
3BA
330
1C
100
AcDbEntity
67
0
8
0
62
256
6
ByLayer
370
-1
48
1.0
60
0
100
AcDbPoint
10
1394564.59831285
20
359983.266857087
30
0.0
39
0.0
210
0.0
220
0.0
230
1.0
50
360.0
0
TEXT
5
3BB
330
1C
100
AcDbEntity
67
0
8
0
62
7
6
ByLayer
370
-1
48
1.0
60
0
100
AcDbText
1
461
10
1394564.72744185
20
359983.541295395
30
0.0
40
0.31111111111
41
1.0
50
0.0
51
0.0
7
Standard
11
1394564.72744185
21
359983.541295395
31
0.0
210
0.0
220
0.0
230
1.0
71
0
72
0
100
AcDbText
73
0
0
POINT
5
3BC
330
1C
100
AcDbEntity
67
0
8
0
62
256
6
ByLayer
370
-1
48
1.0
60
0
100
AcDbPoint
10
1394565.6783668
20
359982.21937863
30
0.0
39
0.0
210
0.0
220
0.0
230
1.0
50
360.0
0
TEXT
5
3BD
330
1C
100
AcDbEntity
67
0
8
0
62
7
6
ByLayer
370
-1
48
1.0
60
0
100
AcDbText
1
462
10
1394565.8074958
20
359982.493816934
30
0.0
40
0.31111111111
41
1.0
50
0.0
51
0.0
7
Standard
11
1394565.8074958
21
359982.493816934
31
0.0
210
0.0
220
0.0
230
1.0
71
0
72
0
100
AcDbText
73
0
0
POINT
5
3BE
330
1C
100
AcDbEntity
67
0
8
0
62
256
6
ByLayer
370
-1
48
1.0
60
0
100
AcDbPoint
10
1394566.08998172
20
359980.772208691
30
0.0
39
0.0
210
0.0
220
0.0
230
1.0
50
360.0
0
TEXT
5
3BF
330
1C
100
AcDbEntity
67
0
8
0
62
7
6
ByLayer
370
-1
48
1.0
60
0
100
AcDbText
1
463
10
1394566.21911072
20
359981.046647002
30
0.0
40
0.31111111111
41
1.0
50
0.0
51
0.0
7
Standard
11
1394566.21911072
21
359981.046647002
31
0.0
210
0.0
220
0.0
230
1.0
71
0
72
0
100
AcDbText
73
0
0
POINT
5
3C0
330
1C
100
AcDbEntity
67
0
8
0
62
256
6
ByLayer
370
-1
48
1.0
60
0
100
AcDbPoint
10
1394565.72286573
20
359979.313115304
30
0.0
39
0.0
210
0.0
220
0.0
230
1.0
50
360.0
0
TEXT
5
3C1
330
1C
100
AcDbEntity
67
0
8
0
62
7
6
ByLayer
370
-1
48
1.0
60
0
100
AcDbText
1
464
10
1394565.85199474
20
359979.587553613
30
0.0
40
0.31111111111
41
1.0
50
0.0
51
0.0
7
Standard
11
1394565.85199474
21
359979.587553613
31
0.0
210
0.0
220
0.0
230
1.0
71
0
72
0
100
AcDbText
73
0
0
POINT
5
3C2
330
1C
100
AcDbEntity
67
0
8
0
62
256
6
ByLayer
370
-1
48
1.0
60
0
100
AcDbPoint
10
1394564.67538725
20
359978.233061366
30
0.0
39
0.0
210
0.0
220
0.0
230
1.0
50
360.0
0
TEXT
5
3C3
330
1C
100
AcDbEntity
67
0
8
0
62
7
6
ByLayer
370
-1
48
1.0
60
0
100
AcDbText
1
465
10
1394564.80451627
20
359978.507499671
30
0.0
40
0.31111111111
41
1.0
50
0.0
51
0.0
7
Standard
11
1394564.80451627
21
359978.507499671
31
0.0
210
0.0
220
0.0
230
1.0
71
0
72
0
100
AcDbText
73
0
0
POINT
5
3C4
330
1C
100
AcDbEntity
67
0
8
0
62
256
6
ByLayer
370
-1
48
1.0
60
0
100
AcDbPoint
10
1394563.22821733
20
359977.821446459
30
0.0
39
0.0
210
0.0
220
0.0
230
1.0
50
360.0
0
TEXT
5
3C5
330
1C
100
AcDbEntity
67
0
8
0
62
7
6
ByLayer
370
-1
48
1.0
60
0
100
AcDbText
1
466
10
1394563.35734633
20
359978.095884761
30
0.0
40
0.31111111111
41
1.0
50
0.0
51
0.0
7
Standard
11
1394563.35734633
21
359978.095884761
31
0.0
210
0.0
220
0.0
230
1.0
71
0
72
0
100
AcDbText
73
0
0
POINT
5
3C6
330
1C
100
AcDbEntity
67
0
8
0
62
256
6
ByLayer
370
-1
48
1.0
60
0
100
AcDbPoint
10
1394561.76912395
20
359978.188562456
30
0.0
39
0.0
210
0.0
220
0.0
230
1.0
50
360.0
0
TEXT
5
3C7
330
1C
100
AcDbEntity
67
0
8
0
62
7
6
ByLayer
370
-1
48
1.0
60
0
100
AcDbText
1
467
10
1394561.89825296
20
359978.463000758
30
0.0
40
0.31111111111
41
1.0
50
0.0
51
0.0
7
Standard
11
1394561.89825296
21
359978.463000758
31
0.0
210
0.0
220
0.0
230
1.0
71
0
72
0
100
AcDbText
73
0
0
POINT
5
3C8
330
1C
100
AcDbEntity
67
0
8
0
62
256
6
ByLayer
370
-1
48
1.0
60
0
100
AcDbPoint
10
1394560.68907002
20
359979.236040918
30
0.0
39
0.0
210
0.0
220
0.0
230
1.0
50
360.0
0
TEXT
5
3C9
330
1C
100
AcDbEntity
67
0
8
0
62
7
6
ByLayer
370
-1
48
1.0
60
0
100
AcDbText
1
468
10
1394560.81819903
20
359979.510479214
30
0.0
40
0.31111111111
41
1.0
50
0.0
51
0.0
7
Standard
11
1394560.81819903
21
359979.510479214
31
0.0
210
0.0
220
0.0
230
1.0
71
0
72
0
100
AcDbText
73
0
0
POINT
5
3CA
330
1C
100
AcDbEntity
67
0
8
0
62
256
6
ByLayer
370
-1
48
1.0
60
0
100
AcDbPoint
10
1394642.53059378
20
359927.258731807
30
0.0
39
0.0
210
0.0
220
0.0
230
1.0
50
360.0
0
TEXT
5
3CB
330
1C
100
AcDbEntity
67
0
8
0
62
7
6
ByLayer
370
-1
48
1.0
60
0
100
AcDbText
1
469
10
1394642.65972288
20
359927.533170257
30
0.0
40
0.31111111111
41
1.0
50
0.0
51
0.0
7
Standard
11
1394642.65972288
21
359927.533170257
31
0.0
210
0.0
220
0.0
230
1.0
71
0
72
0
100
AcDbText
73
0
0
POINT
5
3CC
330
1C
100
AcDbEntity
67
0
8
0
62
256
6
ByLayer
370
-1
48
1.0
60
0
100
AcDbPoint
10
1394642.89771004
20
359928.717825436
30
0.0
39
0.0
210
0.0
220
0.0
230
1.0
50
360.0
0
TEXT
5
3CD
330
1C
100
AcDbEntity
67
0
8
0
62
7
6
ByLayer
370
-1
48
1.0
60
0
100
AcDbText
1
470
10
1394643.02683914
20
359928.992263883
30
0.0
40
0.31111111111
41
1.0
50
0.0
51
0.0
7
Standard
11
1394643.02683914
21
359928.992263883
31
0.0
210
0.0
220
0.0
230
1.0
71
0
72
0
100
AcDbText
73
0
0
POINT
5
3CE
330
1C
100
AcDbEntity
67
0
8
0
62
256
6
ByLayer
370
-1
48
1.0
60
0
100
AcDbPoint
10
1394643.94518886
20
359929.797879458
30
0.0
39
0.0
210
0.0
220
0.0
230
1.0
50
360.0
0
TEXT
5
3CF
330
1C
100
AcDbEntity
67
0
8
0
62
7
6
ByLayer
370
-1
48
1.0
60
0
100
AcDbText
1
471
10
1394644.07431796
20
359930.072317908
30
0.0
40
0.31111111111
41
1.0
50
0.0
51
0.0
7
Standard
11
1394644.07431796
21
359930.072317908
31
0.0
210
0.0
220
0.0
230
1.0
71
0
72
0
100
AcDbText
73
0
0
POINT
5
3D0
330
1C
100
AcDbEntity
67
0
8
0
62
256
6
ByLayer
370
-1
48
1.0
60
0
100
AcDbPoint
10
1394645.39235914
20
359930.20949427
30
0.0
39
0.0
210
0.0
220
0.0
230
1.0
50
360.0
0
TEXT
5
3D1
330
1C
100
AcDbEntity
67
0
8
0
62
7
6
ByLayer
370
-1
48
1.0
60
0
100
AcDbText
1
472
10
1394645.52148824
20
359930.483932723
30
0.0
40
0.31111111111
41
1.0
50
0.0
51
0.0
7
Standard
11
1394645.52148824
21
359930.483932723
31
0.0
210
0.0
220
0.0
230
1.0
71
0
72
0
100
AcDbText
73
0
0
POINT
5
3D2
330
1C
100
AcDbEntity
67
0
8
0
62
256
6
ByLayer
370
-1
48
1.0
60
0
100
AcDbPoint
10
1394646.85145278
20
359929.842378013
30
0.0
39
0.0
210
0.0
220
0.0
230
1.0
50
360.0
0
TEXT
5
3D3
330
1C
100
AcDbEntity
67
0
8
0
62
7
6
ByLayer
370
-1
48
1.0
60
0
100
AcDbText
1
473
10
1394646.98058188
20
359930.116816472
30
0.0
40
0.31111111111
41
1.0
50
0.0
51
0.0
7
Standard
11
1394646.98058188
21
359930.116816472
31
0.0
210
0.0
220
0.0
230
1.0
71
0
72
0
100
AcDbText
73
0
0
POINT
5
3D4
330
1C
100
AcDbEntity
67
0
8
0
62
256
6
ByLayer
370
-1
48
1.0
60
0
100
AcDbPoint
10
1394647.93150681
20
359928.794899182
30
0.0
39
0.0
210
0.0
220
0.0
230
1.0
50
360.0
0
TEXT
5
3D5
330
1C
100
AcDbEntity
67
0
8
0
62
7
6
ByLayer
370
-1
48
1.0
60
0
100
AcDbText
1
474
10
1394648.06063591
20
359929.069337642
30
0.0
40
0.31111111111
41
1.0
50
0.0
51
0.0
7
Standard
11
1394648.06063591
21
359929.069337642
31
0.0
210
0.0
220
0.0
230
1.0
71
0
72
0
100
AcDbText
73
0
0
POINT
5
3D6
330
1C
100
AcDbEntity
67
0
8
0
62
256
6
ByLayer
370
-1
48
1.0
60
0
100
AcDbPoint
10
1394648.34312162
20
359927.347728887
30
0.0
39
0.0
210
0.0
220
0.0
230
1.0
50
360.0
0
TEXT
5
3D7
330
1C
100
AcDbEntity
67
0
8
0
62
7
6
ByLayer
370
-1
48
1.0
60
0
100
AcDbText
1
475
10
1394648.47225073
20
359927.622167348
30
0.0
40
0.31111111111
41
1.0
50
0.0
51
0.0
7
Standard
11
1394648.47225073
21
359927.622167348
31
0.0
210
0.0
220
0.0
230
1.0
71
0
72
0
100
AcDbText
73
0
0
POINT
5
3D8
330
1C
100
AcDbEntity
67
0
8
0
62
256
6
ByLayer
370
-1
48
1.0
60
0
100
AcDbPoint
10
1394647.97600535
20
359925.888635239
30
0.0
39
0.0
210
0.0
220
0.0
230
1.0
50
360.0
0
TEXT
5
3D9
330
1C
100
AcDbEntity
67
0
8
0
62
7
6
ByLayer
370
-1
48
1.0
60
0
100
AcDbText
1
476
10
1394648.10513446
20
359926.163073699
30
0.0
40
0.31111111111
41
1.0
50
0.0
51
0.0
7
Standard
11
1394648.10513446
21
359926.163073699
31
0.0
210
0.0
220
0.0
230
1.0
71
0
72
0
100
AcDbText
73
0
0
POINT
5
3DA
330
1C
100
AcDbEntity
67
0
8
0
62
256
6
ByLayer
370
-1
48
1.0
60
0
100
AcDbPoint
10
1394646.92852651
20
359924.808581219
30
0.0
39
0.0
210
0.0
220
0.0
230
1.0
50
360.0
0
TEXT
5
3DB
330
1C
100
AcDbEntity
67
0
8
0
62
7
6
ByLayer
370
-1
48
1.0
60
0
100
AcDbText
1
477
10
1394647.05765562
20
359925.083019675
30
0.0
40
0.31111111111
41
1.0
50
0.0
51
0.0
7
Standard
11
1394647.05765562
21
359925.083019675
31
0.0
210
0.0
220
0.0
230
1.0
71
0
72
0
100
AcDbText
73
0
0
POINT
5
3DC
330
1C
100
AcDbEntity
67
0
8
0
62
256
6
ByLayer
370
-1
48
1.0
60
0
100
AcDbPoint
10
1394645.48135622
20
359924.396966423
30
0.0
39
0.0
210
0.0
220
0.0
230
1.0
50
360.0
0
TEXT
5
3DD
330
1C
100
AcDbEntity
67
0
8
0
62
7
6
ByLayer
370
-1
48
1.0
60
0
100
AcDbText
1
478
10
1394645.61048533
20
359924.671404878
30
0.0
40
0.31111111111
41
1.0
50
0.0
51
0.0
7
Standard
11
1394645.61048533
21
359924.671404878
31
0.0
210
0.0
220
0.0
230
1.0
71
0
72
0
100
AcDbText
73
0
0
POINT
5
3DE
330
1C
100
AcDbEntity
67
0
8
0
62
256
6
ByLayer
370
-1
48
1.0
60
0
100
AcDbPoint
10
1394644.02226259
20
359924.764082698
30
0.0
39
0.0
210
0.0
220
0.0
230
1.0
50
360.0
0
TEXT
5
3DF
330
1C
100
AcDbEntity
67
0
8
0
62
7
6
ByLayer
370
-1
48
1.0
60
0
100
AcDbText
1
479
10
1394644.15139169
20
359925.03852115
30
0.0
40
0.31111111111
41
1.0
50
0.0
51
0.0
7
Standard
11
1394644.15139169
21
359925.03852115
31
0.0
210
0.0
220
0.0
230
1.0
71
0
72
0
100
AcDbText
73
0
0
POINT
5
3E0
330
1C
100
AcDbEntity
67
0
8
0
62
256
6
ByLayer
370
-1
48
1.0
60
0
100
AcDbPoint
10
1394642.94220858
20
359925.81156153
30
0.0
39
0.0
210
0.0
220
0.0
230
1.0
50
360.0
0
TEXT
5
3E1
330
1C
100
AcDbEntity
67
0
8
0
62
7
6
ByLayer
370
-1
48
1.0
60
0
100
AcDbText
1
480
10
1394643.07133768
20
359926.085999979
30
0.0
40
0.31111111111
41
1.0
50
0.0
51
0.0
7
Standard
11
1394643.07133768
21
359926.085999979
31
0.0
210
0.0
220
0.0
230
1.0
71
0
72
0
100
AcDbText
73
0
0
POINT
5
3E2
330
1C
100
AcDbEntity
67
0
8
0
62
256
6
ByLayer
370
-1
48
1.0
60
0
100
AcDbPoint
10
1394712.69077059
20
359910.810144621
30
0.0
39
0.0
210
0.0
220
0.0
230
1.0
50
360.0
0
TEXT
5
3E3
330
1C
100
AcDbEntity
67
0
8
0
62
7
6
ByLayer
370
-1
48
1.0
60
0
100
AcDbText
1
481
10
1394712.81989972
20
359911.0845832
30
0.0
40
0.31111111111
41
1.0
50
0.0
51
0.0
7
Standard
11
1394712.81989972
21
359911.0845832
31
0.0
210
0.0
220
0.0
230
1.0
71
0
72
0
100
AcDbText
73
0
0
POINT
5
3E4
330
1C
100
AcDbEntity
67
0
8
0
62
256
6
ByLayer
370
-1
48
1.0
60
0
100
AcDbPoint
10
1394713.05788698
20
359912.269238496
30
0.0
39
0.0
210
0.0
220
0.0
230
1.0
50
360.0
0
TEXT
5
3E5
330
1C
100
AcDbEntity
67
0
8
0
62
7
6
ByLayer
370
-1
48
1.0
60
0
100
AcDbText
1
482
10
1394713.18701611
20
359912.543677071
30
0.0
40
0.31111111111
41
1.0
50
0.0
51
0.0
7
Standard
11
1394713.18701611
21
359912.543677071
31
0.0
210
0.0
220
0.0
230
1.0
71
0
72
0
100
AcDbText
73
0
0
POINT
5
3E6
330
1C
100
AcDbEntity
67
0
8
0
62
256
6
ByLayer
370
-1
48
1.0
60
0
100
AcDbPoint
10
1394714.10536604
20
359913.349292666
30
0.0
39
0.0
210
0.0
220
0.0
230
1.0
50
360.0
0
TEXT
5
3E7
330
1C
100
AcDbEntity
67
0
8
0
62
7
6
ByLayer
370
-1
48
1.0
60
0
100
AcDbText
1
483
10
1394714.23449516
20
359913.623731248
30
0.0
40
0.31111111111
41
1.0
50
0.0
51
0.0
7
Standard
11
1394714.23449516
21
359913.623731248
31
0.0
210
0.0
220
0.0
230
1.0
71
0
72
0
100
AcDbText
73
0
0
POINT
5
3E8
330
1C
100
AcDbEntity
67
0
8
0
62
256
6
ByLayer
370
-1
48
1.0
60
0
100
AcDbPoint
10
1394715.55253659
20
359913.760907492
30
0.0
39
0.0
210
0.0
220
0.0
230
1.0
50
360.0
0
TEXT
5
3E9
330
1C
100
AcDbEntity
67
0
8
0
62
7
6
ByLayer
370
-1
48
1.0
60
0
100
AcDbText
1
484
10
1394715.68166572
20
359914.035346075
30
0.0
40
0.31111111111
41
1.0
50
0.0
51
0.0
7
Standard
11
1394715.68166572
21
359914.035346075
31
0.0
210
0.0
220
0.0
230
1.0
71
0
72
0
100
AcDbText
73
0
0
POINT
5
3EA
330
1C
100
AcDbEntity
67
0
8
0
62
256
6
ByLayer
370
-1
48
1.0
60
0
100
AcDbPoint
10
1394717.01163048
20
359913.393791108
30
0.0
39
0.0
210
0.0
220
0.0
230
1.0
50
360.0
0
TEXT
5
3EB
330
1C
100
AcDbEntity
67
0
8
0
62
7
6
ByLayer
370
-1
48
1.0
60
0
100
AcDbText
1
485
10
1394717.14075961
20
359913.668229694
30
0.0
40
0.31111111111
41
1.0
50
0.0
51
0.0
7
Standard
11
1394717.14075961
21
359913.668229694
31
0.0
210
0.0
220
0.0
230
1.0
71
0
72
0
100
AcDbText
73
0
0
POINT
5
3EC
330
1C
100
AcDbEntity
67
0
8
0
62
256
6
ByLayer
370
-1
48
1.0
60
0
100
AcDbPoint
10
1394718.09168466
20
359912.346312045
30
0.0
39
0.0
210
0.0
220
0.0
230
1.0
50
360.0
0
TEXT
5
3ED
330
1C
100
AcDbEntity
67
0
8
0
62
7
6
ByLayer
370
-1
48
1.0
60
0
100
AcDbText
1
486
10
1394718.22081379
20
359912.620750632
30
0.0
40
0.31111111111
41
1.0
50
0.0
51
0.0
7
Standard
11
1394718.22081379
21
359912.620750632
31
0.0
210
0.0
220
0.0
230
1.0
71
0
72
0
100
AcDbText
73
0
0
POINT
5
3EE
330
1C
100
AcDbEntity
67
0
8
0
62
256
6
ByLayer
370
-1
48
1.0
60
0
100
AcDbPoint
10
1394718.50329949
20
359910.899141472
30
0.0
39
0.0
210
0.0
220
0.0
230
1.0
50
360.0
0
TEXT
5
3EF
330
1C
100
AcDbEntity
67
0
8
0
62
7
6
ByLayer
370
-1
48
1.0
60
0
100
AcDbText
1
487
10
1394718.63242862
20
359911.173580057
30
0.0
40
0.31111111111
41
1.0
50
0.0
51
0.0
7
Standard
11
1394718.63242862
21
359911.173580057
31
0.0
210
0.0
220
0.0
230
1.0
71
0
72
0
100
AcDbText
73
0
0
POINT
5
3F0
330
1C
100
AcDbEntity
67
0
8
0
62
256
6
ByLayer
370
-1
48
1.0
60
0
100
AcDbPoint
10
1394718.13618309
20
359909.440047576
30
0.0
39
0.0
210
0.0
220
0.0
230
1.0
50
360.0
0
TEXT
5
3F1
330
1C
100
AcDbEntity
67
0
8
0
62
7
6
ByLayer
370
-1
48
1.0
60
0
100
AcDbText
1
488
10
1394718.26531222
20
359909.714486164
30
0.0
40
0.31111111111
41
1.0
50
0.0
51
0.0
7
Standard
11
1394718.26531222
21
359909.714486164
31
0.0
210
0.0
220
0.0
230
1.0
71
0
72
0
100
AcDbText
73
0
0
POINT
5
3F2
330
1C
100
AcDbEntity
67
0
8
0
62
256
6
ByLayer
370
-1
48
1.0
60
0
100
AcDbPoint
10
1394717.08870401
20
359908.359993408
30
0.0
39
0.0
210
0.0
220
0.0
230
1.0
50
360.0
0
TEXT
5
3F3
330
1C
100
AcDbEntity
67
0
8
0
62
7
6
ByLayer
370
-1
48
1.0
60
0
100
AcDbText
1
489
10
1394717.21783315
20
359908.634431991
30
0.0
40
0.31111111111
41
1.0
50
0.0
51
0.0
7
Standard
11
1394717.21783315
21
359908.634431991
31
0.0
210
0.0
220
0.0
230
1.0
71
0
72
0
100
AcDbText
73
0
0
POINT
5
3F4
330
1C
100
AcDbEntity
67
0
8
0
62
256
6
ByLayer
370
-1
48
1.0
60
0
100
AcDbPoint
10
1394715.64153344
20
359907.948378596
30
0.0
39
0.0
210
0.0
220
0.0
230
1.0
50
360.0
0
TEXT
5
3F5
330
1C
100
AcDbEntity
67
0
8
0
62
7
6
ByLayer
370
-1
48
1.0
60
0
100
AcDbText
1
490
10
1394715.77066258
20
359908.222817179
30
0.0
40
0.31111111111
41
1.0
50
0.0
51
0.0
7
Standard
11
1394715.77066258
21
359908.222817179
31
0.0
210
0.0
220
0.0
230
1.0
71
0
72
0
100
AcDbText
73
0
0
POINT
5
3F6
330
1C
100
AcDbEntity
67
0
8
0
62
256
6
ByLayer
370
-1
48
1.0
60
0
100
AcDbPoint
10
1394714.18243956
20
359908.315495
30
0.0
39
0.0
210
0.0
220
0.0
230
1.0
50
360.0
0
TEXT
5
3F7
330
1C
100
AcDbEntity
67
0
8
0
62
7
6
ByLayer
370
-1
48
1.0
60
0
100
AcDbText
1
491
10
1394714.3115687
20
359908.58993358
30
0.0
40
0.31111111111
41
1.0
50
0.0
51
0.0
7
Standard
11
1394714.3115687
21
359908.58993358
31
0.0
210
0.0
220
0.0
230
1.0
71
0
72
0
100
AcDbText
73
0
0
POINT
5
3F8
330
1C
100
AcDbEntity
67
0
8
0
62
256
6
ByLayer
370
-1
48
1.0
60
0
100
AcDbPoint
10
1394713.1023854
20
359909.362974064
30
0.0
39
0.0
210
0.0
220
0.0
230
1.0
50
360.0
0
TEXT
5
3F9
330
1C
100
AcDbEntity
67
0
8
0
62
7
6
ByLayer
370
-1
48
1.0
60
0
100
AcDbText
1
492
10
1394713.23151454
20
359909.637412642
30
0.0
40
0.31111111111
41
1.0
50
0.0
51
0.0
7
Standard
11
1394713.23151454
21
359909.637412642
31
0.0
210
0.0
220
0.0
230
1.0
71
0
72
0
100
AcDbText
73
0
0
POINT
5
3FA
330
1C
100
AcDbEntity
67
0
8
0
62
256
6
ByLayer
370
-1
48
1.0
60
0
100
AcDbPoint
10
1394707.07169433
20
359884.17568783
30
0.0
39
0.0
210
0.0
220
0.0
230
1.0
50
360.0
0
TEXT
5
3FB
330
1C
100
AcDbEntity
67
0
8
0
62
7
6
ByLayer
370
-1
48
1.0
60
0
100
AcDbText
1
493
10
1394707.2008235
20
359884.450126398
30
0.0
40
0.31111111111
41
1.0
50
0.0
51
0.0
7
Standard
11
1394707.2008235
21
359884.450126398
31
0.0
210
0.0
220
0.0
230
1.0
71
0
72
0
100
AcDbText
73
0
0
POINT
5
3FC
330
1C
100
AcDbEntity
67
0
8
0
62
256
6
ByLayer
370
-1
48
1.0
60
0
100
AcDbPoint
10
1394707.43881081
20
359885.634781657
30
0.0
39
0.0
210
0.0
220
0.0
230
1.0
50
360.0
0
TEXT
5
3FD
330
1C
100
AcDbEntity
67
0
8
0
62
7
6
ByLayer
370
-1
48
1.0
60
0
100
AcDbText
1
494
10
1394707.56793999
20
359885.909220224
30
0.0
40
0.31111111111
41
1.0
50
0.0
51
0.0
7
Standard
11
1394707.56793999
21
359885.909220224
31
0.0
210
0.0
220
0.0
230
1.0
71
0
72
0
100
AcDbText
73
0
0
POINT
5
3FE
330
1C
100
AcDbEntity
67
0
8
0
62
256
6
ByLayer
370
-1
48
1.0
60
0
100
AcDbPoint
10
1394708.48628992
20
359886.714835742
30
0.0
39
0.0
210
0.0
220
0.0
230
1.0
50
360.0
0
TEXT
5
3FF
330
1C
100
AcDbEntity
67
0
8
0
62
7
6
ByLayer
370
-1
48
1.0
60
0
100
AcDbText
1
495
10
1394708.6154191
20
359886.989274313
30
0.0
40
0.31111111111
41
1.0
50
0.0
51
0.0
7
Standard
11
1394708.6154191
21
359886.989274313
31
0.0
210
0.0
220
0.0
230
1.0
71
0
72
0
100
AcDbText
73
0
0
POINT
5
400
330
1C
100
AcDbEntity
67
0
8
0
62
256
6
ByLayer
370
-1
48
1.0
60
0
100
AcDbPoint
10
1394709.93346049
20
359887.126450464
30
0.0
39
0.0
210
0.0
220
0.0
230
1.0
50
360.0
0
TEXT
5
401
330
1C
100
AcDbEntity
67
0
8
0
62
7
6
ByLayer
370
-1
48
1.0
60
0
100
AcDbText
1
496
10
1394710.06258966
20
359887.400889035
30
0.0
40
0.31111111111
41
1.0
50
0.0
51
0.0
7
Standard
11
1394710.06258966
21
359887.400889035
31
0.0
210
0.0
220
0.0
230
1.0
71
0
72
0
100
AcDbText
73
0
0
POINT
5
402
330
1C
100
AcDbEntity
67
0
8
0
62
256
6
ByLayer
370
-1
48
1.0
60
0
100
AcDbPoint
10
1394711.39255433
20
359886.759333984
30
0.0
39
0.0
210
0.0
220
0.0
230
1.0
50
360.0
0
TEXT
5
403
330
1C
100
AcDbEntity
67
0
8
0
62
7
6
ByLayer
370
-1
48
1.0
60
0
100
AcDbText
1
497
10
1394711.52168351
20
359887.033772561
30
0.0
40
0.31111111111
41
1.0
50
0.0
51
0.0
7
Standard
11
1394711.52168351
21
359887.033772561
31
0.0
210
0.0
220
0.0
230
1.0
71
0
72
0
100
AcDbText
73
0
0
POINT
5
404
330
1C
100
AcDbEntity
67
0
8
0
62
256
6
ByLayer
370
-1
48
1.0
60
0
100
AcDbPoint
10
1394712.47260843
20
359885.711854861
30
0.0
39
0.0
210
0.0
220
0.0
230
1.0
50
360.0
0
TEXT
5
405
330
1C
100
AcDbEntity
67
0
8
0
62
7
6
ByLayer
370
-1
48
1.0
60
0
100
AcDbText
1
498
10
1394712.6017376
20
359885.986293438
30
0.0
40
0.31111111111
41
1.0
50
0.0
51
0.0
7
Standard
11
1394712.6017376
21
359885.986293438
31
0.0
210
0.0
220
0.0
230
1.0
71
0
72
0
100
AcDbText
73
0
0
POINT
5
406
330
1C
100
AcDbEntity
67
0
8
0
62
256
6
ByLayer
370
-1
48
1.0
60
0
100
AcDbPoint
10
1394712.88422315
20
359884.26468428
30
0.0
39
0.0
210
0.0
220
0.0
230
1.0
50
360.0
0
TEXT
5
407
330
1C
100
AcDbEntity
67
0
8
0
62
7
6
ByLayer
370
-1
48
1.0
60
0
100
AcDbText
1
499
10
1394713.01335232
20
359884.539122858
30
0.0
40
0.31111111111
41
1.0
50
0.0
51
0.0
7
Standard
11
1394713.01335232
21
359884.539122858
31
0.0
210
0.0
220
0.0
230
1.0
71
0
72
0
100
AcDbText
73
0
0
POINT
5
408
330
1C
100
AcDbEntity
67
0
8
0
62
256
6
ByLayer
370
-1
48
1.0
60
0
100
AcDbPoint
10
1394712.51710665
20
359882.805590432
30
0.0
39
0.0
210
0.0
220
0.0
230
1.0
50
360.0
0
TEXT
5
409
330
1C
100
AcDbEntity
67
0
8
0
62
7
6
ByLayer
370
-1
48
1.0
60
0
100
AcDbText
1
500
10
1394712.64623583
20
359883.08002901
30
0.0
40
0.31111111111
41
1.0
50
0.0
51
0.0
7
Standard
11
1394712.64623583
21
359883.08002901
31
0.0
210
0.0
220
0.0
230
1.0
71
0
72
0
100
AcDbText
73
0
0
POINT
5
40A
330
1C
100
AcDbEntity
67
0
8
0
62
256
6
ByLayer
370
-1
48
1.0
60
0
100
AcDbPoint
10
1394711.46962752
20
359881.725536351
30
0.0
39
0.0
210
0.0
220
0.0
230
1.0
50
360.0
0
TEXT
5
40B
330
1C
100
AcDbEntity
67
0
8
0
62
7
6
ByLayer
370
-1
48
1.0
60
0
100
AcDbText
1
501
10
1394711.5987567
20
359881.999974925
30
0.0
40
0.31111111111
41
1.0
50
0.0
51
0.0
7
Standard
11
1394711.5987567
21
359881.999974925
31
0.0
210
0.0
220
0.0
230
1.0
71
0
72
0
100
AcDbText
73
0
0
POINT
5
40C
330
1C
100
AcDbEntity
67
0
8
0
62
256
6
ByLayer
370
-1
48
1.0
60
0
100
AcDbPoint
10
1394710.02245694
20
359881.313921645
30
0.0
39
0.0
210
0.0
220
0.0
230
1.0
50
360.0
0
TEXT
5
40D
330
1C
100
AcDbEntity
67
0
8
0
62
7
6
ByLayer
370
-1
48
1.0
60
0
100
AcDbText
1
502
10
1394710.15158612
20
359881.588360215
30
0.0
40
0.31111111111
41
1.0
50
0.0
51
0.0
7
Standard
11
1394710.15158612
21
359881.588360215
31
0.0
210
0.0
220
0.0
230
1.0
71
0
72
0
100
AcDbText
73
0
0
POINT
5
40E
330
1C
100
AcDbEntity
67
0
8
0
62
256
6
ByLayer
370
-1
48
1.0
60
0
100
AcDbPoint
10
1394708.56336311
20
359881.681038142
30
0.0
39
0.0
210
0.0
220
0.0
230
1.0
50
360.0
0
TEXT
5
40F
330
1C
100
AcDbEntity
67
0
8
0
62
7
6
ByLayer
370
-1
48
1.0
60
0
100
AcDbText
1
503
10
1394708.6924923
20
359881.955476712
30
0.0
40
0.31111111111
41
1.0
50
0.0
51
0.0
7
Standard
11
1394708.6924923
21
359881.955476712
31
0.0
210
0.0
220
0.0
230
1.0
71
0
72
0
100
AcDbText
73
0
0
POINT
5
410
330
1C
100
AcDbEntity
67
0
8
0
62
256
6
ByLayer
370
-1
48
1.0
60
0
100
AcDbPoint
10
1394707.48330903
20
359882.728517264
30
0.0
39
0.0
210
0.0
220
0.0
230
1.0
50
360.0
0
TEXT
5
411
330
1C
100
AcDbEntity
67
0
8
0
62
7
6
ByLayer
370
-1
48
1.0
60
0
100
AcDbText
1
504
10
1394707.61243822
20
359883.002955835
30
0.0
40
0.31111111111
41
1.0
50
0.0
51
0.0
7
Standard
11
1394707.61243822
21
359883.002955835
31
0.0
210
0.0
220
0.0
230
1.0
71
0
72
0
100
AcDbText
73
0
0
POINT
5
412
330
1C
100
AcDbEntity
67
0
8
0
62
256
6
ByLayer
370
-1
48
1.0
60
0
100
AcDbPoint
10
1394663.48617495
20
359878.82139835
30
0.0
39
0.0
210
0.0
220
0.0
230
1.0
50
360.0
0
TEXT
5
413
330
1C
100
AcDbEntity
67
0
8
0
62
7
6
ByLayer
370
-1
48
1.0
60
0
100
AcDbText
1
505
10
1394663.61530414
20
359879.09583684
30
0.0
40
0.31111111111
41
1.0
50
0.0
51
0.0
7
Standard
11
1394663.61530414
21
359879.09583684
31
0.0
210
0.0
220
0.0
230
1.0
71
0
72
0
100
AcDbText
73
0
0
POINT
5
414
330
1C
100
AcDbEntity
67
0
8
0
62
256
6
ByLayer
370
-1
48
1.0
60
0
100
AcDbPoint
10
1394663.85329142
20
359880.280492007
30
0.0
39
0.0
210
0.0
220
0.0
230
1.0
50
360.0
0
TEXT
5
415
330
1C
100
AcDbEntity
67
0
8
0
62
7
6
ByLayer
370
-1
48
1.0
60
0
100
AcDbText
1
506
10
1394663.98242061
20
359880.554930497
30
0.0
40
0.31111111111
41
1.0
50
0.0
51
0.0
7
Standard
11
1394663.98242061
21
359880.554930497
31
0.0
210
0.0
220
0.0
230
1.0
71
0
72
0
100
AcDbText
73
0
0
POINT
5
416
330
1C
100
AcDbEntity
67
0
8
0
62
256
6
ByLayer
370
-1
48
1.0
60
0
100
AcDbPoint
10
1394664.90077043
20
359881.360545956
30
0.0
39
0.0
210
0.0
220
0.0
230
1.0
50
360.0
0
TEXT
5
417
330
1C
100
AcDbEntity
67
0
8
0
62
7
6
ByLayer
370
-1
48
1.0
60
0
100
AcDbText
1
507
10
1394665.02989961
20
359881.634984448
30
0.0
40
0.31111111111
41
1.0
50
0.0
51
0.0
7
Standard
11
1394665.02989961
21
359881.634984448
31
0.0
210
0.0
220
0.0
230
1.0
71
0
72
0
100
AcDbText
73
0
0
POINT
5
418
330
1C
100
AcDbEntity
67
0
8
0
62
256
6
ByLayer
370
-1
48
1.0
60
0
100
AcDbPoint
10
1394666.34794084
20
359881.772160614
30
0.0
39
0.0
210
0.0
220
0.0
230
1.0
50
360.0
0
TEXT
5
419
330
1C
100
AcDbEntity
67
0
8
0
62
7
6
ByLayer
370
-1
48
1.0
60
0
100
AcDbText
1
508
10
1394666.47707002
20
359882.046599108
30
0.0
40
0.31111111111
41
1.0
50
0.0
51
0.0
7
Standard
11
1394666.47707002
21
359882.046599108
31
0.0
210
0.0
220
0.0
230
1.0
71
0
72
0
100
AcDbText
73
0
0
POINT
5
41A
330
1C
100
AcDbEntity
67
0
8
0
62
256
6
ByLayer
370
-1
48
1.0
60
0
100
AcDbPoint
10
1394667.80703451
20
359881.405044156
30
0.0
39
0.0
210
0.0
220
0.0
230
1.0
50
360.0
0
TEXT
5
41B
330
1C
100
AcDbEntity
67
0
8
0
62
7
6
ByLayer
370
-1
48
1.0
60
0
100
AcDbText
1
509
10
1394667.9361637
20
359881.679482653
30
0.0
40
0.31111111111
41
1.0
50
0.0
51
0.0
7
Standard
11
1394667.9361637
21
359881.679482653
31
0.0
210
0.0
220
0.0
230
1.0
71
0
72
0
100
AcDbText
73
0
0
POINT
5
41C
330
1C
100
AcDbEntity
67
0
8
0
62
256
6
ByLayer
370
-1
48
1.0
60
0
100
AcDbPoint
10
1394668.88708847
20
359880.357565134
30
0.0
39
0.0
210
0.0
220
0.0
230
1.0
50
360.0
0
TEXT
5
41D
330
1C
100
AcDbEntity
67
0
8
0
62
7
6
ByLayer
370
-1
48
1.0
60
0
100
AcDbText
1
510
10
1394669.01621766
20
359880.632003634
30
0.0
40
0.31111111111
41
1.0
50
0.0
51
0.0
7
Standard
11
1394669.01621766
21
359880.632003634
31
0.0
210
0.0
220
0.0
230
1.0
71
0
72
0
100
AcDbText
73
0
0
POINT
5
41E
330
1C
100
AcDbEntity
67
0
8
0
62
256
6
ByLayer
370
-1
48
1.0
60
0
100
AcDbPoint
10
1394669.29870313
20
359878.91039471
30
0.0
39
0.0
210
0.0
220
0.0
230
1.0
50
360.0
0
TEXT
5
41F
330
1C
100
AcDbEntity
67
0
8
0
62
7
6
ByLayer
370
-1
48
1.0
60
0
100
AcDbText
1
511
10
1394669.42783232
20
359879.184833208
30
0.0
40
0.31111111111
41
1.0
50
0.0
51
0.0
7
Standard
11
1394669.42783232
21
359879.184833208
31
0.0
210
0.0
220
0.0
230
1.0
71
0
72
0
100
AcDbText
73
0
0
POINT
5
420
330
1C
100
AcDbEntity
67
0
8
0
62
256
6
ByLayer
370
-1
48
1.0
60
0
100
AcDbPoint
10
1394668.93158665
20
359877.45130103
30
0.0
39
0.0
210
0.0
220
0.0
230
1.0
50
360.0
0
TEXT
5
421
330
1C
100
AcDbEntity
67
0
8
0
62
7
6
ByLayer
370
-1
48
1.0
60
0
100
AcDbText
1
512
10
1394669.06071584
20
359877.725739533
30
0.0
40
0.31111111111
41
1.0
50
0.0
51
0.0
7
Standard
11
1394669.06071584
21
359877.725739533
31
0.0
210
0.0
220
0.0
230
1.0
71
0
72
0
100
AcDbText
73
0
0
POINT
5
422
330
1C
100
AcDbEntity
67
0
8
0
62
256
6
ByLayer
370
-1
48
1.0
60
0
100
AcDbPoint
10
1394667.88410762
20
359876.371247083
30
0.0
39
0.0
210
0.0
220
0.0
230
1.0
50
360.0
0
TEXT
5
423
330
1C
100
AcDbEntity
67
0
8
0
62
7
6
ByLayer
370
-1
48
1.0
60
0
100
AcDbText
1
513
10
1394668.01323681
20
359876.645685577
30
0.0
40
0.31111111111
41
1.0
50
0.0
51
0.0
7
Standard
11
1394668.01323681
21
359876.645685577
31
0.0
210
0.0
220
0.0
230
1.0
71
0
72
0
100
AcDbText
73
0
0
POINT
5
424
330
1C
100
AcDbEntity
67
0
8
0
62
256
6
ByLayer
370
-1
48
1.0
60
0
100
AcDbPoint
10
1394666.4369372
20
359875.959632446
30
0.0
39
0.0
210
0.0
220
0.0
230
1.0
50
360.0
0
TEXT
5
425
330
1C
100
AcDbEntity
67
0
8
0
62
7
6
ByLayer
370
-1
48
1.0
60
0
100
AcDbText
1
514
10
1394666.5660664
20
359876.234070937
30
0.0
40
0.31111111111
41
1.0
50
0.0
51
0.0
7
Standard
11
1394666.5660664
21
359876.234070937
31
0.0
210
0.0
220
0.0
230
1.0
71
0
72
0
100
AcDbText
73
0
0
POINT
5
426
330
1C
100
AcDbEntity
67
0
8
0
62
256
6
ByLayer
370
-1
48
1.0
60
0
100
AcDbPoint
10
1394664.97784353
20
359876.326748921
30
0.0
39
0.0
210
0.0
220
0.0
230
1.0
50
360.0
0
TEXT
5
427
330
1C
100
AcDbEntity
67
0
8
0
62
7
6
ByLayer
370
-1
48
1.0
60
0
100
AcDbText
1
515
10
1394665.10697273
20
359876.601187411
30
0.0
40
0.31111111111
41
1.0
50
0.0
51
0.0
7
Standard
11
1394665.10697273
21
359876.601187411
31
0.0
210
0.0
220
0.0
230
1.0
71
0
72
0
100
AcDbText
73
0
0
POINT
5
428
330
1C
100
AcDbEntity
67
0
8
0
62
256
6
ByLayer
370
-1
48
1.0
60
0
100
AcDbPoint
10
1394663.8977896
20
359877.374227942
30
0.0
39
0.0
210
0.0
220
0.0
230
1.0
50
360.0
0
TEXT
5
429
330
1C
100
AcDbEntity
67
0
8
0
62
7
6
ByLayer
370
-1
48
1.0
60
0
100
AcDbText
1
516
10
1394664.02691879
20
359877.648666431
30
0.0
40
0.31111111111
41
1.0
50
0.0
51
0.0
7
Standard
11
1394664.02691879
21
359877.648666431
31
0.0
210
0.0
220
0.0
230
1.0
71
0
72
0
100
AcDbText
73
0
0
POINT
5
42A
330
1C
100
AcDbEntity
67
0
8
0
62
256
6
ByLayer
370
-1
48
1.0
60
0
100
AcDbPoint
10
1394701.38404053
20
359867.987698481
30
0.0
39
0.0
210
0.0
220
0.0
230
1.0
50
360.0
0
TEXT
5
42B
330
1C
100
AcDbEntity
67
0
8
0
62
7
6
ByLayer
370
-1
48
1.0
60
0
100
AcDbText
1
517
10
1394701.51316974
20
359868.262137041
30
0.0
40
0.31111111111
41
1.0
50
0.0
51
0.0
7
Standard
11
1394701.51316974
21
359868.262137041
31
0.0
210
0.0
220
0.0
230
1.0
71
0
72
0
100
AcDbText
73
0
0
POINT
5
42C
330
1C
100
AcDbEntity
67
0
8
0
62
256
6
ByLayer
370
-1
48
1.0
60
0
100
AcDbPoint
10
1394701.75115707
20
359869.446792273
30
0.0
39
0.0
210
0.0
220
0.0
230
1.0
50
360.0
0
TEXT
5
42D
330
1C
100
AcDbEntity
67
0
8
0
62
7
6
ByLayer
370
-1
48
1.0
60
0
100
AcDbText
1
518
10
1394701.88028627
20
359869.721230834
30
0.0
40
0.31111111111
41
1.0
50
0.0
51
0.0
7
Standard
11
1394701.88028627
21
359869.721230834
31
0.0
210
0.0
220
0.0
230
1.0
71
0
72
0
100
AcDbText
73
0
0
POINT
5
42E
330
1C
100
AcDbEntity
67
0
8
0
62
256
6
ByLayer
370
-1
48
1.0
60
0
100
AcDbPoint
10
1394702.79863621
20
359870.526846296
30
0.0
39
0.0
210
0.0
220
0.0
230
1.0
50
360.0
0
TEXT
5
42F
330
1C
100
AcDbEntity
67
0
8
0
62
7
6
ByLayer
370
-1
48
1.0
60
0
100
AcDbText
1
519
10
1394702.92776541
20
359870.80128486
30
0.0
40
0.31111111111
41
1.0
50
0.0
51
0.0
7
Standard
11
1394702.92776541
21
359870.80128486
31
0.0
210
0.0
220
0.0
230
1.0
71
0
72
0
100
AcDbText
73
0
0
POINT
5
430
330
1C
100
AcDbEntity
67
0
8
0
62
256
6
ByLayer
370
-1
48
1.0
60
0
100
AcDbPoint
10
1394704.24580677
20
359870.938460955
30
0.0
39
0.0
210
0.0
220
0.0
230
1.0
50
360.0
0
TEXT
5
431
330
1C
100
AcDbEntity
67
0
8
0
62
7
6
ByLayer
370
-1
48
1.0
60
0
100
AcDbText
1
520
10
1394704.37493598
20
359871.212899518
30
0.0
40
0.31111111111
41
1.0
50
0.0
51
0.0
7
Standard
11
1394704.37493598
21
359871.212899518
31
0.0
210
0.0
220
0.0
230
1.0
71
0
72
0
100
AcDbText
73
0
0
POINT
5
432
330
1C
100
AcDbEntity
67
0
8
0
62
256
6
ByLayer
370
-1
48
1.0
60
0
100
AcDbPoint
10
1394705.70490058
20
359870.57134442
30
0.0
39
0.0
210
0.0
220
0.0
230
1.0
50
360.0
0
TEXT
5
433
330
1C
100
AcDbEntity
67
0
8
0
62
7
6
ByLayer
370
-1
48
1.0
60
0
100
AcDbText
1
521
10
1394705.83402978
20
359870.845782985
30
0.0
40
0.31111111111
41
1.0
50
0.0
51
0.0
7
Standard
11
1394705.83402978
21
359870.845782985
31
0.0
210
0.0
220
0.0
230
1.0
71
0
72
0
100
AcDbText
73
0
0
POINT
5
434
330
1C
100
AcDbEntity
67
0
8
0
62
256
6
ByLayer
370
-1
48
1.0
60
0
100
AcDbPoint
10
1394706.78495461
20
359869.523865268
30
0.0
39
0.0
210
0.0
220
0.0
230
1.0
50
360.0
0
TEXT
5
435
330
1C
100
AcDbEntity
67
0
8
0
62
7
6
ByLayer
370
-1
48
1.0
60
0
100
AcDbText
1
522
10
1394706.91408382
20
359869.798303835
30
0.0
40
0.31111111111
41
1.0
50
0.0
51
0.0
7
Standard
11
1394706.91408382
21
359869.798303835
31
0.0
210
0.0
220
0.0
230
1.0
71
0
72
0
100
AcDbText
73
0
0
POINT
5
436
330
1C
100
AcDbEntity
67
0
8
0
62
256
6
ByLayer
370
-1
48
1.0
60
0
100
AcDbPoint
10
1394707.19656927
20
359868.076694688
30
0.0
39
0.0
210
0.0
220
0.0
230
1.0
50
360.0
0
TEXT
5
437
330
1C
100
AcDbEntity
67
0
8
0
62
7
6
ByLayer
370
-1
48
1.0
60
0
100
AcDbText
1
523
10
1394707.32569847
20
359868.351133258
30
0.0
40
0.31111111111
41
1.0
50
0.0
51
0.0
7
Standard
11
1394707.32569847
21
359868.351133258
31
0.0
210
0.0
220
0.0
230
1.0
71
0
72
0
100
AcDbText
73
0
0
POINT
5
438
330
1C
100
AcDbEntity
67
0
8
0
62
256
6
ByLayer
370
-1
48
1.0
60
0
100
AcDbPoint
10
1394706.82945272
20
359866.61760088
30
0.0
39
0.0
210
0.0
220
0.0
230
1.0
50
360.0
0
TEXT
5
439
330
1C
100
AcDbEntity
67
0
8
0
62
7
6
ByLayer
370
-1
48
1.0
60
0
100
AcDbText
1
524
10
1394706.95858193
20
359866.892039448
30
0.0
40
0.31111111111
41
1.0
50
0.0
51
0.0
7
Standard
11
1394706.95858193
21
359866.892039448
31
0.0
210
0.0
220
0.0
230
1.0
71
0
72
0
100
AcDbText
73
0
0
POINT
5
43A
330
1C
100
AcDbEntity
67
0
8
0
62
256
6
ByLayer
370
-1
48
1.0
60
0
100
AcDbPoint
10
1394705.78197356
20
359865.537546853
30
0.0
39
0.0
210
0.0
220
0.0
230
1.0
50
360.0
0
TEXT
5
43B
330
1C
100
AcDbEntity
67
0
8
0
62
7
6
ByLayer
370
-1
48
1.0
60
0
100
AcDbText
1
525
10
1394705.91110277
20
359865.811985418
30
0.0
40
0.31111111111
41
1.0
50
0.0
51
0.0
7
Standard
11
1394705.91110277
21
359865.811985418
31
0.0
210
0.0
220
0.0
230
1.0
71
0
72
0
100
AcDbText
73
0
0
POINT
5
43C
330
1C
100
AcDbEntity
67
0
8
0
62
256
6
ByLayer
370
-1
48
1.0
60
0
100
AcDbPoint
10
1394704.33480298
20
359865.125932216
30
0.0
39
0.0
210
0.0
220
0.0
230
1.0
50
360.0
0
TEXT
5
43D
330
1C
100
AcDbEntity
67
0
8
0
62
7
6
ByLayer
370
-1
48
1.0
60
0
100
AcDbText
1
526
10
1394704.46393219
20
359865.400370779
30
0.0
40
0.31111111111
41
1.0
50
0.0
51
0.0
7
Standard
11
1394704.46393219
21
359865.400370779
31
0.0
210
0.0
220
0.0
230
1.0
71
0
72
0
100
AcDbText
73
0
0
POINT
5
43E
330
1C
100
AcDbEntity
67
0
8
0
62
256
6
ByLayer
370
-1
48
1.0
60
0
100
AcDbPoint
10
1394702.87570918
20
359865.493048769
30
0.0
39
0.0
210
0.0
220
0.0
230
1.0
50
360.0
0
TEXT
5
43F
330
1C
100
AcDbEntity
67
0
8
0
62
7
6
ByLayer
370
-1
48
1.0
60
0
100
AcDbText
1
527
10
1394703.0048384
20
359865.767487329
30
0.0
40
0.31111111111
41
1.0
50
0.0
51
0.0
7
Standard
11
1394703.0048384
21
359865.767487329
31
0.0
210
0.0
220
0.0
230
1.0
71
0
72
0
100
AcDbText
73
0
0
POINT
5
440
330
1C
100
AcDbEntity
67
0
8
0
62
256
6
ByLayer
370
-1
48
1.0
60
0
100
AcDbPoint
10
1394701.79565517
20
359866.540527923
30
0.0
39
0.0
210
0.0
220
0.0
230
1.0
50
360.0
0
TEXT
5
441
330
1C
100
AcDbEntity
67
0
8
0
62
7
6
ByLayer
370
-1
48
1.0
60
0
100
AcDbText
1
528
10
1394701.92478438
20
359866.814966481
30
0.0
40
0.31111111111
41
1.0
50
0.0
51
0.0
7
Standard
11
1394701.92478438
21
359866.814966481
31
0.0
210
0.0
220
0.0
230
1.0
71
0
72
0
100
AcDbText
73
0
0
POINT
5
442
330
1C
100
AcDbEntity
67
0
8
0
62
256
6
ByLayer
370
-1
48
1.0
60
0
100
AcDbPoint
10
1394720.2239277
20
359940.05212213
30
0.0
39
0.0
210
0.0
220
0.0
230
1.0
50
360.0
0
TEXT
5
443
330
1C
100
AcDbEntity
67
0
8
0
62
7
6
ByLayer
370
-1
48
1.0
60
0
100
AcDbText
1
529
10
1394720.35305677
20
359940.326560723
30
0.0
40
0.31111111111
41
1.0
50
0.0
51
0.0
7
Standard
11
1394720.35305677
21
359940.326560723
31
0.0
210
0.0
220
0.0
230
1.0
71
0
72
0
100
AcDbText
73
0
0
POINT
5
444
330
1C
100
AcDbEntity
67
0
8
0
62
256
6
ByLayer
370
-1
48
1.0
60
0
100
AcDbPoint
10
1394720.59104398
20
359941.511216059
30
0.0
39
0.0
210
0.0
220
0.0
230
1.0
50
360.0
0
TEXT
5
445
330
1C
100
AcDbEntity
67
0
8
0
62
7
6
ByLayer
370
-1
48
1.0
60
0
100
AcDbText
1
530
10
1394720.72017306
20
359941.785654652
30
0.0
40
0.31111111111
41
1.0
50
0.0
51
0.0
7
Standard
11
1394720.72017306
21
359941.785654652
31
0.0
210
0.0
220
0.0
230
1.0
71
0
72
0
100
AcDbText
73
0
0
POINT
5
446
330
1C
100
AcDbEntity
67
0
8
0
62
256
6
ByLayer
370
-1
48
1.0
60
0
100
AcDbPoint
10
1394721.63852298
20
359942.591270332
30
0.0
39
0.0
210
0.0
220
0.0
230
1.0
50
360.0
0
TEXT
5
447
330
1C
100
AcDbEntity
67
0
8
0
62
7
6
ByLayer
370
-1
48
1.0
60
0
100
AcDbText
1
531
10
1394721.76765205
20
359942.865708927
30
0.0
40
0.31111111111
41
1.0
50
0.0
51
0.0
7
Standard
11
1394721.76765205
21
359942.865708927
31
0.0
210
0.0
220
0.0
230
1.0
71
0
72
0
100
AcDbText
73
0
0
POINT
5
448
330
1C
100
AcDbEntity
67
0
8
0
62
256
6
ByLayer
370
-1
48
1.0
60
0
100
AcDbPoint
10
1394723.08569354
20
359943.002885276
30
0.0
39
0.0
210
0.0
220
0.0
230
1.0
50
360.0
0
TEXT
5
449
330
1C
100
AcDbEntity
67
0
8
0
62
7
6
ByLayer
370
-1
48
1.0
60
0
100
AcDbText
1
532
10
1394723.2148226
20
359943.27732387
30
0.0
40
0.31111111111
41
1.0
50
0.0
51
0.0
7
Standard
11
1394723.2148226
21
359943.27732387
31
0.0
210
0.0
220
0.0
230
1.0
71
0
72
0
100
AcDbText
73
0
0
POINT
5
44A
330
1C
100
AcDbEntity
67
0
8
0
62
256
6
ByLayer
370
-1
48
1.0
60
0
100
AcDbPoint
10
1394724.54478748
20
359942.635768993
30
0.0
39
0.0
210
0.0
220
0.0
230
1.0
50
360.0
0
TEXT
5
44B
330
1C
100
AcDbEntity
67
0
8
0
62
7
6
ByLayer
370
-1
48
1.0
60
0
100
AcDbText
1
533
10
1394724.67391655
20
359942.910207591
30
0.0
40
0.31111111111
41
1.0
50
0.0
51
0.0
7
Standard
11
1394724.67391655
21
359942.910207591
31
0.0
210
0.0
220
0.0
230
1.0
71
0
72
0
100
AcDbText
73
0
0
POINT
5
44C
330
1C
100
AcDbEntity
67
0
8
0
62
256
6
ByLayer
370
-1
48
1.0
60
0
100
AcDbPoint
10
1394725.62484176
20
359941.588289987
30
0.0
39
0.0
210
0.0
220
0.0
230
1.0
50
360.0
0
TEXT
5
44D
330
1C
100
AcDbEntity
67
0
8
0
62
7
6
ByLayer
370
-1
48
1.0
60
0
100
AcDbText
1
534
10
1394725.75397083
20
359941.86272859
30
0.0
40
0.31111111111
41
1.0
50
0.0
51
0.0
7
Standard
11
1394725.75397083
21
359941.86272859
31
0.0
210
0.0
220
0.0
230
1.0
71
0
72
0
100
AcDbText
73
0
0
POINT
5
44E
330
1C
100
AcDbEntity
67
0
8
0
62
256
6
ByLayer
370
-1
48
1.0
60
0
100
AcDbPoint
10
1394726.0364567
20
359940.141119414
30
0.0
39
0.0
210
0.0
220
0.0
230
1.0
50
360.0
0
TEXT
5
44F
330
1C
100
AcDbEntity
67
0
8
0
62
7
6
ByLayer
370
-1
48
1.0
60
0
100
AcDbText
1
535
10
1394726.16558577
20
359940.415558017
30
0.0
40
0.31111111111
41
1.0
50
0.0
51
0.0
7
Standard
11
1394726.16558577
21
359940.415558017
31
0.0
210
0.0
220
0.0
230
1.0
71
0
72
0
100
AcDbText
73
0
0
POINT
5
450
330
1C
100
AcDbEntity
67
0
8
0
62
256
6
ByLayer
370
-1
48
1.0
60
0
100
AcDbPoint
10
1394725.6693404
20
359938.682025467
30
0.0
39
0.0
210
0.0
220
0.0
230
1.0
50
360.0
0
TEXT
5
451
330
1C
100
AcDbEntity
67
0
8
0
62
7
6
ByLayer
370
-1
48
1.0
60
0
100
AcDbText
1
536
10
1394725.79846948
20
359938.95646407
30
0.0
40
0.31111111111
41
1.0
50
0.0
51
0.0
7
Standard
11
1394725.79846948
21
359938.95646407
31
0.0
210
0.0
220
0.0
230
1.0
71
0
72
0
100
AcDbText
73
0
0
POINT
5
452
330
1C
100
AcDbEntity
67
0
8
0
62
256
6
ByLayer
370
-1
48
1.0
60
0
100
AcDbPoint
10
1394724.62186139
20
359937.601971196
30
0.0
39
0.0
210
0.0
220
0.0
230
1.0
50
360.0
0
TEXT
5
453
330
1C
100
AcDbEntity
67
0
8
0
62
7
6
ByLayer
370
-1
48
1.0
60
0
100
AcDbText
1
537
10
1394724.75099047
20
359937.876409794
30
0.0
40
0.31111111111
41
1.0
50
0.0
51
0.0
7
Standard
11
1394724.75099047
21
359937.876409794
31
0.0
210
0.0
220
0.0
230
1.0
71
0
72
0
100
AcDbText
73
0
0
POINT
5
454
330
1C
100
AcDbEntity
67
0
8
0
62
256
6
ByLayer
370
-1
48
1.0
60
0
100
AcDbPoint
10
1394723.17469082
20
359937.19035627
30
0.0
39
0.0
210
0.0
220
0.0
230
1.0
50
360.0
0
TEXT
5
455
330
1C
100
AcDbEntity
67
0
8
0
62
7
6
ByLayer
370
-1
48
1.0
60
0
100
AcDbText
1
538
10
1394723.3038199
20
359937.464794867
30
0.0
40
0.31111111111
41
1.0
50
0.0
51
0.0
7
Standard
11
1394723.3038199
21
359937.464794867
31
0.0
210
0.0
220
0.0
230
1.0
71
0
72
0
100
AcDbText
73
0
0
POINT
5
456
330
1C
100
AcDbEntity
67
0
8
0
62
256
6
ByLayer
370
-1
48
1.0
60
0
100
AcDbPoint
10
1394721.71559688
20
359937.557472571
30
0.0
39
0.0
210
0.0
220
0.0
230
1.0
50
360.0
0
TEXT
5
457
330
1C
100
AcDbEntity
67
0
8
0
62
7
6
ByLayer
370
-1
48
1.0
60
0
100
AcDbText
1
539
10
1394721.84472597
20
359937.831911165
30
0.0
40
0.31111111111
41
1.0
50
0.0
51
0.0
7
Standard
11
1394721.84472597
21
359937.831911165
31
0.0
210
0.0
220
0.0
230
1.0
71
0
72
0
100
AcDbText
73
0
0
POINT
5
458
330
1C
100
AcDbEntity
67
0
8
0
62
256
6
ByLayer
370
-1
48
1.0
60
0
100
AcDbPoint
10
1394720.63554262
20
359938.604951575
30
0.0
39
0.0
210
0.0
220
0.0
230
1.0
50
360.0
0
TEXT
5
459
330
1C
100
AcDbEntity
67
0
8
0
62
7
6
ByLayer
370
-1
48
1.0
60
0
100
AcDbText
1
540
10
1394720.7646717
20
359938.87939017
30
0.0
40
0.31111111111
41
1.0
50
0.0
51
0.0
7
Standard
11
1394720.7646717
21
359938.87939017
31
0.0
210
0.0
220
0.0
230
1.0
71
0
72
0
100
AcDbText
73
0
0
POINT
5
45A
330
1C
100
AcDbEntity
67
0
8
0
62
256
6
ByLayer
370
-1
48
1.0
60
0
100
AcDbPoint
10
1394729.94148538
20
359983.275670085
30
0.0
39
0.0
210
0.0
220
0.0
230
1.0
50
360.0
0
TEXT
5
45B
330
1C
100
AcDbEntity
67
0
8
0
62
7
6
ByLayer
370
-1
48
1.0
60
0
100
AcDbText
1
541
10
1394730.07061438
20
359983.550108692
30
0.0
40
0.31111111111
41
1.0
50
0.0
51
0.0
7
Standard
11
1394730.07061438
21
359983.550108692
31
0.0
210
0.0
220
0.0
230
1.0
71
0
72
0
100
AcDbText
73
0
0
POINT
5
45C
330
1C
100
AcDbEntity
67
0
8
0
62
256
6
ByLayer
370
-1
48
1.0
60
0
100
AcDbPoint
10
1394730.30860152
20
359984.734764092
30
0.0
39
0.0
210
0.0
220
0.0
230
1.0
50
360.0
0
TEXT
5
45D
330
1C
100
AcDbEntity
67
0
8
0
62
7
6
ByLayer
370
-1
48
1.0
60
0
100
AcDbText
1
542
10
1394730.43773051
20
359985.0092027
30
0.0
40
0.31111111111
41
1.0
50
0.0
51
0.0
7
Standard
11
1394730.43773051
21
359985.0092027
31
0.0
210
0.0
220
0.0
230
1.0
71
0
72
0
100
AcDbText
73
0
0
POINT
5
45E
330
1C
100
AcDbEntity
67
0
8
0
62
256
6
ByLayer
370
-1
48
1.0
60
0
100
AcDbPoint
10
1394731.35608042
20
359985.814818506
30
0.0
39
0.0
210
0.0
220
0.0
230
1.0
50
360.0
0
TEXT
5
45F
330
1C
100
AcDbEntity
67
0
8
0
62
7
6
ByLayer
370
-1
48
1.0
60
0
100
AcDbText
1
543
10
1394731.48520941
20
359986.089257114
30
0.0
40
0.31111111111
41
1.0
50
0.0
51
0.0
7
Standard
11
1394731.48520941
21
359986.089257114
31
0.0
210
0.0
220
0.0
230
1.0
71
0
72
0
100
AcDbText
73
0
0
POINT
5
460
330
1C
100
AcDbEntity
67
0
8
0
62
256
6
ByLayer
370
-1
48
1.0
60
0
100
AcDbPoint
10
1394732.80325096
20
359986.226433622
30
0.0
39
0.0
210
0.0
220
0.0
230
1.0
50
360.0
0
TEXT
5
461
330
1C
100
AcDbEntity
67
0
8
0
62
7
6
ByLayer
370
-1
48
1.0
60
0
100
AcDbText
1
544
10
1394732.93237996
20
359986.500872233
30
0.0
40
0.31111111111
41
1.0
50
0.0
51
0.0
7
Standard
11
1394732.93237996
21
359986.500872233
31
0.0
210
0.0
220
0.0
230
1.0
71
0
72
0
100
AcDbText
73
0
0
POINT
5
462
330
1C
100
AcDbEntity
67
0
8
0
62
256
6
ByLayer
370
-1
48
1.0
60
0
100
AcDbPoint
10
1394734.26234499
20
359985.859317489
30
0.0
39
0.0
210
0.0
220
0.0
230
1.0
50
360.0
0
TEXT
5
463
330
1C
100
AcDbEntity
67
0
8
0
62
7
6
ByLayer
370
-1
48
1.0
60
0
100
AcDbText
1
545
10
1394734.39147398
20
359986.133756104
30
0.0
40
0.31111111111
41
1.0
50
0.0
51
0.0
7
Standard
11
1394734.39147398
21
359986.133756104
31
0.0
210
0.0
220
0.0
230
1.0
71
0
72
0
100
AcDbText
73
0
0
POINT
5
464
330
1C
100
AcDbEntity
67
0
8
0
62
256
6
ByLayer
370
-1
48
1.0
60
0
100
AcDbPoint
10
1394735.34239941
20
359984.81183858
30
0.0
39
0.0
210
0.0
220
0.0
230
1.0
50
360.0
0
TEXT
5
465
330
1C
100
AcDbEntity
67
0
8
0
62
7
6
ByLayer
370
-1
48
1.0
60
0
100
AcDbText
1
546
10
1394735.47152841
20
359985.086277197
30
0.0
40
0.31111111111
41
1.0
50
0.0
51
0.0
7
Standard
11
1394735.47152841
21
359985.086277197
31
0.0
210
0.0
220
0.0
230
1.0
71
0
72
0
100
AcDbText
73
0
0
POINT
5
466
330
1C
100
AcDbEntity
67
0
8
0
62
256
6
ByLayer
370
-1
48
1.0
60
0
100
AcDbPoint
10
1394735.75401452
20
359983.364668018
30
0.0
39
0.0
210
0.0
220
0.0
230
1.0
50
360.0
0
TEXT
5
467
330
1C
100
AcDbEntity
67
0
8
0
62
7
6
ByLayer
370
-1
48
1.0
60
0
100
AcDbText
1
547
10
1394735.88314352
20
359983.639106636
30
0.0
40
0.31111111111
41
1.0
50
0.0
51
0.0
7
Standard
11
1394735.88314352
21
359983.639106636
31
0.0
210
0.0
220
0.0
230
1.0
71
0
72
0
100
AcDbText
73
0
0
POINT
5
468
330
1C
100
AcDbEntity
67
0
8
0
62
256
6
ByLayer
370
-1
48
1.0
60
0
100
AcDbPoint
10
1394735.38689838
20
359981.90557399
30
0.0
39
0.0
210
0.0
220
0.0
230
1.0
50
360.0
0
TEXT
5
469
330
1C
100
AcDbEntity
67
0
8
0
62
7
6
ByLayer
370
-1
48
1.0
60
0
100
AcDbText
1
548
10
1394735.51602738
20
359982.18001261
30
0.0
40
0.31111111111
41
1.0
50
0.0
51
0.0
7
Standard
11
1394735.51602738
21
359982.18001261
31
0.0
210
0.0
220
0.0
230
1.0
71
0
72
0
100
AcDbText
73
0
0
POINT
5
46A
330
1C
100
AcDbEntity
67
0
8
0
62
256
6
ByLayer
370
-1
48
1.0
60
0
100
AcDbPoint
10
1394734.33941946
20
359980.825519577
30
0.0
39
0.0
210
0.0
220
0.0
230
1.0
50
360.0
0
TEXT
5
46B
330
1C
100
AcDbEntity
67
0
8
0
62
7
6
ByLayer
370
-1
48
1.0
60
0
100
AcDbText
1
549
10
1394734.46854846
20
359981.099958193
30
0.0
40
0.31111111111
41
1.0
50
0.0
51
0.0
7
Standard
11
1394734.46854846
21
359981.099958193
31
0.0
210
0.0
220
0.0
230
1.0
71
0
72
0
100
AcDbText
73
0
0
POINT
5
46C
330
1C
100
AcDbEntity
67
0
8
0
62
256
6
ByLayer
370
-1
48
1.0
60
0
100
AcDbPoint
10
1394732.8922489
20
359980.413904479
30
0.0
39
0.0
210
0.0
220
0.0
230
1.0
50
360.0
0
TEXT
5
46D
330
1C
100
AcDbEntity
67
0
8
0
62
7
6
ByLayer
370
-1
48
1.0
60
0
100
AcDbText
1
550
10
1394733.0213779
20
359980.688343093
30
0.0
40
0.31111111111
41
1.0
50
0.0
51
0.0
7
Standard
11
1394733.0213779
21
359980.688343093
31
0.0
210
0.0
220
0.0
230
1.0
71
0
72
0
100
AcDbText
73
0
0
POINT
5
46E
330
1C
100
AcDbEntity
67
0
8
0
62
256
6
ByLayer
370
-1
48
1.0
60
0
100
AcDbPoint
10
1394731.43315488
20
359980.781020627
30
0.0
39
0.0
210
0.0
220
0.0
230
1.0
50
360.0
0
TEXT
5
46F
330
1C
100
AcDbEntity
67
0
8
0
62
7
6
ByLayer
370
-1
48
1.0
60
0
100
AcDbText
1
551
10
1394731.56228389
20
359981.05545924
30
0.0
40
0.31111111111
41
1.0
50
0.0
51
0.0
7
Standard
11
1394731.56228389
21
359981.05545924
31
0.0
210
0.0
220
0.0
230
1.0
71
0
72
0
100
AcDbText
73
0
0
POINT
5
470
330
1C
100
AcDbEntity
67
0
8
0
62
256
6
ByLayer
370
-1
48
1.0
60
0
100
AcDbPoint
10
1394730.35310048
20
359981.82849954
30
0.0
39
0.0
210
0.0
220
0.0
230
1.0
50
360.0
0
TEXT
5
471
330
1C
100
AcDbEntity
67
0
8
0
62
7
6
ByLayer
370
-1
48
1.0
60
0
100
AcDbText
1
552
10
1394730.48222948
20
359982.102938151
30
0.0
40
0.31111111111
41
1.0
50
0.0
51
0.0
7
Standard
11
1394730.48222948
21
359982.102938151
31
0.0
210
0.0
220
0.0
230
1.0
71
0
72
0
100
AcDbText
73
0
0
POINT
5
472
330
1C
100
AcDbEntity
67
0
8
0
62
256
6
ByLayer
370
-1
48
1.0
60
0
100
AcDbPoint
10
1394757.13246159
20
359891.92267065
30
0.0
39
0.0
210
0.0
220
0.0
230
1.0
50
360.0
0
TEXT
5
473
330
1C
100
AcDbEntity
67
0
8
0
62
7
6
ByLayer
370
-1
48
1.0
60
0
100
AcDbText
1
553
10
1394757.26159076
20
359892.197109306
30
0.0
40
0.31111111111
41
1.0
50
0.0
51
0.0
7
Standard
11
1394757.26159076
21
359892.197109306
31
0.0
210
0.0
220
0.0
230
1.0
71
0
72
0
100
AcDbText
73
0
0
POINT
5
474
330
1C
100
AcDbEntity
67
0
8
0
62
256
6
ByLayer
370
-1
48
1.0
60
0
100
AcDbPoint
10
1394757.4995781
20
359893.381764669
30
0.0
39
0.0
210
0.0
220
0.0
230
1.0
50
360.0
0
TEXT
5
475
330
1C
100
AcDbEntity
67
0
8
0
62
7
6
ByLayer
370
-1
48
1.0
60
0
100
AcDbText
1
554
10
1394757.62870726
20
359893.65620333
30
0.0
40
0.31111111111
41
1.0
50
0.0
51
0.0
7
Standard
11
1394757.62870726
21
359893.65620333
31
0.0
210
0.0
220
0.0
230
1.0
71
0
72
0
100
AcDbText
73
0
0
POINT
5
476
330
1C
100
AcDbEntity
67
0
8
0
62
256
6
ByLayer
370
-1
48
1.0
60
0
100
AcDbPoint
10
1394758.54705732
20
359894.461818914
30
0.0
39
0.0
210
0.0
220
0.0
230
1.0
50
360.0
0
TEXT
5
477
330
1C
100
AcDbEntity
67
0
8
0
62
7
6
ByLayer
370
-1
48
1.0
60
0
100
AcDbText
1
555
10
1394758.67618648
20
359894.736257573
30
0.0
40
0.31111111111
41
1.0
50
0.0
51
0.0
7
Standard
11
1394758.67618648
21
359894.736257573
31
0.0
210
0.0
220
0.0
230
1.0
71
0
72
0
100
AcDbText
73
0
0
POINT
5
478
330
1C
100
AcDbEntity
67
0
8
0
62
256
6
ByLayer
370
-1
48
1.0
60
0
100
AcDbPoint
10
1394759.99422807
20
359894.873433717
30
0.0
39
0.0
210
0.0
220
0.0
230
1.0
50
360.0
0
TEXT
5
479
330
1C
100
AcDbEntity
67
0
8
0
62
7
6
ByLayer
370
-1
48
1.0
60
0
100
AcDbText
1
556
10
1394760.12335722
20
359895.147872381
30
0.0
40
0.31111111111
41
1.0
50
0.0
51
0.0
7
Standard
11
1394760.12335722
21
359895.147872381
31
0.0
210
0.0
220
0.0
230
1.0
71
0
72
0
100
AcDbText
73
0
0
POINT
5
47A
330
1C
100
AcDbEntity
67
0
8
0
62
256
6
ByLayer
370
-1
48
1.0
60
0
100
AcDbPoint
10
1394761.4533221
20
359894.506317219
30
0.0
39
0.0
210
0.0
220
0.0
230
1.0
50
360.0
0
TEXT
5
47B
330
1C
100
AcDbEntity
67
0
8
0
62
7
6
ByLayer
370
-1
48
1.0
60
0
100
AcDbText
1
557
10
1394761.58245126
20
359894.780755886
30
0.0
40
0.31111111111
41
1.0
50
0.0
51
0.0
7
Standard
11
1394761.58245126
21
359894.780755886
31
0.0
210
0.0
220
0.0
230
1.0
71
0
72
0
100
AcDbText
73
0
0
POINT
5
47C
330
1C
100
AcDbEntity
67
0
8
0
62
256
6
ByLayer
370
-1
48
1.0
60
0
100
AcDbPoint
10
1394762.53337636
20
359893.458837987
30
0.0
39
0.0
210
0.0
220
0.0
230
1.0
50
360.0
0
TEXT
5
47D
330
1C
100
AcDbEntity
67
0
8
0
62
7
6
ByLayer
370
-1
48
1.0
60
0
100
AcDbText
1
558
10
1394762.66250552
20
359893.733276652
30
0.0
40
0.31111111111
41
1.0
50
0.0
51
0.0
7
Standard
11
1394762.66250552
21
359893.733276652
31
0.0
210
0.0
220
0.0
230
1.0
71
0
72
0
100
AcDbText
73
0
0
POINT
5
47E
330
1C
100
AcDbEntity
67
0
8
0
62
256
6
ByLayer
370
-1
48
1.0
60
0
100
AcDbPoint
10
1394762.94499116
20
359892.011667224
30
0.0
39
0.0
210
0.0
220
0.0
230
1.0
50
360.0
0
TEXT
5
47F
330
1C
100
AcDbEntity
67
0
8
0
62
7
6
ByLayer
370
-1
48
1.0
60
0
100
AcDbText
1
559
10
1394763.07412032
20
359892.286105894
30
0.0
40
0.31111111111
41
1.0
50
0.0
51
0.0
7
Standard
11
1394763.07412032
21
359892.286105894
31
0.0
210
0.0
220
0.0
230
1.0
71
0
72
0
100
AcDbText
73
0
0
POINT
5
480
330
1C
100
AcDbEntity
67
0
8
0
62
256
6
ByLayer
370
-1
48
1.0
60
0
100
AcDbPoint
10
1394762.57787465
20
359890.552573182
30
0.0
39
0.0
210
0.0
220
0.0
230
1.0
50
360.0
0
TEXT
5
481
330
1C
100
AcDbEntity
67
0
8
0
62
7
6
ByLayer
370
-1
48
1.0
60
0
100
AcDbText
1
560
10
1394762.70700381
20
359890.82701185
30
0.0
40
0.31111111111
41
1.0
50
0.0
51
0.0
7
Standard
11
1394762.70700381
21
359890.82701185
31
0.0
210
0.0
220
0.0
230
1.0
71
0
72
0
100
AcDbText
73
0
0
POINT
5
482
330
1C
100
AcDbEntity
67
0
8
0
62
256
6
ByLayer
370
-1
48
1.0
60
0
100
AcDbPoint
10
1394761.5303954
20
359889.472518936
30
0.0
39
0.0
210
0.0
220
0.0
230
1.0
50
360.0
0
TEXT
5
483
330
1C
100
AcDbEntity
67
0
8
0
62
7
6
ByLayer
370
-1
48
1.0
60
0
100
AcDbText
1
561
10
1394761.65952457
20
359889.746957606
30
0.0
40
0.31111111111
41
1.0
50
0.0
51
0.0
7
Standard
11
1394761.65952457
21
359889.746957606
31
0.0
210
0.0
220
0.0
230
1.0
71
0
72
0
100
AcDbText
73
0
0
POINT
5
484
330
1C
100
AcDbEntity
67
0
8
0
62
256
6
ByLayer
370
-1
48
1.0
60
0
100
AcDbPoint
10
1394760.08322464
20
359889.060904153
30
0.0
39
0.0
210
0.0
220
0.0
230
1.0
50
360.0
0
TEXT
5
485
330
1C
100
AcDbEntity
67
0
8
0
62
7
6
ByLayer
370
-1
48
1.0
60
0
100
AcDbText
1
562
10
1394760.21235381
20
359889.335342817
30
0.0
40
0.31111111111
41
1.0
50
0.0
51
0.0
7
Standard
11
1394760.21235381
21
359889.335342817
31
0.0
210
0.0
220
0.0
230
1.0
71
0
72
0
100
AcDbText
73
0
0
POINT
5
486
330
1C
100
AcDbEntity
67
0
8
0
62
256
6
ByLayer
370
-1
48
1.0
60
0
100
AcDbPoint
10
1394758.62413062
20
359889.428020668
30
0.0
39
0.0
210
0.0
220
0.0
230
1.0
50
360.0
0
TEXT
5
487
330
1C
100
AcDbEntity
67
0
8
0
62
7
6
ByLayer
370
-1
48
1.0
60
0
100
AcDbText
1
563
10
1394758.75325978
20
359889.702459331
30
0.0
40
0.31111111111
41
1.0
50
0.0
51
0.0
7
Standard
11
1394758.75325978
21
359889.702459331
31
0.0
210
0.0
220
0.0
230
1.0
71
0
72
0
100
AcDbText
73
0
0
POINT
5
488
330
1C
100
AcDbEntity
67
0
8
0
62
256
6
ByLayer
370
-1
48
1.0
60
0
100
AcDbPoint
10
1394757.54407638
20
359890.475499906
30
0.0
39
0.0
210
0.0
220
0.0
230
1.0
50
360.0
0
TEXT
5
489
330
1C
100
AcDbEntity
67
0
8
0
62
7
6
ByLayer
370
-1
48
1.0
60
0
100
AcDbText
1
564
10
1394757.67320555
20
359890.749938567
30
0.0
40
0.31111111111
41
1.0
50
0.0
51
0.0
7
Standard
11
1394757.67320555
21
359890.749938567
31
0.0
210
0.0
220
0.0
230
1.0
71
0
72
0
100
AcDbText
73
0
0
POINT
5
48A
330
1C
100
AcDbEntity
67
0
8
0
62
256
6
ByLayer
370
-1
48
1.0
60
0
100
AcDbPoint
10
1394747.69888718
20
359858.997589305
30
0.0
39
0.0
210
0.0
220
0.0
230
1.0
50
360.0
0
TEXT
5
48B
330
1C
100
AcDbEntity
67
0
8
0
62
7
6
ByLayer
370
-1
48
1.0
60
0
100
AcDbText
1
565
10
1394747.82801641
20
359859.272027948
30
0.0
40
0.31111111111
41
1.0
50
0.0
51
0.0
7
Standard
11
1394747.82801641
21
359859.272027948
31
0.0
210
0.0
220
0.0
230
1.0
71
0
72
0
100
AcDbText
73
0
0
POINT
5
48C
330
1C
100
AcDbEntity
67
0
8
0
62
256
6
ByLayer
370
-1
48
1.0
60
0
100
AcDbPoint
10
1394748.0660038
20
359860.456683261
30
0.0
39
0.0
210
0.0
220
0.0
230
1.0
50
360.0
0
TEXT
5
48D
330
1C
100
AcDbEntity
67
0
8
0
62
7
6
ByLayer
370
-1
48
1.0
60
0
100
AcDbText
1
566
10
1394748.19513302
20
359860.731121904
30
0.0
40
0.31111111111
41
1.0
50
0.0
51
0.0
7
Standard
11
1394748.19513302
21
359860.731121904
31
0.0
210
0.0
220
0.0
230
1.0
71
0
72
0
100
AcDbText
73
0
0
POINT
5
48E
330
1C
100
AcDbEntity
67
0
8
0
62
256
6
ByLayer
370
-1
48
1.0
60
0
100
AcDbPoint
10
1394749.11348309
20
359861.536737389
30
0.0
39
0.0
210
0.0
220
0.0
230
1.0
50
360.0
0
TEXT
5
48F
330
1C
100
AcDbEntity
67
0
8
0
62
7
6
ByLayer
370
-1
48
1.0
60
0
100
AcDbText
1
567
10
1394749.24261231
20
359861.811176035
30
0.0
40
0.31111111111
41
1.0
50
0.0
51
0.0
7
Standard
11
1394749.24261231
21
359861.811176035
31
0.0
210
0.0
220
0.0
230
1.0
71
0
72
0
100
AcDbText
73
0
0
POINT
5
490
330
1C
100
AcDbEntity
67
0
8
0
62
256
6
ByLayer
370
-1
48
1.0
60
0
100
AcDbPoint
10
1394750.56065384
20
359861.948352062
30
0.0
39
0.0
210
0.0
220
0.0
230
1.0
50
360.0
0
TEXT
5
491
330
1C
100
AcDbEntity
67
0
8
0
62
7
6
ByLayer
370
-1
48
1.0
60
0
100
AcDbText
1
568
10
1394750.68978305
20
359862.222790711
30
0.0
40
0.31111111111
41
1.0
50
0.0
51
0.0
7
Standard
11
1394750.68978305
21
359862.222790711
31
0.0
210
0.0
220
0.0
230
1.0
71
0
72
0
100
AcDbText
73
0
0
POINT
5
492
330
1C
100
AcDbEntity
67
0
8
0
62
256
6
ByLayer
370
-1
48
1.0
60
0
100
AcDbPoint
10
1394752.0197478
20
359861.58123545
30
0.0
39
0.0
210
0.0
220
0.0
230
1.0
50
360.0
0
TEXT
5
493
330
1C
100
AcDbEntity
67
0
8
0
62
7
6
ByLayer
370
-1
48
1.0
60
0
100
AcDbText
1
569
10
1394752.14887702
20
359861.855674101
30
0.0
40
0.31111111111
41
1.0
50
0.0
51
0.0
7
Standard
11
1394752.14887702
21
359861.855674101
31
0.0
210
0.0
220
0.0
230
1.0
71
0
72
0
100
AcDbText
73
0
0
POINT
5
494
330
1C
100
AcDbEntity
67
0
8
0
62
256
6
ByLayer
370
-1
48
1.0
60
0
100
AcDbPoint
10
1394753.09980194
20
359860.533756147
30
0.0
39
0.0
210
0.0
220
0.0
230
1.0
50
360.0
0
TEXT
5
495
330
1C
100
AcDbEntity
67
0
8
0
62
7
6
ByLayer
370
-1
48
1.0
60
0
100
AcDbText
1
570
10
1394753.22893117
20
359860.808194799
30
0.0
40
0.31111111111
41
1.0
50
0.0
51
0.0
7
Standard
11
1394753.22893117
21
359860.808194799
31
0.0
210
0.0
220
0.0
230
1.0
71
0
72
0
100
AcDbText
73
0
0
POINT
5
496
330
1C
100
AcDbEntity
67
0
8
0
62
256
6
ByLayer
370
-1
48
1.0
60
0
100
AcDbPoint
10
1394753.51141661
20
359859.086585386
30
0.0
39
0.0
210
0.0
220
0.0
230
1.0
50
360.0
0
TEXT
5
497
330
1C
100
AcDbEntity
67
0
8
0
62
7
6
ByLayer
370
-1
48
1.0
60
0
100
AcDbText
1
571
10
1394753.64054584
20
359859.361024041
30
0.0
40
0.31111111111
41
1.0
50
0.0
51
0.0
7
Standard
11
1394753.64054584
21
359859.361024041
31
0.0
210
0.0
220
0.0
230
1.0
71
0
72
0
100
AcDbText
73
0
0
POINT
5
498
330
1C
100
AcDbEntity
67
0
8
0
62
256
6
ByLayer
370
-1
48
1.0
60
0
100
AcDbPoint
10
1394753.14429999
20
359857.627491414
30
0.0
39
0.0
210
0.0
220
0.0
230
1.0
50
360.0
0
TEXT
5
499
330
1C
100
AcDbEntity
67
0
8
0
62
7
6
ByLayer
370
-1
48
1.0
60
0
100
AcDbText
1
572
10
1394753.27342921
20
359857.901930067
30
0.0
40
0.31111111111
41
1.0
50
0.0
51
0.0
7
Standard
11
1394753.27342921
21
359857.901930067
31
0.0
210
0.0
220
0.0
230
1.0
71
0
72
0
100
AcDbText
73
0
0
POINT
5
49A
330
1C
100
AcDbEntity
67
0
8
0
62
256
6
ByLayer
370
-1
48
1.0
60
0
100
AcDbPoint
10
1394752.09682068
20
359856.547437284
30
0.0
39
0.0
210
0.0
220
0.0
230
1.0
50
360.0
0
TEXT
5
49B
330
1C
100
AcDbEntity
67
0
8
0
62
7
6
ByLayer
370
-1
48
1.0
60
0
100
AcDbText
1
573
10
1394752.2259499
20
359856.821875933
30
0.0
40
0.31111111111
41
1.0
50
0.0
51
0.0
7
Standard
11
1394752.2259499
21
359856.821875933
31
0.0
210
0.0
220
0.0
230
1.0
71
0
72
0
100
AcDbText
73
0
0
POINT
5
49C
330
1C
100
AcDbEntity
67
0
8
0
62
256
6
ByLayer
370
-1
48
1.0
60
0
100
AcDbPoint
10
1394750.64964992
20
359856.135822631
30
0.0
39
0.0
210
0.0
220
0.0
230
1.0
50
360.0
0
TEXT
5
49D
330
1C
100
AcDbEntity
67
0
8
0
62
7
6
ByLayer
370
-1
48
1.0
60
0
100
AcDbText
1
574
10
1394750.77877915
20
359856.410261277
30
0.0
40
0.31111111111
41
1.0
50
0.0
51
0.0
7
Standard
11
1394750.77877915
21
359856.410261277
31
0.0
210
0.0
220
0.0
230
1.0
71
0
72
0
100
AcDbText
73
0
0
POINT
5
49E
330
1C
100
AcDbEntity
67
0
8
0
62
256
6
ByLayer
370
-1
48
1.0
60
0
100
AcDbPoint
10
1394749.19055596
20
359856.502939261
30
0.0
39
0.0
210
0.0
220
0.0
230
1.0
50
360.0
0
TEXT
5
49F
330
1C
100
AcDbEntity
67
0
8
0
62
7
6
ByLayer
370
-1
48
1.0
60
0
100
AcDbText
1
575
10
1394749.31968519
20
359856.777377907
30
0.0
40
0.31111111111
41
1.0
50
0.0
51
0.0
7
Standard
11
1394749.31968519
21
359856.777377907
31
0.0
210
0.0
220
0.0
230
1.0
71
0
72
0
100
AcDbText
73
0
0
POINT
5
4A0
330
1C
100
AcDbEntity
67
0
8
0
62
256
6
ByLayer
370
-1
48
1.0
60
0
100
AcDbPoint
10
1394748.11050184
20
359857.550418566
30
0.0
39
0.0
210
0.0
220
0.0
230
1.0
50
360.0
0
TEXT
5
4A1
330
1C
100
AcDbEntity
67
0
8
0
62
7
6
ByLayer
370
-1
48
1.0
60
0
100
AcDbText
1
576
10
1394748.23963106
20
359857.824857208
30
0.0
40
0.31111111111
41
1.0
50
0.0
51
0.0
7
Standard
11
1394748.23963106
21
359857.824857208
31
0.0
210
0.0
220
0.0
230
1.0
71
0
72
0
100
AcDbText
73
0
0
POINT
5
4A2
330
1C
100
AcDbEntity
67
0
8
0
62
256
6
ByLayer
370
-1
48
1.0
60
0
100
AcDbPoint
10
1394723.41496388
20
359861.278205305
30
0.0
39
0.0
210
0.0
220
0.0
230
1.0
50
360.0
0
TEXT
5
4A3
330
1C
100
AcDbEntity
67
0
8
0
62
7
6
ByLayer
370
-1
48
1.0
60
0
100
AcDbText
1
577
10
1394723.54409311
20
359861.552643906
30
0.0
40
0.31111111111
41
1.0
50
0.0
51
0.0
7
Standard
11
1394723.54409311
21
359861.552643906
31
0.0
210
0.0
220
0.0
230
1.0
71
0
72
0
100
AcDbText
73
0
0
POINT
5
4A4
330
1C
100
AcDbEntity
67
0
8
0
62
256
6
ByLayer
370
-1
48
1.0
60
0
100
AcDbPoint
10
1394723.78208047
20
359862.737299172
30
0.0
39
0.0
210
0.0
220
0.0
230
1.0
50
360.0
0
TEXT
5
4A5
330
1C
100
AcDbEntity
67
0
8
0
62
7
6
ByLayer
370
-1
48
1.0
60
0
100
AcDbText
1
578
10
1394723.91120969
20
359863.01173777
30
0.0
40
0.31111111111
41
1.0
50
0.0
51
0.0
7
Standard
11
1394723.91120969
21
359863.01173777
31
0.0
210
0.0
220
0.0
230
1.0
71
0
72
0
100
AcDbText
73
0
0
POINT
5
4A6
330
1C
100
AcDbEntity
67
0
8
0
62
256
6
ByLayer
370
-1
48
1.0
60
0
100
AcDbPoint
10
1394724.82955969
20
359863.817353239
30
0.0
39
0.0
210
0.0
220
0.0
230
1.0
50
360.0
0
TEXT
5
4A7
330
1C
100
AcDbEntity
67
0
8
0
62
7
6
ByLayer
370
-1
48
1.0
60
0
100
AcDbText
1
579
10
1394724.95868891
20
359864.091791839
30
0.0
40
0.31111111111
41
1.0
50
0.0
51
0.0
7
Standard
11
1394724.95868891
21
359864.091791839
31
0.0
210
0.0
220
0.0
230
1.0
71
0
72
0
100
AcDbText
73
0
0
POINT
5
4A8
330
1C
100
AcDbEntity
67
0
8
0
62
256
6
ByLayer
370
-1
48
1.0
60
0
100
AcDbPoint
10
1394726.27673034
20
359864.228967894
30
0.0
39
0.0
210
0.0
220
0.0
230
1.0
50
360.0
0
TEXT
5
4A9
330
1C
100
AcDbEntity
67
0
8
0
62
7
6
ByLayer
370
-1
48
1.0
60
0
100
AcDbText
1
580
10
1394726.40585956
20
359864.503406499
30
0.0
40
0.31111111111
41
1.0
50
0.0
51
0.0
7
Standard
11
1394726.40585956
21
359864.503406499
31
0.0
210
0.0
220
0.0
230
1.0
71
0
72
0
100
AcDbText
73
0
0
POINT
5
4AA
330
1C
100
AcDbEntity
67
0
8
0
62
256
6
ByLayer
370
-1
48
1.0
60
0
100
AcDbPoint
10
1394727.73582423
20
359863.861851313
30
0.0
39
0.0
210
0.0
220
0.0
230
1.0
50
360.0
0
TEXT
5
4AB
330
1C
100
AcDbEntity
67
0
8
0
62
7
6
ByLayer
370
-1
48
1.0
60
0
100
AcDbText
1
581
10
1394727.86495344
20
359864.136289922
30
0.0
40
0.31111111111
41
1.0
50
0.0
51
0.0
7
Standard
11
1394727.86495344
21
359864.136289922
31
0.0
210
0.0
220
0.0
230
1.0
71
0
72
0
100
AcDbText
73
0
0
POINT
5
4AC
330
1C
100
AcDbEntity
67
0
8
0
62
256
6
ByLayer
370
-1
48
1.0
60
0
100
AcDbPoint
10
1394728.8158783
20
359862.814372084
30
0.0
39
0.0
210
0.0
220
0.0
230
1.0
50
360.0
0
TEXT
5
4AD
330
1C
100
AcDbEntity
67
0
8
0
62
7
6
ByLayer
370
-1
48
1.0
60
0
100
AcDbText
1
582
10
1394728.94500752
20
359863.088810691
30
0.0
40
0.31111111111
41
1.0
50
0.0
51
0.0
7
Standard
11
1394728.94500752
21
359863.088810691
31
0.0
210
0.0
220
0.0
230
1.0
71
0
72
0
100
AcDbText
73
0
0
POINT
5
4AE
330
1C
100
AcDbEntity
67
0
8
0
62
256
6
ByLayer
370
-1
48
1.0
60
0
100
AcDbPoint
10
1394729.22749295
20
359861.367201414
30
0.0
39
0.0
210
0.0
220
0.0
230
1.0
50
360.0
0
TEXT
5
4AF
330
1C
100
AcDbEntity
67
0
8
0
62
7
6
ByLayer
370
-1
48
1.0
60
0
100
AcDbText
1
583
10
1394729.35662217
20
359861.641640024
30
0.0
40
0.31111111111
41
1.0
50
0.0
51
0.0
7
Standard
11
1394729.35662217
21
359861.641640024
31
0.0
210
0.0
220
0.0
230
1.0
71
0
72
0
100
AcDbText
73
0
0
POINT
5
4B0
330
1C
100
AcDbEntity
67
0
8
0
62
256
6
ByLayer
370
-1
48
1.0
60
0
100
AcDbPoint
10
1394728.86037636
20
359859.908107531
30
0.0
39
0.0
210
0.0
220
0.0
230
1.0
50
360.0
0
TEXT
5
4B1
330
1C
100
AcDbEntity
67
0
8
0
62
7
6
ByLayer
370
-1
48
1.0
60
0
100
AcDbText
1
584
10
1394728.98950558
20
359860.182546138
30
0.0
40
0.31111111111
41
1.0
50
0.0
51
0.0
7
Standard
11
1394728.98950558
21
359860.182546138
31
0.0
210
0.0
220
0.0
230
1.0
71
0
72
0
100
AcDbText
73
0
0
POINT
5
4B2
330
1C
100
AcDbEntity
67
0
8
0
62
256
6
ByLayer
370
-1
48
1.0
60
0
100
AcDbPoint
10
1394727.81289712
20
359858.828053461
30
0.0
39
0.0
210
0.0
220
0.0
230
1.0
50
360.0
0
TEXT
5
4B3
330
1C
100
AcDbEntity
67
0
8
0
62
7
6
ByLayer
370
-1
48
1.0
60
0
100
AcDbText
1
585
10
1394727.94202635
20
359859.102492068
30
0.0
40
0.31111111111
41
1.0
50
0.0
51
0.0
7
Standard
11
1394727.94202635
21
359859.102492068
31
0.0
210
0.0
220
0.0
230
1.0
71
0
72
0
100
AcDbText
73
0
0
POINT
5
4B4
330
1C
100
AcDbEntity
67
0
8
0
62
256
6
ByLayer
370
-1
48
1.0
60
0
100
AcDbPoint
10
1394726.36572645
20
359858.416438826
30
0.0
39
0.0
210
0.0
220
0.0
230
1.0
50
360.0
0
TEXT
5
4B5
330
1C
100
AcDbEntity
67
0
8
0
62
7
6
ByLayer
370
-1
48
1.0
60
0
100
AcDbText
1
586
10
1394726.49485568
20
359858.690877429
30
0.0
40
0.31111111111
41
1.0
50
0.0
51
0.0
7
Standard
11
1394726.49485568
21
359858.690877429
31
0.0
210
0.0
220
0.0
230
1.0
71
0
72
0
100
AcDbText
73
0
0
POINT
5
4B6
330
1C
100
AcDbEntity
67
0
8
0
62
256
6
ByLayer
370
-1
48
1.0
60
0
100
AcDbPoint
10
1394724.90663258
20
359858.783555423
30
0.0
39
0.0
210
0.0
220
0.0
230
1.0
50
360.0
0
TEXT
5
4B7
330
1C
100
AcDbEntity
67
0
8
0
62
7
6
ByLayer
370
-1
48
1.0
60
0
100
AcDbText
1
587
10
1394725.03576181
20
359859.057994025
30
0.0
40
0.31111111111
41
1.0
50
0.0
51
0.0
7
Standard
11
1394725.03576181
21
359859.057994025
31
0.0
210
0.0
220
0.0
230
1.0
71
0
72
0
100
AcDbText
73
0
0
POINT
5
4B8
330
1C
100
AcDbEntity
67
0
8
0
62
256
6
ByLayer
370
-1
48
1.0
60
0
100
AcDbPoint
10
1394723.82657852
20
359859.831034657
30
0.0
39
0.0
210
0.0
220
0.0
230
1.0
50
360.0
0
TEXT
5
4B9
330
1C
100
AcDbEntity
67
0
8
0
62
7
6
ByLayer
370
-1
48
1.0
60
0
100
AcDbText
1
588
10
1394723.95570775
20
359860.105473256
30
0.0
40
0.31111111111
41
1.0
50
0.0
51
0.0
7
Standard
11
1394723.95570775
21
359860.105473256
31
0.0
210
0.0
220
0.0
230
1.0
71
0
72
0
100
AcDbText
73
0
0
POINT
5
4BA
330
1C
100
AcDbEntity
67
0
8
0
62
256
6
ByLayer
370
-1
48
1.0
60
0
100
AcDbPoint
10
1394759.33694443
20
359978.110899532
30
0.0
39
0.0
210
0.0
220
0.0
230
1.0
50
360.0
0
TEXT
5
4BB
330
1C
100
AcDbEntity
67
0
8
0
62
7
6
ByLayer
370
-1
48
1.0
60
0
100
AcDbText
1
589
10
1394759.46607344
20
359978.385338191
30
0.0
40
0.31111111111
41
1.0
50
0.0
51
0.0
7
Standard
11
1394759.46607344
21
359978.385338191
31
0.0
210
0.0
220
0.0
230
1.0
71
0
72
0
100
AcDbText
73
0
0
POINT
5
4BC
330
1C
100
AcDbEntity
67
0
8
0
62
256
6
ByLayer
370
-1
48
1.0
60
0
100
AcDbPoint
10
1394759.70406062
20
359979.569993646
30
0.0
39
0.0
210
0.0
220
0.0
230
1.0
50
360.0
0
TEXT
5
4BD
330
1C
100
AcDbEntity
67
0
8
0
62
7
6
ByLayer
370
-1
48
1.0
60
0
100
AcDbText
1
590
10
1394759.83318962
20
359979.844432306
30
0.0
40
0.31111111111
41
1.0
50
0.0
51
0.0
7
Standard
11
1394759.83318962
21
359979.844432306
31
0.0
210
0.0
220
0.0
230
1.0
71
0
72
0
100
AcDbText
73
0
0
POINT
5
4BE
330
1C
100
AcDbEntity
67
0
8
0
62
256
6
ByLayer
370
-1
48
1.0
60
0
100
AcDbPoint
10
1394760.75153961
20
359980.650048126
30
0.0
39
0.0
210
0.0
220
0.0
230
1.0
50
360.0
0
TEXT
5
4BF
330
1C
100
AcDbEntity
67
0
8
0
62
7
6
ByLayer
370
-1
48
1.0
60
0
100
AcDbText
1
591
10
1394760.88066861
20
359980.924486791
30
0.0
40
0.31111111111
41
1.0
50
0.0
51
0.0
7
Standard
11
1394760.88066861
21
359980.924486791
31
0.0
210
0.0
220
0.0
230
1.0
71
0
72
0
100
AcDbText
73
0
0
POINT
5
4C0
330
1C
100
AcDbEntity
67
0
8
0
62
256
6
ByLayer
370
-1
48
1.0
60
0
100
AcDbPoint
10
1394762.19871027
20
359981.061663252
30
0.0
39
0.0
210
0.0
220
0.0
230
1.0
50
360.0
0
TEXT
5
4C1
330
1C
100
AcDbEntity
67
0
8
0
62
7
6
ByLayer
370
-1
48
1.0
60
0
100
AcDbText
1
592
10
1394762.32783927
20
359981.336101919
30
0.0
40
0.31111111111
41
1.0
50
0.0
51
0.0
7
Standard
11
1394762.32783927
21
359981.336101919
31
0.0
210
0.0
220
0.0
230
1.0
71
0
72
0
100
AcDbText
73
0
0
POINT
5
4C2
330
1C
100
AcDbEntity
67
0
8
0
62
256
6
ByLayer
370
-1
48
1.0
60
0
100
AcDbPoint
10
1394763.6578044
20
359980.694547073
30
0.0
39
0.0
210
0.0
220
0.0
230
1.0
50
360.0
0
TEXT
5
4C3
330
1C
100
AcDbEntity
67
0
8
0
62
7
6
ByLayer
370
-1
48
1.0
60
0
100
AcDbText
1
593
10
1394763.7869334
20
359980.968985747
30
0.0
40
0.31111111111
41
1.0
50
0.0
51
0.0
7
Standard
11
1394763.7869334
21
359980.968985747
31
0.0
210
0.0
220
0.0
230
1.0
71
0
72
0
100
AcDbText
73
0
0
POINT
5
4C4
330
1C
100
AcDbEntity
67
0
8
0
62
256
6
ByLayer
370
-1
48
1.0
60
0
100
AcDbPoint
10
1394764.73785889
20
359979.647068069
30
0.0
39
0.0
210
0.0
220
0.0
230
1.0
50
360.0
0
TEXT
5
4C5
330
1C
100
AcDbEntity
67
0
8
0
62
7
6
ByLayer
370
-1
48
1.0
60
0
100
AcDbText
1
594
10
1394764.8669879
20
359979.921506741
30
0.0
40
0.31111111111
41
1.0
50
0.0
51
0.0
7
Standard
11
1394764.8669879
21
359979.921506741
31
0.0
210
0.0
220
0.0
230
1.0
71
0
72
0
100
AcDbText
73
0
0
POINT
5
4C6
330
1C
100
AcDbEntity
67
0
8
0
62
256
6
ByLayer
370
-1
48
1.0
60
0
100
AcDbPoint
10
1394765.14947402
20
359978.199897393
30
0.0
39
0.0
210
0.0
220
0.0
230
1.0
50
360.0
0
TEXT
5
4C7
330
1C
100
AcDbEntity
67
0
8
0
62
7
6
ByLayer
370
-1
48
1.0
60
0
100
AcDbText
1
595
10
1394765.27860302
20
359978.474336063
30
0.0
40
0.31111111111
41
1.0
50
0.0
51
0.0
7
Standard
11
1394765.27860302
21
359978.474336063
31
0.0
210
0.0
220
0.0
230
1.0
71
0
72
0
100
AcDbText
73
0
0
POINT
5
4C8
330
1C
100
AcDbEntity
67
0
8
0
62
256
6
ByLayer
370
-1
48
1.0
60
0
100
AcDbPoint
10
1394764.78235782
20
359976.740803263
30
0.0
39
0.0
210
0.0
220
0.0
230
1.0
50
360.0
0
TEXT
5
4C9
330
1C
100
AcDbEntity
67
0
8
0
62
7
6
ByLayer
370
-1
48
1.0
60
0
100
AcDbText
1
596
10
1394764.91148683
20
359977.015241933
30
0.0
40
0.31111111111
41
1.0
50
0.0
51
0.0
7
Standard
11
1394764.91148683
21
359977.015241933
31
0.0
210
0.0
220
0.0
230
1.0
71
0
72
0
100
AcDbText
73
0
0
POINT
5
4CA
330
1C
100
AcDbEntity
67
0
8
0
62
256
6
ByLayer
370
-1
48
1.0
60
0
100
AcDbPoint
10
1394763.73487881
20
359975.660748781
30
0.0
39
0.0
210
0.0
220
0.0
230
1.0
50
360.0
0
TEXT
5
4CB
330
1C
100
AcDbEntity
67
0
8
0
62
7
6
ByLayer
370
-1
48
1.0
60
0
100
AcDbText
1
597
10
1394763.86400782
20
359975.935187447
30
0.0
40
0.31111111111
41
1.0
50
0.0
51
0.0
7
Standard
11
1394763.86400782
21
359975.935187447
31
0.0
210
0.0
220
0.0
230
1.0
71
0
72
0
100
AcDbText
73
0
0
POINT
5
4CC
330
1C
100
AcDbEntity
67
0
8
0
62
256
6
ByLayer
370
-1
48
1.0
60
0
100
AcDbPoint
10
1394762.28770814
20
359975.249133671
30
0.0
39
0.0
210
0.0
220
0.0
230
1.0
50
360.0
0
TEXT
5
4CD
330
1C
100
AcDbEntity
67
0
8
0
62
7
6
ByLayer
370
-1
48
1.0
60
0
100
AcDbText
1
598
10
1394762.41683715
20
359975.523572335
30
0.0
40
0.31111111111
41
1.0
50
0.0
51
0.0
7
Standard
11
1394762.41683715
21
359975.523572335
31
0.0
210
0.0
220
0.0
230
1.0
71
0
72
0
100
AcDbText
73
0
0
POINT
5
4CE
330
1C
100
AcDbEntity
67
0
8
0
62
256
6
ByLayer
370
-1
48
1.0
60
0
100
AcDbPoint
10
1394760.82861402
20
359975.616249869
30
0.0
39
0.0
210
0.0
220
0.0
230
1.0
50
360.0
0
TEXT
5
4CF
330
1C
100
AcDbEntity
67
0
8
0
62
7
6
ByLayer
370
-1
48
1.0
60
0
100
AcDbText
1
599
10
1394760.95774303
20
359975.890688529
30
0.0
40
0.31111111111
41
1.0
50
0.0
51
0.0
7
Standard
11
1394760.95774303
21
359975.890688529
31
0.0
210
0.0
220
0.0
230
1.0
71
0
72
0
100
AcDbText
73
0
0
POINT
5
4D0
330
1C
100
AcDbEntity
67
0
8
0
62
256
6
ByLayer
370
-1
48
1.0
60
0
100
AcDbPoint
10
1394759.74855955
20
359976.663728875
30
0.0
39
0.0
210
0.0
220
0.0
230
1.0
50
360.0
0
TEXT
5
4D1
330
1C
100
AcDbEntity
67
0
8
0
62
7
6
ByLayer
370
-1
48
1.0
60
0
100
AcDbText
1
600
10
1394759.87768855
20
359976.938167531
30
0.0
40
0.31111111111
41
1.0
50
0.0
51
0.0
7
Standard
11
1394759.87768855
21
359976.938167531
31
0.0
210
0.0
220
0.0
230
1.0
71
0
72
0
100
AcDbText
73
0
0
POINT
5
4D2
330
1C
100
AcDbEntity
67
0
8
0
62
256
6
ByLayer
370
-1
48
1.0
60
0
100
AcDbPoint
10
1394777.28167748
20
359969.944040537
30
0.0
39
0.0
210
0.0
220
0.0
230
1.0
50
360.0
0
TEXT
5
4D3
330
1C
100
AcDbEntity
67
0
8
0
62
7
6
ByLayer
370
-1
48
1.0
60
0
100
AcDbText
1
601
10
1394777.4108065
20
359970.218479229
30
0.0
40
0.31111111111
41
1.0
50
0.0
51
0.0
7
Standard
11
1394777.4108065
21
359970.218479229
31
0.0
210
0.0
220
0.0
230
1.0
71
0
72
0
100
AcDbText
73
0
0
POINT
5
4D4
330
1C
100
AcDbEntity
67
0
8
0
62
256
6
ByLayer
370
-1
48
1.0
60
0
100
AcDbPoint
10
1394777.64879371
20
359971.403134707
30
0.0
39
0.0
210
0.0
220
0.0
230
1.0
50
360.0
0
TEXT
5
4D5
330
1C
100
AcDbEntity
67
0
8
0
62
7
6
ByLayer
370
-1
48
1.0
60
0
100
AcDbText
1
602
10
1394777.77792272
20
359971.677573398
30
0.0
40
0.31111111111
41
1.0
50
0.0
51
0.0
7
Standard
11
1394777.77792272
21
359971.677573398
31
0.0
210
0.0
220
0.0
230
1.0
71
0
72
0
100
AcDbText
73
0
0
POINT
5
4D6
330
1C
100
AcDbEntity
67
0
8
0
62
256
6
ByLayer
370
-1
48
1.0
60
0
100
AcDbPoint
10
1394778.69627277
20
359972.483189215
30
0.0
39
0.0
210
0.0
220
0.0
230
1.0
50
360.0
0
TEXT
5
4D7
330
1C
100
AcDbEntity
67
0
8
0
62
7
6
ByLayer
370
-1
48
1.0
60
0
100
AcDbText
1
603
10
1394778.82540178
20
359972.757627911
30
0.0
40
0.31111111111
41
1.0
50
0.0
51
0.0
7
Standard
11
1394778.82540178
21
359972.757627911
31
0.0
210
0.0
220
0.0
230
1.0
71
0
72
0
100
AcDbText
73
0
0
POINT
5
4D8
330
1C
100
AcDbEntity
67
0
8
0
62
256
6
ByLayer
370
-1
48
1.0
60
0
100
AcDbPoint
10
1394780.14344351
20
359972.894804329
30
0.0
39
0.0
210
0.0
220
0.0
230
1.0
50
360.0
0
TEXT
5
4D9
330
1C
100
AcDbEntity
67
0
8
0
62
7
6
ByLayer
370
-1
48
1.0
60
0
100
AcDbText
1
604
10
1394780.27257252
20
359973.169243031
30
0.0
40
0.31111111111
41
1.0
50
0.0
51
0.0
7
Standard
11
1394780.27257252
21
359973.169243031
31
0.0
210
0.0
220
0.0
230
1.0
71
0
72
0
100
AcDbText
73
0
0
POINT
5
4DA
330
1C
100
AcDbEntity
67
0
8
0
62
256
6
ByLayer
370
-1
48
1.0
60
0
100
AcDbPoint
10
1394781.60253769
20
359972.527688108
30
0.0
39
0.0
210
0.0
220
0.0
230
1.0
50
360.0
0
TEXT
5
4DB
330
1C
100
AcDbEntity
67
0
8
0
62
7
6
ByLayer
370
-1
48
1.0
60
0
100
AcDbText
1
605
10
1394781.73166671
20
359972.802126807
30
0.0
40
0.31111111111
41
1.0
50
0.0
51
0.0
7
Standard
11
1394781.73166671
21
359972.802126807
31
0.0
210
0.0
220
0.0
230
1.0
71
0
72
0
100
AcDbText
73
0
0
POINT
5
4DC
330
1C
100
AcDbEntity
67
0
8
0
62
256
6
ByLayer
370
-1
48
1.0
60
0
100
AcDbPoint
10
1394782.68259222
20
359971.48020903
30
0.0
39
0.0
210
0.0
220
0.0
230
1.0
50
360.0
0
TEXT
5
4DD
330
1C
100
AcDbEntity
67
0
8
0
62
7
6
ByLayer
370
-1
48
1.0
60
0
100
AcDbText
1
606
10
1394782.81172123
20
359971.754647736
30
0.0
40
0.31111111111
41
1.0
50
0.0
51
0.0
7
Standard
11
1394782.81172123
21
359971.754647736
31
0.0
210
0.0
220
0.0
230
1.0
71
0
72
0
100
AcDbText
73
0
0
POINT
5
4DE
330
1C
100
AcDbEntity
67
0
8
0
62
256
6
ByLayer
370
-1
48
1.0
60
0
100
AcDbPoint
10
1394783.09420732
20
359970.03303828
30
0.0
39
0.0
210
0.0
220
0.0
230
1.0
50
360.0
0
TEXT
5
4DF
330
1C
100
AcDbEntity
67
0
8
0
62
7
6
ByLayer
370
-1
48
1.0
60
0
100
AcDbText
1
607
10
1394783.22333635
20
359970.307476982
30
0.0
40
0.31111111111
41
1.0
50
0.0
51
0.0
7
Standard
11
1394783.22333635
21
359970.307476982
31
0.0
210
0.0
220
0.0
230
1.0
71
0
72
0
100
AcDbText
73
0
0
POINT
5
4E0
330
1C
100
AcDbEntity
67
0
8
0
62
256
6
ByLayer
370
-1
48
1.0
60
0
100
AcDbPoint
10
1394782.72709109
20
359968.573944086
30
0.0
39
0.0
210
0.0
220
0.0
230
1.0
50
360.0
0
TEXT
5
4E1
330
1C
100
AcDbEntity
67
0
8
0
62
7
6
ByLayer
370
-1
48
1.0
60
0
100
AcDbText
1
608
10
1394782.85622011
20
359968.848382791
30
0.0
40
0.31111111111
41
1.0
50
0.0
51
0.0
7
Standard
11
1394782.85622011
21
359968.848382791
31
0.0
210
0.0
220
0.0
230
1.0
71
0
72
0
100
AcDbText
73
0
0
POINT
5
4E2
330
1C
100
AcDbEntity
67
0
8
0
62
256
6
ByLayer
370
-1
48
1.0
60
0
100
AcDbPoint
10
1394781.679612
20
359967.493889578
30
0.0
39
0.0
210
0.0
220
0.0
230
1.0
50
360.0
0
TEXT
5
4E3
330
1C
100
AcDbEntity
67
0
8
0
62
7
6
ByLayer
370
-1
48
1.0
60
0
100
AcDbText
1
609
10
1394781.80874103
20
359967.768328279
30
0.0
40
0.31111111111
41
1.0
50
0.0
51
0.0
7
Standard
11
1394781.80874103
21
359967.768328279
31
0.0
210
0.0
220
0.0
230
1.0
71
0
72
0
100
AcDbText
73
0
0
POINT
5
4E4
330
1C
100
AcDbEntity
67
0
8
0
62
256
6
ByLayer
370
-1
48
1.0
60
0
100
AcDbPoint
10
1394780.23244125
20
359967.082274482
30
0.0
39
0.0
210
0.0
220
0.0
230
1.0
50
360.0
0
TEXT
5
4E5
330
1C
100
AcDbEntity
67
0
8
0
62
7
6
ByLayer
370
-1
48
1.0
60
0
100
AcDbText
1
610
10
1394780.36157028
20
359967.356713179
30
0.0
40
0.31111111111
41
1.0
50
0.0
51
0.0
7
Standard
11
1394780.36157028
21
359967.356713179
31
0.0
210
0.0
220
0.0
230
1.0
71
0
72
0
100
AcDbText
73
0
0
POINT
5
4E6
330
1C
100
AcDbEntity
67
0
8
0
62
256
6
ByLayer
370
-1
48
1.0
60
0
100
AcDbPoint
10
1394778.77334708
20
359967.449390725
30
0.0
39
0.0
210
0.0
220
0.0
230
1.0
50
360.0
0
TEXT
5
4E7
330
1C
100
AcDbEntity
67
0
8
0
62
7
6
ByLayer
370
-1
48
1.0
60
0
100
AcDbText
1
611
10
1394778.9024761
20
359967.723829424
30
0.0
40
0.31111111111
41
1.0
50
0.0
51
0.0
7
Standard
11
1394778.9024761
21
359967.723829424
31
0.0
210
0.0
220
0.0
230
1.0
71
0
72
0
100
AcDbText
73
0
0
POINT
5
4E8
330
1C
100
AcDbEntity
67
0
8
0
62
256
6
ByLayer
370
-1
48
1.0
60
0
100
AcDbPoint
10
1394777.69329258
20
359968.496869799
30
0.0
39
0.0
210
0.0
220
0.0
230
1.0
50
360.0
0
TEXT
5
4E9
330
1C
100
AcDbEntity
67
0
8
0
62
7
6
ByLayer
370
-1
48
1.0
60
0
100
AcDbText
1
612
10
1394777.8224216
20
359968.771308494
30
0.0
40
0.31111111111
41
1.0
50
0.0
51
0.0
7
Standard
11
1394777.8224216
21
359968.771308494
31
0.0
210
0.0
220
0.0
230
1.0
71
0
72
0
100
AcDbText
73
0
0
POINT
5
4EA
330
1C
100
AcDbEntity
67
0
8
0
62
256
6
ByLayer
370
-1
48
1.0
60
0
100
AcDbPoint
10
1394755.03951853
20
359950.392600034
30
0.0
39
0.0
210
0.0
220
0.0
230
1.0
50
360.0
0
TEXT
5
4EB
330
1C
100
AcDbEntity
67
0
8
0
62
7
6
ByLayer
370
-1
48
1.0
60
0
100
AcDbText
1
613
10
1394755.16864759
20
359950.667038692
30
0.0
40
0.31111111111
41
1.0
50
0.0
51
0.0
7
Standard
11
1394755.16864759
21
359950.667038692
31
0.0
210
0.0
220
0.0
230
1.0
71
0
72
0
100
AcDbText
73
0
0
POINT
5
4EC
330
1C
100
AcDbEntity
67
0
8
0
62
256
6
ByLayer
370
-1
48
1.0
60
0
100
AcDbPoint
10
1394755.40663481
20
359951.851694104
30
0.0
39
0.0
210
0.0
220
0.0
230
1.0
50
360.0
0
TEXT
5
4ED
330
1C
100
AcDbEntity
67
0
8
0
62
7
6
ByLayer
370
-1
48
1.0
60
0
100
AcDbText
1
614
10
1394755.53576386
20
359952.126132759
30
0.0
40
0.31111111111
41
1.0
50
0.0
51
0.0
7
Standard
11
1394755.53576386
21
359952.126132759
31
0.0
210
0.0
220
0.0
230
1.0
71
0
72
0
100
AcDbText
73
0
0
POINT
5
4EE
330
1C
100
AcDbEntity
67
0
8
0
62
256
6
ByLayer
370
-1
48
1.0
60
0
100
AcDbPoint
10
1394756.45411387
20
359952.931748501
30
0.0
39
0.0
210
0.0
220
0.0
230
1.0
50
360.0
0
TEXT
5
4EF
330
1C
100
AcDbEntity
67
0
8
0
62
7
6
ByLayer
370
-1
48
1.0
60
0
100
AcDbText
1
615
10
1394756.58324292
20
359953.206187158
30
0.0
40
0.31111111111
41
1.0
50
0.0
51
0.0
7
Standard
11
1394756.58324292
21
359953.206187158
31
0.0
210
0.0
220
0.0
230
1.0
71
0
72
0
100
AcDbText
73
0
0
POINT
5
4F0
330
1C
100
AcDbEntity
67
0
8
0
62
256
6
ByLayer
370
-1
48
1.0
60
0
100
AcDbPoint
10
1394757.90128454
20
359953.343363522
30
0.0
39
0.0
210
0.0
220
0.0
230
1.0
50
360.0
0
TEXT
5
4F1
330
1C
100
AcDbEntity
67
0
8
0
62
7
6
ByLayer
370
-1
48
1.0
60
0
100
AcDbText
1
616
10
1394758.03041359
20
359953.617802178
30
0.0
40
0.31111111111
41
1.0
50
0.0
51
0.0
7
Standard
11
1394758.03041359
21
359953.617802178
31
0.0
210
0.0
220
0.0
230
1.0
71
0
72
0
100
AcDbText
73
0
0
POINT
5
4F2
330
1C
100
AcDbEntity
67
0
8
0
62
256
6
ByLayer
370
-1
48
1.0
60
0
100
AcDbPoint
10
1394759.36037863
20
359952.976247241
30
0.0
39
0.0
210
0.0
220
0.0
230
1.0
50
360.0
0
TEXT
5
4F3
330
1C
100
AcDbEntity
67
0
8
0
62
7
6
ByLayer
370
-1
48
1.0
60
0
100
AcDbText
1
617
10
1394759.48950768
20
359953.250685905
30
0.0
40
0.31111111111
41
1.0
50
0.0
51
0.0
7
Standard
11
1394759.48950768
21
359953.250685905
31
0.0
210
0.0
220
0.0
230
1.0
71
0
72
0
100
AcDbText
73
0
0
POINT
5
4F4
330
1C
100
AcDbEntity
67
0
8
0
62
256
6
ByLayer
370
-1
48
1.0
60
0
100
AcDbPoint
10
1394760.44043304
20
359951.928768174
30
0.0
39
0.0
210
0.0
220
0.0
230
1.0
50
360.0
0
TEXT
5
4F5
330
1C
100
AcDbEntity
67
0
8
0
62
7
6
ByLayer
370
-1
48
1.0
60
0
100
AcDbText
1
618
10
1394760.56956209
20
359952.203206836
30
0.0
40
0.31111111111
41
1.0
50
0.0
51
0.0
7
Standard
11
1394760.56956209
21
359952.203206836
31
0.0
210
0.0
220
0.0
230
1.0
71
0
72
0
100
AcDbText
73
0
0
POINT
5
4F6
330
1C
100
AcDbEntity
67
0
8
0
62
256
6
ByLayer
370
-1
48
1.0
60
0
100
AcDbPoint
10
1394760.85204805
20
359950.481597482
30
0.0
39
0.0
210
0.0
220
0.0
230
1.0
50
360.0
0
TEXT
5
4F7
330
1C
100
AcDbEntity
67
0
8
0
62
7
6
ByLayer
370
-1
48
1.0
60
0
100
AcDbText
1
619
10
1394760.98117711
20
359950.756036149
30
0.0
40
0.31111111111
41
1.0
50
0.0
51
0.0
7
Standard
11
1394760.98117711
21
359950.756036149
31
0.0
210
0.0
220
0.0
230
1.0
71
0
72
0
100
AcDbText
73
0
0
POINT
5
4F8
330
1C
100
AcDbEntity
67
0
8
0
62
256
6
ByLayer
370
-1
48
1.0
60
0
100
AcDbPoint
10
1394760.48493176
20
359949.022503393
30
0.0
39
0.0
210
0.0
220
0.0
230
1.0
50
360.0
0
TEXT
5
4F9
330
1C
100
AcDbEntity
67
0
8
0
62
7
6
ByLayer
370
-1
48
1.0
60
0
100
AcDbText
1
620
10
1394760.61406082
20
359949.29694206
30
0.0
40
0.31111111111
41
1.0
50
0.0
51
0.0
7
Standard
11
1394760.61406082
21
359949.29694206
31
0.0
210
0.0
220
0.0
230
1.0
71
0
72
0
100
AcDbText
73
0
0
POINT
5
4FA
330
1C
100
AcDbEntity
67
0
8
0
62
256
6
ByLayer
370
-1
48
1.0
60
0
100
AcDbPoint
10
1394759.43745268
20
359947.942448996
30
0.0
39
0.0
210
0.0
220
0.0
230
1.0
50
360.0
0
TEXT
5
4FB
330
1C
100
AcDbEntity
67
0
8
0
62
7
6
ByLayer
370
-1
48
1.0
60
0
100
AcDbText
1
621
10
1394759.56658174
20
359948.216887658
30
0.0
40
0.31111111111
41
1.0
50
0.0
51
0.0
7
Standard
11
1394759.56658174
21
359948.216887658
31
0.0
210
0.0
220
0.0
230
1.0
71
0
72
0
100
AcDbText
73
0
0
POINT
5
4FC
330
1C
100
AcDbEntity
67
0
8
0
62
256
6
ByLayer
370
-1
48
1.0
60
0
100
AcDbPoint
10
1394757.99028199
20
359947.530833999
30
0.0
39
0.0
210
0.0
220
0.0
230
1.0
50
360.0
0
TEXT
5
4FD
330
1C
100
AcDbEntity
67
0
8
0
62
7
6
ByLayer
370
-1
48
1.0
60
0
100
AcDbText
1
622
10
1394758.11941105
20
359947.805272656
30
0.0
40
0.31111111111
41
1.0
50
0.0
51
0.0
7
Standard
11
1394758.11941105
21
359947.805272656
31
0.0
210
0.0
220
0.0
230
1.0
71
0
72
0
100
AcDbText
73
0
0
POINT
5
4FE
330
1C
100
AcDbEntity
67
0
8
0
62
256
6
ByLayer
370
-1
48
1.0
60
0
100
AcDbPoint
10
1394756.53118792
20
359947.897950293
30
0.0
39
0.0
210
0.0
220
0.0
230
1.0
50
360.0
0
TEXT
5
4FF
330
1C
100
AcDbEntity
67
0
8
0
62
7
6
ByLayer
370
-1
48
1.0
60
0
100
AcDbText
1
623
10
1394756.66031698
20
359948.172388948
30
0.0
40
0.31111111111
41
1.0
50
0.0
51
0.0
7
Standard
11
1394756.66031698
21
359948.172388948
31
0.0
210
0.0
220
0.0
230
1.0
71
0
72
0
100
AcDbText
73
0
0
POINT
5
500
330
1C
100
AcDbEntity
67
0
8
0
62
256
6
ByLayer
370
-1
48
1.0
60
0
100
AcDbPoint
10
1394755.45113353
20
359948.94542936
30
0.0
39
0.0
210
0.0
220
0.0
230
1.0
50
360.0
0
TEXT
5
501
330
1C
100
AcDbEntity
67
0
8
0
62
7
6
ByLayer
370
-1
48
1.0
60
0
100
AcDbText
1
624
10
1394755.58026259
20
359949.219868018
30
0.0
40
0.31111111111
41
1.0
50
0.0
51
0.0
7
Standard
11
1394755.58026259
21
359949.219868018
31
0.0
210
0.0
220
0.0
230
1.0
71
0
72
0
100
AcDbText
73
0
0
POINT
5
502
330
1C
100
AcDbEntity
67
0
8
0
62
256
6
ByLayer
370
-1
48
1.0
60
0
100
AcDbPoint
10
1394770.90659517
20
359943.399085534
30
0.0
39
0.0
210
0.0
220
0.0
230
1.0
50
360.0
0
TEXT
5
503
330
1C
100
AcDbEntity
67
0
8
0
62
7
6
ByLayer
370
-1
48
1.0
60
0
100
AcDbText
1
625
10
1394771.03572424
20
359943.673524219
30
0.0
40
0.31111111111
41
1.0
50
0.0
51
0.0
7
Standard
11
1394771.03572424
21
359943.673524219
31
0.0
210
0.0
220
0.0
230
1.0
71
0
72
0
100
AcDbText
73
0
0
POINT
5
504
330
1C
100
AcDbEntity
67
0
8
0
62
256
6
ByLayer
370
-1
48
1.0
60
0
100
AcDbPoint
10
1394771.27371149
20
359944.858179658
30
0.0
39
0.0
210
0.0
220
0.0
230
1.0
50
360.0
0
TEXT
5
505
330
1C
100
AcDbEntity
67
0
8
0
62
7
6
ByLayer
370
-1
48
1.0
60
0
100
AcDbText
1
626
10
1394771.40284056
20
359945.132618338
30
0.0
40
0.31111111111
41
1.0
50
0.0
51
0.0
7
Standard
11
1394771.40284056
21
359945.132618338
31
0.0
210
0.0
220
0.0
230
1.0
71
0
72
0
100
AcDbText
73
0
0
POINT
5
506
330
1C
100
AcDbEntity
67
0
8
0
62
256
6
ByLayer
370
-1
48
1.0
60
0
100
AcDbPoint
10
1394772.32119062
20
359945.938234078
30
0.0
39
0.0
210
0.0
220
0.0
230
1.0
50
360.0
0
TEXT
5
507
330
1C
100
AcDbEntity
67
0
8
0
62
7
6
ByLayer
370
-1
48
1.0
60
0
100
AcDbText
1
627
10
1394772.45031968
20
359946.212672763
30
0.0
40
0.31111111111
41
1.0
50
0.0
51
0.0
7
Standard
11
1394772.45031968
21
359946.212672763
31
0.0
210
0.0
220
0.0
230
1.0
71
0
72
0
100
AcDbText
73
0
0
POINT
5
508
330
1C
100
AcDbEntity
67
0
8
0
62
256
6
ByLayer
370
-1
48
1.0
60
0
100
AcDbPoint
10
1394773.76836136
20
359946.349849086
30
0.0
39
0.0
210
0.0
220
0.0
230
1.0
50
360.0
0
TEXT
5
509
330
1C
100
AcDbEntity
67
0
8
0
62
7
6
ByLayer
370
-1
48
1.0
60
0
100
AcDbText
1
628
10
1394773.89749042
20
359946.624287775
30
0.0
40
0.31111111111
41
1.0
50
0.0
51
0.0
7
Standard
11
1394773.89749042
21
359946.624287775
31
0.0
210
0.0
220
0.0
230
1.0
71
0
72
0
100
AcDbText
73
0
0
POINT
5
50A
330
1C
100
AcDbEntity
67
0
8
0
62
256
6
ByLayer
370
-1
48
1.0
60
0
100
AcDbPoint
10
1394775.22745549
20
359945.982732771
30
0.0
39
0.0
210
0.0
220
0.0
230
1.0
50
360.0
0
TEXT
5
50B
330
1C
100
AcDbEntity
67
0
8
0
62
7
6
ByLayer
370
-1
48
1.0
60
0
100
AcDbText
1
629
10
1394775.35658456
20
359946.25717146
30
0.0
40
0.31111111111
41
1.0
50
0.0
51
0.0
7
Standard
11
1394775.35658456
21
359946.25717146
31
0.0
210
0.0
220
0.0
230
1.0
71
0
72
0
100
AcDbText
73
0
0
POINT
5
50C
330
1C
100
AcDbEntity
67
0
8
0
62
256
6
ByLayer
370
-1
48
1.0
60
0
100
AcDbPoint
10
1394776.30750993
20
359944.935253639
30
0.0
39
0.0
210
0.0
220
0.0
230
1.0
50
360.0
0
TEXT
5
50D
330
1C
100
AcDbEntity
67
0
8
0
62
7
6
ByLayer
370
-1
48
1.0
60
0
100
AcDbText
1
630
10
1394776.43663899
20
359945.209692331
30
0.0
40
0.31111111111
41
1.0
50
0.0
51
0.0
7
Standard
11
1394776.43663899
21
359945.209692331
31
0.0
210
0.0
220
0.0
230
1.0
71
0
72
0
100
AcDbText
73
0
0
POINT
5
50E
330
1C
100
AcDbEntity
67
0
8
0
62
256
6
ByLayer
370
-1
48
1.0
60
0
100
AcDbPoint
10
1394776.71912493
20
359943.488082882
30
0.0
39
0.0
210
0.0
220
0.0
230
1.0
50
360.0
0
TEXT
5
50F
330
1C
100
AcDbEntity
67
0
8
0
62
7
6
ByLayer
370
-1
48
1.0
60
0
100
AcDbText
1
631
10
1394776.848254
20
359943.762521575
30
0.0
40
0.31111111111
41
1.0
50
0.0
51
0.0
7
Standard
11
1394776.848254
21
359943.762521575
31
0.0
210
0.0
220
0.0
230
1.0
71
0
72
0
100
AcDbText
73
0
0
POINT
5
510
330
1C
100
AcDbEntity
67
0
8
0
62
256
6
ByLayer
370
-1
48
1.0
60
0
100
AcDbPoint
10
1394776.3520086
20
359942.028988739
30
0.0
39
0.0
210
0.0
220
0.0
230
1.0
50
360.0
0
TEXT
5
511
330
1C
100
AcDbEntity
67
0
8
0
62
7
6
ByLayer
370
-1
48
1.0
60
0
100
AcDbText
1
632
10
1394776.48113767
20
359942.303427432
30
0.0
40
0.31111111111
41
1.0
50
0.0
51
0.0
7
Standard
11
1394776.48113767
21
359942.303427432
31
0.0
210
0.0
220
0.0
230
1.0
71
0
72
0
100
AcDbText
73
0
0
POINT
5
512
330
1C
100
AcDbEntity
67
0
8
0
62
256
6
ByLayer
370
-1
48
1.0
60
0
100
AcDbPoint
10
1394775.30452946
20
359940.948934321
30
0.0
39
0.0
210
0.0
220
0.0
230
1.0
50
360.0
0
TEXT
5
513
330
1C
100
AcDbEntity
67
0
8
0
62
7
6
ByLayer
370
-1
48
1.0
60
0
100
AcDbText
1
633
10
1394775.43365853
20
359941.223373009
30
0.0
40
0.31111111111
41
1.0
50
0.0
51
0.0
7
Standard
11
1394775.43365853
21
359941.223373009
31
0.0
210
0.0
220
0.0
230
1.0
71
0
72
0
100
AcDbText
73
0
0
POINT
5
514
330
1C
100
AcDbEntity
67
0
8
0
62
256
6
ByLayer
370
-1
48
1.0
60
0
100
AcDbPoint
10
1394773.8573587
20
359940.537319328
30
0.0
39
0.0
210
0.0
220
0.0
230
1.0
50
360.0
0
TEXT
5
515
330
1C
100
AcDbEntity
67
0
8
0
62
7
6
ByLayer
370
-1
48
1.0
60
0
100
AcDbText
1
634
10
1394773.98648778
20
359940.811758015
30
0.0
40
0.31111111111
41
1.0
50
0.0
51
0.0
7
Standard
11
1394773.98648778
21
359940.811758015
31
0.0
210
0.0
220
0.0
230
1.0
71
0
72
0
100
AcDbText
73
0
0
POINT
5
516
330
1C
100
AcDbEntity
67
0
8
0
62
256
6
ByLayer
370
-1
48
1.0
60
0
100
AcDbPoint
10
1394772.39826458
20
359940.904435665
30
0.0
39
0.0
210
0.0
220
0.0
230
1.0
50
360.0
0
TEXT
5
517
330
1C
100
AcDbEntity
67
0
8
0
62
7
6
ByLayer
370
-1
48
1.0
60
0
100
AcDbText
1
635
10
1394772.52739365
20
359941.178874351
30
0.0
40
0.31111111111
41
1.0
50
0.0
51
0.0
7
Standard
11
1394772.52739365
21
359941.178874351
31
0.0
210
0.0
220
0.0
230
1.0
71
0
72
0
100
AcDbText
73
0
0
POINT
5
518
330
1C
100
AcDbEntity
67
0
8
0
62
256
6
ByLayer
370
-1
48
1.0
60
0
100
AcDbPoint
10
1394771.31821017
20
359941.951914798
30
0.0
39
0.0
210
0.0
220
0.0
230
1.0
50
360.0
0
TEXT
5
519
330
1C
100
AcDbEntity
67
0
8
0
62
7
6
ByLayer
370
-1
48
1.0
60
0
100
AcDbText
1
636
10
1394771.44733924
20
359942.226353479
30
0.0
40
0.31111111111
41
1.0
50
0.0
51
0.0
7
Standard
11
1394771.44733924
21
359942.226353479
31
0.0
210
0.0
220
0.0
230
1.0
71
0
72
0
100
AcDbText
73
0
0
POINT
5
51A
330
1C
100
AcDbEntity
67
0
8
0
62
256
6
ByLayer
370
-1
48
1.0
60
0
100
AcDbPoint
10
1394766.32476698
20
359928.686879492
30
0.0
39
0.0
210
0.0
220
0.0
230
1.0
50
360.0
0
TEXT
5
51B
330
1C
100
AcDbEntity
67
0
8
0
62
7
6
ByLayer
370
-1
48
1.0
60
0
100
AcDbText
1
637
10
1394766.45389608
20
359928.961318167
30
0.0
40
0.31111111111
41
1.0
50
0.0
51
0.0
7
Standard
11
1394766.45389608
21
359928.961318167
31
0.0
210
0.0
220
0.0
230
1.0
71
0
72
0
100
AcDbText
73
0
0
POINT
5
51C
330
1C
100
AcDbEntity
67
0
8
0
62
256
6
ByLayer
370
-1
48
1.0
60
0
100
AcDbPoint
10
1394766.69188336
20
359930.145973583
30
0.0
39
0.0
210
0.0
220
0.0
230
1.0
50
360.0
0
TEXT
5
51D
330
1C
100
AcDbEntity
67
0
8
0
62
7
6
ByLayer
370
-1
48
1.0
60
0
100
AcDbText
1
638
10
1394766.82101245
20
359930.420412259
30
0.0
40
0.31111111111
41
1.0
50
0.0
51
0.0
7
Standard
11
1394766.82101245
21
359930.420412259
31
0.0
210
0.0
220
0.0
230
1.0
71
0
72
0
100
AcDbText
73
0
0
POINT
5
51E
330
1C
100
AcDbEntity
67
0
8
0
62
256
6
ByLayer
370
-1
48
1.0
60
0
100
AcDbPoint
10
1394767.73936251
20
359931.22602795
30
0.0
39
0.0
210
0.0
220
0.0
230
1.0
50
360.0
0
TEXT
5
51F
330
1C
100
AcDbEntity
67
0
8
0
62
7
6
ByLayer
370
-1
48
1.0
60
0
100
AcDbText
1
639
10
1394767.8684916
20
359931.500466627
30
0.0
40
0.31111111111
41
1.0
50
0.0
51
0.0
7
Standard
11
1394767.8684916
21
359931.500466627
31
0.0
210
0.0
220
0.0
230
1.0
71
0
72
0
100
AcDbText
73
0
0
POINT
5
520
330
1C
100
AcDbEntity
67
0
8
0
62
256
6
ByLayer
370
-1
48
1.0
60
0
100
AcDbPoint
10
1394769.18653324
20
359931.637642902
30
0.0
39
0.0
210
0.0
220
0.0
230
1.0
50
360.0
0
TEXT
5
521
330
1C
100
AcDbEntity
67
0
8
0
62
7
6
ByLayer
370
-1
48
1.0
60
0
100
AcDbText
1
640
10
1394769.31566234
20
359931.912081583
30
0.0
40
0.31111111111
41
1.0
50
0.0
51
0.0
7
Standard
11
1394769.31566234
21
359931.912081583
31
0.0
210
0.0
220
0.0
230
1.0
71
0
72
0
100
AcDbText
73
0
0
POINT
5
522
330
1C
100
AcDbEntity
67
0
8
0
62
256
6
ByLayer
370
-1
48
1.0
60
0
100
AcDbPoint
10
1394770.64562735
20
359931.270526534
30
0.0
39
0.0
210
0.0
220
0.0
230
1.0
50
360.0
0
TEXT
5
523
330
1C
100
AcDbEntity
67
0
8
0
62
7
6
ByLayer
370
-1
48
1.0
60
0
100
AcDbText
1
641
10
1394770.77475644
20
359931.544965215
30
0.0
40
0.31111111111
41
1.0
50
0.0
51
0.0
7
Standard
11
1394770.77475644
21
359931.544965215
31
0.0
210
0.0
220
0.0
230
1.0
71
0
72
0
100
AcDbText
73
0
0
POINT
5
524
330
1C
100
AcDbEntity
67
0
8
0
62
256
6
ByLayer
370
-1
48
1.0
60
0
100
AcDbPoint
10
1394771.72568173
20
359930.223047375
30
0.0
39
0.0
210
0.0
220
0.0
230
1.0
50
360.0
0
TEXT
5
525
330
1C
100
AcDbEntity
67
0
8
0
62
7
6
ByLayer
370
-1
48
1.0
60
0
100
AcDbText
1
642
10
1394771.85481082
20
359930.497486058
30
0.0
40
0.31111111111
41
1.0
50
0.0
51
0.0
7
Standard
11
1394771.85481082
21
359930.497486058
31
0.0
210
0.0
220
0.0
230
1.0
71
0
72
0
100
AcDbText
73
0
0
POINT
5
526
330
1C
100
AcDbEntity
67
0
8
0
62
256
6
ByLayer
370
-1
48
1.0
60
0
100
AcDbPoint
10
1394772.13729668
20
359928.775876617
30
0.0
39
0.0
210
0.0
220
0.0
230
1.0
50
360.0
0
TEXT
5
527
330
1C
100
AcDbEntity
67
0
8
0
62
7
6
ByLayer
370
-1
48
1.0
60
0
100
AcDbText
1
643
10
1394772.26642578
20
359929.050315302
30
0.0
40
0.31111111111
41
1.0
50
0.0
51
0.0
7
Standard
11
1394772.26642578
21
359929.050315302
31
0.0
210
0.0
220
0.0
230
1.0
71
0
72
0
100
AcDbText
73
0
0
POINT
5
528
330
1C
100
AcDbEntity
67
0
8
0
62
256
6
ByLayer
370
-1
48
1.0
60
0
100
AcDbPoint
10
1394771.7701803
20
359927.316782508
30
0.0
39
0.0
210
0.0
220
0.0
230
1.0
50
360.0
0
TEXT
5
529
330
1C
100
AcDbEntity
67
0
8
0
62
7
6
ByLayer
370
-1
48
1.0
60
0
100
AcDbText
1
644
10
1394771.89930939
20
359927.59122119
30
0.0
40
0.31111111111
41
1.0
50
0.0
51
0.0
7
Standard
11
1394771.89930939
21
359927.59122119
31
0.0
210
0.0
220
0.0
230
1.0
71
0
72
0
100
AcDbText
73
0
0
POINT
5
52A
330
1C
100
AcDbEntity
67
0
8
0
62
256
6
ByLayer
370
-1
48
1.0
60
0
100
AcDbPoint
10
1394770.72270112
20
359926.236728137
30
0.0
39
0.0
210
0.0
220
0.0
230
1.0
50
360.0
0
TEXT
5
52B
330
1C
100
AcDbEntity
67
0
8
0
62
7
6
ByLayer
370
-1
48
1.0
60
0
100
AcDbText
1
645
10
1394770.85183022
20
359926.51116682
30
0.0
40
0.31111111111
41
1.0
50
0.0
51
0.0
7
Standard
11
1394770.85183022
21
359926.51116682
31
0.0
210
0.0
220
0.0
230
1.0
71
0
72
0
100
AcDbText
73
0
0
POINT
5
52C
330
1C
100
AcDbEntity
67
0
8
0
62
256
6
ByLayer
370
-1
48
1.0
60
0
100
AcDbPoint
10
1394769.27553037
20
359925.825113207
30
0.0
39
0.0
210
0.0
220
0.0
230
1.0
50
360.0
0
TEXT
5
52D
330
1C
100
AcDbEntity
67
0
8
0
62
7
6
ByLayer
370
-1
48
1.0
60
0
100
AcDbText
1
646
10
1394769.40465947
20
359926.099551886
30
0.0
40
0.31111111111
41
1.0
50
0.0
51
0.0
7
Standard
11
1394769.40465947
21
359926.099551886
31
0.0
210
0.0
220
0.0
230
1.0
71
0
72
0
100
AcDbText
73
0
0
POINT
5
52E
330
1C
100
AcDbEntity
67
0
8
0
62
256
6
ByLayer
370
-1
48
1.0
60
0
100
AcDbPoint
10
1394767.81643628
20
359926.192229594
30
0.0
39
0.0
210
0.0
220
0.0
230
1.0
50
360.0
0
TEXT
5
52F
330
1C
100
AcDbEntity
67
0
8
0
62
7
6
ByLayer
370
-1
48
1.0
60
0
100
AcDbText
1
647
10
1394767.94556538
20
359926.46666827
30
0.0
40
0.31111111111
41
1.0
50
0.0
51
0.0
7
Standard
11
1394767.94556538
21
359926.46666827
31
0.0
210
0.0
220
0.0
230
1.0
71
0
72
0
100
AcDbText
73
0
0
POINT
5
530
330
1C
100
AcDbEntity
67
0
8
0
62
256
6
ByLayer
370
-1
48
1.0
60
0
100
AcDbPoint
10
1394766.73638192
20
359927.239708754
30
0.0
39
0.0
210
0.0
220
0.0
230
1.0
50
360.0
0
TEXT
5
531
330
1C
100
AcDbEntity
67
0
8
0
62
7
6
ByLayer
370
-1
48
1.0
60
0
100
AcDbText
1
648
10
1394766.86551102
20
359927.514147432
30
0.0
40
0.31111111111
41
1.0
50
0.0
51
0.0
7
Standard
11
1394766.86551102
21
359927.514147432
31
0.0
210
0.0
220
0.0
230
1.0
71
0
72
0
100
AcDbText
73
0
0
POINT
5
532
330
1C
100
AcDbEntity
67
0
8
0
62
256
6
ByLayer
370
-1
48
1.0
60
0
100
AcDbPoint
10
1394773.3635608
20
359829.416876718
30
0.0
39
0.0
210
0.0
220
0.0
230
1.0
50
360.0
0
TEXT
5
533
330
1C
100
AcDbEntity
67
0
8
0
62
7
6
ByLayer
370
-1
48
1.0
60
0
100
AcDbText
1
649
10
1394773.49269008
20
359829.691315412
30
0.0
40
0.31111111111
41
1.0
50
0.0
51
0.0
7
Standard
11
1394773.49269008
21
359829.691315412
31
0.0
210
0.0
220
0.0
230
1.0
71
0
72
0
100
AcDbText
73
0
0
POINT
5
534
330
1C
100
AcDbEntity
67
0
8
0
62
256
6
ByLayer
370
-1
48
1.0
60
0
100
AcDbPoint
10
1394773.73067755
20
359830.875970743
30
0.0
39
0.0
210
0.0
220
0.0
230
1.0
50
360.0
0
TEXT
5
535
330
1C
100
AcDbEntity
67
0
8
0
62
7
6
ByLayer
370
-1
48
1.0
60
0
100
AcDbText
1
650
10
1394773.85980683
20
359831.150409434
30
0.0
40
0.31111111111
41
1.0
50
0.0
51
0.0
7
Standard
11
1394773.85980683
21
359831.150409434
31
0.0
210
0.0
220
0.0
230
1.0
71
0
72
0
100
AcDbText
73
0
0
POINT
5
536
330
1C
100
AcDbEntity
67
0
8
0
62
256
6
ByLayer
370
-1
48
1.0
60
0
100
AcDbPoint
10
1394774.77815699
20
359831.956024864
30
0.0
39
0.0
210
0.0
220
0.0
230
1.0
50
360.0
0
TEXT
5
537
330
1C
100
AcDbEntity
67
0
8
0
62
7
6
ByLayer
370
-1
48
1.0
60
0
100
AcDbText
1
651
10
1394774.90728627
20
359832.230463557
30
0.0
40
0.31111111111
41
1.0
50
0.0
51
0.0
7
Standard
11
1394774.90728627
21
359832.230463557
31
0.0
210
0.0
220
0.0
230
1.0
71
0
72
0
100
AcDbText
73
0
0
POINT
5
538
330
1C
100
AcDbEntity
67
0
8
0
62
256
6
ByLayer
370
-1
48
1.0
60
0
100
AcDbPoint
10
1394776.22532787
20
359832.367639454
30
0.0
39
0.0
210
0.0
220
0.0
230
1.0
50
360.0
0
TEXT
5
539
330
1C
100
AcDbEntity
67
0
8
0
62
7
6
ByLayer
370
-1
48
1.0
60
0
100
AcDbText
1
652
10
1394776.35445714
20
359832.642078148
30
0.0
40
0.31111111111
41
1.0
50
0.0
51
0.0
7
Standard
11
1394776.35445714
21
359832.642078148
31
0.0
210
0.0
220
0.0
230
1.0
71
0
72
0
100
AcDbText
73
0
0
POINT
5
53A
330
1C
100
AcDbEntity
67
0
8
0
62
256
6
ByLayer
370
-1
48
1.0
60
0
100
AcDbPoint
10
1394777.68442191
20
359832.000522706
30
0.0
39
0.0
210
0.0
220
0.0
230
1.0
50
360.0
0
TEXT
5
53B
330
1C
100
AcDbEntity
67
0
8
0
62
7
6
ByLayer
370
-1
48
1.0
60
0
100
AcDbText
1
653
10
1394777.81355118
20
359832.274961402
30
0.0
40
0.31111111111
41
1.0
50
0.0
51
0.0
7
Standard
11
1394777.81355118
21
359832.274961402
31
0.0
210
0.0
220
0.0
230
1.0
71
0
72
0
100
AcDbText
73
0
0
POINT
5
53C
330
1C
100
AcDbEntity
67
0
8
0
62
256
6
ByLayer
370
-1
48
1.0
60
0
100
AcDbPoint
10
1394778.76447604
20
359830.953043252
30
0.0
39
0.0
210
0.0
220
0.0
230
1.0
50
360.0
0
TEXT
5
53D
330
1C
100
AcDbEntity
67
0
8
0
62
7
6
ByLayer
370
-1
48
1.0
60
0
100
AcDbText
1
654
10
1394778.89360531
20
359831.227481952
30
0.0
40
0.31111111111
41
1.0
50
0.0
51
0.0
7
Standard
11
1394778.89360531
21
359831.227481952
31
0.0
210
0.0
220
0.0
230
1.0
71
0
72
0
100
AcDbText
73
0
0
POINT
5
53E
330
1C
100
AcDbEntity
67
0
8
0
62
256
6
ByLayer
370
-1
48
1.0
60
0
100
AcDbPoint
10
1394779.17609062
20
359829.505872366
30
0.0
39
0.0
210
0.0
220
0.0
230
1.0
50
360.0
0
TEXT
5
53F
330
1C
100
AcDbEntity
67
0
8
0
62
7
6
ByLayer
370
-1
48
1.0
60
0
100
AcDbText
1
655
10
1394779.3052199
20
359829.780311066
30
0.0
40
0.31111111111
41
1.0
50
0.0
51
0.0
7
Standard
11
1394779.3052199
21
359829.780311066
31
0.0
210
0.0
220
0.0
230
1.0
71
0
72
0
100
AcDbText
73
0
0
POINT
5
540
330
1C
100
AcDbEntity
67
0
8
0
62
256
6
ByLayer
370
-1
48
1.0
60
0
100
AcDbPoint
10
1394778.80897386
20
359828.046778323
30
0.0
39
0.0
210
0.0
220
0.0
230
1.0
50
360.0
0
TEXT
5
541
330
1C
100
AcDbEntity
67
0
8
0
62
7
6
ByLayer
370
-1
48
1.0
60
0
100
AcDbText
1
656
10
1394778.93810314
20
359828.32121702
30
0.0
40
0.31111111111
41
1.0
50
0.0
51
0.0
7
Standard
11
1394778.93810314
21
359828.32121702
31
0.0
210
0.0
220
0.0
230
1.0
71
0
72
0
100
AcDbText
73
0
0
POINT
5
542
330
1C
100
AcDbEntity
67
0
8
0
62
256
6
ByLayer
370
-1
48
1.0
60
0
100
AcDbPoint
10
1394777.7614944
20
359826.966724201
30
0.0
39
0.0
210
0.0
220
0.0
230
1.0
50
360.0
0
TEXT
5
543
330
1C
100
AcDbEntity
67
0
8
0
62
7
6
ByLayer
370
-1
48
1.0
60
0
100
AcDbText
1
657
10
1394777.89062368
20
359827.241162899
30
0.0
40
0.31111111111
41
1.0
50
0.0
51
0.0
7
Standard
11
1394777.89062368
21
359827.241162899
31
0.0
210
0.0
220
0.0
230
1.0
71
0
72
0
100
AcDbText
73
0
0
POINT
5
544
330
1C
100
AcDbEntity
67
0
8
0
62
256
6
ByLayer
370
-1
48
1.0
60
0
100
AcDbPoint
10
1394776.31432351
20
359826.555109631
30
0.0
39
0.0
210
0.0
220
0.0
230
1.0
50
360.0
0
TEXT
5
545
330
1C
100
AcDbEntity
67
0
8
0
62
7
6
ByLayer
370
-1
48
1.0
60
0
100
AcDbText
1
658
10
1394776.44345279
20
359826.829548326
30
0.0
40
0.31111111111
41
1.0
50
0.0
51
0.0
7
Standard
11
1394776.44345279
21
359826.829548326
31
0.0
210
0.0
220
0.0
230
1.0
71
0
72
0
100
AcDbText
73
0
0
POINT
5
546
330
1C
100
AcDbEntity
67
0
8
0
62
256
6
ByLayer
370
-1
48
1.0
60
0
100
AcDbPoint
10
1394774.85522948
20
359826.922226396
30
0.0
39
0.0
210
0.0
220
0.0
230
1.0
50
360.0
0
TEXT
5
547
330
1C
100
AcDbEntity
67
0
8
0
62
7
6
ByLayer
370
-1
48
1.0
60
0
100
AcDbText
1
659
10
1394774.98435877
20
359827.196665093
30
0.0
40
0.31111111111
41
1.0
50
0.0
51
0.0
7
Standard
11
1394774.98435877
21
359827.196665093
31
0.0
210
0.0
220
0.0
230
1.0
71
0
72
0
100
AcDbText
73
0
0
POINT
5
548
330
1C
100
AcDbEntity
67
0
8
0
62
256
6
ByLayer
370
-1
48
1.0
60
0
100
AcDbPoint
10
1394773.77517537
20
359827.969705851
30
0.0
39
0.0
210
0.0
220
0.0
230
1.0
50
360.0
0
TEXT
5
549
330
1C
100
AcDbEntity
67
0
8
0
62
7
6
ByLayer
370
-1
48
1.0
60
0
100
AcDbText
1
660
10
1394773.90430465
20
359828.244144541
30
0.0
40
0.31111111111
41
1.0
50
0.0
51
0.0
7
Standard
11
1394773.90430465
21
359828.244144541
31
0.0
210
0.0
220
0.0
230
1.0
71
0
72
0
100
AcDbText
73
0
0
POINT
5
54A
330
1C
100
AcDbEntity
67
0
8
0
62
256
6
ByLayer
370
-1
48
1.0
60
0
100
AcDbPoint
10
1394802.53019872
20
359877.725194339
30
0.0
39
0.0
210
0.0
220
0.0
230
1.0
50
360.0
0
TEXT
5
54B
330
1C
100
AcDbEntity
67
0
8
0
62
7
6
ByLayer
370
-1
48
1.0
60
0
100
AcDbText
1
661
10
1394802.65932791
20
359877.99963308
30
0.0
40
0.31111111111
41
1.0
50
0.0
51
0.0
7
Standard
11
1394802.65932791
21
359877.99963308
31
0.0
210
0.0
220
0.0
230
1.0
71
0
72
0
100
AcDbText
73
0
0
POINT
5
54C
330
1C
100
AcDbEntity
67
0
8
0
62
256
6
ByLayer
370
-1
48
1.0
60
0
100
AcDbPoint
10
1394802.89731532
20
359879.184288516
30
0.0
39
0.0
210
0.0
220
0.0
230
1.0
50
360.0
0
TEXT
5
54D
330
1C
100
AcDbEntity
67
0
8
0
62
7
6
ByLayer
370
-1
48
1.0
60
0
100
AcDbText
1
662
10
1394803.02644451
20
359879.458727261
30
0.0
40
0.31111111111
41
1.0
50
0.0
51
0.0
7
Standard
11
1394803.02644451
21
359879.458727261
31
0.0
210
0.0
220
0.0
230
1.0
71
0
72
0
100
AcDbText
73
0
0
POINT
5
54E
330
1C
100
AcDbEntity
67
0
8
0
62
256
6
ByLayer
370
-1
48
1.0
60
0
100
AcDbPoint
10
1394803.94479471
20
359880.264342851
30
0.0
39
0.0
210
0.0
220
0.0
230
1.0
50
360.0
0
TEXT
5
54F
330
1C
100
AcDbEntity
67
0
8
0
62
7
6
ByLayer
370
-1
48
1.0
60
0
100
AcDbText
1
663
10
1394804.07392389
20
359880.538781594
30
0.0
40
0.31111111111
41
1.0
50
0.0
51
0.0
7
Standard
11
1394804.07392389
21
359880.538781594
31
0.0
210
0.0
220
0.0
230
1.0
71
0
72
0
100
AcDbText
73
0
0
POINT
5
550
330
1C
100
AcDbEntity
67
0
8
0
62
256
6
ByLayer
370
-1
48
1.0
60
0
100
AcDbPoint
10
1394805.39196564
20
359880.675957646
30
0.0
39
0.0
210
0.0
220
0.0
230
1.0
50
360.0
0
TEXT
5
551
330
1C
100
AcDbEntity
67
0
8
0
62
7
6
ByLayer
370
-1
48
1.0
60
0
100
AcDbText
1
664
10
1394805.52109482
20
359880.950396394
30
0.0
40
0.31111111111
41
1.0
50
0.0
51
0.0
7
Standard
11
1394805.52109482
21
359880.950396394
31
0.0
210
0.0
220
0.0
230
1.0
71
0
72
0
100
AcDbText
73
0
0
POINT
5
552
330
1C
100
AcDbEntity
67
0
8
0
62
256
6
ByLayer
370
-1
48
1.0
60
0
100
AcDbPoint
10
1394806.85105983
20
359880.308841053
30
0.0
39
0.0
210
0.0
220
0.0
230
1.0
50
360.0
0
TEXT
5
553
330
1C
100
AcDbEntity
67
0
8
0
62
7
6
ByLayer
370
-1
48
1.0
60
0
100
AcDbText
1
665
10
1394806.98018901
20
359880.583279804
30
0.0
40
0.31111111111
41
1.0
50
0.0
51
0.0
7
Standard
11
1394806.98018901
21
359880.583279804
31
0.0
210
0.0
220
0.0
230
1.0
71
0
72
0
100
AcDbText
73
0
0
POINT
5
554
330
1C
100
AcDbEntity
67
0
8
0
62
256
6
ByLayer
370
-1
48
1.0
60
0
100
AcDbPoint
10
1394807.93111417
20
359879.261361653
30
0.0
39
0.0
210
0.0
220
0.0
230
1.0
50
360.0
0
TEXT
5
555
330
1C
100
AcDbEntity
67
0
8
0
62
7
6
ByLayer
370
-1
48
1.0
60
0
100
AcDbText
1
666
10
1394808.06024336
20
359879.535800408
30
0.0
40
0.31111111111
41
1.0
50
0.0
51
0.0
7
Standard
11
1394808.06024336
21
359879.535800408
31
0.0
210
0.0
220
0.0
230
1.0
71
0
72
0
100
AcDbText
73
0
0
POINT
5
556
330
1C
100
AcDbEntity
67
0
8
0
62
256
6
ByLayer
370
-1
48
1.0
60
0
100
AcDbPoint
10
1394808.34272896
20
359877.814190712
30
0.0
39
0.0
210
0.0
220
0.0
230
1.0
50
360.0
0
TEXT
5
557
330
1C
100
AcDbEntity
67
0
8
0
62
7
6
ByLayer
370
-1
48
1.0
60
0
100
AcDbText
1
667
10
1394808.47185816
20
359878.088629462
30
0.0
40
0.31111111111
41
1.0
50
0.0
51
0.0
7
Standard
11
1394808.47185816
21
359878.088629462
31
0.0
210
0.0
220
0.0
230
1.0
71
0
72
0
100
AcDbText
73
0
0
POINT
5
558
330
1C
100
AcDbEntity
67
0
8
0
62
256
6
ByLayer
370
-1
48
1.0
60
0
100
AcDbPoint
10
1394807.97561236
20
359876.355096514
30
0.0
39
0.0
210
0.0
220
0.0
230
1.0
50
360.0
0
TEXT
5
559
330
1C
100
AcDbEntity
67
0
8
0
62
7
6
ByLayer
370
-1
48
1.0
60
0
100
AcDbText
1
668
10
1394808.10474155
20
359876.629535265
30
0.0
40
0.31111111111
41
1.0
50
0.0
51
0.0
7
Standard
11
1394808.10474155
21
359876.629535265
31
0.0
210
0.0
220
0.0
230
1.0
71
0
72
0
100
AcDbText
73
0
0
POINT
5
55A
330
1C
100
AcDbEntity
67
0
8
0
62
256
6
ByLayer
370
-1
48
1.0
60
0
100
AcDbPoint
10
1394806.92813295
20
359875.27504218
30
0.0
39
0.0
210
0.0
220
0.0
230
1.0
50
360.0
0
TEXT
5
55B
330
1C
100
AcDbEntity
67
0
8
0
62
7
6
ByLayer
370
-1
48
1.0
60
0
100
AcDbText
1
669
10
1394807.05726215
20
359875.549480932
30
0.0
40
0.31111111111
41
1.0
50
0.0
51
0.0
7
Standard
11
1394807.05726215
21
359875.549480932
31
0.0
210
0.0
220
0.0
230
1.0
71
0
72
0
100
AcDbText
73
0
0
POINT
5
55C
330
1C
100
AcDbEntity
67
0
8
0
62
256
6
ByLayer
370
-1
48
1.0
60
0
100
AcDbPoint
10
1394805.48096201
20
359874.863427403
30
0.0
39
0.0
210
0.0
220
0.0
230
1.0
50
360.0
0
TEXT
5
55D
330
1C
100
AcDbEntity
67
0
8
0
62
7
6
ByLayer
370
-1
48
1.0
60
0
100
AcDbText
1
670
10
1394805.6100912
20
359875.137866149
30
0.0
40
0.31111111111
41
1.0
50
0.0
51
0.0
7
Standard
11
1394805.6100912
21
359875.137866149
31
0.0
210
0.0
220
0.0
230
1.0
71
0
72
0
100
AcDbText
73
0
0
POINT
5
55E
330
1C
100
AcDbEntity
67
0
8
0
62
256
6
ByLayer
370
-1
48
1.0
60
0
100
AcDbPoint
10
1394804.02186783
20
359875.230544012
30
0.0
39
0.0
210
0.0
220
0.0
230
1.0
50
360.0
0
TEXT
5
55F
330
1C
100
AcDbEntity
67
0
8
0
62
7
6
ByLayer
370
-1
48
1.0
60
0
100
AcDbText
1
671
10
1394804.15099702
20
359875.504982758
30
0.0
40
0.31111111111
41
1.0
50
0.0
51
0.0
7
Standard
11
1394804.15099702
21
359875.504982758
31
0.0
210
0.0
220
0.0
230
1.0
71
0
72
0
100
AcDbText
73
0
0
POINT
5
560
330
1C
100
AcDbEntity
67
0
8
0
62
256
6
ByLayer
370
-1
48
1.0
60
0
100
AcDbPoint
10
1394802.94181351
20
359876.278023412
30
0.0
39
0.0
210
0.0
220
0.0
230
1.0
50
360.0
0
TEXT
5
561
330
1C
100
AcDbEntity
67
0
8
0
62
7
6
ByLayer
370
-1
48
1.0
60
0
100
AcDbText
1
672
10
1394803.0709427
20
359876.552462155
30
0.0
40
0.31111111111
41
1.0
50
0.0
51
0.0
7
Standard
11
1394803.0709427
21
359876.552462155
31
0.0
210
0.0
220
0.0
230
1.0
71
0
72
0
100
AcDbText
73
0
0
POINT
5
562
330
1C
100
AcDbEntity
67
0
8
0
62
256
6
ByLayer
370
-1
48
1.0
60
0
100
AcDbPoint
10
1394749.72551136
20
359839.538388866
30
0.0
39
0.0
210
0.0
220
0.0
230
1.0
50
360.0
0
TEXT
5
563
330
1C
100
AcDbEntity
67
0
8
0
62
7
6
ByLayer
370
-1
48
1.0
60
0
100
AcDbText
1
673
10
1394749.85464062
20
359839.812827513
30
0.0
40
0.31111111111
41
1.0
50
0.0
51
0.0
7
Standard
11
1394749.85464062
21
359839.812827513
31
0.0
210
0.0
220
0.0
230
1.0
71
0
72
0
100
AcDbText
73
0
0
POINT
5
564
330
1C
100
AcDbEntity
67
0
8
0
62
256
6
ByLayer
370
-1
48
1.0
60
0
100
AcDbPoint
10
1394750.09262805
20
359840.997482812
30
0.0
39
0.0
210
0.0
220
0.0
230
1.0
50
360.0
0
TEXT
5
565
330
1C
100
AcDbEntity
67
0
8
0
62
7
6
ByLayer
370
-1
48
1.0
60
0
100
AcDbText
1
674
10
1394750.22175731
20
359841.27192146
30
0.0
40
0.31111111111
41
1.0
50
0.0
51
0.0
7
Standard
11
1394750.22175731
21
359841.27192146
31
0.0
210
0.0
220
0.0
230
1.0
71
0
72
0
100
AcDbText
73
0
0
POINT
5
566
330
1C
100
AcDbEntity
67
0
8
0
62
256
6
ByLayer
370
-1
48
1.0
60
0
100
AcDbPoint
10
1394751.14010741
20
359842.077536892
30
0.0
39
0.0
210
0.0
220
0.0
230
1.0
50
360.0
0
TEXT
5
567
330
1C
100
AcDbEntity
67
0
8
0
62
7
6
ByLayer
370
-1
48
1.0
60
0
100
AcDbText
1
675
10
1394751.26923666
20
359842.351975543
30
0.0
40
0.31111111111
41
1.0
50
0.0
51
0.0
7
Standard
11
1394751.26923666
21
359842.351975543
31
0.0
210
0.0
220
0.0
230
1.0
71
0
72
0
100
AcDbText
73
0
0
POINT
5
568
330
1C
100
AcDbEntity
67
0
8
0
62
256
6
ByLayer
370
-1
48
1.0
60
0
100
AcDbPoint
10
1394752.58727818
20
359842.489151493
30
0.0
39
0.0
210
0.0
220
0.0
230
1.0
50
360.0
0
TEXT
5
569
330
1C
100
AcDbEntity
67
0
8
0
62
7
6
ByLayer
370
-1
48
1.0
60
0
100
AcDbText
1
676
10
1394752.71640743
20
359842.763590145
30
0.0
40
0.31111111111
41
1.0
50
0.0
51
0.0
7
Standard
11
1394752.71640743
21
359842.763590145
31
0.0
210
0.0
220
0.0
230
1.0
71
0
72
0
100
AcDbText
73
0
0
POINT
5
56A
330
1C
100
AcDbEntity
67
0
8
0
62
256
6
ByLayer
370
-1
48
1.0
60
0
100
AcDbPoint
10
1394754.04637214
20
359842.122034807
30
0.0
39
0.0
210
0.0
220
0.0
230
1.0
50
360.0
0
TEXT
5
56B
330
1C
100
AcDbEntity
67
0
8
0
62
7
6
ByLayer
370
-1
48
1.0
60
0
100
AcDbText
1
677
10
1394754.17550139
20
359842.396473463
30
0.0
40
0.31111111111
41
1.0
50
0.0
51
0.0
7
Standard
11
1394754.17550139
21
359842.396473463
31
0.0
210
0.0
220
0.0
230
1.0
71
0
72
0
100
AcDbText
73
0
0
POINT
5
56C
330
1C
100
AcDbEntity
67
0
8
0
62
256
6
ByLayer
370
-1
48
1.0
60
0
100
AcDbPoint
10
1394755.12642623
20
359841.074555446
30
0.0
39
0.0
210
0.0
220
0.0
230
1.0
50
360.0
0
TEXT
5
56D
330
1C
100
AcDbEntity
67
0
8
0
62
7
6
ByLayer
370
-1
48
1.0
60
0
100
AcDbText
1
678
10
1394755.25555549
20
359841.348994103
30
0.0
40
0.31111111111
41
1.0
50
0.0
51
0.0
7
Standard
11
1394755.25555549
21
359841.348994103
31
0.0
210
0.0
220
0.0
230
1.0
71
0
72
0
100
AcDbText
73
0
0
POINT
5
56E
330
1C
100
AcDbEntity
67
0
8
0
62
256
6
ByLayer
370
-1
48
1.0
60
0
100
AcDbPoint
10
1394755.53804083
20
359839.627384657
30
0.0
39
0.0
210
0.0
220
0.0
230
1.0
50
360.0
0
TEXT
5
56F
330
1C
100
AcDbEntity
67
0
8
0
62
7
6
ByLayer
370
-1
48
1.0
60
0
100
AcDbText
1
679
10
1394755.66717009
20
359839.901823315
30
0.0
40
0.31111111111
41
1.0
50
0.0
51
0.0
7
Standard
11
1394755.66717009
21
359839.901823315
31
0.0
210
0.0
220
0.0
230
1.0
71
0
72
0
100
AcDbText
73
0
0
POINT
5
570
330
1C
100
AcDbEntity
67
0
8
0
62
256
6
ByLayer
370
-1
48
1.0
60
0
100
AcDbPoint
10
1394755.17092413
20
359838.168290695
30
0.0
39
0.0
210
0.0
220
0.0
230
1.0
50
360.0
0
TEXT
5
571
330
1C
100
AcDbEntity
67
0
8
0
62
7
6
ByLayer
370
-1
48
1.0
60
0
100
AcDbText
1
680
10
1394755.30005339
20
359838.442729351
30
0.0
40
0.31111111111
41
1.0
50
0.0
51
0.0
7
Standard
11
1394755.30005339
21
359838.442729351
31
0.0
210
0.0
220
0.0
230
1.0
71
0
72
0
100
AcDbText
73
0
0
POINT
5
572
330
1C
100
AcDbEntity
67
0
8
0
62
256
6
ByLayer
370
-1
48
1.0
60
0
100
AcDbPoint
10
1394754.12344475
20
359837.088236611
30
0.0
39
0.0
210
0.0
220
0.0
230
1.0
50
360.0
0
TEXT
5
573
330
1C
100
AcDbEntity
67
0
8
0
62
7
6
ByLayer
370
-1
48
1.0
60
0
100
AcDbText
1
681
10
1394754.25257402
20
359837.362675267
30
0.0
40
0.31111111111
41
1.0
50
0.0
51
0.0
7
Standard
11
1394754.25257402
21
359837.362675267
31
0.0
210
0.0
220
0.0
230
1.0
71
0
72
0
100
AcDbText
73
0
0
POINT
5
574
330
1C
100
AcDbEntity
67
0
8
0
62
256
6
ByLayer
370
-1
48
1.0
60
0
100
AcDbPoint
10
1394752.67627397
20
359836.676622029
30
0.0
39
0.0
210
0.0
220
0.0
230
1.0
50
360.0
0
TEXT
5
575
330
1C
100
AcDbEntity
67
0
8
0
62
7
6
ByLayer
370
-1
48
1.0
60
0
100
AcDbText
1
682
10
1394752.80540323
20
359836.951060682
30
0.0
40
0.31111111111
41
1.0
50
0.0
51
0.0
7
Standard
11
1394752.80540323
21
359836.951060682
31
0.0
210
0.0
220
0.0
230
1.0
71
0
72
0
100
AcDbText
73
0
0
POINT
5
576
330
1C
100
AcDbEntity
67
0
8
0
62
256
6
ByLayer
370
-1
48
1.0
60
0
100
AcDbPoint
10
1394751.21718002
20
359837.043738735
30
0.0
39
0.0
210
0.0
220
0.0
230
1.0
50
360.0
0
TEXT
5
577
330
1C
100
AcDbEntity
67
0
8
0
62
7
6
ByLayer
370
-1
48
1.0
60
0
100
AcDbText
1
683
10
1394751.34630928
20
359837.318177384
30
0.0
40
0.31111111111
41
1.0
50
0.0
51
0.0
7
Standard
11
1394751.34630928
21
359837.318177384
31
0.0
210
0.0
220
0.0
230
1.0
71
0
72
0
100
AcDbText
73
0
0
POINT
5
578
330
1C
100
AcDbEntity
67
0
8
0
62
256
6
ByLayer
370
-1
48
1.0
60
0
100
AcDbPoint
10
1394750.13712595
20
359838.091218095
30
0.0
39
0.0
210
0.0
220
0.0
230
1.0
50
360.0
0
TEXT
5
579
330
1C
100
AcDbEntity
67
0
8
0
62
7
6
ByLayer
370
-1
48
1.0
60
0
100
AcDbText
1
684
10
1394750.26625521
20
359838.365656745
30
0.0
40
0.31111111111
41
1.0
50
0.0
51
0.0
7
Standard
11
1394750.26625521
21
359838.365656745
31
0.0
210
0.0
220
0.0
230
1.0
71
0
72
0
100
AcDbText
73
0
0
POINT
5
57A
330
1C
100
AcDbEntity
67
0
8
0
62
256
6
ByLayer
370
-1
48
1.0
60
0
100
AcDbPoint
10
1394785.57631521
20
359821.694227617
30
0.0
39
0.0
210
0.0
220
0.0
230
1.0
50
360.0
0
TEXT
5
57B
330
1C
100
AcDbEntity
67
0
8
0
62
7
6
ByLayer
370
-1
48
1.0
60
0
100
AcDbText
1
685
10
1394785.7054445
20
359821.968666329
30
0.0
40
0.31111111111
41
1.0
50
0.0
51
0.0
7
Standard
11
1394785.7054445
21
359821.968666329
31
0.0
210
0.0
220
0.0
230
1.0
71
0
72
0
100
AcDbText
73
0
0
POINT
5
57C
330
1C
100
AcDbEntity
67
0
8
0
62
256
6
ByLayer
370
-1
48
1.0
60
0
100
AcDbPoint
10
1394785.943432
20
359823.153321679
30
0.0
39
0.0
210
0.0
220
0.0
230
1.0
50
360.0
0
TEXT
5
57D
330
1C
100
AcDbEntity
67
0
8
0
62
7
6
ByLayer
370
-1
48
1.0
60
0
100
AcDbText
1
686
10
1394786.07256129
20
359823.427760392
30
0.0
40
0.31111111111
41
1.0
50
0.0
51
0.0
7
Standard
11
1394786.07256129
21
359823.427760392
31
0.0
210
0.0
220
0.0
230
1.0
71
0
72
0
100
AcDbText
73
0
0
POINT
5
57E
330
1C
100
AcDbEntity
67
0
8
0
62
256
6
ByLayer
370
-1
48
1.0
60
0
100
AcDbPoint
10
1394786.9909115
20
359824.233375813
30
0.0
39
0.0
210
0.0
220
0.0
230
1.0
50
360.0
0
TEXT
5
57F
330
1C
100
AcDbEntity
67
0
8
0
62
7
6
ByLayer
370
-1
48
1.0
60
0
100
AcDbText
1
687
10
1394787.12004078
20
359824.507814525
30
0.0
40
0.31111111111
41
1.0
50
0.0
51
0.0
7
Standard
11
1394787.12004078
21
359824.507814525
31
0.0
210
0.0
220
0.0
230
1.0
71
0
72
0
100
AcDbText
73
0
0
POINT
5
580
330
1C
100
AcDbEntity
67
0
8
0
62
256
6
ByLayer
370
-1
48
1.0
60
0
100
AcDbPoint
10
1394788.43808242
20
359824.644990385
30
0.0
39
0.0
210
0.0
220
0.0
230
1.0
50
360.0
0
TEXT
5
581
330
1C
100
AcDbEntity
67
0
8
0
62
7
6
ByLayer
370
-1
48
1.0
60
0
100
AcDbText
1
688
10
1394788.56721171
20
359824.919429103
30
0.0
40
0.31111111111
41
1.0
50
0.0
51
0.0
7
Standard
11
1394788.56721171
21
359824.919429103
31
0.0
210
0.0
220
0.0
230
1.0
71
0
72
0
100
AcDbText
73
0
0
POINT
5
582
330
1C
100
AcDbEntity
67
0
8
0
62
256
6
ByLayer
370
-1
48
1.0
60
0
100
AcDbPoint
10
1394789.8971765
20
359824.277873596
30
0.0
39
0.0
210
0.0
220
0.0
230
1.0
50
360.0
0
TEXT
5
583
330
1C
100
AcDbEntity
67
0
8
0
62
7
6
ByLayer
370
-1
48
1.0
60
0
100
AcDbText
1
689
10
1394790.02630578
20
359824.552312318
30
0.0
40
0.31111111111
41
1.0
50
0.0
51
0.0
7
Standard
11
1394790.02630578
21
359824.552312318
31
0.0
210
0.0
220
0.0
230
1.0
71
0
72
0
100
AcDbText
73
0
0
POINT
5
584
330
1C
100
AcDbEntity
67
0
8
0
62
256
6
ByLayer
370
-1
48
1.0
60
0
100
AcDbPoint
10
1394790.97723064
20
359823.230394089
30
0.0
39
0.0
210
0.0
220
0.0
230
1.0
50
360.0
0
TEXT
5
585
330
1C
100
AcDbEntity
67
0
8
0
62
7
6
ByLayer
370
-1
48
1.0
60
0
100
AcDbText
1
690
10
1394791.10635993
20
359823.504832811
30
0.0
40
0.31111111111
41
1.0
50
0.0
51
0.0
7
Standard
11
1394791.10635993
21
359823.504832811
31
0.0
210
0.0
220
0.0
230
1.0
71
0
72
0
100
AcDbText
73
0
0
POINT
5
586
330
1C
100
AcDbEntity
67
0
8
0
62
256
6
ByLayer
370
-1
48
1.0
60
0
100
AcDbPoint
10
1394791.38884521
20
359821.783223148
30
0.0
39
0.0
210
0.0
220
0.0
230
1.0
50
360.0
0
TEXT
5
587
330
1C
100
AcDbEntity
67
0
8
0
62
7
6
ByLayer
370
-1
48
1.0
60
0
100
AcDbText
1
691
10
1394791.5179745
20
359822.057661873
30
0.0
40
0.31111111111
41
1.0
50
0.0
51
0.0
7
Standard
11
1394791.5179745
21
359822.057661873
31
0.0
210
0.0
220
0.0
230
1.0
71
0
72
0
100
AcDbText
73
0
0
POINT
5
588
330
1C
100
AcDbEntity
67
0
8
0
62
256
6
ByLayer
370
-1
48
1.0
60
0
100
AcDbPoint
10
1394791.02172841
20
359820.324129065
30
0.0
39
0.0
210
0.0
220
0.0
230
1.0
50
360.0
0
TEXT
5
589
330
1C
100
AcDbEntity
67
0
8
0
62
7
6
ByLayer
370
-1
48
1.0
60
0
100
AcDbText
1
692
10
1394791.1508577
20
359820.598567791
30
0.0
40
0.31111111111
41
1.0
50
0.0
51
0.0
7
Standard
11
1394791.1508577
21
359820.598567791
31
0.0
210
0.0
220
0.0
230
1.0
71
0
72
0
100
AcDbText
73
0
0
POINT
5
58A
330
1C
100
AcDbEntity
67
0
8
0
62
256
6
ByLayer
370
-1
48
1.0
60
0
100
AcDbPoint
10
1394789.97424889
20
359819.244074931
30
0.0
39
0.0
210
0.0
220
0.0
230
1.0
50
360.0
0
TEXT
5
58B
330
1C
100
AcDbEntity
67
0
8
0
62
7
6
ByLayer
370
-1
48
1.0
60
0
100
AcDbText
1
693
10
1394790.10337819
20
359819.518513653
30
0.0
40
0.31111111111
41
1.0
50
0.0
51
0.0
7
Standard
11
1394790.10337819
21
359819.518513653
31
0.0
210
0.0
220
0.0
230
1.0
71
0
72
0
100
AcDbText
73
0
0
POINT
5
58C
330
1C
100
AcDbEntity
67
0
8
0
62
256
6
ByLayer
370
-1
48
1.0
60
0
100
AcDbPoint
10
1394788.52707795
20
359818.832460379
30
0.0
39
0.0
210
0.0
220
0.0
230
1.0
50
360.0
0
TEXT
5
58D
330
1C
100
AcDbEntity
67
0
8
0
62
7
6
ByLayer
370
-1
48
1.0
60
0
100
AcDbText
1
694
10
1394788.65620725
20
359819.106899097
30
0.0
40
0.31111111111
41
1.0
50
0.0
51
0.0
7
Standard
11
1394788.65620725
21
359819.106899097
31
0.0
210
0.0
220
0.0
230
1.0
71
0
72
0
100
AcDbText
73
0
0
POINT
5
58E
330
1C
100
AcDbEntity
67
0
8
0
62
256
6
ByLayer
370
-1
48
1.0
60
0
100
AcDbPoint
10
1394787.06798389
20
359819.199577187
30
0.0
39
0.0
210
0.0
220
0.0
230
1.0
50
360.0
0
TEXT
5
58F
330
1C
100
AcDbEntity
67
0
8
0
62
7
6
ByLayer
370
-1
48
1.0
60
0
100
AcDbText
1
695
10
1394787.19711318
20
359819.474015902
30
0.0
40
0.31111111111
41
1.0
50
0.0
51
0.0
7
Standard
11
1394787.19711318
21
359819.474015902
31
0.0
210
0.0
220
0.0
230
1.0
71
0
72
0
100
AcDbText
73
0
0
POINT
5
590
330
1C
100
AcDbEntity
67
0
8
0
62
256
6
ByLayer
370
-1
48
1.0
60
0
100
AcDbPoint
10
1394785.98792976
20
359820.247056693
30
0.0
39
0.0
210
0.0
220
0.0
230
1.0
50
360.0
0
TEXT
5
591
330
1C
100
AcDbEntity
67
0
8
0
62
7
6
ByLayer
370
-1
48
1.0
60
0
100
AcDbText
1
696
10
1394786.11705906
20
359820.52149541
30
0.0
40
0.31111111111
41
1.0
50
0.0
51
0.0
7
Standard
11
1394786.11705906
21
359820.52149541
31
0.0
210
0.0
220
0.0
230
1.0
71
0
72
0
100
AcDbText
73
0
0
POINT
5
592
330
1C
100
AcDbEntity
67
0
8
0
62
256
6
ByLayer
370
-1
48
1.0
60
0
100
AcDbPoint
10
1394788.75134102
20
359810.668076273
30
0.0
39
0.0
210
0.0
220
0.0
230
1.0
50
360.0
0
TEXT
5
593
330
1C
100
AcDbEntity
67
0
8
0
62
7
6
ByLayer
370
-1
48
1.0
60
0
100
AcDbText
1
697
10
1394788.88047033
20
359810.942514992
30
0.0
40
0.31111111111
41
1.0
50
0.0
51
0.0
7
Standard
11
1394788.88047033
21
359810.942514992
31
0.0
210
0.0
220
0.0
230
1.0
71
0
72
0
100
AcDbText
73
0
0
POINT
5
594
330
1C
100
AcDbEntity
67
0
8
0
62
256
6
ByLayer
370
-1
48
1.0
60
0
100
AcDbPoint
10
1394789.11845786
20
359812.127170335
30
0.0
39
0.0
210
0.0
220
0.0
230
1.0
50
360.0
0
TEXT
5
595
330
1C
100
AcDbEntity
67
0
8
0
62
7
6
ByLayer
370
-1
48
1.0
60
0
100
AcDbText
1
698
10
1394789.24758717
20
359812.401609055
30
0.0
40
0.31111111111
41
1.0
50
0.0
51
0.0
7
Standard
11
1394789.24758717
21
359812.401609055
31
0.0
210
0.0
220
0.0
230
1.0
71
0
72
0
100
AcDbText
73
0
0
POINT
5
596
330
1C
100
AcDbEntity
67
0
8
0
62
256
6
ByLayer
370
-1
48
1.0
60
0
100
AcDbPoint
10
1394790.1659374
20
359813.207224447
30
0.0
39
0.0
210
0.0
220
0.0
230
1.0
50
360.0
0
TEXT
5
597
330
1C
100
AcDbEntity
67
0
8
0
62
7
6
ByLayer
370
-1
48
1.0
60
0
100
AcDbText
1
699
10
1394790.2950667
20
359813.48166317
30
0.0
40
0.31111111111
41
1.0
50
0.0
51
0.0
7
Standard
11
1394790.2950667
21
359813.48166317
31
0.0
210
0.0
220
0.0
230
1.0
71
0
72
0
100
AcDbText
73
0
0
POINT
5
598
330
1C
100
AcDbEntity
67
0
8
0
62
256
6
ByLayer
370
-1
48
1.0
60
0
100
AcDbPoint
10
1394791.61310835
20
359813.618838983
30
0.0
39
0.0
210
0.0
220
0.0
230
1.0
50
360.0
0
TEXT
5
599
330
1C
100
AcDbEntity
67
0
8
0
62
7
6
ByLayer
370
-1
48
1.0
60
0
100
AcDbText
1
700
10
1394791.74223765
20
359813.893277707
30
0.0
40
0.31111111111
41
1.0
50
0.0
51
0.0
7
Standard
11
1394791.74223765
21
359813.893277707
31
0.0
210
0.0
220
0.0
230
1.0
71
0
72
0
100
AcDbText
73
0
0
POINT
5
59A
330
1C
100
AcDbEntity
67
0
8
0
62
256
6
ByLayer
370
-1
48
1.0
60
0
100
AcDbPoint
10
1394793.07220242
20
359813.251722154
30
0.0
39
0.0
210
0.0
220
0.0
230
1.0
50
360.0
0
TEXT
5
59B
330
1C
100
AcDbEntity
67
0
8
0
62
7
6
ByLayer
370
-1
48
1.0
60
0
100
AcDbText
1
701
10
1394793.20133173
20
359813.526160879
30
0.0
40
0.31111111111
41
1.0
50
0.0
51
0.0
7
Standard
11
1394793.20133173
21
359813.526160879
31
0.0
210
0.0
220
0.0
230
1.0
71
0
72
0
100
AcDbText
73
0
0
POINT
5
59C
330
1C
100
AcDbEntity
67
0
8
0
62
256
6
ByLayer
370
-1
48
1.0
60
0
100
AcDbPoint
10
1394794.15225655
20
359812.204242605
30
0.0
39
0.0
210
0.0
220
0.0
230
1.0
50
360.0
0
TEXT
5
59D
330
1C
100
AcDbEntity
67
0
8
0
62
7
6
ByLayer
370
-1
48
1.0
60
0
100
AcDbText
1
702
10
1394794.28138585
20
359812.478681333
30
0.0
40
0.31111111111
41
1.0
50
0.0
51
0.0
7
Standard
11
1394794.28138585
21
359812.478681333
31
0.0
210
0.0
220
0.0
230
1.0
71
0
72
0
100
AcDbText
73
0
0
POINT
5
59E
330
1C
100
AcDbEntity
67
0
8
0
62
256
6
ByLayer
370
-1
48
1.0
60
0
100
AcDbPoint
10
1394794.56387108
20
359810.75707164
30
0.0
39
0.0
210
0.0
220
0.0
230
1.0
50
360.0
0
TEXT
5
59F
330
1C
100
AcDbEntity
67
0
8
0
62
7
6
ByLayer
370
-1
48
1.0
60
0
100
AcDbText
1
703
10
1394794.69300039
20
359811.03151037
30
0.0
40
0.31111111111
41
1.0
50
0.0
51
0.0
7
Standard
11
1394794.69300039
21
359811.03151037
31
0.0
210
0.0
220
0.0
230
1.0
71
0
72
0
100
AcDbText
73
0
0
POINT
5
5A0
330
1C
100
AcDbEntity
67
0
8
0
62
256
6
ByLayer
370
-1
48
1.0
60
0
100
AcDbPoint
10
1394794.19675423
20
359809.297977559
30
0.0
39
0.0
210
0.0
220
0.0
230
1.0
50
360.0
0
TEXT
5
5A1
330
1C
100
AcDbEntity
67
0
8
0
62
7
6
ByLayer
370
-1
48
1.0
60
0
100
AcDbText
1
704
10
1394794.32588355
20
359809.572416287
30
0.0
40
0.31111111111
41
1.0
50
0.0
51
0.0
7
Standard
11
1394794.32588355
21
359809.572416287
31
0.0
210
0.0
220
0.0
230
1.0
71
0
72
0
100
AcDbText
73
0
0
POINT
5
5A2
330
1C
100
AcDbEntity
67
0
8
0
62
256
6
ByLayer
370
-1
48
1.0
60
0
100
AcDbPoint
10
1394793.14927467
20
359808.217923444
30
0.0
39
0.0
210
0.0
220
0.0
230
1.0
50
360.0
0
TEXT
5
5A3
330
1C
100
AcDbEntity
67
0
8
0
62
7
6
ByLayer
370
-1
48
1.0
60
0
100
AcDbText
1
705
10
1394793.27840399
20
359808.492362173
30
0.0
40
0.31111111111
41
1.0
50
0.0
51
0.0
7
Standard
11
1394793.27840399
21
359808.492362173
31
0.0
210
0.0
220
0.0
230
1.0
71
0
72
0
100
AcDbText
73
0
0
POINT
5
5A4
330
1C
100
AcDbEntity
67
0
8
0
62
256
6
ByLayer
370
-1
48
1.0
60
0
100
AcDbPoint
10
1394791.70210371
20
359807.806308928
30
0.0
39
0.0
210
0.0
220
0.0
230
1.0
50
360.0
0
TEXT
5
5A5
330
1C
100
AcDbEntity
67
0
8
0
62
7
6
ByLayer
370
-1
48
1.0
60
0
100
AcDbText
1
706
10
1394791.83123303
20
359808.080747654
30
0.0
40
0.31111111111
41
1.0
50
0.0
51
0.0
7
Standard
11
1394791.83123303
21
359808.080747654
31
0.0
210
0.0
220
0.0
230
1.0
71
0
72
0
100
AcDbText
73
0
0
POINT
5
5A6
330
1C
100
AcDbEntity
67
0
8
0
62
256
6
ByLayer
370
-1
48
1.0
60
0
100
AcDbPoint
10
1394790.24300964
20
359808.173425777
30
0.0
39
0.0
210
0.0
220
0.0
230
1.0
50
360.0
0
TEXT
5
5A7
330
1C
100
AcDbEntity
67
0
8
0
62
7
6
ByLayer
370
-1
48
1.0
60
0
100
AcDbText
1
707
10
1394790.37213896
20
359808.447864502
30
0.0
40
0.31111111111
41
1.0
50
0.0
51
0.0
7
Standard
11
1394790.37213896
21
359808.447864502
31
0.0
210
0.0
220
0.0
230
1.0
71
0
72
0
100
AcDbText
73
0
0
POINT
5
5A8
330
1C
100
AcDbEntity
67
0
8
0
62
256
6
ByLayer
370
-1
48
1.0
60
0
100
AcDbPoint
10
1394789.16295554
20
359809.220905327
30
0.0
39
0.0
210
0.0
220
0.0
230
1.0
50
360.0
0
TEXT
5
5A9
330
1C
100
AcDbEntity
67
0
8
0
62
7
6
ByLayer
370
-1
48
1.0
60
0
100
AcDbText
1
708
10
1394789.29208486
20
359809.495344048
30
0.0
40
0.31111111111
41
1.0
50
0.0
51
0.0
7
Standard
11
1394789.29208486
21
359809.495344048
31
0.0
210
0.0
220
0.0
230
1.0
71
0
72
0
100
AcDbText
73
0
0
POINT
5
5AA
330
1C
100
AcDbEntity
67
0
8
0
62
256
6
ByLayer
370
-1
48
1.0
60
0
100
AcDbPoint
10
1394769.64479762
20
359814.035775009
30
0.0
39
0.0
210
0.0
220
0.0
230
1.0
50
360.0
0
TEXT
5
5AB
330
1C
100
AcDbEntity
67
0
8
0
62
7
6
ByLayer
370
-1
48
1.0
60
0
100
AcDbText
1
709
10
1394769.77392693
20
359814.310213697
30
0.0
40
0.31111111111
41
1.0
50
0.0
51
0.0
7
Standard
11
1394769.77392693
21
359814.310213697
31
0.0
210
0.0
220
0.0
230
1.0
71
0
72
0
100
AcDbText
73
0
0
POINT
5
5AC
330
1C
100
AcDbEntity
67
0
8
0
62
256
6
ByLayer
370
-1
48
1.0
60
0
100
AcDbPoint
10
1394770.01191443
20
359815.494869003
30
0.0
39
0.0
210
0.0
220
0.0
230
1.0
50
360.0
0
TEXT
5
5AD
330
1C
100
AcDbEntity
67
0
8
0
62
7
6
ByLayer
370
-1
48
1.0
60
0
100
AcDbText
1
710
10
1394770.14104374
20
359815.769307691
30
0.0
40
0.31111111111
41
1.0
50
0.0
51
0.0
7
Standard
11
1394770.14104374
21
359815.769307691
31
0.0
210
0.0
220
0.0
230
1.0
71
0
72
0
100
AcDbText
73
0
0
POINT
5
5AE
330
1C
100
AcDbEntity
67
0
8
0
62
256
6
ByLayer
370
-1
48
1.0
60
0
100
AcDbPoint
10
1394771.0593939
20
359816.574923075
30
0.0
39
0.0
210
0.0
220
0.0
230
1.0
50
360.0
0
TEXT
5
5AF
330
1C
100
AcDbEntity
67
0
8
0
62
7
6
ByLayer
370
-1
48
1.0
60
0
100
AcDbText
1
711
10
1394771.1885232
20
359816.849361759
30
0.0
40
0.31111111111
41
1.0
50
0.0
51
0.0
7
Standard
11
1394771.1885232
21
359816.849361759
31
0.0
210
0.0
220
0.0
230
1.0
71
0
72
0
100
AcDbText
73
0
0
POINT
5
5B0
330
1C
100
AcDbEntity
67
0
8
0
62
256
6
ByLayer
370
-1
48
1.0
60
0
100
AcDbPoint
10
1394772.50656478
20
359816.986537602
30
0.0
39
0.0
210
0.0
220
0.0
230
1.0
50
360.0
0
TEXT
5
5B1
330
1C
100
AcDbEntity
67
0
8
0
62
7
6
ByLayer
370
-1
48
1.0
60
0
100
AcDbText
1
712
10
1394772.63569408
20
359817.260976291
30
0.0
40
0.31111111111
41
1.0
50
0.0
51
0.0
7
Standard
11
1394772.63569408
21
359817.260976291
31
0.0
210
0.0
220
0.0
230
1.0
71
0
72
0
100
AcDbText
73
0
0
POINT
5
5B2
330
1C
100
AcDbEntity
67
0
8
0
62
256
6
ByLayer
370
-1
48
1.0
60
0
100
AcDbPoint
10
1394773.96565879
20
359816.619420801
30
0.0
39
0.0
210
0.0
220
0.0
230
1.0
50
360.0
0
TEXT
5
5B3
330
1C
100
AcDbEntity
67
0
8
0
62
7
6
ByLayer
370
-1
48
1.0
60
0
100
AcDbText
1
713
10
1394774.09478809
20
359816.893859493
30
0.0
40
0.31111111111
41
1.0
50
0.0
51
0.0
7
Standard
11
1394774.09478809
21
359816.893859493
31
0.0
210
0.0
220
0.0
230
1.0
71
0
72
0
100
AcDbText
73
0
0
POINT
5
5B4
330
1C
100
AcDbEntity
67
0
8
0
62
256
6
ByLayer
370
-1
48
1.0
60
0
100
AcDbPoint
10
1394775.04571287
20
359815.571941314
30
0.0
39
0.0
210
0.0
220
0.0
230
1.0
50
360.0
0
TEXT
5
5B5
330
1C
100
AcDbEntity
67
0
8
0
62
7
6
ByLayer
370
-1
48
1.0
60
0
100
AcDbText
1
714
10
1394775.17484217
20
359815.846380008
30
0.0
40
0.31111111111
41
1.0
50
0.0
51
0.0
7
Standard
11
1394775.17484217
21
359815.846380008
31
0.0
210
0.0
220
0.0
230
1.0
71
0
72
0
100
AcDbText
73
0
0
POINT
5
5B6
330
1C
100
AcDbEntity
67
0
8
0
62
256
6
ByLayer
370
-1
48
1.0
60
0
100
AcDbPoint
10
1394775.45732739
20
359814.124770424
30
0.0
39
0.0
210
0.0
220
0.0
230
1.0
50
360.0
0
TEXT
5
5B7
330
1C
100
AcDbEntity
67
0
8
0
62
7
6
ByLayer
370
-1
48
1.0
60
0
100
AcDbText
1
715
10
1394775.5864567
20
359814.39920912
30
0.0
40
0.31111111111
41
1.0
50
0.0
51
0.0
7
Standard
11
1394775.5864567
21
359814.39920912
31
0.0
210
0.0
220
0.0
230
1.0
71
0
72
0
100
AcDbText
73
0
0
POINT
5
5B8
330
1C
100
AcDbEntity
67
0
8
0
62
256
6
ByLayer
370
-1
48
1.0
60
0
100
AcDbPoint
10
1394775.09021058
20
359812.665676412
30
0.0
39
0.0
210
0.0
220
0.0
230
1.0
50
360.0
0
TEXT
5
5B9
330
1C
100
AcDbEntity
67
0
8
0
62
7
6
ByLayer
370
-1
48
1.0
60
0
100
AcDbText
1
716
10
1394775.21933989
20
359812.940115104
30
0.0
40
0.31111111111
41
1.0
50
0.0
51
0.0
7
Standard
11
1394775.21933989
21
359812.940115104
31
0.0
210
0.0
220
0.0
230
1.0
71
0
72
0
100
AcDbText
73
0
0
POINT
5
5BA
330
1C
100
AcDbEntity
67
0
8
0
62
256
6
ByLayer
370
-1
48
1.0
60
0
100
AcDbPoint
10
1394774.04273108
20
359811.585622343
30
0.0
39
0.0
210
0.0
220
0.0
230
1.0
50
360.0
0
TEXT
5
5BB
330
1C
100
AcDbEntity
67
0
8
0
62
7
6
ByLayer
370
-1
48
1.0
60
0
100
AcDbText
1
717
10
1394774.17186039
20
359811.860061036
30
0.0
40
0.31111111111
41
1.0
50
0.0
51
0.0
7
Standard
11
1394774.17186039
21
359811.860061036
31
0.0
210
0.0
220
0.0
230
1.0
71
0
72
0
100
AcDbText
73
0
0
POINT
5
5BC
330
1C
100
AcDbEntity
67
0
8
0
62
256
6
ByLayer
370
-1
48
1.0
60
0
100
AcDbPoint
10
1394772.5955602
20
359811.174007833
30
0.0
39
0.0
210
0.0
220
0.0
230
1.0
50
360.0
0
TEXT
5
5BD
330
1C
100
AcDbEntity
67
0
8
0
62
7
6
ByLayer
370
-1
48
1.0
60
0
100
AcDbText
1
718
10
1394772.72468951
20
359811.448446524
30
0.0
40
0.31111111111
41
1.0
50
0.0
51
0.0
7
Standard
11
1394772.72468951
21
359811.448446524
31
0.0
210
0.0
220
0.0
230
1.0
71
0
72
0
100
AcDbText
73
0
0
POINT
5
5BE
330
1C
100
AcDbEntity
67
0
8
0
62
256
6
ByLayer
370
-1
48
1.0
60
0
100
AcDbPoint
10
1394771.1364662
20
359811.541124653
30
0.0
39
0.0
210
0.0
220
0.0
230
1.0
50
360.0
0
TEXT
5
5BF
330
1C
100
AcDbEntity
67
0
8
0
62
7
6
ByLayer
370
-1
48
1.0
60
0
100
AcDbText
1
719
10
1394771.26559551
20
359811.81556334
30
0.0
40
0.31111111111
41
1.0
50
0.0
51
0.0
7
Standard
11
1394771.26559551
21
359811.81556334
31
0.0
210
0.0
220
0.0
230
1.0
71
0
72
0
100
AcDbText
73
0
0
POINT
5
5C0
330
1C
100
AcDbEntity
67
0
8
0
62
256
6
ByLayer
370
-1
48
1.0
60
0
100
AcDbPoint
10
1394770.05641214
20
359812.588604142
30
0.0
39
0.0
210
0.0
220
0.0
230
1.0
50
360.0
0
TEXT
5
5C1
330
1C
100
AcDbEntity
67
0
8
0
62
7
6
ByLayer
370
-1
48
1.0
60
0
100
AcDbText
1
720
10
1394770.18554145
20
359812.863042825
30
0.0
40
0.31111111111
41
1.0
50
0.0
51
0.0
7
Standard
11
1394770.18554145
21
359812.863042825
31
0.0
210
0.0
220
0.0
230
1.0
71
0
72
0
100
AcDbText
73
0
0
POINT
5
5C2
330
1C
100
AcDbEntity
67
0
8
0
62
256
6
ByLayer
370
-1
48
1.0
60
0
100
AcDbPoint
10
1394779.80374333
20
359886.419789785
30
0.0
39
0.0
210
0.0
220
0.0
230
1.0
50
360.0
0
TEXT
5
5C3
330
1C
100
AcDbEntity
67
0
8
0
62
7
6
ByLayer
370
-1
48
1.0
60
0
100
AcDbText
1
721
10
1394779.93287251
20
359886.694228486
30
0.0
40
0.31111111111
41
1.0
50
0.0
51
0.0
7
Standard
11
1394779.93287251
21
359886.694228486
31
0.0
210
0.0
220
0.0
230
1.0
71
0
72
0
100
AcDbText
73
0
0
POINT
5
5C4
330
1C
100
AcDbEntity
67
0
8
0
62
256
6
ByLayer
370
-1
48
1.0
60
0
100
AcDbPoint
10
1394780.17085988
20
359887.878883887
30
0.0
39
0.0
210
0.0
220
0.0
230
1.0
50
360.0
0
TEXT
5
5C5
330
1C
100
AcDbEntity
67
0
8
0
62
7
6
ByLayer
370
-1
48
1.0
60
0
100
AcDbText
1
722
10
1394780.29998905
20
359888.153322587
30
0.0
40
0.31111111111
41
1.0
50
0.0
51
0.0
7
Standard
11
1394780.29998905
21
359888.153322587
31
0.0
210
0.0
220
0.0
230
1.0
71
0
72
0
100
AcDbText
73
0
0
POINT
5
5C6
330
1C
100
AcDbEntity
67
0
8
0
62
256
6
ByLayer
370
-1
48
1.0
60
0
100
AcDbPoint
10
1394781.21833918
20
359888.958938179
30
0.0
39
0.0
210
0.0
220
0.0
230
1.0
50
360.0
0
TEXT
5
5C7
330
1C
100
AcDbEntity
67
0
8
0
62
7
6
ByLayer
370
-1
48
1.0
60
0
100
AcDbText
1
723
10
1394781.34746835
20
359889.233376883
30
0.0
40
0.31111111111
41
1.0
50
0.0
51
0.0
7
Standard
11
1394781.34746835
21
359889.233376883
31
0.0
210
0.0
220
0.0
230
1.0
71
0
72
0
100
AcDbText
73
0
0
POINT
5
5C8
330
1C
100
AcDbEntity
67
0
8
0
62
256
6
ByLayer
370
-1
48
1.0
60
0
100
AcDbPoint
10
1394782.66551002
20
359889.370552986
30
0.0
39
0.0
210
0.0
220
0.0
230
1.0
50
360.0
0
TEXT
5
5C9
330
1C
100
AcDbEntity
67
0
8
0
62
7
6
ByLayer
370
-1
48
1.0
60
0
100
AcDbText
1
724
10
1394782.79463918
20
359889.644991691
30
0.0
40
0.31111111111
41
1.0
50
0.0
51
0.0
7
Standard
11
1394782.79463918
21
359889.644991691
31
0.0
210
0.0
220
0.0
230
1.0
71
0
72
0
100
AcDbText
73
0
0
POINT
5
5CA
330
1C
100
AcDbEntity
67
0
8
0
62
256
6
ByLayer
370
-1
48
1.0
60
0
100
AcDbPoint
10
1394784.12460413
20
359889.003436449
30
0.0
39
0.0
210
0.0
220
0.0
230
1.0
50
360.0
0
TEXT
5
5CB
330
1C
100
AcDbEntity
67
0
8
0
62
7
6
ByLayer
370
-1
48
1.0
60
0
100
AcDbText
1
725
10
1394784.2537333
20
359889.277875153
30
0.0
40
0.31111111111
41
1.0
50
0.0
51
0.0
7
Standard
11
1394784.2537333
21
359889.277875153
31
0.0
210
0.0
220
0.0
230
1.0
71
0
72
0
100
AcDbText
73
0
0
POINT
5
5CC
330
1C
100
AcDbEntity
67
0
8
0
62
256
6
ByLayer
370
-1
48
1.0
60
0
100
AcDbPoint
10
1394785.20465843
20
359887.955957132
30
0.0
39
0.0
210
0.0
220
0.0
230
1.0
50
360.0
0
TEXT
5
5CD
330
1C
100
AcDbEntity
67
0
8
0
62
7
6
ByLayer
370
-1
48
1.0
60
0
100
AcDbText
1
726
10
1394785.3337876
20
359888.230395842
30
0.0
40
0.31111111111
41
1.0
50
0.0
51
0.0
7
Standard
11
1394785.3337876
21
359888.230395842
31
0.0
210
0.0
220
0.0
230
1.0
71
0
72
0
100
AcDbText
73
0
0
POINT
5
5CE
330
1C
100
AcDbEntity
67
0
8
0
62
256
6
ByLayer
370
-1
48
1.0
60
0
100
AcDbPoint
10
1394785.61627324
20
359886.508786284
30
0.0
39
0.0
210
0.0
220
0.0
230
1.0
50
360.0
0
TEXT
5
5CF
330
1C
100
AcDbEntity
67
0
8
0
62
7
6
ByLayer
370
-1
48
1.0
60
0
100
AcDbText
1
727
10
1394785.74540241
20
359886.783224994
30
0.0
40
0.31111111111
41
1.0
50
0.0
51
0.0
7
Standard
11
1394785.74540241
21
359886.783224994
31
0.0
210
0.0
220
0.0
230
1.0
71
0
72
0
100
AcDbText
73
0
0
POINT
5
5D0
330
1C
100
AcDbEntity
67
0
8
0
62
256
6
ByLayer
370
-1
48
1.0
60
0
100
AcDbPoint
10
1394785.24915668
20
359885.049692162
30
0.0
39
0.0
210
0.0
220
0.0
230
1.0
50
360.0
0
TEXT
5
5D1
330
1C
100
AcDbEntity
67
0
8
0
62
7
6
ByLayer
370
-1
48
1.0
60
0
100
AcDbText
1
728
10
1394785.37828586
20
359885.324130873
30
0.0
40
0.31111111111
41
1.0
50
0.0
51
0.0
7
Standard
11
1394785.37828586
21
359885.324130873
31
0.0
210
0.0
220
0.0
230
1.0
71
0
72
0
100
AcDbText
73
0
0
POINT
5
5D2
330
1C
100
AcDbEntity
67
0
8
0
62
256
6
ByLayer
370
-1
48
1.0
60
0
100
AcDbPoint
10
1394784.20167736
20
359883.969637869
30
0.0
39
0.0
210
0.0
220
0.0
230
1.0
50
360.0
0
TEXT
5
5D3
330
1C
100
AcDbEntity
67
0
8
0
62
7
6
ByLayer
370
-1
48
1.0
60
0
100
AcDbText
1
729
10
1394784.33080654
20
359884.244076579
30
0.0
40
0.31111111111
41
1.0
50
0.0
51
0.0
7
Standard
11
1394784.33080654
21
359884.244076579
31
0.0
210
0.0
220
0.0
230
1.0
71
0
72
0
100
AcDbText
73
0
0
POINT
5
5D4
330
1C
100
AcDbEntity
67
0
8
0
62
256
6
ByLayer
370
-1
48
1.0
60
0
100
AcDbPoint
10
1394782.75450651
20
359883.558023083
30
0.0
39
0.0
210
0.0
220
0.0
230
1.0
50
360.0
0
TEXT
5
5D5
330
1C
100
AcDbEntity
67
0
8
0
62
7
6
ByLayer
370
-1
48
1.0
60
0
100
AcDbText
1
730
10
1394782.88363569
20
359883.832461787
30
0.0
40
0.31111111111
41
1.0
50
0.0
51
0.0
7
Standard
11
1394782.88363569
21
359883.832461787
31
0.0
210
0.0
220
0.0
230
1.0
71
0
72
0
100
AcDbText
73
0
0
POINT
5
5D6
330
1C
100
AcDbEntity
67
0
8
0
62
256
6
ByLayer
370
-1
48
1.0
60
0
100
AcDbPoint
10
1394781.29541241
20
359883.925139638
30
0.0
39
0.0
210
0.0
220
0.0
230
1.0
50
360.0
0
TEXT
5
5D7
330
1C
100
AcDbEntity
67
0
8
0
62
7
6
ByLayer
370
-1
48
1.0
60
0
100
AcDbText
1
731
10
1394781.42454158
20
359884.199578342
30
0.0
40
0.31111111111
41
1.0
50
0.0
51
0.0
7
Standard
11
1394781.42454158
21
359884.199578342
31
0.0
210
0.0
220
0.0
230
1.0
71
0
72
0
100
AcDbText
73
0
0
POINT
5
5D8
330
1C
100
AcDbEntity
67
0
8
0
62
256
6
ByLayer
370
-1
48
1.0
60
0
100
AcDbPoint
10
1394780.21535813
20
359884.972618953
30
0.0
39
0.0
210
0.0
220
0.0
230
1.0
50
360.0
0
TEXT
5
5D9
330
1C
100
AcDbEntity
67
0
8
0
62
7
6
ByLayer
370
-1
48
1.0
60
0
100
AcDbText
1
732
10
1394780.3444873
20
359885.247057655
30
0.0
40
0.31111111111
41
1.0
50
0.0
51
0.0
7
Standard
11
1394780.3444873
21
359885.247057655
31
0.0
210
0.0
220
0.0
230
1.0
71
0
72
0
100
AcDbText
73
0
0
POINT
5
5DA
330
1C
100
AcDbEntity
67
0
8
0
62
256
6
ByLayer
370
-1
48
1.0
60
0
100
AcDbPoint
10
1394789.34713118
20
359923.547006692
30
0.0
39
0.0
210
0.0
220
0.0
230
1.0
50
360.0
0
TEXT
5
5DB
330
1C
100
AcDbEntity
67
0
8
0
62
7
6
ByLayer
370
-1
48
1.0
60
0
100
AcDbText
1
733
10
1394789.47626029
20
359923.821445408
30
0.0
40
0.31111111111
41
1.0
50
0.0
51
0.0
7
Standard
11
1394789.47626029
21
359923.821445408
31
0.0
210
0.0
220
0.0
230
1.0
71
0
72
0
100
AcDbText
73
0
0
POINT
5
5DC
330
1C
100
AcDbEntity
67
0
8
0
62
256
6
ByLayer
370
-1
48
1.0
60
0
100
AcDbPoint
10
1394789.7142476
20
359925.006100863
30
0.0
39
0.0
210
0.0
220
0.0
230
1.0
50
360.0
0
TEXT
5
5DD
330
1C
100
AcDbEntity
67
0
8
0
62
7
6
ByLayer
370
-1
48
1.0
60
0
100
AcDbText
1
734
10
1394789.84337671
20
359925.28053958
30
0.0
40
0.31111111111
41
1.0
50
0.0
51
0.0
7
Standard
11
1394789.84337671
21
359925.28053958
31
0.0
210
0.0
220
0.0
230
1.0
71
0
72
0
100
AcDbText
73
0
0
POINT
5
5DE
330
1C
100
AcDbEntity
67
0
8
0
62
256
6
ByLayer
370
-1
48
1.0
60
0
100
AcDbPoint
10
1394790.76172682
20
359926.086155279
30
0.0
39
0.0
210
0.0
220
0.0
230
1.0
50
360.0
0
TEXT
5
5DF
330
1C
100
AcDbEntity
67
0
8
0
62
7
6
ByLayer
370
-1
48
1.0
60
0
100
AcDbText
1
735
10
1394790.89085593
20
359926.360594
30
0.0
40
0.31111111111
41
1.0
50
0.0
51
0.0
7
Standard
11
1394790.89085593
21
359926.360594
31
0.0
210
0.0
220
0.0
230
1.0
71
0
72
0
100
AcDbText
73
0
0
POINT
5
5E0
330
1C
100
AcDbEntity
67
0
8
0
62
256
6
ByLayer
370
-1
48
1.0
60
0
100
AcDbPoint
10
1394792.20889766
20
359926.497770238
30
0.0
39
0.0
210
0.0
220
0.0
230
1.0
50
360.0
0
TEXT
5
5E1
330
1C
100
AcDbEntity
67
0
8
0
62
7
6
ByLayer
370
-1
48
1.0
60
0
100
AcDbText
1
736
10
1394792.33802676
20
359926.772208961
30
0.0
40
0.31111111111
41
1.0
50
0.0
51
0.0
7
Standard
11
1394792.33802676
21
359926.772208961
31
0.0
210
0.0
220
0.0
230
1.0
71
0
72
0
100
AcDbText
73
0
0
POINT
5
5E2
330
1C
100
AcDbEntity
67
0
8
0
62
256
6
ByLayer
370
-1
48
1.0
60
0
100
AcDbPoint
10
1394793.66799184
20
359926.130653825
30
0.0
39
0.0
210
0.0
220
0.0
230
1.0
50
360.0
0
TEXT
5
5E3
330
1C
100
AcDbEntity
67
0
8
0
62
7
6
ByLayer
370
-1
48
1.0
60
0
100
AcDbText
1
737
10
1394793.79712094
20
359926.405092551
30
0.0
40
0.31111111111
41
1.0
50
0.0
51
0.0
7
Standard
11
1394793.79712094
21
359926.405092551
31
0.0
210
0.0
220
0.0
230
1.0
71
0
72
0
100
AcDbText
73
0
0
POINT
5
5E4
330
1C
100
AcDbEntity
67
0
8
0
62
256
6
ByLayer
370
-1
48
1.0
60
0
100
AcDbPoint
10
1394794.74804627
20
359925.083174592
30
0.0
39
0.0
210
0.0
220
0.0
230
1.0
50
360.0
0
TEXT
5
5E5
330
1C
100
AcDbEntity
67
0
8
0
62
7
6
ByLayer
370
-1
48
1.0
60
0
100
AcDbText
1
738
10
1394794.87717537
20
359925.357613316
30
0.0
40
0.31111111111
41
1.0
50
0.0
51
0.0
7
Standard
11
1394794.87717537
21
359925.357613316
31
0.0
210
0.0
220
0.0
230
1.0
71
0
72
0
100
AcDbText
73
0
0
POINT
5
5E6
330
1C
100
AcDbEntity
67
0
8
0
62
256
6
ByLayer
370
-1
48
1.0
60
0
100
AcDbPoint
10
1394795.15966123
20
359923.636003745
30
0.0
39
0.0
210
0.0
220
0.0
230
1.0
50
360.0
0
TEXT
5
5E7
330
1C
100
AcDbEntity
67
0
8
0
62
7
6
ByLayer
370
-1
48
1.0
60
0
100
AcDbText
1
739
10
1394795.28879033
20
359923.910442472
30
0.0
40
0.31111111111
41
1.0
50
0.0
51
0.0
7
Standard
11
1394795.28879033
21
359923.910442472
31
0.0
210
0.0
220
0.0
230
1.0
71
0
72
0
100
AcDbText
73
0
0
POINT
5
5E8
330
1C
100
AcDbEntity
67
0
8
0
62
256
6
ByLayer
370
-1
48
1.0
60
0
100
AcDbPoint
10
1394794.7925448
20
359922.176909553
30
0.0
39
0.0
210
0.0
220
0.0
230
1.0
50
360.0
0
TEXT
5
5E9
330
1C
100
AcDbEntity
67
0
8
0
62
7
6
ByLayer
370
-1
48
1.0
60
0
100
AcDbText
1
740
10
1394794.92167391
20
359922.45134828
30
0.0
40
0.31111111111
41
1.0
50
0.0
51
0.0
7
Standard
11
1394794.92167391
21
359922.45134828
31
0.0
210
0.0
220
0.0
230
1.0
71
0
72
0
100
AcDbText
73
0
0
POINT
5
5EA
330
1C
100
AcDbEntity
67
0
8
0
62
256
6
ByLayer
370
-1
48
1.0
60
0
100
AcDbPoint
10
1394793.74506556
20
359921.096855133
30
0.0
39
0.0
210
0.0
220
0.0
230
1.0
50
360.0
0
TEXT
5
5EB
330
1C
100
AcDbEntity
67
0
8
0
62
7
6
ByLayer
370
-1
48
1.0
60
0
100
AcDbText
1
741
10
1394793.87419466
20
359921.371293858
30
0.0
40
0.31111111111
41
1.0
50
0.0
51
0.0
7
Standard
11
1394793.87419466
21
359921.371293858
31
0.0
210
0.0
220
0.0
230
1.0
71
0
72
0
100
AcDbText
73
0
0
POINT
5
5EC
330
1C
100
AcDbEntity
67
0
8
0
62
256
6
ByLayer
370
-1
48
1.0
60
0
100
AcDbPoint
10
1394792.29789471
20
359920.685240195
30
0.0
39
0.0
210
0.0
220
0.0
230
1.0
50
360.0
0
TEXT
5
5ED
330
1C
100
AcDbEntity
67
0
8
0
62
7
6
ByLayer
370
-1
48
1.0
60
0
100
AcDbText
1
742
10
1394792.42702382
20
359920.959678921
30
0.0
40
0.31111111111
41
1.0
50
0.0
51
0.0
7
Standard
11
1394792.42702382
21
359920.959678921
31
0.0
210
0.0
220
0.0
230
1.0
71
0
72
0
100
AcDbText
73
0
0
POINT
5
5EE
330
1C
100
AcDbEntity
67
0
8
0
62
256
6
ByLayer
370
-1
48
1.0
60
0
100
AcDbPoint
10
1394790.83880053
20
359921.052356625
30
0.0
39
0.0
210
0.0
220
0.0
230
1.0
50
360.0
0
TEXT
5
5EF
330
1C
100
AcDbEntity
67
0
8
0
62
7
6
ByLayer
370
-1
48
1.0
60
0
100
AcDbText
1
743
10
1394790.96792964
20
359921.326795346
30
0.0
40
0.31111111111
41
1.0
50
0.0
51
0.0
7
Standard
11
1394790.96792964
21
359921.326795346
31
0.0
210
0.0
220
0.0
230
1.0
71
0
72
0
100
AcDbText
73
0
0
POINT
5
5F0
330
1C
100
AcDbEntity
67
0
8
0
62
256
6
ByLayer
370
-1
48
1.0
60
0
100
AcDbPoint
10
1394789.75874613
20
359922.099835861
30
0.0
39
0.0
210
0.0
220
0.0
230
1.0
50
360.0
0
TEXT
5
5F1
330
1C
100
AcDbEntity
67
0
8
0
62
7
6
ByLayer
370
-1
48
1.0
60
0
100
AcDbText
1
744
10
1394789.88787524
20
359922.374274579
30
0.0
40
0.31111111111
41
1.0
50
0.0
51
0.0
7
Standard
11
1394789.88787524
21
359922.374274579
31
0.0
210
0.0
220
0.0
230
1.0
71
0
72
0
100
AcDbText
73
0
0
POINT
5
5F2
330
1C
100
AcDbEntity
67
0
8
0
62
256
6
ByLayer
370
-1
48
1.0
60
0
100
AcDbPoint
10
1394794.34197625
20
359942.458288248
30
0.0
39
0.0
210
0.0
220
0.0
230
1.0
50
360.0
0
TEXT
5
5F3
330
1C
100
AcDbEntity
67
0
8
0
62
7
6
ByLayer
370
-1
48
1.0
60
0
100
AcDbText
1
745
10
1394794.47110532
20
359942.732726973
30
0.0
40
0.31111111111
41
1.0
50
0.0
51
0.0
7
Standard
11
1394794.47110532
21
359942.732726973
31
0.0
210
0.0
220
0.0
230
1.0
71
0
72
0
100
AcDbText
73
0
0
POINT
5
5F4
330
1C
100
AcDbEntity
67
0
8
0
62
256
6
ByLayer
370
-1
48
1.0
60
0
100
AcDbPoint
10
1394794.70909259
20
359943.917382456
30
0.0
39
0.0
210
0.0
220
0.0
230
1.0
50
360.0
0
TEXT
5
5F5
330
1C
100
AcDbEntity
67
0
8
0
62
7
6
ByLayer
370
-1
48
1.0
60
0
100
AcDbText
1
746
10
1394794.83822166
20
359944.191821184
30
0.0
40
0.31111111111
41
1.0
50
0.0
51
0.0
7
Standard
11
1394794.83822166
21
359944.191821184
31
0.0
210
0.0
220
0.0
230
1.0
71
0
72
0
100
AcDbText
73
0
0
POINT
5
5F6
330
1C
100
AcDbEntity
67
0
8
0
62
256
6
ByLayer
370
-1
48
1.0
60
0
100
AcDbPoint
10
1394795.75657178
20
359944.997436941
30
0.0
39
0.0
210
0.0
220
0.0
230
1.0
50
360.0
0
TEXT
5
5F7
330
1C
100
AcDbEntity
67
0
8
0
62
7
6
ByLayer
370
-1
48
1.0
60
0
100
AcDbText
1
747
10
1394795.88570084
20
359945.271875669
30
0.0
40
0.31111111111
41
1.0
50
0.0
51
0.0
7
Standard
11
1394795.88570084
21
359945.271875669
31
0.0
210
0.0
220
0.0
230
1.0
71
0
72
0
100
AcDbText
73
0
0
POINT
5
5F8
330
1C
100
AcDbEntity
67
0
8
0
62
256
6
ByLayer
370
-1
48
1.0
60
0
100
AcDbPoint
10
1394797.20374261
20
359945.409051973
30
0.0
39
0.0
210
0.0
220
0.0
230
1.0
50
360.0
0
TEXT
5
5F9
330
1C
100
AcDbEntity
67
0
8
0
62
7
6
ByLayer
370
-1
48
1.0
60
0
100
AcDbText
1
748
10
1394797.33287167
20
359945.683490703
30
0.0
40
0.31111111111
41
1.0
50
0.0
51
0.0
7
Standard
11
1394797.33287167
21
359945.683490703
31
0.0
210
0.0
220
0.0
230
1.0
71
0
72
0
100
AcDbText
73
0
0
POINT
5
5FA
330
1C
100
AcDbEntity
67
0
8
0
62
256
6
ByLayer
370
-1
48
1.0
60
0
100
AcDbPoint
10
1394798.66283683
20
359945.041935627
30
0.0
39
0.0
210
0.0
220
0.0
230
1.0
50
360.0
0
TEXT
5
5FB
330
1C
100
AcDbEntity
67
0
8
0
62
7
6
ByLayer
370
-1
48
1.0
60
0
100
AcDbText
1
749
10
1394798.7919659
20
359945.316374362
30
0.0
40
0.31111111111
41
1.0
50
0.0
51
0.0
7
Standard
11
1394798.7919659
21
359945.316374362
31
0.0
210
0.0
220
0.0
230
1.0
71
0
72
0
100
AcDbText
73
0
0
POINT
5
5FC
330
1C
100
AcDbEntity
67
0
8
0
62
256
6
ByLayer
370
-1
48
1.0
60
0
100
AcDbPoint
10
1394799.74289133
20
359943.994456429
30
0.0
39
0.0
210
0.0
220
0.0
230
1.0
50
360.0
0
TEXT
5
5FD
330
1C
100
AcDbEntity
67
0
8
0
62
7
6
ByLayer
370
-1
48
1.0
60
0
100
AcDbText
1
750
10
1394799.8720204
20
359944.268895165
30
0.0
40
0.31111111111
41
1.0
50
0.0
51
0.0
7
Standard
11
1394799.8720204
21
359944.268895165
31
0.0
210
0.0
220
0.0
230
1.0
71
0
72
0
100
AcDbText
73
0
0
POINT
5
5FE
330
1C
100
AcDbEntity
67
0
8
0
62
256
6
ByLayer
370
-1
48
1.0
60
0
100
AcDbPoint
10
1394800.15450635
20
359942.547285587
30
0.0
39
0.0
210
0.0
220
0.0
230
1.0
50
360.0
0
TEXT
5
5FF
330
1C
100
AcDbEntity
67
0
8
0
62
7
6
ByLayer
370
-1
48
1.0
60
0
100
AcDbText
1
751
10
1394800.28363543
20
359942.821724323
30
0.0
40
0.31111111111
41
1.0
50
0.0
51
0.0
7
Standard
11
1394800.28363543
21
359942.821724323
31
0.0
210
0.0
220
0.0
230
1.0
71
0
72
0
100
AcDbText
73
0
0
POINT
5
600
330
1C
100
AcDbEntity
67
0
8
0
62
256
6
ByLayer
370
-1
48
1.0
60
0
100
AcDbPoint
10
1394799.78739
20
359941.088191358
30
0.0
39
0.0
210
0.0
220
0.0
230
1.0
50
360.0
0
TEXT
5
601
330
1C
100
AcDbEntity
67
0
8
0
62
7
6
ByLayer
370
-1
48
1.0
60
0
100
AcDbText
1
752
10
1394799.91651907
20
359941.362630093
30
0.0
40
0.31111111111
41
1.0
50
0.0
51
0.0
7
Standard
11
1394799.91651907
21
359941.362630093
31
0.0
210
0.0
220
0.0
230
1.0
71
0
72
0
100
AcDbText
73
0
0
POINT
5
602
330
1C
100
AcDbEntity
67
0
8
0
62
256
6
ByLayer
370
-1
48
1.0
60
0
100
AcDbPoint
10
1394798.73991079
20
359940.008136873
30
0.0
39
0.0
210
0.0
220
0.0
230
1.0
50
360.0
0
TEXT
5
603
330
1C
100
AcDbEntity
67
0
8
0
62
7
6
ByLayer
370
-1
48
1.0
60
0
100
AcDbText
1
753
10
1394798.86903987
20
359940.282575606
30
0.0
40
0.31111111111
41
1.0
50
0.0
51
0.0
7
Standard
11
1394798.86903987
21
359940.282575606
31
0.0
210
0.0
220
0.0
230
1.0
71
0
72
0
100
AcDbText
73
0
0
POINT
5
604
330
1C
100
AcDbEntity
67
0
8
0
62
256
6
ByLayer
370
-1
48
1.0
60
0
100
AcDbPoint
10
1394797.29273995
20
359939.596521861
30
0.0
39
0.0
210
0.0
220
0.0
230
1.0
50
360.0
0
TEXT
5
605
330
1C
100
AcDbEntity
67
0
8
0
62
7
6
ByLayer
370
-1
48
1.0
60
0
100
AcDbText
1
754
10
1394797.42186903
20
359939.870960591
30
0.0
40
0.31111111111
41
1.0
50
0.0
51
0.0
7
Standard
11
1394797.42186903
21
359939.870960591
31
0.0
210
0.0
220
0.0
230
1.0
71
0
72
0
100
AcDbText
73
0
0
POINT
5
606
330
1C
100
AcDbEntity
67
0
8
0
62
256
6
ByLayer
370
-1
48
1.0
60
0
100
AcDbPoint
10
1394795.83364573
20
359939.963638225
30
0.0
39
0.0
210
0.0
220
0.0
230
1.0
50
360.0
0
TEXT
5
607
330
1C
100
AcDbEntity
67
0
8
0
62
7
6
ByLayer
370
-1
48
1.0
60
0
100
AcDbText
1
755
10
1394795.96277481
20
359940.238076953
30
0.0
40
0.31111111111
41
1.0
50
0.0
51
0.0
7
Standard
11
1394795.96277481
21
359940.238076953
31
0.0
210
0.0
220
0.0
230
1.0
71
0
72
0
100
AcDbText
73
0
0
POINT
5
608
330
1C
100
AcDbEntity
67
0
8
0
62
256
6
ByLayer
370
-1
48
1.0
60
0
100
AcDbPoint
10
1394794.75359126
20
359941.01111742
30
0.0
39
0.0
210
0.0
220
0.0
230
1.0
50
360.0
0
TEXT
5
609
330
1C
100
AcDbEntity
67
0
8
0
62
7
6
ByLayer
370
-1
48
1.0
60
0
100
AcDbText
1
756
10
1394794.88272033
20
359941.285556148
30
0.0
40
0.31111111111
41
1.0
50
0.0
51
0.0
7
Standard
11
1394794.88272033
21
359941.285556148
31
0.0
210
0.0
220
0.0
230
1.0
71
0
72
0
100
AcDbText
73
0
0
POINT
5
60A
330
1C
100
AcDbEntity
67
0
8
0
62
256
6
ByLayer
370
-1
48
1.0
60
0
100
AcDbPoint
10
1394778.3683487
20
359946.000581951
30
0.0
39
0.0
210
0.0
220
0.0
230
1.0
50
360.0
0
TEXT
5
60B
330
1C
100
AcDbEntity
67
0
8
0
62
7
6
ByLayer
370
-1
48
1.0
60
0
100
AcDbText
1
757
10
1394778.49747777
20
359946.275020647
30
0.0
40
0.31111111111
41
1.0
50
0.0
51
0.0
7
Standard
11
1394778.49747777
21
359946.275020647
31
0.0
210
0.0
220
0.0
230
1.0
71
0
72
0
100
AcDbText
73
0
0
POINT
5
60C
330
1C
100
AcDbEntity
67
0
8
0
62
256
6
ByLayer
370
-1
48
1.0
60
0
100
AcDbPoint
10
1394778.73546502
20
359947.459676105
30
0.0
39
0.0
210
0.0
220
0.0
230
1.0
50
360.0
0
TEXT
5
60D
330
1C
100
AcDbEntity
67
0
8
0
62
7
6
ByLayer
370
-1
48
1.0
60
0
100
AcDbText
1
758
10
1394778.86459409
20
359947.734114802
30
0.0
40
0.31111111111
41
1.0
50
0.0
51
0.0
7
Standard
11
1394778.86459409
21
359947.734114802
31
0.0
210
0.0
220
0.0
230
1.0
71
0
72
0
100
AcDbText
73
0
0
POINT
5
60E
330
1C
100
AcDbEntity
67
0
8
0
62
256
6
ByLayer
370
-1
48
1.0
60
0
100
AcDbPoint
10
1394779.78294416
20
359948.539730552
30
0.0
39
0.0
210
0.0
220
0.0
230
1.0
50
360.0
0
TEXT
5
60F
330
1C
100
AcDbEntity
67
0
8
0
62
7
6
ByLayer
370
-1
48
1.0
60
0
100
AcDbText
1
759
10
1394779.91207322
20
359948.814169252
30
0.0
40
0.31111111111
41
1.0
50
0.0
51
0.0
7
Standard
11
1394779.91207322
21
359948.814169252
31
0.0
210
0.0
220
0.0
230
1.0
71
0
72
0
100
AcDbText
73
0
0
POINT
5
610
330
1C
100
AcDbEntity
67
0
8
0
62
256
6
ByLayer
370
-1
48
1.0
60
0
100
AcDbPoint
10
1394781.23011493
20
359948.95134558
30
0.0
39
0.0
210
0.0
220
0.0
230
1.0
50
360.0
0
TEXT
5
611
330
1C
100
AcDbEntity
67
0
8
0
62
7
6
ByLayer
370
-1
48
1.0
60
0
100
AcDbText
1
760
10
1394781.35924398
20
359949.225784282
30
0.0
40
0.31111111111
41
1.0
50
0.0
51
0.0
7
Standard
11
1394781.35924398
21
359949.225784282
31
0.0
210
0.0
220
0.0
230
1.0
71
0
72
0
100
AcDbText
73
0
0
POINT
5
612
330
1C
100
AcDbEntity
67
0
8
0
62
256
6
ByLayer
370
-1
48
1.0
60
0
100
AcDbPoint
10
1394782.68920909
20
359948.584229266
30
0.0
39
0.0
210
0.0
220
0.0
230
1.0
50
360.0
0
TEXT
5
613
330
1C
100
AcDbEntity
67
0
8
0
62
7
6
ByLayer
370
-1
48
1.0
60
0
100
AcDbText
1
761
10
1394782.81833815
20
359948.858667968
30
0.0
40
0.31111111111
41
1.0
50
0.0
51
0.0
7
Standard
11
1394782.81833815
21
359948.858667968
31
0.0
210
0.0
220
0.0
230
1.0
71
0
72
0
100
AcDbText
73
0
0
POINT
5
614
330
1C
100
AcDbEntity
67
0
8
0
62
256
6
ByLayer
370
-1
48
1.0
60
0
100
AcDbPoint
10
1394783.76926355
20
359947.536750118
30
0.0
39
0.0
210
0.0
220
0.0
230
1.0
50
360.0
0
TEXT
5
615
330
1C
100
AcDbEntity
67
0
8
0
62
7
6
ByLayer
370
-1
48
1.0
60
0
100
AcDbText
1
762
10
1394783.89839261
20
359947.811188826
30
0.0
40
0.31111111111
41
1.0
50
0.0
51
0.0
7
Standard
11
1394783.89839261
21
359947.811188826
31
0.0
210
0.0
220
0.0
230
1.0
71
0
72
0
100
AcDbText
73
0
0
POINT
5
616
330
1C
100
AcDbEntity
67
0
8
0
62
256
6
ByLayer
370
-1
48
1.0
60
0
100
AcDbPoint
10
1394784.18087857
20
359946.08957934
30
0.0
39
0.0
210
0.0
220
0.0
230
1.0
50
360.0
0
TEXT
5
617
330
1C
100
AcDbEntity
67
0
8
0
62
7
6
ByLayer
370
-1
48
1.0
60
0
100
AcDbText
1
763
10
1394784.31000764
20
359946.364018045
30
0.0
40
0.31111111111
41
1.0
50
0.0
51
0.0
7
Standard
11
1394784.31000764
21
359946.364018045
31
0.0
210
0.0
220
0.0
230
1.0
71
0
72
0
100
AcDbText
73
0
0
POINT
5
618
330
1C
100
AcDbEntity
67
0
8
0
62
256
6
ByLayer
370
-1
48
1.0
60
0
100
AcDbPoint
10
1394783.81376224
20
359944.630485167
30
0.0
39
0.0
210
0.0
220
0.0
230
1.0
50
360.0
0
TEXT
5
619
330
1C
100
AcDbEntity
67
0
8
0
62
7
6
ByLayer
370
-1
48
1.0
60
0
100
AcDbText
1
764
10
1394783.94289131
20
359944.904923871
30
0.0
40
0.31111111111
41
1.0
50
0.0
51
0.0
7
Standard
11
1394783.94289131
21
359944.904923871
31
0.0
210
0.0
220
0.0
230
1.0
71
0
72
0
100
AcDbText
73
0
0
POINT
5
61A
330
1C
100
AcDbEntity
67
0
8
0
62
256
6
ByLayer
370
-1
48
1.0
60
0
100
AcDbPoint
10
1394782.76628309
20
359943.550430716
30
0.0
39
0.0
210
0.0
220
0.0
230
1.0
50
360.0
0
TEXT
5
61B
330
1C
100
AcDbEntity
67
0
8
0
62
7
6
ByLayer
370
-1
48
1.0
60
0
100
AcDbText
1
765
10
1394782.89541216
20
359943.824869421
30
0.0
40
0.31111111111
41
1.0
50
0.0
51
0.0
7
Standard
11
1394782.89541216
21
359943.824869421
31
0.0
210
0.0
220
0.0
230
1.0
71
0
72
0
100
AcDbText
73
0
0
POINT
5
61C
330
1C
100
AcDbEntity
67
0
8
0
62
256
6
ByLayer
370
-1
48
1.0
60
0
100
AcDbPoint
10
1394781.31911231
20
359943.138815706
30
0.0
39
0.0
210
0.0
220
0.0
230
1.0
50
360.0
0
TEXT
5
61D
330
1C
100
AcDbEntity
67
0
8
0
62
7
6
ByLayer
370
-1
48
1.0
60
0
100
AcDbText
1
766
10
1394781.44824138
20
359943.413254411
30
0.0
40
0.31111111111
41
1.0
50
0.0
51
0.0
7
Standard
11
1394781.44824138
21
359943.413254411
31
0.0
210
0.0
220
0.0
230
1.0
71
0
72
0
100
AcDbText
73
0
0
POINT
5
61E
330
1C
100
AcDbEntity
67
0
8
0
62
256
6
ByLayer
370
-1
48
1.0
60
0
100
AcDbPoint
10
1394779.86001815
20
359943.505932043
30
0.0
39
0.0
210
0.0
220
0.0
230
1.0
50
360.0
0
TEXT
5
61F
330
1C
100
AcDbEntity
67
0
8
0
62
7
6
ByLayer
370
-1
48
1.0
60
0
100
AcDbText
1
767
10
1394779.98914722
20
359943.780370742
30
0.0
40
0.31111111111
41
1.0
50
0.0
51
0.0
7
Standard
11
1394779.98914722
21
359943.780370742
31
0.0
210
0.0
220
0.0
230
1.0
71
0
72
0
100
AcDbText
73
0
0
POINT
5
620
330
1C
100
AcDbEntity
67
0
8
0
62
256
6
ByLayer
370
-1
48
1.0
60
0
100
AcDbPoint
10
1394778.77996371
20
359944.553411189
30
0.0
39
0.0
210
0.0
220
0.0
230
1.0
50
360.0
0
TEXT
5
621
330
1C
100
AcDbEntity
67
0
8
0
62
7
6
ByLayer
370
-1
48
1.0
60
0
100
AcDbText
1
768
10
1394778.90909278
20
359944.827849886
30
0.0
40
0.31111111111
41
1.0
50
0.0
51
0.0
7
Standard
11
1394778.90909278
21
359944.827849886
31
0.0
210
0.0
220
0.0
230
1.0
71
0
72
0
100
AcDbText
73
0
0
POINT
5
622
330
1C
100
AcDbEntity
67
0
8
0
62
256
6
ByLayer
370
-1
48
1.0
60
0
100
AcDbPoint
10
1394800.83334448
20
359968.1868483
30
0.0
39
0.0
210
0.0
220
0.0
230
1.0
50
360.0
0
TEXT
5
623
330
1C
100
AcDbEntity
67
0
8
0
62
7
6
ByLayer
370
-1
48
1.0
60
0
100
AcDbText
1
769
10
1394800.9624735
20
359968.461287036
30
0.0
40
0.31111111111
41
1.0
50
0.0
51
0.0
7
Standard
11
1394800.9624735
21
359968.461287036
31
0.0
210
0.0
220
0.0
230
1.0
71
0
72
0
100
AcDbText
73
0
0
POINT
5
624
330
1C
100
AcDbEntity
67
0
8
0
62
256
6
ByLayer
370
-1
48
1.0
60
0
100
AcDbPoint
10
1394801.20046074
20
359969.645942558
30
0.0
39
0.0
210
0.0
220
0.0
230
1.0
50
360.0
0
TEXT
5
625
330
1C
100
AcDbEntity
67
0
8
0
62
7
6
ByLayer
370
-1
48
1.0
60
0
100
AcDbText
1
770
10
1394801.32958976
20
359969.920381296
30
0.0
40
0.31111111111
41
1.0
50
0.0
51
0.0
7
Standard
11
1394801.32958976
21
359969.920381296
31
0.0
210
0.0
220
0.0
230
1.0
71
0
72
0
100
AcDbText
73
0
0
POINT
5
626
330
1C
100
AcDbEntity
67
0
8
0
62
256
6
ByLayer
370
-1
48
1.0
60
0
100
AcDbPoint
10
1394802.24793987
20
359970.725997131
30
0.0
39
0.0
210
0.0
220
0.0
230
1.0
50
360.0
0
TEXT
5
627
330
1C
100
AcDbEntity
67
0
8
0
62
7
6
ByLayer
370
-1
48
1.0
60
0
100
AcDbText
1
771
10
1394802.37706889
20
359971.000435868
30
0.0
40
0.31111111111
41
1.0
50
0.0
51
0.0
7
Standard
11
1394802.37706889
21
359971.000435868
31
0.0
210
0.0
220
0.0
230
1.0
71
0
72
0
100
AcDbText
73
0
0
POINT
5
628
330
1C
100
AcDbEntity
67
0
8
0
62
256
6
ByLayer
370
-1
48
1.0
60
0
100
AcDbPoint
10
1394803.6951107
20
359971.137612262
30
0.0
39
0.0
210
0.0
220
0.0
230
1.0
50
360.0
0
TEXT
5
629
330
1C
100
AcDbEntity
67
0
8
0
62
7
6
ByLayer
370
-1
48
1.0
60
0
100
AcDbText
1
772
10
1394803.82423972
20
359971.412051005
30
0.0
40
0.31111111111
41
1.0
50
0.0
51
0.0
7
Standard
11
1394803.82423972
21
359971.412051005
31
0.0
210
0.0
220
0.0
230
1.0
71
0
72
0
100
AcDbText
73
0
0
POINT
5
62A
330
1C
100
AcDbEntity
67
0
8
0
62
256
6
ByLayer
370
-1
48
1.0
60
0
100
AcDbPoint
10
1394805.15420497
20
359970.77049601
30
0.0
39
0.0
210
0.0
220
0.0
230
1.0
50
360.0
0
TEXT
5
62B
330
1C
100
AcDbEntity
67
0
8
0
62
7
6
ByLayer
370
-1
48
1.0
60
0
100
AcDbText
1
773
10
1394805.28333399
20
359971.044934753
30
0.0
40
0.31111111111
41
1.0
50
0.0
51
0.0
7
Standard
11
1394805.28333399
21
359971.044934753
31
0.0
210
0.0
220
0.0
230
1.0
71
0
72
0
100
AcDbText
73
0
0
POINT
5
62C
330
1C
100
AcDbEntity
67
0
8
0
62
256
6
ByLayer
370
-1
48
1.0
60
0
100
AcDbPoint
10
1394806.23425955
20
359969.723016864
30
0.0
39
0.0
210
0.0
220
0.0
230
1.0
50
360.0
0
TEXT
5
62D
330
1C
100
AcDbEntity
67
0
8
0
62
7
6
ByLayer
370
-1
48
1.0
60
0
100
AcDbText
1
774
10
1394806.36338857
20
359969.997455614
30
0.0
40
0.31111111111
41
1.0
50
0.0
51
0.0
7
Standard
11
1394806.36338857
21
359969.997455614
31
0.0
210
0.0
220
0.0
230
1.0
71
0
72
0
100
AcDbText
73
0
0
POINT
5
62E
330
1C
100
AcDbEntity
67
0
8
0
62
256
6
ByLayer
370
-1
48
1.0
60
0
100
AcDbPoint
10
1394806.64587468
20
359968.275846023
30
0.0
39
0.0
210
0.0
220
0.0
230
1.0
50
360.0
0
TEXT
5
62F
330
1C
100
AcDbEntity
67
0
8
0
62
7
6
ByLayer
370
-1
48
1.0
60
0
100
AcDbText
1
775
10
1394806.77500371
20
359968.550284771
30
0.0
40
0.31111111111
41
1.0
50
0.0
51
0.0
7
Standard
11
1394806.77500371
21
359968.550284771
31
0.0
210
0.0
220
0.0
230
1.0
71
0
72
0
100
AcDbText
73
0
0
POINT
5
630
330
1C
100
AcDbEntity
67
0
8
0
62
256
6
ByLayer
370
-1
48
1.0
60
0
100
AcDbPoint
10
1394806.27875841
20
359966.816751745
30
0.0
39
0.0
210
0.0
220
0.0
230
1.0
50
360.0
0
TEXT
5
631
330
1C
100
AcDbEntity
67
0
8
0
62
7
6
ByLayer
370
-1
48
1.0
60
0
100
AcDbText
1
776
10
1394806.40788744
20
359967.091190491
30
0.0
40
0.31111111111
41
1.0
50
0.0
51
0.0
7
Standard
11
1394806.40788744
21
359967.091190491
31
0.0
210
0.0
220
0.0
230
1.0
71
0
72
0
100
AcDbText
73
0
0
POINT
5
632
330
1C
100
AcDbEntity
67
0
8
0
62
256
6
ByLayer
370
-1
48
1.0
60
0
100
AcDbPoint
10
1394805.23127926
20
359965.736697174
30
0.0
39
0.0
210
0.0
220
0.0
230
1.0
50
360.0
0
TEXT
5
633
330
1C
100
AcDbEntity
67
0
8
0
62
7
6
ByLayer
370
-1
48
1.0
60
0
100
AcDbText
1
777
10
1394805.36040829
20
359966.01113592
30
0.0
40
0.31111111111
41
1.0
50
0.0
51
0.0
7
Standard
11
1394805.36040829
21
359966.01113592
31
0.0
210
0.0
220
0.0
230
1.0
71
0
72
0
100
AcDbText
73
0
0
POINT
5
634
330
1C
100
AcDbEntity
67
0
8
0
62
256
6
ByLayer
370
-1
48
1.0
60
0
100
AcDbPoint
10
1394803.78410842
20
359965.325082061
30
0.0
39
0.0
210
0.0
220
0.0
230
1.0
50
360.0
0
TEXT
5
635
330
1C
100
AcDbEntity
67
0
8
0
62
7
6
ByLayer
370
-1
48
1.0
60
0
100
AcDbText
1
778
10
1394803.91323745
20
359965.599520801
30
0.0
40
0.31111111111
41
1.0
50
0.0
51
0.0
7
Standard
11
1394803.91323745
21
359965.599520801
31
0.0
210
0.0
220
0.0
230
1.0
71
0
72
0
100
AcDbText
73
0
0
POINT
5
636
330
1C
100
AcDbEntity
67
0
8
0
62
256
6
ByLayer
370
-1
48
1.0
60
0
100
AcDbPoint
10
1394802.32501416
20
359965.692198333
30
0.0
39
0.0
210
0.0
220
0.0
230
1.0
50
360.0
0
TEXT
5
637
330
1C
100
AcDbEntity
67
0
8
0
62
7
6
ByLayer
370
-1
48
1.0
60
0
100
AcDbText
1
779
10
1394802.45414319
20
359965.966637073
30
0.0
40
0.31111111111
41
1.0
50
0.0
51
0.0
7
Standard
11
1394802.45414319
21
359965.966637073
31
0.0
210
0.0
220
0.0
230
1.0
71
0
72
0
100
AcDbText
73
0
0
POINT
5
638
330
1C
100
AcDbEntity
67
0
8
0
62
256
6
ByLayer
370
-1
48
1.0
60
0
100
AcDbPoint
10
1394801.2449596
20
359966.739677475
30
0.0
39
0.0
210
0.0
220
0.0
230
1.0
50
360.0
0
TEXT
5
639
330
1C
100
AcDbEntity
67
0
8
0
62
7
6
ByLayer
370
-1
48
1.0
60
0
100
AcDbText
1
780
10
1394801.37408862
20
359967.014116214
30
0.0
40
0.31111111111
41
1.0
50
0.0
51
0.0
7
Standard
11
1394801.37408862
21
359967.014116214
31
0.0
210
0.0
220
0.0
230
1.0
71
0
72
0
100
AcDbText
73
0
0
POINT
5
63A
330
1C
100
AcDbEntity
67
0
8
0
62
256
6
ByLayer
370
-1
48
1.0
60
0
100
AcDbPoint
10
1394866.59227415
20
359861.442970533
30
0.0
39
0.0
210
0.0
220
0.0
230
1.0
50
360.0
0
TEXT
5
63B
330
1C
100
AcDbEntity
67
0
8
0
62
7
6
ByLayer
370
-1
48
1.0
60
0
100
AcDbText
1
781
10
1394866.72140337
20
359861.717409393
30
0.0
40
0.31111111111
41
1.0
50
0.0
51
0.0
7
Standard
11
1394866.72140337
21
359861.717409393
31
0.0
210
0.0
220
0.0
230
1.0
71
0
72
0
100
AcDbText
73
0
0
POINT
5
63C
330
1C
100
AcDbEntity
67
0
8
0
62
256
6
ByLayer
370
-1
48
1.0
60
0
100
AcDbPoint
10
1394866.95939087
20
359862.902064938
30
0.0
39
0.0
210
0.0
220
0.0
230
1.0
50
360.0
0
TEXT
5
63D
330
1C
100
AcDbEntity
67
0
8
0
62
7
6
ByLayer
370
-1
48
1.0
60
0
100
AcDbText
1
782
10
1394867.08852008
20
359863.176503797
30
0.0
40
0.31111111111
41
1.0
50
0.0
51
0.0
7
Standard
11
1394867.08852008
21
359863.176503797
31
0.0
210
0.0
220
0.0
230
1.0
71
0
72
0
100
AcDbText
73
0
0
POINT
5
63E
330
1C
100
AcDbEntity
67
0
8
0
62
256
6
ByLayer
370
-1
48
1.0
60
0
100
AcDbPoint
10
1394868.00687048
20
359863.982119404
30
0.0
39
0.0
210
0.0
220
0.0
230
1.0
50
360.0
0
TEXT
5
63F
330
1C
100
AcDbEntity
67
0
8
0
62
7
6
ByLayer
370
-1
48
1.0
60
0
100
AcDbText
1
783
10
1394868.13599969
20
359864.256558265
30
0.0
40
0.31111111111
41
1.0
50
0.0
51
0.0
7
Standard
11
1394868.13599969
21
359864.256558265
31
0.0
210
0.0
220
0.0
230
1.0
71
0
72
0
100
AcDbText
73
0
0
POINT
5
640
330
1C
100
AcDbEntity
67
0
8
0
62
256
6
ByLayer
370
-1
48
1.0
60
0
100
AcDbPoint
10
1394869.45404166
20
359864.393734207
30
0.0
39
0.0
210
0.0
220
0.0
230
1.0
50
360.0
0
TEXT
5
641
330
1C
100
AcDbEntity
67
0
8
0
62
7
6
ByLayer
370
-1
48
1.0
60
0
100
AcDbText
1
784
10
1394869.58317087
20
359864.668173071
30
0.0
40
0.31111111111
41
1.0
50
0.0
51
0.0
7
Standard
11
1394869.58317087
21
359864.668173071
31
0.0
210
0.0
220
0.0
230
1.0
71
0
72
0
100
AcDbText
73
0
0
POINT
5
642
330
1C
100
AcDbEntity
67
0
8
0
62
256
6
ByLayer
370
-1
48
1.0
60
0
100
AcDbPoint
10
1394870.91313608
20
359864.026617493
30
0.0
39
0.0
210
0.0
220
0.0
230
1.0
50
360.0
0
TEXT
5
643
330
1C
100
AcDbEntity
67
0
8
0
62
7
6
ByLayer
370
-1
48
1.0
60
0
100
AcDbText
1
785
10
1394871.04226529
20
359864.301056359
30
0.0
40
0.31111111111
41
1.0
50
0.0
51
0.0
7
Standard
11
1394871.04226529
21
359864.301056359
31
0.0
210
0.0
220
0.0
230
1.0
71
0
72
0
100
AcDbText
73
0
0
POINT
5
644
330
1C
100
AcDbEntity
67
0
8
0
62
256
6
ByLayer
370
-1
48
1.0
60
0
100
AcDbPoint
10
1394871.99319056
20
359862.979137875
30
0.0
39
0.0
210
0.0
220
0.0
230
1.0
50
360.0
0
TEXT
5
645
330
1C
100
AcDbEntity
67
0
8
0
62
7
6
ByLayer
370
-1
48
1.0
60
0
100
AcDbText
1
786
10
1394872.12231977
20
359863.253576747
30
0.0
40
0.31111111111
41
1.0
50
0.0
51
0.0
7
Standard
11
1394872.12231977
21
359863.253576747
31
0.0
210
0.0
220
0.0
230
1.0
71
0
72
0
100
AcDbText
73
0
0
POINT
5
646
330
1C
100
AcDbEntity
67
0
8
0
62
256
6
ByLayer
370
-1
48
1.0
60
0
100
AcDbPoint
10
1394872.40480536
20
359861.531966674
30
0.0
39
0.0
210
0.0
220
0.0
230
1.0
50
360.0
0
TEXT
5
647
330
1C
100
AcDbEntity
67
0
8
0
62
7
6
ByLayer
370
-1
48
1.0
60
0
100
AcDbText
1
787
10
1394872.53393457
20
359861.806405546
30
0.0
40
0.31111111111
41
1.0
50
0.0
51
0.0
7
Standard
11
1394872.53393457
21
359861.806405546
31
0.0
210
0.0
220
0.0
230
1.0
71
0
72
0
100
AcDbText
73
0
0
POINT
5
648
330
1C
100
AcDbEntity
67
0
8
0
62
256
6
ByLayer
370
-1
48
1.0
60
0
100
AcDbPoint
10
1394872.03768863
20
359860.072872253
30
0.0
39
0.0
210
0.0
220
0.0
230
1.0
50
360.0
0
TEXT
5
649
330
1C
100
AcDbEntity
67
0
8
0
62
7
6
ByLayer
370
-1
48
1.0
60
0
100
AcDbText
1
788
10
1394872.16681785
20
359860.347311123
30
0.0
40
0.31111111111
41
1.0
50
0.0
51
0.0
7
Standard
11
1394872.16681785
21
359860.347311123
31
0.0
210
0.0
220
0.0
230
1.0
71
0
72
0
100
AcDbText
73
0
0
POINT
5
64A
330
1C
100
AcDbEntity
67
0
8
0
62
256
6
ByLayer
370
-1
48
1.0
60
0
100
AcDbPoint
10
1394870.990209
20
359858.992817791
30
0.0
39
0.0
210
0.0
220
0.0
230
1.0
50
360.0
0
TEXT
5
64B
330
1C
100
AcDbEntity
67
0
8
0
62
7
6
ByLayer
370
-1
48
1.0
60
0
100
AcDbText
1
789
10
1394871.11933822
20
359859.267256656
30
0.0
40
0.31111111111
41
1.0
50
0.0
51
0.0
7
Standard
11
1394871.11933822
21
359859.267256656
31
0.0
210
0.0
220
0.0
230
1.0
71
0
72
0
100
AcDbText
73
0
0
POINT
5
64C
330
1C
100
AcDbEntity
67
0
8
0
62
256
6
ByLayer
370
-1
48
1.0
60
0
100
AcDbPoint
10
1394869.54303781
20
359858.581203003
30
0.0
39
0.0
210
0.0
220
0.0
230
1.0
50
360.0
0
TEXT
5
64D
330
1C
100
AcDbEntity
67
0
8
0
62
7
6
ByLayer
370
-1
48
1.0
60
0
100
AcDbText
1
790
10
1394869.67216703
20
359858.855641868
30
0.0
40
0.31111111111
41
1.0
50
0.0
51
0.0
7
Standard
11
1394869.67216703
21
359858.855641868
31
0.0
210
0.0
220
0.0
230
1.0
71
0
72
0
100
AcDbText
73
0
0
POINT
5
64E
330
1C
100
AcDbEntity
67
0
8
0
62
256
6
ByLayer
370
-1
48
1.0
60
0
100
AcDbPoint
10
1394868.0839434
20
359858.948319734
30
0.0
39
0.0
210
0.0
220
0.0
230
1.0
50
360.0
0
TEXT
5
64F
330
1C
100
AcDbEntity
67
0
8
0
62
7
6
ByLayer
370
-1
48
1.0
60
0
100
AcDbText
1
791
10
1394868.21307262
20
359859.222758598
30
0.0
40
0.31111111111
41
1.0
50
0.0
51
0.0
7
Standard
11
1394868.21307262
21
359859.222758598
31
0.0
210
0.0
220
0.0
230
1.0
71
0
72
0
100
AcDbText
73
0
0
POINT
5
650
330
1C
100
AcDbEntity
67
0
8
0
62
256
6
ByLayer
370
-1
48
1.0
60
0
100
AcDbPoint
10
1394867.00388894
20
359859.995799352
30
0.0
39
0.0
210
0.0
220
0.0
230
1.0
50
360.0
0
TEXT
5
651
330
1C
100
AcDbEntity
67
0
8
0
62
7
6
ByLayer
370
-1
48
1.0
60
0
100
AcDbText
1
792
10
1394867.13301816
20
359860.270238212
30
0.0
40
0.31111111111
41
1.0
50
0.0
51
0.0
7
Standard
11
1394867.13301816
21
359860.270238212
31
0.0
210
0.0
220
0.0
230
1.0
71
0
72
0
100
AcDbText
73
0
0
POINT
5
652
330
1C
100
AcDbEntity
67
0
8
0
62
256
6
ByLayer
370
-1
48
1.0
60
0
100
AcDbPoint
10
1394894.69643848
20
359863.148049508
30
0.0
39
0.0
210
0.0
220
0.0
230
1.0
50
360.0
0
TEXT
5
653
330
1C
100
AcDbEntity
67
0
8
0
62
7
6
ByLayer
370
-1
48
1.0
60
0
100
AcDbText
1
793
10
1394894.82556769
20
359863.422488417
30
0.0
40
0.31111111111
41
1.0
50
0.0
51
0.0
7
Standard
11
1394894.82556769
21
359863.422488417
31
0.0
210
0.0
220
0.0
230
1.0
71
0
72
0
100
AcDbText
73
0
0
POINT
5
654
330
1C
100
AcDbEntity
67
0
8
0
62
256
6
ByLayer
370
-1
48
1.0
60
0
100
AcDbPoint
10
1394895.06355521
20
359864.607144017
30
0.0
39
0.0
210
0.0
220
0.0
230
1.0
50
360.0
0
TEXT
5
655
330
1C
100
AcDbEntity
67
0
8
0
62
7
6
ByLayer
370
-1
48
1.0
60
0
100
AcDbText
1
794
10
1394895.19268443
20
359864.881582928
30
0.0
40
0.31111111111
41
1.0
50
0.0
51
0.0
7
Standard
11
1394895.19268443
21
359864.881582928
31
0.0
210
0.0
220
0.0
230
1.0
71
0
72
0
100
AcDbText
73
0
0
POINT
5
656
330
1C
100
AcDbEntity
67
0
8
0
62
256
6
ByLayer
370
-1
48
1.0
60
0
100
AcDbPoint
10
1394896.11103489
20
359865.687198564
30
0.0
39
0.0
210
0.0
220
0.0
230
1.0
50
360.0
0
TEXT
5
657
330
1C
100
AcDbEntity
67
0
8
0
62
7
6
ByLayer
370
-1
48
1.0
60
0
100
AcDbText
1
795
10
1394896.2401641
20
359865.961637479
30
0.0
40
0.31111111111
41
1.0
50
0.0
51
0.0
7
Standard
11
1394896.2401641
21
359865.961637479
31
0.0
210
0.0
220
0.0
230
1.0
71
0
72
0
100
AcDbText
73
0
0
POINT
5
658
330
1C
100
AcDbEntity
67
0
8
0
62
256
6
ByLayer
370
-1
48
1.0
60
0
100
AcDbPoint
10
1394897.55820618
20
359866.098813405
30
0.0
39
0.0
210
0.0
220
0.0
230
1.0
50
360.0
0
TEXT
5
659
330
1C
100
AcDbEntity
67
0
8
0
62
7
6
ByLayer
370
-1
48
1.0
60
0
100
AcDbText
1
796
10
1394897.68733539
20
359866.373252321
30
0.0
40
0.31111111111
41
1.0
50
0.0
51
0.0
7
Standard
11
1394897.68733539
21
359866.373252321
31
0.0
210
0.0
220
0.0
230
1.0
71
0
72
0
100
AcDbText
73
0
0
POINT
5
65A
330
1C
100
AcDbEntity
67
0
8
0
62
256
6
ByLayer
370
-1
48
1.0
60
0
100
AcDbPoint
10
1394899.0173007
20
359865.731696671
30
0.0
39
0.0
210
0.0
220
0.0
230
1.0
50
360.0
0
TEXT
5
65B
330
1C
100
AcDbEntity
67
0
8
0
62
7
6
ByLayer
370
-1
48
1.0
60
0
100
AcDbText
1
797
10
1394899.14642991
20
359866.00613559
30
0.0
40
0.31111111111
41
1.0
50
0.0
51
0.0
7
Standard
11
1394899.14642991
21
359866.00613559
31
0.0
210
0.0
220
0.0
230
1.0
71
0
72
0
100
AcDbText
73
0
0
POINT
5
65C
330
1C
100
AcDbEntity
67
0
8
0
62
256
6
ByLayer
370
-1
48
1.0
60
0
100
AcDbPoint
10
1394900.09735526
20
359864.684216982
30
0.0
39
0.0
210
0.0
220
0.0
230
1.0
50
360.0
0
TEXT
5
65D
330
1C
100
AcDbEntity
67
0
8
0
62
7
6
ByLayer
370
-1
48
1.0
60
0
100
AcDbText
1
798
10
1394900.22648447
20
359864.958655901
30
0.0
40
0.31111111111
41
1.0
50
0.0
51
0.0
7
Standard
11
1394900.22648447
21
359864.958655901
31
0.0
210
0.0
220
0.0
230
1.0
71
0
72
0
100
AcDbText
73
0
0
POINT
5
65E
330
1C
100
AcDbEntity
67
0
8
0
62
256
6
ByLayer
370
-1
48
1.0
60
0
100
AcDbPoint
10
1394900.5089701
20
359863.237045682
30
0.0
39
0.0
210
0.0
220
0.0
230
1.0
50
360.0
0
TEXT
5
65F
330
1C
100
AcDbEntity
67
0
8
0
62
7
6
ByLayer
370
-1
48
1.0
60
0
100
AcDbText
1
799
10
1394900.63809931
20
359863.511484602
30
0.0
40
0.31111111111
41
1.0
50
0.0
51
0.0
7
Standard
11
1394900.63809931
21
359863.511484602
31
0.0
210
0.0
220
0.0
230
1.0
71
0
72
0
100
AcDbText
73
0
0
POINT
5
660
330
1C
100
AcDbEntity
67
0
8
0
62
256
6
ByLayer
370
-1
48
1.0
60
0
100
AcDbPoint
10
1394900.14185335
20
359861.777951153
30
0.0
39
0.0
210
0.0
220
0.0
230
1.0
50
360.0
0
TEXT
5
661
330
1C
100
AcDbEntity
67
0
8
0
62
7
6
ByLayer
370
-1
48
1.0
60
0
100
AcDbText
1
800
10
1394900.27098257
20
359862.052390074
30
0.0
40
0.31111111111
41
1.0
50
0.0
51
0.0
7
Standard
11
1394900.27098257
21
359862.052390074
31
0.0
210
0.0
220
0.0
230
1.0
71
0
72
0
100
AcDbText
73
0
0
POINT
5
662
330
1C
100
AcDbEntity
67
0
8
0
62
256
6
ByLayer
370
-1
48
1.0
60
0
100
AcDbPoint
10
1394899.09437365
20
359860.697896603
30
0.0
39
0.0
210
0.0
220
0.0
230
1.0
50
360.0
0
TEXT
5
663
330
1C
100
AcDbEntity
67
0
8
0
62
7
6
ByLayer
370
-1
48
1.0
60
0
100
AcDbText
1
801
10
1394899.22350287
20
359860.972335524
30
0.0
40
0.31111111111
41
1.0
50
0.0
51
0.0
7
Standard
11
1394899.22350287
21
359860.972335524
31
0.0
210
0.0
220
0.0
230
1.0
71
0
72
0
100
AcDbText
73
0
0
POINT
5
664
330
1C
100
AcDbEntity
67
0
8
0
62
256
6
ByLayer
370
-1
48
1.0
60
0
100
AcDbPoint
10
1394897.64720235
20
359860.286281781
30
0.0
39
0.0
210
0.0
220
0.0
230
1.0
50
360.0
0
TEXT
5
665
330
1C
100
AcDbEntity
67
0
8
0
62
7
6
ByLayer
370
-1
48
1.0
60
0
100
AcDbText
1
802
10
1394897.77633157
20
359860.560720695
30
0.0
40
0.31111111111
41
1.0
50
0.0
51
0.0
7
Standard
11
1394897.77633157
21
359860.560720695
31
0.0
210
0.0
220
0.0
230
1.0
71
0
72
0
100
AcDbText
73
0
0
POINT
5
666
330
1C
100
AcDbEntity
67
0
8
0
62
256
6
ByLayer
370
-1
48
1.0
60
0
100
AcDbPoint
10
1394896.18810784
20
359860.653398536
30
0.0
39
0.0
210
0.0
220
0.0
230
1.0
50
360.0
0
TEXT
5
667
330
1C
100
AcDbEntity
67
0
8
0
62
7
6
ByLayer
370
-1
48
1.0
60
0
100
AcDbText
1
803
10
1394896.31723706
20
359860.927837451
30
0.0
40
0.31111111111
41
1.0
50
0.0
51
0.0
7
Standard
11
1394896.31723706
21
359860.927837451
31
0.0
210
0.0
220
0.0
230
1.0
71
0
72
0
100
AcDbText
73
0
0
POINT
5
668
330
1C
100
AcDbEntity
67
0
8
0
62
256
6
ByLayer
370
-1
48
1.0
60
0
100
AcDbPoint
10
1394895.1080533
20
359861.700878224
30
0.0
39
0.0
210
0.0
220
0.0
230
1.0
50
360.0
0
TEXT
5
669
330
1C
100
AcDbEntity
67
0
8
0
62
7
6
ByLayer
370
-1
48
1.0
60
0
100
AcDbText
1
804
10
1394895.23718252
20
359861.975317134
30
0.0
40
0.31111111111
41
1.0
50
0.0
51
0.0
7
Standard
11
1394895.23718252
21
359861.975317134
31
0.0
210
0.0
220
0.0
230
1.0
71
0
72
0
100
AcDbText
73
0
0
POINT
5
66A
330
1C
100
AcDbEntity
67
0
8
0
62
256
6
ByLayer
370
-1
48
1.0
60
0
100
AcDbPoint
10
1394904.78314222
20
359850.443883779
30
0.0
39
0.0
210
0.0
220
0.0
230
1.0
50
360.0
0
TEXT
5
66B
330
1C
100
AcDbEntity
67
0
8
0
62
7
6
ByLayer
370
-1
48
1.0
60
0
100
AcDbText
1
805
10
1394904.91227146
20
359850.718322709
30
0.0
40
0.31111111111
41
1.0
50
0.0
51
0.0
7
Standard
11
1394904.91227146
21
359850.718322709
31
0.0
210
0.0
220
0.0
230
1.0
71
0
72
0
100
AcDbText
73
0
0
POINT
5
66C
330
1C
100
AcDbEntity
67
0
8
0
62
256
6
ByLayer
370
-1
48
1.0
60
0
100
AcDbPoint
10
1394905.15025902
20
359851.902978316
30
0.0
39
0.0
210
0.0
220
0.0
230
1.0
50
360.0
0
TEXT
5
66D
330
1C
100
AcDbEntity
67
0
8
0
62
7
6
ByLayer
370
-1
48
1.0
60
0
100
AcDbText
1
806
10
1394905.27938825
20
359852.177417246
30
0.0
40
0.31111111111
41
1.0
50
0.0
51
0.0
7
Standard
11
1394905.27938825
21
359852.177417246
31
0.0
210
0.0
220
0.0
230
1.0
71
0
72
0
100
AcDbText
73
0
0
POINT
5
66E
330
1C
100
AcDbEntity
67
0
8
0
62
256
6
ByLayer
370
-1
48
1.0
60
0
100
AcDbPoint
10
1394906.19773875
20
359852.983032856
30
0.0
39
0.0
210
0.0
220
0.0
230
1.0
50
360.0
0
TEXT
5
66F
330
1C
100
AcDbEntity
67
0
8
0
62
7
6
ByLayer
370
-1
48
1.0
60
0
100
AcDbText
1
807
10
1394906.32686799
20
359853.257471788
30
0.0
40
0.31111111111
41
1.0
50
0.0
51
0.0
7
Standard
11
1394906.32686799
21
359853.257471788
31
0.0
210
0.0
220
0.0
230
1.0
71
0
72
0
100
AcDbText
73
0
0
POINT
5
670
330
1C
100
AcDbEntity
67
0
8
0
62
256
6
ByLayer
370
-1
48
1.0
60
0
100
AcDbPoint
10
1394907.64491009
20
359853.39464766
30
0.0
39
0.0
210
0.0
220
0.0
230
1.0
50
360.0
0
TEXT
5
671
330
1C
100
AcDbEntity
67
0
8
0
62
7
6
ByLayer
370
-1
48
1.0
60
0
100
AcDbText
1
808
10
1394907.77403932
20
359853.669086596
30
0.0
40
0.31111111111
41
1.0
50
0.0
51
0.0
7
Standard
11
1394907.77403932
21
359853.669086596
31
0.0
210
0.0
220
0.0
230
1.0
71
0
72
0
100
AcDbText
73
0
0
POINT
5
672
330
1C
100
AcDbEntity
67
0
8
0
62
256
6
ByLayer
370
-1
48
1.0
60
0
100
AcDbPoint
10
1394909.10400464
20
359853.027530869
30
0.0
39
0.0
210
0.0
220
0.0
230
1.0
50
360.0
0
TEXT
5
673
330
1C
100
AcDbEntity
67
0
8
0
62
7
6
ByLayer
370
-1
48
1.0
60
0
100
AcDbText
1
809
10
1394909.23313387
20
359853.301969809
30
0.0
40
0.31111111111
41
1.0
50
0.0
51
0.0
7
Standard
11
1394909.23313387
21
359853.301969809
31
0.0
210
0.0
220
0.0
230
1.0
71
0
72
0
100
AcDbText
73
0
0
POINT
5
674
330
1C
100
AcDbEntity
67
0
8
0
62
256
6
ByLayer
370
-1
48
1.0
60
0
100
AcDbPoint
10
1394910.1840592
20
359851.980051119
30
0.0
39
0.0
210
0.0
220
0.0
230
1.0
50
360.0
0
TEXT
5
675
330
1C
100
AcDbEntity
67
0
8
0
62
7
6
ByLayer
370
-1
48
1.0
60
0
100
AcDbText
1
810
10
1394910.31318843
20
359852.254490057
30
0.0
40
0.31111111111
41
1.0
50
0.0
51
0.0
7
Standard
11
1394910.31318843
21
359852.254490057
31
0.0
210
0.0
220
0.0
230
1.0
71
0
72
0
100
AcDbText
73
0
0
POINT
5
676
330
1C
100
AcDbEntity
67
0
8
0
62
256
6
ByLayer
370
-1
48
1.0
60
0
100
AcDbPoint
10
1394910.595674
20
359850.532879768
30
0.0
39
0.0
210
0.0
220
0.0
230
1.0
50
360.0
0
TEXT
5
677
330
1C
100
AcDbEntity
67
0
8
0
62
7
6
ByLayer
370
-1
48
1.0
60
0
100
AcDbText
1
811
10
1394910.72480323
20
359850.807318703
30
0.0
40
0.31111111111
41
1.0
50
0.0
51
0.0
7
Standard
11
1394910.72480323
21
359850.807318703
31
0.0
210
0.0
220
0.0
230
1.0
71
0
72
0
100
AcDbText
73
0
0
POINT
5
678
330
1C
100
AcDbEntity
67
0
8
0
62
256
6
ByLayer
370
-1
48
1.0
60
0
100
AcDbPoint
10
1394910.22855719
20
359849.073785213
30
0.0
39
0.0
210
0.0
220
0.0
230
1.0
50
360.0
0
TEXT
5
679
330
1C
100
AcDbEntity
67
0
8
0
62
7
6
ByLayer
370
-1
48
1.0
60
0
100
AcDbText
1
812
10
1394910.35768643
20
359849.348224151
30
0.0
40
0.31111111111
41
1.0
50
0.0
51
0.0
7
Standard
11
1394910.35768643
21
359849.348224151
31
0.0
210
0.0
220
0.0
230
1.0
71
0
72
0
100
AcDbText
73
0
0
POINT
5
67A
330
1C
100
AcDbEntity
67
0
8
0
62
256
6
ByLayer
370
-1
48
1.0
60
0
100
AcDbPoint
10
1394909.18107743
20
359847.99373067
30
0.0
39
0.0
210
0.0
220
0.0
230
1.0
50
360.0
0
TEXT
5
67B
330
1C
100
AcDbEntity
67
0
8
0
62
7
6
ByLayer
370
-1
48
1.0
60
0
100
AcDbText
1
813
10
1394909.31020667
20
359848.26816961
30
0.0
40
0.31111111111
41
1.0
50
0.0
51
0.0
7
Standard
11
1394909.31020667
21
359848.26816961
31
0.0
210
0.0
220
0.0
230
1.0
71
0
72
0
100
AcDbText
73
0
0
POINT
5
67C
330
1C
100
AcDbEntity
67
0
8
0
62
256
6
ByLayer
370
-1
48
1.0
60
0
100
AcDbPoint
10
1394907.73390608
20
359847.582115883
30
0.0
39
0.0
210
0.0
220
0.0
230
1.0
50
360.0
0
TEXT
5
67D
330
1C
100
AcDbEntity
67
0
8
0
62
7
6
ByLayer
370
-1
48
1.0
60
0
100
AcDbText
1
814
10
1394907.86303532
20
359847.856554818
30
0.0
40
0.31111111111
41
1.0
50
0.0
51
0.0
7
Standard
11
1394907.86303532
21
359847.856554818
31
0.0
210
0.0
220
0.0
230
1.0
71
0
72
0
100
AcDbText
73
0
0
POINT
5
67E
330
1C
100
AcDbEntity
67
0
8
0
62
256
6
ByLayer
370
-1
48
1.0
60
0
100
AcDbPoint
10
1394906.27481154
20
359847.949232696
30
0.0
39
0.0
210
0.0
220
0.0
230
1.0
50
360.0
0
TEXT
5
67F
330
1C
100
AcDbEntity
67
0
8
0
62
7
6
ByLayer
370
-1
48
1.0
60
0
100
AcDbText
1
815
10
1394906.40394078
20
359848.223671627
30
0.0
40
0.31111111111
41
1.0
50
0.0
51
0.0
7
Standard
11
1394906.40394078
21
359848.223671627
31
0.0
210
0.0
220
0.0
230
1.0
71
0
72
0
100
AcDbText
73
0
0
POINT
5
680
330
1C
100
AcDbEntity
67
0
8
0
62
256
6
ByLayer
370
-1
48
1.0
60
0
100
AcDbPoint
10
1394905.19475701
20
359848.996712446
30
0.0
39
0.0
210
0.0
220
0.0
230
1.0
50
360.0
0
TEXT
5
681
330
1C
100
AcDbEntity
67
0
8
0
62
7
6
ByLayer
370
-1
48
1.0
60
0
100
AcDbText
1
816
10
1394905.32388625
20
359849.271151375
30
0.0
40
0.31111111111
41
1.0
50
0.0
51
0.0
7
Standard
11
1394905.32388625
21
359849.271151375
31
0.0
210
0.0
220
0.0
230
1.0
71
0
72
0
100
AcDbText
73
0
0
POINT
5
682
330
1C
100
AcDbEntity
67
0
8
0
62
256
6
ByLayer
370
-1
48
1.0
60
0
100
AcDbPoint
10
1394854.7157573
20
359907.108063848
30
0.0
39
0.0
210
0.0
220
0.0
230
1.0
50
360.0
0
TEXT
5
683
330
1C
100
AcDbEntity
67
0
8
0
62
7
6
ByLayer
370
-1
48
1.0
60
0
100
AcDbText
1
817
10
1394854.84488644
20
359907.382502683
30
0.0
40
0.31111111111
41
1.0
50
0.0
51
0.0
7
Standard
11
1394854.84488644
21
359907.382502683
31
0.0
210
0.0
220
0.0
230
1.0
71
0
72
0
100
AcDbText
73
0
0
POINT
5
684
330
1C
100
AcDbEntity
67
0
8
0
62
256
6
ByLayer
370
-1
48
1.0
60
0
100
AcDbPoint
10
1394855.08287384
20
359908.567158247
30
0.0
39
0.0
210
0.0
220
0.0
230
1.0
50
360.0
0
TEXT
5
685
330
1C
100
AcDbEntity
67
0
8
0
62
7
6
ByLayer
370
-1
48
1.0
60
0
100
AcDbText
1
818
10
1394855.21200297
20
359908.841597085
30
0.0
40
0.31111111111
41
1.0
50
0.0
51
0.0
7
Standard
11
1394855.21200297
21
359908.841597085
31
0.0
210
0.0
220
0.0
230
1.0
71
0
72
0
100
AcDbText
73
0
0
POINT
5
686
330
1C
100
AcDbEntity
67
0
8
0
62
256
6
ByLayer
370
-1
48
1.0
60
0
100
AcDbPoint
10
1394856.13035329
20
359909.647212804
30
0.0
39
0.0
210
0.0
220
0.0
230
1.0
50
360.0
0
TEXT
5
687
330
1C
100
AcDbEntity
67
0
8
0
62
7
6
ByLayer
370
-1
48
1.0
60
0
100
AcDbText
1
819
10
1394856.25948241
20
359909.921651642
30
0.0
40
0.31111111111
41
1.0
50
0.0
51
0.0
7
Standard
11
1394856.25948241
21
359909.921651642
31
0.0
210
0.0
220
0.0
230
1.0
71
0
72
0
100
AcDbText
73
0
0
POINT
5
688
330
1C
100
AcDbEntity
67
0
8
0
62
256
6
ByLayer
370
-1
48
1.0
60
0
100
AcDbPoint
10
1394857.57752438
20
359910.058827767
30
0.0
39
0.0
210
0.0
220
0.0
230
1.0
50
360.0
0
TEXT
5
689
330
1C
100
AcDbEntity
67
0
8
0
62
7
6
ByLayer
370
-1
48
1.0
60
0
100
AcDbText
1
820
10
1394857.70665351
20
359910.333266607
30
0.0
40
0.31111111111
41
1.0
50
0.0
51
0.0
7
Standard
11
1394857.70665351
21
359910.333266607
31
0.0
210
0.0
220
0.0
230
1.0
71
0
72
0
100
AcDbText
73
0
0
POINT
5
68A
330
1C
100
AcDbEntity
67
0
8
0
62
256
6
ByLayer
370
-1
48
1.0
60
0
100
AcDbPoint
10
1394859.03661879
20
359909.691711232
30
0.0
39
0.0
210
0.0
220
0.0
230
1.0
50
360.0
0
TEXT
5
68B
330
1C
100
AcDbEntity
67
0
8
0
62
7
6
ByLayer
370
-1
48
1.0
60
0
100
AcDbText
1
821
10
1394859.16574792
20
359909.966150078
30
0.0
40
0.31111111111
41
1.0
50
0.0
51
0.0
7
Standard
11
1394859.16574792
21
359909.966150078
31
0.0
210
0.0
220
0.0
230
1.0
71
0
72
0
100
AcDbText
73
0
0
POINT
5
68C
330
1C
100
AcDbEntity
67
0
8
0
62
256
6
ByLayer
370
-1
48
1.0
60
0
100
AcDbPoint
10
1394860.11667336
20
359908.644231773
30
0.0
39
0.0
210
0.0
220
0.0
230
1.0
50
360.0
0
TEXT
5
68D
330
1C
100
AcDbEntity
67
0
8
0
62
7
6
ByLayer
370
-1
48
1.0
60
0
100
AcDbText
1
822
10
1394860.24580249
20
359908.918670622
30
0.0
40
0.31111111111
41
1.0
50
0.0
51
0.0
7
Standard
11
1394860.24580249
21
359908.918670622
31
0.0
210
0.0
220
0.0
230
1.0
71
0
72
0
100
AcDbText
73
0
0
POINT
5
68E
330
1C
100
AcDbEntity
67
0
8
0
62
256
6
ByLayer
370
-1
48
1.0
60
0
100
AcDbPoint
10
1394860.52828832
20
359907.197060668
30
0.0
39
0.0
210
0.0
220
0.0
230
1.0
50
360.0
0
TEXT
5
68F
330
1C
100
AcDbEntity
67
0
8
0
62
7
6
ByLayer
370
-1
48
1.0
60
0
100
AcDbText
1
823
10
1394860.65741745
20
359907.471499517
30
0.0
40
0.31111111111
41
1.0
50
0.0
51
0.0
7
Standard
11
1394860.65741745
21
359907.471499517
31
0.0
210
0.0
220
0.0
230
1.0
71
0
72
0
100
AcDbText
73
0
0
POINT
5
690
330
1C
100
AcDbEntity
67
0
8
0
62
256
6
ByLayer
370
-1
48
1.0
60
0
100
AcDbPoint
10
1394860.16117177
20
359905.737966247
30
0.0
39
0.0
210
0.0
220
0.0
230
1.0
50
360.0
0
TEXT
5
691
330
1C
100
AcDbEntity
67
0
8
0
62
7
6
ByLayer
370
-1
48
1.0
60
0
100
AcDbText
1
824
10
1394860.29030091
20
359906.012405094
30
0.0
40
0.31111111111
41
1.0
50
0.0
51
0.0
7
Standard
11
1394860.29030091
21
359906.012405094
31
0.0
210
0.0
220
0.0
230
1.0
71
0
72
0
100
AcDbText
73
0
0
POINT
5
692
330
1C
100
AcDbEntity
67
0
8
0
62
256
6
ByLayer
370
-1
48
1.0
60
0
100
AcDbPoint
10
1394859.1136923
20
359904.657911692
30
0.0
39
0.0
210
0.0
220
0.0
230
1.0
50
360.0
0
TEXT
5
693
330
1C
100
AcDbEntity
67
0
8
0
62
7
6
ByLayer
370
-1
48
1.0
60
0
100
AcDbText
1
825
10
1394859.24282144
20
359904.932350536
30
0.0
40
0.31111111111
41
1.0
50
0.0
51
0.0
7
Standard
11
1394859.24282144
21
359904.932350536
31
0.0
210
0.0
220
0.0
230
1.0
71
0
72
0
100
AcDbText
73
0
0
POINT
5
694
330
1C
100
AcDbEntity
67
0
8
0
62
256
6
ByLayer
370
-1
48
1.0
60
0
100
AcDbPoint
10
1394857.6665212
20
359904.246296747
30
0.0
39
0.0
210
0.0
220
0.0
230
1.0
50
360.0
0
TEXT
5
695
330
1C
100
AcDbEntity
67
0
8
0
62
7
6
ByLayer
370
-1
48
1.0
60
0
100
AcDbText
1
826
10
1394857.79565034
20
359904.520735589
30
0.0
40
0.31111111111
41
1.0
50
0.0
51
0.0
7
Standard
11
1394857.79565034
21
359904.520735589
31
0.0
210
0.0
220
0.0
230
1.0
71
0
72
0
100
AcDbText
73
0
0
POINT
5
696
330
1C
100
AcDbEntity
67
0
8
0
62
256
6
ByLayer
370
-1
48
1.0
60
0
100
AcDbPoint
10
1394856.2074268
20
359904.613413297
30
0.0
39
0.0
210
0.0
220
0.0
230
1.0
50
360.0
0
TEXT
5
697
330
1C
100
AcDbEntity
67
0
8
0
62
7
6
ByLayer
370
-1
48
1.0
60
0
100
AcDbText
1
827
10
1394856.33655593
20
359904.887852139
30
0.0
40
0.31111111111
41
1.0
50
0.0
51
0.0
7
Standard
11
1394856.33655593
21
359904.887852139
31
0.0
210
0.0
220
0.0
230
1.0
71
0
72
0
100
AcDbText
73
0
0
POINT
5
698
330
1C
100
AcDbEntity
67
0
8
0
62
256
6
ByLayer
370
-1
48
1.0
60
0
100
AcDbPoint
10
1394855.12737225
20
359905.660892758
30
0.0
39
0.0
210
0.0
220
0.0
230
1.0
50
360.0
0
TEXT
5
699
330
1C
100
AcDbEntity
67
0
8
0
62
7
6
ByLayer
370
-1
48
1.0
60
0
100
AcDbText
1
828
10
1394855.25650139
20
359905.935331596
30
0.0
40
0.31111111111
41
1.0
50
0.0
51
0.0
7
Standard
11
1394855.25650139
21
359905.935331596
31
0.0
210
0.0
220
0.0
230
1.0
71
0
72
0
100
AcDbText
73
0
0
POINT
5
69A
330
1C
100
AcDbEntity
67
0
8
0
62
256
6
ByLayer
370
-1
48
1.0
60
0
100
AcDbPoint
10
1394877.1962858
20
359901.721294169
30
0.0
39
0.0
210
0.0
220
0.0
230
1.0
50
360.0
0
TEXT
5
69B
330
1C
100
AcDbEntity
67
0
8
0
62
7
6
ByLayer
370
-1
48
1.0
60
0
100
AcDbText
1
829
10
1394877.32541494
20
359901.995733045
30
0.0
40
0.31111111111
41
1.0
50
0.0
51
0.0
7
Standard
11
1394877.32541494
21
359901.995733045
31
0.0
210
0.0
220
0.0
230
1.0
71
0
72
0
100
AcDbText
73
0
0
POINT
5
69C
330
1C
100
AcDbEntity
67
0
8
0
62
256
6
ByLayer
370
-1
48
1.0
60
0
100
AcDbPoint
10
1394877.56340238
20
359903.180388648
30
0.0
39
0.0
210
0.0
220
0.0
230
1.0
50
360.0
0
TEXT
5
69D
330
1C
100
AcDbEntity
67
0
8
0
62
7
6
ByLayer
370
-1
48
1.0
60
0
100
AcDbText
1
830
10
1394877.69253152
20
359903.454827527
30
0.0
40
0.31111111111
41
1.0
50
0.0
51
0.0
7
Standard
11
1394877.69253152
21
359903.454827527
31
0.0
210
0.0
220
0.0
230
1.0
71
0
72
0
100
AcDbText
73
0
0
POINT
5
69E
330
1C
100
AcDbEntity
67
0
8
0
62
256
6
ByLayer
370
-1
48
1.0
60
0
100
AcDbPoint
10
1394878.61088189
20
359904.260443251
30
0.0
39
0.0
210
0.0
220
0.0
230
1.0
50
360.0
0
TEXT
5
69F
330
1C
100
AcDbEntity
67
0
8
0
62
7
6
ByLayer
370
-1
48
1.0
60
0
100
AcDbText
1
831
10
1394878.74001103
20
359904.534882133
30
0.0
40
0.31111111111
41
1.0
50
0.0
51
0.0
7
Standard
11
1394878.74001103
21
359904.534882133
31
0.0
210
0.0
220
0.0
230
1.0
71
0
72
0
100
AcDbText
73
0
0
POINT
5
6A0
330
1C
100
AcDbEntity
67
0
8
0
62
256
6
ByLayer
370
-1
48
1.0
60
0
100
AcDbPoint
10
1394880.05805308
20
359904.672058217
30
0.0
39
0.0
210
0.0
220
0.0
230
1.0
50
360.0
0
TEXT
5
6A1
330
1C
100
AcDbEntity
67
0
8
0
62
7
6
ByLayer
370
-1
48
1.0
60
0
100
AcDbText
1
832
10
1394880.18718222
20
359904.9464971
30
0.0
40
0.31111111111
41
1.0
50
0.0
51
0.0
7
Standard
11
1394880.18718222
21
359904.9464971
31
0.0
210
0.0
220
0.0
230
1.0
71
0
72
0
100
AcDbText
73
0
0
POINT
5
6A2
330
1C
100
AcDbEntity
67
0
8
0
62
256
6
ByLayer
370
-1
48
1.0
60
0
100
AcDbPoint
10
1394881.51714757
20
359904.304941642
30
0.0
39
0.0
210
0.0
220
0.0
230
1.0
50
360.0
0
TEXT
5
6A3
330
1C
100
AcDbEntity
67
0
8
0
62
7
6
ByLayer
370
-1
48
1.0
60
0
100
AcDbText
1
833
10
1394881.64627671
20
359904.579380529
30
0.0
40
0.31111111111
41
1.0
50
0.0
51
0.0
7
Standard
11
1394881.64627671
21
359904.579380529
31
0.0
210
0.0
220
0.0
230
1.0
71
0
72
0
100
AcDbText
73
0
0
POINT
5
6A4
330
1C
100
AcDbEntity
67
0
8
0
62
256
6
ByLayer
370
-1
48
1.0
60
0
100
AcDbPoint
10
1394882.59720219
20
359903.257462111
30
0.0
39
0.0
210
0.0
220
0.0
230
1.0
50
360.0
0
TEXT
5
6A5
330
1C
100
AcDbEntity
67
0
8
0
62
7
6
ByLayer
370
-1
48
1.0
60
0
100
AcDbText
1
834
10
1394882.72633133
20
359903.531900999
30
0.0
40
0.31111111111
41
1.0
50
0.0
51
0.0
7
Standard
11
1394882.72633133
21
359903.531900999
31
0.0
210
0.0
220
0.0
230
1.0
71
0
72
0
100
AcDbText
73
0
0
POINT
5
6A6
330
1C
100
AcDbEntity
67
0
8
0
62
256
6
ByLayer
370
-1
48
1.0
60
0
100
AcDbPoint
10
1394883.00881715
20
359901.810290914
30
0.0
39
0.0
210
0.0
220
0.0
230
1.0
50
360.0
0
TEXT
5
6A7
330
1C
100
AcDbEntity
67
0
8
0
62
7
6
ByLayer
370
-1
48
1.0
60
0
100
AcDbText
1
835
10
1394883.13794629
20
359902.084729803
30
0.0
40
0.31111111111
41
1.0
50
0.0
51
0.0
7
Standard
11
1394883.13794629
21
359902.084729803
31
0.0
210
0.0
220
0.0
230
1.0
71
0
72
0
100
AcDbText
73
0
0
POINT
5
6A8
330
1C
100
AcDbEntity
67
0
8
0
62
256
6
ByLayer
370
-1
48
1.0
60
0
100
AcDbPoint
10
1394882.64170056
20
359900.351196414
30
0.0
39
0.0
210
0.0
220
0.0
230
1.0
50
360.0
0
TEXT
5
6A9
330
1C
100
AcDbEntity
67
0
8
0
62
7
6
ByLayer
370
-1
48
1.0
60
0
100
AcDbText
1
836
10
1394882.77082971
20
359900.6256353
30
0.0
40
0.31111111111
41
1.0
50
0.0
51
0.0
7
Standard
11
1394882.77082971
21
359900.6256353
31
0.0
210
0.0
220
0.0
230
1.0
71
0
72
0
100
AcDbText
73
0
0
POINT
5
6AA
330
1C
100
AcDbEntity
67
0
8
0
62
256
6
ByLayer
370
-1
48
1.0
60
0
100
AcDbPoint
10
1394881.59422102
20
359899.27114181
30
0.0
39
0.0
210
0.0
220
0.0
230
1.0
50
360.0
0
TEXT
5
6AB
330
1C
100
AcDbEntity
67
0
8
0
62
7
6
ByLayer
370
-1
48
1.0
60
0
100
AcDbText
1
837
10
1394881.72335017
20
359899.545580697
30
0.0
40
0.31111111111
41
1.0
50
0.0
51
0.0
7
Standard
11
1394881.72335017
21
359899.545580697
31
0.0
210
0.0
220
0.0
230
1.0
71
0
72
0
100
AcDbText
73
0
0
POINT
5
6AC
330
1C
100
AcDbEntity
67
0
8
0
62
256
6
ByLayer
370
-1
48
1.0
60
0
100
AcDbPoint
10
1394880.14704983
20
359898.859526863
30
0.0
39
0.0
210
0.0
220
0.0
230
1.0
50
360.0
0
TEXT
5
6AD
330
1C
100
AcDbEntity
67
0
8
0
62
7
6
ByLayer
370
-1
48
1.0
60
0
100
AcDbText
1
838
10
1394880.27617897
20
359899.133965744
30
0.0
40
0.31111111111
41
1.0
50
0.0
51
0.0
7
Standard
11
1394880.27617897
21
359899.133965744
31
0.0
210
0.0
220
0.0
230
1.0
71
0
72
0
100
AcDbText
73
0
0
POINT
5
6AE
330
1C
100
AcDbEntity
67
0
8
0
62
256
6
ByLayer
370
-1
48
1.0
60
0
100
AcDbPoint
10
1394878.68795534
20
359899.226643456
30
0.0
39
0.0
210
0.0
220
0.0
230
1.0
50
360.0
0
TEXT
5
6AF
330
1C
100
AcDbEntity
67
0
8
0
62
7
6
ByLayer
370
-1
48
1.0
60
0
100
AcDbText
1
839
10
1394878.81708449
20
359899.501082337
30
0.0
40
0.31111111111
41
1.0
50
0.0
51
0.0
7
Standard
11
1394878.81708449
21
359899.501082337
31
0.0
210
0.0
220
0.0
230
1.0
71
0
72
0
100
AcDbText
73
0
0
POINT
5
6B0
330
1C
100
AcDbEntity
67
0
8
0
62
256
6
ByLayer
370
-1
48
1.0
60
0
100
AcDbPoint
10
1394877.60790075
20
359900.274122989
30
0.0
39
0.0
210
0.0
220
0.0
230
1.0
50
360.0
0
TEXT
5
6B1
330
1C
100
AcDbEntity
67
0
8
0
62
7
6
ByLayer
370
-1
48
1.0
60
0
100
AcDbText
1
840
10
1394877.73702989
20
359900.54856187
30
0.0
40
0.31111111111
41
1.0
50
0.0
51
0.0
7
Standard
11
1394877.73702989
21
359900.54856187
31
0.0
210
0.0
220
0.0
230
1.0
71
0
72
0
100
AcDbText
73
0
0
POINT
5
6B2
330
1C
100
AcDbEntity
67
0
8
0
62
256
6
ByLayer
370
-1
48
1.0
60
0
100
AcDbPoint
10
1394959.42720629
20
359841.298931726
30
0.0
39
0.0
210
0.0
220
0.0
230
1.0
50
360.0
0
TEXT
5
6B3
330
1C
100
AcDbEntity
67
0
8
0
62
7
6
ByLayer
370
-1
48
1.0
60
0
100
AcDbText
1
841
10
1394959.55633554
20
359841.573370754
30
0.0
40
0.31111111111
41
1.0
50
0.0
51
0.0
7
Standard
11
1394959.55633554
21
359841.573370754
31
0.0
210
0.0
220
0.0
230
1.0
71
0
72
0
100
AcDbText
73
0
0
POINT
5
6B4
330
1C
100
AcDbEntity
67
0
8
0
62
256
6
ByLayer
370
-1
48
1.0
60
0
100
AcDbPoint
10
1394959.79432317
20
359842.758026457
30
0.0
39
0.0
210
0.0
220
0.0
230
1.0
50
360.0
0
TEXT
5
6B5
330
1C
100
AcDbEntity
67
0
8
0
62
7
6
ByLayer
370
-1
48
1.0
60
0
100
AcDbText
1
842
10
1394959.92345242
20
359843.032465486
30
0.0
40
0.31111111111
41
1.0
50
0.0
51
0.0
7
Standard
11
1394959.92345242
21
359843.032465486
31
0.0
210
0.0
220
0.0
230
1.0
71
0
72
0
100
AcDbText
73
0
0
POINT
5
6B6
330
1C
100
AcDbEntity
67
0
8
0
62
256
6
ByLayer
370
-1
48
1.0
60
0
100
AcDbPoint
10
1394960.84180308
20
359843.838081125
30
0.0
39
0.0
210
0.0
220
0.0
230
1.0
50
360.0
0
TEXT
5
6B7
330
1C
100
AcDbEntity
67
0
8
0
62
7
6
ByLayer
370
-1
48
1.0
60
0
100
AcDbText
1
843
10
1394960.97093233
20
359844.112520157
30
0.0
40
0.31111111111
41
1.0
50
0.0
51
0.0
7
Standard
11
1394960.97093233
21
359844.112520157
31
0.0
210
0.0
220
0.0
230
1.0
71
0
72
0
100
AcDbText
73
0
0
POINT
5
6B8
330
1C
100
AcDbEntity
67
0
8
0
62
256
6
ByLayer
370
-1
48
1.0
60
0
100
AcDbPoint
10
1394962.28897463
20
359844.249695954
30
0.0
39
0.0
210
0.0
220
0.0
230
1.0
50
360.0
0
TEXT
5
6B9
330
1C
100
AcDbEntity
67
0
8
0
62
7
6
ByLayer
370
-1
48
1.0
60
0
100
AcDbText
1
844
10
1394962.41810388
20
359844.524134987
30
0.0
40
0.31111111111
41
1.0
50
0.0
51
0.0
7
Standard
11
1394962.41810388
21
359844.524134987
31
0.0
210
0.0
220
0.0
230
1.0
71
0
72
0
100
AcDbText
73
0
0
POINT
5
6BA
330
1C
100
AcDbEntity
67
0
8
0
62
256
6
ByLayer
370
-1
48
1.0
60
0
100
AcDbPoint
10
1394963.74806938
20
359843.882579074
30
0.0
39
0.0
210
0.0
220
0.0
230
1.0
50
360.0
0
TEXT
5
6BB
330
1C
100
AcDbEntity
67
0
8
0
62
7
6
ByLayer
370
-1
48
1.0
60
0
100
AcDbText
1
845
10
1394963.87719863
20
359844.157018112
30
0.0
40
0.31111111111
41
1.0
50
0.0
51
0.0
7
Standard
11
1394963.87719863
21
359844.157018112
31
0.0
210
0.0
220
0.0
230
1.0
71
0
72
0
100
AcDbText
73
0
0
POINT
5
6BC
330
1C
100
AcDbEntity
67
0
8
0
62
256
6
ByLayer
370
-1
48
1.0
60
0
100
AcDbPoint
10
1394964.82812406
20
359842.835099154
30
0.0
39
0.0
210
0.0
220
0.0
230
1.0
50
360.0
0
TEXT
5
6BD
330
1C
100
AcDbEntity
67
0
8
0
62
7
6
ByLayer
370
-1
48
1.0
60
0
100
AcDbText
1
846
10
1394964.95725331
20
359843.109538192
30
0.0
40
0.31111111111
41
1.0
50
0.0
51
0.0
7
Standard
11
1394964.95725331
21
359843.109538192
31
0.0
210
0.0
220
0.0
230
1.0
71
0
72
0
100
AcDbText
73
0
0
POINT
5
6BE
330
1C
100
AcDbEntity
67
0
8
0
62
256
6
ByLayer
370
-1
48
1.0
60
0
100
AcDbPoint
10
1394965.23973888
20
359841.387927586
30
0.0
39
0.0
210
0.0
220
0.0
230
1.0
50
360.0
0
TEXT
5
6BF
330
1C
100
AcDbEntity
67
0
8
0
62
7
6
ByLayer
370
-1
48
1.0
60
0
100
AcDbText
1
847
10
1394965.36886814
20
359841.662366627
30
0.0
40
0.31111111111
41
1.0
50
0.0
51
0.0
7
Standard
11
1394965.36886814
21
359841.662366627
31
0.0
210
0.0
220
0.0
230
1.0
71
0
72
0
100
AcDbText
73
0
0
POINT
5
6C0
330
1C
100
AcDbEntity
67
0
8
0
62
256
6
ByLayer
370
-1
48
1.0
60
0
100
AcDbPoint
10
1394964.87262199
20
359839.928832836
30
0.0
39
0.0
210
0.0
220
0.0
230
1.0
50
360.0
0
TEXT
5
6C1
330
1C
100
AcDbEntity
67
0
8
0
62
7
6
ByLayer
370
-1
48
1.0
60
0
100
AcDbText
1
848
10
1394965.00175124
20
359840.203271875
30
0.0
40
0.31111111111
41
1.0
50
0.0
51
0.0
7
Standard
11
1394965.00175124
21
359840.203271875
31
0.0
210
0.0
220
0.0
230
1.0
71
0
72
0
100
AcDbText
73
0
0
POINT
5
6C2
330
1C
100
AcDbEntity
67
0
8
0
62
256
6
ByLayer
370
-1
48
1.0
60
0
100
AcDbPoint
10
1394963.82514206
20
359838.848778169
30
0.0
39
0.0
210
0.0
220
0.0
230
1.0
50
360.0
0
TEXT
5
6C3
330
1C
100
AcDbEntity
67
0
8
0
62
7
6
ByLayer
370
-1
48
1.0
60
0
100
AcDbText
1
849
10
1394963.95427132
20
359839.123217204
30
0.0
40
0.31111111111
41
1.0
50
0.0
51
0.0
7
Standard
11
1394963.95427132
21
359839.123217204
31
0.0
210
0.0
220
0.0
230
1.0
71
0
72
0
100
AcDbText
73
0
0
POINT
5
6C4
330
1C
100
AcDbEntity
67
0
8
0
62
256
6
ByLayer
370
-1
48
1.0
60
0
100
AcDbPoint
10
1394962.3779705
20
359838.437163357
30
0.0
39
0.0
210
0.0
220
0.0
230
1.0
50
360.0
0
TEXT
5
6C5
330
1C
100
AcDbEntity
67
0
8
0
62
7
6
ByLayer
370
-1
48
1.0
60
0
100
AcDbText
1
850
10
1394962.50709975
20
359838.711602393
30
0.0
40
0.31111111111
41
1.0
50
0.0
51
0.0
7
Standard
11
1394962.50709975
21
359838.711602393
31
0.0
210
0.0
220
0.0
230
1.0
71
0
72
0
100
AcDbText
73
0
0
POINT
5
6C6
330
1C
100
AcDbEntity
67
0
8
0
62
256
6
ByLayer
370
-1
48
1.0
60
0
100
AcDbPoint
10
1394960.91887576
20
359838.804280256
30
0.0
39
0.0
210
0.0
220
0.0
230
1.0
50
360.0
0
TEXT
5
6C7
330
1C
100
AcDbEntity
67
0
8
0
62
7
6
ByLayer
370
-1
48
1.0
60
0
100
AcDbText
1
851
10
1394961.04800501
20
359839.078719288
30
0.0
40
0.31111111111
41
1.0
50
0.0
51
0.0
7
Standard
11
1394961.04800501
21
359839.078719288
31
0.0
210
0.0
220
0.0
230
1.0
71
0
72
0
100
AcDbText
73
0
0
POINT
5
6C8
330
1C
100
AcDbEntity
67
0
8
0
62
256
6
ByLayer
370
-1
48
1.0
60
0
100
AcDbPoint
10
1394959.8388211
20
359839.851760179
30
0.0
39
0.0
210
0.0
220
0.0
230
1.0
50
360.0
0
TEXT
5
6C9
330
1C
100
AcDbEntity
67
0
8
0
62
7
6
ByLayer
370
-1
48
1.0
60
0
100
AcDbText
1
852
10
1394959.96795036
20
359840.126199207
30
0.0
40
0.31111111111
41
1.0
50
0.0
51
0.0
7
Standard
11
1394959.96795036
21
359840.126199207
31
0.0
210
0.0
220
0.0
230
1.0
71
0
72
0
100
AcDbText
73
0
0
POINT
5
6CA
330
1C
100
AcDbEntity
67
0
8
0
62
256
6
ByLayer
370
-1
48
1.0
60
0
100
AcDbPoint
10
1394997.56917909
20
359834.787809192
30
0.0
39
0.0
210
0.0
220
0.0
230
1.0
50
360.0
0
TEXT
5
6CB
330
1C
100
AcDbEntity
67
0
8
0
62
7
6
ByLayer
370
-1
48
1.0
60
0
100
AcDbText
1
853
10
1394997.69830835
20
359835.062248291
30
0.0
40
0.31111111111
41
1.0
50
0.0
51
0.0
7
Standard
11
1394997.69830835
21
359835.062248291
31
0.0
210
0.0
220
0.0
230
1.0
71
0
72
0
100
AcDbText
73
0
0
POINT
5
6CC
330
1C
100
AcDbEntity
67
0
8
0
62
256
6
ByLayer
370
-1
48
1.0
60
0
100
AcDbPoint
10
1394997.93629604
20
359836.246904059
30
0.0
39
0.0
210
0.0
220
0.0
230
1.0
50
360.0
0
TEXT
5
6CD
330
1C
100
AcDbEntity
67
0
8
0
62
7
6
ByLayer
370
-1
48
1.0
60
0
100
AcDbText
1
854
10
1394998.0654253
20
359836.52134316
30
0.0
40
0.31111111111
41
1.0
50
0.0
51
0.0
7
Standard
11
1394998.0654253
21
359836.52134316
31
0.0
210
0.0
220
0.0
230
1.0
71
0
72
0
100
AcDbText
73
0
0
POINT
5
6CE
330
1C
100
AcDbEntity
67
0
8
0
62
256
6
ByLayer
370
-1
48
1.0
60
0
100
AcDbPoint
10
1394998.98377607
20
359837.326958815
30
0.0
39
0.0
210
0.0
220
0.0
230
1.0
50
360.0
0
TEXT
5
6CF
330
1C
100
AcDbEntity
67
0
8
0
62
7
6
ByLayer
370
-1
48
1.0
60
0
100
AcDbText
1
855
10
1394999.11290532
20
359837.601397918
30
0.0
40
0.31111111111
41
1.0
50
0.0
51
0.0
7
Standard
11
1394999.11290532
21
359837.601397918
31
0.0
210
0.0
220
0.0
230
1.0
71
0
72
0
100
AcDbText
73
0
0
POINT
5
6D0
330
1C
100
AcDbEntity
67
0
8
0
62
256
6
ByLayer
370
-1
48
1.0
60
0
100
AcDbPoint
10
1395000.43094777
20
359837.73857366
30
0.0
39
0.0
210
0.0
220
0.0
230
1.0
50
360.0
0
TEXT
5
6D1
330
1C
100
AcDbEntity
67
0
8
0
62
7
6
ByLayer
370
-1
48
1.0
60
0
100
AcDbText
1
856
10
1395000.56007703
20
359838.013012765
30
0.0
40
0.31111111111
41
1.0
50
0.0
51
0.0
7
Standard
11
1395000.56007703
21
359838.013012765
31
0.0
210
0.0
220
0.0
230
1.0
71
0
72
0
100
AcDbText
73
0
0
POINT
5
6D2
330
1C
100
AcDbEntity
67
0
8
0
62
256
6
ByLayer
370
-1
48
1.0
60
0
100
AcDbPoint
10
1395001.89004265
20
359837.371456719
30
0.0
39
0.0
210
0.0
220
0.0
230
1.0
50
360.0
0
TEXT
5
6D3
330
1C
100
AcDbEntity
67
0
8
0
62
7
6
ByLayer
370
-1
48
1.0
60
0
100
AcDbText
1
857
10
1395002.01917191
20
359837.645895826
30
0.0
40
0.31111111111
41
1.0
50
0.0
51
0.0
7
Standard
11
1395002.01917191
21
359837.645895826
31
0.0
210
0.0
220
0.0
230
1.0
71
0
72
0
100
AcDbText
73
0
0
POINT
5
6D4
330
1C
100
AcDbEntity
67
0
8
0
62
256
6
ByLayer
370
-1
48
1.0
60
0
100
AcDbPoint
10
1395002.97009742
20
359836.323976679
30
0.0
39
0.0
210
0.0
220
0.0
230
1.0
50
360.0
0
TEXT
5
6D5
330
1C
100
AcDbEntity
67
0
8
0
62
7
6
ByLayer
370
-1
48
1.0
60
0
100
AcDbText
1
858
10
1395003.09922668
20
359836.598415787
30
0.0
40
0.31111111111
41
1.0
50
0.0
51
0.0
7
Standard
11
1395003.09922668
21
359836.598415787
31
0.0
210
0.0
220
0.0
230
1.0
71
0
72
0
100
AcDbText
73
0
0
POINT
5
6D6
330
1C
100
AcDbEntity
67
0
8
0
62
256
6
ByLayer
370
-1
48
1.0
60
0
100
AcDbPoint
10
1395003.38171226
20
359834.876804962
30
0.0
39
0.0
210
0.0
220
0.0
230
1.0
50
360.0
0
TEXT
5
6D7
330
1C
100
AcDbEntity
67
0
8
0
62
7
6
ByLayer
370
-1
48
1.0
60
0
100
AcDbText
1
859
10
1395003.51084152
20
359835.151244071
30
0.0
40
0.31111111111
41
1.0
50
0.0
51
0.0
7
Standard
11
1395003.51084152
21
359835.151244071
31
0.0
210
0.0
220
0.0
230
1.0
71
0
72
0
100
AcDbText
73
0
0
POINT
5
6D8
330
1C
100
AcDbEntity
67
0
8
0
62
256
6
ByLayer
370
-1
48
1.0
60
0
100
AcDbPoint
10
1395003.0145953
20
359833.417710075
30
0.0
39
0.0
210
0.0
220
0.0
230
1.0
50
360.0
0
TEXT
5
6D9
330
1C
100
AcDbEntity
67
0
8
0
62
7
6
ByLayer
370
-1
48
1.0
60
0
100
AcDbText
1
860
10
1395003.14372457
20
359833.692149185
30
0.0
40
0.31111111111
41
1.0
50
0.0
51
0.0
7
Standard
11
1395003.14372457
21
359833.692149185
31
0.0
210
0.0
220
0.0
230
1.0
71
0
72
0
100
AcDbText
73
0
0
POINT
5
6DA
330
1C
100
AcDbEntity
67
0
8
0
62
256
6
ByLayer
370
-1
48
1.0
60
0
100
AcDbPoint
10
1395001.96711525
20
359832.337655319
30
0.0
39
0.0
210
0.0
220
0.0
230
1.0
50
360.0
0
TEXT
5
6DB
330
1C
100
AcDbEntity
67
0
8
0
62
7
6
ByLayer
370
-1
48
1.0
60
0
100
AcDbText
1
861
10
1395002.09624451
20
359832.612094424
30
0.0
40
0.31111111111
41
1.0
50
0.0
51
0.0
7
Standard
11
1395002.09624451
21
359832.612094424
31
0.0
210
0.0
220
0.0
230
1.0
71
0
72
0
100
AcDbText
73
0
0
POINT
5
6DC
330
1C
100
AcDbEntity
67
0
8
0
62
256
6
ByLayer
370
-1
48
1.0
60
0
100
AcDbPoint
10
1395000.51994354
20
359831.926040491
30
0.0
39
0.0
210
0.0
220
0.0
230
1.0
50
360.0
0
TEXT
5
6DD
330
1C
100
AcDbEntity
67
0
8
0
62
7
6
ByLayer
370
-1
48
1.0
60
0
100
AcDbText
1
862
10
1395000.64907281
20
359832.200479599
30
0.0
40
0.31111111111
41
1.0
50
0.0
51
0.0
7
Standard
11
1395000.64907281
21
359832.200479599
31
0.0
210
0.0
220
0.0
230
1.0
71
0
72
0
100
AcDbText
73
0
0
POINT
5
6DE
330
1C
100
AcDbEntity
67
0
8
0
62
256
6
ByLayer
370
-1
48
1.0
60
0
100
AcDbPoint
10
1394999.06084867
20
359832.293157451
30
0.0
39
0.0
210
0.0
220
0.0
230
1.0
50
360.0
0
TEXT
5
6DF
330
1C
100
AcDbEntity
67
0
8
0
62
7
6
ByLayer
370
-1
48
1.0
60
0
100
AcDbText
1
863
10
1394999.18997793
20
359832.567596552
30
0.0
40
0.31111111111
41
1.0
50
0.0
51
0.0
7
Standard
11
1394999.18997793
21
359832.567596552
31
0.0
210
0.0
220
0.0
230
1.0
71
0
72
0
100
AcDbText
73
0
0
POINT
5
6E0
330
1C
100
AcDbEntity
67
0
8
0
62
256
6
ByLayer
370
-1
48
1.0
60
0
100
AcDbPoint
10
1394997.98079392
20
359833.340637497
30
0.0
39
0.0
210
0.0
220
0.0
230
1.0
50
360.0
0
TEXT
5
6E1
330
1C
100
AcDbEntity
67
0
8
0
62
7
6
ByLayer
370
-1
48
1.0
60
0
100
AcDbText
1
864
10
1394998.10992318
20
359833.615076596
30
0.0
40
0.31111111111
41
1.0
50
0.0
51
0.0
7
Standard
11
1394998.10992318
21
359833.615076596
31
0.0
210
0.0
220
0.0
230
1.0
71
0
72
0
100
AcDbText
73
0
0
POINT
5
6E2
330
1C
100
AcDbEntity
67
0
8
0
62
256
6
ByLayer
370
-1
48
1.0
60
0
100
AcDbPoint
10
1394895.88366776
20
359897.652402709
30
0.0
39
0.0
210
0.0
220
0.0
230
1.0
50
360.0
0
TEXT
5
6E3
330
1C
100
AcDbEntity
67
0
8
0
62
7
6
ByLayer
370
-1
48
1.0
60
0
100
AcDbText
1
865
10
1394896.0127969
20
359897.92684162
30
0.0
40
0.31111111111
41
1.0
50
0.0
51
0.0
7
Standard
11
1394896.0127969
21
359897.92684162
31
0.0
210
0.0
220
0.0
230
1.0
71
0
72
0
100
AcDbText
73
0
0
POINT
5
6E4
330
1C
100
AcDbEntity
67
0
8
0
62
256
6
ByLayer
370
-1
48
1.0
60
0
100
AcDbPoint
10
1394896.25078437
20
359899.111497258
30
0.0
39
0.0
210
0.0
220
0.0
230
1.0
50
360.0
0
TEXT
5
6E5
330
1C
100
AcDbEntity
67
0
8
0
62
7
6
ByLayer
370
-1
48
1.0
60
0
100
AcDbText
1
866
10
1394896.37991351
20
359899.38593617
30
0.0
40
0.31111111111
41
1.0
50
0.0
51
0.0
7
Standard
11
1394896.37991351
21
359899.38593617
31
0.0
210
0.0
220
0.0
230
1.0
71
0
72
0
100
AcDbText
73
0
0
POINT
5
6E6
330
1C
100
AcDbEntity
67
0
8
0
62
256
6
ByLayer
370
-1
48
1.0
60
0
100
AcDbPoint
10
1394897.29826395
20
359900.1915519
30
0.0
39
0.0
210
0.0
220
0.0
230
1.0
50
360.0
0
TEXT
5
6E7
330
1C
100
AcDbEntity
67
0
8
0
62
7
6
ByLayer
370
-1
48
1.0
60
0
100
AcDbText
1
867
10
1394897.4273931
20
359900.465990815
30
0.0
40
0.31111111111
41
1.0
50
0.0
51
0.0
7
Standard
11
1394897.4273931
21
359900.465990815
31
0.0
210
0.0
220
0.0
230
1.0
71
0
72
0
100
AcDbText
73
0
0
POINT
5
6E8
330
1C
100
AcDbEntity
67
0
8
0
62
256
6
ByLayer
370
-1
48
1.0
60
0
100
AcDbPoint
10
1394898.74543521
20
359900.60316687
30
0.0
39
0.0
210
0.0
220
0.0
230
1.0
50
360.0
0
TEXT
5
6E9
330
1C
100
AcDbEntity
67
0
8
0
62
7
6
ByLayer
370
-1
48
1.0
60
0
100
AcDbText
1
868
10
1394898.87456435
20
359900.877605788
30
0.0
40
0.31111111111
41
1.0
50
0.0
51
0.0
7
Standard
11
1394898.87456435
21
359900.877605788
31
0.0
210
0.0
220
0.0
230
1.0
71
0
72
0
100
AcDbText
73
0
0
POINT
5
6EA
330
1C
100
AcDbEntity
67
0
8
0
62
256
6
ByLayer
370
-1
48
1.0
60
0
100
AcDbPoint
10
1394900.20452977
20
359900.236050263
30
0.0
39
0.0
210
0.0
220
0.0
230
1.0
50
360.0
0
TEXT
5
6EB
330
1C
100
AcDbEntity
67
0
8
0
62
7
6
ByLayer
370
-1
48
1.0
60
0
100
AcDbText
1
869
10
1394900.33365891
20
359900.510489186
30
0.0
40
0.31111111111
41
1.0
50
0.0
51
0.0
7
Standard
11
1394900.33365891
21
359900.510489186
31
0.0
210
0.0
220
0.0
230
1.0
71
0
72
0
100
AcDbText
73
0
0
POINT
5
6EC
330
1C
100
AcDbEntity
67
0
8
0
62
256
6
ByLayer
370
-1
48
1.0
60
0
100
AcDbPoint
10
1394901.28458442
20
359899.188570668
30
0.0
39
0.0
210
0.0
220
0.0
230
1.0
50
360.0
0
TEXT
5
6ED
330
1C
100
AcDbEntity
67
0
8
0
62
7
6
ByLayer
370
-1
48
1.0
60
0
100
AcDbText
1
870
10
1394901.41371357
20
359899.46300959
30
0.0
40
0.31111111111
41
1.0
50
0.0
51
0.0
7
Standard
11
1394901.41371357
21
359899.46300959
31
0.0
210
0.0
220
0.0
230
1.0
71
0
72
0
100
AcDbText
73
0
0
POINT
5
6EE
330
1C
100
AcDbEntity
67
0
8
0
62
256
6
ByLayer
370
-1
48
1.0
60
0
100
AcDbPoint
10
1394901.69619939
20
359897.741399399
30
0.0
39
0.0
210
0.0
220
0.0
230
1.0
50
360.0
0
TEXT
5
6EF
330
1C
100
AcDbEntity
67
0
8
0
62
7
6
ByLayer
370
-1
48
1.0
60
0
100
AcDbText
1
871
10
1394901.82532854
20
359898.01583832
30
0.0
40
0.31111111111
41
1.0
50
0.0
51
0.0
7
Standard
11
1394901.82532854
21
359898.01583832
31
0.0
210
0.0
220
0.0
230
1.0
71
0
72
0
100
AcDbText
73
0
0
POINT
5
6F0
330
1C
100
AcDbEntity
67
0
8
0
62
256
6
ByLayer
370
-1
48
1.0
60
0
100
AcDbPoint
10
1394901.32908277
20
359896.282304832
30
0.0
39
0.0
210
0.0
220
0.0
230
1.0
50
360.0
0
TEXT
5
6F1
330
1C
100
AcDbEntity
67
0
8
0
62
7
6
ByLayer
370
-1
48
1.0
60
0
100
AcDbText
1
872
10
1394901.45821192
20
359896.556743756
30
0.0
40
0.31111111111
41
1.0
50
0.0
51
0.0
7
Standard
11
1394901.45821192
21
359896.556743756
31
0.0
210
0.0
220
0.0
230
1.0
71
0
72
0
100
AcDbText
73
0
0
POINT
5
6F2
330
1C
100
AcDbEntity
67
0
8
0
62
256
6
ByLayer
370
-1
48
1.0
60
0
100
AcDbPoint
10
1394900.28160317
20
359895.202250187
30
0.0
39
0.0
210
0.0
220
0.0
230
1.0
50
360.0
0
TEXT
5
6F3
330
1C
100
AcDbEntity
67
0
8
0
62
7
6
ByLayer
370
-1
48
1.0
60
0
100
AcDbText
1
873
10
1394900.41073232
20
359895.476689107
30
0.0
40
0.31111111111
41
1.0
50
0.0
51
0.0
7
Standard
11
1394900.41073232
21
359895.476689107
31
0.0
210
0.0
220
0.0
230
1.0
71
0
72
0
100
AcDbText
73
0
0
POINT
5
6F4
330
1C
100
AcDbEntity
67
0
8
0
62
256
6
ByLayer
370
-1
48
1.0
60
0
100
AcDbPoint
10
1394898.8344319
20
359894.790635237
30
0.0
39
0.0
210
0.0
220
0.0
230
1.0
50
360.0
0
TEXT
5
6F5
330
1C
100
AcDbEntity
67
0
8
0
62
7
6
ByLayer
370
-1
48
1.0
60
0
100
AcDbText
1
874
10
1394898.96356105
20
359895.065074154
30
0.0
40
0.31111111111
41
1.0
50
0.0
51
0.0
7
Standard
11
1394898.96356105
21
359895.065074154
31
0.0
210
0.0
220
0.0
230
1.0
71
0
72
0
100
AcDbText
73
0
0
POINT
5
6F6
330
1C
100
AcDbEntity
67
0
8
0
62
256
6
ByLayer
370
-1
48
1.0
60
0
100
AcDbPoint
10
1394897.37533734
20
359895.157751861
30
0.0
39
0.0
210
0.0
220
0.0
230
1.0
50
360.0
0
TEXT
5
6F7
330
1C
100
AcDbEntity
67
0
8
0
62
7
6
ByLayer
370
-1
48
1.0
60
0
100
AcDbText
1
875
10
1394897.5044665
20
359895.432190776
30
0.0
40
0.31111111111
41
1.0
50
0.0
51
0.0
7
Standard
11
1394897.5044665
21
359895.432190776
31
0.0
210
0.0
220
0.0
230
1.0
71
0
72
0
100
AcDbText
73
0
0
POINT
5
6F8
330
1C
100
AcDbEntity
67
0
8
0
62
256
6
ByLayer
370
-1
48
1.0
60
0
100
AcDbPoint
10
1394896.29528271
20
359896.205231458
30
0.0
39
0.0
210
0.0
220
0.0
230
1.0
50
360.0
0
TEXT
5
6F9
330
1C
100
AcDbEntity
67
0
8
0
62
7
6
ByLayer
370
-1
48
1.0
60
0
100
AcDbText
1
876
10
1394896.42441186
20
359896.479670372
30
0.0
40
0.31111111111
41
1.0
50
0.0
51
0.0
7
Standard
11
1394896.42441186
21
359896.479670372
31
0.0
210
0.0
220
0.0
230
1.0
71
0
72
0
100
AcDbText
73
0
0
POINT
5
6FA
330
1C
100
AcDbEntity
67
0
8
0
62
256
6
ByLayer
370
-1
48
1.0
60
0
100
AcDbPoint
10
1395043.47409907
20
359806.503899252
30
0.0
39
0.0
210
0.0
220
0.0
230
1.0
50
360.0
0
TEXT
5
6FB
330
1C
100
AcDbEntity
67
0
8
0
62
7
6
ByLayer
370
-1
48
1.0
60
0
100
AcDbText
1
877
10
1395043.60322838
20
359806.778338435
30
0.0
40
0.31111111111
41
1.0
50
0.0
51
0.0
7
Standard
11
1395043.60322838
21
359806.778338435
31
0.0
210
0.0
220
0.0
230
1.0
71
0
72
0
100
AcDbText
73
0
0
POINT
5
6FC
330
1C
100
AcDbEntity
67
0
8
0
62
256
6
ByLayer
370
-1
48
1.0
60
0
100
AcDbPoint
10
1395043.84121616
20
359807.962994265
30
0.0
39
0.0
210
0.0
220
0.0
230
1.0
50
360.0
0
TEXT
5
6FD
330
1C
100
AcDbEntity
67
0
8
0
62
7
6
ByLayer
370
-1
48
1.0
60
0
100
AcDbText
1
878
10
1395043.97034547
20
359808.23743345
30
0.0
40
0.31111111111
41
1.0
50
0.0
51
0.0
7
Standard
11
1395043.97034547
21
359808.23743345
31
0.0
210
0.0
220
0.0
230
1.0
71
0
72
0
100
AcDbText
73
0
0
POINT
5
6FE
330
1C
100
AcDbEntity
67
0
8
0
62
256
6
ByLayer
370
-1
48
1.0
60
0
100
AcDbPoint
10
1395044.8886964
20
359809.043049072
30
0.0
39
0.0
210
0.0
220
0.0
230
1.0
50
360.0
0
TEXT
5
6FF
330
1C
100
AcDbEntity
67
0
8
0
62
7
6
ByLayer
370
-1
48
1.0
60
0
100
AcDbText
1
879
10
1395045.0178257
20
359809.317488259
30
0.0
40
0.31111111111
41
1.0
50
0.0
51
0.0
7
Standard
11
1395045.0178257
21
359809.317488259
31
0.0
210
0.0
220
0.0
230
1.0
71
0
72
0
100
AcDbText
73
0
0
POINT
5
700
330
1C
100
AcDbEntity
67
0
8
0
62
256
6
ByLayer
370
-1
48
1.0
60
0
100
AcDbPoint
10
1395046.3358683
20
359809.45466386
30
0.0
39
0.0
210
0.0
220
0.0
230
1.0
50
360.0
0
TEXT
5
701
330
1C
100
AcDbEntity
67
0
8
0
62
7
6
ByLayer
370
-1
48
1.0
60
0
100
AcDbText
1
880
10
1395046.46499761
20
359809.729103049
30
0.0
40
0.31111111111
41
1.0
50
0.0
51
0.0
7
Standard
11
1395046.46499761
21
359809.729103049
31
0.0
210
0.0
220
0.0
230
1.0
71
0
72
0
100
AcDbText
73
0
0
POINT
5
702
330
1C
100
AcDbEntity
67
0
8
0
62
256
6
ByLayer
370
-1
48
1.0
60
0
100
AcDbPoint
10
1395047.79496333
20
359809.087546771
30
0.0
39
0.0
210
0.0
220
0.0
230
1.0
50
360.0
0
TEXT
5
703
330
1C
100
AcDbEntity
67
0
8
0
62
7
6
ByLayer
370
-1
48
1.0
60
0
100
AcDbText
1
881
10
1395047.92409263
20
359809.361985962
30
0.0
40
0.31111111111
41
1.0
50
0.0
51
0.0
7
Standard
11
1395047.92409263
21
359809.361985962
31
0.0
210
0.0
220
0.0
230
1.0
71
0
72
0
100
AcDbText
73
0
0
POINT
5
704
330
1C
100
AcDbEntity
67
0
8
0
62
256
6
ByLayer
370
-1
48
1.0
60
0
100
AcDbPoint
10
1395048.87501815
20
359808.040066527
30
0.0
39
0.0
210
0.0
220
0.0
230
1.0
50
360.0
0
TEXT
5
705
330
1C
100
AcDbEntity
67
0
8
0
62
7
6
ByLayer
370
-1
48
1.0
60
0
100
AcDbText
1
882
10
1395049.00414745
20
359808.314505718
30
0.0
40
0.31111111111
41
1.0
50
0.0
51
0.0
7
Standard
11
1395049.00414745
21
359808.314505718
31
0.0
210
0.0
220
0.0
230
1.0
71
0
72
0
100
AcDbText
73
0
0
POINT
5
706
330
1C
100
AcDbEntity
67
0
8
0
62
256
6
ByLayer
370
-1
48
1.0
60
0
100
AcDbPoint
10
1395049.28663293
20
359806.59289461
30
0.0
39
0.0
210
0.0
220
0.0
230
1.0
50
360.0
0
TEXT
5
707
330
1C
100
AcDbEntity
67
0
8
0
62
7
6
ByLayer
370
-1
48
1.0
60
0
100
AcDbText
1
883
10
1395049.41576224
20
359806.867333804
30
0.0
40
0.31111111111
41
1.0
50
0.0
51
0.0
7
Standard
11
1395049.41576224
21
359806.867333804
31
0.0
210
0.0
220
0.0
230
1.0
71
0
72
0
100
AcDbText
73
0
0
POINT
5
708
330
1C
100
AcDbEntity
67
0
8
0
62
256
6
ByLayer
370
-1
48
1.0
60
0
100
AcDbPoint
10
1395048.91951582
20
359805.133799577
30
0.0
39
0.0
210
0.0
220
0.0
230
1.0
50
360.0
0
TEXT
5
709
330
1C
100
AcDbEntity
67
0
8
0
62
7
6
ByLayer
370
-1
48
1.0
60
0
100
AcDbText
1
884
10
1395049.04864514
20
359805.408238773
30
0.0
40
0.31111111111
41
1.0
50
0.0
51
0.0
7
Standard
11
1395049.04864514
21
359805.408238773
31
0.0
210
0.0
220
0.0
230
1.0
71
0
72
0
100
AcDbText
73
0
0
POINT
5
70A
330
1C
100
AcDbEntity
67
0
8
0
62
256
6
ByLayer
370
-1
48
1.0
60
0
100
AcDbPoint
10
1395047.87203557
20
359804.053744769
30
0.0
39
0.0
210
0.0
220
0.0
230
1.0
50
360.0
0
TEXT
5
70B
330
1C
100
AcDbEntity
67
0
8
0
62
7
6
ByLayer
370
-1
48
1.0
60
0
100
AcDbText
1
885
10
1395048.00116489
20
359804.328183961
30
0.0
40
0.31111111111
41
1.0
50
0.0
51
0.0
7
Standard
11
1395048.00116489
21
359804.328183961
31
0.0
210
0.0
220
0.0
230
1.0
71
0
72
0
100
AcDbText
73
0
0
POINT
5
70C
330
1C
100
AcDbEntity
67
0
8
0
62
256
6
ByLayer
370
-1
48
1.0
60
0
100
AcDbPoint
10
1395046.42486366
20
359803.642130004
30
0.0
39
0.0
210
0.0
220
0.0
230
1.0
50
360.0
0
TEXT
5
70D
330
1C
100
AcDbEntity
67
0
8
0
62
7
6
ByLayer
370
-1
48
1.0
60
0
100
AcDbText
1
886
10
1395046.55399298
20
359803.91656919
30
0.0
40
0.31111111111
41
1.0
50
0.0
51
0.0
7
Standard
11
1395046.55399298
21
359803.91656919
31
0.0
210
0.0
220
0.0
230
1.0
71
0
72
0
100
AcDbText
73
0
0
POINT
5
70E
330
1C
100
AcDbEntity
67
0
8
0
62
256
6
ByLayer
370
-1
48
1.0
60
0
100
AcDbPoint
10
1395044.96576864
20
359804.009247112
30
0.0
39
0.0
210
0.0
220
0.0
230
1.0
50
360.0
0
TEXT
5
70F
330
1C
100
AcDbEntity
67
0
8
0
62
7
6
ByLayer
370
-1
48
1.0
60
0
100
AcDbText
1
887
10
1395045.09489796
20
359804.283686295
30
0.0
40
0.31111111111
41
1.0
50
0.0
51
0.0
7
Standard
11
1395045.09489796
21
359804.283686295
31
0.0
210
0.0
220
0.0
230
1.0
71
0
72
0
100
AcDbText
73
0
0
POINT
5
710
330
1C
100
AcDbEntity
67
0
8
0
62
256
6
ByLayer
370
-1
48
1.0
60
0
100
AcDbPoint
10
1395043.88571384
20
359805.056727356
30
0.0
39
0.0
210
0.0
220
0.0
230
1.0
50
360.0
0
TEXT
5
711
330
1C
100
AcDbEntity
67
0
8
0
62
7
6
ByLayer
370
-1
48
1.0
60
0
100
AcDbText
1
888
10
1395044.01484316
20
359805.331166538
30
0.0
40
0.31111111111
41
1.0
50
0.0
51
0.0
7
Standard
11
1395044.01484316
21
359805.331166538
31
0.0
210
0.0
220
0.0
230
1.0
71
0
72
0
100
AcDbText
73
0
0
POINT
5
712
330
1C
100
AcDbEntity
67
0
8
0
62
256
6
ByLayer
370
-1
48
1.0
60
0
100
AcDbPoint
10
1394987.54564693
20
359874.304868051
30
0.0
39
0.0
210
0.0
220
0.0
230
1.0
50
360.0
0
TEXT
5
713
330
1C
100
AcDbEntity
67
0
8
0
62
7
6
ByLayer
370
-1
48
1.0
60
0
100
AcDbText
1
889
10
1394987.67477612
20
359874.579307136
30
0.0
40
0.31111111111
41
1.0
50
0.0
51
0.0
7
Standard
11
1394987.67477612
21
359874.579307136
31
0.0
210
0.0
220
0.0
230
1.0
71
0
72
0
100
AcDbText
73
0
0
POINT
5
714
330
1C
100
AcDbEntity
67
0
8
0
62
256
6
ByLayer
370
-1
48
1.0
60
0
100
AcDbPoint
10
1394987.91276372
20
359875.763962922
30
0.0
39
0.0
210
0.0
220
0.0
230
1.0
50
360.0
0
TEXT
5
715
330
1C
100
AcDbEntity
67
0
8
0
62
7
6
ByLayer
370
-1
48
1.0
60
0
100
AcDbText
1
890
10
1394988.0418929
20
359876.038402003
30
0.0
40
0.31111111111
41
1.0
50
0.0
51
0.0
7
Standard
11
1394988.0418929
21
359876.038402003
31
0.0
210
0.0
220
0.0
230
1.0
71
0
72
0
100
AcDbText
73
0
0
POINT
5
716
330
1C
100
AcDbEntity
67
0
8
0
62
256
6
ByLayer
370
-1
48
1.0
60
0
100
AcDbPoint
10
1394988.96024361
20
359876.844017757
30
0.0
39
0.0
210
0.0
220
0.0
230
1.0
50
360.0
0
TEXT
5
717
330
1C
100
AcDbEntity
67
0
8
0
62
7
6
ByLayer
370
-1
48
1.0
60
0
100
AcDbText
1
891
10
1394989.0893728
20
359877.118456838
30
0.0
40
0.31111111111
41
1.0
50
0.0
51
0.0
7
Standard
11
1394989.0893728
21
359877.118456838
31
0.0
210
0.0
220
0.0
230
1.0
71
0
72
0
100
AcDbText
73
0
0
POINT
5
718
330
1C
100
AcDbEntity
67
0
8
0
62
256
6
ByLayer
370
-1
48
1.0
60
0
100
AcDbPoint
10
1394990.40741523
20
359877.255632734
30
0.0
39
0.0
210
0.0
220
0.0
230
1.0
50
360.0
0
TEXT
5
719
330
1C
100
AcDbEntity
67
0
8
0
62
7
6
ByLayer
370
-1
48
1.0
60
0
100
AcDbText
1
892
10
1394990.53654441
20
359877.530071823
30
0.0
40
0.31111111111
41
1.0
50
0.0
51
0.0
7
Standard
11
1394990.53654441
21
359877.530071823
31
0.0
210
0.0
220
0.0
230
1.0
71
0
72
0
100
AcDbText
73
0
0
POINT
5
71A
330
1C
100
AcDbEntity
67
0
8
0
62
256
6
ByLayer
370
-1
48
1.0
60
0
100
AcDbPoint
10
1394991.86651011
20
359876.888515955
30
0.0
39
0.0
210
0.0
220
0.0
230
1.0
50
360.0
0
TEXT
5
71B
330
1C
100
AcDbEntity
67
0
8
0
62
7
6
ByLayer
370
-1
48
1.0
60
0
100
AcDbText
1
893
10
1394991.9956393
20
359877.162955042
30
0.0
40
0.31111111111
41
1.0
50
0.0
51
0.0
7
Standard
11
1394991.9956393
21
359877.162955042
31
0.0
210
0.0
220
0.0
230
1.0
71
0
72
0
100
AcDbText
73
0
0
POINT
5
71C
330
1C
100
AcDbEntity
67
0
8
0
62
256
6
ByLayer
370
-1
48
1.0
60
0
100
AcDbPoint
10
1394992.94656496
20
359875.841036047
30
0.0
39
0.0
210
0.0
220
0.0
230
1.0
50
360.0
0
TEXT
5
71D
330
1C
100
AcDbEntity
67
0
8
0
62
7
6
ByLayer
370
-1
48
1.0
60
0
100
AcDbText
1
894
10
1394993.07569415
20
359876.115475139
30
0.0
40
0.31111111111
41
1.0
50
0.0
51
0.0
7
Standard
11
1394993.07569415
21
359876.115475139
31
0.0
210
0.0
220
0.0
230
1.0
71
0
72
0
100
AcDbText
73
0
0
POINT
5
71E
330
1C
100
AcDbEntity
67
0
8
0
62
256
6
ByLayer
370
-1
48
1.0
60
0
100
AcDbPoint
10
1394993.35817994
20
359874.393864411
30
0.0
39
0.0
210
0.0
220
0.0
230
1.0
50
360.0
0
TEXT
5
71F
330
1C
100
AcDbEntity
67
0
8
0
62
7
6
ByLayer
370
-1
48
1.0
60
0
100
AcDbText
1
895
10
1394993.48730913
20
359874.668303503
30
0.0
40
0.31111111111
41
1.0
50
0.0
51
0.0
7
Standard
11
1394993.48730913
21
359874.668303503
31
0.0
210
0.0
220
0.0
230
1.0
71
0
72
0
100
AcDbText
73
0
0
POINT
5
720
330
1C
100
AcDbEntity
67
0
8
0
62
256
6
ByLayer
370
-1
48
1.0
60
0
100
AcDbPoint
10
1394992.99106314
20
359872.934769524
30
0.0
39
0.0
210
0.0
220
0.0
230
1.0
50
360.0
0
TEXT
5
721
330
1C
100
AcDbEntity
67
0
8
0
62
7
6
ByLayer
370
-1
48
1.0
60
0
100
AcDbText
1
896
10
1394993.12019233
20
359873.209208619
30
0.0
40
0.31111111111
41
1.0
50
0.0
51
0.0
7
Standard
11
1394993.12019233
21
359873.209208619
31
0.0
210
0.0
220
0.0
230
1.0
71
0
72
0
100
AcDbText
73
0
0
POINT
5
722
330
1C
100
AcDbEntity
67
0
8
0
62
256
6
ByLayer
370
-1
48
1.0
60
0
100
AcDbPoint
10
1394991.94358322
20
359871.854714689
30
0.0
39
0.0
210
0.0
220
0.0
230
1.0
50
360.0
0
TEXT
5
723
330
1C
100
AcDbEntity
67
0
8
0
62
7
6
ByLayer
370
-1
48
1.0
60
0
100
AcDbText
1
897
10
1394992.07271242
20
359872.129153777
30
0.0
40
0.31111111111
41
1.0
50
0.0
51
0.0
7
Standard
11
1394992.07271242
21
359872.129153777
31
0.0
210
0.0
220
0.0
230
1.0
71
0
72
0
100
AcDbText
73
0
0
POINT
5
724
330
1C
100
AcDbEntity
67
0
8
0
62
256
6
ByLayer
370
-1
48
1.0
60
0
100
AcDbPoint
10
1394990.49641159
20
359871.443099729
30
0.0
39
0.0
210
0.0
220
0.0
230
1.0
50
360.0
0
TEXT
5
725
330
1C
100
AcDbEntity
67
0
8
0
62
7
6
ByLayer
370
-1
48
1.0
60
0
100
AcDbText
1
898
10
1394990.62554079
20
359871.717538811
30
0.0
40
0.31111111111
41
1.0
50
0.0
51
0.0
7
Standard
11
1394990.62554079
21
359871.717538811
31
0.0
210
0.0
220
0.0
230
1.0
71
0
72
0
100
AcDbText
73
0
0
POINT
5
726
330
1C
100
AcDbEntity
67
0
8
0
62
256
6
ByLayer
370
-1
48
1.0
60
0
100
AcDbPoint
10
1394989.03731672
20
359871.810216527
30
0.0
39
0.0
210
0.0
220
0.0
230
1.0
50
360.0
0
TEXT
5
727
330
1C
100
AcDbEntity
67
0
8
0
62
7
6
ByLayer
370
-1
48
1.0
60
0
100
AcDbText
1
899
10
1394989.16644591
20
359872.08465561
30
0.0
40
0.31111111111
41
1.0
50
0.0
51
0.0
7
Standard
11
1394989.16644591
21
359872.08465561
31
0.0
210
0.0
220
0.0
230
1.0
71
0
72
0
100
AcDbText
73
0
0
POINT
5
728
330
1C
100
AcDbEntity
67
0
8
0
62
256
6
ByLayer
370
-1
48
1.0
60
0
100
AcDbPoint
10
1394987.95726189
20
359872.857696435
30
0.0
39
0.0
210
0.0
220
0.0
230
1.0
50
360.0
0
TEXT
5
729
330
1C
100
AcDbEntity
67
0
8
0
62
7
6
ByLayer
370
-1
48
1.0
60
0
100
AcDbText
1
900
10
1394988.08639109
20
359873.132135515
30
0.0
40
0.31111111111
41
1.0
50
0.0
51
0.0
7
Standard
11
1394988.08639109
21
359873.132135515
31
0.0
210
0.0
220
0.0
230
1.0
71
0
72
0
100
AcDbText
73
0
0
POINT
5
72A
330
1C
100
AcDbEntity
67
0
8
0
62
256
6
ByLayer
370
-1
48
1.0
60
0
100
AcDbPoint
10
1395017.4059887
20
359867.583497965
30
0.0
39
0.0
210
0.0
220
0.0
230
1.0
50
360.0
0
TEXT
5
72B
330
1C
100
AcDbEntity
67
0
8
0
62
7
6
ByLayer
370
-1
48
1.0
60
0
100
AcDbText
1
901
10
1395017.5351179
20
359867.857937098
30
0.0
40
0.31111111111
41
1.0
50
0.0
51
0.0
7
Standard
11
1395017.5351179
21
359867.857937098
31
0.0
210
0.0
220
0.0
230
1.0
71
0
72
0
100
AcDbText
73
0
0
POINT
5
72C
330
1C
100
AcDbEntity
67
0
8
0
62
256
6
ByLayer
370
-1
48
1.0
60
0
100
AcDbPoint
10
1395017.77310553
20
359869.042592937
30
0.0
39
0.0
210
0.0
220
0.0
230
1.0
50
360.0
0
TEXT
5
72D
330
1C
100
AcDbEntity
67
0
8
0
62
7
6
ByLayer
370
-1
48
1.0
60
0
100
AcDbText
1
902
10
1395017.90223473
20
359869.31703207
30
0.0
40
0.31111111111
41
1.0
50
0.0
51
0.0
7
Standard
11
1395017.90223473
21
359869.31703207
31
0.0
210
0.0
220
0.0
230
1.0
71
0
72
0
100
AcDbText
73
0
0
POINT
5
72E
330
1C
100
AcDbEntity
67
0
8
0
62
256
6
ByLayer
370
-1
48
1.0
60
0
100
AcDbPoint
10
1395018.82058553
20
359870.122647837
30
0.0
39
0.0
210
0.0
220
0.0
230
1.0
50
360.0
0
TEXT
5
72F
330
1C
100
AcDbEntity
67
0
8
0
62
7
6
ByLayer
370
-1
48
1.0
60
0
100
AcDbText
1
903
10
1395018.94971473
20
359870.397086975
30
0.0
40
0.31111111111
41
1.0
50
0.0
51
0.0
7
Standard
11
1395018.94971473
21
359870.397086975
31
0.0
210
0.0
220
0.0
230
1.0
71
0
72
0
100
AcDbText
73
0
0
POINT
5
730
330
1C
100
AcDbEntity
67
0
8
0
62
256
6
ByLayer
370
-1
48
1.0
60
0
100
AcDbPoint
10
1395020.26775727
20
359870.534262823
30
0.0
39
0.0
210
0.0
220
0.0
230
1.0
50
360.0
0
TEXT
5
731
330
1C
100
AcDbEntity
67
0
8
0
62
7
6
ByLayer
370
-1
48
1.0
60
0
100
AcDbText
1
904
10
1395020.39688647
20
359870.808701964
30
0.0
40
0.31111111111
41
1.0
50
0.0
51
0.0
7
Standard
11
1395020.39688647
21
359870.808701964
31
0.0
210
0.0
220
0.0
230
1.0
71
0
72
0
100
AcDbText
73
0
0
POINT
5
732
330
1C
100
AcDbEntity
67
0
8
0
62
256
6
ByLayer
370
-1
48
1.0
60
0
100
AcDbPoint
10
1395021.72685226
20
359870.167145989
30
0.0
39
0.0
210
0.0
220
0.0
230
1.0
50
360.0
0
TEXT
5
733
330
1C
100
AcDbEntity
67
0
8
0
62
7
6
ByLayer
370
-1
48
1.0
60
0
100
AcDbText
1
905
10
1395021.85598146
20
359870.441585132
30
0.0
40
0.31111111111
41
1.0
50
0.0
51
0.0
7
Standard
11
1395021.85598146
21
359870.441585132
31
0.0
210
0.0
220
0.0
230
1.0
71
0
72
0
100
AcDbText
73
0
0
POINT
5
734
330
1C
100
AcDbEntity
67
0
8
0
62
256
6
ByLayer
370
-1
48
1.0
60
0
100
AcDbPoint
10
1395022.80690717
20
359869.119665983
30
0.0
39
0.0
210
0.0
220
0.0
230
1.0
50
360.0
0
TEXT
5
735
330
1C
100
AcDbEntity
67
0
8
0
62
7
6
ByLayer
370
-1
48
1.0
60
0
100
AcDbText
1
906
10
1395022.93603637
20
359869.394105127
30
0.0
40
0.31111111111
41
1.0
50
0.0
51
0.0
7
Standard
11
1395022.93603637
21
359869.394105127
31
0.0
210
0.0
220
0.0
230
1.0
71
0
72
0
100
AcDbText
73
0
0
POINT
5
736
330
1C
100
AcDbEntity
67
0
8
0
62
256
6
ByLayer
370
-1
48
1.0
60
0
100
AcDbPoint
10
1395023.21852215
20
359867.672494228
30
0.0
39
0.0
210
0.0
220
0.0
230
1.0
50
360.0
0
TEXT
5
737
330
1C
100
AcDbEntity
67
0
8
0
62
7
6
ByLayer
370
-1
48
1.0
60
0
100
AcDbText
1
907
10
1395023.34765135
20
359867.946933374
30
0.0
40
0.31111111111
41
1.0
50
0.0
51
0.0
7
Standard
11
1395023.34765135
21
359867.946933374
31
0.0
210
0.0
220
0.0
230
1.0
71
0
72
0
100
AcDbText
73
0
0
POINT
5
738
330
1C
100
AcDbEntity
67
0
8
0
62
256
6
ByLayer
370
-1
48
1.0
60
0
100
AcDbPoint
10
1395022.8514053
20
359866.213399237
30
0.0
39
0.0
210
0.0
220
0.0
230
1.0
50
360.0
0
TEXT
5
739
330
1C
100
AcDbEntity
67
0
8
0
62
7
6
ByLayer
370
-1
48
1.0
60
0
100
AcDbText
1
908
10
1395022.9805345
20
359866.487838379
30
0.0
40
0.31111111111
41
1.0
50
0.0
51
0.0
7
Standard
11
1395022.9805345
21
359866.487838379
31
0.0
210
0.0
220
0.0
230
1.0
71
0
72
0
100
AcDbText
73
0
0
POINT
5
73A
330
1C
100
AcDbEntity
67
0
8
0
62
256
6
ByLayer
370
-1
48
1.0
60
0
100
AcDbPoint
10
1395021.80392528
20
359865.133344338
30
0.0
39
0.0
210
0.0
220
0.0
230
1.0
50
360.0
0
TEXT
5
73B
330
1C
100
AcDbEntity
67
0
8
0
62
7
6
ByLayer
370
-1
48
1.0
60
0
100
AcDbText
1
909
10
1395021.93305449
20
359865.407783479
30
0.0
40
0.31111111111
41
1.0
50
0.0
51
0.0
7
Standard
11
1395021.93305449
21
359865.407783479
31
0.0
210
0.0
220
0.0
230
1.0
71
0
72
0
100
AcDbText
73
0
0
POINT
5
73C
330
1C
100
AcDbEntity
67
0
8
0
62
256
6
ByLayer
370
-1
48
1.0
60
0
100
AcDbPoint
10
1395020.35675353
20
359864.721729367
30
0.0
39
0.0
210
0.0
220
0.0
230
1.0
50
360.0
0
TEXT
5
73D
330
1C
100
AcDbEntity
67
0
8
0
62
7
6
ByLayer
370
-1
48
1.0
60
0
100
AcDbText
1
910
10
1395020.48588274
20
359864.996168508
30
0.0
40
0.31111111111
41
1.0
50
0.0
51
0.0
7
Standard
11
1395020.48588274
21
359864.996168508
31
0.0
210
0.0
220
0.0
230
1.0
71
0
72
0
100
AcDbText
73
0
0
POINT
5
73E
330
1C
100
AcDbEntity
67
0
8
0
62
256
6
ByLayer
370
-1
48
1.0
60
0
100
AcDbPoint
10
1395018.89765856
20
359865.088846222
30
0.0
39
0.0
210
0.0
220
0.0
230
1.0
50
360.0
0
TEXT
5
73F
330
1C
100
AcDbEntity
67
0
8
0
62
7
6
ByLayer
370
-1
48
1.0
60
0
100
AcDbText
1
911
10
1395019.02678776
20
359865.363285361
30
0.0
40
0.31111111111
41
1.0
50
0.0
51
0.0
7
Standard
11
1395019.02678776
21
359865.363285361
31
0.0
210
0.0
220
0.0
230
1.0
71
0
72
0
100
AcDbText
73
0
0
POINT
5
740
330
1C
100
AcDbEntity
67
0
8
0
62
256
6
ByLayer
370
-1
48
1.0
60
0
100
AcDbPoint
10
1395017.81760367
20
359866.136326229
30
0.0
39
0.0
210
0.0
220
0.0
230
1.0
50
360.0
0
TEXT
5
741
330
1C
100
AcDbEntity
67
0
8
0
62
7
6
ByLayer
370
-1
48
1.0
60
0
100
AcDbText
1
912
10
1395017.94673287
20
359866.410765363
30
0.0
40
0.31111111111
41
1.0
50
0.0
51
0.0
7
Standard
11
1395017.94673287
21
359866.410765363
31
0.0
210
0.0
220
0.0
230
1.0
71
0
72
0
100
AcDbText
73
0
0
POINT
5
742
330
1C
100
AcDbEntity
67
0
8
0
62
256
6
ByLayer
370
-1
48
1.0
60
0
100
AcDbPoint
10
1395038.61517641
20
359861.946926305
30
0.0
39
0.0
210
0.0
220
0.0
230
1.0
50
360.0
0
TEXT
5
743
330
1C
100
AcDbEntity
67
0
8
0
62
7
6
ByLayer
370
-1
48
1.0
60
0
100
AcDbText
1
913
10
1395038.74430562
20
359862.22136548
30
0.0
40
0.31111111111
41
1.0
50
0.0
51
0.0
7
Standard
11
1395038.74430562
21
359862.22136548
31
0.0
210
0.0
220
0.0
230
1.0
71
0
72
0
100
AcDbText
73
0
0
POINT
5
744
330
1C
100
AcDbEntity
67
0
8
0
62
256
6
ByLayer
370
-1
48
1.0
60
0
100
AcDbPoint
10
1395038.98229329
20
359863.406021353
30
0.0
39
0.0
210
0.0
220
0.0
230
1.0
50
360.0
0
TEXT
5
745
330
1C
100
AcDbEntity
67
0
8
0
62
7
6
ByLayer
370
-1
48
1.0
60
0
100
AcDbText
1
914
10
1395039.1114225
20
359863.680460527
30
0.0
40
0.31111111111
41
1.0
50
0.0
51
0.0
7
Standard
11
1395039.1114225
21
359863.680460527
31
0.0
210
0.0
220
0.0
230
1.0
71
0
72
0
100
AcDbText
73
0
0
POINT
5
746
330
1C
100
AcDbEntity
67
0
8
0
62
256
6
ByLayer
370
-1
48
1.0
60
0
100
AcDbPoint
10
1395040.02977336
20
359864.486076297
30
0.0
39
0.0
210
0.0
220
0.0
230
1.0
50
360.0
0
TEXT
5
747
330
1C
100
AcDbEntity
67
0
8
0
62
7
6
ByLayer
370
-1
48
1.0
60
0
100
AcDbText
1
915
10
1395040.15890256
20
359864.760515474
30
0.0
40
0.31111111111
41
1.0
50
0.0
51
0.0
7
Standard
11
1395040.15890256
21
359864.760515474
31
0.0
210
0.0
220
0.0
230
1.0
71
0
72
0
100
AcDbText
73
0
0
POINT
5
748
330
1C
100
AcDbEntity
67
0
8
0
62
256
6
ByLayer
370
-1
48
1.0
60
0
100
AcDbPoint
10
1395041.47694518
20
359864.897691285
30
0.0
39
0.0
210
0.0
220
0.0
230
1.0
50
360.0
0
TEXT
5
749
330
1C
100
AcDbEntity
67
0
8
0
62
7
6
ByLayer
370
-1
48
1.0
60
0
100
AcDbText
1
916
10
1395041.60607439
20
359865.172130465
30
0.0
40
0.31111111111
41
1.0
50
0.0
51
0.0
7
Standard
11
1395041.60607439
21
359865.172130465
31
0.0
210
0.0
220
0.0
230
1.0
71
0
72
0
100
AcDbText
73
0
0
POINT
5
74A
330
1C
100
AcDbEntity
67
0
8
0
62
256
6
ByLayer
370
-1
48
1.0
60
0
100
AcDbPoint
10
1395042.93604024
20
359864.53057441
30
0.0
39
0.0
210
0.0
220
0.0
230
1.0
50
360.0
0
TEXT
5
74B
330
1C
100
AcDbEntity
67
0
8
0
62
7
6
ByLayer
370
-1
48
1.0
60
0
100
AcDbText
1
917
10
1395043.06516945
20
359864.80501359
30
0.0
40
0.31111111111
41
1.0
50
0.0
51
0.0
7
Standard
11
1395043.06516945
21
359864.80501359
31
0.0
210
0.0
220
0.0
230
1.0
71
0
72
0
100
AcDbText
73
0
0
POINT
5
74C
330
1C
100
AcDbEntity
67
0
8
0
62
256
6
ByLayer
370
-1
48
1.0
60
0
100
AcDbPoint
10
1395044.0160952
20
359863.483094331
30
0.0
39
0.0
210
0.0
220
0.0
230
1.0
50
360.0
0
TEXT
5
74D
330
1C
100
AcDbEntity
67
0
8
0
62
7
6
ByLayer
370
-1
48
1.0
60
0
100
AcDbText
1
918
10
1395044.14522441
20
359863.757533517
30
0.0
40
0.31111111111
41
1.0
50
0.0
51
0.0
7
Standard
11
1395044.14522441
21
359863.757533517
31
0.0
210
0.0
220
0.0
230
1.0
71
0
72
0
100
AcDbText
73
0
0
POINT
5
74E
330
1C
100
AcDbEntity
67
0
8
0
62
256
6
ByLayer
370
-1
48
1.0
60
0
100
AcDbPoint
10
1395044.42771018
20
359862.035922492
30
0.0
39
0.0
210
0.0
220
0.0
230
1.0
50
360.0
0
TEXT
5
74F
330
1C
100
AcDbEntity
67
0
8
0
62
7
6
ByLayer
370
-1
48
1.0
60
0
100
AcDbText
1
919
10
1395044.55683939
20
359862.310361677
30
0.0
40
0.31111111111
41
1.0
50
0.0
51
0.0
7
Standard
11
1395044.55683939
21
359862.310361677
31
0.0
210
0.0
220
0.0
230
1.0
71
0
72
0
100
AcDbText
73
0
0
POINT
5
750
330
1C
100
AcDbEntity
67
0
8
0
62
256
6
ByLayer
370
-1
48
1.0
60
0
100
AcDbPoint
10
1395044.06059329
20
359860.576827425
30
0.0
39
0.0
210
0.0
220
0.0
230
1.0
50
360.0
0
TEXT
5
751
330
1C
100
AcDbEntity
67
0
8
0
62
7
6
ByLayer
370
-1
48
1.0
60
0
100
AcDbText
1
920
10
1395044.1897225
20
359860.851266609
30
0.0
40
0.31111111111
41
1.0
50
0.0
51
0.0
7
Standard
11
1395044.1897225
21
359860.851266609
31
0.0
210
0.0
220
0.0
230
1.0
71
0
72
0
100
AcDbText
73
0
0
POINT
5
752
330
1C
100
AcDbEntity
67
0
8
0
62
256
6
ByLayer
370
-1
48
1.0
60
0
100
AcDbPoint
10
1395043.01311321
20
359859.496772482
30
0.0
39
0.0
210
0.0
220
0.0
230
1.0
50
360.0
0
TEXT
5
753
330
1C
100
AcDbEntity
67
0
8
0
62
7
6
ByLayer
370
-1
48
1.0
60
0
100
AcDbText
1
921
10
1395043.14224242
20
359859.771211662
30
0.0
40
0.31111111111
41
1.0
50
0.0
51
0.0
7
Standard
11
1395043.14224242
21
359859.771211662
31
0.0
210
0.0
220
0.0
230
1.0
71
0
72
0
100
AcDbText
73
0
0
POINT
5
754
330
1C
100
AcDbEntity
67
0
8
0
62
256
6
ByLayer
370
-1
48
1.0
60
0
100
AcDbPoint
10
1395041.56594137
20
359859.085157512
30
0.0
39
0.0
210
0.0
220
0.0
230
1.0
50
360.0
0
TEXT
5
755
330
1C
100
AcDbEntity
67
0
8
0
62
7
6
ByLayer
370
-1
48
1.0
60
0
100
AcDbText
1
922
10
1395041.69507058
20
359859.359596692
30
0.0
40
0.31111111111
41
1.0
50
0.0
51
0.0
7
Standard
11
1395041.69507058
21
359859.359596692
31
0.0
210
0.0
220
0.0
230
1.0
71
0
72
0
100
AcDbText
73
0
0
POINT
5
756
330
1C
100
AcDbEntity
67
0
8
0
62
256
6
ByLayer
370
-1
48
1.0
60
0
100
AcDbPoint
10
1395040.10684632
20
359859.452274409
30
0.0
39
0.0
210
0.0
220
0.0
230
1.0
50
360.0
0
TEXT
5
757
330
1C
100
AcDbEntity
67
0
8
0
62
7
6
ByLayer
370
-1
48
1.0
60
0
100
AcDbText
1
923
10
1395040.23597553
20
359859.726713582
30
0.0
40
0.31111111111
41
1.0
50
0.0
51
0.0
7
Standard
11
1395040.23597553
21
359859.726713582
31
0.0
210
0.0
220
0.0
230
1.0
71
0
72
0
100
AcDbText
73
0
0
POINT
5
758
330
1C
100
AcDbEntity
67
0
8
0
62
256
6
ByLayer
370
-1
48
1.0
60
0
100
AcDbPoint
10
1395039.02679138
20
359860.499754487
30
0.0
39
0.0
210
0.0
220
0.0
230
1.0
50
360.0
0
TEXT
5
759
330
1C
100
AcDbEntity
67
0
8
0
62
7
6
ByLayer
370
-1
48
1.0
60
0
100
AcDbText
1
924
10
1395039.1559206
20
359860.77419366
30
0.0
40
0.31111111111
41
1.0
50
0.0
51
0.0
7
Standard
11
1395039.1559206
21
359860.77419366
31
0.0
210
0.0
220
0.0
230
1.0
71
0
72
0
100
AcDbText
73
0
0
POINT
5
75A
330
1C
100
AcDbEntity
67
0
8
0
62
256
6
ByLayer
370
-1
48
1.0
60
0
100
AcDbPoint
10
1397859.80981227
20
359298.332723813
30
0.0
39
0.0
210
0.0
220
0.0
230
1.0
50
360.0
0
TEXT
5
75B
330
1C
100
AcDbEntity
67
0
8
0
62
7
6
ByLayer
370
-1
48
1.0
60
0
100
AcDbText
1
925
10
1397859.93894244
20
359298.607168147
30
0.0
40
0.31111111111
41
1.0
50
0.0
51
0.0
7
Standard
11
1397859.93894244
21
359298.607168147
31
0.0
210
0.0
220
0.0
230
1.0
71
0
72
0
100
AcDbText
73
0
0
POINT
5
75C
330
1C
100
AcDbEntity
67
0
8
0
62
256
6
ByLayer
370
-1
48
1.0
60
0
100
AcDbPoint
10
1397860.17693394
20
359299.791828897
30
0.0
39
0.0
210
0.0
220
0.0
230
1.0
50
360.0
0
TEXT
5
75D
330
1C
100
AcDbEntity
67
0
8
0
62
7
6
ByLayer
370
-1
48
1.0
60
0
100
AcDbText
1
926
10
1397860.3060641
20
359300.066273232
30
0.0
40
0.31111111111
41
1.0
50
0.0
51
0.0
7
Standard
11
1397860.3060641
21
359300.066273232
31
0.0
210
0.0
220
0.0
230
1.0
71
0
72
0
100
AcDbText
73
0
0
POINT
5
75E
330
1C
100
AcDbEntity
67
0
8
0
62
256
6
ByLayer
370
-1
48
1.0
60
0
100
AcDbPoint
10
1397861.22442316
20
359300.87189014
30
0.0
39
0.0
210
0.0
220
0.0
230
1.0
50
360.0
0
TEXT
5
75F
330
1C
100
AcDbEntity
67
0
8
0
62
7
6
ByLayer
370
-1
48
1.0
60
0
100
AcDbText
1
927
10
1397861.35355332
20
359301.146334475
30
0.0
40
0.31111111111
41
1.0
50
0.0
51
0.0
7
Standard
11
1397861.35355332
21
359301.146334475
31
0.0
210
0.0
220
0.0
230
1.0
71
0
72
0
100
AcDbText
73
0
0
POINT
5
760
330
1C
100
AcDbEntity
67
0
8
0
62
256
6
ByLayer
370
-1
48
1.0
60
0
100
AcDbPoint
10
1397862.67160607
20
359301.283506006
30
0.0
39
0.0
210
0.0
220
0.0
230
1.0
50
360.0
0
TEXT
5
761
330
1C
100
AcDbEntity
67
0
8
0
62
7
6
ByLayer
370
-1
48
1.0
60
0
100
AcDbText
1
928
10
1397862.80073623
20
359301.557950341
30
0.0
40
0.31111111111
41
1.0
50
0.0
51
0.0
7
Standard
11
1397862.80073623
21
359301.557950341
31
0.0
210
0.0
220
0.0
230
1.0
71
0
72
0
100
AcDbText
73
0
0
POINT
5
762
330
1C
100
AcDbEntity
67
0
8
0
62
256
6
ByLayer
370
-1
48
1.0
60
0
100
AcDbPoint
10
1397864.13071117
20
359300.916384343
30
0.0
39
0.0
210
0.0
220
0.0
230
1.0
50
360.0
0
TEXT
5
763
330
1C
100
AcDbEntity
67
0
8
0
62
7
6
ByLayer
370
-1
48
1.0
60
0
100
AcDbText
1
929
10
1397864.25984133
20
359301.190828686
30
0.0
40
0.31111111111
41
1.0
50
0.0
51
0.0
7
Standard
11
1397864.25984133
21
359301.190828686
31
0.0
210
0.0
220
0.0
230
1.0
71
0
72
0
100
AcDbText
73
0
0
POINT
5
764
330
1C
100
AcDbEntity
67
0
8
0
62
256
6
ByLayer
370
-1
48
1.0
60
0
100
AcDbPoint
10
1397865.21077242
20
359299.868895106
30
0.0
39
0.0
210
0.0
220
0.0
230
1.0
50
360.0
0
TEXT
5
765
330
1C
100
AcDbEntity
67
0
8
0
62
7
6
ByLayer
370
-1
48
1.0
60
0
100
AcDbText
1
930
10
1397865.33990259
20
359300.143339445
30
0.0
40
0.31111111111
41
1.0
50
0.0
51
0.0
7
Standard
11
1397865.33990259
21
359300.143339445
31
0.0
210
0.0
220
0.0
230
1.0
71
0
72
0
100
AcDbText
73
0
0
POINT
5
766
330
1C
100
AcDbEntity
67
0
8
0
62
256
6
ByLayer
370
-1
48
1.0
60
0
100
AcDbPoint
10
1397865.62238828
20
359298.421712183
30
0.0
39
0.0
210
0.0
220
0.0
230
1.0
50
360.0
0
TEXT
5
767
330
1C
100
AcDbEntity
67
0
8
0
62
7
6
ByLayer
370
-1
48
1.0
60
0
100
AcDbText
1
931
10
1397865.75151845
20
359298.696156528
30
0.0
40
0.31111111111
41
1.0
50
0.0
51
0.0
7
Standard
11
1397865.75151845
21
359298.696156528
31
0.0
210
0.0
220
0.0
230
1.0
71
0
72
0
100
AcDbText
73
0
0
POINT
5
768
330
1C
100
AcDbEntity
67
0
8
0
62
256
6
ByLayer
370
-1
48
1.0
60
0
100
AcDbPoint
10
1397865.25526661
20
359296.96260708
30
0.0
39
0.0
210
0.0
220
0.0
230
1.0
50
360.0
0
TEXT
5
769
330
1C
100
AcDbEntity
67
0
8
0
62
7
6
ByLayer
370
-1
48
1.0
60
0
100
AcDbText
1
932
10
1397865.38439678
20
359297.237051422
30
0.0
40
0.31111111111
41
1.0
50
0.0
51
0.0
7
Standard
11
1397865.38439678
21
359297.237051422
31
0.0
210
0.0
220
0.0
230
1.0
71
0
72
0
100
AcDbText
73
0
0
POINT
5
76A
330
1C
100
AcDbEntity
67
0
8
0
62
256
6
ByLayer
370
-1
48
1.0
60
0
100
AcDbPoint
10
1397864.20777736
20
359295.882545839
30
0.0
39
0.0
210
0.0
220
0.0
230
1.0
50
360.0
0
TEXT
5
76B
330
1C
100
AcDbEntity
67
0
8
0
62
7
6
ByLayer
370
-1
48
1.0
60
0
100
AcDbText
1
933
10
1397864.33690753
20
359296.156990176
30
0.0
40
0.31111111111
41
1.0
50
0.0
51
0.0
7
Standard
11
1397864.33690753
21
359296.156990176
31
0.0
210
0.0
220
0.0
230
1.0
71
0
72
0
100
AcDbText
73
0
0
POINT
5
76C
330
1C
100
AcDbEntity
67
0
8
0
62
256
6
ByLayer
370
-1
48
1.0
60
0
100
AcDbPoint
10
1397862.76059444
20
359295.47092999
30
0.0
39
0.0
210
0.0
220
0.0
230
1.0
50
360.0
0
TEXT
5
76D
330
1C
100
AcDbEntity
67
0
8
0
62
7
6
ByLayer
370
-1
48
1.0
60
0
100
AcDbText
1
934
10
1397862.88972461
20
359295.745374329
30
0.0
40
0.31111111111
41
1.0
50
0.0
51
0.0
7
Standard
11
1397862.88972461
21
359295.745374329
31
0.0
210
0.0
220
0.0
230
1.0
71
0
72
0
100
AcDbText
73
0
0
POINT
5
76E
330
1C
100
AcDbEntity
67
0
8
0
62
256
6
ByLayer
370
-1
48
1.0
60
0
100
AcDbPoint
10
1397861.30148935
20
359295.83805167
30
0.0
39
0.0
210
0.0
220
0.0
230
1.0
50
360.0
0
TEXT
5
76F
330
1C
100
AcDbEntity
67
0
8
0
62
7
6
ByLayer
370
-1
48
1.0
60
0
100
AcDbText
1
935
10
1397861.43061952
20
359296.112496006
30
0.0
40
0.31111111111
41
1.0
50
0.0
51
0.0
7
Standard
11
1397861.43061952
21
359296.112496006
31
0.0
210
0.0
220
0.0
230
1.0
71
0
72
0
100
AcDbText
73
0
0
POINT
5
770
330
1C
100
AcDbEntity
67
0
8
0
62
256
6
ByLayer
370
-1
48
1.0
60
0
100
AcDbPoint
10
1397860.22142812
20
359296.88554091
30
0.0
39
0.0
210
0.0
220
0.0
230
1.0
50
360.0
0
TEXT
5
771
330
1C
100
AcDbEntity
67
0
8
0
62
7
6
ByLayer
370
-1
48
1.0
60
0
100
AcDbText
1
936
10
1397860.35055829
20
359297.15998524
30
0.0
40
0.31111111111
41
1.0
50
0.0
51
0.0
7
Standard
11
1397860.35055829
21
359297.15998524
31
0.0
210
0.0
220
0.0
230
1.0
71
0
72
0
100
AcDbText
73
0
0
POINT
5
772
330
1C
100
AcDbEntity
67
0
8
0
62
256
6
ByLayer
370
-1
48
1.0
60
0
100
AcDbPoint
10
1397934.6360147
20
359292.404792002
30
0.0
39
0.0
210
0.0
220
0.0
230
1.0
50
360.0
0
TEXT
5
773
330
1C
100
AcDbEntity
67
0
8
0
62
7
6
ByLayer
370
-1
48
1.0
60
0
100
AcDbText
1
937
10
1397934.76514487
20
359292.679236472
30
0.0
40
0.31111111111
41
1.0
50
0.0
51
0.0
7
Standard
11
1397934.76514487
21
359292.679236472
31
0.0
210
0.0
220
0.0
230
1.0
71
0
72
0
100
AcDbText
73
0
0
POINT
5
774
330
1C
100
AcDbEntity
67
0
8
0
62
256
6
ByLayer
370
-1
48
1.0
60
0
100
AcDbPoint
10
1397935.00313646
20
359293.863897364
30
0.0
39
0.0
210
0.0
220
0.0
230
1.0
50
360.0
0
TEXT
5
775
330
1C
100
AcDbEntity
67
0
8
0
62
7
6
ByLayer
370
-1
48
1.0
60
0
100
AcDbText
1
938
10
1397935.13226663
20
359294.138341832
30
0.0
40
0.31111111111
41
1.0
50
0.0
51
0.0
7
Standard
11
1397935.13226663
21
359294.138341832
31
0.0
210
0.0
220
0.0
230
1.0
71
0
72
0
100
AcDbText
73
0
0
POINT
5
776
330
1C
100
AcDbEntity
67
0
8
0
62
256
6
ByLayer
370
-1
48
1.0
60
0
100
AcDbPoint
10
1397936.0506259
20
359294.943958795
30
0.0
39
0.0
210
0.0
220
0.0
230
1.0
50
360.0
0
TEXT
5
777
330
1C
100
AcDbEntity
67
0
8
0
62
7
6
ByLayer
370
-1
48
1.0
60
0
100
AcDbText
1
939
10
1397936.17975607
20
359295.218403265
30
0.0
40
0.31111111111
41
1.0
50
0.0
51
0.0
7
Standard
11
1397936.17975607
21
359295.218403265
31
0.0
210
0.0
220
0.0
230
1.0
71
0
72
0
100
AcDbText
73
0
0
POINT
5
778
330
1C
100
AcDbEntity
67
0
8
0
62
256
6
ByLayer
370
-1
48
1.0
60
0
100
AcDbPoint
10
1397937.49780909
20
359295.355574718
30
0.0
39
0.0
210
0.0
220
0.0
230
1.0
50
360.0
0
TEXT
5
779
330
1C
100
AcDbEntity
67
0
8
0
62
7
6
ByLayer
370
-1
48
1.0
60
0
100
AcDbText
1
940
10
1397937.62693926
20
359295.630019193
30
0.0
40
0.31111111111
41
1.0
50
0.0
51
0.0
7
Standard
11
1397937.62693926
21
359295.630019193
31
0.0
210
0.0
220
0.0
230
1.0
71
0
72
0
100
AcDbText
73
0
0
POINT
5
77A
330
1C
100
AcDbEntity
67
0
8
0
62
256
6
ByLayer
370
-1
48
1.0
60
0
100
AcDbPoint
10
1397938.95691446
20
359294.988452965
30
0.0
39
0.0
210
0.0
220
0.0
230
1.0
50
360.0
0
TEXT
5
77B
330
1C
100
AcDbEntity
67
0
8
0
62
7
6
ByLayer
370
-1
48
1.0
60
0
100
AcDbText
1
941
10
1397939.08604463
20
359295.262897443
30
0.0
40
0.31111111111
41
1.0
50
0.0
51
0.0
7
Standard
11
1397939.08604463
21
359295.262897443
31
0.0
210
0.0
220
0.0
230
1.0
71
0
72
0
100
AcDbText
73
0
0
POINT
5
77C
330
1C
100
AcDbEntity
67
0
8
0
62
256
6
ByLayer
370
-1
48
1.0
60
0
100
AcDbPoint
10
1397940.03697591
20
359293.940963511
30
0.0
39
0.0
210
0.0
220
0.0
230
1.0
50
360.0
0
TEXT
5
77D
330
1C
100
AcDbEntity
67
0
8
0
62
7
6
ByLayer
370
-1
48
1.0
60
0
100
AcDbText
1
942
10
1397940.16610608
20
359294.215407986
30
0.0
40
0.31111111111
41
1.0
50
0.0
51
0.0
7
Standard
11
1397940.16610608
21
359294.215407986
31
0.0
210
0.0
220
0.0
230
1.0
71
0
72
0
100
AcDbText
73
0
0
POINT
5
77E
330
1C
100
AcDbEntity
67
0
8
0
62
256
6
ByLayer
370
-1
48
1.0
60
0
100
AcDbPoint
10
1397940.44859183
20
359292.493780302
30
0.0
39
0.0
210
0.0
220
0.0
230
1.0
50
360.0
0
TEXT
5
77F
330
1C
100
AcDbEntity
67
0
8
0
62
7
6
ByLayer
370
-1
48
1.0
60
0
100
AcDbText
1
943
10
1397940.577722
20
359292.768224781
30
0.0
40
0.31111111111
41
1.0
50
0.0
51
0.0
7
Standard
11
1397940.577722
21
359292.768224781
31
0.0
210
0.0
220
0.0
230
1.0
71
0
72
0
100
AcDbText
73
0
0
POINT
5
780
330
1C
100
AcDbEntity
67
0
8
0
62
256
6
ByLayer
370
-1
48
1.0
60
0
100
AcDbPoint
10
1397940.08147006
20
359291.034674924
30
0.0
39
0.0
210
0.0
220
0.0
230
1.0
50
360.0
0
TEXT
5
781
330
1C
100
AcDbEntity
67
0
8
0
62
7
6
ByLayer
370
-1
48
1.0
60
0
100
AcDbText
1
944
10
1397940.21060024
20
359291.309119401
30
0.0
40
0.31111111111
41
1.0
50
0.0
51
0.0
7
Standard
11
1397940.21060024
21
359291.309119401
31
0.0
210
0.0
220
0.0
230
1.0
71
0
72
0
100
AcDbText
73
0
0
POINT
5
782
330
1C
100
AcDbEntity
67
0
8
0
62
256
6
ByLayer
370
-1
48
1.0
60
0
100
AcDbPoint
10
1397939.03398059
20
359289.954613488
30
0.0
39
0.0
210
0.0
220
0.0
230
1.0
50
360.0
0
TEXT
5
783
330
1C
100
AcDbEntity
67
0
8
0
62
7
6
ByLayer
370
-1
48
1.0
60
0
100
AcDbText
1
945
10
1397939.16311078
20
359290.229057965
30
0.0
40
0.31111111111
41
1.0
50
0.0
51
0.0
7
Standard
11
1397939.16311078
21
359290.229057965
31
0.0
210
0.0
220
0.0
230
1.0
71
0
72
0
100
AcDbText
73
0
0
POINT
5
784
330
1C
100
AcDbEntity
67
0
8
0
62
256
6
ByLayer
370
-1
48
1.0
60
0
100
AcDbPoint
10
1397937.58679739
20
359289.542997586
30
0.0
39
0.0
210
0.0
220
0.0
230
1.0
50
360.0
0
TEXT
5
785
330
1C
100
AcDbEntity
67
0
8
0
62
7
6
ByLayer
370
-1
48
1.0
60
0
100
AcDbText
1
946
10
1397937.71592757
20
359289.817442059
30
0.0
40
0.31111111111
41
1.0
50
0.0
51
0.0
7
Standard
11
1397937.71592757
21
359289.817442059
31
0.0
210
0.0
220
0.0
230
1.0
71
0
72
0
100
AcDbText
73
0
0
POINT
5
786
330
1C
100
AcDbEntity
67
0
8
0
62
256
6
ByLayer
370
-1
48
1.0
60
0
100
AcDbPoint
10
1397936.12769203
20
359289.910119359
30
0.0
39
0.0
210
0.0
220
0.0
230
1.0
50
360.0
0
TEXT
5
787
330
1C
100
AcDbEntity
67
0
8
0
62
7
6
ByLayer
370
-1
48
1.0
60
0
100
AcDbText
1
947
10
1397936.25682221
20
359290.184563832
30
0.0
40
0.31111111111
41
1.0
50
0.0
51
0.0
7
Standard
11
1397936.25682221
21
359290.184563832
31
0.0
210
0.0
220
0.0
230
1.0
71
0
72
0
100
AcDbText
73
0
0
POINT
5
788
330
1C
100
AcDbEntity
67
0
8
0
62
256
6
ByLayer
370
-1
48
1.0
60
0
100
AcDbPoint
10
1397935.0476306
20
359290.957608815
30
0.0
39
0.0
210
0.0
220
0.0
230
1.0
50
360.0
0
TEXT
5
789
330
1C
100
AcDbEntity
67
0
8
0
62
7
6
ByLayer
370
-1
48
1.0
60
0
100
AcDbText
1
948
10
1397935.17676078
20
359291.232053284
30
0.0
40
0.31111111111
41
1.0
50
0.0
51
0.0
7
Standard
11
1397935.17676078
21
359291.232053284
31
0.0
210
0.0
220
0.0
230
1.0
71
0
72
0
100
AcDbText
73
0
0
POINT
5
78A
330
1C
100
AcDbEntity
67
0
8
0
62
256
6
ByLayer
370
-1
48
1.0
60
0
100
AcDbPoint
10
1398012.60680975
20
359289.837429824
30
0.0
39
0.0
210
0.0
220
0.0
230
1.0
50
360.0
0
TEXT
5
78B
330
1C
100
AcDbEntity
67
0
8
0
62
7
6
ByLayer
370
-1
48
1.0
60
0
100
AcDbText
1
949
10
1398012.73593993
20
359290.111874435
30
0.0
40
0.31111111111
41
1.0
50
0.0
51
0.0
7
Standard
11
1398012.73593993
21
359290.111874435
31
0.0
210
0.0
220
0.0
230
1.0
71
0
72
0
100
AcDbText
73
0
0
POINT
5
78C
330
1C
100
AcDbEntity
67
0
8
0
62
256
6
ByLayer
370
-1
48
1.0
60
0
100
AcDbPoint
10
1398012.97393159
20
359291.29653547
30
0.0
39
0.0
210
0.0
220
0.0
230
1.0
50
360.0
0
TEXT
5
78D
330
1C
100
AcDbEntity
67
0
8
0
62
7
6
ByLayer
370
-1
48
1.0
60
0
100
AcDbText
1
950
10
1398013.10306177
20
359291.570980084
30
0.0
40
0.31111111111
41
1.0
50
0.0
51
0.0
7
Standard
11
1398013.10306177
21
359291.570980084
31
0.0
210
0.0
220
0.0
230
1.0
71
0
72
0
100
AcDbText
73
0
0
POINT
5
78E
330
1C
100
AcDbEntity
67
0
8
0
62
256
6
ByLayer
370
-1
48
1.0
60
0
100
AcDbPoint
10
1398014.02142126
20
359292.376597114
30
0.0
39
0.0
210
0.0
220
0.0
230
1.0
50
360.0
0
TEXT
5
78F
330
1C
100
AcDbEntity
67
0
8
0
62
7
6
ByLayer
370
-1
48
1.0
60
0
100
AcDbText
1
951
10
1398014.15055143
20
359292.651041728
30
0.0
40
0.31111111111
41
1.0
50
0.0
51
0.0
7
Standard
11
1398014.15055143
21
359292.651041728
31
0.0
210
0.0
220
0.0
230
1.0
71
0
72
0
100
AcDbText
73
0
0
POINT
5
790
330
1C
100
AcDbEntity
67
0
8
0
62
256
6
ByLayer
370
-1
48
1.0
60
0
100
AcDbPoint
10
1398015.46860474
20
359292.788213107
30
0.0
39
0.0
210
0.0
220
0.0
230
1.0
50
360.0
0
TEXT
5
791
330
1C
100
AcDbEntity
67
0
8
0
62
7
6
ByLayer
370
-1
48
1.0
60
0
100
AcDbText
1
952
10
1398015.59773491
20
359293.062657724
30
0.0
40
0.31111111111
41
1.0
50
0.0
51
0.0
7
Standard
11
1398015.59773491
21
359293.062657724
31
0.0
210
0.0
220
0.0
230
1.0
71
0
72
0
100
AcDbText
73
0
0
POINT
5
792
330
1C
100
AcDbEntity
67
0
8
0
62
256
6
ByLayer
370
-1
48
1.0
60
0
100
AcDbPoint
10
1398016.9277104
20
359292.421091273
30
0.0
39
0.0
210
0.0
220
0.0
230
1.0
50
360.0
0
TEXT
5
793
330
1C
100
AcDbEntity
67
0
8
0
62
7
6
ByLayer
370
-1
48
1.0
60
0
100
AcDbText
1
953
10
1398017.05684057
20
359292.695535891
30
0.0
40
0.31111111111
41
1.0
50
0.0
51
0.0
7
Standard
11
1398017.05684057
21
359292.695535891
31
0.0
210
0.0
220
0.0
230
1.0
71
0
72
0
100
AcDbText
73
0
0
POINT
5
794
330
1C
100
AcDbEntity
67
0
8
0
62
256
6
ByLayer
370
-1
48
1.0
60
0
100
AcDbPoint
10
1398018.00777206
20
359291.373601598
30
0.0
39
0.0
210
0.0
220
0.0
230
1.0
50
360.0
0
TEXT
5
795
330
1C
100
AcDbEntity
67
0
8
0
62
7
6
ByLayer
370
-1
48
1.0
60
0
100
AcDbText
1
954
10
1398018.13690223
20
359291.648046219
30
0.0
40
0.31111111111
41
1.0
50
0.0
51
0.0
7
Standard
11
1398018.13690223
21
359291.648046219
31
0.0
210
0.0
220
0.0
230
1.0
71
0
72
0
100
AcDbText
73
0
0
POINT
5
796
330
1C
100
AcDbEntity
67
0
8
0
62
256
6
ByLayer
370
-1
48
1.0
60
0
100
AcDbPoint
10
1398018.41938805
20
359289.926418099
30
0.0
39
0.0
210
0.0
220
0.0
230
1.0
50
360.0
0
TEXT
5
797
330
1C
100
AcDbEntity
67
0
8
0
62
7
6
ByLayer
370
-1
48
1.0
60
0
100
AcDbText
1
955
10
1398018.54851822
20
359290.200862718
30
0.0
40
0.31111111111
41
1.0
50
0.0
51
0.0
7
Standard
11
1398018.54851822
21
359290.200862718
31
0.0
210
0.0
220
0.0
230
1.0
71
0
72
0
100
AcDbText
73
0
0
POINT
5
798
330
1C
100
AcDbEntity
67
0
8
0
62
256
6
ByLayer
370
-1
48
1.0
60
0
100
AcDbPoint
10
1398018.05226619
20
359288.467312431
30
0.0
39
0.0
210
0.0
220
0.0
230
1.0
50
360.0
0
TEXT
5
799
330
1C
100
AcDbEntity
67
0
8
0
62
7
6
ByLayer
370
-1
48
1.0
60
0
100
AcDbText
1
956
10
1398018.18139638
20
359288.741757053
30
0.0
40
0.31111111111
41
1.0
50
0.0
51
0.0
7
Standard
11
1398018.18139638
21
359288.741757053
31
0.0
210
0.0
220
0.0
230
1.0
71
0
72
0
100
AcDbText
73
0
0
POINT
5
79A
330
1C
100
AcDbEntity
67
0
8
0
62
256
6
ByLayer
370
-1
48
1.0
60
0
100
AcDbPoint
10
1398017.00477651
20
359287.387250787
30
0.0
39
0.0
210
0.0
220
0.0
230
1.0
50
360.0
0
TEXT
5
79B
330
1C
100
AcDbEntity
67
0
8
0
62
7
6
ByLayer
370
-1
48
1.0
60
0
100
AcDbText
1
957
10
1398017.13390669
20
359287.661695408
30
0.0
40
0.31111111111
41
1.0
50
0.0
51
0.0
7
Standard
11
1398017.13390669
21
359287.661695408
31
0.0
210
0.0
220
0.0
230
1.0
71
0
72
0
100
AcDbText
73
0
0
POINT
5
79C
330
1C
100
AcDbEntity
67
0
8
0
62
256
6
ByLayer
370
-1
48
1.0
60
0
100
AcDbPoint
10
1398015.55759301
20
359286.975634812
30
0.0
39
0.0
210
0.0
220
0.0
230
1.0
50
360.0
0
TEXT
5
79D
330
1C
100
AcDbEntity
67
0
8
0
62
7
6
ByLayer
370
-1
48
1.0
60
0
100
AcDbText
1
958
10
1398015.6867232
20
359287.250079429
30
0.0
40
0.31111111111
41
1.0
50
0.0
51
0.0
7
Standard
11
1398015.6867232
21
359287.250079429
31
0.0
210
0.0
220
0.0
230
1.0
71
0
72
0
100
AcDbText
73
0
0
POINT
5
79E
330
1C
100
AcDbEntity
67
0
8
0
62
256
6
ByLayer
370
-1
48
1.0
60
0
100
AcDbPoint
10
1398014.09848736
20
359287.342756668
30
0.0
39
0.0
210
0.0
220
0.0
230
1.0
50
360.0
0
TEXT
5
79F
330
1C
100
AcDbEntity
67
0
8
0
62
7
6
ByLayer
370
-1
48
1.0
60
0
100
AcDbText
1
959
10
1398014.22761755
20
359287.617201283
30
0.0
40
0.31111111111
41
1.0
50
0.0
51
0.0
7
Standard
11
1398014.22761755
21
359287.617201283
31
0.0
210
0.0
220
0.0
230
1.0
71
0
72
0
100
AcDbText
73
0
0
POINT
5
7A0
330
1C
100
AcDbEntity
67
0
8
0
62
256
6
ByLayer
370
-1
48
1.0
60
0
100
AcDbPoint
10
1398013.01842573
20
359288.39024634
30
0.0
39
0.0
210
0.0
220
0.0
230
1.0
50
360.0
0
TEXT
5
7A1
330
1C
100
AcDbEntity
67
0
8
0
62
7
6
ByLayer
370
-1
48
1.0
60
0
100
AcDbText
1
960
10
1398013.14755591
20
359288.664690952
30
0.0
40
0.31111111111
41
1.0
50
0.0
51
0.0
7
Standard
11
1398013.14755591
21
359288.664690952
31
0.0
210
0.0
220
0.0
230
1.0
71
0
72
0
100
AcDbText
73
0
0
POINT
5
7A2
330
1C
100
AcDbEntity
67
0
8
0
62
256
6
ByLayer
370
-1
48
1.0
60
0
100
AcDbPoint
10
1398091.22073912
20
359281.262905265
30
0.0
39
0.0
210
0.0
220
0.0
230
1.0
50
360.0
0
TEXT
5
7A3
330
1C
100
AcDbEntity
67
0
8
0
62
7
6
ByLayer
370
-1
48
1.0
60
0
100
AcDbText
1
961
10
1398091.34986931
20
359281.53735002
30
0.0
40
0.31111111111
41
1.0
50
0.0
51
0.0
7
Standard
11
1398091.34986931
21
359281.53735002
31
0.0
210
0.0
220
0.0
230
1.0
71
0
72
0
100
AcDbText
73
0
0
POINT
5
7A4
330
1C
100
AcDbEntity
67
0
8
0
62
256
6
ByLayer
370
-1
48
1.0
60
0
100
AcDbPoint
10
1398091.58786107
20
359282.722011199
30
0.0
39
0.0
210
0.0
220
0.0
230
1.0
50
360.0
0
TEXT
5
7A5
330
1C
100
AcDbEntity
67
0
8
0
62
7
6
ByLayer
370
-1
48
1.0
60
0
100
AcDbText
1
962
10
1398091.71699126
20
359282.996455954
30
0.0
40
0.31111111111
41
1.0
50
0.0
51
0.0
7
Standard
11
1398091.71699126
21
359282.996455954
31
0.0
210
0.0
220
0.0
230
1.0
71
0
72
0
100
AcDbText
73
0
0
POINT
5
7A6
330
1C
100
AcDbEntity
67
0
8
0
62
256
6
ByLayer
370
-1
48
1.0
60
0
100
AcDbPoint
10
1398092.63535097
20
359283.802073036
30
0.0
39
0.0
210
0.0
220
0.0
230
1.0
50
360.0
0
TEXT
5
7A7
330
1C
100
AcDbEntity
67
0
8
0
62
7
6
ByLayer
370
-1
48
1.0
60
0
100
AcDbText
1
963
10
1398092.76448115
20
359284.076517795
30
0.0
40
0.31111111111
41
1.0
50
0.0
51
0.0
7
Standard
11
1398092.76448115
21
359284.076517795
31
0.0
210
0.0
220
0.0
230
1.0
71
0
72
0
100
AcDbText
73
0
0
POINT
5
7A8
330
1C
100
AcDbEntity
67
0
8
0
62
256
6
ByLayer
370
-1
48
1.0
60
0
100
AcDbPoint
10
1398094.08253475
20
359284.213689083
30
0.0
39
0.0
210
0.0
220
0.0
230
1.0
50
360.0
0
TEXT
5
7A9
330
1C
100
AcDbEntity
67
0
8
0
62
7
6
ByLayer
370
-1
48
1.0
60
0
100
AcDbText
1
964
10
1398094.21166494
20
359284.488133843
30
0.0
40
0.31111111111
41
1.0
50
0.0
51
0.0
7
Standard
11
1398094.21166494
21
359284.488133843
31
0.0
210
0.0
220
0.0
230
1.0
71
0
72
0
100
AcDbText
73
0
0
POINT
5
7AA
330
1C
100
AcDbEntity
67
0
8
0
62
256
6
ByLayer
370
-1
48
1.0
60
0
100
AcDbPoint
10
1398095.5416407
20
359283.846567137
30
0.0
39
0.0
210
0.0
220
0.0
230
1.0
50
360.0
0
TEXT
5
7AB
330
1C
100
AcDbEntity
67
0
8
0
62
7
6
ByLayer
370
-1
48
1.0
60
0
100
AcDbText
1
965
10
1398095.67077089
20
359284.121011902
30
0.0
40
0.31111111111
41
1.0
50
0.0
51
0.0
7
Standard
11
1398095.67077089
21
359284.121011902
31
0.0
210
0.0
220
0.0
230
1.0
71
0
72
0
100
AcDbText
73
0
0
POINT
5
7AC
330
1C
100
AcDbEntity
67
0
8
0
62
256
6
ByLayer
370
-1
48
1.0
60
0
100
AcDbPoint
10
1398096.62170255
20
359282.799077229
30
0.0
39
0.0
210
0.0
220
0.0
230
1.0
50
360.0
0
TEXT
5
7AD
330
1C
100
AcDbEntity
67
0
8
0
62
7
6
ByLayer
370
-1
48
1.0
60
0
100
AcDbText
1
966
10
1398096.75083274
20
359283.073521994
30
0.0
40
0.31111111111
41
1.0
50
0.0
51
0.0
7
Standard
11
1398096.75083274
21
359283.073521994
31
0.0
210
0.0
220
0.0
230
1.0
71
0
72
0
100
AcDbText
73
0
0
POINT
5
7AE
330
1C
100
AcDbEntity
67
0
8
0
62
256
6
ByLayer
370
-1
48
1.0
60
0
100
AcDbPoint
10
1398097.0333186
20
359281.35189343
30
0.0
39
0.0
210
0.0
220
0.0
230
1.0
50
360.0
0
TEXT
5
7AF
330
1C
100
AcDbEntity
67
0
8
0
62
7
6
ByLayer
370
-1
48
1.0
60
0
100
AcDbText
1
967
10
1398097.16244878
20
359281.626338194
30
0.0
40
0.31111111111
41
1.0
50
0.0
51
0.0
7
Standard
11
1398097.16244878
21
359281.626338194
31
0.0
210
0.0
220
0.0
230
1.0
71
0
72
0
100
AcDbText
73
0
0
POINT
5
7B0
330
1C
100
AcDbEntity
67
0
8
0
62
256
6
ByLayer
370
-1
48
1.0
60
0
100
AcDbPoint
10
1398096.66619663
20
359279.892787475
30
0.0
39
0.0
210
0.0
220
0.0
230
1.0
50
360.0
0
TEXT
5
7B1
330
1C
100
AcDbEntity
67
0
8
0
62
7
6
ByLayer
370
-1
48
1.0
60
0
100
AcDbText
1
968
10
1398096.79532683
20
359280.16723224
30
0.0
40
0.31111111111
41
1.0
50
0.0
51
0.0
7
Standard
11
1398096.79532683
21
359280.16723224
31
0.0
210
0.0
220
0.0
230
1.0
71
0
72
0
100
AcDbText
73
0
0
POINT
5
7B2
330
1C
100
AcDbEntity
67
0
8
0
62
256
6
ByLayer
370
-1
48
1.0
60
0
100
AcDbPoint
10
1398095.61870672
20
359278.812725637
30
0.0
39
0.0
210
0.0
220
0.0
230
1.0
50
360.0
0
TEXT
5
7B3
330
1C
100
AcDbEntity
67
0
8
0
62
7
6
ByLayer
370
-1
48
1.0
60
0
100
AcDbText
1
969
10
1398095.74783691
20
359279.087170399
30
0.0
40
0.31111111111
41
1.0
50
0.0
51
0.0
7
Standard
11
1398095.74783691
21
359279.087170399
31
0.0
210
0.0
220
0.0
230
1.0
71
0
72
0
100
AcDbText
73
0
0
POINT
5
7B4
330
1C
100
AcDbEntity
67
0
8
0
62
256
6
ByLayer
370
-1
48
1.0
60
0
100
AcDbPoint
10
1398094.17152292
20
359278.401109609
30
0.0
39
0.0
210
0.0
220
0.0
230
1.0
50
360.0
0
TEXT
5
7B5
330
1C
100
AcDbEntity
67
0
8
0
62
7
6
ByLayer
370
-1
48
1.0
60
0
100
AcDbText
1
970
10
1398094.30065312
20
359278.675554369
30
0.0
40
0.31111111111
41
1.0
50
0.0
51
0.0
7
Standard
11
1398094.30065312
21
359278.675554369
31
0.0
210
0.0
220
0.0
230
1.0
71
0
72
0
100
AcDbText
73
0
0
POINT
5
7B6
330
1C
100
AcDbEntity
67
0
8
0
62
256
6
ByLayer
370
-1
48
1.0
60
0
100
AcDbPoint
10
1398092.71241698
20
359278.768231571
30
0.0
39
0.0
210
0.0
220
0.0
230
1.0
50
360.0
0
TEXT
5
7B7
330
1C
100
AcDbEntity
67
0
8
0
62
7
6
ByLayer
370
-1
48
1.0
60
0
100
AcDbText
1
971
10
1398092.84154717
20
359279.042676328
30
0.0
40
0.31111111111
41
1.0
50
0.0
51
0.0
7
Standard
11
1398092.84154717
21
359279.042676328
31
0.0
210
0.0
220
0.0
230
1.0
71
0
72
0
100
AcDbText
73
0
0
POINT
5
7B8
330
1C
100
AcDbEntity
67
0
8
0
62
256
6
ByLayer
370
-1
48
1.0
60
0
100
AcDbPoint
10
1398091.63235515
20
359279.815721481
30
0.0
39
0.0
210
0.0
220
0.0
230
1.0
50
360.0
0
TEXT
5
7B9
330
1C
100
AcDbEntity
67
0
8
0
62
7
6
ByLayer
370
-1
48
1.0
60
0
100
AcDbText
1
972
10
1398091.76148535
20
359280.090166238
30
0.0
40
0.31111111111
41
1.0
50
0.0
51
0.0
7
Standard
11
1398091.76148535
21
359280.090166238
31
0.0
210
0.0
220
0.0
230
1.0
71
0
72
0
100
AcDbText
73
0
0
POINT
5
7BA
330
1C
100
AcDbEntity
67
0
8
0
62
256
6
ByLayer
370
-1
48
1.0
60
0
100
AcDbPoint
10
1398168.63219608
20
359276.185203959
30
0.0
39
0.0
210
0.0
220
0.0
230
1.0
50
360.0
0
TEXT
5
7BB
330
1C
100
AcDbEntity
67
0
8
0
62
7
6
ByLayer
370
-1
48
1.0
60
0
100
AcDbText
1
973
10
1398168.76132627
20
359276.459648854
30
0.0
40
0.31111111111
41
1.0
50
0.0
51
0.0
7
Standard
11
1398168.76132627
21
359276.459648854
31
0.0
210
0.0
220
0.0
230
1.0
71
0
72
0
100
AcDbText
73
0
0
POINT
5
7BC
330
1C
100
AcDbEntity
67
0
8
0
62
256
6
ByLayer
370
-1
48
1.0
60
0
100
AcDbPoint
10
1398168.99931812
20
359277.644310179
30
0.0
39
0.0
210
0.0
220
0.0
230
1.0
50
360.0
0
TEXT
5
7BD
330
1C
100
AcDbEntity
67
0
8
0
62
7
6
ByLayer
370
-1
48
1.0
60
0
100
AcDbText
1
974
10
1398169.12844831
20
359277.918755076
30
0.0
40
0.31111111111
41
1.0
50
0.0
51
0.0
7
Standard
11
1398169.12844831
21
359277.918755076
31
0.0
210
0.0
220
0.0
230
1.0
71
0
72
0
100
AcDbText
73
0
0
POINT
5
7BE
330
1C
100
AcDbEntity
67
0
8
0
62
256
6
ByLayer
370
-1
48
1.0
60
0
100
AcDbPoint
10
1398170.04680824
20
359278.724372218
30
0.0
39
0.0
210
0.0
220
0.0
230
1.0
50
360.0
0
TEXT
5
7BF
330
1C
100
AcDbEntity
67
0
8
0
62
7
6
ByLayer
370
-1
48
1.0
60
0
100
AcDbText
1
975
10
1398170.17593843
20
359278.998817117
30
0.0
40
0.31111111111
41
1.0
50
0.0
51
0.0
7
Standard
11
1398170.17593843
21
359278.998817117
31
0.0
210
0.0
220
0.0
230
1.0
71
0
72
0
100
AcDbText
73
0
0
POINT
5
7C0
330
1C
100
AcDbEntity
67
0
8
0
62
256
6
ByLayer
370
-1
48
1.0
60
0
100
AcDbPoint
10
1398171.49399232
20
359279.135988326
30
0.0
39
0.0
210
0.0
220
0.0
230
1.0
50
360.0
0
TEXT
5
7C1
330
1C
100
AcDbEntity
67
0
8
0
62
7
6
ByLayer
370
-1
48
1.0
60
0
100
AcDbText
1
976
10
1398171.62312251
20
359279.410433227
30
0.0
40
0.31111111111
41
1.0
50
0.0
51
0.0
7
Standard
11
1398171.62312251
21
359279.410433227
31
0.0
210
0.0
220
0.0
230
1.0
71
0
72
0
100
AcDbText
73
0
0
POINT
5
7C2
330
1C
100
AcDbEntity
67
0
8
0
62
256
6
ByLayer
370
-1
48
1.0
60
0
100
AcDbPoint
10
1398172.95309855
20
359278.768866292
30
0.0
39
0.0
210
0.0
220
0.0
230
1.0
50
360.0
0
TEXT
5
7C3
330
1C
100
AcDbEntity
67
0
8
0
62
7
6
ByLayer
370
-1
48
1.0
60
0
100
AcDbText
1
977
10
1398173.08222874
20
359279.043311194
30
0.0
40
0.31111111111
41
1.0
50
0.0
51
0.0
7
Standard
11
1398173.08222874
21
359279.043311194
31
0.0
210
0.0
220
0.0
230
1.0
71
0
72
0
100
AcDbText
73
0
0
POINT
5
7C4
330
1C
100
AcDbEntity
67
0
8
0
62
256
6
ByLayer
370
-1
48
1.0
60
0
100
AcDbPoint
10
1398174.0331606
20
359277.721376159
30
0.0
39
0.0
210
0.0
220
0.0
230
1.0
50
360.0
0
TEXT
5
7C5
330
1C
100
AcDbEntity
67
0
8
0
62
7
6
ByLayer
370
-1
48
1.0
60
0
100
AcDbText
1
978
10
1398174.1622908
20
359277.995821066
30
0.0
40
0.31111111111
41
1.0
50
0.0
51
0.0
7
Standard
11
1398174.1622908
21
359277.995821066
31
0.0
210
0.0
220
0.0
230
1.0
71
0
72
0
100
AcDbText
73
0
0
POINT
5
7C6
330
1C
100
AcDbEntity
67
0
8
0
62
256
6
ByLayer
370
-1
48
1.0
60
0
100
AcDbPoint
10
1398174.44477671
20
359276.274192064
30
0.0
39
0.0
210
0.0
220
0.0
230
1.0
50
360.0
0
TEXT
5
7C7
330
1C
100
AcDbEntity
67
0
8
0
62
7
6
ByLayer
370
-1
48
1.0
60
0
100
AcDbText
1
979
10
1398174.5739069
20
359276.54863697
30
0.0
40
0.31111111111
41
1.0
50
0.0
51
0.0
7
Standard
11
1398174.5739069
21
359276.54863697
31
0.0
210
0.0
220
0.0
230
1.0
71
0
72
0
100
AcDbText
73
0
0
POINT
5
7C8
330
1C
100
AcDbEntity
67
0
8
0
62
256
6
ByLayer
370
-1
48
1.0
60
0
100
AcDbPoint
10
1398174.07765466
20
359274.815085825
30
0.0
39
0.0
210
0.0
220
0.0
230
1.0
50
360.0
0
TEXT
5
7C9
330
1C
100
AcDbEntity
67
0
8
0
62
7
6
ByLayer
370
-1
48
1.0
60
0
100
AcDbText
1
980
10
1398174.20678485
20
359275.089530732
30
0.0
40
0.31111111111
41
1.0
50
0.0
51
0.0
7
Standard
11
1398174.20678485
21
359275.089530732
31
0.0
210
0.0
220
0.0
230
1.0
71
0
72
0
100
AcDbText
73
0
0
POINT
5
7CA
330
1C
100
AcDbEntity
67
0
8
0
62
256
6
ByLayer
370
-1
48
1.0
60
0
100
AcDbPoint
10
1398173.03016451
20
359273.735023785
30
0.0
39
0.0
210
0.0
220
0.0
230
1.0
50
360.0
0
TEXT
5
7CB
330
1C
100
AcDbEntity
67
0
8
0
62
7
6
ByLayer
370
-1
48
1.0
60
0
100
AcDbText
1
981
10
1398173.15929471
20
359274.009468693
30
0.0
40
0.31111111111
41
1.0
50
0.0
51
0.0
7
Standard
11
1398173.15929471
21
359274.009468693
31
0.0
210
0.0
220
0.0
230
1.0
71
0
72
0
100
AcDbText
73
0
0
POINT
5
7CC
330
1C
100
AcDbEntity
67
0
8
0
62
256
6
ByLayer
370
-1
48
1.0
60
0
100
AcDbPoint
10
1398171.58298042
20
359273.3234077
30
0.0
39
0.0
210
0.0
220
0.0
230
1.0
50
360.0
0
TEXT
5
7CD
330
1C
100
AcDbEntity
67
0
8
0
62
7
6
ByLayer
370
-1
48
1.0
60
0
100
AcDbText
1
982
10
1398171.71211063
20
359273.597852599
30
0.0
40
0.31111111111
41
1.0
50
0.0
51
0.0
7
Standard
11
1398171.71211063
21
359273.597852599
31
0.0
210
0.0
220
0.0
230
1.0
71
0
72
0
100
AcDbText
73
0
0
POINT
5
7CE
330
1C
100
AcDbEntity
67
0
8
0
62
256
6
ByLayer
370
-1
48
1.0
60
0
100
AcDbPoint
10
1398170.1238742
20
359273.690529749
30
0.0
39
0.0
210
0.0
220
0.0
230
1.0
50
360.0
0
TEXT
5
7CF
330
1C
100
AcDbEntity
67
0
8
0
62
7
6
ByLayer
370
-1
48
1.0
60
0
100
AcDbText
1
983
10
1398170.2530044
20
359273.964974649
30
0.0
40
0.31111111111
41
1.0
50
0.0
51
0.0
7
Standard
11
1398170.2530044
21
359273.964974649
31
0.0
210
0.0
220
0.0
230
1.0
71
0
72
0
100
AcDbText
73
0
0
POINT
5
7D0
330
1C
100
AcDbEntity
67
0
8
0
62
256
6
ByLayer
370
-1
48
1.0
60
0
100
AcDbPoint
10
1398169.04381217
20
359274.738019884
30
0.0
39
0.0
210
0.0
220
0.0
230
1.0
50
360.0
0
TEXT
5
7D1
330
1C
100
AcDbEntity
67
0
8
0
62
7
6
ByLayer
370
-1
48
1.0
60
0
100
AcDbText
1
984
10
1398169.17294237
20
359275.01246478
30
0.0
40
0.31111111111
41
1.0
50
0.0
51
0.0
7
Standard
11
1398169.17294237
21
359275.01246478
31
0.0
210
0.0
220
0.0
230
1.0
71
0
72
0
100
AcDbText
73
0
0
POINT
5
7D2
330
1C
100
AcDbEntity
67
0
8
0
62
256
6
ByLayer
370
-1
48
1.0
60
0
100
AcDbPoint
10
1397853.90531669
20
359227.548964533
30
0.0
39
0.0
210
0.0
220
0.0
230
1.0
50
360.0
0
TEXT
5
7D3
330
1C
100
AcDbEntity
67
0
8
0
62
7
6
ByLayer
370
-1
48
1.0
60
0
100
AcDbText
1
985
10
1397854.03444699
20
359227.823408858
30
0.0
40
0.31111111111
41
1.0
50
0.0
51
0.0
7
Standard
11
1397854.03444699
21
359227.823408858
31
0.0
210
0.0
220
0.0
230
1.0
71
0
72
0
100
AcDbText
73
0
0
POINT
5
7D4
330
1C
100
AcDbEntity
67
0
8
0
62
256
6
ByLayer
370
-1
48
1.0
60
0
100
AcDbPoint
10
1397854.27243861
20
359229.008069528
30
0.0
39
0.0
210
0.0
220
0.0
230
1.0
50
360.0
0
TEXT
5
7D5
330
1C
100
AcDbEntity
67
0
8
0
62
7
6
ByLayer
370
-1
48
1.0
60
0
100
AcDbText
1
986
10
1397854.40156891
20
359229.282513851
30
0.0
40
0.31111111111
41
1.0
50
0.0
51
0.0
7
Standard
11
1397854.40156891
21
359229.282513851
31
0.0
210
0.0
220
0.0
230
1.0
71
0
72
0
100
AcDbText
73
0
0
POINT
5
7D6
330
1C
100
AcDbEntity
67
0
8
0
62
256
6
ByLayer
370
-1
48
1.0
60
0
100
AcDbPoint
10
1397855.31992802
20
359230.088130564
30
0.0
39
0.0
210
0.0
220
0.0
230
1.0
50
360.0
0
TEXT
5
7D7
330
1C
100
AcDbEntity
67
0
8
0
62
7
6
ByLayer
370
-1
48
1.0
60
0
100
AcDbText
1
987
10
1397855.44905831
20
359230.36257489
30
0.0
40
0.31111111111
41
1.0
50
0.0
51
0.0
7
Standard
11
1397855.44905831
21
359230.36257489
31
0.0
210
0.0
220
0.0
230
1.0
71
0
72
0
100
AcDbText
73
0
0
POINT
5
7D8
330
1C
100
AcDbEntity
67
0
8
0
62
256
6
ByLayer
370
-1
48
1.0
60
0
100
AcDbPoint
10
1397856.76711098
20
359230.49974616
30
0.0
39
0.0
210
0.0
220
0.0
230
1.0
50
360.0
0
TEXT
5
7D9
330
1C
100
AcDbEntity
67
0
8
0
62
7
6
ByLayer
370
-1
48
1.0
60
0
100
AcDbText
1
988
10
1397856.89624127
20
359230.774190489
30
0.0
40
0.31111111111
41
1.0
50
0.0
51
0.0
7
Standard
11
1397856.89624127
21
359230.774190489
31
0.0
210
0.0
220
0.0
230
1.0
71
0
72
0
100
AcDbText
73
0
0
POINT
5
7DA
330
1C
100
AcDbEntity
67
0
8
0
62
256
6
ByLayer
370
-1
48
1.0
60
0
100
AcDbPoint
10
1397858.226216
20
359230.132624242
30
0.0
39
0.0
210
0.0
220
0.0
230
1.0
50
360.0
0
TEXT
5
7DB
330
1C
100
AcDbEntity
67
0
8
0
62
7
6
ByLayer
370
-1
48
1.0
60
0
100
AcDbText
1
989
10
1397858.35534628
20
359230.407068573
30
0.0
40
0.31111111111
41
1.0
50
0.0
51
0.0
7
Standard
11
1397858.35534628
21
359230.407068573
31
0.0
210
0.0
220
0.0
230
1.0
71
0
72
0
100
AcDbText
73
0
0
POINT
5
7DC
330
1C
100
AcDbEntity
67
0
8
0
62
256
6
ByLayer
370
-1
48
1.0
60
0
100
AcDbPoint
10
1397859.30627704
20
359229.08513482
30
0.0
39
0.0
210
0.0
220
0.0
230
1.0
50
360.0
0
TEXT
5
7DD
330
1C
100
AcDbEntity
67
0
8
0
62
7
6
ByLayer
370
-1
48
1.0
60
0
100
AcDbText
1
990
10
1397859.43540733
20
359229.359579155
30
0.0
40
0.31111111111
41
1.0
50
0.0
51
0.0
7
Standard
11
1397859.43540733
21
359229.359579155
31
0.0
210
0.0
220
0.0
230
1.0
71
0
72
0
100
AcDbText
73
0
0
POINT
5
7DE
330
1C
100
AcDbEntity
67
0
8
0
62
256
6
ByLayer
370
-1
48
1.0
60
0
100
AcDbPoint
10
1397859.71789263
20
359227.637951848
30
0.0
39
0.0
210
0.0
220
0.0
230
1.0
50
360.0
0
TEXT
5
7DF
330
1C
100
AcDbEntity
67
0
8
0
62
7
6
ByLayer
370
-1
48
1.0
60
0
100
AcDbText
1
991
10
1397859.84702293
20
359227.912396181
30
0.0
40
0.31111111111
41
1.0
50
0.0
51
0.0
7
Standard
11
1397859.84702293
21
359227.912396181
31
0.0
210
0.0
220
0.0
230
1.0
71
0
72
0
100
AcDbText
73
0
0
POINT
5
7E0
330
1C
100
AcDbEntity
67
0
8
0
62
256
6
ByLayer
370
-1
48
1.0
60
0
100
AcDbPoint
10
1397859.3507707
20
359226.178846832
30
0.0
39
0.0
210
0.0
220
0.0
230
1.0
50
360.0
0
TEXT
5
7E1
330
1C
100
AcDbEntity
67
0
8
0
62
7
6
ByLayer
370
-1
48
1.0
60
0
100
AcDbText
1
992
10
1397859.479901
20
359226.453291167
30
0.0
40
0.31111111111
41
1.0
50
0.0
51
0.0
7
Standard
11
1397859.479901
21
359226.453291167
31
0.0
210
0.0
220
0.0
230
1.0
71
0
72
0
100
AcDbText
73
0
0
POINT
5
7E2
330
1C
100
AcDbEntity
67
0
8
0
62
256
6
ByLayer
370
-1
48
1.0
60
0
100
AcDbPoint
10
1397858.30328127
20
359225.098785796
30
0.0
39
0.0
210
0.0
220
0.0
230
1.0
50
360.0
0
TEXT
5
7E3
330
1C
100
AcDbEntity
67
0
8
0
62
7
6
ByLayer
370
-1
48
1.0
60
0
100
AcDbText
1
993
10
1397858.43241157
20
359225.373230128
30
0.0
40
0.31111111111
41
1.0
50
0.0
51
0.0
7
Standard
11
1397858.43241157
21
359225.373230128
31
0.0
210
0.0
220
0.0
230
1.0
71
0
72
0
100
AcDbText
73
0
0
POINT
5
7E4
330
1C
100
AcDbEntity
67
0
8
0
62
256
6
ByLayer
370
-1
48
1.0
60
0
100
AcDbPoint
10
1397856.85609829
20
359224.687170219
30
0.0
39
0.0
210
0.0
220
0.0
230
1.0
50
360.0
0
TEXT
5
7E5
330
1C
100
AcDbEntity
67
0
8
0
62
7
6
ByLayer
370
-1
48
1.0
60
0
100
AcDbText
1
994
10
1397856.9852286
20
359224.961614548
30
0.0
40
0.31111111111
41
1.0
50
0.0
51
0.0
7
Standard
11
1397856.9852286
21
359224.961614548
31
0.0
210
0.0
220
0.0
230
1.0
71
0
72
0
100
AcDbText
73
0
0
POINT
5
7E6
330
1C
100
AcDbEntity
67
0
8
0
62
256
6
ByLayer
370
-1
48
1.0
60
0
100
AcDbPoint
10
1397855.3969933
20
359225.054292157
30
0.0
39
0.0
210
0.0
220
0.0
230
1.0
50
360.0
0
TEXT
5
7E7
330
1C
100
AcDbEntity
67
0
8
0
62
7
6
ByLayer
370
-1
48
1.0
60
0
100
AcDbText
1
995
10
1397855.5261236
20
359225.328736484
30
0.0
40
0.31111111111
41
1.0
50
0.0
51
0.0
7
Standard
11
1397855.5261236
21
359225.328736484
31
0.0
210
0.0
220
0.0
230
1.0
71
0
72
0
100
AcDbText
73
0
0
POINT
5
7E8
330
1C
100
AcDbEntity
67
0
8
0
62
256
6
ByLayer
370
-1
48
1.0
60
0
100
AcDbPoint
10
1397854.31693227
20
359226.101781578
30
0.0
39
0.0
210
0.0
220
0.0
230
1.0
50
360.0
0
TEXT
5
7E9
330
1C
100
AcDbEntity
67
0
8
0
62
7
6
ByLayer
370
-1
48
1.0
60
0
100
AcDbText
1
996
10
1397854.44606257
20
359226.376225902
30
0.0
40
0.31111111111
41
1.0
50
0.0
51
0.0
7
Standard
11
1397854.44606257
21
359226.376225902
31
0.0
210
0.0
220
0.0
230
1.0
71
0
72
0
100
AcDbText
73
0
0
POINT
5
7EA
330
1C
100
AcDbEntity
67
0
8
0
62
256
6
ByLayer
370
-1
48
1.0
60
0
100
AcDbPoint
10
1397938.28809817
20
359225.293770146
30
0.0
39
0.0
210
0.0
220
0.0
230
1.0
50
360.0
0
TEXT
5
7EB
330
1C
100
AcDbEntity
67
0
8
0
62
7
6
ByLayer
370
-1
48
1.0
60
0
100
AcDbText
1
997
10
1397938.41722847
20
359225.568214623
30
0.0
40
0.31111111111
41
1.0
50
0.0
51
0.0
7
Standard
11
1397938.41722847
21
359225.568214623
31
0.0
210
0.0
220
0.0
230
1.0
71
0
72
0
100
AcDbText
73
0
0
POINT
5
7EC
330
1C
100
AcDbEntity
67
0
8
0
62
256
6
ByLayer
370
-1
48
1.0
60
0
100
AcDbPoint
10
1397938.65522018
20
359226.752875453
30
0.0
39
0.0
210
0.0
220
0.0
230
1.0
50
360.0
0
TEXT
5
7ED
330
1C
100
AcDbEntity
67
0
8
0
62
7
6
ByLayer
370
-1
48
1.0
60
0
100
AcDbText
1
998
10
1397938.78435048
20
359227.027319932
30
0.0
40
0.31111111111
41
1.0
50
0.0
51
0.0
7
Standard
11
1397938.78435048
21
359227.027319932
31
0.0
210
0.0
220
0.0
230
1.0
71
0
72
0
100
AcDbText
73
0
0
POINT
5
7EE
330
1C
100
AcDbEntity
67
0
8
0
62
256
6
ByLayer
370
-1
48
1.0
60
0
100
AcDbPoint
10
1397939.70270982
20
359227.832936721
30
0.0
39
0.0
210
0.0
220
0.0
230
1.0
50
360.0
0
TEXT
5
7EF
330
1C
100
AcDbEntity
67
0
8
0
62
7
6
ByLayer
370
-1
48
1.0
60
0
100
AcDbText
1
999
10
1397939.83184012
20
359228.107381201
30
0.0
40
0.31111111111
41
1.0
50
0.0
51
0.0
7
Standard
11
1397939.83184012
21
359228.107381201
31
0.0
210
0.0
220
0.0
230
1.0
71
0
72
0
100
AcDbText
73
0
0
POINT
5
7F0
330
1C
100
AcDbEntity
67
0
8
0
62
256
6
ByLayer
370
-1
48
1.0
60
0
100
AcDbPoint
10
1397941.1498931
20
359228.244552393
30
0.0
39
0.0
210
0.0
220
0.0
230
1.0
50
360.0
0
TEXT
5
7F1
330
1C
100
AcDbEntity
67
0
8
0
62
7
6
ByLayer
370
-1
48
1.0
60
0
100
AcDbText
1
1000
10
1397941.27902339
20
359228.518996877
30
0.0
40
0.31111111111
41
1.0
50
0.0
51
0.0
7
Standard
11
1397941.27902339
21
359228.518996877
31
0.0
210
0.0
220
0.0
230
1.0
71
0
72
0
100
AcDbText
73
0
0
POINT
5
7F2
330
1C
100
AcDbEntity
67
0
8
0
62
256
6
ByLayer
370
-1
48
1.0
60
0
100
AcDbPoint
10
1397942.60899842
20
359227.877430386
30
0.0
39
0.0
210
0.0
220
0.0
230
1.0
50
360.0
0
TEXT
5
7F3
330
1C
100
AcDbEntity
67
0
8
0
62
7
6
ByLayer
370
-1
48
1.0
60
0
100
AcDbText
1
1001
10
1397942.73812871
20
359228.151874874
30
0.0
40
0.31111111111
41
1.0
50
0.0
51
0.0
7
Standard
11
1397942.73812871
21
359228.151874874
31
0.0
210
0.0
220
0.0
230
1.0
71
0
72
0
100
AcDbText
73
0
0
POINT
5
7F4
330
1C
100
AcDbEntity
67
0
8
0
62
256
6
ByLayer
370
-1
48
1.0
60
0
100
AcDbPoint
10
1397943.6890597
20
359226.829940733
30
0.0
39
0.0
210
0.0
220
0.0
230
1.0
50
360.0
0
TEXT
5
7F5
330
1C
100
AcDbEntity
67
0
8
0
62
7
6
ByLayer
370
-1
48
1.0
60
0
100
AcDbText
1
1002
10
1397943.81818999
20
359227.104385221
30
0.0
40
0.31111111111
41
1.0
50
0.0
51
0.0
7
Standard
11
1397943.81818999
21
359227.104385221
31
0.0
210
0.0
220
0.0
230
1.0
71
0
72
0
100
AcDbText
73
0
0
POINT
5
7F6
330
1C
100
AcDbEntity
67
0
8
0
62
256
6
ByLayer
370
-1
48
1.0
60
0
100
AcDbPoint
10
1397944.10067537
20
359225.382757444
30
0.0
39
0.0
210
0.0
220
0.0
230
1.0
50
360.0
0
TEXT
5
7F7
330
1C
100
AcDbEntity
67
0
8
0
62
7
6
ByLayer
370
-1
48
1.0
60
0
100
AcDbText
1
1003
10
1397944.22980567
20
359225.657201933
30
0.0
40
0.31111111111
41
1.0
50
0.0
51
0.0
7
Standard
11
1397944.22980567
21
359225.657201933
31
0.0
210
0.0
220
0.0
230
1.0
71
0
72
0
100
AcDbText
73
0
0
POINT
5
7F8
330
1C
100
AcDbEntity
67
0
8
0
62
256
6
ByLayer
370
-1
48
1.0
60
0
100
AcDbPoint
10
1397943.73355335
20
359223.923652114
30
0.0
39
0.0
210
0.0
220
0.0
230
1.0
50
360.0
0
TEXT
5
7F9
330
1C
100
AcDbEntity
67
0
8
0
62
7
6
ByLayer
370
-1
48
1.0
60
0
100
AcDbText
1
1004
10
1397943.86268365
20
359224.198096601
30
0.0
40
0.31111111111
41
1.0
50
0.0
51
0.0
7
Standard
11
1397943.86268365
21
359224.198096601
31
0.0
210
0.0
220
0.0
230
1.0
71
0
72
0
100
AcDbText
73
0
0
POINT
5
7FA
330
1C
100
AcDbEntity
67
0
8
0
62
256
6
ByLayer
370
-1
48
1.0
60
0
100
AcDbPoint
10
1397942.68606368
20
359222.843590849
30
0.0
39
0.0
210
0.0
220
0.0
230
1.0
50
360.0
0
TEXT
5
7FB
330
1C
100
AcDbEntity
67
0
8
0
62
7
6
ByLayer
370
-1
48
1.0
60
0
100
AcDbText
1
1005
10
1397942.81519399
20
359223.118035335
30
0.0
40
0.31111111111
41
1.0
50
0.0
51
0.0
7
Standard
11
1397942.81519399
21
359223.118035335
31
0.0
210
0.0
220
0.0
230
1.0
71
0
72
0
100
AcDbText
73
0
0
POINT
5
7FC
330
1C
100
AcDbEntity
67
0
8
0
62
256
6
ByLayer
370
-1
48
1.0
60
0
100
AcDbPoint
10
1397941.2388804
20
359222.431975192
30
0.0
39
0.0
210
0.0
220
0.0
230
1.0
50
360.0
0
TEXT
5
7FD
330
1C
100
AcDbEntity
67
0
8
0
62
7
6
ByLayer
370
-1
48
1.0
60
0
100
AcDbText
1
1006
10
1397941.3680107
20
359222.706419678
30
0.0
40
0.31111111111
41
1.0
50
0.0
51
0.0
7
Standard
11
1397941.3680107
21
359222.706419678
31
0.0
210
0.0
220
0.0
230
1.0
71
0
72
0
100
AcDbText
73
0
0
POINT
5
7FE
330
1C
100
AcDbEntity
67
0
8
0
62
256
6
ByLayer
370
-1
48
1.0
60
0
100
AcDbPoint
10
1397939.77977508
20
359222.799097221
30
0.0
39
0.0
210
0.0
220
0.0
230
1.0
50
360.0
0
TEXT
5
7FF
330
1C
100
AcDbEntity
67
0
8
0
62
7
6
ByLayer
370
-1
48
1.0
60
0
100
AcDbText
1
1007
10
1397939.90890538
20
359223.0735417
30
0.0
40
0.31111111111
41
1.0
50
0.0
51
0.0
7
Standard
11
1397939.90890538
21
359223.0735417
31
0.0
210
0.0
220
0.0
230
1.0
71
0
72
0
100
AcDbText
73
0
0
POINT
5
800
330
1C
100
AcDbEntity
67
0
8
0
62
256
6
ByLayer
370
-1
48
1.0
60
0
100
AcDbPoint
10
1397938.69971383
20
359223.846586874
30
0.0
39
0.0
210
0.0
220
0.0
230
1.0
50
360.0
0
TEXT
5
801
330
1C
100
AcDbEntity
67
0
8
0
62
7
6
ByLayer
370
-1
48
1.0
60
0
100
AcDbText
1
1008
10
1397938.82884413
20
359224.121031349
30
0.0
40
0.31111111111
41
1.0
50
0.0
51
0.0
7
Standard
11
1397938.82884413
21
359224.121031349
31
0.0
210
0.0
220
0.0
230
1.0
71
0
72
0
100
AcDbText
73
0
0
POINT
5
802
330
1C
100
AcDbEntity
67
0
8
0
62
256
6
ByLayer
370
-1
48
1.0
60
0
100
AcDbPoint
10
1398113.07303198
20
359216.447398456
30
0.0
39
0.0
210
0.0
220
0.0
230
1.0
50
360.0
0
TEXT
5
803
330
1C
100
AcDbEntity
67
0
8
0
62
7
6
ByLayer
370
-1
48
1.0
60
0
100
AcDbText
1
1009
10
1398113.20216229
20
359216.721843255
30
0.0
40
0.31111111111
41
1.0
50
0.0
51
0.0
7
Standard
11
1398113.20216229
21
359216.721843255
31
0.0
210
0.0
220
0.0
230
1.0
71
0
72
0
100
AcDbText
73
0
0
POINT
5
804
330
1C
100
AcDbEntity
67
0
8
0
62
256
6
ByLayer
370
-1
48
1.0
60
0
100
AcDbPoint
10
1398113.44015419
20
359217.906504409
30
0.0
39
0.0
210
0.0
220
0.0
230
1.0
50
360.0
0
TEXT
5
805
330
1C
100
AcDbEntity
67
0
8
0
62
7
6
ByLayer
370
-1
48
1.0
60
0
100
AcDbText
1
1010
10
1398113.5692845
20
359218.18094921
30
0.0
40
0.31111111111
41
1.0
50
0.0
51
0.0
7
Standard
11
1398113.5692845
21
359218.18094921
31
0.0
210
0.0
220
0.0
230
1.0
71
0
72
0
100
AcDbText
73
0
0
POINT
5
806
330
1C
100
AcDbEntity
67
0
8
0
62
256
6
ByLayer
370
-1
48
1.0
60
0
100
AcDbPoint
10
1398114.48764433
20
359218.986566136
30
0.0
39
0.0
210
0.0
220
0.0
230
1.0
50
360.0
0
TEXT
5
807
330
1C
100
AcDbEntity
67
0
8
0
62
7
6
ByLayer
370
-1
48
1.0
60
0
100
AcDbText
1
1011
10
1398114.61677463
20
359219.261010936
30
0.0
40
0.31111111111
41
1.0
50
0.0
51
0.0
7
Standard
11
1398114.61677463
21
359219.261010936
31
0.0
210
0.0
220
0.0
230
1.0
71
0
72
0
100
AcDbText
73
0
0
POINT
5
808
330
1C
100
AcDbEntity
67
0
8
0
62
256
6
ByLayer
370
-1
48
1.0
60
0
100
AcDbPoint
10
1398115.93482827
20
359219.398181962
30
0.0
39
0.0
210
0.0
220
0.0
230
1.0
50
360.0
0
TEXT
5
809
330
1C
100
AcDbEntity
67
0
8
0
62
7
6
ByLayer
370
-1
48
1.0
60
0
100
AcDbText
1
1012
10
1398116.06395857
20
359219.672626762
30
0.0
40
0.31111111111
41
1.0
50
0.0
51
0.0
7
Standard
11
1398116.06395857
21
359219.672626762
31
0.0
210
0.0
220
0.0
230
1.0
71
0
72
0
100
AcDbText
73
0
0
POINT
5
80A
330
1C
100
AcDbEntity
67
0
8
0
62
256
6
ByLayer
370
-1
48
1.0
60
0
100
AcDbPoint
10
1398117.39393423
20
359219.031059757
30
0.0
39
0.0
210
0.0
220
0.0
230
1.0
50
360.0
0
TEXT
5
80B
330
1C
100
AcDbEntity
67
0
8
0
62
7
6
ByLayer
370
-1
48
1.0
60
0
100
AcDbText
1
1013
10
1398117.52306454
20
359219.30550456
30
0.0
40
0.31111111111
41
1.0
50
0.0
51
0.0
7
Standard
11
1398117.52306454
21
359219.30550456
31
0.0
210
0.0
220
0.0
230
1.0
71
0
72
0
100
AcDbText
73
0
0
POINT
5
80C
330
1C
100
AcDbEntity
67
0
8
0
62
256
6
ByLayer
370
-1
48
1.0
60
0
100
AcDbPoint
10
1398118.47399597
20
359217.983569607
30
0.0
39
0.0
210
0.0
220
0.0
230
1.0
50
360.0
0
TEXT
5
80D
330
1C
100
AcDbEntity
67
0
8
0
62
7
6
ByLayer
370
-1
48
1.0
60
0
100
AcDbText
1
1014
10
1398118.60312628
20
359218.258014414
30
0.0
40
0.31111111111
41
1.0
50
0.0
51
0.0
7
Standard
11
1398118.60312628
21
359218.258014414
31
0.0
210
0.0
220
0.0
230
1.0
71
0
72
0
100
AcDbText
73
0
0
POINT
5
80E
330
1C
100
AcDbEntity
67
0
8
0
62
256
6
ByLayer
370
-1
48
1.0
60
0
100
AcDbPoint
10
1398118.88561179
20
359216.536385658
30
0.0
39
0.0
210
0.0
220
0.0
230
1.0
50
360.0
0
TEXT
5
80F
330
1C
100
AcDbEntity
67
0
8
0
62
7
6
ByLayer
370
-1
48
1.0
60
0
100
AcDbText
1
1015
10
1398119.01474211
20
359216.810830467
30
0.0
40
0.31111111111
41
1.0
50
0.0
51
0.0
7
Standard
11
1398119.01474211
21
359216.810830467
31
0.0
210
0.0
220
0.0
230
1.0
71
0
72
0
100
AcDbText
73
0
0
POINT
5
810
330
1C
100
AcDbEntity
67
0
8
0
62
256
6
ByLayer
370
-1
48
1.0
60
0
100
AcDbPoint
10
1398118.51848957
20
359215.077279687
30
0.0
39
0.0
210
0.0
220
0.0
230
1.0
50
360.0
0
TEXT
5
811
330
1C
100
AcDbEntity
67
0
8
0
62
7
6
ByLayer
370
-1
48
1.0
60
0
100
AcDbText
1
1016
10
1398118.64761988
20
359215.35172449
30
0.0
40
0.31111111111
41
1.0
50
0.0
51
0.0
7
Standard
11
1398118.64761988
21
359215.35172449
31
0.0
210
0.0
220
0.0
230
1.0
71
0
72
0
100
AcDbText
73
0
0
POINT
5
812
330
1C
100
AcDbEntity
67
0
8
0
62
256
6
ByLayer
370
-1
48
1.0
60
0
100
AcDbPoint
10
1398117.47099941
20
359213.99721796
30
0.0
39
0.0
210
0.0
220
0.0
230
1.0
50
360.0
0
TEXT
5
813
330
1C
100
AcDbEntity
67
0
8
0
62
7
6
ByLayer
370
-1
48
1.0
60
0
100
AcDbText
1
1017
10
1398117.60012973
20
359214.27166276
30
0.0
40
0.31111111111
41
1.0
50
0.0
51
0.0
7
Standard
11
1398117.60012973
21
359214.27166276
31
0.0
210
0.0
220
0.0
230
1.0
71
0
72
0
100
AcDbText
73
0
0
POINT
5
814
330
1C
100
AcDbEntity
67
0
8
0
62
256
6
ByLayer
370
-1
48
1.0
60
0
100
AcDbPoint
10
1398116.02381547
20
359213.585602151
30
0.0
39
0.0
210
0.0
220
0.0
230
1.0
50
360.0
0
TEXT
5
815
330
1C
100
AcDbEntity
67
0
8
0
62
7
6
ByLayer
370
-1
48
1.0
60
0
100
AcDbText
1
1018
10
1398116.15294578
20
359213.860046953
30
0.0
40
0.31111111111
41
1.0
50
0.0
51
0.0
7
Standard
11
1398116.15294578
21
359213.860046953
31
0.0
210
0.0
220
0.0
230
1.0
71
0
72
0
100
AcDbText
73
0
0
POINT
5
816
330
1C
100
AcDbEntity
67
0
8
0
62
256
6
ByLayer
370
-1
48
1.0
60
0
100
AcDbPoint
10
1398114.56470951
20
359213.952724378
30
0.0
39
0.0
210
0.0
220
0.0
230
1.0
50
360.0
0
TEXT
5
817
330
1C
100
AcDbEntity
67
0
8
0
62
7
6
ByLayer
370
-1
48
1.0
60
0
100
AcDbText
1
1019
10
1398114.69383982
20
359214.227169175
30
0.0
40
0.31111111111
41
1.0
50
0.0
51
0.0
7
Standard
11
1398114.69383982
21
359214.227169175
31
0.0
210
0.0
220
0.0
230
1.0
71
0
72
0
100
AcDbText
73
0
0
POINT
5
818
330
1C
100
AcDbEntity
67
0
8
0
62
256
6
ByLayer
370
-1
48
1.0
60
0
100
AcDbPoint
10
1398113.4846478
20
359215.000214526
30
0.0
39
0.0
210
0.0
220
0.0
230
1.0
50
360.0
0
TEXT
5
819
330
1C
100
AcDbEntity
67
0
8
0
62
7
6
ByLayer
370
-1
48
1.0
60
0
100
AcDbText
1
1020
10
1398113.61377811
20
359215.274659322
30
0.0
40
0.31111111111
41
1.0
50
0.0
51
0.0
7
Standard
11
1398113.61377811
21
359215.274659322
31
0.0
210
0.0
220
0.0
230
1.0
71
0
72
0
100
AcDbText
73
0
0
POINT
5
81A
330
1C
100
AcDbEntity
67
0
8
0
62
256
6
ByLayer
370
-1
48
1.0
60
0
100
AcDbPoint
10
1397852.67940409
20
359176.77908204
30
0.0
39
0.0
210
0.0
220
0.0
230
1.0
50
360.0
0
TEXT
5
81B
330
1C
100
AcDbEntity
67
0
8
0
62
7
6
ByLayer
370
-1
48
1.0
60
0
100
AcDbText
1
1021
10
1397852.80853447
20
359177.053526362
30
0.0
40
0.31111111111
41
1.0
50
0.0
51
0.0
7
Standard
11
1397852.80853447
21
359177.053526362
31
0.0
210
0.0
220
0.0
230
1.0
71
0
72
0
100
AcDbText
73
0
0
POINT
5
81C
330
1C
100
AcDbEntity
67
0
8
0
62
256
6
ByLayer
370
-1
48
1.0
60
0
100
AcDbPoint
10
1397853.0465262
20
359178.238186982
30
0.0
39
0.0
210
0.0
220
0.0
230
1.0
50
360.0
0
TEXT
5
81D
330
1C
100
AcDbEntity
67
0
8
0
62
7
6
ByLayer
370
-1
48
1.0
60
0
100
AcDbText
1
1022
10
1397853.17565658
20
359178.512631306
30
0.0
40
0.31111111111
41
1.0
50
0.0
51
0.0
7
Standard
11
1397853.17565658
21
359178.512631306
31
0.0
210
0.0
220
0.0
230
1.0
71
0
72
0
100
AcDbText
73
0
0
POINT
5
81E
330
1C
100
AcDbEntity
67
0
8
0
62
256
6
ByLayer
370
-1
48
1.0
60
0
100
AcDbPoint
10
1397854.09401575
20
359179.318247878
30
0.0
39
0.0
210
0.0
220
0.0
230
1.0
50
360.0
0
TEXT
5
81F
330
1C
100
AcDbEntity
67
0
8
0
62
7
6
ByLayer
370
-1
48
1.0
60
0
100
AcDbText
1
1023
10
1397854.22314613
20
359179.592692204
30
0.0
40
0.31111111111
41
1.0
50
0.0
51
0.0
7
Standard
11
1397854.22314613
21
359179.592692204
31
0.0
210
0.0
220
0.0
230
1.0
71
0
72
0
100
AcDbText
73
0
0
POINT
5
820
330
1C
100
AcDbEntity
67
0
8
0
62
256
6
ByLayer
370
-1
48
1.0
60
0
100
AcDbPoint
10
1397855.54119875
20
359179.729863284
30
0.0
39
0.0
210
0.0
220
0.0
230
1.0
50
360.0
0
TEXT
5
821
330
1C
100
AcDbEntity
67
0
8
0
62
7
6
ByLayer
370
-1
48
1.0
60
0
100
AcDbText
1
1024
10
1397855.67032914
20
359180.004307609
30
0.0
40
0.31111111111
41
1.0
50
0.0
51
0.0
7
Standard
11
1397855.67032914
21
359180.004307609
31
0.0
210
0.0
220
0.0
230
1.0
71
0
72
0
100
AcDbText
73
0
0
POINT
5
822
330
1C
100
AcDbEntity
67
0
8
0
62
256
6
ByLayer
370
-1
48
1.0
60
0
100
AcDbPoint
10
1397857.00030371
20
359179.362741175
30
0.0
39
0.0
210
0.0
220
0.0
230
1.0
50
360.0
0
TEXT
5
823
330
1C
100
AcDbEntity
67
0
8
0
62
7
6
ByLayer
370
-1
48
1.0
60
0
100
AcDbText
1
1025
10
1397857.12943409
20
359179.637185505
30
0.0
40
0.31111111111
41
1.0
50
0.0
51
0.0
7
Standard
11
1397857.12943409
21
359179.637185505
31
0.0
210
0.0
220
0.0
230
1.0
71
0
72
0
100
AcDbText
73
0
0
POINT
5
824
330
1C
100
AcDbEntity
67
0
8
0
62
256
6
ByLayer
370
-1
48
1.0
60
0
100
AcDbPoint
10
1397858.08036462
20
359178.315251617
30
0.0
39
0.0
210
0.0
220
0.0
230
1.0
50
360.0
0
TEXT
5
825
330
1C
100
AcDbEntity
67
0
8
0
62
7
6
ByLayer
370
-1
48
1.0
60
0
100
AcDbText
1
1026
10
1397858.209495
20
359178.58969595
30
0.0
40
0.31111111111
41
1.0
50
0.0
51
0.0
7
Standard
11
1397858.209495
21
359178.58969595
31
0.0
210
0.0
220
0.0
230
1.0
71
0
72
0
100
AcDbText
73
0
0
POINT
5
826
330
1C
100
AcDbEntity
67
0
8
0
62
256
6
ByLayer
370
-1
48
1.0
60
0
100
AcDbPoint
10
1397858.49198002
20
359176.868068596
30
0.0
39
0.0
210
0.0
220
0.0
230
1.0
50
360.0
0
TEXT
5
827
330
1C
100
AcDbEntity
67
0
8
0
62
7
6
ByLayer
370
-1
48
1.0
60
0
100
AcDbText
1
1027
10
1397858.6211104
20
359177.142512927
30
0.0
40
0.31111111111
41
1.0
50
0.0
51
0.0
7
Standard
11
1397858.6211104
21
359177.142512927
31
0.0
210
0.0
220
0.0
230
1.0
71
0
72
0
100
AcDbText
73
0
0
POINT
5
828
330
1C
100
AcDbEntity
67
0
8
0
62
256
6
ByLayer
370
-1
48
1.0
60
0
100
AcDbPoint
10
1397858.12485789
20
359175.408963631
30
0.0
39
0.0
210
0.0
220
0.0
230
1.0
50
360.0
0
TEXT
5
829
330
1C
100
AcDbEntity
67
0
8
0
62
7
6
ByLayer
370
-1
48
1.0
60
0
100
AcDbText
1
1028
10
1397858.25398829
20
359175.683407963
30
0.0
40
0.31111111111
41
1.0
50
0.0
51
0.0
7
Standard
11
1397858.25398829
21
359175.683407963
31
0.0
210
0.0
220
0.0
230
1.0
71
0
72
0
100
AcDbText
73
0
0
POINT
5
82A
330
1C
100
AcDbEntity
67
0
8
0
62
256
6
ByLayer
370
-1
48
1.0
60
0
100
AcDbPoint
10
1397857.07736833
20
359174.328902736
30
0.0
39
0.0
210
0.0
220
0.0
230
1.0
50
360.0
0
TEXT
5
82B
330
1C
100
AcDbEntity
67
0
8
0
62
7
6
ByLayer
370
-1
48
1.0
60
0
100
AcDbText
1
1029
10
1397857.20649872
20
359174.603347068
30
0.0
40
0.31111111111
41
1.0
50
0.0
51
0.0
7
Standard
11
1397857.20649872
21
359174.603347068
31
0.0
210
0.0
220
0.0
230
1.0
71
0
72
0
100
AcDbText
73
0
0
POINT
5
82C
330
1C
100
AcDbEntity
67
0
8
0
62
256
6
ByLayer
370
-1
48
1.0
60
0
100
AcDbPoint
10
1397855.63018531
20
359173.917287351
30
0.0
39
0.0
210
0.0
220
0.0
230
1.0
50
360.0
0
TEXT
5
82D
330
1C
100
AcDbEntity
67
0
8
0
62
7
6
ByLayer
370
-1
48
1.0
60
0
100
AcDbText
1
1030
10
1397855.7593157
20
359174.191731677
30
0.0
40
0.31111111111
41
1.0
50
0.0
51
0.0
7
Standard
11
1397855.7593157
21
359174.191731677
31
0.0
210
0.0
220
0.0
230
1.0
71
0
72
0
100
AcDbText
73
0
0
POINT
5
82E
330
1C
100
AcDbEntity
67
0
8
0
62
256
6
ByLayer
370
-1
48
1.0
60
0
100
AcDbPoint
10
1397854.17108036
20
359174.284409477
30
0.0
39
0.0
210
0.0
220
0.0
230
1.0
50
360.0
0
TEXT
5
82F
330
1C
100
AcDbEntity
67
0
8
0
62
7
6
ByLayer
370
-1
48
1.0
60
0
100
AcDbText
1
1031
10
1397854.30021075
20
359174.558853804
30
0.0
40
0.31111111111
41
1.0
50
0.0
51
0.0
7
Standard
11
1397854.30021075
21
359174.558853804
31
0.0
210
0.0
220
0.0
230
1.0
71
0
72
0
100
AcDbText
73
0
0
POINT
5
830
330
1C
100
AcDbEntity
67
0
8
0
62
256
6
ByLayer
370
-1
48
1.0
60
0
100
AcDbPoint
10
1397853.09101947
20
359175.331899033
30
0.0
39
0.0
210
0.0
220
0.0
230
1.0
50
360.0
0
TEXT
5
831
330
1C
100
AcDbEntity
67
0
8
0
62
7
6
ByLayer
370
-1
48
1.0
60
0
100
AcDbText
1
1032
10
1397853.22014986
20
359175.606343357
30
0.0
40
0.31111111111
41
1.0
50
0.0
51
0.0
7
Standard
11
1397853.22014986
21
359175.606343357
31
0.0
210
0.0
220
0.0
230
1.0
71
0
72
0
100
AcDbText
73
0
0
POINT
5
832
330
1C
100
AcDbEntity
67
0
8
0
62
256
6
ByLayer
370
-1
48
1.0
60
0
100
AcDbPoint
10
1397964.21678612
20
359171.197198776
30
0.0
39
0.0
210
0.0
220
0.0
230
1.0
50
360.0
0
TEXT
5
833
330
1C
100
AcDbEntity
67
0
8
0
62
7
6
ByLayer
370
-1
48
1.0
60
0
100
AcDbText
1
1033
10
1397964.34591651
20
359171.471643303
30
0.0
40
0.31111111111
41
1.0
50
0.0
51
0.0
7
Standard
11
1397964.34591651
21
359171.471643303
31
0.0
210
0.0
220
0.0
230
1.0
71
0
72
0
100
AcDbText
73
0
0
POINT
5
834
330
1C
100
AcDbEntity
67
0
8
0
62
256
6
ByLayer
370
-1
48
1.0
60
0
100
AcDbPoint
10
1397964.58390836
20
359172.656304133
30
0.0
39
0.0
210
0.0
220
0.0
230
1.0
50
360.0
0
TEXT
5
835
330
1C
100
AcDbEntity
67
0
8
0
62
7
6
ByLayer
370
-1
48
1.0
60
0
100
AcDbText
1
1034
10
1397964.71303875
20
359172.930748659
30
0.0
40
0.31111111111
41
1.0
50
0.0
51
0.0
7
Standard
11
1397964.71303875
21
359172.930748659
31
0.0
210
0.0
220
0.0
230
1.0
71
0
72
0
100
AcDbText
73
0
0
POINT
5
836
330
1C
100
AcDbEntity
67
0
8
0
62
256
6
ByLayer
370
-1
48
1.0
60
0
100
AcDbPoint
10
1397965.63139822
20
359173.736365325
30
0.0
39
0.0
210
0.0
220
0.0
230
1.0
50
360.0
0
TEXT
5
837
330
1C
100
AcDbEntity
67
0
8
0
62
7
6
ByLayer
370
-1
48
1.0
60
0
100
AcDbText
1
1035
10
1397965.76052861
20
359174.010809849
30
0.0
40
0.31111111111
41
1.0
50
0.0
51
0.0
7
Standard
11
1397965.76052861
21
359174.010809849
31
0.0
210
0.0
220
0.0
230
1.0
71
0
72
0
100
AcDbText
73
0
0
POINT
5
838
330
1C
100
AcDbEntity
67
0
8
0
62
256
6
ByLayer
370
-1
48
1.0
60
0
100
AcDbPoint
10
1397967.07858165
20
359174.147980821
30
0.0
39
0.0
210
0.0
220
0.0
230
1.0
50
360.0
0
TEXT
5
839
330
1C
100
AcDbEntity
67
0
8
0
62
7
6
ByLayer
370
-1
48
1.0
60
0
100
AcDbText
1
1036
10
1397967.20771204
20
359174.422425354
30
0.0
40
0.31111111111
41
1.0
50
0.0
51
0.0
7
Standard
11
1397967.20771204
21
359174.422425354
31
0.0
210
0.0
220
0.0
230
1.0
71
0
72
0
100
AcDbText
73
0
0
POINT
5
83A
330
1C
100
AcDbEntity
67
0
8
0
62
256
6
ByLayer
370
-1
48
1.0
60
0
100
AcDbPoint
10
1397968.53768702
20
359173.780858587
30
0.0
39
0.0
210
0.0
220
0.0
230
1.0
50
360.0
0
TEXT
5
83B
330
1C
100
AcDbEntity
67
0
8
0
62
7
6
ByLayer
370
-1
48
1.0
60
0
100
AcDbText
1
1037
10
1397968.66681741
20
359174.055303125
30
0.0
40
0.31111111111
41
1.0
50
0.0
51
0.0
7
Standard
11
1397968.66681741
21
359174.055303125
31
0.0
210
0.0
220
0.0
230
1.0
71
0
72
0
100
AcDbText
73
0
0
POINT
5
83C
330
1C
100
AcDbEntity
67
0
8
0
62
256
6
ByLayer
370
-1
48
1.0
60
0
100
AcDbPoint
10
1397969.61774822
20
359172.733368714
30
0.0
39
0.0
210
0.0
220
0.0
230
1.0
50
360.0
0
TEXT
5
83D
330
1C
100
AcDbEntity
67
0
8
0
62
7
6
ByLayer
370
-1
48
1.0
60
0
100
AcDbText
1
1038
10
1397969.74687861
20
359173.007813254
30
0.0
40
0.31111111111
41
1.0
50
0.0
51
0.0
7
Standard
11
1397969.74687861
21
359173.007813254
31
0.0
210
0.0
220
0.0
230
1.0
71
0
72
0
100
AcDbText
73
0
0
POINT
5
83E
330
1C
100
AcDbEntity
67
0
8
0
62
256
6
ByLayer
370
-1
48
1.0
60
0
100
AcDbPoint
10
1397970.02936372
20
359171.286185272
30
0.0
39
0.0
210
0.0
220
0.0
230
1.0
50
360.0
0
TEXT
5
83F
330
1C
100
AcDbEntity
67
0
8
0
62
7
6
ByLayer
370
-1
48
1.0
60
0
100
AcDbText
1
1039
10
1397970.15849411
20
359171.560629809
30
0.0
40
0.31111111111
41
1.0
50
0.0
51
0.0
7
Standard
11
1397970.15849411
21
359171.560629809
31
0.0
210
0.0
220
0.0
230
1.0
71
0
72
0
100
AcDbText
73
0
0
POINT
5
840
330
1C
100
AcDbEntity
67
0
8
0
62
256
6
ByLayer
370
-1
48
1.0
60
0
100
AcDbPoint
10
1397969.66224147
20
359169.827079896
30
0.0
39
0.0
210
0.0
220
0.0
230
1.0
50
360.0
0
TEXT
5
841
330
1C
100
AcDbEntity
67
0
8
0
62
7
6
ByLayer
370
-1
48
1.0
60
0
100
AcDbText
1
1040
10
1397969.79137186
20
359170.101524436
30
0.0
40
0.31111111111
41
1.0
50
0.0
51
0.0
7
Standard
11
1397969.79137186
21
359170.101524436
31
0.0
210
0.0
220
0.0
230
1.0
71
0
72
0
100
AcDbText
73
0
0
POINT
5
842
330
1C
100
AcDbEntity
67
0
8
0
62
256
6
ByLayer
370
-1
48
1.0
60
0
100
AcDbPoint
10
1397968.61475158
20
359168.747018707
30
0.0
39
0.0
210
0.0
220
0.0
230
1.0
50
360.0
0
TEXT
5
843
330
1C
100
AcDbEntity
67
0
8
0
62
7
6
ByLayer
370
-1
48
1.0
60
0
100
AcDbText
1
1041
10
1397968.74388198
20
359169.021463242
30
0.0
40
0.31111111111
41
1.0
50
0.0
51
0.0
7
Standard
11
1397968.74388198
21
359169.021463242
31
0.0
210
0.0
220
0.0
230
1.0
71
0
72
0
100
AcDbText
73
0
0
POINT
5
844
330
1C
100
AcDbEntity
67
0
8
0
62
256
6
ByLayer
370
-1
48
1.0
60
0
100
AcDbPoint
10
1397967.16756814
20
359168.335403225
30
0.0
39
0.0
210
0.0
220
0.0
230
1.0
50
360.0
0
TEXT
5
845
330
1C
100
AcDbEntity
67
0
8
0
62
7
6
ByLayer
370
-1
48
1.0
60
0
100
AcDbText
1
1042
10
1397967.29669854
20
359168.609847755
30
0.0
40
0.31111111111
41
1.0
50
0.0
51
0.0
7
Standard
11
1397967.29669854
21
359168.609847755
31
0.0
210
0.0
220
0.0
230
1.0
71
0
72
0
100
AcDbText
73
0
0
POINT
5
846
330
1C
100
AcDbEntity
67
0
8
0
62
256
6
ByLayer
370
-1
48
1.0
60
0
100
AcDbPoint
10
1397965.70846278
20
359168.702525479
30
0.0
39
0.0
210
0.0
220
0.0
230
1.0
50
360.0
0
TEXT
5
847
330
1C
100
AcDbEntity
67
0
8
0
62
7
6
ByLayer
370
-1
48
1.0
60
0
100
AcDbText
1
1043
10
1397965.83759318
20
359168.976970005
30
0.0
40
0.31111111111
41
1.0
50
0.0
51
0.0
7
Standard
11
1397965.83759318
21
359168.976970005
31
0.0
210
0.0
220
0.0
230
1.0
71
0
72
0
100
AcDbText
73
0
0
POINT
5
848
330
1C
100
AcDbEntity
67
0
8
0
62
256
6
ByLayer
370
-1
48
1.0
60
0
100
AcDbPoint
10
1397964.6284016
20
359169.750015351
30
0.0
39
0.0
210
0.0
220
0.0
230
1.0
50
360.0
0
TEXT
5
849
330
1C
100
AcDbEntity
67
0
8
0
62
7
6
ByLayer
370
-1
48
1.0
60
0
100
AcDbText
1
1044
10
1397964.757532
20
359170.024459878
30
0.0
40
0.31111111111
41
1.0
50
0.0
51
0.0
7
Standard
11
1397964.757532
21
359170.024459878
31
0.0
210
0.0
220
0.0
230
1.0
71
0
72
0
100
AcDbText
73
0
0
POINT
5
84A
330
1C
100
AcDbEntity
67
0
8
0
62
256
6
ByLayer
370
-1
48
1.0
60
0
100
AcDbPoint
10
1399517.45357727
20
360153.134377574
30
0.0
39
0.0
210
0.0
220
0.0
230
1.0
50
360.0
0
TEXT
5
84B
330
1C
100
AcDbEntity
67
0
8
0
62
7
6
ByLayer
370
-1
48
1.0
60
0
100
AcDbText
1
1045
10
1399517.58270584
20
360153.408824905
30
0.0
40
0.31111111111
41
1.0
50
0.0
51
0.0
7
Standard
11
1399517.58270584
21
360153.408824905
31
0.0
210
0.0
220
0.0
230
1.0
71
0
72
0
100
AcDbText
73
0
0
POINT
5
84C
330
1C
100
AcDbEntity
67
0
8
0
62
256
6
ByLayer
370
-1
48
1.0
60
0
100
AcDbPoint
10
1399517.8206973
20
360154.593489677
30
0.0
39
0.0
210
0.0
220
0.0
230
1.0
50
360.0
0
TEXT
5
84D
330
1C
100
AcDbEntity
67
0
8
0
62
7
6
ByLayer
370
-1
48
1.0
60
0
100
AcDbText
1
1046
10
1399517.94982586
20
360154.867937009
30
0.0
40
0.31111111111
41
1.0
50
0.0
51
0.0
7
Standard
11
1399517.94982586
21
360154.867937009
31
0.0
210
0.0
220
0.0
230
1.0
71
0
72
0
100
AcDbText
73
0
0
POINT
5
84E
330
1C
100
AcDbEntity
67
0
8
0
62
256
6
ByLayer
370
-1
48
1.0
60
0
100
AcDbPoint
10
1399518.86818862
20
360155.673557815
30
0.0
39
0.0
210
0.0
220
0.0
230
1.0
50
360.0
0
TEXT
5
84F
330
1C
100
AcDbEntity
67
0
8
0
62
7
6
ByLayer
370
-1
48
1.0
60
0
100
AcDbText
1
1047
10
1399518.99731718
20
360155.948005152
30
0.0
40
0.31111111111
41
1.0
50
0.0
51
0.0
7
Standard
11
1399518.99731718
21
360155.948005152
31
0.0
210
0.0
220
0.0
230
1.0
71
0
72
0
100
AcDbText
73
0
0
POINT
5
850
330
1C
100
AcDbEntity
67
0
8
0
62
256
6
ByLayer
370
-1
48
1.0
60
0
100
AcDbPoint
10
1399520.31537679
20
360156.085178608
30
0.0
39
0.0
210
0.0
220
0.0
230
1.0
50
360.0
0
TEXT
5
851
330
1C
100
AcDbEntity
67
0
8
0
62
7
6
ByLayer
370
-1
48
1.0
60
0
100
AcDbText
1
1048
10
1399520.44450535
20
360156.359625942
30
0.0
40
0.31111111111
41
1.0
50
0.0
51
0.0
7
Standard
11
1399520.44450535
21
360156.359625942
31
0.0
210
0.0
220
0.0
230
1.0
71
0
72
0
100
AcDbText
73
0
0
POINT
5
852
330
1C
100
AcDbEntity
67
0
8
0
62
256
6
ByLayer
370
-1
48
1.0
60
0
100
AcDbPoint
10
1399521.77448891
20
360155.718058581
30
0.0
39
0.0
210
0.0
220
0.0
230
1.0
50
360.0
0
TEXT
5
853
330
1C
100
AcDbEntity
67
0
8
0
62
7
6
ByLayer
370
-1
48
1.0
60
0
100
AcDbText
1
1049
10
1399521.90361747
20
360155.992505921
30
0.0
40
0.31111111111
41
1.0
50
0.0
51
0.0
7
Standard
11
1399521.90361747
21
360155.992505921
31
0.0
210
0.0
220
0.0
230
1.0
71
0
72
0
100
AcDbText
73
0
0
POINT
5
854
330
1C
100
AcDbEntity
67
0
8
0
62
256
6
ByLayer
370
-1
48
1.0
60
0
100
AcDbPoint
10
1399522.85455706
20
360154.67056725
30
0.0
39
0.0
210
0.0
220
0.0
230
1.0
50
360.0
0
TEXT
5
855
330
1C
100
AcDbEntity
67
0
8
0
62
7
6
ByLayer
370
-1
48
1.0
60
0
100
AcDbText
1
1050
10
1399522.98368562
20
360154.945014591
30
0.0
40
0.31111111111
41
1.0
50
0.0
51
0.0
7
Standard
11
1399522.98368562
21
360154.945014591
31
0.0
210
0.0
220
0.0
230
1.0
71
0
72
0
100
AcDbText
73
0
0
POINT
5
856
330
1C
100
AcDbEntity
67
0
8
0
62
256
6
ByLayer
370
-1
48
1.0
60
0
100
AcDbPoint
10
1399523.26617785
20
360153.223379067
30
0.0
39
0.0
210
0.0
220
0.0
230
1.0
50
360.0
0
TEXT
5
857
330
1C
100
AcDbEntity
67
0
8
0
62
7
6
ByLayer
370
-1
48
1.0
60
0
100
AcDbText
1
1051
10
1399523.39530641
20
360153.497826409
30
0.0
40
0.31111111111
41
1.0
50
0.0
51
0.0
7
Standard
11
1399523.39530641
21
360153.497826409
31
0.0
210
0.0
220
0.0
230
1.0
71
0
72
0
100
AcDbText
73
0
0
POINT
5
858
330
1C
100
AcDbEntity
67
0
8
0
62
256
6
ByLayer
370
-1
48
1.0
60
0
100
AcDbPoint
10
1399522.89905781
20
360151.764266945
30
0.0
39
0.0
210
0.0
220
0.0
230
1.0
50
360.0
0
TEXT
5
859
330
1C
100
AcDbEntity
67
0
8
0
62
7
6
ByLayer
370
-1
48
1.0
60
0
100
AcDbText
1
1052
10
1399523.02818637
20
360152.038714287
30
0.0
40
0.31111111111
41
1.0
50
0.0
51
0.0
7
Standard
11
1399523.02818637
21
360152.038714287
31
0.0
210
0.0
220
0.0
230
1.0
71
0
72
0
100
AcDbText
73
0
0
POINT
5
85A
330
1C
100
AcDbEntity
67
0
8
0
62
256
6
ByLayer
370
-1
48
1.0
60
0
100
AcDbPoint
10
1399521.85156646
20
360150.684198803
30
0.0
39
0.0
210
0.0
220
0.0
230
1.0
50
360.0
0
TEXT
5
85B
330
1C
100
AcDbEntity
67
0
8
0
62
7
6
ByLayer
370
-1
48
1.0
60
0
100
AcDbText
1
1053
10
1399521.98069503
20
360150.958646142
30
0.0
40
0.31111111111
41
1.0
50
0.0
51
0.0
7
Standard
11
1399521.98069503
21
360150.958646142
31
0.0
210
0.0
220
0.0
230
1.0
71
0
72
0
100
AcDbText
73
0
0
POINT
5
85C
330
1C
100
AcDbEntity
67
0
8
0
62
256
6
ByLayer
370
-1
48
1.0
60
0
100
AcDbPoint
10
1399520.40437829
20
360150.272578033
30
0.0
39
0.0
210
0.0
220
0.0
230
1.0
50
360.0
0
TEXT
5
85D
330
1C
100
AcDbEntity
67
0
8
0
62
7
6
ByLayer
370
-1
48
1.0
60
0
100
AcDbText
1
1054
10
1399520.53350685
20
360150.547025369
30
0.0
40
0.31111111111
41
1.0
50
0.0
51
0.0
7
Standard
11
1399520.53350685
21
360150.547025369
31
0.0
210
0.0
220
0.0
230
1.0
71
0
72
0
100
AcDbText
73
0
0
POINT
5
85E
330
1C
100
AcDbEntity
67
0
8
0
62
256
6
ByLayer
370
-1
48
1.0
60
0
100
AcDbPoint
10
1399518.94526618
20
360150.639698076
30
0.0
39
0.0
210
0.0
220
0.0
230
1.0
50
360.0
0
TEXT
5
85F
330
1C
100
AcDbEntity
67
0
8
0
62
7
6
ByLayer
370
-1
48
1.0
60
0
100
AcDbText
1
1055
10
1399519.07439474
20
360150.91414541
30
0.0
40
0.31111111111
41
1.0
50
0.0
51
0.0
7
Standard
11
1399519.07439474
21
360150.91414541
31
0.0
210
0.0
220
0.0
230
1.0
71
0
72
0
100
AcDbText
73
0
0
POINT
5
860
330
1C
100
AcDbEntity
67
0
8
0
62
256
6
ByLayer
370
-1
48
1.0
60
0
100
AcDbPoint
10
1399517.86519805
20
360151.687189408
30
0.0
39
0.0
210
0.0
220
0.0
230
1.0
50
360.0
0
TEXT
5
861
330
1C
100
AcDbEntity
67
0
8
0
62
7
6
ByLayer
370
-1
48
1.0
60
0
100
AcDbText
1
1056
10
1399517.99432662
20
360151.961636743
30
0.0
40
0.31111111111
41
1.0
50
0.0
51
0.0
7
Standard
11
1399517.99432662
21
360151.961636743
31
0.0
210
0.0
220
0.0
230
1.0
71
0
72
0
100
AcDbText
73
0
0
POINT
5
862
330
1C
100
AcDbEntity
67
0
8
0
62
256
6
ByLayer
370
-1
48
1.0
60
0
100
AcDbPoint
10
1399400.00765524
20
360373.490981853
30
0.0
39
0.0
210
0.0
220
0.0
230
1.0
50
360.0
0
TEXT
5
863
330
1C
100
AcDbEntity
67
0
8
0
62
7
6
ByLayer
370
-1
48
1.0
60
0
100
AcDbText
1
1057
10
1399400.13678341
20
360373.765428966
30
0.0
40
0.31111111111
41
1.0
50
0.0
51
0.0
7
Standard
11
1399400.13678341
21
360373.765428966
31
0.0
210
0.0
220
0.0
230
1.0
71
0
72
0
100
AcDbText
73
0
0
POINT
5
864
330
1C
100
AcDbEntity
67
0
8
0
62
256
6
ByLayer
370
-1
48
1.0
60
0
100
AcDbPoint
10
1399400.37477434
20
360374.950093722
30
0.0
39
0.0
210
0.0
220
0.0
230
1.0
50
360.0
0
TEXT
5
865
330
1C
100
AcDbEntity
67
0
8
0
62
7
6
ByLayer
370
-1
48
1.0
60
0
100
AcDbText
1
1058
10
1399400.5039025
20
360375.224540839
30
0.0
40
0.31111111111
41
1.0
50
0.0
51
0.0
7
Standard
11
1399400.5039025
21
360375.224540839
31
0.0
210
0.0
220
0.0
230
1.0
71
0
72
0
100
AcDbText
73
0
0
POINT
5
866
330
1C
100
AcDbEntity
67
0
8
0
62
256
6
ByLayer
370
-1
48
1.0
60
0
100
AcDbPoint
10
1399401.42226473
20
360376.030162131
30
0.0
39
0.0
210
0.0
220
0.0
230
1.0
50
360.0
0
TEXT
5
867
330
1C
100
AcDbEntity
67
0
8
0
62
7
6
ByLayer
370
-1
48
1.0
60
0
100
AcDbText
1
1059
10
1399401.55139289
20
360376.304609245
30
0.0
40
0.31111111111
41
1.0
50
0.0
51
0.0
7
Standard
11
1399401.55139289
21
360376.304609245
31
0.0
210
0.0
220
0.0
230
1.0
71
0
72
0
100
AcDbText
73
0
0
POINT
5
868
330
1C
100
AcDbEntity
67
0
8
0
62
256
6
ByLayer
370
-1
48
1.0
60
0
100
AcDbPoint
10
1399402.86945223
20
360376.441783617
30
0.0
39
0.0
210
0.0
220
0.0
230
1.0
50
360.0
0
TEXT
5
869
330
1C
100
AcDbEntity
67
0
8
0
62
7
6
ByLayer
370
-1
48
1.0
60
0
100
AcDbText
1
1060
10
1399402.99858039
20
360376.716230733
30
0.0
40
0.31111111111
41
1.0
50
0.0
51
0.0
7
Standard
11
1399402.99858039
21
360376.716230733
31
0.0
210
0.0
220
0.0
230
1.0
71
0
72
0
100
AcDbText
73
0
0
POINT
5
86A
330
1C
100
AcDbEntity
67
0
8
0
62
256
6
ByLayer
370
-1
48
1.0
60
0
100
AcDbPoint
10
1399404.32856412
20
360376.074664528
30
0.0
39
0.0
210
0.0
220
0.0
230
1.0
50
360.0
0
TEXT
5
86B
330
1C
100
AcDbEntity
67
0
8
0
62
7
6
ByLayer
370
-1
48
1.0
60
0
100
AcDbText
1
1061
10
1399404.45769228
20
360376.349111651
30
0.0
40
0.31111111111
41
1.0
50
0.0
51
0.0
7
Standard
11
1399404.45769228
21
360376.349111651
31
0.0
210
0.0
220
0.0
230
1.0
71
0
72
0
100
AcDbText
73
0
0
POINT
5
86C
330
1C
100
AcDbEntity
67
0
8
0
62
256
6
ByLayer
370
-1
48
1.0
60
0
100
AcDbPoint
10
1399405.40863254
20
360375.027174123
30
0.0
39
0.0
210
0.0
220
0.0
230
1.0
50
360.0
0
TEXT
5
86D
330
1C
100
AcDbEntity
67
0
8
0
62
7
6
ByLayer
370
-1
48
1.0
60
0
100
AcDbText
1
1062
10
1399405.5377607
20
360375.301621245
30
0.0
40
0.31111111111
41
1.0
50
0.0
51
0.0
7
Standard
11
1399405.5377607
21
360375.301621245
31
0.0
210
0.0
220
0.0
230
1.0
71
0
72
0
100
AcDbText
73
0
0
POINT
5
86E
330
1C
100
AcDbEntity
67
0
8
0
62
256
6
ByLayer
370
-1
48
1.0
60
0
100
AcDbPoint
10
1399405.82025402
20
360373.579986606
30
0.0
39
0.0
210
0.0
220
0.0
230
1.0
50
360.0
0
TEXT
5
86F
330
1C
100
AcDbEntity
67
0
8
0
62
7
6
ByLayer
370
-1
48
1.0
60
0
100
AcDbText
1
1063
10
1399405.94938218
20
360373.854433731
30
0.0
40
0.31111111111
41
1.0
50
0.0
51
0.0
7
Standard
11
1399405.94938218
21
360373.854433731
31
0.0
210
0.0
220
0.0
230
1.0
71
0
72
0
100
AcDbText
73
0
0
POINT
5
870
330
1C
100
AcDbEntity
67
0
8
0
62
256
6
ByLayer
370
-1
48
1.0
60
0
100
AcDbPoint
10
1399405.45313491
20
360372.120874717
30
0.0
39
0.0
210
0.0
220
0.0
230
1.0
50
360.0
0
TEXT
5
871
330
1C
100
AcDbEntity
67
0
8
0
62
7
6
ByLayer
370
-1
48
1.0
60
0
100
AcDbText
1
1064
10
1399405.58226308
20
360372.395321842
30
0.0
40
0.31111111111
41
1.0
50
0.0
51
0.0
7
Standard
11
1399405.58226308
21
360372.395321842
31
0.0
210
0.0
220
0.0
230
1.0
71
0
72
0
100
AcDbText
73
0
0
POINT
5
872
330
1C
100
AcDbEntity
67
0
8
0
62
256
6
ByLayer
370
-1
48
1.0
60
0
100
AcDbPoint
10
1399404.4056445
20
360371.040806311
30
0.0
39
0.0
210
0.0
220
0.0
230
1.0
50
360.0
0
TEXT
5
873
330
1C
100
AcDbEntity
67
0
8
0
62
7
6
ByLayer
370
-1
48
1.0
60
0
100
AcDbText
1
1065
10
1399404.53477267
20
360371.315253433
30
0.0
40
0.31111111111
41
1.0
50
0.0
51
0.0
7
Standard
11
1399404.53477267
21
360371.315253433
31
0.0
210
0.0
220
0.0
230
1.0
71
0
72
0
100
AcDbText
73
0
0
POINT
5
874
330
1C
100
AcDbEntity
67
0
8
0
62
256
6
ByLayer
370
-1
48
1.0
60
0
100
AcDbPoint
10
1399402.95845699
20
360370.629184842
30
0.0
39
0.0
210
0.0
220
0.0
230
1.0
50
360.0
0
TEXT
5
875
330
1C
100
AcDbEntity
67
0
8
0
62
7
6
ByLayer
370
-1
48
1.0
60
0
100
AcDbText
1
1066
10
1399403.08758516
20
360370.903631961
30
0.0
40
0.31111111111
41
1.0
50
0.0
51
0.0
7
Standard
11
1399403.08758516
21
360370.903631961
31
0.0
210
0.0
220
0.0
230
1.0
71
0
72
0
100
AcDbText
73
0
0
POINT
5
876
330
1C
100
AcDbEntity
67
0
8
0
62
256
6
ByLayer
370
-1
48
1.0
60
0
100
AcDbPoint
10
1399401.49934511
20
360370.996303951
30
0.0
39
0.0
210
0.0
220
0.0
230
1.0
50
360.0
0
TEXT
5
877
330
1C
100
AcDbEntity
67
0
8
0
62
7
6
ByLayer
370
-1
48
1.0
60
0
100
AcDbText
1
1067
10
1399401.62847328
20
360371.270751066
30
0.0
40
0.31111111111
41
1.0
50
0.0
51
0.0
7
Standard
11
1399401.62847328
21
360371.270751066
31
0.0
210
0.0
220
0.0
230
1.0
71
0
72
0
100
AcDbText
73
0
0
POINT
5
878
330
1C
100
AcDbEntity
67
0
8
0
62
256
6
ByLayer
370
-1
48
1.0
60
0
100
AcDbPoint
10
1399400.41927672
20
360372.043794356
30
0.0
39
0.0
210
0.0
220
0.0
230
1.0
50
360.0
0
TEXT
5
879
330
1C
100
AcDbEntity
67
0
8
0
62
7
6
ByLayer
370
-1
48
1.0
60
0
100
AcDbText
1
1068
10
1399400.54840488
20
360372.318241471
30
0.0
40
0.31111111111
41
1.0
50
0.0
51
0.0
7
Standard
11
1399400.54840488
21
360372.318241471
31
0.0
210
0.0
220
0.0
230
1.0
71
0
72
0
100
AcDbText
73
0
0
POINT
5
87A
330
1C
100
AcDbEntity
67
0
8
0
62
256
6
ByLayer
370
-1
48
1.0
60
0
100
AcDbPoint
10
1399423.56946694
20
360416.86815703
30
0.0
39
0.0
210
0.0
220
0.0
230
1.0
50
360.0
0
TEXT
5
87B
330
1C
100
AcDbEntity
67
0
8
0
62
7
6
ByLayer
370
-1
48
1.0
60
0
100
AcDbText
1
1069
10
1399423.69859503
20
360417.142604184
30
0.0
40
0.31111111111
41
1.0
50
0.0
51
0.0
7
Standard
11
1399423.69859503
21
360417.142604184
31
0.0
210
0.0
220
0.0
230
1.0
71
0
72
0
100
AcDbText
73
0
0
POINT
5
87C
330
1C
100
AcDbEntity
67
0
8
0
62
256
6
ByLayer
370
-1
48
1.0
60
0
100
AcDbPoint
10
1399423.93658589
20
360418.327269032
30
0.0
39
0.0
210
0.0
220
0.0
230
1.0
50
360.0
0
TEXT
5
87D
330
1C
100
AcDbEntity
67
0
8
0
62
7
6
ByLayer
370
-1
48
1.0
60
0
100
AcDbText
1
1070
10
1399424.06571398
20
360418.601716186
30
0.0
40
0.31111111111
41
1.0
50
0.0
51
0.0
7
Standard
11
1399424.06571398
21
360418.601716186
31
0.0
210
0.0
220
0.0
230
1.0
71
0
72
0
100
AcDbText
73
0
0
POINT
5
87E
330
1C
100
AcDbEntity
67
0
8
0
62
256
6
ByLayer
370
-1
48
1.0
60
0
100
AcDbPoint
10
1399424.98407623
20
360419.407337618
30
0.0
39
0.0
210
0.0
220
0.0
230
1.0
50
360.0
0
TEXT
5
87F
330
1C
100
AcDbEntity
67
0
8
0
62
7
6
ByLayer
370
-1
48
1.0
60
0
100
AcDbText
1
1071
10
1399425.11320431
20
360419.681784777
30
0.0
40
0.31111111111
41
1.0
50
0.0
51
0.0
7
Standard
11
1399425.11320431
21
360419.681784777
31
0.0
210
0.0
220
0.0
230
1.0
71
0
72
0
100
AcDbText
73
0
0
POINT
5
880
330
1C
100
AcDbEntity
67
0
8
0
62
256
6
ByLayer
370
-1
48
1.0
60
0
100
AcDbPoint
10
1399426.43126377
20
360419.818959293
30
0.0
39
0.0
210
0.0
220
0.0
230
1.0
50
360.0
0
TEXT
5
881
330
1C
100
AcDbEntity
67
0
8
0
62
7
6
ByLayer
370
-1
48
1.0
60
0
100
AcDbText
1
1072
10
1399426.56039185
20
360420.093406451
30
0.0
40
0.31111111111
41
1.0
50
0.0
51
0.0
7
Standard
11
1399426.56039185
21
360420.093406451
31
0.0
210
0.0
220
0.0
230
1.0
71
0
72
0
100
AcDbText
73
0
0
POINT
5
882
330
1C
100
AcDbEntity
67
0
8
0
62
256
6
ByLayer
370
-1
48
1.0
60
0
100
AcDbPoint
10
1399427.89037579
20
360419.451840344
30
0.0
39
0.0
210
0.0
220
0.0
230
1.0
50
360.0
0
TEXT
5
883
330
1C
100
AcDbEntity
67
0
8
0
62
7
6
ByLayer
370
-1
48
1.0
60
0
100
AcDbText
1
1073
10
1399428.01950387
20
360419.726287505
30
0.0
40
0.31111111111
41
1.0
50
0.0
51
0.0
7
Standard
11
1399428.01950387
21
360419.726287505
31
0.0
210
0.0
220
0.0
230
1.0
71
0
72
0
100
AcDbText
73
0
0
POINT
5
884
330
1C
100
AcDbEntity
67
0
8
0
62
256
6
ByLayer
370
-1
48
1.0
60
0
100
AcDbPoint
10
1399428.97044439
20
360418.404349994
30
0.0
39
0.0
210
0.0
220
0.0
230
1.0
50
360.0
0
TEXT
5
885
330
1C
100
AcDbEntity
67
0
8
0
62
7
6
ByLayer
370
-1
48
1.0
60
0
100
AcDbText
1
1074
10
1399429.09957247
20
360418.678797161
30
0.0
40
0.31111111111
41
1.0
50
0.0
51
0.0
7
Standard
11
1399429.09957247
21
360418.678797161
31
0.0
210
0.0
220
0.0
230
1.0
71
0
72
0
100
AcDbText
73
0
0
POINT
5
886
330
1C
100
AcDbEntity
67
0
8
0
62
256
6
ByLayer
370
-1
48
1.0
60
0
100
AcDbPoint
10
1399429.38206606
20
360416.957162439
30
0.0
39
0.0
210
0.0
220
0.0
230
1.0
50
360.0
0
TEXT
5
887
330
1C
100
AcDbEntity
67
0
8
0
62
7
6
ByLayer
370
-1
48
1.0
60
0
100
AcDbText
1
1075
10
1399429.51119414
20
360417.231609604
30
0.0
40
0.31111111111
41
1.0
50
0.0
51
0.0
7
Standard
11
1399429.51119414
21
360417.231609604
31
0.0
210
0.0
220
0.0
230
1.0
71
0
72
0
100
AcDbText
73
0
0
POINT
5
888
330
1C
100
AcDbEntity
67
0
8
0
62
256
6
ByLayer
370
-1
48
1.0
60
0
100
AcDbPoint
10
1399429.01494709
20
360415.49805042
30
0.0
39
0.0
210
0.0
220
0.0
230
1.0
50
360.0
0
TEXT
5
889
330
1C
100
AcDbEntity
67
0
8
0
62
7
6
ByLayer
370
-1
48
1.0
60
0
100
AcDbText
1
1076
10
1399429.14407518
20
360415.772497584
30
0.0
40
0.31111111111
41
1.0
50
0.0
51
0.0
7
Standard
11
1399429.14407518
21
360415.772497584
31
0.0
210
0.0
220
0.0
230
1.0
71
0
72
0
100
AcDbText
73
0
0
POINT
5
88A
330
1C
100
AcDbEntity
67
0
8
0
62
256
6
ByLayer
370
-1
48
1.0
60
0
100
AcDbPoint
10
1399427.96745673
20
360414.417981829
30
0.0
39
0.0
210
0.0
220
0.0
230
1.0
50
360.0
0
TEXT
5
88B
330
1C
100
AcDbEntity
67
0
8
0
62
7
6
ByLayer
370
-1
48
1.0
60
0
100
AcDbText
1
1077
10
1399428.09658483
20
360414.692428992
30
0.0
40
0.31111111111
41
1.0
50
0.0
51
0.0
7
Standard
11
1399428.09658483
21
360414.692428992
31
0.0
210
0.0
220
0.0
230
1.0
71
0
72
0
100
AcDbText
73
0
0
POINT
5
88C
330
1C
100
AcDbEntity
67
0
8
0
62
256
6
ByLayer
370
-1
48
1.0
60
0
100
AcDbPoint
10
1399426.52026918
20
360414.006360178
30
0.0
39
0.0
210
0.0
220
0.0
230
1.0
50
360.0
0
TEXT
5
88D
330
1C
100
AcDbEntity
67
0
8
0
62
7
6
ByLayer
370
-1
48
1.0
60
0
100
AcDbText
1
1078
10
1399426.64939727
20
360414.280807337
30
0.0
40
0.31111111111
41
1.0
50
0.0
51
0.0
7
Standard
11
1399426.64939727
21
360414.280807337
31
0.0
210
0.0
220
0.0
230
1.0
71
0
72
0
100
AcDbText
73
0
0
POINT
5
88E
330
1C
100
AcDbEntity
67
0
8
0
62
256
6
ByLayer
370
-1
48
1.0
60
0
100
AcDbPoint
10
1399425.06115718
20
360414.373479143
30
0.0
39
0.0
210
0.0
220
0.0
230
1.0
50
360.0
0
TEXT
5
88F
330
1C
100
AcDbEntity
67
0
8
0
62
7
6
ByLayer
370
-1
48
1.0
60
0
100
AcDbText
1
1079
10
1399425.19028527
20
360414.647926301
30
0.0
40
0.31111111111
41
1.0
50
0.0
51
0.0
7
Standard
11
1399425.19028527
21
360414.647926301
31
0.0
210
0.0
220
0.0
230
1.0
71
0
72
0
100
AcDbText
73
0
0
POINT
5
890
330
1C
100
AcDbEntity
67
0
8
0
62
256
6
ByLayer
370
-1
48
1.0
60
0
100
AcDbPoint
10
1399423.9810886
20
360415.420969491
30
0.0
39
0.0
210
0.0
220
0.0
230
1.0
50
360.0
0
TEXT
5
891
330
1C
100
AcDbEntity
67
0
8
0
62
7
6
ByLayer
370
-1
48
1.0
60
0
100
AcDbText
1
1080
10
1399424.11021669
20
360415.695416649
30
0.0
40
0.31111111111
41
1.0
50
0.0
51
0.0
7
Standard
11
1399424.11021669
21
360415.695416649
31
0.0
210
0.0
220
0.0
230
1.0
71
0
72
0
100
AcDbText
73
0
0
POINT
5
892
330
1C
100
AcDbEntity
67
0
8
0
62
256
6
ByLayer
370
-1
48
1.0
60
0
100
AcDbPoint
10
1399429.40208625
20
360428.371400532
30
0.0
39
0.0
210
0.0
220
0.0
230
1.0
50
360.0
0
TEXT
5
893
330
1C
100
AcDbEntity
67
0
8
0
62
7
6
ByLayer
370
-1
48
1.0
60
0
100
AcDbText
1
1081
10
1399429.53121431
20
360428.645847698
30
0.0
40
0.31111111111
41
1.0
50
0.0
51
0.0
7
Standard
11
1399429.53121431
21
360428.645847698
31
0.0
210
0.0
220
0.0
230
1.0
71
0
72
0
100
AcDbText
73
0
0
POINT
5
894
330
1C
100
AcDbEntity
67
0
8
0
62
256
6
ByLayer
370
-1
48
1.0
60
0
100
AcDbPoint
10
1399429.76920516
20
360429.830512567
30
0.0
39
0.0
210
0.0
220
0.0
230
1.0
50
360.0
0
TEXT
5
895
330
1C
100
AcDbEntity
67
0
8
0
62
7
6
ByLayer
370
-1
48
1.0
60
0
100
AcDbText
1
1082
10
1399429.89833322
20
360430.104959733
30
0.0
40
0.31111111111
41
1.0
50
0.0
51
0.0
7
Standard
11
1399429.89833322
21
360430.104959733
31
0.0
210
0.0
220
0.0
230
1.0
71
0
72
0
100
AcDbText
73
0
0
POINT
5
896
330
1C
100
AcDbEntity
67
0
8
0
62
256
6
ByLayer
370
-1
48
1.0
60
0
100
AcDbPoint
10
1399430.81669549
20
360430.910581204
30
0.0
39
0.0
210
0.0
220
0.0
230
1.0
50
360.0
0
TEXT
5
897
330
1C
100
AcDbEntity
67
0
8
0
62
7
6
ByLayer
370
-1
48
1.0
60
0
100
AcDbText
1
1083
10
1399430.94582354
20
360431.18502837
30
0.0
40
0.31111111111
41
1.0
50
0.0
51
0.0
7
Standard
11
1399430.94582354
21
360431.18502837
31
0.0
210
0.0
220
0.0
230
1.0
71
0
72
0
100
AcDbText
73
0
0
POINT
5
898
330
1C
100
AcDbEntity
67
0
8
0
62
256
6
ByLayer
370
-1
48
1.0
60
0
100
AcDbPoint
10
1399432.26388303
20
360431.322202925
30
0.0
39
0.0
210
0.0
220
0.0
230
1.0
50
360.0
0
TEXT
5
899
330
1C
100
AcDbEntity
67
0
8
0
62
7
6
ByLayer
370
-1
48
1.0
60
0
100
AcDbText
1
1084
10
1399432.39301109
20
360431.596650093
30
0.0
40
0.31111111111
41
1.0
50
0.0
51
0.0
7
Standard
11
1399432.39301109
21
360431.596650093
31
0.0
210
0.0
220
0.0
230
1.0
71
0
72
0
100
AcDbText
73
0
0
POINT
5
89A
330
1C
100
AcDbEntity
67
0
8
0
62
256
6
ByLayer
370
-1
48
1.0
60
0
100
AcDbPoint
10
1399433.72299509
20
360430.955084014
30
0.0
39
0.0
210
0.0
220
0.0
230
1.0
50
360.0
0
TEXT
5
89B
330
1C
100
AcDbEntity
67
0
8
0
62
7
6
ByLayer
370
-1
48
1.0
60
0
100
AcDbText
1
1085
10
1399433.85212314
20
360431.229531186
30
0.0
40
0.31111111111
41
1.0
50
0.0
51
0.0
7
Standard
11
1399433.85212314
21
360431.229531186
31
0.0
210
0.0
220
0.0
230
1.0
71
0
72
0
100
AcDbText
73
0
0
POINT
5
89C
330
1C
100
AcDbEntity
67
0
8
0
62
256
6
ByLayer
370
-1
48
1.0
60
0
100
AcDbPoint
10
1399434.80306373
20
360429.90759368
30
0.0
39
0.0
210
0.0
220
0.0
230
1.0
50
360.0
0
TEXT
5
89D
330
1C
100
AcDbEntity
67
0
8
0
62
7
6
ByLayer
370
-1
48
1.0
60
0
100
AcDbText
1
1086
10
1399434.93219179
20
360430.182040858
30
0.0
40
0.31111111111
41
1.0
50
0.0
51
0.0
7
Standard
11
1399434.93219179
21
360430.182040858
31
0.0
210
0.0
220
0.0
230
1.0
71
0
72
0
100
AcDbText
73
0
0
POINT
5
89E
330
1C
100
AcDbEntity
67
0
8
0
62
256
6
ByLayer
370
-1
48
1.0
60
0
100
AcDbPoint
10
1399435.21468545
20
360428.460406116
30
0.0
39
0.0
210
0.0
220
0.0
230
1.0
50
360.0
0
TEXT
5
89F
330
1C
100
AcDbEntity
67
0
8
0
62
7
6
ByLayer
370
-1
48
1.0
60
0
100
AcDbText
1
1087
10
1399435.34381351
20
360428.734853291
30
0.0
40
0.31111111111
41
1.0
50
0.0
51
0.0
7
Standard
11
1399435.34381351
21
360428.734853291
31
0.0
210
0.0
220
0.0
230
1.0
71
0
72
0
100
AcDbText
73
0
0
POINT
5
8A0
330
1C
100
AcDbEntity
67
0
8
0
62
256
6
ByLayer
370
-1
48
1.0
60
0
100
AcDbPoint
10
1399434.84756652
20
360427.001294061
30
0.0
39
0.0
210
0.0
220
0.0
230
1.0
50
360.0
0
TEXT
5
8A1
330
1C
100
AcDbEntity
67
0
8
0
62
7
6
ByLayer
370
-1
48
1.0
60
0
100
AcDbText
1
1088
10
1399434.97669459
20
360427.275741237
30
0.0
40
0.31111111111
41
1.0
50
0.0
51
0.0
7
Standard
11
1399434.97669459
21
360427.275741237
31
0.0
210
0.0
220
0.0
230
1.0
71
0
72
0
100
AcDbText
73
0
0
POINT
5
8A2
330
1C
100
AcDbEntity
67
0
8
0
62
256
6
ByLayer
370
-1
48
1.0
60
0
100
AcDbPoint
10
1399433.80007618
20
360425.921225425
30
0.0
39
0.0
210
0.0
220
0.0
230
1.0
50
360.0
0
TEXT
5
8A3
330
1C
100
AcDbEntity
67
0
8
0
62
7
6
ByLayer
370
-1
48
1.0
60
0
100
AcDbText
1
1089
10
1399433.92920425
20
360426.195672598
30
0.0
40
0.31111111111
41
1.0
50
0.0
51
0.0
7
Standard
11
1399433.92920425
21
360426.195672598
31
0.0
210
0.0
220
0.0
230
1.0
71
0
72
0
100
AcDbText
73
0
0
POINT
5
8A4
330
1C
100
AcDbEntity
67
0
8
0
62
256
6
ByLayer
370
-1
48
1.0
60
0
100
AcDbPoint
10
1399432.35288862
20
360425.509603724
30
0.0
39
0.0
210
0.0
220
0.0
230
1.0
50
360.0
0
TEXT
5
8A5
330
1C
100
AcDbEntity
67
0
8
0
62
7
6
ByLayer
370
-1
48
1.0
60
0
100
AcDbText
1
1090
10
1399432.48201669
20
360425.784050894
30
0.0
40
0.31111111111
41
1.0
50
0.0
51
0.0
7
Standard
11
1399432.48201669
21
360425.784050894
31
0.0
210
0.0
220
0.0
230
1.0
71
0
72
0
100
AcDbText
73
0
0
POINT
5
8A6
330
1C
100
AcDbEntity
67
0
8
0
62
256
6
ByLayer
370
-1
48
1.0
60
0
100
AcDbPoint
10
1399430.89377658
20
360425.876722652
30
0.0
39
0.0
210
0.0
220
0.0
230
1.0
50
360.0
0
TEXT
5
8A7
330
1C
100
AcDbEntity
67
0
8
0
62
7
6
ByLayer
370
-1
48
1.0
60
0
100
AcDbText
1
1091
10
1399431.02290464
20
360426.151169823
30
0.0
40
0.31111111111
41
1.0
50
0.0
51
0.0
7
Standard
11
1399431.02290464
21
360426.151169823
31
0.0
210
0.0
220
0.0
230
1.0
71
0
72
0
100
AcDbText
73
0
0
POINT
5
8A8
330
1C
100
AcDbEntity
67
0
8
0
62
256
6
ByLayer
370
-1
48
1.0
60
0
100
AcDbPoint
10
1399429.81370795
20
360426.924212987
30
0.0
39
0.0
210
0.0
220
0.0
230
1.0
50
360.0
0
TEXT
5
8A9
330
1C
100
AcDbEntity
67
0
8
0
62
7
6
ByLayer
370
-1
48
1.0
60
0
100
AcDbText
1
1092
10
1399429.94283602
20
360427.198660154
30
0.0
40
0.31111111111
41
1.0
50
0.0
51
0.0
7
Standard
11
1399429.94283602
21
360427.198660154
31
0.0
210
0.0
220
0.0
230
1.0
71
0
72
0
100
AcDbText
73
0
0
POINT
5
8AA
330
1C
100
AcDbEntity
67
0
8
0
62
256
6
ByLayer
370
-1
48
1.0
60
0
100
AcDbPoint
10
1399435.56938342
20
360439.170899139
30
0.0
39
0.0
210
0.0
220
0.0
230
1.0
50
360.0
0
TEXT
5
8AB
330
1C
100
AcDbEntity
67
0
8
0
62
7
6
ByLayer
370
-1
48
1.0
60
0
100
AcDbText
1
1093
10
1399435.69851146
20
360439.445346316
30
0.0
40
0.31111111111
41
1.0
50
0.0
51
0.0
7
Standard
11
1399435.69851146
21
360439.445346316
31
0.0
210
0.0
220
0.0
230
1.0
71
0
72
0
100
AcDbText
73
0
0
POINT
5
8AC
330
1C
100
AcDbEntity
67
0
8
0
62
256
6
ByLayer
370
-1
48
1.0
60
0
100
AcDbPoint
10
1399435.9365023
20
360440.630011206
30
0.0
39
0.0
210
0.0
220
0.0
230
1.0
50
360.0
0
TEXT
5
8AD
330
1C
100
AcDbEntity
67
0
8
0
62
7
6
ByLayer
370
-1
48
1.0
60
0
100
AcDbText
1
1094
10
1399436.06563034
20
360440.904458383
30
0.0
40
0.31111111111
41
1.0
50
0.0
51
0.0
7
Standard
11
1399436.06563034
21
360440.904458383
31
0.0
210
0.0
220
0.0
230
1.0
71
0
72
0
100
AcDbText
73
0
0
POINT
5
8AE
330
1C
100
AcDbEntity
67
0
8
0
62
256
6
ByLayer
370
-1
48
1.0
60
0
100
AcDbPoint
10
1399436.98399261
20
360441.710079888
30
0.0
39
0.0
210
0.0
220
0.0
230
1.0
50
360.0
0
TEXT
5
8AF
330
1C
100
AcDbEntity
67
0
8
0
62
7
6
ByLayer
370
-1
48
1.0
60
0
100
AcDbText
1
1095
10
1399437.11312065
20
360441.984527065
30
0.0
40
0.31111111111
41
1.0
50
0.0
51
0.0
7
Standard
11
1399437.11312065
21
360441.984527065
31
0.0
210
0.0
220
0.0
230
1.0
71
0
72
0
100
AcDbText
73
0
0
POINT
5
8B0
330
1C
100
AcDbEntity
67
0
8
0
62
256
6
ByLayer
370
-1
48
1.0
60
0
100
AcDbPoint
10
1399438.43118017
20
360442.121701656
30
0.0
39
0.0
210
0.0
220
0.0
230
1.0
50
360.0
0
TEXT
5
8B1
330
1C
100
AcDbEntity
67
0
8
0
62
7
6
ByLayer
370
-1
48
1.0
60
0
100
AcDbText
1
1096
10
1399438.56030821
20
360442.396148835
30
0.0
40
0.31111111111
41
1.0
50
0.0
51
0.0
7
Standard
11
1399438.56030821
21
360442.396148835
31
0.0
210
0.0
220
0.0
230
1.0
71
0
72
0
100
AcDbText
73
0
0
POINT
5
8B2
330
1C
100
AcDbEntity
67
0
8
0
62
256
6
ByLayer
370
-1
48
1.0
60
0
100
AcDbPoint
10
1399439.89029225
20
360441.75458278
30
0.0
39
0.0
210
0.0
220
0.0
230
1.0
50
360.0
0
TEXT
5
8B3
330
1C
100
AcDbEntity
67
0
8
0
62
7
6
ByLayer
370
-1
48
1.0
60
0
100
AcDbText
1
1097
10
1399440.01942029
20
360442.029029962
30
0.0
40
0.31111111111
41
1.0
50
0.0
51
0.0
7
Standard
11
1399440.01942029
21
360442.029029962
31
0.0
210
0.0
220
0.0
230
1.0
71
0
72
0
100
AcDbText
73
0
0
POINT
5
8B4
330
1C
100
AcDbEntity
67
0
8
0
62
256
6
ByLayer
370
-1
48
1.0
60
0
100
AcDbPoint
10
1399440.97036094
20
360440.707092463
30
0.0
39
0.0
210
0.0
220
0.0
230
1.0
50
360.0
0
TEXT
5
8B5
330
1C
100
AcDbEntity
67
0
8
0
62
7
6
ByLayer
370
-1
48
1.0
60
0
100
AcDbText
1
1098
10
1399441.09948898
20
360440.981539645
30
0.0
40
0.31111111111
41
1.0
50
0.0
51
0.0
7
Standard
11
1399441.09948898
21
360440.981539645
31
0.0
210
0.0
220
0.0
230
1.0
71
0
72
0
100
AcDbText
73
0
0
POINT
5
8B6
330
1C
100
AcDbEntity
67
0
8
0
62
256
6
ByLayer
370
-1
48
1.0
60
0
100
AcDbPoint
10
1399441.38198271
20
360439.259904884
30
0.0
39
0.0
210
0.0
220
0.0
230
1.0
50
360.0
0
TEXT
5
8B7
330
1C
100
AcDbEntity
67
0
8
0
62
7
6
ByLayer
370
-1
48
1.0
60
0
100
AcDbText
1
1099
10
1399441.51111075
20
360439.53435207
30
0.0
40
0.31111111111
41
1.0
50
0.0
51
0.0
7
Standard
11
1399441.51111075
21
360439.53435207
31
0.0
210
0.0
220
0.0
230
1.0
71
0
72
0
100
AcDbText
73
0
0
POINT
5
8B8
330
1C
100
AcDbEntity
67
0
8
0
62
256
6
ByLayer
370
-1
48
1.0
60
0
100
AcDbPoint
10
1399441.01486382
20
360437.800792799
30
0.0
39
0.0
210
0.0
220
0.0
230
1.0
50
360.0
0
TEXT
5
8B9
330
1C
100
AcDbEntity
67
0
8
0
62
7
6
ByLayer
370
-1
48
1.0
60
0
100
AcDbText
1
1100
10
1399441.14399186
20
360438.075239983
30
0.0
40
0.31111111111
41
1.0
50
0.0
51
0.0
7
Standard
11
1399441.14399186
21
360438.075239983
31
0.0
210
0.0
220
0.0
230
1.0
71
0
72
0
100
AcDbText
73
0
0
POINT
5
8BA
330
1C
100
AcDbEntity
67
0
8
0
62
256
6
ByLayer
370
-1
48
1.0
60
0
100
AcDbPoint
10
1399439.96737349
20
360436.720724113
30
0.0
39
0.0
210
0.0
220
0.0
230
1.0
50
360.0
0
TEXT
5
8BB
330
1C
100
AcDbEntity
67
0
8
0
62
7
6
ByLayer
370
-1
48
1.0
60
0
100
AcDbText
1
1101
10
1399440.09650154
20
360436.995171299
30
0.0
40
0.31111111111
41
1.0
50
0.0
51
0.0
7
Standard
11
1399440.09650154
21
360436.995171299
31
0.0
210
0.0
220
0.0
230
1.0
71
0
72
0
100
AcDbText
73
0
0
POINT
5
8BC
330
1C
100
AcDbEntity
67
0
8
0
62
256
6
ByLayer
370
-1
48
1.0
60
0
100
AcDbPoint
10
1399438.52018591
20
360436.309102368
30
0.0
39
0.0
210
0.0
220
0.0
230
1.0
50
360.0
0
TEXT
5
8BD
330
1C
100
AcDbEntity
67
0
8
0
62
7
6
ByLayer
370
-1
48
1.0
60
0
100
AcDbText
1
1102
10
1399438.64931396
20
360436.583549549
30
0.0
40
0.31111111111
41
1.0
50
0.0
51
0.0
7
Standard
11
1399438.64931396
21
360436.583549549
31
0.0
210
0.0
220
0.0
230
1.0
71
0
72
0
100
AcDbText
73
0
0
POINT
5
8BE
330
1C
100
AcDbEntity
67
0
8
0
62
256
6
ByLayer
370
-1
48
1.0
60
0
100
AcDbPoint
10
1399437.06107384
20
360436.67622126
30
0.0
39
0.0
210
0.0
220
0.0
230
1.0
50
360.0
0
TEXT
5
8BF
330
1C
100
AcDbEntity
67
0
8
0
62
7
6
ByLayer
370
-1
48
1.0
60
0
100
AcDbText
1
1103
10
1399437.19020189
20
360436.95066844
30
0.0
40
0.31111111111
41
1.0
50
0.0
51
0.0
7
Standard
11
1399437.19020189
21
360436.95066844
31
0.0
210
0.0
220
0.0
230
1.0
71
0
72
0
100
AcDbText
73
0
0
POINT
5
8C0
330
1C
100
AcDbEntity
67
0
8
0
62
256
6
ByLayer
370
-1
48
1.0
60
0
100
AcDbPoint
10
1399435.98100517
20
360437.72371158
30
0.0
39
0.0
210
0.0
220
0.0
230
1.0
50
360.0
0
TEXT
5
8C1
330
1C
100
AcDbEntity
67
0
8
0
62
7
6
ByLayer
370
-1
48
1.0
60
0
100
AcDbText
1
1104
10
1399436.11013322
20
360437.998158756
30
0.0
40
0.31111111111
41
1.0
50
0.0
51
0.0
7
Standard
11
1399436.11013322
21
360437.998158756
31
0.0
210
0.0
220
0.0
230
1.0
71
0
72
0
100
AcDbText
73
0
0
POINT
5
8C2
330
1C
100
AcDbEntity
67
0
8
0
62
256
6
ByLayer
370
-1
48
1.0
60
0
100
AcDbPoint
10
1399492.5479392
20
360464.537516615
30
0.0
39
0.0
210
0.0
220
0.0
230
1.0
50
360.0
0
TEXT
5
8C3
330
1C
100
AcDbEntity
67
0
8
0
62
7
6
ByLayer
370
-1
48
1.0
60
0
100
AcDbText
1
1105
10
1399492.6770672
20
360464.811963896
30
0.0
40
0.31111111111
41
1.0
50
0.0
51
0.0
7
Standard
11
1399492.6770672
21
360464.811963896
31
0.0
210
0.0
220
0.0
230
1.0
71
0
72
0
100
AcDbText
73
0
0
POINT
5
8C4
330
1C
100
AcDbEntity
67
0
8
0
62
256
6
ByLayer
370
-1
48
1.0
60
0
100
AcDbPoint
10
1399492.91505804
20
360465.996628921
30
0.0
39
0.0
210
0.0
220
0.0
230
1.0
50
360.0
0
TEXT
5
8C5
330
1C
100
AcDbEntity
67
0
8
0
62
7
6
ByLayer
370
-1
48
1.0
60
0
100
AcDbText
1
1106
10
1399493.04418603
20
360466.271076201
30
0.0
40
0.31111111111
41
1.0
50
0.0
51
0.0
7
Standard
11
1399493.04418603
21
360466.271076201
31
0.0
210
0.0
220
0.0
230
1.0
71
0
72
0
100
AcDbText
73
0
0
POINT
5
8C6
330
1C
100
AcDbEntity
67
0
8
0
62
256
6
ByLayer
370
-1
48
1.0
60
0
100
AcDbPoint
10
1399493.96254843
20
360467.076697829
30
0.0
39
0.0
210
0.0
220
0.0
230
1.0
50
360.0
0
TEXT
5
8C7
330
1C
100
AcDbEntity
67
0
8
0
62
7
6
ByLayer
370
-1
48
1.0
60
0
100
AcDbText
1
1107
10
1399494.09167642
20
360467.35114511
30
0.0
40
0.31111111111
41
1.0
50
0.0
51
0.0
7
Standard
11
1399494.09167642
21
360467.35114511
31
0.0
210
0.0
220
0.0
230
1.0
71
0
72
0
100
AcDbText
73
0
0
POINT
5
8C8
330
1C
100
AcDbEntity
67
0
8
0
62
256
6
ByLayer
370
-1
48
1.0
60
0
100
AcDbPoint
10
1399495.40973617
20
360467.488319751
30
0.0
39
0.0
210
0.0
220
0.0
230
1.0
50
360.0
0
TEXT
5
8C9
330
1C
100
AcDbEntity
67
0
8
0
62
7
6
ByLayer
370
-1
48
1.0
60
0
100
AcDbText
1
1108
10
1399495.53886416
20
360467.762767035
30
0.0
40
0.31111111111
41
1.0
50
0.0
51
0.0
7
Standard
11
1399495.53886416
21
360467.762767035
31
0.0
210
0.0
220
0.0
230
1.0
71
0
72
0
100
AcDbText
73
0
0
POINT
5
8CA
330
1C
100
AcDbEntity
67
0
8
0
62
256
6
ByLayer
370
-1
48
1.0
60
0
100
AcDbPoint
10
1399496.86884849
20
360467.121200916
30
0.0
39
0.0
210
0.0
220
0.0
230
1.0
50
360.0
0
TEXT
5
8CB
330
1C
100
AcDbEntity
67
0
8
0
62
7
6
ByLayer
370
-1
48
1.0
60
0
100
AcDbText
1
1109
10
1399496.99797649
20
360467.395648203
30
0.0
40
0.31111111111
41
1.0
50
0.0
51
0.0
7
Standard
11
1399496.99797649
21
360467.395648203
31
0.0
210
0.0
220
0.0
230
1.0
71
0
72
0
100
AcDbText
73
0
0
POINT
5
8CC
330
1C
100
AcDbEntity
67
0
8
0
62
256
6
ByLayer
370
-1
48
1.0
60
0
100
AcDbPoint
10
1399497.94891742
20
360466.073710516
30
0.0
39
0.0
210
0.0
220
0.0
230
1.0
50
360.0
0
TEXT
5
8CD
330
1C
100
AcDbEntity
67
0
8
0
62
7
6
ByLayer
370
-1
48
1.0
60
0
100
AcDbText
1
1110
10
1399498.07804541
20
360466.348157804
30
0.0
40
0.31111111111
41
1.0
50
0.0
51
0.0
7
Standard
11
1399498.07804541
21
360466.348157804
31
0.0
210
0.0
220
0.0
230
1.0
71
0
72
0
100
AcDbText
73
0
0
POINT
5
8CE
330
1C
100
AcDbEntity
67
0
8
0
62
256
6
ByLayer
370
-1
48
1.0
60
0
100
AcDbPoint
10
1399498.36053933
20
360464.626522752
30
0.0
39
0.0
210
0.0
220
0.0
230
1.0
50
360.0
0
TEXT
5
8CF
330
1C
100
AcDbEntity
67
0
8
0
62
7
6
ByLayer
370
-1
48
1.0
60
0
100
AcDbText
1
1111
10
1399498.48966733
20
360464.900970042
30
0.0
40
0.31111111111
41
1.0
50
0.0
51
0.0
7
Standard
11
1399498.48966733
21
360464.900970042
31
0.0
210
0.0
220
0.0
230
1.0
71
0
72
0
100
AcDbText
73
0
0
POINT
5
8D0
330
1C
100
AcDbEntity
67
0
8
0
62
256
6
ByLayer
370
-1
48
1.0
60
0
100
AcDbPoint
10
1399497.99342048
20
360463.16741043
30
0.0
39
0.0
210
0.0
220
0.0
230
1.0
50
360.0
0
TEXT
5
8D1
330
1C
100
AcDbEntity
67
0
8
0
62
7
6
ByLayer
370
-1
48
1.0
60
0
100
AcDbText
1
1112
10
1399498.12254848
20
360463.44185772
30
0.0
40
0.31111111111
41
1.0
50
0.0
51
0.0
7
Standard
11
1399498.12254848
21
360463.44185772
31
0.0
210
0.0
220
0.0
230
1.0
71
0
72
0
100
AcDbText
73
0
0
POINT
5
8D2
330
1C
100
AcDbEntity
67
0
8
0
62
256
6
ByLayer
370
-1
48
1.0
60
0
100
AcDbPoint
10
1399496.94593007
20
360462.087341519
30
0.0
39
0.0
210
0.0
220
0.0
230
1.0
50
360.0
0
TEXT
5
8D3
330
1C
100
AcDbEntity
67
0
8
0
62
7
6
ByLayer
370
-1
48
1.0
60
0
100
AcDbText
1
1113
10
1399497.07505807
20
360462.361788805
30
0.0
40
0.31111111111
41
1.0
50
0.0
51
0.0
7
Standard
11
1399497.07505807
21
360462.361788805
31
0.0
210
0.0
220
0.0
230
1.0
71
0
72
0
100
AcDbText
73
0
0
POINT
5
8D4
330
1C
100
AcDbEntity
67
0
8
0
62
256
6
ByLayer
370
-1
48
1.0
60
0
100
AcDbPoint
10
1399495.49874231
20
360461.675719614
30
0.0
39
0.0
210
0.0
220
0.0
230
1.0
50
360.0
0
TEXT
5
8D5
330
1C
100
AcDbEntity
67
0
8
0
62
7
6
ByLayer
370
-1
48
1.0
60
0
100
AcDbText
1
1114
10
1399495.62787031
20
360461.9501669
30
0.0
40
0.31111111111
41
1.0
50
0.0
51
0.0
7
Standard
11
1399495.62787031
21
360461.9501669
31
0.0
210
0.0
220
0.0
230
1.0
71
0
72
0
100
AcDbText
73
0
0
POINT
5
8D6
330
1C
100
AcDbEntity
67
0
8
0
62
256
6
ByLayer
370
-1
48
1.0
60
0
100
AcDbPoint
10
1399494.03963
20
360462.042838468
30
0.0
39
0.0
210
0.0
220
0.0
230
1.0
50
360.0
0
TEXT
5
8D7
330
1C
100
AcDbEntity
67
0
8
0
62
7
6
ByLayer
370
-1
48
1.0
60
0
100
AcDbText
1
1115
10
1399494.168758
20
360462.31728575
30
0.0
40
0.31111111111
41
1.0
50
0.0
51
0.0
7
Standard
11
1399494.168758
21
360462.31728575
31
0.0
210
0.0
220
0.0
230
1.0
71
0
72
0
100
AcDbText
73
0
0
POINT
5
8D8
330
1C
100
AcDbEntity
67
0
8
0
62
256
6
ByLayer
370
-1
48
1.0
60
0
100
AcDbPoint
10
1399492.95956111
20
360463.090328872
30
0.0
39
0.0
210
0.0
220
0.0
230
1.0
50
360.0
0
TEXT
5
8D9
330
1C
100
AcDbEntity
67
0
8
0
62
7
6
ByLayer
370
-1
48
1.0
60
0
100
AcDbText
1
1116
10
1399493.0886891
20
360463.364776152
30
0.0
40
0.31111111111
41
1.0
50
0.0
51
0.0
7
Standard
11
1399493.0886891
21
360463.364776152
31
0.0
210
0.0
220
0.0
230
1.0
71
0
72
0
100
AcDbText
73
0
0
POINT
5
8DA
330
1C
100
AcDbEntity
67
0
8
0
62
256
6
ByLayer
370
-1
48
1.0
60
0
100
AcDbPoint
10
1399556.317834
20
360393.005091051
30
0.0
39
0.0
210
0.0
220
0.0
230
1.0
50
360.0
0
TEXT
5
8DB
330
1C
100
AcDbEntity
67
0
8
0
62
7
6
ByLayer
370
-1
48
1.0
60
0
100
AcDbText
1
1117
10
1399556.44696212
20
360393.279538448
30
0.0
40
0.31111111111
41
1.0
50
0.0
51
0.0
7
Standard
11
1399556.44696212
21
360393.279538448
31
0.0
210
0.0
220
0.0
230
1.0
71
0
72
0
100
AcDbText
73
0
0
POINT
5
8DC
330
1C
100
AcDbEntity
67
0
8
0
62
256
6
ByLayer
370
-1
48
1.0
60
0
100
AcDbPoint
10
1399556.68495317
20
360394.464203525
30
0.0
39
0.0
210
0.0
220
0.0
230
1.0
50
360.0
0
TEXT
5
8DD
330
1C
100
AcDbEntity
67
0
8
0
62
7
6
ByLayer
370
-1
48
1.0
60
0
100
AcDbText
1
1118
10
1399556.81408129
20
360394.738650923
30
0.0
40
0.31111111111
41
1.0
50
0.0
51
0.0
7
Standard
11
1399556.81408129
21
360394.738650923
31
0.0
210
0.0
220
0.0
230
1.0
71
0
72
0
100
AcDbText
73
0
0
POINT
5
8DE
330
1C
100
AcDbEntity
67
0
8
0
62
256
6
ByLayer
370
-1
48
1.0
60
0
100
AcDbPoint
10
1399557.73244393
20
360395.54427242
30
0.0
39
0.0
210
0.0
220
0.0
230
1.0
50
360.0
0
TEXT
5
8DF
330
1C
100
AcDbEntity
67
0
8
0
62
7
6
ByLayer
370
-1
48
1.0
60
0
100
AcDbText
1
1119
10
1399557.86157205
20
360395.818719818
30
0.0
40
0.31111111111
41
1.0
50
0.0
51
0.0
7
Standard
11
1399557.86157205
21
360395.818719818
31
0.0
210
0.0
220
0.0
230
1.0
71
0
72
0
100
AcDbText
73
0
0
POINT
5
8E0
330
1C
100
AcDbEntity
67
0
8
0
62
256
6
ByLayer
370
-1
48
1.0
60
0
100
AcDbPoint
10
1399559.17963199
20
360395.955894142
30
0.0
39
0.0
210
0.0
220
0.0
230
1.0
50
360.0
0
TEXT
5
8E1
330
1C
100
AcDbEntity
67
0
8
0
62
7
6
ByLayer
370
-1
48
1.0
60
0
100
AcDbText
1
1120
10
1399559.3087601
20
360396.230341545
30
0.0
40
0.31111111111
41
1.0
50
0.0
51
0.0
7
Standard
11
1399559.3087601
21
360396.230341545
31
0.0
210
0.0
220
0.0
230
1.0
71
0
72
0
100
AcDbText
73
0
0
POINT
5
8E2
330
1C
100
AcDbEntity
67
0
8
0
62
256
6
ByLayer
370
-1
48
1.0
60
0
100
AcDbPoint
10
1399560.63874448
20
360395.588774978
30
0.0
39
0.0
210
0.0
220
0.0
230
1.0
50
360.0
0
TEXT
5
8E3
330
1C
100
AcDbEntity
67
0
8
0
62
7
6
ByLayer
370
-1
48
1.0
60
0
100
AcDbText
1
1121
10
1399560.7678726
20
360395.863222386
30
0.0
40
0.31111111111
41
1.0
50
0.0
51
0.0
7
Standard
11
1399560.7678726
21
360395.863222386
31
0.0
210
0.0
220
0.0
230
1.0
71
0
72
0
100
AcDbText
73
0
0
POINT
5
8E4
330
1C
100
AcDbEntity
67
0
8
0
62
256
6
ByLayer
370
-1
48
1.0
60
0
100
AcDbPoint
10
1399561.71881338
20
360394.541284204
30
0.0
39
0.0
210
0.0
220
0.0
230
1.0
50
360.0
0
TEXT
5
8E5
330
1C
100
AcDbEntity
67
0
8
0
62
7
6
ByLayer
370
-1
48
1.0
60
0
100
AcDbText
1
1122
10
1399561.8479415
20
360394.815731615
30
0.0
40
0.31111111111
41
1.0
50
0.0
51
0.0
7
Standard
11
1399561.8479415
21
360394.815731615
31
0.0
210
0.0
220
0.0
230
1.0
71
0
72
0
100
AcDbText
73
0
0
POINT
5
8E6
330
1C
100
AcDbEntity
67
0
8
0
62
256
6
ByLayer
370
-1
48
1.0
60
0
100
AcDbPoint
10
1399562.1304351
20
360393.094096134
30
0.0
39
0.0
210
0.0
220
0.0
230
1.0
50
360.0
0
TEXT
5
8E7
330
1C
100
AcDbEntity
67
0
8
0
62
7
6
ByLayer
370
-1
48
1.0
60
0
100
AcDbText
1
1123
10
1399562.25956323
20
360393.368543543
30
0.0
40
0.31111111111
41
1.0
50
0.0
51
0.0
7
Standard
11
1399562.25956323
21
360393.368543543
31
0.0
210
0.0
220
0.0
230
1.0
71
0
72
0
100
AcDbText
73
0
0
POINT
5
8E8
330
1C
100
AcDbEntity
67
0
8
0
62
256
6
ByLayer
370
-1
48
1.0
60
0
100
AcDbPoint
10
1399561.76331593
20
360391.634983636
30
0.0
39
0.0
210
0.0
220
0.0
230
1.0
50
360.0
0
TEXT
5
8E9
330
1C
100
AcDbEntity
67
0
8
0
62
7
6
ByLayer
370
-1
48
1.0
60
0
100
AcDbText
1
1124
10
1399561.89244405
20
360391.909431046
30
0.0
40
0.31111111111
41
1.0
50
0.0
51
0.0
7
Standard
11
1399561.89244405
21
360391.909431046
31
0.0
210
0.0
220
0.0
230
1.0
71
0
72
0
100
AcDbText
73
0
0
POINT
5
8EA
330
1C
100
AcDbEntity
67
0
8
0
62
256
6
ByLayer
370
-1
48
1.0
60
0
100
AcDbPoint
10
1399560.71582514
20
360390.554914743
30
0.0
39
0.0
210
0.0
220
0.0
230
1.0
50
360.0
0
TEXT
5
8EB
330
1C
100
AcDbEntity
67
0
8
0
62
7
6
ByLayer
370
-1
48
1.0
60
0
100
AcDbText
1
1125
10
1399560.84495327
20
360390.829362148
30
0.0
40
0.31111111111
41
1.0
50
0.0
51
0.0
7
Standard
11
1399560.84495327
21
360390.829362148
31
0.0
210
0.0
220
0.0
230
1.0
71
0
72
0
100
AcDbText
73
0
0
POINT
5
8EC
330
1C
100
AcDbEntity
67
0
8
0
62
256
6
ByLayer
370
-1
48
1.0
60
0
100
AcDbPoint
10
1399559.26863707
20
360390.143293039
30
0.0
39
0.0
210
0.0
220
0.0
230
1.0
50
360.0
0
TEXT
5
8ED
330
1C
100
AcDbEntity
67
0
8
0
62
7
6
ByLayer
370
-1
48
1.0
60
0
100
AcDbText
1
1126
10
1399559.3977652
20
360390.417740443
30
0.0
40
0.31111111111
41
1.0
50
0.0
51
0.0
7
Standard
11
1399559.3977652
21
360390.417740443
31
0.0
210
0.0
220
0.0
230
1.0
71
0
72
0
100
AcDbText
73
0
0
POINT
5
8EE
330
1C
100
AcDbEntity
67
0
8
0
62
256
6
ByLayer
370
-1
48
1.0
60
0
100
AcDbPoint
10
1399557.80952459
20
360390.510412218
30
0.0
39
0.0
210
0.0
220
0.0
230
1.0
50
360.0
0
TEXT
5
8EF
330
1C
100
AcDbEntity
67
0
8
0
62
7
6
ByLayer
370
-1
48
1.0
60
0
100
AcDbText
1
1127
10
1399557.93865272
20
360390.78485962
30
0.0
40
0.31111111111
41
1.0
50
0.0
51
0.0
7
Standard
11
1399557.93865272
21
360390.78485962
31
0.0
210
0.0
220
0.0
230
1.0
71
0
72
0
100
AcDbText
73
0
0
POINT
5
8F0
330
1C
100
AcDbEntity
67
0
8
0
62
256
6
ByLayer
370
-1
48
1.0
60
0
100
AcDbPoint
10
1399556.72945571
20
360391.557902994
30
0.0
39
0.0
210
0.0
220
0.0
230
1.0
50
360.0
0
TEXT
5
8F1
330
1C
100
AcDbEntity
67
0
8
0
62
7
6
ByLayer
370
-1
48
1.0
60
0
100
AcDbText
1
1128
10
1399556.85858384
20
360391.832350391
30
0.0
40
0.31111111111
41
1.0
50
0.0
51
0.0
7
Standard
11
1399556.85858384
21
360391.832350391
31
0.0
210
0.0
220
0.0
230
1.0
71
0
72
0
100
AcDbText
73
0
0
POINT
5
8F2
330
1C
100
AcDbEntity
67
0
8
0
62
256
6
ByLayer
370
-1
48
1.0
60
0
100
AcDbPoint
10
1399569.20260174
20
360425.233419415
30
0.0
39
0.0
210
0.0
220
0.0
230
1.0
50
360.0
0
TEXT
5
8F3
330
1C
100
AcDbEntity
67
0
8
0
62
7
6
ByLayer
370
-1
48
1.0
60
0
100
AcDbText
1
1129
10
1399569.33172981
20
360425.507866836
30
0.0
40
0.31111111111
41
1.0
50
0.0
51
0.0
7
Standard
11
1399569.33172981
21
360425.507866836
31
0.0
210
0.0
220
0.0
230
1.0
71
0
72
0
100
AcDbText
73
0
0
POINT
5
8F4
330
1C
100
AcDbEntity
67
0
8
0
62
256
6
ByLayer
370
-1
48
1.0
60
0
100
AcDbPoint
10
1399569.5697208
20
360426.692531971
30
0.0
39
0.0
210
0.0
220
0.0
230
1.0
50
360.0
0
TEXT
5
8F5
330
1C
100
AcDbEntity
67
0
8
0
62
7
6
ByLayer
370
-1
48
1.0
60
0
100
AcDbText
1
1130
10
1399569.69884886
20
360426.966979391
30
0.0
40
0.31111111111
41
1.0
50
0.0
51
0.0
7
Standard
11
1399569.69884886
21
360426.966979391
31
0.0
210
0.0
220
0.0
230
1.0
71
0
72
0
100
AcDbText
73
0
0
POINT
5
8F6
330
1C
100
AcDbEntity
67
0
8
0
62
256
6
ByLayer
370
-1
48
1.0
60
0
100
AcDbPoint
10
1399570.61721151
20
360427.772600986
30
0.0
39
0.0
210
0.0
220
0.0
230
1.0
50
360.0
0
TEXT
5
8F7
330
1C
100
AcDbEntity
67
0
8
0
62
7
6
ByLayer
370
-1
48
1.0
60
0
100
AcDbText
1
1131
10
1399570.74633956
20
360428.047048408
30
0.0
40
0.31111111111
41
1.0
50
0.0
51
0.0
7
Standard
11
1399570.74633956
21
360428.047048408
31
0.0
210
0.0
220
0.0
230
1.0
71
0
72
0
100
AcDbText
73
0
0
POINT
5
8F8
330
1C
100
AcDbEntity
67
0
8
0
62
256
6
ByLayer
370
-1
48
1.0
60
0
100
AcDbPoint
10
1399572.06439958
20
360428.184222842
30
0.0
39
0.0
210
0.0
220
0.0
230
1.0
50
360.0
0
TEXT
5
8F9
330
1C
100
AcDbEntity
67
0
8
0
62
7
6
ByLayer
370
-1
48
1.0
60
0
100
AcDbText
1
1132
10
1399572.19352764
20
360428.458670267
30
0.0
40
0.31111111111
41
1.0
50
0.0
51
0.0
7
Standard
11
1399572.19352764
21
360428.458670267
31
0.0
210
0.0
220
0.0
230
1.0
71
0
72
0
100
AcDbText
73
0
0
POINT
5
8FA
330
1C
100
AcDbEntity
67
0
8
0
62
256
6
ByLayer
370
-1
48
1.0
60
0
100
AcDbPoint
10
1399573.52351215
20
360427.817103789
30
0.0
39
0.0
210
0.0
220
0.0
230
1.0
50
360.0
0
TEXT
5
8FB
330
1C
100
AcDbEntity
67
0
8
0
62
7
6
ByLayer
370
-1
48
1.0
60
0
100
AcDbText
1
1133
10
1399573.65264021
20
360428.091551217
30
0.0
40
0.31111111111
41
1.0
50
0.0
51
0.0
7
Standard
11
1399573.65264021
21
360428.091551217
31
0.0
210
0.0
220
0.0
230
1.0
71
0
72
0
100
AcDbText
73
0
0
POINT
5
8FC
330
1C
100
AcDbEntity
67
0
8
0
62
256
6
ByLayer
370
-1
48
1.0
60
0
100
AcDbPoint
10
1399574.60358117
20
360426.769613071
30
0.0
39
0.0
210
0.0
220
0.0
230
1.0
50
360.0
0
TEXT
5
8FD
330
1C
100
AcDbEntity
67
0
8
0
62
7
6
ByLayer
370
-1
48
1.0
60
0
100
AcDbText
1
1134
10
1399574.73270924
20
360427.044060501
30
0.0
40
0.31111111111
41
1.0
50
0.0
51
0.0
7
Standard
11
1399574.73270924
21
360427.044060501
31
0.0
210
0.0
220
0.0
230
1.0
71
0
72
0
100
AcDbText
73
0
0
POINT
5
8FE
330
1C
100
AcDbEntity
67
0
8
0
62
256
6
ByLayer
370
-1
48
1.0
60
0
100
AcDbPoint
10
1399575.01520303
20
360425.322424981
30
0.0
39
0.0
210
0.0
220
0.0
230
1.0
50
360.0
0
TEXT
5
8FF
330
1C
100
AcDbEntity
67
0
8
0
62
7
6
ByLayer
370
-1
48
1.0
60
0
100
AcDbText
1
1135
10
1399575.14433109
20
360425.596872414
30
0.0
40
0.31111111111
41
1.0
50
0.0
51
0.0
7
Standard
11
1399575.14433109
21
360425.596872414
31
0.0
210
0.0
220
0.0
230
1.0
71
0
72
0
100
AcDbText
73
0
0
POINT
5
900
330
1C
100
AcDbEntity
67
0
8
0
62
256
6
ByLayer
370
-1
48
1.0
60
0
100
AcDbPoint
10
1399574.64808396
20
360423.86331241
30
0.0
39
0.0
210
0.0
220
0.0
230
1.0
50
360.0
0
TEXT
5
901
330
1C
100
AcDbEntity
67
0
8
0
62
7
6
ByLayer
370
-1
48
1.0
60
0
100
AcDbText
1
1136
10
1399574.77721203
20
360424.137759838
30
0.0
40
0.31111111111
41
1.0
50
0.0
51
0.0
7
Standard
11
1399574.77721203
21
360424.137759838
31
0.0
210
0.0
220
0.0
230
1.0
71
0
72
0
100
AcDbText
73
0
0
POINT
5
902
330
1C
100
AcDbEntity
67
0
8
0
62
256
6
ByLayer
370
-1
48
1.0
60
0
100
AcDbPoint
10
1399573.60059323
20
360422.783243392
30
0.0
39
0.0
210
0.0
220
0.0
230
1.0
50
360.0
0
TEXT
5
903
330
1C
100
AcDbEntity
67
0
8
0
62
7
6
ByLayer
370
-1
48
1.0
60
0
100
AcDbText
1
1137
10
1399573.7297213
20
360423.05769082
30
0.0
40
0.31111111111
41
1.0
50
0.0
51
0.0
7
Standard
11
1399573.7297213
21
360423.05769082
31
0.0
210
0.0
220
0.0
230
1.0
71
0
72
0
100
AcDbText
73
0
0
POINT
5
904
330
1C
100
AcDbEntity
67
0
8
0
62
256
6
ByLayer
370
-1
48
1.0
60
0
100
AcDbPoint
10
1399572.15340515
20
360422.371621555
30
0.0
39
0.0
210
0.0
220
0.0
230
1.0
50
360.0
0
TEXT
5
905
330
1C
100
AcDbEntity
67
0
8
0
62
7
6
ByLayer
370
-1
48
1.0
60
0
100
AcDbText
1
1138
10
1399572.28253322
20
360422.646068981
30
0.0
40
0.31111111111
41
1.0
50
0.0
51
0.0
7
Standard
11
1399572.28253322
21
360422.646068981
31
0.0
210
0.0
220
0.0
230
1.0
71
0
72
0
100
AcDbText
73
0
0
POINT
5
906
330
1C
100
AcDbEntity
67
0
8
0
62
256
6
ByLayer
370
-1
48
1.0
60
0
100
AcDbPoint
10
1399570.69429258
20
360422.738740628
30
0.0
39
0.0
210
0.0
220
0.0
230
1.0
50
360.0
0
TEXT
5
907
330
1C
100
AcDbEntity
67
0
8
0
62
7
6
ByLayer
370
-1
48
1.0
60
0
100
AcDbText
1
1139
10
1399570.82342066
20
360423.01318805
30
0.0
40
0.31111111111
41
1.0
50
0.0
51
0.0
7
Standard
11
1399570.82342066
21
360423.01318805
31
0.0
210
0.0
220
0.0
230
1.0
71
0
72
0
100
AcDbText
73
0
0
POINT
5
908
330
1C
100
AcDbEntity
67
0
8
0
62
256
6
ByLayer
370
-1
48
1.0
60
0
100
AcDbPoint
10
1399569.61422358
20
360423.786231346
30
0.0
39
0.0
210
0.0
220
0.0
230
1.0
50
360.0
0
TEXT
5
909
330
1C
100
AcDbEntity
67
0
8
0
62
7
6
ByLayer
370
-1
48
1.0
60
0
100
AcDbText
1
1140
10
1399569.74335165
20
360424.060678765
30
0.0
40
0.31111111111
41
1.0
50
0.0
51
0.0
7
Standard
11
1399569.74335165
21
360424.060678765
31
0.0
210
0.0
220
0.0
230
1.0
71
0
72
0
100
AcDbText
73
0
0
POINT
5
90A
330
1C
100
AcDbEntity
67
0
8
0
62
256
6
ByLayer
370
-1
48
1.0
60
0
100
AcDbPoint
10
1399586.61672444
20
360457.9977667
30
0.0
39
0.0
210
0.0
220
0.0
230
1.0
50
360.0
0
TEXT
5
90B
330
1C
100
AcDbEntity
67
0
8
0
62
7
6
ByLayer
370
-1
48
1.0
60
0
100
AcDbText
1
1141
10
1399586.74585244
20
360458.272214152
30
0.0
40
0.31111111111
41
1.0
50
0.0
51
0.0
7
Standard
11
1399586.74585244
21
360458.272214152
31
0.0
210
0.0
220
0.0
230
1.0
71
0
72
0
100
AcDbText
73
0
0
POINT
5
90C
330
1C
100
AcDbEntity
67
0
8
0
62
256
6
ByLayer
370
-1
48
1.0
60
0
100
AcDbPoint
10
1399586.98384339
20
360459.456879354
30
0.0
39
0.0
210
0.0
220
0.0
230
1.0
50
360.0
0
TEXT
5
90D
330
1C
100
AcDbEntity
67
0
8
0
62
7
6
ByLayer
370
-1
48
1.0
60
0
100
AcDbText
1
1142
10
1399587.11297139
20
360459.731326803
30
0.0
40
0.31111111111
41
1.0
50
0.0
51
0.0
7
Standard
11
1399587.11297139
21
360459.731326803
31
0.0
210
0.0
220
0.0
230
1.0
71
0
72
0
100
AcDbText
73
0
0
POINT
5
90E
330
1C
100
AcDbEntity
67
0
8
0
62
256
6
ByLayer
370
-1
48
1.0
60
0
100
AcDbPoint
10
1399588.03133405
20
360460.536948505
30
0.0
39
0.0
210
0.0
220
0.0
230
1.0
50
360.0
0
TEXT
5
90F
330
1C
100
AcDbEntity
67
0
8
0
62
7
6
ByLayer
370
-1
48
1.0
60
0
100
AcDbText
1
1143
10
1399588.16046205
20
360460.811395958
30
0.0
40
0.31111111111
41
1.0
50
0.0
51
0.0
7
Standard
11
1399588.16046205
21
360460.811395958
31
0.0
210
0.0
220
0.0
230
1.0
71
0
72
0
100
AcDbText
73
0
0
POINT
5
910
330
1C
100
AcDbEntity
67
0
8
0
62
256
6
ByLayer
370
-1
48
1.0
60
0
100
AcDbPoint
10
1399589.47852215
20
360460.9485705
30
0.0
39
0.0
210
0.0
220
0.0
230
1.0
50
360.0
0
TEXT
5
911
330
1C
100
AcDbEntity
67
0
8
0
62
7
6
ByLayer
370
-1
48
1.0
60
0
100
AcDbText
1
1144
10
1399589.60765015
20
360461.223017958
30
0.0
40
0.31111111111
41
1.0
50
0.0
51
0.0
7
Standard
11
1399589.60765015
21
360461.223017958
31
0.0
210
0.0
220
0.0
230
1.0
71
0
72
0
100
AcDbText
73
0
0
POINT
5
912
330
1C
100
AcDbEntity
67
0
8
0
62
256
6
ByLayer
370
-1
48
1.0
60
0
100
AcDbPoint
10
1399590.93763482
20
360460.581451553
30
0.0
39
0.0
210
0.0
220
0.0
230
1.0
50
360.0
0
TEXT
5
913
330
1C
100
AcDbEntity
67
0
8
0
62
7
6
ByLayer
370
-1
48
1.0
60
0
100
AcDbText
1
1145
10
1399591.06676282
20
360460.85589901
30
0.0
40
0.31111111111
41
1.0
50
0.0
51
0.0
7
Standard
11
1399591.06676282
21
360460.85589901
31
0.0
210
0.0
220
0.0
230
1.0
71
0
72
0
100
AcDbText
73
0
0
POINT
5
914
330
1C
100
AcDbEntity
67
0
8
0
62
256
6
ByLayer
370
-1
48
1.0
60
0
100
AcDbPoint
10
1399592.01770398
20
360459.533960879
30
0.0
39
0.0
210
0.0
220
0.0
230
1.0
50
360.0
0
TEXT
5
915
330
1C
100
AcDbEntity
67
0
8
0
62
7
6
ByLayer
370
-1
48
1.0
60
0
100
AcDbText
1
1146
10
1399592.14683199
20
360459.808408341
30
0.0
40
0.31111111111
41
1.0
50
0.0
51
0.0
7
Standard
11
1399592.14683199
21
360459.808408341
31
0.0
210
0.0
220
0.0
230
1.0
71
0
72
0
100
AcDbText
73
0
0
POINT
5
916
330
1C
100
AcDbEntity
67
0
8
0
62
256
6
ByLayer
370
-1
48
1.0
60
0
100
AcDbPoint
10
1399592.42932597
20
360458.08677276
30
0.0
39
0.0
210
0.0
220
0.0
230
1.0
50
360.0
0
TEXT
5
917
330
1C
100
AcDbEntity
67
0
8
0
62
7
6
ByLayer
370
-1
48
1.0
60
0
100
AcDbText
1
1147
10
1399592.55845398
20
360458.361220222
30
0.0
40
0.31111111111
41
1.0
50
0.0
51
0.0
7
Standard
11
1399592.55845398
21
360458.361220222
31
0.0
210
0.0
220
0.0
230
1.0
71
0
72
0
100
AcDbText
73
0
0
POINT
5
918
330
1C
100
AcDbEntity
67
0
8
0
62
256
6
ByLayer
370
-1
48
1.0
60
0
100
AcDbPoint
10
1399592.06220701
20
360456.627660089
30
0.0
39
0.0
210
0.0
220
0.0
230
1.0
50
360.0
0
TEXT
5
919
330
1C
100
AcDbEntity
67
0
8
0
62
7
6
ByLayer
370
-1
48
1.0
60
0
100
AcDbText
1
1148
10
1399592.19133502
20
360456.902107551
30
0.0
40
0.31111111111
41
1.0
50
0.0
51
0.0
7
Standard
11
1399592.19133502
21
360456.902107551
31
0.0
210
0.0
220
0.0
230
1.0
71
0
72
0
100
AcDbText
73
0
0
POINT
5
91A
330
1C
100
AcDbEntity
67
0
8
0
62
256
6
ByLayer
370
-1
48
1.0
60
0
100
AcDbPoint
10
1399591.01471633
20
360455.547590938
30
0.0
39
0.0
210
0.0
220
0.0
230
1.0
50
360.0
0
TEXT
5
91B
330
1C
100
AcDbEntity
67
0
8
0
62
7
6
ByLayer
370
-1
48
1.0
60
0
100
AcDbText
1
1149
10
1399591.14384434
20
360455.822038395
30
0.0
40
0.31111111111
41
1.0
50
0.0
51
0.0
7
Standard
11
1399591.14384434
21
360455.822038395
31
0.0
210
0.0
220
0.0
230
1.0
71
0
72
0
100
AcDbText
73
0
0
POINT
5
91C
330
1C
100
AcDbEntity
67
0
8
0
62
256
6
ByLayer
370
-1
48
1.0
60
0
100
AcDbPoint
10
1399589.56752821
20
360455.135968959
30
0.0
39
0.0
210
0.0
220
0.0
230
1.0
50
360.0
0
TEXT
5
91D
330
1C
100
AcDbEntity
67
0
8
0
62
7
6
ByLayer
370
-1
48
1.0
60
0
100
AcDbText
1
1150
10
1399589.69665623
20
360455.410416415
30
0.0
40
0.31111111111
41
1.0
50
0.0
51
0.0
7
Standard
11
1399589.69665623
21
360455.410416415
31
0.0
210
0.0
220
0.0
230
1.0
71
0
72
0
100
AcDbText
73
0
0
POINT
5
91E
330
1C
100
AcDbEntity
67
0
8
0
62
256
6
ByLayer
370
-1
48
1.0
60
0
100
AcDbPoint
10
1399588.10841556
20
360455.503087928
30
0.0
39
0.0
210
0.0
220
0.0
230
1.0
50
360.0
0
TEXT
5
91F
330
1C
100
AcDbEntity
67
0
8
0
62
7
6
ByLayer
370
-1
48
1.0
60
0
100
AcDbText
1
1151
10
1399588.23754357
20
360455.777535379
30
0.0
40
0.31111111111
41
1.0
50
0.0
51
0.0
7
Standard
11
1399588.23754357
21
360455.777535379
31
0.0
210
0.0
220
0.0
230
1.0
71
0
72
0
100
AcDbText
73
0
0
POINT
5
920
330
1C
100
AcDbEntity
67
0
8
0
62
256
6
ByLayer
370
-1
48
1.0
60
0
100
AcDbPoint
10
1399587.02834642
20
360456.550578601
30
0.0
39
0.0
210
0.0
220
0.0
230
1.0
50
360.0
0
TEXT
5
921
330
1C
100
AcDbEntity
67
0
8
0
62
7
6
ByLayer
370
-1
48
1.0
60
0
100
AcDbText
1
1152
10
1399587.15747443
20
360456.825026052
30
0.0
40
0.31111111111
41
1.0
50
0.0
51
0.0
7
Standard
11
1399587.15747443
21
360456.825026052
31
0.0
210
0.0
220
0.0
230
1.0
71
0
72
0
100
AcDbText
73
0
0
POINT
5
922
330
1C
100
AcDbEntity
67
0
8
0
62
256
6
ByLayer
370
-1
48
1.0
60
0
100
AcDbPoint
10
1399597.72250756
20
360503.92435407
30
0.0
39
0.0
210
0.0
220
0.0
230
1.0
50
360.0
0
TEXT
5
923
330
1C
100
AcDbEntity
67
0
8
0
62
7
6
ByLayer
370
-1
48
1.0
60
0
100
AcDbText
1
1153
10
1399597.85163548
20
360504.198801541
30
0.0
40
0.31111111111
41
1.0
50
0.0
51
0.0
7
Standard
11
1399597.85163548
21
360504.198801541
31
0.0
210
0.0
220
0.0
230
1.0
71
0
72
0
100
AcDbText
73
0
0
POINT
5
924
330
1C
100
AcDbEntity
67
0
8
0
62
256
6
ByLayer
370
-1
48
1.0
60
0
100
AcDbPoint
10
1399598.08962634
20
360505.383466806
30
0.0
39
0.0
210
0.0
220
0.0
230
1.0
50
360.0
0
TEXT
5
925
330
1C
100
AcDbEntity
67
0
8
0
62
7
6
ByLayer
370
-1
48
1.0
60
0
100
AcDbText
1
1154
10
1399598.21875426
20
360505.657914277
30
0.0
40
0.31111111111
41
1.0
50
0.0
51
0.0
7
Standard
11
1399598.21875426
21
360505.657914277
31
0.0
210
0.0
220
0.0
230
1.0
71
0
72
0
100
AcDbText
73
0
0
POINT
5
926
330
1C
100
AcDbEntity
67
0
8
0
62
256
6
ByLayer
370
-1
48
1.0
60
0
100
AcDbPoint
10
1399599.13711691
20
360506.463536115
30
0.0
39
0.0
210
0.0
220
0.0
230
1.0
50
360.0
0
TEXT
5
927
330
1C
100
AcDbEntity
67
0
8
0
62
7
6
ByLayer
370
-1
48
1.0
60
0
100
AcDbText
1
1155
10
1399599.26624483
20
360506.737983587
30
0.0
40
0.31111111111
41
1.0
50
0.0
51
0.0
7
Standard
11
1399599.26624483
21
360506.737983587
31
0.0
210
0.0
220
0.0
230
1.0
71
0
72
0
100
AcDbText
73
0
0
POINT
5
928
330
1C
100
AcDbEntity
67
0
8
0
62
256
6
ByLayer
370
-1
48
1.0
60
0
100
AcDbPoint
10
1399600.584305
20
360506.875158294
30
0.0
39
0.0
210
0.0
220
0.0
230
1.0
50
360.0
0
TEXT
5
929
330
1C
100
AcDbEntity
67
0
8
0
62
7
6
ByLayer
370
-1
48
1.0
60
0
100
AcDbText
1
1156
10
1399600.71343292
20
360507.149605765
30
0.0
40
0.31111111111
41
1.0
50
0.0
51
0.0
7
Standard
11
1399600.71343292
21
360507.149605765
31
0.0
210
0.0
220
0.0
230
1.0
71
0
72
0
100
AcDbText
73
0
0
POINT
5
92A
330
1C
100
AcDbEntity
67
0
8
0
62
256
6
ByLayer
370
-1
48
1.0
60
0
100
AcDbPoint
10
1399602.04341776
20
360506.508039505
30
0.0
39
0.0
210
0.0
220
0.0
230
1.0
50
360.0
0
TEXT
5
92B
330
1C
100
AcDbEntity
67
0
8
0
62
7
6
ByLayer
370
-1
48
1.0
60
0
100
AcDbText
1
1157
10
1399602.17254567
20
360506.782486984
30
0.0
40
0.31111111111
41
1.0
50
0.0
51
0.0
7
Standard
11
1399602.17254567
21
360506.782486984
31
0.0
210
0.0
220
0.0
230
1.0
71
0
72
0
100
AcDbText
73
0
0
POINT
5
92C
330
1C
100
AcDbEntity
67
0
8
0
62
256
6
ByLayer
370
-1
48
1.0
60
0
100
AcDbPoint
10
1399603.12348708
20
360505.46054893
30
0.0
39
0.0
210
0.0
220
0.0
230
1.0
50
360.0
0
TEXT
5
92D
330
1C
100
AcDbEntity
67
0
8
0
62
7
6
ByLayer
370
-1
48
1.0
60
0
100
AcDbText
1
1158
10
1399603.25261499
20
360505.73499641
30
0.0
40
0.31111111111
41
1.0
50
0.0
51
0.0
7
Standard
11
1399603.25261499
21
360505.73499641
31
0.0
210
0.0
220
0.0
230
1.0
71
0
72
0
100
AcDbText
73
0
0
POINT
5
92E
330
1C
100
AcDbEntity
67
0
8
0
62
256
6
ByLayer
370
-1
48
1.0
60
0
100
AcDbPoint
10
1399603.53510925
20
360504.01336082
30
0.0
39
0.0
210
0.0
220
0.0
230
1.0
50
360.0
0
TEXT
5
92F
330
1C
100
AcDbEntity
67
0
8
0
62
7
6
ByLayer
370
-1
48
1.0
60
0
100
AcDbText
1
1159
10
1399603.66423717
20
360504.287808299
30
0.0
40
0.31111111111
41
1.0
50
0.0
51
0.0
7
Standard
11
1399603.66423717
21
360504.287808299
31
0.0
210
0.0
220
0.0
230
1.0
71
0
72
0
100
AcDbText
73
0
0
POINT
5
930
330
1C
100
AcDbEntity
67
0
8
0
62
256
6
ByLayer
370
-1
48
1.0
60
0
100
AcDbPoint
10
1399603.16799045
20
360502.554248064
30
0.0
39
0.0
210
0.0
220
0.0
230
1.0
50
360.0
0
TEXT
5
931
330
1C
100
AcDbEntity
67
0
8
0
62
7
6
ByLayer
370
-1
48
1.0
60
0
100
AcDbText
1
1160
10
1399603.29711837
20
360502.828695545
30
0.0
40
0.31111111111
41
1.0
50
0.0
51
0.0
7
Standard
11
1399603.29711837
21
360502.828695545
31
0.0
210
0.0
220
0.0
230
1.0
71
0
72
0
100
AcDbText
73
0
0
POINT
5
932
330
1C
100
AcDbEntity
67
0
8
0
62
256
6
ByLayer
370
-1
48
1.0
60
0
100
AcDbPoint
10
1399602.12049986
20
360501.474178756
30
0.0
39
0.0
210
0.0
220
0.0
230
1.0
50
360.0
0
TEXT
5
933
330
1C
100
AcDbEntity
67
0
8
0
62
7
6
ByLayer
370
-1
48
1.0
60
0
100
AcDbText
1
1161
10
1399602.24962779
20
360501.748626233
30
0.0
40
0.31111111111
41
1.0
50
0.0
51
0.0
7
Standard
11
1399602.24962779
21
360501.748626233
31
0.0
210
0.0
220
0.0
230
1.0
71
0
72
0
100
AcDbText
73
0
0
POINT
5
934
330
1C
100
AcDbEntity
67
0
8
0
62
256
6
ByLayer
370
-1
48
1.0
60
0
100
AcDbPoint
10
1399600.67331176
20
360501.062556596
30
0.0
39
0.0
210
0.0
220
0.0
230
1.0
50
360.0
0
TEXT
5
935
330
1C
100
AcDbEntity
67
0
8
0
62
7
6
ByLayer
370
-1
48
1.0
60
0
100
AcDbText
1
1162
10
1399600.80243968
20
360501.337004073
30
0.0
40
0.31111111111
41
1.0
50
0.0
51
0.0
7
Standard
11
1399600.80243968
21
360501.337004073
31
0.0
210
0.0
220
0.0
230
1.0
71
0
72
0
100
AcDbText
73
0
0
POINT
5
936
330
1C
100
AcDbEntity
67
0
8
0
62
256
6
ByLayer
370
-1
48
1.0
60
0
100
AcDbPoint
10
1399599.21419901
20
360501.429675401
30
0.0
39
0.0
210
0.0
220
0.0
230
1.0
50
360.0
0
TEXT
5
937
330
1C
100
AcDbEntity
67
0
8
0
62
7
6
ByLayer
370
-1
48
1.0
60
0
100
AcDbText
1
1163
10
1399599.34332694
20
360501.704122874
30
0.0
40
0.31111111111
41
1.0
50
0.0
51
0.0
7
Standard
11
1399599.34332694
21
360501.704122874
31
0.0
210
0.0
220
0.0
230
1.0
71
0
72
0
100
AcDbText
73
0
0
POINT
5
938
330
1C
100
AcDbEntity
67
0
8
0
62
256
6
ByLayer
370
-1
48
1.0
60
0
100
AcDbPoint
10
1399598.13412972
20
360502.477165978
30
0.0
39
0.0
210
0.0
220
0.0
230
1.0
50
360.0
0
TEXT
5
939
330
1C
100
AcDbEntity
67
0
8
0
62
7
6
ByLayer
370
-1
48
1.0
60
0
100
AcDbText
1
1164
10
1399598.26325764
20
360502.75161345
30
0.0
40
0.31111111111
41
1.0
50
0.0
51
0.0
7
Standard
11
1399598.26325764
21
360502.75161345
31
0.0
210
0.0
220
0.0
230
1.0
71
0
72
0
100
AcDbText
73
0
0
POINT
5
93A
330
1C
100
AcDbEntity
67
0
8
0
62
256
6
ByLayer
370
-1
48
1.0
60
0
100
AcDbPoint
10
1399594.83640587
20
360363.508212785
30
0.0
39
0.0
210
0.0
220
0.0
230
1.0
50
360.0
0
TEXT
5
93B
330
1C
100
AcDbEntity
67
0
8
0
62
7
6
ByLayer
370
-1
48
1.0
60
0
100
AcDbText
1
1165
10
1399594.96553405
20
360363.782660253
30
0.0
40
0.31111111111
41
1.0
50
0.0
51
0.0
7
Standard
11
1399594.96553405
21
360363.782660253
31
0.0
210
0.0
220
0.0
230
1.0
71
0
72
0
100
AcDbText
73
0
0
POINT
5
93C
330
1C
100
AcDbEntity
67
0
8
0
62
256
6
ByLayer
370
-1
48
1.0
60
0
100
AcDbPoint
10
1399595.20352518
20
360364.967325378
30
0.0
39
0.0
210
0.0
220
0.0
230
1.0
50
360.0
0
TEXT
5
93D
330
1C
100
AcDbEntity
67
0
8
0
62
7
6
ByLayer
370
-1
48
1.0
60
0
100
AcDbText
1
1166
10
1399595.33265336
20
360365.241772845
30
0.0
40
0.31111111111
41
1.0
50
0.0
51
0.0
7
Standard
11
1399595.33265336
21
360365.241772845
31
0.0
210
0.0
220
0.0
230
1.0
71
0
72
0
100
AcDbText
73
0
0
POINT
5
93E
330
1C
100
AcDbEntity
67
0
8
0
62
256
6
ByLayer
370
-1
48
1.0
60
0
100
AcDbPoint
10
1399596.25101613
20
360366.047394299
30
0.0
39
0.0
210
0.0
220
0.0
230
1.0
50
360.0
0
TEXT
5
93F
330
1C
100
AcDbEntity
67
0
8
0
62
7
6
ByLayer
370
-1
48
1.0
60
0
100
AcDbText
1
1167
10
1399596.3801443
20
360366.32184177
30
0.0
40
0.31111111111
41
1.0
50
0.0
51
0.0
7
Standard
11
1399596.3801443
21
360366.32184177
31
0.0
210
0.0
220
0.0
230
1.0
71
0
72
0
100
AcDbText
73
0
0
POINT
5
940
330
1C
100
AcDbEntity
67
0
8
0
62
256
6
ByLayer
370
-1
48
1.0
60
0
100
AcDbPoint
10
1399597.69820436
20
360366.459015952
30
0.0
39
0.0
210
0.0
220
0.0
230
1.0
50
360.0
0
TEXT
5
941
330
1C
100
AcDbEntity
67
0
8
0
62
7
6
ByLayer
370
-1
48
1.0
60
0
100
AcDbText
1
1168
10
1399597.82733254
20
360366.733463424
30
0.0
40
0.31111111111
41
1.0
50
0.0
51
0.0
7
Standard
11
1399597.82733254
21
360366.733463424
31
0.0
210
0.0
220
0.0
230
1.0
71
0
72
0
100
AcDbText
73
0
0
POINT
5
942
330
1C
100
AcDbEntity
67
0
8
0
62
256
6
ByLayer
370
-1
48
1.0
60
0
100
AcDbPoint
10
1399599.15731697
20
360366.091896644
30
0.0
39
0.0
210
0.0
220
0.0
230
1.0
50
360.0
0
TEXT
5
943
330
1C
100
AcDbEntity
67
0
8
0
62
7
6
ByLayer
370
-1
48
1.0
60
0
100
AcDbText
1
1169
10
1399599.28644514
20
360366.366344118
30
0.0
40
0.31111111111
41
1.0
50
0.0
51
0.0
7
Standard
11
1399599.28644514
21
360366.366344118
31
0.0
210
0.0
220
0.0
230
1.0
71
0
72
0
100
AcDbText
73
0
0
POINT
5
944
330
1C
100
AcDbEntity
67
0
8
0
62
256
6
ByLayer
370
-1
48
1.0
60
0
100
AcDbPoint
10
1399600.2373859
20
360365.044405686
30
0.0
39
0.0
210
0.0
220
0.0
230
1.0
50
360.0
0
TEXT
5
945
330
1C
100
AcDbEntity
67
0
8
0
62
7
6
ByLayer
370
-1
48
1.0
60
0
100
AcDbText
1
1170
10
1399600.36651408
20
360365.318853162
30
0.0
40
0.31111111111
41
1.0
50
0.0
51
0.0
7
Standard
11
1399600.36651408
21
360365.318853162
31
0.0
210
0.0
220
0.0
230
1.0
71
0
72
0
100
AcDbText
73
0
0
POINT
5
946
330
1C
100
AcDbEntity
67
0
8
0
62
256
6
ByLayer
370
-1
48
1.0
60
0
100
AcDbPoint
10
1399600.64900755
20
360363.597217437
30
0.0
39
0.0
210
0.0
220
0.0
230
1.0
50
360.0
0
TEXT
5
947
330
1C
100
AcDbEntity
67
0
8
0
62
7
6
ByLayer
370
-1
48
1.0
60
0
100
AcDbText
1
1171
10
1399600.77813573
20
360363.871664914
30
0.0
40
0.31111111111
41
1.0
50
0.0
51
0.0
7
Standard
11
1399600.77813573
21
360363.871664914
31
0.0
210
0.0
220
0.0
230
1.0
71
0
72
0
100
AcDbText
73
0
0
POINT
5
948
330
1C
100
AcDbEntity
67
0
8
0
62
256
6
ByLayer
370
-1
48
1.0
60
0
100
AcDbPoint
10
1399600.28188823
20
360362.138104823
30
0.0
39
0.0
210
0.0
220
0.0
230
1.0
50
360.0
0
TEXT
5
949
330
1C
100
AcDbEntity
67
0
8
0
62
7
6
ByLayer
370
-1
48
1.0
60
0
100
AcDbText
1
1172
10
1399600.41101641
20
360362.412552302
30
0.0
40
0.31111111111
41
1.0
50
0.0
51
0.0
7
Standard
11
1399600.41101641
21
360362.412552302
31
0.0
210
0.0
220
0.0
230
1.0
71
0
72
0
100
AcDbText
73
0
0
POINT
5
94A
330
1C
100
AcDbEntity
67
0
8
0
62
256
6
ByLayer
370
-1
48
1.0
60
0
100
AcDbPoint
10
1399599.23439726
20
360361.058035901
30
0.0
39
0.0
210
0.0
220
0.0
230
1.0
50
360.0
0
TEXT
5
94B
330
1C
100
AcDbEntity
67
0
8
0
62
7
6
ByLayer
370
-1
48
1.0
60
0
100
AcDbText
1
1173
10
1399599.36352544
20
360361.332483382
30
0.0
40
0.31111111111
41
1.0
50
0.0
51
0.0
7
Standard
11
1399599.36352544
21
360361.332483382
31
0.0
210
0.0
220
0.0
230
1.0
71
0
72
0
100
AcDbText
73
0
0
POINT
5
94C
330
1C
100
AcDbEntity
67
0
8
0
62
256
6
ByLayer
370
-1
48
1.0
60
0
100
AcDbPoint
10
1399597.78720902
20
360360.646414269
30
0.0
39
0.0
210
0.0
220
0.0
230
1.0
50
360.0
0
TEXT
5
94D
330
1C
100
AcDbEntity
67
0
8
0
62
7
6
ByLayer
370
-1
48
1.0
60
0
100
AcDbText
1
1174
10
1399597.9163372
20
360360.92086174
30
0.0
40
0.31111111111
41
1.0
50
0.0
51
0.0
7
Standard
11
1399597.9163372
21
360360.92086174
31
0.0
210
0.0
220
0.0
230
1.0
71
0
72
0
100
AcDbText
73
0
0
POINT
5
94E
330
1C
100
AcDbEntity
67
0
8
0
62
256
6
ByLayer
370
-1
48
1.0
60
0
100
AcDbPoint
10
1399596.32809642
20
360361.013533596
30
0.0
39
0.0
210
0.0
220
0.0
230
1.0
50
360.0
0
TEXT
5
94F
330
1C
100
AcDbEntity
67
0
8
0
62
7
6
ByLayer
370
-1
48
1.0
60
0
100
AcDbText
1
1175
10
1399596.4572246
20
360361.28798107
30
0.0
40
0.31111111111
41
1.0
50
0.0
51
0.0
7
Standard
11
1399596.4572246
21
360361.28798107
31
0.0
210
0.0
220
0.0
230
1.0
71
0
72
0
100
AcDbText
73
0
0
POINT
5
950
330
1C
100
AcDbEntity
67
0
8
0
62
256
6
ByLayer
370
-1
48
1.0
60
0
100
AcDbPoint
10
1399595.24802751
20
360362.061024553
30
0.0
39
0.0
210
0.0
220
0.0
230
1.0
50
360.0
0
TEXT
5
951
330
1C
100
AcDbEntity
67
0
8
0
62
7
6
ByLayer
370
-1
48
1.0
60
0
100
AcDbText
1
1176
10
1399595.37715569
20
360362.335472025
30
0.0
40
0.31111111111
41
1.0
50
0.0
51
0.0
7
Standard
11
1399595.37715569
21
360362.335472025
31
0.0
210
0.0
220
0.0
230
1.0
71
0
72
0
100
AcDbText
73
0
0
POINT
5
952
330
1C
100
AcDbEntity
67
0
8
0
62
256
6
ByLayer
370
-1
48
1.0
60
0
100
AcDbPoint
10
1399605.44749546
20
360383.280573463
30
0.0
39
0.0
210
0.0
220
0.0
230
1.0
50
360.0
0
TEXT
5
953
330
1C
100
AcDbEntity
67
0
8
0
62
7
6
ByLayer
370
-1
48
1.0
60
0
100
AcDbText
1
1177
10
1399605.5766236
20
360383.555020952
30
0.0
40
0.31111111111
41
1.0
50
0.0
51
0.0
7
Standard
11
1399605.5766236
21
360383.555020952
31
0.0
210
0.0
220
0.0
230
1.0
71
0
72
0
100
AcDbText
73
0
0
POINT
5
954
330
1C
100
AcDbEntity
67
0
8
0
62
256
6
ByLayer
370
-1
48
1.0
60
0
100
AcDbPoint
10
1399605.81461471
20
360384.739686114
30
0.0
39
0.0
210
0.0
220
0.0
230
1.0
50
360.0
0
TEXT
5
955
330
1C
100
AcDbEntity
67
0
8
0
62
7
6
ByLayer
370
-1
48
1.0
60
0
100
AcDbText
1
1178
10
1399605.94374285
20
360385.014133601
30
0.0
40
0.31111111111
41
1.0
50
0.0
51
0.0
7
Standard
11
1399605.94374285
21
360385.014133601
31
0.0
210
0.0
220
0.0
230
1.0
71
0
72
0
100
AcDbText
73
0
0
POINT
5
956
330
1C
100
AcDbEntity
67
0
8
0
62
256
6
ByLayer
370
-1
48
1.0
60
0
100
AcDbPoint
10
1399606.86210563
20
360385.819755117
30
0.0
39
0.0
210
0.0
220
0.0
230
1.0
50
360.0
0
TEXT
5
957
330
1C
100
AcDbEntity
67
0
8
0
62
7
6
ByLayer
370
-1
48
1.0
60
0
100
AcDbText
1
1179
10
1399606.99123376
20
360386.094202608
30
0.0
40
0.31111111111
41
1.0
50
0.0
51
0.0
7
Standard
11
1399606.99123376
21
360386.094202608
31
0.0
210
0.0
220
0.0
230
1.0
71
0
72
0
100
AcDbText
73
0
0
POINT
5
958
330
1C
100
AcDbEntity
67
0
8
0
62
256
6
ByLayer
370
-1
48
1.0
60
0
100
AcDbPoint
10
1399608.30929388
20
360386.231376854
30
0.0
39
0.0
210
0.0
220
0.0
230
1.0
50
360.0
0
TEXT
5
959
330
1C
100
AcDbEntity
67
0
8
0
62
7
6
ByLayer
370
-1
48
1.0
60
0
100
AcDbText
1
1180
10
1399608.43842201
20
360386.505824347
30
0.0
40
0.31111111111
41
1.0
50
0.0
51
0.0
7
Standard
11
1399608.43842201
21
360386.505824347
31
0.0
210
0.0
220
0.0
230
1.0
71
0
72
0
100
AcDbText
73
0
0
POINT
5
95A
330
1C
100
AcDbEntity
67
0
8
0
62
256
6
ByLayer
370
-1
48
1.0
60
0
100
AcDbPoint
10
1399609.76840654
20
360385.864257612
30
0.0
39
0.0
210
0.0
220
0.0
230
1.0
50
360.0
0
TEXT
5
95B
330
1C
100
AcDbEntity
67
0
8
0
62
7
6
ByLayer
370
-1
48
1.0
60
0
100
AcDbText
1
1181
10
1399609.89753468
20
360386.138705104
30
0.0
40
0.31111111111
41
1.0
50
0.0
51
0.0
7
Standard
11
1399609.89753468
21
360386.138705104
31
0.0
210
0.0
220
0.0
230
1.0
71
0
72
0
100
AcDbText
73
0
0
POINT
5
95C
330
1C
100
AcDbEntity
67
0
8
0
62
256
6
ByLayer
370
-1
48
1.0
60
0
100
AcDbPoint
10
1399610.84847556
20
360384.816766679
30
0.0
39
0.0
210
0.0
220
0.0
230
1.0
50
360.0
0
TEXT
5
95D
330
1C
100
AcDbEntity
67
0
8
0
62
7
6
ByLayer
370
-1
48
1.0
60
0
100
AcDbText
1
1182
10
1399610.9776037
20
360385.091214177
30
0.0
40
0.31111111111
41
1.0
50
0.0
51
0.0
7
Standard
11
1399610.9776037
21
360385.091214177
31
0.0
210
0.0
220
0.0
230
1.0
71
0
72
0
100
AcDbText
73
0
0
POINT
5
95E
330
1C
100
AcDbEntity
67
0
8
0
62
256
6
ByLayer
370
-1
48
1.0
60
0
100
AcDbPoint
10
1399611.26009729
20
360383.369578412
30
0.0
39
0.0
210
0.0
220
0.0
230
1.0
50
360.0
0
TEXT
5
95F
330
1C
100
AcDbEntity
67
0
8
0
62
7
6
ByLayer
370
-1
48
1.0
60
0
100
AcDbText
1
1183
10
1399611.38922544
20
360383.644025906
30
0.0
40
0.31111111111
41
1.0
50
0.0
51
0.0
7
Standard
11
1399611.38922544
21
360383.644025906
31
0.0
210
0.0
220
0.0
230
1.0
71
0
72
0
100
AcDbText
73
0
0
POINT
5
960
330
1C
100
AcDbEntity
67
0
8
0
62
256
6
ByLayer
370
-1
48
1.0
60
0
100
AcDbPoint
10
1399610.89297803
20
360381.910465742
30
0.0
39
0.0
210
0.0
220
0.0
230
1.0
50
360.0
0
TEXT
5
961
330
1C
100
AcDbEntity
67
0
8
0
62
7
6
ByLayer
370
-1
48
1.0
60
0
100
AcDbText
1
1184
10
1399611.02210618
20
360382.184913239
30
0.0
40
0.31111111111
41
1.0
50
0.0
51
0.0
7
Standard
11
1399611.02210618
21
360382.184913239
31
0.0
210
0.0
220
0.0
230
1.0
71
0
72
0
100
AcDbText
73
0
0
POINT
5
962
330
1C
100
AcDbEntity
67
0
8
0
62
256
6
ByLayer
370
-1
48
1.0
60
0
100
AcDbPoint
10
1399609.84548709
20
360380.830396739
30
0.0
39
0.0
210
0.0
220
0.0
230
1.0
50
360.0
0
TEXT
5
963
330
1C
100
AcDbEntity
67
0
8
0
62
7
6
ByLayer
370
-1
48
1.0
60
0
100
AcDbText
1
1185
10
1399609.97461524
20
360381.10484423
30
0.0
40
0.31111111111
41
1.0
50
0.0
51
0.0
7
Standard
11
1399609.97461524
21
360381.10484423
31
0.0
210
0.0
220
0.0
230
1.0
71
0
72
0
100
AcDbText
73
0
0
POINT
5
964
330
1C
100
AcDbEntity
67
0
8
0
62
256
6
ByLayer
370
-1
48
1.0
60
0
100
AcDbPoint
10
1399608.39829882
20
360380.418775016
30
0.0
39
0.0
210
0.0
220
0.0
230
1.0
50
360.0
0
TEXT
5
965
330
1C
100
AcDbEntity
67
0
8
0
62
7
6
ByLayer
370
-1
48
1.0
60
0
100
AcDbText
1
1186
10
1399608.52742697
20
360380.693222509
30
0.0
40
0.31111111111
41
1.0
50
0.0
51
0.0
7
Standard
11
1399608.52742697
21
360380.693222509
31
0.0
210
0.0
220
0.0
230
1.0
71
0
72
0
100
AcDbText
73
0
0
POINT
5
966
330
1C
100
AcDbEntity
67
0
8
0
62
256
6
ByLayer
370
-1
48
1.0
60
0
100
AcDbPoint
10
1399606.93918617
20
360380.785894284
30
0.0
39
0.0
210
0.0
220
0.0
230
1.0
50
360.0
0
TEXT
5
967
330
1C
100
AcDbEntity
67
0
8
0
62
7
6
ByLayer
370
-1
48
1.0
60
0
100
AcDbText
1
1187
10
1399607.06831432
20
360381.060341774
30
0.0
40
0.31111111111
41
1.0
50
0.0
51
0.0
7
Standard
11
1399607.06831432
21
360381.060341774
31
0.0
210
0.0
220
0.0
230
1.0
71
0
72
0
100
AcDbText
73
0
0
POINT
5
968
330
1C
100
AcDbEntity
67
0
8
0
62
256
6
ByLayer
370
-1
48
1.0
60
0
100
AcDbPoint
10
1399605.85911718
20
360381.833385215
30
0.0
39
0.0
210
0.0
220
0.0
230
1.0
50
360.0
0
TEXT
5
969
330
1C
100
AcDbEntity
67
0
8
0
62
7
6
ByLayer
370
-1
48
1.0
60
0
100
AcDbText
1
1188
10
1399605.98824532
20
360382.107832703
30
0.0
40
0.31111111111
41
1.0
50
0.0
51
0.0
7
Standard
11
1399605.98824532
21
360382.107832703
31
0.0
210
0.0
220
0.0
230
1.0
71
0
72
0
100
AcDbText
73
0
0
POINT
5
96A
330
1C
100
AcDbEntity
67
0
8
0
62
256
6
ByLayer
370
-1
48
1.0
60
0
100
AcDbPoint
10
1399615.11502636
20
360402.562897363
30
0.0
39
0.0
210
0.0
220
0.0
230
1.0
50
360.0
0
TEXT
5
96B
330
1C
100
AcDbEntity
67
0
8
0
62
7
6
ByLayer
370
-1
48
1.0
60
0
100
AcDbText
1
1189
10
1399615.24415447
20
360402.837344868
30
0.0
40
0.31111111111
41
1.0
50
0.0
51
0.0
7
Standard
11
1399615.24415447
21
360402.837344868
31
0.0
210
0.0
220
0.0
230
1.0
71
0
72
0
100
AcDbText
73
0
0
POINT
5
96C
330
1C
100
AcDbEntity
67
0
8
0
62
256
6
ByLayer
370
-1
48
1.0
60
0
100
AcDbPoint
10
1399615.48214555
20
360404.022010067
30
0.0
39
0.0
210
0.0
220
0.0
230
1.0
50
360.0
0
TEXT
5
96D
330
1C
100
AcDbEntity
67
0
8
0
62
7
6
ByLayer
370
-1
48
1.0
60
0
100
AcDbText
1
1190
10
1399615.61127365
20
360404.296457571
30
0.0
40
0.31111111111
41
1.0
50
0.0
51
0.0
7
Standard
11
1399615.61127365
21
360404.296457571
31
0.0
210
0.0
220
0.0
230
1.0
71
0
72
0
100
AcDbText
73
0
0
POINT
5
96E
330
1C
100
AcDbEntity
67
0
8
0
62
256
6
ByLayer
370
-1
48
1.0
60
0
100
AcDbPoint
10
1399616.52963644
20
360405.10207915
30
0.0
39
0.0
210
0.0
220
0.0
230
1.0
50
360.0
0
TEXT
5
96F
330
1C
100
AcDbEntity
67
0
8
0
62
7
6
ByLayer
370
-1
48
1.0
60
0
100
AcDbText
1
1191
10
1399616.65876455
20
360405.376526653
30
0.0
40
0.31111111111
41
1.0
50
0.0
51
0.0
7
Standard
11
1399616.65876455
21
360405.376526653
31
0.0
210
0.0
220
0.0
230
1.0
71
0
72
0
100
AcDbText
73
0
0
POINT
5
970
330
1C
100
AcDbEntity
67
0
8
0
62
256
6
ByLayer
370
-1
48
1.0
60
0
100
AcDbPoint
10
1399617.97682471
20
360405.51370097
30
0.0
39
0.0
210
0.0
220
0.0
230
1.0
50
360.0
0
TEXT
5
971
330
1C
100
AcDbEntity
67
0
8
0
62
7
6
ByLayer
370
-1
48
1.0
60
0
100
AcDbText
1
1192
10
1399618.10595281
20
360405.788148479
30
0.0
40
0.31111111111
41
1.0
50
0.0
51
0.0
7
Standard
11
1399618.10595281
21
360405.788148479
31
0.0
210
0.0
220
0.0
230
1.0
71
0
72
0
100
AcDbText
73
0
0
POINT
5
972
330
1C
100
AcDbEntity
67
0
8
0
62
256
6
ByLayer
370
-1
48
1.0
60
0
100
AcDbPoint
10
1399619.43593743
20
360405.146581786
30
0.0
39
0.0
210
0.0
220
0.0
230
1.0
50
360.0
0
TEXT
5
973
330
1C
100
AcDbEntity
67
0
8
0
62
7
6
ByLayer
370
-1
48
1.0
60
0
100
AcDbText
1
1193
10
1399619.56506553
20
360405.421029297
30
0.0
40
0.31111111111
41
1.0
50
0.0
51
0.0
7
Standard
11
1399619.56506553
21
360405.421029297
31
0.0
210
0.0
220
0.0
230
1.0
71
0
72
0
100
AcDbText
73
0
0
POINT
5
974
330
1C
100
AcDbEntity
67
0
8
0
62
256
6
ByLayer
370
-1
48
1.0
60
0
100
AcDbPoint
10
1399620.51600652
20
360404.099090882
30
0.0
39
0.0
210
0.0
220
0.0
230
1.0
50
360.0
0
TEXT
5
975
330
1C
100
AcDbEntity
67
0
8
0
62
7
6
ByLayer
370
-1
48
1.0
60
0
100
AcDbText
1
1194
10
1399620.64513463
20
360404.373538396
30
0.0
40
0.31111111111
41
1.0
50
0.0
51
0.0
7
Standard
11
1399620.64513463
21
360404.373538396
31
0.0
210
0.0
220
0.0
230
1.0
71
0
72
0
100
AcDbText
73
0
0
POINT
5
976
330
1C
100
AcDbEntity
67
0
8
0
62
256
6
ByLayer
370
-1
48
1.0
60
0
100
AcDbPoint
10
1399620.92762834
20
360402.6519026
30
0.0
39
0.0
210
0.0
220
0.0
230
1.0
50
360.0
0
TEXT
5
977
330
1C
100
AcDbEntity
67
0
8
0
62
7
6
ByLayer
370
-1
48
1.0
60
0
100
AcDbText
1
1195
10
1399621.05675645
20
360402.926350115
30
0.0
40
0.31111111111
41
1.0
50
0.0
51
0.0
7
Standard
11
1399621.05675645
21
360402.926350115
31
0.0
210
0.0
220
0.0
230
1.0
71
0
72
0
100
AcDbText
73
0
0
POINT
5
978
330
1C
100
AcDbEntity
67
0
8
0
62
256
6
ByLayer
370
-1
48
1.0
60
0
100
AcDbPoint
10
1399620.56050914
20
360401.192789877
30
0.0
39
0.0
210
0.0
220
0.0
230
1.0
50
360.0
0
TEXT
5
979
330
1C
100
AcDbEntity
67
0
8
0
62
7
6
ByLayer
370
-1
48
1.0
60
0
100
AcDbText
1
1196
10
1399620.68963725
20
360401.467237389
30
0.0
40
0.31111111111
41
1.0
50
0.0
51
0.0
7
Standard
11
1399620.68963725
21
360401.467237389
31
0.0
210
0.0
220
0.0
230
1.0
71
0
72
0
100
AcDbText
73
0
0
POINT
5
97A
330
1C
100
AcDbEntity
67
0
8
0
62
256
6
ByLayer
370
-1
48
1.0
60
0
100
AcDbPoint
10
1399619.51301823
20
360400.112720792
30
0.0
39
0.0
210
0.0
220
0.0
230
1.0
50
360.0
0
TEXT
5
97B
330
1C
100
AcDbEntity
67
0
8
0
62
7
6
ByLayer
370
-1
48
1.0
60
0
100
AcDbText
1
1197
10
1399619.64214634
20
360400.387168306
30
0.0
40
0.31111111111
41
1.0
50
0.0
51
0.0
7
Standard
11
1399619.64214634
21
360400.387168306
31
0.0
210
0.0
220
0.0
230
1.0
71
0
72
0
100
AcDbText
73
0
0
POINT
5
97C
330
1C
100
AcDbEntity
67
0
8
0
62
256
6
ByLayer
370
-1
48
1.0
60
0
100
AcDbPoint
10
1399618.06582995
20
360399.701098991
30
0.0
39
0.0
210
0.0
220
0.0
230
1.0
50
360.0
0
TEXT
5
97D
330
1C
100
AcDbEntity
67
0
8
0
62
7
6
ByLayer
370
-1
48
1.0
60
0
100
AcDbText
1
1198
10
1399618.19495806
20
360399.9755465
30
0.0
40
0.31111111111
41
1.0
50
0.0
51
0.0
7
Standard
11
1399618.19495806
21
360399.9755465
31
0.0
210
0.0
220
0.0
230
1.0
71
0
72
0
100
AcDbText
73
0
0
POINT
5
97E
330
1C
100
AcDbEntity
67
0
8
0
62
256
6
ByLayer
370
-1
48
1.0
60
0
100
AcDbPoint
10
1399616.60671724
20
360400.068218195
30
0.0
39
0.0
210
0.0
220
0.0
230
1.0
50
360.0
0
TEXT
5
97F
330
1C
100
AcDbEntity
67
0
8
0
62
7
6
ByLayer
370
-1
48
1.0
60
0
100
AcDbText
1
1199
10
1399616.73584535
20
360400.3426657
30
0.0
40
0.31111111111
41
1.0
50
0.0
51
0.0
7
Standard
11
1399616.73584535
21
360400.3426657
31
0.0
210
0.0
220
0.0
230
1.0
71
0
72
0
100
AcDbText
73
0
0
POINT
5
980
330
1C
100
AcDbEntity
67
0
8
0
62
256
6
ByLayer
370
-1
48
1.0
60
0
100
AcDbPoint
10
1399615.52664817
20
360401.1157091
30
0.0
39
0.0
210
0.0
220
0.0
230
1.0
50
360.0
0
TEXT
5
981
330
1C
100
AcDbEntity
67
0
8
0
62
7
6
ByLayer
370
-1
48
1.0
60
0
100
AcDbText
1
1200
10
1399615.65577628
20
360401.390156604
30
0.0
40
0.31111111111
41
1.0
50
0.0
51
0.0
7
Standard
11
1399615.65577628
21
360401.390156604
31
0.0
210
0.0
220
0.0
230
1.0
71
0
72
0
100
AcDbText
73
0
0
POINT
5
982
330
1C
100
AcDbEntity
67
0
8
0
62
256
6
ByLayer
370
-1
48
1.0
60
0
100
AcDbPoint
10
1399643.36414174
20
360582.637242102
30
0.0
39
0.0
210
0.0
220
0.0
230
1.0
50
360.0
0
TEXT
5
983
330
1C
100
AcDbEntity
67
0
8
0
62
7
6
ByLayer
370
-1
48
1.0
60
0
100
AcDbText
1
1201
10
1399643.49326952
20
360582.911689651
30
0.0
40
0.31111111111
41
1.0
50
0.0
51
0.0
7
Standard
11
1399643.49326952
21
360582.911689651
31
0.0
210
0.0
220
0.0
230
1.0
71
0
72
0
100
AcDbText
73
0
0
POINT
5
984
330
1C
100
AcDbEntity
67
0
8
0
62
256
6
ByLayer
370
-1
48
1.0
60
0
100
AcDbPoint
10
1399643.73126028
20
360584.096355083
30
0.0
39
0.0
210
0.0
220
0.0
230
1.0
50
360.0
0
TEXT
5
985
330
1C
100
AcDbEntity
67
0
8
0
62
7
6
ByLayer
370
-1
48
1.0
60
0
100
AcDbText
1
1202
10
1399643.86038805
20
360584.370802634
30
0.0
40
0.31111111111
41
1.0
50
0.0
51
0.0
7
Standard
11
1399643.86038805
21
360584.370802634
31
0.0
210
0.0
220
0.0
230
1.0
71
0
72
0
100
AcDbText
73
0
0
POINT
5
986
330
1C
100
AcDbEntity
67
0
8
0
62
256
6
ByLayer
370
-1
48
1.0
60
0
100
AcDbPoint
10
1399644.77875075
20
360585.176424729
30
0.0
39
0.0
210
0.0
220
0.0
230
1.0
50
360.0
0
TEXT
5
987
330
1C
100
AcDbEntity
67
0
8
0
62
7
6
ByLayer
370
-1
48
1.0
60
0
100
AcDbText
1
1203
10
1399644.90787852
20
360585.450872282
30
0.0
40
0.31111111111
41
1.0
50
0.0
51
0.0
7
Standard
11
1399644.90787852
21
360585.450872282
31
0.0
210
0.0
220
0.0
230
1.0
71
0
72
0
100
AcDbText
73
0
0
POINT
5
988
330
1C
100
AcDbEntity
67
0
8
0
62
256
6
ByLayer
370
-1
48
1.0
60
0
100
AcDbPoint
10
1399646.22593893
20
360585.588047248
30
0.0
39
0.0
210
0.0
220
0.0
230
1.0
50
360.0
0
TEXT
5
989
330
1C
100
AcDbEntity
67
0
8
0
62
7
6
ByLayer
370
-1
48
1.0
60
0
100
AcDbText
1
1204
10
1399646.3550667
20
360585.862494804
30
0.0
40
0.31111111111
41
1.0
50
0.0
51
0.0
7
Standard
11
1399646.3550667
21
360585.862494804
31
0.0
210
0.0
220
0.0
230
1.0
71
0
72
0
100
AcDbText
73
0
0
POINT
5
98A
330
1C
100
AcDbEntity
67
0
8
0
62
256
6
ByLayer
370
-1
48
1.0
60
0
100
AcDbPoint
10
1399647.68505193
20
360585.220928712
30
0.0
39
0.0
210
0.0
220
0.0
230
1.0
50
360.0
0
TEXT
5
98B
330
1C
100
AcDbEntity
67
0
8
0
62
7
6
ByLayer
370
-1
48
1.0
60
0
100
AcDbText
1
1205
10
1399647.8141797
20
360585.495376271
30
0.0
40
0.31111111111
41
1.0
50
0.0
51
0.0
7
Standard
11
1399647.8141797
21
360585.495376271
31
0.0
210
0.0
220
0.0
230
1.0
71
0
72
0
100
AcDbText
73
0
0
POINT
5
98C
330
1C
100
AcDbEntity
67
0
8
0
62
256
6
ByLayer
370
-1
48
1.0
60
0
100
AcDbPoint
10
1399648.76512158
20
360584.173438233
30
0.0
39
0.0
210
0.0
220
0.0
230
1.0
50
360.0
0
TEXT
5
98D
330
1C
100
AcDbEntity
67
0
8
0
62
7
6
ByLayer
370
-1
48
1.0
60
0
100
AcDbText
1
1206
10
1399648.89424936
20
360584.447885794
30
0.0
40
0.31111111111
41
1.0
50
0.0
51
0.0
7
Standard
11
1399648.89424936
21
360584.447885794
31
0.0
210
0.0
220
0.0
230
1.0
71
0
72
0
100
AcDbText
73
0
0
POINT
5
98E
330
1C
100
AcDbEntity
67
0
8
0
62
256
6
ByLayer
370
-1
48
1.0
60
0
100
AcDbPoint
10
1399649.1767441
20
360582.726250034
30
0.0
39
0.0
210
0.0
220
0.0
230
1.0
50
360.0
0
TEXT
5
98F
330
1C
100
AcDbEntity
67
0
8
0
62
7
6
ByLayer
370
-1
48
1.0
60
0
100
AcDbText
1
1207
10
1399649.30587188
20
360583.000697597
30
0.0
40
0.31111111111
41
1.0
50
0.0
51
0.0
7
Standard
11
1399649.30587188
21
360583.000697597
31
0.0
210
0.0
220
0.0
230
1.0
71
0
72
0
100
AcDbText
73
0
0
POINT
5
990
330
1C
100
AcDbEntity
67
0
8
0
62
256
6
ByLayer
370
-1
48
1.0
60
0
100
AcDbPoint
10
1399648.80962555
20
360581.267137032
30
0.0
39
0.0
210
0.0
220
0.0
230
1.0
50
360.0
0
TEXT
5
991
330
1C
100
AcDbEntity
67
0
8
0
62
7
6
ByLayer
370
-1
48
1.0
60
0
100
AcDbText
1
1208
10
1399648.93875333
20
360581.541584594
30
0.0
40
0.31111111111
41
1.0
50
0.0
51
0.0
7
Standard
11
1399648.93875333
21
360581.541584594
31
0.0
210
0.0
220
0.0
230
1.0
71
0
72
0
100
AcDbText
73
0
0
POINT
5
992
330
1C
100
AcDbEntity
67
0
8
0
62
256
6
ByLayer
370
-1
48
1.0
60
0
100
AcDbPoint
10
1399647.76213506
20
360580.187067387
30
0.0
39
0.0
210
0.0
220
0.0
230
1.0
50
360.0
0
TEXT
5
993
330
1C
100
AcDbEntity
67
0
8
0
62
7
6
ByLayer
370
-1
48
1.0
60
0
100
AcDbText
1
1209
10
1399647.89126284
20
360580.461514949
30
0.0
40
0.31111111111
41
1.0
50
0.0
51
0.0
7
Standard
11
1399647.89126284
21
360580.461514949
31
0.0
210
0.0
220
0.0
230
1.0
71
0
72
0
100
AcDbText
73
0
0
POINT
5
994
330
1C
100
AcDbEntity
67
0
8
0
62
256
6
ByLayer
370
-1
48
1.0
60
0
100
AcDbPoint
10
1399646.31494687
20
360579.77544489
30
0.0
39
0.0
210
0.0
220
0.0
230
1.0
50
360.0
0
TEXT
5
995
330
1C
100
AcDbEntity
67
0
8
0
62
7
6
ByLayer
370
-1
48
1.0
60
0
100
AcDbText
1
1210
10
1399646.44407465
20
360580.049892442
30
0.0
40
0.31111111111
41
1.0
50
0.0
51
0.0
7
Standard
11
1399646.44407465
21
360580.049892442
31
0.0
210
0.0
220
0.0
230
1.0
71
0
72
0
100
AcDbText
73
0
0
POINT
5
996
330
1C
100
AcDbEntity
67
0
8
0
62
256
6
ByLayer
370
-1
48
1.0
60
0
100
AcDbPoint
10
1399644.85583388
20
360580.142563441
30
0.0
39
0.0
210
0.0
220
0.0
230
1.0
50
360.0
0
TEXT
5
997
330
1C
100
AcDbEntity
67
0
8
0
62
7
6
ByLayer
370
-1
48
1.0
60
0
100
AcDbText
1
1211
10
1399644.98496166
20
360580.417010996
30
0.0
40
0.31111111111
41
1.0
50
0.0
51
0.0
7
Standard
11
1399644.98496166
21
360580.417010996
31
0.0
210
0.0
220
0.0
230
1.0
71
0
72
0
100
AcDbText
73
0
0
POINT
5
998
330
1C
100
AcDbEntity
67
0
8
0
62
256
6
ByLayer
370
-1
48
1.0
60
0
100
AcDbPoint
10
1399643.77576425
20
360581.190053923
30
0.0
39
0.0
210
0.0
220
0.0
230
1.0
50
360.0
0
TEXT
5
999
330
1C
100
AcDbEntity
67
0
8
0
62
7
6
ByLayer
370
-1
48
1.0
60
0
100
AcDbText
1
1212
10
1399643.90489203
20
360581.464501474
30
0.0
40
0.31111111111
41
1.0
50
0.0
51
0.0
7
Standard
11
1399643.90489203
21
360581.464501474
31
0.0
210
0.0
220
0.0
230
1.0
71
0
72
0
100
AcDbText
73
0
0
POINT
5
99A
330
1C
100
AcDbEntity
67
0
8
0
62
256
6
ByLayer
370
-1
48
1.0
60
0
100
AcDbPoint
10
1399776.78055423
20
360577.008709575
30
0.0
39
0.0
210
0.0
220
0.0
230
1.0
50
360.0
0
TEXT
5
99B
330
1C
100
AcDbEntity
67
0
8
0
62
7
6
ByLayer
370
-1
48
1.0
60
0
100
AcDbText
1
1213
10
1399776.90968202
20
360577.283157372
30
0.0
40
0.31111111111
41
1.0
50
0.0
51
0.0
7
Standard
11
1399776.90968202
21
360577.283157372
31
0.0
210
0.0
220
0.0
230
1.0
71
0
72
0
100
AcDbText
73
0
0
POINT
5
99C
330
1C
100
AcDbEntity
67
0
8
0
62
256
6
ByLayer
370
-1
48
1.0
60
0
100
AcDbPoint
10
1399777.14767292
20
360578.467823053
30
0.0
39
0.0
210
0.0
220
0.0
230
1.0
50
360.0
0
TEXT
5
99D
330
1C
100
AcDbEntity
67
0
8
0
62
7
6
ByLayer
370
-1
48
1.0
60
0
100
AcDbText
1
1214
10
1399777.2768007
20
360578.742270846
30
0.0
40
0.31111111111
41
1.0
50
0.0
51
0.0
7
Standard
11
1399777.2768007
21
360578.742270846
31
0.0
210
0.0
220
0.0
230
1.0
71
0
72
0
100
AcDbText
73
0
0
POINT
5
99E
330
1C
100
AcDbEntity
67
0
8
0
62
256
6
ByLayer
370
-1
48
1.0
60
0
100
AcDbPoint
10
1399778.19516377
20
360579.547893051
30
0.0
39
0.0
210
0.0
220
0.0
230
1.0
50
360.0
0
TEXT
5
99F
330
1C
100
AcDbEntity
67
0
8
0
62
7
6
ByLayer
370
-1
48
1.0
60
0
100
AcDbText
1
1215
10
1399778.32429154
20
360579.822340847
30
0.0
40
0.31111111111
41
1.0
50
0.0
51
0.0
7
Standard
11
1399778.32429154
21
360579.822340847
31
0.0
210
0.0
220
0.0
230
1.0
71
0
72
0
100
AcDbText
73
0
0
POINT
5
9A0
330
1C
100
AcDbEntity
67
0
8
0
62
256
6
ByLayer
370
-1
48
1.0
60
0
100
AcDbPoint
10
1399779.64235246
20
360579.959515692
30
0.0
39
0.0
210
0.0
220
0.0
230
1.0
50
360.0
0
TEXT
5
9A1
330
1C
100
AcDbEntity
67
0
8
0
62
7
6
ByLayer
370
-1
48
1.0
60
0
100
AcDbText
1
1216
10
1399779.77148023
20
360580.233963489
30
0.0
40
0.31111111111
41
1.0
50
0.0
51
0.0
7
Standard
11
1399779.77148023
21
360580.233963489
31
0.0
210
0.0
220
0.0
230
1.0
71
0
72
0
100
AcDbText
73
0
0
POINT
5
9A2
330
1C
100
AcDbEntity
67
0
8
0
62
256
6
ByLayer
370
-1
48
1.0
60
0
100
AcDbPoint
10
1399781.10146594
20
360579.592397009
30
0.0
39
0.0
210
0.0
220
0.0
230
1.0
50
360.0
0
TEXT
5
9A3
330
1C
100
AcDbEntity
67
0
8
0
62
7
6
ByLayer
370
-1
48
1.0
60
0
100
AcDbText
1
1217
10
1399781.23059372
20
360579.866844811
30
0.0
40
0.31111111111
41
1.0
50
0.0
51
0.0
7
Standard
11
1399781.23059372
21
360579.866844811
31
0.0
210
0.0
220
0.0
230
1.0
71
0
72
0
100
AcDbText
73
0
0
POINT
5
9A4
330
1C
100
AcDbEntity
67
0
8
0
62
256
6
ByLayer
370
-1
48
1.0
60
0
100
AcDbPoint
10
1399782.18153595
20
360578.544906153
30
0.0
39
0.0
210
0.0
220
0.0
230
1.0
50
360.0
0
TEXT
5
9A5
330
1C
100
AcDbEntity
67
0
8
0
62
7
6
ByLayer
370
-1
48
1.0
60
0
100
AcDbText
1
1218
10
1399782.31066373
20
360578.819353958
30
0.0
40
0.31111111111
41
1.0
50
0.0
51
0.0
7
Standard
11
1399782.31066373
21
360578.819353958
31
0.0
210
0.0
220
0.0
230
1.0
71
0
72
0
100
AcDbText
73
0
0
POINT
5
9A6
330
1C
100
AcDbEntity
67
0
8
0
62
256
6
ByLayer
370
-1
48
1.0
60
0
100
AcDbPoint
10
1399782.59315859
20
360577.097717455
30
0.0
39
0.0
210
0.0
220
0.0
230
1.0
50
360.0
0
TEXT
5
9A7
330
1C
100
AcDbEntity
67
0
8
0
62
7
6
ByLayer
370
-1
48
1.0
60
0
100
AcDbText
1
1219
10
1399782.72228637
20
360577.372165259
30
0.0
40
0.31111111111
41
1.0
50
0.0
51
0.0
7
Standard
11
1399782.72228637
21
360577.372165259
31
0.0
210
0.0
220
0.0
230
1.0
71
0
72
0
100
AcDbText
73
0
0
POINT
5
9A8
330
1C
100
AcDbEntity
67
0
8
0
62
256
6
ByLayer
370
-1
48
1.0
60
0
100
AcDbPoint
10
1399782.22603989
20
360575.638603956
30
0.0
39
0.0
210
0.0
220
0.0
230
1.0
50
360.0
0
TEXT
5
9A9
330
1C
100
AcDbEntity
67
0
8
0
62
7
6
ByLayer
370
-1
48
1.0
60
0
100
AcDbText
1
1220
10
1399782.35516768
20
360575.913051762
30
0.0
40
0.31111111111
41
1.0
50
0.0
51
0.0
7
Standard
11
1399782.35516768
21
360575.913051762
31
0.0
210
0.0
220
0.0
230
1.0
71
0
72
0
100
AcDbText
73
0
0
POINT
5
9AA
330
1C
100
AcDbEntity
67
0
8
0
62
256
6
ByLayer
370
-1
48
1.0
60
0
100
AcDbPoint
10
1399781.17854902
20
360574.558533959
30
0.0
39
0.0
210
0.0
220
0.0
230
1.0
50
360.0
0
TEXT
5
9AB
330
1C
100
AcDbEntity
67
0
8
0
62
7
6
ByLayer
370
-1
48
1.0
60
0
100
AcDbText
1
1221
10
1399781.30767681
20
360574.832981761
30
0.0
40
0.31111111111
41
1.0
50
0.0
51
0.0
7
Standard
11
1399781.30767681
21
360574.832981761
31
0.0
210
0.0
220
0.0
230
1.0
71
0
72
0
100
AcDbText
73
0
0
POINT
5
9AC
330
1C
100
AcDbEntity
67
0
8
0
62
256
6
ByLayer
370
-1
48
1.0
60
0
100
AcDbPoint
10
1399779.73136033
20
360574.146911338
30
0.0
39
0.0
210
0.0
220
0.0
230
1.0
50
360.0
0
TEXT
5
9AD
330
1C
100
AcDbEntity
67
0
8
0
62
7
6
ByLayer
370
-1
48
1.0
60
0
100
AcDbText
1
1222
10
1399779.86048812
20
360574.421359139
30
0.0
40
0.31111111111
41
1.0
50
0.0
51
0.0
7
Standard
11
1399779.86048812
21
360574.421359139
31
0.0
210
0.0
220
0.0
230
1.0
71
0
72
0
100
AcDbText
73
0
0
POINT
5
9AE
330
1C
100
AcDbEntity
67
0
8
0
62
256
6
ByLayer
370
-1
48
1.0
60
0
100
AcDbPoint
10
1399778.27224685
20
360574.514030039
30
0.0
39
0.0
210
0.0
220
0.0
230
1.0
50
360.0
0
TEXT
5
9AF
330
1C
100
AcDbEntity
67
0
8
0
62
7
6
ByLayer
370
-1
48
1.0
60
0
100
AcDbText
1
1223
10
1399778.40137464
20
360574.788477836
30
0.0
40
0.31111111111
41
1.0
50
0.0
51
0.0
7
Standard
11
1399778.40137464
21
360574.788477836
31
0.0
210
0.0
220
0.0
230
1.0
71
0
72
0
100
AcDbText
73
0
0
POINT
5
9B0
330
1C
100
AcDbEntity
67
0
8
0
62
256
6
ByLayer
370
-1
48
1.0
60
0
100
AcDbPoint
10
1399777.19217686
20
360575.561520894
30
0.0
39
0.0
210
0.0
220
0.0
230
1.0
50
360.0
0
TEXT
5
9B1
330
1C
100
AcDbEntity
67
0
8
0
62
7
6
ByLayer
370
-1
48
1.0
60
0
100
AcDbText
1
1224
10
1399777.32130464
20
360575.83596869
30
0.0
40
0.31111111111
41
1.0
50
0.0
51
0.0
7
Standard
11
1399777.32130464
21
360575.83596869
31
0.0
210
0.0
220
0.0
230
1.0
71
0
72
0
100
AcDbText
73
0
0
POINT
5
9B2
330
1C
100
AcDbEntity
67
0
8
0
62
256
6
ByLayer
370
-1
48
1.0
60
0
100
AcDbPoint
10
1399709.07997704
20
360658.945716773
30
0.0
39
0.0
210
0.0
220
0.0
230
1.0
50
360.0
0
TEXT
5
9B3
330
1C
100
AcDbEntity
67
0
8
0
62
7
6
ByLayer
370
-1
48
1.0
60
0
100
AcDbText
1
1225
10
1399709.20910468
20
360659.220164439
30
0.0
40
0.31111111111
41
1.0
50
0.0
51
0.0
7
Standard
11
1399709.20910468
21
360659.220164439
31
0.0
210
0.0
220
0.0
230
1.0
71
0
72
0
100
AcDbText
73
0
0
POINT
5
9B4
330
1C
100
AcDbEntity
67
0
8
0
62
256
6
ByLayer
370
-1
48
1.0
60
0
100
AcDbPoint
10
1399709.44709536
20
360660.404830074
30
0.0
39
0.0
210
0.0
220
0.0
230
1.0
50
360.0
0
TEXT
5
9B5
330
1C
100
AcDbEntity
67
0
8
0
62
7
6
ByLayer
370
-1
48
1.0
60
0
100
AcDbText
1
1226
10
1399709.57622299
20
360660.679277743
30
0.0
40
0.31111111111
41
1.0
50
0.0
51
0.0
7
Standard
11
1399709.57622299
21
360660.679277743
31
0.0
210
0.0
220
0.0
230
1.0
71
0
72
0
100
AcDbText
73
0
0
POINT
5
9B6
330
1C
100
AcDbEntity
67
0
8
0
62
256
6
ByLayer
370
-1
48
1.0
60
0
100
AcDbPoint
10
1399710.49458579
20
360661.484900103
30
0.0
39
0.0
210
0.0
220
0.0
230
1.0
50
360.0
0
TEXT
5
9B7
330
1C
100
AcDbEntity
67
0
8
0
62
7
6
ByLayer
370
-1
48
1.0
60
0
100
AcDbText
1
1227
10
1399710.62371342
20
360661.759347775
30
0.0
40
0.31111111111
41
1.0
50
0.0
51
0.0
7
Standard
11
1399710.62371342
21
360661.759347775
31
0.0
210
0.0
220
0.0
230
1.0
71
0
72
0
100
AcDbText
73
0
0
POINT
5
9B8
330
1C
100
AcDbEntity
67
0
8
0
62
256
6
ByLayer
370
-1
48
1.0
60
0
100
AcDbPoint
10
1399711.94177414
20
360661.896522975
30
0.0
39
0.0
210
0.0
220
0.0
230
1.0
50
360.0
0
TEXT
5
9B9
330
1C
100
AcDbEntity
67
0
8
0
62
7
6
ByLayer
370
-1
48
1.0
60
0
100
AcDbText
1
1228
10
1399712.07090177
20
360662.170970649
30
0.0
40
0.31111111111
41
1.0
50
0.0
51
0.0
7
Standard
11
1399712.07090177
21
360662.170970649
31
0.0
210
0.0
220
0.0
230
1.0
71
0
72
0
100
AcDbText
73
0
0
POINT
5
9BA
330
1C
100
AcDbEntity
67
0
8
0
62
256
6
ByLayer
370
-1
48
1.0
60
0
100
AcDbPoint
10
1399713.40088745
20
360661.529404668
30
0.0
39
0.0
210
0.0
220
0.0
230
1.0
50
360.0
0
TEXT
5
9BB
330
1C
100
AcDbEntity
67
0
8
0
62
7
6
ByLayer
370
-1
48
1.0
60
0
100
AcDbText
1
1229
10
1399713.53001508
20
360661.803852344
30
0.0
40
0.31111111111
41
1.0
50
0.0
51
0.0
7
Standard
11
1399713.53001508
21
360661.803852344
31
0.0
210
0.0
220
0.0
230
1.0
71
0
72
0
100
AcDbText
73
0
0
POINT
5
9BC
330
1C
100
AcDbEntity
67
0
8
0
62
256
6
ByLayer
370
-1
48
1.0
60
0
100
AcDbPoint
10
1399714.4809575
20
360660.48191422
30
0.0
39
0.0
210
0.0
220
0.0
230
1.0
50
360.0
0
TEXT
5
9BD
330
1C
100
AcDbEntity
67
0
8
0
62
7
6
ByLayer
370
-1
48
1.0
60
0
100
AcDbText
1
1230
10
1399714.61008513
20
360660.756361898
30
0.0
40
0.31111111111
41
1.0
50
0.0
51
0.0
7
Standard
11
1399714.61008513
21
360660.756361898
31
0.0
210
0.0
220
0.0
230
1.0
71
0
72
0
100
AcDbText
73
0
0
POINT
5
9BE
330
1C
100
AcDbEntity
67
0
8
0
62
256
6
ByLayer
370
-1
48
1.0
60
0
100
AcDbPoint
10
1399714.89258037
20
360659.034725859
30
0.0
39
0.0
210
0.0
220
0.0
230
1.0
50
360.0
0
TEXT
5
9BF
330
1C
100
AcDbEntity
67
0
8
0
62
7
6
ByLayer
370
-1
48
1.0
60
0
100
AcDbText
1
1231
10
1399715.021708
20
360659.309173537
30
0.0
40
0.31111111111
41
1.0
50
0.0
51
0.0
7
Standard
11
1399715.021708
21
360659.309173537
31
0.0
210
0.0
220
0.0
230
1.0
71
0
72
0
100
AcDbText
73
0
0
POINT
5
9C0
330
1C
100
AcDbEntity
67
0
8
0
62
256
6
ByLayer
370
-1
48
1.0
60
0
100
AcDbPoint
10
1399714.52546204
20
360657.57561254
30
0.0
39
0.0
210
0.0
220
0.0
230
1.0
50
360.0
0
TEXT
5
9C1
330
1C
100
AcDbEntity
67
0
8
0
62
7
6
ByLayer
370
-1
48
1.0
60
0
100
AcDbText
1
1232
10
1399714.65458968
20
360657.85006022
30
0.0
40
0.31111111111
41
1.0
50
0.0
51
0.0
7
Standard
11
1399714.65458968
21
360657.85006022
31
0.0
210
0.0
220
0.0
230
1.0
71
0
72
0
100
AcDbText
73
0
0
POINT
5
9C2
330
1C
100
AcDbEntity
67
0
8
0
62
256
6
ByLayer
370
-1
48
1.0
60
0
100
AcDbPoint
10
1399713.47797158
20
360656.495542504
30
0.0
39
0.0
210
0.0
220
0.0
230
1.0
50
360.0
0
TEXT
5
9C3
330
1C
100
AcDbEntity
67
0
8
0
62
7
6
ByLayer
370
-1
48
1.0
60
0
100
AcDbText
1
1233
10
1399713.60709922
20
360656.769990182
30
0.0
40
0.31111111111
41
1.0
50
0.0
51
0.0
7
Standard
11
1399713.60709922
21
360656.769990182
31
0.0
210
0.0
220
0.0
230
1.0
71
0
72
0
100
AcDbText
73
0
0
POINT
5
9C4
330
1C
100
AcDbEntity
67
0
8
0
62
256
6
ByLayer
370
-1
48
1.0
60
0
100
AcDbPoint
10
1399712.03078323
20
360656.083919652
30
0.0
39
0.0
210
0.0
220
0.0
230
1.0
50
360.0
0
TEXT
5
9C5
330
1C
100
AcDbEntity
67
0
8
0
62
7
6
ByLayer
370
-1
48
1.0
60
0
100
AcDbText
1
1234
10
1399712.15991087
20
360656.358367326
30
0.0
40
0.31111111111
41
1.0
50
0.0
51
0.0
7
Standard
11
1399712.15991087
21
360656.358367326
31
0.0
210
0.0
220
0.0
230
1.0
71
0
72
0
100
AcDbText
73
0
0
POINT
5
9C6
330
1C
100
AcDbEntity
67
0
8
0
62
256
6
ByLayer
370
-1
48
1.0
60
0
100
AcDbPoint
10
1399710.57166992
20
360656.45103798
30
0.0
39
0.0
210
0.0
220
0.0
230
1.0
50
360.0
0
TEXT
5
9C7
330
1C
100
AcDbEntity
67
0
8
0
62
7
6
ByLayer
370
-1
48
1.0
60
0
100
AcDbText
1
1235
10
1399710.70079756
20
360656.725485652
30
0.0
40
0.31111111111
41
1.0
50
0.0
51
0.0
7
Standard
11
1399710.70079756
21
360656.725485652
31
0.0
210
0.0
220
0.0
230
1.0
71
0
72
0
100
AcDbText
73
0
0
POINT
5
9C8
330
1C
100
AcDbEntity
67
0
8
0
62
256
6
ByLayer
370
-1
48
1.0
60
0
100
AcDbPoint
10
1399709.4915999
20
360657.498528428
30
0.0
39
0.0
210
0.0
220
0.0
230
1.0
50
360.0
0
TEXT
5
9C9
330
1C
100
AcDbEntity
67
0
8
0
62
7
6
ByLayer
370
-1
48
1.0
60
0
100
AcDbText
1
1236
10
1399709.62072754
20
360657.772976099
30
0.0
40
0.31111111111
41
1.0
50
0.0
51
0.0
7
Standard
11
1399709.62072754
21
360657.772976099
31
0.0
210
0.0
220
0.0
230
1.0
71
0
72
0
100
AcDbText
73
0
0
POINT
5
9CA
330
1C
100
AcDbEntity
67
0
8
0
62
256
6
ByLayer
370
-1
48
1.0
60
0
100
AcDbPoint
10
1399689.07029933
20
360713.433820962
30
0.0
39
0.0
210
0.0
220
0.0
230
1.0
50
360.0
0
TEXT
5
9CB
330
1C
100
AcDbEntity
67
0
8
0
62
7
6
ByLayer
370
-1
48
1.0
60
0
100
AcDbText
1
1237
10
1399689.19942686
20
360713.708268592
30
0.0
40
0.31111111111
41
1.0
50
0.0
51
0.0
7
Standard
11
1399689.19942686
21
360713.708268592
31
0.0
210
0.0
220
0.0
230
1.0
71
0
72
0
100
AcDbText
73
0
0
POINT
5
9CC
330
1C
100
AcDbEntity
67
0
8
0
62
256
6
ByLayer
370
-1
48
1.0
60
0
100
AcDbPoint
10
1399689.43741741
20
360714.892934238
30
0.0
39
0.0
210
0.0
220
0.0
230
1.0
50
360.0
0
TEXT
5
9CD
330
1C
100
AcDbEntity
67
0
8
0
62
7
6
ByLayer
370
-1
48
1.0
60
0
100
AcDbText
1
1238
10
1399689.56654495
20
360715.167381869
30
0.0
40
0.31111111111
41
1.0
50
0.0
51
0.0
7
Standard
11
1399689.56654495
21
360715.167381869
31
0.0
210
0.0
220
0.0
230
1.0
71
0
72
0
100
AcDbText
73
0
0
POINT
5
9CE
330
1C
100
AcDbEntity
67
0
8
0
62
256
6
ByLayer
370
-1
48
1.0
60
0
100
AcDbPoint
10
1399690.48490764
20
360715.973004361
30
0.0
39
0.0
210
0.0
220
0.0
230
1.0
50
360.0
0
TEXT
5
9CF
330
1C
100
AcDbEntity
67
0
8
0
62
7
6
ByLayer
370
-1
48
1.0
60
0
100
AcDbText
1
1239
10
1399690.61403518
20
360716.247451993
30
0.0
40
0.31111111111
41
1.0
50
0.0
51
0.0
7
Standard
11
1399690.61403518
21
360716.247451993
31
0.0
210
0.0
220
0.0
230
1.0
71
0
72
0
100
AcDbText
73
0
0
POINT
5
9D0
330
1C
100
AcDbEntity
67
0
8
0
62
256
6
ByLayer
370
-1
48
1.0
60
0
100
AcDbPoint
10
1399691.93209586
20
360716.384627415
30
0.0
39
0.0
210
0.0
220
0.0
230
1.0
50
360.0
0
TEXT
5
9D1
330
1C
100
AcDbEntity
67
0
8
0
62
7
6
ByLayer
370
-1
48
1.0
60
0
100
AcDbText
1
1240
10
1399692.06122339
20
360716.659075052
30
0.0
40
0.31111111111
41
1.0
50
0.0
51
0.0
7
Standard
11
1399692.06122339
21
360716.659075052
31
0.0
210
0.0
220
0.0
230
1.0
71
0
72
0
100
AcDbText
73
0
0
POINT
5
9D2
330
1C
100
AcDbEntity
67
0
8
0
62
256
6
ByLayer
370
-1
48
1.0
60
0
100
AcDbPoint
10
1399693.39120915
20
360716.017509327
30
0.0
39
0.0
210
0.0
220
0.0
230
1.0
50
360.0
0
TEXT
5
9D3
330
1C
100
AcDbEntity
67
0
8
0
62
7
6
ByLayer
370
-1
48
1.0
60
0
100
AcDbText
1
1241
10
1399693.52033668
20
360716.291956967
30
0.0
40
0.31111111111
41
1.0
50
0.0
51
0.0
7
Standard
11
1399693.52033668
21
360716.291956967
31
0.0
210
0.0
220
0.0
230
1.0
71
0
72
0
100
AcDbText
73
0
0
POINT
5
9D4
330
1C
100
AcDbEntity
67
0
8
0
62
256
6
ByLayer
370
-1
48
1.0
60
0
100
AcDbPoint
10
1399694.47127928
20
360714.970019087
30
0.0
39
0.0
210
0.0
220
0.0
230
1.0
50
360.0
0
TEXT
5
9D5
330
1C
100
AcDbEntity
67
0
8
0
62
7
6
ByLayer
370
-1
48
1.0
60
0
100
AcDbText
1
1242
10
1399694.60040682
20
360715.244466727
30
0.0
40
0.31111111111
41
1.0
50
0.0
51
0.0
7
Standard
11
1399694.60040682
21
360715.244466727
31
0.0
210
0.0
220
0.0
230
1.0
71
0
72
0
100
AcDbText
73
0
0
POINT
5
9D6
330
1C
100
AcDbEntity
67
0
8
0
62
256
6
ByLayer
370
-1
48
1.0
60
0
100
AcDbPoint
10
1399694.88290233
20
360713.522830856
30
0.0
39
0.0
210
0.0
220
0.0
230
1.0
50
360.0
0
TEXT
5
9D7
330
1C
100
AcDbEntity
67
0
8
0
62
7
6
ByLayer
370
-1
48
1.0
60
0
100
AcDbText
1
1243
10
1399695.01202987
20
360713.797278498
30
0.0
40
0.31111111111
41
1.0
50
0.0
51
0.0
7
Standard
11
1399695.01202987
21
360713.797278498
31
0.0
210
0.0
220
0.0
230
1.0
71
0
72
0
100
AcDbText
73
0
0
POINT
5
9D8
330
1C
100
AcDbEntity
67
0
8
0
62
256
6
ByLayer
370
-1
48
1.0
60
0
100
AcDbPoint
10
1399694.51578423
20
360712.063717562
30
0.0
39
0.0
210
0.0
220
0.0
230
1.0
50
360.0
0
TEXT
5
9D9
330
1C
100
AcDbEntity
67
0
8
0
62
7
6
ByLayer
370
-1
48
1.0
60
0
100
AcDbText
1
1244
10
1399694.64491177
20
360712.338165203
30
0.0
40
0.31111111111
41
1.0
50
0.0
51
0.0
7
Standard
11
1399694.64491177
21
360712.338165203
31
0.0
210
0.0
220
0.0
230
1.0
71
0
72
0
100
AcDbText
73
0
0
POINT
5
9DA
330
1C
100
AcDbEntity
67
0
8
0
62
256
6
ByLayer
370
-1
48
1.0
60
0
100
AcDbPoint
10
1399693.46829398
20
360710.983647437
30
0.0
39
0.0
210
0.0
220
0.0
230
1.0
50
360.0
0
TEXT
5
9DB
330
1C
100
AcDbEntity
67
0
8
0
62
7
6
ByLayer
370
-1
48
1.0
60
0
100
AcDbText
1
1245
10
1399693.59742152
20
360711.258095078
30
0.0
40
0.31111111111
41
1.0
50
0.0
51
0.0
7
Standard
11
1399693.59742152
21
360711.258095078
31
0.0
210
0.0
220
0.0
230
1.0
71
0
72
0
100
AcDbText
73
0
0
POINT
5
9DC
330
1C
100
AcDbEntity
67
0
8
0
62
256
6
ByLayer
370
-1
48
1.0
60
0
100
AcDbPoint
10
1399692.02110575
20
360710.572024403
30
0.0
39
0.0
210
0.0
220
0.0
230
1.0
50
360.0
0
TEXT
5
9DD
330
1C
100
AcDbEntity
67
0
8
0
62
7
6
ByLayer
370
-1
48
1.0
60
0
100
AcDbText
1
1246
10
1399692.1502333
20
360710.846472038
30
0.0
40
0.31111111111
41
1.0
50
0.0
51
0.0
7
Standard
11
1399692.1502333
21
360710.846472038
31
0.0
210
0.0
220
0.0
230
1.0
71
0
72
0
100
AcDbText
73
0
0
POINT
5
9DE
330
1C
100
AcDbEntity
67
0
8
0
62
256
6
ByLayer
370
-1
48
1.0
60
0
100
AcDbPoint
10
1399690.56199247
20
360710.939142508
30
0.0
39
0.0
210
0.0
220
0.0
230
1.0
50
360.0
0
TEXT
5
9DF
330
1C
100
AcDbEntity
67
0
8
0
62
7
6
ByLayer
370
-1
48
1.0
60
0
100
AcDbText
1
1247
10
1399690.69112001
20
360711.213590143
30
0.0
40
0.31111111111
41
1.0
50
0.0
51
0.0
7
Standard
11
1399690.69112001
21
360711.213590143
31
0.0
210
0.0
220
0.0
230
1.0
71
0
72
0
100
AcDbText
73
0
0
POINT
5
9E0
330
1C
100
AcDbEntity
67
0
8
0
62
256
6
ByLayer
370
-1
48
1.0
60
0
100
AcDbPoint
10
1399689.48192236
20
360711.98663275
30
0.0
39
0.0
210
0.0
220
0.0
230
1.0
50
360.0
0
TEXT
5
9E1
330
1C
100
AcDbEntity
67
0
8
0
62
7
6
ByLayer
370
-1
48
1.0
60
0
100
AcDbText
1
1248
10
1399689.6110499
20
360712.261080384
30
0.0
40
0.31111111111
41
1.0
50
0.0
51
0.0
7
Standard
11
1399689.6110499
21
360712.261080384
31
0.0
210
0.0
220
0.0
230
1.0
71
0
72
0
100
AcDbText
73
0
0
POINT
5
9E2
330
1C
100
AcDbEntity
67
0
8
0
62
256
6
ByLayer
370
-1
48
1.0
60
0
100
AcDbPoint
10
1399551.30476755
20
360804.560510645
30
0.0
39
0.0
210
0.0
220
0.0
230
1.0
50
360.0
0
TEXT
5
9E3
330
1C
100
AcDbEntity
67
0
8
0
62
7
6
ByLayer
370
-1
48
1.0
60
0
100
AcDbText
1
1249
10
1399551.43389493
20
360804.834958023
30
0.0
40
0.31111111111
41
1.0
50
0.0
51
0.0
7
Standard
11
1399551.43389493
21
360804.834958023
31
0.0
210
0.0
220
0.0
230
1.0
71
0
72
0
100
AcDbText
73
0
0
POINT
5
9E4
330
1C
100
AcDbEntity
67
0
8
0
62
256
6
ByLayer
370
-1
48
1.0
60
0
100
AcDbPoint
10
1399551.67188517
20
360806.01962349
30
0.0
39
0.0
210
0.0
220
0.0
230
1.0
50
360.0
0
TEXT
5
9E5
330
1C
100
AcDbEntity
67
0
8
0
62
7
6
ByLayer
370
-1
48
1.0
60
0
100
AcDbText
1
1250
10
1399551.80101254
20
360806.294070871
30
0.0
40
0.31111111111
41
1.0
50
0.0
51
0.0
7
Standard
11
1399551.80101254
21
360806.294070871
31
0.0
210
0.0
220
0.0
230
1.0
71
0
72
0
100
AcDbText
73
0
0
POINT
5
9E6
330
1C
100
AcDbEntity
67
0
8
0
62
256
6
ByLayer
370
-1
48
1.0
60
0
100
AcDbPoint
10
1399552.71937478
20
360807.099693479
30
0.0
39
0.0
210
0.0
220
0.0
230
1.0
50
360.0
0
TEXT
5
9E7
330
1C
100
AcDbEntity
67
0
8
0
62
7
6
ByLayer
370
-1
48
1.0
60
0
100
AcDbText
1
1251
10
1399552.84850215
20
360807.374140859
30
0.0
40
0.31111111111
41
1.0
50
0.0
51
0.0
7
Standard
11
1399552.84850215
21
360807.374140859
31
0.0
210
0.0
220
0.0
230
1.0
71
0
72
0
100
AcDbText
73
0
0
POINT
5
9E8
330
1C
100
AcDbEntity
67
0
8
0
62
256
6
ByLayer
370
-1
48
1.0
60
0
100
AcDbPoint
10
1399554.16656239
20
360807.511316727
30
0.0
39
0.0
210
0.0
220
0.0
230
1.0
50
360.0
0
TEXT
5
9E9
330
1C
100
AcDbEntity
67
0
8
0
62
7
6
ByLayer
370
-1
48
1.0
60
0
100
AcDbText
1
1252
10
1399554.29568975
20
360807.785764109
30
0.0
40
0.31111111111
41
1.0
50
0.0
51
0.0
7
Standard
11
1399554.29568975
21
360807.785764109
31
0.0
210
0.0
220
0.0
230
1.0
71
0
72
0
100
AcDbText
73
0
0
POINT
5
9EA
330
1C
100
AcDbEntity
67
0
8
0
62
256
6
ByLayer
370
-1
48
1.0
60
0
100
AcDbPoint
10
1399555.62567525
20
360807.144199111
30
0.0
39
0.0
210
0.0
220
0.0
230
1.0
50
360.0
0
TEXT
5
9EB
330
1C
100
AcDbEntity
67
0
8
0
62
7
6
ByLayer
370
-1
48
1.0
60
0
100
AcDbText
1
1253
10
1399555.75480261
20
360807.418646493
30
0.0
40
0.31111111111
41
1.0
50
0.0
51
0.0
7
Standard
11
1399555.75480261
21
360807.418646493
31
0.0
210
0.0
220
0.0
230
1.0
71
0
72
0
100
AcDbText
73
0
0
POINT
5
9EC
330
1C
100
AcDbEntity
67
0
8
0
62
256
6
ByLayer
370
-1
48
1.0
60
0
100
AcDbPoint
10
1399556.70574524
20
360806.096709493
30
0.0
39
0.0
210
0.0
220
0.0
230
1.0
50
360.0
0
TEXT
5
9ED
330
1C
100
AcDbEntity
67
0
8
0
62
7
6
ByLayer
370
-1
48
1.0
60
0
100
AcDbText
1
1254
10
1399556.83487261
20
360806.371156879
30
0.0
40
0.31111111111
41
1.0
50
0.0
51
0.0
7
Standard
11
1399556.83487261
21
360806.371156879
31
0.0
210
0.0
220
0.0
230
1.0
71
0
72
0
100
AcDbText
73
0
0
POINT
5
9EE
330
1C
100
AcDbEntity
67
0
8
0
62
256
6
ByLayer
370
-1
48
1.0
60
0
100
AcDbPoint
10
1399557.11736849
20
360804.649521872
30
0.0
39
0.0
210
0.0
220
0.0
230
1.0
50
360.0
0
TEXT
5
9EF
330
1C
100
AcDbEntity
67
0
8
0
62
7
6
ByLayer
370
-1
48
1.0
60
0
100
AcDbText
1
1255
10
1399557.24649586
20
360804.923969257
30
0.0
40
0.31111111111
41
1.0
50
0.0
51
0.0
7
Standard
11
1399557.24649586
21
360804.923969257
31
0.0
210
0.0
220
0.0
230
1.0
71
0
72
0
100
AcDbText
73
0
0
POINT
5
9F0
330
1C
100
AcDbEntity
67
0
8
0
62
256
6
ByLayer
370
-1
48
1.0
60
0
100
AcDbPoint
10
1399556.75025086
20
360803.190409006
30
0.0
39
0.0
210
0.0
220
0.0
230
1.0
50
360.0
0
TEXT
5
9F1
330
1C
100
AcDbEntity
67
0
8
0
62
7
6
ByLayer
370
-1
48
1.0
60
0
100
AcDbText
1
1256
10
1399556.87937823
20
360803.46485639
30
0.0
40
0.31111111111
41
1.0
50
0.0
51
0.0
7
Standard
11
1399556.87937823
21
360803.46485639
31
0.0
210
0.0
220
0.0
230
1.0
71
0
72
0
100
AcDbText
73
0
0
POINT
5
9F2
330
1C
100
AcDbEntity
67
0
8
0
62
256
6
ByLayer
370
-1
48
1.0
60
0
100
AcDbPoint
10
1399555.70276123
20
360802.110339017
30
0.0
39
0.0
210
0.0
220
0.0
230
1.0
50
360.0
0
TEXT
5
9F3
330
1C
100
AcDbEntity
67
0
8
0
62
7
6
ByLayer
370
-1
48
1.0
60
0
100
AcDbText
1
1257
10
1399555.83188861
20
360802.384786402
30
0.0
40
0.31111111111
41
1.0
50
0.0
51
0.0
7
Standard
11
1399555.83188861
21
360802.384786402
31
0.0
210
0.0
220
0.0
230
1.0
71
0
72
0
100
AcDbText
73
0
0
POINT
5
9F4
330
1C
100
AcDbEntity
67
0
8
0
62
256
6
ByLayer
370
-1
48
1.0
60
0
100
AcDbPoint
10
1399554.25557361
20
360801.698715788
30
0.0
39
0.0
210
0.0
220
0.0
230
1.0
50
360.0
0
TEXT
5
9F5
330
1C
100
AcDbEntity
67
0
8
0
62
7
6
ByLayer
370
-1
48
1.0
60
0
100
AcDbText
1
1258
10
1399554.38470099
20
360801.97316317
30
0.0
40
0.31111111111
41
1.0
50
0.0
51
0.0
7
Standard
11
1399554.38470099
21
360801.97316317
31
0.0
210
0.0
220
0.0
230
1.0
71
0
72
0
100
AcDbText
73
0
0
POINT
5
9F6
330
1C
100
AcDbEntity
67
0
8
0
62
256
6
ByLayer
370
-1
48
1.0
60
0
100
AcDbPoint
10
1399552.79646076
20
360802.065833426
30
0.0
39
0.0
210
0.0
220
0.0
230
1.0
50
360.0
0
TEXT
5
9F7
330
1C
100
AcDbEntity
67
0
8
0
62
7
6
ByLayer
370
-1
48
1.0
60
0
100
AcDbText
1
1259
10
1399552.92558814
20
360802.340280805
30
0.0
40
0.31111111111
41
1.0
50
0.0
51
0.0
7
Standard
11
1399552.92558814
21
360802.340280805
31
0.0
210
0.0
220
0.0
230
1.0
71
0
72
0
100
AcDbText
73
0
0
POINT
5
9F8
330
1C
100
AcDbEntity
67
0
8
0
62
256
6
ByLayer
370
-1
48
1.0
60
0
100
AcDbPoint
10
1399551.71639078
20
360803.113323039
30
0.0
39
0.0
210
0.0
220
0.0
230
1.0
50
360.0
0
TEXT
5
9F9
330
1C
100
AcDbEntity
67
0
8
0
62
7
6
ByLayer
370
-1
48
1.0
60
0
100
AcDbText
1
1260
10
1399551.84551816
20
360803.387770421
30
0.0
40
0.31111111111
41
1.0
50
0.0
51
0.0
7
Standard
11
1399551.84551816
21
360803.387770421
31
0.0
210
0.0
220
0.0
230
1.0
71
0
72
0
100
AcDbText
73
0
0
POINT
5
9FA
330
1C
100
AcDbEntity
67
0
8
0
62
256
6
ByLayer
370
-1
48
1.0
60
0
100
AcDbPoint
10
1398854.53799472
20
359184.327363616
30
0.0
39
0.0
210
0.0
220
0.0
230
1.0
50
360.0
0
TEXT
5
9FB
330
1C
100
AcDbEntity
67
0
8
0
62
7
6
ByLayer
370
-1
48
1.0
60
0
100
AcDbText
1
1261
10
1398854.66712507
20
359184.601809768
30
0.0
40
0.31111111111
41
1.0
50
0.0
51
0.0
7
Standard
11
1398854.66712507
21
359184.601809768
31
0.0
210
0.0
220
0.0
230
1.0
71
0
72
0
100
AcDbText
73
0
0
POINT
5
9FC
330
1C
100
AcDbEntity
67
0
8
0
62
256
6
ByLayer
370
-1
48
1.0
60
0
100
AcDbPoint
10
1398854.90511775
20
359185.786472321
30
0.0
39
0.0
210
0.0
220
0.0
230
1.0
50
360.0
0
TEXT
5
9FD
330
1C
100
AcDbEntity
67
0
8
0
62
7
6
ByLayer
370
-1
48
1.0
60
0
100
AcDbText
1
1262
10
1398855.0342481
20
359186.060918471
30
0.0
40
0.31111111111
41
1.0
50
0.0
51
0.0
7
Standard
11
1398855.0342481
21
359186.060918471
31
0.0
210
0.0
220
0.0
230
1.0
71
0
72
0
100
AcDbText
73
0
0
POINT
5
9FE
330
1C
100
AcDbEntity
67
0
8
0
62
256
6
ByLayer
370
-1
48
1.0
60
0
100
AcDbPoint
10
1398855.95260998
20
359186.866536014
30
0.0
39
0.0
210
0.0
220
0.0
230
1.0
50
360.0
0
TEXT
5
9FF
330
1C
100
AcDbEntity
67
0
8
0
62
7
6
ByLayer
370
-1
48
1.0
60
0
100
AcDbText
1
1263
10
1398856.08174032
20
359187.140982165
30
0.0
40
0.31111111111
41
1.0
50
0.0
51
0.0
7
Standard
11
1398856.08174032
21
359187.140982165
31
0.0
210
0.0
220
0.0
230
1.0
71
0
72
0
100
AcDbText
73
0
0
POINT
5
A00
330
1C
100
AcDbEntity
67
0
8
0
62
256
6
ByLayer
370
-1
48
1.0
60
0
100
AcDbPoint
10
1398857.3997967
20
359187.278152503
30
0.0
39
0.0
210
0.0
220
0.0
230
1.0
50
360.0
0
TEXT
5
A01
330
1C
100
AcDbEntity
67
0
8
0
62
7
6
ByLayer
370
-1
48
1.0
60
0
100
AcDbText
1
1264
10
1398857.52892704
20
359187.552598657
30
0.0
40
0.31111111111
41
1.0
50
0.0
51
0.0
7
Standard
11
1398857.52892704
21
359187.552598657
31
0.0
210
0.0
220
0.0
230
1.0
71
0
72
0
100
AcDbText
73
0
0
POINT
5
A02
330
1C
100
AcDbEntity
67
0
8
0
62
256
6
ByLayer
370
-1
48
1.0
60
0
100
AcDbPoint
10
1398858.85890542
20
359186.911029476
30
0.0
39
0.0
210
0.0
220
0.0
230
1.0
50
360.0
0
TEXT
5
A03
330
1C
100
AcDbEntity
67
0
8
0
62
7
6
ByLayer
370
-1
48
1.0
60
0
100
AcDbText
1
1265
10
1398858.98803576
20
359187.185475631
30
0.0
40
0.31111111111
41
1.0
50
0.0
51
0.0
7
Standard
11
1398858.98803576
21
359187.185475631
31
0.0
210
0.0
220
0.0
230
1.0
71
0
72
0
100
AcDbText
73
0
0
POINT
5
A04
330
1C
100
AcDbEntity
67
0
8
0
62
256
6
ByLayer
370
-1
48
1.0
60
0
100
AcDbPoint
10
1398859.93896913
20
359185.863537241
30
0.0
39
0.0
210
0.0
220
0.0
230
1.0
50
360.0
0
TEXT
5
A05
330
1C
100
AcDbEntity
67
0
8
0
62
7
6
ByLayer
370
-1
48
1.0
60
0
100
AcDbText
1
1266
10
1398860.06809947
20
359186.1379834
30
0.0
40
0.31111111111
41
1.0
50
0.0
51
0.0
7
Standard
11
1398860.06809947
21
359186.1379834
31
0.0
210
0.0
220
0.0
230
1.0
71
0
72
0
100
AcDbText
73
0
0
POINT
5
A06
330
1C
100
AcDbEntity
67
0
8
0
62
256
6
ByLayer
370
-1
48
1.0
60
0
100
AcDbPoint
10
1398860.35058561
20
359184.416350503
30
0.0
39
0.0
210
0.0
220
0.0
230
1.0
50
360.0
0
TEXT
5
A07
330
1C
100
AcDbEntity
67
0
8
0
62
7
6
ByLayer
370
-1
48
1.0
60
0
100
AcDbText
1
1267
10
1398860.47971595
20
359184.69079666
30
0.0
40
0.31111111111
41
1.0
50
0.0
51
0.0
7
Standard
11
1398860.47971595
21
359184.69079666
31
0.0
210
0.0
220
0.0
230
1.0
71
0
72
0
100
AcDbText
73
0
0
POINT
5
A08
330
1C
100
AcDbEntity
67
0
8
0
62
256
6
ByLayer
370
-1
48
1.0
60
0
100
AcDbPoint
10
1398859.98346257
20
359182.957241778
30
0.0
39
0.0
210
0.0
220
0.0
230
1.0
50
360.0
0
TEXT
5
A09
330
1C
100
AcDbEntity
67
0
8
0
62
7
6
ByLayer
370
-1
48
1.0
60
0
100
AcDbText
1
1268
10
1398860.11259292
20
359183.231687938
30
0.0
40
0.31111111111
41
1.0
50
0.0
51
0.0
7
Standard
11
1398860.11259292
21
359183.231687938
31
0.0
210
0.0
220
0.0
230
1.0
71
0
72
0
100
AcDbText
73
0
0
POINT
5
A0A
330
1C
100
AcDbEntity
67
0
8
0
62
256
6
ByLayer
370
-1
48
1.0
60
0
100
AcDbPoint
10
1398858.93597032
20
359181.877178083
30
0.0
39
0.0
210
0.0
220
0.0
230
1.0
50
360.0
0
TEXT
5
A0B
330
1C
100
AcDbEntity
67
0
8
0
62
7
6
ByLayer
370
-1
48
1.0
60
0
100
AcDbText
1
1269
10
1398859.06510067
20
359182.151624243
30
0.0
40
0.31111111111
41
1.0
50
0.0
51
0.0
7
Standard
11
1398859.06510067
21
359182.151624243
31
0.0
210
0.0
220
0.0
230
1.0
71
0
72
0
100
AcDbText
73
0
0
POINT
5
A0C
330
1C
100
AcDbEntity
67
0
8
0
62
256
6
ByLayer
370
-1
48
1.0
60
0
100
AcDbPoint
10
1398857.48878359
20
359181.465561615
30
0.0
39
0.0
210
0.0
220
0.0
230
1.0
50
360.0
0
TEXT
5
A0D
330
1C
100
AcDbEntity
67
0
8
0
62
7
6
ByLayer
370
-1
48
1.0
60
0
100
AcDbText
1
1270
10
1398857.61791394
20
359181.740007769
30
0.0
40
0.31111111111
41
1.0
50
0.0
51
0.0
7
Standard
11
1398857.61791394
21
359181.740007769
31
0.0
210
0.0
220
0.0
230
1.0
71
0
72
0
100
AcDbText
73
0
0
POINT
5
A0E
330
1C
100
AcDbEntity
67
0
8
0
62
256
6
ByLayer
370
-1
48
1.0
60
0
100
AcDbPoint
10
1398856.02967488
20
359181.832684661
30
0.0
39
0.0
210
0.0
220
0.0
230
1.0
50
360.0
0
TEXT
5
A0F
330
1C
100
AcDbEntity
67
0
8
0
62
7
6
ByLayer
370
-1
48
1.0
60
0
100
AcDbText
1
1271
10
1398856.15880523
20
359182.107130814
30
0.0
40
0.31111111111
41
1.0
50
0.0
51
0.0
7
Standard
11
1398856.15880523
21
359182.107130814
31
0.0
210
0.0
220
0.0
230
1.0
71
0
72
0
100
AcDbText
73
0
0
POINT
5
A10
330
1C
100
AcDbEntity
67
0
8
0
62
256
6
ByLayer
370
-1
48
1.0
60
0
100
AcDbPoint
10
1398854.94961119
20
359182.880176894
30
0.0
39
0.0
210
0.0
220
0.0
230
1.0
50
360.0
0
TEXT
5
A11
330
1C
100
AcDbEntity
67
0
8
0
62
7
6
ByLayer
370
-1
48
1.0
60
0
100
AcDbText
1
1272
10
1398855.07874154
20
359183.154623045
30
0.0
40
0.31111111111
41
1.0
50
0.0
51
0.0
7
Standard
11
1398855.07874154
21
359183.154623045
31
0.0
210
0.0
220
0.0
230
1.0
71
0
72
0
100
AcDbText
73
0
0
POINT
5
A12
330
1C
100
AcDbEntity
67
0
8
0
62
256
6
ByLayer
370
-1
48
1.0
60
0
100
AcDbPoint
10
1395061.11595551
20
359857.212413892
30
0.0
39
0.0
210
0.0
220
0.0
230
1.0
50
360.0
0
TEXT
5
A13
330
1C
100
AcDbEntity
67
0
8
0
62
7
6
ByLayer
370
-1
48
1.0
60
0
100
AcDbText
1
1273
10
1395061.24508473
20
359857.486853106
30
0.0
40
0.31111111111
41
1.0
50
0.0
51
0.0
7
Standard
11
1395061.24508473
21
359857.486853106
31
0.0
210
0.0
220
0.0
230
1.0
71
0
72
0
100
AcDbText
73
0
0
POINT
5
A14
330
1C
100
AcDbEntity
67
0
8
0
62
256
6
ByLayer
370
-1
48
1.0
60
0
100
AcDbPoint
10
1395061.48307243
20
359858.671509022
30
0.0
39
0.0
210
0.0
220
0.0
230
1.0
50
360.0
0
TEXT
5
A15
330
1C
100
AcDbEntity
67
0
8
0
62
7
6
ByLayer
370
-1
48
1.0
60
0
100
AcDbText
1
1274
10
1395061.61220164
20
359858.945948235
30
0.0
40
0.31111111111
41
1.0
50
0.0
51
0.0
7
Standard
11
1395061.61220164
21
359858.945948235
31
0.0
210
0.0
220
0.0
230
1.0
71
0
72
0
100
AcDbText
73
0
0
POINT
5
A16
330
1C
100
AcDbEntity
67
0
8
0
62
256
6
ByLayer
370
-1
48
1.0
60
0
100
AcDbPoint
10
1395062.53055257
20
359859.751564012
30
0.0
39
0.0
210
0.0
220
0.0
230
1.0
50
360.0
0
TEXT
5
A17
330
1C
100
AcDbEntity
67
0
8
0
62
7
6
ByLayer
370
-1
48
1.0
60
0
100
AcDbText
1
1275
10
1395062.65968178
20
359860.026003231
30
0.0
40
0.31111111111
41
1.0
50
0.0
51
0.0
7
Standard
11
1395062.65968178
21
359860.026003231
31
0.0
210
0.0
220
0.0
230
1.0
71
0
72
0
100
AcDbText
73
0
0
POINT
5
A18
330
1C
100
AcDbEntity
67
0
8
0
62
256
6
ByLayer
370
-1
48
1.0
60
0
100
AcDbPoint
10
1395063.97772448
20
359860.16317901
30
0.0
39
0.0
210
0.0
220
0.0
230
1.0
50
360.0
0
TEXT
5
A19
330
1C
100
AcDbEntity
67
0
8
0
62
7
6
ByLayer
370
-1
48
1.0
60
0
100
AcDbText
1
1276
10
1395064.10685369
20
359860.437618229
30
0.0
40
0.31111111111
41
1.0
50
0.0
51
0.0
7
Standard
11
1395064.10685369
21
359860.437618229
31
0.0
210
0.0
220
0.0
230
1.0
71
0
72
0
100
AcDbText
73
0
0
POINT
5
A1A
330
1C
100
AcDbEntity
67
0
8
0
62
256
6
ByLayer
370
-1
48
1.0
60
0
100
AcDbPoint
10
1395065.43681962
20
359859.796062091
30
0.0
39
0.0
210
0.0
220
0.0
230
1.0
50
360.0
0
TEXT
5
A1B
330
1C
100
AcDbEntity
67
0
8
0
62
7
6
ByLayer
370
-1
48
1.0
60
0
100
AcDbText
1
1277
10
1395065.56594883
20
359860.070501314
30
0.0
40
0.31111111111
41
1.0
50
0.0
51
0.0
7
Standard
11
1395065.56594883
21
359860.070501314
31
0.0
210
0.0
220
0.0
230
1.0
71
0
72
0
100
AcDbText
73
0
0
POINT
5
A1C
330
1C
100
AcDbEntity
67
0
8
0
62
256
6
ByLayer
370
-1
48
1.0
60
0
100
AcDbPoint
10
1395066.51687462
20
359858.748581941
30
0.0
39
0.0
210
0.0
220
0.0
230
1.0
50
360.0
0
TEXT
5
A1D
330
1C
100
AcDbEntity
67
0
8
0
62
7
6
ByLayer
370
-1
48
1.0
60
0
100
AcDbText
1
1278
10
1395066.64600384
20
359859.023021163
30
0.0
40
0.31111111111
41
1.0
50
0.0
51
0.0
7
Standard
11
1395066.64600384
21
359859.023021163
31
0.0
210
0.0
220
0.0
230
1.0
71
0
72
0
100
AcDbText
73
0
0
POINT
5
A1E
330
1C
100
AcDbEntity
67
0
8
0
62
256
6
ByLayer
370
-1
48
1.0
60
0
100
AcDbPoint
10
1395066.92848962
20
359857.301410011
30
0.0
39
0.0
210
0.0
220
0.0
230
1.0
50
360.0
0
TEXT
5
A1F
330
1C
100
AcDbEntity
67
0
8
0
62
7
6
ByLayer
370
-1
48
1.0
60
0
100
AcDbText
1
1279
10
1395067.05761884
20
359857.575849237
30
0.0
40
0.31111111111
41
1.0
50
0.0
51
0.0
7
Standard
11
1395067.05761884
21
359857.575849237
31
0.0
210
0.0
220
0.0
230
1.0
71
0
72
0
100
AcDbText
73
0
0
POINT
5
A20
330
1C
100
AcDbEntity
67
0
8
0
62
256
6
ByLayer
370
-1
48
1.0
60
0
100
AcDbPoint
10
1395066.56137269
20
359855.842314865
30
0.0
39
0.0
210
0.0
220
0.0
230
1.0
50
360.0
0
TEXT
5
A21
330
1C
100
AcDbEntity
67
0
8
0
62
7
6
ByLayer
370
-1
48
1.0
60
0
100
AcDbText
1
1280
10
1395066.69050191
20
359856.116754091
30
0.0
40
0.31111111111
41
1.0
50
0.0
51
0.0
7
Standard
11
1395066.69050191
21
359856.116754091
31
0.0
210
0.0
220
0.0
230
1.0
71
0
72
0
100
AcDbText
73
0
0
POINT
5
A22
330
1C
100
AcDbEntity
67
0
8
0
62
256
6
ByLayer
370
-1
48
1.0
60
0
100
AcDbPoint
10
1395065.51389252
20
359854.762259873
30
0.0
39
0.0
210
0.0
220
0.0
230
1.0
50
360.0
0
TEXT
5
A23
330
1C
100
AcDbEntity
67
0
8
0
62
7
6
ByLayer
370
-1
48
1.0
60
0
100
AcDbText
1
1281
10
1395065.64302174
20
359855.036699096
30
0.0
40
0.31111111111
41
1.0
50
0.0
51
0.0
7
Standard
11
1395065.64302174
21
359855.036699096
31
0.0
210
0.0
220
0.0
230
1.0
71
0
72
0
100
AcDbText
73
0
0
POINT
5
A24
330
1C
100
AcDbEntity
67
0
8
0
62
256
6
ByLayer
370
-1
48
1.0
60
0
100
AcDbPoint
10
1395064.0667206
20
359854.350644896
30
0.0
39
0.0
210
0.0
220
0.0
230
1.0
50
360.0
0
TEXT
5
A25
330
1C
100
AcDbEntity
67
0
8
0
62
7
6
ByLayer
370
-1
48
1.0
60
0
100
AcDbText
1
1282
10
1395064.19584982
20
359854.625084117
30
0.0
40
0.31111111111
41
1.0
50
0.0
51
0.0
7
Standard
11
1395064.19584982
21
359854.625084117
31
0.0
210
0.0
220
0.0
230
1.0
71
0
72
0
100
AcDbText
73
0
0
POINT
5
A26
330
1C
100
AcDbEntity
67
0
8
0
62
256
6
ByLayer
370
-1
48
1.0
60
0
100
AcDbPoint
10
1395062.60762547
20
359854.717761829
30
0.0
39
0.0
210
0.0
220
0.0
230
1.0
50
360.0
0
TEXT
5
A27
330
1C
100
AcDbEntity
67
0
8
0
62
7
6
ByLayer
370
-1
48
1.0
60
0
100
AcDbText
1
1283
10
1395062.73675469
20
359854.992201049
30
0.0
40
0.31111111111
41
1.0
50
0.0
51
0.0
7
Standard
11
1395062.73675469
21
359854.992201049
31
0.0
210
0.0
220
0.0
230
1.0
71
0
72
0
100
AcDbText
73
0
0
POINT
5
A28
330
1C
100
AcDbEntity
67
0
8
0
62
256
6
ByLayer
370
-1
48
1.0
60
0
100
AcDbPoint
10
1395061.52757048
20
359855.765241983
30
0.0
39
0.0
210
0.0
220
0.0
230
1.0
50
360.0
0
TEXT
5
A29
330
1C
100
AcDbEntity
67
0
8
0
62
7
6
ByLayer
370
-1
48
1.0
60
0
100
AcDbText
1
1284
10
1395061.65669971
20
359856.039681199
30
0.0
40
0.31111111111
41
1.0
50
0.0
51
0.0
7
Standard
11
1395061.65669971
21
359856.039681199
31
0.0
210
0.0
220
0.0
230
1.0
71
0
72
0
100
AcDbText
73
0
0
POINT
5
A2A
330
1C
100
AcDbEntity
67
0
8
0
62
256
6
ByLayer
370
-1
48
1.0
60
0
100
AcDbPoint
10
1394459.74261517
20
359843.285179703
30
0.0
39
0.0
210
0.0
220
0.0
230
1.0
50
360.0
0
TEXT
5
A2B
330
1C
100
AcDbEntity
67
0
8
0
62
7
6
ByLayer
370
-1
48
1.0
60
0
100
AcDbText
1
1285
10
1394459.87174444
20
359843.55961782
30
0.0
40
0.31111111111
41
1.0
50
0.0
51
0.0
7
Standard
11
1394459.87174444
21
359843.55961782
31
0.0
210
0.0
220
0.0
230
1.0
71
0
72
0
100
AcDbText
73
0
0
POINT
5
A2C
330
1C
100
AcDbEntity
67
0
8
0
62
256
6
ByLayer
370
-1
48
1.0
60
0
100
AcDbPoint
10
1394460.10973158
20
359844.744272563
30
0.0
39
0.0
210
0.0
220
0.0
230
1.0
50
360.0
0
TEXT
5
A2D
330
1C
100
AcDbEntity
67
0
8
0
62
7
6
ByLayer
370
-1
48
1.0
60
0
100
AcDbText
1
1286
10
1394460.23886083
20
359845.018710682
30
0.0
40
0.31111111111
41
1.0
50
0.0
51
0.0
7
Standard
11
1394460.23886083
21
359845.018710682
31
0.0
210
0.0
220
0.0
230
1.0
71
0
72
0
100
AcDbText
73
0
0
POINT
5
A2E
330
1C
100
AcDbEntity
67
0
8
0
62
256
6
ByLayer
370
-1
48
1.0
60
0
100
AcDbPoint
10
1394461.15721014
20
359845.824325852
30
0.0
39
0.0
210
0.0
220
0.0
230
1.0
50
360.0
0
TEXT
5
A2F
330
1C
100
AcDbEntity
67
0
8
0
62
7
6
ByLayer
370
-1
48
1.0
60
0
100
AcDbText
1
1287
10
1394461.28633939
20
359846.098763973
30
0.0
40
0.31111111111
41
1.0
50
0.0
51
0.0
7
Standard
11
1394461.28633939
21
359846.098763973
31
0.0
210
0.0
220
0.0
230
1.0
71
0
72
0
100
AcDbText
73
0
0
POINT
5
A30
330
1C
100
AcDbEntity
67
0
8
0
62
256
6
ByLayer
370
-1
48
1.0
60
0
100
AcDbPoint
10
1394462.60437982
20
359846.235940161
30
0.0
39
0.0
210
0.0
220
0.0
230
1.0
50
360.0
0
TEXT
5
A31
330
1C
100
AcDbEntity
67
0
8
0
62
7
6
ByLayer
370
-1
48
1.0
60
0
100
AcDbText
1
1288
10
1394462.73350908
20
359846.510378284
30
0.0
40
0.31111111111
41
1.0
50
0.0
51
0.0
7
Standard
11
1394462.73350908
21
359846.510378284
31
0.0
210
0.0
220
0.0
230
1.0
71
0
72
0
100
AcDbText
73
0
0
POINT
5
A32
330
1C
100
AcDbEntity
67
0
8
0
62
256
6
ByLayer
370
-1
48
1.0
60
0
100
AcDbPoint
10
1394464.0634727
20
359845.868823765
30
0.0
39
0.0
210
0.0
220
0.0
230
1.0
50
360.0
0
TEXT
5
A33
330
1C
100
AcDbEntity
67
0
8
0
62
7
6
ByLayer
370
-1
48
1.0
60
0
100
AcDbText
1
1289
10
1394464.19260196
20
359846.143261889
30
0.0
40
0.31111111111
41
1.0
50
0.0
51
0.0
7
Standard
11
1394464.19260196
21
359846.143261889
31
0.0
210
0.0
220
0.0
230
1.0
71
0
72
0
100
AcDbText
73
0
0
POINT
5
A34
330
1C
100
AcDbEntity
67
0
8
0
62
256
6
ByLayer
370
-1
48
1.0
60
0
100
AcDbPoint
10
1394465.143526
20
359844.821345194
30
0.0
39
0.0
210
0.0
220
0.0
230
1.0
50
360.0
0
TEXT
5
A35
330
1C
100
AcDbEntity
67
0
8
0
62
7
6
ByLayer
370
-1
48
1.0
60
0
100
AcDbText
1
1290
10
1394465.27265526
20
359845.095783322
30
0.0
40
0.31111111111
41
1.0
50
0.0
51
0.0
7
Standard
11
1394465.27265526
21
359845.095783322
31
0.0
210
0.0
220
0.0
230
1.0
71
0
72
0
100
AcDbText
73
0
0
POINT
5
A36
330
1C
100
AcDbEntity
67
0
8
0
62
256
6
ByLayer
370
-1
48
1.0
60
0
100
AcDbPoint
10
1394465.55514031
20
359843.374175488
30
0.0
39
0.0
210
0.0
220
0.0
230
1.0
50
360.0
0
TEXT
5
A37
330
1C
100
AcDbEntity
67
0
8
0
62
7
6
ByLayer
370
-1
48
1.0
60
0
100
AcDbText
1
1291
10
1394465.68426957
20
359843.648613614
30
0.0
40
0.31111111111
41
1.0
50
0.0
51
0.0
7
Standard
11
1394465.68426957
21
359843.648613614
31
0.0
210
0.0
220
0.0
230
1.0
71
0
72
0
100
AcDbText
73
0
0
POINT
5
A38
330
1C
100
AcDbEntity
67
0
8
0
62
256
6
ByLayer
370
-1
48
1.0
60
0
100
AcDbPoint
10
1394465.1880239
20
359841.915082609
30
0.0
39
0.0
210
0.0
220
0.0
230
1.0
50
360.0
0
TEXT
5
A39
330
1C
100
AcDbEntity
67
0
8
0
62
7
6
ByLayer
370
-1
48
1.0
60
0
100
AcDbText
1
1292
10
1394465.31715316
20
359842.189520733
30
0.0
40
0.31111111111
41
1.0
50
0.0
51
0.0
7
Standard
11
1394465.31715316
21
359842.189520733
31
0.0
210
0.0
220
0.0
230
1.0
71
0
72
0
100
AcDbText
73
0
0
POINT
5
A3A
330
1C
100
AcDbEntity
67
0
8
0
62
256
6
ByLayer
370
-1
48
1.0
60
0
100
AcDbPoint
10
1394464.14054532
20
359840.835029317
30
0.0
39
0.0
210
0.0
220
0.0
230
1.0
50
360.0
0
TEXT
5
A3B
330
1C
100
AcDbEntity
67
0
8
0
62
7
6
ByLayer
370
-1
48
1.0
60
0
100
AcDbText
1
1293
10
1394464.26967458
20
359841.109467445
30
0.0
40
0.31111111111
41
1.0
50
0.0
51
0.0
7
Standard
11
1394464.26967458
21
359841.109467445
31
0.0
210
0.0
220
0.0
230
1.0
71
0
72
0
100
AcDbText
73
0
0
POINT
5
A3C
330
1C
100
AcDbEntity
67
0
8
0
62
256
6
ByLayer
370
-1
48
1.0
60
0
100
AcDbPoint
10
1394462.69337561
20
359840.423415027
30
0.0
39
0.0
210
0.0
220
0.0
230
1.0
50
360.0
0
TEXT
5
A3D
330
1C
100
AcDbEntity
67
0
8
0
62
7
6
ByLayer
370
-1
48
1.0
60
0
100
AcDbText
1
1294
10
1394462.82250488
20
359840.697853151
30
0.0
40
0.31111111111
41
1.0
50
0.0
51
0.0
7
Standard
11
1394462.82250488
21
359840.697853151
31
0.0
210
0.0
220
0.0
230
1.0
71
0
72
0
100
AcDbText
73
0
0
POINT
5
A3E
330
1C
100
AcDbEntity
67
0
8
0
62
256
6
ByLayer
370
-1
48
1.0
60
0
100
AcDbPoint
10
1394461.23428275
20
359840.790531443
30
0.0
39
0.0
210
0.0
220
0.0
230
1.0
50
360.0
0
TEXT
5
A3F
330
1C
100
AcDbEntity
67
0
8
0
62
7
6
ByLayer
370
-1
48
1.0
60
0
100
AcDbText
1
1295
10
1394461.36341201
20
359841.064969563
30
0.0
40
0.31111111111
41
1.0
50
0.0
51
0.0
7
Standard
11
1394461.36341201
21
359841.064969563
31
0.0
210
0.0
220
0.0
230
1.0
71
0
72
0
100
AcDbText
73
0
0
POINT
5
A40
330
1C
100
AcDbEntity
67
0
8
0
62
256
6
ByLayer
370
-1
48
1.0
60
0
100
AcDbPoint
10
1394460.15422947
20
359841.838010014
30
0.0
39
0.0
210
0.0
220
0.0
230
1.0
50
360.0
0
TEXT
5
A41
330
1C
100
AcDbEntity
67
0
8
0
62
7
6
ByLayer
370
-1
48
1.0
60
0
100
AcDbText
1
1296
10
1394460.28335873
20
359842.112448132
30
0.0
40
0.31111111111
41
1.0
50
0.0
51
0.0
7
Standard
11
1394460.28335873
21
359842.112448132
31
0.0
210
0.0
220
0.0
230
1.0
71
0
72
0
100
AcDbText
73
0
0
POINT
5
A42
330
1C
100
AcDbEntity
67
0
8
0
62
256
6
ByLayer
370
-1
48
1.0
60
0
100
AcDbPoint
10
1394488.44766893
20
359835.474172748
30
0.0
39
0.0
210
0.0
220
0.0
230
1.0
50
360.0
0
TEXT
5
A43
330
1C
100
AcDbEntity
67
0
8
0
62
7
6
ByLayer
370
-1
48
1.0
60
0
100
AcDbText
1
1297
10
1394488.5767982
20
359835.748610917
30
0.0
40
0.31111111111
41
1.0
50
0.0
51
0.0
7
Standard
11
1394488.5767982
21
359835.748610917
31
0.0
210
0.0
220
0.0
230
1.0
71
0
72
0
100
AcDbText
73
0
0
POINT
5
A44
330
1C
100
AcDbEntity
67
0
8
0
62
256
6
ByLayer
370
-1
48
1.0
60
0
100
AcDbPoint
10
1394488.81478538
20
359836.933265708
30
0.0
39
0.0
210
0.0
220
0.0
230
1.0
50
360.0
0
TEXT
5
A45
330
1C
100
AcDbEntity
67
0
8
0
62
7
6
ByLayer
370
-1
48
1.0
60
0
100
AcDbText
1
1298
10
1394488.94391466
20
359837.207703881
30
0.0
40
0.31111111111
41
1.0
50
0.0
51
0.0
7
Standard
11
1394488.94391466
21
359837.207703881
31
0.0
210
0.0
220
0.0
230
1.0
71
0
72
0
100
AcDbText
73
0
0
POINT
5
A46
330
1C
100
AcDbEntity
67
0
8
0
62
256
6
ByLayer
370
-1
48
1.0
60
0
100
AcDbPoint
10
1394489.86226404
20
359838.013319055
30
0.0
39
0.0
210
0.0
220
0.0
230
1.0
50
360.0
0
TEXT
5
A47
330
1C
100
AcDbEntity
67
0
8
0
62
7
6
ByLayer
370
-1
48
1.0
60
0
100
AcDbText
1
1299
10
1394489.99139331
20
359838.287757231
30
0.0
40
0.31111111111
41
1.0
50
0.0
51
0.0
7
Standard
11
1394489.99139331
21
359838.287757231
31
0.0
210
0.0
220
0.0
230
1.0
71
0
72
0
100
AcDbText
73
0
0
POINT
5
A48
330
1C
100
AcDbEntity
67
0
8
0
62
256
6
ByLayer
370
-1
48
1.0
60
0
100
AcDbPoint
10
1394491.30943385
20
359838.424933367
30
0.0
39
0.0
210
0.0
220
0.0
230
1.0
50
360.0
0
TEXT
5
A49
330
1C
100
AcDbEntity
67
0
8
0
62
7
6
ByLayer
370
-1
48
1.0
60
0
100
AcDbText
1
1300
10
1394491.43856312
20
359838.699371543
30
0.0
40
0.31111111111
41
1.0
50
0.0
51
0.0
7
Standard
11
1394491.43856312
21
359838.699371543
31
0.0
210
0.0
220
0.0
230
1.0
71
0
72
0
100
AcDbText
73
0
0
POINT
5
A4A
330
1C
100
AcDbEntity
67
0
8
0
62
256
6
ByLayer
370
-1
48
1.0
60
0
100
AcDbPoint
10
1394492.76852683
20
359838.057816912
30
0.0
39
0.0
210
0.0
220
0.0
230
1.0
50
360.0
0
TEXT
5
A4B
330
1C
100
AcDbEntity
67
0
8
0
62
7
6
ByLayer
370
-1
48
1.0
60
0
100
AcDbText
1
1301
10
1394492.89765609
20
359838.332255091
30
0.0
40
0.31111111111
41
1.0
50
0.0
51
0.0
7
Standard
11
1394492.89765609
21
359838.332255091
31
0.0
210
0.0
220
0.0
230
1.0
71
0
72
0
100
AcDbText
73
0
0
POINT
5
A4C
330
1C
100
AcDbEntity
67
0
8
0
62
256
6
ByLayer
370
-1
48
1.0
60
0
100
AcDbPoint
10
1394493.84858018
20
359837.010338243
30
0.0
39
0.0
210
0.0
220
0.0
230
1.0
50
360.0
0
TEXT
5
A4D
330
1C
100
AcDbEntity
67
0
8
0
62
7
6
ByLayer
370
-1
48
1.0
60
0
100
AcDbText
1
1302
10
1394493.97770945
20
359837.284776424
30
0.0
40
0.31111111111
41
1.0
50
0.0
51
0.0
7
Standard
11
1394493.97770945
21
359837.284776424
31
0.0
210
0.0
220
0.0
230
1.0
71
0
72
0
100
AcDbText
73
0
0
POINT
5
A4E
330
1C
100
AcDbEntity
67
0
8
0
62
256
6
ByLayer
370
-1
48
1.0
60
0
100
AcDbPoint
10
1394494.26019449
20
359835.563168422
30
0.0
39
0.0
210
0.0
220
0.0
230
1.0
50
360.0
0
TEXT
5
A4F
330
1C
100
AcDbEntity
67
0
8
0
62
7
6
ByLayer
370
-1
48
1.0
60
0
100
AcDbText
1
1303
10
1394494.38932377
20
359835.837606605
30
0.0
40
0.31111111111
41
1.0
50
0.0
51
0.0
7
Standard
11
1394494.38932377
21
359835.837606605
31
0.0
210
0.0
220
0.0
230
1.0
71
0
72
0
100
AcDbText
73
0
0
POINT
5
A50
330
1C
100
AcDbEntity
67
0
8
0
62
256
6
ByLayer
370
-1
48
1.0
60
0
100
AcDbPoint
10
1394493.89307802
20
359834.104075442
30
0.0
39
0.0
210
0.0
220
0.0
230
1.0
50
360.0
0
TEXT
5
A51
330
1C
100
AcDbEntity
67
0
8
0
62
7
6
ByLayer
370
-1
48
1.0
60
0
100
AcDbText
1
1304
10
1394494.0222073
20
359834.378513621
30
0.0
40
0.31111111111
41
1.0
50
0.0
51
0.0
7
Standard
11
1394494.0222073
21
359834.378513621
31
0.0
210
0.0
220
0.0
230
1.0
71
0
72
0
100
AcDbText
73
0
0
POINT
5
A52
330
1C
100
AcDbEntity
67
0
8
0
62
256
6
ByLayer
370
-1
48
1.0
60
0
100
AcDbPoint
10
1394492.84559934
20
359833.024022094
30
0.0
39
0.0
210
0.0
220
0.0
230
1.0
50
360.0
0
TEXT
5
A53
330
1C
100
AcDbEntity
67
0
8
0
62
7
6
ByLayer
370
-1
48
1.0
60
0
100
AcDbText
1
1305
10
1394492.97472862
20
359833.298460271
30
0.0
40
0.31111111111
41
1.0
50
0.0
51
0.0
7
Standard
11
1394492.97472862
21
359833.298460271
31
0.0
210
0.0
220
0.0
230
1.0
71
0
72
0
100
AcDbText
73
0
0
POINT
5
A54
330
1C
100
AcDbEntity
67
0
8
0
62
256
6
ByLayer
370
-1
48
1.0
60
0
100
AcDbPoint
10
1394491.39842952
20
359832.612407803
30
0.0
39
0.0
210
0.0
220
0.0
230
1.0
50
360.0
0
TEXT
5
A55
330
1C
100
AcDbEntity
67
0
8
0
62
7
6
ByLayer
370
-1
48
1.0
60
0
100
AcDbText
1
1306
10
1394491.52755881
20
359832.886845977
30
0.0
40
0.31111111111
41
1.0
50
0.0
51
0.0
7
Standard
11
1394491.52755881
21
359832.886845977
31
0.0
210
0.0
220
0.0
230
1.0
71
0
72
0
100
AcDbText
73
0
0
POINT
5
A56
330
1C
100
AcDbEntity
67
0
8
0
62
256
6
ByLayer
370
-1
48
1.0
60
0
100
AcDbPoint
10
1394489.93933656
20
359832.979524275
30
0.0
39
0.0
210
0.0
220
0.0
230
1.0
50
360.0
0
TEXT
5
A57
330
1C
100
AcDbEntity
67
0
8
0
62
7
6
ByLayer
370
-1
48
1.0
60
0
100
AcDbText
1
1307
10
1394490.06846584
20
359833.253962449
30
0.0
40
0.31111111111
41
1.0
50
0.0
51
0.0
7
Standard
11
1394490.06846584
21
359833.253962449
31
0.0
210
0.0
220
0.0
230
1.0
71
0
72
0
100
AcDbText
73
0
0
POINT
5
A58
330
1C
100
AcDbEntity
67
0
8
0
62
256
6
ByLayer
370
-1
48
1.0
60
0
100
AcDbPoint
10
1394488.85928322
20
359834.027002947
30
0.0
39
0.0
210
0.0
220
0.0
230
1.0
50
360.0
0
TEXT
5
A59
330
1C
100
AcDbEntity
67
0
8
0
62
7
6
ByLayer
370
-1
48
1.0
60
0
100
AcDbText
1
1308
10
1394488.9884125
20
359834.301441116
30
0.0
40
0.31111111111
41
1.0
50
0.0
51
0.0
7
Standard
11
1394488.9884125
21
359834.301441116
31
0.0
210
0.0
220
0.0
230
1.0
71
0
72
0
100
AcDbText
73
0
0
POINT
5
A5A
330
1C
100
AcDbEntity
67
0
8
0
62
256
6
ByLayer
370
-1
48
1.0
60
0
100
AcDbPoint
10
1394483.8744452
20
359816.398862117
30
0.0
39
0.0
210
0.0
220
0.0
230
1.0
50
360.0
0
TEXT
5
A5B
330
1C
100
AcDbEntity
67
0
8
0
62
7
6
ByLayer
370
-1
48
1.0
60
0
100
AcDbText
1
1309
10
1394484.00357451
20
359816.673300279
30
0.0
40
0.31111111111
41
1.0
50
0.0
51
0.0
7
Standard
11
1394484.00357451
21
359816.673300279
31
0.0
210
0.0
220
0.0
230
1.0
71
0
72
0
100
AcDbText
73
0
0
POINT
5
A5C
330
1C
100
AcDbEntity
67
0
8
0
62
256
6
ByLayer
370
-1
48
1.0
60
0
100
AcDbPoint
10
1394484.24156173
20
359817.857955044
30
0.0
39
0.0
210
0.0
220
0.0
230
1.0
50
360.0
0
TEXT
5
A5D
330
1C
100
AcDbEntity
67
0
8
0
62
7
6
ByLayer
370
-1
48
1.0
60
0
100
AcDbText
1
1310
10
1394484.37069103
20
359818.132393207
30
0.0
40
0.31111111111
41
1.0
50
0.0
51
0.0
7
Standard
11
1394484.37069103
21
359818.132393207
31
0.0
210
0.0
220
0.0
230
1.0
71
0
72
0
100
AcDbText
73
0
0
POINT
5
A5E
330
1C
100
AcDbEntity
67
0
8
0
62
256
6
ByLayer
370
-1
48
1.0
60
0
100
AcDbPoint
10
1394485.28904043
20
359818.938008326
30
0.0
39
0.0
210
0.0
220
0.0
230
1.0
50
360.0
0
TEXT
5
A5F
330
1C
100
AcDbEntity
67
0
8
0
62
7
6
ByLayer
370
-1
48
1.0
60
0
100
AcDbText
1
1311
10
1394485.41816973
20
359819.212446493
30
0.0
40
0.31111111111
41
1.0
50
0.0
51
0.0
7
Standard
11
1394485.41816973
21
359819.212446493
31
0.0
210
0.0
220
0.0
230
1.0
71
0
72
0
100
AcDbText
73
0
0
POINT
5
A60
330
1C
100
AcDbEntity
67
0
8
0
62
256
6
ByLayer
370
-1
48
1.0
60
0
100
AcDbPoint
10
1394486.73621024
20
359819.349622561
30
0.0
39
0.0
210
0.0
220
0.0
230
1.0
50
360.0
0
TEXT
5
A61
330
1C
100
AcDbEntity
67
0
8
0
62
7
6
ByLayer
370
-1
48
1.0
60
0
100
AcDbText
1
1312
10
1394486.86533954
20
359819.624060732
30
0.0
40
0.31111111111
41
1.0
50
0.0
51
0.0
7
Standard
11
1394486.86533954
21
359819.624060732
31
0.0
210
0.0
220
0.0
230
1.0
71
0
72
0
100
AcDbText
73
0
0
POINT
5
A62
330
1C
100
AcDbEntity
67
0
8
0
62
256
6
ByLayer
370
-1
48
1.0
60
0
100
AcDbPoint
10
1394488.19530318
20
359818.98250604
30
0.0
39
0.0
210
0.0
220
0.0
230
1.0
50
360.0
0
TEXT
5
A63
330
1C
100
AcDbEntity
67
0
8
0
62
7
6
ByLayer
370
-1
48
1.0
60
0
100
AcDbText
1
1313
10
1394488.32443248
20
359819.256944209
30
0.0
40
0.31111111111
41
1.0
50
0.0
51
0.0
7
Standard
11
1394488.32443248
21
359819.256944209
31
0.0
210
0.0
220
0.0
230
1.0
71
0
72
0
100
AcDbText
73
0
0
POINT
5
A64
330
1C
100
AcDbEntity
67
0
8
0
62
256
6
ByLayer
370
-1
48
1.0
60
0
100
AcDbPoint
10
1394489.27535647
20
359817.935027331
30
0.0
39
0.0
210
0.0
220
0.0
230
1.0
50
360.0
0
TEXT
5
A65
330
1C
100
AcDbEntity
67
0
8
0
62
7
6
ByLayer
370
-1
48
1.0
60
0
100
AcDbText
1
1314
10
1394489.40448577
20
359818.209465503
30
0.0
40
0.31111111111
41
1.0
50
0.0
51
0.0
7
Standard
11
1394489.40448577
21
359818.209465503
31
0.0
210
0.0
220
0.0
230
1.0
71
0
72
0
100
AcDbText
73
0
0
POINT
5
A66
330
1C
100
AcDbEntity
67
0
8
0
62
256
6
ByLayer
370
-1
48
1.0
60
0
100
AcDbPoint
10
1394489.6869707
20
359816.487857505
30
0.0
39
0.0
210
0.0
220
0.0
230
1.0
50
360.0
0
TEXT
5
A67
330
1C
100
AcDbEntity
67
0
8
0
62
7
6
ByLayer
370
-1
48
1.0
60
0
100
AcDbText
1
1315
10
1394489.81610001
20
359816.76229568
30
0.0
40
0.31111111111
41
1.0
50
0.0
51
0.0
7
Standard
11
1394489.81610001
21
359816.76229568
31
0.0
210
0.0
220
0.0
230
1.0
71
0
72
0
100
AcDbText
73
0
0
POINT
5
A68
330
1C
100
AcDbEntity
67
0
8
0
62
256
6
ByLayer
370
-1
48
1.0
60
0
100
AcDbPoint
10
1394489.31985417
20
359815.02876456
30
0.0
39
0.0
210
0.0
220
0.0
230
1.0
50
360.0
0
TEXT
5
A69
330
1C
100
AcDbEntity
67
0
8
0
62
7
6
ByLayer
370
-1
48
1.0
60
0
100
AcDbText
1
1316
10
1394489.44898348
20
359815.303202734
30
0.0
40
0.31111111111
41
1.0
50
0.0
51
0.0
7
Standard
11
1394489.44898348
21
359815.303202734
31
0.0
210
0.0
220
0.0
230
1.0
71
0
72
0
100
AcDbText
73
0
0
POINT
5
A6A
330
1C
100
AcDbEntity
67
0
8
0
62
256
6
ByLayer
370
-1
48
1.0
60
0
100
AcDbPoint
10
1394488.27237545
20
359813.948711275
30
0.0
39
0.0
210
0.0
220
0.0
230
1.0
50
360.0
0
TEXT
5
A6B
330
1C
100
AcDbEntity
67
0
8
0
62
7
6
ByLayer
370
-1
48
1.0
60
0
100
AcDbText
1
1317
10
1394488.40150476
20
359814.223149447
30
0.0
40
0.31111111111
41
1.0
50
0.0
51
0.0
7
Standard
11
1394488.40150476
21
359814.223149447
31
0.0
210
0.0
220
0.0
230
1.0
71
0
72
0
100
AcDbText
73
0
0
POINT
5
A6C
330
1C
100
AcDbEntity
67
0
8
0
62
256
6
ByLayer
370
-1
48
1.0
60
0
100
AcDbPoint
10
1394486.82520562
20
359813.537097061
30
0.0
39
0.0
210
0.0
220
0.0
230
1.0
50
360.0
0
TEXT
5
A6D
330
1C
100
AcDbEntity
67
0
8
0
62
7
6
ByLayer
370
-1
48
1.0
60
0
100
AcDbText
1
1318
10
1394486.95433494
20
359813.811535228
30
0.0
40
0.31111111111
41
1.0
50
0.0
51
0.0
7
Standard
11
1394486.95433494
21
359813.811535228
31
0.0
210
0.0
220
0.0
230
1.0
71
0
72
0
100
AcDbText
73
0
0
POINT
5
A6E
330
1C
100
AcDbEntity
67
0
8
0
62
256
6
ByLayer
370
-1
48
1.0
60
0
100
AcDbPoint
10
1394485.36611269
20
359813.904213602
30
0.0
39
0.0
210
0.0
220
0.0
230
1.0
50
360.0
0
TEXT
5
A6F
330
1C
100
AcDbEntity
67
0
8
0
62
7
6
ByLayer
370
-1
48
1.0
60
0
100
AcDbText
1
1319
10
1394485.49524201
20
359814.178651764
30
0.0
40
0.31111111111
41
1.0
50
0.0
51
0.0
7
Standard
11
1394485.49524201
21
359814.178651764
31
0.0
210
0.0
220
0.0
230
1.0
71
0
72
0
100
AcDbText
73
0
0
POINT
5
A70
330
1C
100
AcDbEntity
67
0
8
0
62
256
6
ByLayer
370
-1
48
1.0
60
0
100
AcDbPoint
10
1394484.28605942
20
359814.951692312
30
0.0
39
0.0
210
0.0
220
0.0
230
1.0
50
360.0
0
TEXT
5
A71
330
1C
100
AcDbEntity
67
0
8
0
62
7
6
ByLayer
370
-1
48
1.0
60
0
100
AcDbText
1
1320
10
1394484.41518873
20
359815.226130473
30
0.0
40
0.31111111111
41
1.0
50
0.0
51
0.0
7
Standard
11
1394484.41518873
21
359815.226130473
31
0.0
210
0.0
220
0.0
230
1.0
71
0
72
0
100
AcDbText
73
0
0
POINT
5
A72
330
1C
100
AcDbEntity
67
0
8
0
62
256
6
ByLayer
370
-1
48
1.0
60
0
100
AcDbPoint
10
1394505.30675865
20
359832.208219968
30
0.0
39
0.0
210
0.0
220
0.0
230
1.0
50
360.0
0
TEXT
5
A73
330
1C
100
AcDbEntity
67
0
8
0
62
7
6
ByLayer
370
-1
48
1.0
60
0
100
AcDbText
1
1321
10
1394505.43588793
20
359832.482658167
30
0.0
40
0.31111111111
41
1.0
50
0.0
51
0.0
7
Standard
11
1394505.43588793
21
359832.482658167
31
0.0
210
0.0
220
0.0
230
1.0
71
0
72
0
100
AcDbText
73
0
0
POINT
5
A74
330
1C
100
AcDbEntity
67
0
8
0
62
256
6
ByLayer
370
-1
48
1.0
60
0
100
AcDbPoint
10
1394505.67387514
20
359833.667312988
30
0.0
39
0.0
210
0.0
220
0.0
230
1.0
50
360.0
0
TEXT
5
A75
330
1C
100
AcDbEntity
67
0
8
0
62
7
6
ByLayer
370
-1
48
1.0
60
0
100
AcDbText
1
1322
10
1394505.80300442
20
359833.941751191
30
0.0
40
0.31111111111
41
1.0
50
0.0
51
0.0
7
Standard
11
1394505.80300442
21
359833.941751191
31
0.0
210
0.0
220
0.0
230
1.0
71
0
72
0
100
AcDbText
73
0
0
POINT
5
A76
330
1C
100
AcDbEntity
67
0
8
0
62
256
6
ByLayer
370
-1
48
1.0
60
0
100
AcDbPoint
10
1394506.72135385
20
359834.747366374
30
0.0
39
0.0
210
0.0
220
0.0
230
1.0
50
360.0
0
TEXT
5
A77
330
1C
100
AcDbEntity
67
0
8
0
62
7
6
ByLayer
370
-1
48
1.0
60
0
100
AcDbText
1
1323
10
1394506.85048312
20
359835.021804577
30
0.0
40
0.31111111111
41
1.0
50
0.0
51
0.0
7
Standard
11
1394506.85048312
21
359835.021804577
31
0.0
210
0.0
220
0.0
230
1.0
71
0
72
0
100
AcDbText
73
0
0
POINT
5
A78
330
1C
100
AcDbEntity
67
0
8
0
62
256
6
ByLayer
370
-1
48
1.0
60
0
100
AcDbPoint
10
1394508.16852372
20
359835.158980691
30
0.0
39
0.0
210
0.0
220
0.0
230
1.0
50
360.0
0
TEXT
5
A79
330
1C
100
AcDbEntity
67
0
8
0
62
7
6
ByLayer
370
-1
48
1.0
60
0
100
AcDbText
1
1324
10
1394508.297653
20
359835.433418898
30
0.0
40
0.31111111111
41
1.0
50
0.0
51
0.0
7
Standard
11
1394508.297653
21
359835.433418898
31
0.0
210
0.0
220
0.0
230
1.0
71
0
72
0
100
AcDbText
73
0
0
POINT
5
A7A
330
1C
100
AcDbEntity
67
0
8
0
62
256
6
ByLayer
370
-1
48
1.0
60
0
100
AcDbPoint
10
1394509.62761676
20
359834.79186421
30
0.0
39
0.0
210
0.0
220
0.0
230
1.0
50
360.0
0
TEXT
5
A7B
330
1C
100
AcDbEntity
67
0
8
0
62
7
6
ByLayer
370
-1
48
1.0
60
0
100
AcDbText
1
1325
10
1394509.75674603
20
359835.066302416
30
0.0
40
0.31111111111
41
1.0
50
0.0
51
0.0
7
Standard
11
1394509.75674603
21
359835.066302416
31
0.0
210
0.0
220
0.0
230
1.0
71
0
72
0
100
AcDbText
73
0
0
POINT
5
A7C
330
1C
100
AcDbEntity
67
0
8
0
62
256
6
ByLayer
370
-1
48
1.0
60
0
100
AcDbPoint
10
1394510.70767015
20
359833.744385485
30
0.0
39
0.0
210
0.0
220
0.0
230
1.0
50
360.0
0
TEXT
5
A7D
330
1C
100
AcDbEntity
67
0
8
0
62
7
6
ByLayer
370
-1
48
1.0
60
0
100
AcDbText
1
1326
10
1394510.83679943
20
359834.018823695
30
0.0
40
0.31111111111
41
1.0
50
0.0
51
0.0
7
Standard
11
1394510.83679943
21
359834.018823695
31
0.0
210
0.0
220
0.0
230
1.0
71
0
72
0
100
AcDbText
73
0
0
POINT
5
A7E
330
1C
100
AcDbEntity
67
0
8
0
62
256
6
ByLayer
370
-1
48
1.0
60
0
100
AcDbPoint
10
1394511.11928446
20
359832.297215599
30
0.0
39
0.0
210
0.0
220
0.0
230
1.0
50
360.0
0
TEXT
5
A7F
330
1C
100
AcDbEntity
67
0
8
0
62
7
6
ByLayer
370
-1
48
1.0
60
0
100
AcDbText
1
1327
10
1394511.24841375
20
359832.571653808
30
0.0
40
0.31111111111
41
1.0
50
0.0
51
0.0
7
Standard
11
1394511.24841375
21
359832.571653808
31
0.0
210
0.0
220
0.0
230
1.0
71
0
72
0
100
AcDbText
73
0
0
POINT
5
A80
330
1C
100
AcDbEntity
67
0
8
0
62
256
6
ByLayer
370
-1
48
1.0
60
0
100
AcDbPoint
10
1394510.75216797
20
359830.838122557
30
0.0
39
0.0
210
0.0
220
0.0
230
1.0
50
360.0
0
TEXT
5
A81
330
1C
100
AcDbEntity
67
0
8
0
62
7
6
ByLayer
370
-1
48
1.0
60
0
100
AcDbText
1
1328
10
1394510.88129725
20
359831.112560767
30
0.0
40
0.31111111111
41
1.0
50
0.0
51
0.0
7
Standard
11
1394510.88129725
21
359831.112560767
31
0.0
210
0.0
220
0.0
230
1.0
71
0
72
0
100
AcDbText
73
0
0
POINT
5
A82
330
1C
100
AcDbEntity
67
0
8
0
62
256
6
ByLayer
370
-1
48
1.0
60
0
100
AcDbPoint
10
1394509.70468924
20
359829.75806917
30
0.0
39
0.0
210
0.0
220
0.0
230
1.0
50
360.0
0
TEXT
5
A83
330
1C
100
AcDbEntity
67
0
8
0
62
7
6
ByLayer
370
-1
48
1.0
60
0
100
AcDbText
1
1329
10
1394509.83381852
20
359830.032507378
30
0.0
40
0.31111111111
41
1.0
50
0.0
51
0.0
7
Standard
11
1394509.83381852
21
359830.032507378
31
0.0
210
0.0
220
0.0
230
1.0
71
0
72
0
100
AcDbText
73
0
0
POINT
5
A84
330
1C
100
AcDbEntity
67
0
8
0
62
256
6
ByLayer
370
-1
48
1.0
60
0
100
AcDbPoint
10
1394508.25751935
20
359829.346454873
30
0.0
39
0.0
210
0.0
220
0.0
230
1.0
50
360.0
0
TEXT
5
A85
330
1C
100
AcDbEntity
67
0
8
0
62
7
6
ByLayer
370
-1
48
1.0
60
0
100
AcDbText
1
1330
10
1394508.38664863
20
359829.620893079
30
0.0
40
0.31111111111
41
1.0
50
0.0
51
0.0
7
Standard
11
1394508.38664863
21
359829.620893079
31
0.0
210
0.0
220
0.0
230
1.0
71
0
72
0
100
AcDbText
73
0
0
POINT
5
A86
330
1C
100
AcDbEntity
67
0
8
0
62
256
6
ByLayer
370
-1
48
1.0
60
0
100
AcDbPoint
10
1394506.79842633
20
359829.713571373
30
0.0
39
0.0
210
0.0
220
0.0
230
1.0
50
360.0
0
TEXT
5
A87
330
1C
100
AcDbEntity
67
0
8
0
62
7
6
ByLayer
370
-1
48
1.0
60
0
100
AcDbText
1
1331
10
1394506.92755561
20
359829.988009576
30
0.0
40
0.31111111111
41
1.0
50
0.0
51
0.0
7
Standard
11
1394506.92755561
21
359829.988009576
31
0.0
210
0.0
220
0.0
230
1.0
71
0
72
0
100
AcDbText
73
0
0
POINT
5
A88
330
1C
100
AcDbEntity
67
0
8
0
62
256
6
ByLayer
370
-1
48
1.0
60
0
100
AcDbPoint
10
1394505.71837295
20
359830.761050099
30
0.0
39
0.0
210
0.0
220
0.0
230
1.0
50
360.0
0
TEXT
5
A89
330
1C
100
AcDbEntity
67
0
8
0
62
7
6
ByLayer
370
-1
48
1.0
60
0
100
AcDbText
1
1332
10
1394505.84750223
20
359831.035488299
30
0.0
40
0.31111111111
41
1.0
50
0.0
51
0.0
7
Standard
11
1394505.84750223
21
359831.035488299
31
0.0
210
0.0
220
0.0
230
1.0
71
0
72
0
100
AcDbText
73
0
0
POINT
5
A8A
330
1C
100
AcDbEntity
67
0
8
0
62
256
6
ByLayer
370
-1
48
1.0
60
0
100
AcDbPoint
10
1394552.57121668
20
359818.801484089
30
0.0
39
0.0
210
0.0
220
0.0
230
1.0
50
360.0
0
TEXT
5
A8B
330
1C
100
AcDbEntity
67
0
8
0
62
7
6
ByLayer
370
-1
48
1.0
60
0
100
AcDbText
1
1333
10
1394552.70034598
20
359819.075922376
30
0.0
40
0.31111111111
41
1.0
50
0.0
51
0.0
7
Standard
11
1394552.70034598
21
359819.075922376
31
0.0
210
0.0
220
0.0
230
1.0
71
0
72
0
100
AcDbText
73
0
0
POINT
5
A8C
330
1C
100
AcDbEntity
67
0
8
0
62
256
6
ByLayer
370
-1
48
1.0
60
0
100
AcDbPoint
10
1394552.93833326
20
359820.260577274
30
0.0
39
0.0
210
0.0
220
0.0
230
1.0
50
360.0
0
TEXT
5
A8D
330
1C
100
AcDbEntity
67
0
8
0
62
7
6
ByLayer
370
-1
48
1.0
60
0
100
AcDbText
1
1334
10
1394553.06746256
20
359820.535015561
30
0.0
40
0.31111111111
41
1.0
50
0.0
51
0.0
7
Standard
11
1394553.06746256
21
359820.535015561
31
0.0
210
0.0
220
0.0
230
1.0
71
0
72
0
100
AcDbText
73
0
0
POINT
5
A8E
330
1C
100
AcDbEntity
67
0
8
0
62
256
6
ByLayer
370
-1
48
1.0
60
0
100
AcDbPoint
10
1394553.98581213
20
359821.340630754
30
0.0
39
0.0
210
0.0
220
0.0
230
1.0
50
360.0
0
TEXT
5
A8F
330
1C
100
AcDbEntity
67
0
8
0
62
7
6
ByLayer
370
-1
48
1.0
60
0
100
AcDbText
1
1335
10
1394554.11494143
20
359821.615069044
30
0.0
40
0.31111111111
41
1.0
50
0.0
51
0.0
7
Standard
11
1394554.11494143
21
359821.615069044
31
0.0
210
0.0
220
0.0
230
1.0
71
0
72
0
100
AcDbText
73
0
0
POINT
5
A90
330
1C
100
AcDbEntity
67
0
8
0
62
256
6
ByLayer
370
-1
48
1.0
60
0
100
AcDbPoint
10
1394555.4329822
20
359821.752245068
30
0.0
39
0.0
210
0.0
220
0.0
230
1.0
50
360.0
0
TEXT
5
A91
330
1C
100
AcDbEntity
67
0
8
0
62
7
6
ByLayer
370
-1
48
1.0
60
0
100
AcDbText
1
1336
10
1394555.56211149
20
359822.026683364
30
0.0
40
0.31111111111
41
1.0
50
0.0
51
0.0
7
Standard
11
1394555.56211149
21
359822.026683364
31
0.0
210
0.0
220
0.0
230
1.0
71
0
72
0
100
AcDbText
73
0
0
POINT
5
A92
330
1C
100
AcDbEntity
67
0
8
0
62
256
6
ByLayer
370
-1
48
1.0
60
0
100
AcDbPoint
10
1394556.8920754
20
359821.385128495
30
0.0
39
0.0
210
0.0
220
0.0
230
1.0
50
360.0
0
TEXT
5
A93
330
1C
100
AcDbEntity
67
0
8
0
62
7
6
ByLayer
370
-1
48
1.0
60
0
100
AcDbText
1
1337
10
1394557.02120469
20
359821.659566787
30
0.0
40
0.31111111111
41
1.0
50
0.0
51
0.0
7
Standard
11
1394557.02120469
21
359821.659566787
31
0.0
210
0.0
220
0.0
230
1.0
71
0
72
0
100
AcDbText
73
0
0
POINT
5
A94
330
1C
100
AcDbEntity
67
0
8
0
62
256
6
ByLayer
370
-1
48
1.0
60
0
100
AcDbPoint
10
1394557.97212889
20
359820.337649604
30
0.0
39
0.0
210
0.0
220
0.0
230
1.0
50
360.0
0
TEXT
5
A95
330
1C
100
AcDbEntity
67
0
8
0
62
7
6
ByLayer
370
-1
48
1.0
60
0
100
AcDbText
1
1338
10
1394558.10125819
20
359820.612087901
30
0.0
40
0.31111111111
41
1.0
50
0.0
51
0.0
7
Standard
11
1394558.10125819
21
359820.612087901
31
0.0
210
0.0
220
0.0
230
1.0
71
0
72
0
100
AcDbText
73
0
0
POINT
5
A96
330
1C
100
AcDbEntity
67
0
8
0
62
256
6
ByLayer
370
-1
48
1.0
60
0
100
AcDbPoint
10
1394558.3837432
20
359818.890479529
30
0.0
39
0.0
210
0.0
220
0.0
230
1.0
50
360.0
0
TEXT
5
A97
330
1C
100
AcDbEntity
67
0
8
0
62
7
6
ByLayer
370
-1
48
1.0
60
0
100
AcDbText
1
1339
10
1394558.5128725
20
359819.164917826
30
0.0
40
0.31111111111
41
1.0
50
0.0
51
0.0
7
Standard
11
1394558.5128725
21
359819.164917826
31
0.0
210
0.0
220
0.0
230
1.0
71
0
72
0
100
AcDbText
73
0
0
POINT
5
A98
330
1C
100
AcDbEntity
67
0
8
0
62
256
6
ByLayer
370
-1
48
1.0
60
0
100
AcDbPoint
10
1394558.01662661
20
359817.431386324
30
0.0
39
0.0
210
0.0
220
0.0
230
1.0
50
360.0
0
TEXT
5
A99
330
1C
100
AcDbEntity
67
0
8
0
62
7
6
ByLayer
370
-1
48
1.0
60
0
100
AcDbText
1
1340
10
1394558.14575591
20
359817.70582462
30
0.0
40
0.31111111111
41
1.0
50
0.0
51
0.0
7
Standard
11
1394558.14575591
21
359817.70582462
31
0.0
210
0.0
220
0.0
230
1.0
71
0
72
0
100
AcDbText
73
0
0
POINT
5
A9A
330
1C
100
AcDbEntity
67
0
8
0
62
256
6
ByLayer
370
-1
48
1.0
60
0
100
AcDbPoint
10
1394556.96914771
20
359816.35133284
30
0.0
39
0.0
210
0.0
220
0.0
230
1.0
50
360.0
0
TEXT
5
A9B
330
1C
100
AcDbEntity
67
0
8
0
62
7
6
ByLayer
370
-1
48
1.0
60
0
100
AcDbText
1
1341
10
1394557.09827702
20
359816.625771137
30
0.0
40
0.31111111111
41
1.0
50
0.0
51
0.0
7
Standard
11
1394557.09827702
21
359816.625771137
31
0.0
210
0.0
220
0.0
230
1.0
71
0
72
0
100
AcDbText
73
0
0
POINT
5
A9C
330
1C
100
AcDbEntity
67
0
8
0
62
256
6
ByLayer
370
-1
48
1.0
60
0
100
AcDbPoint
10
1394555.52197764
20
359815.939718543
30
0.0
39
0.0
210
0.0
220
0.0
230
1.0
50
360.0
0
TEXT
5
A9D
330
1C
100
AcDbEntity
67
0
8
0
62
7
6
ByLayer
370
-1
48
1.0
60
0
100
AcDbText
1
1342
10
1394555.65110695
20
359816.214156838
30
0.0
40
0.31111111111
41
1.0
50
0.0
51
0.0
7
Standard
11
1394555.65110695
21
359816.214156838
31
0.0
210
0.0
220
0.0
230
1.0
71
0
72
0
100
AcDbText
73
0
0
POINT
5
A9E
330
1C
100
AcDbEntity
67
0
8
0
62
256
6
ByLayer
370
-1
48
1.0
60
0
100
AcDbPoint
10
1394554.06288445
20
359816.306835139
30
0.0
39
0.0
210
0.0
220
0.0
230
1.0
50
360.0
0
TEXT
5
A9F
330
1C
100
AcDbEntity
67
0
8
0
62
7
6
ByLayer
370
-1
48
1.0
60
0
100
AcDbText
1
1343
10
1394554.19201375
20
359816.58127343
30
0.0
40
0.31111111111
41
1.0
50
0.0
51
0.0
7
Standard
11
1394554.19201375
21
359816.58127343
31
0.0
210
0.0
220
0.0
230
1.0
71
0
72
0
100
AcDbText
73
0
0
POINT
5
AA0
330
1C
100
AcDbEntity
67
0
8
0
62
256
6
ByLayer
370
-1
48
1.0
60
0
100
AcDbPoint
10
1394552.98283098
20
359817.354314029
30
0.0
39
0.0
210
0.0
220
0.0
230
1.0
50
360.0
0
TEXT
5
AA1
330
1C
100
AcDbEntity
67
0
8
0
62
7
6
ByLayer
370
-1
48
1.0
60
0
100
AcDbText
1
1344
10
1394553.11196028
20
359817.628752316
30
0.0
40
0.31111111111
41
1.0
50
0.0
51
0.0
7
Standard
11
1394553.11196028
21
359817.628752316
31
0.0
210
0.0
220
0.0
230
1.0
71
0
72
0
100
AcDbText
73
0
0
POINT
5
AA2
330
1C
100
AcDbEntity
67
0
8
0
62
256
6
ByLayer
370
-1
48
1.0
60
0
100
AcDbPoint
10
1394592.36471893
20
359844.197630687
30
0.0
39
0.0
210
0.0
220
0.0
230
1.0
50
360.0
0
TEXT
5
AA3
330
1C
100
AcDbEntity
67
0
8
0
62
7
6
ByLayer
370
-1
48
1.0
60
0
100
AcDbText
1
1345
10
1394592.49384818
20
359844.472069052
30
0.0
40
0.31111111111
41
1.0
50
0.0
51
0.0
7
Standard
11
1394592.49384818
21
359844.472069052
31
0.0
210
0.0
220
0.0
230
1.0
71
0
72
0
100
AcDbText
73
0
0
POINT
5
AA4
330
1C
100
AcDbEntity
67
0
8
0
62
256
6
ByLayer
370
-1
48
1.0
60
0
100
AcDbPoint
10
1394592.73183546
20
359845.656724046
30
0.0
39
0.0
210
0.0
220
0.0
230
1.0
50
360.0
0
TEXT
5
AA5
330
1C
100
AcDbEntity
67
0
8
0
62
7
6
ByLayer
370
-1
48
1.0
60
0
100
AcDbText
1
1346
10
1394592.86096471
20
359845.931162407
30
0.0
40
0.31111111111
41
1.0
50
0.0
51
0.0
7
Standard
11
1394592.86096471
21
359845.931162407
31
0.0
210
0.0
220
0.0
230
1.0
71
0
72
0
100
AcDbText
73
0
0
POINT
5
AA6
330
1C
100
AcDbEntity
67
0
8
0
62
256
6
ByLayer
370
-1
48
1.0
60
0
100
AcDbPoint
10
1394593.77931437
20
359846.736777706
30
0.0
39
0.0
210
0.0
220
0.0
230
1.0
50
360.0
0
TEXT
5
AA7
330
1C
100
AcDbEntity
67
0
8
0
62
7
6
ByLayer
370
-1
48
1.0
60
0
100
AcDbText
1
1347
10
1394593.90844362
20
359847.011216068
30
0.0
40
0.31111111111
41
1.0
50
0.0
51
0.0
7
Standard
11
1394593.90844362
21
359847.011216068
31
0.0
210
0.0
220
0.0
230
1.0
71
0
72
0
100
AcDbText
73
0
0
POINT
5
AA8
330
1C
100
AcDbEntity
67
0
8
0
62
256
6
ByLayer
370
-1
48
1.0
60
0
100
AcDbPoint
10
1394595.22648455
20
359847.148392158
30
0.0
39
0.0
210
0.0
220
0.0
230
1.0
50
360.0
0
TEXT
5
AA9
330
1C
100
AcDbEntity
67
0
8
0
62
7
6
ByLayer
370
-1
48
1.0
60
0
100
AcDbText
1
1348
10
1394595.3556138
20
359847.422830523
30
0.0
40
0.31111111111
41
1.0
50
0.0
51
0.0
7
Standard
11
1394595.3556138
21
359847.422830523
31
0.0
210
0.0
220
0.0
230
1.0
71
0
72
0
100
AcDbText
73
0
0
POINT
5
AAA
330
1C
100
AcDbEntity
67
0
8
0
62
256
6
ByLayer
370
-1
48
1.0
60
0
100
AcDbPoint
10
1394596.68557792
20
359846.781275638
30
0.0
39
0.0
210
0.0
220
0.0
230
1.0
50
360.0
0
TEXT
5
AAB
330
1C
100
AcDbEntity
67
0
8
0
62
7
6
ByLayer
370
-1
48
1.0
60
0
100
AcDbText
1
1349
10
1394596.81470717
20
359847.055714008
30
0.0
40
0.31111111111
41
1.0
50
0.0
51
0.0
7
Standard
11
1394596.81470717
21
359847.055714008
31
0.0
210
0.0
220
0.0
230
1.0
71
0
72
0
100
AcDbText
73
0
0
POINT
5
AAC
330
1C
100
AcDbEntity
67
0
8
0
62
256
6
ByLayer
370
-1
48
1.0
60
0
100
AcDbPoint
10
1394597.76563159
20
359845.733796713
30
0.0
39
0.0
210
0.0
220
0.0
230
1.0
50
360.0
0
TEXT
5
AAD
330
1C
100
AcDbEntity
67
0
8
0
62
7
6
ByLayer
370
-1
48
1.0
60
0
100
AcDbText
1
1350
10
1394597.89476084
20
359846.008235085
30
0.0
40
0.31111111111
41
1.0
50
0.0
51
0.0
7
Standard
11
1394597.89476084
21
359846.008235085
31
0.0
210
0.0
220
0.0
230
1.0
71
0
72
0
100
AcDbText
73
0
0
POINT
5
AAE
330
1C
100
AcDbEntity
67
0
8
0
62
256
6
ByLayer
370
-1
48
1.0
60
0
100
AcDbPoint
10
1394598.17724604
20
359844.286626518
30
0.0
39
0.0
210
0.0
220
0.0
230
1.0
50
360.0
0
TEXT
5
AAF
330
1C
100
AcDbEntity
67
0
8
0
62
7
6
ByLayer
370
-1
48
1.0
60
0
100
AcDbText
1
1351
10
1394598.3063753
20
359844.561064888
30
0.0
40
0.31111111111
41
1.0
50
0.0
51
0.0
7
Standard
11
1394598.3063753
21
359844.561064888
31
0.0
210
0.0
220
0.0
230
1.0
71
0
72
0
100
AcDbText
73
0
0
POINT
5
AB0
330
1C
100
AcDbEntity
67
0
8
0
62
256
6
ByLayer
370
-1
48
1.0
60
0
100
AcDbPoint
10
1394597.81012951
20
359842.827533138
30
0.0
39
0.0
210
0.0
220
0.0
230
1.0
50
360.0
0
TEXT
5
AB1
330
1C
100
AcDbEntity
67
0
8
0
62
7
6
ByLayer
370
-1
48
1.0
60
0
100
AcDbText
1
1352
10
1394597.93925877
20
359843.101971509
30
0.0
40
0.31111111111
41
1.0
50
0.0
51
0.0
7
Standard
11
1394597.93925877
21
359843.101971509
31
0.0
210
0.0
220
0.0
230
1.0
71
0
72
0
100
AcDbText
73
0
0
POINT
5
AB2
330
1C
100
AcDbEntity
67
0
8
0
62
256
6
ByLayer
370
-1
48
1.0
60
0
100
AcDbPoint
10
1394596.76265057
20
359841.747479478
30
0.0
39
0.0
210
0.0
220
0.0
230
1.0
50
360.0
0
TEXT
5
AB3
330
1C
100
AcDbEntity
67
0
8
0
62
7
6
ByLayer
370
-1
48
1.0
60
0
100
AcDbText
1
1353
10
1394596.89177983
20
359842.021917845
30
0.0
40
0.31111111111
41
1.0
50
0.0
51
0.0
7
Standard
11
1394596.89177983
21
359842.021917845
31
0.0
210
0.0
220
0.0
230
1.0
71
0
72
0
100
AcDbText
73
0
0
POINT
5
AB4
330
1C
100
AcDbEntity
67
0
8
0
62
256
6
ByLayer
370
-1
48
1.0
60
0
100
AcDbPoint
10
1394595.31548038
20
359841.335865044
30
0.0
39
0.0
210
0.0
220
0.0
230
1.0
50
360.0
0
TEXT
5
AB5
330
1C
100
AcDbEntity
67
0
8
0
62
7
6
ByLayer
370
-1
48
1.0
60
0
100
AcDbText
1
1354
10
1394595.44460964
20
359841.610303408
30
0.0
40
0.31111111111
41
1.0
50
0.0
51
0.0
7
Standard
11
1394595.44460964
21
359841.610303408
31
0.0
210
0.0
220
0.0
230
1.0
71
0
72
0
100
AcDbText
73
0
0
POINT
5
AB6
330
1C
100
AcDbEntity
67
0
8
0
62
256
6
ByLayer
370
-1
48
1.0
60
0
100
AcDbPoint
10
1394593.85638701
20
359841.702981585
30
0.0
39
0.0
210
0.0
220
0.0
230
1.0
50
360.0
0
TEXT
5
AB7
330
1C
100
AcDbEntity
67
0
8
0
62
7
6
ByLayer
370
-1
48
1.0
60
0
100
AcDbText
1
1355
10
1394593.98551627
20
359841.977419946
30
0.0
40
0.31111111111
41
1.0
50
0.0
51
0.0
7
Standard
11
1394593.98551627
21
359841.977419946
31
0.0
210
0.0
220
0.0
230
1.0
71
0
72
0
100
AcDbText
73
0
0
POINT
5
AB8
330
1C
100
AcDbEntity
67
0
8
0
62
256
6
ByLayer
370
-1
48
1.0
60
0
100
AcDbPoint
10
1394592.77633337
20
359842.750460507
30
0.0
39
0.0
210
0.0
220
0.0
230
1.0
50
360.0
0
TEXT
5
AB9
330
1C
100
AcDbEntity
67
0
8
0
62
7
6
ByLayer
370
-1
48
1.0
60
0
100
AcDbText
1
1356
10
1394592.90546263
20
359843.024898868
30
0.0
40
0.31111111111
41
1.0
50
0.0
51
0.0
7
Standard
11
1394592.90546263
21
359843.024898868
31
0.0
210
0.0
220
0.0
230
1.0
71
0
72
0
100
AcDbText
73
0
0
POINT
5
ABA
330
1C
100
AcDbEntity
67
0
8
0
62
256
6
ByLayer
370
-1
48
1.0
60
0
100
AcDbPoint
10
1394606.96410203
20
359804.881060468
30
0.0
39
0.0
210
0.0
220
0.0
230
1.0
50
360.0
0
TEXT
5
ABB
330
1C
100
AcDbEntity
67
0
8
0
62
7
6
ByLayer
370
-1
48
1.0
60
0
100
AcDbText
1
1357
10
1394607.09323136
20
359805.155498857
30
0.0
40
0.31111111111
41
1.0
50
0.0
51
0.0
7
Standard
11
1394607.09323136
21
359805.155498857
31
0.0
210
0.0
220
0.0
230
1.0
71
0
72
0
100
AcDbText
73
0
0
POINT
5
ABC
330
1C
100
AcDbEntity
67
0
8
0
62
256
6
ByLayer
370
-1
48
1.0
60
0
100
AcDbPoint
10
1394607.33121871
20
359806.340153846
30
0.0
39
0.0
210
0.0
220
0.0
230
1.0
50
360.0
0
TEXT
5
ABD
330
1C
100
AcDbEntity
67
0
8
0
62
7
6
ByLayer
370
-1
48
1.0
60
0
100
AcDbText
1
1358
10
1394607.46034804
20
359806.614592233
30
0.0
40
0.31111111111
41
1.0
50
0.0
51
0.0
7
Standard
11
1394607.46034804
21
359806.614592233
31
0.0
210
0.0
220
0.0
230
1.0
71
0
72
0
100
AcDbText
73
0
0
POINT
5
ABE
330
1C
100
AcDbEntity
67
0
8
0
62
256
6
ByLayer
370
-1
48
1.0
60
0
100
AcDbPoint
10
1394608.37869778
20
359807.420207439
30
0.0
39
0.0
210
0.0
220
0.0
230
1.0
50
360.0
0
TEXT
5
ABF
330
1C
100
AcDbEntity
67
0
8
0
62
7
6
ByLayer
370
-1
48
1.0
60
0
100
AcDbText
1
1359
10
1394608.5078271
20
359807.694645826
30
0.0
40
0.31111111111
41
1.0
50
0.0
51
0.0
7
Standard
11
1394608.5078271
21
359807.694645826
31
0.0
210
0.0
220
0.0
230
1.0
71
0
72
0
100
AcDbText
73
0
0
POINT
5
AC0
330
1C
100
AcDbEntity
67
0
8
0
62
256
6
ByLayer
370
-1
48
1.0
60
0
100
AcDbPoint
10
1394609.82586806
20
359807.831821761
30
0.0
39
0.0
210
0.0
220
0.0
230
1.0
50
360.0
0
TEXT
5
AC1
330
1C
100
AcDbEntity
67
0
8
0
62
7
6
ByLayer
370
-1
48
1.0
60
0
100
AcDbText
1
1360
10
1394609.95499738
20
359808.106260152
30
0.0
40
0.31111111111
41
1.0
50
0.0
51
0.0
7
Standard
11
1394609.95499738
21
359808.106260152
31
0.0
210
0.0
220
0.0
230
1.0
71
0
72
0
100
AcDbText
73
0
0
POINT
5
AC2
330
1C
100
AcDbEntity
67
0
8
0
62
256
6
ByLayer
370
-1
48
1.0
60
0
100
AcDbPoint
10
1394611.28496145
20
359807.464705079
30
0.0
39
0.0
210
0.0
220
0.0
230
1.0
50
360.0
0
TEXT
5
AC3
330
1C
100
AcDbEntity
67
0
8
0
62
7
6
ByLayer
370
-1
48
1.0
60
0
100
AcDbText
1
1361
10
1394611.41409077
20
359807.739143474
30
0.0
40
0.31111111111
41
1.0
50
0.0
51
0.0
7
Standard
11
1394611.41409077
21
359807.739143474
31
0.0
210
0.0
220
0.0
230
1.0
71
0
72
0
100
AcDbText
73
0
0
POINT
5
AC4
330
1C
100
AcDbEntity
67
0
8
0
62
256
6
ByLayer
370
-1
48
1.0
60
0
100
AcDbPoint
10
1394612.36501506
20
359806.417226007
30
0.0
39
0.0
210
0.0
220
0.0
230
1.0
50
360.0
0
TEXT
5
AC5
330
1C
100
AcDbEntity
67
0
8
0
62
7
6
ByLayer
370
-1
48
1.0
60
0
100
AcDbText
1
1362
10
1394612.49414438
20
359806.691664403
30
0.0
40
0.31111111111
41
1.0
50
0.0
51
0.0
7
Standard
11
1394612.49414438
21
359806.691664403
31
0.0
210
0.0
220
0.0
230
1.0
71
0
72
0
100
AcDbText
73
0
0
POINT
5
AC6
330
1C
100
AcDbEntity
67
0
8
0
62
256
6
ByLayer
370
-1
48
1.0
60
0
100
AcDbPoint
10
1394612.77662937
20
359804.970055714
30
0.0
39
0.0
210
0.0
220
0.0
230
1.0
50
360.0
0
TEXT
5
AC7
330
1C
100
AcDbEntity
67
0
8
0
62
7
6
ByLayer
370
-1
48
1.0
60
0
100
AcDbText
1
1363
10
1394612.9057587
20
359805.24449411
30
0.0
40
0.31111111111
41
1.0
50
0.0
51
0.0
7
Standard
11
1394612.9057587
21
359805.24449411
31
0.0
210
0.0
220
0.0
230
1.0
71
0
72
0
100
AcDbText
73
0
0
POINT
5
AC8
330
1C
100
AcDbEntity
67
0
8
0
62
256
6
ByLayer
370
-1
48
1.0
60
0
100
AcDbPoint
10
1394612.40951268
20
359803.510962318
30
0.0
39
0.0
210
0.0
220
0.0
230
1.0
50
360.0
0
TEXT
5
AC9
330
1C
100
AcDbEntity
67
0
8
0
62
7
6
ByLayer
370
-1
48
1.0
60
0
100
AcDbText
1
1364
10
1394612.53864201
20
359803.785400712
30
0.0
40
0.31111111111
41
1.0
50
0.0
51
0.0
7
Standard
11
1394612.53864201
21
359803.785400712
31
0.0
210
0.0
220
0.0
230
1.0
71
0
72
0
100
AcDbText
73
0
0
POINT
5
ACA
330
1C
100
AcDbEntity
67
0
8
0
62
256
6
ByLayer
370
-1
48
1.0
60
0
100
AcDbPoint
10
1394611.36203359
20
359802.430908722
30
0.0
39
0.0
210
0.0
220
0.0
230
1.0
50
360.0
0
TEXT
5
ACB
330
1C
100
AcDbEntity
67
0
8
0
62
7
6
ByLayer
370
-1
48
1.0
60
0
100
AcDbText
1
1365
10
1394611.49116292
20
359802.705347118
30
0.0
40
0.31111111111
41
1.0
50
0.0
51
0.0
7
Standard
11
1394611.49116292
21
359802.705347118
31
0.0
210
0.0
220
0.0
230
1.0
71
0
72
0
100
AcDbText
73
0
0
POINT
5
ACC
330
1C
100
AcDbEntity
67
0
8
0
62
256
6
ByLayer
370
-1
48
1.0
60
0
100
AcDbPoint
10
1394609.9148633
20
359802.01929442
30
0.0
39
0.0
210
0.0
220
0.0
230
1.0
50
360.0
0
TEXT
5
ACD
330
1C
100
AcDbEntity
67
0
8
0
62
7
6
ByLayer
370
-1
48
1.0
60
0
100
AcDbText
1
1366
10
1394610.04399263
20
359802.293732811
30
0.0
40
0.31111111111
41
1.0
50
0.0
51
0.0
7
Standard
11
1394610.04399263
21
359802.293732811
31
0.0
210
0.0
220
0.0
230
1.0
71
0
72
0
100
AcDbText
73
0
0
POINT
5
ACE
330
1C
100
AcDbEntity
67
0
8
0
62
256
6
ByLayer
370
-1
48
1.0
60
0
100
AcDbPoint
10
1394608.45576992
20
359802.386411119
30
0.0
39
0.0
210
0.0
220
0.0
230
1.0
50
360.0
0
TEXT
5
ACF
330
1C
100
AcDbEntity
67
0
8
0
62
7
6
ByLayer
370
-1
48
1.0
60
0
100
AcDbText
1
1367
10
1394608.58489925
20
359802.660849507
30
0.0
40
0.31111111111
41
1.0
50
0.0
51
0.0
7
Standard
11
1394608.58489925
21
359802.660849507
31
0.0
210
0.0
220
0.0
230
1.0
71
0
72
0
100
AcDbText
73
0
0
POINT
5
AD0
330
1C
100
AcDbEntity
67
0
8
0
62
256
6
ByLayer
370
-1
48
1.0
60
0
100
AcDbPoint
10
1394607.37571634
20
359803.433890194
30
0.0
39
0.0
210
0.0
220
0.0
230
1.0
50
360.0
0
TEXT
5
AD1
330
1C
100
AcDbEntity
67
0
8
0
62
7
6
ByLayer
370
-1
48
1.0
60
0
100
AcDbText
1
1368
10
1394607.50484567
20
359803.708328582
30
0.0
40
0.31111111111
41
1.0
50
0.0
51
0.0
7
Standard
11
1394607.50484567
21
359803.708328582
31
0.0
210
0.0
220
0.0
230
1.0
71
0
72
0
100
AcDbText
73
0
0
POINT
5
AD2
330
1C
100
AcDbEntity
67
0
8
0
62
256
6
ByLayer
370
-1
48
1.0
60
0
100
AcDbPoint
10
1394642.52911008
20
359829.029643185
30
0.0
39
0.0
210
0.0
220
0.0
230
1.0
50
360.0
0
TEXT
5
AD3
330
1C
100
AcDbEntity
67
0
8
0
62
7
6
ByLayer
370
-1
48
1.0
60
0
100
AcDbText
1
1369
10
1394642.65823936
20
359829.304081638
30
0.0
40
0.31111111111
41
1.0
50
0.0
51
0.0
7
Standard
11
1394642.65823936
21
359829.304081638
31
0.0
210
0.0
220
0.0
230
1.0
71
0
72
0
100
AcDbText
73
0
0
POINT
5
AD4
330
1C
100
AcDbEntity
67
0
8
0
62
256
6
ByLayer
370
-1
48
1.0
60
0
100
AcDbPoint
10
1394642.89622671
20
359830.488736717
30
0.0
39
0.0
210
0.0
220
0.0
230
1.0
50
360.0
0
TEXT
5
AD5
330
1C
100
AcDbEntity
67
0
8
0
62
7
6
ByLayer
370
-1
48
1.0
60
0
100
AcDbText
1
1370
10
1394643.02535599
20
359830.763175171
30
0.0
40
0.31111111111
41
1.0
50
0.0
51
0.0
7
Standard
11
1394643.02535599
21
359830.763175171
31
0.0
210
0.0
220
0.0
230
1.0
71
0
72
0
100
AcDbText
73
0
0
POINT
5
AD6
330
1C
100
AcDbEntity
67
0
8
0
62
256
6
ByLayer
370
-1
48
1.0
60
0
100
AcDbPoint
10
1394643.9437058
20
359831.568790476
30
0.0
39
0.0
210
0.0
220
0.0
230
1.0
50
360.0
0
TEXT
5
AD7
330
1C
100
AcDbEntity
67
0
8
0
62
7
6
ByLayer
370
-1
48
1.0
60
0
100
AcDbText
1
1371
10
1394644.07283508
20
359831.843228931
30
0.0
40
0.31111111111
41
1.0
50
0.0
51
0.0
7
Standard
11
1394644.07283508
21
359831.843228931
31
0.0
210
0.0
220
0.0
230
1.0
71
0
72
0
100
AcDbText
73
0
0
POINT
5
AD8
330
1C
100
AcDbEntity
67
0
8
0
62
256
6
ByLayer
370
-1
48
1.0
60
0
100
AcDbPoint
10
1394645.39087618
20
359831.980404922
30
0.0
39
0.0
210
0.0
220
0.0
230
1.0
50
360.0
0
TEXT
5
AD9
330
1C
100
AcDbEntity
67
0
8
0
62
7
6
ByLayer
370
-1
48
1.0
60
0
100
AcDbText
1
1372
10
1394645.52000546
20
359832.254843382
30
0.0
40
0.31111111111
41
1.0
50
0.0
51
0.0
7
Standard
11
1394645.52000546
21
359832.254843382
31
0.0
210
0.0
220
0.0
230
1.0
71
0
72
0
100
AcDbText
73
0
0
POINT
5
ADA
330
1C
100
AcDbEntity
67
0
8
0
62
256
6
ByLayer
370
-1
48
1.0
60
0
100
AcDbPoint
10
1394646.84996973
20
359831.613288302
30
0.0
39
0.0
210
0.0
220
0.0
230
1.0
50
360.0
0
TEXT
5
ADB
330
1C
100
AcDbEntity
67
0
8
0
62
7
6
ByLayer
370
-1
48
1.0
60
0
100
AcDbText
1
1373
10
1394646.97909901
20
359831.88772676
30
0.0
40
0.31111111111
41
1.0
50
0.0
51
0.0
7
Standard
11
1394646.97909901
21
359831.88772676
31
0.0
210
0.0
220
0.0
230
1.0
71
0
72
0
100
AcDbText
73
0
0
POINT
5
ADC
330
1C
100
AcDbEntity
67
0
8
0
62
256
6
ByLayer
370
-1
48
1.0
60
0
100
AcDbPoint
10
1394647.9300235
20
359830.565809197
30
0.0
39
0.0
210
0.0
220
0.0
230
1.0
50
360.0
0
TEXT
5
ADD
330
1C
100
AcDbEntity
67
0
8
0
62
7
6
ByLayer
370
-1
48
1.0
60
0
100
AcDbText
1
1374
10
1394648.05915278
20
359830.84024766
30
0.0
40
0.31111111111
41
1.0
50
0.0
51
0.0
7
Standard
11
1394648.05915278
21
359830.84024766
31
0.0
210
0.0
220
0.0
230
1.0
71
0
72
0
100
AcDbText
73
0
0
POINT
5
ADE
330
1C
100
AcDbEntity
67
0
8
0
62
256
6
ByLayer
370
-1
48
1.0
60
0
100
AcDbPoint
10
1394648.34163795
20
359829.118638794
30
0.0
39
0.0
210
0.0
220
0.0
230
1.0
50
360.0
0
TEXT
5
ADF
330
1C
100
AcDbEntity
67
0
8
0
62
7
6
ByLayer
370
-1
48
1.0
60
0
100
AcDbText
1
1375
10
1394648.47076723
20
359829.39307726
30
0.0
40
0.31111111111
41
1.0
50
0.0
51
0.0
7
Standard
11
1394648.47076723
21
359829.39307726
31
0.0
210
0.0
220
0.0
230
1.0
71
0
72
0
100
AcDbText
73
0
0
POINT
5
AE0
330
1C
100
AcDbEntity
67
0
8
0
62
256
6
ByLayer
370
-1
48
1.0
60
0
100
AcDbPoint
10
1394647.97452131
20
359827.659545245
30
0.0
39
0.0
210
0.0
220
0.0
230
1.0
50
360.0
0
TEXT
5
AE1
330
1C
100
AcDbEntity
67
0
8
0
62
7
6
ByLayer
370
-1
48
1.0
60
0
100
AcDbText
1
1376
10
1394648.10365059
20
359827.933983708
30
0.0
40
0.31111111111
41
1.0
50
0.0
51
0.0
7
Standard
11
1394648.10365059
21
359827.933983708
31
0.0
210
0.0
220
0.0
230
1.0
71
0
72
0
100
AcDbText
73
0
0
POINT
5
AE2
330
1C
100
AcDbEntity
67
0
8
0
62
256
6
ByLayer
370
-1
48
1.0
60
0
100
AcDbPoint
10
1394646.9270422
20
359826.579491489
30
0.0
39
0.0
210
0.0
220
0.0
230
1.0
50
360.0
0
TEXT
5
AE3
330
1C
100
AcDbEntity
67
0
8
0
62
7
6
ByLayer
370
-1
48
1.0
60
0
100
AcDbText
1
1377
10
1394647.05617148
20
359826.853929947
30
0.0
40
0.31111111111
41
1.0
50
0.0
51
0.0
7
Standard
11
1394647.05617148
21
359826.853929947
31
0.0
210
0.0
220
0.0
230
1.0
71
0
72
0
100
AcDbText
73
0
0
POINT
5
AE4
330
1C
100
AcDbEntity
67
0
8
0
62
256
6
ByLayer
370
-1
48
1.0
60
0
100
AcDbPoint
10
1394645.4798718
20
359826.167877056
30
0.0
39
0.0
210
0.0
220
0.0
230
1.0
50
360.0
0
TEXT
5
AE5
330
1C
100
AcDbEntity
67
0
8
0
62
7
6
ByLayer
370
-1
48
1.0
60
0
100
AcDbText
1
1378
10
1394645.60900109
20
359826.442315513
30
0.0
40
0.31111111111
41
1.0
50
0.0
51
0.0
7
Standard
11
1394645.60900109
21
359826.442315513
31
0.0
210
0.0
220
0.0
230
1.0
71
0
72
0
100
AcDbText
73
0
0
POINT
5
AE6
330
1C
100
AcDbEntity
67
0
8
0
62
256
6
ByLayer
370
-1
48
1.0
60
0
100
AcDbPoint
10
1394644.02077826
20
359826.534993701
30
0.0
39
0.0
210
0.0
220
0.0
230
1.0
50
360.0
0
TEXT
5
AE7
330
1C
100
AcDbEntity
67
0
8
0
62
7
6
ByLayer
370
-1
48
1.0
60
0
100
AcDbText
1
1379
10
1394644.14990755
20
359826.809432156
30
0.0
40
0.31111111111
41
1.0
50
0.0
51
0.0
7
Standard
11
1394644.14990755
21
359826.809432156
31
0.0
210
0.0
220
0.0
230
1.0
71
0
72
0
100
AcDbText
73
0
0
POINT
5
AE8
330
1C
100
AcDbEntity
67
0
8
0
62
256
6
ByLayer
370
-1
48
1.0
60
0
100
AcDbPoint
10
1394642.94072451
20
359827.582472804
30
0.0
39
0.0
210
0.0
220
0.0
230
1.0
50
360.0
0
TEXT
5
AE9
330
1C
100
AcDbEntity
67
0
8
0
62
7
6
ByLayer
370
-1
48
1.0
60
0
100
AcDbText
1
1380
10
1394643.0698538
20
359827.856911255
30
0.0
40
0.31111111111
41
1.0
50
0.0
51
0.0
7
Standard
11
1394643.0698538
21
359827.856911255
31
0.0
210
0.0
220
0.0
230
1.0
71
0
72
0
100
AcDbText
73
0
0
POINT
5
AEA
330
1C
100
AcDbEntity
67
0
8
0
62
256
6
ByLayer
370
-1
48
1.0
60
0
100
AcDbPoint
10
1394649.85758593
20
359857.139143154
30
0.0
39
0.0
210
0.0
220
0.0
230
1.0
50
360.0
0
TEXT
5
AEB
330
1C
100
AcDbEntity
67
0
8
0
62
7
6
ByLayer
370
-1
48
1.0
60
0
100
AcDbText
1
1381
10
1394649.98671516
20
359857.413581614
30
0.0
40
0.31111111111
41
1.0
50
0.0
51
0.0
7
Standard
11
1394649.98671516
21
359857.413581614
31
0.0
210
0.0
220
0.0
230
1.0
71
0
72
0
100
AcDbText
73
0
0
POINT
5
AEC
330
1C
100
AcDbEntity
67
0
8
0
62
256
6
ByLayer
370
-1
48
1.0
60
0
100
AcDbPoint
10
1394650.22470246
20
359858.59823674
30
0.0
39
0.0
210
0.0
220
0.0
230
1.0
50
360.0
0
TEXT
5
AED
330
1C
100
AcDbEntity
67
0
8
0
62
7
6
ByLayer
370
-1
48
1.0
60
0
100
AcDbText
1
1382
10
1394650.35383169
20
359858.872675204
30
0.0
40
0.31111111111
41
1.0
50
0.0
51
0.0
7
Standard
11
1394650.35383169
21
359858.872675204
31
0.0
210
0.0
220
0.0
230
1.0
71
0
72
0
100
AcDbText
73
0
0
POINT
5
AEE
330
1C
100
AcDbEntity
67
0
8
0
62
256
6
ByLayer
370
-1
48
1.0
60
0
100
AcDbPoint
10
1394651.2721815
20
359859.678290593
30
0.0
39
0.0
210
0.0
220
0.0
230
1.0
50
360.0
0
TEXT
5
AEF
330
1C
100
AcDbEntity
67
0
8
0
62
7
6
ByLayer
370
-1
48
1.0
60
0
100
AcDbText
1
1383
10
1394651.40131072
20
359859.952729059
30
0.0
40
0.31111111111
41
1.0
50
0.0
51
0.0
7
Standard
11
1394651.40131072
21
359859.952729059
31
0.0
210
0.0
220
0.0
230
1.0
71
0
72
0
100
AcDbText
73
0
0
POINT
5
AF0
330
1C
100
AcDbEntity
67
0
8
0
62
256
6
ByLayer
370
-1
48
1.0
60
0
100
AcDbPoint
10
1394652.71935188
20
359860.089905154
30
0.0
39
0.0
210
0.0
220
0.0
230
1.0
50
360.0
0
TEXT
5
AF1
330
1C
100
AcDbEntity
67
0
8
0
62
7
6
ByLayer
370
-1
48
1.0
60
0
100
AcDbText
1
1384
10
1394652.8484811
20
359860.364343622
30
0.0
40
0.31111111111
41
1.0
50
0.0
51
0.0
7
Standard
11
1394652.8484811
21
359860.364343622
31
0.0
210
0.0
220
0.0
230
1.0
71
0
72
0
100
AcDbText
73
0
0
POINT
5
AF2
330
1C
100
AcDbEntity
67
0
8
0
62
256
6
ByLayer
370
-1
48
1.0
60
0
100
AcDbPoint
10
1394654.17844548
20
359859.722788629
30
0.0
39
0.0
210
0.0
220
0.0
230
1.0
50
360.0
0
TEXT
5
AF3
330
1C
100
AcDbEntity
67
0
8
0
62
7
6
ByLayer
370
-1
48
1.0
60
0
100
AcDbText
1
1385
10
1394654.3075747
20
359859.9972271
30
0.0
40
0.31111111111
41
1.0
50
0.0
51
0.0
7
Standard
11
1394654.3075747
21
359859.9972271
31
0.0
210
0.0
220
0.0
230
1.0
71
0
72
0
100
AcDbText
73
0
0
POINT
5
AF4
330
1C
100
AcDbEntity
67
0
8
0
62
256
6
ByLayer
370
-1
48
1.0
60
0
100
AcDbPoint
10
1394655.25849935
20
359858.675309582
30
0.0
39
0.0
210
0.0
220
0.0
230
1.0
50
360.0
0
TEXT
5
AF5
330
1C
100
AcDbEntity
67
0
8
0
62
7
6
ByLayer
370
-1
48
1.0
60
0
100
AcDbText
1
1386
10
1394655.38762857
20
359858.949748056
30
0.0
40
0.31111111111
41
1.0
50
0.0
51
0.0
7
Standard
11
1394655.38762857
21
359858.949748056
31
0.0
210
0.0
220
0.0
230
1.0
71
0
72
0
100
AcDbText
73
0
0
POINT
5
AF6
330
1C
100
AcDbEntity
67
0
8
0
62
256
6
ByLayer
370
-1
48
1.0
60
0
100
AcDbPoint
10
1394655.6701139
20
359857.228139185
30
0.0
39
0.0
210
0.0
220
0.0
230
1.0
50
360.0
0
TEXT
5
AF7
330
1C
100
AcDbEntity
67
0
8
0
62
7
6
ByLayer
370
-1
48
1.0
60
0
100
AcDbText
1
1387
10
1394655.79924313
20
359857.50257766
30
0.0
40
0.31111111111
41
1.0
50
0.0
51
0.0
7
Standard
11
1394655.79924313
21
359857.50257766
31
0.0
210
0.0
220
0.0
230
1.0
71
0
72
0
100
AcDbText
73
0
0
POINT
5
AF8
330
1C
100
AcDbEntity
67
0
8
0
62
256
6
ByLayer
370
-1
48
1.0
60
0
100
AcDbPoint
10
1394655.30299736
20
359855.769045579
30
0.0
39
0.0
210
0.0
220
0.0
230
1.0
50
360.0
0
TEXT
5
AF9
330
1C
100
AcDbEntity
67
0
8
0
62
7
6
ByLayer
370
-1
48
1.0
60
0
100
AcDbText
1
1388
10
1394655.43212659
20
359856.043484051
30
0.0
40
0.31111111111
41
1.0
50
0.0
51
0.0
7
Standard
11
1394655.43212659
21
359856.043484051
31
0.0
210
0.0
220
0.0
230
1.0
71
0
72
0
100
AcDbText
73
0
0
POINT
5
AFA
330
1C
100
AcDbEntity
67
0
8
0
62
256
6
ByLayer
370
-1
48
1.0
60
0
100
AcDbPoint
10
1394654.25551831
20
359854.688991724
30
0.0
39
0.0
210
0.0
220
0.0
230
1.0
50
360.0
0
TEXT
5
AFB
330
1C
100
AcDbEntity
67
0
8
0
62
7
6
ByLayer
370
-1
48
1.0
60
0
100
AcDbText
1
1389
10
1394654.38464754
20
359854.963430198
30
0.0
40
0.31111111111
41
1.0
50
0.0
51
0.0
7
Standard
11
1394654.38464754
21
359854.963430198
31
0.0
210
0.0
220
0.0
230
1.0
71
0
72
0
100
AcDbText
73
0
0
POINT
5
AFC
330
1C
100
AcDbEntity
67
0
8
0
62
256
6
ByLayer
370
-1
48
1.0
60
0
100
AcDbPoint
10
1394652.80834791
20
359854.277377181
30
0.0
39
0.0
210
0.0
220
0.0
230
1.0
50
360.0
0
TEXT
5
AFD
330
1C
100
AcDbEntity
67
0
8
0
62
7
6
ByLayer
370
-1
48
1.0
60
0
100
AcDbText
1
1390
10
1394652.93747715
20
359854.551815652
30
0.0
40
0.31111111111
41
1.0
50
0.0
51
0.0
7
Standard
11
1394652.93747715
21
359854.551815652
31
0.0
210
0.0
220
0.0
230
1.0
71
0
72
0
100
AcDbText
73
0
0
POINT
5
AFE
330
1C
100
AcDbEntity
67
0
8
0
62
256
6
ByLayer
370
-1
48
1.0
60
0
100
AcDbPoint
10
1394651.34925432
20
359854.644493729
30
0.0
39
0.0
210
0.0
220
0.0
230
1.0
50
360.0
0
TEXT
5
AFF
330
1C
100
AcDbEntity
67
0
8
0
62
7
6
ByLayer
370
-1
48
1.0
60
0
100
AcDbText
1
1391
10
1394651.47838355
20
359854.918932195
30
0.0
40
0.31111111111
41
1.0
50
0.0
51
0.0
7
Standard
11
1394651.47838355
21
359854.918932195
31
0.0
210
0.0
220
0.0
230
1.0
71
0
72
0
100
AcDbText
73
0
0
POINT
5
B00
330
1C
100
AcDbEntity
67
0
8
0
62
256
6
ByLayer
370
-1
48
1.0
60
0
100
AcDbPoint
10
1394650.26920048
20
359855.691972772
30
0.0
39
0.0
210
0.0
220
0.0
230
1.0
50
360.0
0
TEXT
5
B01
330
1C
100
AcDbEntity
67
0
8
0
62
7
6
ByLayer
370
-1
48
1.0
60
0
100
AcDbText
1
1392
10
1394650.39832971
20
359855.966411238
30
0.0
40
0.31111111111
41
1.0
50
0.0
51
0.0
7
Standard
11
1394650.39832971
21
359855.966411238
31
0.0
210
0.0
220
0.0
230
1.0
71
0
72
0
100
AcDbText
73
0
0
POINT
5
B02
330
1C
100
AcDbEntity
67
0
8
0
62
256
6
ByLayer
370
-1
48
1.0
60
0
100
AcDbPoint
10
1394687.66852775
20
359818.466525675
30
0.0
39
0.0
210
0.0
220
0.0
230
1.0
50
360.0
0
TEXT
5
B03
330
1C
100
AcDbEntity
67
0
8
0
62
7
6
ByLayer
370
-1
48
1.0
60
0
100
AcDbText
1
1393
10
1394687.79765705
20
359818.740964211
30
0.0
40
0.31111111111
41
1.0
50
0.0
51
0.0
7
Standard
11
1394687.79765705
21
359818.740964211
31
0.0
210
0.0
220
0.0
230
1.0
71
0
72
0
100
AcDbText
73
0
0
POINT
5
B04
330
1C
100
AcDbEntity
67
0
8
0
62
256
6
ByLayer
370
-1
48
1.0
60
0
100
AcDbPoint
10
1394688.03564446
20
359819.925619367
30
0.0
39
0.0
210
0.0
220
0.0
230
1.0
50
360.0
0
TEXT
5
B05
330
1C
100
AcDbEntity
67
0
8
0
62
7
6
ByLayer
370
-1
48
1.0
60
0
100
AcDbText
1
1394
10
1394688.16477375
20
359820.200057902
30
0.0
40
0.31111111111
41
1.0
50
0.0
51
0.0
7
Standard
11
1394688.16477375
21
359820.200057902
31
0.0
210
0.0
220
0.0
230
1.0
71
0
72
0
100
AcDbText
73
0
0
POINT
5
B06
330
1C
100
AcDbEntity
67
0
8
0
62
256
6
ByLayer
370
-1
48
1.0
60
0
100
AcDbPoint
10
1394689.0831237
20
359821.005673223
30
0.0
39
0.0
210
0.0
220
0.0
230
1.0
50
360.0
0
TEXT
5
B07
330
1C
100
AcDbEntity
67
0
8
0
62
7
6
ByLayer
370
-1
48
1.0
60
0
100
AcDbText
1
1395
10
1394689.212253
20
359821.280111756
30
0.0
40
0.31111111111
41
1.0
50
0.0
51
0.0
7
Standard
11
1394689.212253
21
359821.280111756
31
0.0
210
0.0
220
0.0
230
1.0
71
0
72
0
100
AcDbText
73
0
0
POINT
5
B08
330
1C
100
AcDbEntity
67
0
8
0
62
256
6
ByLayer
370
-1
48
1.0
60
0
100
AcDbPoint
10
1394690.53029427
20
359821.41728768
30
0.0
39
0.0
210
0.0
220
0.0
230
1.0
50
360.0
0
TEXT
5
B09
330
1C
100
AcDbEntity
67
0
8
0
62
7
6
ByLayer
370
-1
48
1.0
60
0
100
AcDbText
1
1396
10
1394690.65942356
20
359821.691726219
30
0.0
40
0.31111111111
41
1.0
50
0.0
51
0.0
7
Standard
11
1394690.65942356
21
359821.691726219
31
0.0
210
0.0
220
0.0
230
1.0
71
0
72
0
100
AcDbText
73
0
0
POINT
5
B0A
330
1C
100
AcDbEntity
67
0
8
0
62
256
6
ByLayer
370
-1
48
1.0
60
0
100
AcDbPoint
10
1394691.98938797
20
359821.050170972
30
0.0
39
0.0
210
0.0
220
0.0
230
1.0
50
360.0
0
TEXT
5
B0B
330
1C
100
AcDbEntity
67
0
8
0
62
7
6
ByLayer
370
-1
48
1.0
60
0
100
AcDbText
1
1397
10
1394692.11851726
20
359821.324609512
30
0.0
40
0.31111111111
41
1.0
50
0.0
51
0.0
7
Standard
11
1394692.11851726
21
359821.324609512
31
0.0
210
0.0
220
0.0
230
1.0
71
0
72
0
100
AcDbText
73
0
0
POINT
5
B0C
330
1C
100
AcDbEntity
67
0
8
0
62
256
6
ByLayer
370
-1
48
1.0
60
0
100
AcDbPoint
10
1394693.06944184
20
359820.002691716
30
0.0
39
0.0
210
0.0
220
0.0
230
1.0
50
360.0
0
TEXT
5
B0D
330
1C
100
AcDbEntity
67
0
8
0
62
7
6
ByLayer
370
-1
48
1.0
60
0
100
AcDbText
1
1398
10
1394693.19857113
20
359820.277130262
30
0.0
40
0.31111111111
41
1.0
50
0.0
51
0.0
7
Standard
11
1394693.19857113
21
359820.277130262
31
0.0
210
0.0
220
0.0
230
1.0
71
0
72
0
100
AcDbText
73
0
0
POINT
5
B0E
330
1C
100
AcDbEntity
67
0
8
0
62
256
6
ByLayer
370
-1
48
1.0
60
0
100
AcDbPoint
10
1394693.48105629
20
359818.555521141
30
0.0
39
0.0
210
0.0
220
0.0
230
1.0
50
360.0
0
TEXT
5
B0F
330
1C
100
AcDbEntity
67
0
8
0
62
7
6
ByLayer
370
-1
48
1.0
60
0
100
AcDbText
1
1399
10
1394693.61018559
20
359818.829959684
30
0.0
40
0.31111111111
41
1.0
50
0.0
51
0.0
7
Standard
11
1394693.61018559
21
359818.829959684
31
0.0
210
0.0
220
0.0
230
1.0
71
0
72
0
100
AcDbText
73
0
0
POINT
5
B10
330
1C
100
AcDbEntity
67
0
8
0
62
256
6
ByLayer
370
-1
48
1.0
60
0
100
AcDbPoint
10
1394693.11393957
20
359817.096427426
30
0.0
39
0.0
210
0.0
220
0.0
230
1.0
50
360.0
0
TEXT
5
B11
330
1C
100
AcDbEntity
67
0
8
0
62
7
6
ByLayer
370
-1
48
1.0
60
0
100
AcDbText
1
1400
10
1394693.24306887
20
359817.370865972
30
0.0
40
0.31111111111
41
1.0
50
0.0
51
0.0
7
Standard
11
1394693.24306887
21
359817.370865972
31
0.0
210
0.0
220
0.0
230
1.0
71
0
72
0
100
AcDbText
73
0
0
POINT
5
B12
330
1C
100
AcDbEntity
67
0
8
0
62
256
6
ByLayer
370
-1
48
1.0
60
0
100
AcDbPoint
10
1394692.06646031
20
359816.016373575
30
0.0
39
0.0
210
0.0
220
0.0
230
1.0
50
360.0
0
TEXT
5
B13
330
1C
100
AcDbEntity
67
0
8
0
62
7
6
ByLayer
370
-1
48
1.0
60
0
100
AcDbText
1
1401
10
1394692.19558961
20
359816.290812115
30
0.0
40
0.31111111111
41
1.0
50
0.0
51
0.0
7
Standard
11
1394692.19558961
21
359816.290812115
31
0.0
210
0.0
220
0.0
230
1.0
71
0
72
0
100
AcDbText
73
0
0
POINT
5
B14
330
1C
100
AcDbEntity
67
0
8
0
62
256
6
ByLayer
370
-1
48
1.0
60
0
100
AcDbPoint
10
1394690.61928973
20
359815.604759133
30
0.0
39
0.0
210
0.0
220
0.0
230
1.0
50
360.0
0
TEXT
5
B15
330
1C
100
AcDbEntity
67
0
8
0
62
7
6
ByLayer
370
-1
48
1.0
60
0
100
AcDbText
1
1402
10
1394690.74841903
20
359815.879197673
30
0.0
40
0.31111111111
41
1.0
50
0.0
51
0.0
7
Standard
11
1394690.74841903
21
359815.879197673
31
0.0
210
0.0
220
0.0
230
1.0
71
0
72
0
100
AcDbText
73
0
0
POINT
5
B16
330
1C
100
AcDbEntity
67
0
8
0
62
256
6
ByLayer
370
-1
48
1.0
60
0
100
AcDbPoint
10
1394689.16019603
20
359815.971875862
30
0.0
39
0.0
210
0.0
220
0.0
230
1.0
50
360.0
0
TEXT
5
B17
330
1C
100
AcDbEntity
67
0
8
0
62
7
6
ByLayer
370
-1
48
1.0
60
0
100
AcDbText
1
1403
10
1394689.28932534
20
359816.246314399
30
0.0
40
0.31111111111
41
1.0
50
0.0
51
0.0
7
Standard
11
1394689.28932534
21
359816.246314399
31
0.0
210
0.0
220
0.0
230
1.0
71
0
72
0
100
AcDbText
73
0
0
POINT
5
B18
330
1C
100
AcDbEntity
67
0
8
0
62
256
6
ByLayer
370
-1
48
1.0
60
0
100
AcDbPoint
10
1394688.08014219
20
359817.019355112
30
0.0
39
0.0
210
0.0
220
0.0
230
1.0
50
360.0
0
TEXT
5
B19
330
1C
100
AcDbEntity
67
0
8
0
62
7
6
ByLayer
370
-1
48
1.0
60
0
100
AcDbText
1
1404
10
1394688.20927149
20
359817.293793651
30
0.0
40
0.31111111111
41
1.0
50
0.0
51
0.0
7
Standard
11
1394688.20927149
21
359817.293793651
31
0.0
210
0.0
220
0.0
230
1.0
71
0
72
0
100
AcDbText
73
0
0
POINT
5
B1A
330
1C
100
AcDbEntity
67
0
8
0
62
256
6
ByLayer
370
-1
48
1.0
60
0
100
AcDbPoint
10
1394706.65223251
20
359811.670467506
30
0.0
39
0.0
210
0.0
220
0.0
230
1.0
50
360.0
0
TEXT
5
B1B
330
1C
100
AcDbEntity
67
0
8
0
62
7
6
ByLayer
370
-1
48
1.0
60
0
100
AcDbText
1
1405
10
1394706.78136182
20
359811.944906076
30
0.0
40
0.31111111111
41
1.0
50
0.0
51
0.0
7
Standard
11
1394706.78136182
21
359811.944906076
31
0.0
210
0.0
220
0.0
230
1.0
71
0
72
0
100
AcDbText
73
0
0
POINT
5
B1C
330
1C
100
AcDbEntity
67
0
8
0
62
256
6
ByLayer
370
-1
48
1.0
60
0
100
AcDbPoint
10
1394707.01934926
20
359813.129561262
30
0.0
39
0.0
210
0.0
220
0.0
230
1.0
50
360.0
0
TEXT
5
B1D
330
1C
100
AcDbEntity
67
0
8
0
62
7
6
ByLayer
370
-1
48
1.0
60
0
100
AcDbText
1
1406
10
1394707.14847857
20
359813.403999833
30
0.0
40
0.31111111111
41
1.0
50
0.0
51
0.0
7
Standard
11
1394707.14847857
21
359813.403999833
31
0.0
210
0.0
220
0.0
230
1.0
71
0
72
0
100
AcDbText
73
0
0
POINT
5
B1E
330
1C
100
AcDbEntity
67
0
8
0
62
256
6
ByLayer
370
-1
48
1.0
60
0
100
AcDbPoint
10
1394708.06682857
20
359814.209615151
30
0.0
39
0.0
210
0.0
220
0.0
230
1.0
50
360.0
0
TEXT
5
B1F
330
1C
100
AcDbEntity
67
0
8
0
62
7
6
ByLayer
370
-1
48
1.0
60
0
100
AcDbText
1
1407
10
1394708.19595788
20
359814.484053722
30
0.0
40
0.31111111111
41
1.0
50
0.0
51
0.0
7
Standard
11
1394708.19595788
21
359814.484053722
31
0.0
210
0.0
220
0.0
230
1.0
71
0
72
0
100
AcDbText
73
0
0
POINT
5
B20
330
1C
100
AcDbEntity
67
0
8
0
62
256
6
ByLayer
370
-1
48
1.0
60
0
100
AcDbPoint
10
1394709.51399922
20
359814.621229602
30
0.0
39
0.0
210
0.0
220
0.0
230
1.0
50
360.0
0
TEXT
5
B21
330
1C
100
AcDbEntity
67
0
8
0
62
7
6
ByLayer
370
-1
48
1.0
60
0
100
AcDbText
1
1408
10
1394709.64312852
20
359814.895668176
30
0.0
40
0.31111111111
41
1.0
50
0.0
51
0.0
7
Standard
11
1394709.64312852
21
359814.895668176
31
0.0
210
0.0
220
0.0
230
1.0
71
0
72
0
100
AcDbText
73
0
0
POINT
5
B22
330
1C
100
AcDbEntity
67
0
8
0
62
256
6
ByLayer
370
-1
48
1.0
60
0
100
AcDbPoint
10
1394710.97309299
20
359814.254112851
30
0.0
39
0.0
210
0.0
220
0.0
230
1.0
50
360.0
0
TEXT
5
B23
330
1C
100
AcDbEntity
67
0
8
0
62
7
6
ByLayer
370
-1
48
1.0
60
0
100
AcDbText
1
1409
10
1394711.10222229
20
359814.52855143
30
0.0
40
0.31111111111
41
1.0
50
0.0
51
0.0
7
Standard
11
1394711.10222229
21
359814.52855143
31
0.0
210
0.0
220
0.0
230
1.0
71
0
72
0
100
AcDbText
73
0
0
POINT
5
B24
330
1C
100
AcDbEntity
67
0
8
0
62
256
6
ByLayer
370
-1
48
1.0
60
0
100
AcDbPoint
10
1394712.05314688
20
359813.20663353
30
0.0
39
0.0
210
0.0
220
0.0
230
1.0
50
360.0
0
TEXT
5
B25
330
1C
100
AcDbEntity
67
0
8
0
62
7
6
ByLayer
370
-1
48
1.0
60
0
100
AcDbText
1
1410
10
1394712.18227619
20
359813.481072108
30
0.0
40
0.31111111111
41
1.0
50
0.0
51
0.0
7
Standard
11
1394712.18227619
21
359813.481072108
31
0.0
210
0.0
220
0.0
230
1.0
71
0
72
0
100
AcDbText
73
0
0
POINT
5
B26
330
1C
100
AcDbEntity
67
0
8
0
62
256
6
ByLayer
370
-1
48
1.0
60
0
100
AcDbPoint
10
1394712.46476133
20
359811.759462873
30
0.0
39
0.0
210
0.0
220
0.0
230
1.0
50
360.0
0
TEXT
5
B27
330
1C
100
AcDbEntity
67
0
8
0
62
7
6
ByLayer
370
-1
48
1.0
60
0
100
AcDbText
1
1411
10
1394712.59389065
20
359812.03390145
30
0.0
40
0.31111111111
41
1.0
50
0.0
51
0.0
7
Standard
11
1394712.59389065
21
359812.03390145
31
0.0
210
0.0
220
0.0
230
1.0
71
0
72
0
100
AcDbText
73
0
0
POINT
5
B28
330
1C
100
AcDbEntity
67
0
8
0
62
256
6
ByLayer
370
-1
48
1.0
60
0
100
AcDbPoint
10
1394712.09764457
20
359810.300369093
30
0.0
39
0.0
210
0.0
220
0.0
230
1.0
50
360.0
0
TEXT
5
B29
330
1C
100
AcDbEntity
67
0
8
0
62
7
6
ByLayer
370
-1
48
1.0
60
0
100
AcDbText
1
1412
10
1394712.22677388
20
359810.574807676
30
0.0
40
0.31111111111
41
1.0
50
0.0
51
0.0
7
Standard
11
1394712.22677388
21
359810.574807676
31
0.0
210
0.0
220
0.0
230
1.0
71
0
72
0
100
AcDbText
73
0
0
POINT
5
B2A
330
1C
100
AcDbEntity
67
0
8
0
62
256
6
ByLayer
370
-1
48
1.0
60
0
100
AcDbPoint
10
1394711.05016523
20
359809.220315205
30
0.0
39
0.0
210
0.0
220
0.0
230
1.0
50
360.0
0
TEXT
5
B2B
330
1C
100
AcDbEntity
67
0
8
0
62
7
6
ByLayer
370
-1
48
1.0
60
0
100
AcDbText
1
1413
10
1394711.17929455
20
359809.494753784
30
0.0
40
0.31111111111
41
1.0
50
0.0
51
0.0
7
Standard
11
1394711.17929455
21
359809.494753784
31
0.0
210
0.0
220
0.0
230
1.0
71
0
72
0
100
AcDbText
73
0
0
POINT
5
B2C
330
1C
100
AcDbEntity
67
0
8
0
62
256
6
ByLayer
370
-1
48
1.0
60
0
100
AcDbPoint
10
1394709.60299458
20
359808.808700773
30
0.0
39
0.0
210
0.0
220
0.0
230
1.0
50
360.0
0
TEXT
5
B2D
330
1C
100
AcDbEntity
67
0
8
0
62
7
6
ByLayer
370
-1
48
1.0
60
0
100
AcDbText
1
1414
10
1394709.7321239
20
359809.083139348
30
0.0
40
0.31111111111
41
1.0
50
0.0
51
0.0
7
Standard
11
1394709.7321239
21
359809.083139348
31
0.0
210
0.0
220
0.0
230
1.0
71
0
72
0
100
AcDbText
73
0
0
POINT
5
B2E
330
1C
100
AcDbEntity
67
0
8
0
62
256
6
ByLayer
370
-1
48
1.0
60
0
100
AcDbPoint
10
1394708.14390082
20
359809.175817542
30
0.0
39
0.0
210
0.0
220
0.0
230
1.0
50
360.0
0
TEXT
5
B2F
330
1C
100
AcDbEntity
67
0
8
0
62
7
6
ByLayer
370
-1
48
1.0
60
0
100
AcDbText
1
1415
10
1394708.27303014
20
359809.450256114
30
0.0
40
0.31111111111
41
1.0
50
0.0
51
0.0
7
Standard
11
1394708.27303014
21
359809.450256114
31
0.0
210
0.0
220
0.0
230
1.0
71
0
72
0
100
AcDbText
73
0
0
POINT
5
B30
330
1C
100
AcDbEntity
67
0
8
0
62
256
6
ByLayer
370
-1
48
1.0
60
0
100
AcDbPoint
10
1394707.06384695
20
359810.223296867
30
0.0
39
0.0
210
0.0
220
0.0
230
1.0
50
360.0
0
TEXT
5
B31
330
1C
100
AcDbEntity
67
0
8
0
62
7
6
ByLayer
370
-1
48
1.0
60
0
100
AcDbText
1
1416
10
1394707.19297626
20
359810.497735436
30
0.0
40
0.31111111111
41
1.0
50
0.0
51
0.0
7
Standard
11
1394707.19297626
21
359810.497735436
31
0.0
210
0.0
220
0.0
230
1.0
71
0
72
0
100
AcDbText
73
0
0
POINT
5
B32
330
1C
100
AcDbEntity
67
0
8
0
62
256
6
ByLayer
370
-1
48
1.0
60
0
100
AcDbPoint
10
1394674.97177232
20
359772.709096576
30
0.0
39
0.0
210
0.0
220
0.0
230
1.0
50
360.0
0
TEXT
5
B33
330
1C
100
AcDbEntity
67
0
8
0
62
7
6
ByLayer
370
-1
48
1.0
60
0
100
AcDbText
1
1417
10
1394675.10090171
20
359772.983535089
30
0.0
40
0.31111111111
41
1.0
50
0.0
51
0.0
7
Standard
11
1394675.10090171
21
359772.983535089
31
0.0
210
0.0
220
0.0
230
1.0
71
0
72
0
100
AcDbText
73
0
0
POINT
5
B34
330
1C
100
AcDbEntity
67
0
8
0
62
256
6
ByLayer
370
-1
48
1.0
60
0
100
AcDbPoint
10
1394675.33888919
20
359774.168190177
30
0.0
39
0.0
210
0.0
220
0.0
230
1.0
50
360.0
0
TEXT
5
B35
330
1C
100
AcDbEntity
67
0
8
0
62
7
6
ByLayer
370
-1
48
1.0
60
0
100
AcDbText
1
1418
10
1394675.46801858
20
359774.442628691
30
0.0
40
0.31111111111
41
1.0
50
0.0
51
0.0
7
Standard
11
1394675.46801858
21
359774.442628691
31
0.0
210
0.0
220
0.0
230
1.0
71
0
72
0
100
AcDbText
73
0
0
POINT
5
B36
330
1C
100
AcDbEntity
67
0
8
0
62
256
6
ByLayer
370
-1
48
1.0
60
0
100
AcDbPoint
10
1394676.38636853
20
359775.248243872
30
0.0
39
0.0
210
0.0
220
0.0
230
1.0
50
360.0
0
TEXT
5
B37
330
1C
100
AcDbEntity
67
0
8
0
62
7
6
ByLayer
370
-1
48
1.0
60
0
100
AcDbText
1
1419
10
1394676.51549791
20
359775.522682388
30
0.0
40
0.31111111111
41
1.0
50
0.0
51
0.0
7
Standard
11
1394676.51549791
21
359775.522682388
31
0.0
210
0.0
220
0.0
230
1.0
71
0
72
0
100
AcDbText
73
0
0
POINT
5
B38
330
1C
100
AcDbEntity
67
0
8
0
62
256
6
ByLayer
370
-1
48
1.0
60
0
100
AcDbPoint
10
1394677.8335391
20
359775.659858146
30
0.0
39
0.0
210
0.0
220
0.0
230
1.0
50
360.0
0
TEXT
5
B39
330
1C
100
AcDbEntity
67
0
8
0
62
7
6
ByLayer
370
-1
48
1.0
60
0
100
AcDbText
1
1420
10
1394677.96266847
20
359775.934296665
30
0.0
40
0.31111111111
41
1.0
50
0.0
51
0.0
7
Standard
11
1394677.96266847
21
359775.934296665
31
0.0
210
0.0
220
0.0
230
1.0
71
0
72
0
100
AcDbText
73
0
0
POINT
5
B3A
330
1C
100
AcDbEntity
67
0
8
0
62
256
6
ByLayer
370
-1
48
1.0
60
0
100
AcDbPoint
10
1394679.29263271
20
359775.292741279
30
0.0
39
0.0
210
0.0
220
0.0
230
1.0
50
360.0
0
TEXT
5
B3B
330
1C
100
AcDbEntity
67
0
8
0
62
7
6
ByLayer
370
-1
48
1.0
60
0
100
AcDbText
1
1421
10
1394679.42176209
20
359775.567179802
30
0.0
40
0.31111111111
41
1.0
50
0.0
51
0.0
7
Standard
11
1394679.42176209
21
359775.567179802
31
0.0
210
0.0
220
0.0
230
1.0
71
0
72
0
100
AcDbText
73
0
0
POINT
5
B3C
330
1C
100
AcDbEntity
67
0
8
0
62
256
6
ByLayer
370
-1
48
1.0
60
0
100
AcDbPoint
10
1394680.37268642
20
359774.245261935
30
0.0
39
0.0
210
0.0
220
0.0
230
1.0
50
360.0
0
TEXT
5
B3D
330
1C
100
AcDbEntity
67
0
8
0
62
7
6
ByLayer
370
-1
48
1.0
60
0
100
AcDbText
1
1422
10
1394680.5018158
20
359774.519700458
30
0.0
40
0.31111111111
41
1.0
50
0.0
51
0.0
7
Standard
11
1394680.5018158
21
359774.519700458
31
0.0
210
0.0
220
0.0
230
1.0
71
0
72
0
100
AcDbText
73
0
0
POINT
5
B3E
330
1C
100
AcDbEntity
67
0
8
0
62
256
6
ByLayer
370
-1
48
1.0
60
0
100
AcDbPoint
10
1394680.78430069
20
359772.798091353
30
0.0
39
0.0
210
0.0
220
0.0
230
1.0
50
360.0
0
TEXT
5
B3F
330
1C
100
AcDbEntity
67
0
8
0
62
7
6
ByLayer
370
-1
48
1.0
60
0
100
AcDbText
1
1423
10
1394680.91343007
20
359773.072529877
30
0.0
40
0.31111111111
41
1.0
50
0.0
51
0.0
7
Standard
11
1394680.91343007
21
359773.072529877
31
0.0
210
0.0
220
0.0
230
1.0
71
0
72
0
100
AcDbText
73
0
0
POINT
5
B40
330
1C
100
AcDbEntity
67
0
8
0
62
256
6
ByLayer
370
-1
48
1.0
60
0
100
AcDbPoint
10
1394680.41718381
20
359771.338997733
30
0.0
39
0.0
210
0.0
220
0.0
230
1.0
50
360.0
0
TEXT
5
B41
330
1C
100
AcDbEntity
67
0
8
0
62
7
6
ByLayer
370
-1
48
1.0
60
0
100
AcDbText
1
1424
10
1394680.54631319
20
359771.613436255
30
0.0
40
0.31111111111
41
1.0
50
0.0
51
0.0
7
Standard
11
1394680.54631319
21
359771.613436255
31
0.0
210
0.0
220
0.0
230
1.0
71
0
72
0
100
AcDbText
73
0
0
POINT
5
B42
330
1C
100
AcDbEntity
67
0
8
0
62
256
6
ByLayer
370
-1
48
1.0
60
0
100
AcDbPoint
10
1394679.36970445
20
359770.258944037
30
0.0
39
0.0
210
0.0
220
0.0
230
1.0
50
360.0
0
TEXT
5
B43
330
1C
100
AcDbEntity
67
0
8
0
62
7
6
ByLayer
370
-1
48
1.0
60
0
100
AcDbText
1
1425
10
1394679.49883384
20
359770.533382558
30
0.0
40
0.31111111111
41
1.0
50
0.0
51
0.0
7
Standard
11
1394679.49883384
21
359770.533382558
31
0.0
210
0.0
220
0.0
230
1.0
71
0
72
0
100
AcDbText
73
0
0
POINT
5
B44
330
1C
100
AcDbEntity
67
0
8
0
62
256
6
ByLayer
370
-1
48
1.0
60
0
100
AcDbPoint
10
1394677.92253388
20
359769.847329784
30
0.0
39
0.0
210
0.0
220
0.0
230
1.0
50
360.0
0
TEXT
5
B45
330
1C
100
AcDbEntity
67
0
8
0
62
7
6
ByLayer
370
-1
48
1.0
60
0
100
AcDbText
1
1426
10
1394678.05166326
20
359770.1217683
30
0.0
40
0.31111111111
41
1.0
50
0.0
51
0.0
7
Standard
11
1394678.05166326
21
359770.1217683
31
0.0
210
0.0
220
0.0
230
1.0
71
0
72
0
100
AcDbText
73
0
0
POINT
5
B46
330
1C
100
AcDbEntity
67
0
8
0
62
256
6
ByLayer
370
-1
48
1.0
60
0
100
AcDbPoint
10
1394676.46344027
20
359770.214446669
30
0.0
39
0.0
210
0.0
220
0.0
230
1.0
50
360.0
0
TEXT
5
B47
330
1C
100
AcDbEntity
67
0
8
0
62
7
6
ByLayer
370
-1
48
1.0
60
0
100
AcDbText
1
1427
10
1394676.59256966
20
359770.488885181
30
0.0
40
0.31111111111
41
1.0
50
0.0
51
0.0
7
Standard
11
1394676.59256966
21
359770.488885181
31
0.0
210
0.0
220
0.0
230
1.0
71
0
72
0
100
AcDbText
73
0
0
POINT
5
B48
330
1C
100
AcDbEntity
67
0
8
0
62
256
6
ByLayer
370
-1
48
1.0
60
0
100
AcDbPoint
10
1394675.38338658
20
359771.261926014
30
0.0
39
0.0
210
0.0
220
0.0
230
1.0
50
360.0
0
TEXT
5
B49
330
1C
100
AcDbEntity
67
0
8
0
62
7
6
ByLayer
370
-1
48
1.0
60
0
100
AcDbText
1
1428
10
1394675.51251597
20
359771.536364529
30
0.0
40
0.31111111111
41
1.0
50
0.0
51
0.0
7
Standard
11
1394675.51251597
21
359771.536364529
31
0.0
210
0.0
220
0.0
230
1.0
71
0
72
0
100
AcDbText
73
0
0
POINT
5
B4A
330
1C
100
AcDbEntity
67
0
8
0
62
256
6
ByLayer
370
-1
48
1.0
60
0
100
AcDbPoint
10
1394697.44694561
20
359783.321463761
30
0.0
39
0.0
210
0.0
220
0.0
230
1.0
50
360.0
0
TEXT
5
B4B
330
1C
100
AcDbEntity
67
0
8
0
62
7
6
ByLayer
370
-1
48
1.0
60
0
100
AcDbText
1
1429
10
1394697.57607498
20
359783.595902314
30
0.0
40
0.31111111111
41
1.0
50
0.0
51
0.0
7
Standard
11
1394697.57607498
21
359783.595902314
31
0.0
210
0.0
220
0.0
230
1.0
71
0
72
0
100
AcDbText
73
0
0
POINT
5
B4C
330
1C
100
AcDbEntity
67
0
8
0
62
256
6
ByLayer
370
-1
48
1.0
60
0
100
AcDbPoint
10
1394697.81406246
20
359784.780557457
30
0.0
39
0.0
210
0.0
220
0.0
230
1.0
50
360.0
0
TEXT
5
B4D
330
1C
100
AcDbEntity
67
0
8
0
62
7
6
ByLayer
370
-1
48
1.0
60
0
100
AcDbText
1
1430
10
1394697.94319183
20
359785.054996011
30
0.0
40
0.31111111111
41
1.0
50
0.0
51
0.0
7
Standard
11
1394697.94319183
21
359785.054996011
31
0.0
210
0.0
220
0.0
230
1.0
71
0
72
0
100
AcDbText
73
0
0
POINT
5
B4E
330
1C
100
AcDbEntity
67
0
8
0
62
256
6
ByLayer
370
-1
48
1.0
60
0
100
AcDbPoint
10
1394698.86154183
20
359785.860611244
30
0.0
39
0.0
210
0.0
220
0.0
230
1.0
50
360.0
0
TEXT
5
B4F
330
1C
100
AcDbEntity
67
0
8
0
62
7
6
ByLayer
370
-1
48
1.0
60
0
100
AcDbText
1
1431
10
1394698.99067119
20
359786.135049801
30
0.0
40
0.31111111111
41
1.0
50
0.0
51
0.0
7
Standard
11
1394698.99067119
21
359786.135049801
31
0.0
210
0.0
220
0.0
230
1.0
71
0
72
0
100
AcDbText
73
0
0
POINT
5
B50
330
1C
100
AcDbEntity
67
0
8
0
62
256
6
ByLayer
370
-1
48
1.0
60
0
100
AcDbPoint
10
1394700.30871247
20
359786.272225582
30
0.0
39
0.0
210
0.0
220
0.0
230
1.0
50
360.0
0
TEXT
5
B51
330
1C
100
AcDbEntity
67
0
8
0
62
7
6
ByLayer
370
-1
48
1.0
60
0
100
AcDbText
1
1432
10
1394700.43784183
20
359786.546664138
30
0.0
40
0.31111111111
41
1.0
50
0.0
51
0.0
7
Standard
11
1394700.43784183
21
359786.546664138
31
0.0
210
0.0
220
0.0
230
1.0
71
0
72
0
100
AcDbText
73
0
0
POINT
5
B52
330
1C
100
AcDbEntity
67
0
8
0
62
256
6
ByLayer
370
-1
48
1.0
60
0
100
AcDbPoint
10
1394701.76780618
20
359785.905108732
30
0.0
39
0.0
210
0.0
220
0.0
230
1.0
50
360.0
0
TEXT
5
B53
330
1C
100
AcDbEntity
67
0
8
0
62
7
6
ByLayer
370
-1
48
1.0
60
0
100
AcDbText
1
1433
10
1394701.89693554
20
359786.179547293
30
0.0
40
0.31111111111
41
1.0
50
0.0
51
0.0
7
Standard
11
1394701.89693554
21
359786.179547293
31
0.0
210
0.0
220
0.0
230
1.0
71
0
72
0
100
AcDbText
73
0
0
POINT
5
B54
330
1C
100
AcDbEntity
67
0
8
0
62
256
6
ByLayer
370
-1
48
1.0
60
0
100
AcDbPoint
10
1394702.84785997
20
359784.857629356
30
0.0
39
0.0
210
0.0
220
0.0
230
1.0
50
360.0
0
TEXT
5
B55
330
1C
100
AcDbEntity
67
0
8
0
62
7
6
ByLayer
370
-1
48
1.0
60
0
100
AcDbText
1
1434
10
1394702.97698934
20
359785.132067918
30
0.0
40
0.31111111111
41
1.0
50
0.0
51
0.0
7
Standard
11
1394702.97698934
21
359785.132067918
31
0.0
210
0.0
220
0.0
230
1.0
71
0
72
0
100
AcDbText
73
0
0
POINT
5
B56
330
1C
100
AcDbEntity
67
0
8
0
62
256
6
ByLayer
370
-1
48
1.0
60
0
100
AcDbPoint
10
1394703.25947431
20
359783.410458703
30
0.0
39
0.0
210
0.0
220
0.0
230
1.0
50
360.0
0
TEXT
5
B57
330
1C
100
AcDbEntity
67
0
8
0
62
7
6
ByLayer
370
-1
48
1.0
60
0
100
AcDbText
1
1435
10
1394703.38860367
20
359783.684897268
30
0.0
40
0.31111111111
41
1.0
50
0.0
51
0.0
7
Standard
11
1394703.38860367
21
359783.684897268
31
0.0
210
0.0
220
0.0
230
1.0
71
0
72
0
100
AcDbText
73
0
0
POINT
5
B58
330
1C
100
AcDbEntity
67
0
8
0
62
256
6
ByLayer
370
-1
48
1.0
60
0
100
AcDbPoint
10
1394702.89235745
20
359781.951364988
30
0.0
39
0.0
210
0.0
220
0.0
230
1.0
50
360.0
0
TEXT
5
B59
330
1C
100
AcDbEntity
67
0
8
0
62
7
6
ByLayer
370
-1
48
1.0
60
0
100
AcDbText
1
1436
10
1394703.02148681
20
359782.225803551
30
0.0
40
0.31111111111
41
1.0
50
0.0
51
0.0
7
Standard
11
1394703.02148681
21
359782.225803551
31
0.0
210
0.0
220
0.0
230
1.0
71
0
72
0
100
AcDbText
73
0
0
POINT
5
B5A
330
1C
100
AcDbEntity
67
0
8
0
62
256
6
ByLayer
370
-1
48
1.0
60
0
100
AcDbPoint
10
1394701.84487806
20
359780.871311202
30
0.0
39
0.0
210
0.0
220
0.0
230
1.0
50
360.0
0
TEXT
5
B5B
330
1C
100
AcDbEntity
67
0
8
0
62
7
6
ByLayer
370
-1
48
1.0
60
0
100
AcDbText
1
1437
10
1394701.97400743
20
359781.145749761
30
0.0
40
0.31111111111
41
1.0
50
0.0
51
0.0
7
Standard
11
1394701.97400743
21
359781.145749761
31
0.0
210
0.0
220
0.0
230
1.0
71
0
72
0
100
AcDbText
73
0
0
POINT
5
B5C
330
1C
100
AcDbEntity
67
0
8
0
62
256
6
ByLayer
370
-1
48
1.0
60
0
100
AcDbPoint
10
1394700.39770741
20
359780.459696882
30
0.0
39
0.0
210
0.0
220
0.0
230
1.0
50
360.0
0
TEXT
5
B5D
330
1C
100
AcDbEntity
67
0
8
0
62
7
6
ByLayer
370
-1
48
1.0
60
0
100
AcDbText
1
1438
10
1394700.52683678
20
359780.734135441
30
0.0
40
0.31111111111
41
1.0
50
0.0
51
0.0
7
Standard
11
1394700.52683678
21
359780.734135441
31
0.0
210
0.0
220
0.0
230
1.0
71
0
72
0
100
AcDbText
73
0
0
POINT
5
B5E
330
1C
100
AcDbEntity
67
0
8
0
62
256
6
ByLayer
370
-1
48
1.0
60
0
100
AcDbPoint
10
1394698.93861371
20
359780.82681375
30
0.0
39
0.0
210
0.0
220
0.0
230
1.0
50
360.0
0
TEXT
5
B5F
330
1C
100
AcDbEntity
67
0
8
0
62
7
6
ByLayer
370
-1
48
1.0
60
0
100
AcDbText
1
1439
10
1394699.06774308
20
359781.101252305
30
0.0
40
0.31111111111
41
1.0
50
0.0
51
0.0
7
Standard
11
1394699.06774308
21
359781.101252305
31
0.0
210
0.0
220
0.0
230
1.0
71
0
72
0
100
AcDbText
73
0
0
POINT
5
B60
330
1C
100
AcDbEntity
67
0
8
0
62
256
6
ByLayer
370
-1
48
1.0
60
0
100
AcDbPoint
10
1394697.85855993
20
359781.874293127
30
0.0
39
0.0
210
0.0
220
0.0
230
1.0
50
360.0
0
TEXT
5
B61
330
1C
100
AcDbEntity
67
0
8
0
62
7
6
ByLayer
370
-1
48
1.0
60
0
100
AcDbText
1
1440
10
1394697.9876893
20
359782.148731681
30
0.0
40
0.31111111111
41
1.0
50
0.0
51
0.0
7
Standard
11
1394697.9876893
21
359782.148731681
31
0.0
210
0.0
220
0.0
230
1.0
71
0
72
0
100
AcDbText
73
0
0
POINT
5
B62
330
1C
100
AcDbEntity
67
0
8
0
62
256
6
ByLayer
370
-1
48
1.0
60
0
100
AcDbPoint
10
1394707.13918228
20
359752.152741902
30
0.0
39
0.0
210
0.0
220
0.0
230
1.0
50
360.0
0
TEXT
5
B63
330
1C
100
AcDbEntity
67
0
8
0
62
7
6
ByLayer
370
-1
48
1.0
60
0
100
AcDbText
1
1441
10
1394707.2683117
20
359752.427180475
30
0.0
40
0.31111111111
41
1.0
50
0.0
51
0.0
7
Standard
11
1394707.2683117
21
359752.427180475
31
0.0
210
0.0
220
0.0
230
1.0
71
0
72
0
100
AcDbText
73
0
0
POINT
5
B64
330
1C
100
AcDbEntity
67
0
8
0
62
256
6
ByLayer
370
-1
48
1.0
60
0
100
AcDbPoint
10
1394707.50629926
20
359753.611835606
30
0.0
39
0.0
210
0.0
220
0.0
230
1.0
50
360.0
0
TEXT
5
B65
330
1C
100
AcDbEntity
67
0
8
0
62
7
6
ByLayer
370
-1
48
1.0
60
0
100
AcDbText
1
1442
10
1394707.63542867
20
359753.88627418
30
0.0
40
0.31111111111
41
1.0
50
0.0
51
0.0
7
Standard
11
1394707.63542867
21
359753.88627418
31
0.0
210
0.0
220
0.0
230
1.0
71
0
72
0
100
AcDbText
73
0
0
POINT
5
B66
330
1C
100
AcDbEntity
67
0
8
0
62
256
6
ByLayer
370
-1
48
1.0
60
0
100
AcDbPoint
10
1394708.55377873
20
359754.691889336
30
0.0
39
0.0
210
0.0
220
0.0
230
1.0
50
360.0
0
TEXT
5
B67
330
1C
100
AcDbEntity
67
0
8
0
62
7
6
ByLayer
370
-1
48
1.0
60
0
100
AcDbText
1
1443
10
1394708.68290815
20
359754.966327909
30
0.0
40
0.31111111111
41
1.0
50
0.0
51
0.0
7
Standard
11
1394708.68290815
21
359754.966327909
31
0.0
210
0.0
220
0.0
230
1.0
71
0
72
0
100
AcDbText
73
0
0
POINT
5
B68
330
1C
100
AcDbEntity
67
0
8
0
62
256
6
ByLayer
370
-1
48
1.0
60
0
100
AcDbPoint
10
1394710.00094944
20
359755.103503566
30
0.0
39
0.0
210
0.0
220
0.0
230
1.0
50
360.0
0
TEXT
5
B69
330
1C
100
AcDbEntity
67
0
8
0
62
7
6
ByLayer
370
-1
48
1.0
60
0
100
AcDbText
1
1444
10
1394710.13007885
20
359755.377942144
30
0.0
40
0.31111111111
41
1.0
50
0.0
51
0.0
7
Standard
11
1394710.13007885
21
359755.377942144
31
0.0
210
0.0
220
0.0
230
1.0
71
0
72
0
100
AcDbText
73
0
0
POINT
5
B6A
330
1C
100
AcDbEntity
67
0
8
0
62
256
6
ByLayer
370
-1
48
1.0
60
0
100
AcDbPoint
10
1394711.46004316
20
359754.736386592
30
0.0
39
0.0
210
0.0
220
0.0
230
1.0
50
360.0
0
TEXT
5
B6B
330
1C
100
AcDbEntity
67
0
8
0
62
7
6
ByLayer
370
-1
48
1.0
60
0
100
AcDbText
1
1445
10
1394711.58917257
20
359755.010825172
30
0.0
40
0.31111111111
41
1.0
50
0.0
51
0.0
7
Standard
11
1394711.58917257
21
359755.010825172
31
0.0
210
0.0
220
0.0
230
1.0
71
0
72
0
100
AcDbText
73
0
0
POINT
5
B6C
330
1C
100
AcDbEntity
67
0
8
0
62
256
6
ByLayer
370
-1
48
1.0
60
0
100
AcDbPoint
10
1394712.5400969
20
359753.688907104
30
0.0
39
0.0
210
0.0
220
0.0
230
1.0
50
360.0
0
TEXT
5
B6D
330
1C
100
AcDbEntity
67
0
8
0
62
7
6
ByLayer
370
-1
48
1.0
60
0
100
AcDbText
1
1446
10
1394712.66922632
20
359753.963345687
30
0.0
40
0.31111111111
41
1.0
50
0.0
51
0.0
7
Standard
11
1394712.66922632
21
359753.963345687
31
0.0
210
0.0
220
0.0
230
1.0
71
0
72
0
100
AcDbText
73
0
0
POINT
5
B6E
330
1C
100
AcDbEntity
67
0
8
0
62
256
6
ByLayer
370
-1
48
1.0
60
0
100
AcDbPoint
10
1394712.95171113
20
359752.241736384
30
0.0
39
0.0
210
0.0
220
0.0
230
1.0
50
360.0
0
TEXT
5
B6F
330
1C
100
AcDbEntity
67
0
8
0
62
7
6
ByLayer
370
-1
48
1.0
60
0
100
AcDbText
1
1447
10
1394713.08084054
20
359752.516174963
30
0.0
40
0.31111111111
41
1.0
50
0.0
51
0.0
7
Standard
11
1394713.08084054
21
359752.516174963
31
0.0
210
0.0
220
0.0
230
1.0
71
0
72
0
100
AcDbText
73
0
0
POINT
5
B70
330
1C
100
AcDbEntity
67
0
8
0
62
256
6
ByLayer
370
-1
48
1.0
60
0
100
AcDbPoint
10
1394712.58459414
20
359750.782642659
30
0.0
39
0.0
210
0.0
220
0.0
230
1.0
50
360.0
0
TEXT
5
B71
330
1C
100
AcDbEntity
67
0
8
0
62
7
6
ByLayer
370
-1
48
1.0
60
0
100
AcDbText
1
1448
10
1394712.71372356
20
359751.05708124
30
0.0
40
0.31111111111
41
1.0
50
0.0
51
0.0
7
Standard
11
1394712.71372356
21
359751.05708124
31
0.0
210
0.0
220
0.0
230
1.0
71
0
72
0
100
AcDbText
73
0
0
POINT
5
B72
330
1C
100
AcDbEntity
67
0
8
0
62
256
6
ByLayer
370
-1
48
1.0
60
0
100
AcDbPoint
10
1394711.53711464
20
359749.702588933
30
0.0
39
0.0
210
0.0
220
0.0
230
1.0
50
360.0
0
TEXT
5
B73
330
1C
100
AcDbEntity
67
0
8
0
62
7
6
ByLayer
370
-1
48
1.0
60
0
100
AcDbText
1
1449
10
1394711.66624407
20
359749.977027511
30
0.0
40
0.31111111111
41
1.0
50
0.0
51
0.0
7
Standard
11
1394711.66624407
21
359749.977027511
31
0.0
210
0.0
220
0.0
230
1.0
71
0
72
0
100
AcDbText
73
0
0
POINT
5
B74
330
1C
100
AcDbEntity
67
0
8
0
62
256
6
ByLayer
370
-1
48
1.0
60
0
100
AcDbPoint
10
1394710.08994392
20
359749.290974716
30
0.0
39
0.0
210
0.0
220
0.0
230
1.0
50
360.0
0
TEXT
5
B75
330
1C
100
AcDbEntity
67
0
8
0
62
7
6
ByLayer
370
-1
48
1.0
60
0
100
AcDbText
1
1450
10
1394710.21907335
20
359749.565413295
30
0.0
40
0.31111111111
41
1.0
50
0.0
51
0.0
7
Standard
11
1394710.21907335
21
359749.565413295
31
0.0
210
0.0
220
0.0
230
1.0
71
0
72
0
100
AcDbText
73
0
0
POINT
5
B76
330
1C
100
AcDbEntity
67
0
8
0
62
256
6
ByLayer
370
-1
48
1.0
60
0
100
AcDbPoint
10
1394708.63085022
20
359749.65809171
30
0.0
39
0.0
210
0.0
220
0.0
230
1.0
50
360.0
0
TEXT
5
B77
330
1C
100
AcDbEntity
67
0
8
0
62
7
6
ByLayer
370
-1
48
1.0
60
0
100
AcDbText
1
1451
10
1394708.75997964
20
359749.932530285
30
0.0
40
0.31111111111
41
1.0
50
0.0
51
0.0
7
Standard
11
1394708.75997964
21
359749.932530285
31
0.0
210
0.0
220
0.0
230
1.0
71
0
72
0
100
AcDbText
73
0
0
POINT
5
B78
330
1C
100
AcDbEntity
67
0
8
0
62
256
6
ByLayer
370
-1
48
1.0
60
0
100
AcDbPoint
10
1394707.55079649
20
359750.7055712
30
0.0
39
0.0
210
0.0
220
0.0
230
1.0
50
360.0
0
TEXT
5
B79
330
1C
100
AcDbEntity
67
0
8
0
62
7
6
ByLayer
370
-1
48
1.0
60
0
100
AcDbText
1
1452
10
1394707.67992592
20
359750.980009772
30
0.0
40
0.31111111111
41
1.0
50
0.0
51
0.0
7
Standard
11
1394707.67992592
21
359750.980009772
31
0.0
210
0.0
220
0.0
230
1.0
71
0
72
0
100
AcDbText
73
0
0
POINT
5
B7A
330
1C
100
AcDbEntity
67
0
8
0
62
256
6
ByLayer
370
-1
48
1.0
60
0
100
AcDbPoint
10
1394718.01942716
20
359771.168731241
30
0.0
39
0.0
210
0.0
220
0.0
230
1.0
50
360.0
0
TEXT
5
B7B
330
1C
100
AcDbEntity
67
0
8
0
62
7
6
ByLayer
370
-1
48
1.0
60
0
100
AcDbText
1
1453
10
1394718.14855654
20
359771.443169833
30
0.0
40
0.31111111111
41
1.0
50
0.0
51
0.0
7
Standard
11
1394718.14855654
21
359771.443169833
31
0.0
210
0.0
220
0.0
230
1.0
71
0
72
0
100
AcDbText
73
0
0
POINT
5
B7C
330
1C
100
AcDbEntity
67
0
8
0
62
256
6
ByLayer
370
-1
48
1.0
60
0
100
AcDbPoint
10
1394718.38654408
20
359772.627825004
30
0.0
39
0.0
210
0.0
220
0.0
230
1.0
50
360.0
0
TEXT
5
B7D
330
1C
100
AcDbEntity
67
0
8
0
62
7
6
ByLayer
370
-1
48
1.0
60
0
100
AcDbText
1
1454
10
1394718.51567346
20
359772.902263594
30
0.0
40
0.31111111111
41
1.0
50
0.0
51
0.0
7
Standard
11
1394718.51567346
21
359772.902263594
31
0.0
210
0.0
220
0.0
230
1.0
71
0
72
0
100
AcDbText
73
0
0
POINT
5
B7E
330
1C
100
AcDbEntity
67
0
8
0
62
256
6
ByLayer
370
-1
48
1.0
60
0
100
AcDbPoint
10
1394719.43402353
20
359773.707878813
30
0.0
39
0.0
210
0.0
220
0.0
230
1.0
50
360.0
0
TEXT
5
B7F
330
1C
100
AcDbEntity
67
0
8
0
62
7
6
ByLayer
370
-1
48
1.0
60
0
100
AcDbText
1
1455
10
1394719.56315291
20
359773.982317406
30
0.0
40
0.31111111111
41
1.0
50
0.0
51
0.0
7
Standard
11
1394719.56315291
21
359773.982317406
31
0.0
210
0.0
220
0.0
230
1.0
71
0
72
0
100
AcDbText
73
0
0
POINT
5
B80
330
1C
100
AcDbEntity
67
0
8
0
62
256
6
ByLayer
370
-1
48
1.0
60
0
100
AcDbPoint
10
1394720.88119426
20
359774.119493125
30
0.0
39
0.0
210
0.0
220
0.0
230
1.0
50
360.0
0
TEXT
5
B81
330
1C
100
AcDbEntity
67
0
8
0
62
7
6
ByLayer
370
-1
48
1.0
60
0
100
AcDbText
1
1456
10
1394721.01032364
20
359774.393931721
30
0.0
40
0.31111111111
41
1.0
50
0.0
51
0.0
7
Standard
11
1394721.01032364
21
359774.393931721
31
0.0
210
0.0
220
0.0
230
1.0
71
0
72
0
100
AcDbText
73
0
0
POINT
5
B82
330
1C
100
AcDbEntity
67
0
8
0
62
256
6
ByLayer
370
-1
48
1.0
60
0
100
AcDbPoint
10
1394722.34028803
20
359773.752376214
30
0.0
39
0.0
210
0.0
220
0.0
230
1.0
50
360.0
0
TEXT
5
B83
330
1C
100
AcDbEntity
67
0
8
0
62
7
6
ByLayer
370
-1
48
1.0
60
0
100
AcDbText
1
1457
10
1394722.46941741
20
359774.02681481
30
0.0
40
0.31111111111
41
1.0
50
0.0
51
0.0
7
Standard
11
1394722.46941741
21
359774.02681481
31
0.0
210
0.0
220
0.0
230
1.0
71
0
72
0
100
AcDbText
73
0
0
POINT
5
B84
330
1C
100
AcDbEntity
67
0
8
0
62
256
6
ByLayer
370
-1
48
1.0
60
0
100
AcDbPoint
10
1394723.42034186
20
359772.704896747
30
0.0
39
0.0
210
0.0
220
0.0
230
1.0
50
360.0
0
TEXT
5
B85
330
1C
100
AcDbEntity
67
0
8
0
62
7
6
ByLayer
370
-1
48
1.0
60
0
100
AcDbText
1
1458
10
1394723.54947124
20
359772.979335347
30
0.0
40
0.31111111111
41
1.0
50
0.0
51
0.0
7
Standard
11
1394723.54947124
21
359772.979335347
31
0.0
210
0.0
220
0.0
230
1.0
71
0
72
0
100
AcDbText
73
0
0
POINT
5
B86
330
1C
100
AcDbEntity
67
0
8
0
62
256
6
ByLayer
370
-1
48
1.0
60
0
100
AcDbPoint
10
1394723.83195617
20
359771.257726005
30
0.0
39
0.0
210
0.0
220
0.0
230
1.0
50
360.0
0
TEXT
5
B87
330
1C
100
AcDbEntity
67
0
8
0
62
7
6
ByLayer
370
-1
48
1.0
60
0
100
AcDbText
1
1459
10
1394723.96108555
20
359771.532164606
30
0.0
40
0.31111111111
41
1.0
50
0.0
51
0.0
7
Standard
11
1394723.96108555
21
359771.532164606
31
0.0
210
0.0
220
0.0
230
1.0
71
0
72
0
100
AcDbText
73
0
0
POINT
5
B88
330
1C
100
AcDbEntity
67
0
8
0
62
256
6
ByLayer
370
-1
48
1.0
60
0
100
AcDbPoint
10
1394723.46483924
20
359769.798632224
30
0.0
39
0.0
210
0.0
220
0.0
230
1.0
50
360.0
0
TEXT
5
B89
330
1C
100
AcDbEntity
67
0
8
0
62
7
6
ByLayer
370
-1
48
1.0
60
0
100
AcDbText
1
1460
10
1394723.59396863
20
359770.073070825
30
0.0
40
0.31111111111
41
1.0
50
0.0
51
0.0
7
Standard
11
1394723.59396863
21
359770.073070825
31
0.0
210
0.0
220
0.0
230
1.0
71
0
72
0
100
AcDbText
73
0
0
POINT
5
B8A
330
1C
100
AcDbEntity
67
0
8
0
62
256
6
ByLayer
370
-1
48
1.0
60
0
100
AcDbPoint
10
1394722.41735976
20
359768.718578415
30
0.0
39
0.0
210
0.0
220
0.0
230
1.0
50
360.0
0
TEXT
5
B8B
330
1C
100
AcDbEntity
67
0
8
0
62
7
6
ByLayer
370
-1
48
1.0
60
0
100
AcDbText
1
1461
10
1394722.54648915
20
359768.993017013
30
0.0
40
0.31111111111
41
1.0
50
0.0
51
0.0
7
Standard
11
1394722.54648915
21
359768.993017013
31
0.0
210
0.0
220
0.0
230
1.0
71
0
72
0
100
AcDbText
73
0
0
POINT
5
B8C
330
1C
100
AcDbEntity
67
0
8
0
62
256
6
ByLayer
370
-1
48
1.0
60
0
100
AcDbPoint
10
1394720.97018902
20
359768.306964118
30
0.0
39
0.0
210
0.0
220
0.0
230
1.0
50
360.0
0
TEXT
5
B8D
330
1C
100
AcDbEntity
67
0
8
0
62
7
6
ByLayer
370
-1
48
1.0
60
0
100
AcDbText
1
1462
10
1394721.09931841
20
359768.581402716
30
0.0
40
0.31111111111
41
1.0
50
0.0
51
0.0
7
Standard
11
1394721.09931841
21
359768.581402716
31
0.0
210
0.0
220
0.0
230
1.0
71
0
72
0
100
AcDbText
73
0
0
POINT
5
B8E
330
1C
100
AcDbEntity
67
0
8
0
62
256
6
ByLayer
370
-1
48
1.0
60
0
100
AcDbPoint
10
1394719.51109526
20
359768.67408105
30
0.0
39
0.0
210
0.0
220
0.0
230
1.0
50
360.0
0
TEXT
5
B8F
330
1C
100
AcDbEntity
67
0
8
0
62
7
6
ByLayer
370
-1
48
1.0
60
0
100
AcDbText
1
1463
10
1394719.64022465
20
359768.948519647
30
0.0
40
0.31111111111
41
1.0
50
0.0
51
0.0
7
Standard
11
1394719.64022465
21
359768.948519647
31
0.0
210
0.0
220
0.0
230
1.0
71
0
72
0
100
AcDbText
73
0
0
POINT
5
B90
330
1C
100
AcDbEntity
67
0
8
0
62
256
6
ByLayer
370
-1
48
1.0
60
0
100
AcDbPoint
10
1394718.43104146
20
359769.721560518
30
0.0
39
0.0
210
0.0
220
0.0
230
1.0
50
360.0
0
TEXT
5
B91
330
1C
100
AcDbEntity
67
0
8
0
62
7
6
ByLayer
370
-1
48
1.0
60
0
100
AcDbText
1
1464
10
1394718.56017085
20
359769.995999109
30
0.0
40
0.31111111111
41
1.0
50
0.0
51
0.0
7
Standard
11
1394718.56017085
21
359769.995999109
31
0.0
210
0.0
220
0.0
230
1.0
71
0
72
0
100
AcDbText
73
0
0
POINT
5
B92
330
1C
100
AcDbEntity
67
0
8
0
62
256
6
ByLayer
370
-1
48
1.0
60
0
100
AcDbPoint
10
1394737.1710991
20
359773.330525972
30
0.0
39
0.0
210
0.0
220
0.0
230
1.0
50
360.0
0
TEXT
5
B93
330
1C
100
AcDbEntity
67
0
8
0
62
7
6
ByLayer
370
-1
48
1.0
60
0
100
AcDbText
1
1465
10
1394737.30022848
20
359773.604964598
30
0.0
40
0.31111111111
41
1.0
50
0.0
51
0.0
7
Standard
11
1394737.30022848
21
359773.604964598
31
0.0
210
0.0
220
0.0
230
1.0
71
0
72
0
100
AcDbText
73
0
0
POINT
5
B94
330
1C
100
AcDbEntity
67
0
8
0
62
256
6
ByLayer
370
-1
48
1.0
60
0
100
AcDbPoint
10
1394737.53821602
20
359774.789619808
30
0.0
39
0.0
210
0.0
220
0.0
230
1.0
50
360.0
0
TEXT
5
B95
330
1C
100
AcDbEntity
67
0
8
0
62
7
6
ByLayer
370
-1
48
1.0
60
0
100
AcDbText
1
1466
10
1394737.6673454
20
359775.064058432
30
0.0
40
0.31111111111
41
1.0
50
0.0
51
0.0
7
Standard
11
1394737.6673454
21
359775.064058432
31
0.0
210
0.0
220
0.0
230
1.0
71
0
72
0
100
AcDbText
73
0
0
POINT
5
B96
330
1C
100
AcDbEntity
67
0
8
0
62
256
6
ByLayer
370
-1
48
1.0
60
0
100
AcDbPoint
10
1394738.58569553
20
359775.869673676
30
0.0
39
0.0
210
0.0
220
0.0
230
1.0
50
360.0
0
TEXT
5
B97
330
1C
100
AcDbEntity
67
0
8
0
62
7
6
ByLayer
370
-1
48
1.0
60
0
100
AcDbText
1
1467
10
1394738.7148249
20
359776.144112305
30
0.0
40
0.31111111111
41
1.0
50
0.0
51
0.0
7
Standard
11
1394738.7148249
21
359776.144112305
31
0.0
210
0.0
220
0.0
230
1.0
71
0
72
0
100
AcDbText
73
0
0
POINT
5
B98
330
1C
100
AcDbEntity
67
0
8
0
62
256
6
ByLayer
370
-1
48
1.0
60
0
100
AcDbPoint
10
1394740.03286632
20
359776.281288015
30
0.0
39
0.0
210
0.0
220
0.0
230
1.0
50
360.0
0
TEXT
5
B99
330
1C
100
AcDbEntity
67
0
8
0
62
7
6
ByLayer
370
-1
48
1.0
60
0
100
AcDbText
1
1468
10
1394740.1619957
20
359776.555726651
30
0.0
40
0.31111111111
41
1.0
50
0.0
51
0.0
7
Standard
11
1394740.1619957
21
359776.555726651
31
0.0
210
0.0
220
0.0
230
1.0
71
0
72
0
100
AcDbText
73
0
0
POINT
5
B9A
330
1C
100
AcDbEntity
67
0
8
0
62
256
6
ByLayer
370
-1
48
1.0
60
0
100
AcDbPoint
10
1394741.49196017
20
359775.914171095
30
0.0
39
0.0
210
0.0
220
0.0
230
1.0
50
360.0
0
TEXT
5
B9B
330
1C
100
AcDbEntity
67
0
8
0
62
7
6
ByLayer
370
-1
48
1.0
60
0
100
AcDbText
1
1469
10
1394741.62108954
20
359776.188609729
30
0.0
40
0.31111111111
41
1.0
50
0.0
51
0.0
7
Standard
11
1394741.62108954
21
359776.188609729
31
0.0
210
0.0
220
0.0
230
1.0
71
0
72
0
100
AcDbText
73
0
0
POINT
5
B9C
330
1C
100
AcDbEntity
67
0
8
0
62
256
6
ByLayer
370
-1
48
1.0
60
0
100
AcDbPoint
10
1394742.57201405
20
359774.866691583
30
0.0
39
0.0
210
0.0
220
0.0
230
1.0
50
360.0
0
TEXT
5
B9D
330
1C
100
AcDbEntity
67
0
8
0
62
7
6
ByLayer
370
-1
48
1.0
60
0
100
AcDbText
1
1470
10
1394742.70114343
20
359775.14113022
30
0.0
40
0.31111111111
41
1.0
50
0.0
51
0.0
7
Standard
11
1394742.70114343
21
359775.14113022
31
0.0
210
0.0
220
0.0
230
1.0
71
0
72
0
100
AcDbText
73
0
0
POINT
5
B9E
330
1C
100
AcDbEntity
67
0
8
0
62
256
6
ByLayer
370
-1
48
1.0
60
0
100
AcDbPoint
10
1394742.98362839
20
359773.419520771
30
0.0
39
0.0
210
0.0
220
0.0
230
1.0
50
360.0
0
TEXT
5
B9F
330
1C
100
AcDbEntity
67
0
8
0
62
7
6
ByLayer
370
-1
48
1.0
60
0
100
AcDbText
1
1471
10
1394743.11275777
20
359773.693959409
30
0.0
40
0.31111111111
41
1.0
50
0.0
51
0.0
7
Standard
11
1394743.11275777
21
359773.693959409
31
0.0
210
0.0
220
0.0
230
1.0
71
0
72
0
100
AcDbText
73
0
0
POINT
5
BA0
330
1C
100
AcDbEntity
67
0
8
0
62
256
6
ByLayer
370
-1
48
1.0
60
0
100
AcDbPoint
10
1394742.61651145
20
359771.960426918
30
0.0
39
0.0
210
0.0
220
0.0
230
1.0
50
360.0
0
TEXT
5
BA1
330
1C
100
AcDbEntity
67
0
8
0
62
7
6
ByLayer
370
-1
48
1.0
60
0
100
AcDbText
1
1472
10
1394742.74564084
20
359772.234865555
30
0.0
40
0.31111111111
41
1.0
50
0.0
51
0.0
7
Standard
11
1394742.74564084
21
359772.234865555
31
0.0
210
0.0
220
0.0
230
1.0
71
0
72
0
100
AcDbText
73
0
0
POINT
5
BA2
330
1C
100
AcDbEntity
67
0
8
0
62
256
6
ByLayer
370
-1
48
1.0
60
0
100
AcDbPoint
10
1394741.56903193
20
359770.880373047
30
0.0
39
0.0
210
0.0
220
0.0
230
1.0
50
360.0
0
TEXT
5
BA3
330
1C
100
AcDbEntity
67
0
8
0
62
7
6
ByLayer
370
-1
48
1.0
60
0
100
AcDbText
1
1473
10
1394741.69816131
20
359771.154811684
30
0.0
40
0.31111111111
41
1.0
50
0.0
51
0.0
7
Standard
11
1394741.69816131
21
359771.154811684
31
0.0
210
0.0
220
0.0
230
1.0
71
0
72
0
100
AcDbText
73
0
0
POINT
5
BA4
330
1C
100
AcDbEntity
67
0
8
0
62
256
6
ByLayer
370
-1
48
1.0
60
0
100
AcDbPoint
10
1394740.12186112
20
359770.468758724
30
0.0
39
0.0
210
0.0
220
0.0
230
1.0
50
360.0
0
TEXT
5
BA5
330
1C
100
AcDbEntity
67
0
8
0
62
7
6
ByLayer
370
-1
48
1.0
60
0
100
AcDbText
1
1474
10
1394740.25099051
20
359770.743197355
30
0.0
40
0.31111111111
41
1.0
50
0.0
51
0.0
7
Standard
11
1394740.25099051
21
359770.743197355
31
0.0
210
0.0
220
0.0
230
1.0
71
0
72
0
100
AcDbText
73
0
0
POINT
5
BA6
330
1C
100
AcDbEntity
67
0
8
0
62
256
6
ByLayer
370
-1
48
1.0
60
0
100
AcDbPoint
10
1394738.66276728
20
359770.835875666
30
0.0
39
0.0
210
0.0
220
0.0
230
1.0
50
360.0
0
TEXT
5
BA7
330
1C
100
AcDbEntity
67
0
8
0
62
7
6
ByLayer
370
-1
48
1.0
60
0
100
AcDbText
1
1475
10
1394738.79189667
20
359771.110314296
30
0.0
40
0.31111111111
41
1.0
50
0.0
51
0.0
7
Standard
11
1394738.79189667
21
359771.110314296
31
0.0
210
0.0
220
0.0
230
1.0
71
0
72
0
100
AcDbText
73
0
0
POINT
5
BA8
330
1C
100
AcDbEntity
67
0
8
0
62
256
6
ByLayer
370
-1
48
1.0
60
0
100
AcDbPoint
10
1394737.58271342
20
359771.88335518
30
0.0
39
0.0
210
0.0
220
0.0
230
1.0
50
360.0
0
TEXT
5
BA9
330
1C
100
AcDbEntity
67
0
8
0
62
7
6
ByLayer
370
-1
48
1.0
60
0
100
AcDbText
1
1476
10
1394737.71184281
20
359772.157793806
30
0.0
40
0.31111111111
41
1.0
50
0.0
51
0.0
7
Standard
11
1394737.71184281
21
359772.157793806
31
0.0
210
0.0
220
0.0
230
1.0
71
0
72
0
100
AcDbText
73
0
0
POINT
5
BAA
330
1C
100
AcDbEntity
67
0
8
0
62
256
6
ByLayer
370
-1
48
1.0
60
0
100
AcDbPoint
10
1394734.602455
20
359812.167658565
30
0.0
39
0.0
210
0.0
220
0.0
230
1.0
50
360.0
0
TEXT
5
BAB
330
1C
100
AcDbEntity
67
0
8
0
62
7
6
ByLayer
370
-1
48
1.0
60
0
100
AcDbText
1
1477
10
1394734.73158432
20
359812.442097187
30
0.0
40
0.31111111111
41
1.0
50
0.0
51
0.0
7
Standard
11
1394734.73158432
21
359812.442097187
31
0.0
210
0.0
220
0.0
230
1.0
71
0
72
0
100
AcDbText
73
0
0
POINT
5
BAC
330
1C
100
AcDbEntity
67
0
8
0
62
256
6
ByLayer
370
-1
48
1.0
60
0
100
AcDbPoint
10
1394734.96957179
20
359813.626752431
30
0.0
39
0.0
210
0.0
220
0.0
230
1.0
50
360.0
0
TEXT
5
BAD
330
1C
100
AcDbEntity
67
0
8
0
62
7
6
ByLayer
370
-1
48
1.0
60
0
100
AcDbText
1
1478
10
1394735.09870109
20
359813.901191049
30
0.0
40
0.31111111111
41
1.0
50
0.0
51
0.0
7
Standard
11
1394735.09870109
21
359813.901191049
31
0.0
210
0.0
220
0.0
230
1.0
71
0
72
0
100
AcDbText
73
0
0
POINT
5
BAE
330
1C
100
AcDbEntity
67
0
8
0
62
256
6
ByLayer
370
-1
48
1.0
60
0
100
AcDbPoint
10
1394736.01705117
20
359814.706806395
30
0.0
39
0.0
210
0.0
220
0.0
230
1.0
50
360.0
0
TEXT
5
BAF
330
1C
100
AcDbEntity
67
0
8
0
62
7
6
ByLayer
370
-1
48
1.0
60
0
100
AcDbText
1
1479
10
1394736.14618047
20
359814.981245019
30
0.0
40
0.31111111111
41
1.0
50
0.0
51
0.0
7
Standard
11
1394736.14618047
21
359814.981245019
31
0.0
210
0.0
220
0.0
230
1.0
71
0
72
0
100
AcDbText
73
0
0
POINT
5
BB0
330
1C
100
AcDbEntity
67
0
8
0
62
256
6
ByLayer
370
-1
48
1.0
60
0
100
AcDbPoint
10
1394737.46422192
20
359815.118420878
30
0.0
39
0.0
210
0.0
220
0.0
230
1.0
50
360.0
0
TEXT
5
BB1
330
1C
100
AcDbEntity
67
0
8
0
62
7
6
ByLayer
370
-1
48
1.0
60
0
100
AcDbText
1
1480
10
1394737.59335122
20
359815.392859503
30
0.0
40
0.31111111111
41
1.0
50
0.0
51
0.0
7
Standard
11
1394737.59335122
21
359815.392859503
31
0.0
210
0.0
220
0.0
230
1.0
71
0
72
0
100
AcDbText
73
0
0
POINT
5
BB2
330
1C
100
AcDbEntity
67
0
8
0
62
256
6
ByLayer
370
-1
48
1.0
60
0
100
AcDbPoint
10
1394738.92331579
20
359814.751304104
30
0.0
39
0.0
210
0.0
220
0.0
230
1.0
50
360.0
0
TEXT
5
BB3
330
1C
100
AcDbEntity
67
0
8
0
62
7
6
ByLayer
370
-1
48
1.0
60
0
100
AcDbText
1
1481
10
1394739.0524451
20
359815.025742731
30
0.0
40
0.31111111111
41
1.0
50
0.0
51
0.0
7
Standard
11
1394739.0524451
21
359815.025742731
31
0.0
210
0.0
220
0.0
230
1.0
71
0
72
0
100
AcDbText
73
0
0
POINT
5
BB4
330
1C
100
AcDbEntity
67
0
8
0
62
256
6
ByLayer
370
-1
48
1.0
60
0
100
AcDbPoint
10
1394740.00336977
20
359813.703824706
30
0.0
39
0.0
210
0.0
220
0.0
230
1.0
50
360.0
0
TEXT
5
BB5
330
1C
100
AcDbEntity
67
0
8
0
62
7
6
ByLayer
370
-1
48
1.0
60
0
100
AcDbText
1
1482
10
1394740.13249908
20
359813.978263338
30
0.0
40
0.31111111111
41
1.0
50
0.0
51
0.0
7
Standard
11
1394740.13249908
21
359813.978263338
31
0.0
210
0.0
220
0.0
230
1.0
71
0
72
0
100
AcDbText
73
0
0
POINT
5
BB6
330
1C
100
AcDbEntity
67
0
8
0
62
256
6
ByLayer
370
-1
48
1.0
60
0
100
AcDbPoint
10
1394740.41498425
20
359812.256653947
30
0.0
39
0.0
210
0.0
220
0.0
230
1.0
50
360.0
0
TEXT
5
BB7
330
1C
100
AcDbEntity
67
0
8
0
62
7
6
ByLayer
370
-1
48
1.0
60
0
100
AcDbText
1
1483
10
1394740.54411356
20
359812.531092575
30
0.0
40
0.31111111111
41
1.0
50
0.0
51
0.0
7
Standard
11
1394740.54411356
21
359812.531092575
31
0.0
210
0.0
220
0.0
230
1.0
71
0
72
0
100
AcDbText
73
0
0
POINT
5
BB8
330
1C
100
AcDbEntity
67
0
8
0
62
256
6
ByLayer
370
-1
48
1.0
60
0
100
AcDbPoint
10
1394740.04786746
20
359810.797560065
30
0.0
39
0.0
210
0.0
220
0.0
230
1.0
50
360.0
0
TEXT
5
BB9
330
1C
100
AcDbEntity
67
0
8
0
62
7
6
ByLayer
370
-1
48
1.0
60
0
100
AcDbText
1
1484
10
1394740.17699677
20
359811.071998696
30
0.0
40
0.31111111111
41
1.0
50
0.0
51
0.0
7
Standard
11
1394740.17699677
21
359811.071998696
31
0.0
210
0.0
220
0.0
230
1.0
71
0
72
0
100
AcDbText
73
0
0
POINT
5
BBA
330
1C
100
AcDbEntity
67
0
8
0
62
256
6
ByLayer
370
-1
48
1.0
60
0
100
AcDbPoint
10
1394739.00038805
20
359809.717506098
30
0.0
39
0.0
210
0.0
220
0.0
230
1.0
50
360.0
0
TEXT
5
BBB
330
1C
100
AcDbEntity
67
0
8
0
62
7
6
ByLayer
370
-1
48
1.0
60
0
100
AcDbText
1
1485
10
1394739.12951737
20
359809.991944725
30
0.0
40
0.31111111111
41
1.0
50
0.0
51
0.0
7
Standard
11
1394739.12951737
21
359809.991944725
31
0.0
210
0.0
220
0.0
230
1.0
71
0
72
0
100
AcDbText
73
0
0
POINT
5
BBC
330
1C
100
AcDbEntity
67
0
8
0
62
256
6
ByLayer
370
-1
48
1.0
60
0
100
AcDbPoint
10
1394737.5532173
20
359809.305891634
30
0.0
39
0.0
210
0.0
220
0.0
230
1.0
50
360.0
0
TEXT
5
BBD
330
1C
100
AcDbEntity
67
0
8
0
62
7
6
ByLayer
370
-1
48
1.0
60
0
100
AcDbText
1
1486
10
1394737.68234661
20
359809.580330257
30
0.0
40
0.31111111111
41
1.0
50
0.0
51
0.0
7
Standard
11
1394737.68234661
21
359809.580330257
31
0.0
210
0.0
220
0.0
230
1.0
71
0
72
0
100
AcDbText
73
0
0
POINT
5
BBE
330
1C
100
AcDbEntity
67
0
8
0
62
256
6
ByLayer
370
-1
48
1.0
60
0
100
AcDbPoint
10
1394736.09412343
20
359809.673008427
30
0.0
39
0.0
210
0.0
220
0.0
230
1.0
50
360.0
0
TEXT
5
BBF
330
1C
100
AcDbEntity
67
0
8
0
62
7
6
ByLayer
370
-1
48
1.0
60
0
100
AcDbText
1
1487
10
1394736.22325274
20
359809.947447049
30
0.0
40
0.31111111111
41
1.0
50
0.0
51
0.0
7
Standard
11
1394736.22325274
21
359809.947447049
31
0.0
210
0.0
220
0.0
230
1.0
71
0
72
0
100
AcDbText
73
0
0
POINT
5
BC0
330
1C
100
AcDbEntity
67
0
8
0
62
256
6
ByLayer
370
-1
48
1.0
60
0
100
AcDbPoint
10
1394735.01406947
20
359810.720487824
30
0.0
39
0.0
210
0.0
220
0.0
230
1.0
50
360.0
0
TEXT
5
BC1
330
1C
100
AcDbEntity
67
0
8
0
62
7
6
ByLayer
370
-1
48
1.0
60
0
100
AcDbText
1
1488
10
1394735.14319879
20
359810.994926446
30
0.0
40
0.31111111111
41
1.0
50
0.0
51
0.0
7
Standard
11
1394735.14319879
21
359810.994926446
31
0.0
210
0.0
220
0.0
230
1.0
71
0
72
0
100
AcDbText
73
0
0
POINT
5
BC2
330
1C
100
AcDbEntity
67
0
8
0
62
256
6
ByLayer
370
-1
48
1.0
60
0
100
AcDbPoint
10
1394747.09763744
20
359807.028112179
30
0.0
39
0.0
210
0.0
220
0.0
230
1.0
50
360.0
0
TEXT
5
BC3
330
1C
100
AcDbEntity
67
0
8
0
62
7
6
ByLayer
370
-1
48
1.0
60
0
100
AcDbText
1
1489
10
1394747.22676676
20
359807.302550823
30
0.0
40
0.31111111111
41
1.0
50
0.0
51
0.0
7
Standard
11
1394747.22676676
21
359807.302550823
31
0.0
210
0.0
220
0.0
230
1.0
71
0
72
0
100
AcDbText
73
0
0
POINT
5
BC4
330
1C
100
AcDbEntity
67
0
8
0
62
256
6
ByLayer
370
-1
48
1.0
60
0
100
AcDbPoint
10
1394747.46475425
20
359808.487206084
30
0.0
39
0.0
210
0.0
220
0.0
230
1.0
50
360.0
0
TEXT
5
BC5
330
1C
100
AcDbEntity
67
0
8
0
62
7
6
ByLayer
370
-1
48
1.0
60
0
100
AcDbText
1
1490
10
1394747.59388357
20
359808.761644727
30
0.0
40
0.31111111111
41
1.0
50
0.0
51
0.0
7
Standard
11
1394747.59388357
21
359808.761644727
31
0.0
210
0.0
220
0.0
230
1.0
71
0
72
0
100
AcDbText
73
0
0
POINT
5
BC6
330
1C
100
AcDbEntity
67
0
8
0
62
256
6
ByLayer
370
-1
48
1.0
60
0
100
AcDbPoint
10
1394748.51223369
20
359809.56726007
30
0.0
39
0.0
210
0.0
220
0.0
230
1.0
50
360.0
0
TEXT
5
BC7
330
1C
100
AcDbEntity
67
0
8
0
62
7
6
ByLayer
370
-1
48
1.0
60
0
100
AcDbText
1
1491
10
1394748.641363
20
359809.841698715
30
0.0
40
0.31111111111
41
1.0
50
0.0
51
0.0
7
Standard
11
1394748.641363
21
359809.841698715
31
0.0
210
0.0
220
0.0
230
1.0
71
0
72
0
100
AcDbText
73
0
0
POINT
5
BC8
330
1C
100
AcDbEntity
67
0
8
0
62
256
6
ByLayer
370
-1
48
1.0
60
0
100
AcDbPoint
10
1394749.95940449
20
359809.97887455
30
0.0
39
0.0
210
0.0
220
0.0
230
1.0
50
360.0
0
TEXT
5
BC9
330
1C
100
AcDbEntity
67
0
8
0
62
7
6
ByLayer
370
-1
48
1.0
60
0
100
AcDbText
1
1492
10
1394750.0885338
20
359810.253313195
30
0.0
40
0.31111111111
41
1.0
50
0.0
51
0.0
7
Standard
11
1394750.0885338
21
359810.253313195
31
0.0
210
0.0
220
0.0
230
1.0
71
0
72
0
100
AcDbText
73
0
0
POINT
5
BCA
330
1C
100
AcDbEntity
67
0
8
0
62
256
6
ByLayer
370
-1
48
1.0
60
0
100
AcDbPoint
10
1394751.4184984
20
359809.611757742
30
0.0
39
0.0
210
0.0
220
0.0
230
1.0
50
360.0
0
TEXT
5
BCB
330
1C
100
AcDbEntity
67
0
8
0
62
7
6
ByLayer
370
-1
48
1.0
60
0
100
AcDbText
1
1493
10
1394751.54762771
20
359809.886196393
30
0.0
40
0.31111111111
41
1.0
50
0.0
51
0.0
7
Standard
11
1394751.54762771
21
359809.886196393
31
0.0
210
0.0
220
0.0
230
1.0
71
0
72
0
100
AcDbText
73
0
0
POINT
5
BCC
330
1C
100
AcDbEntity
67
0
8
0
62
256
6
ByLayer
370
-1
48
1.0
60
0
100
AcDbPoint
10
1394752.4985524
20
359808.564278299
30
0.0
39
0.0
210
0.0
220
0.0
230
1.0
50
360.0
0
TEXT
5
BCD
330
1C
100
AcDbEntity
67
0
8
0
62
7
6
ByLayer
370
-1
48
1.0
60
0
100
AcDbText
1
1494
10
1394752.62768172
20
359808.838716952
30
0.0
40
0.31111111111
41
1.0
50
0.0
51
0.0
7
Standard
11
1394752.62768172
21
359808.838716952
31
0.0
210
0.0
220
0.0
230
1.0
71
0
72
0
100
AcDbText
73
0
0
POINT
5
BCE
330
1C
100
AcDbEntity
67
0
8
0
62
256
6
ByLayer
370
-1
48
1.0
60
0
100
AcDbPoint
10
1394752.91016688
20
359807.117107486
30
0.0
39
0.0
210
0.0
220
0.0
230
1.0
50
360.0
0
TEXT
5
BCF
330
1C
100
AcDbEntity
67
0
8
0
62
7
6
ByLayer
370
-1
48
1.0
60
0
100
AcDbText
1
1495
10
1394753.03929619
20
359807.391546139
30
0.0
40
0.31111111111
41
1.0
50
0.0
51
0.0
7
Standard
11
1394753.03929619
21
359807.391546139
31
0.0
210
0.0
220
0.0
230
1.0
71
0
72
0
100
AcDbText
73
0
0
POINT
5
BD0
330
1C
100
AcDbEntity
67
0
8
0
62
256
6
ByLayer
370
-1
48
1.0
60
0
100
AcDbPoint
10
1394752.54305006
20
359805.658013561
30
0.0
39
0.0
210
0.0
220
0.0
230
1.0
50
360.0
0
TEXT
5
BD1
330
1C
100
AcDbEntity
67
0
8
0
62
7
6
ByLayer
370
-1
48
1.0
60
0
100
AcDbText
1
1496
10
1394752.67217937
20
359805.932452216
30
0.0
40
0.31111111111
41
1.0
50
0.0
51
0.0
7
Standard
11
1394752.67217937
21
359805.932452216
31
0.0
210
0.0
220
0.0
230
1.0
71
0
72
0
100
AcDbText
73
0
0
POINT
5
BD2
330
1C
100
AcDbEntity
67
0
8
0
62
256
6
ByLayer
370
-1
48
1.0
60
0
100
AcDbPoint
10
1394751.4955706
20
359804.577959574
30
0.0
39
0.0
210
0.0
220
0.0
230
1.0
50
360.0
0
TEXT
5
BD3
330
1C
100
AcDbEntity
67
0
8
0
62
7
6
ByLayer
370
-1
48
1.0
60
0
100
AcDbText
1
1497
10
1394751.62469992
20
359804.852398224
30
0.0
40
0.31111111111
41
1.0
50
0.0
51
0.0
7
Standard
11
1394751.62469992
21
359804.852398224
31
0.0
210
0.0
220
0.0
230
1.0
71
0
72
0
100
AcDbText
73
0
0
POINT
5
BD4
330
1C
100
AcDbEntity
67
0
8
0
62
256
6
ByLayer
370
-1
48
1.0
60
0
100
AcDbPoint
10
1394750.04839979
20
359804.166345116
30
0.0
39
0.0
210
0.0
220
0.0
230
1.0
50
360.0
0
TEXT
5
BD5
330
1C
100
AcDbEntity
67
0
8
0
62
7
6
ByLayer
370
-1
48
1.0
60
0
100
AcDbText
1
1498
10
1394750.17752911
20
359804.440783764
30
0.0
40
0.31111111111
41
1.0
50
0.0
51
0.0
7
Standard
11
1394750.17752911
21
359804.440783764
31
0.0
210
0.0
220
0.0
230
1.0
71
0
72
0
100
AcDbText
73
0
0
POINT
5
BD6
330
1C
100
AcDbEntity
67
0
8
0
62
256
6
ByLayer
370
-1
48
1.0
60
0
100
AcDbPoint
10
1394748.58930588
20
359804.533461942
30
0.0
39
0.0
210
0.0
220
0.0
230
1.0
50
360.0
0
TEXT
5
BD7
330
1C
100
AcDbEntity
67
0
8
0
62
7
6
ByLayer
370
-1
48
1.0
60
0
100
AcDbText
1
1499
10
1394748.7184352
20
359804.807900588
30
0.0
40
0.31111111111
41
1.0
50
0.0
51
0.0
7
Standard
11
1394748.7184352
21
359804.807900588
31
0.0
210
0.0
220
0.0
230
1.0
71
0
72
0
100
AcDbText
73
0
0
POINT
5
BD8
330
1C
100
AcDbEntity
67
0
8
0
62
256
6
ByLayer
370
-1
48
1.0
60
0
100
AcDbPoint
10
1394747.5092519
20
359805.580941386
30
0.0
39
0.0
210
0.0
220
0.0
230
1.0
50
360.0
0
TEXT
5
BD9
330
1C
100
AcDbEntity
67
0
8
0
62
7
6
ByLayer
370
-1
48
1.0
60
0
100
AcDbText
1
1500
10
1394747.63838123
20
359805.855380032
30
0.0
40
0.31111111111
41
1.0
50
0.0
51
0.0
7
Standard
11
1394747.63838123
21
359805.855380032
31
0.0
210
0.0
220
0.0
230
1.0
71
0
72
0
100
AcDbText
73
0
0
POINT
5
BDA
330
1C
100
AcDbEntity
67
0
8
0
62
256
6
ByLayer
370
-1
48
1.0
60
0
100
AcDbPoint
10
1394755.42185595
20
359730.94636039
30
0.0
39
0.0
210
0.0
220
0.0
230
1.0
50
360.0
0
TEXT
5
BDB
330
1C
100
AcDbEntity
67
0
8
0
62
7
6
ByLayer
370
-1
48
1.0
60
0
100
AcDbText
1
1501
10
1394755.5509854
20
359731.220799048
30
0.0
40
0.31111111111
41
1.0
50
0.0
51
0.0
7
Standard
11
1394755.5509854
21
359731.220799048
31
0.0
210
0.0
220
0.0
230
1.0
71
0
72
0
100
AcDbText
73
0
0
POINT
5
BDC
330
1C
100
AcDbEntity
67
0
8
0
62
256
6
ByLayer
370
-1
48
1.0
60
0
100
AcDbPoint
10
1394755.78897305
20
359732.405454252
30
0.0
39
0.0
210
0.0
220
0.0
230
1.0
50
360.0
0
TEXT
5
BDD
330
1C
100
AcDbEntity
67
0
8
0
62
7
6
ByLayer
370
-1
48
1.0
60
0
100
AcDbText
1
1502
10
1394755.91810251
20
359732.679892912
30
0.0
40
0.31111111111
41
1.0
50
0.0
51
0.0
7
Standard
11
1394755.91810251
21
359732.679892912
31
0.0
210
0.0
220
0.0
230
1.0
71
0
72
0
100
AcDbText
73
0
0
POINT
5
BDE
330
1C
100
AcDbEntity
67
0
8
0
62
256
6
ByLayer
370
-1
48
1.0
60
0
100
AcDbPoint
10
1394756.83645272
20
359733.485508059
30
0.0
39
0.0
210
0.0
220
0.0
230
1.0
50
360.0
0
TEXT
5
BDF
330
1C
100
AcDbEntity
67
0
8
0
62
7
6
ByLayer
370
-1
48
1.0
60
0
100
AcDbText
1
1503
10
1394756.96558217
20
359733.759946718
30
0.0
40
0.31111111111
41
1.0
50
0.0
51
0.0
7
Standard
11
1394756.96558217
21
359733.759946718
31
0.0
210
0.0
220
0.0
230
1.0
71
0
72
0
100
AcDbText
73
0
0
POINT
5
BE0
330
1C
100
AcDbEntity
67
0
8
0
62
256
6
ByLayer
370
-1
48
1.0
60
0
100
AcDbPoint
10
1394758.28362363
20
359733.89712226
30
0.0
39
0.0
210
0.0
220
0.0
230
1.0
50
360.0
0
TEXT
5
BE1
330
1C
100
AcDbEntity
67
0
8
0
62
7
6
ByLayer
370
-1
48
1.0
60
0
100
AcDbText
1
1504
10
1394758.41275308
20
359734.171560925
30
0.0
40
0.31111111111
41
1.0
50
0.0
51
0.0
7
Standard
11
1394758.41275308
21
359734.171560925
31
0.0
210
0.0
220
0.0
230
1.0
71
0
72
0
100
AcDbText
73
0
0
POINT
5
BE2
330
1C
100
AcDbEntity
67
0
8
0
62
256
6
ByLayer
370
-1
48
1.0
60
0
100
AcDbPoint
10
1394759.74271751
20
359733.53000516
30
0.0
39
0.0
210
0.0
220
0.0
230
1.0
50
360.0
0
TEXT
5
BE3
330
1C
100
AcDbEntity
67
0
8
0
62
7
6
ByLayer
370
-1
48
1.0
60
0
100
AcDbText
1
1505
10
1394759.87184696
20
359733.804443831
30
0.0
40
0.31111111111
41
1.0
50
0.0
51
0.0
7
Standard
11
1394759.87184696
21
359733.804443831
31
0.0
210
0.0
220
0.0
230
1.0
71
0
72
0
100
AcDbText
73
0
0
POINT
5
BE4
330
1C
100
AcDbEntity
67
0
8
0
62
256
6
ByLayer
370
-1
48
1.0
60
0
100
AcDbPoint
10
1394760.82277133
20
359732.482525484
30
0.0
39
0.0
210
0.0
220
0.0
230
1.0
50
360.0
0
TEXT
5
BE5
330
1C
100
AcDbEntity
67
0
8
0
62
7
6
ByLayer
370
-1
48
1.0
60
0
100
AcDbText
1
1506
10
1394760.95190078
20
359732.756964154
30
0.0
40
0.31111111111
41
1.0
50
0.0
51
0.0
7
Standard
11
1394760.95190078
21
359732.756964154
31
0.0
210
0.0
220
0.0
230
1.0
71
0
72
0
100
AcDbText
73
0
0
POINT
5
BE6
330
1C
100
AcDbEntity
67
0
8
0
62
256
6
ByLayer
370
-1
48
1.0
60
0
100
AcDbPoint
10
1394761.23438552
20
359731.035354559
30
0.0
39
0.0
210
0.0
220
0.0
230
1.0
50
360.0
0
TEXT
5
BE7
330
1C
100
AcDbEntity
67
0
8
0
62
7
6
ByLayer
370
-1
48
1.0
60
0
100
AcDbText
1
1507
10
1394761.36351498
20
359731.30979323
30
0.0
40
0.31111111111
41
1.0
50
0.0
51
0.0
7
Standard
11
1394761.36351498
21
359731.30979323
31
0.0
210
0.0
220
0.0
230
1.0
71
0
72
0
100
AcDbText
73
0
0
POINT
5
BE8
330
1C
100
AcDbEntity
67
0
8
0
62
256
6
ByLayer
370
-1
48
1.0
60
0
100
AcDbPoint
10
1394760.86726841
20
359729.576260676
30
0.0
39
0.0
210
0.0
220
0.0
230
1.0
50
360.0
0
TEXT
5
BE9
330
1C
100
AcDbEntity
67
0
8
0
62
7
6
ByLayer
370
-1
48
1.0
60
0
100
AcDbText
1
1508
10
1394760.99639787
20
359729.850699348
30
0.0
40
0.31111111111
41
1.0
50
0.0
51
0.0
7
Standard
11
1394760.99639787
21
359729.850699348
31
0.0
210
0.0
220
0.0
230
1.0
71
0
72
0
100
AcDbText
73
0
0
POINT
5
BEA
330
1C
100
AcDbEntity
67
0
8
0
62
256
6
ByLayer
370
-1
48
1.0
60
0
100
AcDbPoint
10
1394759.81978872
20
359728.496206871
30
0.0
39
0.0
210
0.0
220
0.0
230
1.0
50
360.0
0
TEXT
5
BEB
330
1C
100
AcDbEntity
67
0
8
0
62
7
6
ByLayer
370
-1
48
1.0
60
0
100
AcDbText
1
1509
10
1394759.94891818
20
359728.770645541
30
0.0
40
0.31111111111
41
1.0
50
0.0
51
0.0
7
Standard
11
1394759.94891818
21
359728.770645541
31
0.0
210
0.0
220
0.0
230
1.0
71
0
72
0
100
AcDbText
73
0
0
POINT
5
BEC
330
1C
100
AcDbEntity
67
0
8
0
62
256
6
ByLayer
370
-1
48
1.0
60
0
100
AcDbPoint
10
1394758.3726178
20
359728.084592686
30
0.0
39
0.0
210
0.0
220
0.0
230
1.0
50
360.0
0
TEXT
5
BED
330
1C
100
AcDbEntity
67
0
8
0
62
7
6
ByLayer
370
-1
48
1.0
60
0
100
AcDbText
1
1510
10
1394758.50174726
20
359728.359031353
30
0.0
40
0.31111111111
41
1.0
50
0.0
51
0.0
7
Standard
11
1394758.50174726
21
359728.359031353
31
0.0
210
0.0
220
0.0
230
1.0
71
0
72
0
100
AcDbText
73
0
0
POINT
5
BEE
330
1C
100
AcDbEntity
67
0
8
0
62
256
6
ByLayer
370
-1
48
1.0
60
0
100
AcDbPoint
10
1394756.91352393
20
359728.451709803
30
0.0
39
0.0
210
0.0
220
0.0
230
1.0
50
360.0
0
TEXT
5
BEF
330
1C
100
AcDbEntity
67
0
8
0
62
7
6
ByLayer
370
-1
48
1.0
60
0
100
AcDbText
1
1511
10
1394757.0426534
20
359728.726148468
30
0.0
40
0.31111111111
41
1.0
50
0.0
51
0.0
7
Standard
11
1394757.0426534
21
359728.726148468
31
0.0
210
0.0
220
0.0
230
1.0
71
0
72
0
100
AcDbText
73
0
0
POINT
5
BF0
330
1C
100
AcDbEntity
67
0
8
0
62
256
6
ByLayer
370
-1
48
1.0
60
0
100
AcDbPoint
10
1394755.83347014
20
359729.499189482
30
0.0
39
0.0
210
0.0
220
0.0
230
1.0
50
360.0
0
TEXT
5
BF1
330
1C
100
AcDbEntity
67
0
8
0
62
7
6
ByLayer
370
-1
48
1.0
60
0
100
AcDbText
1
1512
10
1394755.9625996
20
359729.773628146
30
0.0
40
0.31111111111
41
1.0
50
0.0
51
0.0
7
Standard
11
1394755.9625996
21
359729.773628146
31
0.0
210
0.0
220
0.0
230
1.0
71
0
72
0
100
AcDbText
73
0
0
POINT
5
BF2
330
1C
100
AcDbEntity
67
0
8
0
62
256
6
ByLayer
370
-1
48
1.0
60
0
100
AcDbPoint
10
1394752.18977964
20
359710.346528383
30
0.0
39
0.0
210
0.0
220
0.0
230
1.0
50
360.0
0
TEXT
5
BF3
330
1C
100
AcDbEntity
67
0
8
0
62
7
6
ByLayer
370
-1
48
1.0
60
0
100
AcDbText
1
1513
10
1394752.31890913
20
359710.620967038
30
0.0
40
0.31111111111
41
1.0
50
0.0
51
0.0
7
Standard
11
1394752.31890913
21
359710.620967038
31
0.0
210
0.0
220
0.0
230
1.0
71
0
72
0
100
AcDbText
73
0
0
POINT
5
BF4
330
1C
100
AcDbEntity
67
0
8
0
62
256
6
ByLayer
370
-1
48
1.0
60
0
100
AcDbPoint
10
1394752.55689681
20
359711.805622213
30
0.0
39
0.0
210
0.0
220
0.0
230
1.0
50
360.0
0
TEXT
5
BF5
330
1C
100
AcDbEntity
67
0
8
0
62
7
6
ByLayer
370
-1
48
1.0
60
0
100
AcDbText
1
1514
10
1394752.6860263
20
359712.080060869
30
0.0
40
0.31111111111
41
1.0
50
0.0
51
0.0
7
Standard
11
1394752.6860263
21
359712.080060869
31
0.0
210
0.0
220
0.0
230
1.0
71
0
72
0
100
AcDbText
73
0
0
POINT
5
BF6
330
1C
100
AcDbEntity
67
0
8
0
62
256
6
ByLayer
370
-1
48
1.0
60
0
100
AcDbPoint
10
1394753.60437653
20
359712.885675957
30
0.0
39
0.0
210
0.0
220
0.0
230
1.0
50
360.0
0
TEXT
5
BF7
330
1C
100
AcDbEntity
67
0
8
0
62
7
6
ByLayer
370
-1
48
1.0
60
0
100
AcDbText
1
1515
10
1394753.73350602
20
359713.160114613
30
0.0
40
0.31111111111
41
1.0
50
0.0
51
0.0
7
Standard
11
1394753.73350602
21
359713.160114613
31
0.0
210
0.0
220
0.0
230
1.0
71
0
72
0
100
AcDbText
73
0
0
POINT
5
BF8
330
1C
100
AcDbEntity
67
0
8
0
62
256
6
ByLayer
370
-1
48
1.0
60
0
100
AcDbPoint
10
1394755.05154744
20
359713.297290078
30
0.0
39
0.0
210
0.0
220
0.0
230
1.0
50
360.0
0
TEXT
5
BF9
330
1C
100
AcDbEntity
67
0
8
0
62
7
6
ByLayer
370
-1
48
1.0
60
0
100
AcDbText
1
1516
10
1394755.18067694
20
359713.571728739
30
0.0
40
0.31111111111
41
1.0
50
0.0
51
0.0
7
Standard
11
1394755.18067694
21
359713.571728739
31
0.0
210
0.0
220
0.0
230
1.0
71
0
72
0
100
AcDbText
73
0
0
POINT
5
BFA
330
1C
100
AcDbEntity
67
0
8
0
62
256
6
ByLayer
370
-1
48
1.0
60
0
100
AcDbPoint
10
1394756.51064129
20
359712.930172906
30
0.0
39
0.0
210
0.0
220
0.0
230
1.0
50
360.0
0
TEXT
5
BFB
330
1C
100
AcDbEntity
67
0
8
0
62
7
6
ByLayer
370
-1
48
1.0
60
0
100
AcDbText
1
1517
10
1394756.63977078
20
359713.20461157
30
0.0
40
0.31111111111
41
1.0
50
0.0
51
0.0
7
Standard
11
1394756.63977078
21
359713.20461157
31
0.0
210
0.0
220
0.0
230
1.0
71
0
72
0
100
AcDbText
73
0
0
POINT
5
BFC
330
1C
100
AcDbEntity
67
0
8
0
62
256
6
ByLayer
370
-1
48
1.0
60
0
100
AcDbPoint
10
1394757.59069504
20
359711.882693178
30
0.0
39
0.0
210
0.0
220
0.0
230
1.0
50
360.0
0
TEXT
5
BFD
330
1C
100
AcDbEntity
67
0
8
0
62
7
6
ByLayer
370
-1
48
1.0
60
0
100
AcDbText
1
1518
10
1394757.71982454
20
359712.157131844
30
0.0
40
0.31111111111
41
1.0
50
0.0
51
0.0
7
Standard
11
1394757.71982454
21
359712.157131844
31
0.0
210
0.0
220
0.0
230
1.0
71
0
72
0
100
AcDbText
73
0
0
POINT
5
BFE
330
1C
100
AcDbEntity
67
0
8
0
62
256
6
ByLayer
370
-1
48
1.0
60
0
100
AcDbPoint
10
1394758.00230916
20
359710.435522247
30
0.0
39
0.0
210
0.0
220
0.0
230
1.0
50
360.0
0
TEXT
5
BFF
330
1C
100
AcDbEntity
67
0
8
0
62
7
6
ByLayer
370
-1
48
1.0
60
0
100
AcDbText
1
1519
10
1394758.13143866
20
359710.709960912
30
0.0
40
0.31111111111
41
1.0
50
0.0
51
0.0
7
Standard
11
1394758.13143866
21
359710.709960912
31
0.0
210
0.0
220
0.0
230
1.0
71
0
72
0
100
AcDbText
73
0
0
POINT
5
C00
330
1C
100
AcDbEntity
67
0
8
0
62
256
6
ByLayer
370
-1
48
1.0
60
0
100
AcDbPoint
10
1394757.63519198
20
359708.976428395
30
0.0
39
0.0
210
0.0
220
0.0
230
1.0
50
360.0
0
TEXT
5
C01
330
1C
100
AcDbEntity
67
0
8
0
62
7
6
ByLayer
370
-1
48
1.0
60
0
100
AcDbText
1
1520
10
1394757.76432147
20
359709.250867062
30
0.0
40
0.31111111111
41
1.0
50
0.0
51
0.0
7
Standard
11
1394757.76432147
21
359709.250867062
31
0.0
210
0.0
220
0.0
230
1.0
71
0
72
0
100
AcDbText
73
0
0
POINT
5
C02
330
1C
100
AcDbEntity
67
0
8
0
62
256
6
ByLayer
370
-1
48
1.0
60
0
100
AcDbPoint
10
1394756.58771224
20
359707.896374654
30
0.0
39
0.0
210
0.0
220
0.0
230
1.0
50
360.0
0
TEXT
5
C03
330
1C
100
AcDbEntity
67
0
8
0
62
7
6
ByLayer
370
-1
48
1.0
60
0
100
AcDbText
1
1521
10
1394756.71684174
20
359708.170813318
30
0.0
40
0.31111111111
41
1.0
50
0.0
51
0.0
7
Standard
11
1394756.71684174
21
359708.170813318
31
0.0
210
0.0
220
0.0
230
1.0
71
0
72
0
100
AcDbText
73
0
0
POINT
5
C04
330
1C
100
AcDbEntity
67
0
8
0
62
256
6
ByLayer
370
-1
48
1.0
60
0
100
AcDbPoint
10
1394755.14054131
20
359707.484760549
30
0.0
39
0.0
210
0.0
220
0.0
230
1.0
50
360.0
0
TEXT
5
C05
330
1C
100
AcDbEntity
67
0
8
0
62
7
6
ByLayer
370
-1
48
1.0
60
0
100
AcDbText
1
1522
10
1394755.26967081
20
359707.759199208
30
0.0
40
0.31111111111
41
1.0
50
0.0
51
0.0
7
Standard
11
1394755.26967081
21
359707.759199208
31
0.0
210
0.0
220
0.0
230
1.0
71
0
72
0
100
AcDbText
73
0
0
POINT
5
C06
330
1C
100
AcDbEntity
67
0
8
0
62
256
6
ByLayer
370
-1
48
1.0
60
0
100
AcDbPoint
10
1394753.68144747
20
359707.851877743
30
0.0
39
0.0
210
0.0
220
0.0
230
1.0
50
360.0
0
TEXT
5
C07
330
1C
100
AcDbEntity
67
0
8
0
62
7
6
ByLayer
370
-1
48
1.0
60
0
100
AcDbText
1
1523
10
1394753.81057697
20
359708.126316401
30
0.0
40
0.31111111111
41
1.0
50
0.0
51
0.0
7
Standard
11
1394753.81057697
21
359708.126316401
31
0.0
210
0.0
220
0.0
230
1.0
71
0
72
0
100
AcDbText
73
0
0
POINT
5
C08
330
1C
100
AcDbEntity
67
0
8
0
62
256
6
ByLayer
370
-1
48
1.0
60
0
100
AcDbPoint
10
1394752.60139374
20
359708.899357468
30
0.0
39
0.0
210
0.0
220
0.0
230
1.0
50
360.0
0
TEXT
5
C09
330
1C
100
AcDbEntity
67
0
8
0
62
7
6
ByLayer
370
-1
48
1.0
60
0
100
AcDbText
1
1524
10
1394752.73052324
20
359709.173796125
30
0.0
40
0.31111111111
41
1.0
50
0.0
51
0.0
7
Standard
11
1394752.73052324
21
359709.173796125
31
0.0
210
0.0
220
0.0
230
1.0
71
0
72
0
100
AcDbText
73
0
0
POINT
5
C0A
330
1C
100
AcDbEntity
67
0
8
0
62
256
6
ByLayer
370
-1
48
1.0
60
0
100
AcDbPoint
10
1396397.85183869
20
359830.80549319
30
0.0
39
0.0
210
0.0
220
0.0
230
1.0
50
360.0
0
TEXT
5
C0B
330
1C
100
AcDbEntity
67
0
8
0
62
7
6
ByLayer
370
-1
48
1.0
60
0
100
AcDbText
1
1525
10
1396397.98096792
20
359831.079934844
30
0.0
40
0.31111111111
41
1.0
50
0.0
51
0.0
7
Standard
11
1396397.98096792
21
359831.079934844
31
0.0
210
0.0
220
0.0
230
1.0
71
0
72
0
100
AcDbText
73
0
0
POINT
5
C0C
330
1C
100
AcDbEntity
67
0
8
0
62
256
6
ByLayer
370
-1
48
1.0
60
0
100
AcDbPoint
10
1396398.21895697
20
359832.264593302
30
0.0
39
0.0
210
0.0
220
0.0
230
1.0
50
360.0
0
TEXT
5
C0D
330
1C
100
AcDbEntity
67
0
8
0
62
7
6
ByLayer
370
-1
48
1.0
60
0
100
AcDbText
1
1526
10
1396398.3480862
20
359832.539034955
30
0.0
40
0.31111111111
41
1.0
50
0.0
51
0.0
7
Standard
11
1396398.3480862
21
359832.539034955
31
0.0
210
0.0
220
0.0
230
1.0
71
0
72
0
100
AcDbText
73
0
0
POINT
5
C0E
330
1C
100
AcDbEntity
67
0
8
0
62
256
6
ByLayer
370
-1
48
1.0
60
0
100
AcDbPoint
10
1396399.26644078
20
359833.344651928
30
0.0
39
0.0
210
0.0
220
0.0
230
1.0
50
360.0
0
TEXT
5
C0F
330
1C
100
AcDbEntity
67
0
8
0
62
7
6
ByLayer
370
-1
48
1.0
60
0
100
AcDbText
1
1527
10
1396399.39557001
20
359833.619093583
30
0.0
40
0.31111111111
41
1.0
50
0.0
51
0.0
7
Standard
11
1396399.39557001
21
359833.619093583
31
0.0
210
0.0
220
0.0
230
1.0
71
0
72
0
100
AcDbText
73
0
0
POINT
5
C10
330
1C
100
AcDbEntity
67
0
8
0
62
256
6
ByLayer
370
-1
48
1.0
60
0
100
AcDbPoint
10
1396400.71361769
20
359833.75626823
30
0.0
39
0.0
210
0.0
220
0.0
230
1.0
50
360.0
0
TEXT
5
C11
330
1C
100
AcDbEntity
67
0
8
0
62
7
6
ByLayer
370
-1
48
1.0
60
0
100
AcDbText
1
1528
10
1396400.84274692
20
359834.030709888
30
0.0
40
0.31111111111
41
1.0
50
0.0
51
0.0
7
Standard
11
1396400.84274692
21
359834.030709888
31
0.0
210
0.0
220
0.0
230
1.0
71
0
72
0
100
AcDbText
73
0
0
POINT
5
C12
330
1C
100
AcDbEntity
67
0
8
0
62
256
6
ByLayer
370
-1
48
1.0
60
0
100
AcDbPoint
10
1396402.17271782
20
359833.389149948
30
0.0
39
0.0
210
0.0
220
0.0
230
1.0
50
360.0
0
TEXT
5
C13
330
1C
100
AcDbEntity
67
0
8
0
62
7
6
ByLayer
370
-1
48
1.0
60
0
100
AcDbText
1
1529
10
1396402.30184705
20
359833.663591609
30
0.0
40
0.31111111111
41
1.0
50
0.0
51
0.0
7
Standard
11
1396402.30184705
21
359833.663591609
31
0.0
210
0.0
220
0.0
230
1.0
71
0
72
0
100
AcDbText
73
0
0
POINT
5
C14
330
1C
100
AcDbEntity
67
0
8
0
62
256
6
ByLayer
370
-1
48
1.0
60
0
100
AcDbPoint
10
1396403.25277646
20
359832.341666124
30
0.0
39
0.0
210
0.0
220
0.0
230
1.0
50
360.0
0
TEXT
5
C15
330
1C
100
AcDbEntity
67
0
8
0
62
7
6
ByLayer
370
-1
48
1.0
60
0
100
AcDbText
1
1530
10
1396403.38190569
20
359832.616107784
30
0.0
40
0.31111111111
41
1.0
50
0.0
51
0.0
7
Standard
11
1396403.38190569
21
359832.616107784
31
0.0
210
0.0
220
0.0
230
1.0
71
0
72
0
100
AcDbText
73
0
0
POINT
5
C16
330
1C
100
AcDbEntity
67
0
8
0
62
256
6
ByLayer
370
-1
48
1.0
60
0
100
AcDbPoint
10
1396403.66439276
20
359830.894489198
30
0.0
39
0.0
210
0.0
220
0.0
230
1.0
50
360.0
0
TEXT
5
C17
330
1C
100
AcDbEntity
67
0
8
0
62
7
6
ByLayer
370
-1
48
1.0
60
0
100
AcDbText
1
1531
10
1396403.79352199
20
359831.16893086
30
0.0
40
0.31111111111
41
1.0
50
0.0
51
0.0
7
Standard
11
1396403.79352199
21
359831.16893086
31
0.0
210
0.0
220
0.0
230
1.0
71
0
72
0
100
AcDbText
73
0
0
POINT
5
C18
330
1C
100
AcDbEntity
67
0
8
0
62
256
6
ByLayer
370
-1
48
1.0
60
0
100
AcDbPoint
10
1396403.29727446
20
359829.435389068
30
0.0
39
0.0
210
0.0
220
0.0
230
1.0
50
360.0
0
TEXT
5
C19
330
1C
100
AcDbEntity
67
0
8
0
62
7
6
ByLayer
370
-1
48
1.0
60
0
100
AcDbText
1
1532
10
1396403.4264037
20
359829.709830729
30
0.0
40
0.31111111111
41
1.0
50
0.0
51
0.0
7
Standard
11
1396403.4264037
21
359829.709830729
31
0.0
210
0.0
220
0.0
230
1.0
71
0
72
0
100
AcDbText
73
0
0
POINT
5
C1A
330
1C
100
AcDbEntity
67
0
8
0
62
256
6
ByLayer
370
-1
48
1.0
60
0
100
AcDbPoint
10
1396402.24979062
20
359828.355330442
30
0.0
39
0.0
210
0.0
220
0.0
230
1.0
50
360.0
0
TEXT
5
C1B
330
1C
100
AcDbEntity
67
0
8
0
62
7
6
ByLayer
370
-1
48
1.0
60
0
100
AcDbText
1
1533
10
1396402.37891986
20
359828.629772101
30
0.0
40
0.31111111111
41
1.0
50
0.0
51
0.0
7
Standard
11
1396402.37891986
21
359828.629772101
31
0.0
210
0.0
220
0.0
230
1.0
71
0
72
0
100
AcDbText
73
0
0
POINT
5
C1C
330
1C
100
AcDbEntity
67
0
8
0
62
256
6
ByLayer
370
-1
48
1.0
60
0
100
AcDbPoint
10
1396400.8026137
20
359827.943714157
30
0.0
39
0.0
210
0.0
220
0.0
230
1.0
50
360.0
0
TEXT
5
C1D
330
1C
100
AcDbEntity
67
0
8
0
62
7
6
ByLayer
370
-1
48
1.0
60
0
100
AcDbText
1
1534
10
1396400.93174294
20
359828.218155816
30
0.0
40
0.31111111111
41
1.0
50
0.0
51
0.0
7
Standard
11
1396400.93174294
21
359828.218155816
31
0.0
210
0.0
220
0.0
230
1.0
71
0
72
0
100
AcDbText
73
0
0
POINT
5
C1E
330
1C
100
AcDbEntity
67
0
8
0
62
256
6
ByLayer
370
-1
48
1.0
60
0
100
AcDbPoint
10
1396399.34351359
20
359828.310832457
30
0.0
39
0.0
210
0.0
220
0.0
230
1.0
50
360.0
0
TEXT
5
C1F
330
1C
100
AcDbEntity
67
0
8
0
62
7
6
ByLayer
370
-1
48
1.0
60
0
100
AcDbText
1
1535
10
1396399.47264283
20
359828.585274111
30
0.0
40
0.31111111111
41
1.0
50
0.0
51
0.0
7
Standard
11
1396399.47264283
21
359828.585274111
31
0.0
210
0.0
220
0.0
230
1.0
71
0
72
0
100
AcDbText
73
0
0
POINT
5
C20
330
1C
100
AcDbEntity
67
0
8
0
62
256
6
ByLayer
370
-1
48
1.0
60
0
100
AcDbPoint
10
1396398.26345497
20
359829.358316282
30
0.0
39
0.0
210
0.0
220
0.0
230
1.0
50
360.0
0
TEXT
5
C21
330
1C
100
AcDbEntity
67
0
8
0
62
7
6
ByLayer
370
-1
48
1.0
60
0
100
AcDbText
1
1536
10
1396398.39258421
20
359829.632757933
30
0.0
40
0.31111111111
41
1.0
50
0.0
51
0.0
7
Standard
11
1396398.39258421
21
359829.632757933
31
0.0
210
0.0
220
0.0
230
1.0
71
0
72
0
100
AcDbText
73
0
0
POINT
5
C22
330
1C
100
AcDbEntity
67
0
8
0
62
256
6
ByLayer
370
-1
48
1.0
60
0
100
AcDbPoint
10
1395209.27498152
20
360335.585064684
30
0.0
39
0.0
210
0.0
220
0.0
230
1.0
50
360.0
0
TEXT
5
C23
330
1C
100
AcDbEntity
67
0
8
0
62
7
6
ByLayer
370
-1
48
1.0
60
0
100
AcDbText
1
1537
10
1395209.40410986
20
360335.859504158
30
0.0
40
0.31111111111
41
1.0
50
0.0
51
0.0
7
Standard
11
1395209.40410986
21
360335.859504158
31
0.0
210
0.0
220
0.0
230
1.0
71
0
72
0
100
AcDbText
73
0
0
POINT
5
C24
330
1C
100
AcDbEntity
67
0
8
0
62
256
6
ByLayer
370
-1
48
1.0
60
0
100
AcDbPoint
10
1395209.64209679
20
360337.044160821
30
0.0
39
0.0
210
0.0
220
0.0
230
1.0
50
360.0
0
TEXT
5
C25
330
1C
100
AcDbEntity
67
0
8
0
62
7
6
ByLayer
370
-1
48
1.0
60
0
100
AcDbText
1
1538
10
1395209.77122513
20
360337.318600294
30
0.0
40
0.31111111111
41
1.0
50
0.0
51
0.0
7
Standard
11
1395209.77122513
21
360337.318600294
31
0.0
210
0.0
220
0.0
230
1.0
71
0
72
0
100
AcDbText
73
0
0
POINT
5
C26
330
1C
100
AcDbEntity
67
0
8
0
62
256
6
ByLayer
370
-1
48
1.0
60
0
100
AcDbPoint
10
1395210.689576
20
360338.124217514
30
0.0
39
0.0
210
0.0
220
0.0
230
1.0
50
360.0
0
TEXT
5
C27
330
1C
100
AcDbEntity
67
0
8
0
62
7
6
ByLayer
370
-1
48
1.0
60
0
100
AcDbText
1
1539
10
1395210.81870434
20
360338.398656987
30
0.0
40
0.31111111111
41
1.0
50
0.0
51
0.0
7
Standard
11
1395210.81870434
21
360338.398656987
31
0.0
210
0.0
220
0.0
230
1.0
71
0
72
0
100
AcDbText
73
0
0
POINT
5
C28
330
1C
100
AcDbEntity
67
0
8
0
62
256
6
ByLayer
370
-1
48
1.0
60
0
100
AcDbPoint
10
1395212.13674796
20
360338.535834442
30
0.0
39
0.0
210
0.0
220
0.0
230
1.0
50
360.0
0
TEXT
5
C29
330
1C
100
AcDbEntity
67
0
8
0
62
7
6
ByLayer
370
-1
48
1.0
60
0
100
AcDbText
1
1540
10
1395212.2658763
20
360338.81027392
30
0.0
40
0.31111111111
41
1.0
50
0.0
51
0.0
7
Standard
11
1395212.2658763
21
360338.81027392
31
0.0
210
0.0
220
0.0
230
1.0
71
0
72
0
100
AcDbText
73
0
0
POINT
5
C2A
330
1C
100
AcDbEntity
67
0
8
0
62
256
6
ByLayer
370
-1
48
1.0
60
0
100
AcDbPoint
10
1395213.59584412
20
360338.168719177
30
0.0
39
0.0
210
0.0
220
0.0
230
1.0
50
360.0
0
TEXT
5
C2B
330
1C
100
AcDbEntity
67
0
8
0
62
7
6
ByLayer
370
-1
48
1.0
60
0
100
AcDbText
1
1541
10
1395213.72497245
20
360338.443158657
30
0.0
40
0.31111111111
41
1.0
50
0.0
51
0.0
7
Standard
11
1395213.72497245
21
360338.443158657
31
0.0
210
0.0
220
0.0
230
1.0
71
0
72
0
100
AcDbText
73
0
0
POINT
5
C2C
330
1C
100
AcDbEntity
67
0
8
0
62
256
6
ByLayer
370
-1
48
1.0
60
0
100
AcDbPoint
10
1395214.67590082
20
360337.121239952
30
0.0
39
0.0
210
0.0
220
0.0
230
1.0
50
360.0
0
TEXT
5
C2D
330
1C
100
AcDbEntity
67
0
8
0
62
7
6
ByLayer
370
-1
48
1.0
60
0
100
AcDbText
1
1542
10
1395214.80502916
20
360337.395679435
30
0.0
40
0.31111111111
41
1.0
50
0.0
51
0.0
7
Standard
11
1395214.80502916
21
360337.395679435
31
0.0
210
0.0
220
0.0
230
1.0
71
0
72
0
100
AcDbText
73
0
0
POINT
5
C2E
330
1C
100
AcDbEntity
67
0
8
0
62
256
6
ByLayer
370
-1
48
1.0
60
0
100
AcDbPoint
10
1395215.08751774
20
360335.674067977
30
0.0
39
0.0
210
0.0
220
0.0
230
1.0
50
360.0
0
TEXT
5
C2F
330
1C
100
AcDbEntity
67
0
8
0
62
7
6
ByLayer
370
-1
48
1.0
60
0
100
AcDbText
1
1543
10
1395215.21664609
20
360335.948507459
30
0.0
40
0.31111111111
41
1.0
50
0.0
51
0.0
7
Standard
11
1395215.21664609
21
360335.948507459
31
0.0
210
0.0
220
0.0
230
1.0
71
0
72
0
100
AcDbText
73
0
0
POINT
5
C30
330
1C
100
AcDbEntity
67
0
8
0
62
256
6
ByLayer
370
-1
48
1.0
60
0
100
AcDbPoint
10
1395214.72040246
20
360334.214971819
30
0.0
39
0.0
210
0.0
220
0.0
230
1.0
50
360.0
0
TEXT
5
C31
330
1C
100
AcDbEntity
67
0
8
0
62
7
6
ByLayer
370
-1
48
1.0
60
0
100
AcDbText
1
1544
10
1395214.84953081
20
360334.489411304
30
0.0
40
0.31111111111
41
1.0
50
0.0
51
0.0
7
Standard
11
1395214.84953081
21
360334.489411304
31
0.0
210
0.0
220
0.0
230
1.0
71
0
72
0
100
AcDbText
73
0
0
POINT
5
C32
330
1C
100
AcDbEntity
67
0
8
0
62
256
6
ByLayer
370
-1
48
1.0
60
0
100
AcDbPoint
10
1395213.67292323
20
360333.13491513
30
0.0
39
0.0
210
0.0
220
0.0
230
1.0
50
360.0
0
TEXT
5
C33
330
1C
100
AcDbEntity
67
0
8
0
62
7
6
ByLayer
370
-1
48
1.0
60
0
100
AcDbText
1
1545
10
1395213.80205157
20
360333.40935461
30
0.0
40
0.31111111111
41
1.0
50
0.0
51
0.0
7
Standard
11
1395213.80205157
21
360333.40935461
31
0.0
210
0.0
220
0.0
230
1.0
71
0
72
0
100
AcDbText
73
0
0
POINT
5
C34
330
1C
100
AcDbEntity
67
0
8
0
62
256
6
ByLayer
370
-1
48
1.0
60
0
100
AcDbPoint
10
1395212.22575126
20
360332.723298219
30
0.0
39
0.0
210
0.0
220
0.0
230
1.0
50
360.0
0
TEXT
5
C35
330
1C
100
AcDbEntity
67
0
8
0
62
7
6
ByLayer
370
-1
48
1.0
60
0
100
AcDbText
1
1546
10
1395212.3548796
20
360332.997737697
30
0.0
40
0.31111111111
41
1.0
50
0.0
51
0.0
7
Standard
11
1395212.3548796
21
360332.997737697
31
0.0
210
0.0
220
0.0
230
1.0
71
0
72
0
100
AcDbText
73
0
0
POINT
5
C36
330
1C
100
AcDbEntity
67
0
8
0
62
256
6
ByLayer
370
-1
48
1.0
60
0
100
AcDbPoint
10
1395210.76665511
20
360333.090413502
30
0.0
39
0.0
210
0.0
220
0.0
230
1.0
50
360.0
0
TEXT
5
C37
330
1C
100
AcDbEntity
67
0
8
0
62
7
6
ByLayer
370
-1
48
1.0
60
0
100
AcDbText
1
1547
10
1395210.89578346
20
360333.364852977
30
0.0
40
0.31111111111
41
1.0
50
0.0
51
0.0
7
Standard
11
1395210.89578346
21
360333.364852977
31
0.0
210
0.0
220
0.0
230
1.0
71
0
72
0
100
AcDbText
73
0
0
POINT
5
C38
330
1C
100
AcDbEntity
67
0
8
0
62
256
6
ByLayer
370
-1
48
1.0
60
0
100
AcDbPoint
10
1395209.68659843
20
360334.137892729
30
0.0
39
0.0
210
0.0
220
0.0
230
1.0
50
360.0
0
TEXT
5
C39
330
1C
100
AcDbEntity
67
0
8
0
62
7
6
ByLayer
370
-1
48
1.0
60
0
100
AcDbText
1
1548
10
1395209.81572678
20
360334.4123322
30
0.0
40
0.31111111111
41
1.0
50
0.0
51
0.0
7
Standard
11
1395209.81572678
21
360334.4123322
31
0.0
210
0.0
220
0.0
230
1.0
71
0
72
0
100
AcDbText
73
0
0
POINT
5
C3A
330
1C
100
AcDbEntity
67
0
8
0
62
256
6
ByLayer
370
-1
48
1.0
60
0
100
AcDbPoint
10
1394183.25421566
20
359282.00685264
30
0.0
39
0.0
210
0.0
220
0.0
230
1.0
50
360.0
0
TEXT
5
C3B
330
1C
100
AcDbEntity
67
0
8
0
62
7
6
ByLayer
370
-1
48
1.0
60
0
100
AcDbText
1
1549
10
1394183.38334595
20
359282.281290266
30
0.0
40
0.31111111111
41
1.0
50
0.0
51
0.0
7
Standard
11
1394183.38334595
21
359282.281290266
31
0.0
210
0.0
220
0.0
230
1.0
71
0
72
0
100
AcDbText
73
0
0
POINT
5
C3C
330
1C
100
AcDbEntity
67
0
8
0
62
256
6
ByLayer
370
-1
48
1.0
60
0
100
AcDbPoint
10
1394183.6213339
20
359283.465943931
30
0.0
39
0.0
210
0.0
220
0.0
230
1.0
50
360.0
0
TEXT
5
C3D
330
1C
100
AcDbEntity
67
0
8
0
62
7
6
ByLayer
370
-1
48
1.0
60
0
100
AcDbText
1
1550
10
1394183.75046419
20
359283.740381559
30
0.0
40
0.31111111111
41
1.0
50
0.0
51
0.0
7
Standard
11
1394183.75046419
21
359283.740381559
31
0.0
210
0.0
220
0.0
230
1.0
71
0
72
0
100
AcDbText
73
0
0
POINT
5
C3E
330
1C
100
AcDbEntity
67
0
8
0
62
256
6
ByLayer
370
-1
48
1.0
60
0
100
AcDbPoint
10
1394184.66881327
20
359284.545994947
30
0.0
39
0.0
210
0.0
220
0.0
230
1.0
50
360.0
0
TEXT
5
C3F
330
1C
100
AcDbEntity
67
0
8
0
62
7
6
ByLayer
370
-1
48
1.0
60
0
100
AcDbText
1
1551
10
1394184.79794356
20
359284.820432573
30
0.0
40
0.31111111111
41
1.0
50
0.0
51
0.0
7
Standard
11
1394184.79794356
21
359284.820432573
31
0.0
210
0.0
220
0.0
230
1.0
71
0
72
0
100
AcDbText
73
0
0
POINT
5
C40
330
1C
100
AcDbEntity
67
0
8
0
62
256
6
ByLayer
370
-1
48
1.0
60
0
100
AcDbPoint
10
1394186.11598252
20
359284.957606877
30
0.0
39
0.0
210
0.0
220
0.0
230
1.0
50
360.0
0
TEXT
5
C41
330
1C
100
AcDbEntity
67
0
8
0
62
7
6
ByLayer
370
-1
48
1.0
60
0
100
AcDbText
1
1552
10
1394186.24511281
20
359285.23204451
30
0.0
40
0.31111111111
41
1.0
50
0.0
51
0.0
7
Standard
11
1394186.24511281
21
359285.23204451
31
0.0
210
0.0
220
0.0
230
1.0
71
0
72
0
100
AcDbText
73
0
0
POINT
5
C42
330
1C
100
AcDbEntity
67
0
8
0
62
256
6
ByLayer
370
-1
48
1.0
60
0
100
AcDbPoint
10
1394187.57507383
20
359284.590488639
30
0.0
39
0.0
210
0.0
220
0.0
230
1.0
50
360.0
0
TEXT
5
C43
330
1C
100
AcDbEntity
67
0
8
0
62
7
6
ByLayer
370
-1
48
1.0
60
0
100
AcDbText
1
1553
10
1394187.70420412
20
359284.864926273
30
0.0
40
0.31111111111
41
1.0
50
0.0
51
0.0
7
Standard
11
1394187.70420412
21
359284.864926273
31
0.0
210
0.0
220
0.0
230
1.0
71
0
72
0
100
AcDbText
73
0
0
POINT
5
C44
330
1C
100
AcDbEntity
67
0
8
0
62
256
6
ByLayer
370
-1
48
1.0
60
0
100
AcDbPoint
10
1394188.65512485
20
359283.543009256
30
0.0
39
0.0
210
0.0
220
0.0
230
1.0
50
360.0
0
TEXT
5
C45
330
1C
100
AcDbEntity
67
0
8
0
62
7
6
ByLayer
370
-1
48
1.0
60
0
100
AcDbText
1
1554
10
1394188.78425514
20
359283.817446895
30
0.0
40
0.31111111111
41
1.0
50
0.0
51
0.0
7
Standard
11
1394188.78425514
21
359283.817446895
31
0.0
210
0.0
220
0.0
230
1.0
71
0
72
0
100
AcDbText
73
0
0
POINT
5
C46
330
1C
100
AcDbEntity
67
0
8
0
62
256
6
ByLayer
370
-1
48
1.0
60
0
100
AcDbPoint
10
1394189.06673678
20
359282.095839989
30
0.0
39
0.0
210
0.0
220
0.0
230
1.0
50
360.0
0
TEXT
5
C47
330
1C
100
AcDbEntity
67
0
8
0
62
7
6
ByLayer
370
-1
48
1.0
60
0
100
AcDbText
1
1555
10
1394189.19586707
20
359282.37027763
30
0.0
40
0.31111111111
41
1.0
50
0.0
51
0.0
7
Standard
11
1394189.19586707
21
359282.37027763
31
0.0
210
0.0
220
0.0
230
1.0
71
0
72
0
100
AcDbText
73
0
0
POINT
5
C48
330
1C
100
AcDbEntity
67
0
8
0
62
256
6
ByLayer
370
-1
48
1.0
60
0
100
AcDbPoint
10
1394188.69961853
20
359280.636748676
30
0.0
39
0.0
210
0.0
220
0.0
230
1.0
50
360.0
0
TEXT
5
C49
330
1C
100
AcDbEntity
67
0
8
0
62
7
6
ByLayer
370
-1
48
1.0
60
0
100
AcDbText
1
1556
10
1394188.82874882
20
359280.911186315
30
0.0
40
0.31111111111
41
1.0
50
0.0
51
0.0
7
Standard
11
1394188.82874882
21
359280.911186315
31
0.0
210
0.0
220
0.0
230
1.0
71
0
72
0
100
AcDbText
73
0
0
POINT
5
C4A
330
1C
100
AcDbEntity
67
0
8
0
62
256
6
ByLayer
370
-1
48
1.0
60
0
100
AcDbPoint
10
1394187.65213914
20
359279.556697666
30
0.0
39
0.0
210
0.0
220
0.0
230
1.0
50
360.0
0
TEXT
5
C4B
330
1C
100
AcDbEntity
67
0
8
0
62
7
6
ByLayer
370
-1
48
1.0
60
0
100
AcDbText
1
1557
10
1394187.78126944
20
359279.831135299
30
0.0
40
0.31111111111
41
1.0
50
0.0
51
0.0
7
Standard
11
1394187.78126944
21
359279.831135299
31
0.0
210
0.0
220
0.0
230
1.0
71
0
72
0
100
AcDbText
73
0
0
POINT
5
C4C
330
1C
100
AcDbEntity
67
0
8
0
62
256
6
ByLayer
370
-1
48
1.0
60
0
100
AcDbPoint
10
1394186.20496988
20
359279.145085751
30
0.0
39
0.0
210
0.0
220
0.0
230
1.0
50
360.0
0
TEXT
5
C4D
330
1C
100
AcDbEntity
67
0
8
0
62
7
6
ByLayer
370
-1
48
1.0
60
0
100
AcDbText
1
1558
10
1394186.33410017
20
359279.419523386
30
0.0
40
0.31111111111
41
1.0
50
0.0
51
0.0
7
Standard
11
1394186.33410017
21
359279.419523386
31
0.0
210
0.0
220
0.0
230
1.0
71
0
72
0
100
AcDbText
73
0
0
POINT
5
C4E
330
1C
100
AcDbEntity
67
0
8
0
62
256
6
ByLayer
370
-1
48
1.0
60
0
100
AcDbPoint
10
1394184.74587858
20
359279.512204011
30
0.0
39
0.0
210
0.0
220
0.0
230
1.0
50
360.0
0
TEXT
5
C4F
330
1C
100
AcDbEntity
67
0
8
0
62
7
6
ByLayer
370
-1
48
1.0
60
0
100
AcDbText
1
1559
10
1394184.87500887
20
359279.786641639
30
0.0
40
0.31111111111
41
1.0
50
0.0
51
0.0
7
Standard
11
1394184.87500887
21
359279.786641639
31
0.0
210
0.0
220
0.0
230
1.0
71
0
72
0
100
AcDbText
73
0
0
POINT
5
C50
330
1C
100
AcDbEntity
67
0
8
0
62
256
6
ByLayer
370
-1
48
1.0
60
0
100
AcDbPoint
10
1394183.66582757
20
359280.559683391
30
0.0
39
0.0
210
0.0
220
0.0
230
1.0
50
360.0
0
TEXT
5
C51
330
1C
100
AcDbEntity
67
0
8
0
62
7
6
ByLayer
370
-1
48
1.0
60
0
100
AcDbText
1
1560
10
1394183.79495787
20
359280.834121019
30
0.0
40
0.31111111111
41
1.0
50
0.0
51
0.0
7
Standard
11
1394183.79495787
21
359280.834121019
31
0.0
210
0.0
220
0.0
230
1.0
71
0
72
0
100
AcDbText
73
0
0
POINT
5
C52
330
1C
100
AcDbEntity
67
0
8
0
62
256
6
ByLayer
370
-1
48
1.0
60
0
100
AcDbPoint
10
1394254.22057093
20
359320.164077193
30
0.0
39
0.0
210
0.0
220
0.0
230
1.0
50
360.0
0
TEXT
5
C53
330
1C
100
AcDbEntity
67
0
8
0
62
7
6
ByLayer
370
-1
48
1.0
60
0
100
AcDbText
1
1561
10
1394254.34970115
20
359320.438514949
30
0.0
40
0.31111111111
41
1.0
50
0.0
51
0.0
7
Standard
11
1394254.34970115
21
359320.438514949
31
0.0
210
0.0
220
0.0
230
1.0
71
0
72
0
100
AcDbText
73
0
0
POINT
5
C54
330
1C
100
AcDbEntity
67
0
8
0
62
256
6
ByLayer
370
-1
48
1.0
60
0
100
AcDbPoint
10
1394254.5876891
20
359321.623168788
30
0.0
39
0.0
210
0.0
220
0.0
230
1.0
50
360.0
0
TEXT
5
C55
330
1C
100
AcDbEntity
67
0
8
0
62
7
6
ByLayer
370
-1
48
1.0
60
0
100
AcDbText
1
1562
10
1394254.71681932
20
359321.897606547
30
0.0
40
0.31111111111
41
1.0
50
0.0
51
0.0
7
Standard
11
1394254.71681932
21
359321.897606547
31
0.0
210
0.0
220
0.0
230
1.0
71
0
72
0
100
AcDbText
73
0
0
POINT
5
C56
330
1C
100
AcDbEntity
67
0
8
0
62
256
6
ByLayer
370
-1
48
1.0
60
0
100
AcDbPoint
10
1394255.63516855
20
359322.703220099
30
0.0
39
0.0
210
0.0
220
0.0
230
1.0
50
360.0
0
TEXT
5
C57
330
1C
100
AcDbEntity
67
0
8
0
62
7
6
ByLayer
370
-1
48
1.0
60
0
100
AcDbText
1
1563
10
1394255.76429877
20
359322.977657859
30
0.0
40
0.31111111111
41
1.0
50
0.0
51
0.0
7
Standard
11
1394255.76429877
21
359322.977657859
31
0.0
210
0.0
220
0.0
230
1.0
71
0
72
0
100
AcDbText
73
0
0
POINT
5
C58
330
1C
100
AcDbEntity
67
0
8
0
62
256
6
ByLayer
370
-1
48
1.0
60
0
100
AcDbPoint
10
1394257.08233803
20
359323.114832248
30
0.0
39
0.0
210
0.0
220
0.0
230
1.0
50
360.0
0
TEXT
5
C59
330
1C
100
AcDbEntity
67
0
8
0
62
7
6
ByLayer
370
-1
48
1.0
60
0
100
AcDbText
1
1564
10
1394257.21146824
20
359323.389270013
30
0.0
40
0.31111111111
41
1.0
50
0.0
51
0.0
7
Standard
11
1394257.21146824
21
359323.389270013
31
0.0
210
0.0
220
0.0
230
1.0
71
0
72
0
100
AcDbText
73
0
0
POINT
5
C5A
330
1C
100
AcDbEntity
67
0
8
0
62
256
6
ByLayer
370
-1
48
1.0
60
0
100
AcDbPoint
10
1394258.54142964
20
359322.747714086
30
0.0
39
0.0
210
0.0
220
0.0
230
1.0
50
360.0
0
TEXT
5
C5B
330
1C
100
AcDbEntity
67
0
8
0
62
7
6
ByLayer
370
-1
48
1.0
60
0
100
AcDbText
1
1565
10
1394258.67055985
20
359323.022151852
30
0.0
40
0.31111111111
41
1.0
50
0.0
51
0.0
7
Standard
11
1394258.67055985
21
359323.022151852
31
0.0
210
0.0
220
0.0
230
1.0
71
0
72
0
100
AcDbText
73
0
0
POINT
5
C5C
330
1C
100
AcDbEntity
67
0
8
0
62
256
6
ByLayer
370
-1
48
1.0
60
0
100
AcDbPoint
10
1394259.62148096
20
359321.700234618
30
0.0
39
0.0
210
0.0
220
0.0
230
1.0
50
360.0
0
TEXT
5
C5D
330
1C
100
AcDbEntity
67
0
8
0
62
7
6
ByLayer
370
-1
48
1.0
60
0
100
AcDbText
1
1566
10
1394259.75061118
20
359321.974672387
30
0.0
40
0.31111111111
41
1.0
50
0.0
51
0.0
7
Standard
11
1394259.75061118
21
359321.974672387
31
0.0
210
0.0
220
0.0
230
1.0
71
0
72
0
100
AcDbText
73
0
0
POINT
5
C5E
330
1C
100
AcDbEntity
67
0
8
0
62
256
6
ByLayer
370
-1
48
1.0
60
0
100
AcDbPoint
10
1394260.03309311
20
359320.253065128
30
0.0
39
0.0
210
0.0
220
0.0
230
1.0
50
360.0
0
TEXT
5
C5F
330
1C
100
AcDbEntity
67
0
8
0
62
7
6
ByLayer
370
-1
48
1.0
60
0
100
AcDbText
1
1567
10
1394260.16222333
20
359320.527502895
30
0.0
40
0.31111111111
41
1.0
50
0.0
51
0.0
7
Standard
11
1394260.16222333
21
359320.527502895
31
0.0
210
0.0
220
0.0
230
1.0
71
0
72
0
100
AcDbText
73
0
0
POINT
5
C60
330
1C
100
AcDbEntity
67
0
8
0
62
256
6
ByLayer
370
-1
48
1.0
60
0
100
AcDbPoint
10
1394259.66597493
20
359318.793973512
30
0.0
39
0.0
210
0.0
220
0.0
230
1.0
50
360.0
0
TEXT
5
C61
330
1C
100
AcDbEntity
67
0
8
0
62
7
6
ByLayer
370
-1
48
1.0
60
0
100
AcDbText
1
1568
10
1394259.79510515
20
359319.068411277
30
0.0
40
0.31111111111
41
1.0
50
0.0
51
0.0
7
Standard
11
1394259.79510515
21
359319.068411277
31
0.0
210
0.0
220
0.0
230
1.0
71
0
72
0
100
AcDbText
73
0
0
POINT
5
C62
330
1C
100
AcDbEntity
67
0
8
0
62
256
6
ByLayer
370
-1
48
1.0
60
0
100
AcDbPoint
10
1394258.61849545
20
359317.713922201
30
0.0
39
0.0
210
0.0
220
0.0
230
1.0
50
360.0
0
TEXT
5
C63
330
1C
100
AcDbEntity
67
0
8
0
62
7
6
ByLayer
370
-1
48
1.0
60
0
100
AcDbText
1
1569
10
1394258.74762568
20
359317.988359966
30
0.0
40
0.31111111111
41
1.0
50
0.0
51
0.0
7
Standard
11
1394258.74762568
21
359317.988359966
31
0.0
210
0.0
220
0.0
230
1.0
71
0
72
0
100
AcDbText
73
0
0
POINT
5
C64
330
1C
100
AcDbEntity
67
0
8
0
62
256
6
ByLayer
370
-1
48
1.0
60
0
100
AcDbPoint
10
1394257.17132596
20
359317.302310073
30
0.0
39
0.0
210
0.0
220
0.0
230
1.0
50
360.0
0
TEXT
5
C65
330
1C
100
AcDbEntity
67
0
8
0
62
7
6
ByLayer
370
-1
48
1.0
60
0
100
AcDbText
1
1570
10
1394257.30045619
20
359317.576747833
30
0.0
40
0.31111111111
41
1.0
50
0.0
51
0.0
7
Standard
11
1394257.30045619
21
359317.576747833
31
0.0
210
0.0
220
0.0
230
1.0
71
0
72
0
100
AcDbText
73
0
0
POINT
5
C66
330
1C
100
AcDbEntity
67
0
8
0
62
256
6
ByLayer
370
-1
48
1.0
60
0
100
AcDbPoint
10
1394255.71223437
20
359317.669428257
30
0.0
39
0.0
210
0.0
220
0.0
230
1.0
50
360.0
0
TEXT
5
C67
330
1C
100
AcDbEntity
67
0
8
0
62
7
6
ByLayer
370
-1
48
1.0
60
0
100
AcDbText
1
1571
10
1394255.84136459
20
359317.943866013
30
0.0
40
0.31111111111
41
1.0
50
0.0
51
0.0
7
Standard
11
1394255.84136459
21
359317.943866013
31
0.0
210
0.0
220
0.0
230
1.0
71
0
72
0
100
AcDbText
73
0
0
POINT
5
C68
330
1C
100
AcDbEntity
67
0
8
0
62
256
6
ByLayer
370
-1
48
1.0
60
0
100
AcDbPoint
10
1394254.63218306
20
359318.716907721
30
0.0
39
0.0
210
0.0
220
0.0
230
1.0
50
360.0
0
TEXT
5
C69
330
1C
100
AcDbEntity
67
0
8
0
62
7
6
ByLayer
370
-1
48
1.0
60
0
100
AcDbText
1
1572
10
1394254.76131329
20
359318.991345477
30
0.0
40
0.31111111111
41
1.0
50
0.0
51
0.0
7
Standard
11
1394254.76131329
21
359318.991345477
31
0.0
210
0.0
220
0.0
230
1.0
71
0
72
0
100
AcDbText
73
0
0
POINT
5
C6A
330
1C
100
AcDbEntity
67
0
8
0
62
256
6
ByLayer
370
-1
48
1.0
60
0
100
AcDbPoint
10
1394269.92101881
20
359330.842468395
30
0.0
39
0.0
210
0.0
220
0.0
230
1.0
50
360.0
0
TEXT
5
C6B
330
1C
100
AcDbEntity
67
0
8
0
62
7
6
ByLayer
370
-1
48
1.0
60
0
100
AcDbText
1
1573
10
1394270.05014901
20
359331.116906177
30
0.0
40
0.31111111111
41
1.0
50
0.0
51
0.0
7
Standard
11
1394270.05014901
21
359331.116906177
31
0.0
210
0.0
220
0.0
230
1.0
71
0
72
0
100
AcDbText
73
0
0
POINT
5
C6C
330
1C
100
AcDbEntity
67
0
8
0
62
256
6
ByLayer
370
-1
48
1.0
60
0
100
AcDbPoint
10
1394270.28813695
20
359332.30156006
30
0.0
39
0.0
210
0.0
220
0.0
230
1.0
50
360.0
0
TEXT
5
C6D
330
1C
100
AcDbEntity
67
0
8
0
62
7
6
ByLayer
370
-1
48
1.0
60
0
100
AcDbText
1
1574
10
1394270.41726715
20
359332.575997845
30
0.0
40
0.31111111111
41
1.0
50
0.0
51
0.0
7
Standard
11
1394270.41726715
21
359332.575997845
31
0.0
210
0.0
220
0.0
230
1.0
71
0
72
0
100
AcDbText
73
0
0
POINT
5
C6E
330
1C
100
AcDbEntity
67
0
8
0
62
256
6
ByLayer
370
-1
48
1.0
60
0
100
AcDbPoint
10
1394271.33561642
20
359333.381611442
30
0.0
39
0.0
210
0.0
220
0.0
230
1.0
50
360.0
0
TEXT
5
C6F
330
1C
100
AcDbEntity
67
0
8
0
62
7
6
ByLayer
370
-1
48
1.0
60
0
100
AcDbText
1
1575
10
1394271.46474661
20
359333.656049228
30
0.0
40
0.31111111111
41
1.0
50
0.0
51
0.0
7
Standard
11
1394271.46474661
21
359333.656049228
31
0.0
210
0.0
220
0.0
230
1.0
71
0
72
0
100
AcDbText
73
0
0
POINT
5
C70
330
1C
100
AcDbEntity
67
0
8
0
62
256
6
ByLayer
370
-1
48
1.0
60
0
100
AcDbPoint
10
1394272.78278594
20
359333.793223646
30
0.0
39
0.0
210
0.0
220
0.0
230
1.0
50
360.0
0
TEXT
5
C71
330
1C
100
AcDbEntity
67
0
8
0
62
7
6
ByLayer
370
-1
48
1.0
60
0
100
AcDbText
1
1576
10
1394272.91191613
20
359334.067661437
30
0.0
40
0.31111111111
41
1.0
50
0.0
51
0.0
7
Standard
11
1394272.91191613
21
359334.067661437
31
0.0
210
0.0
220
0.0
230
1.0
71
0
72
0
100
AcDbText
73
0
0
POINT
5
C72
330
1C
100
AcDbEntity
67
0
8
0
62
256
6
ByLayer
370
-1
48
1.0
60
0
100
AcDbPoint
10
1394274.24187762
20
359333.426105507
30
0.0
39
0.0
210
0.0
220
0.0
230
1.0
50
360.0
0
TEXT
5
C73
330
1C
100
AcDbEntity
67
0
8
0
62
7
6
ByLayer
370
-1
48
1.0
60
0
100
AcDbText
1
1577
10
1394274.37100781
20
359333.700543302
30
0.0
40
0.31111111111
41
1.0
50
0.0
51
0.0
7
Standard
11
1394274.37100781
21
359333.700543302
31
0.0
210
0.0
220
0.0
230
1.0
71
0
72
0
100
AcDbText
73
0
0
POINT
5
C74
330
1C
100
AcDbEntity
67
0
8
0
62
256
6
ByLayer
370
-1
48
1.0
60
0
100
AcDbPoint
10
1394275.32192902
20
359332.378626032
30
0.0
39
0.0
210
0.0
220
0.0
230
1.0
50
360.0
0
TEXT
5
C75
330
1C
100
AcDbEntity
67
0
8
0
62
7
6
ByLayer
370
-1
48
1.0
60
0
100
AcDbText
1
1578
10
1394275.45105921
20
359332.653063823
30
0.0
40
0.31111111111
41
1.0
50
0.0
51
0.0
7
Standard
11
1394275.45105921
21
359332.653063823
31
0.0
210
0.0
220
0.0
230
1.0
71
0
72
0
100
AcDbText
73
0
0
POINT
5
C76
330
1C
100
AcDbEntity
67
0
8
0
62
256
6
ByLayer
370
-1
48
1.0
60
0
100
AcDbPoint
10
1394275.73354121
20
359330.931456489
30
0.0
39
0.0
210
0.0
220
0.0
230
1.0
50
360.0
0
TEXT
5
C77
330
1C
100
AcDbEntity
67
0
8
0
62
7
6
ByLayer
370
-1
48
1.0
60
0
100
AcDbText
1
1579
10
1394275.86267142
20
359331.205894286
30
0.0
40
0.31111111111
41
1.0
50
0.0
51
0.0
7
Standard
11
1394275.86267142
21
359331.205894286
31
0.0
210
0.0
220
0.0
230
1.0
71
0
72
0
100
AcDbText
73
0
0
POINT
5
C78
330
1C
100
AcDbEntity
67
0
8
0
62
256
6
ByLayer
370
-1
48
1.0
60
0
100
AcDbPoint
10
1394275.36642306
20
359329.472364807
30
0.0
39
0.0
210
0.0
220
0.0
230
1.0
50
360.0
0
TEXT
5
C79
330
1C
100
AcDbEntity
67
0
8
0
62
7
6
ByLayer
370
-1
48
1.0
60
0
100
AcDbText
1
1580
10
1394275.49555327
20
359329.746802603
30
0.0
40
0.31111111111
41
1.0
50
0.0
51
0.0
7
Standard
11
1394275.49555327
21
359329.746802603
31
0.0
210
0.0
220
0.0
230
1.0
71
0
72
0
100
AcDbText
73
0
0
POINT
5
C7A
330
1C
100
AcDbEntity
67
0
8
0
62
256
6
ByLayer
370
-1
48
1.0
60
0
100
AcDbPoint
10
1394274.31894358
20
359328.392313425
30
0.0
39
0.0
210
0.0
220
0.0
230
1.0
50
360.0
0
TEXT
5
C7B
330
1C
100
AcDbEntity
67
0
8
0
62
7
6
ByLayer
370
-1
48
1.0
60
0
100
AcDbText
1
1581
10
1394274.44807378
20
359328.666751216
30
0.0
40
0.31111111111
41
1.0
50
0.0
51
0.0
7
Standard
11
1394274.44807378
21
359328.666751216
31
0.0
210
0.0
220
0.0
230
1.0
71
0
72
0
100
AcDbText
73
0
0
POINT
5
C7C
330
1C
100
AcDbEntity
67
0
8
0
62
256
6
ByLayer
370
-1
48
1.0
60
0
100
AcDbPoint
10
1394272.87177404
20
359327.980701238
30
0.0
39
0.0
210
0.0
220
0.0
230
1.0
50
360.0
0
TEXT
5
C7D
330
1C
100
AcDbEntity
67
0
8
0
62
7
6
ByLayer
370
-1
48
1.0
60
0
100
AcDbText
1
1582
10
1394273.00090424
20
359328.255139026
30
0.0
40
0.31111111111
41
1.0
50
0.0
51
0.0
7
Standard
11
1394273.00090424
21
359328.255139026
31
0.0
210
0.0
220
0.0
230
1.0
71
0
72
0
100
AcDbText
73
0
0
POINT
5
C7E
330
1C
100
AcDbEntity
67
0
8
0
62
256
6
ByLayer
370
-1
48
1.0
60
0
100
AcDbPoint
10
1394271.41268237
20
359328.347819393
30
0.0
39
0.0
210
0.0
220
0.0
230
1.0
50
360.0
0
TEXT
5
C7F
330
1C
100
AcDbEntity
67
0
8
0
62
7
6
ByLayer
370
-1
48
1.0
60
0
100
AcDbText
1
1583
10
1394271.54181257
20
359328.622257182
30
0.0
40
0.31111111111
41
1.0
50
0.0
51
0.0
7
Standard
11
1394271.54181257
21
359328.622257182
31
0.0
210
0.0
220
0.0
230
1.0
71
0
72
0
100
AcDbText
73
0
0
POINT
5
C80
330
1C
100
AcDbEntity
67
0
8
0
62
256
6
ByLayer
370
-1
48
1.0
60
0
100
AcDbPoint
10
1394270.332631
20
359329.395298875
30
0.0
39
0.0
210
0.0
220
0.0
230
1.0
50
360.0
0
TEXT
5
C81
330
1C
100
AcDbEntity
67
0
8
0
62
7
6
ByLayer
370
-1
48
1.0
60
0
100
AcDbText
1
1584
10
1394270.4617612
20
359329.669736659
30
0.0
40
0.31111111111
41
1.0
50
0.0
51
0.0
7
Standard
11
1394270.4617612
21
359329.669736659
31
0.0
210
0.0
220
0.0
230
1.0
71
0
72
0
100
AcDbText
73
0
0
POINT
5
C82
330
1C
100
AcDbEntity
67
0
8
0
62
256
6
ByLayer
370
-1
48
1.0
60
0
100
AcDbPoint
10
1394301.60648134
20
359315.42773009
30
0.0
39
0.0
210
0.0
220
0.0
230
1.0
50
360.0
0
TEXT
5
C83
330
1C
100
AcDbEntity
67
0
8
0
62
7
6
ByLayer
370
-1
48
1.0
60
0
100
AcDbText
1
1585
10
1394301.73561157
20
359315.702167932
30
0.0
40
0.31111111111
41
1.0
50
0.0
51
0.0
7
Standard
11
1394301.73561157
21
359315.702167932
31
0.0
210
0.0
220
0.0
230
1.0
71
0
72
0
100
AcDbText
73
0
0
POINT
5
C84
330
1C
100
AcDbEntity
67
0
8
0
62
256
6
ByLayer
370
-1
48
1.0
60
0
100
AcDbPoint
10
1394301.97359957
20
359316.886821859
30
0.0
39
0.0
210
0.0
220
0.0
230
1.0
50
360.0
0
TEXT
5
C85
330
1C
100
AcDbEntity
67
0
8
0
62
7
6
ByLayer
370
-1
48
1.0
60
0
100
AcDbText
1
1586
10
1394302.10272979
20
359317.161259702
30
0.0
40
0.31111111111
41
1.0
50
0.0
51
0.0
7
Standard
11
1394302.10272979
21
359317.161259702
31
0.0
210
0.0
220
0.0
230
1.0
71
0
72
0
100
AcDbText
73
0
0
POINT
5
C86
330
1C
100
AcDbEntity
67
0
8
0
62
256
6
ByLayer
370
-1
48
1.0
60
0
100
AcDbPoint
10
1394303.02107916
20
359317.966873284
30
0.0
39
0.0
210
0.0
220
0.0
230
1.0
50
360.0
0
TEXT
5
C87
330
1C
100
AcDbEntity
67
0
8
0
62
7
6
ByLayer
370
-1
48
1.0
60
0
100
AcDbText
1
1587
10
1394303.15020939
20
359318.241311133
30
0.0
40
0.31111111111
41
1.0
50
0.0
51
0.0
7
Standard
11
1394303.15020939
21
359318.241311133
31
0.0
210
0.0
220
0.0
230
1.0
71
0
72
0
100
AcDbText
73
0
0
POINT
5
C88
330
1C
100
AcDbEntity
67
0
8
0
62
256
6
ByLayer
370
-1
48
1.0
60
0
100
AcDbPoint
10
1394304.46824883
20
359318.378485468
30
0.0
39
0.0
210
0.0
220
0.0
230
1.0
50
360.0
0
TEXT
5
C89
330
1C
100
AcDbEntity
67
0
8
0
62
7
6
ByLayer
370
-1
48
1.0
60
0
100
AcDbText
1
1588
10
1394304.59737905
20
359318.652923314
30
0.0
40
0.31111111111
41
1.0
50
0.0
51
0.0
7
Standard
11
1394304.59737905
21
359318.652923314
31
0.0
210
0.0
220
0.0
230
1.0
71
0
72
0
100
AcDbText
73
0
0
POINT
5
C8A
330
1C
100
AcDbEntity
67
0
8
0
62
256
6
ByLayer
370
-1
48
1.0
60
0
100
AcDbPoint
10
1394305.92734061
20
359318.011367244
30
0.0
39
0.0
210
0.0
220
0.0
230
1.0
50
360.0
0
TEXT
5
C8B
330
1C
100
AcDbEntity
67
0
8
0
62
7
6
ByLayer
370
-1
48
1.0
60
0
100
AcDbText
1
1589
10
1394306.05647083
20
359318.285805092
30
0.0
40
0.31111111111
41
1.0
50
0.0
51
0.0
7
Standard
11
1394306.05647083
21
359318.285805092
31
0.0
210
0.0
220
0.0
230
1.0
71
0
72
0
100
AcDbText
73
0
0
POINT
5
C8C
330
1C
100
AcDbEntity
67
0
8
0
62
256
6
ByLayer
370
-1
48
1.0
60
0
100
AcDbPoint
10
1394307.00739205
20
359316.963887638
30
0.0
39
0.0
210
0.0
220
0.0
230
1.0
50
360.0
0
TEXT
5
C8D
330
1C
100
AcDbEntity
67
0
8
0
62
7
6
ByLayer
370
-1
48
1.0
60
0
100
AcDbText
1
1590
10
1394307.13652227
20
359317.238325489
30
0.0
40
0.31111111111
41
1.0
50
0.0
51
0.0
7
Standard
11
1394307.13652227
21
359317.238325489
31
0.0
210
0.0
220
0.0
230
1.0
71
0
72
0
100
AcDbText
73
0
0
POINT
5
C8E
330
1C
100
AcDbEntity
67
0
8
0
62
256
6
ByLayer
370
-1
48
1.0
60
0
100
AcDbPoint
10
1394307.41900422
20
359315.516717962
30
0.0
39
0.0
210
0.0
220
0.0
230
1.0
50
360.0
0
TEXT
5
C8F
330
1C
100
AcDbEntity
67
0
8
0
62
7
6
ByLayer
370
-1
48
1.0
60
0
100
AcDbText
1
1591
10
1394307.54813445
20
359315.791155815
30
0.0
40
0.31111111111
41
1.0
50
0.0
51
0.0
7
Standard
11
1394307.54813445
21
359315.791155815
31
0.0
210
0.0
220
0.0
230
1.0
71
0
72
0
100
AcDbText
73
0
0
POINT
5
C90
330
1C
100
AcDbEntity
67
0
8
0
62
256
6
ByLayer
370
-1
48
1.0
60
0
100
AcDbPoint
10
1394307.05188598
20
359314.057626173
30
0.0
39
0.0
210
0.0
220
0.0
230
1.0
50
360.0
0
TEXT
5
C91
330
1C
100
AcDbEntity
67
0
8
0
62
7
6
ByLayer
370
-1
48
1.0
60
0
100
AcDbText
1
1592
10
1394307.18101621
20
359314.332064028
30
0.0
40
0.31111111111
41
1.0
50
0.0
51
0.0
7
Standard
11
1394307.18101621
21
359314.332064028
31
0.0
210
0.0
220
0.0
230
1.0
71
0
72
0
100
AcDbText
73
0
0
POINT
5
C92
330
1C
100
AcDbEntity
67
0
8
0
62
256
6
ByLayer
370
-1
48
1.0
60
0
100
AcDbPoint
10
1394306.00440637
20
359312.977574745
30
0.0
39
0.0
210
0.0
220
0.0
230
1.0
50
360.0
0
TEXT
5
C93
330
1C
100
AcDbEntity
67
0
8
0
62
7
6
ByLayer
370
-1
48
1.0
60
0
100
AcDbText
1
1593
10
1394306.1335366
20
359313.252012597
30
0.0
40
0.31111111111
41
1.0
50
0.0
51
0.0
7
Standard
11
1394306.1335366
21
359313.252012597
31
0.0
210
0.0
220
0.0
230
1.0
71
0
72
0
100
AcDbText
73
0
0
POINT
5
C94
330
1C
100
AcDbEntity
67
0
8
0
62
256
6
ByLayer
370
-1
48
1.0
60
0
100
AcDbPoint
10
1394304.5572367
20
359312.565962584
30
0.0
39
0.0
210
0.0
220
0.0
230
1.0
50
360.0
0
TEXT
5
C95
330
1C
100
AcDbEntity
67
0
8
0
62
7
6
ByLayer
370
-1
48
1.0
60
0
100
AcDbText
1
1594
10
1394304.68636693
20
359312.84040043
30
0.0
40
0.31111111111
41
1.0
50
0.0
51
0.0
7
Standard
11
1394304.68636693
21
359312.84040043
31
0.0
210
0.0
220
0.0
230
1.0
71
0
72
0
100
AcDbText
73
0
0
POINT
5
C96
330
1C
100
AcDbEntity
67
0
8
0
62
256
6
ByLayer
370
-1
48
1.0
60
0
100
AcDbPoint
10
1394303.09814492
20
359312.933080824
30
0.0
39
0.0
210
0.0
220
0.0
230
1.0
50
360.0
0
TEXT
5
C97
330
1C
100
AcDbEntity
67
0
8
0
62
7
6
ByLayer
370
-1
48
1.0
60
0
100
AcDbText
1
1595
10
1394303.22727515
20
359313.207518673
30
0.0
40
0.31111111111
41
1.0
50
0.0
51
0.0
7
Standard
11
1394303.22727515
21
359313.207518673
31
0.0
210
0.0
220
0.0
230
1.0
71
0
72
0
100
AcDbText
73
0
0
POINT
5
C98
330
1C
100
AcDbEntity
67
0
8
0
62
256
6
ByLayer
370
-1
48
1.0
60
0
100
AcDbPoint
10
1394302.01809351
20
359313.980560436
30
0.0
39
0.0
210
0.0
220
0.0
230
1.0
50
360.0
0
TEXT
5
C99
330
1C
100
AcDbEntity
67
0
8
0
62
7
6
ByLayer
370
-1
48
1.0
60
0
100
AcDbText
1
1596
10
1394302.14722373
20
359314.254998278
30
0.0
40
0.31111111111
41
1.0
50
0.0
51
0.0
7
Standard
11
1394302.14722373
21
359314.254998278
31
0.0
210
0.0
220
0.0
230
1.0
71
0
72
0
100
AcDbText
73
0
0
POINT
5
C9A
330
1C
100
AcDbEntity
67
0
8
0
62
256
6
ByLayer
370
-1
48
1.0
60
0
100
AcDbPoint
10
1394321.94072581
20
359235.759012573
30
0.0
39
0.0
210
0.0
220
0.0
230
1.0
50
360.0
0
TEXT
5
C9B
330
1C
100
AcDbEntity
67
0
8
0
62
7
6
ByLayer
370
-1
48
1.0
60
0
100
AcDbText
1
1597
10
1394322.06985619
20
359236.033450457
30
0.0
40
0.31111111111
41
1.0
50
0.0
51
0.0
7
Standard
11
1394322.06985619
21
359236.033450457
31
0.0
210
0.0
220
0.0
230
1.0
71
0
72
0
100
AcDbText
73
0
0
POINT
5
C9C
330
1C
100
AcDbEntity
67
0
8
0
62
256
6
ByLayer
370
-1
48
1.0
60
0
100
AcDbPoint
10
1394322.30784436
20
359237.218104344
30
0.0
39
0.0
210
0.0
220
0.0
230
1.0
50
360.0
0
TEXT
5
C9D
330
1C
100
AcDbEntity
67
0
8
0
62
7
6
ByLayer
370
-1
48
1.0
60
0
100
AcDbText
1
1598
10
1394322.43697473
20
359237.492542228
30
0.0
40
0.31111111111
41
1.0
50
0.0
51
0.0
7
Standard
11
1394322.43697473
21
359237.492542228
31
0.0
210
0.0
220
0.0
230
1.0
71
0
72
0
100
AcDbText
73
0
0
POINT
5
C9E
330
1C
100
AcDbEntity
67
0
8
0
62
256
6
ByLayer
370
-1
48
1.0
60
0
100
AcDbPoint
10
1394323.35532423
20
359238.298155615
30
0.0
39
0.0
210
0.0
220
0.0
230
1.0
50
360.0
0
TEXT
5
C9F
330
1C
100
AcDbEntity
67
0
8
0
62
7
6
ByLayer
370
-1
48
1.0
60
0
100
AcDbText
1
1599
10
1394323.4844546
20
359238.572593497
30
0.0
40
0.31111111111
41
1.0
50
0.0
51
0.0
7
Standard
11
1394323.4844546
21
359238.572593497
31
0.0
210
0.0
220
0.0
230
1.0
71
0
72
0
100
AcDbText
73
0
0
POINT
5
CA0
330
1C
100
AcDbEntity
67
0
8
0
62
256
6
ByLayer
370
-1
48
1.0
60
0
100
AcDbPoint
10
1394324.80249405
20
359238.709767521
30
0.0
39
0.0
210
0.0
220
0.0
230
1.0
50
360.0
0
TEXT
5
CA1
330
1C
100
AcDbEntity
67
0
8
0
62
7
6
ByLayer
370
-1
48
1.0
60
0
100
AcDbText
1
1600
10
1394324.93162442
20
359238.984205408
30
0.0
40
0.31111111111
41
1.0
50
0.0
51
0.0
7
Standard
11
1394324.93162442
21
359238.984205408
31
0.0
210
0.0
220
0.0
230
1.0
71
0
72
0
100
AcDbText
73
0
0
POINT
5
CA2
330
1C
100
AcDbEntity
67
0
8
0
62
256
6
ByLayer
370
-1
48
1.0
60
0
100
AcDbPoint
10
1394326.26158584
20
359238.342648978
30
0.0
39
0.0
210
0.0
220
0.0
230
1.0
50
360.0
0
TEXT
5
CA3
330
1C
100
AcDbEntity
67
0
8
0
62
7
6
ByLayer
370
-1
48
1.0
60
0
100
AcDbText
1
1601
10
1394326.39071621
20
359238.617086867
30
0.0
40
0.31111111111
41
1.0
50
0.0
51
0.0
7
Standard
11
1394326.39071621
21
359238.617086867
31
0.0
210
0.0
220
0.0
230
1.0
71
0
72
0
100
AcDbText
73
0
0
POINT
5
CA4
330
1C
100
AcDbEntity
67
0
8
0
62
256
6
ByLayer
370
-1
48
1.0
60
0
100
AcDbPoint
10
1394327.34163712
20
359237.295169095
30
0.0
39
0.0
210
0.0
220
0.0
230
1.0
50
360.0
0
TEXT
5
CA5
330
1C
100
AcDbEntity
67
0
8
0
62
7
6
ByLayer
370
-1
48
1.0
60
0
100
AcDbText
1
1602
10
1394327.47076748
20
359237.569606987
30
0.0
40
0.31111111111
41
1.0
50
0.0
51
0.0
7
Standard
11
1394327.47076748
21
359237.569606987
31
0.0
210
0.0
220
0.0
230
1.0
71
0
72
0
100
AcDbText
73
0
0
POINT
5
CA6
330
1C
100
AcDbEntity
67
0
8
0
62
256
6
ByLayer
370
-1
48
1.0
60
0
100
AcDbPoint
10
1394327.75324902
20
359235.847999262
30
0.0
39
0.0
210
0.0
220
0.0
230
1.0
50
360.0
0
TEXT
5
CA7
330
1C
100
AcDbEntity
67
0
8
0
62
7
6
ByLayer
370
-1
48
1.0
60
0
100
AcDbText
1
1603
10
1394327.88237939
20
359236.122437156
30
0.0
40
0.31111111111
41
1.0
50
0.0
51
0.0
7
Standard
11
1394327.88237939
21
359236.122437156
31
0.0
210
0.0
220
0.0
230
1.0
71
0
72
0
100
AcDbText
73
0
0
POINT
5
CA8
330
1C
100
AcDbEntity
67
0
8
0
62
256
6
ByLayer
370
-1
48
1.0
60
0
100
AcDbPoint
10
1394327.38613046
20
359234.388907473
30
0.0
39
0.0
210
0.0
220
0.0
230
1.0
50
360.0
0
TEXT
5
CA9
330
1C
100
AcDbEntity
67
0
8
0
62
7
6
ByLayer
370
-1
48
1.0
60
0
100
AcDbText
1
1604
10
1394327.51526083
20
359234.663345367
30
0.0
40
0.31111111111
41
1.0
50
0.0
51
0.0
7
Standard
11
1394327.51526083
21
359234.663345367
31
0.0
210
0.0
220
0.0
230
1.0
71
0
72
0
100
AcDbText
73
0
0
POINT
5
CAA
330
1C
100
AcDbEntity
67
0
8
0
62
256
6
ByLayer
370
-1
48
1.0
60
0
100
AcDbPoint
10
1394326.33865057
20
359233.308856203
30
0.0
39
0.0
210
0.0
220
0.0
230
1.0
50
360.0
0
TEXT
5
CAB
330
1C
100
AcDbEntity
67
0
8
0
62
7
6
ByLayer
370
-1
48
1.0
60
0
100
AcDbText
1
1605
10
1394326.46778095
20
359233.583294093
30
0.0
40
0.31111111111
41
1.0
50
0.0
51
0.0
7
Standard
11
1394326.46778095
21
359233.583294093
31
0.0
210
0.0
220
0.0
230
1.0
71
0
72
0
100
AcDbText
73
0
0
POINT
5
CAC
330
1C
100
AcDbEntity
67
0
8
0
62
256
6
ByLayer
370
-1
48
1.0
60
0
100
AcDbPoint
10
1394324.89148074
20
359232.897244318
30
0.0
39
0.0
210
0.0
220
0.0
230
1.0
50
360.0
0
TEXT
5
CAD
330
1C
100
AcDbEntity
67
0
8
0
62
7
6
ByLayer
370
-1
48
1.0
60
0
100
AcDbText
1
1606
10
1394325.02061112
20
359233.171682203
30
0.0
40
0.31111111111
41
1.0
50
0.0
51
0.0
7
Standard
11
1394325.02061112
21
359233.171682203
31
0.0
210
0.0
220
0.0
230
1.0
71
0
72
0
100
AcDbText
73
0
0
POINT
5
CAE
330
1C
100
AcDbEntity
67
0
8
0
62
256
6
ByLayer
370
-1
48
1.0
60
0
100
AcDbPoint
10
1394323.43238897
20
359233.264362878
30
0.0
39
0.0
210
0.0
220
0.0
230
1.0
50
360.0
0
TEXT
5
CAF
330
1C
100
AcDbEntity
67
0
8
0
62
7
6
ByLayer
370
-1
48
1.0
60
0
100
AcDbText
1
1607
10
1394323.56151935
20
359233.538800762
30
0.0
40
0.31111111111
41
1.0
50
0.0
51
0.0
7
Standard
11
1394323.56151935
21
359233.538800762
31
0.0
210
0.0
220
0.0
230
1.0
71
0
72
0
100
AcDbText
73
0
0
POINT
5
CB0
330
1C
100
AcDbEntity
67
0
8
0
62
256
6
ByLayer
370
-1
48
1.0
60
0
100
AcDbPoint
10
1394322.35233771
20
359234.311842761
30
0.0
39
0.0
210
0.0
220
0.0
230
1.0
50
360.0
0
TEXT
5
CB1
330
1C
100
AcDbEntity
67
0
8
0
62
7
6
ByLayer
370
-1
48
1.0
60
0
100
AcDbText
1
1608
10
1394322.48146808
20
359234.586280645
30
0.0
40
0.31111111111
41
1.0
50
0.0
51
0.0
7
Standard
11
1394322.48146808
21
359234.586280645
31
0.0
210
0.0
220
0.0
230
1.0
71
0
72
0
100
AcDbText
73
0
0
POINT
5
CB2
330
1C
100
AcDbEntity
67
0
8
0
62
256
6
ByLayer
370
-1
48
1.0
60
0
100
AcDbPoint
10
1394248.70202111
20
359223.182687989
30
0.0
39
0.0
210
0.0
220
0.0
230
1.0
50
360.0
0
TEXT
5
CB3
330
1C
100
AcDbEntity
67
0
8
0
62
7
6
ByLayer
370
-1
48
1.0
60
0
100
AcDbText
1
1609
10
1394248.83115151
20
359223.457125739
30
0.0
40
0.31111111111
41
1.0
50
0.0
51
0.0
7
Standard
11
1394248.83115151
21
359223.457125739
31
0.0
210
0.0
220
0.0
230
1.0
71
0
72
0
100
AcDbText
73
0
0
POINT
5
CB4
330
1C
100
AcDbEntity
67
0
8
0
62
256
6
ByLayer
370
-1
48
1.0
60
0
100
AcDbPoint
10
1394249.06913964
20
359224.64177947
30
0.0
39
0.0
210
0.0
220
0.0
230
1.0
50
360.0
0
TEXT
5
CB5
330
1C
100
AcDbEntity
67
0
8
0
62
7
6
ByLayer
370
-1
48
1.0
60
0
100
AcDbText
1
1610
10
1394249.19827004
20
359224.916217223
30
0.0
40
0.31111111111
41
1.0
50
0.0
51
0.0
7
Standard
11
1394249.19827004
21
359224.916217223
31
0.0
210
0.0
220
0.0
230
1.0
71
0
72
0
100
AcDbText
73
0
0
POINT
5
CB6
330
1C
100
AcDbEntity
67
0
8
0
62
256
6
ByLayer
370
-1
48
1.0
60
0
100
AcDbPoint
10
1394250.11661935
20
359225.721830506
30
0.0
39
0.0
210
0.0
220
0.0
230
1.0
50
360.0
0
TEXT
5
CB7
330
1C
100
AcDbEntity
67
0
8
0
62
7
6
ByLayer
370
-1
48
1.0
60
0
100
AcDbText
1
1611
10
1394250.24574974
20
359225.996268254
30
0.0
40
0.31111111111
41
1.0
50
0.0
51
0.0
7
Standard
11
1394250.24574974
21
359225.996268254
31
0.0
210
0.0
220
0.0
230
1.0
71
0
72
0
100
AcDbText
73
0
0
POINT
5
CB8
330
1C
100
AcDbEntity
67
0
8
0
62
256
6
ByLayer
370
-1
48
1.0
60
0
100
AcDbPoint
10
1394251.56378891
20
359226.133442287
30
0.0
39
0.0
210
0.0
220
0.0
230
1.0
50
360.0
0
TEXT
5
CB9
330
1C
100
AcDbEntity
67
0
8
0
62
7
6
ByLayer
370
-1
48
1.0
60
0
100
AcDbText
1
1612
10
1394251.6929193
20
359226.407880041
30
0.0
40
0.31111111111
41
1.0
50
0.0
51
0.0
7
Standard
11
1394251.6929193
21
359226.407880041
31
0.0
210
0.0
220
0.0
230
1.0
71
0
72
0
100
AcDbText
73
0
0
POINT
5
CBA
330
1C
100
AcDbEntity
67
0
8
0
62
256
6
ByLayer
370
-1
48
1.0
60
0
100
AcDbPoint
10
1394253.02288041
20
359225.766323767
30
0.0
39
0.0
210
0.0
220
0.0
230
1.0
50
360.0
0
TEXT
5
CBB
330
1C
100
AcDbEntity
67
0
8
0
62
7
6
ByLayer
370
-1
48
1.0
60
0
100
AcDbText
1
1613
10
1394253.1520108
20
359226.040761523
30
0.0
40
0.31111111111
41
1.0
50
0.0
51
0.0
7
Standard
11
1394253.1520108
21
359226.040761523
31
0.0
210
0.0
220
0.0
230
1.0
71
0
72
0
100
AcDbText
73
0
0
POINT
5
CBC
330
1C
100
AcDbEntity
67
0
8
0
62
256
6
ByLayer
370
-1
48
1.0
60
0
100
AcDbPoint
10
1394254.10293145
20
359224.718844047
30
0.0
39
0.0
210
0.0
220
0.0
230
1.0
50
360.0
0
TEXT
5
CBD
330
1C
100
AcDbEntity
67
0
8
0
62
7
6
ByLayer
370
-1
48
1.0
60
0
100
AcDbText
1
1614
10
1394254.23206184
20
359224.993281807
30
0.0
40
0.31111111111
41
1.0
50
0.0
51
0.0
7
Standard
11
1394254.23206184
21
359224.993281807
31
0.0
210
0.0
220
0.0
230
1.0
71
0
72
0
100
AcDbText
73
0
0
POINT
5
CBE
330
1C
100
AcDbEntity
67
0
8
0
62
256
6
ByLayer
370
-1
48
1.0
60
0
100
AcDbPoint
10
1394254.51454323
20
359223.271674475
30
0.0
39
0.0
210
0.0
220
0.0
230
1.0
50
360.0
0
TEXT
5
CBF
330
1C
100
AcDbEntity
67
0
8
0
62
7
6
ByLayer
370
-1
48
1.0
60
0
100
AcDbText
1
1615
10
1394254.64367363
20
359223.546112233
30
0.0
40
0.31111111111
41
1.0
50
0.0
51
0.0
7
Standard
11
1394254.64367363
21
359223.546112233
31
0.0
210
0.0
220
0.0
230
1.0
71
0
72
0
100
AcDbText
73
0
0
POINT
5
CC0
330
1C
100
AcDbEntity
67
0
8
0
62
256
6
ByLayer
370
-1
48
1.0
60
0
100
AcDbPoint
10
1394254.1474247
20
359221.812582972
30
0.0
39
0.0
210
0.0
220
0.0
230
1.0
50
360.0
0
TEXT
5
CC1
330
1C
100
AcDbEntity
67
0
8
0
62
7
6
ByLayer
370
-1
48
1.0
60
0
100
AcDbText
1
1616
10
1394254.27655509
20
359222.087020732
30
0.0
40
0.31111111111
41
1.0
50
0.0
51
0.0
7
Standard
11
1394254.27655509
21
359222.087020732
31
0.0
210
0.0
220
0.0
230
1.0
71
0
72
0
100
AcDbText
73
0
0
POINT
5
CC2
330
1C
100
AcDbEntity
67
0
8
0
62
256
6
ByLayer
370
-1
48
1.0
60
0
100
AcDbPoint
10
1394253.09994496
20
359220.732531937
30
0.0
39
0.0
210
0.0
220
0.0
230
1.0
50
360.0
0
TEXT
5
CC3
330
1C
100
AcDbEntity
67
0
8
0
62
7
6
ByLayer
370
-1
48
1.0
60
0
100
AcDbText
1
1617
10
1394253.22907536
20
359221.006969694
30
0.0
40
0.31111111111
41
1.0
50
0.0
51
0.0
7
Standard
11
1394253.22907536
21
359221.006969694
31
0.0
210
0.0
220
0.0
230
1.0
71
0
72
0
100
AcDbText
73
0
0
POINT
5
CC4
330
1C
100
AcDbEntity
67
0
8
0
62
256
6
ByLayer
370
-1
48
1.0
60
0
100
AcDbPoint
10
1394251.65277539
20
359220.320920173
30
0.0
39
0.0
210
0.0
220
0.0
230
1.0
50
360.0
0
TEXT
5
CC5
330
1C
100
AcDbEntity
67
0
8
0
62
7
6
ByLayer
370
-1
48
1.0
60
0
100
AcDbText
1
1618
10
1394251.7819058
20
359220.595357927
30
0.0
40
0.31111111111
41
1.0
50
0.0
51
0.0
7
Standard
11
1394251.7819058
21
359220.595357927
31
0.0
210
0.0
220
0.0
230
1.0
71
0
72
0
100
AcDbText
73
0
0
POINT
5
CC6
330
1C
100
AcDbEntity
67
0
8
0
62
256
6
ByLayer
370
-1
48
1.0
60
0
100
AcDbPoint
10
1394250.1936839
20
359220.688038712
30
0.0
39
0.0
210
0.0
220
0.0
230
1.0
50
360.0
0
TEXT
5
CC7
330
1C
100
AcDbEntity
67
0
8
0
62
7
6
ByLayer
370
-1
48
1.0
60
0
100
AcDbText
1
1619
10
1394250.3228143
20
359220.962476465
30
0.0
40
0.31111111111
41
1.0
50
0.0
51
0.0
7
Standard
11
1394250.3228143
21
359220.962476465
31
0.0
210
0.0
220
0.0
230
1.0
71
0
72
0
100
AcDbText
73
0
0
POINT
5
CC8
330
1C
100
AcDbEntity
67
0
8
0
62
256
6
ByLayer
370
-1
48
1.0
60
0
100
AcDbPoint
10
1394249.11363288
20
359221.735518435
30
0.0
39
0.0
210
0.0
220
0.0
230
1.0
50
360.0
0
TEXT
5
CC9
330
1C
100
AcDbEntity
67
0
8
0
62
7
6
ByLayer
370
-1
48
1.0
60
0
100
AcDbText
1
1620
10
1394249.24276328
20
359222.009956183
30
0.0
40
0.31111111111
41
1.0
50
0.0
51
0.0
7
Standard
11
1394249.24276328
21
359222.009956183
31
0.0
210
0.0
220
0.0
230
1.0
71
0
72
0
100
AcDbText
73
0
0
POINT
5
CCA
330
1C
100
AcDbEntity
67
0
8
0
62
256
6
ByLayer
370
-1
48
1.0
60
0
100
AcDbPoint
10
1394268.56114526
20
359194.891455702
30
0.0
39
0.0
210
0.0
220
0.0
230
1.0
50
360.0
0
TEXT
5
CCB
330
1C
100
AcDbEntity
67
0
8
0
62
7
6
ByLayer
370
-1
48
1.0
60
0
100
AcDbText
1
1621
10
1394268.69027571
20
359195.165893488
30
0.0
40
0.31111111111
41
1.0
50
0.0
51
0.0
7
Standard
11
1394268.69027571
21
359195.165893488
31
0.0
210
0.0
220
0.0
230
1.0
71
0
72
0
100
AcDbText
73
0
0
POINT
5
CCC
330
1C
100
AcDbEntity
67
0
8
0
62
256
6
ByLayer
370
-1
48
1.0
60
0
100
AcDbPoint
10
1394268.92826391
20
359196.350547232
30
0.0
39
0.0
210
0.0
220
0.0
230
1.0
50
360.0
0
TEXT
5
CCD
330
1C
100
AcDbEntity
67
0
8
0
62
7
6
ByLayer
370
-1
48
1.0
60
0
100
AcDbText
1
1622
10
1394269.05739435
20
359196.624985018
30
0.0
40
0.31111111111
41
1.0
50
0.0
51
0.0
7
Standard
11
1394269.05739435
21
359196.624985018
31
0.0
210
0.0
220
0.0
230
1.0
71
0
72
0
100
AcDbText
73
0
0
POINT
5
CCE
330
1C
100
AcDbEntity
67
0
8
0
62
256
6
ByLayer
370
-1
48
1.0
60
0
100
AcDbPoint
10
1394269.97574375
20
359197.430598246
30
0.0
39
0.0
210
0.0
220
0.0
230
1.0
50
360.0
0
TEXT
5
CCF
330
1C
100
AcDbEntity
67
0
8
0
62
7
6
ByLayer
370
-1
48
1.0
60
0
100
AcDbText
1
1623
10
1394270.10487419
20
359197.705036032
30
0.0
40
0.31111111111
41
1.0
50
0.0
51
0.0
7
Standard
11
1394270.10487419
21
359197.705036032
31
0.0
210
0.0
220
0.0
230
1.0
71
0
72
0
100
AcDbText
73
0
0
POINT
5
CD0
330
1C
100
AcDbEntity
67
0
8
0
62
256
6
ByLayer
370
-1
48
1.0
60
0
100
AcDbPoint
10
1394271.42291341
20
359197.842209944
30
0.0
39
0.0
210
0.0
220
0.0
230
1.0
50
360.0
0
TEXT
5
CD1
330
1C
100
AcDbEntity
67
0
8
0
62
7
6
ByLayer
370
-1
48
1.0
60
0
100
AcDbText
1
1624
10
1394271.55204385
20
359198.116647733
30
0.0
40
0.31111111111
41
1.0
50
0.0
51
0.0
7
Standard
11
1394271.55204385
21
359198.116647733
31
0.0
210
0.0
220
0.0
230
1.0
71
0
72
0
100
AcDbText
73
0
0
POINT
5
CD2
330
1C
100
AcDbEntity
67
0
8
0
62
256
6
ByLayer
370
-1
48
1.0
60
0
100
AcDbPoint
10
1394272.88200496
20
359197.475091298
30
0.0
39
0.0
210
0.0
220
0.0
230
1.0
50
360.0
0
TEXT
5
CD3
330
1C
100
AcDbEntity
67
0
8
0
62
7
6
ByLayer
370
-1
48
1.0
60
0
100
AcDbText
1
1625
10
1394273.0111354
20
359197.749529089
30
0.0
40
0.31111111111
41
1.0
50
0.0
51
0.0
7
Standard
11
1394273.0111354
21
359197.749529089
31
0.0
210
0.0
220
0.0
230
1.0
71
0
72
0
100
AcDbText
73
0
0
POINT
5
CD4
330
1C
100
AcDbEntity
67
0
8
0
62
256
6
ByLayer
370
-1
48
1.0
60
0
100
AcDbPoint
10
1394273.96205598
20
359196.427611447
30
0.0
39
0.0
210
0.0
220
0.0
230
1.0
50
360.0
0
TEXT
5
CD5
330
1C
100
AcDbEntity
67
0
8
0
62
7
6
ByLayer
370
-1
48
1.0
60
0
100
AcDbText
1
1626
10
1394274.09118642
20
359196.70204924
30
0.0
40
0.31111111111
41
1.0
50
0.0
51
0.0
7
Standard
11
1394274.09118642
21
359196.70204924
31
0.0
210
0.0
220
0.0
230
1.0
71
0
72
0
100
AcDbText
73
0
0
POINT
5
CD6
330
1C
100
AcDbEntity
67
0
8
0
62
256
6
ByLayer
370
-1
48
1.0
60
0
100
AcDbPoint
10
1394274.37366767
20
359194.980441768
30
0.0
39
0.0
210
0.0
220
0.0
230
1.0
50
360.0
0
TEXT
5
CD7
330
1C
100
AcDbEntity
67
0
8
0
62
7
6
ByLayer
370
-1
48
1.0
60
0
100
AcDbText
1
1627
10
1394274.50279812
20
359195.254879562
30
0.0
40
0.31111111111
41
1.0
50
0.0
51
0.0
7
Standard
11
1394274.50279812
21
359195.254879562
31
0.0
210
0.0
220
0.0
230
1.0
71
0
72
0
100
AcDbText
73
0
0
POINT
5
CD8
330
1C
100
AcDbEntity
67
0
8
0
62
256
6
ByLayer
370
-1
48
1.0
60
0
100
AcDbPoint
10
1394274.00654901
20
359193.52135022
30
0.0
39
0.0
210
0.0
220
0.0
230
1.0
50
360.0
0
TEXT
5
CD9
330
1C
100
AcDbEntity
67
0
8
0
62
7
6
ByLayer
370
-1
48
1.0
60
0
100
AcDbText
1
1628
10
1394274.13567946
20
359193.795788013
30
0.0
40
0.31111111111
41
1.0
50
0.0
51
0.0
7
Standard
11
1394274.13567946
21
359193.795788013
31
0.0
210
0.0
220
0.0
230
1.0
71
0
72
0
100
AcDbText
73
0
0
POINT
5
CDA
330
1C
100
AcDbEntity
67
0
8
0
62
256
6
ByLayer
370
-1
48
1.0
60
0
100
AcDbPoint
10
1394272.95906915
20
359192.441299204
30
0.0
39
0.0
210
0.0
220
0.0
230
1.0
50
360.0
0
TEXT
5
CDB
330
1C
100
AcDbEntity
67
0
8
0
62
7
6
ByLayer
370
-1
48
1.0
60
0
100
AcDbText
1
1629
10
1394273.0881996
20
359192.715736998
30
0.0
40
0.31111111111
41
1.0
50
0.0
51
0.0
7
Standard
11
1394273.0881996
21
359192.715736998
31
0.0
210
0.0
220
0.0
230
1.0
71
0
72
0
100
AcDbText
73
0
0
POINT
5
CDC
330
1C
100
AcDbEntity
67
0
8
0
62
256
6
ByLayer
370
-1
48
1.0
60
0
100
AcDbPoint
10
1394271.51189948
20
359192.029687527
30
0.0
39
0.0
210
0.0
220
0.0
230
1.0
50
360.0
0
TEXT
5
CDD
330
1C
100
AcDbEntity
67
0
8
0
62
7
6
ByLayer
370
-1
48
1.0
60
0
100
AcDbText
1
1630
10
1394271.64102993
20
359192.304125317
30
0.0
40
0.31111111111
41
1.0
50
0.0
51
0.0
7
Standard
11
1394271.64102993
21
359192.304125317
31
0.0
210
0.0
220
0.0
230
1.0
71
0
72
0
100
AcDbText
73
0
0
POINT
5
CDE
330
1C
100
AcDbEntity
67
0
8
0
62
256
6
ByLayer
370
-1
48
1.0
60
0
100
AcDbPoint
10
1394270.05280794
20
359192.396806191
30
0.0
39
0.0
210
0.0
220
0.0
230
1.0
50
360.0
0
TEXT
5
CDF
330
1C
100
AcDbEntity
67
0
8
0
62
7
6
ByLayer
370
-1
48
1.0
60
0
100
AcDbText
1
1631
10
1394270.18193839
20
359192.671243976
30
0.0
40
0.31111111111
41
1.0
50
0.0
51
0.0
7
Standard
11
1394270.18193839
21
359192.671243976
31
0.0
210
0.0
220
0.0
230
1.0
71
0
72
0
100
AcDbText
73
0
0
POINT
5
CE0
330
1C
100
AcDbEntity
67
0
8
0
62
256
6
ByLayer
370
-1
48
1.0
60
0
100
AcDbPoint
10
1394268.97275694
20
359193.444286043
30
0.0
39
0.0
210
0.0
220
0.0
230
1.0
50
360.0
0
TEXT
5
CE1
330
1C
100
AcDbEntity
67
0
8
0
62
7
6
ByLayer
370
-1
48
1.0
60
0
100
AcDbText
1
1632
10
1394269.10188739
20
359193.71872383
30
0.0
40
0.31111111111
41
1.0
50
0.0
51
0.0
7
Standard
11
1394269.10188739
21
359193.71872383
31
0.0
210
0.0
220
0.0
230
1.0
71
0
72
0
100
AcDbText
73
0
0
POINT
5
CE2
330
1C
100
AcDbEntity
67
0
8
0
62
256
6
ByLayer
370
-1
48
1.0
60
0
100
AcDbPoint
10
1392697.45460418
20
356141.845996496
30
0.0
39
0.0
210
0.0
220
0.0
230
1.0
50
360.0
0
TEXT
5
CE3
330
1C
100
AcDbEntity
67
0
8
0
62
7
6
ByLayer
370
-1
48
1.0
60
0
100
AcDbText
1
1633
10
1392697.58374024
20
356142.120431495
30
0.0
40
0.31111111111
41
1.0
50
0.0
51
0.0
7
Standard
11
1392697.58374024
21
356142.120431495
31
0.0
210
0.0
220
0.0
230
1.0
71
0
72
0
100
AcDbText
73
0
0
POINT
5
CE4
330
1C
100
AcDbEntity
67
0
8
0
62
256
6
ByLayer
370
-1
48
1.0
60
0
100
AcDbPoint
10
1392697.82173278
20
356143.305079242
30
0.0
39
0.0
210
0.0
220
0.0
230
1.0
50
360.0
0
TEXT
5
CE5
330
1C
100
AcDbEntity
67
0
8
0
62
7
6
ByLayer
370
-1
48
1.0
60
0
100
AcDbText
1
1634
10
1392697.95086883
20
356143.57951424
30
0.0
40
0.31111111111
41
1.0
50
0.0
51
0.0
7
Standard
11
1392697.95086883
21
356143.57951424
31
0.0
210
0.0
220
0.0
230
1.0
71
0
72
0
100
AcDbText
73
0
0
POINT
5
CE6
330
1C
100
AcDbEntity
67
0
8
0
62
256
6
ByLayer
370
-1
48
1.0
60
0
100
AcDbPoint
10
1392698.86921684
20
356144.385117672
30
0.0
39
0.0
210
0.0
220
0.0
230
1.0
50
360.0
0
TEXT
5
CE7
330
1C
100
AcDbEntity
67
0
8
0
62
7
6
ByLayer
370
-1
48
1.0
60
0
100
AcDbText
1
1635
10
1392698.9983529
20
356144.659552672
30
0.0
40
0.31111111111
41
1.0
50
0.0
51
0.0
7
Standard
11
1392698.9983529
21
356144.659552672
31
0.0
210
0.0
220
0.0
230
1.0
71
0
72
0
100
AcDbText
73
0
0
POINT
5
CE8
330
1C
100
AcDbEntity
67
0
8
0
62
256
6
ByLayer
370
-1
48
1.0
60
0
100
AcDbPoint
10
1392700.31638388
20
356144.79671636
30
0.0
39
0.0
210
0.0
220
0.0
230
1.0
50
360.0
0
TEXT
5
CE9
330
1C
100
AcDbEntity
67
0
8
0
62
7
6
ByLayer
370
-1
48
1.0
60
0
100
AcDbText
1
1636
10
1392700.44551992
20
356145.071151365
30
0.0
40
0.31111111111
41
1.0
50
0.0
51
0.0
7
Standard
11
1392700.44551992
21
356145.071151365
31
0.0
210
0.0
220
0.0
230
1.0
71
0
72
0
100
AcDbText
73
0
0
POINT
5
CEA
330
1C
100
AcDbEntity
67
0
8
0
62
256
6
ByLayer
370
-1
48
1.0
60
0
100
AcDbPoint
10
1392701.77546664
20
356144.429587766
30
0.0
39
0.0
210
0.0
220
0.0
230
1.0
50
360.0
0
TEXT
5
CEB
330
1C
100
AcDbEntity
67
0
8
0
62
7
6
ByLayer
370
-1
48
1.0
60
0
100
AcDbText
1
1637
10
1392701.90460269
20
356144.704022771
30
0.0
40
0.31111111111
41
1.0
50
0.0
51
0.0
7
Standard
11
1392701.90460269
21
356144.704022771
31
0.0
210
0.0
220
0.0
230
1.0
71
0
72
0
100
AcDbText
73
0
0
POINT
5
CEC
330
1C
100
AcDbEntity
67
0
8
0
62
256
6
ByLayer
370
-1
48
1.0
60
0
100
AcDbPoint
10
1392702.85550508
20
356143.382103688
30
0.0
39
0.0
210
0.0
220
0.0
230
1.0
50
360.0
0
TEXT
5
CED
330
1C
100
AcDbEntity
67
0
8
0
62
7
6
ByLayer
370
-1
48
1.0
60
0
100
AcDbText
1
1638
10
1392702.98464113
20
356143.656538697
30
0.0
40
0.31111111111
41
1.0
50
0.0
51
0.0
7
Standard
11
1392702.98464113
21
356143.656538697
31
0.0
210
0.0
220
0.0
230
1.0
71
0
72
0
100
AcDbText
73
0
0
POINT
5
CEE
330
1C
100
AcDbEntity
67
0
8
0
62
256
6
ByLayer
370
-1
48
1.0
60
0
100
AcDbPoint
10
1392703.26710376
20
356141.934936646
30
0.0
39
0.0
210
0.0
220
0.0
230
1.0
50
360.0
0
TEXT
5
CEF
330
1C
100
AcDbEntity
67
0
8
0
62
7
6
ByLayer
370
-1
48
1.0
60
0
100
AcDbText
1
1639
10
1392703.39623982
20
356142.209371654
30
0.0
40
0.31111111111
41
1.0
50
0.0
51
0.0
7
Standard
11
1392703.39623982
21
356142.209371654
31
0.0
210
0.0
220
0.0
230
1.0
71
0
72
0
100
AcDbText
73
0
0
POINT
5
CF0
330
1C
100
AcDbEntity
67
0
8
0
62
256
6
ByLayer
370
-1
48
1.0
60
0
100
AcDbPoint
10
1392702.89997515
20
356140.475853882
30
0.0
39
0.0
210
0.0
220
0.0
230
1.0
50
360.0
0
TEXT
5
CF1
330
1C
100
AcDbEntity
67
0
8
0
62
7
6
ByLayer
370
-1
48
1.0
60
0
100
AcDbText
1
1640
10
1392703.02911121
20
356140.75028889
30
0.0
40
0.31111111111
41
1.0
50
0.0
51
0.0
7
Standard
11
1392703.02911121
21
356140.75028889
31
0.0
210
0.0
220
0.0
230
1.0
71
0
72
0
100
AcDbText
73
0
0
POINT
5
CF2
330
1C
100
AcDbEntity
67
0
8
0
62
256
6
ByLayer
370
-1
48
1.0
60
0
100
AcDbPoint
10
1392701.85249107
20
356139.39581545
30
0.0
39
0.0
210
0.0
220
0.0
230
1.0
50
360.0
0
TEXT
5
CF3
330
1C
100
AcDbEntity
67
0
8
0
62
7
6
ByLayer
370
-1
48
1.0
60
0
100
AcDbText
1
1641
10
1392701.98162713
20
356139.670250457
30
0.0
40
0.31111111111
41
1.0
50
0.0
51
0.0
7
Standard
11
1392701.98162713
21
356139.670250457
31
0.0
210
0.0
220
0.0
230
1.0
71
0
72
0
100
AcDbText
73
0
0
POINT
5
CF4
330
1C
100
AcDbEntity
67
0
8
0
62
256
6
ByLayer
370
-1
48
1.0
60
0
100
AcDbPoint
10
1392700.40532403
20
356138.984216781
30
0.0
39
0.0
210
0.0
220
0.0
230
1.0
50
360.0
0
TEXT
5
CF5
330
1C
100
AcDbEntity
67
0
8
0
62
7
6
ByLayer
370
-1
48
1.0
60
0
100
AcDbText
1
1642
10
1392700.53446009
20
356139.258651779
30
0.0
40
0.31111111111
41
1.0
50
0.0
51
0.0
7
Standard
11
1392700.53446009
21
356139.258651779
31
0.0
210
0.0
220
0.0
230
1.0
71
0
72
0
100
AcDbText
73
0
0
POINT
5
CF6
330
1C
100
AcDbEntity
67
0
8
0
62
256
6
ByLayer
370
-1
48
1.0
60
0
100
AcDbPoint
10
1392698.94624128
20
356139.351345393
30
0.0
39
0.0
210
0.0
220
0.0
230
1.0
50
360.0
0
TEXT
5
CF7
330
1C
100
AcDbEntity
67
0
8
0
62
7
6
ByLayer
370
-1
48
1.0
60
0
100
AcDbText
1
1643
10
1392699.07537733
20
356139.625780392
30
0.0
40
0.31111111111
41
1.0
50
0.0
51
0.0
7
Standard
11
1392699.07537733
21
356139.625780392
31
0.0
210
0.0
220
0.0
230
1.0
71
0
72
0
100
AcDbText
73
0
0
POINT
5
CF8
330
1C
100
AcDbEntity
67
0
8
0
62
256
6
ByLayer
370
-1
48
1.0
60
0
100
AcDbPoint
10
1392697.86620285
20
356140.398829471
30
0.0
39
0.0
210
0.0
220
0.0
230
1.0
50
360.0
0
TEXT
5
CF9
330
1C
100
AcDbEntity
67
0
8
0
62
7
6
ByLayer
370
-1
48
1.0
60
0
100
AcDbText
1
1644
10
1392697.99533891
20
356140.673264468
30
0.0
40
0.31111111111
41
1.0
50
0.0
51
0.0
7
Standard
11
1392697.99533891
21
356140.673264468
31
0.0
210
0.0
220
0.0
230
1.0
71
0
72
0
100
AcDbText
73
0
0
POINT
5
CFA
330
1C
100
AcDbEntity
67
0
8
0
62
256
6
ByLayer
370
-1
48
1.0
60
0
100
AcDbPoint
10
1392586.92599963
20
356202.829777579
30
0.0
39
0.0
210
0.0
220
0.0
230
1.0
50
360.0
0
TEXT
5
CFB
330
1C
100
AcDbEntity
67
0
8
0
62
7
6
ByLayer
370
-1
48
1.0
60
0
100
AcDbText
1
1645
10
1392587.05513558
20
356203.104212372
30
0.0
40
0.31111111111
41
1.0
50
0.0
51
0.0
7
Standard
11
1392587.05513558
21
356203.104212372
31
0.0
210
0.0
220
0.0
230
1.0
71
0
72
0
100
AcDbText
73
0
0
POINT
5
CFC
330
1C
100
AcDbEntity
67
0
8
0
62
256
6
ByLayer
370
-1
48
1.0
60
0
100
AcDbPoint
10
1392587.2931279
20
356204.288859968
30
0.0
39
0.0
210
0.0
220
0.0
230
1.0
50
360.0
0
TEXT
5
CFD
330
1C
100
AcDbEntity
67
0
8
0
62
7
6
ByLayer
370
-1
48
1.0
60
0
100
AcDbText
1
1646
10
1392587.42226384
20
356204.563294762
30
0.0
40
0.31111111111
41
1.0
50
0.0
51
0.0
7
Standard
11
1392587.42226384
21
356204.563294762
31
0.0
210
0.0
220
0.0
230
1.0
71
0
72
0
100
AcDbText
73
0
0
POINT
5
CFE
330
1C
100
AcDbEntity
67
0
8
0
62
256
6
ByLayer
370
-1
48
1.0
60
0
100
AcDbPoint
10
1392588.3406115
20
356205.368898259
30
0.0
39
0.0
210
0.0
220
0.0
230
1.0
50
360.0
0
TEXT
5
CFF
330
1C
100
AcDbEntity
67
0
8
0
62
7
6
ByLayer
370
-1
48
1.0
60
0
100
AcDbText
1
1647
10
1392588.46974744
20
356205.643333052
30
0.0
40
0.31111111111
41
1.0
50
0.0
51
0.0
7
Standard
11
1392588.46974744
21
356205.643333052
31
0.0
210
0.0
220
0.0
230
1.0
71
0
72
0
100
AcDbText
73
0
0
POINT
5
D00
330
1C
100
AcDbEntity
67
0
8
0
62
256
6
ByLayer
370
-1
48
1.0
60
0
100
AcDbPoint
10
1392589.78777805
20
356205.780497056
30
0.0
39
0.0
210
0.0
220
0.0
230
1.0
50
360.0
0
TEXT
5
D01
330
1C
100
AcDbEntity
67
0
8
0
62
7
6
ByLayer
370
-1
48
1.0
60
0
100
AcDbText
1
1648
10
1392589.91691399
20
356206.054931857
30
0.0
40
0.31111111111
41
1.0
50
0.0
51
0.0
7
Standard
11
1392589.91691399
21
356206.054931857
31
0.0
210
0.0
220
0.0
230
1.0
71
0
72
0
100
AcDbText
73
0
0
POINT
5
D02
330
1C
100
AcDbEntity
67
0
8
0
62
256
6
ByLayer
370
-1
48
1.0
60
0
100
AcDbPoint
10
1392591.24686045
20
356205.413368797
30
0.0
39
0.0
210
0.0
220
0.0
230
1.0
50
360.0
0
TEXT
5
D03
330
1C
100
AcDbEntity
67
0
8
0
62
7
6
ByLayer
370
-1
48
1.0
60
0
100
AcDbText
1
1649
10
1392591.37599639
20
356205.687803597
30
0.0
40
0.31111111111
41
1.0
50
0.0
51
0.0
7
Standard
11
1392591.37599639
21
356205.687803597
31
0.0
210
0.0
220
0.0
230
1.0
71
0
72
0
100
AcDbText
73
0
0
POINT
5
D04
330
1C
100
AcDbEntity
67
0
8
0
62
256
6
ByLayer
370
-1
48
1.0
60
0
100
AcDbPoint
10
1392592.32689875
20
356204.365885186
30
0.0
39
0.0
210
0.0
220
0.0
230
1.0
50
360.0
0
TEXT
5
D05
330
1C
100
AcDbEntity
67
0
8
0
62
7
6
ByLayer
370
-1
48
1.0
60
0
100
AcDbText
1
1650
10
1392592.4560347
20
356204.64031999
30
0.0
40
0.31111111111
41
1.0
50
0.0
51
0.0
7
Standard
11
1392592.4560347
21
356204.64031999
31
0.0
210
0.0
220
0.0
230
1.0
71
0
72
0
100
AcDbText
73
0
0
POINT
5
D06
330
1C
100
AcDbEntity
67
0
8
0
62
256
6
ByLayer
370
-1
48
1.0
60
0
100
AcDbPoint
10
1392592.73849755
20
356202.918718618
30
0.0
39
0.0
210
0.0
220
0.0
230
1.0
50
360.0
0
TEXT
5
D07
330
1C
100
AcDbEntity
67
0
8
0
62
7
6
ByLayer
370
-1
48
1.0
60
0
100
AcDbText
1
1651
10
1392592.8676335
20
356203.193153423
30
0.0
40
0.31111111111
41
1.0
50
0.0
51
0.0
7
Standard
11
1392592.8676335
21
356203.193153423
31
0.0
210
0.0
220
0.0
230
1.0
71
0
72
0
100
AcDbText
73
0
0
POINT
5
D08
330
1C
100
AcDbEntity
67
0
8
0
62
256
6
ByLayer
370
-1
48
1.0
60
0
100
AcDbPoint
10
1392592.37136927
20
356201.459636207
30
0.0
39
0.0
210
0.0
220
0.0
230
1.0
50
360.0
0
TEXT
5
D09
330
1C
100
AcDbEntity
67
0
8
0
62
7
6
ByLayer
370
-1
48
1.0
60
0
100
AcDbText
1
1652
10
1392592.50050522
20
356201.734071012
30
0.0
40
0.31111111111
41
1.0
50
0.0
51
0.0
7
Standard
11
1392592.50050522
21
356201.734071012
31
0.0
210
0.0
220
0.0
230
1.0
71
0
72
0
100
AcDbText
73
0
0
POINT
5
D0A
330
1C
100
AcDbEntity
67
0
8
0
62
256
6
ByLayer
370
-1
48
1.0
60
0
100
AcDbPoint
10
1392591.32388566
20
356200.37959792
30
0.0
39
0.0
210
0.0
220
0.0
230
1.0
50
360.0
0
TEXT
5
D0B
330
1C
100
AcDbEntity
67
0
8
0
62
7
6
ByLayer
370
-1
48
1.0
60
0
100
AcDbText
1
1653
10
1392591.4530216
20
356200.654032722
30
0.0
40
0.31111111111
41
1.0
50
0.0
51
0.0
7
Standard
11
1392591.4530216
21
356200.654032722
31
0.0
210
0.0
220
0.0
230
1.0
71
0
72
0
100
AcDbText
73
0
0
POINT
5
D0C
330
1C
100
AcDbEntity
67
0
8
0
62
256
6
ByLayer
370
-1
48
1.0
60
0
100
AcDbPoint
10
1392589.87671909
20
356199.967999138
30
0.0
39
0.0
210
0.0
220
0.0
230
1.0
50
360.0
0
TEXT
5
D0D
330
1C
100
AcDbEntity
67
0
8
0
62
7
6
ByLayer
370
-1
48
1.0
60
0
100
AcDbText
1
1654
10
1392590.00585504
20
356200.242433936
30
0.0
40
0.31111111111
41
1.0
50
0.0
51
0.0
7
Standard
11
1392590.00585504
21
356200.242433936
31
0.0
210
0.0
220
0.0
230
1.0
71
0
72
0
100
AcDbText
73
0
0
POINT
5
D0E
330
1C
100
AcDbEntity
67
0
8
0
62
256
6
ByLayer
370
-1
48
1.0
60
0
100
AcDbPoint
10
1392588.41763669
20
356200.335127418
30
0.0
39
0.0
210
0.0
220
0.0
230
1.0
50
360.0
0
TEXT
5
D0F
330
1C
100
AcDbEntity
67
0
8
0
62
7
6
ByLayer
370
-1
48
1.0
60
0
100
AcDbText
1
1655
10
1392588.54677264
20
356200.609562215
30
0.0
40
0.31111111111
41
1.0
50
0.0
51
0.0
7
Standard
11
1392588.54677264
21
356200.609562215
31
0.0
210
0.0
220
0.0
230
1.0
71
0
72
0
100
AcDbText
73
0
0
POINT
5
D10
330
1C
100
AcDbEntity
67
0
8
0
62
256
6
ByLayer
370
-1
48
1.0
60
0
100
AcDbPoint
10
1392587.33759842
20
356201.382611029
30
0.0
39
0.0
210
0.0
220
0.0
230
1.0
50
360.0
0
TEXT
5
D11
330
1C
100
AcDbEntity
67
0
8
0
62
7
6
ByLayer
370
-1
48
1.0
60
0
100
AcDbText
1
1656
10
1392587.46673437
20
356201.657045821
30
0.0
40
0.31111111111
41
1.0
50
0.0
51
0.0
7
Standard
11
1392587.46673437
21
356201.657045821
31
0.0
210
0.0
220
0.0
230
1.0
71
0
72
0
100
AcDbText
73
0
0
POINT
5
D12
330
1C
100
AcDbEntity
67
0
8
0
62
256
6
ByLayer
370
-1
48
1.0
60
0
100
AcDbPoint
10
1392228.1478479
20
356395.229047278
30
0.0
39
0.0
210
0.0
220
0.0
230
1.0
50
360.0
0
TEXT
5
D13
330
1C
100
AcDbEntity
67
0
8
0
62
7
6
ByLayer
370
-1
48
1.0
60
0
100
AcDbText
1
1657
10
1392228.27698351
20
356395.503481413
30
0.0
40
0.31111111111
41
1.0
50
0.0
51
0.0
7
Standard
11
1392228.27698351
21
356395.503481413
31
0.0
210
0.0
220
0.0
230
1.0
71
0
72
0
100
AcDbText
73
0
0
POINT
5
D14
330
1C
100
AcDbEntity
67
0
8
0
62
256
6
ByLayer
370
-1
48
1.0
60
0
100
AcDbPoint
10
1392228.51497511
20
356396.688128505
30
0.0
39
0.0
210
0.0
220
0.0
230
1.0
50
360.0
0
TEXT
5
D15
330
1C
100
AcDbEntity
67
0
8
0
62
7
6
ByLayer
370
-1
48
1.0
60
0
100
AcDbText
1
1658
10
1392228.6441107
20
356396.96256264
30
0.0
40
0.31111111111
41
1.0
50
0.0
51
0.0
7
Standard
11
1392228.6441107
21
356396.96256264
31
0.0
210
0.0
220
0.0
230
1.0
71
0
72
0
100
AcDbText
73
0
0
POINT
5
D16
330
1C
100
AcDbEntity
67
0
8
0
62
256
6
ByLayer
370
-1
48
1.0
60
0
100
AcDbPoint
10
1392229.5624572
20
356397.768166322
30
0.0
39
0.0
210
0.0
220
0.0
230
1.0
50
360.0
0
TEXT
5
D17
330
1C
100
AcDbEntity
67
0
8
0
62
7
6
ByLayer
370
-1
48
1.0
60
0
100
AcDbText
1
1659
10
1392229.6915928
20
356398.042600454
30
0.0
40
0.31111111111
41
1.0
50
0.0
51
0.0
7
Standard
11
1392229.6915928
21
356398.042600454
31
0.0
210
0.0
220
0.0
230
1.0
71
0
72
0
100
AcDbText
73
0
0
POINT
5
D18
330
1C
100
AcDbEntity
67
0
8
0
62
256
6
ByLayer
370
-1
48
1.0
60
0
100
AcDbPoint
10
1392231.00962222
20
356398.179765457
30
0.0
39
0.0
210
0.0
220
0.0
230
1.0
50
360.0
0
TEXT
5
D19
330
1C
100
AcDbEntity
67
0
8
0
62
7
6
ByLayer
370
-1
48
1.0
60
0
100
AcDbText
1
1660
10
1392231.13875782
20
356398.454199599
30
0.0
40
0.31111111111
41
1.0
50
0.0
51
0.0
7
Standard
11
1392231.13875782
21
356398.454199599
31
0.0
210
0.0
220
0.0
230
1.0
71
0
72
0
100
AcDbText
73
0
0
POINT
5
D1A
330
1C
100
AcDbEntity
67
0
8
0
62
256
6
ByLayer
370
-1
48
1.0
60
0
100
AcDbPoint
10
1392232.46870346
20
356397.81263826
30
0.0
39
0.0
210
0.0
220
0.0
230
1.0
50
360.0
0
TEXT
5
D1B
330
1C
100
AcDbEntity
67
0
8
0
62
7
6
ByLayer
370
-1
48
1.0
60
0
100
AcDbText
1
1661
10
1392232.59783906
20
356398.087072399
30
0.0
40
0.31111111111
41
1.0
50
0.0
51
0.0
7
Standard
11
1392232.59783906
21
356398.087072399
31
0.0
210
0.0
220
0.0
230
1.0
71
0
72
0
100
AcDbText
73
0
0
POINT
5
D1C
330
1C
100
AcDbEntity
67
0
8
0
62
256
6
ByLayer
370
-1
48
1.0
60
0
100
AcDbPoint
10
1392233.54874129
20
356396.765156149
30
0.0
39
0.0
210
0.0
220
0.0
230
1.0
50
360.0
0
TEXT
5
D1D
330
1C
100
AcDbEntity
67
0
8
0
62
7
6
ByLayer
370
-1
48
1.0
60
0
100
AcDbText
1
1662
10
1392233.67787689
20
356397.039590293
30
0.0
40
0.31111111111
41
1.0
50
0.0
51
0.0
7
Standard
11
1392233.67787689
21
356397.039590293
31
0.0
210
0.0
220
0.0
230
1.0
71
0
72
0
100
AcDbText
73
0
0
POINT
5
D1E
330
1C
100
AcDbEntity
67
0
8
0
62
256
6
ByLayer
370
-1
48
1.0
60
0
100
AcDbPoint
10
1392233.96034042
20
356395.317991117
30
0.0
39
0.0
210
0.0
220
0.0
230
1.0
50
360.0
0
TEXT
5
D1F
330
1C
100
AcDbEntity
67
0
8
0
62
7
6
ByLayer
370
-1
48
1.0
60
0
100
AcDbText
1
1663
10
1392234.08947603
20
356395.592425262
30
0.0
40
0.31111111111
41
1.0
50
0.0
51
0.0
7
Standard
11
1392234.08947603
21
356395.592425262
31
0.0
210
0.0
220
0.0
230
1.0
71
0
72
0
100
AcDbText
73
0
0
POINT
5
D20
330
1C
100
AcDbEntity
67
0
8
0
62
256
6
ByLayer
370
-1
48
1.0
60
0
100
AcDbPoint
10
1392233.5932132
20
356393.85890987
30
0.0
39
0.0
210
0.0
220
0.0
230
1.0
50
360.0
0
TEXT
5
D21
330
1C
100
AcDbEntity
67
0
8
0
62
7
6
ByLayer
370
-1
48
1.0
60
0
100
AcDbText
1
1664
10
1392233.72234881
20
356394.133344014
30
0.0
40
0.31111111111
41
1.0
50
0.0
51
0.0
7
Standard
11
1392233.72234881
21
356394.133344014
31
0.0
210
0.0
220
0.0
230
1.0
71
0
72
0
100
AcDbText
73
0
0
POINT
5
D22
330
1C
100
AcDbEntity
67
0
8
0
62
256
6
ByLayer
370
-1
48
1.0
60
0
100
AcDbPoint
10
1392232.54573109
20
356392.778872058
30
0.0
39
0.0
210
0.0
220
0.0
230
1.0
50
360.0
0
TEXT
5
D23
330
1C
100
AcDbEntity
67
0
8
0
62
7
6
ByLayer
370
-1
48
1.0
60
0
100
AcDbText
1
1665
10
1392232.6748667
20
356393.0533062
30
0.0
40
0.31111111111
41
1.0
50
0.0
51
0.0
7
Standard
11
1392232.6748667
21
356393.0533062
31
0.0
210
0.0
220
0.0
230
1.0
71
0
72
0
100
AcDbText
73
0
0
POINT
5
D24
330
1C
100
AcDbEntity
67
0
8
0
62
256
6
ByLayer
370
-1
48
1.0
60
0
100
AcDbPoint
10
1392231.09856606
20
356392.367272937
30
0.0
39
0.0
210
0.0
220
0.0
230
1.0
50
360.0
0
TEXT
5
D25
330
1C
100
AcDbEntity
67
0
8
0
62
7
6
ByLayer
370
-1
48
1.0
60
0
100
AcDbText
1
1666
10
1392231.22770167
20
356392.641707077
30
0.0
40
0.31111111111
41
1.0
50
0.0
51
0.0
7
Standard
11
1392231.22770167
21
356392.641707077
31
0.0
210
0.0
220
0.0
230
1.0
71
0
72
0
100
AcDbText
73
0
0
POINT
5
D26
330
1C
100
AcDbEntity
67
0
8
0
62
256
6
ByLayer
370
-1
48
1.0
60
0
100
AcDbPoint
10
1392229.63948482
20
356392.734400156
30
0.0
39
0.0
210
0.0
220
0.0
230
1.0
50
360.0
0
TEXT
5
D27
330
1C
100
AcDbEntity
67
0
8
0
62
7
6
ByLayer
370
-1
48
1.0
60
0
100
AcDbText
1
1667
10
1392229.76862044
20
356393.008834292
30
0.0
40
0.31111111111
41
1.0
50
0.0
51
0.0
7
Standard
11
1392229.76862044
21
356393.008834292
31
0.0
210
0.0
220
0.0
230
1.0
71
0
72
0
100
AcDbText
73
0
0
POINT
5
D28
330
1C
100
AcDbEntity
67
0
8
0
62
256
6
ByLayer
370
-1
48
1.0
60
0
100
AcDbPoint
10
1392228.55944702
20
356393.781882267
30
0.0
39
0.0
210
0.0
220
0.0
230
1.0
50
360.0
0
TEXT
5
D29
330
1C
100
AcDbEntity
67
0
8
0
62
7
6
ByLayer
370
-1
48
1.0
60
0
100
AcDbText
1
1668
10
1392228.68858263
20
356394.0563164
30
0.0
40
0.31111111111
41
1.0
50
0.0
51
0.0
7
Standard
11
1392228.68858263
21
356394.0563164
31
0.0
210
0.0
220
0.0
230
1.0
71
0
72
0
100
AcDbText
73
0
0
LWPOLYLINE
5
D2C
330
1C
100
AcDbEntity
67
0
8
4 - принадлежность к ансамблю-0.1 ОКН
62
7
6
ByLayer
370
20
48
1.0
60
0
100
AcDbPolyline
90
13
70
1
38
0.0
39
0.0
10
1394942.03634131
20
360556.310798224
40
0.0
41
0.0
42
0.0
10
1394942.4034555
20
360557.769893566
40
0.0
41
0.0
42
0.0
10
1394943.45093338
20
360558.849950111
40
0.0
41
0.0
42
0.0
10
1394944.89810411
20
360559.261567581
40
0.0
41
0.0
42
0.0
10
1394946.35719947
20
360558.894453397
40
0.0
41
0.0
42
0.0
10
1394947.43725603
20
360557.846975502
40
0.0
41
0.0
42
0.0
10
1394947.84887349
20
360556.399804754
40
0.0
41
0.0
42
0.0
10
1394947.4817593
20
360554.940709392
40
0.0
41
0.0
42
0.0
10
1394946.43428139
20
360553.860652846
40
0.0
41
0.0
42
0.0
10
1394944.98711065
20
360553.449035394
40
0.0
41
0.0
42
0.0
10
1394943.52801529
20
360553.816149597
40
0.0
41
0.0
42
0.0
10
1394942.44795876
20
360554.863627493
40
0.0
41
0.0
42
0.0
10
1394942.03634131
20
360556.310798224
40
0.0
41
0.0
42
0.0
210
0.0
220
0.0
230
1.0
0
TEXT
5
D2D
330
1C
100
AcDbEntity
67
0
8
4 - принадлежность к ансамблю-0.1 ОКН
62
7
6
ByLayer
370
-1
48
1.0
60
0
100
AcDbText
1

10
1394944.82571857
20
360556.365914287
30
0.0
40
0.31111111111
41
1.0
50
0.0
51
0.0
7
Standard
11
1394944.82571857
21
360556.365914287
31
0.0
210
0.0
220
0.0
230
1.0
71
0
72
0
100
AcDbText
73
0
0
LWPOLYLINE
5
D2E
330
1C
100
AcDbEntity
67
0
8
4 - принадлежность к ансамблю-0.1 ОКН
62
7
6
ByLayer
370
20
48
1.0
60
0
100
AcDbPolyline
90
13
70
1
38
0.0
39
0.0
10
1394859.92877716
20
360576.113997006
40
0.0
41
0.0
42
0.0
10
1394860.2958912
20
360577.573092064
40
0.0
41
0.0
42
0.0
10
1394861.34336881
20
360578.653148434
40
0.0
41
0.0
42
0.0
10
1394862.79053921
20
360579.064765891
40
0.0
41
0.0
42
0.0
10
1394864.24963428
20
360578.697651858
40
0.0
41
0.0
42
0.0
10
1394865.32969067
20
360577.65017424
40
0.0
41
0.0
42
0.0
10
1394865.74130812
20
360576.203003816
40
0.0
41
0.0
42
0.0
10
1394865.37419407
20
360574.74390874
40
0.0
41
0.0
42
0.0
10
1394864.32671644
20
360573.66385237
40
0.0
41
0.0
42
0.0
10
1394862.87954602
20
360573.252234934
40
0.0
41
0.0
42
0.0
10
1394861.42045096
20
360573.619348983
40
0.0
41
0.0
42
0.0
10
1394860.3403946
20
360574.666826603
40
0.0
41
0.0
42
0.0
10
1394859.92877716
20
360576.113997006
40
0.0
41
0.0
42
0.0
210
0.0
220
0.0
230
1.0
0
TEXT
5
D2F
330
1C
100
AcDbEntity
67
0
8
4 - принадлежность к ансамблю-0.1 ОКН
62
7
6
ByLayer
370
-1
48
1.0
60
0
100
AcDbText
1

10
1394862.71815384
20
360576.169113106
30
0.0
40
0.31111111111
41
1.0
50
0.0
51
0.0
7
Standard
11
1394862.71815384
21
360576.169113106
31
0.0
210
0.0
220
0.0
230
1.0
71
0
72
0
100
AcDbText
73
0
0
LWPOLYLINE
5
D30
330
1C
100
AcDbEntity
67
0
8
4 - принадлежность к ансамблю-0.1 ОКН
62
7
6
ByLayer
370
20
48
1.0
60
0
100
AcDbPolyline
90
13
70
1
38
0.0
39
0.0
10
1394784.73229446
20
360541.680750168
40
0.0
41
0.0
42
0.0
10
1394785.09940855
20
360543.139844912
40
0.0
41
0.0
42
0.0
10
1394786.14688605
20
360544.219900981
40
0.0
41
0.0
42
0.0
10
1394787.59405621
20
360544.631518229
40
0.0
41
0.0
42
0.0
10
1394789.05315097
20
360544.264404139
40
0.0
41
0.0
42
0.0
10
1394790.13320705
20
360543.216926627
40
0.0
41
0.0
42
0.0
10
1394790.5448243
20
360541.769756447
40
0.0
41
0.0
42
0.0
10
1394790.17771019
20
360540.310661687
40
0.0
41
0.0
42
0.0
10
1394789.13023267
20
360539.230605615
40
0.0
41
0.0
42
0.0
10
1394787.68306249
20
360538.818988386
40
0.0
41
0.0
42
0.0
10
1394786.22396775
20
360539.186102495
40
0.0
41
0.0
42
0.0
10
1394785.14391169
20
360540.233580009
40
0.0
41
0.0
42
0.0
10
1394784.73229446
20
360541.680750168
40
0.0
41
0.0
42
0.0
210
0.0
220
0.0
230
1.0
0
TEXT
5
D31
330
1C
100
AcDbEntity
67
0
8
4 - принадлежность к ансамблю-0.1 ОКН
62
7
6
ByLayer
370
-1
48
1.0
60
0
100
AcDbText
1

10
1394787.52167067
20
360541.735865938
30
0.0
40
0.31111111111
41
1.0
50
0.0
51
0.0
7
Standard
11
1394787.52167067
21
360541.735865938
31
0.0
210
0.0
220
0.0
230
1.0
71
0
72
0
100
AcDbText
73
0
0
LWPOLYLINE
5
D32
330
1C
100
AcDbEntity
67
0
8
4 - принадлежность к ансамблю-0.1 ОКН
62
7
6
ByLayer
370
20
48
1.0
60
0
100
AcDbPolyline
90
13
70
1
38
0.0
39
0.0
10
1394752.64758688
20
360551.572403271
40
0.0
41
0.0
42
0.0
10
1394753.01470091
20
360553.031497901
40
0.0
41
0.0
42
0.0
10
1394754.06217829
20
360554.111553908
40
0.0
41
0.0
42
0.0
10
1394755.50934833
20
360554.523171162
40
0.0
41
0.0
42
0.0
10
1394756.96844297
20
360554.15605714
40
0.0
41
0.0
42
0.0
10
1394758.04849899
20
360553.108579744
40
0.0
41
0.0
42
0.0
10
1394758.46011624
20
360551.661409691
40
0.0
41
0.0
42
0.0
10
1394758.0930022
20
360550.202315042
40
0.0
41
0.0
42
0.0
10
1394757.0455248
20
360549.122259034
40
0.0
41
0.0
42
0.0
10
1394755.59835475
20
360548.710641801
40
0.0
41
0.0
42
0.0
10
1394754.13926011
20
360549.077755839
40
0.0
41
0.0
42
0.0
10
1394753.05920412
20
360550.125233239
40
0.0
41
0.0
42
0.0
10
1394752.64758688
20
360551.572403271
40
0.0
41
0.0
42
0.0
210
0.0
220
0.0
230
1.0
0
TEXT
5
D33
330
1C
100
AcDbEntity
67
0
8
4 - принадлежность к ансамблю-0.1 ОКН
62
7
6
ByLayer
370
-1
48
1.0
60
0
100
AcDbText
1

10
1394755.43696286
20
360551.627519066
30
0.0
40
0.31111111111
41
1.0
50
0.0
51
0.0
7
Standard
11
1394755.43696286
21
360551.627519066
31
0.0
210
0.0
220
0.0
230
1.0
71
0
72
0
100
AcDbText
73
0
0
LWPOLYLINE
5
D34
330
1C
100
AcDbEntity
67
0
8
4 - принадлежность к ансамблю-0.1 ОКН
62
7
6
ByLayer
370
20
48
1.0
60
0
100
AcDbPolyline
90
13
70
1
38
0.0
39
0.0
10
1394815.70473303
20
360589.353767006
40
0.0
41
0.0
42
0.0
10
1394816.07184698
20
360590.812861907
40
0.0
41
0.0
42
0.0
10
1394817.11932443
20
360591.892918195
40
0.0
41
0.0
42
0.0
10
1394818.56649466
20
360592.304535651
40
0.0
41
0.0
42
0.0
10
1394820.02558958
20
360591.937421711
40
0.0
41
0.0
42
0.0
10
1394821.10564587
20
360590.889944248
40
0.0
41
0.0
42
0.0
10
1394821.51726333
20
360589.442774006
40
0.0
41
0.0
42
0.0
10
1394821.15014937
20
360587.983679081
40
0.0
41
0.0
42
0.0
10
1394820.1026719
20
360586.903622796
40
0.0
41
0.0
42
0.0
10
1394818.65550166
20
360586.492005357
40
0.0
41
0.0
42
0.0
10
1394817.19640675
20
360586.85911932
40
0.0
41
0.0
42
0.0
10
1394816.11635048
20
360587.906596778
40
0.0
41
0.0
42
0.0
10
1394815.70473303
20
360589.353767006
40
0.0
41
0.0
42
0.0
210
0.0
220
0.0
230
1.0
0
TEXT
5
D35
330
1C
100
AcDbEntity
67
0
8
4 - принадлежность к ансамблю-0.1 ОКН
62
7
6
ByLayer
370
-1
48
1.0
60
0
100
AcDbText
1

10
1394818.4941094
20
360589.40888314
30
0.0
40
0.31111111111
41
1.0
50
0.0
51
0.0
7
Standard
11
1394818.4941094
21
360589.40888314
31
0.0
210
0.0
220
0.0
230
1.0
71
0
72
0
100
AcDbText
73
0
0
LWPOLYLINE
5
D36
330
1C
100
AcDbEntity
67
0
8
4 - принадлежность к ансамблю-0.1 ОКН
62
7
6
ByLayer
370
20
48
1.0
60
0
100
AcDbPolyline
90
13
70
1
38
0.0
39
0.0
10
1394702.81502449
20
359991.776405893
40
0.0
41
0.0
42
0.0
10
1394703.18214056
20
359993.235499807
40
0.0
41
0.0
42
0.0
10
1394704.22961937
20
359994.315554171
40
0.0
41
0.0
42
0.0
10
1394705.6767898
20
359994.727169287
40
0.0
41
0.0
42
0.0
10
1394707.13588373
20
359994.360053215
40
0.0
41
0.0
42
0.0
10
1394708.21593811
20
359993.312574401
40
0.0
41
0.0
42
0.0
10
1394708.62755322
20
359991.865403949
40
0.0
41
0.0
42
0.0
10
1394708.26043714
20
359990.406310017
40
0.0
41
0.0
42
0.0
10
1394707.21295831
20
359989.326255653
40
0.0
41
0.0
42
0.0
10
1394705.76578786
20
359988.914640555
40
0.0
41
0.0
42
0.0
10
1394704.30669394
20
359989.281756646
40
0.0
41
0.0
42
0.0
10
1394703.22663959
20
359990.329235459
40
0.0
41
0.0
42
0.0
10
1394702.81502449
20
359991.776405893
40
0.0
41
0.0
42
0.0
210
0.0
220
0.0
230
1.0
0
TEXT
5
D37
330
1C
100
AcDbEntity
67
0
8
4 - принадлежность к ансамблю-0.1 ОКН
62
7
6
ByLayer
370
-1
48
1.0
60
0
100
AcDbText
1

10
1394705.60440083
20
359991.831517818
30
0.0
40
0.31111111111
41
1.0
50
0.0
51
0.0
7
Standard
11
1394705.60440083
21
359991.831517818
31
0.0
210
0.0
220
0.0
230
1.0
71
0
72
0
100
AcDbText
73
0
0
LWPOLYLINE
5
D38
330
1C
100
AcDbEntity
67
0
8
4 - принадлежность к ансамблю-0.1 ОКН
62
7
6
ByLayer
370
20
48
1.0
60
0
100
AcDbPolyline
90
13
70
1
38
0.0
39
0.0
10
1394694.82877898
20
359949.073961603
40
0.0
41
0.0
42
0.0
10
1394695.1958952
20
359950.533055444
40
0.0
41
0.0
42
0.0
10
1394696.24337411
20
359951.61310967
40
0.0
41
0.0
42
0.0
10
1394697.69054456
20
359952.024724623
40
0.0
41
0.0
42
0.0
10
1394699.14963842
20
359951.657608397
40
0.0
41
0.0
42
0.0
10
1394700.22969265
20
359950.610129485
40
0.0
41
0.0
42
0.0
10
1394700.6413076
20
359949.162959019
40
0.0
41
0.0
42
0.0
10
1394700.27419136
20
359947.703865156
40
0.0
41
0.0
42
0.0
10
1394699.22671244
20
359946.623810933
40
0.0
41
0.0
42
0.0
10
1394697.77954197
20
359946.212195997
40
0.0
41
0.0
42
0.0
10
1394696.32044812
20
359946.579312242
40
0.0
41
0.0
42
0.0
10
1394695.24039391
20
359947.626791152
40
0.0
41
0.0
42
0.0
10
1394694.82877898
20
359949.073961603
40
0.0
41
0.0
42
0.0
210
0.0
220
0.0
230
1.0
0
TEXT
5
D39
330
1C
100
AcDbEntity
67
0
8
4 - принадлежность к ансамблю-0.1 ОКН
62
7
6
ByLayer
370
-1
48
1.0
60
0
100
AcDbText
1

10
1394697.61815532
20
359949.129073227
30
0.0
40
0.31111111111
41
1.0
50
0.0
51
0.0
7
Standard
11
1394697.61815532
21
359949.129073227
31
0.0
210
0.0
220
0.0
230
1.0
71
0
72
0
100
AcDbText
73
0
0
LWPOLYLINE
5
D3A
330
1C
100
AcDbEntity
67
0
8
4 - принадлежность к ансамблю-0.1 ОКН
62
7
6
ByLayer
370
20
48
1.0
60
0
100
AcDbPolyline
90
13
70
1
38
0.0
39
0.0
10
1394682.91953679
20
359952.36237401
40
0.0
41
0.0
42
0.0
10
1394683.286653
20
359953.821467809
40
0.0
41
0.0
42
0.0
10
1394684.33413185
20
359954.90152201
40
0.0
41
0.0
42
0.0
10
1394685.78130226
20
359955.313136959
40
0.0
41
0.0
42
0.0
10
1394687.24039608
20
359954.94602076
40
0.0
41
0.0
42
0.0
10
1394688.32045029
20
359953.89854189
40
0.0
41
0.0
42
0.0
10
1394688.73206524
20
359952.45137147
40
0.0
41
0.0
42
0.0
10
1394688.36494902
20
359950.992277652
40
0.0
41
0.0
42
0.0
10
1394687.31747014
20
359949.912223446
40
0.0
41
0.0
42
0.0
10
1394685.87029972
20
359949.500608516
40
0.0
41
0.0
42
0.0
10
1394684.41120592
20
359949.867724736
40
0.0
41
0.0
42
0.0
10
1394683.33115173
20
359950.915203608
40
0.0
41
0.0
42
0.0
10
1394682.91953679
20
359952.36237401
40
0.0
41
0.0
42
0.0
210
0.0
220
0.0
230
1.0
0
TEXT
5
D3B
330
1C
100
AcDbEntity
67
0
8
4 - принадлежность к ансамблю-0.1 ОКН
62
7
6
ByLayer
370
-1
48
1.0
60
0
100
AcDbText
1

10
1394685.70891305
20
359952.417485639
30
0.0
40
0.31111111111
41
1.0
50
0.0
51
0.0
7
Standard
11
1394685.70891305
21
359952.417485639
31
0.0
210
0.0
220
0.0
230
1.0
71
0
72
0
100
AcDbText
73
0
0
LWPOLYLINE
5
D3C
330
1C
100
AcDbEntity
67
0
8
4 - принадлежность к ансамблю-0.1 ОКН
62
7
6
ByLayer
370
20
48
1.0
60
0
100
AcDbPolyline
90
13
70
1
38
0.0
39
0.0
10
1398571.70994297
20
359092.912352441
40
0.0
41
0.0
42
0.0
10
1398572.07706607
20
359094.371460001
40
0.0
41
0.0
42
0.0
10
1398573.12455779
20
359095.451522661
40
0.0
41
0.0
42
0.0
10
1398574.57174356
20
359095.863138509
40
0.0
41
0.0
42
0.0
10
1398576.03085113
20
359095.496015408
40
0.0
41
0.0
42
0.0
10
1398577.1109138
20
359094.448523687
40
0.0
41
0.0
42
0.0
10
1398577.52252965
20
359093.0013379
40
0.0
41
0.0
42
0.0
10
1398577.15540653
20
359091.542230322
40
0.0
41
0.0
42
0.0
10
1398576.1079148
20
359090.462167657
40
0.0
41
0.0
42
0.0
10
1398574.66072901
20
359090.050551827
40
0.0
41
0.0
42
0.0
10
1398573.20162145
20
359090.417674949
40
0.0
41
0.0
42
0.0
10
1398572.1215588
20
359091.465166675
40
0.0
41
0.0
42
0.0
10
1398571.70994297
20
359092.912352441
40
0.0
41
0.0
42
0.0
210
0.0
220
0.0
230
1.0
0
TEXT
5
D3D
330
1C
100
AcDbEntity
67
0
8
4 - принадлежность к ансамблю-0.1 ОКН
62
7
6
ByLayer
370
-1
48
1.0
60
0
100
AcDbText
1

10
1398574.49934677
20
359092.967463098
30
0.0
40
0.31111111111
41
1.0
50
0.0
51
0.0
7
Standard
11
1398574.49934677
21
359092.967463098
31
0.0
210
0.0
220
0.0
230
1.0
71
0
72
0
100
AcDbText
73
0
0
LWPOLYLINE
5
D3E
330
1C
100
AcDbEntity
67
0
8
4 - принадлежность к ансамблю-0.1 ОКН
62
7
6
ByLayer
370
20
48
1.0
60
0
100
AcDbPolyline
90
13
70
1
38
0.0
39
0.0
10
1398550.90648629
20
359184.161408903
40
0.0
41
0.0
42
0.0
10
1398551.27360903
20
359185.620516469
40
0.0
41
0.0
42
0.0
10
1398552.32110044
20
359186.700579318
40
0.0
41
0.0
42
0.0
10
1398553.76828603
20
359187.112195488
40
0.0
41
0.0
42
0.0
10
1398555.22739361
20
359186.745072746
40
0.0
41
0.0
42
0.0
10
1398556.30745648
20
359185.697581331
40
0.0
41
0.0
42
0.0
10
1398556.71907264
20
359184.250395719
40
0.0
41
0.0
42
0.0
10
1398556.35194989
20
359182.791288132
40
0.0
41
0.0
42
0.0
10
1398555.30445846
20
359181.711225283
40
0.0
41
0.0
42
0.0
10
1398553.85727285
20
359181.299609132
40
0.0
41
0.0
42
0.0
10
1398552.39816528
20
359181.666731893
40
0.0
41
0.0
42
0.0
10
1398551.31810244
20
359182.71422331
40
0.0
41
0.0
42
0.0
10
1398550.90648629
20
359184.161408903
40
0.0
41
0.0
42
0.0
210
0.0
220
0.0
230
1.0
0
TEXT
5
D3F
330
1C
100
AcDbEntity
67
0
8
4 - принадлежность к ансамблю-0.1 ОКН
62
7
6
ByLayer
370
-1
48
1.0
60
0
100
AcDbText
1

10
1398553.69588983
20
359184.216520151
30
0.0
40
0.31111111111
41
1.0
50
0.0
51
0.0
7
Standard
11
1398553.69588983
21
359184.216520151
31
0.0
210
0.0
220
0.0
230
1.0
71
0
72
0
100
AcDbText
73
0
0
LWPOLYLINE
5
D40
330
1C
100
AcDbEntity
67
0
8
4 - принадлежность к ансамблю-0.1 ОКН
62
7
6
ByLayer
370
20
48
1.0
60
0
100
AcDbPolyline
90
13
70
1
38
0.0
39
0.0
10
1398540.28975326
20
359250.34668644
40
0.0
41
0.0
42
0.0
10
1398540.65687575
20
359251.805794028
40
0.0
41
0.0
42
0.0
10
1398541.70436694
20
359252.885857028
40
0.0
41
0.0
42
0.0
10
1398543.15155243
20
359253.29747343
40
0.0
41
0.0
42
0.0
10
1398544.61066003
20
359252.930350948
40
0.0
41
0.0
42
0.0
10
1398545.69072305
20
359251.882859742
40
0.0
41
0.0
42
0.0
10
1398546.10233945
20
359250.435674241
40
0.0
41
0.0
42
0.0
10
1398545.73521694
20
359248.976566633
40
0.0
41
0.0
42
0.0
10
1398544.68772573
20
359247.896503629
40
0.0
41
0.0
42
0.0
10
1398543.24054023
20
359247.484887247
40
0.0
41
0.0
42
0.0
10
1398541.78143264
20
359247.852009748
40
0.0
41
0.0
42
0.0
10
1398540.70136965
20
359248.899500955
40
0.0
41
0.0
42
0.0
10
1398540.28975326
20
359250.34668644
40
0.0
41
0.0
42
0.0
210
0.0
220
0.0
230
1.0
0
TEXT
5
D41
330
1C
100
AcDbEntity
67
0
8
4 - принадлежность к ансамблю-0.1 ОКН
62
7
6
ByLayer
370
-1
48
1.0
60
0
100
AcDbText
1

10
1398543.07915665
20
359250.401798125
30
0.0
40
0.31111111111
41
1.0
50
0.0
51
0.0
7
Standard
11
1398543.07915665
21
359250.401798125
31
0.0
210
0.0
220
0.0
230
1.0
71
0
72
0
100
AcDbText
73
0
0
LWPOLYLINE
5
D42
330
1C
100
AcDbEntity
67
0
8
4 - принадлежность к ансамблю-0.1 ОКН
62
7
6
ByLayer
370
20
48
1.0
60
0
100
AcDbPolyline
90
13
70
1
38
0.0
39
0.0
10
1398652.08633334
20
359267.784949459
40
0.0
41
0.0
42
0.0
10
1398652.45345587
20
359269.244057483
40
0.0
41
0.0
42
0.0
10
1398653.50094731
20
359270.324120839
40
0.0
41
0.0
42
0.0
10
1398654.9481332
20
359270.735737425
40
0.0
41
0.0
42
0.0
10
1398656.40724124
20
359270.368614901
40
0.0
41
0.0
42
0.0
10
1398657.48730461
20
359269.321123445
40
0.0
41
0.0
42
0.0
10
1398657.89892119
20
359267.873937545
40
0.0
41
0.0
42
0.0
10
1398657.53179865
20
359266.414829504
40
0.0
41
0.0
42
0.0
10
1398656.48430718
20
359265.334766146
40
0.0
41
0.0
42
0.0
10
1398655.03712128
20
359264.92314958
40
0.0
41
0.0
42
0.0
10
1398653.57801326
20
359265.290272121
40
0.0
41
0.0
42
0.0
10
1398652.49794991
20
359266.337763576
40
0.0
41
0.0
42
0.0
10
1398652.08633334
20
359267.784949459
40
0.0
41
0.0
42
0.0
210
0.0
220
0.0
230
1.0
0
TEXT
5
D43
330
1C
100
AcDbEntity
67
0
8
4 - принадлежность к ансамблю-0.1 ОКН
62
7
6
ByLayer
370
-1
48
1.0
60
0
100
AcDbText
1

10
1398654.87573747
20
359267.840061404
30
0.0
40
0.31111111111
41
1.0
50
0.0
51
0.0
7
Standard
11
1398654.87573747
21
359267.840061404
31
0.0
210
0.0
220
0.0
230
1.0
71
0
72
0
100
AcDbText
73
0
0
LWPOLYLINE
5
D44
330
1C
100
AcDbEntity
67
0
8
4 - принадлежность к ансамблю-0.1 ОКН
62
7
6
ByLayer
370
20
48
1.0
60
0
100
AcDbPolyline
90
13
70
1
38
0.0
39
0.0
10
1398743.06142521
20
359264.328906301
40
0.0
41
0.0
42
0.0
10
1398743.42854784
20
359265.788014662
40
0.0
41
0.0
42
0.0
10
1398744.47603954
20
359266.86807826
40
0.0
41
0.0
42
0.0
10
1398745.92322576
20
359267.27969493
40
0.0
41
0.0
42
0.0
10
1398747.38233414
20
359266.912572305
40
0.0
41
0.0
42
0.0
10
1398748.46239775
20
359265.865080596
40
0.0
41
0.0
42
0.0
10
1398748.87401441
20
359264.417894354
40
0.0
41
0.0
42
0.0
10
1398748.50689178
20
359262.958785977
40
0.0
41
0.0
42
0.0
10
1398747.45940005
20
359261.87872237
40
0.0
41
0.0
42
0.0
10
1398746.01221382
20
359261.467105721
40
0.0
41
0.0
42
0.0
10
1398744.55310545
20
359261.834228363
40
0.0
41
0.0
42
0.0
10
1398743.47304187
20
359262.881720076
40
0.0
41
0.0
42
0.0
10
1398743.06142521
20
359264.328906301
40
0.0
41
0.0
42
0.0
210
0.0
220
0.0
230
1.0
0
TEXT
5
D45
330
1C
100
AcDbEntity
67
0
8
4 - принадлежность к ансамблю-0.1 ОКН
62
7
6
ByLayer
370
-1
48
1.0
60
0
100
AcDbText
1

10
1398745.85082996
20
359264.384018335
30
0.0
40
0.31111111111
41
1.0
50
0.0
51
0.0
7
Standard
11
1398745.85082996
21
359264.384018335
31
0.0
210
0.0
220
0.0
230
1.0
71
0
72
0
100
AcDbText
73
0
0
LWPOLYLINE
5
D46
330
1C
100
AcDbEntity
67
0
8
4 - принадлежность к ансамблю-0.1 ОКН
62
7
6
ByLayer
370
20
48
1.0
60
0
100
AcDbPolyline
90
13
70
1
38
0.0
39
0.0
10
1398843.72209421
20
359277.848404243
40
0.0
41
0.0
42
0.0
10
1398844.08921687
20
359279.307512994
40
0.0
41
0.0
42
0.0
10
1398845.13670881
20
359280.387576912
40
0.0
41
0.0
42
0.0
10
1398846.5838954
20
359280.799193734
40
0.0
41
0.0
42
0.0
10
1398848.04300416
20
359280.432071066
40
0.0
41
0.0
42
0.0
10
1398849.12306809
20
359279.384579122
40
0.0
41
0.0
42
0.0
10
1398849.53468491
20
359277.937392522
40
0.0
41
0.0
42
0.0
10
1398849.16756223
20
359276.47828375
40
0.0
41
0.0
42
0.0
10
1398848.12007027
20
359275.398219833
40
0.0
41
0.0
42
0.0
10
1398846.67288367
20
359274.986603027
40
0.0
41
0.0
42
0.0
10
1398845.21377492
20
359275.353725713
40
0.0
41
0.0
42
0.0
10
1398844.13371101
20
359276.401217659
40
0.0
41
0.0
42
0.0
10
1398843.72209421
20
359277.848404243
40
0.0
41
0.0
42
0.0
210
0.0
220
0.0
230
1.0
0
TEXT
5
D47
330
1C
100
AcDbEntity
67
0
8
4 - принадлежность к ансамблю-0.1 ОКН
62
7
6
ByLayer
370
-1
48
1.0
60
0
100
AcDbText
1

10
1398846.51149962
20
359277.903516499
30
0.0
40
0.31111111111
41
1.0
50
0.0
51
0.0
7
Standard
11
1398846.51149962
21
359277.903516499
31
0.0
210
0.0
220
0.0
230
1.0
71
0
72
0
100
AcDbText
73
0
0
LWPOLYLINE
5
D48
330
1C
100
AcDbEntity
67
0
8
4 - принадлежность к ансамблю-0.1 ОКН
62
7
6
ByLayer
370
20
48
1.0
60
0
100
AcDbPolyline
90
13
70
1
38
0.0
39
0.0
10
1398930.88002174
20
359246.658678102
40
0.0
41
0.0
42
0.0
10
1398931.24714461
20
359248.117787153
40
0.0
41
0.0
42
0.0
10
1398932.29463687
20
359249.197851226
40
0.0
41
0.0
42
0.0
10
1398933.74182381
20
359249.609468026
40
0.0
41
0.0
42
0.0
10
1398935.20093287
20
359249.242345161
40
0.0
41
0.0
42
0.0
10
1398936.28099696
20
359248.194852892
40
0.0
41
0.0
42
0.0
10
1398936.69261375
20
359246.747665934
40
0.0
41
0.0
42
0.0
10
1398936.32549087
20
359245.288556866
40
0.0
41
0.0
42
0.0
10
1398935.2779986
20
359244.208492791
40
0.0
41
0.0
42
0.0
10
1398933.83081164
20
359243.796876013
40
0.0
41
0.0
42
0.0
10
1398932.37170259
20
359244.163998897
40
0.0
41
0.0
42
0.0
10
1398931.29163853
20
359245.211491163
40
0.0
41
0.0
42
0.0
10
1398930.88002174
20
359246.658678102
40
0.0
41
0.0
42
0.0
210
0.0
220
0.0
230
1.0
0
TEXT
5
D49
330
1C
100
AcDbEntity
67
0
8
4 - принадлежность к ансамблю-0.1 ОКН
62
7
6
ByLayer
370
-1
48
1.0
60
0
100
AcDbText
1

10
1398933.66942779
20
359246.713790256
30
0.0
40
0.31111111111
41
1.0
50
0.0
51
0.0
7
Standard
11
1398933.66942779
21
359246.713790256
31
0.0
210
0.0
220
0.0
230
1.0
71
0
72
0
100
AcDbText
73
0
0
LWPOLYLINE
5
D4A
330
1C
100
AcDbEntity
67
0
8
4 - принадлежность к ансамблю-0.1 ОКН
62
7
6
ByLayer
370
20
48
1.0
60
0
100
AcDbPolyline
90
13
70
1
38
0.0
39
0.0
10
1398694.61800207
20
359206.943166204
40
0.0
41
0.0
42
0.0
10
1398694.98512487
20
359208.402274332
40
0.0
41
0.0
42
0.0
10
1398696.03261659
20
359209.482337641
40
0.0
41
0.0
42
0.0
10
1398697.4798027
20
359209.893954045
40
0.0
41
0.0
42
0.0
10
1398698.93891084
20
359209.526831255
40
0.0
41
0.0
42
0.0
10
1398700.01897416
20
359208.479339514
40
0.0
41
0.0
42
0.0
10
1398700.43059056
20
359207.032153392
40
0.0
41
0.0
42
0.0
10
1398700.06346776
20
359205.573045248
40
0.0
41
0.0
42
0.0
10
1398699.01597601
20
359204.492981933
40
0.0
41
0.0
42
0.0
10
1398697.56878989
20
359204.081365551
40
0.0
41
0.0
42
0.0
10
1398696.10968176
20
359204.44848836
40
0.0
41
0.0
42
0.0
10
1398695.02961846
20
359205.495980101
40
0.0
41
0.0
42
0.0
10
1398694.61800207
20
359206.943166204
40
0.0
41
0.0
42
0.0
210
0.0
220
0.0
230
1.0
0
TEXT
5
D4B
330
1C
100
AcDbEntity
67
0
8
4 - принадлежность к ансамблю-0.1 ОКН
62
7
6
ByLayer
370
-1
48
1.0
60
0
100
AcDbText
1

10
1398697.40740656
20
359206.998277792
30
0.0
40
0.31111111111
41
1.0
50
0.0
51
0.0
7
Standard
11
1398697.40740656
21
359206.998277792
31
0.0
210
0.0
220
0.0
230
1.0
71
0
72
0
100
AcDbText
73
0
0
LWPOLYLINE
5
D4C
330
1C
100
AcDbEntity
67
0
8
4 - принадлежность к ансамблю-0.1 ОКН
62
7
6
ByLayer
370
20
48
1.0
60
0
100
AcDbPolyline
90
13
70
1
38
0.0
39
0.0
10
1398611.83473358
20
359194.697222914
40
0.0
41
0.0
42
0.0
10
1398612.20185634
20
359196.156330717
40
0.0
41
0.0
42
0.0
10
1398613.24934788
20
359197.236393766
40
0.0
41
0.0
42
0.0
10
1398614.69653369
20
359197.648010039
40
0.0
41
0.0
42
0.0
10
1398616.15564152
20
359197.280887281
40
0.0
41
0.0
42
0.0
10
1398617.23570457
20
359196.233395728
40
0.0
41
0.0
42
0.0
10
1398617.64732084
20
359194.786209899
40
0.0
41
0.0
42
0.0
10
1398617.28019806
20
359193.327102076
40
0.0
41
0.0
42
0.0
10
1398616.2327065
20
359192.247039025
40
0.0
41
0.0
42
0.0
10
1398614.78552068
20
359191.835422775
40
0.0
41
0.0
42
0.0
10
1398613.32641287
20
359192.202545552
40
0.0
41
0.0
42
0.0
10
1398612.24634983
20
359193.250037104
40
0.0
41
0.0
42
0.0
10
1398611.83473358
20
359194.697222914
40
0.0
41
0.0
42
0.0
210
0.0
220
0.0
230
1.0
0
TEXT
5
D4D
330
1C
100
AcDbEntity
67
0
8
4 - принадлежность к ансамблю-0.1 ОКН
62
7
6
ByLayer
370
-1
48
1.0
60
0
100
AcDbText
1

10
1398614.62413752
20
359194.752334313
30
0.0
40
0.31111111111
41
1.0
50
0.0
51
0.0
7
Standard
11
1398614.62413752
21
359194.752334313
31
0.0
210
0.0
220
0.0
230
1.0
71
0
72
0
100
AcDbText
73
0
0
LWPOLYLINE
5
D4E
330
1C
100
AcDbEntity
67
0
8
4 - принадлежность к ансамблю-0.1 ОКН
62
7
6
ByLayer
370
20
48
1.0
60
0
100
AcDbPolyline
90
13
70
1
38
0.0
39
0.0
10
1396392.32091053
20
359771.032381221
40
0.0
41
0.0
42
0.0
10
1396392.68802903
20
359772.491481255
40
0.0
41
0.0
42
0.0
10
1396393.735513
20
359773.571539703
40
0.0
41
0.0
42
0.0
10
1396395.18268995
20
359773.983155779
40
0.0
41
0.0
42
0.0
10
1396396.64179
20
359773.616037278
40
0.0
41
0.0
42
0.0
10
1396397.72184846
20
359772.5685533
40
0.0
41
0.0
42
0.0
10
1396398.13346453
20
359771.121376333
40
0.0
41
0.0
42
0.0
10
1396397.76634601
20
359769.662276282
40
0.0
41
0.0
42
0.0
10
1396396.71886203
20
359768.582217832
40
0.0
41
0.0
42
0.0
10
1396395.27168507
20
359768.170601774
40
0.0
41
0.0
42
0.0
10
1396393.81258503
20
359768.537720296
40
0.0
41
0.0
42
0.0
10
1396392.73252659
20
359769.585204272
40
0.0
41
0.0
42
0.0
10
1396392.32091053
20
359771.032381221
40
0.0
41
0.0
42
0.0
210
0.0
220
0.0
230
1.0
0
TEXT
5
D4F
330
1C
100
AcDbEntity
67
0
8
4 - принадлежность к ансамблю-0.1 ОКН
62
7
6
ByLayer
370
-1
48
1.0
60
0
100
AcDbText
1

10
1396395.11029864
20
359771.087493759
30
0.0
40
0.31111111111
41
1.0
50
0.0
51
0.0
7
Standard
11
1396395.11029864
21
359771.087493759
31
0.0
210
0.0
220
0.0
230
1.0
71
0
72
0
100
AcDbText
73
0
0
LWPOLYLINE
5
D50
330
1C
100
AcDbEntity
67
0
8
4 - принадлежность к ансамблю-0.1 ОКН
62
7
6
ByLayer
370
20
48
1.0
60
0
100
AcDbPolyline
90
13
70
1
38
0.0
39
0.0
10
1396386.54909939
20
359800.71797033
40
0.0
41
0.0
42
0.0
10
1396386.91621778
20
359802.17707037
40
0.0
41
0.0
42
0.0
10
1396387.96370164
20
359803.257128882
40
0.0
41
0.0
42
0.0
10
1396389.41087854
20
359803.668745062
40
0.0
41
0.0
42
0.0
10
1396390.8699786
20
359803.301626679
40
0.0
41
0.0
42
0.0
10
1396391.95003712
20
359802.254142799
40
0.0
41
0.0
42
0.0
10
1396392.3616533
20
359800.806965885
40
0.0
41
0.0
42
0.0
10
1396391.9945349
20
359799.347865823
40
0.0
41
0.0
42
0.0
10
1396390.94705101
20
359798.26780731
40
0.0
41
0.0
42
0.0
10
1396389.4998741
20
359797.85619115
40
0.0
41
0.0
42
0.0
10
1396388.04077406
20
359798.223309553
40
0.0
41
0.0
42
0.0
10
1396386.96071555
20
359799.270793433
40
0.0
41
0.0
42
0.0
10
1396386.54909939
20
359800.71797033
40
0.0
41
0.0
42
0.0
210
0.0
220
0.0
230
1.0
0
TEXT
5
D51
330
1C
100
AcDbEntity
67
0
8
4 - принадлежность к ансамблю-0.1 ОКН
62
7
6
ByLayer
370
-1
48
1.0
60
0
100
AcDbText
1

10
1396389.33848743
20
359800.77308306
30
0.0
40
0.31111111111
41
1.0
50
0.0
51
0.0
7
Standard
11
1396389.33848743
21
359800.77308306
31
0.0
210
0.0
220
0.0
230
1.0
71
0
72
0
100
AcDbText
73
0
0
LWPOLYLINE
5
D52
330
1C
100
AcDbEntity
67
0
8
4 - принадлежность к ансамблю-0.1 ОКН
62
7
6
ByLayer
370
20
48
1.0
60
0
100
AcDbPolyline
90
13
70
1
38
0.0
39
0.0
10
1396409.74892924
20
359803.360381088
40
0.0
41
0.0
42
0.0
10
1396410.11604765
20
359804.819481218
40
0.0
41
0.0
42
0.0
10
1396411.16353157
20
359805.899539803
40
0.0
41
0.0
42
0.0
10
1396412.61070855
20
359806.311156017
40
0.0
41
0.0
42
0.0
10
1396414.0698087
20
359805.944037621
40
0.0
41
0.0
42
0.0
10
1396415.14986729
20
359804.896553685
40
0.0
41
0.0
42
0.0
10
1396415.5614835
20
359803.449376689
40
0.0
41
0.0
42
0.0
10
1396415.19436509
20
359801.990276539
40
0.0
41
0.0
42
0.0
10
1396414.14688115
20
359800.910217955
40
0.0
41
0.0
42
0.0
10
1396412.69970415
20
359800.498601758
40
0.0
41
0.0
42
0.0
10
1396411.24060402
20
359800.865720172
40
0.0
41
0.0
42
0.0
10
1396410.16054544
20
359801.913204109
40
0.0
41
0.0
42
0.0
10
1396409.74892924
20
359803.360381088
40
0.0
41
0.0
42
0.0
210
0.0
220
0.0
230
1.0
0
TEXT
5
D53
330
1C
100
AcDbEntity
67
0
8
4 - принадлежность к ансамблю-0.1 ОКН
62
7
6
ByLayer
370
-1
48
1.0
60
0
100
AcDbText
1

10
1396412.53831744
20
359803.415493867
30
0.0
40
0.31111111111
41
1.0
50
0.0
51
0.0
7
Standard
11
1396412.53831744
21
359803.415493867
31
0.0
210
0.0
220
0.0
230
1.0
71
0
72
0
100
AcDbText
73
0
0
LWPOLYLINE
5
D54
330
1C
100
AcDbEntity
67
0
8
4 - принадлежность к ансамблю-0.1 ОКН
62
7
6
ByLayer
370
20
48
1.0
60
0
100
AcDbPolyline
90
13
70
1
38
0.0
39
0.0
10
1396432.90564876
20
359795.749705428
40
0.0
41
0.0
42
0.0
10
1396433.27276721
20
359797.208805638
40
0.0
41
0.0
42
0.0
10
1396434.32025122
20
359798.288864265
40
0.0
41
0.0
42
0.0
10
1396435.7674283
20
359798.700480476
40
0.0
41
0.0
42
0.0
10
1396437.22652852
20
359798.333362031
40
0.0
41
0.0
42
0.0
10
1396438.30658716
20
359797.285878011
40
0.0
41
0.0
42
0.0
10
1396438.71820337
20
359795.838700919
40
0.0
41
0.0
42
0.0
10
1396438.35108491
20
359794.379600693
40
0.0
41
0.0
42
0.0
10
1396437.30360088
20
359793.299542064
40
0.0
41
0.0
42
0.0
10
1396435.85642379
20
359792.887925874
40
0.0
41
0.0
42
0.0
10
1396434.39732358
20
359793.255044339
40
0.0
41
0.0
42
0.0
10
1396433.31726496
20
359794.302528355
40
0.0
41
0.0
42
0.0
10
1396432.90564876
20
359795.749705428
40
0.0
41
0.0
42
0.0
210
0.0
220
0.0
230
1.0
0
TEXT
5
D55
330
1C
100
AcDbEntity
67
0
8
4 - принадлежность к ансамблю-0.1 ОКН
62
7
6
ByLayer
370
-1
48
1.0
60
0
100
AcDbText
1

10
1396435.69503712
20
359795.804818185
30
0.0
40
0.31111111111
41
1.0
50
0.0
51
0.0
7
Standard
11
1396435.69503712
21
359795.804818185
31
0.0
210
0.0
220
0.0
230
1.0
71
0
72
0
100
AcDbText
73
0
0
LWPOLYLINE
5
D56
330
1C
100
AcDbEntity
67
0
8
4 - принадлежность к ансамблю-0.1 ОКН
62
7
6
ByLayer
370
20
48
1.0
60
0
100
AcDbPolyline
90
13
70
1
38
0.0
39
0.0
10
1395361.54134489
20
359680.726944505
40
0.0
41
0.0
42
0.0
10
1395361.90846275
20
359682.186040593
40
0.0
41
0.0
42
0.0
10
1395362.95594419
20
359683.26609594
40
0.0
41
0.0
42
0.0
10
1395364.40311741
20
359683.677710595
40
0.0
41
0.0
42
0.0
10
1395365.86221351
20
359683.310592733
40
0.0
41
0.0
42
0.0
10
1395366.94226887
20
359682.263111283
40
0.0
41
0.0
42
0.0
10
1395367.35388352
20
359680.815938054
40
0.0
41
0.0
42
0.0
10
1395366.98676564
20
359679.35684195
40
0.0
41
0.0
42
0.0
10
1395365.93928418
20
359678.276786598
40
0.0
41
0.0
42
0.0
10
1395364.49211096
20
359677.865171963
40
0.0
41
0.0
42
0.0
10
1395363.03301487
20
359678.232289843
40
0.0
41
0.0
42
0.0
10
1395361.95295953
20
359679.279771294
40
0.0
41
0.0
42
0.0
10
1395361.54134489
20
359680.726944505
40
0.0
41
0.0
42
0.0
210
0.0
220
0.0
230
1.0
0
TEXT
5
D57
330
1C
100
AcDbEntity
67
0
8
4 - принадлежность к ансамблю-0.1 ОКН
62
7
6
ByLayer
370
-1
48
1.0
60
0
100
AcDbText
1

10
1395364.3307261
20
359680.782055136
30
0.0
40
0.31111111111
41
1.0
50
0.0
51
0.0
7
Standard
11
1395364.3307261
21
359680.782055136
31
0.0
210
0.0
220
0.0
230
1.0
71
0
72
0
100
AcDbText
73
0
0
LWPOLYLINE
5
D58
330
1C
100
AcDbEntity
67
0
8
4 - принадлежность к ансамблю-0.1 ОКН
62
7
6
ByLayer
370
20
48
1.0
60
0
100
AcDbPolyline
90
13
70
1
38
0.0
39
0.0
10
1395371.20654749
20
359707.196396832
40
0.0
41
0.0
42
0.0
10
1395371.57366527
20
359708.65549298
40
0.0
41
0.0
42
0.0
10
1395372.62114666
20
359709.735548427
40
0.0
41
0.0
42
0.0
10
1395374.06831988
20
359710.147163188
40
0.0
41
0.0
42
0.0
10
1395375.52741604
20
359709.780045417
40
0.0
41
0.0
42
0.0
10
1395376.6074715
20
359708.732564013
40
0.0
41
0.0
42
0.0
10
1395377.01908626
20
359707.285390779
40
0.0
41
0.0
42
0.0
10
1395376.65196848
20
359705.826294612
40
0.0
41
0.0
42
0.0
10
1395375.60448706
20
359704.746239164
40
0.0
41
0.0
42
0.0
10
1395374.15731383
20
359704.33462442
40
0.0
41
0.0
42
0.0
10
1395372.69821768
20
359704.701742208
40
0.0
41
0.0
42
0.0
10
1395371.61816224
20
359705.749223612
40
0.0
41
0.0
42
0.0
10
1395371.20654749
20
359707.196396832
40
0.0
41
0.0
42
0.0
210
0.0
220
0.0
230
1.0
0
TEXT
5
D59
330
1C
100
AcDbEntity
67
0
8
4 - принадлежность к ансамблю-0.1 ОКН
62
7
6
ByLayer
370
-1
48
1.0
60
0
100
AcDbText
1

10
1395373.99592874
20
359707.251507657
30
0.0
40
0.31111111111
41
1.0
50
0.0
51
0.0
7
Standard
11
1395373.99592874
21
359707.251507657
31
0.0
210
0.0
220
0.0
230
1.0
71
0
72
0
100
AcDbText
73
0
0
LWPOLYLINE
5
D5A
330
1C
100
AcDbEntity
67
0
8
4 - принадлежность к ансамблю-0.1 ОКН
62
7
6
ByLayer
370
20
48
1.0
60
0
100
AcDbPolyline
90
13
70
1
38
0.0
39
0.0
10
1395382.81994998
20
359692.878502787
40
0.0
41
0.0
42
0.0
10
1395383.18706782
20
359694.337598966
40
0.0
41
0.0
42
0.0
10
1395384.23454928
20
359695.417654408
40
0.0
41
0.0
42
0.0
10
1395385.68172256
20
359695.829269129
40
0.0
41
0.0
42
0.0
10
1395387.14081875
20
359695.462151292
40
0.0
41
0.0
42
0.0
10
1395388.22087421
20
359694.414669818
40
0.0
41
0.0
42
0.0
10
1395388.63248893
20
359692.967496523
40
0.0
41
0.0
42
0.0
10
1395388.26537107
20
359691.508400326
40
0.0
41
0.0
42
0.0
10
1395387.21788959
20
359690.428344884
40
0.0
41
0.0
42
0.0
10
1395385.7707163
20
359690.01673018
40
0.0
41
0.0
42
0.0
10
1395384.31162012
20
359690.383848037
40
0.0
41
0.0
42
0.0
10
1395383.23156468
20
359691.431329512
40
0.0
41
0.0
42
0.0
10
1395382.81994998
20
359692.878502787
40
0.0
41
0.0
42
0.0
210
0.0
220
0.0
230
1.0
0
TEXT
5
D5B
330
1C
100
AcDbEntity
67
0
8
4 - принадлежность к ансамблю-0.1 ОКН
62
7
6
ByLayer
370
-1
48
1.0
60
0
100
AcDbText
1

10
1395385.60933132
20
359692.933613532
30
0.0
40
0.31111111111
41
1.0
50
0.0
51
0.0
7
Standard
11
1395385.60933132
21
359692.933613532
31
0.0
210
0.0
220
0.0
230
1.0
71
0
72
0
100
AcDbText
73
0
0
LWPOLYLINE
5
D5C
330
1C
100
AcDbEntity
67
0
8
4 - принадлежность к ансамблю-0.1 ОКН
62
7
6
ByLayer
370
20
48
1.0
60
0
100
AcDbPolyline
90
13
70
1
38
0.0
39
0.0
10
1395386.71455663
20
359669.230537847
40
0.0
41
0.0
42
0.0
10
1395387.08167456
20
359670.689634017
40
0.0
41
0.0
42
0.0
10
1395388.1291561
20
359671.769689405
40
0.0
41
0.0
42
0.0
10
1395389.57632942
20
359672.181304042
40
0.0
41
0.0
42
0.0
10
1395391.0354256
20
359671.814186114
40
0.0
41
0.0
42
0.0
10
1395392.115481
20
359670.766704563
40
0.0
41
0.0
42
0.0
10
1395392.52709564
20
359669.319531227
40
0.0
41
0.0
42
0.0
10
1395392.1599777
20
359667.86043504
40
0.0
41
0.0
42
0.0
10
1395391.11249613
20
359666.78037965
40
0.0
41
0.0
42
0.0
10
1395389.6653228
20
359666.368765031
40
0.0
41
0.0
42
0.0
10
1395388.20622663
20
359666.735882977
40
0.0
41
0.0
42
0.0
10
1395387.12617125
20
359667.783364532
40
0.0
41
0.0
42
0.0
10
1395386.71455663
20
359669.230537847
40
0.0
41
0.0
42
0.0
210
0.0
220
0.0
230
1.0
0
TEXT
5
D5D
330
1C
100
AcDbEntity
67
0
8
4 - принадлежность к ансамблю-0.1 ОКН
62
7
6
ByLayer
370
-1
48
1.0
60
0
100
AcDbText
1

10
1395389.50393803
20
359669.285648431
30
0.0
40
0.31111111111
41
1.0
50
0.0
51
0.0
7
Standard
11
1395389.50393803
21
359669.285648431
31
0.0
210
0.0
220
0.0
230
1.0
71
0
72
0
100
AcDbText
73
0
0
LWPOLYLINE
5
D5E
330
1C
100
AcDbEntity
67
0
8
4 - принадлежность к ансамблю-0.1 ОКН
62
7
6
ByLayer
370
20
48
1.0
60
0
100
AcDbPolyline
90
13
70
1
38
0.0
39
0.0
10
1396657.63017044
20
359694.259101799
40
0.0
41
0.0
42
0.0
10
1396657.99728948
20
359695.718202755
40
0.0
41
0.0
42
0.0
10
1396659.04477438
20
359696.798261732
40
0.0
41
0.0
42
0.0
10
1396660.49195239
20
359697.209877799
40
0.0
41
0.0
42
0.0
10
1396661.95105336
20
359696.842758763
40
0.0
41
0.0
42
0.0
10
1396663.03111235
20
359695.795273858
40
0.0
41
0.0
42
0.0
10
1396663.44272842
20
359694.348095827
40
0.0
41
0.0
42
0.0
10
1396663.07560937
20
359692.888994849
40
0.0
41
0.0
42
0.0
10
1396662.02812445
20
359691.808935873
40
0.0
41
0.0
42
0.0
10
1396660.58094642
20
359691.397319822
40
0.0
41
0.0
42
0.0
10
1396659.12184546
20
359691.764438878
40
0.0
41
0.0
42
0.0
10
1396658.04178649
20
359692.811923785
40
0.0
41
0.0
42
0.0
10
1396657.63017044
20
359694.259101799
40
0.0
41
0.0
42
0.0
210
0.0
220
0.0
230
1.0
0
TEXT
5
D5F
330
1C
100
AcDbEntity
67
0
8
4 - принадлежность к ансамблю-0.1 ОКН
62
7
6
ByLayer
370
-1
48
1.0
60
0
100
AcDbText
1

10
1396660.41956046
20
359694.314214146
30
0.0
40
0.31111111111
41
1.0
50
0.0
51
0.0
7
Standard
11
1396660.41956046
21
359694.314214146
31
0.0
210
0.0
220
0.0
230
1.0
71
0
72
0
100
AcDbText
73
0
0
LWPOLYLINE
5
D60
330
1C
100
AcDbEntity
67
0
8
4 - принадлежность к ансамблю-0.1 ОКН
62
7
6
ByLayer
370
20
48
1.0
60
0
100
AcDbPolyline
90
13
70
1
38
0.0
39
0.0
10
1396285.75403335
20
359572.395154318
40
0.0
41
0.0
42
0.0
10
1396286.12115249
20
359573.854253764
40
0.0
41
0.0
42
0.0
10
1396287.16863672
20
359574.934311385
40
0.0
41
0.0
42
0.0
10
1396288.61581349
20
359575.345926607
40
0.0
41
0.0
42
0.0
10
1396290.07491295
20
359574.978807466
40
0.0
41
0.0
42
0.0
10
1396291.15497058
20
359573.931323224
40
0.0
41
0.0
42
0.0
10
1396291.5665858
20
359572.484146445
40
0.0
41
0.0
42
0.0
10
1396291.19946664
20
359571.02504698
40
0.0
41
0.0
42
0.0
10
1396290.15198239
20
359569.944989359
40
0.0
41
0.0
42
0.0
10
1396288.70480562
20
359569.533374153
40
0.0
41
0.0
42
0.0
10
1396287.24570616
20
359569.900493315
40
0.0
41
0.0
42
0.0
10
1396286.16564856
20
359570.947977557
40
0.0
41
0.0
42
0.0
10
1396285.75403335
20
359572.395154318
40
0.0
41
0.0
42
0.0
210
0.0
220
0.0
230
1.0
0
TEXT
5
D61
330
1C
100
AcDbEntity
67
0
8
4 - принадлежность к ансамблю-0.1 ОКН
62
7
6
ByLayer
370
-1
48
1.0
60
0
100
AcDbText
1

10
1396288.54342098
20
359572.450265369
30
0.0
40
0.31111111111
41
1.0
50
0.0
51
0.0
7
Standard
11
1396288.54342098
21
359572.450265369
31
0.0
210
0.0
220
0.0
230
1.0
71
0
72
0
100
AcDbText
73
0
0
LWPOLYLINE
5
D62
330
1C
100
AcDbEntity
67
0
8
4 - принадлежность к ансамблю-0.1 ОКН
62
7
6
ByLayer
370
20
48
1.0
60
0
100
AcDbPolyline
90
13
70
1
38
0.0
39
0.0
10
1396718.19465054
20
359683.36561621
40
0.0
41
0.0
42
0.0
10
1396718.56176969
20
359684.824717379
40
0.0
41
0.0
42
0.0
10
1396719.60925477
20
359685.904776494
40
0.0
41
0.0
42
0.0
10
1396721.05643303
20
359686.316392586
40
0.0
41
0.0
42
0.0
10
1396722.51553422
20
359685.949273449
40
0.0
41
0.0
42
0.0
10
1396723.59559334
20
359684.901788353
40
0.0
41
0.0
42
0.0
10
1396724.00720943
20
359683.454610082
40
0.0
41
0.0
42
0.0
10
1396723.64009028
20
359681.995508891
40
0.0
41
0.0
42
0.0
10
1396722.59260517
20
359680.915449774
40
0.0
41
0.0
42
0.0
10
1396721.1454269
20
359680.503833701
40
0.0
41
0.0
42
0.0
10
1396719.68632573
20
359680.870952857
40
0.0
41
0.0
42
0.0
10
1396718.60626662
20
359681.918437955
40
0.0
41
0.0
42
0.0
10
1396718.19465054
20
359683.36561621
40
0.0
41
0.0
42
0.0
210
0.0
220
0.0
230
1.0
0
TEXT
5
D63
330
1C
100
AcDbEntity
67
0
8
4 - принадлежность к ансамблю-0.1 ОКН
62
7
6
ByLayer
370
-1
48
1.0
60
0
100
AcDbText
1

10
1396720.98404099
20
359683.420728556
30
0.0
40
0.31111111111
41
1.0
50
0.0
51
0.0
7
Standard
11
1396720.98404099
21
359683.420728556
31
0.0
210
0.0
220
0.0
230
1.0
71
0
72
0
100
AcDbText
73
0
0
LWPOLYLINE
5
D64
330
1C
100
AcDbEntity
67
0
8
4 - принадлежность к ансамблю-0.1 ОКН
62
7
6
ByLayer
370
20
48
1.0
60
0
100
AcDbPolyline
90
13
70
1
38
0.0
39
0.0
10
1396945.10739738
20
359610.39522435
40
0.0
41
0.0
42
0.0
10
1396945.47451701
20
359611.854326303
40
0.0
41
0.0
42
0.0
10
1396946.52200291
20
359612.934385851
40
0.0
41
0.0
42
0.0
10
1396947.96918209
20
359613.34600191
40
0.0
41
0.0
42
0.0
10
1396949.42828406
20
359612.978882286
40
0.0
41
0.0
42
0.0
10
1396950.50834362
20
359611.931396376
40
0.0
41
0.0
42
0.0
10
1396950.91995967
20
359610.484217183
40
0.0
41
0.0
42
0.0
10
1396950.55284003
20
359609.025115212
40
0.0
41
0.0
42
0.0
10
1396949.50535411
20
359607.945055662
40
0.0
41
0.0
42
0.0
10
1396948.05817492
20
359607.53343962
40
0.0
41
0.0
42
0.0
10
1396946.59907297
20
359607.900559266
40
0.0
41
0.0
42
0.0
10
1396945.51901343
20
359608.948045178
40
0.0
41
0.0
42
0.0
10
1396945.10739738
20
359610.39522435
40
0.0
41
0.0
42
0.0
210
0.0
220
0.0
230
1.0
0
TEXT
5
D65
330
1C
100
AcDbEntity
67
0
8
4 - принадлежность к ансамблю-0.1 ОКН
62
7
6
ByLayer
370
-1
48
1.0
60
0
100
AcDbText
1

10
1396947.89678946
20
359610.450336486
30
0.0
40
0.31111111111
41
1.0
50
0.0
51
0.0
7
Standard
11
1396947.89678946
21
359610.450336486
31
0.0
210
0.0
220
0.0
230
1.0
71
0
72
0
100
AcDbText
73
0
0
LWPOLYLINE
5
D66
330
1C
100
AcDbEntity
67
0
8
4 - принадлежность к ансамблю-0.1 ОКН
62
7
6
ByLayer
370
20
48
1.0
60
0
100
AcDbPolyline
90
13
70
1
38
0.0
39
0.0
10
1397023.8120015
20
359537.831143789
40
0.0
41
0.0
42
0.0
10
1397024.17912147
20
359539.290245967
40
0.0
41
0.0
42
0.0
10
1397025.22660778
20
359540.370305535
40
0.0
41
0.0
42
0.0
10
1397026.67378733
20
359540.781921411
40
0.0
41
0.0
42
0.0
10
1397028.13288952
20
359540.414801439
40
0.0
41
0.0
42
0.0
10
1397029.21294911
20
359539.367315115
40
0.0
41
0.0
42
0.0
10
1397029.62456498
20
359537.920135553
40
0.0
41
0.0
42
0.0
10
1397029.25744499
20
359536.461033356
40
0.0
41
0.0
42
0.0
10
1397028.20995865
20
359535.380973784
40
0.0
41
0.0
42
0.0
10
1397026.7627791
20
359534.969357931
40
0.0
41
0.0
42
0.0
10
1397025.30367691
20
359535.33647792
40
0.0
41
0.0
42
0.0
10
1397024.22361735
20
359536.383964246
40
0.0
41
0.0
42
0.0
10
1397023.8120015
20
359537.831143789
40
0.0
41
0.0
42
0.0
210
0.0
220
0.0
230
1.0
0
TEXT
5
D67
330
1C
100
AcDbEntity
67
0
8
4 - принадлежность к ансамблю-0.1 ОКН
62
7
6
ByLayer
370
-1
48
1.0
60
0
100
AcDbText
1

10
1397026.6013942
20
359537.886255529
30
0.0
40
0.31111111111
41
1.0
50
0.0
51
0.0
7
Standard
11
1397026.6013942
21
359537.886255529
31
0.0
210
0.0
220
0.0
230
1.0
71
0
72
0
100
AcDbText
73
0
0
LWPOLYLINE
5
D68
330
1C
100
AcDbEntity
67
0
8
4 - принадлежность к ансамблю-0.1 ОКН
62
7
6
ByLayer
370
20
48
1.0
60
0
100
AcDbPolyline
90
13
70
1
38
0.0
39
0.0
10
1397076.55789328
20
359506.32435816
40
0.0
41
0.0
42
0.0
10
1397076.92501342
20
359507.783460508
40
0.0
41
0.0
42
0.0
10
1397077.97249996
20
359508.863520139
40
0.0
41
0.0
42
0.0
10
1397079.41967973
20
359509.275135952
40
0.0
41
0.0
42
0.0
10
1397080.8787821
20
359508.908015814
40
0.0
41
0.0
42
0.0
10
1397081.95884174
20
359507.860529259
40
0.0
41
0.0
42
0.0
10
1397082.37045755
20
359506.413349468
40
0.0
41
0.0
42
0.0
10
1397082.0033374
20
359504.954247103
40
0.0
41
0.0
42
0.0
10
1397080.95585083
20
359503.874187472
40
0.0
41
0.0
42
0.0
10
1397079.50867104
20
359503.462571679
40
0.0
41
0.0
42
0.0
10
1397078.0495687
20
359503.829691834
40
0.0
41
0.0
42
0.0
10
1397076.96950907
20
359504.87717839
40
0.0
41
0.0
42
0.0
10
1397076.55789328
20
359506.32435816
40
0.0
41
0.0
42
0.0
210
0.0
220
0.0
230
1.0
0
TEXT
5
D69
330
1C
100
AcDbEntity
67
0
8
4 - принадлежность к ансамблю-0.1 ОКН
62
7
6
ByLayer
370
-1
48
1.0
60
0
100
AcDbText
1

10
1397079.34728638
20
359506.379469756
30
0.0
40
0.31111111111
41
1.0
50
0.0
51
0.0
7
Standard
11
1397079.34728638
21
359506.379469756
31
0.0
210
0.0
220
0.0
230
1.0
71
0
72
0
100
AcDbText
73
0
0
LWPOLYLINE
5
D6A
330
1C
100
AcDbEntity
67
0
8
4 - принадлежность к ансамблю-0.1 ОКН
62
7
6
ByLayer
370
20
48
1.0
60
0
100
AcDbPolyline
90
13
70
1
38
0.0
39
0.0
10
1394692.36447182
20
359559.273397102
40
0.0
41
0.0
42
0.0
10
1394692.73158951
20
359560.732490565
40
0.0
41
0.0
42
0.0
10
1394693.77906948
20
359561.812543733
40
0.0
41
0.0
42
0.0
10
1394695.22624034
20
359562.224157231
40
0.0
41
0.0
42
0.0
10
1394696.68533382
20
359561.85703955
40
0.0
41
0.0
42
0.0
10
1394697.765387
20
359560.809559564
40
0.0
41
0.0
42
0.0
10
1394698.17700049
20
359559.362388694
40
0.0
41
0.0
42
0.0
10
1394697.80988279
20
359557.903295213
40
0.0
41
0.0
42
0.0
10
1394696.7624028
20
359556.823242042
40
0.0
41
0.0
42
0.0
10
1394695.31523193
20
359556.411628564
40
0.0
41
0.0
42
0.0
10
1394693.85613846
20
359556.778746264
40
0.0
41
0.0
42
0.0
10
1394692.7760853
20
359557.826226249
40
0.0
41
0.0
42
0.0
10
1394692.36447182
20
359559.273397102
40
0.0
41
0.0
42
0.0
210
0.0
220
0.0
230
1.0
0
TEXT
5
D6B
330
1C
100
AcDbEntity
67
0
8
4 - принадлежность к ансамблю-0.1 ОКН
62
7
6
ByLayer
370
-1
48
1.0
60
0
100
AcDbText
1

10
1394695.15384863
20
359559.328506068
30
0.0
40
0.31111111111
41
1.0
50
0.0
51
0.0
7
Standard
11
1394695.15384863
21
359559.328506068
31
0.0
210
0.0
220
0.0
230
1.0
71
0
72
0
100
AcDbText
73
0
0
LWPOLYLINE
5
D6C
330
1C
100
AcDbEntity
67
0
8
4 - принадлежность к ансамблю-0.1 ОКН
62
7
6
ByLayer
370
20
48
1.0
60
0
100
AcDbPolyline
90
13
70
1
38
0.0
39
0.0
10
1394714.92838923
20
359650.996102336
40
0.0
41
0.0
42
0.0
10
1394715.2955066
20
359652.45519597
40
0.0
41
0.0
42
0.0
10
1394716.34298638
20
359653.535249449
40
0.0
41
0.0
42
0.0
10
1394717.79015722
20
359653.946863309
40
0.0
41
0.0
42
0.0
10
1394719.24925087
20
359653.579745951
40
0.0
41
0.0
42
0.0
10
1394720.32930436
20
359652.53226616
40
0.0
41
0.0
42
0.0
10
1394720.74091822
20
359651.085095302
40
0.0
41
0.0
42
0.0
10
1394720.37380084
20
359649.626001648
40
0.0
41
0.0
42
0.0
10
1394719.32632104
20
359648.54594817
40
0.0
41
0.0
42
0.0
10
1394717.87915019
20
359648.134334323
40
0.0
41
0.0
42
0.0
10
1394716.42005655
20
359648.501451704
40
0.0
41
0.0
42
0.0
10
1394715.34000308
20
359649.548931495
40
0.0
41
0.0
42
0.0
10
1394714.92838923
20
359650.996102336
40
0.0
41
0.0
42
0.0
210
0.0
220
0.0
230
1.0
0
TEXT
5
D6D
330
1C
100
AcDbEntity
67
0
8
4 - принадлежность к ансамблю-0.1 ОКН
62
7
6
ByLayer
370
-1
48
1.0
60
0
100
AcDbText
1

10
1394717.71776608
20
359651.051211956
30
0.0
40
0.31111111111
41
1.0
50
0.0
51
0.0
7
Standard
11
1394717.71776608
21
359651.051211956
31
0.0
210
0.0
220
0.0
230
1.0
71
0
72
0
100
AcDbText
73
0
0
LWPOLYLINE
5
D6E
330
1C
100
AcDbEntity
67
0
8
4 - принадлежность к ансамблю-0.1 ОКН
62
7
6
ByLayer
370
20
48
1.0
60
0
100
AcDbPolyline
90
13
70
1
38
0.0
39
0.0
10
1395269.87404515
20
359863.798749989
40
0.0
41
0.0
42
0.0
10
1395270.24116224
20
359865.257845907
40
0.0
41
0.0
42
0.0
10
1395271.28864293
20
359866.337901492
40
0.0
41
0.0
42
0.0
10
1395272.73581561
20
359866.749516731
40
0.0
41
0.0
42
0.0
10
1395274.19491154
20
359866.382399645
40
0.0
41
0.0
42
0.0
10
1395275.27496714
20
359865.334918947
40
0.0
41
0.0
42
0.0
10
1395275.68658238
20
359863.887746251
40
0.0
41
0.0
42
0.0
10
1395275.31946527
20
359862.428650315
40
0.0
41
0.0
42
0.0
10
1395274.27198457
20
359861.348594728
40
0.0
41
0.0
42
0.0
10
1395272.82481187
20
359860.936979509
40
0.0
41
0.0
42
0.0
10
1395271.36571596
20
359861.304096617
40
0.0
41
0.0
42
0.0
10
1395270.28566037
20
359862.351577313
40
0.0
41
0.0
42
0.0
10
1395269.87404515
20
359863.798749989
40
0.0
41
0.0
42
0.0
210
0.0
220
0.0
230
1.0
0
TEXT
5
D6F
330
1C
100
AcDbEntity
67
0
8
4 - принадлежность к ансамблю-0.1 ОКН
62
7
6
ByLayer
370
-1
48
1.0
60
0
100
AcDbText
1

10
1395272.66342551
20
359863.853861753
30
0.0
40
0.31111111111
41
1.0
50
0.0
51
0.0
7
Standard
11
1395272.66342551
21
359863.853861753
31
0.0
210
0.0
220
0.0
230
1.0
71
0
72
0
100
AcDbText
73
0
0
LWPOLYLINE
5
D70
330
1C
100
AcDbEntity
67
0
8
4 - принадлежность к ансамблю-0.1 ОКН
62
7
6
ByLayer
370
20
48
1.0
60
0
100
AcDbPolyline
90
13
70
1
38
0.0
39
0.0
10
1395292.3785251
20
359853.432023502
40
0.0
41
0.0
42
0.0
10
1395292.74564226
20
359854.891119493
40
0.0
41
0.0
42
0.0
10
1395293.79312303
20
359855.971175115
40
0.0
41
0.0
42
0.0
10
1395295.24029581
20
359856.382790343
40
0.0
41
0.0
42
0.0
10
1395296.69939181
20
359856.015673192
40
0.0
41
0.0
42
0.0
10
1395297.77944745
20
359854.968192407
40
0.0
41
0.0
42
0.0
10
1395298.19106267
20
359853.521019613
40
0.0
41
0.0
42
0.0
10
1395297.8239455
20
359852.061923604
40
0.0
41
0.0
42
0.0
10
1395296.77646471
20
359850.981867981
40
0.0
41
0.0
42
0.0
10
1395295.32929192
20
359850.570252774
40
0.0
41
0.0
42
0.0
10
1395293.87019593
20
359850.937369943
40
0.0
41
0.0
42
0.0
10
1395292.79014031
20
359851.984850732
40
0.0
41
0.0
42
0.0
10
1395292.3785251
20
359853.432023502
40
0.0
41
0.0
42
0.0
210
0.0
220
0.0
230
1.0
0
TEXT
5
D71
330
1C
100
AcDbEntity
67
0
8
4 - принадлежность к ансамблю-0.1 ОКН
62
7
6
ByLayer
370
-1
48
1.0
60
0
100
AcDbText
1

10
1395295.16790563
20
359853.487135222
30
0.0
40
0.31111111111
41
1.0
50
0.0
51
0.0
7
Standard
11
1395295.16790563
21
359853.487135222
31
0.0
210
0.0
220
0.0
230
1.0
71
0
72
0
100
AcDbText
73
0
0
LWPOLYLINE
5
D72
330
1C
100
AcDbEntity
67
0
8
4 - принадлежность к ансамблю-0.1 ОКН
62
7
6
ByLayer
370
20
48
1.0
60
0
100
AcDbPolyline
90
13
70
1
38
0.0
39
0.0
10
1395198.25940782
20
360295.985665862
40
0.0
41
0.0
42
0.0
10
1395198.62652322
20
360297.44476192
40
0.0
41
0.0
42
0.0
10
1395199.67400252
20
360298.524818473
40
0.0
41
0.0
42
0.0
10
1395201.12117448
20
360298.936435243
40
0.0
41
0.0
42
0.0
10
1395202.58027055
20
360298.56931984
40
0.0
41
0.0
42
0.0
10
1395203.66032712
20
360297.521840536
40
0.0
41
0.0
42
0.0
10
1395204.07194388
20
360296.074668563
40
0.0
41
0.0
42
0.0
10
1395203.70482846
20
360294.615572486
40
0.0
41
0.0
42
0.0
10
1395202.65734915
20
360293.53551593
40
0.0
41
0.0
42
0.0
10
1395201.21017718
20
360293.123899178
40
0.0
41
0.0
42
0.0
10
1395199.75108111
20
360293.491014599
40
0.0
41
0.0
42
0.0
10
1395198.67102457
20
360294.538493905
40
0.0
41
0.0
42
0.0
10
1395198.25940782
20
360295.985665862
40
0.0
41
0.0
42
0.0
210
0.0
220
0.0
230
1.0
0
TEXT
5
D73
330
1C
100
AcDbEntity
67
0
8
4 - принадлежность к ансамблю-0.1 ОКН
62
7
6
ByLayer
370
-1
48
1.0
60
0
100
AcDbText
1

10
1395201.04878715
20
360296.040780479
30
0.0
40
0.31111111111
41
1.0
50
0.0
51
0.0
7
Standard
11
1395201.04878715
21
360296.040780479
31
0.0
210
0.0
220
0.0
230
1.0
71
0
72
0
100
AcDbText
73
0
0
LWPOLYLINE
5
D74
330
1C
100
AcDbEntity
67
0
8
4 - принадлежность к ансамблю-0.1 ОКН
62
7
6
ByLayer
370
20
48
1.0
60
0
100
AcDbPolyline
90
13
70
1
38
0.0
39
0.0
10
1395203.89744394
20
360315.243600783
40
0.0
41
0.0
42
0.0
10
1395204.26455928
20
360316.702696881
40
0.0
41
0.0
42
0.0
10
1395205.31203854
20
360317.782753502
40
0.0
41
0.0
42
0.0
10
1395206.7592105
20
360318.194370348
40
0.0
41
0.0
42
0.0
10
1395208.21830661
20
360317.827255015
40
0.0
41
0.0
42
0.0
10
1395209.29836324
20
360316.779775748
40
0.0
41
0.0
42
0.0
10
1395209.70998009
20
360315.33260377
40
0.0
41
0.0
42
0.0
10
1395209.34286474
20
360313.873507654
40
0.0
41
0.0
42
0.0
10
1395208.29538546
20
360312.793451032
40
0.0
41
0.0
42
0.0
10
1395206.84821349
20
360312.381834202
40
0.0
41
0.0
42
0.0
10
1395205.38911739
20
360312.748949558
40
0.0
41
0.0
42
0.0
10
1395204.30906077
20
360313.796428825
40
0.0
41
0.0
42
0.0
10
1395203.89744394
20
360315.243600783
40
0.0
41
0.0
42
0.0
210
0.0
220
0.0
230
1.0
0
TEXT
5
D75
330
1C
100
AcDbEntity
67
0
8
4 - принадлежность к ансамблю-0.1 ОКН
62
7
6
ByLayer
370
-1
48
1.0
60
0
100
AcDbText
1

10
1395206.68682329
20
360315.298715538
30
0.0
40
0.31111111111
41
1.0
50
0.0
51
0.0
7
Standard
11
1395206.68682329
21
360315.298715538
31
0.0
210
0.0
220
0.0
230
1.0
71
0
72
0
100
AcDbText
73
0
0
LWPOLYLINE
5
D76
330
1C
100
AcDbEntity
67
0
8
4 - принадлежность к ансамблю-0.1 ОКН
62
7
6
ByLayer
370
20
48
1.0
60
0
100
AcDbPolyline
90
13
70
1
38
0.0
39
0.0
10
1394611.43992766
20
359969.389161845
40
0.0
41
0.0
42
0.0
10
1394611.80704373
20
359970.848255395
40
0.0
41
0.0
42
0.0
10
1394612.85452235
20
359971.928309444
40
0.0
41
0.0
42
0.0
10
1394614.30169247
20
359972.339924383
40
0.0
41
0.0
42
0.0
10
1394615.76078603
20
359971.972808313
40
0.0
41
0.0
42
0.0
10
1394616.8408401
20
359970.925329681
40
0.0
41
0.0
42
0.0
10
1394617.25245503
20
359969.478159544
40
0.0
41
0.0
42
0.0
10
1394616.88533895
20
359968.019065973
40
0.0
41
0.0
42
0.0
10
1394615.8378603
20
359966.939011928
40
0.0
41
0.0
42
0.0
10
1394614.39069017
20
359966.527397007
40
0.0
41
0.0
42
0.0
10
1394612.93159662
20
359966.894513097
40
0.0
41
0.0
42
0.0
10
1394611.85154258
20
359967.941991725
40
0.0
41
0.0
42
0.0
10
1394611.43992766
20
359969.389161845
40
0.0
41
0.0
42
0.0
210
0.0
220
0.0
230
1.0
0
TEXT
5
D77
330
1C
100
AcDbEntity
67
0
8
4 - принадлежность к ансамблю-0.1 ОКН
62
7
6
ByLayer
370
-1
48
1.0
60
0
100
AcDbText
1

10
1394614.2293034
20
359969.444273503
30
0.0
40
0.31111111111
41
1.0
50
0.0
51
0.0
7
Standard
11
1394614.2293034
21
359969.444273503
31
0.0
210
0.0
220
0.0
230
1.0
71
0
72
0
100
AcDbText
73
0
0
LWPOLYLINE
5
D78
330
1C
100
AcDbEntity
67
0
8
4 - принадлежность к ансамблю-0.1 ОКН
62
7
6
ByLayer
370
20
48
1.0
60
0
100
AcDbPolyline
90
13
70
1
38
0.0
39
0.0
10
1394560.27745511
20
359980.683210834
40
0.0
41
0.0
42
0.0
10
1394560.6445711
20
359982.142304202
40
0.0
41
0.0
42
0.0
10
1394561.69204954
20
359983.222358139
40
0.0
41
0.0
42
0.0
10
1394563.13921946
20
359983.633973066
40
0.0
41
0.0
42
0.0
10
1394564.59831285
20
359983.266857087
40
0.0
41
0.0
42
0.0
10
1394565.6783668
20
359982.21937863
40
0.0
41
0.0
42
0.0
10
1394566.08998172
20
359980.772208691
40
0.0
41
0.0
42
0.0
10
1394565.72286573
20
359979.313115304
40
0.0
41
0.0
42
0.0
10
1394564.67538725
20
359978.233061366
40
0.0
41
0.0
42
0.0
10
1394563.22821733
20
359977.821446459
40
0.0
41
0.0
42
0.0
10
1394561.76912395
20
359978.188562456
40
0.0
41
0.0
42
0.0
10
1394560.68907002
20
359979.236040918
40
0.0
41
0.0
42
0.0
10
1394560.27745511
20
359980.683210834
40
0.0
41
0.0
42
0.0
210
0.0
220
0.0
230
1.0
0
TEXT
5
D79
330
1C
100
AcDbEntity
67
0
8
4 - принадлежность к ансамблю-0.1 ОКН
62
7
6
ByLayer
370
-1
48
1.0
60
0
100
AcDbText
1

10
1394563.0668305
20
359980.738322507
30
0.0
40
0.31111111111
41
1.0
50
0.0
51
0.0
7
Standard
11
1394563.0668305
21
359980.738322507
31
0.0
210
0.0
220
0.0
230
1.0
71
0
72
0
100
AcDbText
73
0
0
LWPOLYLINE
5
D7A
330
1C
100
AcDbEntity
67
0
8
4 - принадлежность к ансамблю-0.1 ОКН
62
7
6
ByLayer
370
20
48
1.0
60
0
100
AcDbPolyline
90
13
70
1
38
0.0
39
0.0
10
1394642.53059378
20
359927.258731807
40
0.0
41
0.0
42
0.0
10
1394642.89771004
20
359928.717825436
40
0.0
41
0.0
42
0.0
10
1394643.94518886
20
359929.797879458
40
0.0
41
0.0
42
0.0
10
1394645.39235914
20
359930.20949427
40
0.0
41
0.0
42
0.0
10
1394646.85145278
20
359929.842378013
40
0.0
41
0.0
42
0.0
10
1394647.93150681
20
359928.794899182
40
0.0
41
0.0
42
0.0
10
1394648.34312162
20
359927.347728887
40
0.0
41
0.0
42
0.0
10
1394647.97600535
20
359925.888635239
40
0.0
41
0.0
42
0.0
10
1394646.92852651
20
359924.808581219
40
0.0
41
0.0
42
0.0
10
1394645.48135622
20
359924.396966423
40
0.0
41
0.0
42
0.0
10
1394644.02226259
20
359924.764082698
40
0.0
41
0.0
42
0.0
10
1394642.94220858
20
359925.81156153
40
0.0
41
0.0
42
0.0
10
1394642.53059378
20
359927.258731807
40
0.0
41
0.0
42
0.0
210
0.0
220
0.0
230
1.0
0
TEXT
5
D7B
330
1C
100
AcDbEntity
67
0
8
4 - принадлежность к ансамблю-0.1 ОКН
62
7
6
ByLayer
370
-1
48
1.0
60
0
100
AcDbText
1

10
1394645.31996979
20
359927.313843216
30
0.0
40
0.31111111111
41
1.0
50
0.0
51
0.0
7
Standard
11
1394645.31996979
21
359927.313843216
31
0.0
210
0.0
220
0.0
230
1.0
71
0
72
0
100
AcDbText
73
0
0
LWPOLYLINE
5
D7C
330
1C
100
AcDbEntity
67
0
8
4 - принадлежность к ансамблю-0.1 ОКН
62
7
6
ByLayer
370
20
48
1.0
60
0
100
AcDbPolyline
90
13
70
1
38
0.0
39
0.0
10
1394712.69077059
20
359910.810144621
40
0.0
41
0.0
42
0.0
10
1394713.05788698
20
359912.269238496
40
0.0
41
0.0
42
0.0
10
1394714.10536604
20
359913.349292666
40
0.0
41
0.0
42
0.0
10
1394715.55253659
20
359913.760907492
40
0.0
41
0.0
42
0.0
10
1394717.01163048
20
359913.393791108
40
0.0
41
0.0
42
0.0
10
1394718.09168466
20
359912.346312045
40
0.0
41
0.0
42
0.0
10
1394718.50329949
20
359910.899141472
40
0.0
41
0.0
42
0.0
10
1394718.13618309
20
359909.440047576
40
0.0
41
0.0
42
0.0
10
1394717.08870401
20
359908.359993408
40
0.0
41
0.0
42
0.0
10
1394715.64153344
20
359907.948378596
40
0.0
41
0.0
42
0.0
10
1394714.18243956
20
359908.315495
40
0.0
41
0.0
42
0.0
10
1394713.1023854
20
359909.362974064
40
0.0
41
0.0
42
0.0
10
1394712.69077059
20
359910.810144621
40
0.0
41
0.0
42
0.0
210
0.0
220
0.0
230
1.0
0
TEXT
5
D7D
330
1C
100
AcDbEntity
67
0
8
4 - принадлежность к ансамблю-0.1 ОКН
62
7
6
ByLayer
370
-1
48
1.0
60
0
100
AcDbText
1

10
1394715.4801471
20
359910.865256007
30
0.0
40
0.31111111111
41
1.0
50
0.0
51
0.0
7
Standard
11
1394715.4801471
21
359910.865256007
31
0.0
210
0.0
220
0.0
230
1.0
71
0
72
0
100
AcDbText
73
0
0
LWPOLYLINE
5
D7E
330
1C
100
AcDbEntity
67
0
8
4 - принадлежность к ансамблю-0.1 ОКН
62
7
6
ByLayer
370
20
48
1.0
60
0
100
AcDbPolyline
90
13
70
1
38
0.0
39
0.0
10
1394707.07169433
20
359884.17568783
40
0.0
41
0.0
42
0.0
10
1394707.43881081
20
359885.634781657
40
0.0
41
0.0
42
0.0
10
1394708.48628992
20
359886.714835742
40
0.0
41
0.0
42
0.0
10
1394709.93346049
20
359887.126450464
40
0.0
41
0.0
42
0.0
10
1394711.39255433
20
359886.759333984
40
0.0
41
0.0
42
0.0
10
1394712.47260843
20
359885.711854861
40
0.0
41
0.0
42
0.0
10
1394712.88422315
20
359884.26468428
40
0.0
41
0.0
42
0.0
10
1394712.51710665
20
359882.805590432
40
0.0
41
0.0
42
0.0
10
1394711.46962752
20
359881.725536351
40
0.0
41
0.0
42
0.0
10
1394710.02245694
20
359881.313921645
40
0.0
41
0.0
42
0.0
10
1394708.56336311
20
359881.681038142
40
0.0
41
0.0
42
0.0
10
1394707.48330903
20
359882.728517264
40
0.0
41
0.0
42
0.0
10
1394707.07169433
20
359884.17568783
40
0.0
41
0.0
42
0.0
210
0.0
220
0.0
230
1.0
0
TEXT
5
D7F
330
1C
100
AcDbEntity
67
0
8
4 - принадлежность к ансамблю-0.1 ОКН
62
7
6
ByLayer
370
-1
48
1.0
60
0
100
AcDbText
1

10
1394709.86107083
20
359884.230799026
30
0.0
40
0.31111111111
41
1.0
50
0.0
51
0.0
7
Standard
11
1394709.86107083
21
359884.230799026
31
0.0
210
0.0
220
0.0
230
1.0
71
0
72
0
100
AcDbText
73
0
0
LWPOLYLINE
5
D80
330
1C
100
AcDbEntity
67
0
8
4 - принадлежность к ансамблю-0.1 ОКН
62
7
6
ByLayer
370
20
48
1.0
60
0
100
AcDbPolyline
90
13
70
1
38
0.0
39
0.0
10
1394663.48617495
20
359878.82139835
40
0.0
41
0.0
42
0.0
10
1394663.85329142
20
359880.280492007
40
0.0
41
0.0
42
0.0
10
1394664.90077043
20
359881.360545956
40
0.0
41
0.0
42
0.0
10
1394666.34794084
20
359881.772160614
40
0.0
41
0.0
42
0.0
10
1394667.80703451
20
359881.405044156
40
0.0
41
0.0
42
0.0
10
1394668.88708847
20
359880.357565134
40
0.0
41
0.0
42
0.0
10
1394669.29870313
20
359878.91039471
40
0.0
41
0.0
42
0.0
10
1394668.93158665
20
359877.45130103
40
0.0
41
0.0
42
0.0
10
1394667.88410762
20
359876.371247083
40
0.0
41
0.0
42
0.0
10
1394666.4369372
20
359875.959632446
40
0.0
41
0.0
42
0.0
10
1394664.97784353
20
359876.326748921
40
0.0
41
0.0
42
0.0
10
1394663.8977896
20
359877.374227942
40
0.0
41
0.0
42
0.0
10
1394663.48617495
20
359878.82139835
40
0.0
41
0.0
42
0.0
210
0.0
220
0.0
230
1.0
0
TEXT
5
D81
330
1C
100
AcDbEntity
67
0
8
4 - принадлежность к ансамблю-0.1 ОКН
62
7
6
ByLayer
370
-1
48
1.0
60
0
100
AcDbText
1

10
1394666.27555117
20
359878.876509456
30
0.0
40
0.31111111111
41
1.0
50
0.0
51
0.0
7
Standard
11
1394666.27555117
21
359878.876509456
31
0.0
210
0.0
220
0.0
230
1.0
71
0
72
0
100
AcDbText
73
0
0
LWPOLYLINE
5
D82
330
1C
100
AcDbEntity
67
0
8
4 - принадлежность к ансамблю-0.1 ОКН
62
7
6
ByLayer
370
20
48
1.0
60
0
100
AcDbPolyline
90
13
70
1
38
0.0
39
0.0
10
1394701.38404053
20
359867.987698481
40
0.0
41
0.0
42
0.0
10
1394701.75115707
20
359869.446792273
40
0.0
41
0.0
42
0.0
10
1394702.79863621
20
359870.526846296
40
0.0
41
0.0
42
0.0
10
1394704.24580677
20
359870.938460955
40
0.0
41
0.0
42
0.0
10
1394705.70490058
20
359870.57134442
40
0.0
41
0.0
42
0.0
10
1394706.78495461
20
359869.523865268
40
0.0
41
0.0
42
0.0
10
1394707.19656927
20
359868.076694688
40
0.0
41
0.0
42
0.0
10
1394706.82945272
20
359866.61760088
40
0.0
41
0.0
42
0.0
10
1394705.78197356
20
359865.537546853
40
0.0
41
0.0
42
0.0
10
1394704.33480298
20
359865.125932216
40
0.0
41
0.0
42
0.0
10
1394702.87570918
20
359865.493048769
40
0.0
41
0.0
42
0.0
10
1394701.79565517
20
359866.540527923
40
0.0
41
0.0
42
0.0
10
1394701.38404053
20
359867.987698481
40
0.0
41
0.0
42
0.0
210
0.0
220
0.0
230
1.0
0
TEXT
5
D83
330
1C
100
AcDbEntity
67
0
8
4 - принадлежность к ансамблю-0.1 ОКН
62
7
6
ByLayer
370
-1
48
1.0
60
0
100
AcDbText
1

10
1394704.17341701
20
359868.042809559
30
0.0
40
0.31111111111
41
1.0
50
0.0
51
0.0
7
Standard
11
1394704.17341701
21
359868.042809559
31
0.0
210
0.0
220
0.0
230
1.0
71
0
72
0
100
AcDbText
73
0
0
LWPOLYLINE
5
D84
330
1C
100
AcDbEntity
67
0
8
4 - принадлежность к ансамблю-0.1 ОКН
62
7
6
ByLayer
370
20
48
1.0
60
0
100
AcDbPolyline
90
13
70
1
38
0.0
39
0.0
10
1394720.2239277
20
359940.05212213
40
0.0
41
0.0
42
0.0
10
1394720.59104398
20
359941.511216059
40
0.0
41
0.0
42
0.0
10
1394721.63852298
20
359942.591270332
40
0.0
41
0.0
42
0.0
10
1394723.08569354
20
359943.002885276
40
0.0
41
0.0
42
0.0
10
1394724.54478748
20
359942.635768993
40
0.0
41
0.0
42
0.0
10
1394725.62484176
20
359941.588289987
40
0.0
41
0.0
42
0.0
10
1394726.0364567
20
359940.141119414
40
0.0
41
0.0
42
0.0
10
1394725.6693404
20
359938.682025467
40
0.0
41
0.0
42
0.0
10
1394724.62186139
20
359937.601971196
40
0.0
41
0.0
42
0.0
10
1394723.17469082
20
359937.19035627
40
0.0
41
0.0
42
0.0
10
1394721.71559688
20
359937.557472571
40
0.0
41
0.0
42
0.0
10
1394720.63554262
20
359938.604951575
40
0.0
41
0.0
42
0.0
10
1394720.2239277
20
359940.05212213
40
0.0
41
0.0
42
0.0
210
0.0
220
0.0
230
1.0
0
TEXT
5
D85
330
1C
100
AcDbEntity
67
0
8
4 - принадлежность к ансамблю-0.1 ОКН
62
7
6
ByLayer
370
-1
48
1.0
60
0
100
AcDbText
1

10
1394723.01330422
20
359940.107233725
30
0.0
40
0.31111111111
41
1.0
50
0.0
51
0.0
7
Standard
11
1394723.01330422
21
359940.107233725
31
0.0
210
0.0
220
0.0
230
1.0
71
0
72
0
100
AcDbText
73
0
0
LWPOLYLINE
5
D86
330
1C
100
AcDbEntity
67
0
8
4 - принадлежность к ансамблю-0.1 ОКН
62
7
6
ByLayer
370
20
48
1.0
60
0
100
AcDbPolyline
90
13
70
1
38
0.0
39
0.0
10
1394729.94148538
20
359983.275670085
40
0.0
41
0.0
42
0.0
10
1394730.30860152
20
359984.734764092
40
0.0
41
0.0
42
0.0
10
1394731.35608042
20
359985.814818506
40
0.0
41
0.0
42
0.0
10
1394732.80325096
20
359986.226433622
40
0.0
41
0.0
42
0.0
10
1394734.26234499
20
359985.859317489
40
0.0
41
0.0
42
0.0
10
1394735.34239941
20
359984.81183858
40
0.0
41
0.0
42
0.0
10
1394735.75401452
20
359983.364668018
40
0.0
41
0.0
42
0.0
10
1394735.38689838
20
359981.90557399
40
0.0
41
0.0
42
0.0
10
1394734.33941946
20
359980.825519577
40
0.0
41
0.0
42
0.0
10
1394732.8922489
20
359980.413904479
40
0.0
41
0.0
42
0.0
10
1394731.43315488
20
359980.781020627
40
0.0
41
0.0
42
0.0
10
1394730.35310048
20
359981.82849954
40
0.0
41
0.0
42
0.0
10
1394729.94148538
20
359983.275670085
40
0.0
41
0.0
42
0.0
210
0.0
220
0.0
230
1.0
0
TEXT
5
D87
330
1C
100
AcDbEntity
67
0
8
4 - принадлежность к ансамблю-0.1 ОКН
62
7
6
ByLayer
370
-1
48
1.0
60
0
100
AcDbText
1

10
1394732.73086192
20
359983.330781984
30
0.0
40
0.31111111111
41
1.0
50
0.0
51
0.0
7
Standard
11
1394732.73086192
21
359983.330781984
31
0.0
210
0.0
220
0.0
230
1.0
71
0
72
0
100
AcDbText
73
0
0
LWPOLYLINE
5
D88
330
1C
100
AcDbEntity
67
0
8
4 - принадлежность к ансамблю-0.1 ОКН
62
7
6
ByLayer
370
20
48
1.0
60
0
100
AcDbPolyline
90
13
70
1
38
0.0
39
0.0
10
1394757.13246159
20
359891.92267065
40
0.0
41
0.0
42
0.0
10
1394757.4995781
20
359893.381764669
40
0.0
41
0.0
42
0.0
10
1394758.54705732
20
359894.461818914
40
0.0
41
0.0
42
0.0
10
1394759.99422807
20
359894.873433717
40
0.0
41
0.0
42
0.0
10
1394761.4533221
20
359894.506317219
40
0.0
41
0.0
42
0.0
10
1394762.53337636
20
359893.458837987
40
0.0
41
0.0
42
0.0
10
1394762.94499116
20
359892.011667224
40
0.0
41
0.0
42
0.0
10
1394762.57787465
20
359890.552573182
40
0.0
41
0.0
42
0.0
10
1394761.5303954
20
359889.472518936
40
0.0
41
0.0
42
0.0
10
1394760.08322464
20
359889.060904153
40
0.0
41
0.0
42
0.0
10
1394758.62413062
20
359889.428020668
40
0.0
41
0.0
42
0.0
10
1394757.54407638
20
359890.475499906
40
0.0
41
0.0
42
0.0
10
1394757.13246159
20
359891.92267065
40
0.0
41
0.0
42
0.0
210
0.0
220
0.0
230
1.0
0
TEXT
5
D89
330
1C
100
AcDbEntity
67
0
8
4 - принадлежность к ансамблю-0.1 ОКН
62
7
6
ByLayer
370
-1
48
1.0
60
0
100
AcDbText
1

10
1394759.92183843
20
359891.977781963
30
0.0
40
0.31111111111
41
1.0
50
0.0
51
0.0
7
Standard
11
1394759.92183843
21
359891.977781963
31
0.0
210
0.0
220
0.0
230
1.0
71
0
72
0
100
AcDbText
73
0
0
LWPOLYLINE
5
D8A
330
1C
100
AcDbEntity
67
0
8
4 - принадлежность к ансамблю-0.1 ОКН
62
7
6
ByLayer
370
20
48
1.0
60
0
100
AcDbPolyline
90
13
70
1
38
0.0
39
0.0
10
1394747.69888718
20
359858.997589305
40
0.0
41
0.0
42
0.0
10
1394748.0660038
20
359860.456683261
40
0.0
41
0.0
42
0.0
10
1394749.11348309
20
359861.536737389
40
0.0
41
0.0
42
0.0
10
1394750.56065384
20
359861.948352062
40
0.0
41
0.0
42
0.0
10
1394752.0197478
20
359861.58123545
40
0.0
41
0.0
42
0.0
10
1394753.09980194
20
359860.533756147
40
0.0
41
0.0
42
0.0
10
1394753.51141661
20
359859.086585386
40
0.0
41
0.0
42
0.0
10
1394753.14429999
20
359857.627491414
40
0.0
41
0.0
42
0.0
10
1394752.09682068
20
359856.547437284
40
0.0
41
0.0
42
0.0
10
1394750.64964992
20
359856.135822631
40
0.0
41
0.0
42
0.0
10
1394749.19055596
20
359856.502939261
40
0.0
41
0.0
42
0.0
10
1394748.11050184
20
359857.550418566
40
0.0
41
0.0
42
0.0
10
1394747.69888718
20
359858.997589305
40
0.0
41
0.0
42
0.0
210
0.0
220
0.0
230
1.0
0
TEXT
5
D8B
330
1C
100
AcDbEntity
67
0
8
4 - принадлежность к ансамблю-0.1 ОКН
62
7
6
ByLayer
370
-1
48
1.0
60
0
100
AcDbText
1

10
1394750.48826399
20
359859.052700385
30
0.0
40
0.31111111111
41
1.0
50
0.0
51
0.0
7
Standard
11
1394750.48826399
21
359859.052700385
31
0.0
210
0.0
220
0.0
230
1.0
71
0
72
0
100
AcDbText
73
0
0
LWPOLYLINE
5
D8C
330
1C
100
AcDbEntity
67
0
8
4 - принадлежность к ансамблю-0.1 ОКН
62
7
6
ByLayer
370
20
48
1.0
60
0
100
AcDbPolyline
90
13
70
1
38
0.0
39
0.0
10
1394723.41496388
20
359861.278205305
40
0.0
41
0.0
42
0.0
10
1394723.78208047
20
359862.737299172
40
0.0
41
0.0
42
0.0
10
1394724.82955969
20
359863.817353239
40
0.0
41
0.0
42
0.0
10
1394726.27673034
20
359864.228967894
40
0.0
41
0.0
42
0.0
10
1394727.73582423
20
359863.861851313
40
0.0
41
0.0
42
0.0
10
1394728.8158783
20
359862.814372084
40
0.0
41
0.0
42
0.0
10
1394729.22749295
20
359861.367201414
40
0.0
41
0.0
42
0.0
10
1394728.86037636
20
359859.908107531
40
0.0
41
0.0
42
0.0
10
1394727.81289712
20
359858.828053461
40
0.0
41
0.0
42
0.0
10
1394726.36572645
20
359858.416438826
40
0.0
41
0.0
42
0.0
10
1394724.90663258
20
359858.783555423
40
0.0
41
0.0
42
0.0
10
1394723.82657852
20
359859.831034657
40
0.0
41
0.0
42
0.0
10
1394723.41496388
20
359861.278205305
40
0.0
41
0.0
42
0.0
210
0.0
220
0.0
230
1.0
0
TEXT
5
D8D
330
1C
100
AcDbEntity
67
0
8
4 - принадлежность к ансамблю-0.1 ОКН
62
7
6
ByLayer
370
-1
48
1.0
60
0
100
AcDbText
1

10
1394726.20434053
20
359861.333316368
30
0.0
40
0.31111111111
41
1.0
50
0.0
51
0.0
7
Standard
11
1394726.20434053
21
359861.333316368
31
0.0
210
0.0
220
0.0
230
1.0
71
0
72
0
100
AcDbText
73
0
0
LWPOLYLINE
5
D8E
330
1C
100
AcDbEntity
67
0
8
4 - принадлежность к ансамблю-0.1 ОКН
62
7
6
ByLayer
370
20
48
1.0
60
0
100
AcDbPolyline
90
13
70
1
38
0.0
39
0.0
10
1394759.33694443
20
359978.110899532
40
0.0
41
0.0
42
0.0
10
1394759.70406062
20
359979.569993646
40
0.0
41
0.0
42
0.0
10
1394760.75153961
20
359980.650048126
40
0.0
41
0.0
42
0.0
10
1394762.19871027
20
359981.061663252
40
0.0
41
0.0
42
0.0
10
1394763.6578044
20
359980.694547073
40
0.0
41
0.0
42
0.0
10
1394764.73785889
20
359979.647068069
40
0.0
41
0.0
42
0.0
10
1394765.14947402
20
359978.199897393
40
0.0
41
0.0
42
0.0
10
1394764.78235782
20
359976.740803263
40
0.0
41
0.0
42
0.0
10
1394763.73487881
20
359975.660748781
40
0.0
41
0.0
42
0.0
10
1394762.28770814
20
359975.249133671
40
0.0
41
0.0
42
0.0
10
1394760.82861402
20
359975.616249869
40
0.0
41
0.0
42
0.0
10
1394759.74855955
20
359976.663728875
40
0.0
41
0.0
42
0.0
10
1394759.33694443
20
359978.110899532
40
0.0
41
0.0
42
0.0
210
0.0
220
0.0
230
1.0
0
TEXT
5
D8F
330
1C
100
AcDbEntity
67
0
8
4 - принадлежность к ансамблю-0.1 ОКН
62
7
6
ByLayer
370
-1
48
1.0
60
0
100
AcDbText
1

10
1394762.12632118
20
359978.166011433
30
0.0
40
0.31111111111
41
1.0
50
0.0
51
0.0
7
Standard
11
1394762.12632118
21
359978.166011433
31
0.0
210
0.0
220
0.0
230
1.0
71
0
72
0
100
AcDbText
73
0
0
LWPOLYLINE
5
D90
330
1C
100
AcDbEntity
67
0
8
4 - принадлежность к ансамблю-0.1 ОКН
62
7
6
ByLayer
370
20
48
1.0
60
0
100
AcDbPolyline
90
13
70
1
38
0.0
39
0.0
10
1394777.28167748
20
359969.944040537
40
0.0
41
0.0
42
0.0
10
1394777.64879371
20
359971.403134707
40
0.0
41
0.0
42
0.0
10
1394778.69627277
20
359972.483189215
40
0.0
41
0.0
42
0.0
10
1394780.14344351
20
359972.894804329
40
0.0
41
0.0
42
0.0
10
1394781.60253769
20
359972.527688108
40
0.0
41
0.0
42
0.0
10
1394782.68259222
20
359971.48020903
40
0.0
41
0.0
42
0.0
10
1394783.09420732
20
359970.03303828
40
0.0
41
0.0
42
0.0
10
1394782.72709109
20
359968.573944086
40
0.0
41
0.0
42
0.0
10
1394781.679612
20
359967.493889578
40
0.0
41
0.0
42
0.0
10
1394780.23244125
20
359967.082274482
40
0.0
41
0.0
42
0.0
10
1394778.77334708
20
359967.449390725
40
0.0
41
0.0
42
0.0
10
1394777.69329258
20
359968.496869799
40
0.0
41
0.0
42
0.0
10
1394777.28167748
20
359969.944040537
40
0.0
41
0.0
42
0.0
210
0.0
220
0.0
230
1.0
0
TEXT
5
D91
330
1C
100
AcDbEntity
67
0
8
4 - принадлежность к ансамблю-0.1 ОКН
62
7
6
ByLayer
370
-1
48
1.0
60
0
100
AcDbText
1

10
1394780.07105435
20
359969.999152404
30
0.0
40
0.31111111111
41
1.0
50
0.0
51
0.0
7
Standard
11
1394780.07105435
21
359969.999152404
31
0.0
210
0.0
220
0.0
230
1.0
71
0
72
0
100
AcDbText
73
0
0
LWPOLYLINE
5
D92
330
1C
100
AcDbEntity
67
0
8
4 - принадлежность к ансамблю-0.1 ОКН
62
7
6
ByLayer
370
20
48
1.0
60
0
100
AcDbPolyline
90
13
70
1
38
0.0
39
0.0
10
1394755.03951853
20
359950.392600034
40
0.0
41
0.0
42
0.0
10
1394755.40663481
20
359951.851694104
40
0.0
41
0.0
42
0.0
10
1394756.45411387
20
359952.931748501
40
0.0
41
0.0
42
0.0
10
1394757.90128454
20
359953.343363522
40
0.0
41
0.0
42
0.0
10
1394759.36037863
20
359952.976247241
40
0.0
41
0.0
42
0.0
10
1394760.44043304
20
359951.928768174
40
0.0
41
0.0
42
0.0
10
1394760.85204805
20
359950.481597482
40
0.0
41
0.0
42
0.0
10
1394760.48493176
20
359949.022503393
40
0.0
41
0.0
42
0.0
10
1394759.43745268
20
359947.942448996
40
0.0
41
0.0
42
0.0
10
1394757.99028199
20
359947.530833999
40
0.0
41
0.0
42
0.0
10
1394756.53118792
20
359947.897950293
40
0.0
41
0.0
42
0.0
10
1394755.45113353
20
359948.94542936
40
0.0
41
0.0
42
0.0
10
1394755.03951853
20
359950.392600034
40
0.0
41
0.0
42
0.0
210
0.0
220
0.0
230
1.0
0
TEXT
5
D93
330
1C
100
AcDbEntity
67
0
8
4 - принадлежность к ансамблю-0.1 ОКН
62
7
6
ByLayer
370
-1
48
1.0
60
0
100
AcDbText
1

10
1394757.82889528
20
359950.447711742
30
0.0
40
0.31111111111
41
1.0
50
0.0
51
0.0
7
Standard
11
1394757.82889528
21
359950.447711742
31
0.0
210
0.0
220
0.0
230
1.0
71
0
72
0
100
AcDbText
73
0
0
LWPOLYLINE
5
D94
330
1C
100
AcDbEntity
67
0
8
4 - принадлежность к ансамблю-0.1 ОКН
62
7
6
ByLayer
370
20
48
1.0
60
0
100
AcDbPolyline
90
13
70
1
38
0.0
39
0.0
10
1394770.90659517
20
359943.399085534
40
0.0
41
0.0
42
0.0
10
1394771.27371149
20
359944.858179658
40
0.0
41
0.0
42
0.0
10
1394772.32119062
20
359945.938234078
40
0.0
41
0.0
42
0.0
10
1394773.76836136
20
359946.349849086
40
0.0
41
0.0
42
0.0
10
1394775.22745549
20
359945.982732771
40
0.0
41
0.0
42
0.0
10
1394776.30750993
20
359944.935253639
40
0.0
41
0.0
42
0.0
10
1394776.71912493
20
359943.488082882
40
0.0
41
0.0
42
0.0
10
1394776.3520086
20
359942.028988739
40
0.0
41
0.0
42
0.0
10
1394775.30452946
20
359940.948934321
40
0.0
41
0.0
42
0.0
10
1394773.8573587
20
359940.537319328
40
0.0
41
0.0
42
0.0
10
1394772.39826458
20
359940.904435665
40
0.0
41
0.0
42
0.0
10
1394771.31821017
20
359941.951914798
40
0.0
41
0.0
42
0.0
10
1394770.90659517
20
359943.399085534
40
0.0
41
0.0
42
0.0
210
0.0
220
0.0
230
1.0
0
TEXT
5
D95
330
1C
100
AcDbEntity
67
0
8
4 - принадлежность к ансамблю-0.1 ОКН
62
7
6
ByLayer
370
-1
48
1.0
60
0
100
AcDbText
1

10
1394773.69597203
20
359943.454197214
30
0.0
40
0.31111111111
41
1.0
50
0.0
51
0.0
7
Standard
11
1394773.69597203
21
359943.454197214
31
0.0
210
0.0
220
0.0
230
1.0
71
0
72
0
100
AcDbText
73
0
0
LWPOLYLINE
5
D96
330
1C
100
AcDbEntity
67
0
8
4 - принадлежность к ансамблю-0.1 ОКН
62
7
6
ByLayer
370
20
48
1.0
60
0
100
AcDbPolyline
90
13
70
1
38
0.0
39
0.0
10
1394766.32476698
20
359928.686879492
40
0.0
41
0.0
42
0.0
10
1394766.69188336
20
359930.145973583
40
0.0
41
0.0
42
0.0
10
1394767.73936251
20
359931.22602795
40
0.0
41
0.0
42
0.0
10
1394769.18653324
20
359931.637642902
40
0.0
41
0.0
42
0.0
10
1394770.64562735
20
359931.270526534
40
0.0
41
0.0
42
0.0
10
1394771.72568173
20
359930.223047375
40
0.0
41
0.0
42
0.0
10
1394772.13729668
20
359928.775876617
40
0.0
41
0.0
42
0.0
10
1394771.7701803
20
359927.316782508
40
0.0
41
0.0
42
0.0
10
1394770.72270112
20
359926.236728137
40
0.0
41
0.0
42
0.0
10
1394769.27553037
20
359925.825113207
40
0.0
41
0.0
42
0.0
10
1394767.81643628
20
359926.192229594
40
0.0
41
0.0
42
0.0
10
1394766.73638192
20
359927.239708754
40
0.0
41
0.0
42
0.0
10
1394766.32476698
20
359928.686879492
40
0.0
41
0.0
42
0.0
210
0.0
220
0.0
230
1.0
0
TEXT
5
D97
330
1C
100
AcDbEntity
67
0
8
4 - принадлежность к ансамблю-0.1 ОКН
62
7
6
ByLayer
370
-1
48
1.0
60
0
100
AcDbText
1

10
1394769.11414384
20
359928.741991066
30
0.0
40
0.31111111111
41
1.0
50
0.0
51
0.0
7
Standard
11
1394769.11414384
21
359928.741991066
31
0.0
210
0.0
220
0.0
230
1.0
71
0
72
0
100
AcDbText
73
0
0
LWPOLYLINE
5
D98
330
1C
100
AcDbEntity
67
0
8
4 - принадлежность к ансамблю-0.1 ОКН
62
7
6
ByLayer
370
20
48
1.0
60
0
100
AcDbPolyline
90
13
70
1
38
0.0
39
0.0
10
1394773.3635608
20
359829.416876718
40
0.0
41
0.0
42
0.0
10
1394773.73067755
20
359830.875970743
40
0.0
41
0.0
42
0.0
10
1394774.77815699
20
359831.956024864
40
0.0
41
0.0
42
0.0
10
1394776.22532787
20
359832.367639454
40
0.0
41
0.0
42
0.0
10
1394777.68442191
20
359832.000522706
40
0.0
41
0.0
42
0.0
10
1394778.76447604
20
359830.953043252
40
0.0
41
0.0
42
0.0
10
1394779.17609062
20
359829.505872366
40
0.0
41
0.0
42
0.0
10
1394778.80897386
20
359828.046778323
40
0.0
41
0.0
42
0.0
10
1394777.7614944
20
359826.966724201
40
0.0
41
0.0
42
0.0
10
1394776.31432351
20
359826.555109631
40
0.0
41
0.0
42
0.0
10
1394774.85522948
20
359826.922226396
40
0.0
41
0.0
42
0.0
10
1394773.77517537
20
359827.969705851
40
0.0
41
0.0
42
0.0
10
1394773.3635608
20
359829.416876718
40
0.0
41
0.0
42
0.0
210
0.0
220
0.0
230
1.0
0
TEXT
5
D99
330
1C
100
AcDbEntity
67
0
8
4 - принадлежность к ансамблю-0.1 ОКН
62
7
6
ByLayer
370
-1
48
1.0
60
0
100
AcDbText
1

10
1394776.15293782
20
359829.471987629
30
0.0
40
0.31111111111
41
1.0
50
0.0
51
0.0
7
Standard
11
1394776.15293782
21
359829.471987629
31
0.0
210
0.0
220
0.0
230
1.0
71
0
72
0
100
AcDbText
73
0
0
LWPOLYLINE
5
D9A
330
1C
100
AcDbEntity
67
0
8
4 - принадлежность к ансамблю-0.1 ОКН
62
7
6
ByLayer
370
20
48
1.0
60
0
100
AcDbPolyline
90
13
70
1
38
0.0
39
0.0
10
1394802.53019872
20
359877.725194339
40
0.0
41
0.0
42
0.0
10
1394802.89731532
20
359879.184288516
40
0.0
41
0.0
42
0.0
10
1394803.94479471
20
359880.264342851
40
0.0
41
0.0
42
0.0
10
1394805.39196564
20
359880.675957646
40
0.0
41
0.0
42
0.0
10
1394806.85105983
20
359880.308841053
40
0.0
41
0.0
42
0.0
10
1394807.93111417
20
359879.261361653
40
0.0
41
0.0
42
0.0
10
1394808.34272896
20
359877.814190712
40
0.0
41
0.0
42
0.0
10
1394807.97561236
20
359876.355096514
40
0.0
41
0.0
42
0.0
10
1394806.92813295
20
359875.27504218
40
0.0
41
0.0
42
0.0
10
1394805.48096201
20
359874.863427403
40
0.0
41
0.0
42
0.0
10
1394804.02186783
20
359875.230544012
40
0.0
41
0.0
42
0.0
10
1394802.94181351
20
359876.278023412
40
0.0
41
0.0
42
0.0
10
1394802.53019872
20
359877.725194339
40
0.0
41
0.0
42
0.0
210
0.0
220
0.0
230
1.0
0
TEXT
5
D9B
330
1C
100
AcDbEntity
67
0
8
4 - принадлежность к ансамблю-0.1 ОКН
62
7
6
ByLayer
370
-1
48
1.0
60
0
100
AcDbText
1

10
1394805.31957589
20
359877.780305614
30
0.0
40
0.31111111111
41
1.0
50
0.0
51
0.0
7
Standard
11
1394805.31957589
21
359877.780305614
31
0.0
210
0.0
220
0.0
230
1.0
71
0
72
0
100
AcDbText
73
0
0
LWPOLYLINE
5
D9C
330
1C
100
AcDbEntity
67
0
8
4 - принадлежность к ансамблю-0.1 ОКН
62
7
6
ByLayer
370
20
48
1.0
60
0
100
AcDbPolyline
90
13
70
1
38
0.0
39
0.0
10
1394749.72551136
20
359839.538388866
40
0.0
41
0.0
42
0.0
10
1394750.09262805
20
359840.997482812
40
0.0
41
0.0
42
0.0
10
1394751.14010741
20
359842.077536892
40
0.0
41
0.0
42
0.0
10
1394752.58727818
20
359842.489151493
40
0.0
41
0.0
42
0.0
10
1394754.04637214
20
359842.122034807
40
0.0
41
0.0
42
0.0
10
1394755.12642623
20
359841.074555446
40
0.0
41
0.0
42
0.0
10
1394755.53804083
20
359839.627384657
40
0.0
41
0.0
42
0.0
10
1394755.17092413
20
359838.168290695
40
0.0
41
0.0
42
0.0
10
1394754.12344475
20
359837.088236611
40
0.0
41
0.0
42
0.0
10
1394752.67627397
20
359836.676622029
40
0.0
41
0.0
42
0.0
10
1394751.21718002
20
359837.043738735
40
0.0
41
0.0
42
0.0
10
1394750.13712595
20
359838.091218095
40
0.0
41
0.0
42
0.0
10
1394749.72551136
20
359839.538388866
40
0.0
41
0.0
42
0.0
210
0.0
220
0.0
230
1.0
0
TEXT
5
D9D
330
1C
100
AcDbEntity
67
0
8
4 - принадлежность к ансамблю-0.1 ОКН
62
7
6
ByLayer
370
-1
48
1.0
60
0
100
AcDbText
1

10
1394752.51488821
20
359839.593499815
30
0.0
40
0.31111111111
41
1.0
50
0.0
51
0.0
7
Standard
11
1394752.51488821
21
359839.593499815
31
0.0
210
0.0
220
0.0
230
1.0
71
0
72
0
100
AcDbText
73
0
0
LWPOLYLINE
5
D9E
330
1C
100
AcDbEntity
67
0
8
4 - принадлежность к ансамблю-0.1 ОКН
62
7
6
ByLayer
370
20
48
1.0
60
0
100
AcDbPolyline
90
13
70
1
38
0.0
39
0.0
10
1394785.57631521
20
359821.694227617
40
0.0
41
0.0
42
0.0
10
1394785.943432
20
359823.153321679
40
0.0
41
0.0
42
0.0
10
1394786.9909115
20
359824.233375813
40
0.0
41
0.0
42
0.0
10
1394788.43808242
20
359824.644990385
40
0.0
41
0.0
42
0.0
10
1394789.8971765
20
359824.277873596
40
0.0
41
0.0
42
0.0
10
1394790.97723064
20
359823.230394089
40
0.0
41
0.0
42
0.0
10
1394791.38884521
20
359821.783223148
40
0.0
41
0.0
42
0.0
10
1394791.02172841
20
359820.324129065
40
0.0
41
0.0
42
0.0
10
1394789.97424889
20
359819.244074931
40
0.0
41
0.0
42
0.0
10
1394788.52707795
20
359818.832460379
40
0.0
41
0.0
42
0.0
10
1394787.06798389
20
359819.199577187
40
0.0
41
0.0
42
0.0
10
1394785.98792976
20
359820.247056693
40
0.0
41
0.0
42
0.0
10
1394785.57631521
20
359821.694227617
40
0.0
41
0.0
42
0.0
210
0.0
220
0.0
230
1.0
0
TEXT
5
D9F
330
1C
100
AcDbEntity
67
0
8
4 - принадлежность к ансамблю-0.1 ОКН
62
7
6
ByLayer
370
-1
48
1.0
60
0
100
AcDbText
1

10
1394788.36569233
20
359821.749338488
30
0.0
40
0.31111111111
41
1.0
50
0.0
51
0.0
7
Standard
11
1394788.36569233
21
359821.749338488
31
0.0
210
0.0
220
0.0
230
1.0
71
0
72
0
100
AcDbText
73
0
0
LWPOLYLINE
5
DA0
330
1C
100
AcDbEntity
67
0
8
4 - принадлежность к ансамблю-0.1 ОКН
62
7
6
ByLayer
370
20
48
1.0
60
0
100
AcDbPolyline
90
13
70
1
38
0.0
39
0.0
10
1394788.75134102
20
359810.668076273
40
0.0
41
0.0
42
0.0
10
1394789.11845786
20
359812.127170335
40
0.0
41
0.0
42
0.0
10
1394790.1659374
20
359813.207224447
40
0.0
41
0.0
42
0.0
10
1394791.61310835
20
359813.618838983
40
0.0
41
0.0
42
0.0
10
1394793.07220242
20
359813.251722154
40
0.0
41
0.0
42
0.0
10
1394794.15225655
20
359812.204242605
40
0.0
41
0.0
42
0.0
10
1394794.56387108
20
359810.75707164
40
0.0
41
0.0
42
0.0
10
1394794.19675423
20
359809.297977559
40
0.0
41
0.0
42
0.0
10
1394793.14927467
20
359808.217923444
40
0.0
41
0.0
42
0.0
10
1394791.70210371
20
359807.806308928
40
0.0
41
0.0
42
0.0
10
1394790.24300964
20
359808.173425777
40
0.0
41
0.0
42
0.0
10
1394789.16295554
20
359809.220905327
40
0.0
41
0.0
42
0.0
10
1394788.75134102
20
359810.668076273
40
0.0
41
0.0
42
0.0
210
0.0
220
0.0
230
1.0
0
TEXT
5
DA1
330
1C
100
AcDbEntity
67
0
8
4 - принадлежность к ансамблю-0.1 ОКН
62
7
6
ByLayer
370
-1
48
1.0
60
0
100
AcDbText
1

10
1394791.54071818
20
359810.723187072
30
0.0
40
0.31111111111
41
1.0
50
0.0
51
0.0
7
Standard
11
1394791.54071818
21
359810.723187072
31
0.0
210
0.0
220
0.0
230
1.0
71
0
72
0
100
AcDbText
73
0
0
LWPOLYLINE
5
DA2
330
1C
100
AcDbEntity
67
0
8
4 - принадлежность к ансамблю-0.1 ОКН
62
7
6
ByLayer
370
20
48
1.0
60
0
100
AcDbPolyline
90
13
70
1
38
0.0
39
0.0
10
1394769.64479762
20
359814.035775009
40
0.0
41
0.0
42
0.0
10
1394770.01191443
20
359815.494869003
40
0.0
41
0.0
42
0.0
10
1394771.0593939
20
359816.574923075
40
0.0
41
0.0
42
0.0
10
1394772.50656478
20
359816.986537602
40
0.0
41
0.0
42
0.0
10
1394773.96565879
20
359816.619420801
40
0.0
41
0.0
42
0.0
10
1394775.04571287
20
359815.571941314
40
0.0
41
0.0
42
0.0
10
1394775.45732739
20
359814.124770424
40
0.0
41
0.0
42
0.0
10
1394775.09021058
20
359812.665676412
40
0.0
41
0.0
42
0.0
10
1394774.04273108
20
359811.585622343
40
0.0
41
0.0
42
0.0
10
1394772.5955602
20
359811.174007833
40
0.0
41
0.0
42
0.0
10
1394771.1364662
20
359811.541124653
40
0.0
41
0.0
42
0.0
10
1394770.05641214
20
359812.588604142
40
0.0
41
0.0
42
0.0
10
1394769.64479762
20
359814.035775009
40
0.0
41
0.0
42
0.0
210
0.0
220
0.0
230
1.0
0
TEXT
5
DA3
330
1C
100
AcDbEntity
67
0
8
4 - принадлежность к ансамблю-0.1 ОКН
62
7
6
ByLayer
370
-1
48
1.0
60
0
100
AcDbText
1

10
1394772.43417464
20
359814.09088581
30
0.0
40
0.31111111111
41
1.0
50
0.0
51
0.0
7
Standard
11
1394772.43417464
21
359814.09088581
31
0.0
210
0.0
220
0.0
230
1.0
71
0
72
0
100
AcDbText
73
0
0
LWPOLYLINE
5
DA4
330
1C
100
AcDbEntity
67
0
8
4 - принадлежность к ансамблю-0.1 ОКН
62
7
6
ByLayer
370
20
48
1.0
60
0
100
AcDbPolyline
90
13
70
1
38
0.0
39
0.0
10
1394779.80374333
20
359886.419789785
40
0.0
41
0.0
42
0.0
10
1394780.17085988
20
359887.878883887
40
0.0
41
0.0
42
0.0
10
1394781.21833918
20
359888.958938179
40
0.0
41
0.0
42
0.0
10
1394782.66551002
20
359889.370552986
40
0.0
41
0.0
42
0.0
10
1394784.12460413
20
359889.003436449
40
0.0
41
0.0
42
0.0
10
1394785.20465843
20
359887.955957132
40
0.0
41
0.0
42
0.0
10
1394785.61627324
20
359886.508786284
40
0.0
41
0.0
42
0.0
10
1394785.24915668
20
359885.049692162
40
0.0
41
0.0
42
0.0
10
1394784.20167736
20
359883.969637869
40
0.0
41
0.0
42
0.0
10
1394782.75450651
20
359883.558023083
40
0.0
41
0.0
42
0.0
10
1394781.29541241
20
359883.925139638
40
0.0
41
0.0
42
0.0
10
1394780.21535813
20
359884.972618953
40
0.0
41
0.0
42
0.0
10
1394779.80374333
20
359886.419789785
40
0.0
41
0.0
42
0.0
210
0.0
220
0.0
230
1.0
0
TEXT
5
DA5
330
1C
100
AcDbEntity
67
0
8
4 - принадлежность к ансамблю-0.1 ОКН
62
7
6
ByLayer
370
-1
48
1.0
60
0
100
AcDbText
1

10
1394782.59312033
20
359886.474901091
30
0.0
40
0.31111111111
41
1.0
50
0.0
51
0.0
7
Standard
11
1394782.59312033
21
359886.474901091
31
0.0
210
0.0
220
0.0
230
1.0
71
0
72
0
100
AcDbText
73
0
0
LWPOLYLINE
5
DA6
330
1C
100
AcDbEntity
67
0
8
4 - принадлежность к ансамблю-0.1 ОКН
62
7
6
ByLayer
370
20
48
1.0
60
0
100
AcDbPolyline
90
13
70
1
38
0.0
39
0.0
10
1394789.34713118
20
359923.547006692
40
0.0
41
0.0
42
0.0
10
1394789.7142476
20
359925.006100863
40
0.0
41
0.0
42
0.0
10
1394790.76172682
20
359926.086155279
40
0.0
41
0.0
42
0.0
10
1394792.20889766
20
359926.497770238
40
0.0
41
0.0
42
0.0
10
1394793.66799184
20
359926.130653825
40
0.0
41
0.0
42
0.0
10
1394794.74804627
20
359925.083174592
40
0.0
41
0.0
42
0.0
10
1394795.15966123
20
359923.636003745
40
0.0
41
0.0
42
0.0
10
1394794.7925448
20
359922.176909553
40
0.0
41
0.0
42
0.0
10
1394793.74506556
20
359921.096855133
40
0.0
41
0.0
42
0.0
10
1394792.29789471
20
359920.685240195
40
0.0
41
0.0
42
0.0
10
1394790.83880053
20
359921.052356625
40
0.0
41
0.0
42
0.0
10
1394789.75874613
20
359922.099835861
40
0.0
41
0.0
42
0.0
10
1394789.34713118
20
359923.547006692
40
0.0
41
0.0
42
0.0
210
0.0
220
0.0
230
1.0
0
TEXT
5
DA7
330
1C
100
AcDbEntity
67
0
8
4 - принадлежность к ансамблю-0.1 ОКН
62
7
6
ByLayer
370
-1
48
1.0
60
0
100
AcDbText
1

10
1394792.1365082
20
359923.602118256
30
0.0
40
0.31111111111
41
1.0
50
0.0
51
0.0
7
Standard
11
1394792.1365082
21
359923.602118256
31
0.0
210
0.0
220
0.0
230
1.0
71
0
72
0
100
AcDbText
73
0
0
LWPOLYLINE
5
DA8
330
1C
100
AcDbEntity
67
0
8
4 - принадлежность к ансамблю-0.1 ОКН
62
7
6
ByLayer
370
20
48
1.0
60
0
100
AcDbPolyline
90
13
70
1
38
0.0
39
0.0
10
1394794.34197625
20
359942.458288248
40
0.0
41
0.0
42
0.0
10
1394794.70909259
20
359943.917382456
40
0.0
41
0.0
42
0.0
10
1394795.75657178
20
359944.997436941
40
0.0
41
0.0
42
0.0
10
1394797.20374261
20
359945.409051973
40
0.0
41
0.0
42
0.0
10
1394798.66283683
20
359945.041935627
40
0.0
41
0.0
42
0.0
10
1394799.74289133
20
359943.994456429
40
0.0
41
0.0
42
0.0
10
1394800.15450635
20
359942.547285587
40
0.0
41
0.0
42
0.0
10
1394799.78739
20
359941.088191358
40
0.0
41
0.0
42
0.0
10
1394798.73991079
20
359940.008136873
40
0.0
41
0.0
42
0.0
10
1394797.29273995
20
359939.596521861
40
0.0
41
0.0
42
0.0
10
1394795.83364573
20
359939.963638225
40
0.0
41
0.0
42
0.0
10
1394794.75359126
20
359941.01111742
40
0.0
41
0.0
42
0.0
10
1394794.34197625
20
359942.458288248
40
0.0
41
0.0
42
0.0
210
0.0
220
0.0
230
1.0
0
TEXT
5
DA9
330
1C
100
AcDbEntity
67
0
8
4 - принадлежность к ансамблю-0.1 ОКН
62
7
6
ByLayer
370
-1
48
1.0
60
0
100
AcDbText
1

10
1394797.13135327
20
359942.513399953
30
0.0
40
0.31111111111
41
1.0
50
0.0
51
0.0
7
Standard
11
1394797.13135327
21
359942.513399953
31
0.0
210
0.0
220
0.0
230
1.0
71
0
72
0
100
AcDbText
73
0
0
LWPOLYLINE
5
DAA
330
1C
100
AcDbEntity
67
0
8
4 - принадлежность к ансамблю-0.1 ОКН
62
7
6
ByLayer
370
20
48
1.0
60
0
100
AcDbPolyline
90
13
70
1
38
0.0
39
0.0
10
1394778.3683487
20
359946.000581951
40
0.0
41
0.0
42
0.0
10
1394778.73546502
20
359947.459676105
40
0.0
41
0.0
42
0.0
10
1394779.78294416
20
359948.539730552
40
0.0
41
0.0
42
0.0
10
1394781.23011493
20
359948.95134558
40
0.0
41
0.0
42
0.0
10
1394782.68920909
20
359948.584229266
40
0.0
41
0.0
42
0.0
10
1394783.76926355
20
359947.536750118
40
0.0
41
0.0
42
0.0
10
1394784.18087857
20
359946.08957934
40
0.0
41
0.0
42
0.0
10
1394783.81376224
20
359944.630485167
40
0.0
41
0.0
42
0.0
10
1394782.76628309
20
359943.550430716
40
0.0
41
0.0
42
0.0
10
1394781.31911231
20
359943.138815706
40
0.0
41
0.0
42
0.0
10
1394779.86001815
20
359943.505932043
40
0.0
41
0.0
42
0.0
10
1394778.77996371
20
359944.553411189
40
0.0
41
0.0
42
0.0
10
1394778.3683487
20
359946.000581951
40
0.0
41
0.0
42
0.0
210
0.0
220
0.0
230
1.0
0
TEXT
5
DAB
330
1C
100
AcDbEntity
67
0
8
4 - принадлежность к ансамблю-0.1 ОКН
62
7
6
ByLayer
370
-1
48
1.0
60
0
100
AcDbText
1

10
1394781.15772562
20
359946.055693659
30
0.0
40
0.31111111111
41
1.0
50
0.0
51
0.0
7
Standard
11
1394781.15772562
21
359946.055693659
31
0.0
210
0.0
220
0.0
230
1.0
71
0
72
0
100
AcDbText
73
0
0
LWPOLYLINE
5
DAC
330
1C
100
AcDbEntity
67
0
8
4 - принадлежность к ансамблю-0.1 ОКН
62
7
6
ByLayer
370
20
48
1.0
60
0
100
AcDbPolyline
90
13
70
1
38
0.0
39
0.0
10
1394800.83334448
20
359968.1868483
40
0.0
41
0.0
42
0.0
10
1394801.20046074
20
359969.645942558
40
0.0
41
0.0
42
0.0
10
1394802.24793987
20
359970.725997131
40
0.0
41
0.0
42
0.0
10
1394803.6951107
20
359971.137612262
40
0.0
41
0.0
42
0.0
10
1394805.15420497
20
359970.77049601
40
0.0
41
0.0
42
0.0
10
1394806.23425955
20
359969.723016864
40
0.0
41
0.0
42
0.0
10
1394806.64587468
20
359968.275846023
40
0.0
41
0.0
42
0.0
10
1394806.27875841
20
359966.816751745
40
0.0
41
0.0
42
0.0
10
1394805.23127926
20
359965.736697174
40
0.0
41
0.0
42
0.0
10
1394803.78410842
20
359965.325082061
40
0.0
41
0.0
42
0.0
10
1394802.32501416
20
359965.692198333
40
0.0
41
0.0
42
0.0
10
1394801.2449596
20
359966.739677475
40
0.0
41
0.0
42
0.0
10
1394800.83334448
20
359968.1868483
40
0.0
41
0.0
42
0.0
210
0.0
220
0.0
230
1.0
0
TEXT
5
DAD
330
1C
100
AcDbEntity
67
0
8
4 - принадлежность к ансамблю-0.1 ОКН
62
7
6
ByLayer
370
-1
48
1.0
60
0
100
AcDbText
1

10
1394803.62272152
20
359968.241960189
30
0.0
40
0.31111111111
41
1.0
50
0.0
51
0.0
7
Standard
11
1394803.62272152
21
359968.241960189
31
0.0
210
0.0
220
0.0
230
1.0
71
0
72
0
100
AcDbText
73
0
0
LWPOLYLINE
5
DAE
330
1C
100
AcDbEntity
67
0
8
4 - принадлежность к ансамблю-0.1 ОКН
62
7
6
ByLayer
370
20
48
1.0
60
0
100
AcDbPolyline
90
13
70
1
38
0.0
39
0.0
10
1394866.59227415
20
359861.442970533
40
0.0
41
0.0
42
0.0
10
1394866.95939087
20
359862.902064938
40
0.0
41
0.0
42
0.0
10
1394868.00687048
20
359863.982119404
40
0.0
41
0.0
42
0.0
10
1394869.45404166
20
359864.393734207
40
0.0
41
0.0
42
0.0
10
1394870.91313608
20
359864.026617493
40
0.0
41
0.0
42
0.0
10
1394871.99319056
20
359862.979137875
40
0.0
41
0.0
42
0.0
10
1394872.40480536
20
359861.531966674
40
0.0
41
0.0
42
0.0
10
1394872.03768863
20
359860.072872253
40
0.0
41
0.0
42
0.0
10
1394870.990209
20
359858.992817791
40
0.0
41
0.0
42
0.0
10
1394869.54303781
20
359858.581203003
40
0.0
41
0.0
42
0.0
10
1394868.0839434
20
359858.948319734
40
0.0
41
0.0
42
0.0
10
1394867.00388894
20
359859.995799352
40
0.0
41
0.0
42
0.0
10
1394866.59227415
20
359861.442970533
40
0.0
41
0.0
42
0.0
210
0.0
220
0.0
230
1.0
0
TEXT
5
DAF
330
1C
100
AcDbEntity
67
0
8
4 - принадлежность к ансамблю-0.1 ОКН
62
7
6
ByLayer
370
-1
48
1.0
60
0
100
AcDbText
1

10
1394869.38165177
20
359861.498081776
30
0.0
40
0.31111111111
41
1.0
50
0.0
51
0.0
7
Standard
11
1394869.38165177
21
359861.498081776
31
0.0
210
0.0
220
0.0
230
1.0
71
0
72
0
100
AcDbText
73
0
0
LWPOLYLINE
5
DB0
330
1C
100
AcDbEntity
67
0
8
4 - принадлежность к ансамблю-0.1 ОКН
62
7
6
ByLayer
370
20
48
1.0
60
0
100
AcDbPolyline
90
13
70
1
38
0.0
39
0.0
10
1394894.69643848
20
359863.148049508
40
0.0
41
0.0
42
0.0
10
1394895.06355521
20
359864.607144017
40
0.0
41
0.0
42
0.0
10
1394896.11103489
20
359865.687198564
40
0.0
41
0.0
42
0.0
10
1394897.55820618
20
359866.098813405
40
0.0
41
0.0
42
0.0
10
1394899.0173007
20
359865.731696671
40
0.0
41
0.0
42
0.0
10
1394900.09735526
20
359864.684216982
40
0.0
41
0.0
42
0.0
10
1394900.5089701
20
359863.237045682
40
0.0
41
0.0
42
0.0
10
1394900.14185335
20
359861.777951153
40
0.0
41
0.0
42
0.0
10
1394899.09437365
20
359860.697896603
40
0.0
41
0.0
42
0.0
10
1394897.64720235
20
359860.286281781
40
0.0
41
0.0
42
0.0
10
1394896.18810784
20
359860.653398536
40
0.0
41
0.0
42
0.0
10
1394895.1080533
20
359861.700878224
40
0.0
41
0.0
42
0.0
10
1394894.69643848
20
359863.148049508
40
0.0
41
0.0
42
0.0
210
0.0
220
0.0
230
1.0
0
TEXT
5
DB1
330
1C
100
AcDbEntity
67
0
8
4 - принадлежность к ансамблю-0.1 ОКН
62
7
6
ByLayer
370
-1
48
1.0
60
0
100
AcDbText
1

10
1394897.48581628
20
359863.203160796
30
0.0
40
0.31111111111
41
1.0
50
0.0
51
0.0
7
Standard
11
1394897.48581628
21
359863.203160796
31
0.0
210
0.0
220
0.0
230
1.0
71
0
72
0
100
AcDbText
73
0
0
LWPOLYLINE
5
DB2
330
1C
100
AcDbEntity
67
0
8
4 - принадлежность к ансамблю-0.1 ОКН
62
7
6
ByLayer
370
20
48
1.0
60
0
100
AcDbPolyline
90
13
70
1
38
0.0
39
0.0
10
1394904.78314222
20
359850.443883779
40
0.0
41
0.0
42
0.0
10
1394905.15025902
20
359851.902978316
40
0.0
41
0.0
42
0.0
10
1394906.19773875
20
359852.983032856
40
0.0
41
0.0
42
0.0
10
1394907.64491009
20
359853.39464766
40
0.0
41
0.0
42
0.0
10
1394909.10400464
20
359853.027530869
40
0.0
41
0.0
42
0.0
10
1394910.1840592
20
359851.980051119
40
0.0
41
0.0
42
0.0
10
1394910.595674
20
359850.532879768
40
0.0
41
0.0
42
0.0
10
1394910.22855719
20
359849.073785213
40
0.0
41
0.0
42
0.0
10
1394909.18107743
20
359847.99373067
40
0.0
41
0.0
42
0.0
10
1394907.73390608
20
359847.582115883
40
0.0
41
0.0
42
0.0
10
1394906.27481154
20
359847.949232696
40
0.0
41
0.0
42
0.0
10
1394905.19475701
20
359848.996712446
40
0.0
41
0.0
42
0.0
10
1394904.78314222
20
359850.443883779
40
0.0
41
0.0
42
0.0
210
0.0
220
0.0
230
1.0
0
TEXT
5
DB3
330
1C
100
AcDbEntity
67
0
8
4 - принадлежность к ансамблю-0.1 ОКН
62
7
6
ByLayer
370
-1
48
1.0
60
0
100
AcDbText
1

10
1394907.57252011
20
359850.498994995
30
0.0
40
0.31111111111
41
1.0
50
0.0
51
0.0
7
Standard
11
1394907.57252011
21
359850.498994995
31
0.0
210
0.0
220
0.0
230
1.0
71
0
72
0
100
AcDbText
73
0
0
LWPOLYLINE
5
DB4
330
1C
100
AcDbEntity
67
0
8
4 - принадлежность к ансамблю-0.1 ОКН
62
7
6
ByLayer
370
20
48
1.0
60
0
100
AcDbPolyline
90
13
70
1
38
0.0
39
0.0
10
1394854.7157573
20
359907.108063848
40
0.0
41
0.0
42
0.0
10
1394855.08287384
20
359908.567158247
40
0.0
41
0.0
42
0.0
10
1394856.13035329
20
359909.647212804
40
0.0
41
0.0
42
0.0
10
1394857.57752438
20
359910.058827767
40
0.0
41
0.0
42
0.0
10
1394859.03661879
20
359909.691711232
40
0.0
41
0.0
42
0.0
10
1394860.11667336
20
359908.644231773
40
0.0
41
0.0
42
0.0
10
1394860.52828832
20
359907.197060668
40
0.0
41
0.0
42
0.0
10
1394860.16117177
20
359905.737966247
40
0.0
41
0.0
42
0.0
10
1394859.1136923
20
359904.657911692
40
0.0
41
0.0
42
0.0
10
1394857.6665212
20
359904.246296747
40
0.0
41
0.0
42
0.0
10
1394856.2074268
20
359904.613413297
40
0.0
41
0.0
42
0.0
10
1394855.12737225
20
359905.660892758
40
0.0
41
0.0
42
0.0
10
1394854.7157573
20
359907.108063848
40
0.0
41
0.0
42
0.0
210
0.0
220
0.0
230
1.0
0
TEXT
5
DB5
330
1C
100
AcDbEntity
67
0
8
4 - принадлежность к ансамблю-0.1 ОКН
62
7
6
ByLayer
370
-1
48
1.0
60
0
100
AcDbText
1

10
1394857.50513478
20
359907.163175384
30
0.0
40
0.31111111111
41
1.0
50
0.0
51
0.0
7
Standard
11
1394857.50513478
21
359907.163175384
31
0.0
210
0.0
220
0.0
230
1.0
71
0
72
0
100
AcDbText
73
0
0
LWPOLYLINE
5
DB6
330
1C
100
AcDbEntity
67
0
8
4 - принадлежность к ансамблю-0.1 ОКН
62
7
6
ByLayer
370
20
48
1.0
60
0
100
AcDbPolyline
90
13
70
1
38
0.0
39
0.0
10
1394877.1962858
20
359901.721294169
40
0.0
41
0.0
42
0.0
10
1394877.56340238
20
359903.180388648
40
0.0
41
0.0
42
0.0
10
1394878.61088189
20
359904.260443251
40
0.0
41
0.0
42
0.0
10
1394880.05805308
20
359904.672058217
40
0.0
41
0.0
42
0.0
10
1394881.51714757
20
359904.304941642
40
0.0
41
0.0
42
0.0
10
1394882.59720219
20
359903.257462111
40
0.0
41
0.0
42
0.0
10
1394883.00881715
20
359901.810290914
40
0.0
41
0.0
42
0.0
10
1394882.64170056
20
359900.351196414
40
0.0
41
0.0
42
0.0
10
1394881.59422102
20
359899.27114181
40
0.0
41
0.0
42
0.0
10
1394880.14704983
20
359898.859526863
40
0.0
41
0.0
42
0.0
10
1394878.68795534
20
359899.226643456
40
0.0
41
0.0
42
0.0
10
1394877.60790075
20
359900.274122989
40
0.0
41
0.0
42
0.0
10
1394877.1962858
20
359901.721294169
40
0.0
41
0.0
42
0.0
210
0.0
220
0.0
230
1.0
0
TEXT
5
DB7
330
1C
100
AcDbEntity
67
0
8
4 - принадлежность к ансамблю-0.1 ОКН
62
7
6
ByLayer
370
-1
48
1.0
60
0
100
AcDbText
1

10
1394879.98566344
20
359901.776405698
30
0.0
40
0.31111111111
41
1.0
50
0.0
51
0.0
7
Standard
11
1394879.98566344
21
359901.776405698
31
0.0
210
0.0
220
0.0
230
1.0
71
0
72
0
100
AcDbText
73
0
0
LWPOLYLINE
5
DB8
330
1C
100
AcDbEntity
67
0
8
4 - принадлежность к ансамблю-0.1 ОКН
62
7
6
ByLayer
370
20
48
1.0
60
0
100
AcDbPolyline
90
13
70
1
38
0.0
39
0.0
10
1394959.42720629
20
359841.298931726
40
0.0
41
0.0
42
0.0
10
1394959.79432317
20
359842.758026457
40
0.0
41
0.0
42
0.0
10
1394960.84180308
20
359843.838081125
40
0.0
41
0.0
42
0.0
10
1394962.28897463
20
359844.249695954
40
0.0
41
0.0
42
0.0
10
1394963.74806938
20
359843.882579074
40
0.0
41
0.0
42
0.0
10
1394964.82812406
20
359842.835099154
40
0.0
41
0.0
42
0.0
10
1394965.23973888
20
359841.387927586
40
0.0
41
0.0
42
0.0
10
1394964.87262199
20
359839.928832836
40
0.0
41
0.0
42
0.0
10
1394963.82514206
20
359838.848778169
40
0.0
41
0.0
42
0.0
10
1394962.3779705
20
359838.437163357
40
0.0
41
0.0
42
0.0
10
1394960.91887576
20
359838.804280256
40
0.0
41
0.0
42
0.0
10
1394959.8388211
20
359839.851760179
40
0.0
41
0.0
42
0.0
10
1394959.42720629
20
359841.298931726
40
0.0
41
0.0
42
0.0
210
0.0
220
0.0
230
1.0
0
TEXT
5
DB9
330
1C
100
AcDbEntity
67
0
8
4 - принадлежность к ансамблю-0.1 ОКН
62
7
6
ByLayer
370
-1
48
1.0
60
0
100
AcDbText
1

10
1394962.21658457
20
359841.354042946
30
0.0
40
0.31111111111
41
1.0
50
0.0
51
0.0
7
Standard
11
1394962.21658457
21
359841.354042946
31
0.0
210
0.0
220
0.0
230
1.0
71
0
72
0
100
AcDbText
73
0
0
LWPOLYLINE
5
DBA
330
1C
100
AcDbEntity
67
0
8
4 - принадлежность к ансамблю-0.1 ОКН
62
7
6
ByLayer
370
20
48
1.0
60
0
100
AcDbPolyline
90
13
70
1
38
0.0
39
0.0
10
1394997.56917909
20
359834.787809192
40
0.0
41
0.0
42
0.0
10
1394997.93629604
20
359836.246904059
40
0.0
41
0.0
42
0.0
10
1394998.98377607
20
359837.326958815
40
0.0
41
0.0
42
0.0
10
1395000.43094777
20
359837.73857366
40
0.0
41
0.0
42
0.0
10
1395001.89004265
20
359837.371456719
40
0.0
41
0.0
42
0.0
10
1395002.97009742
20
359836.323976679
40
0.0
41
0.0
42
0.0
10
1395003.38171226
20
359834.876804962
40
0.0
41
0.0
42
0.0
10
1395003.0145953
20
359833.417710075
40
0.0
41
0.0
42
0.0
10
1395001.96711525
20
359832.337655319
40
0.0
41
0.0
42
0.0
10
1395000.51994354
20
359831.926040491
40
0.0
41
0.0
42
0.0
10
1394999.06084867
20
359832.293157451
40
0.0
41
0.0
42
0.0
10
1394997.98079392
20
359833.340637497
40
0.0
41
0.0
42
0.0
10
1394997.56917909
20
359834.787809192
40
0.0
41
0.0
42
0.0
210
0.0
220
0.0
230
1.0
0
TEXT
5
DBB
330
1C
100
AcDbEntity
67
0
8
4 - принадлежность к ансамблю-0.1 ОКН
62
7
6
ByLayer
370
-1
48
1.0
60
0
100
AcDbText
1

10
1395000.35855763
20
359834.842920417
30
0.0
40
0.31111111111
41
1.0
50
0.0
51
0.0
7
Standard
11
1395000.35855763
21
359834.842920417
31
0.0
210
0.0
220
0.0
230
1.0
71
0
72
0
100
AcDbText
73
0
0
LWPOLYLINE
5
DBC
330
1C
100
AcDbEntity
67
0
8
4 - принадлежность к ансамблю-0.1 ОКН
62
7
6
ByLayer
370
20
48
1.0
60
0
100
AcDbPolyline
90
13
70
1
38
0.0
39
0.0
10
1394895.88366776
20
359897.652402709
40
0.0
41
0.0
42
0.0
10
1394896.25078437
20
359899.111497258
40
0.0
41
0.0
42
0.0
10
1394897.29826395
20
359900.1915519
40
0.0
41
0.0
42
0.0
10
1394898.74543521
20
359900.60316687
40
0.0
41
0.0
42
0.0
10
1394900.20452977
20
359900.236050263
40
0.0
41
0.0
42
0.0
10
1394901.28458442
20
359899.188570668
40
0.0
41
0.0
42
0.0
10
1394901.69619939
20
359897.741399399
40
0.0
41
0.0
42
0.0
10
1394901.32908277
20
359896.282304832
40
0.0
41
0.0
42
0.0
10
1394900.28160317
20
359895.202250187
40
0.0
41
0.0
42
0.0
10
1394898.8344319
20
359894.790635237
40
0.0
41
0.0
42
0.0
10
1394897.37533734
20
359895.157751861
40
0.0
41
0.0
42
0.0
10
1394896.29528271
20
359896.205231458
40
0.0
41
0.0
42
0.0
10
1394895.88366776
20
359897.652402709
40
0.0
41
0.0
42
0.0
210
0.0
220
0.0
230
1.0
0
TEXT
5
DBD
330
1C
100
AcDbEntity
67
0
8
4 - принадлежность к ансамблю-0.1 ОКН
62
7
6
ByLayer
370
-1
48
1.0
60
0
100
AcDbText
1

10
1394898.67304553
20
359897.707514236
30
0.0
40
0.31111111111
41
1.0
50
0.0
51
0.0
7
Standard
11
1394898.67304553
21
359897.707514236
31
0.0
210
0.0
220
0.0
230
1.0
71
0
72
0
100
AcDbText
73
0
0
LWPOLYLINE
5
DBE
330
1C
100
AcDbEntity
67
0
8
4 - принадлежность к ансамблю-0.1 ОКН
62
7
6
ByLayer
370
20
48
1.0
60
0
100
AcDbPolyline
90
13
70
1
38
0.0
39
0.0
10
1395043.47409907
20
359806.503899252
40
0.0
41
0.0
42
0.0
10
1395043.84121616
20
359807.962994265
40
0.0
41
0.0
42
0.0
10
1395044.8886964
20
359809.043049072
40
0.0
41
0.0
42
0.0
10
1395046.3358683
20
359809.45466386
40
0.0
41
0.0
42
0.0
10
1395047.79496333
20
359809.087546771
40
0.0
41
0.0
42
0.0
10
1395048.87501815
20
359808.040066527
40
0.0
41
0.0
42
0.0
10
1395049.28663293
20
359806.59289461
40
0.0
41
0.0
42
0.0
10
1395048.91951582
20
359805.133799577
40
0.0
41
0.0
42
0.0
10
1395047.87203557
20
359804.053744769
40
0.0
41
0.0
42
0.0
10
1395046.42486366
20
359803.642130004
40
0.0
41
0.0
42
0.0
10
1395044.96576864
20
359804.009247112
40
0.0
41
0.0
42
0.0
10
1395043.88571384
20
359805.056727356
40
0.0
41
0.0
42
0.0
10
1395043.47409907
20
359806.503899252
40
0.0
41
0.0
42
0.0
210
0.0
220
0.0
230
1.0
0
TEXT
5
DBF
330
1C
100
AcDbEntity
67
0
8
4 - принадлежность к ансамблю-0.1 ОКН
62
7
6
ByLayer
370
-1
48
1.0
60
0
100
AcDbText
1

10
1395046.26347796
20
359806.559010341
30
0.0
40
0.31111111111
41
1.0
50
0.0
51
0.0
7
Standard
11
1395046.26347796
21
359806.559010341
31
0.0
210
0.0
220
0.0
230
1.0
71
0
72
0
100
AcDbText
73
0
0
LWPOLYLINE
5
DC0
330
1C
100
AcDbEntity
67
0
8
4 - принадлежность к ансамблю-0.1 ОКН
62
7
6
ByLayer
370
20
48
1.0
60
0
100
AcDbPolyline
90
13
70
1
38
0.0
39
0.0
10
1394987.54564693
20
359874.304868051
40
0.0
41
0.0
42
0.0
10
1394987.91276372
20
359875.763962922
40
0.0
41
0.0
42
0.0
10
1394988.96024361
20
359876.844017757
40
0.0
41
0.0
42
0.0
10
1394990.40741523
20
359877.255632734
40
0.0
41
0.0
42
0.0
10
1394991.86651011
20
359876.888515955
40
0.0
41
0.0
42
0.0
10
1394992.94656496
20
359875.841036047
40
0.0
41
0.0
42
0.0
10
1394993.35817994
20
359874.393864411
40
0.0
41
0.0
42
0.0
10
1394992.99106314
20
359872.934769524
40
0.0
41
0.0
42
0.0
10
1394991.94358322
20
359871.854714689
40
0.0
41
0.0
42
0.0
10
1394990.49641159
20
359871.443099729
40
0.0
41
0.0
42
0.0
10
1394989.03731672
20
359871.810216527
40
0.0
41
0.0
42
0.0
10
1394987.95726189
20
359872.857696435
40
0.0
41
0.0
42
0.0
10
1394987.54564693
20
359874.304868051
40
0.0
41
0.0
42
0.0
210
0.0
220
0.0
230
1.0
0
TEXT
5
DC1
330
1C
100
AcDbEntity
67
0
8
4 - принадлежность к ансамблю-0.1 ОКН
62
7
6
ByLayer
370
-1
48
1.0
60
0
100
AcDbText
1

10
1394990.33502535
20
359874.359979534
30
0.0
40
0.31111111111
41
1.0
50
0.0
51
0.0
7
Standard
11
1394990.33502535
21
359874.359979534
31
0.0
210
0.0
220
0.0
230
1.0
71
0
72
0
100
AcDbText
73
0
0
LWPOLYLINE
5
DC2
330
1C
100
AcDbEntity
67
0
8
4 - принадлежность к ансамблю-0.1 ОКН
62
7
6
ByLayer
370
20
48
1.0
60
0
100
AcDbPolyline
90
13
70
1
38
0.0
39
0.0
10
1395017.4059887
20
359867.583497965
40
0.0
41
0.0
42
0.0
10
1395017.77310553
20
359869.042592937
40
0.0
41
0.0
42
0.0
10
1395018.82058553
20
359870.122647837
40
0.0
41
0.0
42
0.0
10
1395020.26775727
20
359870.534262823
40
0.0
41
0.0
42
0.0
10
1395021.72685226
20
359870.167145989
40
0.0
41
0.0
42
0.0
10
1395022.80690717
20
359869.119665983
40
0.0
41
0.0
42
0.0
10
1395023.21852215
20
359867.672494228
40
0.0
41
0.0
42
0.0
10
1395022.8514053
20
359866.213399237
40
0.0
41
0.0
42
0.0
10
1395021.80392528
20
359865.133344338
40
0.0
41
0.0
42
0.0
10
1395020.35675353
20
359864.721729367
40
0.0
41
0.0
42
0.0
10
1395018.89765856
20
359865.088846222
40
0.0
41
0.0
42
0.0
10
1395017.81760367
20
359866.136326229
40
0.0
41
0.0
42
0.0
10
1395017.4059887
20
359867.583497965
40
0.0
41
0.0
42
0.0
210
0.0
220
0.0
230
1.0
0
TEXT
5
DC3
330
1C
100
AcDbEntity
67
0
8
4 - принадлежность к ансамблю-0.1 ОКН
62
7
6
ByLayer
370
-1
48
1.0
60
0
100
AcDbText
1

10
1395020.19536733
20
359867.638609434
30
0.0
40
0.31111111111
41
1.0
50
0.0
51
0.0
7
Standard
11
1395020.19536733
21
359867.638609434
31
0.0
210
0.0
220
0.0
230
1.0
71
0
72
0
100
AcDbText
73
0
0
LWPOLYLINE
5
DC4
330
1C
100
AcDbEntity
67
0
8
4 - принадлежность к ансамблю-0.1 ОКН
62
7
6
ByLayer
370
20
48
1.0
60
0
100
AcDbPolyline
90
13
70
1
38
0.0
39
0.0
10
1395038.61517641
20
359861.946926305
40
0.0
41
0.0
42
0.0
10
1395038.98229329
20
359863.406021353
40
0.0
41
0.0
42
0.0
10
1395040.02977336
20
359864.486076297
40
0.0
41
0.0
42
0.0
10
1395041.47694518
20
359864.897691285
40
0.0
41
0.0
42
0.0
10
1395042.93604024
20
359864.53057441
40
0.0
41
0.0
42
0.0
10
1395044.0160952
20
359863.483094331
40
0.0
41
0.0
42
0.0
10
1395044.42771018
20
359862.035922492
40
0.0
41
0.0
42
0.0
10
1395044.06059329
20
359860.576827425
40
0.0
41
0.0
42
0.0
10
1395043.01311321
20
359859.496772482
40
0.0
41
0.0
42
0.0
10
1395041.56594137
20
359859.085157512
40
0.0
41
0.0
42
0.0
10
1395040.10684632
20
359859.452274409
40
0.0
41
0.0
42
0.0
10
1395039.02679138
20
359860.499754487
40
0.0
41
0.0
42
0.0
10
1395038.61517641
20
359861.946926305
40
0.0
41
0.0
42
0.0
210
0.0
220
0.0
230
1.0
0
TEXT
5
DC5
330
1C
100
AcDbEntity
67
0
8
4 - принадлежность к ансамблю-0.1 ОКН
62
7
6
ByLayer
370
-1
48
1.0
60
0
100
AcDbText
1

10
1395041.4045552
20
359862.002037768
30
0.0
40
0.31111111111
41
1.0
50
0.0
51
0.0
7
Standard
11
1395041.4045552
21
359862.002037768
31
0.0
210
0.0
220
0.0
230
1.0
71
0
72
0
100
AcDbText
73
0
0
LWPOLYLINE
5
DC6
330
1C
100
AcDbEntity
67
0
8
4 - принадлежность к ансамблю-0.1 ОКН
62
7
6
ByLayer
370
20
48
1.0
60
0
100
AcDbPolyline
90
13
70
1
38
0.0
39
0.0
10
1397859.80981227
20
359298.332723813
40
0.0
41
0.0
42
0.0
10
1397860.17693394
20
359299.791828897
40
0.0
41
0.0
42
0.0
10
1397861.22442316
20
359300.87189014
40
0.0
41
0.0
42
0.0
10
1397862.67160607
20
359301.283506006
40
0.0
41
0.0
42
0.0
10
1397864.13071117
20
359300.916384343
40
0.0
41
0.0
42
0.0
10
1397865.21077242
20
359299.868895106
40
0.0
41
0.0
42
0.0
10
1397865.62238828
20
359298.421712183
40
0.0
41
0.0
42
0.0
10
1397865.25526661
20
359296.96260708
40
0.0
41
0.0
42
0.0
10
1397864.20777736
20
359295.882545839
40
0.0
41
0.0
42
0.0
10
1397862.76059444
20
359295.47092999
40
0.0
41
0.0
42
0.0
10
1397861.30148935
20
359295.83805167
40
0.0
41
0.0
42
0.0
10
1397860.22142812
20
359296.88554091
40
0.0
41
0.0
42
0.0
10
1397859.80981227
20
359298.332723813
40
0.0
41
0.0
42
0.0
210
0.0
220
0.0
230
1.0
0
TEXT
5
DC7
330
1C
100
AcDbEntity
67
0
8
4 - принадлежность к ансамблю-0.1 ОКН
62
7
6
ByLayer
370
-1
48
1.0
60
0
100
AcDbText
1

10
1397862.59921097
20
359298.387834973
30
0.0
40
0.31111111111
41
1.0
50
0.0
51
0.0
7
Standard
11
1397862.59921097
21
359298.387834973
31
0.0
210
0.0
220
0.0
230
1.0
71
0
72
0
100
AcDbText
73
0
0
LWPOLYLINE
5
DC8
330
1C
100
AcDbEntity
67
0
8
4 - принадлежность к ансамблю-0.1 ОКН
62
7
6
ByLayer
370
20
48
1.0
60
0
100
AcDbPolyline
90
13
70
1
38
0.0
39
0.0
10
1397934.6360147
20
359292.404792002
40
0.0
41
0.0
42
0.0
10
1397935.00313646
20
359293.863897364
40
0.0
41
0.0
42
0.0
10
1397936.0506259
20
359294.943958795
40
0.0
41
0.0
42
0.0
10
1397937.49780909
20
359295.355574718
40
0.0
41
0.0
42
0.0
10
1397938.95691446
20
359294.988452965
40
0.0
41
0.0
42
0.0
10
1397940.03697591
20
359293.940963511
40
0.0
41
0.0
42
0.0
10
1397940.44859183
20
359292.493780302
40
0.0
41
0.0
42
0.0
10
1397940.08147006
20
359291.034674924
40
0.0
41
0.0
42
0.0
10
1397939.03398059
20
359289.954613488
40
0.0
41
0.0
42
0.0
10
1397937.58679739
20
359289.542997586
40
0.0
41
0.0
42
0.0
10
1397936.12769203
20
359289.910119359
40
0.0
41
0.0
42
0.0
10
1397935.0476306
20
359290.957608815
40
0.0
41
0.0
42
0.0
10
1397934.6360147
20
359292.404792002
40
0.0
41
0.0
42
0.0
210
0.0
220
0.0
230
1.0
0
TEXT
5
DC9
330
1C
100
AcDbEntity
67
0
8
4 - принадлежность к ансамблю-0.1 ОКН
62
7
6
ByLayer
370
-1
48
1.0
60
0
100
AcDbText
1

10
1397937.42541391
20
359292.459903218
30
0.0
40
0.31111111111
41
1.0
50
0.0
51
0.0
7
Standard
11
1397937.42541391
21
359292.459903218
31
0.0
210
0.0
220
0.0
230
1.0
71
0
72
0
100
AcDbText
73
0
0
LWPOLYLINE
5
DCA
330
1C
100
AcDbEntity
67
0
8
4 - принадлежность к ансамблю-0.1 ОКН
62
7
6
ByLayer
370
20
48
1.0
60
0
100
AcDbPolyline
90
13
70
1
38
0.0
39
0.0
10
1398012.60680975
20
359289.837429824
40
0.0
41
0.0
42
0.0
10
1398012.97393159
20
359291.29653547
40
0.0
41
0.0
42
0.0
10
1398014.02142126
20
359292.376597114
40
0.0
41
0.0
42
0.0
10
1398015.46860474
20
359292.788213107
40
0.0
41
0.0
42
0.0
10
1398016.9277104
20
359292.421091273
40
0.0
41
0.0
42
0.0
10
1398018.00777206
20
359291.373601598
40
0.0
41
0.0
42
0.0
10
1398018.41938805
20
359289.926418099
40
0.0
41
0.0
42
0.0
10
1398018.05226619
20
359288.467312431
40
0.0
41
0.0
42
0.0
10
1398017.00477651
20
359287.387250787
40
0.0
41
0.0
42
0.0
10
1398015.55759301
20
359286.975634812
40
0.0
41
0.0
42
0.0
10
1398014.09848736
20
359287.342756668
40
0.0
41
0.0
42
0.0
10
1398013.01842573
20
359288.39024634
40
0.0
41
0.0
42
0.0
10
1398012.60680975
20
359289.837429824
40
0.0
41
0.0
42
0.0
210
0.0
220
0.0
230
1.0
0
TEXT
5
DCB
330
1C
100
AcDbEntity
67
0
8
4 - принадлежность к ансамблю-0.1 ОКН
62
7
6
ByLayer
370
-1
48
1.0
60
0
100
AcDbText
1

10
1398015.3962095
20
359289.892541117
30
0.0
40
0.31111111111
41
1.0
50
0.0
51
0.0
7
Standard
11
1398015.3962095
21
359289.892541117
31
0.0
210
0.0
220
0.0
230
1.0
71
0
72
0
100
AcDbText
73
0
0
LWPOLYLINE
5
DCC
330
1C
100
AcDbEntity
67
0
8
4 - принадлежность к ансамблю-0.1 ОКН
62
7
6
ByLayer
370
20
48
1.0
60
0
100
AcDbPolyline
90
13
70
1
38
0.0
39
0.0
10
1398091.22073912
20
359281.262905265
40
0.0
41
0.0
42
0.0
10
1398091.58786107
20
359282.722011199
40
0.0
41
0.0
42
0.0
10
1398092.63535097
20
359283.802073036
40
0.0
41
0.0
42
0.0
10
1398094.08253475
20
359284.213689083
40
0.0
41
0.0
42
0.0
10
1398095.5416407
20
359283.846567137
40
0.0
41
0.0
42
0.0
10
1398096.62170255
20
359282.799077229
40
0.0
41
0.0
42
0.0
10
1398097.0333186
20
359281.35189343
40
0.0
41
0.0
42
0.0
10
1398096.66619663
20
359279.892787475
40
0.0
41
0.0
42
0.0
10
1398095.61870672
20
359278.812725637
40
0.0
41
0.0
42
0.0
10
1398094.17152292
20
359278.401109609
40
0.0
41
0.0
42
0.0
10
1398092.71241698
20
359278.768231571
40
0.0
41
0.0
42
0.0
10
1398091.63235515
20
359279.815721481
40
0.0
41
0.0
42
0.0
10
1398091.22073912
20
359281.262905265
40
0.0
41
0.0
42
0.0
210
0.0
220
0.0
230
1.0
0
TEXT
5
DCD
330
1C
100
AcDbEntity
67
0
8
4 - принадлежность к ансамблю-0.1 ОКН
62
7
6
ByLayer
370
-1
48
1.0
60
0
100
AcDbText
1

10
1398094.01013942
20
359281.318016597
30
0.0
40
0.31111111111
41
1.0
50
0.0
51
0.0
7
Standard
11
1398094.01013942
21
359281.318016597
31
0.0
210
0.0
220
0.0
230
1.0
71
0
72
0
100
AcDbText
73
0
0
LWPOLYLINE
5
DCE
330
1C
100
AcDbEntity
67
0
8
4 - принадлежность к ансамблю-0.1 ОКН
62
7
6
ByLayer
370
20
48
1.0
60
0
100
AcDbPolyline
90
13
70
1
38
0.0
39
0.0
10
1398168.63219608
20
359276.185203959
40
0.0
41
0.0
42
0.0
10
1398168.99931812
20
359277.644310179
40
0.0
41
0.0
42
0.0
10
1398170.04680824
20
359278.724372218
40
0.0
41
0.0
42
0.0
10
1398171.49399232
20
359279.135988326
40
0.0
41
0.0
42
0.0
10
1398172.95309855
20
359278.768866292
40
0.0
41
0.0
42
0.0
10
1398174.0331606
20
359277.721376159
40
0.0
41
0.0
42
0.0
10
1398174.44477671
20
359276.274192064
40
0.0
41
0.0
42
0.0
10
1398174.07765466
20
359274.815085825
40
0.0
41
0.0
42
0.0
10
1398173.03016451
20
359273.735023785
40
0.0
41
0.0
42
0.0
10
1398171.58298042
20
359273.3234077
40
0.0
41
0.0
42
0.0
10
1398170.1238742
20
359273.690529749
40
0.0
41
0.0
42
0.0
10
1398169.04381217
20
359274.738019884
40
0.0
41
0.0
42
0.0
10
1398168.63219608
20
359276.185203959
40
0.0
41
0.0
42
0.0
210
0.0
220
0.0
230
1.0
0
TEXT
5
DCF
330
1C
100
AcDbEntity
67
0
8
4 - принадлежность к ансамблю-0.1 ОКН
62
7
6
ByLayer
370
-1
48
1.0
60
0
100
AcDbText
1

10
1398171.4215969
20
359276.240315356
30
0.0
40
0.31111111111
41
1.0
50
0.0
51
0.0
7
Standard
11
1398171.4215969
21
359276.240315356
31
0.0
210
0.0
220
0.0
230
1.0
71
0
72
0
100
AcDbText
73
0
0
LWPOLYLINE
5
DD0
330
1C
100
AcDbEntity
67
0
8
4 - принадлежность к ансамблю-0.1 ОКН
62
7
6
ByLayer
370
20
48
1.0
60
0
100
AcDbPolyline
90
13
70
1
38
0.0
39
0.0
10
1397853.90531669
20
359227.548964533
40
0.0
41
0.0
42
0.0
10
1397854.27243861
20
359229.008069528
40
0.0
41
0.0
42
0.0
10
1397855.31992802
20
359230.088130564
40
0.0
41
0.0
42
0.0
10
1397856.76711098
20
359230.49974616
40
0.0
41
0.0
42
0.0
10
1397858.226216
20
359230.132624242
40
0.0
41
0.0
42
0.0
10
1397859.30627704
20
359229.08513482
40
0.0
41
0.0
42
0.0
10
1397859.71789263
20
359227.637951848
40
0.0
41
0.0
42
0.0
10
1397859.3507707
20
359226.178846832
40
0.0
41
0.0
42
0.0
10
1397858.30328127
20
359225.098785796
40
0.0
41
0.0
42
0.0
10
1397856.85609829
20
359224.687170219
40
0.0
41
0.0
42
0.0
10
1397855.3969933
20
359225.054292157
40
0.0
41
0.0
42
0.0
10
1397854.31693227
20
359226.101781578
40
0.0
41
0.0
42
0.0
10
1397853.90531669
20
359227.548964533
40
0.0
41
0.0
42
0.0
210
0.0
220
0.0
230
1.0
0
TEXT
5
DD1
330
1C
100
AcDbEntity
67
0
8
4 - принадлежность к ансамблю-0.1 ОКН
62
7
6
ByLayer
370
-1
48
1.0
60
0
100
AcDbText
1

10
1397856.69471544
20
359227.604075205
30
0.0
40
0.31111111111
41
1.0
50
0.0
51
0.0
7
Standard
11
1397856.69471544
21
359227.604075205
31
0.0
210
0.0
220
0.0
230
1.0
71
0
72
0
100
AcDbText
73
0
0
LWPOLYLINE
5
DD2
330
1C
100
AcDbEntity
67
0
8
4 - принадлежность к ансамблю-0.1 ОКН
62
7
6
ByLayer
370
20
48
1.0
60
0
100
AcDbPolyline
90
13
70
1
38
0.0
39
0.0
10
1397938.28809817
20
359225.293770146
40
0.0
41
0.0
42
0.0
10
1397938.65522018
20
359226.752875453
40
0.0
41
0.0
42
0.0
10
1397939.70270982
20
359227.832936721
40
0.0
41
0.0
42
0.0
10
1397941.1498931
20
359228.244552393
40
0.0
41
0.0
42
0.0
10
1397942.60899842
20
359227.877430386
40
0.0
41
0.0
42
0.0
10
1397943.6890597
20
359226.829940733
40
0.0
41
0.0
42
0.0
10
1397944.10067537
20
359225.382757444
40
0.0
41
0.0
42
0.0
10
1397943.73355335
20
359223.923652114
40
0.0
41
0.0
42
0.0
10
1397942.68606368
20
359222.843590849
40
0.0
41
0.0
42
0.0
10
1397941.2388804
20
359222.431975192
40
0.0
41
0.0
42
0.0
10
1397939.77977508
20
359222.799097221
40
0.0
41
0.0
42
0.0
10
1397938.69971383
20
359223.846586874
40
0.0
41
0.0
42
0.0
10
1397938.28809817
20
359225.293770146
40
0.0
41
0.0
42
0.0
210
0.0
220
0.0
230
1.0
0
TEXT
5
DD3
330
1C
100
AcDbEntity
67
0
8
4 - принадлежность к ансамблю-0.1 ОКН
62
7
6
ByLayer
370
-1
48
1.0
60
0
100
AcDbText
1

10
1397941.07749749
20
359225.348880907
30
0.0
40
0.31111111111
41
1.0
50
0.0
51
0.0
7
Standard
11
1397941.07749749
21
359225.348880907
31
0.0
210
0.0
220
0.0
230
1.0
71
0
72
0
100
AcDbText
73
0
0
LWPOLYLINE
5
DD4
330
1C
100
AcDbEntity
67
0
8
4 - принадлежность к ансамблю-0.1 ОКН
62
7
6
ByLayer
370
20
48
1.0
60
0
100
AcDbPolyline
90
13
70
1
38
0.0
39
0.0
10
1398113.07303198
20
359216.447398456
40
0.0
41
0.0
42
0.0
10
1398113.44015419
20
359217.906504409
40
0.0
41
0.0
42
0.0
10
1398114.48764433
20
359218.986566136
40
0.0
41
0.0
42
0.0
10
1398115.93482827
20
359219.398181962
40
0.0
41
0.0
42
0.0
10
1398117.39393423
20
359219.031059757
40
0.0
41
0.0
42
0.0
10
1398118.47399597
20
359217.983569607
40
0.0
41
0.0
42
0.0
10
1398118.88561179
20
359216.536385658
40
0.0
41
0.0
42
0.0
10
1398118.51848957
20
359215.077279687
40
0.0
41
0.0
42
0.0
10
1398117.47099941
20
359213.99721796
40
0.0
41
0.0
42
0.0
10
1398116.02381547
20
359213.585602151
40
0.0
41
0.0
42
0.0
10
1398114.56470951
20
359213.952724378
40
0.0
41
0.0
42
0.0
10
1398113.4846478
20
359215.000214526
40
0.0
41
0.0
42
0.0
10
1398113.07303198
20
359216.447398456
40
0.0
41
0.0
42
0.0
210
0.0
220
0.0
230
1.0
0
TEXT
5
DD5
330
1C
100
AcDbEntity
67
0
8
4 - принадлежность к ансамблю-0.1 ОКН
62
7
6
ByLayer
370
-1
48
1.0
60
0
100
AcDbText
1

10
1398115.86243251
20
359216.502509375
30
0.0
40
0.31111111111
41
1.0
50
0.0
51
0.0
7
Standard
11
1398115.86243251
21
359216.502509375
31
0.0
210
0.0
220
0.0
230
1.0
71
0
72
0
100
AcDbText
73
0
0
LWPOLYLINE
5
DD6
330
1C
100
AcDbEntity
67
0
8
4 - принадлежность к ансамблю-0.1 ОКН
62
7
6
ByLayer
370
20
48
1.0
60
0
100
AcDbPolyline
90
13
70
1
38
0.0
39
0.0
10
1397852.67940409
20
359176.77908204
40
0.0
41
0.0
42
0.0
10
1397853.0465262
20
359178.238186982
40
0.0
41
0.0
42
0.0
10
1397854.09401575
20
359179.318247878
40
0.0
41
0.0
42
0.0
10
1397855.54119875
20
359179.729863284
40
0.0
41
0.0
42
0.0
10
1397857.00030371
20
359179.362741175
40
0.0
41
0.0
42
0.0
10
1397858.08036462
20
359178.315251617
40
0.0
41
0.0
42
0.0
10
1397858.49198002
20
359176.868068596
40
0.0
41
0.0
42
0.0
10
1397858.12485789
20
359175.408963631
40
0.0
41
0.0
42
0.0
10
1397857.07736833
20
359174.328902736
40
0.0
41
0.0
42
0.0
10
1397855.63018531
20
359173.917287351
40
0.0
41
0.0
42
0.0
10
1397854.17108036
20
359174.284409477
40
0.0
41
0.0
42
0.0
10
1397853.09101947
20
359175.331899033
40
0.0
41
0.0
42
0.0
10
1397852.67940409
20
359176.77908204
40
0.0
41
0.0
42
0.0
210
0.0
220
0.0
230
1.0
0
TEXT
5
DD7
330
1C
100
AcDbEntity
67
0
8
4 - принадлежность к ансамблю-0.1 ОКН
62
7
6
ByLayer
370
-1
48
1.0
60
0
100
AcDbText
1

10
1397855.46880289
20
359176.834192365
30
0.0
40
0.31111111111
41
1.0
50
0.0
51
0.0
7
Standard
11
1397855.46880289
21
359176.834192365
31
0.0
210
0.0
220
0.0
230
1.0
71
0
72
0
100
AcDbText
73
0
0
LWPOLYLINE
5
DD8
330
1C
100
AcDbEntity
67
0
8
4 - принадлежность к ансамблю-0.1 ОКН
62
7
6
ByLayer
370
20
48
1.0
60
0
100
AcDbPolyline
90
13
70
1
38
0.0
39
0.0
10
1397964.21678612
20
359171.197198776
40
0.0
41
0.0
42
0.0
10
1397964.58390836
20
359172.656304133
40
0.0
41
0.0
42
0.0
10
1397965.63139822
20
359173.736365325
40
0.0
41
0.0
42
0.0
10
1397967.07858165
20
359174.147980821
40
0.0
41
0.0
42
0.0
10
1397968.53768702
20
359173.780858587
40
0.0
41
0.0
42
0.0
10
1397969.61774822
20
359172.733368714
40
0.0
41
0.0
42
0.0
10
1397970.02936372
20
359171.286185272
40
0.0
41
0.0
42
0.0
10
1397969.66224147
20
359169.827079896
40
0.0
41
0.0
42
0.0
10
1397968.61475158
20
359168.747018707
40
0.0
41
0.0
42
0.0
10
1397967.16756814
20
359168.335403225
40
0.0
41
0.0
42
0.0
10
1397965.70846278
20
359168.702525479
40
0.0
41
0.0
42
0.0
10
1397964.6284016
20
359169.750015351
40
0.0
41
0.0
42
0.0
10
1397964.21678612
20
359171.197198776
40
0.0
41
0.0
42
0.0
210
0.0
220
0.0
230
1.0
0
TEXT
5
DD9
330
1C
100
AcDbEntity
67
0
8
4 - принадлежность к ансамблю-0.1 ОКН
62
7
6
ByLayer
370
-1
48
1.0
60
0
100
AcDbText
1

10
1397967.00618568
20
359171.252309203
30
0.0
40
0.31111111111
41
1.0
50
0.0
51
0.0
7
Standard
11
1397967.00618568
21
359171.252309203
31
0.0
210
0.0
220
0.0
230
1.0
71
0
72
0
100
AcDbText
73
0
0
LWPOLYLINE
5
DDA
330
1C
100
AcDbEntity
67
0
8
4 - принадлежность к ансамблю-0.1 ОКН
62
7
6
ByLayer
370
20
48
1.0
60
0
100
AcDbPolyline
90
13
70
1
38
0.0
39
0.0
10
1399517.45357727
20
360153.134377574
40
0.0
41
0.0
42
0.0
10
1399517.8206973
20
360154.593489677
40
0.0
41
0.0
42
0.0
10
1399518.86818862
20
360155.673557815
40
0.0
41
0.0
42
0.0
10
1399520.31537679
20
360156.085178608
40
0.0
41
0.0
42
0.0
10
1399521.77448891
20
360155.718058581
40
0.0
41
0.0
42
0.0
10
1399522.85455706
20
360154.67056725
40
0.0
41
0.0
42
0.0
10
1399523.26617785
20
360153.223379067
40
0.0
41
0.0
42
0.0
10
1399522.89905781
20
360151.764266945
40
0.0
41
0.0
42
0.0
10
1399521.85156646
20
360150.684198803
40
0.0
41
0.0
42
0.0
10
1399520.40437829
20
360150.272578033
40
0.0
41
0.0
42
0.0
10
1399518.94526618
20
360150.639698076
40
0.0
41
0.0
42
0.0
10
1399517.86519805
20
360151.687189408
40
0.0
41
0.0
42
0.0
10
1399517.45357727
20
360153.134377574
40
0.0
41
0.0
42
0.0
210
0.0
220
0.0
230
1.0
0
TEXT
5
DDB
330
1C
100
AcDbEntity
67
0
8
4 - принадлежность к ансамблю-0.1 ОКН
62
7
6
ByLayer
370
-1
48
1.0
60
0
100
AcDbText
1

10
1399520.24298618
20
360153.18949663
30
0.0
40
0.31111111111
41
1.0
50
0.0
51
0.0
7
Standard
11
1399520.24298618
21
360153.18949663
31
0.0
210
0.0
220
0.0
230
1.0
71
0
72
0
100
AcDbText
73
0
0
LWPOLYLINE
5
DDC
330
1C
100
AcDbEntity
67
0
8
4 - принадлежность к ансамблю-0.1 ОКН
62
7
6
ByLayer
370
20
48
1.0
60
0
100
AcDbPolyline
90
13
70
1
38
0.0
39
0.0
10
1399400.00765524
20
360373.490981853
40
0.0
41
0.0
42
0.0
10
1399400.37477434
20
360374.950093722
40
0.0
41
0.0
42
0.0
10
1399401.42226473
20
360376.030162131
40
0.0
41
0.0
42
0.0
10
1399402.86945223
20
360376.441783617
40
0.0
41
0.0
42
0.0
10
1399404.32856412
20
360376.074664528
40
0.0
41
0.0
42
0.0
10
1399405.40863254
20
360375.027174123
40
0.0
41
0.0
42
0.0
10
1399405.82025402
20
360373.579986606
40
0.0
41
0.0
42
0.0
10
1399405.45313491
20
360372.120874717
40
0.0
41
0.0
42
0.0
10
1399404.4056445
20
360371.040806311
40
0.0
41
0.0
42
0.0
10
1399402.95845699
20
360370.629184842
40
0.0
41
0.0
42
0.0
10
1399401.49934511
20
360370.996303951
40
0.0
41
0.0
42
0.0
10
1399400.41927672
20
360372.043794356
40
0.0
41
0.0
42
0.0
10
1399400.00765524
20
360373.490981853
40
0.0
41
0.0
42
0.0
210
0.0
220
0.0
230
1.0
0
TEXT
5
DDD
330
1C
100
AcDbEntity
67
0
8
4 - принадлежность к ансамблю-0.1 ОКН
62
7
6
ByLayer
370
-1
48
1.0
60
0
100
AcDbText
1

10
1399402.79706308
20
360373.546102261
30
0.0
40
0.31111111111
41
1.0
50
0.0
51
0.0
7
Standard
11
1399402.79706308
21
360373.546102261
31
0.0
210
0.0
220
0.0
230
1.0
71
0
72
0
100
AcDbText
73
0
0
LWPOLYLINE
5
DDE
330
1C
100
AcDbEntity
67
0
8
4 - принадлежность к ансамблю-0.1 ОКН
62
7
6
ByLayer
370
20
48
1.0
60
0
100
AcDbPolyline
90
13
70
1
38
0.0
39
0.0
10
1399423.56946694
20
360416.86815703
40
0.0
41
0.0
42
0.0
10
1399423.93658589
20
360418.327269032
40
0.0
41
0.0
42
0.0
10
1399424.98407623
20
360419.407337618
40
0.0
41
0.0
42
0.0
10
1399426.43126377
20
360419.818959293
40
0.0
41
0.0
42
0.0
10
1399427.89037579
20
360419.451840344
40
0.0
41
0.0
42
0.0
10
1399428.97044439
20
360418.404349994
40
0.0
41
0.0
42
0.0
10
1399429.38206606
20
360416.957162439
40
0.0
41
0.0
42
0.0
10
1399429.01494709
20
360415.49805042
40
0.0
41
0.0
42
0.0
10
1399427.96745673
20
360414.417981829
40
0.0
41
0.0
42
0.0
10
1399426.52026918
20
360414.006360178
40
0.0
41
0.0
42
0.0
10
1399425.06115718
20
360414.373479143
40
0.0
41
0.0
42
0.0
10
1399423.9810886
20
360415.420969491
40
0.0
41
0.0
42
0.0
10
1399423.56946694
20
360416.86815703
40
0.0
41
0.0
42
0.0
210
0.0
220
0.0
230
1.0
0
TEXT
5
DDF
330
1C
100
AcDbEntity
67
0
8
4 - принадлежность к ансамблю-0.1 ОКН
62
7
6
ByLayer
370
-1
48
1.0
60
0
100
AcDbText
1

10
1399426.35887488
20
360416.923277764
30
0.0
40
0.31111111111
41
1.0
50
0.0
51
0.0
7
Standard
11
1399426.35887488
21
360416.923277764
31
0.0
210
0.0
220
0.0
230
1.0
71
0
72
0
100
AcDbText
73
0
0
LWPOLYLINE
5
DE0
330
1C
100
AcDbEntity
67
0
8
4 - принадлежность к ансамблю-0.1 ОКН
62
7
6
ByLayer
370
20
48
1.0
60
0
100
AcDbPolyline
90
13
70
1
38
0.0
39
0.0
10
1399429.40208625
20
360428.371400532
40
0.0
41
0.0
42
0.0
10
1399429.76920516
20
360429.830512567
40
0.0
41
0.0
42
0.0
10
1399430.81669549
20
360430.910581204
40
0.0
41
0.0
42
0.0
10
1399432.26388303
20
360431.322202925
40
0.0
41
0.0
42
0.0
10
1399433.72299509
20
360430.955084014
40
0.0
41
0.0
42
0.0
10
1399434.80306373
20
360429.90759368
40
0.0
41
0.0
42
0.0
10
1399435.21468545
20
360428.460406116
40
0.0
41
0.0
42
0.0
10
1399434.84756652
20
360427.001294061
40
0.0
41
0.0
42
0.0
10
1399433.80007618
20
360425.921225425
40
0.0
41
0.0
42
0.0
10
1399432.35288862
20
360425.509603724
40
0.0
41
0.0
42
0.0
10
1399430.89377658
20
360425.876722652
40
0.0
41
0.0
42
0.0
10
1399429.81370795
20
360426.924212987
40
0.0
41
0.0
42
0.0
10
1399429.40208625
20
360428.371400532
40
0.0
41
0.0
42
0.0
210
0.0
220
0.0
230
1.0
0
TEXT
5
DE1
330
1C
100
AcDbEntity
67
0
8
4 - принадлежность к ансамблю-0.1 ОКН
62
7
6
ByLayer
370
-1
48
1.0
60
0
100
AcDbText
1

10
1399432.19149421
20
360428.426521353
30
0.0
40
0.31111111111
41
1.0
50
0.0
51
0.0
7
Standard
11
1399432.19149421
21
360428.426521353
31
0.0
210
0.0
220
0.0
230
1.0
71
0
72
0
100
AcDbText
73
0
0
LWPOLYLINE
5
DE2
330
1C
100
AcDbEntity
67
0
8
4 - принадлежность к ансамблю-0.1 ОКН
62
7
6
ByLayer
370
20
48
1.0
60
0
100
AcDbPolyline
90
13
70
1
38
0.0
39
0.0
10
1399435.56938342
20
360439.170899139
40
0.0
41
0.0
42
0.0
10
1399435.9365023
20
360440.630011206
40
0.0
41
0.0
42
0.0
10
1399436.98399261
20
360441.710079888
40
0.0
41
0.0
42
0.0
10
1399438.43118017
20
360442.121701656
40
0.0
41
0.0
42
0.0
10
1399439.89029225
20
360441.75458278
40
0.0
41
0.0
42
0.0
10
1399440.97036094
20
360440.707092463
40
0.0
41
0.0
42
0.0
10
1399441.38198271
20
360439.259904884
40
0.0
41
0.0
42
0.0
10
1399441.01486382
20
360437.800792799
40
0.0
41
0.0
42
0.0
10
1399439.96737349
20
360436.720724113
40
0.0
41
0.0
42
0.0
10
1399438.52018591
20
360436.309102368
40
0.0
41
0.0
42
0.0
10
1399437.06107384
20
360436.67622126
40
0.0
41
0.0
42
0.0
10
1399435.98100517
20
360437.72371158
40
0.0
41
0.0
42
0.0
10
1399435.56938342
20
360439.170899139
40
0.0
41
0.0
42
0.0
210
0.0
220
0.0
230
1.0
0
TEXT
5
DE3
330
1C
100
AcDbEntity
67
0
8
4 - принадлежность к ансамблю-0.1 ОКН
62
7
6
ByLayer
370
-1
48
1.0
60
0
100
AcDbText
1

10
1399438.35879141
20
360439.226020042
30
0.0
40
0.31111111111
41
1.0
50
0.0
51
0.0
7
Standard
11
1399438.35879141
21
360439.226020042
31
0.0
210
0.0
220
0.0
230
1.0
71
0
72
0
100
AcDbText
73
0
0
LWPOLYLINE
5
DE4
330
1C
100
AcDbEntity
67
0
8
4 - принадлежность к ансамблю-0.1 ОКН
62
7
6
ByLayer
370
20
48
1.0
60
0
100
AcDbPolyline
90
13
70
1
38
0.0
39
0.0
10
1399492.5479392
20
360464.537516615
40
0.0
41
0.0
42
0.0
10
1399492.91505804
20
360465.996628921
40
0.0
41
0.0
42
0.0
10
1399493.96254843
20
360467.076697829
40
0.0
41
0.0
42
0.0
10
1399495.40973617
20
360467.488319751
40
0.0
41
0.0
42
0.0
10
1399496.86884849
20
360467.121200916
40
0.0
41
0.0
42
0.0
10
1399497.94891742
20
360466.073710516
40
0.0
41
0.0
42
0.0
10
1399498.36053933
20
360464.626522752
40
0.0
41
0.0
42
0.0
10
1399497.99342048
20
360463.16741043
40
0.0
41
0.0
42
0.0
10
1399496.94593007
20
360462.087341519
40
0.0
41
0.0
42
0.0
10
1399495.49874231
20
360461.675719614
40
0.0
41
0.0
42
0.0
10
1399494.03963
20
360462.042838468
40
0.0
41
0.0
42
0.0
10
1399492.95956111
20
360463.090328872
40
0.0
41
0.0
42
0.0
10
1399492.5479392
20
360464.537516615
40
0.0
41
0.0
42
0.0
210
0.0
220
0.0
230
1.0
0
TEXT
5
DE5
330
1C
100
AcDbEntity
67
0
8
4 - принадлежность к ансамблю-0.1 ОКН
62
7
6
ByLayer
370
-1
48
1.0
60
0
100
AcDbText
1

10
1399495.33734754
20
360464.592637761
30
0.0
40
0.31111111111
41
1.0
50
0.0
51
0.0
7
Standard
11
1399495.33734754
21
360464.592637761
31
0.0
210
0.0
220
0.0
230
1.0
71
0
72
0
100
AcDbText
73
0
0
LWPOLYLINE
5
DE6
330
1C
100
AcDbEntity
67
0
8
4 - принадлежность к ансамблю-0.1 ОКН
62
7
6
ByLayer
370
20
48
1.0
60
0
100
AcDbPolyline
90
13
70
1
38
0.0
39
0.0
10
1399556.317834
20
360393.005091051
40
0.0
41
0.0
42
0.0
10
1399556.68495317
20
360394.464203525
40
0.0
41
0.0
42
0.0
10
1399557.73244393
20
360395.54427242
40
0.0
41
0.0
42
0.0
10
1399559.17963199
20
360395.955894142
40
0.0
41
0.0
42
0.0
10
1399560.63874448
20
360395.588774978
40
0.0
41
0.0
42
0.0
10
1399561.71881338
20
360394.541284204
40
0.0
41
0.0
42
0.0
10
1399562.1304351
20
360393.094096134
40
0.0
41
0.0
42
0.0
10
1399561.76331593
20
360391.634983636
40
0.0
41
0.0
42
0.0
10
1399560.71582514
20
360390.554914743
40
0.0
41
0.0
42
0.0
10
1399559.26863707
20
360390.143293039
40
0.0
41
0.0
42
0.0
10
1399557.80952459
20
360390.510412218
40
0.0
41
0.0
42
0.0
10
1399556.72945571
20
360391.557902994
40
0.0
41
0.0
42
0.0
10
1399556.317834
20
360393.005091051
40
0.0
41
0.0
42
0.0
210
0.0
220
0.0
230
1.0
0
TEXT
5
DE7
330
1C
100
AcDbEntity
67
0
8
4 - принадлежность к ансамблю-0.1 ОКН
62
7
6
ByLayer
370
-1
48
1.0
60
0
100
AcDbText
1

10
1399559.10724287
20
360393.06021179
30
0.0
40
0.31111111111
41
1.0
50
0.0
51
0.0
7
Standard
11
1399559.10724287
21
360393.06021179
31
0.0
210
0.0
220
0.0
230
1.0
71
0
72
0
100
AcDbText
73
0
0
LWPOLYLINE
5
DE8
330
1C
100
AcDbEntity
67
0
8
4 - принадлежность к ансамблю-0.1 ОКН
62
7
6
ByLayer
370
20
48
1.0
60
0
100
AcDbPolyline
90
13
70
1
38
0.0
39
0.0
10
1399569.20260174
20
360425.233419415
40
0.0
41
0.0
42
0.0
10
1399569.5697208
20
360426.692531971
40
0.0
41
0.0
42
0.0
10
1399570.61721151
20
360427.772600986
40
0.0
41
0.0
42
0.0
10
1399572.06439958
20
360428.184222842
40
0.0
41
0.0
42
0.0
10
1399573.52351215
20
360427.817103789
40
0.0
41
0.0
42
0.0
10
1399574.60358117
20
360426.769613071
40
0.0
41
0.0
42
0.0
10
1399575.01520303
20
360425.322424981
40
0.0
41
0.0
42
0.0
10
1399574.64808396
20
360423.86331241
40
0.0
41
0.0
42
0.0
10
1399573.60059323
20
360422.783243392
40
0.0
41
0.0
42
0.0
10
1399572.15340515
20
360422.371621555
40
0.0
41
0.0
42
0.0
10
1399570.69429258
20
360422.738740628
40
0.0
41
0.0
42
0.0
10
1399569.61422358
20
360423.786231346
40
0.0
41
0.0
42
0.0
10
1399569.20260174
20
360425.233419415
40
0.0
41
0.0
42
0.0
210
0.0
220
0.0
230
1.0
0
TEXT
5
DE9
330
1C
100
AcDbEntity
67
0
8
4 - принадлежность к ансамблю-0.1 ОКН
62
7
6
ByLayer
370
-1
48
1.0
60
0
100
AcDbText
1

10
1399571.99201066
20
360425.28854039
30
0.0
40
0.31111111111
41
1.0
50
0.0
51
0.0
7
Standard
11
1399571.99201066
21
360425.28854039
31
0.0
210
0.0
220
0.0
230
1.0
71
0
72
0
100
AcDbText
73
0
0
LWPOLYLINE
5
DEA
330
1C
100
AcDbEntity
67
0
8
4 - принадлежность к ансамблю-0.1 ОКН
62
7
6
ByLayer
370
20
48
1.0
60
0
100
AcDbPolyline
90
13
70
1
38
0.0
39
0.0
10
1399586.61672444
20
360457.9977667
40
0.0
41
0.0
42
0.0
10
1399586.98384339
20
360459.456879354
40
0.0
41
0.0
42
0.0
10
1399588.03133405
20
360460.536948505
40
0.0
41
0.0
42
0.0
10
1399589.47852215
20
360460.9485705
40
0.0
41
0.0
42
0.0
10
1399590.93763482
20
360460.581451553
40
0.0
41
0.0
42
0.0
10
1399592.01770398
20
360459.533960879
40
0.0
41
0.0
42
0.0
10
1399592.42932597
20
360458.08677276
40
0.0
41
0.0
42
0.0
10
1399592.06220701
20
360456.627660089
40
0.0
41
0.0
42
0.0
10
1399591.01471633
20
360455.547590938
40
0.0
41
0.0
42
0.0
10
1399589.56752821
20
360455.135968959
40
0.0
41
0.0
42
0.0
10
1399588.10841556
20
360455.503087928
40
0.0
41
0.0
42
0.0
10
1399587.02834642
20
360456.550578601
40
0.0
41
0.0
42
0.0
10
1399586.61672444
20
360457.9977667
40
0.0
41
0.0
42
0.0
210
0.0
220
0.0
230
1.0
0
TEXT
5
DEB
330
1C
100
AcDbEntity
67
0
8
4 - принадлежность к ансамблю-0.1 ОКН
62
7
6
ByLayer
370
-1
48
1.0
60
0
100
AcDbText
1

10
1399589.40613343
20
360458.052887919
30
0.0
40
0.31111111111
41
1.0
50
0.0
51
0.0
7
Standard
11
1399589.40613343
21
360458.052887919
31
0.0
210
0.0
220
0.0
230
1.0
71
0
72
0
100
AcDbText
73
0
0
LWPOLYLINE
5
DEC
330
1C
100
AcDbEntity
67
0
8
4 - принадлежность к ансамблю-0.1 ОКН
62
7
6
ByLayer
370
20
48
1.0
60
0
100
AcDbPolyline
90
13
70
1
38
0.0
39
0.0
10
1399597.72250756
20
360503.92435407
40
0.0
41
0.0
42
0.0
10
1399598.08962634
20
360505.383466806
40
0.0
41
0.0
42
0.0
10
1399599.13711691
20
360506.463536115
40
0.0
41
0.0
42
0.0
10
1399600.584305
20
360506.875158294
40
0.0
41
0.0
42
0.0
10
1399602.04341776
20
360506.508039505
40
0.0
41
0.0
42
0.0
10
1399603.12348708
20
360505.46054893
40
0.0
41
0.0
42
0.0
10
1399603.53510925
20
360504.01336082
40
0.0
41
0.0
42
0.0
10
1399603.16799045
20
360502.554248064
40
0.0
41
0.0
42
0.0
10
1399602.12049986
20
360501.474178756
40
0.0
41
0.0
42
0.0
10
1399600.67331176
20
360501.062556596
40
0.0
41
0.0
42
0.0
10
1399599.21419901
20
360501.429675401
40
0.0
41
0.0
42
0.0
10
1399598.13412972
20
360502.477165978
40
0.0
41
0.0
42
0.0
10
1399597.72250756
20
360503.92435407
40
0.0
41
0.0
42
0.0
210
0.0
220
0.0
230
1.0
0
TEXT
5
DED
330
1C
100
AcDbEntity
67
0
8
4 - принадлежность к ансамблю-0.1 ОКН
62
7
6
ByLayer
370
-1
48
1.0
60
0
100
AcDbText
1

10
1399600.51191657
20
360503.979475617
30
0.0
40
0.31111111111
41
1.0
50
0.0
51
0.0
7
Standard
11
1399600.51191657
21
360503.979475617
31
0.0
210
0.0
220
0.0
230
1.0
71
0
72
0
100
AcDbText
73
0
0
LWPOLYLINE
5
DEE
330
1C
100
AcDbEntity
67
0
8
4 - принадлежность к ансамблю-0.1 ОКН
62
7
6
ByLayer
370
20
48
1.0
60
0
100
AcDbPolyline
90
13
70
1
38
0.0
39
0.0
10
1399594.83640587
20
360363.508212785
40
0.0
41
0.0
42
0.0
10
1399595.20352518
20
360364.967325378
40
0.0
41
0.0
42
0.0
10
1399596.25101613
20
360366.047394299
40
0.0
41
0.0
42
0.0
10
1399597.69820436
20
360366.459015952
40
0.0
41
0.0
42
0.0
10
1399599.15731697
20
360366.091896644
40
0.0
41
0.0
42
0.0
10
1399600.2373859
20
360365.044405686
40
0.0
41
0.0
42
0.0
10
1399600.64900755
20
360363.597217437
40
0.0
41
0.0
42
0.0
10
1399600.28188823
20
360362.138104823
40
0.0
41
0.0
42
0.0
10
1399599.23439726
20
360361.058035901
40
0.0
41
0.0
42
0.0
10
1399597.78720902
20
360360.646414269
40
0.0
41
0.0
42
0.0
10
1399596.32809642
20
360361.013533596
40
0.0
41
0.0
42
0.0
10
1399595.24802751
20
360362.061024553
40
0.0
41
0.0
42
0.0
10
1399594.83640587
20
360363.508212785
40
0.0
41
0.0
42
0.0
210
0.0
220
0.0
230
1.0
0
TEXT
5
DEF
330
1C
100
AcDbEntity
67
0
8
4 - принадлежность к ансамблю-0.1 ОКН
62
7
6
ByLayer
370
-1
48
1.0
60
0
100
AcDbText
1

10
1399597.62581503
20
360363.563333372
30
0.0
40
0.31111111111
41
1.0
50
0.0
51
0.0
7
Standard
11
1399597.62581503
21
360363.563333372
31
0.0
210
0.0
220
0.0
230
1.0
71
0
72
0
100
AcDbText
73
0
0
LWPOLYLINE
5
DF0
330
1C
100
AcDbEntity
67
0
8
4 - принадлежность к ансамблю-0.1 ОКН
62
7
6
ByLayer
370
20
48
1.0
60
0
100
AcDbPolyline
90
13
70
1
38
0.0
39
0.0
10
1399605.44749546
20
360383.280573463
40
0.0
41
0.0
42
0.0
10
1399605.81461471
20
360384.739686114
40
0.0
41
0.0
42
0.0
10
1399606.86210563
20
360385.819755117
40
0.0
41
0.0
42
0.0
10
1399608.30929388
20
360386.231376854
40
0.0
41
0.0
42
0.0
10
1399609.76840654
20
360385.864257612
40
0.0
41
0.0
42
0.0
10
1399610.84847556
20
360384.816766679
40
0.0
41
0.0
42
0.0
10
1399611.26009729
20
360383.369578412
40
0.0
41
0.0
42
0.0
10
1399610.89297803
20
360381.910465742
40
0.0
41
0.0
42
0.0
10
1399609.84548709
20
360380.830396739
40
0.0
41
0.0
42
0.0
10
1399608.39829882
20
360380.418775016
40
0.0
41
0.0
42
0.0
10
1399606.93918617
20
360380.785894284
40
0.0
41
0.0
42
0.0
10
1399605.85911718
20
360381.833385215
40
0.0
41
0.0
42
0.0
10
1399605.44749546
20
360383.280573463
40
0.0
41
0.0
42
0.0
210
0.0
220
0.0
230
1.0
0
TEXT
5
DF1
330
1C
100
AcDbEntity
67
0
8
4 - принадлежность к ансамблю-0.1 ОКН
62
7
6
ByLayer
370
-1
48
1.0
60
0
100
AcDbText
1

10
1399608.23690467
20
360383.335694197
30
0.0
40
0.31111111111
41
1.0
50
0.0
51
0.0
7
Standard
11
1399608.23690467
21
360383.335694197
31
0.0
210
0.0
220
0.0
230
1.0
71
0
72
0
100
AcDbText
73
0
0
LWPOLYLINE
5
DF2
330
1C
100
AcDbEntity
67
0
8
4 - принадлежность к ансамблю-0.1 ОКН
62
7
6
ByLayer
370
20
48
1.0
60
0
100
AcDbPolyline
90
13
70
1
38
0.0
39
0.0
10
1399615.11502636
20
360402.562897363
40
0.0
41
0.0
42
0.0
10
1399615.48214555
20
360404.022010067
40
0.0
41
0.0
42
0.0
10
1399616.52963644
20
360405.10207915
40
0.0
41
0.0
42
0.0
10
1399617.97682471
20
360405.51370097
40
0.0
41
0.0
42
0.0
10
1399619.43593743
20
360405.146581786
40
0.0
41
0.0
42
0.0
10
1399620.51600652
20
360404.099090882
40
0.0
41
0.0
42
0.0
10
1399620.92762834
20
360402.6519026
40
0.0
41
0.0
42
0.0
10
1399620.56050914
20
360401.192789877
40
0.0
41
0.0
42
0.0
10
1399619.51301823
20
360400.112720792
40
0.0
41
0.0
42
0.0
10
1399618.06582995
20
360399.701098991
40
0.0
41
0.0
42
0.0
10
1399616.60671724
20
360400.068218195
40
0.0
41
0.0
42
0.0
10
1399615.52664817
20
360401.1157091
40
0.0
41
0.0
42
0.0
10
1399615.11502636
20
360402.562897363
40
0.0
41
0.0
42
0.0
210
0.0
220
0.0
230
1.0
0
TEXT
5
DF3
330
1C
100
AcDbEntity
67
0
8
4 - принадлежность к ансамблю-0.1 ОКН
62
7
6
ByLayer
370
-1
48
1.0
60
0
100
AcDbText
1

10
1399617.90443562
20
360402.618018241
30
0.0
40
0.31111111111
41
1.0
50
0.0
51
0.0
7
Standard
11
1399617.90443562
21
360402.618018241
31
0.0
210
0.0
220
0.0
230
1.0
71
0
72
0
100
AcDbText
73
0
0
LWPOLYLINE
5
DF4
330
1C
100
AcDbEntity
67
0
8
4 - принадлежность к ансамблю-0.1 ОКН
62
7
6
ByLayer
370
20
48
1.0
60
0
100
AcDbPolyline
90
13
70
1
38
0.0
39
0.0
10
1399643.36414174
20
360582.637242102
40
0.0
41
0.0
42
0.0
10
1399643.73126028
20
360584.096355083
40
0.0
41
0.0
42
0.0
10
1399644.77875075
20
360585.176424729
40
0.0
41
0.0
42
0.0
10
1399646.22593893
20
360585.588047248
40
0.0
41
0.0
42
0.0
10
1399647.68505193
20
360585.220928712
40
0.0
41
0.0
42
0.0
10
1399648.76512158
20
360584.173438233
40
0.0
41
0.0
42
0.0
10
1399649.1767441
20
360582.726250034
40
0.0
41
0.0
42
0.0
10
1399648.80962555
20
360581.267137032
40
0.0
41
0.0
42
0.0
10
1399647.76213506
20
360580.187067387
40
0.0
41
0.0
42
0.0
10
1399646.31494687
20
360579.77544489
40
0.0
41
0.0
42
0.0
10
1399644.85583388
20
360580.142563441
40
0.0
41
0.0
42
0.0
10
1399643.77576425
20
360581.190053923
40
0.0
41
0.0
42
0.0
10
1399643.36414174
20
360582.637242102
40
0.0
41
0.0
42
0.0
210
0.0
220
0.0
230
1.0
0
TEXT
5
DF5
330
1C
100
AcDbEntity
67
0
8
4 - принадлежность к ансамблю-0.1 ОКН
62
7
6
ByLayer
370
-1
48
1.0
60
0
100
AcDbText
1

10
1399646.15355096
20
360582.692364241
30
0.0
40
0.31111111111
41
1.0
50
0.0
51
0.0
7
Standard
11
1399646.15355096
21
360582.692364241
31
0.0
210
0.0
220
0.0
230
1.0
71
0
72
0
100
AcDbText
73
0
0
LWPOLYLINE
5
DF6
330
1C
100
AcDbEntity
67
0
8
4 - принадлежность к ансамблю-0.1 ОКН
62
7
6
ByLayer
370
20
48
1.0
60
0
100
AcDbPolyline
90
13
70
1
38
0.0
39
0.0
10
1399776.78055423
20
360577.008709575
40
0.0
41
0.0
42
0.0
10
1399777.14767292
20
360578.467823053
40
0.0
41
0.0
42
0.0
10
1399778.19516377
20
360579.547893051
40
0.0
41
0.0
42
0.0
10
1399779.64235246
20
360579.959515692
40
0.0
41
0.0
42
0.0
10
1399781.10146594
20
360579.592397009
40
0.0
41
0.0
42
0.0
10
1399782.18153595
20
360578.544906153
40
0.0
41
0.0
42
0.0
10
1399782.59315859
20
360577.097717455
40
0.0
41
0.0
42
0.0
10
1399782.22603989
20
360575.638603956
40
0.0
41
0.0
42
0.0
10
1399781.17854902
20
360574.558533959
40
0.0
41
0.0
42
0.0
10
1399779.73136033
20
360574.146911338
40
0.0
41
0.0
42
0.0
10
1399778.27224685
20
360574.514030039
40
0.0
41
0.0
42
0.0
10
1399777.19217686
20
360575.561520894
40
0.0
41
0.0
42
0.0
10
1399776.78055423
20
360577.008709575
40
0.0
41
0.0
42
0.0
210
0.0
220
0.0
230
1.0
0
TEXT
5
DF7
330
1C
100
AcDbEntity
67
0
8
4 - принадлежность к ансамблю-0.1 ОКН
62
7
6
ByLayer
370
-1
48
1.0
60
0
100
AcDbText
1

10
1399779.56996437
20
360577.063831843
30
0.0
40
0.31111111111
41
1.0
50
0.0
51
0.0
7
Standard
11
1399779.56996437
21
360577.063831843
31
0.0
210
0.0
220
0.0
230
1.0
71
0
72
0
100
AcDbText
73
0
0
LWPOLYLINE
5
DF8
330
1C
100
AcDbEntity
67
0
8
4 - принадлежность к ансамблю-0.1 ОКН
62
7
6
ByLayer
370
20
48
1.0
60
0
100
AcDbPolyline
90
13
70
1
38
0.0
39
0.0
10
1399709.07997704
20
360658.945716773
40
0.0
41
0.0
42
0.0
10
1399709.44709536
20
360660.404830074
40
0.0
41
0.0
42
0.0
10
1399710.49458579
20
360661.484900103
40
0.0
41
0.0
42
0.0
10
1399711.94177414
20
360661.896522975
40
0.0
41
0.0
42
0.0
10
1399713.40088745
20
360661.529404668
40
0.0
41
0.0
42
0.0
10
1399714.4809575
20
360660.48191422
40
0.0
41
0.0
42
0.0
10
1399714.89258037
20
360659.034725859
40
0.0
41
0.0
42
0.0
10
1399714.52546204
20
360657.57561254
40
0.0
41
0.0
42
0.0
10
1399713.47797158
20
360656.495542504
40
0.0
41
0.0
42
0.0
10
1399712.03078323
20
360656.083919652
40
0.0
41
0.0
42
0.0
10
1399710.57166992
20
360656.45103798
40
0.0
41
0.0
42
0.0
10
1399709.4915999
20
360657.498528428
40
0.0
41
0.0
42
0.0
10
1399709.07997704
20
360658.945716773
40
0.0
41
0.0
42
0.0
210
0.0
220
0.0
230
1.0
0
TEXT
5
DF9
330
1C
100
AcDbEntity
67
0
8
4 - принадлежность к ансамблю-0.1 ОКН
62
7
6
ByLayer
370
-1
48
1.0
60
0
100
AcDbText
1

10
1399711.86938662
20
360659.00083951
30
0.0
40
0.31111111111
41
1.0
50
0.0
51
0.0
7
Standard
11
1399711.86938662
21
360659.00083951
31
0.0
210
0.0
220
0.0
230
1.0
71
0
72
0
100
AcDbText
73
0
0
LWPOLYLINE
5
DFA
330
1C
100
AcDbEntity
67
0
8
4 - принадлежность к ансамблю-0.1 ОКН
62
7
6
ByLayer
370
20
48
1.0
60
0
100
AcDbPolyline
90
13
70
1
38
0.0
39
0.0
10
1399689.07029933
20
360713.433820962
40
0.0
41
0.0
42
0.0
10
1399689.43741741
20
360714.892934238
40
0.0
41
0.0
42
0.0
10
1399690.48490764
20
360715.973004361
40
0.0
41
0.0
42
0.0
10
1399691.93209586
20
360716.384627415
40
0.0
41
0.0
42
0.0
10
1399693.39120915
20
360716.017509327
40
0.0
41
0.0
42
0.0
10
1399694.47127928
20
360714.970019087
40
0.0
41
0.0
42
0.0
10
1399694.88290233
20
360713.522830856
40
0.0
41
0.0
42
0.0
10
1399694.51578423
20
360712.063717562
40
0.0
41
0.0
42
0.0
10
1399693.46829398
20
360710.983647437
40
0.0
41
0.0
42
0.0
10
1399692.02110575
20
360710.572024403
40
0.0
41
0.0
42
0.0
10
1399690.56199247
20
360710.939142508
40
0.0
41
0.0
42
0.0
10
1399689.48192236
20
360711.98663275
40
0.0
41
0.0
42
0.0
10
1399689.07029933
20
360713.433820962
40
0.0
41
0.0
42
0.0
210
0.0
220
0.0
230
1.0
0
TEXT
5
DFB
330
1C
100
AcDbEntity
67
0
8
4 - принадлежность к ансамблю-0.1 ОКН
62
7
6
ByLayer
370
-1
48
1.0
60
0
100
AcDbText
1

10
1399691.85970869
20
360713.488944049
30
0.0
40
0.31111111111
41
1.0
50
0.0
51
0.0
7
Standard
11
1399691.85970869
21
360713.488944049
31
0.0
210
0.0
220
0.0
230
1.0
71
0
72
0
100
AcDbText
73
0
0
LWPOLYLINE
5
DFC
330
1C
100
AcDbEntity
67
0
8
4 - принадлежность к ансамблю-0.1 ОКН
62
7
6
ByLayer
370
20
48
1.0
60
0
100
AcDbPolyline
90
13
70
1
38
0.0
39
0.0
10
1399551.30476755
20
360804.560510645
40
0.0
41
0.0
42
0.0
10
1399551.67188517
20
360806.01962349
40
0.0
41
0.0
42
0.0
10
1399552.71937478
20
360807.099693479
40
0.0
41
0.0
42
0.0
10
1399554.16656239
20
360807.511316727
40
0.0
41
0.0
42
0.0
10
1399555.62567525
20
360807.144199111
40
0.0
41
0.0
42
0.0
10
1399556.70574524
20
360806.096709493
40
0.0
41
0.0
42
0.0
10
1399557.11736849
20
360804.649521872
40
0.0
41
0.0
42
0.0
10
1399556.75025086
20
360803.190409006
40
0.0
41
0.0
42
0.0
10
1399555.70276123
20
360802.110339017
40
0.0
41
0.0
42
0.0
10
1399554.25557361
20
360801.698715788
40
0.0
41
0.0
42
0.0
10
1399552.79646076
20
360802.065833426
40
0.0
41
0.0
42
0.0
10
1399551.71639078
20
360803.113323039
40
0.0
41
0.0
42
0.0
10
1399551.30476755
20
360804.560510645
40
0.0
41
0.0
42
0.0
210
0.0
220
0.0
230
1.0
0
TEXT
5
DFD
330
1C
100
AcDbEntity
67
0
8
4 - принадлежность к ансамблю-0.1 ОКН
62
7
6
ByLayer
370
-1
48
1.0
60
0
100
AcDbText
1

10
1399554.09417587
20
360804.615634178
30
0.0
40
0.31111111111
41
1.0
50
0.0
51
0.0
7
Standard
11
1399554.09417587
21
360804.615634178
31
0.0
210
0.0
220
0.0
230
1.0
71
0
72
0
100
AcDbText
73
0
0
LWPOLYLINE
5
DFE
330
1C
100
AcDbEntity
67
0
8
4 - принадлежность к ансамблю-0.1 ОКН
62
7
6
ByLayer
370
20
48
1.0
60
0
100
AcDbPolyline
90
13
70
1
38
0.0
39
0.0
10
1398854.53799472
20
359184.327363616
40
0.0
41
0.0
42
0.0
10
1398854.90511775
20
359185.786472321
40
0.0
41
0.0
42
0.0
10
1398855.95260998
20
359186.866536014
40
0.0
41
0.0
42
0.0
10
1398857.3997967
20
359187.278152503
40
0.0
41
0.0
42
0.0
10
1398858.85890542
20
359186.911029476
40
0.0
41
0.0
42
0.0
10
1398859.93896913
20
359185.863537241
40
0.0
41
0.0
42
0.0
10
1398860.35058561
20
359184.416350503
40
0.0
41
0.0
42
0.0
10
1398859.98346257
20
359182.957241778
40
0.0
41
0.0
42
0.0
10
1398858.93597032
20
359181.877178083
40
0.0
41
0.0
42
0.0
10
1398857.48878359
20
359181.465561615
40
0.0
41
0.0
42
0.0
10
1398856.02967488
20
359181.832684661
40
0.0
41
0.0
42
0.0
10
1398854.94961119
20
359182.880176894
40
0.0
41
0.0
42
0.0
10
1398854.53799472
20
359184.327363616
40
0.0
41
0.0
42
0.0
210
0.0
220
0.0
230
1.0
0
TEXT
5
DFF
330
1C
100
AcDbEntity
67
0
8
4 - принадлежность к ансамблю-0.1 ОКН
62
7
6
ByLayer
370
-1
48
1.0
60
0
100
AcDbText
1

10
1398857.32740033
20
359184.382475249
30
0.0
40
0.31111111111
41
1.0
50
0.0
51
0.0
7
Standard
11
1398857.32740033
21
359184.382475249
31
0.0
210
0.0
220
0.0
230
1.0
71
0
72
0
100
AcDbText
73
0
0
LWPOLYLINE
5
E00
330
1C
100
AcDbEntity
67
0
8
4 - принадлежность к ансамблю-0.1 ОКН
62
7
6
ByLayer
370
20
48
1.0
60
0
100
AcDbPolyline
90
13
70
1
38
0.0
39
0.0
10
1395061.11595551
20
359857.212413892
40
0.0
41
0.0
42
0.0
10
1395061.48307243
20
359858.671509022
40
0.0
41
0.0
42
0.0
10
1395062.53055257
20
359859.751564012
40
0.0
41
0.0
42
0.0
10
1395063.97772448
20
359860.16317901
40
0.0
41
0.0
42
0.0
10
1395065.43681962
20
359859.796062091
40
0.0
41
0.0
42
0.0
10
1395066.51687462
20
359858.748581941
40
0.0
41
0.0
42
0.0
10
1395066.92848962
20
359857.301410011
40
0.0
41
0.0
42
0.0
10
1395066.56137269
20
359855.842314865
40
0.0
41
0.0
42
0.0
10
1395065.51389252
20
359854.762259873
40
0.0
41
0.0
42
0.0
10
1395064.0667206
20
359854.350644896
40
0.0
41
0.0
42
0.0
10
1395062.60762547
20
359854.717761829
40
0.0
41
0.0
42
0.0
10
1395061.52757048
20
359855.765241983
40
0.0
41
0.0
42
0.0
10
1395061.11595551
20
359857.212413892
40
0.0
41
0.0
42
0.0
210
0.0
220
0.0
230
1.0
0
TEXT
5
E01
330
1C
100
AcDbEntity
67
0
8
4 - принадлежность к ансамблю-0.1 ОКН
62
7
6
ByLayer
370
-1
48
1.0
60
0
100
AcDbText
1

10
1395063.90533445
20
359857.267525348
30
0.0
40
0.31111111111
41
1.0
50
0.0
51
0.0
7
Standard
11
1395063.90533445
21
359857.267525348
31
0.0
210
0.0
220
0.0
230
1.0
71
0
72
0
100
AcDbText
73
0
0
LWPOLYLINE
5
E02
330
1C
100
AcDbEntity
67
0
8
4 - принадлежность к ансамблю-0.1 ОКН
62
7
6
ByLayer
370
20
48
1.0
60
0
100
AcDbPolyline
90
13
70
1
38
0.0
39
0.0
10
1394459.74261517
20
359843.285179703
40
0.0
41
0.0
42
0.0
10
1394460.10973158
20
359844.744272563
40
0.0
41
0.0
42
0.0
10
1394461.15721014
20
359845.824325852
40
0.0
41
0.0
42
0.0
10
1394462.60437982
20
359846.235940161
40
0.0
41
0.0
42
0.0
10
1394464.0634727
20
359845.868823765
40
0.0
41
0.0
42
0.0
10
1394465.143526
20
359844.821345194
40
0.0
41
0.0
42
0.0
10
1394465.55514031
20
359843.374175488
40
0.0
41
0.0
42
0.0
10
1394465.1880239
20
359841.915082609
40
0.0
41
0.0
42
0.0
10
1394464.14054532
20
359840.835029317
40
0.0
41
0.0
42
0.0
10
1394462.69337561
20
359840.423415027
40
0.0
41
0.0
42
0.0
10
1394461.23428275
20
359840.790531443
40
0.0
41
0.0
42
0.0
10
1394460.15422947
20
359841.838010014
40
0.0
41
0.0
42
0.0
10
1394459.74261517
20
359843.285179703
40
0.0
41
0.0
42
0.0
210
0.0
220
0.0
230
1.0
0
TEXT
5
E03
330
1C
100
AcDbEntity
67
0
8
4 - принадлежность к ансамблю-0.1 ОКН
62
7
6
ByLayer
370
-1
48
1.0
60
0
100
AcDbText
1

10
1394462.53199004
20
359843.340290309
30
0.0
40
0.31111111111
41
1.0
50
0.0
51
0.0
7
Standard
11
1394462.53199004
21
359843.340290309
31
0.0
210
0.0
220
0.0
230
1.0
71
0
72
0
100
AcDbText
73
0
0
LWPOLYLINE
5
E04
330
1C
100
AcDbEntity
67
0
8
4 - принадлежность к ансамблю-0.1 ОКН
62
7
6
ByLayer
370
20
48
1.0
60
0
100
AcDbPolyline
90
13
70
1
38
0.0
39
0.0
10
1394488.44766893
20
359835.474172748
40
0.0
41
0.0
42
0.0
10
1394488.81478538
20
359836.933265708
40
0.0
41
0.0
42
0.0
10
1394489.86226404
20
359838.013319055
40
0.0
41
0.0
42
0.0
10
1394491.30943385
20
359838.424933367
40
0.0
41
0.0
42
0.0
10
1394492.76852683
20
359838.057816912
40
0.0
41
0.0
42
0.0
10
1394493.84858018
20
359837.010338243
40
0.0
41
0.0
42
0.0
10
1394494.26019449
20
359835.563168422
40
0.0
41
0.0
42
0.0
10
1394493.89307802
20
359834.104075442
40
0.0
41
0.0
42
0.0
10
1394492.84559934
20
359833.024022094
40
0.0
41
0.0
42
0.0
10
1394491.39842952
20
359832.612407803
40
0.0
41
0.0
42
0.0
10
1394489.93933656
20
359832.979524275
40
0.0
41
0.0
42
0.0
10
1394488.85928322
20
359834.027002947
40
0.0
41
0.0
42
0.0
10
1394488.44766893
20
359835.474172748
40
0.0
41
0.0
42
0.0
210
0.0
220
0.0
230
1.0
0
TEXT
5
E05
330
1C
100
AcDbEntity
67
0
8
4 - принадлежность к ансамблю-0.1 ОКН
62
7
6
ByLayer
370
-1
48
1.0
60
0
100
AcDbText
1

10
1394491.237044
20
359835.529283339
30
0.0
40
0.31111111111
41
1.0
50
0.0
51
0.0
7
Standard
11
1394491.237044
21
359835.529283339
31
0.0
210
0.0
220
0.0
230
1.0
71
0
72
0
100
AcDbText
73
0
0
LWPOLYLINE
5
E06
330
1C
100
AcDbEntity
67
0
8
4 - принадлежность к ансамблю-0.1 ОКН
62
7
6
ByLayer
370
20
48
1.0
60
0
100
AcDbPolyline
90
13
70
1
38
0.0
39
0.0
10
1394483.8744452
20
359816.398862117
40
0.0
41
0.0
42
0.0
10
1394484.24156173
20
359817.857955044
40
0.0
41
0.0
42
0.0
10
1394485.28904043
20
359818.938008326
40
0.0
41
0.0
42
0.0
10
1394486.73621024
20
359819.349622561
40
0.0
41
0.0
42
0.0
10
1394488.19530318
20
359818.98250604
40
0.0
41
0.0
42
0.0
10
1394489.27535647
20
359817.935027331
40
0.0
41
0.0
42
0.0
10
1394489.6869707
20
359816.487857505
40
0.0
41
0.0
42
0.0
10
1394489.31985417
20
359815.02876456
40
0.0
41
0.0
42
0.0
10
1394488.27237545
20
359813.948711275
40
0.0
41
0.0
42
0.0
10
1394486.82520562
20
359813.537097061
40
0.0
41
0.0
42
0.0
10
1394485.36611269
20
359813.904213602
40
0.0
41
0.0
42
0.0
10
1394484.28605942
20
359814.951692312
40
0.0
41
0.0
42
0.0
10
1394483.8744452
20
359816.398862117
40
0.0
41
0.0
42
0.0
210
0.0
220
0.0
230
1.0
0
TEXT
5
E07
330
1C
100
AcDbEntity
67
0
8
4 - принадлежность к ансамблю-0.1 ОКН
62
7
6
ByLayer
370
-1
48
1.0
60
0
100
AcDbText
1

10
1394486.66382027
20
359816.453972575
30
0.0
40
0.31111111111
41
1.0
50
0.0
51
0.0
7
Standard
11
1394486.66382027
21
359816.453972575
31
0.0
210
0.0
220
0.0
230
1.0
71
0
72
0
100
AcDbText
73
0
0
LWPOLYLINE
5
E08
330
1C
100
AcDbEntity
67
0
8
4 - принадлежность к ансамблю-0.1 ОКН
62
7
6
ByLayer
370
20
48
1.0
60
0
100
AcDbPolyline
90
13
70
1
38
0.0
39
0.0
10
1394505.30675865
20
359832.208219968
40
0.0
41
0.0
42
0.0
10
1394505.67387514
20
359833.667312988
40
0.0
41
0.0
42
0.0
10
1394506.72135385
20
359834.747366374
40
0.0
41
0.0
42
0.0
10
1394508.16852372
20
359835.158980691
40
0.0
41
0.0
42
0.0
10
1394509.62761676
20
359834.79186421
40
0.0
41
0.0
42
0.0
10
1394510.70767015
20
359833.744385485
40
0.0
41
0.0
42
0.0
10
1394511.11928446
20
359832.297215599
40
0.0
41
0.0
42
0.0
10
1394510.75216797
20
359830.838122557
40
0.0
41
0.0
42
0.0
10
1394509.70468924
20
359829.75806917
40
0.0
41
0.0
42
0.0
10
1394508.25751935
20
359829.346454873
40
0.0
41
0.0
42
0.0
10
1394506.79842633
20
359829.713571373
40
0.0
41
0.0
42
0.0
10
1394505.71837295
20
359830.761050099
40
0.0
41
0.0
42
0.0
10
1394505.30675865
20
359832.208219968
40
0.0
41
0.0
42
0.0
210
0.0
220
0.0
230
1.0
0
TEXT
5
E09
330
1C
100
AcDbEntity
67
0
8
4 - принадлежность к ансамблю-0.1 ОКН
62
7
6
ByLayer
370
-1
48
1.0
60
0
100
AcDbText
1

10
1394508.09613385
20
359832.263330559
30
0.0
40
0.31111111111
41
1.0
50
0.0
51
0.0
7
Standard
11
1394508.09613385
21
359832.263330559
31
0.0
210
0.0
220
0.0
230
1.0
71
0
72
0
100
AcDbText
73
0
0
LWPOLYLINE
5
E0A
330
1C
100
AcDbEntity
67
0
8
4 - принадлежность к ансамблю-0.1 ОКН
62
7
6
ByLayer
370
20
48
1.0
60
0
100
AcDbPolyline
90
13
70
1
38
0.0
39
0.0
10
1394552.57121668
20
359818.801484089
40
0.0
41
0.0
42
0.0
10
1394552.93833326
20
359820.260577274
40
0.0
41
0.0
42
0.0
10
1394553.98581213
20
359821.340630754
40
0.0
41
0.0
42
0.0
10
1394555.4329822
20
359821.752245068
40
0.0
41
0.0
42
0.0
10
1394556.8920754
20
359821.385128495
40
0.0
41
0.0
42
0.0
10
1394557.97212889
20
359820.337649604
40
0.0
41
0.0
42
0.0
10
1394558.3837432
20
359818.890479529
40
0.0
41
0.0
42
0.0
10
1394558.01662661
20
359817.431386324
40
0.0
41
0.0
42
0.0
10
1394556.96914771
20
359816.35133284
40
0.0
41
0.0
42
0.0
10
1394555.52197764
20
359815.939718543
40
0.0
41
0.0
42
0.0
10
1394554.06288445
20
359816.306835139
40
0.0
41
0.0
42
0.0
10
1394552.98283098
20
359817.354314029
40
0.0
41
0.0
42
0.0
10
1394552.57121668
20
359818.801484089
40
0.0
41
0.0
42
0.0
210
0.0
220
0.0
230
1.0
0
TEXT
5
E0B
330
1C
100
AcDbEntity
67
0
8
4 - принадлежность к ансамблю-0.1 ОКН
62
7
6
ByLayer
370
-1
48
1.0
60
0
100
AcDbText
1

10
1394555.36059221
20
359818.856594649
30
0.0
40
0.31111111111
41
1.0
50
0.0
51
0.0
7
Standard
11
1394555.36059221
21
359818.856594649
31
0.0
210
0.0
220
0.0
230
1.0
71
0
72
0
100
AcDbText
73
0
0
LWPOLYLINE
5
E0C
330
1C
100
AcDbEntity
67
0
8
4 - принадлежность к ансамблю-0.1 ОКН
62
7
6
ByLayer
370
20
48
1.0
60
0
100
AcDbPolyline
90
13
70
1
38
0.0
39
0.0
10
1394592.36471893
20
359844.197630687
40
0.0
41
0.0
42
0.0
10
1394592.73183546
20
359845.656724046
40
0.0
41
0.0
42
0.0
10
1394593.77931437
20
359846.736777706
40
0.0
41
0.0
42
0.0
10
1394595.22648455
20
359847.148392158
40
0.0
41
0.0
42
0.0
10
1394596.68557792
20
359846.781275638
40
0.0
41
0.0
42
0.0
10
1394597.76563159
20
359845.733796713
40
0.0
41
0.0
42
0.0
10
1394598.17724604
20
359844.286626518
40
0.0
41
0.0
42
0.0
10
1394597.81012951
20
359842.827533138
40
0.0
41
0.0
42
0.0
10
1394596.76265057
20
359841.747479478
40
0.0
41
0.0
42
0.0
10
1394595.31548038
20
359841.335865044
40
0.0
41
0.0
42
0.0
10
1394593.85638701
20
359841.702981585
40
0.0
41
0.0
42
0.0
10
1394592.77633337
20
359842.750460507
40
0.0
41
0.0
42
0.0
10
1394592.36471893
20
359844.197630687
40
0.0
41
0.0
42
0.0
210
0.0
220
0.0
230
1.0
0
TEXT
5
E0D
330
1C
100
AcDbEntity
67
0
8
4 - принадлежность к ансамблю-0.1 ОКН
62
7
6
ByLayer
370
-1
48
1.0
60
0
100
AcDbText
1

10
1394595.1540947
20
359844.252741469
30
0.0
40
0.31111111111
41
1.0
50
0.0
51
0.0
7
Standard
11
1394595.1540947
21
359844.252741469
31
0.0
210
0.0
220
0.0
230
1.0
71
0
72
0
100
AcDbText
73
0
0
LWPOLYLINE
5
E0E
330
1C
100
AcDbEntity
67
0
8
4 - принадлежность к ансамблю-0.1 ОКН
62
7
6
ByLayer
370
20
48
1.0
60
0
100
AcDbPolyline
90
13
70
1
38
0.0
39
0.0
10
1394606.96410203
20
359804.881060468
40
0.0
41
0.0
42
0.0
10
1394607.33121871
20
359806.340153846
40
0.0
41
0.0
42
0.0
10
1394608.37869778
20
359807.420207439
40
0.0
41
0.0
42
0.0
10
1394609.82586806
20
359807.831821761
40
0.0
41
0.0
42
0.0
10
1394611.28496145
20
359807.464705079
40
0.0
41
0.0
42
0.0
10
1394612.36501506
20
359806.417226007
40
0.0
41
0.0
42
0.0
10
1394612.77662937
20
359804.970055714
40
0.0
41
0.0
42
0.0
10
1394612.40951268
20
359803.510962318
40
0.0
41
0.0
42
0.0
10
1394611.36203359
20
359802.430908722
40
0.0
41
0.0
42
0.0
10
1394609.9148633
20
359802.01929442
40
0.0
41
0.0
42
0.0
10
1394608.45576992
20
359802.386411119
40
0.0
41
0.0
42
0.0
10
1394607.37571634
20
359803.433890194
40
0.0
41
0.0
42
0.0
10
1394606.96410203
20
359804.881060468
40
0.0
41
0.0
42
0.0
210
0.0
220
0.0
230
1.0
0
TEXT
5
E0F
330
1C
100
AcDbEntity
67
0
8
4 - принадлежность к ансамблю-0.1 ОКН
62
7
6
ByLayer
370
-1
48
1.0
60
0
100
AcDbText
1

10
1394609.75347795
20
359804.936171001
30
0.0
40
0.31111111111
41
1.0
50
0.0
51
0.0
7
Standard
11
1394609.75347795
21
359804.936171001
31
0.0
210
0.0
220
0.0
230
1.0
71
0
72
0
100
AcDbText
73
0
0
LWPOLYLINE
5
E10
330
1C
100
AcDbEntity
67
0
8
4 - принадлежность к ансамблю-0.1 ОКН
62
7
6
ByLayer
370
20
48
1.0
60
0
100
AcDbPolyline
90
13
70
1
38
0.0
39
0.0
10
1394642.52911008
20
359829.029643185
40
0.0
41
0.0
42
0.0
10
1394642.89622671
20
359830.488736717
40
0.0
41
0.0
42
0.0
10
1394643.9437058
20
359831.568790476
40
0.0
41
0.0
42
0.0
10
1394645.39087618
20
359831.980404922
40
0.0
41
0.0
42
0.0
10
1394646.84996973
20
359831.613288302
40
0.0
41
0.0
42
0.0
10
1394647.9300235
20
359830.565809197
40
0.0
41
0.0
42
0.0
10
1394648.34163795
20
359829.118638794
40
0.0
41
0.0
42
0.0
10
1394647.97452131
20
359827.659545245
40
0.0
41
0.0
42
0.0
10
1394646.9270422
20
359826.579491489
40
0.0
41
0.0
42
0.0
10
1394645.4798718
20
359826.167877056
40
0.0
41
0.0
42
0.0
10
1394644.02077826
20
359826.534993701
40
0.0
41
0.0
42
0.0
10
1394642.94072451
20
359827.582472804
40
0.0
41
0.0
42
0.0
10
1394642.52911008
20
359829.029643185
40
0.0
41
0.0
42
0.0
210
0.0
220
0.0
230
1.0
0
TEXT
5
E11
330
1C
100
AcDbEntity
67
0
8
4 - принадлежность к ансамблю-0.1 ОКН
62
7
6
ByLayer
370
-1
48
1.0
60
0
100
AcDbText
1

10
1394645.31848622
20
359829.084753927
30
0.0
40
0.31111111111
41
1.0
50
0.0
51
0.0
7
Standard
11
1394645.31848622
21
359829.084753927
31
0.0
210
0.0
220
0.0
230
1.0
71
0
72
0
100
AcDbText
73
0
0
LWPOLYLINE
5
E12
330
1C
100
AcDbEntity
67
0
8
4 - принадлежность к ансамблю-0.1 ОКН
62
7
6
ByLayer
370
20
48
1.0
60
0
100
AcDbPolyline
90
13
70
1
38
0.0
39
0.0
10
1394649.85758593
20
359857.139143154
40
0.0
41
0.0
42
0.0
10
1394650.22470246
20
359858.59823674
40
0.0
41
0.0
42
0.0
10
1394651.2721815
20
359859.678290593
40
0.0
41
0.0
42
0.0
10
1394652.71935188
20
359860.089905154
40
0.0
41
0.0
42
0.0
10
1394654.17844548
20
359859.722788629
40
0.0
41
0.0
42
0.0
10
1394655.25849935
20
359858.675309582
40
0.0
41
0.0
42
0.0
10
1394655.6701139
20
359857.228139185
40
0.0
41
0.0
42
0.0
10
1394655.30299736
20
359855.769045579
40
0.0
41
0.0
42
0.0
10
1394654.25551831
20
359854.688991724
40
0.0
41
0.0
42
0.0
10
1394652.80834791
20
359854.277377181
40
0.0
41
0.0
42
0.0
10
1394651.34925432
20
359854.644493729
40
0.0
41
0.0
42
0.0
10
1394650.26920048
20
359855.691972772
40
0.0
41
0.0
42
0.0
10
1394649.85758593
20
359857.139143154
40
0.0
41
0.0
42
0.0
210
0.0
220
0.0
230
1.0
0
TEXT
5
E13
330
1C
100
AcDbEntity
67
0
8
4 - принадлежность к ансамблю-0.1 ОКН
62
7
6
ByLayer
370
-1
48
1.0
60
0
100
AcDbText
1

10
1394652.64696208
20
359857.194254092
30
0.0
40
0.31111111111
41
1.0
50
0.0
51
0.0
7
Standard
11
1394652.64696208
21
359857.194254092
31
0.0
210
0.0
220
0.0
230
1.0
71
0
72
0
100
AcDbText
73
0
0
LWPOLYLINE
5
E14
330
1C
100
AcDbEntity
67
0
8
4 - принадлежность к ансамблю-0.1 ОКН
62
7
6
ByLayer
370
20
48
1.0
60
0
100
AcDbPolyline
90
13
70
1
38
0.0
39
0.0
10
1394687.66852775
20
359818.466525675
40
0.0
41
0.0
42
0.0
10
1394688.03564446
20
359819.925619367
40
0.0
41
0.0
42
0.0
10
1394689.0831237
20
359821.005673223
40
0.0
41
0.0
42
0.0
10
1394690.53029427
20
359821.41728768
40
0.0
41
0.0
42
0.0
10
1394691.98938797
20
359821.050170972
40
0.0
41
0.0
42
0.0
10
1394693.06944184
20
359820.002691716
40
0.0
41
0.0
42
0.0
10
1394693.48105629
20
359818.555521141
40
0.0
41
0.0
42
0.0
10
1394693.11393957
20
359817.096427426
40
0.0
41
0.0
42
0.0
10
1394692.06646031
20
359816.016373575
40
0.0
41
0.0
42
0.0
10
1394690.61928973
20
359815.604759133
40
0.0
41
0.0
42
0.0
10
1394689.16019603
20
359815.971875862
40
0.0
41
0.0
42
0.0
10
1394688.08014219
20
359817.019355112
40
0.0
41
0.0
42
0.0
10
1394687.66852775
20
359818.466525675
40
0.0
41
0.0
42
0.0
210
0.0
220
0.0
230
1.0
0
TEXT
5
E15
330
1C
100
AcDbEntity
67
0
8
4 - принадлежность к ансамблю-0.1 ОКН
62
7
6
ByLayer
370
-1
48
1.0
60
0
100
AcDbText
1

10
1394690.4579042
20
359818.5216364
30
0.0
40
0.31111111111
41
1.0
50
0.0
51
0.0
7
Standard
11
1394690.4579042
21
359818.5216364
31
0.0
210
0.0
220
0.0
230
1.0
71
0
72
0
100
AcDbText
73
0
0
LWPOLYLINE
5
E16
330
1C
100
AcDbEntity
67
0
8
4 - принадлежность к ансамблю-0.1 ОКН
62
7
6
ByLayer
370
20
48
1.0
60
0
100
AcDbPolyline
90
13
70
1
38
0.0
39
0.0
10
1394706.65223251
20
359811.670467506
40
0.0
41
0.0
42
0.0
10
1394707.01934926
20
359813.129561262
40
0.0
41
0.0
42
0.0
10
1394708.06682857
20
359814.209615151
40
0.0
41
0.0
42
0.0
10
1394709.51399922
20
359814.621229602
40
0.0
41
0.0
42
0.0
10
1394710.97309299
20
359814.254112851
40
0.0
41
0.0
42
0.0
10
1394712.05314688
20
359813.20663353
40
0.0
41
0.0
42
0.0
10
1394712.46476133
20
359811.759462873
40
0.0
41
0.0
42
0.0
10
1394712.09764457
20
359810.300369093
40
0.0
41
0.0
42
0.0
10
1394711.05016523
20
359809.220315205
40
0.0
41
0.0
42
0.0
10
1394709.60299458
20
359808.808700773
40
0.0
41
0.0
42
0.0
10
1394708.14390082
20
359809.175817542
40
0.0
41
0.0
42
0.0
10
1394707.06384695
20
359810.223296867
40
0.0
41
0.0
42
0.0
10
1394706.65223251
20
359811.670467506
40
0.0
41
0.0
42
0.0
210
0.0
220
0.0
230
1.0
0
TEXT
5
E17
330
1C
100
AcDbEntity
67
0
8
4 - принадлежность к ансамблю-0.1 ОКН
62
7
6
ByLayer
370
-1
48
1.0
60
0
100
AcDbText
1

10
1394709.4416091
20
359811.725578209
30
0.0
40
0.31111111111
41
1.0
50
0.0
51
0.0
7
Standard
11
1394709.4416091
21
359811.725578209
31
0.0
210
0.0
220
0.0
230
1.0
71
0
72
0
100
AcDbText
73
0
0
LWPOLYLINE
5
E18
330
1C
100
AcDbEntity
67
0
8
4 - принадлежность к ансамблю-0.1 ОКН
62
7
6
ByLayer
370
20
48
1.0
60
0
100
AcDbPolyline
90
13
70
1
38
0.0
39
0.0
10
1394674.97177232
20
359772.709096576
40
0.0
41
0.0
42
0.0
10
1394675.33888919
20
359774.168190177
40
0.0
41
0.0
42
0.0
10
1394676.38636853
20
359775.248243872
40
0.0
41
0.0
42
0.0
10
1394677.8335391
20
359775.659858146
40
0.0
41
0.0
42
0.0
10
1394679.29263271
20
359775.292741279
40
0.0
41
0.0
42
0.0
10
1394680.37268642
20
359774.245261935
40
0.0
41
0.0
42
0.0
10
1394680.78430069
20
359772.798091353
40
0.0
41
0.0
42
0.0
10
1394680.41718381
20
359771.338997733
40
0.0
41
0.0
42
0.0
10
1394679.36970445
20
359770.258944037
40
0.0
41
0.0
42
0.0
10
1394677.92253388
20
359769.847329784
40
0.0
41
0.0
42
0.0
10
1394676.46344027
20
359770.214446669
40
0.0
41
0.0
42
0.0
10
1394675.38338658
20
359771.261926014
40
0.0
41
0.0
42
0.0
10
1394674.97177232
20
359772.709096576
40
0.0
41
0.0
42
0.0
210
0.0
220
0.0
230
1.0
0
TEXT
5
E19
330
1C
100
AcDbEntity
67
0
8
4 - принадлежность к ансамблю-0.1 ОКН
62
7
6
ByLayer
370
-1
48
1.0
60
0
100
AcDbText
1

10
1394677.76114875
20
359772.764206974
30
0.0
40
0.31111111111
41
1.0
50
0.0
51
0.0
7
Standard
11
1394677.76114875
21
359772.764206974
31
0.0
210
0.0
220
0.0
230
1.0
71
0
72
0
100
AcDbText
73
0
0
LWPOLYLINE
5
E1A
330
1C
100
AcDbEntity
67
0
8
4 - принадлежность к ансамблю-0.1 ОКН
62
7
6
ByLayer
370
20
48
1.0
60
0
100
AcDbPolyline
90
13
70
1
38
0.0
39
0.0
10
1394697.44694561
20
359783.321463761
40
0.0
41
0.0
42
0.0
10
1394697.81406246
20
359784.780557457
40
0.0
41
0.0
42
0.0
10
1394698.86154183
20
359785.860611244
40
0.0
41
0.0
42
0.0
10
1394700.30871247
20
359786.272225582
40
0.0
41
0.0
42
0.0
10
1394701.76780618
20
359785.905108732
40
0.0
41
0.0
42
0.0
10
1394702.84785997
20
359784.857629356
40
0.0
41
0.0
42
0.0
10
1394703.25947431
20
359783.410458703
40
0.0
41
0.0
42
0.0
10
1394702.89235745
20
359781.951364988
40
0.0
41
0.0
42
0.0
10
1394701.84487806
20
359780.871311202
40
0.0
41
0.0
42
0.0
10
1394700.39770741
20
359780.459696882
40
0.0
41
0.0
42
0.0
10
1394698.93861371
20
359780.82681375
40
0.0
41
0.0
42
0.0
10
1394697.85855993
20
359781.874293127
40
0.0
41
0.0
42
0.0
10
1394697.44694561
20
359783.321463761
40
0.0
41
0.0
42
0.0
210
0.0
220
0.0
230
1.0
0
TEXT
5
E1B
330
1C
100
AcDbEntity
67
0
8
4 - принадлежность к ансамблю-0.1 ОКН
62
7
6
ByLayer
370
-1
48
1.0
60
0
100
AcDbText
1

10
1394700.23632218
20
359783.37657426
30
0.0
40
0.31111111111
41
1.0
50
0.0
51
0.0
7
Standard
11
1394700.23632218
21
359783.37657426
31
0.0
210
0.0
220
0.0
230
1.0
71
0
72
0
100
AcDbText
73
0
0
LWPOLYLINE
5
E1C
330
1C
100
AcDbEntity
67
0
8
4 - принадлежность к ансамблю-0.1 ОКН
62
7
6
ByLayer
370
20
48
1.0
60
0
100
AcDbPolyline
90
13
70
1
38
0.0
39
0.0
10
1394707.13918228
20
359752.152741902
40
0.0
41
0.0
42
0.0
10
1394707.50629926
20
359753.611835606
40
0.0
41
0.0
42
0.0
10
1394708.55377873
20
359754.691889336
40
0.0
41
0.0
42
0.0
10
1394710.00094944
20
359755.103503566
40
0.0
41
0.0
42
0.0
10
1394711.46004316
20
359754.736386592
40
0.0
41
0.0
42
0.0
10
1394712.5400969
20
359753.688907104
40
0.0
41
0.0
42
0.0
10
1394712.95171113
20
359752.241736384
40
0.0
41
0.0
42
0.0
10
1394712.58459414
20
359750.782642659
40
0.0
41
0.0
42
0.0
10
1394711.53711464
20
359749.702588933
40
0.0
41
0.0
42
0.0
10
1394710.08994392
20
359749.290974716
40
0.0
41
0.0
42
0.0
10
1394708.63085022
20
359749.65809171
40
0.0
41
0.0
42
0.0
10
1394707.55079649
20
359750.7055712
40
0.0
41
0.0
42
0.0
10
1394707.13918228
20
359752.152741902
40
0.0
41
0.0
42
0.0
210
0.0
220
0.0
230
1.0
0
TEXT
5
E1D
330
1C
100
AcDbEntity
67
0
8
4 - принадлежность к ансамблю-0.1 ОКН
62
7
6
ByLayer
370
-1
48
1.0
60
0
100
AcDbText
1

10
1394709.92855895
20
359752.207852205
30
0.0
40
0.31111111111
41
1.0
50
0.0
51
0.0
7
Standard
11
1394709.92855895
21
359752.207852205
31
0.0
210
0.0
220
0.0
230
1.0
71
0
72
0
100
AcDbText
73
0
0
LWPOLYLINE
5
E1E
330
1C
100
AcDbEntity
67
0
8
4 - принадлежность к ансамблю-0.1 ОКН
62
7
6
ByLayer
370
20
48
1.0
60
0
100
AcDbPolyline
90
13
70
1
38
0.0
39
0.0
10
1394718.01942716
20
359771.168731241
40
0.0
41
0.0
42
0.0
10
1394718.38654408
20
359772.627825004
40
0.0
41
0.0
42
0.0
10
1394719.43402353
20
359773.707878813
40
0.0
41
0.0
42
0.0
10
1394720.88119426
20
359774.119493125
40
0.0
41
0.0
42
0.0
10
1394722.34028803
20
359773.752376214
40
0.0
41
0.0
42
0.0
10
1394723.42034186
20
359772.704896747
40
0.0
41
0.0
42
0.0
10
1394723.83195617
20
359771.257726005
40
0.0
41
0.0
42
0.0
10
1394723.46483924
20
359769.798632224
40
0.0
41
0.0
42
0.0
10
1394722.41735976
20
359768.718578415
40
0.0
41
0.0
42
0.0
10
1394720.97018902
20
359768.306964118
40
0.0
41
0.0
42
0.0
10
1394719.51109526
20
359768.67408105
40
0.0
41
0.0
42
0.0
10
1394718.43104146
20
359769.721560518
40
0.0
41
0.0
42
0.0
10
1394718.01942716
20
359771.168731241
40
0.0
41
0.0
42
0.0
210
0.0
220
0.0
230
1.0
0
TEXT
5
E1F
330
1C
100
AcDbEntity
67
0
8
4 - принадлежность к ансамблю-0.1 ОКН
62
7
6
ByLayer
370
-1
48
1.0
60
0
100
AcDbText
1

10
1394720.80880388
20
359771.223841681
30
0.0
40
0.31111111111
41
1.0
50
0.0
51
0.0
7
Standard
11
1394720.80880388
21
359771.223841681
31
0.0
210
0.0
220
0.0
230
1.0
71
0
72
0
100
AcDbText
73
0
0
LWPOLYLINE
5
E20
330
1C
100
AcDbEntity
67
0
8
4 - принадлежность к ансамблю-0.1 ОКН
62
7
6
ByLayer
370
20
48
1.0
60
0
100
AcDbPolyline
90
13
70
1
38
0.0
39
0.0
10
1394737.1710991
20
359773.330525972
40
0.0
41
0.0
42
0.0
10
1394737.53821602
20
359774.789619808
40
0.0
41
0.0
42
0.0
10
1394738.58569553
20
359775.869673676
40
0.0
41
0.0
42
0.0
10
1394740.03286632
20
359776.281288015
40
0.0
41
0.0
42
0.0
10
1394741.49196017
20
359775.914171095
40
0.0
41
0.0
42
0.0
10
1394742.57201405
20
359774.866691583
40
0.0
41
0.0
42
0.0
10
1394742.98362839
20
359773.419520771
40
0.0
41
0.0
42
0.0
10
1394742.61651145
20
359771.960426918
40
0.0
41
0.0
42
0.0
10
1394741.56903193
20
359770.880373047
40
0.0
41
0.0
42
0.0
10
1394740.12186112
20
359770.468758724
40
0.0
41
0.0
42
0.0
10
1394738.66276728
20
359770.835875666
40
0.0
41
0.0
42
0.0
10
1394737.58271342
20
359771.88335518
40
0.0
41
0.0
42
0.0
10
1394737.1710991
20
359773.330525972
40
0.0
41
0.0
42
0.0
210
0.0
220
0.0
230
1.0
0
TEXT
5
E21
330
1C
100
AcDbEntity
67
0
8
4 - принадлежность к ансамблю-0.1 ОКН
62
7
6
ByLayer
370
-1
48
1.0
60
0
100
AcDbText
1

10
1394739.96047595
20
359773.385636454
30
0.0
40
0.31111111111
41
1.0
50
0.0
51
0.0
7
Standard
11
1394739.96047595
21
359773.385636454
31
0.0
210
0.0
220
0.0
230
1.0
71
0
72
0
100
AcDbText
73
0
0
LWPOLYLINE
5
E22
330
1C
100
AcDbEntity
67
0
8
4 - принадлежность к ансамблю-0.1 ОКН
62
7
6
ByLayer
370
20
48
1.0
60
0
100
AcDbPolyline
90
13
70
1
38
0.0
39
0.0
10
1394734.602455
20
359812.167658565
40
0.0
41
0.0
42
0.0
10
1394734.96957179
20
359813.626752431
40
0.0
41
0.0
42
0.0
10
1394736.01705117
20
359814.706806395
40
0.0
41
0.0
42
0.0
10
1394737.46422192
20
359815.118420878
40
0.0
41
0.0
42
0.0
10
1394738.92331579
20
359814.751304104
40
0.0
41
0.0
42
0.0
10
1394740.00336977
20
359813.703824706
40
0.0
41
0.0
42
0.0
10
1394740.41498425
20
359812.256653947
40
0.0
41
0.0
42
0.0
10
1394740.04786746
20
359810.797560065
40
0.0
41
0.0
42
0.0
10
1394739.00038805
20
359809.717506098
40
0.0
41
0.0
42
0.0
10
1394737.5532173
20
359809.305891634
40
0.0
41
0.0
42
0.0
10
1394736.09412343
20
359809.673008427
40
0.0
41
0.0
42
0.0
10
1394735.01406947
20
359810.720487824
40
0.0
41
0.0
42
0.0
10
1394734.602455
20
359812.167658565
40
0.0
41
0.0
42
0.0
210
0.0
220
0.0
230
1.0
0
TEXT
5
E23
330
1C
100
AcDbEntity
67
0
8
4 - принадлежность к ансамблю-0.1 ОКН
62
7
6
ByLayer
370
-1
48
1.0
60
0
100
AcDbText
1

10
1394737.39183179
20
359812.222769308
30
0.0
40
0.31111111111
41
1.0
50
0.0
51
0.0
7
Standard
11
1394737.39183179
21
359812.222769308
31
0.0
210
0.0
220
0.0
230
1.0
71
0
72
0
100
AcDbText
73
0
0
LWPOLYLINE
5
E24
330
1C
100
AcDbEntity
67
0
8
4 - принадлежность к ансамблю-0.1 ОКН
62
7
6
ByLayer
370
20
48
1.0
60
0
100
AcDbPolyline
90
13
70
1
38
0.0
39
0.0
10
1394747.09763744
20
359807.028112179
40
0.0
41
0.0
42
0.0
10
1394747.46475425
20
359808.487206084
40
0.0
41
0.0
42
0.0
10
1394748.51223369
20
359809.56726007
40
0.0
41
0.0
42
0.0
10
1394749.95940449
20
359809.97887455
40
0.0
41
0.0
42
0.0
10
1394751.4184984
20
359809.611757742
40
0.0
41
0.0
42
0.0
10
1394752.4985524
20
359808.564278299
40
0.0
41
0.0
42
0.0
10
1394752.91016688
20
359807.117107486
40
0.0
41
0.0
42
0.0
10
1394752.54305006
20
359805.658013561
40
0.0
41
0.0
42
0.0
10
1394751.4955706
20
359804.577959574
40
0.0
41
0.0
42
0.0
10
1394750.04839979
20
359804.166345116
40
0.0
41
0.0
42
0.0
10
1394748.58930588
20
359804.533461942
40
0.0
41
0.0
42
0.0
10
1394747.5092519
20
359805.580941386
40
0.0
41
0.0
42
0.0
10
1394747.09763744
20
359807.028112179
40
0.0
41
0.0
42
0.0
210
0.0
220
0.0
230
1.0
0
TEXT
5
E25
330
1C
100
AcDbEntity
67
0
8
4 - принадлежность к ансамблю-0.1 ОКН
62
7
6
ByLayer
370
-1
48
1.0
60
0
100
AcDbText
1

10
1394749.88701432
20
359807.083222902
30
0.0
40
0.31111111111
41
1.0
50
0.0
51
0.0
7
Standard
11
1394749.88701432
21
359807.083222902
31
0.0
210
0.0
220
0.0
230
1.0
71
0
72
0
100
AcDbText
73
0
0
LWPOLYLINE
5
E26
330
1C
100
AcDbEntity
67
0
8
4 - принадлежность к ансамблю-0.1 ОКН
62
7
6
ByLayer
370
20
48
1.0
60
0
100
AcDbPolyline
90
13
70
1
38
0.0
39
0.0
10
1394755.42185595
20
359730.94636039
40
0.0
41
0.0
42
0.0
10
1394755.78897305
20
359732.405454252
40
0.0
41
0.0
42
0.0
10
1394756.83645272
20
359733.485508059
40
0.0
41
0.0
42
0.0
10
1394758.28362363
20
359733.89712226
40
0.0
41
0.0
42
0.0
10
1394759.74271751
20
359733.53000516
40
0.0
41
0.0
42
0.0
10
1394760.82277133
20
359732.482525484
40
0.0
41
0.0
42
0.0
10
1394761.23438552
20
359731.035354559
40
0.0
41
0.0
42
0.0
10
1394760.86726841
20
359729.576260676
40
0.0
41
0.0
42
0.0
10
1394759.81978872
20
359728.496206871
40
0.0
41
0.0
42
0.0
10
1394758.3726178
20
359728.084592686
40
0.0
41
0.0
42
0.0
10
1394756.91352393
20
359728.451709803
40
0.0
41
0.0
42
0.0
10
1394755.83347014
20
359729.499189482
40
0.0
41
0.0
42
0.0
10
1394755.42185595
20
359730.94636039
40
0.0
41
0.0
42
0.0
210
0.0
220
0.0
230
1.0
0
TEXT
5
E27
330
1C
100
AcDbEntity
67
0
8
4 - принадлежность к ансамблю-0.1 ОКН
62
7
6
ByLayer
370
-1
48
1.0
60
0
100
AcDbText
1

10
1394758.21123298
20
359731.001470604
30
0.0
40
0.31111111111
41
1.0
50
0.0
51
0.0
7
Standard
11
1394758.21123298
21
359731.001470604
31
0.0
210
0.0
220
0.0
230
1.0
71
0
72
0
100
AcDbText
73
0
0
LWPOLYLINE
5
E28
330
1C
100
AcDbEntity
67
0
8
4 - принадлежность к ансамблю-0.1 ОКН
62
7
6
ByLayer
370
20
48
1.0
60
0
100
AcDbPolyline
90
13
70
1
38
0.0
39
0.0
10
1394752.18977964
20
359710.346528383
40
0.0
41
0.0
42
0.0
10
1394752.55689681
20
359711.805622213
40
0.0
41
0.0
42
0.0
10
1394753.60437653
20
359712.885675957
40
0.0
41
0.0
42
0.0
10
1394755.05154744
20
359713.297290078
40
0.0
41
0.0
42
0.0
10
1394756.51064129
20
359712.930172906
40
0.0
41
0.0
42
0.0
10
1394757.59069504
20
359711.882693178
40
0.0
41
0.0
42
0.0
10
1394758.00230916
20
359710.435522247
40
0.0
41
0.0
42
0.0
10
1394757.63519198
20
359708.976428395
40
0.0
41
0.0
42
0.0
10
1394756.58771224
20
359707.896374654
40
0.0
41
0.0
42
0.0
10
1394755.14054131
20
359707.484760549
40
0.0
41
0.0
42
0.0
10
1394753.68144747
20
359707.851877743
40
0.0
41
0.0
42
0.0
10
1394752.60139374
20
359708.899357468
40
0.0
41
0.0
42
0.0
10
1394752.18977964
20
359710.346528383
40
0.0
41
0.0
42
0.0
210
0.0
220
0.0
230
1.0
0
TEXT
5
E29
330
1C
100
AcDbEntity
67
0
8
4 - принадлежность к ансамблю-0.1 ОКН
62
7
6
ByLayer
370
-1
48
1.0
60
0
100
AcDbText
1

10
1394754.97915666
20
359710.401638457
30
0.0
40
0.31111111111
41
1.0
50
0.0
51
0.0
7
Standard
11
1394754.97915666
21
359710.401638457
31
0.0
210
0.0
220
0.0
230
1.0
71
0
72
0
100
AcDbText
73
0
0
LWPOLYLINE
5
E2A
330
1C
100
AcDbEntity
67
0
8
4 - принадлежность к ансамблю-0.1 ОКН
62
7
6
ByLayer
370
20
48
1.0
60
0
100
AcDbPolyline
90
13
70
1
38
0.0
39
0.0
10
1396397.85183869
20
359830.80549319
40
0.0
41
0.0
42
0.0
10
1396398.21895697
20
359832.264593302
40
0.0
41
0.0
42
0.0
10
1396399.26644078
20
359833.344651928
40
0.0
41
0.0
42
0.0
10
1396400.71361769
20
359833.75626823
40
0.0
41
0.0
42
0.0
10
1396402.17271782
20
359833.389149948
40
0.0
41
0.0
42
0.0
10
1396403.25277646
20
359832.341666124
40
0.0
41
0.0
42
0.0
10
1396403.66439276
20
359830.894489198
40
0.0
41
0.0
42
0.0
10
1396403.29727446
20
359829.435389068
40
0.0
41
0.0
42
0.0
10
1396402.24979062
20
359828.355330442
40
0.0
41
0.0
42
0.0
10
1396400.8026137
20
359827.943714157
40
0.0
41
0.0
42
0.0
10
1396399.34351359
20
359828.310832457
40
0.0
41
0.0
42
0.0
10
1396398.26345497
20
359829.358316282
40
0.0
41
0.0
42
0.0
10
1396397.85183869
20
359830.80549319
40
0.0
41
0.0
42
0.0
210
0.0
220
0.0
230
1.0
0
TEXT
5
E2B
330
1C
100
AcDbEntity
67
0
8
4 - принадлежность к ансамблю-0.1 ОКН
62
7
6
ByLayer
370
-1
48
1.0
60
0
100
AcDbText
1

10
1396400.64122676
20
359830.860606139
30
0.0
40
0.31111111111
41
1.0
50
0.0
51
0.0
7
Standard
11
1396400.64122676
21
359830.860606139
31
0.0
210
0.0
220
0.0
230
1.0
71
0
72
0
100
AcDbText
73
0
0
LWPOLYLINE
5
E2C
330
1C
100
AcDbEntity
67
0
8
4 - принадлежность к ансамблю-0.1 ОКН
62
7
6
ByLayer
370
20
48
1.0
60
0
100
AcDbPolyline
90
13
70
1
38
0.0
39
0.0
10
1395209.27498152
20
360335.585064684
40
0.0
41
0.0
42
0.0
10
1395209.64209679
20
360337.044160821
40
0.0
41
0.0
42
0.0
10
1395210.689576
20
360338.124217514
40
0.0
41
0.0
42
0.0
10
1395212.13674796
20
360338.535834442
40
0.0
41
0.0
42
0.0
10
1395213.59584412
20
360338.168719177
40
0.0
41
0.0
42
0.0
10
1395214.67590082
20
360337.121239952
40
0.0
41
0.0
42
0.0
10
1395215.08751774
20
360335.674067977
40
0.0
41
0.0
42
0.0
10
1395214.72040246
20
360334.214971819
40
0.0
41
0.0
42
0.0
10
1395213.67292323
20
360333.13491513
40
0.0
41
0.0
42
0.0
10
1395212.22575126
20
360332.723298219
40
0.0
41
0.0
42
0.0
10
1395210.76665511
20
360333.090413502
40
0.0
41
0.0
42
0.0
10
1395209.68659843
20
360334.137892729
40
0.0
41
0.0
42
0.0
10
1395209.27498152
20
360335.585064684
40
0.0
41
0.0
42
0.0
210
0.0
220
0.0
230
1.0
0
TEXT
5
E2D
330
1C
100
AcDbEntity
67
0
8
4 - принадлежность к ансамблю-0.1 ОКН
62
7
6
ByLayer
370
-1
48
1.0
60
0
100
AcDbText
1

10
1395212.06436088
20
360335.640179581
30
0.0
40
0.31111111111
41
1.0
50
0.0
51
0.0
7
Standard
11
1395212.06436088
21
360335.640179581
31
0.0
210
0.0
220
0.0
230
1.0
71
0
72
0
100
AcDbText
73
0
0
LWPOLYLINE
5
E2F
330
1C
100
AcDbEntity
67
0
8
4 - принадлежность к ансамблю-00 ОКН
62
7
6
ByLayer
370
20
48
1.0
60
0
100
AcDbPolyline
90
13
70
1
38
0.0
39
0.0
10
1394183.25421566
20
359282.00685264
40
0.0
41
0.0
42
0.0
10
1394183.6213339
20
359283.465943931
40
0.0
41
0.0
42
0.0
10
1394184.66881327
20
359284.545994947
40
0.0
41
0.0
42
0.0
10
1394186.11598252
20
359284.957606877
40
0.0
41
0.0
42
0.0
10
1394187.57507383
20
359284.590488639
40
0.0
41
0.0
42
0.0
10
1394188.65512485
20
359283.543009256
40
0.0
41
0.0
42
0.0
10
1394189.06673678
20
359282.095839989
40
0.0
41
0.0
42
0.0
10
1394188.69961853
20
359280.636748676
40
0.0
41
0.0
42
0.0
10
1394187.65213914
20
359279.556697666
40
0.0
41
0.0
42
0.0
10
1394186.20496988
20
359279.145085751
40
0.0
41
0.0
42
0.0
10
1394184.74587858
20
359279.512204011
40
0.0
41
0.0
42
0.0
10
1394183.66582757
20
359280.559683391
40
0.0
41
0.0
42
0.0
10
1394183.25421566
20
359282.00685264
40
0.0
41
0.0
42
0.0
210
0.0
220
0.0
230
1.0
0
TEXT
5
E30
330
1C
100
AcDbEntity
67
0
8
4 - принадлежность к ансамблю-00 ОКН
62
7
6
ByLayer
370
-1
48
1.0
60
0
100
AcDbText
1

10
1394186.04358935
20
359282.061959084
30
0.0
40
0.31111111111
41
1.0
50
0.0
51
0.0
7
Standard
11
1394186.04358935
21
359282.061959084
31
0.0
210
0.0
220
0.0
230
1.0
71
0
72
0
100
AcDbText
73
0
0
LWPOLYLINE
5
E31
330
1C
100
AcDbEntity
67
0
8
4 - принадлежность к ансамблю-00 ОКН
62
7
6
ByLayer
370
20
48
1.0
60
0
100
AcDbPolyline
90
13
70
1
38
0.0
39
0.0
10
1394254.22057093
20
359320.164077193
40
0.0
41
0.0
42
0.0
10
1394254.5876891
20
359321.623168788
40
0.0
41
0.0
42
0.0
10
1394255.63516855
20
359322.703220099
40
0.0
41
0.0
42
0.0
10
1394257.08233803
20
359323.114832248
40
0.0
41
0.0
42
0.0
10
1394258.54142964
20
359322.747714086
40
0.0
41
0.0
42
0.0
10
1394259.62148096
20
359321.700234618
40
0.0
41
0.0
42
0.0
10
1394260.03309311
20
359320.253065128
40
0.0
41
0.0
42
0.0
10
1394259.66597493
20
359318.793973512
40
0.0
41
0.0
42
0.0
10
1394258.61849545
20
359317.713922201
40
0.0
41
0.0
42
0.0
10
1394257.17132596
20
359317.302310073
40
0.0
41
0.0
42
0.0
10
1394255.71223437
20
359317.669428257
40
0.0
41
0.0
42
0.0
10
1394254.63218306
20
359318.716907721
40
0.0
41
0.0
42
0.0
10
1394254.22057093
20
359320.164077193
40
0.0
41
0.0
42
0.0
210
0.0
220
0.0
230
1.0
0
TEXT
5
E32
330
1C
100
AcDbEntity
67
0
8
4 - принадлежность к ансамблю-00 ОКН
62
7
6
ByLayer
370
-1
48
1.0
60
0
100
AcDbText
1

10
1394257.00994506
20
359320.219183985
30
0.0
40
0.31111111111
41
1.0
50
0.0
51
0.0
7
Standard
11
1394257.00994506
21
359320.219183985
31
0.0
210
0.0
220
0.0
230
1.0
71
0
72
0
100
AcDbText
73
0
0
LWPOLYLINE
5
E33
330
1C
100
AcDbEntity
67
0
8
4 - принадлежность к ансамблю-00 ОКН
62
7
6
ByLayer
370
20
48
1.0
60
0
100
AcDbPolyline
90
13
70
1
38
0.0
39
0.0
10
1394269.92101881
20
359330.842468395
40
0.0
41
0.0
42
0.0
10
1394270.28813695
20
359332.30156006
40
0.0
41
0.0
42
0.0
10
1394271.33561642
20
359333.381611442
40
0.0
41
0.0
42
0.0
10
1394272.78278594
20
359333.793223646
40
0.0
41
0.0
42
0.0
10
1394274.24187762
20
359333.426105507
40
0.0
41
0.0
42
0.0
10
1394275.32192902
20
359332.378626032
40
0.0
41
0.0
42
0.0
10
1394275.73354121
20
359330.931456489
40
0.0
41
0.0
42
0.0
10
1394275.36642306
20
359329.472364807
40
0.0
41
0.0
42
0.0
10
1394274.31894358
20
359328.392313425
40
0.0
41
0.0
42
0.0
10
1394272.87177404
20
359327.980701238
40
0.0
41
0.0
42
0.0
10
1394271.41268237
20
359328.347819393
40
0.0
41
0.0
42
0.0
10
1394270.332631
20
359329.395298875
40
0.0
41
0.0
42
0.0
10
1394269.92101881
20
359330.842468395
40
0.0
41
0.0
42
0.0
210
0.0
220
0.0
230
1.0
0
TEXT
5
E34
330
1C
100
AcDbEntity
67
0
8
4 - принадлежность к ансамблю-00 ОКН
62
7
6
ByLayer
370
-1
48
1.0
60
0
100
AcDbText
1

10
1394272.71039303
20
359330.897575279
30
0.0
40
0.31111111111
41
1.0
50
0.0
51
0.0
7
Standard
11
1394272.71039303
21
359330.897575279
31
0.0
210
0.0
220
0.0
230
1.0
71
0
72
0
100
AcDbText
73
0
0
LWPOLYLINE
5
E35
330
1C
100
AcDbEntity
67
0
8
4 - принадлежность к ансамблю-00 ОКН
62
7
6
ByLayer
370
20
48
1.0
60
0
100
AcDbPolyline
90
13
70
1
38
0.0
39
0.0
10
1394301.60648134
20
359315.42773009
40
0.0
41
0.0
42
0.0
10
1394301.97359957
20
359316.886821859
40
0.0
41
0.0
42
0.0
10
1394303.02107916
20
359317.966873284
40
0.0
41
0.0
42
0.0
10
1394304.46824883
20
359318.378485468
40
0.0
41
0.0
42
0.0
10
1394305.92734061
20
359318.011367244
40
0.0
41
0.0
42
0.0
10
1394307.00739205
20
359316.963887638
40
0.0
41
0.0
42
0.0
10
1394307.41900422
20
359315.516717962
40
0.0
41
0.0
42
0.0
10
1394307.05188598
20
359314.057626173
40
0.0
41
0.0
42
0.0
10
1394306.00440637
20
359312.977574745
40
0.0
41
0.0
42
0.0
10
1394304.5572367
20
359312.565962584
40
0.0
41
0.0
42
0.0
10
1394303.09814492
20
359312.933080824
40
0.0
41
0.0
42
0.0
10
1394302.01809351
20
359313.980560436
40
0.0
41
0.0
42
0.0
10
1394301.60648134
20
359315.42773009
40
0.0
41
0.0
42
0.0
210
0.0
220
0.0
230
1.0
0
TEXT
5
E36
330
1C
100
AcDbEntity
67
0
8
4 - принадлежность к ансамблю-00 ОКН
62
7
6
ByLayer
370
-1
48
1.0
60
0
100
AcDbText
1

10
1394304.3958558
20
359315.482836908
30
0.0
40
0.31111111111
41
1.0
50
0.0
51
0.0
7
Standard
11
1394304.3958558
21
359315.482836908
31
0.0
210
0.0
220
0.0
230
1.0
71
0
72
0
100
AcDbText
73
0
0
LWPOLYLINE
5
E37
330
1C
100
AcDbEntity
67
0
8
4 - принадлежность к ансамблю-00 ОКН
62
7
6
ByLayer
370
20
48
1.0
60
0
100
AcDbPolyline
90
13
70
1
38
0.0
39
0.0
10
1394321.94072581
20
359235.759012573
40
0.0
41
0.0
42
0.0
10
1394322.30784436
20
359237.218104344
40
0.0
41
0.0
42
0.0
10
1394323.35532423
20
359238.298155615
40
0.0
41
0.0
42
0.0
10
1394324.80249405
20
359238.709767521
40
0.0
41
0.0
42
0.0
10
1394326.26158584
20
359238.342648978
40
0.0
41
0.0
42
0.0
10
1394327.34163712
20
359237.295169095
40
0.0
41
0.0
42
0.0
10
1394327.75324902
20
359235.847999262
40
0.0
41
0.0
42
0.0
10
1394327.38613046
20
359234.388907473
40
0.0
41
0.0
42
0.0
10
1394326.33865057
20
359233.308856203
40
0.0
41
0.0
42
0.0
10
1394324.89148074
20
359232.897244318
40
0.0
41
0.0
42
0.0
10
1394323.43238897
20
359233.264362878
40
0.0
41
0.0
42
0.0
10
1394322.35233771
20
359234.311842761
40
0.0
41
0.0
42
0.0
10
1394321.94072581
20
359235.759012573
40
0.0
41
0.0
42
0.0
210
0.0
220
0.0
230
1.0
0
TEXT
5
E38
330
1C
100
AcDbEntity
67
0
8
4 - принадлежность к ансамблю-00 ОКН
62
7
6
ByLayer
370
-1
48
1.0
60
0
100
AcDbText
1

10
1394324.73010051
20
359235.814118877
30
0.0
40
0.31111111111
41
1.0
50
0.0
51
0.0
7
Standard
11
1394324.73010051
21
359235.814118877
31
0.0
210
0.0
220
0.0
230
1.0
71
0
72
0
100
AcDbText
73
0
0
LWPOLYLINE
5
E39
330
1C
100
AcDbEntity
67
0
8
4 - принадлежность к ансамблю-00 ОКН
62
7
6
ByLayer
370
20
48
1.0
60
0
100
AcDbPolyline
90
13
70
1
38
0.0
39
0.0
10
1394248.70202111
20
359223.182687989
40
0.0
41
0.0
42
0.0
10
1394249.06913964
20
359224.64177947
40
0.0
41
0.0
42
0.0
10
1394250.11661935
20
359225.721830506
40
0.0
41
0.0
42
0.0
10
1394251.56378891
20
359226.133442287
40
0.0
41
0.0
42
0.0
10
1394253.02288041
20
359225.766323767
40
0.0
41
0.0
42
0.0
10
1394254.10293145
20
359224.718844047
40
0.0
41
0.0
42
0.0
10
1394254.51454323
20
359223.271674475
40
0.0
41
0.0
42
0.0
10
1394254.1474247
20
359221.812582972
40
0.0
41
0.0
42
0.0
10
1394253.09994496
20
359220.732531937
40
0.0
41
0.0
42
0.0
10
1394251.65277539
20
359220.320920173
40
0.0
41
0.0
42
0.0
10
1394250.1936839
20
359220.688038712
40
0.0
41
0.0
42
0.0
10
1394249.11363288
20
359221.735518435
40
0.0
41
0.0
42
0.0
10
1394248.70202111
20
359223.182687989
40
0.0
41
0.0
42
0.0
210
0.0
220
0.0
230
1.0
0
TEXT
5
E3A
330
1C
100
AcDbEntity
67
0
8
4 - принадлежность к ансамблю-00 ОКН
62
7
6
ByLayer
370
-1
48
1.0
60
0
100
AcDbText
1

10
1394251.49139533
20
359223.237794115
30
0.0
40
0.31111111111
41
1.0
50
0.0
51
0.0
7
Standard
11
1394251.49139533
21
359223.237794115
31
0.0
210
0.0
220
0.0
230
1.0
71
0
72
0
100
AcDbText
73
0
0
LWPOLYLINE
5
E3B
330
1C
100
AcDbEntity
67
0
8
4 - принадлежность к ансамблю-00 ОКН
62
7
6
ByLayer
370
20
48
1.0
60
0
100
AcDbPolyline
90
13
70
1
38
0.0
39
0.0
10
1394268.56114526
20
359194.891455702
40
0.0
41
0.0
42
0.0
10
1394268.92826391
20
359196.350547232
40
0.0
41
0.0
42
0.0
10
1394269.97574375
20
359197.430598246
40
0.0
41
0.0
42
0.0
10
1394271.42291341
20
359197.842209944
40
0.0
41
0.0
42
0.0
10
1394272.88200496
20
359197.475091298
40
0.0
41
0.0
42
0.0
10
1394273.96205598
20
359196.427611447
40
0.0
41
0.0
42
0.0
10
1394274.37366767
20
359194.980441768
40
0.0
41
0.0
42
0.0
10
1394274.00654901
20
359193.52135022
40
0.0
41
0.0
42
0.0
10
1394272.95906915
20
359192.441299204
40
0.0
41
0.0
42
0.0
10
1394271.51189948
20
359192.029687527
40
0.0
41
0.0
42
0.0
10
1394270.05280794
20
359192.396806191
40
0.0
41
0.0
42
0.0
10
1394268.97275694
20
359193.444286043
40
0.0
41
0.0
42
0.0
10
1394268.56114526
20
359194.891455702
40
0.0
41
0.0
42
0.0
210
0.0
220
0.0
230
1.0
0
TEXT
5
E3C
330
1C
100
AcDbEntity
67
0
8
4 - принадлежность к ансамблю-00 ОКН
62
7
6
ByLayer
370
-1
48
1.0
60
0
100
AcDbText
1

10
1394271.35051964
20
359194.946561659
30
0.0
40
0.31111111111
41
1.0
50
0.0
51
0.0
7
Standard
11
1394271.35051964
21
359194.946561659
31
0.0
210
0.0
220
0.0
230
1.0
71
0
72
0
100
AcDbText
73
0
0
LWPOLYLINE
5
E3D
330
1C
100
AcDbEntity
67
0
8
4 - принадлежность к ансамблю-00 ОКН
62
7
6
ByLayer
370
20
48
1.0
60
0
100
AcDbPolyline
90
13
70
1
38
0.0
39
0.0
10
1392697.45460418
20
356141.845996496
40
0.0
41
0.0
42
0.0
10
1392697.82173278
20
356143.305079242
40
0.0
41
0.0
42
0.0
10
1392698.86921684
20
356144.385117672
40
0.0
41
0.0
42
0.0
10
1392700.31638388
20
356144.79671636
40
0.0
41
0.0
42
0.0
10
1392701.77546664
20
356144.429587766
40
0.0
41
0.0
42
0.0
10
1392702.85550508
20
356143.382103688
40
0.0
41
0.0
42
0.0
10
1392703.26710376
20
356141.934936646
40
0.0
41
0.0
42
0.0
10
1392702.89997515
20
356140.475853882
40
0.0
41
0.0
42
0.0
10
1392701.85249107
20
356139.39581545
40
0.0
41
0.0
42
0.0
10
1392700.40532403
20
356138.984216781
40
0.0
41
0.0
42
0.0
10
1392698.94624128
20
356139.351345393
40
0.0
41
0.0
42
0.0
10
1392697.86620285
20
356140.398829471
40
0.0
41
0.0
42
0.0
10
1392697.45460418
20
356141.845996496
40
0.0
41
0.0
42
0.0
210
0.0
220
0.0
230
1.0
0
TEXT
5
E3E
330
1C
100
AcDbEntity
67
0
8
4 - принадлежность к ансамблю-00 ОКН
62
7
6
ByLayer
370
-1
48
1.0
60
0
100
AcDbText
1

10
1392700.24397168
20
356141.901079702
30
0.0
40
0.31111111111
41
1.0
50
0.0
51
0.0
7
Standard
11
1392700.24397168
21
356141.901079702
31
0.0
210
0.0
220
0.0
230
1.0
71
0
72
0
100
AcDbText
73
0
0
LWPOLYLINE
5
E3F
330
1C
100
AcDbEntity
67
0
8
4 - принадлежность к ансамблю-00 ОКН
62
7
6
ByLayer
370
20
48
1.0
60
0
100
AcDbPolyline
90
13
70
1
38
0.0
39
0.0
10
1392586.92599963
20
356202.829777579
40
0.0
41
0.0
42
0.0
10
1392587.2931279
20
356204.288859968
40
0.0
41
0.0
42
0.0
10
1392588.3406115
20
356205.368898259
40
0.0
41
0.0
42
0.0
10
1392589.78777805
20
356205.780497056
40
0.0
41
0.0
42
0.0
10
1392591.24686045
20
356205.413368797
40
0.0
41
0.0
42
0.0
10
1392592.32689875
20
356204.365885186
40
0.0
41
0.0
42
0.0
10
1392592.73849755
20
356202.918718618
40
0.0
41
0.0
42
0.0
10
1392592.37136927
20
356201.459636207
40
0.0
41
0.0
42
0.0
10
1392591.32388566
20
356200.37959792
40
0.0
41
0.0
42
0.0
10
1392589.87671909
20
356199.967999138
40
0.0
41
0.0
42
0.0
10
1392588.41763669
20
356200.335127418
40
0.0
41
0.0
42
0.0
10
1392587.33759842
20
356201.382611029
40
0.0
41
0.0
42
0.0
10
1392586.92599963
20
356202.829777579
40
0.0
41
0.0
42
0.0
210
0.0
220
0.0
230
1.0
0
TEXT
5
E40
330
1C
100
AcDbEntity
67
0
8
4 - принадлежность к ансамблю-00 ОКН
62
7
6
ByLayer
370
-1
48
1.0
60
0
100
AcDbText
1

10
1392589.71536631
20
356202.884861062
30
0.0
40
0.31111111111
41
1.0
50
0.0
51
0.0
7
Standard
11
1392589.71536631
21
356202.884861062
31
0.0
210
0.0
220
0.0
230
1.0
71
0
72
0
100
AcDbText
73
0
0
LWPOLYLINE
5
E41
330
1C
100
AcDbEntity
67
0
8
4 - принадлежность к ансамблю-00 ОКН
62
7
6
ByLayer
370
20
48
1.0
60
0
100
AcDbPolyline
90
13
70
1
38
0.0
39
0.0
10
1392228.1478479
20
356395.229047278
40
0.0
41
0.0
42
0.0
10
1392228.51497511
20
356396.688128505
40
0.0
41
0.0
42
0.0
10
1392229.5624572
20
356397.768166322
40
0.0
41
0.0
42
0.0
10
1392231.00962222
20
356398.179765457
40
0.0
41
0.0
42
0.0
10
1392232.46870346
20
356397.81263826
40
0.0
41
0.0
42
0.0
10
1392233.54874129
20
356396.765156149
40
0.0
41
0.0
42
0.0
10
1392233.96034042
20
356395.317991117
40
0.0
41
0.0
42
0.0
10
1392233.5932132
20
356393.85890987
40
0.0
41
0.0
42
0.0
10
1392232.54573109
20
356392.778872058
40
0.0
41
0.0
42
0.0
10
1392231.09856606
20
356392.367272937
40
0.0
41
0.0
42
0.0
10
1392229.63948482
20
356392.734400156
40
0.0
41
0.0
42
0.0
10
1392228.55944702
20
356393.781882267
40
0.0
41
0.0
42
0.0
10
1392228.1478479
20
356395.229047278
40
0.0
41
0.0
42
0.0
210
0.0
220
0.0
230
1.0
0
TEXT
5
E42
330
1C
100
AcDbEntity
67
0
8
4 - принадлежность к ансамблю-00 ОКН
62
7
6
ByLayer
370
-1
48
1.0
60
0
100
AcDbText
1

10
1392230.93721189
20
356395.284131626
30
0.0
40
0.31111111111
41
1.0
50
0.0
51
0.0
7
Standard
11
1392230.93721189
21
356395.284131626
31
0.0
210
0.0
220
0.0
230
1.0
71
0
72
0
100
AcDbText
73
0
0
VIEWPORT
5
E47
330
E43
100
AcDbEntity
67
1
8
0
62
256
6
ByLayer
370
-1
48
1.0
60
0
100
AcDbViewport
10
0.0
20
0.0
30
0.0
40
297.0
41
210.0
68
1
69
1
12
50.0
22
100.0
13
0.0
23
0.0
14
10.0
24
10.0
15
10.0
25
10.0
16
0.0
26
0.0
36
1.0
17
0.0
27
0.0
37
0.0
42
50.0
43
0.0
44
0.0
45
250.0
50
0.0
51
0.0
72
1000
90
819232
110
0.0
120
0.0
130
0.0
111
1.0
121
0.0
131
0.0
112
0.0
122
1.0
132
0.0
0
ENDSEC
0
SECTION
2
OBJECTS
0
DICTIONARY
5
E4C
330
0
100
AcDbDictionary
280
1
281
1
3
ACAD_GROUP
350
12
3
ACAD_LAYOUT
350
E46
3
ACAD_DGNDEFINITIONS
350
F
3
ACAD_DWFDEFINITIONS
350
10
3
ACAD_PDFDEFINITIONS
350
11
3
ACAD_MLINESTYLE
350
B
3
ACAD_IMAGE_DICT
350
E
3
ACAD_IMAGE_VARS
350
21
0
DICTIONARY
5
12
330
E4C
100
AcDbDictionary
280
1
281
1
0
DICTIONARY
5
E46
330
E4C
100
AcDbDictionary
280
1
281
1
3
Model
350
20
3
Layout1
350
E48
0
DICTIONARY
5
F
330
E4C
100
AcDbDictionary
280
1
281
1
0
DICTIONARY
5
10
330
E4C
100
AcDbDictionary
280
1
281
1
0
DICTIONARY
5
11
330
E4C
100
AcDbDictionary
280
1
281
1
0
DICTIONARY
5
B
330
E4C
100
AcDbDictionary
280
1
281
1
3
Standard
350
1B
0
DICTIONARY
5
E
330
E4C
100
AcDbDictionary
280
1
281
1
0
DICTIONARY
5
6
330
5
100
AcDbDictionary
280
1
281
1
3
ACAD_LAYERSTATES
360
E4D
0
DICTIONARY
5
E4D
330
6
100
AcDbDictionary
280
1
281
1
0
LAYOUT
5
20
330
E46
100
AcDbPlotSettings
1

2
none_device
4
ISO_A4_(210.00_x_297.00_MM)
6

40
7.5
41
20.0
42
7.5
43
20.0
44
210.0
45
297.0
46
0.0
47
0.0
48
0.0
49
0.0
140
0.0
141
0.0
142
1.0
143
1.0
70
11952
72
1
73
1
74
1
7

75
0
76
0
77
2
78
300
147
1.0
148
0.0
149
0.0
100
AcDbLayout
1
Model
71
0
10
1392227.9728479
20
356138.809216784
11
1399783.77922632
21
360808.221319657
12
0.0
22
0.0
32
0.0
14
1399783.77922632
24
360808.221319657
34
0.0
15
231.3
25
175.5
35
0.0
146
0.0
13
0.0
23
0.0
33
0.0
16
1.0
26
0.0
36
0.0
17
0.0
27
1.0
37
0.0
76
0
330
1C
0
LAYOUT
5
E48
330
E46
100
AcDbPlotSettings
1

2
none_device
4
ISO_A4_(210.00_x_297.00_MM)
6

40
7.5
41
20.0
42
7.5
43
20.0
44
210.0
45
297.0
46
0.0
47
0.0
48
0.0
49
0.0
140
0.0
141
0.0
142
1.0
143
1.0
70
688
72
1
73
1
74
1
7

75
0
76
0
77
2
78
300
147
1.0
148
0.0
149
0.0
100
AcDbLayout
1
Layout1
71
1
10
-20.0
20
-7.5
11
277.0
21
202.5
12
0.0
22
0.0
32
0.0
14
25.7
24
19.5
34
0.0
15
231.3
25
175.5
35
0.0
146
0.0
13
0.0
23
0.0
33
0.0
16
1.0
26
0.0
36
0.0
17
0.0
27
1.0
37
0.0
76
0
330
E43
0
MLINESTYLE
5
1B
330
B
100
AcDbMlineStyle
2
Standard
70
0
3

62
256
51
90.0
52
90.0
71
2
49
0.5
62
256
6
ByLayer
49
-0.5
62
256
6
ByLayer
0
RASTERVARIABLES
5
21
330
E
100
AcDbRasterVariables
90
0
70
1
71
1
72
0
0
ENDSEC
0
EOF
