{
  "type": "FeatureCollection",
  "name": "2_okn_federal",
  "crs": {
    "type": "name",
    "properties": {
      "name": "urn:ogc:def:crs:OGC:1.3:CRS84"
    }
  },
  "features": [
    {
      "type": "Feature",
      "properties": {
        "fid": 1,
        "Layer": "2 - окн федерального значения",
        "Text": "414"
      },
      "geometry": {
        "type": "MultiPolygon",
        "coordinates": [
          [
            [
              [
                131.8800573741859,
                43.111691921505354
              ],
              [
                131.8801067298631,
                43.111583957071
              ],
              [
                131.8800084413479,
                43.11158385380743
              ],
              [
                131.8800573741859,
                43.111691921505354
              ]
            ]
          ]
        ]
      }
    },
    {
      "type": "Feature",
      "properties": {
        "fid": 2,
        "Layer": "2 - окн федерального значения",
        "Text": "405"
      },
      "geometry": {
        "type": "MultiPolygon",
        "coordinates": [
          [
            [
              [
                131.87782095545992,
                43.113994541074504
              ],
              [
                131.8778578016478,
                43.114024433215526
              ],
              [
                131.8779191896281,
                43.11398493895539
              ],
              [
                131.87788234509586,
                43.11395421298055
              ],
              [
                131.87782095545992,
                43.113994541074504
              ]
            ]
          ]
        ]
      }
    },
    {
      "type": "Feature",
      "properties": {
        "fid": 3,
        "Layer": "2 - окн федерального значения",
        "Text": "412"
      },
      "geometry": {
        "type": "MultiPolygon",
        "coordinates": [
          [
            [
              [
                131.9252472611161,
                43.11275583156125
              ],
              [
                131.92529653824616,
                43.112647847594744
              ],
              [
                131.92519824789633,
                43.11264778314513
              ],
              [
                131.9252472611161,
                43.11275583156125
              ]
            ]
          ]
        ]
      }
    },
    {
      "type": "Feature",
      "properties": {
        "fid": 4,
        "Layer": "2 - окн федерального значения",
        "Text": "415"
      },
      "geometry": {
        "type": "MultiPolygon",
        "coordinates": [
          [
            [
              [
                131.89293377321616,
                43.11509386501523
              ],
              [
                131.89298310901594,
                43.11498589507002
              ],
              [
                131.89288481501268,
                43.114985802860666
              ],
              [
                131.89293377321616,
                43.11509386501523
              ]
            ]
          ]
        ]
      }
    },
    {
      "type": "Feature",
      "properties": {
        "fid": 5,
        "Layer": "2 - окн федерального значения",
        "Text": null
      },
      "geometry": {
        "type": "MultiPolygon",
        "coordinates": [
          [
            [
              [
                131.88543568944627,
                43.11556961929221
              ],
              [
                131.88548503880506,
                43.11546165260426
              ],
              [
                131.88538674406522,
                43.11546155395324
              ],
              [
                131.88543568944627,
                43.11556961929221
              ]
            ]
          ]
        ]
      }
    },
    {
      "type": "Feature",
      "properties": {
        "fid": 6,
        "Layer": "2 - окн федерального значения",
        "Text": "413"
      },
      "geometry": {
        "type": "MultiPolygon",
        "coordinates": [
          [
            [
              [
                131.8979883290742,
                43.11373528985379
              ],
              [
                131.8980376548964,
                43.113627317693336
              ],
              [
                131.8979393630515,
                43.11362722982801
              ],
              [
                131.8979883290742,
                43.11373528985379
              ]
            ]
          ]
        ]
      }
    },
    {
      "type": "Feature",
      "properties": {
        "fid": 7,
        "Layer": "2 - окн федерального значения",
        "Text": null
      },
      "geometry": {
        "type": "MultiPolygon",
        "coordinates": [
          [
            [
              [
                131.8979883290742,
                43.11373528985379
              ],
              [
                131.8980376548964,
                43.113627317693336
              ],
              [
                131.8979393630515,
                43.11362722982801
              ],
              [
                131.8979883290742,
                43.11373528985379
              ]
            ]
          ]
        ]
      }
    },
    {
      "type": "Feature",
      "properties": {
        "fid": 8,
        "Layer": "2 - окн федерального значения",
        "Text": null
      },
      "geometry": {
        "type": "MultiPolygon",
        "coordinates": [
          [
            [
              [
                131.8979883290742,
                43.11373528985379
              ],
              [
                131.8980376548964,
                43.113627317693336
              ],
              [
                131.8979393630515,
                43.11362722982801
              ],
              [
                131.8979883290742,
                43.11373528985379
              ]
            ]
          ]
        ]
      }
    },
    {
      "type": "Feature",
      "properties": {
        "fid": 9,
        "Layer": "2 - окн федерального значения",
        "Text": null
      },
      "geometry": {
        "type": "MultiPolygon",
        "coordinates": [
          [
            [
              [
                131.88543568944627,
                43.11556961929221
              ],
              [
                131.88548503880506,
                43.11546165260426
              ],
              [
                131.88538674406522,
                43.11546155395324
              ],
              [
                131.88543568944627,
                43.11556961929221
              ]
            ]
          ]
        ]
      }
    },
    {
      "type": "Feature",
      "properties": {
        "fid": 10,
        "Layer": "2 - окн федерального значения",
        "Text": "404"
      },
      "geometry": {
        "type": "MultiPolygon",
        "coordinates": [
          [
            [
              [
                131.87619924018153,
                43.1217766944664
              ],
              [
                131.87620382974328,
                43.12176832975762
              ],
              [
                131.87619752719414,
                43.12176631463124
              ],
              [
                131.8762686641474,
                43.12162383437963
              ],
              [
                131.87620350226535,
                43.12160765042036
              ],
              [
                131.87618848803294,
                43.12160792867741
              ],
              [
                131.87618045789574,
                43.121611920139266
              ],
              [
                131.87617206021045,
                43.12162364078398
              ],
              [
                131.87615914069065,
                43.121649626269885
              ],
              [
                131.87609983561796,
                43.121670275437154
              ],
              [
                131.87607241928652,
                43.12166455852902
              ],
              [
                131.8760633687626,
                43.12169902707207
              ],
              [
                131.87608544731862,
                43.12170367184298
              ],
              [
                131.8760905348026,
                43.1217084758986
              ],
              [
                131.87611085711933,
                43.12175152675093
              ],
              [
                131.87614509415826,
                43.12176236581648
              ],
              [
                131.87619924018153,
                43.1217766944664
              ]
            ]
          ]
        ]
      }
    },
    {
      "type": "Feature",
      "properties": {
        "fid": 11,
        "Layer": "2 - окн федерального значения",
        "Text": null
      },
      "geometry": {
        "type": "MultiPolygon",
        "coordinates": [
          [
            [
              [
                131.9252472611161,
                43.11275583156125
              ],
              [
                131.92529653824616,
                43.112647847594744
              ],
              [
                131.92519824789633,
                43.11264778314513
              ],
              [
                131.9252472611161,
                43.11275583156125
              ]
            ]
          ]
        ]
      }
    },
    {
      "type": "Feature",
      "properties": {
        "fid": 12,
        "Layer": "2 - окн федерального значения",
        "Text": "471"
      },
      "geometry": {
        "type": "MultiPolygon",
        "coordinates": [
          [
            [
              [
                131.8771279118551,
                43.12546957879582
              ],
              [
                131.87712351987352,
                43.12538561225895
              ],
              [
                131.87693333443056,
                43.12538981656789
              ],
              [
                131.87693730659737,
                43.12547222514053
              ],
              [
                131.8771279118551,
                43.12546957879582
              ]
            ]
          ]
        ]
      }
    },
    {
      "type": "Feature",
      "properties": {
        "fid": 13,
        "Layer": "2 - окн федерального значения",
        "Text": null
      },
      "geometry": {
        "type": "MultiPolygon",
        "coordinates": [
          [
            [
              [
                131.89293377321616,
                43.11509386501523
              ],
              [
                131.89298310901594,
                43.11498589507002
              ],
              [
                131.89288481501268,
                43.114985802860666
              ],
              [
                131.89293377321616,
                43.11509386501523
              ]
            ]
          ]
        ]
      }
    },
    {
      "type": "Feature",
      "properties": {
        "fid": 14,
        "Layer": "2 - окн федерального значения",
        "Text": "410"
      },
      "geometry": {
        "type": "MultiPolygon",
        "coordinates": [
          [
            [
              [
                131.8935430548864,
                43.11390612878137
              ],
              [
                131.89352813698844,
                43.11386638439747
              ],
              [
                131.89340281600172,
                43.11389163140808
              ],
              [
                131.89346974922805,
                43.11406995599797
              ],
              [
                131.89348952989008,
                43.11406597102012
              ],
              [
                131.89351376531235,
                43.11412610235229
              ],
              [
                131.89363338874415,
                43.11410184136711
              ],
              [
                131.8936265216558,
                43.11408304683773
              ],
              [
                131.89382699405016,
                43.11404373252491
              ],
              [
                131.89383353321057,
                43.11406162938902
              ],
              [
                131.8939336649263,
                43.11404199257148
              ],
              [
                131.8939147837397,
                43.113990317326724
              ],
              [
                131.89392398707355,
                43.11398851245716
              ],
              [
                131.89387647290073,
                43.11385782795547
              ],
              [
                131.89386704990645,
                43.113859675902475
              ],
              [
                131.89384502519988,
                43.11379939689028
              ],
              [
                131.893741672687,
                43.113820501713626
              ],
              [
                131.89375801936845,
                43.11386230765799
              ],
              [
                131.8935430548864,
                43.11390612878137
              ]
            ]
          ]
        ]
      }
    },
    {
      "type": "Feature",
      "properties": {
        "fid": 15,
        "Layer": "2 - окн федерального значения",
        "Text": "409"
      },
      "geometry": {
        "type": "MultiPolygon",
        "coordinates": [
          [
            [
              [
                131.88013732370413,
                43.11679148200826
              ],
              [
                131.8800766355008,
                43.11663318502392
              ],
              [
                131.88005885610923,
                43.116583727974124
              ],
              [
                131.88000557766458,
                43.116545005661074
              ],
              [
                131.87992604035264,
                43.116591943524234
              ],
              [
                131.87993871100414,
                43.116633413610046
              ],
              [
                131.87970470186067,
                43.11667741768444
              ],
              [
                131.87969831978438,
                43.11665914988552
              ],
              [
                131.87961515424263,
                43.11667474304508
              ],
              [
                131.8796074735086,
                43.116652755649135
              ],
              [
                131.87961476558613,
                43.11665139643499
              ],
              [
                131.87962504381508,
                43.11664113835776
              ],
              [
                131.8796009898149,
                43.116576146276955
              ],
              [
                131.87949423000654,
                43.11659453099694
              ],
              [
                131.87950490905288,
                43.11662837489167
              ],
              [
                131.8793964926135,
                43.116647044780954
              ],
              [
                131.87947327394357,
                43.11687858623478
              ],
              [
                131.87953206184247,
                43.11690209731584
              ],
              [
                131.88013732370413,
                43.11679148200826
              ]
            ]
          ]
        ]
      }
    },
    {
      "type": "Feature",
      "properties": {
        "fid": 16,
        "Layer": "2 - окн федерального значения",
        "Text": "408"
      },
      "geometry": {
        "type": "MultiPolygon",
        "coordinates": [
          [
            [
              [
                131.90011539045145,
                43.1152247579267
              ],
              [
                131.90022207953768,
                43.11500399903025
              ],
              [
                131.9001380682288,
                43.11498390585736
              ],
              [
                131.90014365294533,
                43.11497137359081
              ],
              [
                131.90009585406582,
                43.11495994139256
              ],
              [
                131.8999895186837,
                43.11518297214839
              ],
              [
                131.89998136947278,
                43.11518105685116
              ],
              [
                131.89999650789866,
                43.11514648700597
              ],
              [
                131.8997394041984,
                43.115076931306156
              ],
              [
                131.89967046351165,
                43.11523464086409
              ],
              [
                131.90033210456693,
                43.115395511105916
              ],
              [
                131.9003222331033,
                43.115417063837874
              ],
              [
                131.90037920630766,
                43.11543106884295
              ],
              [
                131.90038882148227,
                43.115410075634195
              ],
              [
                131.90044747179854,
                43.11542449286571
              ],
              [
                131.90062151514343,
                43.115474597791305
              ],
              [
                131.90063166325393,
                43.11545009249817
              ],
              [
                131.9007140784731,
                43.11546912799822
              ],
              [
                131.90070171658817,
                43.11549525023321
              ],
              [
                131.90080637461568,
                43.11551892040105
              ],
              [
                131.9008071793296,
                43.11551338663317
              ],
              [
                131.90084019025713,
                43.11552098880949
              ],
              [
                131.90087322806747,
                43.11551198759142
              ],
              [
                131.90087634621688,
                43.115504949657954
              ],
              [
                131.90091118655627,
                43.11542631187414
              ],
              [
                131.90089177910966,
                43.115402076179436
              ],
              [
                131.90086153976515,
                43.115394950137606
              ],
              [
                131.90088039484772,
                43.1153524707273
              ],
              [
                131.9009415473327,
                43.11536698298299
              ],
              [
                131.90102058197047,
                43.115192902577924
              ],
              [
                131.90084012876977,
                43.11514506802121
              ],
              [
                131.90082745182244,
                43.11517301400486
              ],
              [
                131.90083486774026,
                43.11517509157878
              ],
              [
                131.90078394156342,
                43.11528728375431
              ],
              [
                131.90077783798824,
                43.115285558987686
              ],
              [
                131.90076213730833,
                43.11531791210207
              ],
              [
                131.90072505846976,
                43.11531047394203
              ],
              [
                131.90071344822556,
                43.115340969121036
              ],
              [
                131.9007683416877,
                43.11535353637779
              ],
              [
                131.9007622941528,
                43.11536975357538
              ],
              [
                131.9005161754357,
                43.11531220862975
              ],
              [
                131.90052073237644,
                43.115302259200924
              ],
              [
                131.9005630466329,
                43.115312660722736
              ],
              [
                131.90067916087878,
                43.11505914032205
              ],
              [
                131.9004233872274,
                43.11499673017059
              ],
              [
                131.9003073596091,
                43.11524916293754
              ],
              [
                131.9003311622642,
                43.11525501406815
              ],
              [
                131.9003217825856,
                43.11527549311467
              ],
              [
                131.90011539045145,
                43.1152247579267
              ]
            ]
          ]
        ]
      }
    },
    {
      "type": "Feature",
      "properties": {
        "fid": 17,
        "Layer": "2 - окн федерального значения",
        "Text": "405"
      },
      "geometry": {
        "type": "MultiPolygon",
        "coordinates": [
          [
            [
              [
                131.87940876040818,
                43.114360251832764
              ],
              [
                131.8793296804268,
                43.11430739416998
              ],
              [
                131.87925694172765,
                43.114362090374065
              ],
              [
                131.8793343842325,
                43.114414546562884
              ],
              [
                131.87940876040818,
                43.114360251832764
              ]
            ]
          ]
        ]
      }
    },
    {
      "type": "Feature",
      "properties": {
        "fid": 18,
        "Layer": "2 - окн федерального значения",
        "Text": "405"
      },
      "geometry": {
        "type": "MultiPolygon",
        "coordinates": [
          [
            [
              [
                131.87835855446605,
                43.11419558928542
              ],
              [
                131.87827765802135,
                43.11407324169505
              ],
              [
                131.87811237363024,
                43.11413506771674
              ],
              [
                131.8781858387214,
                43.1142561194568
              ],
              [
                131.87820314069745,
                43.11418839558917
              ],
              [
                131.87829209420033,
                43.11415655221088
              ],
              [
                131.87835855446605,
                43.11419558928542
              ]
            ]
          ]
        ]
      }
    },
    {
      "type": "Feature",
      "properties": {
        "fid": 19,
        "Layer": "2 - окн федерального значения",
        "Text": null
      },
      "geometry": {
        "type": "MultiPolygon",
        "coordinates": [
          [
            [
              [
                131.87784922261724,
                43.11401747332439
              ],
              [
                131.87781661407448,
                43.11399092959869
              ],
              [
                131.87766454564527,
                43.11405323166343
              ],
              [
                131.87768893757158,
                43.114081769437654
              ],
              [
                131.87784922261724,
                43.11401747332439
              ]
            ]
          ]
        ]
      }
    },
    {
      "type": "Feature",
      "properties": {
        "fid": 20,
        "Layer": "2 - окн федерального значения",
        "Text": null
      },
      "geometry": {
        "type": "MultiPolygon",
        "coordinates": [
          [
            [
              [
                131.8773777092032,
                43.11424444776275
              ],
              [
                131.87735151934885,
                43.1142186060227
              ],
              [
                131.87734101210424,
                43.11422391508551
              ],
              [
                131.87733614082208,
                43.11422783145512
              ],
              [
                131.87733292182412,
                43.11423188694132
              ],
              [
                131.8773315494497,
                43.11424518636564
              ],
              [
                131.87733571092687,
                43.11425031416734
              ],
              [
                131.87734377877229,
                43.11425357415839
              ],
              [
                131.8773503716152,
                43.11425417238883
              ],
              [
                131.8773577744525,
                43.1142534906726
              ],
              [
                131.87736760589172,
                43.11424965874082
              ],
              [
                131.8773777092032,
                43.11424444776275
              ]
            ]
          ]
        ]
      }
    },
    {
      "type": "Feature",
      "properties": {
        "fid": 21,
        "Layer": "2 - окн федерального значения",
        "Text": "405"
      },
      "geometry": {
        "type": "MultiPolygon",
        "coordinates": [
          [
            [
              [
                131.87691445003182,
                43.11389441051198
              ],
              [
                131.87684293694593,
                43.11395945367121
              ],
              [
                131.8769257814038,
                43.11401332211313
              ],
              [
                131.87700128347984,
                43.11394886714399
              ],
              [
                131.87691445003182,
                43.11389441051198
              ]
            ]
          ]
        ]
      }
    },
    {
      "type": "Feature",
      "properties": {
        "fid": 22,
        "Layer": "2 - окн федерального значения",
        "Text": null
      },
      "geometry": {
        "type": "MultiPolygon",
        "coordinates": [
          [
            [
              [
                131.87782095545992,
                43.113994541074504
              ],
              [
                131.8778578016478,
                43.114024433215526
              ],
              [
                131.8779191896281,
                43.11398493895539
              ],
              [
                131.87788234509586,
                43.11395421298055
              ],
              [
                131.87782095545992,
                43.113994541074504
              ]
            ]
          ]
        ]
      }
    },
    {
      "type": "Feature",
      "properties": {
        "fid": 23,
        "Layer": "2 - окн федерального значения",
        "Text": "407"
      },
      "geometry": {
        "type": "MultiPolygon",
        "coordinates": [
          [
            [
              [
                131.90724148146262,
                43.11769205460091
              ],
              [
                131.9073253004406,
                43.11774956269113
              ],
              [
                131.9073018519612,
                43.117767903943474
              ],
              [
                131.90734844965647,
                43.11779987449575
              ],
              [
                131.90737189813436,
                43.117781533233966
              ],
              [
                131.90741684818525,
                43.11781237328423
              ],
              [
                131.90743113297805,
                43.117801199789035
              ],
              [
                131.90744950792995,
                43.117813806754036
              ],
              [
                131.90747668414386,
                43.11779254963098
              ],
              [
                131.9075090168359,
                43.11781473290695
              ],
              [
                131.90751648042922,
                43.11780889490873
              ],
              [
                131.90753747331465,
                43.117792474334074
              ],
              [
                131.9075666421831,
                43.117812486900846
              ],
              [
                131.90764126423835,
                43.11775411761956
              ],
              [
                131.90761209537328,
                43.11773410507163
              ],
              [
                131.90763988608109,
                43.117712367180694
              ],
              [
                131.90722195306753,
                43.117425624188336
              ],
              [
                131.90718836423073,
                43.11745189723467
              ],
              [
                131.90716110703795,
                43.11743319597665
              ],
              [
                131.90715576103756,
                43.117431152136284
              ],
              [
                131.90714999959025,
                43.11743245628515
              ],
              [
                131.907095755942,
                43.117474885343846
              ],
              [
                131.9070931765727,
                43.117478641240766
              ],
              [
                131.90709477469568,
                43.117482679388495
              ],
              [
                131.90712399898337,
                43.11750179625689
              ],
              [
                131.9070907792281,
                43.11752778051588
              ],
              [
                131.90718974741984,
                43.11759568287143
              ],
              [
                131.90709732171936,
                43.11766797752726
              ],
              [
                131.9071905167939,
                43.11773191878013
              ],
              [
                131.90724148146262,
                43.11769205460091
              ]
            ]
          ]
        ]
      }
    },
    {
      "type": "Feature",
      "properties": {
        "fid": 24,
        "Layer": "2 - окн федерального значения",
        "Text": "404"
      },
      "geometry": {
        "type": "MultiPolygon",
        "coordinates": [
          [
            [
              [
                131.87651181655644,
                43.122589766565476
              ],
              [
                131.87657504423626,
                43.12269483470954
              ],
              [
                131.87657215471498,
                43.122710202818894
              ],
              [
                131.87657799124406,
                43.122725115243135
              ],
              [
                131.87659155792048,
                43.122737027419305
              ],
              [
                131.8766105398133,
                43.12274390672691
              ],
              [
                131.87661723429102,
                43.12275418041279
              ],
              [
                131.87667437185092,
                43.122841866462146
              ],
              [
                131.87668238585596,
                43.1228541651174
              ],
              [
                131.87667715592542,
                43.12286308830705
              ],
              [
                131.87667538771942,
                43.12287271234388
              ],
              [
                131.87667721101855,
                43.12288233086326
              ],
              [
                131.87668249200175,
                43.12289123790521
              ],
              [
                131.87669084306765,
                43.12289877972906
              ],
              [
                131.87670165128256,
                43.12290440279532
              ],
              [
                131.87671412336735,
                43.122907694393454
              ],
              [
                131.87672734392123,
                43.122908412933384
              ],
              [
                131.8768352879865,
                43.123002697891756
              ],
              [
                131.8768340040661,
                43.12301108769803
              ],
              [
                131.8768354903987,
                43.12301945955432
              ],
              [
                131.87683966110617,
                43.123027329742186
              ],
              [
                131.87684627520966,
                43.123034243528934
              ],
              [
                131.8768549505528,
                43.12303980144181
              ],
              [
                131.87686518588157,
                43.12304368234921
              ],
              [
                131.87687638980756,
                43.12304566201542
              ],
              [
                131.87688791497655,
                43.123045626056985
              ],
              [
                131.87690213713836,
                43.123057248923374
              ],
              [
                131.87698400338977,
                43.123124152872975
              ],
              [
                131.87706447789787,
                43.12307131609341
              ],
              [
                131.87698261162893,
                43.12300441220075
              ],
              [
                131.87693065747806,
                43.12303852348744
              ],
              [
                131.87692354689065,
                43.12303271246051
              ],
              [
                131.87693105805522,
                43.123021027482004
              ],
              [
                131.8769326197088,
                43.123008162722
              ],
              [
                131.87692804101752,
                43.12299569028174
              ],
              [
                131.8769178815105,
                43.122985134319336
              ],
              [
                131.87690338270218,
                43.12297778479457
              ],
              [
                131.87688631637658,
                43.12297453983379
              ],
              [
                131.8768687680718,
                43.12297579597754
              ],
              [
                131.8768528822243,
                43.12298139972265
              ],
              [
                131.8768456939643,
                43.122975299076444
              ],
              [
                131.87687483528774,
                43.12295687511218
              ],
              [
                131.87685224281236,
                43.122937700969466
              ],
              [
                131.8768896256352,
                43.12291406647571
              ],
              [
                131.8768429131922,
                43.12287442178235
              ],
              [
                131.87680727079874,
                43.12289695591673
              ],
              [
                131.8767904782655,
                43.12288270412596
              ],
              [
                131.87676476354272,
                43.12289896168473
              ],
              [
                131.87676021932774,
                43.12289510501529
              ],
              [
                131.87676801279724,
                43.12288618888365
              ],
              [
                131.87677182528017,
                43.12287597670214
              ],
              [
                131.87677131040496,
                43.12286539627309
              ],
              [
                131.87676651495127,
                43.12285540885448
              ],
              [
                131.8767578745998,
                43.12284692182753
              ],
              [
                131.8767461743482,
                43.12284070625882
              ],
              [
                131.8767324771927,
                43.12283732684738
              ],
              [
                131.87671802755204,
                43.12283709062065
              ],
              [
                131.87671246156623,
                43.1228285488142
              ],
              [
                131.8767896634901,
                43.12280155595812
              ],
              [
                131.87673228668407,
                43.12271350300308
              ],
              [
                131.87664946033416,
                43.12274246236987
              ],
              [
                131.87666229174005,
                43.122733051106
              ],
              [
                131.87667007898006,
                43.12272103538375
              ],
              [
                131.87667192255364,
                43.12270780313868
              ],
              [
                131.8766676095136,
                43.12269488282605
              ],
              [
                131.87665763806191,
                43.12268376686882
              ],
              [
                131.8766431600013,
                43.122675739268516
              ],
              [
                131.87662584768944,
                43.12267172729093
              ],
              [
                131.8766077008663,
                43.1226721943583
              ],
              [
                131.87665487570678,
                43.122655393460214
              ],
              [
                131.87664322937925,
                43.12263784669789
              ],
              [
                131.87668139962724,
                43.12262425268486
              ],
              [
                131.87665042658054,
                43.12257758760334
              ],
              [
                131.87661704466404,
                43.12258947629142
              ],
              [
                131.8766030073965,
                43.122568327206835
              ],
              [
                131.87655002433638,
                43.122587196645995
              ],
              [
                131.87654600466342,
                43.122581140442
              ],
              [
                131.87655715913374,
                43.12257283428196
              ],
              [
                131.8765640707758,
                43.12256234039755
              ],
              [
                131.8765660041372,
                43.12255077542332
              ],
              [
                131.87656275349528,
                43.12253936996583
              ],
              [
                131.8765546647471,
                43.122529337657156
              ],
              [
                131.87654259860201,
                43.12252174601476
              ],
              [
                131.87652783899435,
                43.12251740284953
              ],
              [
                131.87651195646328,
                43.1225167703085
              ],
              [
                131.87650707642612,
                43.122508644504364
              ],
              [
                131.87659073253698,
                43.12248168651783
              ],
              [
                131.87653491772383,
                43.12238874869269
              ],
              [
                131.8764482577425,
                43.12241667466035
              ],
              [
                131.87644630603938,
                43.12241342484609
              ],
              [
                131.87645693920499,
                43.12240433267226
              ],
              [
                131.87646285108974,
                43.12239317104731
              ],
              [
                131.87646337174283,
                43.122381204841986
              ],
              [
                131.8764584421652,
                43.12236979010398
              ],
              [
                131.87644862099438,
                43.12236022038633
              ],
              [
                131.87643502119695,
                43.122353580158155
              ],
              [
                131.876419183943,
                43.12235062190977
              ],
              [
                131.87640290395683,
                43.1223516808786
              ],
              [
                131.8764010837962,
                43.122348505409114
              ],
              [
                131.87646093914967,
                43.12233009599737
              ],
              [
                131.8764475938171,
                43.12230681363137
              ],
              [
                131.8764816579275,
                43.122296336684975
              ],
              [
                131.87645480986248,
                43.122249497339254
              ],
              [
                131.87641750288583,
                43.122260971677406
              ],
              [
                131.876405768607,
                43.122240499916046
              ],
              [
                131.87634981553762,
                43.12225770911683
              ],
              [
                131.876347944355,
                43.122254444622854
              ],
              [
                131.87635872791404,
                43.12224525408907
              ],
              [
                131.876365102304,
                43.12223407108569
              ],
              [
                131.87636644244725,
                43.12222199223093
              ],
              [
                131.87636261693086,
                43.12221020199057
              ],
              [
                131.87635400089172,
                43.12219985652788
              ],
              [
                131.8763414392292,
                43.12219197032923
              ],
              [
                131.87632616375333,
                43.122187316722815
              ],
              [
                131.87630967239167,
                43.12218635204558
              ],
              [
                131.87630700446186,
                43.12218169989576
              ],
              [
                131.87638315298682,
                43.122158267329134
              ],
              [
                131.87638395853463,
                43.12215454157059
              ],
              [
                131.87633770366244,
                43.12206938439998
              ],
              [
                131.8762603776914,
                43.122093179290836
              ],
              [
                131.87626915937548,
                43.122082767770884
              ],
              [
                131.87627293065614,
                43.122070845167435
              ],
              [
                131.87627129487296,
                43.12205866550004
              ],
              [
                131.87626442408066,
                43.122047509825514
              ],
              [
                131.8762530409508,
                43.122038551496566
              ],
              [
                131.87623834276098,
                43.12203273274882
              ],
              [
                131.87622187546467,
                43.122030665597116
              ],
              [
                131.8762053710887,
                43.12203256746407
              ],
              [
                131.87619157482374,
                43.122039765550106
              ],
              [
                131.87618175195416,
                43.12204987346996
              ],
              [
                131.87617698330325,
                43.122061779038305
              ],
              [
                131.8761777935739,
                43.12207417227181
              ],
              [
                131.87618409361446,
                43.12208568952815
              ],
              [
                131.87619519022607,
                43.12209506354902
              ],
              [
                131.87620986243587,
                43.12210126289861
              ],
              [
                131.8762264958415,
                43.12210360545406
              ],
              [
                131.87621950702618,
                43.122105756058914
              ],
              [
                131.876269651239,
                43.122193194274345
              ],
              [
                131.87627403719554,
                43.12220084220702
              ],
              [
                131.8762689248165,
                43.12221002871588
              ],
              [
                131.8762668855419,
                43.12221983610298
              ],
              [
                131.87626803236347,
                43.122229720969344
              ],
              [
                131.8762723017404,
                43.12223913562281
              ],
              [
                131.87627945712026,
                43.122247558424085
              ],
              [
                131.87628910204447,
                43.12225452268946
              ],
              [
                131.87630070211537,
                43.12225964254844
              ],
              [
                131.87631361460583,
                43.12226263432384
              ],
              [
                131.87637590679037,
                43.12236525942694
              ],
              [
                131.87636977325343,
                43.12237367995811
              ],
              [
                131.87636692721347,
                43.12238299367719
              ],
              [
                131.8763675747853,
                43.12239252607529
              ],
              [
                131.87637166907248,
                43.12240158680628
              ],
              [
                131.87637891356397,
                43.12240951968238
              ],
              [
                131.8763887836068,
                43.12241575019602
              ],
              [
                131.87640056440202,
                43.1224198271264
              ],
              [
                131.87641340277116,
                43.12242145521765
              ],
              [
                131.87641665423996,
                43.12242686929874
              ],
              [
                131.87647246362033,
                43.12251979837538
              ],
              [
                131.87647932931895,
                43.12253123071474
              ],
              [
                131.8764726688721,
                43.1225394387843
              ],
              [
                131.8764691575005,
                43.12254863443247
              ],
              [
                131.8764690376922,
                43.122558182630705
              ],
              [
                131.87647231772218,
                43.12256742400406
              ],
              [
                131.8764787710812,
                43.12257572036583
              ],
              [
                131.87648795211692,
                43.12258249878932
              ],
              [
                131.87649922680967,
                43.12258729117276
              ],
              [
                131.87651181655644,
                43.122589766565476
              ]
            ]
          ]
        ]
      }
    },
    {
      "type": "Feature",
      "properties": {
        "fid": 25,
        "Layer": "2 - окн федерального значения",
        "Text": null
      },
      "geometry": {
        "type": "MultiPolygon",
        "coordinates": [
          [
            [
              [
                131.87940876040818,
                43.114360251832764
              ],
              [
                131.8793296804268,
                43.11430739416998
              ],
              [
                131.87925694172765,
                43.114362090374065
              ],
              [
                131.8793343842325,
                43.114414546562884
              ],
              [
                131.87940876040818,
                43.114360251832764
              ]
            ]
          ]
        ]
      }
    },
    {
      "type": "Feature",
      "properties": {
        "fid": 26,
        "Layer": "2 - окн федерального значения",
        "Text": null
      },
      "geometry": {
        "type": "MultiPolygon",
        "coordinates": [
          [
            [
              [
                131.87835855446605,
                43.11419558928542
              ],
              [
                131.87827765802135,
                43.11407324169505
              ],
              [
                131.87811237363024,
                43.11413506771674
              ],
              [
                131.8781858387214,
                43.1142561194568
              ],
              [
                131.87820314069745,
                43.11418839558917
              ],
              [
                131.87829209420033,
                43.11415655221088
              ],
              [
                131.87835855446605,
                43.11419558928542
              ]
            ]
          ]
        ]
      }
    },
    {
      "type": "Feature",
      "properties": {
        "fid": 27,
        "Layer": "2 - окн федерального значения",
        "Text": null
      },
      "geometry": {
        "type": "MultiPolygon",
        "coordinates": [
          [
            [
              [
                131.87784922261724,
                43.11401747332439
              ],
              [
                131.87781661407448,
                43.11399092959869
              ],
              [
                131.87766454564527,
                43.11405323166343
              ],
              [
                131.87768893757158,
                43.114081769437654
              ],
              [
                131.87784922261724,
                43.11401747332439
              ]
            ]
          ]
        ]
      }
    },
    {
      "type": "Feature",
      "properties": {
        "fid": 28,
        "Layer": "2 - окн федерального значения",
        "Text": null
      },
      "geometry": {
        "type": "MultiPolygon",
        "coordinates": [
          [
            [
              [
                131.8773777092032,
                43.11424444776275
              ],
              [
                131.87735151934885,
                43.1142186060227
              ],
              [
                131.87734101210424,
                43.11422391508551
              ],
              [
                131.87733614082208,
                43.11422783145512
              ],
              [
                131.87733292182412,
                43.11423188694132
              ],
              [
                131.8773315494497,
                43.11424518636564
              ],
              [
                131.87733571092687,
                43.11425031416734
              ],
              [
                131.87734377877229,
                43.11425357415839
              ],
              [
                131.8773503716152,
                43.11425417238883
              ],
              [
                131.8773577744525,
                43.1142534906726
              ],
              [
                131.87736760589172,
                43.11424965874082
              ],
              [
                131.8773777092032,
                43.11424444776275
              ]
            ]
          ]
        ]
      }
    },
    {
      "type": "Feature",
      "properties": {
        "fid": 29,
        "Layer": "2 - окн федерального значения",
        "Text": null
      },
      "geometry": {
        "type": "MultiPolygon",
        "coordinates": [
          [
            [
              [
                131.87691445003182,
                43.11389441051198
              ],
              [
                131.87684293694593,
                43.11395945367121
              ],
              [
                131.8769257814038,
                43.11401332211313
              ],
              [
                131.87700128347984,
                43.11394886714399
              ],
              [
                131.87691445003182,
                43.11389441051198
              ]
            ]
          ]
        ]
      }
    },
    {
      "type": "Feature",
      "properties": {
        "fid": 30,
        "Layer": "2 - окн федерального значения",
        "Text": null
      },
      "geometry": {
        "type": "MultiPolygon",
        "coordinates": [
          [
            [
              [
                131.87782095545992,
                43.113994541074504
              ],
              [
                131.8778578016478,
                43.114024433215526
              ],
              [
                131.8779191896281,
                43.11398493895539
              ],
              [
                131.87788234509586,
                43.11395421298055
              ],
              [
                131.87782095545992,
                43.113994541074504
              ]
            ]
          ]
        ]
      }
    },
    {
      "type": "Feature",
      "properties": {
        "fid": 31,
        "Layer": "2 - окн федерального значения",
        "Text": null
      },
      "geometry": {
        "type": "MultiPolygon",
        "coordinates": [
          [
            [
              [
                131.8800573741859,
                43.111691921505354
              ],
              [
                131.8801067298631,
                43.111583957071
              ],
              [
                131.8800084413479,
                43.11158385380743
              ],
              [
                131.8800573741859,
                43.111691921505354
              ]
            ]
          ]
        ]
      }
    },
    {
      "type": "Feature",
      "properties": {
        "fid": 32,
        "Layer": "2 - окн федерального значения",
        "Text": "406"
      },
      "geometry": {
        "type": "MultiPolygon",
        "coordinates": [
          [
            [
              [
                131.88126967045753,
                43.111256324667906
              ],
              [
                131.8813413453848,
                43.11141938671434
              ],
              [
                131.88163250021594,
                43.11135241827672
              ],
              [
                131.8816291309197,
                43.11134427717443
              ],
              [
                131.88163957855463,
                43.1113419476541
              ],
              [
                131.8815803948139,
                43.111196694387765
              ],
              [
                131.88156908683428,
                43.11119920303739
              ],
              [
                131.88156468423324,
                43.11118866688206
              ],
              [
                131.88126967045753,
                43.111256324667906
              ]
            ]
          ]
        ]
      }
    },
    {
      "type": "Feature",
      "properties": {
        "fid": 33,
        "Layer": "2 - окн федерального значения",
        "Text": "406"
      },
      "geometry": {
        "type": "MultiPolygon",
        "coordinates": [
          [
            [
              [
                131.88176846409536,
                43.11165775878949
              ],
              [
                131.88192579269548,
                43.11162326639854
              ],
              [
                131.88188666707288,
                43.111524751083216
              ],
              [
                131.88185962647532,
                43.111530573984794
              ],
              [
                131.8818092819085,
                43.11140397901694
              ],
              [
                131.8817769735591,
                43.111322737104004
              ],
              [
                131.88180204744293,
                43.11131736225333
              ],
              [
                131.88174286675837,
                43.111172655733824
              ],
              [
                131.88169286033576,
                43.11105009378709
              ],
              [
                131.88164075732402,
                43.11092248562566
              ],
              [
                131.88164886951665,
                43.11092069376441
              ],
              [
                131.88164495644654,
                43.11091114826851
              ],
              [
                131.8816369667667,
                43.11091312028367
              ],
              [
                131.88162901829486,
                43.110893759123314
              ],
              [
                131.88163762192104,
                43.11089196777242
              ],
              [
                131.8816339540515,
                43.11088269257106
              ],
              [
                131.8816253504265,
                43.110884483921716
              ],
              [
                131.8815746040687,
                43.110760122539645
              ],
              [
                131.88142145660868,
                43.1107936286469
              ],
              [
                131.88146335706165,
                43.11090826352495
              ],
              [
                131.8814911842873,
                43.11097754102067
              ],
              [
                131.88153221403994,
                43.11107823610073
              ],
              [
                131.88157611541888,
                43.111185978333545
              ],
              [
                131.88156468423324,
                43.11118866688206
              ],
              [
                131.88156908683428,
                43.11119920303739
              ],
              [
                131.8815803948139,
                43.111196694387765
              ],
              [
                131.88161158203155,
                43.111273046136226
              ],
              [
                131.88163957855463,
                43.1113419476541
              ],
              [
                131.8816291309197,
                43.11134427717443
              ],
              [
                131.88163304418853,
                43.11135373265679
              ],
              [
                131.881643368791,
                43.11135149302213
              ],
              [
                131.88167361220005,
                43.11142553702904
              ],
              [
                131.8816808705917,
                43.111443307497694
              ],
              [
                131.88173027447294,
                43.111564261022785
              ],
              [
                131.88176846409536,
                43.11165775878949
              ]
            ]
          ]
        ]
      }
    },
    {
      "type": "Feature",
      "properties": {
        "fid": 34,
        "Layer": "2 - окн федерального значения",
        "Text": "465"
      },
      "geometry": {
        "type": "MultiPolygon",
        "coordinates": [
          [
            [
              [
                131.85047540067546,
                43.083294944208404
              ],
              [
                131.85044477160983,
                43.083244826081845
              ],
              [
                131.8504410805294,
                43.083246127593426
              ],
              [
                131.85043710523624,
                43.08324757713953
              ],
              [
                131.8504325492515,
                43.08324885201095
              ],
              [
                131.8504255348945,
                43.08325020846683
              ],
              [
                131.85042071036227,
                43.08325088505236
              ],
              [
                131.85041653531513,
                43.08325120604676
              ],
              [
                131.85041171259056,
                43.08325131848957
              ],
              [
                131.8504100612433,
                43.08325120700944
              ],
              [
                131.85040608697935,
                43.08324293436208
              ],
              [
                131.8503983048735,
                43.08324228637483
              ],
              [
                131.8503931887964,
                43.0832415040165
              ],
              [
                131.85038613171037,
                43.083240331203974
              ],
              [
                131.85037858521466,
                43.083238281387814
              ],
              [
                131.85037317773958,
                43.083236335077736
              ],
              [
                131.8503666561629,
                43.08323274953265
              ],
              [
                131.85035995888674,
                43.08322881890991
              ],
              [
                131.8503547919508,
                43.08322476109825
              ],
              [
                131.85034973860834,
                43.08322007866897
              ],
              [
                131.85034592355564,
                43.08321632441067
              ],
              [
                131.8503422876725,
                43.083211492781246
              ],
              [
                131.85033882893717,
                43.08320552580658
              ],
              [
                131.85033689761067,
                43.08320134304002
              ],
              [
                131.8503359097196,
                43.08319568009152
              ],
              [
                131.8503353940868,
                43.08319011995709
              ],
              [
                131.85033535121502,
                43.08318356929656
              ],
              [
                131.85033599852898,
                43.08317824886561
              ],
              [
                131.85033757256352,
                43.0831726240567
              ],
              [
                131.85034120919622,
                43.08316508177134
              ],
              [
                131.85032504421443,
                43.08316018287545
              ],
              [
                131.85032091816606,
                43.08316010889684
              ],
              [
                131.8503086200656,
                43.0831652108286
              ],
              [
                131.8503060324047,
                43.083166321813664
              ],
              [
                131.850303762067,
                43.0831742877548
              ],
              [
                131.8503025227939,
                43.08318263302083
              ],
              [
                131.8503022278908,
                43.083187873250324
              ],
              [
                131.8503026838654,
                43.083193232394365
              ],
              [
                131.85030346737514,
                43.083198776813596
              ],
              [
                131.8503046260808,
                43.083204480400624
              ],
              [
                131.85030583577776,
                43.083208260397235
              ],
              [
                131.85030742984665,
                43.083212162968806
              ],
              [
                131.85031027658275,
                43.08321766255535
              ],
              [
                131.8503121442069,
                43.083220996868555
              ],
              [
                131.85031575182657,
                43.08322623906514
              ],
              [
                131.850320287124,
                43.08323167229228
              ],
              [
                131.85032562464482,
                43.08323746218365
              ],
              [
                131.85033077178196,
                43.083241831194336
              ],
              [
                131.85033606115252,
                43.083245719559706
              ],
              [
                131.85034243798032,
                43.083249930179974
              ],
              [
                131.85035199235898,
                43.08325457974858
              ],
              [
                131.85035917789668,
                43.08325755232985
              ],
              [
                131.8503666742753,
                43.083260103948476
              ],
              [
                131.8503804501152,
                43.08326420964139
              ],
              [
                131.85039330677762,
                43.08326694567204
              ],
              [
                131.85040788576612,
                43.08326854473575
              ],
              [
                131.85041840003547,
                43.08326833871072
              ],
              [
                131.8504418433707,
                43.083306502662715
              ],
              [
                131.8504480836041,
                43.08330356074001
              ],
              [
                131.85046031170194,
                43.08329926911604
              ],
              [
                131.85047540067546,
                43.083294944208404
              ]
            ]
          ]
        ]
      }
    },
    {
      "type": "Feature",
      "properties": {
        "fid": 35,
        "Layer": "2 - окн федерального значения",
        "Text": "465"
      },
      "geometry": {
        "type": "MultiPolygon",
        "coordinates": [
          [
            [
              [
                131.85044178531817,
                43.08327593748907
              ],
              [
                131.85044175241316,
                43.08328943954675
              ],
              [
                131.85045783388142,
                43.08328946060183
              ],
              [
                131.85045786678293,
                43.08327595854417
              ],
              [
                131.85044178531817,
                43.08327593748907
              ]
            ]
          ]
        ]
      }
    },
    {
      "type": "Feature",
      "properties": {
        "fid": 36,
        "Layer": "2 - окн федерального значения",
        "Text": null
      },
      "geometry": {
        "type": "MultiPolygon",
        "coordinates": [
          [
            [
              [
                131.8503256284396,
                43.08321741663465
              ],
              [
                131.85032559550905,
                43.083230918692394
              ],
              [
                131.85034167696196,
                43.0832309397638
              ],
              [
                131.85034170988885,
                43.08321743770606
              ],
              [
                131.8503256284396,
                43.08321741663465
              ]
            ]
          ]
        ]
      }
    },
    {
      "type": "Feature",
      "properties": {
        "fid": 37,
        "Layer": "2 - окн федерального значения",
        "Text": "465"
      },
      "geometry": {
        "type": "MultiPolygon",
        "coordinates": [
          [
            [
              [
                131.850435136394,
                43.08333335304246
              ],
              [
                131.85044953962998,
                43.08335434430268
              ],
              [
                131.85042907807582,
                43.083361608492936
              ],
              [
                131.85046478012825,
                43.08341121682156
              ],
              [
                131.8504851462911,
                43.0834033280652
              ],
              [
                131.85049958952285,
                43.08342443382336
              ],
              [
                131.8506183174129,
                43.08338066323477
              ],
              [
                131.8505533768523,
                43.083290157444594
              ],
              [
                131.850435136394,
                43.08333335304246
              ]
            ]
          ]
        ]
      }
    },
    {
      "type": "Feature",
      "properties": {
        "fid": 38,
        "Layer": "2 - окн федерального значения",
        "Text": "465"
      },
      "geometry": {
        "type": "MultiPolygon",
        "coordinates": [
          [
            [
              [
                131.85029625644006,
                43.08302040851236
              ],
              [
                131.85032363348216,
                43.08307578756337
              ],
              [
                131.85043838513278,
                43.08304554014722
              ],
              [
                131.85041306321256,
                43.08299100938365
              ],
              [
                131.85029625644006,
                43.08302040851236
              ]
            ]
          ]
        ]
      }
    },
    {
      "type": "Feature",
      "properties": {
        "fid": 39,
        "Layer": "2 - окн федерального значения",
        "Text": "466"
      },
      "geometry": {
        "type": "MultiPolygon",
        "coordinates": [
          [
            [
              [
                131.8425118565356,
                43.080086969587924
              ],
              [
                131.84260109959496,
                43.08006606913524
              ],
              [
                131.84258522827196,
                43.08002583563446
              ],
              [
                131.8425853786254,
                43.080022814565474
              ],
              [
                131.84258652965332,
                43.080017814692795
              ],
              [
                131.8425890993138,
                43.08001365062123
              ],
              [
                131.84259280634285,
                43.0800108425099
              ],
              [
                131.84259892813614,
                43.080008662705715
              ],
              [
                131.8426047638864,
                43.08000783690015
              ],
              [
                131.84261258337816,
                43.08000888957686
              ],
              [
                131.84261670516088,
                43.08001014602506
              ],
              [
                131.8426212504878,
                43.08001306913015
              ],
              [
                131.84262550686236,
                43.080017451472784
              ],
              [
                131.8426356830927,
                43.08004382717854
              ],
              [
                131.84264592987967,
                43.08004165305413
              ],
              [
                131.84263843782992,
                43.08002309572503
              ],
              [
                131.84264356082022,
                43.08002216531206
              ],
              [
                131.84264044157675,
                43.08001820145965
              ],
              [
                131.8426341982822,
                43.08001214949738
              ],
              [
                131.84262979716434,
                43.08000860080193
              ],
              [
                131.84261971329187,
                43.08000285603797
              ],
              [
                131.84261175389764,
                43.07999971936277
              ],
              [
                131.84260066802003,
                43.079996473946025
              ],
              [
                131.84259355681016,
                43.07999521337809
              ],
              [
                131.8424521917152,
                43.080027321545614
              ],
              [
                131.8424463457999,
                43.080032106075485
              ],
              [
                131.84243621780837,
                43.08004355385027
              ],
              [
                131.84243205582683,
                43.08005075642764
              ],
              [
                131.84242876827815,
                43.080057837157966
              ],
              [
                131.84242846541315,
                43.08006471394836
              ],
              [
                131.8424321649969,
                43.080063781581444
              ],
              [
                131.84243499336745,
                43.08007097518078
              ],
              [
                131.84243769601812,
                43.080070561985366
              ],
              [
                131.84244377449446,
                43.08008526225538
              ],
              [
                131.8424548779979,
                43.080082672406554
              ],
              [
                131.84244752620012,
                43.08006505272844
              ],
              [
                131.84244910936795,
                43.08005734466704
              ],
              [
                131.84245211484694,
                43.08005109658386
              ],
              [
                131.84245682206097,
                43.08004547663701
              ],
              [
                131.8424626682447,
                43.08004058767383
              ],
              [
                131.8424952250908,
                43.080047613398946
              ],
              [
                131.8425118565356,
                43.080086969587924
              ]
            ]
          ]
        ]
      }
    },
    {
      "type": "Feature",
      "properties": {
        "fid": 40,
        "Layer": "2 - окн федерального значения",
        "Text": "465"
      },
      "geometry": {
        "type": "MultiPolygon",
        "coordinates": [
          [
            [
              [
                131.85021208119983,
                43.082869517415496
              ],
              [
                131.85016757907744,
                43.08280039643923
              ],
              [
                131.85016200815886,
                43.08280220105817
              ],
              [
                131.85016198626963,
                43.08280215877079
              ],
              [
                131.85015636107488,
                43.08280364860898
              ],
              [
                131.8501563750202,
                43.08280367845104
              ],
              [
                131.8501509344441,
                43.082804896728916
              ],
              [
                131.85015096024148,
                43.08280497497223
              ],
              [
                131.85014129228898,
                43.082805680607045
              ],
              [
                131.85012621970984,
                43.0828058527227
              ],
              [
                131.85012609204372,
                43.08279955860019
              ],
              [
                131.8501185180817,
                43.082798260429286
              ],
              [
                131.85010470988212,
                43.08279540904001
              ],
              [
                131.85009504849816,
                43.08279145007375
              ],
              [
                131.8500867718689,
                43.08278648098937
              ],
              [
                131.85007765970437,
                43.082778723836796
              ],
              [
                131.850071596072,
                43.082772442288274
              ],
              [
                131.85006691812745,
                43.082764543573404
              ],
              [
                131.85006458529682,
                43.08275549249375
              ],
              [
                131.85006433251885,
                43.08274598041789
              ],
              [
                131.85006601127859,
                43.0827373817294
              ],
              [
                131.85006837642592,
                43.08273050400958
              ],
              [
                131.85007337023856,
                43.08272231437237
              ],
              [
                131.8500818711715,
                43.08271423669243
              ],
              [
                131.8500750120535,
                43.08270970700115
              ],
              [
                131.8500828909828,
                43.08270416203079
              ],
              [
                131.8500887977248,
                43.08270128929219
              ],
              [
                131.85009976419903,
                43.08269677709318
              ],
              [
                131.85010763513102,
                43.08269472998138
              ],
              [
                131.85005554931774,
                43.08259860283438
              ],
              [
                131.8500399832279,
                43.082588061968096
              ],
              [
                131.85003316597354,
                43.08259331909579
              ],
              [
                131.8500797746233,
                43.08268015875653
              ],
              [
                131.85006485464982,
                43.08268597229396
              ],
              [
                131.85004871137764,
                43.08269819540661
              ],
              [
                131.85004033068716,
                43.08270867952501
              ],
              [
                131.85003134570456,
                43.0827222239254
              ],
              [
                131.8500283179215,
                43.082740149115494
              ],
              [
                131.85002827517656,
                43.08275764092367
              ],
              [
                131.85003360784032,
                43.08277339059556
              ],
              [
                131.8500419297717,
                43.082786957717786
              ],
              [
                131.85005383248975,
                43.08280052954009
              ],
              [
                131.85007290202134,
                43.08281192428392
              ],
              [
                131.85009675232268,
                43.08282070152393
              ],
              [
                131.850123001543,
                43.08282467163697
              ],
              [
                131.85014090528873,
                43.08282469512762
              ],
              [
                131.8501676573463,
                43.08286714799502
              ],
              [
                131.85015629385853,
                43.082875605830544
              ],
              [
                131.8501461185095,
                43.082887836785304
              ],
              [
                131.85013892710936,
                43.08290007165409
              ],
              [
                131.85013531964896,
                43.082910999332015
              ],
              [
                131.8501328993767,
                43.08292455235282
              ],
              [
                131.85013407052284,
                43.08293373711703
              ],
              [
                131.85013583634452,
                43.08294379726362
              ],
              [
                131.85013880537494,
                43.08294992331078
              ],
              [
                131.85014593591663,
                43.082962614259834
              ],
              [
                131.85015664722923,
                43.08297530991636
              ],
              [
                131.85016907696578,
                43.08298314416813
              ],
              [
                131.85021691858543,
                43.08298320691341
              ],
              [
                131.85021910542181,
                43.08297582383255
              ],
              [
                131.85020789238945,
                43.08297140393671
              ],
              [
                131.85019735540735,
                43.08296663553749
              ],
              [
                131.8501876326252,
                43.082960560769266
              ],
              [
                131.85018083311928,
                43.08295389551189
              ],
              [
                131.8501753355476,
                43.08294568676007
              ],
              [
                131.8501722677438,
                43.082939263978396
              ],
              [
                131.85017130994646,
                43.08293272535808
              ],
              [
                131.85017069346563,
                43.08291970977021
              ],
              [
                131.85017429285102,
                43.082907709433535
              ],
              [
                131.85017934327973,
                43.08289975209841
              ],
              [
                131.85018617727857,
                43.08289251040017
              ],
              [
                131.85018782025526,
                43.08289143541875
              ],
              [
                131.85018108699347,
                43.08288468525228
              ],
              [
                131.8501911161371,
                43.082877775574744
              ],
              [
                131.85019690160067,
                43.08287476875947
              ],
              [
                131.85019689121762,
                43.082874756152165
              ],
              [
                131.85020267010447,
                43.082872292626675
              ],
              [
                131.85020261137367,
                43.082872208918985
              ],
              [
                131.85021208119983,
                43.082869517415496
              ]
            ]
          ]
        ]
      }
    },
    {
      "type": "Feature",
      "properties": {
        "fid": 41,
        "Layer": "2 - окн федерального значения",
        "Text": null
      },
      "geometry": {
        "type": "MultiPolygon",
        "coordinates": [
          [
            [
              [
                131.85004945450237,
                43.082719855681304
              ],
              [
                131.8500494215118,
                43.08273335774005
              ],
              [
                131.85006550283438,
                43.082733378850065
              ],
              [
                131.85006553582141,
                43.0827198767913
              ],
              [
                131.85004945450237,
                43.082719855681304
              ]
            ]
          ]
        ]
      }
    },
    {
      "type": "Feature",
      "properties": {
        "fid": 42,
        "Layer": "2 - окн федерального значения",
        "Text": null
      },
      "geometry": {
        "type": "MultiPolygon",
        "coordinates": [
          [
            [
              [
                131.85014860897388,
                43.08291132081062
              ],
              [
                131.85014857600487,
                43.08292482286897
              ],
              [
                131.85016465737755,
                43.08292484396513
              ],
              [
                131.850164690343,
                43.08291134190676
              ],
              [
                131.85014860897388,
                43.08291132081062
              ]
            ]
          ]
        ]
      }
    },
    {
      "type": "Feature",
      "properties": {
        "fid": 43,
        "Layer": "2 - окн федерального значения",
        "Text": "465"
      },
      "geometry": {
        "type": "MultiPolygon",
        "coordinates": [
          [
            [
              [
                131.850435136394,
                43.08333335304246
              ],
              [
                131.85044953962998,
                43.08335434430268
              ],
              [
                131.85042907807582,
                43.083361608492936
              ],
              [
                131.85046478012825,
                43.08341121682156
              ],
              [
                131.8504851462911,
                43.0834033280652
              ],
              [
                131.85049958952285,
                43.08342443382336
              ],
              [
                131.8506183174129,
                43.08338066323477
              ],
              [
                131.8505533768523,
                43.083290157444594
              ],
              [
                131.850435136394,
                43.08333335304246
              ]
            ]
          ]
        ]
      }
    },
    {
      "type": "Feature",
      "properties": {
        "fid": 44,
        "Layer": "2 - окн федерального значения",
        "Text": "465"
      },
      "geometry": {
        "type": "MultiPolygon",
        "coordinates": [
          [
            [
              [
                131.84987806735535,
                43.082577209793605
              ],
              [
                131.8498527606133,
                43.08260034932723
              ],
              [
                131.8499486048702,
                43.08265899020991
              ],
              [
                131.8499663016938,
                43.082644881435485
              ],
              [
                131.8500399832279,
                43.082588061968096
              ],
              [
                131.8500547895262,
                43.08259808832767
              ],
              [
                131.85010455444703,
                43.08256086741725
              ],
              [
                131.85012632128982,
                43.08257776355564
              ],
              [
                131.85016152363602,
                43.082550288953115
              ],
              [
                131.84999701303985,
                43.082443245023036
              ],
              [
                131.8499589728584,
                43.0824751546868
              ],
              [
                131.8499791379566,
                43.0824864262258
              ],
              [
                131.84987806735535,
                43.082577209793605
              ]
            ]
          ]
        ]
      }
    },
    {
      "type": "Feature",
      "properties": {
        "fid": 45,
        "Layer": "2 - окн федерального значения",
        "Text": "465"
      },
      "geometry": {
        "type": "MultiPolygon",
        "coordinates": [
          [
            [
              [
                131.84987392049584,
                43.08235968018192
              ],
              [
                131.84988616674377,
                43.082285738417546
              ],
              [
                131.8498513900023,
                43.08228220502195
              ],
              [
                131.8498502749413,
                43.082288910504836
              ],
              [
                131.84974631002868,
                43.08227938443343
              ],
              [
                131.84974259777115,
                43.08230003577693
              ],
              [
                131.84967225739243,
                43.0822932047083
              ],
              [
                131.84962512598207,
                43.08228862754128
              ],
              [
                131.84961627614075,
                43.08234793905316
              ],
              [
                131.84987189092985,
                43.08237193450402
              ],
              [
                131.84987392049584,
                43.08235968018192
              ]
            ]
          ]
        ]
      }
    },
    {
      "type": "Feature",
      "properties": {
        "fid": 46,
        "Layer": "2 - окн федерального значения",
        "Text": "465"
      },
      "geometry": {
        "type": "MultiPolygon",
        "coordinates": [
          [
            [
              [
                131.85046031170194,
                43.08329926911604
              ],
              [
                131.8504480836041,
                43.08330356074001
              ],
              [
                131.85043351564943,
                43.08331229036429
              ],
              [
                131.85041938335556,
                43.08332919471001
              ],
              [
                131.85041129534076,
                43.08334808549102
              ],
              [
                131.85040919210934,
                43.083367824562856
              ],
              [
                131.85041121714255,
                43.08338161431216
              ],
              [
                131.85041690599365,
                43.083394842039084
              ],
              [
                131.85042856174536,
                43.083410489018775
              ],
              [
                131.8504442708223,
                43.083424099126084
              ],
              [
                131.85046167327144,
                43.08343357352855
              ],
              [
                131.85048142533745,
                43.08344012039646
              ],
              [
                131.85050515015885,
                43.08344403603655
              ],
              [
                131.85052946310427,
                43.08344442755275
              ],
              [
                131.85055052296244,
                43.083440975184885
              ],
              [
                131.85056056273734,
                43.08343800217556
              ],
              [
                131.8505654787427,
                43.083436359627655
              ],
              [
                131.85055513640725,
                43.083424409285655
              ],
              [
                131.85058925884556,
                43.08340806292174
              ],
              [
                131.8505950630906,
                43.08341446890168
              ],
              [
                131.8506020688703,
                43.083407259090635
              ],
              [
                131.8506122168941,
                43.08339452184015
              ],
              [
                131.85062084900318,
                43.08337490184763
              ],
              [
                131.85062284062818,
                43.083361669498004
              ],
              [
                131.85062198742037,
                43.08334837156282
              ],
              [
                131.85061961920775,
                43.08333964754365
              ],
              [
                131.85061374002234,
                43.0833287180889
              ],
              [
                131.8506097977857,
                43.0833235698366
              ],
              [
                131.8506012009233,
                43.083313498879924
              ],
              [
                131.85058794217656,
                43.08330256594976
              ],
              [
                131.85058144175838,
                43.08329904742689
              ],
              [
                131.85056750508932,
                43.08329288321836
              ],
              [
                131.85056026572298,
                43.083290267909355
              ],
              [
                131.85054496032285,
                43.08328684341034
              ],
              [
                131.85053693959816,
                43.08328611841799
              ],
              [
                131.85052078009286,
                43.08328610017765
              ],
              [
                131.85050886083656,
                43.08328742165078
              ],
              [
                131.85050493625778,
                43.083288083772985
              ],
              [
                131.85050774297923,
                43.08329545296309
              ],
              [
                131.85048207600818,
                43.08330469065359
              ],
              [
                131.85047540067546,
                43.083294944208404
              ],
              [
                131.85046031170194,
                43.08329926911604
              ]
            ]
          ]
        ]
      }
    },
    {
      "type": "Feature",
      "properties": {
        "fid": 47,
        "Layer": "2 - окн федерального значения",
        "Text": "467"
      },
      "geometry": {
        "type": "MultiPolygon",
        "coordinates": [
          [
            [
              [
                131.8633185010703,
                43.09959604076642
              ],
              [
                131.86331117892956,
                43.099602228407875
              ],
              [
                131.86330872716152,
                43.09961396582096
              ],
              [
                131.86341035751542,
                43.09972730203775
              ],
              [
                131.8634240004895,
                43.099734592457715
              ],
              [
                131.8634381547344,
                43.09973533679434
              ],
              [
                131.86360830270934,
                43.09965610349949
              ],
              [
                131.86361417468666,
                43.099639680239235
              ],
              [
                131.86358536361476,
                43.099603962916404
              ],
              [
                131.86362649930462,
                43.09958614491117
              ],
              [
                131.8635859598586,
                43.099535887785116
              ],
              [
                131.86354594461972,
                43.0995556671684
              ],
              [
                131.8635096473929,
                43.09951623531305
              ],
              [
                131.8635063785896,
                43.09951557992057
              ],
              [
                131.8634928779389,
                43.099513381851736
              ],
              [
                131.8633185010703,
                43.09959604076642
              ]
            ]
          ]
        ]
      }
    },
    {
      "type": "Feature",
      "properties": {
        "fid": 48,
        "Layer": "2 - окн федерального значения",
        "Text": "467"
      },
      "geometry": {
        "type": "MultiPolygon",
        "coordinates": [
          [
            [
              [
                131.8633376785046,
                43.09995568168783
              ],
              [
                131.86346341230657,
                43.10026507509967
              ],
              [
                131.86359613017237,
                43.10057195871272
              ],
              [
                131.86365400935955,
                43.10055852571025
              ],
              [
                131.86352633720992,
                43.10026539920379
              ],
              [
                131.86363881743222,
                43.10024166995997
              ],
              [
                131.86363351327444,
                43.100224655790015
              ],
              [
                131.86352151475404,
                43.100246632183094
              ],
              [
                131.8634167679327,
                43.099975208486164
              ],
              [
                131.86353434856363,
                43.099883088956155
              ],
              [
                131.8635173166211,
                43.09987083676374
              ],
              [
                131.8634054526875,
                43.09995466529546
              ],
              [
                131.86340115532244,
                43.09994325000478
              ],
              [
                131.8633376785046,
                43.09995568168783
              ]
            ]
          ]
        ]
      }
    },
    {
      "type": "Feature",
      "properties": {
        "fid": 49,
        "Layer": "2 - окн федерального значения",
        "Text": null
      },
      "geometry": {
        "type": "MultiPolygon",
        "coordinates": [
          [
            [
              [
                131.84891313197076,
                43.082173363420345
              ],
              [
                131.84891810119674,
                43.08218943045297
              ],
              [
                131.84893155629433,
                43.082202626900425
              ],
              [
                131.84895117075692,
                43.082210670974646
              ],
              [
                131.8489735530621,
                43.08221217178
              ],
              [
                131.8489948330989,
                43.08220686981326
              ],
              [
                131.8490113313503,
                43.082195681834214
              ],
              [
                131.84902019511847,
                43.082180542348596
              ],
              [
                131.849019891782,
                43.08216406911274
              ],
              [
                131.8490104737975,
                43.0821491104987
              ],
              [
                131.8489935696246,
                43.082138252984755
              ],
              [
                131.84897210214723,
                43.082133373931164
              ],
              [
                131.84894978328137,
                43.08213531696932
              ],
              [
                131.84893047215522,
                43.08214374613096
              ],
              [
                131.84891750783467,
                43.08215720393965
              ],
              [
                131.84891313197076,
                43.082173363420345
              ]
            ]
          ]
        ]
      }
    },
    {
      "type": "Feature",
      "properties": {
        "fid": 50,
        "Layer": "2 - окн федерального значения",
        "Text": "465"
      },
      "geometry": {
        "type": "MultiPolygon",
        "coordinates": [
          [
            [
              [
                131.85034166591618,
                43.08318884187993
              ],
              [
                131.8503466469851,
                43.08320701058914
              ],
              [
                131.8503602458597,
                43.083222633487814
              ],
              [
                131.85038062593992,
                43.08323360061428
              ],
              [
                131.8504050347807,
                43.08323843079464
              ],
              [
                131.85043017582575,
                43.0832364716849
              ],
              [
                131.85045265363004,
                43.083227987874395
              ],
              [
                131.85046943243708,
                43.08321412515112
              ],
              [
                131.85047824617703,
                43.083196755755466
              ],
              [
                131.8504779045115,
                43.0831782255224
              ],
              [
                131.85046845359216,
                43.08316103706241
              ],
              [
                131.8504511698237,
                43.08314751177021
              ],
              [
                131.85042838747526,
                43.08313947630856
              ],
              [
                131.8504031834242,
                43.083138015908965
              ],
              [
                131.85037896160935,
                43.083143327806084
              ],
              [
                131.85035899331464,
                43.08315469460044
              ],
              [
                131.85034597536705,
                43.08317058114624
              ],
              [
                131.85034166591618,
                43.08318884187993
              ]
            ]
          ]
        ]
      }
    },
    {
      "type": "Feature",
      "properties": {
        "fid": 51,
        "Layer": "2 - окн федерального значения",
        "Text": "465"
      },
      "geometry": {
        "type": "MultiPolygon",
        "coordinates": [
          [
            [
              [
                131.85034166591618,
                43.08318884187993
              ],
              [
                131.8503466469851,
                43.08320701058914
              ],
              [
                131.8503602458597,
                43.083222633487814
              ],
              [
                131.85038062593992,
                43.08323360061428
              ],
              [
                131.8504050347807,
                43.08323843079464
              ],
              [
                131.85043017582575,
                43.0832364716849
              ],
              [
                131.85045265363004,
                43.083227987874395
              ],
              [
                131.85046943243708,
                43.08321412515112
              ],
              [
                131.85047824617703,
                43.083196755755466
              ],
              [
                131.8504779045115,
                43.0831782255224
              ],
              [
                131.85046845359216,
                43.08316103706241
              ],
              [
                131.8504511698237,
                43.08314751177021
              ],
              [
                131.85042838747526,
                43.08313947630856
              ],
              [
                131.8504031834242,
                43.083138015908965
              ],
              [
                131.85037896160935,
                43.083143327806084
              ],
              [
                131.85035899331464,
                43.08315469460044
              ],
              [
                131.85034597536705,
                43.08317058114624
              ],
              [
                131.85034166591618,
                43.08318884187993
              ]
            ]
          ]
        ]
      }
    },
    {
      "type": "Feature",
      "properties": {
        "fid": 52,
        "Layer": "2 - окн федерального значения",
        "Text": "465"
      },
      "geometry": {
        "type": "MultiPolygon",
        "coordinates": [
          [
            [
              [
                131.85034166591618,
                43.08318884187993
              ],
              [
                131.8503466469851,
                43.08320701058914
              ],
              [
                131.8503602458597,
                43.083222633487814
              ],
              [
                131.85038062593992,
                43.08323360061428
              ],
              [
                131.8504050347807,
                43.08323843079464
              ],
              [
                131.85043017582575,
                43.0832364716849
              ],
              [
                131.85045265363004,
                43.083227987874395
              ],
              [
                131.85046943243708,
                43.08321412515112
              ],
              [
                131.85047824617703,
                43.083196755755466
              ],
              [
                131.8504779045115,
                43.0831782255224
              ],
              [
                131.85046845359216,
                43.08316103706241
              ],
              [
                131.8504511698237,
                43.08314751177021
              ],
              [
                131.85042838747526,
                43.08313947630856
              ],
              [
                131.8504031834242,
                43.083138015908965
              ],
              [
                131.85037896160935,
                43.083143327806084
              ],
              [
                131.85035899331464,
                43.08315469460044
              ],
              [
                131.85034597536705,
                43.08317058114624
              ],
              [
                131.85034166591618,
                43.08318884187993
              ]
            ]
          ]
        ]
      }
    }
  ]
}